time,untagged,untagged_relative,overclaimed,overclaimed_relative,orphaned,orphaned_relative,orphaned_volume_fraction,nonpositive_mass,nonpositive_mass_fraction,source_negative,source_negative_relative,source_minimum,repair_moved,repair_moved_relative,repair_gross,repair_gross_relative,repair_events,increment_left,increment_left_relative,increment_left_net_abs,increment_left_net_abs_relative,increment_moved_net_abs,increment_moved_net_abs_relative
0.0,4.111511009645985e-9,3.686863348880568e-18,3.1401742667767635e-9,2.8158488171661283e-18,0.0,0.0,0.0,0.0,0.0,-0.0,-0.0,0.0,0.0,0.0,0.0,0.0,0.0,0.0,0.0,0.0,0.0,0.0,0.0
21600.0,2.0011257933759167e-6,1.7944064684805696e-15,4.655055762813819e-6,4.174181453050576e-15,0.0,0.0,0.0,0.0,0.0,-0.0,-0.0,5.5428915461853875e-226,12984.49999331558,1.1643181480702909e-5,12984.499993315583,1.1643181480702912e-5,1010.0,-8.392849060820001e-7,-7.525855042980495e-16,1.2073424657897884e-6,1.0826221607136626e-15,1.625113832749478e7,0.01457237112807088
43200.0,5.365242542479034e-6,4.805932951285408e-15,6.823690639914269e-6,6.112342440457331e-15,0.0,0.0,0.0,0.0,0.0,-0.0,-0.0,8.346778787085062e-56,15717.478791525666,1.4078981264548847e-5,15717.478791525667,1.4078981264548849e-5,1446.0,9.42258207317695e-7,8.440307649306841e-16,2.9181644662997183e-6,2.6139550364818974e-15,2.405797216615157e7,0.02155000454480699
64800.0,8.45557698302385e-6,7.566527312088342e-15,7.473417852477521e-6,6.687635912835999e-15,0.0,0.0,0.0,0.0,0.0,-0.0,-0.0,2.2742872357395455e-53,15717.478791525666,1.4064886735939587e-5,15717.478791525667,1.4064886735939589e-5,1446.0,5.215778557959969e-6,4.667372905697964e-15,6.803296926137628e-6,6.08797390257547e-15,2.8317169666945603e7,0.025339800952218366
86400.0,8.867433509431928e-6,7.9265664936052e-15,1.02181039583137e-5,9.133925884867759e-15,0.0,0.0,0.0,0.0,0.0,-0.0,-0.0,0.0,19059.448530695227,1.70371715727339e-5,19059.44853069523,1.7037171572733905e-5,2355.0,2.274140615796226e-6,2.0328460075560086e-15,6.230374182986399e-6,5.569308773384492e-15,3.2132605079605494e7,0.028723218562093967
108000.0,1.3203499795701147e-5,1.1788178847444202e-14,1.1367546159878799e-5,1.014902633867257e-14,0.0,0.0,0.0,0.0,0.0,-0.0,-0.0,2.4006834748175234e-44,24710.321531398356,2.2061551414179936e-5,24710.32153139836,2.206155141417994e-5,3000.0,8.484006402325973e-6,7.574581464078352e-15,9.442396208498732e-6,8.430238722800787e-15,3.626794774868812e7,0.03238028258465948
129600.0,1.3091562444937884e-5,1.1670265643268114e-14,1.265838108988975e-5,1.1284112996753616e-14,0.0,0.0,0.0,0.0,0.0,-0.0,-0.0,0.0,90800.81328194283,8.094294444089085e-5,90800.81328194284,8.094294444089086e-5,4001.0,9.123671881479346e-6,8.133152551248817e-15,9.730608817025274e-6,8.674196853357379e-15,3.8052350918518476e7,0.03392116452392441
151200.0,1.633979282149556e-5,1.4560731709196847e-14,1.1955766596408723e-5,1.065403409271325e-14,0.0,0.0,0.0,0.0,0.0,-0.0,-0.0,2.7673379179196843e-32,161293.7831904257,0.0001437322693778312,161293.78319042572,0.00014373226937783122,4678.0,1.2326962555828495e-5,1.0984814588873453e-14,1.2820934681381749e-5,1.1425003498890753e-14,4.3883329389735594e7,0.03910535419455634
172800.0,1.4004252501118445e-5,1.2476518412128252e-14,1.5057642680957492e-5,1.3414993491242066e-14,0.0,0.0,0.0,0.0,0.0,-0.0,-0.0,2.9590605950129194e-30,161293.7831904257,0.0001436981270922136,161293.78319042572,0.00014369812709221362,4678.0,7.996063561881316e-6,7.123767173320569e-15,8.964345118915719e-6,7.986418191180973e-15,4.5698296025897674e7,0.04071303568144493
194400.0,1.338494203314453e-5,1.1925110820772053e-14,1.4536391463639598e-5,1.2950977203246229e-14,0.0,0.0,0.0,0.0,0.0,-0.0,-0.0,3.401192156823537e-30,161293.7831904257,0.0001437022464859738,161293.78319042572,0.00014370224648597383,4678.0,5.617810515454032e-6,5.005102958309128e-15,7.489593559701409e-6,6.6727396338971895e-15,4.791136469839775e7,0.04268590272471968
216000.0,1.5392393508474413e-5,1.3699815492108035e-14,1.521565061525262e-5,1.3542507596792935e-14,0.0,0.0,0.0,0.0,0.0,-0.0,-0.0,6.885269615703168e-30,161293.7831904257,0.0001435575999610679,161293.78319042572,0.00014355759996106794,4678.0,7.374495824847083e-6,6.563581686766492e-15,9.970866715728798e-6,8.874450502235406e-15,5.023411289706103e7,0.0447102705450304
237600.0,1.375847868745838e-5,1.222914261880616e-14,1.6345455133773307e-5,1.4528561372299306e-14,0.0,0.0,0.0,0.0,0.0,-0.0,-0.0,2.6865381699315495e-28,161293.7831904257,0.00014336502770183053,161293.78319042572,0.00014336502770183056,4678.0,5.965050763473618e-6,5.302000182726097e-15,9.05480888831864e-6,8.048313465224989e-15,5.262239248904561e7,0.04677310313951668
259200.0,1.211970667849075e-5,1.076836432454093e-14,1.9520181513263414e-5,1.734368923210319e-14,0.0,0.0,0.0,0.0,0.0,-0.0,-0.0,6.787334385768138e-27,161293.7831904257,0.000143309592117481,161293.78319042572,0.00014330959211748102,4678.0,2.3348954686905707e-6,2.074555575771644e-15,9.496445688056253e-6,8.43759586514514e-15,5.4450389307050295e7,0.048379193096480255
280800.0,1.0818094074013769e-5,9.614595036698357e-15,2.1830547450677824e-5,1.940192715386696e-14,0.0,0.0,0.0,0.0,0.0,-0.0,-0.0,1.6275391367101778e-25,161293.7831904257,0.00014335005747806312,161293.78319042572,0.00014335005747806315,4678.0,-1.1032327645756659e-7,-9.804995399413e-17,1.1909109963835633e-5,1.0584236813472853e-14,5.627471891336382e7,0.05001422888858993
302400.0,1.0578106140465067e-5,9.40067590092109e-15,2.6796777995701833e-5,2.3814076147609122e-14,0.0,0.0,0.0,0.0,0.0,-0.0,-0.0,2.7610032222674737e-25,161293.7831904257,0.00014334045815690434,161293.78319042572,0.00014334045815690436,4678.0,-2.8274177690726714e-6,-2.512702910200611e-15,1.3554128321926169e-5,1.2045442329842362e-14,5.908075297812763e7,0.052504579114134135
324000.0,1.0534201446006655e-5,9.360397278742999e-15,2.6079164547901525e-5,2.317321745908011e-14,0.0,0.0,0.0,0.0,0.0,-0.0,-0.0,4.929622966712621e-24,161293.7831904257,0.00014332115224796228,161293.78319042572,0.0001433211522479623,4678.0,-1.2198886133001913e-6,-1.0839589611828912e-15,1.1581195860390255e-5,1.0290727282159681e-14,6.167041224033411e7,0.054798606412848894
345600.0,1.1364217825010277e-5,1.0092190573857487e-14,2.663814770798414e-5,2.365646869350622e-14,0.0,0.0,0.0,0.0,0.0,-0.0,-0.0,2.426219730993255e-22,161293.7831904257,0.0001432397392765353,161293.78319042572,0.00014323973927653534,4678.0,-2.5023621700901596e-6,-2.2222660894251764e-15,1.1849086743409723e-5,1.0522786819298861e-14,7.115097176284438e7,0.06318685347314072
367200.0,1.312527819654005e-5,1.166004042024738e-14,2.857462255178058e-5,2.5384700343715665e-14,0.0,0.0,0.0,0.0,0.0,-0.0,-0.0,3.697437751276275e-22,161293.7831904257,0.00014328778433288748,161293.78319042572,0.0001432877843328875,4678.0,-1.3491895581396295e-6,-1.198573054751006e-15,1.1472041267467189e-5,1.0191362261310014e-14,7.302140660950351e7,0.06486967665451662
388800.0,1.1386785059522714e-5,1.0119024998422814e-14,3.0968949920512135e-5,2.7520988302004702e-14,0.0,0.0,0.0,0.0,0.0,-0.0,-0.0,3.124167779833535e-21,161293.7831904257,0.0001433359649508058,161293.78319042572,0.00014333596495080583,4678.0,-6.165185272657488e-6,-5.478777685520327e-15,1.3378507060688078e-5,1.1888996470998043e-14,7.288900524235404e7,0.06477382881138424
410400.0,1.2844518034604487e-5,1.1418652102975228e-14,2.8212160067123422e-5,2.5080336997623454e-14,0.0,0.0,0.0,0.0,0.0,-0.0,-0.0,3.1753233174167433e-21,161293.7831904257,0.0001433886107413525,161293.78319042572,0.00014338861074135253,4678.0,-5.641912816924738e-6,-5.015605838865895e-15,1.3235367663478336e-5,1.1766113636733345e-14,7.791207769760968e7,0.06926308230890149
432000.0,1.270374907140405e-5,1.1288004658366502e-14,3.014869883089892e-5,2.6788836187966586e-14,0.0,0.0,0.0,0.0,0.0,-0.0,-0.0,3.229812829401252e-21,161293.7831904257,0.00014331871369511041,161293.78319042572,0.00014331871369511044,4678.0,-8.075401422916095e-6,-7.175454140954759e-15,1.365813070636742e-5,1.2136027102825513e-14,7.668260713710976e7,0.06813686429999014
453600.0,1.115238543744174e-5,9.900453554676026e-15,3.177404246116253e-5,2.820718790572978e-14,0.0,0.0,0.0,0.0,0.0,-0.0,-0.0,3.444953854822862e-21,161293.7831904257,0.00014318744793141808,161293.78319042572,0.0001431874479314181,4678.0,-1.207948262406951e-5,-1.0723477712903522e-14,1.6349904610283554e-5,1.451451549316499e-14,7.795501071829627e7,0.06920402521057469
475200.0,1.0089188676901107e-5,8.94746673102196e-15,3.177763592740152e-5,2.8181586186599602e-14,0.0,0.0,0.0,0.0,0.0,-0.0,-0.0,1.9867963600943734e-20,161293.7831904257,0.0001430413093890393,161293.78319042572,0.00014304130938903932,4678.0,-1.7599305190778897e-5,-1.56077166089794e-14,2.046565875555198e-5,1.814970526450633e-14,7.957817870985687e7,0.07057288046876553
496800.0,1.0970331076079865e-5,9.723326754336806e-15,3.1440445023204374e-5,2.786659018240126e-14,0.0,0.0,0.0,0.0,0.0,-0.0,-0.0,6.485409540934189e-20,161293.7831904257,0.00014295941904827968,161293.78319042572,0.0001429594190482797,4678.0,-1.476629614497376e-5,-1.308780212494642e-14,1.8052081910872405e-5,1.600009058962582e-14,9.083561203084841e7,0.08051027180318407
518400.0,9.91250396847814e-6,8.78842768537502e-15,3.367872275260821e-5,2.9859561255997527e-14,0.0,0.0,0.0,0.0,0.0,-0.0,-0.0,4.182928455361701e-19,161293.7831904257,0.00014300309530037382,161293.78319042572,0.00014300309530037385,4678.0,-2.07574696006263e-5,-1.8403576038565986e-14,2.327821806715315e-5,2.0638472052886814e-14,9.12254387819846e7,0.08088048936490527
540000.0,1.3058678674609486e-5,1.1578571590762292e-14,3.462824308870502e-5,3.0703381379960385e-14,0.0,0.0,0.0,0.0,0.0,-0.0,-0.0,4.1709676598282805e-19,161293.7831904257,0.0001430122956809092,161293.78319042572,0.00014301229568090923,4678.0,-1.8951561454605134e-5,-1.6803538591199672e-14,2.1669242171082736e-5,1.9213189791037553e-14,9.3651997094142e7,0.08303721838877488
561600.0,1.2011120798385928e-5,1.0642805332590229e-14,3.611217193990972e-5,3.1998247502858673e-14,0.0,0.0,0.0,0.0,0.0,-0.0,-0.0,7.031009753639413e-19,161293.7831904257,0.00014291908013142258,161293.78319042572,0.0001429190801314226,4678.0,-2.4379436269203172e-5,-2.1602113465238524e-14,2.6366775967668418e-5,2.336305400488712e-14,9.506026330407852e7,0.08423093016815157
583200.0,1.1695949288970757e-5,1.0358952845801787e-14,3.656707238299465e-5,3.2386988791210506e-14,0.0,0.0,0.0,0.0,0.0,-0.0,-0.0,4.2507208249819704e-18,161293.7831904257,0.00014285584291701646,161293.78319042572,0.0001428558429170165,4678.0,-2.6548175320770208e-5,-2.351337967489925e-14,2.844139289777391e-5,2.519017829316261e-14,9.623705182911803e7,0.08523592718180678
604800.0,1.3293655923976903e-5,1.1775835745797965e-14,3.9040922000291665e-5,3.4583374766812086e-14,0.0,0.0,0.0,0.0,0.0,-0.0,-0.0,7.980428547137351e-18,161293.7831904257,0.0001428778590728404,161293.78319042572,0.00014287785907284042,4678.0,-2.6970755476405187e-5,-2.389133495304239e-14,2.8787459937436262e-5,2.550061485723901e-14,9.68054831110426e7,0.08575259318636155
626400.0,1.3664958212611918e-5,1.2102922081055816e-14,4.21745326033046e-5,3.735357795910736e-14,0.0,0.0,0.0,0.0,0.0,-0.0,-0.0,3.5628190731778627e-17,161293.7831904257,0.00014285635270444807,161293.78319042572,0.0001428563527044481,4678.0,-3.0481016249449443e-5,-2.699674297415722e-14,3.204244648201473e-5,2.8379686715785423e-14,9.87148157547972e7,0.08743076303178315
648000.0,1.50618409634254e-5,1.3347833679848239e-14,4.291549726027391e-5,3.8031799771961265e-14,0.0,0.0,0.0,0.0,0.0,-0.0,-0.0,9.458931707523717e-17,161293.7831904257,0.00014293887426160162,161293.78319042572,0.00014293887426160165,4678.0,-3.376781784314165e-5,-2.992510791981971e-14,3.5270187833974157e-5,3.125651121984944e-14,9.90211704186576e7,0.08775275988782993
669600.0,1.5738931066963878e-5,1.3954954235373166e-14,4.510961326866172e-5,3.999652746817645e-14,0.0,0.0,0.0,0.0,0.0,-0.0,-0.0,1.2319668385739192e-16,161293.7831904257,0.00014301145060588872,161293.78319042572,0.00014301145060588875,4678.0,-3.741872271470859e-5,-3.317738420787221e-14,3.8865222682665095e-5,3.4459926253988163e-14,9.993831932159159e7,0.08861050769961551
691200.0,1.5710471870447095e-5,1.3931522138647461e-14,4.399832475951998e-5,3.901624601127969e-14,0.0,0.0,0.0,0.0,0.0,-0.0,-0.0,1.9014490222231541e-16,161293.7831904257,0.00014302994396817384,161293.78319042572,0.00014302994396817387,4678.0,-3.70188529492474e-5,-3.2827083340501736e-14,3.871283843950143e-5,3.432925313875045e-14,1.0261907479383226e8,0.09099917075228552
712800.0,1.526638957718191e-5,1.35477425700928e-14,4.58506082505574e-5,4.068887631356972e-14,0.0,0.0,0.0,0.0,0.0,-0.0,-0.0,5.003200852550204e-16,161293.7831904257,0.00014313578477561804,161293.78319042572,0.00014313578477561807,4678.0,-3.886438643633504e-5,-3.4489143613303946e-14,4.1047940861160766e-5,3.6426879650090366e-14,1.0111333175708745e8,0.08973027853926141
734400.0,1.5773662783643604e-5,1.4006548011286653e-14,4.4649471659577875e-5,3.964741588915855e-14,0.0,0.0,0.0,0.0,0.0,-0.0,-0.0,7.161974488337417e-16,161293.7831904257,0.0001432241293075815,161293.78319042572,0.00014322412930758152,4678.0,-4.218023233363757e-5,-3.745480408779538e-14,4.3706107250224596e-5,3.880973607610668e-14,1.0626271517568147e8,0.09435816159714158
756000.0,1.7439306726936852e-5,1.5489825403066352e-14,4.471249311018444e-5,3.971423419847233e-14,0.0,0.0,0.0,0.0,0.0,-0.0,-0.0,1.3170270821318782e-15,161293.7831904257,0.00014326329477081046,161293.78319042572,0.0001432632947708105,4678.0,-4.107996883059465e-5,-3.6487777565518303e-14,4.2985193827923746e-5,3.818002388151442e-14,1.0647682792584887e8,0.09457414218744192
777600.0,1.4662268217462556e-5,1.3029210717493697e-14,4.921821091034204e-5,4.373637363454754e-14,0.0,0.0,0.0,0.0,0.0,-0.0,-0.0,1.7426749845721712e-15,161293.7831904257,0.00014332916690931253,161293.78319042572,0.00014332916690931255,4678.0,-4.874231109993187e-5,-4.3313478703266404e-14,5.046147952169694e-5,4.4841169187018485e-14,1.0873585774343306e8,0.0966250502360397
799200.0,1.6620523727642133e-5,1.4772024751741937e-14,4.64508312000143e-5,4.1284669452647965e-14,0.0,0.0,0.0,0.0,0.0,-0.0,-0.0,2.0282911389135396e-15,161293.7831904257,0.0001433550348132789,161293.78319042572,0.00014335503481327893,4678.0,-4.635531141505937e-5,-4.1199773173158976e-14,4.811328347494914e-5,4.2762227353731694e-14,1.134694944171036e8,0.1008496607907366
820800.0,1.9014264545749772e-5,1.689627076742865e-14,4.450396830197084e-5,3.954668332534816e-14,0.0,0.0,0.0,0.0,0.0,-0.0,-0.0,2.2522753297083503e-15,161293.7831904257,0.00014332731236231473,161293.78319042572,0.00014332731236231476,4678.0,-4.4723871940191584e-5,-3.9742091956861645e-14,4.6819075303969644e-5,4.1603911185369985e-14,1.162730946962775e8,0.10332146616705806
842400.0,1.8312077409437692e-5,1.6267006363220577e-14,4.8159952488165886e-5,4.2781506219148925e-14,0.0,0.0,0.0,0.0,0.0,-0.0,-0.0,7.061328367917035e-15,161293.7831904257,0.0001432806851370307,161293.78319042572,0.00014328068513703074,4678.0,-4.833017643417412e-5,-4.293271975713131e-14,5.0516876685343924e-5,4.4875211922542465e-14,1.1856260626289013e8,0.10532167527450796
864000.0,1.9276534380462572e-5,1.713545633557061e-14,4.853836488838237e-5,4.314712467132336e-14,0.0,0.0,0.0,0.0,0.0,-0.0,-0.0,7.040028901441353e-15,161293.7831904257,0.00014337860346203004,161293.78319042572,0.00014337860346203007,4678.0,-4.605539451091742e-5,-4.09399421121654e-14,4.832772039971313e-5,4.295987683067527e-14,1.2142385640208505e8,0.1079370984643037
885600.0,2.0230763699892206e-5,1.7981408758981667e-14,5.0259870692106536e-5,4.4671733232351764e-14,0.0,0.0,0.0,0.0,0.0,-0.0,-0.0,1.4250159374946884e-14,161293.7831904257,0.0001433603540060657,161293.78319042572,0.00014336035400606574,4678.0,-4.920886530768836e-5,-4.3737583750628804e-14,5.028147179124211e-5,4.4690932615971776e-14,1.2210098059512265e8,0.10852519828329997
907200.0,1.824877727807692e-5,1.6222145206678646e-14,5.489976946030258e-5,4.8802833111899426e-14,0.0,0.0,0.0,0.0,0.0,-0.0,-0.0,2.067480831222087e-14,161293.7831904257,0.00014338117737855159,161293.78319042572,0.0001433811773785516,4678.0,-5.621528608691156e-5,-4.9972254022323286e-14,5.721367099070604e-5,5.0859762518630426e-14,1.2389418690329817e8,0.11013502217615345
928800.0,1.557924216264758e-5,1.3850247224963223e-14,6.324983124178195e-5,5.623032176341807e-14,0.0,0.0,0.0,0.0,0.0,-0.0,-0.0,2.084255427605322e-14,161293.7831904257,0.00014339328894913124,161293.78319042572,0.00014339328894913126,4678.0,-6.825458192108447e-5,-6.067964179349214e-14,6.90062447578612e-5,6.134788457516836e-14,1.2621957268492049e8,0.11221163828538078
950400.0,1.6093931842043422e-5,1.4300982124758282e-14,6.241831368154872e-5,5.5464581121529475e-14,0.0,0.0,0.0,0.0,0.0,-0.0,-0.0,7.092570611287667e-14,161293.7831904257,0.00014332479675445442,161293.78319042572,0.00014332479675445444,4678.0,-6.779065096981284e-5,-6.023841142488203e-14,6.856087527627375e-5,6.092282864168524e-14,1.2351287836788495e8,0.10975288593569035
972000.0,1.5101974870639396e-5,1.3428993107828147e-14,6.419064378439814e-5,5.707966807994284e-14,0.0,0.0,0.0,0.0,0.0,-0.0,-0.0,1.3825622461323233e-13,161293.7831904257,0.00014342581823591978,161293.78319042572,0.0001434258182359198,4678.0,-6.690556740096256e-5,-5.949383515725699e-14,6.774040881754626e-5,6.023619367165423e-14,1.229729829940477e8,0.10935015818935849
993600.0,1.639289966310572e-5,1.4590522570915037e-14,6.501112551521619e-5,5.786324040799047e-14,0.0,0.0,0.0,0.0,0.0,-0.0,-0.0,1.3886649071796092e-13,161293.7831904257,0.00014355975041344978,161293.78319042572,0.0001435597504134498,4678.0,-6.662396710803477e-5,-5.929875225439628e-14,6.746276151336205e-5,6.004532235210932e-14,1.2540272546125081e8,0.11161486581990078
1.0152e6,1.7193528637418358e-5,1.5306720286924284e-14,6.628103561050753e-5,5.900739131639021e-14,0.0,0.0,0.0,0.0,0.0,-0.0,-0.0,2.5170610689199315e-13,161293.7831904257,0.00014359349237611546,161293.78319042572,0.00014359349237611548,4678.0,-6.530963202627068e-5,-5.814258902576153e-14,6.612605681891727e-5,5.886941981191876e-14,1.3090742251822507e8,0.11654171416610112
1.0368e6,1.892487744028074e-5,1.6866492619599595e-14,6.495425514286475e-5,5.788943513297941e-14,0.0,0.0,0.0,0.0,0.0,-0.0,-0.0,3.0559358946533026e-13,161293.7831904257,0.00014375048992276357,161293.78319042572,0.0001437504899227636,4678.0,-6.235955411839299e-5,-5.5576949579642525e-14,6.275137071059732e-5,5.5926149815232153e-14,1.3129626503962874e8,0.11701568436889383
1.0584e6,1.8346213868199e-5,1.6362921055616278e-14,6.14674658034477e-5,5.482260795912893e-14,0.0,0.0,0.0,0.0,0.0,-0.0,-0.0,3.794409861723441e-13,161293.7831904257,0.0001438573353645152,161293.78319042572,0.00014385733536451524,4678.0,-5.988509711520641e-5,-5.341129911292321e-14,6.029231738861302e-5,5.377449738554059e-14,1.3279542797068833e8,0.11843975656457673
1.08e6,1.9124827387224328e-5,1.7060969124971024e-14,6.225601401915641e-5,5.553764808011399e-14,0.0,0.0,0.0,0.0,0.0,-0.0,-0.0,8.015392530555219e-13,161293.7831904257,0.0001438877433685956,161293.78319042572,0.00014388774336859562,4678.0,-6.036188951002199e-5,-5.384792826644495e-14,6.113782231815478e-5,5.454012618355917e-14,1.4878959359516066e8,0.13273294503770397
1.1016e6,1.7934281421129105e-5,1.6007899317771637e-14,6.357844136184858e-5,5.674926495255387e-14,0.0,0.0,0.0,0.0,0.0,-0.0,-0.0,8.603841174096789e-13,161293.7831904257,0.00014396866990460473,161293.78319042572,0.00014396866990460476,4678.0,-6.584394497996899e-5,-5.877142312947377e-14,6.608105084732675e-5,5.898306064999601e-14,1.5557458007624236e8,0.13886378582924552
1.1232e6,1.7063143629704446e-5,1.5231250041594522e-14,6.242024627490653e-5,5.571882879869296e-14,0.0,0.0,0.0,0.0,0.0,-0.0,-0.0,1.0502721853719088e-12,161293.7831904257,0.00014397733473047383,161293.78319042572,0.00014397733473047386,4678.0,-6.709503122350644e-5,-5.989173034532557e-14,6.733405525001397e-5,6.010509282956013e-14,1.564409087251039e8,0.13964546330010566
1.1448e6,1.8959911086704855e-5,1.6926838804331166e-14,6.165545775307333e-5,5.5044139712519135e-14,0.0,0.0,0.0,0.0,0.0,-0.0,-0.0,1.1853386769757335e-12,161293.7831904257,0.0001439982421710592,161293.78319042572,0.00014399824217105922,4678.0,-6.685153336130198e-5,-5.968303985468691e-14,6.719160708111708e-5,5.998664745129298e-14,1.5725044353814164e8,0.1403884700464755
1.1664e6,1.7897656846010978e-5,1.597645269022235e-14,6.530128728747737e-5,5.829159291270727e-14,0.0,0.0,0.0,0.0,0.0,-0.0,-0.0,1.6574063013205841e-12,161293.7831904257,0.0001439798806368978,161293.78319042572,0.00014397988063689782,4678.0,-6.868955849160869e-5,-6.131615389631514e-14,6.885247223163648e-5,6.146157984131649e-14,1.5855206149941483e8,0.14153246602485856
1.188e6,1.7399106657182364e-5,1.5529135137743336e-14,6.738160155006693e-5,6.013975411988292e-14,0.0,0.0,0.0,0.0,0.0,-0.0,-0.0,2.8811003403142705e-12,161293.7831904257,0.00014395871037482441,161293.78319042572,0.00014395871037482444,4678.0,-7.145145677741139e-5,-6.377220106453071e-14,7.171321240730173e-5,6.400582447001482e-14,1.5826090472838047e8,0.14125179096675183
1.2096e6,1.6475074420999796e-5,1.470931435021281e-14,7.323034069660144e-5,6.538168349069735e-14,0.0,0.0,0.0,0.0,0.0,-0.0,-0.0,4.087028739573562e-12,161293.7831904257,0.00014400669150598378,161293.78319042572,0.0001440066915059838,4678.0,-7.68514639030997e-5,-6.861470315325746e-14,7.689927728438771e-5,6.865739200779856e-14,1.5885747625589702e8,0.14183150226933264
1.2312e6,1.794078721213516e-5,1.6026656838436997e-14,6.700058811040761e-5,5.985219159684636e-14,0.0,0.0,0.0,0.0,0.0,-0.0,-0.0,4.0756417988272574e-12,161293.7831904257,0.0001440850996559234,161293.78319042572,0.00014408509965592342,4678.0,-7.017700132830199e-5,-6.26897083690109e-14,7.02587844277613e-5,6.276276590292623e-14,1.6123432577128488e8,0.14403198584091617
1.2528e6,1.7336839716619055e-5,1.5477910022761882e-14,6.718132712675699e-5,5.997785948732637e-14,0.0,0.0,0.0,0.0,0.0,-0.0,-0.0,9.363542769496912e-12,161293.7831904257,0.00014399917771975142,161293.78319042572,0.00014399917771975142,4678.0,-7.23525375705103e-5,-6.459459075239394e-14,7.236316258690202e-5,6.460407650933634e-14,1.6647166763079968e8,0.14862186736713523
1.2744e6,1.6382291425741537e-5,1.4636898883862397e-14,6.74852584913459e-5,6.029528342641084e-14,0.0,0.0,0.0,0.0,0.0,-0.0,-0.0,9.596822419453112e-12,161293.7831904257,0.0001441093149792397,161293.78319042572,0.00014410931497923972,4678.0,-7.219211710255109e-5,-6.450066665165333e-14,7.225704673326389e-5,6.455867858750599e-14,1.6933842803300557e8,0.1512968719611896
1.296e6,1.631417450282101e-5,1.4578544505580998e-14,6.488439066105431e-5,5.798147965170521e-14,0.0,0.0,0.0,0.0,0.0,-0.0,-0.0,1.3216213564119202e-11,161293.7831904257,0.00014413408391019414,161293.78319042572,0.00014413408391019417,4678.0,-7.093099977542013e-5,-6.338480300504994e-14,7.134982182905866e-5,6.375906747965344e-14,1.9010954584128577e8,0.16988419944286673
1.3176e6,1.527371586060982e-5,1.3652977085340144e-14,7.006815023676119e-5,6.263301336263541e-14,0.0,0.0,0.0,0.0,0.0,-0.0,-0.0,2.1439810045631922e-11,161293.7831904257,0.0001441784269135134,161293.78319042572,0.00014417842691351343,4678.0,-7.287716042823908e-5,-6.51439512461691e-14,7.431054204660823e-5,6.642523253807865e-14,2.1006075238577008e8,0.18777059001395638
1.3392e6,1.56801931973556e-5,1.4023324268371827e-14,7.179559989062466e-5,6.420922023322424e-14,0.0,0.0,0.0,0.0,0.0,-0.0,-0.0,3.98748977265154e-11,161293.7831904257,0.00014425045633578392,161293.78319042572,0.00014425045633578395,4678.0,-7.5754888503797e-5,-6.775014523304834e-14,7.701590264509885e-5,6.887791260095682e-14,2.1443396055454588e8,0.1917755046229138
1.3608e6,1.448833652470131e-5,1.296977416627556e-14,7.213283382709704e-5,6.457239332589414e-14,0.0,0.0,0.0,0.0,0.0,-0.0,-0.0,3.980666204863674e-11,161293.7831904257,0.00014438813861325338,161293.78319042572,0.0001443881386132534,4678.0,-7.608297130152541e-5,-6.810850603847031e-14,7.736427856859872e-5,6.925551597043979e-14,2.275010265103883e8,0.20365601885385776
1.3824e6,1.3832610554541492e-5,1.2384715133472432e-14,7.491315982796933e-5,6.707180402133744e-14,0.0,0.0,0.0,0.0,0.0,-0.0,-0.0,5.093033251300505e-11,161293.7831904257,0.00014441074226279334,161293.78319042572,0.00014441074226279337,4678.0,-7.822397062760951e-5,-7.003606362025354e-14,8.007431340709497e-5,7.169272619546653e-14,2.3910891870159072e8,0.21408076460444944
1.404e6,1.290971186549138e-5,1.1560523706529868e-14,8.102796338133676e-5,7.255976750849995e-14,0.0,0.0,0.0,0.0,0.0,-0.0,-0.0,6.740636032642072e-11,161293.7831904257,0.00014443704272541728,161293.78319042572,0.0001444370427254173,4678.0,-8.381777795090698e-5,-7.505801981686867e-14,8.582941192831264e-5,7.685941883544962e-14,2.4002287866206944e8,0.21493819597164024
1.4256e6,1.1889701338248957e-5,1.0651338450875501e-14,8.619720677256146e-5,7.721940162627034e-14,0.0,0.0,0.0,0.0,0.0,-0.0,-0.0,7.462898237306428e-11,161293.7831904257,0.00014449435069126585,161293.78319042572,0.00014449435069126588,4678.0,-8.853604452106936e-5,-7.931463949073213e-14,9.029630126946726e-5,8.089155802335397e-14,2.4150265918374085e8,0.21634913162009645
1.4472e6,1.0865933604577388e-5,9.735107637109978e-15,8.825649029569984e-5,7.907157028276419e-14,0.0,0.0,0.0,0.0,0.0,-0.0,-0.0,1.3059373061871068e-10,161293.7831904257,0.00014450781660344452,161293.78319042572,0.00014450781660344455,4678.0,-9.164596843583282e-5,-8.210830285712169e-14,9.328412262279166e-5,8.357597309297778e-14,2.4018141082646194e8,0.21518554888312139
1.4688e6,1.014485674940582e-5,9.095050115795029e-15,9.306213067994188e-5,8.34319067606658e-14,0.0,0.0,0.0,0.0,0.0,-0.0,-0.0,1.3021253901174946e-10,161293.7831904257,0.00014460283449236672,161293.78319042572,0.00014460283449236675,4678.0,-9.568861873132702e-5,-8.578660146419464e-14,9.683233377308272e-5,8.681196297297749e-14,2.4255077629585204e8,0.21745121893071268
1.4904e6,9.317542892099916e-6,8.350658726237503e-15,9.340155320974271e-5,8.370924656718076e-14,0.0,0.0,0.0,0.0,0.0,-0.0,-0.0,1.2988819571651266e-10,161293.7831904257,0.000144556279878142,161293.78319042572,0.00014455627987814201,4678.0,-9.70125301211319e-5,-8.69455113426186e-14,9.780674362467185e-5,8.765730907734702e-14,2.455281603786449e8,0.22004963097528454
1.512e6,9.520936667050212e-6,8.528251971970895e-15,9.75086938909918e-5,8.734211139520139e-14,0.0,0.0,0.0,0.0,0.0,-0.0,-0.0,1.7561865545602492e-10,161293.7831904257,0.00014447675398586278,161293.78319042572,0.0001444767539858628,4678.0,-0.00010105859727942737,-9.052188998542192e-14,0.00010172635866203416,9.112002833327281e-14,2.46819156661358e8,0.22108496602042552
1.5336e6,1.004470044611659e-5,8.994964528897599e-15,0.00010199999742871883,9.134034048508476e-14,0.0,0.0,0.0,0.0,0.0,-0.0,-0.0,2.4266684205701055e-10,161293.7831904257,0.00014443754358951433,161293.78319042572,0.00014443754358951433,4678.0,-0.00010640406470658827,-9.528415435587368e-14,0.00010681799543770754,9.565482665852835e-14,2.5081067651711532e8,0.2245993447830964
1.5552e6,9.559272356248892e-6,8.557625990238242e-15,0.00010289959326237742,9.211749606772452e-14,0.0,0.0,0.0,0.0,0.0,-0.0,-0.0,3.0815805047942096e-10,161293.7831904257,0.00014439298512003822,161293.78319042572,0.00014439298512003825,4678.0,-0.00010865299215625014,-9.726803829223054e-14,0.00010894244307633081,9.752715976343347e-14,2.510436622131206e8,0.22473862950826207
1.5768e6,9.183697750885262e-6,8.221338465325373e-15,0.00010812286101123864,9.679267113587646e-14,0.0,0.0,0.0,0.0,0.0,-0.0,-0.0,4.492592015499725e-10,161293.7831904257,0.00014439181470595256,161293.78319042572,0.00014439181470595258,4678.0,-0.00011638685279222022,-1.0419067957965035e-13,0.00011642950784187965,1.04228864808522e-13,2.5232249643782127e8,0.22588163307434855
1.5984e6,8.706475041144656e-6,7.80008188433309e-15,0.0001131327964901177,1.0135503429990796e-13,0.0,0.0,0.0,0.0,0.0,-0.0,-0.0,5.606252913583084e-10,161293.7831904257,0.00014450219065393233,161293.78319042572,0.00014450219065393236,4678.0,-0.0001230115143694632,-1.1020532193146702e-13,0.0001230115143694632,1.1020532193146702e-13,2.5305469258971724e8,0.22671027184786222
1.62e6,9.527592673022015e-6,8.53708911170667e-15,0.00011763149526003186,1.0540233948306118e-13,0.0,0.0,0.0,0.0,0.0,-0.0,-0.0,9.905883982372259e-10,161293.7831904257,0.00014452542709555207,161293.78319042572,0.0001445254270955521,4678.0,-0.00012729898632376596,-1.1406478292813217e-13,0.00012729898632376596,1.1406478292813217e-13,2.5654869529417443e8,0.22987748829985985
1.6416e6,9.719974176377114e-6,8.718229586031696e-15,0.00011713700720252403,1.050648184121916e-13,0.0,0.0,0.0,0.0,0.0,-0.0,-0.0,1.0791947654917e-9,161293.7831904257,0.0001446707786602245,161293.78319042572,0.00014467077866022452,4678.0,-0.00012616311808619026,-1.1316069454569301e-13,0.00012616311808619026,1.1316069454569301e-13,2.620898547393669e8,0.23507876505893782
1.6632e6,9.775486215549868e-6,8.771804383427864e-15,0.00012003228818323019,1.0770817209722902e-13,0.0,0.0,0.0,0.0,0.0,-0.0,-0.0,1.3310874802377242e-9,161293.7831904257,0.00014473321154694662,161293.78319042572,0.00014473321154694665,4678.0,-0.0001308541792505635,-1.174189434500045e-13,0.0001308541792505635,1.174189434500045e-13,2.6369934386888227e8,0.23662445114767122
1.6848e6,9.05915569802367e-6,8.13582950861399e-15,0.00012361154735695355,1.1101282593161925e-13,0.0,0.0,0.0,0.0,0.0,-0.0,-0.0,1.3468082665942753e-9,161293.7831904257,0.00014485441740701429,161293.78319042572,0.0001448544174070143,4678.0,-0.00013430696272006464,-1.2061814444237914e-13,0.00013430696272006464,1.2061814444237914e-13,2.653984486983089e8,0.23834853958091626
1.7064e6,9.889668825201825e-6,8.881519279391378e-15,0.00012440331534310374,1.1172168281554492e-13,0.0,0.0,0.0,0.0,0.0,-0.0,-0.0,2.418306676685901e-9,161293.7831904257,0.00014485154865865834,161293.78319042572,0.00014485154865865837,4678.0,-0.00013452657471883417,-1.208129805025526e-13,0.00013452657471883417,1.208129805025526e-13,2.648146734473661e8,0.23781955384542575
1.728e6,9.562199309080432e-6,8.596567468389287e-15,0.00012337561183200374,1.1091661413713235e-13,0.0,0.0,0.0,0.0,0.0,-0.0,-0.0,2.5942263786760727e-9,161293.7831904257,0.0001450056461499955,161293.78319042572,0.00014500564614999551,4678.0,-0.00013540872324438303,-1.217345704218264e-13,0.00013540872324438303,1.217345704218264e-13,2.669695444023012e8,0.24000981639026692
1.7496e6,8.493067848073739e-6,7.64031069796213e-15,0.0001268052594153897,1.140732179937783e-13,0.0,0.0,0.0,0.0,0.0,-0.0,-0.0,2.5865408538119038e-9,161293.7831904257,0.00014509887819912944,161293.78319042572,0.00014509887819912946,4678.0,-0.00014117839093661456,-1.2700319718259844e-13,0.00014117839093661456,1.2700319718259844e-13,2.689935461335629e8,0.24198491110290102
1.7712e6,9.578266250891623e-6,8.61838499207109e-15,0.00012740868141669474,1.1464048284093093e-13,0.0,0.0,0.0,0.0,0.0,-0.0,-0.0,2.624213134497887e-9,161293.7831904257,0.0001451298057446808,161293.78319042572,0.00014512980574468083,4678.0,-0.00014160006342115773,-1.27409682451834e-13,0.00014160006342115773,1.27409682451834e-13,2.7186707391919297e8,0.24462204832584852
1.7928e6,1.0147499181431184e-5,9.129168014440655e-15,0.00012505469597783608,1.1250509215763703e-13,0.0,0.0,0.0,0.0,0.0,-0.0,-0.0,2.6229915947688783e-9,161293.7831904257,0.00014510748117374912,161293.78319042572,0.00014510748117374915,4678.0,-0.00013822582665337082,-1.2435446141869977e-13,0.00013822582665337082,1.2435446141869977e-13,2.7272780531873816e8,0.24535877386621963
1.8144e6,1.013782907675678e-5,9.113908818156923e-15,0.00012349449922702274,1.1102156062973427e-13,0.0,0.0,0.0,0.0,0.0,-0.0,-0.0,3.223713777044955e-9,161293.7831904257,0.00014500311869564372,161293.78319042572,0.00014500311869564375,4678.0,-0.00013780159091345324,-1.2388363673063191e-13,0.00013780159091345324,1.2388363673063191e-13,2.7328000044807196e8,0.2456787332921183
1.836e6,9.698741461143725e-6,8.717456990029884e-15,0.0001240542928905458,1.115029168510668e-13,0.0,0.0,0.0,0.0,0.0,-0.0,-0.0,3.666156731666483e-9,161293.7831904257,0.00014497464679875382,161293.78319042572,0.00014497464679875385,4678.0,-0.000138016447432367,-1.2405242981562043e-13,0.00013826130325792437,1.2427251199191165e-13,2.7448312342788893e8,0.24671188860513404
1.8576e6,1.0544565908364074e-5,9.47953001193384e-15,0.00011879826230882302,1.0679924642784959e-13,0.0,0.0,0.0,0.0,0.0,-0.0,-0.0,3.921667537343982e-9,161293.7831904257,0.0001450025796964461,161293.78319042572,0.00014500257969644612,4678.0,-0.00013552088263484632,-1.218328270072996e-13,0.00013583166944040412,1.2211222332159086e-13,2.7610050697905934e8,0.24821344614500118
1.8792e6,1.042871260681652e-5,9.373990237991349e-15,0.0001213278194948769,1.0905716155207521e-13,0.0,0.0,0.0,0.0,0.0,-0.0,-0.0,4.898773998831759e-9,161293.7831904257,0.00014498111186681632,161293.78319042572,0.00014498111186681635,4678.0,-0.00013716304703140198,-1.2329087130515954e-13,0.0001374813033008652,1.2357694028371953e-13,2.778573744396163e8,0.24975588202981108
1.9008e6,9.58672341808842e-6,8.614425570983527e-15,0.0001223911453243909,1.0997807759375475e-13,0.0,0.0,0.0,0.0,0.0,-0.0,-0.0,7.192203819648268e-9,161293.7831904257,0.00014493515977884874,161293.78319042572,0.00014493515977884877,4678.0,-0.00013999267069356665,-1.2579443357023467e-13,0.0001402845177148182,1.2605668109037706e-13,2.9861582428210855e8,0.2683298224440748
1.9224e6,1.0150587645673795e-5,9.127689380083385e-15,0.00012013244652616557,1.0802642119224111e-13,0.0,0.0,0.0,0.0,0.0,-0.0,-0.0,7.170594830478894e-9,161293.7831904257,0.00014503983446989815,161293.78319042572,0.00014503983446989817,4678.0,-0.00013855276882432003,-1.2459048487876446e-13,0.0001388890268224156,1.2489285737830078e-13,2.996105148531285e8,0.2694180681994085
1.944e6,9.806761171468289e-6,8.814971672299789e-15,0.00011650226259599466,1.047200116925826e-13,0.0,0.0,0.0,0.0,0.0,-0.0,-0.0,7.226615812342632e-9,161293.7831904257,0.00014498162083096712,161293.78319042572,0.00014498162083096715,4678.0,-0.00013516994900744569,-1.2149977455486905e-13,0.0001359529989127244,1.2220363208870104e-13,2.988570135383444e8,0.268632636437927
1.9656e6,9.408918692741339e-6,8.456319371038675e-15,0.00011648121321708674,1.0468815512771223e-13,0.0,0.0,0.0,0.0,0.0,-0.0,-0.0,1.0958990056539303e-8,161293.7831904257,0.00014496370813296022,161293.78319042572,0.00014496370813296022,4678.0,-0.00013424086866689475,-1.2064974681614333e-13,0.0001347108857287997,1.2107217733287973e-13,3.051496917179154e8,0.27425502689606746
1.9872e6,9.959623392869758e-6,8.951464130298293e-15,0.00011486341223777739,1.0323640502975552e-13,0.0,0.0,0.0,0.0,0.0,-0.0,-0.0,1.3458003521081869e-8,161293.7831904257,0.00014496687853707944,161293.78319042572,0.00014496687853707946,4678.0,-0.00013163899902188996,-1.1831388913123228e-13,0.00013220581656081862,1.1882333077053928e-13,3.136791328522715e8,0.2819270764957227
2.0088e6,1.0838540602327195e-5,9.7462435858934e-15,0.00011846417738420696,1.0652547896910212e-13,0.0,0.0,0.0,0.0,0.0,-0.0,-0.0,1.596249327130542e-8,161293.7831904257,0.00014503876098656988,161293.78319042572,0.0001450387609865699,4678.0,-0.00013666476082742669,-1.228918262617358e-13,0.00013718135556417785,1.2335635911023444e-13,3.207462258273005e8,0.2884217498338872
2.0304e6,1.1745128494614583e-5,1.0558752570253865e-14,0.00011485205035395267,1.032508399060745e-13,0.0,0.0,0.0,0.0,0.0,-0.0,-0.0,1.8444521353147048e-8,161293.7831904257,0.00014500149135096907,161293.78319042572,0.0001450014913509691,4678.0,-0.0001321264344478952,-1.1878033773448063e-13,0.00013252661056725151,1.191400920471512e-13,3.2561563906681126e8,0.2927251896382398
2.052e6,1.2162172781709448e-5,1.093381530822474e-14,0.00011337829778829246,1.0192729459019047e-13,0.0,0.0,0.0,0.0,0.0,-0.0,-0.0,1.9857984236133396e-8,161293.7831904257,0.00014500340255165184,161293.78319042572,0.00014500340255165186,4678.0,-0.0001319628377992164,-1.1863482964291932e-13,0.0001320706307491618,1.1873173569970583e-13,3.2839341538256955e8,0.2952262738472188
2.0736e6,1.1985759561396462e-5,1.0771329570818172e-14,0.00011590521850614179,1.0416138427541502e-13,0.0,0.0,0.0,0.0,0.0,-0.0,-0.0,2.794859892022729e-8,161293.7831904257,0.00014495105525592144,161293.78319042572,0.00014495105525592146,4678.0,-0.00013520189904888002,-1.215028722874114e-13,0.00013526072186118726,1.2155573501124616e-13,3.2981632664369786e8,0.29639843298358126
2.0952e6,1.2588850722243378e-5,1.1320559840618788e-14,0.00011019151514592985,9.909003360678932e-14,0.0,0.0,0.0,0.0,0.0,-0.0,-0.0,2.7897089167245193e-8,161293.7831904257,0.00014504389358599199,161293.78319042572,0.000145043893585992,4678.0,-0.00012610547124374783,-1.1340070391984744e-13,0.00012621194197846985,1.1349644803106846e-13,3.338363509037888e8,0.30020328866896623
2.1168e6,1.2450066520469345e-5,1.1191990244184513e-14,0.00011082146322832099,9.962298058877068e-14,0.0,0.0,0.0,0.0,0.0,-0.0,-0.0,4.144207948106045e-8,161293.7831904257,0.00014499508456014285,161293.78319042572,0.00014499508456014288,4678.0,-0.00012875257642360727,-1.1574215903806355e-13,0.00012875257642360727,1.1574215903806355e-13,3.259271073299952e8,0.2929922502466333
2.1384e6,1.2889834709419935e-5,1.1593901470389752e-14,0.00011132922428596829,1.0013627686033561e-13,0.0,0.0,0.0,0.0,0.0,-0.0,-0.0,4.1392784935099495e-8,161293.7831904257,0.00014507744065403585,161293.78319042572,0.00014507744065403588,4678.0,-0.00012931651261537008,-1.1631513821207752e-13,0.00012931651261537008,1.1631513821207752e-13,3.286289458166911e8,0.2955888654904427
2.16e6,1.2760827534903912e-5,1.147729071057025e-14,0.00011245823875194282,1.0114672386444752e-13,0.0,0.0,0.0,0.0,0.0,-0.0,-0.0,4.471335722819526e-8,161293.7831904257,0.00014507018721322639,161293.78319042572,0.00014507018721322639,4678.0,-0.00013147399068339261,-1.1824979279946548e-13,0.00013185967425436676,1.1859668272131838e-13,3.3190061957441676e8,0.29851668220219757
2.1816e6,1.1158824544184912e-5,1.0032599328846562e-14,0.00011235778494925606,1.0101786558334412e-13,0.0,0.0,0.0,0.0,0.0,-0.0,-0.0,5.522374736297234e-8,161293.7831904257,0.00014501490677408868,161293.78319042572,0.0001450149067740887,4678.0,-0.00013462625735337442,-1.2103885080552147e-13,0.00013472872934849377,1.2113098062308327e-13,3.351398653986537e8,0.30131524833594003
2.2032e6,1.0351647059180631e-5,9.311169863040055e-15,0.00011605914209709822,1.0439366605591372e-13,0.0,0.0,0.0,0.0,0.0,-0.0,-0.0,6.976768908559849e-8,161293.7831904257,0.00014508162851306522,161293.78319042572,0.00014508162851306522,4678.0,-0.00013845209021356002,-1.2453582724577974e-13,0.00013854653001315286,1.246207745986805e-13,3.360829684263022e8,0.30230219299417693
2.2248e6,1.0129488829472364e-5,9.116654678963892e-15,0.00012033990540304872,1.0830727790199094e-13,0.0,0.0,0.0,0.0,0.0,-0.0,-0.0,8.627917349661868e-8,161293.7831904257,0.00014516623177789485,161293.78319042572,0.00014516623177789485,4678.0,-0.0001439611383499374,-1.2956665510191288e-13,0.00014404740621399778,1.2964429715668685e-13,3.3631751876655275e8,0.3026895762162886
2.2464e6,9.996654221365721e-6,9.003883385255698e-15,0.0001248968546019499,1.1249330917315243e-13,0.0,0.0,0.0,0.0,0.0,-0.0,-0.0,9.911297856718526e-8,161293.7831904257,0.00014527564747707184,161293.78319042572,0.00014527564747707187,4678.0,-0.0001500847795209947,-1.3517981344404558e-13,0.0001500847795209947,1.3517981344404558e-13,3.3701024636503243e8,0.30354165410879763
2.268e6,9.275707660388759e-6,8.36217052266525e-15,0.00012800291480349744,1.1539628459357636e-13,0.0,0.0,0.0,0.0,0.0,-0.0,-0.0,9.956232267989478e-8,161293.7831904257,0.0001454084333688033,161293.78319042572,0.00014540843336880333,4678.0,-0.00015586922002659118,-1.4051811945985336e-13,0.00015586922002659118,1.4051811945985336e-13,3.4059001992937404e8,0.30704631163936597
2.2896e6,9.800679801907267e-6,8.837682608669155e-15,0.00013217188057065138,1.1918490899447863e-13,0.0,0.0,0.0,0.0,0.0,-0.0,-0.0,1.2148809595345883e-7,161293.7831904257,0.00014544534577194077,161293.78319042572,0.0001454453457719408,4678.0,-0.00015949130566749917,-1.438199764527855e-13,0.00015949130566749917,1.438199764527855e-13,3.501286193138643e8,0.3157256100852625
2.3112e6,1.0002280576429893e-5,9.022645686173142e-15,0.00013003286351092268,1.172972949571398e-13,0.0,0.0,0.0,0.0,0.0,-0.0,-0.0,1.211714809345345e-7,161293.7831904257,0.0001454964841257311,161293.78319042572,0.00014549648412573113,4678.0,-0.00015772155658865352,-1.4227412551538938e-13,0.00015772155658865352,1.4227412551538938e-13,3.51303082337348e8,0.31689605347201266
2.3328e6,9.990741437805533e-6,9.008665927262187e-15,0.00013029666078770324,1.1748868647851289e-13,0.0,0.0,0.0,0.0,0.0,-0.0,-0.0,1.610078145664993e-7,161293.7831904257,0.00014543883634185646,161293.78319042572,0.00014543883634185649,4678.0,-0.00015646164633214025,-1.4108169158517406e-13,0.00015649642637064647,1.4111305279593008e-13,3.5040513546445054e8,0.3159608147450618
2.3544e6,9.403246892468134e-6,8.484937797538825e-15,0.0001335634873687194,1.205198475915469e-13,0.0,0.0,0.0,0.0,0.0,-0.0,-0.0,1.7067791273241206e-7,161293.7831904257,0.00014554203810140075,161293.78319042572,0.00014554203810140077,4678.0,-0.00016371213204302584,-1.477242140903666e-13,0.00016371213204302584,1.477242140903666e-13,3.534682940596608e8,0.3189490314138902
2.376e6,9.19443208055698e-6,8.296368747053357e-15,0.00013455246133735983,1.2141009094394814e-13,0.0,0.0,0.0,0.0,0.0,-0.0,-0.0,1.8646532871591709e-7,161293.7831904257,0.0001455394623866736,161293.78319042572,0.00014553946238667363,4678.0,-0.00016586165841497703,-1.4966117179965036e-13,0.00016586165841497703,1.4966117179965036e-13,3.56149791862749e8,0.3213629701749535
2.3976e6,9.567283348383658e-6,8.632017862681474e-15,0.0001329154138650683,1.199220494397509e-13,0.0,0.0,0.0,0.0,0.0,-0.0,-0.0,1.915222553321725e-7,161293.7831904257,0.00014552624469666697,161293.78319042572,0.000145526244696667,4678.0,-0.00016293111901406296,-1.470035200696424e-13,0.00016293111901406296,1.470035200696424e-13,3.580467773199919e8,0.3230453269708854
2.4192e6,1.0188173531405497e-5,9.186725194871599e-15,0.00013157271991213887,1.1863975591392213e-13,0.0,0.0,0.0,0.0,0.0,-0.0,-0.0,2.834928843094477e-7,161293.7831904257,0.00014543938197008962,161293.78319042572,0.00014543938197008962,4678.0,-0.0001611671498129895,-1.4532519604310097e-13,0.00016143158241102923,1.4556363619169763e-13,3.6855207046286774e8,0.3323251788857426
2.4408e6,9.936232259700124e-6,8.965798597636335e-15,0.00013487951149717756,1.2170634737837392e-13,0.0,0.0,0.0,0.0,0.0,-0.0,-0.0,3.092917031900105e-7,161293.7831904257,0.00014554083855320647,161293.78319042572,0.0001455408385532065,4678.0,-0.00016443615068156828,-1.483763030742617e-13,0.00016466374945822923,1.4858167315210168e-13,3.687727055439017e8,0.3327560910207484
2.4624e6,1.0525714240799852e-5,9.50432710776515e-15,0.00013485082973932046,1.217652662113932e-13,0.0,0.0,0.0,0.0,0.0,-0.0,-0.0,3.7694322510186914e-7,161293.7831904257,0.00014564226624627283,161293.78319042572,0.00014564226624627286,4678.0,-0.0001667824296391109,-1.505983091364524e-13,0.00016698023264606992,1.507769178691264e-13,3.6996997862930554e8,0.33406908229712645
2.484e6,1.0805616784484395e-5,9.763656290180183e-15,0.00013290920131062294,1.2009307615485723e-13,0.0,0.0,0.0,0.0,0.0,-0.0,-0.0,4.605506343682207e-7,161293.7831904257,0.00014574059882221737,161293.78319042572,0.0001457405988222174,4678.0,-0.00016677732474201828,-1.5069537521587474e-13,0.00016697810414260865,1.5087679392584858e-13,3.6977062740615046e8,0.33411450583569857
2.5056e6,1.0749354785015433e-5,9.720925779709705e-15,0.00013584081293588747,1.2284443920726877e-13,0.0,0.0,0.0,0.0,0.0,-0.0,-0.0,4.7211366971835184e-7,161293.7831904257,0.000145862233267098,161293.78319042572,0.00014586223326709801,4678.0,-0.00017082437904114496,-1.5448100311460548e-13,0.00017097278934219518,1.5461521447429235e-13,3.71535432455235e8,0.3359893161647564
2.5272e6,1.0619221038823205e-5,9.607591955412478e-15,0.00013350959688827773,1.207909435489372e-13,0.0,0.0,0.0,0.0,0.0,-0.0,-0.0,4.7078184494537575e-7,161293.7831904257,0.00014592829814663184,161293.78319042572,0.00014592829814663187,4678.0,-0.0001716951916202454,-1.5533882718543312e-13,0.00017183128377404585,1.5546195466128732e-13,3.734268049824365e8,0.3378526875340589
2.5488e6,8.771056586628058e-6,7.933507979857251e-15,0.0001355040420862075,1.2256475472211282e-13,0.0,0.0,0.0,0.0,0.0,-0.0,-0.0,6.476283517004558e-7,161293.7831904257,0.00014589183223301337,161293.78319042572,0.0001458918322330134,4678.0,-0.00017576657922655184,-1.5898262029365621e-13,0.00017576657922655184,1.5898262029365621e-13,3.7335332883564067e8,0.337701801871801
2.5704e6,8.791572001086536e-6,7.95984145648695e-15,0.00013762239373030918,1.2460256650575117e-13,0.0,0.0,0.0,0.0,0.0,-0.0,-0.0,6.963474746848319e-7,161293.7831904257,0.0001460345137313437,161293.78319042572,0.00014603451373134373,4678.0,-0.00017787356912525563,-1.6104576170922847e-13,0.00017787356912525563,1.6104576170922847e-13,3.7443288726836777e8,0.33900949891356325
2.592e6,9.873939461998423e-6,8.94546913188146e-15,0.00013875333047631792,1.25706020327416e-13,0.0,0.0,0.0,0.0,0.0,-0.0,-0.0,7.809634898827634e-7,161293.7831904257,0.00014612693993591795,161293.78319042572,0.00014612693993591797,4678.0,-0.0001792376314373284,-1.623834848760209e-13,0.0001792376314373284,1.623834848760209e-13,3.8964957489906764e8,0.3530098860667796
2.6136e6,9.7070105784137e-6,8.79923767097799e-15,0.0001400933222403347,1.269921803990719e-13,0.0,0.0,0.0,0.0,0.0,-0.0,-0.0,8.140066209769888e-7,161293.7831904257,0.0001462100326026103,161293.78319042572,0.00014621003260261033,4678.0,-0.00018197264273409977,-1.6495506212737416e-13,0.00018197264273409977,1.6495506212737416e-13,3.9402132984300673e8,0.3571735397541942
2.6352e6,9.241335803709131e-6,8.376869515112276e-15,0.00013799679249061362,1.250880985986818e-13,0.0,0.0,0.0,0.0,0.0,-0.0,-0.0,9.10267966816142e-7,161293.7831904257,0.00014620580877958242,161293.78319042572,0.00014620580877958245,4678.0,-0.00018080631066183826,-1.6389306741944944e-13,0.00018080631066183826,1.6389306741944944e-13,3.955241431015435e8,0.358525456407331
2.6568e6,8.938762539047264e-6,8.099711549037075e-15,0.00013856052132599783,1.2555432029011061e-13,0.0,0.0,0.0,0.0,0.0,-0.0,-0.0,1.2473879526355953e-6,161293.7831904257,0.0001461536888118989,161293.78319042572,0.00014615368881189893,4678.0,-0.00018182479428964667,-1.6475752429665862e-13,0.00018182479428964667,1.6475752429665862e-13,3.9982645846102774e8,0.36229611974372367
2.6784e6,9.508456882155865e-6,8.623552633467533e-15,0.000138717609048643,1.258078590086134e-13,0.0,0.0,0.0,0.0,0.0,-0.0,-0.0,1.2433482553908863e-6,161293.7831904257,0.00014628298219493744,161293.78319042572,0.00014628298219493746,4678.0,-0.0001811917470018203,-1.6432914261329216e-13,0.0001811917470018203,1.6432914261329216e-13,4.0207228706632936e8,0.3646534419777497
2.7e6,9.347803977448659e-6,8.477053019747556e-15,0.00013849390845620282,1.2559315618166468e-13,0.0,0.0,0.0,0.0,0.0,-0.0,-0.0,1.3594862248328395e-6,161293.7831904257,0.00014626921522525212,161293.78319042572,0.00014626921522525215,4678.0,-0.00018088644669043535,-1.640368157962887e-13,0.00018088644669043535,1.640368157962887e-13,4.0540908557715595e8,0.36764509840127324
2.7216e6,9.142883672988412e-6,8.291600956056553e-15,0.0001351567821459356,1.2257249945874787e-13,0.0,0.0,0.0,0.0,0.0,-0.0,-0.0,1.3556494282587433e-6,161293.7831904257,0.00014627591630186182,161293.78319042572,0.00014627591630186185,4678.0,-0.0001797948960249234,-1.6305441314742983e-13,0.0001797948960249234,1.6305441314742983e-13,4.07051888210513e8,0.36915178472873833
2.7432e6,1.0096794746018552e-5,9.151993387838632e-15,0.0001440607528545128,1.3058035651278892e-13,0.0,0.0,0.0,0.0,0.0,-0.0,-0.0,1.5200926354502922e-6,161293.7831904257,0.0001462008166344418,161293.78319042572,0.00014620081663444182,4678.0,-0.00018637684973307652,-1.6893675065306478e-13,0.00018637684973307652,1.6893675065306478e-13,4.083353390393499e8,0.3701256108412635
2.7648e6,9.470153068235117e-6,8.580480557860218e-15,0.00014839023408413327,1.344497295197912e-13,0.0,0.0,0.0,0.0,0.0,-0.0,-0.0,1.999060469991483e-6,161293.7831904257,0.00014614105609457597,161293.78319042572,0.000146141056094576,4678.0,-0.0001911677748293211,-1.7320853880539046e-13,0.0001911677748293211,1.7320853880539046e-13,4.0903101256619316e8,0.3706046381296953
2.7864e6,9.450827018182948e-6,8.567724557595438e-15,0.00015010111061562094,1.360753899176816e-13,0.0,0.0,0.0,0.0,0.0,-0.0,-0.0,2.2339869195195033e-6,161293.7831904257,0.00014622219881596963,161293.78319042572,0.00014622219881596965,4678.0,-0.00019501313850306612,-1.7679075625782833e-13,0.00019501313850306612,1.7679075625782833e-13,4.104025694109604e8,0.37205380710889285
2.808e6,1.1090902226873716e-5,1.005668934708412e-14,0.00014297067186882785,1.2963883400259568e-13,0.0,0.0,0.0,0.0,0.0,-0.0,-0.0,2.2276811741941467e-6,161293.7831904257,0.00014625333791435643,161293.78319042572,0.00014625333791435646,4678.0,-0.00019041013696520376,-1.7265462780430267e-13,0.00019041013696520376,1.7265462780430267e-13,4.1223214786848557e8,0.37379201125309935
2.8296e6,1.1733336233273165e-5,1.063626531798119e-14,0.00014061787951122326,1.2747006010890145e-13,0.0,0.0,0.0,0.0,0.0,-0.0,-0.0,2.9839441187977078e-6,161293.7831904257,0.00014621275978517865,161293.78319042572,0.00014621275978517868,4678.0,-0.00018928919100818825,-1.7159058748182357e-13,0.00018928919100818825,1.7159058748182357e-13,4.12982799782342e8,0.37436876800574925
2.8512e6,1.2650910883984048e-5,1.1470897974371938e-14,0.00013935934714667795,1.2636061288823157e-13,0.0,0.0,0.0,0.0,0.0,-0.0,-0.0,3.520629072069113e-6,161293.7831904257,0.000146249115802417,161293.78319042572,0.00014624911580241701,4678.0,-0.00019006444066354465,-1.7233619202611867e-13,0.00019006444066354465,1.7233619202611867e-13,4.291774301262169e8,0.38914593257577346
2.8728e6,1.364201754530159e-5,1.237884635199818e-14,0.0001363332814863587,1.2370961542741825e-13,0.0,0.0,0.0,0.0,0.0,-0.0,-0.0,3.6784544227733267e-6,161293.7831904257,0.00014635892037350738,161293.78319042572,0.0001463589203735074,4678.0,-0.0001878986448701199,-1.7050032715996363e-13,0.0001878986448701199,1.7050032715996363e-13,4.3539647534053254e8,0.3950813032269021
2.8944e6,1.3035556689707888e-5,1.1831942732544383e-14,0.000129995412112019,1.1799252676468415e-13,0.0,0.0,0.0,0.0,0.0,-0.0,-0.0,3.6759320659055646e-6,161293.7831904257,0.00014640102078120854,161293.78319042572,0.00014640102078120856,4678.0,-0.00018169366292191555,-1.6491731544197686e-13,0.00018215607884127568,1.6533703504480792e-13,4.3812858278226626e8,0.39767479244392523
2.916e6,1.1689880322405729e-5,1.0607202134420056e-14,0.00013246694639687423,1.2019829440579482e-13,0.0,0.0,0.0,0.0,0.0,-0.0,-0.0,5.1585089170446885e-6,161293.7831904257,0.0001463552845829373,161293.78319042572,0.00014635528458293732,4678.0,-0.00018519960474848213,-1.6804702773702773e-13,0.00018556204712928234,1.6837590189905484e-13,4.477072380195273e8,0.4062420691864474
2.9376e6,1.2209529206160567e-5,1.1090024129123743e-14,0.0001336252219890317,1.2137297934224622e-13,0.0,0.0,0.0,0.0,0.0,-0.0,-0.0,5.490448857492676e-6,161293.7831904257,0.00014650457992736716,161293.78319042572,0.0001465045799273672,4678.0,-0.00018534790713685837,-1.6835315495975022e-13,0.0001858120533000268,1.6877474305393987e-13,4.4925733863928986e8,0.4080644422539841
2.9592e6,1.2616012555840762e-5,1.1463058907469655e-14,0.00013498571036893453,1.2264962029618198e-13,0.0,0.0,0.0,0.0,0.0,-0.0,-0.0,6.747597588091958e-6,161293.7831904257,0.00014655344784549257,161293.78319042572,0.0001465534478454926,4678.0,-0.00018718294942062684,-1.7007665188864933e-13,0.0001875131705837744,1.7037669476106238e-13,4.515009108260444e8,0.4102390921590389
2.9808e6,1.372896986989756e-5,1.2489513631470247e-14,0.00012771504871769094,1.1618488910817238e-13,0.0,0.0,0.0,0.0,0.0,-0.0,-0.0,6.725217123747333e-6,161293.7831904257,0.00014673212359837888,161293.78319042572,0.0001467321235983789,4678.0,-0.00017901165858230132,-1.6285042295547208e-13,0.0001796024953405253,1.633879187629319e-13,4.542950782764346e8,0.41328115850003755
3.0024e6,1.4034576723645494e-5,1.2769393463067417e-14,0.0001278120479621699,1.1629009993580031e-13,0.0,0.0,0.0,0.0,0.0,-0.0,-0.0,6.869943112060933e-6,161293.7831904257,0.00014675353744264872,161293.78319042572,0.00014675353744264874,4678.0,-0.00018039699959457173,-1.6413464493723241e-13,0.00018095947399894354,1.6464641362992317e-13,4.579709354340587e8,0.4166859595668314
3.024e6,1.3988859354692211e-5,1.272070791483163e-14,0.0001273665298096297,1.1582019539645612e-13,0.0,0.0,0.0,0.0,0.0,-0.0,-0.0,7.711645707082957e-6,161293.7831904257,0.00014667179449161949,161293.78319042572,0.0001466717944916195,4678.0,-0.00017785235069637365,-1.617292552459542e-13,0.00017847916539716314,1.622992464456149e-13,4.5919763053019816e8,0.4175693517998019
3.0456e6,1.3158987310593204e-5,1.1967500189242677e-14,0.00013667585854473384,1.2430047422283532e-13,0.0,0.0,0.0,0.0,0.0,-0.0,-0.0,8.452613007040695e-6,161293.7831904257,0.00014668935650550985,161293.78319042572,0.00014668935650550988,4678.0,-0.00018715773817482297,-1.7021144668346482e-13,0.0001875853006837498,1.706002953300758e-13,4.61711133737621e8,0.41990526702098785
3.0672e6,1.2627016746613588e-5,1.1479560345385541e-14,0.00013992420133184105,1.272088526689827e-13,0.0,0.0,0.0,0.0,0.0,-0.0,-0.0,9.38667102412504e-6,161293.7831904257,0.00014663651396253953,161293.78319042572,0.00014663651396253956,4678.0,-0.00019016989942110095,-1.7288856743346755e-13,0.00019056528158997257,1.7324801999127527e-13,4.6517699230228794e8,0.42290490791114144
3.0888e6,1.2240815653573642e-5,1.1126637317742003e-14,0.0001430378473458842,1.3001831701170665e-13,0.0,0.0,0.0,0.0,0.0,-0.0,-0.0,1.1906233806905005e-5,161293.7831904257,0.0001466125687990765,161293.78319042572,0.00014661256879907654,4678.0,-0.00019377987950382246,-1.761417294186039e-13,0.000194123007610019,1.7645362546370591e-13,4.522169893981865e8,0.41105548619922533
3.1104e6,1.2957327362570679e-5,1.1786613329750821e-14,0.0001483097525161079,1.3490974311477094e-13,0.0,0.0,0.0,0.0,0.0,-0.0,-0.0,1.2079233687450745e-5,161293.7831904257,0.00014672064707185408,161293.78319042572,0.0001467206470718541,4678.0,-0.0001973156578144657,-1.794878910972523e-13,0.00019745645554683505,1.7961596754254897e-13,4.539782785115406e8,0.4129606576413507
3.132e6,1.2783069466498293e-5,1.1628196111914146e-14,0.0001455540107651958,1.3240408232851448e-13,0.0,0.0,0.0,0.0,0.0,-0.0,-0.0,1.3657523215328588e-5,161293.7831904257,0.00014672186109026975,161293.78319042572,0.00014672186109026977,4678.0,-0.00019512256452374732,-1.7749441572606028e-13,0.000195311517285728,1.7766629774375232e-13,4.617082763244352e8,0.41999571367932814
3.1536e6,1.2880574894003e-5,1.1725020329578234e-14,0.0001445386219549219,1.3157163362480948e-13,0.0,0.0,0.0,0.0,0.0,-0.0,-0.0,1.3631247344475597e-5,161293.7831904257,0.00014682363966711038,161293.78319042572,0.0001468236396671104,4678.0,-0.00019456638483669153,-1.7711125756699622e-13,0.00019479238294681716,1.7731698071658194e-13,4.646088223513182e8,0.4229273873409876
3.1752e6,1.3235579863772878e-5,1.2046325556195703e-14,0.00014325562115636225,1.3038369818068966e-13,0.0,0.0,0.0,0.0,0.0,-0.0,-0.0,1.7439357223369636e-5,161293.7831904257,0.000146801080307822,161293.78319042572,0.00014680108030782203,4678.0,-0.0001907932520964351,-1.7364993844884824e-13,0.00019099924544823923,1.7383742271502962e-13,4.9148998855057114e8,0.44732822215794965
3.1968e6,1.2535210722871753e-5,1.1417741606227963e-14,0.00014637087402895647,1.3332243512197607e-13,0.0,0.0,0.0,0.0,0.0,-0.0,-0.0,1.8136840544560838e-5,161293.7831904257,0.0001469150204071984,161293.78319042572,0.00014691502040719843,4678.0,-0.0001969239403282316,-1.793688767150537e-13,0.0001969239403282316,1.793688767150537e-13,4.9311818806814694e8,0.44915846866621756
3.2184e6,1.2443491685886825e-5,1.1341825055929064e-14,0.00014921185398491992,1.3600159721143286e-13,0.0,0.0,0.0,0.0,0.0,-0.0,-0.0,1.814223043567457e-5,161293.7831904257,0.00014701387020088524,161293.78319042572,0.00014701387020088526,4678.0,-0.00019723538132614907,-1.7977343066639526e-13,0.00019723538132614907,1.7977343066639526e-13,4.9533931902305907e8,0.4514851652172887
3.24e6,1.3264079450300404e-5,1.2090134175332491e-14,0.00014948193283778675,1.3625194507983373e-13,0.0,0.0,0.0,0.0,0.0,-0.0,-0.0,2.287092241380824e-5,161293.7831904257,0.00014701838056127372,161293.78319042572,0.00014701838056127375,4678.0,-0.00019759717828538755,-1.8010872198773854e-13,0.00019759717828538755,1.8010872198773854e-13,4.938857333988977e8,0.45017408154471894
3.2616e6,1.443644300178764e-5,1.31722995999685e-14,0.00015027172048997603,1.3711300792387578e-13,0.0,0.0,0.0,0.0,0.0,-0.0,-0.0,2.2857889338650264e-5,161293.7831904257,0.00014716991128171694,161293.78319042572,0.00014716991128171697,4678.0,-0.00019888073542001264,-1.8146551967753268e-13,0.00019888073542001264,1.8146551967753268e-13,4.959668855317899e8,0.45253698622846683
3.2832e6,1.3677510247093343e-5,1.248772682281808e-14,0.00015521994710070651,1.4171762709940728e-13,0.0,0.0,0.0,0.0,0.0,-0.0,-0.0,2.5671670217294876e-5,161293.7831904257,0.00014726311048671495,161293.78319042572,0.00014726311048671498,4678.0,-0.00020556021848734573,-1.876788836370487e-13,0.00020556021848734573,1.876788836370487e-13,4.9653366357338506e8,0.4533410421209662
3.3048e6,1.2893667269075308e-5,1.1773027470690691e-14,0.00015241939028663942,1.39172016111691e-13,0.0,0.0,0.0,0.0,0.0,-0.0,-0.0,2.8651925951384676e-5,161293.7831904257,0.00014727510030501155,161293.78319042572,0.00014727510030501157,4678.0,-0.0002035648257613524,-1.8587219878884315e-13,0.0002035648257613524,1.8587219878884315e-13,5.147486673098755e8,0.47000981755404037
3.3264e6,1.3421721927739322e-5,1.2263577207280143e-14,0.00015330789504058482,1.4007913570539054e-13,0.0,0.0,0.0,0.0,0.0,-0.0,-0.0,3.548462109051898e-5,161293.7831904257,0.00014737593088722702,161293.78319042572,0.00014737593088722705,4678.0,-0.00020476099322906284,-1.8709240610283858e-13,0.00020476099322906284,1.8709240610283858e-13,5.131403730404772e8,0.4688620891443526
3.348e6,1.3641214732233843e-5,1.2480853810869137e-14,0.00015323336378232405,1.4019889356303195e-13,0.0,0.0,0.0,0.0,0.0,-0.0,-0.0,3.5368237223584686e-5,161293.7831904257,0.00014757367053572278,161293.78319042572,0.0001475736705357228,4678.0,-0.00020480526013876593,-1.8738393623031662e-13,0.00020480526013876593,1.8738393623031662e-13,5.158266812028288e8,0.4719489815394209
3.3696e6,1.3491424921963682e-5,1.234366885275335e-14,0.00015597529278668865,1.4270600581527779e-13,0.0,0.0,0.0,0.0,0.0,-0.0,-0.0,4.101405554958073e-5,161293.7831904257,0.00014757203625461268,161293.78319042572,0.0001475720362546127,4678.0,-0.00020576472640862747,-1.8825970266718184e-13,0.00020576472640862747,1.8825970266718184e-13,5.238538904649112e8,0.4792880654584127
3.3912e6,1.3767665505405365e-5,1.2606132558590673e-14,0.00015739647040941872,1.4411744456287228e-13,0.0,0.0,0.0,0.0,0.0,-0.0,-0.0,4.3337094194202516e-5,161293.7831904257,0.00014768595380072196,161293.78319042572,0.000147685953800722,4678.0,-0.00021008062060455477,-1.923568051745776e-13,0.00021008062060455477,1.923568051745776e-13,5.2545748077580947e8,0.4811263502851882
3.4128e6,1.3542702952214767e-5,1.2405378137704448e-14,0.00015818333540032795,1.448989982020894e-13,0.0,0.0,0.0,0.0,0.0,-0.0,-0.0,4.321579260232293e-5,161293.7831904257,0.00014774822860682478,161293.78319042572,0.0001477482286068248,4678.0,-0.00021373845803637136,-1.9578856627564404e-13,0.00021373845803637136,1.9578856627564404e-13,5.2734891030301327e8,0.48306181313276136
3.4344e6,1.2990063042375236e-5,1.1892535503456892e-14,0.0001592499265252571,1.4579493563244665e-13,0.0,0.0,0.0,0.0,0.0,-0.0,-0.0,4.813789876566003e-5,161293.7831904257,0.00014766610730229944,161293.78319042572,0.00014766610730229947,4678.0,-0.00021668325208547366,-1.9837573228280547e-13,0.00021668325208547366,1.9837573228280547e-13,5.272694159407454e8,0.4827205401934462
3.456e6,1.2224874836087089e-5,1.1194422845188044e-14,0.00016499723808975842,1.5108938751769844e-13,0.0,0.0,0.0,0.0,0.0,-0.0,-0.0,4.931751998608617e-5,161293.7831904257,0.00014769810207002808,161293.78319042572,0.0001476981020700281,4678.0,-0.00022383050365994126,-2.0496351391870745e-13,0.00022383050365994126,2.0496351391870745e-13,5.3017631260998577e8,0.4854870013342771
3.4776e6,1.2691450963392381e-5,1.1619194133093007e-14,0.0001683229692426928,1.54101943294805e-13,0.0,0.0,0.0,0.0,0.0,-0.0,-0.0,5.1130776334585634e-5,161293.7831904257,0.00014766662887925845,161293.78319042572,0.00014766662887925847,4678.0,-0.0002276493548979411,-2.084160476577643e-13,0.0002276493548979411,2.084160476577643e-13,5.329441984393802e8,0.48791758496599824
3.4992e6,1.2293056896242233e-5,1.1250169911923559e-14,0.00017016602721200877,1.5572991612503665e-13,0.0,0.0,0.0,0.0,0.0,-0.0,-0.0,5.8835343932333515e-5,161293.7831904257,0.00014761035289635193,161293.78319042572,0.00014761035289635196,4678.0,-0.00022936512829809422,-2.0990683497222625e-13,0.00022936512829809422,2.0990683497222625e-13,5.3317837993294156e8,0.48794595341402136
3.5208e6,1.2993621617011094e-5,1.1890506099654535e-14,0.00017223204967204965,1.5761011806749773e-13,0.0,0.0,0.0,0.0,0.0,-0.0,-0.0,6.23639333263807e-5,161293.7831904257,0.00014760047424740053,161293.78319042572,0.00014760047424740056,4678.0,-0.00023250218735710421,-2.1276352032087259e-13,0.00023250218735710421,2.1276352032087259e-13,5.3457413324396044e8,0.48919055667537537
3.5424e6,1.2832348306905303e-5,1.1745759877741542e-14,0.00017772241958998098,1.6267364440784664e-13,0.0,0.0,0.0,0.0,0.0,-0.0,-0.0,6.982956656341571e-5,161293.7831904257,0.0001476361147482081,161293.78319042572,0.00014763611474820812,4678.0,-0.00023822136246729215,-2.1804979528053684e-13,0.00023822136246729215,2.1804979528053684e-13,5.358362005522942e8,0.49046388041866085
3.564e6,1.4530443897174584e-5,1.3298181522952908e-14,0.0001812643466153348,1.6589212291022237e-13,0.0,0.0,0.0,0.0,0.0,-0.0,-0.0,8.133437920536309e-5,161293.7831904257,0.0001476151742210137,161293.78319042572,0.00014761517422101373,4678.0,-0.00024357442316292493,-2.2291795876924018e-13,0.00024357442316292493,2.2291795876924018e-13,5.457177095033015e8,0.4994378157074821
3.5856e6,1.2908027658719569e-5,1.1821258501388515e-14,0.0001849209046610896,1.693518075809735e-13,0.0,0.0,0.0,0.0,0.0,-0.0,-0.0,8.351874630447527e-5,161293.7831904257,0.00014771393090972607,161293.78319042572,0.0001477139309097261,4678.0,-0.00024947337701936777,-2.284693957072635e-13,0.00024947337701936777,2.284693957072635e-13,5.420805237593493e8,0.49644098768246714
3.6072e6,1.2668740633281966e-5,1.160286489019425e-14,0.00018539879611274062,1.6980039645373348e-13,0.0,0.0,0.0,0.0,0.0,-0.0,-0.0,9.306421134477263e-5,161293.7831904257,0.00014772344214469647,161293.78319042572,0.0001477234421446965,4678.0,-0.0002511494660147472,-2.300191791564549e-13,0.0002511494660147472,2.300191791564549e-13,5.493105248227439e8,0.5030946632166431
3.6288e6,1.4894146246239e-5,1.3642927229458932e-14,0.00018356254476870306,1.681419262930962e-13,0.0,0.0,0.0,0.0,0.0,-0.0,-0.0,9.280689764253821e-5,161293.7831904257,0.00014774390624684304,161293.78319042572,0.00014774390624684307,4678.0,-0.0002446420953540354,-2.2409034052692091e-13,0.0002459736807493013,2.2531006284917287e-13,5.541417999652232e8,0.5075897689426793
3.6504e6,1.4708393818692816e-5,1.3466769458221342e-14,0.00018267402703724925,1.672534090696627e-13,0.0,0.0,0.0,0.0,0.0,-0.0,-0.0,0.00010451189676993513,161293.7831904257,0.00014767800074194924,161293.78319042572,0.00014767800074194927,4678.0,-0.0002444070579704279,-2.237751819962084e-13,0.0002460627412110903,2.2529109901425183e-13,5.571020152746087e8,0.5100736692866455
3.672e6,1.5327379628265947e-5,1.4037209901350336e-14,0.00018272250103300658,1.6734198296817397e-13,0.0,0.0,0.0,0.0,0.0,-0.0,-0.0,0.00011671347060442993,161293.7831904257,0.0001477170100394419,161293.78319042572,0.00014771701003944192,4678.0,-0.00024416476931438265,-2.2361239823799734e-13,0.00024594902820219777,2.2524646858361743e-13,5.736789351162783e8,0.5253899768594296
3.6936e6,1.5493968249764405e-5,1.4193232721782665e-14,0.00017833538548112841,1.633639354269985e-13,0.0,0.0,0.0,0.0,0.0,-0.0,-0.0,0.00011811939837306301,161293.7831904257,0.00014775299422943366,161293.78319042572,0.0001477529942294337,4678.0,-0.0002441981013809481,-2.2369740451546205e-13,0.0002458047511048695,2.2516917424329475e-13,5.748768624427125e8,0.5266153230397724
3.7152e6,1.4402747035972516e-5,1.3194160123594674e-14,0.00017907850645601688,1.640513773499964e-13,0.0,0.0,0.0,0.0,0.0,-0.0,-0.0,0.00013444566713850066,161293.7831904257,0.00014775903492851575,161293.78319042572,0.00014775903492851577,4678.0,-0.0002465118326028709,-2.2582612772407314e-13,0.0002479723796291067,2.2716411493471179e-13,5.763402159393051e8,0.5279774112381234
3.7368e6,1.3897224521880716e-5,1.2734136945483433e-14,0.00017756590357488136,1.627050444073162e-13,0.0,0.0,0.0,0.0,0.0,-0.0,-0.0,0.0001341638340558245,161293.7831904257,0.00014779477156522434,161293.78319042572,0.00014779477156522436,4678.0,-0.00024512596456576624,-2.2461086361233786e-13,0.0002466512257002919,2.260084724754668e-13,5.779579470304607e8,0.5295874463730937
3.7584e6,1.3671422716333606e-5,1.2522310531647502e-14,0.00017855463507002937,1.6354673786368972e-13,0.0,0.0,0.0,0.0,0.0,-0.0,-0.0,0.00014851233407430503,161293.7831904257,0.00014773669733155595,161293.78319042572,0.00014773669733155598,4678.0,-0.0002451289252039052,-2.2452531718041214e-13,0.00024665694694852653,2.2592490544436056e-13,5.805094686177533e8,0.5317164119216605
3.78e6,1.3686980351982622e-5,1.2536580102041244e-14,0.0001842044527849481,1.687219399826686e-13,0.0,0.0,0.0,0.0,0.0,-0.0,-0.0,0.0001530564926714312,161293.7831904257,0.00014773692815560582,161293.78319042572,0.00014773692815560585,4678.0,-0.0002525568660149194,-2.313292851814386e-13,0.0002539506194956853,2.3260589270952564e-13,5.844265931938853e8,0.5353051301981966
3.8016e6,1.3406923672321844e-5,1.2284439979256916e-14,0.00018032509317172918,1.6522752258187397e-13,0.0,0.0,0.0,0.0,0.0,-0.0,-0.0,0.00016150739703354346,161293.7831904257,0.00014778959342631344,161293.78319042572,0.00014778959342631346,4678.0,-0.0002483244527687784,-2.275336915445853e-13,0.0002497794727138225,2.288668911375998e-13,5.884918954301054e8,0.5392208939486176
3.8232e6,1.3492182339713372e-5,1.2362268763033445e-14,0.00017947707988516276,1.6444662860907801e-13,0.0,0.0,0.0,0.0,0.0,-0.0,-0.0,0.00017738496299271527,161293.7831904257,0.00014778610660614954,161293.78319042572,0.00014778610660614956,4678.0,-0.00025026501062520054,-2.293063676011568e-13,0.00025178799922865957,2.307018123086879e-13,6.026867334270942e8,0.5522142519976284
3.8448e6,1.4349526008128792e-5,1.3150520378608292e-14,0.00018316386909556163,1.6785921652056188e-13,0.0,0.0,0.0,0.0,0.0,-0.0,-0.0,0.0001892169250054046,161293.7831904257,0.00014781653286575117,161293.78319042572,0.0001478165328657512,4678.0,-0.00025436183802856303,-2.33108085426654e-13,0.00025576421969407225,2.343932880640386e-13,6.049203734221168e8,0.5543749454592776
3.8664e6,1.57645693176627e-5,1.4446997097073233e-14,0.00018818501383189058,1.7245687425764023e-13,0.0,0.0,0.0,0.0,0.0,-0.0,-0.0,0.0002076176154809471,161293.7831904257,0.00014781316067526566,161293.78319042572,0.00014781316067526568,4678.0,-0.00025955535464240904,-2.3786221998766614e-13,0.00026090263820543737,2.3909690019565617e-13,6.040505475454972e8,0.5535651707971394
3.888e6,1.5289707100841274e-5,1.4020534514538552e-14,0.00018944239604002064,1.7371710489142379e-13,0.0,0.0,0.0,0.0,0.0,-0.0,-0.0,0.0002074080030157962,161293.7831904257,0.00014790506052777378,161293.78319042572,0.0001479050605277738,4678.0,-0.00026416433176796754,-2.4223649979920245e-13,0.00026520937199029873,2.431947930097682e-13,6.077041490914392e8,0.5572596610759141
3.9096e6,1.6261090511135173e-5,1.4906130713397495e-14,0.0001883828515380495,1.7268579910220866e-13,0.0,0.0,0.0,0.0,0.0,-0.0,-0.0,0.00021307541516588048,161293.7831904257,0.00014785393475600555,161293.78319042572,0.00014785393475600557,4678.0,-0.0002633180045889605,-2.4137696010647453e-13,0.00026444476850447053,2.4240983611169885e-13,6.078400741537218e8,0.5571916343477812
3.9312e6,1.544534590865489e-5,1.4153078986992841e-14,0.00019182279685887264,1.757735444389242e-13,0.0,0.0,0.0,0.0,0.0,-0.0,-0.0,0.0002143653222543083,161293.7831904257,0.00014779880406082783,161293.78319042572,0.00014779880406082786,4678.0,-0.0002677433886372189,-2.45342082335901e-13,0.00026811218668282153,2.456800241275923e-13,6.077219763450197e8,0.5568756558907988
3.9528e6,1.533223661338584e-5,1.4042010857558372e-14,0.00019023526885830736,1.7422674709224853e-13,0.0,0.0,0.0,0.0,0.0,-0.0,-0.0,0.00021833608714268593,161293.7831904257,0.00014772072150512323,161293.78319042572,0.00014772072150512325,4678.0,-0.00026820286138258374,-2.456332749440128e-13,0.00026820286138258374,2.456332749440128e-13,6.111817103205597e8,0.5597500500853
3.9744e6,1.580354805879299e-5,1.4467601661072368e-14,0.0001911594341494708,1.7499985046027472e-13,0.0,0.0,0.0,0.0,0.0,-0.0,-0.0,0.00022074571632289824,161293.7831904257,0.00014765887995057454,161293.78319042572,0.00014765887995057457,4678.0,-0.00027027219068092044,-2.474248428447907e-13,0.00027027219068092044,2.474248428447907e-13,6.14728088176155e8,0.5627623035358075
3.996e6,1.5845815919732553e-5,1.4498640058964443e-14,0.00018949107767510088,1.7338096968394736e-13,0.0,0.0,0.0,0.0,0.0,-0.0,-0.0,0.00022669015295760037,161293.7831904257,0.00014758094616727703,161293.78319042572,0.00014758094616727706,4678.0,-0.0002698617478589099,-2.4691870508334104e-13,0.0002698617478589099,2.4691870508334104e-13,6.184416432995262e8,0.5658631167429117
4.0176e6,1.537640449273723e-5,1.4063622898115978e-14,0.0001975079036697721,1.80645395867485e-13,0.0,0.0,0.0,0.0,0.0,-0.0,-0.0,0.00023411570972511233,161293.7831904257,0.00014752310552652612,161293.78319042572,0.00014752310552652615,4678.0,-0.000277480101785708,-2.537898580313917e-13,0.000277480101785708,2.537898580313917e-13,6.220976729883146e8,0.5689852320700548
4.0392e6,1.4148515779852013e-5,1.2937561656713746e-14,0.00020084977983839665,1.8365929337245417e-13,0.0,0.0,0.0,0.0,0.0,-0.0,-0.0,0.00024100203365207064,161293.7831904257,0.00014748884599205485,161293.78319042572,0.00014748884599205487,4678.0,-0.0002802391840859601,-2.5625385582155987e-13,0.0002802391840859601,2.5625385582155987e-13,6.290931908643152e8,0.5752498757654844
4.0608e6,1.4990249134343725e-5,1.3704835675403403e-14,0.0002019577671856684,1.8463989409687272e-13,0.0,0.0,0.0,0.0,0.0,-0.0,-0.0,0.00024903410806804873,161293.7831904257,0.00014746284563239875,161293.78319042572,0.00014746284563239877,4678.0,-0.00028092594384121754,-2.5683655173420483e-13,0.00028092594384121754,2.5683655173420483e-13,6.374803650809511e8,0.582816440969918
4.0824e6,1.580282714733212e-5,1.4448275629253625e-14,0.00019870994308206184,1.8167736704046797e-13,0.0,0.0,0.0,0.0,0.0,-0.0,-0.0,0.00026062883044780167,161293.7831904257,0.00014746836215403226,161293.78319042572,0.00014746836215403229,4678.0,-0.00027566531396989145,-2.5203644895490326e-13,0.00027566531396989145,2.5203644895490326e-13,6.429245533293134e8,0.5878157793357193
4.104e6,1.430685617879114e-5,1.3083476473554199e-14,0.0001983897217908902,1.8142541067085728e-13,0.0,0.0,0.0,0.0,0.0,-0.0,-0.0,0.00026942466000768635,161293.7831904257,0.00014750154690384222,161293.78319042572,0.00014750154690384225,4678.0,-0.0002771558236350272,-2.534562207602906e-13,0.0002771558236350272,2.534562207602906e-13,6.489142323668103e8,0.5934255566999775
4.1256e6,1.4082637753275205e-5,1.2883773985917874e-14,0.0002013758013922557,1.8423255336291732e-13,0.0,0.0,0.0,0.0,0.0,-0.0,-0.0,0.0002715897551293166,161293.7831904257,0.00014756274246106955,161293.78319042572,0.00014756274246106958,4678.0,-0.0002780779658584984,-2.5440501455428343e-13,0.0002780779658584984,2.5440501455428343e-13,6.52796905692153e8,0.5972238964740972
4.1472e6,1.4527442191776324e-5,1.3291283686647835e-14,0.00020261561467985683,1.853747947163725e-13,0.0,0.0,0.0,0.0,0.0,-0.0,-0.0,0.00027894298358099054,161293.7831904257,0.00014756909034476683,161293.78319042572,0.00014756909034476686,4678.0,-0.0002812640592292019,-2.573309432399358e-13,0.0002812640592292019,2.573309432399358e-13,6.567878048906865e8,0.6009008964891588
4.1688e6,1.3219518759534593e-5,1.2096648526721577e-14,0.0002053132421335699,1.878738684175003e-13,0.0,0.0,0.0,0.0,0.0,-0.0,-0.0,0.00028740762788243864,161293.7831904257,0.00014759343666671443,161293.78319042572,0.00014759343666671446,4678.0,-0.0002848712587288575,-2.606742011483839e-13,0.0002848712587288575,2.606742011483839e-13,6.615447158196898e8,0.6053528920036443
4.1904e6,1.42652521582287e-5,1.3057736477292264e-14,0.000205338528316494,1.8795716764425722e-13,0.0,0.0,0.0,0.0,0.0,-0.0,-0.0,0.0002919434444958686,161293.7831904257,0.00014764069313076954,161293.78319042572,0.00014764069313076957,4678.0,-0.0002875053368002948,-2.631687741732536e-13,0.0002875053368002948,2.631687741732536e-13,6.658249711897477e8,0.6094646570114316
4.212e6,1.4032563825969354e-5,1.2848116291918819e-14,0.0002059149845460165,1.885343049571435e-13,0.0,0.0,0.0,0.0,0.0,-0.0,-0.0,0.0002959240132727464,161293.7831904257,0.00014767944826725037,161293.78319042572,0.0001476794482672504,4678.0,-0.00028931528234793974,-2.648950283594296e-13,0.00028931528234793974,2.648950283594296e-13,6.696275497547185e8,0.6131062532991516
4.2336e6,1.4010116836350958e-5,1.2829696240326918e-14,0.00020594841998278652,1.885962622880325e-13,0.0,0.0,0.0,0.0,0.0,-0.0,-0.0,0.00030623202961400366,161293.7831904257,0.0001477039961877497,161293.78319042572,0.00014770399618774973,4678.0,-0.00028832008864421144,-2.640277165777592e-13,0.00028832008864421144,2.640277165777592e-13,6.713123883344026e8,0.6147510492098096
4.2552e6,1.5470925338537252e-5,1.4168754007654861e-14,0.00020294146179027485,1.8586009479974383e-13,0.0,0.0,0.0,0.0,0.0,-0.0,-0.0,0.0003123442729999863,161293.7831904257,0.00014771785701121043,161293.78319042572,0.00014771785701121046,4678.0,-0.00028674369688550726,-2.626087848989925e-13,0.00028674369688550726,2.626087848989925e-13,6.715869845567219e8,0.615060222365896
4.2768e6,1.5150246886312347e-5,1.3876911681521122e-14,0.00020345687151175594,1.8635689953792214e-13,0.0,0.0,0.0,0.0,0.0,-0.0,-0.0,0.00036658498418888397,161293.7831904257,0.000147737498993111,161293.78319042572,0.00014773749899311102,4678.0,-0.0002884910594019577,-2.6424420554138384e-13,0.0002884910594019577,2.6424420554138384e-13,6.741968550225883e8,0.6175325249359683
4.2984e6,1.507293384361457e-5,1.3823539231821194e-14,0.00020487121175429013,1.8788944889822706e-13,0.0,0.0,0.0,0.0,0.0,-0.0,-0.0,0.00041447847296140444,161293.7831904257,0.00014792415085973927,161293.78319042572,0.0001479241508597393,4678.0,-0.0002885780031081291,-2.6465778917326005e-13,0.0002885780031081291,2.6465778917326005e-13,6.749006754051495e8,0.6189581975773097
4.32e6,1.4098296924184331e-5,1.294864513895213e-14,0.0002122716810347119,1.9496189401801406e-13,0.0,0.0,0.0,0.0,0.0,-0.0,-0.0,0.0004874294544763389,161293.7831904257,0.00014814101113654467,161293.78319042572,0.0001481410111365447,4678.0,-0.0002965066800210312,-2.723279131917765e-13,0.0002965066800210312,2.723279131917765e-13,6.78510252459856e8,0.6231808373373301
4.3416e6,1.4214017095983095e-5,1.3070474904680728e-14,0.0002123473509086574,1.9526364027741281e-13,0.0,0.0,0.0,0.0,0.0,-0.0,-0.0,0.0004857376617395687,161293.7831904257,0.0001483174201378476,161293.78319042572,0.00014831742013784763,4678.0,-0.00029849064018488264,-2.744765533538819e-13,0.00029849064018488264,2.744765533538819e-13,6.807916608421999e8,0.6260207975174417
4.3632e6,1.3454347724415278e-5,1.2380674639217873e-14,0.00021465799178663813,1.975280265869424e-13,0.0,0.0,0.0,0.0,0.0,-0.0,-0.0,0.0005151731711882291,161293.7831904257,0.0001484223458403291,161293.78319042572,0.00014842234584032914,4678.0,-0.0003034330186433913,-2.792186998261058e-13,0.0003034330186433913,2.792186998261058e-13,6.901614433967698e8,0.6350857324523131
4.3848e6,1.2835602197147664e-5,1.1818813341734824e-14,0.00021733274129386422,2.001164466572924e-13,0.0,0.0,0.0,0.0,0.0,-0.0,-0.0,0.0005992744435033423,161293.7831904257,0.00014851668721343724,161293.78319042572,0.00014851668721343726,4678.0,-0.00030603617746568075,-2.8179312522545164e-13,0.00030603617746568075,2.8179312522545164e-13,6.960149883182255e8,0.640879259393911
4.4064e6,1.1710713922939907e-5,1.0797411097164347e-14,0.0002197620287758341,2.026230837721505e-13,0.0,0.0,0.0,0.0,0.0,-0.0,-0.0,0.0005973000456447234,161293.7831904257,0.00014871469800935205,161293.78319042572,0.00014871469800935207,4678.0,-0.00031035104482377024,-2.8614718431747676e-13,0.00031035104482377024,2.8614718431747676e-13,6.982584462114294e8,0.6438022092780578
4.428e6,1.3572573384154128e-5,1.2517053983065017e-14,0.00020718506101252536,1.9107257848435072e-13,0.0,0.0,0.0,0.0,0.0,-0.0,-0.0,0.0005957080185546404,161293.7831904257,0.00014875019896259465,161293.78319042572,0.00014875019896259467,4678.0,-0.0002965450734752286,-2.734831920256919e-13,0.0002965450734752286,2.734831920256919e-13,7.003760328475893e8,0.6459088017776482
4.4496e6,1.5770948846265013e-5,1.4551141506475625e-14,0.00020123945986077338,1.85674551713122e-13,0.0,0.0,0.0,0.0,0.0,-0.0,-0.0,0.0006111282762265264,161293.7831904257,0.0001488184817665247,161293.78319042572,0.00014881848176652473,4678.0,-0.000290965855770894,-2.684610407494762e-13,0.0002922039919687619,2.6960341304394545e-13,7.403787981939212e8,0.6831140450668274
4.4712e6,1.7955413984868325e-5,1.6557763639556332e-14,0.00019546327959028573,1.8024840788387985e-13,0.0,0.0,0.0,0.0,0.0,-0.0,-0.0,0.0006094084511598587,161293.7831904257,0.0001487386668359514,161293.78319042572,0.00014873866683595143,4678.0,-0.00028353395037052087,-2.6146365313443414e-13,0.00028498560579874637,2.6280231162968763e-13,7.416500028123283e8,0.683919928562587
4.4928e6,1.9318489657227576e-5,1.779249060500663e-14,0.00019222768472194207,1.7704330592726937e-13,0.0,0.0,0.0,0.0,0.0,-0.0,-0.0,0.0007162289393902254,161293.7831904257,0.00014855292380416227,161293.78319042572,0.0001485529238041623,4678.0,-0.0002780404758338598,-2.5607760450541756e-13,0.0002796342282621391,2.5754546382620337e-13,7.424405883851063e8,0.683793993630109
4.5144e6,1.7402240740914085e-5,1.6034016436114483e-14,0.00019339029510465145,1.78185281795506e-13,0.0,0.0,0.0,0.0,0.0,-0.0,-0.0,0.0007140864188896202,161293.7831904257,0.00014861230856541563,161293.78319042572,0.00014861230856541566,4678.0,-0.0002820715303975867,-2.598940919097586e-13,0.0002835228509921818,2.612313046638092e-13,7.442553243929075e8,0.6857393988307031
4.536e6,1.639280314571563e-5,1.509493063429729e-14,0.00019144839531554792,1.7629079185831726e-13,0.0,0.0,0.0,0.0,0.0,-0.0,-0.0,0.0007800968190415548,161293.7831904257,0.00014852362023509033,161293.78319042572,0.00014852362023509035,4678.0,-0.0002809271900810889,-2.586852541244839e-13,0.00028255254523433656,2.6018192452772633e-13,7.473306642413204e8,0.6881620206946969
4.5576e6,1.613226732186779e-5,1.4857833955031067e-14,0.00019223085344686967,1.7704480371930874e-13,0.0,0.0,0.0,0.0,0.0,-0.0,-0.0,0.0008894107299608603,161293.7831904257,0.0001485517318060821,161293.78319042572,0.00014855173180608212,4678.0,-0.00028190956142859003,-2.5963898133301393e-13,0.0002834664160707951,2.6107284597860203e-13,7.486701922361914e8,0.6895259780531973
4.5792e6,1.572608431965263e-5,1.449422557874706e-14,0.00019197621500869347,1.7693829624280644e-13,0.0,0.0,0.0,0.0,0.0,-0.0,-0.0,0.0009944864206047769,161293.7831904257,0.0001486592867297554,161293.78319042572,0.00014865928672975543,4678.0,-0.0002843077317288308,-2.620372823710385e-13,0.00028581166824650074,2.6342341223656277e-13,7.516424183113594e8,0.6927646160427333
4.6008e6,1.6606918100047847e-5,1.5322824086179104e-14,0.00019030314347559548,1.7558836461745729e-13,0.0,0.0,0.0,0.0,0.0,-0.0,-0.0,0.0010157905400447823,161293.7831904257,0.00014882209035607183,161293.78319042572,0.00014882209035607186,4678.0,-0.00028040853218226847,-2.5872654908078416e-13,0.00028197097006657816,2.60168174835944e-13,7.550111945640925e8,0.6966315873725062
4.6224e6,1.6172413129094357e-5,1.4927156140789934e-14,0.0001885309053953339,1.7401424510593364e-13,0.0,0.0,0.0,0.0,0.0,-0.0,-0.0,0.0010742484154224485,161293.7831904257,0.00014887434961025078,161293.78319042572,0.0001488743496102508,4678.0,-0.000280804058032319,-2.5918247238410677e-13,0.0002824560593683705,2.607072715400021e-13,7.691116579977578e8,0.7098909554802639
4.644e6,1.7436398049793376e-5,1.6101798565360663e-14,0.00019186050506309952,1.771753085902393e-13,0.0,0.0,0.0,0.0,0.0,-0.0,-0.0,0.0010851087709793268,161293.7831904257,0.0001489481944241326,161293.78319042572,0.00014894819442413262,4678.0,-0.0002802275834000543,-2.58778681668084e-13,0.00028192445848302197,2.6034567622157484e-13,7.729038299724681e8,0.7137449916589812
4.6656e6,1.7744665962577366e-5,1.6390086642286043e-14,0.00019190829108072164,1.7725853644241933e-13,0.0,0.0,0.0,0.0,0.0,-0.0,-0.0,0.0012309017917485272,161293.7831904257,0.00014898105644414164,161293.78319042572,0.00014898105644414167,4678.0,-0.0002808939636206362,-2.594512858538291e-13,0.0002825386861976834,2.6097045480280673e-13,7.765010461687526e8,0.7172250777429151
4.6872e6,1.738987461229449e-5,1.6070005518022376e-14,0.0001930592362473499,1.7840628877258748e-13,0.0,0.0,0.0,0.0,0.0,-0.0,-0.0,0.0013410859634661093,161293.7831904257,0.00014905179270587323,161293.78319042572,0.00014905179270587325,4678.0,-0.0002834619954420608,-2.619475949345281e-13,0.00028505149662046375,2.634164550199125e-13,7.783380078783985e8,0.71926315516096
4.7088e6,1.8623206708879957e-5,1.7228707338636017e-14,0.0001936005324626704,1.7910379058473405e-13,0.0,0.0,0.0,0.0,0.0,-0.0,-0.0,0.0013438592511417673,161293.7831904257,0.00014921615968555084,161293.78319042572,0.00014921615968555086,4678.0,-0.00028504982862681436,-2.637053946245489e-13,0.00028663553781272153,2.651723664471381e-13,7.805994423557248e8,0.7221484221960878
4.7304e6,1.757327778369123e-5,1.625802306186628e-14,0.00019523906766049853,1.8062659133217898e-13,0.0,0.0,0.0,0.0,0.0,-0.0,-0.0,0.0013960690081874418,161293.7831904257,0.00014922190834991671,161293.78319042572,0.00014922190834991674,4678.0,-0.00028588234199691185,-2.644857587967779e-13,0.0002873940141779147,2.658842913575922e-13,7.833584360442082e8,0.724728743019909
4.752e6,1.7596649110649934e-5,1.6276381936210075e-14,0.00019622847407884354,1.815055565854259e-13,0.0,0.0,0.0,0.0,0.0,-0.0,-0.0,0.0015520559475128383,161293.7831904257,0.0001491919968759702,161293.78319042572,0.00014919199687597021,4678.0,-0.0002909493426948234,-2.6911956907318864e-13,0.0002924294436647636,2.7048861885871407e-13,7.862713123387394e8,0.7272777961666
4.7736e6,1.7268396381329653e-5,1.5978422040572153e-14,0.0002005400939371211,1.8555945706966546e-13,0.0,0.0,0.0,0.0,0.0,-0.0,-0.0,0.001583867246187791,161293.7831904257,0.0001492449028517563,161293.78319042572,0.00014924490285175634,4678.0,-0.00029464877631312105,-2.726380839137695e-13,0.00029607282549856743,2.7395575455261337e-13,7.887338568970165e8,0.729814289925303
4.7952e6,1.678696908082552e-5,1.5531357712735884e-14,0.00020254975249504403,1.873996815911181e-13,0.0,0.0,0.0,0.0,0.0,-0.0,-0.0,0.0016598865833772124,161293.7831904257,0.0001492295262777583,161293.78319042572,0.00014922952627775831,4678.0,-0.0002958788545707809,-2.737480666013935e-13,0.00029734740933414037,2.7510677818540007e-13,7.920712095067936e8,0.7328268271406393
4.8168e6,1.6860017691890915e-5,1.559714942342075e-14,0.00020333387219435088,1.8810352666375762e-13,0.0,0.0,0.0,0.0,0.0,-0.0,-0.0,0.0018206158450282508,161293.7831904257,0.000149212372339317,161293.78319042572,0.00014921237233931703,4678.0,-0.0002957414024413664,-2.735894427197761e-13,0.000297279855692793,2.750126609916638e-13,7.973261680285354e8,0.7376039343022658
4.8384e6,1.5458780082347053e-5,1.4306939062360755e-14,0.00020547307788979394,1.9016318161365964e-13,0.0,0.0,0.0,0.0,0.0,-0.0,-0.0,0.002002908296459229,161293.7831904257,0.00014927570707071538,161293.78319042572,0.0001492757070707154,4678.0,-0.0003018473197861255,-2.79356533136045e-13,0.0003032828776869666,2.806851269382997e-13,8.207654684890397e8,0.7596098449949502
4.86e6,1.4587408498975251e-5,1.3509105519049187e-14,0.00020621954531757934,1.9097577187759066e-13,0.0,0.0,0.0,0.0,0.0,-0.0,-0.0,0.0020416924238612984,161293.7831904257,0.00014937092745700308,161293.78319042572,0.0001493709274570031,4678.0,-0.00030475957330114954,-2.8223170921379563e-13,0.00030566093156046676,2.8306643896284174e-13,8.262232958248973e8,0.765148771036282
4.8816e6,1.4186999804220453e-5,1.3145165978192334e-14,0.0002067800641840122,1.915950026214483e-13,0.0,0.0,0.0,0.0,0.0,-0.0,-0.0,0.0023038248074695074,161293.7831904257,0.00014944904352913091,161293.78319042572,0.00014944904352913094,4678.0,-0.0003087267931090512,-2.860551909027475e-13,0.00030955619483252013,2.86823684838608e-13,8.309085320070777e8,0.7698900906927403
4.9032e6,1.4555939626061485e-5,1.3494340333590668e-14,0.00020965305357824803,1.9436255780396486e-13,0.0,0.0,0.0,0.0,0.0,-0.0,-0.0,0.0024928239867657983,161293.7831904257,0.0001495302440089137,161293.78319042572,0.00014953024400891373,4678.0,-0.0003138546406247584,-2.909644753049343e-13,0.0003146241749290113,2.916778856423452e-13,8.318306882105056e8,0.7711632979392034
4.9248e6,1.3973359615384576e-5,1.2967305501717254e-14,0.00021296962552517492,1.9763623586490354e-13,0.0,0.0,0.0,0.0,0.0,-0.0,-0.0,0.002564974513032068,161293.7831904257,0.0001496809514481556,161293.78319042572,0.00014968095144815563,4678.0,-0.00032121832935712194,-2.980912482162861e-13,0.0003218717727240542,2.9869764495982605e-13,8.338210868122734e8,0.773787626174328
4.9464e6,1.290075296638969e-5,1.197777169716415e-14,0.00021094625374505507,1.9585415473911068e-13,0.0,0.0,0.0,0.0,0.0,-0.0,-0.0,0.0025576677337447013,161293.7831904257,0.0001497540582522657,161293.78319042572,0.00014975405825226574,4678.0,-0.00032236161864807744,-2.992983341479737e-13,0.00032302286541704343,2.9991227217583897e-13,8.359714308408691e8,0.7761620558157052
4.968e6,1.405544870727268e-5,1.3050431009752492e-14,0.000210374779477959,1.9533218774783118e-13,0.0,0.0,0.0,0.0,0.0,-0.0,-0.0,0.0030155097677844293,161293.7831904257,0.00014976066816987956,161293.78319042572,0.0001497606681698796,4678.0,-0.00032152949709206286,-2.985389230035184e-13,0.00032216709751492755,2.9913093258668307e-13,8.306065816794438e8,0.7712150722619855
4.9896e6,1.3516829395308328e-5,1.2561231039602463e-14,0.00021162720240962548,1.966658086736459e-13,0.0,0.0,0.0,0.0,0.0,-0.0,-0.0,0.003078844354587933,161293.7831904257,0.0001498908077222402,161293.78319042572,0.00014989080772224024,4678.0,-0.00032548240511325575,-3.024717979626339e-13,0.00032601005909393776,3.0296214842622803e-13,8.324986373851662e8,0.7736435386229692
5.0112e6,1.3250912866995281e-5,1.2321213223572946e-14,0.00021292570678785194,1.979865885804433e-13,0.0,0.0,0.0,0.0,0.0,-0.0,-0.0,0.003381552783905297,161293.7831904257,0.0001499772215147484,161293.78319042572,0.00014997722151474842,4678.0,-0.0003287230413498413,-3.056594458530465e-13,0.0003295952086661989,3.0647042088392453e-13,8.351624365422639e8,0.7765664569862429
5.0328e6,1.2663068630767553e-5,1.1783887882832233e-14,0.00021585197811908844,2.008656498364662e-13,0.0,0.0,0.0,0.0,0.0,-0.0,-0.0,0.003370970279939396,161293.7831904257,0.00015009536098507432,161293.78319042572,0.00015009536098507434,4678.0,-0.00033346758870921245,-3.103153581873613e-13,0.00033420387666706304,3.110005266088377e-13,8.376182019971782e8,0.7794634356614073
5.0544e6,1.353192478142304e-5,1.2591527484003506e-14,0.0002119904267348206,1.9725821179863365e-13,0.0,0.0,0.0,0.0,0.0,-0.0,-0.0,0.003609855987354381,161293.7831904257,0.00015008471720366533,161293.78319042572,0.00015008471720366536,4678.0,-0.00033102777518634276,-3.080230932815634e-13,0.0003318025004912453,3.087439792698321e-13,8.410392606863319e8,0.7825914743921801
5.076e6,1.460123950031868e-5,1.3590627716711546e-14,0.00020934140558618718,1.9485202670313664e-13,0.0,0.0,0.0,0.0,0.0,-0.0,-0.0,0.0037741032429496417,161293.7831904257,0.0001501299776853341,161293.78319042572,0.00015012997768533413,4678.0,-0.0003297804907880216,-3.0695502792325284e-13,0.00033044158370417744,3.07570363882192e-13,8.416949820498029e8,0.7834378137426903
5.0976e6,1.364071786204894e-5,1.269847374699228e-14,0.0002094745775649301,1.9500494407784853e-13,0.0,0.0,0.0,0.0,0.0,-0.0,-0.0,0.003936105733035849,161293.7831904257,0.0001501522787957607,161293.78319042572,0.00015015227879576072,4678.0,-0.00032747043540914077,-3.048501383148237e-13,0.00032827436502337983,3.0559853581150136e-13,8.425129855884501e8,0.7843156890416032
5.1192e6,1.3564679780174878e-5,1.263464206406959e-14,0.00021355441097930635,1.9891243933898184e-13,0.0,0.0,0.0,0.0,0.0,-0.0,-0.0,0.004377346636412611,161293.7831904257,0.00015023496689904172,161293.78319042572,0.00015023496689904175,4678.0,-0.0003323479448687698,-3.0956110960194776e-13,0.0003329231276587407,3.1009685602504556e-13,8.443153302616149e8,0.7864263779122311
5.1408e6,1.449106442565027e-5,1.3499507901189023e-14,0.00021475151868625367,2.000570653847833e-13,0.0,0.0,0.0,0.0,0.0,-0.0,-0.0,0.00484500514671992,161293.7831904257,0.00015025719551268319,161293.78319042572,0.0001502571955126832,4678.0,-0.00033796704442836615,-3.1484152251276036e-13,0.0003384262442472506,3.1526930141161626e-13,8.480838703952956e8,0.7900534131231365
5.1624e6,1.5294836482268047e-5,1.4262807509462778e-14,0.000214181792865072,1.9972973802026247e-13,0.0,0.0,0.0,0.0,0.0,-0.0,-0.0,0.004960287309019743,161293.7831904257,0.00015041038096648724,161293.78319042572,0.00015041038096648727,4678.0,-0.0003376238759227904,-3.1484248677442717e-13,0.00033807112197369564,3.1525955460910617e-13,8.414261891685889e8,0.784650413454618
5.184e6,1.4629573901617921e-5,1.3648353567856476e-14,0.00021505236009408685,2.0062858056593737e-13,0.0,0.0,0.0,0.0,0.0,-0.0,-0.0,0.005575267841148271,161293.7831904257,0.00015047564584479508,161293.78319042572,0.0001504756458447951,4678.0,-0.0003393637442425275,-3.166022743165059e-13,0.00033983020169729505,3.170374459975024e-13,8.725488419501292e8,0.8140261076805559
5.2056e6,1.5388940975442976e-5,1.437093762727413e-14,0.00021440454968577275,2.00221341771008e-13,0.0,0.0,0.0,0.0,0.0,-0.0,-0.0,0.005557219436599348,161293.7831904257,0.00015062393842406438,161293.78319042572,0.0001506239384240644,4678.0,-0.00034104183245501463,-3.1848136335848216e-13,0.00034147464265476174,3.1888554246313524e-13,8.752213641481042e8,0.817324054611765
5.2272e6,1.3058032119792543e-5,1.2193986374883604e-14,0.00021491211400582439,2.0069144921249352e-13,0.0,0.0,0.0,0.0,0.0,-0.0,-0.0,0.005973473840249786,161293.7831904257,0.0001506210259351643,161293.78319042572,0.00015062102593516431,4678.0,-0.00034507193999520186,-3.2223864178417985e-13,0.00034507193999520186,3.2223864178417985e-13,8.948627301687723e8,0.8356499539107056
5.2488e6,1.2310594812134598e-5,1.1498057211534258e-14,0.00021383804181550865,1.9972406502840972e-13,0.0,0.0,0.0,0.0,0.0,-0.0,-0.0,0.006728211503500782,161293.7831904257,0.00015064789112872643,161293.78319042572,0.00015064789112872646,4678.0,-0.000345511970274738,-3.227071040932109e-13,0.000345511970274738,3.227071040932109e-13,8.971191357607454e8,0.8379064786026068
5.2704e6,1.110475304891308e-5,1.0378870569876268e-14,0.00021647357465059383,2.0232338379797384e-13,0.0,0.0,0.0,0.0,0.0,-0.0,-0.0,0.007476505348131968,161293.7831904257,0.0001507505202578968,161293.78319042572,0.00015075052025789683,4678.0,-0.0003476683361208897,-3.249423599020186e-13,0.0003476683361208897,3.249423599020186e-13,8.973072018132049e8,0.8386530765714457
5.292e6,1.0930948596058285e-5,1.0226169271104735e-14,0.00021596004890917902,2.0203589803154778e-13,0.0,0.0,0.0,0.0,0.0,-0.0,-0.0,0.007450165190237168,161293.7831904257,0.00015089427187288602,161293.78319042572,0.00015089427187288604,4678.0,-0.00034765414640294595,-3.252389413120058e-13,0.00034765414640294595,3.252389413120058e-13,9.002635804707031e8,0.8422185578499578
5.3136e6,1.143934260764899e-5,1.0702730584255053e-14,0.00021959899685971405,2.054583887006445e-13,0.0,0.0,0.0,0.0,0.0,-0.0,-0.0,0.007838984415695782,161293.7831904257,0.00015090761467779465,161293.78319042572,0.00015090761467779468,4678.0,-0.000352799629049532,-3.300818508064852e-13,0.000352799629049532,3.300818508064852e-13,9.016341193202941e8,0.8435753168372352
5.3352e6,1.0855308095134878e-5,1.0160132767307997e-14,0.00021939523191303074,2.0534513301835715e-13,0.0,0.0,0.0,0.0,0.0,-0.0,-0.0,0.008133384618851668,161293.7831904257,0.00015096450855140413,161293.78319042572,0.00015096450855140415,4678.0,-0.00035666683200249804,-3.338258421669874e-13,0.00035666683200249804,3.338258421669874e-13,9.102518570538011e8,0.8519592109504626
5.3568e6,1.1036055416884568e-5,1.0334807844500212e-14,0.00022213176971906838,2.0801718272391622e-13,0.0,0.0,0.0,0.0,0.0,-0.0,-0.0,0.00879703231865435,161293.7831904257,0.00015104493343112425,161293.78319042572,0.00015104493343112428,4678.0,-0.0003606061568946825,-3.376926989101961e-13,0.0003606061568946825,3.376926989101961e-13,9.167886083057016e8,0.8585344802065975
5.3784e6,1.1162841592794483e-5,1.0457779300013858e-14,0.00022460994733140098,2.104232366152841e-13,0.0,0.0,0.0,0.0,0.0,-0.0,-0.0,0.008815775953754346,161293.7831904257,0.00015110621906151166,161293.78319042572,0.0001511062190615117,4678.0,-0.00036387034080704797,-3.408877288411229e-13,0.00036387034080704797,3.408877288411229e-13,9.190038205427461e8,0.8609581217482499
5.4e6,1.1667333524800394e-5,1.0925569205954328e-14,0.00022315043749698282,2.0896338850945654e-13,0.0,0.0,0.0,0.0,0.0,-0.0,-0.0,0.009703474475974536,161293.7831904257,0.00015103934305052253,161293.78319042572,0.00015103934305052256,4678.0,-0.00036571076665260267,-3.4246027868599753e-13,0.00036571076665260267,3.4246027868599753e-13,9.231305213062382e8,0.8644414231599289
5.4216e6,1.0473931573924415e-5,9.816298976044746e-15,0.00022823922424664895,2.1390864046156462e-13,0.0,0.0,0.0,0.0,0.0,-0.0,-0.0,0.010085096344714864,161293.7831904257,0.00015116654024323732,161293.78319042572,0.00015116654024323735,4678.0,-0.0003709964544839748,-3.4770249266606053e-13,0.0003709964544839748,3.4770249266606053e-13,9.240978901123742e8,0.8660760392075358
5.4432e6,1.0222565646358184e-5,9.583404169345144e-15,0.0002298591607586528,2.1548731656826422e-13,0.0,0.0,0.0,0.0,0.0,-0.0,-0.0,0.010428156464142413,161293.7831904257,0.00015120895945209726,161293.78319042572,0.00015120895945209729,4678.0,-0.00037366934031425803,-3.5030582710905445e-13,0.00037366934031425803,3.5030582710905445e-13,9.309732763297884e8,0.8727645765822253
5.4648e6,9.981191554258536e-6,9.355736557245151e-15,0.0002322095014402416,2.1765847391609596e-13,0.0,0.0,0.0,0.0,0.0,-0.0,-0.0,0.011587929274367862,161293.7831904257,0.00015118657283029555,161293.78319042572,0.00015118657283029558,4678.0,-0.0003748247298101913,-3.5133695292608245e-13,0.0003748247298101913,3.5133695292608245e-13,9.351014345620284e8,0.8765048369732696
5.4864e6,1.0469028462909371e-5,9.819631880827608e-15,0.00023068432129312426,2.1637491232376751e-13,0.0,0.0,0.0,0.0,0.0,-0.0,-0.0,0.012213709599958364,161293.7831904257,0.0001512886875040404,161293.78319042572,0.00015128868750404042,4678.0,-0.0003712165192223383,-3.4818986114710726e-13,0.0003712165192223383,3.4818986114710726e-13,9.358953690263516e8,0.8778415337554746
5.508e6,9.984349629029138e-6,9.371738149589679e-15,0.00023448738725248593,2.2009990378566276e-13,0.0,0.0,0.0,0.0,0.0,-0.0,-0.0,0.012177753448195256,161293.7831904257,0.0001513972524381986,161293.78319042572,0.00015139725243819863,4678.0,-0.00037601256453171055,-3.529414961092003e-13,0.00037601256453171055,3.529414961092003e-13,9.383339313427533e8,0.8807604128617079
5.5296e6,9.726000733751025e-6,9.128166453115592e-15,0.00023389282292626929,2.1951598383610926e-13,0.0,0.0,0.0,0.0,0.0,-0.0,-0.0,0.013338040686800206,161293.7831904257,0.00015137943550690185,161293.78319042572,0.00015137943550690188,4678.0,-0.0003765919816695081,-3.5344376251780827e-13,0.0003765919816695081,3.5344376251780827e-13,9.58004074492731e8,0.8991178279872476
5.5512e6,9.574073634397462e-6,8.989455857167625e-15,0.00023512685942475266,2.207694033226739e-13,0.0,0.0,0.0,0.0,0.0,-0.0,-0.0,0.013300395859823943,161293.7831904257,0.0001514447662922271,161293.78319042572,0.00015144476629222714,4678.0,-0.0003792779211766643,-3.561182272263253e-13,0.0003792779211766643,3.561182272263253e-13,9.598766532906643e8,0.9012640943225068
5.5728e6,1.052372917978278e-5,9.873862286265422e-15,0.0002330252731821243,2.186353731945016e-13,0.0,0.0,0.0,0.0,0.0,-0.0,-0.0,0.014459664087007882,161293.7831904257,0.0001513334841334152,161293.78319042572,0.00015133348413341524,4678.0,-0.00037645051370670913,-3.5320374236489454e-13,0.00037645051370670913,3.5320374236489454e-13,9.646253119020419e8,0.9050572591571754
5.5944e6,1.0336951042800362e-5,9.697629738825121e-15,0.00023237666199673213,2.1800459522907164e-13,0.0,0.0,0.0,0.0,0.0,-0.0,-0.0,0.01574288367995031,161293.7831904257,0.000151318061010313,161293.78319042572,0.00015131806101031302,4678.0,-0.00037705540464705393,-3.537352252274403e-13,0.00037705540464705393,3.537352252274403e-13,9.654056852635329e8,0.9056971291320155
5.616e6,9.662091212462759e-6,9.070366791212192e-15,0.00023215880895787925,2.179409720685288e-13,0.0,0.0,0.0,0.0,0.0,-0.0,-0.0,0.01571469619763673,161293.7831904257,0.0001514158521700103,161293.78319042572,0.00015141585217001032,4678.0,-0.00037889463032783394,-3.556904190535193e-13,0.00037889463032783394,3.556904190535193e-13,9.679053503195927e8,0.9086290279739249
5.6376e6,1.0976749957821125e-5,1.0306533975484122e-14,0.00023166348353068387,2.1751862555516802e-13,0.0,0.0,0.0,0.0,0.0,-0.0,-0.0,0.01679023663276345,161293.7831904257,0.00015144554288603593,161293.78319042572,0.00015144554288603596,4678.0,-0.0003784333279586793,-3.553270291342108e-13,0.0003784333279586793,3.553270291342108e-13,9.756839242800403e8,0.9161108300331552
5.6592e6,1.0537119033709904e-5,9.893698544492783e-15,0.0002293520736323031,2.1534731360754127e-13,0.0,0.0,0.0,0.0,0.0,-0.0,-0.0,0.016742822330272997,161293.7831904257,0.00015144481740043546,161293.78319042572,0.0001514448174004355,4678.0,-0.0003760637133109995,-3.5310040639368377e-13,0.0003760637133109995,3.5310040639368377e-13,9.783964072400063e8,0.9186532940626091
5.6808e6,9.486130114755835e-6,8.901486548242174e-15,0.00022974237758980318,2.1558303111357284e-13,0.0,0.0,0.0,0.0,0.0,-0.0,-0.0,0.018936953247874245,161293.7831904257,0.00015135302004252755,161293.78319042572,0.00015135302004252757,4678.0,-0.0003777579051994006,-3.544761531779978e-13,0.0003777579051994006,3.544761531779978e-13,9.80207420238565e8,0.919795855653339
5.7024e6,1.0783853425460165e-5,1.0127354526404303e-14,0.00022555590991072406,2.1182452830808372e-13,0.0,0.0,0.0,0.0,0.0,-0.0,-0.0,0.019817136696987987,161293.7831904257,0.0001514745481812526,161293.78319042572,0.00015147454818125264,4678.0,-0.0003744008315364988,-3.516080761074419e-13,0.0003744008315364988,3.516080761074419e-13,9.810786947313664e8,0.9213526341510483
5.724e6,1.0944733812302967e-5,1.0282007324600919e-14,0.0002242102292675381,2.1063383167783004e-13,0.0,0.0,0.0,0.0,0.0,-0.0,-0.0,0.021826017133375935,161293.7831904257,0.0001515271077961089,161293.78319042572,0.00015152710779610891,4678.0,-0.00037348748951603473,-3.50872042089677e-13,0.00037348748951603473,3.50872042089677e-13,9.810404261490625e8,0.9216363796856718
5.7456e6,9.859282031306503e-6,9.266641018796422e-15,0.00022685459665632644,2.1321837675430222e-13,0.0,0.0,0.0,0.0,0.0,-0.0,-0.0,0.022133720653344072,161293.7831904257,0.00015159842092388057,161293.78319042572,0.0001515984209238806,4678.0,-0.0003743075630804166,-3.5180795180347216e-13,0.0003743075630804166,3.5180795180347216e-13,9.836955347369941e8,0.9245656390856649
5.7672e6,8.711685374825747e-6,8.19370857182244e-15,0.00023302805126582698,2.191727385666837e-13,0.0,0.0,0.0,0.0,0.0,-0.0,-0.0,0.023371988156825986,161293.7831904257,0.0001517036253086098,161293.78319042572,0.00015170362530860982,4678.0,-0.00038180486459005804,-3.591036242878134e-13,0.00038180486459005804,3.591036242878134e-13,9.836018529578316e8,0.9251191459611481
5.7888e6,6.688138508571123e-6,6.292202738995457e-15,0.00023849206872200964,2.2437341064605493e-13,0.0,0.0,0.0,0.0,0.0,-0.0,-0.0,0.0235552295817495,161293.7831904257,0.00015174524018500945,161293.78319042572,0.00015174524018500947,4678.0,-0.00039084445688987934,-3.677065836797537e-13,0.00039084445688987934,3.677065836797537e-13,9.847941428100828e8,0.9264946284822282
5.8104e6,6.266216796034391e-6,5.89372713135289e-15,0.0002338274487854564,2.1992778478938367e-13,0.0,0.0,0.0,0.0,0.0,-0.0,-0.0,0.023541898369441108,161293.7831904257,0.0001517058182074978,161293.78319042572,0.00015170581820749782,4678.0,-0.000388957182077306,-3.65835969542954e-13,0.000388957182077306,3.65835969542954e-13,9.876880761017416e8,0.9289758399547439
5.832e6,7.0139392012963405e-6,6.5925671220304154e-15,0.00023710358139677375,2.2285925645650475e-13,0.0,0.0,0.0,0.0,0.0,-0.0,-0.0,0.024292252990967256,161293.7831904257,0.00015160383652207483,161293.78319042572,0.00015160383652207485,4678.0,-0.0003944355910087273,-3.7073932841650055e-13,0.0003944355910087273,3.7073932841650055e-13,9.916181371260886e8,0.9320453087500747
5.8536e6,6.833015349803816e-6,6.419581630814884e-15,0.00024008025919877986,2.255541284446278e-13,0.0,0.0,0.0,0.0,0.0,-0.0,-0.0,0.025638934888842963,161293.7831904257,0.00015153465267184332,161293.78319042572,0.00015153465267184335,4678.0,-0.00039918113846720854,-3.7502855952832583e-13,0.00039918113846720854,3.7502855952832583e-13,9.959241720957271e8,0.935665470304236
5.8752e6,7.0610801063463624e-6,6.6307045881701545e-15,0.0002426280600724489,2.2783978752701827e-13,0.0,0.0,0.0,0.0,0.0,-0.0,-0.0,0.02640976822056254,161293.7831904257,0.00015146286575659147,161293.78319042572,0.0001514628657565915,4678.0,-0.0003998551082921231,-3.7548378735611545e-13,0.0003998551082921231,3.7548378735611545e-13,9.971644108036671e8,0.9363868606919236
5.8968e6,7.745474963818663e-6,7.272786472649778e-15,0.0002459116804895544,2.3090425721927063e-13,0.0,0.0,0.0,0.0,0.0,-0.0,-0.0,0.02751053879509779,161293.7831904257,0.0001514503952294097,161293.78319042572,0.00015145039522940971,4678.0,-0.0004051192154812648,-3.8039572317073635e-13,0.0004051192154812648,3.8039572317073635e-13,1.0003397302684447e9,0.9392913013514713
5.9184e6,7.062923592843606e-6,6.6307117938542715e-15,0.00024668670795460637,2.315908479427766e-13,0.0,0.0,0.0,0.0,0.0,-0.0,-0.0,0.028649663786131138,161293.7831904257,0.00015142349714214318,161293.78319042572,0.0001514234971421432,4678.0,-0.00040811748472075035,-3.831429554126767e-13,0.00040811748472075035,3.831429554126767e-13,1.0008081115769559e9,0.9395641991005305
5.94e6,8.261859266077771e-6,7.751749213644937e-15,0.00024665632383907664,2.314270798838992e-13,0.0,0.0,0.0,0.0,0.0,-0.0,-0.0,0.03258871976560415,161293.7831904257,0.00015133505870111125,161293.78319042572,0.00015133505870111127,4678.0,-0.0004033140980518721,-3.78412369629934e-13,0.0004033140980518721,3.78412369629934e-13,1.0104940131401993e9,0.9481033166365147
5.9616e6,7.617833032576939e-6,7.15361939909766e-15,0.00025021816424367847,2.3497043136618576e-13,0.0,0.0,0.0,0.0,0.0,-0.0,-0.0,0.03252905952960398,161293.7831904257,0.00015146490234829488,161293.78319042572,0.0001514649023482949,4678.0,-0.0004079805029104707,-3.8311908748762477e-13,0.0004079805029104707,3.8311908748762477e-13,1.0126447783831e9,0.9509364802375813
5.9832e6,7.914346068918013e-6,7.435618767640253e-15,0.0002489662256981662,2.3390662022982877e-13,0.0,0.0,0.0,0.0,0.0,-0.0,-0.0,0.033905079220538974,161293.7831904257,0.00015153735646012618,161293.78319042572,0.0001515373564601262,4678.0,-0.00040544938510242304,-3.8092434055109904e-13,0.00040544938510242304,3.8092434055109904e-13,1.0148568876999655e9,0.9534696682378564
6.0048e6,7.982776328334753e-6,7.499711747831771e-15,0.0002476514519365562,2.3266523162670537e-13,0.0,0.0,0.0,0.0,0.0,-0.0,-0.0,0.03422707544508645,161293.7831904257,0.00015153335517516706,161293.78319042572,0.00015153335517516708,4678.0,-0.0004027138555553217,-3.7834428891644894e-13,0.0004027138555553217,3.7834428891644894e-13,1.016359133725128e9,0.9548558323197484
6.0264e6,9.234467275106644e-6,8.674226447455713e-15,0.00024793757854772096,2.3289558965186025e-13,0.0,0.0,0.0,0.0,0.0,-0.0,-0.0,0.036064567679975644,161293.7831904257,0.00015150833916885808,161293.78319042572,0.0001515083391688581,4678.0,-0.0004046264189821241,-3.800783608097744e-13,0.0004046264189821241,3.800783608097744e-13,1.0200141033417408e9,0.9581314274442079
6.048e6,8.983838782451997e-6,8.437922196674245e-15,0.00024680318231543253,2.3180581271526795e-13,0.0,0.0,0.0,0.0,0.0,-0.0,-0.0,0.03679667338803589,161293.7831904257,0.0001514925218856829,161293.78319042572,0.00015149252188568292,4678.0,-0.00040698218222590766,-3.822512928173483e-13,0.00040698218222590766,3.822512928173483e-13,1.0238487065970335e9,0.9616329874825963
6.0696e6,1.004144970905849e-5,9.426597401863347e-15,0.0002450346369821183,2.3003081619364517e-13,0.0,0.0,0.0,0.0,0.0,-0.0,-0.0,0.040983172084329555,161293.7831904257,0.00015141753448089898,161293.78319042572,0.000151417534480899,4678.0,-0.00040517880067714564,-3.803691240227712e-13,0.00040517880067714564,3.803691240227712e-13,1.0284972904805956e9,0.9655209324527826
6.0912e6,9.3481955326655e-6,8.780609860833077e-15,0.0002462265277322769,2.3127662123133314e-13,0.0,0.0,0.0,0.0,0.0,-0.0,-0.0,0.04374083487231407,161293.7831904257,0.0001515006589479306,161293.78319042572,0.00015150065894793061,4678.0,-0.0004074296701187451,-3.8269214272848605e-13,0.0004074296701187451,3.8269214272848605e-13,1.0299285603298972e9,0.9673953482451086
6.1128e6,9.09538168521372e-6,8.551690034954202e-15,0.0002470811975015335,2.323115057319076e-13,0.0,0.0,0.0,0.0,0.0,-0.0,-0.0,0.04362878805329754,161293.7831904257,0.00015165217757183278,161293.78319042572,0.0001516521775718328,4678.0,-0.0004106219034258333,-3.86076292473713e-13,0.0004106219034258333,3.86076292473713e-13,1.0341179648451698e9,0.9723018341616476
6.1344e6,9.453406807698597e-6,8.883744484294908e-15,0.00024764259303226746,2.327196496119557e-13,0.0,0.0,0.0,0.0,0.0,-0.0,-0.0,0.045615881017667205,161293.7831904257,0.0001515742193176426,161293.78319042572,0.00015157421931764263,4678.0,-0.0004122294596003353,-3.873885110927418e-13,0.0004122294596003353,3.873885110927418e-13,1.0442010553018634e9,0.9812774964871278
6.156e6,1.0193263073252973e-5,9.580693775690344e-15,0.00024802582354650315,2.331205862917182e-13,0.0,0.0,0.0,0.0,0.0,-0.0,-0.0,0.04548238785383029,161293.7831904257,0.0001516007517479784,161293.78319042572,0.00015160075174797843,4678.0,-0.0004126303478513617,-3.8783311849312175e-13,0.0004126303478513617,3.8783311849312175e-13,1.0453870884457259e9,0.9825640228730763
6.1776e6,9.884284005954605e-6,9.286151824399732e-15,0.00024405958599974054,2.292906970730908e-13,0.0,0.0,0.0,0.0,0.0,-0.0,-0.0,0.046476373985142955,161293.7831904257,0.000151533338999141,161293.78319042572,0.00015153333899914102,4678.0,-0.00040939013745956146,-3.846165255440985e-13,0.00040939013745956146,3.846165255440985e-13,1.0427629256224576e9,0.9796617375979776
6.1992e6,8.426027430507092e-6,7.912312186298877e-15,0.0002470168967029964,2.3195685251729897e-13,0.0,0.0,0.0,0.0,0.0,-0.0,-0.0,0.051719064350568306,161293.7831904257,0.0001514600773421705,161293.78319042572,0.00015146007734217053,4678.0,-0.00041286496761595485,-3.8769355327947403e-13,0.00041286496761595485,3.8769355327947403e-13,1.0430237284787405e9,0.979433003927993
6.2208e6,7.177812330248247e-6,6.744116894247451e-15,0.00025171505389784394,2.365060089931531e-13,0.0,0.0,0.0,0.0,0.0,-0.0,-0.0,0.05415564638907945,161293.7831904257,0.00015154814281888784,161293.78319042572,0.00015154814281888787,4678.0,-0.0004185774084545913,-3.932862607751257e-13,0.0004185774084545913,3.932862607751257e-13,1.0459399481640654e9,0.9827425056873301
6.2424e6,6.268967203880333e-6,5.894329187004429e-15,0.0002543611897888003,2.391603810090562e-13,0.0,0.0,0.0,0.0,0.0,-0.0,-0.0,0.0555311552583833,161293.7831904257,0.00015165474998070168,161293.78319042572,0.0001516547499807017,4678.0,-0.0004219271009344727,-3.967124320393397e-13,0.0004219271009344727,3.967124320393397e-13,1.0484233950611762e9,0.9857688542416132
6.264e6,6.1916295100134744e-6,5.82051678998129e-15,0.0002545275349278341,2.392717116171222e-13,0.0,0.0,0.0,0.0,0.0,-0.0,-0.0,0.06086877819499973,161293.7831904257,0.0001516261868803955,161293.78319042572,0.00015162618688039552,4678.0,-0.00042375755878315514,-3.983584582685197e-13,0.00042375755878315514,3.983584582685197e-13,1.0583934959575869e9,0.9949557065171883
6.2856e6,5.4008227629142605e-6,5.082340668444118e-15,0.0002567964572826477,2.416533805408071e-13,0.0,0.0,0.0,0.0,0.0,-0.0,-0.0,0.06330590113257155,161293.7831904257,0.0001517824209127676,161293.78319042572,0.00015178242091276763,4678.0,-0.0004270714722287702,-4.0188741732923984e-13,0.0004270714722287702,4.0188741732923984e-13,1.060337245260151e9,0.9978100264382296
6.3072e6,5.4279721594912985e-6,5.112588852542251e-15,0.0002555662587283688,2.40717005737745e-13,0.0,0.0,0.0,0.0,0.0,-0.0,-0.0,0.06541997892226835,161293.7831904257,0.0001519220758127507,161293.78319042572,0.00015192207581275072,4678.0,-0.00042603635431089597,-4.012822195520915e-13,0.00042603635431089597,4.012822195520915e-13,1.0650473249391661e9,1.0031645190723004
6.3288e6,4.958493082705854e-6,4.671213349449388e-15,0.0002566214095906871,2.4175355984975723e-13,0.0,0.0,0.0,0.0,0.0,-0.0,-0.0,0.06877849179459539,161293.7831904257,0.00015194892090303376,161293.78319042572,0.0001519489209030338,4678.0,-0.00042805819965997333,-4.0325783322496485e-13,0.00042805819965997333,4.0325783322496485e-13,1.0683783193131645e9,1.006479788152607
6.3504e6,4.982279288280582e-6,4.696543994547722e-15,0.0002544814745610809,2.3988688146905536e-13,0.0,0.0,0.0,0.0,0.0,-0.0,-0.0,0.06864556237183084,161293.7831904257,0.00015204353368602556,161293.78319042572,0.00015204353368602558,4678.0,-0.00042189500367640427,-3.976991917147055e-13,0.00042189500367640427,3.976991917147055e-13,1.0693745474170388e9,1.0080455787389095
6.372e6,4.334842074026747e-6,4.085213745898588e-15,0.0002520257687024988,2.375124899689145e-13,0.0,0.0,0.0,0.0,0.0,-0.0,-0.0,0.06852646322676446,161293.7831904257,0.00015200544079000926,161293.78319042572,0.0001520054407900093,4678.0,-0.0004219656673066746,-3.9766614675703665e-13,0.0004219656673066746,3.9766614675703665e-13,1.0702257622897654e9,1.0085952200006185
6.3936e6,4.017628319125071e-6,3.7841619449579995e-15,0.0002525708099897205,2.378937949587278e-13,0.0,0.0,0.0,0.0,0.0,-0.0,-0.0,0.07392718675365421,161293.7831904257,0.00015192092145558032,161293.78319042572,0.00015192092145558035,4678.0,-0.0004244139670822346,-3.997510609669843e-13,0.0004244139670822346,3.997510609669843e-13,1.0755843480929942e9,1.0130816081892664
6.4152e6,4.292425710935347e-6,4.042808376031391e-15,0.0002491231825480934,2.3463592776997954e-13,0.0,0.0,0.0,0.0,0.0,-0.0,-0.0,0.07397912677088136,161293.7831904257,0.00015191406947889885,161293.78319042572,0.00015191406947889888,4678.0,-0.00042327573743976965,-3.986609930913581e-13,0.00042327573743976965,3.986609930913581e-13,1.0777489465978732e9,1.0150746365777972
6.4368e6,5.114687290440927e-6,4.8156678820798365e-15,0.000249617199409614,2.350238561521065e-13,0.0,0.0,0.0,0.0,0.0,-0.0,-0.0,0.07738597761941164,161293.7831904257,0.00015186408223645686,161293.78319042572,0.00015186408223645688,4678.0,-0.0004261521765708494,-4.0123808808920127e-13,0.0004261521765708494,4.0123808808920127e-13,1.0796094517345083e9,1.0164923614439572
6.4584e6,4.900926614660442e-6,4.615252931810773e-15,0.0002490799893903834,2.345611843790096e-13,0.0,0.0,0.0,0.0,0.0,-0.0,-0.0,0.08117470145294463,161293.7831904257,0.00015189201232388572,161293.78319042572,0.00015189201232388574,4678.0,-0.0004307176142259448,-4.056112013373948e-13,0.0004307176142259448,4.056112013373948e-13,1.0808613547846014e9,1.0178582396292866
6.48e6,4.146458509766049e-6,3.905625803323107e-15,0.0002483148332127461,2.338923246571432e-13,0.0,0.0,0.0,0.0,0.0,-0.0,-0.0,0.08772844587559511,161293.7831904257,0.0001519255914560381,161293.78319042572,0.00015192559145603814,4678.0,-0.0004314268082829257,-4.063688737525065e-13,0.0004314268082829257,4.063688737525065e-13,1.0913710870678859e9,1.027982570816468
6.5016e6,3.730231475589278e-6,3.5157834154490708e-15,0.00024947442787755583,2.351323401376848e-13,0.0,0.0,0.0,0.0,0.0,-0.0,-0.0,0.09192924126550708,161293.7831904257,0.00015202113103888654,161293.78319042572,0.00015202113103888657,4678.0,-0.00043124664816177814,-4.0645461910260284e-13,0.00043124664816177814,4.0645461910260284e-13,1.0946288719253693e9,1.031699522984423
6.5232e6,3.290623426605325e-6,3.1049239676893227e-15,0.0002476767133679024,2.3369959544956285e-13,0.0,0.0,0.0,0.0,0.0,-0.0,-0.0,0.09163233714243414,161293.7831904257,0.00015219150548134236,161293.78319042572,0.0001521915054813424,4678.0,-0.0004310216079593705,-4.0669780392515085e-13,0.0004310216079593705,4.0669780392515085e-13,1.097024648074046e9,1.0351163537618564
6.5448e6,3.887587766162734e-6,3.66681850681264e-15,0.00024279258544742852,2.290048223179467e-13,0.0,0.0,0.0,0.0,0.0,-0.0,-0.0,0.09688921175937547,161293.7831904257,0.00015213419344105452,161293.78319042572,0.00015213419344105455,4678.0,-0.00042519848067017906,-4.01052208148338e-13,0.00042519848067017906,4.01052208148338e-13,1.0956966700240805e9,1.0334739867398532
6.5664e6,5.0696136286978395e-6,4.783899692563811e-15,0.00023745343598775102,2.2407100473883626e-13,0.0,0.0,0.0,0.0,0.0,-0.0,-0.0,0.10014185031224061,161293.7831904257,0.00015220356743741136,161293.78319042572,0.00015220356743741138,4678.0,-0.0004182792816196605,-3.947058441335451e-13,0.0004182792816196605,3.947058441335451e-13,1.0974359710893443e9,1.0355865336529169
6.588e6,5.072920113450723e-6,4.790716456680262e-15,0.00024011787248442854,2.2676025199058728e-13,0.0,0.0,0.0,0.0,0.0,-0.0,-0.0,0.11180007218971239,161293.7831904257,0.00015232110189193827,161293.78319042572,0.0001523211018919383,4678.0,-0.0004209715029194286,-3.9755309796465216e-13,0.0004209715029194286,3.9755309796465216e-13,1.1079262033514833e9,1.0462928996476482
6.6096e6,5.1344251366318426e-6,4.853545691297381e-15,0.00023889745142119308,2.258285329227496e-13,0.0,0.0,0.0,0.0,0.0,-0.0,-0.0,0.11645294911028163,161293.7831904257,0.00015247018421822548,161293.78319042572,0.0001524701842182255,4678.0,-0.0004227933399619384,-3.9966437115638375e-13,0.0004227933399619384,3.9966437115638375e-13,1.1102703634383514e9,1.0495328678949987
6.6312e6,4.197911164702133e-6,3.972633616920071e-15,0.00024143317989321956,2.284768612419579e-13,0.0,0.0,0.0,0.0,0.0,-0.0,-0.0,0.11621819020129409,161293.7831904257,0.0001526380812177021,161293.78319042572,0.00015263808121770213,4678.0,-0.0004270354131065262,-4.0411889893880343e-13,0.0004270354131065262,4.0411889893880343e-13,1.1123837226996887e9,1.0526885392118674
6.6528e6,4.376546358171588e-6,4.141704270320084e-15,0.0002403751519470367,2.2747680746921235e-13,0.0,0.0,0.0,0.0,0.0,-0.0,-0.0,0.12886694741680443,161293.7831904257,0.00015263888370988364,161293.78319042572,0.00015263888370988367,4678.0,-0.00042613449356326133,-4.0326844668886055e-13,0.00042613449356326133,4.0326844668886055e-13,1.1202766118402076e9,1.0601634365268595
6.6744e6,5.066499359732849e-6,4.801086692318198e-15,0.000243035172323236,2.303035782220792e-13,0.0,0.0,0.0,0.0,0.0,-0.0,-0.0,0.12947976785326334,161293.7831904257,0.00015284427788224213,161293.78319042572,0.00015284427788224216,4678.0,-0.0004288543998146153,-4.063885151661451e-13,0.0004288543998146153,4.063885151661451e-13,1.1226277593979688e9,1.0638179960920362
6.696e6,4.862162375918704e-6,4.610162173222701e-15,0.00024264587342350544,2.300698209270031e-13,0.0,0.0,0.0,0.0,0.0,-0.0,-0.0,0.1299932215337608,161293.7831904257,0.00015293411460779994,161293.78319042572,0.00015293411460779997,4678.0,-0.00043028419958619877,-4.079830715840469e-13,0.00043028419958619877,4.079830715840469e-13,1.1249929217164557e9,1.0666858512434032
6.7176e6,4.060190773854889e-6,3.8488123114079e-15,0.00024381141779918715,2.3111829930010686e-13,0.0,0.0,0.0,0.0,0.0,-0.0,-0.0,0.13084006169935844,161293.7831904257,0.00015289663295980238,161293.78319042572,0.0001528966329598024,4678.0,-0.0004323990601205005,-4.0988783993834724e-13,0.0004323990601205005,4.0988783993834724e-13,1.1280571578058128e9,1.0693291322399296
6.7392e6,4.704568988004904e-6,4.458034360234002e-15,0.0002504374268648637,2.373136958770831e-13,0.0,0.0,0.0,0.0,0.0,-0.0,-0.0,0.13554910070178924,161293.7831904257,0.00015284146738806453,161293.78319042572,0.00015284146738806455,4678.0,-0.0004409462816865331,-4.1783927067240545e-13,0.0004409462816865331,4.1783927067240545e-13,1.1299353169904099e9,1.070723052596013
6.7608e6,4.500475511446988e-6,4.263366408838954e-15,0.0002546498690787117,2.4123355300656994e-13,0.0,0.0,0.0,0.0,0.0,-0.0,-0.0,0.14764103505972462,161293.7831904257,0.00015279596466185862,161293.78319042572,0.00015279596466185864,4678.0,-0.00044518562234649456,-4.2173086447922253e-13,0.00044518562234649456,4.2173086447922253e-13,1.1342749596258411e9,1.0745152926520782
6.7824e6,4.0782586076226335e-6,3.8662989101325215e-15,0.00025808079656586275,2.446675403623785e-13,0.0,0.0,0.0,0.0,0.0,-0.0,-0.0,0.15111754808098188,161293.7831904257,0.00015291084704503798,161293.78319042572,0.000152910847045038,4678.0,-0.0004497345215626162,-4.263604292568707e-13,0.0004497345215626162,4.263604292568707e-13,1.136021053568363e9,1.0769785302701373
6.804e6,4.302320244013328e-6,4.078402929930286e-15,0.0002595405861272894,2.4603261190755784e-13,0.0,0.0,0.0,0.0,0.0,-0.0,-0.0,0.15072438275413078,161293.7831904257,0.00015289913363811757,161293.78319042572,0.0001528991336381176,4678.0,-0.00045201028753835194,-4.2848509095068996e-13,0.00045201028753835194,4.2848509095068996e-13,1.1383289222402985e9,1.0790837846506984
6.8256e6,4.384497166579118e-6,4.154517961172017e-15,0.0002595287267596839,2.45915715257369e-13,0.0,0.0,0.0,0.0,0.0,-0.0,-0.0,0.15397000458483592,161293.7831904257,0.00015283347071081218,161293.78319042572,0.0001528334707108122,4678.0,-0.0004540514797800329,-4.3023520289207146e-13,0.0004540514797800329,4.3023520289207146e-13,1.1411023451386554e9,1.0812483184047479
6.8472e6,3.3552182232340786e-6,3.1767792896115567e-15,0.00025371951479124036,2.402260736358887e-13,0.0,0.0,0.0,0.0,0.0,-0.0,-0.0,0.15508732608399295,161293.7831904257,0.00015271577462062843,161293.78319042572,0.00015271577462062845,4678.0,-0.00045138079954580053,-4.273752347301093e-13,0.00045138079954580053,4.273752347301093e-13,1.1389973558542917e9,1.0784226152397725
6.8688e6,3.429980452348524e-6,3.2451989023270116e-15,0.00024855922267175373,2.3516872115855094e-13,0.0,0.0,0.0,0.0,0.0,-0.0,-0.0,0.16461542865185547,161293.7831904257,0.00015260448723646375,161293.78319042572,0.00015260448723646377,4678.0,-0.0004430979759678063,-4.1922718954549155e-13,0.0004430979759678063,4.1922718954549155e-13,1.1423558105993013e9,1.0808142711383146
6.8904e6,3.2864502997990837e-6,3.1117872166544355e-15,0.00025099456285191963,2.3765509923582917e-13,0.0,0.0,0.0,0.0,0.0,-0.0,-0.0,0.17061283149897905,161293.7831904257,0.00015272159529948864,161293.78319042572,0.00015272159529948866,4678.0,-0.00044663625482274313,-4.2289913477066496e-13,0.00044663625482274313,4.2289913477066496e-13,1.1434722689936569e9,1.0827008062379144
6.912e6,2.7256095585163385e-6,2.5810105113525663e-15,0.000250835179100248,2.3752787036275095e-13,0.0,0.0,0.0,0.0,0.0,-0.0,-0.0,0.17081579836692368,161293.7831904257,0.00015273682487998037,161293.78319042572,0.0001527368248799804,4678.0,-0.00044885025664908966,-4.2503785137340426e-13,0.00044885025664908966,4.2503785137340426e-13,1.1435995369027393e9,1.0829292905512842
6.9336e6,1.952013530860613e-6,1.84789961879611e-15,0.00025186695185321675,2.3843320599919136e-13,0.0,0.0,0.0,0.0,0.0,-0.0,-0.0,0.1770049020733223,161293.7831904257,0.00015269090903297287,161293.78319042572,0.0001526909090329729,4678.0,-0.00045365056576172,-4.2945435279238463e-13,0.00045365056576172,4.2945435279238463e-13,1.1550035625324214e9,1.0933995124361748
6.9552e6,1.691564971857038e-6,1.602375333653157e-15,0.0002546624527696141,2.412350926595855e-13,0.0,0.0,0.0,0.0,0.0,-0.0,-0.0,0.18619849362938828,161293.7831904257,0.00015278938968108486,161293.78319042572,0.0001527893896810849,4678.0,-0.0004595266662716524,-4.352976134172356e-13,0.0004595266662716524,4.352976134172356e-13,1.1591334389030507e9,1.0980168434628603
6.9768e6,1.5589203065149198e-6,1.4771803507059615e-15,0.0002559919089052559,2.425693065862539e-13,0.0,0.0,0.0,0.0,0.0,-0.0,-0.0,0.19593195736880809,161293.7831904257,0.00015283655375082772,161293.78319042572,0.00015283655375082774,4678.0,-0.0004645365485283747,-4.4017917965604106e-13,0.0004645365485283747,4.4017917965604106e-13,1.1612672859633677e9,1.100377748351763
6.9984e6,1.750119394470177e-6,1.6595524114983577e-15,0.000260828781484061,2.473311447594656e-13,0.0,0.0,0.0,0.0,0.0,-0.0,-0.0,0.20588568863870899,161293.7831904257,0.00015294698618799037,161293.78319042572,0.0001529469861879904,4678.0,-0.0004674357002416699,-4.43246355652969e-13,0.0004674357002416699,4.43246355652969e-13,1.1680742898575704e9,1.1076275771055089
7.02e6,1.6745723968993561e-6,1.5899113419771574e-15,0.0002609257247531653,2.477341499040608e-13,0.0,0.0,0.0,0.0,0.0,-0.0,-0.0,0.22555858567203835,161293.7831904257,0.00015313928245783387,161293.78319042572,0.0001531392824578339,4678.0,-0.00046943768629180817,-4.4570440977579186e-13,0.00046943768629180817,4.4570440977579186e-13,1.1684636529504387e9,1.1093898465983236
7.0416e6,1.8596096201126688e-6,1.768497869593736e-15,0.0002587796426555339,2.4610070940739276e-13,0.0,0.0,0.0,0.0,0.0,-0.0,-0.0,0.22721082653740324,161293.7831904257,0.00015339117891512058,161293.78319042572,0.0001533911789151206,4678.0,-0.0004684263165946208,-4.4547572458193486e-13,0.0004684263165946208,4.4547572458193486e-13,1.1717785688221273e9,1.1143671661969434
7.0632e6,2.4691627650449223e-6,2.3501769392420885e-15,0.0002586700666740117,2.4620508383472874e-13,0.0,0.0,0.0,0.0,0.0,-0.0,-0.0,0.2290663988308413,161293.7831904257,0.00015352124009951814,161293.78319042572,0.0001535212400995182,4678.0,-0.00047041950940843077,-4.477505891601912e-13,0.00047041950940843077,4.477505891601912e-13,1.1758143566700995e9,1.1191533523005985
7.0848e6,2.4521308681882213e-6,2.334245863491885e-15,0.0002606270967524787,2.480975752154168e-13,0.0,0.0,0.0,0.0,0.0,-0.0,-0.0,0.241939538983166,161293.7831904257,0.000153539662627137,161293.78319042572,0.00015353966262713703,4678.0,-0.0004722382374795981,-4.495356127684609e-13,0.0004722382374795981,4.495356127684609e-13,1.213127901434823e9,1.1548073647076929
7.1064e6,2.5911802897929938e-6,2.4699174785561567e-15,0.00025892218348668307,2.4680506759750513e-13,0.0,0.0,0.0,0.0,0.0,-0.0,-0.0,0.24514269350132134,161293.7831904257,0.0001537455096635927,161293.78319042572,0.00015374550966359271,4678.0,-0.00046974888162977724,-4.4776543640746976e-13,0.00046974888162977724,4.4776543640746976e-13,1.2147053858205106e9,1.157859248757277
7.128e6,2.471721171856341e-6,2.3571056248350596e-15,0.00025774423200952175,2.45792440488812e-13,0.0,0.0,0.0,0.0,0.0,-0.0,-0.0,0.2504159482257457,161293.7831904257,0.00015381447063608187,161293.78319042572,0.0001538144706360819,4678.0,-0.0004683616611348619,-4.4664338295445875e-13,0.0004683616611348619,4.4664338295445875e-13,1.2177494592366087e9,1.1612815121257098
7.1496e6,2.761385275059021e-6,2.632406627117837e-15,0.0002589926845058247,2.4689566690529995e-13,0.0,0.0,0.0,0.0,0.0,-0.0,-0.0,0.2522218960052301,161293.7831904257,0.00015376008107898277,161293.78319042572,0.0001537600810789828,4678.0,-0.00046867971668862983,-4.467886474771217e-13,0.00046867971668862983,4.467886474771217e-13,1.2196888277217615e9,1.162719661800082
7.1712e6,2.590158340779353e-6,2.4688566412649872e-15,0.0002617818665929223,2.495221584431071e-13,0.0,0.0,0.0,0.0,0.0,-0.0,-0.0,0.2847573302471002,161293.7831904257,0.0001537401098438714,161293.78319042572,0.00015374010984387141,4678.0,-0.00047027874950908763,-4.482547633060748e-13,0.00047027874950908763,4.482547633060748e-13,1.2211730633856795e9,1.1639833674286066
7.1928e6,2.1368790130897383e-6,2.038909850168928e-15,0.00026381276683101117,2.5171778355122e-13,0.0,0.0,0.0,0.0,0.0,-0.0,-0.0,0.283774665088618,161293.7831904257,0.00015389897196026222,161293.78319042572,0.00015389897196026224,4678.0,-0.0004743817128670572,-4.52632807557099e-13,0.0004743817128670572,4.52632807557099e-13,1.2238813994922018e9,1.167770297512108
7.2144e6,2.0232417105564226e-6,1.9306481476726022e-15,0.0002668622472166875,2.5464930887123376e-13,0.0,0.0,0.0,0.0,0.0,-0.0,-0.0,0.2937481686820573,161293.7831904257,0.0001539121806964238,161293.78319042572,0.00015391218069642383,4678.0,-0.00047998522666560343,-4.580187250673621e-13,0.00047998522666560343,4.580187250673621e-13,1.2519171889056156e9,1.194623256919413
7.236e6,2.189268246422018e-6,2.0899047321267984e-15,0.0002661635171066234,2.540832512551852e-13,0.0,0.0,0.0,0.0,0.0,-0.0,-0.0,0.2969370298679025,161293.7831904257,0.00015397320145816662,161293.78319042572,0.00015397320145816665,4678.0,-0.00047892470609667157,-4.571879262578628e-13,0.00047892470609667157,4.571879262578628e-13,1.252060367132409e9,1.1952335628377029
7.2576e6,2.7805151105036664e-6,2.6532779942296674e-15,0.0002670751221546815,2.5485369302339653e-13,0.0,0.0,0.0,0.0,0.0,-0.0,-0.0,0.29857086003149147,161293.7831904257,0.00015391293646582153,161293.78319042572,0.00015391293646582155,4678.0,-0.0004808191442378836,-4.58816731400401e-13,0.0004808191442378836,4.58816731400401e-13,1.2542830902565145e9,1.1968867600612185
7.2792e6,3.0050035327391283e-6,2.865466778754113e-15,0.00026326417434099014,2.510395536615588e-13,0.0,0.0,0.0,0.0,0.0,-0.0,-0.0,0.2992833996657844,161293.7831904257,0.00015380413777099427,161293.78319042572,0.0001538041377709943,4678.0,-0.0004790638153679937,-4.568185803724814e-13,0.0004790638153679937,4.568185803724814e-13,1.2541689739667873e9,1.1959318818404683
7.3008e6,3.273368353870602e-6,3.118239220730019e-15,0.0002635519244942106,2.5106186008212725e-13,0.0,0.0,0.0,0.0,0.0,-0.0,-0.0,0.30289370824507206,161293.7831904257,0.0001536498635143192,161293.78319042572,0.00015364986351431922,4678.0,-0.000481308090853794,-4.584982818631834e-13,0.000481308090853794,4.584982818631834e-13,1.2530399901891572e9,1.1936568146786224
7.3224e6,4.097669309043681e-6,3.903828014437549e-15,0.000263642416220199,2.5117074429674185e-13,0.0,0.0,0.0,0.0,0.0,-0.0,-0.0,0.3323090383198926,161293.7831904257,0.00015366373952717808,161293.78319042572,0.0001536637395271781,4678.0,-0.00047971093742312713,-4.570180888465977e-13,0.00047971093742312713,4.570180888465977e-13,1.2548991029966278e9,1.1955357800002901
7.344e6,4.279510125768186e-6,4.07640066544087e-15,0.0002676000737844671,2.548995298033598e-13,0.0,0.0,0.0,0.0,0.0,-0.0,-0.0,0.36089429804044637,161293.7831904257,0.0001536386328822867,161293.78319042572,0.00015363863288228672,4678.0,-0.0004830255535589232,-4.601007194951073e-13,0.0004830255535589232,4.601007194951073e-13,1.2568501520591512e9,1.19719889558474
7.3656e6,4.101247183776071e-6,3.910911006349854e-15,0.0002712001443626238,2.5861392449281983e-13,0.0,0.0,0.0,0.0,0.0,-0.0,-0.0,0.37289959034527015,161293.7831904257,0.00015380824507008918,161293.78319042572,0.0001538082450700892,4678.0,-0.0004868642617147292,-4.642692123680819e-13,0.0004868642617147292,4.642692123680819e-13,1.256156407214854e9,1.1978590166687446
7.3872e6,2.2860493223586987e-6,2.1824423062287783e-15,0.0002744327958357828,2.619951100751797e-13,0.0,0.0,0.0,0.0,0.0,-0.0,-0.0,0.3845147791753827,161293.7831904257,0.00015398371886538126,161293.78319042572,0.0001539837188653813,4678.0,-0.0004924174122922159,-4.701003527786556e-13,0.0004924174122922159,4.701003527786556e-13,1.2585363940650063e9,1.2014977294987281
7.4088e6,2.659047848846431e-6,2.5399123786039496e-15,0.00027230308613422464,2.601028708469542e-13,0.0,0.0,0.0,0.0,0.0,-0.0,-0.0,0.3975408551364699,161293.7831904257,0.00015406720743853895,161293.78319042572,0.00015406720743853898,4678.0,-0.0004920379556532502,-4.69992781381817e-13,0.0004920379556532502,4.69992781381817e-13,1.2617766153578272e9,1.2052442176889264
7.4304e6,2.111647993588265e-6,2.0195653099940653e-15,0.00027255084264898784,2.6066571165973983e-13,0.0,0.0,0.0,0.0,0.0,-0.0,-0.0,0.3977993517366459,161293.7831904257,0.0001542602414030006,161293.78319042572,0.00015426024140300062,4678.0,-0.0004929370459750351,-4.714415286472408e-13,0.0004929370459750351,4.714415286472408e-13,1.2644005801030545e9,1.2092638343445405
7.452e6,1.0787764706996532e-6,1.0320172573041022e-15,0.0002751179504804293,2.6319305287201396e-13,0.0,0.0,0.0,0.0,0.0,-0.0,-0.0,0.40349353852141057,161293.7831904257,0.00015430255689617272,161293.78319042572,0.00015430255689617275,4678.0,-0.0004941106164963754,-4.726935533834056e-13,0.0004941106164963754,4.726935533834056e-13,1.273296242526544e9,1.218105633223175
7.4736e6,1.3049310046615317e-6,1.2484923008290318e-15,0.0002801411892147464,2.680249887774088e-13,0.0,0.0,0.0,0.0,0.0,-0.0,-0.0,0.4058076183205169,161293.7831904257,0.00015431777294391531,161293.78319042572,0.00015431777294391534,4678.0,-0.0004967187386114487,-4.752354864882332e-13,0.0004967187386114487,4.752354864882332e-13,1.275909091030264e9,1.2207255947008704
7.4952e6,1.0501056845248292e-6,1.004127843129597e-15,0.0002838854902764154,2.714558441572793e-13,0.0,0.0,0.0,0.0,0.0,-0.0,-0.0,0.41647350559385127,161293.7831904257,0.00015423169402087504,161293.78319042572,0.00015423169402087507,4678.0,-0.0005013394692793963,-4.793888152229636e-13,0.0005013394692793963,4.793888152229636e-13,1.279971512174809e9,1.223929222294416
7.5168e6,6.691085998721908e-7,6.398472326798857e-16,0.00028454619857172747,2.7210246253071365e-13,0.0,0.0,0.0,0.0,0.0,-0.0,-0.0,0.43065888157569954,161293.7831904257,0.00015424010518259165,161293.78319042572,0.00015424010518259168,4678.0,-0.0005054779453146156,-4.833724518741066e-13,0.0005054779453146156,4.833724518741066e-13,1.279844136611008e9,1.2238741651632536
7.5384e6,7.729891700192134e-7,7.389246042626859e-16,0.00028391374037308007,2.7140205372437824e-13,0.0,0.0,0.0,0.0,0.0,-0.0,-0.0,0.4577594042723723,161293.7831904257,0.0001541857888009664,161293.78319042572,0.00015418578880096643,4678.0,-0.0005049767487074841,-4.82723120417406e-13,0.0005049767487074841,4.82723120417406e-13,1.286620589912554e9,1.229920996452934
7.56e6,7.743412180153389e-7,7.409314043477993e-16,0.00028738117793561,2.7498179716779385e-13,0.0,0.0,0.0,0.0,0.0,-0.0,-0.0,0.4643738446312961,161293.7831904257,0.00015433458340000734,161293.78319042572,0.00015433458340000737,4678.0,-0.0005100524982852953,-4.880457155751475e-13,0.0005100524982852953,4.880457155751475e-13,1.288174801649479e9,1.2325950661361922
7.5816e6,9.403188275509777e-7,8.996447454016196e-16,0.00028492487197333255,2.726002674780446e-13,0.0,0.0,0.0,0.0,0.0,-0.0,-0.0,0.4779385340910234,161293.7831904257,0.000154316919178509,161293.78319042572,0.00015431691917850901,4678.0,-0.0005087835655924436,-4.867758125444185e-13,0.0005087835655924436,4.867758125444185e-13,1.2869586512676904e9,1.2312904455796028
7.6032e6,4.673701076436596e-7,4.471957758749969e-16,0.00028800365222611003,2.7557178905050005e-13,0.0,0.0,0.0,0.0,0.0,-0.0,-0.0,0.4944521164576841,161293.7831904257,0.00015433143313617838,161293.78319042572,0.0001543314331361784,4678.0,-0.000515002158806943,-4.927717588660244e-13,0.000515002158806943,4.927717588660244e-13,1.2891343124329932e9,1.2334879993974597
7.6248e6,4.625332475597228e-7,4.425600735933281e-16,0.0002894226685273498,2.7692477926465736e-13,0.0,0.0,0.0,0.0,0.0,-0.0,-0.0,0.5099442910391271,161293.7831904257,0.00015432877298119884,161293.78319042572,0.00015432877298119887,4678.0,-0.0005189634506017087,-4.965534998884252e-13,0.0005189634506017087,4.965534998884252e-13,1.3154200273144736e9,1.2586173797576854
7.6464e6,7.315415758123529e-7,6.997791148397314e-16,0.0002874623519421868,2.7498115875159806e-13,0.0,0.0,0.0,0.0,0.0,-0.0,-0.0,0.5401040600512642,161293.7831904257,0.0001542906439798848,161293.78319042572,0.00015429064397988481,4678.0,-0.0005172592750273244,-4.948006368869869e-13,0.0005172592750273244,4.948006368869869e-13,1.3263898518942223e9,1.2687999522928384
7.668e6,9.17705043304395e-7,8.785831875310541e-16,0.00028576005675908775,2.7357807758410505e-13,0.0,0.0,0.0,0.0,0.0,-0.0,-0.0,0.5438899064866407,161293.7831904257,0.0001544178134339651,161293.78319042572,0.00015441781343396516,4678.0,-0.0005187528858157416,-4.966383995448448e-13,0.0005187528858157416,4.966383995448448e-13,1.3247236959653692e9,1.2682505952112588
7.6896e6,1.3773902658463353e-6,1.3182925060528713e-15,0.0002848487311153361,2.7262712456972606e-13,0.0,0.0,0.0,0.0,0.0,-0.0,-0.0,0.5545705272269694,161293.7831904257,0.00015437337617759563,161293.78319042572,0.00015437337617759566,4678.0,-0.0005185433539480592,-4.962949387138409e-13,0.0005185433539480592,4.962949387138409e-13,1.3226802898695178e9,1.2659298945803306
7.7112e6,1.675638575984847e-6,1.6035371855996123e-15,0.00028811175973924224,2.7571454069615196e-13,0.0,0.0,0.0,0.0,0.0,-0.0,-0.0,0.5688935832459803,161293.7831904257,0.00015435344044874042,161293.78319042572,0.00015435344044874045,4678.0,-0.0005234926272895164,-5.009671574030228e-13,0.0005234926272895164,5.009671574030228e-13,1.335437901105639e9,1.2779750742032063
7.7328e6,1.560407369206977e-6,1.4929538262283241e-15,0.00028439376161618616,2.720999419376829e-13,0.0,0.0,0.0,0.0,0.0,-0.0,-0.0,0.595170538215129,161293.7831904257,0.00015432134935594938,161293.78319042572,0.0001543213493559494,4678.0,-0.0005222698067291486,-4.996930427700285e-13,0.0005222698067291486,4.996930427700285e-13,1.3342669720476804e9,1.2765890628554448
7.7544e6,2.022435780873049e-6,1.9365693036619952e-15,0.0002832200113683104,2.7119535037196807e-13,0.0,0.0,0.0,0.0,0.0,-0.0,-0.0,0.6045295592495528,161293.7831904257,0.00015444573931699965,161293.78319042572,0.00015444573931699967,4678.0,-0.0005222192693121722,-5.000474261260268e-13,0.0005222192693121722,5.000474261260268e-13,1.3348075802233727e9,1.2781357067565602
7.776e6,2.5013991828032724e-6,2.3942582409918205e-15,0.0002836161921141136,2.714682286283217e-13,0.0,0.0,0.0,0.0,0.0,-0.0,-0.0,0.6368346641451401,161293.7831904257,0.00015438518261273314,161293.78319042572,0.00015438518261273317,4678.0,-0.0005207618605609687,-4.984563778600998e-13,0.0005207618605609687,4.984563778600998e-13,1.334376704334213e9,1.2772221414733549
