time,untagged,untagged_relative,overclaimed,overclaimed_relative,orphaned,orphaned_relative,orphaned_volume_fraction,nonpositive_mass,nonpositive_mass_fraction,exchange_volume_fraction,bound_partition,bound_evap,bound_fcg,fix_gross,fix_gross_relative,fix_events,increment_left,increment_left_relative,increment_left_net_abs,increment_left_net_abs_relative,increment_moved_net_abs,increment_moved_net_abs_relative
0.0,3.568647193497274e-16,6.782330168462964e-18,3.614943430337272e-16,6.870317673750229e-18,0.0,0.0,0.0,0.0,0.0,0.0,0.0,0.0,0.0,0.0,0.0,0.0,0.0,0.0,0.0,0.0,0.0,0.0
21600.0,3.6710417633678754e-13,6.503731149572244e-15,1.8284620206749445e-13,3.239359878260738e-15,0.0,0.0,0.0,0.0,0.0,0.9069588363046002,0.0,0.025420393275557847,0.0,0.0,0.0,0.0,2.0985201178734118e-14,3.717803157351233e-16,7.194195348122424e-14,1.2745459027076397e-15,0.18572568961625327,0.0032903737704276506
43200.0,4.1317523255169025e-13,7.117365804353018e-15,4.5100663215795794e-13,7.76905034077977e-15,0.0,0.0,0.0,0.0,0.0,0.9069588363046002,0.0,0.0,0.0,0.0,0.0,0.0,-2.6766486471277753e-13,-4.6108009508899256e-15,2.989712080264565e-13,5.150084721565214e-15,0.24625552459484265,0.004242003178796727
64800.0,2.6316198109952895e-13,4.3676572017596964e-15,8.832831122323597e-13,1.4659708177509572e-14,0.0,0.0,0.0,0.0,0.0,0.9069588363046002,0.0,0.0,0.0,0.0,0.0,0.0,-9.756361293228021e-13,-1.6192476393168932e-14,9.756361293228021e-13,1.6192476393168932e-14,0.3149457070778232,0.005227103398197577
86400.0,3.167678133661151e-13,5.1774655775861765e-15,1.1030849910095668e-12,1.8029560861674714e-14,0.0,0.0,0.0,0.0,0.0,0.9069588363046002,0.0,0.0,0.0,0.0,0.0,0.0,-1.3250124471338634e-12,-2.1656892037133475e-14,1.3250124471338634e-12,2.1656892037133475e-14,0.3242281709660252,0.005299402665384218
108000.0,3.4793200385045225e-13,5.597500134958292e-15,1.1673279860494646e-12,1.8779872179453077e-14,0.0,0.0,0.0,0.0,0.0,0.9069588363046002,0.0,0.0,0.0,0.0,0.0,0.0,-1.5390174489071017e-12,-2.47595802703548e-14,1.5390174489071017e-12,2.47595802703548e-14,0.3398788620319469,0.005467941882434626
129600.0,5.239751944183416e-13,8.749744606633341e-15,1.2200739146549716e-12,2.0373741482737405e-14,0.0,0.0,0.0,0.0,0.0,0.9069588363046002,0.0,0.0,0.0,0.0,0.0,0.0,-1.5108462646064052e-12,-2.5229283935600895e-14,1.5664383372652087e-12,2.6157603526107274e-14,0.3293647299290383,0.005499987976550997
151200.0,4.726967366244788e-13,7.797565250036799e-15,1.6764157106391881e-12,2.7654011286903695e-14,0.0,0.0,0.0,0.0,0.0,0.9069588363046002,0.0,0.0,0.0,0.0,0.0,0.0,-2.099366202087162e-12,-3.463096669842519e-14,2.1534061199449712e-12,3.552240459709139e-14,0.3555389547902013,0.005864940423967614
172800.0,4.411435859559579e-13,7.311220688588918e-15,1.994597299435023e-12,3.3057130388582437e-14,0.0,0.0,0.0,0.0,0.0,0.9069588363046002,0.0,0.0,0.0,0.0,0.0,0.0,-2.3440263534211725e-12,-3.884833536136118e-14,2.400179934204786e-12,3.9778987499652704e-14,0.36451427739011955,0.006041217442537517
194400.0,5.876488030661784e-13,9.45835858516692e-15,2.178519069401919e-12,3.5063824576031714e-14,0.0,0.0,0.0,0.0,0.0,1.0,0.0,0.0,0.0,0.0,0.0,0.0,-2.373519062567922e-12,-3.820239960561694e-14,2.4264787490036166e-12,3.9054799376114543e-14,0.40177296918144917,0.006466639245272847
216000.0,6.466748047572176e-13,1.0262686329363442e-14,2.141682328698717e-12,3.398835673647029e-14,0.0,0.0,0.0,0.0,0.0,1.0,0.0,0.0,0.0,0.0,0.0,0.0,-2.360609374245996e-12,-3.7462714452184136e-14,2.414428470347278e-12,3.831681994346686e-14,0.4098244289918561,0.006503886549952924
237600.0,7.208242063476926e-13,1.1597054633952047e-14,2.2349938523186783e-12,3.5957929247709474e-14,0.0,0.0,0.0,0.0,0.0,1.0,0.0,0.0,0.0,0.0,0.0,0.0,-2.2579719811422913e-12,-3.632761524466515e-14,2.321991909982306e-12,3.7357606476759334e-14,0.40059109910827573,0.006444951239599064
259200.0,8.178301389544756e-13,1.3219835785923694e-14,2.4310509412297913e-12,3.929678389128435e-14,0.0,0.0,0.0,0.0,0.0,1.0,0.0,0.0,0.0,0.0,0.0,0.0,-2.5326485287011963e-12,-4.093906064124007e-14,2.6100396141984504e-12,4.219005078312457e-14,0.41458031389089944,0.006701493878326576
280800.0,8.82235151403427e-13,1.4229250431065774e-14,2.6423212426748677e-12,4.261703993718195e-14,0.0,0.0,0.0,0.0,0.0,1.0,0.0,0.0,0.0,0.0,0.0,0.0,-2.804505764565707e-12,-4.523285520407119e-14,2.887542921972074e-12,4.657213136637264e-14,0.4435452914402541,0.007153780961213822
302400.0,8.934303366735343e-13,1.4254578295399545e-14,3.011495412199958e-12,4.804806304123392e-14,0.0,0.0,0.0,0.0,0.0,1.0,0.0,0.0,0.0,0.0,0.0,0.0,-3.169732417807509e-12,-5.057271627168117e-14,3.2456842769379097e-12,5.1784519451195396e-14,0.4722793776899065,0.007535163168567576
324000.0,8.615229526862083e-13,1.3691002091027034e-14,3.47314507719941e-12,5.5193928804931986e-14,0.0,0.0,0.0,0.0,0.0,1.0,0.0,0.0,0.0,0.0,0.0,0.0,-3.668669644878136e-12,-5.830113245701114e-14,3.7263484513459134e-12,5.92177425803933e-14,0.5076308853105485,0.008067081080761415
345600.0,1.0415091607483e-12,1.729568044578692e-14,3.5292761444602384e-12,5.860844503342294e-14,0.0,0.0,0.0,0.0,0.0,1.0,0.0,0.0,0.0,0.0,0.0,0.0,-3.665410148692643e-12,-6.086913588833333e-14,3.737072382403296e-12,6.205918504104576e-14,0.5127893440184215,0.008515566606994715
367200.0,1.1173297358497229e-12,1.8038731378599033e-14,3.719368930368274e-12,6.004735655029971e-14,0.0,0.0,0.0,0.0,0.0,1.0,0.0,0.0,0.0,0.0,0.0,0.0,-3.990901613426983e-12,-6.443111630630526e-14,4.042551763953293e-12,6.526498222888339e-14,0.5458404728119257,0.008812322225662226
388800.0,1.0403441473736973e-12,1.699969066456108e-14,3.8491588505148835e-12,6.289698456294202e-14,0.0,0.0,0.0,0.0,0.0,1.0,0.0,0.0,0.0,0.0,0.0,0.0,-3.9988670000423375e-12,-6.534328297136321e-14,4.096650846734825e-12,6.694111494836769e-14,0.5835823787165245,0.00953599819878265
410400.0,1.040912081804352e-12,1.656366675903496e-14,4.053487779944472e-12,6.450172110831577e-14,0.0,0.0,0.0,0.0,0.0,1.0,0.0,0.0,0.0,0.0,0.0,0.0,-4.056055407095767e-12,-6.454257885340196e-14,4.143776252323228e-12,6.593844971854736e-14,0.5900571480154799,0.00938937124408552
432000.0,1.1162005627376878e-12,1.7344110827369583e-14,4.1105184418869355e-12,6.387139533344582e-14,0.0,0.0,0.0,0.0,0.0,1.0,0.0,0.0,0.0,0.0,0.0,0.0,-3.933457861507178e-12,-6.11201350028357e-14,4.023286198000669e-12,6.251593489363676e-14,0.6019381921754392,0.009353231905483974
453600.0,1.186858362532832e-12,1.821249134909211e-14,4.1570603691095744e-12,6.379061596574241e-14,0.0,0.0,0.0,0.0,0.0,1.0,0.0,0.0,0.0,0.0,0.0,0.0,-3.956462150451381e-12,-6.071241098586676e-14,4.0461539369688005e-12,6.208874276866442e-14,0.5871501982263357,0.009009893887417457
475200.0,1.0688435910442203e-12,1.6620387751792024e-14,4.466763363037082e-12,6.945762664549059e-14,0.0,0.0,0.0,0.0,0.0,1.0,0.0,0.0,0.0,0.0,0.0,0.0,-4.58089395001607e-12,-7.123234338218095e-14,4.63639847441666e-12,7.209543198115486e-14,0.5922354111781754,0.00920918856285309
496800.0,1.1834228709497896e-12,1.857336946203849e-14,4.468099587992787e-12,7.012511459607662e-14,0.0,0.0,0.0,0.0,0.0,1.0,0.0,0.0,0.0,0.0,0.0,0.0,-4.435836726099796e-12,-6.961876131480168e-14,4.495923869101093e-12,7.05618060490865e-14,0.5613583631186132,0.008810304866289451
518400.0,1.2035407399897641e-12,1.91282367715062e-14,4.58318623073192e-12,7.284196411173653e-14,0.0,0.0,0.0,0.0,0.0,1.0,0.0,0.0,0.0,0.0,0.0,0.0,-4.665760437515364e-12,-7.415434093961729e-14,4.7514969292128676e-12,7.551697691749209e-14,0.5443277593127224,0.008651165611166387
540000.0,1.1467577340554117e-12,1.7542095182218903e-14,4.858886633954847e-12,7.432699102976232e-14,0.0,0.0,0.0,0.0,0.0,1.0,0.0,0.0,0.0,0.0,0.0,0.0,-5.065901777648184e-12,-7.749372733943326e-14,5.140635159429292e-12,7.863693314268268e-14,0.5825180129873956,0.00891085023952248
561600.0,1.0707612827725688e-12,1.6382658945155843e-14,5.136846653709368e-12,7.859380810200655e-14,0.0,0.0,0.0,0.0,0.0,1.0,0.0,0.0,0.0,0.0,0.0,0.0,-5.41113262331399e-12,-8.279038633636202e-14,5.475483213176372e-12,8.37749510414896e-14,0.6165346773066184,0.009432987080016974
583200.0,1.172841699695153e-12,1.8248652884377115e-14,5.593346488015501e-12,8.702882797258585e-14,0.0,0.0,0.0,0.0,0.0,1.0,0.0,0.0,0.0,0.0,0.0,0.0,-5.751319215401437e-12,-8.948678071080584e-14,5.8403298534744025e-12,9.087172825968022e-14,0.6277139523622738,0.009766820219912842
604800.0,1.224196872977355e-12,1.9112461037465556e-14,5.396199804016532e-12,8.424679133006821e-14,0.0,0.0,0.0,0.0,0.0,1.0,0.0,0.0,0.0,0.0,0.0,0.0,-5.537990462046869e-12,-8.646046176731621e-14,5.6425939440803974e-12,8.809355691637237e-14,0.6185702719187323,0.009657270396572834
626400.0,1.2994931893631718e-12,2.052366614412828e-14,6.058034398261302e-12,9.567812782496423e-14,0.0,0.0,0.0,0.0,0.0,1.0,0.0,0.0,0.0,0.0,0.0,0.0,-6.246335364942557e-12,-9.865207659700558e-14,6.373437604909226e-12,1.0065947760579823e-13,0.653014523915044,0.010313445415336981
648000.0,1.3581317026258832e-12,2.1657887763127285e-14,5.873155199443779e-12,9.365817459311595e-14,0.0,0.0,0.0,0.0,0.0,1.0,0.0,0.0,0.0,0.0,0.0,0.0,-6.211770103254641e-12,-9.905800700073774e-14,6.409495238083803e-12,1.0221109500376393e-13,0.6900428247906842,0.011003991749970013
669600.0,1.2852747040899183e-12,2.0255911526277526e-14,6.456906176496414e-12,1.0176075186759149e-13,0.0,0.0,0.0,0.0,0.0,1.0,0.0,0.0,0.0,0.0,0.0,0.0,-6.837108010963589e-12,-1.077527275102995e-13,7.012586707137571e-12,1.1051826933037567e-13,0.7169850271095234,0.011299674091913157
691200.0,1.386498261979493e-12,2.187479727416167e-14,6.8482940112827185e-12,1.0804560472855506e-13,0.0,0.0,0.0,0.0,0.0,1.0,0.0,0.0,0.0,0.0,0.0,0.0,-7.132365432334914e-12,-1.1252740244680688e-13,7.301112136641313e-12,1.1518972092827064e-13,0.7090810241687546,0.011187178577852305
712800.0,1.4463297450741342e-12,2.297548500138407e-14,7.158094495066056e-12,1.1370898874893175e-13,0.0,0.0,0.0,0.0,0.0,1.0,0.0,0.0,0.0,0.0,0.0,0.0,-7.447486951360703e-12,-1.183060953643188e-13,7.637316129537333e-12,1.2132160234042585e-13,0.7326278950451898,0.011638066126714114
734400.0,1.4565109665842228e-12,2.2869203626452535e-14,7.816093141704821e-12,1.227232954106498e-13,0.0,0.0,0.0,0.0,0.0,1.0,0.0,0.0,0.0,0.0,0.0,0.0,-8.206958136651178e-12,-1.28860407567686e-13,8.368689209819562e-12,1.313998054368874e-13,0.7572970406886564,0.011890593772757106
756000.0,1.4902650847192862e-12,2.3914889485626562e-14,7.494339390465482e-12,1.2026471003614763e-13,0.0,0.0,0.0,0.0,0.0,1.0,0.0,0.0,0.0,0.0,0.0,0.0,-7.98137778141311e-12,-1.2808041303704285e-13,8.15043292486582e-12,1.307933096311477e-13,0.6957103203758545,0.011164346260539543
777600.0,1.509612435716268e-12,2.4003026537973138e-14,7.916979484426729e-12,1.2588096399399301e-13,0.0,0.0,0.0,0.0,0.0,1.0,0.0,0.0,0.0,0.0,0.0,0.0,-8.36883943649547e-12,-1.3306559374686542e-13,8.520772602109994e-12,1.3548135008270493e-13,0.7037236763084137,0.011189294469355864
799200.0,1.5685457326099402e-12,2.4469309418844038e-14,8.505267660315047e-12,1.326821537578277e-13,0.0,0.0,0.0,0.0,0.0,1.0,0.0,0.0,0.0,0.0,0.0,0.0,-8.908341981980947e-12,-1.3897011214538607e-13,9.043620915333365e-12,1.410804631598532e-13,0.7395966096450106,0.011537705219738193
820800.0,1.5862957995774258e-12,2.4344517748492086e-14,8.870340320826214e-12,1.3613107809592904e-13,0.0,0.0,0.0,0.0,0.0,1.0,0.0,0.0,0.0,0.0,0.0,0.0,-9.183822177058101e-12,-1.4094201223248818e-13,9.31574129460667e-12,1.429665446679785e-13,0.7506085078956013,0.01151941658516743
842400.0,1.7103346250205532e-12,2.7321666034236295e-14,8.522808380453817e-12,1.3614723156397025e-13,0.0,0.0,0.0,0.0,0.0,1.0,0.0,0.0,0.0,0.0,0.0,0.0,-8.857679070957715e-12,-1.4149660883597143e-13,9.072425506770705e-12,1.4492706642917752e-13,0.75762656248436,0.01210267255076789
864000.0,1.7692451873829025e-12,2.7150690944035095e-14,9.141030119730827e-12,1.4027749543185006e-13,0.0,0.0,0.0,0.0,0.0,1.0,0.0,0.0,0.0,0.0,0.0,0.0,-9.439317796894319e-12,-1.4485499356090238e-13,9.625002374921637e-12,1.4770449380374365e-13,0.7913968935031608,0.012144711554285852
885600.0,1.849539946064158e-12,2.879741439909298e-14,9.576350264380718e-12,1.4910417457113356e-13,0.0,0.0,0.0,0.0,0.0,1.0,0.0,0.0,0.0,0.0,0.0,0.0,-9.744432855954487e-12,-1.5172122755943135e-13,9.933846457218424e-12,1.5467040526171869e-13,0.8042988478815344,0.012522966736915313
907200.0,1.9390324240761e-12,3.014025594928068e-14,9.690956040533178e-12,1.5063590058019284e-13,0.0,0.0,0.0,0.0,0.0,1.0,0.0,0.0,0.0,0.0,0.0,0.0,-1.0046963932560304e-11,-1.5616967549412916e-13,1.0217040918327202e-11,1.588133465428683e-13,0.8220703221275393,0.012778233932337395
928800.0,2.009123245384083e-12,3.046835352958361e-14,9.471324761875423e-12,1.4363263771962024e-13,0.0,0.0,0.0,0.0,0.0,1.0,0.0,0.0,0.0,0.0,0.0,0.0,-9.850702163337257e-12,-1.4938589592089312e-13,1.0025724293213135e-11,1.5204010647806553e-13,0.8320218213738049,0.012617610719594725
950400.0,2.115924130173612e-12,3.4040751972405143e-14,9.119628701614365e-12,1.4671557183225192e-13,0.0,0.0,0.0,0.0,0.0,1.0,0.0,0.0,0.0,0.0,0.0,0.0,-9.640747195260111e-12,-1.5509926817441363e-13,9.913816590562544e-12,1.594923782222593e-13,0.845727644374073,0.013605972240593579
972000.0,2.463850345811787e-12,4.0773940693784205e-14,8.327610458925846e-12,1.3781254837590594e-13,0.0,0.0,0.0,0.0,0.0,1.0,0.0,0.0,0.0,0.0,0.0,0.0,-8.47976880450788e-12,-1.4033059715649537e-13,9.353994401609468e-12,1.5479804348894042e-13,0.8613468208769254,0.014254317130468349
993600.0,2.2869254053175916e-12,3.6415986078760177e-14,8.761976700643147e-12,1.3952183171830693e-13,0.0,0.0,0.0,0.0,0.0,1.0,0.0,0.0,0.0,0.0,0.0,0.0,-8.966370525710892e-12,-1.4277650835574534e-13,9.765811298451643e-12,1.5550644873037576e-13,0.9212290045576671,0.014669242174369598
1.0152e6,1.968185817758641e-12,3.21621424274659e-14,9.997505515258321e-12,1.6336932895252913e-13,0.0,0.0,0.0,0.0,0.0,1.0,0.0,0.0,0.0,0.0,0.0,0.0,-1.0333195168485084e-11,-1.6885483664244877e-13,1.0886090708970393e-11,1.778897077202465e-13,0.9094849353202408,0.014861901636256607
1.0368e6,1.8494898125327083e-12,2.98944063650449e-14,1.045492458705858e-11,1.689891785310394e-13,0.0,0.0,0.0,0.0,0.0,1.0,0.0,0.0,0.0,0.0,0.0,0.0,-1.109774642110203e-11,-1.7937949103614196e-13,1.1561261766992141e-11,1.8687156588433918e-13,0.949074823876196,0.01534046214449568
1.0584e6,1.6503395112014183e-12,2.6051029672652408e-14,1.1270305040403489e-11,1.7790463661241282e-13,0.0,0.0,0.0,0.0,0.0,1.0,0.0,0.0,0.0,0.0,0.0,0.0,-1.194857987728988e-11,-1.8861137772962547e-13,1.2290216703741885e-11,1.940042020804725e-13,1.0101196906627785,0.015944996684488216
1.08e6,1.7482184913123932e-12,2.860706209538747e-14,1.0805030096215367e-11,1.7680865889533124e-13,0.0,0.0,0.0,0.0,0.0,1.0,0.0,0.0,0.0,0.0,0.0,0.0,-1.1637808652426322e-11,-1.9043587310661078e-13,1.2003781362546502e-11,1.9642448614076636e-13,1.002980089935696,0.01641231565494331
1.1016e6,1.6632350432012911e-12,2.6540016969219768e-14,1.135561188176836e-11,1.811999652544189e-13,0.0,0.0,0.0,0.0,0.0,1.0,0.0,0.0,0.0,0.0,0.0,0.0,-1.2295313978791296e-11,-1.96194664712529e-13,1.2619619702705736e-11,2.0136956735246975e-13,1.0457901668659335,0.01668753246170391
1.1232e6,1.7089581262614486e-12,2.6861762187506024e-14,1.146563575865456e-11,1.8021926713400695e-13,0.0,0.0,0.0,0.0,0.0,1.0,0.0,0.0,0.0,0.0,0.0,0.0,-1.2533408373274768e-11,-1.9700274099653244e-13,1.2854567245023553e-11,2.0205078348789295e-13,1.0771719203010588,0.016931214120198747
1.1448e6,1.8553239195767883e-12,2.8975574267558517e-14,1.1711076584402038e-11,1.828980728075836e-13,0.0,0.0,0.0,0.0,0.0,1.0,0.0,0.0,0.0,0.0,0.0,0.0,-1.2649848720954388e-11,-1.9755937344407406e-13,1.2949897491600123e-11,2.0224539368345002e-13,1.0777977172754882,0.016832536611420756
1.1664e6,1.932385574230431e-12,3.0140849415251076e-14,1.162141006465322e-11,1.812677425368868e-13,0.0,0.0,0.0,0.0,0.0,1.0,0.0,0.0,0.0,0.0,0.0,0.0,-1.2559492314121744e-11,-1.9589970636305597e-13,1.2860676882398706e-11,2.0059750520801402e-13,1.0923905484169145,0.01703882468465969
1.188e6,1.9109727949121e-12,3.068251519614423e-14,1.1875785128377832e-11,1.9067720829817306e-13,0.0,0.0,0.0,0.0,0.0,1.0,0.0,0.0,0.0,0.0,0.0,0.0,-1.2665151077461504e-11,-2.033512415405943e-13,1.2937600220592906e-11,2.0772567585832107e-13,1.0958650779283525,0.017595172990417726
1.2096e6,1.977697530925896e-12,3.1567953811085143e-14,1.2284709623644143e-11,1.9608819848211782e-13,0.0,0.0,0.0,0.0,0.0,1.0,0.0,0.0,0.0,0.0,0.0,0.0,-1.3012512828806683e-11,-2.0770537330529437e-13,1.3255930731994113e-11,2.115908032077196e-13,1.1273810923593652,0.017995226112473044
1.2312e6,2.07348655875082e-12,3.205396404260947e-14,1.2297726743040981e-11,1.9011017417192918e-13,0.0,0.0,0.0,0.0,0.0,1.0,0.0,0.0,0.0,0.0,0.0,0.0,-1.3064070899534175e-11,-2.0195706458596477e-13,1.3307828646538799e-11,2.0572530799444913e-13,1.1392382376392307,0.017611448384432044
1.2528e6,2.215134185216993e-12,3.6247406763505663e-14,1.167807522886129e-11,1.9109449254149293e-13,0.0,0.0,0.0,0.0,0.0,1.0,0.0,0.0,0.0,0.0,0.0,0.0,-1.2495579625977201e-11,-2.0447174734211447e-13,1.2832743027996388e-11,2.0998892957889153e-13,1.1452151665613857,0.018739758634540707
1.2744e6,2.235544182919784e-12,3.5074062773338297e-14,1.2039811573961248e-11,1.8889588948886108e-13,0.0,0.0,0.0,0.0,0.0,1.0,0.0,0.0,0.0,0.0,0.0,0.0,-1.2952637301121565e-11,-2.0321746143548357e-13,1.3254373155454108e-11,2.079514775988341e-13,1.1954216641616773,0.018755296723616432
1.296e6,2.319250002354785e-12,3.712150587917168e-14,1.1726107622212767e-11,1.8768600737126697e-13,0.0,0.0,0.0,0.0,0.0,1.0,0.0,0.0,0.0,0.0,0.0,0.0,-1.2600000559502532e-11,-2.0167338336627886e-13,1.2923225936083785e-11,2.0684687165123132e-13,1.1453751206559555,0.01833267186897382
1.3176e6,2.2293384729303188e-12,3.608267004330376e-14,1.2179598343138268e-11,1.97131316581896e-13,0.0,0.0,0.0,0.0,0.0,1.0,0.0,0.0,0.0,0.0,0.0,0.0,-1.282013617451692e-11,-2.0749865895746159e-13,1.3184433664498132e-11,2.133949489503032e-13,1.175966149696414,0.019033448297250254
1.3392e6,2.343491707858552e-12,3.90558804525346e-14,1.205271209353613e-11,2.0086663036845582e-13,0.0,0.0,0.0,0.0,0.0,1.0,0.0,0.0,0.0,0.0,0.0,0.0,-1.2594196529082054e-11,-2.0989083613401182e-13,1.3017715703221819e-11,2.1694907072434186e-13,1.1899283037566086,0.019830963097826514
1.3608e6,2.3434275554451454e-12,3.7353665414644934e-14,1.2797707894088965e-11,2.0399235198860378e-13,0.0,0.0,0.0,0.0,0.0,1.0,0.0,0.0,0.0,0.0,0.0,0.0,-1.3430200419853971e-11,-2.1407412905476186e-13,1.378604870891908e-11,2.1974626425570987e-13,1.2650966509949775,0.02016533300065157
1.3824e6,2.3966001821295466e-12,3.83487126944622e-14,1.2934932314803536e-11,2.069757011459255e-13,0.0,0.0,0.0,0.0,0.0,1.0,0.0,0.0,0.0,0.0,0.0,0.0,-1.3488486140067379e-11,-2.1583328063050228e-13,1.3853643088817808e-11,2.2167626563085131e-13,1.2936015773052982,0.020699303788379038
1.404e6,2.3977483435103507e-12,3.824115056486752e-14,1.3132560526169712e-11,2.0944826246788474e-13,0.0,0.0,0.0,0.0,0.0,1.0,0.0,0.0,0.0,0.0,0.0,0.0,-1.3702238276942762e-11,-2.185339251479279e-13,1.406555036033332e-11,2.243283080824746e-13,1.3398388610479803,0.021368789496475884
1.4256e6,2.471561399750789e-12,3.876627414087015e-14,1.3170774019239529e-11,2.065827036822846e-13,0.0,0.0,0.0,0.0,0.0,1.0,0.0,0.0,0.0,0.0,0.0,0.0,-1.3682277905920802e-11,-2.1460560770449752e-13,1.4047199255039342e-11,2.20329374494678e-13,1.3684323995489718,0.021463770048161947
1.4472e6,2.6061378400450324e-12,4.203986772180612e-14,1.3286120895665661e-11,2.143197325971282e-13,0.0,0.0,0.0,0.0,0.0,1.0,0.0,0.0,0.0,0.0,0.0,0.0,-1.3837355029489547e-11,-2.232117450277908e-13,1.4258693182769139e-11,2.3000839252580574e-13,1.3962997950847709,0.022523850344130094
1.4688e6,2.6761614822751704e-12,4.171751771699391e-14,1.3214728377957192e-11,2.059986547463531e-13,0.0,0.0,0.0,0.0,0.0,1.0,0.0,0.0,0.0,0.0,0.0,0.0,-1.3789421489233427e-11,-2.1495729577391853e-13,1.4211965202695028e-11,2.2154414599550999e-13,1.4101311217771273,0.02198192091383409
1.4904e6,2.7809492541072047e-12,4.2712859277552964e-14,1.3357721831642594e-11,2.0516249694991837e-13,0.0,0.0,0.0,0.0,0.0,1.0,0.0,0.0,0.0,0.0,0.0,0.0,-1.3920139597065092e-11,-2.1380072392734632e-13,1.4339298167902041e-11,2.2023861955765926e-13,1.4121644659237431,0.021689565899369826
1.512e6,2.80083862662273e-12,4.3004116195160234e-14,1.383062460699911e-11,2.1235560735186458e-13,0.0,0.0,0.0,0.0,0.0,1.0,0.0,0.0,0.0,0.0,0.0,0.0,-1.4548763772709198e-11,-2.2338192633823579e-13,1.4888031546601457e-11,2.2859104857436e-13,1.423613249488195,0.021858178124235933
1.5336e6,2.8420304834895703e-12,4.4053994410275184e-14,1.400891370852028e-11,2.171505934909669e-13,0.0,0.0,0.0,0.0,0.0,1.0,0.0,0.0,0.0,0.0,0.0,0.0,-1.4723282672162713e-11,-2.282239463328888e-13,1.506830468584211e-11,2.3357209370511236e-13,1.4320420722856582,0.0221979228633361
1.5552e6,2.946751506475584e-12,4.6187446620290956e-14,1.364978411456704e-11,2.1394701038911114e-13,0.0,0.0,0.0,0.0,0.0,1.0,0.0,0.0,0.0,0.0,0.0,0.0,-1.4446320352702273e-11,-2.2643193655243071e-13,1.481734993715244e-11,2.3224746225545725e-13,1.4362056583440208,0.02251111844169814
1.5768e6,3.042867248692202e-12,4.820260864329157e-14,1.4011116689092099e-11,2.219526253437664e-13,0.0,0.0,0.0,0.0,0.0,1.0,0.0,0.0,0.0,0.0,0.0,0.0,-1.4819783224395105e-11,-2.347628577128882e-13,1.5249695561649992e-11,2.415731765503355e-13,1.4679531575756541,0.02325411060627606
1.5984e6,2.9788300436769455e-12,4.710501438244132e-14,1.4086552450040068e-11,2.2275431831589023e-13,0.0,0.0,0.0,0.0,0.0,1.0,0.0,0.0,0.0,0.0,0.0,0.0,-1.5107336450845158e-11,-2.388962412635777e-13,1.5551143467200626e-11,2.459142770635147e-13,1.4945449202326868,0.023633627609001073
1.62e6,3.2505164131182906e-12,5.42638510312152e-14,1.3679527465437161e-11,2.2836489536436176e-13,0.0,0.0,0.0,0.0,0.0,1.0,0.0,0.0,0.0,0.0,0.0,0.0,-1.4526323162626496e-11,-2.4250123240321244e-13,1.5351287787054954e-11,2.562731233265576e-13,1.4881105204240654,0.02484239343397433
1.6416e6,3.064771954993569e-12,5.032362877926306e-14,1.4326465251785759e-11,2.3524090197810195e-13,0.0,0.0,0.0,0.0,0.0,1.0,0.0,0.0,0.0,0.0,0.0,0.0,-1.5105088829682134e-11,-2.4802591974394123e-13,1.5884268099334665e-11,2.608200619817031e-13,1.5147841073855777,0.02487279126154726
1.6632e6,2.9781436231303732e-12,4.8900859916721224e-14,1.493081165573892e-11,2.451626320334366e-13,0.0,0.0,0.0,0.0,0.0,1.0,0.0,0.0,0.0,0.0,0.0,0.0,-1.557804477537205e-11,-2.5579014370574947e-13,1.6310786374774372e-11,2.6782169719740544e-13,1.5401602771395368,0.025289298130804747
1.6848e6,2.965706738997732e-12,4.7344938384616005e-14,1.527715615743815e-11,2.438865608170368e-13,0.0,0.0,0.0,0.0,0.0,1.0,0.0,0.0,0.0,0.0,0.0,0.0,-1.601301398116984e-11,-2.5563389337230776e-13,1.6668001806763264e-11,2.660902064789348e-13,1.5642969309221604,0.024972645081820493
1.7064e6,3.1439148636427032e-12,5.369947508823357e-14,1.52635005892184e-11,2.6070743172106516e-13,0.0,0.0,0.0,0.0,0.0,1.0,0.0,0.0,0.0,0.0,0.0,0.0,-1.558984543591343e-11,-2.662815479822696e-13,1.6507897460019328e-11,2.819622880583723e-13,1.5464152008487009,0.02641346479014515
1.728e6,3.0742408140873763e-12,5.117794608059834e-14,1.5742020318489298e-11,2.620628362513278e-13,0.0,0.0,0.0,0.0,0.0,1.0,0.0,0.0,0.0,0.0,0.0,0.0,-1.5978630405758415e-11,-2.6600176589955034e-13,1.6873646649423913e-11,2.8090140969117384e-13,1.6099214166771207,0.02680091653170031
1.7496e6,2.9955362289102837e-12,4.824288274306247e-14,1.631238492924072e-11,2.627097164794894e-13,0.0,0.0,0.0,0.0,0.0,1.0,0.0,0.0,0.0,0.0,0.0,0.0,-1.6678292009190885e-11,-2.686026221244042e-13,1.7455914671405168e-11,2.8112617585394756e-13,1.6496363596390156,0.026567267889698747
1.7712e6,3.018696222883839e-12,4.7945243929256366e-14,1.64374580742658e-11,2.6107229040579247e-13,0.0,0.0,0.0,0.0,0.0,1.0,0.0,0.0,0.0,0.0,0.0,0.0,-1.677066921621833e-11,-2.663646048028993e-13,1.7504556021927796e-11,2.780207567699192e-13,1.6397802345775632,0.02604424477733208
1.7928e6,3.0675361928402016e-12,4.791375208119956e-14,1.6490352506353115e-11,2.575730527858684e-13,0.0,0.0,0.0,0.0,0.0,1.0,0.0,0.0,0.0,0.0,0.0,0.0,-1.6808882573999538e-11,-2.6254837165162155e-13,1.75450857635502e-11,2.7404758629425587e-13,1.6561563891175455,0.025868534761247886
1.8144e6,3.0537383462522883e-12,4.8373721372072127e-14,1.682999236783466e-11,2.6660089018264366e-13,0.0,0.0,0.0,0.0,0.0,1.0,0.0,0.0,0.0,0.0,0.0,0.0,-1.7304751598610654e-11,-2.7412146599640393e-13,1.8000687725965676e-11,2.8514566535478914e-13,1.66721806019217,0.026410102230664277
1.836e6,3.1613360682158327e-12,4.978560190538074e-14,1.720446925079319e-11,2.709407790348457e-13,0.0,0.0,0.0,0.0,0.0,1.0,0.0,0.0,0.0,0.0,0.0,0.0,-1.766397710985164e-11,-2.7817723692791267e-13,1.8322183021615365e-11,2.885428471597065e-13,1.6951012950877862,0.026694927855033163
1.8576e6,3.3586302065106747e-12,5.234067905836687e-14,1.708706837551074e-11,2.6628378443011996e-13,0.0,0.0,0.0,0.0,0.0,1.0,0.0,0.0,0.0,0.0,0.0,0.0,-1.7454316465385705e-11,-2.7200695525425006e-13,1.8142764120703546e-11,2.827356796329045e-13,1.69881774301697,0.02647426742412578
1.8792e6,3.4845046993163e-12,5.372798685252881e-14,1.744741631950608e-11,2.6902375962039905e-13,0.0,0.0,0.0,0.0,0.0,1.0,0.0,0.0,0.0,0.0,0.0,0.0,-1.7963992518783494e-11,-2.7698890865536866e-13,1.8632134219493596e-11,2.8729106394258127e-13,1.7311890858600343,0.026693407663528068
1.9008e6,3.41911013578396e-12,5.4666350508246916e-14,1.7309369548918034e-11,2.76750389797247e-13,0.0,0.0,0.0,0.0,0.0,1.0,0.0,0.0,0.0,0.0,0.0,0.0,-1.7777573959483095e-11,-2.8423626343131997e-13,1.8441697672881353e-11,2.948545875728859e-13,1.695265478374784,0.02710470653619873
1.9224e6,3.2764606105371932e-12,5.057198899771855e-14,1.7473391856478783e-11,2.697008405584917e-13,0.0,0.0,0.0,0.0,0.0,1.0,0.0,0.0,0.0,0.0,0.0,0.0,-1.8125790400066555e-11,-2.7977057613301434e-13,1.8763055655878986e-11,2.896067302445361e-13,1.759057529530804,0.02715095604802662
1.944e6,3.3044231914316e-12,5.0515046204407465e-14,1.7416176218123788e-11,2.6624281921392533e-13,0.0,0.0,0.0,0.0,0.0,1.0,0.0,0.0,0.0,0.0,0.0,0.0,-1.773186406067049e-11,-2.710687706821776e-13,1.839004163899065e-11,2.811303968279328e-13,1.7920660466124185,0.027395492012255475
1.9656e6,3.349132080400549e-12,5.2290240679545804e-14,1.7678925103878072e-11,2.760223324864776e-13,0.0,0.0,0.0,0.0,0.0,1.0,0.0,0.0,0.0,0.0,0.0,0.0,-1.7997760592530836e-11,-2.8100033396226283e-13,1.8658965966339227e-11,2.9132378114351426e-13,1.8121460384868906,0.028293166774011547
1.9872e6,3.484516841428382e-12,5.5096802440598204e-14,1.75637795451656e-11,2.7771657757679927e-13,0.0,0.0,0.0,0.0,0.0,1.0,0.0,0.0,0.0,0.0,0.0,0.0,-1.798316789313727e-11,-2.843479006570493e-13,1.8650335728070298e-11,2.9489708611627594e-13,1.779842934784923,0.02814268348117408
2.0088e6,3.387243049656471e-12,5.249867906711258e-14,1.820088329746743e-11,2.8209441039922427e-13,0.0,0.0,0.0,0.0,0.0,1.0,0.0,0.0,0.0,0.0,0.0,0.0,-1.8678335191185915e-11,-2.8949440897353794e-13,1.9308917504783716e-11,2.992677668405873e-13,1.839067863264816,0.02850360370389479
2.0304e6,3.5903676665562664e-12,5.591303057330197e-14,1.7884010259794985e-11,2.7850886184819994e-13,0.0,0.0,0.0,0.0,0.0,1.0,0.0,0.0,0.0,0.0,0.0,0.0,-1.8206053581090875e-11,-2.8352406356062393e-13,1.8891811998542784e-11,2.9420342426177034e-13,1.8557891024313726,0.028900325108311534
2.052e6,3.619798416498256e-12,5.5313038673614633e-14,1.8386598071144836e-11,2.809600130079322e-13,0.0,0.0,0.0,0.0,0.0,1.0,0.0,0.0,0.0,0.0,0.0,0.0,-1.8685771722788116e-11,-2.8553159458773737e-13,1.9330758635085717e-11,2.953874434276308e-13,1.872512183480476,0.028613289168148363
2.0736e6,3.505044019384944e-12,5.523367324485088e-14,1.8252348248741863e-11,2.876266984227892e-13,0.0,0.0,0.0,0.0,0.0,1.0,0.0,0.0,0.0,0.0,0.0,0.0,-1.8925973826203646e-11,-2.9824191889623335e-13,1.9573132432191296e-11,3.0844006385048345e-13,1.8378339548690945,0.02896121120879513
2.0952e6,3.360039732486181e-12,5.1708009366093244e-14,1.8220345403369377e-11,2.8039483630563066e-13,0.0,0.0,0.0,0.0,0.0,1.0,0.0,0.0,0.0,0.0,0.0,0.0,-1.896731314572867e-11,-2.91890002462343e-13,1.9611177035478482e-11,3.0179849244827487e-13,1.8720636835244446,0.028809387444350146
2.1168e6,3.5014211836756614e-12,5.587346143671753e-14,1.7650264996131964e-11,2.816517490689218e-13,0.0,0.0,0.0,0.0,0.0,0.9788461796943786,0.0,0.0,0.0,0.0,0.0,0.0,-1.8364309752087426e-11,-2.9304602300602254e-13,1.9122970504290566e-11,3.051522507513162e-13,1.8944214791953176,0.030229978031832718
2.1384e6,3.482863050770398e-12,5.368910860162065e-14,1.8301373752768076e-11,2.82119747072418e-13,0.0,0.0,0.0,0.0,0.0,1.0,0.0,0.0,0.0,0.0,0.0,0.0,-1.9178092780108975e-11,-2.9563456588264973e-13,1.9885256128246864e-11,3.0653564618463365e-13,1.9579265385385505,0.03018187308235946
2.16e6,3.516112326447758e-12,5.388564687937045e-14,1.8421402499245955e-11,2.823144137434224e-13,0.0,0.0,0.0,0.0,0.0,1.0,0.0,0.0,0.0,0.0,0.0,0.0,-1.9450805098100093e-11,-2.9809036735028576e-13,2.015586535114503e-11,3.0889566146403837e-13,1.981790312222741,0.030371627251533032
2.1816e6,3.598149201532712e-12,5.633629966873367e-14,1.7934127503274874e-11,2.807950211990636e-13,0.0,0.0,0.0,0.0,0.0,1.0,0.0,0.0,0.0,0.0,0.0,0.0,-1.8896512028329556e-11,-2.9586309646868765e-13,1.9663958043777083e-11,3.0787901528812144e-13,1.9899247376950344,0.03115629454533461
2.2032e6,3.62652447784377e-12,5.692395412906986e-14,1.8386241182064148e-11,2.8860071289967526e-13,0.0,0.0,0.0,0.0,0.0,1.0,0.0,0.0,0.0,0.0,0.0,0.0,-1.9654654844516835e-11,-3.085104423332602e-13,2.035450393173334e-11,3.1949566457052205e-13,2.0433903460216145,0.03207419639254108
2.2248e6,3.74087819933216e-12,5.9939521202855e-14,1.8381863389717478e-11,2.945297953279135e-13,0.0,0.0,0.0,0.0,0.0,1.0,0.0,0.0,0.0,0.0,0.0,0.0,-1.9549580475162332e-11,-3.1323994820443677e-13,2.035675325663247e-11,3.261731546525735e-13,2.0657465385562,0.03309914192598374
2.2464e6,3.8302560069372435e-12,6.122131531347761e-14,1.8704373806766498e-11,2.989634020522966e-13,0.0,0.0,0.0,0.0,0.0,1.0,0.0,0.0,0.0,0.0,0.0,0.0,-1.9744673543080537e-11,-3.155911465325764e-13,2.05643651357432e-11,3.286927766490277e-13,2.090485850124454,0.03341350895528519
2.268e6,3.9216819717233795e-12,6.148724544355578e-14,1.8737001724351783e-11,2.937735982184355e-13,0.0,0.0,0.0,0.0,0.0,1.0,0.0,0.0,0.0,0.0,0.0,0.0,-1.9791035090916132e-11,-3.1029957069222054e-13,2.056509243885729e-11,3.2243585672546317e-13,2.0565831233898133,0.03224474401410324
2.2896e6,3.77017699141654e-12,5.971656262829032e-14,1.881697504888623e-11,2.9804570754637097e-13,0.0,0.0,0.0,0.0,0.0,1.0,0.0,0.0,0.0,0.0,0.0,0.0,-2.0014087508178986e-11,-3.1700700334527275e-13,2.0746184094720068e-11,3.2860282278814514e-13,2.060823089893764,0.03264177554360103
2.3112e6,3.8505394583057225e-12,5.920834835374665e-14,1.9184641243941782e-11,2.949952686143267e-13,0.0,0.0,0.0,0.0,0.0,1.0,0.0,0.0,0.0,0.0,0.0,0.0,-2.0300954316944878e-11,-3.1216040976244293e-13,2.099757604996656e-11,3.228721094310621e-13,2.099647076188739,0.03228551138172445
2.3328e6,3.941090297927027e-12,6.251474409229431e-14,1.875548521329791e-11,2.9750507341911163e-13,0.0,0.0,0.0,0.0,0.0,1.0,0.0,0.0,0.0,0.0,0.0,0.0,-2.0007683792465494e-11,-3.1736781895695706e-13,2.0798269199472076e-11,3.29908319342882e-13,2.1040121240404965,0.03337446482022008
2.3544e6,4.085566823765093e-12,6.381221823054979e-14,1.8527965414690367e-11,2.893871581130402e-13,0.0,0.0,0.0,0.0,0.0,1.0,0.0,0.0,0.0,0.0,0.0,0.0,-1.9835493642952086e-11,-3.098093615045269e-13,2.0663231934850823e-11,3.2273775523760213e-13,2.1154541175287425,0.03304114842014901
2.376e6,4.109166325398806e-12,6.392128222289612e-14,1.871686419734987e-11,2.911553984299495e-13,0.0,0.0,0.0,0.0,0.0,1.0,0.0,0.0,0.0,0.0,0.0,0.0,-2.0022428614643703e-11,-3.114644696549773e-13,2.0852766018110203e-11,3.243810145947974e-13,2.1312916603414456,0.03315390152934937
2.3976e6,4.159249917004615e-12,6.30415770791786e-14,1.8795132782168823e-11,2.848770416887593e-13,0.0,0.0,0.0,0.0,0.0,1.0,0.0,0.0,0.0,0.0,0.0,0.0,-2.023413895232512e-11,-3.066879980399117e-13,2.1052291667352227e-11,3.190887045317364e-13,2.142474791908481,0.0324734008365542
2.4192e6,4.2675444047229544e-12,6.826409582870143e-14,1.8528417622551426e-11,2.963825460703466e-13,0.0,0.0,0.0,0.0,0.0,1.0,0.02115382030562132,0.02115382030562132,0.0,6.073561432212768e-6,9.715333698021437e-8,4.0,-1.9861830464743517e-11,-3.1771196022661974e-13,2.075006430447965e-11,3.319202435398379e-13,2.168817678034187,0.034692639084072725
2.4408e6,4.322345098015736e-12,6.932215811717893e-14,1.8355585358671358e-11,2.9438852329290755e-13,0.0,0.0,0.0,0.0,0.0,1.0,0.0,0.0,0.0,0.00025135940349981547,4.0313246440348316e-6,150.0,-1.961775766431431e-11,-3.146313558661494e-13,2.0561165277372547e-11,3.297618117271116e-13,2.1961354607919246,0.035221817371697314
2.4624e6,4.441322406870358e-12,7.14033199234462e-14,1.830348922754084e-11,2.9426593642644305e-13,0.0,0.0,0.0,0.0,0.0,1.0,0.0,0.0,0.0,0.00025135940349981547,4.041115293971907e-6,150.0,-1.9447691293408404e-11,-3.1266131930606167e-13,2.068071107216939e-11,3.324846281472785e-13,2.2590496631091623,0.036318832780167794
2.484e6,4.362005673422607e-12,7.162790326641935e-14,1.827442341017424e-11,3.000818270936561e-13,0.0,0.0,0.0,0.0,0.0,1.0,0.0,0.0,0.0,0.00025135940349981547,4.127538656973527e-6,150.0,-1.9529036790776073e-11,-3.2068366317333996e-13,2.0805976762247588e-11,3.416521211721163e-13,2.2533230793779637,0.03700151252463487
2.5056e6,4.172333418312016e-12,6.656602562917457e-14,1.9042285899018212e-11,3.038034509967162e-13,0.0,0.0,0.0,0.0,0.0,1.0,0.0,0.0,0.0,0.00025135940349981547,4.010225170900159e-6,150.0,-2.0310941479737386e-11,-3.240437701260808e-13,2.147981192965417e-11,3.426921024920554e-13,2.2959718529857813,0.0366302751690315
2.5272e6,4.219302383808723e-12,6.529722697524457e-14,1.9113477173121622e-11,2.9579701659895484e-13,0.0,0.0,0.0,0.0,0.0,1.0,0.0,0.0,0.0,0.00025135940349981547,3.889996622587077e-6,150.0,-2.0317539023243577e-11,-3.144308789695098e-13,2.148462581283582e-11,3.324925214088513e-13,2.295622931637392,0.0355266814229588
2.5488e6,4.245884575184943e-12,6.859297310461444e-14,1.933959984836082e-11,3.1243445947770183e-13,0.0,0.0,0.0,0.0,0.0,1.0,0.0,0.0,0.0,0.00025135940349981547,4.060753065361831e-6,150.0,-2.0434991723399692e-11,-3.3013069782169445e-13,2.1593176242867312e-11,3.488413618040197e-13,2.3183836904549167,0.03745387499579497
2.5704e6,4.273438996603916e-12,6.831174907451018e-14,1.970211249753685e-11,3.1494207972527e-13,0.0,0.0,0.0,0.0,0.0,1.0,0.0,0.0,0.0,0.00025135940349981547,4.018028691422415e-6,150.0,-2.1010012801325726e-11,-3.3584911909985885e-13,2.2120827711335444e-11,3.536057103279333e-13,2.345035285324208,0.03748584269232456
2.592e6,4.357692101201161e-12,7.013420499140133e-14,1.94441225232269e-11,3.129404380236105e-13,0.0,0.0,0.0,0.0,0.0,1.0,0.0,0.0,0.0,0.00025135940349981547,4.0454652421893605e-6,150.0,-2.0837189409862005e-11,-3.353609386751065e-13,2.19786278645016e-11,3.537316442466855e-13,2.308794679683414,0.03715854071088224
2.6136e6,4.3361122760428545e-12,6.776347495660583e-14,1.967082503551069e-11,3.0740981201853675e-13,0.0,0.0,0.0,0.0,0.0,1.0,0.0,0.0,0.0,0.00025135940349981547,3.928170111801502e-6,150.0,-2.1099972113350317e-11,-3.2974409813782334e-13,2.2200950763700818e-11,3.4694986552834616e-13,2.3709916769631283,0.03705315381520437
2.6352e6,4.366451989398868e-12,6.802292008741324e-14,2.0202564157496435e-11,3.1472632942779953e-13,0.0,0.0,0.0,0.0,0.0,1.0,0.0,0.0,0.0,0.00025135940349981547,3.915810973989829e-6,150.0,-2.1722766989851394e-11,-3.384088606987267e-13,2.27735839956289e-11,3.547790489852441e-13,2.3974904182026977,0.03734938561644255
2.6568e6,4.5242316133538884e-12,7.399387922893604e-14,2.013676778961158e-11,3.2933715406782385e-13,0.0,0.0,0.0,0.0,0.0,1.0,0.0,0.0,0.0,0.00025135940349981547,4.110986999587971e-6,150.0,-2.1377842081016192e-11,-3.4963494363307857e-13,2.246848136756441e-11,3.6747236632668756e-13,2.3887023093420012,0.039067263857498535
2.6784e6,4.518138021577215e-12,7.100648159382347e-14,2.0397578525776295e-11,3.2056574571918507e-13,0.0,0.0,0.0,0.0,0.0,1.0,0.0,0.0,0.0,0.00025135940349981547,3.95033236541401e-6,150.0,-2.1869748524255958e-11,-3.4370218187956915e-13,2.291322195679772e-11,3.601012774201599e-13,2.4319018379533217,0.03821945949192975
2.7e6,4.613698168809415e-12,7.30269210520144e-14,1.997088179074593e-11,3.1610477203112414e-13,0.0,0.0,0.0,0.0,0.0,1.0,0.0,0.0,0.0,0.00025135940349981547,3.978587814685611e-6,150.0,-2.1661172075975096e-11,-3.428591652961414e-13,2.272019646681374e-11,3.59621703232577e-13,2.396955053481534,0.0379396833193779
2.7216e6,4.613996830509772e-12,7.045874556941986e-14,2.0120056568280006e-11,3.072464066756089e-13,0.0,0.0,0.0,0.0,0.0,1.0,0.0,0.0,0.0,0.00025135940349981547,3.838422285114123e-6,150.0,-2.193467666487499e-11,-3.349568409016801e-13,2.2959061474452125e-11,3.5059986609534923e-13,2.4483792780971863,0.0373883509135029
2.7432e6,4.883789531361502e-12,7.606640384239396e-14,1.928417371132951e-11,3.003564621024796e-13,0.0,0.0,0.0,0.0,0.0,1.0,0.0,0.0,0.0,0.00025135940349981547,3.914993832846426e-6,150.0,-2.0918259511979066e-11,-3.2580781081993317e-13,2.2043376423239406e-11,3.433318250699857e-13,2.4383921420756307,0.037978647567463254
2.7648e6,4.819796471906601e-12,7.630267908648312e-14,1.9648868641698783e-11,3.1106320092950526e-13,0.0,0.0,0.0,0.0,0.0,1.0,0.0,0.0,0.0,0.00025135940349981547,3.979295808943009e-6,150.0,-2.1429013726167054e-11,-3.392448554660155e-13,2.2547307265116325e-11,3.569486721155969e-13,2.4847736591051777,0.03933669984165314
2.7864e6,4.948034813398943e-12,7.771315211067785e-14,2.0085124903600884e-11,3.1545420063916003e-13,0.0,0.0,0.0,0.0,0.0,1.0,0.0,0.0,0.0,0.00025135940349981547,3.947816111910499e-6,150.0,-2.1838483473108632e-11,-3.429922084251473e-13,2.296229472519584e-11,3.6064263290087e-13,2.5005540702993345,0.03927335723263816
2.808e6,4.93279609764436e-12,7.530409632905327e-14,2.0259714377866747e-11,3.092849274346748e-13,0.0,0.0,0.0,0.0,0.0,1.0,0.0,0.0,0.0,0.00025135940349981547,3.8372542387070615e-6,150.0,-2.211592313695045e-11,-3.3762182205467e-13,2.3221469795012318e-11,3.5449910430736855e-13,2.5058562797069763,0.03825441776600716
2.8296e6,4.999741850382069e-12,7.856107817349466e-14,2.0338280337930338e-11,3.195759459901904e-13,0.0,0.0,0.0,0.0,0.0,1.0,0.0,0.0,0.0,0.00025135940349981547,3.949617068025815e-6,150.0,-2.240561043197477e-11,-3.5205995936304717e-13,2.3536450015490482e-11,3.6982887215510884e-13,2.5264917278571657,0.03969883247506203
2.8512e6,5.15764345104443e-12,8.250012100033629e-14,2.0124309314581062e-11,3.2190242874678124e-13,0.0,0.0,0.0,0.0,0.0,1.0,0.0,0.0,0.0,0.00025135940349981547,4.020669788468573e-6,150.0,-2.216528160927917e-11,-3.5454921072563835e-13,2.3325819748646203e-11,3.731128314629146e-13,2.5059208941455458,0.04008396062011878
2.8728e6,5.07997017071188e-12,7.992621009054739e-14,2.037505466132477e-11,3.2057292557669114e-13,0.0,0.0,0.0,0.0,0.0,1.0,0.0,0.0,0.0,0.00025135940349981547,3.954787885997683e-6,150.0,-2.2364428126831178e-11,-3.5187292857067397e-13,2.3515704770899772e-11,3.69986652831632e-13,2.5523593581737165,0.040157796883161546
2.8944e6,5.025031076439137e-12,7.824512023729834e-14,2.060556057953843e-11,3.2085066551377917e-13,0.0,0.0,0.0,0.0,0.0,1.0,0.0,0.0,0.0,0.00025135940349981547,3.913935346954239e-6,150.0,-2.283735662781085e-11,-3.5560212226814175e-13,2.3977047866134954e-11,3.733483364943942e-13,2.503490397870125,0.03898202900927718
2.916e6,5.05712887881176e-12,8.349329939733058e-14,2.0522003464267575e-11,3.3881868952442955e-13,0.0,0.0,0.0,0.0,0.0,1.0,0.0,0.0,0.0,0.00025135940349981547,4.149948802110745e-6,150.0,-2.2720427394835922e-11,-3.751147127889835e-13,2.394474130775991e-11,3.9532816009034996e-13,2.5370909674885564,0.041887422848625816
2.9376e6,5.0085025702368515e-12,8.082344392944655e-14,2.0891676301762347e-11,3.3713414428532194e-13,0.0,0.0,0.0,0.0,0.0,1.0,0.0,0.0,0.0,0.00025135940349981547,4.05624882287836e-6,150.0,-2.2947307609626788e-11,-3.7030637479152286e-13,2.4200530169080587e-11,3.905299369929378e-13,2.6229135862256365,0.042326604847497604
2.9592e6,5.059161967293656e-12,8.372944926345438e-14,2.0477534936716795e-11,3.389044931964563e-13,0.0,0.0,0.0,0.0,0.0,1.0,0.0,0.0,0.0,0.00025135940349981547,4.160013962448486e-6,150.0,-2.243681380310919e-11,-3.71330681861121e-13,2.382902587308344e-11,3.943718793223747e-13,2.6461017210294164,0.0437931501756982
2.9808e6,4.9660475995803396e-12,7.846034151955437e-14,2.0900082410145156e-11,3.302077901600047e-13,0.0,0.0,0.0,0.0,0.0,1.0,0.0,0.0,0.0,0.00025135940349981547,3.97131607123814e-6,150.0,-2.302307008628327e-11,-3.637496229297264e-13,2.4357619756817743e-11,3.8483464493672286e-13,2.7190816424429527,0.042959732062103746
3.0024e6,4.943929524808618e-12,7.707953267066578e-14,2.08917296186103e-11,3.2571757902368667e-13,0.0,0.0,0.0,0.0,0.0,1.0,0.0,0.0,0.0,0.00025135940349981547,3.918879760911053e-6,150.0,-2.3297485456540343e-11,-3.6322509905949297e-13,2.4638511753674582e-11,3.841326948825103e-13,2.726235839803996,0.0425040412545619
3.024e6,5.067925715528135e-12,7.989661252416467e-14,2.0933011265909327e-11,3.300120767263536e-13,0.0,0.0,0.0,0.0,0.0,1.0,0.0,0.0,0.0,0.00025135940349981547,3.962718870206855e-6,150.0,-2.3485424169662226e-11,-3.702512507434439e-13,2.4840202493149538e-11,3.9160953514689297e-13,2.7235515493720297,0.042937200551900506
3.0456e6,4.995559899581654e-12,7.72322075016054e-14,2.1951312002030422e-11,3.393710249806571e-13,0.0,0.0,0.0,0.0,0.0,1.0,0.0,0.0,0.0,0.00025135940349981547,3.886059220349499e-6,150.0,-2.469653040013709e-11,-3.8181256931636894e-13,2.5868487998655847e-11,3.99931233540466e-13,2.7561629255031086,0.04261074859466982
3.0672e6,5.008109013693756e-12,7.834934917131572e-14,2.1733891522804616e-11,3.4001581257828535e-13,0.0,0.0,0.0,0.0,0.0,1.0,0.0,0.0,0.0,0.00025135940349981547,3.932391571040381e-6,150.0,-2.4578042039473668e-11,-3.845111183547718e-13,2.5775883416158265e-11,4.032507448319701e-13,2.6916552012333086,0.042109593188482536
3.0888e6,4.943215050094916e-12,8.05253771521707e-14,2.1625250068265198e-11,3.5227709094380257e-13,0.0,0.0,0.0,0.0,0.0,0.9788461796943786,0.0,0.0,0.0,0.00025135940349981547,4.094665225454565e-6,150.0,-2.444577912667748e-11,-3.9822373981414553e-13,2.570412641188582e-11,4.187223199290985e-13,2.712293426723511,0.04418348158453484
3.1104e6,4.929066009566206e-12,7.793726100813718e-14,2.170229548126449e-11,3.431517176106724e-13,0.0,0.0,0.0,0.0,0.0,1.0,0.0,0.0,0.0,0.00025135940349981547,3.974437225915518e-6,150.0,-2.4590952330690517e-11,-3.8882649705158985e-13,2.5840234326020108e-11,4.0857985737458085e-13,2.803263841135762,0.04432456478311574
3.132e6,5.063602212228773e-12,8.13749568054865e-14,2.1942957967098515e-11,3.526357683557655e-13,0.0,0.0,0.0,0.0,0.0,1.0,0.0,0.0,0.0,0.00025135940349981547,4.039488045299521e-6,150.0,-2.461200382377036e-11,-3.955288476687503e-13,2.5940982947594995e-11,4.168862952453881e-13,2.815185411947847,0.04524162477523258
3.1536e6,5.075043944897829e-12,7.905485082950067e-14,2.244349688633327e-11,3.496062926164788e-13,0.0,0.0,0.0,0.0,0.0,1.0,0.0,0.0,0.0,0.00025135940349981547,3.91546957307583e-6,150.0,-2.5262264826681206e-11,-3.935147358667512e-13,2.6512118692802613e-11,4.1298392904373595e-13,2.846384001695488,0.04433862348792807
3.1752e6,5.1705792485187254e-12,8.438726930379633e-14,2.1919871181327354e-11,3.577467791472526e-13,0.0,0.0,0.0,0.0,0.0,1.0,0.0,0.0,0.0,0.00025135940349981547,4.1023515269120466e-6,150.0,-2.4557631719131182e-11,-4.00796773773357e-13,2.5864587765753117e-11,4.221271599010054e-13,2.789078216625501,0.04551959911322415
3.1968e6,5.088641691874807e-12,8.15649611887522e-14,2.2108091251527127e-11,3.543667866746249e-13,0.0,0.0,0.0,0.0,0.0,1.0,0.0,0.0,0.0,0.00025135940349981547,4.028996583435365e-6,150.0,-2.487331451195949e-11,-3.98690074021725e-13,2.618164087005789e-11,4.196610118637252e-13,2.8481034938612133,0.045651760333070564
3.2184e6,5.1251467654600395e-12,8.006092137539911e-14,2.203665065653463e-11,3.442388357500222e-13,0.0,0.0,0.0,0.0,0.0,1.0,0.0,0.0,0.0,0.00025135940349981547,3.926534470424982e-6,150.0,-2.464537630341916e-11,-3.849902499949297e-13,2.5977552488724258e-11,4.0580043509024703e-13,2.892620711790274,0.045186194654213904
3.24e6,5.194582347728785e-12,8.480089257387486e-14,2.209427458055626e-11,3.6068620724101936e-13,0.0,0.0,0.0,0.0,0.0,1.0,0.0,0.0,0.0,0.00025135940349981547,4.103410119764651e-6,150.0,-2.4753686152143876e-11,-4.0410076107719543e-13,2.6181254102213833e-11,4.274056253130506e-13,2.9101943707822326,0.04750855096439112
3.2616e6,5.182275327752493e-12,8.221344616818422e-14,2.2900923041359172e-11,3.633083316858524e-13,0.0,0.0,0.0,0.0,0.0,1.0,0.0,0.0,0.0,0.00025135940349981547,3.9876543567323845e-6,150.0,-2.5693630674623665e-11,-4.076128319584078e-13,2.7019332381256284e-11,4.286442320674751e-13,2.9527783334298836,0.046843918396612956
3.2832e6,5.264041560077975e-12,8.342159706891305e-14,2.341833803501255e-11,3.7112077047345345e-13,0.0,0.0,0.0,0.0,0.0,1.0,0.0,0.0,0.0,0.00025135940349981547,3.983403747658355e-6,150.0,-2.6148561048312273e-11,-4.1438782327392364e-13,2.751182709864147e-11,4.359921039108353e-13,2.982245970860025,0.04726097218308992
3.3048e6,5.315402492656327e-12,8.551468962803803e-14,2.2996678733618963e-11,3.6997270613054923e-13,0.0,0.0,0.0,0.0,0.0,1.0,0.0,0.0,0.0,0.00025135940349981547,4.043893459634059e-6,150.0,-2.5604500107991234e-11,-4.119275789257724e-13,2.698851176805799e-11,4.341936872243837e-13,2.946261900065802,0.04739973544715171
3.3264e6,5.419102718928581e-12,9.096251086125841e-14,2.257631463233518e-11,3.789554048824149e-13,0.0,0.0,0.0,0.0,0.0,1.0,0.0,0.0,0.0,0.00025135940349981547,4.219200789656176e-6,150.0,-2.508845431396894e-11,-4.2112300068705543e-13,2.675272209534065e-11,4.490586173363367e-13,2.9925623490064224,0.05023174486500763
3.348e6,5.391355400428409e-12,8.66088298697773e-14,2.283594304480273e-11,3.6684547005120156e-13,0.0,0.0,0.0,0.0,0.0,1.0,0.0,0.0,0.0,0.00025135940349981547,4.037935212387285e-6,150.0,-2.5458902797899616e-11,-4.0898171560332924e-13,2.7057541310122966e-11,4.3466286637988983e-13,3.0815666316400985,0.04950348480289246
3.3696e6,5.396873080823995e-12,8.854970376810047e-14,2.298388656612989e-11,3.7711028523199744e-13,0.0,0.0,0.0,0.0,0.0,1.0,0.0,0.0,0.0,0.00025135940349981547,4.1242031053724116e-6,150.0,-2.5880740723096928e-11,-4.246406928619758e-13,2.743934058426303e-11,4.502135669934143e-13,3.091886991260851,0.05073042724191508
3.3912e6,5.3762343017617195e-12,8.678337397176808e-14,2.3379397310971483e-11,3.773911005715897e-13,0.0,0.0,0.0,0.0,0.0,1.0,0.0,0.0,0.0,0.00025135940349981547,4.057452836104435e-6,150.0,-2.6498056851373546e-11,-4.2773261881543687e-13,2.7993912526075226e-11,4.518787767280279e-13,3.131052526371604,0.050541566284102626
3.4128e6,5.420246659932256e-12,8.516983411113655e-14,2.3493369461145263e-11,3.6915780872274765e-13,0.0,0.0,0.0,0.0,0.0,1.0,0.0,0.0,0.0,0.00025135940349981547,3.949679791624296e-6,150.0,-2.6554327134594714e-11,-4.1725548280021457e-13,2.8023905631016565e-11,4.403473759568088e-13,3.1281088112392825,0.049152838468455244
3.4344e6,5.48303830338276e-12,8.803520830995049e-14,2.346511396426112e-11,3.7675392393045797e-13,0.0,0.0,0.0,0.0,0.0,1.0,0.0,0.0,0.0,0.00025135940349981547,4.035805738238047e-6,150.0,-2.6488515072130598e-11,-4.2529740139834537e-13,2.8009433804069556e-11,4.497171464338936e-13,3.1338398154132348,0.05031667219791474
3.456e6,5.522376402729878e-12,8.726305945358679e-14,2.365407834769383e-11,3.7377518203109916e-13,0.0,0.0,0.0,0.0,0.0,1.0,0.0,0.0,0.0,0.00025135940349981547,3.971911541737662e-6,150.0,-2.6884271718076135e-11,-4.248178012895244e-13,2.8345683669738286e-11,4.4791062740710595e-13,3.136066947471082,0.04955525964371383
3.4776e6,5.48177318777812e-12,8.490795838221647e-14,2.400806021280576e-11,3.718642321669817e-13,0.0,0.0,0.0,0.0,0.0,1.0,0.0,0.0,0.0,0.00025135940349981547,3.893341267552812e-6,150.0,-2.7206521605389764e-11,-4.2140565197875687e-13,2.864363584990224e-11,4.4366531728844364e-13,3.1757364977482254,0.04918943070918722
3.4992e6,5.522816359475649e-12,8.685467600570035e-14,2.431714562405428e-11,3.824240508987688e-13,0.0,0.0,0.0,0.0,0.0,1.0,0.0,0.0,0.0,0.00025135940349981547,3.953008416531043e-6,150.0,-2.7321889036338694e-11,-4.2967820504178343e-13,2.8753139030710725e-11,4.521867851670414e-13,3.213012581991335,0.050529503182248005
3.5208e6,5.601230328097479e-12,8.776222228521645e-14,2.4351112729294218e-11,3.815425617333211e-13,0.0,0.0,0.0,0.0,0.0,1.0,0.0,0.0,0.0,0.00025135940349981547,3.93839541515928e-6,150.0,-2.7481913012356247e-11,-4.305971397952869e-13,2.8911387212133763e-11,4.5299468910557716e-13,3.226116424317385,0.05054802787320811
3.5424e6,5.680775142894439e-12,8.855568863553704e-14,2.472949029006681e-11,3.854996874822416e-13,0.0,0.0,0.0,0.0,0.0,1.0,0.0,0.0,0.0,0.00025135940349981547,3.918357004463748e-6,150.0,-2.7969416906260537e-11,-4.360058112784836e-13,2.9412912899536905e-11,4.585079836954148e-13,3.2604936517454473,0.050826736380028596
3.564e6,5.773013823517651e-12,9.214029957254462e-14,2.4514925025487642e-11,3.9127093835201455e-13,0.0,0.0,0.0,0.0,0.0,1.0,0.0,0.0,0.0,0.00025135940349981547,4.0118266553425495e-6,150.0,-2.7708707219148505e-11,-4.4224536125995423e-13,2.9208301794298674e-11,4.661796696845799e-13,3.2752473353590936,0.05227464888872922
3.5856e6,5.800414412207454e-12,9.198268740645589e-14,2.4372422522891004e-11,3.8649668160657757e-13,0.0,0.0,0.0,0.0,0.0,1.0,0.0,0.0,0.0,0.00025135940349981547,3.9860450988014375e-6,150.0,-2.745932508320751e-11,-4.354486310849119e-13,2.8982115935421702e-11,4.595969737705377e-13,3.2546961749348164,0.05161281239353448
3.6072e6,5.967137394866771e-12,9.473822844071681e-14,2.49329770231901e-11,3.958524693871015e-13,0.0,0.0,0.0,0.0,0.0,1.0,0.0,0.0,0.0,0.00025135940349981547,3.990748496921364e-6,150.0,-2.7810336566327315e-11,-4.415353366759142e-13,2.935750487854967e-11,4.660992063005103e-13,3.304914027097475,0.05247100566939109
3.6288e6,6.077444859328918e-12,9.397502039242119e-14,2.4906674293108723e-11,3.851298166875904e-13,0.0,0.0,0.0,0.0,0.0,1.0,0.0,0.0,0.0,0.00025135940349981547,3.886749385058232e-6,150.0,-2.7901611152155442e-11,-4.314402742758485e-13,2.942103619334444e-11,4.54935016315558e-13,3.3171729697291226,0.05129316755494258
3.6504e6,6.121400323308289e-12,9.582333935565458e-14,2.5458865792565876e-11,3.9852867115422666e-13,0.0,0.0,0.0,0.0,0.0,1.0,0.0,0.0,0.0,0.00025135940349981547,3.9347365226361284e-6,150.0,-2.83233961637905e-11,-4.433695329438522e-13,2.9835301830652056e-11,4.67036642124373e-13,3.3415127292191737,0.05230746092426123
3.672e6,6.1721247403049715e-12,9.832774994064974e-14,2.5093551112663355e-11,3.997638613517326e-13,0.0,0.0,0.0,0.0,0.0,1.0,0.0,0.0,0.0,0.00025135940349981547,4.004391617551707e-6,150.0,-2.7990843461145505e-11,-4.459204524015166e-13,2.9527598422300644e-11,4.704024037389176e-13,3.328381869935251,0.05302425242264541
3.6936e6,6.250617930250574e-12,9.731848956713558e-14,2.535164031366477e-11,3.947103103894649e-13,0.0,0.0,0.0,0.0,0.0,1.0,0.0,0.0,0.0,0.00025135940349981547,3.913519872765218e-6,150.0,-2.8189153390803933e-11,-4.388887404064006e-13,2.971511121351761e-11,4.626470171250828e-13,3.374604522812599,0.052540631776126036
3.7152e6,6.252070548499076e-12,9.801134996287845e-14,2.596428879259836e-11,4.070323544252912e-13,0.0,0.0,0.0,0.0,0.0,1.0,0.0,0.0,0.0,0.00025135940349981547,3.9404664857460904e-6,150.0,-2.8786167115705677e-11,-4.512698756965649e-13,3.02893591441043e-11,4.748348497022015e-13,3.4083075911575045,0.053430751541706276
3.7368e6,6.389871975229261e-12,9.850669363853781e-14,2.5864291990311483e-11,3.9872565477743996e-13,0.0,0.0,0.0,0.0,0.0,1.0,0.0,0.0,0.0,0.00025135940349981547,3.874973371877854e-6,150.0,-2.874166266665579e-11,-4.4308339352368326e-13,3.025571087898254e-11,4.664240620040241e-13,3.412366308998204,0.052605267192523654
3.7584e6,6.445082857823751e-12,1.0080762170748015e-13,2.559276369320682e-11,4.0029673748909277e-13,0.0,0.0,0.0,0.0,0.0,1.0,0.0,0.0,0.0,0.00025135940349981547,3.93151557855739e-6,150.0,-2.846098422681833e-11,-4.4515861078137294e-13,3.00071148802681e-11,4.693416596981298e-13,3.41640675196467,0.053436060799880176
3.78e6,6.5658142629205405e-12,1.0177874678988328e-13,2.5643111065959874e-11,3.975019096757488e-13,0.0,0.0,0.0,0.0,0.0,1.0,0.0,0.0,0.0,0.00025135940349981547,3.896400972921251e-6,150.0,-2.854414161208865e-11,-4.4247169431489287e-13,3.012344628395896e-11,4.669529915105997e-13,3.43454871141721,0.053240017100538946
3.8016e6,6.613792883377246e-12,1.0259601890458713e-13,2.5530733890077993e-11,3.960437986223856e-13,0.0,0.0,0.0,0.0,0.0,1.0,0.0,0.0,0.0,0.00025135940349981547,3.899195902872644e-6,150.0,-2.8432951297475555e-11,-4.4106425167330375e-13,3.00700018393248e-11,4.664588885028692e-13,3.437318968143578,0.053321180154144124
3.8232e6,6.541337432834455e-12,1.0250007118645066e-13,2.5498160125938416e-11,3.9954569762956117e-13,0.0,0.0,0.0,0.0,0.0,1.0,0.0,0.0,0.0,0.00025135940349981547,3.938698624961592e-6,150.0,-2.8527280301908614e-11,-4.470107667927524e-13,3.013354529340282e-11,4.721802795511117e-13,3.4183263810903264,0.053563770558837626
3.8448e6,6.55466721610223e-12,1.0197164392403145e-13,2.5447888114360795e-11,3.95895458893991e-13,0.0,0.0,0.0,0.0,0.0,1.0,0.0,0.0,0.0,0.00025135940349981547,3.910424548735834e-6,150.0,-2.8579372369874776e-11,-4.446122872132889e-13,3.023891948977398e-11,4.704300354537778e-13,3.4624701471227795,0.05386601047763797
3.8664e6,6.653738693038278e-12,1.0506832761353893e-13,2.530012100911786e-11,3.995109404626092e-13,0.0,0.0,0.0,0.0,0.0,1.0,0.0,0.0,0.0,0.00025135940349981547,3.9691838489682035e-6,150.0,-2.8453489910102584e-11,-4.493053811612893e-13,3.0181584953856715e-11,4.765935066169019e-13,3.4888982523204755,0.05509274131378971
3.888e6,6.689081892336467e-12,1.0329663415869938e-13,2.4936720370119293e-11,3.8508711997398727e-13,0.0,0.0,0.0,0.0,0.0,1.0,0.0,0.0,0.0,0.00025135940349981547,3.8816358901834315e-6,150.0,-2.832594866456946e-11,-4.374255246828949e-13,3.005773166691524e-11,4.64168709788838e-13,3.4643164309701278,0.053497958724331926
3.9096e6,6.784187784698728e-12,1.0492848519105994e-13,2.4660485809620987e-11,3.8141447468704895e-13,0.0,0.0,0.0,0.0,0.0,1.0,0.0,0.0,0.0,0.00025135940349981547,3.88768151542776e-6,150.0,-2.801087509005165e-11,-4.332336877089607e-13,2.9813925106464416e-11,4.611207853174048e-13,3.5020426175029535,0.054164778244775225
3.9312e6,6.874091197669676e-12,1.0538123192941354e-13,2.443089045493167e-11,3.7453057564118836e-13,0.0,0.0,0.0,0.0,0.0,1.0,0.0,0.0,0.0,0.00025135940349981547,3.853391355475869e-6,150.0,-2.793002249883322e-11,-4.2817298957876263e-13,2.975408010161714e-11,4.561361678032158e-13,3.5217055151131555,0.05398846989417959
3.9528e6,7.004158178699035e-12,1.0714714748968903e-13,2.4129195113012978e-11,3.691199372744174e-13,0.0,0.0,0.0,0.0,0.0,1.0,0.0,0.0,0.0,0.00025135940349981547,3.845207716984694e-6,150.0,-2.7501884496786676e-11,-4.2071415282756057e-13,2.939952366068234e-11,4.4974356909552744e-13,3.539872537045553,0.054151724610532574
3.9744e6,7.137106865010524e-12,1.0875832473402001e-13,2.4012022608732973e-11,3.659055975754064e-13,0.0,0.0,0.0,0.0,0.0,1.0,0.0,0.0,0.0,0.00025135940349981547,3.830323427662756e-6,150.0,-2.7272579716314505e-11,-4.155913785826446e-13,2.921415095431885e-11,4.451778817961982e-13,3.544683597327657,0.05401542348307645
3.996e6,7.2196054920941934e-12,1.09969283960729e-13,2.4058558700603338e-11,3.664608095732771e-13,0.0,0.0,0.0,0.0,0.0,1.0,0.0,0.0,0.0,0.00025135940349981547,3.8287152462748485e-6,150.0,-2.7143412677953325e-11,-4.1344941350517725e-13,2.9115056989595485e-11,4.434815687820772e-13,3.5561296469934573,0.054167091453906316
4.0176e6,7.2725417234173125e-12,1.1074835584733229e-13,2.3992614976030406e-11,3.6536643750252395e-13,0.0,0.0,0.0,0.0,0.0,1.0,0.0,0.0,0.0,0.00025135940349981547,3.827773249445182e-6,150.0,-2.6869522921053025e-11,-4.091768186529629e-13,2.8937087658910244e-11,4.406622887999821e-13,3.575403841876436,0.05444727744951144
4.0392e6,7.314999840277241e-12,1.115091229621465e-13,2.3990332469831215e-11,3.6570621896005344e-13,0.0,0.0,0.0,0.0,0.0,1.0,0.0,0.0,0.0,0.00025135940349981547,3.831697504383051e-6,150.0,-2.6969592139576416e-11,-4.11121754175867e-13,2.9076030807386465e-11,4.432320936905359e-13,3.5899106148532307,0.05472423689890498
4.0608e6,7.39728461053901e-12,1.1318059992928594e-13,2.409335645746415e-11,3.6863534144419377e-13,0.0,0.0,0.0,0.0,0.0,1.0,0.0,0.0,0.0,0.00025135940349981547,3.845871773737743e-6,150.0,-2.7269157673162812e-11,-4.1722602110208237e-13,2.937509860392417e-11,4.49447528115565e-13,3.6094455129814773,0.055225563173450176
4.0824e6,7.427804244578524e-12,1.1424357233814515e-13,2.414026147929487e-11,3.7129003643095504e-13,0.0,0.0,0.0,0.0,0.0,1.0,0.0,0.0,0.0,0.00025135940349981547,3.8660410601913526e-6,150.0,-2.7398736959035013e-11,-4.214071190739816e-13,2.95206761620472e-11,4.5404367044963295e-13,3.632822179595092,0.05587473360907614
4.104e6,7.453145066348909e-12,1.147171113526454e-13,2.3955521132490307e-11,3.6871792522519137e-13,0.0,0.0,0.0,0.0,0.0,1.0,0.0,0.0,0.0,0.00025135940349981547,3.8688666897165925e-6,150.0,-2.7342999943685572e-11,-4.2085722756389917e-13,2.950039741848833e-11,4.540633981329235e-13,3.65544161403855,0.05626372476957277
4.1256e6,7.533952628827633e-12,1.1529344162016012e-13,2.387615438669274e-11,3.6538111500237164e-13,0.0,0.0,0.0,0.0,0.0,1.0,0.0,0.0,0.0,0.00025135940349981547,3.846598477696278e-6,150.0,-2.7371454348294973e-11,-4.1887032337965395e-13,2.956305901597313e-11,4.5240884655015887e-13,3.670505199812857,0.056170405870599446
4.1472e6,7.60338677187574e-12,1.162831954600652e-13,2.3694171451643375e-11,3.62369303685446e-13,0.0,0.0,0.0,0.0,0.0,1.0,0.0,0.0,0.0,0.00025135940349981547,3.8441914800401155e-6,150.0,-2.7304464200864766e-11,-4.1758369564280784e-13,2.956054584447527e-11,4.5208731759562156e-13,3.687215808424571,0.05639082285547104
4.1688e6,7.673095342868399e-12,1.1764611584031527e-13,2.364385929201066e-11,3.625144853393891e-13,0.0,0.0,0.0,0.0,0.0,1.0,0.0,0.0,0.0,0.00025135940349981547,3.853915034325283e-6,150.0,-2.7224240658612874e-11,-4.17409927424477e-13,2.9540384138790603e-11,4.5292170878465995e-13,3.7041812876841838,0.05679357826166605
4.1904e6,7.83660874291998e-12,1.201379337692247e-13,2.3545302546177353e-11,3.609576655749976e-13,0.0,0.0,0.0,0.0,0.0,1.0,0.0,0.0,0.0,0.00025135940349981547,3.853426955532901e-6,150.0,-2.705164128811963e-11,-4.147110562789169e-13,2.9431621106461984e-11,4.5119697348722803e-13,3.72923605762887,0.05717048396807994
4.212e6,7.904872147442386e-12,1.2082776581793687e-13,2.3469339484779855e-11,3.587341834600251e-13,0.0,0.0,0.0,0.0,0.0,1.0,0.0,0.0,0.0,0.00025135940349981547,3.842085561376041e-6,150.0,-2.6833334461377995e-11,-4.1015361057582324e-13,2.928304228778202e-11,4.4759795098389434e-13,3.7540396555337536,0.05738134860496639
4.2336e6,7.995209305209938e-12,1.2259223601377837e-13,2.361442298586398e-11,3.6208494430856116e-13,0.0,0.0,0.0,0.0,0.0,1.0,0.0,0.0,0.0,0.00025135940349981547,3.854146919962691e-6,150.0,-2.685279408687263e-11,-4.117395736196855e-13,2.933081762701286e-11,4.4973563289515845e-13,3.7798577410052587,0.05795735853742686
4.2552e6,8.018090187104617e-12,1.226792004797966e-13,2.370762205224069e-11,3.6273377459930215e-13,0.0,0.0,0.0,0.0,0.0,1.0,0.0,0.0,0.0,0.00025135940349981547,3.845874757561343e-6,150.0,-2.7126672625505238e-11,-4.1504628056271404e-13,2.9607523680100894e-11,4.530040506532445e-13,3.8105364937208486,0.05830235873382821
4.2768e6,7.937108562708265e-12,1.2620098379004608e-13,2.430710252491561e-11,3.864858628925137e-13,0.0,0.0,0.0,0.0,0.0,1.0,0.0,0.0,0.0,0.00025135940349981547,3.996644843135658e-6,150.0,-2.7924627109568002e-11,-4.4400494025688236e-13,3.0192210363331844e-11,4.800597875844568e-13,3.8389785777345296,0.06104022257365929
4.2984e6,8.035424532430678e-12,1.2944289817611295e-13,2.421124362275612e-11,3.9001965986101697e-13,0.0,0.0,0.0,0.0,0.0,1.0,0.0,0.0,0.0,0.00025135940349981547,4.0491562756290245e-6,150.0,-2.7900415869185848e-11,-4.4944864777838497e-13,3.0230469179748436e-11,4.86983547422677e-13,3.8848649649689224,0.06258140787196287
4.32e6,8.369094738964319e-12,1.401926061224127e-13,2.3393157692850474e-11,3.9186409578141796e-13,0.0,0.0,0.0,0.0,0.0,1.0,0.0,0.0,0.0,0.00025135940349981547,4.210578437587988e-6,150.0,-2.6656164014110293e-11,-4.465234555137861e-13,2.983859390557121e-11,4.998330611762242e-13,3.890692157564897,0.06517386768841321
4.3416e6,8.188679774695264e-12,1.3105069292131268e-13,2.400762960158954e-11,3.8421535354319205e-13,0.0,0.0,0.0,0.0,0.0,1.0,0.0,0.0,0.0,0.00025135940349981547,4.022727094877088e-6,150.0,-2.744194522805569e-11,-4.391777473529598e-13,3.0449328766365824e-11,4.873075689383152e-13,3.9440904329908864,0.06312077140750214
4.3632e6,8.083885586125047e-12,1.3008508008165948e-13,2.432772826255743e-11,3.9147937529835795e-13,0.0,0.0,0.0,0.0,0.0,1.0,0.0,0.0,0.0,0.00025135940349981547,4.0448504354977215e-6,150.0,-2.799042029418007e-11,-4.5041904993525193e-13,3.08456866325207e-11,4.963657108967845e-13,3.911878652076658,0.06294956086446206
4.3848e6,7.840134277046427e-12,1.2947706075193703e-13,2.5560630429820497e-11,4.221248236409613e-13,0.0,0.0,0.0,0.0,0.0,1.0,0.0,0.0,0.0,0.00025135940349981547,4.151112163065768e-6,150.0,-2.9392905303820665e-11,-4.854134956388049e-13,3.186098492178951e-11,5.26172962676499e-13,3.9572445459706516,0.06535250218723766
4.4064e6,7.737726487973508e-12,1.223154990146166e-13,2.5871023118116244e-11,4.0896083722129944e-13,0.0,0.0,0.0,0.0,0.0,1.0,0.0,0.0,0.0,0.00025135940349981547,3.973408845464164e-6,150.0,-3.0086456422136044e-11,-4.755970551007264e-13,3.238383814996285e-11,5.119133287378154e-13,3.992518936039792,0.06311245903380466
4.428e6,7.732478101614044e-12,1.1995828819192454e-13,2.5746199857962748e-11,3.994153002209871e-13,0.0,0.0,0.0,0.0,0.0,1.0,0.0,0.0,0.0,0.00025135940349981547,3.899480007384331e-6,150.0,-3.001511381935326e-11,-4.656413670158121e-13,3.230505367226764e-11,5.011664937873625e-13,3.9753249989305703,0.06167145585303824
4.4496e6,7.694159859923353e-12,1.2386049866239036e-13,2.5287461291508075e-11,4.0707726671840757e-13,0.0,0.0,0.0,0.0,0.0,1.0,0.0,0.0,0.0,0.00025135940349981547,4.046380843103288e-6,150.0,-2.9659212079151745e-11,-4.774536616001531e-13,3.197006519951256e-11,5.146537490735479e-13,3.7809946598265434,0.06086640939776573
4.4712e6,7.700771463123822e-12,1.1927016205359876e-13,2.5094917265845973e-11,3.8867207829135603e-13,0.0,0.0,0.0,0.0,0.0,1.0,0.0,0.0,0.0,0.00025135940349981547,3.89307447087355e-6,150.0,-2.95007432188529e-11,-4.569098617279163e-13,3.183275877839442e-11,4.93028304539775e-13,3.872872949525457,0.05998336485050328
4.4928e6,7.691094789416744e-12,1.218410459118575e-13,2.4917344638403836e-11,3.947364341766968e-13,0.0,0.0,0.0,0.0,0.0,1.0,0.0,0.0,0.0,0.00025135940349981547,3.981993911236225e-6,150.0,-2.944929538847037e-11,-4.665308450541901e-13,3.182639045136559e-11,5.041883901274358e-13,3.92902509252864,0.06224296277642494
4.5144e6,7.710507563899173e-12,1.175328675480661e-13,2.502574296016924e-11,3.8147259544896826e-13,0.0,0.0,0.0,0.0,0.0,1.0,0.0,0.0,0.0,0.00025135940349981547,3.831523571395726e-6,150.0,-2.952683074728838e-11,-4.5008361104314345e-13,3.188568121167344e-11,4.86040058384473e-13,3.987384143893868,0.06078052431227279
4.536e6,7.906594084658908e-12,1.2219810720732695e-13,2.4814912596010186e-11,3.8351979591709577e-13,0.0,0.0,0.0,0.0,0.0,1.0,0.02262971325252047,0.02262971325252047,0.0,0.00025135940349981547,3.884813487015539e-6,150.0,-2.921171248006518e-11,-4.5147328105216744e-13,3.1693199406191926e-11,4.898251936691028e-13,4.011060047766833,0.06199179324041173
4.5576e6,7.856894269365842e-12,1.2464835108464937e-13,2.5499838305452086e-11,4.045507917922295e-13,0.0,0.0,0.0,0.0,0.0,1.0,0.0,0.0,0.0,0.00025135940349981547,3.987776098506913e-6,150.0,-3.006093760622076e-11,-4.769118911633747e-13,3.2394754360736866e-11,5.139375148017644e-13,4.0484107680906805,0.06422737909601174
4.5792e6,7.961377946435144e-12,1.2777187684916303e-13,2.5352449150594147e-11,4.0688057174133456e-13,0.0,0.0,0.0,0.0,0.0,1.0,0.0,0.0,0.0,0.00025135940349981547,4.034058295554018e-6,150.0,-3.0135585250549404e-11,-4.836449561014468e-13,3.251501339803778e-11,5.218323154100763e-13,4.079920811939708,0.06547850674152696
4.6008e6,8.089429155692943e-12,1.2716208646552515e-13,2.5297267673122174e-11,3.976613525229073e-13,0.0,0.0,0.0,0.0,0.0,1.0,0.0,0.0,0.0,0.00025135940349981547,3.9512536158712875e-6,150.0,-2.9810622712688905e-11,-4.686092071545405e-13,3.2256980083948055e-11,5.070648140437739e-13,4.105197101285699,0.0645318005392679
4.6224e6,8.1257409957365e-12,1.2838147817420094e-13,2.4951226885049088e-11,3.942133266914603e-13,0.0,0.0,0.0,0.0,0.0,1.0,0.0,0.0,0.0,0.00025135940349981547,3.971316805596367e-6,150.0,-2.936237066973831e-11,-4.639065595688654e-13,3.187122450646623e-11,5.035448355428527e-13,4.09253398584464,0.06465940310632157
4.644e6,8.139741006598755e-12,1.263998100486968e-13,2.5217066788670712e-11,3.915889276439237e-13,0.0,0.0,0.0,0.0,0.0,1.0,0.0,0.0,0.0,0.00025135940349981547,3.90329137383776e-6,150.0,-2.948757257715987e-11,-4.579044430932838e-13,3.199182707776837e-11,4.967923257585795e-13,4.135391269757174,0.06421735907206276
4.6656e6,8.151752018018095e-12,1.2956983823935483e-13,2.553103251194393e-11,4.058086832553768e-13,0.0,0.0,0.0,0.0,0.0,1.0,0.0,0.0,0.0,0.00025135940349981547,3.995288028809553e-6,150.0,-2.988638541301626e-11,-4.750358100889588e-13,3.236460409648132e-11,5.144264089723119e-13,4.177590600845393,0.06640164435637341
4.6872e6,8.196592921958455e-12,1.3117578491792898e-13,2.5769843772228793e-11,4.124127568881173e-13,0.0,0.0,0.0,0.0,0.0,1.0,0.0,0.0,0.0,0.00025135940349981547,4.0226795894985695e-6,150.0,-3.026807910161683e-11,-4.844011495893433e-13,3.2705019515125295e-11,5.234012041954241e-13,4.210481545669458,0.0673832684987946
4.7088e6,8.241721375478656e-12,1.2854566084408666e-13,2.5666760608264634e-11,4.003230094544093e-13,0.0,0.0,0.0,0.0,0.0,1.0,0.0,0.0,0.0,0.00025135940349981547,3.920438359927287e-6,150.0,-3.03277953439311e-11,-4.730209038646885e-13,3.27597105708928e-11,5.109513477276289e-13,4.211313614382675,0.06568361958864209
4.7304e6,8.250015098946795e-12,1.2721142358868352e-13,2.587925512491242e-11,3.9904616493067024e-13,0.0,0.0,0.0,0.0,0.0,1.0,0.0,0.0,0.0,0.00025135940349981547,3.875845943081474e-6,150.0,-3.064220979999686e-11,-4.724887268458863e-13,3.3060648799406834e-11,5.097799395633768e-13,4.2219069974947745,0.06509985654194721
4.752e6,8.324793738095336e-12,1.319938373446347e-13,2.582946096929621e-11,4.0953923630315786e-13,0.0,0.0,0.0,0.0,0.0,1.0,0.0,0.0,0.0,0.00025135940349981547,3.985431142728823e-6,150.0,-3.0509222201292796e-11,-4.837392299968407e-13,3.3004371529654834e-11,5.233010912224554e-13,4.238855865924908,0.06720921494233369
4.7736e6,8.351851338581804e-12,1.2964970856875524e-13,2.6267957662309616e-11,4.0776983659686886e-13,0.0,0.0,0.0,0.0,0.0,1.0,0.0,0.0,0.0,0.00025135940349981547,3.901970005048125e-6,150.0,-3.1023696064911403e-11,-4.815953960962622e-13,3.348914617088155e-11,5.198677353383678e-13,4.257892059331846,0.06609725703083813
4.7952e6,8.461910532315052e-12,1.3141854837740877e-13,2.5694963330460674e-11,3.9905819951703627e-13,0.0,0.0,0.0,0.0,0.0,1.0,0.0,0.0,0.0,0.00025135940349981547,3.903762371725254e-6,150.0,-3.0532052884079374e-11,-4.74181102918165e-13,3.306646444169022e-11,5.135420352537404e-13,4.272517020950536,0.0663547531809552
4.8168e6,8.483111811467017e-12,1.3358217397827878e-13,2.593137842014498e-11,4.0833717397594383e-13,0.0,0.0,0.0,0.0,0.0,1.0,0.0,0.0,0.0,0.00025135940349981547,3.958115408074777e-6,150.0,-3.099222051862402e-11,-4.880294266186346e-13,3.3491579334808396e-11,5.27386421037402e-13,4.309631191031138,0.06786305737056908
4.8384e6,8.653736306622935e-12,1.3914162382000864e-13,2.5623463290105502e-11,4.1199432981902265e-13,0.0,0.0,0.0,0.0,0.0,1.0,0.0,0.0,0.0,0.00025135940349981547,4.041555499978215e-6,150.0,-3.0492917702418673e-11,-4.902892731868046e-13,3.303197097592634e-11,5.311141819803605e-13,4.261846718997813,0.06852534580924229
4.86e6,8.711375088600775e-12,1.3797582321671487e-13,2.5721750203978356e-11,4.0739603367700425e-13,0.0,0.0,0.0,0.0,0.0,1.0,0.0,0.0,0.0,0.00025135940349981547,3.981176366350218e-6,150.0,-3.029523941945827e-11,-4.798336147776436e-13,3.2907565399312965e-11,5.212091523839294e-13,4.324069367247625,0.0684871245382225
4.8816e6,8.835449138562185e-12,1.4166451752126216e-13,2.6226283227499506e-11,4.205031008083301e-13,0.0,0.0,0.0,0.0,0.0,1.0,0.0,0.0,0.0,0.00025135940349981547,4.03020922454524e-6,150.0,-3.0708562209136695e-11,-4.923704025573681e-13,3.339615792360447e-11,5.354623771940132e-13,4.390191988652647,0.07039081094177364
4.9032e6,8.911687834958456e-12,1.4553785228542375e-13,2.6004915878161322e-11,4.24689427621581e-13,0.0,0.0,0.0,0.0,0.0,1.0,0.0,0.0,0.0,0.00025135940349981547,4.104980831308361e-6,150.0,-3.0650447159318855e-11,-5.005561610513851e-13,3.343271957526525e-11,5.459937885119639e-13,4.419005268544124,0.07216730970973044
4.9248e6,8.862043032549055e-12,1.4255116982260327e-13,2.6480244831056297e-11,4.2595029881842585e-13,0.0,0.0,0.0,0.0,0.0,1.0,0.0,0.0,0.0,0.00025135940349981547,4.0432637128037e-6,150.0,-3.0981523012491584e-11,-4.983560034740931e-13,3.379131283375223e-11,5.43553123879086e-13,4.449841280061344,0.07157831187095894
4.9464e6,8.774101620569757e-12,1.3672844972846418e-13,2.685633891539859e-11,4.1850730069914837e-13,0.0,0.0,0.0,0.0,0.0,1.0,0.0,0.0,0.0,0.00025135940349981547,3.916980113910458e-6,150.0,-3.1440159015532027e-11,-4.899378178310801e-13,3.4106681082375495e-11,5.314907247989587e-13,4.442627865185145,0.06923029239861901
4.968e6,8.636089643181938e-12,1.4341364442679527e-13,2.6663482735380766e-11,4.4278225333276945e-13,0.0,0.0,0.0,0.0,0.0,1.0,0.0,0.0,0.0,0.00025135940349981547,4.17415399865766e-6,150.0,-3.117174702627685e-11,-5.176479204008536e-13,3.391502290016568e-11,5.632036298709494e-13,4.404682547310854,0.0731455557726477
4.9896e6,8.57786820769418e-12,1.3870294375302995e-13,2.7276593783943807e-11,4.410587528023593e-13,0.0,0.0,0.0,0.0,0.0,1.0,0.0,0.0,0.0,0.00025135940349981547,4.064446825396254e-6,150.0,-3.197236617888763e-11,-5.169887436348957e-13,3.4606284673858496e-11,5.595788417819287e-13,4.475278654940743,0.07236463752131267
5.0112e6,8.640516754936929e-12,1.412861372794473e-13,2.749802932831489e-11,4.496363419901643e-13,0.0,0.0,0.0,0.0,0.0,1.0,0.0,0.0,0.0,0.00025135940349981547,4.110124451649668e-6,150.0,-3.208918436549202e-11,-5.247090001715405e-13,3.473680851572987e-11,5.680018494031737e-13,4.508720877136811,0.07372472907223838
5.0328e6,8.596081948386905e-12,1.353163393755663e-13,2.7773514805766966e-11,4.372003870687533e-13,0.0,0.0,0.0,0.0,0.0,1.0,0.0,0.0,0.0,0.00025135940349981547,3.956806665344046e-6,150.0,-3.237614436381481e-11,-5.09653277471187e-13,3.4997930850668926e-11,5.509244696440349e-13,4.541343685043478,0.07148815088038399
5.0544e6,8.43813964595042e-12,1.3697333537602044e-13,2.7657570986135808e-11,4.489555642976534e-13,0.0,0.0,0.0,0.0,0.0,1.0,0.0,0.0,0.0,0.00025135940349981547,4.0802282635864975e-6,150.0,-3.221603944700542e-11,-5.229515699920315e-13,3.4835795222285805e-11,5.654771385968314e-13,4.4701968114583845,0.0725631232408623
5.076e6,8.148825791059538e-12,1.3036487176844652e-13,2.7774612116065723e-11,4.443380972632691e-13,0.0,0.0,0.0,0.0,0.0,1.0,0.0,0.0,0.0,0.00025135940349981547,4.021246403500054e-6,150.0,-3.2474348397085476e-11,-5.195244533506525e-13,3.5144048219594796e-11,5.622342969459736e-13,4.537872449797685,0.07259685937432739
5.0976e6,8.151572532190519e-12,1.2994433026652815e-13,2.7855318752672865e-11,4.4404202077363527e-13,0.0,0.0,0.0,0.0,0.0,1.0,0.0,0.0,0.0,0.00025135940349981547,4.006923721158412e-6,150.0,-3.255286511137777e-11,-5.189256721264673e-13,3.5227039775130273e-11,5.615547273578089e-13,4.56985436113482,0.072848111456804
5.1192e6,8.193055318457365e-12,1.310235933500497e-13,2.8212129727828027e-11,4.5116924875026687e-13,0.0,0.0,0.0,0.0,0.0,1.0,0.0,0.0,0.0,0.00025135940349981547,4.019747333412596e-6,150.0,-3.291865437674406e-11,-5.264361360984252e-13,3.5572752438211194e-11,5.688805541573895e-13,4.633554891929551,0.0740999527438343
5.1408e6,8.326548188074845e-12,1.365026402164834e-13,2.7979518676055793e-11,4.586868513819368e-13,0.0,0.0,0.0,0.0,0.0,1.0,0.0,0.0,0.0,0.00025135940349981547,4.120701813760617e-6,150.0,-3.285148354871393e-11,-5.385562105855806e-13,3.5582168569790776e-11,5.833221455873661e-13,4.652476333221808,0.07627113765329858
5.1624e6,8.396735943990304e-12,1.3529559988738648e-13,2.7841473471976635e-11,4.486063251561249e-13,0.0,0.0,0.0,0.0,0.0,1.0,0.0,0.0,0.0,0.00025135940349981547,4.05012394229012e-6,150.0,-3.300446999624533e-11,-5.317970693485007e-13,3.571612110822356e-11,5.754895787149494e-13,4.640039812595563,0.07476440537537499
5.184e6,8.401383234620153e-12,1.391036856084112e-13,2.7640412869058695e-11,4.576488412027617e-13,0.0,0.0,0.0,0.0,0.0,1.0,0.0,0.0,0.0,0.00025135940349981547,4.161816984502428e-6,150.0,-3.286591501915715e-11,-5.441687139349139e-13,3.5638599972958204e-11,5.900767132885646e-13,4.651650518111016,0.07701847578683549
5.2056e6,8.545173768250874e-12,1.355632258123295e-13,2.7405881584395874e-11,4.347752093251928e-13,0.0,0.0,0.0,0.0,0.0,1.0,0.0,0.0,0.0,0.00025135940349981547,3.987641737995086e-6,150.0,-3.2606051633588754e-11,-5.172722826159031e-13,3.541404366468669e-11,5.618191190073729e-13,4.725164434120309,0.07496144028843507
5.2272e6,8.57123636149994e-12,1.3764811452790031e-13,2.724641262237255e-11,4.375584999574617e-13,0.0,0.0,0.0,0.0,0.0,1.0,0.0,0.0,0.0,0.00025135940349981547,4.0366577820696754e-6,150.0,-3.2364818251078533e-11,-5.197565463612454e-13,3.520282413755519e-11,5.653329536398137e-13,4.7194324783792885,0.07579081417105653
5.2488e6,8.675780311182674e-12,1.449486080323826e-13,2.707570801738425e-11,4.52361176498725e-13,0.0,0.0,0.0,0.0,0.0,0.9788461796943786,0.0,0.0,0.0,0.00025135940349981547,4.199529534673242e-6,150.0,-3.22596468344122e-11,-5.389706443162436e-13,3.518662174465283e-11,5.878724057449229e-13,4.699378008586974,0.07851377934094043
5.2704e6,8.758315346187175e-12,1.4936769127359283e-13,2.7298115922355467e-11,4.655526080385095e-13,0.0,0.0,0.0,0.0,0.0,1.0,0.0,0.0,0.0,0.00025135940349981547,4.286780310670092e-6,150.0,-3.236782419131946e-11,-5.520133701410587e-13,3.553603314236489e-11,6.060452287559693e-13,4.742813232299462,0.08088576794152774
5.292e6,8.733531871616676e-12,1.4148060980788344e-13,2.7459490680853795e-11,4.4483555377716073e-13,0.0,0.0,0.0,0.0,0.0,1.0,0.0,0.0,0.0,0.00025135940349981547,4.071947318778915e-6,150.0,-3.273860496992359e-11,-5.303556297146459e-13,3.5839164286611986e-11,5.805837652867197e-13,4.839272173645998,0.07839476493798132
5.3136e6,8.803411318083526e-12,1.4338390510098125e-13,2.810380293949345e-11,4.5773540143189e-13,0.0,0.0,0.0,0.0,0.0,1.0,0.0,0.0,0.0,0.00025135940349981547,4.0939689803682576e-6,150.0,-3.355336830496667e-11,-5.46494171750793e-13,3.65630816359242e-11,5.955143112211271e-13,4.844424803503975,0.0789026572991785
5.3352e6,8.884732646804027e-12,1.4493916969072502e-13,2.7999354296134875e-11,4.567614271452524e-13,0.0,0.0,0.0,0.0,0.0,1.0,0.0,0.0,0.0,0.00025135940349981547,4.1004974134279945e-6,150.0,-3.361063888804124e-11,-5.482999080405466e-13,3.662372015812105e-11,5.974531594502145e-13,4.815371002400857,0.07855451622304387
5.3568e6,8.900164497267119e-12,1.4492359890429483e-13,2.8773556001930225e-11,4.685269907488148e-13,0.0,0.0,0.0,0.0,0.0,1.0,0.0,0.0,0.0,0.00025135940349981547,4.09294787583034e-6,150.0,-3.456993893041154e-11,-5.629109400433326e-13,3.743504315414377e-11,6.095641468988541e-13,4.883018816610739,0.07951141359667166
5.3784e6,8.999718637169072e-12,1.438161466162018e-13,2.8885343496565152e-11,4.615898521765446e-13,0.0,0.0,0.0,0.0,0.0,1.0,0.0,0.0,0.0,0.00025135940349981547,4.016741220974614e-6,150.0,-3.4580397901856554e-11,-5.525972283356141e-13,3.7465610552013e-11,5.98703132558009e-13,4.871765045441352,0.07785115338619869
5.4e6,9.028501659493564e-12,1.4844278246269596e-13,2.9057332292559593e-11,4.777482930310103e-13,0.0,0.0,0.0,0.0,0.0,1.0,0.0,0.0,0.0,0.00025135940349981547,4.132744353482136e-6,150.0,-3.477958993743939e-11,-5.718312182837524e-13,3.7734510878294546e-11,6.204147710105324e-13,4.8871925768056546,0.08035314074171172
5.4216e6,9.05973903582025e-12,1.472604295264211e-13,2.967375308732778e-11,4.823284211635378e-13,0.0,0.0,0.0,0.0,0.0,1.0,0.0,0.0,0.0,0.00025135940349981547,4.0856909430323935e-6,150.0,-3.5582817719468125e-11,-5.783765956625936e-13,3.843106987356953e-11,6.246731649074882e-13,4.929230574081889,0.08012158062214499
5.4432e6,9.154758512335666e-12,1.4834369969116615e-13,2.914824394195645e-11,4.7231812177504e-13,0.0,0.0,0.0,0.0,0.0,1.0,0.0,0.0,0.0,0.00025135940349981547,4.073027575449836e-6,150.0,-3.5024095116410276e-11,-5.675304095572525e-13,3.791200179110113e-11,6.143260470291967e-13,4.9122205749294645,0.07959761830988926
5.4648e6,9.174614545351404e-12,1.5146061316583962e-13,2.985068711781065e-11,4.92794912738436e-13,0.0,0.0,0.0,0.0,0.0,1.0,0.0,0.0,0.0,0.00025135940349981547,4.149607505676802e-6,150.0,-3.581547843988189e-11,-5.912656383020446e-13,3.8601232560369565e-11,6.372547122988493e-13,4.978105501884975,0.08218186257228303
5.4864e6,9.319510100184694e-12,1.5332568655418526e-13,2.9869319164628675e-11,4.914135848977742e-13,0.0,0.0,0.0,0.0,0.0,1.0,0.0,0.0,0.0,0.00025135940349981547,4.135394747058207e-6,150.0,-3.588332097972984e-11,-5.903566567251472e-13,3.87450407730651e-11,6.374380105003992e-13,5.011878351709224,0.08245601763837844
5.508e6,9.354337257118931e-12,1.4882095789090264e-13,2.986944747048054e-11,4.752020011728766e-13,0.0,0.0,0.0,0.0,0.0,1.0,0.0,0.0,0.0,0.00025135940349981547,3.998952162566106e-6,150.0,-3.593929830310994e-11,-5.717690791322847e-13,3.876641928524925e-11,6.167465950236698e-13,4.995779664839785,0.0794793575106073
5.5296e6,9.346229008645268e-12,1.5351877621646573e-13,2.941893178290861e-11,4.8322787733215e-13,0.0,0.0,0.0,0.0,0.0,1.0,0.0,0.0,0.0,0.00025135940349981547,4.128765513887815e-6,150.0,-3.563148354760458e-11,-5.852736696207144e-13,3.851842354247561e-11,6.326938103655016e-13,4.997704585432104,0.08209102207288704
5.5512e6,9.372212577615378e-12,1.491206562239199e-13,2.9364979779951664e-11,4.672242566549514e-13,0.0,0.0,0.0,0.0,0.0,1.0,0.0,0.0,0.0,0.00025135940349981547,3.999362891903431e-6,150.0,-3.563027262172159e-11,-5.669109178635552e-13,3.8496503492056104e-11,6.125153282131856e-13,5.053950659952935,0.08041307564187256
5.5728e6,9.431915363729646e-12,1.5363825680849892e-13,2.8758435153779084e-11,4.684516002505472e-13,0.0,0.0,0.0,0.0,0.0,1.0,0.0,0.0,0.0,0.00025135940349981547,4.094440958900307e-6,150.0,-3.5100446955315516e-11,-5.717578323647515e-13,3.805221945105406e-11,6.198398139402534e-13,5.056951307690921,0.08237363819726513
5.5944e6,9.472941526627814e-12,1.5621553878052364e-13,2.8880118502213547e-11,4.76253680990964e-13,0.0,0.0,0.0,0.0,0.0,1.0,0.0,0.0,0.0,0.00025135940349981547,4.145095220412782e-6,150.0,-3.53247903520491e-11,-5.825309004223102e-13,3.8284232308380386e-11,6.313342017409611e-13,5.098437202820796,0.0840768532497043
5.616e6,9.506843891039728e-12,1.5257241049833387e-13,2.955078177980388e-11,4.742513982484075e-13,0.0,0.0,0.0,0.0,0.0,1.0,0.0,0.0,0.0,0.00025135940349981547,4.033989674484487e-6,150.0,-3.618090037956722e-11,-5.806561302761572e-13,3.9020323983515574e-11,6.26225165451814e-13,5.114719291145783,0.0820845551074991
5.6376e6,9.581858309178625e-12,1.5487934250050589e-13,2.947467234874287e-11,4.764230200960318e-13,0.0,0.0,0.0,0.0,0.0,1.0,0.0,0.0,0.0,0.00025135940349981547,4.062925780073236e-6,150.0,-3.606506944768822e-11,-5.829489503035507e-13,3.89493888519088e-11,6.295705427413363e-13,5.123892736873595,0.08282163151691685
5.6592e6,9.655309945190351e-12,1.5140281359662543e-13,2.930569271644956e-11,4.595361885693585e-13,0.0,0.0,0.0,0.0,0.0,1.0,0.0,0.0,0.0,0.00025135940349981547,3.941512093332521e-6,150.0,-3.5870041456175004e-11,-5.624703123070405e-13,3.875062970865203e-11,6.076401896816824e-13,5.148208244897724,0.08072793288703625
5.6808e6,9.731594835653292e-12,1.6043610022775746e-13,2.9080695234148005e-11,4.794274128825702e-13,0.0,0.0,0.0,0.0,0.0,1.0,0.0,0.0,0.0,0.00025135940349981547,4.1439376725118795e-6,150.0,-3.567806511553826e-11,-5.881923495045191e-13,3.866028189800966e-11,6.373574903363776e-13,5.15322528012174,0.08495661620732935
5.7024e6,9.744131411736677e-12,1.5879058897714776e-13,2.9420768037325915e-11,4.79441510731267e-13,0.0,0.0,0.0,0.0,0.0,1.0,0.0,0.0,0.0,0.00025135940349981547,4.096158604614562e-6,150.0,-3.597439800816321e-11,-5.862396150501483e-13,3.894817093808809e-11,6.347002869226872e-13,5.21441772568574,0.0849742708557073
5.724e6,9.823664691368389e-12,1.6439519010960676e-13,2.926202420888713e-11,4.896885412873178e-13,0.0,0.0,0.0,0.0,0.0,1.0,0.0,0.0,0.0,0.00025135940349981547,4.2064014013525465e-6,150.0,-3.569568853628283e-11,-5.973533999151711e-13,3.881758011250394e-11,6.49597035594776e-13,5.232591681189288,0.0875653772009228
5.7456e6,9.784230736895393e-12,1.6006166118370415e-13,2.9613867309802305e-11,4.844575851841367e-13,0.0,0.0,0.0,0.0,0.0,1.0,0.0,0.0,0.0,0.00025135940349981547,4.112025233277733e-6,150.0,-3.6214458973473286e-11,-5.92437629286993e-13,3.9277386378967436e-11,6.425445065461089e-13,5.280073706903091,0.08637749777428855
5.7672e6,9.798692950608585e-12,1.6139522647886463e-13,2.970364031261182e-11,4.892515542292778e-13,0.0,0.0,0.0,0.0,0.0,1.0,0.0,0.0,0.0,0.00025135940349981547,4.1401652301928085e-6,150.0,-3.6190591729343446e-11,-5.96098763172157e-13,3.929196477987992e-11,6.471817809184875e-13,5.303265366890744,0.08735060066492752
5.7888e6,9.789516821344499e-12,1.576917373087956e-13,3.018132970802274e-11,4.861676426737085e-13,0.0,0.0,0.0,0.0,0.0,1.0,0.0,0.0,0.0,0.00025135940349981547,4.048953768623756e-6,150.0,-3.668584230438185e-11,-5.909437935691662e-13,3.969975942958036e-11,6.394926480479728e-13,5.319247784187153,0.08568363889375616
5.8104e6,9.809709468853453e-12,1.5406415158591582e-13,3.028441451326292e-11,4.75624955364491e-13,0.0,0.0,0.0,0.0,0.0,1.0,0.0,0.0,0.0,0.00025135940349981547,3.94766770272832e-6,150.0,-3.6725734315038766e-11,-5.76787632353552e-13,3.9730395673030694e-11,6.239766550653649e-13,5.327518615832435,0.08367012684855064
5.832e6,9.878843922260533e-12,1.5516836930791174e-13,3.058440638071523e-11,4.803935057271487e-13,0.0,0.0,0.0,0.0,0.0,1.0,0.0,0.0,0.0,0.00025135940349981547,3.94813695389884e-6,150.0,-3.68879586636144e-11,-5.794042742220934e-13,3.987343059439412e-11,6.262974952061565e-13,5.311205673854158,0.08342384290674126
5.8536e6,9.859486501169396e-12,1.55062439401069e-13,3.104444456775957e-11,4.882432065764394e-13,0.0,0.0,0.0,0.0,0.0,1.0,0.0,0.0,0.0,0.00025135940349981547,3.953187852983637e-6,150.0,-3.752137602380944e-11,-5.901074153554149e-13,4.044688882820542e-11,6.361176362624468e-13,5.332061945966624,0.08385857947887365
5.8752e6,9.945368447986354e-12,1.5551003392499328e-13,3.0951753396697596e-11,4.839748518048141e-13,0.0,0.0,0.0,0.0,0.0,1.0,0.0,0.0,0.0,0.00025135940349981547,3.930363120286081e-6,150.0,-3.7397319804219615e-11,-5.847604844278561e-13,4.034441556635568e-11,6.308425340117281e-13,5.335981114515003,0.08343568249694777
5.8968e6,1.0036539738071897e-11,1.56835130779888e-13,3.080322259653865e-11,4.813439263379255e-13,0.0,0.0,0.0,0.0,0.0,1.0,0.0,0.0,0.0,0.00025135940349981547,3.92784624476777e-6,150.0,-3.720106658227359e-11,-5.813192888033186e-13,4.018994621093896e-11,6.280247609760545e-13,5.3599072567004855,0.08375613284167416
5.9184e6,1.0104683302705459e-11,1.5705154005495525e-13,3.082960115668691e-11,4.791675499262151e-13,0.0,0.0,0.0,0.0,0.0,1.0,0.0,0.0,0.0,0.00025135940349981547,3.90674108671683e-6,150.0,-3.735355703195716e-11,-5.805658111846789e-13,4.0330035225058964e-11,6.268275761666126e-13,5.382467608990989,0.08365673638298171
5.94e6,1.0268921768397385e-11,1.6910095177340763e-13,3.010391194609222e-11,4.957287899352176e-13,0.0,0.0,0.0,0.0,0.0,1.0,0.0,0.0,0.0,0.00025135940349981547,4.139199355849055e-6,150.0,-3.6595240327857896e-11,-6.026231486991971e-13,3.980248523692646e-11,6.554376679764777e-13,5.397767277303231,0.08888640936503912
5.9616e6,1.024266758938366e-11,1.628621591989386e-13,3.092017457326128e-11,4.91642079552488e-13,0.0,0.0,0.0,0.0,0.0,1.0,0.0,0.0,0.0,0.00025135940349981547,3.996706407944702e-6,150.0,-3.7703047216542815e-11,-5.994922342720668e-13,4.0781587205259737e-11,6.484421455493187e-13,5.440670783795259,0.0865086544698456
5.9832e6,1.0352025589067713e-11,1.643146005848744e-13,3.0670026548196294e-11,4.868161422935798e-13,0.0,0.0,0.0,0.0,0.0,1.0,0.0,0.0,0.0,0.00025135940349981547,3.989752501475805e-6,150.0,-3.767413266971246e-11,-5.979902202466318e-13,4.0759932241072163e-11,6.469701923004499e-13,5.431014466467077,0.08620486542948935
6.0048e6,1.0393070731690746e-11,1.6277612069641792e-13,3.0496484582940154e-11,4.776354922854984e-13,0.0,0.0,0.0,0.0,0.0,1.0,0.0,0.0,0.0,0.00025135940349981547,3.936787274766239e-6,150.0,-3.7435645147495327e-11,-5.863165228247859e-13,4.057816569565786e-11,6.355346333567309e-13,5.443438058489864,0.08525504668321221
6.0264e6,1.0341966971401379e-11,1.6176861954785264e-13,3.0628055638309245e-11,4.790827792957779e-13,0.0,0.0,0.0,0.0,0.0,1.0,0.0,0.0,0.0,0.00025135940349981547,3.931753391495018e-6,150.0,-3.778369131057693e-11,-5.910109364723677e-13,4.0923208352957634e-11,6.401191321760777e-13,5.4776791098706985,0.08568163004003683
6.048e6,1.0373973683498086e-11,1.6021432812446042e-13,3.052530632611643e-11,4.714289425672599e-13,0.0,0.0,0.0,0.0,0.0,1.0,0.0,0.0,0.0,0.00025135940349981547,3.8819626093276e-6,150.0,-3.78505643329991e-11,-5.845592941294485e-13,4.101624124272364e-11,6.3344960507726e-13,5.488379296426845,0.08476183074070817
6.0696e6,1.0452528691766366e-11,1.6870619982927482e-13,3.050008241147976e-11,4.922782945502647e-13,0.0,0.0,0.0,0.0,0.0,1.0,0.0,0.0,0.0,0.00025135940349981547,4.056998168224214e-6,150.0,-3.7793276636883044e-11,-6.099921146858469e-13,4.0962020627800005e-11,6.611363662544222e-13,5.504407437065428,0.08884239291787856
6.0912e6,1.0502089860141083e-11,1.6933030952991135e-13,3.1166729868366516e-11,5.025163644500314e-13,0.0,0.0,0.0,0.0,0.0,1.0,0.0,0.0,0.0,0.00025135940349981547,4.052790079374341e-6,150.0,-3.85049927204363e-11,-6.2083475028568e-13,4.1676012501226554e-11,6.719626465575057e-13,5.556475101235327,0.08958975416487093
6.1128e6,1.0590136822339566e-11,1.6642524642594396e-13,3.102493222963699e-11,4.87560461048403e-13,0.0,0.0,0.0,0.0,0.0,1.0,0.0,0.0,0.0,0.00025135940349981547,3.950142606343914e-6,150.0,-3.840946452852051e-11,-6.036092551479799e-13,4.158042504587035e-11,6.534412728414303e-13,5.553751284457399,0.08727785500886788
6.1344e6,1.064682213328424e-11,1.693250645308868e-13,3.104838304419615e-11,4.937876670356743e-13,0.0,0.0,0.0,0.0,0.0,1.0,0.0,0.0,0.0,0.00025135940349981547,3.997572861201024e-6,150.0,-3.849412223822175e-11,-6.122033082218986e-13,4.1684829274682145e-11,6.62947715152378e-13,5.551404274729469,0.08828849353244973
6.156e6,1.070075718280653e-11,1.643798311281809e-13,3.1244171497912e-11,4.799577774569857e-13,0.0,0.0,0.0,0.0,0.0,1.0,0.0,0.0,0.0,0.00025135940349981547,3.8612609924621434e-6,150.0,-3.860631679092462e-11,-5.930514753451146e-13,4.17938135057086e-11,6.420162507107023e-13,5.609301350463737,0.08616736114878133
6.1776e6,1.073732685159909e-11,1.6591941338543775e-13,3.1209013369014254e-11,4.822598084321101e-13,0.0,0.0,0.0,0.0,0.0,1.0,0.0,0.0,0.0,0.00025135940349981547,3.884151554107885e-6,150.0,-3.8689999470528816e-11,-5.978603524653817e-13,4.192417050391776e-11,6.478366424735556e-13,5.588282344404154,0.08635338583156284
6.1992e6,1.0788115714233068e-11,1.6998932596501554e-13,3.151502255227333e-11,4.965850926464644e-13,0.0,0.0,0.0,0.0,0.0,1.0,0.0,0.0,0.0,0.00025135940349981547,3.960693109690063e-6,150.0,-3.90565605224128e-11,-6.154177961733859e-13,4.2336911810400413e-11,6.671065914314674e-13,5.636567351031052,0.08881590725747025
6.2208e6,1.0855661227427978e-11,1.723343048521518e-13,3.1984531502791855e-11,5.077564495683278e-13,0.0,0.0,0.0,0.0,0.0,1.0,0.0,0.0,0.0,0.00025135940349981547,3.990346342122864e-6,150.0,-3.951397109520038e-11,-6.272867767312202e-13,4.272534638994796e-11,6.782675615443459e-13,5.664488589171355,0.08992411267324325
6.2424e6,1.0881944471541136e-11,1.6996880864302672e-13,3.220219578533293e-11,5.029770982232717e-13,0.0,0.0,0.0,0.0,0.0,1.0,0.0,0.0,0.0,0.00025135940349981547,3.9260684031072685e-6,150.0,-3.9910038176836736e-11,-6.233685220095558e-13,4.3089046933930353e-11,6.730225459316635e-13,5.676476286439656,0.08866282255159307
6.264e6,1.0404369982404464e-11,1.7080663332010999e-13,3.237762741010076e-11,5.31537569517896e-13,0.0,0.0,0.0,0.0,0.0,1.0,0.0,0.0,0.0,0.00025135940349981547,4.126521215389582e-6,150.0,-4.042874129335843e-11,-6.637112291629976e-13,4.366714731082156e-11,7.16875546666308e-13,5.640341473802948,0.09259645125513156
6.2856e6,1.0300097395024758e-11,1.6843010523661217e-13,3.256109054347533e-11,5.324481601023954e-13,0.0,0.0,0.0,0.0,0.0,1.0,0.0,0.0,0.0,0.00025135940349981547,4.110300044748676e-6,150.0,-4.062047357618214e-11,-6.642374704633497e-13,4.393912116671474e-11,7.185049343017623e-13,5.693638492353493,0.09310398665837273
6.3072e6,1.0331645363473602e-11,1.6451786286229286e-13,3.289543229291568e-11,5.23816490826802e-13,0.0,0.0,0.0,0.0,0.0,1.0,0.0,0.0,0.0,0.00025135940349981547,4.002567879490886e-6,150.0,-4.100664864956407e-11,-6.529769423582911e-13,4.4310410135699585e-11,7.05584998479473e-13,5.7883033739959755,0.09217111768616215
6.3288e6,1.041946233128276e-11,1.678026219550811e-13,3.3079292506435555e-11,5.327330565161306e-13,0.0,0.0,0.0,0.0,0.0,1.0,0.0,0.0,0.0,0.00025135940349981547,4.048075190377076e-6,150.0,-4.127537213097705e-11,-6.647287014949978e-13,4.453141435319489e-11,7.171663805913757e-13,5.821617032154394,0.09375556731760831
6.3504e6,1.0483173847917147e-11,1.6338868128248635e-13,3.318121202979958e-11,5.171558304339944e-13,0.0,0.0,0.0,0.0,0.0,1.0,0.0,0.0,0.0,0.00025135940349981547,3.917638118149409e-6,150.0,-4.151094094052418e-11,-6.469813433853323e-13,4.472186144709334e-11,6.970261175045237e-13,5.848922393910705,0.09116015156560113
6.372e6,1.0567291318672488e-11,1.6263185695361452e-13,3.298113119815863e-11,5.07583490360437e-13,0.0,0.0,0.0,0.0,0.0,1.0,0.0,0.0,0.0,0.00025135940349981547,3.8684507998463395e-6,150.0,-4.133403326489322e-11,-6.361356361373158e-13,4.454590321784544e-11,6.855666926862289e-13,5.840403134220901,0.08988449153452299
6.3936e6,1.0685020758065999e-11,1.6808072267777615e-13,3.301457513612723e-11,5.193357854350487e-13,0.0,0.0,0.0,0.0,0.0,1.0,0.0,0.0,0.0,0.00025135940349981547,3.954009182453922e-6,150.0,-4.131051860135289e-11,-6.498351269432527e-13,4.4615310417175976e-11,7.018211557288145e-13,5.873498192208387,0.09239306531508187
6.4152e6,1.0749780851090542e-11,1.6556875925930582e-13,3.3115137291849045e-11,5.100412994518669e-13,0.0,0.0,0.0,0.0,0.0,1.0,0.0,0.0,0.0,0.00025135940349981547,3.871452371180356e-6,150.0,-4.1435660384595e-11,-6.38194487311003e-13,4.47054675366864e-11,6.885562500937351e-13,5.878205859630323,0.09053647365760391
6.4368e6,1.0803094314788251e-11,1.6788594749022435e-13,3.303932037773683e-11,5.134489660482194e-13,0.0,0.0,0.0,0.0,0.0,1.0,0.0,0.0,0.0,0.00025135940349981547,3.906261519847823e-6,150.0,-4.1367486172072655e-11,-6.428731814161987e-13,4.4722595730970344e-11,6.950134044685869e-13,5.9003028159967865,0.09169390730828544
6.4584e6,1.080355665305582e-11,1.6805435210404553e-13,3.3215915958836485e-11,5.166890326275822e-13,0.0,0.0,0.0,0.0,0.0,1.0,0.0,0.0,0.0,0.00025135940349981547,3.910012513191436e-6,150.0,-4.149990883301021e-11,-6.455503974550641e-13,4.484786206078621e-11,6.976293681715642e-13,5.9429343039020806,0.09244510915363001
6.48e6,1.040863972668669e-11,1.6807865295521477e-13,3.354489669515332e-11,5.416827941106929e-13,0.0,0.0,0.0,0.0,0.0,1.0,0.0,0.0,0.0,0.00025135940349981547,4.0589501661350944e-6,150.0,-4.189833817147211e-11,-6.765741178328581e-13,4.52195208928053e-11,7.302045568410022e-13,5.913986452517316,0.09549901837662293
6.5016e6,1.0250557981038985e-11,1.661354756214332e-13,3.385544658132844e-11,5.487106878053991e-13,0.0,0.0,0.0,0.0,0.0,1.0,0.0,0.0,0.0,0.00025135940349981547,4.073896672708627e-6,150.0,-4.22106615544259e-11,-6.841274735103828e-13,4.558847100187258e-11,7.388731741979121e-13,5.981703457565353,0.09694820036013918
6.5232e6,1.025459375837318e-11,1.5954824334199375e-13,3.410691745431453e-11,5.306596140098637e-13,0.0,0.0,0.0,0.0,0.0,1.0,0.0,0.0,0.0,0.00025135940349981547,3.910827890489654e-6,150.0,-4.238460350347767e-11,-6.594497249786307e-13,4.573787863787193e-11,7.116223580191294e-13,6.04687611119928,0.09408158762610655
6.5448e6,1.0460771717531458e-11,1.653926944249396e-13,3.38660196226309e-11,5.354473251192002e-13,0.0,0.0,0.0,0.0,0.0,1.0,0.0,0.0,0.0,0.00025135940349981547,3.974181842072595e-6,150.0,-4.196470554385338e-11,-6.634936607033591e-13,4.5394790671086154e-11,7.177258948653157e-13,6.0637594551188165,0.0958726126243648
6.5664e6,1.0577232710952139e-11,1.6705109296858007e-13,3.3559418275009854e-11,5.300193023478902e-13,0.0,0.0,0.0,0.0,0.0,1.0,0.0,0.0,0.0,0.00025135940349981547,3.969834476563641e-6,150.0,-4.172589132550205e-11,-6.589961610465367e-13,4.520713948834295e-11,7.139771117724553e-13,6.0682575762589215,0.09583877827319426
6.588e6,1.070855229343521e-11,1.7765326906447984e-13,3.3049684019770467e-11,5.482892782117455e-13,0.0,0.0,0.0,0.0,0.0,1.0,0.0,0.0,0.0,0.00025135940349981547,4.170014631129471e-6,150.0,-4.1013910025070924e-11,-6.80414587650384e-13,4.4713918035833296e-11,7.417971630597288e-13,6.1350069554798425,0.10177884101499626
6.6096e6,1.0708203918824167e-11,1.7941607733831165e-13,3.330941287723272e-11,5.58099588145644e-13,0.0,0.0,0.0,0.0,0.0,1.0,0.0,0.0,0.0,0.00025135940349981547,4.211529638388399e-6,150.0,-4.127349684641642e-11,-6.915379048022782e-13,4.5064165731879975e-11,7.550506046979804e-13,6.163276372993508,0.1032657650878781
6.6312e6,1.0570062961802132e-11,1.706230723926391e-13,3.372743928851154e-11,5.444318861806389e-13,0.0,0.0,0.0,0.0,0.0,1.0,0.0,0.0,0.0,0.00025135940349981547,4.057470031626709e-6,150.0,-4.18477550905405e-11,-6.755108812583046e-13,4.553869686266685e-11,7.350904530601323e-13,6.236760174531982,0.10067444125926665
6.6528e6,1.0677557620386573e-11,1.7971895923184542e-13,3.3795465757930107e-11,5.688272682485206e-13,0.0,0.0,0.0,0.0,0.0,1.0,0.0,0.0,0.0,0.00025135940349981547,4.230747517004626e-6,150.0,-4.191673161952619e-11,-7.055200869793198e-13,4.5705133654581227e-11,7.69284450993798e-13,6.216304637769769,0.10462952666582095
6.6744e6,1.055601971600485e-11,1.7321750229667635e-13,3.4283656825562926e-11,5.625727845047995e-13,0.0,0.0,0.0,0.0,0.0,1.0,0.0,0.0,0.0,0.00025135940349981547,4.124646336820132e-6,150.0,-4.257579304111492e-11,-6.986414128897932e-13,4.630645307723825e-11,7.598591474868146e-13,6.254126150934144,0.10262619245307225
6.696e6,1.0655459582124804e-11,1.7077332261525876e-13,3.4301774692633854e-11,5.497489799208614e-13,0.0,0.0,0.0,0.0,0.0,1.0,0.0,0.0,0.0,0.00025135940349981547,4.028496394305051e-6,150.0,-4.255312496023967e-11,-6.819920324519056e-13,4.629080483065708e-11,7.418952215564031e-13,6.28717743065336,0.10076357302368341
6.7176e6,1.064736668215927e-11,1.6694274258523583e-13,3.4442763811370843e-11,5.4003676444434e-13,0.0,0.0,0.0,0.0,0.0,1.0,0.0,0.0,0.0,0.00025135940349981547,3.941127364868603e-6,150.0,-4.281142449413013e-11,-6.712511020219146e-13,4.651647426392006e-11,7.293435100743148e-13,6.304081049993157,0.0988432737766895
6.7392e6,1.0575588500893258e-11,1.679843832371437e-13,3.478312270164969e-11,5.525008290181665e-13,0.0,0.0,0.0,0.0,0.0,1.0,0.0,0.0,0.0,0.00025135940349981547,3.99263401409826e-6,150.0,-4.3200681422101e-11,-6.862067130829655e-13,4.688562821302181e-11,7.447390126218743e-13,6.262487868436559,0.09947438499716152
6.7608e6,1.0342706849455966e-11,1.6631152059930415e-13,3.502632685162089e-11,5.632260262706491e-13,0.0,0.0,0.0,0.0,0.0,1.0,0.0,0.0,0.0,0.00025135940349981547,4.041878516085688e-6,150.0,-4.331361905231853e-11,-6.96486321434219e-13,4.702435908494747e-11,7.561553061940154e-13,6.332142474748897,0.10182133738831864
6.7824e6,1.0365117018331057e-11,1.6499304121534947e-13,3.531060208337885e-11,5.620779403240938e-13,0.0,0.0,0.0,0.0,0.0,1.0,0.0,0.0,0.0,0.00025135940349981547,4.001165867029298e-6,150.0,-4.368471585631727e-11,-6.95377978947577e-13,4.735024244710017e-11,7.537262232365143e-13,6.36440210232721,0.10130923331817912
6.804e6,1.0463746189674204e-11,1.6261596762465525e-13,3.5105776500746314e-11,5.45575142152936e-13,0.0,0.0,0.0,0.0,0.0,1.0,0.0,0.0,0.0,0.00025135940349981547,3.906349779586093e-6,150.0,-4.3459302680502047e-11,-6.753964048417592e-13,4.7121939749395924e-11,7.323170583266326e-13,6.346227252260395,0.0986260433582261
6.8256e6,9.780812166941204e-12,1.520070168013665e-13,3.549686378799642e-11,5.516691536573319e-13,0.0,0.0,0.0,0.0,0.0,1.0,0.0,0.0,0.0,0.00025135940349981547,3.90646425049659e-6,150.0,-4.408840608691271e-11,-6.851933122129136e-13,4.766429325660941e-11,7.40767423217835e-13,6.3505288549504595,0.09869578618581194
6.8472e6,9.784002385406481e-12,1.5159228921203968e-13,3.497037386724307e-11,5.418272420950583e-13,0.0,0.0,0.0,0.0,0.0,1.0,0.0,0.0,0.0,0.00025135940349981547,3.8945357830599865e-6,150.0,-4.3607483349730883e-11,-6.756496950186476e-13,4.7266133931415095e-11,7.323364368301305e-13,6.384662310743694,0.0989232767333649
6.8688e6,9.517203727437493e-12,1.5197441424854688e-13,3.507522909831483e-11,5.600949133286265e-13,0.0,0.0,0.0,0.0,0.0,1.0,0.0,0.0,0.0,0.00025135940349981547,4.013804811451063e-6,150.0,-4.408839129023693e-11,-7.040205961103819e-13,4.769967124618565e-11,7.616869203491502e-13,6.377761461523384,0.10184257793470024
6.8904e6,9.128927507964683e-12,1.4441922104174534e-13,3.500087828216833e-11,5.537123142754227e-13,0.0,0.0,0.0,0.0,0.0,1.0,0.0,0.0,0.0,0.00025135940349981547,3.976494415503858e-6,150.0,-4.402992461754107e-11,-6.965514196759957e-13,4.769933247509958e-11,7.54601286323607e-13,6.474318436985352,0.10242342538374467
6.912e6,9.263420519458037e-12,1.4478610999789243e-13,3.4711672024608854e-11,5.425391142946644e-13,0.0,0.0,0.0,0.0,0.0,1.0,0.0,0.0,0.0,0.00025135940349981547,3.928716198048421e-6,150.0,-4.369259587696047e-11,-6.82909836538995e-13,4.739876453201553e-11,7.408367914294048e-13,6.489968397569718,0.10143739845552756
6.9336e6,9.368743866640957e-12,1.4957098257296512e-13,3.409931835986616e-11,5.443919296709481e-13,0.0,0.0,0.0,0.0,0.0,1.0,0.0,0.0,0.0,0.00025135940349981547,4.0129256915955585e-6,150.0,-4.293567516977298e-11,-6.854634104624216e-13,4.6732594278902505e-11,7.460808133914001e-13,6.460093471366112,0.10313469359173125
6.9552e6,9.360595280256911e-12,1.4961774326457363e-13,3.3917317079861755e-11,5.421271069993975e-13,0.0,0.0,0.0,0.0,0.0,1.0,0.0,0.0,0.0,0.00025135940349981547,4.017674685635973e-6,150.0,-4.289798789513087e-11,-6.856722192655594e-13,4.6700801493665055e-11,7.464555745579913e-13,6.533995753078474,0.10443798388953296
6.9768e6,9.357250845346334e-12,1.511629277864609e-13,3.40765968594598e-11,5.504948232564141e-13,0.0,0.0,0.0,0.0,0.0,1.0,0.0,0.0,0.0,0.00025135940349981547,4.06061822940092e-6,150.0,-4.321752500494693e-11,-6.981631378068034e-13,4.7006243341938956e-11,7.593684817527547e-13,6.594570681989075,0.10653285118245975
6.9984e6,9.34170705962364e-12,1.5151853115686517e-13,3.447750079236411e-11,5.592104574331545e-13,0.0,0.0,0.0,0.0,0.0,1.0,0.0,0.0,0.0,0.00025135940349981547,4.076943043458294e-6,150.0,-4.367245105079474e-11,-7.083486554440411e-13,4.755835358844824e-11,7.713763484519735e-13,6.681536582128964,0.10837169291795676
7.02e6,9.745839099181371e-12,1.6675873438879468e-13,3.3667565714024504e-11,5.760777077567284e-13,0.0,0.0,0.0,0.0,0.0,1.0,0.0,0.0,0.0,0.00025135940349981547,4.300950957406272e-6,150.0,-4.2461075994092175e-11,-7.265413702711355e-13,4.6933223074431966e-11,8.030632150839285e-13,6.655267690438621,0.11387670222971398
7.0416e6,9.626812685068592e-12,1.5987756168056287e-13,3.3714771831435275e-11,5.599190188240367e-13,0.0,0.0,0.0,0.0,0.0,1.0,0.0,0.0,0.0,0.00025135940349981547,4.174458343763329e-6,150.0,-4.258528815060624e-11,-7.072363673953194e-13,4.7057819031806476e-11,7.815140494506048e-13,6.732442160654948,0.1118092220149253
7.0632e6,9.416833719311046e-12,1.515909756335935e-13,3.4418099368592686e-11,5.540581280563011e-13,0.0,0.0,0.0,0.0,0.0,1.0,0.0,0.0,0.0,0.00025135940349981547,4.04635128398581e-6,150.0,-4.330927769523582e-11,-6.97187170921752e-13,4.7646980210666765e-11,7.67014947000459e-13,6.785324174808668,0.10922927411791526
7.0848e6,9.375478883955805e-12,1.5615573480753324e-13,3.443413532540852e-11,5.73526725488442e-13,0.0,0.0,0.0,0.0,0.0,1.0,0.0,0.0,0.0,0.00025135940349981547,4.186582129843764e-6,150.0,-4.332903250337872e-11,-7.21678006298253e-13,4.766817256273177e-11,7.939496857279428e-13,6.723564693237233,0.11198608606491275
7.1064e6,9.380826836184168e-12,1.529299537303285e-13,3.436441312377029e-11,5.602222704630797e-13,0.0,0.0,0.0,0.0,0.0,1.0,0.0,0.0,0.0,0.00025135940349981547,4.097760529875223e-6,150.0,-4.335406549438098e-11,-7.067751431572368e-13,4.7678615630189436e-11,7.772756719190161e-13,6.771381917294087,0.11038974936706075
7.128e6,9.388587832217457e-12,1.505391328086165e-13,3.4739313229614144e-11,5.570194561110949e-13,0.0,0.0,0.0,0.0,0.0,1.0,0.0,0.0,0.0,0.00025135940349981547,4.030364023043515e-6,150.0,-4.3694253320687085e-11,-7.006053648499216e-13,4.8016410227548076e-11,7.699079867403907e-13,6.836684028724205,0.10962122348570286
7.1496e6,9.331462282285941e-12,1.4734440391557204e-13,3.5248477916022415e-11,5.565757874118769e-13,0.0,0.0,0.0,0.0,0.0,1.0,0.0,0.0,0.0,0.00025135940349981547,3.968981533318828e-6,150.0,-4.4343692546692854e-11,-7.001898253514947e-13,4.8612495935804936e-11,7.675945119669574e-13,6.856206022304469,0.10825994457444577
7.1712e6,9.387453494139918e-12,1.581654502223229e-13,3.535558026231468e-11,5.956920344320511e-13,0.0,0.0,0.0,0.0,0.0,1.0,0.0,0.0,0.0,0.00025135940349981547,4.235054080106028e-6,150.0,-4.4544073016531716e-11,-7.505052747045604e-13,4.8869918335086555e-11,8.233897127290431e-13,6.8739961306113235,0.11581721214420333
7.1928e6,9.340299069542253e-12,1.5022852376922244e-13,3.5850558110984144e-11,5.766171276975841e-13,0.0,0.0,0.0,0.0,0.0,1.0,0.0,0.0,0.0,0.00025135940349981547,4.042841866426467e-6,150.0,-4.52700276987186e-11,-7.281190229065759e-13,4.946224073459492e-11,7.955461974559935e-13,6.936037992839812,0.11155860649787856
7.2144e6,9.415529815809806e-12,1.5381100940692893e-13,3.5500759429619405e-11,5.799363126027843e-13,0.0,0.0,0.0,0.0,0.0,1.0,0.0,0.0,0.0,0.00025135940349981547,4.1061782324041164e-6,150.0,-4.4912439755875856e-11,-7.336844371922376e-13,4.911891024271994e-11,8.024008540353505e-13,6.907491824401251,0.11283998997032404
7.236e6,9.467812431484447e-12,1.5106263926395432e-13,3.552658365717995e-11,5.668404956395852e-13,0.0,0.0,0.0,0.0,0.0,1.0,0.0,0.0,0.0,0.00025135940349981547,4.010537299009623e-6,150.0,-4.479196454505922e-11,-7.146732606882896e-13,4.903005291648133e-11,7.822936132727903e-13,6.979035760128688,0.11135323698816235
7.2576e6,9.53259659352603e-12,1.4911754698867193e-13,3.570197597800548e-11,5.584827836000392e-13,0.0,0.0,0.0,0.0,0.0,1.0,0.0,0.0,0.0,0.00025135940349981547,3.93199243193443e-6,150.0,-4.498977499320231e-11,-7.037709841948851e-13,4.921508575345494e-11,7.698671385482138e-13,7.0072495104150345,0.1096137707998992
7.2792e6,9.701553507713659e-12,1.5056223193953336e-13,3.515193146341577e-11,5.455366765651812e-13,0.0,0.0,0.0,0.0,0.0,1.0,0.0,0.0,0.0,0.00025135940349981547,3.9009456351327045e-6,150.0,-4.450409703188617e-11,-6.90676619393657e-13,4.879068276789086e-11,7.572018326288239e-13,7.018734167628403,0.10892650139260412
7.3008e6,9.735367169062162e-12,1.5124323466973718e-13,3.48003707338907e-11,5.406391506450719e-13,0.0,0.0,0.0,0.0,0.0,1.0,0.0,0.0,0.0,0.00025135940349981547,3.9049795030617205e-6,150.0,-4.431765836915117e-11,-6.884944233063239e-13,4.8661346768989333e-11,7.559755436976184e-13,7.030788535473362,0.10922640943251986
7.3224e6,9.645873352261747e-12,1.532593826284177e-13,3.5165023204065085e-11,5.587228392445468e-13,0.0,0.0,0.0,0.0,0.0,1.0,0.0,0.0,0.0,0.00025135940349981547,3.993747957430542e-6,150.0,-4.500972120044405e-11,-7.151412662742238e-13,4.928198068167283e-11,7.830214702339824e-13,7.095280497883824,0.1127340437686911
7.344e6,9.822159030886947e-12,1.6355915416395324e-13,3.515570092699986e-11,5.854147432941505e-13,0.0,0.0,0.0,0.0,0.0,1.0,0.0,0.0,0.0,0.00025135940349981547,4.185651168781086e-6,150.0,-4.487815476780173e-11,-7.473136009281056e-13,4.928189440584274e-11,8.206449253437743e-13,7.1125315900332495,0.11843828298564896
7.3656e6,1.0125361801103555e-11,1.7227741194273378e-13,3.466217366271043e-11,5.897576489830232e-13,0.0,0.0,0.0,0.0,0.0,1.0,0.0,0.0,0.0,0.00025135940349981547,4.276740757816469e-6,150.0,-4.408500392458999e-11,-7.500818766580635e-13,4.9006048141241206e-11,8.338107130546089e-13,7.1136153058682545,0.12103421670499058
7.3872e6,1.0140008053583207e-11,1.7195011239820587e-13,3.445947679675955e-11,5.843497240904386e-13,0.0,0.0,0.0,0.0,0.0,1.0,0.0,0.0,0.0,0.00025135940349981547,4.262450035122607e-6,150.0,-4.388283892024668e-11,-7.441472476959569e-13,4.90299884004378e-11,8.314305049648183e-13,7.1472547613527375,0.12120022519300956
7.4088e6,9.9180378368378e-12,1.6689072350044072e-13,3.5192095355305026e-11,5.92177036624004e-13,0.0,0.0,0.0,0.0,0.0,1.0,0.0,0.0,0.0,0.00025135940349981547,4.229622169106216e-6,150.0,-4.476454536914112e-11,-7.532525572826611e-13,4.966563537311354e-11,8.357231497687777e-13,7.186336808747766,0.12092441761768377
7.4304e6,9.663222315686787e-12,1.582021658105217e-13,3.5697073698452304e-11,5.84417307984867e-13,0.0,0.0,0.0,0.0,0.0,1.0,0.0,0.0,0.0,0.00025135940349981547,4.115149246432856e-6,150.0,-4.54406711217741e-11,-7.439353408726131e-13,5.020459248504485e-11,8.219282352508152e-13,7.2071834838290245,0.11799294265274665
7.452e6,9.648066278771068e-12,1.569275201268169e-13,3.5635372446906676e-11,5.796156934776854e-13,0.0,0.0,0.0,0.0,0.0,1.0,0.0,0.0,0.0,0.00025135940349981547,4.088405563566087e-6,150.0,-4.557191480604624e-11,-7.412353285423673e-13,5.031476316098483e-11,8.183786035959119e-13,7.2026213645619475,0.11715192210486226
7.4736e6,9.657979242691385e-12,1.5314448772845758e-13,3.5866314443523975e-11,5.687243898683926e-13,0.0,0.0,0.0,0.0,0.0,1.0,0.0,0.0,0.0,0.00025135940349981547,3.985751689603209e-6,150.0,-4.5925786575717616e-11,-7.282352634985357e-13,5.0597428423632964e-11,8.023124777554645e-13,7.231448909979355,0.11466752112677837
7.4952e6,9.616321362344248e-12,1.5237566169551228e-13,3.585497238031396e-11,5.681408654788127e-13,0.0,0.0,0.0,0.0,0.0,1.0,0.0,0.0,0.0,0.00025135940349981547,3.982921741951507e-6,150.0,-4.596145547915635e-11,-7.282833972821807e-13,5.062226651195074e-11,8.021363955753512e-13,7.235114983236619,0.1146441962028025
7.5168e6,9.471306047455143e-12,1.4957856031482337e-13,3.653205408066472e-11,5.769438794766152e-13,0.0,0.0,0.0,0.0,0.0,1.0,0.0,0.0,0.0,0.00025135940349981547,3.9696719236728095e-6,150.0,-4.684619611656452e-11,-7.398331905053749e-13,5.136084020404704e-11,8.111321179770418e-13,7.265685855444884,0.11474561422806444
7.5384e6,9.339284192400746e-12,1.52882454079466e-13,3.6106231385117975e-11,5.910527132485629e-13,0.0,0.0,0.0,0.0,0.0,1.0,0.0,0.0,0.0,0.00025135940349981547,4.114709614926509e-6,150.0,-4.653484844808166e-11,-7.617673565119283e-13,5.106549987462834e-11,8.359333305201608e-13,7.222457667668599,0.11823037290338531
7.56e6,8.881740983695447e-12,1.424849557591826e-13,3.61531814491627e-11,5.799858911438713e-13,0.0,0.0,0.0,0.0,0.0,1.0,0.0,0.0,0.0,0.00025135940349981547,4.032422646986958e-6,150.0,-4.691300434428239e-11,-7.525998968891598e-13,5.137037731182771e-11,8.241071150402817e-13,7.293296998334238,0.11700241000654096
7.5816e6,8.971736623582751e-12,1.434286566750201e-13,3.5814691924501433e-11,5.725595129997911e-13,0.0,0.0,0.0,0.0,0.0,1.0,0.0,0.0,0.0,0.00025135940349981547,4.018412833458312e-6,150.0,-4.6816242382333653e-11,-7.484382385702257e-13,5.1348366170918924e-11,8.208920403428979e-13,7.321897960790731,0.11705314510318418
7.6032e6,9.029910295862052e-12,1.426592467248113e-13,3.606614303161506e-11,5.697917951097782e-13,0.0,0.0,0.0,0.0,0.0,1.0,0.0,0.0,0.0,0.00025135940349981547,3.971107351632696e-6,150.0,-4.704420780896065e-11,-7.432290054827295e-13,5.1568356245381795e-11,8.147038692260417e-13,7.361983823293439,0.11630847175885753
7.6248e6,9.079307869171603e-12,1.453814176000403e-13,3.541184851384408e-11,5.670283253926334e-13,0.0,0.0,0.0,0.0,0.0,1.0,0.0,0.0,0.0,0.00025135940349981547,4.024864773226144e-6,150.0,-4.6471424189697857e-11,-7.441185632146104e-13,5.1053608367371385e-11,8.17490282849384e-13,7.307880599582761,0.11701663348443218
7.6464e6,8.960002844444478e-12,1.458345629352949e-13,3.5756191536442505e-11,5.819739854414167e-13,0.0,0.0,0.0,0.0,0.0,1.0,0.0,0.0,0.0,0.00025135940349981547,4.091169320532147e-6,150.0,-4.6929128725214925e-11,-7.638266522224787e-13,5.1363956898088486e-11,8.360086860356885e-13,7.361568609124223,0.11981816962206328
7.668e6,9.010621968347252e-12,1.4453232371935485e-13,3.521521883118292e-11,5.6485972065367e-13,0.0,0.0,0.0,0.0,0.0,1.0,0.0,0.0,0.0,0.00025135940349981547,4.03185915513476e-6,150.0,-4.6489986513936146e-11,-7.457094309520932e-13,5.0999716998794245e-11,8.180464825578781e-13,7.381385493633954,0.11839901855952971
7.6896e6,9.11719237327841e-12,1.4413534395289035e-13,3.4788687347585334e-11,5.499806531679791e-13,0.0,0.0,0.0,0.0,0.0,1.0,0.0,0.0,0.0,0.00025135940349981547,3.973786292524127e-6,150.0,-4.622254348992516e-11,-7.307405538380813e-13,5.079716552141662e-11,8.030615812956158e-13,7.428407475931721,0.11743703793107899
7.7112e6,9.213707763402115e-12,1.4750219218419338e-13,3.361906312352916e-11,5.382073794001345e-13,0.0,0.0,0.0,0.0,0.0,1.0,0.0,0.0,0.0,0.00025135940349981547,4.02401117925666e-6,150.0,-4.51359618622704e-11,-7.22581342059923e-13,5.000073521934047e-11,8.00461469482386e-13,7.4109846432772395,0.11864240859351394
7.7328e6,9.320118410921085e-12,1.5188702728438909e-13,3.325816894869788e-11,5.419978794068208e-13,0.0,0.0,0.0,0.0,0.0,1.0,0.0,0.0,0.0,0.00025135940349981547,4.096324842056505e-6,150.0,-4.4747414656300485e-11,-7.292344894291635e-13,4.9723439332779554e-11,8.103271925989589e-13,7.46668823314959,0.12168226082444579
7.7544e6,9.371823978062923e-12,1.4924813909116565e-13,3.351306094708981e-11,5.337020833201557e-13,0.0,0.0,0.0,0.0,0.0,1.0,0.0,0.0,0.0,0.00025135940349981547,4.002947911017734e-6,150.0,-4.492714401755021e-11,-7.154735999092134e-13,4.9916764071932247e-11,7.949342800960814e-13,7.53569747771785,0.12000746364165532
7.776e6,9.518482982825342e-12,1.5515341898564513e-13,3.297151409651776e-11,5.374431146684325e-13,0.0,0.0,0.0,0.0,0.0,1.0,0.0,0.0,0.0,0.00025135940349981547,4.097214957210825e-6,150.0,-4.4353622524897466e-11,-7.229740486539079e-13,4.951157339893355e-11,8.070498109902662e-13,7.563368736761648,0.12328461590729116
