interval_start_day,set,quantity,rate_kg_m2_per_day_or_stock_kg_m2,cells
5.0,N,rescale,0.0,0
5.0,N,empty,0.0,0
5.0,N,repair,0.0,0
5.0,N,repairnet,0.0,0
5.0,N,inc_left,0.0,0
5.0,N,inc_moved,0.0,0
5.0,N,led_fix_pbl,0.0,0
5.0,N,led_fix_free,0.0,0
5.0,N,led_fix_evap,0.0,0
5.0,N,led_fix_fcg,0.0,0
5.0,N,led_inc_pbl,0.0,0
5.0,N,led_inc_free,0.0,0
5.0,N,led_inc_evap,0.0,0
5.0,N,led_inc_fcg,0.0,0
5.0,N,overclaim,0.0,0
5.0,P,rescale,0.0,60
5.0,P,empty,0.0,60
5.0,P,repair,0.0,60
5.0,P,repairnet,0.0,60
5.0,P,inc_left,1.2192683322526815e-11,60
5.0,P,inc_moved,0.42260884916258834,60
5.0,P,led_fix_pbl,0.0,60
5.0,P,led_fix_free,0.0,60
5.0,P,led_fix_evap,0.0,60
5.0,P,led_fix_fcg,0.0,60
5.0,P,led_inc_pbl,0.3163768825333226,60
5.0,P,led_inc_free,0.11466313969592618,60
5.0,P,led_inc_evap,0.22998454354770675,60
5.0,P,led_inc_fcg,0.004513733475092576,60
5.0,P,overclaim,7.702269750599559e-12,60
5.0,P_adj,rescale,0.0,0
5.0,P_adj,empty,0.0,0
5.0,P_adj,repair,0.0,0
5.0,P_adj,repairnet,0.0,0
5.0,P_adj,inc_left,0.0,0
5.0,P_adj,inc_moved,0.0,0
5.0,P_adj,led_fix_pbl,0.0,0
5.0,P_adj,led_fix_free,0.0,0
5.0,P_adj,led_fix_evap,0.0,0
5.0,P_adj,led_fix_fcg,0.0,0
5.0,P_adj,led_inc_pbl,0.0,0
5.0,P_adj,led_inc_free,0.0,0
5.0,P_adj,led_inc_evap,0.0,0
5.0,P_adj,led_inc_fcg,0.0,0
5.0,P_adj,overclaim,0.0,0
5.0,P_far,rescale,0.0,60
5.0,P_far,empty,0.0,60
5.0,P_far,repair,0.0,60
5.0,P_far,repairnet,0.0,60
5.0,P_far,inc_left,1.2192683322526815e-11,60
5.0,P_far,inc_moved,0.42260884916258834,60
5.0,P_far,led_fix_pbl,0.0,60
5.0,P_far,led_fix_free,0.0,60
5.0,P_far,led_fix_evap,0.0,60
5.0,P_far,led_fix_fcg,0.0,60
5.0,P_far,led_inc_pbl,0.3163768825333226,60
5.0,P_far,led_inc_free,0.11466313969592618,60
5.0,P_far,led_inc_evap,0.22998454354770675,60
5.0,P_far,led_inc_fcg,0.004513733475092576,60
5.0,P_far,overclaim,7.702269750599559e-12,60
5.25,N,rescale,0.0,0
5.25,N,empty,0.0,0
5.25,N,repair,0.0,0
5.25,N,repairnet,0.0,0
5.25,N,inc_left,0.0,0
5.25,N,inc_moved,0.0,0
5.25,N,led_fix_pbl,0.0,0
5.25,N,led_fix_free,0.0,0
5.25,N,led_fix_evap,0.0,0
5.25,N,led_fix_fcg,0.0,0
5.25,N,led_inc_pbl,0.0,0
5.25,N,led_inc_free,0.0,0
5.25,N,led_inc_evap,0.0,0
5.25,N,led_inc_fcg,0.0,0
5.25,N,overclaim,0.0,0
5.25,P,rescale,0.0,60
5.25,P,empty,0.0,60
5.25,P,repair,0.0,60
5.25,P,repairnet,0.0,60
5.25,P,inc_left,1.1010403285898641e-11,60
5.25,P,inc_moved,0.7841012169394861,60
5.25,P,led_fix_pbl,0.0,60
5.25,P,led_fix_free,0.0,60
5.25,P,led_fix_evap,0.0,60
5.25,P,led_fix_fcg,0.0,60
5.25,P,led_inc_pbl,0.5904626181777197,60
5.25,P,led_inc_free,0.20732384960853603,60
5.25,P,led_inc_evap,0.4390886152545626,60
5.25,P,led_inc_fcg,0.007933172164450168,60
5.25,P,overclaim,8.093507629599537e-12,60
5.25,P_adj,rescale,0.0,0
5.25,P_adj,empty,0.0,0
5.25,P_adj,repair,0.0,0
5.25,P_adj,repairnet,0.0,0
5.25,P_adj,inc_left,0.0,0
5.25,P_adj,inc_moved,0.0,0
5.25,P_adj,led_fix_pbl,0.0,0
5.25,P_adj,led_fix_free,0.0,0
5.25,P_adj,led_fix_evap,0.0,0
5.25,P_adj,led_fix_fcg,0.0,0
5.25,P_adj,led_inc_pbl,0.0,0
5.25,P_adj,led_inc_free,0.0,0
5.25,P_adj,led_inc_evap,0.0,0
5.25,P_adj,led_inc_fcg,0.0,0
5.25,P_adj,overclaim,0.0,0
5.25,P_far,rescale,0.0,60
5.25,P_far,empty,0.0,60
5.25,P_far,repair,0.0,60
5.25,P_far,repairnet,0.0,60
5.25,P_far,inc_left,1.1010403285898641e-11,60
5.25,P_far,inc_moved,0.7841012169394861,60
5.25,P_far,led_fix_pbl,0.0,60
5.25,P_far,led_fix_free,0.0,60
5.25,P_far,led_fix_evap,0.0,60
5.25,P_far,led_fix_fcg,0.0,60
5.25,P_far,led_inc_pbl,0.5904626181777197,60
5.25,P_far,led_inc_free,0.20732384960853603,60
5.25,P_far,led_inc_evap,0.4390886152545626,60
5.25,P_far,led_inc_fcg,0.007933172164450168,60
5.25,P_far,overclaim,8.093507629599537e-12,60
5.5,N,rescale,0.0,0
5.5,N,empty,0.0,0
5.5,N,repair,0.0,0
5.5,N,repairnet,0.0,0
5.5,N,inc_left,0.0,0
5.5,N,inc_moved,0.0,0
5.5,N,led_fix_pbl,0.0,0
5.5,N,led_fix_free,0.0,0
5.5,N,led_fix_evap,0.0,0
5.5,N,led_fix_fcg,0.0,0
5.5,N,led_inc_pbl,0.0,0
5.5,N,led_inc_free,0.0,0
5.5,N,led_inc_evap,0.0,0
5.5,N,led_inc_fcg,0.0,0
5.5,N,overclaim,0.0,0
5.5,P,rescale,0.0,60
5.5,P,empty,0.0,60
5.5,P,repair,0.0,60
5.5,P,repairnet,0.0,60
5.5,P,inc_left,1.1494412308166313e-11,60
5.5,P,inc_moved,0.449223360988226,60
5.5,P,led_fix_pbl,0.0,60
5.5,P,led_fix_free,0.0,60
5.5,P,led_fix_evap,0.0,60
5.5,P,led_fix_fcg,0.0,60
5.5,P,led_inc_pbl,0.3474605220837129,60
5.5,P,led_inc_free,0.10965714215874064,60
5.5,P,led_inc_evap,0.2620185562677467,60
5.5,P,led_inc_fcg,0.00428363178882366,60
5.5,P,overclaim,8.160097688926007e-12,60
5.5,P_adj,rescale,0.0,0
5.5,P_adj,empty,0.0,0
5.5,P_adj,repair,0.0,0
5.5,P_adj,repairnet,0.0,0
5.5,P_adj,inc_left,0.0,0
5.5,P_adj,inc_moved,0.0,0
5.5,P_adj,led_fix_pbl,0.0,0
5.5,P_adj,led_fix_free,0.0,0
5.5,P_adj,led_fix_evap,0.0,0
5.5,P_adj,led_fix_fcg,0.0,0
5.5,P_adj,led_inc_pbl,0.0,0
5.5,P_adj,led_inc_free,0.0,0
5.5,P_adj,led_inc_evap,0.0,0
5.5,P_adj,led_inc_fcg,0.0,0
5.5,P_adj,overclaim,0.0,0
5.5,P_far,rescale,0.0,60
5.5,P_far,empty,0.0,60
5.5,P_far,repair,0.0,60
5.5,P_far,repairnet,0.0,60
5.5,P_far,inc_left,1.1494412308166313e-11,60
5.5,P_far,inc_moved,0.449223360988226,60
5.5,P_far,led_fix_pbl,0.0,60
5.5,P_far,led_fix_free,0.0,60
5.5,P_far,led_fix_evap,0.0,60
5.5,P_far,led_fix_fcg,0.0,60
5.5,P_far,led_inc_pbl,0.3474605220837129,60
5.5,P_far,led_inc_free,0.10965714215874064,60
5.5,P_far,led_inc_evap,0.2620185562677467,60
5.5,P_far,led_inc_fcg,0.00428363178882366,60
5.5,P_far,overclaim,8.160097688926007e-12,60
5.75,N,rescale,0.0,0
5.75,N,empty,0.0,0
5.75,N,repair,0.0,0
5.75,N,repairnet,0.0,0
5.75,N,inc_left,0.0,0
5.75,N,inc_moved,0.0,0
5.75,N,led_fix_pbl,0.0,0
5.75,N,led_fix_free,0.0,0
5.75,N,led_fix_evap,0.0,0
5.75,N,led_fix_fcg,0.0,0
5.75,N,led_inc_pbl,0.0,0
5.75,N,led_inc_free,0.0,0
5.75,N,led_inc_evap,0.0,0
5.75,N,led_inc_fcg,0.0,0
5.75,N,overclaim,0.0,0
5.75,P,rescale,0.0,60
5.75,P,empty,0.0,60
5.75,P,repair,0.0,60
5.75,P,repairnet,0.0,60
5.75,P,inc_left,1.1780024269810148e-11,60
5.75,P,inc_moved,0.2254147383827478,60
5.75,P,led_fix_pbl,0.0,60
5.75,P,led_fix_free,0.0,60
5.75,P,led_fix_evap,0.0,60
5.75,P,led_fix_fcg,0.0,60
5.75,P,led_inc_pbl,0.1702455886416681,60
5.75,P,led_inc_free,0.05932379301373128,60
5.75,P,led_inc_evap,0.13214198458608595,60
5.75,P,led_inc_fcg,0.0024037159888907465,60
5.75,P,overclaim,8.81957159205949e-12,60
5.75,P_adj,rescale,0.0,0
5.75,P_adj,empty,0.0,0
5.75,P_adj,repair,0.0,0
5.75,P_adj,repairnet,0.0,0
5.75,P_adj,inc_left,0.0,0
5.75,P_adj,inc_moved,0.0,0
5.75,P_adj,led_fix_pbl,0.0,0
5.75,P_adj,led_fix_free,0.0,0
5.75,P_adj,led_fix_evap,0.0,0
5.75,P_adj,led_fix_fcg,0.0,0
5.75,P_adj,led_inc_pbl,0.0,0
5.75,P_adj,led_inc_free,0.0,0
5.75,P_adj,led_inc_evap,0.0,0
5.75,P_adj,led_inc_fcg,0.0,0
5.75,P_adj,overclaim,0.0,0
5.75,P_far,rescale,0.0,60
5.75,P_far,empty,0.0,60
5.75,P_far,repair,0.0,60
5.75,P_far,repairnet,0.0,60
5.75,P_far,inc_left,1.1780024269810148e-11,60
5.75,P_far,inc_moved,0.2254147383827478,60
5.75,P_far,led_fix_pbl,0.0,60
5.75,P_far,led_fix_free,0.0,60
5.75,P_far,led_fix_evap,0.0,60
5.75,P_far,led_fix_fcg,0.0,60
5.75,P_far,led_inc_pbl,0.1702455886416681,60
5.75,P_far,led_inc_free,0.05932379301373128,60
5.75,P_far,led_inc_evap,0.13214198458608595,60
5.75,P_far,led_inc_fcg,0.0024037159888907465,60
5.75,P_far,overclaim,8.81957159205949e-12,60
6.0,N,rescale,0.0,0
6.0,N,empty,0.0,0
6.0,N,repair,0.0,0
6.0,N,repairnet,0.0,0
6.0,N,inc_left,0.0,0
6.0,N,inc_moved,0.0,0
6.0,N,led_fix_pbl,0.0,0
6.0,N,led_fix_free,0.0,0
6.0,N,led_fix_evap,0.0,0
6.0,N,led_fix_fcg,0.0,0
6.0,N,led_inc_pbl,0.0,0
6.0,N,led_inc_free,0.0,0
6.0,N,led_inc_evap,0.0,0
6.0,N,led_inc_fcg,0.0,0
6.0,N,overclaim,0.0,0
6.0,P,rescale,0.0,60
6.0,P,empty,0.0,60
6.0,P,repair,0.0,60
6.0,P,repairnet,0.0,60
6.0,P,inc_left,1.1162761504362898e-11,60
6.0,P,inc_moved,0.8238696362917173,60
6.0,P,led_fix_pbl,0.0,60
6.0,P,led_fix_free,0.0,60
6.0,P,led_fix_evap,0.0,60
6.0,P,led_fix_fcg,0.0,60
6.0,P,led_inc_pbl,0.6266970658526794,60
6.0,P,led_inc_free,0.20745899709566815,60
6.0,P,led_inc_evap,0.4909474176053133,60
6.0,P,led_inc_fcg,0.009203773705362265,60
6.0,P,overclaim,9.127053771628693e-12,60
6.0,P_adj,rescale,0.0,0
6.0,P_adj,empty,0.0,0
6.0,P_adj,repair,0.0,0
6.0,P_adj,repairnet,0.0,0
6.0,P_adj,inc_left,0.0,0
6.0,P_adj,inc_moved,0.0,0
6.0,P_adj,led_fix_pbl,0.0,0
6.0,P_adj,led_fix_free,0.0,0
6.0,P_adj,led_fix_evap,0.0,0
6.0,P_adj,led_fix_fcg,0.0,0
6.0,P_adj,led_inc_pbl,0.0,0
6.0,P_adj,led_inc_free,0.0,0
6.0,P_adj,led_inc_evap,0.0,0
6.0,P_adj,led_inc_fcg,0.0,0
6.0,P_adj,overclaim,0.0,0
6.0,P_far,rescale,0.0,60
6.0,P_far,empty,0.0,60
6.0,P_far,repair,0.0,60
6.0,P_far,repairnet,0.0,60
6.0,P_far,inc_left,1.1162761504362898e-11,60
6.0,P_far,inc_moved,0.8238696362917173,60
6.0,P_far,led_fix_pbl,0.0,60
6.0,P_far,led_fix_free,0.0,60
6.0,P_far,led_fix_evap,0.0,60
6.0,P_far,led_fix_fcg,0.0,60
6.0,P_far,led_inc_pbl,0.6266970658526794,60
6.0,P_far,led_inc_free,0.20745899709566815,60
6.0,P_far,led_inc_evap,0.4909474176053133,60
6.0,P_far,led_inc_fcg,0.009203773705362265,60
6.0,P_far,overclaim,9.127053771628693e-12,60
6.25,N,rescale,0.0,0
6.25,N,empty,0.0,0
6.25,N,repair,0.0,0
6.25,N,repairnet,0.0,0
6.25,N,inc_left,0.0,0
6.25,N,inc_moved,0.0,0
6.25,N,led_fix_pbl,0.0,0
6.25,N,led_fix_free,0.0,0
6.25,N,led_fix_evap,0.0,0
6.25,N,led_fix_fcg,0.0,0
6.25,N,led_inc_pbl,0.0,0
6.25,N,led_inc_free,0.0,0
6.25,N,led_inc_evap,0.0,0
6.25,N,led_inc_fcg,0.0,0
6.25,N,overclaim,0.0,0
6.25,P,rescale,0.0,60
6.25,P,empty,0.0,60
6.25,P,repair,0.0,60
6.25,P,repairnet,0.0,60
6.25,P,inc_left,1.130288185282566e-11,60
6.25,P,inc_moved,0.3300104487322935,60
6.25,P,led_fix_pbl,0.0,60
6.25,P,led_fix_free,0.0,60
6.25,P,led_fix_evap,0.0,60
6.25,P,led_fix_fcg,0.0,60
6.25,P,led_inc_pbl,0.25899221969087005,60
6.25,P,led_inc_free,0.07727211172334063,60
6.25,P,led_inc_evap,0.20616799810962144,60
6.25,P,led_inc_fcg,0.00313636272522183,60
6.25,P,overclaim,9.951254235089002e-12,60
6.25,P_adj,rescale,0.0,0
6.25,P_adj,empty,0.0,0
6.25,P_adj,repair,0.0,0
6.25,P_adj,repairnet,0.0,0
6.25,P_adj,inc_left,0.0,0
6.25,P_adj,inc_moved,0.0,0
6.25,P_adj,led_fix_pbl,0.0,0
6.25,P_adj,led_fix_free,0.0,0
6.25,P_adj,led_fix_evap,0.0,0
6.25,P_adj,led_fix_fcg,0.0,0
6.25,P_adj,led_inc_pbl,0.0,0
6.25,P_adj,led_inc_free,0.0,0
6.25,P_adj,led_inc_evap,0.0,0
6.25,P_adj,led_inc_fcg,0.0,0
6.25,P_adj,overclaim,0.0,0
6.25,P_far,rescale,0.0,60
6.25,P_far,empty,0.0,60
6.25,P_far,repair,0.0,60
6.25,P_far,repairnet,0.0,60
6.25,P_far,inc_left,1.130288185282566e-11,60
6.25,P_far,inc_moved,0.3300104487322935,60
6.25,P_far,led_fix_pbl,0.0,60
6.25,P_far,led_fix_free,0.0,60
6.25,P_far,led_fix_evap,0.0,60
6.25,P_far,led_fix_fcg,0.0,60
6.25,P_far,led_inc_pbl,0.25899221969087005,60
6.25,P_far,led_inc_free,0.07727211172334063,60
6.25,P_far,led_inc_evap,0.20616799810962144,60
6.25,P_far,led_inc_fcg,0.00313636272522183,60
6.25,P_far,overclaim,9.951254235089002e-12,60
6.5,N,rescale,0.0,0
6.5,N,empty,0.0,0
6.5,N,repair,0.0,0
6.5,N,repairnet,0.0,0
6.5,N,inc_left,0.0,0
6.5,N,inc_moved,0.0,0
6.5,N,led_fix_pbl,0.0,0
6.5,N,led_fix_free,0.0,0
6.5,N,led_fix_evap,0.0,0
6.5,N,led_fix_fcg,0.0,0
6.5,N,led_inc_pbl,0.0,0
6.5,N,led_inc_free,0.0,0
6.5,N,led_inc_evap,0.0,0
6.5,N,led_inc_fcg,0.0,0
6.5,N,overclaim,0.0,0
6.5,P,rescale,0.0,60
6.5,P,empty,0.0,60
6.5,P,repair,0.0,60
6.5,P,repairnet,0.0,60
6.5,P,inc_left,1.1802287914215317e-11,60
6.5,P,inc_moved,0.29409051904360156,60
6.5,P,led_fix_pbl,0.0,60
6.5,P,led_fix_free,0.0,60
6.5,P,led_fix_evap,0.0,60
6.5,P,led_fix_fcg,0.0,60
6.5,P,led_inc_pbl,0.23492871108147056,60
6.5,P,led_inc_free,0.06344083164504818,60
6.5,P,led_inc_evap,0.18958211373646666,60
6.5,P,led_inc_fcg,0.002586791537807651,60
6.5,P,overclaim,1.043057797599027e-11,60
6.5,P_adj,rescale,0.0,0
6.5,P_adj,empty,0.0,0
6.5,P_adj,repair,0.0,0
6.5,P_adj,repairnet,0.0,0
6.5,P_adj,inc_left,0.0,0
6.5,P_adj,inc_moved,0.0,0
6.5,P_adj,led_fix_pbl,0.0,0
6.5,P_adj,led_fix_free,0.0,0
6.5,P_adj,led_fix_evap,0.0,0
6.5,P_adj,led_fix_fcg,0.0,0
6.5,P_adj,led_inc_pbl,0.0,0
6.5,P_adj,led_inc_free,0.0,0
6.5,P_adj,led_inc_evap,0.0,0
6.5,P_adj,led_inc_fcg,0.0,0
6.5,P_adj,overclaim,0.0,0
6.5,P_far,rescale,0.0,60
6.5,P_far,empty,0.0,60
6.5,P_far,repair,0.0,60
6.5,P_far,repairnet,0.0,60
6.5,P_far,inc_left,1.1802287914215317e-11,60
6.5,P_far,inc_moved,0.29409051904360156,60
6.5,P_far,led_fix_pbl,0.0,60
6.5,P_far,led_fix_free,0.0,60
6.5,P_far,led_fix_evap,0.0,60
6.5,P_far,led_fix_fcg,0.0,60
6.5,P_far,led_inc_pbl,0.23492871108147056,60
6.5,P_far,led_inc_free,0.06344083164504818,60
6.5,P_far,led_inc_evap,0.18958211373646666,60
6.5,P_far,led_inc_fcg,0.002586791537807651,60
6.5,P_far,overclaim,1.043057797599027e-11,60
6.75,N,rescale,0.0,0
6.75,N,empty,0.0,0
6.75,N,repair,0.0,0
6.75,N,repairnet,0.0,0
6.75,N,inc_left,0.0,0
6.75,N,inc_moved,0.0,0
6.75,N,led_fix_pbl,0.0,0
6.75,N,led_fix_free,0.0,0
6.75,N,led_fix_evap,0.0,0
6.75,N,led_fix_fcg,0.0,0
6.75,N,led_inc_pbl,0.0,0
6.75,N,led_inc_free,0.0,0
6.75,N,led_inc_evap,0.0,0
6.75,N,led_inc_fcg,0.0,0
6.75,N,overclaim,0.0,0
6.75,P,rescale,0.0,60
6.75,P,empty,0.0,60
6.75,P,repair,0.0,60
6.75,P,repairnet,0.0,60
6.75,P,inc_left,1.0954895573208341e-11,60
6.75,P,inc_moved,0.5629430861444096,60
6.75,P,led_fix_pbl,0.0,60
6.75,P,led_fix_free,0.0,60
6.75,P,led_fix_evap,0.0,60
6.75,P,led_fix_fcg,0.0,60
6.75,P,led_inc_pbl,0.4454506155093667,60
6.75,P,led_inc_free,0.12464946374621838,60
6.75,P,led_inc_evap,0.36783848035727507,60
6.75,P,led_inc_fcg,0.0053727909495656775,60
6.75,P,overclaim,1.0601621999502806e-11,60
6.75,P_adj,rescale,0.0,0
6.75,P_adj,empty,0.0,0
6.75,P_adj,repair,0.0,0
6.75,P_adj,repairnet,0.0,0
6.75,P_adj,inc_left,0.0,0
6.75,P_adj,inc_moved,0.0,0
6.75,P_adj,led_fix_pbl,0.0,0
6.75,P_adj,led_fix_free,0.0,0
6.75,P_adj,led_fix_evap,0.0,0
6.75,P_adj,led_fix_fcg,0.0,0
6.75,P_adj,led_inc_pbl,0.0,0
6.75,P_adj,led_inc_free,0.0,0
6.75,P_adj,led_inc_evap,0.0,0
6.75,P_adj,led_inc_fcg,0.0,0
6.75,P_adj,overclaim,0.0,0
6.75,P_far,rescale,0.0,60
6.75,P_far,empty,0.0,60
6.75,P_far,repair,0.0,60
6.75,P_far,repairnet,0.0,60
6.75,P_far,inc_left,1.0954895573208341e-11,60
6.75,P_far,inc_moved,0.5629430861444096,60
6.75,P_far,led_fix_pbl,0.0,60
6.75,P_far,led_fix_free,0.0,60
6.75,P_far,led_fix_evap,0.0,60
6.75,P_far,led_fix_fcg,0.0,60
6.75,P_far,led_inc_pbl,0.4454506155093667,60
6.75,P_far,led_inc_free,0.12464946374621838,60
6.75,P_far,led_inc_evap,0.36783848035727507,60
6.75,P_far,led_inc_fcg,0.0053727909495656775,60
6.75,P_far,overclaim,1.0601621999502806e-11,60
7.0,N,rescale,0.0,0
7.0,N,empty,0.0,0
7.0,N,repair,0.0,0
7.0,N,repairnet,0.0,0
7.0,N,inc_left,0.0,0
7.0,N,inc_moved,0.0,0
7.0,N,led_fix_pbl,0.0,0
7.0,N,led_fix_free,0.0,0
7.0,N,led_fix_evap,0.0,0
7.0,N,led_fix_fcg,0.0,0
7.0,N,led_inc_pbl,0.0,0
7.0,N,led_inc_free,0.0,0
7.0,N,led_inc_evap,0.0,0
7.0,N,led_inc_fcg,0.0,0
7.0,N,overclaim,0.0,0
7.0,P,rescale,0.0,60
7.0,P,empty,0.0,60
7.0,P,repair,0.0,60
7.0,P,repairnet,0.0,60
7.0,P,inc_left,1.1246035167179624e-11,60
7.0,P,inc_moved,0.22787233128665743,60
7.0,P,led_fix_pbl,0.0,60
7.0,P,led_fix_free,0.0,60
7.0,P,led_fix_evap,0.0,60
7.0,P,led_fix_fcg,0.0,60
7.0,P,led_inc_pbl,0.18323363018734434,60
7.0,P,led_inc_free,0.049348557914078196,60
7.0,P,led_inc_evap,0.15193919400189268,60
7.0,P,led_inc_fcg,0.00226228142469114,60
7.0,P,overclaim,1.0717455214365772e-11,60
7.0,P_adj,rescale,0.0,0
7.0,P_adj,empty,0.0,0
7.0,P_adj,repair,0.0,0
7.0,P_adj,repairnet,0.0,0
7.0,P_adj,inc_left,0.0,0
7.0,P_adj,inc_moved,0.0,0
7.0,P_adj,led_fix_pbl,0.0,0
7.0,P_adj,led_fix_free,0.0,0
7.0,P_adj,led_fix_evap,0.0,0
7.0,P_adj,led_fix_fcg,0.0,0
7.0,P_adj,led_inc_pbl,0.0,0
7.0,P_adj,led_inc_free,0.0,0
7.0,P_adj,led_inc_evap,0.0,0
7.0,P_adj,led_inc_fcg,0.0,0
7.0,P_adj,overclaim,0.0,0
7.0,P_far,rescale,0.0,60
7.0,P_far,empty,0.0,60
7.0,P_far,repair,0.0,60
7.0,P_far,repairnet,0.0,60
7.0,P_far,inc_left,1.1246035167179624e-11,60
7.0,P_far,inc_moved,0.22787233128665743,60
7.0,P_far,led_fix_pbl,0.0,60
7.0,P_far,led_fix_free,0.0,60
7.0,P_far,led_fix_evap,0.0,60
7.0,P_far,led_fix_fcg,0.0,60
7.0,P_far,led_inc_pbl,0.18323363018734434,60
7.0,P_far,led_inc_free,0.049348557914078196,60
7.0,P_far,led_inc_evap,0.15193919400189268,60
7.0,P_far,led_inc_fcg,0.00226228142469114,60
7.0,P_far,overclaim,1.0717455214365772e-11,60
7.25,N,rescale,0.0,0
7.25,N,empty,0.0,0
7.25,N,repair,0.0,0
7.25,N,repairnet,0.0,0
7.25,N,inc_left,0.0,0
7.25,N,inc_moved,0.0,0
7.25,N,led_fix_pbl,0.0,0
7.25,N,led_fix_free,0.0,0
7.25,N,led_fix_evap,0.0,0
7.25,N,led_fix_fcg,0.0,0
7.25,N,led_inc_pbl,0.0,0
7.25,N,led_inc_free,0.0,0
7.25,N,led_inc_evap,0.0,0
7.25,N,led_inc_fcg,0.0,0
7.25,N,overclaim,0.0,0
7.25,P,rescale,0.0,60
7.25,P,empty,0.0,60
7.25,P,repair,0.0,60
7.25,P,repairnet,0.0,60
7.25,P,inc_left,1.1172315199185045e-11,60
7.25,P,inc_moved,0.25877956144062647,60
7.25,P,led_fix_pbl,0.0,60
7.25,P,led_fix_free,0.0,60
7.25,P,led_fix_evap,0.0,60
7.25,P,led_fix_fcg,0.0,60
7.25,P,led_inc_pbl,0.21078489725762278,60
7.25,P,led_inc_free,0.05243166896741805,60
7.25,P,led_inc_evap,0.17776147015604185,60
7.25,P,led_inc_fcg,0.0025019354045893987,60
7.25,P,overclaim,1.096688075379258e-11,60
7.25,P_adj,rescale,0.0,0
7.25,P_adj,empty,0.0,0
7.25,P_adj,repair,0.0,0
7.25,P_adj,repairnet,0.0,0
7.25,P_adj,inc_left,0.0,0
7.25,P_adj,inc_moved,0.0,0
7.25,P_adj,led_fix_pbl,0.0,0
7.25,P_adj,led_fix_free,0.0,0
7.25,P_adj,led_fix_evap,0.0,0
7.25,P_adj,led_fix_fcg,0.0,0
7.25,P_adj,led_inc_pbl,0.0,0
7.25,P_adj,led_inc_free,0.0,0
7.25,P_adj,led_inc_evap,0.0,0
7.25,P_adj,led_inc_fcg,0.0,0
7.25,P_adj,overclaim,0.0,0
7.25,P_far,rescale,0.0,60
7.25,P_far,empty,0.0,60
7.25,P_far,repair,0.0,60
7.25,P_far,repairnet,0.0,60
7.25,P_far,inc_left,1.1172315199185045e-11,60
7.25,P_far,inc_moved,0.25877956144062647,60
7.25,P_far,led_fix_pbl,0.0,60
7.25,P_far,led_fix_free,0.0,60
7.25,P_far,led_fix_evap,0.0,60
7.25,P_far,led_fix_fcg,0.0,60
7.25,P_far,led_inc_pbl,0.21078489725762278,60
7.25,P_far,led_inc_free,0.05243166896741805,60
7.25,P_far,led_inc_evap,0.17776147015604185,60
7.25,P_far,led_inc_fcg,0.0025019354045893987,60
7.25,P_far,overclaim,1.096688075379258e-11,60
7.5,N,rescale,0.0,0
7.5,N,empty,0.0,0
7.5,N,repair,0.0,0
7.5,N,repairnet,0.0,0
7.5,N,inc_left,0.0,0
7.5,N,inc_moved,0.0,0
7.5,N,led_fix_pbl,0.0,0
7.5,N,led_fix_free,0.0,0
7.5,N,led_fix_evap,0.0,0
7.5,N,led_fix_fcg,0.0,0
7.5,N,led_inc_pbl,0.0,0
7.5,N,led_inc_free,0.0,0
7.5,N,led_inc_evap,0.0,0
7.5,N,led_inc_fcg,0.0,0
7.5,N,overclaim,0.0,0
7.5,P,rescale,0.0,60
7.5,P,empty,0.0,60
7.5,P,repair,0.0,60
7.5,P,repairnet,0.0,60
7.5,P,inc_left,1.1444313638094981e-11,60
7.5,P,inc_moved,0.2997684204732643,60
7.5,P,led_fix_pbl,0.0,60
7.5,P,led_fix_free,0.0,60
7.5,P,led_fix_evap,0.0,60
7.5,P,led_fix_fcg,0.0,60
7.5,P,led_inc_pbl,0.24340851072193087,60
7.5,P,led_inc_free,0.06120578411030663,60
7.5,P,led_inc_evap,0.2066668684366608,60
7.5,P,led_inc_fcg,0.0032771942819483117,60
7.5,P,overclaim,1.1672426069794492e-11,60
7.5,P_adj,rescale,0.0,0
7.5,P_adj,empty,0.0,0
7.5,P_adj,repair,0.0,0
7.5,P_adj,repairnet,0.0,0
7.5,P_adj,inc_left,0.0,0
7.5,P_adj,inc_moved,0.0,0
7.5,P_adj,led_fix_pbl,0.0,0
7.5,P_adj,led_fix_free,0.0,0
7.5,P_adj,led_fix_evap,0.0,0
7.5,P_adj,led_fix_fcg,0.0,0
7.5,P_adj,led_inc_pbl,0.0,0
7.5,P_adj,led_inc_free,0.0,0
7.5,P_adj,led_inc_evap,0.0,0
7.5,P_adj,led_inc_fcg,0.0,0
7.5,P_adj,overclaim,0.0,0
7.5,P_far,rescale,0.0,60
7.5,P_far,empty,0.0,60
7.5,P_far,repair,0.0,60
7.5,P_far,repairnet,0.0,60
7.5,P_far,inc_left,1.1444313638094981e-11,60
7.5,P_far,inc_moved,0.2997684204732643,60
7.5,P_far,led_fix_pbl,0.0,60
7.5,P_far,led_fix_free,0.0,60
7.5,P_far,led_fix_evap,0.0,60
7.5,P_far,led_fix_fcg,0.0,60
7.5,P_far,led_inc_pbl,0.24340851072193087,60
7.5,P_far,led_inc_free,0.06120578411030663,60
7.5,P_far,led_inc_evap,0.2066668684366608,60
7.5,P_far,led_inc_fcg,0.0032771942819483117,60
7.5,P_far,overclaim,1.1672426069794492e-11,60
7.75,N,rescale,0.0,0
7.75,N,empty,0.0,0
7.75,N,repair,0.0,0
7.75,N,repairnet,0.0,0
7.75,N,inc_left,0.0,0
7.75,N,inc_moved,0.0,0
7.75,N,led_fix_pbl,0.0,0
7.75,N,led_fix_free,0.0,0
7.75,N,led_fix_evap,0.0,0
7.75,N,led_fix_fcg,0.0,0
7.75,N,led_inc_pbl,0.0,0
7.75,N,led_inc_free,0.0,0
7.75,N,led_inc_evap,0.0,0
7.75,N,led_inc_fcg,0.0,0
7.75,N,overclaim,0.0,0
7.75,P,rescale,0.0,60
7.75,P,empty,0.0,60
7.75,P,repair,0.0,60
7.75,P,repairnet,0.0,60
7.75,P,inc_left,1.1163936065218298e-11,60
7.75,P,inc_moved,0.6244500239434208,60
7.75,P,led_fix_pbl,0.0,60
7.75,P,led_fix_free,0.0,60
7.75,P,led_fix_evap,0.0,60
7.75,P,led_fix_fcg,0.0,60
7.75,P,led_inc_pbl,0.5117531140627183,60
7.75,P,led_inc_free,0.11964673287170144,60
7.75,P,led_inc_evap,0.4411743812015459,60
7.75,P,led_inc_fcg,0.005998617864913613,60
7.75,P,overclaim,1.1892258729779692e-11,60
7.75,P_adj,rescale,0.0,0
7.75,P_adj,empty,0.0,0
7.75,P_adj,repair,0.0,0
7.75,P_adj,repairnet,0.0,0
7.75,P_adj,inc_left,0.0,0
7.75,P_adj,inc_moved,0.0,0
7.75,P_adj,led_fix_pbl,0.0,0
7.75,P_adj,led_fix_free,0.0,0
7.75,P_adj,led_fix_evap,0.0,0
7.75,P_adj,led_fix_fcg,0.0,0
7.75,P_adj,led_inc_pbl,0.0,0
7.75,P_adj,led_inc_free,0.0,0
7.75,P_adj,led_inc_evap,0.0,0
7.75,P_adj,led_inc_fcg,0.0,0
7.75,P_adj,overclaim,0.0,0
7.75,P_far,rescale,0.0,60
7.75,P_far,empty,0.0,60
7.75,P_far,repair,0.0,60
7.75,P_far,repairnet,0.0,60
7.75,P_far,inc_left,1.1163936065218298e-11,60
7.75,P_far,inc_moved,0.6244500239434208,60
7.75,P_far,led_fix_pbl,0.0,60
7.75,P_far,led_fix_free,0.0,60
7.75,P_far,led_fix_evap,0.0,60
7.75,P_far,led_fix_fcg,0.0,60
7.75,P_far,led_inc_pbl,0.5117531140627183,60
7.75,P_far,led_inc_free,0.11964673287170144,60
7.75,P_far,led_inc_evap,0.4411743812015459,60
7.75,P_far,led_inc_fcg,0.005998617864913613,60
7.75,P_far,overclaim,1.1892258729779692e-11,60
8.0,N,rescale,0.0,0
8.0,N,empty,0.0,0
8.0,N,repair,0.0,0
8.0,N,repairnet,0.0,0
8.0,N,inc_left,0.0,0
8.0,N,inc_moved,0.0,0
8.0,N,led_fix_pbl,0.0,0
8.0,N,led_fix_free,0.0,0
8.0,N,led_fix_evap,0.0,0
8.0,N,led_fix_fcg,0.0,0
8.0,N,led_inc_pbl,0.0,0
8.0,N,led_inc_free,0.0,0
8.0,N,led_inc_evap,0.0,0
8.0,N,led_inc_fcg,0.0,0
8.0,N,overclaim,0.0,0
8.0,P,rescale,0.0,60
8.0,P,empty,0.0,60
8.0,P,repair,0.0,60
8.0,P,repairnet,0.0,60
8.0,P,inc_left,1.0452947782546104e-11,60
8.0,P,inc_moved,0.27763959422582535,60
8.0,P,led_fix_pbl,0.0,60
8.0,P,led_fix_free,0.0,60
8.0,P,led_fix_evap,0.0,60
8.0,P,led_fix_fcg,0.0,60
8.0,P,led_inc_pbl,0.23232266762396425,60
8.0,P,led_inc_free,0.04961589836645825,60
8.0,P,led_inc_evap,0.20391496170935364,60
8.0,P,led_inc_fcg,0.0025557603881326144,60
8.0,P,overclaim,1.2167793001349575e-11,60
8.0,P_adj,rescale,0.0,0
8.0,P_adj,empty,0.0,0
8.0,P_adj,repair,0.0,0
8.0,P_adj,repairnet,0.0,0
8.0,P_adj,inc_left,0.0,0
8.0,P_adj,inc_moved,0.0,0
8.0,P_adj,led_fix_pbl,0.0,0
8.0,P_adj,led_fix_free,0.0,0
8.0,P_adj,led_fix_evap,0.0,0
8.0,P_adj,led_fix_fcg,0.0,0
8.0,P_adj,led_inc_pbl,0.0,0
8.0,P_adj,led_inc_free,0.0,0
8.0,P_adj,led_inc_evap,0.0,0
8.0,P_adj,led_inc_fcg,0.0,0
8.0,P_adj,overclaim,0.0,0
8.0,P_far,rescale,0.0,60
8.0,P_far,empty,0.0,60
8.0,P_far,repair,0.0,60
8.0,P_far,repairnet,0.0,60
8.0,P_far,inc_left,1.0452947782546104e-11,60
8.0,P_far,inc_moved,0.27763959422582535,60
8.0,P_far,led_fix_pbl,0.0,60
8.0,P_far,led_fix_free,0.0,60
8.0,P_far,led_fix_evap,0.0,60
8.0,P_far,led_fix_fcg,0.0,60
8.0,P_far,led_inc_pbl,0.23232266762396425,60
8.0,P_far,led_inc_free,0.04961589836645825,60
8.0,P_far,led_inc_evap,0.20391496170935364,60
8.0,P_far,led_inc_fcg,0.0025557603881326144,60
8.0,P_far,overclaim,1.2167793001349575e-11,60
8.25,N,rescale,0.0,0
8.25,N,empty,0.0,0
8.25,N,repair,0.0,0
8.25,N,repairnet,0.0,0
8.25,N,inc_left,0.0,0
8.25,N,inc_moved,0.0,0
8.25,N,led_fix_pbl,0.0,0
8.25,N,led_fix_free,0.0,0
8.25,N,led_fix_evap,0.0,0
8.25,N,led_fix_fcg,0.0,0
8.25,N,led_inc_pbl,0.0,0
8.25,N,led_inc_free,0.0,0
8.25,N,led_inc_evap,0.0,0
8.25,N,led_inc_fcg,0.0,0
8.25,N,overclaim,0.0,0
8.25,P,rescale,0.0,60
8.25,P,empty,0.0,60
8.25,P,repair,0.0,60
8.25,P,repairnet,0.0,60
8.25,P,inc_left,1.1373472174828884e-11,60
8.25,P,inc_moved,0.19737865763764392,60
8.25,P,led_fix_pbl,0.0,60
8.25,P,led_fix_free,0.0,60
8.25,P,led_fix_evap,0.0,60
8.25,P,led_fix_fcg,0.0,60
8.25,P,led_inc_pbl,0.15950387008825273,60
8.25,P,led_inc_free,0.04189341418564952,60
8.25,P,led_inc_evap,0.14021821438667495,60
8.25,P,led_inc_fcg,0.002236932996010559,60
8.25,P,overclaim,1.2520417855496734e-11,60
8.25,P_adj,rescale,0.0,0
8.25,P_adj,empty,0.0,0
8.25,P_adj,repair,0.0,0
8.25,P_adj,repairnet,0.0,0
8.25,P_adj,inc_left,0.0,0
8.25,P_adj,inc_moved,0.0,0
8.25,P_adj,led_fix_pbl,0.0,0
8.25,P_adj,led_fix_free,0.0,0
8.25,P_adj,led_fix_evap,0.0,0
8.25,P_adj,led_fix_fcg,0.0,0
8.25,P_adj,led_inc_pbl,0.0,0
8.25,P_adj,led_inc_free,0.0,0
8.25,P_adj,led_inc_evap,0.0,0
8.25,P_adj,led_inc_fcg,0.0,0
8.25,P_adj,overclaim,0.0,0
8.25,P_far,rescale,0.0,60
8.25,P_far,empty,0.0,60
8.25,P_far,repair,0.0,60
8.25,P_far,repairnet,0.0,60
8.25,P_far,inc_left,1.1373472174828884e-11,60
8.25,P_far,inc_moved,0.19737865763764392,60
8.25,P_far,led_fix_pbl,0.0,60
8.25,P_far,led_fix_free,0.0,60
8.25,P_far,led_fix_evap,0.0,60
8.25,P_far,led_fix_fcg,0.0,60
8.25,P_far,led_inc_pbl,0.15950387008825273,60
8.25,P_far,led_inc_free,0.04189341418564952,60
8.25,P_far,led_inc_evap,0.14021821438667495,60
8.25,P_far,led_inc_fcg,0.002236932996010559,60
8.25,P_far,overclaim,1.2520417855496734e-11,60
8.5,N,rescale,0.0,0
8.5,N,empty,0.0,0
8.5,N,repair,0.0,0
8.5,N,repairnet,0.0,0
8.5,N,inc_left,0.0,0
8.5,N,inc_moved,0.0,0
8.5,N,led_fix_pbl,0.0,0
8.5,N,led_fix_free,0.0,0
8.5,N,led_fix_evap,0.0,0
8.5,N,led_fix_fcg,0.0,0
8.5,N,led_inc_pbl,0.0,0
8.5,N,led_inc_free,0.0,0
8.5,N,led_inc_evap,0.0,0
8.5,N,led_inc_fcg,0.0,0
8.5,N,overclaim,0.0,0
8.5,P,rescale,0.0,60
8.5,P,empty,0.0,60
8.5,P,repair,0.0,60
8.5,P,repairnet,0.0,60
8.5,P,inc_left,1.134147775708098e-11,60
8.5,P,inc_moved,0.3488766632241723,60
8.5,P,led_fix_pbl,0.0,60
8.5,P,led_fix_free,0.0,60
8.5,P,led_fix_evap,0.0,60
8.5,P,led_fix_fcg,0.0,60
8.5,P,led_inc_pbl,0.29272381739626735,60
8.5,P,led_inc_free,0.0607521275195838,60
8.5,P,led_inc_evap,0.26029566657201214,60
8.5,P,led_inc_fcg,0.0036685414812447402,60
8.5,P,overclaim,1.2491129905793158e-11,60
8.5,P_adj,rescale,0.0,0
8.5,P_adj,empty,0.0,0
8.5,P_adj,repair,0.0,0
8.5,P_adj,repairnet,0.0,0
8.5,P_adj,inc_left,0.0,0
8.5,P_adj,inc_moved,0.0,0
8.5,P_adj,led_fix_pbl,0.0,0
8.5,P_adj,led_fix_free,0.0,0
8.5,P_adj,led_fix_evap,0.0,0
8.5,P_adj,led_fix_fcg,0.0,0
8.5,P_adj,led_inc_pbl,0.0,0
8.5,P_adj,led_inc_free,0.0,0
8.5,P_adj,led_inc_evap,0.0,0
8.5,P_adj,led_inc_fcg,0.0,0
8.5,P_adj,overclaim,0.0,0
8.5,P_far,rescale,0.0,60
8.5,P_far,empty,0.0,60
8.5,P_far,repair,0.0,60
8.5,P_far,repairnet,0.0,60
8.5,P_far,inc_left,1.134147775708098e-11,60
8.5,P_far,inc_moved,0.3488766632241723,60
8.5,P_far,led_fix_pbl,0.0,60
8.5,P_far,led_fix_free,0.0,60
8.5,P_far,led_fix_evap,0.0,60
8.5,P_far,led_fix_fcg,0.0,60
8.5,P_far,led_inc_pbl,0.29272381739626735,60
8.5,P_far,led_inc_free,0.0607521275195838,60
8.5,P_far,led_inc_evap,0.26029566657201214,60
8.5,P_far,led_inc_fcg,0.0036685414812447402,60
8.5,P_far,overclaim,1.2491129905793158e-11,60
8.75,N,rescale,0.0,0
8.75,N,empty,0.0,0
8.75,N,repair,0.0,0
8.75,N,repairnet,0.0,0
8.75,N,inc_left,0.0,0
8.75,N,inc_moved,0.0,0
8.75,N,led_fix_pbl,0.0,0
8.75,N,led_fix_free,0.0,0
8.75,N,led_fix_evap,0.0,0
8.75,N,led_fix_fcg,0.0,0
8.75,N,led_inc_pbl,0.0,0
8.75,N,led_inc_free,0.0,0
8.75,N,led_inc_evap,0.0,0
8.75,N,led_inc_fcg,0.0,0
8.75,N,overclaim,0.0,0
8.75,P,rescale,0.0,60
8.75,P,empty,0.0,60
8.75,P,repair,0.0,60
8.75,P,repairnet,0.0,60
8.75,P,inc_left,1.134984001614673e-11,60
8.75,P,inc_moved,0.3711362210488168,60
8.75,P,led_fix_pbl,0.0,60
8.75,P,led_fix_free,0.0,60
8.75,P,led_fix_evap,0.0,60
8.75,P,led_fix_fcg,0.0,60
8.75,P,led_inc_pbl,0.3074237803704997,60
8.75,P,led_inc_free,0.06878526866533495,60
8.75,P,led_inc_evap,0.2738084323305837,60
8.75,P,led_inc_fcg,0.004153737817992291,60
8.75,P,overclaim,1.3010658986642259e-11,60
8.75,P_adj,rescale,0.0,0
8.75,P_adj,empty,0.0,0
8.75,P_adj,repair,0.0,0
8.75,P_adj,repairnet,0.0,0
8.75,P_adj,inc_left,0.0,0
8.75,P_adj,inc_moved,0.0,0
8.75,P_adj,led_fix_pbl,0.0,0
8.75,P_adj,led_fix_free,0.0,0
8.75,P_adj,led_fix_evap,0.0,0
8.75,P_adj,led_fix_fcg,0.0,0
8.75,P_adj,led_inc_pbl,0.0,0
8.75,P_adj,led_inc_free,0.0,0
8.75,P_adj,led_inc_evap,0.0,0
8.75,P_adj,led_inc_fcg,0.0,0
8.75,P_adj,overclaim,0.0,0
8.75,P_far,rescale,0.0,60
8.75,P_far,empty,0.0,60
8.75,P_far,repair,0.0,60
8.75,P_far,repairnet,0.0,60
8.75,P_far,inc_left,1.134984001614673e-11,60
8.75,P_far,inc_moved,0.3711362210488168,60
8.75,P_far,led_fix_pbl,0.0,60
8.75,P_far,led_fix_free,0.0,60
8.75,P_far,led_fix_evap,0.0,60
8.75,P_far,led_fix_fcg,0.0,60
8.75,P_far,led_inc_pbl,0.3074237803704997,60
8.75,P_far,led_inc_free,0.06878526866533495,60
8.75,P_far,led_inc_evap,0.2738084323305837,60
8.75,P_far,led_inc_fcg,0.004153737817992291,60
8.75,P_far,overclaim,1.3010658986642259e-11,60
9.0,N,rescale,0.0,1
9.0,N,empty,0.0,1
9.0,N,repair,0.0,1
9.0,N,repairnet,4.4496748941254275e-06,1
9.0,N,inc_left,1.1993552409288196e-14,1
9.0,N,inc_moved,0.0005279373246240448,1
9.0,N,led_fix_pbl,4.135946998043264e-06,1
9.0,N,led_fix_free,3.1372789608216403e-07,1
9.0,N,led_fix_evap,0.0,1
9.0,N,led_fix_fcg,0.0,1
9.0,N,led_inc_pbl,0.0005918854695606797,1
9.0,N,led_inc_free,0.00016215811397355087,1
9.0,N,led_inc_evap,0.0003800724033979054,1
9.0,N,led_inc_fcg,4.660113031955419e-06,1
9.0,N,overclaim,0.005917262830217589,1
9.0,P,rescale,0.0,59
9.0,P,empty,0.0,59
9.0,P,repair,0.0,59
9.0,P,repairnet,0.0,59
9.0,P,inc_left,1.0862290129470035e-11,59
9.0,P,inc_moved,0.34265514202730224,59
9.0,P,led_fix_pbl,0.0,59
9.0,P,led_fix_free,0.0,59
9.0,P,led_fix_evap,0.0,59
9.0,P,led_fix_fcg,0.0,59
9.0,P,led_inc_pbl,0.2897002246663164,59
9.0,P,led_inc_free,0.05687432904463824,59
9.0,P,led_inc_evap,0.2610559564225535,59
9.0,P,led_inc_fcg,0.0036567536978452326,59
9.0,P,overclaim,1.3570234545521434e-11,59
9.0,P_adj,rescale,0.0,2
9.0,P_adj,empty,0.0,2
9.0,P_adj,repair,0.0,2
9.0,P_adj,repairnet,0.0,2
9.0,P_adj,inc_left,1.0671872290294549e-12,2
9.0,P_adj,inc_moved,0.05525190782467144,2
9.0,P_adj,led_fix_pbl,0.0,2
9.0,P_adj,led_fix_free,0.0,2
9.0,P_adj,led_fix_evap,0.0,2
9.0,P_adj,led_fix_fcg,0.0,2
9.0,P_adj,led_inc_pbl,0.05299146484871035,2
9.0,P_adj,led_inc_free,0.0026292919173654394,2
9.0,P_adj,led_inc_evap,0.0475998775723549,2
9.0,P_adj,led_inc_fcg,0.00027245744485415014,2
9.0,P_adj,overclaim,0.0,2
9.0,P_far,rescale,0.0,57
9.0,P_far,empty,0.0,57
9.0,P_far,repair,0.0,57
9.0,P_far,repairnet,0.0,57
9.0,P_far,inc_left,9.795102900440578e-12,57
9.0,P_far,inc_moved,0.28740323420263075,57
9.0,P_far,led_fix_pbl,0.0,57
9.0,P_far,led_fix_free,0.0,57
9.0,P_far,led_fix_evap,0.0,57
9.0,P_far,led_fix_fcg,0.0,57
9.0,P_far,led_inc_pbl,0.23670875981760606,57
9.0,P_far,led_inc_free,0.0542450371272728,57
9.0,P_far,led_inc_evap,0.21345607885019863,57
9.0,P_far,led_inc_fcg,0.0033842962529910827,57
9.0,P_far,overclaim,1.3570234545521434e-11,57
9.25,N,rescale,0.0,1
9.25,N,empty,0.0,1
9.25,N,repair,0.0,1
9.25,N,repairnet,1.184250063985438e-09,1
9.25,N,inc_left,7.561258998711505e-15,1
9.25,N,inc_moved,0.00028230541745377066,1
9.25,N,led_fix_pbl,1.1007535637131266e-09,1
9.25,N,led_fix_free,8.349650027240705e-11,1
9.25,N,led_fix_evap,0.0,1
9.25,N,led_fix_fcg,0.0,1
9.25,N,led_inc_pbl,0.0006086529769297556,1
9.25,N,led_inc_free,0.00011930498344204867,1
9.25,N,led_inc_evap,0.00042491971700736836,1
9.25,N,led_inc_fcg,3.975111169114094e-06,1
9.25,N,overclaim,0.013160675712462147,1
9.25,P,rescale,0.0,59
9.25,P,empty,0.0,59
9.25,P,repair,0.0,59
9.25,P,repairnet,0.0,59
9.25,P,inc_left,1.2075579178618174e-11,59
9.25,P,inc_moved,0.20410632423801126,59
9.25,P,led_fix_pbl,0.0,59
9.25,P,led_fix_free,0.0,59
9.25,P,led_fix_evap,0.0,59
9.25,P,led_fix_fcg,0.0,59
9.25,P,led_inc_pbl,0.16981372793156863,59
9.25,P,led_inc_free,0.03720238540601788,59
9.25,P,led_inc_evap,0.15270627110577956,59
9.25,P,led_inc_fcg,0.0023938105525289372,59
9.25,P,overclaim,1.3626278985986597e-11,59
9.25,P_adj,rescale,0.0,2
9.25,P_adj,empty,0.0,2
9.25,P_adj,repair,0.0,2
9.25,P_adj,repairnet,0.0,2
9.25,P_adj,inc_left,9.111663237608797e-13,2
9.25,P_adj,inc_moved,0.01910779044770658,2
9.25,P_adj,led_fix_pbl,0.0,2
9.25,P_adj,led_fix_free,0.0,2
9.25,P_adj,led_fix_evap,0.0,2
9.25,P_adj,led_fix_fcg,0.0,2
9.25,P_adj,led_inc_pbl,0.01798455050136629,2
9.25,P_adj,led_inc_free,0.0011758568594875483,2
9.25,P_adj,led_inc_evap,0.015783597020515797,2
9.25,P_adj,led_inc_fcg,9.434449003124306e-05,2
9.25,P_adj,overclaim,0.0,2
9.25,P_far,rescale,0.0,57
9.25,P_far,empty,0.0,57
9.25,P_far,repair,0.0,57
9.25,P_far,repairnet,0.0,57
9.25,P_far,inc_left,1.1164412854857295e-11,57
9.25,P_far,inc_moved,0.1849985337903047,57
9.25,P_far,led_fix_pbl,0.0,57
9.25,P_far,led_fix_free,0.0,57
9.25,P_far,led_fix_evap,0.0,57
9.25,P_far,led_fix_fcg,0.0,57
9.25,P_far,led_inc_pbl,0.1518291774302023,57
9.25,P_far,led_inc_free,0.03602652854653032,57
9.25,P_far,led_inc_evap,0.13692267408526376,57
9.25,P_far,led_inc_fcg,0.0022994660624976945,57
9.25,P_far,overclaim,1.3626278985986597e-11,57
9.5,N,rescale,0.0,2
9.5,N,empty,0.0,2
9.5,N,repair,0.0,2
9.5,N,repairnet,1.1317873761038141e-06,2
9.5,N,inc_left,7.079366753393861e-14,2
9.5,N,inc_moved,0.0024888955132034538,2
9.5,N,led_fix_pbl,1.0146441786839562e-06,2
9.5,N,led_fix_free,1.1714319741985743e-07,2
9.5,N,led_fix_evap,0.0,2
9.5,N,led_fix_fcg,0.0,2
9.5,N,led_inc_pbl,0.0026154883781139937,2
9.5,N,led_inc_free,0.0004552237314563752,2
9.5,N,led_inc_evap,0.0018646324183266862,2
9.5,N,led_inc_fcg,1.53255861042469e-05,2
9.5,N,overclaim,0.018596755805607507,2
9.5,P,rescale,0.0,58
9.5,P,empty,0.0,58
9.5,P,repair,0.0,58
9.5,P,repairnet,1.0826610918414441e-21,58
9.5,P,inc_left,1.1428335715899029e-11,58
9.5,P,inc_moved,0.37401487878734574,58
9.5,P,led_fix_pbl,9.70560550873022e-22,58
9.5,P,led_fix_free,1.121005409684221e-22,58
9.5,P,led_fix_evap,0.0,58
9.5,P,led_fix_fcg,0.0,58
9.5,P,led_inc_pbl,0.3118873565779857,58
9.5,P,led_inc_free,0.06552178124981588,58
9.5,P,led_inc_evap,0.2850432848460559,58
9.5,P,led_inc_fcg,0.004713800011084676,58
9.5,P,overclaim,1.3901340350882132e-11,58
9.5,P_adj,rescale,0.0,2
9.5,P_adj,empty,0.0,2
9.5,P_adj,repair,0.0,2
9.5,P_adj,repairnet,1.0826610918414441e-21,2
9.5,P_adj,inc_left,3.9505050822722234e-13,2
9.5,P_adj,inc_moved,0.009864695849959812,2
9.5,P_adj,led_fix_pbl,9.70560550873022e-22,2
9.5,P_adj,led_fix_free,1.121005409684221e-22,2
9.5,P_adj,led_fix_evap,0.0,2
9.5,P_adj,led_fix_fcg,0.0,2
9.5,P_adj,led_inc_pbl,0.008609901554314637,2
9.5,P_adj,led_inc_free,0.00068122845284075,2
9.5,P_adj,led_inc_evap,0.007354782249833187,2
9.5,P_adj,led_inc_fcg,4.60616652249203e-05,2
9.5,P_adj,overclaim,0.0,2
9.5,P_far,rescale,0.0,56
9.5,P_far,empty,0.0,56
9.5,P_far,repair,0.0,56
9.5,P_far,repairnet,0.0,56
9.5,P_far,inc_left,1.1033285207671806e-11,56
9.5,P_far,inc_moved,0.364150182937386,56
9.5,P_far,led_fix_pbl,0.0,56
9.5,P_far,led_fix_free,0.0,56
9.5,P_far,led_fix_evap,0.0,56
9.5,P_far,led_fix_fcg,0.0,56
9.5,P_far,led_inc_pbl,0.3032774550236711,56
9.5,P_far,led_inc_free,0.06484055279697512,56
9.5,P_far,led_inc_evap,0.27768850259622274,56
9.5,P_far,led_inc_fcg,0.004667738345859756,56
9.5,P_far,overclaim,1.3901340350882128e-11,56
9.75,N,rescale,0.0,3
9.75,N,empty,0.0,3
9.75,N,repair,0.0,3
9.75,N,repairnet,1.3068688852763431e-05,3
9.75,N,inc_left,5.15984691303259e-14,3
9.75,N,inc_moved,0.00592643144648553,3
9.75,N,led_fix_pbl,1.2478516476010461e-05,3
9.75,N,led_fix_free,5.901723767529683e-07,3
9.75,N,led_fix_evap,0.0,3
9.75,N,led_fix_fcg,0.0,3
9.75,N,led_inc_pbl,0.00270241290075027,3
9.75,N,led_inc_free,0.00024690338727675757,3
9.75,N,led_inc_evap,0.0022475069065745444,3
9.75,N,led_inc_fcg,1.4059589241510354e-05,3
9.75,N,overclaim,0.045300933695167564,3
9.75,P,rescale,0.0,57
9.75,P,empty,0.0,57
9.75,P,repair,0.0,57
9.75,P,repairnet,3.52838882471935e-25,57
9.75,P,inc_left,1.0812521752413955e-11,57
9.75,P,inc_moved,0.5590289833362372,57
9.75,P,led_fix_pbl,3.1630535420730255e-25,57
9.75,P,led_fix_free,3.6533528264632476e-26,57
9.75,P,led_fix_evap,0.0,57
9.75,P,led_fix_fcg,0.0,57
9.75,P,led_inc_pbl,0.4772109662326599,57
9.75,P,led_inc_free,0.0859243610763868,57
9.75,P,led_inc_evap,0.4392107913980604,57
9.75,P,led_inc_fcg,0.006159975591802292,57
9.75,P,overclaim,1.4076750904125466e-11,57
9.75,P_adj,rescale,0.0,2
9.75,P_adj,empty,0.0,2
9.75,P_adj,repair,0.0,2
9.75,P_adj,repairnet,3.52838882471935e-25,2
9.75,P_adj,inc_left,1.4169490855428457e-12,2
9.75,P_adj,inc_moved,0.13784131287474388,2
9.75,P_adj,led_fix_pbl,3.1630535420730255e-25,2
9.75,P_adj,led_fix_free,3.6533528264632476e-26,2
9.75,P_adj,led_fix_evap,0.0,2
9.75,P_adj,led_fix_fcg,0.0,2
9.75,P_adj,led_inc_pbl,0.13300275428647826,2
9.75,P_adj,led_inc_free,0.00491533630207446,2
9.75,P_adj,led_inc_evap,0.12198436785986305,2
9.75,P_adj,led_inc_fcg,0.0007185021131315249,2
9.75,P_adj,overclaim,0.0,2
9.75,P_far,rescale,0.0,55
9.75,P_far,empty,0.0,55
9.75,P_far,repair,0.0,55
9.75,P_far,repairnet,0.0,55
9.75,P_far,inc_left,9.395572666871109e-12,55
9.75,P_far,inc_moved,0.42118767046149325,55
9.75,P_far,led_fix_pbl,0.0,55
9.75,P_far,led_fix_free,0.0,55
9.75,P_far,led_fix_evap,0.0,55
9.75,P_far,led_fix_fcg,0.0,55
9.75,P_far,led_inc_pbl,0.3442082119461816,55
9.75,P_far,led_inc_free,0.08100902477431235,55
9.75,P_far,led_inc_evap,0.3172264235381973,55
9.75,P_far,led_inc_fcg,0.005441473478670767,55
9.75,P_far,overclaim,1.4076750904125465e-11,55
10.0,N,rescale,0.0,3
10.0,N,empty,0.0,3
10.0,N,repair,0.0,3
10.0,N,repairnet,-8.0423531762881e-10,3
10.0,N,inc_left,8.787508690482429e-14,3
10.0,N,inc_moved,0.0016388462138796959,3
10.0,N,led_fix_pbl,-8.210903197204632e-10,3
10.0,N,led_fix_free,1.685500209253207e-11,3
10.0,N,led_fix_evap,0.0,3
10.0,N,led_fix_fcg,0.0,3
10.0,N,led_inc_pbl,0.00041054754542846664,3
10.0,N,led_inc_free,0.00013695056729637442,3
10.0,N,led_inc_evap,0.00025199389169302817,3
10.0,N,led_inc_fcg,3.312648184294464e-06,3
10.0,N,overclaim,0.0636629274916518,3
10.0,P,rescale,0.0,57
10.0,P,empty,0.0,57
10.0,P,repair,0.0,57
10.0,P,repairnet,2.383703425672077e-25,57
10.0,P,inc_left,1.136521013873644e-11,57
10.0,P,inc_moved,0.16071168721653828,57
10.0,P,led_fix_pbl,2.136890784542369e-25,57
10.0,P,led_fix_free,2.4681264112995515e-26,57
10.0,P,led_fix_evap,0.0,57
10.0,P,led_fix_fcg,0.0,57
10.0,P,led_inc_pbl,0.1329217482752899,57
10.0,P,led_inc_free,0.029218354533973912,57
10.0,P,led_inc_evap,0.12145433135724008,57
10.0,P,led_inc_fcg,0.0021459093150818314,57
10.0,P,overclaim,1.4648737168511416e-11,57
10.0,P_adj,rescale,0.0,2
10.0,P_adj,empty,0.0,2
10.0,P_adj,repair,0.0,2
10.0,P_adj,repairnet,2.383703425672077e-25,2
10.0,P_adj,inc_left,1.967749305816487e-12,2
10.0,P_adj,inc_moved,0.03214423241453231,2
10.0,P_adj,led_fix_pbl,2.136890784542369e-25,2
10.0,P_adj,led_fix_free,2.4681264112995515e-26,2
10.0,P_adj,led_fix_evap,0.0,2
10.0,P_adj,led_fix_fcg,0.0,2
10.0,P_adj,led_inc_pbl,0.030104211356967243,2
10.0,P_adj,led_inc_free,0.001294265423895674,2
10.0,P_adj,led_inc_evap,0.027205405609758454,2
10.0,P_adj,led_inc_fcg,0.00015763346074283574,2
10.0,P_adj,overclaim,0.0,2
10.0,P_far,rescale,0.0,55
10.0,P_far,empty,0.0,55
10.0,P_far,repair,0.0,55
10.0,P_far,repairnet,0.0,55
10.0,P_far,inc_left,9.397460832919955e-12,55
10.0,P_far,inc_moved,0.128567454802006,55
10.0,P_far,led_fix_pbl,0.0,55
10.0,P_far,led_fix_free,0.0,55
10.0,P_far,led_fix_evap,0.0,55
10.0,P_far,led_fix_fcg,0.0,55
10.0,P_far,led_inc_pbl,0.10281753691832266,55
10.0,P_far,led_inc_free,0.027924089110078234,55
10.0,P_far,led_inc_evap,0.09424892574748162,55
10.0,P_far,led_inc_fcg,0.001988275854338996,55
10.0,P_far,overclaim,1.4648737168511412e-11,55
10.25,N,rescale,0.0,3
10.25,N,empty,0.0,3
10.25,N,repair,0.0,3
10.25,N,repairnet,1.3260438675793471e-09,3
10.25,N,inc_left,9.020721963402478e-14,3
10.25,N,inc_moved,0.00536418246189224,3
10.25,N,led_fix_pbl,1.231542093614094e-09,3
10.25,N,led_fix_free,9.450177396628723e-11,3
10.25,N,led_fix_evap,0.0,3
10.25,N,led_fix_fcg,0.0,3
10.25,N,led_inc_pbl,0.0016648453148263604,3
10.25,N,led_inc_free,0.00017578702066750265,3
10.25,N,led_inc_evap,0.0013810765725197245,3
10.25,N,led_inc_fcg,9.349487395380442e-06,3
10.25,N,overclaim,0.07634344959583356,3
10.25,P,rescale,0.0,57
10.25,P,empty,0.0,57
10.25,P,repair,0.0,57
10.25,P,repairnet,1.4426803325859954e-25,57
10.25,P,inc_left,1.1401482833329844e-11,57
10.25,P,inc_moved,0.4850930495752804,57
10.25,P,led_fix_pbl,1.2933027970442677e-25,57
10.25,P,led_fix_free,1.4937753554296177e-26,57
10.25,P,led_fix_evap,0.0,57
10.25,P,led_fix_fcg,0.0,57
10.25,P,led_inc_pbl,0.40501887178289253,57
10.25,P,led_inc_free,0.08183319139387797,57
10.25,P,led_inc_evap,0.37369353775602826,57
10.25,P,led_inc_fcg,0.005903940879540074,57
10.25,P,overclaim,1.5245182993563495e-11,57
10.25,P_adj,rescale,0.0,2
10.25,P_adj,empty,0.0,2
10.25,P_adj,repair,0.0,2
10.25,P_adj,repairnet,1.4426803325859954e-25,2
10.25,P_adj,inc_left,5.888275596160818e-13,2
10.25,P_adj,inc_moved,0.04713971377339357,2
10.25,P_adj,led_fix_pbl,1.2933027970442677e-25,2
10.25,P_adj,led_fix_free,1.4937753554296177e-26,2
10.25,P_adj,led_fix_evap,0.0,2
10.25,P_adj,led_fix_fcg,0.0,2
10.25,P_adj,led_inc_pbl,0.042637507799778394,2
10.25,P_adj,led_inc_free,0.0016699545738735667,2
10.25,P_adj,led_inc_evap,0.03884773603595954,2
10.25,P_adj,led_inc_fcg,0.000219499348835913,2
10.25,P_adj,overclaim,0.0,2
10.25,P_far,rescale,0.0,55
10.25,P_far,empty,0.0,55
10.25,P_far,repair,0.0,55
10.25,P_far,repairnet,0.0,55
10.25,P_far,inc_left,1.0812655273713763e-11,55
10.25,P_far,inc_moved,0.4379533358018868,55
10.25,P_far,led_fix_pbl,0.0,55
10.25,P_far,led_fix_free,0.0,55
10.25,P_far,led_fix_evap,0.0,55
10.25,P_far,led_fix_fcg,0.0,55
10.25,P_far,led_inc_pbl,0.36238136398311416,55
10.25,P_far,led_inc_free,0.08016323682000441,55
10.25,P_far,led_inc_evap,0.3348458017200687,55
10.25,P_far,led_inc_fcg,0.0056844415307041605,55
10.25,P_far,overclaim,1.5245182993563495e-11,55
10.5,N,rescale,0.0,4
10.5,N,empty,0.0,4
10.5,N,repair,0.0,4
10.5,N,repairnet,4.377183134582845e-05,4
10.5,N,inc_left,2.5200500736883317e-13,4
10.5,N,inc_moved,0.010974043495245799,4
10.5,N,led_fix_pbl,4.22726070411466e-05,4
10.5,N,led_fix_free,1.499224304681846e-06,4
10.5,N,led_fix_evap,0.0,4
10.5,N,led_fix_fcg,0.0,4
10.5,N,led_inc_pbl,0.007654748716952677,4
10.5,N,led_inc_free,0.0005566622766177905,4
10.5,N,led_inc_evap,0.00658421779258632,4
10.5,N,led_inc_fcg,4.092639100764165e-05,4
10.5,N,overclaim,0.09541370050573766,4
10.5,P,rescale,0.0,56
10.5,P,empty,0.0,56
10.5,P,repair,0.0,56
10.5,P,repairnet,2.3948824732529475e-25,56
10.5,P,inc_left,1.0719405181988836e-11,56
10.5,P,inc_moved,0.23040243096591584,56
10.5,P,led_fix_pbl,2.146912334830432e-25,56
10.5,P,led_fix_free,2.4797013842128137e-26,56
10.5,P,led_fix_evap,0.0,56
10.5,P,led_fix_fcg,0.0,56
10.5,P,led_inc_pbl,0.20184457497850883,56
10.5,P,led_inc_free,0.0305516953324436,56
10.5,P,led_inc_evap,0.189344622233872,56
10.5,P,led_inc_fcg,0.0024529265453656656,56
10.5,P,overclaim,1.5058767492009384e-11,56
10.5,P_adj,rescale,0.0,2
10.5,P_adj,empty,0.0,2
10.5,P_adj,repair,0.0,2
10.5,P_adj,repairnet,2.3948824732529475e-25,2
10.5,P_adj,inc_left,1.583170205869261e-12,2
10.5,P_adj,inc_moved,0.05305484518503005,2
10.5,P_adj,led_fix_pbl,2.146912334830432e-25,2
10.5,P_adj,led_fix_free,2.4797013842128137e-26,2
10.5,P_adj,led_fix_evap,0.0,2
10.5,P_adj,led_fix_fcg,0.0,2
10.5,P_adj,led_inc_pbl,0.05149326320385642,2
10.5,P_adj,led_inc_free,0.0018269784492542782,2
10.5,P_adj,led_inc_evap,0.04710947849066311,2
10.5,P_adj,led_inc_fcg,0.00024518134954665407,2
10.5,P_adj,overclaim,0.0,2
10.5,P_far,rescale,0.0,54
10.5,P_far,empty,0.0,54
10.5,P_far,repair,0.0,54
10.5,P_far,repairnet,0.0,54
10.5,P_far,inc_left,9.136234976119575e-12,54
10.5,P_far,inc_moved,0.17734758578088583,54
10.5,P_far,led_fix_pbl,0.0,54
10.5,P_far,led_fix_free,0.0,54
10.5,P_far,led_fix_evap,0.0,54
10.5,P_far,led_fix_fcg,0.0,54
10.5,P_far,led_inc_pbl,0.15035131177465244,54
10.5,P_far,led_inc_free,0.02872471688318932,54
10.5,P_far,led_inc_evap,0.1422351437432089,54
10.5,P_far,led_inc_fcg,0.0022077451958190113,54
10.5,P_far,overclaim,1.5058767492009384e-11,54
10.75,N,rescale,0.0,4
10.75,N,empty,0.0,4
10.75,N,repair,0.0,4
10.75,N,repairnet,-5.6485325831074595e-08,4
10.75,N,inc_left,1.1835952693285138e-13,4
10.75,N,inc_moved,0.00048738797201867284,4
10.75,N,led_fix_pbl,-5.4639421878534105e-08,4
10.75,N,led_fix_free,-1.8459039525333608e-09,4
10.75,N,led_fix_evap,0.0,4
10.75,N,led_fix_fcg,0.0,4
10.75,N,led_inc_pbl,-0.0014265631646107405,4
10.75,N,led_inc_free,-0.00011174581292660806,4
10.75,N,led_inc_evap,-0.0009796637226387197,4
10.75,N,led_inc_fcg,-6.114123452798946e-06,4
10.75,N,overclaim,0.13345837436937552,4
10.75,P,rescale,0.0,56
10.75,P,empty,0.0,56
10.75,P,repair,0.0,56
10.75,P,repairnet,1.5941028274605582e-25,56
10.75,P,inc_left,1.1107396909642402e-11,56
10.75,P,inc_moved,0.13713969892439837,56
10.75,P,led_fix_pbl,1.429046753437561e-25,56
10.75,P,led_fix_free,1.6505607402398424e-26,56
10.75,P,led_fix_evap,0.0,56
10.75,P,led_fix_fcg,0.0,56
10.75,P,led_inc_pbl,0.11814494761721549,56
10.75,P,led_inc_free,0.019889471567513764,56
10.75,P,led_inc_evap,0.11006361013030577,56
10.75,P,led_inc_fcg,0.0016355266786112891,56
10.75,P,overclaim,1.536521954854433e-11,56
10.75,P_adj,rescale,0.0,2
10.75,P_adj,empty,0.0,2
10.75,P_adj,repair,0.0,2
10.75,P_adj,repairnet,1.5941028274605582e-25,2
10.75,P_adj,inc_left,2.3688666173622063e-12,2
10.75,P_adj,inc_moved,0.04084499684369559,2
10.75,P_adj,led_fix_pbl,1.429046753437561e-25,2
10.75,P_adj,led_fix_free,1.6505607402398424e-26,2
10.75,P_adj,led_fix_evap,0.0,2
10.75,P_adj,led_fix_fcg,0.0,2
10.75,P_adj,led_inc_pbl,0.03895764948481673,2
10.75,P_adj,led_inc_free,0.0013938683756648546,2
10.75,P_adj,led_inc_evap,0.03550553340962293,2
10.75,P_adj,led_inc_fcg,0.00017321852997154792,2
10.75,P_adj,overclaim,0.0,2
10.75,P_far,rescale,0.0,54
10.75,P_far,empty,0.0,54
10.75,P_far,repair,0.0,54
10.75,P_far,repairnet,0.0,54
10.75,P_far,inc_left,8.738530292280193e-12,54
10.75,P_far,inc_moved,0.0962947020807028,54
10.75,P_far,led_fix_pbl,0.0,54
10.75,P_far,led_fix_free,0.0,54
10.75,P_far,led_fix_evap,0.0,54
10.75,P_far,led_fix_fcg,0.0,54
10.75,P_far,led_inc_pbl,0.07918729813239873,54
10.75,P_far,led_inc_free,0.01849560319184891,54
10.75,P_far,led_inc_evap,0.07455807672068285,54
10.75,P_far,led_inc_fcg,0.001462308148639741,54
10.75,P_far,overclaim,1.536521954854433e-11,54
11.0,N,rescale,0.0,4
11.0,N,empty,0.0,4
11.0,N,repair,0.0,4
11.0,N,repairnet,-2.7987488929331172e-08,4
11.0,N,inc_left,1.505844198949019e-13,4
11.0,N,inc_moved,0.001152454049418986,4
11.0,N,led_fix_pbl,-2.71044734040419e-08,4
11.0,N,led_fix_free,-8.830155252986016e-10,4
11.0,N,led_fix_evap,0.0,4
11.0,N,led_fix_fcg,0.0,4
11.0,N,led_inc_pbl,-0.0005418206052761606,4
11.0,N,led_inc_free,-2.549112014409838e-06,4
11.0,N,led_inc_evap,-0.0003833698504445317,4
11.0,N,led_inc_fcg,-1.635982078612374e-06,4
11.0,N,overclaim,0.15790572191267768,4
11.0,P,rescale,0.0,56
11.0,P,empty,0.0,56
11.0,P,repair,0.0,56
11.0,P,repairnet,1.1968192806808733e-25,56
11.0,P,inc_left,1.1296098134466248e-11,56
11.0,P,inc_moved,0.12173864831682243,56
11.0,P,led_fix_pbl,1.0728986098286443e-25,56
11.0,P,led_fix_free,1.2392067085124217e-26,56
11.0,P,led_fix_evap,0.0,56
11.0,P,led_fix_fcg,0.0,56
11.0,P,led_inc_pbl,0.10199117001932462,56
11.0,P,led_inc_free,0.019811492157516663,56
11.0,P,led_inc_evap,0.09515122884630638,56
11.0,P,led_inc_fcg,0.0016790089767472081,56
11.0,P,overclaim,1.6018464942318785e-11,56
11.0,P_adj,rescale,0.0,2
11.0,P_adj,empty,0.0,2
11.0,P_adj,repair,0.0,2
11.0,P_adj,repairnet,1.1968192806808733e-25,2
11.0,P_adj,inc_left,2.8434241979026884e-12,2
11.0,P_adj,inc_moved,0.03875736193266939,2
11.0,P_adj,led_fix_pbl,1.0728986098286443e-25,2
11.0,P_adj,led_fix_free,1.2392067085124217e-26,2
11.0,P_adj,led_fix_evap,0.0,2
11.0,P_adj,led_fix_fcg,0.0,2
11.0,P_adj,led_inc_pbl,0.036184270869264186,2
11.0,P_adj,led_inc_free,0.001196432560238505,2
11.0,P_adj,led_inc_evap,0.03321253224924558,2
11.0,P_adj,led_inc_fcg,0.0001792241854648071,2
11.0,P_adj,overclaim,0.0,2
11.0,P_far,rescale,0.0,54
11.0,P_far,empty,0.0,54
11.0,P_far,repair,0.0,54
11.0,P_far,repairnet,0.0,54
11.0,P_far,inc_left,8.452673936563559e-12,54
11.0,P_far,inc_moved,0.08298128638415304,54
11.0,P_far,led_fix_pbl,0.0,54
11.0,P_far,led_fix_free,0.0,54
11.0,P_far,led_fix_evap,0.0,54
11.0,P_far,led_fix_fcg,0.0,54
11.0,P_far,led_inc_pbl,0.06580689915006044,54
11.0,P_far,led_inc_free,0.018615059597278154,54
11.0,P_far,led_inc_evap,0.06193869659706082,54
11.0,P_far,led_inc_fcg,0.001499784791282401,54
11.0,P_far,overclaim,1.6018464942318782e-11,54
11.25,N,rescale,0.0,4
11.25,N,empty,0.0,4
11.25,N,repair,0.0,4
11.25,N,repairnet,-1.2288509517594844e-08,4
11.25,N,inc_left,1.7606695674767933e-13,4
11.25,N,inc_moved,0.002105149887419461,4
11.25,N,led_fix_pbl,-1.193063554872336e-08,4
11.25,N,led_fix_free,-3.5787396887018505e-10,4
11.25,N,led_fix_evap,0.0,4
11.25,N,led_fix_fcg,0.0,4
11.25,N,led_inc_pbl,-7.018506675620989e-05,4
11.25,N,led_inc_free,5.184219262232755e-05,4
11.25,N,led_inc_evap,-6.399068485637391e-05,4
11.25,N,led_inc_fcg,6.743774099784094e-07,4
11.25,N,overclaim,0.1736719298828542,4
11.25,P,rescale,0.0,56
11.25,P,empty,0.0,56
11.25,P,repair,0.0,56
11.25,P,repairnet,1.0163464326805459e-25,56
11.25,P,inc_left,1.125262881235141e-11,56
11.25,P,inc_moved,0.12487806783142029,56
11.25,P,led_fix_pbl,9.111122224806161e-26,56
11.25,P,led_fix_free,1.0523421020066986e-26,56
11.25,P,led_fix_evap,0.0,56
11.25,P,led_fix_fcg,0.0,56
11.25,P,led_inc_pbl,0.1046838989904468,56
11.25,P,led_inc_free,0.01973028111762633,56
11.25,P,led_inc_evap,0.09833376592889788,56
11.25,P,led_inc_fcg,0.001695486557287873,56
11.25,P,overclaim,1.645372622732451e-11,56
11.25,P_adj,rescale,0.0,2
11.25,P_adj,empty,0.0,2
11.25,P_adj,repair,0.0,2
11.25,P_adj,repairnet,1.0163464326805459e-25,2
11.25,P_adj,inc_left,3.2583510794556625e-12,2
11.25,P_adj,inc_moved,0.04021881443041246,2
11.25,P_adj,led_fix_pbl,9.111122224806161e-26,2
11.25,P_adj,led_fix_free,1.0523421020066986e-26,2
11.25,P_adj,led_fix_evap,0.0,2
11.25,P_adj,led_fix_fcg,0.0,2
11.25,P_adj,led_inc_pbl,0.03723113514875556,2
11.25,P_adj,led_inc_free,0.0010907486397081472,2
11.25,P_adj,led_inc_evap,0.03453743719350108,2
11.25,P_adj,led_inc_fcg,0.00017279513700878797,2
11.25,P_adj,overclaim,0.0,2
11.25,P_far,rescale,0.0,54
11.25,P_far,empty,0.0,54
11.25,P_far,repair,0.0,54
11.25,P_far,repairnet,0.0,54
11.25,P_far,inc_left,7.994277732895747e-12,54
11.25,P_far,inc_moved,0.08465925340100783,54
11.25,P_far,led_fix_pbl,0.0,54
11.25,P_far,led_fix_free,0.0,54
11.25,P_far,led_fix_evap,0.0,54
11.25,P_far,led_fix_fcg,0.0,54
11.25,P_far,led_inc_pbl,0.06745276384169123,54
11.25,P_far,led_inc_free,0.01863953247791818,54
11.25,P_far,led_inc_evap,0.0637963287353968,54
11.25,P_far,led_inc_fcg,0.001522691420279085,54
11.25,P_far,overclaim,1.6453726227324507e-11,54
11.5,N,rescale,0.0,4
11.5,N,empty,0.0,4
11.5,N,repair,0.1263919206213569,4
11.5,N,repairnet,6.0537621930852525,4
11.5,N,inc_left,2.477560957487514e-08,4
11.5,N,inc_moved,83.11950086498716,4
11.5,N,led_fix_pbl,1.7112323272315548,4
11.5,N,led_fix_free,4.595313707096412,4
11.5,N,led_fix_evap,0.0,4
11.5,N,led_fix_fcg,0.0,4
11.5,N,led_inc_pbl,16.967603377443996,4
11.5,N,led_inc_free,72.77124179971264,4
11.5,N,led_inc_evap,8.715493702852417,4
11.5,N,led_inc_fcg,2.3240477605234746,4
11.5,N,overclaim,0.0,4
11.5,P,rescale,0.0,56
11.5,P,empty,0.0,56
11.5,P,repair,0.3610313545872062,56
11.5,P,repairnet,1.3445472090125041e-17,56
11.5,P,inc_left,1.6061575667706158e-08,56
11.5,P,inc_moved,20.658430099194604,56
11.5,P,led_fix_pbl,0.36103135458720526,56
11.5,P,led_fix_free,0.3610313545872069,56
11.5,P,led_fix_evap,0.0,56
11.5,P,led_fix_fcg,0.0,56
11.5,P,led_inc_pbl,13.665175928293012,56
11.5,P,led_inc_free,7.0052884100026995,56
11.5,P,led_inc_evap,12.614436481839865,56
11.5,P,led_inc_fcg,0.502271438666143,56
11.5,P,overclaim,1.9966215895248305,56
11.5,P_adj,rescale,0.0,2
11.5,P_adj,empty,0.0,2
11.5,P_adj,repair,0.0,2
11.5,P_adj,repairnet,1.3445472090125041e-17,2
11.5,P_adj,inc_left,8.584091276323193e-09,2
11.5,P_adj,inc_moved,8.497197174291998,2
11.5,P_adj,led_fix_pbl,3.403090753855126e-18,2
11.5,P_adj,led_fix_free,1.0042381336269915e-17,2
11.5,P_adj,led_fix_evap,0.0,2
11.5,P_adj,led_fix_fcg,0.0,2
11.5,P_adj,led_inc_pbl,5.887005775155302,2
11.5,P_adj,led_inc_free,2.578143807999323,2
11.5,P_adj,led_inc_evap,5.306164426764456,2
11.5,P_adj,led_inc_fcg,0.31566942981316426,2
11.5,P_adj,overclaim,1.9966215894031971,2
11.5,P_far,rescale,0.0,54
11.5,P_far,empty,0.0,54
11.5,P_far,repair,0.3610313545872062,54
11.5,P_far,repairnet,0.0,54
11.5,P_far,inc_left,7.477484391382965e-09,54
11.5,P_far,inc_moved,12.161232924902606,54
11.5,P_far,led_fix_pbl,0.36103135458720526,54
11.5,P_far,led_fix_free,0.3610313545872069,54
11.5,P_far,led_fix_evap,0.0,54
11.5,P_far,led_fix_fcg,0.0,54
11.5,P_far,led_inc_pbl,7.77817015313771,54
11.5,P_far,led_inc_free,4.427144602003376,54
11.5,P_far,led_inc_evap,7.308272055075411,54
11.5,P_far,led_inc_fcg,0.18660200885297876,54
11.5,P_far,overclaim,1.216331613324778e-10,54
11.75,N,rescale,0.0,0
11.75,N,empty,0.0,0
11.75,N,repair,0.0,0
11.75,N,repairnet,0.0,0
11.75,N,inc_left,0.0,0
11.75,N,inc_moved,0.0,0
11.75,N,led_fix_pbl,0.0,0
11.75,N,led_fix_free,0.0,0
11.75,N,led_fix_evap,0.0,0
11.75,N,led_fix_fcg,0.0,0
11.75,N,led_inc_pbl,0.0,0
11.75,N,led_inc_free,0.0,0
11.75,N,led_inc_evap,0.0,0
11.75,N,led_inc_fcg,0.0,0
11.75,N,overclaim,0.0,0
11.75,P,rescale,0.0,60
11.75,P,empty,0.0,60
11.75,P,repair,-0.0008470435774456407,60
11.75,P,repairnet,-0.025147220300900584,60
11.75,P,inc_left,1.466961238950494e-11,60
11.75,P,inc_moved,3.5035816624470733,60
11.75,P,led_fix_pbl,-0.007294221866894612,60
11.75,P,led_fix_free,-0.019547085588897627,60
11.75,P,led_fix_evap,0.0,60
11.75,P,led_fix_fcg,0.0,60
11.75,P,led_inc_pbl,1.4820119519923496,60
11.75,P,led_inc_free,2.1399432842340103,60
11.75,P,led_inc_evap,1.2505786621460655,60
11.75,P,led_inc_fcg,0.1092812123068891,60
11.75,P,overclaim,1.9966215895159862,60
11.75,P_adj,rescale,0.0,0
11.75,P_adj,empty,0.0,0
11.75,P_adj,repair,0.0,0
11.75,P_adj,repairnet,0.0,0
11.75,P_adj,inc_left,0.0,0
11.75,P_adj,inc_moved,0.0,0
11.75,P_adj,led_fix_pbl,0.0,0
11.75,P_adj,led_fix_free,0.0,0
11.75,P_adj,led_fix_evap,0.0,0
11.75,P_adj,led_fix_fcg,0.0,0
11.75,P_adj,led_inc_pbl,0.0,0
11.75,P_adj,led_inc_free,0.0,0
11.75,P_adj,led_inc_evap,0.0,0
11.75,P_adj,led_inc_fcg,0.0,0
11.75,P_adj,overclaim,0.0,0
11.75,P_far,rescale,0.0,60
11.75,P_far,empty,0.0,60
11.75,P_far,repair,-0.0008470435774456407,60
11.75,P_far,repairnet,-0.025147220300900584,60
11.75,P_far,inc_left,1.466961238950494e-11,60
11.75,P_far,inc_moved,3.5035816624470733,60
11.75,P_far,led_fix_pbl,-0.007294221866894612,60
11.75,P_far,led_fix_free,-0.019547085588897627,60
11.75,P_far,led_fix_evap,0.0,60
11.75,P_far,led_fix_fcg,0.0,60
11.75,P_far,led_inc_pbl,1.4820119519923496,60
11.75,P_far,led_inc_free,2.1399432842340103,60
11.75,P_far,led_inc_evap,1.2505786621460655,60
11.75,P_far,led_inc_fcg,0.1092812123068891,60
11.75,P_far,overclaim,1.9966215895159862,60
12.0,N,rescale,0.0,0
12.0,N,empty,0.0,0
12.0,N,repair,0.0,0
12.0,N,repairnet,0.0,0
12.0,N,inc_left,0.0,0
12.0,N,inc_moved,0.0,0
12.0,N,led_fix_pbl,0.0,0
12.0,N,led_fix_free,0.0,0
12.0,N,led_fix_evap,0.0,0
12.0,N,led_fix_fcg,0.0,0
12.0,N,led_inc_pbl,0.0,0
12.0,N,led_inc_free,0.0,0
12.0,N,led_inc_evap,0.0,0
12.0,N,led_inc_fcg,0.0,0
12.0,N,overclaim,0.0,0
12.0,P,rescale,0.0,60
12.0,P,empty,0.0,60
12.0,P,repair,-0.0005780614241984684,60
12.0,P,repairnet,-0.01361812018278025,60
12.0,P,inc_left,-9.11382680677812e-12,60
12.0,P,inc_moved,0.2591564184010967,60
12.0,P,led_fix_pbl,-0.003944892244049391,60
12.0,P,led_fix_free,-0.010829350787127984,60
12.0,P,led_fix_evap,0.0,60
12.0,P,led_fix_fcg,0.0,60
12.0,P,led_inc_pbl,0.4794974690249624,60
12.0,P,led_inc_free,-0.1497128136954773,60
12.0,P,led_inc_evap,0.4564973995054821,60
12.0,P,led_inc_fcg,0.020230243356468513,60
12.0,P,overclaim,1.9869406304294248,60
12.0,P_adj,rescale,0.0,0
12.0,P_adj,empty,0.0,0
12.0,P_adj,repair,0.0,0
12.0,P_adj,repairnet,0.0,0
12.0,P_adj,inc_left,0.0,0
12.0,P_adj,inc_moved,0.0,0
12.0,P_adj,led_fix_pbl,0.0,0
12.0,P_adj,led_fix_free,0.0,0
12.0,P_adj,led_fix_evap,0.0,0
12.0,P_adj,led_fix_fcg,0.0,0
12.0,P_adj,led_inc_pbl,0.0,0
12.0,P_adj,led_inc_free,0.0,0
12.0,P_adj,led_inc_evap,0.0,0
12.0,P_adj,led_inc_fcg,0.0,0
12.0,P_adj,overclaim,0.0,0
12.0,P_far,rescale,0.0,60
12.0,P_far,empty,0.0,60
12.0,P_far,repair,-0.0005780614241984684,60
12.0,P_far,repairnet,-0.01361812018278025,60
12.0,P_far,inc_left,-9.11382680677812e-12,60
12.0,P_far,inc_moved,0.2591564184010967,60
12.0,P_far,led_fix_pbl,-0.003944892244049391,60
12.0,P_far,led_fix_free,-0.010829350787127984,60
12.0,P_far,led_fix_evap,0.0,60
12.0,P_far,led_fix_fcg,0.0,60
12.0,P_far,led_inc_pbl,0.4794974690249624,60
12.0,P_far,led_inc_free,-0.1497128136954773,60
12.0,P_far,led_inc_evap,0.4564973995054821,60
12.0,P_far,led_inc_fcg,0.020230243356468513,60
12.0,P_far,overclaim,1.9869406304294248,60
12.25,N,rescale,0.0,0
12.25,N,empty,0.0,0
12.25,N,repair,0.0,0
12.25,N,repairnet,0.0,0
12.25,N,inc_left,0.0,0
12.25,N,inc_moved,0.0,0
12.25,N,led_fix_pbl,0.0,0
12.25,N,led_fix_free,0.0,0
12.25,N,led_fix_evap,0.0,0
12.25,N,led_fix_fcg,0.0,0
12.25,N,led_inc_pbl,0.0,0
12.25,N,led_inc_free,0.0,0
12.25,N,led_inc_evap,0.0,0
12.25,N,led_inc_fcg,0.0,0
12.25,N,overclaim,0.0,0
12.25,P,rescale,0.0,60
12.25,P,empty,0.0,60
12.25,P,repair,-0.0004414451775540349,60
12.25,P,repairnet,-0.010381502418415641,60
12.25,P,inc_left,-2.096657828890698e-11,60
12.25,P,inc_moved,0.10856474133176663,60
12.25,P,led_fix_pbl,-0.0030115215516010314,60
12.25,P,led_fix_free,-0.008252871221922913,60
12.25,P,led_fix_evap,0.0,60
12.25,P,led_fix_fcg,0.0,60
12.25,P,led_inc_pbl,0.2762602954334678,60
12.25,P,led_inc_free,-0.13750289507931904,60
12.25,P,led_inc_evap,0.2773979519910642,60
12.25,P,led_inc_fcg,0.009712631526259357,60
12.25,P,overclaim,1.9682275447882691,60
12.25,P_adj,rescale,0.0,0
12.25,P_adj,empty,0.0,0
12.25,P_adj,repair,0.0,0
12.25,P_adj,repairnet,0.0,0
12.25,P_adj,inc_left,0.0,0
12.25,P_adj,inc_moved,0.0,0
12.25,P_adj,led_fix_pbl,0.0,0
12.25,P_adj,led_fix_free,0.0,0
12.25,P_adj,led_fix_evap,0.0,0
12.25,P_adj,led_fix_fcg,0.0,0
12.25,P_adj,led_inc_pbl,0.0,0
12.25,P_adj,led_inc_free,0.0,0
12.25,P_adj,led_inc_evap,0.0,0
12.25,P_adj,led_inc_fcg,0.0,0
12.25,P_adj,overclaim,0.0,0
12.25,P_far,rescale,0.0,60
12.25,P_far,empty,0.0,60
12.25,P_far,repair,-0.0004414451775540349,60
12.25,P_far,repairnet,-0.010381502418415641,60
12.25,P_far,inc_left,-2.096657828890698e-11,60
12.25,P_far,inc_moved,0.10856474133176663,60
12.25,P_far,led_fix_pbl,-0.0030115215516010314,60
12.25,P_far,led_fix_free,-0.008252871221922913,60
12.25,P_far,led_fix_evap,0.0,60
12.25,P_far,led_fix_fcg,0.0,60
12.25,P_far,led_inc_pbl,0.2762602954334678,60
12.25,P_far,led_inc_free,-0.13750289507931904,60
12.25,P_far,led_inc_evap,0.2773979519910642,60
12.25,P_far,led_inc_fcg,0.009712631526259357,60
12.25,P_far,overclaim,1.9682275447882691,60
12.5,N,rescale,0.0,0
12.5,N,empty,0.0,0
12.5,N,repair,0.0,0
12.5,N,repairnet,0.0,0
12.5,N,inc_left,0.0,0
12.5,N,inc_moved,0.0,0
12.5,N,led_fix_pbl,0.0,0
12.5,N,led_fix_free,0.0,0
12.5,N,led_fix_evap,0.0,0
12.5,N,led_fix_fcg,0.0,0
12.5,N,led_inc_pbl,0.0,0
12.5,N,led_inc_free,0.0,0
12.5,N,led_inc_evap,0.0,0
12.5,N,led_inc_fcg,0.0,0
12.5,N,overclaim,0.0,0
12.5,P,rescale,0.0,60
12.5,P,empty,0.0,60
12.5,P,repair,-0.00036577504039989864,60
12.5,P,repairnet,-0.00921605276620594,60
12.5,P,inc_left,-2.9492093343258324e-11,60
12.5,P,inc_moved,0.039887905079925984,60
12.5,P,led_fix_pbl,-0.0026805793993939122,60
12.5,P,led_fix_free,-0.007267023447611825,60
12.5,P,led_fix_evap,0.0,60
12.5,P,led_fix_fcg,0.0,60
12.5,P,led_inc_pbl,0.1746563944456068,60
12.5,P,led_inc_free,-0.12582002158093175,60
12.5,P,led_inc_evap,0.18340115178099528,60
12.5,P,led_inc_fcg,0.003923467236022475,60
12.5,P,overclaim,1.9481735996208915,60
12.5,P_adj,rescale,0.0,0
12.5,P_adj,empty,0.0,0
12.5,P_adj,repair,0.0,0
12.5,P_adj,repairnet,0.0,0
12.5,P_adj,inc_left,0.0,0
12.5,P_adj,inc_moved,0.0,0
12.5,P_adj,led_fix_pbl,0.0,0
12.5,P_adj,led_fix_free,0.0,0
12.5,P_adj,led_fix_evap,0.0,0
12.5,P_adj,led_fix_fcg,0.0,0
12.5,P_adj,led_inc_pbl,0.0,0
12.5,P_adj,led_inc_free,0.0,0
12.5,P_adj,led_inc_evap,0.0,0
12.5,P_adj,led_inc_fcg,0.0,0
12.5,P_adj,overclaim,0.0,0
12.5,P_far,rescale,0.0,60
12.5,P_far,empty,0.0,60
12.5,P_far,repair,-0.00036577504039989864,60
12.5,P_far,repairnet,-0.00921605276620594,60
12.5,P_far,inc_left,-2.9492093343258324e-11,60
12.5,P_far,inc_moved,0.039887905079925984,60
12.5,P_far,led_fix_pbl,-0.0026805793993939122,60
12.5,P_far,led_fix_free,-0.007267023447611825,60
12.5,P_far,led_fix_evap,0.0,60
12.5,P_far,led_fix_fcg,0.0,60
12.5,P_far,led_inc_pbl,0.1746563944456068,60
12.5,P_far,led_inc_free,-0.12582002158093175,60
12.5,P_far,led_inc_evap,0.18340115178099528,60
12.5,P_far,led_inc_fcg,0.003923467236022475,60
12.5,P_far,overclaim,1.9481735996208915,60
12.75,N,rescale,0.0,0
12.75,N,empty,0.0,0
12.75,N,repair,0.0,0
12.75,N,repairnet,0.0,0
12.75,N,inc_left,0.0,0
12.75,N,inc_moved,0.0,0
12.75,N,led_fix_pbl,0.0,0
12.75,N,led_fix_free,0.0,0
12.75,N,led_fix_evap,0.0,0
12.75,N,led_fix_fcg,0.0,0
12.75,N,led_inc_pbl,0.0,0
12.75,N,led_inc_free,0.0,0
12.75,N,led_inc_evap,0.0,0
12.75,N,led_inc_fcg,0.0,0
12.75,N,overclaim,0.0,0
12.75,P,rescale,0.0,60
12.75,P,empty,0.0,60
12.75,P,repair,-0.000316169417802978,60
12.75,P,repairnet,-0.008578681049045913,60
12.75,P,inc_left,-3.33533331003182e-11,60
12.75,P,inc_moved,-0.0007000398185229489,60
12.75,P,led_fix_pbl,-0.002500441937462419,60
12.75,P,led_fix_free,-0.006710577947189316,60
12.75,P,led_fix_evap,0.0,60
12.75,P,led_fix_fcg,0.0,60
12.75,P,led_inc_pbl,0.11135223545968627,60
12.75,P,led_inc_free,-0.11250488093619081,60
12.75,P,led_inc_evap,0.12265309315355377,60
12.75,P,led_inc_fcg,0.0006029580121418611,60
12.75,P,overclaim,1.9294388820985708,60
12.75,P_adj,rescale,0.0,0
12.75,P_adj,empty,0.0,0
12.75,P_adj,repair,0.0,0
12.75,P_adj,repairnet,0.0,0
12.75,P_adj,inc_left,0.0,0
12.75,P_adj,inc_moved,0.0,0
12.75,P_adj,led_fix_pbl,0.0,0
12.75,P_adj,led_fix_free,0.0,0
12.75,P_adj,led_fix_evap,0.0,0
12.75,P_adj,led_fix_fcg,0.0,0
12.75,P_adj,led_inc_pbl,0.0,0
12.75,P_adj,led_inc_free,0.0,0
12.75,P_adj,led_inc_evap,0.0,0
12.75,P_adj,led_inc_fcg,0.0,0
12.75,P_adj,overclaim,0.0,0
12.75,P_far,rescale,0.0,60
12.75,P_far,empty,0.0,60
12.75,P_far,repair,-0.000316169417802978,60
12.75,P_far,repairnet,-0.008578681049045913,60
12.75,P_far,inc_left,-3.33533331003182e-11,60
12.75,P_far,inc_moved,-0.0007000398185229489,60
12.75,P_far,led_fix_pbl,-0.002500441937462419,60
12.75,P_far,led_fix_free,-0.006710577947189316,60
12.75,P_far,led_fix_evap,0.0,60
12.75,P_far,led_fix_fcg,0.0,60
12.75,P_far,led_inc_pbl,0.11135223545968627,60
12.75,P_far,led_inc_free,-0.11250488093619081,60
12.75,P_far,led_inc_evap,0.12265309315355377,60
12.75,P_far,led_inc_fcg,0.0006029580121418611,60
12.75,P_far,overclaim,1.9294388820985708,60
13.0,N,rescale,0.0,0
13.0,N,empty,0.0,0
13.0,N,repair,0.0,0
13.0,N,repairnet,0.0,0
13.0,N,inc_left,0.0,0
13.0,N,inc_moved,0.0,0
13.0,N,led_fix_pbl,0.0,0
13.0,N,led_fix_free,0.0,0
13.0,N,led_fix_evap,0.0,0
13.0,N,led_fix_fcg,0.0,0
13.0,N,led_inc_pbl,0.0,0
13.0,N,led_inc_free,0.0,0
13.0,N,led_inc_evap,0.0,0
13.0,N,led_inc_fcg,0.0,0
13.0,N,overclaim,0.0,0
13.0,P,rescale,0.0,60
13.0,P,empty,0.0,60
13.0,P,repair,-0.0002793655231892591,60
13.0,P,repairnet,-0.008073928435372996,60
13.0,P,inc_left,-3.4034928408586095e-11,60
13.0,P,inc_moved,-0.006447800252606302,60
13.0,P,led_fix_pbl,-0.002357468324059684,60
13.0,P,led_fix_free,-0.006275191157691102,60
13.0,P,led_fix_evap,0.0,60
13.0,P,led_fix_fcg,0.0,60
13.0,P,led_inc_pbl,0.08784786986580213,60
13.0,P,led_inc_free,-0.0974279866591264,60
13.0,P,led_inc_evap,0.09898044806925231,60
13.0,P,led_inc_fcg,-0.0005182593736280554,60
13.0,P,overclaim,1.913033068451458,60
13.0,P_adj,rescale,0.0,0
13.0,P_adj,empty,0.0,0
13.0,P_adj,repair,0.0,0
13.0,P_adj,repairnet,0.0,0
13.0,P_adj,inc_left,0.0,0
13.0,P_adj,inc_moved,0.0,0
13.0,P_adj,led_fix_pbl,0.0,0
13.0,P_adj,led_fix_free,0.0,0
13.0,P_adj,led_fix_evap,0.0,0
13.0,P_adj,led_fix_fcg,0.0,0
13.0,P_adj,led_inc_pbl,0.0,0
13.0,P_adj,led_inc_free,0.0,0
13.0,P_adj,led_inc_evap,0.0,0
13.0,P_adj,led_inc_fcg,0.0,0
13.0,P_adj,overclaim,0.0,0
13.0,P_far,rescale,0.0,60
13.0,P_far,empty,0.0,60
13.0,P_far,repair,-0.0002793655231892591,60
13.0,P_far,repairnet,-0.008073928435372996,60
13.0,P_far,inc_left,-3.4034928408586095e-11,60
13.0,P_far,inc_moved,-0.006447800252606302,60
13.0,P_far,led_fix_pbl,-0.002357468324059684,60
13.0,P_far,led_fix_free,-0.006275191157691102,60
13.0,P_far,led_fix_evap,0.0,60
13.0,P_far,led_fix_fcg,0.0,60
13.0,P_far,led_inc_pbl,0.08784786986580213,60
13.0,P_far,led_inc_free,-0.0974279866591264,60
13.0,P_far,led_inc_evap,0.09898044806925231,60
13.0,P_far,led_inc_fcg,-0.0005182593736280554,60
13.0,P_far,overclaim,1.913033068451458,60
13.25,N,rescale,0.0,0
13.25,N,empty,0.0,0
13.25,N,repair,0.0,0
13.25,N,repairnet,0.0,0
13.25,N,inc_left,0.0,0
13.25,N,inc_moved,0.0,0
13.25,N,led_fix_pbl,0.0,0
13.25,N,led_fix_free,0.0,0
13.25,N,led_fix_evap,0.0,0
13.25,N,led_fix_fcg,0.0,0
13.25,N,led_inc_pbl,0.0,0
13.25,N,led_inc_free,0.0,0
13.25,N,led_inc_evap,0.0,0
13.25,N,led_inc_fcg,0.0,0
13.25,N,overclaim,0.0,0
13.25,P,rescale,0.0,60
13.25,P,empty,0.0,60
13.25,P,repair,-0.0002419487357634377,60
13.25,P,repairnet,-0.00750299482095662,60
13.25,P,inc_left,-3.253365930046513e-11,60
13.25,P,inc_moved,-0.0031141368354727626,60
13.25,P,led_fix_pbl,-0.0021892784613763805,60
13.25,P,led_fix_free,-0.005797613831107817,60
13.25,P,led_fix_evap,0.0,60
13.25,P,led_fix_fcg,0.0,60
13.25,P,led_inc_pbl,0.07442278301700331,60
13.25,P,led_inc_free,-0.08216743097515654,60
13.25,P,led_inc_evap,0.08470793674816071,60
13.25,P,led_inc_fcg,-0.0008460850684457522,60
13.25,P,overclaim,1.8990972633198948,60
13.25,P_adj,rescale,0.0,0
13.25,P_adj,empty,0.0,0
13.25,P_adj,repair,0.0,0
13.25,P_adj,repairnet,0.0,0
13.25,P_adj,inc_left,0.0,0
13.25,P_adj,inc_moved,0.0,0
13.25,P_adj,led_fix_pbl,0.0,0
13.25,P_adj,led_fix_free,0.0,0
13.25,P_adj,led_fix_evap,0.0,0
13.25,P_adj,led_fix_fcg,0.0,0
13.25,P_adj,led_inc_pbl,0.0,0
13.25,P_adj,led_inc_free,0.0,0
13.25,P_adj,led_inc_evap,0.0,0
13.25,P_adj,led_inc_fcg,0.0,0
13.25,P_adj,overclaim,0.0,0
13.25,P_far,rescale,0.0,60
13.25,P_far,empty,0.0,60
13.25,P_far,repair,-0.0002419487357634377,60
13.25,P_far,repairnet,-0.00750299482095662,60
13.25,P_far,inc_left,-3.253365930046513e-11,60
13.25,P_far,inc_moved,-0.0031141368354727626,60
13.25,P_far,led_fix_pbl,-0.0021892784613763805,60
13.25,P_far,led_fix_free,-0.005797613831107817,60
13.25,P_far,led_fix_evap,0.0,60
13.25,P_far,led_fix_fcg,0.0,60
13.25,P_far,led_inc_pbl,0.07442278301700331,60
13.25,P_far,led_inc_free,-0.08216743097515654,60
13.25,P_far,led_inc_evap,0.08470793674816071,60
13.25,P_far,led_inc_fcg,-0.0008460850684457522,60
13.25,P_far,overclaim,1.8990972633198948,60
13.5,N,rescale,0.0,0
13.5,N,empty,0.0,0
13.5,N,repair,0.0,0
13.5,N,repairnet,0.0,0
13.5,N,inc_left,0.0,0
13.5,N,inc_moved,0.0,0
13.5,N,led_fix_pbl,0.0,0
13.5,N,led_fix_free,0.0,0
13.5,N,led_fix_evap,0.0,0
13.5,N,led_fix_fcg,0.0,0
13.5,N,led_inc_pbl,0.0,0
13.5,N,led_inc_free,0.0,0
13.5,N,led_inc_evap,0.0,0
13.5,N,led_inc_fcg,0.0,0
13.5,N,overclaim,0.0,0
13.5,P,rescale,0.0,60
13.5,P,empty,0.0,60
13.5,P,repair,-0.00022361128468222086,60
13.5,P,repairnet,-0.0068957850394090105,60
13.5,P,inc_left,-2.952285127777467e-11,60
13.5,P,inc_moved,0.02459553584501707,60
13.5,P,led_fix_pbl,-0.002025312680286172,60
13.5,P,led_fix_free,-0.005317694928487137,60
13.5,P,led_fix_evap,0.0,60
13.5,P,led_fix_fcg,0.0,60
13.5,P,led_inc_pbl,0.08816715660216702,60
13.5,P,led_inc_free,-0.0669337815158178,60
13.5,P,led_inc_evap,0.095648932512696,60
13.5,P,led_inc_fcg,-7.27010215637975e-05,60
13.5,P,overclaim,1.8872935843254603,60
13.5,P_adj,rescale,0.0,0
13.5,P_adj,empty,0.0,0
13.5,P_adj,repair,0.0,0
13.5,P_adj,repairnet,0.0,0
13.5,P_adj,inc_left,0.0,0
13.5,P_adj,inc_moved,0.0,0
13.5,P_adj,led_fix_pbl,0.0,0
13.5,P_adj,led_fix_free,0.0,0
13.5,P_adj,led_fix_evap,0.0,0
13.5,P_adj,led_fix_fcg,0.0,0
13.5,P_adj,led_inc_pbl,0.0,0
13.5,P_adj,led_inc_free,0.0,0
13.5,P_adj,led_inc_evap,0.0,0
13.5,P_adj,led_inc_fcg,0.0,0
13.5,P_adj,overclaim,0.0,0
13.5,P_far,rescale,0.0,60
13.5,P_far,empty,0.0,60
13.5,P_far,repair,-0.00022361128468222086,60
13.5,P_far,repairnet,-0.0068957850394090105,60
13.5,P_far,inc_left,-2.952285127777467e-11,60
13.5,P_far,inc_moved,0.02459553584501707,60
13.5,P_far,led_fix_pbl,-0.002025312680286172,60
13.5,P_far,led_fix_free,-0.005317694928487137,60
13.5,P_far,led_fix_evap,0.0,60
13.5,P_far,led_fix_fcg,0.0,60
13.5,P_far,led_inc_pbl,0.08816715660216702,60
13.5,P_far,led_inc_free,-0.0669337815158178,60
13.5,P_far,led_inc_evap,0.095648932512696,60
13.5,P_far,led_inc_fcg,-7.27010215637975e-05,60
13.5,P_far,overclaim,1.8872935843254603,60
13.75,N,rescale,0.0,0
13.75,N,empty,0.0,0
13.75,N,repair,0.0,0
13.75,N,repairnet,0.0,0
13.75,N,inc_left,0.0,0
13.75,N,inc_moved,0.0,0
13.75,N,led_fix_pbl,0.0,0
13.75,N,led_fix_free,0.0,0
13.75,N,led_fix_evap,0.0,0
13.75,N,led_fix_fcg,0.0,0
13.75,N,led_inc_pbl,0.0,0
13.75,N,led_inc_free,0.0,0
13.75,N,led_inc_evap,0.0,0
13.75,N,led_inc_fcg,0.0,0
13.75,N,overclaim,0.0,0
13.75,P,rescale,0.0,60
13.75,P,empty,0.0,60
13.75,P,repair,-0.00019899374931557702,60
13.75,P,repairnet,-0.005631430058487255,60
13.75,P,inc_left,-2.2340366786292686e-11,60
13.75,P,inc_moved,0.04820314278835858,60
13.75,P,led_fix_pbl,-0.0016746353151004013,60
13.75,P,led_fix_free,-0.004354782242018271,60
13.75,P,led_fix_evap,0.0,60
13.75,P,led_fix_fcg,0.0,60
13.75,P,led_inc_pbl,0.09316919885178104,60
13.75,P,led_inc_free,-0.045502109741727456,60
13.75,P,led_inc_evap,0.0962952124861984,60
13.75,P,led_inc_fcg,0.001660139077094855,60
13.75,P,overclaim,1.8770412709529254,60
13.75,P_adj,rescale,0.0,0
13.75,P_adj,empty,0.0,0
13.75,P_adj,repair,0.0,0
13.75,P_adj,repairnet,0.0,0
13.75,P_adj,inc_left,0.0,0
13.75,P_adj,inc_moved,0.0,0
13.75,P_adj,led_fix_pbl,0.0,0
13.75,P_adj,led_fix_free,0.0,0
13.75,P_adj,led_fix_evap,0.0,0
13.75,P_adj,led_fix_fcg,0.0,0
13.75,P_adj,led_inc_pbl,0.0,0
13.75,P_adj,led_inc_free,0.0,0
13.75,P_adj,led_inc_evap,0.0,0
13.75,P_adj,led_inc_fcg,0.0,0
13.75,P_adj,overclaim,0.0,0
13.75,P_far,rescale,0.0,60
13.75,P_far,empty,0.0,60
13.75,P_far,repair,-0.00019899374931557702,60
13.75,P_far,repairnet,-0.005631430058487255,60
13.75,P_far,inc_left,-2.2340366786292686e-11,60
13.75,P_far,inc_moved,0.04820314278835858,60
13.75,P_far,led_fix_pbl,-0.0016746353151004013,60
13.75,P_far,led_fix_free,-0.004354782242018271,60
13.75,P_far,led_fix_evap,0.0,60
13.75,P_far,led_fix_fcg,0.0,60
13.75,P_far,led_inc_pbl,0.09316919885178104,60
13.75,P_far,led_inc_free,-0.045502109741727456,60
13.75,P_far,led_inc_evap,0.0962952124861984,60
13.75,P_far,led_inc_fcg,0.001660139077094855,60
13.75,P_far,overclaim,1.8770412709529254,60
14.0,N,rescale,0.0,0
14.0,N,empty,0.0,0
14.0,N,repair,0.0,0
14.0,N,repairnet,0.0,0
14.0,N,inc_left,0.0,0
14.0,N,inc_moved,0.0,0
14.0,N,led_fix_pbl,0.0,0
14.0,N,led_fix_free,0.0,0
14.0,N,led_fix_evap,0.0,0
14.0,N,led_fix_fcg,0.0,0
14.0,N,led_inc_pbl,0.0,0
14.0,N,led_inc_free,0.0,0
14.0,N,led_inc_evap,0.0,0
14.0,N,led_inc_fcg,0.0,0
14.0,N,overclaim,0.0,0
14.0,P,rescale,0.0,60
14.0,P,empty,0.0,60
14.0,P,repair,-0.0001545119873116909,60
14.0,P,repairnet,-0.004195457016410273,60
14.0,P,inc_left,-1.3899831083938493e-11,60
14.0,P,inc_moved,0.027716494681918058,60
14.0,P,led_fix_pbl,-0.0012572268211943735,60
14.0,P,led_fix_free,-0.003247254169839111,60
14.0,P,led_fix_evap,0.0,60
14.0,P,led_fix_fcg,0.0,60
14.0,P,led_inc_pbl,0.05782250074885339,60
14.0,P,led_inc_free,-0.03155259223930803,60
14.0,P,led_inc_evap,0.06073458878414753,60
14.0,P,led_inc_fcg,0.0011910449599368254,60
14.0,P,overclaim,1.86773570328453,60
14.0,P_adj,rescale,0.0,0
14.0,P_adj,empty,0.0,0
14.0,P_adj,repair,0.0,0
14.0,P_adj,repairnet,0.0,0
14.0,P_adj,inc_left,0.0,0
14.0,P_adj,inc_moved,0.0,0
14.0,P_adj,led_fix_pbl,0.0,0
14.0,P_adj,led_fix_free,0.0,0
14.0,P_adj,led_fix_evap,0.0,0
14.0,P_adj,led_fix_fcg,0.0,0
14.0,P_adj,led_inc_pbl,0.0,0
14.0,P_adj,led_inc_free,0.0,0
14.0,P_adj,led_inc_evap,0.0,0
14.0,P_adj,led_inc_fcg,0.0,0
14.0,P_adj,overclaim,0.0,0
14.0,P_far,rescale,0.0,60
14.0,P_far,empty,0.0,60
14.0,P_far,repair,-0.0001545119873116909,60
14.0,P_far,repairnet,-0.004195457016410273,60
14.0,P_far,inc_left,-1.3899831083938493e-11,60
14.0,P_far,inc_moved,0.027716494681918058,60
14.0,P_far,led_fix_pbl,-0.0012572268211943735,60
14.0,P_far,led_fix_free,-0.003247254169839111,60
14.0,P_far,led_fix_evap,0.0,60
14.0,P_far,led_fix_fcg,0.0,60
14.0,P_far,led_inc_pbl,0.05782250074885339,60
14.0,P_far,led_inc_free,-0.03155259223930803,60
14.0,P_far,led_inc_evap,0.06073458878414753,60
14.0,P_far,led_inc_fcg,0.0011910449599368254,60
14.0,P_far,overclaim,1.86773570328453,60
14.25,N,rescale,0.0,0
14.25,N,empty,0.0,0
14.25,N,repair,0.0,0
14.25,N,repairnet,0.0,0
14.25,N,inc_left,0.0,0
14.25,N,inc_moved,0.0,0
14.25,N,led_fix_pbl,0.0,0
14.25,N,led_fix_free,0.0,0
14.25,N,led_fix_evap,0.0,0
14.25,N,led_fix_fcg,0.0,0
14.25,N,led_inc_pbl,0.0,0
14.25,N,led_inc_free,0.0,0
14.25,N,led_inc_evap,0.0,0
14.25,N,led_inc_fcg,0.0,0
14.25,N,overclaim,0.0,0
14.25,P,rescale,0.0,60
14.25,P,empty,0.0,60
14.25,P,repair,-0.000124030447086568,60
14.25,P,repairnet,-0.0032513244352251774,60
14.25,P,inc_left,-8.238121646913122e-12,60
14.25,P,inc_moved,0.06732840402287685,60
14.25,P,led_fix_pbl,-0.0009840763052950273,60
14.25,P,led_fix_free,-0.0025153090241031633,60
14.25,P,led_fix_evap,0.0,60
14.25,P,led_fix_fcg,0.0,60
14.25,P,led_inc_pbl,0.08297699847770072,60
14.25,P,led_inc_free,-0.015813092547294565,60
14.25,P,led_inc_evap,0.0842245236291769,60
14.25,P,led_inc_fcg,0.0021308402692439337,60
14.25,P,overclaim,1.8588258804409372,60
14.25,P_adj,rescale,0.0,0
14.25,P_adj,empty,0.0,0
14.25,P_adj,repair,0.0,0
14.25,P_adj,repairnet,0.0,0
14.25,P_adj,inc_left,0.0,0
14.25,P_adj,inc_moved,0.0,0
14.25,P_adj,led_fix_pbl,0.0,0
14.25,P_adj,led_fix_free,0.0,0
14.25,P_adj,led_fix_evap,0.0,0
14.25,P_adj,led_fix_fcg,0.0,0
14.25,P_adj,led_inc_pbl,0.0,0
14.25,P_adj,led_inc_free,0.0,0
14.25,P_adj,led_inc_evap,0.0,0
14.25,P_adj,led_inc_fcg,0.0,0
14.25,P_adj,overclaim,0.0,0
14.25,P_far,rescale,0.0,60
14.25,P_far,empty,0.0,60
14.25,P_far,repair,-0.000124030447086568,60
14.25,P_far,repairnet,-0.0032513244352251774,60
14.25,P_far,inc_left,-8.238121646913122e-12,60
14.25,P_far,inc_moved,0.06732840402287685,60
14.25,P_far,led_fix_pbl,-0.0009840763052950273,60
14.25,P_far,led_fix_free,-0.0025153090241031633,60
14.25,P_far,led_fix_evap,0.0,60
14.25,P_far,led_fix_fcg,0.0,60
14.25,P_far,led_inc_pbl,0.08297699847770072,60
14.25,P_far,led_inc_free,-0.015813092547294565,60
14.25,P_far,led_inc_evap,0.0842245236291769,60
14.25,P_far,led_inc_fcg,0.0021308402692439337,60
14.25,P_far,overclaim,1.8588258804409372,60
14.5,N,rescale,0.0,0
14.5,N,empty,0.0,0
14.5,N,repair,0.0,0
14.5,N,repairnet,0.0,0
14.5,N,inc_left,0.0,0
14.5,N,inc_moved,0.0,0
14.5,N,led_fix_pbl,0.0,0
14.5,N,led_fix_free,0.0,0
14.5,N,led_fix_evap,0.0,0
14.5,N,led_fix_fcg,0.0,0
14.5,N,led_inc_pbl,0.0,0
14.5,N,led_inc_free,0.0,0
14.5,N,led_inc_evap,0.0,0
14.5,N,led_inc_fcg,0.0,0
14.5,N,overclaim,0.0,0
14.5,P,rescale,0.0,60
14.5,P,empty,0.0,60
14.5,P,repair,-0.00010005336731199243,60
14.5,P,repairnet,-0.0025246021613886216,60
14.5,P,inc_left,-3.7717314795562075e-12,60
14.5,P,inc_moved,0.04871435088018123,60
14.5,P,led_fix_pbl,-0.000773562251460755,60
14.5,P,led_fix_free,-0.0019511466445517765,60
14.5,P,led_fix_evap,0.0,60
14.5,P,led_fix_fcg,0.0,60
14.5,P,led_inc_pbl,0.057933895353902594,60
14.5,P,led_inc_free,-0.0104894390452682,60
14.5,P,led_inc_evap,0.059881986203240936,60
14.5,P,led_inc_fcg,0.0013818629736111997,60
14.5,P,overclaim,1.84988611154022,60
14.5,P_adj,rescale,0.0,0
14.5,P_adj,empty,0.0,0
14.5,P_adj,repair,0.0,0
14.5,P_adj,repairnet,0.0,0
14.5,P_adj,inc_left,0.0,0
14.5,P_adj,inc_moved,0.0,0
14.5,P_adj,led_fix_pbl,0.0,0
14.5,P_adj,led_fix_free,0.0,0
14.5,P_adj,led_fix_evap,0.0,0
14.5,P_adj,led_fix_fcg,0.0,0
14.5,P_adj,led_inc_pbl,0.0,0
14.5,P_adj,led_inc_free,0.0,0
14.5,P_adj,led_inc_evap,0.0,0
14.5,P_adj,led_inc_fcg,0.0,0
14.5,P_adj,overclaim,0.0,0
14.5,P_far,rescale,0.0,60
14.5,P_far,empty,0.0,60
14.5,P_far,repair,-0.00010005336731199243,60
14.5,P_far,repairnet,-0.0025246021613886216,60
14.5,P_far,inc_left,-3.7717314795562075e-12,60
14.5,P_far,inc_moved,0.04871435088018123,60
14.5,P_far,led_fix_pbl,-0.000773562251460755,60
14.5,P_far,led_fix_free,-0.0019511466445517765,60
14.5,P_far,led_fix_evap,0.0,60
14.5,P_far,led_fix_fcg,0.0,60
14.5,P_far,led_inc_pbl,0.057933895353902594,60
14.5,P_far,led_inc_free,-0.0104894390452682,60
14.5,P_far,led_inc_evap,0.059881986203240936,60
14.5,P_far,led_inc_fcg,0.0013818629736111997,60
14.5,P_far,overclaim,1.84988611154022,60
14.75,N,rescale,0.0,1
14.75,N,empty,0.0,1
14.75,N,repair,0.0,1
14.75,N,repairnet,8.761202061588611e-06,1
14.75,N,inc_left,-2.3534899486210724e-12,1
14.75,N,inc_moved,-0.0027633966782197017,1
14.75,N,led_fix_pbl,8.654733747674941e-06,1
14.75,N,led_fix_free,1.064683139136697e-07,1
14.75,N,led_fix_evap,0.0,1
14.75,N,led_fix_fcg,0.0,1
14.75,N,led_inc_pbl,-0.0026909626254952176,1
14.75,N,led_inc_free,-6.91804167004084e-05,1
14.75,N,led_inc_evap,-0.0024219438297566026,1
14.75,N,led_inc_fcg,1.3241306000898454e-06,1
14.75,N,overclaim,0.0012703041895318129,1
14.75,P,rescale,0.0,59
14.75,P,empty,0.0,59
14.75,P,repair,-8.244640842195622e-05,59
14.75,P,repairnet,-0.0020314145300598576,59
14.75,P,inc_left,9.405295157722253e-13,59
14.75,P,inc_moved,0.08029089713651132,59
14.75,P,led_fix_pbl,-0.0006288177618901345,59
14.75,P,led_fix_free,-0.0015674895850138933,59
14.75,P,led_fix_evap,0.0,59
14.75,P,led_fix_fcg,0.0,59
14.75,P,led_inc_pbl,0.08163128974520267,59
14.75,P,led_inc_free,-0.0015747285649546172,59
14.75,P,led_inc_evap,0.08217316261122677,59
14.75,P,led_inc_fcg,0.0021879510618959337,59
14.75,P,overclaim,1.8406278886583365,59
14.75,P_adj,rescale,0.0,2
14.75,P_adj,empty,0.0,2
14.75,P_adj,repair,0.0,2
14.75,P_adj,repairnet,0.0,2
14.75,P_adj,inc_left,3.510036819917984e-14,2
14.75,P_adj,inc_moved,0.02519959451905391,2
14.75,P_adj,led_fix_pbl,0.0,2
14.75,P_adj,led_fix_free,0.0,2
14.75,P_adj,led_fix_evap,0.0,2
14.75,P_adj,led_fix_fcg,0.0,2
14.75,P_adj,led_inc_pbl,0.024931814635552513,2
14.75,P_adj,led_inc_free,0.00023283924113039182,2
14.75,P_adj,led_inc_evap,0.025146058326618162,2
14.75,P_adj,led_inc_fcg,6.518788178592436e-05,2
14.75,P_adj,overclaim,1.8406278885941942,2
14.75,P_far,rescale,0.0,57
14.75,P_far,empty,0.0,57
14.75,P_far,repair,-8.244640842195622e-05,57
14.75,P_far,repairnet,-0.0020314145300598576,57
14.75,P_far,inc_left,9.054291475730452e-13,57
14.75,P_far,inc_moved,0.05509130261745739,57
14.75,P_far,led_fix_pbl,-0.0006288177618901344,57
14.75,P_far,led_fix_free,-0.0015674895850138933,57
14.75,P_far,led_fix_evap,0.0,57
14.75,P_far,led_fix_fcg,0.0,57
14.75,P_far,led_inc_pbl,0.056699475109650156,57
14.75,P_far,led_inc_free,-0.0018075678060850086,57
14.75,P_far,led_inc_evap,0.05702710428460861,57
14.75,P_far,led_inc_fcg,0.002122763180110009,57
14.75,P_far,overclaim,6.414220769411735e-11,57
15.0,N,rescale,0.0,1
15.0,N,empty,0.0,1
15.0,N,repair,0.0,1
15.0,N,repairnet,-1.0642568002338484e-08,1
15.0,N,inc_left,-8.737193091881014e-12,1
15.0,N,inc_moved,-0.01028065479780957,1
15.0,N,led_fix_pbl,-1.0513236859996234e-08,1
15.0,N,led_fix_free,-1.2933114234271758e-10,1
15.0,N,led_fix_evap,0.0,1
15.0,N,led_fix_fcg,0.0,1
15.0,N,led_inc_pbl,-0.009880872713297583,1
15.0,N,led_inc_free,-0.0002640551138897551,1
15.0,N,led_inc_evap,-0.008882366487019748,1
15.0,N,led_inc_fcg,1.012577013109454e-06,1
15.0,N,overclaim,0.01295133674559324,1
15.0,P,rescale,0.0,59
15.0,P,empty,0.0,59
15.0,P,repair,-7.640139272870828e-05,59
15.0,P,repairnet,-0.0018102778338722804,59
15.0,P,inc_left,3.399460965876526e-12,59
15.0,P,inc_moved,0.09896268154519025,59
15.0,P,led_fix_pbl,-0.0005660192003980196,59
15.0,P,led_fix_free,-0.001397061418931891,59
15.0,P,led_fix_evap,0.0,59
15.0,P,led_fix_fcg,0.0,59
15.0,P,led_inc_pbl,0.09513545036473922,59
15.0,P,led_inc_free,0.0038944422100104423,59
15.0,P,led_inc_evap,0.09495760526914213,59
15.0,P,led_inc_fcg,0.002845315795164081,59
15.0,P,overclaim,1.8309086849093468,59
15.0,P_adj,rescale,0.0,2
15.0,P_adj,empty,0.0,2
15.0,P_adj,repair,0.0,2
15.0,P_adj,repairnet,0.0,2
15.0,P_adj,inc_left,1.1489959017169518e-12,2
15.0,P_adj,inc_moved,0.03287549169926588,2
15.0,P_adj,led_fix_pbl,0.0,2
15.0,P_adj,led_fix_free,0.0,2
15.0,P_adj,led_fix_evap,0.0,2
15.0,P_adj,led_fix_fcg,0.0,2
15.0,P_adj,led_inc_pbl,0.03233239437724648,2
15.0,P_adj,led_inc_free,0.00032139732831372805,2
15.0,P_adj,led_inc_evap,0.03241003550300242,2
15.0,P_adj,led_inc_fcg,0.00010932190775856,2
15.0,P_adj,overclaim,1.830908684846012,2
15.0,P_far,rescale,0.0,57
15.0,P_far,empty,0.0,57
15.0,P_far,repair,-7.640139272870828e-05,57
15.0,P_far,repairnet,-0.0018102778338722806,57
15.0,P_far,inc_left,2.250465064159575e-12,57
15.0,P_far,inc_moved,0.06608718984592434,57
15.0,P_far,led_fix_pbl,-0.0005660192003980196,57
15.0,P_far,led_fix_free,-0.0013970614189318911,57
15.0,P_far,led_fix_evap,0.0,57
15.0,P_far,led_fix_fcg,0.0,57
15.0,P_far,led_inc_pbl,0.06280305598749275,57
15.0,P_far,led_inc_free,0.003573044881696712,57
15.0,P_far,led_inc_evap,0.0625475697661397,57
15.0,P_far,led_inc_fcg,0.002735993887405521,57
15.0,P_far,overclaim,6.333456939581956e-11,57
15.25,N,rescale,0.0,2
15.25,N,empty,0.0,2
15.25,N,repair,0.0,2
15.25,N,repairnet,-9.673837270632678e-09,2
15.25,N,inc_left,-1.088148434326962e-11,2
15.25,N,inc_moved,-0.011757200355676227,2
15.25,N,led_fix_pbl,-9.556278385899021e-09,2
15.25,N,led_fix_free,-1.1755888473284202e-10,2
15.25,N,led_fix_evap,0.0,2
15.25,N,led_fix_fcg,0.0,2
15.25,N,led_inc_pbl,-0.011659920421041373,2
15.25,N,led_inc_free,-0.0003014184484549878,2
15.25,N,led_inc_evap,-0.010168763371875677,2
15.25,N,led_inc_fcg,-3.195854577869379e-05,2
15.25,N,overclaim,1.8549587070328235,2
15.25,P,rescale,0.0,58
15.25,P,empty,0.0,58
15.25,P,repair,-6.872811738747615e-05,58
15.25,P,repairnet,-0.001713655442049221,58
15.25,P,inc_left,5.47340889066843e-12,58
15.25,P,inc_moved,0.09106220897415263,58
15.25,P,led_fix_pbl,-0.0005352665816245932,58
15.25,P,led_fix_free,-0.001315845095199592,58
15.25,P,led_fix_evap,0.0,58
15.25,P,led_fix_fcg,0.0,58
15.25,P,led_inc_pbl,0.0885267310955989,58
15.25,P,led_inc_free,0.001937135504866016,58
15.25,P,led_inc_evap,0.08825246763160506,58
15.25,P,led_inc_fcg,0.002256610359621136,58
15.25,P,overclaim,6.249875381170961e-11,58
15.25,P_adj,rescale,0.0,2
15.25,P_adj,empty,0.0,2
15.25,P_adj,repair,-2.0942441072388827e-07,2
15.25,P_adj,repairnet,-0.0013673389204483036,2
15.25,P_adj,inc_left,2.0841887879477227e-12,2
15.25,P_adj,inc_moved,0.030312281717695424,2
15.25,P_adj,led_fix_pbl,-0.00039549420721627173,2
15.25,P_adj,led_fix_free,-0.0009722635620536356,2
15.25,P_adj,led_fix_evap,0.0,2
15.25,P_adj,led_fix_fcg,0.0,2
15.25,P_adj,led_inc_pbl,0.03037800850485191,2
15.25,P_adj,led_inc_free,-0.001965694117398065,2
15.25,P_adj,led_inc_evap,0.030684599628279782,2
15.25,P_adj,led_inc_fcg,-0.0001391752449286811,2
15.25,P_adj,overclaim,0.0,2
15.25,P_far,rescale,0.0,56
15.25,P_far,empty,0.0,56
15.25,P_far,repair,-6.851869297675226e-05,56
15.25,P_far,repairnet,-0.00034631652160091746,56
15.25,P_far,inc_left,3.389220102720706e-12,56
15.25,P_far,inc_moved,0.060749927256457205,56
15.25,P_far,led_fix_pbl,-0.0001397723744083215,56
15.25,P_far,led_fix_free,-0.0003435815331459564,56
15.25,P_far,led_fix_evap,0.0,56
15.25,P_far,led_fix_fcg,0.0,56
15.25,P_far,led_inc_pbl,0.05814872259074699,56
15.25,P_far,led_inc_free,0.0039028296222640806,56
15.25,P_far,led_inc_evap,0.05756786800332528,56
15.25,P_far,led_inc_fcg,0.002395785604549817,56
15.25,P_far,overclaim,6.249875381170961e-11,56
15.5,N,rescale,0.0,2
15.5,N,empty,0.0,2
15.5,N,repair,0.0,2
15.5,N,repairnet,-8.845913729986522e-09,2
15.5,N,inc_left,-1.4287176180930076e-11,2
15.5,N,inc_moved,-0.015046216193397518,2
15.5,N,led_fix_pbl,-8.738415978737172e-09,2
15.5,N,led_fix_free,-1.0749775124882842e-10,2
15.5,N,led_fix_evap,0.0,2
15.5,N,led_fix_fcg,0.0,2
15.5,N,led_inc_pbl,-0.015043417308082051,2
15.5,N,led_inc_free,-0.0007817143627408763,2
15.5,N,led_inc_evap,-0.013233722941488415,2
15.5,N,led_inc_fcg,-0.00028558841925579824,2
15.5,N,overclaim,1.8769174151542145,2
15.5,P,rescale,0.0,58
15.5,P,empty,0.0,58
15.5,P,repair,-6.2919703757814e-05,58
15.5,P,repairnet,-0.0005757073240495882,58
15.5,P,inc_left,5.956522209442453e-12,58
15.5,P,inc_moved,0.09681789010503501,58
15.5,P,led_fix_pbl,-0.0001981898722500221,58
15.5,P,led_fix_free,-0.0005033568593143623,58
15.5,P,led_fix_evap,0.0,58
15.5,P,led_fix_fcg,0.0,58
15.5,P,led_inc_pbl,0.0943611414370309,58
15.5,P,led_inc_free,0.0024411878790981585,58
15.5,P,led_inc_evap,0.09352034840480287,58
15.5,P,led_inc_fcg,0.0022340161274097487,58
15.5,P,overclaim,6.152857125012586e-11,58
15.5,P_adj,rescale,0.0,2
15.5,P_adj,empty,0.0,2
15.5,P_adj,repair,-3.089383101605868e-08,2
15.5,P_adj,repairnet,-0.00020170684689586847,2
15.5,P_adj,inc_left,2.859927639027536e-12,2
15.5,P_adj,inc_moved,0.034497169993495065,2
15.5,P_adj,led_fix_pbl,-5.834244042212631e-05,2
15.5,P_adj,led_fix_free,-0.00014342619413522026,2
15.5,P_adj,led_fix_evap,0.0,2
15.5,P_adj,led_fix_fcg,0.0,2
15.5,P_adj,led_inc_pbl,0.03362123363790695,2
15.5,P_adj,led_inc_free,-7.829820566493872e-05,2
15.5,P_adj,led_inc_evap,0.03336508191632895,2
15.5,P_adj,led_inc_fcg,3.521443111537379e-05,2
15.5,P_adj,overclaim,0.0,2
15.5,P_far,rescale,0.0,56
15.5,P_far,empty,0.0,56
15.5,P_far,repair,-6.288880992679794e-05,56
15.5,P_far,repairnet,-0.0003740004771537198,56
15.5,P_far,inc_left,3.0965945704149165e-12,56
15.5,P_far,inc_moved,0.062320720111539926,56
15.5,P_far,led_fix_pbl,-0.00013984743182789583,56
15.5,P_far,led_fix_free,-0.0003599306651791421,56
15.5,P_far,led_fix_evap,0.0,56
15.5,P_far,led_fix_fcg,0.0,56
15.5,P_far,led_inc_pbl,0.06073990779912392,56
15.5,P_far,led_inc_free,0.0025194860847630976,56
15.5,P_far,led_inc_evap,0.06015526648847391,56
15.5,P_far,led_inc_fcg,0.002198801696294375,56
15.5,P_far,overclaim,6.152857125012587e-11,56
15.75,N,rescale,0.0,2
15.75,N,empty,0.0,2
15.75,N,repair,1.9582804611803932,2
15.75,N,repairnet,7.829358049126822,2
15.75,N,inc_left,3.4204429534048356e-10,2
15.75,N,inc_moved,1378.9347213898582,2
15.75,N,led_fix_pbl,6.8402126460577195,2
15.75,N,led_fix_free,4.905706325429792,2
15.75,N,led_fix_evap,0.0,2
15.75,N,led_fix_fcg,0.0,2
15.75,N,led_inc_pbl,715.8068223119594,2
15.75,N,led_inc_free,671.1922029018967,2
15.75,N,led_inc_evap,1117.5564894737727,2
15.75,N,led_inc_fcg,30.708748120789572,2
15.75,N,overclaim,1.6602336006506662,2
15.75,P,rescale,0.0,58
15.75,P,empty,0.0,58
15.75,P,repair,1.296577241673409,58
15.75,P,repairnet,0.127580455665353,58
15.75,P,inc_left,4.860711295021588e-10,58
15.75,P,inc_moved,679.6945763688977,58
15.75,P,led_fix_pbl,1.3303420007660829,58
15.75,P,led_fix_free,1.3903929382460882,58
15.75,P,led_fix_evap,0.0,58
15.75,P,led_fix_fcg,0.0,58
15.75,P,led_inc_pbl,345.57171044381965,58
15.75,P,led_inc_free,335.01750924860335,58
15.75,P,led_inc_evap,576.6163943379444,58
15.75,P,led_inc_fcg,20.832923032137618,58
15.75,P,overclaim,2.362621598237331,58
15.75,P_adj,rescale,0.0,2
15.75,P_adj,empty,0.0,2
15.75,P_adj,repair,1.2939938066102317,2
15.75,P_adj,repairnet,0.08997993174110372,2
15.75,P_adj,inc_left,6.441874099974123e-11,2
15.75,P_adj,inc_moved,574.4690246381053,2
15.75,P_adj,led_fix_pbl,1.3200101008903264,2
15.75,P_adj,led_fix_free,1.357957444071241,2
15.75,P_adj,led_fix_evap,0.0,2
15.75,P_adj,led_fix_fcg,0.0,2
15.75,P_adj,led_inc_pbl,296.2981947633252,2
15.75,P_adj,led_inc_free,278.9577757505455,2
15.75,P_adj,led_inc_evap,541.3880741606856,2
15.75,P_adj,led_inc_fcg,20.678506944475238,2
15.75,P_adj,overclaim,2.362621598177497,2
15.75,P_far,rescale,0.0,56
15.75,P_far,empty,0.0,56
15.75,P_far,repair,0.0025834350631772566,56
15.75,P_far,repairnet,0.03760052392424929,56
15.75,P_far,inc_left,4.2165238850241756e-10,56
15.75,P_far,inc_moved,105.22555173079239,56
15.75,P_far,led_fix_pbl,0.010331899875756336,56
15.75,P_far,led_fix_free,0.03243549417484732,56
15.75,P_far,led_fix_evap,0.0,56
15.75,P_far,led_fix_fcg,0.0,56
15.75,P_far,led_inc_pbl,49.27351568049439,56
15.75,P_far,led_inc_free,56.059733498057874,56
15.75,P_far,led_inc_evap,35.22832017725861,56
15.75,P_far,led_inc_fcg,0.15441608766237847,56
15.75,P_far,overclaim,5.98338432690035e-11,56
16.0,N,rescale,0.0,0
16.0,N,empty,0.0,0
16.0,N,repair,0.0,0
16.0,N,repairnet,0.0,0
16.0,N,inc_left,0.0,0
16.0,N,inc_moved,0.0,0
16.0,N,led_fix_pbl,0.0,0
16.0,N,led_fix_free,0.0,0
16.0,N,led_fix_evap,0.0,0
16.0,N,led_fix_fcg,0.0,0
16.0,N,led_inc_pbl,0.0,0
16.0,N,led_inc_free,0.0,0
16.0,N,led_inc_evap,0.0,0
16.0,N,led_inc_fcg,0.0,0
16.0,N,overclaim,0.0,0
16.0,P,rescale,0.0,60
16.0,P,empty,0.0,60
16.0,P,repair,-0.014203837355174748,60
16.0,P,repairnet,-0.05136335512228463,60
16.0,P,inc_left,-1.360726279024328e-10,60
16.0,P,inc_moved,-7.311119081149003,60
16.0,P,led_fix_pbl,-0.046374658765803614,60
16.0,P,led_fix_free,-0.03339637106690886,60
16.0,P,led_fix_evap,0.0,60
16.0,P,led_fix_fcg,0.0,60
16.0,P,led_inc_pbl,-3.3915229687675517,60
16.0,P,led_inc_free,-3.9578367100758576,60
16.0,P,led_inc_evap,-5.729879012661096,60
16.0,P,led_inc_fcg,-0.13245165495159544,60
16.0,P,overclaim,3.956762877489078,60
16.0,P_adj,rescale,0.0,0
16.0,P_adj,empty,0.0,0
16.0,P_adj,repair,0.0,0
16.0,P_adj,repairnet,0.0,0
16.0,P_adj,inc_left,0.0,0
16.0,P_adj,inc_moved,0.0,0
16.0,P_adj,led_fix_pbl,0.0,0
16.0,P_adj,led_fix_free,0.0,0
16.0,P_adj,led_fix_evap,0.0,0
16.0,P_adj,led_fix_fcg,0.0,0
16.0,P_adj,led_inc_pbl,0.0,0
16.0,P_adj,led_inc_free,0.0,0
16.0,P_adj,led_inc_evap,0.0,0
16.0,P_adj,led_inc_fcg,0.0,0
16.0,P_adj,overclaim,0.0,0
16.0,P_far,rescale,0.0,60
16.0,P_far,empty,0.0,60
16.0,P_far,repair,-0.014203837355174748,60
16.0,P_far,repairnet,-0.05136335512228463,60
16.0,P_far,inc_left,-1.360726279024328e-10,60
16.0,P_far,inc_moved,-7.311119081149003,60
16.0,P_far,led_fix_pbl,-0.046374658765803614,60
16.0,P_far,led_fix_free,-0.03339637106690886,60
16.0,P_far,led_fix_evap,0.0,60
16.0,P_far,led_fix_fcg,0.0,60
16.0,P_far,led_inc_pbl,-3.3915229687675517,60
16.0,P_far,led_inc_free,-3.9578367100758576,60
16.0,P_far,led_inc_evap,-5.729879012661096,60
16.0,P_far,led_inc_fcg,-0.13245165495159544,60
16.0,P_far,overclaim,3.956762877489078,60
16.25,N,rescale,0.0,0
16.25,N,empty,0.0,0
16.25,N,repair,0.0,0
16.25,N,repairnet,0.0,0
16.25,N,inc_left,0.0,0
16.25,N,inc_moved,0.0,0
16.25,N,led_fix_pbl,0.0,0
16.25,N,led_fix_free,0.0,0
16.25,N,led_fix_evap,0.0,0
16.25,N,led_fix_fcg,0.0,0
16.25,N,led_inc_pbl,0.0,0
16.25,N,led_inc_free,0.0,0
16.25,N,led_inc_evap,0.0,0
16.25,N,led_inc_fcg,0.0,0
16.25,N,overclaim,0.0,0
16.25,P,rescale,0.0,60
16.25,P,empty,0.0,60
16.25,P,repair,-0.0037167220623453047,60
16.25,P,repairnet,-0.03045700758351208,60
16.25,P,inc_left,-8.038417066542749e-11,60
16.25,P,inc_moved,-4.485651362748304,60
16.25,P,led_fix_pbl,-0.018094441540554472,60
16.25,P,led_fix_free,-0.019796010167654574,60
16.25,P,led_fix_evap,0.0,60
16.25,P,led_fix_fcg,0.0,60
16.25,P,led_inc_pbl,-2.054926589680619,60
16.25,P,led_inc_free,-2.443327994656631,60
16.25,P,led_inc_evap,-3.5109548342762,60
16.25,P,led_inc_fcg,-0.0968556370314228,60
16.25,P,overclaim,3.908258279496812,60
16.25,P_adj,rescale,0.0,0
16.25,P_adj,empty,0.0,0
16.25,P_adj,repair,0.0,0
16.25,P_adj,repairnet,0.0,0
16.25,P_adj,inc_left,0.0,0
16.25,P_adj,inc_moved,0.0,0
16.25,P_adj,led_fix_pbl,0.0,0
16.25,P_adj,led_fix_free,0.0,0
16.25,P_adj,led_fix_evap,0.0,0
16.25,P_adj,led_fix_fcg,0.0,0
16.25,P_adj,led_inc_pbl,0.0,0
16.25,P_adj,led_inc_free,0.0,0
16.25,P_adj,led_inc_evap,0.0,0
16.25,P_adj,led_inc_fcg,0.0,0
16.25,P_adj,overclaim,0.0,0
16.25,P_far,rescale,0.0,60
16.25,P_far,empty,0.0,60
16.25,P_far,repair,-0.0037167220623453047,60
16.25,P_far,repairnet,-0.03045700758351208,60
16.25,P_far,inc_left,-8.038417066542749e-11,60
16.25,P_far,inc_moved,-4.485651362748304,60
16.25,P_far,led_fix_pbl,-0.018094441540554472,60
16.25,P_far,led_fix_free,-0.019796010167654574,60
16.25,P_far,led_fix_evap,0.0,60
16.25,P_far,led_fix_fcg,0.0,60
16.25,P_far,led_inc_pbl,-2.054926589680619,60
16.25,P_far,led_inc_free,-2.443327994656631,60
16.25,P_far,led_inc_evap,-3.5109548342762,60
16.25,P_far,led_inc_fcg,-0.0968556370314228,60
16.25,P_far,overclaim,3.908258279496812,60
16.5,N,rescale,0.0,0
16.5,N,empty,0.0,0
16.5,N,repair,0.0,0
16.5,N,repairnet,0.0,0
16.5,N,inc_left,0.0,0
16.5,N,inc_moved,0.0,0
16.5,N,led_fix_pbl,0.0,0
16.5,N,led_fix_free,0.0,0
16.5,N,led_fix_evap,0.0,0
16.5,N,led_fix_fcg,0.0,0
16.5,N,led_inc_pbl,0.0,0
16.5,N,led_inc_free,0.0,0
16.5,N,led_inc_evap,0.0,0
16.5,N,led_inc_fcg,0.0,0
16.5,N,overclaim,0.0,0
16.5,P,rescale,0.0,60
16.5,P,empty,0.0,60
16.5,P,repair,-0.00504891183235196,60
16.5,P,repairnet,-0.020508874600713108,60
16.5,P,inc_left,-5.870753782675216e-11,60
16.5,P,inc_moved,-3.412746170288,60
16.5,P,led_fix_pbl,-0.013219114195710067,60
16.5,P,led_fix_free,-0.017387584069706134,60
16.5,P,led_fix_evap,0.0,60
16.5,P,led_fix_fcg,0.0,60
16.5,P,led_inc_pbl,-1.5923014422032185,60
16.5,P,led_inc_free,-1.8372982159769564,60
16.5,P,led_inc_evap,-2.677486431349423,60
16.5,P,led_inc_fcg,-0.08412400181782827,60
16.5,P,overclaim,3.871738086207482,60
16.5,P_adj,rescale,0.0,0
16.5,P_adj,empty,0.0,0
16.5,P_adj,repair,0.0,0
16.5,P_adj,repairnet,0.0,0
16.5,P_adj,inc_left,0.0,0
16.5,P_adj,inc_moved,0.0,0
16.5,P_adj,led_fix_pbl,0.0,0
16.5,P_adj,led_fix_free,0.0,0
16.5,P_adj,led_fix_evap,0.0,0
16.5,P_adj,led_fix_fcg,0.0,0
16.5,P_adj,led_inc_pbl,0.0,0
16.5,P_adj,led_inc_free,0.0,0
16.5,P_adj,led_inc_evap,0.0,0
16.5,P_adj,led_inc_fcg,0.0,0
16.5,P_adj,overclaim,0.0,0
16.5,P_far,rescale,0.0,60
16.5,P_far,empty,0.0,60
16.5,P_far,repair,-0.00504891183235196,60
16.5,P_far,repairnet,-0.020508874600713108,60
16.5,P_far,inc_left,-5.870753782675216e-11,60
16.5,P_far,inc_moved,-3.412746170288,60
16.5,P_far,led_fix_pbl,-0.013219114195710067,60
16.5,P_far,led_fix_free,-0.017387584069706134,60
16.5,P_far,led_fix_evap,0.0,60
16.5,P_far,led_fix_fcg,0.0,60
16.5,P_far,led_inc_pbl,-1.5923014422032185,60
16.5,P_far,led_inc_free,-1.8372982159769564,60
16.5,P_far,led_inc_evap,-2.677486431349423,60
16.5,P_far,led_inc_fcg,-0.08412400181782827,60
16.5,P_far,overclaim,3.871738086207482,60
16.75,N,rescale,0.0,0
16.75,N,empty,0.0,0
16.75,N,repair,0.0,0
16.75,N,repairnet,0.0,0
16.75,N,inc_left,0.0,0
16.75,N,inc_moved,0.0,0
16.75,N,led_fix_pbl,0.0,0
16.75,N,led_fix_free,0.0,0
16.75,N,led_fix_evap,0.0,0
16.75,N,led_fix_fcg,0.0,0
16.75,N,led_inc_pbl,0.0,0
16.75,N,led_inc_free,0.0,0
16.75,N,led_inc_evap,0.0,0
16.75,N,led_inc_fcg,0.0,0
16.75,N,overclaim,0.0,0
16.75,P,rescale,0.0,60
16.75,P,empty,0.0,60
16.75,P,repair,-0.003993853877690431,60
16.75,P,repairnet,-0.016371650784695973,60
16.75,P,inc_left,-4.9092863877280816e-11,60
16.75,P,inc_moved,-2.920619068119097,60
16.75,P,led_fix_pbl,-0.010231439601833842,60
16.75,P,led_fix_free,-0.014127918938244628,60
16.75,P,led_fix_evap,0.0,60
16.75,P,led_fix_fcg,0.0,60
16.75,P,led_inc_pbl,-1.3800675853964086,60
16.75,P,led_inc_free,-1.5541357784291365,60
16.75,P,led_inc_evap,-2.295005942583317,60
16.75,P,led_inc_fcg,-0.07637242417796794,60
16.75,P,overclaim,3.845160398794903,60
16.75,P_adj,rescale,0.0,0
16.75,P_adj,empty,0.0,0
16.75,P_adj,repair,0.0,0
16.75,P_adj,repairnet,0.0,0
16.75,P_adj,inc_left,0.0,0
16.75,P_adj,inc_moved,0.0,0
16.75,P_adj,led_fix_pbl,0.0,0
16.75,P_adj,led_fix_free,0.0,0
16.75,P_adj,led_fix_evap,0.0,0
16.75,P_adj,led_fix_fcg,0.0,0
16.75,P_adj,led_inc_pbl,0.0,0
16.75,P_adj,led_inc_free,0.0,0
16.75,P_adj,led_inc_evap,0.0,0
16.75,P_adj,led_inc_fcg,0.0,0
16.75,P_adj,overclaim,0.0,0
16.75,P_far,rescale,0.0,60
16.75,P_far,empty,0.0,60
16.75,P_far,repair,-0.003993853877690431,60
16.75,P_far,repairnet,-0.016371650784695973,60
16.75,P_far,inc_left,-4.9092863877280816e-11,60
16.75,P_far,inc_moved,-2.920619068119097,60
16.75,P_far,led_fix_pbl,-0.010231439601833842,60
16.75,P_far,led_fix_free,-0.014127918938244628,60
16.75,P_far,led_fix_evap,0.0,60
16.75,P_far,led_fix_fcg,0.0,60
16.75,P_far,led_inc_pbl,-1.3800675853964086,60
16.75,P_far,led_inc_free,-1.5541357784291365,60
16.75,P_far,led_inc_evap,-2.295005942583317,60
16.75,P_far,led_inc_fcg,-0.07637242417796794,60
16.75,P_far,overclaim,3.845160398794903,60
17.0,N,rescale,0.0,0
17.0,N,empty,0.0,0
17.0,N,repair,0.0,0
17.0,N,repairnet,0.0,0
17.0,N,inc_left,0.0,0
17.0,N,inc_moved,0.0,0
17.0,N,led_fix_pbl,0.0,0
17.0,N,led_fix_free,0.0,0
17.0,N,led_fix_evap,0.0,0
17.0,N,led_fix_fcg,0.0,0
17.0,N,led_inc_pbl,0.0,0
17.0,N,led_inc_free,0.0,0
17.0,N,led_inc_evap,0.0,0
17.0,N,led_inc_fcg,0.0,0
17.0,N,overclaim,0.0,0
17.0,P,rescale,0.0,60
17.0,P,empty,0.0,60
17.0,P,repair,-0.0037604081840455143,60
17.0,P,repairnet,-0.015432916439081151,60
17.0,P,inc_left,-4.5515082180093866e-11,60
17.0,P,inc_moved,-2.777223920945557,60
17.0,P,led_fix_pbl,-0.009730079125755344,60
17.0,P,led_fix_free,-0.013223653681415728,60
17.0,P,led_fix_evap,0.0,60
17.0,P,led_fix_fcg,0.0,60
17.0,P,led_inc_pbl,-1.3275762400995963,60
17.0,P,led_inc_free,-1.462414402726446,60
17.0,P,led_inc_evap,-2.19061487497957,60
17.0,P,led_inc_fcg,-0.07258496650636971,60
17.0,P,overclaim,3.826722345348038,60
17.0,P_adj,rescale,0.0,0
17.0,P_adj,empty,0.0,0
17.0,P_adj,repair,0.0,0
17.0,P_adj,repairnet,0.0,0
17.0,P_adj,inc_left,0.0,0
17.0,P_adj,inc_moved,0.0,0
17.0,P_adj,led_fix_pbl,0.0,0
17.0,P_adj,led_fix_free,0.0,0
17.0,P_adj,led_fix_evap,0.0,0
17.0,P_adj,led_fix_fcg,0.0,0
17.0,P_adj,led_inc_pbl,0.0,0
17.0,P_adj,led_inc_free,0.0,0
17.0,P_adj,led_inc_evap,0.0,0
17.0,P_adj,led_inc_fcg,0.0,0
17.0,P_adj,overclaim,0.0,0
17.0,P_far,rescale,0.0,60
17.0,P_far,empty,0.0,60
17.0,P_far,repair,-0.0037604081840455143,60
17.0,P_far,repairnet,-0.015432916439081151,60
17.0,P_far,inc_left,-4.5515082180093866e-11,60
17.0,P_far,inc_moved,-2.777223920945557,60
17.0,P_far,led_fix_pbl,-0.009730079125755344,60
17.0,P_far,led_fix_free,-0.013223653681415728,60
17.0,P_far,led_fix_evap,0.0,60
17.0,P_far,led_fix_fcg,0.0,60
17.0,P_far,led_inc_pbl,-1.3275762400995963,60
17.0,P_far,led_inc_free,-1.462414402726446,60
17.0,P_far,led_inc_evap,-2.19061487497957,60
17.0,P_far,led_inc_fcg,-0.07258496650636971,60
17.0,P_far,overclaim,3.826722345348038,60
17.25,N,rescale,0.0,0
17.25,N,empty,0.0,0
17.25,N,repair,0.0,0
17.25,N,repairnet,0.0,0
17.25,N,inc_left,0.0,0
17.25,N,inc_moved,0.0,0
17.25,N,led_fix_pbl,0.0,0
17.25,N,led_fix_free,0.0,0
17.25,N,led_fix_evap,0.0,0
17.25,N,led_fix_fcg,0.0,0
17.25,N,led_inc_pbl,0.0,0
17.25,N,led_inc_free,0.0,0
17.25,N,led_inc_evap,0.0,0
17.25,N,led_inc_fcg,0.0,0
17.25,N,overclaim,0.0,0
17.25,P,rescale,0.0,60
17.25,P,empty,0.0,60
17.25,P,repair,-0.0037048388867676847,60
17.25,P,repairnet,-0.01514138448844119,60
17.25,P,inc_left,-4.2661227986894114e-11,60
17.25,P,inc_moved,-2.734020476925266,60
17.25,P,led_fix_pbl,-0.009698449086612004,60
17.25,P,led_fix_free,-0.012852613175365043,60
17.25,P,led_fix_evap,0.0,60
17.25,P,led_fix_fcg,0.0,60
17.25,P,led_inc_pbl,-1.3218148074402687,60
17.25,P,led_inc_free,-1.4244610959836714,60
17.25,P,led_inc_evap,-2.169140792657478,60
17.25,P,led_inc_fcg,-0.0717158141716022,60
17.25,P,overclaim,3.8146699624915246,60
17.25,P_adj,rescale,0.0,0
17.25,P_adj,empty,0.0,0
17.25,P_adj,repair,0.0,0
17.25,P_adj,repairnet,0.0,0
17.25,P_adj,inc_left,0.0,0
17.25,P_adj,inc_moved,0.0,0
17.25,P_adj,led_fix_pbl,0.0,0
17.25,P_adj,led_fix_free,0.0,0
17.25,P_adj,led_fix_evap,0.0,0
17.25,P_adj,led_fix_fcg,0.0,0
17.25,P_adj,led_inc_pbl,0.0,0
17.25,P_adj,led_inc_free,0.0,0
17.25,P_adj,led_inc_evap,0.0,0
17.25,P_adj,led_inc_fcg,0.0,0
17.25,P_adj,overclaim,0.0,0
17.25,P_far,rescale,0.0,60
17.25,P_far,empty,0.0,60
17.25,P_far,repair,-0.0037048388867676847,60
17.25,P_far,repairnet,-0.01514138448844119,60
17.25,P_far,inc_left,-4.2661227986894114e-11,60
17.25,P_far,inc_moved,-2.734020476925266,60
17.25,P_far,led_fix_pbl,-0.009698449086612004,60
17.25,P_far,led_fix_free,-0.012852613175365043,60
17.25,P_far,led_fix_evap,0.0,60
17.25,P_far,led_fix_fcg,0.0,60
17.25,P_far,led_inc_pbl,-1.3218148074402687,60
17.25,P_far,led_inc_free,-1.4244610959836714,60
17.25,P_far,led_inc_evap,-2.169140792657478,60
17.25,P_far,led_inc_fcg,-0.0717158141716022,60
17.25,P_far,overclaim,3.8146699624915246,60
17.5,N,rescale,0.0,0
17.5,N,empty,0.0,0
17.5,N,repair,0.0,0
17.5,N,repairnet,0.0,0
17.5,N,inc_left,0.0,0
17.5,N,inc_moved,0.0,0
17.5,N,led_fix_pbl,0.0,0
17.5,N,led_fix_free,0.0,0
17.5,N,led_fix_evap,0.0,0
17.5,N,led_fix_fcg,0.0,0
17.5,N,led_inc_pbl,0.0,0
17.5,N,led_inc_free,0.0,0
17.5,N,led_inc_evap,0.0,0
17.5,N,led_inc_fcg,0.0,0
17.5,N,overclaim,0.0,0
17.5,P,rescale,0.0,60
17.5,P,empty,0.0,60
17.5,P,repair,-0.0036733937103406653,60
17.5,P,repairnet,-0.014906283213906413,60
17.5,P,inc_left,-4.010345000427933e-11,60
17.5,P,inc_moved,-2.7658260148649325,60
17.5,P,led_fix_pbl,-0.009681411800135745,60
17.5,P,led_fix_free,-0.012571658834451759,60
17.5,P,led_fix_evap,0.0,60
17.5,P,led_fix_fcg,0.0,60
17.5,P,led_inc_pbl,-1.3463942291530482,60
17.5,P,led_inc_free,-1.4311182642640572,60
17.5,P,led_inc_evap,-2.2087150339529416,60
17.5,P,led_inc_fcg,-0.07242734704503007,60
17.5,P,overclaim,3.8073486665787644,60
17.5,P_adj,rescale,0.0,0
17.5,P_adj,empty,0.0,0
17.5,P_adj,repair,0.0,0
17.5,P_adj,repairnet,0.0,0
17.5,P_adj,inc_left,0.0,0
17.5,P_adj,inc_moved,0.0,0
17.5,P_adj,led_fix_pbl,0.0,0
17.5,P_adj,led_fix_free,0.0,0
17.5,P_adj,led_fix_evap,0.0,0
17.5,P_adj,led_fix_fcg,0.0,0
17.5,P_adj,led_inc_pbl,0.0,0
17.5,P_adj,led_inc_free,0.0,0
17.5,P_adj,led_inc_evap,0.0,0
17.5,P_adj,led_inc_fcg,0.0,0
17.5,P_adj,overclaim,0.0,0
17.5,P_far,rescale,0.0,60
17.5,P_far,empty,0.0,60
17.5,P_far,repair,-0.0036733937103406653,60
17.5,P_far,repairnet,-0.014906283213906413,60
17.5,P_far,inc_left,-4.010345000427933e-11,60
17.5,P_far,inc_moved,-2.7658260148649325,60
17.5,P_far,led_fix_pbl,-0.009681411800135745,60
17.5,P_far,led_fix_free,-0.012571658834451759,60
17.5,P_far,led_fix_evap,0.0,60
17.5,P_far,led_fix_fcg,0.0,60
17.5,P_far,led_inc_pbl,-1.3463942291530482,60
17.5,P_far,led_inc_free,-1.4311182642640572,60
17.5,P_far,led_inc_evap,-2.2087150339529416,60
17.5,P_far,led_inc_fcg,-0.07242734704503007,60
17.5,P_far,overclaim,3.8073486665787644,60
17.75,N,rescale,0.0,2
17.75,N,empty,0.0,2
17.75,N,repair,-0.0018077468190652048,2
17.75,N,repairnet,-0.007221365521411762,2
17.75,N,inc_left,-6.852269778614035e-12,2
17.75,N,inc_moved,-0.33681169427897895,2
17.75,N,led_fix_pbl,-0.006302138575006923,2
17.75,N,led_fix_free,-0.004534720584532366,2
17.75,N,led_fix_evap,0.0,2
17.75,N,led_fix_fcg,0.0,2
17.75,N,led_inc_pbl,-0.1894996113395583,2
17.75,N,led_inc_free,-0.15586318026580318,2
17.75,N,led_inc_evap,-0.26701199086522476,2
17.75,N,led_inc_fcg,-0.004618650639468473,2
17.75,N,overclaim,2.3535940499065915,2
17.75,P,rescale,0.0,58
17.75,P,empty,0.0,58
17.75,P,repair,-0.0021873923751976614,58
17.75,P,repairnet,-0.008800356941592494,58
17.75,P,inc_left,-3.400469113233311e-11,58
17.75,P,inc_moved,-2.6771860391868696,58
17.75,P,led_fix_pbl,-0.00452293111969534,58
17.75,P,led_fix_free,-0.008652210572292473,58
17.75,P,led_fix_evap,0.0,58
17.75,P,led_fix_fcg,0.0,58
17.75,P,led_inc_pbl,-1.2896008372125658,58
17.75,P,led_inc_free,-1.3941667475380763,58
17.75,P,led_inc_evap,-2.154908507383917,58
17.75,P,led_inc_fcg,-0.0744195759970084,58
17.75,P,overclaim,1.4579589144775706,58
17.75,P_adj,rescale,0.0,2
17.75,P_adj,empty,0.0,2
17.75,P_adj,repair,0.0,2
17.75,P_adj,repairnet,0.0,2
17.75,P_adj,inc_left,-8.505216525593672e-12,2
17.75,P_adj,inc_moved,-1.643746834228604,2
17.75,P_adj,led_fix_pbl,0.0,2
17.75,P_adj,led_fix_free,0.0,2
17.75,P_adj,led_fix_evap,0.0,2
17.75,P_adj,led_fix_fcg,0.0,2
17.75,P_adj,led_inc_pbl,-0.8254693778326706,2
17.75,P_adj,led_inc_free,-0.81749127070348,2
17.75,P_adj,led_inc_evap,-1.3379780225934226,2
17.75,P_adj,led_inc_fcg,-0.042128337733966945,2
17.75,P_adj,overclaim,1.4568732869540193,2
17.75,P_far,rescale,0.0,56
17.75,P_far,empty,0.0,56
17.75,P_far,repair,-0.002187392375197662,56
17.75,P_far,repairnet,-0.008800356941592494,56
17.75,P_far,inc_left,-2.5499474606739438e-11,56
17.75,P_far,inc_moved,-1.033439204958266,56
17.75,P_far,led_fix_pbl,-0.00452293111969534,56
17.75,P_far,led_fix_free,-0.008652210572292473,56
17.75,P_far,led_fix_evap,0.0,56
17.75,P_far,led_fix_fcg,0.0,56
17.75,P_far,led_inc_pbl,-0.4641314593798953,56
17.75,P_far,led_inc_free,-0.576675476834596,56
17.75,P_far,led_inc_evap,-0.8169304847904947,56
17.75,P_far,led_inc_fcg,-0.03229123826304144,56
17.75,P_far,overclaim,0.0010856275235514791,56
18.0,N,rescale,0.0,2
18.0,N,empty,0.0,2
18.0,N,repair,-0.002944050427129962,2
18.0,N,repairnet,-0.011755546857224018,2
18.0,N,inc_left,-1.1242485969113653e-11,2
18.0,N,inc_moved,-0.5509567064332476,2
18.0,N,led_fix_pbl,-0.010260439147684213,2
18.0,N,led_fix_free,-0.0073832085637979975,2
18.0,N,led_fix_evap,0.0,2
18.0,N,led_fix_fcg,0.0,2
18.0,N,led_inc_pbl,-0.3117911290760755,2
18.0,N,led_inc_free,-0.2538057804605358,2
18.0,N,led_inc_evap,-0.4377513984319375,2
18.0,N,led_inc_fcg,-0.007675257500688623,2
18.0,N,overclaim,2.3755467015999927,2
18.0,P,rescale,0.0,58
18.0,P,empty,0.0,58
18.0,P,repair,-0.0018244124695505088,58
18.0,P,repairnet,-0.007282085954859882,58
18.0,P,inc_left,-2.7459797430740284e-11,58
18.0,P,inc_moved,-2.353182924360485,58
18.0,P,led_fix_pbl,-0.003763938567095977,58
18.0,P,led_fix_free,-0.0071669723268656645,58
18.0,P,led_fix_evap,0.0,58
18.0,P,led_fix_fcg,0.0,58
18.0,P,led_inc_pbl,-1.1221156374018035,58
18.0,P,led_inc_free,-1.233180965989763,58
18.0,P,led_inc_evap,-1.9052146521623812,58
18.0,P,led_inc_fcg,-0.06221836504874878,58
18.0,P,overclaim,1.4570274842482036,58
18.0,P_adj,rescale,0.0,2
18.0,P_adj,empty,0.0,2
18.0,P_adj,repair,0.0,2
18.0,P_adj,repairnet,0.0,2
18.0,P_adj,inc_left,-9.130739917300226e-12,2
18.0,P_adj,inc_moved,-1.5524950834255828,2
18.0,P_adj,led_fix_pbl,0.0,2
18.0,P_adj,led_fix_free,0.0,2
18.0,P_adj,led_fix_evap,0.0,2
18.0,P_adj,led_fix_fcg,0.0,2
18.0,P_adj,led_inc_pbl,-0.7831396901498406,2
18.0,P_adj,led_inc_free,-0.7691765414041054,2
18.0,P_adj,led_inc_evap,-1.2655485422152162,2
18.0,P_adj,led_inc_fcg,-0.039602754158604446,2
18.0,P_adj,overclaim,1.455942250899306,2
18.0,P_far,rescale,0.0,56
18.0,P_far,empty,0.0,56
18.0,P_far,repair,-0.0018244124695505088,56
18.0,P_far,repairnet,-0.007282085954859882,56
18.0,P_far,inc_left,-1.8329057513440058e-11,56
18.0,P_far,inc_moved,-0.8006878409349023,56
18.0,P_far,led_fix_pbl,-0.003763938567095977,56
18.0,P_far,led_fix_free,-0.007166972326865664,56
18.0,P_far,led_fix_evap,0.0,56
18.0,P_far,led_fix_fcg,0.0,56
18.0,P_far,led_inc_pbl,-0.3389759472519628,56
18.0,P_far,led_inc_free,-0.46400442458565766,56
18.0,P_far,led_inc_evap,-0.6396661099471647,56
18.0,P_far,led_inc_fcg,-0.022615610890144335,56
18.0,P_far,overclaim,0.0010852333488973068,56
18.25,N,rescale,0.0,2
18.25,N,empty,0.0,2
18.25,N,repair,-0.00279442083856133,2
18.25,N,repairnet,-0.011158078306334612,2
18.25,N,inc_left,-1.0630226126908593e-11,2
18.25,N,inc_moved,-0.52091429771492,2
18.25,N,led_fix_pbl,-0.009738958454580612,2
18.25,N,led_fix_free,-0.00700796152887666,2
18.25,N,led_fix_evap,0.0,2
18.25,N,led_fix_fcg,0.0,2
18.25,N,led_inc_pbl,-0.2942975700385322,2
18.25,N,led_inc_free,-0.24087025938251327,2
18.25,N,led_inc_evap,-0.4138794583981338,2
18.25,N,led_inc_fcg,-0.007272199157195662,2
18.25,N,overclaim,2.3920380365349425,2
18.25,P,rescale,0.0,58
18.25,P,empty,0.0,58
18.25,P,repair,-0.0014432588732042186,58
18.25,P,repairnet,-0.0057250022048201355,58
18.25,P,inc_left,-2.017562613000842e-11,58
18.25,P,inc_moved,-1.8131072386940277,58
18.25,P,led_fix_pbl,-0.0029714540152938583,58
18.25,P,led_fix_free,-0.0056400659359339,58
18.25,P,led_fix_evap,0.0,58
18.25,P,led_fix_fcg,0.0,58
18.25,P,led_inc_pbl,-0.8134031911405963,58
18.25,P,led_inc_free,-0.9978282595272947,58
18.25,P,led_inc_evap,-1.4653761765460378,58
18.25,P,led_inc_fcg,-0.04374708935996383,58
18.25,P,overclaim,1.4563152465052558,58
18.25,P_adj,rescale,0.0,2
18.25,P_adj,empty,0.0,2
18.25,P_adj,repair,0.0,2
18.25,P_adj,repairnet,0.0,2
18.25,P_adj,inc_left,-8.549755325474033e-12,2
18.25,P_adj,inc_moved,-1.3041620127538516,2
18.25,P_adj,led_fix_pbl,0.0,2
18.25,P_adj,led_fix_free,0.0,2
18.25,P_adj,led_fix_evap,0.0,2
18.25,P_adj,led_fix_fcg,0.0,2
18.25,P_adj,led_inc_pbl,-0.6539343301040405,2
18.25,P_adj,led_inc_free,-0.6516546756756953,2
18.25,P_adj,led_inc_evap,-1.062734097601604,2
18.25,P_adj,led_inc_fcg,-0.03334317933957851,2
18.25,P_adj,overclaim,1.4552516207879478,2
18.25,P_far,rescale,0.0,56
18.25,P_far,empty,0.0,56
18.25,P_far,repair,-0.0014432588732042188,56
18.25,P_far,repairnet,-0.0057250022048201355,56
18.25,P_far,inc_left,-1.1625870804534383e-11,56
18.25,P_far,inc_moved,-0.5089452259401761,56
18.25,P_far,led_fix_pbl,-0.0029714540152938587,56
18.25,P_far,led_fix_free,-0.0056400659359339,56
18.25,P_far,led_fix_evap,0.0,56
18.25,P_far,led_fix_fcg,0.0,56
18.25,P_far,led_inc_pbl,-0.15946886103655586,56
18.25,P_far,led_inc_free,-0.34617358385159924,56
18.25,P_far,led_inc_evap,-0.4026420789444341,56
18.25,P_far,led_inc_fcg,-0.01040391002038533,56
18.25,P_far,overclaim,0.0010636257173078833,56
18.5,N,rescale,0.0,3
18.5,N,empty,0.0,3
18.5,N,repair,-0.002611111995566259,3
18.5,N,repairnet,-0.010413722487310094,3
18.5,N,inc_left,-8.710098301717477e-12,3
18.5,N,inc_moved,-0.47799697777155975,3
18.5,N,led_fix_pbl,-0.0090877079950141,3
18.5,N,led_fix_free,-0.006548238483428511,3
18.5,N,led_fix_evap,0.0,3
18.5,N,led_fix_fcg,0.0,3
18.5,N,led_inc_pbl,-0.2680001644043273,3
18.5,N,led_inc_free,-0.22527474369622386,3
18.5,N,led_inc_evap,-0.37914653236700857,3
18.5,N,led_inc_fcg,-0.006812932212536325,3
18.5,N,overclaim,2.4285634916316474,3
18.5,P,rescale,0.0,57
18.5,P,empty,0.0,57
18.5,P,repair,-0.0011053518626674486,57
18.5,P,repairnet,-0.004382999634771011,57
18.5,P,inc_left,-1.673139159913207e-11,57
18.5,P,inc_moved,-1.6190588711720695,57
18.5,P,led_fix_pbl,-0.002276279709098512,57
18.5,P,led_fix_free,-0.004317423651007298,57
18.5,P,led_fix_evap,0.0,57
18.5,P,led_fix_fcg,0.0,57
18.5,P,led_inc_pbl,-0.7447321398885305,57
18.5,P,led_inc_free,-0.8687331159157174,57
18.5,P,led_inc_evap,-1.3149216688114913,57
18.5,P,led_inc_fcg,-0.0361082881229985,57
18.5,P,overclaim,1.4549700003306307,57
18.5,P_adj,rescale,0.0,2
18.5,P_adj,empty,0.0,2
18.5,P_adj,repair,0.0,2
18.5,P_adj,repairnet,5.7322669735003555e-21,2
18.5,P_adj,inc_left,-7.773681986912497e-12,2
18.5,P_adj,inc_moved,-1.194075228247168,2
18.5,P_adj,led_fix_pbl,5.725920345660486e-21,2
18.5,P_adj,led_fix_free,6.3466278398693794e-24,2
18.5,P_adj,led_fix_evap,0.0,2
18.5,P_adj,led_fix_fcg,0.0,2
18.5,P_adj,led_inc_pbl,-0.583964245528624,2
18.5,P_adj,led_inc_free,-0.609159169871022,2
18.5,P_adj,led_inc_evap,-0.9665373449564272,2
18.5,P_adj,led_inc_fcg,-0.03117883324108807,2
18.5,P_adj,overclaim,1.4539618861596315,2
18.5,P_far,rescale,0.0,55
18.5,P_far,empty,0.0,55
18.5,P_far,repair,-0.0011053518626674486,55
18.5,P_far,repairnet,-0.004382999634771011,55
18.5,P_far,inc_left,-8.957709612219576e-12,55
18.5,P_far,inc_moved,-0.42498364292490143,55
18.5,P_far,led_fix_pbl,-0.0022762797090985125,55
18.5,P_far,led_fix_free,-0.004317423651007298,55
18.5,P_far,led_fix_evap,0.0,55
18.5,P_far,led_fix_fcg,0.0,55
18.5,P_far,led_inc_pbl,-0.16076789435990652,55
18.5,P_far,led_inc_free,-0.2595739460446956,55
18.5,P_far,led_inc_evap,-0.348384323855064,55
18.5,P_far,led_inc_fcg,-0.00492945488191043,55
18.5,P_far,overclaim,0.0010081141709989113,55
18.75,N,rescale,0.0,3
18.75,N,empty,0.0,3
18.75,N,repair,-0.0024162427183744904,3
18.75,N,repairnet,-0.009648046014946987,3
18.75,N,inc_left,-8.509307490200576e-12,3
18.75,N,inc_moved,-0.44855472048895934,3
18.75,N,led_fix_pbl,-0.00842098024446855,3
18.75,N,led_fix_free,-0.006059551207227418,3
18.75,N,led_fix_evap,0.0,3
18.75,N,led_fix_fcg,0.0,3
18.75,N,led_inc_pbl,-0.25523705954360215,3
18.75,N,led_inc_free,-0.20846452809584112,3
18.75,N,led_inc_evap,-0.3580309067145227,3
18.75,N,led_inc_fcg,-0.00630384878884455,3
18.75,N,overclaim,2.459404342016564,3
18.75,P,rescale,0.0,57
18.75,P,empty,0.0,57
18.75,P,repair,-0.0008710052836753571,57
18.75,P,repairnet,-0.003452547836807224,57
18.75,P,inc_left,-1.031496780638688e-11,57
18.75,P,inc_moved,-1.1220452965430388,57
18.75,P,led_fix_pbl,-0.0017927987628156253,57
18.75,P,led_fix_free,-0.0034017596413423064,57
18.75,P,led_fix_evap,0.0,57
18.75,P,led_fix_fcg,0.0,57
18.75,P,led_inc_pbl,-0.5001404530001214,57
18.75,P,led_inc_free,-0.6173846586255214,57
18.75,P,led_inc_evap,-0.9080052299548644,57
18.75,P,led_inc_fcg,-0.023541577946576995,57
18.75,P,overclaim,1.4524889019453886,57
18.75,P_adj,rescale,0.0,2
18.75,P_adj,empty,0.0,2
18.75,P_adj,repair,0.0,2
18.75,P_adj,repairnet,-1.2420336528497481e-23,2
18.75,P_adj,inc_left,-4.382511745455225e-12,2
18.75,P_adj,inc_moved,-0.7954051976517401,2
18.75,P_adj,led_fix_pbl,-1.2406585031236522e-23,2
18.75,P_adj,led_fix_free,-1.3751497262203747e-26,2
18.75,P_adj,led_fix_evap,0.0,2
18.75,P_adj,led_fix_fcg,0.0,2
18.75,P_adj,led_inc_pbl,-0.38033376718832923,2
18.75,P_adj,led_inc_free,-0.4146822635515235,2
18.75,P_adj,led_inc_evap,-0.640796903601266,2
18.75,P_adj,led_inc_fcg,-0.02115985436811746,2
18.75,P_adj,overclaim,1.4515671039353302,2
18.75,P_far,rescale,0.0,55
18.75,P_far,empty,0.0,55
18.75,P_far,repair,-0.000871005283675357,55
18.75,P_far,repairnet,-0.003452547836807224,55
18.75,P_far,inc_left,-5.932456060931655e-12,55
18.75,P_far,inc_moved,-0.32664009889129864,55
18.75,P_far,led_fix_pbl,-0.0017927987628156253,55
18.75,P_far,led_fix_free,-0.0034017596413423064,55
18.75,P_far,led_fix_evap,0.0,55
18.75,P_far,led_fix_fcg,0.0,55
18.75,P_far,led_inc_pbl,-0.11980668581179213,55
18.75,P_far,led_inc_free,-0.20270239507399807,55
18.75,P_far,led_inc_evap,-0.2672083263535984,55
18.75,P_far,led_inc_fcg,-0.002381723578459532,55
18.75,P_far,overclaim,0.0009217980100583612,55
19.0,N,rescale,0.0,3
19.0,N,empty,0.0,3
19.0,N,repair,-0.002143992855576168,3
19.0,N,repairnet,-0.008560953310473485,3
19.0,N,inc_left,-7.79231220871364e-12,3
19.0,N,inc_moved,-0.401970882455879,3
19.0,N,led_fix_pbl,-0.007472147080714264,3
19.0,N,led_fix_free,-0.005376791940910398,3
19.0,N,led_fix_evap,0.0,3
19.0,N,led_fix_fcg,0.0,3
19.0,N,led_inc_pbl,-0.2308598167870938,3
19.0,N,led_inc_free,-0.18493968531829058,3
19.0,N,led_inc_evap,-0.32200920108460945,3
19.0,N,led_inc_fcg,-0.005582653831171836,3
19.0,N,overclaim,2.484412239885646,3
19.0,P,rescale,0.0,57
19.0,P,empty,0.0,57
19.0,P,repair,-0.0007076356337808977,57
19.0,P,repairnet,-0.0027931713386218026,57
19.0,P,inc_left,-5.61137248160133e-12,57
19.0,P,inc_moved,-0.7759541387793341,57
19.0,P,led_fix_pbl,-0.0014547160392811766,57
19.0,P,led_fix_free,-0.002753726566903081,57
19.0,P,led_fix_evap,0.0,57
19.0,P,led_fix_fcg,0.0,57
19.0,P,led_inc_pbl,-0.32728070833830203,57
19.0,P,led_inc_free,-0.44459843260382753,57
19.0,P,led_inc_evap,-0.6246764895754977,57
19.0,P,led_inc_fcg,-0.015236837268151678,57
19.0,P,overclaim,1.448684020322078,57
19.0,P_adj,rescale,0.0,2
19.0,P_adj,empty,0.0,2
19.0,P_adj,repair,0.0,2
19.0,P_adj,repairnet,-1.0880921540451792e-23,2
19.0,P_adj,inc_left,-1.99152421734212e-12,2
19.0,P_adj,inc_moved,-0.52355071543257,2
19.0,P_adj,led_fix_pbl,-1.0868874446362751e-23,2
19.0,P_adj,led_fix_free,-1.2047094088831834e-26,2
19.0,P_adj,led_fix_evap,0.0,2
19.0,P_adj,led_fix_fcg,0.0,2
19.0,P_adj,led_inc_pbl,-0.2414651930104203,2
19.0,P_adj,led_inc_free,-0.2818892524454107,2
19.0,P_adj,led_inc_evap,-0.4185248755567057,2
19.0,P_adj,led_inc_fcg,-0.014336574633071412,2
19.0,P_adj,overclaim,1.4478724709854294,2
19.0,P_far,rescale,0.0,55
19.0,P_far,empty,0.0,55
19.0,P_far,repair,-0.0007076356337808977,55
19.0,P_far,repairnet,-0.002793171338621802,55
19.0,P_far,inc_left,-3.6198482642592108e-12,55
19.0,P_far,inc_moved,-0.252403423346764,55
19.0,P_far,led_fix_pbl,-0.0014547160392811766,55
19.0,P_far,led_fix_free,-0.002753726566903081,55
19.0,P_far,led_fix_evap,0.0,55
19.0,P_far,led_fix_fcg,0.0,55
19.0,P_far,led_inc_pbl,-0.0858155153278817,55
19.0,P_far,led_inc_free,-0.16270918015841673,55
19.0,P_far,led_inc_evap,-0.20615161401879203,55
19.0,P_far,led_inc_fcg,-0.0009002626350802637,55
19.0,P_far,overclaim,0.0008115493366485854,55
19.25,N,rescale,0.0,3
19.25,N,empty,0.0,3
19.25,N,repair,-0.0019044330369090907,3
19.25,N,repairnet,-0.007604392215411702,3
19.25,N,inc_left,-6.969091353691251e-12,3
19.25,N,inc_moved,-0.3614000470324814,3
19.25,N,led_fix_pbl,-0.006637244172460882,3
19.25,N,led_fix_free,-0.00477601411676842,3
19.25,N,led_fix_evap,0.0,3
19.25,N,led_fix_fcg,0.0,3
19.25,N,led_inc_pbl,-0.20950332080014245,3
19.25,N,led_inc_free,-0.16426876482924296,3
19.25,N,led_inc_evap,-0.29043472947749,3
19.25,N,led_inc_fcg,-0.004957208420320304,3
19.25,N,overclaim,2.5055579891366975,3
19.25,P,rescale,0.0,57
19.25,P,empty,0.0,57
19.25,P,repair,-0.0006072086829181077,57
19.25,P,repairnet,-0.0023832742076690806,57
19.25,P,inc_left,-2.637099341510631e-12,57
19.25,P,inc_moved,-0.5649227126089779,57
19.25,P,led_fix_pbl,-0.001245438640827031,57
19.25,P,led_fix_free,-0.00235225293267828,57
19.25,P,led_fix_evap,0.0,57
19.25,P,led_fix_fcg,0.0,57
19.25,P,led_inc_pbl,-0.23172959980265218,57
19.25,P,led_inc_free,-0.3310185662924266,57
19.25,P,led_inc_evap,-0.45247687016306226,57
19.25,P,led_inc_fcg,-0.011890897624622638,57
19.25,P,overclaim,1.443650758067034,57
19.25,P_adj,rescale,0.0,2
19.25,P_adj,empty,0.0,2
19.25,P_adj,repair,0.0,2
19.25,P_adj,repairnet,-9.705862911937015e-24,2
19.25,P_adj,inc_left,2.558541530619257e-13,2
19.25,P_adj,inc_moved,-0.34121235296167385,2
19.25,P_adj,led_fix_pbl,-9.695116814440402e-24,2
19.25,P_adj,led_fix_free,-1.0746097495392434e-26,2
19.25,P_adj,led_fix_evap,0.0,2
19.25,P_adj,led_fix_fcg,0.0,2
19.25,P_adj,led_inc_pbl,-0.15291165144161928,2
19.25,P_adj,led_inc_free,-0.188208069876155,2
19.25,P_adj,led_inc_evap,-0.2711255554195932,2
19.25,P_adj,led_inc_fcg,-0.009570938436334993,2
19.25,P_adj,overclaim,1.4429649463958911,2
19.25,P_far,rescale,0.0,55
19.25,P_far,empty,0.0,55
19.25,P_far,repair,-0.0006072086829181077,55
19.25,P_far,repairnet,-0.002383274207669081,55
19.25,P_far,inc_left,-2.8929534945725567e-12,55
19.25,P_far,inc_moved,-0.22371035964730404,55
19.25,P_far,led_fix_pbl,-0.001245438640827031,55
19.25,P_far,led_fix_free,-0.00235225293267828,55
19.25,P_far,led_fix_evap,0.0,55
19.25,P_far,led_fix_fcg,0.0,55
19.25,P_far,led_inc_pbl,-0.07881794836103287,55
19.25,P_far,led_inc_free,-0.14281049641627155,55
19.25,P_far,led_inc_evap,-0.18135131474346894,55
19.25,P_far,led_inc_fcg,-0.0023199591882876475,55
19.25,P_far,overclaim,0.0006858116711424269,55
19.5,N,rescale,0.0,3
19.5,N,empty,0.0,3
19.5,N,repair,-0.001716588094298162,3
19.5,N,repairnet,-0.0068543149989588655,3
19.5,N,inc_left,-3.894512104783042e-12,3
19.5,N,inc_moved,-0.29917387487082264,3
19.5,N,led_fix_pbl,-0.005982562238827282,3
19.5,N,led_fix_free,-0.0043049289487284885,3
19.5,N,led_fix_evap,0.0,3
19.5,N,led_fix_fcg,0.0,3
19.5,N,led_inc_pbl,-0.1626859994769105,3
19.5,N,led_inc_free,-0.1478636310862287,3
19.5,N,led_inc_evap,-0.23587419397109738,3
19.5,N,led_inc_fcg,-0.004422433857614176,3
19.5,N,overclaim,2.527058628257899,3
19.5,P,rescale,0.0,57
19.5,P,empty,0.0,57
19.5,P,repair,-0.0005574870325646857,57
19.5,P,repairnet,-0.002171531448612126,57
19.5,P,inc_left,-1.3114933571617397e-12,57
19.5,P,inc_moved,-0.35419776336216724,57
19.5,P,led_fix_pbl,-0.0011393604363198312,57
19.5,P,led_fix_free,-0.002147145077421711,57
19.5,P,led_fix_evap,0.0,57
19.5,P,led_fix_fcg,0.0,57
19.5,P,led_inc_pbl,-0.12468397160625098,57
19.5,P,led_inc_free,-0.22717331792140222,57
19.5,P,led_inc_evap,-0.2794625147499093,57
19.5,P,led_inc_fcg,-0.006031950033720317,57
19.5,P,overclaim,1.4376173014817235,57
19.5,P_adj,rescale,0.0,2
19.5,P_adj,empty,0.0,2
19.5,P_adj,repair,0.0,2
19.5,P_adj,repairnet,-2.6783354002335737e-24,2
19.5,P_adj,inc_left,3.756557133573212e-13,2
19.5,P_adj,inc_moved,-0.15930225454982935,2
19.5,P_adj,led_fix_pbl,-2.6753700118289177e-24,2
19.5,P_adj,led_fix_free,-2.9653884046592284e-27,2
19.5,P_adj,led_fix_evap,0.0,2
19.5,P_adj,led_fix_fcg,0.0,2
19.5,P_adj,led_inc_pbl,-0.0625221543918206,2
19.5,P_adj,led_inc_free,-0.0968246158275066,2
19.5,P_adj,led_inc_evap,-0.12347760592531551,2
19.5,P_adj,led_inc_fcg,-0.004834750569202525,2
19.5,P_adj,overclaim,1.4370645924757188,2
19.5,P_far,rescale,0.0,55
19.5,P_far,empty,0.0,55
19.5,P_far,repair,-0.0005574870325646857,55
19.5,P_far,repairnet,-0.0021715314486121257,55
19.5,P_far,inc_left,-1.68714907051906e-12,55
19.5,P_far,inc_moved,-0.19489550881233794,55
19.5,P_far,led_fix_pbl,-0.0011393604363198312,55
19.5,P_far,led_fix_free,-0.002147145077421711,55
19.5,P_far,led_fix_evap,0.0,55
19.5,P_far,led_fix_fcg,0.0,55
19.5,P_far,led_inc_pbl,-0.0621618172144304,55
19.5,P_far,led_inc_free,-0.13034870209389565,55
19.5,P_far,led_inc_evap,-0.15598490882459384,55
19.5,P_far,led_inc_fcg,-0.001197199464517792,55
19.5,P_far,overclaim,0.0005527090060047793,55
19.75,N,rescale,0.0,4
19.75,N,empty,0.0,4
19.75,N,repair,-0.0011511362603379529,4
19.75,N,repairnet,-0.004596434705824948,4
19.75,N,inc_left,9.796075498723465e-13,4
19.75,N,inc_moved,5.997256163109471,4
19.75,N,led_fix_pbl,-0.00401184108891681,4
19.75,N,led_fix_free,-0.00288686613758288,4
19.75,N,led_fix_evap,0.0,4
19.75,N,led_fix_fcg,0.0,4
19.75,N,led_inc_pbl,0.5855117684810446,4
19.75,N,led_inc_free,-0.18583938044552545,4
19.75,N,led_inc_evap,0.47379400978465236,4
19.75,N,led_inc_fcg,-0.006468363849110925,4
19.75,N,overclaim,4.007758249413032,4
19.75,P,rescale,0.0,56
19.75,P,empty,0.0,56
19.75,P,repair,-0.00018834181780884052,56
19.75,P,repairnet,-0.0007345294127560354,56
19.75,P,inc_left,7.826939774274989e-13,56
19.75,P,inc_moved,0.7732105771136627,56
19.75,P,led_fix_pbl,-0.0003798030200604554,56
19.75,P,led_fix_free,-0.0007314100283129271,56
19.75,P,led_fix_evap,0.0,56
19.75,P,led_fix_fcg,0.0,56
19.75,P,led_inc_pbl,0.8056089243324486,56
19.75,P,led_inc_free,-0.02588049811428189,56
19.75,P,led_inc_evap,0.7714843113217983,56
19.75,P,led_inc_fcg,0.009873215207813098,56
19.75,P,overclaim,0.0004192058890944402,56
19.75,P_adj,rescale,0.0,2
19.75,P_adj,empty,0.0,2
19.75,P_adj,repair,-0.0001537421940071084,2
19.75,P_adj,repairnet,-0.000482122587641547,2
19.75,P_adj,inc_left,2.612983465520181e-12,2
19.75,P_adj,inc_moved,0.7153427708631108,2
19.75,P_adj,led_fix_pbl,-0.00029311940909466884,2
19.75,P_adj,led_fix_free,-0.000496487566561095,2
19.75,P_adj,led_fix_evap,0.0,2
19.75,P_adj,led_fix_fcg,0.0,2
19.75,P_adj,led_inc_pbl,0.7437616062301794,2
19.75,P_adj,led_inc_free,-0.02894407356554782,2
19.75,P_adj,led_inc_evap,0.7098403170486518,2
19.75,P_adj,led_inc_fcg,-0.0012668299777454763,2
19.75,P_adj,overclaim,0.00041920584763708343,2
19.75,P_far,rescale,0.0,54
19.75,P_far,empty,0.0,54
19.75,P_far,repair,-3.4599623801732124e-05,54
19.75,P_far,repairnet,-0.0002524068251144884,54
19.75,P_far,inc_left,-1.8302894880926818e-12,54
19.75,P_far,inc_moved,0.05786780625055181,54
19.75,P_far,led_fix_pbl,-8.66836109657866e-05,54
19.75,P_far,led_fix_free,-0.00023492246175183223,54
19.75,P_far,led_fix_evap,0.0,54
19.75,P_far,led_fix_fcg,0.0,54
19.75,P_far,led_inc_pbl,0.06184731810226914,54
19.75,P_far,led_inc_free,0.003063575451265921,54
19.75,P_far,led_inc_evap,0.06164399427314656,54
19.75,P_far,led_inc_fcg,0.011140045185558575,54
19.75,P_far,overclaim,4.145735672942779e-11,54
