time,untagged,untagged_relative,overclaimed,overclaimed_relative,orphaned,orphaned_relative,orphaned_volume_fraction,nonpositive_mass,nonpositive_mass_fraction,source_negative,source_negative_relative,source_minimum,repair_moved,repair_moved_relative,repair_gross,repair_gross_relative,repair_events,increment_left,increment_left_relative,increment_left_net_abs,increment_left_net_abs_relative,increment_moved_net_abs,increment_moved_net_abs_relative
0.0,2.798899160482885e-9,2.6429235736493592e-18,1.4229920488648097e-9,1.3436922930840986e-18,0.0,0.0,0.0,0.0,0.0,-0.0,-0.0,0.0,0.0,0.0,0.0,0.0,0.0,0.0,0.0,0.0,0.0,0.0,0.0
21600.0,2.6668765538576825e-5,2.5183135413962677e-14,2.5212072231098586e-5,2.3807589749287143e-14,0.0,0.0,0.0,0.0,0.0,-0.0,-0.0,1.3207855139613909e-162,0.0,0.0,0.0,0.0,0.0,1.135043652126524e-6,1.0718140646935388e-15,5.031572678825908e-5,4.7512801420365137e-14,1.0215694782306492e7,0.00964661167680974
43200.0,4.129550356916194e-5,3.9010925364070516e-14,3.99325658868843e-5,3.772338905614866e-14,0.0,0.0,0.0,0.0,0.0,-0.0,-0.0,9.00093462417319e-136,0.0,0.0,0.0,0.0,0.0,7.286387342846387e-7,6.883284818876882e-16,8.287032212210693e-5,7.828571325659229e-14,1.323682154423589e7,0.012504525013355746
64800.0,6.878959124666741e-5,6.500645957906867e-14,6.687768877383742e-5,6.319970351951488e-14,0.0,0.0,0.0,0.0,0.0,-0.0,-0.0,5.342045622570056e-123,0.0,0.0,0.0,0.0,0.0,1.5310918089074857e-6,1.4468883443526708e-15,0.00013878423262965437,1.3115169671965107e-13,1.717436323207581e7,0.01622984711798628
86400.0,7.905616295457672e-5,7.477594828181865e-14,7.627538855416432e-5,7.21457290177226e-14,0.0,0.0,0.0,0.0,0.0,-0.0,-0.0,6.729246802741587e-121,0.0,0.0,0.0,0.0,0.0,1.9928182400299438e-6,1.8849241865831937e-15,0.0001585440302191584,1.4996022777971867e-13,1.8025117908074636e7,0.017049212029709854
108000.0,9.335205606658308e-5,8.832391104868779e-14,9.058660856939895e-5,8.570741657558382e-14,0.0,0.0,0.0,0.0,0.0,-0.0,-0.0,1.809004542114914e-115,0.0,0.0,0.0,0.0,0.0,3.5271222984454714e-6,3.337143810989484e-15,0.0001899138408494144,1.7968466783564326e-13,2.046167180193091e7,0.0193595616025015
129600.0,0.0001085719425505812,1.0279607964429807e-13,0.00010435980441274614,9.880802087591085e-14,0.0,0.0,0.0,0.0,0.0,-0.0,-0.0,4.7064661075230546e-114,0.0,0.0,0.0,0.0,0.0,6.209989012645944e-6,5.879627002499009e-15,0.00021967076770391166,2.0798461556396388e-13,2.240426045652414e7,0.02121238773256272
151200.0,0.00013201865432314734,1.2506211554700666e-13,0.00012470411176501307,1.1813300260256048e-13,0.0,0.0,0.0,0.0,0.0,-0.0,-0.0,1.0205488510574028e-112,0.0,0.0,0.0,0.0,0.0,8.920197295711799e-6,8.450159946091851e-15,0.0002647425466653146,2.5079230757968123e-13,2.4205883482219547e7,0.022930388228021376
172800.0,0.00015660158549847867,1.4845540290714262e-13,0.00014695997610981475,1.3931533576215643e-13,0.0,0.0,0.0,0.0,0.0,-0.0,-0.0,3.684147083876395e-110,0.0,0.0,0.0,0.0,0.0,1.2884879523314014e-5,1.2214627169672915e-14,0.00031779912257516536,3.0126768279680605e-13,2.617315303867265e7,0.024811664373246074
194400.0,0.0001713532050547199,1.6256055060897361e-13,0.00015569349436953353,1.4770438733762892e-13,0.0,0.0,0.0,0.0,0.0,-0.0,-0.0,2.2080326634827438e-107,0.0,0.0,0.0,0.0,0.0,1.9831406720241996e-5,1.8813796886749502e-14,0.0003474439641018258,3.296155568967661e-13,2.8182940616990987e7,0.026736788162293357
216000.0,0.00019519267495499073,1.8525285799915744e-13,0.0001800975304848018,1.7092640514605988e-13,0.0,0.0,0.0,0.0,0.0,-0.0,-0.0,1.1868812508885791e-105,0.0,0.0,0.0,0.0,0.0,1.8247478702600488e-5,1.731826044043395e-14,0.0003999001641982015,3.7953600640562873e-13,3.0733893233178727e7,0.02916882798086656
237600.0,0.00021261239486839137,2.0191967893481134e-13,0.0001960030640625529,1.861456656383948e-13,0.0,0.0,0.0,0.0,0.0,-0.0,-0.0,4.661181988701026e-102,0.0,0.0,0.0,0.0,0.0,1.8481897957471947e-5,1.7552405183097296e-14,0.00043785524982841654,4.158346060680183e-13,3.2523861385467317e7,0.03088816930329494
259200.0,0.00023146763013208785,2.199091294561606e-13,0.00021576489469601746,2.0499052127817875e-13,0.0,0.0,0.0,0.0,0.0,-0.0,-0.0,1.1516838455321293e-100,0.0,0.0,0.0,0.0,0.0,1.662047893814344e-5,1.579052350579578e-14,0.00048057078504472496,4.565731412247206e-13,3.520097945935545e7,0.03344319352340372
280800.0,0.0002472841249158458,2.351368308049167e-13,0.00022834549511526663,2.1712851994949394e-13,0.0,0.0,0.0,0.0,0.0,-0.0,-0.0,2.6883196948026127e-97,0.0,0.0,0.0,0.0,0.0,2.0701638033221854e-5,1.9684715148046265e-14,0.0005161173589174514,4.907642176405505e-13,3.658316968514394e7,0.03478610114373757
302400.0,0.00026949396125903574,2.5635819483447417e-13,0.0002499041638602967,2.37723250011029e-13,0.0,0.0,0.0,0.0,0.0,-0.0,-0.0,6.060416779251061e-96,0.0,0.0,0.0,0.0,0.0,2.223826815173712e-5,2.1154322913174966e-14,0.0005650133438327716,5.374732710360608e-13,3.832938461311884e7,0.03646112069684072
324000.0,0.00028921763055346137,2.7525760384182517e-13,0.0002698362980184805,2.5681177416459777e-13,0.0,0.0,0.0,0.0,0.0,-0.0,-0.0,1.5306760637098503e-94,0.0,0.0,0.0,0.0,0.0,2.2673882542749335e-5,2.1579454082950537e-14,0.0006110436942648844,5.815496890841116e-13,4.055758896627951e7,0.038599945428970446
345600.0,0.00030487850806239117,2.902816110931854e-13,0.0002883304927036045,2.7452587747564766e-13,0.0,0.0,0.0,0.0,0.0,-0.0,-0.0,3.1165011120609824e-93,0.0,0.0,0.0,0.0,0.0,2.020940396611598e-5,1.924182317671483e-14,0.0006512745726782279,6.200930115492876e-13,4.257610518846854e7,0.04053765707109924
367200.0,0.0003220320213560379,3.0682260597113294e-13,0.00030739017706789756,2.928722888511347e-13,0.0,0.0,0.0,0.0,0.0,-0.0,-0.0,2.372291415859131e-92,0.0,0.0,0.0,0.0,0.0,1.9406444785960067e-5,1.8489887858947022e-14,0.0006968943798538285,6.639803980144759e-13,4.42454910729023e7,0.042155798098262164
388800.0,0.0003312447224240173,3.1579775054621445e-13,0.00031858582379081266,3.037291757369189e-13,0.0,0.0,0.0,0.0,0.0,-0.0,-0.0,1.64493735600328e-90,0.0,0.0,0.0,0.0,0.0,1.6869574858875106e-5,1.608289410354531e-14,0.0007239648948806496,6.90204159645681e-13,4.6417716156682156e7,0.04425311365114766
410400.0,0.00034311268390040686,3.2729424699746054e-13,0.0003338111977015753,3.18421584853943e-13,0.0,0.0,0.0,0.0,0.0,-0.0,-0.0,6.347089893294016e-89,0.0,0.0,0.0,0.0,0.0,1.4457592337761045e-5,1.3791057630959663e-14,0.0007599820107907645,7.249447532099359e-13,4.9497989984282576e7,0.047215996726299975
432000.0,0.00036131715381106235,3.4478129869925623e-13,0.00034971510222432916,3.3371022064094354e-13,0.0,0.0,0.0,0.0,0.0,-0.0,-0.0,9.399524537524832e-88,0.0,0.0,0.0,0.0,0.0,1.6655475071741802e-5,1.5893229162020508e-14,0.0008018026290654124,7.651077421422636e-13,5.160963367123028e7,0.049247693708625806
453600.0,0.00037982211200423904,3.6253453118551476e-13,0.00037581827314980295,3.587129268182073e-13,0.0,0.0,0.0,0.0,0.0,-0.0,-0.0,1.05732931080889e-86,0.0,0.0,0.0,0.0,0.0,9.458692072368977e-6,9.02818026572966e-15,0.000854626910575473,8.157286176128314e-13,5.495118149013261e7,0.05245008173561265
475200.0,0.00039095875906317403,3.7332905231200207e-13,0.00039002723028253565,3.724395294433742e-13,0.0,0.0,0.0,0.0,0.0,-0.0,-0.0,1.7249021464095026e-85,0.0,0.0,0.0,0.0,0.0,9.625304301864584e-6,9.19126544661733e-15,0.0008911590650759968,8.509735656550726e-13,5.66165282374112e7,0.05406348967015475
496800.0,0.0003949359121894005,3.7726369402750714e-13,0.0004055184884386557,3.8737273117732984e-13,0.0,0.0,0.0,0.0,0.0,-0.0,-0.0,5.2252605058984425e-84,0.0,0.0,0.0,0.0,0.0,-7.904719517589595e-7,-7.551006615035353e-16,0.0009207458595696053,8.795451958675648e-13,5.920193591964529e7,0.056552823760210515
518400.0,0.0004181060375667322,3.995669940380059e-13,0.000424805297666672,4.059692053908723e-13,0.0,0.0,0.0,0.0,0.0,-0.0,-0.0,2.655645391279967e-83,0.0,0.0,0.0,0.0,0.0,5.502007676134072e-6,5.2580457367254466e-15,0.0009742758119857207,9.310759055875606e-13,6.105420695402166e7,0.05834703102582949
540000.0,0.00041881121333470987,4.0045042370574504e-13,0.00043493502719709035,4.1586736548610426e-13,0.0,0.0,0.0,0.0,0.0,-0.0,-0.0,1.5555557336247484e-82,0.0,0.0,0.0,0.0,0.0,-9.50755145554072e-7,-9.09073799256825e-16,0.0009955797089705861,9.519332424642893e-13,6.198034556028681e7,0.05926311151848124
561600.0,0.00044339699549781134,4.2406463773108017e-13,0.0004554231155953397,4.355664122452334e-13,0.0,0.0,0.0,0.0,0.0,-0.0,-0.0,1.2699872972554786e-81,0.0,0.0,0.0,0.0,0.0,5.8925073577998365e-6,5.635590731073067e-15,0.0010553712838624694,1.0093565037815693e-12,6.497489166413177e7,0.0621419499341245
583200.0,0.0004629962847551153,4.4296478908850626e-13,0.00046534734172262585,4.4521412777229116e-13,0.0,0.0,0.0,0.0,0.0,-0.0,-0.0,6.825222587573586e-81,0.0,0.0,0.0,0.0,0.0,1.6427208613992312e-5,1.5716486802607336e-14,0.0010920215470733706,1.044775325865324e-12,6.636935042402477e7,0.06349788601018463
604800.0,0.0004731550690674704,4.5286992594433024e-13,0.00047605051438765356,4.556412374940755e-13,0.0,0.0,0.0,0.0,0.0,-0.0,-0.0,3.465395175953014e-80,0.0,0.0,0.0,0.0,0.0,1.9957496845680953e-5,1.9101877395820367e-14,0.0011197814115068083,1.0717740505293262e-12,6.727281469711104e7,0.06438868904013158
626400.0,0.00048368714540824806,4.630083796345449e-13,0.000492952661097558,4.718777726843953e-13,0.0,0.0,0.0,0.0,0.0,-0.0,-0.0,1.426341798199068e-79,0.0,0.0,0.0,0.0,0.0,1.509316615423491e-5,1.444789771853237e-14,0.0011580410069454302,1.108532023780794e-12,7.011841518118218e7,0.06712068762584034
648000.0,0.0004979594650183783,4.768006328602254e-13,0.0005127895834792785,4.910006036696735e-13,0.0,0.0,0.0,0.0,0.0,-0.0,-0.0,4.858415337714379e-79,0.0,0.0,0.0,0.0,0.0,1.1235256438285805e-5,1.0757858332753818e-14,0.0012037624792614636,1.1526133194477523e-12,7.14429360512377e7,0.06840724901446656
669600.0,0.0005160512592531864,4.942244394570541e-13,0.0005315915050572019,5.091073975620864e-13,0.0,0.0,0.0,0.0,0.0,-0.0,-0.0,1.587958635079015e-78,0.0,0.0,0.0,0.0,0.0,1.2625059478738202e-5,1.2091072024552623e-14,0.0012521809109479053,1.1992188716052061e-12,7.356626954611912e7,0.0704547226219229
691200.0,0.0005249530344484476,5.029365673458492e-13,0.0005400978755488564,5.174462356327291e-13,0.0,0.0,0.0,0.0,0.0,-0.0,-0.0,6.902094344402336e-78,0.0,0.0,0.0,0.0,0.0,1.7749730226707175e-5,1.7005308676640548e-14,0.0012861044071652145,1.2321653430723478e-12,7.491339200508657e7,0.07177153335794695
712800.0,0.0005361051577507945,5.138574971311987e-13,0.0005541411002078293,5.311449716413439e-13,0.0,0.0,0.0,0.0,0.0,-0.0,-0.0,1.4574107982793741e-77,0.0,0.0,0.0,0.0,0.0,1.606509202637734e-5,1.539841178639435e-14,0.00132602173150015,1.270993569524627e-12,7.54354750792916e7,0.07230500184287818
734400.0,0.0005522360191398023,5.293950058907558e-13,0.0005717077624354563,5.480613791431974e-13,0.0,0.0,0.0,0.0,0.0,-0.0,-0.0,3.364230438717879e-77,0.0,0.0,0.0,0.0,0.0,2.056379438143031e-5,1.9713256054269853e-14,0.0013767342162290313,1.3197911640132682e-12,7.818701947313777e7,0.0749531290969338
756000.0,0.0005612025488546599,5.380722620832734e-13,0.0005798002513950894,5.559034495857242e-13,0.0,0.0,0.0,0.0,0.0,-0.0,-0.0,7.021571983451365e-77,0.0,0.0,0.0,0.0,0.0,2.6951181433481994e-5,2.5840372944360983e-14,0.0014087522527184222,1.350689716007363e-12,8.001793672435391e7,0.07671995130524582
777600.0,0.0005723474333711224,5.488525780653938e-13,0.0005929608219085391,5.686197872494853e-13,0.0,0.0,0.0,0.0,0.0,-0.0,-0.0,1.7530583305983256e-76,0.0,0.0,0.0,0.0,0.0,3.059493354770611e-5,2.93390118908938e-14,0.001451038162169794,1.3914730629389505e-12,8.201889453056648e7,0.07865201988943929
799200.0,0.0005829539835181806,5.591649114165752e-13,0.0006035731078990119,5.789426146039063e-13,0.0,0.0,0.0,0.0,0.0,-0.0,-0.0,3.4214568272244675e-76,0.0,0.0,0.0,0.0,0.0,3.5790185574326753e-5,3.432966668393487e-14,0.0014902246983559977,1.4294119004352533e-12,8.27842305035038e7,0.07940598782225732
820800.0,0.0005949415958044198,5.708009288738362e-13,0.0006257192554492132,6.003297378152538e-13,0.0,0.0,0.0,0.0,0.0,-0.0,-0.0,7.520063179476324e-76,0.0,0.0,0.0,0.0,0.0,3.00989739416301e-5,2.887766195066944e-14,0.0015429180913104478,1.4803118254077661e-12,8.454778901274084e7,0.08111713291360871
842400.0,0.0006095226084460716,5.850041756970646e-13,0.0006432192456601988,6.173453443494783e-13,0.0,0.0,0.0,0.0,0.0,-0.0,-0.0,1.5784968928556546e-75,0.0,0.0,0.0,0.0,0.0,3.0408162210712193e-5,2.918497463759659e-14,0.0015925574775073972,1.5284958448950474e-12,8.597967147005449e7,0.0825210847605399
864000.0,0.0006082804882453259,5.839998053731169e-13,0.0006542417786158044,6.28126462646778e-13,0.0,0.0,0.0,0.0,0.0,-0.0,-0.0,2.627559270166617e-75,0.0,0.0,0.0,0.0,0.0,2.5713097370468638e-5,2.468670974998856e-14,0.0016214437218943212,1.5567206844679225e-12,8.73339487517032e7,0.08384784660870198
885600.0,0.0006196965259884272,5.950833105259642e-13,0.0006697969350804382,6.431938227700424e-13,0.0,0.0,0.0,0.0,0.0,-0.0,-0.0,4.560366025745829e-75,0.0,0.0,0.0,0.0,0.0,2.6087028866038895e-5,2.5050899671622048e-14,0.0016679600876290817,1.6017117559087745e-12,8.886017874604444e7,0.08533081455924212
907200.0,0.0006208689480176108,5.965144994169426e-13,0.0006795131549083103,6.528583056723603e-13,0.0,0.0,0.0,0.0,0.0,-0.0,-0.0,1.0334047751115677e-74,0.0,0.0,0.0,0.0,0.0,2.3199021579540302e-5,2.2289007670085323e-14,0.0016930135256989988,1.6266027138464744e-12,8.920804447436643e7,0.08570873477164402
928800.0,0.0006339315412204342,6.09344371198332e-13,0.0006932743672588181,6.663855730730266e-13,0.0,0.0,0.0,0.0,0.0,-0.0,-0.0,1.4589259421904081e-74,0.0,0.0,0.0,0.0,0.0,2.6849075385011923e-5,2.58077282702168e-14,0.001733781396484947,1.6665363152661378e-12,8.974669891919091e7,0.0862658540617156
950400.0,0.0006512159187223094,6.261853040518331e-13,0.0007177455610452638,6.901577640435911e-13,0.0,0.0,0.0,0.0,0.0,-0.0,-0.0,2.1219185749769956e-74,0.0,0.0,0.0,0.0,0.0,2.4629868603412846e-5,2.3683176833951698e-14,0.0017926101281835235,1.7237080450449686e-12,8.995467755997874e7,0.08649711332194772
972000.0,0.0006743465240558338,6.48590332540602e-13,0.0007358628291195282,7.077570655697282e-13,0.0,0.0,0.0,0.0,0.0,-0.0,-0.0,3.1727734570538194e-74,0.0,0.0,0.0,0.0,0.0,3.479452824760658e-5,3.3465575696865325e-14,0.0018518762092148019,1.7811450990132332e-12,9.038938386949046e7,0.08693702488366192
993600.0,0.0006862902671149516,6.602195923822002e-13,0.0007600638025113861,7.311906316084778e-13,0.0,0.0,0.0,0.0,0.0,-0.0,-0.0,4.906180812735415e-74,0.0,0.0,0.0,0.0,0.0,2.5649060691893397e-5,2.4674708656696968e-14,0.0019061577247554552,1.8337469382229144e-12,9.123982528318706e7,0.08777382274517843
1.0152e6,0.0006921809946438271,6.647700724126767e-13,0.0007622237255944297,7.320390550722962e-13,0.0,0.0,0.0,0.0,0.0,-0.0,-0.0,6.371932554034294e-72,4.61786792010288e6,0.004434996648844128,4.61786792010288e6,0.004434996648844128,249.0,2.8965343363370253e-5,2.7818292547939446e-14,0.0019305920753788196,1.8541390816563982e-12,1.415961337911383e8,0.13598881339139568
1.0368e6,0.0007022085924949044,6.721818612308199e-13,0.0007701055669819391,7.371755328697321e-13,0.0,0.0,0.0,0.0,0.0,-0.0,-0.0,4.215517817463118e-71,4.61786792010288e6,0.004420405968580303,4.61786792010288e6,0.004420405968580303,249.0,3.221499139611209e-5,3.0837464974954165e-14,0.001965689100386371,1.881635417482356e-12,1.6122165861381146e8,0.1543277534852125
1.0584e6,0.00072244764799702,6.907186147866843e-13,0.0007917290902740134,7.569572993095882e-13,0.0,0.0,0.0,0.0,0.0,-0.0,-0.0,8.816505315082446e-71,4.61786792010288e6,0.004415056706025134,4.61786792010288e6,0.004415056706025134,249.0,3.4911813850174825e-5,3.3378528906751736e-14,0.002028582987099722,1.939490058157313e-12,1.652547276124162e8,0.15799693840773607
1.08e6,0.0007428318344265635,7.100254936050403e-13,0.0008136542429306604,7.777201092985609e-13,0.0,0.0,0.0,0.0,0.0,-0.0,-0.0,1.1511265222970232e-70,4.61786792010288e6,0.0044139249254241154,4.61786792010288e6,0.0044139249254241154,249.0,3.9652689212549105e-5,3.790147234688928e-14,0.002093588106264855,2.0011271187695726e-12,1.6730645569427127e8,0.15991755237487543
1.1016e6,0.0007616049917890328,7.281170099892646e-13,0.0008336645412468332,7.970080811587679e-13,0.0,0.0,0.0,0.0,0.0,-0.0,-0.0,1.2303094056732774e-70,4.61786792010288e6,0.004414818992470621,4.61786792010288e6,0.004414818992470621,249.0,4.253276808757992e-5,4.066259052970333e-14,0.002156463989390601,2.061643672287727e-12,1.6773497740394512e8,0.1603596241288923
1.1232e6,0.0007818329466900871,7.478045459327254e-13,0.000855189639064554,8.17968470674515e-13,0.0,0.0,0.0,0.0,0.0,-0.0,-0.0,1.2768961991327653e-70,4.61786792010288e6,0.004416880406216344,4.61786792010288e6,0.004416880406216344,249.0,4.538534518693813e-5,4.340999901986938e-14,0.002214482192019983,2.1180993421808766e-12,1.6865240963987136e8,0.16131200296064868
1.1448e6,0.0007998330965687477,7.653889889609904e-13,0.0008733053174948594,8.356971934258973e-13,0.0,0.0,0.0,0.0,0.0,-0.0,-0.0,1.2893769017277946e-70,4.61786792010288e6,0.004419003506713652,4.61786792010288e6,0.004419003506713652,249.0,4.856475618138413e-5,4.6473357744594996e-14,0.0022709783133782356,2.173180633166637e-12,1.6905650086992094e8,0.1617762316078275
1.1664e6,0.0008168040957609713,7.820595378315186e-13,0.0008974140170599885,8.592405389098885e-13,0.0,0.0,0.0,0.0,0.0,-0.0,-0.0,1.3138659263954232e-70,4.61786792010288e6,0.004421436755894409,4.61786792010288e6,0.004421436755894409,249.0,4.538557655375753e-5,4.345500127638392e-14,0.0023329686141887193,2.233730665231378e-12,1.695576798459963e8,0.16234517116690564
1.188e6,0.000826643278831387,7.918662789785675e-13,0.000911832975614245,8.734720331487578e-13,0.0,0.0,0.0,0.0,0.0,-0.0,-0.0,1.3410041222514705e-70,4.61786792010288e6,0.004423593562480583,4.61786792010288e6,0.004423593562480583,249.0,4.36735661241441e-5,4.183621300997058e-14,0.002378184252787495,2.2781337043500982e-12,1.6996194510585818e8,0.16281162199636975
1.2096e6,0.0008306382883450403,7.962996476607763e-13,0.0009096400106185575,8.720354336144144e-13,0.0,0.0,0.0,0.0,0.0,-0.0,-0.0,1.4946207218815357e-70,4.61786792010288e6,0.004426964960943919,4.61786792010288e6,0.004426964960943919,249.0,5.329572407081813e-5,5.109247538296653e-14,0.0024046232976446496,2.3052160146462403e-12,1.701276162110774e8,0.16309452952880799
1.2312e6,0.0008361588016871648,8.02210931090038e-13,0.0009172895939441395,8.800478303312065e-13,0.0,0.0,0.0,0.0,0.0,-0.0,-0.0,1.581516661427569e-70,4.61786792010288e6,0.004430383458694403,4.61786792010288e6,0.004430383458694403,249.0,5.693680132723448e-5,5.462517922893068e-14,0.0024311346210612026,2.332431069351346e-12,1.7027865616845596e8,0.16336537872235893
1.2528e6,0.0008395400339520801,8.060775431007156e-13,0.0009328420525993143,8.956607183109074e-13,0.0,0.0,0.0,0.0,0.0,-0.0,-0.0,1.7699315151000562e-70,4.61786792010288e6,0.004433808367514501,4.61786792010288e6,0.004433808367514501,249.0,4.956727548900435e-5,4.7591616871785214e-14,0.0024712038587781206,2.3727063087244922e-12,1.703320638979252e8,0.16354294735866115
1.2744e6,0.0008492406829014591,8.159802457284538e-13,0.0009634274451154218,9.256948933733986e-13,0.0,0.0,0.0,0.0,0.0,-0.0,-0.0,1.8471643656769734e-70,4.61786792010288e6,0.004437009526337446,4.61786792010288e6,0.004437009526337446,249.0,3.3071771602085904e-5,3.177651855578455e-14,0.002519323509513817,2.420654424301866e-12,1.703300769203587e8,0.16365911433443167
1.296e6,0.0008652429062134772,8.318796514007296e-13,0.0009921488075934608,9.538921362677587e-13,0.0,0.0,0.0,0.0,0.0,-0.0,-0.0,1.9553917757479307e-70,4.61786792010288e6,0.00443980566382361,4.61786792010288e6,0.00443980566382361,249.0,2.246283498941737e-5,2.159668135534905e-14,0.0025787599483365095,2.4793244896469103e-12,1.7037524212238368e8,0.16380567353546688
1.3176e6,0.0008842654056440603,8.504943080438201e-13,0.001017827211046698,9.78955236789826e-13,0.0,0.0,0.0,0.0,0.0,-0.0,-0.0,2.0515091039579265e-70,4.61786792010288e6,0.004441506312785194,4.61786792010288e6,0.004441506312785194,249.0,1.6753946810756205e-5,1.6114094601991825e-14,0.0026436319413791327,2.5426686426437254e-12,1.7046911097621745e8,0.16395870250851208
1.3392e6,0.0009139483387298992,8.793524075481955e-13,0.0010323424893354772,9.932649526700774e-13,0.0,0.0,0.0,0.0,0.0,-0.0,-0.0,2.160376259615585e-70,4.61786792010288e6,0.004443066529258304,4.61786792010288e6,0.004443066529258304,249.0,3.431457057892432e-5,3.301565195084526e-14,0.0027110314912267494,2.6084100902925874e-12,1.7056644663762167e8,0.16410994926274455
1.3608e6,0.0009331197653630045,8.980419660665215e-13,0.0010379535283346097,9.989348225934085e-13,0.0,0.0,0.0,0.0,0.0,-0.0,-0.0,2.2521053428355175e-70,4.61786792010288e6,0.004444273221874598,4.61786792010288e6,0.004444273221874598,249.0,5.102046354524643e-5,4.910250440786018e-14,0.0027590594353569748,2.6553409881511443e-12,1.709111352425686e8,0.16448625097571287
1.3824e6,0.000948159636843069,9.106127627018638e-13,0.0010568154526328754,1.0149658365464919e-12,0.0,0.0,0.0,0.0,0.0,-0.0,-0.0,1.650062638101886e-69,5.819064469149905e6,0.0055886310349972,5.819064469149905e6,0.0055886310349972,408.0,4.688735809738697e-5,4.503063095473221e-14,0.0028070856969798718,2.695925836052861e-12,2.1628361361529735e8,0.20771883896800586
1.404e6,0.0009619574413394698,9.214415981814716e-13,0.0010744688371716095,1.0292142250503242e-12,0.0,0.0,0.0,0.0,0.0,-0.0,-0.0,4.6168080855995985e-69,5.819064469149905e6,0.005573976388090861,5.819064469149905e6,0.005573976388090861,408.0,4.291813362768249e-5,4.111050233759971e-14,0.0028580345769602528,2.737659521179179e-12,2.1770376513992268e8,0.20853449088280707
1.4256e6,0.0009647656080939057,9.234651142502468e-13,0.0010883151084001977,1.0417256041129883e-12,0.0,0.0,0.0,0.0,0.0,-0.0,-0.0,6.202613427501547e-69,5.819064469149905e6,0.005569957085690413,5.819064469149905e6,0.005569957085690413,408.0,3.3741716484250816e-5,3.229727283675645e-14,0.002900702683142979,2.776526974242947e-12,2.1831555071063688e8,0.20896971584416224
1.4472e6,0.0009606349761043858,9.196639393063874e-13,0.0010811728406814203,1.0350608695972635e-12,0.0,0.0,0.0,0.0,0.0,-0.0,-0.0,6.33859725963764e-69,5.819064469149905e6,0.005570881641722269,5.819064469149905e6,0.005570881641722269,408.0,4.422096674070178e-5,4.233494457760756e-14,0.00292193287809593,2.7973125775159714e-12,2.1865496402158034e8,0.209329340033453
1.4688e6,0.0009688725318263328,9.281751433341493e-13,0.0010905170415565313,1.0447099882655127e-12,0.0,0.0,0.0,0.0,0.0,-0.0,-0.0,6.408486060368798e-69,5.819064469149905e6,0.005574635279981289,5.819064469149905e6,0.005574635279981289,408.0,4.927708020798379e-5,4.720720165212824e-14,0.0029701880041668625,2.8454255703794743e-12,2.192119703323164e8,0.2100039946433633
1.4904e6,0.0009751979375380717,9.348682134795567e-13,0.0011118086206980298,1.0658293039330381e-12,0.0,0.0,0.0,0.0,0.0,-0.0,-0.0,6.435593198429478e-69,5.819064469149905e6,0.005578414591534304,5.819064469149905e6,0.005578414591534304,408.0,3.871634561085505e-5,3.711521472763995e-14,0.003021382128245775,2.8964315896760364e-12,2.1960696160440013e8,0.21052502262369083
1.512e6,0.0009879977106055297,9.478305047913614e-13,0.0011453398816354962,1.0987759045543829e-12,0.0,0.0,0.0,0.0,0.0,-0.0,-0.0,6.431191196870495e-69,5.819064469149905e6,0.0055824894673363835,5.819064469149905e6,0.0055824894673363835,408.0,1.9058702348083632e-5,1.8283867739107397e-14,0.003089542941504373,2.9639370763581275e-12,2.200202604511581e8,0.21107530137892283
1.5336e6,0.0009945541818914706,9.548050812798042e-13,0.001180864056050274,1.1336687548517267e-12,0.0,0.0,0.0,0.0,0.0,-0.0,-0.0,6.417457845009032e-69,5.819064469149905e6,0.005586495361039461,5.819064469149905e6,0.005586495361039461,408.0,-9.044128291996645e-6,-8.6826638570076e-15,0.0031544344252798814,3.0283619260371643e-12,2.2047176621153027e8,0.2116602257477346
1.5552e6,0.001000607150003419,9.612195937510083e-13,0.0012146457867600576,1.1668328871094785e-12,0.0,0.0,0.0,0.0,0.0,-0.0,-0.0,6.428943513090695e-69,5.819064469149905e6,0.005590004813605506,5.819064469149905e6,0.005590004813605506,408.0,-3.6849096018777e-5,-3.539858085677251e-14,0.003218682068541493,3.0919829728645626e-12,2.2080821610531667e8,0.21211639731028517
1.5768e6,0.0010134779902158037,9.743129791126447e-13,0.00123117582881415,1.183598066424678e-12,0.0,0.0,0.0,0.0,0.0,-0.0,-0.0,6.42605853363759e-69,5.819064469149905e6,0.00559419157921598,5.819064469149905e6,0.00559419157921598,408.0,-4.102071062184963e-5,-3.943549949494383e-14,0.003273599496374453,3.1470939759186006e-12,2.210894561178304e8,0.21254563860305392
1.5984e6,0.0010219551296121944,9.831655961837966e-13,0.0012429916115919263,1.1958123732164024e-12,0.0,0.0,0.0,0.0,0.0,-0.0,-0.0,6.431535310017341e-69,5.819064469149905e6,0.005598194893561252,5.819064469149905e6,0.005598194893561252,408.0,-4.61033822521848e-5,-4.435347304852735e-14,0.0033163376248544923,3.190462050250779e-12,2.2138212481809318e8,0.21297930058221912
1.62e6,0.0010226609370549353,9.84500378263244e-13,0.00126236268613769,1.2152576645657094e-12,0.0,0.0,0.0,0.0,0.0,-0.0,-0.0,6.429612530306514e-69,5.819064469149905e6,0.005601926272371683,5.819064469149905e6,0.005601926272371683,408.0,-6.832052507863396e-5,-6.577114696172797e-14,0.003358526059394283,3.2332027713922715e-12,2.216607644249686e8,0.21338950038606863
1.6416e6,0.001022278432870316,9.846964359752464e-13,0.0012819701047068555,1.234841069264535e-12,0.0,0.0,0.0,0.0,0.0,-0.0,-0.0,6.42245777769926e-69,5.819064469149905e6,0.00560513834513126,5.819064469149905e6,0.00560513834513126,408.0,-8.96963264239625e-5,-8.639882258080735e-14,0.0034009766684791106,3.275946646828248e-12,2.219195280646988e8,0.21376110591031022
1.6632e6,0.0010454085032152783,1.0075148918106955e-12,0.001292650428749765,1.2457948762280884e-12,0.0,0.0,0.0,0.0,0.0,-0.0,-0.0,6.45817200302021e-69,5.819064469149905e6,0.005608137001988513,5.819064469149905e6,0.005608137001988513,408.0,-7.916213524592518e-5,-7.629269312665786e-14,0.00345418775684282,3.3289815353765735e-12,2.2219136605230036e8,0.21413744908420254
1.6848e6,0.0010686456491261237,1.0303851320598563e-12,0.0013108346533606868,1.2639030894068414e-12,0.0,0.0,0.0,0.0,0.0,-0.0,-0.0,6.451437460263217e-69,5.819064469149905e6,0.005610725609946499,5.819064469149905e6,0.005610725609946499,408.0,-7.437454480529166e-5,-7.171172711343496e-14,0.003518234811889585,3.3922721196037807e-12,2.2247599214486262e8,0.2145107264824291
1.7064e6,0.0010939526644889088,1.0552365558708083e-12,0.001328387981445628,1.2813749661241138e-12,0.0,0.0,0.0,0.0,0.0,-0.0,-0.0,6.585847471465265e-69,5.819064469149905e6,0.00561312179963907,5.819064469149905e6,0.00561312179963907,408.0,-6.764568951175624e-5,-6.525163906725456e-14,0.0035822886301650914,3.45550775544447e-12,2.227959761680615e8,0.21491099769229868
1.728e6,0.0011195096969323541,1.0802840032631671e-12,0.0013374120706169156,1.2905514526738607e-12,0.0,0.0,0.0,0.0,0.0,-0.0,-0.0,7.565167747524122e-69,5.819064469149905e6,0.0056151744618247465,5.819064469149905e6,0.0056151744618247465,408.0,-5.2515534892571595e-5,-5.0675480902673924e-14,0.0036374787014123965,3.510027705980406e-12,2.2309141496642646e8,0.21527467561376387
1.7496e6,0.0011520406207751954,1.112032491413365e-12,0.0013466691006376707,1.2999019028372683e-12,0.0,0.0,0.0,0.0,0.0,-0.0,-0.0,7.557306783419995e-69,5.819064469149905e6,0.005616979681644821,5.819064469149905e6,0.005616979681644821,408.0,-2.844998117096422e-5,-2.7461968676870326e-14,0.003703044073196921,3.574444557137034e-12,2.2339137128284308e8,0.21563342358601034
1.7712e6,0.0011679833606607014,1.1277335228949307e-12,0.0013756430428852441,1.328237051357744e-12,0.0,0.0,0.0,0.0,0.0,-0.0,-0.0,7.678263888778164e-69,5.819064469149905e6,0.005618533871950854,5.819064469149905e6,0.005618533871950854,408.0,-4.2460873463914014e-5,-4.0997630642245135e-14,0.003770488672148819,3.640553980899605e-12,2.2368914363330102e8,0.2159805991073657
1.7928e6,0.0012004214043695458,1.1593093628107863e-12,0.0013862450758697136,1.3387689437694928e-12,0.0,0.0,0.0,0.0,0.0,-0.0,-0.0,8.0372011383477e-69,5.819064469149905e6,0.005619773104119276,5.819064469149905e6,0.005619773104119276,408.0,-2.0479166273509228e-5,-1.9777795628283656e-14,0.0038348065140152263,3.70347203080781e-12,2.2398780121082816e8,0.216316665259307
1.8144e6,0.0012279957668847334,1.1861417736868706e-12,0.0014005913096499692,1.352854712563981e-12,0.0,0.0,0.0,0.0,0.0,-0.0,-0.0,8.487361082286344e-69,5.819064469149905e6,0.00562073228326006,5.819064469149905e6,0.00562073228326006,408.0,-6.49109344130176e-6,-6.269856375128358e-15,0.003895211109111466,3.762449951735022e-12,2.2429898226658872e8,0.21665416106179824
1.836e6,0.0012444781406559743,1.2022328000097279e-12,0.0014281503549007342,1.3796700351057737e-12,0.0,0.0,0.0,0.0,0.0,-0.0,-0.0,8.848701585507496e-69,5.819064469149905e6,0.005621529170850387,5.819064469149905e6,0.005621529170850387,408.0,-1.7411228949877113e-5,-1.682018337500696e-14,0.003959825924833236,3.825404764967591e-12,2.246216105099126e8,0.21699655375520102
1.8576e6,0.0012680452431342464,1.2251363215595988e-12,0.0014423437510743622,1.3935368057120974e-12,0.0,0.0,0.0,0.0,0.0,-0.0,-0.0,9.654043804417053e-69,5.819064469149905e6,0.0056221552639803725,5.819064469149905e6,0.0056221552639803725,408.0,-5.90870466063959e-6,-5.708762153647907e-15,0.00401400035598099,3.878172058522394e-12,2.2495062484275943e8,0.21733860250222528
1.8792e6,0.0012840979453269529,1.2407567526709678e-12,0.0014617709447709054,1.4124328889264925e-12,0.0,0.0,0.0,0.0,0.0,-0.0,-0.0,1.0577147244273115e-68,5.819064469149905e6,0.005622657960477541,5.819064469149905e6,0.005622657960477541,408.0,-8.017000759052548e-6,-7.746408959037788e-15,0.004060470994927948,3.923420969806693e-12,2.2528549203363487e8,0.21768160017448074
1.9008e6,0.0013270207949421327,1.2823188418392595e-12,0.0014663980962549843,1.4170010866687167e-12,0.0,0.0,0.0,0.0,0.0,-0.0,-0.0,1.1723763555044814e-68,5.819064469149905e6,0.005623043767745691,5.819064469149905e6,0.005623043767745691,408.0,3.0166514324733914e-5,2.915032670072595e-14,0.004127928516213979,3.9888753320836904e-12,2.2565371545821574e8,0.21805235619968044
1.9224e6,0.001343317282819415,1.2981248870655162e-12,0.0014881313333159057,1.4380670476783107e-12,0.0,0.0,0.0,0.0,0.0,-0.0,-0.0,1.240115490682581e-68,5.819064469149905e6,0.005623297268228226,5.819064469149905e6,0.005623297268228226,408.0,2.66167982094869e-5,2.572134566542364e-14,0.004191201160566966,4.050199162040603e-12,2.2604972676560256e8,0.21844487507292537
1.944e6,0.0013523420912634147,1.3068203329994913e-12,0.0015012730362183777,1.4507380505188404e-12,0.0,0.0,0.0,0.0,0.0,-0.0,-0.0,1.241940585924938e-68,5.819064469149905e6,0.005623186482508705,5.819064469149905e6,0.005623186482508705,408.0,2.3426841826022782e-5,2.263826100954086e-14,0.004241331725452591,4.098562467015338e-12,2.263355260916332e8,0.21871675036037164
1.9656e6,0.0013569118648746078,1.3111335950599093e-12,0.001521188597783236,1.4698681075796965e-12,0.0,0.0,0.0,0.0,0.0,-0.0,-0.0,1.239375543084045e-68,5.819064469149905e6,0.005622746115516461,5.819064469149905e6,0.005622746115516461,408.0,9.92775682699366e-6,9.592823112840582e-15,0.004289561097229615,4.144843750157292e-12,2.2684278211606058e8,0.21918976473590412
1.9872e6,0.0013803007534758218,1.3336401856306708e-12,0.001532096510755287,1.4803045422256774e-12,0.0,0.0,0.0,0.0,0.0,-0.0,-0.0,1.2641186884484859e-68,5.819064469149905e6,0.005622353098983409,5.819064469149905e6,0.005622353098983409,408.0,2.5376365624973967e-5,2.451852676128737e-14,0.004352271747017424,4.205144774420435e-12,2.2743842954244515e8,0.21974995567503902
2.0088e6,0.0014140455604505723,1.3662218265117912e-12,0.0015344967815708595,1.4825993265918436e-12,0.0,0.0,0.0,0.0,0.0,-0.0,-0.0,1.3265895526018488e-68,5.819064469149905e6,0.005622260774326546,5.819064469149905e6,0.005622260774326546,408.0,5.901942816370498e-5,5.702336134049693e-14,0.004417388091528388,4.267989798642917e-12,2.2800150540656352e8,0.22029037951559108
2.0304e6,0.0014196545062879042,1.3717008131767001e-12,0.0015521909053857893,1.4997603414723908e-12,0.0,0.0,0.0,0.0,0.0,-0.0,-0.0,1.4207659101380596e-68,5.819064469149905e6,0.005622505637045345,5.819064469149905e6,0.005622505637045345,408.0,4.9811169951560374e-5,4.812862708864022e-14,0.004468154782597464,4.317227551874058e-12,2.285357900368174e8,0.22081621101825188
2.052e6,0.0014472550442527045,1.3984830530132769e-12,0.0015677103712001053,1.5148790773699207e-12,0.0,0.0,0.0,0.0,0.0,-0.0,-0.0,1.55039999747682e-68,5.819064469149905e6,0.005622964022004745,5.819064469149905e6,0.005622964022004745,408.0,6.334873083339081e-5,6.121390065435326e-14,0.004513762285447121,4.361650067550959e-12,2.290577166735205e8,0.22133855135066427
2.0736e6,0.0014714551789457666,1.4220023679861199e-12,0.00158289440275972,1.529696331361553e-12,0.0,0.0,0.0,0.0,0.0,-0.0,-0.0,1.7143857694373382e-68,5.819064469149905e6,0.0056234967758403195,5.819064469149905e6,0.0056234967758403195,408.0,7.685222871489903e-5,7.426937142312044e-14,0.004558213651281244,4.4050207567671256e-12,2.295689445862837e8,0.2218535688267822
2.0952e6,0.0014989500277552217,1.4487028396528083e-12,0.0016007442333491717,1.547084741633225e-12,0.0,0.0,0.0,0.0,0.0,-0.0,-0.0,1.9495472728578865e-68,5.819064469149905e6,0.005624000176446751,5.819064469149905e6,0.005624000176446751,408.0,9.228891183941132e-5,8.919524078494225e-14,0.004608535247250506,4.454049818678892e-12,2.300846720372132e8,0.2223718680202244
2.1168e6,0.0015201558766388026,1.4693022358729675e-12,0.0016149665298424733,1.560941196638456e-12,0.0,0.0,0.0,0.0,0.0,-0.0,-0.0,2.2969759227060172e-68,5.819064469149905e6,0.005624399817547407,5.819064469149905e6,0.005624399817547407,408.0,0.000103171151624032,9.97197761679263e-14,0.004657143497389436,4.5013484858049364e-12,2.3061882967817658e8,0.22290395826365922
2.1384e6,0.0015347148770813834,1.4834486634032923e-12,0.0016333118554373732,1.5787520698809507e-12,0.0,0.0,0.0,0.0,0.0,-0.0,-0.0,2.7553544357194056e-68,5.819064469149905e6,0.005624682172518133,5.819064469149905e6,0.005624682172518133,408.0,0.00010273097211115637,9.929930669482557e-14,0.00470246905912663,4.545385950596228e-12,2.311650137043119e8,0.223443087524772
2.16e6,0.0015698027289692015,1.5174087477246903e-12,0.0016438270768022692,1.588962447354369e-12,0.0,0.0,0.0,0.0,0.0,-0.0,-0.0,3.419465620142215e-68,5.819064469149905e6,0.005624846463899372,5.819064469149905e6,0.005624846463899372,408.0,0.00013400493451658574,1.2953236487699526e-13,0.00475378082715248,4.595117895242626e-12,2.3172705811894584e8,0.22399289960789384
2.1816e6,0.0016179135772524979,1.5639288791745426e-12,0.0016477730864393359,1.592792070257082e-12,0.0,0.0,0.0,0.0,0.0,-0.0,-0.0,4.466379226451765e-68,5.819064469149905e6,0.005624900551571143,5.819064469149905e6,0.005624900551571143,408.0,0.00018180015301533662,1.7573405250845688e-13,0.004803934274855618,4.643642065765671e-12,2.3230958723241606e8,0.22455814543497873
2.2032e6,0.0016656919594359757,1.610098579666981e-12,0.001652877498543022,1.597711808411911e-12,0.0,0.0,0.0,0.0,0.0,-0.0,-0.0,6.091271608930538e-68,5.819064469149905e6,0.005624850011247824,5.819064469149905e6,0.005624850011247824,408.0,0.00022884199908343819,2.2120427225761536e-13,0.004855939391650641,4.693869759744231e-12,2.3291089567290953e8,0.22513736719897415
2.2248e6,0.0016816516252036316,1.6254805666178404e-12,0.0016713454482673478,1.6155186398578757e-12,0.0,0.0,0.0,0.0,0.0,-0.0,-0.0,8.427052497546245e-68,5.819064469149905e6,0.005624694240315181,5.819064469149905e6,0.005624694240315181,408.0,0.00023394853250165534,2.2613410974710944e-13,0.004905215057130113,4.741369514914081e-12,2.3352470237720037e8,0.22572443653030072
2.2464e6,0.0017181908719832184,1.660720644865344e-12,0.001681565574095435,1.6253203937533249e-12,0.0,0.0,0.0,0.0,0.0,-0.0,-0.0,1.1567067247625697e-67,5.819064469149905e6,0.005624427795129171,5.819064469149905e6,0.005624427795129171,408.0,0.00026462648718185005,2.5577523289588577e-13,0.004955455846196704,4.789705243282137e-12,2.341408570114975e8,0.22630928925645943
2.268e6,0.0017757545934676295,1.7162419262582708e-12,0.0016790654949062165,1.622793267657777e-12,0.0,0.0,0.0,0.0,0.0,-0.0,-0.0,1.5797193602869136e-67,5.819064469149905e6,0.0056240442515498685,5.819064469149905e6,0.0056240442515498685,408.0,0.00033153715614476077,3.20426014710149e-13,0.005007928693176594,4.8400928926546175e-12,2.3475750269591096e8,0.22688983608013175
2.2896e6,0.0018024439366433143,1.7418809152758798e-12,0.0016891041105415027,1.6323493642446195e-12,0.0,0.0,0.0,0.0,0.0,-0.0,-0.0,2.0614926779978193e-67,5.819064469149905e6,0.005623540980946485,5.819064469149905e6,0.005623540980946485,408.0,0.0003552892572287849,3.43351359777595e-13,0.005054124482807758,4.8843033622596225e-12,2.3536512104431015e8,0.22745673478875686
2.3112e6,0.0018149041616302973,1.7537346501575532e-12,0.0017073025813594382,1.6497596724577915e-12,0.0,0.0,0.0,0.0,0.0,-0.0,-0.0,2.6415582481229948e-67,5.819064469149905e6,0.005622938779247602,5.819064469149905e6,0.005622938779247602,408.0,0.0003595439402267161,3.474258749086567e-13,0.005105399522525774,4.93332718875276e-12,2.3596522873644271e8,0.22801225905819986
2.3328e6,0.001853487585642784,1.790807686742614e-12,0.0017122191464126618,1.6543165611332129e-12,0.0,0.0,0.0,0.0,0.0,-0.0,-0.0,3.344623650476721e-67,5.819064469149905e6,0.005622279567300456,5.819064469149905e6,0.005622279567300456,408.0,0.00040102411038684966,3.874625678708466e-13,0.005182242709012293,5.006993383582155e-12,2.3655996783494723e8,0.22856015441155175
2.3544e6,0.0019047828689730635,1.840147159445316e-12,0.0017122829966252447,1.6541794572654862e-12,0.0,0.0,0.0,0.0,0.0,-0.0,-0.0,4.201150292002395e-67,5.819064469149905e6,0.005621603978047322,5.819064469149905e6,0.005621603978047322,408.0,0.00046037206868686844,4.447500910898233e-13,0.005265631856925862,5.086951201651066e-12,2.3714976158822522e8,0.22910247002850267
2.376e6,0.0019284215779703099,1.86276413864572e-12,0.0017235571892944737,1.6648748177262868e-12,0.0,0.0,0.0,0.0,0.0,-0.0,-0.0,5.255324239752023e-67,5.819064469149905e6,0.005620941363355156,5.819064469149905e6,0.005620941363355156,408.0,0.0004824670678659402,4.660403940533281e-13,0.005334267130834865,5.152650038138478e-12,2.3773608666979396e8,0.22964182820260945
2.3976e6,0.0019634008659592055,1.896339405479183e-12,0.001728738260830847,1.6696918813731435e-12,0.0,0.0,0.0,0.0,0.0,-0.0,-0.0,6.572762146573646e-67,5.819064469149905e6,0.005620309864986097,5.819064469149905e6,0.005620309864986097,408.0,0.0005233051797726934,5.054312905222815e-13,0.005409597714538103,5.22482876101669e-12,2.3832057503912088e8,0.23018055325261
2.4192e6,0.0019863570509514694,1.9183098396379295e-12,0.001741340063431831,1.6816864703336917e-12,0.0,0.0,0.0,0.0,0.0,-0.0,-0.0,8.248275992293689e-67,5.819064469149905e6,0.005619719084900037,5.819064469149905e6,0.005619719084900037,408.0,0.0005432323521874745,5.246226834756254e-13,0.005479506971279618,5.2917939070094876e-12,2.3890475534597415e8,0.23072052564615758
2.4408e6,0.0020085800442645146,1.9395830219666696e-12,0.0017559379633384684,1.6956194855381672e-12,0.0,0.0,0.0,0.0,0.0,-0.0,-0.0,1.0416347273361854e-66,5.819064469149905e6,0.005619172947735556,5.819064469149905e6,0.005619172947735556,408.0,0.0005599785144949549,5.407426119172858e-13,0.005551121678020995,5.36043429800338e-12,2.3948989535683608e8,0.23126314347944457
2.4624e6,0.0020348361430492633,1.9647617238057325e-12,0.0017690697239178949,1.7081476030246164e-12,0.0,0.0,0.0,0.0,0.0,-0.0,-0.0,1.3268268961089714e-66,5.819064469149905e6,0.005618671152661388,5.819064469149905e6,0.005618671152661388,408.0,0.0005840266826865775,5.639143356792848e-13,0.005624855124464426,5.431149868381652e-12,2.4007698623572108e8,0.23180936456914544
2.484e6,0.0020710325156947855,1.9995475485533464e-12,0.0017755507051892307,1.7142647606873742e-12,0.0,0.0,0.0,0.0,0.0,-0.0,-0.0,1.7069074048002101e-66,5.819064469149905e6,0.005618210243434601,5.819064469149905e6,0.005618210243434601,408.0,0.0006257257294641053,6.041278149594706e-13,0.005704714509109757,5.507807253359505e-12,2.4066675401299548e8,0.23235975985801277
2.5056e6,0.0020938518110012842,2.021426012625714e-12,0.0017901875598072855,1.7282654301800437e-12,0.0,0.0,0.0,0.0,0.0,-0.0,-0.0,2.2179742037526535e-66,5.819064469149905e6,0.005617784518122446,5.819064469149905e6,0.005617784518122446,408.0,0.0006456126613547801,6.232810845954695e-13,0.005779029599246413,5.579134444124942e-12,2.4125986551573908e8,0.23291474850022104
2.5272e6,0.002120553000606852,2.047058797320337e-12,0.0018034161538967842,1.7409132910177404e-12,0.0,0.0,0.0,0.0,0.0,-0.0,-0.0,2.9091874537255316e-66,5.819064469149905e6,0.005617387120406134,5.819064469149905e6,0.005617387120406134,408.0,0.0006695852373846137,6.463787277902243e-13,0.0058539138328309375,5.65102867356885e-12,2.4185705128648707e8,0.23347476077621013
2.5488e6,0.002169029355500147,2.0937149781226916e-12,0.0018067473267708687,1.7440123298243874e-12,0.0,0.0,0.0,0.0,0.0,-0.0,-0.0,3.8477373473959774e-66,5.819064469149905e6,0.005617011317447751,5.819064469149905e6,0.005617011317447751,408.0,0.0007265141684236597,7.012876946039402e-13,0.0059429542977763325,5.7365993669015085e-12,2.4245888693180996e8,0.2340400796609008
2.5704e6,0.0022014413859698144,2.124865394662539e-12,0.0018207550144887232,1.7574210002148232e-12,0.0,0.0,0.0,0.0,0.0,-0.0,-0.0,5.126306399661711e-66,5.819064469149905e6,0.005616651344255465,5.819064469149905e6,0.005616651344255465,408.0,0.0007567917907031932,7.304671826733614e-13,0.006022855608426916,5.81335371496056e-12,2.430658844343457e8,0.2346109643205676
2.592e6,0.002257188402499454,2.178538079538048e-12,0.0018254869734168296,1.7618790176688343e-12,0.0,0.0,0.0,0.0,0.0,-0.0,-0.0,6.79211108397039e-66,5.819064469149905e6,0.005616302794792067,5.819064469149905e6,0.005616302794792067,408.0,0.0008224193509773152,7.937626613131074e-13,0.0061190190573618365,5.9058056523418616e-12,2.4367198299743557e8,0.23518138463259697
2.6136e6,0.0023170042631876623,2.236136669593418e-12,0.0018227812662142786,1.7591629393128752e-12,0.0,0.0,0.0,0.0,0.0,-0.0,-0.0,8.848553066943725e-66,5.819064469149905e6,0.00561596870965289,5.819064469149905e6,0.00561596870965289,408.0,0.0008999254629599297,8.68516454457013e-13,0.006214316191503548,5.99742543984422e-12,2.4426659929547918e8,0.23574125801997414
2.6352e6,0.002347109280907899,2.2650724960301256e-12,0.0018331070481509822,1.7690358053714715e-12,0.0,0.0,0.0,0.0,0.0,-0.0,-0.0,1.1616552338553873e-65,5.819064469149905e6,0.00561567498748892,5.819064469149905e6,0.00561567498748892,408.0,0.0009318519738551539,8.992816369991242e-13,0.006289739392577211,6.069898756402605e-12,2.4486056427959365e8,0.23630213302108613
2.6568e6,0.002384187388673924,2.300756310228521e-12,0.0018414255169772085,1.776987579972709e-12,0.0,0.0,0.0,0.0,0.0,-0.0,-0.0,1.5475452144606716e-65,5.819064469149905e6,0.005615434995010907,5.819064469149905e6,0.005615434995010907,408.0,0.0009743270917643163,9.402319697069503e-13,0.006372417255127046,6.14942402631249e-12,2.4545687465045077e8,0.23686747775102526
2.6784e6,0.0024462971582987795,2.3594715656697508e-12,0.0018397119291224543,1.7744156596276092e-12,0.0,0.0,0.0,0.0,0.0,-0.0,-0.0,3.4247435685140285e-62,5.819064469149905e6,0.00561253039402069,5.819064469149905e6,0.00561253039402069,408.0,0.0010524988496588535,1.01514286612554e-12,0.006472858445833505,6.243119483558724e-12,2.8138568362868625e8,0.2713985573077877
2.7e6,0.0024517349465693456,2.3545252305991772e-12,0.0018479300856668877,1.7746608446293242e-12,0.0,0.0,0.0,0.0,0.0,-0.0,-0.0,2.226823725269089e-61,5.819064469149905e6,0.005588342300324238,5.819064469149905e6,0.005588342300324238,408.0,0.0010502939227702603,1.0086504432984864e-12,0.006521534582378586,6.262959924734728e-12,2.905618903905536e8,0.27904129805403527
2.7216e6,0.002461229890691813,2.3596961941277882e-12,0.0018593232435280115,1.7826201436929338e-12,0.0,0.0,0.0,0.0,0.0,-0.0,-0.0,3.149083012954567e-61,5.819064469149905e6,0.005579009231590974,5.819064469149905e6,0.005579009231590974,408.0,0.001055928125067588,1.0123676733399777e-12,0.006571295027449586,6.300207845438234e-12,2.9102404942429775e8,0.2790183657460556
2.7432e6,0.0024680815719947784,2.3650716402024874e-12,0.0018644467079678869,1.7866305894094927e-12,0.0,0.0,0.0,0.0,0.0,-0.0,-0.0,3.143742724790279e-61,5.819064469149905e6,0.005576195092033814,5.819064469149905e6,0.005576195092033814,408.0,0.0010677155977076671,1.0231525199952321e-12,0.006624023033164038,6.347557227260668e-12,2.9148900519403243e8,0.2793231745002876
2.7648e6,0.002446626577575531,2.3448432584460878e-12,0.0018813924635964357,1.8031237276621904e-12,0.0,0.0,0.0,0.0,0.0,-0.0,-0.0,3.136958235243849e-61,5.819064469149905e6,0.0055769826977317225,5.819064469149905e6,0.0055769826977317225,408.0,0.0010432721028551144,9.998704254773704e-13,0.006676286392267715,6.398542908774159e-12,2.919352405413212e8,0.27979029859329696
2.7864e6,0.002440607468048368,2.3401327588631127e-12,0.0019140943641041772,1.835295099124344e-12,0.0,0.0,0.0,0.0,0.0,-0.0,-0.0,3.130201916721942e-61,5.819064469149905e6,0.00557950574538036,5.819064469149905e6,0.00557950574538036,408.0,0.001017340510333596,9.75458727516679e-13,0.0067299508508995905,6.452892838323765e-12,2.9236411247691643e8,0.28032809293592353
2.808e6,0.0024328468397517276,2.3340661718093513e-12,0.0019258307652787999,1.84763642676564e-12,0.0,0.0,0.0,0.0,0.0,-0.0,-0.0,3.15984690934817e-61,5.819064469149905e6,0.005582793502284997,5.819064469149905e6,0.005582793502284997,408.0,0.001009141439942124,9.681673581146026e-13,0.006763731668736052,6.489104461998725e-12,2.929111629932259e8,0.2810181166018625
2.8296e6,0.002430177757319562,2.3328339859217153e-12,0.0019425798515614718,1.864767416473993e-12,0.0,0.0,0.0,0.0,0.0,-0.0,-0.0,3.155156388814933e-61,5.819064469149905e6,0.005585974655152494,5.819064469149905e6,0.005585974655152494,408.0,0.001000514567604655,9.604377209395178e-13,0.006810467607491238,6.537665916380668e-12,2.935987803635543e8,0.28183831861448466
2.8512e6,0.0024376527035312296,2.341281860247038e-12,0.001958324531621836,1.880903582253977e-12,0.0,0.0,0.0,0.0,0.0,-0.0,-0.0,3.149893570823203e-61,5.819064469149905e6,0.005589011948048485,5.819064469149905e6,0.005589011948048485,408.0,0.0010009923731945033,9.614188609439455e-13,0.006868422221947615,6.596884098160699e-12,2.9438639809409755e8,0.28274804395340053
2.8728e6,0.002441890219959624,2.3465153004988155e-12,0.001977028786999944,1.8998103437666783e-12,0.0,0.0,0.0,0.0,0.0,-0.0,-0.0,3.1437327098601635e-61,5.819064469149905e6,0.005591784470833028,5.819064469149905e6,0.005591784470833028,408.0,0.0009989671831625933,9.599496983226326e-13,0.006929447069714954,6.65879794274768e-12,2.952106605432376e8,0.2836803743972254
2.8944e6,0.002431036548188243,2.337125351906181e-12,0.002001602220306797,1.9242801170542024e-12,0.0,0.0,0.0,0.0,0.0,-0.0,-0.0,3.136991209636827e-61,5.819064469149905e6,0.005594273399699479,5.819064469149905e6,0.005594273399699479,408.0,0.0009743644411006047,9.367246407666054e-13,0.006981090321343538,6.711410071608465e-12,2.9610524833132917e8,0.284666671598735
2.916e6,0.0024268606415266017,2.3340802991649453e-12,0.002016083810820077,1.93900771382589e-12,0.0,0.0,0.0,0.0,0.0,-0.0,-0.0,3.131807957959503e-61,5.819064469149905e6,0.005596598133657044,5.819064469149905e6,0.005596598133657044,408.0,0.0009648627717343814,9.279754874949285e-13,0.007030522164807542,6.7617410727784025e-12,2.971386179002222e8,0.28577882977480673
2.9376e6,0.0024119134875962202,2.3205178091824454e-12,0.0020361709234523557,1.9590134201370937e-12,0.0,0.0,0.0,0.0,0.0,-0.0,-0.0,3.125146016875553e-61,5.819064469149905e6,0.005598560148565218,5.819064469149905e6,0.005598560148565218,408.0,0.0009411775636525687,9.055131161588157e-13,0.007075865688690576,6.807736857242666e-12,2.98120966760027e8,0.2868241403412825
2.9592e6,0.002428953317744375,2.3376686792701674e-12,0.002040773485632307,1.9640773760435517e-12,0.0,0.0,0.0,0.0,0.0,-0.0,-0.0,3.1184791594476634e-61,5.819064469149905e6,0.00560037307131862,5.819064469149905e6,0.00560037307131862,408.0,0.0009625518820665181,9.263773702201124e-13,0.007137562443192246,6.8693194092672704e-12,2.9904669389364535e8,0.28780795614617033
2.9808e6,0.002450045587399426,2.3586521168186436e-12,0.002042300849414001,1.966117384274421e-12,0.0,0.0,0.0,0.0,0.0,-0.0,-0.0,3.111832201231239e-61,5.819064469149905e6,0.005601997284725216,5.819064469149905e6,0.005601997284725216,408.0,0.0009927346547005849,9.557029088728654e-13,0.007200890712330439,6.932277590657324e-12,2.999279389828372e8,0.2887397980728233
3.0024e6,0.0024458135900852843,2.35517294833739e-12,0.0020532676447890794,1.977174561588336e-12,0.0,0.0,0.0,0.0,0.0,-0.0,-0.0,3.1052035463116216e-61,5.819064469149905e6,0.005603412818511344,5.819064469149905e6,0.005603412818511344,408.0,0.0009857026672949343,9.491730140546363e-13,0.007246533134009313,6.977980200794529e-12,3.007789049774477e8,0.28963218754898085
3.024e6,0.002454516869180905,2.364066799491736e-12,0.002058677786360135,1.9828145679883837e-12,0.0,0.0,0.0,0.0,0.0,-0.0,-0.0,3.1011962870964193e-61,5.819064469149905e6,0.0056046292809590744,5.819064469149905e6,0.0056046292809590744,408.0,0.0009963897875469713,9.596723679794803e-13,0.007299994933737945,7.03098678032993e-12,3.0160438518277687e8,0.2904901255902385
3.0456e6,0.002450544644110992,2.3606780645185114e-12,0.0020699244699710576,1.9940160254633837e-12,0.0,0.0,0.0,0.0,0.0,-0.0,-0.0,3.0958156310146046e-61,5.819064469149905e6,0.005605667246811054,5.819064469149905e6,0.005605667246811054,408.0,0.0009899158858536039,9.536136071092814e-13,0.007345150692072345,7.075788707227809e-12,3.024170109469823e8,0.29132674884965726
3.0672e6,0.0024416045794323415,2.3524369620433e-12,0.0020848462593032516,2.0087074876403368e-12,0.0,0.0,0.0,0.0,0.0,-0.0,-0.0,3.122994799297136e-61,5.819064469149905e6,0.00560655171482506,5.819064469149905e6,0.00560655171482506,408.0,0.000972880810100955,9.373511159928324e-13,0.007386959209036427,7.117186798725437e-12,3.0322773940372956e8,0.292153835268449
3.0888e6,0.0024368217254032726,2.348142297312359e-12,0.0020999153170608736,2.023496395063004e-12,0.0,0.0,0.0,0.0,0.0,-0.0,-0.0,3.19392396442849e-61,5.819064469149905e6,0.005607300389829343,5.819064469149905e6,0.005607300389829343,408.0,0.0009602504855175528,9.253055968570472e-13,0.007432214779361745,7.1617458528859846e-12,3.04033054773648e8,0.29296885703731235
3.1104e6,0.002443142126051093,2.354496419591546e-12,0.0021080394455135296,2.0315524315573753e-12,0.0,0.0,0.0,0.0,0.0,-0.0,-0.0,3.307588003331933e-61,5.819064469149905e6,0.005607928540829928,5.819064469149905e6,0.005607928540829928,408.0,0.000965837216415675,9.307932779312304e-13,0.007483337291979383,7.21181574853369e-12,3.048336796261893e8,0.29377325191099807
3.132e6,0.002447515382359458,2.35892984624862e-12,0.0021299678428948537,2.05287564375215e-12,0.0,0.0,0.0,0.0,0.0,-0.0,-0.0,3.4661086165111364e-61,5.819064469149905e6,0.005608448858977015,5.819064469149905e6,0.005608448858977015,408.0,0.0009536225848619615,9.19107104985401e-13,0.007528472741201713,7.255986693235688e-12,3.056305667560032e8,0.29456855349836253
3.1536e6,0.0024613763651611374,2.3724675665135358e-12,0.0021595689407058836,2.0815619025167998e-12,0.0,0.0,0.0,0.0,0.0,-0.0,-0.0,3.675648610771434e-61,5.819064469149905e6,0.005608870677364149,5.819064469149905e6,0.005608870677364149,408.0,0.0009443243780011497,9.102138912141242e-13,0.00759082509618469,7.316632514506244e-12,3.0642521847121847e8,0.2953566560054286
3.1752e6,0.0024777547749389025,2.3883959721309074e-12,0.002182476967359589,2.1037671890829693e-12,0.0,0.0,0.0,0.0,0.0,-0.0,-0.0,3.941735406854708e-61,5.819064469149905e6,0.00560920325137116,5.819064469149905e6,0.00560920325137116,408.0,0.000944440671716459,9.103799613502191e-13,0.00766621803957402,7.389740289229141e-12,3.07217178759694e8,0.29613756766432514
3.1968e6,0.002487723467483419,2.3981131502751724e-12,0.0022133055004543304,2.133579996166225e-12,0.0,0.0,0.0,0.0,0.0,-0.0,-0.0,4.269388064690039e-61,5.819064469149905e6,0.005609455877298152,5.819064469149905e6,0.005609455877298152,408.0,0.0009287710708803931,8.953157968665061e-13,0.007743109514782993,7.464194872996135e-12,3.080059567112821e8,0.29691127040724197
3.2184e6,0.0025176814884567507,2.427070395536144e-12,0.002227743234723665,2.1475669891698517e-12,0.0,0.0,0.0,0.0,0.0,-0.0,-0.0,4.650115661297705e-61,5.819064469149905e6,0.005609636948733754,5.819064469149905e6,0.005609636948733754,408.0,0.0009489935690199046,9.148393899238708e-13,0.007824776745721596,7.543163850667035e-12,3.0878936646576184e8,0.2976760695272857
3.24e6,0.0025475438169672198,2.4559104220459676e-12,0.002239488928338841,2.158936055400803e-12,0.0,0.0,0.0,0.0,0.0,-0.0,-0.0,5.108662614230431e-61,5.819064469149905e6,0.005609756731625444,5.819064469149905e6,0.005609756731625444,408.0,0.0009724264645615664,9.37448954983291e-13,0.007903913847575068,7.619615515120629e-12,3.0957263011755544e8,0.298437516019246
3.2616e6,0.0025865609908748417,2.4935537265479907e-12,0.0022466757703053473,2.1658900598725745e-12,0.0,0.0,0.0,0.0,0.0,-0.0,-0.0,5.654340829973344e-61,5.819064469149905e6,0.005609823214400232,5.819064469149905e6,0.005609823214400232,408.0,0.0010114713792327926,9.751010070439156e-13,0.007990788010777647,7.703456169262918e-12,3.103563391230323e8,0.2991965813712668
3.2832e6,0.0026292587948055844,2.5347255008477703e-12,0.0022519095920192096,2.170943643802418e-12,0.0,0.0,0.0,0.0,0.0,-0.0,-0.0,6.297822482437431e-61,5.819064469149905e6,0.005609843781894471,5.819064469149905e6,0.005609843781894471,408.0,0.0010554970114085335,1.0175473012285376e-12,0.0080798994914342,7.78939194790811e-12,3.111400491716436e8,0.2999532105886556
3.3048e6,0.002664865081224792,2.56904301499832e-12,0.002259554725535827,2.1783066338113786e-12,0.0,0.0,0.0,0.0,0.0,-0.0,-0.0,7.051104406832531e-61,5.819064469149905e6,0.0056098250652988416,5.819064469149905e6,0.0056098250652988416,408.0,0.001090217513497625,1.0510159435886466e-12,0.008164152364585522,7.870589304273753e-12,3.1192270141699755e8,0.3007067198037812
3.3264e6,0.0026912260784692096,2.59443178978356e-12,0.0022711877174548347,2.189500786229915e-12,0.0,0.0,0.0,0.0,0.0,-0.0,-0.0,7.927616361988429e-61,5.819064469149905e6,0.005609772425418044,5.819064469149905e6,0.005609772425418044,408.0,0.0011109245245532302,1.0709683313527177e-12,0.008241934880101354,7.945500392305876e-12,3.1270294127043754e8,0.3014560753856513
3.348e6,0.0027009724011778083,2.6037891159050398e-12,0.002302022936438118,2.219194192375881e-12,0.0,0.0,0.0,0.0,0.0,-0.0,-0.0,8.942867829386024e-61,5.819064469149905e6,0.005609689578062746,5.819064469149905e6,0.005609689578062746,408.0,0.001096379167279947,1.056930511923667e-12,0.008319818132516563,8.02046399671076e-12,3.134794450749881e8,0.30220018789909586
3.3696e6,0.0027300651544521323,2.631782905469487e-12,0.002313579437289523,2.2302906593913084e-12,0.0,0.0,0.0,0.0,0.0,-0.0,-0.0,1.0116412585630753e-60,5.819064469149905e6,0.005609578354113275,5.819064469149905e6,0.005609578354113275,408.0,0.0011219158269310796,1.0815268968499809e-12,0.008400604125089278,8.098182673762286e-12,3.142514075729185e8,0.30293836801711843
3.3912e6,0.0027617295258763556,2.662241059029504e-12,0.0023237236576381026,2.24001390188249e-12,0.0,0.0,0.0,0.0,0.0,-0.0,-0.0,1.1475666378852778e-60,5.819064469149905e6,0.0056094386542051905,5.819064469149905e6,0.0056094386542051905,408.0,0.001150823157256978,1.1093659361733825e-12,0.008483030573411118,8.177438118373062e-12,3.150191697696524e8,0.3036709280486223
3.4128e6,0.002818914563574466,2.7172841496317244e-12,0.002322441596412872,2.238710537709912e-12,0.0,0.0,0.0,0.0,0.0,-0.0,-0.0,1.3058815606963505e-60,5.819064469149905e6,0.005609269557874092,5.819064469149905e6,0.005609269557874092,408.0,0.001219062128937027,1.175111244299825e-12,0.008583239444676698,8.273787647518988e-12,3.157841748866639e8,0.3043991982630363
3.4344e6,0.0028385454081517585,2.736110893133792e-12,0.0023395665789499444,2.2551387000867967e-12,0.0,0.0,0.0,0.0,0.0,-0.0,-0.0,1.4912293470606785e-60,5.819064469149905e6,0.0056090720395611995,5.819064469149905e6,0.0056090720395611995,408.0,0.0012280438575155025,1.1837274704659464e-12,0.008659030851506891,8.346552628240682e-12,3.165474178385792e8,0.30512417932586594
3.456e6,0.002869620241882494,2.7659547284432155e-12,0.002348607977129026,2.263764119303104e-12,0.0,0.0,0.0,0.0,0.0,-0.0,-0.0,1.7087143795311068e-60,5.819064469149905e6,0.005608849787385965,5.819064469149905e6,0.005608849787385965,408.0,0.0012573495618408842,1.2119275976386173e-12,0.008740261035799298,8.424517637197165e-12,3.17308213223048e8,0.3058454007009671
3.4776e6,0.002910417553123069,2.8051563629838975e-12,0.0023527259306005163,2.2676347960790953e-12,0.0,0.0,0.0,0.0,0.0,-0.0,-0.0,1.96433009641271e-60,5.819064469149905e6,0.005608606127575512,5.819064469149905e6,0.005608606127575512,408.0,0.0013031798328910292,1.256047674816914e-12,0.008827763817971632,8.508489724551568e-12,3.1806567862159574e8,0.3065621842730937
3.4992e6,0.0029523515642303397,2.8454392096310646e-12,0.0023560143619786866,2.2706969336748812e-12,0.0,0.0,0.0,0.0,0.0,-0.0,-0.0,2.2655235747936327e-60,5.819064469149905e6,0.005608340959287697,5.819064469149905e6,0.005608340959287697,408.0,0.0013500341625742802,1.3011459024974677e-12,0.008915786698005695,8.592922795028347e-12,3.188207562174369e8,0.30727542463995805
3.5208e6,0.0029792844352939706,2.8712487622566627e-12,0.0023671005686792287,2.281264083899614e-12,0.0,0.0,0.0,0.0,0.0,-0.0,-0.0,2.609296079071995e-60,5.819064469149905e6,0.0056080518719891165,5.819064469149905e6,0.0056080518719891165,408.0,0.0013730469439634865,1.3232571189485824e-12,0.008993617382315359,8.667488230151142e-12,3.1957212260166454e8,0.3079837059536162
3.5424e6,0.002978071790750523,2.869922788535509e-12,0.0024079811997625867,2.320535099599499e-12,0.0,0.0,0.0,0.0,0.0,-0.0,-0.0,3.0088170805509633e-60,5.819064469149905e6,0.0056077445076506555,5.819064469149905e6,0.0056077445076506555,408.0,0.001337840243497207,1.289256428994585e-12,0.009069521976446506,8.740161295697893e-12,3.2032112536170256e8,0.30868862872281927
3.564e6,0.003006673453742437,2.897320498947236e-12,0.0024209775055102885,2.3329263593538147e-12,0.0,0.0,0.0,0.0,0.0,-0.0,-0.0,3.4791788606882496e-60,5.819064469149905e6,0.005607424627432721,5.819064469149905e6,0.005607424627432721,408.0,0.001362145113646308,1.3126037865521858e-12,0.009153771931414692,8.820848511687943e-12,3.2106797251605374e8,0.30939070459025575
3.5856e6,0.0030422347723344156,2.9314145157234604e-12,0.002426169223704484,2.3377905428749895e-12,0.0,0.0,0.0,0.0,0.0,-0.0,-0.0,4.035619087589004e-60,5.819064469149905e6,0.005607091933837631,5.819064469149905e6,0.005607091933837631,408.0,0.0013991783522644004,1.3482101280324969e-12,0.009236369440707574,8.899913871636759e-12,3.2181542824954695e8,0.3100925761329717
3.6072e6,0.0030471089204058095,2.935930994218444e-12,0.0024578447703286115,2.368166950600656e-12,0.0,0.0,0.0,0.0,0.0,-0.0,-0.0,4.6947252511200584e-60,5.819064469149905e6,0.005606747962937023,5.819064469149905e6,0.005606747962937023,408.0,0.0013774138377703597,1.327157014668449e-12,0.009309817595723595,8.970136199189418e-12,3.2256257283133256e8,0.3107934372835713
3.6288e6,0.0030550577188913223,2.94340534821505e-12,0.0024853615892703046,2.3945297494285092e-12,0.0,0.0,0.0,0.0,0.0,-0.0,-0.0,5.474802315207226e-60,5.819064469149905e6,0.005606396689068018,5.819064469149905e6,0.005606396689068018,408.0,0.0013654233264132815,1.315521568280198e-12,0.00938480305248472,9.041819185875454e-12,3.2330685281169695e8,0.3114910444395361
3.6504e6,0.003083288844880244,2.9704133942405474e-12,0.0024926292918476993,2.401377168303645e-12,0.0,0.0,0.0,0.0,0.0,-0.0,-0.0,6.403963179944868e-60,5.819064469149905e6,0.005606035603772146,5.819064469149905e6,0.005606035603772146,408.0,0.0013946925478024088,1.343634551695937e-12,0.009463670333184356,9.117216884511369e-12,3.2405240695347774e8,0.31218924287577915
3.672e6,0.003100881673540603,2.9833921630642966e-12,0.002495247419058831,2.4007048248398937e-12,0.0,0.0,0.0,0.0,0.0,-0.0,-0.0,4.439469171020569e-58,5.819064469149905e6,0.005598585551252384,5.819064469149905e6,0.005598585551252384,408.0,0.0014149527037274159,1.361341467308245e-12,0.009528178744458288,9.167164950875206e-12,3.263881428349952e8,0.3140216009400995
3.6936e6,0.0031119536847917313,2.9870700947189144e-12,0.002511314211157284,2.410534454690184e-12,0.0,0.0,0.0,0.0,0.0,-0.0,-0.0,6.50829765722047e-58,5.819064469149905e6,0.005585543750212456,5.819064469149905e6,0.005585543750212456,408.0,0.0014146348319609575,1.3578651321673168e-12,0.009577963060662116,9.193596667792629e-12,3.2741785805196726e8,0.3142784859053609
3.7152e6,0.0031543306645900704,3.024253111183331e-12,0.002513198659758044,2.4095599586680596e-12,0.0,0.0,0.0,0.0,0.0,-0.0,-0.0,6.746253782798632e-58,5.819064469149905e6,0.005579099243639385,5.819064469149905e6,0.005579099243639385,408.0,0.0014616703147485434,1.401394294683774e-12,0.009650894113451717,9.252912789376284e-12,3.283343901137971e8,0.31479461299253997
3.7368e6,0.003165503355850842,3.033506701486711e-12,0.002532744406661007,2.4271328338851315e-12,0.0,0.0,0.0,0.0,0.0,-0.0,-0.0,6.73177396308897e-58,5.819064469149905e6,0.005576418369900859,5.819064469149905e6,0.005576418369900859,408.0,0.0014606080772425454,1.3997029516242465e-12,0.00971483565744912,9.309741850768894e-12,3.292435386708417e8,0.31551458605569677
3.7584e6,0.0031604854284654213,3.0286533988678595e-12,0.0025473015244786993,2.4410469830261713e-12,0.0,0.0,0.0,0.0,0.0,-0.0,-0.0,6.718425167123746e-58,5.819064469149905e6,0.005576336224805626,5.819064469149905e6,0.005576336224805626,408.0,0.0014500177295338548,1.3895337359943832e-12,0.00977921897067326,9.371302429381432e-12,3.3015618085094595e8,0.3163845117858892
3.78e6,0.003153413590893723,3.022825825708397e-12,0.0025477726312255113,2.4422654008790527e-12,0.0,0.0,0.0,0.0,0.0,-0.0,-0.0,6.800084406560287e-58,5.819064469149905e6,0.0055780879519274195,5.819064469149905e6,0.0055780879519274195,408.0,0.0014519410204234455,1.3918138827763148e-12,0.009838389097964043,9.43096609165846e-12,3.3110892492471886e8,0.3173971889622375
3.8016e6,0.003146740681658291,3.0173859764902257e-12,0.002558788517102316,2.4536030672346224e-12,0.0,0.0,0.0,0.0,0.0,-0.0,-0.0,7.133918509879424e-58,5.819064469149905e6,0.0055798571607281085,5.819064469149905e6,0.0055798571607281085,408.0,0.0014429649557457216,1.3836482451231057e-12,0.009902430544259336,9.495366183676284e-12,3.3194552686509395e8,0.3183000695162335
3.8232e6,0.003158966518234753,3.0301411008342016e-12,0.0025626845389350194,2.4581760221500026e-12,0.0,0.0,0.0,0.0,0.0,-0.0,-0.0,8.302225280821421e-58,5.819064469149905e6,0.0055817579308274105,5.819064469149905e6,0.0055817579308274105,408.0,0.0014578641952842412,1.3984112183733747e-12,0.009972469899894396,9.565783855597153e-12,3.32948797391169e8,0.31937085424130074
3.8448e6,0.003159738841533276,3.0303640907060805e-12,0.0025641379878168762,2.459149971434048e-12,0.0,0.0,0.0,0.0,0.0,-0.0,-0.0,9.924565694819395e-57,5.819064469149905e6,0.005580804266804088,5.819064469149905e6,0.005580804266804088,408.0,0.001464751425821405,1.4047775291662413e-12,0.010028736696207527,9.618112471784663e-12,3.3854263586700755e8,0.3246810886454586
3.8664e6,0.0031612007920327257,3.021221976102631e-12,0.0025662380706428798,2.4526043630249793e-12,0.0,0.0,0.0,0.0,0.0,-0.0,-0.0,3.798209452125034e-56,5.819064469149905e6,0.005561394739259474,5.819064469149905e6,0.005561394739259474,408.0,0.001462856158184916,1.3980804965392344e-12,0.010066440187205993,9.620695525371291e-12,3.4060795960648364e8,0.3255257481246172
3.888e6,0.003171208327928782,3.0272063957816854e-12,0.002575508470232819,2.458556773080532e-12,0.0,0.0,0.0,0.0,0.0,-0.0,-0.0,5.0241477047722495e-56,5.819064469149905e6,0.005554825592294596,5.819064469149905e6,0.005554825592294596,408.0,0.0014690105494794096,1.4023040024492225e-12,0.010125524952679904,9.665733287670664e-12,3.4100633772525936e8,0.3255215236011381
3.9096e6,0.003177870553491237,3.033287177750981e-12,0.0025847073754911892,2.467111107374259e-12,0.0,0.0,0.0,0.0,0.0,-0.0,-0.0,5.028561733364871e-56,5.819064469149905e6,0.005554314860744499,5.819064469149905e6,0.005554314860744499,408.0,0.0014761364720353894,1.4089767842546147e-12,0.010189867703230535,9.726259936305882e-12,3.414366490268948e8,0.3259023273838954
3.9312e6,0.003169973556272732,3.0270051787540813e-12,0.0026026444783216565,2.4852631021940166e-12,0.0,0.0,0.0,0.0,0.0,-0.0,-0.0,5.017731838696574e-56,5.819064469149905e6,0.00555661994364762,5.819064469149905e6,0.00555661994364762,408.0,0.0014555424338113443,1.3898962899311295e-12,0.010242597054028382,9.780647622464808e-12,3.4233502560408e8,0.32689543839314805
3.9528e6,0.00315785862145976,3.0175088643271724e-12,0.0026105232985141583,2.494499639808989e-12,0.0,0.0,0.0,0.0,0.0,-0.0,-0.0,5.026252998080309e-56,5.819064469149905e6,0.005560438487785823,5.819064469149905e6,0.005560438487785823,408.0,0.001444985800366578,1.3807639872799178e-12,0.010281603364544192,9.824641635687466e-12,3.430019574491063e8,0.3277573733195828
3.9744e6,0.003139014703680751,3.0015094894913048e-12,0.0026181529741670937,2.503464220058538e-12,0.0,0.0,0.0,0.0,0.0,-0.0,-0.0,5.022674679647662e-56,5.819064469149905e6,0.005564159098597033,5.819064469149905e6,0.005564159098597033,408.0,0.0014261027889388813,1.3636320495634751e-12,0.010312646849761796,9.860899136610326e-12,3.4366477130137044e8,0.32861046208397465
3.996e6,0.0031448632761453296,3.0090260976800487e-12,0.002627560276015447,2.51406714680734e-12,0.0,0.0,0.0,0.0,0.0,-0.0,-0.0,5.037431382251526e-56,5.819064469149905e6,0.005567719584050244,5.819064469149905e6,0.005567719584050244,408.0,0.0014289371911762711,1.3672166077328468e-12,0.010370824740803341,9.92287408366846e-12,3.4438060161044055e8,0.3295056499405936
4.0176e6,0.0031463999626884054,3.0122572001392474e-12,0.002644619264257222,2.5318692838971068e-12,0.0,0.0,0.0,0.0,0.0,-0.0,-0.0,5.054419433763416e-56,5.819064469149905e6,0.005570976052991759,5.819064469149905e6,0.005570976052991759,408.0,0.0014213665604112468,1.360768404019951e-12,0.010430721249853395,9.986020709417333e-12,3.44942823816767e8,0.3302366250318063
4.0392e6,0.003157847329468524,3.0248086120257633e-12,0.0026588770482667977,2.5468597290511334e-12,0.0,0.0,0.0,0.0,0.0,-0.0,-0.0,5.055916535921465e-56,5.819064469149905e6,0.0055739098454706355,5.819064469149905e6,0.0055739098454706355,408.0,0.0014260473407216058,1.3659685942122892e-12,0.010495441779281904,1.0053273438754234e-11,3.454493369630661e8,0.33089570851429834
4.0608e6,0.003154152712436102,3.0226805073222744e-12,0.0026918775945255395,2.5796740598477782e-12,0.0,0.0,0.0,0.0,0.0,-0.0,-0.0,5.045080709590612e-56,5.819064469149905e6,0.005576512726349924,5.819064469149905e6,0.005576512726349924,408.0,0.0013980556157832213,1.339781501801965e-12,0.010556936828012396,1.011689987020949e-11,3.4592793058287174e8,0.331508873552159
4.0824e6,0.003154732984011302,3.0244929814075647e-12,0.0027196093640900272,2.607333005851347e-12,0.0,0.0,0.0,0.0,0.0,-0.0,-0.0,5.0342751304121425e-56,5.819064469149905e6,0.00557883020036886,5.819064469149905e6,0.00557883020036886,408.0,0.0013810319423282634,1.3240174169543995e-12,0.010620050146593422,1.0181611975834056e-11,3.4643403673590475e8,0.33213185329433276
4.104e6,0.003166810917089139,3.0371645330527185e-12,0.002739178166044217,2.627038681320712e-12,0.0,0.0,0.0,0.0,0.0,-0.0,-0.0,5.023523341876595e-56,5.819064469149905e6,0.0055808372157231225,5.819064469149905e6,0.0055808372157231225,408.0,0.001385159416436026,1.3284522386611067e-12,0.010690671262026427,1.0253004818297671e-11,3.469625074818231e8,0.33275817521541334
4.1256e6,0.003194630137550562,3.064737303109044e-12,0.002748489527244343,2.6367366545314077e-12,0.0,0.0,0.0,0.0,0.0,-0.0,-0.0,5.0128004032996175e-56,5.819064469149905e6,0.005582462814137865,5.819064469149905e6,0.005582462814137865,408.0,0.0014128071393025323,1.355362766733029e-12,0.010766782149281659,1.0329007574145136e-11,3.4747904823935425e8,0.33335064008520804
4.1472e6,0.0032020142667932142,3.0724556222102913e-12,0.0027635367667487964,2.6517196266853887e-12,0.0,0.0,0.0,0.0,0.0,-0.0,-0.0,5.10372581689422e-56,5.819064469149905e6,0.005583615766381088,5.819064469149905e6,0.005583615766381088,408.0,0.001415133074829718,1.3578745157468385e-12,0.010828492100177304,1.0390353902629273e-11,3.479378641139641e8,0.3338597388097855
4.1688e6,0.003216077324229289,3.0861391727539e-12,0.0027661306023441926,2.654371505477875e-12,0.0,0.0,0.0,0.0,0.0,-0.0,-0.0,9.719421260273518e-56,5.819064469149905e6,0.005583958654143217,5.819064469149905e6,0.005583958654143217,408.0,0.0014374677298279288,1.3793901773349624e-12,0.010894561787080221,1.0454392264698834e-11,3.6145532890878505e8,0.3468515639664755
4.1904e6,0.0032259938837000276,3.0839813078909802e-12,0.0027680209981726395,2.646169002782874e-12,0.0,0.0,0.0,0.0,0.0,-0.0,-0.0,5.1170801566627115e-55,5.819064469149905e6,0.00556290144967292,5.819064469149905e6,0.00556290144967292,408.0,0.0014385076664206412,1.3751826303560493e-12,0.010963953046661932,1.0481305134316822e-11,3.997033019238762e8,0.3821078266961032
4.212e6,0.0032387213950842053,3.090487771927044e-12,0.002773392716256287,2.6464568052537712e-12,0.0,0.0,0.0,0.0,0.0,-0.0,-0.0,9.520080350655256e-55,5.819064469149905e6,0.005552730658851669,5.819064469149905e6,0.005552730658851669,408.0,0.0014427786406735756,1.3767438450763308e-12,0.011026871929603875,1.0522181041188421e-11,4.0077747688879895e8,0.3824342203279895
4.2336e6,0.003258205711682263,3.1074745875759416e-12,0.0027782855129690237,2.6497564587854225e-12,0.0,0.0,0.0,0.0,0.0,-0.0,-0.0,1.0829712097364846e-54,5.819064469149905e6,0.005549862888188569,5.819064469149905e6,0.005549862888188569,408.0,0.0014569354592700232,1.389534705923254e-12,0.01109705259713349,1.058368071081104e-11,4.011857408697024e8,0.38262608471297205
4.2552e6,0.0032706638002016537,3.119770596956805e-12,0.0027842805276200215,2.6558267845239138e-12,0.0,0.0,0.0,0.0,0.0,-0.0,-0.0,1.0806475529208909e-54,5.819064469149905e6,0.00555059992149931,5.819064469149905e6,0.00555059992149931,408.0,0.0014671573107621402,1.3994695018618955e-12,0.011168175522314337,1.0652927890057294e-11,4.015695806901709e8,0.3830430294890677
4.2768e6,0.0032776996417296267,3.1283303948274317e-12,0.0027982604254772297,2.6707398781188432e-12,0.0,0.0,0.0,0.0,0.0,-0.0,-0.0,1.0989052127504304e-54,5.819064469149905e6,0.0055538817579684815,5.819064469149905e6,0.0055538817579684815,408.0,0.00146482078198987,1.3980668993988917e-12,0.011231691313827378,1.071984780882e-11,4.0196892966054404e8,0.38365065682765165
4.2984e6,0.003273353000270726,3.1264521427962758e-12,0.002805102904665466,2.6792160779268446e-12,0.0,0.0,0.0,0.0,0.0,-0.0,-0.0,1.1061170449969684e-54,5.819064469149905e6,0.005557917700027685,5.819064469149905e6,0.005557917700027685,408.0,0.0014616285259015061,1.39603386386955e-12,0.011276620897469485,1.0770551042151234e-11,4.024304826203259e8,0.3843702908335271
4.32e6,0.0032729882766346784,3.12844626539754e-12,0.002817205127783453,2.6927914541554827e-12,0.0,0.0,0.0,0.0,0.0,-0.0,-0.0,1.1172248558638048e-54,5.819064469149905e6,0.005562082405421182,5.819064469149905e6,0.005562082405421182,408.0,0.0014553450807298688,1.3910739965605533e-12,0.01132895810496439,1.0828647608467122e-11,4.0288301806186575e8,0.3850908609253218
4.3416e6,0.0032769830333606352,3.1345170362267644e-12,0.0028257701765522208,2.702920542673948e-12,0.0,0.0,0.0,0.0,0.0,-0.0,-0.0,1.1279256055382733e-54,5.819064469149905e6,0.005566082133402644,5.819064469149905e6,0.005566082133402644,408.0,0.0014577983577727062,1.3944209479582832e-12,0.011383849831164168,1.0888939878653416e-11,4.033492740772946e8,0.3858137678083731
4.3632e6,0.0032807886797262074,3.139957458704948e-12,0.0028394294426998213,2.717544019877495e-12,0.0,0.0,0.0,0.0,0.0,-0.0,-0.0,1.1324869711190432e-54,5.819064469149905e6,0.005569275154935312,5.819064469149905e6,0.005569275154935312,408.0,0.0014589621491479484,1.3963347016204675e-12,0.011442342165239636,1.09511678849723e-11,4.0379718372782135e8,0.38646377521518266
4.3848e6,0.0032827384224513342,3.1435649170853497e-12,0.0028489423969401007,2.7281599132502047e-12,0.0,0.0,0.0,0.0,0.0,-0.0,-0.0,1.1359729538074552e-54,5.819064469149905e6,0.005572362022624332,5.819064469149905e6,0.005572362022624332,408.0,0.001461250249187029,1.3992997392087116e-12,0.011497333357087029,1.10098975703294e-11,4.0427088052605885e8,0.38713159365038063
4.4064e6,0.0032742034109246453,3.1367586471774425e-12,0.0028721040579867364,2.7515386519431675e-12,0.0,0.0,0.0,0.0,0.0,-0.0,-0.0,1.1350886780100101e-54,5.819064469149905e6,0.00557479133128576,5.819064469149905e6,0.00557479133128576,408.0,0.0014371123805338082,1.3767851659931367e-12,0.011547514981684747,1.1062772505628036e-11,4.0476817343905944e8,0.38777678378223684
4.428e6,0.0032939134328378618,3.1568749184647817e-12,0.0028826360566172556,2.7627081438983218e-12,0.0,0.0,0.0,0.0,0.0,-0.0,-0.0,1.1326609757177837e-54,5.819064469149905e6,0.005576970690380968,5.819064469149905e6,0.005576970690380968,408.0,0.0014551507508079348,1.3946113039932112e-12,0.01161880968447253,1.1135425876607277e-11,4.052939149374083e8,0.38843224655421077
4.4496e6,0.003292639962140194,3.156711532320613e-12,0.002910218990154912,2.7900778565018542e-12,0.0,0.0,0.0,0.0,0.0,-0.0,-0.0,1.1302377564985997e-54,5.819064469149905e6,0.005578838903826835,5.819064469149905e6,0.005578838903826835,408.0,0.0014376887553582873,1.3783373603281134e-12,0.011683920896596152,1.1201579359145394e-11,4.057899001063863e8,0.3890378760186226
4.4712e6,0.0033070613280981914,3.1713800875063705e-12,0.002921541908704373,2.8016776572476383e-12,0.0,0.0,0.0,0.0,0.0,-0.0,-0.0,1.127822544579191e-54,5.819064469149905e6,0.00558032142572649,5.819064469149905e6,0.00558032142572649,408.0,0.0014513040533287735,1.3917603331205889e-12,0.011751849023703595,1.1269697259163793e-11,4.0630781253714836e8,0.3896379226869676
4.4928e6,0.003308189518795969,3.1730701355590873e-12,0.0029439846548413207,2.8237408209977927e-12,0.0,0.0,0.0,0.0,0.0,-0.0,-0.0,1.1254112373833089e-54,5.819064469149905e6,0.0055813911443237775,5.819064469149905e6,0.0055813911443237775,408.0,0.001441433098332905,1.3825593397052992e-12,0.011816178887438616,1.1333559982319644e-11,4.068141131526838e8,0.3901982355710223
4.5144e6,0.003308043144363237,3.173304402047533e-12,0.0029471874438047087,2.827146588163656e-12,0.0,0.0,0.0,0.0,0.0,-0.0,-0.0,1.1230062185474166e-54,5.819064469149905e6,0.005582050200045449,5.819064469149905e6,0.005582050200045449,408.0,0.0014463640706525746,1.3874527241840682e-12,0.011866320184945734,1.1382997269294098e-11,4.074450376606883e8,0.39084953707578185
4.536e6,0.0033084189555364304,3.173810389185017e-12,0.002962480096801442,2.841946632317534e-12,0.0,0.0,0.0,0.0,0.0,-0.0,-0.0,1.1206046857700637e-54,5.819064469149905e6,0.005582306085092191,5.819064469149905e6,0.005582306085092191,408.0,0.0014367246932612727,1.3782691428002469e-12,0.011922872721863933,1.1437770676007635e-11,4.079509001013546e8,0.3913527344692428
4.5576e6,0.003307531501598542,3.1728613992029342e-12,0.0029713431111670014,2.8503613213216287e-12,0.0,0.0,0.0,0.0,0.0,-0.0,-0.0,1.118210886607431e-54,5.819064469149905e6,0.005582134297047744,5.819064469149905e6,0.005582134297047744,408.0,0.0014340256284194753,1.3756375592132285e-12,0.01197641709697146,1.1488782945640731e-11,4.085841210530931e8,0.3919481297124675
4.5792e6,0.00330306549134431,3.1683039640296638e-12,0.0029838448004911294,2.862107134787021e-12,0.0,0.0,0.0,0.0,0.0,-0.0,-0.0,1.1158240551863305e-54,5.819064469149905e6,0.005581652883621253,5.819064469149905e6,0.005581652883621253,408.0,0.0014227959472877174,1.364747399532297e-12,0.012031998750419617,1.1541106113714873e-11,4.092875772446901e8,0.3925890833259523
4.6008e6,0.003315437379348352,3.1798356667014044e-12,0.0029894123023744574,2.867145047219873e-12,0.0,0.0,0.0,0.0,0.0,-0.0,-0.0,1.1134432484246773e-54,5.819064469149905e6,0.005581064163991127,5.819064469149905e6,0.005581064163991127,408.0,0.0014352157877307577,1.3765153218294892e-12,0.012097472021987184,1.1602684234680997e-11,4.098747574419668e8,0.3931108398285365
4.6224e6,0.0033350030055246172,3.198207040655372e-12,0.002990033371401525,2.8673874549347205e-12,0.0,0.0,0.0,0.0,0.0,-0.0,-0.0,1.1110671558966729e-54,5.819064469149905e6,0.00558037666665766,5.819064469149905e6,0.00558037666665766,408.0,0.0014622549524197827,1.4022758229348212e-12,0.012165289783626796,1.1666290966801618e-11,4.1046280197472864e8,0.3936263388752796
4.644e6,0.0033305809712802087,3.1934405905328643e-12,0.003011718610437779,2.887707742513874e-12,0.0,0.0,0.0,0.0,0.0,-0.0,-0.0,1.1597458125891758e-54,5.819064469149905e6,0.005579458008963526,5.819064469149905e6,0.005579458008963526,408.0,0.0014422979444722055,1.3829097203270344e-12,0.012231519802482993,1.1727873352420429e-11,4.1110389624384964e8,0.3941762354712225
4.6656e6,0.0033440369614217385,3.2062798310915227e-12,0.003022795047602042,2.8982714325409795e-12,0.0,0.0,0.0,0.0,0.0,-0.0,-0.0,1.2327606758144351e-54,5.819064469149905e6,0.005579348930199702,5.819064469149905e6,0.005579348930199702,408.0,0.0014491270783265895,1.3894304930026019e-12,0.01230008672091891,1.1793386385655214e-11,4.116842186771885e8,0.39472494543306297
4.6872e6,0.0033515918695171017,3.2137339716728584e-12,0.0030306292715836557,2.9059732284879466e-12,0.0,0.0,0.0,0.0,0.0,-0.0,-0.0,1.3377203867266467e-54,5.819064469149905e6,0.005579714325585822,5.819064469149905e6,0.005579714325585822,408.0,0.0014555504264945505,1.395680630345492e-12,0.012359119397102788,1.185076328286741e-11,4.1221554714404964e8,0.39526027006964237
4.7088e6,0.003349702764171788,3.21200328184152e-12,0.003033219074795173,2.9085295946236807e-12,0.0,0.0,0.0,0.0,0.0,-0.0,-0.0,1.3940719540931575e-54,5.819064469149905e6,0.005579854538758808,5.819064469149905e6,0.005579854538758808,408.0,0.0014625799550598642,1.4024562614496445e-12,0.01241164790322009,1.1901430247665946e-11,4.127789356010216e8,0.3958104313035505
4.7304e6,0.0033553358720586086,3.213182875415242e-12,0.003034388483765699,2.9058328242445647e-12,0.0,0.0,0.0,0.0,0.0,-0.0,-0.0,2.218231663308651e-53,5.819064469149905e6,0.005572532532112232,5.819064469149905e6,0.005572532532112232,408.0,0.0014704560922242946,1.4081583825723748e-12,0.012474986731948952,1.1946468331808948e-11,4.1801971938230747e8,0.40030979166357916
4.752e6,0.0033550406852174437,3.206424282761956e-12,0.003039494732798702,2.904855896834282e-12,0.0,0.0,0.0,0.0,0.0,-0.0,-0.0,2.8404255096026557e-53,5.819064469149905e6,0.005561300552643014,5.819064469149905e6,0.005561300552643014,408.0,0.0014650101975387598,1.4001154419913459e-12,0.012529647497614555,1.1974628554525287e-11,4.190439257290017e8,0.4004817661143463
4.7736e6,0.0033600830491485626,3.2080469946230467e-12,0.0030476738482821306,2.9097735938551383e-12,0.0,0.0,0.0,0.0,0.0,-0.0,-0.0,2.8369202193412103e-53,5.819064469149905e6,0.0055557651429194565,5.819064469149905e6,0.0055557651429194565,408.0,0.0014665604228661579,1.4002019260211637e-12,0.012586411762310007,1.2016905486130297e-11,4.199446389090428e8,0.4009431067787426
4.7952e6,0.0033742093342764984,3.2201584594682423e-12,0.0030584126479847977,2.918779597017698e-12,0.0,0.0,0.0,0.0,0.0,-0.0,-0.0,2.8308293445834917e-53,5.819064469149905e6,0.005553392756689185,5.819064469149905e6,0.005553392756689185,408.0,0.001475895522186371,1.4085129226514936e-12,0.012650793445213913,1.2073216417773309e-11,4.2077107201093775e8,0.4015606006632282
4.8168e6,0.003370626507750696,3.216351772170153e-12,0.003080105156290948,2.939127682977195e-12,0.0,0.0,0.0,0.0,0.0,-0.0,-0.0,2.8247524152279796e-53,5.819064469149905e6,0.005552723885213978,5.819064469149905e6,0.005552723885213978,408.0,0.0014602181654189148,1.3933834773151176e-12,0.012713987294063193,1.2132063718889359e-11,4.215468944396629e8,0.40225254796581494
4.8384e6,0.003354565599929891,3.2013804799499155e-12,0.003076368500678015,2.935887158506967e-12,0.0,0.0,0.0,0.0,0.0,-0.0,-0.0,1.286876962484543e-52,5.819064469149905e6,0.005553338829771571,5.819064469149905e6,0.005553338829771571,408.0,0.001452269786685881,1.3859523709461445e-12,0.01275636519054932,1.2173850026063189e-11,4.264060752450857e8,0.4069343839483128
4.86e6,0.003339094037660535,3.174553578846527e-12,0.00306414774179217,2.9131558051704537e-12,0.0,0.0,0.0,0.0,0.0,-0.0,-0.0,1.336253682418545e-51,5.819064469149905e6,0.005532318565373846,5.819064469149905e6,0.005532318565373846,408.0,0.001449080574610424,1.3776742650199584e-12,0.01278220339314373,1.2152335055432763e-11,4.2428871326374805e8,0.4033810482616162
4.8816e6,0.003343582144519555,3.1746303310786486e-12,0.003078689850753531,2.9231230930593924e-12,0.0,0.0,0.0,0.0,0.0,-0.0,-0.0,1.8687628434515286e-51,5.819064469149905e6,0.005525026083939635,5.819064469149905e6,0.005525026083939635,408.0,0.0014349710069955974,1.362461661213735e-12,0.01283736265228671,1.218868838434404e-11,4.250372969126778e8,0.4035600850514043
4.9032e6,0.0033582620826992588,3.1880560190852085e-12,0.0030893840243603936,2.9328054486478425e-12,0.0,0.0,0.0,0.0,0.0,-0.0,-0.0,1.8818985547718842e-51,5.819064469149905e6,0.0055241380956804744,5.819064469149905e6,0.0055241380956804744,408.0,0.0014411681297566252,1.3681257202211735e-12,0.012911817777448004,1.2257410937278185e-11,4.2554174902807385e8,0.403974109510407
4.9248e6,0.0033651624542561267,3.196312268807566e-12,0.003087713005332644,2.9327841064609255e-12,0.0,0.0,0.0,0.0,0.0,-0.0,-0.0,1.8778393979686278e-51,5.819064469149905e6,0.005527087446313935,5.819064469149905e6,0.005527087446313935,408.0,0.0014476803248875687,1.3750416054645763e-12,0.012977815259298774,1.2326641194736665e-11,4.270238183528473e8,0.40559749736539014
4.9464e6,0.003375572121110616,3.2083673676662135e-12,0.0030996134751913947,2.9460779889693417e-12,0.0,0.0,0.0,0.0,0.0,-0.0,-0.0,1.8738079473551464e-51,5.819064469149905e6,0.005530824370899192,5.819064469149905e6,0.005530824370899192,408.0,0.0014429724033244002,1.371496565668308e-12,0.013052641893623835,1.2406095562715227e-11,4.28534159966194e8,0.4073072550182775
4.968e6,0.003382645379789234,3.2174475211976656e-12,0.0031084998603912333,2.9566904146133797e-12,0.0,0.0,0.0,0.0,0.0,-0.0,-0.0,1.8714642284093905e-51,5.819064469149905e6,0.005534879495148953,5.819064469149905e6,0.005534879495148953,408.0,0.0014359488228728647,1.3658215573891679e-12,0.013119666471551054,1.2478942847524325e-11,4.3018528496701413e8,0.4091763762889835
4.9896e6,0.0033853185275729654,3.2221665287336734e-12,0.0031214946584457045,2.9710573838602888e-12,0.0,0.0,0.0,0.0,0.0,-0.0,-0.0,1.875941431023446e-51,5.819064469149905e6,0.005538620548796816,5.819064469149905e6,0.005538620548796816,408.0,0.0014229359814947377,1.3543590225733404e-12,0.013187256377513444,1.2551709908348543e-11,4.317493304207954e8,0.4109416085825258
5.0112e6,0.0033845561979667636,3.2235562813217504e-12,0.0031246444579162607,2.9760082799819034e-12,0.0,0.0,0.0,0.0,0.0,-0.0,-0.0,1.872062767182099e-51,5.819064469149905e6,0.005542257455264922,5.819064469149905e6,0.005542257455264922,408.0,0.0014153164550513462,1.3479912821301609e-12,0.01324323068739339,1.2613263592132308e-11,4.3276319652358276e8,0.412177088776522
5.0328e6,0.003379148885862703,3.2200741131469097e-12,0.0031353118861171094,2.9877158367794156e-12,0.0,0.0,0.0,0.0,0.0,-0.0,-0.0,1.8680368674436666e-51,5.819064469149905e6,0.005545129703587705,5.819064469149905e6,0.005545129703587705,408.0,0.0013965827598641783,1.3308380730782122e-12,0.013302726865309663,1.2676495727210769e-11,4.346607646906946e8,0.414198936968063
5.0544e6,0.0033824595124429097,3.224735060087664e-12,0.0031413983649788957,2.9949146199633898e-12,0.0,0.0,0.0,0.0,0.0,-0.0,-0.0,1.8661953246061862e-51,5.819064469149905e6,0.005547720864521311,5.819064469149905e6,0.005547720864521311,408.0,0.0013934185646987177,1.3284433065440357e-12,0.013363730983204666,1.2740578764236498e-11,4.3615930158440286e8,0.41582114624832844
5.076e6,0.0033864958189309606,3.2304956272890102e-12,0.0031400353625981947,2.995388463703616e-12,0.0,0.0,0.0,0.0,0.0,-0.0,-0.0,1.8925218617703014e-51,5.819064469149905e6,0.0055510070963075515,5.819064469149905e6,0.0055510070963075515,408.0,0.0013993384024713694,1.3348773575950802e-12,0.013416067138183987,1.2798051006896201e-11,4.374979861061612e8,0.4173444783728862
5.0976e6,0.0033850527577437947,3.231168226325559e-12,0.003137528355042459,2.994896285387821e-12,0.0,0.0,0.0,0.0,0.0,-0.0,-0.0,1.8976977144110228e-51,5.819064469149905e6,0.005554529741565783,5.819064469149905e6,0.005554529741565783,408.0,0.0014003419865982263,1.3366824262147189e-12,0.0134620575054135,1.285007223977567e-11,4.3917164602560246e8,0.41920689870926525
5.1192e6,0.0033766833680080005,3.2252026436271073e-12,0.0031325688186004093,2.992039268714148e-12,0.0,0.0,0.0,0.0,0.0,-0.0,-0.0,1.8964640434253487e-51,5.819064469149905e6,0.005558016569498611,5.819064469149905e6,0.005558016569498611,408.0,0.0014000898500886806,1.3372806963791087e-12,0.013504977717640544,1.289913358466729e-11,4.4092154043436074e8,0.4211414464602141
5.1408e6,0.0033748417589881423,3.225126573009177e-12,0.0031330297754069056,2.9940418853070403e-12,0.0,0.0,0.0,0.0,0.0,-0.0,-0.0,1.8958461704661372e-51,5.819064469149905e6,0.005560918345142132,5.819064469149905e6,0.005560918345142132,408.0,0.0013993264344869683,1.3372493261821003e-12,0.01355540012057601,1.295405362939125e-11,4.427050116559627e8,0.42306567212919194
5.1624e6,0.0033697472006694886,3.2217010390177105e-12,0.0031335471147061755,2.9958781457713292e-12,0.0,0.0,0.0,0.0,0.0,-0.0,-0.0,1.9088011686168151e-51,5.819064469149905e6,0.005563410229303448,5.819064469149905e6,0.005563410229303448,408.0,0.0013964944852067316,1.3351410257360458e-12,0.01360475138227203,1.3007041494132072e-11,4.444728951146167e8,0.4249454640756061
5.184e6,0.0033637468785034973,3.217250864680336e-12,0.00313187428590482,2.9954766569356523e-12,0.0,0.0,0.0,0.0,0.0,-0.0,-0.0,1.9589715829100815e-51,5.819064469149905e6,0.005565635843364095,5.819064469149905e6,0.005565635843364095,408.0,0.0013927910520414668,1.3321329988102388e-12,0.013652726367780995,1.3058130501046785e-11,4.461931908014046e8,0.42676083569015333
5.2056e6,0.0033535624826862517,3.208630032558884e-12,0.003123341745552778,2.9883588507639935e-12,0.0,0.0,0.0,0.0,0.0,-0.0,-0.0,2.3075983344834485e-51,5.819064469149905e6,0.005567579287252399,5.819064469149905e6,0.005567579287252399,408.0,0.0013953679733631381,1.3350637147566946e-12,0.013693694160251927,1.31018874901253e-11,4.4788576200085497e8,0.42852927730761303
5.2272e6,0.003350805534202784,3.2068528505052367e-12,0.003134730717312562,3.000060741743943e-12,0.0,0.0,0.0,0.0,0.0,-0.0,-0.0,2.302658710117807e-51,5.819064469149905e6,0.005569073850955922,5.819064469149905e6,0.005569073850955922,408.0,0.0013825347322892036,1.3231401828333661e-12,0.013750460703264206,1.3159732384324776e-11,4.495383327856237e8,0.4302258872351815
5.2488e6,0.003359279635411179,3.215739573564812e-12,0.0031324983110716984,2.9986484831011148e-12,0.0,0.0,0.0,0.0,0.0,-0.0,-0.0,2.2977349352349224e-51,5.819064469149905e6,0.0055704192343248695,5.819064469149905e6,0.0055704192343248695,408.0,0.0013935102927122667,1.3339664097050443e-12,0.013805671692602713,1.3215763383780345e-11,4.5094069688652825e8,0.4316722636076139
5.2704e6,0.0033596007032813393,3.216667043450374e-12,0.0031354864150938107,3.002087660824619e-12,0.0,0.0,0.0,0.0,0.0,-0.0,-0.0,2.3027898550411204e-51,5.819064469149905e6,0.005571493327568834,5.819064469149905e6,0.005571493327568834,408.0,0.0013912618549797896,1.3320708479886155e-12,0.013859942570482965,1.3270273591454825e-11,4.5249957207248914e8,0.4332480521388566
5.292e6,0.0033584169321529637,3.215999863749286e-12,0.0031435934939807128,3.010286230853439e-12,0.0,0.0,0.0,0.0,0.0,-0.0,-0.0,2.3588602429160868e-51,5.819064469149905e6,0.005572301152000638,5.819064469149905e6,0.005572301152000638,408.0,0.0013833546123931785,1.324692060232496e-12,0.013916367395760208,1.3326229754314318e-11,4.5396760192063487e8,0.4347166463895305
5.3136e6,0.0033596243251817013,3.217510430249213e-12,0.0031577775364893335,3.024201868020346e-12,0.0,0.0,0.0,0.0,0.0,-0.0,-0.0,2.45287332832587e-51,5.819064469149905e6,0.005572914948688441,5.819064469149905e6,0.005572914948688441,408.0,0.0013706250309609782,1.31264686352665e-12,0.013978880070718347,1.3387566012550108e-11,4.5515068775524473e8,0.4358975717049553
5.3352e6,0.0033603950011291796,3.218517825611761e-12,0.003171341896261081,3.037446615887677e-12,0.0,0.0,0.0,0.0,0.0,-0.0,-0.0,2.5681907049553242e-51,5.819064469149905e6,0.005573381318580007,5.819064469149905e6,0.005573381318580007,408.0,0.001355529425360763,1.2982984491998324e-12,0.014039666685597736,1.3446906532731995e-11,4.568787183143745e8,0.43758912227382557
5.3568e6,0.0033723893868057775,3.230219540634521e-12,0.0031740310118857583,3.040223361301848e-12,0.0,0.0,0.0,0.0,0.0,-0.0,-0.0,2.703020583692928e-51,5.819064469149905e6,0.005573750122094847,5.819064469149905e6,0.005573750122094847,408.0,0.0013608121481668593,1.3034443796257227e-12,0.014098440071293364,1.3504092021203888e-11,4.581239735018197e8,0.4388108375113732
5.3784e6,0.0034043996483521205,3.26105955993904e-12,0.003175876917403228,3.0421586336670656e-12,0.0,0.0,0.0,0.0,0.0,-0.0,-0.0,2.869216515253048e-51,5.819064469149905e6,0.005574056449632248,5.819064469149905e6,0.005574056449632248,408.0,0.0013899602081383273,1.3314368149692406e-12,0.014178352646038768,1.3581382098582988e-11,4.590157628244777e8,0.4396891951995204
5.4e6,0.0034396949666468776,3.2950089671458833e-12,0.0031487835671699994,3.016334352328017e-12,0.0,0.0,0.0,0.0,0.0,-0.0,-0.0,3.06166651992907e-51,5.819064469149905e6,0.005574293590614584,5.819064469149905e6,0.005574293590614584,408.0,0.0014518154603999805,1.390746856056922e-12,0.014237579990168106,1.3638695928840724e-11,4.608477783022394e8,0.44146285549134484
5.4216e6,0.003477376148379325,3.331214517006463e-12,0.0031214764184061593,2.990274021501586e-12,0.0,0.0,0.0,0.0,0.0,-0.0,-0.0,3.277681606953401e-51,5.819064469149905e6,0.005574476619120738,5.819064469149905e6,0.005574476619120738,408.0,0.0015149570927543536,1.4512801735231502e-12,0.014297534702521104,1.3696578433322405e-11,4.6211904360514176e8,0.4426951819290692
5.4432e6,0.0035348479301304846,3.3863536012961557e-12,0.0031127326868508223,2.9819708661697478e-12,0.0,0.0,0.0,0.0,0.0,-0.0,-0.0,3.5240960080945387e-51,5.819064469149905e6,0.005574613197165991,5.819064469149905e6,0.005574613197165991,408.0,0.001581279008683196,1.5148515499252866e-12,0.01439442904912078,1.3789737949856532e-11,4.6274823564735496e8,0.4433087887376297
5.4648e6,0.0035810823466074955,3.430697687323735e-12,0.0031009600994397904,2.9707377859404744e-12,0.0,0.0,0.0,0.0,0.0,-0.0,-0.0,3.805492119910616e-51,5.819064469149905e6,0.005574697559136691,5.819064469149905e6,0.005574697559136691,408.0,0.0016437344985857825,1.574707196614645e-12,0.014480537303893364,1.3872438841495603e-11,4.638941106976656e8,0.4444132523903719
5.4864e6,0.0036161191493587984,3.4642834143067198e-12,0.003089257567140477,2.9595440056957048e-12,0.0,0.0,0.0,0.0,0.0,-0.0,-0.0,4.109193395781508e-51,5.819064469149905e6,0.005574730171939185,5.819064469149905e6,0.005574730171939185,408.0,0.0016890367663406948,1.6181164984084837e-12,0.0145541008046695,1.3942994670600084e-11,4.6581483933719665e8,0.446255932230535
5.508e6,0.003648894297766455,3.495683342965439e-12,0.0030830789429338616,2.953625626387273e-12,0.0,0.0,0.0,0.0,0.0,-0.0,-0.0,4.4346410896296326e-51,5.819064469149905e6,0.005574731706780535,5.819064469149905e6,0.005574731706780535,408.0,0.0017285619288454825,1.6559825110987936e-12,0.014630816184757946,1.401649273928104e-11,4.665833342167698e8,0.4469922821620829
5.5296e6,0.003695515290401835,3.540328875701765e-12,0.003078098502436464,2.948839378024932e-12,0.0,0.0,0.0,0.0,0.0,-0.0,-0.0,4.77628325999661e-51,5.819064469149905e6,0.005574703485386326,5.819064469149905e6,0.005574703485386326,408.0,0.0017850038766562596,1.710045899195452e-12,0.014721609361131227,1.4103402265275718e-11,4.6713751113196623e8,0.44752092458643977
5.5512e6,0.003747922895496218,3.5904938481103477e-12,0.0030734843929576504,2.9443846933026497e-12,0.0,0.0,0.0,0.0,0.0,-0.0,-0.0,5.168806480271337e-51,5.819064469149905e6,0.005574638475980175,5.819064469149905e6,0.005574638475980175,408.0,0.0018456581155137362,1.768132454760553e-12,0.014815909083965479,1.4193576523163015e-11,4.677333596278087e8,0.44808652609094923
5.5728e6,0.0037870772969248482,3.627924178604881e-12,0.0030664881055654882,2.9376179753761388e-12,0.0,0.0,0.0,0.0,0.0,-0.0,-0.0,5.609106856986737e-51,5.819064469149905e6,0.005574516448774891,5.819064469149905e6,0.005574516448774891,408.0,0.0018967965368320088,1.8170830638853491e-12,0.014902280394770423,1.4276007359141574e-11,4.695718921156146e8,0.44983798518789175
5.5944e6,0.0038266848938073336,3.6657647768291684e-12,0.0030526269241988274,2.9242575665525466e-12,0.0,0.0,0.0,0.0,0.0,-0.0,-0.0,6.073374687697498e-51,5.819064469149905e6,0.005574360616843054,5.819064469149905e6,0.005574360616843054,408.0,0.00195363624488675,1.871481747773932e-12,0.014982853718903278,1.4352793329814432e-11,4.712150214103179e8,0.45139944252899206
5.616e6,0.0038696462770565292,3.706806290546947e-12,0.0030451437710979352,2.9169999731633825e-12,0.0,0.0,0.0,0.0,0.0,-0.0,-0.0,6.57402084528618e-51,5.819064469149905e6,0.005574190309650361,5.819064469149905e6,0.005574190309650361,408.0,0.0020068510664026443,1.9224000398275937e-12,0.015068937601938738,1.4434816180980346e-11,4.718413206107329e8,0.45198559510463837
5.6376e6,0.003912045940923228,3.747299606272424e-12,0.00304143238494141,2.913349830422866e-12,0.0,0.0,0.0,0.0,0.0,-0.0,-0.0,7.122329019995697e-51,5.819064469149905e6,0.005574008670504829,5.819064469149905e6,0.005574008670504829,408.0,0.0020609793956050384,1.9741862427780476e-12,0.01515838026784852,1.452002181652068e-11,4.7241593706137127e8,0.45252128468847036
5.6592e6,0.003953018706263664,3.786408924178461e-12,0.0030402240608083005,2.912086273992657e-12,0.0,0.0,0.0,0.0,0.0,-0.0,-0.0,7.740868385567785e-51,5.819064469149905e6,0.005573805558128666,5.819064469149905e6,0.005573805558128666,408.0,0.002111317059201061,2.022330362884932e-12,0.015246053921098807,1.4603471148234967e-11,4.730097713054575e8,0.4530736008045436
5.6808e6,0.0039730430965864,3.8054225376862316e-12,0.0030445572270814433,2.9161089893954715e-12,0.0,0.0,0.0,0.0,0.0,-0.0,-0.0,8.460484510024855e-51,5.819064469149905e6,0.005573561257912888,5.819064469149905e6,0.005573561257912888,408.0,0.0021358322835016486,2.0457226641559213e-12,0.015319876906991516,1.4673539510944127e-11,4.7399517810872716e8,0.45399757558112463
5.7024e6,0.004034470273673763,3.864052017917237e-12,0.003034113178391145,2.9059505596197665e-12,0.0,0.0,0.0,0.0,0.0,-0.0,-0.0,9.17091984612094e-51,5.819064469149905e6,0.005573263967547921,5.819064469149905e6,0.005573263967547921,408.0,0.0022163466105644403,2.1227269039107722e-12,0.0154276070846461,1.4775936428644877e-11,4.748381075662527e8,0.45478068327781335
5.724e6,0.004075392961830116,3.90300866044341e-12,0.0030308171026857773,2.902617124482265e-12,0.0,0.0,0.0,0.0,0.0,-0.0,-0.0,9.952681674914868e-51,5.819064469149905e6,0.005572924925642388,5.819064469149905e6,0.005572924925642388,408.0,0.0022677862114296875,2.171861537315278e-12,0.015518173041642215,1.4861772678870763e-11,4.757584035069779e8,0.4556343858268335
5.7456e6,0.0041045178439873065,3.930636864870121e-12,0.0030332049933591886,2.9047083771534528e-12,0.0,0.0,0.0,0.0,0.0,-0.0,-0.0,1.0841680043985978e-50,5.819064469149905e6,0.005572549612618332,5.819064469149905e6,0.005572549612618332,408.0,0.0023032721400895527,2.2056978987011784e-12,0.015601461169522522,1.4940531567818075e-11,4.766888489631345e8,0.45649472947273567
5.7672e6,0.004133294281863021,3.957901749236378e-12,0.003035391248487759,2.9065872189945937e-12,0.0,0.0,0.0,0.0,0.0,-0.0,-0.0,1.1801237551129201e-50,5.819064469149905e6,0.0055721378326313254,5.819064469149905e6,0.0055721378326313254,408.0,0.0023395349924733217,2.2402589817379824e-12,0.01568281981885374,1.5017333816846582e-11,4.7757757170664716e8,0.45731200770002245
5.7888e6,0.004167692530550039,3.990513303914273e-12,0.003035500938287177,2.9064540604871767e-12,0.0,0.0,0.0,0.0,0.0,-0.0,-0.0,1.2849531864536568e-50,5.819064469149905e6,0.005571681214547969,5.819064469149905e6,0.005571681214547969,408.0,0.0023835044221016295,2.282175577160383e-12,0.015765907422060074,1.509565853403017e-11,4.7845249788264054e8,0.4581122633438875
5.8104e6,0.00420971914275598,4.030386753253311e-12,0.0030294790583836667,2.9004244350073987e-12,0.0,0.0,0.0,0.0,0.0,-0.0,-0.0,1.4217175469992084e-50,5.819064469149905e6,0.005571174597988678,5.819064469149905e6,0.005571174597988678,408.0,0.0024425693991544754,2.3385168977826845e-12,0.015854440142322037,1.5179047191264432e-11,4.793212603633756e8,0.4589023620840664
5.832e6,0.004239278020220172,4.0582941451427656e-12,0.003032419996425084,2.902959479988674e-12,0.0,0.0,0.0,0.0,0.0,-0.0,-0.0,1.5655495207424992e-50,5.819064469149905e6,0.005570636120754557,5.819064469149905e6,0.005570636120754557,408.0,0.002481863594843273,2.3759075125420355e-12,0.015938647659643874,1.5258192590838087e-11,4.801817449079065e8,0.45968175587195503
5.8536e6,0.004260343437445937,4.078043862276638e-12,0.0030379880912805328,2.907992952029072e-12,0.0,0.0,0.0,0.0,0.0,-0.0,-0.0,1.6964815578440658e-50,5.819064469149905e6,0.005570067411474962,5.819064469149905e6,0.005570067411474962,408.0,0.0025101344321889936,2.4027260865181075e-12,0.016015223286493744,1.532993383876801e-11,4.810172843762568e8,0.4604346135473879
5.8752e6,0.00428582585137164,4.101987919567147e-12,0.003043976093935817,2.913406563353424e-12,0.0,0.0,0.0,0.0,0.0,-0.0,-0.0,1.8486656708232656e-50,5.819064469149905e6,0.005569459185560709,5.819064469149905e6,0.005569459185560709,408.0,0.0025433437384649116,2.4342485327888207e-12,0.01609665197078004,1.5406195729694588e-11,4.818450843389057e8,0.4611766281703761
5.8968e6,0.004349877151704043,4.162823393611902e-12,0.003031800695564888,2.9014269645114455e-12,0.0,0.0,0.0,0.0,0.0,-0.0,-0.0,1.9953789988960325e-50,5.819064469149905e6,0.005568832602921561,5.819064469149905e6,0.005568832602921561,408.0,0.0026317615272759575,2.5185903118804997e-12,0.016205661857778355,1.5508784716850273e-11,4.826697615265534e8,0.46191395862402534
5.9184e6,0.004429370243730017,4.238418755612045e-12,0.003017867992930968,2.8877667928767395e-12,0.0,0.0,0.0,0.0,0.0,-0.0,-0.0,2.1379976164151443e-50,5.819064469149905e6,0.005568202843524572,5.819064469149905e6,0.005568202843524572,408.0,0.002741102626283311,2.6229328647209756e-12,0.016331166707004068,1.562712518105138e-11,4.8349095110943896e8,0.4626475102756976
5.94e6,0.00442294074689044,4.231788909606557e-12,0.003042512585126486,2.9110204616981656e-12,0.0,0.0,0.0,0.0,0.0,-0.0,-0.0,2.282546041220681e-50,5.819064469149905e6,0.005567574583075037,5.819064469149905e6,0.005567574583075037,408.0,0.0027266428193265966,2.6088020399994897e-12,0.016410673708437355,1.5701432818733022e-11,4.843097247831897e8,0.46337869744083954
5.9616e6,0.004423987004756121,4.232318802815347e-12,0.003062227652946689,2.929557356324522e-12,0.0,0.0,0.0,0.0,0.0,-0.0,-0.0,2.4277143953251833e-50,5.819064469149905e6,0.005566954862457946,5.819064469149905e6,0.005566954862457946,408.0,0.0027248080228153898,2.6067563527256377e-12,0.016488051333994072,1.577371036750924e-11,4.8512713895406914e8,0.4641091191596995
5.9832e6,0.004426067901199865,4.233848559378928e-12,0.0030798506039110144,2.9460960232752083e-12,0.0,0.0,0.0,0.0,0.0,-0.0,-0.0,2.5765800578555236e-50,5.819064469149905e6,0.005566348793014352,5.819064469149905e6,0.005566348793014352,408.0,0.0027263689351212247,2.607965681043721e-12,0.01656652314521372,1.5847056962968516e-11,4.8594583801462805e8,0.46484173585693783
6.0048e6,0.004433099794485066,4.240126402964701e-12,0.0030954246991486086,2.96068047274213e-12,0.0,0.0,0.0,0.0,0.0,-0.0,-0.0,2.7343788915451596e-50,5.819064469149905e6,0.005565759861055031,5.819064469149905e6,0.005565759861055031,408.0,0.002734800968893074,2.6157547388133887e-12,0.016648382975325577,1.5923676770859982e-11,4.8677490413285077e8,0.46558553134355
6.0264e6,0.004442774286539903,4.248946318187094e-12,0.0031082500520862224,2.972644290039374e-12,0.0,0.0,0.0,0.0,0.0,-0.0,-0.0,2.907318739221893e-50,5.819064469149905e6,0.005565192142755452,5.819064469149905e6,0.005565192142755452,408.0,0.002744901144053343,2.62514745463161e-12,0.016727344006875915,1.5997568669286934e-11,4.8760742564064974e8,0.466334241236029
6.048e6,0.004488557869005438,4.29231219055556e-12,0.003101446992298304,2.9658476334523914e-12,0.0,0.0,0.0,0.0,0.0,-0.0,-0.0,3.0966552913811304e-50,5.819064469149905e6,0.005564647284829425,5.819064469149905e6,0.005564647284829425,408.0,0.0028114291776318223,2.688509780694117e-12,0.016825391623685036,1.608976327918369e-11,4.8843647666750634e8,0.4670813887883516
6.0696e6,0.004516969189648064,4.3190751548918915e-12,0.003100344204514624,2.9645142712110236e-12,0.0,0.0,0.0,0.0,0.0,-0.0,-0.0,3.301648142749142e-50,5.819064469149905e6,0.005564124021704418,5.819064469149905e6,0.005564124021704418,408.0,0.0028564676924956642,2.7313222923202284e-12,0.01691275644595461,1.6171787563632173e-11,4.8926616123927903e8,0.46783080256134024
6.0912e6,0.004526456107840166,4.327754626608443e-12,0.00311106636565276,2.974497385342827e-12,0.0,0.0,0.0,0.0,0.0,-0.0,-0.0,3.5252342299366056e-50,5.819064469149905e6,0.005563620319940051,5.819064469149905e6,0.005563620319940051,408.0,0.002873016703288071,2.746897580303971e-12,0.01699433527010703,1.6248321278085784e-11,4.901082708614973e8,0.4685935942438626
6.1128e6,0.004534657551134071,4.335218258640588e-12,0.0031189443845111593,2.9817697347478356e-12,0.0,0.0,0.0,0.0,0.0,-0.0,-0.0,3.7853488982697626e-50,5.819064469149905e6,0.005563135529066882,5.819064469149905e6,0.005563135529066882,408.0,0.002888791413291987,2.761739147683944e-12,0.01707049964631591,1.6319720048610663e-11,4.9103908467432e8,0.4694426385193944
6.1344e6,0.004542839652345287,4.34268454052024e-12,0.00312777609488709,2.9899679348054027e-12,0.0,0.0,0.0,0.0,0.0,-0.0,-0.0,4.04345112274385e-50,5.819064469149905e6,0.005562679567046093,5.819064469149905e6,0.005562679567046093,408.0,0.0029020634738803237,2.7742000924734926e-12,0.017149290133326743,1.639370148238589e-11,4.9198082769379693e8,0.47030441269376627
6.156e6,0.004562634571966813,4.361288326374446e-12,0.0031296808426005246,2.991569960034636e-12,0.0,0.0,0.0,0.0,0.0,-0.0,-0.0,4.2531897536334674e-50,5.819064469149905e6,0.005562272748217012,5.819064469149905e6,0.005562272748217012,408.0,0.0029343002464350836,2.80481138890298e-12,0.01723333117315071,1.6472834912485232e-11,4.9279455023925835e8,0.4710478311071403
6.1776e6,0.004579227140834236,4.376856043701455e-12,0.0031324528659657062,2.9940194789101957e-12,0.0,0.0,0.0,0.0,0.0,-0.0,-0.0,4.539607029062263e-50,5.819064469149905e6,0.005561900885713047,5.819064469149905e6,0.005561900885713047,408.0,0.0029644758453265486,2.8334659148750384e-12,0.017317116967111607,1.6551816655065364e-11,4.9360611807562816e8,0.47179204146526377
6.1992e6,0.004597742184799668,4.394278861079115e-12,0.0031346364132647064,2.9959197306706174e-12,0.0,0.0,0.0,0.0,0.0,-0.0,-0.0,4.868357045937112e-50,5.819064469149905e6,0.005561554119450078,5.819064469149905e6,0.005561554119450078,408.0,0.0029982738149463128,2.865591569771694e-12,0.017403854178742028,1.6633683544020157e-11,4.9441864090999967e8,0.47253919314071813
6.2208e6,0.004613206767650195,4.408796315046133e-12,0.0031407578018283373,3.001591326938576e-12,0.0,0.0,0.0,0.0,0.0,-0.0,-0.0,5.226873517190077e-50,5.819064469149905e6,0.005561222655032169,5.819064469149905e6,0.005561222655032169,408.0,0.0030248094664678082,2.8907806437370475e-12,0.017490742673804533,1.6715730668835443e-11,4.952303583409795e8,0.4732867805239995
6.2424e6,0.004614514646423524,4.409784223319411e-12,0.0031609470958785827,3.020706553603892e-12,0.0,0.0,0.0,0.0,0.0,-0.0,-0.0,5.602656013639642e-50,5.819064469149905e6,0.005560892240405867,5.819064469149905e6,0.005560892240405867,408.0,0.003020073306582128,2.8860828583469687e-12,0.01757563892945545,1.6795867215621718e-11,4.9603992199838746e8,0.47403230670433466
6.264e6,0.004622626329599076,4.417272977144601e-12,0.003172932381314371,3.031979543002048e-12,0.0,0.0,0.0,0.0,0.0,-0.0,-0.0,5.989019324920837e-50,5.819064469149905e6,0.005560561118092263,5.819064469149905e6,0.005560561118092263,408.0,0.003030387990520886,2.895767476397432e-12,0.017660107219260104,1.687558301946499e-11,4.968472642721972e8,0.47477555782194225
6.2856e6,0.004634097979812986,4.42797900914383e-12,0.0031820789257323567,3.0405439742451122e-12,0.0,0.0,0.0,0.0,0.0,-0.0,-0.0,6.382357318369455e-50,5.819064469149905e6,0.005560239648469907,5.819064469149905e6,0.005560239648469907,408.0,0.003048382285747135,2.912793996142251e-12,0.017748386401903918,1.6958960034111296e-11,4.9765366112804383e8,0.4755186392039737
6.3072e6,0.0046750634436217,4.466878231206601e-12,0.0031716628245170362,3.0304255329179234e-12,0.0,0.0,0.0,0.0,0.0,-0.0,-0.0,6.811011278239593e-50,5.819064469149905e6,0.005559935756315018,5.819064469149905e6,0.005559935756315018,408.0,0.0031150138218630527,2.9762991665431785e-12,0.017847386437216825,1.705262461605789e-11,4.984771778887591e8,0.47627949470984227
6.3288e6,0.0046692037578132065,4.4610577369450994e-12,0.0031892012730467853,3.047031517952806e-12,0.0,0.0,0.0,0.0,0.0,-0.0,-0.0,7.262481383530406e-50,5.819064469149905e6,0.0055596594019793515,5.819064469149905e6,0.0055596594019793515,408.0,0.0031093802126387713,2.9707687593382402e-12,0.017927902772616362,1.7128704061618563e-11,4.99423239537322e8,0.47715970908744526
6.3504e6,0.004665887718722806,4.4577037819670346e-12,0.0032028567147525475,3.059950721308633e-12,0.0,0.0,0.0,0.0,0.0,-0.0,-0.0,7.758264552819589e-50,5.819064469149905e6,0.005559427756384158,5.819064469149905e6,0.005559427756384158,408.0,0.003107023137698674,2.968393074698693e-12,0.018008260336735662,1.7204762533738664e-11,5.0037624636240125e8,0.47805031331244885
6.372e6,0.004696825693184885,4.487120484553838e-12,0.003197090421064778,3.0543458191659826e-12,0.0,0.0,0.0,0.0,0.0,-0.0,-0.0,8.32621498551628e-50,5.819064469149905e6,0.0055592532246510435,5.819064469149905e6,0.0055592532246510435,408.0,0.003157755744308234,3.0167673682382218e-12,0.018101491488215323,1.729329095086575e-11,5.0126152327143633e8,0.4788810562958621
6.3936e6,0.004725805785190694,4.514707887385482e-12,0.0031947879109663953,3.052079335414703e-12,0.0,0.0,0.0,0.0,0.0,-0.0,-0.0,8.816725870723203e-50,5.819064469149905e6,0.005559131595801624,5.819064469149905e6,0.005559131595801624,408.0,0.0032054238924944267,3.062240216305146e-12,0.01819365019982675,1.7380954654313168e-11,5.0209168676452875e8,0.47966365979955944
6.4152e6,0.00473314003317342,4.521661294949864e-12,0.0032119024417364304,3.0683932552524287e-12,0.0,0.0,0.0,0.0,0.0,-0.0,-0.0,9.283224536216734e-50,5.819064469149905e6,0.005559066158736033,5.819064469149905e6,0.005559066158736033,408.0,0.0032093240055225654,3.065930024680754e-12,0.018275577241567597,1.7459016567624773e-11,5.028547350119432e8,0.4803869685556935
