time,untagged,untagged_relative,overclaimed,overclaimed_relative,orphaned,orphaned_relative,orphaned_volume_fraction,nonpositive_mass,nonpositive_mass_fraction,source_negative,source_negative_relative,source_minimum,repair_moved,repair_moved_relative,repair_gross,repair_gross_relative,repair_events,increment_left,increment_left_relative,increment_left_net_abs,increment_left_net_abs_relative,increment_moved_net_abs,increment_moved_net_abs_relative
0.0,4.111511009645985e-9,3.686863348880568e-18,3.1401742667767635e-9,2.8158488171661283e-18,0.0,0.0,0.0,0.0,0.0,-0.0,-0.0,0.0,0.0,0.0,0.0,0.0,0.0,0.0,0.0,0.0,0.0,0.0,0.0
21600.0,3.1313024233630195e-5,2.8078341410873884e-14,3.3697677633900516e-5,3.021665650365497e-14,0.0,0.0,0.0,0.0,0.0,-0.0,-0.0,5.542891546145018e-226,12984.499993339123,1.164318148072402e-5,12984.499993339123,1.164318148072402e-5,1010.0,-1.068931610300896e-6,-9.585093562016566e-16,6.661623347231768e-5,5.973467567317665e-14,1.625113832434306e7,0.014572371125244737
43200.0,5.8226041851867154e-5,5.215616087125013e-14,6.023412005163884e-5,5.395490326036522e-14,0.0,0.0,0.0,0.0,0.0,-0.0,-0.0,8.346778786670404e-56,15717.478791550859,1.4078981264571414e-5,15717.478791550859,1.4078981264571414e-5,1446.0,1.2379370772890644e-6,1.1088860464847686e-15,0.00011903000463305859,1.0662150255622045e-13,2.405797215909315e7,0.02155000453848439
64800.0,8.724376784991263e-5,7.807064539429985e-14,8.716026037414955e-5,7.799591819385055e-14,0.0,0.0,0.0,0.0,0.0,-0.0,-0.0,2.274287235597427e-53,15717.478791550859,1.4064886735962132e-5,15717.478791550859,1.4064886735962132e-5,1446.0,3.3805745304380173e-6,3.0251288074680793e-15,0.00017352771435477036,1.552823885000079e-13,2.831716965492119e7,0.02533980094145824
86400.0,0.00010924560326463152,9.765424657428188e-14,0.00011093156183931266,9.916131879912115e-14,0.0,0.0,0.0,0.0,0.0,-0.0,-0.0,0.0,19059.448530748734,1.7037171572781732e-5,19059.448530748734,1.7037171572781732e-5,2355.0,4.383128024165074e-6,3.918062164951557e-15,0.00021858169687042833,1.9538938213470757e-13,3.2132605064625204e7,0.02872321854870314
108000.0,0.00012971996549679616,1.1581491097219508e-13,0.0001272822483102624,1.1363849967072298e-13,0.0,0.0,0.0,0.0,0.0,-0.0,-0.0,2.400683474676958e-44,24710.321531473153,2.2061551414246716e-5,24710.321531473157,2.206155141424672e-5,3000.0,9.80988860316683e-6,8.758338555455274e-15,0.0002560957541611767,2.28644117001915e-13,3.6267947731603146e7,0.032380282569405894
129600.0,0.00013870279773387816,1.2364440851326701e-13,0.00013745465342849294,1.2253177007410118e-13,0.0,0.0,0.0,0.0,0.0,-0.0,-0.0,0.0,90800.81328239122,8.094294444129057e-5,90800.81328239122,8.094294444129057e-5,4001.0,1.0201725012703935e-5,9.094165911713878e-15,0.000277991139032501,2.478107905476487e-13,3.805235089545039e7,0.033921164503360725
151200.0,0.00016365574354025543,1.458370617296894e-13,0.00015906281727102946,1.4174420890732414e-13,0.0,0.0,0.0,0.0,0.0,-0.0,-0.0,2.767337917794323e-32,161293.78319124447,0.00014373226937856084,161293.78319124447,0.00014373226937856084,4678.0,1.4060571127832313e-5,1.252966950726042e-14,0.00032568769450846155,2.902271278792456e-13,4.388332936006522e7,0.039105354168116446
172800.0,0.0001779726444990735,1.5855747929212992e-13,0.00018010143666328756,1.6045403997113008e-13,0.0,0.0,0.0,0.0,0.0,-0.0,-0.0,2.959060594883982e-30,161293.78319124447,0.00014369812709294304,161293.78319124447,0.00014369812709294304,4678.0,8.936661393985963e-6,7.961754503934917e-15,0.00036156476116695963,3.2212139844779653e-13,4.5698295967351735e7,0.040713035629285806
194400.0,0.00020712662855036938,1.8453632397358714e-13,0.00020903117179945862,1.8623314785613383e-13,0.0,0.0,0.0,0.0,0.0,-0.0,-0.0,3.401192156675508e-30,161293.78319124447,0.00014370224648670328,161293.78319124447,0.00014370224648670328,4678.0,7.722892181406319e-6,6.88059349768496e-15,0.0004219576046678463,3.759367194023959e-13,4.7911364631393604e7,0.042685902665023354
216000.0,0.00022431718478904098,1.9965082374141752e-13,0.00022373580637768506,1.9913337484938614e-13,0.0,0.0,0.0,0.0,0.0,-0.0,-0.0,6.885269615388868e-30,161293.78319124447,0.00014355759996179666,161293.78319124447,0.00014355759996179666,4678.0,7.951933254034545e-6,7.077522954818798e-15,0.0004541970842779255,4.042526750784547e-13,5.023411281882589e7,0.044710270475398155
237600.0,0.00023268143497797464,2.068175208708177e-13,0.00023495944260694228,2.088423145136474e-13,0.0,0.0,0.0,0.0,0.0,-0.0,-0.0,2.686538169766871e-28,161293.78319124447,0.00014336502770255827,161293.78319124447,0.00014336502770255827,4678.0,5.67221067879555e-6,5.041711000950803e-15,0.00047697026390519567,4.2395220538033014e-13,5.262239239535293e7,0.04677310305623849
259200.0,0.00024008204085190768,2.1331299116841362e-13,0.000248589228686983,2.208716310279058e-13,0.0,0.0,0.0,0.0,0.0,-0.0,-0.0,6.787334385319358e-27,161293.78319124447,0.00014330959211820846,161293.78319124447,0.00014330959211820846,4678.0,-1.671670567082224e-6,-1.4852799803233345e-15,0.0005012878869341722,4.453944918952988e-13,5.445038920060616e7,0.0483791930019046
280800.0,0.00026032914930125306,2.3136786661821625e-13,0.0002720777598084033,2.4180945933291506e-13,0.0,0.0,0.0,0.0,0.0,-0.0,-0.0,1.627539136609772e-25,161293.78319124447,0.0001433500574787908,161293.78319124447,0.0001433500574787908,4678.0,-5.087313582691931e-6,-4.5213564965912985e-15,0.0005461663232485214,4.854060229824492e-13,5.627471879538642e7,0.05001422878373736
302400.0,0.0002744676297734972,2.439171245337125e-13,0.00029069177547655774,2.5833538934392816e-13,0.0,0.0,0.0,0.0,0.0,-0.0,-0.0,2.7610032220904755e-25,161293.78319124447,0.00014334045815763197,161293.78319124447,0.00014334045815763197,4678.0,-6.535206903577646e-6,-5.807784610043107e-15,0.0005844186022238327,5.19368003782767e-13,5.908075284646018e7,0.05250457899712236
324000.0,0.0002955898295742095,2.626528693752483e-13,0.0003121351650219836,2.773545924906672e-13,0.0,0.0,0.0,0.0,0.0,-0.0,-0.0,4.929622966411351e-24,161293.78319124447,0.0001433211522486898,161293.78319124447,0.0001433211522486898,4678.0,-2.8843946849965275e-6,-2.56299258170131e-15,0.0006271532784416508,5.572708924325112e-13,6.1670412094140776e7,0.05479860628294558
345600.0,0.00030980175968554257,2.7512482134775233e-13,0.0003277368279361982,2.9105236951058365e-13,0.0,0.0,0.0,0.0,0.0,-0.0,-0.0,2.4262197308706945e-22,161293.78319124447,0.00014323973927726243,161293.78319124447,0.00014323973927726243,4678.0,-3.7021895471513116e-6,-3.287793583836941e-15,0.0006615633677921519,5.875128132221744e-13,7.115097159213363e7,0.06318685332153808
367200.0,0.00032718534964153753,2.9066007932226295e-13,0.00034473930374182677,3.0625440130764345e-13,0.0,0.0,0.0,0.0,0.0,-0.0,-0.0,3.697437751080925e-22,161293.78319124447,0.00014328778433361487,161293.78319124447,0.00014328778433361487,4678.0,-2.6110416783474007e-6,-2.3195585687857502e-15,0.0007006097702370728,6.223973402665068e-13,7.302140642733619e7,0.06486967649268552
388800.0,0.00033809437598933336,3.0045227204856257e-13,0.00036017161409877173,3.2007151691511174e-13,0.0,0.0,0.0,0.0,0.0,-0.0,-0.0,3.1241677796695642e-21,161293.78319124447,0.00014333596495153344,161293.78319124447,0.00014333596495153344,4678.0,-7.3871136830247644e-6,-6.564661371403109e-15,0.0007280535055108763,6.469948790587535e-13,7.288900504600655e7,0.06477382863689732
410400.0,0.000363632645381873,3.2326589909514075e-13,0.0003833402054230957,3.407857290570711e-13,0.0,0.0,0.0,0.0,0.0,-0.0,-0.0,3.175323317250284e-21,161293.78319124447,0.00014338861074208038,161293.78319124447,0.00014338861074208038,4678.0,-5.236008040197878e-6,-4.6547604245114615e-15,0.0007785532942567302,6.921263364489214e-13,7.791207748748398e7,0.06926308212210178
432000.0,0.00037555771528280304,3.3370442188128197e-13,0.00039818157720881064,3.5380701186283846e-13,0.0,0.0,0.0,0.0,0.0,-0.0,-0.0,3.229812829232277e-21,161293.78319124447,0.00014331871369583794,161293.78319124447,0.00014331871369583794,4678.0,-6.8922658367761314e-6,-6.124170780998481e-15,0.0008083570956584083,7.182713236957254e-13,7.668260691166194e7,0.0681368640996669
453600.0,0.00037854283962248297,3.360488052677337e-13,0.0004034447117511708,3.5815527117294273e-13,0.0,0.0,0.0,0.0,0.0,-0.0,-0.0,3.444953854642383e-21,161293.78319124447,0.00014318744793214493,161293.78319124447,0.00014318744793214493,4678.0,-7.741515712789092e-6,-6.872477389451191e-15,0.0008185444621853267,7.266572228660412e-13,7.795501047911954e7,0.06920402499824718
475200.0,0.0003881477429093141,3.442238149786556e-13,0.00041551271900705896,3.6849209076086525e-13,0.0,0.0,0.0,0.0,0.0,-0.0,-0.0,1.9867963599882144e-20,161293.78319124447,0.0001430413093897654,161293.78319124447,0.0001430413093897654,4678.0,-7.980269974127235e-6,-7.0771994047006376e-15,0.0008416377936015194,7.463956120734699e-13,7.957817845798945e7,0.07057288024540016
496800.0,0.0004085506032217272,3.621104033467131e-13,0.0004347940050260706,3.8537070142881683e-13,0.0,0.0,0.0,0.0,0.0,-0.0,-0.0,6.485409540607365e-20,161293.78319124447,0.0001429594190490054,161293.78319124447,0.0001429594190490054,4678.0,-7.2542480495521215e-6,-6.429653184907419e-15,0.0008816134522923784,7.813999056372063e-13,9.083561176442215e7,0.08051027156704264
518400.0,0.00041986841486935946,3.722554072297561e-13,0.0004506239193047022,3.995232426340872e-13,0.0,0.0,0.0,0.0,0.0,-0.0,-0.0,4.182928455166635e-19,161293.78319124447,0.00014300309530109975,161293.78319124447,0.00014300309530109975,4678.0,-1.0260132909021872e-5,-9.096635562519625e-15,0.0009129176459717699,8.093929384380843e-13,9.122543850075667e7,0.08088048911556854
540000.0,0.0004446328186908024,3.942368941831583e-13,0.0004749226617934817,4.2109360193868607e-13,0.0,0.0,0.0,0.0,0.0,-0.0,-0.0,4.170967659634093e-19,161293.78319124447,0.0001430122956816352,161293.78319124447,0.0001430122956816352,4678.0,-8.345440148233003e-6,-7.399544672204541e-15,0.0009700754151484083,8.601243604051071e-13,9.365199679825355e7,0.08303721812642326
561600.0,0.00046006827984268223,4.076569725885448e-13,0.0004919369311007244,4.3589512431849224e-13,0.0,0.0,0.0,0.0,0.0,-0.0,-0.0,7.031009753304455e-19,161293.78319124447,0.00014291908013214807,161293.78319124447,0.00014291908013214807,4678.0,-1.1135216113447532e-5,-9.86668433537606e-15,0.0010020169126083536,8.878664297745521e-13,9.506026299198121e7,0.08423092989160862
583200.0,0.00047313672761195965,4.190511543659882e-13,0.0005078028235192208,4.4975447258146605e-13,0.0,0.0,0.0,0.0,0.0,-0.0,-0.0,4.25072082478258e-18,161293.78319124447,0.00014285584291774163,161293.78319124447,0.00014285584291774163,4678.0,-1.4496964743515059e-5,-1.2839776445246434e-14,0.00103367535702562,9.155130564214347e-13,9.623705149930629e7,0.08523592688969675
604800.0,0.00048622503840974805,4.3070967238443537e-13,0.0005232547356427313,4.635114565456874e-13,0.0,0.0,0.0,0.0,0.0,-0.0,-0.0,7.980428546769563e-18,161293.78319124447,0.0001428778590735657,161293.78319124447,0.0001428778590735657,4678.0,-1.5902437199065048e-5,-1.4086756080116433e-14,0.0010647405099983905,9.43172399627393e-13,9.680548276479736e7,0.08575259287964931
626400.0,0.0004923453758508162,4.360655647955766e-13,0.0005331966940895353,4.722471845165437e-13,0.0,0.0,0.0,0.0,0.0,-0.0,-0.0,3.562819073013142e-17,161293.78319124447,0.00014285635270517324,161293.78319124447,0.00014285635270517324,4678.0,-2.0146779370406574e-5,-1.7843808748658217e-14,0.0010920508490362942,9.672189353816413e-13,9.871481539038774e7,0.08743076270902919
648000.0,0.0004999372743534439,4.4304541553921843e-13,0.0005443857253259265,4.82435721966452e-13,0.0,0.0,0.0,0.0,0.0,-0.0,-0.0,9.458931707074427e-17,161293.78319124447,0.00014293887426232723,161293.78319124447,0.00014293887426232723,4678.0,-2.4912765832818983e-5,-2.207774306268127e-14,0.0011135882056873363,9.868641020343633e-13,9.902117003675519e7,0.08775275954938724
669600.0,0.0005121630078618577,4.541103398543587e-13,0.0005601480869388809,4.966564047460322e-13,0.0,0.0,0.0,0.0,0.0,-0.0,-0.0,1.2319668385139344e-16,161293.78319124447,0.0001430114506066147,161293.78319124447,0.0001430114506066147,4678.0,-2.6530487643585202e-5,-2.352330913282184e-14,0.0011443219086102261,1.014615274522012e-12,9.99383189203541e7,0.0886105073438575
691200.0,0.0005372601531816118,4.764243734997213e-13,0.0005861380341491605,5.197676471075942e-13,0.0,0.0,0.0,0.0,0.0,-0.0,-0.0,1.901449022130856e-16,161293.78319124447,0.0001430299439688999,161293.78319124447,0.0001430299439688999,4678.0,-2.922366928928576e-5,-2.5914574624715596e-14,0.0011975932254462212,1.0619857042475607e-12,1.0261907437231931e8,0.0909991703785019
712800.0,0.0005462916918368101,4.847917165855371e-13,0.0005990434434267972,5.316048250189033e-13,0.0,0.0,0.0,0.0,0.0,-0.0,-0.0,5.003200852306758e-16,161293.78319124447,0.00014313578477634465,161293.78319124447,0.00014313578477634465,4678.0,-3.2376928764577896e-5,-2.873202559748272e-14,0.0012245003193281953,1.0866495329092142e-12,1.0111333131485803e8,0.08973027814681692
734400.0,0.0005651198766012972,5.018098074187473e-13,0.0006180223841256948,5.487856761007051e-13,0.0,0.0,0.0,0.0,0.0,-0.0,-0.0,7.16197448799062e-16,161293.78319124447,0.00014322412930830854,161293.78319124447,0.00014322412930830854,4678.0,-3.267481342740564e-5,-2.90142720373964e-14,0.001264357345084279,1.1227120866124642e-12,1.0626271471200298e8,0.09435816118540873
756000.0,0.0005748830765575325,5.106188349390828e-13,0.0006278979233990777,5.577073307264424e-13,0.0,0.0,0.0,0.0,0.0,-0.0,-0.0,1.31702708206999e-15,161293.78319124447,0.00014326329477153772,161293.78319124447,0.00014326329477153772,4678.0,-3.55656511991049e-5,-3.158988691732569e-14,0.0012882616644100617,1.1442512347324554e-12,1.0647682743553792e8,0.09457414175194119
777600.0,0.0005883336720411988,5.228061082726667e-13,0.0006507992533971879,5.783143836640969e-13,0.0,0.0,0.0,0.0,0.0,-0.0,-0.0,1.7426749844906265e-15,161293.78319124447,0.0001433291669100401,161293.78319124447,0.0001433291669100401,4678.0,-4.535160819694281e-5,-4.0300426292259045e-14,0.0013278846676266214,1.179987222060959e-12,1.0873585723175974e8,0.09662504978135567
799200.0,0.0006086806671466666,5.409845097747064e-13,0.0006673815722085548,5.931568261669819e-13,0.0,0.0,0.0,0.0,0.0,-0.0,-0.0,2.028291138818618e-15,161293.78319124447,0.00014335503481400662,161293.78319124447,0.00014335503481400662,4678.0,-4.136670756801603e-5,-3.676599113880587e-14,0.0013688023036430952,1.2165670493300207e-12,1.134694938812904e8,0.1008496603145154
820800.0,0.0006272246458986489,5.573582624565423e-13,0.0006846724725939699,6.08406991294252e-13,0.0,0.0,0.0,0.0,0.0,-0.0,-0.0,2.252275329603081e-15,161293.78319124447,0.0001433273123630423,161293.78319124447,0.0001433273123630423,4678.0,-4.138498360377798e-5,-3.6775121488005723e-14,0.001407658983244003,1.2508602303216835e-12,1.1627309413683231e8,0.10332146566992932
842400.0,0.000623222138688562,5.536214307679733e-13,0.0006870423526306673,6.103142790498003e-13,0.0,0.0,0.0,0.0,0.0,-0.0,-0.0,7.0613283675891135e-15,161293.78319124447,0.00014328068513775805,161293.78319124447,0.00014328068513775805,4678.0,-4.646998370889553e-5,-4.1280271145084266e-14,0.0014122302165773875,1.2545140240373286e-12,1.1856260573566835e8,0.10532167480616568
864000.0,0.0006558257275374988,5.829820286240149e-13,0.0007201731149671115,6.401822403345659e-13,0.0,0.0,0.0,0.0,0.0,-0.0,-0.0,7.040028901115187e-15,161293.78319124447,0.00014337860346275787,161293.78319124447,0.00014337860346275787,4678.0,-4.6118529276002055e-5,-4.09960643895941e-14,0.0014790652166698267,1.314782882518269e-12,1.2142385585321493e8,0.10793709797639754
885600.0,0.0006630912985544896,5.893655751560065e-13,0.000730280600458767,6.490844429008695e-13,0.0,0.0,0.0,0.0,0.0,-0.0,-0.0,1.425015937429661e-14,161293.78319124447,0.00014336035400679345,161293.78319124447,0.00014336035400679345,4678.0,-5.006369226409085e-5,-4.4497366878408174e-14,0.001499366016983542,1.33265919322912e-12,1.2210098002252477e8,0.10852519777436631
907200.0,0.0006781893472620278,6.028725048951113e-13,0.0007520823009999645,6.685592195183015e-13,0.0,0.0,0.0,0.0,0.0,-0.0,-0.0,2.0674808311273255e-14,161293.78319124447,0.00014338117737927944,161293.78319124447,0.00014338117737927944,4678.0,-5.558912965580572e-5,-4.9415635877846425e-14,0.0015397399749570554,1.3687429614414857e-12,1.238941862515271e8,0.11013502159676532
928800.0,0.0006950406138355681,6.179045317167634e-13,0.0007798113407496842,6.932673454494709e-13,0.0,0.0,0.0,0.0,0.0,-0.0,-0.0,2.0842554275098435e-14,161293.78319124447,0.00014339328894985914,161293.78319124447,0.00014339328894985914,4678.0,-6.690413738247979e-5,-5.947907051229591e-14,0.0015875764049215146,1.4113860909999832e-12,1.262195720101412e8,0.11221163768548895
950400.0,0.0006812699207989058,6.053728234407392e-13,0.0007665405863753609,6.811438827532592e-13,0.0,0.0,0.0,0.0,0.0,-0.0,-0.0,7.092570610969278e-14,161293.78319124447,0.00014332479675518197,161293.78319124447,0.00014332479675518197,4678.0,-6.563257145590965e-5,-5.832075346192784e-14,0.0015654920828440143,1.3910879276073958e-12,1.2351287766433512e8,0.10975288531051972
972000.0,0.0006721777892270528,5.977146019700056e-13,0.0007620263055444973,6.77609788971099e-13,0.0,0.0,0.0,0.0,0.0,-0.0,-0.0,1.3825622460690675e-13,161293.78319124447,0.00014342581823664785,161293.78319124447,0.00014342581823664785,4678.0,-6.97916981066868e-5,-6.206024317259632e-14,0.0015571859823335003,1.3846824672591856e-12,1.2297298226675332e8,0.10935015754263305
993600.0,0.0007029102442711384,6.256262159310031e-13,0.0007956190839376577,7.081418443723854e-13,0.0,0.0,0.0,0.0,0.0,-0.0,-0.0,1.3886649071161176e-13,161293.78319124447,0.00014355975041417855,161293.78319124447,0.00014355975041417855,4678.0,-7.293815977961224e-5,-6.491870800262193e-14,0.0016266493549987019,1.4478014638550212e-12,1.2540272470872895e8,0.11161486515011768
1.0152e6,0.0007137411750286576,6.354156121069947e-13,0.0008093417963155696,7.205250739373187e-13,0.0,0.0,0.0,0.0,0.0,-0.0,-0.0,2.517061068807579e-13,161293.78319124447,0.00014359349237684437,161293.78319124447,0.00014359349237684437,4678.0,-7.418970852189627e-5,-6.604817082409104e-14,0.0016562654592676242,1.4745078011927142e-12,1.3090742173855218e8,0.1165417134719891
1.0368e6,0.0007255340677014332,6.466205679149045e-13,0.0008207416997899602,7.314728386372914e-13,0.0,0.0,0.0,0.0,0.0,-0.0,-0.0,3.05593589451677e-13,161293.78319124447,0.0001437504899234933,161293.78319124447,0.0001437504899234933,4678.0,-7.03037530965285e-5,-6.265708913965679e-14,0.001684676294111845,1.5014406497858047e-12,1.3129626423872371e8,0.11701568365510011
1.0584e6,0.0007468445650350501,6.661079362901956e-13,0.0008427245711485539,7.51622963102716e-13,0.0,0.0,0.0,0.0,0.0,-0.0,-0.0,3.794409861553562e-13,161293.78319124447,0.0001438573353652455,161293.78319124447,0.0001438573353652455,4678.0,-7.24154120554496e-5,-6.458704118385853e-14,0.00173507891240992,1.5475105366693918e-12,1.327954271428205e8,0.11843975582620445
1.08e6,0.0007680172648365071,6.851365807135817e-13,0.0008669514553534074,7.733942750518004e-13,0.0,0.0,0.0,0.0,0.0,-0.0,-0.0,8.015392530218526e-13,161293.78319124447,0.00014388774336932602,161293.78319124447,0.00014388774336932602,4678.0,-7.177354627155511e-5,-6.402809458801613e-14,0.001788690143612947,1.5956634115665873e-12,1.487895927941278e8,0.13273294432311467
1.1016e6,0.0007860841626577913,7.016481918419964e-13,0.0008887172941396083,7.932571499512926e-13,0.0,0.0,0.0,0.0,0.0,-0.0,-0.0,8.603841173732575e-13,161293.78319124447,0.00014396866990533556,161293.78319124447,0.00014396866990533556,4678.0,-7.451302124395275e-5,-6.650932445672968e-14,0.0018330819436188255,1.636184383730267e-12,1.5557457924982032e8,0.13886378509159228
1.1232e6,0.0008095221220329826,7.226120885146721e-13,0.0009131807450783858,8.151419552751781e-13,0.0,0.0,0.0,0.0,0.0,-0.0,-0.0,1.0502721853270906e-12,161293.78319124447,0.00014397733473120472,161293.78319124447,0.00014397733473120472,4678.0,-7.391625282205463e-5,-6.598062779653996e-14,0.0018856428495218484,1.6832008423238916e-12,1.5644090787423772e8,0.13964546254058818
1.1448e6,0.0008308077451319674,7.417201860772408e-13,0.0009358454702050869,8.354947102591128e-13,0.0,0.0,0.0,0.0,0.0,-0.0,-0.0,1.1853386769254017e-12,161293.78319124447,0.00014399824217179016,161293.78319124447,0.00014399824217179016,4678.0,-7.447826117241712e-5,-6.649195323370486e-14,0.0019334489852457731,1.726125146894911e-12,1.5725044265779346e8,0.1403884692605271
1.1664e6,0.0008335921204679527,7.441110973454971e-13,0.0009446065428490376,8.432087994840353e-13,0.0,0.0,0.0,0.0,0.0,-0.0,-0.0,1.6574063012506813e-12,161293.78319124447,0.00014397988063762868,161293.78319124447,0.00014397988063762868,4678.0,-7.826916641106304e-5,-6.986744941130055e-14,0.001953727644652642,1.7440069140296074e-12,1.5855206058966535e8,0.14153246521276514
1.188e6,0.0008336060316608033,7.440141021237308e-13,0.0009488909196674883,8.469087300186861e-13,0.0,0.0,0.0,0.0,0.0,-0.0,-0.0,2.8811003401904026e-12,161293.78319124447,0.0001439587103755552,161293.78319124447,0.0001439587103755552,4678.0,-8.043201289194416e-5,-7.178757060404079e-14,0.0019652776403231366,1.7540591399941238e-12,1.582609037195625e8,0.14125179006635674
1.2096e6,0.0008485507241249446,7.576050356012333e-13,0.0009712377742425866,8.671427736875899e-13,0.0,0.0,0.0,0.0,0.0,-0.0,-0.0,4.0870287393987865e-12,161293.78319124447,0.0001440066915067148,161293.78319124447,0.0001440066915067148,4678.0,-8.784539318868881e-5,-7.843032872637261e-14,0.0020085520566235048,1.7932801294046387e-12,1.58857475217588e8,0.14183150134230715
1.2312e6,0.0008783541539672206,7.846411889176498e-13,0.0009960036647303602,8.897384911662081e-13,0.0,0.0,0.0,0.0,0.0,-0.0,-0.0,4.0756417986533815e-12,161293.78319124447,0.0001440850996566548,161293.78319124447,0.0001440850996566548,4678.0,-8.32129476081782e-5,-7.433482935069001e-14,0.0020652804310952416,1.844932463270849e-12,1.612343247043178e8,0.14403198488778549
1.2528e6,0.0008733611009385404,7.797156089958455e-13,0.000995443366859287,8.88707695107414e-13,0.0,0.0,0.0,0.0,0.0,-0.0,-0.0,9.363542769108632e-12,161293.78319124447,0.0001439991777204824,161293.78319124447,0.0001439991777204824,4678.0,-8.597630936205831e-5,-7.675756378594425e-14,0.0020656081550703134,1.844124862953764e-12,1.6647166661038756e8,0.14862186645613604
1.2744e6,0.0009030483730415729,8.068363197761666e-13,0.001028805700692484,9.19195283543521e-13,0.0,0.0,0.0,0.0,0.0,-0.0,-0.0,9.596822419054511e-12,161293.78319124447,0.00014410931497997124,161293.78319124447,0.00014410931497997124,4678.0,-8.731386821954614e-5,-7.801132497742359e-14,0.0021368734642858806,1.9092079374937276e-12,1.693384269823479e8,0.1512968710224705
1.296e6,0.0009185722669879555,8.208473357668647e-13,0.001046142005751277,9.348452039277598e-13,0.0,0.0,0.0,0.0,0.0,-0.0,-0.0,1.321621356358795e-11,161293.78319124447,0.00014413408391092581,161293.78319124447,0.00014413408391092581,4678.0,-8.884482306513996e-5,-7.939281309769271e-14,0.0021742873077751994,1.9429695495067494e-12,1.9010954475244424e8,0.16988419846986472
1.3176e6,0.0009246914309757944,8.265697118722523e-13,0.001060567450552825,9.480275285988732e-13,0.0,0.0,0.0,0.0,0.0,-0.0,-0.0,2.143981004479993e-11,161293.78319124447,0.00014417842691424532,161293.78319124447,0.00014417842691424532,4678.0,-9.450681386733421e-5,-8.447841873678169e-14,0.0022017875670774963,1.9681494322951004e-12,2.1006075126159552e8,0.18777058900907126
1.3392e6,0.0009330860042721266,8.34490203245336e-13,0.0010735830570988867,9.601414440012533e-13,0.0,0.0,0.0,0.0,0.0,-0.0,-0.0,3.9874897725042415e-11,161293.78319124447,0.0001442504563365162,161293.78319124447,0.0001442504563365162,4678.0,-9.608704119561291e-5,-8.593387337228252e-14,0.0022334212770809144,1.9974237818491148e-12,2.1443395940174004e8,0.19177550359192075
1.3608e6,0.0009573138530271907,8.569751578341217e-13,0.0011011265433415987,9.8571444494568e-13,0.0,0.0,0.0,0.0,0.0,-0.0,-0.0,3.980666204716977e-11,161293.78319124447,0.00014438813861398632,161293.78319124447,0.00014438813861398632,4678.0,-9.797356081752472e-5,-8.770468272204605e-14,0.002292631208868908,2.0523342327733575e-12,2.275010253276756e8,0.20365601779510842
1.3824e6,0.0009679055522779359,8.66592353901912e-13,0.0011168805928719768,9.999737884821647e-13,0.0,0.0,0.0,0.0,0.0,-0.0,-0.0,5.093033251116455e-11,161293.78319124447,0.00014441074226352642,161293.78319124447,0.00014441074226352642,4678.0,-9.885080006669863e-5,-8.85038290288568e-14,0.0023257068654475334,2.0822690625864683e-12,2.3910891748599154e8,0.2140807635160902
1.404e6,0.000981655828715546,8.790634212258879e-13,0.0011392451862294623,1.0201831861298816e-12,0.0,0.0,0.0,0.0,0.0,-0.0,-0.0,6.740636032399387e-11,161293.78319124447,0.0001444370427261505,161293.78319124447,0.0001444370427261505,4678.0,-0.00010596166503248891,-9.488765925643215e-14,0.002371759250644475,2.12388776209246e-12,2.4002287741732284e8,0.21493819485698157
1.4256e6,0.0010005865472196495,8.963712090516642e-13,0.0011677327825201785,1.0461084541116654e-12,0.0,0.0,0.0,0.0,0.0,-0.0,-0.0,7.462898237037696e-11,161293.78319124447,0.00014449435069199934,161293.78319124447,0.00014449435069199934,4678.0,-0.00011129642765460719,-9.970443206247834e-14,0.002428014299235307,2.1751262987173823e-12,2.4150265790880084e8,0.21634913047794685
1.4472e6,0.0010067463248022805,9.019734697335535e-13,0.0011787995457428315,1.056120981224157e-12,0.0,0.0,0.0,0.0,0.0,-0.0,-0.0,1.3059373061414715e-10,161293.78319124447,0.0001445078166041781,161293.78319124447,0.0001445078166041781,4678.0,-0.0001138388287273946,-1.0199153531334474e-13,0.0024599805678344306,2.2039685207517453e-12,2.4018140952067316e8,0.21518554771322704
1.4688e6,0.0010313933657486662,9.246630664481336e-13,0.0012104552820352838,1.0851953580995133e-12,0.0,0.0,0.0,0.0,0.0,-0.0,-0.0,1.3021253900720971e-10,161293.78319124447,0.00014460283449310078,161293.78319124447,0.00014460283449310078,4678.0,-0.00011735942559296504,-1.052148772225346e-13,0.002522059130558195,2.2610722609531875e-12,2.425507749582729e8,0.21745121773154846
1.4904e6,0.0010436412760702792,9.353423139556675e-13,0.0012257376667504133,1.0985425086270236e-12,0.0,0.0,0.0,0.0,0.0,-0.0,-0.0,1.2988819571199093e-10,161293.78319124447,0.0001445562798788758,161293.78319124447,0.0001445562798788758,4678.0,-0.00011944806868469745,-1.0705290747197012e-13,0.002553018949653163,2.2880914224979853e-12,2.4552815901157483e8,0.22004962975007572
1.512e6,0.0010562753143128869,9.461445178401737e-13,0.0012446442966129545,1.114873520136585e-12,0.0,0.0,0.0,0.0,0.0,-0.0,-0.0,1.7561865544992787e-10,161293.78319124447,0.00014447675398659618,161293.78319124447,0.00014447675398659618,4678.0,-0.00012483416289674028,-1.1181853562558168e-13,0.0025911483279695874,2.320986538451803e-12,2.4681915526333708e8,0.22108496476816691
1.5336e6,0.0010546471501279276,9.444297275755255e-13,0.0012498630230209499,1.119244283924928e-12,0.0,0.0,0.0,0.0,0.0,-0.0,-0.0,2.426668420486343e-10,161293.78319124447,0.00014443754359024752,161293.78319124447,0.00014443754359024752,4678.0,-0.00012991301990220426,-1.1633627225927644e-13,0.0026062174637599524,2.333850946264658e-12,2.5081067509029886e8,0.22459934350539146
1.5552e6,0.0010616242279353435,9.503843751148332e-13,0.00126035111206337,1.1282881197927807e-12,0.0,0.0,0.0,0.0,0.0,-0.0,-0.0,3.081580504688897e-10,161293.78319124447,0.0001443929851207712,161293.78319124447,0.0001443929851207712,4678.0,-0.0001314199443405444,-1.1764940775948574e-13,0.002630381833497443,2.3547633233688106e-12,2.5104366075547233e8,0.2247386282033501
1.5768e6,0.001062994848179443,9.516036645411096e-13,0.0012691557516025702,1.136160975913362e-12,0.0,0.0,0.0,0.0,0.0,-0.0,-0.0,4.4925920153463863e-10,161293.78319124447,0.00014439181470668553,161293.78319124447,0.00014439181470668553,4678.0,-0.0001374496561502556,-1.2304631269522284e-13,0.0026490352324225783,2.371442946303251e-12,2.523224949871173e8,0.22588163177566378
1.5984e6,0.0010647522186320144,9.539055074076392e-13,0.0012797126792755732,1.1464873717086342e-12,0.0,0.0,0.0,0.0,0.0,-0.0,-0.0,5.606252913391396e-10,161293.78319124447,0.00014450219065466588,161293.78319124447,0.00014450219065466588,4678.0,-0.0001439755730277652,-1.2898690384492294e-13,0.0026778103090620503,2.3990351528819428e-12,2.5305469110673818e8,0.22671027051926965
1.62e6,0.0010570509890864572,9.471583010681368e-13,0.0012791409326976424,1.1461594238587076e-12,0.0,0.0,0.0,0.0,0.0,-0.0,-0.0,9.905883982040605e-10,161293.78319124447,0.00014452542709628572,161293.78319124447,0.00014452542709628572,4678.0,-0.00014699598682239162,-1.3171405218858656e-13,0.0026774894502993563,2.399133424079295e-12,2.565486937770842e8,0.2298774869404887
1.6416e6,0.0010686069311159774,9.584758553511198e-13,0.0012950662235303,1.1615961586906738e-12,0.0,0.0,0.0,0.0,0.0,-0.0,-0.0,1.0791947654554613e-9,161293.78319124447,0.00014467077866095888,161293.78319124447,0.00014467077866095888,4678.0,-0.00014747315432262777,-1.3227450956460948e-13,0.0027146750473848514,2.4348995054011527e-12,2.6208985318585262e8,0.23507876366552938
1.6632e6,0.0010765714278196854,9.660362422280515e-13,0.0013096848570916392,1.1752151368257363e-12,0.0,0.0,0.0,0.0,0.0,-0.0,-0.0,1.331087480192895e-9,161293.78319124447,0.00014473321154768133,161293.78319124447,0.00014473321154768133,4678.0,-0.00015070801019367313,-1.3523431523351518e-13,0.0027469832411366225,2.464941293403452e-12,2.6369934227760836e8,0.23662444971977872
1.6848e6,0.001089231618782737,9.782150833042037e-13,0.0013315528287625876,1.1958384597461398e-12,0.0,0.0,0.0,0.0,0.0,-0.0,-0.0,1.3468082665489115e-9,161293.78319124447,0.0001448544174077496,161293.78319124447,0.0001448544174077496,4678.0,-0.00015730634149327115,-1.4127338326818554e-13,0.0027926989661338926,2.508061834316929e-12,2.6539844706912538e8,0.2383485381177822
1.7064e6,0.0010683950928946275,9.594832530054038e-13,0.0013151205920766654,1.1810576369846379e-12,0.0,0.0,0.0,0.0,0.0,-0.0,-0.0,2.4183066766046384e-9,161293.78319124447,0.00014485154865939365,161293.78319124447,0.00014485154865939365,4678.0,-0.0001601336891376015,-1.4380971420715385e-13,0.0027619971918052557,2.480440118088849e-12,2.6481467177857986e8,0.23781955234675503
1.728e6,0.0010863432838412027,9.76639686280557e-13,0.0013399030650870505,1.2045939148313086e-12,0.0,0.0,0.0,0.0,0.0,-0.0,-0.0,2.594226378588952e-9,161293.78319124447,0.00014500564615073158,161293.78319124447,0.00014500564615073158,4678.0,-0.00016394373045405797,-1.4738799038934381e-13,0.0028111937004534127,2.5273073203681987e-12,2.669695426916715e8,0.24000981485238393
1.7496e6,0.0011038272342559342,9.929960736744066e-13,0.0013660897508209697,1.228925792691166e-12,0.0,0.0,0.0,0.0,0.0,-0.0,-0.0,2.5865408537252467e-9,161293.78319124447,0.000145098878199866,161293.78319124447,0.000145098878199866,4678.0,-0.00016909636658682885,-1.5211803340448923e-13,0.002865480060594058,2.5777679342005266e-12,2.6899354438123685e8,0.24198490952651944
1.7712e6,0.0011204188283462492,1.0081366044877184e-12,0.001385786982996639,1.2469110195547063e-12,0.0,0.0,0.0,0.0,0.0,-0.0,-0.0,2.624213134409804e-9,161293.78319124447,0.00014512980574541752,161293.78319124447,0.00014512980574541752,4678.0,-0.0001696623351920572,-1.526597074082009e-13,0.0029101967553498954,2.61855281355817e-12,2.7186707212526244e8,0.24462204671169588
1.7928e6,0.0011353455824926282,1.021410338814767e-12,0.001400685104700311,1.2601222653491333e-12,0.0,0.0,0.0,0.0,0.0,-0.0,-0.0,2.6229915946808808e-9,161293.78319124447,0.00014510748117448573,161293.78319124447,0.00014510748117448573,4678.0,-0.0001655127204978456,-1.4890303580580141e-13,0.0029485430485899798,2.6526481458254777e-12,2.7272780348461705e8,0.24535877221615793
1.8144e6,0.0011446253979322976,1.0290182867276036e-12,0.001411197836746712,1.2686669217947003e-12,0.0,0.0,0.0,0.0,0.0,-0.0,-0.0,3.223713776936405e-9,161293.78319124447,0.0001450031186963798,161293.78319124447,0.0001450031186963798,4678.0,-0.00016491621744364762,-1.4825968726014303e-13,0.0029773964175924717,2.676679519845083e-12,2.7327999857486767e8,0.24567873160810758
1.836e6,0.0011575146139391106,1.0404013657618737e-12,0.0014259520394294715,1.2816792388345535e-12,0.0,0.0,0.0,0.0,0.0,-0.0,-0.0,3.6661567315427363e-9,161293.78319124447,0.00014497464679948975,161293.78319124447,0.00014497464679948975,4678.0,-0.00016603086883670726,-1.4923245081848049e-13,0.0030148081317471847,2.7097804727541615e-12,2.744831215138227e8,0.24671188688472626
1.8576e6,0.0011754935554403544,1.056764833609015e-12,0.0014408752996136797,1.2953421473052486e-12,0.0,0.0,0.0,0.0,0.0,-0.0,-0.0,3.9216675372125175e-9,161293.78319124447,0.00014500257969718216,161293.78319124447,0.00014500257969718216,4678.0,-0.00015731608933306247,-1.4142664602342023e-13,0.0030594674966708626,2.7504511999135553e-12,2.761005050255711e8,0.24821344438882167
1.8792e6,0.00118787178188815,1.067734715416999e-12,0.0014601972347890446,1.3125181544947034e-12,0.0,0.0,0.0,0.0,0.0,-0.0,-0.0,4.898773998668188e-9,161293.78319124447,0.00014498111186755228,161293.78319124447,0.00014498111186755228,4678.0,-0.00016252586958228073,-1.4608858948606358e-13,0.003103032120855212,2.789202647128054e-12,2.778573724475607e8,0.2497558802392248
1.9008e6,0.001196558361508934,1.0752018700266256e-12,0.0014738763575611901,1.3243939174344993e-12,0.0,0.0,0.0,0.0,0.0,-0.0,-0.0,7.192203819418699e-9,161293.78319124447,0.00014493515977958448,161293.78319124447,0.00014493515977958448,4678.0,-0.00016680280015192157,-1.4988544513855249e-13,0.0031367945128029416,2.818656769739015e-12,2.9861582224149007e8,0.2683298206104185
1.9224e6,0.0012137662292512359,1.0914521904908832e-12,0.0014916759972955244,1.341356346481342e-12,0.0,0.0,0.0,0.0,0.0,-0.0,-0.0,7.170594830250902e-9,161293.78319124447,0.00014503983447063443,161293.78319124447,0.00014503983447063443,4678.0,-0.00016394186611477955,-1.4742106393462837e-13,0.003179679571967947,2.8592558849033376e-12,2.996105127763165e8,0.2694180663318817
1.944e6,0.0012164078131484094,1.093388553813629e-12,0.0014939530435957335,1.3428647367651485e-12,0.0,0.0,0.0,0.0,0.0,-0.0,-0.0,7.2266158121132824e-9,161293.78319124447,0.00014498162083170308,161293.78319124447,0.00014498162083170308,4678.0,-0.00015982284587843352,-1.4365944417037261e-13,0.003185088195261997,2.8629699167852066e-12,2.98857011426559e8,0.2686326345397133
1.9656e6,0.0012259888609701289,1.101864485416098e-12,0.0015073804816314444,1.354766810364658e-12,0.0,0.0,0.0,0.0,0.0,-0.0,-0.0,1.0958990056201934e-8,161293.78319124447,0.0001449637081336961,161293.78319124447,0.0001449637081336961,4678.0,-0.0001600956956946954,-1.4388692015878423e-13,0.0032171988498769745,2.8914758266203585e-12,3.051496895725958e8,0.27425502496794923
1.9872e6,0.0012491683899426868,1.1227217731224364e-12,0.0015313249060591597,1.3763170983186418e-12,0.0,0.0,0.0,0.0,0.0,-0.0,-0.0,1.3458003520676786e-8,161293.78319124447,0.00014496687853781534,161293.78319124447,0.00014496687853781534,4678.0,-0.0001550546219839162,-1.3935927415886552e-13,0.0032781662837403267,2.946335091652449e-12,3.1367913066835266e8,0.28192707453287025
2.0088e6,0.0012677964122138439,1.1400291888102326e-12,0.0015563647507197157,1.3995159058365906e-12,0.0,0.0,0.0,0.0,0.0,-0.0,-0.0,1.596249327083519e-8,161293.78319124447,0.00014503876098730613,161293.78319124447,0.00014503876098730613,4678.0,-0.00016031374380040618,-1.4415748896210103e-13,0.0033356999879061242,2.9995315609754935e-12,3.2074622360403025e8,0.2884217478346759
2.0304e6,0.0012782395260194036,1.149124497611582e-12,0.001563505114063263,1.4055753965816678e-12,0.0,0.0,0.0,0.0,0.0,-0.0,-0.0,1.8444521352610658e-8,161293.78319124447,0.00014500149135170513,161293.78319124447,0.00014500149135170513,4678.0,-0.00015728995204215861,-1.4140208735577124e-13,0.0033637048939573924,3.0239369208206857e-12,3.256156368105066e8,0.29272518760984456
2.052e6,0.001295569156056931,1.1647190124335702e-12,0.0015826315307209404,1.4227886059881798e-12,0.0,0.0,0.0,0.0,0.0,-0.0,-0.0,1.985798423555623e-8,161293.78319124447,0.00014500340255238793,161293.78319124447,0.00014500340255238793,4678.0,-0.00015653084362782682,-1.4072151127807853e-13,0.0034122189822601927,3.0675910310499344e-12,3.283934130910176e8,0.2952262717871095
2.0736e6,0.0012962881551279574,1.1649446884119123e-12,0.0015895340178420595,1.428478077046356e-12,0.0,0.0,0.0,0.0,0.0,-0.0,-0.0,2.7948598919448443e-8,161293.78319124447,0.00014495105525665726,161293.78319124447,0.00014495105525665726,4678.0,-0.0001620653266271712,-1.4564442379821674e-13,0.0034292396639106736,3.0817797076683573e-12,3.2981632431700623e8,0.29639843089263646
2.0952e6,0.00131141419201463,1.1792929445343964e-12,0.0016007041494260116,1.4394377620735469e-12,0.0,0.0,0.0,0.0,0.0,-0.0,-0.0,2.7897089166470022e-8,161293.78319124447,0.00014504389358672827,161293.78319124447,0.00014504389358672827,4678.0,-0.00015545759981747307,-1.3979568907772843e-13,0.0034644894282328336,3.1154519784878207e-12,3.3383634854365605e8,0.30020328654661016
2.1168e6,0.001294055261205831,1.1632912832264383e-12,0.001586746289034727,1.4264059519421079e-12,0.0,0.0,0.0,0.0,0.0,-0.0,-0.0,4.144207947994432e-8,161293.78319124447,0.0001449950845608789,161293.78319124447,0.0001449950845608789,4678.0,-0.00015831262523269626,-1.423151719087185e-13,0.0034392043390054617,3.091673554243396e-12,3.259271049357093e8,0.29299224809428936
2.1384e6,0.0013187837569617377,1.186194337138469e-12,0.001613645126862643,1.4514105906531027e-12,0.0,0.0,0.0,0.0,0.0,-0.0,-0.0,4.1392784933987705e-8,161293.78319124447,0.00014507744065477232,161293.78319124447,0.00014507744065477232,4678.0,-0.000158460927000438,-1.4252939746442857e-13,0.0035021864804547897,3.150079570504527e-12,3.286289434114664e8,0.2955888633270373
2.16e6,0.001328376834106254,1.1947631967066802e-12,0.001627225533060477,1.4635524571987222e-12,0.0,0.0,0.0,0.0,0.0,-0.0,-0.0,4.471335722698951e-8,161293.78319124447,0.0001450701872139628,161293.78319124447,0.0001450701872139628,4678.0,-0.00016103174276808983,-1.4483450390061652e-13,0.003537214192207361,3.181426555485885e-12,3.319006171308368e8,0.298516680004403
2.1816e6,0.0013256521316205052,1.1918582134988989e-12,0.0016278952022214437,1.463596837513709e-12,0.0,0.0,0.0,0.0,0.0,-0.0,-0.0,5.522374736147931e-8,161293.78319124447,0.00014501490677482483,161293.78319124447,0.00014501490677482483,4678.0,-0.00016351338243111925,-1.4701048881450127e-13,0.0035421914145647815,3.184689128115015e-12,3.3513986291447943e8,0.3013152461024857
2.2032e6,0.0013281432062437247,1.1946472793245348e-12,0.0016396307497301573,1.4748262123041932e-12,0.0,0.0,0.0,0.0,0.0,-0.0,-0.0,6.976768908369513e-8,161293.78319124447,0.0001450816285138017,161293.78319124447,0.0001450816285138017,4678.0,-0.00016881240573276434,-1.5184453022595828e-13,0.0035674855570870787,3.2089061591913613e-12,3.3608296590145034e8,0.302302190723106
2.2248e6,0.0013204913465665019,1.1884571685572313e-12,0.0016415053594192926,1.4773734161147907e-12,0.0,0.0,0.0,0.0,0.0,-0.0,-0.0,8.627917349425413e-8,161293.78319124447,0.00014516623177863175,161293.78319124447,0.00014516623177863175,4678.0,-0.00017462088002617282,-1.5716076988046045e-13,0.003573327040559946,3.2160348100690805e-12,3.363175161999097e8,0.3026895739062808
2.2464e6,0.0013333646227966045,1.2009477679068826e-12,0.0016630703603030188,1.4979103262009027e-12,0.0,0.0,0.0,0.0,0.0,-0.0,-0.0,9.911297856447245e-8,161293.78319124447,0.00014527564747780932,161293.78319124447,0.00014527564747780932,4678.0,-0.00018103549867057447,-1.6305680706027015e-13,0.003615190468449412,3.256164779995703e-12,3.370102437547829e8,0.30354165175777276
2.268e6,0.0013582336602700282,1.2244652260122796e-12,0.0016960731081739455,1.5290318613666798e-12,0.0,0.0,0.0,0.0,0.0,-0.0,-0.0,9.95623226771802e-8,161293.78319124447,0.00014540843336954145,161293.78319124447,0.00014540843336954145,4678.0,-0.0001871267941552493,-1.6869722714183629e-13,0.0036787490093390307,3.316439850465224e-12,3.4059001727665424e8,0.30704630924790477
2.2896e6,0.0013579680628519777,1.2245365601944824e-12,0.0017039493625135818,1.536522358807051e-12,0.0,0.0,0.0,0.0,0.0,-0.0,-0.0,1.2148809595021494e-7,161293.78319124447,0.0001454453457726791,161293.78319124447,0.0001454453457726791,4678.0,-0.0001913455304277575,-1.7254426230503718e-13,0.0036991802790644246,3.335705469355044e-12,3.501286166147815e8,0.31572560765138674
2.3112e6,0.0013750557017551057,1.240381161164825e-12,0.0017221792183425406,1.553507000374663e-12,0.0,0.0,0.0,0.0,0.0,-0.0,-0.0,1.2117148093131052e-7,161293.78319124447,0.00014549648412646968,161293.78319124447,0.00014549648412646968,4678.0,-0.00018707888125630022,-1.687561599620446e-13,0.003742494329574828,3.375950120599223e-12,3.513030795961976e8,0.3168960509993337
2.3328e6,0.0013715171766580515,1.2366990112725926e-12,0.0017211085964875584,1.5519260974590054e-12,0.0,0.0,0.0,0.0,0.0,-0.0,-0.0,1.6100781456227272e-7,161293.78319124447,0.00014543883634259475,161293.78319124447,0.00014543883634259475,4678.0,-0.00018664310375333343,-1.6829635516124787e-13,0.0037554225521963815,3.3862699179085756e-12,3.504051326807389e8,0.31596081223498507
2.3544e6,0.0013944796493800685,1.2582965458878839e-12,0.001751303694442327,1.5802736099426992e-12,0.0,0.0,0.0,0.0,0.0,-0.0,-0.0,1.7067791272794426e-7,161293.78319124447,0.00014554203810213955,161293.78319124447,0.00014554203810213955,4678.0,-0.00019427191544842893,-1.752995680363316e-13,0.003814006063522013,3.441535097237676e-12,3.5346829123390436e8,0.3189490288640935
2.376e6,0.0014072796595151307,1.2698240503896302e-12,0.0017682278830961824,1.5955167669364972e-12,0.0,0.0,0.0,0.0,0.0,-0.0,-0.0,1.8646532871103418e-7,161293.78319124447,0.0001455394623874124,161293.78319124447,0.0001455394623874124,4678.0,-0.00019374561592571705,-1.7482157231263706e-13,0.0038540942509398793,3.47764677704364e-12,3.561497889943134e8,0.32136296758669153
2.3976e6,0.001433044845641666,1.2929551948194713e-12,0.0017970037632587474,1.6213347111096035e-12,0.0,0.0,0.0,0.0,0.0,-0.0,-0.0,1.915222553271744e-7,161293.78319124447,0.0001455262446974057,161293.78319124447,0.0001455262446974057,4678.0,-0.00019333214749816407,-1.7443264611961813e-13,0.003918935164428958,3.535833225610115e-12,3.580467744121804e8,0.32304532434733185
2.4192e6,0.0014395241948456055,1.2980259070627554e-12,0.0018034961953516079,1.6262212147858888e-12,0.0,0.0,0.0,0.0,0.0,-0.0,-0.0,2.8349288430230774e-7,161293.78319124447,0.0001454393819708279,161293.78319124447,0.0001454393819708279,4678.0,-0.00019235357730211096,-1.7344614807333442e-13,0.003932411971731736,3.545874834774131e-12,3.6855206750710166e8,0.33232517622051405
2.4408e6,0.0014299248127606422,1.2902695454264357e-12,0.0018018652645345613,1.6258840010631109e-12,0.0,0.0,0.0,0.0,0.0,-0.0,-0.0,3.092917031821315e-7,161293.78319124447,0.0001455408385539453,161293.78319124447,0.0001455408385539453,4678.0,-0.00019758097293408544,-1.7828399777216046e-13,0.003932001155748896,3.5479776968480253e-12,3.6877270254660225e8,0.3327560883161837
2.4624e6,0.0014286334579976401,1.290002691624984e-12,0.001805164750597154,1.6299963955490103e-12,0.0,0.0,0.0,0.0,0.0,-0.0,-0.0,3.7694322509228724e-7,161293.78319124447,0.00014564226624701218,161293.78319124447,0.00014564226624701218,4678.0,-0.00019842980988879762,-1.7917471232540996e-13,0.00394994063501442,3.5666489696168925e-12,3.6996997558744484e8,0.3340690795504398
2.484e6,0.001431071756240605,1.2930768352418952e-12,0.001810276059506745,1.6357153495157019e-12,0.0,0.0,0.0,0.0,0.0,-0.0,-0.0,4.6055063435648065e-7,161293.78319124447,0.00014574059882295717,161293.78319124447,0.00014574059882295717,4678.0,-0.0001992583086655463,-1.8004429340549277e-13,0.003969381916638203,3.586623650596299e-12,3.697706243209717e8,0.33411450304801643
2.5056e6,0.0014453830364499344,1.3070981004522762e-12,0.0018315638289844321,1.6563316030072795e-12,0.0,0.0,0.0,0.0,0.0,-0.0,-0.0,4.7211366970629295e-7,161293.78319124447,0.00014586223326783842,161293.78319124447,0.00014586223326783842,4678.0,-0.00020075817694938382,-1.8155092810921544e-13,0.0040185967728301126,3.634123326333803e-12,3.715354293257864e8,0.3359893133347133
2.5272e6,0.00147298954767906,1.3326667254546833e-12,0.0018631978946091875,1.6857022787400629e-12,0.0,0.0,0.0,0.0,0.0,-0.0,-0.0,4.707818449334031e-7,161293.78319124447,0.00014592829814737262,161293.78319124447,0.00014592829814737262,4678.0,-0.00019810797920422695,-1.7923542794213054e-13,0.004092134001670476,3.702301098280556e-12,3.734268018084552e8,0.33785268466244367
2.5488e6,0.0014647073216855328,1.3248423505171807e-12,0.0018613699185414923,1.6836276173076505e-12,0.0,0.0,0.0,0.0,0.0,-0.0,-0.0,6.476283516846253e-7,161293.78319124447,0.00014589183223375396,161293.78319124447,0.00014589183223375396,4678.0,-0.00020228034943319835,-1.829645893338762e-13,0.004092223462871339,3.701456851566151e-12,3.733533256526778e8,0.3377017989927794
2.5704e6,0.0014770093288126234,1.3372762101758012e-12,0.0018803748498938816,1.702481158326513e-12,0.0,0.0,0.0,0.0,0.0,-0.0,-0.0,6.963474746677967e-7,161293.78319124447,0.00014603451373208502,161293.78319124447,0.00014603451373208502,4678.0,-0.00020741256763037377,-1.8779021023960354e-13,0.004133564683794153,3.742506974755904e-12,3.744328840395024e8,0.33900949599016605
2.592e6,0.0014999431966364325,1.3588999220348828e-12,0.0019087768461568822,1.729289957940514e-12,0.0,0.0,0.0,0.0,0.0,-0.0,-0.0,7.809634898639594e-7,161293.78319124447,0.00014612693993665973,161293.78319124447,0.00014612693993665973,4678.0,-0.00020964274164598362,-1.8992952927600659e-13,0.004195227912707598,3.80074051889496e-12,3.896495716183084e8,0.3530098830945181
2.6136e6,0.0015177432431622779,1.3758080731676989e-12,0.001933966027848832,1.7531068488255491e-12,0.0,0.0,0.0,0.0,0.0,-0.0,-0.0,8.140066209575129e-7,161293.78319124447,0.00014621003260335252,161293.78319124447,0.00014621003260335252,4678.0,-0.00021203725387353392,-1.922081135961452e-13,0.004252473720944507,3.854794084946151e-12,3.94021326516177e8,0.3571735367384804
2.6352e6,0.0015242825790832617,1.3816959517924238e-12,0.0019424528637988527,1.7607491519535842e-12,0.0,0.0,0.0,0.0,0.0,-0.0,-0.0,9.102679667945377e-7,161293.78319124447,0.00014620580878032461,161293.78319124447,0.00014620580878032461,4678.0,-0.00021156414664878195,-1.9177370979654379e-13,0.0042761432317175805,3.87613810826478e-12,3.955241397304344e8,0.35852545335156705
2.6568e6,0.0015277639108905747,1.3843579510236507e-12,0.0019501146327287678,1.7670640587732786e-12,0.0,0.0,0.0,0.0,0.0,-0.0,-0.0,1.2473879526068593e-6,161293.78319124447,0.00014615368881264082,161293.78319124447,0.00014615368881264082,4678.0,-0.00021643150290131578,-1.961158198315989e-13,0.004297142730459053,3.893784676538644e-12,3.9982645504188746e8,0.36229611664552636
2.6784e6,0.0015563997768227764,1.411553479233448e-12,0.0019816922791412056,1.797266147841621e-12,0.0,0.0,0.0,0.0,0.0,-0.0,-0.0,1.2433482553623614e-6,161293.78319124447,0.00014628298219568,161293.78319124447,0.00014628298219568,4678.0,-0.0002146128509991347,-1.9463991259010116e-13,0.0043684098292405965,3.9618639021973416e-12,4.020722835999393e8,0.3646534388339591
2.7e6,0.0015660914465433172,1.4202095228086164e-12,0.001995245912795796,1.8093881120109815e-12,0.0,0.0,0.0,0.0,0.0,-0.0,-0.0,1.3594862248020835e-6,161293.78319124447,0.00014626921522599464,161293.78319124447,0.00014626921522599464,4678.0,-0.0002167691258164017,-1.9657701177977643e-13,0.004403878910809115,3.993656168822035e-12,4.05409082062945e8,0.3676450952144122
2.7216e6,0.0015892806619089398,1.441304683188553e-12,0.0020190698970387537,1.8310767682729933e-12,0.0,0.0,0.0,0.0,0.0,-0.0,-0.0,1.3556494282282512e-6,161293.78319124447,0.00014627591630260437,161293.78319124447,0.00014627591630260437,4678.0,-0.00021488079480164133,-1.9487350679953677e-13,0.004462996492422838,4.047452347313393e-12,4.0705188465289575e8,0.36915178150236644
2.7432e6,0.0015883961953320805,1.4397629983197967e-12,0.002027514798742377,1.8377913485021847e-12,0.0,0.0,0.0,0.0,0.0,-0.0,-0.0,1.5200926354168365e-6,161293.78319124447,0.00014620081663518396,161293.78319124447,0.00014620081663518396,4678.0,-0.00022328120125075386,-2.023878001760274e-13,0.004479782710238583,4.060589798482768e-12,4.083353354380251e8,0.3701256075769304
2.7648e6,0.0015894237979389928,1.4401055503696832e-12,0.002035619750081366,1.844383671828502e-12,0.0,0.0,0.0,0.0,0.0,-0.0,-0.0,1.999060469948404e-6,161293.78319124447,0.0001461410560953178,161293.78319124447,0.0001461410560953178,4678.0,-0.00022885965070091664,-2.073594554563901e-13,0.004498370021678683,4.075771134316887e-12,4.0903100892366093e8,0.37060463482936035
2.7864e6,0.0016001188385359457,1.450600824839912e-12,0.0020501488429211113,1.8585792073462596e-12,0.0,0.0,0.0,0.0,0.0,-0.0,-0.0,2.233986919471159e-6,161293.78319124447,0.0001462221988167119,161293.78319124447,0.0001462221988167119,4678.0,-0.00023169480682844,-2.1004482279827176e-13,0.004536484066271973,4.112586746637076e-12,4.104025657254849e8,0.3720538037677949
2.808e6,0.0016315262575961203,1.4793884571895568e-12,0.0020763574179937026,1.882739663476624e-12,0.0,0.0,0.0,0.0,0.0,-0.0,-0.0,2.2276811741462034e-6,161293.78319124447,0.00014625333791509887,161293.78319124447,0.00014625333791509887,4678.0,-0.0002276184027774291,-2.0639326896828282e-13,0.004601690149402746,4.172588249127972e-12,4.1223214414002705e8,0.373792007872315
2.8296e6,0.0016380319844863545,1.484875438660797e-12,0.002083351800889524,1.8885577012714086e-12,0.0,0.0,0.0,0.0,0.0,-0.0,-0.0,2.9839441187361594e-6,161293.78319124447,0.00014621275978592087,161293.78319124447,0.00014621275978592087,4678.0,-0.0002248650466351964,-2.038400885478554e-13,0.004626580905364969,4.1939940223497536e-12,4.1298279595860404e8,0.3743687645395321
2.8512e6,0.0016613881209249278,1.5064222494121069e-12,0.0021092704178025342,1.912528353480436e-12,0.0,0.0,0.0,0.0,0.0,-0.0,-0.0,3.5206290719987233e-6,161293.78319124447,0.0001462491158031594,161293.78319124447,0.0001462491158031594,4678.0,-0.00022859348783643246,-2.0727144476981485e-13,0.004686258686923166,4.2491482053884356e-12,4.2917742630148727e8,0.3891459291077953
2.8728e6,0.001675838346387196,1.520665497740729e-12,0.0021248440467745437,1.9280958912150857e-12,0.0,0.0,0.0,0.0,0.0,-0.0,-0.0,3.678454422700405e-6,161293.78319124447,0.00014635892037425036,161293.78319124447,0.00014635892037425036,4678.0,-0.0002240923046595315,-2.0334266532305501e-13,0.0047305224810688055,4.292503712399336e-12,4.353964714166284e8,0.3950812996663286
2.8944e6,0.0016809889168380168,1.5257779219949007e-12,0.0021284659751425873,1.931938015807185e-12,0.0,0.0,0.0,0.0,0.0,-0.0,-0.0,3.6759320658327367e-6,161293.78319124447,0.00014640102078195173,161293.78319124447,0.00014640102078195173,4678.0,-0.0002171037493925814,-1.9705787723372277e-13,0.004751747355956179,4.3130035742610534e-12,4.3812857881485885e8,0.397674788842841
2.916e6,0.0016592117310008337,1.5055410089010145e-12,0.002116015358254052,1.9200369897301834e-12,0.0,0.0,0.0,0.0,0.0,-0.0,-0.0,5.15850891694713e-6,161293.78319124447,0.00014635528458368022,161293.78319124447,0.00014635528458368022,4678.0,-0.00022405933197803084,-2.033076951043582e-13,0.004731039804975343,4.292866490786556e-12,4.477072340533878e8,0.4062420655876387
2.9376e6,0.001674560106651631,1.521017860300812e-12,0.0021360334106333752,1.9401781726838427e-12,0.0,0.0,0.0,0.0,0.0,-0.0,-0.0,5.490448857389097e-6,161293.78319124447,0.00014650457992811087,161293.78319124447,0.00014650457992811087,4678.0,-0.0002264497496248383,-2.0568632458869442e-13,0.004779448706806348,4.341215831290802e-12,4.492573346270931e8,0.40806443860967
2.9592e6,0.0016674587797511284,1.515072859468222e-12,0.00213378498877363,1.9387823937177863e-12,0.0,0.0,0.0,0.0,0.0,-0.0,-0.0,6.7475975879680556e-6,161293.78319124447,0.00014655344784623653,161293.78319124447,0.00014655344784623653,4678.0,-0.000226939991420291,-2.0620037262939206e-13,0.004784928592891884,4.347642972419365e-12,4.515009067678691e8,0.4102390884717327
2.9808e6,0.001697606053415814,1.5443455806172166e-12,0.002161017653488225,1.965920218112506e-12,0.0,0.0,0.0,0.0,0.0,-0.0,-0.0,6.725217123624487e-6,161293.78319124447,0.00014673212359912372,161293.78319124447,0.00014673212359912372,4678.0,-0.00022210397234651336,-2.020523474458006e-13,0.004851012253992584,4.413061158034406e-12,4.5429507417095023e8,0.4132811547651977
3.0024e6,0.0017178834664702853,1.5630204130131595e-12,0.0021874559574275453,1.9902620758389134e-12,0.0,0.0,0.0,0.0,0.0,-0.0,-0.0,6.869943111935999e-6,161293.78319124447,0.00014675353744339367,161293.78319124447,0.00014675353744339367,4678.0,-0.00022516707340211866,-2.0486880451156118e-13,0.004909962020214306,4.4673407798043085e-12,4.579709312552302e8,0.41668595576471423
3.024e6,0.001724601284353677,1.5682586157711288e-12,0.002198067961415182,1.9988034624662317e-12,0.0,0.0,0.0,0.0,0.0,-0.0,-0.0,7.711645706944337e-6,161293.78319124447,0.00014667179449236403,161293.78319124447,0.00014667179449236403,4678.0,-0.00022388373896788593,-2.0358769632890823e-13,0.004939522572396585,4.4917331920346006e-12,4.591976263076135e8,0.41756934796001305
3.0456e6,0.001743011061423712,1.585189248617036e-12,0.0022284141405684715,2.0266412619378103e-12,0.0,0.0,0.0,0.0,0.0,-0.0,-0.0,8.452613006890147e-6,161293.78319124447,0.00014668935650625448,161293.78319124447,0.00014668935650625448,4678.0,-0.0002334579930484624,-2.1231942170341227e-13,0.005002517431318215,4.54956197562377e-12,4.617111294707518e8,0.4199052631404645
3.0672e6,0.001752292685082611,1.5930563825836567e-12,0.002246421834877168,2.0422824751206713e-12,0.0,0.0,0.0,0.0,0.0,-0.0,-0.0,9.38667102396254e-6,161293.78319124447,0.0001466365139632839,161293.78319124447,0.0001466365139632839,4678.0,-0.00023683329344534692,-2.1531151327817757e-13,0.005041875187542749,4.583704261326916e-12,4.6517698792559284e8,0.4229049039321703
3.0888e6,0.0017302113024698078,1.5727247424087465e-12,0.0022338330398010086,2.0305060353554673e-12,0.0,0.0,0.0,0.0,0.0,-0.0,-0.0,1.1906233806707931e-5,161293.78319124447,0.00014661256879982076,161293.78319124447,0.00014661256879982076,4678.0,-0.00024326281221480136,-2.211206475949066e-13,0.005022573673761456,4.5654111009561374e-12,4.522169850485026e8,0.4110554822454565
3.1104e6,0.0017481439883505422,1.5901965473941982e-12,0.0022620251004780764,2.0576477274582254e-12,0.0,0.0,0.0,0.0,0.0,-0.0,-0.0,1.2079233687250844e-5,161293.78319124447,0.00014672064707259888,161293.78319124447,0.00014672064707259888,4678.0,-0.00024813619025331596,-2.257167119263918e-13,0.005075380681738612,4.6168123968021595e-12,4.5397827411384803e8,0.41296065364099627
3.132e6,0.0017523035365696491,1.5939934633253854e-12,0.002268489218255257,2.0635448768206426e-12,0.0,0.0,0.0,0.0,0.0,-0.0,-0.0,1.3657523215103628e-5,161293.78319124447,0.00014672186109101457,161293.78319124447,0.00014672186109101457,4678.0,-0.00024521367662520377,-2.2306009746675172e-13,0.005098937309980486,4.638279026660954e-12,4.617082718055232e8,0.41999570956867266
3.1536e6,0.001772779240555083,1.6137379586248278e-12,0.002294496626272987,2.0886505307868735e-12,0.0,0.0,0.0,0.0,0.0,-0.0,-0.0,1.3631247344252173e-5,161293.78319124447,0.0001468236396678557,161293.78319124447,0.0001468236396678557,4678.0,-0.0002449214140907581,-2.2294878784488194e-13,0.005158463193666757,4.695682165807972e-12,4.646088178518429e8,0.4229273832451736
3.1752e6,0.0017872318849638461,1.6266440422165735e-12,0.0023140536644732893,2.1061293939264353e-12,0.0,0.0,0.0,0.0,0.0,-0.0,-0.0,1.7439357223102824e-5,161293.78319124447,0.0001468010803085672,161293.78319124447,0.0001468010803085672,4678.0,-0.00024240211980413874,-2.2062160333942715e-13,0.0052065479940600675,4.738724922213316e-12,4.914899839396439e8,0.44732821796132727
3.1968e6,0.0017949316226162446,1.634919900507638e-12,0.0023312463205503323,2.123424064977779e-12,0.0,0.0,0.0,0.0,0.0,-0.0,-0.0,1.813684054428299e-5,161293.78319124447,0.0001469150204079442,161293.78319124447,0.0001469150204079442,4678.0,-0.00024627917759372143,-2.2432427144034758e-13,0.005245042356683557,4.777465625931984e-12,4.93118183406055e8,0.4491584644197344
3.2184e6,0.0018149030129892513,1.6542231864187271e-12,0.0023588304347939362,2.1499947766571955e-12,0.0,0.0,0.0,0.0,0.0,-0.0,-0.0,1.8142230435397367e-5,161293.78319124447,0.00014701387020163152,161293.78319124447,0.00014701387020163152,4678.0,-0.0002508110886838465,-2.286058898697744e-13,0.005304409088395021,4.834790862912758e-12,4.9533931423749906e8,0.45148516085541135
3.24e6,0.0017954631179853578,1.6365545822188346e-12,0.002345943757491321,2.1383146038989823e-12,0.0,0.0,0.0,0.0,0.0,-0.0,-0.0,2.2870922413460006e-5,161293.78319124447,0.00014701838056202003,161293.78319124447,0.00014701838056202003,4678.0,-0.00025130828253361255,-2.290660928704653e-13,0.00528993556405435,4.8217466570461315e-12,4.938857285629032e8,0.45017407713673707
3.2616e6,0.0018199013940411915,1.6605396773805332e-12,0.0023738761899057222,2.166005045896545e-12,0.0,0.0,0.0,0.0,0.0,-0.0,-0.0,2.2857889338304112e-5,161293.78319124447,0.00014716991128246404,161293.78319124447,0.00014716991128246404,4678.0,-0.0002536922647677118,-2.3147741568342247e-13,0.005352458587888979,4.883764519235628e-12,4.959668806429964e8,0.452536981767766
3.2832e6,0.0018258661225676138,1.6670371245752085e-12,0.002391190765942886,2.183185135809762e-12,0.0,0.0,0.0,0.0,0.0,-0.0,-0.0,2.5671670216909e-5,161293.78319124447,0.0001472631104874625,161293.78319124447,0.0001472631104874625,4678.0,-0.00025925390746579796,-2.3670184965637683e-13,0.005390348195035405,4.921450945633737e-12,4.965336586306547e8,0.45334103760819555
3.3048e6,0.0018396563489134785,1.6797645138815644e-12,0.0024113058797082918,2.2017297150308443e-12,0.0,0.0,0.0,0.0,0.0,-0.0,-0.0,2.8651925950967425e-5,161293.78319124447,0.00014727510030575916,161293.78319124447,0.00014727510030575916,4678.0,-0.0002594978764036871,-2.369438859969594e-13,0.005439963903154871,4.967155048666084e-12,5.1474866237853146e8,0.470009813051299
3.3264e6,0.0018180809065087712,1.6612008269946052e-12,0.002397499841743177,2.190622378555839e-12,0.0,0.0,0.0,0.0,0.0,-0.0,-0.0,3.548462109001741e-5,161293.78319124447,0.00014737593088797515,161293.78319124447,0.00014737593088797515,4678.0,-0.0002602450896392692,-2.3778884459009827e-13,0.005421896392808571,4.954047281046682e-12,5.1314036805436176e8,0.4688620845884833
3.348e6,0.0018445892511738833,1.6876831892838178e-12,0.002431033690994085,2.224242979981753e-12,0.0,0.0,0.0,0.0,0.0,-0.0,-0.0,3.5368237223088914e-5,161293.78319124447,0.0001475736705364719,161293.78319124447,0.0001475736705364719,4678.0,-0.00026335855983471797,-2.409565240089061e-13,0.0054898321332268905,5.022851237662207e-12,5.158266761635955e8,0.47194897692883925
3.3696e6,0.0018498782897108104,1.692503583436495e-12,0.0024444658392376076,2.236507782976644e-12,0.0,0.0,0.0,0.0,0.0,-0.0,-0.0,4.1014055549021726e-5,161293.78319124447,0.0001475720362553618,161293.78319124447,0.0001475720362553618,4678.0,-0.00026901016739489463,-2.4612466389228627e-13,0.005523306544390906,5.053422255288617e-12,5.2385388536687034e8,0.4792880607940775
3.3912e6,0.0018604693975490362,1.7035076743763421e-12,0.0024636582715702447,2.2558074742801836e-12,0.0,0.0,0.0,0.0,0.0,-0.0,-0.0,4.3337094193618036e-5,161293.78319124447,0.00014768595380147166,161293.78319124447,0.00014768595380147166,4678.0,-0.0002727872336683934,-2.497730662155397e-13,0.005569431369973576,5.099556645844946e-12,5.254574756244357e8,0.48112634556841904
3.4128e6,0.0018782876022405462,1.7205478137837741e-12,0.0024897440347627455,2.2806537458812615e-12,0.0,0.0,0.0,0.0,0.0,-0.0,-0.0,4.321579260174347e-5,161293.78319124447,0.0001477482286075748,161293.78319124447,0.0001477482286075748,4678.0,-0.00027721944814348905,-2.5393838242485537e-13,0.005627456032909838,5.154858693119006e-12,5.273489051003726e8,0.48306180836704177
3.4344e6,0.0018653218343289675,1.7077212071847145e-12,0.0024823852232166484,2.27264904751091e-12,0.0,0.0,0.0,0.0,0.0,-0.0,-0.0,4.8137898765007334e-5,161293.78319124447,0.00014766610730304906,161293.78319124447,0.00014766610730304906,4678.0,-0.00027956517921542783,-2.559447793674322e-13,0.00561995781322782,5.145128826836003e-12,5.272694106884023e8,0.48272053538487236
3.456e6,0.0018800343183300807,1.7215635665017665e-12,0.0025059825790432646,2.2947497629729784e-12,0.0,0.0,0.0,0.0,0.0,-0.0,-0.0,4.931751998541872e-5,161293.78319124447,0.00014769810207077784,161293.78319124447,0.00014769810207077784,4678.0,-0.0002852455030508214,-2.6120175614504125e-13,0.0056718166428877375,5.19373119579381e-12,5.3017630730394703e8,0.48548699647549187
3.4776e6,0.0018912588475999005,1.7314729237482859e-12,0.0025255143656573854,2.3121423850693217e-12,0.0,0.0,0.0,0.0,0.0,-0.0,-0.0,5.113077633390548e-5,161293.78319124447,0.00014766662888000804,161293.78319124447,0.00014766662888000804,4678.0,-0.00028818685887179514,-2.6383894713820985e-13,0.00571484631448018,5.232018699852999e-12,5.32944193082178e8,0.4879175800614075
3.4992e6,0.0018879907498072018,1.7278222094590428e-12,0.0025289158624774723,2.314374153309837e-12,0.0,0.0,0.0,0.0,0.0,-0.0,-0.0,5.8835343931563705e-5,161293.78319124447,0.00014761035289710125,161293.78319124447,0.00014761035289710125,4678.0,-0.00029353045865711626,-2.6862867080903655e-13,0.005725790895372157,5.240040861827667e-12,5.3317837461092955e8,0.4879459485435046
3.5208e6,0.0018928930035360995,1.7321926455879624e-12,0.0025394219915767847,2.3238334600193126e-12,0.0,0.0,0.0,0.0,0.0,-0.0,-0.0,6.236393332557161e-5,161293.78319124447,0.0001476004742481498,161293.78319124447,0.0001476004742481498,4678.0,-0.00029494637867955405,-2.6990640624541896e-13,0.005755486214116739,5.266864462625074e-12,5.3457412787170976e8,0.489190551759211
3.5424e6,0.00190384520843492,1.7426357302530465e-12,0.0025608806136750385,2.3440361845231494e-12,0.0,0.0,0.0,0.0,0.0,-0.0,-0.0,6.982956656253056e-5,161293.78319124447,0.00014763611474895755,161293.78319124447,0.00014763611474895755,4678.0,-0.0003001310817001436,-2.7471726399444046e-13,0.005800540703203238,5.3093756989302144e-12,5.358361951282284e8,0.4904638754538818
3.564e6,0.001906053535189385,1.7444096052938366e-12,0.002569383565670376,2.351485563701229e-12,0.0,0.0,0.0,0.0,0.0,-0.0,-0.0,8.133437920437368e-5,161293.78319124447,0.00014761517422176305,161293.78319124447,0.00014761517422176305,4678.0,-0.0003041938796292554,-2.783965485230435e-13,0.005828340865066237,5.334065177208121e-12,5.45717704023043e8,0.49943781069197996
3.5856e6,0.001910930100614717,1.7500426319733916e-12,0.0025849489326684365,2.3673136093196986e-12,0.0,0.0,0.0,0.0,0.0,-0.0,-0.0,8.351874630346576e-5,161293.78319124447,0.0001477139309104759,161293.78319124447,0.0001477139309104759,4678.0,-0.0003107590973256874,-2.8459527034430815e-13,0.005861978042953501,5.368438897665857e-12,5.420805182343968e8,0.4964409826226785
3.6072e6,0.0019204224621743845,1.7588490447239567e-12,0.002600868724432361,2.382046430680044e-12,0.0,0.0,0.0,0.0,0.0,-0.0,-0.0,9.306421134368572e-5,161293.78319124447,0.00014772344214544636,161293.78319124447,0.00014772344214544636,4678.0,-0.0003146533894326458,-2.8818024383871747e-13,0.005901626908332811,5.405097604558115e-12,5.493105192420989e8,0.5030946581055218
3.6288e6,0.0019381629394639585,1.775342843072866e-12,0.0026184361146339846,2.3984680139661765e-12,0.0,0.0,0.0,0.0,0.0,-0.0,-0.0,9.280689764146132e-5,161293.78319124447,0.00014774390624759304,161293.78319124447,0.00014774390624759304,4678.0,-0.0003085404542300708,-2.8262076219830303e-13,0.005946930607358984,5.447344223260067e-12,5.541417943336079e8,0.5075897637841615
3.6504e6,0.00193082956463304,1.7678365789325813e-12,0.0026142518401691232,2.393567052341635e-12,0.0,0.0,0.0,0.0,0.0,-0.0,-0.0,0.00010451189676876651,161293.78319124447,0.00014767800074269892,161293.78319124447,0.00014767800074269892,4678.0,-0.0003099162148390828,-2.83754315260335e-13,0.005948507658539105,5.446358198282833e-12,5.571020095916455e8,0.5100736640834155
3.672e6,0.001941896973241894,1.7784393732849215e-12,0.002630074852796605,2.40869043896356e-12,0.0,0.0,0.0,0.0,0.0,-0.0,-0.0,0.0001167134706031751,161293.78319124447,0.00014771701004019175,161293.78319124447,0.00014771701004019175,4678.0,-0.00030899412048383736,-2.829847914457555e-13,0.0059886017195671685,5.484516035482468e-12,5.736789293722289e8,0.5253899715988809
3.6936e6,0.001958394489258074,1.7939851366043172e-12,0.002645675760827426,2.4235683960675505e-12,0.0,0.0,0.0,0.0,0.0,-0.0,-0.0,0.00011811939837179165,161293.78319124447,0.00014775299423018371,161293.78319124447,0.00014775299423018371,4678.0,-0.00030533269962472356,-2.796996865802768e-13,0.006033990527682711,5.527430443891296e-12,5.74876856649797e8,0.5266153177331785
3.7152e6,0.001962365010008086,1.7976958213817485e-12,0.0026561908343377184,2.433300196104567e-12,0.0,0.0,0.0,0.0,0.0,-0.0,-0.0,0.00013444566713706577,161293.78319124447,0.00014775903492926583,161293.78319124447,0.00014775903492926583,4678.0,-0.00030615797317445556,-2.8046714360044377e-13,0.0060624913844757825,5.553765672264029e-12,5.76340210094955e8,0.527977405884194
3.7368e6,0.0019753308526991994,1.8100113120649252e-12,0.002674836238293039,2.4509736394872413e-12,0.0,0.0,0.0,0.0,0.0,-0.0,-0.0,0.00013416383405440385,161293.78319124447,0.0001477947715659746,161293.78319124447,0.0001477947715659746,4678.0,-0.0003042768579541654,-2.7881129591229974e-13,0.0061069064040053704,5.595806726689484e-12,5.779579411352403e8,0.5295874409712565
3.7584e6,0.0019720505089363886,1.8062954653206381e-12,0.002676661935769472,2.4516828016663714e-12,0.0,0.0,0.0,0.0,0.0,-0.0,-0.0,0.00014851233407274208,161293.78319124447,0.0001477366973323059,161293.78319124447,0.0001477366973323059,4678.0,-0.0003067030113790977,-2.809239703262176e-13,0.0061233567953214935,5.608675620532143e-12,5.80509462668703e8,0.5317164064726405
3.78e6,0.0019748799529448837,1.8088899147446086e-12,0.002690629208293315,2.4644799457007203e-12,0.0,0.0,0.0,0.0,0.0,-0.0,-0.0,0.00015305649266980458,161293.78319124447,0.0001477369281563558,161293.78319124447,0.0001477369281563558,4678.0,-0.00031374677617724623,-2.873761406936991e-13,0.006154923868475659,5.637598222162527e-12,5.844265871898369e8,0.5353051246987925
3.8016e6,0.001987868947529554,1.821436249612535e-12,0.0027061181545166837,2.4795506305870212e-12,0.0,0.0,0.0,0.0,0.0,-0.0,-0.0,0.00016150739703185092,161293.78319124447,0.00014778959342706365,161293.78319124447,0.00014778959342706365,4678.0,-0.0003124774971026508,-2.86315574836204e-13,0.00619666319414525,5.6778526484267425e-12,5.884918893705947e8,0.5392208883964345
3.8232e6,0.0019887133312571272,1.822166946355578e-12,0.0027135967407320044,2.486344416253515e-12,0.0,0.0,0.0,0.0,0.0,-0.0,-0.0,0.0001773849629909216,161293.78319124447,0.00014778610660689975,161293.78319124447,0.00014778610660689975,4678.0,-0.0003153586646331233,-2.889487016100333e-13,0.006221976313842017,5.700911942357962e-12,6.026867273045797e8,0.5522142463878488
3.8448e6,0.0019984511328928704,1.8314662333705596e-12,0.0027336193040054767,2.5052058405494886e-12,0.0,0.0,0.0,0.0,0.0,-0.0,-0.0,0.0001892169250035366,161293.78319124447,0.00014781653286650152,161293.78319124447,0.00014781653286650152,4678.0,-0.00032120777241567396,-2.943685634303763e-13,0.00626607792856701,5.742502257349023e-12,6.049203681426175e8,0.5543749406209183
3.8664e6,0.0019921429097342317,1.8256434574232027e-12,0.002735110457308344,2.5065152140018484e-12,0.0,0.0,0.0,0.0,0.0,-0.0,-0.0,0.0002076176154789043,161293.78319124447,0.000147813160676016,161293.78319124447,0.000147813160676016,4678.0,-0.0003270371124236673,-2.9970398293890293e-13,0.006274882459462251,5.7504399168557435e-12,6.040505422174499e8,0.5535651659144
3.888e6,0.002013770380914506,1.8466107260101648e-12,0.0027664703531757226,2.5368303535398467e-12,0.0,0.0,0.0,0.0,0.0,-0.0,-0.0,0.00020740800301377276,161293.78319124447,0.0001479050605285246,161293.78319124447,0.0001479050605285246,4678.0,-0.000332450427908837,-3.0485428321988545e-13,0.006340552887160889,5.814234374104193e-12,6.077041437172749e8,0.55725965614785
3.9096e6,0.002007910636465515,1.8406009355572256e-12,0.0027643344812719943,2.533995557381328e-12,0.0,0.0,0.0,0.0,0.0,-0.0,-0.0,0.00021307541516380824,161293.78319124447,0.0001478539347567561,161293.78319124447,0.0001478539347567561,4678.0,-0.0003319833277732994,-3.043207265262327e-13,0.006348742148743625,5.819731479264864e-12,6.078400687348373e8,0.5571916293804267
3.9312e6,0.0019990411529092855,1.831787225919002e-12,0.0027661310176928518,2.534696925100285e-12,0.0,0.0,0.0,0.0,0.0,-0.0,-0.0,0.0002143653222522233,161293.78319124447,0.0001477988040615781,161293.78319124447,0.0001477988040615781,4678.0,-0.00033469246971855066,-3.0668972959835046e-13,0.006358378861829233,5.826391897786373e-12,6.077219708709433e8,0.5568756508747223
3.9528e6,0.001991669204486465,1.8240678968942405e-12,0.0027649078704586735,2.5322376190850822e-12,0.0,0.0,0.0,0.0,0.0,-0.0,-0.0,0.00021833608714056597,161293.78319124447,0.00014772072150587312,161293.78319124447,0.00014772072150587312,4678.0,-0.00033808231380171765,-3.096322891995736e-13,0.006371958367833265,5.835750571896875e-12,6.111817048054785e8,0.5597500450343194
3.9744e6,0.0019972234736606196,1.828389013503085e-12,0.0027751700987466207,2.540572242449426e-12,0.0,0.0,0.0,0.0,0.0,-0.0,-0.0,0.00022074571632075177,161293.78319124447,0.0001476588799513241,161293.78319124447,0.0001476588799513241,4678.0,-0.0003409236725802349,-3.121038309480366e-13,0.0063988463306404245,5.857922503080666e-12,6.147280826191863e8,0.5627622984485948
3.996e6,0.0019942701336774548,1.824721743266366e-12,0.0027749600391380616,2.539039137477983e-12,0.0,0.0,0.0,0.0,0.0,-0.0,-0.0,0.00022669015295538128,161293.78319124447,0.00014758094616802622,161293.78319124447,0.00014758094616802622,4678.0,-0.000343504584827229,-3.1430059261335097e-13,0.0064104561964784725,5.865453535324694e-12,6.184416377007678e8,0.5658631116201471
4.0176e6,0.0019844421679365244,1.815017699759464e-12,0.0027777740061155068,2.54061774562768e-12,0.0,0.0,0.0,0.0,0.0,-0.0,-0.0,0.0002341157097227927,161293.78319124447,0.00014752310552727498,161293.78319124447,0.00014752310552727498,4678.0,-0.0003529515812590333,-3.2281785657143283e-13,0.006418090248238079,5.870137002439638e-12,6.220976663974531e8,0.5689852260418972
4.0392e6,0.0019773308727772713,1.8080935470778494e-12,0.00278002750176171,2.54208835548814e-12,0.0,0.0,0.0,0.0,0.0,-0.0,-0.0,0.00024100203364968182,161293.78319124447,0.00014748884599280357,161293.78319124447,0.00014748884599280357,4678.0,-0.0003599214151099114,-3.291161823621931e-13,0.006424481978307722,5.87461844055503e-12,6.290931842246791e8,0.5752498696941266
4.0608e6,0.001978302349346696,1.8086629762506577e-12,0.00278519413204941,2.5463638103507802e-12,0.0,0.0,0.0,0.0,0.0,-0.0,-0.0,0.00024903410806557594,161293.78319124447,0.0001474628456331473,161293.78319124447,0.0001474628456331473,4678.0,-0.00036127137373524385,-3.302923631819631e-13,0.006432405067691658,5.8808265066373575e-12,6.374803583918873e8,0.5828164348544412
4.0824e6,0.0019831537438261444,1.8131661910143514e-12,0.002792810305493522,2.5534224159885624e-12,0.0,0.0,0.0,0.0,0.0,-0.0,-0.0,0.00026062883044519286,161293.78319124447,0.00014746836215478085,161293.78319124447,0.00014746836215478085,4678.0,-0.00036092917085815023,-3.2999184858368256e-13,0.006435584036026349,5.8839529864395725e-12,6.429245465902677e8,0.587815773174316
4.104e6,0.0019929417744258123,1.8225252629237414e-12,0.002811526697871461,2.5711129647686794e-12,0.0,0.0,0.0,0.0,0.0,-0.0,-0.0,0.00026942466000497476,161293.78319124447,0.00014750154690459097,161293.78319124447,0.00014750154690459097,4678.0,-0.0003659464775346677,-3.3465438315529396e-13,0.0064476725538850765,5.896331878487112e-12,6.489142255767125e8,0.5934255504905012
4.1256e6,0.0020057406010827628,1.8349906481631546e-12,0.0028343161130539047,2.593029008130175e-12,0.0,0.0,0.0,0.0,0.0,-0.0,-0.0,0.0002715897551265798,161293.78319124447,0.00014756274246181862,161293.78319124447,0.00014756274246181862,4678.0,-0.000369887067742794,-3.3839835012469365e-13,0.006484354682889487,5.932337509671914e-12,6.527968988520664e8,0.5972238902163115
4.1472e6,0.0020181552005483177,1.8464278115906577e-12,0.002855591653642562,2.612605733394164e-12,0.0,0.0,0.0,0.0,0.0,-0.0,-0.0,0.0002789429835781644,161293.78319124447,0.00014756909034551594,161293.78319124447,0.00014756909034551594,4678.0,-0.0003772111929740006,-3.4511381352695433e-13,0.006510742213925591,5.95673489066815e-12,6.567877979999135e8,0.6009008901847304
4.1688e6,0.0020294324232439285,1.857051771647015e-12,0.0028780039356364404,2.6335453431544673e-12,0.0,0.0,0.0,0.0,0.0,-0.0,-0.0,0.00028740762787951763,161293.78319124447,0.00014759343666746367,161293.78319124447,0.00014759343666746367,4678.0,-0.0003817757255871734,-3.4934757100225416e-13,0.006541755802483623,5.986096932099805e-12,6.615447088769964e8,0.6053528856506656
4.1904e6,0.0020420453574555558,1.869191645305177e-12,0.0028964162915614323,2.6512423505902782e-12,0.0,0.0,0.0,0.0,0.0,-0.0,-0.0,0.00029194344449289336,161293.78319124447,0.000147640693131519,161293.78319124447,0.000147640693131519,4678.0,-0.00038465120939378553,-3.520915068464852e-13,0.0065799246588743475,6.0229515246568816e-12,6.658249641948142e8,0.6094646506086007
4.212e6,0.002058855101062834,1.885073183683756e-12,0.002921434649054256,2.674844923265279e-12,0.0,0.0,0.0,0.0,0.0,-0.0,-0.0,0.00029592401326972785,161293.78319124447,0.00014767944826800004,161293.78319124447,0.00014767944826800004,4678.0,-0.0003890291607923182,-3.56192350934275e-13,0.006638027473636727,6.077731053850759e-12,6.696275427079856e8,0.6131062468472127
4.2336e6,0.0020675927202651405,1.8933879609687848e-12,0.002936067414809903,2.6886894315825086e-12,0.0,0.0,0.0,0.0,0.0,-0.0,-0.0,0.0003062320296108772,161293.78319124447,0.00014770399618849948,161293.78319124447,0.00014770399618849948,4678.0,-0.00038927466796662277,-3.564763807756144e-13,0.006675869858920993,6.113395300721739e-12,6.713123812336972e8,0.6147510427073732
4.2552e6,0.0020790804907391282,1.9040864971417576e-12,0.00295037231552083,2.7020426157367856e-12,0.0,0.0,0.0,0.0,0.0,-0.0,-0.0,0.00031234427299678034,161293.78319124447,0.0001477178570119603,161293.78319124447,0.0001477178570119603,4678.0,-0.00038891131233810186,-3.561770608243262e-13,0.006711796313929065,6.146871556846184e-12,6.715869774051353e8,0.6150602158162508
4.2768e6,0.002090563919230703,1.9148579616843755e-12,0.0029688271439445566,2.719305657747539e-12,0.0,0.0,0.0,0.0,0.0,-0.0,-0.0,0.00036658498418531423,161293.78319124447,0.00014773749899386096,161293.78319124447,0.00014773749899386096,4678.0,-0.000391543209411296,-3.5863511514183684e-13,0.006737967280780345,6.171660275242341e-12,6.741968478148876e8,0.6175325183340545
4.2984e6,0.002094319159854494,1.920721166202692e-12,0.002977677741173804,2.730858205967281e-12,0.0,0.0,0.0,0.0,0.0,-0.0,-0.0,0.0004144784729575347,161293.78319124447,0.00014792415086049019,161293.78319124447,0.00014792415086049019,4678.0,-0.00039316714747549453,-3.605775454320839e-13,0.006767480437577987,6.206524376743888e-12,6.749006681455271e8,0.618958190919437
4.32e6,0.002085109741416469,1.915078556123981e-12,0.002986092157064762,2.7425899668570607e-12,0.0,0.0,0.0,0.0,0.0,-0.0,-0.0,0.00048742945447199546,161293.78319124447,0.00014814101113729667,161293.78319124447,0.00014814101113729667,4678.0,-0.000404123615297541,-3.7116917844039634e-13,0.006783772413553922,6.230586726815207e-12,6.785102451467865e8,0.6231808306206079
4.3416e6,0.0021006848265405233,1.9316811090441755e-12,0.0030069360127047092,2.7650228242053027e-12,0.0,0.0,0.0,0.0,0.0,-0.0,-0.0,0.00048573766173528845,161293.78319124447,0.0001483174201386005,161293.78319124447,0.0001483174201386005,4678.0,-0.0004070384269900393,-3.742914834904427e-13,0.006832990553129249,6.283264677783144e-12,6.807916534770591e8,0.6260207907448392
4.3632e6,0.0021056904131047053,1.937653792629521e-12,0.003019755505724604,2.7787753945528385e-12,0.0,0.0,0.0,0.0,0.0,-0.0,-0.0,0.0005151731711837932,161293.78319124447,0.00014842234584108255,161293.78319124447,0.00014842234584108255,4678.0,-0.00041075620970601066,-3.7797737152132926e-13,0.006869416007322957,6.3212283709425826e-12,6.901614369419075e8,0.6350857265125567
4.3848e6,0.0021016924162282815,1.935204128923656e-12,0.0030231978128345363,2.7837112818105597e-12,0.0,0.0,0.0,0.0,0.0,-0.0,-0.0,0.0005992744434983756,161293.78319124447,0.00014851668721419114,161293.78319124447,0.00014851668721419114,4678.0,-0.0004171943738906797,-3.8414578112521944e-13,0.006876183981019291,6.331478159486243e-12,6.960149807471713e8,0.6408792524226076
4.4064e6,0.002117875323241338,1.952705075715468e-12,0.003047966201544165,2.8102594175635823e-12,0.0,0.0,0.0,0.0,0.0,-0.0,-0.0,0.0005973000456398392,161293.78319124447,0.00014871469801010698,161293.78319124447,0.00014871469801010698,4678.0,-0.0004184201985848827,-3.857881701497445e-13,0.006944145976032463,6.402581372521401e-12,6.982584396627653e8,0.6438022032401152
4.428e6,0.0021344916529818393,1.968495324399416e-12,0.003056572073995994,2.8188668847430404e-12,0.0,0.0,0.0,0.0,0.0,-0.0,-0.0,0.0005957080185498151,161293.78319124447,0.00014875019896334977,161293.78319124447,0.00014875019896334977,4678.0,-0.00040532355660985404,-3.738021298611414e-13,0.0069984227999443606,6.454165581118792e-12,7.003760262559398e8,0.6459087956986218
4.4496e6,0.002129097032260843,1.9644215766245358e-12,0.003051672725597424,2.815640459840605e-12,0.0,0.0,0.0,0.0,0.0,-0.0,-0.0,0.0006111282762216772,161293.78319124447,0.00014881848176728017,161293.78319124447,0.00014881848176728017,4678.0,-0.00040015287363051534,-3.6920296585702616e-13,0.007004774363976133,6.4629886245106105e-12,7.403787913403152e8,0.683114038743315
4.4712e6,0.0021374479735439982,1.9710689136778327e-12,0.0030563939937108043,2.81848412851252e-12,0.0,0.0,0.0,0.0,0.0,-0.0,-0.0,0.0006094084511551052,161293.78319124447,0.00014873866683670647,161293.78319124447,0.00014873866683670647,4678.0,-0.00039586060268330387,-3.650467930712282e-13,0.007041979059557834,6.493831048458495e-12,7.416499959189024e8,0.6839199222057457
4.4928e6,0.0021293019857387073,1.9611049439521726e-12,0.0030464167975386967,2.8057753587823926e-12,0.0,0.0,0.0,0.0,0.0,-0.0,-0.0,0.0007162289393846176,161293.78319124447,0.0001485529238049164,161293.78319124447,0.0001485529238049164,4678.0,-0.00039330601206180506,-3.622381277557165e-13,0.007034515704787496,6.478847819315768e-12,7.424405814516113e8,0.683793987244302
4.5144e6,0.002139222267219258,1.9710292199586006e-12,0.0030625227316655765,2.8217366111969305e-12,0.0,0.0,0.0,0.0,0.0,-0.0,-0.0,0.0007140864188841035,161293.78319124447,0.00014861230856617004,161293.78319124447,0.00014861230856617004,4678.0,-0.00039767982515984406,-3.664128630247383e-13,0.007086242420278364,6.529097552931956e-12,7.442553175510881e8,0.6857393925268112
4.536e6,0.002139229187488598,1.969859328448298e-12,0.0030620650835832207,2.819631250587719e-12,0.0,0.0,0.0,0.0,0.0,-0.0,-0.0,0.0007800968190354478,161293.78319124447,0.00014852362023584428,161293.78319124447,0.00014852362023584428,4678.0,-0.00040067888011091857,-3.6895580628521e-13,0.007083014750746017,6.5222290168328714e-12,7.473306573586535e8,0.6881620143569536
4.5576e6,0.0021370736572752214,1.9682469249951618e-12,0.0030631175795679216,2.8211342816186087e-12,0.0,0.0,0.0,0.0,0.0,-0.0,-0.0,0.0008894107299541675,161293.78319124447,0.00014855173180683618,161293.78319124447,0.00014855173180683618,4678.0,-0.00040291054165796515,-3.710810022699632e-13,0.007086542697539291,6.526712743753753e-12,7.486701853095567e8,0.68952597167376
4.5792e6,0.0021458587742860594,1.9777689412339888e-12,0.0030768177451524843,2.8358038502439536e-12,0.0,0.0,0.0,0.0,0.0,-0.0,-0.0,0.0009944864205976762,161293.78319124447,0.00014865928673051004,161293.78319124447,0.00014865928673051004,4678.0,-0.00040467943056685617,-3.7298000153699315e-13,0.007118285450724839,6.560694509807766e-12,7.51642411338077e8,0.6927646096156834
4.6008e6,0.0021577606577955813,1.990916483136299e-12,0.003093513308557301,2.8543140846308414e-12,0.0,0.0,0.0,0.0,0.0,-0.0,-0.0,0.001015790540037628,161293.78319124447,0.00014882209035682728,161293.78319124447,0.00014882209035682728,4678.0,-0.0004037036777242262,-3.724881642364478e-13,0.007165650091272671,6.611581700482285e-12,7.550111875437714e8,0.6966315808950162
4.6224e6,0.0021620260867574463,1.995552594401025e-12,0.0031020310387923824,2.8631782591757042e-12,0.0,0.0,0.0,0.0,0.0,-0.0,-0.0,0.001074248415415199,161293.78319124447,0.0001488743496110065,161293.78319124447,0.0001488743496110065,4678.0,-0.00040795420717547125,-3.765422080298685e-13,0.007200822893608373,6.646367911644253e-12,7.691116509277546e8,0.7098909489546428
4.644e6,0.002169004746183854,2.002986936328717e-12,0.003114960819995572,2.8765385786288435e-12,0.0,0.0,0.0,0.0,0.0,-0.0,-0.0,0.0010851087709720572,161293.78319124447,0.00014894819442488872,161293.78319124447,0.00014894819442488872,4678.0,-0.0004101053289259205,-3.787154536211337e-13,0.007240341940836552,6.686158869667704e-12,7.729038227219206e8,0.7137449849633979
4.6656e6,0.002168694392530902,2.0031421875838206e-12,0.0031184024901684503,2.880352163696506e-12,0.0,0.0,0.0,0.0,0.0,-0.0,-0.0,0.0012309017917404917,161293.78319124447,0.0001489810564448979,161293.78319124447,0.0001489810564448979,4678.0,-0.0004100964816755847,-3.787908366680362e-13,0.00726053427385752,6.706284923524567e-12,7.765010388687941e8,0.7172250710002155
4.6872e6,0.0021744553651844908,2.0094170024954274e-12,0.0031292162462065974,2.891712761866216e-12,0.0,0.0,0.0,0.0,0.0,-0.0,-0.0,0.0013410859634575495,161293.78319124447,0.00014905179270662986,161293.78319124447,0.00014905179270662986,4678.0,-0.0004123661457827767,-3.810680862235662e-13,0.007291750109721627,6.738315664244219e-12,7.78338000530991e8,0.7192631483712111
4.7088e6,0.0021901131971660453,2.026118267509021e-12,0.003149346607170508,2.9135246067475046e-12,0.0,0.0,0.0,0.0,0.0,-0.0,-0.0,0.0013438592511332964,161293.78319124447,0.00014921615968630831,161293.78319124447,0.00014921615968630831,4678.0,-0.00041287705998918725,-3.8196096647514393e-13,0.007347757294582298,6.797559733003678e-12,7.805994349616598e8,0.7221484153556879
4.7304e6,0.0021944899195579255,2.030245476135171e-12,0.0031596830635522446,2.923199686918651e-12,0.0,0.0,0.0,0.0,0.0,-0.0,-0.0,0.0013960690081787875,161293.78319124447,0.00014922190835067422,161293.78319124447,0.00014922190835067422,4678.0,-0.0004168184961874916,-3.8562212508344244e-13,0.00737933550753033,6.827036386690329e-12,7.833584286007755e8,0.7247287361335727
4.752e6,0.0021937081955714873,2.0291154425592203e-12,0.0031625260957826662,2.9252434537116678e-12,0.0,0.0,0.0,0.0,0.0,-0.0,-0.0,0.001552055947503735,161293.78319124447,0.00014919199687672753,161293.78319124447,0.00014919199687672753,4678.0,-0.00042473295168124757,-3.9286546540692525e-13,0.007395075378355889,6.8402268266141485e-12,7.862713048443292e8,0.7272777892344915
4.7736e6,0.002199524723929036,2.0352170260354518e-12,0.0031748388155324646,2.9376737356003313e-12,0.0,0.0,0.0,0.0,0.0,-0.0,-0.0,0.001583867246178535,161293.78319124447,0.00014924490285251392,161293.78319124447,0.00014924490285251392,4678.0,-0.0004289328680653045,-3.9689095858551067e-13,0.007427062314697885,6.872249951024915e-12,7.88733849355835e8,0.7298142829474586
4.7952e6,0.002205193962812652,2.040252537399957e-12,0.0031867449912270952,2.9483867015964887e-12,0.0,0.0,0.0,0.0,0.0,-0.0,-0.0,0.001659886583367659,161293.78319124447,0.00014922952627851582,161293.78319124447,0.00014922952627851582,4678.0,-0.0004312477512428312,-3.989918046025243e-13,0.007463811672791511,6.905542533168108e-12,7.920712019192331e8,0.732826820120604
4.8168e6,0.0022055858643265378,2.0403805571705437e-12,0.00319258066859164,2.953446351263206e-12,0.0,0.0,0.0,0.0,0.0,-0.0,-0.0,0.0018206158450180428,161293.78319124447,0.00014921237234007446,161293.78319124447,0.00014921237234007446,4678.0,-0.0004334203091122915,-4.0095576694566606e-13,0.007484981564046928,6.92433294077381e-12,7.97326160391447e8,0.7376039272372192
4.8384e6,0.002212936941119256,2.048049962337864e-12,0.0032085160684815575,2.969448017750797e-12,0.0,0.0,0.0,0.0,0.0,-0.0,-0.0,0.0020029082964489776,161293.78319124447,0.00014927570707147316,161293.78319124447,0.00014927570707147316,4678.0,-0.0004397192661999599,-4.069555755730544e-13,0.007525975152417747,6.965211182054295e-12,8.207654608039383e8,0.7596098378824693
4.86e6,0.002221650246136249,2.0574255943805598e-12,0.003225473473560247,2.987046088843022e-12,0.0,0.0,0.0,0.0,0.0,-0.0,-0.0,0.0020416924238508445,161293.78319124447,0.00014937092745776135,161293.78319124447,0.00014937092745776135,4678.0,-0.0004450427918333481,-4.12145175463571e-13,0.007567690373680809,7.0082857966669365e-12,8.262232880890342e8,0.7651487638722548
4.8816e6,0.0022247871119257076,2.061408067666746e-12,0.0032365712352645758,2.9988910040824244e-12,0.0,0.0,0.0,0.0,0.0,-0.0,-0.0,0.0023038248074589273,161293.78319124447,0.00014944904352988956,161293.78319124447,0.00014944904352988956,4678.0,-0.0004474624272691406,-4.14602661353943e-13,0.00759979227185369,7.041695368430258e-12,8.309085242196118e8,0.7698900834771532
4.9032e6,0.002210747484695595,2.049512413248716e-12,0.003230564366102646,2.9949516242638723e-12,0.0,0.0,0.0,0.0,0.0,-0.0,-0.0,0.002492823986754353,161293.78319124447,0.00014953024400967278,161293.78319124447,0.00014953024400967278,4678.0,-0.00045334886537853756,-4.202850545156091e-13,0.007592293883960461,7.038569835736734e-12,8.318306803724487e8,0.7711632906727945
4.9248e6,0.002211711846053764,2.05247298995796e-12,0.0032439132993559577,3.0103579906094448e-12,0.0,0.0,0.0,0.0,0.0,-0.0,-0.0,0.002564974513020527,161293.78319124447,0.0001496809514489154,161293.78319124447,0.0001496809514489154,4678.0,-0.00046052867865628816,-4.2737152931091335e-13,0.007618915070725731,7.0703683318193324e-12,8.338210789218225e8,0.7737876188519739
4.9464e6,0.002230264005607142,2.0707003035529825e-12,0.0032679111822314266,3.034109262409347e-12,0.0,0.0,0.0,0.0,0.0,-0.0,-0.0,0.002557667733733493,161293.78319124447,0.00014975405825302593,161293.78319124447,0.00014975405825302593,4678.0,-0.00046323082006513615,-4.3008908241912343e-13,0.007682917252444746,7.133244784838326e-12,8.359714228998041e8,0.7761620484427818
4.968e6,0.0022328920810824127,2.07323185927965e-12,0.0032787512821906787,3.0443081752506908e-12,0.0,0.0,0.0,0.0,0.0,-0.0,-0.0,0.0030155097677731575,161293.78319124447,0.0001497606681706398,161293.78319124447,0.0001497606681706398,4678.0,-0.00046483609375860287,-4.3159855645879235e-13,0.007712555557654957,7.161078689859182e-12,8.306065736786424e8,0.7712150648332715
4.9896e6,0.0022426754177630906,2.0841251483973884e-12,0.0032938439690903074,3.0609793091348517e-12,0.0,0.0,0.0,0.0,0.0,-0.0,-0.0,0.003078844354576591,161293.78319124447,0.0001498908077230011,161293.78319124447,0.0001498908077230011,4678.0,-0.00046808295963237257,-4.349909309119474e-13,0.007748809778881114,7.200992708263466e-12,8.324986293322229e8,0.7736435311393444
5.0112e6,0.0022478336850610446,2.0901230279576264e-12,0.003307065425624328,3.075037822859293e-12,0.0,0.0,0.0,0.0,0.0,-0.0,-0.0,0.0033815527838941786,161293.78319124447,0.00014997722151550972,161293.78319124447,0.00014997722151550972,4678.0,-0.00047179137440506294,-4.3868993626591225e-13,0.00778552773404702,7.23928594445479e-12,8.351624285745815e8,0.7765664495775825
5.0328e6,0.0022624784892380555,2.1053974855449312e-12,0.003327460211211427,3.0964388811911567e-12,0.0,0.0,0.0,0.0,0.0,-0.0,-0.0,0.0033709702799286823,161293.78319124447,0.00015009536098583624,161293.78319124447,0.00015009536098583624,4678.0,-0.0004765034428403996,-4.4342041490416196e-13,0.007837501925855866,7.293354136245347e-12,8.376181939790982e8,0.7794634282000125
5.0544e6,0.0022704662550965485,2.1126808428463845e-12,0.0033357182822413957,3.1039034807078287e-12,0.0,0.0,0.0,0.0,0.0,-0.0,-0.0,0.0036098559873442904,161293.78319124447,0.0001500847172044272,161293.78319124447,0.0001500847172044272,4678.0,-0.00047349796708269775,-4.4059235936091243e-13,0.007872688566188286,7.325578293950239e-12,8.410392525988872e8,0.7825914668667702
5.076e6,0.0022782288674939584,2.1205432861299187e-12,0.003344573462597458,3.1130817901016447e-12,0.0,0.0,0.0,0.0,0.0,-0.0,-0.0,0.003774103242939845,161293.78319124447,0.0001501299776860962,161293.78319124447,0.0001501299776860962,4678.0,-0.0004705073841330943,-4.379416347206081e-13,0.007908853455640482,7.361449209794242e-12,8.416949739482013e8,0.7834378062018339
5.0976e6,0.002284081287407448,2.1263064420411032e-12,0.0033525152426600612,3.120937418825524e-12,0.0,0.0,0.0,0.0,0.0,-0.0,-0.0,0.003936105733025978,161293.78319124447,0.00015015227879652292,161293.78319124447,0.00015015227879652292,4678.0,-0.00047003506485369543,-4.375669954890422e-13,0.007937279968058174,7.389005645907759e-12,8.425129774395465e8,0.7843156814555919
5.1192e6,0.0022920130857226884,2.1348653572046562e-12,0.00336967100860806,3.1386356152438655e-12,0.0,0.0,0.0,0.0,0.0,-0.0,-0.0,0.004377346636403167,161293.78319124447,0.00015023496689980435,161293.78319124447,0.00015023496689980435,4678.0,-0.0004760475305819711,-4.4340819332705877e-13,0.007971974422898459,7.425390426425624e-12,8.44315322062178e8,0.7864263702749738
5.1408e6,0.002288422488049533,2.1318363200429318e-12,0.003371893640401758,3.1411705519713705e-12,0.0,0.0,0.0,0.0,0.0,-0.0,-0.0,0.004845005146711134,161293.78319124447,0.00015025719551344592,161293.78319124447,0.00015025719551344592,4678.0,-0.0004801970975784568,-4.473394308712089e-13,0.007980084723250918,7.434044429683049e-12,8.48083862137424e8,0.7900534054303129
5.1624e6,0.0022971479730877513,2.142146429540951e-12,0.0033833775345462115,3.1550819495860008e-12,0.0,0.0,0.0,0.0,0.0,-0.0,-0.0,0.004960287309011676,161293.78319124447,0.00015041038096725077,161293.78319124447,0.00015041038096725077,4678.0,-0.00048021430977260684,-4.478115389802823e-13,0.008025079351578384,7.483581937762158e-12,8.414261808506442e8,0.784650405697932
5.184e6,0.0023069377369230593,2.152209087174745e-12,0.0034029563681662223,3.1747166391213165e-12,0.0,0.0,0.0,0.0,0.0,-0.0,-0.0,0.005575267841142595,161293.78319124447,0.00015047564584555893,161293.78319124447,0.00015047564584555893,4678.0,-0.0004807645098342265,-4.485191473942427e-13,0.00807483205460461,7.533244893080341e-12,8.725488335809116e8,0.8140260998726703
5.2056e6,0.002321825913711312,2.168233372301537e-12,0.003423061401516797,3.1966203505508885e-12,0.0,0.0,0.0,0.0,0.0,-0.0,-0.0,0.005557219436594236,161293.78319124447,0.00015062393842482899,161293.78319124447,0.00015062393842482899,4678.0,-0.00048100641059717987,-4.491870581635071e-13,0.00812636408473701,7.588791950312521e-12,8.75221355730094e8,0.8173240467506198
5.2272e6,0.0023327758773586315,2.1784168550980883e-12,0.003441075114010159,3.213380291168832e-12,0.0,0.0,0.0,0.0,0.0,-0.0,-0.0,0.005973473840246266,161293.78319124447,0.0001506210259359289,161293.78319124447,0.0001506210259359289,4678.0,-0.00048690396395818737,-4.5468568677998334e-13,0.008172569628000535,7.631793349671233e-12,8.948627216840155e8,0.8356499459873824
5.2488e6,0.0023261850054288476,2.172649549855202e-12,0.0034387310989907422,3.211764136067915e-12,0.0,0.0,0.0,0.0,0.0,-0.0,-0.0,0.006728211503500374,161293.78319124447,0.00015064789112949117,161293.78319124447,0.00015064789112949117,4678.0,-0.0004894318914613548,-4.571278622236044e-13,0.00820576775826318,7.664161528253027e-12,8.971191274289179e8,0.8379064708207058
5.2704e6,0.0023222043379910024,2.1704092071793414e-12,0.00344482254285976,3.219645421293991e-12,0.0,0.0,0.0,0.0,0.0,-0.0,-0.0,0.007476505348133744,161293.78319124447,0.00015075052025866206,161293.78319124447,0.00015075052025866206,4678.0,-0.0004956410326495481,-4.632425506745496e-13,0.008227073691211404,7.689295982883202e-12,8.973071934298364e8,0.8386530687360714
5.292e6,0.002346040226120573,2.1947779058974804e-12,0.0034731383271377676,3.2492056954764004e-12,0.0,0.0,0.0,0.0,0.0,-0.0,-0.0,0.007450165190239924,161293.78319124447,0.000150894271873652,161293.78319124447,0.000150894271873652,4678.0,-0.0004975464460228166,-4.654668469578784e-13,0.008295534312567207,7.760674869988876e-12,9.002635720343602e8,0.842218549957553
5.3136e6,0.002343172582155194,2.192288990667303e-12,0.00347890534390966,3.254888668086018e-12,0.0,0.0,0.0,0.0,0.0,-0.0,-0.0,0.007838984415699801,161293.78319124447,0.0001509076146785607,161293.78319124447,0.0001509076146785607,4678.0,-0.0005012418745856383,-4.68965475135777e-13,0.008318705118500186,7.783039877976781e-12,9.016341108226898e8,0.8435753088868159
5.3352e6,0.0023548786020018853,2.2040718731838557e-12,0.0034956398888627027,3.2717786603827885e-12,0.0,0.0,0.0,0.0,0.0,-0.0,-0.0,0.00813338461885748,161293.78319124447,0.00015096450855217047,161293.78319124447,0.00015096450855217047,4678.0,-0.0005026808953622464,-4.704891461126441e-13,0.008368578787719608,7.8326539248587e-12,9.102518484957085e8,0.8519592029404313
5.3568e6,0.0023681236472970707,2.2176495063071327e-12,0.0035162119143187414,3.292786516768406e-12,0.0,0.0,0.0,0.0,0.0,-0.0,-0.0,0.008797032318663729,161293.78319124447,0.00015104493343189103,161293.78319124447,0.00015104493343189103,4678.0,-0.000508534006722276,-4.762209905024322e-13,0.008416545784220058,7.881745796715806e-12,9.167885996895541e8,0.858534472137933
5.3784e6,0.0023735223064949187,2.223606976650636e-12,0.0035297293807004014,3.3067862286934625e-12,0.0,0.0,0.0,0.0,0.0,-0.0,-0.0,0.008815775953764449,161293.78319124447,0.00015110621906227873,161293.78319124447,0.00015110621906227873,4678.0,-0.0005127480098745616,-4.803620546985768e-13,0.008460325375218104,7.925958175152149e-12,9.190038118736874e8,0.8609581136267423
5.4e6,0.0023694135524888987,2.218775326017471e-12,0.0035324041197708164,3.3078274133433157e-12,0.0,0.0,0.0,0.0,0.0,-0.0,-0.0,0.009703474475986986,161293.78319124447,0.00015103934305128925,161293.78319124447,0.00015103934305128925,4678.0,-0.0005149335436685607,-4.821960438397954e-13,0.008492638534066798,7.952709147113263e-12,9.23130512582375e8,0.8644414149906956
5.4216e6,0.00236514578014,2.2166440496503838e-12,0.003540833968473549,3.3185136463564017e-12,0.0,0.0,0.0,0.0,0.0,-0.0,-0.0,0.010085096344728827,161293.78319124447,0.0001511665402440047,161293.78319124447,0.0001511665402440047,4678.0,-0.0005209193640395662,-4.882121086750166e-13,0.008514044559058615,7.97946848298644e-12,9.240978813302215e8,0.8660760309767932
5.4432e6,0.002375602410233387,2.2270689013425496e-12,0.0035599583331133388,3.337373484552526e-12,0.0,0.0,0.0,0.0,0.0,-0.0,-0.0,0.010428156464159302,161293.78319124447,0.00015120895945286485,161293.78319124447,0.00015120895945286485,4678.0,-0.0005236892634542326,-4.909458197137148e-13,0.008562297307055886,8.026943386843862e-12,9.309732674804045e8,0.8727645682861452
5.4648e6,0.0023765963586441854,2.2276708460621114e-12,0.003567907603693338,3.3443305259986474e-12,0.0,0.0,0.0,0.0,0.0,-0.0,-0.0,0.011587929274389737,161293.78319124447,0.00015118657283106303,161293.78319124447,0.00015118657283106303,4678.0,-0.0005262609100040757,-4.93283633282598e-13,0.008593472355418954,8.05497650578265e-12,9.351014256519195e8,0.876504828621498
5.4864e6,0.002386700188567397,2.23865254972481e-12,0.003583344139580735,3.361068362519779e-12,0.0,0.0,0.0,0.0,0.0,-0.0,-0.0,0.012213709599984027,161293.78319124447,0.0001512886875048084,161293.78319124447,0.0001512886875048084,4678.0,-0.0005264634865338137,-4.93806818347538e-13,0.008630509398058381,8.095156635900915e-12,9.358953600612952e8,0.8778415253465229
5.508e6,0.002402294040284931,2.2548960663809813e-12,0.003613405138251892,3.39169680973717e-12,0.0,0.0,0.0,0.0,0.0,-0.0,-0.0,0.012177753448222072,161293.78319124447,0.00015139725243896714,161293.78319124447,0.00015139725243896714,4678.0,-0.0005320534932466124,-4.994081943789651e-13,0.008696188759288752,8.162615190728664e-12,9.383339223246092e8,0.8807604043968916
5.5296e6,0.002401153448607541,2.2535602205233446e-12,0.003621129253672899,3.398546995896064e-12,0.0,0.0,0.0,0.0,0.0,-0.0,-0.0,0.013338040686835464,161293.78319124447,0.0001513794355076703,161293.78319124447,0.0001513794355076703,4678.0,-0.0005343342800323127,-5.0149001457658e-13,0.008725226601853736,8.18890754207832e-12,9.580040654064119e8,0.899117819459443
5.5512e6,0.0024039298482935664,2.257139654464616e-12,0.003629446187613011,3.407822786352095e-12,0.0,0.0,0.0,0.0,0.0,-0.0,-0.0,0.013300395859860151,161293.78319124447,0.0001514447662929959,161293.78319124447,0.0001514447662929959,4678.0,-0.0005379745388526062,-5.051244176690489e-13,0.008763504566906275,8.228382240058755e-12,9.598766441491938e8,0.9012640857392381
5.5728e6,0.0024074798833067625,2.258811911503027e-12,0.003634199533947375,3.409778521091421e-12,0.0,0.0,0.0,0.0,0.0,-0.0,-0.0,0.014459664087052492,161293.78319124447,0.00015133348413418342,161293.78319124447,0.00015133348413418342,4678.0,-0.000538943062521617,-5.056619653135564e-13,0.008775695787410148,8.23377437700615e-12,9.646253026957332e8,0.9050572505193795
5.5944e6,0.002410717374816725,2.261618963766684e-12,0.003640719210876878,3.4155474611348043e-12,0.0,0.0,0.0,0.0,0.0,-0.0,-0.0,0.01574288368000053,161293.78319124447,0.00015131806101108112,161293.78319124447,0.00015131806101108112,4678.0,-0.0005373011656662173,-5.040700822994837e-13,0.008804677198090171,8.26012419749483e-12,9.654056760075939e8,0.9056971204485392
5.616e6,0.0024260781424319373,2.2775006085242152e-12,0.0036600167471290794,3.435870519998781e-12,0.0,0.0,0.0,0.0,0.0,-0.0,-0.0,0.015714696197687825,161293.78319124447,0.00015141585217077892,161293.78319124447,0.00015141585217077892,4678.0,-0.0005372300169474135,-5.043290523563731e-13,0.008856465538472939,8.314079130619652e-12,9.679053410140274e8,0.9086290192382496
5.6376e6,0.0024371165772095987,2.288311649782013e-12,0.0036760560836080324,3.4516042605576398e-12,0.0,0.0,0.0,0.0,0.0,-0.0,-0.0,0.01679023663282375,161293.78319124447,0.0001514455428868047,161293.78319124447,0.0001514455428868047,4678.0,-0.000536510343357358,-5.037522129281403e-13,0.008900934338618355,8.35746304935721e-12,9.756839149202573e8,0.9161108212448599
5.6592e6,0.002451087289032428,2.3014183161777245e-12,0.0036943193097740113,3.4687357579497748e-12,0.0,0.0,0.0,0.0,0.0,-0.0,-0.0,0.016742822330334868,161293.78319124447,0.00015144481740120424,161293.78319124447,0.00015144481740120424,4678.0,-0.0005352378807300925,-5.025550365897582e-13,0.008947453395391183,8.401101510925181e-12,9.78396397827277e8,0.9186532852246424
5.6808e6,0.0024466708195579417,2.295879049180873e-12,0.003696411957785502,3.4685968799655323e-12,0.0,0.0,0.0,0.0,0.0,-0.0,-0.0,0.018936953247950205,161293.78319124447,0.00015135302004329587,161293.78319124447,0.00015135302004329587,4678.0,-0.0005391735439636386,-5.059435186636087e-13,0.008971104637686718,8.41820281708172e-12,9.802074107675854e8,0.9197958467660693
5.7024e6,0.0024580716508082576,2.3084292856082514e-12,0.0037073671922843126,3.4816702744845774e-12,0.0,0.0,0.0,0.0,0.0,-0.0,-0.0,0.019817136697069877,161293.78319124447,0.00015147454818202155,161293.78319124447,0.00015147454818202155,4678.0,-0.000534097270089794,-5.015825227199104e-13,0.009007899315546289,8.459516863546312e-12,9.810786852057056e8,0.9213526252052903
5.724e6,0.0024542408932132077,2.3056314820546113e-12,0.0037102941110190796,3.485628054566139e-12,0.0,0.0,0.0,0.0,0.0,-0.0,-0.0,0.02182601713347227,161293.78319124447,0.0001515271077968781,161293.78319124447,0.0001515271077968781,4678.0,-0.0005338970342737041,-5.015684539366461e-13,0.009024473983336738,8.478023238265872e-12,9.810404165697892e8,0.9216363706864436
5.7456e6,0.002460810364811573,2.3128911612056305e-12,0.0037261448245532605,3.50216642180847e-12,0.0,0.0,0.0,0.0,0.0,-0.0,-0.0,0.02213372065344324,161293.78319124447,0.0001515984209246501,161293.78319124447,0.0001515984209246501,4678.0,-0.0005398312167267695,-5.073819858548226e-13,0.009063541997714423,8.518732883886756e-12,9.836955251033158e8,0.9245656300310666
5.7672e6,0.0024543908608100013,2.308458417579597e-12,0.0037331500474356754,3.5111855200791013e-12,0.0,0.0,0.0,0.0,0.0,-0.0,-0.0,0.023371988156933234,161293.78319124447,0.0001517036253093799,161293.78319124447,0.0001517036253093799,4678.0,-0.0005480590241861305,-5.154726934142019e-13,0.009076975027624622,8.537278940879306e-12,9.836018432687167e8,0.9251191368481257
5.7888e6,0.0024611378941138723,2.315439277841346e-12,0.0037509206263327427,3.528867263816245e-12,0.0,0.0,0.0,0.0,0.0,-0.0,-0.0,0.023555229581858846,161293.78319124447,0.00015174524018577977,161293.78319124447,0.00015174524018577977,4678.0,-0.0005558627450111324,-5.229558392342296e-13,0.009122245407686344,8.582211248537027e-12,9.847941330665934e8,0.9264946193155504
5.8104e6,0.0024738799598837146,2.3268223736695666e-12,0.003765478127959591,3.5416426414285733e-12,0.0,0.0,0.0,0.0,0.0,-0.0,-0.0,0.023541898369552585,161293.78319124447,0.0001517058182082679,161293.78319124447,0.0001517058182082679,4678.0,-0.0005547202065501089,-5.217453589737103e-13,0.009168498499205188,8.623485289039352e-12,9.876880663008082e8,0.9289758307364183
5.832e6,0.0024758429549615684,2.327103271892284e-12,0.003775346402232495,3.5485372557882522e-12,0.0,0.0,0.0,0.0,0.0,-0.0,-0.0,0.02429225299108422,161293.78319124447,0.00015160383652284442,161293.78319124447,0.00015160383652284442,4678.0,-0.0005612588576463817,-5.275404570350443e-13,0.00919144937668417,8.639260367887934e-12,9.916181272692863e8,0.9320452994854334
5.8536e6,0.002484840851385517,2.3344947828210093e-12,0.0037906035111104877,3.561251866692492e-12,0.0,0.0,0.0,0.0,0.0,-0.0,-0.0,0.025638934888969414,161293.78319124447,0.00015153465267261256,161293.78319124447,0.00015153465267261256,4678.0,-0.0005651342192965379,-5.309405975862658e-13,0.00923471696978502,8.675967547286206e-12,9.959241621819619e8,0.9356654609903062
5.8752e6,0.002487779888860353,2.336148758402802e-12,0.003802404199148499,3.570646216959187e-12,0.0,0.0,0.0,0.0,0.0,-0.0,-0.0,0.026409768220696347,161293.78319124447,0.00015146286575736035,161293.78319124447,0.00015146286575736035,4678.0,-0.0005682249530178623,-5.335914260060505e-13,0.009267405159473614,8.702553290129635e-12,9.971644008389814e8,0.9363868513345892
5.8968e6,0.0024918417180992553,2.339770359343057e-12,0.003812970785888238,3.580273964057191e-12,0.0,0.0,0.0,0.0,0.0,-0.0,-0.0,0.027510538795240014,161293.78319124447,0.0001514503952301785,161293.78319124447,0.0001514503952301785,4678.0,-0.0005728255335783088,-5.378673110761411e-13,0.009297901078915769,8.730471598792136e-12,1.000339720250839e9,0.9392912919452171
5.9184e6,0.0024967562533038065,2.3439686013218824e-12,0.0038230601447492006,3.5891100416388235e-12,0.0,0.0,0.0,0.0,0.0,-0.0,-0.0,0.028649663786283926,161293.78319124447,0.00015142349714291186,161293.78319124447,0.00015142349714291186,4678.0,-0.0005757159374675896,-5.404853112589439e-13,0.009331259349571661,8.760237967661079e-12,1.0008081015051947e9,0.9395641896451051
5.94e6,0.0024907646075427985,2.3369779084921027e-12,0.003821214070091086,3.5852817397432916e-12,0.0,0.0,0.0,0.0,0.0,-0.0,-0.0,0.03258871976579199,161293.78319124447,0.00015133505870187946,161293.78319124447,0.00015133505870187946,4678.0,-0.0005752057158255734,-5.396909232819397e-13,0.009339918759674413,8.763246331014445e-12,1.0104940029908121e9,0.9481033071137788
5.9616e6,0.002504800822228938,2.352163886520799e-12,0.0038455240664474677,3.6111864678306965e-12,0.0,0.0,0.0,0.0,0.0,-0.0,-0.0,0.03252905952979433,161293.78319124447,0.00015146490234906377,161293.78319124447,0.00015146490234906377,4678.0,-0.0005787417506366145,-5.434745283490842e-13,0.009397632990899492,8.824962345828334e-12,1.0126447681816612e9,0.9509364706577952
5.9832e6,0.002511884753999115,2.3599444927404686e-12,0.003856049603363552,3.622802762230185e-12,0.0,0.0,0.0,0.0,0.0,-0.0,-0.0,0.03390507922074632,161293.78319124447,0.00015153735646089542,161293.78319124447,0.00015153735646089542,4678.0,-0.0005779391064743655,-5.429804091497769e-13,0.00942906920848374,8.858718504024876e-12,1.0148568774467056e9,0.9534696586048013
6.0048e6,0.0025101157161593647,2.3582201918996478e-12,0.003859581736678532,3.6260254956088898e-12,0.0,0.0,0.0,0.0,0.0,-0.0,-0.0,0.03422707544529818,161293.78319124447,0.0001515333551759363,161293.78319124447,0.0001515333551759363,4678.0,-0.000578035575707986,-5.430567035198652e-13,0.009452768830974496,8.880750071821951e-12,1.0163591234212914e9,0.9548558226394314
6.0264e6,0.00251976213225856,2.366892066189296e-12,0.0038752205358522527,3.6401169077102946e-12,0.0,0.0,0.0,0.0,0.0,-0.0,-0.0,0.03606456768020582,161293.78319124447,0.00015150833916962718,161293.78319124447,0.00015150833916962718,4678.0,-0.000580920342621568,-5.456768051381552e-13,0.009494344393182651,8.918337223264104e-12,1.0200140929849864e9,0.9581314177157817
6.048e6,0.002521895152092178,2.368648369234854e-12,0.003879031472332705,3.643316243155101e-12,0.0,0.0,0.0,0.0,0.0,-0.0,-0.0,0.03679667338827563,161293.78319124447,0.00015149252188645192,161293.78319124447,0.00015149252188645192,4678.0,-0.000583139663158012,-5.47704297313666e-13,0.009519228793738488,8.940778422114984e-12,1.0238486961799397e9,0.9616329776985131
6.0696e6,0.002518013273340163,2.363831724308997e-12,0.003879240478650804,3.641709043691611e-12,0.0,0.0,0.0,0.0,0.0,-0.0,-0.0,0.040983172084610484,161293.78319124447,0.00015141753448166763,161293.78319124447,0.00015141753448166763,4678.0,-0.0005828135403705671,-5.471270349013274e-13,0.009535904323400535,8.952007282204808e-12,1.0284972800090555e9,0.9655209226224298
6.0912e6,0.0025297864928863303,2.376187805188785e-12,0.003899249059247033,3.662501989804464e-12,0.0,0.0,0.0,0.0,0.0,-0.0,-0.0,0.0437408348726255,161293.78319124447,0.00015150065894869967,161293.78319124447,0.00015150065894869967,4678.0,-0.0005873407098273393,-5.516796915894347e-13,0.009586990252770522,9.004905904571389e-12,1.0299285498061581e9,0.9673953383603295
6.1128e6,0.0025510436151169285,2.3985507169638213e-12,0.0039247821010594,3.690171687633538e-12,0.0,0.0,0.0,0.0,0.0,-0.0,-0.0,0.04362878805361177,161293.78319124447,0.00015165217757260262,161293.78319124447,0.00015165217757260262,4678.0,-0.0005900664972836453,-5.547942856520496e-13,0.009642949152419906,9.066525741121955e-12,1.0341179542688847e9,0.9723018242175776
6.1344e6,0.0025578317579396863,2.403696808313162e-12,0.003937749852287755,3.700461034037599e-12,0.0,0.0,0.0,0.0,0.0,-0.0,-0.0,0.04561588101800236,161293.78319124447,0.00015157421931841203,161293.78319124447,0.00015157421931841203,4678.0,-0.0005943978349382085,-5.585794195706109e-13,0.009677691582131472,9.094513857528348e-12,1.0442010446693465e9,0.9812774864953264
6.156e6,0.00257090801320091,2.416407996432283e-12,0.0039537641547485155,3.71616069905455e-12,0.0,0.0,0.0,0.0,0.0,-0.0,-0.0,0.045482387854169914,161293.78319124447,0.00015160075174874797,161293.78319124447,0.00015160075174874797,4678.0,-0.0005964832873294217,-5.606373226269111e-13,0.009720658631097842,9.136490736410373e-12,1.0453870777636803e9,0.9825640128329737
6.1776e6,0.0025711356118609014,2.4155473111130356e-12,0.003955058727713742,3.7157244569097135e-12,0.0,0.0,0.0,0.0,0.0,-0.0,-0.0,0.04647637398549693,161293.78319124447,0.0001515333389999102,161293.78319124447,0.0001515333389999102,4678.0,-0.0005945946267676178,-5.586136512073174e-13,0.009733124015635015,9.14413904744625e-12,1.0427629148830148e9,0.9796617275084155
6.1992e6,0.0025739655703338363,2.4170368916115067e-12,0.003961961950177593,3.720410368775176e-12,0.0,0.0,0.0,0.0,0.0,-0.0,-0.0,0.05171906435097602,161293.78319124447,0.00015146007734293936,161293.78319124447,0.00015146007734293936,4678.0,-0.0005964538405662351,-5.600894407476399e-13,0.009762379990149408,9.16719044655316e-12,1.0430237176763992e9,0.9794329937842454
6.2208e6,0.002572997543370757,2.4175327248356415e-12,0.003971470242432837,3.731507362503859e-12,0.0,0.0,0.0,0.0,0.0,-0.0,-0.0,0.054155646389512244,161293.78319124447,0.00015154814281965714,161293.78319124447,0.00015154814281965714,4678.0,-0.0006017268993473631,-5.653695528525103e-13,0.009789684835933595,9.198175691101472e-12,1.0459399373109839e9,0.98274249549001
6.2424e6,0.0025843753766974105,2.4299312339063076e-12,0.003992671569248351,3.75406662682432e-12,0.0,0.0,0.0,0.0,0.0,-0.0,-0.0,0.05553115525883301,161293.78319124447,0.00015165474998147155,161293.78319124447,0.00015165474998147155,4678.0,-0.0006054222906840553,-5.692418164563469e-13,0.009841811675632996,9.253657887502946e-12,1.0484233841596234e9,0.9857688439915452
6.264e6,0.0025730265507530777,2.4188049713738997e-12,0.003991542754260379,3.7522984186193884e-12,0.0,0.0,0.0,0.0,0.0,-0.0,-0.0,0.060868778195514096,161293.78319124447,0.0001516261868811652,161293.78319124447,0.0001516261868811652,4678.0,-0.000609122588865419,-5.726131141913764e-13,0.00985389020666918,9.263269596766515e-12,1.058393485001968e9,0.9949556962182252
6.2856e6,0.0025792257595300024,2.4271309291558213e-12,0.004010250602333996,3.773769409144032e-12,0.0,0.0,0.0,0.0,0.0,-0.0,-0.0,0.06330590113311425,161293.78319124447,0.0001517824209135381,161293.78319124447,0.0001517824209135381,4678.0,-0.0006143521284978635,-5.781242867012902e-13,0.009896763464698694,9.313159429706802e-12,1.0603372342532663e9,0.9978100160804119
6.3072e6,0.002596550953993679,2.4456826734516916e-12,0.004035429641661781,3.800957704822153e-12,0.0,0.0,0.0,0.0,0.0,-0.0,-0.0,0.0654199789228418,161293.78319124447,0.00015192207581352188,161293.78319124447,0.00015192207581352188,4678.0,-0.0006138648572369376,-5.781972592820257e-13,0.009961571892895814,9.382771303342569e-12,1.0650473138784575e9,1.003164508654256
6.3288e6,0.0025961350305656675,2.4457230068643703e-12,0.004042761083716639,3.808536026551498e-12,0.0,0.0,0.0,0.0,0.0,-0.0,-0.0,0.0687784917952078,161293.78319124447,0.00015194892090380512,161293.78319124447,0.00015194892090380512,4678.0,-0.0006161349100010318,-5.804379614235616e-13,0.009990013918847969,9.411223450460565e-12,1.068378308198369e9,1.0064797776817684
6.3504e6,0.002612279082636428,2.4624640506399138e-12,0.0040624307142783835,3.829449027333588e-12,0.0,0.0,0.0,0.0,0.0,-0.0,-0.0,0.06864556237245023,161293.78319124447,0.00015204353368679737,161293.78319124447,0.00015204353368679737,4678.0,-0.0006132945575081429,-5.781219205693513e-13,0.010042341588752555,9.466410120924666e-12,1.0693745362479348e9,1.0080455682103573
6.372e6,0.002617166689032301,2.4664532526812144e-12,0.004070174896029687,3.835787820991155e-12,0.0,0.0,0.0,0.0,0.0,-0.0,-0.0,0.06852646322738795,161293.78319124447,0.0001520054407907809,161293.78319124447,0.0001520054407907809,4678.0,-0.0006157497410359277,-5.802908763817509e-13,0.010072966717136598,9.49289994701004e-12,1.0702257510709333e9,1.0085952094278396
6.3936e6,0.002606926737805907,2.455436932166723e-12,0.004064795433990632,3.828588155386192e-12,0.0,0.0,0.0,0.0,0.0,-0.0,-0.0,0.07392718675434193,161293.78319124447,0.0001519209214563515,161293.78319124447,0.0001519209214563515,4678.0,-0.0006188608995106504,-5.828985857160312e-13,0.010075553323468534,9.490057922871234e-12,1.0755843368202865e9,1.0130815975716214
6.4152e6,0.0026229766097425242,2.470442710513626e-12,0.004082789640882572,3.845363267600385e-12,0.0,0.0,0.0,0.0,0.0,-0.0,-0.0,0.07397912677157477,161293.78319124447,0.00015191406947967002,161293.78319124447,0.00015191406947967002,4678.0,-0.0006194626034064656,-5.834390086961231e-13,0.010124810066624391,9.536022216714507e-12,1.0777489352774873e9,1.0150746259157253
6.4368e6,0.002626906230148077,2.4733296961091356e-12,0.0040906373093318425,3.851486823955685e-12,0.0,0.0,0.0,0.0,0.0,-0.0,-0.0,0.07738597762014218,161293.78319124447,0.00015186408223722775,161293.78319124447,0.00015186408223722775,4678.0,-0.0006213289980667891,-5.850043082374127e-13,0.010155582966265118,9.561858220705399e-12,1.079609440364677e9,1.016492350738839
6.4584e6,0.0026317374973709776,2.478334232584564e-12,0.004101051738872944,3.862002545543604e-12,0.0,0.0,0.0,0.0,0.0,-0.0,-0.0,0.08117470145372165,161293.78319124447,0.00015189201232465677,161293.78319124447,0.00015189201232465677,4678.0,-0.0006224220241558714,-5.86141213217903e-13,0.01018854421410165,9.594656735800618e-12,1.0808613433639402e9,1.0178582288743325
6.48e6,0.0026254070459586455,2.472919354859509e-12,0.0041061917029064955,3.8676977547202586e-12,0.0,0.0,0.0,0.0,0.0,-0.0,-0.0,0.08772844587646925,161293.78319124447,0.00015192559145680933,161293.78319124447,0.00015192559145680933,4678.0,-0.0006256523626501973,-5.893135083159308e-13,0.01020994112286339,9.616931992915285e-12,1.0913710755889976e9,1.0279825600042913
6.5016e6,0.002630379465230684,2.4791610281329574e-12,0.004119984707841406,3.883130042337214e-12,0.0,0.0,0.0,0.0,0.0,-0.0,-0.0,0.09192924126643678,161293.78319124447,0.00015202113103965825,161293.78319124447,0.00015202113103965825,4678.0,-0.000626473297587494,-5.904578427085032e-13,0.01024872422564822,9.659533167805084e-12,1.0946288603919528e9,1.0316995121140533
6.5232e6,0.0026509871989401916,2.5013842743222584e-12,0.00414627539675589,3.912289006374962e-12,0.0,0.0,0.0,0.0,0.0,-0.0,-0.0,0.09163233714337081,161293.78319124447,0.00015219150548211494,161293.78319124447,0.00015219150548211494,4678.0,-0.0006277792588168603,-5.923518477863479e-13,0.010313114558275297,9.731115482438727e-12,1.0970246364887462e9,1.035116342830349
6.5448e6,0.0026519579057447027,2.5013578890004436e-12,0.0041472125168235795,3.911699625339638e-12,0.0,0.0,0.0,0.0,0.0,-0.0,-0.0,0.09688921176038114,161293.78319124447,0.0001521341934418268,161293.78319124447,0.0001521341934418268,4678.0,-0.0006231506345154023,-5.87763007966382e-13,0.010333870562903916,9.747028261811918e-12,1.0956966583774264e9,1.033473975754592
6.5664e6,0.0026615643098709413,2.5115635265878962e-12,0.00415643287930301,3.92218410115153e-12,0.0,0.0,0.0,0.0,0.0,-0.0,-0.0,0.10014185031330057,161293.78319124447,0.000152203567438184,161293.78319124447,0.000152203567438184,4678.0,-0.0006186258252522076,-5.837612315233223e-13,0.010373350102767583,9.788727505104389e-12,1.0974359593923721e9,1.0355865226151642
6.588e6,0.0026670797540657935,2.518711626308337e-12,0.0041713066250999836,3.939259213197545e-12,0.0,0.0,0.0,0.0,0.0,-0.0,-0.0,0.11180007219095416,161293.78319124447,0.0001523211018927115,161293.78319124447,0.0001523211018927115,4678.0,-0.0006219243726303636,-5.873270739806954e-13,0.010413921408419667,9.83460089142908e-12,1.1079261915963418e9,1.0462928885464386
6.6096e6,0.0026574510707531567,2.5120748381869797e-12,0.004171367815704294,3.943172555829565e-12,0.0,0.0,0.0,0.0,0.0,-0.0,-0.0,0.11645294911157981,161293.78319124447,0.0001524701842189995,161293.78319124447,0.0001524701842189995,4678.0,-0.0006249676894311651,-5.90778744556503e-13,0.010422404921175785,9.85224580201266e-12,1.1102703516270669e9,1.049532856729852
6.6312e6,0.0026672470800790764,2.524111397127645e-12,0.004194788530680015,3.969678556557215e-12,0.0,0.0,0.0,0.0,0.0,-0.0,-0.0,0.11621819020260032,161293.78319124447,0.00015263808121847693,161293.78319124447,0.00015263808121847693,4678.0,-0.0006287133971382987,-5.949739951338032e-13,0.010472868629338833,9.910850504015178e-12,1.1123837108320098e9,1.052688527981058
6.6528e6,0.0026764107470717232,2.5327966193207463e-12,0.00421331372587118,3.9872305746417796e-12,0.0,0.0,0.0,0.0,0.0,-0.0,-0.0,0.12886694741830848,161293.78319124447,0.0001526388837106585,161293.78319124447,0.0001526388837106585,4678.0,-0.000631773438903359,-5.978729654937335e-13,0.010521307361813255,9.95674215775407e-12,1.1202765999108405e9,1.060163425237613
6.6744e6,0.0026884643173982472,2.5476269393456814e-12,0.004235941682234466,4.014038450620511e-12,0.0,0.0,0.0,0.0,0.0,-0.0,-0.0,0.12947976785478146,161293.78319124447,0.00015284427788301802,161293.78319124447,0.00015284427788301802,4678.0,-0.000634050242124093,-6.008350072866934e-13,0.010577439948791132,1.0023332200640746e-11,1.1226277474119558e9,1.0638179847339202
6.696e6,0.0026964155083642693,2.556663438785957e-12,0.004251354256295241,4.031011525738759e-12,0.0,0.0,0.0,0.0,0.0,-0.0,-0.0,0.1299932215352979,161293.78319124447,0.0001529341146085763,161293.78319124447,0.0001529341146085763,4678.0,-0.0006361364855911911,-6.031662737970995e-13,0.010621242487275405,1.0070755882193427e-11,1.1249929096684072e9,1.066685839819791
6.7176e6,0.0026990361212497027,2.5585210230251488e-12,0.004262435665955701,4.0405280888165376e-12,0.0,0.0,0.0,0.0,0.0,-0.0,-0.0,0.13084006170091717,161293.78319124447,0.00015289663296057853,161293.78319124447,0.00015289663296057853,4678.0,-0.0006369832865829168,-6.038211631207992e-13,0.010656088900327246,1.0101319971252757e-11,1.128057145967811e9,1.0693291210182285
6.7392e6,0.0026985618432111566,2.5571484764969927e-12,0.00427732546914079,4.053179783302561e-12,0.0,0.0,0.0,0.0,0.0,-0.0,-0.0,0.13554910070343917,161293.78319124447,0.00015284146738884038,161293.78319124447,0.00015284146738884038,4678.0,-0.0006459251982827277,-6.120766292145527e-13,0.010691948349689761,1.0131655682442827e-11,1.1299353048302488e9,1.0707230410730837
6.7608e6,0.0027017780159852506,2.5594339105264016e-12,0.004288967513379339,4.0630017825080666e-12,0.0,0.0,0.0,0.0,0.0,-0.0,-0.0,0.14764103506157358,161293.78319124447,0.00015279596466263425,161293.78319124447,0.00015279596466263425,4678.0,-0.0006521715987181946,-6.178117133849225e-13,0.010726139576394485,1.0161029217958227e-11,1.1342749474030943e9,1.074515281073291
6.7824e6,0.002704081297338932,2.5635418394680283e-12,0.00430218428393674,4.078586477347049e-12,0.0,0.0,0.0,0.0,0.0,-0.0,-0.0,0.15111754808288821,161293.78319124447,0.00015291084704581418,161293.78319124447,0.00015291084704581418,4678.0,-0.0006595682363533623,-6.252884377181695e-13,0.010761529064782812,1.0202219157157288e-11,1.1360210412933207e9,1.076978518633067
6.804e6,0.002712248851606908,2.5710879329556944e-12,0.004319987706364032,4.095150876649457e-12,0.0,0.0,0.0,0.0,0.0,-0.0,-0.0,0.15072438275604738,161293.78319124447,0.00015289913363889372,161293.78319124447,0.00015289913363889372,4678.0,-0.0006604878395694018,-6.261122806540266e-13,0.010809748284932762,1.0247147254652874e-11,1.138328909915856e9,1.07908377296769
6.8256e6,0.0027013433748404357,2.559650318767085e-12,0.004317054666721673,4.090613010077544e-12,0.0,0.0,0.0,0.0,0.0,-0.0,-0.0,0.15397000458681445,161293.78319124447,0.000152833470711588,161293.78319124447,0.000152833470711588,4678.0,-0.0006611432358372218,-6.264644140108284e-13,0.010817068262867633,1.0249682615343169e-11,1.1411023327629619e9,1.0812483066781944
6.8472e6,0.002687462560142923,2.5445365501261673e-12,0.004301951049091386,4.073162485539703e-12,0.0,0.0,0.0,0.0,0.0,-0.0,-0.0,0.15508732608598252,161293.78319124447,0.00015271577462140366,161293.78319124447,0.00015271577462140366,4678.0,-0.0006569479200781113,-6.220097793954825e-13,0.010806597545002026,1.0231875540732739e-11,1.1389973434317822e9,1.0784226034779234
6.8688e6,0.0026835433496036503,2.5389742167532985e-12,0.004299006840302171,4.067408684411747e-12,0.0,0.0,0.0,0.0,0.0,-0.0,-0.0,0.16461542865399986,161293.78319124447,0.0001526044872372384,161293.78319124447,0.0001526044872372384,4678.0,-0.000652455744502483,-6.173063360832428e-13,0.010821696994047817,1.0238705349575287e-11,1.142355798124874e9,1.0808142593359156
6.8904e6,0.002690832137212238,2.547824029851258e-12,0.0043170171758755305,4.087583147929659e-12,0.0,0.0,0.0,0.0,0.0,-0.0,-0.0,0.17061283150124668,161293.78319124447,0.0001527215953002639,161293.78319124447,0.0001527215953002639,4678.0,-0.0006563630148051925,-6.214796673116978e-13,0.010868555802799213,1.0290930921034647e-11,1.1434722564672623e9,1.0827007943772529
6.912e6,0.0026827624646726953,2.5404365416708814e-12,0.004315305867896722,4.0863702469570285e-12,0.0,0.0,0.0,0.0,0.0,-0.0,-0.0,0.1708157983692023,161293.78319124447,0.0001527368248807557,161293.78319124447,0.0001527368248807557,4678.0,-0.0006602736468376722,-6.25244807178023e-13,0.010874465937389593,1.029755373510873e-11,1.143599524324588e9,1.082929278640429
6.9336e6,0.0026687244973811614,2.526383605142455e-12,0.004310026827143983,4.08014432531569e-12,0.0,0.0,0.0,0.0,0.0,-0.0,-0.0,0.17700490207570901,161293.78319124447,0.000152690909033748,161293.78319124447,0.000152690909033748,4678.0,-0.0006652892697402607,-6.298049519155495e-13,0.010871854542977628,1.0291985966264127e-11,1.1550035498975077e9,1.0933995004751655
6.9552e6,0.002671638179556778,2.5307730950872454e-12,0.004325962302653584,4.0978711450117185e-12,0.0,0.0,0.0,0.0,0.0,-0.0,-0.0,0.18619849363194382,161293.78319124447,0.00015278938968186047,161293.78319124447,0.00015278938968186047,4678.0,-0.0006729461826252166,-6.37464349200199e-13,0.010909014383796977,1.0333824508007792e-11,1.1591334262163212e9,1.098016831445053
6.9768e6,0.0026630090038698632,2.5233775952689917e-12,0.00432486658234301,4.0980978361518305e-12,0.0,0.0,0.0,0.0,0.0,-0.0,-0.0,0.19593195737152608,161293.78319124447,0.00015283655375160354,161293.78319124447,0.00015283655375160354,4678.0,-0.0006774639039075714,-6.419419664896376e-13,0.010919471971300668,1.034692368088379e-11,1.1612672732221026e9,1.1003777362785696
6.9984e6,0.002666248892206027,2.5282730953649446e-12,0.004342937977074892,4.118195144637175e-12,0.0,0.0,0.0,0.0,0.0,-0.0,-0.0,0.20588568864161086,161293.78319124447,0.00015294698618876677,161293.78319124447,0.00015294698618876677,4678.0,-0.0006841178476646411,-6.487154118902988e-13,0.0109648066533319,1.039738853283148e-11,1.168074277059131e9,1.1076275649693763
7.02e6,0.00264815849815285,2.5142760261439195e-12,0.004337893441790481,4.118583344716104e-12,0.0,0.0,0.0,0.0,0.0,-0.0,-0.0,0.2255585856752816,161293.78319124447,0.00015313928245861127,161293.78319124447,0.00015313928245861127,4678.0,-0.0006883837684492385,-6.53581274310352e-13,0.010967529798685764,1.0413046370936302e-11,1.1684636400941927e9,1.1093898343920485
7.0416e6,0.002662545083480485,2.5320934334310585e-12,0.004359990985501938,4.146372811752235e-12,0.0,0.0,0.0,0.0,0.0,-0.0,-0.0,0.2272108265406928,161293.78319124447,0.00015339117891589922,161293.78319124447,0.00015339117891589922,4678.0,-0.0006872816510927566,-6.536082211140445e-13,0.011026393906044499,1.048615468603544e-11,1.1717785559086509e9,1.114367153916164
7.0632e6,0.0026785818905914233,2.5495044224129584e-12,0.004383242740757719,4.172019825611481e-12,0.0,0.0,0.0,0.0,0.0,-0.0,-0.0,0.2290663988341781,161293.78319124447,0.00015352124010029747,161293.78319124447,0.00015352124010029747,4678.0,-0.0006920676553068037,-6.587177916834501e-13,0.01108421082351533,1.0550076745001195e-11,1.1758143436999989e9,1.1191533399555105
7.0848e6,0.0026876943073281963,2.558484704304113e-12,0.004403217382947357,4.191534838348397e-12,0.0,0.0,0.0,0.0,0.0,-0.0,-0.0,0.24193953898675175,161293.78319124447,0.0001535396626279164,161293.78319124447,0.0001535396626279164,4678.0,-0.0006939279962323793,-6.605677436634718e-13,0.011134371265681012,1.0599091755939606e-11,1.213127888386024e9,1.1548073522862083
7.1064e6,0.0026998278743023043,2.573480541705225e-12,0.004423461864173109,4.2164514052090886e-12,0.0,0.0,0.0,0.0,0.0,-0.0,-0.0,0.24514269350499254,161293.78319124447,0.00015374550966437315,161293.78319124447,0.00015374550966437315,4678.0,-0.0006957210955862506,-6.631625367627343e-13,0.0111752043002107,1.0652223828752342e-11,1.214705372717462e9,1.1578592362674287
7.128e6,0.0027071176928092485,2.5815866342314348e-12,0.004437595347551947,4.231820754523409e-12,0.0,0.0,0.0,0.0,0.0,-0.0,-0.0,0.2504159482295381,161293.78319124447,0.00015381447063686268,161293.78319124447,0.00015381447063686268,4678.0,-0.0006946588371820082,-6.624469908284056e-13,0.01121954182964028,1.0699283339817745e-11,1.2177494460765636e9,1.1612814995759058
7.1496e6,0.0027144899720005127,2.5877017075736864e-12,0.00445220650598549,4.244253062949665e-12,0.0,0.0,0.0,0.0,0.0,-0.0,-0.0,0.25222189600905054,161293.78319124447,0.0001537600810797633,161293.78319124447,0.0001537600810797633,4678.0,-0.0006958826949568389,-6.633794401840032e-13,0.011259672984800951,1.0733756731478257e-11,1.2196888145100684e9,1.1627196492054799
7.1712e6,0.0027031381321779876,2.5765453890653724e-12,0.004452971865635867,4.244431311690906e-12,0.0,0.0,0.0,0.0,0.0,-0.0,-0.0,0.2847573302515022,161293.78319124447,0.00015374010984465182,161293.78319124447,0.00015374010984465182,4678.0,-0.000702057465136498,-6.691788714470555e-13,0.011276882020587107,1.0748765676198438e-11,1.221173049980092e9,1.1639833546508267
7.1928e6,0.0027215567579166942,2.596781964500079e-12,0.004478227459085951,4.272914854652968e-12,0.0,0.0,0.0,0.0,0.0,-0.0,-0.0,0.2837746650930438,161293.78319124447,0.00015389897196104347,161293.78319124447,0.00015389897196104347,4678.0,-0.000705071757394113,-6.727464411511831e-13,0.011337984370697851,1.0818173547903343e-11,1.2238813860290155e9,1.1677702846661664
7.2144e6,0.0027281522412064734,2.6032984806375913e-12,0.00449823518109657,4.2923736570216574e-12,0.0,0.0,0.0,0.0,0.0,-0.0,-0.0,0.29374816868669895,161293.78319124447,0.0001539121806972051,161293.78319124447,0.0001539121806972051,4678.0,-0.0007123785490337852,-6.79776577834356e-13,0.0113856177551564,1.0864555487567381e-11,1.2519171753677793e9,1.1946232440011353
7.236e6,0.0027346576842242286,2.6105407797092e-12,0.004511575809796702,4.306810574561894e-12,0.0,0.0,0.0,0.0,0.0,-0.0,-0.0,0.2969370298726253,161293.78319124447,0.00015397320145894822,161293.78319124447,0.00015397320145894822,4678.0,-0.0007127394776927575,-6.803906326408846e-13,0.011427493682579705,1.0908838221448673e-11,1.2520603535399966e9,1.1952335498622042
7.2576e6,0.0027458578769927948,2.620206685007896e-12,0.004528510876499744,4.3212850057376555e-12,0.0,0.0,0.0,0.0,0.0,-0.0,-0.0,0.29857086003625566,161293.78319124447,0.00015391293646660283,161293.78319124447,0.00015391293646660283,4678.0,-0.0007162268476985678,-6.834521152919978e-13,0.011477110190183996,1.0951914553504498e-11,1.2542830766125884e9,1.196886747041642
7.2792e6,0.002738870404333187,2.6116914903510393e-12,0.004524150490979619,4.314072443758297e-12,0.0,0.0,0.0,0.0,0.0,-0.0,-0.0,0.29928339967055945,161293.78319124447,0.00015380413777177503,161293.78319124447,0.00015380413777177503,4678.0,-0.0007165346323878714,-6.832624862383082e-13,0.011489962575918295,1.0956428400738299e-11,1.2541689602668633e9,1.1959318687766975
7.3008e6,0.002728917007847531,2.599590123710154e-12,0.004517855936807378,4.303748937727289e-12,0.0,0.0,0.0,0.0,0.0,-0.0,-0.0,0.30289370824988615,161293.78319124447,0.00015364986351509917,161293.78319124447,0.00015364986351509917,4678.0,-0.0007196725927712056,-6.855663836946679e-13,0.011493500459960594,1.0948808702005432e-11,1.2530399764386535e9,1.1936568015797728
7.3224e6,0.002738516316682583,2.608970101971163e-12,0.004532994198643162,4.318559748804128e-12,0.0,0.0,0.0,0.0,0.0,-0.0,-0.0,0.33230903832530573,161293.78319124447,0.00015366373952795814,161293.78319124447,0.00015366373952795814,4678.0,-0.0007222984180853351,-6.881299066965285e-13,0.011539309878656671,1.0993439873772806e-11,1.2548990891929855e9,1.1955357668496327
7.344e6,0.002730684586364495,2.601083801143534e-12,0.00453614896211404,4.320859188148635e-12,0.0,0.0,0.0,0.0,0.0,-0.0,-0.0,0.3608942980463916,161293.78319124447,0.00015363863288306661,161293.78319124447,0.00015363863288306661,4678.0,-0.0007286546976373561,-6.940720799889119e-13,0.01155475260344436,1.1006353488468565e-11,1.2568501382005324e9,1.197198882383864
7.3656e6,0.0027127883981841825,2.5868896774440286e-12,0.004531999197263994,4.321672102930778e-12,0.0,0.0,0.0,0.0,0.0,-0.0,-0.0,0.3728995903514239,161293.78319124447,0.00015380824507086997,161293.78319124447,0.00015380824507086997,4678.0,-0.0007353660267531418,-7.012381743537581e-13,0.01156030772792272,1.1023801469166164e-11,1.256156393302136e9,1.1978590034017067
7.3872e6,0.002714542685348225,2.591515738800962e-12,0.004547888226829155,4.34177144524196e-12,0.0,0.0,0.0,0.0,0.0,-0.0,-0.0,0.38451477918175575,161293.78319124447,0.00015398371886616292,161293.78319124447,0.00015398371886616292,4678.0,-0.0007405384082103157,-7.069761512398019e-13,0.011600304791963454,1.1074562432016083e-11,1.2585363800937421e9,1.2014977161606617
7.4088e6,0.002724875687473619,2.602790879364465e-12,0.004566383215141003,4.361791856666876e-12,0.0,0.0,0.0,0.0,0.0,-0.0,-0.0,0.3975408551430986,161293.78319124447,0.00015406720743932104,161293.78319124447,0.00015406720743932104,4678.0,-0.0007428200971834586,-7.095389279025412e-13,0.011651876718226855,1.112982826669726e-11,1.261776601317946e9,1.2052442042780853
7.4304e6,0.002734782456430526,2.615526733696862e-12,0.004586128181801589,4.386140782590383e-12,0.0,0.0,0.0,0.0,0.0,-0.0,-0.0,0.3977993517433041,161293.78319124447,0.00015426024140378366,161293.78319124447,0.00015426024140378366,4678.0,-0.000744328911817431,-7.118709434983686e-13,0.011702193134546587,1.1191895324003086e-11,1.2644005659986176e9,1.2092638208551563
7.452e6,0.002736459256095223,2.617848324378293e-12,0.004597446648282766,4.39817182653745e-12,0.0,0.0,0.0,0.0,0.0,-0.0,-0.0,0.4034935385282035,161293.78319124447,0.000154302556896956,161293.78319124447,0.000154302556896956,4678.0,-0.0007468705395668831,-7.144976802331897e-13,0.011743196627141602,1.1234191609004432e-11,1.2732962283603158e9,1.2181056196709774
7.4736e6,0.0027459779263941542,2.6272134596409557e-12,0.004619087601940933,4.4193105131821784e-12,0.0,0.0,0.0,0.0,0.0,-0.0,-0.0,0.4058076183273932,161293.78319124447,0.0001543177729446987,161293.78319124447,0.0001543177729446987,4678.0,-0.000752710321329601,-7.20155347353635e-13,0.011792930267112136,1.1282882075839754e-11,1.2759090768080294e9,1.2207255810937523
7.4952e6,0.002748211499821107,2.6278837706016384e-12,0.004631956760176993,4.4291511031774695e-12,0.0,0.0,0.0,0.0,0.0,-0.0,-0.0,0.4164735056009537,161293.78319124447,0.00015423169402165797,161293.78319124447,0.00015423169402165797,4678.0,-0.0007590158357239644,-7.257830761782646e-13,0.011819496780203028,1.1301991774430645e-11,1.279971497898654e9,1.2239292086433282
7.5168e6,0.0027567426750280547,2.6361851755666792e-12,0.004646869562015961,4.443653288043592e-12,0.0,0.0,0.0,0.0,0.0,-0.0,-0.0,0.4306588815830977,161293.78319124447,0.00015424010518337464,161293.78319124447,0.00015424010518337464,4678.0,-0.0007620282643202976,-7.287033468742353e-13,0.011855976702641916,1.1337492725921714e-11,1.2798441222807932e9,1.2238741514597258
7.5384e6,0.002756897259289173,2.63540460245064e-12,0.004655201341046993,4.450053043577277e-12,0.0,0.0,0.0,0.0,0.0,-0.0,-0.0,0.4577594042803752,161293.78319124447,0.0001541857888017491,161293.78319124447,0.0001541857888017491,4678.0,-0.0007646218617780235,-7.309260317461892e-13,0.011888889746943748,1.1364962786172996e-11,1.2866205755236197e9,1.2299209826981001
7.56e6,0.0027604901797631783,2.6413857586226606e-12,0.0046701320794536125,4.468634033182423e-12,0.0,0.0,0.0,0.0,0.0,-0.0,-0.0,0.46437384463947645,161293.78319124447,0.0001543345834007908,161293.78319124447,0.0001543345834007908,4678.0,-0.000768259845759289,-7.351124196661037e-13,0.011925842941492718,1.1411289174711675e-11,1.2881747872045708e9,1.2325950523145257
7.5816e6,0.0027697277213381386,2.649921407172899e-12,0.004678907522927191,4.476518435969902e-12,0.0,0.0,0.0,0.0,0.0,-0.0,-0.0,0.4779385340995465,161293.78319124447,0.00015431691917929235,161293.78319124447,0.00015431691917929235,4678.0,-0.0007682280107205434,-7.349978250622739e-13,0.011958786027793562,1.14415012185891e-11,1.2869586367627532e9,1.2312904317020859
7.6032e6,0.0027711384715500796,2.6515204943032745e-12,0.004690213931405158,4.487757825696501e-12,0.0,0.0,0.0,0.0,0.0,-0.0,-0.0,0.49445211646655474,161293.78319124447,0.00015433143313696183,161293.78319124447,0.00015433143313696183,4678.0,-0.000773709495192354,-7.403118264212993e-13,0.01199970797880064,1.148173285387894e-11,1.28913429806198e9,1.2334879856467806
7.6248e6,0.0027773222283458254,2.6573915199694e-12,0.0047075636831485305,4.504281024231635e-12,0.0,0.0,0.0,0.0,0.0,-0.0,-0.0,0.5099442910484028,161293.78319124447,0.00015432877298198226,161293.78319124447,0.00015432877298198226,4678.0,-0.0007798202435372263,-7.461459391086043e-13,0.012047355326530224,1.1527124780853203e-11,1.3154200128791442e9,1.2586173659457043
7.6464e6,0.0027826121128667115,2.66179518111717e-12,0.004717611645080739,4.512779875137293e-12,0.0,0.0,0.0,0.0,0.0,-0.0,-0.0,0.5401040600611755,161293.78319124447,0.00015429064398066801,161293.78319124447,0.00015429064398066801,4678.0,-0.000778975161812185,-7.451532041903975e-13,0.012092685504085557,1.1567638857281948e-11,1.3263898374025767e9,1.268799938430399
7.668e6,0.002794261823928071,2.6751421690168935e-12,0.00473513501619519,4.533275747225868e-12,0.0,0.0,0.0,0.0,0.0,-0.0,-0.0,0.5438899064966917,161293.78319124447,0.00015441781343474898,161293.78319124447,0.00015441781343474898,4678.0,-0.0007806015611357319,-7.473244402198043e-13,0.012139787099074673,1.1622266787429688e-11,1.324723681423132e9,1.2682505812889586
7.6896e6,0.0028048432186306106,2.6844997292774987e-12,0.004749827760814445,4.54603353703542e-12,0.0,0.0,0.0,0.0,0.0,-0.0,-0.0,0.55457052723727,161293.78319124447,0.00015437337617837927,161293.78319124447,0.00015437337617837927,4678.0,-0.0007796145549975545,-7.461647224808247e-13,0.012184481508814505,1.1661698983577641e-11,1.3226802752787907e9,1.2659298806156276
7.7112e6,0.0028032948130358947,2.6826712748956313e-12,0.004759889386257246,4.55507514543723e-12,0.0,0.0,0.0,0.0,0.0,-0.0,-0.0,0.5688935832566184,161293.78319124447,0.00015435344044952397,161293.78319124447,0.00015435344044952397,4678.0,-0.0007865765021945902,-7.527307431714955e-13,0.012210058646507429,1.1684669569342615e-11,1.3354378864571342e9,1.277975060185015
7.7328e6,0.002792930311737675,2.6721970669857457e-12,0.004754455609907682,4.548929231250554e-12,0.0,0.0,0.0,0.0,0.0,-0.0,-0.0,0.5951705382263013,161293.78319124447,0.00015432134935673274,161293.78319124447,0.00015432134935673274,4678.0,-0.0007862380135083021,-7.522503890698287e-13,0.01220816833208973,1.1680431650291214e-11,1.334266957346337e9,1.2765890487896134
7.7544e6,0.0028082772405892647,2.689046323117421e-12,0.004774085793871452,4.571392619185769e-12,0.0,0.0,0.0,0.0,0.0,-0.0,-0.0,0.6045295592610047,161293.78319124447,0.00015444573931778366,161293.78319124447,0.00015444573931778366,4678.0,-0.0007877726983017785,-7.543262635195481e-13,0.012254844916805433,1.173454144327827e-11,1.3348075654679704e9,1.2781356926276273
7.776e6,0.002802008028612336,2.681991287097159e-12,0.004774813904186749,4.570297143253107e-12,0.0,0.0,0.0,0.0,0.0,-0.0,-0.0,0.6368346641572619,161293.78319124447,0.00015438518261351686,161293.78319124447,0.00015438518261351686,4678.0,-0.0007902940497035906,-7.564438552302968e-13,0.012262128695064415,1.1736912237797444e-11,1.3343766895269449e9,1.2772221273003177
