time,untagged,untagged_relative,overclaimed,overclaimed_relative,orphaned,orphaned_relative,orphaned_volume_fraction,nonpositive_mass,nonpositive_mass_fraction,exchange_volume_fraction,bound_partition,bound_evap,bound_fcg,fix_gross,fix_gross_relative,fix_events,increment_left,increment_left_relative,increment_left_net_abs,increment_left_net_abs_relative,increment_moved_net_abs,increment_moved_net_abs_relative
0.0,3.568647193497274e-16,6.782330168462964e-18,3.614943430337272e-16,6.870317673750229e-18,0.0,0.0,0.0,0.0,0.0,0.0,0.0,0.0,0.0,0.0,0.0,0.0,0.0,0.0,0.0,0.0,0.0,0.0
21600.0,2.538461256506228e-12,4.4972164878821175e-14,1.8701676258251754e-12,3.31324681848407e-14,0.0,0.0,0.0,0.0,0.0,0.9069588363046002,0.0,0.025420393275557847,0.0,0.0,0.0,0.0,1.4089088960559484e-13,2.4960665840483582e-15,4.735685851401308e-12,8.389887550091815e-14,0.1857256896051639,0.0032903737702311875
43200.0,4.146266075128942e-12,7.142367221921954e-14,3.099698707813231e-12,5.3395479323720355e-14,0.0,0.0,0.0,0.0,0.0,0.9069588363046002,0.0,0.0,0.0,0.0,0.0,0.0,4.120144763702212e-13,7.097370592388938e-15,7.81729018182215e-12,1.3466081565246026e-13,0.2462555245861332,0.0042420031786466975
64800.0,5.9946202927994816e-12,9.94917517502582e-14,4.9089861123035776e-12,8.147365534017646e-14,0.0,0.0,0.0,0.0,0.0,0.9069588363046002,0.0,0.0,0.0,0.0,0.0,0.0,4.361649157172423e-13,7.238959166243844e-15,1.1604577045528746e-11,1.925993044075378e-13,0.31494570706229585,0.0052271033979398715
86400.0,7.216517461249321e-12,1.179516010437717e-13,5.319681567804134e-12,8.694844311468106e-14,0.0,0.0,0.0,0.0,0.0,0.9069588363046002,0.0,0.0,0.0,0.0,0.0,0.0,1.1551262578529052e-12,1.8880158227714376e-14,1.3009974050381905e-11,2.1264374083767668e-13,0.32422817094623674,0.005299402665060783
108000.0,8.16461394499792e-12,1.3135160650140003e-13,5.664721430090955e-12,9.113355086203586e-14,0.0,0.0,0.0,0.0,0.0,0.9069588363046002,0.0,0.0,0.0,0.0,0.0,0.0,1.8089140656364998e-12,2.9101653813025913e-14,1.4004056096909137e-11,2.2529604929963528e-13,0.3398788619616383,0.005467941881303507
129600.0,1.0203252084874921e-11,1.7038182503822292e-13,4.971616418781113e-12,8.301991088484453e-14,0.0,0.0,0.0,0.0,0.0,0.9069588363046002,0.0,0.0,0.0,0.0,0.0,0.0,4.4323775338420174e-12,7.40152813232859e-14,1.4928291047199394e-11,2.492841941143491e-13,0.32936472965229285,0.005499987971929686
151200.0,1.2023227896317738e-11,1.9833414697778824e-13,5.6320696333680685e-12,9.29061426836686e-14,0.0,0.0,0.0,0.0,0.0,0.9069588363046002,0.0,0.0,0.0,0.0,0.0,0.0,5.436140541722863e-12,8.967411301620418e-14,1.7508470454109534e-11,2.8881824268382434e-13,0.3555389544625923,0.005864940418563404
172800.0,1.3004255569578544e-11,2.1552389151021778e-13,6.416088247315687e-12,1.0633598362749383e-13,0.0,0.0,0.0,0.0,0.0,0.9069588363046002,0.0,0.0,0.0,0.0,0.0,0.0,5.369953372763983e-12,8.899803929061211e-14,1.909074811069226e-11,3.1639737489341587e-13,0.3645142770051971,0.006041217436158069
194400.0,1.4298287238208576e-11,2.30134609561117e-13,7.603180596560884e-12,1.2237514667745795e-13,0.0,0.0,0.0,0.0,0.0,1.0,0.0,0.0,0.0,0.0,0.0,0.0,5.5195760657505326e-12,8.88389960050581e-14,2.1548995018126126e-11,3.4683661562475663e-13,0.4017729687516425,0.006466639238354998
216000.0,1.544487652932741e-11,2.451091677767512e-13,7.750180696626373e-12,1.2299485444654814e-13,0.0,0.0,0.0,0.0,0.0,1.0,0.0,0.0,0.0,0.0,0.0,0.0,6.324699312859435e-12,1.0037255928006283e-13,2.2503958312223995e-11,3.571363282262596e-13,0.40982442846826017,0.006503886541643491
237600.0,1.5618800499559273e-11,2.5128468372053615e-13,7.344900777986578e-12,1.1816919417129103e-13,0.0,0.0,0.0,0.0,0.0,1.0,0.0,0.0,0.0,0.0,0.0,0.0,6.921165420082801e-12,1.1135188413553871e-13,2.2343962424827148e-11,3.5948314540189356e-13,0.4005910985322856,0.006444951230332187
259200.0,1.674697967748848e-11,2.707069728802485e-13,7.506929906387439e-12,1.2134595668698592e-13,0.0,0.0,0.0,0.0,0.0,1.0,0.0,0.0,0.0,0.0,0.0,0.0,7.779778788226143e-12,1.2575642927838716e-13,2.3867935354080737e-11,3.858138394524903e-13,0.4145803132855747,0.006701493868541789
280800.0,1.8081193232155988e-11,2.9162500064020885e-13,8.989565419555617e-12,1.449894366800321e-13,0.0,0.0,0.0,0.0,0.0,1.0,0.0,0.0,0.0,0.0,0.0,0.0,7.496519624537249e-12,1.2090864315398589e-13,2.6626337672381698e-11,4.294465327070036e-13,0.4435452908167113,0.007153780951156926
302400.0,1.836001553812748e-11,2.92931936884322e-13,9.709665423887605e-12,1.5491659542507185e-13,0.0,0.0,0.0,0.0,0.0,1.0,0.0,0.0,0.0,0.0,0.0,0.0,6.819032007094493e-12,1.0879687162389516e-13,2.752769751605485e-11,4.392012487461163e-13,0.472279377008565,0.00753516315769685
324000.0,1.9143700655519996e-11,3.042245652161783e-13,1.1227394046098327e-11,1.7842156715922562e-13,0.0,0.0,0.0,0.0,0.0,1.0,0.0,0.0,0.0,0.0,0.0,0.0,6.15777346207979e-12,9.785704383445709e-14,2.9868643479137973e-11,4.74661364568384e-13,0.5076308845632425,0.008067081068885507
345600.0,1.9323509048596067e-11,3.208932289713757e-13,1.114192951323224e-11,1.8502693943843124e-13,0.0,0.0,0.0,0.0,0.0,1.0,0.0,0.0,0.0,0.0,0.0,0.0,6.274370369230453e-12,1.0419447950583102e-13,3.0017476185582843e-11,4.984811420399281e-13,0.5127893430062757,0.008515566590186653
367200.0,2.071031959770109e-11,3.343577817731251e-13,1.2365064922018447e-11,1.9962780677057704e-13,0.0,0.0,0.0,0.0,0.0,1.0,0.0,0.0,0.0,0.0,0.0,0.0,6.221738612056623e-12,1.0044686714203932e-13,3.261491225787193e-11,5.265514935113633e-13,0.5458404717110589,0.00881232220788928
388800.0,2.2788336928964966e-11,3.7237166136817217e-13,1.2129965261799554e-11,1.9820908085369743e-13,0.0,0.0,0.0,0.0,0.0,1.0,0.0,0.0,0.0,0.0,0.0,0.0,8.531197341932364e-12,1.394035965668591e-13,3.466759589299251e-11,5.664840887052996e-13,0.5835823776824689,0.009535998181885719
410400.0,2.2989107698309467e-11,3.6581756102042703e-13,1.3271664333742855e-11,2.1118731274675008e-13,0.0,0.0,0.0,0.0,0.0,1.0,0.0,0.0,0.0,0.0,0.0,0.0,7.565818335107745e-12,1.2039219820072746e-13,3.6139150701617805e-11,5.75069556439881e-13,0.5900571469324996,0.009389371226852435
432000.0,2.364851739896687e-11,3.6746308894940895e-13,1.4167754488173223e-11,2.2014601337876782e-13,0.0,0.0,0.0,0.0,0.0,1.0,0.0,0.0,0.0,0.0,0.0,0.0,7.310894272715316e-12,1.1360051656142623e-13,3.773261734647926e-11,5.863092341209117e-13,0.6019381908820725,0.009353231885386962
453600.0,2.3174406570169983e-11,3.556141933219842e-13,1.4148718044883856e-11,2.1711386390139906e-13,0.0,0.0,0.0,0.0,0.0,1.0,0.0,0.0,0.0,0.0,0.0,0.0,6.747915315900274e-12,1.0354761207813473e-13,3.724711692991597e-11,5.71561709703125e-13,0.587150196811356,0.009009893865704416
475200.0,2.235674815270513e-11,3.4764471273491164e-13,1.550907758149351e-11,2.411642687825058e-13,0.0,0.0,0.0,0.0,0.0,1.0,0.0,0.0,0.0,0.0,0.0,0.0,4.5229240722276725e-12,7.033091883808477e-14,3.7747842892446637e-11,5.869743626878646e-13,0.5922354094916095,0.009209188536627196
496800.0,2.2144450004357986e-11,3.475486755925907e-13,1.546719473666623e-11,2.4275170730377724e-13,0.0,0.0,0.0,0.0,0.0,1.0,0.0,0.0,0.0,0.0,0.0,0.0,4.436790491125727e-12,6.963373029219889e-14,3.763889505742993e-11,5.907280661928337e-13,0.5613583612201545,0.008810304836493869
518400.0,2.456506353064048e-11,3.9041997990461003e-13,1.5215655624374944e-11,2.418270140312984e-13,0.0,0.0,0.0,0.0,0.0,1.0,0.0,0.0,0.0,0.0,0.0,0.0,6.91153552548604e-12,1.09847123236807e-13,3.993957266838614e-11,6.347717008401106e-13,0.544327757341083,0.008651165579830526
540000.0,2.6576818333783322e-11,4.065488838719617e-13,1.734346058372217e-11,2.6530506602540614e-13,0.0,0.0,0.0,0.0,0.0,1.0,0.0,0.0,0.0,0.0,0.0,0.0,6.569078028978321e-12,1.0048800075342892e-13,4.388964393050645e-11,6.713853227044709e-13,0.5825180113679493,0.00891085021474961
561600.0,2.5880005447824367e-11,3.9596435692243503e-13,1.827263462859017e-11,2.7957150297263827e-13,0.0,0.0,0.0,0.0,0.0,1.0,0.0,0.0,0.0,0.0,0.0,0.0,4.932334344931296e-12,7.546476761585628e-14,4.4201039391278995e-11,6.762763699241159e-13,0.6165346751495981,0.009432987047014542
583200.0,2.6329373039486757e-11,4.0966789412906875e-13,1.9272181755008494e-11,2.9986259463931744e-13,0.0,0.0,0.0,0.0,0.0,1.0,0.0,0.0,0.0,0.0,0.0,0.0,4.603203646494964e-12,7.162285031545142e-14,4.575952980617418e-11,7.119884770487172e-13,0.6277139501033844,0.009766820184765993
604800.0,2.7517496560975653e-11,4.296098874939441e-13,1.894420008688436e-11,2.9576148578613993e-13,0.0,0.0,0.0,0.0,0.0,1.0,0.0,0.0,0.0,0.0,0.0,0.0,6.054532057552385e-12,9.452483551001249e-14,4.650900872180296e-11,7.261100209517098e-13,0.6185702695283902,0.00965727035925423
626400.0,2.8369529120289497e-11,4.4805678790535417e-13,1.9726327626917073e-11,3.115495839289037e-13,0.0,0.0,0.0,0.0,0.0,1.0,0.0,0.0,0.0,0.0,0.0,0.0,5.866624277922953e-12,9.265507434643324e-14,4.834751065722147e-11,7.635808911894085e-13,0.6530145215111788,0.010313445377371312
648000.0,3.0988911679305236e-11,4.941747326523724e-13,1.9060452370844135e-11,3.0395368679195747e-13,0.0,0.0,0.0,0.0,0.0,1.0,0.0,0.0,0.0,0.0,0.0,0.0,8.833878196042677e-12,1.408723042935493e-13,5.0329694274981196e-11,8.025987963115225e-13,0.6900428223015975,0.011003991710276984
669600.0,2.987192061699447e-11,4.707810549856537e-13,2.147344525179355e-11,3.3842119960859673e-13,0.0,0.0,0.0,0.0,0.0,1.0,0.0,0.0,0.0,0.0,0.0,0.0,5.3602988601097144e-12,8.447823575713391e-14,5.1834524774796425e-11,8.169113921746192e-13,0.7169850245010696,0.011299674050803961
691200.0,2.762974710106529e-11,4.359148028857021e-13,2.3498059283212638e-11,3.7072912188339376e-13,0.0,0.0,0.0,0.0,0.0,1.0,0.0,0.0,0.0,0.0,0.0,0.0,9.325884316106646e-13,1.4713457233322807e-14,5.154235633686248e-11,8.131842836151675e-13,0.709081021447587,0.011187178534920416
712800.0,2.805151914548927e-11,4.45608796741017e-13,2.4438645579907914e-11,3.8821695874514094e-13,0.0,0.0,0.0,0.0,0.0,1.0,0.0,0.0,0.0,0.0,0.0,0.0,3.917462061055682e-13,6.22303393356973e-15,5.3099916232513284e-11,8.435118845684297e-13,0.7326278922086419,0.011638066081654496
734400.0,2.7265174842692113e-11,4.28100336827983e-13,2.75320053487299e-11,4.322899387714811e-13,0.0,0.0,0.0,0.0,0.0,1.0,0.0,0.0,0.0,0.0,0.0,0.0,-3.402178975773825e-12,-5.341883827560473e-14,5.5462058613229475e-11,8.708297713286368e-13,0.7572970376408128,0.011890593724901815
756000.0,2.5802853655892794e-11,4.1406887937034796e-13,2.81802751515767e-11,4.5222032833940387e-13,0.0,0.0,0.0,0.0,0.0,1.0,0.0,0.0,0.0,0.0,0.0,0.0,-5.563806368680124e-12,-8.928466203143573e-14,5.4539288642178866e-11,8.752141306109177e-13,0.6957103172779846,0.011164346210826768
777600.0,2.578341909714687e-11,4.099595884256602e-13,2.9563884743933814e-11,4.700694650395661e-13,0.0,0.0,0.0,0.0,0.0,1.0,0.0,0.0,0.0,0.0,0.0,0.0,-6.9647306181636704e-12,-1.1074008792084244e-13,5.71187087170961e-11,9.081946125468319e-13,0.7037236731764513,0.01118929441955727
799200.0,2.610299356676982e-11,4.072066329112388e-13,3.2608351273404126e-11,5.086901965042686e-13,0.0,0.0,0.0,0.0,0.0,1.0,0.0,0.0,0.0,0.0,0.0,0.0,-9.751760957328782e-12,-1.5212744600467414e-13,6.075210965174386e-11,9.477327552589338e-13,0.7395966070899914,0.0115377051798799
820800.0,2.652585515736782e-11,4.070862142133235e-13,3.4152889135688536e-11,5.241365550785286e-13,0.0,0.0,0.0,0.0,0.0,1.0,0.0,0.0,0.0,0.0,0.0,0.0,-1.0927108531909946e-11,-1.6769582801999784e-13,6.246113455400113e-11,9.585767037559467e-13,0.7506085051966686,0.011519416543747527
842400.0,2.7169253531548352e-11,4.340140581434693e-13,3.319991105628747e-11,5.303505343203438e-13,0.0,0.0,0.0,0.0,0.0,1.0,0.0,0.0,0.0,0.0,0.0,0.0,-9.426506816191304e-12,-1.5058332289702426e-13,6.260960573972285e-11,1.0001544221414305e-12,0.7576265591524471,0.012102672497542393
864000.0,2.824230565304498e-11,4.3340409673068565e-13,3.5145247993746753e-11,5.393360814173996e-13,0.0,0.0,0.0,0.0,0.0,1.0,0.0,0.0,0.0,0.0,0.0,0.0,-1.061863289352656e-11,-1.629526659144218e-13,6.530893183443075e-11,1.0022254895855369e-12,0.7913968908302013,0.012144711513266836
885600.0,2.735526612292046e-11,4.2592263887869756e-13,3.7118207510807243e-11,5.779320450552534e-13,0.0,0.0,0.0,0.0,0.0,1.0,0.0,0.0,0.0,0.0,0.0,0.0,-1.3519085552046383e-11,-2.1049272807950782e-13,6.705810737159372e-11,1.044097539449234e-12,0.8042988443704395,0.01252296668224742
907200.0,2.7290280843952378e-11,4.241992239796578e-13,3.910103005275361e-11,6.077851195459212e-13,0.0,0.0,0.0,0.0,0.0,1.0,0.0,0.0,0.0,0.0,0.0,0.0,-1.563845167019894e-11,-2.430835761886947e-13,6.970367844486194e-11,1.08347167527924e-12,0.8220703192527131,0.012778233887651192
928800.0,2.8553589626893973e-11,4.3301517977536674e-13,3.884513572224853e-11,5.890864738185174e-13,0.0,0.0,0.0,0.0,0.0,1.0,0.0,0.0,0.0,0.0,0.0,0.0,-1.4270748993462555e-11,-2.1641590502908393e-13,7.045021061334861e-11,1.0683774268864145e-12,0.8320218192603809,0.012617610687544653
950400.0,2.9485719130724274e-11,4.743629685694974e-13,3.761538416427615e-11,6.051521150608547e-13,0.0,0.0,0.0,0.0,0.0,1.0,0.0,0.0,0.0,0.0,0.0,0.0,-1.2282799516923883e-11,-1.9760431195048432e-13,7.06773222791557e-11,1.137048896730091e-12,0.8457276404861863,0.01360597217804569
972000.0,3.524532582898816e-11,5.832703384469452e-13,3.363469523674923e-11,5.566162210979845e-13,0.0,0.0,0.0,0.0,0.0,1.0,0.0,0.0,0.0,0.0,0.0,0.0,-2.663195220715778e-12,-4.4072873244927896e-14,7.128144515084356e-11,1.179627416124627e-12,0.8613468168223108,0.014254317063369057
993600.0,3.5724759921277294e-11,5.688652358031838e-13,3.532027349048323e-11,5.624243732378399e-13,0.0,0.0,0.0,0.0,0.0,1.0,0.0,0.0,0.0,0.0,0.0,0.0,-3.927655168566244e-12,-6.254223929127934e-14,7.433002365725348e-11,1.1835983370697465e-12,0.9212290013290629,0.014669242122958736
1.0152e6,2.667197904681997e-11,4.3584705325389434e-13,4.2298364992680626e-11,6.911979687429892e-13,0.0,0.0,0.0,0.0,0.0,1.0,0.0,0.0,0.0,0.0,0.0,0.0,-1.9847196892583252e-11,-3.243232257267995e-13,7.42826603005931e-11,1.2138536305476604e-12,0.9094849320208257,0.014861901582340836
1.0368e6,2.7099452192752892e-11,4.3802460042257465e-13,4.422051415175301e-11,7.147625311401085e-13,0.0,0.0,0.0,0.0,0.0,1.0,0.0,0.0,0.0,0.0,0.0,0.0,-2.1105167515204763e-11,-3.4113540384300885e-13,7.726166052382495e-11,1.2488262765689194e-12,0.9490748194342097,0.015340462072697207
1.0584e6,2.6968892181926855e-11,4.2571083446852905e-13,4.681026366395875e-11,7.389119386754123e-13,0.0,0.0,0.0,0.0,0.0,1.0,0.0,0.0,0.0,0.0,0.0,0.0,-2.3725159945938454e-11,-3.745076946561903e-13,8.072501461069308e-11,1.2742649234747701e-12,1.0101196870675646,0.015944996627736848
1.08e6,2.5659351316247726e-11,4.1987809880686935e-13,4.8024415192909306e-11,7.858499577400546e-13,0.0,0.0,0.0,0.0,0.0,1.0,0.0,0.0,0.0,0.0,0.0,0.0,-2.6346604267133545e-11,-4.3112399738243574e-13,8.114988715360189e-11,1.3279003010053098e-12,1.0029800851192527,0.0164123155761292
1.1016e6,2.5546027571999803e-11,4.0763451204832367e-13,5.042173606442168e-11,8.045728330684999e-13,0.0,0.0,0.0,0.0,0.0,1.0,0.0,0.0,0.0,0.0,0.0,0.0,-2.8807841385652975e-11,-4.596828345741459e-13,8.431244452759462e-11,1.3453622911719472e-12,1.0457901619667416,0.016687532383528166
1.1232e6,2.5853925909892277e-11,4.0637742887486044e-13,5.2024644262007376e-11,8.177342677861766e-13,0.0,0.0,0.0,0.0,0.0,1.0,0.0,0.0,0.0,0.0,0.0,0.0,-3.0363222801634766e-11,-4.772555029935214e-13,8.618034498486835e-11,1.3546007340068685e-12,1.077171915344161,0.01693121404228519
1.1448e6,2.6597901809812903e-11,4.153934906564791e-13,5.2231520921173135e-11,8.15727268747882e-13,0.0,0.0,0.0,0.0,0.0,1.0,0.0,0.0,0.0,0.0,0.0,0.0,-3.006073481227088e-11,-4.694743839065167e-13,8.683918817184451e-11,1.3562134997869995e-12,1.0777977120074345,0.016832536529146774
1.1664e6,2.568209040463002e-11,4.005825906991124e-13,5.43655553635689e-11,8.479798438996341e-13,0.0,0.0,0.0,0.0,0.0,1.0,0.0,0.0,0.0,0.0,0.0,0.0,-3.320042599492375e-11,-5.178516408836815e-13,8.864384218730112e-11,1.3826436786668536e-12,1.0923905429128078,0.01703882459880806
1.188e6,2.601396673517253e-11,4.1767937868557444e-13,5.2770444828683606e-11,8.472804948737386e-13,0.0,0.0,0.0,0.0,0.0,1.0,0.0,0.0,0.0,0.0,0.0,0.0,-3.103972529080275e-11,-4.983727897408423e-13,8.77058690664176e-11,1.4082024964385614e-12,1.095865073231551,0.01759517291500604
1.2096e6,2.6606688416774286e-11,4.2469523163809636e-13,5.510191987435566e-11,8.795353355583225e-13,0.0,0.0,0.0,0.0,0.0,1.0,0.0,0.0,0.0,0.0,0.0,0.0,-3.307519418948279e-11,-5.279453435821613e-13,9.112342061391996e-11,1.4545095435810067e-12,1.127381086568638,0.017995226020041617
1.2312e6,2.731116309742279e-11,4.222024185264261e-13,5.5681030706906634e-11,8.607713170853045e-13,0.0,0.0,0.0,0.0,0.0,1.0,0.0,0.0,0.0,0.0,0.0,0.0,-3.308358011921842e-11,-5.114380332328245e-13,9.183026373757524e-11,1.4196011830628495e-12,1.1392382318185073,0.01761144829444966
1.2528e6,2.6518771086721267e-11,4.3394061130184617e-13,5.4830160313572947e-11,8.972147769005761e-13,0.0,0.0,0.0,0.0,0.0,1.0,0.0,0.0,0.0,0.0,0.0,0.0,-3.318533221939238e-11,-5.430290605264404e-13,9.051831830050125e-11,1.4811988929985918e-12,1.1452151613097519,0.01873975854860546
1.2744e6,2.749967719849869e-11,4.314499403214398e-13,5.700929715688512e-11,8.944344211228827e-13,0.0,0.0,0.0,0.0,0.0,1.0,0.0,0.0,0.0,0.0,0.0,0.0,-3.449916232068792e-11,-5.412667725864461e-13,9.404279507622919e-11,1.4754630765453352e-12,1.1954216580344392,0.01875529662748452
1.296e6,2.7494042729202356e-11,4.4006479153951696e-13,5.6452793759795617e-11,9.035734454337386e-13,0.0,0.0,0.0,0.0,0.0,1.0,0.0,0.0,0.0,0.0,0.0,0.0,-3.391959817977508e-11,-5.429110971095064e-13,9.311178953830754e-11,1.4903308566377367e-12,1.1453751151643574,0.018332671781076268
1.3176e6,2.8078454242437016e-11,4.5446019617835063e-13,5.7099099964583996e-11,9.241701109134803e-13,0.0,0.0,0.0,0.0,0.0,1.0,0.0,0.0,0.0,0.0,0.0,0.0,-3.360843048178296e-11,-5.43964912673622e-13,9.568560345189325e-11,1.5487069815427648e-12,1.1759661440217932,0.01903344820540441
1.3392e6,2.9396880934053005e-11,4.899189801217192e-13,5.6935918833663015e-11,9.488757446702143e-13,0.0,0.0,0.0,0.0,0.0,1.0,0.0,0.0,0.0,0.0,0.0,0.0,-3.219460427795579e-11,-5.365449391948066e-13,9.694500500930162e-11,1.6156543304236784e-12,1.189928298013871,0.01983096300211989
1.3608e6,3.0538569383087633e-11,4.867773703211783e-13,6.108847371157763e-11,9.737354169159072e-13,0.0,0.0,0.0,0.0,0.0,1.0,0.0,0.0,0.0,0.0,0.0,0.0,-3.546435290848783e-11,-5.652931619808092e-13,1.0285383922383811e-10,1.6394651876700031e-12,1.265096644480359,0.020165332896810134
1.3824e6,3.04398891520362e-11,4.87077724622994e-13,6.181486012828048e-11,9.891179717767617e-13,0.0,0.0,0.0,0.0,0.0,1.0,0.0,0.0,0.0,0.0,0.0,0.0,-3.643193814915192e-11,-5.829582837395961e-13,1.0355248172364691e-10,1.6569740752043505e-12,1.2936015713879196,0.020699303693693303
1.404e6,3.149683414233128e-11,5.023359436420984e-13,6.257375142659952e-11,9.979747274936888e-13,0.0,0.0,0.0,0.0,0.0,1.0,0.0,0.0,0.0,0.0,0.0,0.0,-3.628616377988175e-11,-5.787198878829756e-13,1.061215801693961e-10,1.6925092812276684e-12,1.3398388548781874,0.02136878939807524
1.4256e6,3.285191543249581e-11,5.152800815861702e-13,6.273131946090157e-11,9.839365219431817e-13,0.0,0.0,0.0,0.0,0.0,1.0,0.0,0.0,0.0,0.0,0.0,0.0,-3.5347017003680705e-11,-5.544155817309865e-13,1.0787052621101008e-10,1.6919419405229369e-12,1.3684323931735978,0.021463769948164634
1.4472e6,3.284834456516859e-11,5.298799008943191e-13,6.56531766584057e-11,1.0590578977925639e-12,0.0,0.0,0.0,0.0,0.0,1.0,0.0,0.0,0.0,0.0,0.0,0.0,-3.8494301429348526e-11,-6.209553904889318e-13,1.1123788616710222e-10,1.7943893635485906e-12,1.3962997883828099,0.022523850236020097
1.4688e6,3.314805029405326e-11,5.167305428259591e-13,6.577435182675267e-11,1.0253277710743934e-12,0.0,0.0,0.0,0.0,0.0,1.0,0.0,0.0,0.0,0.0,0.0,0.0,-3.858843074456002e-11,-6.01538268119969e-13,1.1171867854828518e-10,1.741533903139114e-12,1.4101311150406655,0.021981920808822313
1.4904e6,3.282536970865082e-11,5.041679185725994e-13,6.544222031426182e-11,1.0051331727701955e-12,0.0,0.0,0.0,0.0,0.0,1.0,0.0,0.0,0.0,0.0,0.0,0.0,-3.8706611166435935e-11,-5.944984553102547e-13,1.1113830445395189e-10,1.7069835961503268e-12,1.4121644591079656,0.021689565794685662
1.512e6,3.1717792339507726e-11,4.869954356730893e-13,6.788405125044114e-11,1.0422926904904503e-12,0.0,0.0,0.0,0.0,0.0,1.0,0.0,0.0,0.0,0.0,0.0,0.0,-4.235586155538685e-11,-6.503325020443341e-13,1.1291192257279108e-10,1.7336512685824573e-12,1.4236132425293864,0.021858178017390286
1.5336e6,3.192936236829676e-11,4.949334496825985e-13,6.921126087688751e-11,1.0728359591888556e-12,0.0,0.0,0.0,0.0,0.0,1.0,0.0,0.0,0.0,0.0,0.0,0.0,-4.352402578768567e-11,-6.746610213726844e-13,1.1442517490251183e-10,1.7736917477959612e-12,1.4320420652128978,0.022197922753702037
1.5552e6,3.27186074961608e-11,5.128321590396376e-13,6.731265221074776e-11,1.0550599614599306e-12,0.0,0.0,0.0,0.0,0.0,1.0,0.0,0.0,0.0,0.0,0.0,0.0,-4.084293775276691e-11,-6.401730865756048e-13,1.1314127940262387e-10,1.7733788517547037e-12,1.4362056511862442,0.022511118329506995
1.5768e6,3.28557976362928e-11,5.204746134771676e-13,6.833513222117839e-11,1.0825091487184494e-12,0.0,0.0,0.0,0.0,0.0,1.0,0.0,0.0,0.0,0.0,0.0,0.0,-4.1970006165396284e-11,-6.648544338622155e-13,1.1538789445235034e-10,1.8278804377189233e-12,1.4679531503358734,0.023254110491589385
1.5984e6,3.370083934728096e-11,5.329201394096643e-13,6.937190187402448e-11,1.0969959304827063e-12,0.0,0.0,0.0,0.0,0.0,1.0,0.0,0.0,0.0,0.0,0.0,0.0,-4.223830597320825e-11,-6.679253200702941e-13,1.1761853258827282e-10,1.8599324526663375e-12,1.4945449129347335,0.02363362749359664
1.62e6,3.355322480124898e-11,5.601347480922846e-13,6.902839647878363e-11,1.15235431771132e-12,0.0,0.0,0.0,0.0,0.0,1.0,0.0,0.0,0.0,0.0,0.0,0.0,-4.214958620809089e-11,-7.036416914532813e-13,1.1775740532402124e-10,1.965832344219754e-12,1.4881105130315602,0.02484239331056446
1.6416e6,3.488095707422858e-11,5.727461491576368e-13,6.98568734182722e-11,1.1470515317960995e-12,0.0,0.0,0.0,0.0,0.0,1.0,0.0,0.0,0.0,0.0,0.0,0.0,-4.159076628424738e-11,-6.829213768167449e-13,1.2037968051108574e-10,1.976637232253347e-12,1.5147840998997253,0.024872791138629384
1.6632e6,3.4710792125628243e-11,5.699481952954391e-13,7.320025193435131e-11,1.2019417861210764e-12,0.0,0.0,0.0,0.0,0.0,1.0,0.0,0.0,0.0,0.0,0.0,0.0,-4.529471802480496e-11,-7.437353403292907e-13,1.2368948102010705e-10,2.0309705474105063e-12,1.540160268915449,0.025289297995765937
1.6848e6,3.4902614653491774e-11,5.571900007854511e-13,7.346652099343757e-11,1.172829350936394e-12,0.0,0.0,0.0,0.0,0.0,1.0,0.0,0.0,0.0,0.0,0.0,0.0,-4.545957783854516e-11,-7.257227707160097e-13,1.2456179648372228e-10,1.9885211514851062e-12,1.564296922560538,0.024972644948334437
1.7064e6,3.4698243736229914e-11,5.926615560321645e-13,7.340197543546123e-11,1.2537386418780708e-12,0.0,0.0,0.0,0.0,0.0,1.0,0.0,0.0,0.0,0.0,0.0,0.0,-4.5593085349563494e-11,-7.78750334252956e-13,1.2500795479653663e-10,2.135191901045875e-12,1.5464151946918168,0.026413464684982808
1.728e6,3.6427885077147553e-11,6.064275543300047e-13,7.54514570703871e-11,1.2560664031120046e-12,0.0,0.0,0.0,0.0,0.0,1.0,0.0,0.0,0.0,0.0,0.0,0.0,-4.586014978631545e-11,-7.634497148880504e-13,1.2879052725202516e-10,2.144020282728781e-12,1.609921409732552,0.026800916416091683
1.7496e6,3.6483812515384487e-11,5.875690209361455e-13,7.756356544607158e-11,1.2491553121058089e-12,0.0,0.0,0.0,0.0,0.0,1.0,0.0,0.0,0.0,0.0,0.0,0.0,-4.7944083330350937e-11,-7.72135809277508e-13,1.3150525695844546e-10,2.117882144209778e-12,1.6496363525976214,0.026567267776297632
1.7712e6,3.518423815363508e-11,5.588230004573057e-13,7.917895550588659e-11,1.257580775109199e-12,0.0,0.0,0.0,0.0,0.0,1.0,0.0,0.0,0.0,0.0,0.0,0.0,-5.115245262202122e-11,-8.124424047543226e-13,1.320664237603218e-10,2.097580026122696e-12,1.6397802291750523,0.026044244691525265
1.7928e6,3.3419231087412817e-11,5.219957165636706e-13,8.025715545118699e-11,1.2535863335552138e-12,0.0,0.0,0.0,0.0,0.0,1.0,0.0,0.0,0.0,0.0,0.0,0.0,-5.414514307805028e-11,-8.45726602312961e-13,1.3174209407529503e-10,2.0577615510828897e-12,1.6561563822772254,0.02586853465440468
1.8144e6,3.093829584576384e-11,4.900879948691167e-13,8.432217177458793e-11,1.3357323976095926e-12,0.0,0.0,0.0,0.0,0.0,1.0,0.0,0.0,0.0,0.0,0.0,0.0,-6.07263379189992e-11,-9.619550260568642e-13,1.337320861212796e-10,2.1184259877654494e-12,1.6672180530297074,0.026410102117204994
1.836e6,3.015991500905005e-11,4.749667513166684e-13,8.710116457692783e-11,1.371693426940626e-12,0.0,0.0,0.0,0.0,0.0,1.0,0.0,0.0,0.0,0.0,0.0,0.0,-6.441533595520695e-11,-1.0144306721168072e-12,1.360836953546628e-10,2.1430839798579127e-12,1.6951012877797065,0.026694927739943485
1.8576e6,3.132326371651964e-11,4.881397452058948e-13,8.641926915229634e-11,1.3467523820844286e-12,0.0,0.0,0.0,0.0,0.0,1.0,0.0,0.0,0.0,0.0,0.0,0.0,-6.289652315624254e-11,-9.801754078274017e-13,1.3661247769363254e-10,2.1289601446654524e-12,1.6988177356702454,0.026474267309634893
1.8792e6,3.026573120224542e-11,4.666708609793168e-13,9.077248484548481e-11,1.3996315956487322e-12,0.0,0.0,0.0,0.0,0.0,1.0,0.0,0.0,0.0,0.0,0.0,0.0,-6.839887937643618e-11,-1.0546503474614144e-12,1.4036871633524292e-10,2.1643617089240983e-12,1.7311890778766983,0.026693407540432073
1.9008e6,2.986358697639635e-11,4.774731577082939e-13,9.105981483119964e-11,1.4559074019524226e-12,0.0,0.0,0.0,0.0,0.0,1.0,0.0,0.0,0.0,0.0,0.0,0.0,-6.913857657478768e-11,-1.1054202732817226e-12,1.407618325743492e-10,2.250566776764033e-12,1.6952654707961947,0.027104706415028657
1.9224e6,3.044161091527964e-11,4.698645872101429e-13,9.172675180252312e-11,1.4157973601254748e-12,0.0,0.0,0.0,0.0,0.0,1.0,0.0,0.0,0.0,0.0,0.0,0.0,-6.937525509987762e-11,-1.0708032400394708e-12,1.4229669007091376e-10,2.1963415710033997e-12,1.7590575219190212,0.027150955930539174
1.944e6,3.0154231250755564e-11,4.609707342691718e-13,9.106870265007919e-11,1.3921763211421945e-12,0.0,0.0,0.0,0.0,0.0,1.0,0.0,0.0,0.0,0.0,0.0,0.0,-6.918262032807791e-11,-1.057601602445107e-12,1.4162490842591293e-10,2.1650340705091424e-12,1.7920660389692624,0.027395491895413786
1.9656e6,3.06916375283286e-11,4.791907499251996e-13,9.183241727216518e-11,1.4337861529700242e-12,0.0,0.0,0.0,0.0,0.0,1.0,0.0,0.0,0.0,0.0,0.0,0.0,-6.949345792809783e-11,-1.0850063698531495e-12,1.4371608534089835e-10,2.2438496038946746e-12,1.8121460305823842,0.02829316665059792
1.9872e6,3.154420300174873e-11,4.987735172549878e-13,8.959233922691716e-11,1.4166243525897354e-12,0.0,0.0,0.0,0.0,0.0,1.0,0.0,0.0,0.0,0.0,0.0,0.0,-6.642665428138716e-11,-1.050331054285056e-12,1.4253384791309632e-10,2.2537297470334373e-12,1.7798429269250053,0.02814268335689392
2.0088e6,3.2190435459765415e-11,4.989176493857498e-13,9.363204134231692e-11,1.4511974537308276e-12,0.0,0.0,0.0,0.0,0.0,1.0,0.0,0.0,0.0,0.0,0.0,0.0,-6.993630923002271e-11,-1.083938707550871e-12,1.4738672253372415e-10,2.2843380683403548e-12,1.8390678553789979,0.028503603581672962
2.0304e6,3.443525545692535e-11,5.362624861785467e-13,9.249480335753187e-11,1.4404276242164586e-12,0.0,0.0,0.0,0.0,0.0,1.0,0.0,0.0,0.0,0.0,0.0,0.0,-6.672048455745175e-11,-1.0390424712420906e-12,1.4902146525883082e-10,2.3207210282971407e-12,1.8557890944326443,0.028900324983746815
2.052e6,3.40235526729676e-11,5.199035604403049e-13,9.394500843848119e-11,1.4355451014251987e-12,0.0,0.0,0.0,0.0,0.0,1.0,0.0,0.0,0.0,0.0,0.0,0.0,-6.859964481648906e-11,-1.0482503084802692e-12,1.503791977789602e-10,2.29789878478963e-12,1.8725121754293221,0.02861328904512113
2.0736e6,3.526189466019057e-11,5.556689036952767e-13,9.264291409271644e-11,1.4598984826289884e-12,0.0,0.0,0.0,0.0,0.0,1.0,0.0,0.0,0.0,0.0,0.0,0.0,-6.624594525800138e-11,-1.04392608878527e-12,1.5083832096926254e-10,2.3769614553029637e-12,1.8378339467626836,0.02896121108105156
2.0952e6,3.653241625696874e-11,5.622012453357575e-13,9.253661892458671e-11,1.4240558859459291e-12,0.0,0.0,0.0,0.0,0.0,1.0,0.0,0.0,0.0,0.0,0.0,0.0,-6.507058931281797e-11,-1.0013782304755042e-12,1.5267547389214547e-10,2.3495391312371187e-12,1.8720636754437385,0.0288093873199953
2.1168e6,3.764185939107366e-11,6.006649496778496e-13,9.076186420207346e-11,1.448320340055637e-12,0.0,0.0,0.0,0.0,0.0,0.9788461796943786,0.0,0.0,0.0,0.0,0.0,0.0,-6.2190932571636e-11,-9.92403510024768e-13,1.5280805852071843e-10,2.4384142087168878e-12,1.8944214695982853,0.030229977878689356
2.1384e6,3.803273517205602e-11,5.862830720884997e-13,9.174766430773135e-11,1.4143106522299925e-12,0.0,0.0,0.0,0.0,0.0,1.0,0.0,0.0,0.0,0.0,0.0,0.0,-6.305874890132248e-11,-9.720646401231748e-13,1.542213413913075e-10,2.377356280148314e-12,1.957926527946146,0.03018187291907519
2.16e6,3.663580618891055e-11,5.614564985843662e-13,9.426665960213462e-11,1.4446694133205515e-12,0.0,0.0,0.0,0.0,0.0,1.0,0.0,0.0,0.0,0.0,0.0,0.0,-6.715269537080188e-11,-1.0291384613996999e-12,1.5591900784374572e-10,2.389513137920142e-12,1.9817903042730682,0.030371627129701526
2.1816e6,3.540916158368592e-11,5.544020067726496e-13,9.425388139482632e-11,1.4757350542713292e-12,0.0,0.0,0.0,0.0,0.0,1.0,0.0,0.0,0.0,0.0,0.0,0.0,-6.826532606194159e-11,-1.068831682791571e-12,1.553600302609075e-10,2.4324753452674314e-12,1.989924729571669,0.0311562944181469
2.2032e6,3.608337006159026e-11,5.663847341324089e-13,9.56200336071031e-11,1.5009054647570317e-12,0.0,0.0,0.0,0.0,0.0,1.0,0.0,0.0,0.0,0.0,0.0,0.0,-6.921625441789668e-11,-1.0864569963727448e-12,1.5798507893769127e-10,2.479822055929893e-12,2.0433903377511116,0.03207419626272264
2.2248e6,3.664865947424709e-11,5.872158847633724e-13,9.655462030232813e-11,1.547079964238935e-12,0.0,0.0,0.0,0.0,0.0,1.0,0.0,0.0,0.0,0.0,0.0,0.0,-6.985728554879028e-11,-1.119312638693538e-12,1.5982612839190527e-10,2.5608696945083863e-12,2.0657465301993883,0.03309914179208382
2.2464e6,3.791182101058127e-11,6.059677327032907e-13,9.918396888308093e-11,1.5853178017436728e-12,0.0,0.0,0.0,0.0,0.0,1.0,0.0,0.0,0.0,0.0,0.0,0.0,-7.14681504981072e-11,-1.1423189908432093e-12,1.642518948533564e-10,2.625338104669999e-12,2.090485841697971,0.03341350882059958
2.268e6,3.8205831479578944e-11,5.990213776890376e-13,9.968616495992092e-11,1.5629588876437822e-12,0.0,0.0,0.0,0.0,0.0,1.0,0.0,0.0,0.0,0.0,0.0,0.0,-7.167243335293296e-11,-1.123737348638716e-12,1.6521960761779758e-10,2.590444263184141e-12,2.056583116464458,0.03224474390552201
2.2896e6,3.9463438397117844e-11,6.250690341420097e-13,1.0131400692654052e-10,1.6047321527678808e-12,0.0,0.0,0.0,0.0,0.0,1.0,0.0,0.0,0.0,0.0,0.0,0.0,-7.193705827463934e-11,-1.1394249807191226e-12,1.6850940507608012e-10,2.669053061591377e-12,2.060823079966074,0.032641775386354425
2.3112e6,4.0193843405546964e-11,6.180461485463414e-13,1.0262700587522566e-10,1.5780582383737043e-12,0.0,0.0,0.0,0.0,0.0,1.0,0.0,0.0,0.0,0.0,0.0,0.0,-7.250202915558307e-11,-1.114837400078508e-12,1.7057058726203613e-10,2.6228020408230104e-12,2.099647066221027,0.03228551122845456
2.3328e6,3.946883204715772e-11,6.260663289921644e-13,1.0280642185663971e-10,1.6307459782874742e-12,0.0,0.0,0.0,0.0,0.0,1.0,0.0,0.0,0.0,0.0,0.0,0.0,-7.346582218406083e-11,-1.1653366774626484e-12,1.7035901369098456e-10,2.702285240789668e-12,2.1040121173900226,0.03337446471472828
2.3544e6,4.099978423784036e-11,6.4037312129421e-13,1.022408424569278e-10,1.5968934623676732e-12,0.0,0.0,0.0,0.0,0.0,1.0,0.0,0.0,0.0,0.0,0.0,0.0,-7.174687685515939e-11,-1.1206100795146488e-12,1.7177798585973122e-10,2.6829898503003207e-12,2.115454107895639,0.03304114826969016
2.376e6,4.175306715479213e-11,6.495014749771602e-13,1.0337638257138376e-10,1.6081001357096882e-12,0.0,0.0,0.0,0.0,0.0,1.0,0.0,0.0,0.0,0.0,0.0,0.0,-7.242496985766988e-11,-1.1266268073993222e-12,1.7376523490070693e-10,2.7030535493201124e-12,2.131291650702248,0.033153901379404146
2.3976e6,4.142999391413652e-11,6.279526854228798e-13,1.0537416319476965e-10,1.597151785478931e-12,0.0,0.0,0.0,0.0,0.0,1.0,0.0,0.0,0.0,0.0,0.0,0.0,-7.519077640397282e-11,-1.139663453964331e-12,1.7606232758211343e-10,2.6685693373772524e-12,2.142474782401942,0.03247340069246398
2.4192e6,3.9690666598976943e-11,6.348961396204842e-13,1.0728908967635814e-10,1.7162077308288773e-12,0.0,0.0,0.0,0.0,0.0,1.0,0.02115382030562132,0.02115382030562132,0.0,6.073561524781098e-6,9.715333846094725e-8,4.0,-7.874255481370566e-11,-1.2595743120213737e-12,1.7679055827738296e-10,2.827960641370378e-12,2.168817671430745,0.034692638978443366
2.4408e6,4.135151210446397e-11,6.631992576913982e-13,1.0466368653151805e-10,1.6786055861656074e-12,0.0,0.0,0.0,0.0,0.0,1.0,0.0,0.0,0.0,0.0002513594035681231,4.031324645130355e-6,150.0,-7.477422793857966e-11,-1.1992357700979954e-12,1.7632141279834916e-10,2.8278586231031747e-12,2.1961354511317905,0.035221817216767225
2.4624e6,4.15162177965983e-11,6.674579122552113e-13,1.0982127037034199e-10,1.765601004449148e-12,0.0,0.0,0.0,0.0,0.0,1.0,0.0,0.0,0.0,0.0002513594035681231,4.041115295070091e-6,150.0,-7.960778317779747e-11,-1.2798575491496704e-12,1.8212960826753738e-10,2.9281050766640524e-12,2.2590496533918762,0.03631883262394259
2.484e6,4.237340784207767e-11,6.958079803686723e-13,1.0687487711379407e-10,1.7549778548340809e-12,0.0,0.0,0.0,0.0,0.0,1.0,0.0,0.0,0.0,0.0002513594035681231,4.127538658095197e-6,150.0,-7.579175867117374e-11,-1.2445661846723304e-12,1.8035302131639507e-10,2.961552490260973e-12,2.2533230695964885,0.0370015123640146
2.5056e6,4.354703896093637e-11,6.947559125610557e-13,1.0818754389665098e-10,1.726040106999753e-12,0.0,0.0,0.0,0.0,0.0,1.0,0.0,0.0,0.0,0.0002513594035681231,4.010225171989949e-6,150.0,-7.59360076459454e-11,-1.2114943184914931e-12,1.8307272577424734e-10,2.920769395467347e-12,2.295971843150056,0.03663027501211088
2.5272e6,4.3464999374475974e-11,6.726571531173492e-13,1.0820902661455934e-10,1.674625027761812e-12,0.0,0.0,0.0,0.0,0.0,1.0,0.0,0.0,0.0,0.0002513594035681231,3.889996623644194e-6,150.0,-7.637630688141263e-11,-1.1819871135817178e-12,1.8346406306505815e-10,2.839259545305623e-12,2.2956229224536595,0.03552668128083287
2.5488e6,4.365596026336124e-11,7.052693155396058e-13,1.0868110352081828e-10,1.7557613446094659e-12,0.0,0.0,0.0,0.0,0.0,1.0,0.0,0.0,0.0,0.0002513594035681231,4.060753066465352e-6,150.0,-7.676638595957945e-11,-1.2401737621976038e-12,1.8470757789661753e-10,2.983981711827222e-12,2.3183836806351636,0.037453874837155225
2.5704e6,4.3986306882734684e-11,7.031296248467942e-13,1.0903671179790714e-10,1.7429729316757768e-12,0.0,0.0,0.0,0.0,0.0,1.0,0.0,0.0,0.0,0.0002513594035681231,4.018028692514326e-6,150.0,-7.704220403786165e-11,-1.2315345356664773e-12,1.8586482348212172e-10,2.971085159652187e-12,2.3450352770225917,0.03748584255962161
2.592e6,4.482870066807488e-11,7.214886249733682e-13,1.079361403225409e-10,1.7371616019578646e-12,0.0,0.0,0.0,0.0,0.0,1.0,0.0,0.0,0.0,0.0002513594035681231,4.045465243288727e-6,150.0,-7.524410677153409e-11,-1.211004698394145e-12,1.857478725232474e-10,2.9894905527334655e-12,2.3087946712591294,0.03715854057529889
2.6136e6,4.4979026615146294e-11,7.029188705393775e-13,1.1120528730587301e-10,1.737883205429989e-12,0.0,0.0,0.0,0.0,0.0,1.0,0.0,0.0,0.0,0.0002513594035681231,3.928170112868993e-6,150.0,-7.863115230704317e-11,-1.2288242971950936e-12,1.8945749468195895e-10,2.9607854637791958e-12,2.370991668529149,0.03705315368340065
2.6352e6,4.5066920251255896e-11,7.020765423002042e-13,1.13236307661677e-10,1.7640556510789494e-12,0.0,0.0,0.0,0.0,0.0,1.0,0.0,0.0,0.0,0.0002513594035681231,3.9158109750539615e-6,150.0,-8.083585035323508e-11,-1.2593040303949873e-12,1.9224828195049692e-10,2.994946366480374e-12,2.397490409668714,0.0373493854834956
2.6568e6,4.5477931781566735e-11,7.437922899204634e-13,1.1334811076268569e-10,1.853810135150167e-12,0.0,0.0,0.0,0.0,0.0,1.0,0.0,0.0,0.0,0.0002513594035681231,4.1109870007051435e-6,150.0,-8.074732202659221e-11,-1.3206237223709347e-12,1.9323781497972902e-10,3.160407504750603e-12,2.3887023007828287,0.03906726371751314
2.6784e6,4.639682459237283e-11,7.291665849287457e-13,1.1460869839179852e-10,1.8011757042358935e-12,0.0,0.0,0.0,0.0,0.0,1.0,0.0,0.0,0.0,0.0002513594035681231,3.950332366487523e-6,150.0,-8.125650813979575e-11,-1.2770169308800006e-12,1.958782816941497e-10,3.078398122705006e-12,2.431901829444529,0.03821945935820665
2.7e6,4.632557224754707e-11,7.332542752973393e-13,1.1495600592547933e-10,1.8195562132624758e-12,0.0,0.0,0.0,0.0,0.0,1.0,0.0,0.0,0.0,0.0002513594035681231,3.9785878157668035e-6,150.0,-8.197664094876227e-11,-1.2975494858215738e-12,1.961743982665436e-10,3.105103925412225e-12,2.396955044650405,0.03793968317959629
2.7216e6,4.773862700191781e-11,7.290000182748153e-13,1.1741992866329246e-10,1.7930790120530473e-12,0.0,0.0,0.0,0.0,0.0,1.0,0.0,0.0,0.0,0.0002513594035681231,3.8384222861572255e-6,150.0,-8.336216173541786e-11,-1.27299466375743e-12,2.0011658547261798e-10,3.0559109808661127e-12,2.4483792692367476,0.037388350778198215
2.7432e6,4.783678988461556e-11,7.450715380997382e-13,1.1451225308273622e-10,1.7835607435493876e-12,0.0,0.0,0.0,0.0,0.0,1.0,0.0,0.0,0.0,0.0002513594035681231,3.9149938339103366e-6,150.0,-8.070951657666747e-11,-1.2570735578225603e-12,1.9777340760066267e-10,3.0803767843051284e-12,2.4383921363402963,0.037978647478133794
2.7648e6,4.891878379090371e-11,7.744381495473879e-13,1.1369378483417886e-10,1.799897657275624e-12,0.0,0.0,0.0,0.0,0.0,1.0,0.0,0.0,0.0,0.0002513594035681231,3.979295810024394e-6,150.0,-7.90626417900274e-11,-1.2516485746643228e-12,1.9843975987291275e-10,3.1415196479431434e-12,2.484773650043126,0.0393366996981909
2.7864e6,4.939788126158098e-11,7.75836307786489e-13,1.1600743625688257e-10,1.8219967885812053e-12,0.0,0.0,0.0,0.0,0.0,1.0,0.0,0.0,0.0,0.0002513594035681231,3.947816112983329e-6,150.0,-8.104396463257196e-11,-1.2728653270766021e-12,2.0135871082707293e-10,3.1625121312687596e-12,2.500554061202673,0.039273357089767244
2.808e6,5.000506663525729e-11,7.633776625472895e-13,1.1656237974552488e-10,1.779442024147809e-12,0.0,0.0,0.0,0.0,0.0,1.0,0.0,0.0,0.0,0.0002513594035681231,3.837254239749846e-6,150.0,-8.138260838008383e-11,-1.2423874126664324e-12,2.0270434258038504e-10,3.0944857719296817e-12,2.505856270674099,0.0382544176281112
2.8296e6,5.056796731076586e-11,7.945758304845712e-13,1.186462346147829e-10,1.8642914757389845e-12,0.0,0.0,0.0,0.0,0.0,1.0,0.0,0.0,0.0,0.0002513594035681231,3.9496170690991344e-6,150.0,-8.287747606478747e-11,-1.3022560105678556e-12,2.0601264434775877e-10,3.2370822217742786e-12,2.526491718738361,0.039698832331778004
2.8512e6,5.264074159728825e-11,8.420255476256855e-13,1.1621330896881026e-10,1.8589133085255843e-12,0.0,0.0,0.0,0.0,0.0,1.0,0.0,0.0,0.0,0.0002513594035681231,4.0206697895612016e-6,150.0,-7.837910477280404e-11,-1.2537287016893223e-12,2.0571183596298026e-10,3.290504960111289e-12,2.5059208850301116,0.04008396047431102
2.8728e6,5.351568905737043e-11,8.419943548881898e-13,1.1746498289800474e-10,1.848146856356998e-12,0.0,0.0,0.0,0.0,0.0,1.0,0.0,0.0,0.0,0.0002513594035681231,3.954787887072407e-6,150.0,-7.875681706733948e-11,-1.2391281238773244e-12,2.0753395786032577e-10,3.2652559285683237e-12,2.5523593490846386,0.040157796740157646
2.8944e6,5.2767614486020995e-11,8.21648319639825e-13,1.178539548025838e-10,1.835112405016981e-12,0.0,0.0,0.0,0.0,0.0,1.0,0.0,0.0,0.0,0.0002513594035681231,3.913935348017862e-6,150.0,-8.019719597437417e-11,-1.2487563054347785e-12,2.0804415328100662e-10,3.239470471031315e-12,2.503490388828551,0.03898202886849018
2.916e6,5.4134285081249257e-11,8.93758134360853e-13,1.1671765925581487e-10,1.9270108994119832e-12,0.0,0.0,0.0,0.0,0.0,1.0,0.0,0.0,0.0,0.0002513594035681231,4.149948803238505e-6,150.0,-7.798950074960268e-11,-1.2876082243458471e-12,2.0890267919100495e-10,3.448987430729134e-12,2.5370909620724693,0.04188742275920611
2.9376e6,5.514004630842515e-11,8.898085562658171e-13,1.195712140598183e-10,1.9295502357469213e-12,0.0,0.0,0.0,0.0,0.0,1.0,0.0,0.0,0.0,0.0002513594035681231,4.056248823980657e-6,150.0,-8.013166333794597e-11,-1.2931044574589268e-12,2.129457773241413e-10,3.4363586425705357e-12,2.622913580781204,0.04232660475963945
2.9592e6,5.4161223653175066e-11,8.96371663376695e-13,1.2517970662004567e-10,2.071732030327552e-12,0.0,0.0,0.0,0.0,0.0,1.0,0.0,0.0,0.0,0.0002513594035681231,4.160013963578981e-6,150.0,-8.6563240046274e-11,-1.4326270758656702e-12,2.1854883173346055e-10,3.616996932794949e-12,2.646101715497137,0.04379315008413863
2.9808e6,5.52505554051442e-11,8.729230558722403e-13,1.2672725689286287e-10,2.0022087296325086e-12,0.0,0.0,0.0,0.0,0.0,1.0,0.0,0.0,0.0,0.0002513594035681231,3.9713160723173556e-6,150.0,-8.706971618294065e-11,-1.3756452250480839e-12,2.2131346682379593e-10,3.4966096964795466e-12,2.7190816331988827,0.042959731916053415
3.0024e6,5.498140181088467e-11,8.57200883607891e-13,1.258469416848647e-10,1.9620472752344505e-12,0.0,0.0,0.0,0.0,0.0,1.0,0.0,0.0,0.0,0.0002513594035681231,3.918879761976019e-6,150.0,-8.671131217068671e-11,-1.3518937488566798e-12,2.2073717062418182e-10,3.4414564102055202e-12,2.7262358343645516,0.042504041169756916
3.024e6,5.4592645379952746e-11,8.606612802604325e-13,1.2494174039579427e-10,1.9697253631621683e-12,0.0,0.0,0.0,0.0,0.0,1.0,0.0,0.0,0.0,0.0002513594035681231,3.962718871283735e-6,150.0,-8.62879583941846e-11,-1.3603426656783514e-12,2.197653422624234e-10,3.4646337343071096e-12,2.7235515439149585,0.042937200465868956
3.0456e6,5.500309756161999e-11,8.503572631499874e-13,1.2707351416200568e-10,1.964578187630197e-12,0.0,0.0,0.0,0.0,0.0,1.0,0.0,0.0,0.0,0.0002513594035681231,3.886059221405547e-6,150.0,-8.833843190493266e-11,-1.365727213844347e-12,2.2281405174840083e-10,3.444743216940914e-12,2.7561629200685043,0.04261074851064991
3.0672e6,5.4731183553371486e-11,8.562418667519633e-13,1.2676016736397292e-10,1.9830991271672118e-12,0.0,0.0,0.0,0.0,0.0,1.0,0.0,0.0,0.0,0.0002513594035681231,3.932391572109019e-6,150.0,-8.84532573589543e-11,-1.3838067676257548e-12,2.2275480822254246e-10,3.4848870504408465e-12,2.691655191700249,0.042109593039342606
3.0888e6,5.795679593369728e-11,9.441209423010546e-13,1.223159384094282e-10,1.9925366330060364e-12,0.0,0.0,0.0,0.0,0.0,0.9788461796943786,0.0,0.0,0.0,0.0002513594035681231,4.094665226567302e-6,150.0,-8.11663977250549e-11,-1.322207252295778e-12,2.2148176322024246e-10,3.6079560235388388e-12,2.7122934168528157,0.04418348142374041
3.1104e6,5.924689895728677e-11,9.367983749852778e-13,1.2306471132422636e-10,1.945870984229605e-12,0.0,0.0,0.0,0.0,0.0,1.0,0.0,0.0,0.0,0.0002513594035681231,3.974437226995583e-6,150.0,-8.070770796878733e-11,-1.2761317639334005e-12,2.2360534897208088e-10,3.5355964825446485e-12,2.803263831232351,0.04432456462652527
3.132e6,5.7702199814948584e-11,9.273070475763607e-13,1.2584948967980654e-10,2.0224726108923836e-12,0.0,0.0,0.0,0.0,0.0,1.0,0.0,0.0,0.0,0.0002513594035681231,4.039488046397263e-6,150.0,-8.517482844052572e-11,-1.3688077567632908e-12,2.2572702947943744e-10,3.627561270385611e-12,2.8151854019987286,0.04524162461534461
3.1536e6,5.924602855486875e-11,9.228857918273214e-13,1.2677609042161983e-10,1.9748134254294054e-12,0.0,0.0,0.0,0.0,0.0,1.0,0.0,0.0,0.0,0.0002513594035681231,3.91546957413987e-6,150.0,-8.475487777259788e-11,-1.3202416160595783e-12,2.282597871964583e-10,3.5556427930700137e-12,2.8463839918248866,0.04433862333417197
3.1752e6,5.880398500900413e-11,9.597198844815778e-13,1.2656483102882544e-10,2.065621658052862e-12,0.0,0.0,0.0,0.0,0.0,1.0,0.0,0.0,0.0,0.0002513594035681231,4.1023515280268715e-6,150.0,-8.501022520283952e-11,-1.3874230377232003e-12,2.2821557524710123e-10,3.7246289597466524e-12,2.7890782083369943,0.04551959897795024
3.1968e6,6.077314325950481e-11,9.741222454697327e-13,1.2537422050367884e-10,2.00960178543933e-12,0.0,0.0,0.0,0.0,0.0,1.0,0.0,0.0,0.0,0.0002513594035681231,4.0289965845302555e-6,150.0,-8.202482332111426e-11,-1.314761764693245e-12,2.2916930057386814e-10,3.673315245757515e-12,2.848103485519184,0.04565176019935761
3.2184e6,6.115030894359177e-11,9.552409522022375e-13,1.259947474725518e-10,1.9681886261471363e-12,0.0,0.0,0.0,0.0,0.0,1.0,0.0,0.0,0.0,0.0002513594035681231,3.9265344714920285e-6,150.0,-8.244571217198406e-11,-1.2879006167050742e-12,2.3027717339998657e-10,3.597204825113065e-12,2.892620706438597,0.04518619457061431
3.24e6,6.131585079041555e-11,1.0009734234412887e-12,1.2479576796302661e-10,2.037274953843772e-12,0.0,0.0,0.0,0.0,0.0,1.0,0.0,0.0,0.0,0.0002513594035681231,4.103410120879765e-6,150.0,-8.144396878810887e-11,-1.3295623758876708e-12,2.3015566864669098e-10,3.757261859696946e-12,2.910194365354434,0.047508550875783005
3.2616e6,6.280519833751613e-11,9.963638490899808e-13,1.251441494472565e-10,1.985330987480989e-12,0.0,0.0,0.0,0.0,0.0,1.0,0.0,0.0,0.0,0.0002513594035681231,3.987654357816041e-6,150.0,-8.052331569346842e-11,-1.2774503208264985e-12,2.321108370892044e-10,3.682288300641381e-12,2.9527783279412976,0.04684391830954009
3.2832e6,6.206215746751527e-11,9.835264851909341e-13,1.2833995002417436e-10,2.033860005961374e-12,0.0,0.0,0.0,0.0,0.0,1.0,0.0,0.0,0.0,0.0002513594035681231,3.983403748740856e-6,150.0,-8.482646713227409e-11,-1.344282578533279e-12,2.355709020049678e-10,3.733196374674468e-12,2.982245961156842,0.047260972029319274
3.3048e6,6.034771989309919e-11,9.70879729907185e-13,1.2993523037658834e-10,2.0904100701222264e-12,0.0,0.0,0.0,0.0,0.0,1.0,0.0,0.0,0.0,0.0002513594035681231,4.043893460732998e-6,150.0,-8.822539083905557e-11,-1.4193782926763563e-12,2.3647363210752675e-10,3.804409785115678e-12,2.9462618901931807,0.047399735288320054
3.3264e6,6.158782729521644e-11,1.0337843181481616e-12,1.3570755228782468e-10,2.2779231801268855e-12,0.0,0.0,0.0,0.0,0.0,1.0,0.0,0.0,0.0,0.0002513594035681231,4.219200790802755e-6,150.0,-9.289027451870814e-11,-1.5592124827786681e-12,2.437924852371023e-10,4.092186056708949e-12,2.992562338920394,0.0502317446957083
3.348e6,6.308066563913746e-11,1.0133523451223848e-12,1.361557730142147e-10,2.1872592891648534e-12,0.0,0.0,0.0,0.0,0.0,1.0,0.0,0.0,0.0,0.0002513594035681231,4.037935213484604e-6,150.0,-9.200772684868731e-11,-1.478047906229608e-12,2.4549318138191704e-10,3.943697938890713e-12,3.081566621530989,0.049503484640495796
3.3696e6,6.252837949650506e-11,1.0259402803427648e-12,1.3647471235200133e-10,2.239221706648201e-12,0.0,0.0,0.0,0.0,0.0,1.0,0.0,0.0,0.0,0.0002513594035681231,4.124203106493175e-6,150.0,-9.283091932804879e-11,-1.5231320588632592e-12,2.4594073868732746e-10,4.035295851713005e-12,3.0918869809776863,0.05073042707319309
3.3912e6,6.467550802202032e-11,1.043994454938441e-12,1.3525945351561928e-10,2.183363127201598e-12,0.0,0.0,0.0,0.0,0.0,1.0,0.0,0.0,0.0,0.0002513594035681231,4.057452837207059e-6,150.0,-8.964480832493739e-11,-1.447049828713978e-12,2.472503080825653e-10,3.991123665114985e-12,3.1310525158455467,0.05054156611419062
3.4128e6,6.41080737582739e-11,1.0073478846523446e-12,1.35289431912261e-10,2.1258402423149476e-12,0.0,0.0,0.0,0.0,0.0,1.0,0.0,0.0,0.0,0.0002513594035681231,3.9496797926976325e-6,150.0,-9.047595712099559e-11,-1.4216737249256122e-12,2.472956630188561e-10,3.885825114088579e-12,3.1281088006885964,0.0491528383026694
3.4344e6,6.271112534289429e-11,1.0068846280915208e-12,1.36008844888279e-10,2.1837467347890484e-12,0.0,0.0,0.0,0.0,0.0,1.0,0.0,0.0,0.0,0.0002513594035681231,4.035805739334789e-6,150.0,-9.282125424849199e-11,-1.490330360872263e-12,2.470425910360869e-10,3.966495355298561e-12,3.1338398045565232,0.050316672023600274
3.456e6,6.217822480561013e-11,9.825230538882272e-13,1.3688706576479264e-10,2.1630514269826447e-12,0.0,0.0,0.0,0.0,0.0,1.0,0.0,0.0,0.0,0.0002513594035681231,3.971911542817039e-6,150.0,-9.439345558494787e-11,-1.4915791909198695e-12,2.476952268617124e-10,3.914011239313297e-12,3.13606693653585,0.04955525947091833
3.4776e6,6.09776434827265e-11,9.444913238330316e-13,1.4050291584916502e-10,2.1762694885113213e-12,0.0,0.0,0.0,0.0,0.0,1.0,0.0,0.0,0.0,0.0002513594035681231,3.8933412686108385e-6,150.0,-9.915734860926083e-11,-1.5358621636840377e-12,2.5087987594699305e-10,3.885913797625937e-12,3.175736486746681,0.04918943053878275
3.4992e6,6.189601817084313e-11,9.734089012479732e-13,1.4049145653504225e-10,2.209441550230823e-12,0.0,0.0,0.0,0.0,0.0,1.0,0.0,0.0,0.0,0.0002513594035681231,3.953008417605284e-6,150.0,-9.816959227275697e-11,-1.5438659508989248e-12,2.520608382184853e-10,3.9640395429100135e-12,3.2130125707654313,0.050529503005703615
3.5208e6,6.18380076430435e-11,9.689015902845496e-13,1.4228339719617065e-10,2.2293507677388188e-12,0.0,0.0,0.0,0.0,0.0,1.0,0.0,0.0,0.0,0.0002513594035681231,3.938395416229549e-6,150.0,-1.0035646172381383e-10,-1.5724234829948037e-12,2.53996518718503e-10,3.9797147465306774e-12,3.226116412890554,0.05054802769416815
3.5424e6,6.155835690598508e-11,9.596124736428373e-13,1.4586831405774065e-10,2.273891973641183e-12,0.0,0.0,0.0,0.0,0.0,1.0,0.0,0.0,0.0,0.0002513594035681231,3.9183570055285725e-6,150.0,-1.0445684075008657e-10,-1.6283424766225484e-12,2.5747379014970296e-10,4.0136721167054264e-12,3.2604936401874323,0.050826736199854596
3.564e6,6.044352326589899e-11,9.64710030357504e-13,1.4787087036154227e-10,2.360095906519659e-12,0.0,0.0,0.0,0.0,0.0,1.0,0.0,0.0,0.0,0.0002513594035681231,4.011826656432774e-6,150.0,-1.0780380798385661e-10,-1.7206047770454045e-12,2.589101397825853e-10,4.132340328851089e-12,3.2752473232210666,0.05227464869500001
3.5856e6,6.147658167806195e-11,9.74892618604917e-13,1.4650126376579455e-10,2.3232098591540884e-12,0.0,0.0,0.0,0.0,0.0,1.0,0.0,0.0,0.0,0.0002513594035681231,3.986045099884656e-6,150.0,-1.0573598516098291e-10,-1.6767560693952188e-12,2.592313962459557e-10,4.11087877387648e-12,3.2546961625498327,0.05161281219713402
3.6072e6,6.046444960837524e-11,9.599736792499915e-13,1.5070250722722038e-10,2.3926528939258572e-12,0.0,0.0,0.0,0.0,0.0,1.0,0.0,0.0,0.0,0.0002513594035681231,3.990748498005861e-6,150.0,-1.1115060285810407e-10,-1.7647006442239904e-12,2.6291591447662934e-10,4.174227325118094e-12,3.3049140146309792,0.05247100547146474
3.6288e6,6.10318431642126e-11,9.43730274597218e-13,1.5084171394329608e-10,2.3324527777639564e-12,0.0,0.0,0.0,0.0,0.0,1.0,0.0,0.0,0.0,0.0002513594035681231,3.886749386114467e-6,150.0,-1.1123811017125945e-10,-1.7200655725756443e-12,2.639226399548112e-10,4.081013657195684e-12,3.317172957116502,0.05129316735991468
3.6504e6,6.029059274131395e-11,9.437784858158403e-13,1.5317571834248486e-10,2.397786137902107e-12,0.0,0.0,0.0,0.0,0.0,1.0,0.0,0.0,0.0,0.0002513594035681231,3.934736523705403e-6,150.0,-1.1434168181158913e-10,-1.789884862946968e-12,2.661502958311742e-10,4.166270586801818e-12,3.341512716331319,0.05230746072251699
3.672e6,6.204521571522943e-11,9.884386192038148e-13,1.5000668218201713e-10,2.3897474784819555e-12,0.0,0.0,0.0,0.0,0.0,1.0,0.0,0.0,0.0,0.0002513594035681231,4.004391618639911e-6,150.0,-1.0949295398873853e-10,-1.7443256986954189e-12,2.652034617756034e-10,4.224940481610828e-12,3.3283818568532726,0.05302425221423719
3.6936e6,6.262733144891962e-11,9.750711642016645e-13,1.5108143794370085e-10,2.3522502105199828e-12,0.0,0.0,0.0,0.0,0.0,1.0,0.0,0.0,0.0,0.0002513594035681231,3.913519873828727e-6,150.0,-1.1028462760829441e-10,-1.7170675765304664e-12,2.6713144828753516e-10,4.159081446557421e-12,3.3746045095784183,0.05254063157007753
3.7152e6,6.287519229292154e-11,9.856706555053554e-13,1.5281860848103364e-10,2.3956796393269148e-12,0.0,0.0,0.0,0.0,0.0,1.0,0.0,0.0,0.0,0.0002513594035681231,3.940466486816923e-6,150.0,-1.123722694290223e-10,-1.7616176496560528e-12,2.69418401287391e-10,4.2235705771677454e-12,3.4083075779815446,0.053430751335151724
3.7368e6,6.268725332477183e-11,9.663908889321923e-13,1.525812758733537e-10,2.352203151440199e-12,0.0,0.0,0.0,0.0,0.0,1.0,0.0,0.0,0.0,0.0002513594035681231,3.874973372930889e-6,150.0,-1.1261957915967652e-10,-1.736150962803176e-12,2.69551822270395e-10,4.155428916108561e-12,3.412366295673657,0.05260526698711155
3.7584e6,6.209891367321183e-11,9.712898865862485e-13,1.545346869285581e-10,2.4170789738827547e-12,0.0,0.0,0.0,0.0,0.0,1.0,0.0,0.0,0.0,0.0002513594035681231,3.93151557962579e-6,150.0,-1.1525275511100225e-10,-1.8026697862962498e-12,2.7153701894967474e-10,4.24711391454453e-12,3.4164067385662413,0.053436060590315186
3.78e6,6.207810881451051e-11,9.6229224056918e-13,1.559246924226368e-10,2.417037575673809e-12,0.0,0.0,0.0,0.0,0.0,1.0,0.0,0.0,0.0,0.0002513594035681231,3.896400973980108e-6,150.0,-1.1694163148532057e-10,-1.8127489178845697e-12,2.731229875538677e-10,4.233765117257012e-12,3.4345486979681037,0.05324001689206013
3.8016e6,6.218447220430073e-11,9.646324580074255e-13,1.5808594036866504e-10,2.4522975564258946e-12,0.0,0.0,0.0,0.0,0.0,1.0,0.0,0.0,0.0,0.0002513594035681231,3.899195903932261e-6,150.0,-1.1903356049702392e-10,-1.8465001306174703e-12,2.757420705256338e-10,4.277430391196646e-12,3.4373189546412504,0.05332117994469017
3.8232e6,6.397601197684097e-11,1.0024778341101324e-12,1.5698169699790499e-10,2.459838722963231e-12,0.0,0.0,0.0,0.0,0.0,1.0,0.0,0.0,0.0,0.0002513594035681231,3.938698626031944e-6,150.0,-1.1646634308390246e-10,-1.8249797659119936e-12,2.771975364414149e-10,4.343571556993066e-12,3.4183263653822116,0.05356377031269792
3.8448e6,6.475832949185667e-11,1.0074521098243534e-12,1.5835674469016499e-10,2.463572451526639e-12,0.0,0.0,0.0,0.0,0.0,1.0,0.0,0.0,0.0,0.0002513594035681231,3.910424549798502e-6,150.0,-1.1725740606350628e-10,-1.8241857388564244e-12,2.8017155292530677e-10,4.358658172966919e-12,3.462470131459795,0.05386601023396729
3.8664e6,6.589843965985282e-11,1.040593742379268e-12,1.5709311436453573e-10,2.4806370624613925e-12,0.0,0.0,0.0,0.0,0.0,1.0,0.0,0.0,0.0,0.0002513594035681231,3.96918385004684e-6,150.0,-1.149135938973837e-10,-1.8145857070540084e-12,2.810873076117144e-10,4.438613340054306e-12,3.4888982364477648,0.05509274106314579
3.888e6,6.50273850619312e-11,1.0041901285040064e-12,1.5711418753673936e-10,2.426247280619703e-12,0.0,0.0,0.0,0.0,0.0,1.0,0.0,0.0,0.0,0.0002513594035681231,3.881635891238277e-6,150.0,-1.162082369171642e-10,-1.7945541597887144e-12,2.8040002099069687e-10,4.3300977402521396e-12,3.464316415075091,0.05349795847887166
3.9096e6,6.361930653914082e-11,9.83975926950876e-13,1.5832711970330733e-10,2.4487861129966362e-12,0.0,0.0,0.0,0.0,0.0,1.0,0.0,0.0,0.0,0.0002513594035681231,3.887681516484248e-6,150.0,-1.1904688745094398e-10,-1.8412535093901257e-12,2.807495537259937e-10,4.342247933787526e-12,3.502042607396382,0.05416477808846068
3.9312e6,6.317072549477386e-11,9.684202148453912e-13,1.593731640010097e-10,2.4432233841483463e-12,0.0,0.0,0.0,0.0,0.0,1.0,0.0,0.0,0.0,0.0002513594035681231,3.853391356523039e-6,150.0,-1.2097985863386996e-10,-1.8546461161012004e-12,2.816688409445567e-10,4.318041265575566e-12,3.5217055049741424,0.053988469738746436
3.9528e6,6.231387344249372e-11,9.532557115431742e-13,1.6073251899461207e-10,2.4588295237935067e-12,0.0,0.0,0.0,0.0,0.0,1.0,0.0,0.0,0.0,0.0002513594035681231,3.84520771802964e-6,150.0,-1.2356202907805104e-10,-1.8902084470357116e-12,2.8249747835564497e-10,4.321547030575444e-12,3.5398725268704925,0.054151724454878085
3.9744e6,6.14689740231415e-11,9.36690841866217e-13,1.6213515137967375e-10,2.4706856402834666e-12,0.0,0.0,0.0,0.0,0.0,1.0,0.0,0.0,0.0,0.0002513594035681231,3.830323428703657e-6,150.0,-1.2615633272458425e-10,-1.922424823001887e-12,2.834312937624732e-10,4.319048778423612e-12,3.5446835869938655,0.05401542332560565
3.996e6,6.072037135155979e-11,9.248948251635954e-13,1.6319562841268232e-10,2.4858015332993113e-12,0.0,0.0,0.0,0.0,0.0,1.0,0.0,0.0,0.0,0.0002513594035681231,3.8287152473153125e-6,150.0,-1.2840852942356726e-10,-1.9559232219299303e-12,2.8409797921765333e-10,4.327390379358944e-12,3.556129636752843,0.054167091297920925
4.0176e6,6.099207560119996e-11,9.288048593518514e-13,1.629790677292827e-10,2.4818920915131815e-12,0.0,0.0,0.0,0.0,0.0,1.0,0.0,0.0,0.0,0.0002513594035681231,3.827773250485389e-6,150.0,-1.2844616449673177e-10,-1.9560151146475256e-12,2.8435758338918387e-10,4.3302790180865245e-12,3.5754038316003034,0.054447277293023545
4.0392e6,6.075404072678317e-11,9.261284956628735e-13,1.6367620655353716e-10,2.4950636556492843e-12,0.0,0.0,0.0,0.0,0.0,1.0,0.0,0.0,0.0,0.0002513594035681231,3.831697505424325e-6,150.0,-1.298824272927677e-10,-1.9799146783115134e-12,2.8530366224127235e-10,4.349140375812638e-12,3.5899106045393103,0.054724236741680615
4.0608e6,6.042386114814638e-11,9.245025999199404e-13,1.6429798927721884e-10,2.513806886256341e-12,0.0,0.0,0.0,0.0,0.0,1.0,0.0,0.0,0.0,0.0002513594035681231,3.8458717747828696e-6,150.0,-1.3119716927753852e-10,-2.0073547402381086e-12,2.8581523350501774e-10,4.3730559658255105e-12,3.609445502630851,0.05522556301508259
4.0824e6,5.984359721447413e-11,9.20426293185724e-13,1.6604392304245815e-10,2.553843680958081e-12,0.0,0.0,0.0,0.0,0.0,1.0,0.0,0.0,0.0,0.0002513594035681231,3.86604106124196e-6,150.0,-1.3407913978365015e-10,-2.062208345903828e-12,2.8745070930416645e-10,4.4211445025642406e-12,3.632822169205646,0.05587473344928094
4.104e6,5.899881313571295e-11,9.080962943713429e-13,1.688863321787633e-10,2.599459959791433e-12,0.0,0.0,0.0,0.0,0.0,1.0,0.0,0.0,0.0,0.0002513594035681231,3.868866690767968e-6,150.0,-1.3842165996359304e-10,-2.130554663608657e-12,2.8980252767567906e-10,4.460574501327255e-12,3.6554416036097255,0.05626372460905468
4.1256e6,5.851609897976083e-11,8.954824610587445e-13,1.7048157365390012e-10,2.60891039906068e-12,0.0,0.0,0.0,0.0,0.0,1.0,0.0,0.0,0.0,0.0002513594035681231,3.846598478741602e-6,150.0,-1.4091604735589755e-10,-2.1564637952467537e-12,2.910410437516275e-10,4.453853805564781e-12,3.6705051893542486,0.056170405710549466
4.1472e6,5.787217083623756e-11,8.850741327457589e-13,1.7210558095761595e-10,2.6321148076129456e-12,0.0,0.0,0.0,0.0,0.0,1.0,0.0,0.0,0.0,0.0002513594035681231,3.844191481084785e-6,150.0,-1.4379783435230632e-10,-2.199187306974022e-12,2.923929079853016e-10,4.471741697549321e-12,3.6872157979345817,0.05639082269504128
4.1688e6,5.7554591414998e-11,8.824436327438711e-13,1.731639853566541e-10,2.6550002795904247e-12,0.0,0.0,0.0,0.0,0.0,1.0,0.0,0.0,0.0,0.0002513594035681231,3.8539150353725955e-6,150.0,-1.4570222429976264e-10,-2.233948620760083e-12,2.9354612039442977e-10,4.500733972567623e-12,3.7041812686370847,0.056793577969630415
4.1904e6,5.8089432513291114e-11,8.905311755264794e-13,1.7291925285872423e-10,2.650912203079392e-12,0.0,0.0,0.0,0.0,0.0,1.0,0.0,0.0,0.0,0.0002513594035681231,3.853426956580081e-6,150.0,-1.454310727993909e-10,-2.2295088558230607e-12,2.9438612118131844e-10,4.5130414812418205e-12,3.729236031811943,0.05717048357229748
4.212e6,5.750755379289911e-11,8.790160185827932e-13,1.7480712558988654e-10,2.671966609974249e-12,0.0,0.0,0.0,0.0,0.0,1.0,0.0,0.0,0.0,0.0002513594035681231,3.842085562420138e-6,150.0,-1.4820220775782496e-10,-2.265304399446546e-12,2.962425841748132e-10,4.528135170099621e-12,3.7540396292287648,0.05738134820288866
4.2336e6,5.6349979753316375e-11,8.640261628658891e-13,1.7655983793891747e-10,2.707229354090547e-12,0.0,0.0,0.0,0.0,0.0,1.0,0.0,0.0,0.0,0.0002513594035681231,3.854146921010066e-6,150.0,-1.5178053880716993e-10,-2.327283117356543e-12,2.974767701760008e-10,4.561274261359092e-12,3.779857714046723,0.057957358124065925
4.2552e6,5.566708845198878e-11,8.51723258901652e-13,1.784247619423824e-10,2.7299527231675817e-12,0.0,0.0,0.0,0.0,0.0,1.0,0.0,0.0,0.0,0.0002513594035681231,3.84587475860647e-6,150.0,-1.548177980675245e-10,-2.3687590490703834e-12,2.9916451656812907e-10,4.577307419605864e-12,3.8105364662120635,0.058302358312935496
4.2768e6,5.3603951168319306e-11,8.523092911012429e-13,1.8523261757452597e-10,2.9452209684699232e-12,0.0,0.0,0.0,0.0,0.0,1.0,0.0,0.0,0.0,0.0002513594035681231,3.996644844221758e-6,150.0,-1.6402805008788422e-10,-2.60806578701887e-12,3.0395335007914795e-10,4.832894939411033e-12,3.838978551922734,0.061040222163248635
4.2984e6,5.480243368414914e-11,8.828140709367925e-13,1.8339168766251498e-10,2.954262274088408e-12,0.0,0.0,0.0,0.0,0.0,1.0,0.0,0.0,0.0,0.0002513594035681231,4.049156276729394e-6,150.0,-1.613872457067271e-10,-2.599792049396541e-12,3.044119117710799e-10,4.903780744868779e-12,3.8848649391113783,0.06258140745542291
4.32e6,5.1484523278907744e-11,8.624289386803263e-13,1.8258425166396708e-10,3.0585102542225076e-12,0.0,0.0,0.0,0.0,0.0,1.0,0.0,0.0,0.0,0.0002513594035681231,4.210578438732224e-6,150.0,-1.6191010295802625e-10,-2.7121928953146043e-12,3.022425686268444e-10,5.062933889331628e-12,3.8906921316294065,0.06517386725396192
4.3416e6,5.1408292751637305e-11,8.227324272494807e-13,1.8301161102555784e-10,2.928896854858101e-12,0.0,0.0,0.0,0.0,0.0,1.0,0.0,0.0,0.0,0.0002513594035681231,4.0227270959702756e-6,150.0,-1.6178534063747774e-10,-2.589194055502199e-12,3.037921476499261e-10,4.861854724934354e-12,3.9440904070417213,0.06312077099221466
4.3632e6,5.317016040627059e-11,8.556089148856736e-13,1.8092425369806074e-10,2.9114150343026195e-12,0.0,0.0,0.0,0.0,0.0,1.0,0.0,0.0,0.0,0.0002513594035681231,4.044850436596921e-6,150.0,-1.5800678871742663e-10,-2.5426294749929606e-12,3.0336666880820077e-10,4.881746158524938e-12,3.9118786259243064,0.06294956044362102
4.3848e6,5.415303980924516e-11,8.943184105674699e-13,1.8078710420412125e-10,2.9856354555986088e-12,0.0,0.0,0.0,0.0,0.0,1.0,0.0,0.0,0.0,0.0002513594035681231,4.151112164193844e-6,150.0,-1.5689958321076515e-10,-2.5911414459838772e-12,3.0437181299322155e-10,5.026593465048022e-12,3.957244519734207,0.065352501753952
4.4064e6,5.487342764432609e-11,8.674215475812232e-13,1.8060504158818834e-10,2.854946581628316e-12,0.0,0.0,0.0,0.0,0.0,1.0,0.0,0.0,0.0,0.0002513594035681231,3.9734088465439485e-6,150.0,-1.5654897809788014e-10,-2.474676044188453e-12,3.0539814293738343e-10,4.827635909537871e-12,3.992518909309106,0.06311245861125456
4.428e6,5.294455190794402e-11,8.213586553371225e-13,1.8123163482941465e-10,2.811548431779275e-12,0.0,0.0,0.0,0.0,0.0,1.0,0.0,0.0,0.0,0.0002513594035681231,3.899480008444025e-6,150.0,-1.5938664588873526e-10,-2.472654813917178e-12,3.0440521588669364e-10,4.722409573567214e-12,3.9753249723297293,0.061671455440364405
4.4496e6,5.371891696476556e-11,8.647665195411842e-13,1.7917644225554388e-10,2.88438034695912e-12,0.0,0.0,0.0,0.0,0.0,1.0,0.0,0.0,0.0,0.0002513594035681231,4.046380844202903e-6,150.0,-1.5745878783850688e-10,-2.5347697910512705e-12,3.0420453527223153e-10,4.8970811784712075e-12,3.780994623979769,0.060866408820704765
4.4712e6,5.362991442423447e-11,8.306243880797308e-13,1.811440345820919e-10,2.8055732419936906e-12,0.0,0.0,0.0,0.0,0.0,1.0,0.0,0.0,0.0,0.0002513594035681231,3.893074471931504e-6,150.0,-1.6035463177276636e-10,-2.4835853146880325e-12,3.071433300491345e-10,4.757060370388142e-12,3.8728729214517883,0.059983364415696065
4.4928e6,5.251260382008224e-11,8.318959456588666e-13,1.8392225457925488e-10,2.913665801550048e-12,0.0,0.0,0.0,0.0,0.0,1.0,0.0,0.0,0.0,0.0002513594035681231,3.981993912318343e-6,150.0,-1.6451721185369784e-10,-2.606254338503257e-12,3.09370800493234e-10,4.901000824817914e-12,3.9290250644148426,0.06224296233105083
4.5144e6,5.3197700560491274e-11,8.109035938324208e-13,1.84861872740209e-10,2.817887904706886e-12,0.0,0.0,0.0,0.0,0.0,1.0,0.0,0.0,0.0,0.0002513594035681231,3.831523572436953e-6,150.0,-1.6518448302300002e-10,-2.5179413680933016e-12,3.1135566129742943e-10,4.746058984618335e-12,3.9873841157624375,0.06078052388345956
4.536e6,5.3467570514591486e-11,8.263527688280492e-13,1.8679169467508993e-10,2.8869057000957225e-12,0.0,0.0,0.0,0.0,0.0,1.0,0.02262971325252047,0.02262971325252047,0.0,0.0002513594035681231,3.884813488071248e-6,150.0,-1.6702734383315295e-10,-2.5814434192190095e-12,3.136374373222657e-10,4.8473338557370625e-12,4.011060019637793,0.06199179280567139
4.5576e6,5.4111500993995304e-11,8.584701718483588e-13,1.8705003127431552e-10,2.9675183564048903e-12,0.0,0.0,0.0,0.0,0.0,1.0,0.0,0.0,0.0,0.0002513594035681231,3.987776099590602e-6,150.0,-1.6692307729673493e-10,-2.648207501549192e-12,3.1547695074199087e-10,5.004990568414034e-12,4.048410739498147,0.06422737864239585
4.5792e6,5.5118679101046994e-11,8.845977575202263e-13,1.8932700959289905e-10,3.0385025703692453e-12,0.0,0.0,0.0,0.0,0.0,1.0,0.0,0.0,0.0,0.0002513594035681231,4.0340582966502845e-6,150.0,-1.687522723919893e-10,-2.708299330989602e-12,3.1936312544036923e-10,5.125447655980476e-12,4.079920782625843,0.06547850627106976
4.6008e6,5.6052631381449134e-11,8.811214513612334e-13,1.9025324534431677e-10,2.9906930599416812e-12,0.0,0.0,0.0,0.0,0.0,1.0,0.0,0.0,0.0,0.0002513594035681231,3.951253616945052e-6,150.0,-1.6910201429817315e-10,-2.6582054864212204e-12,3.216770685995957e-10,5.056614802349981e-12,4.105197071869506,0.06453180007685894
4.6224e6,5.6167207778400946e-11,8.874057348483103e-13,1.9001915448320903e-10,3.0021803484464997e-12,0.0,0.0,0.0,0.0,0.0,1.0,0.0,0.0,0.0,0.0002513594035681231,3.971316806675584e-6,150.0,-1.6910395428543698e-10,-2.6717336459109187e-12,3.2215105118903573e-10,5.089779279049302e-12,4.09253395726014,0.06465940265470486
4.644e6,5.775205863806411e-11,8.968159104638137e-13,1.9066260931044548e-10,2.9607474710426226e-12,0.0,0.0,0.0,0.0,0.0,1.0,0.0,0.0,0.0,0.0002513594035681231,3.90329137489849e-6,150.0,-1.6825720107555543e-10,-2.6128200194618265e-12,3.2458538173073363e-10,5.040397546075252e-12,4.1353912407978495,0.06421735862236133
4.6656e6,5.947728721386809e-11,9.453749900858955e-13,1.8945900650683364e-10,3.0113983805959315e-12,0.0,0.0,0.0,0.0,0.0,1.0,0.0,0.0,0.0,0.0002513594035681231,3.9952880298952835e-6,150.0,-1.6560356377947788e-10,-2.63222273240648e-12,3.2527189312483947e-10,5.170106559036473e-12,4.177590571891907,0.06640164389616576
4.6872e6,6.022183011927863e-11,9.63771887942319e-13,1.903368209417737e-10,3.0460927026073205e-12,0.0,0.0,0.0,0.0,0.0,1.0,0.0,0.0,0.0,0.0002513594035681231,4.0226795905917435e-6,150.0,-1.662271922873082e-10,-2.6602495244793955e-12,3.277628045327525e-10,5.24541642617194e-12,4.2104815157827575,0.06738326802049692
4.7088e6,6.130002325543754e-11,9.560929859352907e-13,1.8956504053441224e-10,2.95663518557334e-12,0.0,0.0,0.0,0.0,0.0,1.0,0.0,0.0,0.0,0.0002513594035681231,3.920438360992678e-6,150.0,-1.6499888271717553e-10,-2.5734782154272317e-12,3.284220909215921e-10,5.1223807248471706e-12,4.211313584477228,0.06568361912220853
4.7304e6,6.066738242433988e-11,9.354630253445945e-13,1.9163654945696116e-10,2.9549471092671516e-12,0.0,0.0,0.0,0.0,0.0,1.0,0.0,0.0,0.0,0.0002513594035681231,3.875845944134746e-6,150.0,-1.6774701852194982e-10,-2.5865815726396306e-12,3.3051532862732784e-10,5.0963937602891765e-12,4.221906968232053,0.06509985609072956
4.752e6,6.127712940139018e-11,9.715800421745659e-13,1.8974034323518656e-10,3.0084296128675522e-12,0.0,0.0,0.0,0.0,0.0,1.0,0.0,0.0,0.0,0.0002513594035681231,3.985431143811875e-6,150.0,-1.6531435713654218e-10,-2.621143184216117e-12,3.296338169360827e-10,5.226511765312175e-12,4.2388558367895195,0.0672092144803773
4.7736e6,6.171979185949284e-11,9.58105299425296e-13,1.9009769489895362e-10,2.950975747064309e-12,0.0,0.0,0.0,0.0,0.0,1.0,0.0,0.0,0.0,0.0002513594035681231,3.901970006108496e-6,150.0,-1.655462800769989e-10,-2.569852610699006e-12,3.307252290048923e-10,5.1340029675504435e-12,4.257892030226048,0.06609725657901516
4.7952e6,6.144520528663127e-11,9.542809100478348e-13,1.904311253280849e-10,2.9575096499686735e-12,0.0,0.0,0.0,0.0,0.0,1.0,0.0,0.0,0.0,0.0002513594035681231,3.903762372786112e-6,150.0,-1.6638454434354378e-10,-2.584051817442569e-12,3.311955854206669e-10,5.143666184932149e-12,4.272516991823615,0.06635475272859663
4.8168e6,6.180921421667782e-11,9.732995851583751e-13,1.9437465064360228e-10,3.060785826746119e-12,0.0,0.0,0.0,0.0,0.0,1.0,0.0,0.0,0.0,0.0002513594035681231,3.958115409150406e-6,150.0,-1.70334788246633e-10,-2.682234046161903e-12,3.3565601400947855e-10,5.285520344039388e-12,4.309631160453466,0.06786305688906748
4.8384e6,5.997985714119103e-11,9.644036313806187e-13,1.9867324396915356e-10,3.194425713469024e-12,0.0,0.0,0.0,0.0,0.0,1.0,0.0,0.0,0.0,0.0002513594035681231,4.041555501076519e-6,150.0,-1.7675450400890744e-10,-2.8419988585135456e-12,3.386350520615226e-10,5.4448424769024426e-12,4.2618466885974575,0.0685253453204413
4.86e6,6.095669096000447e-11,9.654675100351356e-13,1.9798967123679826e-10,3.135875519015422e-12,0.0,0.0,0.0,0.0,0.0,1.0,0.0,0.0,0.0,0.0002513594035681231,3.9811763674321135e-6,150.0,-1.7524569864952416e-10,-2.775643258433059e-12,3.394838388548261e-10,5.376942406722697e-12,4.324069336291337,0.06848712404791882
4.8816e6,6.103234914032002e-11,9.785714521763023e-13,2.0163363790032435e-10,3.232923599156689e-12,0.0,0.0,0.0,0.0,0.0,1.0,0.0,0.0,0.0,0.0002513594035681231,4.030209225640461e-6,150.0,-1.787903253659737e-10,-2.866661873463274e-12,3.446298863181166e-10,5.525675696052766e-12,4.390191957634285,0.07039081044443604
4.9032e6,6.247422085485836e-11,1.0202740597302016e-12,2.0004586545698054e-10,3.2669732329469e-12,0.0,0.0,0.0,0.0,0.0,1.0,0.0,0.0,0.0,0.0002513594035681231,4.104980832423901e-6,150.0,-1.758901750198642e-10,-2.8724837297465393e-12,3.4548280782830196e-10,5.642121535679133e-12,4.4190052374419375,0.07216730920179687
4.9248e6,6.27286911874754e-11,1.0090278593065438e-12,1.9958446331586594e-10,3.2104333751931204e-12,0.0,0.0,0.0,0.0,0.0,1.0,0.0,0.0,0.0,0.0002513594035681231,4.043263713902469e-6,150.0,-1.7458104214144814e-10,-2.80823865272456e-12,3.464857496788423e-10,5.573426890635814e-12,4.449841248878232,0.07157831136936026
4.9464e6,6.204488559119463e-11,9.668569373046642e-13,1.9987034335874293e-10,3.1146165585853087e-12,0.0,0.0,0.0,0.0,0.0,1.0,0.0,0.0,0.0,0.0002513594035681231,3.916980114974908e-6,150.0,-1.7552178846913564e-10,-2.735188520576303e-12,3.4629523920978886e-10,5.396382815364232e-12,4.442627833995555,0.06923029191258587
4.968e6,6.606974030172169e-11,1.0971750681724833e-12,1.9412664436414575e-10,3.2237286432738827e-12,0.0,0.0,0.0,0.0,0.0,1.0,0.0,0.0,0.0,0.0002513594035681231,4.174153999791998e-6,150.0,-1.6620582639216444e-10,-2.760066682110675e-12,3.4579027439977964e-10,5.742302999154871e-12,4.404682513037515,0.07314555520349376
4.9896e6,6.736304888685804e-11,1.0892511932516733e-12,1.9409164972947048e-10,3.1384351593571755e-12,0.0,0.0,0.0,0.0,0.0,1.0,0.0,0.0,0.0,0.0002513594035681231,4.064446826500778e-6,150.0,-1.6507095381893024e-10,-2.669174516142481e-12,3.4725243298533033e-10,5.61502386306939e-12,4.47527862097325,0.07236463697206301
5.0112e6,6.885647343261097e-11,1.1259124232841677e-12,1.943797910907033e-10,3.178417521463606e-12,0.0,0.0,0.0,0.0,0.0,1.0,0.0,0.0,0.0,0.0002513594035681231,4.110124452766606e-6,150.0,-1.6422126536171714e-10,-2.685277848554959e-12,3.4954057402947973e-10,5.715542128756207e-12,4.5087208428244105,0.07372472851117629
5.0328e6,7.00863889810279e-11,1.1032739862076824e-12,1.940106716060873e-10,3.0540441609514106e-12,0.0,0.0,0.0,0.0,0.0,1.0,0.0,0.0,0.0,0.0002513594035681231,3.956806666419319e-6,150.0,-1.6315418935549866e-10,-2.5683128418194055e-12,3.506145798734474e-10,5.51924490308984e-12,4.541343650727533,0.07148815034019507
5.0544e6,6.8273352731891e-11,1.1082571791139559e-12,1.9264444756699062e-10,3.1271291578571052e-12,0.0,0.0,0.0,0.0,0.0,1.0,0.0,0.0,0.0,0.0002513594035681231,4.080228264695311e-6,150.0,-1.6370425735336384e-10,-2.6573532894428724e-12,3.4810985224714414e-10,5.6507440668427585e-12,4.470196784022979,0.07256312279551305
5.076e6,6.896893973601127e-11,1.1033647319538252e-12,1.9412596900605333e-10,3.1056262221442137e-12,0.0,0.0,0.0,0.0,0.0,1.0,0.0,0.0,0.0,0.0002513594035681231,4.021246404592839e-6,150.0,-1.6500528647700558e-10,-2.6397536975561846e-12,3.5092022419694363e-10,5.614019884752107e-12,4.537872412518018,0.07259685877792749
5.0976e6,7.092602997326688e-11,1.1306328229239461e-12,1.923231773268544e-10,3.0658264247515777e-12,0.0,0.0,0.0,0.0,0.0,1.0,0.0,0.0,0.0,0.0002513594035681231,4.006923722247304e-6,150.0,-1.6162772849842044e-10,-2.5765098512327893e-12,3.5141669871357124e-10,5.601938445432462e-12,4.569854323707774,0.07284811086017895
5.1192e6,7.130024070947401e-11,1.1402356485294366e-12,1.9618930839657405e-10,3.137465470917896e-12,0.0,0.0,0.0,0.0,0.0,1.0,0.0,0.0,0.0,0.0002513594035681231,4.019747334504974e-6,150.0,-1.656257649433067e-10,-2.648692341346073e-12,3.5591913975738756e-10,5.691869860565269e-12,4.633554854398173,0.07409995214363134
5.1408e6,7.152131123378578e-11,1.1724964048294098e-12,1.9863728206775436e-10,3.256393025684736e-12,0.0,0.0,0.0,0.0,0.0,1.0,0.0,0.0,0.0,0.0002513594035681231,4.120701814880428e-6,150.0,-1.6827208835290215e-10,-2.7585962173147807e-12,3.597612897367293e-10,5.897806004063371e-12,4.652476295257941,0.07627113703093166
5.1624e6,7.204226416151228e-11,1.160808367917473e-12,1.9849850224765448e-10,3.198382575977687e-12,0.0,0.0,0.0,0.0,0.0,1.0,0.0,0.0,0.0,0.0002513594035681231,4.050123943390753e-6,150.0,-1.6767635736876026e-10,-2.7017490496857777e-12,3.603969955041996e-10,5.807033593720536e-12,4.640039774513348,0.07476440476176083
5.184e6,7.221173017317725e-11,1.1956266641731436e-12,1.981356394123153e-10,3.280578557475881e-12,0.0,0.0,0.0,0.0,0.0,1.0,0.0,0.0,0.0,0.0002513594035681231,4.1618169856334136e-6,150.0,-1.672676813378842e-10,-2.7694904883511047e-12,3.613092652958807e-10,5.982282803148019e-12,4.6516504790801205,0.07701847514059172
5.2056e6,7.319688595368581e-11,1.1612175771271596e-12,1.9713046116612684e-10,3.1273373656651117e-12,0.0,0.0,0.0,0.0,0.0,1.0,0.0,0.0,0.0,0.0002513594035681231,3.987641739078738e-6,150.0,-1.6577430211512488e-10,-2.6298937576917202e-12,3.615888433723755e-10,5.736354971204055e-12,4.725164395093441,0.07496143966930101
5.2272e6,7.476092677407095e-11,1.2006086609666714e-12,1.9582075693373246e-10,3.144745616679926e-12,0.0,0.0,0.0,0.0,0.0,1.0,0.0,0.0,0.0,0.0002513594035681231,4.036657783166648e-6,150.0,-1.632404103014568e-10,-2.6215278339173265e-12,3.6233639900171527e-10,5.818871402431741e-12,4.719432439048326,0.07579081353942854
5.2488e6,7.677878450968812e-11,1.2827639177023446e-12,1.9398812582282105e-10,3.2410120824043256e-12,0.0,0.0,0.0,0.0,0.0,0.9788461796943786,0.0,0.0,0.0,0.0002513594035681231,4.199529535814476e-6,150.0,-1.59836730695257e-10,-2.670435487729178e-12,3.6254235656992006e-10,6.0570932011562275e-12,4.699377969207713,0.07851377868302048
5.2704e6,7.408214808843944e-11,1.2634255547073706e-12,2.0072760991901213e-10,3.4232861553131413e-12,0.0,0.0,0.0,0.0,0.0,1.0,0.0,0.0,0.0,0.0002513594035681231,4.286780311835036e-6,150.0,-1.6957416500468154e-10,-2.891983278202376e-12,3.691090402078145e-10,6.294928075186796e-12,4.742813192874601,0.08088576726916094
5.292e6,7.557498948408668e-11,1.224292274375553e-12,2.0102029916762985e-10,3.256468852243941e-12,0.0,0.0,0.0,0.0,0.0,1.0,0.0,0.0,0.0,0.0002513594035681231,4.071947319885478e-6,150.0,-1.6842287812766767e-10,-2.728400360058492e-12,3.714919530004203e-10,6.018058767270725e-12,4.8392721345922975,0.07839476430532304
5.3136e6,7.736847915757581e-11,1.2601245440559616e-12,2.0132375216300145e-10,3.2790227255901326e-12,0.0,0.0,0.0,0.0,0.0,1.0,0.0,0.0,0.0,0.0002513594035681231,4.093968981480806e-6,150.0,-1.670137965003466e-10,-2.720205779635603e-12,3.7425864253509206e-10,6.095667207352057e-12,4.844424764026037,0.07890265665618901
5.3352e6,7.819176981777487e-11,1.2755645717840764e-12,1.9929132861527626e-10,3.2510961043324113e-12,0.0,0.0,0.0,0.0,0.0,1.0,0.0,0.0,0.0,0.0002513594035681231,4.100497414542316e-6,150.0,-1.6443608918173348e-10,-2.6824926737400066e-12,3.7373536262355986e-10,6.096851227392437e-12,4.815370962909894,0.07855451557881656
5.3568e6,7.953718913074806e-11,1.2951238933953401e-12,2.005673529094891e-10,3.2658882445685396e-12,0.0,0.0,0.0,0.0,0.0,1.0,0.0,0.0,0.0,0.0002513594035681231,4.09294787694261e-6,150.0,-1.649287493855086e-10,-2.6855759723398114e-12,3.765489774288036e-10,6.131440940161364e-12,4.883018777103472,0.07951141295336497
5.3784e6,8.00887842530076e-11,1.2798244926095807e-12,1.9923931969560536e-10,3.1838585591681073e-12,0.0,0.0,0.0,0.0,0.0,1.0,0.0,0.0,0.0,0.0002513594035681231,4.016741222066175e-6,150.0,-1.6354274244444622e-10,-2.6134247051088503e-12,3.762448001573554e-10,6.012418779353584e-12,4.871765005846894,0.07785115275347644
5.4e6,7.899792305543084e-11,1.2988502355528057e-12,2.0221226636403947e-10,3.324688037865364e-12,0.0,0.0,0.0,0.0,0.0,1.0,0.0,0.0,0.0,0.0002513594035681231,4.132744354605221e-6,150.0,-1.6784656000355005e-10,-2.759661717237411e-12,3.7869676956417335e-10,6.226371141509381e-12,4.887192536915133,0.08035314008584873
5.4216e6,8.096177655435521e-11,1.3159833791544794e-12,1.9952988778102996e-10,3.243234364899431e-12,0.0,0.0,0.0,0.0,0.0,1.0,0.0,0.0,0.0,0.0002513594035681231,4.085690944142691e-6,150.0,-1.6365280696660915e-10,-2.6600747054438104e-12,3.789649386393423e-10,6.159839639843529e-12,4.9292305391255145,0.08012158005395084
5.4432e6,8.107660314094877e-11,1.3137652131527657e-12,1.993529281895013e-10,3.2303146906660516e-12,0.0,0.0,0.0,0.0,0.0,1.0,0.0,0.0,0.0,0.0002513594035681231,4.073027576556692e-6,150.0,-1.637666622953863e-10,-2.653674866271629e-12,3.7943068391107737e-10,6.148294501911256e-12,4.91222053770576,0.07959761770671639
5.4648e6,8.024041856837817e-11,1.3246619721160928e-12,2.0437949369656529e-10,3.3740320403422446e-12,0.0,0.0,0.0,0.0,0.0,1.0,0.0,0.0,0.0,0.0002513594035681231,4.1496075068044695e-6,150.0,-1.7019089140238249e-10,-2.8096239509164428e-12,3.8453008670716e-10,6.348077341613177e-12,4.9781054694170885,0.08218186203628167
5.4864e6,8.109032693855697e-11,1.3341076856079796e-12,2.0564172703062116e-10,3.3832421063134512e-12,0.0,0.0,0.0,0.0,0.0,1.0,0.0,0.0,0.0,0.0002513594035681231,4.1353947481820115e-6,150.0,-1.7140225230429936e-10,-2.8199302033021626e-12,3.8767686571770806e-10,6.378105818691508e-12,5.011878319152995,0.0824560171027595
5.508e6,8.1194506751051e-11,1.2917477676972688e-12,2.050878076460593e-10,3.262803461827727e-12,0.0,0.0,0.0,0.0,0.0,1.0,0.0,0.0,0.0,0.0002513594035681231,3.998952163652832e-6,150.0,-1.7113918371364844e-10,-2.722704618496578e-12,3.8739411361983945e-10,6.163169178695851e-12,4.995779643725573,0.07947935717469498
5.5296e6,8.239953084331554e-11,1.3534736976994231e-12,2.0497226172500426e-10,3.3668221428382178e-12,0.0,0.0,0.0,0.0,0.0,1.0,0.0,0.0,0.0,0.0002513594035681231,4.1287655150098185e-6,150.0,-1.7014358821408489e-10,-2.79473522631891e-12,3.8920953001784923e-10,6.393056566970092e-12,4.997704564314701,0.08209102172601797
5.5512e6,8.32043040333774e-11,1.323858194141461e-12,2.0606369570984998e-10,3.27866587251453e-12,0.0,0.0,0.0,0.0,0.0,1.0,0.0,0.0,0.0,0.0002513594035681231,3.9993628929902694e-6,150.0,-1.705980226572771e-10,-2.714373887540339e-12,3.9132477820530246e-10,6.226342738109562e-12,5.0539506384857535,0.08041307530030964
5.5728e6,8.182488152367218e-11,1.3328610018281425e-12,2.0580616569467565e-10,3.352415635467252e-12,0.0,0.0,0.0,0.0,0.0,1.0,0.0,0.0,0.0,0.0002513594035681231,4.094440960012983e-6,150.0,-1.7199569711309194e-10,-2.8016705052968983e-12,3.901830987845719e-10,6.355766439966781e-12,5.056951285965571,0.08237363784337678
5.5944e6,8.414428211056226e-11,1.387599018557555e-12,2.0395339705921346e-10,3.3633364798214787e-12,0.0,0.0,0.0,0.0,0.0,1.0,0.0,0.0,0.0,0.0002513594035681231,4.145095221539223e-6,150.0,-1.6826600477751141e-10,-2.7748260158555356e-12,3.908849163722044e-10,6.445970097104658e-12,5.098437181056259,0.08407685289079163
5.616e6,8.52218953118282e-11,1.3676999584706814e-12,2.0416827490801278e-10,3.2766337816235245e-12,0.0,0.0,0.0,0.0,0.0,1.0,0.0,0.0,0.0,0.0002513594035681231,4.033989675580735e-6,150.0,-1.6826709914824125e-10,-2.700466865644678e-12,3.9254287434101437e-10,6.29979972834108e-12,5.1147192694089885,0.08208455475865196
5.6376e6,8.595413709136231e-11,1.3893463885973194e-12,2.0373420305353273e-10,3.2931210622859434e-12,0.0,0.0,0.0,0.0,0.0,1.0,0.0,0.0,0.0,0.0002513594035681231,4.062925781177347e-6,150.0,-1.6759405427684803e-10,-2.708958543931693e-12,3.93720916679765e-10,6.364030309824704e-12,5.123892715151175,0.08282163116579977
5.6592e6,8.502311041054814e-11,1.3332288875206835e-12,2.0452034159381155e-10,3.2070389589586135e-12,0.0,0.0,0.0,0.0,0.0,1.0,0.0,0.0,0.0,0.0002513594035681231,3.941512094403637e-6,150.0,-1.6953940262013213e-10,-2.6585104691502522e-12,3.93791011488955e-10,6.174951135378951e-12,5.148208223184124,0.08072793254655002
5.6808e6,8.523937448914911e-11,1.4052653300762322e-12,2.0209466077300628e-10,3.3317539210001516e-12,0.0,0.0,0.0,0.0,0.0,1.0,0.0,0.0,0.0,0.0002513594035681231,4.1439376736380056e-6,150.0,-1.673225800086192e-10,-2.7584977251909704e-12,3.922933621480606e-10,6.4673897990169575e-12,5.153225257658092,0.08495661583699128
5.7024e6,8.62423366511364e-11,1.4054070961219383e-12,2.0437325104548362e-10,3.33047118654395e-12,0.0,0.0,0.0,0.0,0.0,1.0,0.0,0.0,0.0,0.0002513594035681231,4.096158605727705e-6,150.0,-1.692037134712086e-10,-2.7573475955847296e-12,3.964662223508645e-10,6.460822652782578e-12,5.214417703208441,0.08497427048941672
5.724e6,8.73779346679849e-11,1.462235594599399e-12,2.0377452577052487e-10,3.410087065876235e-12,0.0,0.0,0.0,0.0,0.0,1.0,0.0,0.0,0.0,0.0002513594035681231,4.206401402495648e-6,150.0,-1.6766595498385103e-10,-2.8058242428304523e-12,3.9800035548538074e-10,6.66038043432e-12,5.23259165869837,0.08756537682454608
5.7456e6,8.811056686505828e-11,1.4414136460496117e-12,2.0475477944568478e-10,3.3496133742833726e-12,0.0,0.0,0.0,0.0,0.0,1.0,0.0,0.0,0.0,0.0002513594035681231,4.112025234395187e-6,150.0,-1.6849367884044776e-10,-2.7564127277228527e-12,3.998175826786911e-10,6.540674292633301e-12,5.28007368506653,0.08637749741706105
5.7672e6,8.976216689027198e-11,1.478481398234783e-12,2.028365883513219e-10,3.340941213300146e-12,0.0,0.0,0.0,0.0,0.0,1.0,0.0,0.0,0.0,0.0002513594035681231,4.14016523131791e-6,150.0,-1.650861232735933e-10,-2.719149624196003e-12,4.0017349951099874e-10,6.591296707629369e-12,5.303265345095918,0.08735060030594281
5.7888e6,9.06510392708326e-11,1.4602273158464397e-12,2.0288683988228048e-10,3.2681468188880672e-12,0.0,0.0,0.0,0.0,0.0,1.0,0.0,0.0,0.0,0.0002513594035681231,4.04895376972407e-6,150.0,-1.6461747460207406e-10,-2.651695281302187e-12,4.0162941742601276e-10,6.4695369285375136e-12,5.319247762417501,0.08568363854308571
5.8104e6,8.919624043851971e-11,1.4008511823357841e-12,2.0358757844644535e-10,3.1973982151429255e-12,0.0,0.0,0.0,0.0,0.0,1.0,0.0,0.0,0.0,0.0002513594035681231,3.947667703801109e-6,150.0,-1.6714497721476496e-10,-2.625057264764208e-12,4.014653457767707e-10,6.305122295887284e-12,5.327518593451816,0.08367012649705695
5.832e6,8.734880951605852e-11,1.3719998453516163e-12,2.0436300340863173e-10,3.209957990562967e-12,0.0,0.0,0.0,0.0,0.0,1.0,0.0,0.0,0.0,0.0002513594035681231,3.948136954971757e-6,150.0,-1.698077677631732e-10,-2.667194119774988e-12,4.0108377870100886e-10,6.299878445963929e-12,5.311205651508516,0.08342384255575516
5.8536e6,8.888578187262265e-11,1.397927383297848e-12,2.0341517456979486e-10,3.199157803628577e-12,0.0,0.0,0.0,0.0,0.0,1.0,0.0,0.0,0.0,0.0002513594035681231,3.953187854057926e-6,150.0,-1.6768586307742647e-10,-2.6372346043351675e-12,4.0196471512732433e-10,6.3217926484717044e-12,5.332061923366765,0.08385857912344041
5.8752e6,8.681034059766176e-11,1.3574036077181165e-12,2.0471357192375613e-10,3.2009889509136814e-12,0.0,0.0,0.0,0.0,0.0,1.0,0.0,0.0,0.0,0.0002513594035681231,3.930363121354167e-6,150.0,-1.7136207796563666e-10,-2.679490729505255e-12,4.018734521798205e-10,6.283865148776015e-12,5.335981091905539,0.08343568214341651
5.8968e6,8.890015082321957e-11,1.3891906119618386e-12,2.028590449638388e-10,3.169959535565875e-12,0.0,0.0,0.0,0.0,0.0,1.0,0.0,0.0,0.0,0.0002513594035681231,3.927846245835173e-6,150.0,-1.6752269915803376e-10,-2.617779146670066e-12,4.0246289651875447e-10,6.289052069423414e-12,5.359907234070053,0.08375613248804165
5.9184e6,8.930868473524717e-11,1.388075811757273e-12,2.019518544616525e-10,3.1388267014429584e-12,0.0,0.0,0.0,0.0,0.0,1.0,0.0,0.0,0.0,0.0002513594035681231,3.906741087778498e-6,150.0,-1.6650346144599851e-10,-2.587871807676897e-12,4.0269324977151243e-10,6.258839901436372e-12,5.3824675863038145,0.08365673603036743
5.94e6,8.769760738295293e-11,1.4441388503266742e-12,2.0369468869650607e-10,3.35429234993021e-12,0.0,0.0,0.0,0.0,0.0,1.0,0.0,0.0,0.0,0.0002513594035681231,4.139199356973895e-6,150.0,-1.7041770770558126e-10,-2.8063118233837325e-12,4.0331694525822185e-10,6.641522922046027e-12,5.397767253958349,0.08888640898061301
5.9616e6,8.890734780019025e-11,1.4136593328868619e-12,2.0445753980937965e-10,3.2509496288224466e-12,0.0,0.0,0.0,0.0,0.0,1.0,0.0,0.0,0.0,0.0002513594035681231,3.9967064090308185e-6,150.0,-1.7084750954886757e-10,-2.7165378604817302e-12,4.054444266620064e-10,6.4467146068267e-12,5.440670760476056,0.08650865409906175
5.9832e6,8.889282712726347e-11,1.4109692116392858e-12,2.043069023853304e-10,3.2429022487763962e-12,0.0,0.0,0.0,0.0,0.0,1.0,0.0,0.0,0.0,0.0002513594035681231,3.989752502560031e-6,150.0,-1.7127148189809518e-10,-2.718540917188702e-12,4.055330230505142e-10,6.436904172347872e-12,5.431014443155536,0.08620486505947224
6.0048e6,8.954497716114681e-11,1.402452113184996e-12,2.0386169242263558e-10,3.1928788235779293e-12,0.0,0.0,0.0,0.0,0.0,1.0,0.0,0.0,0.0,0.0002513594035681231,3.936787275836072e-6,150.0,-1.7069497238933205e-10,-2.6734221430048484e-12,4.0647431617761845e-10,6.366194752083473e-12,5.443438035194319,0.08525504631835772
6.0264e6,9.035999516089974e-11,1.4134073063616328e-12,2.036563977252421e-10,3.1855849485116507e-12,0.0,0.0,0.0,0.0,0.0,1.0,0.0,0.0,0.0,0.0002513594035681231,3.9317533925634824e-6,150.0,-1.7008963921810417e-10,-2.6605351005077317e-12,4.0766419177457246e-10,6.376666423788388e-12,5.477679087251827,0.08568162968623338
6.048e6,8.83522387607733e-11,1.3645007210560092e-12,2.046603636606156e-10,3.160748586604925e-12,0.0,0.0,0.0,0.0,0.0,1.0,0.0,0.0,0.0,0.0002513594035681231,3.881962610382534e-6,150.0,-1.7351577765491857e-10,-2.6797555675504685e-12,4.0725987900491184e-10,6.289669694324806e-12,5.488379273785459,0.0847618303910375
6.0696e6,8.91486848495333e-11,1.4388801297995595e-12,2.0564644868899236e-10,3.3191806394212315e-12,0.0,0.0,0.0,0.0,0.0,1.0,0.0,0.0,0.0,0.0002513594035681231,4.056998169326715e-6,150.0,-1.742929891188219e-10,-2.813128642668435e-12,4.0960856460815856e-10,6.611175763334707e-12,5.504407414220941,0.08884239254916332
6.0912e6,9.025379615138445e-11,1.4552059106413079e-12,2.0791339863135899e-10,3.352288983860486e-12,0.0,0.0,0.0,0.0,0.0,1.0,0.0,0.0,0.0,0.0002513594035681231,4.052790080475698e-6,150.0,-1.763162735994763e-10,-2.8428331485785617e-12,4.141732944087166e-10,6.677917735918987e-12,5.556475078409894,0.08958975379684538
6.1128e6,9.039726408664622e-11,1.4206036432046433e-12,2.0772719785145202e-10,3.264457359877746e-12,0.0,0.0,0.0,0.0,0.0,1.0,0.0,0.0,0.0,0.0002513594035681231,3.950142607417377e-6,150.0,-1.763411507054783e-10,-2.7712219354225766e-12,4.1446792426861257e-10,6.513412205076192e-12,5.553751261634409,0.08727785465020191
6.1344e6,9.083844652905825e-11,1.4446776350600712e-12,2.0618761277252823e-10,3.2791691643869197e-12,0.0,0.0,0.0,0.0,0.0,1.0,0.0,0.0,0.0,0.0002513594035681231,3.997572862287375e-6,150.0,-1.742777210220191e-10,-2.771680224289274e-12,4.142061987794344e-10,6.587457784061455e-12,5.551404251753535,0.08828849316704478
6.156e6,9.165721827402031e-11,1.4079936404659823e-12,2.0751373189514033e-10,3.187725094866168e-12,0.0,0.0,0.0,0.0,0.0,1.0,0.0,0.0,0.0,0.0002513594035681231,3.861260993511452e-6,150.0,-1.7502263176044888e-10,-2.688612605715319e-12,4.166416454947268e-10,6.40024646456169e-12,5.609301314041912,0.08616736058928695
6.1776e6,9.04821789415447e-11,1.3981832032598958e-12,2.0760312941689223e-10,3.2080041825961543e-12,0.0,0.0,0.0,0.0,0.0,1.0,0.0,0.0,0.0,0.0002513594035681231,3.884151555163414e-6,150.0,-1.7656465603009377e-10,-2.728379657060717e-12,4.159858976137202e-10,6.428055796625414e-12,5.588282307785904,0.08635338526571636
6.1992e6,9.353821132990898e-11,1.4738901507115306e-12,2.0611953732034763e-10,3.2478444007677792e-12,0.0,0.0,0.0,0.0,0.0,1.0,0.0,0.0,0.0,0.0002513594035681231,3.960693110766392e-6,150.0,-1.7243419326771716e-10,-2.717061353747656e-12,4.179325904804489e-10,6.585402051338206e-12,5.636567327676309,0.08881590688946743
6.2208e6,9.252950803592961e-11,1.4689117605654684e-12,2.0820133728163973e-10,3.305209326085506e-12,0.0,0.0,0.0,0.0,0.0,1.0,0.0,0.0,0.0,0.0002513594035681231,3.990346343207252e-6,150.0,-1.7598134540527395e-10,-2.7937149282752445e-12,4.199259734607948e-10,6.6663512437993815e-12,5.6644885657979875,0.08992411230218958
6.2424e6,9.163959957749905e-11,1.4313502155286797e-12,2.1162567560276663e-10,3.305453731596164e-12,0.0,0.0,0.0,0.0,0.0,1.0,0.0,0.0,0.0,0.0002513594035681231,3.926068404174189e-6,150.0,-1.810256476224896e-10,-2.8275014397191974e-12,4.232165210484838e-10,6.610363439069247e-12,5.676476249607239,0.08866282197629495
6.264e6,9.393421563551578e-11,1.5421007858622653e-12,2.0605883206542547e-10,3.3828300445382044e-12,0.0,0.0,0.0,0.0,0.0,1.0,0.0,0.0,0.0,0.0002513594035681231,4.126521216510975e-6,150.0,-1.7382251273945473e-10,-2.8536123039145116e-12,4.207690064214517e-10,6.907687588372999e-12,5.640341436404694,0.09259645064117128
6.2856e6,9.615146719789451e-11,1.5722959810669935e-12,2.0355407240600044e-10,3.328573752442777e-12,0.0,0.0,0.0,0.0,0.0,1.0,0.0,0.0,0.0,0.0002513594035681231,4.110300045865661e-6,150.0,-1.6955728875396954e-10,-2.7726487326479386e-12,4.2120413055341035e-10,6.887649049753099e-12,5.69363845499583,0.09310398604748966
6.3072e6,9.703176130139343e-11,1.5451031696758033e-12,2.0664673137481863e-10,3.2905773879402035e-12,0.0,0.0,0.0,0.0,0.0,1.0,0.0,0.0,0.0,0.0002513594035681231,4.002567880578595e-6,150.0,-1.7221929299777961e-10,-2.7423657153214413e-12,4.254787033964758e-10,6.775188705535792e-12,5.788303336515483,0.0921711170893346
6.3288e6,9.855762935937866e-11,1.5872439569676687e-12,2.0481794116141372e-10,3.29853753078404e-12,0.0,0.0,0.0,0.0,0.0,1.0,0.0,0.0,0.0,0.0002513594035681231,4.048075191477151e-6,150.0,-1.691134847881854e-10,-2.7235269204072837e-12,4.2594801738106887e-10,6.8597775835821236e-12,5.8216169946155105,0.09375556671305477
6.3504e6,9.864875292142346e-11,1.537520018634016e-12,2.0513605247646575e-10,3.1972100800640614e-12,0.0,0.0,0.0,0.0,0.0,1.0,0.0,0.0,0.0,0.0002513594035681231,3.917638119214038e-6,150.0,-1.6960835268646515e-10,-2.6434823539096773e-12,4.2695496415993605e-10,6.654435915413478e-12,5.8489223559839765,0.09116015097448263
6.372e6,9.704188507034965e-11,1.4934860311254128e-12,2.0604083918544807e-10,3.17099276195785e-12,0.0,0.0,0.0,0.0,0.0,1.0,0.0,0.0,0.0,0.0002513594035681231,3.868450800897601e-6,150.0,-1.7260418260706594e-10,-2.656398682389529e-12,4.2658738121503364e-10,6.565229997718639e-12,5.840403096187763,0.08988449094918852
6.3936e6,9.88419964252303e-11,1.5548340584669043e-12,2.0430852130920687e-10,3.213875264112726e-12,0.0,0.0,0.0,0.0,0.0,1.0,0.0,0.0,0.0,0.0002513594035681231,3.954009183528435e-6,150.0,-1.692611984164694e-10,-2.6625633393992622e-12,4.271786256609461e-10,6.719733516604511e-12,5.873498153673943,0.09239306470891578
6.4152e6,9.968804439991493e-11,1.5354011447225073e-12,2.0346606840257746e-10,3.133796396729917e-12,0.0,0.0,0.0,0.0,0.0,1.0,0.0,0.0,0.0,0.0002513594035681231,3.871452372232434e-6,150.0,-1.678223570981013e-10,-2.5848098510664936e-12,4.276166188817438e-10,6.586176407468555e-12,5.878205820983322,0.09053647306236051
6.4368e6,1.013741062092899e-10,1.575408616827841e-12,2.0221555510559072e-10,3.1425394499880565e-12,0.0,0.0,0.0,0.0,0.0,1.0,0.0,0.0,0.0,0.0002513594035681231,3.9062615209093605e-6,150.0,-1.6516478661405537e-10,-2.5667504036101635e-12,4.284511711225533e-10,6.658363680000512e-12,5.900302777163251,0.09169390670479123
6.4584e6,1.0215477700345631e-10,1.5890651028143776e-12,2.0422260876897078e-10,3.1767777319851134e-12,0.0,0.0,0.0,0.0,0.0,1.0,0.0,0.0,0.0,0.0002513594035681231,3.910012514253992e-6,150.0,-1.6685845494716655e-10,-2.5955609286592277e-12,4.320663262460486e-10,6.720992804042613e-12,5.942934264923122,0.09244510854729417
6.48e6,1.0162098611683705e-10,1.6409750848332621e-12,2.0386934885263534e-10,3.292081043611584e-12,0.0,0.0,0.0,0.0,0.0,1.0,0.0,0.0,0.0,0.0002513594035681231,4.058950167238125e-6,150.0,-1.6763693291596575e-10,-2.7070002046298472e-12,4.3220572638331563e-10,6.97925552210099e-12,5.91398641315135,0.09549901774094155
6.5016e6,1.0238846679727655e-10,1.6594566521139475e-12,2.0443076196542437e-10,3.313302742504491e-12,0.0,0.0,0.0,0.0,0.0,1.0,0.0,0.0,0.0,0.0002513594035681231,4.073896673815719e-6,150.0,-1.680516450413961e-10,-2.7236897766502588e-12,4.3433610465567644e-10,7.039483651524838e-12,5.981703418209822,0.0969481997222861
6.5232e6,1.0394373225101799e-10,1.6172303143183124e-12,2.045394772747839e-10,3.1823702686061904e-12,0.0,0.0,0.0,0.0,0.0,1.0,0.0,0.0,0.0,0.0002513594035681231,3.910827891552432e-6,150.0,-1.6694144663280223e-10,-2.5973934393535923e-12,4.3636268720371844e-10,6.789240202372487e-12,6.0468760714810745,0.09408158700814254
6.5448e6,1.0384685202367171e-10,1.6418970920623577e-12,2.051649494286462e-10,3.2438126654357157e-12,0.0,0.0,0.0,0.0,0.0,1.0,0.0,0.0,0.0,0.0002513594035681231,3.97418184315259e-6,150.0,-1.6823542748276836e-10,-2.659929056904488e-12,4.372809633389749e-10,6.913741997271417e-12,6.063759415038857,0.09587261199067039
6.5664e6,1.0379558585143701e-10,1.639291347333494e-12,2.051907769313762e-10,3.2406721578476957e-12,0.0,0.0,0.0,0.0,0.0,1.0,0.0,0.0,0.0,0.0002513594035681231,3.969834477642454e-6,150.0,-1.6866106232330816e-10,-2.6637416016361974e-12,4.37638581296345e-10,6.911827065606103e-12,6.068257536099947,0.09583877763894513
6.588e6,1.016467572583035e-10,1.6863043875512e-12,2.0815516752957764e-10,3.4532628660705035e-12,0.0,0.0,0.0,0.0,0.0,1.0,0.0,0.0,0.0,0.0002513594035681231,4.170014632262684e-6,150.0,-1.733043553141038e-10,-2.8750931424724034e-12,4.4060752335345814e-10,7.309612425027056e-12,6.135006915110693,0.10177884034527815
6.6096e6,1.0216459443444562e-10,1.7117689311150598e-12,2.0594255297730789e-10,3.450569796048795e-12,0.0,0.0,0.0,0.0,0.0,1.0,0.0,0.0,0.0,0.0002513594035681231,4.211529639532893e-6,150.0,-1.7049582368360706e-10,-2.8566594472582797e-12,4.397758465235064e-10,7.368449264650066e-12,6.16327633263064,0.1032657644115978
6.6312e6,1.0380982330698277e-10,1.6757091288086847e-12,2.062124719650792e-10,3.3287034958554315e-12,0.0,0.0,0.0,0.0,0.0,1.0,0.0,0.0,0.0,0.0002513594035681231,4.057470032729337e-6,150.0,-1.6934212649778145e-10,-2.7335384862861985e-12,4.4234147517467113e-10,7.140322797862207e-12,6.236760134003723,0.10067444060505522
6.6528e6,1.0632418036109393e-10,1.789591938065609e-12,2.0175567142728524e-10,3.395843935208952e-12,0.0,0.0,0.0,0.0,0.0,1.0,0.0,0.0,0.0,0.0002513594035681231,4.230747518154344e-6,150.0,-1.6279296254628288e-10,-2.740044384609701e-12,4.4089338583920187e-10,7.420882495069794e-12,6.216304597183036,0.10462952598268671
6.6744e6,1.0821216144045591e-10,1.7756920531723526e-12,1.9940995667431294e-10,3.2721892870133654e-12,0.0,0.0,0.0,0.0,0.0,1.0,0.0,0.0,0.0,0.0002513594035681231,4.124646337941016e-6,150.0,-1.586668708991864e-10,-2.603621423017589e-12,4.408045529498997e-10,7.233319538728831e-12,6.254126110245555,0.10262619178539865
6.696e6,1.091667910440678e-10,1.7495984553416677e-12,1.9889231692030436e-10,3.187614906832049e-12,0.0,0.0,0.0,0.0,0.0,1.0,0.0,0.0,0.0,0.0002513594035681231,4.0284963953998065e-6,150.0,-1.5744639957644214e-10,-2.523367911280372e-12,4.423766350962771e-10,7.089898585836921e-12,6.287177389625337,0.10076357236613394
6.7176e6,1.0777809805449765e-10,1.6898799315315211e-12,1.9977051094922746e-10,3.132252131543434e-12,0.0,0.0,0.0,0.0,0.0,1.0,0.0,0.0,0.0,0.0002513594035681231,3.941127365939615e-6,150.0,-1.598520009115373e-10,-2.5063597635483845e-12,4.426174798519829e-10,6.939910891438393e-12,6.304081008333026,0.09884327312348981
6.7392e6,1.0648584330740934e-10,1.6914386097730064e-12,1.9928210136578855e-10,3.1654296009443256e-12,0.0,0.0,0.0,0.0,0.0,1.0,0.0,0.0,0.0,0.0002513594035681231,3.992634015183269e-6,150.0,-1.6081342668544865e-10,-2.5543868594854075e-12,4.4125150792885277e-10,7.008911362769759e-12,6.2624878263143655,0.09947438432808568
6.7608e6,1.0972267820557328e-10,1.7643490937342855e-12,1.9644355636044303e-10,3.15882747580329e-12,0.0,0.0,0.0,0.0,0.0,1.0,0.0,0.0,0.0,0.0002513594035681231,4.04187851718408e-6,150.0,-1.5483434723405143e-10,-2.489748196899757e-12,4.432849224094728e-10,7.1280556026338385e-12,6.332142431939072,0.10182133669993336
6.7824e6,1.1055267708779697e-10,1.7597893371541593e-12,1.954637409932028e-10,3.1114127333789304e-12,0.0,0.0,0.0,0.0,0.0,1.0,0.0,0.0,0.0,0.0002513594035681231,4.001165868116626e-6,150.0,-1.5335306565716783e-10,-2.4410904997720252e-12,4.4365425254722517e-10,7.0621358395117946e-12,6.364402059058395,0.1013092326294215
6.804e6,1.0818392868264846e-10,1.6812749397081207e-12,1.9718998052295008e-10,3.0645085333080746e-12,0.0,0.0,0.0,0.0,0.0,1.0,0.0,0.0,0.0,0.0002513594035681231,3.906349780647654e-6,150.0,-1.5775153227309373e-10,-2.451599799904922e-12,4.4319245553822825e-10,6.887606856559271e-12,6.346227208668401,0.09862604268076755
6.8256e6,1.0688757666836452e-10,1.6611771481924526e-12,1.986174767475262e-10,3.086783552295542e-12,0.0,0.0,0.0,0.0,0.0,1.0,0.0,0.0,0.0,0.0002513594035681231,3.906464251558183e-6,150.0,-1.607763503996083e-10,-2.4986813957085325e-12,4.4411167360587884e-10,6.902094578573622e-12,6.350528810735972,0.09869578549865916
6.8472e6,1.0569829332013552e-10,1.637678080915482e-12,1.9962924238551815e-10,3.0930341852761695e-12,0.0,0.0,0.0,0.0,0.0,1.0,0.0,0.0,0.0,0.0002513594035681231,3.894535784118337e-6,150.0,-1.631179825645635e-10,-2.5273326205944544e-12,4.441543641574983e-10,6.881680336319317e-12,6.38466226616173,0.09892327604261669
6.8688e6,1.0851061772086973e-10,1.7327397878785688e-12,1.9463922573618482e-10,3.1080749312709985e-12,0.0,0.0,0.0,0.0,0.0,1.0,0.0,0.0,0.0,0.0002513594035681231,4.0138048125418255e-6,150.0,-1.5561649022615516e-10,-2.484944698762095e-12,4.4258012103195305e-10,7.067291672865347e-12,6.377761416201998,0.1018425772109907
6.8904e6,1.1083555896510739e-10,1.7534135390495612e-12,1.9386739988227547e-10,3.0669735138064476e-12,0.0,0.0,0.0,0.0,0.0,1.0,0.0,0.0,0.0,0.0002513594035681231,3.9764944165844816e-6,150.0,-1.5346551749485114e-10,-2.4278175584194254e-12,4.45504832176988e-10,7.0478663322936984e-12,6.474318391222632,0.10242342465978051
6.912e6,1.0972158746738512e-10,1.7149347585837148e-12,1.952676272801694e-10,3.0520087156820714e-12,0.0,0.0,0.0,0.0,0.0,1.0,0.0,0.0,0.0,0.0002513594035681231,3.928716199116061e-6,150.0,-1.5621398052142604e-10,-2.4416050765994027e-12,4.463637564900369e-10,6.976609969339925e-12,6.489968350431478,0.10143739771876273
6.9336e6,1.070388091670641e-10,1.7088630117815385e-12,1.9626194598127473e-10,3.1333007412685682e-12,0.0,0.0,0.0,0.0,0.0,1.0,0.0,0.0,0.0,0.0002513594035681231,4.012925692686082e-6,150.0,-1.598644678298342e-10,-2.552218939078061e-12,4.448253968339107e-10,7.1015893512426336e-12,6.460093422135875,0.10313469280577583
6.9552e6,1.0819926254285894e-10,1.7294337592714888e-12,1.9631073181652945e-10,3.137788548016354e-12,0.0,0.0,0.0,0.0,0.0,1.0,0.0,0.0,0.0,0.0002513594035681231,4.017674686727787e-6,150.0,-1.5921180334195967e-10,-2.5448072482472842e-12,4.4658764277876953e-10,7.138160905571294e-12,6.533995703187608,0.10443798309208807
6.9768e6,1.0907826836538312e-10,1.7621190963571233e-12,1.9694162218050824e-10,3.181519091863008e-12,0.0,0.0,0.0,0.0,0.0,1.0,0.0,0.0,0.0,0.0002513594035681231,4.060618230504404e-6,150.0,-1.5937321388255265e-10,-2.574615345831612e-12,4.490943498000692e-10,7.254953179105762e-12,6.594570631650615,0.10653285036926055
6.9984e6,1.0841728637894635e-10,1.7584824571466468e-12,2.0527653285218603e-10,3.3294984032597457e-12,0.0,0.0,0.0,0.0,0.0,1.0,0.0,0.0,0.0,0.0002513594035681231,4.076943044566215e-6,150.0,-1.6901402588967388e-10,-2.741335901914216e-12,4.57558102759094e-10,7.421398595191339e-12,6.681536531547079,0.10837169209754001
7.02e6,1.04852715183884e-10,1.7941098661029566e-12,2.1582046934495685e-10,3.692852709438199e-12,0.0,0.0,0.0,0.0,0.0,1.0,0.0,0.0,0.0,0.0002513594035681231,4.300950958575067e-6,150.0,-1.8345358336171363e-10,-3.1390306231362164e-12,4.629989264906042e-10,7.922264488383472e-12,6.655267639250738,0.1138767013538503
7.0416e6,1.0665834504421047e-10,1.7713314568799068e-12,2.2269188241501313e-10,3.69836168327952e-12,0.0,0.0,0.0,0.0,0.0,1.0,0.0,0.0,0.0,0.0002513594035681231,4.174458344897749e-6,150.0,-1.894814799693638e-10,-3.1468189931764994e-12,4.708298030627429e-10,7.819319160220535e-12,6.732442109320881,0.11180922116239335
7.0632e6,1.0882776394588289e-10,1.7518953189911241e-12,2.2139457332144652e-10,3.563981309445554e-12,0.0,0.0,0.0,0.0,0.0,1.0,0.0,0.0,0.0,0.0002513594035681231,4.0463512850854175e-6,150.0,-1.858467233923473e-10,-2.9917366024610744e-12,4.721357112162724e-10,7.600379833400265e-12,6.7853241234102635,0.10922927329051037
7.0848e6,1.1355715556666416e-10,1.8913808339445455e-12,2.1266536081987375e-10,3.5421034059142064e-12,0.0,0.0,0.0,0.0,0.0,1.0,0.0,0.0,0.0,0.0002513594035681231,4.186582130981479e-6,150.0,-1.7271254412552837e-10,-2.876658842947646e-12,4.696813037854129e-10,7.822899504737142e-12,6.723564641470705,0.11198608520270184
7.1064e6,1.1672051869355407e-10,1.9028241150697995e-12,2.1191097162890472e-10,3.4546565726118595e-12,0.0,0.0,0.0,0.0,0.0,1.0,0.0,0.0,0.0,0.0002513594035681231,4.0977605309888014e-6,150.0,-1.6908680883742266e-10,-2.756520113149681e-12,4.725327201807601e-10,7.703415519255534e-12,6.771381864344735,0.11038974850385945
7.128e6,1.1847028701136554e-10,1.8995843239682004e-12,2.119938671891544e-10,3.3991664665358747e-12,0.0,0.0,0.0,0.0,0.0,1.0,0.0,0.0,0.0,0.0002513594035681231,4.030364024138777e-6,150.0,-1.6746481767232756e-10,-2.6851757558081024e-12,4.750646080346137e-10,7.617313210426129e-12,6.836683975165539,0.10962122262692886
7.1496e6,1.1809382928043187e-10,1.86470934083548e-12,2.118775523111228e-10,3.3455605031631835e-12,0.0,0.0,0.0,0.0,0.0,1.0,0.0,0.0,0.0,0.0002513594035681231,3.96898153439741e-6,150.0,-1.6795694163351524e-10,-2.652051168384554e-12,4.749590673661904e-10,7.499634949842355e-12,6.8562059683642635,0.10825994372272638
7.1712e6,1.218002634415135e-10,2.0521639352408375e-12,2.0438941057693378e-10,3.4436754509363122e-12,0.0,0.0,0.0,0.0,0.0,1.0,0.0,0.0,0.0,0.0002513594035681231,4.235054081256915e-6,150.0,-1.5732680436099204e-10,-2.650736417424508e-12,4.734212867820745e-10,7.976485957076766e-12,6.873996076098847,0.11581721122574441
7.1928e6,1.232888888795891e-10,1.9829673156746223e-12,2.0467343393158199e-10,3.291948962810451e-12,0.0,0.0,0.0,0.0,0.0,1.0,0.0,0.0,0.0,0.0002513594035681231,4.042841867525121e-6,150.0,-1.5673531950883445e-10,-2.5209166748301507e-12,4.763245555597753e-10,7.661160984675289e-12,6.936037938043223,0.11155860561653519
7.2144e6,1.2137690155235788e-10,1.982799068312219e-12,2.0604829189667467e-10,3.36598113788409e-12,0.0,0.0,0.0,0.0,0.0,1.0,0.0,0.0,0.0,0.0002513594035681231,4.1061782335199816e-6,150.0,-1.6001632218771547e-10,-2.6140081884664538e-12,4.765592864367807e-10,7.785017553235019e-12,6.907491769230954,0.11283998906906843
7.236e6,1.2236869313710097e-10,1.9524402159784987e-12,2.0766224651434233e-10,3.3133321198485114e-12,0.0,0.0,0.0,0.0,0.0,1.0,0.0,0.0,0.0,0.0002513594035681231,4.010537300099498e-6,150.0,-1.6098760667812645e-10,-2.5686200407512932e-12,4.797194569361095e-10,7.654110999289987e-12,6.979035704734936,0.11135323610433344
7.2576e6,1.204824025678071e-10,1.8846953345759456e-12,2.0995017592980388e-10,3.2842316274827452e-12,0.0,0.0,0.0,0.0,0.0,1.0,0.0,0.0,0.0,0.0002513594035681231,3.93199243300296e-6,150.0,-1.6528951552110597e-10,-2.5856089529889987e-12,4.802059518861337e-10,7.511818305964164e-12,7.00724945450099,0.10961376992524086
7.2792e6,1.176126163582647e-10,1.8252765404085897e-12,2.1035571074211615e-10,3.264593169060803e-12,0.0,0.0,0.0,0.0,0.0,1.0,0.0,0.0,0.0,0.0002513594035681231,3.900945636192797e-6,150.0,-1.687052886835415e-10,-2.618203856114526e-12,4.782771286342853e-10,7.422571232076812e-12,7.018734111234267,0.10892650051740131
7.3008e6,1.1597422454470357e-10,1.8017108706692065e-12,2.1034081769360278e-10,3.2677376311141825e-12,0.0,0.0,0.0,0.0,0.0,1.0,0.0,0.0,0.0,0.0002513594035681231,3.90497950412291e-6,150.0,-1.7024384241193512e-10,-2.64481338626969e-12,4.771730446259449e-10,7.413094289425453e-12,7.030788478289597,0.10922640854414478
7.3224e6,1.1803797931237069e-10,1.8754577398507997e-12,2.0959518246563496e-10,3.330173131398388e-12,0.0,0.0,0.0,0.0,0.0,1.0,0.0,0.0,0.0,0.0002513594035681231,3.993747958515855e-6,150.0,-1.6795890381110531e-10,-2.6686311301194955e-12,4.801553539525995e-10,7.628994330020922e-12,7.095280440282759,0.11273404285349108
7.344e6,1.1678109612827412e-10,1.9446454944392234e-12,2.1041169222324071e-10,3.5037875377519352e-12,0.0,0.0,0.0,0.0,0.0,1.0,0.0,0.0,0.0,0.0002513594035681231,4.185651169918548e-6,150.0,-1.7048108785104995e-10,-2.838860829089062e-12,4.808746962315037e-10,8.00755295522541e-12,7.112531531152974,0.11843828200517123
7.3656e6,1.0943169246623187e-10,1.8619195178330175e-12,2.203417655755168e-10,3.748992861875352e-12,0.0,0.0,0.0,0.0,0.0,1.0,0.0,0.0,0.0,0.0002513594035681231,4.2767407589786855e-6,150.0,-1.8918554080484131e-10,-3.218886987652362e-12,4.765521863619309e-10,8.1082709867352e-12,7.113615246827887,0.12103421570045149
7.3872e6,1.0808937533205113e-10,1.832935451252454e-12,2.1854530358131197e-10,3.7060019396757036e-12,0.0,0.0,0.0,0.0,0.0,1.0,0.0,0.0,0.0,0.0002513594035681231,4.262450036280939e-6,150.0,-1.8662810512101478e-10,-3.1647631325975793e-12,4.774162939855485e-10,8.095830395572608e-12,7.14725470232809,0.12120022419209373
7.4088e6,1.0876682428627593e-10,1.8302182646007545e-12,2.1888234468265785e-10,3.683131025159349e-12,0.0,0.0,0.0,0.0,0.0,1.0,0.0,0.0,0.0,0.0002513594035681231,4.229622170255628e-6,150.0,-1.8599249725907556e-10,-3.1296938914600448e-12,4.789134730760633e-10,8.05867222233306e-12,7.186336749579468,0.1209244166220594
7.4304e6,1.1004361671599867e-10,1.8015872893488957e-12,2.1768140924249771e-10,3.5637874483075152e-12,0.0,0.0,0.0,0.0,0.0,1.0,0.0,0.0,0.0,0.0002513594035681231,4.115149247551159e-6,150.0,-1.8375842025849757e-10,-3.008414700717586e-12,4.797586629285674e-10,7.85440477949566e-12,7.207183424012785,0.11799294167346061
7.452e6,1.0919802218100118e-10,1.7761253217468983e-12,2.1772397429506616e-10,3.5413193038959517e-12,0.0,0.0,0.0,0.0,0.0,1.0,0.0,0.0,0.0,0.0002513594035681231,4.088405564677122e-6,150.0,-1.8478330574344294e-10,-3.005533450258128e-12,4.794358728462067e-10,7.798110047309344e-12,7.2026213037717595,0.11715192111609901
7.4736e6,1.0980166180473457e-10,1.741101199978708e-12,2.1894093230467292e-10,3.4716990043194964e-12,0.0,0.0,0.0,0.0,0.0,1.0,0.0,0.0,0.0,0.0002513594035681231,3.985751690686348e-6,150.0,-1.85790373059169e-10,-2.9460377571795797e-12,4.816700621990021e-10,7.637737985968624e-12,7.231448848519142,0.11466752015221707
7.4952e6,1.0900387935717848e-10,1.727223708378525e-12,2.195055289642775e-10,3.478180372874051e-12,0.0,0.0,0.0,0.0,0.0,1.0,0.0,0.0,0.0,0.0002513594035681231,3.982921743033877e-6,150.0,-1.8704611782890416e-10,-2.9638439583936746e-12,4.820032849856275e-10,7.637595159485304e-12,7.2351149206152385,0.11464419521053384
7.5168e6,1.096407050492044e-10,1.731535094631293e-12,2.1892931208332447e-10,3.4575095713370177e-12,0.0,0.0,0.0,0.0,0.0,1.0,0.0,0.0,0.0,0.0002513594035681231,3.969671924751579e-6,150.0,-1.8612637122381996e-10,-2.9394588776657533e-12,4.826985354373542e-10,7.623167452834349e-12,7.265685792109829,0.11474561322782578
7.5384e6,1.0931311138217867e-10,1.7894365763885704e-12,2.1744539713915771e-10,3.5595432431500914e-12,0.0,0.0,0.0,0.0,0.0,1.0,0.0,0.0,0.0,0.0002513594035681231,4.114709616044694e-6,150.0,-1.8535012432164932e-10,-3.0341492224088373e-12,4.813065953478099e-10,7.878905057978586e-12,7.222457603499416,0.11823037185294696
7.56e6,1.1437070630003302e-10,1.8347872401618173e-12,2.137550357707584e-10,3.429156161051067e-12,0.0,0.0,0.0,0.0,0.0,1.0,0.0,0.0,0.0,0.0002513594035681231,4.032422648082779e-6,150.0,-1.7725723748797638e-10,-2.843641768864184e-12,4.828807487021206e-10,7.746594079031056e-12,7.293296933562392,0.11700240896744135
7.5816e6,1.1378164461225153e-10,1.8189954883553823e-12,2.1497553644960283e-10,3.4367540761183557e-12,0.0,0.0,0.0,0.0,0.0,1.0,0.0,0.0,0.0,0.0002513594035681231,4.018412834550328e-6,150.0,-1.792322991617091e-10,-2.8653368885090475e-12,4.842861777410447e-10,7.742148352538226e-12,7.321897895660515,0.11705314406196556
7.6032e6,1.1318845701581222e-10,1.7882104568878138e-12,2.1614976228253287e-10,3.4148470202526405e-12,0.0,0.0,0.0,0.0,0.0,1.0,0.0,0.0,0.0,0.0002513594035681231,3.971107352711856e-6,150.0,-1.8087043919729014e-10,-2.8574858182694597e-12,4.857480273440553e-10,7.67410144824152e-12,7.361983757937507,0.11630847072633033
7.6248e6,1.1117511573384799e-10,1.780179300023016e-12,2.1519661285635295e-10,3.4458120696636485e-12,0.0,0.0,0.0,0.0,0.0,1.0,0.0,0.0,0.0,0.0002513594035681231,4.024864774319912e-6,150.0,-1.8212383820265113e-10,-2.916237906918515e-12,4.832018690828989e-10,7.737216726925509e-12,7.307880533177599,0.11701663242112682
7.6464e6,1.1409872384683823e-10,1.8570906519293876e-12,2.142177546699311e-10,3.4866453914844192e-12,0.0,0.0,0.0,0.0,0.0,1.0,0.0,0.0,0.0,0.0002513594035681231,4.091169321643934e-6,150.0,-1.7863820585022194e-10,-2.9075464735890452e-12,4.855119861073167e-10,7.902277434845768e-12,7.36156854144,0.1198181685204231
7.668e6,1.1614274873987179e-10,1.8629547901903417e-12,2.1294575480619557e-10,3.4156959282530753e-12,0.0,0.0,0.0,0.0,0.0,1.0,0.0,0.0,0.0,0.0002513594035681231,4.031859156230429e-6,150.0,-1.756921238935066e-10,-2.8181396372768888e-12,4.86734630797473e-10,7.807328669537401e-12,7.381385425506808,0.11839901746675557
7.6896e6,1.1549592671062124e-10,1.8258960039478877e-12,2.1494903247662894e-10,3.3981681486906397e-12,0.0,0.0,0.0,0.0,0.0,1.0,0.0,0.0,0.0,0.0002513594035681231,3.973786293604014e-6,150.0,-1.786907848416758e-10,-2.824954951027924e-12,4.886061679305073e-10,7.724463320372324e-12,7.42840740722845,0.11743703684493655
7.7112e6,1.135610276200665e-10,1.8179978083507725e-12,2.1499972208169036e-10,3.441929258057108e-12,0.0,0.0,0.0,0.0,0.0,1.0,0.0,0.0,0.0,0.0002513594035681231,4.024011180350197e-6,150.0,-1.807499649845071e-10,-2.893625102624977e-12,4.87111538688398e-10,7.798165693962056e-12,7.410984573982249,0.11864240748417086
7.7328e6,1.1926462482760197e-10,1.943617937731992e-12,2.1026727984677497e-10,3.426659476094053e-12,0.0,0.0,0.0,0.0,0.0,1.0,0.0,0.0,0.0,0.0002513594035681231,4.0963248431696925e-6,150.0,-1.7074368874131002e-10,-2.7825559898573887e-12,4.88387670449925e-10,7.959099676251428e-12,7.466688163509957,0.12168225968955068
7.7544e6,1.2053093969046273e-10,1.9194789076084695e-12,2.111137495097961e-10,3.3620279600479713e-12,0.0,0.0,0.0,0.0,0.0,1.0,0.0,0.0,0.0,0.0002513594035681231,4.002947912105546e-6,150.0,-1.7042559538242844e-10,-2.7140611074076896e-12,4.916501532270065e-10,7.829625334916262e-12,7.535697407070348,0.12000746251657997
7.776e6,1.1877845098264688e-10,1.936115534904947e-12,2.1373013183814587e-10,3.483849343931689e-12,0.0,0.0,0.0,0.0,0.0,1.0,0.0,0.0,0.0,0.0002513594035681231,4.097214958324255e-6,150.0,-1.7495632156031162e-10,-2.8518274931219025e-12,4.932024696579366e-10,8.03931146987027e-12,7.563368665199797,0.12328461474081685
