┌ Info: Making AtmosConfig with config files: 
│    config/default_configs/default_config.yml
└    experiments/tag_closure/configs/a2_none_dt2p5.yml
┌ Info: numerics 
│        `energy_q_tot_upwinding`::`Val{:none}`
│              `tracer_upwinding`::`Val{:none}`
│     `edmfx_mse_q_tot_upwinding`::`Val{:first_order}`
│       `edmfx_sgsflux_upwinding`::`Val{:none}`
│        `edmfx_tracer_upwinding`::`Val{:first_order}`
│       `test_dycore_consistency`::`Nothing`
│          `reproducible_restart`::`Nothing`
│                       `limiter`::`Nothing`
│                     `diff_mode`::`ClimaAtmos.Explicit`
└                     `hyperdiff`::`ClimaAtmos.Hyperdiffusion{Float64}`
┌ Info: AtmosModel: 
│ 
│                             `water`::`ClimaAtmos.AtmosWater{ClimaAtmos.EquilibriumMicrophysics0M, ClimaAtmos.QuadratureCloud, ClimaAtmos.Implicit, Nothing, ClimaAtmos.SGSQuadrature{3, StaticArraysCore.SVector{3, Float64}, StaticArraysCore.SVector{3, Float64}, ClimaAtmos.GaussianSGS, Float64}, ClimaAtmos.FixedTerminalVelocity, ClimaAtmos.FixedTerminalVelocity, ClimaAtmos.DiagnosticTerminalVelocity, ClimaAtmos.FixedTerminalVelocity}`
│                         `scm_setup`::`ClimaAtmos.SCMSetup{ClimaAtmos.LargeScaleSubsidence{ClimaAtmos.Setups.var"#27#28"{Float64}}, Nothing, Nothing, Bool, @NamedTuple{prof_ug::Returns{Float64}, prof_vg::Returns{Float64}, coriolis_param::Float64}}`
│                         `radiation`::`ClimaAtmos.AtmosRadiation{ClimaAtmos.RadiationDYCOMS{Float64}, ClimaAtmos.IdealizedInsolation}`
│                          `turbconv`::`ClimaAtmos.AtmosTurbconv{ClimaAtmos.EDMFXModel{ClimaAtmos.InvZEntrainment, ClimaAtmos.BuoyancyVelocityDetrainment, Val{false}, Val{false}, Val{false}, Val{false}, Val{false}, Val{false}, Val{false}, ClimaAtmos.SmoothMinimumBlending}, Nothing, Nothing, Nothing, Nothing}`
│                   `prescribed_flow`::`Nothing`
│                      `gravity_wave`::`ClimaAtmos.AtmosGravityWave{Nothing, Nothing}`
│                `vertical_diffusion`::`Nothing`
│                            `sponge`::`ClimaAtmos.AtmosSponge{Nothing, Nothing}`
│                           `surface`::`ClimaAtmos.AtmosSurface{ClimaAtmos.SurfaceConditions.MoninObukhov{Float64, ClimaAtmos.SurfaceConditions.HeatFluxes{Float64, Float64}, Float64}, ClimaAtmos.SurfaceConditions.AnalyticTemperature{Returns{Float64}}, ClimaAtmos.SurfaceConditions.SurfaceBoundaryOverrides{Float64, Float64, Nothing, Nothing, Nothing, Nothing}, ClimaAtmos.ConstantAlbedo{Float64}}`
│                          `numerics`::`ClimaAtmos.AtmosNumerics{Val{:none}, Val{:none}, Val{:first_order}, Val{:none}, Val{:first_order}, Nothing, Nothing, Nothing, ClimaAtmos.Explicit, ClimaAtmos.Hyperdiffusion{Float64}}`
│                         `chemistry`::`ClimaAtmos.AtmosChem{Nothing}`
│                           `tagging`::`ClimaAtmos.AtmosTagging{Nothing, ClimaAtmos.WaterTaggingModel{Tuple{ClimaAtmos.WaterTag{:upper, ClimaAtmos.TanhAltitudeRegion{Float64}, Tuple{}}, ClimaAtmos.WaterTag{:lower, ClimaAtmos.TanhAltitudeRegion{Float64}, Tuple{}}, ClimaAtmos.WaterTag{:evap, Nothing, Tuple{Symbol}}}}, Nothing, Nothing, Nothing}`
└                              `cosp`::`Nothing`
[ Info: Single-process ClimaAtmos run on CPUSingleThreaded
[ Info: Using ODE config: `ClimaTimeSteppers.ARS343`
[ Info: Initialized state (36.1 μs, 2.38 KiB)
[ Info: Built cache (26.43 s, 6.59 GiB)
[ Info: Assembled callbacks (287.952 ms, 31.97 MiB)
┌ Info: Jacobian algorithm: ManualSparseJacobian(
│   approximate_solve_iters = 1,
└ )
[ Info: Jacobian derivative flags: topography_flag = IgnoreDerivative, diffusion_flag = IgnoreDerivative
[ Info: Built tendency function (865.852 ms, 34.12 MiB)
[ Info: Initialized integrator (13.093 s, 1.76 GiB)
[ Info: Added 6 user-provided YAML-style diagnostics
[ Info: Set up diagnostics (7.003 s, 370.93 MiB)
[ Info: Initialized 6 total diagnostics
┌ Info: Simulation info
│   job_id = "a2_none_dt2p5"
└   output_dir = "output/a2_none_dt2p5/output_0000"
┌ Info: Running
│   job_id = "a2_none_dt2p5"
│   output_dir = "output/a2_none_dt2p5/output_0000"
└   tspan = (0.0 milliseconds (2010-01-01T00:00:00) [counter = 0, period = 1 millisecond, epoch = 2010-01-01T00:00:00], 3.6e6 milliseconds (2010-01-01T01:00:00) [counter = 3600000, period = 1 millisecond, epoch = 2010-01-01T00:00:00])
┌ Warning: water tag closure residual 1.1692058928836182e-6 exceeds the configured tolerance 1.0e-10 at t = 2.5 s. The tags no longer account for the field they partition; see output/a2_none_dt2p5/output_0000/water_tag_closure.csv.
└ @ ClimaAtmos ~/git/ClimaAtmosResiDyn.jl/src/parameterized_tendencies/tagged_tracers/tagged_tracers.jl:590
┌ Info: Progress
│   simulation_time = "2 seconds, 500 milliseconds"
│   n_steps_completed = 1
│   wall_time_per_step = "0 seconds"
│   wall_time_total = "0 seconds"
│   wall_time_remaining = "0 seconds"
│   wall_time_spent = "0 seconds"
│   percent_complete = "0.1%"
│   estimated_sypd = "Inf"
│   instantaneous_sypd = "0.0 (sdpd_estimate = 0.0)"
│   date_now = 2026-09-10T00:49:21.640
└   estimated_finish_date = 2026-09-10T00:49:21.640
┌ Warning: water tag closure residual 1.3370103770750004e-6 exceeds the configured tolerance 1.0e-10 at t = 5.0 s. The tags no longer account for the field they partition; see output/a2_none_dt2p5/output_0000/water_tag_closure.csv.
└ @ ClimaAtmos ~/git/ClimaAtmosResiDyn.jl/src/parameterized_tendencies/tagged_tracers/tagged_tracers.jl:590
┌ Info: Progress
│   simulation_time = "5 seconds"
│   n_steps_completed = 2
│   wall_time_per_step = "0 seconds"
│   wall_time_total = "0 seconds"
│   wall_time_remaining = "0 seconds"
│   wall_time_spent = "0 seconds"
│   percent_complete = "0.1%"
│   estimated_sypd = "Inf"
│   instantaneous_sypd = "0.007 (sdpd_estimate = 2.414)"
│   date_now = 2026-09-10T00:49:22.577
└   estimated_finish_date = 2026-09-10T00:49:22.577
┌ Warning: water tag closure residual 1.4386275986596388e-6 exceeds the configured tolerance 1.0e-10 at t = 7.5 s. The tags no longer account for the field they partition; see output/a2_none_dt2p5/output_0000/water_tag_closure.csv.
└ @ ClimaAtmos ~/git/ClimaAtmosResiDyn.jl/src/parameterized_tendencies/tagged_tracers/tagged_tracers.jl:590
┌ Warning: water tag closure residual 1.4797834837705144e-6 exceeds the configured tolerance 1.0e-10 at t = 10.0 s. The tags no longer account for the field they partition; see output/a2_none_dt2p5/output_0000/water_tag_closure.csv.
└ @ ClimaAtmos ~/git/ClimaAtmosResiDyn.jl/src/parameterized_tendencies/tagged_tracers/tagged_tracers.jl:590
┌ Info: Progress
│   simulation_time = "10 seconds"
│   n_steps_completed = 4
│   wall_time_per_step = "3 milliseconds, 13 microseconds"
│   wall_time_total = "4 seconds, 339 milliseconds"
│   wall_time_remaining = "4 seconds, 327 milliseconds"
│   wall_time_spent = "12 milliseconds, 53 microseconds"
│   percent_complete = "0.3%"
│   estimated_sypd = "2.271"
│   instantaneous_sypd = "2.271"
│   date_now = 2026-09-10T00:49:22.667
└   estimated_finish_date = 2026-09-10T00:49:27.667
┌ Warning: water tag closure residual 1.522477598131021e-6 exceeds the configured tolerance 1.0e-10 at t = 12.5 s. The tags no longer account for the field they partition; see output/a2_none_dt2p5/output_0000/water_tag_closure.csv.
└ @ ClimaAtmos ~/git/ClimaAtmosResiDyn.jl/src/parameterized_tendencies/tagged_tracers/tagged_tracers.jl:590
┌ Warning: water tag closure residual 1.569917444731941e-6 exceeds the configured tolerance 1.0e-10 at t = 15.0 s. The tags no longer account for the field they partition; see output/a2_none_dt2p5/output_0000/water_tag_closure.csv.
└ @ ClimaAtmos ~/git/ClimaAtmosResiDyn.jl/src/parameterized_tendencies/tagged_tracers/tagged_tracers.jl:590
┌ Warning: water tag closure residual 1.6014938461255523e-6 exceeds the configured tolerance 1.0e-10 at t = 17.5 s. The tags no longer account for the field they partition; see output/a2_none_dt2p5/output_0000/water_tag_closure.csv.
└ @ ClimaAtmos ~/git/ClimaAtmosResiDyn.jl/src/parameterized_tendencies/tagged_tracers/tagged_tracers.jl:590
┌ Warning: water tag closure residual 1.6263424895985273e-6 exceeds the configured tolerance 1.0e-10 at t = 20.0 s. The tags no longer account for the field they partition; see output/a2_none_dt2p5/output_0000/water_tag_closure.csv.
└ @ ClimaAtmos ~/git/ClimaAtmosResiDyn.jl/src/parameterized_tendencies/tagged_tracers/tagged_tracers.jl:590
┌ Info: Progress
│   simulation_time = "20 seconds"
│   n_steps_completed = 8
│   wall_time_per_step = "13 milliseconds, 223 microseconds"
│   wall_time_total = "19 seconds, 41 milliseconds"
│   wall_time_remaining = "18 seconds, 936 milliseconds"
│   wall_time_spent = "105 milliseconds, 787 microseconds"
│   percent_complete = "0.6%"
│   estimated_sypd = "0.518"
│   instantaneous_sypd = "0.292"
│   date_now = 2026-09-10T00:49:22.677
└   estimated_finish_date = 2026-09-10T00:49:41.677
┌ Warning: water tag closure residual 1.6451399407935277e-6 exceeds the configured tolerance 1.0e-10 at t = 22.5 s. The tags no longer account for the field they partition; see output/a2_none_dt2p5/output_0000/water_tag_closure.csv.
└ @ ClimaAtmos ~/git/ClimaAtmosResiDyn.jl/src/parameterized_tendencies/tagged_tracers/tagged_tracers.jl:590
┌ Warning: water tag closure residual 1.6577879025965727e-6 exceeds the configured tolerance 1.0e-10 at t = 25.0 s. The tags no longer account for the field they partition; see output/a2_none_dt2p5/output_0000/water_tag_closure.csv.
└ @ ClimaAtmos ~/git/ClimaAtmosResiDyn.jl/src/parameterized_tendencies/tagged_tracers/tagged_tracers.jl:590
┌ Warning: water tag closure residual 1.6738357964597104e-6 exceeds the configured tolerance 1.0e-10 at t = 27.5 s. The tags no longer account for the field they partition; see output/a2_none_dt2p5/output_0000/water_tag_closure.csv.
└ @ ClimaAtmos ~/git/ClimaAtmosResiDyn.jl/src/parameterized_tendencies/tagged_tracers/tagged_tracers.jl:590
┌ Warning: water tag closure residual 1.680607583909059e-6 exceeds the configured tolerance 1.0e-10 at t = 30.0 s. The tags no longer account for the field they partition; see output/a2_none_dt2p5/output_0000/water_tag_closure.csv.
└ @ ClimaAtmos ~/git/ClimaAtmosResiDyn.jl/src/parameterized_tendencies/tagged_tracers/tagged_tracers.jl:590
┌ Warning: water tag closure residual 1.689874030897511e-6 exceeds the configured tolerance 1.0e-10 at t = 32.5 s. The tags no longer account for the field they partition; see output/a2_none_dt2p5/output_0000/water_tag_closure.csv.
└ @ ClimaAtmos ~/git/ClimaAtmosResiDyn.jl/src/parameterized_tendencies/tagged_tracers/tagged_tracers.jl:590
┌ Warning: water tag closure residual 1.6950143559767981e-6 exceeds the configured tolerance 1.0e-10 at t = 35.0 s. The tags no longer account for the field they partition; see output/a2_none_dt2p5/output_0000/water_tag_closure.csv.
└ @ ClimaAtmos ~/git/ClimaAtmosResiDyn.jl/src/parameterized_tendencies/tagged_tracers/tagged_tracers.jl:590
┌ Warning: water tag closure residual 1.7029710714698907e-6 exceeds the configured tolerance 1.0e-10 at t = 37.5 s. The tags no longer account for the field they partition; see output/a2_none_dt2p5/output_0000/water_tag_closure.csv.
└ @ ClimaAtmos ~/git/ClimaAtmosResiDyn.jl/src/parameterized_tendencies/tagged_tracers/tagged_tracers.jl:590
┌ Warning: water tag closure residual 1.70475739527996e-6 exceeds the configured tolerance 1.0e-10 at t = 40.0 s. The tags no longer account for the field they partition; see output/a2_none_dt2p5/output_0000/water_tag_closure.csv.
└ @ ClimaAtmos ~/git/ClimaAtmosResiDyn.jl/src/parameterized_tendencies/tagged_tracers/tagged_tracers.jl:590
┌ Info: Progress
│   simulation_time = "40 seconds"
│   n_steps_completed = 16
│   wall_time_per_step = "7 milliseconds, 637 microseconds"
│   wall_time_total = "10 seconds, 998 milliseconds"
│   wall_time_remaining = "10 seconds, 876 milliseconds"
│   wall_time_spent = "122 milliseconds, 205 microseconds"
│   percent_complete = "1.1%"
│   estimated_sypd = "0.896"
│   instantaneous_sypd = "3.335"
│   date_now = 2026-09-10T00:49:22.693
└   estimated_finish_date = 2026-09-10T00:49:33.693
┌ Warning: water tag closure residual 1.7089361628646442e-6 exceeds the configured tolerance 1.0e-10 at t = 42.5 s. The tags no longer account for the field they partition; see output/a2_none_dt2p5/output_0000/water_tag_closure.csv.
└ @ ClimaAtmos ~/git/ClimaAtmosResiDyn.jl/src/parameterized_tendencies/tagged_tracers/tagged_tracers.jl:590
┌ Warning: water tag closure residual 1.7115433704105273e-6 exceeds the configured tolerance 1.0e-10 at t = 45.0 s. The tags no longer account for the field they partition; see output/a2_none_dt2p5/output_0000/water_tag_closure.csv.
└ @ ClimaAtmos ~/git/ClimaAtmosResiDyn.jl/src/parameterized_tendencies/tagged_tracers/tagged_tracers.jl:590
┌ Warning: water tag closure residual 1.7148428583102026e-6 exceeds the configured tolerance 1.0e-10 at t = 47.5 s. The tags no longer account for the field they partition; see output/a2_none_dt2p5/output_0000/water_tag_closure.csv.
└ @ ClimaAtmos ~/git/ClimaAtmosResiDyn.jl/src/parameterized_tendencies/tagged_tracers/tagged_tracers.jl:590
┌ Warning: water tag closure residual 1.7155167398701487e-6 exceeds the configured tolerance 1.0e-10 at t = 50.0 s. The tags no longer account for the field they partition; see output/a2_none_dt2p5/output_0000/water_tag_closure.csv.
└ @ ClimaAtmos ~/git/ClimaAtmosResiDyn.jl/src/parameterized_tendencies/tagged_tracers/tagged_tracers.jl:590
┌ Warning: water tag closure residual 1.7171332720634165e-6 exceeds the configured tolerance 1.0e-10 at t = 52.5 s. The tags no longer account for the field they partition; see output/a2_none_dt2p5/output_0000/water_tag_closure.csv.
└ @ ClimaAtmos ~/git/ClimaAtmosResiDyn.jl/src/parameterized_tendencies/tagged_tracers/tagged_tracers.jl:590
┌ Warning: water tag closure residual 1.7187372809404625e-6 exceeds the configured tolerance 1.0e-10 at t = 55.0 s. The tags no longer account for the field they partition; see output/a2_none_dt2p5/output_0000/water_tag_closure.csv.
└ @ ClimaAtmos ~/git/ClimaAtmosResiDyn.jl/src/parameterized_tendencies/tagged_tracers/tagged_tracers.jl:590
┌ Warning: water tag closure residual 1.7196695136541598e-6 exceeds the configured tolerance 1.0e-10 at t = 57.5 s. The tags no longer account for the field they partition; see output/a2_none_dt2p5/output_0000/water_tag_closure.csv.
└ @ ClimaAtmos ~/git/ClimaAtmosResiDyn.jl/src/parameterized_tendencies/tagged_tracers/tagged_tracers.jl:590
┌ Warning: water tag closure residual 1.719965625321615e-6 exceeds the configured tolerance 1.0e-10 at t = 60.0 s. The tags no longer account for the field they partition; see output/a2_none_dt2p5/output_0000/water_tag_closure.csv.
└ @ ClimaAtmos ~/git/ClimaAtmosResiDyn.jl/src/parameterized_tendencies/tagged_tracers/tagged_tracers.jl:590
┌ Warning: water tag closure residual 1.7205956341911602e-6 exceeds the configured tolerance 1.0e-10 at t = 62.5 s. The tags no longer account for the field they partition; see output/a2_none_dt2p5/output_0000/water_tag_closure.csv.
└ @ ClimaAtmos ~/git/ClimaAtmosResiDyn.jl/src/parameterized_tendencies/tagged_tracers/tagged_tracers.jl:590
┌ Warning: water tag closure residual 1.7215153103052074e-6 exceeds the configured tolerance 1.0e-10 at t = 65.0 s. The tags no longer account for the field they partition; see output/a2_none_dt2p5/output_0000/water_tag_closure.csv.
└ @ ClimaAtmos ~/git/ClimaAtmosResiDyn.jl/src/parameterized_tendencies/tagged_tracers/tagged_tracers.jl:590
┌ Warning: water tag closure residual 1.7216626279587365e-6 exceeds the configured tolerance 1.0e-10 at t = 67.5 s. The tags no longer account for the field they partition; see output/a2_none_dt2p5/output_0000/water_tag_closure.csv.
└ @ ClimaAtmos ~/git/ClimaAtmosResiDyn.jl/src/parameterized_tendencies/tagged_tracers/tagged_tracers.jl:590
┌ Warning: water tag closure residual 1.7218464601987761e-6 exceeds the configured tolerance 1.0e-10 at t = 70.0 s. The tags no longer account for the field they partition; see output/a2_none_dt2p5/output_0000/water_tag_closure.csv.
└ @ ClimaAtmos ~/git/ClimaAtmosResiDyn.jl/src/parameterized_tendencies/tagged_tracers/tagged_tracers.jl:590
┌ Warning: water tag closure residual 1.7221573372782719e-6 exceeds the configured tolerance 1.0e-10 at t = 72.5 s. The tags no longer account for the field they partition; see output/a2_none_dt2p5/output_0000/water_tag_closure.csv.
└ @ ClimaAtmos ~/git/ClimaAtmosResiDyn.jl/src/parameterized_tendencies/tagged_tracers/tagged_tracers.jl:590
┌ Warning: water tag closure residual 1.7225946416666371e-6 exceeds the configured tolerance 1.0e-10 at t = 75.0 s. The tags no longer account for the field they partition; see output/a2_none_dt2p5/output_0000/water_tag_closure.csv.
└ @ ClimaAtmos ~/git/ClimaAtmosResiDyn.jl/src/parameterized_tendencies/tagged_tracers/tagged_tracers.jl:590
┌ Warning: water tag closure residual 1.722500410007382e-6 exceeds the configured tolerance 1.0e-10 at t = 77.5 s. The tags no longer account for the field they partition; see output/a2_none_dt2p5/output_0000/water_tag_closure.csv.
└ @ ClimaAtmos ~/git/ClimaAtmosResiDyn.jl/src/parameterized_tendencies/tagged_tracers/tagged_tracers.jl:590
┌ Warning: water tag closure residual 1.722533110183514e-6 exceeds the configured tolerance 1.0e-10 at t = 80.0 s. The tags no longer account for the field they partition; see output/a2_none_dt2p5/output_0000/water_tag_closure.csv.
└ @ ClimaAtmos ~/git/ClimaAtmosResiDyn.jl/src/parameterized_tendencies/tagged_tracers/tagged_tracers.jl:590
┌ Info: Progress
│   simulation_time = "1 minute, 20 seconds"
│   n_steps_completed = 32
│   wall_time_per_step = "34 milliseconds, 666 microseconds"
│   wall_time_total = "49 seconds, 919 milliseconds"
│   wall_time_remaining = "48 seconds, 809 milliseconds"
│   wall_time_spent = "1 second, 109 milliseconds"
│   percent_complete = "2.2%"
│   estimated_sypd = "0.197"
│   instantaneous_sypd = "0.111"
│   date_now = 2026-09-10T00:49:23.697
└   estimated_finish_date = 2026-09-10T00:50:12.697
┌ Warning: water tag closure residual 1.7227069175623098e-6 exceeds the configured tolerance 1.0e-10 at t = 82.5 s. The tags no longer account for the field they partition; see output/a2_none_dt2p5/output_0000/water_tag_closure.csv.
└ @ ClimaAtmos ~/git/ClimaAtmosResiDyn.jl/src/parameterized_tendencies/tagged_tracers/tagged_tracers.jl:590
┌ Warning: water tag closure residual 1.7228467696015897e-6 exceeds the configured tolerance 1.0e-10 at t = 85.0 s. The tags no longer account for the field they partition; see output/a2_none_dt2p5/output_0000/water_tag_closure.csv.
└ @ ClimaAtmos ~/git/ClimaAtmosResiDyn.jl/src/parameterized_tendencies/tagged_tracers/tagged_tracers.jl:590
┌ Warning: water tag closure residual 1.722743701812327e-6 exceeds the configured tolerance 1.0e-10 at t = 87.5 s. The tags no longer account for the field they partition; see output/a2_none_dt2p5/output_0000/water_tag_closure.csv.
└ @ ClimaAtmos ~/git/ClimaAtmosResiDyn.jl/src/parameterized_tendencies/tagged_tracers/tagged_tracers.jl:590
┌ Warning: water tag closure residual 1.7227418738525355e-6 exceeds the configured tolerance 1.0e-10 at t = 90.0 s. The tags no longer account for the field they partition; see output/a2_none_dt2p5/output_0000/water_tag_closure.csv.
└ @ ClimaAtmos ~/git/ClimaAtmosResiDyn.jl/src/parameterized_tendencies/tagged_tracers/tagged_tracers.jl:590
┌ Warning: water tag closure residual 1.7228528980663395e-6 exceeds the configured tolerance 1.0e-10 at t = 92.5 s. The tags no longer account for the field they partition; see output/a2_none_dt2p5/output_0000/water_tag_closure.csv.
└ @ ClimaAtmos ~/git/ClimaAtmosResiDyn.jl/src/parameterized_tendencies/tagged_tracers/tagged_tracers.jl:590
┌ Warning: water tag closure residual 1.7228595200261508e-6 exceeds the configured tolerance 1.0e-10 at t = 95.0 s. The tags no longer account for the field they partition; see output/a2_none_dt2p5/output_0000/water_tag_closure.csv.
└ @ ClimaAtmos ~/git/ClimaAtmosResiDyn.jl/src/parameterized_tendencies/tagged_tracers/tagged_tracers.jl:590
┌ Warning: water tag closure residual 1.7227523264796107e-6 exceeds the configured tolerance 1.0e-10 at t = 97.5 s. The tags no longer account for the field they partition; see output/a2_none_dt2p5/output_0000/water_tag_closure.csv.
└ @ ClimaAtmos ~/git/ClimaAtmosResiDyn.jl/src/parameterized_tendencies/tagged_tracers/tagged_tracers.jl:590
┌ Warning: water tag closure residual 1.7227475908104834e-6 exceeds the configured tolerance 1.0e-10 at t = 100.0 s. The tags no longer account for the field they partition; see output/a2_none_dt2p5/output_0000/water_tag_closure.csv.
└ @ ClimaAtmos ~/git/ClimaAtmosResiDyn.jl/src/parameterized_tendencies/tagged_tracers/tagged_tracers.jl:590
┌ Warning: water tag closure residual 1.7228005624500328e-6 exceeds the configured tolerance 1.0e-10 at t = 102.5 s. The tags no longer account for the field they partition; see output/a2_none_dt2p5/output_0000/water_tag_closure.csv.
└ @ ClimaAtmos ~/git/ClimaAtmosResiDyn.jl/src/parameterized_tendencies/tagged_tracers/tagged_tracers.jl:590
┌ Warning: water tag closure residual 1.7227460994808287e-6 exceeds the configured tolerance 1.0e-10 at t = 105.0 s. The tags no longer account for the field they partition; see output/a2_none_dt2p5/output_0000/water_tag_closure.csv.
└ @ ClimaAtmos ~/git/ClimaAtmosResiDyn.jl/src/parameterized_tendencies/tagged_tracers/tagged_tracers.jl:590
┌ Warning: water tag closure residual 1.7226642932949142e-6 exceeds the configured tolerance 1.0e-10 at t = 107.5 s. The tags no longer account for the field they partition; see output/a2_none_dt2p5/output_0000/water_tag_closure.csv.
└ @ ClimaAtmos ~/git/ClimaAtmosResiDyn.jl/src/parameterized_tendencies/tagged_tracers/tagged_tracers.jl:590
┌ Warning: water tag closure residual 1.7226571014060947e-6 exceeds the configured tolerance 1.0e-10 at t = 110.0 s. The tags no longer account for the field they partition; see output/a2_none_dt2p5/output_0000/water_tag_closure.csv.
└ @ ClimaAtmos ~/git/ClimaAtmosResiDyn.jl/src/parameterized_tendencies/tagged_tracers/tagged_tracers.jl:590
┌ Warning: water tag closure residual 1.722663943380503e-6 exceeds the configured tolerance 1.0e-10 at t = 112.5 s. The tags no longer account for the field they partition; see output/a2_none_dt2p5/output_0000/water_tag_closure.csv.
└ @ ClimaAtmos ~/git/ClimaAtmosResiDyn.jl/src/parameterized_tendencies/tagged_tracers/tagged_tracers.jl:590
┌ Warning: water tag closure residual 1.722593221824726e-6 exceeds the configured tolerance 1.0e-10 at t = 115.0 s. The tags no longer account for the field they partition; see output/a2_none_dt2p5/output_0000/water_tag_closure.csv.
└ @ ClimaAtmos ~/git/ClimaAtmosResiDyn.jl/src/parameterized_tendencies/tagged_tracers/tagged_tracers.jl:590
┌ Warning: water tag closure residual 1.7225309672038186e-6 exceeds the configured tolerance 1.0e-10 at t = 117.5 s. The tags no longer account for the field they partition; see output/a2_none_dt2p5/output_0000/water_tag_closure.csv.
└ @ ClimaAtmos ~/git/ClimaAtmosResiDyn.jl/src/parameterized_tendencies/tagged_tracers/tagged_tracers.jl:590
┌ Warning: water tag closure residual 1.722518818162563e-6 exceeds the configured tolerance 1.0e-10 at t = 120.0 s. The tags no longer account for the field they partition; see output/a2_none_dt2p5/output_0000/water_tag_closure.csv.
└ @ ClimaAtmos ~/git/ClimaAtmosResiDyn.jl/src/parameterized_tendencies/tagged_tracers/tagged_tracers.jl:590
┌ Warning: water tag closure residual 1.7224951637132671e-6 exceeds the configured tolerance 1.0e-10 at t = 122.5 s. The tags no longer account for the field they partition; see output/a2_none_dt2p5/output_0000/water_tag_closure.csv.
└ @ ClimaAtmos ~/git/ClimaAtmosResiDyn.jl/src/parameterized_tendencies/tagged_tracers/tagged_tracers.jl:590
┌ Warning: water tag closure residual 1.722425952738292e-6 exceeds the configured tolerance 1.0e-10 at t = 125.0 s. The tags no longer account for the field they partition; see output/a2_none_dt2p5/output_0000/water_tag_closure.csv.
└ @ ClimaAtmos ~/git/ClimaAtmosResiDyn.jl/src/parameterized_tendencies/tagged_tracers/tagged_tracers.jl:590
┌ Warning: water tag closure residual 1.7223767587242892e-6 exceeds the configured tolerance 1.0e-10 at t = 127.5 s. The tags no longer account for the field they partition; see output/a2_none_dt2p5/output_0000/water_tag_closure.csv.
└ @ ClimaAtmos ~/git/ClimaAtmosResiDyn.jl/src/parameterized_tendencies/tagged_tracers/tagged_tracers.jl:590
┌ Warning: water tag closure residual 1.7223565851496548e-6 exceeds the configured tolerance 1.0e-10 at t = 130.0 s. The tags no longer account for the field they partition; see output/a2_none_dt2p5/output_0000/water_tag_closure.csv.
└ @ ClimaAtmos ~/git/ClimaAtmosResiDyn.jl/src/parameterized_tendencies/tagged_tracers/tagged_tracers.jl:590
┌ Warning: water tag closure residual 1.722316065262583e-6 exceeds the configured tolerance 1.0e-10 at t = 132.5 s. The tags no longer account for the field they partition; see output/a2_none_dt2p5/output_0000/water_tag_closure.csv.
└ @ ClimaAtmos ~/git/ClimaAtmosResiDyn.jl/src/parameterized_tendencies/tagged_tracers/tagged_tracers.jl:590
┌ Warning: water tag closure residual 1.722253728237588e-6 exceeds the configured tolerance 1.0e-10 at t = 135.0 s. The tags no longer account for the field they partition; see output/a2_none_dt2p5/output_0000/water_tag_closure.csv.
└ @ ClimaAtmos ~/git/ClimaAtmosResiDyn.jl/src/parameterized_tendencies/tagged_tracers/tagged_tracers.jl:590
┌ Warning: water tag closure residual 1.7222118060905684e-6 exceeds the configured tolerance 1.0e-10 at t = 137.5 s. The tags no longer account for the field they partition; see output/a2_none_dt2p5/output_0000/water_tag_closure.csv.
└ @ ClimaAtmos ~/git/ClimaAtmosResiDyn.jl/src/parameterized_tendencies/tagged_tracers/tagged_tracers.jl:590
┌ Warning: water tag closure residual 1.7221830498397555e-6 exceeds the configured tolerance 1.0e-10 at t = 140.0 s. The tags no longer account for the field they partition; see output/a2_none_dt2p5/output_0000/water_tag_closure.csv.
└ @ ClimaAtmos ~/git/ClimaAtmosResiDyn.jl/src/parameterized_tendencies/tagged_tracers/tagged_tracers.jl:590
┌ Warning: water tag closure residual 1.7221350151087796e-6 exceeds the configured tolerance 1.0e-10 at t = 142.5 s. The tags no longer account for the field they partition; see output/a2_none_dt2p5/output_0000/water_tag_closure.csv.
└ @ ClimaAtmos ~/git/ClimaAtmosResiDyn.jl/src/parameterized_tendencies/tagged_tracers/tagged_tracers.jl:590
┌ Warning: water tag closure residual 1.7220797306115325e-6 exceeds the configured tolerance 1.0e-10 at t = 145.0 s. The tags no longer account for the field they partition; see output/a2_none_dt2p5/output_0000/water_tag_closure.csv.
└ @ ClimaAtmos ~/git/ClimaAtmosResiDyn.jl/src/parameterized_tendencies/tagged_tracers/tagged_tracers.jl:590
┌ Warning: water tag closure residual 1.7220407279783415e-6 exceeds the configured tolerance 1.0e-10 at t = 147.5 s. The tags no longer account for the field they partition; see output/a2_none_dt2p5/output_0000/water_tag_closure.csv.
└ @ ClimaAtmos ~/git/ClimaAtmosResiDyn.jl/src/parameterized_tendencies/tagged_tracers/tagged_tracers.jl:590
┌ Warning: water tag closure residual 1.7220048381965207e-6 exceeds the configured tolerance 1.0e-10 at t = 150.0 s. The tags no longer account for the field they partition; see output/a2_none_dt2p5/output_0000/water_tag_closure.csv.
└ @ ClimaAtmos ~/git/ClimaAtmosResiDyn.jl/src/parameterized_tendencies/tagged_tracers/tagged_tracers.jl:590
┌ Warning: water tag closure residual 1.7219547022356249e-6 exceeds the configured tolerance 1.0e-10 at t = 152.5 s. The tags no longer account for the field they partition; see output/a2_none_dt2p5/output_0000/water_tag_closure.csv.
└ @ ClimaAtmos ~/git/ClimaAtmosResiDyn.jl/src/parameterized_tendencies/tagged_tracers/tagged_tracers.jl:590
┌ Warning: water tag closure residual 1.7219048739953037e-6 exceeds the configured tolerance 1.0e-10 at t = 155.0 s. The tags no longer account for the field they partition; see output/a2_none_dt2p5/output_0000/water_tag_closure.csv.
└ @ ClimaAtmos ~/git/ClimaAtmosResiDyn.jl/src/parameterized_tendencies/tagged_tracers/tagged_tracers.jl:590
┌ Warning: water tag closure residual 1.7218660740270906e-6 exceeds the configured tolerance 1.0e-10 at t = 157.5 s. The tags no longer account for the field they partition; see output/a2_none_dt2p5/output_0000/water_tag_closure.csv.
└ @ ClimaAtmos ~/git/ClimaAtmosResiDyn.jl/src/parameterized_tendencies/tagged_tracers/tagged_tracers.jl:590
┌ Warning: water tag closure residual 1.7218252596555199e-6 exceeds the configured tolerance 1.0e-10 at t = 160.0 s. The tags no longer account for the field they partition; see output/a2_none_dt2p5/output_0000/water_tag_closure.csv.
└ @ ClimaAtmos ~/git/ClimaAtmosResiDyn.jl/src/parameterized_tendencies/tagged_tracers/tagged_tracers.jl:590
┌ Info: Progress
│   simulation_time = "2 minutes, 40 seconds"
│   n_steps_completed = 64
│   wall_time_per_step = "18 milliseconds, 888 microseconds"
│   wall_time_total = "27 seconds, 199 milliseconds"
│   wall_time_remaining = "25 seconds, 990 milliseconds"
│   wall_time_spent = "1 second, 208 milliseconds"
│   percent_complete = "4.4%"
│   estimated_sypd = "0.362"
│   instantaneous_sypd = "2.2"
│   date_now = 2026-09-10T00:49:23.780
└   estimated_finish_date = 2026-09-10T00:49:49.780
┌ Warning: water tag closure residual 1.7217756329630024e-6 exceeds the configured tolerance 1.0e-10 at t = 162.5 s. The tags no longer account for the field they partition; see output/a2_none_dt2p5/output_0000/water_tag_closure.csv.
└ @ ClimaAtmos ~/git/ClimaAtmosResiDyn.jl/src/parameterized_tendencies/tagged_tracers/tagged_tracers.jl:590
┌ Warning: water tag closure residual 1.7217293715259157e-6 exceeds the configured tolerance 1.0e-10 at t = 165.0 s. The tags no longer account for the field they partition; see output/a2_none_dt2p5/output_0000/water_tag_closure.csv.
└ @ ClimaAtmos ~/git/ClimaAtmosResiDyn.jl/src/parameterized_tendencies/tagged_tracers/tagged_tracers.jl:590
┌ Warning: water tag closure residual 1.7216894667002939e-6 exceeds the configured tolerance 1.0e-10 at t = 167.5 s. The tags no longer account for the field they partition; see output/a2_none_dt2p5/output_0000/water_tag_closure.csv.
└ @ ClimaAtmos ~/git/ClimaAtmosResiDyn.jl/src/parameterized_tendencies/tagged_tracers/tagged_tracers.jl:590
┌ Warning: water tag closure residual 1.7216457930215533e-6 exceeds the configured tolerance 1.0e-10 at t = 170.0 s. The tags no longer account for the field they partition; see output/a2_none_dt2p5/output_0000/water_tag_closure.csv.
└ @ ClimaAtmos ~/git/ClimaAtmosResiDyn.jl/src/parameterized_tendencies/tagged_tracers/tagged_tracers.jl:590
┌ Warning: water tag closure residual 1.7215976049225266e-6 exceeds the configured tolerance 1.0e-10 at t = 172.5 s. The tags no longer account for the field they partition; see output/a2_none_dt2p5/output_0000/water_tag_closure.csv.
└ @ ClimaAtmos ~/git/ClimaAtmosResiDyn.jl/src/parameterized_tendencies/tagged_tracers/tagged_tracers.jl:590
┌ Warning: water tag closure residual 1.7215533206890243e-6 exceeds the configured tolerance 1.0e-10 at t = 175.0 s. The tags no longer account for the field they partition; see output/a2_none_dt2p5/output_0000/water_tag_closure.csv.
└ @ ClimaAtmos ~/git/ClimaAtmosResiDyn.jl/src/parameterized_tendencies/tagged_tracers/tagged_tracers.jl:590
┌ Warning: water tag closure residual 1.721511972588233e-6 exceeds the configured tolerance 1.0e-10 at t = 177.5 s. The tags no longer account for the field they partition; see output/a2_none_dt2p5/output_0000/water_tag_closure.csv.
└ @ ClimaAtmos ~/git/ClimaAtmosResiDyn.jl/src/parameterized_tendencies/tagged_tracers/tagged_tracers.jl:590
┌ Warning: water tag closure residual 1.7214669697894388e-6 exceeds the configured tolerance 1.0e-10 at t = 180.0 s. The tags no longer account for the field they partition; see output/a2_none_dt2p5/output_0000/water_tag_closure.csv.
└ @ ClimaAtmos ~/git/ClimaAtmosResiDyn.jl/src/parameterized_tendencies/tagged_tracers/tagged_tracers.jl:590
┌ Warning: water tag closure residual 1.721420281324778e-6 exceeds the configured tolerance 1.0e-10 at t = 182.5 s. The tags no longer account for the field they partition; see output/a2_none_dt2p5/output_0000/water_tag_closure.csv.
└ @ ClimaAtmos ~/git/ClimaAtmosResiDyn.jl/src/parameterized_tendencies/tagged_tracers/tagged_tracers.jl:590
┌ Warning: water tag closure residual 1.72137686197234e-6 exceeds the configured tolerance 1.0e-10 at t = 185.0 s. The tags no longer account for the field they partition; see output/a2_none_dt2p5/output_0000/water_tag_closure.csv.
└ @ ClimaAtmos ~/git/ClimaAtmosResiDyn.jl/src/parameterized_tendencies/tagged_tracers/tagged_tracers.jl:590
┌ Warning: water tag closure residual 1.721334255728494e-6 exceeds the configured tolerance 1.0e-10 at t = 187.5 s. The tags no longer account for the field they partition; see output/a2_none_dt2p5/output_0000/water_tag_closure.csv.
└ @ ClimaAtmos ~/git/ClimaAtmosResiDyn.jl/src/parameterized_tendencies/tagged_tracers/tagged_tracers.jl:590
┌ Warning: water tag closure residual 1.7212888792861042e-6 exceeds the configured tolerance 1.0e-10 at t = 190.0 s. The tags no longer account for the field they partition; see output/a2_none_dt2p5/output_0000/water_tag_closure.csv.
└ @ ClimaAtmos ~/git/ClimaAtmosResiDyn.jl/src/parameterized_tendencies/tagged_tracers/tagged_tracers.jl:590
┌ Warning: water tag closure residual 1.721243390441837e-6 exceeds the configured tolerance 1.0e-10 at t = 192.5 s. The tags no longer account for the field they partition; see output/a2_none_dt2p5/output_0000/water_tag_closure.csv.
└ @ ClimaAtmos ~/git/ClimaAtmosResiDyn.jl/src/parameterized_tendencies/tagged_tracers/tagged_tracers.jl:590
┌ Warning: water tag closure residual 1.7212001768283744e-6 exceeds the configured tolerance 1.0e-10 at t = 195.0 s. The tags no longer account for the field they partition; see output/a2_none_dt2p5/output_0000/water_tag_closure.csv.
└ @ ClimaAtmos ~/git/ClimaAtmosResiDyn.jl/src/parameterized_tendencies/tagged_tracers/tagged_tracers.jl:590
┌ Warning: water tag closure residual 1.7211566890181579e-6 exceeds the configured tolerance 1.0e-10 at t = 197.5 s. The tags no longer account for the field they partition; see output/a2_none_dt2p5/output_0000/water_tag_closure.csv.
└ @ ClimaAtmos ~/git/ClimaAtmosResiDyn.jl/src/parameterized_tendencies/tagged_tracers/tagged_tracers.jl:590
┌ Warning: water tag closure residual 1.7211114380988196e-6 exceeds the configured tolerance 1.0e-10 at t = 200.0 s. The tags no longer account for the field they partition; see output/a2_none_dt2p5/output_0000/water_tag_closure.csv.
└ @ ClimaAtmos ~/git/ClimaAtmosResiDyn.jl/src/parameterized_tendencies/tagged_tracers/tagged_tracers.jl:590
┌ Warning: water tag closure residual 1.7210667682013193e-6 exceeds the configured tolerance 1.0e-10 at t = 202.5 s. The tags no longer account for the field they partition; see output/a2_none_dt2p5/output_0000/water_tag_closure.csv.
└ @ ClimaAtmos ~/git/ClimaAtmosResiDyn.jl/src/parameterized_tendencies/tagged_tracers/tagged_tracers.jl:590
┌ Warning: water tag closure residual 1.7210234455632273e-6 exceeds the configured tolerance 1.0e-10 at t = 205.0 s. The tags no longer account for the field they partition; see output/a2_none_dt2p5/output_0000/water_tag_closure.csv.
└ @ ClimaAtmos ~/git/ClimaAtmosResiDyn.jl/src/parameterized_tendencies/tagged_tracers/tagged_tracers.jl:590
┌ Warning: water tag closure residual 1.720979451125285e-6 exceeds the configured tolerance 1.0e-10 at t = 207.5 s. The tags no longer account for the field they partition; see output/a2_none_dt2p5/output_0000/water_tag_closure.csv.
└ @ ClimaAtmos ~/git/ClimaAtmosResiDyn.jl/src/parameterized_tendencies/tagged_tracers/tagged_tracers.jl:590
┌ Warning: water tag closure residual 1.7209345222944634e-6 exceeds the configured tolerance 1.0e-10 at t = 210.0 s. The tags no longer account for the field they partition; see output/a2_none_dt2p5/output_0000/water_tag_closure.csv.
└ @ ClimaAtmos ~/git/ClimaAtmosResiDyn.jl/src/parameterized_tendencies/tagged_tracers/tagged_tracers.jl:590
┌ Warning: water tag closure residual 1.72089034168401e-6 exceeds the configured tolerance 1.0e-10 at t = 212.5 s. The tags no longer account for the field they partition; see output/a2_none_dt2p5/output_0000/water_tag_closure.csv.
└ @ ClimaAtmos ~/git/ClimaAtmosResiDyn.jl/src/parameterized_tendencies/tagged_tracers/tagged_tracers.jl:590
┌ Warning: water tag closure residual 1.720846815316846e-6 exceeds the configured tolerance 1.0e-10 at t = 215.0 s. The tags no longer account for the field they partition; see output/a2_none_dt2p5/output_0000/water_tag_closure.csv.
└ @ ClimaAtmos ~/git/ClimaAtmosResiDyn.jl/src/parameterized_tendencies/tagged_tracers/tagged_tracers.jl:590
┌ Warning: water tag closure residual 1.7208026036887436e-6 exceeds the configured tolerance 1.0e-10 at t = 217.5 s. The tags no longer account for the field they partition; see output/a2_none_dt2p5/output_0000/water_tag_closure.csv.
└ @ ClimaAtmos ~/git/ClimaAtmosResiDyn.jl/src/parameterized_tendencies/tagged_tracers/tagged_tracers.jl:590
┌ Warning: water tag closure residual 1.7207580234436038e-6 exceeds the configured tolerance 1.0e-10 at t = 220.0 s. The tags no longer account for the field they partition; see output/a2_none_dt2p5/output_0000/water_tag_closure.csv.
└ @ ClimaAtmos ~/git/ClimaAtmosResiDyn.jl/src/parameterized_tendencies/tagged_tracers/tagged_tracers.jl:590
┌ Warning: water tag closure residual 1.7207140984503448e-6 exceeds the configured tolerance 1.0e-10 at t = 222.5 s. The tags no longer account for the field they partition; see output/a2_none_dt2p5/output_0000/water_tag_closure.csv.
└ @ ClimaAtmos ~/git/ClimaAtmosResiDyn.jl/src/parameterized_tendencies/tagged_tracers/tagged_tracers.jl:590
┌ Warning: water tag closure residual 1.7206703897271087e-6 exceeds the configured tolerance 1.0e-10 at t = 225.0 s. The tags no longer account for the field they partition; see output/a2_none_dt2p5/output_0000/water_tag_closure.csv.
└ @ ClimaAtmos ~/git/ClimaAtmosResiDyn.jl/src/parameterized_tendencies/tagged_tracers/tagged_tracers.jl:590
┌ Warning: water tag closure residual 1.7206261487099206e-6 exceeds the configured tolerance 1.0e-10 at t = 227.5 s. The tags no longer account for the field they partition; see output/a2_none_dt2p5/output_0000/water_tag_closure.csv.
└ @ ClimaAtmos ~/git/ClimaAtmosResiDyn.jl/src/parameterized_tendencies/tagged_tracers/tagged_tracers.jl:590
┌ Warning: water tag closure residual 1.7205818656076488e-6 exceeds the configured tolerance 1.0e-10 at t = 230.0 s. The tags no longer account for the field they partition; see output/a2_none_dt2p5/output_0000/water_tag_closure.csv.
└ @ ClimaAtmos ~/git/ClimaAtmosResiDyn.jl/src/parameterized_tendencies/tagged_tracers/tagged_tracers.jl:590
┌ Warning: water tag closure residual 1.7205380554221957e-6 exceeds the configured tolerance 1.0e-10 at t = 232.5 s. The tags no longer account for the field they partition; see output/a2_none_dt2p5/output_0000/water_tag_closure.csv.
└ @ ClimaAtmos ~/git/ClimaAtmosResiDyn.jl/src/parameterized_tendencies/tagged_tracers/tagged_tracers.jl:590
┌ Warning: water tag closure residual 1.7204942305842796e-6 exceeds the configured tolerance 1.0e-10 at t = 235.0 s. The tags no longer account for the field they partition; see output/a2_none_dt2p5/output_0000/water_tag_closure.csv.
└ @ ClimaAtmos ~/git/ClimaAtmosResiDyn.jl/src/parameterized_tendencies/tagged_tracers/tagged_tracers.jl:590
┌ Warning: water tag closure residual 1.720450062255505e-6 exceeds the configured tolerance 1.0e-10 at t = 237.5 s. The tags no longer account for the field they partition; see output/a2_none_dt2p5/output_0000/water_tag_closure.csv.
└ @ ClimaAtmos ~/git/ClimaAtmosResiDyn.jl/src/parameterized_tendencies/tagged_tracers/tagged_tracers.jl:590
┌ Warning: water tag closure residual 1.7204060039436923e-6 exceeds the configured tolerance 1.0e-10 at t = 240.0 s. The tags no longer account for the field they partition; see output/a2_none_dt2p5/output_0000/water_tag_closure.csv.
└ @ ClimaAtmos ~/git/ClimaAtmosResiDyn.jl/src/parameterized_tendencies/tagged_tracers/tagged_tracers.jl:590
┌ Warning: water tag closure residual 1.720362238801493e-6 exceeds the configured tolerance 1.0e-10 at t = 242.5 s. The tags no longer account for the field they partition; see output/a2_none_dt2p5/output_0000/water_tag_closure.csv.
└ @ ClimaAtmos ~/git/ClimaAtmosResiDyn.jl/src/parameterized_tendencies/tagged_tracers/tagged_tracers.jl:590
┌ Warning: water tag closure residual 1.7203183682967546e-6 exceeds the configured tolerance 1.0e-10 at t = 245.0 s. The tags no longer account for the field they partition; see output/a2_none_dt2p5/output_0000/water_tag_closure.csv.
└ @ ClimaAtmos ~/git/ClimaAtmosResiDyn.jl/src/parameterized_tendencies/tagged_tracers/tagged_tracers.jl:590
┌ Warning: water tag closure residual 1.720274315828086e-6 exceeds the configured tolerance 1.0e-10 at t = 247.5 s. The tags no longer account for the field they partition; see output/a2_none_dt2p5/output_0000/water_tag_closure.csv.
└ @ ClimaAtmos ~/git/ClimaAtmosResiDyn.jl/src/parameterized_tendencies/tagged_tracers/tagged_tracers.jl:590
┌ Warning: water tag closure residual 1.7202304170414284e-6 exceeds the configured tolerance 1.0e-10 at t = 250.0 s. The tags no longer account for the field they partition; see output/a2_none_dt2p5/output_0000/water_tag_closure.csv.
└ @ ClimaAtmos ~/git/ClimaAtmosResiDyn.jl/src/parameterized_tendencies/tagged_tracers/tagged_tracers.jl:590
┌ Warning: water tag closure residual 1.7201866731505772e-6 exceeds the configured tolerance 1.0e-10 at t = 252.5 s. The tags no longer account for the field they partition; see output/a2_none_dt2p5/output_0000/water_tag_closure.csv.
└ @ ClimaAtmos ~/git/ClimaAtmosResiDyn.jl/src/parameterized_tendencies/tagged_tracers/tagged_tracers.jl:590
┌ Warning: water tag closure residual 1.720142812986886e-6 exceeds the configured tolerance 1.0e-10 at t = 255.0 s. The tags no longer account for the field they partition; see output/a2_none_dt2p5/output_0000/water_tag_closure.csv.
└ @ ClimaAtmos ~/git/ClimaAtmosResiDyn.jl/src/parameterized_tendencies/tagged_tracers/tagged_tracers.jl:590
┌ Warning: water tag closure residual 1.7200988844717891e-6 exceeds the configured tolerance 1.0e-10 at t = 257.5 s. The tags no longer account for the field they partition; see output/a2_none_dt2p5/output_0000/water_tag_closure.csv.
└ @ ClimaAtmos ~/git/ClimaAtmosResiDyn.jl/src/parameterized_tendencies/tagged_tracers/tagged_tracers.jl:590
┌ Warning: water tag closure residual 1.7200550977944308e-6 exceeds the configured tolerance 1.0e-10 at t = 260.0 s. The tags no longer account for the field they partition; see output/a2_none_dt2p5/output_0000/water_tag_closure.csv.
└ @ ClimaAtmos ~/git/ClimaAtmosResiDyn.jl/src/parameterized_tendencies/tagged_tracers/tagged_tracers.jl:590
┌ Warning: water tag closure residual 1.7200113763404967e-6 exceeds the configured tolerance 1.0e-10 at t = 262.5 s. The tags no longer account for the field they partition; see output/a2_none_dt2p5/output_0000/water_tag_closure.csv.
└ @ ClimaAtmos ~/git/ClimaAtmosResiDyn.jl/src/parameterized_tendencies/tagged_tracers/tagged_tracers.jl:590
┌ Warning: water tag closure residual 1.719967564073056e-6 exceeds the configured tolerance 1.0e-10 at t = 265.0 s. The tags no longer account for the field they partition; see output/a2_none_dt2p5/output_0000/water_tag_closure.csv.
└ @ ClimaAtmos ~/git/ClimaAtmosResiDyn.jl/src/parameterized_tendencies/tagged_tracers/tagged_tracers.jl:590
┌ Warning: water tag closure residual 1.7199237509295704e-6 exceeds the configured tolerance 1.0e-10 at t = 267.5 s. The tags no longer account for the field they partition; see output/a2_none_dt2p5/output_0000/water_tag_closure.csv.
└ @ ClimaAtmos ~/git/ClimaAtmosResiDyn.jl/src/parameterized_tendencies/tagged_tracers/tagged_tracers.jl:590
┌ Warning: water tag closure residual 1.7198800464992866e-6 exceeds the configured tolerance 1.0e-10 at t = 270.0 s. The tags no longer account for the field they partition; see output/a2_none_dt2p5/output_0000/water_tag_closure.csv.
└ @ ClimaAtmos ~/git/ClimaAtmosResiDyn.jl/src/parameterized_tendencies/tagged_tracers/tagged_tracers.jl:590
┌ Warning: water tag closure residual 1.7198363586214763e-6 exceeds the configured tolerance 1.0e-10 at t = 272.5 s. The tags no longer account for the field they partition; see output/a2_none_dt2p5/output_0000/water_tag_closure.csv.
└ @ ClimaAtmos ~/git/ClimaAtmosResiDyn.jl/src/parameterized_tendencies/tagged_tracers/tagged_tracers.jl:590
┌ Warning: water tag closure residual 1.7197926150906637e-6 exceeds the configured tolerance 1.0e-10 at t = 275.0 s. The tags no longer account for the field they partition; see output/a2_none_dt2p5/output_0000/water_tag_closure.csv.
└ @ ClimaAtmos ~/git/ClimaAtmosResiDyn.jl/src/parameterized_tendencies/tagged_tracers/tagged_tracers.jl:590
┌ Warning: water tag closure residual 1.7197489034751697e-6 exceeds the configured tolerance 1.0e-10 at t = 277.5 s. The tags no longer account for the field they partition; see output/a2_none_dt2p5/output_0000/water_tag_closure.csv.
└ @ ClimaAtmos ~/git/ClimaAtmosResiDyn.jl/src/parameterized_tendencies/tagged_tracers/tagged_tracers.jl:590
┌ Warning: water tag closure residual 1.7197052660229026e-6 exceeds the configured tolerance 1.0e-10 at t = 280.0 s. The tags no longer account for the field they partition; see output/a2_none_dt2p5/output_0000/water_tag_closure.csv.
└ @ ClimaAtmos ~/git/ClimaAtmosResiDyn.jl/src/parameterized_tendencies/tagged_tracers/tagged_tracers.jl:590
┌ Warning: water tag closure residual 1.719661624459162e-6 exceeds the configured tolerance 1.0e-10 at t = 282.5 s. The tags no longer account for the field they partition; see output/a2_none_dt2p5/output_0000/water_tag_closure.csv.
└ @ ClimaAtmos ~/git/ClimaAtmosResiDyn.jl/src/parameterized_tendencies/tagged_tracers/tagged_tracers.jl:590
┌ Warning: water tag closure residual 1.7196178717790922e-6 exceeds the configured tolerance 1.0e-10 at t = 285.0 s. The tags no longer account for the field they partition; see output/a2_none_dt2p5/output_0000/water_tag_closure.csv.
└ @ ClimaAtmos ~/git/ClimaAtmosResiDyn.jl/src/parameterized_tendencies/tagged_tracers/tagged_tracers.jl:590
┌ Warning: water tag closure residual 1.7195739975417687e-6 exceeds the configured tolerance 1.0e-10 at t = 287.5 s. The tags no longer account for the field they partition; see output/a2_none_dt2p5/output_0000/water_tag_closure.csv.
└ @ ClimaAtmos ~/git/ClimaAtmosResiDyn.jl/src/parameterized_tendencies/tagged_tracers/tagged_tracers.jl:590
┌ Warning: water tag closure residual 1.7195301529468476e-6 exceeds the configured tolerance 1.0e-10 at t = 290.0 s. The tags no longer account for the field they partition; see output/a2_none_dt2p5/output_0000/water_tag_closure.csv.
└ @ ClimaAtmos ~/git/ClimaAtmosResiDyn.jl/src/parameterized_tendencies/tagged_tracers/tagged_tracers.jl:590
┌ Warning: water tag closure residual 1.719486308709477e-6 exceeds the configured tolerance 1.0e-10 at t = 292.5 s. The tags no longer account for the field they partition; see output/a2_none_dt2p5/output_0000/water_tag_closure.csv.
└ @ ClimaAtmos ~/git/ClimaAtmosResiDyn.jl/src/parameterized_tendencies/tagged_tracers/tagged_tracers.jl:590
┌ Warning: water tag closure residual 1.7194424543670802e-6 exceeds the configured tolerance 1.0e-10 at t = 295.0 s. The tags no longer account for the field they partition; see output/a2_none_dt2p5/output_0000/water_tag_closure.csv.
└ @ ClimaAtmos ~/git/ClimaAtmosResiDyn.jl/src/parameterized_tendencies/tagged_tracers/tagged_tracers.jl:590
┌ Warning: water tag closure residual 1.7193986400086585e-6 exceeds the configured tolerance 1.0e-10 at t = 297.5 s. The tags no longer account for the field they partition; see output/a2_none_dt2p5/output_0000/water_tag_closure.csv.
└ @ ClimaAtmos ~/git/ClimaAtmosResiDyn.jl/src/parameterized_tendencies/tagged_tracers/tagged_tracers.jl:590
┌ Warning: water tag closure residual 1.7193548556608797e-6 exceeds the configured tolerance 1.0e-10 at t = 300.0 s. The tags no longer account for the field they partition; see output/a2_none_dt2p5/output_0000/water_tag_closure.csv.
└ @ ClimaAtmos ~/git/ClimaAtmosResiDyn.jl/src/parameterized_tendencies/tagged_tracers/tagged_tracers.jl:590
┌ Warning: water tag closure residual 1.7193110673717162e-6 exceeds the configured tolerance 1.0e-10 at t = 302.5 s. The tags no longer account for the field they partition; see output/a2_none_dt2p5/output_0000/water_tag_closure.csv.
└ @ ClimaAtmos ~/git/ClimaAtmosResiDyn.jl/src/parameterized_tendencies/tagged_tracers/tagged_tracers.jl:590
┌ Warning: water tag closure residual 1.7192672925608656e-6 exceeds the configured tolerance 1.0e-10 at t = 305.0 s. The tags no longer account for the field they partition; see output/a2_none_dt2p5/output_0000/water_tag_closure.csv.
└ @ ClimaAtmos ~/git/ClimaAtmosResiDyn.jl/src/parameterized_tendencies/tagged_tracers/tagged_tracers.jl:590
┌ Warning: water tag closure residual 1.719223552198454e-6 exceeds the configured tolerance 1.0e-10 at t = 307.5 s. The tags no longer account for the field they partition; see output/a2_none_dt2p5/output_0000/water_tag_closure.csv.
└ @ ClimaAtmos ~/git/ClimaAtmosResiDyn.jl/src/parameterized_tendencies/tagged_tracers/tagged_tracers.jl:590
┌ Warning: water tag closure residual 1.7191798349741356e-6 exceeds the configured tolerance 1.0e-10 at t = 310.0 s. The tags no longer account for the field they partition; see output/a2_none_dt2p5/output_0000/water_tag_closure.csv.
└ @ ClimaAtmos ~/git/ClimaAtmosResiDyn.jl/src/parameterized_tendencies/tagged_tracers/tagged_tracers.jl:590
┌ Warning: water tag closure residual 1.7191361148662044e-6 exceeds the configured tolerance 1.0e-10 at t = 312.5 s. The tags no longer account for the field they partition; see output/a2_none_dt2p5/output_0000/water_tag_closure.csv.
└ @ ClimaAtmos ~/git/ClimaAtmosResiDyn.jl/src/parameterized_tendencies/tagged_tracers/tagged_tracers.jl:590
┌ Warning: water tag closure residual 1.7190924307328521e-6 exceeds the configured tolerance 1.0e-10 at t = 315.0 s. The tags no longer account for the field they partition; see output/a2_none_dt2p5/output_0000/water_tag_closure.csv.
└ @ ClimaAtmos ~/git/ClimaAtmosResiDyn.jl/src/parameterized_tendencies/tagged_tracers/tagged_tracers.jl:590
┌ Warning: water tag closure residual 1.7190487619519792e-6 exceeds the configured tolerance 1.0e-10 at t = 317.5 s. The tags no longer account for the field they partition; see output/a2_none_dt2p5/output_0000/water_tag_closure.csv.
└ @ ClimaAtmos ~/git/ClimaAtmosResiDyn.jl/src/parameterized_tendencies/tagged_tracers/tagged_tracers.jl:590
┌ Warning: water tag closure residual 1.7190051603705029e-6 exceeds the configured tolerance 1.0e-10 at t = 320.0 s. The tags no longer account for the field they partition; see output/a2_none_dt2p5/output_0000/water_tag_closure.csv.
└ @ ClimaAtmos ~/git/ClimaAtmosResiDyn.jl/src/parameterized_tendencies/tagged_tracers/tagged_tracers.jl:590
┌ Info: Progress
│   simulation_time = "5 minutes, 20 seconds"
│   n_steps_completed = 128
│   wall_time_per_step = "11 milliseconds, 1 microsecond"
│   wall_time_total = "15 seconds, 841 milliseconds"
│   wall_time_remaining = "14 seconds, 433 milliseconds"
│   wall_time_spent = "1 second, 408 milliseconds"
│   percent_complete = "8.9%"
│   estimated_sypd = "0.622"
│   instantaneous_sypd = "2.198"
│   date_now = 2026-09-10T00:49:23.979
└   estimated_finish_date = 2026-09-10T00:49:38.979
┌ Warning: water tag closure residual 1.7189616167399727e-6 exceeds the configured tolerance 1.0e-10 at t = 322.5 s. The tags no longer account for the field they partition; see output/a2_none_dt2p5/output_0000/water_tag_closure.csv.
└ @ ClimaAtmos ~/git/ClimaAtmosResiDyn.jl/src/parameterized_tendencies/tagged_tracers/tagged_tracers.jl:590
┌ Warning: water tag closure residual 1.7189176277686867e-6 exceeds the configured tolerance 1.0e-10 at t = 325.0 s. The tags no longer account for the field they partition; see output/a2_none_dt2p5/output_0000/water_tag_closure.csv.
└ @ ClimaAtmos ~/git/ClimaAtmosResiDyn.jl/src/parameterized_tendencies/tagged_tracers/tagged_tracers.jl:590
┌ Warning: water tag closure residual 1.7188733744286647e-6 exceeds the configured tolerance 1.0e-10 at t = 327.5 s. The tags no longer account for the field they partition; see output/a2_none_dt2p5/output_0000/water_tag_closure.csv.
└ @ ClimaAtmos ~/git/ClimaAtmosResiDyn.jl/src/parameterized_tendencies/tagged_tracers/tagged_tracers.jl:590
┌ Warning: water tag closure residual 1.7188280945469482e-6 exceeds the configured tolerance 1.0e-10 at t = 330.0 s. The tags no longer account for the field they partition; see output/a2_none_dt2p5/output_0000/water_tag_closure.csv.
└ @ ClimaAtmos ~/git/ClimaAtmosResiDyn.jl/src/parameterized_tendencies/tagged_tracers/tagged_tracers.jl:590
┌ Warning: water tag closure residual 1.7187789916423213e-6 exceeds the configured tolerance 1.0e-10 at t = 332.5 s. The tags no longer account for the field they partition; see output/a2_none_dt2p5/output_0000/water_tag_closure.csv.
└ @ ClimaAtmos ~/git/ClimaAtmosResiDyn.jl/src/parameterized_tendencies/tagged_tracers/tagged_tracers.jl:590
┌ Warning: water tag closure residual 1.718726014514304e-6 exceeds the configured tolerance 1.0e-10 at t = 335.0 s. The tags no longer account for the field they partition; see output/a2_none_dt2p5/output_0000/water_tag_closure.csv.
└ @ ClimaAtmos ~/git/ClimaAtmosResiDyn.jl/src/parameterized_tendencies/tagged_tracers/tagged_tracers.jl:590
┌ Warning: water tag closure residual 1.7186834204193765e-6 exceeds the configured tolerance 1.0e-10 at t = 337.5 s. The tags no longer account for the field they partition; see output/a2_none_dt2p5/output_0000/water_tag_closure.csv.
└ @ ClimaAtmos ~/git/ClimaAtmosResiDyn.jl/src/parameterized_tendencies/tagged_tracers/tagged_tracers.jl:590
┌ Warning: water tag closure residual 1.7186411189308858e-6 exceeds the configured tolerance 1.0e-10 at t = 340.0 s. The tags no longer account for the field they partition; see output/a2_none_dt2p5/output_0000/water_tag_closure.csv.
└ @ ClimaAtmos ~/git/ClimaAtmosResiDyn.jl/src/parameterized_tendencies/tagged_tracers/tagged_tracers.jl:590
┌ Warning: water tag closure residual 1.7186034916563025e-6 exceeds the configured tolerance 1.0e-10 at t = 342.5 s. The tags no longer account for the field they partition; see output/a2_none_dt2p5/output_0000/water_tag_closure.csv.
└ @ ClimaAtmos ~/git/ClimaAtmosResiDyn.jl/src/parameterized_tendencies/tagged_tracers/tagged_tracers.jl:590
┌ Warning: water tag closure residual 1.7185628404673107e-6 exceeds the configured tolerance 1.0e-10 at t = 345.0 s. The tags no longer account for the field they partition; see output/a2_none_dt2p5/output_0000/water_tag_closure.csv.
└ @ ClimaAtmos ~/git/ClimaAtmosResiDyn.jl/src/parameterized_tendencies/tagged_tracers/tagged_tracers.jl:590
┌ Warning: water tag closure residual 1.7185099936159565e-6 exceeds the configured tolerance 1.0e-10 at t = 347.5 s. The tags no longer account for the field they partition; see output/a2_none_dt2p5/output_0000/water_tag_closure.csv.
└ @ ClimaAtmos ~/git/ClimaAtmosResiDyn.jl/src/parameterized_tendencies/tagged_tracers/tagged_tracers.jl:590
┌ Warning: water tag closure residual 1.7184669506245995e-6 exceeds the configured tolerance 1.0e-10 at t = 350.0 s. The tags no longer account for the field they partition; see output/a2_none_dt2p5/output_0000/water_tag_closure.csv.
└ @ ClimaAtmos ~/git/ClimaAtmosResiDyn.jl/src/parameterized_tendencies/tagged_tracers/tagged_tracers.jl:590
┌ Warning: water tag closure residual 1.7184296993218244e-6 exceeds the configured tolerance 1.0e-10 at t = 352.5 s. The tags no longer account for the field they partition; see output/a2_none_dt2p5/output_0000/water_tag_closure.csv.
└ @ ClimaAtmos ~/git/ClimaAtmosResiDyn.jl/src/parameterized_tendencies/tagged_tracers/tagged_tracers.jl:590
┌ Warning: water tag closure residual 1.7183941151704794e-6 exceeds the configured tolerance 1.0e-10 at t = 355.0 s. The tags no longer account for the field they partition; see output/a2_none_dt2p5/output_0000/water_tag_closure.csv.
└ @ ClimaAtmos ~/git/ClimaAtmosResiDyn.jl/src/parameterized_tendencies/tagged_tracers/tagged_tracers.jl:590
┌ Warning: water tag closure residual 1.718347691685783e-6 exceeds the configured tolerance 1.0e-10 at t = 357.5 s. The tags no longer account for the field they partition; see output/a2_none_dt2p5/output_0000/water_tag_closure.csv.
└ @ ClimaAtmos ~/git/ClimaAtmosResiDyn.jl/src/parameterized_tendencies/tagged_tracers/tagged_tracers.jl:590
┌ Warning: water tag closure residual 1.7182936828851396e-6 exceeds the configured tolerance 1.0e-10 at t = 360.0 s. The tags no longer account for the field they partition; see output/a2_none_dt2p5/output_0000/water_tag_closure.csv.
└ @ ClimaAtmos ~/git/ClimaAtmosResiDyn.jl/src/parameterized_tendencies/tagged_tracers/tagged_tracers.jl:590
┌ Warning: water tag closure residual 1.7182596453231924e-6 exceeds the configured tolerance 1.0e-10 at t = 362.5 s. The tags no longer account for the field they partition; see output/a2_none_dt2p5/output_0000/water_tag_closure.csv.
└ @ ClimaAtmos ~/git/ClimaAtmosResiDyn.jl/src/parameterized_tendencies/tagged_tracers/tagged_tracers.jl:590
┌ Warning: water tag closure residual 1.718219876331726e-6 exceeds the configured tolerance 1.0e-10 at t = 365.0 s. The tags no longer account for the field they partition; see output/a2_none_dt2p5/output_0000/water_tag_closure.csv.
└ @ ClimaAtmos ~/git/ClimaAtmosResiDyn.jl/src/parameterized_tendencies/tagged_tracers/tagged_tracers.jl:590
┌ Warning: water tag closure residual 1.7181644865778101e-6 exceeds the configured tolerance 1.0e-10 at t = 367.5 s. The tags no longer account for the field they partition; see output/a2_none_dt2p5/output_0000/water_tag_closure.csv.
└ @ ClimaAtmos ~/git/ClimaAtmosResiDyn.jl/src/parameterized_tendencies/tagged_tracers/tagged_tracers.jl:590
┌ Warning: water tag closure residual 1.7181220672319113e-6 exceeds the configured tolerance 1.0e-10 at t = 370.0 s. The tags no longer account for the field they partition; see output/a2_none_dt2p5/output_0000/water_tag_closure.csv.
└ @ ClimaAtmos ~/git/ClimaAtmosResiDyn.jl/src/parameterized_tendencies/tagged_tracers/tagged_tracers.jl:590
┌ Warning: water tag closure residual 1.7180806246756845e-6 exceeds the configured tolerance 1.0e-10 at t = 372.5 s. The tags no longer account for the field they partition; see output/a2_none_dt2p5/output_0000/water_tag_closure.csv.
└ @ ClimaAtmos ~/git/ClimaAtmosResiDyn.jl/src/parameterized_tendencies/tagged_tracers/tagged_tracers.jl:590
┌ Warning: water tag closure residual 1.7180363472600697e-6 exceeds the configured tolerance 1.0e-10 at t = 375.0 s. The tags no longer account for the field they partition; see output/a2_none_dt2p5/output_0000/water_tag_closure.csv.
└ @ ClimaAtmos ~/git/ClimaAtmosResiDyn.jl/src/parameterized_tendencies/tagged_tracers/tagged_tracers.jl:590
┌ Warning: water tag closure residual 1.7179935584702505e-6 exceeds the configured tolerance 1.0e-10 at t = 377.5 s. The tags no longer account for the field they partition; see output/a2_none_dt2p5/output_0000/water_tag_closure.csv.
└ @ ClimaAtmos ~/git/ClimaAtmosResiDyn.jl/src/parameterized_tendencies/tagged_tracers/tagged_tracers.jl:590
┌ Warning: water tag closure residual 1.7179503463313656e-6 exceeds the configured tolerance 1.0e-10 at t = 380.0 s. The tags no longer account for the field they partition; see output/a2_none_dt2p5/output_0000/water_tag_closure.csv.
└ @ ClimaAtmos ~/git/ClimaAtmosResiDyn.jl/src/parameterized_tendencies/tagged_tracers/tagged_tracers.jl:590
┌ Warning: water tag closure residual 1.7179126438422376e-6 exceeds the configured tolerance 1.0e-10 at t = 382.5 s. The tags no longer account for the field they partition; see output/a2_none_dt2p5/output_0000/water_tag_closure.csv.
└ @ ClimaAtmos ~/git/ClimaAtmosResiDyn.jl/src/parameterized_tendencies/tagged_tracers/tagged_tracers.jl:590
┌ Warning: water tag closure residual 1.7178709873294884e-6 exceeds the configured tolerance 1.0e-10 at t = 385.0 s. The tags no longer account for the field they partition; see output/a2_none_dt2p5/output_0000/water_tag_closure.csv.
└ @ ClimaAtmos ~/git/ClimaAtmosResiDyn.jl/src/parameterized_tendencies/tagged_tracers/tagged_tracers.jl:590
┌ Warning: water tag closure residual 1.7178205985518122e-6 exceeds the configured tolerance 1.0e-10 at t = 387.5 s. The tags no longer account for the field they partition; see output/a2_none_dt2p5/output_0000/water_tag_closure.csv.
└ @ ClimaAtmos ~/git/ClimaAtmosResiDyn.jl/src/parameterized_tendencies/tagged_tracers/tagged_tracers.jl:590
┌ Warning: water tag closure residual 1.7177850158983206e-6 exceeds the configured tolerance 1.0e-10 at t = 390.0 s. The tags no longer account for the field they partition; see output/a2_none_dt2p5/output_0000/water_tag_closure.csv.
└ @ ClimaAtmos ~/git/ClimaAtmosResiDyn.jl/src/parameterized_tendencies/tagged_tracers/tagged_tracers.jl:590
┌ Warning: water tag closure residual 1.7177451264684267e-6 exceeds the configured tolerance 1.0e-10 at t = 392.5 s. The tags no longer account for the field they partition; see output/a2_none_dt2p5/output_0000/water_tag_closure.csv.
└ @ ClimaAtmos ~/git/ClimaAtmosResiDyn.jl/src/parameterized_tendencies/tagged_tracers/tagged_tracers.jl:590
┌ Warning: water tag closure residual 1.717691507593608e-6 exceeds the configured tolerance 1.0e-10 at t = 395.0 s. The tags no longer account for the field they partition; see output/a2_none_dt2p5/output_0000/water_tag_closure.csv.
└ @ ClimaAtmos ~/git/ClimaAtmosResiDyn.jl/src/parameterized_tendencies/tagged_tracers/tagged_tracers.jl:590
┌ Warning: water tag closure residual 1.7176489474243956e-6 exceeds the configured tolerance 1.0e-10 at t = 397.5 s. The tags no longer account for the field they partition; see output/a2_none_dt2p5/output_0000/water_tag_closure.csv.
└ @ ClimaAtmos ~/git/ClimaAtmosResiDyn.jl/src/parameterized_tendencies/tagged_tracers/tagged_tracers.jl:590
┌ Warning: water tag closure residual 1.7176075551637298e-6 exceeds the configured tolerance 1.0e-10 at t = 400.0 s. The tags no longer account for the field they partition; see output/a2_none_dt2p5/output_0000/water_tag_closure.csv.
└ @ ClimaAtmos ~/git/ClimaAtmosResiDyn.jl/src/parameterized_tendencies/tagged_tracers/tagged_tracers.jl:590
┌ Warning: water tag closure residual 1.7175636480721934e-6 exceeds the configured tolerance 1.0e-10 at t = 402.5 s. The tags no longer account for the field they partition; see output/a2_none_dt2p5/output_0000/water_tag_closure.csv.
└ @ ClimaAtmos ~/git/ClimaAtmosResiDyn.jl/src/parameterized_tendencies/tagged_tracers/tagged_tracers.jl:590
┌ Warning: water tag closure residual 1.7175209667848689e-6 exceeds the configured tolerance 1.0e-10 at t = 405.0 s. The tags no longer account for the field they partition; see output/a2_none_dt2p5/output_0000/water_tag_closure.csv.
└ @ ClimaAtmos ~/git/ClimaAtmosResiDyn.jl/src/parameterized_tendencies/tagged_tracers/tagged_tracers.jl:590
┌ Warning: water tag closure residual 1.7174778478408999e-6 exceeds the configured tolerance 1.0e-10 at t = 407.5 s. The tags no longer account for the field they partition; see output/a2_none_dt2p5/output_0000/water_tag_closure.csv.
└ @ ClimaAtmos ~/git/ClimaAtmosResiDyn.jl/src/parameterized_tendencies/tagged_tracers/tagged_tracers.jl:590
┌ Warning: water tag closure residual 1.7174352491926034e-6 exceeds the configured tolerance 1.0e-10 at t = 410.0 s. The tags no longer account for the field they partition; see output/a2_none_dt2p5/output_0000/water_tag_closure.csv.
└ @ ClimaAtmos ~/git/ClimaAtmosResiDyn.jl/src/parameterized_tendencies/tagged_tracers/tagged_tracers.jl:590
┌ Warning: water tag closure residual 1.7173959539435162e-6 exceeds the configured tolerance 1.0e-10 at t = 412.5 s. The tags no longer account for the field they partition; see output/a2_none_dt2p5/output_0000/water_tag_closure.csv.
└ @ ClimaAtmos ~/git/ClimaAtmosResiDyn.jl/src/parameterized_tendencies/tagged_tracers/tagged_tracers.jl:590
┌ Warning: water tag closure residual 1.717360155374574e-6 exceeds the configured tolerance 1.0e-10 at t = 415.0 s. The tags no longer account for the field they partition; see output/a2_none_dt2p5/output_0000/water_tag_closure.csv.
└ @ ClimaAtmos ~/git/ClimaAtmosResiDyn.jl/src/parameterized_tendencies/tagged_tracers/tagged_tracers.jl:590
┌ Warning: water tag closure residual 1.717314424760602e-6 exceeds the configured tolerance 1.0e-10 at t = 417.5 s. The tags no longer account for the field they partition; see output/a2_none_dt2p5/output_0000/water_tag_closure.csv.
└ @ ClimaAtmos ~/git/ClimaAtmosResiDyn.jl/src/parameterized_tendencies/tagged_tracers/tagged_tracers.jl:590
┌ Warning: water tag closure residual 1.7172629080362032e-6 exceeds the configured tolerance 1.0e-10 at t = 420.0 s. The tags no longer account for the field they partition; see output/a2_none_dt2p5/output_0000/water_tag_closure.csv.
└ @ ClimaAtmos ~/git/ClimaAtmosResiDyn.jl/src/parameterized_tendencies/tagged_tracers/tagged_tracers.jl:590
┌ Warning: water tag closure residual 1.7172209256423905e-6 exceeds the configured tolerance 1.0e-10 at t = 422.5 s. The tags no longer account for the field they partition; see output/a2_none_dt2p5/output_0000/water_tag_closure.csv.
└ @ ClimaAtmos ~/git/ClimaAtmosResiDyn.jl/src/parameterized_tendencies/tagged_tracers/tagged_tracers.jl:590
┌ Warning: water tag closure residual 1.7171788288575579e-6 exceeds the configured tolerance 1.0e-10 at t = 425.0 s. The tags no longer account for the field they partition; see output/a2_none_dt2p5/output_0000/water_tag_closure.csv.
└ @ ClimaAtmos ~/git/ClimaAtmosResiDyn.jl/src/parameterized_tendencies/tagged_tracers/tagged_tracers.jl:590
┌ Warning: water tag closure residual 1.7171401259193636e-6 exceeds the configured tolerance 1.0e-10 at t = 427.5 s. The tags no longer account for the field they partition; see output/a2_none_dt2p5/output_0000/water_tag_closure.csv.
└ @ ClimaAtmos ~/git/ClimaAtmosResiDyn.jl/src/parameterized_tendencies/tagged_tracers/tagged_tracers.jl:590
┌ Warning: water tag closure residual 1.7170988021180837e-6 exceeds the configured tolerance 1.0e-10 at t = 430.0 s. The tags no longer account for the field they partition; see output/a2_none_dt2p5/output_0000/water_tag_closure.csv.
└ @ ClimaAtmos ~/git/ClimaAtmosResiDyn.jl/src/parameterized_tendencies/tagged_tracers/tagged_tracers.jl:590
┌ Warning: water tag closure residual 1.7170495368189986e-6 exceeds the configured tolerance 1.0e-10 at t = 432.5 s. The tags no longer account for the field they partition; see output/a2_none_dt2p5/output_0000/water_tag_closure.csv.
└ @ ClimaAtmos ~/git/ClimaAtmosResiDyn.jl/src/parameterized_tendencies/tagged_tracers/tagged_tracers.jl:590
┌ Warning: water tag closure residual 1.7170069778304538e-6 exceeds the configured tolerance 1.0e-10 at t = 435.0 s. The tags no longer account for the field they partition; see output/a2_none_dt2p5/output_0000/water_tag_closure.csv.
└ @ ClimaAtmos ~/git/ClimaAtmosResiDyn.jl/src/parameterized_tendencies/tagged_tracers/tagged_tracers.jl:590
┌ Warning: water tag closure residual 1.7169651975234535e-6 exceeds the configured tolerance 1.0e-10 at t = 437.5 s. The tags no longer account for the field they partition; see output/a2_none_dt2p5/output_0000/water_tag_closure.csv.
└ @ ClimaAtmos ~/git/ClimaAtmosResiDyn.jl/src/parameterized_tendencies/tagged_tracers/tagged_tracers.jl:590
┌ Warning: water tag closure residual 1.7169217255812435e-6 exceeds the configured tolerance 1.0e-10 at t = 440.0 s. The tags no longer account for the field they partition; see output/a2_none_dt2p5/output_0000/water_tag_closure.csv.
└ @ ClimaAtmos ~/git/ClimaAtmosResiDyn.jl/src/parameterized_tendencies/tagged_tracers/tagged_tracers.jl:590
┌ Warning: water tag closure residual 1.716884342820394e-6 exceeds the configured tolerance 1.0e-10 at t = 442.5 s. The tags no longer account for the field they partition; see output/a2_none_dt2p5/output_0000/water_tag_closure.csv.
└ @ ClimaAtmos ~/git/ClimaAtmosResiDyn.jl/src/parameterized_tendencies/tagged_tracers/tagged_tracers.jl:590
┌ Warning: water tag closure residual 1.7168426531366726e-6 exceeds the configured tolerance 1.0e-10 at t = 445.0 s. The tags no longer account for the field they partition; see output/a2_none_dt2p5/output_0000/water_tag_closure.csv.
└ @ ClimaAtmos ~/git/ClimaAtmosResiDyn.jl/src/parameterized_tendencies/tagged_tracers/tagged_tracers.jl:590
┌ Warning: water tag closure residual 1.7167934468580911e-6 exceeds the configured tolerance 1.0e-10 at t = 447.5 s. The tags no longer account for the field they partition; see output/a2_none_dt2p5/output_0000/water_tag_closure.csv.
└ @ ClimaAtmos ~/git/ClimaAtmosResiDyn.jl/src/parameterized_tendencies/tagged_tracers/tagged_tracers.jl:590
┌ Warning: water tag closure residual 1.7167509226517765e-6 exceeds the configured tolerance 1.0e-10 at t = 450.0 s. The tags no longer account for the field they partition; see output/a2_none_dt2p5/output_0000/water_tag_closure.csv.
└ @ ClimaAtmos ~/git/ClimaAtmosResiDyn.jl/src/parameterized_tendencies/tagged_tracers/tagged_tracers.jl:590
┌ Warning: water tag closure residual 1.7167091924684688e-6 exceeds the configured tolerance 1.0e-10 at t = 452.5 s. The tags no longer account for the field they partition; see output/a2_none_dt2p5/output_0000/water_tag_closure.csv.
└ @ ClimaAtmos ~/git/ClimaAtmosResiDyn.jl/src/parameterized_tendencies/tagged_tracers/tagged_tracers.jl:590
┌ Warning: water tag closure residual 1.716665941888512e-6 exceeds the configured tolerance 1.0e-10 at t = 455.0 s. The tags no longer account for the field they partition; see output/a2_none_dt2p5/output_0000/water_tag_closure.csv.
└ @ ClimaAtmos ~/git/ClimaAtmosResiDyn.jl/src/parameterized_tendencies/tagged_tracers/tagged_tracers.jl:590
┌ Warning: water tag closure residual 1.7166235448542872e-6 exceeds the configured tolerance 1.0e-10 at t = 457.5 s. The tags no longer account for the field they partition; see output/a2_none_dt2p5/output_0000/water_tag_closure.csv.
└ @ ClimaAtmos ~/git/ClimaAtmosResiDyn.jl/src/parameterized_tendencies/tagged_tracers/tagged_tracers.jl:590
┌ Warning: water tag closure residual 1.716580855272364e-6 exceeds the configured tolerance 1.0e-10 at t = 460.0 s. The tags no longer account for the field they partition; see output/a2_none_dt2p5/output_0000/water_tag_closure.csv.
└ @ ClimaAtmos ~/git/ClimaAtmosResiDyn.jl/src/parameterized_tendencies/tagged_tracers/tagged_tracers.jl:590
┌ Warning: water tag closure residual 1.7165383267888597e-6 exceeds the configured tolerance 1.0e-10 at t = 462.5 s. The tags no longer account for the field they partition; see output/a2_none_dt2p5/output_0000/water_tag_closure.csv.
└ @ ClimaAtmos ~/git/ClimaAtmosResiDyn.jl/src/parameterized_tendencies/tagged_tracers/tagged_tracers.jl:590
┌ Warning: water tag closure residual 1.7164957754099233e-6 exceeds the configured tolerance 1.0e-10 at t = 465.0 s. The tags no longer account for the field they partition; see output/a2_none_dt2p5/output_0000/water_tag_closure.csv.
└ @ ClimaAtmos ~/git/ClimaAtmosResiDyn.jl/src/parameterized_tendencies/tagged_tracers/tagged_tracers.jl:590
┌ Warning: water tag closure residual 1.7164531053310737e-6 exceeds the configured tolerance 1.0e-10 at t = 467.5 s. The tags no longer account for the field they partition; see output/a2_none_dt2p5/output_0000/water_tag_closure.csv.
└ @ ClimaAtmos ~/git/ClimaAtmosResiDyn.jl/src/parameterized_tendencies/tagged_tracers/tagged_tracers.jl:590
┌ Warning: water tag closure residual 1.7164144655456182e-6 exceeds the configured tolerance 1.0e-10 at t = 470.0 s. The tags no longer account for the field they partition; see output/a2_none_dt2p5/output_0000/water_tag_closure.csv.
└ @ ClimaAtmos ~/git/ClimaAtmosResiDyn.jl/src/parameterized_tendencies/tagged_tracers/tagged_tracers.jl:590
┌ Warning: water tag closure residual 1.7163726591384365e-6 exceeds the configured tolerance 1.0e-10 at t = 472.5 s. The tags no longer account for the field they partition; see output/a2_none_dt2p5/output_0000/water_tag_closure.csv.
└ @ ClimaAtmos ~/git/ClimaAtmosResiDyn.jl/src/parameterized_tendencies/tagged_tracers/tagged_tracers.jl:590
┌ Warning: water tag closure residual 1.7163252221322299e-6 exceeds the configured tolerance 1.0e-10 at t = 475.0 s. The tags no longer account for the field they partition; see output/a2_none_dt2p5/output_0000/water_tag_closure.csv.
└ @ ClimaAtmos ~/git/ClimaAtmosResiDyn.jl/src/parameterized_tendencies/tagged_tracers/tagged_tracers.jl:590
┌ Warning: water tag closure residual 1.7162828104836229e-6 exceeds the configured tolerance 1.0e-10 at t = 477.5 s. The tags no longer account for the field they partition; see output/a2_none_dt2p5/output_0000/water_tag_closure.csv.
└ @ ClimaAtmos ~/git/ClimaAtmosResiDyn.jl/src/parameterized_tendencies/tagged_tracers/tagged_tracers.jl:590
┌ Warning: water tag closure residual 1.716241089318053e-6 exceeds the configured tolerance 1.0e-10 at t = 480.0 s. The tags no longer account for the field they partition; see output/a2_none_dt2p5/output_0000/water_tag_closure.csv.
└ @ ClimaAtmos ~/git/ClimaAtmosResiDyn.jl/src/parameterized_tendencies/tagged_tracers/tagged_tracers.jl:590
┌ Warning: water tag closure residual 1.7161981102125078e-6 exceeds the configured tolerance 1.0e-10 at t = 482.5 s. The tags no longer account for the field they partition; see output/a2_none_dt2p5/output_0000/water_tag_closure.csv.
└ @ ClimaAtmos ~/git/ClimaAtmosResiDyn.jl/src/parameterized_tendencies/tagged_tracers/tagged_tracers.jl:590
┌ Warning: water tag closure residual 1.7161557970919984e-6 exceeds the configured tolerance 1.0e-10 at t = 485.0 s. The tags no longer account for the field they partition; see output/a2_none_dt2p5/output_0000/water_tag_closure.csv.
└ @ ClimaAtmos ~/git/ClimaAtmosResiDyn.jl/src/parameterized_tendencies/tagged_tracers/tagged_tracers.jl:590
┌ Warning: water tag closure residual 1.7161160586609015e-6 exceeds the configured tolerance 1.0e-10 at t = 487.5 s. The tags no longer account for the field they partition; see output/a2_none_dt2p5/output_0000/water_tag_closure.csv.
└ @ ClimaAtmos ~/git/ClimaAtmosResiDyn.jl/src/parameterized_tendencies/tagged_tracers/tagged_tracers.jl:590
┌ Warning: water tag closure residual 1.7160790561413283e-6 exceeds the configured tolerance 1.0e-10 at t = 490.0 s. The tags no longer account for the field they partition; see output/a2_none_dt2p5/output_0000/water_tag_closure.csv.
└ @ ClimaAtmos ~/git/ClimaAtmosResiDyn.jl/src/parameterized_tendencies/tagged_tracers/tagged_tracers.jl:590
┌ Warning: water tag closure residual 1.7160341093215472e-6 exceeds the configured tolerance 1.0e-10 at t = 492.5 s. The tags no longer account for the field they partition; see output/a2_none_dt2p5/output_0000/water_tag_closure.csv.
└ @ ClimaAtmos ~/git/ClimaAtmosResiDyn.jl/src/parameterized_tendencies/tagged_tracers/tagged_tracers.jl:590
┌ Warning: water tag closure residual 1.7159853804718616e-6 exceeds the configured tolerance 1.0e-10 at t = 495.0 s. The tags no longer account for the field they partition; see output/a2_none_dt2p5/output_0000/water_tag_closure.csv.
└ @ ClimaAtmos ~/git/ClimaAtmosResiDyn.jl/src/parameterized_tendencies/tagged_tracers/tagged_tracers.jl:590
┌ Warning: water tag closure residual 1.7159437398239874e-6 exceeds the configured tolerance 1.0e-10 at t = 497.5 s. The tags no longer account for the field they partition; see output/a2_none_dt2p5/output_0000/water_tag_closure.csv.
└ @ ClimaAtmos ~/git/ClimaAtmosResiDyn.jl/src/parameterized_tendencies/tagged_tracers/tagged_tracers.jl:590
┌ Warning: water tag closure residual 1.7159019565968574e-6 exceeds the configured tolerance 1.0e-10 at t = 500.0 s. The tags no longer account for the field they partition; see output/a2_none_dt2p5/output_0000/water_tag_closure.csv.
└ @ ClimaAtmos ~/git/ClimaAtmosResiDyn.jl/src/parameterized_tendencies/tagged_tracers/tagged_tracers.jl:590
┌ Warning: water tag closure residual 1.715859024697207e-6 exceeds the configured tolerance 1.0e-10 at t = 502.5 s. The tags no longer account for the field they partition; see output/a2_none_dt2p5/output_0000/water_tag_closure.csv.
└ @ ClimaAtmos ~/git/ClimaAtmosResiDyn.jl/src/parameterized_tendencies/tagged_tracers/tagged_tracers.jl:590
┌ Info: Progress
│   simulation_time = "8 minutes, 22 seconds"
│   n_steps_completed = 201
│   wall_time_per_step = "8 milliseconds, 77 microseconds"
│   wall_time_total = "11 seconds, 631 milliseconds"
│   wall_time_remaining = "10 seconds, 7 milliseconds"
│   wall_time_spent = "1 second, 623 milliseconds"
│   percent_complete = "14.0%"
│   estimated_sypd = "0.847"
│   instantaneous_sypd = "2.32"
│   date_now = 2026-09-10T00:49:24.194
└   estimated_finish_date = 2026-09-10T00:49:35.194
┌ Warning: water tag closure residual 1.7158168591259115e-6 exceeds the configured tolerance 1.0e-10 at t = 505.0 s. The tags no longer account for the field they partition; see output/a2_none_dt2p5/output_0000/water_tag_closure.csv.
└ @ ClimaAtmos ~/git/ClimaAtmosResiDyn.jl/src/parameterized_tendencies/tagged_tracers/tagged_tracers.jl:590
┌ Warning: water tag closure residual 1.7157745616344839e-6 exceeds the configured tolerance 1.0e-10 at t = 507.5 s. The tags no longer account for the field they partition; see output/a2_none_dt2p5/output_0000/water_tag_closure.csv.
└ @ ClimaAtmos ~/git/ClimaAtmosResiDyn.jl/src/parameterized_tendencies/tagged_tracers/tagged_tracers.jl:590
┌ Warning: water tag closure residual 1.7157323216931395e-6 exceeds the configured tolerance 1.0e-10 at t = 510.0 s. The tags no longer account for the field they partition; see output/a2_none_dt2p5/output_0000/water_tag_closure.csv.
└ @ ClimaAtmos ~/git/ClimaAtmosResiDyn.jl/src/parameterized_tendencies/tagged_tracers/tagged_tracers.jl:590
┌ Warning: water tag closure residual 1.7156899290440764e-6 exceeds the configured tolerance 1.0e-10 at t = 512.5 s. The tags no longer account for the field they partition; see output/a2_none_dt2p5/output_0000/water_tag_closure.csv.
└ @ ClimaAtmos ~/git/ClimaAtmosResiDyn.jl/src/parameterized_tendencies/tagged_tracers/tagged_tracers.jl:590
┌ Warning: water tag closure residual 1.7156476054064576e-6 exceeds the configured tolerance 1.0e-10 at t = 515.0 s. The tags no longer account for the field they partition; see output/a2_none_dt2p5/output_0000/water_tag_closure.csv.
└ @ ClimaAtmos ~/git/ClimaAtmosResiDyn.jl/src/parameterized_tendencies/tagged_tracers/tagged_tracers.jl:590
┌ Warning: water tag closure residual 1.7156054701423687e-6 exceeds the configured tolerance 1.0e-10 at t = 517.5 s. The tags no longer account for the field they partition; see output/a2_none_dt2p5/output_0000/water_tag_closure.csv.
└ @ ClimaAtmos ~/git/ClimaAtmosResiDyn.jl/src/parameterized_tendencies/tagged_tracers/tagged_tracers.jl:590
┌ Warning: water tag closure residual 1.7155632009038492e-6 exceeds the configured tolerance 1.0e-10 at t = 520.0 s. The tags no longer account for the field they partition; see output/a2_none_dt2p5/output_0000/water_tag_closure.csv.
└ @ ClimaAtmos ~/git/ClimaAtmosResiDyn.jl/src/parameterized_tendencies/tagged_tracers/tagged_tracers.jl:590
┌ Warning: water tag closure residual 1.7155208994192561e-6 exceeds the configured tolerance 1.0e-10 at t = 522.5 s. The tags no longer account for the field they partition; see output/a2_none_dt2p5/output_0000/water_tag_closure.csv.
└ @ ClimaAtmos ~/git/ClimaAtmosResiDyn.jl/src/parameterized_tendencies/tagged_tracers/tagged_tracers.jl:590
┌ Warning: water tag closure residual 1.715478696676514e-6 exceeds the configured tolerance 1.0e-10 at t = 525.0 s. The tags no longer account for the field they partition; see output/a2_none_dt2p5/output_0000/water_tag_closure.csv.
└ @ ClimaAtmos ~/git/ClimaAtmosResiDyn.jl/src/parameterized_tendencies/tagged_tracers/tagged_tracers.jl:590
┌ Warning: water tag closure residual 1.7154365553264555e-6 exceeds the configured tolerance 1.0e-10 at t = 527.5 s. The tags no longer account for the field they partition; see output/a2_none_dt2p5/output_0000/water_tag_closure.csv.
└ @ ClimaAtmos ~/git/ClimaAtmosResiDyn.jl/src/parameterized_tendencies/tagged_tracers/tagged_tracers.jl:590
┌ Warning: water tag closure residual 1.7153943435488952e-6 exceeds the configured tolerance 1.0e-10 at t = 530.0 s. The tags no longer account for the field they partition; see output/a2_none_dt2p5/output_0000/water_tag_closure.csv.
└ @ ClimaAtmos ~/git/ClimaAtmosResiDyn.jl/src/parameterized_tendencies/tagged_tracers/tagged_tracers.jl:590
┌ Warning: water tag closure residual 1.715352125020508e-6 exceeds the configured tolerance 1.0e-10 at t = 532.5 s. The tags no longer account for the field they partition; see output/a2_none_dt2p5/output_0000/water_tag_closure.csv.
└ @ ClimaAtmos ~/git/ClimaAtmosResiDyn.jl/src/parameterized_tendencies/tagged_tracers/tagged_tracers.jl:590
┌ Warning: water tag closure residual 1.715309996445637e-6 exceeds the configured tolerance 1.0e-10 at t = 535.0 s. The tags no longer account for the field they partition; see output/a2_none_dt2p5/output_0000/water_tag_closure.csv.
└ @ ClimaAtmos ~/git/ClimaAtmosResiDyn.jl/src/parameterized_tendencies/tagged_tracers/tagged_tracers.jl:590
┌ Warning: water tag closure residual 1.7152678829280024e-6 exceeds the configured tolerance 1.0e-10 at t = 537.5 s. The tags no longer account for the field they partition; see output/a2_none_dt2p5/output_0000/water_tag_closure.csv.
└ @ ClimaAtmos ~/git/ClimaAtmosResiDyn.jl/src/parameterized_tendencies/tagged_tracers/tagged_tracers.jl:590
┌ Warning: water tag closure residual 1.715225725877317e-6 exceeds the configured tolerance 1.0e-10 at t = 540.0 s. The tags no longer account for the field they partition; see output/a2_none_dt2p5/output_0000/water_tag_closure.csv.
└ @ ClimaAtmos ~/git/ClimaAtmosResiDyn.jl/src/parameterized_tendencies/tagged_tracers/tagged_tracers.jl:590
┌ Warning: water tag closure residual 1.7151835917037414e-6 exceeds the configured tolerance 1.0e-10 at t = 542.5 s. The tags no longer account for the field they partition; see output/a2_none_dt2p5/output_0000/water_tag_closure.csv.
└ @ ClimaAtmos ~/git/ClimaAtmosResiDyn.jl/src/parameterized_tendencies/tagged_tracers/tagged_tracers.jl:590
┌ Warning: water tag closure residual 1.71514151856021e-6 exceeds the configured tolerance 1.0e-10 at t = 545.0 s. The tags no longer account for the field they partition; see output/a2_none_dt2p5/output_0000/water_tag_closure.csv.
└ @ ClimaAtmos ~/git/ClimaAtmosResiDyn.jl/src/parameterized_tendencies/tagged_tracers/tagged_tracers.jl:590
┌ Warning: water tag closure residual 1.715099444306025e-6 exceeds the configured tolerance 1.0e-10 at t = 547.5 s. The tags no longer account for the field they partition; see output/a2_none_dt2p5/output_0000/water_tag_closure.csv.
└ @ ClimaAtmos ~/git/ClimaAtmosResiDyn.jl/src/parameterized_tendencies/tagged_tracers/tagged_tracers.jl:590
┌ Warning: water tag closure residual 1.7150573499810108e-6 exceeds the configured tolerance 1.0e-10 at t = 550.0 s. The tags no longer account for the field they partition; see output/a2_none_dt2p5/output_0000/water_tag_closure.csv.
└ @ ClimaAtmos ~/git/ClimaAtmosResiDyn.jl/src/parameterized_tendencies/tagged_tracers/tagged_tracers.jl:590
┌ Warning: water tag closure residual 1.7150152888515604e-6 exceeds the configured tolerance 1.0e-10 at t = 552.5 s. The tags no longer account for the field they partition; see output/a2_none_dt2p5/output_0000/water_tag_closure.csv.
└ @ ClimaAtmos ~/git/ClimaAtmosResiDyn.jl/src/parameterized_tendencies/tagged_tracers/tagged_tracers.jl:590
┌ Warning: water tag closure residual 1.7149732665678485e-6 exceeds the configured tolerance 1.0e-10 at t = 555.0 s. The tags no longer account for the field they partition; see output/a2_none_dt2p5/output_0000/water_tag_closure.csv.
└ @ ClimaAtmos ~/git/ClimaAtmosResiDyn.jl/src/parameterized_tendencies/tagged_tracers/tagged_tracers.jl:590
┌ Warning: water tag closure residual 1.7149312392070108e-6 exceeds the configured tolerance 1.0e-10 at t = 557.5 s. The tags no longer account for the field they partition; see output/a2_none_dt2p5/output_0000/water_tag_closure.csv.
└ @ ClimaAtmos ~/git/ClimaAtmosResiDyn.jl/src/parameterized_tendencies/tagged_tracers/tagged_tracers.jl:590
┌ Warning: water tag closure residual 1.7148892098626398e-6 exceeds the configured tolerance 1.0e-10 at t = 560.0 s. The tags no longer account for the field they partition; see output/a2_none_dt2p5/output_0000/water_tag_closure.csv.
└ @ ClimaAtmos ~/git/ClimaAtmosResiDyn.jl/src/parameterized_tendencies/tagged_tracers/tagged_tracers.jl:590
┌ Warning: water tag closure residual 1.7148472135094672e-6 exceeds the configured tolerance 1.0e-10 at t = 562.5 s. The tags no longer account for the field they partition; see output/a2_none_dt2p5/output_0000/water_tag_closure.csv.
└ @ ClimaAtmos ~/git/ClimaAtmosResiDyn.jl/src/parameterized_tendencies/tagged_tracers/tagged_tracers.jl:590
┌ Warning: water tag closure residual 1.7148052411659788e-6 exceeds the configured tolerance 1.0e-10 at t = 565.0 s. The tags no longer account for the field they partition; see output/a2_none_dt2p5/output_0000/water_tag_closure.csv.
└ @ ClimaAtmos ~/git/ClimaAtmosResiDyn.jl/src/parameterized_tendencies/tagged_tracers/tagged_tracers.jl:590
┌ Warning: water tag closure residual 1.714763266274722e-6 exceeds the configured tolerance 1.0e-10 at t = 567.5 s. The tags no longer account for the field they partition; see output/a2_none_dt2p5/output_0000/water_tag_closure.csv.
└ @ ClimaAtmos ~/git/ClimaAtmosResiDyn.jl/src/parameterized_tendencies/tagged_tracers/tagged_tracers.jl:590
┌ Warning: water tag closure residual 1.7147213007105914e-6 exceeds the configured tolerance 1.0e-10 at t = 570.0 s. The tags no longer account for the field they partition; see output/a2_none_dt2p5/output_0000/water_tag_closure.csv.
└ @ ClimaAtmos ~/git/ClimaAtmosResiDyn.jl/src/parameterized_tendencies/tagged_tracers/tagged_tracers.jl:590
┌ Warning: water tag closure residual 1.7146793637429344e-6 exceeds the configured tolerance 1.0e-10 at t = 572.5 s. The tags no longer account for the field they partition; see output/a2_none_dt2p5/output_0000/water_tag_closure.csv.
└ @ ClimaAtmos ~/git/ClimaAtmosResiDyn.jl/src/parameterized_tendencies/tagged_tracers/tagged_tracers.jl:590
┌ Warning: water tag closure residual 1.7146374422201137e-6 exceeds the configured tolerance 1.0e-10 at t = 575.0 s. The tags no longer account for the field they partition; see output/a2_none_dt2p5/output_0000/water_tag_closure.csv.
└ @ ClimaAtmos ~/git/ClimaAtmosResiDyn.jl/src/parameterized_tendencies/tagged_tracers/tagged_tracers.jl:590
┌ Warning: water tag closure residual 1.7145955228705925e-6 exceeds the configured tolerance 1.0e-10 at t = 577.5 s. The tags no longer account for the field they partition; see output/a2_none_dt2p5/output_0000/water_tag_closure.csv.
└ @ ClimaAtmos ~/git/ClimaAtmosResiDyn.jl/src/parameterized_tendencies/tagged_tracers/tagged_tracers.jl:590
┌ Warning: water tag closure residual 1.7145536185771343e-6 exceeds the configured tolerance 1.0e-10 at t = 580.0 s. The tags no longer account for the field they partition; see output/a2_none_dt2p5/output_0000/water_tag_closure.csv.
└ @ ClimaAtmos ~/git/ClimaAtmosResiDyn.jl/src/parameterized_tendencies/tagged_tracers/tagged_tracers.jl:590
┌ Warning: water tag closure residual 1.7145117377447674e-6 exceeds the configured tolerance 1.0e-10 at t = 582.5 s. The tags no longer account for the field they partition; see output/a2_none_dt2p5/output_0000/water_tag_closure.csv.
└ @ ClimaAtmos ~/git/ClimaAtmosResiDyn.jl/src/parameterized_tendencies/tagged_tracers/tagged_tracers.jl:590
┌ Warning: water tag closure residual 1.7144698683496357e-6 exceeds the configured tolerance 1.0e-10 at t = 585.0 s. The tags no longer account for the field they partition; see output/a2_none_dt2p5/output_0000/water_tag_closure.csv.
└ @ ClimaAtmos ~/git/ClimaAtmosResiDyn.jl/src/parameterized_tendencies/tagged_tracers/tagged_tracers.jl:590
┌ Warning: water tag closure residual 1.7144280058581453e-6 exceeds the configured tolerance 1.0e-10 at t = 587.5 s. The tags no longer account for the field they partition; see output/a2_none_dt2p5/output_0000/water_tag_closure.csv.
└ @ ClimaAtmos ~/git/ClimaAtmosResiDyn.jl/src/parameterized_tendencies/tagged_tracers/tagged_tracers.jl:590
┌ Warning: water tag closure residual 1.714386160623511e-6 exceeds the configured tolerance 1.0e-10 at t = 590.0 s. The tags no longer account for the field they partition; see output/a2_none_dt2p5/output_0000/water_tag_closure.csv.
└ @ ClimaAtmos ~/git/ClimaAtmosResiDyn.jl/src/parameterized_tendencies/tagged_tracers/tagged_tracers.jl:590
┌ Warning: water tag closure residual 1.7143443345328105e-6 exceeds the configured tolerance 1.0e-10 at t = 592.5 s. The tags no longer account for the field they partition; see output/a2_none_dt2p5/output_0000/water_tag_closure.csv.
└ @ ClimaAtmos ~/git/ClimaAtmosResiDyn.jl/src/parameterized_tendencies/tagged_tracers/tagged_tracers.jl:590
┌ Warning: water tag closure residual 1.714302518558273e-6 exceeds the configured tolerance 1.0e-10 at t = 595.0 s. The tags no longer account for the field they partition; see output/a2_none_dt2p5/output_0000/water_tag_closure.csv.
└ @ ClimaAtmos ~/git/ClimaAtmosResiDyn.jl/src/parameterized_tendencies/tagged_tracers/tagged_tracers.jl:590
┌ Warning: water tag closure residual 1.7142607128002937e-6 exceeds the configured tolerance 1.0e-10 at t = 597.5 s. The tags no longer account for the field they partition; see output/a2_none_dt2p5/output_0000/water_tag_closure.csv.
└ @ ClimaAtmos ~/git/ClimaAtmosResiDyn.jl/src/parameterized_tendencies/tagged_tracers/tagged_tracers.jl:590
┌ Warning: water tag closure residual 1.7142189246326585e-6 exceeds the configured tolerance 1.0e-10 at t = 600.0 s. The tags no longer account for the field they partition; see output/a2_none_dt2p5/output_0000/water_tag_closure.csv.
└ @ ClimaAtmos ~/git/ClimaAtmosResiDyn.jl/src/parameterized_tendencies/tagged_tracers/tagged_tracers.jl:590
┌ Warning: water tag closure residual 1.7141771522721372e-6 exceeds the configured tolerance 1.0e-10 at t = 602.5 s. The tags no longer account for the field they partition; see output/a2_none_dt2p5/output_0000/water_tag_closure.csv.
└ @ ClimaAtmos ~/git/ClimaAtmosResiDyn.jl/src/parameterized_tendencies/tagged_tracers/tagged_tracers.jl:590
┌ Warning: water tag closure residual 1.714135390365485e-6 exceeds the configured tolerance 1.0e-10 at t = 605.0 s. The tags no longer account for the field they partition; see output/a2_none_dt2p5/output_0000/water_tag_closure.csv.
└ @ ClimaAtmos ~/git/ClimaAtmosResiDyn.jl/src/parameterized_tendencies/tagged_tracers/tagged_tracers.jl:590
┌ Warning: water tag closure residual 1.7140936410717167e-6 exceeds the configured tolerance 1.0e-10 at t = 607.5 s. The tags no longer account for the field they partition; see output/a2_none_dt2p5/output_0000/water_tag_closure.csv.
└ @ ClimaAtmos ~/git/ClimaAtmosResiDyn.jl/src/parameterized_tendencies/tagged_tracers/tagged_tracers.jl:590
┌ Warning: water tag closure residual 1.7140519083418867e-6 exceeds the configured tolerance 1.0e-10 at t = 610.0 s. The tags no longer account for the field they partition; see output/a2_none_dt2p5/output_0000/water_tag_closure.csv.
└ @ ClimaAtmos ~/git/ClimaAtmosResiDyn.jl/src/parameterized_tendencies/tagged_tracers/tagged_tracers.jl:590
┌ Warning: water tag closure residual 1.7140101898515898e-6 exceeds the configured tolerance 1.0e-10 at t = 612.5 s. The tags no longer account for the field they partition; see output/a2_none_dt2p5/output_0000/water_tag_closure.csv.
└ @ ClimaAtmos ~/git/ClimaAtmosResiDyn.jl/src/parameterized_tendencies/tagged_tracers/tagged_tracers.jl:590
┌ Warning: water tag closure residual 1.713968482686359e-6 exceeds the configured tolerance 1.0e-10 at t = 615.0 s. The tags no longer account for the field they partition; see output/a2_none_dt2p5/output_0000/water_tag_closure.csv.
└ @ ClimaAtmos ~/git/ClimaAtmosResiDyn.jl/src/parameterized_tendencies/tagged_tracers/tagged_tracers.jl:590
┌ Warning: water tag closure residual 1.7139267893794764e-6 exceeds the configured tolerance 1.0e-10 at t = 617.5 s. The tags no longer account for the field they partition; see output/a2_none_dt2p5/output_0000/water_tag_closure.csv.
└ @ ClimaAtmos ~/git/ClimaAtmosResiDyn.jl/src/parameterized_tendencies/tagged_tracers/tagged_tracers.jl:590
┌ Warning: water tag closure residual 1.713885111639228e-6 exceeds the configured tolerance 1.0e-10 at t = 620.0 s. The tags no longer account for the field they partition; see output/a2_none_dt2p5/output_0000/water_tag_closure.csv.
└ @ ClimaAtmos ~/git/ClimaAtmosResiDyn.jl/src/parameterized_tendencies/tagged_tracers/tagged_tracers.jl:590
┌ Warning: water tag closure residual 1.7138434472052439e-6 exceeds the configured tolerance 1.0e-10 at t = 622.5 s. The tags no longer account for the field they partition; see output/a2_none_dt2p5/output_0000/water_tag_closure.csv.
└ @ ClimaAtmos ~/git/ClimaAtmosResiDyn.jl/src/parameterized_tendencies/tagged_tracers/tagged_tracers.jl:590
┌ Warning: water tag closure residual 1.7138017949039489e-6 exceeds the configured tolerance 1.0e-10 at t = 625.0 s. The tags no longer account for the field they partition; see output/a2_none_dt2p5/output_0000/water_tag_closure.csv.
└ @ ClimaAtmos ~/git/ClimaAtmosResiDyn.jl/src/parameterized_tendencies/tagged_tracers/tagged_tracers.jl:590
┌ Warning: water tag closure residual 1.7137601568391732e-6 exceeds the configured tolerance 1.0e-10 at t = 627.5 s. The tags no longer account for the field they partition; see output/a2_none_dt2p5/output_0000/water_tag_closure.csv.
└ @ ClimaAtmos ~/git/ClimaAtmosResiDyn.jl/src/parameterized_tendencies/tagged_tracers/tagged_tracers.jl:590
┌ Warning: water tag closure residual 1.7137185333628338e-6 exceeds the configured tolerance 1.0e-10 at t = 630.0 s. The tags no longer account for the field they partition; see output/a2_none_dt2p5/output_0000/water_tag_closure.csv.
└ @ ClimaAtmos ~/git/ClimaAtmosResiDyn.jl/src/parameterized_tendencies/tagged_tracers/tagged_tracers.jl:590
┌ Warning: water tag closure residual 1.7136769227550373e-6 exceeds the configured tolerance 1.0e-10 at t = 632.5 s. The tags no longer account for the field they partition; see output/a2_none_dt2p5/output_0000/water_tag_closure.csv.
└ @ ClimaAtmos ~/git/ClimaAtmosResiDyn.jl/src/parameterized_tendencies/tagged_tracers/tagged_tracers.jl:590
┌ Warning: water tag closure residual 1.7136353248610594e-6 exceeds the configured tolerance 1.0e-10 at t = 635.0 s. The tags no longer account for the field they partition; see output/a2_none_dt2p5/output_0000/water_tag_closure.csv.
└ @ ClimaAtmos ~/git/ClimaAtmosResiDyn.jl/src/parameterized_tendencies/tagged_tracers/tagged_tracers.jl:590
┌ Warning: water tag closure residual 1.7135937411080376e-6 exceeds the configured tolerance 1.0e-10 at t = 637.5 s. The tags no longer account for the field they partition; see output/a2_none_dt2p5/output_0000/water_tag_closure.csv.
└ @ ClimaAtmos ~/git/ClimaAtmosResiDyn.jl/src/parameterized_tendencies/tagged_tracers/tagged_tracers.jl:590
┌ Warning: water tag closure residual 1.713552171318766e-6 exceeds the configured tolerance 1.0e-10 at t = 640.0 s. The tags no longer account for the field they partition; see output/a2_none_dt2p5/output_0000/water_tag_closure.csv.
└ @ ClimaAtmos ~/git/ClimaAtmosResiDyn.jl/src/parameterized_tendencies/tagged_tracers/tagged_tracers.jl:590
┌ Info: Progress
│   simulation_time = "10 minutes, 40 seconds"
│   n_steps_completed = 256
│   wall_time_per_step = "6 milliseconds, 959 microseconds"
│   wall_time_total = "10 seconds, 21 milliseconds"
│   wall_time_remaining = "8 seconds, 240 milliseconds"
│   wall_time_spent = "1 second, 781 milliseconds"
│   percent_complete = "17.8%"
│   estimated_sypd = "0.983"
│   instantaneous_sypd = "2.38"
│   date_now = 2026-09-10T00:49:24.352
└   estimated_finish_date = 2026-09-10T00:49:33.352
┌ Warning: water tag closure residual 1.7135106143520006e-6 exceeds the configured tolerance 1.0e-10 at t = 642.5 s. The tags no longer account for the field they partition; see output/a2_none_dt2p5/output_0000/water_tag_closure.csv.
└ @ ClimaAtmos ~/git/ClimaAtmosResiDyn.jl/src/parameterized_tendencies/tagged_tracers/tagged_tracers.jl:590
┌ Warning: water tag closure residual 1.7134690704152575e-6 exceeds the configured tolerance 1.0e-10 at t = 645.0 s. The tags no longer account for the field they partition; see output/a2_none_dt2p5/output_0000/water_tag_closure.csv.
└ @ ClimaAtmos ~/git/ClimaAtmosResiDyn.jl/src/parameterized_tendencies/tagged_tracers/tagged_tracers.jl:590
┌ Warning: water tag closure residual 1.713427540422699e-6 exceeds the configured tolerance 1.0e-10 at t = 647.5 s. The tags no longer account for the field they partition; see output/a2_none_dt2p5/output_0000/water_tag_closure.csv.
└ @ ClimaAtmos ~/git/ClimaAtmosResiDyn.jl/src/parameterized_tendencies/tagged_tracers/tagged_tracers.jl:590
┌ Warning: water tag closure residual 1.7133860239618184e-6 exceeds the configured tolerance 1.0e-10 at t = 650.0 s. The tags no longer account for the field they partition; see output/a2_none_dt2p5/output_0000/water_tag_closure.csv.
└ @ ClimaAtmos ~/git/ClimaAtmosResiDyn.jl/src/parameterized_tendencies/tagged_tracers/tagged_tracers.jl:590
┌ Warning: water tag closure residual 1.7133445202546635e-6 exceeds the configured tolerance 1.0e-10 at t = 652.5 s. The tags no longer account for the field they partition; see output/a2_none_dt2p5/output_0000/water_tag_closure.csv.
└ @ ClimaAtmos ~/git/ClimaAtmosResiDyn.jl/src/parameterized_tendencies/tagged_tracers/tagged_tracers.jl:590
┌ Warning: water tag closure residual 1.7133030295917487e-6 exceeds the configured tolerance 1.0e-10 at t = 655.0 s. The tags no longer account for the field they partition; see output/a2_none_dt2p5/output_0000/water_tag_closure.csv.
└ @ ClimaAtmos ~/git/ClimaAtmosResiDyn.jl/src/parameterized_tendencies/tagged_tracers/tagged_tracers.jl:590
┌ Warning: water tag closure residual 1.7132615526672242e-6 exceeds the configured tolerance 1.0e-10 at t = 657.5 s. The tags no longer account for the field they partition; see output/a2_none_dt2p5/output_0000/water_tag_closure.csv.
└ @ ClimaAtmos ~/git/ClimaAtmosResiDyn.jl/src/parameterized_tendencies/tagged_tracers/tagged_tracers.jl:590
┌ Warning: water tag closure residual 1.7132200888873953e-6 exceeds the configured tolerance 1.0e-10 at t = 660.0 s. The tags no longer account for the field they partition; see output/a2_none_dt2p5/output_0000/water_tag_closure.csv.
└ @ ClimaAtmos ~/git/ClimaAtmosResiDyn.jl/src/parameterized_tendencies/tagged_tracers/tagged_tracers.jl:590
┌ Warning: water tag closure residual 1.7131786550484659e-6 exceeds the configured tolerance 1.0e-10 at t = 662.5 s. The tags no longer account for the field they partition; see output/a2_none_dt2p5/output_0000/water_tag_closure.csv.
└ @ ClimaAtmos ~/git/ClimaAtmosResiDyn.jl/src/parameterized_tendencies/tagged_tracers/tagged_tracers.jl:590
┌ Warning: water tag closure residual 1.713137290949278e-6 exceeds the configured tolerance 1.0e-10 at t = 665.0 s. The tags no longer account for the field they partition; see output/a2_none_dt2p5/output_0000/water_tag_closure.csv.
└ @ ClimaAtmos ~/git/ClimaAtmosResiDyn.jl/src/parameterized_tendencies/tagged_tracers/tagged_tracers.jl:590
┌ Warning: water tag closure residual 1.71309594035851e-6 exceeds the configured tolerance 1.0e-10 at t = 667.5 s. The tags no longer account for the field they partition; see output/a2_none_dt2p5/output_0000/water_tag_closure.csv.
└ @ ClimaAtmos ~/git/ClimaAtmosResiDyn.jl/src/parameterized_tendencies/tagged_tracers/tagged_tracers.jl:590
┌ Warning: water tag closure residual 1.713054602742352e-6 exceeds the configured tolerance 1.0e-10 at t = 670.0 s. The tags no longer account for the field they partition; see output/a2_none_dt2p5/output_0000/water_tag_closure.csv.
└ @ ClimaAtmos ~/git/ClimaAtmosResiDyn.jl/src/parameterized_tendencies/tagged_tracers/tagged_tracers.jl:590
┌ Warning: water tag closure residual 1.7130132779312182e-6 exceeds the configured tolerance 1.0e-10 at t = 672.5 s. The tags no longer account for the field they partition; see output/a2_none_dt2p5/output_0000/water_tag_closure.csv.
└ @ ClimaAtmos ~/git/ClimaAtmosResiDyn.jl/src/parameterized_tendencies/tagged_tracers/tagged_tracers.jl:590
┌ Warning: water tag closure residual 1.7129719662854663e-6 exceeds the configured tolerance 1.0e-10 at t = 675.0 s. The tags no longer account for the field they partition; see output/a2_none_dt2p5/output_0000/water_tag_closure.csv.
└ @ ClimaAtmos ~/git/ClimaAtmosResiDyn.jl/src/parameterized_tendencies/tagged_tracers/tagged_tracers.jl:590
┌ Warning: water tag closure residual 1.712930667796299e-6 exceeds the configured tolerance 1.0e-10 at t = 677.5 s. The tags no longer account for the field they partition; see output/a2_none_dt2p5/output_0000/water_tag_closure.csv.
└ @ ClimaAtmos ~/git/ClimaAtmosResiDyn.jl/src/parameterized_tendencies/tagged_tracers/tagged_tracers.jl:590
┌ Warning: water tag closure residual 1.7128893820727775e-6 exceeds the configured tolerance 1.0e-10 at t = 680.0 s. The tags no longer account for the field they partition; see output/a2_none_dt2p5/output_0000/water_tag_closure.csv.
└ @ ClimaAtmos ~/git/ClimaAtmosResiDyn.jl/src/parameterized_tendencies/tagged_tracers/tagged_tracers.jl:590
┌ Warning: water tag closure residual 1.7128481093514366e-6 exceeds the configured tolerance 1.0e-10 at t = 682.5 s. The tags no longer account for the field they partition; see output/a2_none_dt2p5/output_0000/water_tag_closure.csv.
└ @ ClimaAtmos ~/git/ClimaAtmosResiDyn.jl/src/parameterized_tendencies/tagged_tracers/tagged_tracers.jl:590
┌ Warning: water tag closure residual 1.7128068496078106e-6 exceeds the configured tolerance 1.0e-10 at t = 685.0 s. The tags no longer account for the field they partition; see output/a2_none_dt2p5/output_0000/water_tag_closure.csv.
└ @ ClimaAtmos ~/git/ClimaAtmosResiDyn.jl/src/parameterized_tendencies/tagged_tracers/tagged_tracers.jl:590
┌ Warning: water tag closure residual 1.7127656027755701e-6 exceeds the configured tolerance 1.0e-10 at t = 687.5 s. The tags no longer account for the field they partition; see output/a2_none_dt2p5/output_0000/water_tag_closure.csv.
└ @ ClimaAtmos ~/git/ClimaAtmosResiDyn.jl/src/parameterized_tendencies/tagged_tracers/tagged_tracers.jl:590
┌ Warning: water tag closure residual 1.71272436883014e-6 exceeds the configured tolerance 1.0e-10 at t = 690.0 s. The tags no longer account for the field they partition; see output/a2_none_dt2p5/output_0000/water_tag_closure.csv.
└ @ ClimaAtmos ~/git/ClimaAtmosResiDyn.jl/src/parameterized_tendencies/tagged_tracers/tagged_tracers.jl:590
┌ Warning: water tag closure residual 1.712683147631617e-6 exceeds the configured tolerance 1.0e-10 at t = 692.5 s. The tags no longer account for the field they partition; see output/a2_none_dt2p5/output_0000/water_tag_closure.csv.
└ @ ClimaAtmos ~/git/ClimaAtmosResiDyn.jl/src/parameterized_tendencies/tagged_tracers/tagged_tracers.jl:590
┌ Warning: water tag closure residual 1.7126419392536712e-6 exceeds the configured tolerance 1.0e-10 at t = 695.0 s. The tags no longer account for the field they partition; see output/a2_none_dt2p5/output_0000/water_tag_closure.csv.
└ @ ClimaAtmos ~/git/ClimaAtmosResiDyn.jl/src/parameterized_tendencies/tagged_tracers/tagged_tracers.jl:590
┌ Warning: water tag closure residual 1.7126007436623581e-6 exceeds the configured tolerance 1.0e-10 at t = 697.5 s. The tags no longer account for the field they partition; see output/a2_none_dt2p5/output_0000/water_tag_closure.csv.
└ @ ClimaAtmos ~/git/ClimaAtmosResiDyn.jl/src/parameterized_tendencies/tagged_tracers/tagged_tracers.jl:590
┌ Warning: water tag closure residual 1.7125595608170683e-6 exceeds the configured tolerance 1.0e-10 at t = 700.0 s. The tags no longer account for the field they partition; see output/a2_none_dt2p5/output_0000/water_tag_closure.csv.
└ @ ClimaAtmos ~/git/ClimaAtmosResiDyn.jl/src/parameterized_tendencies/tagged_tracers/tagged_tracers.jl:590
┌ Warning: water tag closure residual 1.7125183906910511e-6 exceeds the configured tolerance 1.0e-10 at t = 702.5 s. The tags no longer account for the field they partition; see output/a2_none_dt2p5/output_0000/water_tag_closure.csv.
└ @ ClimaAtmos ~/git/ClimaAtmosResiDyn.jl/src/parameterized_tendencies/tagged_tracers/tagged_tracers.jl:590
┌ Warning: water tag closure residual 1.7124772333438465e-6 exceeds the configured tolerance 1.0e-10 at t = 705.0 s. The tags no longer account for the field they partition; see output/a2_none_dt2p5/output_0000/water_tag_closure.csv.
└ @ ClimaAtmos ~/git/ClimaAtmosResiDyn.jl/src/parameterized_tendencies/tagged_tracers/tagged_tracers.jl:590
┌ Warning: water tag closure residual 1.7124360886251304e-6 exceeds the configured tolerance 1.0e-10 at t = 707.5 s. The tags no longer account for the field they partition; see output/a2_none_dt2p5/output_0000/water_tag_closure.csv.
└ @ ClimaAtmos ~/git/ClimaAtmosResiDyn.jl/src/parameterized_tendencies/tagged_tracers/tagged_tracers.jl:590
┌ Warning: water tag closure residual 1.7123949581568595e-6 exceeds the configured tolerance 1.0e-10 at t = 710.0 s. The tags no longer account for the field they partition; see output/a2_none_dt2p5/output_0000/water_tag_closure.csv.
└ @ ClimaAtmos ~/git/ClimaAtmosResiDyn.jl/src/parameterized_tendencies/tagged_tracers/tagged_tracers.jl:590
┌ Warning: water tag closure residual 1.7123538424414028e-6 exceeds the configured tolerance 1.0e-10 at t = 712.5 s. The tags no longer account for the field they partition; see output/a2_none_dt2p5/output_0000/water_tag_closure.csv.
└ @ ClimaAtmos ~/git/ClimaAtmosResiDyn.jl/src/parameterized_tendencies/tagged_tracers/tagged_tracers.jl:590
┌ Warning: water tag closure residual 1.7123127415768939e-6 exceeds the configured tolerance 1.0e-10 at t = 715.0 s. The tags no longer account for the field they partition; see output/a2_none_dt2p5/output_0000/water_tag_closure.csv.
└ @ ClimaAtmos ~/git/ClimaAtmosResiDyn.jl/src/parameterized_tendencies/tagged_tracers/tagged_tracers.jl:590
┌ Warning: water tag closure residual 1.7122716554399513e-6 exceeds the configured tolerance 1.0e-10 at t = 717.5 s. The tags no longer account for the field they partition; see output/a2_none_dt2p5/output_0000/water_tag_closure.csv.
└ @ ClimaAtmos ~/git/ClimaAtmosResiDyn.jl/src/parameterized_tendencies/tagged_tracers/tagged_tracers.jl:590
┌ Warning: water tag closure residual 1.712230584023619e-6 exceeds the configured tolerance 1.0e-10 at t = 720.0 s. The tags no longer account for the field they partition; see output/a2_none_dt2p5/output_0000/water_tag_closure.csv.
└ @ ClimaAtmos ~/git/ClimaAtmosResiDyn.jl/src/parameterized_tendencies/tagged_tracers/tagged_tracers.jl:590
┌ Warning: water tag closure residual 1.712189527305268e-6 exceeds the configured tolerance 1.0e-10 at t = 722.5 s. The tags no longer account for the field they partition; see output/a2_none_dt2p5/output_0000/water_tag_closure.csv.
└ @ ClimaAtmos ~/git/ClimaAtmosResiDyn.jl/src/parameterized_tendencies/tagged_tracers/tagged_tracers.jl:590
┌ Warning: water tag closure residual 1.7121484853217032e-6 exceeds the configured tolerance 1.0e-10 at t = 725.0 s. The tags no longer account for the field they partition; see output/a2_none_dt2p5/output_0000/water_tag_closure.csv.
└ @ ClimaAtmos ~/git/ClimaAtmosResiDyn.jl/src/parameterized_tendencies/tagged_tracers/tagged_tracers.jl:590
┌ Warning: water tag closure residual 1.7121074579677715e-6 exceeds the configured tolerance 1.0e-10 at t = 727.5 s. The tags no longer account for the field they partition; see output/a2_none_dt2p5/output_0000/water_tag_closure.csv.
└ @ ClimaAtmos ~/git/ClimaAtmosResiDyn.jl/src/parameterized_tendencies/tagged_tracers/tagged_tracers.jl:590
┌ Warning: water tag closure residual 1.712066445073948e-6 exceeds the configured tolerance 1.0e-10 at t = 730.0 s. The tags no longer account for the field they partition; see output/a2_none_dt2p5/output_0000/water_tag_closure.csv.
└ @ ClimaAtmos ~/git/ClimaAtmosResiDyn.jl/src/parameterized_tendencies/tagged_tracers/tagged_tracers.jl:590
┌ Warning: water tag closure residual 1.712025446859983e-6 exceeds the configured tolerance 1.0e-10 at t = 732.5 s. The tags no longer account for the field they partition; see output/a2_none_dt2p5/output_0000/water_tag_closure.csv.
└ @ ClimaAtmos ~/git/ClimaAtmosResiDyn.jl/src/parameterized_tendencies/tagged_tracers/tagged_tracers.jl:590
┌ Warning: water tag closure residual 1.711984463146624e-6 exceeds the configured tolerance 1.0e-10 at t = 735.0 s. The tags no longer account for the field they partition; see output/a2_none_dt2p5/output_0000/water_tag_closure.csv.
└ @ ClimaAtmos ~/git/ClimaAtmosResiDyn.jl/src/parameterized_tendencies/tagged_tracers/tagged_tracers.jl:590
┌ Warning: water tag closure residual 1.7119434938783598e-6 exceeds the configured tolerance 1.0e-10 at t = 737.5 s. The tags no longer account for the field they partition; see output/a2_none_dt2p5/output_0000/water_tag_closure.csv.
└ @ ClimaAtmos ~/git/ClimaAtmosResiDyn.jl/src/parameterized_tendencies/tagged_tracers/tagged_tracers.jl:590
┌ Warning: water tag closure residual 1.711902538947269e-6 exceeds the configured tolerance 1.0e-10 at t = 740.0 s. The tags no longer account for the field they partition; see output/a2_none_dt2p5/output_0000/water_tag_closure.csv.
└ @ ClimaAtmos ~/git/ClimaAtmosResiDyn.jl/src/parameterized_tendencies/tagged_tracers/tagged_tracers.jl:590
┌ Warning: water tag closure residual 1.7118615984580535e-6 exceeds the configured tolerance 1.0e-10 at t = 742.5 s. The tags no longer account for the field they partition; see output/a2_none_dt2p5/output_0000/water_tag_closure.csv.
└ @ ClimaAtmos ~/git/ClimaAtmosResiDyn.jl/src/parameterized_tendencies/tagged_tracers/tagged_tracers.jl:590
┌ Warning: water tag closure residual 1.7118206725115193e-6 exceeds the configured tolerance 1.0e-10 at t = 745.0 s. The tags no longer account for the field they partition; see output/a2_none_dt2p5/output_0000/water_tag_closure.csv.
└ @ ClimaAtmos ~/git/ClimaAtmosResiDyn.jl/src/parameterized_tendencies/tagged_tracers/tagged_tracers.jl:590
┌ Warning: water tag closure residual 1.7117797608594559e-6 exceeds the configured tolerance 1.0e-10 at t = 747.5 s. The tags no longer account for the field they partition; see output/a2_none_dt2p5/output_0000/water_tag_closure.csv.
└ @ ClimaAtmos ~/git/ClimaAtmosResiDyn.jl/src/parameterized_tendencies/tagged_tracers/tagged_tracers.jl:590
┌ Warning: water tag closure residual 1.711738863542463e-6 exceeds the configured tolerance 1.0e-10 at t = 750.0 s. The tags no longer account for the field they partition; see output/a2_none_dt2p5/output_0000/water_tag_closure.csv.
└ @ ClimaAtmos ~/git/ClimaAtmosResiDyn.jl/src/parameterized_tendencies/tagged_tracers/tagged_tracers.jl:590
┌ Warning: water tag closure residual 1.7116979805189997e-6 exceeds the configured tolerance 1.0e-10 at t = 752.5 s. The tags no longer account for the field they partition; see output/a2_none_dt2p5/output_0000/water_tag_closure.csv.
└ @ ClimaAtmos ~/git/ClimaAtmosResiDyn.jl/src/parameterized_tendencies/tagged_tracers/tagged_tracers.jl:590
┌ Warning: water tag closure residual 1.711657111822367e-6 exceeds the configured tolerance 1.0e-10 at t = 755.0 s. The tags no longer account for the field they partition; see output/a2_none_dt2p5/output_0000/water_tag_closure.csv.
└ @ ClimaAtmos ~/git/ClimaAtmosResiDyn.jl/src/parameterized_tendencies/tagged_tracers/tagged_tracers.jl:590
┌ Warning: water tag closure residual 1.7116162572031253e-6 exceeds the configured tolerance 1.0e-10 at t = 757.5 s. The tags no longer account for the field they partition; see output/a2_none_dt2p5/output_0000/water_tag_closure.csv.
└ @ ClimaAtmos ~/git/ClimaAtmosResiDyn.jl/src/parameterized_tendencies/tagged_tracers/tagged_tracers.jl:590
┌ Warning: water tag closure residual 1.7115754168741859e-6 exceeds the configured tolerance 1.0e-10 at t = 760.0 s. The tags no longer account for the field they partition; see output/a2_none_dt2p5/output_0000/water_tag_closure.csv.
└ @ ClimaAtmos ~/git/ClimaAtmosResiDyn.jl/src/parameterized_tendencies/tagged_tracers/tagged_tracers.jl:590
┌ Warning: water tag closure residual 1.7115345906908794e-6 exceeds the configured tolerance 1.0e-10 at t = 762.5 s. The tags no longer account for the field they partition; see output/a2_none_dt2p5/output_0000/water_tag_closure.csv.
└ @ ClimaAtmos ~/git/ClimaAtmosResiDyn.jl/src/parameterized_tendencies/tagged_tracers/tagged_tracers.jl:590
┌ Warning: water tag closure residual 1.7114937786390948e-6 exceeds the configured tolerance 1.0e-10 at t = 765.0 s. The tags no longer account for the field they partition; see output/a2_none_dt2p5/output_0000/water_tag_closure.csv.
└ @ ClimaAtmos ~/git/ClimaAtmosResiDyn.jl/src/parameterized_tendencies/tagged_tracers/tagged_tracers.jl:590
┌ Warning: water tag closure residual 1.7114529808076008e-6 exceeds the configured tolerance 1.0e-10 at t = 767.5 s. The tags no longer account for the field they partition; see output/a2_none_dt2p5/output_0000/water_tag_closure.csv.
└ @ ClimaAtmos ~/git/ClimaAtmosResiDyn.jl/src/parameterized_tendencies/tagged_tracers/tagged_tracers.jl:590
┌ Warning: water tag closure residual 1.711412196828542e-6 exceeds the configured tolerance 1.0e-10 at t = 770.0 s. The tags no longer account for the field they partition; see output/a2_none_dt2p5/output_0000/water_tag_closure.csv.
└ @ ClimaAtmos ~/git/ClimaAtmosResiDyn.jl/src/parameterized_tendencies/tagged_tracers/tagged_tracers.jl:590
┌ Warning: water tag closure residual 1.7113714269867048e-6 exceeds the configured tolerance 1.0e-10 at t = 772.5 s. The tags no longer account for the field they partition; see output/a2_none_dt2p5/output_0000/water_tag_closure.csv.
└ @ ClimaAtmos ~/git/ClimaAtmosResiDyn.jl/src/parameterized_tendencies/tagged_tracers/tagged_tracers.jl:590
┌ Warning: water tag closure residual 1.7113306711667084e-6 exceeds the configured tolerance 1.0e-10 at t = 775.0 s. The tags no longer account for the field they partition; see output/a2_none_dt2p5/output_0000/water_tag_closure.csv.
└ @ ClimaAtmos ~/git/ClimaAtmosResiDyn.jl/src/parameterized_tendencies/tagged_tracers/tagged_tracers.jl:590
┌ Warning: water tag closure residual 1.711289929343978e-6 exceeds the configured tolerance 1.0e-10 at t = 777.5 s. The tags no longer account for the field they partition; see output/a2_none_dt2p5/output_0000/water_tag_closure.csv.
└ @ ClimaAtmos ~/git/ClimaAtmosResiDyn.jl/src/parameterized_tendencies/tagged_tracers/tagged_tracers.jl:590
┌ Warning: water tag closure residual 1.711249201508613e-6 exceeds the configured tolerance 1.0e-10 at t = 780.0 s. The tags no longer account for the field they partition; see output/a2_none_dt2p5/output_0000/water_tag_closure.csv.
└ @ ClimaAtmos ~/git/ClimaAtmosResiDyn.jl/src/parameterized_tendencies/tagged_tracers/tagged_tracers.jl:590
┌ Warning: water tag closure residual 1.7112084875699687e-6 exceeds the configured tolerance 1.0e-10 at t = 782.5 s. The tags no longer account for the field they partition; see output/a2_none_dt2p5/output_0000/water_tag_closure.csv.
└ @ ClimaAtmos ~/git/ClimaAtmosResiDyn.jl/src/parameterized_tendencies/tagged_tracers/tagged_tracers.jl:590
┌ Warning: water tag closure residual 1.711167787494544e-6 exceeds the configured tolerance 1.0e-10 at t = 785.0 s. The tags no longer account for the field they partition; see output/a2_none_dt2p5/output_0000/water_tag_closure.csv.
└ @ ClimaAtmos ~/git/ClimaAtmosResiDyn.jl/src/parameterized_tendencies/tagged_tracers/tagged_tracers.jl:590
┌ Warning: water tag closure residual 1.7111271013047902e-6 exceeds the configured tolerance 1.0e-10 at t = 787.5 s. The tags no longer account for the field they partition; see output/a2_none_dt2p5/output_0000/water_tag_closure.csv.
└ @ ClimaAtmos ~/git/ClimaAtmosResiDyn.jl/src/parameterized_tendencies/tagged_tracers/tagged_tracers.jl:590
┌ Warning: water tag closure residual 1.7110864289617008e-6 exceeds the configured tolerance 1.0e-10 at t = 790.0 s. The tags no longer account for the field they partition; see output/a2_none_dt2p5/output_0000/water_tag_closure.csv.
└ @ ClimaAtmos ~/git/ClimaAtmosResiDyn.jl/src/parameterized_tendencies/tagged_tracers/tagged_tracers.jl:590
┌ Warning: water tag closure residual 1.7110457703696287e-6 exceeds the configured tolerance 1.0e-10 at t = 792.5 s. The tags no longer account for the field they partition; see output/a2_none_dt2p5/output_0000/water_tag_closure.csv.
└ @ ClimaAtmos ~/git/ClimaAtmosResiDyn.jl/src/parameterized_tendencies/tagged_tracers/tagged_tracers.jl:590
┌ Warning: water tag closure residual 1.7110051255616697e-6 exceeds the configured tolerance 1.0e-10 at t = 795.0 s. The tags no longer account for the field they partition; see output/a2_none_dt2p5/output_0000/water_tag_closure.csv.
└ @ ClimaAtmos ~/git/ClimaAtmosResiDyn.jl/src/parameterized_tendencies/tagged_tracers/tagged_tracers.jl:590
┌ Warning: water tag closure residual 1.7109644945069718e-6 exceeds the configured tolerance 1.0e-10 at t = 797.5 s. The tags no longer account for the field they partition; see output/a2_none_dt2p5/output_0000/water_tag_closure.csv.
└ @ ClimaAtmos ~/git/ClimaAtmosResiDyn.jl/src/parameterized_tendencies/tagged_tracers/tagged_tracers.jl:590
┌ Warning: water tag closure residual 1.7109238804794272e-6 exceeds the configured tolerance 1.0e-10 at t = 800.0 s. The tags no longer account for the field they partition; see output/a2_none_dt2p5/output_0000/water_tag_closure.csv.
└ @ ClimaAtmos ~/git/ClimaAtmosResiDyn.jl/src/parameterized_tendencies/tagged_tracers/tagged_tracers.jl:590
┌ Warning: water tag closure residual 1.710883281241607e-6 exceeds the configured tolerance 1.0e-10 at t = 802.5 s. The tags no longer account for the field they partition; see output/a2_none_dt2p5/output_0000/water_tag_closure.csv.
└ @ ClimaAtmos ~/git/ClimaAtmosResiDyn.jl/src/parameterized_tendencies/tagged_tracers/tagged_tracers.jl:590
┌ Warning: water tag closure residual 1.7108426934113196e-6 exceeds the configured tolerance 1.0e-10 at t = 805.0 s. The tags no longer account for the field they partition; see output/a2_none_dt2p5/output_0000/water_tag_closure.csv.
└ @ ClimaAtmos ~/git/ClimaAtmosResiDyn.jl/src/parameterized_tendencies/tagged_tracers/tagged_tracers.jl:590
┌ Warning: water tag closure residual 1.7108021175207122e-6 exceeds the configured tolerance 1.0e-10 at t = 807.5 s. The tags no longer account for the field they partition; see output/a2_none_dt2p5/output_0000/water_tag_closure.csv.
└ @ ClimaAtmos ~/git/ClimaAtmosResiDyn.jl/src/parameterized_tendencies/tagged_tracers/tagged_tracers.jl:590
┌ Warning: water tag closure residual 1.710761557499898e-6 exceeds the configured tolerance 1.0e-10 at t = 810.0 s. The tags no longer account for the field they partition; see output/a2_none_dt2p5/output_0000/water_tag_closure.csv.
└ @ ClimaAtmos ~/git/ClimaAtmosResiDyn.jl/src/parameterized_tendencies/tagged_tracers/tagged_tracers.jl:590
┌ Warning: water tag closure residual 1.7107210120050794e-6 exceeds the configured tolerance 1.0e-10 at t = 812.5 s. The tags no longer account for the field they partition; see output/a2_none_dt2p5/output_0000/water_tag_closure.csv.
└ @ ClimaAtmos ~/git/ClimaAtmosResiDyn.jl/src/parameterized_tendencies/tagged_tracers/tagged_tracers.jl:590
┌ Warning: water tag closure residual 1.710680477863655e-6 exceeds the configured tolerance 1.0e-10 at t = 815.0 s. The tags no longer account for the field they partition; see output/a2_none_dt2p5/output_0000/water_tag_closure.csv.
└ @ ClimaAtmos ~/git/ClimaAtmosResiDyn.jl/src/parameterized_tendencies/tagged_tracers/tagged_tracers.jl:590
┌ Warning: water tag closure residual 1.7106399568818257e-6 exceeds the configured tolerance 1.0e-10 at t = 817.5 s. The tags no longer account for the field they partition; see output/a2_none_dt2p5/output_0000/water_tag_closure.csv.
└ @ ClimaAtmos ~/git/ClimaAtmosResiDyn.jl/src/parameterized_tendencies/tagged_tracers/tagged_tracers.jl:590
┌ Warning: water tag closure residual 1.7105994513117668e-6 exceeds the configured tolerance 1.0e-10 at t = 820.0 s. The tags no longer account for the field they partition; see output/a2_none_dt2p5/output_0000/water_tag_closure.csv.
└ @ ClimaAtmos ~/git/ClimaAtmosResiDyn.jl/src/parameterized_tendencies/tagged_tracers/tagged_tracers.jl:590
┌ Warning: water tag closure residual 1.7105589593247013e-6 exceeds the configured tolerance 1.0e-10 at t = 822.5 s. The tags no longer account for the field they partition; see output/a2_none_dt2p5/output_0000/water_tag_closure.csv.
└ @ ClimaAtmos ~/git/ClimaAtmosResiDyn.jl/src/parameterized_tendencies/tagged_tracers/tagged_tracers.jl:590
┌ Info: Progress
│   simulation_time = "13 minutes, 42 seconds"
│   n_steps_completed = 329
│   wall_time_per_step = "6 milliseconds, 82 microseconds"
│   wall_time_total = "8 seconds, 759 milliseconds"
│   wall_time_remaining = "6 seconds, 758 milliseconds"
│   wall_time_spent = "2 seconds, 1 millisecond"
│   percent_complete = "22.8%"
│   estimated_sypd = "1.125"
│   instantaneous_sypd = "2.275"
│   date_now = 2026-09-10T00:49:24.572
└   estimated_finish_date = 2026-09-10T00:49:31.572
┌ Warning: water tag closure residual 1.710518479356738e-6 exceeds the configured tolerance 1.0e-10 at t = 825.0 s. The tags no longer account for the field they partition; see output/a2_none_dt2p5/output_0000/water_tag_closure.csv.
└ @ ClimaAtmos ~/git/ClimaAtmosResiDyn.jl/src/parameterized_tendencies/tagged_tracers/tagged_tracers.jl:590
┌ Warning: water tag closure residual 1.7104780132961167e-6 exceeds the configured tolerance 1.0e-10 at t = 827.5 s. The tags no longer account for the field they partition; see output/a2_none_dt2p5/output_0000/water_tag_closure.csv.
└ @ ClimaAtmos ~/git/ClimaAtmosResiDyn.jl/src/parameterized_tendencies/tagged_tracers/tagged_tracers.jl:590
┌ Warning: water tag closure residual 1.7104375618062118e-6 exceeds the configured tolerance 1.0e-10 at t = 830.0 s. The tags no longer account for the field they partition; see output/a2_none_dt2p5/output_0000/water_tag_closure.csv.
└ @ ClimaAtmos ~/git/ClimaAtmosResiDyn.jl/src/parameterized_tendencies/tagged_tracers/tagged_tracers.jl:590
┌ Warning: water tag closure residual 1.7103971233871997e-6 exceeds the configured tolerance 1.0e-10 at t = 832.5 s. The tags no longer account for the field they partition; see output/a2_none_dt2p5/output_0000/water_tag_closure.csv.
└ @ ClimaAtmos ~/git/ClimaAtmosResiDyn.jl/src/parameterized_tendencies/tagged_tracers/tagged_tracers.jl:590
┌ Warning: water tag closure residual 1.7103566977085313e-6 exceeds the configured tolerance 1.0e-10 at t = 835.0 s. The tags no longer account for the field they partition; see output/a2_none_dt2p5/output_0000/water_tag_closure.csv.
└ @ ClimaAtmos ~/git/ClimaAtmosResiDyn.jl/src/parameterized_tendencies/tagged_tracers/tagged_tracers.jl:590
┌ Warning: water tag closure residual 1.710316286218959e-6 exceeds the configured tolerance 1.0e-10 at t = 837.5 s. The tags no longer account for the field they partition; see output/a2_none_dt2p5/output_0000/water_tag_closure.csv.
└ @ ClimaAtmos ~/git/ClimaAtmosResiDyn.jl/src/parameterized_tendencies/tagged_tracers/tagged_tracers.jl:590
┌ Warning: water tag closure residual 1.7102758890225112e-6 exceeds the configured tolerance 1.0e-10 at t = 840.0 s. The tags no longer account for the field they partition; see output/a2_none_dt2p5/output_0000/water_tag_closure.csv.
└ @ ClimaAtmos ~/git/ClimaAtmosResiDyn.jl/src/parameterized_tendencies/tagged_tracers/tagged_tracers.jl:590
┌ Warning: water tag closure residual 1.7102355050472633e-6 exceeds the configured tolerance 1.0e-10 at t = 842.5 s. The tags no longer account for the field they partition; see output/a2_none_dt2p5/output_0000/water_tag_closure.csv.
└ @ ClimaAtmos ~/git/ClimaAtmosResiDyn.jl/src/parameterized_tendencies/tagged_tracers/tagged_tracers.jl:590
┌ Warning: water tag closure residual 1.710195134330228e-6 exceeds the configured tolerance 1.0e-10 at t = 845.0 s. The tags no longer account for the field they partition; see output/a2_none_dt2p5/output_0000/water_tag_closure.csv.
└ @ ClimaAtmos ~/git/ClimaAtmosResiDyn.jl/src/parameterized_tendencies/tagged_tracers/tagged_tracers.jl:590
┌ Warning: water tag closure residual 1.7101547777844191e-6 exceeds the configured tolerance 1.0e-10 at t = 847.5 s. The tags no longer account for the field they partition; see output/a2_none_dt2p5/output_0000/water_tag_closure.csv.
└ @ ClimaAtmos ~/git/ClimaAtmosResiDyn.jl/src/parameterized_tendencies/tagged_tracers/tagged_tracers.jl:590
┌ Warning: water tag closure residual 1.710114435079407e-6 exceeds the configured tolerance 1.0e-10 at t = 850.0 s. The tags no longer account for the field they partition; see output/a2_none_dt2p5/output_0000/water_tag_closure.csv.
└ @ ClimaAtmos ~/git/ClimaAtmosResiDyn.jl/src/parameterized_tendencies/tagged_tracers/tagged_tracers.jl:590
┌ Warning: water tag closure residual 1.710074105575647e-6 exceeds the configured tolerance 1.0e-10 at t = 852.5 s. The tags no longer account for the field they partition; see output/a2_none_dt2p5/output_0000/water_tag_closure.csv.
└ @ ClimaAtmos ~/git/ClimaAtmosResiDyn.jl/src/parameterized_tendencies/tagged_tracers/tagged_tracers.jl:590
┌ Warning: water tag closure residual 1.7100337894992713e-6 exceeds the configured tolerance 1.0e-10 at t = 855.0 s. The tags no longer account for the field they partition; see output/a2_none_dt2p5/output_0000/water_tag_closure.csv.
└ @ ClimaAtmos ~/git/ClimaAtmosResiDyn.jl/src/parameterized_tendencies/tagged_tracers/tagged_tracers.jl:590
┌ Warning: water tag closure residual 1.7099934872874859e-6 exceeds the configured tolerance 1.0e-10 at t = 857.5 s. The tags no longer account for the field they partition; see output/a2_none_dt2p5/output_0000/water_tag_closure.csv.
└ @ ClimaAtmos ~/git/ClimaAtmosResiDyn.jl/src/parameterized_tendencies/tagged_tracers/tagged_tracers.jl:590
┌ Warning: water tag closure residual 1.7099531985955882e-6 exceeds the configured tolerance 1.0e-10 at t = 860.0 s. The tags no longer account for the field they partition; see output/a2_none_dt2p5/output_0000/water_tag_closure.csv.
└ @ ClimaAtmos ~/git/ClimaAtmosResiDyn.jl/src/parameterized_tendencies/tagged_tracers/tagged_tracers.jl:590
┌ Warning: water tag closure residual 1.7099129231818335e-6 exceeds the configured tolerance 1.0e-10 at t = 862.5 s. The tags no longer account for the field they partition; see output/a2_none_dt2p5/output_0000/water_tag_closure.csv.
└ @ ClimaAtmos ~/git/ClimaAtmosResiDyn.jl/src/parameterized_tendencies/tagged_tracers/tagged_tracers.jl:590
┌ Warning: water tag closure residual 1.7098726612621855e-6 exceeds the configured tolerance 1.0e-10 at t = 865.0 s. The tags no longer account for the field they partition; see output/a2_none_dt2p5/output_0000/water_tag_closure.csv.
└ @ ClimaAtmos ~/git/ClimaAtmosResiDyn.jl/src/parameterized_tendencies/tagged_tracers/tagged_tracers.jl:590
┌ Warning: water tag closure residual 1.709832412942468e-6 exceeds the configured tolerance 1.0e-10 at t = 867.5 s. The tags no longer account for the field they partition; see output/a2_none_dt2p5/output_0000/water_tag_closure.csv.
└ @ ClimaAtmos ~/git/ClimaAtmosResiDyn.jl/src/parameterized_tendencies/tagged_tracers/tagged_tracers.jl:590
┌ Warning: water tag closure residual 1.7097921779449144e-6 exceeds the configured tolerance 1.0e-10 at t = 870.0 s. The tags no longer account for the field they partition; see output/a2_none_dt2p5/output_0000/water_tag_closure.csv.
└ @ ClimaAtmos ~/git/ClimaAtmosResiDyn.jl/src/parameterized_tendencies/tagged_tracers/tagged_tracers.jl:590
┌ Warning: water tag closure residual 1.7097519561994175e-6 exceeds the configured tolerance 1.0e-10 at t = 872.5 s. The tags no longer account for the field they partition; see output/a2_none_dt2p5/output_0000/water_tag_closure.csv.
└ @ ClimaAtmos ~/git/ClimaAtmosResiDyn.jl/src/parameterized_tendencies/tagged_tracers/tagged_tracers.jl:590
┌ Warning: water tag closure residual 1.7097117478327512e-6 exceeds the configured tolerance 1.0e-10 at t = 875.0 s. The tags no longer account for the field they partition; see output/a2_none_dt2p5/output_0000/water_tag_closure.csv.
└ @ ClimaAtmos ~/git/ClimaAtmosResiDyn.jl/src/parameterized_tendencies/tagged_tracers/tagged_tracers.jl:590
┌ Warning: water tag closure residual 1.7096715528293417e-6 exceeds the configured tolerance 1.0e-10 at t = 877.5 s. The tags no longer account for the field they partition; see output/a2_none_dt2p5/output_0000/water_tag_closure.csv.
└ @ ClimaAtmos ~/git/ClimaAtmosResiDyn.jl/src/parameterized_tendencies/tagged_tracers/tagged_tracers.jl:590
┌ Warning: water tag closure residual 1.7096313710502099e-6 exceeds the configured tolerance 1.0e-10 at t = 880.0 s. The tags no longer account for the field they partition; see output/a2_none_dt2p5/output_0000/water_tag_closure.csv.
└ @ ClimaAtmos ~/git/ClimaAtmosResiDyn.jl/src/parameterized_tendencies/tagged_tracers/tagged_tracers.jl:590
┌ Warning: water tag closure residual 1.7095912024845712e-6 exceeds the configured tolerance 1.0e-10 at t = 882.5 s. The tags no longer account for the field they partition; see output/a2_none_dt2p5/output_0000/water_tag_closure.csv.
└ @ ClimaAtmos ~/git/ClimaAtmosResiDyn.jl/src/parameterized_tendencies/tagged_tracers/tagged_tracers.jl:590
┌ Warning: water tag closure residual 1.709551047224619e-6 exceeds the configured tolerance 1.0e-10 at t = 885.0 s. The tags no longer account for the field they partition; see output/a2_none_dt2p5/output_0000/water_tag_closure.csv.
└ @ ClimaAtmos ~/git/ClimaAtmosResiDyn.jl/src/parameterized_tendencies/tagged_tracers/tagged_tracers.jl:590
┌ Warning: water tag closure residual 1.7095109051668532e-6 exceeds the configured tolerance 1.0e-10 at t = 887.5 s. The tags no longer account for the field they partition; see output/a2_none_dt2p5/output_0000/water_tag_closure.csv.
└ @ ClimaAtmos ~/git/ClimaAtmosResiDyn.jl/src/parameterized_tendencies/tagged_tracers/tagged_tracers.jl:590
┌ Warning: water tag closure residual 1.709470776263518e-6 exceeds the configured tolerance 1.0e-10 at t = 890.0 s. The tags no longer account for the field they partition; see output/a2_none_dt2p5/output_0000/water_tag_closure.csv.
└ @ ClimaAtmos ~/git/ClimaAtmosResiDyn.jl/src/parameterized_tendencies/tagged_tracers/tagged_tracers.jl:590
┌ Warning: water tag closure residual 1.7094306603401125e-6 exceeds the configured tolerance 1.0e-10 at t = 892.5 s. The tags no longer account for the field they partition; see output/a2_none_dt2p5/output_0000/water_tag_closure.csv.
└ @ ClimaAtmos ~/git/ClimaAtmosResiDyn.jl/src/parameterized_tendencies/tagged_tracers/tagged_tracers.jl:590
┌ Warning: water tag closure residual 1.7093905576032785e-6 exceeds the configured tolerance 1.0e-10 at t = 895.0 s. The tags no longer account for the field they partition; see output/a2_none_dt2p5/output_0000/water_tag_closure.csv.
└ @ ClimaAtmos ~/git/ClimaAtmosResiDyn.jl/src/parameterized_tendencies/tagged_tracers/tagged_tracers.jl:590
┌ Warning: water tag closure residual 1.7093504679175877e-6 exceeds the configured tolerance 1.0e-10 at t = 897.5 s. The tags no longer account for the field they partition; see output/a2_none_dt2p5/output_0000/water_tag_closure.csv.
└ @ ClimaAtmos ~/git/ClimaAtmosResiDyn.jl/src/parameterized_tendencies/tagged_tracers/tagged_tracers.jl:590
┌ Warning: water tag closure residual 1.7093103913783078e-6 exceeds the configured tolerance 1.0e-10 at t = 900.0 s. The tags no longer account for the field they partition; see output/a2_none_dt2p5/output_0000/water_tag_closure.csv.
└ @ ClimaAtmos ~/git/ClimaAtmosResiDyn.jl/src/parameterized_tendencies/tagged_tracers/tagged_tracers.jl:590
┌ Warning: water tag closure residual 1.709270327721175e-6 exceeds the configured tolerance 1.0e-10 at t = 902.5 s. The tags no longer account for the field they partition; see output/a2_none_dt2p5/output_0000/water_tag_closure.csv.
└ @ ClimaAtmos ~/git/ClimaAtmosResiDyn.jl/src/parameterized_tendencies/tagged_tracers/tagged_tracers.jl:590
┌ Warning: water tag closure residual 1.7092302771682412e-6 exceeds the configured tolerance 1.0e-10 at t = 905.0 s. The tags no longer account for the field they partition; see output/a2_none_dt2p5/output_0000/water_tag_closure.csv.
└ @ ClimaAtmos ~/git/ClimaAtmosResiDyn.jl/src/parameterized_tendencies/tagged_tracers/tagged_tracers.jl:590
┌ Warning: water tag closure residual 1.7091902396105783e-6 exceeds the configured tolerance 1.0e-10 at t = 907.5 s. The tags no longer account for the field they partition; see output/a2_none_dt2p5/output_0000/water_tag_closure.csv.
└ @ ClimaAtmos ~/git/ClimaAtmosResiDyn.jl/src/parameterized_tendencies/tagged_tracers/tagged_tracers.jl:590
┌ Warning: water tag closure residual 1.7091502148800845e-6 exceeds the configured tolerance 1.0e-10 at t = 910.0 s. The tags no longer account for the field they partition; see output/a2_none_dt2p5/output_0000/water_tag_closure.csv.
└ @ ClimaAtmos ~/git/ClimaAtmosResiDyn.jl/src/parameterized_tendencies/tagged_tracers/tagged_tracers.jl:590
┌ Warning: water tag closure residual 1.70911020307236e-6 exceeds the configured tolerance 1.0e-10 at t = 912.5 s. The tags no longer account for the field they partition; see output/a2_none_dt2p5/output_0000/water_tag_closure.csv.
└ @ ClimaAtmos ~/git/ClimaAtmosResiDyn.jl/src/parameterized_tendencies/tagged_tracers/tagged_tracers.jl:590
┌ Warning: water tag closure residual 1.7090702041879718e-6 exceeds the configured tolerance 1.0e-10 at t = 915.0 s. The tags no longer account for the field they partition; see output/a2_none_dt2p5/output_0000/water_tag_closure.csv.
└ @ ClimaAtmos ~/git/ClimaAtmosResiDyn.jl/src/parameterized_tendencies/tagged_tracers/tagged_tracers.jl:590
┌ Warning: water tag closure residual 1.7090302182665606e-6 exceeds the configured tolerance 1.0e-10 at t = 917.5 s. The tags no longer account for the field they partition; see output/a2_none_dt2p5/output_0000/water_tag_closure.csv.
└ @ ClimaAtmos ~/git/ClimaAtmosResiDyn.jl/src/parameterized_tendencies/tagged_tracers/tagged_tracers.jl:590
┌ Warning: water tag closure residual 1.7089902450023653e-6 exceeds the configured tolerance 1.0e-10 at t = 920.0 s. The tags no longer account for the field they partition; see output/a2_none_dt2p5/output_0000/water_tag_closure.csv.
└ @ ClimaAtmos ~/git/ClimaAtmosResiDyn.jl/src/parameterized_tendencies/tagged_tracers/tagged_tracers.jl:590
┌ Warning: water tag closure residual 1.7089502846049219e-6 exceeds the configured tolerance 1.0e-10 at t = 922.5 s. The tags no longer account for the field they partition; see output/a2_none_dt2p5/output_0000/water_tag_closure.csv.
└ @ ClimaAtmos ~/git/ClimaAtmosResiDyn.jl/src/parameterized_tendencies/tagged_tracers/tagged_tracers.jl:590
┌ Warning: water tag closure residual 1.7089103369903364e-6 exceeds the configured tolerance 1.0e-10 at t = 925.0 s. The tags no longer account for the field they partition; see output/a2_none_dt2p5/output_0000/water_tag_closure.csv.
└ @ ClimaAtmos ~/git/ClimaAtmosResiDyn.jl/src/parameterized_tendencies/tagged_tracers/tagged_tracers.jl:590
┌ Warning: water tag closure residual 1.7088704021376745e-6 exceeds the configured tolerance 1.0e-10 at t = 927.5 s. The tags no longer account for the field they partition; see output/a2_none_dt2p5/output_0000/water_tag_closure.csv.
└ @ ClimaAtmos ~/git/ClimaAtmosResiDyn.jl/src/parameterized_tendencies/tagged_tracers/tagged_tracers.jl:590
┌ Warning: water tag closure residual 1.7088304800111079e-6 exceeds the configured tolerance 1.0e-10 at t = 930.0 s. The tags no longer account for the field they partition; see output/a2_none_dt2p5/output_0000/water_tag_closure.csv.
└ @ ClimaAtmos ~/git/ClimaAtmosResiDyn.jl/src/parameterized_tendencies/tagged_tracers/tagged_tracers.jl:590
┌ Warning: water tag closure residual 1.708790570530365e-6 exceeds the configured tolerance 1.0e-10 at t = 932.5 s. The tags no longer account for the field they partition; see output/a2_none_dt2p5/output_0000/water_tag_closure.csv.
└ @ ClimaAtmos ~/git/ClimaAtmosResiDyn.jl/src/parameterized_tendencies/tagged_tracers/tagged_tracers.jl:590
┌ Warning: water tag closure residual 1.7087506737268669e-6 exceeds the configured tolerance 1.0e-10 at t = 935.0 s. The tags no longer account for the field they partition; see output/a2_none_dt2p5/output_0000/water_tag_closure.csv.
└ @ ClimaAtmos ~/git/ClimaAtmosResiDyn.jl/src/parameterized_tendencies/tagged_tracers/tagged_tracers.jl:590
┌ Warning: water tag closure residual 1.7087107894791948e-6 exceeds the configured tolerance 1.0e-10 at t = 937.5 s. The tags no longer account for the field they partition; see output/a2_none_dt2p5/output_0000/water_tag_closure.csv.
└ @ ClimaAtmos ~/git/ClimaAtmosResiDyn.jl/src/parameterized_tendencies/tagged_tracers/tagged_tracers.jl:590
┌ Warning: water tag closure residual 1.7086709178479923e-6 exceeds the configured tolerance 1.0e-10 at t = 940.0 s. The tags no longer account for the field they partition; see output/a2_none_dt2p5/output_0000/water_tag_closure.csv.
└ @ ClimaAtmos ~/git/ClimaAtmosResiDyn.jl/src/parameterized_tendencies/tagged_tracers/tagged_tracers.jl:590
┌ Warning: water tag closure residual 1.7086310589302874e-6 exceeds the configured tolerance 1.0e-10 at t = 942.5 s. The tags no longer account for the field they partition; see output/a2_none_dt2p5/output_0000/water_tag_closure.csv.
└ @ ClimaAtmos ~/git/ClimaAtmosResiDyn.jl/src/parameterized_tendencies/tagged_tracers/tagged_tracers.jl:590
┌ Warning: water tag closure residual 1.708591212364357e-6 exceeds the configured tolerance 1.0e-10 at t = 945.0 s. The tags no longer account for the field they partition; see output/a2_none_dt2p5/output_0000/water_tag_closure.csv.
└ @ ClimaAtmos ~/git/ClimaAtmosResiDyn.jl/src/parameterized_tendencies/tagged_tracers/tagged_tracers.jl:590
┌ Warning: water tag closure residual 1.7085513784593996e-6 exceeds the configured tolerance 1.0e-10 at t = 947.5 s. The tags no longer account for the field they partition; see output/a2_none_dt2p5/output_0000/water_tag_closure.csv.
└ @ ClimaAtmos ~/git/ClimaAtmosResiDyn.jl/src/parameterized_tendencies/tagged_tracers/tagged_tracers.jl:590
┌ Warning: water tag closure residual 1.7085115570305045e-6 exceeds the configured tolerance 1.0e-10 at t = 950.0 s. The tags no longer account for the field they partition; see output/a2_none_dt2p5/output_0000/water_tag_closure.csv.
└ @ ClimaAtmos ~/git/ClimaAtmosResiDyn.jl/src/parameterized_tendencies/tagged_tracers/tagged_tracers.jl:590
┌ Warning: water tag closure residual 1.7084717481558634e-6 exceeds the configured tolerance 1.0e-10 at t = 952.5 s. The tags no longer account for the field they partition; see output/a2_none_dt2p5/output_0000/water_tag_closure.csv.
└ @ ClimaAtmos ~/git/ClimaAtmosResiDyn.jl/src/parameterized_tendencies/tagged_tracers/tagged_tracers.jl:590
┌ Warning: water tag closure residual 1.708431951613801e-6 exceeds the configured tolerance 1.0e-10 at t = 955.0 s. The tags no longer account for the field they partition; see output/a2_none_dt2p5/output_0000/water_tag_closure.csv.
└ @ ClimaAtmos ~/git/ClimaAtmosResiDyn.jl/src/parameterized_tendencies/tagged_tracers/tagged_tracers.jl:590
┌ Warning: water tag closure residual 1.708392167582888e-6 exceeds the configured tolerance 1.0e-10 at t = 957.5 s. The tags no longer account for the field they partition; see output/a2_none_dt2p5/output_0000/water_tag_closure.csv.
└ @ ClimaAtmos ~/git/ClimaAtmosResiDyn.jl/src/parameterized_tendencies/tagged_tracers/tagged_tracers.jl:590
┌ Warning: water tag closure residual 1.7083523959241547e-6 exceeds the configured tolerance 1.0e-10 at t = 960.0 s. The tags no longer account for the field they partition; see output/a2_none_dt2p5/output_0000/water_tag_closure.csv.
└ @ ClimaAtmos ~/git/ClimaAtmosResiDyn.jl/src/parameterized_tendencies/tagged_tracers/tagged_tracers.jl:590
┌ Warning: water tag closure residual 1.7083126367307854e-6 exceeds the configured tolerance 1.0e-10 at t = 962.5 s. The tags no longer account for the field they partition; see output/a2_none_dt2p5/output_0000/water_tag_closure.csv.
└ @ ClimaAtmos ~/git/ClimaAtmosResiDyn.jl/src/parameterized_tendencies/tagged_tracers/tagged_tracers.jl:590
┌ Warning: water tag closure residual 1.708272889823567e-6 exceeds the configured tolerance 1.0e-10 at t = 965.0 s. The tags no longer account for the field they partition; see output/a2_none_dt2p5/output_0000/water_tag_closure.csv.
└ @ ClimaAtmos ~/git/ClimaAtmosResiDyn.jl/src/parameterized_tendencies/tagged_tracers/tagged_tracers.jl:590
┌ Warning: water tag closure residual 1.7082331552312647e-6 exceeds the configured tolerance 1.0e-10 at t = 967.5 s. The tags no longer account for the field they partition; see output/a2_none_dt2p5/output_0000/water_tag_closure.csv.
└ @ ClimaAtmos ~/git/ClimaAtmosResiDyn.jl/src/parameterized_tendencies/tagged_tracers/tagged_tracers.jl:590
┌ Warning: water tag closure residual 1.7081934329302473e-6 exceeds the configured tolerance 1.0e-10 at t = 970.0 s. The tags no longer account for the field they partition; see output/a2_none_dt2p5/output_0000/water_tag_closure.csv.
└ @ ClimaAtmos ~/git/ClimaAtmosResiDyn.jl/src/parameterized_tendencies/tagged_tracers/tagged_tracers.jl:590
┌ Warning: water tag closure residual 1.7081537229572119e-6 exceeds the configured tolerance 1.0e-10 at t = 972.5 s. The tags no longer account for the field they partition; see output/a2_none_dt2p5/output_0000/water_tag_closure.csv.
└ @ ClimaAtmos ~/git/ClimaAtmosResiDyn.jl/src/parameterized_tendencies/tagged_tracers/tagged_tracers.jl:590
┌ Warning: water tag closure residual 1.7081140251965603e-6 exceeds the configured tolerance 1.0e-10 at t = 975.0 s. The tags no longer account for the field they partition; see output/a2_none_dt2p5/output_0000/water_tag_closure.csv.
└ @ ClimaAtmos ~/git/ClimaAtmosResiDyn.jl/src/parameterized_tendencies/tagged_tracers/tagged_tracers.jl:590
┌ Warning: water tag closure residual 1.7080743396531539e-6 exceeds the configured tolerance 1.0e-10 at t = 977.5 s. The tags no longer account for the field they partition; see output/a2_none_dt2p5/output_0000/water_tag_closure.csv.
└ @ ClimaAtmos ~/git/ClimaAtmosResiDyn.jl/src/parameterized_tendencies/tagged_tracers/tagged_tracers.jl:590
┌ Warning: water tag closure residual 1.7080346663603555e-6 exceeds the configured tolerance 1.0e-10 at t = 980.0 s. The tags no longer account for the field they partition; see output/a2_none_dt2p5/output_0000/water_tag_closure.csv.
└ @ ClimaAtmos ~/git/ClimaAtmosResiDyn.jl/src/parameterized_tendencies/tagged_tracers/tagged_tracers.jl:590
┌ Warning: water tag closure residual 1.7079950052076952e-6 exceeds the configured tolerance 1.0e-10 at t = 982.5 s. The tags no longer account for the field they partition; see output/a2_none_dt2p5/output_0000/water_tag_closure.csv.
└ @ ClimaAtmos ~/git/ClimaAtmosResiDyn.jl/src/parameterized_tendencies/tagged_tracers/tagged_tracers.jl:590
┌ Warning: water tag closure residual 1.7079553561731927e-6 exceeds the configured tolerance 1.0e-10 at t = 985.0 s. The tags no longer account for the field they partition; see output/a2_none_dt2p5/output_0000/water_tag_closure.csv.
└ @ ClimaAtmos ~/git/ClimaAtmosResiDyn.jl/src/parameterized_tendencies/tagged_tracers/tagged_tracers.jl:590
┌ Warning: water tag closure residual 1.707915719429994e-6 exceeds the configured tolerance 1.0e-10 at t = 987.5 s. The tags no longer account for the field they partition; see output/a2_none_dt2p5/output_0000/water_tag_closure.csv.
└ @ ClimaAtmos ~/git/ClimaAtmosResiDyn.jl/src/parameterized_tendencies/tagged_tracers/tagged_tracers.jl:590
┌ Warning: water tag closure residual 1.707876097139621e-6 exceeds the configured tolerance 1.0e-10 at t = 990.0 s. The tags no longer account for the field they partition; see output/a2_none_dt2p5/output_0000/water_tag_closure.csv.
└ @ ClimaAtmos ~/git/ClimaAtmosResiDyn.jl/src/parameterized_tendencies/tagged_tracers/tagged_tracers.jl:590
┌ Warning: water tag closure residual 1.7078364872165703e-6 exceeds the configured tolerance 1.0e-10 at t = 992.5 s. The tags no longer account for the field they partition; see output/a2_none_dt2p5/output_0000/water_tag_closure.csv.
└ @ ClimaAtmos ~/git/ClimaAtmosResiDyn.jl/src/parameterized_tendencies/tagged_tracers/tagged_tracers.jl:590
┌ Warning: water tag closure residual 1.7077968876727852e-6 exceeds the configured tolerance 1.0e-10 at t = 995.0 s. The tags no longer account for the field they partition; see output/a2_none_dt2p5/output_0000/water_tag_closure.csv.
└ @ ClimaAtmos ~/git/ClimaAtmosResiDyn.jl/src/parameterized_tendencies/tagged_tracers/tagged_tracers.jl:590
┌ Warning: water tag closure residual 1.7077572992477709e-6 exceeds the configured tolerance 1.0e-10 at t = 997.5 s. The tags no longer account for the field they partition; see output/a2_none_dt2p5/output_0000/water_tag_closure.csv.
└ @ ClimaAtmos ~/git/ClimaAtmosResiDyn.jl/src/parameterized_tendencies/tagged_tracers/tagged_tracers.jl:590
┌ Warning: water tag closure residual 1.7077177247103137e-6 exceeds the configured tolerance 1.0e-10 at t = 1000.0 s. The tags no longer account for the field they partition; see output/a2_none_dt2p5/output_0000/water_tag_closure.csv.
└ @ ClimaAtmos ~/git/ClimaAtmosResiDyn.jl/src/parameterized_tendencies/tagged_tracers/tagged_tracers.jl:590
┌ Warning: water tag closure residual 1.7076781624982772e-6 exceeds the configured tolerance 1.0e-10 at t = 1002.5 s. The tags no longer account for the field they partition; see output/a2_none_dt2p5/output_0000/water_tag_closure.csv.
└ @ ClimaAtmos ~/git/ClimaAtmosResiDyn.jl/src/parameterized_tendencies/tagged_tracers/tagged_tracers.jl:590
┌ Warning: water tag closure residual 1.707638610710793e-6 exceeds the configured tolerance 1.0e-10 at t = 1005.0 s. The tags no longer account for the field they partition; see output/a2_none_dt2p5/output_0000/water_tag_closure.csv.
└ @ ClimaAtmos ~/git/ClimaAtmosResiDyn.jl/src/parameterized_tendencies/tagged_tracers/tagged_tracers.jl:590
┌ Info: Progress
│   simulation_time = "16 minutes, 45 seconds"
│   n_steps_completed = 402
│   wall_time_per_step = "5 milliseconds, 522 microseconds"
│   wall_time_total = "7 seconds, 952 milliseconds"
│   wall_time_remaining = "5 seconds, 732 milliseconds"
│   wall_time_spent = "2 seconds, 220 milliseconds"
│   percent_complete = "27.9%"
│   estimated_sypd = "1.239"
│   instantaneous_sypd = "2.285"
│   date_now = 2026-09-10T00:49:24.791
└   estimated_finish_date = 2026-09-10T00:49:30.791
┌ Warning: water tag closure residual 1.7075990708359599e-6 exceeds the configured tolerance 1.0e-10 at t = 1007.5 s. The tags no longer account for the field they partition; see output/a2_none_dt2p5/output_0000/water_tag_closure.csv.
└ @ ClimaAtmos ~/git/ClimaAtmosResiDyn.jl/src/parameterized_tendencies/tagged_tracers/tagged_tracers.jl:590
┌ Warning: water tag closure residual 1.707559544025724e-6 exceeds the configured tolerance 1.0e-10 at t = 1010.0 s. The tags no longer account for the field they partition; see output/a2_none_dt2p5/output_0000/water_tag_closure.csv.
└ @ ClimaAtmos ~/git/ClimaAtmosResiDyn.jl/src/parameterized_tendencies/tagged_tracers/tagged_tracers.jl:590
┌ Warning: water tag closure residual 1.707520028890108e-6 exceeds the configured tolerance 1.0e-10 at t = 1012.5 s. The tags no longer account for the field they partition; see output/a2_none_dt2p5/output_0000/water_tag_closure.csv.
└ @ ClimaAtmos ~/git/ClimaAtmosResiDyn.jl/src/parameterized_tendencies/tagged_tracers/tagged_tracers.jl:590
┌ Warning: water tag closure residual 1.7074805246384829e-6 exceeds the configured tolerance 1.0e-10 at t = 1015.0 s. The tags no longer account for the field they partition; see output/a2_none_dt2p5/output_0000/water_tag_closure.csv.
└ @ ClimaAtmos ~/git/ClimaAtmosResiDyn.jl/src/parameterized_tendencies/tagged_tracers/tagged_tracers.jl:590
┌ Warning: water tag closure residual 1.7074410325949432e-6 exceeds the configured tolerance 1.0e-10 at t = 1017.5 s. The tags no longer account for the field they partition; see output/a2_none_dt2p5/output_0000/water_tag_closure.csv.
└ @ ClimaAtmos ~/git/ClimaAtmosResiDyn.jl/src/parameterized_tendencies/tagged_tracers/tagged_tracers.jl:590
┌ Warning: water tag closure residual 1.707401553163323e-6 exceeds the configured tolerance 1.0e-10 at t = 1020.0 s. The tags no longer account for the field they partition; see output/a2_none_dt2p5/output_0000/water_tag_closure.csv.
└ @ ClimaAtmos ~/git/ClimaAtmosResiDyn.jl/src/parameterized_tendencies/tagged_tracers/tagged_tracers.jl:590
┌ Warning: water tag closure residual 1.7073620850545582e-6 exceeds the configured tolerance 1.0e-10 at t = 1022.5 s. The tags no longer account for the field they partition; see output/a2_none_dt2p5/output_0000/water_tag_closure.csv.
└ @ ClimaAtmos ~/git/ClimaAtmosResiDyn.jl/src/parameterized_tendencies/tagged_tracers/tagged_tracers.jl:590
┌ Warning: water tag closure residual 1.707322628198771e-6 exceeds the configured tolerance 1.0e-10 at t = 1025.0 s. The tags no longer account for the field they partition; see output/a2_none_dt2p5/output_0000/water_tag_closure.csv.
└ @ ClimaAtmos ~/git/ClimaAtmosResiDyn.jl/src/parameterized_tendencies/tagged_tracers/tagged_tracers.jl:590
┌ Warning: water tag closure residual 1.7072831834446944e-6 exceeds the configured tolerance 1.0e-10 at t = 1027.5 s. The tags no longer account for the field they partition; see output/a2_none_dt2p5/output_0000/water_tag_closure.csv.
└ @ ClimaAtmos ~/git/ClimaAtmosResiDyn.jl/src/parameterized_tendencies/tagged_tracers/tagged_tracers.jl:590
┌ Warning: water tag closure residual 1.7072437508493062e-6 exceeds the configured tolerance 1.0e-10 at t = 1030.0 s. The tags no longer account for the field they partition; see output/a2_none_dt2p5/output_0000/water_tag_closure.csv.
└ @ ClimaAtmos ~/git/ClimaAtmosResiDyn.jl/src/parameterized_tendencies/tagged_tracers/tagged_tracers.jl:590
┌ Warning: water tag closure residual 1.7072043294272731e-6 exceeds the configured tolerance 1.0e-10 at t = 1032.5 s. The tags no longer account for the field they partition; see output/a2_none_dt2p5/output_0000/water_tag_closure.csv.
└ @ ClimaAtmos ~/git/ClimaAtmosResiDyn.jl/src/parameterized_tendencies/tagged_tracers/tagged_tracers.jl:590
┌ Warning: water tag closure residual 1.7071649195233476e-6 exceeds the configured tolerance 1.0e-10 at t = 1035.0 s. The tags no longer account for the field they partition; see output/a2_none_dt2p5/output_0000/water_tag_closure.csv.
└ @ ClimaAtmos ~/git/ClimaAtmosResiDyn.jl/src/parameterized_tendencies/tagged_tracers/tagged_tracers.jl:590
┌ Warning: water tag closure residual 1.7071255216000513e-6 exceeds the configured tolerance 1.0e-10 at t = 1037.5 s. The tags no longer account for the field they partition; see output/a2_none_dt2p5/output_0000/water_tag_closure.csv.
└ @ ClimaAtmos ~/git/ClimaAtmosResiDyn.jl/src/parameterized_tendencies/tagged_tracers/tagged_tracers.jl:590
┌ Warning: water tag closure residual 1.7070861354003867e-6 exceeds the configured tolerance 1.0e-10 at t = 1040.0 s. The tags no longer account for the field they partition; see output/a2_none_dt2p5/output_0000/water_tag_closure.csv.
└ @ ClimaAtmos ~/git/ClimaAtmosResiDyn.jl/src/parameterized_tendencies/tagged_tracers/tagged_tracers.jl:590
┌ Warning: water tag closure residual 1.7070467604399402e-6 exceeds the configured tolerance 1.0e-10 at t = 1042.5 s. The tags no longer account for the field they partition; see output/a2_none_dt2p5/output_0000/water_tag_closure.csv.
└ @ ClimaAtmos ~/git/ClimaAtmosResiDyn.jl/src/parameterized_tendencies/tagged_tracers/tagged_tracers.jl:590
┌ Warning: water tag closure residual 1.7070073971467838e-6 exceeds the configured tolerance 1.0e-10 at t = 1045.0 s. The tags no longer account for the field they partition; see output/a2_none_dt2p5/output_0000/water_tag_closure.csv.
└ @ ClimaAtmos ~/git/ClimaAtmosResiDyn.jl/src/parameterized_tendencies/tagged_tracers/tagged_tracers.jl:590
┌ Warning: water tag closure residual 1.7069680456369075e-6 exceeds the configured tolerance 1.0e-10 at t = 1047.5 s. The tags no longer account for the field they partition; see output/a2_none_dt2p5/output_0000/water_tag_closure.csv.
└ @ ClimaAtmos ~/git/ClimaAtmosResiDyn.jl/src/parameterized_tendencies/tagged_tracers/tagged_tracers.jl:590
┌ Warning: water tag closure residual 1.7069287055772535e-6 exceeds the configured tolerance 1.0e-10 at t = 1050.0 s. The tags no longer account for the field they partition; see output/a2_none_dt2p5/output_0000/water_tag_closure.csv.
└ @ ClimaAtmos ~/git/ClimaAtmosResiDyn.jl/src/parameterized_tendencies/tagged_tracers/tagged_tracers.jl:590
┌ Warning: water tag closure residual 1.7068893768043869e-6 exceeds the configured tolerance 1.0e-10 at t = 1052.5 s. The tags no longer account for the field they partition; see output/a2_none_dt2p5/output_0000/water_tag_closure.csv.
└ @ ClimaAtmos ~/git/ClimaAtmosResiDyn.jl/src/parameterized_tendencies/tagged_tracers/tagged_tracers.jl:590
┌ Warning: water tag closure residual 1.706850059624664e-6 exceeds the configured tolerance 1.0e-10 at t = 1055.0 s. The tags no longer account for the field they partition; see output/a2_none_dt2p5/output_0000/water_tag_closure.csv.
└ @ ClimaAtmos ~/git/ClimaAtmosResiDyn.jl/src/parameterized_tendencies/tagged_tracers/tagged_tracers.jl:590
┌ Warning: water tag closure residual 1.7068107540618903e-6 exceeds the configured tolerance 1.0e-10 at t = 1057.5 s. The tags no longer account for the field they partition; see output/a2_none_dt2p5/output_0000/water_tag_closure.csv.
└ @ ClimaAtmos ~/git/ClimaAtmosResiDyn.jl/src/parameterized_tendencies/tagged_tracers/tagged_tracers.jl:590
┌ Warning: water tag closure residual 1.7067714605546456e-6 exceeds the configured tolerance 1.0e-10 at t = 1060.0 s. The tags no longer account for the field they partition; see output/a2_none_dt2p5/output_0000/water_tag_closure.csv.
└ @ ClimaAtmos ~/git/ClimaAtmosResiDyn.jl/src/parameterized_tendencies/tagged_tracers/tagged_tracers.jl:590
┌ Warning: water tag closure residual 1.7067321792152796e-6 exceeds the configured tolerance 1.0e-10 at t = 1062.5 s. The tags no longer account for the field they partition; see output/a2_none_dt2p5/output_0000/water_tag_closure.csv.
└ @ ClimaAtmos ~/git/ClimaAtmosResiDyn.jl/src/parameterized_tendencies/tagged_tracers/tagged_tracers.jl:590
┌ Warning: water tag closure residual 1.7066929101374032e-6 exceeds the configured tolerance 1.0e-10 at t = 1065.0 s. The tags no longer account for the field they partition; see output/a2_none_dt2p5/output_0000/water_tag_closure.csv.
└ @ ClimaAtmos ~/git/ClimaAtmosResiDyn.jl/src/parameterized_tendencies/tagged_tracers/tagged_tracers.jl:590
┌ Warning: water tag closure residual 1.7066536530884555e-6 exceeds the configured tolerance 1.0e-10 at t = 1067.5 s. The tags no longer account for the field they partition; see output/a2_none_dt2p5/output_0000/water_tag_closure.csv.
└ @ ClimaAtmos ~/git/ClimaAtmosResiDyn.jl/src/parameterized_tendencies/tagged_tracers/tagged_tracers.jl:590
┌ Warning: water tag closure residual 1.7066144080418177e-6 exceeds the configured tolerance 1.0e-10 at t = 1070.0 s. The tags no longer account for the field they partition; see output/a2_none_dt2p5/output_0000/water_tag_closure.csv.
└ @ ClimaAtmos ~/git/ClimaAtmosResiDyn.jl/src/parameterized_tendencies/tagged_tracers/tagged_tracers.jl:590
┌ Warning: water tag closure residual 1.7065751750506193e-6 exceeds the configured tolerance 1.0e-10 at t = 1072.5 s. The tags no longer account for the field they partition; see output/a2_none_dt2p5/output_0000/water_tag_closure.csv.
└ @ ClimaAtmos ~/git/ClimaAtmosResiDyn.jl/src/parameterized_tendencies/tagged_tracers/tagged_tracers.jl:590
┌ Warning: water tag closure residual 1.706535954085308e-6 exceeds the configured tolerance 1.0e-10 at t = 1075.0 s. The tags no longer account for the field they partition; see output/a2_none_dt2p5/output_0000/water_tag_closure.csv.
└ @ ClimaAtmos ~/git/ClimaAtmosResiDyn.jl/src/parameterized_tendencies/tagged_tracers/tagged_tracers.jl:590
┌ Warning: water tag closure residual 1.7064967451279564e-6 exceeds the configured tolerance 1.0e-10 at t = 1077.5 s. The tags no longer account for the field they partition; see output/a2_none_dt2p5/output_0000/water_tag_closure.csv.
└ @ ClimaAtmos ~/git/ClimaAtmosResiDyn.jl/src/parameterized_tendencies/tagged_tracers/tagged_tracers.jl:590
┌ Warning: water tag closure residual 1.7064575480799333e-6 exceeds the configured tolerance 1.0e-10 at t = 1080.0 s. The tags no longer account for the field they partition; see output/a2_none_dt2p5/output_0000/water_tag_closure.csv.
└ @ ClimaAtmos ~/git/ClimaAtmosResiDyn.jl/src/parameterized_tendencies/tagged_tracers/tagged_tracers.jl:590
┌ Warning: water tag closure residual 1.7064183629011655e-6 exceeds the configured tolerance 1.0e-10 at t = 1082.5 s. The tags no longer account for the field they partition; see output/a2_none_dt2p5/output_0000/water_tag_closure.csv.
└ @ ClimaAtmos ~/git/ClimaAtmosResiDyn.jl/src/parameterized_tendencies/tagged_tracers/tagged_tracers.jl:590
┌ Warning: water tag closure residual 1.706379189733919e-6 exceeds the configured tolerance 1.0e-10 at t = 1085.0 s. The tags no longer account for the field they partition; see output/a2_none_dt2p5/output_0000/water_tag_closure.csv.
└ @ ClimaAtmos ~/git/ClimaAtmosResiDyn.jl/src/parameterized_tendencies/tagged_tracers/tagged_tracers.jl:590
┌ Warning: water tag closure residual 1.706340028414748e-6 exceeds the configured tolerance 1.0e-10 at t = 1087.5 s. The tags no longer account for the field they partition; see output/a2_none_dt2p5/output_0000/water_tag_closure.csv.
└ @ ClimaAtmos ~/git/ClimaAtmosResiDyn.jl/src/parameterized_tendencies/tagged_tracers/tagged_tracers.jl:590
┌ Warning: water tag closure residual 1.7063008789370326e-6 exceeds the configured tolerance 1.0e-10 at t = 1090.0 s. The tags no longer account for the field they partition; see output/a2_none_dt2p5/output_0000/water_tag_closure.csv.
└ @ ClimaAtmos ~/git/ClimaAtmosResiDyn.jl/src/parameterized_tendencies/tagged_tracers/tagged_tracers.jl:590
┌ Warning: water tag closure residual 1.706261741257866e-6 exceeds the configured tolerance 1.0e-10 at t = 1092.5 s. The tags no longer account for the field they partition; see output/a2_none_dt2p5/output_0000/water_tag_closure.csv.
└ @ ClimaAtmos ~/git/ClimaAtmosResiDyn.jl/src/parameterized_tendencies/tagged_tracers/tagged_tracers.jl:590
┌ Warning: water tag closure residual 1.7062226155081444e-6 exceeds the configured tolerance 1.0e-10 at t = 1095.0 s. The tags no longer account for the field they partition; see output/a2_none_dt2p5/output_0000/water_tag_closure.csv.
└ @ ClimaAtmos ~/git/ClimaAtmosResiDyn.jl/src/parameterized_tendencies/tagged_tracers/tagged_tracers.jl:590
┌ Warning: water tag closure residual 1.7061835015877155e-6 exceeds the configured tolerance 1.0e-10 at t = 1097.5 s. The tags no longer account for the field they partition; see output/a2_none_dt2p5/output_0000/water_tag_closure.csv.
└ @ ClimaAtmos ~/git/ClimaAtmosResiDyn.jl/src/parameterized_tendencies/tagged_tracers/tagged_tracers.jl:590
┌ Warning: water tag closure residual 1.7061443992688653e-6 exceeds the configured tolerance 1.0e-10 at t = 1100.0 s. The tags no longer account for the field they partition; see output/a2_none_dt2p5/output_0000/water_tag_closure.csv.
└ @ ClimaAtmos ~/git/ClimaAtmosResiDyn.jl/src/parameterized_tendencies/tagged_tracers/tagged_tracers.jl:590
┌ Warning: water tag closure residual 1.7061053087885117e-6 exceeds the configured tolerance 1.0e-10 at t = 1102.5 s. The tags no longer account for the field they partition; see output/a2_none_dt2p5/output_0000/water_tag_closure.csv.
└ @ ClimaAtmos ~/git/ClimaAtmosResiDyn.jl/src/parameterized_tendencies/tagged_tracers/tagged_tracers.jl:590
┌ Warning: water tag closure residual 1.7060662300220343e-6 exceeds the configured tolerance 1.0e-10 at t = 1105.0 s. The tags no longer account for the field they partition; see output/a2_none_dt2p5/output_0000/water_tag_closure.csv.
└ @ ClimaAtmos ~/git/ClimaAtmosResiDyn.jl/src/parameterized_tendencies/tagged_tracers/tagged_tracers.jl:590
┌ Warning: water tag closure residual 1.7060271629154922e-6 exceeds the configured tolerance 1.0e-10 at t = 1107.5 s. The tags no longer account for the field they partition; see output/a2_none_dt2p5/output_0000/water_tag_closure.csv.
└ @ ClimaAtmos ~/git/ClimaAtmosResiDyn.jl/src/parameterized_tendencies/tagged_tracers/tagged_tracers.jl:590
┌ Warning: water tag closure residual 1.7059881074510495e-6 exceeds the configured tolerance 1.0e-10 at t = 1110.0 s. The tags no longer account for the field they partition; see output/a2_none_dt2p5/output_0000/water_tag_closure.csv.
└ @ ClimaAtmos ~/git/ClimaAtmosResiDyn.jl/src/parameterized_tendencies/tagged_tracers/tagged_tracers.jl:590
┌ Warning: water tag closure residual 1.705949063638673e-6 exceeds the configured tolerance 1.0e-10 at t = 1112.5 s. The tags no longer account for the field they partition; see output/a2_none_dt2p5/output_0000/water_tag_closure.csv.
└ @ ClimaAtmos ~/git/ClimaAtmosResiDyn.jl/src/parameterized_tendencies/tagged_tracers/tagged_tracers.jl:590
┌ Warning: water tag closure residual 1.7059100314613449e-6 exceeds the configured tolerance 1.0e-10 at t = 1115.0 s. The tags no longer account for the field they partition; see output/a2_none_dt2p5/output_0000/water_tag_closure.csv.
└ @ ClimaAtmos ~/git/ClimaAtmosResiDyn.jl/src/parameterized_tendencies/tagged_tracers/tagged_tracers.jl:590
┌ Warning: water tag closure residual 1.7058710108223016e-6 exceeds the configured tolerance 1.0e-10 at t = 1117.5 s. The tags no longer account for the field they partition; see output/a2_none_dt2p5/output_0000/water_tag_closure.csv.
└ @ ClimaAtmos ~/git/ClimaAtmosResiDyn.jl/src/parameterized_tendencies/tagged_tracers/tagged_tracers.jl:590
┌ Warning: water tag closure residual 1.7058320018058432e-6 exceeds the configured tolerance 1.0e-10 at t = 1120.0 s. The tags no longer account for the field they partition; see output/a2_none_dt2p5/output_0000/water_tag_closure.csv.
└ @ ClimaAtmos ~/git/ClimaAtmosResiDyn.jl/src/parameterized_tendencies/tagged_tracers/tagged_tracers.jl:590
┌ Warning: water tag closure residual 1.7057930042769517e-6 exceeds the configured tolerance 1.0e-10 at t = 1122.5 s. The tags no longer account for the field they partition; see output/a2_none_dt2p5/output_0000/water_tag_closure.csv.
└ @ ClimaAtmos ~/git/ClimaAtmosResiDyn.jl/src/parameterized_tendencies/tagged_tracers/tagged_tracers.jl:590
┌ Warning: water tag closure residual 1.7057540182952487e-6 exceeds the configured tolerance 1.0e-10 at t = 1125.0 s. The tags no longer account for the field they partition; see output/a2_none_dt2p5/output_0000/water_tag_closure.csv.
└ @ ClimaAtmos ~/git/ClimaAtmosResiDyn.jl/src/parameterized_tendencies/tagged_tracers/tagged_tracers.jl:590
┌ Warning: water tag closure residual 1.7057150437103314e-6 exceeds the configured tolerance 1.0e-10 at t = 1127.5 s. The tags no longer account for the field they partition; see output/a2_none_dt2p5/output_0000/water_tag_closure.csv.
└ @ ClimaAtmos ~/git/ClimaAtmosResiDyn.jl/src/parameterized_tendencies/tagged_tracers/tagged_tracers.jl:590
┌ Warning: water tag closure residual 1.7056760806034708e-6 exceeds the configured tolerance 1.0e-10 at t = 1130.0 s. The tags no longer account for the field they partition; see output/a2_none_dt2p5/output_0000/water_tag_closure.csv.
└ @ ClimaAtmos ~/git/ClimaAtmosResiDyn.jl/src/parameterized_tendencies/tagged_tracers/tagged_tracers.jl:590
┌ Warning: water tag closure residual 1.7056371289950795e-6 exceeds the configured tolerance 1.0e-10 at t = 1132.5 s. The tags no longer account for the field they partition; see output/a2_none_dt2p5/output_0000/water_tag_closure.csv.
└ @ ClimaAtmos ~/git/ClimaAtmosResiDyn.jl/src/parameterized_tendencies/tagged_tracers/tagged_tracers.jl:590
┌ Warning: water tag closure residual 1.7055981889289485e-6 exceeds the configured tolerance 1.0e-10 at t = 1135.0 s. The tags no longer account for the field they partition; see output/a2_none_dt2p5/output_0000/water_tag_closure.csv.
└ @ ClimaAtmos ~/git/ClimaAtmosResiDyn.jl/src/parameterized_tendencies/tagged_tracers/tagged_tracers.jl:590
┌ Warning: water tag closure residual 1.7055592606891801e-6 exceeds the configured tolerance 1.0e-10 at t = 1137.5 s. The tags no longer account for the field they partition; see output/a2_none_dt2p5/output_0000/water_tag_closure.csv.
└ @ ClimaAtmos ~/git/ClimaAtmosResiDyn.jl/src/parameterized_tendencies/tagged_tracers/tagged_tracers.jl:590
┌ Warning: water tag closure residual 1.705520344122594e-6 exceeds the configured tolerance 1.0e-10 at t = 1140.0 s. The tags no longer account for the field they partition; see output/a2_none_dt2p5/output_0000/water_tag_closure.csv.
└ @ ClimaAtmos ~/git/ClimaAtmosResiDyn.jl/src/parameterized_tendencies/tagged_tracers/tagged_tracers.jl:590
┌ Warning: water tag closure residual 1.705481439372593e-6 exceeds the configured tolerance 1.0e-10 at t = 1142.5 s. The tags no longer account for the field they partition; see output/a2_none_dt2p5/output_0000/water_tag_closure.csv.
└ @ ClimaAtmos ~/git/ClimaAtmosResiDyn.jl/src/parameterized_tendencies/tagged_tracers/tagged_tracers.jl:590
┌ Warning: water tag closure residual 1.705442546279165e-6 exceeds the configured tolerance 1.0e-10 at t = 1145.0 s. The tags no longer account for the field they partition; see output/a2_none_dt2p5/output_0000/water_tag_closure.csv.
└ @ ClimaAtmos ~/git/ClimaAtmosResiDyn.jl/src/parameterized_tendencies/tagged_tracers/tagged_tracers.jl:590
┌ Warning: water tag closure residual 1.7054036648527356e-6 exceeds the configured tolerance 1.0e-10 at t = 1147.5 s. The tags no longer account for the field they partition; see output/a2_none_dt2p5/output_0000/water_tag_closure.csv.
└ @ ClimaAtmos ~/git/ClimaAtmosResiDyn.jl/src/parameterized_tendencies/tagged_tracers/tagged_tracers.jl:590
┌ Warning: water tag closure residual 1.7053647950939115e-6 exceeds the configured tolerance 1.0e-10 at t = 1150.0 s. The tags no longer account for the field they partition; see output/a2_none_dt2p5/output_0000/water_tag_closure.csv.
└ @ ClimaAtmos ~/git/ClimaAtmosResiDyn.jl/src/parameterized_tendencies/tagged_tracers/tagged_tracers.jl:590
┌ Warning: water tag closure residual 1.7053259371012238e-6 exceeds the configured tolerance 1.0e-10 at t = 1152.5 s. The tags no longer account for the field they partition; see output/a2_none_dt2p5/output_0000/water_tag_closure.csv.
└ @ ClimaAtmos ~/git/ClimaAtmosResiDyn.jl/src/parameterized_tendencies/tagged_tracers/tagged_tracers.jl:590
┌ Warning: water tag closure residual 1.705287090729023e-6 exceeds the configured tolerance 1.0e-10 at t = 1155.0 s. The tags no longer account for the field they partition; see output/a2_none_dt2p5/output_0000/water_tag_closure.csv.
└ @ ClimaAtmos ~/git/ClimaAtmosResiDyn.jl/src/parameterized_tendencies/tagged_tracers/tagged_tracers.jl:590
┌ Warning: water tag closure residual 1.7052482559615031e-6 exceeds the configured tolerance 1.0e-10 at t = 1157.5 s. The tags no longer account for the field they partition; see output/a2_none_dt2p5/output_0000/water_tag_closure.csv.
└ @ ClimaAtmos ~/git/ClimaAtmosResiDyn.jl/src/parameterized_tendencies/tagged_tracers/tagged_tracers.jl:590
┌ Warning: water tag closure residual 1.7052094327820891e-6 exceeds the configured tolerance 1.0e-10 at t = 1160.0 s. The tags no longer account for the field they partition; see output/a2_none_dt2p5/output_0000/water_tag_closure.csv.
└ @ ClimaAtmos ~/git/ClimaAtmosResiDyn.jl/src/parameterized_tendencies/tagged_tracers/tagged_tracers.jl:590
┌ Warning: water tag closure residual 1.7051706210984776e-6 exceeds the configured tolerance 1.0e-10 at t = 1162.5 s. The tags no longer account for the field they partition; see output/a2_none_dt2p5/output_0000/water_tag_closure.csv.
└ @ ClimaAtmos ~/git/ClimaAtmosResiDyn.jl/src/parameterized_tendencies/tagged_tracers/tagged_tracers.jl:590
┌ Warning: water tag closure residual 1.7051318210442726e-6 exceeds the configured tolerance 1.0e-10 at t = 1165.0 s. The tags no longer account for the field they partition; see output/a2_none_dt2p5/output_0000/water_tag_closure.csv.
└ @ ClimaAtmos ~/git/ClimaAtmosResiDyn.jl/src/parameterized_tendencies/tagged_tracers/tagged_tracers.jl:590
┌ Warning: water tag closure residual 1.7050930324244932e-6 exceeds the configured tolerance 1.0e-10 at t = 1167.5 s. The tags no longer account for the field they partition; see output/a2_none_dt2p5/output_0000/water_tag_closure.csv.
└ @ ClimaAtmos ~/git/ClimaAtmosResiDyn.jl/src/parameterized_tendencies/tagged_tracers/tagged_tracers.jl:590
┌ Warning: water tag closure residual 1.7050542553770978e-6 exceeds the configured tolerance 1.0e-10 at t = 1170.0 s. The tags no longer account for the field they partition; see output/a2_none_dt2p5/output_0000/water_tag_closure.csv.
└ @ ClimaAtmos ~/git/ClimaAtmosResiDyn.jl/src/parameterized_tendencies/tagged_tracers/tagged_tracers.jl:590
┌ Warning: water tag closure residual 1.70501548978095e-6 exceeds the configured tolerance 1.0e-10 at t = 1172.5 s. The tags no longer account for the field they partition; see output/a2_none_dt2p5/output_0000/water_tag_closure.csv.
└ @ ClimaAtmos ~/git/ClimaAtmosResiDyn.jl/src/parameterized_tendencies/tagged_tracers/tagged_tracers.jl:590
┌ Warning: water tag closure residual 1.7049767355774895e-6 exceeds the configured tolerance 1.0e-10 at t = 1175.0 s. The tags no longer account for the field they partition; see output/a2_none_dt2p5/output_0000/water_tag_closure.csv.
└ @ ClimaAtmos ~/git/ClimaAtmosResiDyn.jl/src/parameterized_tendencies/tagged_tracers/tagged_tracers.jl:590
┌ Warning: water tag closure residual 1.7049379928021982e-6 exceeds the configured tolerance 1.0e-10 at t = 1177.5 s. The tags no longer account for the field they partition; see output/a2_none_dt2p5/output_0000/water_tag_closure.csv.
└ @ ClimaAtmos ~/git/ClimaAtmosResiDyn.jl/src/parameterized_tendencies/tagged_tracers/tagged_tracers.jl:590
┌ Warning: water tag closure residual 1.7048992615297612e-6 exceeds the configured tolerance 1.0e-10 at t = 1180.0 s. The tags no longer account for the field they partition; see output/a2_none_dt2p5/output_0000/water_tag_closure.csv.
└ @ ClimaAtmos ~/git/ClimaAtmosResiDyn.jl/src/parameterized_tendencies/tagged_tracers/tagged_tracers.jl:590
┌ Warning: water tag closure residual 1.7048605415845706e-6 exceeds the configured tolerance 1.0e-10 at t = 1182.5 s. The tags no longer account for the field they partition; see output/a2_none_dt2p5/output_0000/water_tag_closure.csv.
└ @ ClimaAtmos ~/git/ClimaAtmosResiDyn.jl/src/parameterized_tendencies/tagged_tracers/tagged_tracers.jl:590
┌ Warning: water tag closure residual 1.7048218330052256e-6 exceeds the configured tolerance 1.0e-10 at t = 1185.0 s. The tags no longer account for the field they partition; see output/a2_none_dt2p5/output_0000/water_tag_closure.csv.
└ @ ClimaAtmos ~/git/ClimaAtmosResiDyn.jl/src/parameterized_tendencies/tagged_tracers/tagged_tracers.jl:590
┌ Warning: water tag closure residual 1.7047831358710384e-6 exceeds the configured tolerance 1.0e-10 at t = 1187.5 s. The tags no longer account for the field they partition; see output/a2_none_dt2p5/output_0000/water_tag_closure.csv.
└ @ ClimaAtmos ~/git/ClimaAtmosResiDyn.jl/src/parameterized_tendencies/tagged_tracers/tagged_tracers.jl:590
┌ Info: Progress
│   simulation_time = "19 minutes, 47 seconds"
│   n_steps_completed = 475
│   wall_time_per_step = "5 milliseconds, 107 microseconds"
│   wall_time_total = "7 seconds, 354 milliseconds"
│   wall_time_remaining = "4 seconds, 928 milliseconds"
│   wall_time_spent = "2 seconds, 425 milliseconds"
│   percent_complete = "33.0%"
│   estimated_sypd = "1.34"
│   instantaneous_sypd = "2.426"
│   date_now = 2026-09-10T00:49:24.997
└   estimated_finish_date = 2026-09-10T00:49:29.997
┌ Warning: water tag closure residual 1.7047444499237578e-6 exceeds the configured tolerance 1.0e-10 at t = 1190.0 s. The tags no longer account for the field they partition; see output/a2_none_dt2p5/output_0000/water_tag_closure.csv.
└ @ ClimaAtmos ~/git/ClimaAtmosResiDyn.jl/src/parameterized_tendencies/tagged_tracers/tagged_tracers.jl:590
┌ Warning: water tag closure residual 1.7047057753490263e-6 exceeds the configured tolerance 1.0e-10 at t = 1192.5 s. The tags no longer account for the field they partition; see output/a2_none_dt2p5/output_0000/water_tag_closure.csv.
└ @ ClimaAtmos ~/git/ClimaAtmosResiDyn.jl/src/parameterized_tendencies/tagged_tracers/tagged_tracers.jl:590
┌ Warning: water tag closure residual 1.704667111930813e-6 exceeds the configured tolerance 1.0e-10 at t = 1195.0 s. The tags no longer account for the field they partition; see output/a2_none_dt2p5/output_0000/water_tag_closure.csv.
└ @ ClimaAtmos ~/git/ClimaAtmosResiDyn.jl/src/parameterized_tendencies/tagged_tracers/tagged_tracers.jl:590
┌ Warning: water tag closure residual 1.7046284597904918e-6 exceeds the configured tolerance 1.0e-10 at t = 1197.5 s. The tags no longer account for the field they partition; see output/a2_none_dt2p5/output_0000/water_tag_closure.csv.
└ @ ClimaAtmos ~/git/ClimaAtmosResiDyn.jl/src/parameterized_tendencies/tagged_tracers/tagged_tracers.jl:590
┌ Warning: water tag closure residual 1.7045898189151698e-6 exceeds the configured tolerance 1.0e-10 at t = 1200.0 s. The tags no longer account for the field they partition; see output/a2_none_dt2p5/output_0000/water_tag_closure.csv.
└ @ ClimaAtmos ~/git/ClimaAtmosResiDyn.jl/src/parameterized_tendencies/tagged_tracers/tagged_tracers.jl:590
┌ Warning: water tag closure residual 1.7045511892028178e-6 exceeds the configured tolerance 1.0e-10 at t = 1202.5 s. The tags no longer account for the field they partition; see output/a2_none_dt2p5/output_0000/water_tag_closure.csv.
└ @ ClimaAtmos ~/git/ClimaAtmosResiDyn.jl/src/parameterized_tendencies/tagged_tracers/tagged_tracers.jl:590
┌ Warning: water tag closure residual 1.7045125707091826e-6 exceeds the configured tolerance 1.0e-10 at t = 1205.0 s. The tags no longer account for the field they partition; see output/a2_none_dt2p5/output_0000/water_tag_closure.csv.
└ @ ClimaAtmos ~/git/ClimaAtmosResiDyn.jl/src/parameterized_tendencies/tagged_tracers/tagged_tracers.jl:590
┌ Warning: water tag closure residual 1.7044739634316379e-6 exceeds the configured tolerance 1.0e-10 at t = 1207.5 s. The tags no longer account for the field they partition; see output/a2_none_dt2p5/output_0000/water_tag_closure.csv.
└ @ ClimaAtmos ~/git/ClimaAtmosResiDyn.jl/src/parameterized_tendencies/tagged_tracers/tagged_tracers.jl:590
┌ Warning: water tag closure residual 1.704435367233642e-6 exceeds the configured tolerance 1.0e-10 at t = 1210.0 s. The tags no longer account for the field they partition; see output/a2_none_dt2p5/output_0000/water_tag_closure.csv.
└ @ ClimaAtmos ~/git/ClimaAtmosResiDyn.jl/src/parameterized_tendencies/tagged_tracers/tagged_tracers.jl:590
┌ Warning: water tag closure residual 1.704396782197193e-6 exceeds the configured tolerance 1.0e-10 at t = 1212.5 s. The tags no longer account for the field they partition; see output/a2_none_dt2p5/output_0000/water_tag_closure.csv.
└ @ ClimaAtmos ~/git/ClimaAtmosResiDyn.jl/src/parameterized_tendencies/tagged_tracers/tagged_tracers.jl:590
┌ Warning: water tag closure residual 1.7043582082656098e-6 exceeds the configured tolerance 1.0e-10 at t = 1215.0 s. The tags no longer account for the field they partition; see output/a2_none_dt2p5/output_0000/water_tag_closure.csv.
└ @ ClimaAtmos ~/git/ClimaAtmosResiDyn.jl/src/parameterized_tendencies/tagged_tracers/tagged_tracers.jl:590
┌ Warning: water tag closure residual 1.7043196453445143e-6 exceeds the configured tolerance 1.0e-10 at t = 1217.5 s. The tags no longer account for the field they partition; see output/a2_none_dt2p5/output_0000/water_tag_closure.csv.
└ @ ClimaAtmos ~/git/ClimaAtmosResiDyn.jl/src/parameterized_tendencies/tagged_tracers/tagged_tracers.jl:590
┌ Warning: water tag closure residual 1.7042810935635023e-6 exceeds the configured tolerance 1.0e-10 at t = 1220.0 s. The tags no longer account for the field they partition; see output/a2_none_dt2p5/output_0000/water_tag_closure.csv.
└ @ ClimaAtmos ~/git/ClimaAtmosResiDyn.jl/src/parameterized_tendencies/tagged_tracers/tagged_tracers.jl:590
┌ Warning: water tag closure residual 1.7042425527281622e-6 exceeds the configured tolerance 1.0e-10 at t = 1222.5 s. The tags no longer account for the field they partition; see output/a2_none_dt2p5/output_0000/water_tag_closure.csv.
└ @ ClimaAtmos ~/git/ClimaAtmosResiDyn.jl/src/parameterized_tendencies/tagged_tracers/tagged_tracers.jl:590
┌ Warning: water tag closure residual 1.7042040228764003e-6 exceeds the configured tolerance 1.0e-10 at t = 1225.0 s. The tags no longer account for the field they partition; see output/a2_none_dt2p5/output_0000/water_tag_closure.csv.
└ @ ClimaAtmos ~/git/ClimaAtmosResiDyn.jl/src/parameterized_tendencies/tagged_tracers/tagged_tracers.jl:590
┌ Warning: water tag closure residual 1.7041655041158383e-6 exceeds the configured tolerance 1.0e-10 at t = 1227.5 s. The tags no longer account for the field they partition; see output/a2_none_dt2p5/output_0000/water_tag_closure.csv.
└ @ ClimaAtmos ~/git/ClimaAtmosResiDyn.jl/src/parameterized_tendencies/tagged_tracers/tagged_tracers.jl:590
┌ Warning: water tag closure residual 1.7041269963344637e-6 exceeds the configured tolerance 1.0e-10 at t = 1230.0 s. The tags no longer account for the field they partition; see output/a2_none_dt2p5/output_0000/water_tag_closure.csv.
└ @ ClimaAtmos ~/git/ClimaAtmosResiDyn.jl/src/parameterized_tendencies/tagged_tracers/tagged_tracers.jl:590
┌ Warning: water tag closure residual 1.7040884994492009e-6 exceeds the configured tolerance 1.0e-10 at t = 1232.5 s. The tags no longer account for the field they partition; see output/a2_none_dt2p5/output_0000/water_tag_closure.csv.
└ @ ClimaAtmos ~/git/ClimaAtmosResiDyn.jl/src/parameterized_tendencies/tagged_tracers/tagged_tracers.jl:590
┌ Warning: water tag closure residual 1.7040500135097526e-6 exceeds the configured tolerance 1.0e-10 at t = 1235.0 s. The tags no longer account for the field they partition; see output/a2_none_dt2p5/output_0000/water_tag_closure.csv.
└ @ ClimaAtmos ~/git/ClimaAtmosResiDyn.jl/src/parameterized_tendencies/tagged_tracers/tagged_tracers.jl:590
┌ Warning: water tag closure residual 1.70401153848285e-6 exceeds the configured tolerance 1.0e-10 at t = 1237.5 s. The tags no longer account for the field they partition; see output/a2_none_dt2p5/output_0000/water_tag_closure.csv.
└ @ ClimaAtmos ~/git/ClimaAtmosResiDyn.jl/src/parameterized_tendencies/tagged_tracers/tagged_tracers.jl:590
┌ Warning: water tag closure residual 1.7039730743416667e-6 exceeds the configured tolerance 1.0e-10 at t = 1240.0 s. The tags no longer account for the field they partition; see output/a2_none_dt2p5/output_0000/water_tag_closure.csv.
└ @ ClimaAtmos ~/git/ClimaAtmosResiDyn.jl/src/parameterized_tendencies/tagged_tracers/tagged_tracers.jl:590
┌ Warning: water tag closure residual 1.7039346211151078e-6 exceeds the configured tolerance 1.0e-10 at t = 1242.5 s. The tags no longer account for the field they partition; see output/a2_none_dt2p5/output_0000/water_tag_closure.csv.
└ @ ClimaAtmos ~/git/ClimaAtmosResiDyn.jl/src/parameterized_tendencies/tagged_tracers/tagged_tracers.jl:590
┌ Warning: water tag closure residual 1.7038961786447335e-6 exceeds the configured tolerance 1.0e-10 at t = 1245.0 s. The tags no longer account for the field they partition; see output/a2_none_dt2p5/output_0000/water_tag_closure.csv.
└ @ ClimaAtmos ~/git/ClimaAtmosResiDyn.jl/src/parameterized_tendencies/tagged_tracers/tagged_tracers.jl:590
┌ Warning: water tag closure residual 1.7038577470128633e-6 exceeds the configured tolerance 1.0e-10 at t = 1247.5 s. The tags no longer account for the field they partition; see output/a2_none_dt2p5/output_0000/water_tag_closure.csv.
└ @ ClimaAtmos ~/git/ClimaAtmosResiDyn.jl/src/parameterized_tendencies/tagged_tracers/tagged_tracers.jl:590
┌ Warning: water tag closure residual 1.7038193262748051e-6 exceeds the configured tolerance 1.0e-10 at t = 1250.0 s. The tags no longer account for the field they partition; see output/a2_none_dt2p5/output_0000/water_tag_closure.csv.
└ @ ClimaAtmos ~/git/ClimaAtmosResiDyn.jl/src/parameterized_tendencies/tagged_tracers/tagged_tracers.jl:590
┌ Warning: water tag closure residual 1.7037809167663993e-6 exceeds the configured tolerance 1.0e-10 at t = 1252.5 s. The tags no longer account for the field they partition; see output/a2_none_dt2p5/output_0000/water_tag_closure.csv.
└ @ ClimaAtmos ~/git/ClimaAtmosResiDyn.jl/src/parameterized_tendencies/tagged_tracers/tagged_tracers.jl:590
┌ Warning: water tag closure residual 1.703742518396349e-6 exceeds the configured tolerance 1.0e-10 at t = 1255.0 s. The tags no longer account for the field they partition; see output/a2_none_dt2p5/output_0000/water_tag_closure.csv.
└ @ ClimaAtmos ~/git/ClimaAtmosResiDyn.jl/src/parameterized_tendencies/tagged_tracers/tagged_tracers.jl:590
┌ Warning: water tag closure residual 1.7037041312879179e-6 exceeds the configured tolerance 1.0e-10 at t = 1257.5 s. The tags no longer account for the field they partition; see output/a2_none_dt2p5/output_0000/water_tag_closure.csv.
└ @ ClimaAtmos ~/git/ClimaAtmosResiDyn.jl/src/parameterized_tendencies/tagged_tracers/tagged_tracers.jl:590
┌ Warning: water tag closure residual 1.703665755304722e-6 exceeds the configured tolerance 1.0e-10 at t = 1260.0 s. The tags no longer account for the field they partition; see output/a2_none_dt2p5/output_0000/water_tag_closure.csv.
└ @ ClimaAtmos ~/git/ClimaAtmosResiDyn.jl/src/parameterized_tendencies/tagged_tracers/tagged_tracers.jl:590
┌ Warning: water tag closure residual 1.70362739059862e-6 exceeds the configured tolerance 1.0e-10 at t = 1262.5 s. The tags no longer account for the field they partition; see output/a2_none_dt2p5/output_0000/water_tag_closure.csv.
└ @ ClimaAtmos ~/git/ClimaAtmosResiDyn.jl/src/parameterized_tendencies/tagged_tracers/tagged_tracers.jl:590
┌ Warning: water tag closure residual 1.7035890370247446e-6 exceeds the configured tolerance 1.0e-10 at t = 1265.0 s. The tags no longer account for the field they partition; see output/a2_none_dt2p5/output_0000/water_tag_closure.csv.
└ @ ClimaAtmos ~/git/ClimaAtmosResiDyn.jl/src/parameterized_tendencies/tagged_tracers/tagged_tracers.jl:590
┌ Warning: water tag closure residual 1.703550694697196e-6 exceeds the configured tolerance 1.0e-10 at t = 1267.5 s. The tags no longer account for the field they partition; see output/a2_none_dt2p5/output_0000/water_tag_closure.csv.
└ @ ClimaAtmos ~/git/ClimaAtmosResiDyn.jl/src/parameterized_tendencies/tagged_tracers/tagged_tracers.jl:590
┌ Warning: water tag closure residual 1.7035123633385075e-6 exceeds the configured tolerance 1.0e-10 at t = 1270.0 s. The tags no longer account for the field they partition; see output/a2_none_dt2p5/output_0000/water_tag_closure.csv.
└ @ ClimaAtmos ~/git/ClimaAtmosResiDyn.jl/src/parameterized_tendencies/tagged_tracers/tagged_tracers.jl:590
┌ Warning: water tag closure residual 1.703474043114855e-6 exceeds the configured tolerance 1.0e-10 at t = 1272.5 s. The tags no longer account for the field they partition; see output/a2_none_dt2p5/output_0000/water_tag_closure.csv.
└ @ ClimaAtmos ~/git/ClimaAtmosResiDyn.jl/src/parameterized_tendencies/tagged_tracers/tagged_tracers.jl:590
┌ Warning: water tag closure residual 1.7034357340517885e-6 exceeds the configured tolerance 1.0e-10 at t = 1275.0 s. The tags no longer account for the field they partition; see output/a2_none_dt2p5/output_0000/water_tag_closure.csv.
└ @ ClimaAtmos ~/git/ClimaAtmosResiDyn.jl/src/parameterized_tendencies/tagged_tracers/tagged_tracers.jl:590
┌ Warning: water tag closure residual 1.7033974364346275e-6 exceeds the configured tolerance 1.0e-10 at t = 1277.5 s. The tags no longer account for the field they partition; see output/a2_none_dt2p5/output_0000/water_tag_closure.csv.
└ @ ClimaAtmos ~/git/ClimaAtmosResiDyn.jl/src/parameterized_tendencies/tagged_tracers/tagged_tracers.jl:590
┌ Warning: water tag closure residual 1.7033591507018897e-6 exceeds the configured tolerance 1.0e-10 at t = 1280.0 s. The tags no longer account for the field they partition; see output/a2_none_dt2p5/output_0000/water_tag_closure.csv.
└ @ ClimaAtmos ~/git/ClimaAtmosResiDyn.jl/src/parameterized_tendencies/tagged_tracers/tagged_tracers.jl:590
┌ Info: Progress
│   simulation_time = "21 minutes, 20 seconds"
│   n_steps_completed = 512
│   wall_time_per_step = "4 milliseconds, 963 microseconds"
│   wall_time_total = "7 seconds, 148 milliseconds"
│   wall_time_remaining = "4 seconds, 606 milliseconds"
│   wall_time_spent = "2 seconds, 541 milliseconds"
│   percent_complete = "35.6%"
│   estimated_sypd = "1.379"
│   instantaneous_sypd = "2.191"
│   date_now = 2026-09-10T00:49:25.112
└   estimated_finish_date = 2026-09-10T00:49:30.112
┌ Warning: water tag closure residual 1.7033208768547975e-6 exceeds the configured tolerance 1.0e-10 at t = 1282.5 s. The tags no longer account for the field they partition; see output/a2_none_dt2p5/output_0000/water_tag_closure.csv.
└ @ ClimaAtmos ~/git/ClimaAtmosResiDyn.jl/src/parameterized_tendencies/tagged_tracers/tagged_tracers.jl:590
┌ Warning: water tag closure residual 1.7032826149472629e-6 exceeds the configured tolerance 1.0e-10 at t = 1285.0 s. The tags no longer account for the field they partition; see output/a2_none_dt2p5/output_0000/water_tag_closure.csv.
└ @ ClimaAtmos ~/git/ClimaAtmosResiDyn.jl/src/parameterized_tendencies/tagged_tracers/tagged_tracers.jl:590
┌ Warning: water tag closure residual 1.703244364874657e-6 exceeds the configured tolerance 1.0e-10 at t = 1287.5 s. The tags no longer account for the field they partition; see output/a2_none_dt2p5/output_0000/water_tag_closure.csv.
└ @ ClimaAtmos ~/git/ClimaAtmosResiDyn.jl/src/parameterized_tendencies/tagged_tracers/tagged_tracers.jl:590
┌ Warning: water tag closure residual 1.703206126487143e-6 exceeds the configured tolerance 1.0e-10 at t = 1290.0 s. The tags no longer account for the field they partition; see output/a2_none_dt2p5/output_0000/water_tag_closure.csv.
└ @ ClimaAtmos ~/git/ClimaAtmosResiDyn.jl/src/parameterized_tendencies/tagged_tracers/tagged_tracers.jl:590
┌ Warning: water tag closure residual 1.7031679000438465e-6 exceeds the configured tolerance 1.0e-10 at t = 1292.5 s. The tags no longer account for the field they partition; see output/a2_none_dt2p5/output_0000/water_tag_closure.csv.
└ @ ClimaAtmos ~/git/ClimaAtmosResiDyn.jl/src/parameterized_tendencies/tagged_tracers/tagged_tracers.jl:590
┌ Warning: water tag closure residual 1.7031296854135099e-6 exceeds the configured tolerance 1.0e-10 at t = 1295.0 s. The tags no longer account for the field they partition; see output/a2_none_dt2p5/output_0000/water_tag_closure.csv.
└ @ ClimaAtmos ~/git/ClimaAtmosResiDyn.jl/src/parameterized_tendencies/tagged_tracers/tagged_tracers.jl:590
┌ Warning: water tag closure residual 1.7030914826614051e-6 exceeds the configured tolerance 1.0e-10 at t = 1297.5 s. The tags no longer account for the field they partition; see output/a2_none_dt2p5/output_0000/water_tag_closure.csv.
└ @ ClimaAtmos ~/git/ClimaAtmosResiDyn.jl/src/parameterized_tendencies/tagged_tracers/tagged_tracers.jl:590
┌ Warning: water tag closure residual 1.7030532915476258e-6 exceeds the configured tolerance 1.0e-10 at t = 1300.0 s. The tags no longer account for the field they partition; see output/a2_none_dt2p5/output_0000/water_tag_closure.csv.
└ @ ClimaAtmos ~/git/ClimaAtmosResiDyn.jl/src/parameterized_tendencies/tagged_tracers/tagged_tracers.jl:590
┌ Warning: water tag closure residual 1.7030151121223387e-6 exceeds the configured tolerance 1.0e-10 at t = 1302.5 s. The tags no longer account for the field they partition; see output/a2_none_dt2p5/output_0000/water_tag_closure.csv.
└ @ ClimaAtmos ~/git/ClimaAtmosResiDyn.jl/src/parameterized_tendencies/tagged_tracers/tagged_tracers.jl:590
┌ Warning: water tag closure residual 1.7029769444022719e-6 exceeds the configured tolerance 1.0e-10 at t = 1305.0 s. The tags no longer account for the field they partition; see output/a2_none_dt2p5/output_0000/water_tag_closure.csv.
└ @ ClimaAtmos ~/git/ClimaAtmosResiDyn.jl/src/parameterized_tendencies/tagged_tracers/tagged_tracers.jl:590
┌ Warning: water tag closure residual 1.7029387883507586e-6 exceeds the configured tolerance 1.0e-10 at t = 1307.5 s. The tags no longer account for the field they partition; see output/a2_none_dt2p5/output_0000/water_tag_closure.csv.
└ @ ClimaAtmos ~/git/ClimaAtmosResiDyn.jl/src/parameterized_tendencies/tagged_tracers/tagged_tracers.jl:590
┌ Warning: water tag closure residual 1.7029006439823957e-6 exceeds the configured tolerance 1.0e-10 at t = 1310.0 s. The tags no longer account for the field they partition; see output/a2_none_dt2p5/output_0000/water_tag_closure.csv.
└ @ ClimaAtmos ~/git/ClimaAtmosResiDyn.jl/src/parameterized_tendencies/tagged_tracers/tagged_tracers.jl:590
┌ Warning: water tag closure residual 1.7028625111826176e-6 exceeds the configured tolerance 1.0e-10 at t = 1312.5 s. The tags no longer account for the field they partition; see output/a2_none_dt2p5/output_0000/water_tag_closure.csv.
└ @ ClimaAtmos ~/git/ClimaAtmosResiDyn.jl/src/parameterized_tendencies/tagged_tracers/tagged_tracers.jl:590
┌ Warning: water tag closure residual 1.7028243899931198e-6 exceeds the configured tolerance 1.0e-10 at t = 1315.0 s. The tags no longer account for the field they partition; see output/a2_none_dt2p5/output_0000/water_tag_closure.csv.
└ @ ClimaAtmos ~/git/ClimaAtmosResiDyn.jl/src/parameterized_tendencies/tagged_tracers/tagged_tracers.jl:590
┌ Warning: water tag closure residual 1.7027862803990785e-6 exceeds the configured tolerance 1.0e-10 at t = 1317.5 s. The tags no longer account for the field they partition; see output/a2_none_dt2p5/output_0000/water_tag_closure.csv.
└ @ ClimaAtmos ~/git/ClimaAtmosResiDyn.jl/src/parameterized_tendencies/tagged_tracers/tagged_tracers.jl:590
┌ Warning: water tag closure residual 1.7027481824094753e-6 exceeds the configured tolerance 1.0e-10 at t = 1320.0 s. The tags no longer account for the field they partition; see output/a2_none_dt2p5/output_0000/water_tag_closure.csv.
└ @ ClimaAtmos ~/git/ClimaAtmosResiDyn.jl/src/parameterized_tendencies/tagged_tracers/tagged_tracers.jl:590
┌ Warning: water tag closure residual 1.702710095966809e-6 exceeds the configured tolerance 1.0e-10 at t = 1322.5 s. The tags no longer account for the field they partition; see output/a2_none_dt2p5/output_0000/water_tag_closure.csv.
└ @ ClimaAtmos ~/git/ClimaAtmosResiDyn.jl/src/parameterized_tendencies/tagged_tracers/tagged_tracers.jl:590
┌ Warning: water tag closure residual 1.702672021157729e-6 exceeds the configured tolerance 1.0e-10 at t = 1325.0 s. The tags no longer account for the field they partition; see output/a2_none_dt2p5/output_0000/water_tag_closure.csv.
└ @ ClimaAtmos ~/git/ClimaAtmosResiDyn.jl/src/parameterized_tendencies/tagged_tracers/tagged_tracers.jl:590
┌ Warning: water tag closure residual 1.7026339576761907e-6 exceeds the configured tolerance 1.0e-10 at t = 1327.5 s. The tags no longer account for the field they partition; see output/a2_none_dt2p5/output_0000/water_tag_closure.csv.
└ @ ClimaAtmos ~/git/ClimaAtmosResiDyn.jl/src/parameterized_tendencies/tagged_tracers/tagged_tracers.jl:590
┌ Warning: water tag closure residual 1.7025959057559018e-6 exceeds the configured tolerance 1.0e-10 at t = 1330.0 s. The tags no longer account for the field they partition; see output/a2_none_dt2p5/output_0000/water_tag_closure.csv.
└ @ ClimaAtmos ~/git/ClimaAtmosResiDyn.jl/src/parameterized_tendencies/tagged_tracers/tagged_tracers.jl:590
┌ Warning: water tag closure residual 1.7025578653791958e-6 exceeds the configured tolerance 1.0e-10 at t = 1332.5 s. The tags no longer account for the field they partition; see output/a2_none_dt2p5/output_0000/water_tag_closure.csv.
└ @ ClimaAtmos ~/git/ClimaAtmosResiDyn.jl/src/parameterized_tendencies/tagged_tracers/tagged_tracers.jl:590
┌ Warning: water tag closure residual 1.7025198363217257e-6 exceeds the configured tolerance 1.0e-10 at t = 1335.0 s. The tags no longer account for the field they partition; see output/a2_none_dt2p5/output_0000/water_tag_closure.csv.
└ @ ClimaAtmos ~/git/ClimaAtmosResiDyn.jl/src/parameterized_tendencies/tagged_tracers/tagged_tracers.jl:590
┌ Warning: water tag closure residual 1.702481818863553e-6 exceeds the configured tolerance 1.0e-10 at t = 1337.5 s. The tags no longer account for the field they partition; see output/a2_none_dt2p5/output_0000/water_tag_closure.csv.
└ @ ClimaAtmos ~/git/ClimaAtmosResiDyn.jl/src/parameterized_tendencies/tagged_tracers/tagged_tracers.jl:590
┌ Warning: water tag closure residual 1.7024438126773647e-6 exceeds the configured tolerance 1.0e-10 at t = 1340.0 s. The tags no longer account for the field they partition; see output/a2_none_dt2p5/output_0000/water_tag_closure.csv.
└ @ ClimaAtmos ~/git/ClimaAtmosResiDyn.jl/src/parameterized_tendencies/tagged_tracers/tagged_tracers.jl:590
┌ Warning: water tag closure residual 1.7024058179286889e-6 exceeds the configured tolerance 1.0e-10 at t = 1342.5 s. The tags no longer account for the field they partition; see output/a2_none_dt2p5/output_0000/water_tag_closure.csv.
└ @ ClimaAtmos ~/git/ClimaAtmosResiDyn.jl/src/parameterized_tendencies/tagged_tracers/tagged_tracers.jl:590
┌ Warning: water tag closure residual 1.7023678345512268e-6 exceeds the configured tolerance 1.0e-10 at t = 1345.0 s. The tags no longer account for the field they partition; see output/a2_none_dt2p5/output_0000/water_tag_closure.csv.
└ @ ClimaAtmos ~/git/ClimaAtmosResiDyn.jl/src/parameterized_tendencies/tagged_tracers/tagged_tracers.jl:590
┌ Warning: water tag closure residual 1.702329862467061e-6 exceeds the configured tolerance 1.0e-10 at t = 1347.5 s. The tags no longer account for the field they partition; see output/a2_none_dt2p5/output_0000/water_tag_closure.csv.
└ @ ClimaAtmos ~/git/ClimaAtmosResiDyn.jl/src/parameterized_tendencies/tagged_tracers/tagged_tracers.jl:590
┌ Warning: water tag closure residual 1.7022919016080792e-6 exceeds the configured tolerance 1.0e-10 at t = 1350.0 s. The tags no longer account for the field they partition; see output/a2_none_dt2p5/output_0000/water_tag_closure.csv.
└ @ ClimaAtmos ~/git/ClimaAtmosResiDyn.jl/src/parameterized_tendencies/tagged_tracers/tagged_tracers.jl:590
┌ Warning: water tag closure residual 1.7022539521113878e-6 exceeds the configured tolerance 1.0e-10 at t = 1352.5 s. The tags no longer account for the field they partition; see output/a2_none_dt2p5/output_0000/water_tag_closure.csv.
└ @ ClimaAtmos ~/git/ClimaAtmosResiDyn.jl/src/parameterized_tendencies/tagged_tracers/tagged_tracers.jl:590
┌ Warning: water tag closure residual 1.7022160139282858e-6 exceeds the configured tolerance 1.0e-10 at t = 1355.0 s. The tags no longer account for the field they partition; see output/a2_none_dt2p5/output_0000/water_tag_closure.csv.
└ @ ClimaAtmos ~/git/ClimaAtmosResiDyn.jl/src/parameterized_tendencies/tagged_tracers/tagged_tracers.jl:590
┌ Warning: water tag closure residual 1.7021780870032602e-6 exceeds the configured tolerance 1.0e-10 at t = 1357.5 s. The tags no longer account for the field they partition; see output/a2_none_dt2p5/output_0000/water_tag_closure.csv.
└ @ ClimaAtmos ~/git/ClimaAtmosResiDyn.jl/src/parameterized_tendencies/tagged_tracers/tagged_tracers.jl:590
┌ Warning: water tag closure residual 1.7021401713089893e-6 exceeds the configured tolerance 1.0e-10 at t = 1360.0 s. The tags no longer account for the field they partition; see output/a2_none_dt2p5/output_0000/water_tag_closure.csv.
└ @ ClimaAtmos ~/git/ClimaAtmosResiDyn.jl/src/parameterized_tendencies/tagged_tracers/tagged_tracers.jl:590
┌ Warning: water tag closure residual 1.702102266910514e-6 exceeds the configured tolerance 1.0e-10 at t = 1362.5 s. The tags no longer account for the field they partition; see output/a2_none_dt2p5/output_0000/water_tag_closure.csv.
└ @ ClimaAtmos ~/git/ClimaAtmosResiDyn.jl/src/parameterized_tendencies/tagged_tracers/tagged_tracers.jl:590
┌ Warning: water tag closure residual 1.7020643736030074e-6 exceeds the configured tolerance 1.0e-10 at t = 1365.0 s. The tags no longer account for the field they partition; see output/a2_none_dt2p5/output_0000/water_tag_closure.csv.
└ @ ClimaAtmos ~/git/ClimaAtmosResiDyn.jl/src/parameterized_tendencies/tagged_tracers/tagged_tracers.jl:590
┌ Warning: water tag closure residual 1.7020264914443198e-6 exceeds the configured tolerance 1.0e-10 at t = 1367.5 s. The tags no longer account for the field they partition; see output/a2_none_dt2p5/output_0000/water_tag_closure.csv.
└ @ ClimaAtmos ~/git/ClimaAtmosResiDyn.jl/src/parameterized_tendencies/tagged_tracers/tagged_tracers.jl:590
┌ Warning: water tag closure residual 1.7019886205498156e-6 exceeds the configured tolerance 1.0e-10 at t = 1370.0 s. The tags no longer account for the field they partition; see output/a2_none_dt2p5/output_0000/water_tag_closure.csv.
└ @ ClimaAtmos ~/git/ClimaAtmosResiDyn.jl/src/parameterized_tendencies/tagged_tracers/tagged_tracers.jl:590
┌ Warning: water tag closure residual 1.7019507607740042e-6 exceeds the configured tolerance 1.0e-10 at t = 1372.5 s. The tags no longer account for the field they partition; see output/a2_none_dt2p5/output_0000/water_tag_closure.csv.
└ @ ClimaAtmos ~/git/ClimaAtmosResiDyn.jl/src/parameterized_tendencies/tagged_tracers/tagged_tracers.jl:590
┌ Warning: water tag closure residual 1.7019129121409772e-6 exceeds the configured tolerance 1.0e-10 at t = 1375.0 s. The tags no longer account for the field they partition; see output/a2_none_dt2p5/output_0000/water_tag_closure.csv.
└ @ ClimaAtmos ~/git/ClimaAtmosResiDyn.jl/src/parameterized_tendencies/tagged_tracers/tagged_tracers.jl:590
┌ Warning: water tag closure residual 1.7018750745899148e-6 exceeds the configured tolerance 1.0e-10 at t = 1377.5 s. The tags no longer account for the field they partition; see output/a2_none_dt2p5/output_0000/water_tag_closure.csv.
└ @ ClimaAtmos ~/git/ClimaAtmosResiDyn.jl/src/parameterized_tendencies/tagged_tracers/tagged_tracers.jl:590
┌ Warning: water tag closure residual 1.7018372480836032e-6 exceeds the configured tolerance 1.0e-10 at t = 1380.0 s. The tags no longer account for the field they partition; see output/a2_none_dt2p5/output_0000/water_tag_closure.csv.
└ @ ClimaAtmos ~/git/ClimaAtmosResiDyn.jl/src/parameterized_tendencies/tagged_tracers/tagged_tracers.jl:590
┌ Warning: water tag closure residual 1.701799432641153e-6 exceeds the configured tolerance 1.0e-10 at t = 1382.5 s. The tags no longer account for the field they partition; see output/a2_none_dt2p5/output_0000/water_tag_closure.csv.
└ @ ClimaAtmos ~/git/ClimaAtmosResiDyn.jl/src/parameterized_tendencies/tagged_tracers/tagged_tracers.jl:590
┌ Warning: water tag closure residual 1.7017616281505153e-6 exceeds the configured tolerance 1.0e-10 at t = 1385.0 s. The tags no longer account for the field they partition; see output/a2_none_dt2p5/output_0000/water_tag_closure.csv.
└ @ ClimaAtmos ~/git/ClimaAtmosResiDyn.jl/src/parameterized_tendencies/tagged_tracers/tagged_tracers.jl:590
┌ Warning: water tag closure residual 1.7017238347233018e-6 exceeds the configured tolerance 1.0e-10 at t = 1387.5 s. The tags no longer account for the field they partition; see output/a2_none_dt2p5/output_0000/water_tag_closure.csv.
└ @ ClimaAtmos ~/git/ClimaAtmosResiDyn.jl/src/parameterized_tendencies/tagged_tracers/tagged_tracers.jl:590
┌ Warning: water tag closure residual 1.7016860522703475e-6 exceeds the configured tolerance 1.0e-10 at t = 1390.0 s. The tags no longer account for the field they partition; see output/a2_none_dt2p5/output_0000/water_tag_closure.csv.
└ @ ClimaAtmos ~/git/ClimaAtmosResiDyn.jl/src/parameterized_tendencies/tagged_tracers/tagged_tracers.jl:590
┌ Warning: water tag closure residual 1.7016482808422762e-6 exceeds the configured tolerance 1.0e-10 at t = 1392.5 s. The tags no longer account for the field they partition; see output/a2_none_dt2p5/output_0000/water_tag_closure.csv.
└ @ ClimaAtmos ~/git/ClimaAtmosResiDyn.jl/src/parameterized_tendencies/tagged_tracers/tagged_tracers.jl:590
┌ Warning: water tag closure residual 1.7016105198719805e-6 exceeds the configured tolerance 1.0e-10 at t = 1395.0 s. The tags no longer account for the field they partition; see output/a2_none_dt2p5/output_0000/water_tag_closure.csv.
└ @ ClimaAtmos ~/git/ClimaAtmosResiDyn.jl/src/parameterized_tendencies/tagged_tracers/tagged_tracers.jl:590
┌ Warning: water tag closure residual 1.7015727692798863e-6 exceeds the configured tolerance 1.0e-10 at t = 1397.5 s. The tags no longer account for the field they partition; see output/a2_none_dt2p5/output_0000/water_tag_closure.csv.
└ @ ClimaAtmos ~/git/ClimaAtmosResiDyn.jl/src/parameterized_tendencies/tagged_tracers/tagged_tracers.jl:590
┌ Warning: water tag closure residual 1.7015350292018696e-6 exceeds the configured tolerance 1.0e-10 at t = 1400.0 s. The tags no longer account for the field they partition; see output/a2_none_dt2p5/output_0000/water_tag_closure.csv.
└ @ ClimaAtmos ~/git/ClimaAtmosResiDyn.jl/src/parameterized_tendencies/tagged_tracers/tagged_tracers.jl:590
┌ Warning: water tag closure residual 1.7014972995493172e-6 exceeds the configured tolerance 1.0e-10 at t = 1402.5 s. The tags no longer account for the field they partition; see output/a2_none_dt2p5/output_0000/water_tag_closure.csv.
└ @ ClimaAtmos ~/git/ClimaAtmosResiDyn.jl/src/parameterized_tendencies/tagged_tracers/tagged_tracers.jl:590
┌ Warning: water tag closure residual 1.7014595802923823e-6 exceeds the configured tolerance 1.0e-10 at t = 1405.0 s. The tags no longer account for the field they partition; see output/a2_none_dt2p5/output_0000/water_tag_closure.csv.
└ @ ClimaAtmos ~/git/ClimaAtmosResiDyn.jl/src/parameterized_tendencies/tagged_tracers/tagged_tracers.jl:590
┌ Warning: water tag closure residual 1.7014218714715392e-6 exceeds the configured tolerance 1.0e-10 at t = 1407.5 s. The tags no longer account for the field they partition; see output/a2_none_dt2p5/output_0000/water_tag_closure.csv.
└ @ ClimaAtmos ~/git/ClimaAtmosResiDyn.jl/src/parameterized_tendencies/tagged_tracers/tagged_tracers.jl:590
┌ Warning: water tag closure residual 1.7013841729326018e-6 exceeds the configured tolerance 1.0e-10 at t = 1410.0 s. The tags no longer account for the field they partition; see output/a2_none_dt2p5/output_0000/water_tag_closure.csv.
└ @ ClimaAtmos ~/git/ClimaAtmosResiDyn.jl/src/parameterized_tendencies/tagged_tracers/tagged_tracers.jl:590
┌ Warning: water tag closure residual 1.7013464848065778e-6 exceeds the configured tolerance 1.0e-10 at t = 1412.5 s. The tags no longer account for the field they partition; see output/a2_none_dt2p5/output_0000/water_tag_closure.csv.
└ @ ClimaAtmos ~/git/ClimaAtmosResiDyn.jl/src/parameterized_tendencies/tagged_tracers/tagged_tracers.jl:590
┌ Warning: water tag closure residual 1.7013088069757632e-6 exceeds the configured tolerance 1.0e-10 at t = 1415.0 s. The tags no longer account for the field they partition; see output/a2_none_dt2p5/output_0000/water_tag_closure.csv.
└ @ ClimaAtmos ~/git/ClimaAtmosResiDyn.jl/src/parameterized_tendencies/tagged_tracers/tagged_tracers.jl:590
┌ Warning: water tag closure residual 1.7012711395101467e-6 exceeds the configured tolerance 1.0e-10 at t = 1417.5 s. The tags no longer account for the field they partition; see output/a2_none_dt2p5/output_0000/water_tag_closure.csv.
└ @ ClimaAtmos ~/git/ClimaAtmosResiDyn.jl/src/parameterized_tendencies/tagged_tracers/tagged_tracers.jl:590
┌ Warning: water tag closure residual 1.7012334823727936e-6 exceeds the configured tolerance 1.0e-10 at t = 1420.0 s. The tags no longer account for the field they partition; see output/a2_none_dt2p5/output_0000/water_tag_closure.csv.
└ @ ClimaAtmos ~/git/ClimaAtmosResiDyn.jl/src/parameterized_tendencies/tagged_tracers/tagged_tracers.jl:590
┌ Warning: water tag closure residual 1.7011958354692481e-6 exceeds the configured tolerance 1.0e-10 at t = 1422.5 s. The tags no longer account for the field they partition; see output/a2_none_dt2p5/output_0000/water_tag_closure.csv.
└ @ ClimaAtmos ~/git/ClimaAtmosResiDyn.jl/src/parameterized_tendencies/tagged_tracers/tagged_tracers.jl:590
┌ Warning: water tag closure residual 1.7011581989142913e-6 exceeds the configured tolerance 1.0e-10 at t = 1425.0 s. The tags no longer account for the field they partition; see output/a2_none_dt2p5/output_0000/water_tag_closure.csv.
└ @ ClimaAtmos ~/git/ClimaAtmosResiDyn.jl/src/parameterized_tendencies/tagged_tracers/tagged_tracers.jl:590
┌ Warning: water tag closure residual 1.7011205724901843e-6 exceeds the configured tolerance 1.0e-10 at t = 1427.5 s. The tags no longer account for the field they partition; see output/a2_none_dt2p5/output_0000/water_tag_closure.csv.
└ @ ClimaAtmos ~/git/ClimaAtmosResiDyn.jl/src/parameterized_tendencies/tagged_tracers/tagged_tracers.jl:590
┌ Warning: water tag closure residual 1.7010829563463066e-6 exceeds the configured tolerance 1.0e-10 at t = 1430.0 s. The tags no longer account for the field they partition; see output/a2_none_dt2p5/output_0000/water_tag_closure.csv.
└ @ ClimaAtmos ~/git/ClimaAtmosResiDyn.jl/src/parameterized_tendencies/tagged_tracers/tagged_tracers.jl:590
┌ Warning: water tag closure residual 1.7010453504328748e-6 exceeds the configured tolerance 1.0e-10 at t = 1432.5 s. The tags no longer account for the field they partition; see output/a2_none_dt2p5/output_0000/water_tag_closure.csv.
└ @ ClimaAtmos ~/git/ClimaAtmosResiDyn.jl/src/parameterized_tendencies/tagged_tracers/tagged_tracers.jl:590
┌ Warning: water tag closure residual 1.7010077547749929e-6 exceeds the configured tolerance 1.0e-10 at t = 1435.0 s. The tags no longer account for the field they partition; see output/a2_none_dt2p5/output_0000/water_tag_closure.csv.
└ @ ClimaAtmos ~/git/ClimaAtmosResiDyn.jl/src/parameterized_tendencies/tagged_tracers/tagged_tracers.jl:590
┌ Warning: water tag closure residual 1.7009701692922467e-6 exceeds the configured tolerance 1.0e-10 at t = 1437.5 s. The tags no longer account for the field they partition; see output/a2_none_dt2p5/output_0000/water_tag_closure.csv.
└ @ ClimaAtmos ~/git/ClimaAtmosResiDyn.jl/src/parameterized_tendencies/tagged_tracers/tagged_tracers.jl:590
┌ Warning: water tag closure residual 1.7009325939889527e-6 exceeds the configured tolerance 1.0e-10 at t = 1440.0 s. The tags no longer account for the field they partition; see output/a2_none_dt2p5/output_0000/water_tag_closure.csv.
└ @ ClimaAtmos ~/git/ClimaAtmosResiDyn.jl/src/parameterized_tendencies/tagged_tracers/tagged_tracers.jl:590
┌ Warning: water tag closure residual 1.700895028847809e-6 exceeds the configured tolerance 1.0e-10 at t = 1442.5 s. The tags no longer account for the field they partition; see output/a2_none_dt2p5/output_0000/water_tag_closure.csv.
└ @ ClimaAtmos ~/git/ClimaAtmosResiDyn.jl/src/parameterized_tendencies/tagged_tracers/tagged_tracers.jl:590
┌ Warning: water tag closure residual 1.7008574738330979e-6 exceeds the configured tolerance 1.0e-10 at t = 1445.0 s. The tags no longer account for the field they partition; see output/a2_none_dt2p5/output_0000/water_tag_closure.csv.
└ @ ClimaAtmos ~/git/ClimaAtmosResiDyn.jl/src/parameterized_tendencies/tagged_tracers/tagged_tracers.jl:590
┌ Warning: water tag closure residual 1.700819929040481e-6 exceeds the configured tolerance 1.0e-10 at t = 1447.5 s. The tags no longer account for the field they partition; see output/a2_none_dt2p5/output_0000/water_tag_closure.csv.
└ @ ClimaAtmos ~/git/ClimaAtmosResiDyn.jl/src/parameterized_tendencies/tagged_tracers/tagged_tracers.jl:590
┌ Warning: water tag closure residual 1.700782394356384e-6 exceeds the configured tolerance 1.0e-10 at t = 1450.0 s. The tags no longer account for the field they partition; see output/a2_none_dt2p5/output_0000/water_tag_closure.csv.
└ @ ClimaAtmos ~/git/ClimaAtmosResiDyn.jl/src/parameterized_tendencies/tagged_tracers/tagged_tracers.jl:590
┌ Warning: water tag closure residual 1.7007448697462285e-6 exceeds the configured tolerance 1.0e-10 at t = 1452.5 s. The tags no longer account for the field they partition; see output/a2_none_dt2p5/output_0000/water_tag_closure.csv.
└ @ ClimaAtmos ~/git/ClimaAtmosResiDyn.jl/src/parameterized_tendencies/tagged_tracers/tagged_tracers.jl:590
┌ Warning: water tag closure residual 1.7007073552800765e-6 exceeds the configured tolerance 1.0e-10 at t = 1455.0 s. The tags no longer account for the field they partition; see output/a2_none_dt2p5/output_0000/water_tag_closure.csv.
└ @ ClimaAtmos ~/git/ClimaAtmosResiDyn.jl/src/parameterized_tendencies/tagged_tracers/tagged_tracers.jl:590
┌ Warning: water tag closure residual 1.700669850887961e-6 exceeds the configured tolerance 1.0e-10 at t = 1457.5 s. The tags no longer account for the field they partition; see output/a2_none_dt2p5/output_0000/water_tag_closure.csv.
└ @ ClimaAtmos ~/git/ClimaAtmosResiDyn.jl/src/parameterized_tendencies/tagged_tracers/tagged_tracers.jl:590
┌ Warning: water tag closure residual 1.7006323566038467e-6 exceeds the configured tolerance 1.0e-10 at t = 1460.0 s. The tags no longer account for the field they partition; see output/a2_none_dt2p5/output_0000/water_tag_closure.csv.
└ @ ClimaAtmos ~/git/ClimaAtmosResiDyn.jl/src/parameterized_tendencies/tagged_tracers/tagged_tracers.jl:590
┌ Warning: water tag closure residual 1.700594872320226e-6 exceeds the configured tolerance 1.0e-10 at t = 1462.5 s. The tags no longer account for the field they partition; see output/a2_none_dt2p5/output_0000/water_tag_closure.csv.
└ @ ClimaAtmos ~/git/ClimaAtmosResiDyn.jl/src/parameterized_tendencies/tagged_tracers/tagged_tracers.jl:590
┌ Info: Progress
│   simulation_time = "24 minutes, 22 seconds"
│   n_steps_completed = 585
│   wall_time_per_step = "4 milliseconds, 690 microseconds"
│   wall_time_total = "6 seconds, 754 milliseconds"
│   wall_time_remaining = "4 seconds, 10 milliseconds"
│   wall_time_spent = "2 seconds, 743 milliseconds"
│   percent_complete = "40.6%"
│   estimated_sypd = "1.459"
│   instantaneous_sypd = "2.468"
│   date_now = 2026-09-10T00:49:25.315
└   estimated_finish_date = 2026-09-10T00:49:30.315
┌ Warning: water tag closure residual 1.7005573979853117e-6 exceeds the configured tolerance 1.0e-10 at t = 1465.0 s. The tags no longer account for the field they partition; see output/a2_none_dt2p5/output_0000/water_tag_closure.csv.
└ @ ClimaAtmos ~/git/ClimaAtmosResiDyn.jl/src/parameterized_tendencies/tagged_tracers/tagged_tracers.jl:590
┌ Warning: water tag closure residual 1.700519933678585e-6 exceeds the configured tolerance 1.0e-10 at t = 1467.5 s. The tags no longer account for the field they partition; see output/a2_none_dt2p5/output_0000/water_tag_closure.csv.
└ @ ClimaAtmos ~/git/ClimaAtmosResiDyn.jl/src/parameterized_tendencies/tagged_tracers/tagged_tracers.jl:590
┌ Warning: water tag closure residual 1.7004824793823586e-6 exceeds the configured tolerance 1.0e-10 at t = 1470.0 s. The tags no longer account for the field they partition; see output/a2_none_dt2p5/output_0000/water_tag_closure.csv.
└ @ ClimaAtmos ~/git/ClimaAtmosResiDyn.jl/src/parameterized_tendencies/tagged_tracers/tagged_tracers.jl:590
┌ Warning: water tag closure residual 1.700445035057095e-6 exceeds the configured tolerance 1.0e-10 at t = 1472.5 s. The tags no longer account for the field they partition; see output/a2_none_dt2p5/output_0000/water_tag_closure.csv.
└ @ ClimaAtmos ~/git/ClimaAtmosResiDyn.jl/src/parameterized_tendencies/tagged_tracers/tagged_tracers.jl:590
┌ Warning: water tag closure residual 1.7004076007013855e-6 exceeds the configured tolerance 1.0e-10 at t = 1475.0 s. The tags no longer account for the field they partition; see output/a2_none_dt2p5/output_0000/water_tag_closure.csv.
└ @ ClimaAtmos ~/git/ClimaAtmosResiDyn.jl/src/parameterized_tendencies/tagged_tracers/tagged_tracers.jl:590
┌ Warning: water tag closure residual 1.7003701762982669e-6 exceeds the configured tolerance 1.0e-10 at t = 1477.5 s. The tags no longer account for the field they partition; see output/a2_none_dt2p5/output_0000/water_tag_closure.csv.
└ @ ClimaAtmos ~/git/ClimaAtmosResiDyn.jl/src/parameterized_tendencies/tagged_tracers/tagged_tracers.jl:590
┌ Warning: water tag closure residual 1.700332761870121e-6 exceeds the configured tolerance 1.0e-10 at t = 1480.0 s. The tags no longer account for the field they partition; see output/a2_none_dt2p5/output_0000/water_tag_closure.csv.
└ @ ClimaAtmos ~/git/ClimaAtmosResiDyn.jl/src/parameterized_tendencies/tagged_tracers/tagged_tracers.jl:590
┌ Warning: water tag closure residual 1.700295357351706e-6 exceeds the configured tolerance 1.0e-10 at t = 1482.5 s. The tags no longer account for the field they partition; see output/a2_none_dt2p5/output_0000/water_tag_closure.csv.
└ @ ClimaAtmos ~/git/ClimaAtmosResiDyn.jl/src/parameterized_tendencies/tagged_tracers/tagged_tracers.jl:590
┌ Warning: water tag closure residual 1.700257962675258e-6 exceeds the configured tolerance 1.0e-10 at t = 1485.0 s. The tags no longer account for the field they partition; see output/a2_none_dt2p5/output_0000/water_tag_closure.csv.
└ @ ClimaAtmos ~/git/ClimaAtmosResiDyn.jl/src/parameterized_tendencies/tagged_tracers/tagged_tracers.jl:590
┌ Warning: water tag closure residual 1.7002205779310944e-6 exceeds the configured tolerance 1.0e-10 at t = 1487.5 s. The tags no longer account for the field they partition; see output/a2_none_dt2p5/output_0000/water_tag_closure.csv.
└ @ ClimaAtmos ~/git/ClimaAtmosResiDyn.jl/src/parameterized_tendencies/tagged_tracers/tagged_tracers.jl:590
┌ Warning: water tag closure residual 1.7001832031351255e-6 exceeds the configured tolerance 1.0e-10 at t = 1490.0 s. The tags no longer account for the field they partition; see output/a2_none_dt2p5/output_0000/water_tag_closure.csv.
└ @ ClimaAtmos ~/git/ClimaAtmosResiDyn.jl/src/parameterized_tendencies/tagged_tracers/tagged_tracers.jl:590
┌ Warning: water tag closure residual 1.7001458380924768e-6 exceeds the configured tolerance 1.0e-10 at t = 1492.5 s. The tags no longer account for the field they partition; see output/a2_none_dt2p5/output_0000/water_tag_closure.csv.
└ @ ClimaAtmos ~/git/ClimaAtmosResiDyn.jl/src/parameterized_tendencies/tagged_tracers/tagged_tracers.jl:590
┌ Warning: water tag closure residual 1.7001084830845589e-6 exceeds the configured tolerance 1.0e-10 at t = 1495.0 s. The tags no longer account for the field they partition; see output/a2_none_dt2p5/output_0000/water_tag_closure.csv.
└ @ ClimaAtmos ~/git/ClimaAtmosResiDyn.jl/src/parameterized_tendencies/tagged_tracers/tagged_tracers.jl:590
┌ Warning: water tag closure residual 1.7000711379518501e-6 exceeds the configured tolerance 1.0e-10 at t = 1497.5 s. The tags no longer account for the field they partition; see output/a2_none_dt2p5/output_0000/water_tag_closure.csv.
└ @ ClimaAtmos ~/git/ClimaAtmosResiDyn.jl/src/parameterized_tendencies/tagged_tracers/tagged_tracers.jl:590
┌ Warning: water tag closure residual 1.7000338027063162e-6 exceeds the configured tolerance 1.0e-10 at t = 1500.0 s. The tags no longer account for the field they partition; see output/a2_none_dt2p5/output_0000/water_tag_closure.csv.
└ @ ClimaAtmos ~/git/ClimaAtmosResiDyn.jl/src/parameterized_tendencies/tagged_tracers/tagged_tracers.jl:590
┌ Warning: water tag closure residual 1.6999964772381148e-6 exceeds the configured tolerance 1.0e-10 at t = 1502.5 s. The tags no longer account for the field they partition; see output/a2_none_dt2p5/output_0000/water_tag_closure.csv.
└ @ ClimaAtmos ~/git/ClimaAtmosResiDyn.jl/src/parameterized_tendencies/tagged_tracers/tagged_tracers.jl:590
┌ Warning: water tag closure residual 1.6999591617055257e-6 exceeds the configured tolerance 1.0e-10 at t = 1505.0 s. The tags no longer account for the field they partition; see output/a2_none_dt2p5/output_0000/water_tag_closure.csv.
└ @ ClimaAtmos ~/git/ClimaAtmosResiDyn.jl/src/parameterized_tendencies/tagged_tracers/tagged_tracers.jl:590
┌ Warning: water tag closure residual 1.6999218559194367e-6 exceeds the configured tolerance 1.0e-10 at t = 1507.5 s. The tags no longer account for the field they partition; see output/a2_none_dt2p5/output_0000/water_tag_closure.csv.
└ @ ClimaAtmos ~/git/ClimaAtmosResiDyn.jl/src/parameterized_tendencies/tagged_tracers/tagged_tracers.jl:590
┌ Warning: water tag closure residual 1.6998845600915606e-6 exceeds the configured tolerance 1.0e-10 at t = 1510.0 s. The tags no longer account for the field they partition; see output/a2_none_dt2p5/output_0000/water_tag_closure.csv.
└ @ ClimaAtmos ~/git/ClimaAtmosResiDyn.jl/src/parameterized_tendencies/tagged_tracers/tagged_tracers.jl:590
┌ Warning: water tag closure residual 1.699847273900868e-6 exceeds the configured tolerance 1.0e-10 at t = 1512.5 s. The tags no longer account for the field they partition; see output/a2_none_dt2p5/output_0000/water_tag_closure.csv.
└ @ ClimaAtmos ~/git/ClimaAtmosResiDyn.jl/src/parameterized_tendencies/tagged_tracers/tagged_tracers.jl:590
┌ Warning: water tag closure residual 1.6998099974468674e-6 exceeds the configured tolerance 1.0e-10 at t = 1515.0 s. The tags no longer account for the field they partition; see output/a2_none_dt2p5/output_0000/water_tag_closure.csv.
└ @ ClimaAtmos ~/git/ClimaAtmosResiDyn.jl/src/parameterized_tendencies/tagged_tracers/tagged_tracers.jl:590
┌ Warning: water tag closure residual 1.6997727307922324e-6 exceeds the configured tolerance 1.0e-10 at t = 1517.5 s. The tags no longer account for the field they partition; see output/a2_none_dt2p5/output_0000/water_tag_closure.csv.
└ @ ClimaAtmos ~/git/ClimaAtmosResiDyn.jl/src/parameterized_tendencies/tagged_tracers/tagged_tracers.jl:590
┌ Warning: water tag closure residual 1.699735473904609e-6 exceeds the configured tolerance 1.0e-10 at t = 1520.0 s. The tags no longer account for the field they partition; see output/a2_none_dt2p5/output_0000/water_tag_closure.csv.
└ @ ClimaAtmos ~/git/ClimaAtmosResiDyn.jl/src/parameterized_tendencies/tagged_tracers/tagged_tracers.jl:590
┌ Warning: water tag closure residual 1.6996982267102356e-6 exceeds the configured tolerance 1.0e-10 at t = 1522.5 s. The tags no longer account for the field they partition; see output/a2_none_dt2p5/output_0000/water_tag_closure.csv.
└ @ ClimaAtmos ~/git/ClimaAtmosResiDyn.jl/src/parameterized_tendencies/tagged_tracers/tagged_tracers.jl:590
┌ Warning: water tag closure residual 1.6996609891672992e-6 exceeds the configured tolerance 1.0e-10 at t = 1525.0 s. The tags no longer account for the field they partition; see output/a2_none_dt2p5/output_0000/water_tag_closure.csv.
└ @ ClimaAtmos ~/git/ClimaAtmosResiDyn.jl/src/parameterized_tendencies/tagged_tracers/tagged_tracers.jl:590
┌ Warning: water tag closure residual 1.6996237613949008e-6 exceeds the configured tolerance 1.0e-10 at t = 1527.5 s. The tags no longer account for the field they partition; see output/a2_none_dt2p5/output_0000/water_tag_closure.csv.
└ @ ClimaAtmos ~/git/ClimaAtmosResiDyn.jl/src/parameterized_tendencies/tagged_tracers/tagged_tracers.jl:590
┌ Warning: water tag closure residual 1.6995865433390287e-6 exceeds the configured tolerance 1.0e-10 at t = 1530.0 s. The tags no longer account for the field they partition; see output/a2_none_dt2p5/output_0000/water_tag_closure.csv.
└ @ ClimaAtmos ~/git/ClimaAtmosResiDyn.jl/src/parameterized_tendencies/tagged_tracers/tagged_tracers.jl:590
┌ Warning: water tag closure residual 1.6995493349772859e-6 exceeds the configured tolerance 1.0e-10 at t = 1532.5 s. The tags no longer account for the field they partition; see output/a2_none_dt2p5/output_0000/water_tag_closure.csv.
└ @ ClimaAtmos ~/git/ClimaAtmosResiDyn.jl/src/parameterized_tendencies/tagged_tracers/tagged_tracers.jl:590
┌ Warning: water tag closure residual 1.6995121362229825e-6 exceeds the configured tolerance 1.0e-10 at t = 1535.0 s. The tags no longer account for the field they partition; see output/a2_none_dt2p5/output_0000/water_tag_closure.csv.
└ @ ClimaAtmos ~/git/ClimaAtmosResiDyn.jl/src/parameterized_tendencies/tagged_tracers/tagged_tracers.jl:590
┌ Warning: water tag closure residual 1.6994749471155809e-6 exceeds the configured tolerance 1.0e-10 at t = 1537.5 s. The tags no longer account for the field they partition; see output/a2_none_dt2p5/output_0000/water_tag_closure.csv.
└ @ ClimaAtmos ~/git/ClimaAtmosResiDyn.jl/src/parameterized_tendencies/tagged_tracers/tagged_tracers.jl:590
┌ Warning: water tag closure residual 1.6994377675445256e-6 exceeds the configured tolerance 1.0e-10 at t = 1540.0 s. The tags no longer account for the field they partition; see output/a2_none_dt2p5/output_0000/water_tag_closure.csv.
└ @ ClimaAtmos ~/git/ClimaAtmosResiDyn.jl/src/parameterized_tendencies/tagged_tracers/tagged_tracers.jl:590
┌ Warning: water tag closure residual 1.699400597617007e-6 exceeds the configured tolerance 1.0e-10 at t = 1542.5 s. The tags no longer account for the field they partition; see output/a2_none_dt2p5/output_0000/water_tag_closure.csv.
└ @ ClimaAtmos ~/git/ClimaAtmosResiDyn.jl/src/parameterized_tendencies/tagged_tracers/tagged_tracers.jl:590
┌ Warning: water tag closure residual 1.6993634372575378e-6 exceeds the configured tolerance 1.0e-10 at t = 1545.0 s. The tags no longer account for the field they partition; see output/a2_none_dt2p5/output_0000/water_tag_closure.csv.
└ @ ClimaAtmos ~/git/ClimaAtmosResiDyn.jl/src/parameterized_tendencies/tagged_tracers/tagged_tracers.jl:590
┌ Warning: water tag closure residual 1.6993262865361272e-6 exceeds the configured tolerance 1.0e-10 at t = 1547.5 s. The tags no longer account for the field they partition; see output/a2_none_dt2p5/output_0000/water_tag_closure.csv.
└ @ ClimaAtmos ~/git/ClimaAtmosResiDyn.jl/src/parameterized_tendencies/tagged_tracers/tagged_tracers.jl:590
┌ Warning: water tag closure residual 1.6992891453521083e-6 exceeds the configured tolerance 1.0e-10 at t = 1550.0 s. The tags no longer account for the field they partition; see output/a2_none_dt2p5/output_0000/water_tag_closure.csv.
└ @ ClimaAtmos ~/git/ClimaAtmosResiDyn.jl/src/parameterized_tendencies/tagged_tracers/tagged_tracers.jl:590
┌ Warning: water tag closure residual 1.699252013731441e-6 exceeds the configured tolerance 1.0e-10 at t = 1552.5 s. The tags no longer account for the field they partition; see output/a2_none_dt2p5/output_0000/water_tag_closure.csv.
└ @ ClimaAtmos ~/git/ClimaAtmosResiDyn.jl/src/parameterized_tendencies/tagged_tracers/tagged_tracers.jl:590
┌ Warning: water tag closure residual 1.699214891718041e-6 exceeds the configured tolerance 1.0e-10 at t = 1555.0 s. The tags no longer account for the field they partition; see output/a2_none_dt2p5/output_0000/water_tag_closure.csv.
└ @ ClimaAtmos ~/git/ClimaAtmosResiDyn.jl/src/parameterized_tendencies/tagged_tracers/tagged_tracers.jl:590
┌ Warning: water tag closure residual 1.699177779333587e-6 exceeds the configured tolerance 1.0e-10 at t = 1557.5 s. The tags no longer account for the field they partition; see output/a2_none_dt2p5/output_0000/water_tag_closure.csv.
└ @ ClimaAtmos ~/git/ClimaAtmosResiDyn.jl/src/parameterized_tendencies/tagged_tracers/tagged_tracers.jl:590
┌ Warning: water tag closure residual 1.699140676278487e-6 exceeds the configured tolerance 1.0e-10 at t = 1560.0 s. The tags no longer account for the field they partition; see output/a2_none_dt2p5/output_0000/water_tag_closure.csv.
└ @ ClimaAtmos ~/git/ClimaAtmosResiDyn.jl/src/parameterized_tendencies/tagged_tracers/tagged_tracers.jl:590
┌ Warning: water tag closure residual 1.6991035828429486e-6 exceeds the configured tolerance 1.0e-10 at t = 1562.5 s. The tags no longer account for the field they partition; see output/a2_none_dt2p5/output_0000/water_tag_closure.csv.
└ @ ClimaAtmos ~/git/ClimaAtmosResiDyn.jl/src/parameterized_tendencies/tagged_tracers/tagged_tracers.jl:590
┌ Warning: water tag closure residual 1.6990664987876216e-6 exceeds the configured tolerance 1.0e-10 at t = 1565.0 s. The tags no longer account for the field they partition; see output/a2_none_dt2p5/output_0000/water_tag_closure.csv.
└ @ ClimaAtmos ~/git/ClimaAtmosResiDyn.jl/src/parameterized_tendencies/tagged_tracers/tagged_tracers.jl:590
┌ Warning: water tag closure residual 1.6990294241893258e-6 exceeds the configured tolerance 1.0e-10 at t = 1567.5 s. The tags no longer account for the field they partition; see output/a2_none_dt2p5/output_0000/water_tag_closure.csv.
└ @ ClimaAtmos ~/git/ClimaAtmosResiDyn.jl/src/parameterized_tendencies/tagged_tracers/tagged_tracers.jl:590
┌ Warning: water tag closure residual 1.698992359012829e-6 exceeds the configured tolerance 1.0e-10 at t = 1570.0 s. The tags no longer account for the field they partition; see output/a2_none_dt2p5/output_0000/water_tag_closure.csv.
└ @ ClimaAtmos ~/git/ClimaAtmosResiDyn.jl/src/parameterized_tendencies/tagged_tracers/tagged_tracers.jl:590
┌ Warning: water tag closure residual 1.6989553032900822e-6 exceeds the configured tolerance 1.0e-10 at t = 1572.5 s. The tags no longer account for the field they partition; see output/a2_none_dt2p5/output_0000/water_tag_closure.csv.
└ @ ClimaAtmos ~/git/ClimaAtmosResiDyn.jl/src/parameterized_tendencies/tagged_tracers/tagged_tracers.jl:590
┌ Warning: water tag closure residual 1.6989182570792723e-6 exceeds the configured tolerance 1.0e-10 at t = 1575.0 s. The tags no longer account for the field they partition; see output/a2_none_dt2p5/output_0000/water_tag_closure.csv.
└ @ ClimaAtmos ~/git/ClimaAtmosResiDyn.jl/src/parameterized_tendencies/tagged_tracers/tagged_tracers.jl:590
┌ Warning: water tag closure residual 1.6988812201815857e-6 exceeds the configured tolerance 1.0e-10 at t = 1577.5 s. The tags no longer account for the field they partition; see output/a2_none_dt2p5/output_0000/water_tag_closure.csv.
└ @ ClimaAtmos ~/git/ClimaAtmosResiDyn.jl/src/parameterized_tendencies/tagged_tracers/tagged_tracers.jl:590
┌ Warning: water tag closure residual 1.6988441927706108e-6 exceeds the configured tolerance 1.0e-10 at t = 1580.0 s. The tags no longer account for the field they partition; see output/a2_none_dt2p5/output_0000/water_tag_closure.csv.
└ @ ClimaAtmos ~/git/ClimaAtmosResiDyn.jl/src/parameterized_tendencies/tagged_tracers/tagged_tracers.jl:590
┌ Warning: water tag closure residual 1.6988071747500777e-6 exceeds the configured tolerance 1.0e-10 at t = 1582.5 s. The tags no longer account for the field they partition; see output/a2_none_dt2p5/output_0000/water_tag_closure.csv.
└ @ ClimaAtmos ~/git/ClimaAtmosResiDyn.jl/src/parameterized_tendencies/tagged_tracers/tagged_tracers.jl:590
┌ Warning: water tag closure residual 1.6987701661115127e-6 exceeds the configured tolerance 1.0e-10 at t = 1585.0 s. The tags no longer account for the field they partition; see output/a2_none_dt2p5/output_0000/water_tag_closure.csv.
└ @ ClimaAtmos ~/git/ClimaAtmosResiDyn.jl/src/parameterized_tendencies/tagged_tracers/tagged_tracers.jl:590
┌ Warning: water tag closure residual 1.698733166754471e-6 exceeds the configured tolerance 1.0e-10 at t = 1587.5 s. The tags no longer account for the field they partition; see output/a2_none_dt2p5/output_0000/water_tag_closure.csv.
└ @ ClimaAtmos ~/git/ClimaAtmosResiDyn.jl/src/parameterized_tendencies/tagged_tracers/tagged_tracers.jl:590
┌ Warning: water tag closure residual 1.6986961766969625e-6 exceeds the configured tolerance 1.0e-10 at t = 1590.0 s. The tags no longer account for the field they partition; see output/a2_none_dt2p5/output_0000/water_tag_closure.csv.
└ @ ClimaAtmos ~/git/ClimaAtmosResiDyn.jl/src/parameterized_tendencies/tagged_tracers/tagged_tracers.jl:590
┌ Warning: water tag closure residual 1.698659196041925e-6 exceeds the configured tolerance 1.0e-10 at t = 1592.5 s. The tags no longer account for the field they partition; see output/a2_none_dt2p5/output_0000/water_tag_closure.csv.
└ @ ClimaAtmos ~/git/ClimaAtmosResiDyn.jl/src/parameterized_tendencies/tagged_tracers/tagged_tracers.jl:590
┌ Warning: water tag closure residual 1.6986222246590637e-6 exceeds the configured tolerance 1.0e-10 at t = 1595.0 s. The tags no longer account for the field they partition; see output/a2_none_dt2p5/output_0000/water_tag_closure.csv.
└ @ ClimaAtmos ~/git/ClimaAtmosResiDyn.jl/src/parameterized_tendencies/tagged_tracers/tagged_tracers.jl:590
┌ Warning: water tag closure residual 1.6985852625770808e-6 exceeds the configured tolerance 1.0e-10 at t = 1597.5 s. The tags no longer account for the field they partition; see output/a2_none_dt2p5/output_0000/water_tag_closure.csv.
└ @ ClimaAtmos ~/git/ClimaAtmosResiDyn.jl/src/parameterized_tendencies/tagged_tracers/tagged_tracers.jl:590
┌ Warning: water tag closure residual 1.6985483098209167e-6 exceeds the configured tolerance 1.0e-10 at t = 1600.0 s. The tags no longer account for the field they partition; see output/a2_none_dt2p5/output_0000/water_tag_closure.csv.
└ @ ClimaAtmos ~/git/ClimaAtmosResiDyn.jl/src/parameterized_tendencies/tagged_tracers/tagged_tracers.jl:590
┌ Warning: water tag closure residual 1.6985113664358646e-6 exceeds the configured tolerance 1.0e-10 at t = 1602.5 s. The tags no longer account for the field they partition; see output/a2_none_dt2p5/output_0000/water_tag_closure.csv.
└ @ ClimaAtmos ~/git/ClimaAtmosResiDyn.jl/src/parameterized_tendencies/tagged_tracers/tagged_tracers.jl:590
┌ Warning: water tag closure residual 1.6984744322316412e-6 exceeds the configured tolerance 1.0e-10 at t = 1605.0 s. The tags no longer account for the field they partition; see output/a2_none_dt2p5/output_0000/water_tag_closure.csv.
└ @ ClimaAtmos ~/git/ClimaAtmosResiDyn.jl/src/parameterized_tendencies/tagged_tracers/tagged_tracers.jl:590
┌ Warning: water tag closure residual 1.6984375072549753e-6 exceeds the configured tolerance 1.0e-10 at t = 1607.5 s. The tags no longer account for the field they partition; see output/a2_none_dt2p5/output_0000/water_tag_closure.csv.
└ @ ClimaAtmos ~/git/ClimaAtmosResiDyn.jl/src/parameterized_tendencies/tagged_tracers/tagged_tracers.jl:590
┌ Warning: water tag closure residual 1.6984005915875027e-6 exceeds the configured tolerance 1.0e-10 at t = 1610.0 s. The tags no longer account for the field they partition; see output/a2_none_dt2p5/output_0000/water_tag_closure.csv.
└ @ ClimaAtmos ~/git/ClimaAtmosResiDyn.jl/src/parameterized_tendencies/tagged_tracers/tagged_tracers.jl:590
┌ Warning: water tag closure residual 1.698363685054314e-6 exceeds the configured tolerance 1.0e-10 at t = 1612.5 s. The tags no longer account for the field they partition; see output/a2_none_dt2p5/output_0000/water_tag_closure.csv.
└ @ ClimaAtmos ~/git/ClimaAtmosResiDyn.jl/src/parameterized_tendencies/tagged_tracers/tagged_tracers.jl:590
┌ Warning: water tag closure residual 1.6983267877760016e-6 exceeds the configured tolerance 1.0e-10 at t = 1615.0 s. The tags no longer account for the field they partition; see output/a2_none_dt2p5/output_0000/water_tag_closure.csv.
└ @ ClimaAtmos ~/git/ClimaAtmosResiDyn.jl/src/parameterized_tendencies/tagged_tracers/tagged_tracers.jl:590
┌ Warning: water tag closure residual 1.6982898996946799e-6 exceeds the configured tolerance 1.0e-10 at t = 1617.5 s. The tags no longer account for the field they partition; see output/a2_none_dt2p5/output_0000/water_tag_closure.csv.
└ @ ClimaAtmos ~/git/ClimaAtmosResiDyn.jl/src/parameterized_tendencies/tagged_tracers/tagged_tracers.jl:590
┌ Warning: water tag closure residual 1.698253020838743e-6 exceeds the configured tolerance 1.0e-10 at t = 1620.0 s. The tags no longer account for the field they partition; see output/a2_none_dt2p5/output_0000/water_tag_closure.csv.
└ @ ClimaAtmos ~/git/ClimaAtmosResiDyn.jl/src/parameterized_tendencies/tagged_tracers/tagged_tracers.jl:590
┌ Warning: water tag closure residual 1.6982161510543818e-6 exceeds the configured tolerance 1.0e-10 at t = 1622.5 s. The tags no longer account for the field they partition; see output/a2_none_dt2p5/output_0000/water_tag_closure.csv.
└ @ ClimaAtmos ~/git/ClimaAtmosResiDyn.jl/src/parameterized_tendencies/tagged_tracers/tagged_tracers.jl:590
┌ Warning: water tag closure residual 1.6981792904309652e-6 exceeds the configured tolerance 1.0e-10 at t = 1625.0 s. The tags no longer account for the field they partition; see output/a2_none_dt2p5/output_0000/water_tag_closure.csv.
└ @ ClimaAtmos ~/git/ClimaAtmosResiDyn.jl/src/parameterized_tendencies/tagged_tracers/tagged_tracers.jl:590
┌ Warning: water tag closure residual 1.6981424390588197e-6 exceeds the configured tolerance 1.0e-10 at t = 1627.5 s. The tags no longer account for the field they partition; see output/a2_none_dt2p5/output_0000/water_tag_closure.csv.
└ @ ClimaAtmos ~/git/ClimaAtmosResiDyn.jl/src/parameterized_tendencies/tagged_tracers/tagged_tracers.jl:590
┌ Warning: water tag closure residual 1.6981055967945132e-6 exceeds the configured tolerance 1.0e-10 at t = 1630.0 s. The tags no longer account for the field they partition; see output/a2_none_dt2p5/output_0000/water_tag_closure.csv.
└ @ ClimaAtmos ~/git/ClimaAtmosResiDyn.jl/src/parameterized_tendencies/tagged_tracers/tagged_tracers.jl:590
┌ Warning: water tag closure residual 1.698068763613346e-6 exceeds the configured tolerance 1.0e-10 at t = 1632.5 s. The tags no longer account for the field they partition; see output/a2_none_dt2p5/output_0000/water_tag_closure.csv.
└ @ ClimaAtmos ~/git/ClimaAtmosResiDyn.jl/src/parameterized_tendencies/tagged_tracers/tagged_tracers.jl:590
┌ Warning: water tag closure residual 1.6980319396375122e-6 exceeds the configured tolerance 1.0e-10 at t = 1635.0 s. The tags no longer account for the field they partition; see output/a2_none_dt2p5/output_0000/water_tag_closure.csv.
└ @ ClimaAtmos ~/git/ClimaAtmosResiDyn.jl/src/parameterized_tendencies/tagged_tracers/tagged_tracers.jl:590
┌ Warning: water tag closure residual 1.6979951246001055e-6 exceeds the configured tolerance 1.0e-10 at t = 1637.5 s. The tags no longer account for the field they partition; see output/a2_none_dt2p5/output_0000/water_tag_closure.csv.
└ @ ClimaAtmos ~/git/ClimaAtmosResiDyn.jl/src/parameterized_tendencies/tagged_tracers/tagged_tracers.jl:590
┌ Warning: water tag closure residual 1.6979583186906987e-6 exceeds the configured tolerance 1.0e-10 at t = 1640.0 s. The tags no longer account for the field they partition; see output/a2_none_dt2p5/output_0000/water_tag_closure.csv.
└ @ ClimaAtmos ~/git/ClimaAtmosResiDyn.jl/src/parameterized_tendencies/tagged_tracers/tagged_tracers.jl:590
┌ Warning: water tag closure residual 1.6979215217902893e-6 exceeds the configured tolerance 1.0e-10 at t = 1642.5 s. The tags no longer account for the field they partition; see output/a2_none_dt2p5/output_0000/water_tag_closure.csv.
└ @ ClimaAtmos ~/git/ClimaAtmosResiDyn.jl/src/parameterized_tendencies/tagged_tracers/tagged_tracers.jl:590
┌ Warning: water tag closure residual 1.697884734065422e-6 exceeds the configured tolerance 1.0e-10 at t = 1645.0 s. The tags no longer account for the field they partition; see output/a2_none_dt2p5/output_0000/water_tag_closure.csv.
└ @ ClimaAtmos ~/git/ClimaAtmosResiDyn.jl/src/parameterized_tendencies/tagged_tracers/tagged_tracers.jl:590
┌ Info: Progress
│   simulation_time = "27 minutes, 25 seconds"
│   n_steps_completed = 658
│   wall_time_per_step = "4 milliseconds, 477 microseconds"
│   wall_time_total = "6 seconds, 448 milliseconds"
│   wall_time_remaining = "3 seconds, 501 milliseconds"
│   wall_time_spent = "2 seconds, 946 milliseconds"
│   percent_complete = "45.7%"
│   estimated_sypd = "1.529"
│   instantaneous_sypd = "2.468"
│   date_now = 2026-09-10T00:49:25.517
└   estimated_finish_date = 2026-09-10T00:49:29.517
┌ Warning: water tag closure residual 1.6978479553767203e-6 exceeds the configured tolerance 1.0e-10 at t = 1647.5 s. The tags no longer account for the field they partition; see output/a2_none_dt2p5/output_0000/water_tag_closure.csv.
└ @ ClimaAtmos ~/git/ClimaAtmosResiDyn.jl/src/parameterized_tendencies/tagged_tracers/tagged_tracers.jl:590
┌ Warning: water tag closure residual 1.6978111856812223e-6 exceeds the configured tolerance 1.0e-10 at t = 1650.0 s. The tags no longer account for the field they partition; see output/a2_none_dt2p5/output_0000/water_tag_closure.csv.
└ @ ClimaAtmos ~/git/ClimaAtmosResiDyn.jl/src/parameterized_tendencies/tagged_tracers/tagged_tracers.jl:590
┌ Warning: water tag closure residual 1.6977744249875517e-6 exceeds the configured tolerance 1.0e-10 at t = 1652.5 s. The tags no longer account for the field they partition; see output/a2_none_dt2p5/output_0000/water_tag_closure.csv.
└ @ ClimaAtmos ~/git/ClimaAtmosResiDyn.jl/src/parameterized_tendencies/tagged_tracers/tagged_tracers.jl:590
┌ Warning: water tag closure residual 1.6977376732523138e-6 exceeds the configured tolerance 1.0e-10 at t = 1655.0 s. The tags no longer account for the field they partition; see output/a2_none_dt2p5/output_0000/water_tag_closure.csv.
└ @ ClimaAtmos ~/git/ClimaAtmosResiDyn.jl/src/parameterized_tendencies/tagged_tracers/tagged_tracers.jl:590
┌ Warning: water tag closure residual 1.6977009306042105e-6 exceeds the configured tolerance 1.0e-10 at t = 1657.5 s. The tags no longer account for the field they partition; see output/a2_none_dt2p5/output_0000/water_tag_closure.csv.
└ @ ClimaAtmos ~/git/ClimaAtmosResiDyn.jl/src/parameterized_tendencies/tagged_tracers/tagged_tracers.jl:590
┌ Warning: water tag closure residual 1.6976641969106682e-6 exceeds the configured tolerance 1.0e-10 at t = 1660.0 s. The tags no longer account for the field they partition; see output/a2_none_dt2p5/output_0000/water_tag_closure.csv.
└ @ ClimaAtmos ~/git/ClimaAtmosResiDyn.jl/src/parameterized_tendencies/tagged_tracers/tagged_tracers.jl:590
┌ Warning: water tag closure residual 1.6976274721583915e-6 exceeds the configured tolerance 1.0e-10 at t = 1662.5 s. The tags no longer account for the field they partition; see output/a2_none_dt2p5/output_0000/water_tag_closure.csv.
└ @ ClimaAtmos ~/git/ClimaAtmosResiDyn.jl/src/parameterized_tendencies/tagged_tracers/tagged_tracers.jl:590
┌ Warning: water tag closure residual 1.6975907562539015e-6 exceeds the configured tolerance 1.0e-10 at t = 1665.0 s. The tags no longer account for the field they partition; see output/a2_none_dt2p5/output_0000/water_tag_closure.csv.
└ @ ClimaAtmos ~/git/ClimaAtmosResiDyn.jl/src/parameterized_tendencies/tagged_tracers/tagged_tracers.jl:590
┌ Warning: water tag closure residual 1.6975540493999526e-6 exceeds the configured tolerance 1.0e-10 at t = 1667.5 s. The tags no longer account for the field they partition; see output/a2_none_dt2p5/output_0000/water_tag_closure.csv.
└ @ ClimaAtmos ~/git/ClimaAtmosResiDyn.jl/src/parameterized_tendencies/tagged_tracers/tagged_tracers.jl:590
┌ Warning: water tag closure residual 1.697517351448446e-6 exceeds the configured tolerance 1.0e-10 at t = 1670.0 s. The tags no longer account for the field they partition; see output/a2_none_dt2p5/output_0000/water_tag_closure.csv.
└ @ ClimaAtmos ~/git/ClimaAtmosResiDyn.jl/src/parameterized_tendencies/tagged_tracers/tagged_tracers.jl:590
┌ Warning: water tag closure residual 1.6974806624287808e-6 exceeds the configured tolerance 1.0e-10 at t = 1672.5 s. The tags no longer account for the field they partition; see output/a2_none_dt2p5/output_0000/water_tag_closure.csv.
└ @ ClimaAtmos ~/git/ClimaAtmosResiDyn.jl/src/parameterized_tendencies/tagged_tracers/tagged_tracers.jl:590
┌ Warning: water tag closure residual 1.6974439823253703e-6 exceeds the configured tolerance 1.0e-10 at t = 1675.0 s. The tags no longer account for the field they partition; see output/a2_none_dt2p5/output_0000/water_tag_closure.csv.
└ @ ClimaAtmos ~/git/ClimaAtmosResiDyn.jl/src/parameterized_tendencies/tagged_tracers/tagged_tracers.jl:590
┌ Warning: water tag closure residual 1.6974073109948257e-6 exceeds the configured tolerance 1.0e-10 at t = 1677.5 s. The tags no longer account for the field they partition; see output/a2_none_dt2p5/output_0000/water_tag_closure.csv.
└ @ ClimaAtmos ~/git/ClimaAtmosResiDyn.jl/src/parameterized_tendencies/tagged_tracers/tagged_tracers.jl:590
┌ Warning: water tag closure residual 1.6973706486110825e-6 exceeds the configured tolerance 1.0e-10 at t = 1680.0 s. The tags no longer account for the field they partition; see output/a2_none_dt2p5/output_0000/water_tag_closure.csv.
└ @ ClimaAtmos ~/git/ClimaAtmosResiDyn.jl/src/parameterized_tendencies/tagged_tracers/tagged_tracers.jl:590
┌ Warning: water tag closure residual 1.6973339950709725e-6 exceeds the configured tolerance 1.0e-10 at t = 1682.5 s. The tags no longer account for the field they partition; see output/a2_none_dt2p5/output_0000/water_tag_closure.csv.
└ @ ClimaAtmos ~/git/ClimaAtmosResiDyn.jl/src/parameterized_tendencies/tagged_tracers/tagged_tracers.jl:590
┌ Warning: water tag closure residual 1.6972973503885335e-6 exceeds the configured tolerance 1.0e-10 at t = 1685.0 s. The tags no longer account for the field they partition; see output/a2_none_dt2p5/output_0000/water_tag_closure.csv.
└ @ ClimaAtmos ~/git/ClimaAtmosResiDyn.jl/src/parameterized_tendencies/tagged_tracers/tagged_tracers.jl:590
┌ Warning: water tag closure residual 1.6972607145551677e-6 exceeds the configured tolerance 1.0e-10 at t = 1687.5 s. The tags no longer account for the field they partition; see output/a2_none_dt2p5/output_0000/water_tag_closure.csv.
└ @ ClimaAtmos ~/git/ClimaAtmosResiDyn.jl/src/parameterized_tendencies/tagged_tracers/tagged_tracers.jl:590
┌ Warning: water tag closure residual 1.6972240875958202e-6 exceeds the configured tolerance 1.0e-10 at t = 1690.0 s. The tags no longer account for the field they partition; see output/a2_none_dt2p5/output_0000/water_tag_closure.csv.
└ @ ClimaAtmos ~/git/ClimaAtmosResiDyn.jl/src/parameterized_tendencies/tagged_tracers/tagged_tracers.jl:590
┌ Warning: water tag closure residual 1.6971874693940656e-6 exceeds the configured tolerance 1.0e-10 at t = 1692.5 s. The tags no longer account for the field they partition; see output/a2_none_dt2p5/output_0000/water_tag_closure.csv.
└ @ ClimaAtmos ~/git/ClimaAtmosResiDyn.jl/src/parameterized_tendencies/tagged_tracers/tagged_tracers.jl:590
┌ Warning: water tag closure residual 1.6971508600225888e-6 exceeds the configured tolerance 1.0e-10 at t = 1695.0 s. The tags no longer account for the field they partition; see output/a2_none_dt2p5/output_0000/water_tag_closure.csv.
└ @ ClimaAtmos ~/git/ClimaAtmosResiDyn.jl/src/parameterized_tendencies/tagged_tracers/tagged_tracers.jl:590
┌ Warning: water tag closure residual 1.697114259500923e-6 exceeds the configured tolerance 1.0e-10 at t = 1697.5 s. The tags no longer account for the field they partition; see output/a2_none_dt2p5/output_0000/water_tag_closure.csv.
└ @ ClimaAtmos ~/git/ClimaAtmosResiDyn.jl/src/parameterized_tendencies/tagged_tracers/tagged_tracers.jl:590
┌ Warning: water tag closure residual 1.697077667729274e-6 exceeds the configured tolerance 1.0e-10 at t = 1700.0 s. The tags no longer account for the field they partition; see output/a2_none_dt2p5/output_0000/water_tag_closure.csv.
└ @ ClimaAtmos ~/git/ClimaAtmosResiDyn.jl/src/parameterized_tendencies/tagged_tracers/tagged_tracers.jl:590
┌ Warning: water tag closure residual 1.6970410847336262e-6 exceeds the configured tolerance 1.0e-10 at t = 1702.5 s. The tags no longer account for the field they partition; see output/a2_none_dt2p5/output_0000/water_tag_closure.csv.
└ @ ClimaAtmos ~/git/ClimaAtmosResiDyn.jl/src/parameterized_tendencies/tagged_tracers/tagged_tracers.jl:590
┌ Warning: water tag closure residual 1.6970045104274343e-6 exceeds the configured tolerance 1.0e-10 at t = 1705.0 s. The tags no longer account for the field they partition; see output/a2_none_dt2p5/output_0000/water_tag_closure.csv.
└ @ ClimaAtmos ~/git/ClimaAtmosResiDyn.jl/src/parameterized_tendencies/tagged_tracers/tagged_tracers.jl:590
┌ Warning: water tag closure residual 1.6969679449235077e-6 exceeds the configured tolerance 1.0e-10 at t = 1707.5 s. The tags no longer account for the field they partition; see output/a2_none_dt2p5/output_0000/water_tag_closure.csv.
└ @ ClimaAtmos ~/git/ClimaAtmosResiDyn.jl/src/parameterized_tendencies/tagged_tracers/tagged_tracers.jl:590
┌ Warning: water tag closure residual 1.6969313881191557e-6 exceeds the configured tolerance 1.0e-10 at t = 1710.0 s. The tags no longer account for the field they partition; see output/a2_none_dt2p5/output_0000/water_tag_closure.csv.
└ @ ClimaAtmos ~/git/ClimaAtmosResiDyn.jl/src/parameterized_tendencies/tagged_tracers/tagged_tracers.jl:590
┌ Warning: water tag closure residual 1.696894840089263e-6 exceeds the configured tolerance 1.0e-10 at t = 1712.5 s. The tags no longer account for the field they partition; see output/a2_none_dt2p5/output_0000/water_tag_closure.csv.
└ @ ClimaAtmos ~/git/ClimaAtmosResiDyn.jl/src/parameterized_tendencies/tagged_tracers/tagged_tracers.jl:590
┌ Warning: water tag closure residual 1.6968583007197162e-6 exceeds the configured tolerance 1.0e-10 at t = 1715.0 s. The tags no longer account for the field they partition; see output/a2_none_dt2p5/output_0000/water_tag_closure.csv.
└ @ ClimaAtmos ~/git/ClimaAtmosResiDyn.jl/src/parameterized_tendencies/tagged_tracers/tagged_tracers.jl:590
┌ Warning: water tag closure residual 1.6968217702346889e-6 exceeds the configured tolerance 1.0e-10 at t = 1717.5 s. The tags no longer account for the field they partition; see output/a2_none_dt2p5/output_0000/water_tag_closure.csv.
└ @ ClimaAtmos ~/git/ClimaAtmosResiDyn.jl/src/parameterized_tendencies/tagged_tracers/tagged_tracers.jl:590
┌ Warning: water tag closure residual 1.6967852483620901e-6 exceeds the configured tolerance 1.0e-10 at t = 1720.0 s. The tags no longer account for the field they partition; see output/a2_none_dt2p5/output_0000/water_tag_closure.csv.
└ @ ClimaAtmos ~/git/ClimaAtmosResiDyn.jl/src/parameterized_tendencies/tagged_tracers/tagged_tracers.jl:590
┌ Warning: water tag closure residual 1.6967487352197835e-6 exceeds the configured tolerance 1.0e-10 at t = 1722.5 s. The tags no longer account for the field they partition; see output/a2_none_dt2p5/output_0000/water_tag_closure.csv.
└ @ ClimaAtmos ~/git/ClimaAtmosResiDyn.jl/src/parameterized_tendencies/tagged_tracers/tagged_tracers.jl:590
┌ Warning: water tag closure residual 1.6967122308476294e-6 exceeds the configured tolerance 1.0e-10 at t = 1725.0 s. The tags no longer account for the field they partition; see output/a2_none_dt2p5/output_0000/water_tag_closure.csv.
└ @ ClimaAtmos ~/git/ClimaAtmosResiDyn.jl/src/parameterized_tendencies/tagged_tracers/tagged_tracers.jl:590
┌ Warning: water tag closure residual 1.6966757351509273e-6 exceeds the configured tolerance 1.0e-10 at t = 1727.5 s. The tags no longer account for the field they partition; see output/a2_none_dt2p5/output_0000/water_tag_closure.csv.
└ @ ClimaAtmos ~/git/ClimaAtmosResiDyn.jl/src/parameterized_tendencies/tagged_tracers/tagged_tracers.jl:590
┌ Warning: water tag closure residual 1.6966392481412964e-6 exceeds the configured tolerance 1.0e-10 at t = 1730.0 s. The tags no longer account for the field they partition; see output/a2_none_dt2p5/output_0000/water_tag_closure.csv.
└ @ ClimaAtmos ~/git/ClimaAtmosResiDyn.jl/src/parameterized_tendencies/tagged_tracers/tagged_tracers.jl:590
┌ Warning: water tag closure residual 1.6966027697832937e-6 exceeds the configured tolerance 1.0e-10 at t = 1732.5 s. The tags no longer account for the field they partition; see output/a2_none_dt2p5/output_0000/water_tag_closure.csv.
└ @ ClimaAtmos ~/git/ClimaAtmosResiDyn.jl/src/parameterized_tendencies/tagged_tracers/tagged_tracers.jl:590
┌ Warning: water tag closure residual 1.6965663002326058e-6 exceeds the configured tolerance 1.0e-10 at t = 1735.0 s. The tags no longer account for the field they partition; see output/a2_none_dt2p5/output_0000/water_tag_closure.csv.
└ @ ClimaAtmos ~/git/ClimaAtmosResiDyn.jl/src/parameterized_tendencies/tagged_tracers/tagged_tracers.jl:590
┌ Warning: water tag closure residual 1.696529839279824e-6 exceeds the configured tolerance 1.0e-10 at t = 1737.5 s. The tags no longer account for the field they partition; see output/a2_none_dt2p5/output_0000/water_tag_closure.csv.
└ @ ClimaAtmos ~/git/ClimaAtmosResiDyn.jl/src/parameterized_tendencies/tagged_tracers/tagged_tracers.jl:590
┌ Warning: water tag closure residual 1.6964933869612694e-6 exceeds the configured tolerance 1.0e-10 at t = 1740.0 s. The tags no longer account for the field they partition; see output/a2_none_dt2p5/output_0000/water_tag_closure.csv.
└ @ ClimaAtmos ~/git/ClimaAtmosResiDyn.jl/src/parameterized_tendencies/tagged_tracers/tagged_tracers.jl:590
┌ Warning: water tag closure residual 1.696456943285107e-6 exceeds the configured tolerance 1.0e-10 at t = 1742.5 s. The tags no longer account for the field they partition; see output/a2_none_dt2p5/output_0000/water_tag_closure.csv.
└ @ ClimaAtmos ~/git/ClimaAtmosResiDyn.jl/src/parameterized_tendencies/tagged_tracers/tagged_tracers.jl:590
┌ Warning: water tag closure residual 1.6964205081698179e-6 exceeds the configured tolerance 1.0e-10 at t = 1745.0 s. The tags no longer account for the field they partition; see output/a2_none_dt2p5/output_0000/water_tag_closure.csv.
└ @ ClimaAtmos ~/git/ClimaAtmosResiDyn.jl/src/parameterized_tendencies/tagged_tracers/tagged_tracers.jl:590
┌ Warning: water tag closure residual 1.6963840817221654e-6 exceeds the configured tolerance 1.0e-10 at t = 1747.5 s. The tags no longer account for the field they partition; see output/a2_none_dt2p5/output_0000/water_tag_closure.csv.
└ @ ClimaAtmos ~/git/ClimaAtmosResiDyn.jl/src/parameterized_tendencies/tagged_tracers/tagged_tracers.jl:590
┌ Warning: water tag closure residual 1.6963476638549076e-6 exceeds the configured tolerance 1.0e-10 at t = 1750.0 s. The tags no longer account for the field they partition; see output/a2_none_dt2p5/output_0000/water_tag_closure.csv.
└ @ ClimaAtmos ~/git/ClimaAtmosResiDyn.jl/src/parameterized_tendencies/tagged_tracers/tagged_tracers.jl:590
┌ Warning: water tag closure residual 1.6963112545342405e-6 exceeds the configured tolerance 1.0e-10 at t = 1752.5 s. The tags no longer account for the field they partition; see output/a2_none_dt2p5/output_0000/water_tag_closure.csv.
└ @ ClimaAtmos ~/git/ClimaAtmosResiDyn.jl/src/parameterized_tendencies/tagged_tracers/tagged_tracers.jl:590
┌ Warning: water tag closure residual 1.6962748537615465e-6 exceeds the configured tolerance 1.0e-10 at t = 1755.0 s. The tags no longer account for the field they partition; see output/a2_none_dt2p5/output_0000/water_tag_closure.csv.
└ @ ClimaAtmos ~/git/ClimaAtmosResiDyn.jl/src/parameterized_tendencies/tagged_tracers/tagged_tracers.jl:590
┌ Warning: water tag closure residual 1.6962384615963667e-6 exceeds the configured tolerance 1.0e-10 at t = 1757.5 s. The tags no longer account for the field they partition; see output/a2_none_dt2p5/output_0000/water_tag_closure.csv.
└ @ ClimaAtmos ~/git/ClimaAtmosResiDyn.jl/src/parameterized_tendencies/tagged_tracers/tagged_tracers.jl:590
┌ Warning: water tag closure residual 1.6962020780639013e-6 exceeds the configured tolerance 1.0e-10 at t = 1760.0 s. The tags no longer account for the field they partition; see output/a2_none_dt2p5/output_0000/water_tag_closure.csv.
└ @ ClimaAtmos ~/git/ClimaAtmosResiDyn.jl/src/parameterized_tendencies/tagged_tracers/tagged_tracers.jl:590
┌ Warning: water tag closure residual 1.696165703065485e-6 exceeds the configured tolerance 1.0e-10 at t = 1762.5 s. The tags no longer account for the field they partition; see output/a2_none_dt2p5/output_0000/water_tag_closure.csv.
└ @ ClimaAtmos ~/git/ClimaAtmosResiDyn.jl/src/parameterized_tendencies/tagged_tracers/tagged_tracers.jl:590
┌ Warning: water tag closure residual 1.6961293365987304e-6 exceeds the configured tolerance 1.0e-10 at t = 1765.0 s. The tags no longer account for the field they partition; see output/a2_none_dt2p5/output_0000/water_tag_closure.csv.
└ @ ClimaAtmos ~/git/ClimaAtmosResiDyn.jl/src/parameterized_tendencies/tagged_tracers/tagged_tracers.jl:590
┌ Warning: water tag closure residual 1.696092978453685e-6 exceeds the configured tolerance 1.0e-10 at t = 1767.5 s. The tags no longer account for the field they partition; see output/a2_none_dt2p5/output_0000/water_tag_closure.csv.
└ @ ClimaAtmos ~/git/ClimaAtmosResiDyn.jl/src/parameterized_tendencies/tagged_tracers/tagged_tracers.jl:590
┌ Warning: water tag closure residual 1.6960566289493342e-6 exceeds the configured tolerance 1.0e-10 at t = 1770.0 s. The tags no longer account for the field they partition; see output/a2_none_dt2p5/output_0000/water_tag_closure.csv.
└ @ ClimaAtmos ~/git/ClimaAtmosResiDyn.jl/src/parameterized_tendencies/tagged_tracers/tagged_tracers.jl:590
┌ Warning: water tag closure residual 1.6960202878595374e-6 exceeds the configured tolerance 1.0e-10 at t = 1772.5 s. The tags no longer account for the field they partition; see output/a2_none_dt2p5/output_0000/water_tag_closure.csv.
└ @ ClimaAtmos ~/git/ClimaAtmosResiDyn.jl/src/parameterized_tendencies/tagged_tracers/tagged_tracers.jl:590
┌ Warning: water tag closure residual 1.695983954916154e-6 exceeds the configured tolerance 1.0e-10 at t = 1775.0 s. The tags no longer account for the field they partition; see output/a2_none_dt2p5/output_0000/water_tag_closure.csv.
└ @ ClimaAtmos ~/git/ClimaAtmosResiDyn.jl/src/parameterized_tendencies/tagged_tracers/tagged_tracers.jl:590
┌ Warning: water tag closure residual 1.6959476301287254e-6 exceeds the configured tolerance 1.0e-10 at t = 1777.5 s. The tags no longer account for the field they partition; see output/a2_none_dt2p5/output_0000/water_tag_closure.csv.
└ @ ClimaAtmos ~/git/ClimaAtmosResiDyn.jl/src/parameterized_tendencies/tagged_tracers/tagged_tracers.jl:590
┌ Warning: water tag closure residual 1.6959113135385952e-6 exceeds the configured tolerance 1.0e-10 at t = 1780.0 s. The tags no longer account for the field they partition; see output/a2_none_dt2p5/output_0000/water_tag_closure.csv.
└ @ ClimaAtmos ~/git/ClimaAtmosResiDyn.jl/src/parameterized_tendencies/tagged_tracers/tagged_tracers.jl:590
┌ Warning: water tag closure residual 1.6958750051118657e-6 exceeds the configured tolerance 1.0e-10 at t = 1782.5 s. The tags no longer account for the field they partition; see output/a2_none_dt2p5/output_0000/water_tag_closure.csv.
└ @ ClimaAtmos ~/git/ClimaAtmosResiDyn.jl/src/parameterized_tendencies/tagged_tracers/tagged_tracers.jl:590
┌ Warning: water tag closure residual 1.6958387048164903e-6 exceeds the configured tolerance 1.0e-10 at t = 1785.0 s. The tags no longer account for the field they partition; see output/a2_none_dt2p5/output_0000/water_tag_closure.csv.
└ @ ClimaAtmos ~/git/ClimaAtmosResiDyn.jl/src/parameterized_tendencies/tagged_tracers/tagged_tracers.jl:590
┌ Warning: water tag closure residual 1.6958024127933747e-6 exceeds the configured tolerance 1.0e-10 at t = 1787.5 s. The tags no longer account for the field they partition; see output/a2_none_dt2p5/output_0000/water_tag_closure.csv.
└ @ ClimaAtmos ~/git/ClimaAtmosResiDyn.jl/src/parameterized_tendencies/tagged_tracers/tagged_tracers.jl:590
┌ Warning: water tag closure residual 1.6957661287314378e-6 exceeds the configured tolerance 1.0e-10 at t = 1790.0 s. The tags no longer account for the field they partition; see output/a2_none_dt2p5/output_0000/water_tag_closure.csv.
└ @ ClimaAtmos ~/git/ClimaAtmosResiDyn.jl/src/parameterized_tendencies/tagged_tracers/tagged_tracers.jl:590
┌ Warning: water tag closure residual 1.6957298529181454e-6 exceeds the configured tolerance 1.0e-10 at t = 1792.5 s. The tags no longer account for the field they partition; see output/a2_none_dt2p5/output_0000/water_tag_closure.csv.
└ @ ClimaAtmos ~/git/ClimaAtmosResiDyn.jl/src/parameterized_tendencies/tagged_tracers/tagged_tracers.jl:590
┌ Warning: water tag closure residual 1.6956935854482147e-6 exceeds the configured tolerance 1.0e-10 at t = 1795.0 s. The tags no longer account for the field they partition; see output/a2_none_dt2p5/output_0000/water_tag_closure.csv.
└ @ ClimaAtmos ~/git/ClimaAtmosResiDyn.jl/src/parameterized_tendencies/tagged_tracers/tagged_tracers.jl:590
┌ Warning: water tag closure residual 1.6956573260435111e-6 exceeds the configured tolerance 1.0e-10 at t = 1797.5 s. The tags no longer account for the field they partition; see output/a2_none_dt2p5/output_0000/water_tag_closure.csv.
└ @ ClimaAtmos ~/git/ClimaAtmosResiDyn.jl/src/parameterized_tendencies/tagged_tracers/tagged_tracers.jl:590
┌ Warning: water tag closure residual 1.6956210746222991e-6 exceeds the configured tolerance 1.0e-10 at t = 1800.0 s. The tags no longer account for the field they partition; see output/a2_none_dt2p5/output_0000/water_tag_closure.csv.
└ @ ClimaAtmos ~/git/ClimaAtmosResiDyn.jl/src/parameterized_tendencies/tagged_tracers/tagged_tracers.jl:590
┌ Warning: water tag closure residual 1.6955848313115604e-6 exceeds the configured tolerance 1.0e-10 at t = 1802.5 s. The tags no longer account for the field they partition; see output/a2_none_dt2p5/output_0000/water_tag_closure.csv.
└ @ ClimaAtmos ~/git/ClimaAtmosResiDyn.jl/src/parameterized_tendencies/tagged_tracers/tagged_tracers.jl:590
┌ Warning: water tag closure residual 1.695548596157929e-6 exceeds the configured tolerance 1.0e-10 at t = 1805.0 s. The tags no longer account for the field they partition; see output/a2_none_dt2p5/output_0000/water_tag_closure.csv.
└ @ ClimaAtmos ~/git/ClimaAtmosResiDyn.jl/src/parameterized_tendencies/tagged_tracers/tagged_tracers.jl:590
┌ Warning: water tag closure residual 1.695512369105214e-6 exceeds the configured tolerance 1.0e-10 at t = 1807.5 s. The tags no longer account for the field they partition; see output/a2_none_dt2p5/output_0000/water_tag_closure.csv.
└ @ ClimaAtmos ~/git/ClimaAtmosResiDyn.jl/src/parameterized_tendencies/tagged_tracers/tagged_tracers.jl:590
┌ Warning: water tag closure residual 1.6954761500242874e-6 exceeds the configured tolerance 1.0e-10 at t = 1810.0 s. The tags no longer account for the field they partition; see output/a2_none_dt2p5/output_0000/water_tag_closure.csv.
└ @ ClimaAtmos ~/git/ClimaAtmosResiDyn.jl/src/parameterized_tendencies/tagged_tracers/tagged_tracers.jl:590
┌ Warning: water tag closure residual 1.6954399387444614e-6 exceeds the configured tolerance 1.0e-10 at t = 1812.5 s. The tags no longer account for the field they partition; see output/a2_none_dt2p5/output_0000/water_tag_closure.csv.
└ @ ClimaAtmos ~/git/ClimaAtmosResiDyn.jl/src/parameterized_tendencies/tagged_tracers/tagged_tracers.jl:590
┌ Warning: water tag closure residual 1.6954037354770293e-6 exceeds the configured tolerance 1.0e-10 at t = 1815.0 s. The tags no longer account for the field they partition; see output/a2_none_dt2p5/output_0000/water_tag_closure.csv.
└ @ ClimaAtmos ~/git/ClimaAtmosResiDyn.jl/src/parameterized_tendencies/tagged_tracers/tagged_tracers.jl:590
┌ Warning: water tag closure residual 1.6953675401434566e-6 exceeds the configured tolerance 1.0e-10 at t = 1817.5 s. The tags no longer account for the field they partition; see output/a2_none_dt2p5/output_0000/water_tag_closure.csv.
└ @ ClimaAtmos ~/git/ClimaAtmosResiDyn.jl/src/parameterized_tendencies/tagged_tracers/tagged_tracers.jl:590
┌ Warning: water tag closure residual 1.6953313528701393e-6 exceeds the configured tolerance 1.0e-10 at t = 1820.0 s. The tags no longer account for the field they partition; see output/a2_none_dt2p5/output_0000/water_tag_closure.csv.
└ @ ClimaAtmos ~/git/ClimaAtmosResiDyn.jl/src/parameterized_tendencies/tagged_tracers/tagged_tracers.jl:590
┌ Warning: water tag closure residual 1.695295173433847e-6 exceeds the configured tolerance 1.0e-10 at t = 1822.5 s. The tags no longer account for the field they partition; see output/a2_none_dt2p5/output_0000/water_tag_closure.csv.
└ @ ClimaAtmos ~/git/ClimaAtmosResiDyn.jl/src/parameterized_tendencies/tagged_tracers/tagged_tracers.jl:590
┌ Warning: water tag closure residual 1.6952590018508615e-6 exceeds the configured tolerance 1.0e-10 at t = 1825.0 s. The tags no longer account for the field they partition; see output/a2_none_dt2p5/output_0000/water_tag_closure.csv.
└ @ ClimaAtmos ~/git/ClimaAtmosResiDyn.jl/src/parameterized_tendencies/tagged_tracers/tagged_tracers.jl:590
┌ Warning: water tag closure residual 1.6952228381948294e-6 exceeds the configured tolerance 1.0e-10 at t = 1827.5 s. The tags no longer account for the field they partition; see output/a2_none_dt2p5/output_0000/water_tag_closure.csv.
└ @ ClimaAtmos ~/git/ClimaAtmosResiDyn.jl/src/parameterized_tendencies/tagged_tracers/tagged_tracers.jl:590
┌ Info: Progress
│   simulation_time = "30 minutes, 27 seconds"
│   n_steps_completed = 731
│   wall_time_per_step = "4 milliseconds, 309 microseconds"
│   wall_time_total = "6 seconds, 205 milliseconds"
│   wall_time_remaining = "3 seconds, 55 milliseconds"
│   wall_time_spent = "3 seconds, 150 milliseconds"
│   percent_complete = "50.8%"
│   estimated_sypd = "1.588"
│   instantaneous_sypd = "2.452"
│   date_now = 2026-09-10T00:49:25.721
└   estimated_finish_date = 2026-09-10T00:49:29.721
┌ Warning: water tag closure residual 1.6951866822661478e-6 exceeds the configured tolerance 1.0e-10 at t = 1830.0 s. The tags no longer account for the field they partition; see output/a2_none_dt2p5/output_0000/water_tag_closure.csv.
└ @ ClimaAtmos ~/git/ClimaAtmosResiDyn.jl/src/parameterized_tendencies/tagged_tracers/tagged_tracers.jl:590
┌ Warning: water tag closure residual 1.6951505343758787e-6 exceeds the configured tolerance 1.0e-10 at t = 1832.5 s. The tags no longer account for the field they partition; see output/a2_none_dt2p5/output_0000/water_tag_closure.csv.
└ @ ClimaAtmos ~/git/ClimaAtmosResiDyn.jl/src/parameterized_tendencies/tagged_tracers/tagged_tracers.jl:590
┌ Warning: water tag closure residual 1.695114394442891e-6 exceeds the configured tolerance 1.0e-10 at t = 1835.0 s. The tags no longer account for the field they partition; see output/a2_none_dt2p5/output_0000/water_tag_closure.csv.
└ @ ClimaAtmos ~/git/ClimaAtmosResiDyn.jl/src/parameterized_tendencies/tagged_tracers/tagged_tracers.jl:590
┌ Warning: water tag closure residual 1.6950782623537517e-6 exceeds the configured tolerance 1.0e-10 at t = 1837.5 s. The tags no longer account for the field they partition; see output/a2_none_dt2p5/output_0000/water_tag_closure.csv.
└ @ ClimaAtmos ~/git/ClimaAtmosResiDyn.jl/src/parameterized_tendencies/tagged_tracers/tagged_tracers.jl:590
┌ Warning: water tag closure residual 1.695042138202296e-6 exceeds the configured tolerance 1.0e-10 at t = 1840.0 s. The tags no longer account for the field they partition; see output/a2_none_dt2p5/output_0000/water_tag_closure.csv.
└ @ ClimaAtmos ~/git/ClimaAtmosResiDyn.jl/src/parameterized_tendencies/tagged_tracers/tagged_tracers.jl:590
┌ Warning: water tag closure residual 1.6950060220287694e-6 exceeds the configured tolerance 1.0e-10 at t = 1842.5 s. The tags no longer account for the field they partition; see output/a2_none_dt2p5/output_0000/water_tag_closure.csv.
└ @ ClimaAtmos ~/git/ClimaAtmosResiDyn.jl/src/parameterized_tendencies/tagged_tracers/tagged_tracers.jl:590
┌ Warning: water tag closure residual 1.6949699138038634e-6 exceeds the configured tolerance 1.0e-10 at t = 1845.0 s. The tags no longer account for the field they partition; see output/a2_none_dt2p5/output_0000/water_tag_closure.csv.
└ @ ClimaAtmos ~/git/ClimaAtmosResiDyn.jl/src/parameterized_tendencies/tagged_tracers/tagged_tracers.jl:590
┌ Warning: water tag closure residual 1.6949338135014505e-6 exceeds the configured tolerance 1.0e-10 at t = 1847.5 s. The tags no longer account for the field they partition; see output/a2_none_dt2p5/output_0000/water_tag_closure.csv.
└ @ ClimaAtmos ~/git/ClimaAtmosResiDyn.jl/src/parameterized_tendencies/tagged_tracers/tagged_tracers.jl:590
┌ Warning: water tag closure residual 1.6948977211543901e-6 exceeds the configured tolerance 1.0e-10 at t = 1850.0 s. The tags no longer account for the field they partition; see output/a2_none_dt2p5/output_0000/water_tag_closure.csv.
└ @ ClimaAtmos ~/git/ClimaAtmosResiDyn.jl/src/parameterized_tendencies/tagged_tracers/tagged_tracers.jl:590
┌ Warning: water tag closure residual 1.6948616367863179e-6 exceeds the configured tolerance 1.0e-10 at t = 1852.5 s. The tags no longer account for the field they partition; see output/a2_none_dt2p5/output_0000/water_tag_closure.csv.
└ @ ClimaAtmos ~/git/ClimaAtmosResiDyn.jl/src/parameterized_tendencies/tagged_tracers/tagged_tracers.jl:590
┌ Warning: water tag closure residual 1.6948255604544618e-6 exceeds the configured tolerance 1.0e-10 at t = 1855.0 s. The tags no longer account for the field they partition; see output/a2_none_dt2p5/output_0000/water_tag_closure.csv.
└ @ ClimaAtmos ~/git/ClimaAtmosResiDyn.jl/src/parameterized_tendencies/tagged_tracers/tagged_tracers.jl:590
┌ Warning: water tag closure residual 1.6947894919223877e-6 exceeds the configured tolerance 1.0e-10 at t = 1857.5 s. The tags no longer account for the field they partition; see output/a2_none_dt2p5/output_0000/water_tag_closure.csv.
└ @ ClimaAtmos ~/git/ClimaAtmosResiDyn.jl/src/parameterized_tendencies/tagged_tracers/tagged_tracers.jl:590
┌ Warning: water tag closure residual 1.6947534312887794e-6 exceeds the configured tolerance 1.0e-10 at t = 1860.0 s. The tags no longer account for the field they partition; see output/a2_none_dt2p5/output_0000/water_tag_closure.csv.
└ @ ClimaAtmos ~/git/ClimaAtmosResiDyn.jl/src/parameterized_tendencies/tagged_tracers/tagged_tracers.jl:590
┌ Warning: water tag closure residual 1.6947173784814925e-6 exceeds the configured tolerance 1.0e-10 at t = 1862.5 s. The tags no longer account for the field they partition; see output/a2_none_dt2p5/output_0000/water_tag_closure.csv.
└ @ ClimaAtmos ~/git/ClimaAtmosResiDyn.jl/src/parameterized_tendencies/tagged_tracers/tagged_tracers.jl:590
┌ Warning: water tag closure residual 1.6946813335217354e-6 exceeds the configured tolerance 1.0e-10 at t = 1865.0 s. The tags no longer account for the field they partition; see output/a2_none_dt2p5/output_0000/water_tag_closure.csv.
└ @ ClimaAtmos ~/git/ClimaAtmosResiDyn.jl/src/parameterized_tendencies/tagged_tracers/tagged_tracers.jl:590
┌ Warning: water tag closure residual 1.6946452964927955e-6 exceeds the configured tolerance 1.0e-10 at t = 1867.5 s. The tags no longer account for the field they partition; see output/a2_none_dt2p5/output_0000/water_tag_closure.csv.
└ @ ClimaAtmos ~/git/ClimaAtmosResiDyn.jl/src/parameterized_tendencies/tagged_tracers/tagged_tracers.jl:590
┌ Warning: water tag closure residual 1.694609267313598e-6 exceeds the configured tolerance 1.0e-10 at t = 1870.0 s. The tags no longer account for the field they partition; see output/a2_none_dt2p5/output_0000/water_tag_closure.csv.
└ @ ClimaAtmos ~/git/ClimaAtmosResiDyn.jl/src/parameterized_tendencies/tagged_tracers/tagged_tracers.jl:590
┌ Warning: water tag closure residual 1.6945732460420035e-6 exceeds the configured tolerance 1.0e-10 at t = 1872.5 s. The tags no longer account for the field they partition; see output/a2_none_dt2p5/output_0000/water_tag_closure.csv.
└ @ ClimaAtmos ~/git/ClimaAtmosResiDyn.jl/src/parameterized_tendencies/tagged_tracers/tagged_tracers.jl:590
┌ Warning: water tag closure residual 1.6945372326712567e-6 exceeds the configured tolerance 1.0e-10 at t = 1875.0 s. The tags no longer account for the field they partition; see output/a2_none_dt2p5/output_0000/water_tag_closure.csv.
└ @ ClimaAtmos ~/git/ClimaAtmosResiDyn.jl/src/parameterized_tendencies/tagged_tracers/tagged_tracers.jl:590
┌ Warning: water tag closure residual 1.6945012271425327e-6 exceeds the configured tolerance 1.0e-10 at t = 1877.5 s. The tags no longer account for the field they partition; see output/a2_none_dt2p5/output_0000/water_tag_closure.csv.
└ @ ClimaAtmos ~/git/ClimaAtmosResiDyn.jl/src/parameterized_tendencies/tagged_tracers/tagged_tracers.jl:590
┌ Warning: water tag closure residual 1.6944652293514948e-6 exceeds the configured tolerance 1.0e-10 at t = 1880.0 s. The tags no longer account for the field they partition; see output/a2_none_dt2p5/output_0000/water_tag_closure.csv.
└ @ ClimaAtmos ~/git/ClimaAtmosResiDyn.jl/src/parameterized_tendencies/tagged_tracers/tagged_tracers.jl:590
┌ Warning: water tag closure residual 1.69442923945232e-6 exceeds the configured tolerance 1.0e-10 at t = 1882.5 s. The tags no longer account for the field they partition; see output/a2_none_dt2p5/output_0000/water_tag_closure.csv.
└ @ ClimaAtmos ~/git/ClimaAtmosResiDyn.jl/src/parameterized_tendencies/tagged_tracers/tagged_tracers.jl:590
┌ Warning: water tag closure residual 1.6943932573955818e-6 exceeds the configured tolerance 1.0e-10 at t = 1885.0 s. The tags no longer account for the field they partition; see output/a2_none_dt2p5/output_0000/water_tag_closure.csv.
└ @ ClimaAtmos ~/git/ClimaAtmosResiDyn.jl/src/parameterized_tendencies/tagged_tracers/tagged_tracers.jl:590
┌ Warning: water tag closure residual 1.6943572833367311e-6 exceeds the configured tolerance 1.0e-10 at t = 1887.5 s. The tags no longer account for the field they partition; see output/a2_none_dt2p5/output_0000/water_tag_closure.csv.
└ @ ClimaAtmos ~/git/ClimaAtmosResiDyn.jl/src/parameterized_tendencies/tagged_tracers/tagged_tracers.jl:590
┌ Warning: water tag closure residual 1.6943213170984305e-6 exceeds the configured tolerance 1.0e-10 at t = 1890.0 s. The tags no longer account for the field they partition; see output/a2_none_dt2p5/output_0000/water_tag_closure.csv.
└ @ ClimaAtmos ~/git/ClimaAtmosResiDyn.jl/src/parameterized_tendencies/tagged_tracers/tagged_tracers.jl:590
┌ Warning: water tag closure residual 1.6942853587362667e-6 exceeds the configured tolerance 1.0e-10 at t = 1892.5 s. The tags no longer account for the field they partition; see output/a2_none_dt2p5/output_0000/water_tag_closure.csv.
└ @ ClimaAtmos ~/git/ClimaAtmosResiDyn.jl/src/parameterized_tendencies/tagged_tracers/tagged_tracers.jl:590
┌ Warning: water tag closure residual 1.6942494095228616e-6 exceeds the configured tolerance 1.0e-10 at t = 1895.0 s. The tags no longer account for the field they partition; see output/a2_none_dt2p5/output_0000/water_tag_closure.csv.
└ @ ClimaAtmos ~/git/ClimaAtmosResiDyn.jl/src/parameterized_tendencies/tagged_tracers/tagged_tracers.jl:590
┌ Warning: water tag closure residual 1.6942134723708592e-6 exceeds the configured tolerance 1.0e-10 at t = 1897.5 s. The tags no longer account for the field they partition; see output/a2_none_dt2p5/output_0000/water_tag_closure.csv.
└ @ ClimaAtmos ~/git/ClimaAtmosResiDyn.jl/src/parameterized_tendencies/tagged_tracers/tagged_tracers.jl:590
┌ Warning: water tag closure residual 1.6941775432829335e-6 exceeds the configured tolerance 1.0e-10 at t = 1900.0 s. The tags no longer account for the field they partition; see output/a2_none_dt2p5/output_0000/water_tag_closure.csv.
└ @ ClimaAtmos ~/git/ClimaAtmosResiDyn.jl/src/parameterized_tendencies/tagged_tracers/tagged_tracers.jl:590
┌ Warning: water tag closure residual 1.6941416213998621e-6 exceeds the configured tolerance 1.0e-10 at t = 1902.5 s. The tags no longer account for the field they partition; see output/a2_none_dt2p5/output_0000/water_tag_closure.csv.
└ @ ClimaAtmos ~/git/ClimaAtmosResiDyn.jl/src/parameterized_tendencies/tagged_tracers/tagged_tracers.jl:590
┌ Warning: water tag closure residual 1.6941057079633812e-6 exceeds the configured tolerance 1.0e-10 at t = 1905.0 s. The tags no longer account for the field they partition; see output/a2_none_dt2p5/output_0000/water_tag_closure.csv.
└ @ ClimaAtmos ~/git/ClimaAtmosResiDyn.jl/src/parameterized_tendencies/tagged_tracers/tagged_tracers.jl:590
┌ Warning: water tag closure residual 1.6940698021212004e-6 exceeds the configured tolerance 1.0e-10 at t = 1907.5 s. The tags no longer account for the field they partition; see output/a2_none_dt2p5/output_0000/water_tag_closure.csv.
└ @ ClimaAtmos ~/git/ClimaAtmosResiDyn.jl/src/parameterized_tendencies/tagged_tracers/tagged_tracers.jl:590
┌ Warning: water tag closure residual 1.694033904209579e-6 exceeds the configured tolerance 1.0e-10 at t = 1910.0 s. The tags no longer account for the field they partition; see output/a2_none_dt2p5/output_0000/water_tag_closure.csv.
└ @ ClimaAtmos ~/git/ClimaAtmosResiDyn.jl/src/parameterized_tendencies/tagged_tracers/tagged_tracers.jl:590
┌ Warning: water tag closure residual 1.6939980140685413e-6 exceeds the configured tolerance 1.0e-10 at t = 1912.5 s. The tags no longer account for the field they partition; see output/a2_none_dt2p5/output_0000/water_tag_closure.csv.
└ @ ClimaAtmos ~/git/ClimaAtmosResiDyn.jl/src/parameterized_tendencies/tagged_tracers/tagged_tracers.jl:590
┌ Warning: water tag closure residual 1.6939621316265483e-6 exceeds the configured tolerance 1.0e-10 at t = 1915.0 s. The tags no longer account for the field they partition; see output/a2_none_dt2p5/output_0000/water_tag_closure.csv.
└ @ ClimaAtmos ~/git/ClimaAtmosResiDyn.jl/src/parameterized_tendencies/tagged_tracers/tagged_tracers.jl:590
┌ Warning: water tag closure residual 1.6939262571307436e-6 exceeds the configured tolerance 1.0e-10 at t = 1917.5 s. The tags no longer account for the field they partition; see output/a2_none_dt2p5/output_0000/water_tag_closure.csv.
└ @ ClimaAtmos ~/git/ClimaAtmosResiDyn.jl/src/parameterized_tendencies/tagged_tracers/tagged_tracers.jl:590
┌ Warning: water tag closure residual 1.6938903902971329e-6 exceeds the configured tolerance 1.0e-10 at t = 1920.0 s. The tags no longer account for the field they partition; see output/a2_none_dt2p5/output_0000/water_tag_closure.csv.
└ @ ClimaAtmos ~/git/ClimaAtmosResiDyn.jl/src/parameterized_tendencies/tagged_tracers/tagged_tracers.jl:590
┌ Warning: water tag closure residual 1.693854531143256e-6 exceeds the configured tolerance 1.0e-10 at t = 1922.5 s. The tags no longer account for the field they partition; see output/a2_none_dt2p5/output_0000/water_tag_closure.csv.
└ @ ClimaAtmos ~/git/ClimaAtmosResiDyn.jl/src/parameterized_tendencies/tagged_tracers/tagged_tracers.jl:590
┌ Warning: water tag closure residual 1.6938186798645423e-6 exceeds the configured tolerance 1.0e-10 at t = 1925.0 s. The tags no longer account for the field they partition; see output/a2_none_dt2p5/output_0000/water_tag_closure.csv.
└ @ ClimaAtmos ~/git/ClimaAtmosResiDyn.jl/src/parameterized_tendencies/tagged_tracers/tagged_tracers.jl:590
┌ Warning: water tag closure residual 1.6937828363308263e-6 exceeds the configured tolerance 1.0e-10 at t = 1927.5 s. The tags no longer account for the field they partition; see output/a2_none_dt2p5/output_0000/water_tag_closure.csv.
└ @ ClimaAtmos ~/git/ClimaAtmosResiDyn.jl/src/parameterized_tendencies/tagged_tracers/tagged_tracers.jl:590
┌ Warning: water tag closure residual 1.6937470005329368e-6 exceeds the configured tolerance 1.0e-10 at t = 1930.0 s. The tags no longer account for the field they partition; see output/a2_none_dt2p5/output_0000/water_tag_closure.csv.
└ @ ClimaAtmos ~/git/ClimaAtmosResiDyn.jl/src/parameterized_tendencies/tagged_tracers/tagged_tracers.jl:590
┌ Warning: water tag closure residual 1.693711173215851e-6 exceeds the configured tolerance 1.0e-10 at t = 1932.5 s. The tags no longer account for the field they partition; see output/a2_none_dt2p5/output_0000/water_tag_closure.csv.
└ @ ClimaAtmos ~/git/ClimaAtmosResiDyn.jl/src/parameterized_tendencies/tagged_tracers/tagged_tracers.jl:590
┌ Warning: water tag closure residual 1.6936753552344516e-6 exceeds the configured tolerance 1.0e-10 at t = 1935.0 s. The tags no longer account for the field they partition; see output/a2_none_dt2p5/output_0000/water_tag_closure.csv.
└ @ ClimaAtmos ~/git/ClimaAtmosResiDyn.jl/src/parameterized_tendencies/tagged_tracers/tagged_tracers.jl:590
┌ Warning: water tag closure residual 1.6936395467939092e-6 exceeds the configured tolerance 1.0e-10 at t = 1937.5 s. The tags no longer account for the field they partition; see output/a2_none_dt2p5/output_0000/water_tag_closure.csv.
└ @ ClimaAtmos ~/git/ClimaAtmosResiDyn.jl/src/parameterized_tendencies/tagged_tracers/tagged_tracers.jl:590
┌ Warning: water tag closure residual 1.6936037477741455e-6 exceeds the configured tolerance 1.0e-10 at t = 1940.0 s. The tags no longer account for the field they partition; see output/a2_none_dt2p5/output_0000/water_tag_closure.csv.
└ @ ClimaAtmos ~/git/ClimaAtmosResiDyn.jl/src/parameterized_tendencies/tagged_tracers/tagged_tracers.jl:590
┌ Warning: water tag closure residual 1.6935679581044938e-6 exceeds the configured tolerance 1.0e-10 at t = 1942.5 s. The tags no longer account for the field they partition; see output/a2_none_dt2p5/output_0000/water_tag_closure.csv.
└ @ ClimaAtmos ~/git/ClimaAtmosResiDyn.jl/src/parameterized_tendencies/tagged_tracers/tagged_tracers.jl:590
┌ Warning: water tag closure residual 1.693532177770415e-6 exceeds the configured tolerance 1.0e-10 at t = 1945.0 s. The tags no longer account for the field they partition; see output/a2_none_dt2p5/output_0000/water_tag_closure.csv.
└ @ ClimaAtmos ~/git/ClimaAtmosResiDyn.jl/src/parameterized_tendencies/tagged_tracers/tagged_tracers.jl:590
┌ Warning: water tag closure residual 1.6934964068782947e-6 exceeds the configured tolerance 1.0e-10 at t = 1947.5 s. The tags no longer account for the field they partition; see output/a2_none_dt2p5/output_0000/water_tag_closure.csv.
└ @ ClimaAtmos ~/git/ClimaAtmosResiDyn.jl/src/parameterized_tendencies/tagged_tracers/tagged_tracers.jl:590
┌ Warning: water tag closure residual 1.6934606452484445e-6 exceeds the configured tolerance 1.0e-10 at t = 1950.0 s. The tags no longer account for the field they partition; see output/a2_none_dt2p5/output_0000/water_tag_closure.csv.
└ @ ClimaAtmos ~/git/ClimaAtmosResiDyn.jl/src/parameterized_tendencies/tagged_tracers/tagged_tracers.jl:590
┌ Warning: water tag closure residual 1.693424893044361e-6 exceeds the configured tolerance 1.0e-10 at t = 1952.5 s. The tags no longer account for the field they partition; see output/a2_none_dt2p5/output_0000/water_tag_closure.csv.
└ @ ClimaAtmos ~/git/ClimaAtmosResiDyn.jl/src/parameterized_tendencies/tagged_tracers/tagged_tracers.jl:590
┌ Warning: water tag closure residual 1.6933891501802323e-6 exceeds the configured tolerance 1.0e-10 at t = 1955.0 s. The tags no longer account for the field they partition; see output/a2_none_dt2p5/output_0000/water_tag_closure.csv.
└ @ ClimaAtmos ~/git/ClimaAtmosResiDyn.jl/src/parameterized_tendencies/tagged_tracers/tagged_tracers.jl:590
┌ Warning: water tag closure residual 1.6933534166180253e-6 exceeds the configured tolerance 1.0e-10 at t = 1957.5 s. The tags no longer account for the field they partition; see output/a2_none_dt2p5/output_0000/water_tag_closure.csv.
└ @ ClimaAtmos ~/git/ClimaAtmosResiDyn.jl/src/parameterized_tendencies/tagged_tracers/tagged_tracers.jl:590
┌ Warning: water tag closure residual 1.693317692257548e-6 exceeds the configured tolerance 1.0e-10 at t = 1960.0 s. The tags no longer account for the field they partition; see output/a2_none_dt2p5/output_0000/water_tag_closure.csv.
└ @ ClimaAtmos ~/git/ClimaAtmosResiDyn.jl/src/parameterized_tendencies/tagged_tracers/tagged_tracers.jl:590
┌ Warning: water tag closure residual 1.6932819772400852e-6 exceeds the configured tolerance 1.0e-10 at t = 1962.5 s. The tags no longer account for the field they partition; see output/a2_none_dt2p5/output_0000/water_tag_closure.csv.
└ @ ClimaAtmos ~/git/ClimaAtmosResiDyn.jl/src/parameterized_tendencies/tagged_tracers/tagged_tracers.jl:590
┌ Warning: water tag closure residual 1.6932462715491522e-6 exceeds the configured tolerance 1.0e-10 at t = 1965.0 s. The tags no longer account for the field they partition; see output/a2_none_dt2p5/output_0000/water_tag_closure.csv.
└ @ ClimaAtmos ~/git/ClimaAtmosResiDyn.jl/src/parameterized_tendencies/tagged_tracers/tagged_tracers.jl:590
┌ Warning: water tag closure residual 1.693210575132279e-6 exceeds the configured tolerance 1.0e-10 at t = 1967.5 s. The tags no longer account for the field they partition; see output/a2_none_dt2p5/output_0000/water_tag_closure.csv.
└ @ ClimaAtmos ~/git/ClimaAtmosResiDyn.jl/src/parameterized_tendencies/tagged_tracers/tagged_tracers.jl:590
┌ Warning: water tag closure residual 1.6931748879415678e-6 exceeds the configured tolerance 1.0e-10 at t = 1970.0 s. The tags no longer account for the field they partition; see output/a2_none_dt2p5/output_0000/water_tag_closure.csv.
└ @ ClimaAtmos ~/git/ClimaAtmosResiDyn.jl/src/parameterized_tendencies/tagged_tracers/tagged_tracers.jl:590
┌ Warning: water tag closure residual 1.6931392101311165e-6 exceeds the configured tolerance 1.0e-10 at t = 1972.5 s. The tags no longer account for the field they partition; see output/a2_none_dt2p5/output_0000/water_tag_closure.csv.
└ @ ClimaAtmos ~/git/ClimaAtmosResiDyn.jl/src/parameterized_tendencies/tagged_tracers/tagged_tracers.jl:590
┌ Warning: water tag closure residual 1.6931035414502486e-6 exceeds the configured tolerance 1.0e-10 at t = 1975.0 s. The tags no longer account for the field they partition; see output/a2_none_dt2p5/output_0000/water_tag_closure.csv.
└ @ ClimaAtmos ~/git/ClimaAtmosResiDyn.jl/src/parameterized_tendencies/tagged_tracers/tagged_tracers.jl:590
┌ Warning: water tag closure residual 1.6930678819903708e-6 exceeds the configured tolerance 1.0e-10 at t = 1977.5 s. The tags no longer account for the field they partition; see output/a2_none_dt2p5/output_0000/water_tag_closure.csv.
└ @ ClimaAtmos ~/git/ClimaAtmosResiDyn.jl/src/parameterized_tendencies/tagged_tracers/tagged_tracers.jl:590
┌ Warning: water tag closure residual 1.6930322318336493e-6 exceeds the configured tolerance 1.0e-10 at t = 1980.0 s. The tags no longer account for the field they partition; see output/a2_none_dt2p5/output_0000/water_tag_closure.csv.
└ @ ClimaAtmos ~/git/ClimaAtmosResiDyn.jl/src/parameterized_tendencies/tagged_tracers/tagged_tracers.jl:590
┌ Warning: water tag closure residual 1.6929965908747943e-6 exceeds the configured tolerance 1.0e-10 at t = 1982.5 s. The tags no longer account for the field they partition; see output/a2_none_dt2p5/output_0000/water_tag_closure.csv.
└ @ ClimaAtmos ~/git/ClimaAtmosResiDyn.jl/src/parameterized_tendencies/tagged_tracers/tagged_tracers.jl:590
┌ Warning: water tag closure residual 1.692960959322988e-6 exceeds the configured tolerance 1.0e-10 at t = 1985.0 s. The tags no longer account for the field they partition; see output/a2_none_dt2p5/output_0000/water_tag_closure.csv.
└ @ ClimaAtmos ~/git/ClimaAtmosResiDyn.jl/src/parameterized_tendencies/tagged_tracers/tagged_tracers.jl:590
┌ Warning: water tag closure residual 1.6929253371426832e-6 exceeds the configured tolerance 1.0e-10 at t = 1987.5 s. The tags no longer account for the field they partition; see output/a2_none_dt2p5/output_0000/water_tag_closure.csv.
└ @ ClimaAtmos ~/git/ClimaAtmosResiDyn.jl/src/parameterized_tendencies/tagged_tracers/tagged_tracers.jl:590
┌ Warning: water tag closure residual 1.6928897242022394e-6 exceeds the configured tolerance 1.0e-10 at t = 1990.0 s. The tags no longer account for the field they partition; see output/a2_none_dt2p5/output_0000/water_tag_closure.csv.
└ @ ClimaAtmos ~/git/ClimaAtmosResiDyn.jl/src/parameterized_tendencies/tagged_tracers/tagged_tracers.jl:590
┌ Warning: water tag closure residual 1.6928541206267833e-6 exceeds the configured tolerance 1.0e-10 at t = 1992.5 s. The tags no longer account for the field they partition; see output/a2_none_dt2p5/output_0000/water_tag_closure.csv.
└ @ ClimaAtmos ~/git/ClimaAtmosResiDyn.jl/src/parameterized_tendencies/tagged_tracers/tagged_tracers.jl:590
┌ Warning: water tag closure residual 1.6928185264722177e-6 exceeds the configured tolerance 1.0e-10 at t = 1995.0 s. The tags no longer account for the field they partition; see output/a2_none_dt2p5/output_0000/water_tag_closure.csv.
└ @ ClimaAtmos ~/git/ClimaAtmosResiDyn.jl/src/parameterized_tendencies/tagged_tracers/tagged_tracers.jl:590
┌ Warning: water tag closure residual 1.692782941558126e-6 exceeds the configured tolerance 1.0e-10 at t = 1997.5 s. The tags no longer account for the field they partition; see output/a2_none_dt2p5/output_0000/water_tag_closure.csv.
└ @ ClimaAtmos ~/git/ClimaAtmosResiDyn.jl/src/parameterized_tendencies/tagged_tracers/tagged_tracers.jl:590
┌ Warning: water tag closure residual 1.692747365889001e-6 exceeds the configured tolerance 1.0e-10 at t = 2000.0 s. The tags no longer account for the field they partition; see output/a2_none_dt2p5/output_0000/water_tag_closure.csv.
└ @ ClimaAtmos ~/git/ClimaAtmosResiDyn.jl/src/parameterized_tendencies/tagged_tracers/tagged_tracers.jl:590
┌ Warning: water tag closure residual 1.6927117996405829e-6 exceeds the configured tolerance 1.0e-10 at t = 2002.5 s. The tags no longer account for the field they partition; see output/a2_none_dt2p5/output_0000/water_tag_closure.csv.
└ @ ClimaAtmos ~/git/ClimaAtmosResiDyn.jl/src/parameterized_tendencies/tagged_tracers/tagged_tracers.jl:590
┌ Warning: water tag closure residual 1.6926762426201358e-6 exceeds the configured tolerance 1.0e-10 at t = 2005.0 s. The tags no longer account for the field they partition; see output/a2_none_dt2p5/output_0000/water_tag_closure.csv.
└ @ ClimaAtmos ~/git/ClimaAtmosResiDyn.jl/src/parameterized_tendencies/tagged_tracers/tagged_tracers.jl:590
┌ Warning: water tag closure residual 1.6926406948275462e-6 exceeds the configured tolerance 1.0e-10 at t = 2007.5 s. The tags no longer account for the field they partition; see output/a2_none_dt2p5/output_0000/water_tag_closure.csv.
└ @ ClimaAtmos ~/git/ClimaAtmosResiDyn.jl/src/parameterized_tendencies/tagged_tracers/tagged_tracers.jl:590
┌ Warning: water tag closure residual 1.692605156430092e-6 exceeds the configured tolerance 1.0e-10 at t = 2010.0 s. The tags no longer account for the field they partition; see output/a2_none_dt2p5/output_0000/water_tag_closure.csv.
└ @ ClimaAtmos ~/git/ClimaAtmosResiDyn.jl/src/parameterized_tendencies/tagged_tracers/tagged_tracers.jl:590
┌ Info: Progress
│   simulation_time = "33 minutes, 30 seconds"
│   n_steps_completed = 804
│   wall_time_per_step = "4 milliseconds, 174 microseconds"
│   wall_time_total = "6 seconds, 11 milliseconds"
│   wall_time_remaining = "2 seconds, 655 milliseconds"
│   wall_time_spent = "3 seconds, 356 milliseconds"
│   percent_complete = "55.8%"
│   estimated_sypd = "1.64"
│   instantaneous_sypd = "2.423"
│   date_now = 2026-09-10T00:49:25.927
└   estimated_finish_date = 2026-09-10T00:49:28.927
┌ Warning: water tag closure residual 1.6925696271343648e-6 exceeds the configured tolerance 1.0e-10 at t = 2012.5 s. The tags no longer account for the field they partition; see output/a2_none_dt2p5/output_0000/water_tag_closure.csv.
└ @ ClimaAtmos ~/git/ClimaAtmosResiDyn.jl/src/parameterized_tendencies/tagged_tracers/tagged_tracers.jl:590
┌ Warning: water tag closure residual 1.6925341071541012e-6 exceeds the configured tolerance 1.0e-10 at t = 2015.0 s. The tags no longer account for the field they partition; see output/a2_none_dt2p5/output_0000/water_tag_closure.csv.
└ @ ClimaAtmos ~/git/ClimaAtmosResiDyn.jl/src/parameterized_tendencies/tagged_tracers/tagged_tracers.jl:590
┌ Warning: water tag closure residual 1.6924985963234722e-6 exceeds the configured tolerance 1.0e-10 at t = 2017.5 s. The tags no longer account for the field they partition; see output/a2_none_dt2p5/output_0000/water_tag_closure.csv.
└ @ ClimaAtmos ~/git/ClimaAtmosResiDyn.jl/src/parameterized_tendencies/tagged_tracers/tagged_tracers.jl:590
┌ Warning: water tag closure residual 1.692463094678941e-6 exceeds the configured tolerance 1.0e-10 at t = 2020.0 s. The tags no longer account for the field they partition; see output/a2_none_dt2p5/output_0000/water_tag_closure.csv.
└ @ ClimaAtmos ~/git/ClimaAtmosResiDyn.jl/src/parameterized_tendencies/tagged_tracers/tagged_tracers.jl:590
┌ Warning: water tag closure residual 1.6924276022687467e-6 exceeds the configured tolerance 1.0e-10 at t = 2022.5 s. The tags no longer account for the field they partition; see output/a2_none_dt2p5/output_0000/water_tag_closure.csv.
└ @ ClimaAtmos ~/git/ClimaAtmosResiDyn.jl/src/parameterized_tendencies/tagged_tracers/tagged_tracers.jl:590
┌ Warning: water tag closure residual 1.6923921190375883e-6 exceeds the configured tolerance 1.0e-10 at t = 2025.0 s. The tags no longer account for the field they partition; see output/a2_none_dt2p5/output_0000/water_tag_closure.csv.
└ @ ClimaAtmos ~/git/ClimaAtmosResiDyn.jl/src/parameterized_tendencies/tagged_tracers/tagged_tracers.jl:590
┌ Warning: water tag closure residual 1.6923566450457561e-6 exceeds the configured tolerance 1.0e-10 at t = 2027.5 s. The tags no longer account for the field they partition; see output/a2_none_dt2p5/output_0000/water_tag_closure.csv.
└ @ ClimaAtmos ~/git/ClimaAtmosResiDyn.jl/src/parameterized_tendencies/tagged_tracers/tagged_tracers.jl:590
┌ Warning: water tag closure residual 1.6923211801383434e-6 exceeds the configured tolerance 1.0e-10 at t = 2030.0 s. The tags no longer account for the field they partition; see output/a2_none_dt2p5/output_0000/water_tag_closure.csv.
└ @ ClimaAtmos ~/git/ClimaAtmosResiDyn.jl/src/parameterized_tendencies/tagged_tracers/tagged_tracers.jl:590
┌ Warning: water tag closure residual 1.692285724518102e-6 exceeds the configured tolerance 1.0e-10 at t = 2032.5 s. The tags no longer account for the field they partition; see output/a2_none_dt2p5/output_0000/water_tag_closure.csv.
└ @ ClimaAtmos ~/git/ClimaAtmosResiDyn.jl/src/parameterized_tendencies/tagged_tracers/tagged_tracers.jl:590
┌ Warning: water tag closure residual 1.6922502779637581e-6 exceeds the configured tolerance 1.0e-10 at t = 2035.0 s. The tags no longer account for the field they partition; see output/a2_none_dt2p5/output_0000/water_tag_closure.csv.
└ @ ClimaAtmos ~/git/ClimaAtmosResiDyn.jl/src/parameterized_tendencies/tagged_tracers/tagged_tracers.jl:590
┌ Warning: water tag closure residual 1.6922148404661812e-6 exceeds the configured tolerance 1.0e-10 at t = 2037.5 s. The tags no longer account for the field they partition; see output/a2_none_dt2p5/output_0000/water_tag_closure.csv.
└ @ ClimaAtmos ~/git/ClimaAtmosResiDyn.jl/src/parameterized_tendencies/tagged_tracers/tagged_tracers.jl:590
┌ Warning: water tag closure residual 1.6921794122224837e-6 exceeds the configured tolerance 1.0e-10 at t = 2040.0 s. The tags no longer account for the field they partition; see output/a2_none_dt2p5/output_0000/water_tag_closure.csv.
└ @ ClimaAtmos ~/git/ClimaAtmosResiDyn.jl/src/parameterized_tendencies/tagged_tracers/tagged_tracers.jl:590
┌ Warning: water tag closure residual 1.6921439931341229e-6 exceeds the configured tolerance 1.0e-10 at t = 2042.5 s. The tags no longer account for the field they partition; see output/a2_none_dt2p5/output_0000/water_tag_closure.csv.
└ @ ClimaAtmos ~/git/ClimaAtmosResiDyn.jl/src/parameterized_tendencies/tagged_tracers/tagged_tracers.jl:590
┌ Warning: water tag closure residual 1.6921085831383454e-6 exceeds the configured tolerance 1.0e-10 at t = 2045.0 s. The tags no longer account for the field they partition; see output/a2_none_dt2p5/output_0000/water_tag_closure.csv.
└ @ ClimaAtmos ~/git/ClimaAtmosResiDyn.jl/src/parameterized_tendencies/tagged_tracers/tagged_tracers.jl:590
┌ Warning: water tag closure residual 1.6920731820762916e-6 exceeds the configured tolerance 1.0e-10 at t = 2047.5 s. The tags no longer account for the field they partition; see output/a2_none_dt2p5/output_0000/water_tag_closure.csv.
└ @ ClimaAtmos ~/git/ClimaAtmosResiDyn.jl/src/parameterized_tendencies/tagged_tracers/tagged_tracers.jl:590
┌ Warning: water tag closure residual 1.6920377901778434e-6 exceeds the configured tolerance 1.0e-10 at t = 2050.0 s. The tags no longer account for the field they partition; see output/a2_none_dt2p5/output_0000/water_tag_closure.csv.
└ @ ClimaAtmos ~/git/ClimaAtmosResiDyn.jl/src/parameterized_tendencies/tagged_tracers/tagged_tracers.jl:590
┌ Warning: water tag closure residual 1.6920024073454844e-6 exceeds the configured tolerance 1.0e-10 at t = 2052.5 s. The tags no longer account for the field they partition; see output/a2_none_dt2p5/output_0000/water_tag_closure.csv.
└ @ ClimaAtmos ~/git/ClimaAtmosResiDyn.jl/src/parameterized_tendencies/tagged_tracers/tagged_tracers.jl:590
┌ Warning: water tag closure residual 1.691967033596211e-6 exceeds the configured tolerance 1.0e-10 at t = 2055.0 s. The tags no longer account for the field they partition; see output/a2_none_dt2p5/output_0000/water_tag_closure.csv.
└ @ ClimaAtmos ~/git/ClimaAtmosResiDyn.jl/src/parameterized_tendencies/tagged_tracers/tagged_tracers.jl:590
┌ Warning: water tag closure residual 1.6919316688961525e-6 exceeds the configured tolerance 1.0e-10 at t = 2057.5 s. The tags no longer account for the field they partition; see output/a2_none_dt2p5/output_0000/water_tag_closure.csv.
└ @ ClimaAtmos ~/git/ClimaAtmosResiDyn.jl/src/parameterized_tendencies/tagged_tracers/tagged_tracers.jl:590
┌ Warning: water tag closure residual 1.691896313161964e-6 exceeds the configured tolerance 1.0e-10 at t = 2060.0 s. The tags no longer account for the field they partition; see output/a2_none_dt2p5/output_0000/water_tag_closure.csv.
└ @ ClimaAtmos ~/git/ClimaAtmosResiDyn.jl/src/parameterized_tendencies/tagged_tracers/tagged_tracers.jl:590
┌ Warning: water tag closure residual 1.6918609664385559e-6 exceeds the configured tolerance 1.0e-10 at t = 2062.5 s. The tags no longer account for the field they partition; see output/a2_none_dt2p5/output_0000/water_tag_closure.csv.
└ @ ClimaAtmos ~/git/ClimaAtmosResiDyn.jl/src/parameterized_tendencies/tagged_tracers/tagged_tracers.jl:590
┌ Warning: water tag closure residual 1.6918256286525208e-6 exceeds the configured tolerance 1.0e-10 at t = 2065.0 s. The tags no longer account for the field they partition; see output/a2_none_dt2p5/output_0000/water_tag_closure.csv.
└ @ ClimaAtmos ~/git/ClimaAtmosResiDyn.jl/src/parameterized_tendencies/tagged_tracers/tagged_tracers.jl:590
┌ Warning: water tag closure residual 1.691790301031953e-6 exceeds the configured tolerance 1.0e-10 at t = 2067.5 s. The tags no longer account for the field they partition; see output/a2_none_dt2p5/output_0000/water_tag_closure.csv.
└ @ ClimaAtmos ~/git/ClimaAtmosResiDyn.jl/src/parameterized_tendencies/tagged_tracers/tagged_tracers.jl:590
┌ Warning: water tag closure residual 1.6917549818556815e-6 exceeds the configured tolerance 1.0e-10 at t = 2070.0 s. The tags no longer account for the field they partition; see output/a2_none_dt2p5/output_0000/water_tag_closure.csv.
└ @ ClimaAtmos ~/git/ClimaAtmosResiDyn.jl/src/parameterized_tendencies/tagged_tracers/tagged_tracers.jl:590
┌ Warning: water tag closure residual 1.6917196711421846e-6 exceeds the configured tolerance 1.0e-10 at t = 2072.5 s. The tags no longer account for the field they partition; see output/a2_none_dt2p5/output_0000/water_tag_closure.csv.
└ @ ClimaAtmos ~/git/ClimaAtmosResiDyn.jl/src/parameterized_tendencies/tagged_tracers/tagged_tracers.jl:590
┌ Warning: water tag closure residual 1.6916843694793666e-6 exceeds the configured tolerance 1.0e-10 at t = 2075.0 s. The tags no longer account for the field they partition; see output/a2_none_dt2p5/output_0000/water_tag_closure.csv.
└ @ ClimaAtmos ~/git/ClimaAtmosResiDyn.jl/src/parameterized_tendencies/tagged_tracers/tagged_tracers.jl:590
┌ Warning: water tag closure residual 1.6916490771096781e-6 exceeds the configured tolerance 1.0e-10 at t = 2077.5 s. The tags no longer account for the field they partition; see output/a2_none_dt2p5/output_0000/water_tag_closure.csv.
└ @ ClimaAtmos ~/git/ClimaAtmosResiDyn.jl/src/parameterized_tendencies/tagged_tracers/tagged_tracers.jl:590
┌ Warning: water tag closure residual 1.6916137936263093e-6 exceeds the configured tolerance 1.0e-10 at t = 2080.0 s. The tags no longer account for the field they partition; see output/a2_none_dt2p5/output_0000/water_tag_closure.csv.
└ @ ClimaAtmos ~/git/ClimaAtmosResiDyn.jl/src/parameterized_tendencies/tagged_tracers/tagged_tracers.jl:590
┌ Warning: water tag closure residual 1.6915785187449105e-6 exceeds the configured tolerance 1.0e-10 at t = 2082.5 s. The tags no longer account for the field they partition; see output/a2_none_dt2p5/output_0000/water_tag_closure.csv.
└ @ ClimaAtmos ~/git/ClimaAtmosResiDyn.jl/src/parameterized_tendencies/tagged_tracers/tagged_tracers.jl:590
┌ Warning: water tag closure residual 1.6915432528077368e-6 exceeds the configured tolerance 1.0e-10 at t = 2085.0 s. The tags no longer account for the field they partition; see output/a2_none_dt2p5/output_0000/water_tag_closure.csv.
└ @ ClimaAtmos ~/git/ClimaAtmosResiDyn.jl/src/parameterized_tendencies/tagged_tracers/tagged_tracers.jl:590
┌ Warning: water tag closure residual 1.6915079960905985e-6 exceeds the configured tolerance 1.0e-10 at t = 2087.5 s. The tags no longer account for the field they partition; see output/a2_none_dt2p5/output_0000/water_tag_closure.csv.
└ @ ClimaAtmos ~/git/ClimaAtmosResiDyn.jl/src/parameterized_tendencies/tagged_tracers/tagged_tracers.jl:590
┌ Warning: water tag closure residual 1.6914727480072792e-6 exceeds the configured tolerance 1.0e-10 at t = 2090.0 s. The tags no longer account for the field they partition; see output/a2_none_dt2p5/output_0000/water_tag_closure.csv.
└ @ ClimaAtmos ~/git/ClimaAtmosResiDyn.jl/src/parameterized_tendencies/tagged_tracers/tagged_tracers.jl:590
┌ Warning: water tag closure residual 1.6914375087270362e-6 exceeds the configured tolerance 1.0e-10 at t = 2092.5 s. The tags no longer account for the field they partition; see output/a2_none_dt2p5/output_0000/water_tag_closure.csv.
└ @ ClimaAtmos ~/git/ClimaAtmosResiDyn.jl/src/parameterized_tendencies/tagged_tracers/tagged_tracers.jl:590
┌ Warning: water tag closure residual 1.6914022783898567e-6 exceeds the configured tolerance 1.0e-10 at t = 2095.0 s. The tags no longer account for the field they partition; see output/a2_none_dt2p5/output_0000/water_tag_closure.csv.
└ @ ClimaAtmos ~/git/ClimaAtmosResiDyn.jl/src/parameterized_tendencies/tagged_tracers/tagged_tracers.jl:590
┌ Warning: water tag closure residual 1.6913670570592051e-6 exceeds the configured tolerance 1.0e-10 at t = 2097.5 s. The tags no longer account for the field they partition; see output/a2_none_dt2p5/output_0000/water_tag_closure.csv.
└ @ ClimaAtmos ~/git/ClimaAtmosResiDyn.jl/src/parameterized_tendencies/tagged_tracers/tagged_tracers.jl:590
┌ Warning: water tag closure residual 1.6913318443537262e-6 exceeds the configured tolerance 1.0e-10 at t = 2100.0 s. The tags no longer account for the field they partition; see output/a2_none_dt2p5/output_0000/water_tag_closure.csv.
└ @ ClimaAtmos ~/git/ClimaAtmosResiDyn.jl/src/parameterized_tendencies/tagged_tracers/tagged_tracers.jl:590
┌ Warning: water tag closure residual 1.6912966404823877e-6 exceeds the configured tolerance 1.0e-10 at t = 2102.5 s. The tags no longer account for the field they partition; see output/a2_none_dt2p5/output_0000/water_tag_closure.csv.
└ @ ClimaAtmos ~/git/ClimaAtmosResiDyn.jl/src/parameterized_tendencies/tagged_tracers/tagged_tracers.jl:590
┌ Warning: water tag closure residual 1.6912614454814817e-6 exceeds the configured tolerance 1.0e-10 at t = 2105.0 s. The tags no longer account for the field they partition; see output/a2_none_dt2p5/output_0000/water_tag_closure.csv.
└ @ ClimaAtmos ~/git/ClimaAtmosResiDyn.jl/src/parameterized_tendencies/tagged_tracers/tagged_tracers.jl:590
┌ Warning: water tag closure residual 1.691226259344857e-6 exceeds the configured tolerance 1.0e-10 at t = 2107.5 s. The tags no longer account for the field they partition; see output/a2_none_dt2p5/output_0000/water_tag_closure.csv.
└ @ ClimaAtmos ~/git/ClimaAtmosResiDyn.jl/src/parameterized_tendencies/tagged_tracers/tagged_tracers.jl:590
┌ Warning: water tag closure residual 1.691191081830146e-6 exceeds the configured tolerance 1.0e-10 at t = 2110.0 s. The tags no longer account for the field they partition; see output/a2_none_dt2p5/output_0000/water_tag_closure.csv.
└ @ ClimaAtmos ~/git/ClimaAtmosResiDyn.jl/src/parameterized_tendencies/tagged_tracers/tagged_tracers.jl:590
┌ Warning: water tag closure residual 1.6911559131619187e-6 exceeds the configured tolerance 1.0e-10 at t = 2112.5 s. The tags no longer account for the field they partition; see output/a2_none_dt2p5/output_0000/water_tag_closure.csv.
└ @ ClimaAtmos ~/git/ClimaAtmosResiDyn.jl/src/parameterized_tendencies/tagged_tracers/tagged_tracers.jl:590
┌ Warning: water tag closure residual 1.6911207532864934e-6 exceeds the configured tolerance 1.0e-10 at t = 2115.0 s. The tags no longer account for the field they partition; see output/a2_none_dt2p5/output_0000/water_tag_closure.csv.
└ @ ClimaAtmos ~/git/ClimaAtmosResiDyn.jl/src/parameterized_tendencies/tagged_tracers/tagged_tracers.jl:590
┌ Warning: water tag closure residual 1.6910856023152496e-6 exceeds the configured tolerance 1.0e-10 at t = 2117.5 s. The tags no longer account for the field they partition; see output/a2_none_dt2p5/output_0000/water_tag_closure.csv.
└ @ ClimaAtmos ~/git/ClimaAtmosResiDyn.jl/src/parameterized_tendencies/tagged_tracers/tagged_tracers.jl:590
┌ Warning: water tag closure residual 1.6910504598379868e-6 exceeds the configured tolerance 1.0e-10 at t = 2120.0 s. The tags no longer account for the field they partition; see output/a2_none_dt2p5/output_0000/water_tag_closure.csv.
└ @ ClimaAtmos ~/git/ClimaAtmosResiDyn.jl/src/parameterized_tendencies/tagged_tracers/tagged_tracers.jl:590
┌ Warning: water tag closure residual 1.6910153262730922e-6 exceeds the configured tolerance 1.0e-10 at t = 2122.5 s. The tags no longer account for the field they partition; see output/a2_none_dt2p5/output_0000/water_tag_closure.csv.
└ @ ClimaAtmos ~/git/ClimaAtmosResiDyn.jl/src/parameterized_tendencies/tagged_tracers/tagged_tracers.jl:590
┌ Warning: water tag closure residual 1.6909802014558283e-6 exceeds the configured tolerance 1.0e-10 at t = 2125.0 s. The tags no longer account for the field they partition; see output/a2_none_dt2p5/output_0000/water_tag_closure.csv.
└ @ ClimaAtmos ~/git/ClimaAtmosResiDyn.jl/src/parameterized_tendencies/tagged_tracers/tagged_tracers.jl:590
┌ Warning: water tag closure residual 1.6909450853408562e-6 exceeds the configured tolerance 1.0e-10 at t = 2127.5 s. The tags no longer account for the field they partition; see output/a2_none_dt2p5/output_0000/water_tag_closure.csv.
└ @ ClimaAtmos ~/git/ClimaAtmosResiDyn.jl/src/parameterized_tendencies/tagged_tracers/tagged_tracers.jl:590
┌ Warning: water tag closure residual 1.6909099780063572e-6 exceeds the configured tolerance 1.0e-10 at t = 2130.0 s. The tags no longer account for the field they partition; see output/a2_none_dt2p5/output_0000/water_tag_closure.csv.
└ @ ClimaAtmos ~/git/ClimaAtmosResiDyn.jl/src/parameterized_tendencies/tagged_tracers/tagged_tracers.jl:590
┌ Warning: water tag closure residual 1.69087487941868e-6 exceeds the configured tolerance 1.0e-10 at t = 2132.5 s. The tags no longer account for the field they partition; see output/a2_none_dt2p5/output_0000/water_tag_closure.csv.
└ @ ClimaAtmos ~/git/ClimaAtmosResiDyn.jl/src/parameterized_tendencies/tagged_tracers/tagged_tracers.jl:590
┌ Warning: water tag closure residual 1.690839789360019e-6 exceeds the configured tolerance 1.0e-10 at t = 2135.0 s. The tags no longer account for the field they partition; see output/a2_none_dt2p5/output_0000/water_tag_closure.csv.
└ @ ClimaAtmos ~/git/ClimaAtmosResiDyn.jl/src/parameterized_tendencies/tagged_tracers/tagged_tracers.jl:590
┌ Warning: water tag closure residual 1.690804708015955e-6 exceeds the configured tolerance 1.0e-10 at t = 2137.5 s. The tags no longer account for the field they partition; see output/a2_none_dt2p5/output_0000/water_tag_closure.csv.
└ @ ClimaAtmos ~/git/ClimaAtmosResiDyn.jl/src/parameterized_tendencies/tagged_tracers/tagged_tracers.jl:590
┌ Warning: water tag closure residual 1.6907696353489418e-6 exceeds the configured tolerance 1.0e-10 at t = 2140.0 s. The tags no longer account for the field they partition; see output/a2_none_dt2p5/output_0000/water_tag_closure.csv.
└ @ ClimaAtmos ~/git/ClimaAtmosResiDyn.jl/src/parameterized_tendencies/tagged_tracers/tagged_tracers.jl:590
┌ Warning: water tag closure residual 1.6907345713046984e-6 exceeds the configured tolerance 1.0e-10 at t = 2142.5 s. The tags no longer account for the field they partition; see output/a2_none_dt2p5/output_0000/water_tag_closure.csv.
└ @ ClimaAtmos ~/git/ClimaAtmosResiDyn.jl/src/parameterized_tendencies/tagged_tracers/tagged_tracers.jl:590
┌ Warning: water tag closure residual 1.6906995159959928e-6 exceeds the configured tolerance 1.0e-10 at t = 2145.0 s. The tags no longer account for the field they partition; see output/a2_none_dt2p5/output_0000/water_tag_closure.csv.
└ @ ClimaAtmos ~/git/ClimaAtmosResiDyn.jl/src/parameterized_tendencies/tagged_tracers/tagged_tracers.jl:590
┌ Warning: water tag closure residual 1.690664469230361e-6 exceeds the configured tolerance 1.0e-10 at t = 2147.5 s. The tags no longer account for the field they partition; see output/a2_none_dt2p5/output_0000/water_tag_closure.csv.
└ @ ClimaAtmos ~/git/ClimaAtmosResiDyn.jl/src/parameterized_tendencies/tagged_tracers/tagged_tracers.jl:590
┌ Warning: water tag closure residual 1.6906294311679424e-6 exceeds the configured tolerance 1.0e-10 at t = 2150.0 s. The tags no longer account for the field they partition; see output/a2_none_dt2p5/output_0000/water_tag_closure.csv.
└ @ ClimaAtmos ~/git/ClimaAtmosResiDyn.jl/src/parameterized_tendencies/tagged_tracers/tagged_tracers.jl:590
┌ Warning: water tag closure residual 1.6905944017998599e-6 exceeds the configured tolerance 1.0e-10 at t = 2152.5 s. The tags no longer account for the field they partition; see output/a2_none_dt2p5/output_0000/water_tag_closure.csv.
└ @ ClimaAtmos ~/git/ClimaAtmosResiDyn.jl/src/parameterized_tendencies/tagged_tracers/tagged_tracers.jl:590
┌ Warning: water tag closure residual 1.6905593809833928e-6 exceeds the configured tolerance 1.0e-10 at t = 2155.0 s. The tags no longer account for the field they partition; see output/a2_none_dt2p5/output_0000/water_tag_closure.csv.
└ @ ClimaAtmos ~/git/ClimaAtmosResiDyn.jl/src/parameterized_tendencies/tagged_tracers/tagged_tracers.jl:590
┌ Warning: water tag closure residual 1.6905243687277693e-6 exceeds the configured tolerance 1.0e-10 at t = 2157.5 s. The tags no longer account for the field they partition; see output/a2_none_dt2p5/output_0000/water_tag_closure.csv.
└ @ ClimaAtmos ~/git/ClimaAtmosResiDyn.jl/src/parameterized_tendencies/tagged_tracers/tagged_tracers.jl:590
┌ Warning: water tag closure residual 1.6904893650757739e-6 exceeds the configured tolerance 1.0e-10 at t = 2160.0 s. The tags no longer account for the field they partition; see output/a2_none_dt2p5/output_0000/water_tag_closure.csv.
└ @ ClimaAtmos ~/git/ClimaAtmosResiDyn.jl/src/parameterized_tendencies/tagged_tracers/tagged_tracers.jl:590
┌ Warning: water tag closure residual 1.6904543701496782e-6 exceeds the configured tolerance 1.0e-10 at t = 2162.5 s. The tags no longer account for the field they partition; see output/a2_none_dt2p5/output_0000/water_tag_closure.csv.
└ @ ClimaAtmos ~/git/ClimaAtmosResiDyn.jl/src/parameterized_tendencies/tagged_tracers/tagged_tracers.jl:590
┌ Warning: water tag closure residual 1.6904193837462638e-6 exceeds the configured tolerance 1.0e-10 at t = 2165.0 s. The tags no longer account for the field they partition; see output/a2_none_dt2p5/output_0000/water_tag_closure.csv.
└ @ ClimaAtmos ~/git/ClimaAtmosResiDyn.jl/src/parameterized_tendencies/tagged_tracers/tagged_tracers.jl:590
┌ Warning: water tag closure residual 1.6903844058915166e-6 exceeds the configured tolerance 1.0e-10 at t = 2167.5 s. The tags no longer account for the field they partition; see output/a2_none_dt2p5/output_0000/water_tag_closure.csv.
└ @ ClimaAtmos ~/git/ClimaAtmosResiDyn.jl/src/parameterized_tendencies/tagged_tracers/tagged_tracers.jl:590
┌ Warning: water tag closure residual 1.6903494365623648e-6 exceeds the configured tolerance 1.0e-10 at t = 2170.0 s. The tags no longer account for the field they partition; see output/a2_none_dt2p5/output_0000/water_tag_closure.csv.
└ @ ClimaAtmos ~/git/ClimaAtmosResiDyn.jl/src/parameterized_tendencies/tagged_tracers/tagged_tracers.jl:590
┌ Warning: water tag closure residual 1.6903144757482967e-6 exceeds the configured tolerance 1.0e-10 at t = 2172.5 s. The tags no longer account for the field they partition; see output/a2_none_dt2p5/output_0000/water_tag_closure.csv.
└ @ ClimaAtmos ~/git/ClimaAtmosResiDyn.jl/src/parameterized_tendencies/tagged_tracers/tagged_tracers.jl:590
┌ Warning: water tag closure residual 1.6902795234894462e-6 exceeds the configured tolerance 1.0e-10 at t = 2175.0 s. The tags no longer account for the field they partition; see output/a2_none_dt2p5/output_0000/water_tag_closure.csv.
└ @ ClimaAtmos ~/git/ClimaAtmosResiDyn.jl/src/parameterized_tendencies/tagged_tracers/tagged_tracers.jl:590
┌ Warning: water tag closure residual 1.6902445797943292e-6 exceeds the configured tolerance 1.0e-10 at t = 2177.5 s. The tags no longer account for the field they partition; see output/a2_none_dt2p5/output_0000/water_tag_closure.csv.
└ @ ClimaAtmos ~/git/ClimaAtmosResiDyn.jl/src/parameterized_tendencies/tagged_tracers/tagged_tracers.jl:590
┌ Warning: water tag closure residual 1.6902096446404892e-6 exceeds the configured tolerance 1.0e-10 at t = 2180.0 s. The tags no longer account for the field they partition; see output/a2_none_dt2p5/output_0000/water_tag_closure.csv.
└ @ ClimaAtmos ~/git/ClimaAtmosResiDyn.jl/src/parameterized_tendencies/tagged_tracers/tagged_tracers.jl:590
┌ Warning: water tag closure residual 1.690174717969805e-6 exceeds the configured tolerance 1.0e-10 at t = 2182.5 s. The tags no longer account for the field they partition; see output/a2_none_dt2p5/output_0000/water_tag_closure.csv.
└ @ ClimaAtmos ~/git/ClimaAtmosResiDyn.jl/src/parameterized_tendencies/tagged_tracers/tagged_tracers.jl:590
┌ Warning: water tag closure residual 1.6901397998949807e-6 exceeds the configured tolerance 1.0e-10 at t = 2185.0 s. The tags no longer account for the field they partition; see output/a2_none_dt2p5/output_0000/water_tag_closure.csv.
└ @ ClimaAtmos ~/git/ClimaAtmosResiDyn.jl/src/parameterized_tendencies/tagged_tracers/tagged_tracers.jl:590
┌ Warning: water tag closure residual 1.6901048902653442e-6 exceeds the configured tolerance 1.0e-10 at t = 2187.5 s. The tags no longer account for the field they partition; see output/a2_none_dt2p5/output_0000/water_tag_closure.csv.
└ @ ClimaAtmos ~/git/ClimaAtmosResiDyn.jl/src/parameterized_tendencies/tagged_tracers/tagged_tracers.jl:590
┌ Warning: water tag closure residual 1.690069989082831e-6 exceeds the configured tolerance 1.0e-10 at t = 2190.0 s. The tags no longer account for the field they partition; see output/a2_none_dt2p5/output_0000/water_tag_closure.csv.
└ @ ClimaAtmos ~/git/ClimaAtmosResiDyn.jl/src/parameterized_tendencies/tagged_tracers/tagged_tracers.jl:590
┌ Warning: water tag closure residual 1.6900350963361238e-6 exceeds the configured tolerance 1.0e-10 at t = 2192.5 s. The tags no longer account for the field they partition; see output/a2_none_dt2p5/output_0000/water_tag_closure.csv.
└ @ ClimaAtmos ~/git/ClimaAtmosResiDyn.jl/src/parameterized_tendencies/tagged_tracers/tagged_tracers.jl:590
┌ Info: Progress
│   simulation_time = "36 minutes, 32 seconds"
│   n_steps_completed = 877
│   wall_time_per_step = "4 milliseconds, 62 microseconds"
│   wall_time_total = "5 seconds, 850 milliseconds"
│   wall_time_remaining = "2 seconds, 287 milliseconds"
│   wall_time_spent = "3 seconds, 563 milliseconds"
│   percent_complete = "60.9%"
│   estimated_sypd = "1.685"
│   instantaneous_sypd = "2.417"
│   date_now = 2026-09-10T00:49:26.134
└   estimated_finish_date = 2026-09-10T00:49:29.134
┌ Warning: water tag closure residual 1.6900002120421903e-6 exceeds the configured tolerance 1.0e-10 at t = 2195.0 s. The tags no longer account for the field they partition; see output/a2_none_dt2p5/output_0000/water_tag_closure.csv.
└ @ ClimaAtmos ~/git/ClimaAtmosResiDyn.jl/src/parameterized_tendencies/tagged_tracers/tagged_tracers.jl:590
┌ Warning: water tag closure residual 1.6899653363174209e-6 exceeds the configured tolerance 1.0e-10 at t = 2197.5 s. The tags no longer account for the field they partition; see output/a2_none_dt2p5/output_0000/water_tag_closure.csv.
└ @ ClimaAtmos ~/git/ClimaAtmosResiDyn.jl/src/parameterized_tendencies/tagged_tracers/tagged_tracers.jl:590
┌ Warning: water tag closure residual 1.689930468938606e-6 exceeds the configured tolerance 1.0e-10 at t = 2200.0 s. The tags no longer account for the field they partition; see output/a2_none_dt2p5/output_0000/water_tag_closure.csv.
└ @ ClimaAtmos ~/git/ClimaAtmosResiDyn.jl/src/parameterized_tendencies/tagged_tracers/tagged_tracers.jl:590
┌ Warning: water tag closure residual 1.6898956099598223e-6 exceeds the configured tolerance 1.0e-10 at t = 2202.5 s. The tags no longer account for the field they partition; see output/a2_none_dt2p5/output_0000/water_tag_closure.csv.
└ @ ClimaAtmos ~/git/ClimaAtmosResiDyn.jl/src/parameterized_tendencies/tagged_tracers/tagged_tracers.jl:590
┌ Warning: water tag closure residual 1.6898607594412806e-6 exceeds the configured tolerance 1.0e-10 at t = 2205.0 s. The tags no longer account for the field they partition; see output/a2_none_dt2p5/output_0000/water_tag_closure.csv.
└ @ ClimaAtmos ~/git/ClimaAtmosResiDyn.jl/src/parameterized_tendencies/tagged_tracers/tagged_tracers.jl:590
┌ Warning: water tag closure residual 1.6898259173143208e-6 exceeds the configured tolerance 1.0e-10 at t = 2207.5 s. The tags no longer account for the field they partition; see output/a2_none_dt2p5/output_0000/water_tag_closure.csv.
└ @ ClimaAtmos ~/git/ClimaAtmosResiDyn.jl/src/parameterized_tendencies/tagged_tracers/tagged_tracers.jl:590
┌ Warning: water tag closure residual 1.6897910836050505e-6 exceeds the configured tolerance 1.0e-10 at t = 2210.0 s. The tags no longer account for the field they partition; see output/a2_none_dt2p5/output_0000/water_tag_closure.csv.
└ @ ClimaAtmos ~/git/ClimaAtmosResiDyn.jl/src/parameterized_tendencies/tagged_tracers/tagged_tracers.jl:590
┌ Warning: water tag closure residual 1.6897562584250175e-6 exceeds the configured tolerance 1.0e-10 at t = 2212.5 s. The tags no longer account for the field they partition; see output/a2_none_dt2p5/output_0000/water_tag_closure.csv.
└ @ ClimaAtmos ~/git/ClimaAtmosResiDyn.jl/src/parameterized_tendencies/tagged_tracers/tagged_tracers.jl:590
┌ Warning: water tag closure residual 1.6897214416739736e-6 exceeds the configured tolerance 1.0e-10 at t = 2215.0 s. The tags no longer account for the field they partition; see output/a2_none_dt2p5/output_0000/water_tag_closure.csv.
└ @ ClimaAtmos ~/git/ClimaAtmosResiDyn.jl/src/parameterized_tendencies/tagged_tracers/tagged_tracers.jl:590
┌ Warning: water tag closure residual 1.68968663311147e-6 exceeds the configured tolerance 1.0e-10 at t = 2217.5 s. The tags no longer account for the field they partition; see output/a2_none_dt2p5/output_0000/water_tag_closure.csv.
└ @ ClimaAtmos ~/git/ClimaAtmosResiDyn.jl/src/parameterized_tendencies/tagged_tracers/tagged_tracers.jl:590
┌ Warning: water tag closure residual 1.6896518329454246e-6 exceeds the configured tolerance 1.0e-10 at t = 2220.0 s. The tags no longer account for the field they partition; see output/a2_none_dt2p5/output_0000/water_tag_closure.csv.
└ @ ClimaAtmos ~/git/ClimaAtmosResiDyn.jl/src/parameterized_tendencies/tagged_tracers/tagged_tracers.jl:590
┌ Warning: water tag closure residual 1.689617041222608e-6 exceeds the configured tolerance 1.0e-10 at t = 2222.5 s. The tags no longer account for the field they partition; see output/a2_none_dt2p5/output_0000/water_tag_closure.csv.
└ @ ClimaAtmos ~/git/ClimaAtmosResiDyn.jl/src/parameterized_tendencies/tagged_tracers/tagged_tracers.jl:590
┌ Warning: water tag closure residual 1.6895822578038669e-6 exceeds the configured tolerance 1.0e-10 at t = 2225.0 s. The tags no longer account for the field they partition; see output/a2_none_dt2p5/output_0000/water_tag_closure.csv.
└ @ ClimaAtmos ~/git/ClimaAtmosResiDyn.jl/src/parameterized_tendencies/tagged_tracers/tagged_tracers.jl:590
┌ Warning: water tag closure residual 1.6895474827481045e-6 exceeds the configured tolerance 1.0e-10 at t = 2227.5 s. The tags no longer account for the field they partition; see output/a2_none_dt2p5/output_0000/water_tag_closure.csv.
└ @ ClimaAtmos ~/git/ClimaAtmosResiDyn.jl/src/parameterized_tendencies/tagged_tracers/tagged_tracers.jl:590
┌ Warning: water tag closure residual 1.6895127160286082e-6 exceeds the configured tolerance 1.0e-10 at t = 2230.0 s. The tags no longer account for the field they partition; see output/a2_none_dt2p5/output_0000/water_tag_closure.csv.
└ @ ClimaAtmos ~/git/ClimaAtmosResiDyn.jl/src/parameterized_tendencies/tagged_tracers/tagged_tracers.jl:590
┌ Warning: water tag closure residual 1.6894779575343267e-6 exceeds the configured tolerance 1.0e-10 at t = 2232.5 s. The tags no longer account for the field they partition; see output/a2_none_dt2p5/output_0000/water_tag_closure.csv.
└ @ ClimaAtmos ~/git/ClimaAtmosResiDyn.jl/src/parameterized_tendencies/tagged_tracers/tagged_tracers.jl:590
┌ Warning: water tag closure residual 1.6894432073261323e-6 exceeds the configured tolerance 1.0e-10 at t = 2235.0 s. The tags no longer account for the field they partition; see output/a2_none_dt2p5/output_0000/water_tag_closure.csv.
└ @ ClimaAtmos ~/git/ClimaAtmosResiDyn.jl/src/parameterized_tendencies/tagged_tracers/tagged_tracers.jl:590
┌ Warning: water tag closure residual 1.689408465506074e-6 exceeds the configured tolerance 1.0e-10 at t = 2237.5 s. The tags no longer account for the field they partition; see output/a2_none_dt2p5/output_0000/water_tag_closure.csv.
└ @ ClimaAtmos ~/git/ClimaAtmosResiDyn.jl/src/parameterized_tendencies/tagged_tracers/tagged_tracers.jl:590
┌ Warning: water tag closure residual 1.6893737319452388e-6 exceeds the configured tolerance 1.0e-10 at t = 2240.0 s. The tags no longer account for the field they partition; see output/a2_none_dt2p5/output_0000/water_tag_closure.csv.
└ @ ClimaAtmos ~/git/ClimaAtmosResiDyn.jl/src/parameterized_tendencies/tagged_tracers/tagged_tracers.jl:590
┌ Warning: water tag closure residual 1.6893390066371502e-6 exceeds the configured tolerance 1.0e-10 at t = 2242.5 s. The tags no longer account for the field they partition; see output/a2_none_dt2p5/output_0000/water_tag_closure.csv.
└ @ ClimaAtmos ~/git/ClimaAtmosResiDyn.jl/src/parameterized_tendencies/tagged_tracers/tagged_tracers.jl:590
┌ Warning: water tag closure residual 1.6893042896679827e-6 exceeds the configured tolerance 1.0e-10 at t = 2245.0 s. The tags no longer account for the field they partition; see output/a2_none_dt2p5/output_0000/water_tag_closure.csv.
└ @ ClimaAtmos ~/git/ClimaAtmosResiDyn.jl/src/parameterized_tendencies/tagged_tracers/tagged_tracers.jl:590
┌ Warning: water tag closure residual 1.6892695810333235e-6 exceeds the configured tolerance 1.0e-10 at t = 2247.5 s. The tags no longer account for the field they partition; see output/a2_none_dt2p5/output_0000/water_tag_closure.csv.
└ @ ClimaAtmos ~/git/ClimaAtmosResiDyn.jl/src/parameterized_tendencies/tagged_tracers/tagged_tracers.jl:590
┌ Warning: water tag closure residual 1.6892348805900558e-6 exceeds the configured tolerance 1.0e-10 at t = 2250.0 s. The tags no longer account for the field they partition; see output/a2_none_dt2p5/output_0000/water_tag_closure.csv.
└ @ ClimaAtmos ~/git/ClimaAtmosResiDyn.jl/src/parameterized_tendencies/tagged_tracers/tagged_tracers.jl:590
┌ Warning: water tag closure residual 1.6892001884266733e-6 exceeds the configured tolerance 1.0e-10 at t = 2252.5 s. The tags no longer account for the field they partition; see output/a2_none_dt2p5/output_0000/water_tag_closure.csv.
└ @ ClimaAtmos ~/git/ClimaAtmosResiDyn.jl/src/parameterized_tendencies/tagged_tracers/tagged_tracers.jl:590
┌ Warning: water tag closure residual 1.6891655044518318e-6 exceeds the configured tolerance 1.0e-10 at t = 2255.0 s. The tags no longer account for the field they partition; see output/a2_none_dt2p5/output_0000/water_tag_closure.csv.
└ @ ClimaAtmos ~/git/ClimaAtmosResiDyn.jl/src/parameterized_tendencies/tagged_tracers/tagged_tracers.jl:590
┌ Warning: water tag closure residual 1.6891308286550405e-6 exceeds the configured tolerance 1.0e-10 at t = 2257.5 s. The tags no longer account for the field they partition; see output/a2_none_dt2p5/output_0000/water_tag_closure.csv.
└ @ ClimaAtmos ~/git/ClimaAtmosResiDyn.jl/src/parameterized_tendencies/tagged_tracers/tagged_tracers.jl:590
┌ Warning: water tag closure residual 1.6890961611786511e-6 exceeds the configured tolerance 1.0e-10 at t = 2260.0 s. The tags no longer account for the field they partition; see output/a2_none_dt2p5/output_0000/water_tag_closure.csv.
└ @ ClimaAtmos ~/git/ClimaAtmosResiDyn.jl/src/parameterized_tendencies/tagged_tracers/tagged_tracers.jl:590
┌ Warning: water tag closure residual 1.6890615019167008e-6 exceeds the configured tolerance 1.0e-10 at t = 2262.5 s. The tags no longer account for the field they partition; see output/a2_none_dt2p5/output_0000/water_tag_closure.csv.
└ @ ClimaAtmos ~/git/ClimaAtmosResiDyn.jl/src/parameterized_tendencies/tagged_tracers/tagged_tracers.jl:590
┌ Warning: water tag closure residual 1.6890268508020668e-6 exceeds the configured tolerance 1.0e-10 at t = 2265.0 s. The tags no longer account for the field they partition; see output/a2_none_dt2p5/output_0000/water_tag_closure.csv.
└ @ ClimaAtmos ~/git/ClimaAtmosResiDyn.jl/src/parameterized_tendencies/tagged_tracers/tagged_tracers.jl:590
┌ Warning: water tag closure residual 1.6889922079956485e-6 exceeds the configured tolerance 1.0e-10 at t = 2267.5 s. The tags no longer account for the field they partition; see output/a2_none_dt2p5/output_0000/water_tag_closure.csv.
└ @ ClimaAtmos ~/git/ClimaAtmosResiDyn.jl/src/parameterized_tendencies/tagged_tracers/tagged_tracers.jl:590
┌ Warning: water tag closure residual 1.6889575734027519e-6 exceeds the configured tolerance 1.0e-10 at t = 2270.0 s. The tags no longer account for the field they partition; see output/a2_none_dt2p5/output_0000/water_tag_closure.csv.
└ @ ClimaAtmos ~/git/ClimaAtmosResiDyn.jl/src/parameterized_tendencies/tagged_tracers/tagged_tracers.jl:590
┌ Warning: water tag closure residual 1.6889229469120875e-6 exceeds the configured tolerance 1.0e-10 at t = 2272.5 s. The tags no longer account for the field they partition; see output/a2_none_dt2p5/output_0000/water_tag_closure.csv.
└ @ ClimaAtmos ~/git/ClimaAtmosResiDyn.jl/src/parameterized_tendencies/tagged_tracers/tagged_tracers.jl:590
┌ Warning: water tag closure residual 1.688888328547037e-6 exceeds the configured tolerance 1.0e-10 at t = 2275.0 s. The tags no longer account for the field they partition; see output/a2_none_dt2p5/output_0000/water_tag_closure.csv.
└ @ ClimaAtmos ~/git/ClimaAtmosResiDyn.jl/src/parameterized_tendencies/tagged_tracers/tagged_tracers.jl:590
┌ Warning: water tag closure residual 1.688853718462994e-6 exceeds the configured tolerance 1.0e-10 at t = 2277.5 s. The tags no longer account for the field they partition; see output/a2_none_dt2p5/output_0000/water_tag_closure.csv.
└ @ ClimaAtmos ~/git/ClimaAtmosResiDyn.jl/src/parameterized_tendencies/tagged_tracers/tagged_tracers.jl:590
┌ Warning: water tag closure residual 1.688819116550866e-6 exceeds the configured tolerance 1.0e-10 at t = 2280.0 s. The tags no longer account for the field they partition; see output/a2_none_dt2p5/output_0000/water_tag_closure.csv.
└ @ ClimaAtmos ~/git/ClimaAtmosResiDyn.jl/src/parameterized_tendencies/tagged_tracers/tagged_tracers.jl:590
┌ Warning: water tag closure residual 1.6887845226883845e-6 exceeds the configured tolerance 1.0e-10 at t = 2282.5 s. The tags no longer account for the field they partition; see output/a2_none_dt2p5/output_0000/water_tag_closure.csv.
└ @ ClimaAtmos ~/git/ClimaAtmosResiDyn.jl/src/parameterized_tendencies/tagged_tracers/tagged_tracers.jl:590
┌ Warning: water tag closure residual 1.6887499370260975e-6 exceeds the configured tolerance 1.0e-10 at t = 2285.0 s. The tags no longer account for the field they partition; see output/a2_none_dt2p5/output_0000/water_tag_closure.csv.
└ @ ClimaAtmos ~/git/ClimaAtmosResiDyn.jl/src/parameterized_tendencies/tagged_tracers/tagged_tracers.jl:590
┌ Warning: water tag closure residual 1.688715359455565e-6 exceeds the configured tolerance 1.0e-10 at t = 2287.5 s. The tags no longer account for the field they partition; see output/a2_none_dt2p5/output_0000/water_tag_closure.csv.
└ @ ClimaAtmos ~/git/ClimaAtmosResiDyn.jl/src/parameterized_tendencies/tagged_tracers/tagged_tracers.jl:590
┌ Warning: water tag closure residual 1.6886807899672912e-6 exceeds the configured tolerance 1.0e-10 at t = 2290.0 s. The tags no longer account for the field they partition; see output/a2_none_dt2p5/output_0000/water_tag_closure.csv.
└ @ ClimaAtmos ~/git/ClimaAtmosResiDyn.jl/src/parameterized_tendencies/tagged_tracers/tagged_tracers.jl:590
┌ Warning: water tag closure residual 1.6886462286021703e-6 exceeds the configured tolerance 1.0e-10 at t = 2292.5 s. The tags no longer account for the field they partition; see output/a2_none_dt2p5/output_0000/water_tag_closure.csv.
└ @ ClimaAtmos ~/git/ClimaAtmosResiDyn.jl/src/parameterized_tendencies/tagged_tracers/tagged_tracers.jl:590
┌ Warning: water tag closure residual 1.6886116754235924e-6 exceeds the configured tolerance 1.0e-10 at t = 2295.0 s. The tags no longer account for the field they partition; see output/a2_none_dt2p5/output_0000/water_tag_closure.csv.
└ @ ClimaAtmos ~/git/ClimaAtmosResiDyn.jl/src/parameterized_tendencies/tagged_tracers/tagged_tracers.jl:590
┌ Warning: water tag closure residual 1.6885771303794528e-6 exceeds the configured tolerance 1.0e-10 at t = 2297.5 s. The tags no longer account for the field they partition; see output/a2_none_dt2p5/output_0000/water_tag_closure.csv.
└ @ ClimaAtmos ~/git/ClimaAtmosResiDyn.jl/src/parameterized_tendencies/tagged_tracers/tagged_tracers.jl:590
┌ Warning: water tag closure residual 1.6885425932645854e-6 exceeds the configured tolerance 1.0e-10 at t = 2300.0 s. The tags no longer account for the field they partition; see output/a2_none_dt2p5/output_0000/water_tag_closure.csv.
└ @ ClimaAtmos ~/git/ClimaAtmosResiDyn.jl/src/parameterized_tendencies/tagged_tracers/tagged_tracers.jl:590
┌ Warning: water tag closure residual 1.6885080643883896e-6 exceeds the configured tolerance 1.0e-10 at t = 2302.5 s. The tags no longer account for the field they partition; see output/a2_none_dt2p5/output_0000/water_tag_closure.csv.
└ @ ClimaAtmos ~/git/ClimaAtmosResiDyn.jl/src/parameterized_tendencies/tagged_tracers/tagged_tracers.jl:590
┌ Warning: water tag closure residual 1.6884735434676703e-6 exceeds the configured tolerance 1.0e-10 at t = 2305.0 s. The tags no longer account for the field they partition; see output/a2_none_dt2p5/output_0000/water_tag_closure.csv.
└ @ ClimaAtmos ~/git/ClimaAtmosResiDyn.jl/src/parameterized_tendencies/tagged_tracers/tagged_tracers.jl:590
┌ Warning: water tag closure residual 1.6884390306339143e-6 exceeds the configured tolerance 1.0e-10 at t = 2307.5 s. The tags no longer account for the field they partition; see output/a2_none_dt2p5/output_0000/water_tag_closure.csv.
└ @ ClimaAtmos ~/git/ClimaAtmosResiDyn.jl/src/parameterized_tendencies/tagged_tracers/tagged_tracers.jl:590
┌ Warning: water tag closure residual 1.6884045258347224e-6 exceeds the configured tolerance 1.0e-10 at t = 2310.0 s. The tags no longer account for the field they partition; see output/a2_none_dt2p5/output_0000/water_tag_closure.csv.
└ @ ClimaAtmos ~/git/ClimaAtmosResiDyn.jl/src/parameterized_tendencies/tagged_tracers/tagged_tracers.jl:590
┌ Warning: water tag closure residual 1.6883700291770026e-6 exceeds the configured tolerance 1.0e-10 at t = 2312.5 s. The tags no longer account for the field they partition; see output/a2_none_dt2p5/output_0000/water_tag_closure.csv.
└ @ ClimaAtmos ~/git/ClimaAtmosResiDyn.jl/src/parameterized_tendencies/tagged_tracers/tagged_tracers.jl:590
┌ Warning: water tag closure residual 1.6883355403973808e-6 exceeds the configured tolerance 1.0e-10 at t = 2315.0 s. The tags no longer account for the field they partition; see output/a2_none_dt2p5/output_0000/water_tag_closure.csv.
└ @ ClimaAtmos ~/git/ClimaAtmosResiDyn.jl/src/parameterized_tendencies/tagged_tracers/tagged_tracers.jl:590
┌ Warning: water tag closure residual 1.6883010596647378e-6 exceeds the configured tolerance 1.0e-10 at t = 2317.5 s. The tags no longer account for the field they partition; see output/a2_none_dt2p5/output_0000/water_tag_closure.csv.
└ @ ClimaAtmos ~/git/ClimaAtmosResiDyn.jl/src/parameterized_tendencies/tagged_tracers/tagged_tracers.jl:590
┌ Warning: water tag closure residual 1.68826658697188e-6 exceeds the configured tolerance 1.0e-10 at t = 2320.0 s. The tags no longer account for the field they partition; see output/a2_none_dt2p5/output_0000/water_tag_closure.csv.
└ @ ClimaAtmos ~/git/ClimaAtmosResiDyn.jl/src/parameterized_tendencies/tagged_tracers/tagged_tracers.jl:590
┌ Warning: water tag closure residual 1.6882321222675212e-6 exceeds the configured tolerance 1.0e-10 at t = 2322.5 s. The tags no longer account for the field they partition; see output/a2_none_dt2p5/output_0000/water_tag_closure.csv.
└ @ ClimaAtmos ~/git/ClimaAtmosResiDyn.jl/src/parameterized_tendencies/tagged_tracers/tagged_tracers.jl:590
┌ Warning: water tag closure residual 1.6881976655492681e-6 exceeds the configured tolerance 1.0e-10 at t = 2325.0 s. The tags no longer account for the field they partition; see output/a2_none_dt2p5/output_0000/water_tag_closure.csv.
└ @ ClimaAtmos ~/git/ClimaAtmosResiDyn.jl/src/parameterized_tendencies/tagged_tracers/tagged_tracers.jl:590
┌ Warning: water tag closure residual 1.6881632168440005e-6 exceeds the configured tolerance 1.0e-10 at t = 2327.5 s. The tags no longer account for the field they partition; see output/a2_none_dt2p5/output_0000/water_tag_closure.csv.
└ @ ClimaAtmos ~/git/ClimaAtmosResiDyn.jl/src/parameterized_tendencies/tagged_tracers/tagged_tracers.jl:590
┌ Warning: water tag closure residual 1.688128776199801e-6 exceeds the configured tolerance 1.0e-10 at t = 2330.0 s. The tags no longer account for the field they partition; see output/a2_none_dt2p5/output_0000/water_tag_closure.csv.
└ @ ClimaAtmos ~/git/ClimaAtmosResiDyn.jl/src/parameterized_tendencies/tagged_tracers/tagged_tracers.jl:590
┌ Warning: water tag closure residual 1.6880943434885223e-6 exceeds the configured tolerance 1.0e-10 at t = 2332.5 s. The tags no longer account for the field they partition; see output/a2_none_dt2p5/output_0000/water_tag_closure.csv.
└ @ ClimaAtmos ~/git/ClimaAtmosResiDyn.jl/src/parameterized_tendencies/tagged_tracers/tagged_tracers.jl:590
┌ Warning: water tag closure residual 1.688059918756086e-6 exceeds the configured tolerance 1.0e-10 at t = 2335.0 s. The tags no longer account for the field they partition; see output/a2_none_dt2p5/output_0000/water_tag_closure.csv.
└ @ ClimaAtmos ~/git/ClimaAtmosResiDyn.jl/src/parameterized_tendencies/tagged_tracers/tagged_tracers.jl:590
┌ Warning: water tag closure residual 1.688025501967789e-6 exceeds the configured tolerance 1.0e-10 at t = 2337.5 s. The tags no longer account for the field they partition; see output/a2_none_dt2p5/output_0000/water_tag_closure.csv.
└ @ ClimaAtmos ~/git/ClimaAtmosResiDyn.jl/src/parameterized_tendencies/tagged_tracers/tagged_tracers.jl:590
┌ Warning: water tag closure residual 1.6879910931498666e-6 exceeds the configured tolerance 1.0e-10 at t = 2340.0 s. The tags no longer account for the field they partition; see output/a2_none_dt2p5/output_0000/water_tag_closure.csv.
└ @ ClimaAtmos ~/git/ClimaAtmosResiDyn.jl/src/parameterized_tendencies/tagged_tracers/tagged_tracers.jl:590
┌ Warning: water tag closure residual 1.6879566923069391e-6 exceeds the configured tolerance 1.0e-10 at t = 2342.5 s. The tags no longer account for the field they partition; see output/a2_none_dt2p5/output_0000/water_tag_closure.csv.
└ @ ClimaAtmos ~/git/ClimaAtmosResiDyn.jl/src/parameterized_tendencies/tagged_tracers/tagged_tracers.jl:590
┌ Warning: water tag closure residual 1.6879222992653933e-6 exceeds the configured tolerance 1.0e-10 at t = 2345.0 s. The tags no longer account for the field they partition; see output/a2_none_dt2p5/output_0000/water_tag_closure.csv.
└ @ ClimaAtmos ~/git/ClimaAtmosResiDyn.jl/src/parameterized_tendencies/tagged_tracers/tagged_tracers.jl:590
┌ Warning: water tag closure residual 1.6878879142593716e-6 exceeds the configured tolerance 1.0e-10 at t = 2347.5 s. The tags no longer account for the field they partition; see output/a2_none_dt2p5/output_0000/water_tag_closure.csv.
└ @ ClimaAtmos ~/git/ClimaAtmosResiDyn.jl/src/parameterized_tendencies/tagged_tracers/tagged_tracers.jl:590
┌ Warning: water tag closure residual 1.6878535371889793e-6 exceeds the configured tolerance 1.0e-10 at t = 2350.0 s. The tags no longer account for the field they partition; see output/a2_none_dt2p5/output_0000/water_tag_closure.csv.
└ @ ClimaAtmos ~/git/ClimaAtmosResiDyn.jl/src/parameterized_tendencies/tagged_tracers/tagged_tracers.jl:590
┌ Warning: water tag closure residual 1.6878191679084913e-6 exceeds the configured tolerance 1.0e-10 at t = 2352.5 s. The tags no longer account for the field they partition; see output/a2_none_dt2p5/output_0000/water_tag_closure.csv.
└ @ ClimaAtmos ~/git/ClimaAtmosResiDyn.jl/src/parameterized_tendencies/tagged_tracers/tagged_tracers.jl:590
┌ Warning: water tag closure residual 1.6877848065911613e-6 exceeds the configured tolerance 1.0e-10 at t = 2355.0 s. The tags no longer account for the field they partition; see output/a2_none_dt2p5/output_0000/water_tag_closure.csv.
└ @ ClimaAtmos ~/git/ClimaAtmosResiDyn.jl/src/parameterized_tendencies/tagged_tracers/tagged_tracers.jl:590
┌ Warning: water tag closure residual 1.6877504531220129e-6 exceeds the configured tolerance 1.0e-10 at t = 2357.5 s. The tags no longer account for the field they partition; see output/a2_none_dt2p5/output_0000/water_tag_closure.csv.
└ @ ClimaAtmos ~/git/ClimaAtmosResiDyn.jl/src/parameterized_tendencies/tagged_tracers/tagged_tracers.jl:590
┌ Warning: water tag closure residual 1.6877161076112586e-6 exceeds the configured tolerance 1.0e-10 at t = 2360.0 s. The tags no longer account for the field they partition; see output/a2_none_dt2p5/output_0000/water_tag_closure.csv.
└ @ ClimaAtmos ~/git/ClimaAtmosResiDyn.jl/src/parameterized_tendencies/tagged_tracers/tagged_tracers.jl:590
┌ Warning: water tag closure residual 1.6876817698148902e-6 exceeds the configured tolerance 1.0e-10 at t = 2362.5 s. The tags no longer account for the field they partition; see output/a2_none_dt2p5/output_0000/water_tag_closure.csv.
└ @ ClimaAtmos ~/git/ClimaAtmosResiDyn.jl/src/parameterized_tendencies/tagged_tracers/tagged_tracers.jl:590
┌ Warning: water tag closure residual 1.6876474399885169e-6 exceeds the configured tolerance 1.0e-10 at t = 2365.0 s. The tags no longer account for the field they partition; see output/a2_none_dt2p5/output_0000/water_tag_closure.csv.
└ @ ClimaAtmos ~/git/ClimaAtmosResiDyn.jl/src/parameterized_tendencies/tagged_tracers/tagged_tracers.jl:590
┌ Warning: water tag closure residual 1.6876131180118293e-6 exceeds the configured tolerance 1.0e-10 at t = 2367.5 s. The tags no longer account for the field they partition; see output/a2_none_dt2p5/output_0000/water_tag_closure.csv.
└ @ ClimaAtmos ~/git/ClimaAtmosResiDyn.jl/src/parameterized_tendencies/tagged_tracers/tagged_tracers.jl:590
┌ Warning: water tag closure residual 1.6875788039259826e-6 exceeds the configured tolerance 1.0e-10 at t = 2370.0 s. The tags no longer account for the field they partition; see output/a2_none_dt2p5/output_0000/water_tag_closure.csv.
└ @ ClimaAtmos ~/git/ClimaAtmosResiDyn.jl/src/parameterized_tendencies/tagged_tracers/tagged_tracers.jl:590
┌ Warning: water tag closure residual 1.6875444976050431e-6 exceeds the configured tolerance 1.0e-10 at t = 2372.5 s. The tags no longer account for the field they partition; see output/a2_none_dt2p5/output_0000/water_tag_closure.csv.
└ @ ClimaAtmos ~/git/ClimaAtmosResiDyn.jl/src/parameterized_tendencies/tagged_tracers/tagged_tracers.jl:590
┌ Warning: water tag closure residual 1.6875101991147175e-6 exceeds the configured tolerance 1.0e-10 at t = 2375.0 s. The tags no longer account for the field they partition; see output/a2_none_dt2p5/output_0000/water_tag_closure.csv.
└ @ ClimaAtmos ~/git/ClimaAtmosResiDyn.jl/src/parameterized_tendencies/tagged_tracers/tagged_tracers.jl:590
┌ Info: Progress
│   simulation_time = "39 minutes, 35 seconds"
│   n_steps_completed = 950
│   wall_time_per_step = "3 milliseconds, 966 microseconds"
│   wall_time_total = "5 seconds, 712 milliseconds"
│   wall_time_remaining = "1 second, 943 milliseconds"
│   wall_time_spent = "3 seconds, 768 milliseconds"
│   percent_complete = "66.0%"
│   estimated_sypd = "1.725"
│   instantaneous_sypd = "2.432"
│   date_now = 2026-09-10T00:49:26.339
└   estimated_finish_date = 2026-09-10T00:49:28.339
┌ Warning: water tag closure residual 1.687475908449223e-6 exceeds the configured tolerance 1.0e-10 at t = 2377.5 s. The tags no longer account for the field they partition; see output/a2_none_dt2p5/output_0000/water_tag_closure.csv.
└ @ ClimaAtmos ~/git/ClimaAtmosResiDyn.jl/src/parameterized_tendencies/tagged_tracers/tagged_tracers.jl:590
┌ Warning: water tag closure residual 1.6874416255363578e-6 exceeds the configured tolerance 1.0e-10 at t = 2380.0 s. The tags no longer account for the field they partition; see output/a2_none_dt2p5/output_0000/water_tag_closure.csv.
└ @ ClimaAtmos ~/git/ClimaAtmosResiDyn.jl/src/parameterized_tendencies/tagged_tracers/tagged_tracers.jl:590
┌ Warning: water tag closure residual 1.6874073504363208e-6 exceeds the configured tolerance 1.0e-10 at t = 2382.5 s. The tags no longer account for the field they partition; see output/a2_none_dt2p5/output_0000/water_tag_closure.csv.
└ @ ClimaAtmos ~/git/ClimaAtmosResiDyn.jl/src/parameterized_tendencies/tagged_tracers/tagged_tracers.jl:590
┌ Warning: water tag closure residual 1.687373083131958e-6 exceeds the configured tolerance 1.0e-10 at t = 2385.0 s. The tags no longer account for the field they partition; see output/a2_none_dt2p5/output_0000/water_tag_closure.csv.
└ @ ClimaAtmos ~/git/ClimaAtmosResiDyn.jl/src/parameterized_tendencies/tagged_tracers/tagged_tracers.jl:590
┌ Warning: water tag closure residual 1.6873388236590071e-6 exceeds the configured tolerance 1.0e-10 at t = 2387.5 s. The tags no longer account for the field they partition; see output/a2_none_dt2p5/output_0000/water_tag_closure.csv.
└ @ ClimaAtmos ~/git/ClimaAtmosResiDyn.jl/src/parameterized_tendencies/tagged_tracers/tagged_tracers.jl:590
┌ Warning: water tag closure residual 1.6873045718385093e-6 exceeds the configured tolerance 1.0e-10 at t = 2390.0 s. The tags no longer account for the field they partition; see output/a2_none_dt2p5/output_0000/water_tag_closure.csv.
└ @ ClimaAtmos ~/git/ClimaAtmosResiDyn.jl/src/parameterized_tendencies/tagged_tracers/tagged_tracers.jl:590
┌ Warning: water tag closure residual 1.6872703277632662e-6 exceeds the configured tolerance 1.0e-10 at t = 2392.5 s. The tags no longer account for the field they partition; see output/a2_none_dt2p5/output_0000/water_tag_closure.csv.
└ @ ClimaAtmos ~/git/ClimaAtmosResiDyn.jl/src/parameterized_tendencies/tagged_tracers/tagged_tracers.jl:590
┌ Warning: water tag closure residual 1.687236091489297e-6 exceeds the configured tolerance 1.0e-10 at t = 2395.0 s. The tags no longer account for the field they partition; see output/a2_none_dt2p5/output_0000/water_tag_closure.csv.
└ @ ClimaAtmos ~/git/ClimaAtmosResiDyn.jl/src/parameterized_tendencies/tagged_tracers/tagged_tracers.jl:590
┌ Warning: water tag closure residual 1.6872018629210527e-6 exceeds the configured tolerance 1.0e-10 at t = 2397.5 s. The tags no longer account for the field they partition; see output/a2_none_dt2p5/output_0000/water_tag_closure.csv.
└ @ ClimaAtmos ~/git/ClimaAtmosResiDyn.jl/src/parameterized_tendencies/tagged_tracers/tagged_tracers.jl:590
┌ Warning: water tag closure residual 1.6871676420683283e-6 exceeds the configured tolerance 1.0e-10 at t = 2400.0 s. The tags no longer account for the field they partition; see output/a2_none_dt2p5/output_0000/water_tag_closure.csv.
└ @ ClimaAtmos ~/git/ClimaAtmosResiDyn.jl/src/parameterized_tendencies/tagged_tracers/tagged_tracers.jl:590
┌ Warning: water tag closure residual 1.6871334289719667e-6 exceeds the configured tolerance 1.0e-10 at t = 2402.5 s. The tags no longer account for the field they partition; see output/a2_none_dt2p5/output_0000/water_tag_closure.csv.
└ @ ClimaAtmos ~/git/ClimaAtmosResiDyn.jl/src/parameterized_tendencies/tagged_tracers/tagged_tracers.jl:590
┌ Warning: water tag closure residual 1.6870992236479854e-6 exceeds the configured tolerance 1.0e-10 at t = 2405.0 s. The tags no longer account for the field they partition; see output/a2_none_dt2p5/output_0000/water_tag_closure.csv.
└ @ ClimaAtmos ~/git/ClimaAtmosResiDyn.jl/src/parameterized_tendencies/tagged_tracers/tagged_tracers.jl:590
┌ Warning: water tag closure residual 1.6870650260378735e-6 exceeds the configured tolerance 1.0e-10 at t = 2407.5 s. The tags no longer account for the field they partition; see output/a2_none_dt2p5/output_0000/water_tag_closure.csv.
└ @ ClimaAtmos ~/git/ClimaAtmosResiDyn.jl/src/parameterized_tendencies/tagged_tracers/tagged_tracers.jl:590
┌ Warning: water tag closure residual 1.6870308360216768e-6 exceeds the configured tolerance 1.0e-10 at t = 2410.0 s. The tags no longer account for the field they partition; see output/a2_none_dt2p5/output_0000/water_tag_closure.csv.
└ @ ClimaAtmos ~/git/ClimaAtmosResiDyn.jl/src/parameterized_tendencies/tagged_tracers/tagged_tracers.jl:590
┌ Warning: water tag closure residual 1.6869966537695207e-6 exceeds the configured tolerance 1.0e-10 at t = 2412.5 s. The tags no longer account for the field they partition; see output/a2_none_dt2p5/output_0000/water_tag_closure.csv.
└ @ ClimaAtmos ~/git/ClimaAtmosResiDyn.jl/src/parameterized_tendencies/tagged_tracers/tagged_tracers.jl:590
┌ Warning: water tag closure residual 1.6869624791999922e-6 exceeds the configured tolerance 1.0e-10 at t = 2415.0 s. The tags no longer account for the field they partition; see output/a2_none_dt2p5/output_0000/water_tag_closure.csv.
└ @ ClimaAtmos ~/git/ClimaAtmosResiDyn.jl/src/parameterized_tendencies/tagged_tracers/tagged_tracers.jl:590
┌ Warning: water tag closure residual 1.6869283122500601e-6 exceeds the configured tolerance 1.0e-10 at t = 2417.5 s. The tags no longer account for the field they partition; see output/a2_none_dt2p5/output_0000/water_tag_closure.csv.
└ @ ClimaAtmos ~/git/ClimaAtmosResiDyn.jl/src/parameterized_tendencies/tagged_tracers/tagged_tracers.jl:590
┌ Warning: water tag closure residual 1.6868941530600959e-6 exceeds the configured tolerance 1.0e-10 at t = 2420.0 s. The tags no longer account for the field they partition; see output/a2_none_dt2p5/output_0000/water_tag_closure.csv.
└ @ ClimaAtmos ~/git/ClimaAtmosResiDyn.jl/src/parameterized_tendencies/tagged_tracers/tagged_tracers.jl:590
┌ Warning: water tag closure residual 1.6868600014804502e-6 exceeds the configured tolerance 1.0e-10 at t = 2422.5 s. The tags no longer account for the field they partition; see output/a2_none_dt2p5/output_0000/water_tag_closure.csv.
└ @ ClimaAtmos ~/git/ClimaAtmosResiDyn.jl/src/parameterized_tendencies/tagged_tracers/tagged_tracers.jl:590
┌ Warning: water tag closure residual 1.6868258575443294e-6 exceeds the configured tolerance 1.0e-10 at t = 2425.0 s. The tags no longer account for the field they partition; see output/a2_none_dt2p5/output_0000/water_tag_closure.csv.
└ @ ClimaAtmos ~/git/ClimaAtmosResiDyn.jl/src/parameterized_tendencies/tagged_tracers/tagged_tracers.jl:590
┌ Warning: water tag closure residual 1.686791721266108e-6 exceeds the configured tolerance 1.0e-10 at t = 2427.5 s. The tags no longer account for the field they partition; see output/a2_none_dt2p5/output_0000/water_tag_closure.csv.
└ @ ClimaAtmos ~/git/ClimaAtmosResiDyn.jl/src/parameterized_tendencies/tagged_tracers/tagged_tracers.jl:590
┌ Warning: water tag closure residual 1.6867575926726875e-6 exceeds the configured tolerance 1.0e-10 at t = 2430.0 s. The tags no longer account for the field they partition; see output/a2_none_dt2p5/output_0000/water_tag_closure.csv.
└ @ ClimaAtmos ~/git/ClimaAtmosResiDyn.jl/src/parameterized_tendencies/tagged_tracers/tagged_tracers.jl:590
┌ Warning: water tag closure residual 1.6867234715991365e-6 exceeds the configured tolerance 1.0e-10 at t = 2432.5 s. The tags no longer account for the field they partition; see output/a2_none_dt2p5/output_0000/water_tag_closure.csv.
└ @ ClimaAtmos ~/git/ClimaAtmosResiDyn.jl/src/parameterized_tendencies/tagged_tracers/tagged_tracers.jl:590
┌ Warning: water tag closure residual 1.6866893582799607e-6 exceeds the configured tolerance 1.0e-10 at t = 2435.0 s. The tags no longer account for the field they partition; see output/a2_none_dt2p5/output_0000/water_tag_closure.csv.
└ @ ClimaAtmos ~/git/ClimaAtmosResiDyn.jl/src/parameterized_tendencies/tagged_tracers/tagged_tracers.jl:590
┌ Warning: water tag closure residual 1.6866552525065217e-6 exceeds the configured tolerance 1.0e-10 at t = 2437.5 s. The tags no longer account for the field they partition; see output/a2_none_dt2p5/output_0000/water_tag_closure.csv.
└ @ ClimaAtmos ~/git/ClimaAtmosResiDyn.jl/src/parameterized_tendencies/tagged_tracers/tagged_tracers.jl:590
┌ Warning: water tag closure residual 1.6866211543694086e-6 exceeds the configured tolerance 1.0e-10 at t = 2440.0 s. The tags no longer account for the field they partition; see output/a2_none_dt2p5/output_0000/water_tag_closure.csv.
└ @ ClimaAtmos ~/git/ClimaAtmosResiDyn.jl/src/parameterized_tendencies/tagged_tracers/tagged_tracers.jl:590
┌ Warning: water tag closure residual 1.6865870638313576e-6 exceeds the configured tolerance 1.0e-10 at t = 2442.5 s. The tags no longer account for the field they partition; see output/a2_none_dt2p5/output_0000/water_tag_closure.csv.
└ @ ClimaAtmos ~/git/ClimaAtmosResiDyn.jl/src/parameterized_tendencies/tagged_tracers/tagged_tracers.jl:590
┌ Warning: water tag closure residual 1.6865529809316526e-6 exceeds the configured tolerance 1.0e-10 at t = 2445.0 s. The tags no longer account for the field they partition; see output/a2_none_dt2p5/output_0000/water_tag_closure.csv.
└ @ ClimaAtmos ~/git/ClimaAtmosResiDyn.jl/src/parameterized_tendencies/tagged_tracers/tagged_tracers.jl:590
┌ Warning: water tag closure residual 1.6865189055908624e-6 exceeds the configured tolerance 1.0e-10 at t = 2447.5 s. The tags no longer account for the field they partition; see output/a2_none_dt2p5/output_0000/water_tag_closure.csv.
└ @ ClimaAtmos ~/git/ClimaAtmosResiDyn.jl/src/parameterized_tendencies/tagged_tracers/tagged_tracers.jl:590
┌ Warning: water tag closure residual 1.6864848377986845e-6 exceeds the configured tolerance 1.0e-10 at t = 2450.0 s. The tags no longer account for the field they partition; see output/a2_none_dt2p5/output_0000/water_tag_closure.csv.
└ @ ClimaAtmos ~/git/ClimaAtmosResiDyn.jl/src/parameterized_tendencies/tagged_tracers/tagged_tracers.jl:590
┌ Warning: water tag closure residual 1.6864507775692467e-6 exceeds the configured tolerance 1.0e-10 at t = 2452.5 s. The tags no longer account for the field they partition; see output/a2_none_dt2p5/output_0000/water_tag_closure.csv.
└ @ ClimaAtmos ~/git/ClimaAtmosResiDyn.jl/src/parameterized_tendencies/tagged_tracers/tagged_tracers.jl:590
┌ Warning: water tag closure residual 1.6864167249749721e-6 exceeds the configured tolerance 1.0e-10 at t = 2455.0 s. The tags no longer account for the field they partition; see output/a2_none_dt2p5/output_0000/water_tag_closure.csv.
└ @ ClimaAtmos ~/git/ClimaAtmosResiDyn.jl/src/parameterized_tendencies/tagged_tracers/tagged_tracers.jl:590
┌ Warning: water tag closure residual 1.6863826798706324e-6 exceeds the configured tolerance 1.0e-10 at t = 2457.5 s. The tags no longer account for the field they partition; see output/a2_none_dt2p5/output_0000/water_tag_closure.csv.
└ @ ClimaAtmos ~/git/ClimaAtmosResiDyn.jl/src/parameterized_tendencies/tagged_tracers/tagged_tracers.jl:590
┌ Warning: water tag closure residual 1.6863486422886224e-6 exceeds the configured tolerance 1.0e-10 at t = 2460.0 s. The tags no longer account for the field they partition; see output/a2_none_dt2p5/output_0000/water_tag_closure.csv.
└ @ ClimaAtmos ~/git/ClimaAtmosResiDyn.jl/src/parameterized_tendencies/tagged_tracers/tagged_tracers.jl:590
┌ Warning: water tag closure residual 1.6863146122975886e-6 exceeds the configured tolerance 1.0e-10 at t = 2462.5 s. The tags no longer account for the field they partition; see output/a2_none_dt2p5/output_0000/water_tag_closure.csv.
└ @ ClimaAtmos ~/git/ClimaAtmosResiDyn.jl/src/parameterized_tendencies/tagged_tracers/tagged_tracers.jl:590
┌ Warning: water tag closure residual 1.686280589758563e-6 exceeds the configured tolerance 1.0e-10 at t = 2465.0 s. The tags no longer account for the field they partition; see output/a2_none_dt2p5/output_0000/water_tag_closure.csv.
└ @ ClimaAtmos ~/git/ClimaAtmosResiDyn.jl/src/parameterized_tendencies/tagged_tracers/tagged_tracers.jl:590
┌ Warning: water tag closure residual 1.686246574800006e-6 exceeds the configured tolerance 1.0e-10 at t = 2467.5 s. The tags no longer account for the field they partition; see output/a2_none_dt2p5/output_0000/water_tag_closure.csv.
└ @ ClimaAtmos ~/git/ClimaAtmosResiDyn.jl/src/parameterized_tendencies/tagged_tracers/tagged_tracers.jl:590
┌ Warning: water tag closure residual 1.6862125674343278e-6 exceeds the configured tolerance 1.0e-10 at t = 2470.0 s. The tags no longer account for the field they partition; see output/a2_none_dt2p5/output_0000/water_tag_closure.csv.
└ @ ClimaAtmos ~/git/ClimaAtmosResiDyn.jl/src/parameterized_tendencies/tagged_tracers/tagged_tracers.jl:590
┌ Warning: water tag closure residual 1.686178567578145e-6 exceeds the configured tolerance 1.0e-10 at t = 2472.5 s. The tags no longer account for the field they partition; see output/a2_none_dt2p5/output_0000/water_tag_closure.csv.
└ @ ClimaAtmos ~/git/ClimaAtmosResiDyn.jl/src/parameterized_tendencies/tagged_tracers/tagged_tracers.jl:590
┌ Warning: water tag closure residual 1.686144575258054e-6 exceeds the configured tolerance 1.0e-10 at t = 2475.0 s. The tags no longer account for the field they partition; see output/a2_none_dt2p5/output_0000/water_tag_closure.csv.
└ @ ClimaAtmos ~/git/ClimaAtmosResiDyn.jl/src/parameterized_tendencies/tagged_tracers/tagged_tracers.jl:590
┌ Warning: water tag closure residual 1.6861105902892884e-6 exceeds the configured tolerance 1.0e-10 at t = 2477.5 s. The tags no longer account for the field they partition; see output/a2_none_dt2p5/output_0000/water_tag_closure.csv.
└ @ ClimaAtmos ~/git/ClimaAtmosResiDyn.jl/src/parameterized_tendencies/tagged_tracers/tagged_tracers.jl:590
┌ Warning: water tag closure residual 1.686076612910164e-6 exceeds the configured tolerance 1.0e-10 at t = 2480.0 s. The tags no longer account for the field they partition; see output/a2_none_dt2p5/output_0000/water_tag_closure.csv.
└ @ ClimaAtmos ~/git/ClimaAtmosResiDyn.jl/src/parameterized_tendencies/tagged_tracers/tagged_tracers.jl:590
┌ Warning: water tag closure residual 1.6860426429704623e-6 exceeds the configured tolerance 1.0e-10 at t = 2482.5 s. The tags no longer account for the field they partition; see output/a2_none_dt2p5/output_0000/water_tag_closure.csv.
└ @ ClimaAtmos ~/git/ClimaAtmosResiDyn.jl/src/parameterized_tendencies/tagged_tracers/tagged_tracers.jl:590
┌ Warning: water tag closure residual 1.6860086805687928e-6 exceeds the configured tolerance 1.0e-10 at t = 2485.0 s. The tags no longer account for the field they partition; see output/a2_none_dt2p5/output_0000/water_tag_closure.csv.
└ @ ClimaAtmos ~/git/ClimaAtmosResiDyn.jl/src/parameterized_tendencies/tagged_tracers/tagged_tracers.jl:590
┌ Warning: water tag closure residual 1.6859747256417553e-6 exceeds the configured tolerance 1.0e-10 at t = 2487.5 s. The tags no longer account for the field they partition; see output/a2_none_dt2p5/output_0000/water_tag_closure.csv.
└ @ ClimaAtmos ~/git/ClimaAtmosResiDyn.jl/src/parameterized_tendencies/tagged_tracers/tagged_tracers.jl:590
┌ Warning: water tag closure residual 1.68594077814713e-6 exceeds the configured tolerance 1.0e-10 at t = 2490.0 s. The tags no longer account for the field they partition; see output/a2_none_dt2p5/output_0000/water_tag_closure.csv.
└ @ ClimaAtmos ~/git/ClimaAtmosResiDyn.jl/src/parameterized_tendencies/tagged_tracers/tagged_tracers.jl:590
┌ Warning: water tag closure residual 1.6859068380918229e-6 exceeds the configured tolerance 1.0e-10 at t = 2492.5 s. The tags no longer account for the field they partition; see output/a2_none_dt2p5/output_0000/water_tag_closure.csv.
└ @ ClimaAtmos ~/git/ClimaAtmosResiDyn.jl/src/parameterized_tendencies/tagged_tracers/tagged_tracers.jl:590
┌ Warning: water tag closure residual 1.6858729055317714e-6 exceeds the configured tolerance 1.0e-10 at t = 2495.0 s. The tags no longer account for the field they partition; see output/a2_none_dt2p5/output_0000/water_tag_closure.csv.
└ @ ClimaAtmos ~/git/ClimaAtmosResiDyn.jl/src/parameterized_tendencies/tagged_tracers/tagged_tracers.jl:590
┌ Warning: water tag closure residual 1.685838980430454e-6 exceeds the configured tolerance 1.0e-10 at t = 2497.5 s. The tags no longer account for the field they partition; see output/a2_none_dt2p5/output_0000/water_tag_closure.csv.
└ @ ClimaAtmos ~/git/ClimaAtmosResiDyn.jl/src/parameterized_tendencies/tagged_tracers/tagged_tracers.jl:590
┌ Warning: water tag closure residual 1.6858050627497698e-6 exceeds the configured tolerance 1.0e-10 at t = 2500.0 s. The tags no longer account for the field they partition; see output/a2_none_dt2p5/output_0000/water_tag_closure.csv.
└ @ ClimaAtmos ~/git/ClimaAtmosResiDyn.jl/src/parameterized_tendencies/tagged_tracers/tagged_tracers.jl:590
┌ Warning: water tag closure residual 1.6857711524394108e-6 exceeds the configured tolerance 1.0e-10 at t = 2502.5 s. The tags no longer account for the field they partition; see output/a2_none_dt2p5/output_0000/water_tag_closure.csv.
└ @ ClimaAtmos ~/git/ClimaAtmosResiDyn.jl/src/parameterized_tendencies/tagged_tracers/tagged_tracers.jl:590
┌ Warning: water tag closure residual 1.6857372495459239e-6 exceeds the configured tolerance 1.0e-10 at t = 2505.0 s. The tags no longer account for the field they partition; see output/a2_none_dt2p5/output_0000/water_tag_closure.csv.
└ @ ClimaAtmos ~/git/ClimaAtmosResiDyn.jl/src/parameterized_tendencies/tagged_tracers/tagged_tracers.jl:590
┌ Warning: water tag closure residual 1.6857033540978854e-6 exceeds the configured tolerance 1.0e-10 at t = 2507.5 s. The tags no longer account for the field they partition; see output/a2_none_dt2p5/output_0000/water_tag_closure.csv.
└ @ ClimaAtmos ~/git/ClimaAtmosResiDyn.jl/src/parameterized_tendencies/tagged_tracers/tagged_tracers.jl:590
┌ Warning: water tag closure residual 1.6856694661368477e-6 exceeds the configured tolerance 1.0e-10 at t = 2510.0 s. The tags no longer account for the field they partition; see output/a2_none_dt2p5/output_0000/water_tag_closure.csv.
└ @ ClimaAtmos ~/git/ClimaAtmosResiDyn.jl/src/parameterized_tendencies/tagged_tracers/tagged_tracers.jl:590
┌ Warning: water tag closure residual 1.6856355854966159e-6 exceeds the configured tolerance 1.0e-10 at t = 2512.5 s. The tags no longer account for the field they partition; see output/a2_none_dt2p5/output_0000/water_tag_closure.csv.
└ @ ClimaAtmos ~/git/ClimaAtmosResiDyn.jl/src/parameterized_tendencies/tagged_tracers/tagged_tracers.jl:590
┌ Warning: water tag closure residual 1.6856017123622636e-6 exceeds the configured tolerance 1.0e-10 at t = 2515.0 s. The tags no longer account for the field they partition; see output/a2_none_dt2p5/output_0000/water_tag_closure.csv.
└ @ ClimaAtmos ~/git/ClimaAtmosResiDyn.jl/src/parameterized_tendencies/tagged_tracers/tagged_tracers.jl:590
┌ Warning: water tag closure residual 1.685567846610723e-6 exceeds the configured tolerance 1.0e-10 at t = 2517.5 s. The tags no longer account for the field they partition; see output/a2_none_dt2p5/output_0000/water_tag_closure.csv.
└ @ ClimaAtmos ~/git/ClimaAtmosResiDyn.jl/src/parameterized_tendencies/tagged_tracers/tagged_tracers.jl:590
┌ Warning: water tag closure residual 1.6855339881279634e-6 exceeds the configured tolerance 1.0e-10 at t = 2520.0 s. The tags no longer account for the field they partition; see output/a2_none_dt2p5/output_0000/water_tag_closure.csv.
└ @ ClimaAtmos ~/git/ClimaAtmosResiDyn.jl/src/parameterized_tendencies/tagged_tracers/tagged_tracers.jl:590
┌ Warning: water tag closure residual 1.6855001370049246e-6 exceeds the configured tolerance 1.0e-10 at t = 2522.5 s. The tags no longer account for the field they partition; see output/a2_none_dt2p5/output_0000/water_tag_closure.csv.
└ @ ClimaAtmos ~/git/ClimaAtmosResiDyn.jl/src/parameterized_tendencies/tagged_tracers/tagged_tracers.jl:590
┌ Warning: water tag closure residual 1.6854662932741907e-6 exceeds the configured tolerance 1.0e-10 at t = 2525.0 s. The tags no longer account for the field they partition; see output/a2_none_dt2p5/output_0000/water_tag_closure.csv.
└ @ ClimaAtmos ~/git/ClimaAtmosResiDyn.jl/src/parameterized_tendencies/tagged_tracers/tagged_tracers.jl:590
┌ Warning: water tag closure residual 1.6854324569349914e-6 exceeds the configured tolerance 1.0e-10 at t = 2527.5 s. The tags no longer account for the field they partition; see output/a2_none_dt2p5/output_0000/water_tag_closure.csv.
└ @ ClimaAtmos ~/git/ClimaAtmosResiDyn.jl/src/parameterized_tendencies/tagged_tracers/tagged_tracers.jl:590
┌ Warning: water tag closure residual 1.6853986278560244e-6 exceeds the configured tolerance 1.0e-10 at t = 2530.0 s. The tags no longer account for the field they partition; see output/a2_none_dt2p5/output_0000/water_tag_closure.csv.
└ @ ClimaAtmos ~/git/ClimaAtmosResiDyn.jl/src/parameterized_tendencies/tagged_tracers/tagged_tracers.jl:590
┌ Warning: water tag closure residual 1.6853648061179195e-6 exceeds the configured tolerance 1.0e-10 at t = 2532.5 s. The tags no longer account for the field they partition; see output/a2_none_dt2p5/output_0000/water_tag_closure.csv.
└ @ ClimaAtmos ~/git/ClimaAtmosResiDyn.jl/src/parameterized_tendencies/tagged_tracers/tagged_tracers.jl:590
┌ Warning: water tag closure residual 1.6853309918121596e-6 exceeds the configured tolerance 1.0e-10 at t = 2535.0 s. The tags no longer account for the field they partition; see output/a2_none_dt2p5/output_0000/water_tag_closure.csv.
└ @ ClimaAtmos ~/git/ClimaAtmosResiDyn.jl/src/parameterized_tendencies/tagged_tracers/tagged_tracers.jl:590
┌ Warning: water tag closure residual 1.685297184770713e-6 exceeds the configured tolerance 1.0e-10 at t = 2537.5 s. The tags no longer account for the field they partition; see output/a2_none_dt2p5/output_0000/water_tag_closure.csv.
└ @ ClimaAtmos ~/git/ClimaAtmosResiDyn.jl/src/parameterized_tendencies/tagged_tracers/tagged_tracers.jl:590
┌ Warning: water tag closure residual 1.6852633850937977e-6 exceeds the configured tolerance 1.0e-10 at t = 2540.0 s. The tags no longer account for the field they partition; see output/a2_none_dt2p5/output_0000/water_tag_closure.csv.
└ @ ClimaAtmos ~/git/ClimaAtmosResiDyn.jl/src/parameterized_tendencies/tagged_tracers/tagged_tracers.jl:590
┌ Warning: water tag closure residual 1.6852295928055166e-6 exceeds the configured tolerance 1.0e-10 at t = 2542.5 s. The tags no longer account for the field they partition; see output/a2_none_dt2p5/output_0000/water_tag_closure.csv.
└ @ ClimaAtmos ~/git/ClimaAtmosResiDyn.jl/src/parameterized_tendencies/tagged_tracers/tagged_tracers.jl:590
┌ Warning: water tag closure residual 1.6851958077439252e-6 exceeds the configured tolerance 1.0e-10 at t = 2545.0 s. The tags no longer account for the field they partition; see output/a2_none_dt2p5/output_0000/water_tag_closure.csv.
└ @ ClimaAtmos ~/git/ClimaAtmosResiDyn.jl/src/parameterized_tendencies/tagged_tracers/tagged_tracers.jl:590
┌ Warning: water tag closure residual 1.685162030083993e-6 exceeds the configured tolerance 1.0e-10 at t = 2547.5 s. The tags no longer account for the field they partition; see output/a2_none_dt2p5/output_0000/water_tag_closure.csv.
└ @ ClimaAtmos ~/git/ClimaAtmosResiDyn.jl/src/parameterized_tendencies/tagged_tracers/tagged_tracers.jl:590
┌ Warning: water tag closure residual 1.6851282597172312e-6 exceeds the configured tolerance 1.0e-10 at t = 2550.0 s. The tags no longer account for the field they partition; see output/a2_none_dt2p5/output_0000/water_tag_closure.csv.
└ @ ClimaAtmos ~/git/ClimaAtmosResiDyn.jl/src/parameterized_tendencies/tagged_tracers/tagged_tracers.jl:590
┌ Warning: water tag closure residual 1.685094496616833e-6 exceeds the configured tolerance 1.0e-10 at t = 2552.5 s. The tags no longer account for the field they partition; see output/a2_none_dt2p5/output_0000/water_tag_closure.csv.
└ @ ClimaAtmos ~/git/ClimaAtmosResiDyn.jl/src/parameterized_tendencies/tagged_tracers/tagged_tracers.jl:590
┌ Warning: water tag closure residual 1.6850607407622073e-6 exceeds the configured tolerance 1.0e-10 at t = 2555.0 s. The tags no longer account for the field they partition; see output/a2_none_dt2p5/output_0000/water_tag_closure.csv.
└ @ ClimaAtmos ~/git/ClimaAtmosResiDyn.jl/src/parameterized_tendencies/tagged_tracers/tagged_tracers.jl:590
┌ Warning: water tag closure residual 1.6850269921969814e-6 exceeds the configured tolerance 1.0e-10 at t = 2557.5 s. The tags no longer account for the field they partition; see output/a2_none_dt2p5/output_0000/water_tag_closure.csv.
└ @ ClimaAtmos ~/git/ClimaAtmosResiDyn.jl/src/parameterized_tendencies/tagged_tracers/tagged_tracers.jl:590
┌ Info: Progress
│   simulation_time = "42 minutes, 37 seconds"
│   n_steps_completed = 1023
│   wall_time_per_step = "3 milliseconds, 886 microseconds"
│   wall_time_total = "5 seconds, 596 milliseconds"
│   wall_time_remaining = "1 second, 620 milliseconds"
│   wall_time_spent = "3 seconds, 975 milliseconds"
│   percent_complete = "71.0%"
│   estimated_sypd = "1.761"
│   instantaneous_sypd = "2.412"
│   date_now = 2026-09-10T00:49:26.546
└   estimated_finish_date = 2026-09-10T00:49:28.546
┌ Warning: water tag closure residual 1.6849932508730083e-6 exceeds the configured tolerance 1.0e-10 at t = 2560.0 s. The tags no longer account for the field they partition; see output/a2_none_dt2p5/output_0000/water_tag_closure.csv.
└ @ ClimaAtmos ~/git/ClimaAtmosResiDyn.jl/src/parameterized_tendencies/tagged_tracers/tagged_tracers.jl:590
┌ Info: Progress
│   simulation_time = "42 minutes, 40 seconds"
│   n_steps_completed = 1024
│   wall_time_per_step = "3 milliseconds, 884 microseconds"
│   wall_time_total = "5 seconds, 593 milliseconds"
│   wall_time_remaining = "1 second, 615 milliseconds"
│   wall_time_spent = "3 seconds, 977 milliseconds"
│   percent_complete = "71.1%"
│   estimated_sypd = "1.762"
│   instantaneous_sypd = "3.331"
│   date_now = 2026-09-10T00:49:26.548
└   estimated_finish_date = 2026-09-10T00:49:28.548
┌ Warning: water tag closure residual 1.6849595169160268e-6 exceeds the configured tolerance 1.0e-10 at t = 2562.5 s. The tags no longer account for the field they partition; see output/a2_none_dt2p5/output_0000/water_tag_closure.csv.
└ @ ClimaAtmos ~/git/ClimaAtmosResiDyn.jl/src/parameterized_tendencies/tagged_tracers/tagged_tracers.jl:590
┌ Warning: water tag closure residual 1.6849257900890879e-6 exceeds the configured tolerance 1.0e-10 at t = 2565.0 s. The tags no longer account for the field they partition; see output/a2_none_dt2p5/output_0000/water_tag_closure.csv.
└ @ ClimaAtmos ~/git/ClimaAtmosResiDyn.jl/src/parameterized_tendencies/tagged_tracers/tagged_tracers.jl:590
┌ Warning: water tag closure residual 1.6848920705955825e-6 exceeds the configured tolerance 1.0e-10 at t = 2567.5 s. The tags no longer account for the field they partition; see output/a2_none_dt2p5/output_0000/water_tag_closure.csv.
└ @ ClimaAtmos ~/git/ClimaAtmosResiDyn.jl/src/parameterized_tendencies/tagged_tracers/tagged_tracers.jl:590
┌ Warning: water tag closure residual 1.684858358309685e-6 exceeds the configured tolerance 1.0e-10 at t = 2570.0 s. The tags no longer account for the field they partition; see output/a2_none_dt2p5/output_0000/water_tag_closure.csv.
└ @ ClimaAtmos ~/git/ClimaAtmosResiDyn.jl/src/parameterized_tendencies/tagged_tracers/tagged_tracers.jl:590
┌ Warning: water tag closure residual 1.6848246533265012e-6 exceeds the configured tolerance 1.0e-10 at t = 2572.5 s. The tags no longer account for the field they partition; see output/a2_none_dt2p5/output_0000/water_tag_closure.csv.
└ @ ClimaAtmos ~/git/ClimaAtmosResiDyn.jl/src/parameterized_tendencies/tagged_tracers/tagged_tracers.jl:590
┌ Warning: water tag closure residual 1.6847909555708293e-6 exceeds the configured tolerance 1.0e-10 at t = 2575.0 s. The tags no longer account for the field they partition; see output/a2_none_dt2p5/output_0000/water_tag_closure.csv.
└ @ ClimaAtmos ~/git/ClimaAtmosResiDyn.jl/src/parameterized_tendencies/tagged_tracers/tagged_tracers.jl:590
┌ Warning: water tag closure residual 1.6847572650538787e-6 exceeds the configured tolerance 1.0e-10 at t = 2577.5 s. The tags no longer account for the field they partition; see output/a2_none_dt2p5/output_0000/water_tag_closure.csv.
└ @ ClimaAtmos ~/git/ClimaAtmosResiDyn.jl/src/parameterized_tendencies/tagged_tracers/tagged_tracers.jl:590
┌ Warning: water tag closure residual 1.6847235817291739e-6 exceeds the configured tolerance 1.0e-10 at t = 2580.0 s. The tags no longer account for the field they partition; see output/a2_none_dt2p5/output_0000/water_tag_closure.csv.
└ @ ClimaAtmos ~/git/ClimaAtmosResiDyn.jl/src/parameterized_tendencies/tagged_tracers/tagged_tracers.jl:590
┌ Warning: water tag closure residual 1.684689905604829e-6 exceeds the configured tolerance 1.0e-10 at t = 2582.5 s. The tags no longer account for the field they partition; see output/a2_none_dt2p5/output_0000/water_tag_closure.csv.
└ @ ClimaAtmos ~/git/ClimaAtmosResiDyn.jl/src/parameterized_tendencies/tagged_tracers/tagged_tracers.jl:590
┌ Warning: water tag closure residual 1.684656236724376e-6 exceeds the configured tolerance 1.0e-10 at t = 2585.0 s. The tags no longer account for the field they partition; see output/a2_none_dt2p5/output_0000/water_tag_closure.csv.
└ @ ClimaAtmos ~/git/ClimaAtmosResiDyn.jl/src/parameterized_tendencies/tagged_tracers/tagged_tracers.jl:590
┌ Warning: water tag closure residual 1.6846225750771806e-6 exceeds the configured tolerance 1.0e-10 at t = 2587.5 s. The tags no longer account for the field they partition; see output/a2_none_dt2p5/output_0000/water_tag_closure.csv.
└ @ ClimaAtmos ~/git/ClimaAtmosResiDyn.jl/src/parameterized_tendencies/tagged_tracers/tagged_tracers.jl:590
┌ Warning: water tag closure residual 1.6845889206061232e-6 exceeds the configured tolerance 1.0e-10 at t = 2590.0 s. The tags no longer account for the field they partition; see output/a2_none_dt2p5/output_0000/water_tag_closure.csv.
└ @ ClimaAtmos ~/git/ClimaAtmosResiDyn.jl/src/parameterized_tendencies/tagged_tracers/tagged_tracers.jl:590
┌ Warning: water tag closure residual 1.6845552732913594e-6 exceeds the configured tolerance 1.0e-10 at t = 2592.5 s. The tags no longer account for the field they partition; see output/a2_none_dt2p5/output_0000/water_tag_closure.csv.
└ @ ClimaAtmos ~/git/ClimaAtmosResiDyn.jl/src/parameterized_tendencies/tagged_tracers/tagged_tracers.jl:590
┌ Warning: water tag closure residual 1.6845216331782127e-6 exceeds the configured tolerance 1.0e-10 at t = 2595.0 s. The tags no longer account for the field they partition; see output/a2_none_dt2p5/output_0000/water_tag_closure.csv.
└ @ ClimaAtmos ~/git/ClimaAtmosResiDyn.jl/src/parameterized_tendencies/tagged_tracers/tagged_tracers.jl:590
┌ Warning: water tag closure residual 1.6844880002084815e-6 exceeds the configured tolerance 1.0e-10 at t = 2597.5 s. The tags no longer account for the field they partition; see output/a2_none_dt2p5/output_0000/water_tag_closure.csv.
└ @ ClimaAtmos ~/git/ClimaAtmosResiDyn.jl/src/parameterized_tendencies/tagged_tracers/tagged_tracers.jl:590
┌ Warning: water tag closure residual 1.6844543743454154e-6 exceeds the configured tolerance 1.0e-10 at t = 2600.0 s. The tags no longer account for the field they partition; see output/a2_none_dt2p5/output_0000/water_tag_closure.csv.
└ @ ClimaAtmos ~/git/ClimaAtmosResiDyn.jl/src/parameterized_tendencies/tagged_tracers/tagged_tracers.jl:590
┌ Warning: water tag closure residual 1.684420755712722e-6 exceeds the configured tolerance 1.0e-10 at t = 2602.5 s. The tags no longer account for the field they partition; see output/a2_none_dt2p5/output_0000/water_tag_closure.csv.
└ @ ClimaAtmos ~/git/ClimaAtmosResiDyn.jl/src/parameterized_tendencies/tagged_tracers/tagged_tracers.jl:590
┌ Warning: water tag closure residual 1.6843871441859067e-6 exceeds the configured tolerance 1.0e-10 at t = 2605.0 s. The tags no longer account for the field they partition; see output/a2_none_dt2p5/output_0000/water_tag_closure.csv.
└ @ ClimaAtmos ~/git/ClimaAtmosResiDyn.jl/src/parameterized_tendencies/tagged_tracers/tagged_tracers.jl:590
┌ Warning: water tag closure residual 1.6843535398866945e-6 exceeds the configured tolerance 1.0e-10 at t = 2607.5 s. The tags no longer account for the field they partition; see output/a2_none_dt2p5/output_0000/water_tag_closure.csv.
└ @ ClimaAtmos ~/git/ClimaAtmosResiDyn.jl/src/parameterized_tendencies/tagged_tracers/tagged_tracers.jl:590
┌ Warning: water tag closure residual 1.6843199427121152e-6 exceeds the configured tolerance 1.0e-10 at t = 2610.0 s. The tags no longer account for the field they partition; see output/a2_none_dt2p5/output_0000/water_tag_closure.csv.
└ @ ClimaAtmos ~/git/ClimaAtmosResiDyn.jl/src/parameterized_tendencies/tagged_tracers/tagged_tracers.jl:590
┌ Warning: water tag closure residual 1.6842863526143843e-6 exceeds the configured tolerance 1.0e-10 at t = 2612.5 s. The tags no longer account for the field they partition; see output/a2_none_dt2p5/output_0000/water_tag_closure.csv.
└ @ ClimaAtmos ~/git/ClimaAtmosResiDyn.jl/src/parameterized_tendencies/tagged_tracers/tagged_tracers.jl:590
┌ Warning: water tag closure residual 1.6842527697021384e-6 exceeds the configured tolerance 1.0e-10 at t = 2615.0 s. The tags no longer account for the field they partition; see output/a2_none_dt2p5/output_0000/water_tag_closure.csv.
└ @ ClimaAtmos ~/git/ClimaAtmosResiDyn.jl/src/parameterized_tendencies/tagged_tracers/tagged_tracers.jl:590
┌ Warning: water tag closure residual 1.6842191939289025e-6 exceeds the configured tolerance 1.0e-10 at t = 2617.5 s. The tags no longer account for the field they partition; see output/a2_none_dt2p5/output_0000/water_tag_closure.csv.
└ @ ClimaAtmos ~/git/ClimaAtmosResiDyn.jl/src/parameterized_tendencies/tagged_tracers/tagged_tracers.jl:590
┌ Warning: water tag closure residual 1.684185625256444e-6 exceeds the configured tolerance 1.0e-10 at t = 2620.0 s. The tags no longer account for the field they partition; see output/a2_none_dt2p5/output_0000/water_tag_closure.csv.
└ @ ClimaAtmos ~/git/ClimaAtmosResiDyn.jl/src/parameterized_tendencies/tagged_tracers/tagged_tracers.jl:590
┌ Warning: water tag closure residual 1.6841520637312797e-6 exceeds the configured tolerance 1.0e-10 at t = 2622.5 s. The tags no longer account for the field they partition; see output/a2_none_dt2p5/output_0000/water_tag_closure.csv.
└ @ ClimaAtmos ~/git/ClimaAtmosResiDyn.jl/src/parameterized_tendencies/tagged_tracers/tagged_tracers.jl:590
┌ Warning: water tag closure residual 1.6841185093275032e-6 exceeds the configured tolerance 1.0e-10 at t = 2625.0 s. The tags no longer account for the field they partition; see output/a2_none_dt2p5/output_0000/water_tag_closure.csv.
└ @ ClimaAtmos ~/git/ClimaAtmosResiDyn.jl/src/parameterized_tendencies/tagged_tracers/tagged_tracers.jl:590
┌ Warning: water tag closure residual 1.684084962032718e-6 exceeds the configured tolerance 1.0e-10 at t = 2627.5 s. The tags no longer account for the field they partition; see output/a2_none_dt2p5/output_0000/water_tag_closure.csv.
└ @ ClimaAtmos ~/git/ClimaAtmosResiDyn.jl/src/parameterized_tendencies/tagged_tracers/tagged_tracers.jl:590
┌ Warning: water tag closure residual 1.6840514217582096e-6 exceeds the configured tolerance 1.0e-10 at t = 2630.0 s. The tags no longer account for the field they partition; see output/a2_none_dt2p5/output_0000/water_tag_closure.csv.
└ @ ClimaAtmos ~/git/ClimaAtmosResiDyn.jl/src/parameterized_tendencies/tagged_tracers/tagged_tracers.jl:590
┌ Warning: water tag closure residual 1.6840178886656825e-6 exceeds the configured tolerance 1.0e-10 at t = 2632.5 s. The tags no longer account for the field they partition; see output/a2_none_dt2p5/output_0000/water_tag_closure.csv.
└ @ ClimaAtmos ~/git/ClimaAtmosResiDyn.jl/src/parameterized_tendencies/tagged_tracers/tagged_tracers.jl:590
┌ Warning: water tag closure residual 1.6839843625655359e-6 exceeds the configured tolerance 1.0e-10 at t = 2635.0 s. The tags no longer account for the field they partition; see output/a2_none_dt2p5/output_0000/water_tag_closure.csv.
└ @ ClimaAtmos ~/git/ClimaAtmosResiDyn.jl/src/parameterized_tendencies/tagged_tracers/tagged_tracers.jl:590
┌ Warning: water tag closure residual 1.683950843595141e-6 exceeds the configured tolerance 1.0e-10 at t = 2637.5 s. The tags no longer account for the field they partition; see output/a2_none_dt2p5/output_0000/water_tag_closure.csv.
└ @ ClimaAtmos ~/git/ClimaAtmosResiDyn.jl/src/parameterized_tendencies/tagged_tracers/tagged_tracers.jl:590
┌ Warning: water tag closure residual 1.683917331567467e-6 exceeds the configured tolerance 1.0e-10 at t = 2640.0 s. The tags no longer account for the field they partition; see output/a2_none_dt2p5/output_0000/water_tag_closure.csv.
└ @ ClimaAtmos ~/git/ClimaAtmosResiDyn.jl/src/parameterized_tendencies/tagged_tracers/tagged_tracers.jl:590
┌ Warning: water tag closure residual 1.6838838266645713e-6 exceeds the configured tolerance 1.0e-10 at t = 2642.5 s. The tags no longer account for the field they partition; see output/a2_none_dt2p5/output_0000/water_tag_closure.csv.
└ @ ClimaAtmos ~/git/ClimaAtmosResiDyn.jl/src/parameterized_tendencies/tagged_tracers/tagged_tracers.jl:590
┌ Warning: water tag closure residual 1.6838503288357e-6 exceeds the configured tolerance 1.0e-10 at t = 2645.0 s. The tags no longer account for the field they partition; see output/a2_none_dt2p5/output_0000/water_tag_closure.csv.
└ @ ClimaAtmos ~/git/ClimaAtmosResiDyn.jl/src/parameterized_tendencies/tagged_tracers/tagged_tracers.jl:590
┌ Warning: water tag closure residual 1.6838168380754151e-6 exceeds the configured tolerance 1.0e-10 at t = 2647.5 s. The tags no longer account for the field they partition; see output/a2_none_dt2p5/output_0000/water_tag_closure.csv.
└ @ ClimaAtmos ~/git/ClimaAtmosResiDyn.jl/src/parameterized_tendencies/tagged_tracers/tagged_tracers.jl:590
┌ Warning: water tag closure residual 1.6837833543655337e-6 exceeds the configured tolerance 1.0e-10 at t = 2650.0 s. The tags no longer account for the field they partition; see output/a2_none_dt2p5/output_0000/water_tag_closure.csv.
└ @ ClimaAtmos ~/git/ClimaAtmosResiDyn.jl/src/parameterized_tendencies/tagged_tracers/tagged_tracers.jl:590
┌ Warning: water tag closure residual 1.6837498776414162e-6 exceeds the configured tolerance 1.0e-10 at t = 2652.5 s. The tags no longer account for the field they partition; see output/a2_none_dt2p5/output_0000/water_tag_closure.csv.
└ @ ClimaAtmos ~/git/ClimaAtmosResiDyn.jl/src/parameterized_tendencies/tagged_tracers/tagged_tracers.jl:590
┌ Warning: water tag closure residual 1.6837164079639601e-6 exceeds the configured tolerance 1.0e-10 at t = 2655.0 s. The tags no longer account for the field they partition; see output/a2_none_dt2p5/output_0000/water_tag_closure.csv.
└ @ ClimaAtmos ~/git/ClimaAtmosResiDyn.jl/src/parameterized_tendencies/tagged_tracers/tagged_tracers.jl:590
┌ Warning: water tag closure residual 1.6836829452308778e-6 exceeds the configured tolerance 1.0e-10 at t = 2657.5 s. The tags no longer account for the field they partition; see output/a2_none_dt2p5/output_0000/water_tag_closure.csv.
└ @ ClimaAtmos ~/git/ClimaAtmosResiDyn.jl/src/parameterized_tendencies/tagged_tracers/tagged_tracers.jl:590
┌ Warning: water tag closure residual 1.6836494895532156e-6 exceeds the configured tolerance 1.0e-10 at t = 2660.0 s. The tags no longer account for the field they partition; see output/a2_none_dt2p5/output_0000/water_tag_closure.csv.
└ @ ClimaAtmos ~/git/ClimaAtmosResiDyn.jl/src/parameterized_tendencies/tagged_tracers/tagged_tracers.jl:590
┌ Warning: water tag closure residual 1.683616040913233e-6 exceeds the configured tolerance 1.0e-10 at t = 2662.5 s. The tags no longer account for the field they partition; see output/a2_none_dt2p5/output_0000/water_tag_closure.csv.
└ @ ClimaAtmos ~/git/ClimaAtmosResiDyn.jl/src/parameterized_tendencies/tagged_tracers/tagged_tracers.jl:590
┌ Warning: water tag closure residual 1.6835825992448704e-6 exceeds the configured tolerance 1.0e-10 at t = 2665.0 s. The tags no longer account for the field they partition; see output/a2_none_dt2p5/output_0000/water_tag_closure.csv.
└ @ ClimaAtmos ~/git/ClimaAtmosResiDyn.jl/src/parameterized_tendencies/tagged_tracers/tagged_tracers.jl:590
┌ Warning: water tag closure residual 1.6835491645980992e-6 exceeds the configured tolerance 1.0e-10 at t = 2667.5 s. The tags no longer account for the field they partition; see output/a2_none_dt2p5/output_0000/water_tag_closure.csv.
└ @ ClimaAtmos ~/git/ClimaAtmosResiDyn.jl/src/parameterized_tendencies/tagged_tracers/tagged_tracers.jl:590
┌ Warning: water tag closure residual 1.6835157370777746e-6 exceeds the configured tolerance 1.0e-10 at t = 2670.0 s. The tags no longer account for the field they partition; see output/a2_none_dt2p5/output_0000/water_tag_closure.csv.
└ @ ClimaAtmos ~/git/ClimaAtmosResiDyn.jl/src/parameterized_tendencies/tagged_tracers/tagged_tracers.jl:590
┌ Warning: water tag closure residual 1.683482316435604e-6 exceeds the configured tolerance 1.0e-10 at t = 2672.5 s. The tags no longer account for the field they partition; see output/a2_none_dt2p5/output_0000/water_tag_closure.csv.
└ @ ClimaAtmos ~/git/ClimaAtmosResiDyn.jl/src/parameterized_tendencies/tagged_tracers/tagged_tracers.jl:590
┌ Warning: water tag closure residual 1.6834489036101452e-6 exceeds the configured tolerance 1.0e-10 at t = 2675.0 s. The tags no longer account for the field they partition; see output/a2_none_dt2p5/output_0000/water_tag_closure.csv.
└ @ ClimaAtmos ~/git/ClimaAtmosResiDyn.jl/src/parameterized_tendencies/tagged_tracers/tagged_tracers.jl:590
┌ Warning: water tag closure residual 1.683415497526243e-6 exceeds the configured tolerance 1.0e-10 at t = 2677.5 s. The tags no longer account for the field they partition; see output/a2_none_dt2p5/output_0000/water_tag_closure.csv.
└ @ ClimaAtmos ~/git/ClimaAtmosResiDyn.jl/src/parameterized_tendencies/tagged_tracers/tagged_tracers.jl:590
┌ Warning: water tag closure residual 1.683382097890662e-6 exceeds the configured tolerance 1.0e-10 at t = 2680.0 s. The tags no longer account for the field they partition; see output/a2_none_dt2p5/output_0000/water_tag_closure.csv.
└ @ ClimaAtmos ~/git/ClimaAtmosResiDyn.jl/src/parameterized_tendencies/tagged_tracers/tagged_tracers.jl:590
┌ Warning: water tag closure residual 1.6833487051506967e-6 exceeds the configured tolerance 1.0e-10 at t = 2682.5 s. The tags no longer account for the field they partition; see output/a2_none_dt2p5/output_0000/water_tag_closure.csv.
└ @ ClimaAtmos ~/git/ClimaAtmosResiDyn.jl/src/parameterized_tendencies/tagged_tracers/tagged_tracers.jl:590
┌ Warning: water tag closure residual 1.6833153198386935e-6 exceeds the configured tolerance 1.0e-10 at t = 2685.0 s. The tags no longer account for the field they partition; see output/a2_none_dt2p5/output_0000/water_tag_closure.csv.
└ @ ClimaAtmos ~/git/ClimaAtmosResiDyn.jl/src/parameterized_tendencies/tagged_tracers/tagged_tracers.jl:590
┌ Warning: water tag closure residual 1.6832819413245583e-6 exceeds the configured tolerance 1.0e-10 at t = 2687.5 s. The tags no longer account for the field they partition; see output/a2_none_dt2p5/output_0000/water_tag_closure.csv.
└ @ ClimaAtmos ~/git/ClimaAtmosResiDyn.jl/src/parameterized_tendencies/tagged_tracers/tagged_tracers.jl:590
┌ Warning: water tag closure residual 1.683248569413661e-6 exceeds the configured tolerance 1.0e-10 at t = 2690.0 s. The tags no longer account for the field they partition; see output/a2_none_dt2p5/output_0000/water_tag_closure.csv.
└ @ ClimaAtmos ~/git/ClimaAtmosResiDyn.jl/src/parameterized_tendencies/tagged_tracers/tagged_tracers.jl:590
┌ Warning: water tag closure residual 1.6832152045530972e-6 exceeds the configured tolerance 1.0e-10 at t = 2692.5 s. The tags no longer account for the field they partition; see output/a2_none_dt2p5/output_0000/water_tag_closure.csv.
└ @ ClimaAtmos ~/git/ClimaAtmosResiDyn.jl/src/parameterized_tendencies/tagged_tracers/tagged_tracers.jl:590
┌ Warning: water tag closure residual 1.6831818468993347e-6 exceeds the configured tolerance 1.0e-10 at t = 2695.0 s. The tags no longer account for the field they partition; see output/a2_none_dt2p5/output_0000/water_tag_closure.csv.
└ @ ClimaAtmos ~/git/ClimaAtmosResiDyn.jl/src/parameterized_tendencies/tagged_tracers/tagged_tracers.jl:590
┌ Warning: water tag closure residual 1.6831484958819278e-6 exceeds the configured tolerance 1.0e-10 at t = 2697.5 s. The tags no longer account for the field they partition; see output/a2_none_dt2p5/output_0000/water_tag_closure.csv.
└ @ ClimaAtmos ~/git/ClimaAtmosResiDyn.jl/src/parameterized_tendencies/tagged_tracers/tagged_tracers.jl:590
┌ Warning: water tag closure residual 1.6831151516555339e-6 exceeds the configured tolerance 1.0e-10 at t = 2700.0 s. The tags no longer account for the field they partition; see output/a2_none_dt2p5/output_0000/water_tag_closure.csv.
└ @ ClimaAtmos ~/git/ClimaAtmosResiDyn.jl/src/parameterized_tendencies/tagged_tracers/tagged_tracers.jl:590
┌ Warning: water tag closure residual 1.6830818145154576e-6 exceeds the configured tolerance 1.0e-10 at t = 2702.5 s. The tags no longer account for the field they partition; see output/a2_none_dt2p5/output_0000/water_tag_closure.csv.
└ @ ClimaAtmos ~/git/ClimaAtmosResiDyn.jl/src/parameterized_tendencies/tagged_tracers/tagged_tracers.jl:590
┌ Warning: water tag closure residual 1.6830484843964427e-6 exceeds the configured tolerance 1.0e-10 at t = 2705.0 s. The tags no longer account for the field they partition; see output/a2_none_dt2p5/output_0000/water_tag_closure.csv.
└ @ ClimaAtmos ~/git/ClimaAtmosResiDyn.jl/src/parameterized_tendencies/tagged_tracers/tagged_tracers.jl:590
┌ Warning: water tag closure residual 1.6830151611037078e-6 exceeds the configured tolerance 1.0e-10 at t = 2707.5 s. The tags no longer account for the field they partition; see output/a2_none_dt2p5/output_0000/water_tag_closure.csv.
└ @ ClimaAtmos ~/git/ClimaAtmosResiDyn.jl/src/parameterized_tendencies/tagged_tracers/tagged_tracers.jl:590
┌ Warning: water tag closure residual 1.6829818446132347e-6 exceeds the configured tolerance 1.0e-10 at t = 2710.0 s. The tags no longer account for the field they partition; see output/a2_none_dt2p5/output_0000/water_tag_closure.csv.
└ @ ClimaAtmos ~/git/ClimaAtmosResiDyn.jl/src/parameterized_tendencies/tagged_tracers/tagged_tracers.jl:590
┌ Warning: water tag closure residual 1.6829485351133787e-6 exceeds the configured tolerance 1.0e-10 at t = 2712.5 s. The tags no longer account for the field they partition; see output/a2_none_dt2p5/output_0000/water_tag_closure.csv.
└ @ ClimaAtmos ~/git/ClimaAtmosResiDyn.jl/src/parameterized_tendencies/tagged_tracers/tagged_tracers.jl:590
┌ Warning: water tag closure residual 1.6829152325482865e-6 exceeds the configured tolerance 1.0e-10 at t = 2715.0 s. The tags no longer account for the field they partition; see output/a2_none_dt2p5/output_0000/water_tag_closure.csv.
└ @ ClimaAtmos ~/git/ClimaAtmosResiDyn.jl/src/parameterized_tendencies/tagged_tracers/tagged_tracers.jl:590
┌ Warning: water tag closure residual 1.6828819367634985e-6 exceeds the configured tolerance 1.0e-10 at t = 2717.5 s. The tags no longer account for the field they partition; see output/a2_none_dt2p5/output_0000/water_tag_closure.csv.
└ @ ClimaAtmos ~/git/ClimaAtmosResiDyn.jl/src/parameterized_tendencies/tagged_tracers/tagged_tracers.jl:590
┌ Warning: water tag closure residual 1.6828486477761977e-6 exceeds the configured tolerance 1.0e-10 at t = 2720.0 s. The tags no longer account for the field they partition; see output/a2_none_dt2p5/output_0000/water_tag_closure.csv.
└ @ ClimaAtmos ~/git/ClimaAtmosResiDyn.jl/src/parameterized_tendencies/tagged_tracers/tagged_tracers.jl:590
┌ Warning: water tag closure residual 1.6828153657193092e-6 exceeds the configured tolerance 1.0e-10 at t = 2722.5 s. The tags no longer account for the field they partition; see output/a2_none_dt2p5/output_0000/water_tag_closure.csv.
└ @ ClimaAtmos ~/git/ClimaAtmosResiDyn.jl/src/parameterized_tendencies/tagged_tracers/tagged_tracers.jl:590
┌ Warning: water tag closure residual 1.6827820906086947e-6 exceeds the configured tolerance 1.0e-10 at t = 2725.0 s. The tags no longer account for the field they partition; see output/a2_none_dt2p5/output_0000/water_tag_closure.csv.
└ @ ClimaAtmos ~/git/ClimaAtmosResiDyn.jl/src/parameterized_tendencies/tagged_tracers/tagged_tracers.jl:590
┌ Warning: water tag closure residual 1.6827488222480081e-6 exceeds the configured tolerance 1.0e-10 at t = 2727.5 s. The tags no longer account for the field they partition; see output/a2_none_dt2p5/output_0000/water_tag_closure.csv.
└ @ ClimaAtmos ~/git/ClimaAtmosResiDyn.jl/src/parameterized_tendencies/tagged_tracers/tagged_tracers.jl:590
┌ Warning: water tag closure residual 1.6827155608262937e-6 exceeds the configured tolerance 1.0e-10 at t = 2730.0 s. The tags no longer account for the field they partition; see output/a2_none_dt2p5/output_0000/water_tag_closure.csv.
└ @ ClimaAtmos ~/git/ClimaAtmosResiDyn.jl/src/parameterized_tendencies/tagged_tracers/tagged_tracers.jl:590
┌ Warning: water tag closure residual 1.6826823061854932e-6 exceeds the configured tolerance 1.0e-10 at t = 2732.5 s. The tags no longer account for the field they partition; see output/a2_none_dt2p5/output_0000/water_tag_closure.csv.
└ @ ClimaAtmos ~/git/ClimaAtmosResiDyn.jl/src/parameterized_tendencies/tagged_tracers/tagged_tracers.jl:590
┌ Warning: water tag closure residual 1.6826490585086575e-6 exceeds the configured tolerance 1.0e-10 at t = 2735.0 s. The tags no longer account for the field they partition; see output/a2_none_dt2p5/output_0000/water_tag_closure.csv.
└ @ ClimaAtmos ~/git/ClimaAtmosResiDyn.jl/src/parameterized_tendencies/tagged_tracers/tagged_tracers.jl:590
┌ Warning: water tag closure residual 1.6826158175474875e-6 exceeds the configured tolerance 1.0e-10 at t = 2737.5 s. The tags no longer account for the field they partition; see output/a2_none_dt2p5/output_0000/water_tag_closure.csv.
└ @ ClimaAtmos ~/git/ClimaAtmosResiDyn.jl/src/parameterized_tendencies/tagged_tracers/tagged_tracers.jl:590
┌ Warning: water tag closure residual 1.682582583532286e-6 exceeds the configured tolerance 1.0e-10 at t = 2740.0 s. The tags no longer account for the field they partition; see output/a2_none_dt2p5/output_0000/water_tag_closure.csv.
└ @ ClimaAtmos ~/git/ClimaAtmosResiDyn.jl/src/parameterized_tendencies/tagged_tracers/tagged_tracers.jl:590
┌ Warning: water tag closure residual 1.6825493563097126e-6 exceeds the configured tolerance 1.0e-10 at t = 2742.5 s. The tags no longer account for the field they partition; see output/a2_none_dt2p5/output_0000/water_tag_closure.csv.
└ @ ClimaAtmos ~/git/ClimaAtmosResiDyn.jl/src/parameterized_tendencies/tagged_tracers/tagged_tracers.jl:590
┌ Info: Progress
│   simulation_time = "45 minutes, 42 seconds"
│   n_steps_completed = 1097
│   wall_time_per_step = "3 milliseconds, 814 microseconds"
│   wall_time_total = "5 seconds, 493 milliseconds"
│   wall_time_remaining = "1 second, 308 milliseconds"
│   wall_time_spent = "4 seconds, 184 milliseconds"
│   percent_complete = "76.2%"
│   estimated_sypd = "1.794"
│   instantaneous_sypd = "2.412"
│   date_now = 2026-09-10T00:49:26.756
└   estimated_finish_date = 2026-09-10T00:49:28.756
┌ Warning: water tag closure residual 1.6825161358929955e-6 exceeds the configured tolerance 1.0e-10 at t = 2745.0 s. The tags no longer account for the field they partition; see output/a2_none_dt2p5/output_0000/water_tag_closure.csv.
└ @ ClimaAtmos ~/git/ClimaAtmosResiDyn.jl/src/parameterized_tendencies/tagged_tracers/tagged_tracers.jl:590
┌ Warning: water tag closure residual 1.6824829224146278e-6 exceeds the configured tolerance 1.0e-10 at t = 2747.5 s. The tags no longer account for the field they partition; see output/a2_none_dt2p5/output_0000/water_tag_closure.csv.
└ @ ClimaAtmos ~/git/ClimaAtmosResiDyn.jl/src/parameterized_tendencies/tagged_tracers/tagged_tracers.jl:590
┌ Warning: water tag closure residual 1.682449715725251e-6 exceeds the configured tolerance 1.0e-10 at t = 2750.0 s. The tags no longer account for the field they partition; see output/a2_none_dt2p5/output_0000/water_tag_closure.csv.
└ @ ClimaAtmos ~/git/ClimaAtmosResiDyn.jl/src/parameterized_tendencies/tagged_tracers/tagged_tracers.jl:590
┌ Warning: water tag closure residual 1.6824165159402767e-6 exceeds the configured tolerance 1.0e-10 at t = 2752.5 s. The tags no longer account for the field they partition; see output/a2_none_dt2p5/output_0000/water_tag_closure.csv.
└ @ ClimaAtmos ~/git/ClimaAtmosResiDyn.jl/src/parameterized_tendencies/tagged_tracers/tagged_tracers.jl:590
┌ Warning: water tag closure residual 1.6823833229662876e-6 exceeds the configured tolerance 1.0e-10 at t = 2755.0 s. The tags no longer account for the field they partition; see output/a2_none_dt2p5/output_0000/water_tag_closure.csv.
└ @ ClimaAtmos ~/git/ClimaAtmosResiDyn.jl/src/parameterized_tendencies/tagged_tracers/tagged_tracers.jl:590
┌ Warning: water tag closure residual 1.6823501367238595e-6 exceeds the configured tolerance 1.0e-10 at t = 2757.5 s. The tags no longer account for the field they partition; see output/a2_none_dt2p5/output_0000/water_tag_closure.csv.
└ @ ClimaAtmos ~/git/ClimaAtmosResiDyn.jl/src/parameterized_tendencies/tagged_tracers/tagged_tracers.jl:590
┌ Warning: water tag closure residual 1.682316957188587e-6 exceeds the configured tolerance 1.0e-10 at t = 2760.0 s. The tags no longer account for the field they partition; see output/a2_none_dt2p5/output_0000/water_tag_closure.csv.
└ @ ClimaAtmos ~/git/ClimaAtmosResiDyn.jl/src/parameterized_tendencies/tagged_tracers/tagged_tracers.jl:590
┌ Warning: water tag closure residual 1.6822837845510356e-6 exceeds the configured tolerance 1.0e-10 at t = 2762.5 s. The tags no longer account for the field they partition; see output/a2_none_dt2p5/output_0000/water_tag_closure.csv.
└ @ ClimaAtmos ~/git/ClimaAtmosResiDyn.jl/src/parameterized_tendencies/tagged_tracers/tagged_tracers.jl:590
┌ Warning: water tag closure residual 1.6822506187570425e-6 exceeds the configured tolerance 1.0e-10 at t = 2765.0 s. The tags no longer account for the field they partition; see output/a2_none_dt2p5/output_0000/water_tag_closure.csv.
└ @ ClimaAtmos ~/git/ClimaAtmosResiDyn.jl/src/parameterized_tendencies/tagged_tracers/tagged_tracers.jl:590
┌ Warning: water tag closure residual 1.6822174595512345e-6 exceeds the configured tolerance 1.0e-10 at t = 2767.5 s. The tags no longer account for the field they partition; see output/a2_none_dt2p5/output_0000/water_tag_closure.csv.
└ @ ClimaAtmos ~/git/ClimaAtmosResiDyn.jl/src/parameterized_tendencies/tagged_tracers/tagged_tracers.jl:590
┌ Warning: water tag closure residual 1.6821843072291016e-6 exceeds the configured tolerance 1.0e-10 at t = 2770.0 s. The tags no longer account for the field they partition; see output/a2_none_dt2p5/output_0000/water_tag_closure.csv.
└ @ ClimaAtmos ~/git/ClimaAtmosResiDyn.jl/src/parameterized_tendencies/tagged_tracers/tagged_tracers.jl:590
┌ Warning: water tag closure residual 1.6821511616948742e-6 exceeds the configured tolerance 1.0e-10 at t = 2772.5 s. The tags no longer account for the field they partition; see output/a2_none_dt2p5/output_0000/water_tag_closure.csv.
└ @ ClimaAtmos ~/git/ClimaAtmosResiDyn.jl/src/parameterized_tendencies/tagged_tracers/tagged_tracers.jl:590
┌ Warning: water tag closure residual 1.682118022929478e-6 exceeds the configured tolerance 1.0e-10 at t = 2775.0 s. The tags no longer account for the field they partition; see output/a2_none_dt2p5/output_0000/water_tag_closure.csv.
└ @ ClimaAtmos ~/git/ClimaAtmosResiDyn.jl/src/parameterized_tendencies/tagged_tracers/tagged_tracers.jl:590
┌ Warning: water tag closure residual 1.682084890934443e-6 exceeds the configured tolerance 1.0e-10 at t = 2777.5 s. The tags no longer account for the field they partition; see output/a2_none_dt2p5/output_0000/water_tag_closure.csv.
└ @ ClimaAtmos ~/git/ClimaAtmosResiDyn.jl/src/parameterized_tendencies/tagged_tracers/tagged_tracers.jl:590
┌ Warning: water tag closure residual 1.682051765692608e-6 exceeds the configured tolerance 1.0e-10 at t = 2780.0 s. The tags no longer account for the field they partition; see output/a2_none_dt2p5/output_0000/water_tag_closure.csv.
└ @ ClimaAtmos ~/git/ClimaAtmosResiDyn.jl/src/parameterized_tendencies/tagged_tracers/tagged_tracers.jl:590
┌ Warning: water tag closure residual 1.6820186472133478e-6 exceeds the configured tolerance 1.0e-10 at t = 2782.5 s. The tags no longer account for the field they partition; see output/a2_none_dt2p5/output_0000/water_tag_closure.csv.
└ @ ClimaAtmos ~/git/ClimaAtmosResiDyn.jl/src/parameterized_tendencies/tagged_tracers/tagged_tracers.jl:590
┌ Warning: water tag closure residual 1.6819855354982778e-6 exceeds the configured tolerance 1.0e-10 at t = 2785.0 s. The tags no longer account for the field they partition; see output/a2_none_dt2p5/output_0000/water_tag_closure.csv.
└ @ ClimaAtmos ~/git/ClimaAtmosResiDyn.jl/src/parameterized_tendencies/tagged_tracers/tagged_tracers.jl:590
┌ Warning: water tag closure residual 1.6819524303864768e-6 exceeds the configured tolerance 1.0e-10 at t = 2787.5 s. The tags no longer account for the field they partition; see output/a2_none_dt2p5/output_0000/water_tag_closure.csv.
└ @ ClimaAtmos ~/git/ClimaAtmosResiDyn.jl/src/parameterized_tendencies/tagged_tracers/tagged_tracers.jl:590
┌ Warning: water tag closure residual 1.6819193321418195e-6 exceeds the configured tolerance 1.0e-10 at t = 2790.0 s. The tags no longer account for the field they partition; see output/a2_none_dt2p5/output_0000/water_tag_closure.csv.
└ @ ClimaAtmos ~/git/ClimaAtmosResiDyn.jl/src/parameterized_tendencies/tagged_tracers/tagged_tracers.jl:590
┌ Warning: water tag closure residual 1.6818862405515497e-6 exceeds the configured tolerance 1.0e-10 at t = 2792.5 s. The tags no longer account for the field they partition; see output/a2_none_dt2p5/output_0000/water_tag_closure.csv.
└ @ ClimaAtmos ~/git/ClimaAtmosResiDyn.jl/src/parameterized_tendencies/tagged_tracers/tagged_tracers.jl:590
┌ Warning: water tag closure residual 1.6818531557629132e-6 exceeds the configured tolerance 1.0e-10 at t = 2795.0 s. The tags no longer account for the field they partition; see output/a2_none_dt2p5/output_0000/water_tag_closure.csv.
└ @ ClimaAtmos ~/git/ClimaAtmosResiDyn.jl/src/parameterized_tendencies/tagged_tracers/tagged_tracers.jl:590
┌ Warning: water tag closure residual 1.681820077719385e-6 exceeds the configured tolerance 1.0e-10 at t = 2797.5 s. The tags no longer account for the field they partition; see output/a2_none_dt2p5/output_0000/water_tag_closure.csv.
└ @ ClimaAtmos ~/git/ClimaAtmosResiDyn.jl/src/parameterized_tendencies/tagged_tracers/tagged_tracers.jl:590
┌ Warning: water tag closure residual 1.6817870063791728e-6 exceeds the configured tolerance 1.0e-10 at t = 2800.0 s. The tags no longer account for the field they partition; see output/a2_none_dt2p5/output_0000/water_tag_closure.csv.
└ @ ClimaAtmos ~/git/ClimaAtmosResiDyn.jl/src/parameterized_tendencies/tagged_tracers/tagged_tracers.jl:590
┌ Warning: water tag closure residual 1.6817539417239055e-6 exceeds the configured tolerance 1.0e-10 at t = 2802.5 s. The tags no longer account for the field they partition; see output/a2_none_dt2p5/output_0000/water_tag_closure.csv.
└ @ ClimaAtmos ~/git/ClimaAtmosResiDyn.jl/src/parameterized_tendencies/tagged_tracers/tagged_tracers.jl:590
┌ Warning: water tag closure residual 1.6817208838340426e-6 exceeds the configured tolerance 1.0e-10 at t = 2805.0 s. The tags no longer account for the field they partition; see output/a2_none_dt2p5/output_0000/water_tag_closure.csv.
└ @ ClimaAtmos ~/git/ClimaAtmosResiDyn.jl/src/parameterized_tendencies/tagged_tracers/tagged_tracers.jl:590
┌ Warning: water tag closure residual 1.6816878325163551e-6 exceeds the configured tolerance 1.0e-10 at t = 2807.5 s. The tags no longer account for the field they partition; see output/a2_none_dt2p5/output_0000/water_tag_closure.csv.
└ @ ClimaAtmos ~/git/ClimaAtmosResiDyn.jl/src/parameterized_tendencies/tagged_tracers/tagged_tracers.jl:590
┌ Warning: water tag closure residual 1.68165478795797e-6 exceeds the configured tolerance 1.0e-10 at t = 2810.0 s. The tags no longer account for the field they partition; see output/a2_none_dt2p5/output_0000/water_tag_closure.csv.
└ @ ClimaAtmos ~/git/ClimaAtmosResiDyn.jl/src/parameterized_tendencies/tagged_tracers/tagged_tracers.jl:590
┌ Warning: water tag closure residual 1.6816217500194911e-6 exceeds the configured tolerance 1.0e-10 at t = 2812.5 s. The tags no longer account for the field they partition; see output/a2_none_dt2p5/output_0000/water_tag_closure.csv.
└ @ ClimaAtmos ~/git/ClimaAtmosResiDyn.jl/src/parameterized_tendencies/tagged_tracers/tagged_tracers.jl:590
┌ Warning: water tag closure residual 1.6815887187013664e-6 exceeds the configured tolerance 1.0e-10 at t = 2815.0 s. The tags no longer account for the field they partition; see output/a2_none_dt2p5/output_0000/water_tag_closure.csv.
└ @ ClimaAtmos ~/git/ClimaAtmosResiDyn.jl/src/parameterized_tendencies/tagged_tracers/tagged_tracers.jl:590
┌ Warning: water tag closure residual 1.6815556941086255e-6 exceeds the configured tolerance 1.0e-10 at t = 2817.5 s. The tags no longer account for the field they partition; see output/a2_none_dt2p5/output_0000/water_tag_closure.csv.
└ @ ClimaAtmos ~/git/ClimaAtmosResiDyn.jl/src/parameterized_tendencies/tagged_tracers/tagged_tracers.jl:590
┌ Warning: water tag closure residual 1.681522676276607e-6 exceeds the configured tolerance 1.0e-10 at t = 2820.0 s. The tags no longer account for the field they partition; see output/a2_none_dt2p5/output_0000/water_tag_closure.csv.
└ @ ClimaAtmos ~/git/ClimaAtmosResiDyn.jl/src/parameterized_tendencies/tagged_tracers/tagged_tracers.jl:590
┌ Warning: water tag closure residual 1.681489664936559e-6 exceeds the configured tolerance 1.0e-10 at t = 2822.5 s. The tags no longer account for the field they partition; see output/a2_none_dt2p5/output_0000/water_tag_closure.csv.
└ @ ClimaAtmos ~/git/ClimaAtmosResiDyn.jl/src/parameterized_tendencies/tagged_tracers/tagged_tracers.jl:590
┌ Warning: water tag closure residual 1.6814566603398695e-6 exceeds the configured tolerance 1.0e-10 at t = 2825.0 s. The tags no longer account for the field they partition; see output/a2_none_dt2p5/output_0000/water_tag_closure.csv.
└ @ ClimaAtmos ~/git/ClimaAtmosResiDyn.jl/src/parameterized_tendencies/tagged_tracers/tagged_tracers.jl:590
┌ Warning: water tag closure residual 1.6814236623861115e-6 exceeds the configured tolerance 1.0e-10 at t = 2827.5 s. The tags no longer account for the field they partition; see output/a2_none_dt2p5/output_0000/water_tag_closure.csv.
└ @ ClimaAtmos ~/git/ClimaAtmosResiDyn.jl/src/parameterized_tendencies/tagged_tracers/tagged_tracers.jl:590
┌ Warning: water tag closure residual 1.6813906710983643e-6 exceeds the configured tolerance 1.0e-10 at t = 2830.0 s. The tags no longer account for the field they partition; see output/a2_none_dt2p5/output_0000/water_tag_closure.csv.
└ @ ClimaAtmos ~/git/ClimaAtmosResiDyn.jl/src/parameterized_tendencies/tagged_tracers/tagged_tracers.jl:590
┌ Warning: water tag closure residual 1.6813576865306775e-6 exceeds the configured tolerance 1.0e-10 at t = 2832.5 s. The tags no longer account for the field they partition; see output/a2_none_dt2p5/output_0000/water_tag_closure.csv.
└ @ ClimaAtmos ~/git/ClimaAtmosResiDyn.jl/src/parameterized_tendencies/tagged_tracers/tagged_tracers.jl:590
┌ Warning: water tag closure residual 1.6813247085454631e-6 exceeds the configured tolerance 1.0e-10 at t = 2835.0 s. The tags no longer account for the field they partition; see output/a2_none_dt2p5/output_0000/water_tag_closure.csv.
└ @ ClimaAtmos ~/git/ClimaAtmosResiDyn.jl/src/parameterized_tendencies/tagged_tracers/tagged_tracers.jl:590
┌ Warning: water tag closure residual 1.6812917372105566e-6 exceeds the configured tolerance 1.0e-10 at t = 2837.5 s. The tags no longer account for the field they partition; see output/a2_none_dt2p5/output_0000/water_tag_closure.csv.
└ @ ClimaAtmos ~/git/ClimaAtmosResiDyn.jl/src/parameterized_tendencies/tagged_tracers/tagged_tracers.jl:590
┌ Warning: water tag closure residual 1.6812587724952193e-6 exceeds the configured tolerance 1.0e-10 at t = 2840.0 s. The tags no longer account for the field they partition; see output/a2_none_dt2p5/output_0000/water_tag_closure.csv.
└ @ ClimaAtmos ~/git/ClimaAtmosResiDyn.jl/src/parameterized_tendencies/tagged_tracers/tagged_tracers.jl:590
┌ Warning: water tag closure residual 1.6812258143851706e-6 exceeds the configured tolerance 1.0e-10 at t = 2842.5 s. The tags no longer account for the field they partition; see output/a2_none_dt2p5/output_0000/water_tag_closure.csv.
└ @ ClimaAtmos ~/git/ClimaAtmosResiDyn.jl/src/parameterized_tendencies/tagged_tracers/tagged_tracers.jl:590
┌ Warning: water tag closure residual 1.6811928629617232e-6 exceeds the configured tolerance 1.0e-10 at t = 2845.0 s. The tags no longer account for the field they partition; see output/a2_none_dt2p5/output_0000/water_tag_closure.csv.
└ @ ClimaAtmos ~/git/ClimaAtmosResiDyn.jl/src/parameterized_tendencies/tagged_tracers/tagged_tracers.jl:590
┌ Warning: water tag closure residual 1.6811599180874593e-6 exceeds the configured tolerance 1.0e-10 at t = 2847.5 s. The tags no longer account for the field they partition; see output/a2_none_dt2p5/output_0000/water_tag_closure.csv.
└ @ ClimaAtmos ~/git/ClimaAtmosResiDyn.jl/src/parameterized_tendencies/tagged_tracers/tagged_tracers.jl:590
┌ Warning: water tag closure residual 1.6811269798692898e-6 exceeds the configured tolerance 1.0e-10 at t = 2850.0 s. The tags no longer account for the field they partition; see output/a2_none_dt2p5/output_0000/water_tag_closure.csv.
└ @ ClimaAtmos ~/git/ClimaAtmosResiDyn.jl/src/parameterized_tendencies/tagged_tracers/tagged_tracers.jl:590
┌ Warning: water tag closure residual 1.6810940483039123e-6 exceeds the configured tolerance 1.0e-10 at t = 2852.5 s. The tags no longer account for the field they partition; see output/a2_none_dt2p5/output_0000/water_tag_closure.csv.
└ @ ClimaAtmos ~/git/ClimaAtmosResiDyn.jl/src/parameterized_tendencies/tagged_tracers/tagged_tracers.jl:590
┌ Warning: water tag closure residual 1.6810611231950672e-6 exceeds the configured tolerance 1.0e-10 at t = 2855.0 s. The tags no longer account for the field they partition; see output/a2_none_dt2p5/output_0000/water_tag_closure.csv.
└ @ ClimaAtmos ~/git/ClimaAtmosResiDyn.jl/src/parameterized_tendencies/tagged_tracers/tagged_tracers.jl:590
┌ Warning: water tag closure residual 1.681028204862325e-6 exceeds the configured tolerance 1.0e-10 at t = 2857.5 s. The tags no longer account for the field they partition; see output/a2_none_dt2p5/output_0000/water_tag_closure.csv.
└ @ ClimaAtmos ~/git/ClimaAtmosResiDyn.jl/src/parameterized_tendencies/tagged_tracers/tagged_tracers.jl:590
┌ Warning: water tag closure residual 1.6809952930063918e-6 exceeds the configured tolerance 1.0e-10 at t = 2860.0 s. The tags no longer account for the field they partition; see output/a2_none_dt2p5/output_0000/water_tag_closure.csv.
└ @ ClimaAtmos ~/git/ClimaAtmosResiDyn.jl/src/parameterized_tendencies/tagged_tracers/tagged_tracers.jl:590
┌ Warning: water tag closure residual 1.6809623877466775e-6 exceeds the configured tolerance 1.0e-10 at t = 2862.5 s. The tags no longer account for the field they partition; see output/a2_none_dt2p5/output_0000/water_tag_closure.csv.
└ @ ClimaAtmos ~/git/ClimaAtmosResiDyn.jl/src/parameterized_tendencies/tagged_tracers/tagged_tracers.jl:590
┌ Warning: water tag closure residual 1.6809294889640015e-6 exceeds the configured tolerance 1.0e-10 at t = 2865.0 s. The tags no longer account for the field they partition; see output/a2_none_dt2p5/output_0000/water_tag_closure.csv.
└ @ ClimaAtmos ~/git/ClimaAtmosResiDyn.jl/src/parameterized_tendencies/tagged_tracers/tagged_tracers.jl:590
┌ Warning: water tag closure residual 1.6808965968281456e-6 exceeds the configured tolerance 1.0e-10 at t = 2867.5 s. The tags no longer account for the field they partition; see output/a2_none_dt2p5/output_0000/water_tag_closure.csv.
└ @ ClimaAtmos ~/git/ClimaAtmosResiDyn.jl/src/parameterized_tendencies/tagged_tracers/tagged_tracers.jl:590
┌ Warning: water tag closure residual 1.6808637112529878e-6 exceeds the configured tolerance 1.0e-10 at t = 2870.0 s. The tags no longer account for the field they partition; see output/a2_none_dt2p5/output_0000/water_tag_closure.csv.
└ @ ClimaAtmos ~/git/ClimaAtmosResiDyn.jl/src/parameterized_tendencies/tagged_tracers/tagged_tracers.jl:590
┌ Warning: water tag closure residual 1.6808308323090282e-6 exceeds the configured tolerance 1.0e-10 at t = 2872.5 s. The tags no longer account for the field they partition; see output/a2_none_dt2p5/output_0000/water_tag_closure.csv.
└ @ ClimaAtmos ~/git/ClimaAtmosResiDyn.jl/src/parameterized_tendencies/tagged_tracers/tagged_tracers.jl:590
┌ Warning: water tag closure residual 1.6807979599102538e-6 exceeds the configured tolerance 1.0e-10 at t = 2875.0 s. The tags no longer account for the field they partition; see output/a2_none_dt2p5/output_0000/water_tag_closure.csv.
└ @ ClimaAtmos ~/git/ClimaAtmosResiDyn.jl/src/parameterized_tendencies/tagged_tracers/tagged_tracers.jl:590
┌ Warning: water tag closure residual 1.6807650939753457e-6 exceeds the configured tolerance 1.0e-10 at t = 2877.5 s. The tags no longer account for the field they partition; see output/a2_none_dt2p5/output_0000/water_tag_closure.csv.
└ @ ClimaAtmos ~/git/ClimaAtmosResiDyn.jl/src/parameterized_tendencies/tagged_tracers/tagged_tracers.jl:590
┌ Warning: water tag closure residual 1.6807322346602648e-6 exceeds the configured tolerance 1.0e-10 at t = 2880.0 s. The tags no longer account for the field they partition; see output/a2_none_dt2p5/output_0000/water_tag_closure.csv.
└ @ ClimaAtmos ~/git/ClimaAtmosResiDyn.jl/src/parameterized_tendencies/tagged_tracers/tagged_tracers.jl:590
┌ Warning: water tag closure residual 1.6806993819129891e-6 exceeds the configured tolerance 1.0e-10 at t = 2882.5 s. The tags no longer account for the field they partition; see output/a2_none_dt2p5/output_0000/water_tag_closure.csv.
└ @ ClimaAtmos ~/git/ClimaAtmosResiDyn.jl/src/parameterized_tendencies/tagged_tracers/tagged_tracers.jl:590
┌ Warning: water tag closure residual 1.6806665356399252e-6 exceeds the configured tolerance 1.0e-10 at t = 2885.0 s. The tags no longer account for the field they partition; see output/a2_none_dt2p5/output_0000/water_tag_closure.csv.
└ @ ClimaAtmos ~/git/ClimaAtmosResiDyn.jl/src/parameterized_tendencies/tagged_tracers/tagged_tracers.jl:590
┌ Warning: water tag closure residual 1.6806336958870624e-6 exceeds the configured tolerance 1.0e-10 at t = 2887.5 s. The tags no longer account for the field they partition; see output/a2_none_dt2p5/output_0000/water_tag_closure.csv.
└ @ ClimaAtmos ~/git/ClimaAtmosResiDyn.jl/src/parameterized_tendencies/tagged_tracers/tagged_tracers.jl:590
┌ Warning: water tag closure residual 1.680600862705843e-6 exceeds the configured tolerance 1.0e-10 at t = 2890.0 s. The tags no longer account for the field they partition; see output/a2_none_dt2p5/output_0000/water_tag_closure.csv.
└ @ ClimaAtmos ~/git/ClimaAtmosResiDyn.jl/src/parameterized_tendencies/tagged_tracers/tagged_tracers.jl:590
┌ Warning: water tag closure residual 1.6805680360839437e-6 exceeds the configured tolerance 1.0e-10 at t = 2892.5 s. The tags no longer account for the field they partition; see output/a2_none_dt2p5/output_0000/water_tag_closure.csv.
└ @ ClimaAtmos ~/git/ClimaAtmosResiDyn.jl/src/parameterized_tendencies/tagged_tracers/tagged_tracers.jl:590
┌ Warning: water tag closure residual 1.6805352159139322e-6 exceeds the configured tolerance 1.0e-10 at t = 2895.0 s. The tags no longer account for the field they partition; see output/a2_none_dt2p5/output_0000/water_tag_closure.csv.
└ @ ClimaAtmos ~/git/ClimaAtmosResiDyn.jl/src/parameterized_tendencies/tagged_tracers/tagged_tracers.jl:590
┌ Warning: water tag closure residual 1.6805024023192072e-6 exceeds the configured tolerance 1.0e-10 at t = 2897.5 s. The tags no longer account for the field they partition; see output/a2_none_dt2p5/output_0000/water_tag_closure.csv.
└ @ ClimaAtmos ~/git/ClimaAtmosResiDyn.jl/src/parameterized_tendencies/tagged_tracers/tagged_tracers.jl:590
┌ Warning: water tag closure residual 1.6804695952329872e-6 exceeds the configured tolerance 1.0e-10 at t = 2900.0 s. The tags no longer account for the field they partition; see output/a2_none_dt2p5/output_0000/water_tag_closure.csv.
└ @ ClimaAtmos ~/git/ClimaAtmosResiDyn.jl/src/parameterized_tendencies/tagged_tracers/tagged_tracers.jl:590
┌ Warning: water tag closure residual 1.6804367947424598e-6 exceeds the configured tolerance 1.0e-10 at t = 2902.5 s. The tags no longer account for the field they partition; see output/a2_none_dt2p5/output_0000/water_tag_closure.csv.
└ @ ClimaAtmos ~/git/ClimaAtmosResiDyn.jl/src/parameterized_tendencies/tagged_tracers/tagged_tracers.jl:590
┌ Warning: water tag closure residual 1.6804040008711416e-6 exceeds the configured tolerance 1.0e-10 at t = 2905.0 s. The tags no longer account for the field they partition; see output/a2_none_dt2p5/output_0000/water_tag_closure.csv.
└ @ ClimaAtmos ~/git/ClimaAtmosResiDyn.jl/src/parameterized_tendencies/tagged_tracers/tagged_tracers.jl:590
┌ Warning: water tag closure residual 1.6803712137405562e-6 exceeds the configured tolerance 1.0e-10 at t = 2907.5 s. The tags no longer account for the field they partition; see output/a2_none_dt2p5/output_0000/water_tag_closure.csv.
└ @ ClimaAtmos ~/git/ClimaAtmosResiDyn.jl/src/parameterized_tendencies/tagged_tracers/tagged_tracers.jl:590
┌ Warning: water tag closure residual 1.6803384330794007e-6 exceeds the configured tolerance 1.0e-10 at t = 2910.0 s. The tags no longer account for the field they partition; see output/a2_none_dt2p5/output_0000/water_tag_closure.csv.
└ @ ClimaAtmos ~/git/ClimaAtmosResiDyn.jl/src/parameterized_tendencies/tagged_tracers/tagged_tracers.jl:590
┌ Warning: water tag closure residual 1.680305659234981e-6 exceeds the configured tolerance 1.0e-10 at t = 2912.5 s. The tags no longer account for the field they partition; see output/a2_none_dt2p5/output_0000/water_tag_closure.csv.
└ @ ClimaAtmos ~/git/ClimaAtmosResiDyn.jl/src/parameterized_tendencies/tagged_tracers/tagged_tracers.jl:590
┌ Warning: water tag closure residual 1.6802728919144875e-6 exceeds the configured tolerance 1.0e-10 at t = 2915.0 s. The tags no longer account for the field they partition; see output/a2_none_dt2p5/output_0000/water_tag_closure.csv.
└ @ ClimaAtmos ~/git/ClimaAtmosResiDyn.jl/src/parameterized_tendencies/tagged_tracers/tagged_tracers.jl:590
┌ Warning: water tag closure residual 1.680240131109841e-6 exceeds the configured tolerance 1.0e-10 at t = 2917.5 s. The tags no longer account for the field they partition; see output/a2_none_dt2p5/output_0000/water_tag_closure.csv.
└ @ ClimaAtmos ~/git/ClimaAtmosResiDyn.jl/src/parameterized_tendencies/tagged_tracers/tagged_tracers.jl:590
┌ Warning: water tag closure residual 1.6802073770189985e-6 exceeds the configured tolerance 1.0e-10 at t = 2920.0 s. The tags no longer account for the field they partition; see output/a2_none_dt2p5/output_0000/water_tag_closure.csv.
└ @ ClimaAtmos ~/git/ClimaAtmosResiDyn.jl/src/parameterized_tendencies/tagged_tracers/tagged_tracers.jl:590
┌ Warning: water tag closure residual 1.6801746295660564e-6 exceeds the configured tolerance 1.0e-10 at t = 2922.5 s. The tags no longer account for the field they partition; see output/a2_none_dt2p5/output_0000/water_tag_closure.csv.
└ @ ClimaAtmos ~/git/ClimaAtmosResiDyn.jl/src/parameterized_tendencies/tagged_tracers/tagged_tracers.jl:590
┌ Warning: water tag closure residual 1.6801418886528588e-6 exceeds the configured tolerance 1.0e-10 at t = 2925.0 s. The tags no longer account for the field they partition; see output/a2_none_dt2p5/output_0000/water_tag_closure.csv.
└ @ ClimaAtmos ~/git/ClimaAtmosResiDyn.jl/src/parameterized_tendencies/tagged_tracers/tagged_tracers.jl:590
┌ Info: Progress
│   simulation_time = "48 minutes, 45 seconds"
│   n_steps_completed = 1170
│   wall_time_per_step = "3 milliseconds, 756 microseconds"
│   wall_time_total = "5 seconds, 408 milliseconds"
│   wall_time_remaining = "1 second, 14 milliseconds"
│   wall_time_spent = "4 seconds, 394 milliseconds"
│   percent_complete = "81.2%"
│   estimated_sypd = "1.822"
│   instantaneous_sypd = "2.381"
│   date_now = 2026-09-10T00:49:26.965
└   estimated_finish_date = 2026-09-10T00:49:28.965
┌ Warning: water tag closure residual 1.6801091544187904e-6 exceeds the configured tolerance 1.0e-10 at t = 2927.5 s. The tags no longer account for the field they partition; see output/a2_none_dt2p5/output_0000/water_tag_closure.csv.
└ @ ClimaAtmos ~/git/ClimaAtmosResiDyn.jl/src/parameterized_tendencies/tagged_tracers/tagged_tracers.jl:590
┌ Warning: water tag closure residual 1.680076426642439e-6 exceeds the configured tolerance 1.0e-10 at t = 2930.0 s. The tags no longer account for the field they partition; see output/a2_none_dt2p5/output_0000/water_tag_closure.csv.
└ @ ClimaAtmos ~/git/ClimaAtmosResiDyn.jl/src/parameterized_tendencies/tagged_tracers/tagged_tracers.jl:590
┌ Warning: water tag closure residual 1.6800437055317635e-6 exceeds the configured tolerance 1.0e-10 at t = 2932.5 s. The tags no longer account for the field they partition; see output/a2_none_dt2p5/output_0000/water_tag_closure.csv.
└ @ ClimaAtmos ~/git/ClimaAtmosResiDyn.jl/src/parameterized_tendencies/tagged_tracers/tagged_tracers.jl:590
┌ Warning: water tag closure residual 1.6800109909479074e-6 exceeds the configured tolerance 1.0e-10 at t = 2935.0 s. The tags no longer account for the field they partition; see output/a2_none_dt2p5/output_0000/water_tag_closure.csv.
└ @ ClimaAtmos ~/git/ClimaAtmosResiDyn.jl/src/parameterized_tendencies/tagged_tracers/tagged_tracers.jl:590
┌ Warning: water tag closure residual 1.6799782828385071e-6 exceeds the configured tolerance 1.0e-10 at t = 2937.5 s. The tags no longer account for the field they partition; see output/a2_none_dt2p5/output_0000/water_tag_closure.csv.
└ @ ClimaAtmos ~/git/ClimaAtmosResiDyn.jl/src/parameterized_tendencies/tagged_tracers/tagged_tracers.jl:590
┌ Warning: water tag closure residual 1.6799455812910868e-6 exceeds the configured tolerance 1.0e-10 at t = 2940.0 s. The tags no longer account for the field they partition; see output/a2_none_dt2p5/output_0000/water_tag_closure.csv.
└ @ ClimaAtmos ~/git/ClimaAtmosResiDyn.jl/src/parameterized_tendencies/tagged_tracers/tagged_tracers.jl:590
┌ Warning: water tag closure residual 1.6799128864796626e-6 exceeds the configured tolerance 1.0e-10 at t = 2942.5 s. The tags no longer account for the field they partition; see output/a2_none_dt2p5/output_0000/water_tag_closure.csv.
└ @ ClimaAtmos ~/git/ClimaAtmosResiDyn.jl/src/parameterized_tendencies/tagged_tracers/tagged_tracers.jl:590
┌ Warning: water tag closure residual 1.6798801984160846e-6 exceeds the configured tolerance 1.0e-10 at t = 2945.0 s. The tags no longer account for the field they partition; see output/a2_none_dt2p5/output_0000/water_tag_closure.csv.
└ @ ClimaAtmos ~/git/ClimaAtmosResiDyn.jl/src/parameterized_tendencies/tagged_tracers/tagged_tracers.jl:590
┌ Warning: water tag closure residual 1.6798475194257095e-6 exceeds the configured tolerance 1.0e-10 at t = 2947.5 s. The tags no longer account for the field they partition; see output/a2_none_dt2p5/output_0000/water_tag_closure.csv.
└ @ ClimaAtmos ~/git/ClimaAtmosResiDyn.jl/src/parameterized_tendencies/tagged_tracers/tagged_tracers.jl:590
┌ Warning: water tag closure residual 1.6798148476779048e-6 exceeds the configured tolerance 1.0e-10 at t = 2950.0 s. The tags no longer account for the field they partition; see output/a2_none_dt2p5/output_0000/water_tag_closure.csv.
└ @ ClimaAtmos ~/git/ClimaAtmosResiDyn.jl/src/parameterized_tendencies/tagged_tracers/tagged_tracers.jl:590
┌ Warning: water tag closure residual 1.6797821813641152e-6 exceeds the configured tolerance 1.0e-10 at t = 2952.5 s. The tags no longer account for the field they partition; see output/a2_none_dt2p5/output_0000/water_tag_closure.csv.
└ @ ClimaAtmos ~/git/ClimaAtmosResiDyn.jl/src/parameterized_tendencies/tagged_tracers/tagged_tracers.jl:590
┌ Warning: water tag closure residual 1.6797495218779977e-6 exceeds the configured tolerance 1.0e-10 at t = 2955.0 s. The tags no longer account for the field they partition; see output/a2_none_dt2p5/output_0000/water_tag_closure.csv.
└ @ ClimaAtmos ~/git/ClimaAtmosResiDyn.jl/src/parameterized_tendencies/tagged_tracers/tagged_tracers.jl:590
┌ Warning: water tag closure residual 1.6797168702518108e-6 exceeds the configured tolerance 1.0e-10 at t = 2957.5 s. The tags no longer account for the field they partition; see output/a2_none_dt2p5/output_0000/water_tag_closure.csv.
└ @ ClimaAtmos ~/git/ClimaAtmosResiDyn.jl/src/parameterized_tendencies/tagged_tracers/tagged_tracers.jl:590
┌ Warning: water tag closure residual 1.6796842251652615e-6 exceeds the configured tolerance 1.0e-10 at t = 2960.0 s. The tags no longer account for the field they partition; see output/a2_none_dt2p5/output_0000/water_tag_closure.csv.
└ @ ClimaAtmos ~/git/ClimaAtmosResiDyn.jl/src/parameterized_tendencies/tagged_tracers/tagged_tracers.jl:590
┌ Warning: water tag closure residual 1.6796515870520923e-6 exceeds the configured tolerance 1.0e-10 at t = 2962.5 s. The tags no longer account for the field they partition; see output/a2_none_dt2p5/output_0000/water_tag_closure.csv.
└ @ ClimaAtmos ~/git/ClimaAtmosResiDyn.jl/src/parameterized_tendencies/tagged_tracers/tagged_tracers.jl:590
┌ Warning: water tag closure residual 1.6796189559859671e-6 exceeds the configured tolerance 1.0e-10 at t = 2965.0 s. The tags no longer account for the field they partition; see output/a2_none_dt2p5/output_0000/water_tag_closure.csv.
└ @ ClimaAtmos ~/git/ClimaAtmosResiDyn.jl/src/parameterized_tendencies/tagged_tracers/tagged_tracers.jl:590
┌ Warning: water tag closure residual 1.6795863325556703e-6 exceeds the configured tolerance 1.0e-10 at t = 2967.5 s. The tags no longer account for the field they partition; see output/a2_none_dt2p5/output_0000/water_tag_closure.csv.
└ @ ClimaAtmos ~/git/ClimaAtmosResiDyn.jl/src/parameterized_tendencies/tagged_tracers/tagged_tracers.jl:590
┌ Warning: water tag closure residual 1.6795537104283977e-6 exceeds the configured tolerance 1.0e-10 at t = 2970.0 s. The tags no longer account for the field they partition; see output/a2_none_dt2p5/output_0000/water_tag_closure.csv.
└ @ ClimaAtmos ~/git/ClimaAtmosResiDyn.jl/src/parameterized_tendencies/tagged_tracers/tagged_tracers.jl:590
┌ Warning: water tag closure residual 1.6795211028627127e-6 exceeds the configured tolerance 1.0e-10 at t = 2972.5 s. The tags no longer account for the field they partition; see output/a2_none_dt2p5/output_0000/water_tag_closure.csv.
└ @ ClimaAtmos ~/git/ClimaAtmosResiDyn.jl/src/parameterized_tendencies/tagged_tracers/tagged_tracers.jl:590
┌ Warning: water tag closure residual 1.6794885044618479e-6 exceeds the configured tolerance 1.0e-10 at t = 2975.0 s. The tags no longer account for the field they partition; see output/a2_none_dt2p5/output_0000/water_tag_closure.csv.
└ @ ClimaAtmos ~/git/ClimaAtmosResiDyn.jl/src/parameterized_tendencies/tagged_tracers/tagged_tracers.jl:590
┌ Warning: water tag closure residual 1.6794559057838104e-6 exceeds the configured tolerance 1.0e-10 at t = 2977.5 s. The tags no longer account for the field they partition; see output/a2_none_dt2p5/output_0000/water_tag_closure.csv.
└ @ ClimaAtmos ~/git/ClimaAtmosResiDyn.jl/src/parameterized_tendencies/tagged_tracers/tagged_tracers.jl:590
┌ Warning: water tag closure residual 1.679423316762619e-6 exceeds the configured tolerance 1.0e-10 at t = 2980.0 s. The tags no longer account for the field they partition; see output/a2_none_dt2p5/output_0000/water_tag_closure.csv.
└ @ ClimaAtmos ~/git/ClimaAtmosResiDyn.jl/src/parameterized_tendencies/tagged_tracers/tagged_tracers.jl:590
┌ Warning: water tag closure residual 1.6793907382563376e-6 exceeds the configured tolerance 1.0e-10 at t = 2982.5 s. The tags no longer account for the field they partition; see output/a2_none_dt2p5/output_0000/water_tag_closure.csv.
└ @ ClimaAtmos ~/git/ClimaAtmosResiDyn.jl/src/parameterized_tendencies/tagged_tracers/tagged_tracers.jl:590
┌ Warning: water tag closure residual 1.6793581648973726e-6 exceeds the configured tolerance 1.0e-10 at t = 2985.0 s. The tags no longer account for the field they partition; see output/a2_none_dt2p5/output_0000/water_tag_closure.csv.
└ @ ClimaAtmos ~/git/ClimaAtmosResiDyn.jl/src/parameterized_tendencies/tagged_tracers/tagged_tracers.jl:590
┌ Warning: water tag closure residual 1.679325595435942e-6 exceeds the configured tolerance 1.0e-10 at t = 2987.5 s. The tags no longer account for the field they partition; see output/a2_none_dt2p5/output_0000/water_tag_closure.csv.
└ @ ClimaAtmos ~/git/ClimaAtmosResiDyn.jl/src/parameterized_tendencies/tagged_tracers/tagged_tracers.jl:590
┌ Warning: water tag closure residual 1.6792930353565157e-6 exceeds the configured tolerance 1.0e-10 at t = 2990.0 s. The tags no longer account for the field they partition; see output/a2_none_dt2p5/output_0000/water_tag_closure.csv.
└ @ ClimaAtmos ~/git/ClimaAtmosResiDyn.jl/src/parameterized_tendencies/tagged_tracers/tagged_tracers.jl:590
┌ Warning: water tag closure residual 1.6792604841826088e-6 exceeds the configured tolerance 1.0e-10 at t = 2992.5 s. The tags no longer account for the field they partition; see output/a2_none_dt2p5/output_0000/water_tag_closure.csv.
└ @ ClimaAtmos ~/git/ClimaAtmosResiDyn.jl/src/parameterized_tendencies/tagged_tracers/tagged_tracers.jl:590
┌ Warning: water tag closure residual 1.6792279377591977e-6 exceeds the configured tolerance 1.0e-10 at t = 2995.0 s. The tags no longer account for the field they partition; see output/a2_none_dt2p5/output_0000/water_tag_closure.csv.
└ @ ClimaAtmos ~/git/ClimaAtmosResiDyn.jl/src/parameterized_tendencies/tagged_tracers/tagged_tracers.jl:590
┌ Warning: water tag closure residual 1.6791953971829848e-6 exceeds the configured tolerance 1.0e-10 at t = 2997.5 s. The tags no longer account for the field they partition; see output/a2_none_dt2p5/output_0000/water_tag_closure.csv.
└ @ ClimaAtmos ~/git/ClimaAtmosResiDyn.jl/src/parameterized_tendencies/tagged_tracers/tagged_tracers.jl:590
┌ Warning: water tag closure residual 1.6791628656156204e-6 exceeds the configured tolerance 1.0e-10 at t = 3000.0 s. The tags no longer account for the field they partition; see output/a2_none_dt2p5/output_0000/water_tag_closure.csv.
└ @ ClimaAtmos ~/git/ClimaAtmosResiDyn.jl/src/parameterized_tendencies/tagged_tracers/tagged_tracers.jl:590
┌ Warning: water tag closure residual 1.679130341516153e-6 exceeds the configured tolerance 1.0e-10 at t = 3002.5 s. The tags no longer account for the field they partition; see output/a2_none_dt2p5/output_0000/water_tag_closure.csv.
└ @ ClimaAtmos ~/git/ClimaAtmosResiDyn.jl/src/parameterized_tendencies/tagged_tracers/tagged_tracers.jl:590
┌ Warning: water tag closure residual 1.6790978225380492e-6 exceeds the configured tolerance 1.0e-10 at t = 3005.0 s. The tags no longer account for the field they partition; see output/a2_none_dt2p5/output_0000/water_tag_closure.csv.
└ @ ClimaAtmos ~/git/ClimaAtmosResiDyn.jl/src/parameterized_tendencies/tagged_tracers/tagged_tracers.jl:590
┌ Warning: water tag closure residual 1.6790653104375604e-6 exceeds the configured tolerance 1.0e-10 at t = 3007.5 s. The tags no longer account for the field they partition; see output/a2_none_dt2p5/output_0000/water_tag_closure.csv.
└ @ ClimaAtmos ~/git/ClimaAtmosResiDyn.jl/src/parameterized_tendencies/tagged_tracers/tagged_tracers.jl:590
┌ Warning: water tag closure residual 1.6790328067390895e-6 exceeds the configured tolerance 1.0e-10 at t = 3010.0 s. The tags no longer account for the field they partition; see output/a2_none_dt2p5/output_0000/water_tag_closure.csv.
└ @ ClimaAtmos ~/git/ClimaAtmosResiDyn.jl/src/parameterized_tendencies/tagged_tracers/tagged_tracers.jl:590
┌ Warning: water tag closure residual 1.6790003097400066e-6 exceeds the configured tolerance 1.0e-10 at t = 3012.5 s. The tags no longer account for the field they partition; see output/a2_none_dt2p5/output_0000/water_tag_closure.csv.
└ @ ClimaAtmos ~/git/ClimaAtmosResiDyn.jl/src/parameterized_tendencies/tagged_tracers/tagged_tracers.jl:590
┌ Warning: water tag closure residual 1.6789678185634767e-6 exceeds the configured tolerance 1.0e-10 at t = 3015.0 s. The tags no longer account for the field they partition; see output/a2_none_dt2p5/output_0000/water_tag_closure.csv.
└ @ ClimaAtmos ~/git/ClimaAtmosResiDyn.jl/src/parameterized_tendencies/tagged_tracers/tagged_tracers.jl:590
┌ Warning: water tag closure residual 1.6789353346458685e-6 exceeds the configured tolerance 1.0e-10 at t = 3017.5 s. The tags no longer account for the field they partition; see output/a2_none_dt2p5/output_0000/water_tag_closure.csv.
└ @ ClimaAtmos ~/git/ClimaAtmosResiDyn.jl/src/parameterized_tendencies/tagged_tracers/tagged_tracers.jl:590
┌ Warning: water tag closure residual 1.6789028585662313e-6 exceeds the configured tolerance 1.0e-10 at t = 3020.0 s. The tags no longer account for the field they partition; see output/a2_none_dt2p5/output_0000/water_tag_closure.csv.
└ @ ClimaAtmos ~/git/ClimaAtmosResiDyn.jl/src/parameterized_tendencies/tagged_tracers/tagged_tracers.jl:590
┌ Warning: water tag closure residual 1.6788703889418798e-6 exceeds the configured tolerance 1.0e-10 at t = 3022.5 s. The tags no longer account for the field they partition; see output/a2_none_dt2p5/output_0000/water_tag_closure.csv.
└ @ ClimaAtmos ~/git/ClimaAtmosResiDyn.jl/src/parameterized_tendencies/tagged_tracers/tagged_tracers.jl:590
┌ Warning: water tag closure residual 1.6788379256866563e-6 exceeds the configured tolerance 1.0e-10 at t = 3025.0 s. The tags no longer account for the field they partition; see output/a2_none_dt2p5/output_0000/water_tag_closure.csv.
└ @ ClimaAtmos ~/git/ClimaAtmosResiDyn.jl/src/parameterized_tendencies/tagged_tracers/tagged_tracers.jl:590
┌ Warning: water tag closure residual 1.6788054697625647e-6 exceeds the configured tolerance 1.0e-10 at t = 3027.5 s. The tags no longer account for the field they partition; see output/a2_none_dt2p5/output_0000/water_tag_closure.csv.
└ @ ClimaAtmos ~/git/ClimaAtmosResiDyn.jl/src/parameterized_tendencies/tagged_tracers/tagged_tracers.jl:590
┌ Warning: water tag closure residual 1.6787730211529216e-6 exceeds the configured tolerance 1.0e-10 at t = 3030.0 s. The tags no longer account for the field they partition; see output/a2_none_dt2p5/output_0000/water_tag_closure.csv.
└ @ ClimaAtmos ~/git/ClimaAtmosResiDyn.jl/src/parameterized_tendencies/tagged_tracers/tagged_tracers.jl:590
┌ Warning: water tag closure residual 1.6787405789048888e-6 exceeds the configured tolerance 1.0e-10 at t = 3032.5 s. The tags no longer account for the field they partition; see output/a2_none_dt2p5/output_0000/water_tag_closure.csv.
└ @ ClimaAtmos ~/git/ClimaAtmosResiDyn.jl/src/parameterized_tendencies/tagged_tracers/tagged_tracers.jl:590
┌ Warning: water tag closure residual 1.6787081432912897e-6 exceeds the configured tolerance 1.0e-10 at t = 3035.0 s. The tags no longer account for the field they partition; see output/a2_none_dt2p5/output_0000/water_tag_closure.csv.
└ @ ClimaAtmos ~/git/ClimaAtmosResiDyn.jl/src/parameterized_tendencies/tagged_tracers/tagged_tracers.jl:590
┌ Warning: water tag closure residual 1.6786757149741744e-6 exceeds the configured tolerance 1.0e-10 at t = 3037.5 s. The tags no longer account for the field they partition; see output/a2_none_dt2p5/output_0000/water_tag_closure.csv.
└ @ ClimaAtmos ~/git/ClimaAtmosResiDyn.jl/src/parameterized_tendencies/tagged_tracers/tagged_tracers.jl:590
┌ Warning: water tag closure residual 1.6786432936908955e-6 exceeds the configured tolerance 1.0e-10 at t = 3040.0 s. The tags no longer account for the field they partition; see output/a2_none_dt2p5/output_0000/water_tag_closure.csv.
└ @ ClimaAtmos ~/git/ClimaAtmosResiDyn.jl/src/parameterized_tendencies/tagged_tracers/tagged_tracers.jl:590
┌ Warning: water tag closure residual 1.6786108789444413e-6 exceeds the configured tolerance 1.0e-10 at t = 3042.5 s. The tags no longer account for the field they partition; see output/a2_none_dt2p5/output_0000/water_tag_closure.csv.
└ @ ClimaAtmos ~/git/ClimaAtmosResiDyn.jl/src/parameterized_tendencies/tagged_tracers/tagged_tracers.jl:590
┌ Warning: water tag closure residual 1.6785784710032501e-6 exceeds the configured tolerance 1.0e-10 at t = 3045.0 s. The tags no longer account for the field they partition; see output/a2_none_dt2p5/output_0000/water_tag_closure.csv.
└ @ ClimaAtmos ~/git/ClimaAtmosResiDyn.jl/src/parameterized_tendencies/tagged_tracers/tagged_tracers.jl:590
┌ Warning: water tag closure residual 1.6785460702714645e-6 exceeds the configured tolerance 1.0e-10 at t = 3047.5 s. The tags no longer account for the field they partition; see output/a2_none_dt2p5/output_0000/water_tag_closure.csv.
└ @ ClimaAtmos ~/git/ClimaAtmosResiDyn.jl/src/parameterized_tendencies/tagged_tracers/tagged_tracers.jl:590
┌ Warning: water tag closure residual 1.6785136763110432e-6 exceeds the configured tolerance 1.0e-10 at t = 3050.0 s. The tags no longer account for the field they partition; see output/a2_none_dt2p5/output_0000/water_tag_closure.csv.
└ @ ClimaAtmos ~/git/ClimaAtmosResiDyn.jl/src/parameterized_tendencies/tagged_tracers/tagged_tracers.jl:590
┌ Warning: water tag closure residual 1.6784812889367877e-6 exceeds the configured tolerance 1.0e-10 at t = 3052.5 s. The tags no longer account for the field they partition; see output/a2_none_dt2p5/output_0000/water_tag_closure.csv.
└ @ ClimaAtmos ~/git/ClimaAtmosResiDyn.jl/src/parameterized_tendencies/tagged_tracers/tagged_tracers.jl:590
┌ Warning: water tag closure residual 1.6784489086080291e-6 exceeds the configured tolerance 1.0e-10 at t = 3055.0 s. The tags no longer account for the field they partition; see output/a2_none_dt2p5/output_0000/water_tag_closure.csv.
└ @ ClimaAtmos ~/git/ClimaAtmosResiDyn.jl/src/parameterized_tendencies/tagged_tracers/tagged_tracers.jl:590
┌ Warning: water tag closure residual 1.6784165352361916e-6 exceeds the configured tolerance 1.0e-10 at t = 3057.5 s. The tags no longer account for the field they partition; see output/a2_none_dt2p5/output_0000/water_tag_closure.csv.
└ @ ClimaAtmos ~/git/ClimaAtmosResiDyn.jl/src/parameterized_tendencies/tagged_tracers/tagged_tracers.jl:590
┌ Warning: water tag closure residual 1.6783841685635268e-6 exceeds the configured tolerance 1.0e-10 at t = 3060.0 s. The tags no longer account for the field they partition; see output/a2_none_dt2p5/output_0000/water_tag_closure.csv.
└ @ ClimaAtmos ~/git/ClimaAtmosResiDyn.jl/src/parameterized_tendencies/tagged_tracers/tagged_tracers.jl:590
┌ Warning: water tag closure residual 1.678351808716545e-6 exceeds the configured tolerance 1.0e-10 at t = 3062.5 s. The tags no longer account for the field they partition; see output/a2_none_dt2p5/output_0000/water_tag_closure.csv.
└ @ ClimaAtmos ~/git/ClimaAtmosResiDyn.jl/src/parameterized_tendencies/tagged_tracers/tagged_tracers.jl:590
┌ Warning: water tag closure residual 1.6783194558049067e-6 exceeds the configured tolerance 1.0e-10 at t = 3065.0 s. The tags no longer account for the field they partition; see output/a2_none_dt2p5/output_0000/water_tag_closure.csv.
└ @ ClimaAtmos ~/git/ClimaAtmosResiDyn.jl/src/parameterized_tendencies/tagged_tracers/tagged_tracers.jl:590
┌ Warning: water tag closure residual 1.6782871097412402e-6 exceeds the configured tolerance 1.0e-10 at t = 3067.5 s. The tags no longer account for the field they partition; see output/a2_none_dt2p5/output_0000/water_tag_closure.csv.
└ @ ClimaAtmos ~/git/ClimaAtmosResiDyn.jl/src/parameterized_tendencies/tagged_tracers/tagged_tracers.jl:590
┌ Warning: water tag closure residual 1.678254770374387e-6 exceeds the configured tolerance 1.0e-10 at t = 3070.0 s. The tags no longer account for the field they partition; see output/a2_none_dt2p5/output_0000/water_tag_closure.csv.
└ @ ClimaAtmos ~/git/ClimaAtmosResiDyn.jl/src/parameterized_tendencies/tagged_tracers/tagged_tracers.jl:590
┌ Warning: water tag closure residual 1.6782224377515228e-6 exceeds the configured tolerance 1.0e-10 at t = 3072.5 s. The tags no longer account for the field they partition; see output/a2_none_dt2p5/output_0000/water_tag_closure.csv.
└ @ ClimaAtmos ~/git/ClimaAtmosResiDyn.jl/src/parameterized_tendencies/tagged_tracers/tagged_tracers.jl:590
┌ Warning: water tag closure residual 1.678190112103573e-6 exceeds the configured tolerance 1.0e-10 at t = 3075.0 s. The tags no longer account for the field they partition; see output/a2_none_dt2p5/output_0000/water_tag_closure.csv.
└ @ ClimaAtmos ~/git/ClimaAtmosResiDyn.jl/src/parameterized_tendencies/tagged_tracers/tagged_tracers.jl:590
┌ Warning: water tag closure residual 1.6781577934110579e-6 exceeds the configured tolerance 1.0e-10 at t = 3077.5 s. The tags no longer account for the field they partition; see output/a2_none_dt2p5/output_0000/water_tag_closure.csv.
└ @ ClimaAtmos ~/git/ClimaAtmosResiDyn.jl/src/parameterized_tendencies/tagged_tracers/tagged_tracers.jl:590
┌ Warning: water tag closure residual 1.6781254814529444e-6 exceeds the configured tolerance 1.0e-10 at t = 3080.0 s. The tags no longer account for the field they partition; see output/a2_none_dt2p5/output_0000/water_tag_closure.csv.
└ @ ClimaAtmos ~/git/ClimaAtmosResiDyn.jl/src/parameterized_tendencies/tagged_tracers/tagged_tracers.jl:590
┌ Warning: water tag closure residual 1.6780931764103719e-6 exceeds the configured tolerance 1.0e-10 at t = 3082.5 s. The tags no longer account for the field they partition; see output/a2_none_dt2p5/output_0000/water_tag_closure.csv.
└ @ ClimaAtmos ~/git/ClimaAtmosResiDyn.jl/src/parameterized_tendencies/tagged_tracers/tagged_tracers.jl:590
┌ Warning: water tag closure residual 1.6780608781709542e-6 exceeds the configured tolerance 1.0e-10 at t = 3085.0 s. The tags no longer account for the field they partition; see output/a2_none_dt2p5/output_0000/water_tag_closure.csv.
└ @ ClimaAtmos ~/git/ClimaAtmosResiDyn.jl/src/parameterized_tendencies/tagged_tracers/tagged_tracers.jl:590
┌ Warning: water tag closure residual 1.6780285868218701e-6 exceeds the configured tolerance 1.0e-10 at t = 3087.5 s. The tags no longer account for the field they partition; see output/a2_none_dt2p5/output_0000/water_tag_closure.csv.
└ @ ClimaAtmos ~/git/ClimaAtmosResiDyn.jl/src/parameterized_tendencies/tagged_tracers/tagged_tracers.jl:590
┌ Warning: water tag closure residual 1.6779963021790877e-6 exceeds the configured tolerance 1.0e-10 at t = 3090.0 s. The tags no longer account for the field they partition; see output/a2_none_dt2p5/output_0000/water_tag_closure.csv.
└ @ ClimaAtmos ~/git/ClimaAtmosResiDyn.jl/src/parameterized_tendencies/tagged_tracers/tagged_tracers.jl:590
┌ Warning: water tag closure residual 1.6779640243557267e-6 exceeds the configured tolerance 1.0e-10 at t = 3092.5 s. The tags no longer account for the field they partition; see output/a2_none_dt2p5/output_0000/water_tag_closure.csv.
└ @ ClimaAtmos ~/git/ClimaAtmosResiDyn.jl/src/parameterized_tendencies/tagged_tracers/tagged_tracers.jl:590
┌ Warning: water tag closure residual 1.6779317534809982e-6 exceeds the configured tolerance 1.0e-10 at t = 3095.0 s. The tags no longer account for the field they partition; see output/a2_none_dt2p5/output_0000/water_tag_closure.csv.
└ @ ClimaAtmos ~/git/ClimaAtmosResiDyn.jl/src/parameterized_tendencies/tagged_tracers/tagged_tracers.jl:590
┌ Warning: water tag closure residual 1.6778994893542535e-6 exceeds the configured tolerance 1.0e-10 at t = 3097.5 s. The tags no longer account for the field they partition; see output/a2_none_dt2p5/output_0000/water_tag_closure.csv.
└ @ ClimaAtmos ~/git/ClimaAtmosResiDyn.jl/src/parameterized_tendencies/tagged_tracers/tagged_tracers.jl:590
┌ Warning: water tag closure residual 1.677867232045762e-6 exceeds the configured tolerance 1.0e-10 at t = 3100.0 s. The tags no longer account for the field they partition; see output/a2_none_dt2p5/output_0000/water_tag_closure.csv.
└ @ ClimaAtmos ~/git/ClimaAtmosResiDyn.jl/src/parameterized_tendencies/tagged_tracers/tagged_tracers.jl:590
┌ Warning: water tag closure residual 1.6778349815289325e-6 exceeds the configured tolerance 1.0e-10 at t = 3102.5 s. The tags no longer account for the field they partition; see output/a2_none_dt2p5/output_0000/water_tag_closure.csv.
└ @ ClimaAtmos ~/git/ClimaAtmosResiDyn.jl/src/parameterized_tendencies/tagged_tracers/tagged_tracers.jl:590
┌ Warning: water tag closure residual 1.677802737919932e-6 exceeds the configured tolerance 1.0e-10 at t = 3105.0 s. The tags no longer account for the field they partition; see output/a2_none_dt2p5/output_0000/water_tag_closure.csv.
└ @ ClimaAtmos ~/git/ClimaAtmosResiDyn.jl/src/parameterized_tendencies/tagged_tracers/tagged_tracers.jl:590
┌ Warning: water tag closure residual 1.6777705009838097e-6 exceeds the configured tolerance 1.0e-10 at t = 3107.5 s. The tags no longer account for the field they partition; see output/a2_none_dt2p5/output_0000/water_tag_closure.csv.
└ @ ClimaAtmos ~/git/ClimaAtmosResiDyn.jl/src/parameterized_tendencies/tagged_tracers/tagged_tracers.jl:590
┌ Info: Progress
│   simulation_time = "51 minutes, 47 seconds"
│   n_steps_completed = 1243
│   wall_time_per_step = "3 milliseconds, 704 microseconds"
│   wall_time_total = "5 seconds, 334 milliseconds"
│   wall_time_remaining = "729 milliseconds, 807 microseconds"
│   wall_time_spent = "4 seconds, 604 milliseconds"
│   percent_complete = "86.3%"
│   estimated_sypd = "1.848"
│   instantaneous_sypd = "2.378"
│   date_now = 2026-09-10T00:49:27.176
└   estimated_finish_date = 2026-09-10T00:49:28.176
┌ Warning: water tag closure residual 1.6777382709172649e-6 exceeds the configured tolerance 1.0e-10 at t = 3110.0 s. The tags no longer account for the field they partition; see output/a2_none_dt2p5/output_0000/water_tag_closure.csv.
└ @ ClimaAtmos ~/git/ClimaAtmosResiDyn.jl/src/parameterized_tendencies/tagged_tracers/tagged_tracers.jl:590
┌ Warning: water tag closure residual 1.6777060475887926e-6 exceeds the configured tolerance 1.0e-10 at t = 3112.5 s. The tags no longer account for the field they partition; see output/a2_none_dt2p5/output_0000/water_tag_closure.csv.
└ @ ClimaAtmos ~/git/ClimaAtmosResiDyn.jl/src/parameterized_tendencies/tagged_tracers/tagged_tracers.jl:590
┌ Warning: water tag closure residual 1.6776738310199143e-6 exceeds the configured tolerance 1.0e-10 at t = 3115.0 s. The tags no longer account for the field they partition; see output/a2_none_dt2p5/output_0000/water_tag_closure.csv.
└ @ ClimaAtmos ~/git/ClimaAtmosResiDyn.jl/src/parameterized_tendencies/tagged_tracers/tagged_tracers.jl:590
┌ Warning: water tag closure residual 1.6776416213084379e-6 exceeds the configured tolerance 1.0e-10 at t = 3117.5 s. The tags no longer account for the field they partition; see output/a2_none_dt2p5/output_0000/water_tag_closure.csv.
└ @ ClimaAtmos ~/git/ClimaAtmosResiDyn.jl/src/parameterized_tendencies/tagged_tracers/tagged_tracers.jl:590
┌ Warning: water tag closure residual 1.6776094182743333e-6 exceeds the configured tolerance 1.0e-10 at t = 3120.0 s. The tags no longer account for the field they partition; see output/a2_none_dt2p5/output_0000/water_tag_closure.csv.
└ @ ClimaAtmos ~/git/ClimaAtmosResiDyn.jl/src/parameterized_tendencies/tagged_tracers/tagged_tracers.jl:590
┌ Warning: water tag closure residual 1.6775772220034476e-6 exceeds the configured tolerance 1.0e-10 at t = 3122.5 s. The tags no longer account for the field they partition; see output/a2_none_dt2p5/output_0000/water_tag_closure.csv.
└ @ ClimaAtmos ~/git/ClimaAtmosResiDyn.jl/src/parameterized_tendencies/tagged_tracers/tagged_tracers.jl:590
┌ Warning: water tag closure residual 1.6775450324565532e-6 exceeds the configured tolerance 1.0e-10 at t = 3125.0 s. The tags no longer account for the field they partition; see output/a2_none_dt2p5/output_0000/water_tag_closure.csv.
└ @ ClimaAtmos ~/git/ClimaAtmosResiDyn.jl/src/parameterized_tendencies/tagged_tracers/tagged_tracers.jl:590
┌ Warning: water tag closure residual 1.6775128497421785e-6 exceeds the configured tolerance 1.0e-10 at t = 3127.5 s. The tags no longer account for the field they partition; see output/a2_none_dt2p5/output_0000/water_tag_closure.csv.
└ @ ClimaAtmos ~/git/ClimaAtmosResiDyn.jl/src/parameterized_tendencies/tagged_tracers/tagged_tracers.jl:590
┌ Warning: water tag closure residual 1.6774806737199595e-6 exceeds the configured tolerance 1.0e-10 at t = 3130.0 s. The tags no longer account for the field they partition; see output/a2_none_dt2p5/output_0000/water_tag_closure.csv.
└ @ ClimaAtmos ~/git/ClimaAtmosResiDyn.jl/src/parameterized_tendencies/tagged_tracers/tagged_tracers.jl:590
┌ Warning: water tag closure residual 1.677448504481041e-6 exceeds the configured tolerance 1.0e-10 at t = 3132.5 s. The tags no longer account for the field they partition; see output/a2_none_dt2p5/output_0000/water_tag_closure.csv.
└ @ ClimaAtmos ~/git/ClimaAtmosResiDyn.jl/src/parameterized_tendencies/tagged_tracers/tagged_tracers.jl:590
┌ Warning: water tag closure residual 1.6774163420668023e-6 exceeds the configured tolerance 1.0e-10 at t = 3135.0 s. The tags no longer account for the field they partition; see output/a2_none_dt2p5/output_0000/water_tag_closure.csv.
└ @ ClimaAtmos ~/git/ClimaAtmosResiDyn.jl/src/parameterized_tendencies/tagged_tracers/tagged_tracers.jl:590
┌ Warning: water tag closure residual 1.6773841862898225e-6 exceeds the configured tolerance 1.0e-10 at t = 3137.5 s. The tags no longer account for the field they partition; see output/a2_none_dt2p5/output_0000/water_tag_closure.csv.
└ @ ClimaAtmos ~/git/ClimaAtmosResiDyn.jl/src/parameterized_tendencies/tagged_tracers/tagged_tracers.jl:590
┌ Warning: water tag closure residual 1.6773520372009217e-6 exceeds the configured tolerance 1.0e-10 at t = 3140.0 s. The tags no longer account for the field they partition; see output/a2_none_dt2p5/output_0000/water_tag_closure.csv.
└ @ ClimaAtmos ~/git/ClimaAtmosResiDyn.jl/src/parameterized_tendencies/tagged_tracers/tagged_tracers.jl:590
┌ Warning: water tag closure residual 1.6773198949805967e-6 exceeds the configured tolerance 1.0e-10 at t = 3142.5 s. The tags no longer account for the field they partition; see output/a2_none_dt2p5/output_0000/water_tag_closure.csv.
└ @ ClimaAtmos ~/git/ClimaAtmosResiDyn.jl/src/parameterized_tendencies/tagged_tracers/tagged_tracers.jl:590
┌ Warning: water tag closure residual 1.6772877593723715e-6 exceeds the configured tolerance 1.0e-10 at t = 3145.0 s. The tags no longer account for the field they partition; see output/a2_none_dt2p5/output_0000/water_tag_closure.csv.
└ @ ClimaAtmos ~/git/ClimaAtmosResiDyn.jl/src/parameterized_tendencies/tagged_tracers/tagged_tracers.jl:590
┌ Warning: water tag closure residual 1.6772556305196077e-6 exceeds the configured tolerance 1.0e-10 at t = 3147.5 s. The tags no longer account for the field they partition; see output/a2_none_dt2p5/output_0000/water_tag_closure.csv.
└ @ ClimaAtmos ~/git/ClimaAtmosResiDyn.jl/src/parameterized_tendencies/tagged_tracers/tagged_tracers.jl:590
┌ Warning: water tag closure residual 1.6772235083864282e-6 exceeds the configured tolerance 1.0e-10 at t = 3150.0 s. The tags no longer account for the field they partition; see output/a2_none_dt2p5/output_0000/water_tag_closure.csv.
└ @ ClimaAtmos ~/git/ClimaAtmosResiDyn.jl/src/parameterized_tendencies/tagged_tracers/tagged_tracers.jl:590
┌ Warning: water tag closure residual 1.6771913929291652e-6 exceeds the configured tolerance 1.0e-10 at t = 3152.5 s. The tags no longer account for the field they partition; see output/a2_none_dt2p5/output_0000/water_tag_closure.csv.
└ @ ClimaAtmos ~/git/ClimaAtmosResiDyn.jl/src/parameterized_tendencies/tagged_tracers/tagged_tracers.jl:590
┌ Warning: water tag closure residual 1.6771592842568876e-6 exceeds the configured tolerance 1.0e-10 at t = 3155.0 s. The tags no longer account for the field they partition; see output/a2_none_dt2p5/output_0000/water_tag_closure.csv.
└ @ ClimaAtmos ~/git/ClimaAtmosResiDyn.jl/src/parameterized_tendencies/tagged_tracers/tagged_tracers.jl:590
┌ Warning: water tag closure residual 1.6771271821354894e-6 exceeds the configured tolerance 1.0e-10 at t = 3157.5 s. The tags no longer account for the field they partition; see output/a2_none_dt2p5/output_0000/water_tag_closure.csv.
└ @ ClimaAtmos ~/git/ClimaAtmosResiDyn.jl/src/parameterized_tendencies/tagged_tracers/tagged_tracers.jl:590
┌ Warning: water tag closure residual 1.6770950867832638e-6 exceeds the configured tolerance 1.0e-10 at t = 3160.0 s. The tags no longer account for the field they partition; see output/a2_none_dt2p5/output_0000/water_tag_closure.csv.
└ @ ClimaAtmos ~/git/ClimaAtmosResiDyn.jl/src/parameterized_tendencies/tagged_tracers/tagged_tracers.jl:590
┌ Warning: water tag closure residual 1.6770629980457601e-6 exceeds the configured tolerance 1.0e-10 at t = 3162.5 s. The tags no longer account for the field they partition; see output/a2_none_dt2p5/output_0000/water_tag_closure.csv.
└ @ ClimaAtmos ~/git/ClimaAtmosResiDyn.jl/src/parameterized_tendencies/tagged_tracers/tagged_tracers.jl:590
┌ Warning: water tag closure residual 1.6770309159453157e-6 exceeds the configured tolerance 1.0e-10 at t = 3165.0 s. The tags no longer account for the field they partition; see output/a2_none_dt2p5/output_0000/water_tag_closure.csv.
└ @ ClimaAtmos ~/git/ClimaAtmosResiDyn.jl/src/parameterized_tendencies/tagged_tracers/tagged_tracers.jl:590
┌ Warning: water tag closure residual 1.676998840588122e-6 exceeds the configured tolerance 1.0e-10 at t = 3167.5 s. The tags no longer account for the field they partition; see output/a2_none_dt2p5/output_0000/water_tag_closure.csv.
└ @ ClimaAtmos ~/git/ClimaAtmosResiDyn.jl/src/parameterized_tendencies/tagged_tracers/tagged_tracers.jl:590
┌ Warning: water tag closure residual 1.6769667719813352e-6 exceeds the configured tolerance 1.0e-10 at t = 3170.0 s. The tags no longer account for the field they partition; see output/a2_none_dt2p5/output_0000/water_tag_closure.csv.
└ @ ClimaAtmos ~/git/ClimaAtmosResiDyn.jl/src/parameterized_tendencies/tagged_tracers/tagged_tracers.jl:590
┌ Warning: water tag closure residual 1.676934710022166e-6 exceeds the configured tolerance 1.0e-10 at t = 3172.5 s. The tags no longer account for the field they partition; see output/a2_none_dt2p5/output_0000/water_tag_closure.csv.
└ @ ClimaAtmos ~/git/ClimaAtmosResiDyn.jl/src/parameterized_tendencies/tagged_tracers/tagged_tracers.jl:590
┌ Warning: water tag closure residual 1.6769026547148226e-6 exceeds the configured tolerance 1.0e-10 at t = 3175.0 s. The tags no longer account for the field they partition; see output/a2_none_dt2p5/output_0000/water_tag_closure.csv.
└ @ ClimaAtmos ~/git/ClimaAtmosResiDyn.jl/src/parameterized_tendencies/tagged_tracers/tagged_tracers.jl:590
┌ Warning: water tag closure residual 1.6768706059461762e-6 exceeds the configured tolerance 1.0e-10 at t = 3177.5 s. The tags no longer account for the field they partition; see output/a2_none_dt2p5/output_0000/water_tag_closure.csv.
└ @ ClimaAtmos ~/git/ClimaAtmosResiDyn.jl/src/parameterized_tendencies/tagged_tracers/tagged_tracers.jl:590
┌ Warning: water tag closure residual 1.676838563969855e-6 exceeds the configured tolerance 1.0e-10 at t = 3180.0 s. The tags no longer account for the field they partition; see output/a2_none_dt2p5/output_0000/water_tag_closure.csv.
└ @ ClimaAtmos ~/git/ClimaAtmosResiDyn.jl/src/parameterized_tendencies/tagged_tracers/tagged_tracers.jl:590
┌ Warning: water tag closure residual 1.6768065287358981e-6 exceeds the configured tolerance 1.0e-10 at t = 3182.5 s. The tags no longer account for the field they partition; see output/a2_none_dt2p5/output_0000/water_tag_closure.csv.
└ @ ClimaAtmos ~/git/ClimaAtmosResiDyn.jl/src/parameterized_tendencies/tagged_tracers/tagged_tracers.jl:590
┌ Warning: water tag closure residual 1.6767745007239248e-6 exceeds the configured tolerance 1.0e-10 at t = 3185.0 s. The tags no longer account for the field they partition; see output/a2_none_dt2p5/output_0000/water_tag_closure.csv.
└ @ ClimaAtmos ~/git/ClimaAtmosResiDyn.jl/src/parameterized_tendencies/tagged_tracers/tagged_tracers.jl:590
┌ Warning: water tag closure residual 1.6767424776913307e-6 exceeds the configured tolerance 1.0e-10 at t = 3187.5 s. The tags no longer account for the field they partition; see output/a2_none_dt2p5/output_0000/water_tag_closure.csv.
└ @ ClimaAtmos ~/git/ClimaAtmosResiDyn.jl/src/parameterized_tendencies/tagged_tracers/tagged_tracers.jl:590
┌ Warning: water tag closure residual 1.6767104560626199e-6 exceeds the configured tolerance 1.0e-10 at t = 3190.0 s. The tags no longer account for the field they partition; see output/a2_none_dt2p5/output_0000/water_tag_closure.csv.
└ @ ClimaAtmos ~/git/ClimaAtmosResiDyn.jl/src/parameterized_tendencies/tagged_tracers/tagged_tracers.jl:590
┌ Warning: water tag closure residual 1.676678441471861e-6 exceeds the configured tolerance 1.0e-10 at t = 3192.5 s. The tags no longer account for the field they partition; see output/a2_none_dt2p5/output_0000/water_tag_closure.csv.
└ @ ClimaAtmos ~/git/ClimaAtmosResiDyn.jl/src/parameterized_tendencies/tagged_tracers/tagged_tracers.jl:590
┌ Warning: water tag closure residual 1.6766464359759494e-6 exceeds the configured tolerance 1.0e-10 at t = 3195.0 s. The tags no longer account for the field they partition; see output/a2_none_dt2p5/output_0000/water_tag_closure.csv.
└ @ ClimaAtmos ~/git/ClimaAtmosResiDyn.jl/src/parameterized_tendencies/tagged_tracers/tagged_tracers.jl:590
┌ Warning: water tag closure residual 1.6766144375325617e-6 exceeds the configured tolerance 1.0e-10 at t = 3197.5 s. The tags no longer account for the field they partition; see output/a2_none_dt2p5/output_0000/water_tag_closure.csv.
└ @ ClimaAtmos ~/git/ClimaAtmosResiDyn.jl/src/parameterized_tendencies/tagged_tracers/tagged_tracers.jl:590
┌ Warning: water tag closure residual 1.6765824432466542e-6 exceeds the configured tolerance 1.0e-10 at t = 3200.0 s. The tags no longer account for the field they partition; see output/a2_none_dt2p5/output_0000/water_tag_closure.csv.
└ @ ClimaAtmos ~/git/ClimaAtmosResiDyn.jl/src/parameterized_tendencies/tagged_tracers/tagged_tracers.jl:590
┌ Warning: water tag closure residual 1.6765504556004463e-6 exceeds the configured tolerance 1.0e-10 at t = 3202.5 s. The tags no longer account for the field they partition; see output/a2_none_dt2p5/output_0000/water_tag_closure.csv.
└ @ ClimaAtmos ~/git/ClimaAtmosResiDyn.jl/src/parameterized_tendencies/tagged_tracers/tagged_tracers.jl:590
┌ Warning: water tag closure residual 1.6765184770146947e-6 exceeds the configured tolerance 1.0e-10 at t = 3205.0 s. The tags no longer account for the field they partition; see output/a2_none_dt2p5/output_0000/water_tag_closure.csv.
└ @ ClimaAtmos ~/git/ClimaAtmosResiDyn.jl/src/parameterized_tendencies/tagged_tracers/tagged_tracers.jl:590
┌ Warning: water tag closure residual 1.6764865041889283e-6 exceeds the configured tolerance 1.0e-10 at t = 3207.5 s. The tags no longer account for the field they partition; see output/a2_none_dt2p5/output_0000/water_tag_closure.csv.
└ @ ClimaAtmos ~/git/ClimaAtmosResiDyn.jl/src/parameterized_tendencies/tagged_tracers/tagged_tracers.jl:590
┌ Warning: water tag closure residual 1.6764545365604885e-6 exceeds the configured tolerance 1.0e-10 at t = 3210.0 s. The tags no longer account for the field they partition; see output/a2_none_dt2p5/output_0000/water_tag_closure.csv.
└ @ ClimaAtmos ~/git/ClimaAtmosResiDyn.jl/src/parameterized_tendencies/tagged_tracers/tagged_tracers.jl:590
┌ Warning: water tag closure residual 1.6764225764293852e-6 exceeds the configured tolerance 1.0e-10 at t = 3212.5 s. The tags no longer account for the field they partition; see output/a2_none_dt2p5/output_0000/water_tag_closure.csv.
└ @ ClimaAtmos ~/git/ClimaAtmosResiDyn.jl/src/parameterized_tendencies/tagged_tracers/tagged_tracers.jl:590
┌ Warning: water tag closure residual 1.676390623861709e-6 exceeds the configured tolerance 1.0e-10 at t = 3215.0 s. The tags no longer account for the field they partition; see output/a2_none_dt2p5/output_0000/water_tag_closure.csv.
└ @ ClimaAtmos ~/git/ClimaAtmosResiDyn.jl/src/parameterized_tendencies/tagged_tracers/tagged_tracers.jl:590
┌ Warning: water tag closure residual 1.6763586771225643e-6 exceeds the configured tolerance 1.0e-10 at t = 3217.5 s. The tags no longer account for the field they partition; see output/a2_none_dt2p5/output_0000/water_tag_closure.csv.
└ @ ClimaAtmos ~/git/ClimaAtmosResiDyn.jl/src/parameterized_tendencies/tagged_tracers/tagged_tracers.jl:590
┌ Warning: water tag closure residual 1.6763267362649135e-6 exceeds the configured tolerance 1.0e-10 at t = 3220.0 s. The tags no longer account for the field they partition; see output/a2_none_dt2p5/output_0000/water_tag_closure.csv.
└ @ ClimaAtmos ~/git/ClimaAtmosResiDyn.jl/src/parameterized_tendencies/tagged_tracers/tagged_tracers.jl:590
┌ Warning: water tag closure residual 1.6762948028662061e-6 exceeds the configured tolerance 1.0e-10 at t = 3222.5 s. The tags no longer account for the field they partition; see output/a2_none_dt2p5/output_0000/water_tag_closure.csv.
└ @ ClimaAtmos ~/git/ClimaAtmosResiDyn.jl/src/parameterized_tendencies/tagged_tracers/tagged_tracers.jl:590
┌ Warning: water tag closure residual 1.6762628764498272e-6 exceeds the configured tolerance 1.0e-10 at t = 3225.0 s. The tags no longer account for the field they partition; see output/a2_none_dt2p5/output_0000/water_tag_closure.csv.
└ @ ClimaAtmos ~/git/ClimaAtmosResiDyn.jl/src/parameterized_tendencies/tagged_tracers/tagged_tracers.jl:590
┌ Warning: water tag closure residual 1.6762309558869012e-6 exceeds the configured tolerance 1.0e-10 at t = 3227.5 s. The tags no longer account for the field they partition; see output/a2_none_dt2p5/output_0000/water_tag_closure.csv.
└ @ ClimaAtmos ~/git/ClimaAtmosResiDyn.jl/src/parameterized_tendencies/tagged_tracers/tagged_tracers.jl:590
┌ Warning: water tag closure residual 1.6761990417607664e-6 exceeds the configured tolerance 1.0e-10 at t = 3230.0 s. The tags no longer account for the field they partition; see output/a2_none_dt2p5/output_0000/water_tag_closure.csv.
└ @ ClimaAtmos ~/git/ClimaAtmosResiDyn.jl/src/parameterized_tendencies/tagged_tracers/tagged_tracers.jl:590
┌ Warning: water tag closure residual 1.6761671348672782e-6 exceeds the configured tolerance 1.0e-10 at t = 3232.5 s. The tags no longer account for the field they partition; see output/a2_none_dt2p5/output_0000/water_tag_closure.csv.
└ @ ClimaAtmos ~/git/ClimaAtmosResiDyn.jl/src/parameterized_tendencies/tagged_tracers/tagged_tracers.jl:590
┌ Warning: water tag closure residual 1.676135234568236e-6 exceeds the configured tolerance 1.0e-10 at t = 3235.0 s. The tags no longer account for the field they partition; see output/a2_none_dt2p5/output_0000/water_tag_closure.csv.
└ @ ClimaAtmos ~/git/ClimaAtmosResiDyn.jl/src/parameterized_tendencies/tagged_tracers/tagged_tracers.jl:590
┌ Warning: water tag closure residual 1.6761033402568568e-6 exceeds the configured tolerance 1.0e-10 at t = 3237.5 s. The tags no longer account for the field they partition; see output/a2_none_dt2p5/output_0000/water_tag_closure.csv.
└ @ ClimaAtmos ~/git/ClimaAtmosResiDyn.jl/src/parameterized_tendencies/tagged_tracers/tagged_tracers.jl:590
┌ Warning: water tag closure residual 1.676071452619207e-6 exceeds the configured tolerance 1.0e-10 at t = 3240.0 s. The tags no longer account for the field they partition; see output/a2_none_dt2p5/output_0000/water_tag_closure.csv.
└ @ ClimaAtmos ~/git/ClimaAtmosResiDyn.jl/src/parameterized_tendencies/tagged_tracers/tagged_tracers.jl:590
┌ Warning: water tag closure residual 1.6760395720280591e-6 exceeds the configured tolerance 1.0e-10 at t = 3242.5 s. The tags no longer account for the field they partition; see output/a2_none_dt2p5/output_0000/water_tag_closure.csv.
└ @ ClimaAtmos ~/git/ClimaAtmosResiDyn.jl/src/parameterized_tendencies/tagged_tracers/tagged_tracers.jl:590
┌ Warning: water tag closure residual 1.676007697846282e-6 exceeds the configured tolerance 1.0e-10 at t = 3245.0 s. The tags no longer account for the field they partition; see output/a2_none_dt2p5/output_0000/water_tag_closure.csv.
└ @ ClimaAtmos ~/git/ClimaAtmosResiDyn.jl/src/parameterized_tendencies/tagged_tracers/tagged_tracers.jl:590
┌ Warning: water tag closure residual 1.6759758298521787e-6 exceeds the configured tolerance 1.0e-10 at t = 3247.5 s. The tags no longer account for the field they partition; see output/a2_none_dt2p5/output_0000/water_tag_closure.csv.
└ @ ClimaAtmos ~/git/ClimaAtmosResiDyn.jl/src/parameterized_tendencies/tagged_tracers/tagged_tracers.jl:590
┌ Warning: water tag closure residual 1.6759439686096716e-6 exceeds the configured tolerance 1.0e-10 at t = 3250.0 s. The tags no longer account for the field they partition; see output/a2_none_dt2p5/output_0000/water_tag_closure.csv.
└ @ ClimaAtmos ~/git/ClimaAtmosResiDyn.jl/src/parameterized_tendencies/tagged_tracers/tagged_tracers.jl:590
┌ Warning: water tag closure residual 1.6759121141626244e-6 exceeds the configured tolerance 1.0e-10 at t = 3252.5 s. The tags no longer account for the field they partition; see output/a2_none_dt2p5/output_0000/water_tag_closure.csv.
└ @ ClimaAtmos ~/git/ClimaAtmosResiDyn.jl/src/parameterized_tendencies/tagged_tracers/tagged_tracers.jl:590
┌ Warning: water tag closure residual 1.6758802661041043e-6 exceeds the configured tolerance 1.0e-10 at t = 3255.0 s. The tags no longer account for the field they partition; see output/a2_none_dt2p5/output_0000/water_tag_closure.csv.
└ @ ClimaAtmos ~/git/ClimaAtmosResiDyn.jl/src/parameterized_tendencies/tagged_tracers/tagged_tracers.jl:590
┌ Warning: water tag closure residual 1.6758484244272856e-6 exceeds the configured tolerance 1.0e-10 at t = 3257.5 s. The tags no longer account for the field they partition; see output/a2_none_dt2p5/output_0000/water_tag_closure.csv.
└ @ ClimaAtmos ~/git/ClimaAtmosResiDyn.jl/src/parameterized_tendencies/tagged_tracers/tagged_tracers.jl:590
┌ Warning: water tag closure residual 1.6758165895956404e-6 exceeds the configured tolerance 1.0e-10 at t = 3260.0 s. The tags no longer account for the field they partition; see output/a2_none_dt2p5/output_0000/water_tag_closure.csv.
└ @ ClimaAtmos ~/git/ClimaAtmosResiDyn.jl/src/parameterized_tendencies/tagged_tracers/tagged_tracers.jl:590
┌ Warning: water tag closure residual 1.6757847612668971e-6 exceeds the configured tolerance 1.0e-10 at t = 3262.5 s. The tags no longer account for the field they partition; see output/a2_none_dt2p5/output_0000/water_tag_closure.csv.
└ @ ClimaAtmos ~/git/ClimaAtmosResiDyn.jl/src/parameterized_tendencies/tagged_tracers/tagged_tracers.jl:590
┌ Warning: water tag closure residual 1.6757529393123182e-6 exceeds the configured tolerance 1.0e-10 at t = 3265.0 s. The tags no longer account for the field they partition; see output/a2_none_dt2p5/output_0000/water_tag_closure.csv.
└ @ ClimaAtmos ~/git/ClimaAtmosResiDyn.jl/src/parameterized_tendencies/tagged_tracers/tagged_tracers.jl:590
┌ Warning: water tag closure residual 1.675721123810338e-6 exceeds the configured tolerance 1.0e-10 at t = 3267.5 s. The tags no longer account for the field they partition; see output/a2_none_dt2p5/output_0000/water_tag_closure.csv.
└ @ ClimaAtmos ~/git/ClimaAtmosResiDyn.jl/src/parameterized_tendencies/tagged_tracers/tagged_tracers.jl:590
┌ Warning: water tag closure residual 1.675689314995617e-6 exceeds the configured tolerance 1.0e-10 at t = 3270.0 s. The tags no longer account for the field they partition; see output/a2_none_dt2p5/output_0000/water_tag_closure.csv.
└ @ ClimaAtmos ~/git/ClimaAtmosResiDyn.jl/src/parameterized_tendencies/tagged_tracers/tagged_tracers.jl:590
┌ Warning: water tag closure residual 1.6756575127649658e-6 exceeds the configured tolerance 1.0e-10 at t = 3272.5 s. The tags no longer account for the field they partition; see output/a2_none_dt2p5/output_0000/water_tag_closure.csv.
└ @ ClimaAtmos ~/git/ClimaAtmosResiDyn.jl/src/parameterized_tendencies/tagged_tracers/tagged_tracers.jl:590
┌ Warning: water tag closure residual 1.6756257169132294e-6 exceeds the configured tolerance 1.0e-10 at t = 3275.0 s. The tags no longer account for the field they partition; see output/a2_none_dt2p5/output_0000/water_tag_closure.csv.
└ @ ClimaAtmos ~/git/ClimaAtmosResiDyn.jl/src/parameterized_tendencies/tagged_tracers/tagged_tracers.jl:590
┌ Warning: water tag closure residual 1.6755939276145995e-6 exceeds the configured tolerance 1.0e-10 at t = 3277.5 s. The tags no longer account for the field they partition; see output/a2_none_dt2p5/output_0000/water_tag_closure.csv.
└ @ ClimaAtmos ~/git/ClimaAtmosResiDyn.jl/src/parameterized_tendencies/tagged_tracers/tagged_tracers.jl:590
┌ Warning: water tag closure residual 1.6755621448513376e-6 exceeds the configured tolerance 1.0e-10 at t = 3280.0 s. The tags no longer account for the field they partition; see output/a2_none_dt2p5/output_0000/water_tag_closure.csv.
└ @ ClimaAtmos ~/git/ClimaAtmosResiDyn.jl/src/parameterized_tendencies/tagged_tracers/tagged_tracers.jl:590
┌ Warning: water tag closure residual 1.6755303685890872e-6 exceeds the configured tolerance 1.0e-10 at t = 3282.5 s. The tags no longer account for the field they partition; see output/a2_none_dt2p5/output_0000/water_tag_closure.csv.
└ @ ClimaAtmos ~/git/ClimaAtmosResiDyn.jl/src/parameterized_tendencies/tagged_tracers/tagged_tracers.jl:590
┌ Warning: water tag closure residual 1.6754985987434983e-6 exceeds the configured tolerance 1.0e-10 at t = 3285.0 s. The tags no longer account for the field they partition; see output/a2_none_dt2p5/output_0000/water_tag_closure.csv.
└ @ ClimaAtmos ~/git/ClimaAtmosResiDyn.jl/src/parameterized_tendencies/tagged_tracers/tagged_tracers.jl:590
┌ Warning: water tag closure residual 1.6754668355124206e-6 exceeds the configured tolerance 1.0e-10 at t = 3287.5 s. The tags no longer account for the field they partition; see output/a2_none_dt2p5/output_0000/water_tag_closure.csv.
└ @ ClimaAtmos ~/git/ClimaAtmosResiDyn.jl/src/parameterized_tendencies/tagged_tracers/tagged_tracers.jl:590
┌ Warning: water tag closure residual 1.6754350787253904e-6 exceeds the configured tolerance 1.0e-10 at t = 3290.0 s. The tags no longer account for the field they partition; see output/a2_none_dt2p5/output_0000/water_tag_closure.csv.
└ @ ClimaAtmos ~/git/ClimaAtmosResiDyn.jl/src/parameterized_tendencies/tagged_tracers/tagged_tracers.jl:590
┌ Info: Progress
│   simulation_time = "54 minutes, 50 seconds"
│   n_steps_completed = 1316
│   wall_time_per_step = "3 milliseconds, 671 microseconds"
│   wall_time_total = "5 seconds, 286 milliseconds"
│   wall_time_remaining = "455 milliseconds, 267 microseconds"
│   wall_time_spent = "4 seconds, 831 milliseconds"
│   percent_complete = "91.4%"
│   estimated_sypd = "1.864"
│   instantaneous_sypd = "2.202"
│   date_now = 2026-09-10T00:49:27.402
└   estimated_finish_date = 2026-09-10T00:49:28.402
┌ Warning: water tag closure residual 1.6754033284362701e-6 exceeds the configured tolerance 1.0e-10 at t = 3292.5 s. The tags no longer account for the field they partition; see output/a2_none_dt2p5/output_0000/water_tag_closure.csv.
└ @ ClimaAtmos ~/git/ClimaAtmosResiDyn.jl/src/parameterized_tendencies/tagged_tracers/tagged_tracers.jl:590
┌ Warning: water tag closure residual 1.6753715844888322e-6 exceeds the configured tolerance 1.0e-10 at t = 3295.0 s. The tags no longer account for the field they partition; see output/a2_none_dt2p5/output_0000/water_tag_closure.csv.
└ @ ClimaAtmos ~/git/ClimaAtmosResiDyn.jl/src/parameterized_tendencies/tagged_tracers/tagged_tracers.jl:590
┌ Warning: water tag closure residual 1.6753398471474122e-6 exceeds the configured tolerance 1.0e-10 at t = 3297.5 s. The tags no longer account for the field they partition; see output/a2_none_dt2p5/output_0000/water_tag_closure.csv.
└ @ ClimaAtmos ~/git/ClimaAtmosResiDyn.jl/src/parameterized_tendencies/tagged_tracers/tagged_tracers.jl:590
┌ Warning: water tag closure residual 1.6753081162934176e-6 exceeds the configured tolerance 1.0e-10 at t = 3300.0 s. The tags no longer account for the field they partition; see output/a2_none_dt2p5/output_0000/water_tag_closure.csv.
└ @ ClimaAtmos ~/git/ClimaAtmosResiDyn.jl/src/parameterized_tendencies/tagged_tracers/tagged_tracers.jl:590
┌ Warning: water tag closure residual 1.6752763918152483e-6 exceeds the configured tolerance 1.0e-10 at t = 3302.5 s. The tags no longer account for the field they partition; see output/a2_none_dt2p5/output_0000/water_tag_closure.csv.
└ @ ClimaAtmos ~/git/ClimaAtmosResiDyn.jl/src/parameterized_tendencies/tagged_tracers/tagged_tracers.jl:590
┌ Warning: water tag closure residual 1.6752446738870208e-6 exceeds the configured tolerance 1.0e-10 at t = 3305.0 s. The tags no longer account for the field they partition; see output/a2_none_dt2p5/output_0000/water_tag_closure.csv.
└ @ ClimaAtmos ~/git/ClimaAtmosResiDyn.jl/src/parameterized_tendencies/tagged_tracers/tagged_tracers.jl:590
┌ Warning: water tag closure residual 1.6752129624527803e-6 exceeds the configured tolerance 1.0e-10 at t = 3307.5 s. The tags no longer account for the field they partition; see output/a2_none_dt2p5/output_0000/water_tag_closure.csv.
└ @ ClimaAtmos ~/git/ClimaAtmosResiDyn.jl/src/parameterized_tendencies/tagged_tracers/tagged_tracers.jl:590
┌ Warning: water tag closure residual 1.6751812574280326e-6 exceeds the configured tolerance 1.0e-10 at t = 3310.0 s. The tags no longer account for the field they partition; see output/a2_none_dt2p5/output_0000/water_tag_closure.csv.
└ @ ClimaAtmos ~/git/ClimaAtmosResiDyn.jl/src/parameterized_tendencies/tagged_tracers/tagged_tracers.jl:590
┌ Warning: water tag closure residual 1.675149558898949e-6 exceeds the configured tolerance 1.0e-10 at t = 3312.5 s. The tags no longer account for the field they partition; see output/a2_none_dt2p5/output_0000/water_tag_closure.csv.
└ @ ClimaAtmos ~/git/ClimaAtmosResiDyn.jl/src/parameterized_tendencies/tagged_tracers/tagged_tracers.jl:590
┌ Warning: water tag closure residual 1.675117866651134e-6 exceeds the configured tolerance 1.0e-10 at t = 3315.0 s. The tags no longer account for the field they partition; see output/a2_none_dt2p5/output_0000/water_tag_closure.csv.
└ @ ClimaAtmos ~/git/ClimaAtmosResiDyn.jl/src/parameterized_tendencies/tagged_tracers/tagged_tracers.jl:590
┌ Warning: water tag closure residual 1.675086180981723e-6 exceeds the configured tolerance 1.0e-10 at t = 3317.5 s. The tags no longer account for the field they partition; see output/a2_none_dt2p5/output_0000/water_tag_closure.csv.
└ @ ClimaAtmos ~/git/ClimaAtmosResiDyn.jl/src/parameterized_tendencies/tagged_tracers/tagged_tracers.jl:590
┌ Warning: water tag closure residual 1.675054501692435e-6 exceeds the configured tolerance 1.0e-10 at t = 3320.0 s. The tags no longer account for the field they partition; see output/a2_none_dt2p5/output_0000/water_tag_closure.csv.
└ @ ClimaAtmos ~/git/ClimaAtmosResiDyn.jl/src/parameterized_tendencies/tagged_tracers/tagged_tracers.jl:590
┌ Warning: water tag closure residual 1.6750228288849877e-6 exceeds the configured tolerance 1.0e-10 at t = 3322.5 s. The tags no longer account for the field they partition; see output/a2_none_dt2p5/output_0000/water_tag_closure.csv.
└ @ ClimaAtmos ~/git/ClimaAtmosResiDyn.jl/src/parameterized_tendencies/tagged_tracers/tagged_tracers.jl:590
┌ Warning: water tag closure residual 1.6749911624843084e-6 exceeds the configured tolerance 1.0e-10 at t = 3325.0 s. The tags no longer account for the field they partition; see output/a2_none_dt2p5/output_0000/water_tag_closure.csv.
└ @ ClimaAtmos ~/git/ClimaAtmosResiDyn.jl/src/parameterized_tendencies/tagged_tracers/tagged_tracers.jl:590
┌ Warning: water tag closure residual 1.6749595026773705e-6 exceeds the configured tolerance 1.0e-10 at t = 3327.5 s. The tags no longer account for the field they partition; see output/a2_none_dt2p5/output_0000/water_tag_closure.csv.
└ @ ClimaAtmos ~/git/ClimaAtmosResiDyn.jl/src/parameterized_tendencies/tagged_tracers/tagged_tracers.jl:590
┌ Warning: water tag closure residual 1.67492784918835e-6 exceeds the configured tolerance 1.0e-10 at t = 3330.0 s. The tags no longer account for the field they partition; see output/a2_none_dt2p5/output_0000/water_tag_closure.csv.
└ @ ClimaAtmos ~/git/ClimaAtmosResiDyn.jl/src/parameterized_tendencies/tagged_tracers/tagged_tracers.jl:590
┌ Warning: water tag closure residual 1.674896202078723e-6 exceeds the configured tolerance 1.0e-10 at t = 3332.5 s. The tags no longer account for the field they partition; see output/a2_none_dt2p5/output_0000/water_tag_closure.csv.
└ @ ClimaAtmos ~/git/ClimaAtmosResiDyn.jl/src/parameterized_tendencies/tagged_tracers/tagged_tracers.jl:590
┌ Warning: water tag closure residual 1.674864561486581e-6 exceeds the configured tolerance 1.0e-10 at t = 3335.0 s. The tags no longer account for the field they partition; see output/a2_none_dt2p5/output_0000/water_tag_closure.csv.
└ @ ClimaAtmos ~/git/ClimaAtmosResiDyn.jl/src/parameterized_tendencies/tagged_tracers/tagged_tracers.jl:590
┌ Warning: water tag closure residual 1.6748329272979031e-6 exceeds the configured tolerance 1.0e-10 at t = 3337.5 s. The tags no longer account for the field they partition; see output/a2_none_dt2p5/output_0000/water_tag_closure.csv.
└ @ ClimaAtmos ~/git/ClimaAtmosResiDyn.jl/src/parameterized_tendencies/tagged_tracers/tagged_tracers.jl:590
┌ Warning: water tag closure residual 1.674801299501675e-6 exceeds the configured tolerance 1.0e-10 at t = 3340.0 s. The tags no longer account for the field they partition; see output/a2_none_dt2p5/output_0000/water_tag_closure.csv.
└ @ ClimaAtmos ~/git/ClimaAtmosResiDyn.jl/src/parameterized_tendencies/tagged_tracers/tagged_tracers.jl:590
┌ Warning: water tag closure residual 1.6747696780584473e-6 exceeds the configured tolerance 1.0e-10 at t = 3342.5 s. The tags no longer account for the field they partition; see output/a2_none_dt2p5/output_0000/water_tag_closure.csv.
└ @ ClimaAtmos ~/git/ClimaAtmosResiDyn.jl/src/parameterized_tendencies/tagged_tracers/tagged_tracers.jl:590
┌ Warning: water tag closure residual 1.6747380630444188e-6 exceeds the configured tolerance 1.0e-10 at t = 3345.0 s. The tags no longer account for the field they partition; see output/a2_none_dt2p5/output_0000/water_tag_closure.csv.
└ @ ClimaAtmos ~/git/ClimaAtmosResiDyn.jl/src/parameterized_tendencies/tagged_tracers/tagged_tracers.jl:590
┌ Warning: water tag closure residual 1.674706454510813e-6 exceeds the configured tolerance 1.0e-10 at t = 3347.5 s. The tags no longer account for the field they partition; see output/a2_none_dt2p5/output_0000/water_tag_closure.csv.
└ @ ClimaAtmos ~/git/ClimaAtmosResiDyn.jl/src/parameterized_tendencies/tagged_tracers/tagged_tracers.jl:590
┌ Warning: water tag closure residual 1.6746748523859566e-6 exceeds the configured tolerance 1.0e-10 at t = 3350.0 s. The tags no longer account for the field they partition; see output/a2_none_dt2p5/output_0000/water_tag_closure.csv.
└ @ ClimaAtmos ~/git/ClimaAtmosResiDyn.jl/src/parameterized_tendencies/tagged_tracers/tagged_tracers.jl:590
┌ Warning: water tag closure residual 1.6746432564326956e-6 exceeds the configured tolerance 1.0e-10 at t = 3352.5 s. The tags no longer account for the field they partition; see output/a2_none_dt2p5/output_0000/water_tag_closure.csv.
└ @ ClimaAtmos ~/git/ClimaAtmosResiDyn.jl/src/parameterized_tendencies/tagged_tracers/tagged_tracers.jl:590
┌ Warning: water tag closure residual 1.6746116670251985e-6 exceeds the configured tolerance 1.0e-10 at t = 3355.0 s. The tags no longer account for the field they partition; see output/a2_none_dt2p5/output_0000/water_tag_closure.csv.
└ @ ClimaAtmos ~/git/ClimaAtmosResiDyn.jl/src/parameterized_tendencies/tagged_tracers/tagged_tracers.jl:590
┌ Warning: water tag closure residual 1.6745800840008021e-6 exceeds the configured tolerance 1.0e-10 at t = 3357.5 s. The tags no longer account for the field they partition; see output/a2_none_dt2p5/output_0000/water_tag_closure.csv.
└ @ ClimaAtmos ~/git/ClimaAtmosResiDyn.jl/src/parameterized_tendencies/tagged_tracers/tagged_tracers.jl:590
┌ Warning: water tag closure residual 1.6745485072922491e-6 exceeds the configured tolerance 1.0e-10 at t = 3360.0 s. The tags no longer account for the field they partition; see output/a2_none_dt2p5/output_0000/water_tag_closure.csv.
└ @ ClimaAtmos ~/git/ClimaAtmosResiDyn.jl/src/parameterized_tendencies/tagged_tracers/tagged_tracers.jl:590
┌ Warning: water tag closure residual 1.674516937029754e-6 exceeds the configured tolerance 1.0e-10 at t = 3362.5 s. The tags no longer account for the field they partition; see output/a2_none_dt2p5/output_0000/water_tag_closure.csv.
└ @ ClimaAtmos ~/git/ClimaAtmosResiDyn.jl/src/parameterized_tendencies/tagged_tracers/tagged_tracers.jl:590
┌ Warning: water tag closure residual 1.6744853730358856e-6 exceeds the configured tolerance 1.0e-10 at t = 3365.0 s. The tags no longer account for the field they partition; see output/a2_none_dt2p5/output_0000/water_tag_closure.csv.
└ @ ClimaAtmos ~/git/ClimaAtmosResiDyn.jl/src/parameterized_tendencies/tagged_tracers/tagged_tracers.jl:590
┌ Warning: water tag closure residual 1.6744538153932601e-6 exceeds the configured tolerance 1.0e-10 at t = 3367.5 s. The tags no longer account for the field they partition; see output/a2_none_dt2p5/output_0000/water_tag_closure.csv.
└ @ ClimaAtmos ~/git/ClimaAtmosResiDyn.jl/src/parameterized_tendencies/tagged_tracers/tagged_tracers.jl:590
┌ Warning: water tag closure residual 1.674422264149252e-6 exceeds the configured tolerance 1.0e-10 at t = 3370.0 s. The tags no longer account for the field they partition; see output/a2_none_dt2p5/output_0000/water_tag_closure.csv.
└ @ ClimaAtmos ~/git/ClimaAtmosResiDyn.jl/src/parameterized_tendencies/tagged_tracers/tagged_tracers.jl:590
┌ Warning: water tag closure residual 1.6743907194037492e-6 exceeds the configured tolerance 1.0e-10 at t = 3372.5 s. The tags no longer account for the field they partition; see output/a2_none_dt2p5/output_0000/water_tag_closure.csv.
└ @ ClimaAtmos ~/git/ClimaAtmosResiDyn.jl/src/parameterized_tendencies/tagged_tracers/tagged_tracers.jl:590
┌ Warning: water tag closure residual 1.6743591808289926e-6 exceeds the configured tolerance 1.0e-10 at t = 3375.0 s. The tags no longer account for the field they partition; see output/a2_none_dt2p5/output_0000/water_tag_closure.csv.
└ @ ClimaAtmos ~/git/ClimaAtmosResiDyn.jl/src/parameterized_tendencies/tagged_tracers/tagged_tracers.jl:590
┌ Warning: water tag closure residual 1.6743276482615063e-6 exceeds the configured tolerance 1.0e-10 at t = 3377.5 s. The tags no longer account for the field they partition; see output/a2_none_dt2p5/output_0000/water_tag_closure.csv.
└ @ ClimaAtmos ~/git/ClimaAtmosResiDyn.jl/src/parameterized_tendencies/tagged_tracers/tagged_tracers.jl:590
┌ Warning: water tag closure residual 1.6742961222751514e-6 exceeds the configured tolerance 1.0e-10 at t = 3380.0 s. The tags no longer account for the field they partition; see output/a2_none_dt2p5/output_0000/water_tag_closure.csv.
└ @ ClimaAtmos ~/git/ClimaAtmosResiDyn.jl/src/parameterized_tendencies/tagged_tracers/tagged_tracers.jl:590
┌ Warning: water tag closure residual 1.6742646027176941e-6 exceeds the configured tolerance 1.0e-10 at t = 3382.5 s. The tags no longer account for the field they partition; see output/a2_none_dt2p5/output_0000/water_tag_closure.csv.
└ @ ClimaAtmos ~/git/ClimaAtmosResiDyn.jl/src/parameterized_tendencies/tagged_tracers/tagged_tracers.jl:590
┌ Warning: water tag closure residual 1.674233089270352e-6 exceeds the configured tolerance 1.0e-10 at t = 3385.0 s. The tags no longer account for the field they partition; see output/a2_none_dt2p5/output_0000/water_tag_closure.csv.
└ @ ClimaAtmos ~/git/ClimaAtmosResiDyn.jl/src/parameterized_tendencies/tagged_tracers/tagged_tracers.jl:590
┌ Warning: water tag closure residual 1.6742015821053804e-6 exceeds the configured tolerance 1.0e-10 at t = 3387.5 s. The tags no longer account for the field they partition; see output/a2_none_dt2p5/output_0000/water_tag_closure.csv.
└ @ ClimaAtmos ~/git/ClimaAtmosResiDyn.jl/src/parameterized_tendencies/tagged_tracers/tagged_tracers.jl:590
┌ Warning: water tag closure residual 1.6741700814723174e-6 exceeds the configured tolerance 1.0e-10 at t = 3390.0 s. The tags no longer account for the field they partition; see output/a2_none_dt2p5/output_0000/water_tag_closure.csv.
└ @ ClimaAtmos ~/git/ClimaAtmosResiDyn.jl/src/parameterized_tendencies/tagged_tracers/tagged_tracers.jl:590
┌ Warning: water tag closure residual 1.6741385872584423e-6 exceeds the configured tolerance 1.0e-10 at t = 3392.5 s. The tags no longer account for the field they partition; see output/a2_none_dt2p5/output_0000/water_tag_closure.csv.
└ @ ClimaAtmos ~/git/ClimaAtmosResiDyn.jl/src/parameterized_tendencies/tagged_tracers/tagged_tracers.jl:590
┌ Warning: water tag closure residual 1.6741070991182136e-6 exceeds the configured tolerance 1.0e-10 at t = 3395.0 s. The tags no longer account for the field they partition; see output/a2_none_dt2p5/output_0000/water_tag_closure.csv.
└ @ ClimaAtmos ~/git/ClimaAtmosResiDyn.jl/src/parameterized_tendencies/tagged_tracers/tagged_tracers.jl:590
┌ Warning: water tag closure residual 1.6740756172975084e-6 exceeds the configured tolerance 1.0e-10 at t = 3397.5 s. The tags no longer account for the field they partition; see output/a2_none_dt2p5/output_0000/water_tag_closure.csv.
└ @ ClimaAtmos ~/git/ClimaAtmosResiDyn.jl/src/parameterized_tendencies/tagged_tracers/tagged_tracers.jl:590
┌ Warning: water tag closure residual 1.674044142023752e-6 exceeds the configured tolerance 1.0e-10 at t = 3400.0 s. The tags no longer account for the field they partition; see output/a2_none_dt2p5/output_0000/water_tag_closure.csv.
└ @ ClimaAtmos ~/git/ClimaAtmosResiDyn.jl/src/parameterized_tendencies/tagged_tracers/tagged_tracers.jl:590
┌ Warning: water tag closure residual 1.6740126729914855e-6 exceeds the configured tolerance 1.0e-10 at t = 3402.5 s. The tags no longer account for the field they partition; see output/a2_none_dt2p5/output_0000/water_tag_closure.csv.
└ @ ClimaAtmos ~/git/ClimaAtmosResiDyn.jl/src/parameterized_tendencies/tagged_tracers/tagged_tracers.jl:590
┌ Warning: water tag closure residual 1.6739812099706378e-6 exceeds the configured tolerance 1.0e-10 at t = 3405.0 s. The tags no longer account for the field they partition; see output/a2_none_dt2p5/output_0000/water_tag_closure.csv.
└ @ ClimaAtmos ~/git/ClimaAtmosResiDyn.jl/src/parameterized_tendencies/tagged_tracers/tagged_tracers.jl:590
┌ Warning: water tag closure residual 1.6739497533169584e-6 exceeds the configured tolerance 1.0e-10 at t = 3407.5 s. The tags no longer account for the field they partition; see output/a2_none_dt2p5/output_0000/water_tag_closure.csv.
└ @ ClimaAtmos ~/git/ClimaAtmosResiDyn.jl/src/parameterized_tendencies/tagged_tracers/tagged_tracers.jl:590
┌ Warning: water tag closure residual 1.6739183030268209e-6 exceeds the configured tolerance 1.0e-10 at t = 3410.0 s. The tags no longer account for the field they partition; see output/a2_none_dt2p5/output_0000/water_tag_closure.csv.
└ @ ClimaAtmos ~/git/ClimaAtmosResiDyn.jl/src/parameterized_tendencies/tagged_tracers/tagged_tracers.jl:590
┌ Warning: water tag closure residual 1.6738868589923408e-6 exceeds the configured tolerance 1.0e-10 at t = 3412.5 s. The tags no longer account for the field they partition; see output/a2_none_dt2p5/output_0000/water_tag_closure.csv.
└ @ ClimaAtmos ~/git/ClimaAtmosResiDyn.jl/src/parameterized_tendencies/tagged_tracers/tagged_tracers.jl:590
┌ Warning: water tag closure residual 1.6738554211516468e-6 exceeds the configured tolerance 1.0e-10 at t = 3415.0 s. The tags no longer account for the field they partition; see output/a2_none_dt2p5/output_0000/water_tag_closure.csv.
└ @ ClimaAtmos ~/git/ClimaAtmosResiDyn.jl/src/parameterized_tendencies/tagged_tracers/tagged_tracers.jl:590
┌ Warning: water tag closure residual 1.6738239896212509e-6 exceeds the configured tolerance 1.0e-10 at t = 3417.5 s. The tags no longer account for the field they partition; see output/a2_none_dt2p5/output_0000/water_tag_closure.csv.
└ @ ClimaAtmos ~/git/ClimaAtmosResiDyn.jl/src/parameterized_tendencies/tagged_tracers/tagged_tracers.jl:590
┌ Warning: water tag closure residual 1.6737925643128598e-6 exceeds the configured tolerance 1.0e-10 at t = 3420.0 s. The tags no longer account for the field they partition; see output/a2_none_dt2p5/output_0000/water_tag_closure.csv.
└ @ ClimaAtmos ~/git/ClimaAtmosResiDyn.jl/src/parameterized_tendencies/tagged_tracers/tagged_tracers.jl:590
┌ Warning: water tag closure residual 1.6737611452271172e-6 exceeds the configured tolerance 1.0e-10 at t = 3422.5 s. The tags no longer account for the field they partition; see output/a2_none_dt2p5/output_0000/water_tag_closure.csv.
└ @ ClimaAtmos ~/git/ClimaAtmosResiDyn.jl/src/parameterized_tendencies/tagged_tracers/tagged_tracers.jl:590
┌ Warning: water tag closure residual 1.673729732371189e-6 exceeds the configured tolerance 1.0e-10 at t = 3425.0 s. The tags no longer account for the field they partition; see output/a2_none_dt2p5/output_0000/water_tag_closure.csv.
└ @ ClimaAtmos ~/git/ClimaAtmosResiDyn.jl/src/parameterized_tendencies/tagged_tracers/tagged_tracers.jl:590
┌ Warning: water tag closure residual 1.6736983258694208e-6 exceeds the configured tolerance 1.0e-10 at t = 3427.5 s. The tags no longer account for the field they partition; see output/a2_none_dt2p5/output_0000/water_tag_closure.csv.
└ @ ClimaAtmos ~/git/ClimaAtmosResiDyn.jl/src/parameterized_tendencies/tagged_tracers/tagged_tracers.jl:590
┌ Warning: water tag closure residual 1.673666925494629e-6 exceeds the configured tolerance 1.0e-10 at t = 3430.0 s. The tags no longer account for the field they partition; see output/a2_none_dt2p5/output_0000/water_tag_closure.csv.
└ @ ClimaAtmos ~/git/ClimaAtmosResiDyn.jl/src/parameterized_tendencies/tagged_tracers/tagged_tracers.jl:590
┌ Warning: water tag closure residual 1.673635531353574e-6 exceeds the configured tolerance 1.0e-10 at t = 3432.5 s. The tags no longer account for the field they partition; see output/a2_none_dt2p5/output_0000/water_tag_closure.csv.
└ @ ClimaAtmos ~/git/ClimaAtmosResiDyn.jl/src/parameterized_tendencies/tagged_tracers/tagged_tracers.jl:590
┌ Warning: water tag closure residual 1.6736041433682766e-6 exceeds the configured tolerance 1.0e-10 at t = 3435.0 s. The tags no longer account for the field they partition; see output/a2_none_dt2p5/output_0000/water_tag_closure.csv.
└ @ ClimaAtmos ~/git/ClimaAtmosResiDyn.jl/src/parameterized_tendencies/tagged_tracers/tagged_tracers.jl:590
┌ Warning: water tag closure residual 1.6735727617666471e-6 exceeds the configured tolerance 1.0e-10 at t = 3437.5 s. The tags no longer account for the field they partition; see output/a2_none_dt2p5/output_0000/water_tag_closure.csv.
└ @ ClimaAtmos ~/git/ClimaAtmosResiDyn.jl/src/parameterized_tendencies/tagged_tracers/tagged_tracers.jl:590
┌ Warning: water tag closure residual 1.6735413863394613e-6 exceeds the configured tolerance 1.0e-10 at t = 3440.0 s. The tags no longer account for the field they partition; see output/a2_none_dt2p5/output_0000/water_tag_closure.csv.
└ @ ClimaAtmos ~/git/ClimaAtmosResiDyn.jl/src/parameterized_tendencies/tagged_tracers/tagged_tracers.jl:590
┌ Warning: water tag closure residual 1.673510017099841e-6 exceeds the configured tolerance 1.0e-10 at t = 3442.5 s. The tags no longer account for the field they partition; see output/a2_none_dt2p5/output_0000/water_tag_closure.csv.
└ @ ClimaAtmos ~/git/ClimaAtmosResiDyn.jl/src/parameterized_tendencies/tagged_tracers/tagged_tracers.jl:590
┌ Warning: water tag closure residual 1.6734786540727445e-6 exceeds the configured tolerance 1.0e-10 at t = 3445.0 s. The tags no longer account for the field they partition; see output/a2_none_dt2p5/output_0000/water_tag_closure.csv.
└ @ ClimaAtmos ~/git/ClimaAtmosResiDyn.jl/src/parameterized_tendencies/tagged_tracers/tagged_tracers.jl:590
┌ Warning: water tag closure residual 1.6734472972619425e-6 exceeds the configured tolerance 1.0e-10 at t = 3447.5 s. The tags no longer account for the field they partition; see output/a2_none_dt2p5/output_0000/water_tag_closure.csv.
└ @ ClimaAtmos ~/git/ClimaAtmosResiDyn.jl/src/parameterized_tendencies/tagged_tracers/tagged_tracers.jl:590
┌ Warning: water tag closure residual 1.673415946543969e-6 exceeds the configured tolerance 1.0e-10 at t = 3450.0 s. The tags no longer account for the field they partition; see output/a2_none_dt2p5/output_0000/water_tag_closure.csv.
└ @ ClimaAtmos ~/git/ClimaAtmosResiDyn.jl/src/parameterized_tendencies/tagged_tracers/tagged_tracers.jl:590
┌ Warning: water tag closure residual 1.673384602137479e-6 exceeds the configured tolerance 1.0e-10 at t = 3452.5 s. The tags no longer account for the field they partition; see output/a2_none_dt2p5/output_0000/water_tag_closure.csv.
└ @ ClimaAtmos ~/git/ClimaAtmosResiDyn.jl/src/parameterized_tendencies/tagged_tracers/tagged_tracers.jl:590
┌ Warning: water tag closure residual 1.6733532561302328e-6 exceeds the configured tolerance 1.0e-10 at t = 3455.0 s. The tags no longer account for the field they partition; see output/a2_none_dt2p5/output_0000/water_tag_closure.csv.
└ @ ClimaAtmos ~/git/ClimaAtmosResiDyn.jl/src/parameterized_tendencies/tagged_tracers/tagged_tracers.jl:590
┌ Warning: water tag closure residual 1.6733219196839147e-6 exceeds the configured tolerance 1.0e-10 at t = 3457.5 s. The tags no longer account for the field they partition; see output/a2_none_dt2p5/output_0000/water_tag_closure.csv.
└ @ ClimaAtmos ~/git/ClimaAtmosResiDyn.jl/src/parameterized_tendencies/tagged_tracers/tagged_tracers.jl:590
┌ Warning: water tag closure residual 1.6732905541194782e-6 exceeds the configured tolerance 1.0e-10 at t = 3460.0 s. The tags no longer account for the field they partition; see output/a2_none_dt2p5/output_0000/water_tag_closure.csv.
└ @ ClimaAtmos ~/git/ClimaAtmosResiDyn.jl/src/parameterized_tendencies/tagged_tracers/tagged_tracers.jl:590
┌ Warning: water tag closure residual 1.6732592172162635e-6 exceeds the configured tolerance 1.0e-10 at t = 3462.5 s. The tags no longer account for the field they partition; see output/a2_none_dt2p5/output_0000/water_tag_closure.csv.
└ @ ClimaAtmos ~/git/ClimaAtmosResiDyn.jl/src/parameterized_tendencies/tagged_tracers/tagged_tracers.jl:590
┌ Warning: water tag closure residual 1.6732278925682315e-6 exceeds the configured tolerance 1.0e-10 at t = 3465.0 s. The tags no longer account for the field they partition; see output/a2_none_dt2p5/output_0000/water_tag_closure.csv.
└ @ ClimaAtmos ~/git/ClimaAtmosResiDyn.jl/src/parameterized_tendencies/tagged_tracers/tagged_tracers.jl:590
┌ Warning: water tag closure residual 1.6731965693618024e-6 exceeds the configured tolerance 1.0e-10 at t = 3467.5 s. The tags no longer account for the field they partition; see output/a2_none_dt2p5/output_0000/water_tag_closure.csv.
└ @ ClimaAtmos ~/git/ClimaAtmosResiDyn.jl/src/parameterized_tendencies/tagged_tracers/tagged_tracers.jl:590
┌ Warning: water tag closure residual 1.673165239969058e-6 exceeds the configured tolerance 1.0e-10 at t = 3470.0 s. The tags no longer account for the field they partition; see output/a2_none_dt2p5/output_0000/water_tag_closure.csv.
└ @ ClimaAtmos ~/git/ClimaAtmosResiDyn.jl/src/parameterized_tendencies/tagged_tracers/tagged_tracers.jl:590
┌ Warning: water tag closure residual 1.6731339272446564e-6 exceeds the configured tolerance 1.0e-10 at t = 3472.5 s. The tags no longer account for the field they partition; see output/a2_none_dt2p5/output_0000/water_tag_closure.csv.
└ @ ClimaAtmos ~/git/ClimaAtmosResiDyn.jl/src/parameterized_tendencies/tagged_tracers/tagged_tracers.jl:590
┌ Info: Progress
│   simulation_time = "57 minutes, 52 seconds"
│   n_steps_completed = 1389
│   wall_time_per_step = "3 milliseconds, 638 microseconds"
│   wall_time_total = "5 seconds, 238 milliseconds"
│   wall_time_remaining = "185 milliseconds, 545 microseconds"
│   wall_time_spent = "5 seconds, 53 milliseconds"
│   percent_complete = "96.5%"
│   estimated_sypd = "1.881"
│   instantaneous_sypd = "2.254"
│   date_now = 2026-09-10T00:49:27.624
└   estimated_finish_date = 2026-09-10T00:49:28.624
┌ Warning: water tag closure residual 1.6731026280570882e-6 exceeds the configured tolerance 1.0e-10 at t = 3475.0 s. The tags no longer account for the field they partition; see output/a2_none_dt2p5/output_0000/water_tag_closure.csv.
└ @ ClimaAtmos ~/git/ClimaAtmosResiDyn.jl/src/parameterized_tendencies/tagged_tracers/tagged_tracers.jl:590
┌ Warning: water tag closure residual 1.673071324873687e-6 exceeds the configured tolerance 1.0e-10 at t = 3477.5 s. The tags no longer account for the field they partition; see output/a2_none_dt2p5/output_0000/water_tag_closure.csv.
└ @ ClimaAtmos ~/git/ClimaAtmosResiDyn.jl/src/parameterized_tendencies/tagged_tracers/tagged_tracers.jl:590
┌ Warning: water tag closure residual 1.6730400249674849e-6 exceeds the configured tolerance 1.0e-10 at t = 3480.0 s. The tags no longer account for the field they partition; see output/a2_none_dt2p5/output_0000/water_tag_closure.csv.
└ @ ClimaAtmos ~/git/ClimaAtmosResiDyn.jl/src/parameterized_tendencies/tagged_tracers/tagged_tracers.jl:590
┌ Warning: water tag closure residual 1.6730087395003927e-6 exceeds the configured tolerance 1.0e-10 at t = 3482.5 s. The tags no longer account for the field they partition; see output/a2_none_dt2p5/output_0000/water_tag_closure.csv.
└ @ ClimaAtmos ~/git/ClimaAtmosResiDyn.jl/src/parameterized_tendencies/tagged_tracers/tagged_tracers.jl:590
┌ Warning: water tag closure residual 1.672977461804888e-6 exceeds the configured tolerance 1.0e-10 at t = 3485.0 s. The tags no longer account for the field they partition; see output/a2_none_dt2p5/output_0000/water_tag_closure.csv.
└ @ ClimaAtmos ~/git/ClimaAtmosResiDyn.jl/src/parameterized_tendencies/tagged_tracers/tagged_tracers.jl:590
┌ Warning: water tag closure residual 1.6729461830516546e-6 exceeds the configured tolerance 1.0e-10 at t = 3487.5 s. The tags no longer account for the field they partition; see output/a2_none_dt2p5/output_0000/water_tag_closure.csv.
└ @ ClimaAtmos ~/git/ClimaAtmosResiDyn.jl/src/parameterized_tendencies/tagged_tracers/tagged_tracers.jl:590
┌ Warning: water tag closure residual 1.6729149109197386e-6 exceeds the configured tolerance 1.0e-10 at t = 3490.0 s. The tags no longer account for the field they partition; see output/a2_none_dt2p5/output_0000/water_tag_closure.csv.
└ @ ClimaAtmos ~/git/ClimaAtmosResiDyn.jl/src/parameterized_tendencies/tagged_tracers/tagged_tracers.jl:590
┌ Warning: water tag closure residual 1.6728836510860336e-6 exceeds the configured tolerance 1.0e-10 at t = 3492.5 s. The tags no longer account for the field they partition; see output/a2_none_dt2p5/output_0000/water_tag_closure.csv.
└ @ ClimaAtmos ~/git/ClimaAtmosResiDyn.jl/src/parameterized_tendencies/tagged_tracers/tagged_tracers.jl:590
┌ Warning: water tag closure residual 1.672852396004434e-6 exceeds the configured tolerance 1.0e-10 at t = 3495.0 s. The tags no longer account for the field they partition; see output/a2_none_dt2p5/output_0000/water_tag_closure.csv.
└ @ ClimaAtmos ~/git/ClimaAtmosResiDyn.jl/src/parameterized_tendencies/tagged_tracers/tagged_tracers.jl:590
┌ Warning: water tag closure residual 1.672821142781535e-6 exceeds the configured tolerance 1.0e-10 at t = 3497.5 s. The tags no longer account for the field they partition; see output/a2_none_dt2p5/output_0000/water_tag_closure.csv.
└ @ ClimaAtmos ~/git/ClimaAtmosResiDyn.jl/src/parameterized_tendencies/tagged_tracers/tagged_tracers.jl:590
┌ Warning: water tag closure residual 1.6727898978000035e-6 exceeds the configured tolerance 1.0e-10 at t = 3500.0 s. The tags no longer account for the field they partition; see output/a2_none_dt2p5/output_0000/water_tag_closure.csv.
└ @ ClimaAtmos ~/git/ClimaAtmosResiDyn.jl/src/parameterized_tendencies/tagged_tracers/tagged_tracers.jl:590
┌ Warning: water tag closure residual 1.6727586624211787e-6 exceeds the configured tolerance 1.0e-10 at t = 3502.5 s. The tags no longer account for the field they partition; see output/a2_none_dt2p5/output_0000/water_tag_closure.csv.
└ @ ClimaAtmos ~/git/ClimaAtmosResiDyn.jl/src/parameterized_tendencies/tagged_tracers/tagged_tracers.jl:590
┌ Warning: water tag closure residual 1.6727274310342146e-6 exceeds the configured tolerance 1.0e-10 at t = 3505.0 s. The tags no longer account for the field they partition; see output/a2_none_dt2p5/output_0000/water_tag_closure.csv.
└ @ ClimaAtmos ~/git/ClimaAtmosResiDyn.jl/src/parameterized_tendencies/tagged_tracers/tagged_tracers.jl:590
┌ Warning: water tag closure residual 1.6726962036875347e-6 exceeds the configured tolerance 1.0e-10 at t = 3507.5 s. The tags no longer account for the field they partition; see output/a2_none_dt2p5/output_0000/water_tag_closure.csv.
└ @ ClimaAtmos ~/git/ClimaAtmosResiDyn.jl/src/parameterized_tendencies/tagged_tracers/tagged_tracers.jl:590
┌ Warning: water tag closure residual 1.6726649847770336e-6 exceeds the configured tolerance 1.0e-10 at t = 3510.0 s. The tags no longer account for the field they partition; see output/a2_none_dt2p5/output_0000/water_tag_closure.csv.
└ @ ClimaAtmos ~/git/ClimaAtmosResiDyn.jl/src/parameterized_tendencies/tagged_tracers/tagged_tracers.jl:590
┌ Warning: water tag closure residual 1.672633773619874e-6 exceeds the configured tolerance 1.0e-10 at t = 3512.5 s. The tags no longer account for the field they partition; see output/a2_none_dt2p5/output_0000/water_tag_closure.csv.
└ @ ClimaAtmos ~/git/ClimaAtmosResiDyn.jl/src/parameterized_tendencies/tagged_tracers/tagged_tracers.jl:590
┌ Warning: water tag closure residual 1.6726025665608329e-6 exceeds the configured tolerance 1.0e-10 at t = 3515.0 s. The tags no longer account for the field they partition; see output/a2_none_dt2p5/output_0000/water_tag_closure.csv.
└ @ ClimaAtmos ~/git/ClimaAtmosResiDyn.jl/src/parameterized_tendencies/tagged_tracers/tagged_tracers.jl:590
┌ Warning: water tag closure residual 1.6725713651099015e-6 exceeds the configured tolerance 1.0e-10 at t = 3517.5 s. The tags no longer account for the field they partition; see output/a2_none_dt2p5/output_0000/water_tag_closure.csv.
└ @ ClimaAtmos ~/git/ClimaAtmosResiDyn.jl/src/parameterized_tendencies/tagged_tracers/tagged_tracers.jl:590
┌ Warning: water tag closure residual 1.6725401717098297e-6 exceeds the configured tolerance 1.0e-10 at t = 3520.0 s. The tags no longer account for the field they partition; see output/a2_none_dt2p5/output_0000/water_tag_closure.csv.
└ @ ClimaAtmos ~/git/ClimaAtmosResiDyn.jl/src/parameterized_tendencies/tagged_tracers/tagged_tracers.jl:590
┌ Warning: water tag closure residual 1.6725089847450593e-6 exceeds the configured tolerance 1.0e-10 at t = 3522.5 s. The tags no longer account for the field they partition; see output/a2_none_dt2p5/output_0000/water_tag_closure.csv.
└ @ ClimaAtmos ~/git/ClimaAtmosResiDyn.jl/src/parameterized_tendencies/tagged_tracers/tagged_tracers.jl:590
┌ Warning: water tag closure residual 1.6724778025257386e-6 exceeds the configured tolerance 1.0e-10 at t = 3525.0 s. The tags no longer account for the field they partition; see output/a2_none_dt2p5/output_0000/water_tag_closure.csv.
└ @ ClimaAtmos ~/git/ClimaAtmosResiDyn.jl/src/parameterized_tendencies/tagged_tracers/tagged_tracers.jl:590
┌ Warning: water tag closure residual 1.6724466266310936e-6 exceeds the configured tolerance 1.0e-10 at t = 3527.5 s. The tags no longer account for the field they partition; see output/a2_none_dt2p5/output_0000/water_tag_closure.csv.
└ @ ClimaAtmos ~/git/ClimaAtmosResiDyn.jl/src/parameterized_tendencies/tagged_tracers/tagged_tracers.jl:590
┌ Warning: water tag closure residual 1.6724154583096255e-6 exceeds the configured tolerance 1.0e-10 at t = 3530.0 s. The tags no longer account for the field they partition; see output/a2_none_dt2p5/output_0000/water_tag_closure.csv.
└ @ ClimaAtmos ~/git/ClimaAtmosResiDyn.jl/src/parameterized_tendencies/tagged_tracers/tagged_tracers.jl:590
┌ Warning: water tag closure residual 1.6723842958450038e-6 exceeds the configured tolerance 1.0e-10 at t = 3532.5 s. The tags no longer account for the field they partition; see output/a2_none_dt2p5/output_0000/water_tag_closure.csv.
└ @ ClimaAtmos ~/git/ClimaAtmosResiDyn.jl/src/parameterized_tendencies/tagged_tracers/tagged_tracers.jl:590
┌ Warning: water tag closure residual 1.6723531386713222e-6 exceeds the configured tolerance 1.0e-10 at t = 3535.0 s. The tags no longer account for the field they partition; see output/a2_none_dt2p5/output_0000/water_tag_closure.csv.
└ @ ClimaAtmos ~/git/ClimaAtmosResiDyn.jl/src/parameterized_tendencies/tagged_tracers/tagged_tracers.jl:590
┌ Warning: water tag closure residual 1.6723219882182097e-6 exceeds the configured tolerance 1.0e-10 at t = 3537.5 s. The tags no longer account for the field they partition; see output/a2_none_dt2p5/output_0000/water_tag_closure.csv.
└ @ ClimaAtmos ~/git/ClimaAtmosResiDyn.jl/src/parameterized_tendencies/tagged_tracers/tagged_tracers.jl:590
┌ Warning: water tag closure residual 1.6722908446272415e-6 exceeds the configured tolerance 1.0e-10 at t = 3540.0 s. The tags no longer account for the field they partition; see output/a2_none_dt2p5/output_0000/water_tag_closure.csv.
└ @ ClimaAtmos ~/git/ClimaAtmosResiDyn.jl/src/parameterized_tendencies/tagged_tracers/tagged_tracers.jl:590
┌ Warning: water tag closure residual 1.6722597067959052e-6 exceeds the configured tolerance 1.0e-10 at t = 3542.5 s. The tags no longer account for the field they partition; see output/a2_none_dt2p5/output_0000/water_tag_closure.csv.
└ @ ClimaAtmos ~/git/ClimaAtmosResiDyn.jl/src/parameterized_tendencies/tagged_tracers/tagged_tracers.jl:590
┌ Warning: water tag closure residual 1.6722285746542903e-6 exceeds the configured tolerance 1.0e-10 at t = 3545.0 s. The tags no longer account for the field they partition; see output/a2_none_dt2p5/output_0000/water_tag_closure.csv.
└ @ ClimaAtmos ~/git/ClimaAtmosResiDyn.jl/src/parameterized_tendencies/tagged_tracers/tagged_tracers.jl:590
┌ Warning: water tag closure residual 1.672197449212399e-6 exceeds the configured tolerance 1.0e-10 at t = 3547.5 s. The tags no longer account for the field they partition; see output/a2_none_dt2p5/output_0000/water_tag_closure.csv.
└ @ ClimaAtmos ~/git/ClimaAtmosResiDyn.jl/src/parameterized_tendencies/tagged_tracers/tagged_tracers.jl:590
┌ Warning: water tag closure residual 1.672166330266518e-6 exceeds the configured tolerance 1.0e-10 at t = 3550.0 s. The tags no longer account for the field they partition; see output/a2_none_dt2p5/output_0000/water_tag_closure.csv.
└ @ ClimaAtmos ~/git/ClimaAtmosResiDyn.jl/src/parameterized_tendencies/tagged_tracers/tagged_tracers.jl:590
┌ Warning: water tag closure residual 1.672135217123189e-6 exceeds the configured tolerance 1.0e-10 at t = 3552.5 s. The tags no longer account for the field they partition; see output/a2_none_dt2p5/output_0000/water_tag_closure.csv.
└ @ ClimaAtmos ~/git/ClimaAtmosResiDyn.jl/src/parameterized_tendencies/tagged_tracers/tagged_tracers.jl:590
┌ Warning: water tag closure residual 1.6721041100362e-6 exceeds the configured tolerance 1.0e-10 at t = 3555.0 s. The tags no longer account for the field they partition; see output/a2_none_dt2p5/output_0000/water_tag_closure.csv.
└ @ ClimaAtmos ~/git/ClimaAtmosResiDyn.jl/src/parameterized_tendencies/tagged_tracers/tagged_tracers.jl:590
┌ Warning: water tag closure residual 1.6720730095622504e-6 exceeds the configured tolerance 1.0e-10 at t = 3557.5 s. The tags no longer account for the field they partition; see output/a2_none_dt2p5/output_0000/water_tag_closure.csv.
└ @ ClimaAtmos ~/git/ClimaAtmosResiDyn.jl/src/parameterized_tendencies/tagged_tracers/tagged_tracers.jl:590
┌ Warning: water tag closure residual 1.672041915369114e-6 exceeds the configured tolerance 1.0e-10 at t = 3560.0 s. The tags no longer account for the field they partition; see output/a2_none_dt2p5/output_0000/water_tag_closure.csv.
└ @ ClimaAtmos ~/git/ClimaAtmosResiDyn.jl/src/parameterized_tendencies/tagged_tracers/tagged_tracers.jl:590
┌ Warning: water tag closure residual 1.6720108269730985e-6 exceeds the configured tolerance 1.0e-10 at t = 3562.5 s. The tags no longer account for the field they partition; see output/a2_none_dt2p5/output_0000/water_tag_closure.csv.
└ @ ClimaAtmos ~/git/ClimaAtmosResiDyn.jl/src/parameterized_tendencies/tagged_tracers/tagged_tracers.jl:590
┌ Warning: water tag closure residual 1.6719797448183887e-6 exceeds the configured tolerance 1.0e-10 at t = 3565.0 s. The tags no longer account for the field they partition; see output/a2_none_dt2p5/output_0000/water_tag_closure.csv.
└ @ ClimaAtmos ~/git/ClimaAtmosResiDyn.jl/src/parameterized_tendencies/tagged_tracers/tagged_tracers.jl:590
┌ Warning: water tag closure residual 1.6719486691911e-6 exceeds the configured tolerance 1.0e-10 at t = 3567.5 s. The tags no longer account for the field they partition; see output/a2_none_dt2p5/output_0000/water_tag_closure.csv.
└ @ ClimaAtmos ~/git/ClimaAtmosResiDyn.jl/src/parameterized_tendencies/tagged_tracers/tagged_tracers.jl:590
┌ Warning: water tag closure residual 1.671917599634964e-6 exceeds the configured tolerance 1.0e-10 at t = 3570.0 s. The tags no longer account for the field they partition; see output/a2_none_dt2p5/output_0000/water_tag_closure.csv.
└ @ ClimaAtmos ~/git/ClimaAtmosResiDyn.jl/src/parameterized_tendencies/tagged_tracers/tagged_tracers.jl:590
┌ Warning: water tag closure residual 1.671886535986233e-6 exceeds the configured tolerance 1.0e-10 at t = 3572.5 s. The tags no longer account for the field they partition; see output/a2_none_dt2p5/output_0000/water_tag_closure.csv.
└ @ ClimaAtmos ~/git/ClimaAtmosResiDyn.jl/src/parameterized_tendencies/tagged_tracers/tagged_tracers.jl:590
┌ Warning: water tag closure residual 1.6718554798762852e-6 exceeds the configured tolerance 1.0e-10 at t = 3575.0 s. The tags no longer account for the field they partition; see output/a2_none_dt2p5/output_0000/water_tag_closure.csv.
└ @ ClimaAtmos ~/git/ClimaAtmosResiDyn.jl/src/parameterized_tendencies/tagged_tracers/tagged_tracers.jl:590
┌ Warning: water tag closure residual 1.6718244314449494e-6 exceeds the configured tolerance 1.0e-10 at t = 3577.5 s. The tags no longer account for the field they partition; see output/a2_none_dt2p5/output_0000/water_tag_closure.csv.
└ @ ClimaAtmos ~/git/ClimaAtmosResiDyn.jl/src/parameterized_tendencies/tagged_tracers/tagged_tracers.jl:590
┌ Warning: water tag closure residual 1.6717933906168553e-6 exceeds the configured tolerance 1.0e-10 at t = 3580.0 s. The tags no longer account for the field they partition; see output/a2_none_dt2p5/output_0000/water_tag_closure.csv.
└ @ ClimaAtmos ~/git/ClimaAtmosResiDyn.jl/src/parameterized_tendencies/tagged_tracers/tagged_tracers.jl:590
┌ Warning: water tag closure residual 1.6717623573811267e-6 exceeds the configured tolerance 1.0e-10 at t = 3582.5 s. The tags no longer account for the field they partition; see output/a2_none_dt2p5/output_0000/water_tag_closure.csv.
└ @ ClimaAtmos ~/git/ClimaAtmosResiDyn.jl/src/parameterized_tendencies/tagged_tracers/tagged_tracers.jl:590
┌ Warning: water tag closure residual 1.6717313318526529e-6 exceeds the configured tolerance 1.0e-10 at t = 3585.0 s. The tags no longer account for the field they partition; see output/a2_none_dt2p5/output_0000/water_tag_closure.csv.
└ @ ClimaAtmos ~/git/ClimaAtmosResiDyn.jl/src/parameterized_tendencies/tagged_tracers/tagged_tracers.jl:590
┌ Warning: water tag closure residual 1.6717003139585165e-6 exceeds the configured tolerance 1.0e-10 at t = 3587.5 s. The tags no longer account for the field they partition; see output/a2_none_dt2p5/output_0000/water_tag_closure.csv.
└ @ ClimaAtmos ~/git/ClimaAtmosResiDyn.jl/src/parameterized_tendencies/tagged_tracers/tagged_tracers.jl:590
┌ Warning: water tag closure residual 1.6716693035544264e-6 exceeds the configured tolerance 1.0e-10 at t = 3590.0 s. The tags no longer account for the field they partition; see output/a2_none_dt2p5/output_0000/water_tag_closure.csv.
└ @ ClimaAtmos ~/git/ClimaAtmosResiDyn.jl/src/parameterized_tendencies/tagged_tracers/tagged_tracers.jl:590
┌ Warning: water tag closure residual 1.6716383008915056e-6 exceeds the configured tolerance 1.0e-10 at t = 3592.5 s. The tags no longer account for the field they partition; see output/a2_none_dt2p5/output_0000/water_tag_closure.csv.
└ @ ClimaAtmos ~/git/ClimaAtmosResiDyn.jl/src/parameterized_tendencies/tagged_tracers/tagged_tracers.jl:590
┌ Warning: water tag closure residual 1.6716073058305748e-6 exceeds the configured tolerance 1.0e-10 at t = 3595.0 s. The tags no longer account for the field they partition; see output/a2_none_dt2p5/output_0000/water_tag_closure.csv.
└ @ ClimaAtmos ~/git/ClimaAtmosResiDyn.jl/src/parameterized_tendencies/tagged_tracers/tagged_tracers.jl:590
┌ Warning: water tag closure residual 1.6715763183099455e-6 exceeds the configured tolerance 1.0e-10 at t = 3597.5 s. The tags no longer account for the field they partition; see output/a2_none_dt2p5/output_0000/water_tag_closure.csv.
└ @ ClimaAtmos ~/git/ClimaAtmosResiDyn.jl/src/parameterized_tendencies/tagged_tracers/tagged_tracers.jl:590
┌ Warning: water tag closure residual 1.6715453383722203e-6 exceeds the configured tolerance 1.0e-10 at t = 3600.0 s. The tags no longer account for the field they partition; see output/a2_none_dt2p5/output_0000/water_tag_closure.csv.
└ @ ClimaAtmos ~/git/ClimaAtmosResiDyn.jl/src/parameterized_tendencies/tagged_tracers/tagged_tracers.jl:590
[ Info: solve! walltime = 5.225
[ Info: sypd: 1.888
[ Info: wall_time_per_timestep: 3 milliseconds, 628 microseconds
[ Info: Memory currently used (after solve!) by the process (RSS): 4.18 GiB
┌ Info: Tag-closure run finished
│   simulation.job_id = "a2_none_dt2p5"
└   result.ret_code = :success
┌ Info: Where it went
│   config = "/home/b/b309159/git/ClimaAtmosResiDyn.jl/experiments/tag_closure/configs/a2_none_dt2p5.yml"
└   simulation.output_dir = "output/a2_none_dt2p5/output_0000"
┌ Info: water tag closure (1441 rows)
│   columns: time,total,tagged,residual,relative,gross_residual,gross_relative,scale,nonpositive_fraction
│   first:   0.0,11.572872709327106,11.572872709327104,1.7763568394002505e-15,1.5349316319435567e-16,3.1251792600821884e-16,2.700435180249986e-17,11.572872709327106,0.0
│   last:    3600.0,11.510711981817638,11.510712374156,-3.923383626869281e-7,-3.408463032579281e-8,1.9240676954552533e-5,1.6715453383722203e-6,11.510711981817638,0.0
└   path = "output/a2_none_dt2p5/output_0000/water_tag_closure.csv"
