┌ Info: Making AtmosConfig with config files: 
│    config/default_configs/default_config.yml
└    experiments/tag_closure/configs/a1_dt2p5.yml
┌ Info: numerics 
│        `energy_q_tot_upwinding`::`Val{:vanleer_limiter}`
│              `tracer_upwinding`::`Val{:vanleer_limiter}`
│     `edmfx_mse_q_tot_upwinding`::`Val{:first_order}`
│       `edmfx_sgsflux_upwinding`::`Val{:none}`
│        `edmfx_tracer_upwinding`::`Val{:first_order}`
│       `test_dycore_consistency`::`Nothing`
│          `reproducible_restart`::`Nothing`
│                       `limiter`::`Nothing`
│                     `diff_mode`::`ClimaAtmos.Explicit`
└                     `hyperdiff`::`ClimaAtmos.Hyperdiffusion{Float64}`
┌ Info: AtmosModel: 
│ 
│                             `water`::`ClimaAtmos.AtmosWater{ClimaAtmos.EquilibriumMicrophysics0M, ClimaAtmos.QuadratureCloud, ClimaAtmos.Implicit, Nothing, ClimaAtmos.SGSQuadrature{3, StaticArraysCore.SVector{3, Float64}, StaticArraysCore.SVector{3, Float64}, ClimaAtmos.GaussianSGS, Float64}, ClimaAtmos.FixedTerminalVelocity, ClimaAtmos.FixedTerminalVelocity, ClimaAtmos.DiagnosticTerminalVelocity, ClimaAtmos.FixedTerminalVelocity}`
│                         `scm_setup`::`ClimaAtmos.SCMSetup{ClimaAtmos.LargeScaleSubsidence{ClimaAtmos.Setups.var"#27#28"{Float64}}, Nothing, Nothing, Bool, @NamedTuple{prof_ug::Returns{Float64}, prof_vg::Returns{Float64}, coriolis_param::Float64}}`
│                         `radiation`::`ClimaAtmos.AtmosRadiation{ClimaAtmos.RadiationDYCOMS{Float64}, ClimaAtmos.IdealizedInsolation}`
│                          `turbconv`::`ClimaAtmos.AtmosTurbconv{ClimaAtmos.EDMFXModel{ClimaAtmos.InvZEntrainment, ClimaAtmos.BuoyancyVelocityDetrainment, Val{false}, Val{false}, Val{false}, Val{false}, Val{false}, Val{false}, Val{false}, ClimaAtmos.SmoothMinimumBlending}, Nothing, Nothing, Nothing, Nothing}`
│                   `prescribed_flow`::`Nothing`
│                      `gravity_wave`::`ClimaAtmos.AtmosGravityWave{Nothing, Nothing}`
│                `vertical_diffusion`::`Nothing`
│                            `sponge`::`ClimaAtmos.AtmosSponge{Nothing, Nothing}`
│                           `surface`::`ClimaAtmos.AtmosSurface{ClimaAtmos.SurfaceConditions.MoninObukhov{Float64, ClimaAtmos.SurfaceConditions.HeatFluxes{Float64, Float64}, Float64}, ClimaAtmos.SurfaceConditions.AnalyticTemperature{Returns{Float64}}, ClimaAtmos.SurfaceConditions.SurfaceBoundaryOverrides{Float64, Float64, Nothing, Nothing, Nothing, Nothing}, ClimaAtmos.ConstantAlbedo{Float64}}`
│                          `numerics`::`ClimaAtmos.AtmosNumerics{Val{:vanleer_limiter}, Val{:vanleer_limiter}, Val{:first_order}, Val{:none}, Val{:first_order}, Nothing, Nothing, Nothing, ClimaAtmos.Explicit, ClimaAtmos.Hyperdiffusion{Float64}}`
│                         `chemistry`::`ClimaAtmos.AtmosChem{Nothing}`
│                           `tagging`::`ClimaAtmos.AtmosTagging{Nothing, ClimaAtmos.WaterTaggingModel{Tuple{ClimaAtmos.WaterTag{:upper, ClimaAtmos.TanhAltitudeRegion{Float64}, Tuple{}}, ClimaAtmos.WaterTag{:lower, ClimaAtmos.TanhAltitudeRegion{Float64}, Tuple{}}, ClimaAtmos.WaterTag{:evap, Nothing, Tuple{Symbol}}}}, Nothing, Nothing, Nothing}`
└                              `cosp`::`Nothing`
[ Info: Single-process ClimaAtmos run on CPUSingleThreaded
[ Info: Using ODE config: `ClimaTimeSteppers.ARS343`
[ Info: Initialized state (38.561 μs, 2.38 KiB)
[ Info: Built cache (26.502 s, 6.59 GiB)
[ Info: Assembled callbacks (287.666 ms, 31.96 MiB)
┌ Info: Jacobian algorithm: ManualSparseJacobian(
│   approximate_solve_iters = 1,
└ )
[ Info: Jacobian derivative flags: topography_flag = IgnoreDerivative, diffusion_flag = IgnoreDerivative
[ Info: Built tendency function (863.201 ms, 34.12 MiB)
[ Info: Initialized integrator (13.085 s, 1.76 GiB)
[ Info: Added 6 user-provided YAML-style diagnostics
[ Info: Set up diagnostics (7.079 s, 370.93 MiB)
[ Info: Initialized 6 total diagnostics
┌ Info: Simulation info
│   job_id = "a1_dt2p5"
└   output_dir = "output/a1_dt2p5/output_0000"
┌ Info: Running
│   job_id = "a1_dt2p5"
│   output_dir = "output/a1_dt2p5/output_0000"
└   tspan = (0.0 milliseconds (2010-01-01T00:00:00) [counter = 0, period = 1 millisecond, epoch = 2010-01-01T00:00:00], 3.6e6 milliseconds (2010-01-01T01:00:00) [counter = 3600000, period = 1 millisecond, epoch = 2010-01-01T00:00:00])
┌ Warning: water tag closure residual 1.8121652817161776e-5 exceeds the configured tolerance 1.0e-10 at t = 2.5 s. The tags no longer account for the field they partition; see output/a1_dt2p5/output_0000/water_tag_closure.csv.
└ @ ClimaAtmos ~/git/ClimaAtmosResiDyn.jl/src/parameterized_tendencies/tagged_tracers/tagged_tracers.jl:590
┌ Info: Progress
│   simulation_time = "2 seconds, 500 milliseconds"
│   n_steps_completed = 1
│   wall_time_per_step = "0 seconds"
│   wall_time_total = "0 seconds"
│   wall_time_remaining = "0 seconds"
│   wall_time_spent = "0 seconds"
│   percent_complete = "0.1%"
│   estimated_sypd = "Inf"
│   instantaneous_sypd = "0.0 (sdpd_estimate = 0.0)"
│   date_now = 2026-09-10T00:20:11.597
└   estimated_finish_date = 2026-09-10T00:20:11.597
┌ Warning: water tag closure residual 1.830477942275784e-5 exceeds the configured tolerance 1.0e-10 at t = 5.0 s. The tags no longer account for the field they partition; see output/a1_dt2p5/output_0000/water_tag_closure.csv.
└ @ ClimaAtmos ~/git/ClimaAtmosResiDyn.jl/src/parameterized_tendencies/tagged_tracers/tagged_tracers.jl:590
┌ Info: Progress
│   simulation_time = "5 seconds"
│   n_steps_completed = 2
│   wall_time_per_step = "0 seconds"
│   wall_time_total = "0 seconds"
│   wall_time_remaining = "0 seconds"
│   wall_time_spent = "0 seconds"
│   percent_complete = "0.1%"
│   estimated_sypd = "Inf"
│   instantaneous_sypd = "0.007 (sdpd_estimate = 2.412)"
│   date_now = 2026-09-10T00:20:12.533
└   estimated_finish_date = 2026-09-10T00:20:12.533
┌ Warning: water tag closure residual 1.7566222788058297e-5 exceeds the configured tolerance 1.0e-10 at t = 7.5 s. The tags no longer account for the field they partition; see output/a1_dt2p5/output_0000/water_tag_closure.csv.
└ @ ClimaAtmos ~/git/ClimaAtmosResiDyn.jl/src/parameterized_tendencies/tagged_tracers/tagged_tracers.jl:590
┌ Warning: water tag closure residual 1.7877461730222875e-5 exceeds the configured tolerance 1.0e-10 at t = 10.0 s. The tags no longer account for the field they partition; see output/a1_dt2p5/output_0000/water_tag_closure.csv.
└ @ ClimaAtmos ~/git/ClimaAtmosResiDyn.jl/src/parameterized_tendencies/tagged_tracers/tagged_tracers.jl:590
┌ Info: Progress
│   simulation_time = "10 seconds"
│   n_steps_completed = 4
│   wall_time_per_step = "3 milliseconds, 57 microseconds"
│   wall_time_total = "4 seconds, 402 milliseconds"
│   wall_time_remaining = "4 seconds, 389 milliseconds"
│   wall_time_spent = "12 milliseconds, 228 microseconds"
│   percent_complete = "0.3%"
│   estimated_sypd = "2.239"
│   instantaneous_sypd = "2.239"
│   date_now = 2026-09-10T00:20:12.624
└   estimated_finish_date = 2026-09-10T00:20:17.624
┌ Warning: water tag closure residual 2.0817043156046178e-5 exceeds the configured tolerance 1.0e-10 at t = 12.5 s. The tags no longer account for the field they partition; see output/a1_dt2p5/output_0000/water_tag_closure.csv.
└ @ ClimaAtmos ~/git/ClimaAtmosResiDyn.jl/src/parameterized_tendencies/tagged_tracers/tagged_tracers.jl:590
┌ Warning: water tag closure residual 2.264831007742425e-5 exceeds the configured tolerance 1.0e-10 at t = 15.0 s. The tags no longer account for the field they partition; see output/a1_dt2p5/output_0000/water_tag_closure.csv.
└ @ ClimaAtmos ~/git/ClimaAtmosResiDyn.jl/src/parameterized_tendencies/tagged_tracers/tagged_tracers.jl:590
┌ Warning: water tag closure residual 2.2580896572359775e-5 exceeds the configured tolerance 1.0e-10 at t = 17.5 s. The tags no longer account for the field they partition; see output/a1_dt2p5/output_0000/water_tag_closure.csv.
└ @ ClimaAtmos ~/git/ClimaAtmosResiDyn.jl/src/parameterized_tendencies/tagged_tracers/tagged_tracers.jl:590
┌ Warning: water tag closure residual 2.318438036270267e-5 exceeds the configured tolerance 1.0e-10 at t = 20.0 s. The tags no longer account for the field they partition; see output/a1_dt2p5/output_0000/water_tag_closure.csv.
└ @ ClimaAtmos ~/git/ClimaAtmosResiDyn.jl/src/parameterized_tendencies/tagged_tracers/tagged_tracers.jl:590
┌ Info: Progress
│   simulation_time = "20 seconds"
│   n_steps_completed = 8
│   wall_time_per_step = "13 milliseconds, 314 microseconds"
│   wall_time_total = "19 seconds, 173 milliseconds"
│   wall_time_remaining = "19 seconds, 66 milliseconds"
│   wall_time_spent = "106 milliseconds, 518 microseconds"
│   percent_complete = "0.6%"
│   estimated_sypd = "0.514"
│   instantaneous_sypd = "0.29"
│   date_now = 2026-09-10T00:20:12.633
└   estimated_finish_date = 2026-09-10T00:20:32.633
┌ Warning: water tag closure residual 2.5203701275800446e-5 exceeds the configured tolerance 1.0e-10 at t = 22.5 s. The tags no longer account for the field they partition; see output/a1_dt2p5/output_0000/water_tag_closure.csv.
└ @ ClimaAtmos ~/git/ClimaAtmosResiDyn.jl/src/parameterized_tendencies/tagged_tracers/tagged_tracers.jl:590
┌ Warning: water tag closure residual 2.5350194893732595e-5 exceeds the configured tolerance 1.0e-10 at t = 25.0 s. The tags no longer account for the field they partition; see output/a1_dt2p5/output_0000/water_tag_closure.csv.
└ @ ClimaAtmos ~/git/ClimaAtmosResiDyn.jl/src/parameterized_tendencies/tagged_tracers/tagged_tracers.jl:590
┌ Warning: water tag closure residual 2.530887189335642e-5 exceeds the configured tolerance 1.0e-10 at t = 27.5 s. The tags no longer account for the field they partition; see output/a1_dt2p5/output_0000/water_tag_closure.csv.
└ @ ClimaAtmos ~/git/ClimaAtmosResiDyn.jl/src/parameterized_tendencies/tagged_tracers/tagged_tracers.jl:590
┌ Warning: water tag closure residual 2.5730756189688757e-5 exceeds the configured tolerance 1.0e-10 at t = 30.0 s. The tags no longer account for the field they partition; see output/a1_dt2p5/output_0000/water_tag_closure.csv.
└ @ ClimaAtmos ~/git/ClimaAtmosResiDyn.jl/src/parameterized_tendencies/tagged_tracers/tagged_tracers.jl:590
┌ Warning: water tag closure residual 2.686108614194869e-5 exceeds the configured tolerance 1.0e-10 at t = 32.5 s. The tags no longer account for the field they partition; see output/a1_dt2p5/output_0000/water_tag_closure.csv.
└ @ ClimaAtmos ~/git/ClimaAtmosResiDyn.jl/src/parameterized_tendencies/tagged_tracers/tagged_tracers.jl:590
┌ Warning: water tag closure residual 2.6841190436002003e-5 exceeds the configured tolerance 1.0e-10 at t = 35.0 s. The tags no longer account for the field they partition; see output/a1_dt2p5/output_0000/water_tag_closure.csv.
└ @ ClimaAtmos ~/git/ClimaAtmosResiDyn.jl/src/parameterized_tendencies/tagged_tracers/tagged_tracers.jl:590
┌ Warning: water tag closure residual 2.6812826357768387e-5 exceeds the configured tolerance 1.0e-10 at t = 37.5 s. The tags no longer account for the field they partition; see output/a1_dt2p5/output_0000/water_tag_closure.csv.
└ @ ClimaAtmos ~/git/ClimaAtmosResiDyn.jl/src/parameterized_tendencies/tagged_tracers/tagged_tracers.jl:590
┌ Warning: water tag closure residual 2.736378336743571e-5 exceeds the configured tolerance 1.0e-10 at t = 40.0 s. The tags no longer account for the field they partition; see output/a1_dt2p5/output_0000/water_tag_closure.csv.
└ @ ClimaAtmos ~/git/ClimaAtmosResiDyn.jl/src/parameterized_tendencies/tagged_tracers/tagged_tracers.jl:590
┌ Info: Progress
│   simulation_time = "40 seconds"
│   n_steps_completed = 16
│   wall_time_per_step = "7 milliseconds, 779 microseconds"
│   wall_time_total = "11 seconds, 203 milliseconds"
│   wall_time_remaining = "11 seconds, 78 milliseconds"
│   wall_time_spent = "124 milliseconds, 478 microseconds"
│   percent_complete = "1.1%"
│   estimated_sypd = "0.88"
│   instantaneous_sypd = "3.049"
│   date_now = 2026-09-10T00:20:12.651
└   estimated_finish_date = 2026-09-10T00:20:24.651
┌ Warning: water tag closure residual 2.78884013761884e-5 exceeds the configured tolerance 1.0e-10 at t = 42.5 s. The tags no longer account for the field they partition; see output/a1_dt2p5/output_0000/water_tag_closure.csv.
└ @ ClimaAtmos ~/git/ClimaAtmosResiDyn.jl/src/parameterized_tendencies/tagged_tracers/tagged_tracers.jl:590
┌ Warning: water tag closure residual 2.786580502558645e-5 exceeds the configured tolerance 1.0e-10 at t = 45.0 s. The tags no longer account for the field they partition; see output/a1_dt2p5/output_0000/water_tag_closure.csv.
└ @ ClimaAtmos ~/git/ClimaAtmosResiDyn.jl/src/parameterized_tendencies/tagged_tracers/tagged_tracers.jl:590
┌ Warning: water tag closure residual 2.7920076318765337e-5 exceeds the configured tolerance 1.0e-10 at t = 47.5 s. The tags no longer account for the field they partition; see output/a1_dt2p5/output_0000/water_tag_closure.csv.
└ @ ClimaAtmos ~/git/ClimaAtmosResiDyn.jl/src/parameterized_tendencies/tagged_tracers/tagged_tracers.jl:590
┌ Warning: water tag closure residual 2.8384153144496092e-5 exceeds the configured tolerance 1.0e-10 at t = 50.0 s. The tags no longer account for the field they partition; see output/a1_dt2p5/output_0000/water_tag_closure.csv.
└ @ ClimaAtmos ~/git/ClimaAtmosResiDyn.jl/src/parameterized_tendencies/tagged_tracers/tagged_tracers.jl:590
┌ Warning: water tag closure residual 2.8638601729231474e-5 exceeds the configured tolerance 1.0e-10 at t = 52.5 s. The tags no longer account for the field they partition; see output/a1_dt2p5/output_0000/water_tag_closure.csv.
└ @ ClimaAtmos ~/git/ClimaAtmosResiDyn.jl/src/parameterized_tendencies/tagged_tracers/tagged_tracers.jl:590
┌ Warning: water tag closure residual 2.8618891242453163e-5 exceeds the configured tolerance 1.0e-10 at t = 55.0 s. The tags no longer account for the field they partition; see output/a1_dt2p5/output_0000/water_tag_closure.csv.
└ @ ClimaAtmos ~/git/ClimaAtmosResiDyn.jl/src/parameterized_tendencies/tagged_tracers/tagged_tracers.jl:590
┌ Warning: water tag closure residual 2.870836586448076e-5 exceeds the configured tolerance 1.0e-10 at t = 57.5 s. The tags no longer account for the field they partition; see output/a1_dt2p5/output_0000/water_tag_closure.csv.
└ @ ClimaAtmos ~/git/ClimaAtmosResiDyn.jl/src/parameterized_tendencies/tagged_tracers/tagged_tracers.jl:590
┌ Warning: water tag closure residual 2.902440750879052e-5 exceeds the configured tolerance 1.0e-10 at t = 60.0 s. The tags no longer account for the field they partition; see output/a1_dt2p5/output_0000/water_tag_closure.csv.
└ @ ClimaAtmos ~/git/ClimaAtmosResiDyn.jl/src/parameterized_tendencies/tagged_tracers/tagged_tracers.jl:590
┌ Warning: water tag closure residual 2.908016849010249e-5 exceeds the configured tolerance 1.0e-10 at t = 62.5 s. The tags no longer account for the field they partition; see output/a1_dt2p5/output_0000/water_tag_closure.csv.
└ @ ClimaAtmos ~/git/ClimaAtmosResiDyn.jl/src/parameterized_tendencies/tagged_tracers/tagged_tracers.jl:590
┌ Warning: water tag closure residual 2.906598952877928e-5 exceeds the configured tolerance 1.0e-10 at t = 65.0 s. The tags no longer account for the field they partition; see output/a1_dt2p5/output_0000/water_tag_closure.csv.
└ @ ClimaAtmos ~/git/ClimaAtmosResiDyn.jl/src/parameterized_tendencies/tagged_tracers/tagged_tracers.jl:590
┌ Warning: water tag closure residual 2.9124170691886374e-5 exceeds the configured tolerance 1.0e-10 at t = 67.5 s. The tags no longer account for the field they partition; see output/a1_dt2p5/output_0000/water_tag_closure.csv.
└ @ ClimaAtmos ~/git/ClimaAtmosResiDyn.jl/src/parameterized_tendencies/tagged_tracers/tagged_tracers.jl:590
┌ Warning: water tag closure residual 2.9306449617417035e-5 exceeds the configured tolerance 1.0e-10 at t = 70.0 s. The tags no longer account for the field they partition; see output/a1_dt2p5/output_0000/water_tag_closure.csv.
└ @ ClimaAtmos ~/git/ClimaAtmosResiDyn.jl/src/parameterized_tendencies/tagged_tracers/tagged_tracers.jl:590
┌ Warning: water tag closure residual 2.9300607032421078e-5 exceeds the configured tolerance 1.0e-10 at t = 72.5 s. The tags no longer account for the field they partition; see output/a1_dt2p5/output_0000/water_tag_closure.csv.
└ @ ClimaAtmos ~/git/ClimaAtmosResiDyn.jl/src/parameterized_tendencies/tagged_tracers/tagged_tracers.jl:590
┌ Warning: water tag closure residual 2.9291593326162586e-5 exceeds the configured tolerance 1.0e-10 at t = 75.0 s. The tags no longer account for the field they partition; see output/a1_dt2p5/output_0000/water_tag_closure.csv.
└ @ ClimaAtmos ~/git/ClimaAtmosResiDyn.jl/src/parameterized_tendencies/tagged_tracers/tagged_tracers.jl:590
┌ Warning: water tag closure residual 2.9376458203492372e-5 exceeds the configured tolerance 1.0e-10 at t = 77.5 s. The tags no longer account for the field they partition; see output/a1_dt2p5/output_0000/water_tag_closure.csv.
└ @ ClimaAtmos ~/git/ClimaAtmosResiDyn.jl/src/parameterized_tendencies/tagged_tracers/tagged_tracers.jl:590
┌ Warning: water tag closure residual 2.946664598149493e-5 exceeds the configured tolerance 1.0e-10 at t = 80.0 s. The tags no longer account for the field they partition; see output/a1_dt2p5/output_0000/water_tag_closure.csv.
└ @ ClimaAtmos ~/git/ClimaAtmosResiDyn.jl/src/parameterized_tendencies/tagged_tracers/tagged_tracers.jl:590
┌ Info: Progress
│   simulation_time = "1 minute, 20 seconds"
│   n_steps_completed = 32
│   wall_time_per_step = "35 milliseconds, 50 microseconds"
│   wall_time_total = "50 seconds, 472 milliseconds"
│   wall_time_remaining = "49 seconds, 350 milliseconds"
│   wall_time_spent = "1 second, 121 milliseconds"
│   percent_complete = "2.2%"
│   estimated_sypd = "0.195"
│   instantaneous_sypd = "0.11"
│   date_now = 2026-09-10T00:20:13.666
└   estimated_finish_date = 2026-09-10T00:21:03.666
┌ Warning: water tag closure residual 2.9460307408985575e-5 exceeds the configured tolerance 1.0e-10 at t = 82.5 s. The tags no longer account for the field they partition; see output/a1_dt2p5/output_0000/water_tag_closure.csv.
└ @ ClimaAtmos ~/git/ClimaAtmosResiDyn.jl/src/parameterized_tendencies/tagged_tracers/tagged_tracers.jl:590
┌ Warning: water tag closure residual 2.9465201340630505e-5 exceeds the configured tolerance 1.0e-10 at t = 85.0 s. The tags no longer account for the field they partition; see output/a1_dt2p5/output_0000/water_tag_closure.csv.
└ @ ClimaAtmos ~/git/ClimaAtmosResiDyn.jl/src/parameterized_tendencies/tagged_tracers/tagged_tracers.jl:590
┌ Warning: water tag closure residual 2.9543864183556266e-5 exceeds the configured tolerance 1.0e-10 at t = 87.5 s. The tags no longer account for the field they partition; see output/a1_dt2p5/output_0000/water_tag_closure.csv.
└ @ ClimaAtmos ~/git/ClimaAtmosResiDyn.jl/src/parameterized_tendencies/tagged_tracers/tagged_tracers.jl:590
┌ Warning: water tag closure residual 2.9582566555564777e-5 exceeds the configured tolerance 1.0e-10 at t = 90.0 s. The tags no longer account for the field they partition; see output/a1_dt2p5/output_0000/water_tag_closure.csv.
└ @ ClimaAtmos ~/git/ClimaAtmosResiDyn.jl/src/parameterized_tendencies/tagged_tracers/tagged_tracers.jl:590
┌ Warning: water tag closure residual 2.9577091565286313e-5 exceeds the configured tolerance 1.0e-10 at t = 92.5 s. The tags no longer account for the field they partition; see output/a1_dt2p5/output_0000/water_tag_closure.csv.
└ @ ClimaAtmos ~/git/ClimaAtmosResiDyn.jl/src/parameterized_tendencies/tagged_tracers/tagged_tracers.jl:590
┌ Warning: water tag closure residual 2.9591513676705808e-5 exceeds the configured tolerance 1.0e-10 at t = 95.0 s. The tags no longer account for the field they partition; see output/a1_dt2p5/output_0000/water_tag_closure.csv.
└ @ ClimaAtmos ~/git/ClimaAtmosResiDyn.jl/src/parameterized_tendencies/tagged_tracers/tagged_tracers.jl:590
┌ Warning: water tag closure residual 2.9648008946264504e-5 exceeds the configured tolerance 1.0e-10 at t = 97.5 s. The tags no longer account for the field they partition; see output/a1_dt2p5/output_0000/water_tag_closure.csv.
└ @ ClimaAtmos ~/git/ClimaAtmosResiDyn.jl/src/parameterized_tendencies/tagged_tracers/tagged_tracers.jl:590
┌ Warning: water tag closure residual 2.965469294627087e-5 exceeds the configured tolerance 1.0e-10 at t = 100.0 s. The tags no longer account for the field they partition; see output/a1_dt2p5/output_0000/water_tag_closure.csv.
└ @ ClimaAtmos ~/git/ClimaAtmosResiDyn.jl/src/parameterized_tendencies/tagged_tracers/tagged_tracers.jl:590
┌ Warning: water tag closure residual 2.965025299639954e-5 exceeds the configured tolerance 1.0e-10 at t = 102.5 s. The tags no longer account for the field they partition; see output/a1_dt2p5/output_0000/water_tag_closure.csv.
└ @ ClimaAtmos ~/git/ClimaAtmosResiDyn.jl/src/parameterized_tendencies/tagged_tracers/tagged_tracers.jl:590
┌ Warning: water tag closure residual 2.9659596378166752e-5 exceeds the configured tolerance 1.0e-10 at t = 105.0 s. The tags no longer account for the field they partition; see output/a1_dt2p5/output_0000/water_tag_closure.csv.
└ @ ClimaAtmos ~/git/ClimaAtmosResiDyn.jl/src/parameterized_tendencies/tagged_tracers/tagged_tracers.jl:590
┌ Warning: water tag closure residual 2.9687459159000113e-5 exceeds the configured tolerance 1.0e-10 at t = 107.5 s. The tags no longer account for the field they partition; see output/a1_dt2p5/output_0000/water_tag_closure.csv.
└ @ ClimaAtmos ~/git/ClimaAtmosResiDyn.jl/src/parameterized_tendencies/tagged_tracers/tagged_tracers.jl:590
┌ Warning: water tag closure residual 2.9685926599574502e-5 exceeds the configured tolerance 1.0e-10 at t = 110.0 s. The tags no longer account for the field they partition; see output/a1_dt2p5/output_0000/water_tag_closure.csv.
└ @ ClimaAtmos ~/git/ClimaAtmosResiDyn.jl/src/parameterized_tendencies/tagged_tracers/tagged_tracers.jl:590
┌ Warning: water tag closure residual 2.9682415989585882e-5 exceeds the configured tolerance 1.0e-10 at t = 112.5 s. The tags no longer account for the field they partition; see output/a1_dt2p5/output_0000/water_tag_closure.csv.
└ @ ClimaAtmos ~/git/ClimaAtmosResiDyn.jl/src/parameterized_tendencies/tagged_tracers/tagged_tracers.jl:590
┌ Warning: water tag closure residual 2.969479493300584e-5 exceeds the configured tolerance 1.0e-10 at t = 115.0 s. The tags no longer account for the field they partition; see output/a1_dt2p5/output_0000/water_tag_closure.csv.
└ @ ClimaAtmos ~/git/ClimaAtmosResiDyn.jl/src/parameterized_tendencies/tagged_tracers/tagged_tracers.jl:590
┌ Warning: water tag closure residual 2.971069608049556e-5 exceeds the configured tolerance 1.0e-10 at t = 117.5 s. The tags no longer account for the field they partition; see output/a1_dt2p5/output_0000/water_tag_closure.csv.
└ @ ClimaAtmos ~/git/ClimaAtmosResiDyn.jl/src/parameterized_tendencies/tagged_tracers/tagged_tracers.jl:590
┌ Warning: water tag closure residual 2.9708164203947783e-5 exceeds the configured tolerance 1.0e-10 at t = 120.0 s. The tags no longer account for the field they partition; see output/a1_dt2p5/output_0000/water_tag_closure.csv.
└ @ ClimaAtmos ~/git/ClimaAtmosResiDyn.jl/src/parameterized_tendencies/tagged_tracers/tagged_tracers.jl:590
┌ Warning: water tag closure residual 2.9707721986409336e-5 exceeds the configured tolerance 1.0e-10 at t = 122.5 s. The tags no longer account for the field they partition; see output/a1_dt2p5/output_0000/water_tag_closure.csv.
└ @ ClimaAtmos ~/git/ClimaAtmosResiDyn.jl/src/parameterized_tendencies/tagged_tracers/tagged_tracers.jl:590
┌ Warning: water tag closure residual 2.9719584978158925e-5 exceeds the configured tolerance 1.0e-10 at t = 125.0 s. The tags no longer account for the field they partition; see output/a1_dt2p5/output_0000/water_tag_closure.csv.
└ @ ClimaAtmos ~/git/ClimaAtmosResiDyn.jl/src/parameterized_tendencies/tagged_tracers/tagged_tracers.jl:590
┌ Warning: water tag closure residual 2.972664049265968e-5 exceeds the configured tolerance 1.0e-10 at t = 127.5 s. The tags no longer account for the field they partition; see output/a1_dt2p5/output_0000/water_tag_closure.csv.
└ @ ClimaAtmos ~/git/ClimaAtmosResiDyn.jl/src/parameterized_tendencies/tagged_tracers/tagged_tracers.jl:590
┌ Warning: water tag closure residual 2.9724264851786548e-5 exceeds the configured tolerance 1.0e-10 at t = 130.0 s. The tags no longer account for the field they partition; see output/a1_dt2p5/output_0000/water_tag_closure.csv.
└ @ ClimaAtmos ~/git/ClimaAtmosResiDyn.jl/src/parameterized_tendencies/tagged_tracers/tagged_tracers.jl:590
┌ Warning: water tag closure residual 2.972587271231326e-5 exceeds the configured tolerance 1.0e-10 at t = 132.5 s. The tags no longer account for the field they partition; see output/a1_dt2p5/output_0000/water_tag_closure.csv.
└ @ ClimaAtmos ~/git/ClimaAtmosResiDyn.jl/src/parameterized_tendencies/tagged_tracers/tagged_tracers.jl:590
┌ Warning: water tag closure residual 2.9734600365747402e-5 exceeds the configured tolerance 1.0e-10 at t = 135.0 s. The tags no longer account for the field they partition; see output/a1_dt2p5/output_0000/water_tag_closure.csv.
└ @ ClimaAtmos ~/git/ClimaAtmosResiDyn.jl/src/parameterized_tendencies/tagged_tracers/tagged_tracers.jl:590
┌ Warning: water tag closure residual 2.9738669999975553e-5 exceeds the configured tolerance 1.0e-10 at t = 137.5 s. The tags no longer account for the field they partition; see output/a1_dt2p5/output_0000/water_tag_closure.csv.
└ @ ClimaAtmos ~/git/ClimaAtmosResiDyn.jl/src/parameterized_tendencies/tagged_tracers/tagged_tracers.jl:590
┌ Warning: water tag closure residual 2.9736378846014145e-5 exceeds the configured tolerance 1.0e-10 at t = 140.0 s. The tags no longer account for the field they partition; see output/a1_dt2p5/output_0000/water_tag_closure.csv.
└ @ ClimaAtmos ~/git/ClimaAtmosResiDyn.jl/src/parameterized_tendencies/tagged_tracers/tagged_tracers.jl:590
┌ Warning: water tag closure residual 2.973798056001923e-5 exceeds the configured tolerance 1.0e-10 at t = 142.5 s. The tags no longer account for the field they partition; see output/a1_dt2p5/output_0000/water_tag_closure.csv.
└ @ ClimaAtmos ~/git/ClimaAtmosResiDyn.jl/src/parameterized_tendencies/tagged_tracers/tagged_tracers.jl:590
┌ Warning: water tag closure residual 2.974318074683306e-5 exceeds the configured tolerance 1.0e-10 at t = 145.0 s. The tags no longer account for the field they partition; see output/a1_dt2p5/output_0000/water_tag_closure.csv.
└ @ ClimaAtmos ~/git/ClimaAtmosResiDyn.jl/src/parameterized_tendencies/tagged_tracers/tagged_tracers.jl:590
┌ Warning: water tag closure residual 2.974507743400661e-5 exceeds the configured tolerance 1.0e-10 at t = 147.5 s. The tags no longer account for the field they partition; see output/a1_dt2p5/output_0000/water_tag_closure.csv.
└ @ ClimaAtmos ~/git/ClimaAtmosResiDyn.jl/src/parameterized_tendencies/tagged_tracers/tagged_tracers.jl:590
┌ Warning: water tag closure residual 2.97432806720226e-5 exceeds the configured tolerance 1.0e-10 at t = 150.0 s. The tags no longer account for the field they partition; see output/a1_dt2p5/output_0000/water_tag_closure.csv.
└ @ ClimaAtmos ~/git/ClimaAtmosResiDyn.jl/src/parameterized_tendencies/tagged_tracers/tagged_tracers.jl:590
┌ Warning: water tag closure residual 2.974479742009168e-5 exceeds the configured tolerance 1.0e-10 at t = 152.5 s. The tags no longer account for the field they partition; see output/a1_dt2p5/output_0000/water_tag_closure.csv.
└ @ ClimaAtmos ~/git/ClimaAtmosResiDyn.jl/src/parameterized_tendencies/tagged_tracers/tagged_tracers.jl:590
┌ Warning: water tag closure residual 2.9749426525756008e-5 exceeds the configured tolerance 1.0e-10 at t = 155.0 s. The tags no longer account for the field they partition; see output/a1_dt2p5/output_0000/water_tag_closure.csv.
└ @ ClimaAtmos ~/git/ClimaAtmosResiDyn.jl/src/parameterized_tendencies/tagged_tracers/tagged_tracers.jl:590
┌ Warning: water tag closure residual 2.974733962610318e-5 exceeds the configured tolerance 1.0e-10 at t = 157.5 s. The tags no longer account for the field they partition; see output/a1_dt2p5/output_0000/water_tag_closure.csv.
└ @ ClimaAtmos ~/git/ClimaAtmosResiDyn.jl/src/parameterized_tendencies/tagged_tracers/tagged_tracers.jl:590
┌ Warning: water tag closure residual 2.974586326704053e-5 exceeds the configured tolerance 1.0e-10 at t = 160.0 s. The tags no longer account for the field they partition; see output/a1_dt2p5/output_0000/water_tag_closure.csv.
└ @ ClimaAtmos ~/git/ClimaAtmosResiDyn.jl/src/parameterized_tendencies/tagged_tracers/tagged_tracers.jl:590
┌ Info: Progress
│   simulation_time = "2 minutes, 40 seconds"
│   n_steps_completed = 64
│   wall_time_per_step = "19 milliseconds, 213 microseconds"
│   wall_time_total = "27 seconds, 668 milliseconds"
│   wall_time_remaining = "26 seconds, 438 milliseconds"
│   wall_time_spent = "1 second, 229 milliseconds"
│   percent_complete = "4.4%"
│   estimated_sypd = "0.356"
│   instantaneous_sypd = "2.026"
│   date_now = 2026-09-10T00:20:13.757
└   estimated_finish_date = 2026-09-10T00:20:40.757
┌ Warning: water tag closure residual 2.9748574151763395e-5 exceeds the configured tolerance 1.0e-10 at t = 162.5 s. The tags no longer account for the field they partition; see output/a1_dt2p5/output_0000/water_tag_closure.csv.
└ @ ClimaAtmos ~/git/ClimaAtmosResiDyn.jl/src/parameterized_tendencies/tagged_tracers/tagged_tracers.jl:590
┌ Warning: water tag closure residual 2.974753691333229e-5 exceeds the configured tolerance 1.0e-10 at t = 165.0 s. The tags no longer account for the field they partition; see output/a1_dt2p5/output_0000/water_tag_closure.csv.
└ @ ClimaAtmos ~/git/ClimaAtmosResiDyn.jl/src/parameterized_tendencies/tagged_tracers/tagged_tracers.jl:590
┌ Warning: water tag closure residual 2.9745779222127565e-5 exceeds the configured tolerance 1.0e-10 at t = 167.5 s. The tags no longer account for the field they partition; see output/a1_dt2p5/output_0000/water_tag_closure.csv.
└ @ ClimaAtmos ~/git/ClimaAtmosResiDyn.jl/src/parameterized_tendencies/tagged_tracers/tagged_tracers.jl:590
┌ Warning: water tag closure residual 2.974449206359777e-5 exceeds the configured tolerance 1.0e-10 at t = 170.0 s. The tags no longer account for the field they partition; see output/a1_dt2p5/output_0000/water_tag_closure.csv.
└ @ ClimaAtmos ~/git/ClimaAtmosResiDyn.jl/src/parameterized_tendencies/tagged_tracers/tagged_tracers.jl:590
┌ Warning: water tag closure residual 2.974618769414838e-5 exceeds the configured tolerance 1.0e-10 at t = 172.5 s. The tags no longer account for the field they partition; see output/a1_dt2p5/output_0000/water_tag_closure.csv.
└ @ ClimaAtmos ~/git/ClimaAtmosResiDyn.jl/src/parameterized_tendencies/tagged_tracers/tagged_tracers.jl:590
┌ Warning: water tag closure residual 2.974487500501679e-5 exceeds the configured tolerance 1.0e-10 at t = 175.0 s. The tags no longer account for the field they partition; see output/a1_dt2p5/output_0000/water_tag_closure.csv.
└ @ ClimaAtmos ~/git/ClimaAtmosResiDyn.jl/src/parameterized_tendencies/tagged_tracers/tagged_tracers.jl:590
┌ Warning: water tag closure residual 2.9743175642576072e-5 exceeds the configured tolerance 1.0e-10 at t = 177.5 s. The tags no longer account for the field they partition; see output/a1_dt2p5/output_0000/water_tag_closure.csv.
└ @ ClimaAtmos ~/git/ClimaAtmosResiDyn.jl/src/parameterized_tendencies/tagged_tracers/tagged_tracers.jl:590
┌ Warning: water tag closure residual 2.9742014655228644e-5 exceeds the configured tolerance 1.0e-10 at t = 180.0 s. The tags no longer account for the field they partition; see output/a1_dt2p5/output_0000/water_tag_closure.csv.
└ @ ClimaAtmos ~/git/ClimaAtmosResiDyn.jl/src/parameterized_tendencies/tagged_tracers/tagged_tracers.jl:590
┌ Warning: water tag closure residual 2.9743003397131568e-5 exceeds the configured tolerance 1.0e-10 at t = 182.5 s. The tags no longer account for the field they partition; see output/a1_dt2p5/output_0000/water_tag_closure.csv.
└ @ ClimaAtmos ~/git/ClimaAtmosResiDyn.jl/src/parameterized_tendencies/tagged_tracers/tagged_tracers.jl:590
┌ Warning: water tag closure residual 2.9741920465314655e-5 exceeds the configured tolerance 1.0e-10 at t = 185.0 s. The tags no longer account for the field they partition; see output/a1_dt2p5/output_0000/water_tag_closure.csv.
└ @ ClimaAtmos ~/git/ClimaAtmosResiDyn.jl/src/parameterized_tendencies/tagged_tracers/tagged_tracers.jl:590
┌ Warning: water tag closure residual 2.9740247336914547e-5 exceeds the configured tolerance 1.0e-10 at t = 187.5 s. The tags no longer account for the field they partition; see output/a1_dt2p5/output_0000/water_tag_closure.csv.
└ @ ClimaAtmos ~/git/ClimaAtmosResiDyn.jl/src/parameterized_tendencies/tagged_tracers/tagged_tracers.jl:590
┌ Warning: water tag closure residual 2.973902639561021e-5 exceeds the configured tolerance 1.0e-10 at t = 190.0 s. The tags no longer account for the field they partition; see output/a1_dt2p5/output_0000/water_tag_closure.csv.
└ @ ClimaAtmos ~/git/ClimaAtmosResiDyn.jl/src/parameterized_tendencies/tagged_tracers/tagged_tracers.jl:590
┌ Warning: water tag closure residual 2.9738233616319458e-5 exceeds the configured tolerance 1.0e-10 at t = 192.5 s. The tags no longer account for the field they partition; see output/a1_dt2p5/output_0000/water_tag_closure.csv.
└ @ ClimaAtmos ~/git/ClimaAtmosResiDyn.jl/src/parameterized_tendencies/tagged_tracers/tagged_tracers.jl:590
┌ Warning: water tag closure residual 2.9736559829491634e-5 exceeds the configured tolerance 1.0e-10 at t = 195.0 s. The tags no longer account for the field they partition; see output/a1_dt2p5/output_0000/water_tag_closure.csv.
└ @ ClimaAtmos ~/git/ClimaAtmosResiDyn.jl/src/parameterized_tendencies/tagged_tracers/tagged_tracers.jl:590
┌ Warning: water tag closure residual 2.9735161956869562e-5 exceeds the configured tolerance 1.0e-10 at t = 197.5 s. The tags no longer account for the field they partition; see output/a1_dt2p5/output_0000/water_tag_closure.csv.
└ @ ClimaAtmos ~/git/ClimaAtmosResiDyn.jl/src/parameterized_tendencies/tagged_tracers/tagged_tracers.jl:590
┌ Warning: water tag closure residual 2.9734136747047043e-5 exceeds the configured tolerance 1.0e-10 at t = 200.0 s. The tags no longer account for the field they partition; see output/a1_dt2p5/output_0000/water_tag_closure.csv.
└ @ ClimaAtmos ~/git/ClimaAtmosResiDyn.jl/src/parameterized_tendencies/tagged_tracers/tagged_tracers.jl:590
┌ Warning: water tag closure residual 2.9732940442906065e-5 exceeds the configured tolerance 1.0e-10 at t = 202.5 s. The tags no longer account for the field they partition; see output/a1_dt2p5/output_0000/water_tag_closure.csv.
└ @ ClimaAtmos ~/git/ClimaAtmosResiDyn.jl/src/parameterized_tendencies/tagged_tracers/tagged_tracers.jl:590
┌ Warning: water tag closure residual 2.973132156268646e-5 exceeds the configured tolerance 1.0e-10 at t = 205.0 s. The tags no longer account for the field they partition; see output/a1_dt2p5/output_0000/water_tag_closure.csv.
└ @ ClimaAtmos ~/git/ClimaAtmosResiDyn.jl/src/parameterized_tendencies/tagged_tracers/tagged_tracers.jl:590
┌ Warning: water tag closure residual 2.9729809381339948e-5 exceeds the configured tolerance 1.0e-10 at t = 207.5 s. The tags no longer account for the field they partition; see output/a1_dt2p5/output_0000/water_tag_closure.csv.
└ @ ClimaAtmos ~/git/ClimaAtmosResiDyn.jl/src/parameterized_tendencies/tagged_tracers/tagged_tracers.jl:590
┌ Warning: water tag closure residual 2.9730420013942342e-5 exceeds the configured tolerance 1.0e-10 at t = 210.0 s. The tags no longer account for the field they partition; see output/a1_dt2p5/output_0000/water_tag_closure.csv.
└ @ ClimaAtmos ~/git/ClimaAtmosResiDyn.jl/src/parameterized_tendencies/tagged_tracers/tagged_tracers.jl:590
┌ Warning: water tag closure residual 2.9729300665033648e-5 exceeds the configured tolerance 1.0e-10 at t = 212.5 s. The tags no longer account for the field they partition; see output/a1_dt2p5/output_0000/water_tag_closure.csv.
└ @ ClimaAtmos ~/git/ClimaAtmosResiDyn.jl/src/parameterized_tendencies/tagged_tracers/tagged_tracers.jl:590
┌ Warning: water tag closure residual 2.9728054661398767e-5 exceeds the configured tolerance 1.0e-10 at t = 215.0 s. The tags no longer account for the field they partition; see output/a1_dt2p5/output_0000/water_tag_closure.csv.
└ @ ClimaAtmos ~/git/ClimaAtmosResiDyn.jl/src/parameterized_tendencies/tagged_tracers/tagged_tracers.jl:590
┌ Warning: water tag closure residual 2.9726711924435283e-5 exceeds the configured tolerance 1.0e-10 at t = 217.5 s. The tags no longer account for the field they partition; see output/a1_dt2p5/output_0000/water_tag_closure.csv.
└ @ ClimaAtmos ~/git/ClimaAtmosResiDyn.jl/src/parameterized_tendencies/tagged_tracers/tagged_tracers.jl:590
┌ Warning: water tag closure residual 2.972701265875299e-5 exceeds the configured tolerance 1.0e-10 at t = 220.0 s. The tags no longer account for the field they partition; see output/a1_dt2p5/output_0000/water_tag_closure.csv.
└ @ ClimaAtmos ~/git/ClimaAtmosResiDyn.jl/src/parameterized_tendencies/tagged_tracers/tagged_tracers.jl:590
┌ Warning: water tag closure residual 2.9725907527092054e-5 exceeds the configured tolerance 1.0e-10 at t = 222.5 s. The tags no longer account for the field they partition; see output/a1_dt2p5/output_0000/water_tag_closure.csv.
└ @ ClimaAtmos ~/git/ClimaAtmosResiDyn.jl/src/parameterized_tendencies/tagged_tracers/tagged_tracers.jl:590
┌ Warning: water tag closure residual 2.9724744493559824e-5 exceeds the configured tolerance 1.0e-10 at t = 225.0 s. The tags no longer account for the field they partition; see output/a1_dt2p5/output_0000/water_tag_closure.csv.
└ @ ClimaAtmos ~/git/ClimaAtmosResiDyn.jl/src/parameterized_tendencies/tagged_tracers/tagged_tracers.jl:590
┌ Warning: water tag closure residual 2.972343866055401e-5 exceeds the configured tolerance 1.0e-10 at t = 227.5 s. The tags no longer account for the field they partition; see output/a1_dt2p5/output_0000/water_tag_closure.csv.
└ @ ClimaAtmos ~/git/ClimaAtmosResiDyn.jl/src/parameterized_tendencies/tagged_tracers/tagged_tracers.jl:590
┌ Warning: water tag closure residual 2.9723318347794787e-5 exceeds the configured tolerance 1.0e-10 at t = 230.0 s. The tags no longer account for the field they partition; see output/a1_dt2p5/output_0000/water_tag_closure.csv.
└ @ ClimaAtmos ~/git/ClimaAtmosResiDyn.jl/src/parameterized_tendencies/tagged_tracers/tagged_tracers.jl:590
┌ Warning: water tag closure residual 2.972217023501339e-5 exceeds the configured tolerance 1.0e-10 at t = 232.5 s. The tags no longer account for the field they partition; see output/a1_dt2p5/output_0000/water_tag_closure.csv.
└ @ ClimaAtmos ~/git/ClimaAtmosResiDyn.jl/src/parameterized_tendencies/tagged_tracers/tagged_tracers.jl:590
┌ Warning: water tag closure residual 2.972104085397179e-5 exceeds the configured tolerance 1.0e-10 at t = 235.0 s. The tags no longer account for the field they partition; see output/a1_dt2p5/output_0000/water_tag_closure.csv.
└ @ ClimaAtmos ~/git/ClimaAtmosResiDyn.jl/src/parameterized_tendencies/tagged_tracers/tagged_tracers.jl:590
┌ Warning: water tag closure residual 2.9719692383164784e-5 exceeds the configured tolerance 1.0e-10 at t = 237.5 s. The tags no longer account for the field they partition; see output/a1_dt2p5/output_0000/water_tag_closure.csv.
└ @ ClimaAtmos ~/git/ClimaAtmosResiDyn.jl/src/parameterized_tendencies/tagged_tracers/tagged_tracers.jl:590
┌ Warning: water tag closure residual 2.9718145038037945e-5 exceeds the configured tolerance 1.0e-10 at t = 240.0 s. The tags no longer account for the field they partition; see output/a1_dt2p5/output_0000/water_tag_closure.csv.
└ @ ClimaAtmos ~/git/ClimaAtmosResiDyn.jl/src/parameterized_tendencies/tagged_tracers/tagged_tracers.jl:590
┌ Warning: water tag closure residual 2.971801289854953e-5 exceeds the configured tolerance 1.0e-10 at t = 242.5 s. The tags no longer account for the field they partition; see output/a1_dt2p5/output_0000/water_tag_closure.csv.
└ @ ClimaAtmos ~/git/ClimaAtmosResiDyn.jl/src/parameterized_tendencies/tagged_tracers/tagged_tracers.jl:590
┌ Warning: water tag closure residual 2.9716793513525265e-5 exceeds the configured tolerance 1.0e-10 at t = 245.0 s. The tags no longer account for the field they partition; see output/a1_dt2p5/output_0000/water_tag_closure.csv.
└ @ ClimaAtmos ~/git/ClimaAtmosResiDyn.jl/src/parameterized_tendencies/tagged_tracers/tagged_tracers.jl:590
┌ Warning: water tag closure residual 2.971562021935247e-5 exceeds the configured tolerance 1.0e-10 at t = 247.5 s. The tags no longer account for the field they partition; see output/a1_dt2p5/output_0000/water_tag_closure.csv.
└ @ ClimaAtmos ~/git/ClimaAtmosResiDyn.jl/src/parameterized_tendencies/tagged_tracers/tagged_tracers.jl:590
┌ Warning: water tag closure residual 2.9714184525383323e-5 exceeds the configured tolerance 1.0e-10 at t = 250.0 s. The tags no longer account for the field they partition; see output/a1_dt2p5/output_0000/water_tag_closure.csv.
└ @ ClimaAtmos ~/git/ClimaAtmosResiDyn.jl/src/parameterized_tendencies/tagged_tracers/tagged_tracers.jl:590
┌ Warning: water tag closure residual 2.971268316315017e-5 exceeds the configured tolerance 1.0e-10 at t = 252.5 s. The tags no longer account for the field they partition; see output/a1_dt2p5/output_0000/water_tag_closure.csv.
└ @ ClimaAtmos ~/git/ClimaAtmosResiDyn.jl/src/parameterized_tendencies/tagged_tracers/tagged_tracers.jl:590
┌ Warning: water tag closure residual 2.9712604623894198e-5 exceeds the configured tolerance 1.0e-10 at t = 255.0 s. The tags no longer account for the field they partition; see output/a1_dt2p5/output_0000/water_tag_closure.csv.
└ @ ClimaAtmos ~/git/ClimaAtmosResiDyn.jl/src/parameterized_tendencies/tagged_tracers/tagged_tracers.jl:590
┌ Warning: water tag closure residual 2.9711331719755743e-5 exceeds the configured tolerance 1.0e-10 at t = 257.5 s. The tags no longer account for the field they partition; see output/a1_dt2p5/output_0000/water_tag_closure.csv.
└ @ ClimaAtmos ~/git/ClimaAtmosResiDyn.jl/src/parameterized_tendencies/tagged_tracers/tagged_tracers.jl:590
┌ Warning: water tag closure residual 2.9710144044557175e-5 exceeds the configured tolerance 1.0e-10 at t = 260.0 s. The tags no longer account for the field they partition; see output/a1_dt2p5/output_0000/water_tag_closure.csv.
└ @ ClimaAtmos ~/git/ClimaAtmosResiDyn.jl/src/parameterized_tendencies/tagged_tracers/tagged_tracers.jl:590
┌ Warning: water tag closure residual 2.9709634273740422e-5 exceeds the configured tolerance 1.0e-10 at t = 262.5 s. The tags no longer account for the field they partition; see output/a1_dt2p5/output_0000/water_tag_closure.csv.
└ @ ClimaAtmos ~/git/ClimaAtmosResiDyn.jl/src/parameterized_tendencies/tagged_tracers/tagged_tracers.jl:590
┌ Warning: water tag closure residual 2.970828289761968e-5 exceeds the configured tolerance 1.0e-10 at t = 265.0 s. The tags no longer account for the field they partition; see output/a1_dt2p5/output_0000/water_tag_closure.csv.
└ @ ClimaAtmos ~/git/ClimaAtmosResiDyn.jl/src/parameterized_tendencies/tagged_tracers/tagged_tracers.jl:590
┌ Warning: water tag closure residual 2.9706829288710032e-5 exceeds the configured tolerance 1.0e-10 at t = 267.5 s. The tags no longer account for the field they partition; see output/a1_dt2p5/output_0000/water_tag_closure.csv.
└ @ ClimaAtmos ~/git/ClimaAtmosResiDyn.jl/src/parameterized_tendencies/tagged_tracers/tagged_tracers.jl:590
┌ Warning: water tag closure residual 2.9705341912984387e-5 exceeds the configured tolerance 1.0e-10 at t = 270.0 s. The tags no longer account for the field they partition; see output/a1_dt2p5/output_0000/water_tag_closure.csv.
└ @ ClimaAtmos ~/git/ClimaAtmosResiDyn.jl/src/parameterized_tendencies/tagged_tracers/tagged_tracers.jl:590
┌ Warning: water tag closure residual 2.9703981476988444e-5 exceeds the configured tolerance 1.0e-10 at t = 272.5 s. The tags no longer account for the field they partition; see output/a1_dt2p5/output_0000/water_tag_closure.csv.
└ @ ClimaAtmos ~/git/ClimaAtmosResiDyn.jl/src/parameterized_tendencies/tagged_tracers/tagged_tracers.jl:590
┌ Warning: water tag closure residual 2.970265855470283e-5 exceeds the configured tolerance 1.0e-10 at t = 275.0 s. The tags no longer account for the field they partition; see output/a1_dt2p5/output_0000/water_tag_closure.csv.
└ @ ClimaAtmos ~/git/ClimaAtmosResiDyn.jl/src/parameterized_tendencies/tagged_tracers/tagged_tracers.jl:590
┌ Warning: water tag closure residual 2.9701239479113713e-5 exceeds the configured tolerance 1.0e-10 at t = 277.5 s. The tags no longer account for the field they partition; see output/a1_dt2p5/output_0000/water_tag_closure.csv.
└ @ ClimaAtmos ~/git/ClimaAtmosResiDyn.jl/src/parameterized_tendencies/tagged_tracers/tagged_tracers.jl:590
┌ Warning: water tag closure residual 2.9700545362659658e-5 exceeds the configured tolerance 1.0e-10 at t = 280.0 s. The tags no longer account for the field they partition; see output/a1_dt2p5/output_0000/water_tag_closure.csv.
└ @ ClimaAtmos ~/git/ClimaAtmosResiDyn.jl/src/parameterized_tendencies/tagged_tracers/tagged_tracers.jl:590
┌ Warning: water tag closure residual 2.9699154663010773e-5 exceeds the configured tolerance 1.0e-10 at t = 282.5 s. The tags no longer account for the field they partition; see output/a1_dt2p5/output_0000/water_tag_closure.csv.
└ @ ClimaAtmos ~/git/ClimaAtmosResiDyn.jl/src/parameterized_tendencies/tagged_tracers/tagged_tracers.jl:590
┌ Warning: water tag closure residual 2.9697868460293914e-5 exceeds the configured tolerance 1.0e-10 at t = 285.0 s. The tags no longer account for the field they partition; see output/a1_dt2p5/output_0000/water_tag_closure.csv.
└ @ ClimaAtmos ~/git/ClimaAtmosResiDyn.jl/src/parameterized_tendencies/tagged_tracers/tagged_tracers.jl:590
┌ Warning: water tag closure residual 2.9696471109793325e-5 exceeds the configured tolerance 1.0e-10 at t = 287.5 s. The tags no longer account for the field they partition; see output/a1_dt2p5/output_0000/water_tag_closure.csv.
└ @ ClimaAtmos ~/git/ClimaAtmosResiDyn.jl/src/parameterized_tendencies/tagged_tracers/tagged_tracers.jl:590
┌ Warning: water tag closure residual 2.969497061811299e-5 exceeds the configured tolerance 1.0e-10 at t = 290.0 s. The tags no longer account for the field they partition; see output/a1_dt2p5/output_0000/water_tag_closure.csv.
└ @ ClimaAtmos ~/git/ClimaAtmosResiDyn.jl/src/parameterized_tendencies/tagged_tracers/tagged_tracers.jl:590
┌ Warning: water tag closure residual 2.9693580121393223e-5 exceeds the configured tolerance 1.0e-10 at t = 292.5 s. The tags no longer account for the field they partition; see output/a1_dt2p5/output_0000/water_tag_closure.csv.
└ @ ClimaAtmos ~/git/ClimaAtmosResiDyn.jl/src/parameterized_tendencies/tagged_tracers/tagged_tracers.jl:590
┌ Warning: water tag closure residual 2.9692783197689445e-5 exceeds the configured tolerance 1.0e-10 at t = 295.0 s. The tags no longer account for the field they partition; see output/a1_dt2p5/output_0000/water_tag_closure.csv.
└ @ ClimaAtmos ~/git/ClimaAtmosResiDyn.jl/src/parameterized_tendencies/tagged_tracers/tagged_tracers.jl:590
┌ Warning: water tag closure residual 2.9691332377701765e-5 exceeds the configured tolerance 1.0e-10 at t = 297.5 s. The tags no longer account for the field they partition; see output/a1_dt2p5/output_0000/water_tag_closure.csv.
└ @ ClimaAtmos ~/git/ClimaAtmosResiDyn.jl/src/parameterized_tendencies/tagged_tracers/tagged_tracers.jl:590
┌ Warning: water tag closure residual 2.9690009430115846e-5 exceeds the configured tolerance 1.0e-10 at t = 300.0 s. The tags no longer account for the field they partition; see output/a1_dt2p5/output_0000/water_tag_closure.csv.
└ @ ClimaAtmos ~/git/ClimaAtmosResiDyn.jl/src/parameterized_tendencies/tagged_tracers/tagged_tracers.jl:590
┌ Warning: water tag closure residual 2.968860346622524e-5 exceeds the configured tolerance 1.0e-10 at t = 302.5 s. The tags no longer account for the field they partition; see output/a1_dt2p5/output_0000/water_tag_closure.csv.
└ @ ClimaAtmos ~/git/ClimaAtmosResiDyn.jl/src/parameterized_tendencies/tagged_tracers/tagged_tracers.jl:590
┌ Warning: water tag closure residual 2.968760643012434e-5 exceeds the configured tolerance 1.0e-10 at t = 305.0 s. The tags no longer account for the field they partition; see output/a1_dt2p5/output_0000/water_tag_closure.csv.
└ @ ClimaAtmos ~/git/ClimaAtmosResiDyn.jl/src/parameterized_tendencies/tagged_tracers/tagged_tracers.jl:590
┌ Warning: water tag closure residual 2.9686127158576915e-5 exceeds the configured tolerance 1.0e-10 at t = 307.5 s. The tags no longer account for the field they partition; see output/a1_dt2p5/output_0000/water_tag_closure.csv.
└ @ ClimaAtmos ~/git/ClimaAtmosResiDyn.jl/src/parameterized_tendencies/tagged_tracers/tagged_tracers.jl:590
┌ Warning: water tag closure residual 2.9684798319585967e-5 exceeds the configured tolerance 1.0e-10 at t = 310.0 s. The tags no longer account for the field they partition; see output/a1_dt2p5/output_0000/water_tag_closure.csv.
└ @ ClimaAtmos ~/git/ClimaAtmosResiDyn.jl/src/parameterized_tendencies/tagged_tracers/tagged_tracers.jl:590
┌ Warning: water tag closure residual 2.9683383570535557e-5 exceeds the configured tolerance 1.0e-10 at t = 312.5 s. The tags no longer account for the field they partition; see output/a1_dt2p5/output_0000/water_tag_closure.csv.
└ @ ClimaAtmos ~/git/ClimaAtmosResiDyn.jl/src/parameterized_tendencies/tagged_tracers/tagged_tracers.jl:590
┌ Warning: water tag closure residual 2.9681897646348968e-5 exceeds the configured tolerance 1.0e-10 at t = 315.0 s. The tags no longer account for the field they partition; see output/a1_dt2p5/output_0000/water_tag_closure.csv.
└ @ ClimaAtmos ~/git/ClimaAtmosResiDyn.jl/src/parameterized_tendencies/tagged_tracers/tagged_tracers.jl:590
┌ Warning: water tag closure residual 2.9680487822820103e-5 exceeds the configured tolerance 1.0e-10 at t = 317.5 s. The tags no longer account for the field they partition; see output/a1_dt2p5/output_0000/water_tag_closure.csv.
└ @ ClimaAtmos ~/git/ClimaAtmosResiDyn.jl/src/parameterized_tendencies/tagged_tracers/tagged_tracers.jl:590
┌ Warning: water tag closure residual 2.967906683781403e-5 exceeds the configured tolerance 1.0e-10 at t = 320.0 s. The tags no longer account for the field they partition; see output/a1_dt2p5/output_0000/water_tag_closure.csv.
└ @ ClimaAtmos ~/git/ClimaAtmosResiDyn.jl/src/parameterized_tendencies/tagged_tracers/tagged_tracers.jl:590
┌ Info: Progress
│   simulation_time = "5 minutes, 20 seconds"
│   n_steps_completed = 128
│   wall_time_per_step = "11 milliseconds, 319 microseconds"
│   wall_time_total = "16 seconds, 300 milliseconds"
│   wall_time_remaining = "14 seconds, 851 milliseconds"
│   wall_time_spent = "1 second, 448 milliseconds"
│   percent_complete = "8.9%"
│   estimated_sypd = "0.605"
│   instantaneous_sypd = "1.998"
│   date_now = 2026-09-10T00:20:13.976
└   estimated_finish_date = 2026-09-10T00:20:28.976
┌ Warning: water tag closure residual 2.96778658931675e-5 exceeds the configured tolerance 1.0e-10 at t = 322.5 s. The tags no longer account for the field they partition; see output/a1_dt2p5/output_0000/water_tag_closure.csv.
└ @ ClimaAtmos ~/git/ClimaAtmosResiDyn.jl/src/parameterized_tendencies/tagged_tracers/tagged_tracers.jl:590
┌ Warning: water tag closure residual 2.967630730597967e-5 exceeds the configured tolerance 1.0e-10 at t = 325.0 s. The tags no longer account for the field they partition; see output/a1_dt2p5/output_0000/water_tag_closure.csv.
└ @ ClimaAtmos ~/git/ClimaAtmosResiDyn.jl/src/parameterized_tendencies/tagged_tracers/tagged_tracers.jl:590
┌ Warning: water tag closure residual 2.9674934406109353e-5 exceeds the configured tolerance 1.0e-10 at t = 327.5 s. The tags no longer account for the field they partition; see output/a1_dt2p5/output_0000/water_tag_closure.csv.
└ @ ClimaAtmos ~/git/ClimaAtmosResiDyn.jl/src/parameterized_tendencies/tagged_tracers/tagged_tracers.jl:590
┌ Warning: water tag closure residual 2.9673512900674394e-5 exceeds the configured tolerance 1.0e-10 at t = 330.0 s. The tags no longer account for the field they partition; see output/a1_dt2p5/output_0000/water_tag_closure.csv.
└ @ ClimaAtmos ~/git/ClimaAtmosResiDyn.jl/src/parameterized_tendencies/tagged_tracers/tagged_tracers.jl:590
┌ Warning: water tag closure residual 2.9672042639867128e-5 exceeds the configured tolerance 1.0e-10 at t = 332.5 s. The tags no longer account for the field they partition; see output/a1_dt2p5/output_0000/water_tag_closure.csv.
└ @ ClimaAtmos ~/git/ClimaAtmosResiDyn.jl/src/parameterized_tendencies/tagged_tracers/tagged_tracers.jl:590
┌ Warning: water tag closure residual 2.9670607351364302e-5 exceeds the configured tolerance 1.0e-10 at t = 335.0 s. The tags no longer account for the field they partition; see output/a1_dt2p5/output_0000/water_tag_closure.csv.
└ @ ClimaAtmos ~/git/ClimaAtmosResiDyn.jl/src/parameterized_tendencies/tagged_tracers/tagged_tracers.jl:590
┌ Warning: water tag closure residual 2.9669177175727143e-5 exceeds the configured tolerance 1.0e-10 at t = 337.5 s. The tags no longer account for the field they partition; see output/a1_dt2p5/output_0000/water_tag_closure.csv.
└ @ ClimaAtmos ~/git/ClimaAtmosResiDyn.jl/src/parameterized_tendencies/tagged_tracers/tagged_tracers.jl:590
┌ Warning: water tag closure residual 2.9667736371926454e-5 exceeds the configured tolerance 1.0e-10 at t = 340.0 s. The tags no longer account for the field they partition; see output/a1_dt2p5/output_0000/water_tag_closure.csv.
└ @ ClimaAtmos ~/git/ClimaAtmosResiDyn.jl/src/parameterized_tendencies/tagged_tracers/tagged_tracers.jl:590
┌ Warning: water tag closure residual 2.9666324984013787e-5 exceeds the configured tolerance 1.0e-10 at t = 342.5 s. The tags no longer account for the field they partition; see output/a1_dt2p5/output_0000/water_tag_closure.csv.
└ @ ClimaAtmos ~/git/ClimaAtmosResiDyn.jl/src/parameterized_tendencies/tagged_tracers/tagged_tracers.jl:590
┌ Warning: water tag closure residual 2.9664667313114315e-5 exceeds the configured tolerance 1.0e-10 at t = 345.0 s. The tags no longer account for the field they partition; see output/a1_dt2p5/output_0000/water_tag_closure.csv.
└ @ ClimaAtmos ~/git/ClimaAtmosResiDyn.jl/src/parameterized_tendencies/tagged_tracers/tagged_tracers.jl:590
┌ Warning: water tag closure residual 2.9663247114191184e-5 exceeds the configured tolerance 1.0e-10 at t = 347.5 s. The tags no longer account for the field they partition; see output/a1_dt2p5/output_0000/water_tag_closure.csv.
└ @ ClimaAtmos ~/git/ClimaAtmosResiDyn.jl/src/parameterized_tendencies/tagged_tracers/tagged_tracers.jl:590
┌ Warning: water tag closure residual 2.9661802666074126e-5 exceeds the configured tolerance 1.0e-10 at t = 350.0 s. The tags no longer account for the field they partition; see output/a1_dt2p5/output_0000/water_tag_closure.csv.
└ @ ClimaAtmos ~/git/ClimaAtmosResiDyn.jl/src/parameterized_tendencies/tagged_tracers/tagged_tracers.jl:590
┌ Warning: water tag closure residual 2.966034329209886e-5 exceeds the configured tolerance 1.0e-10 at t = 352.5 s. The tags no longer account for the field they partition; see output/a1_dt2p5/output_0000/water_tag_closure.csv.
└ @ ClimaAtmos ~/git/ClimaAtmosResiDyn.jl/src/parameterized_tendencies/tagged_tracers/tagged_tracers.jl:590
┌ Warning: water tag closure residual 2.965889521811987e-5 exceeds the configured tolerance 1.0e-10 at t = 355.0 s. The tags no longer account for the field they partition; see output/a1_dt2p5/output_0000/water_tag_closure.csv.
└ @ ClimaAtmos ~/git/ClimaAtmosResiDyn.jl/src/parameterized_tendencies/tagged_tracers/tagged_tracers.jl:590
┌ Warning: water tag closure residual 2.9657453956858e-5 exceeds the configured tolerance 1.0e-10 at t = 357.5 s. The tags no longer account for the field they partition; see output/a1_dt2p5/output_0000/water_tag_closure.csv.
└ @ ClimaAtmos ~/git/ClimaAtmosResiDyn.jl/src/parameterized_tendencies/tagged_tracers/tagged_tracers.jl:590
┌ Warning: water tag closure residual 2.9656004961490554e-5 exceeds the configured tolerance 1.0e-10 at t = 360.0 s. The tags no longer account for the field they partition; see output/a1_dt2p5/output_0000/water_tag_closure.csv.
└ @ ClimaAtmos ~/git/ClimaAtmosResiDyn.jl/src/parameterized_tendencies/tagged_tracers/tagged_tracers.jl:590
┌ Warning: water tag closure residual 2.9654358282577886e-5 exceeds the configured tolerance 1.0e-10 at t = 362.5 s. The tags no longer account for the field they partition; see output/a1_dt2p5/output_0000/water_tag_closure.csv.
└ @ ClimaAtmos ~/git/ClimaAtmosResiDyn.jl/src/parameterized_tendencies/tagged_tracers/tagged_tracers.jl:590
┌ Warning: water tag closure residual 2.9652654548684896e-5 exceeds the configured tolerance 1.0e-10 at t = 365.0 s. The tags no longer account for the field they partition; see output/a1_dt2p5/output_0000/water_tag_closure.csv.
└ @ ClimaAtmos ~/git/ClimaAtmosResiDyn.jl/src/parameterized_tendencies/tagged_tracers/tagged_tracers.jl:590
┌ Warning: water tag closure residual 2.9651175156599228e-5 exceeds the configured tolerance 1.0e-10 at t = 367.5 s. The tags no longer account for the field they partition; see output/a1_dt2p5/output_0000/water_tag_closure.csv.
└ @ ClimaAtmos ~/git/ClimaAtmosResiDyn.jl/src/parameterized_tendencies/tagged_tracers/tagged_tracers.jl:590
┌ Warning: water tag closure residual 2.9649725038585017e-5 exceeds the configured tolerance 1.0e-10 at t = 370.0 s. The tags no longer account for the field they partition; see output/a1_dt2p5/output_0000/water_tag_closure.csv.
└ @ ClimaAtmos ~/git/ClimaAtmosResiDyn.jl/src/parameterized_tendencies/tagged_tracers/tagged_tracers.jl:590
┌ Warning: water tag closure residual 2.9648287802652778e-5 exceeds the configured tolerance 1.0e-10 at t = 372.5 s. The tags no longer account for the field they partition; see output/a1_dt2p5/output_0000/water_tag_closure.csv.
└ @ ClimaAtmos ~/git/ClimaAtmosResiDyn.jl/src/parameterized_tendencies/tagged_tracers/tagged_tracers.jl:590
┌ Warning: water tag closure residual 2.9646816096596473e-5 exceeds the configured tolerance 1.0e-10 at t = 375.0 s. The tags no longer account for the field they partition; see output/a1_dt2p5/output_0000/water_tag_closure.csv.
└ @ ClimaAtmos ~/git/ClimaAtmosResiDyn.jl/src/parameterized_tendencies/tagged_tracers/tagged_tracers.jl:590
┌ Warning: water tag closure residual 2.9645366058504674e-5 exceeds the configured tolerance 1.0e-10 at t = 377.5 s. The tags no longer account for the field they partition; see output/a1_dt2p5/output_0000/water_tag_closure.csv.
└ @ ClimaAtmos ~/git/ClimaAtmosResiDyn.jl/src/parameterized_tendencies/tagged_tracers/tagged_tracers.jl:590
┌ Warning: water tag closure residual 2.964391846374047e-5 exceeds the configured tolerance 1.0e-10 at t = 380.0 s. The tags no longer account for the field they partition; see output/a1_dt2p5/output_0000/water_tag_closure.csv.
└ @ ClimaAtmos ~/git/ClimaAtmosResiDyn.jl/src/parameterized_tendencies/tagged_tracers/tagged_tracers.jl:590
┌ Warning: water tag closure residual 2.9642478399649914e-5 exceeds the configured tolerance 1.0e-10 at t = 382.5 s. The tags no longer account for the field they partition; see output/a1_dt2p5/output_0000/water_tag_closure.csv.
└ @ ClimaAtmos ~/git/ClimaAtmosResiDyn.jl/src/parameterized_tendencies/tagged_tracers/tagged_tracers.jl:590
┌ Warning: water tag closure residual 2.9641012903094727e-5 exceeds the configured tolerance 1.0e-10 at t = 385.0 s. The tags no longer account for the field they partition; see output/a1_dt2p5/output_0000/water_tag_closure.csv.
└ @ ClimaAtmos ~/git/ClimaAtmosResiDyn.jl/src/parameterized_tendencies/tagged_tracers/tagged_tracers.jl:590
┌ Warning: water tag closure residual 2.9639035198207893e-5 exceeds the configured tolerance 1.0e-10 at t = 387.5 s. The tags no longer account for the field they partition; see output/a1_dt2p5/output_0000/water_tag_closure.csv.
└ @ ClimaAtmos ~/git/ClimaAtmosResiDyn.jl/src/parameterized_tendencies/tagged_tracers/tagged_tracers.jl:590
┌ Warning: water tag closure residual 2.963721944597211e-5 exceeds the configured tolerance 1.0e-10 at t = 390.0 s. The tags no longer account for the field they partition; see output/a1_dt2p5/output_0000/water_tag_closure.csv.
└ @ ClimaAtmos ~/git/ClimaAtmosResiDyn.jl/src/parameterized_tendencies/tagged_tracers/tagged_tracers.jl:590
┌ Warning: water tag closure residual 2.9635680257158325e-5 exceeds the configured tolerance 1.0e-10 at t = 392.5 s. The tags no longer account for the field they partition; see output/a1_dt2p5/output_0000/water_tag_closure.csv.
└ @ ClimaAtmos ~/git/ClimaAtmosResiDyn.jl/src/parameterized_tendencies/tagged_tracers/tagged_tracers.jl:590
┌ Warning: water tag closure residual 2.9634206488254502e-5 exceeds the configured tolerance 1.0e-10 at t = 395.0 s. The tags no longer account for the field they partition; see output/a1_dt2p5/output_0000/water_tag_closure.csv.
└ @ ClimaAtmos ~/git/ClimaAtmosResiDyn.jl/src/parameterized_tendencies/tagged_tracers/tagged_tracers.jl:590
┌ Warning: water tag closure residual 2.9632802937057778e-5 exceeds the configured tolerance 1.0e-10 at t = 397.5 s. The tags no longer account for the field they partition; see output/a1_dt2p5/output_0000/water_tag_closure.csv.
└ @ ClimaAtmos ~/git/ClimaAtmosResiDyn.jl/src/parameterized_tendencies/tagged_tracers/tagged_tracers.jl:590
┌ Warning: water tag closure residual 2.963132539392822e-5 exceeds the configured tolerance 1.0e-10 at t = 400.0 s. The tags no longer account for the field they partition; see output/a1_dt2p5/output_0000/water_tag_closure.csv.
└ @ ClimaAtmos ~/git/ClimaAtmosResiDyn.jl/src/parameterized_tendencies/tagged_tracers/tagged_tracers.jl:590
┌ Warning: water tag closure residual 2.962986901346475e-5 exceeds the configured tolerance 1.0e-10 at t = 402.5 s. The tags no longer account for the field they partition; see output/a1_dt2p5/output_0000/water_tag_closure.csv.
└ @ ClimaAtmos ~/git/ClimaAtmosResiDyn.jl/src/parameterized_tendencies/tagged_tracers/tagged_tracers.jl:590
┌ Warning: water tag closure residual 2.9628398307427505e-5 exceeds the configured tolerance 1.0e-10 at t = 405.0 s. The tags no longer account for the field they partition; see output/a1_dt2p5/output_0000/water_tag_closure.csv.
└ @ ClimaAtmos ~/git/ClimaAtmosResiDyn.jl/src/parameterized_tendencies/tagged_tracers/tagged_tracers.jl:590
┌ Warning: water tag closure residual 2.9626967873718787e-5 exceeds the configured tolerance 1.0e-10 at t = 407.5 s. The tags no longer account for the field they partition; see output/a1_dt2p5/output_0000/water_tag_closure.csv.
└ @ ClimaAtmos ~/git/ClimaAtmosResiDyn.jl/src/parameterized_tendencies/tagged_tracers/tagged_tracers.jl:590
┌ Warning: water tag closure residual 2.962550664560647e-5 exceeds the configured tolerance 1.0e-10 at t = 410.0 s. The tags no longer account for the field they partition; see output/a1_dt2p5/output_0000/water_tag_closure.csv.
└ @ ClimaAtmos ~/git/ClimaAtmosResiDyn.jl/src/parameterized_tendencies/tagged_tracers/tagged_tracers.jl:590
┌ Warning: water tag closure residual 2.9624031033296304e-5 exceeds the configured tolerance 1.0e-10 at t = 412.5 s. The tags no longer account for the field they partition; see output/a1_dt2p5/output_0000/water_tag_closure.csv.
└ @ ClimaAtmos ~/git/ClimaAtmosResiDyn.jl/src/parameterized_tendencies/tagged_tracers/tagged_tracers.jl:590
┌ Warning: water tag closure residual 2.962230288529876e-5 exceeds the configured tolerance 1.0e-10 at t = 415.0 s. The tags no longer account for the field they partition; see output/a1_dt2p5/output_0000/water_tag_closure.csv.
└ @ ClimaAtmos ~/git/ClimaAtmosResiDyn.jl/src/parameterized_tendencies/tagged_tracers/tagged_tracers.jl:590
┌ Warning: water tag closure residual 2.962038001263038e-5 exceeds the configured tolerance 1.0e-10 at t = 417.5 s. The tags no longer account for the field they partition; see output/a1_dt2p5/output_0000/water_tag_closure.csv.
└ @ ClimaAtmos ~/git/ClimaAtmosResiDyn.jl/src/parameterized_tendencies/tagged_tracers/tagged_tracers.jl:590
┌ Warning: water tag closure residual 2.9618459090302087e-5 exceeds the configured tolerance 1.0e-10 at t = 420.0 s. The tags no longer account for the field they partition; see output/a1_dt2p5/output_0000/water_tag_closure.csv.
└ @ ClimaAtmos ~/git/ClimaAtmosResiDyn.jl/src/parameterized_tendencies/tagged_tracers/tagged_tracers.jl:590
┌ Warning: water tag closure residual 2.9616830865860832e-5 exceeds the configured tolerance 1.0e-10 at t = 422.5 s. The tags no longer account for the field they partition; see output/a1_dt2p5/output_0000/water_tag_closure.csv.
└ @ ClimaAtmos ~/git/ClimaAtmosResiDyn.jl/src/parameterized_tendencies/tagged_tracers/tagged_tracers.jl:590
┌ Warning: water tag closure residual 2.961539096421062e-5 exceeds the configured tolerance 1.0e-10 at t = 425.0 s. The tags no longer account for the field they partition; see output/a1_dt2p5/output_0000/water_tag_closure.csv.
└ @ ClimaAtmos ~/git/ClimaAtmosResiDyn.jl/src/parameterized_tendencies/tagged_tracers/tagged_tracers.jl:590
┌ Warning: water tag closure residual 2.961400531624978e-5 exceeds the configured tolerance 1.0e-10 at t = 427.5 s. The tags no longer account for the field they partition; see output/a1_dt2p5/output_0000/water_tag_closure.csv.
└ @ ClimaAtmos ~/git/ClimaAtmosResiDyn.jl/src/parameterized_tendencies/tagged_tracers/tagged_tracers.jl:590
┌ Warning: water tag closure residual 2.961248381972788e-5 exceeds the configured tolerance 1.0e-10 at t = 430.0 s. The tags no longer account for the field they partition; see output/a1_dt2p5/output_0000/water_tag_closure.csv.
└ @ ClimaAtmos ~/git/ClimaAtmosResiDyn.jl/src/parameterized_tendencies/tagged_tracers/tagged_tracers.jl:590
┌ Warning: water tag closure residual 2.9611014990250755e-5 exceeds the configured tolerance 1.0e-10 at t = 432.5 s. The tags no longer account for the field they partition; see output/a1_dt2p5/output_0000/water_tag_closure.csv.
└ @ ClimaAtmos ~/git/ClimaAtmosResiDyn.jl/src/parameterized_tendencies/tagged_tracers/tagged_tracers.jl:590
┌ Warning: water tag closure residual 2.9609568835420208e-5 exceeds the configured tolerance 1.0e-10 at t = 435.0 s. The tags no longer account for the field they partition; see output/a1_dt2p5/output_0000/water_tag_closure.csv.
└ @ ClimaAtmos ~/git/ClimaAtmosResiDyn.jl/src/parameterized_tendencies/tagged_tracers/tagged_tracers.jl:590
┌ Warning: water tag closure residual 2.960813858623277e-5 exceeds the configured tolerance 1.0e-10 at t = 437.5 s. The tags no longer account for the field they partition; see output/a1_dt2p5/output_0000/water_tag_closure.csv.
└ @ ClimaAtmos ~/git/ClimaAtmosResiDyn.jl/src/parameterized_tendencies/tagged_tracers/tagged_tracers.jl:590
┌ Warning: water tag closure residual 2.9606643433976825e-5 exceeds the configured tolerance 1.0e-10 at t = 440.0 s. The tags no longer account for the field they partition; see output/a1_dt2p5/output_0000/water_tag_closure.csv.
└ @ ClimaAtmos ~/git/ClimaAtmosResiDyn.jl/src/parameterized_tendencies/tagged_tracers/tagged_tracers.jl:590
┌ Warning: water tag closure residual 2.9605166661914702e-5 exceeds the configured tolerance 1.0e-10 at t = 442.5 s. The tags no longer account for the field they partition; see output/a1_dt2p5/output_0000/water_tag_closure.csv.
└ @ ClimaAtmos ~/git/ClimaAtmosResiDyn.jl/src/parameterized_tendencies/tagged_tracers/tagged_tracers.jl:590
┌ Warning: water tag closure residual 2.9603734681253098e-5 exceeds the configured tolerance 1.0e-10 at t = 445.0 s. The tags no longer account for the field they partition; see output/a1_dt2p5/output_0000/water_tag_closure.csv.
└ @ ClimaAtmos ~/git/ClimaAtmosResiDyn.jl/src/parameterized_tendencies/tagged_tracers/tagged_tracers.jl:590
┌ Warning: water tag closure residual 2.96022774381777e-5 exceeds the configured tolerance 1.0e-10 at t = 447.5 s. The tags no longer account for the field they partition; see output/a1_dt2p5/output_0000/water_tag_closure.csv.
└ @ ClimaAtmos ~/git/ClimaAtmosResiDyn.jl/src/parameterized_tendencies/tagged_tracers/tagged_tracers.jl:590
┌ Warning: water tag closure residual 2.960005824994398e-5 exceeds the configured tolerance 1.0e-10 at t = 450.0 s. The tags no longer account for the field they partition; see output/a1_dt2p5/output_0000/water_tag_closure.csv.
└ @ ClimaAtmos ~/git/ClimaAtmosResiDyn.jl/src/parameterized_tendencies/tagged_tracers/tagged_tracers.jl:590
┌ Warning: water tag closure residual 2.9598275853121524e-5 exceeds the configured tolerance 1.0e-10 at t = 452.5 s. The tags no longer account for the field they partition; see output/a1_dt2p5/output_0000/water_tag_closure.csv.
└ @ ClimaAtmos ~/git/ClimaAtmosResiDyn.jl/src/parameterized_tendencies/tagged_tracers/tagged_tracers.jl:590
┌ Warning: water tag closure residual 2.9596692976929118e-5 exceeds the configured tolerance 1.0e-10 at t = 455.0 s. The tags no longer account for the field they partition; see output/a1_dt2p5/output_0000/water_tag_closure.csv.
└ @ ClimaAtmos ~/git/ClimaAtmosResiDyn.jl/src/parameterized_tendencies/tagged_tracers/tagged_tracers.jl:590
┌ Warning: water tag closure residual 2.9595211776257376e-5 exceeds the configured tolerance 1.0e-10 at t = 457.5 s. The tags no longer account for the field they partition; see output/a1_dt2p5/output_0000/water_tag_closure.csv.
└ @ ClimaAtmos ~/git/ClimaAtmosResiDyn.jl/src/parameterized_tendencies/tagged_tracers/tagged_tracers.jl:590
┌ Warning: water tag closure residual 2.959380628123806e-5 exceeds the configured tolerance 1.0e-10 at t = 460.0 s. The tags no longer account for the field they partition; see output/a1_dt2p5/output_0000/water_tag_closure.csv.
└ @ ClimaAtmos ~/git/ClimaAtmosResiDyn.jl/src/parameterized_tendencies/tagged_tracers/tagged_tracers.jl:590
┌ Warning: water tag closure residual 2.9592301130832567e-5 exceeds the configured tolerance 1.0e-10 at t = 462.5 s. The tags no longer account for the field they partition; see output/a1_dt2p5/output_0000/water_tag_closure.csv.
└ @ ClimaAtmos ~/git/ClimaAtmosResiDyn.jl/src/parameterized_tendencies/tagged_tracers/tagged_tracers.jl:590
┌ Warning: water tag closure residual 2.9590849372458075e-5 exceeds the configured tolerance 1.0e-10 at t = 465.0 s. The tags no longer account for the field they partition; see output/a1_dt2p5/output_0000/water_tag_closure.csv.
└ @ ClimaAtmos ~/git/ClimaAtmosResiDyn.jl/src/parameterized_tendencies/tagged_tracers/tagged_tracers.jl:590
┌ Warning: water tag closure residual 2.958937216638964e-5 exceeds the configured tolerance 1.0e-10 at t = 467.5 s. The tags no longer account for the field they partition; see output/a1_dt2p5/output_0000/water_tag_closure.csv.
└ @ ClimaAtmos ~/git/ClimaAtmosResiDyn.jl/src/parameterized_tendencies/tagged_tracers/tagged_tracers.jl:590
┌ Warning: water tag closure residual 2.9587925972987272e-5 exceeds the configured tolerance 1.0e-10 at t = 470.0 s. The tags no longer account for the field they partition; see output/a1_dt2p5/output_0000/water_tag_closure.csv.
└ @ ClimaAtmos ~/git/ClimaAtmosResiDyn.jl/src/parameterized_tendencies/tagged_tracers/tagged_tracers.jl:590
┌ Warning: water tag closure residual 2.9586452861044313e-5 exceeds the configured tolerance 1.0e-10 at t = 472.5 s. The tags no longer account for the field they partition; see output/a1_dt2p5/output_0000/water_tag_closure.csv.
└ @ ClimaAtmos ~/git/ClimaAtmosResiDyn.jl/src/parameterized_tendencies/tagged_tracers/tagged_tracers.jl:590
┌ Warning: water tag closure residual 2.9584977041164774e-5 exceeds the configured tolerance 1.0e-10 at t = 475.0 s. The tags no longer account for the field they partition; see output/a1_dt2p5/output_0000/water_tag_closure.csv.
└ @ ClimaAtmos ~/git/ClimaAtmosResiDyn.jl/src/parameterized_tendencies/tagged_tracers/tagged_tracers.jl:590
┌ Warning: water tag closure residual 2.958306950842997e-5 exceeds the configured tolerance 1.0e-10 at t = 477.5 s. The tags no longer account for the field they partition; see output/a1_dt2p5/output_0000/water_tag_closure.csv.
└ @ ClimaAtmos ~/git/ClimaAtmosResiDyn.jl/src/parameterized_tendencies/tagged_tracers/tagged_tracers.jl:590
┌ Warning: water tag closure residual 2.958103446767882e-5 exceeds the configured tolerance 1.0e-10 at t = 480.0 s. The tags no longer account for the field they partition; see output/a1_dt2p5/output_0000/water_tag_closure.csv.
└ @ ClimaAtmos ~/git/ClimaAtmosResiDyn.jl/src/parameterized_tendencies/tagged_tracers/tagged_tracers.jl:590
┌ Warning: water tag closure residual 2.95790609329636e-5 exceeds the configured tolerance 1.0e-10 at t = 482.5 s. The tags no longer account for the field they partition; see output/a1_dt2p5/output_0000/water_tag_closure.csv.
└ @ ClimaAtmos ~/git/ClimaAtmosResiDyn.jl/src/parameterized_tendencies/tagged_tracers/tagged_tracers.jl:590
┌ Warning: water tag closure residual 2.957735435565438e-5 exceeds the configured tolerance 1.0e-10 at t = 485.0 s. The tags no longer account for the field they partition; see output/a1_dt2p5/output_0000/water_tag_closure.csv.
└ @ ClimaAtmos ~/git/ClimaAtmosResiDyn.jl/src/parameterized_tendencies/tagged_tracers/tagged_tracers.jl:590
┌ Warning: water tag closure residual 2.957591973758617e-5 exceeds the configured tolerance 1.0e-10 at t = 487.5 s. The tags no longer account for the field they partition; see output/a1_dt2p5/output_0000/water_tag_closure.csv.
└ @ ClimaAtmos ~/git/ClimaAtmosResiDyn.jl/src/parameterized_tendencies/tagged_tracers/tagged_tracers.jl:590
┌ Warning: water tag closure residual 2.9574546547114558e-5 exceeds the configured tolerance 1.0e-10 at t = 490.0 s. The tags no longer account for the field they partition; see output/a1_dt2p5/output_0000/water_tag_closure.csv.
└ @ ClimaAtmos ~/git/ClimaAtmosResiDyn.jl/src/parameterized_tendencies/tagged_tracers/tagged_tracers.jl:590
┌ Warning: water tag closure residual 2.957300066974137e-5 exceeds the configured tolerance 1.0e-10 at t = 492.5 s. The tags no longer account for the field they partition; see output/a1_dt2p5/output_0000/water_tag_closure.csv.
└ @ ClimaAtmos ~/git/ClimaAtmosResiDyn.jl/src/parameterized_tendencies/tagged_tracers/tagged_tracers.jl:590
┌ Warning: water tag closure residual 2.9571525886098298e-5 exceeds the configured tolerance 1.0e-10 at t = 495.0 s. The tags no longer account for the field they partition; see output/a1_dt2p5/output_0000/water_tag_closure.csv.
└ @ ClimaAtmos ~/git/ClimaAtmosResiDyn.jl/src/parameterized_tendencies/tagged_tracers/tagged_tracers.jl:590
┌ Warning: water tag closure residual 2.9570074663667074e-5 exceeds the configured tolerance 1.0e-10 at t = 497.5 s. The tags no longer account for the field they partition; see output/a1_dt2p5/output_0000/water_tag_closure.csv.
└ @ ClimaAtmos ~/git/ClimaAtmosResiDyn.jl/src/parameterized_tendencies/tagged_tracers/tagged_tracers.jl:590
┌ Warning: water tag closure residual 2.9568643089266405e-5 exceeds the configured tolerance 1.0e-10 at t = 500.0 s. The tags no longer account for the field they partition; see output/a1_dt2p5/output_0000/water_tag_closure.csv.
└ @ ClimaAtmos ~/git/ClimaAtmosResiDyn.jl/src/parameterized_tendencies/tagged_tracers/tagged_tracers.jl:590
┌ Warning: water tag closure residual 2.956713544220103e-5 exceeds the configured tolerance 1.0e-10 at t = 502.5 s. The tags no longer account for the field they partition; see output/a1_dt2p5/output_0000/water_tag_closure.csv.
└ @ ClimaAtmos ~/git/ClimaAtmosResiDyn.jl/src/parameterized_tendencies/tagged_tracers/tagged_tracers.jl:590
┌ Info: Progress
│   simulation_time = "8 minutes, 22 seconds"
│   n_steps_completed = 201
│   wall_time_per_step = "8 milliseconds, 471 microseconds"
│   wall_time_total = "12 seconds, 198 milliseconds"
│   wall_time_remaining = "10 seconds, 495 milliseconds"
│   wall_time_spent = "1 second, 702 milliseconds"
│   percent_complete = "14.0%"
│   estimated_sypd = "0.808"
│   instantaneous_sypd = "1.969"
│   date_now = 2026-09-10T00:20:14.230
└   estimated_finish_date = 2026-09-10T00:20:25.230
┌ Warning: water tag closure residual 2.956565065656702e-5 exceeds the configured tolerance 1.0e-10 at t = 505.0 s. The tags no longer account for the field they partition; see output/a1_dt2p5/output_0000/water_tag_closure.csv.
└ @ ClimaAtmos ~/git/ClimaAtmosResiDyn.jl/src/parameterized_tendencies/tagged_tracers/tagged_tracers.jl:590
┌ Warning: water tag closure residual 2.9564216402904013e-5 exceeds the configured tolerance 1.0e-10 at t = 507.5 s. The tags no longer account for the field they partition; see output/a1_dt2p5/output_0000/water_tag_closure.csv.
└ @ ClimaAtmos ~/git/ClimaAtmosResiDyn.jl/src/parameterized_tendencies/tagged_tracers/tagged_tracers.jl:590
┌ Warning: water tag closure residual 2.956275281404947e-5 exceeds the configured tolerance 1.0e-10 at t = 510.0 s. The tags no longer account for the field they partition; see output/a1_dt2p5/output_0000/water_tag_closure.csv.
└ @ ClimaAtmos ~/git/ClimaAtmosResiDyn.jl/src/parameterized_tendencies/tagged_tracers/tagged_tracers.jl:590
┌ Warning: water tag closure residual 2.9561256007586685e-5 exceeds the configured tolerance 1.0e-10 at t = 512.5 s. The tags no longer account for the field they partition; see output/a1_dt2p5/output_0000/water_tag_closure.csv.
└ @ ClimaAtmos ~/git/ClimaAtmosResiDyn.jl/src/parameterized_tendencies/tagged_tracers/tagged_tracers.jl:590
┌ Warning: water tag closure residual 2.9559784905654655e-5 exceeds the configured tolerance 1.0e-10 at t = 515.0 s. The tags no longer account for the field they partition; see output/a1_dt2p5/output_0000/water_tag_closure.csv.
└ @ ClimaAtmos ~/git/ClimaAtmosResiDyn.jl/src/parameterized_tendencies/tagged_tracers/tagged_tracers.jl:590
┌ Warning: water tag closure residual 2.9558339834765824e-5 exceeds the configured tolerance 1.0e-10 at t = 517.5 s. The tags no longer account for the field they partition; see output/a1_dt2p5/output_0000/water_tag_closure.csv.
└ @ ClimaAtmos ~/git/ClimaAtmosResiDyn.jl/src/parameterized_tendencies/tagged_tracers/tagged_tracers.jl:590
┌ Warning: water tag closure residual 2.9556866184356415e-5 exceeds the configured tolerance 1.0e-10 at t = 520.0 s. The tags no longer account for the field they partition; see output/a1_dt2p5/output_0000/water_tag_closure.csv.
└ @ ClimaAtmos ~/git/ClimaAtmosResiDyn.jl/src/parameterized_tendencies/tagged_tracers/tagged_tracers.jl:590
┌ Warning: water tag closure residual 2.9555377037930927e-5 exceeds the configured tolerance 1.0e-10 at t = 522.5 s. The tags no longer account for the field they partition; see output/a1_dt2p5/output_0000/water_tag_closure.csv.
└ @ ClimaAtmos ~/git/ClimaAtmosResiDyn.jl/src/parameterized_tendencies/tagged_tracers/tagged_tracers.jl:590
┌ Warning: water tag closure residual 2.9553914804852855e-5 exceeds the configured tolerance 1.0e-10 at t = 525.0 s. The tags no longer account for the field they partition; see output/a1_dt2p5/output_0000/water_tag_closure.csv.
└ @ ClimaAtmos ~/git/ClimaAtmosResiDyn.jl/src/parameterized_tendencies/tagged_tracers/tagged_tracers.jl:590
┌ Warning: water tag closure residual 2.9552460580950343e-5 exceeds the configured tolerance 1.0e-10 at t = 527.5 s. The tags no longer account for the field they partition; see output/a1_dt2p5/output_0000/water_tag_closure.csv.
└ @ ClimaAtmos ~/git/ClimaAtmosResiDyn.jl/src/parameterized_tendencies/tagged_tracers/tagged_tracers.jl:590
┌ Warning: water tag closure residual 2.955098236875176e-5 exceeds the configured tolerance 1.0e-10 at t = 530.0 s. The tags no longer account for the field they partition; see output/a1_dt2p5/output_0000/water_tag_closure.csv.
└ @ ClimaAtmos ~/git/ClimaAtmosResiDyn.jl/src/parameterized_tendencies/tagged_tracers/tagged_tracers.jl:590
┌ Warning: water tag closure residual 2.95495012494461e-5 exceeds the configured tolerance 1.0e-10 at t = 532.5 s. The tags no longer account for the field they partition; see output/a1_dt2p5/output_0000/water_tag_closure.csv.
└ @ ClimaAtmos ~/git/ClimaAtmosResiDyn.jl/src/parameterized_tendencies/tagged_tracers/tagged_tracers.jl:590
┌ Warning: water tag closure residual 2.954804045317949e-5 exceeds the configured tolerance 1.0e-10 at t = 535.0 s. The tags no longer account for the field they partition; see output/a1_dt2p5/output_0000/water_tag_closure.csv.
└ @ ClimaAtmos ~/git/ClimaAtmosResiDyn.jl/src/parameterized_tendencies/tagged_tracers/tagged_tracers.jl:590
┌ Warning: water tag closure residual 2.954657797641038e-5 exceeds the configured tolerance 1.0e-10 at t = 537.5 s. The tags no longer account for the field they partition; see output/a1_dt2p5/output_0000/water_tag_closure.csv.
└ @ ClimaAtmos ~/git/ClimaAtmosResiDyn.jl/src/parameterized_tendencies/tagged_tracers/tagged_tracers.jl:590
┌ Warning: water tag closure residual 2.9545098609239503e-5 exceeds the configured tolerance 1.0e-10 at t = 540.0 s. The tags no longer account for the field they partition; see output/a1_dt2p5/output_0000/water_tag_closure.csv.
└ @ ClimaAtmos ~/git/ClimaAtmosResiDyn.jl/src/parameterized_tendencies/tagged_tracers/tagged_tracers.jl:590
┌ Warning: water tag closure residual 2.954362336193434e-5 exceeds the configured tolerance 1.0e-10 at t = 542.5 s. The tags no longer account for the field they partition; see output/a1_dt2p5/output_0000/water_tag_closure.csv.
└ @ ClimaAtmos ~/git/ClimaAtmosResiDyn.jl/src/parameterized_tendencies/tagged_tracers/tagged_tracers.jl:590
┌ Warning: water tag closure residual 2.9542161086935396e-5 exceeds the configured tolerance 1.0e-10 at t = 545.0 s. The tags no longer account for the field they partition; see output/a1_dt2p5/output_0000/water_tag_closure.csv.
└ @ ClimaAtmos ~/git/ClimaAtmosResiDyn.jl/src/parameterized_tendencies/tagged_tracers/tagged_tracers.jl:590
┌ Warning: water tag closure residual 2.9540692745400423e-5 exceeds the configured tolerance 1.0e-10 at t = 547.5 s. The tags no longer account for the field they partition; see output/a1_dt2p5/output_0000/water_tag_closure.csv.
└ @ ClimaAtmos ~/git/ClimaAtmosResiDyn.jl/src/parameterized_tendencies/tagged_tracers/tagged_tracers.jl:590
┌ Warning: water tag closure residual 2.9539214408906753e-5 exceeds the configured tolerance 1.0e-10 at t = 550.0 s. The tags no longer account for the field they partition; see output/a1_dt2p5/output_0000/water_tag_closure.csv.
└ @ ClimaAtmos ~/git/ClimaAtmosResiDyn.jl/src/parameterized_tendencies/tagged_tracers/tagged_tracers.jl:590
┌ Warning: water tag closure residual 2.953774262114062e-5 exceeds the configured tolerance 1.0e-10 at t = 552.5 s. The tags no longer account for the field they partition; see output/a1_dt2p5/output_0000/water_tag_closure.csv.
└ @ ClimaAtmos ~/git/ClimaAtmosResiDyn.jl/src/parameterized_tendencies/tagged_tracers/tagged_tracers.jl:590
┌ Warning: water tag closure residual 2.9536277649828757e-5 exceeds the configured tolerance 1.0e-10 at t = 555.0 s. The tags no longer account for the field they partition; see output/a1_dt2p5/output_0000/water_tag_closure.csv.
└ @ ClimaAtmos ~/git/ClimaAtmosResiDyn.jl/src/parameterized_tendencies/tagged_tracers/tagged_tracers.jl:590
┌ Warning: water tag closure residual 2.953480572629403e-5 exceeds the configured tolerance 1.0e-10 at t = 557.5 s. The tags no longer account for the field they partition; see output/a1_dt2p5/output_0000/water_tag_closure.csv.
└ @ ClimaAtmos ~/git/ClimaAtmosResiDyn.jl/src/parameterized_tendencies/tagged_tracers/tagged_tracers.jl:590
┌ Warning: water tag closure residual 2.9533329119579307e-5 exceeds the configured tolerance 1.0e-10 at t = 560.0 s. The tags no longer account for the field they partition; see output/a1_dt2p5/output_0000/water_tag_closure.csv.
└ @ ClimaAtmos ~/git/ClimaAtmosResiDyn.jl/src/parameterized_tendencies/tagged_tracers/tagged_tracers.jl:590
┌ Warning: water tag closure residual 2.9531858845012942e-5 exceeds the configured tolerance 1.0e-10 at t = 562.5 s. The tags no longer account for the field they partition; see output/a1_dt2p5/output_0000/water_tag_closure.csv.
└ @ ClimaAtmos ~/git/ClimaAtmosResiDyn.jl/src/parameterized_tendencies/tagged_tracers/tagged_tracers.jl:590
┌ Warning: water tag closure residual 2.9530391038821966e-5 exceeds the configured tolerance 1.0e-10 at t = 565.0 s. The tags no longer account for the field they partition; see output/a1_dt2p5/output_0000/water_tag_closure.csv.
└ @ ClimaAtmos ~/git/ClimaAtmosResiDyn.jl/src/parameterized_tendencies/tagged_tracers/tagged_tracers.jl:590
┌ Warning: water tag closure residual 2.952891727245692e-5 exceeds the configured tolerance 1.0e-10 at t = 567.5 s. The tags no longer account for the field they partition; see output/a1_dt2p5/output_0000/water_tag_closure.csv.
└ @ ClimaAtmos ~/git/ClimaAtmosResiDyn.jl/src/parameterized_tendencies/tagged_tracers/tagged_tracers.jl:590
┌ Warning: water tag closure residual 2.9527442275053813e-5 exceeds the configured tolerance 1.0e-10 at t = 570.0 s. The tags no longer account for the field they partition; see output/a1_dt2p5/output_0000/water_tag_closure.csv.
└ @ ClimaAtmos ~/git/ClimaAtmosResiDyn.jl/src/parameterized_tendencies/tagged_tracers/tagged_tracers.jl:590
┌ Warning: water tag closure residual 2.9525972180729687e-5 exceeds the configured tolerance 1.0e-10 at t = 572.5 s. The tags no longer account for the field they partition; see output/a1_dt2p5/output_0000/water_tag_closure.csv.
└ @ ClimaAtmos ~/git/ClimaAtmosResiDyn.jl/src/parameterized_tendencies/tagged_tracers/tagged_tracers.jl:590
┌ Warning: water tag closure residual 2.952450197196104e-5 exceeds the configured tolerance 1.0e-10 at t = 575.0 s. The tags no longer account for the field they partition; see output/a1_dt2p5/output_0000/water_tag_closure.csv.
└ @ ClimaAtmos ~/git/ClimaAtmosResiDyn.jl/src/parameterized_tendencies/tagged_tracers/tagged_tracers.jl:590
┌ Warning: water tag closure residual 2.952302748030577e-5 exceeds the configured tolerance 1.0e-10 at t = 577.5 s. The tags no longer account for the field they partition; see output/a1_dt2p5/output_0000/water_tag_closure.csv.
└ @ ClimaAtmos ~/git/ClimaAtmosResiDyn.jl/src/parameterized_tendencies/tagged_tracers/tagged_tracers.jl:590
┌ Warning: water tag closure residual 2.9521553616836934e-5 exceeds the configured tolerance 1.0e-10 at t = 580.0 s. The tags no longer account for the field they partition; see output/a1_dt2p5/output_0000/water_tag_closure.csv.
└ @ ClimaAtmos ~/git/ClimaAtmosResiDyn.jl/src/parameterized_tendencies/tagged_tracers/tagged_tracers.jl:590
┌ Warning: water tag closure residual 2.9520082950725443e-5 exceeds the configured tolerance 1.0e-10 at t = 582.5 s. The tags no longer account for the field they partition; see output/a1_dt2p5/output_0000/water_tag_closure.csv.
└ @ ClimaAtmos ~/git/ClimaAtmosResiDyn.jl/src/parameterized_tendencies/tagged_tracers/tagged_tracers.jl:590
┌ Warning: water tag closure residual 2.9518610961268164e-5 exceeds the configured tolerance 1.0e-10 at t = 585.0 s. The tags no longer account for the field they partition; see output/a1_dt2p5/output_0000/water_tag_closure.csv.
└ @ ClimaAtmos ~/git/ClimaAtmosResiDyn.jl/src/parameterized_tendencies/tagged_tracers/tagged_tracers.jl:590
┌ Warning: water tag closure residual 2.951713634433104e-5 exceeds the configured tolerance 1.0e-10 at t = 587.5 s. The tags no longer account for the field they partition; see output/a1_dt2p5/output_0000/water_tag_closure.csv.
└ @ ClimaAtmos ~/git/ClimaAtmosResiDyn.jl/src/parameterized_tendencies/tagged_tracers/tagged_tracers.jl:590
┌ Warning: water tag closure residual 2.95156630787439e-5 exceeds the configured tolerance 1.0e-10 at t = 590.0 s. The tags no longer account for the field they partition; see output/a1_dt2p5/output_0000/water_tag_closure.csv.
└ @ ClimaAtmos ~/git/ClimaAtmosResiDyn.jl/src/parameterized_tendencies/tagged_tracers/tagged_tracers.jl:590
┌ Warning: water tag closure residual 2.9514191531115247e-5 exceeds the configured tolerance 1.0e-10 at t = 592.5 s. The tags no longer account for the field they partition; see output/a1_dt2p5/output_0000/water_tag_closure.csv.
└ @ ClimaAtmos ~/git/ClimaAtmosResiDyn.jl/src/parameterized_tendencies/tagged_tracers/tagged_tracers.jl:590
┌ Warning: water tag closure residual 2.9512718352387026e-5 exceeds the configured tolerance 1.0e-10 at t = 595.0 s. The tags no longer account for the field they partition; see output/a1_dt2p5/output_0000/water_tag_closure.csv.
└ @ ClimaAtmos ~/git/ClimaAtmosResiDyn.jl/src/parameterized_tendencies/tagged_tracers/tagged_tracers.jl:590
┌ Warning: water tag closure residual 2.95112438488332e-5 exceeds the configured tolerance 1.0e-10 at t = 597.5 s. The tags no longer account for the field they partition; see output/a1_dt2p5/output_0000/water_tag_closure.csv.
└ @ ClimaAtmos ~/git/ClimaAtmosResiDyn.jl/src/parameterized_tendencies/tagged_tracers/tagged_tracers.jl:590
┌ Warning: water tag closure residual 2.9509770737610725e-5 exceeds the configured tolerance 1.0e-10 at t = 600.0 s. The tags no longer account for the field they partition; see output/a1_dt2p5/output_0000/water_tag_closure.csv.
└ @ ClimaAtmos ~/git/ClimaAtmosResiDyn.jl/src/parameterized_tendencies/tagged_tracers/tagged_tracers.jl:590
┌ Warning: water tag closure residual 2.9508298282097223e-5 exceeds the configured tolerance 1.0e-10 at t = 602.5 s. The tags no longer account for the field they partition; see output/a1_dt2p5/output_0000/water_tag_closure.csv.
└ @ ClimaAtmos ~/git/ClimaAtmosResiDyn.jl/src/parameterized_tendencies/tagged_tracers/tagged_tracers.jl:590
┌ Warning: water tag closure residual 2.950682437662404e-5 exceeds the configured tolerance 1.0e-10 at t = 605.0 s. The tags no longer account for the field they partition; see output/a1_dt2p5/output_0000/water_tag_closure.csv.
└ @ ClimaAtmos ~/git/ClimaAtmosResiDyn.jl/src/parameterized_tendencies/tagged_tracers/tagged_tracers.jl:590
┌ Warning: water tag closure residual 2.9505350014639667e-5 exceeds the configured tolerance 1.0e-10 at t = 607.5 s. The tags no longer account for the field they partition; see output/a1_dt2p5/output_0000/water_tag_closure.csv.
└ @ ClimaAtmos ~/git/ClimaAtmosResiDyn.jl/src/parameterized_tendencies/tagged_tracers/tagged_tracers.jl:590
┌ Warning: water tag closure residual 2.9503876760797338e-5 exceeds the configured tolerance 1.0e-10 at t = 610.0 s. The tags no longer account for the field they partition; see output/a1_dt2p5/output_0000/water_tag_closure.csv.
└ @ ClimaAtmos ~/git/ClimaAtmosResiDyn.jl/src/parameterized_tendencies/tagged_tracers/tagged_tracers.jl:590
┌ Warning: water tag closure residual 2.9502403518987636e-5 exceeds the configured tolerance 1.0e-10 at t = 612.5 s. The tags no longer account for the field they partition; see output/a1_dt2p5/output_0000/water_tag_closure.csv.
└ @ ClimaAtmos ~/git/ClimaAtmosResiDyn.jl/src/parameterized_tendencies/tagged_tracers/tagged_tracers.jl:590
┌ Warning: water tag closure residual 2.9500929192526574e-5 exceeds the configured tolerance 1.0e-10 at t = 615.0 s. The tags no longer account for the field they partition; see output/a1_dt2p5/output_0000/water_tag_closure.csv.
└ @ ClimaAtmos ~/git/ClimaAtmosResiDyn.jl/src/parameterized_tendencies/tagged_tracers/tagged_tracers.jl:590
┌ Warning: water tag closure residual 2.9499454893973496e-5 exceeds the configured tolerance 1.0e-10 at t = 617.5 s. The tags no longer account for the field they partition; see output/a1_dt2p5/output_0000/water_tag_closure.csv.
└ @ ClimaAtmos ~/git/ClimaAtmosResiDyn.jl/src/parameterized_tendencies/tagged_tracers/tagged_tracers.jl:590
┌ Warning: water tag closure residual 2.9497981333773254e-5 exceeds the configured tolerance 1.0e-10 at t = 620.0 s. The tags no longer account for the field they partition; see output/a1_dt2p5/output_0000/water_tag_closure.csv.
└ @ ClimaAtmos ~/git/ClimaAtmosResiDyn.jl/src/parameterized_tendencies/tagged_tracers/tagged_tracers.jl:590
┌ Warning: water tag closure residual 2.9496507477315138e-5 exceeds the configured tolerance 1.0e-10 at t = 622.5 s. The tags no longer account for the field they partition; see output/a1_dt2p5/output_0000/water_tag_closure.csv.
└ @ ClimaAtmos ~/git/ClimaAtmosResiDyn.jl/src/parameterized_tendencies/tagged_tracers/tagged_tracers.jl:590
┌ Warning: water tag closure residual 2.9495032927412825e-5 exceeds the configured tolerance 1.0e-10 at t = 625.0 s. The tags no longer account for the field they partition; see output/a1_dt2p5/output_0000/water_tag_closure.csv.
└ @ ClimaAtmos ~/git/ClimaAtmosResiDyn.jl/src/parameterized_tendencies/tagged_tracers/tagged_tracers.jl:590
┌ Warning: water tag closure residual 2.9493558614019727e-5 exceeds the configured tolerance 1.0e-10 at t = 627.5 s. The tags no longer account for the field they partition; see output/a1_dt2p5/output_0000/water_tag_closure.csv.
└ @ ClimaAtmos ~/git/ClimaAtmosResiDyn.jl/src/parameterized_tendencies/tagged_tracers/tagged_tracers.jl:590
┌ Warning: water tag closure residual 2.9492084701937574e-5 exceeds the configured tolerance 1.0e-10 at t = 630.0 s. The tags no longer account for the field they partition; see output/a1_dt2p5/output_0000/water_tag_closure.csv.
└ @ ClimaAtmos ~/git/ClimaAtmosResiDyn.jl/src/parameterized_tendencies/tagged_tracers/tagged_tracers.jl:590
┌ Warning: water tag closure residual 2.9490610399993074e-5 exceeds the configured tolerance 1.0e-10 at t = 632.5 s. The tags no longer account for the field they partition; see output/a1_dt2p5/output_0000/water_tag_closure.csv.
└ @ ClimaAtmos ~/git/ClimaAtmosResiDyn.jl/src/parameterized_tendencies/tagged_tracers/tagged_tracers.jl:590
┌ Warning: water tag closure residual 2.9489135719643184e-5 exceeds the configured tolerance 1.0e-10 at t = 635.0 s. The tags no longer account for the field they partition; see output/a1_dt2p5/output_0000/water_tag_closure.csv.
└ @ ClimaAtmos ~/git/ClimaAtmosResiDyn.jl/src/parameterized_tendencies/tagged_tracers/tagged_tracers.jl:590
┌ Warning: water tag closure residual 2.9487661315497078e-5 exceeds the configured tolerance 1.0e-10 at t = 637.5 s. The tags no longer account for the field they partition; see output/a1_dt2p5/output_0000/water_tag_closure.csv.
└ @ ClimaAtmos ~/git/ClimaAtmosResiDyn.jl/src/parameterized_tendencies/tagged_tracers/tagged_tracers.jl:590
┌ Warning: water tag closure residual 2.948618706538316e-5 exceeds the configured tolerance 1.0e-10 at t = 640.0 s. The tags no longer account for the field they partition; see output/a1_dt2p5/output_0000/water_tag_closure.csv.
└ @ ClimaAtmos ~/git/ClimaAtmosResiDyn.jl/src/parameterized_tendencies/tagged_tracers/tagged_tracers.jl:590
┌ Info: Progress
│   simulation_time = "10 minutes, 40 seconds"
│   n_steps_completed = 256
│   wall_time_per_step = "7 milliseconds, 312 microseconds"
│   wall_time_total = "10 seconds, 530 milliseconds"
│   wall_time_remaining = "8 seconds, 658 milliseconds"
│   wall_time_spent = "1 second, 872 milliseconds"
│   percent_complete = "17.8%"
│   estimated_sypd = "0.936"
│   instantaneous_sypd = "2.222"
│   date_now = 2026-09-10T00:20:14.399
└   estimated_finish_date = 2026-09-10T00:20:23.399
┌ Warning: water tag closure residual 2.948471245713408e-5 exceeds the configured tolerance 1.0e-10 at t = 642.5 s. The tags no longer account for the field they partition; see output/a1_dt2p5/output_0000/water_tag_closure.csv.
└ @ ClimaAtmos ~/git/ClimaAtmosResiDyn.jl/src/parameterized_tendencies/tagged_tracers/tagged_tracers.jl:590
┌ Warning: water tag closure residual 2.948323768850171e-5 exceeds the configured tolerance 1.0e-10 at t = 645.0 s. The tags no longer account for the field they partition; see output/a1_dt2p5/output_0000/water_tag_closure.csv.
└ @ ClimaAtmos ~/git/ClimaAtmosResiDyn.jl/src/parameterized_tendencies/tagged_tracers/tagged_tracers.jl:590
┌ Warning: water tag closure residual 2.9481763150260868e-5 exceeds the configured tolerance 1.0e-10 at t = 647.5 s. The tags no longer account for the field they partition; see output/a1_dt2p5/output_0000/water_tag_closure.csv.
└ @ ClimaAtmos ~/git/ClimaAtmosResiDyn.jl/src/parameterized_tendencies/tagged_tracers/tagged_tracers.jl:590
┌ Warning: water tag closure residual 2.9480288614405686e-5 exceeds the configured tolerance 1.0e-10 at t = 650.0 s. The tags no longer account for the field they partition; see output/a1_dt2p5/output_0000/water_tag_closure.csv.
└ @ ClimaAtmos ~/git/ClimaAtmosResiDyn.jl/src/parameterized_tendencies/tagged_tracers/tagged_tracers.jl:590
┌ Warning: water tag closure residual 2.947881380523053e-5 exceeds the configured tolerance 1.0e-10 at t = 652.5 s. The tags no longer account for the field they partition; see output/a1_dt2p5/output_0000/water_tag_closure.csv.
└ @ ClimaAtmos ~/git/ClimaAtmosResiDyn.jl/src/parameterized_tendencies/tagged_tracers/tagged_tracers.jl:590
┌ Warning: water tag closure residual 2.9477338965012413e-5 exceeds the configured tolerance 1.0e-10 at t = 655.0 s. The tags no longer account for the field they partition; see output/a1_dt2p5/output_0000/water_tag_closure.csv.
└ @ ClimaAtmos ~/git/ClimaAtmosResiDyn.jl/src/parameterized_tendencies/tagged_tracers/tagged_tracers.jl:590
┌ Warning: water tag closure residual 2.9475864282251834e-5 exceeds the configured tolerance 1.0e-10 at t = 657.5 s. The tags no longer account for the field they partition; see output/a1_dt2p5/output_0000/water_tag_closure.csv.
└ @ ClimaAtmos ~/git/ClimaAtmosResiDyn.jl/src/parameterized_tendencies/tagged_tracers/tagged_tracers.jl:590
┌ Warning: water tag closure residual 2.9474389528566242e-5 exceeds the configured tolerance 1.0e-10 at t = 660.0 s. The tags no longer account for the field they partition; see output/a1_dt2p5/output_0000/water_tag_closure.csv.
└ @ ClimaAtmos ~/git/ClimaAtmosResiDyn.jl/src/parameterized_tendencies/tagged_tracers/tagged_tracers.jl:590
┌ Warning: water tag closure residual 2.9472914595138873e-5 exceeds the configured tolerance 1.0e-10 at t = 662.5 s. The tags no longer account for the field they partition; see output/a1_dt2p5/output_0000/water_tag_closure.csv.
└ @ ClimaAtmos ~/git/ClimaAtmosResiDyn.jl/src/parameterized_tendencies/tagged_tracers/tagged_tracers.jl:590
┌ Warning: water tag closure residual 2.947143969424333e-5 exceeds the configured tolerance 1.0e-10 at t = 665.0 s. The tags no longer account for the field they partition; see output/a1_dt2p5/output_0000/water_tag_closure.csv.
└ @ ClimaAtmos ~/git/ClimaAtmosResiDyn.jl/src/parameterized_tendencies/tagged_tracers/tagged_tracers.jl:590
┌ Warning: water tag closure residual 2.946996488206684e-5 exceeds the configured tolerance 1.0e-10 at t = 667.5 s. The tags no longer account for the field they partition; see output/a1_dt2p5/output_0000/water_tag_closure.csv.
└ @ ClimaAtmos ~/git/ClimaAtmosResiDyn.jl/src/parameterized_tendencies/tagged_tracers/tagged_tracers.jl:590
┌ Warning: water tag closure residual 2.9468489979435273e-5 exceeds the configured tolerance 1.0e-10 at t = 670.0 s. The tags no longer account for the field they partition; see output/a1_dt2p5/output_0000/water_tag_closure.csv.
└ @ ClimaAtmos ~/git/ClimaAtmosResiDyn.jl/src/parameterized_tendencies/tagged_tracers/tagged_tracers.jl:590
┌ Warning: water tag closure residual 2.9467014977054283e-5 exceeds the configured tolerance 1.0e-10 at t = 672.5 s. The tags no longer account for the field they partition; see output/a1_dt2p5/output_0000/water_tag_closure.csv.
└ @ ClimaAtmos ~/git/ClimaAtmosResiDyn.jl/src/parameterized_tendencies/tagged_tracers/tagged_tracers.jl:590
┌ Warning: water tag closure residual 2.946554002936447e-5 exceeds the configured tolerance 1.0e-10 at t = 675.0 s. The tags no longer account for the field they partition; see output/a1_dt2p5/output_0000/water_tag_closure.csv.
└ @ ClimaAtmos ~/git/ClimaAtmosResiDyn.jl/src/parameterized_tendencies/tagged_tracers/tagged_tracers.jl:590
┌ Warning: water tag closure residual 2.9464065121086923e-5 exceeds the configured tolerance 1.0e-10 at t = 677.5 s. The tags no longer account for the field they partition; see output/a1_dt2p5/output_0000/water_tag_closure.csv.
└ @ ClimaAtmos ~/git/ClimaAtmosResiDyn.jl/src/parameterized_tendencies/tagged_tracers/tagged_tracers.jl:590
┌ Warning: water tag closure residual 2.9462590133210616e-5 exceeds the configured tolerance 1.0e-10 at t = 680.0 s. The tags no longer account for the field they partition; see output/a1_dt2p5/output_0000/water_tag_closure.csv.
└ @ ClimaAtmos ~/git/ClimaAtmosResiDyn.jl/src/parameterized_tendencies/tagged_tracers/tagged_tracers.jl:590
┌ Warning: water tag closure residual 2.9461115104860808e-5 exceeds the configured tolerance 1.0e-10 at t = 682.5 s. The tags no longer account for the field they partition; see output/a1_dt2p5/output_0000/water_tag_closure.csv.
└ @ ClimaAtmos ~/git/ClimaAtmosResiDyn.jl/src/parameterized_tendencies/tagged_tracers/tagged_tracers.jl:590
┌ Warning: water tag closure residual 2.9459640131844952e-5 exceeds the configured tolerance 1.0e-10 at t = 685.0 s. The tags no longer account for the field they partition; see output/a1_dt2p5/output_0000/water_tag_closure.csv.
└ @ ClimaAtmos ~/git/ClimaAtmosResiDyn.jl/src/parameterized_tendencies/tagged_tracers/tagged_tracers.jl:590
┌ Warning: water tag closure residual 2.9458165169986102e-5 exceeds the configured tolerance 1.0e-10 at t = 687.5 s. The tags no longer account for the field they partition; see output/a1_dt2p5/output_0000/water_tag_closure.csv.
└ @ ClimaAtmos ~/git/ClimaAtmosResiDyn.jl/src/parameterized_tendencies/tagged_tracers/tagged_tracers.jl:590
┌ Warning: water tag closure residual 2.9456690153601403e-5 exceeds the configured tolerance 1.0e-10 at t = 690.0 s. The tags no longer account for the field they partition; see output/a1_dt2p5/output_0000/water_tag_closure.csv.
└ @ ClimaAtmos ~/git/ClimaAtmosResiDyn.jl/src/parameterized_tendencies/tagged_tracers/tagged_tracers.jl:590
┌ Warning: water tag closure residual 2.9455215135958654e-5 exceeds the configured tolerance 1.0e-10 at t = 692.5 s. The tags no longer account for the field they partition; see output/a1_dt2p5/output_0000/water_tag_closure.csv.
└ @ ClimaAtmos ~/git/ClimaAtmosResiDyn.jl/src/parameterized_tendencies/tagged_tracers/tagged_tracers.jl:590
┌ Warning: water tag closure residual 2.9453740166588763e-5 exceeds the configured tolerance 1.0e-10 at t = 695.0 s. The tags no longer account for the field they partition; see output/a1_dt2p5/output_0000/water_tag_closure.csv.
└ @ ClimaAtmos ~/git/ClimaAtmosResiDyn.jl/src/parameterized_tendencies/tagged_tracers/tagged_tracers.jl:590
┌ Warning: water tag closure residual 2.94522651980432e-5 exceeds the configured tolerance 1.0e-10 at t = 697.5 s. The tags no longer account for the field they partition; see output/a1_dt2p5/output_0000/water_tag_closure.csv.
└ @ ClimaAtmos ~/git/ClimaAtmosResiDyn.jl/src/parameterized_tendencies/tagged_tracers/tagged_tracers.jl:590
┌ Warning: water tag closure residual 2.9450790203501917e-5 exceeds the configured tolerance 1.0e-10 at t = 700.0 s. The tags no longer account for the field they partition; see output/a1_dt2p5/output_0000/water_tag_closure.csv.
└ @ ClimaAtmos ~/git/ClimaAtmosResiDyn.jl/src/parameterized_tendencies/tagged_tracers/tagged_tracers.jl:590
┌ Warning: water tag closure residual 2.9449315231806623e-5 exceeds the configured tolerance 1.0e-10 at t = 702.5 s. The tags no longer account for the field they partition; see output/a1_dt2p5/output_0000/water_tag_closure.csv.
└ @ ClimaAtmos ~/git/ClimaAtmosResiDyn.jl/src/parameterized_tendencies/tagged_tracers/tagged_tracers.jl:590
┌ Warning: water tag closure residual 2.944784030140014e-5 exceeds the configured tolerance 1.0e-10 at t = 705.0 s. The tags no longer account for the field they partition; see output/a1_dt2p5/output_0000/water_tag_closure.csv.
└ @ ClimaAtmos ~/git/ClimaAtmosResiDyn.jl/src/parameterized_tendencies/tagged_tracers/tagged_tracers.jl:590
┌ Warning: water tag closure residual 2.944636537412615e-5 exceeds the configured tolerance 1.0e-10 at t = 707.5 s. The tags no longer account for the field they partition; see output/a1_dt2p5/output_0000/water_tag_closure.csv.
└ @ ClimaAtmos ~/git/ClimaAtmosResiDyn.jl/src/parameterized_tendencies/tagged_tracers/tagged_tracers.jl:590
┌ Warning: water tag closure residual 2.9444890446975555e-5 exceeds the configured tolerance 1.0e-10 at t = 710.0 s. The tags no longer account for the field they partition; see output/a1_dt2p5/output_0000/water_tag_closure.csv.
└ @ ClimaAtmos ~/git/ClimaAtmosResiDyn.jl/src/parameterized_tendencies/tagged_tracers/tagged_tracers.jl:590
┌ Warning: water tag closure residual 2.9443415556958177e-5 exceeds the configured tolerance 1.0e-10 at t = 712.5 s. The tags no longer account for the field they partition; see output/a1_dt2p5/output_0000/water_tag_closure.csv.
└ @ ClimaAtmos ~/git/ClimaAtmosResiDyn.jl/src/parameterized_tendencies/tagged_tracers/tagged_tracers.jl:590
┌ Warning: water tag closure residual 2.944194056281041e-5 exceeds the configured tolerance 1.0e-10 at t = 715.0 s. The tags no longer account for the field they partition; see output/a1_dt2p5/output_0000/water_tag_closure.csv.
└ @ ClimaAtmos ~/git/ClimaAtmosResiDyn.jl/src/parameterized_tendencies/tagged_tracers/tagged_tracers.jl:590
┌ Warning: water tag closure residual 2.9440465506927973e-5 exceeds the configured tolerance 1.0e-10 at t = 717.5 s. The tags no longer account for the field they partition; see output/a1_dt2p5/output_0000/water_tag_closure.csv.
└ @ ClimaAtmos ~/git/ClimaAtmosResiDyn.jl/src/parameterized_tendencies/tagged_tracers/tagged_tracers.jl:590
┌ Warning: water tag closure residual 2.943899052579409e-5 exceeds the configured tolerance 1.0e-10 at t = 720.0 s. The tags no longer account for the field they partition; see output/a1_dt2p5/output_0000/water_tag_closure.csv.
└ @ ClimaAtmos ~/git/ClimaAtmosResiDyn.jl/src/parameterized_tendencies/tagged_tracers/tagged_tracers.jl:590
┌ Warning: water tag closure residual 2.943751565270333e-5 exceeds the configured tolerance 1.0e-10 at t = 722.5 s. The tags no longer account for the field they partition; see output/a1_dt2p5/output_0000/water_tag_closure.csv.
└ @ ClimaAtmos ~/git/ClimaAtmosResiDyn.jl/src/parameterized_tendencies/tagged_tracers/tagged_tracers.jl:590
┌ Warning: water tag closure residual 2.943604074772991e-5 exceeds the configured tolerance 1.0e-10 at t = 725.0 s. The tags no longer account for the field they partition; see output/a1_dt2p5/output_0000/water_tag_closure.csv.
└ @ ClimaAtmos ~/git/ClimaAtmosResiDyn.jl/src/parameterized_tendencies/tagged_tracers/tagged_tracers.jl:590
┌ Warning: water tag closure residual 2.9434565802658523e-5 exceeds the configured tolerance 1.0e-10 at t = 727.5 s. The tags no longer account for the field they partition; see output/a1_dt2p5/output_0000/water_tag_closure.csv.
└ @ ClimaAtmos ~/git/ClimaAtmosResiDyn.jl/src/parameterized_tendencies/tagged_tracers/tagged_tracers.jl:590
┌ Warning: water tag closure residual 2.943309092864324e-5 exceeds the configured tolerance 1.0e-10 at t = 730.0 s. The tags no longer account for the field they partition; see output/a1_dt2p5/output_0000/water_tag_closure.csv.
└ @ ClimaAtmos ~/git/ClimaAtmosResiDyn.jl/src/parameterized_tendencies/tagged_tracers/tagged_tracers.jl:590
┌ Warning: water tag closure residual 2.9431616102872218e-5 exceeds the configured tolerance 1.0e-10 at t = 732.5 s. The tags no longer account for the field they partition; see output/a1_dt2p5/output_0000/water_tag_closure.csv.
└ @ ClimaAtmos ~/git/ClimaAtmosResiDyn.jl/src/parameterized_tendencies/tagged_tracers/tagged_tracers.jl:590
┌ Warning: water tag closure residual 2.943014123235365e-5 exceeds the configured tolerance 1.0e-10 at t = 735.0 s. The tags no longer account for the field they partition; see output/a1_dt2p5/output_0000/water_tag_closure.csv.
└ @ ClimaAtmos ~/git/ClimaAtmosResiDyn.jl/src/parameterized_tendencies/tagged_tracers/tagged_tracers.jl:590
┌ Warning: water tag closure residual 2.9428666344950002e-5 exceeds the configured tolerance 1.0e-10 at t = 737.5 s. The tags no longer account for the field they partition; see output/a1_dt2p5/output_0000/water_tag_closure.csv.
└ @ ClimaAtmos ~/git/ClimaAtmosResiDyn.jl/src/parameterized_tendencies/tagged_tracers/tagged_tracers.jl:590
┌ Warning: water tag closure residual 2.9427191504263332e-5 exceeds the configured tolerance 1.0e-10 at t = 740.0 s. The tags no longer account for the field they partition; see output/a1_dt2p5/output_0000/water_tag_closure.csv.
└ @ ClimaAtmos ~/git/ClimaAtmosResiDyn.jl/src/parameterized_tendencies/tagged_tracers/tagged_tracers.jl:590
┌ Warning: water tag closure residual 2.9425716669626544e-5 exceeds the configured tolerance 1.0e-10 at t = 742.5 s. The tags no longer account for the field they partition; see output/a1_dt2p5/output_0000/water_tag_closure.csv.
└ @ ClimaAtmos ~/git/ClimaAtmosResiDyn.jl/src/parameterized_tendencies/tagged_tracers/tagged_tracers.jl:590
┌ Warning: water tag closure residual 2.942424178837128e-5 exceeds the configured tolerance 1.0e-10 at t = 745.0 s. The tags no longer account for the field they partition; see output/a1_dt2p5/output_0000/water_tag_closure.csv.
└ @ ClimaAtmos ~/git/ClimaAtmosResiDyn.jl/src/parameterized_tendencies/tagged_tracers/tagged_tracers.jl:590
┌ Warning: water tag closure residual 2.9422766896890373e-5 exceeds the configured tolerance 1.0e-10 at t = 747.5 s. The tags no longer account for the field they partition; see output/a1_dt2p5/output_0000/water_tag_closure.csv.
└ @ ClimaAtmos ~/git/ClimaAtmosResiDyn.jl/src/parameterized_tendencies/tagged_tracers/tagged_tracers.jl:590
┌ Warning: water tag closure residual 2.942129202422649e-5 exceeds the configured tolerance 1.0e-10 at t = 750.0 s. The tags no longer account for the field they partition; see output/a1_dt2p5/output_0000/water_tag_closure.csv.
└ @ ClimaAtmos ~/git/ClimaAtmosResiDyn.jl/src/parameterized_tendencies/tagged_tracers/tagged_tracers.jl:590
┌ Warning: water tag closure residual 2.941981712875346e-5 exceeds the configured tolerance 1.0e-10 at t = 752.5 s. The tags no longer account for the field they partition; see output/a1_dt2p5/output_0000/water_tag_closure.csv.
└ @ ClimaAtmos ~/git/ClimaAtmosResiDyn.jl/src/parameterized_tendencies/tagged_tracers/tagged_tracers.jl:590
┌ Warning: water tag closure residual 2.941834218707347e-5 exceeds the configured tolerance 1.0e-10 at t = 755.0 s. The tags no longer account for the field they partition; see output/a1_dt2p5/output_0000/water_tag_closure.csv.
└ @ ClimaAtmos ~/git/ClimaAtmosResiDyn.jl/src/parameterized_tendencies/tagged_tracers/tagged_tracers.jl:590
┌ Warning: water tag closure residual 2.9416867230444555e-5 exceeds the configured tolerance 1.0e-10 at t = 757.5 s. The tags no longer account for the field they partition; see output/a1_dt2p5/output_0000/water_tag_closure.csv.
└ @ ClimaAtmos ~/git/ClimaAtmosResiDyn.jl/src/parameterized_tendencies/tagged_tracers/tagged_tracers.jl:590
┌ Warning: water tag closure residual 2.9415392265801654e-5 exceeds the configured tolerance 1.0e-10 at t = 760.0 s. The tags no longer account for the field they partition; see output/a1_dt2p5/output_0000/water_tag_closure.csv.
└ @ ClimaAtmos ~/git/ClimaAtmosResiDyn.jl/src/parameterized_tendencies/tagged_tracers/tagged_tracers.jl:590
┌ Warning: water tag closure residual 2.9413917259161087e-5 exceeds the configured tolerance 1.0e-10 at t = 762.5 s. The tags no longer account for the field they partition; see output/a1_dt2p5/output_0000/water_tag_closure.csv.
└ @ ClimaAtmos ~/git/ClimaAtmosResiDyn.jl/src/parameterized_tendencies/tagged_tracers/tagged_tracers.jl:590
┌ Warning: water tag closure residual 2.941244220437604e-5 exceeds the configured tolerance 1.0e-10 at t = 765.0 s. The tags no longer account for the field they partition; see output/a1_dt2p5/output_0000/water_tag_closure.csv.
└ @ ClimaAtmos ~/git/ClimaAtmosResiDyn.jl/src/parameterized_tendencies/tagged_tracers/tagged_tracers.jl:590
┌ Warning: water tag closure residual 2.9410967123355387e-5 exceeds the configured tolerance 1.0e-10 at t = 767.5 s. The tags no longer account for the field they partition; see output/a1_dt2p5/output_0000/water_tag_closure.csv.
└ @ ClimaAtmos ~/git/ClimaAtmosResiDyn.jl/src/parameterized_tendencies/tagged_tracers/tagged_tracers.jl:590
┌ Warning: water tag closure residual 2.9409492010701575e-5 exceeds the configured tolerance 1.0e-10 at t = 770.0 s. The tags no longer account for the field they partition; see output/a1_dt2p5/output_0000/water_tag_closure.csv.
└ @ ClimaAtmos ~/git/ClimaAtmosResiDyn.jl/src/parameterized_tendencies/tagged_tracers/tagged_tracers.jl:590
┌ Warning: water tag closure residual 2.9408016842519746e-5 exceeds the configured tolerance 1.0e-10 at t = 772.5 s. The tags no longer account for the field they partition; see output/a1_dt2p5/output_0000/water_tag_closure.csv.
└ @ ClimaAtmos ~/git/ClimaAtmosResiDyn.jl/src/parameterized_tendencies/tagged_tracers/tagged_tracers.jl:590
┌ Warning: water tag closure residual 2.9406541621004207e-5 exceeds the configured tolerance 1.0e-10 at t = 775.0 s. The tags no longer account for the field they partition; see output/a1_dt2p5/output_0000/water_tag_closure.csv.
└ @ ClimaAtmos ~/git/ClimaAtmosResiDyn.jl/src/parameterized_tendencies/tagged_tracers/tagged_tracers.jl:590
┌ Warning: water tag closure residual 2.9405066358649136e-5 exceeds the configured tolerance 1.0e-10 at t = 777.5 s. The tags no longer account for the field they partition; see output/a1_dt2p5/output_0000/water_tag_closure.csv.
└ @ ClimaAtmos ~/git/ClimaAtmosResiDyn.jl/src/parameterized_tendencies/tagged_tracers/tagged_tracers.jl:590
┌ Warning: water tag closure residual 2.9403591044920207e-5 exceeds the configured tolerance 1.0e-10 at t = 780.0 s. The tags no longer account for the field they partition; see output/a1_dt2p5/output_0000/water_tag_closure.csv.
└ @ ClimaAtmos ~/git/ClimaAtmosResiDyn.jl/src/parameterized_tendencies/tagged_tracers/tagged_tracers.jl:590
┌ Warning: water tag closure residual 2.940211566490365e-5 exceeds the configured tolerance 1.0e-10 at t = 782.5 s. The tags no longer account for the field they partition; see output/a1_dt2p5/output_0000/water_tag_closure.csv.
└ @ ClimaAtmos ~/git/ClimaAtmosResiDyn.jl/src/parameterized_tendencies/tagged_tracers/tagged_tracers.jl:590
┌ Warning: water tag closure residual 2.940064022348537e-5 exceeds the configured tolerance 1.0e-10 at t = 785.0 s. The tags no longer account for the field they partition; see output/a1_dt2p5/output_0000/water_tag_closure.csv.
└ @ ClimaAtmos ~/git/ClimaAtmosResiDyn.jl/src/parameterized_tendencies/tagged_tracers/tagged_tracers.jl:590
┌ Warning: water tag closure residual 2.939916472537305e-5 exceeds the configured tolerance 1.0e-10 at t = 787.5 s. The tags no longer account for the field they partition; see output/a1_dt2p5/output_0000/water_tag_closure.csv.
└ @ ClimaAtmos ~/git/ClimaAtmosResiDyn.jl/src/parameterized_tendencies/tagged_tracers/tagged_tracers.jl:590
┌ Warning: water tag closure residual 2.9397689159376965e-5 exceeds the configured tolerance 1.0e-10 at t = 790.0 s. The tags no longer account for the field they partition; see output/a1_dt2p5/output_0000/water_tag_closure.csv.
└ @ ClimaAtmos ~/git/ClimaAtmosResiDyn.jl/src/parameterized_tendencies/tagged_tracers/tagged_tracers.jl:590
┌ Warning: water tag closure residual 2.939621351716042e-5 exceeds the configured tolerance 1.0e-10 at t = 792.5 s. The tags no longer account for the field they partition; see output/a1_dt2p5/output_0000/water_tag_closure.csv.
└ @ ClimaAtmos ~/git/ClimaAtmosResiDyn.jl/src/parameterized_tendencies/tagged_tracers/tagged_tracers.jl:590
┌ Warning: water tag closure residual 2.9394737803147838e-5 exceeds the configured tolerance 1.0e-10 at t = 795.0 s. The tags no longer account for the field they partition; see output/a1_dt2p5/output_0000/water_tag_closure.csv.
└ @ ClimaAtmos ~/git/ClimaAtmosResiDyn.jl/src/parameterized_tendencies/tagged_tracers/tagged_tracers.jl:590
┌ Warning: water tag closure residual 2.939326201682471e-5 exceeds the configured tolerance 1.0e-10 at t = 797.5 s. The tags no longer account for the field they partition; see output/a1_dt2p5/output_0000/water_tag_closure.csv.
└ @ ClimaAtmos ~/git/ClimaAtmosResiDyn.jl/src/parameterized_tendencies/tagged_tracers/tagged_tracers.jl:590
┌ Warning: water tag closure residual 2.9391786148640584e-5 exceeds the configured tolerance 1.0e-10 at t = 800.0 s. The tags no longer account for the field they partition; see output/a1_dt2p5/output_0000/water_tag_closure.csv.
└ @ ClimaAtmos ~/git/ClimaAtmosResiDyn.jl/src/parameterized_tendencies/tagged_tracers/tagged_tracers.jl:590
┌ Warning: water tag closure residual 2.9390310194201666e-5 exceeds the configured tolerance 1.0e-10 at t = 802.5 s. The tags no longer account for the field they partition; see output/a1_dt2p5/output_0000/water_tag_closure.csv.
└ @ ClimaAtmos ~/git/ClimaAtmosResiDyn.jl/src/parameterized_tendencies/tagged_tracers/tagged_tracers.jl:590
┌ Warning: water tag closure residual 2.9388834155999364e-5 exceeds the configured tolerance 1.0e-10 at t = 805.0 s. The tags no longer account for the field they partition; see output/a1_dt2p5/output_0000/water_tag_closure.csv.
└ @ ClimaAtmos ~/git/ClimaAtmosResiDyn.jl/src/parameterized_tendencies/tagged_tracers/tagged_tracers.jl:590
┌ Warning: water tag closure residual 2.938736206185315e-5 exceeds the configured tolerance 1.0e-10 at t = 807.5 s. The tags no longer account for the field they partition; see output/a1_dt2p5/output_0000/water_tag_closure.csv.
└ @ ClimaAtmos ~/git/ClimaAtmosResiDyn.jl/src/parameterized_tendencies/tagged_tracers/tagged_tracers.jl:590
┌ Warning: water tag closure residual 2.9385894837981526e-5 exceeds the configured tolerance 1.0e-10 at t = 810.0 s. The tags no longer account for the field they partition; see output/a1_dt2p5/output_0000/water_tag_closure.csv.
└ @ ClimaAtmos ~/git/ClimaAtmosResiDyn.jl/src/parameterized_tendencies/tagged_tracers/tagged_tracers.jl:590
┌ Warning: water tag closure residual 2.9384425738572297e-5 exceeds the configured tolerance 1.0e-10 at t = 812.5 s. The tags no longer account for the field they partition; see output/a1_dt2p5/output_0000/water_tag_closure.csv.
└ @ ClimaAtmos ~/git/ClimaAtmosResiDyn.jl/src/parameterized_tendencies/tagged_tracers/tagged_tracers.jl:590
┌ Warning: water tag closure residual 2.9382952710594207e-5 exceeds the configured tolerance 1.0e-10 at t = 815.0 s. The tags no longer account for the field they partition; see output/a1_dt2p5/output_0000/water_tag_closure.csv.
└ @ ClimaAtmos ~/git/ClimaAtmosResiDyn.jl/src/parameterized_tendencies/tagged_tracers/tagged_tracers.jl:590
┌ Warning: water tag closure residual 2.938148180017707e-5 exceeds the configured tolerance 1.0e-10 at t = 817.5 s. The tags no longer account for the field they partition; see output/a1_dt2p5/output_0000/water_tag_closure.csv.
└ @ ClimaAtmos ~/git/ClimaAtmosResiDyn.jl/src/parameterized_tendencies/tagged_tracers/tagged_tracers.jl:590
┌ Warning: water tag closure residual 2.9380013593020203e-5 exceeds the configured tolerance 1.0e-10 at t = 820.0 s. The tags no longer account for the field they partition; see output/a1_dt2p5/output_0000/water_tag_closure.csv.
└ @ ClimaAtmos ~/git/ClimaAtmosResiDyn.jl/src/parameterized_tendencies/tagged_tracers/tagged_tracers.jl:590
┌ Warning: water tag closure residual 2.9378543002779604e-5 exceeds the configured tolerance 1.0e-10 at t = 822.5 s. The tags no longer account for the field they partition; see output/a1_dt2p5/output_0000/water_tag_closure.csv.
└ @ ClimaAtmos ~/git/ClimaAtmosResiDyn.jl/src/parameterized_tendencies/tagged_tracers/tagged_tracers.jl:590
┌ Info: Progress
│   simulation_time = "13 minutes, 42 seconds"
│   n_steps_completed = 329
│   wall_time_per_step = "6 milliseconds, 364 microseconds"
│   wall_time_total = "9 seconds, 165 milliseconds"
│   wall_time_remaining = "7 seconds, 71 milliseconds"
│   wall_time_spent = "2 seconds, 94 milliseconds"
│   percent_complete = "22.8%"
│   estimated_sypd = "1.075"
│   instantaneous_sypd = "2.252"
│   date_now = 2026-09-10T00:20:14.621
└   estimated_finish_date = 2026-09-10T00:20:22.621
┌ Warning: water tag closure residual 2.937707046647379e-5 exceeds the configured tolerance 1.0e-10 at t = 825.0 s. The tags no longer account for the field they partition; see output/a1_dt2p5/output_0000/water_tag_closure.csv.
└ @ ClimaAtmos ~/git/ClimaAtmosResiDyn.jl/src/parameterized_tendencies/tagged_tracers/tagged_tracers.jl:590
┌ Warning: water tag closure residual 2.9375600057640786e-5 exceeds the configured tolerance 1.0e-10 at t = 827.5 s. The tags no longer account for the field they partition; see output/a1_dt2p5/output_0000/water_tag_closure.csv.
└ @ ClimaAtmos ~/git/ClimaAtmosResiDyn.jl/src/parameterized_tendencies/tagged_tracers/tagged_tracers.jl:590
┌ Warning: water tag closure residual 2.9374130683641538e-5 exceeds the configured tolerance 1.0e-10 at t = 830.0 s. The tags no longer account for the field they partition; see output/a1_dt2p5/output_0000/water_tag_closure.csv.
└ @ ClimaAtmos ~/git/ClimaAtmosResiDyn.jl/src/parameterized_tendencies/tagged_tracers/tagged_tracers.jl:590
┌ Warning: water tag closure residual 2.937265921612773e-5 exceeds the configured tolerance 1.0e-10 at t = 832.5 s. The tags no longer account for the field they partition; see output/a1_dt2p5/output_0000/water_tag_closure.csv.
└ @ ClimaAtmos ~/git/ClimaAtmosResiDyn.jl/src/parameterized_tendencies/tagged_tracers/tagged_tracers.jl:590
┌ Warning: water tag closure residual 2.9371187092535065e-5 exceeds the configured tolerance 1.0e-10 at t = 835.0 s. The tags no longer account for the field they partition; see output/a1_dt2p5/output_0000/water_tag_closure.csv.
└ @ ClimaAtmos ~/git/ClimaAtmosResiDyn.jl/src/parameterized_tendencies/tagged_tracers/tagged_tracers.jl:590
┌ Warning: water tag closure residual 2.9369716574705348e-5 exceeds the configured tolerance 1.0e-10 at t = 837.5 s. The tags no longer account for the field they partition; see output/a1_dt2p5/output_0000/water_tag_closure.csv.
└ @ ClimaAtmos ~/git/ClimaAtmosResiDyn.jl/src/parameterized_tendencies/tagged_tracers/tagged_tracers.jl:590
┌ Warning: water tag closure residual 2.936824609075635e-5 exceeds the configured tolerance 1.0e-10 at t = 840.0 s. The tags no longer account for the field they partition; see output/a1_dt2p5/output_0000/water_tag_closure.csv.
└ @ ClimaAtmos ~/git/ClimaAtmosResiDyn.jl/src/parameterized_tendencies/tagged_tracers/tagged_tracers.jl:590
┌ Warning: water tag closure residual 2.9366774067955932e-5 exceeds the configured tolerance 1.0e-10 at t = 842.5 s. The tags no longer account for the field they partition; see output/a1_dt2p5/output_0000/water_tag_closure.csv.
└ @ ClimaAtmos ~/git/ClimaAtmosResiDyn.jl/src/parameterized_tendencies/tagged_tracers/tagged_tracers.jl:590
┌ Warning: water tag closure residual 2.936530209269618e-5 exceeds the configured tolerance 1.0e-10 at t = 845.0 s. The tags no longer account for the field they partition; see output/a1_dt2p5/output_0000/water_tag_closure.csv.
└ @ ClimaAtmos ~/git/ClimaAtmosResiDyn.jl/src/parameterized_tendencies/tagged_tracers/tagged_tracers.jl:590
┌ Warning: water tag closure residual 2.9363831158771914e-5 exceeds the configured tolerance 1.0e-10 at t = 847.5 s. The tags no longer account for the field they partition; see output/a1_dt2p5/output_0000/water_tag_closure.csv.
└ @ ClimaAtmos ~/git/ClimaAtmosResiDyn.jl/src/parameterized_tendencies/tagged_tracers/tagged_tracers.jl:590
┌ Warning: water tag closure residual 2.9362359785081137e-5 exceeds the configured tolerance 1.0e-10 at t = 850.0 s. The tags no longer account for the field they partition; see output/a1_dt2p5/output_0000/water_tag_closure.csv.
└ @ ClimaAtmos ~/git/ClimaAtmosResiDyn.jl/src/parameterized_tendencies/tagged_tracers/tagged_tracers.jl:590
┌ Warning: water tag closure residual 2.9360887420076388e-5 exceeds the configured tolerance 1.0e-10 at t = 852.5 s. The tags no longer account for the field they partition; see output/a1_dt2p5/output_0000/water_tag_closure.csv.
└ @ ClimaAtmos ~/git/ClimaAtmosResiDyn.jl/src/parameterized_tendencies/tagged_tracers/tagged_tracers.jl:590
┌ Warning: water tag closure residual 2.9359415365814245e-5 exceeds the configured tolerance 1.0e-10 at t = 855.0 s. The tags no longer account for the field they partition; see output/a1_dt2p5/output_0000/water_tag_closure.csv.
└ @ ClimaAtmos ~/git/ClimaAtmosResiDyn.jl/src/parameterized_tendencies/tagged_tracers/tagged_tracers.jl:590
┌ Warning: water tag closure residual 2.935794383451012e-5 exceeds the configured tolerance 1.0e-10 at t = 857.5 s. The tags no longer account for the field they partition; see output/a1_dt2p5/output_0000/water_tag_closure.csv.
└ @ ClimaAtmos ~/git/ClimaAtmosResiDyn.jl/src/parameterized_tendencies/tagged_tracers/tagged_tracers.jl:590
┌ Warning: water tag closure residual 2.9356471718270705e-5 exceeds the configured tolerance 1.0e-10 at t = 860.0 s. The tags no longer account for the field they partition; see output/a1_dt2p5/output_0000/water_tag_closure.csv.
└ @ ClimaAtmos ~/git/ClimaAtmosResiDyn.jl/src/parameterized_tendencies/tagged_tracers/tagged_tracers.jl:590
┌ Warning: water tag closure residual 2.9354999036345896e-5 exceeds the configured tolerance 1.0e-10 at t = 862.5 s. The tags no longer account for the field they partition; see output/a1_dt2p5/output_0000/water_tag_closure.csv.
└ @ ClimaAtmos ~/git/ClimaAtmosResiDyn.jl/src/parameterized_tendencies/tagged_tracers/tagged_tracers.jl:590
┌ Warning: water tag closure residual 2.9353526684537046e-5 exceeds the configured tolerance 1.0e-10 at t = 865.0 s. The tags no longer account for the field they partition; see output/a1_dt2p5/output_0000/water_tag_closure.csv.
└ @ ClimaAtmos ~/git/ClimaAtmosResiDyn.jl/src/parameterized_tendencies/tagged_tracers/tagged_tracers.jl:590
┌ Warning: water tag closure residual 2.9352054480965207e-5 exceeds the configured tolerance 1.0e-10 at t = 867.5 s. The tags no longer account for the field they partition; see output/a1_dt2p5/output_0000/water_tag_closure.csv.
└ @ ClimaAtmos ~/git/ClimaAtmosResiDyn.jl/src/parameterized_tendencies/tagged_tracers/tagged_tracers.jl:590
┌ Warning: water tag closure residual 2.935058172072211e-5 exceeds the configured tolerance 1.0e-10 at t = 870.0 s. The tags no longer account for the field they partition; see output/a1_dt2p5/output_0000/water_tag_closure.csv.
└ @ ClimaAtmos ~/git/ClimaAtmosResiDyn.jl/src/parameterized_tendencies/tagged_tracers/tagged_tracers.jl:590
┌ Warning: water tag closure residual 2.9349108672870737e-5 exceeds the configured tolerance 1.0e-10 at t = 872.5 s. The tags no longer account for the field they partition; see output/a1_dt2p5/output_0000/water_tag_closure.csv.
└ @ ClimaAtmos ~/git/ClimaAtmosResiDyn.jl/src/parameterized_tendencies/tagged_tracers/tagged_tracers.jl:590
┌ Warning: water tag closure residual 2.9347635859415413e-5 exceeds the configured tolerance 1.0e-10 at t = 875.0 s. The tags no longer account for the field they partition; see output/a1_dt2p5/output_0000/water_tag_closure.csv.
└ @ ClimaAtmos ~/git/ClimaAtmosResiDyn.jl/src/parameterized_tendencies/tagged_tracers/tagged_tracers.jl:590
┌ Warning: water tag closure residual 2.9346162961368273e-5 exceeds the configured tolerance 1.0e-10 at t = 877.5 s. The tags no longer account for the field they partition; see output/a1_dt2p5/output_0000/water_tag_closure.csv.
└ @ ClimaAtmos ~/git/ClimaAtmosResiDyn.jl/src/parameterized_tendencies/tagged_tracers/tagged_tracers.jl:590
┌ Warning: water tag closure residual 2.9344689604076085e-5 exceeds the configured tolerance 1.0e-10 at t = 880.0 s. The tags no longer account for the field they partition; see output/a1_dt2p5/output_0000/water_tag_closure.csv.
└ @ ClimaAtmos ~/git/ClimaAtmosResiDyn.jl/src/parameterized_tendencies/tagged_tracers/tagged_tracers.jl:590
┌ Warning: water tag closure residual 2.9343216109354438e-5 exceeds the configured tolerance 1.0e-10 at t = 882.5 s. The tags no longer account for the field they partition; see output/a1_dt2p5/output_0000/water_tag_closure.csv.
└ @ ClimaAtmos ~/git/ClimaAtmosResiDyn.jl/src/parameterized_tendencies/tagged_tracers/tagged_tracers.jl:590
┌ Warning: water tag closure residual 2.93417427200835e-5 exceeds the configured tolerance 1.0e-10 at t = 885.0 s. The tags no longer account for the field they partition; see output/a1_dt2p5/output_0000/water_tag_closure.csv.
└ @ ClimaAtmos ~/git/ClimaAtmosResiDyn.jl/src/parameterized_tendencies/tagged_tracers/tagged_tracers.jl:590
┌ Warning: water tag closure residual 2.9340269124397257e-5 exceeds the configured tolerance 1.0e-10 at t = 887.5 s. The tags no longer account for the field they partition; see output/a1_dt2p5/output_0000/water_tag_closure.csv.
└ @ ClimaAtmos ~/git/ClimaAtmosResiDyn.jl/src/parameterized_tendencies/tagged_tracers/tagged_tracers.jl:590
┌ Warning: water tag closure residual 2.9338795174347838e-5 exceeds the configured tolerance 1.0e-10 at t = 890.0 s. The tags no longer account for the field they partition; see output/a1_dt2p5/output_0000/water_tag_closure.csv.
└ @ ClimaAtmos ~/git/ClimaAtmosResiDyn.jl/src/parameterized_tendencies/tagged_tracers/tagged_tracers.jl:590
┌ Warning: water tag closure residual 2.9337321145502122e-5 exceeds the configured tolerance 1.0e-10 at t = 892.5 s. The tags no longer account for the field they partition; see output/a1_dt2p5/output_0000/water_tag_closure.csv.
└ @ ClimaAtmos ~/git/ClimaAtmosResiDyn.jl/src/parameterized_tendencies/tagged_tracers/tagged_tracers.jl:590
┌ Warning: water tag closure residual 2.9335847103955815e-5 exceeds the configured tolerance 1.0e-10 at t = 895.0 s. The tags no longer account for the field they partition; see output/a1_dt2p5/output_0000/water_tag_closure.csv.
└ @ ClimaAtmos ~/git/ClimaAtmosResiDyn.jl/src/parameterized_tendencies/tagged_tracers/tagged_tracers.jl:590
┌ Warning: water tag closure residual 2.933437280746246e-5 exceeds the configured tolerance 1.0e-10 at t = 897.5 s. The tags no longer account for the field they partition; see output/a1_dt2p5/output_0000/water_tag_closure.csv.
└ @ ClimaAtmos ~/git/ClimaAtmosResiDyn.jl/src/parameterized_tendencies/tagged_tracers/tagged_tracers.jl:590
┌ Warning: water tag closure residual 2.9332898240020283e-5 exceeds the configured tolerance 1.0e-10 at t = 900.0 s. The tags no longer account for the field they partition; see output/a1_dt2p5/output_0000/water_tag_closure.csv.
└ @ ClimaAtmos ~/git/ClimaAtmosResiDyn.jl/src/parameterized_tendencies/tagged_tracers/tagged_tracers.jl:590
┌ Warning: water tag closure residual 2.933142359701138e-5 exceeds the configured tolerance 1.0e-10 at t = 902.5 s. The tags no longer account for the field they partition; see output/a1_dt2p5/output_0000/water_tag_closure.csv.
└ @ ClimaAtmos ~/git/ClimaAtmosResiDyn.jl/src/parameterized_tendencies/tagged_tracers/tagged_tracers.jl:590
┌ Warning: water tag closure residual 2.9329948850965433e-5 exceeds the configured tolerance 1.0e-10 at t = 905.0 s. The tags no longer account for the field they partition; see output/a1_dt2p5/output_0000/water_tag_closure.csv.
└ @ ClimaAtmos ~/git/ClimaAtmosResiDyn.jl/src/parameterized_tendencies/tagged_tracers/tagged_tracers.jl:590
┌ Warning: water tag closure residual 2.932847384237747e-5 exceeds the configured tolerance 1.0e-10 at t = 907.5 s. The tags no longer account for the field they partition; see output/a1_dt2p5/output_0000/water_tag_closure.csv.
└ @ ClimaAtmos ~/git/ClimaAtmosResiDyn.jl/src/parameterized_tendencies/tagged_tracers/tagged_tracers.jl:590
┌ Warning: water tag closure residual 2.9326998616483227e-5 exceeds the configured tolerance 1.0e-10 at t = 910.0 s. The tags no longer account for the field they partition; see output/a1_dt2p5/output_0000/water_tag_closure.csv.
└ @ ClimaAtmos ~/git/ClimaAtmosResiDyn.jl/src/parameterized_tendencies/tagged_tracers/tagged_tracers.jl:590
┌ Warning: water tag closure residual 2.932552329046513e-5 exceeds the configured tolerance 1.0e-10 at t = 912.5 s. The tags no longer account for the field they partition; see output/a1_dt2p5/output_0000/water_tag_closure.csv.
└ @ ClimaAtmos ~/git/ClimaAtmosResiDyn.jl/src/parameterized_tendencies/tagged_tracers/tagged_tracers.jl:590
┌ Warning: water tag closure residual 2.9324047801029034e-5 exceeds the configured tolerance 1.0e-10 at t = 915.0 s. The tags no longer account for the field they partition; see output/a1_dt2p5/output_0000/water_tag_closure.csv.
└ @ ClimaAtmos ~/git/ClimaAtmosResiDyn.jl/src/parameterized_tendencies/tagged_tracers/tagged_tracers.jl:590
┌ Warning: water tag closure residual 2.9322572058701524e-5 exceeds the configured tolerance 1.0e-10 at t = 917.5 s. The tags no longer account for the field they partition; see output/a1_dt2p5/output_0000/water_tag_closure.csv.
└ @ ClimaAtmos ~/git/ClimaAtmosResiDyn.jl/src/parameterized_tendencies/tagged_tracers/tagged_tracers.jl:590
┌ Warning: water tag closure residual 2.932109612604428e-5 exceeds the configured tolerance 1.0e-10 at t = 920.0 s. The tags no longer account for the field they partition; see output/a1_dt2p5/output_0000/water_tag_closure.csv.
└ @ ClimaAtmos ~/git/ClimaAtmosResiDyn.jl/src/parameterized_tendencies/tagged_tracers/tagged_tracers.jl:590
┌ Warning: water tag closure residual 2.93196200597542e-5 exceeds the configured tolerance 1.0e-10 at t = 922.5 s. The tags no longer account for the field they partition; see output/a1_dt2p5/output_0000/water_tag_closure.csv.
└ @ ClimaAtmos ~/git/ClimaAtmosResiDyn.jl/src/parameterized_tendencies/tagged_tracers/tagged_tracers.jl:590
┌ Warning: water tag closure residual 2.9318143793463925e-5 exceeds the configured tolerance 1.0e-10 at t = 925.0 s. The tags no longer account for the field they partition; see output/a1_dt2p5/output_0000/water_tag_closure.csv.
└ @ ClimaAtmos ~/git/ClimaAtmosResiDyn.jl/src/parameterized_tendencies/tagged_tracers/tagged_tracers.jl:590
┌ Warning: water tag closure residual 2.9316667287821517e-5 exceeds the configured tolerance 1.0e-10 at t = 927.5 s. The tags no longer account for the field they partition; see output/a1_dt2p5/output_0000/water_tag_closure.csv.
└ @ ClimaAtmos ~/git/ClimaAtmosResiDyn.jl/src/parameterized_tendencies/tagged_tracers/tagged_tracers.jl:590
┌ Warning: water tag closure residual 2.9315190598834834e-5 exceeds the configured tolerance 1.0e-10 at t = 930.0 s. The tags no longer account for the field they partition; see output/a1_dt2p5/output_0000/water_tag_closure.csv.
└ @ ClimaAtmos ~/git/ClimaAtmosResiDyn.jl/src/parameterized_tendencies/tagged_tracers/tagged_tracers.jl:590
┌ Warning: water tag closure residual 2.931371374340849e-5 exceeds the configured tolerance 1.0e-10 at t = 932.5 s. The tags no longer account for the field they partition; see output/a1_dt2p5/output_0000/water_tag_closure.csv.
└ @ ClimaAtmos ~/git/ClimaAtmosResiDyn.jl/src/parameterized_tendencies/tagged_tracers/tagged_tracers.jl:590
┌ Warning: water tag closure residual 2.9312236668121193e-5 exceeds the configured tolerance 1.0e-10 at t = 935.0 s. The tags no longer account for the field they partition; see output/a1_dt2p5/output_0000/water_tag_closure.csv.
└ @ ClimaAtmos ~/git/ClimaAtmosResiDyn.jl/src/parameterized_tendencies/tagged_tracers/tagged_tracers.jl:590
┌ Warning: water tag closure residual 2.9310759363460003e-5 exceeds the configured tolerance 1.0e-10 at t = 937.5 s. The tags no longer account for the field they partition; see output/a1_dt2p5/output_0000/water_tag_closure.csv.
└ @ ClimaAtmos ~/git/ClimaAtmosResiDyn.jl/src/parameterized_tendencies/tagged_tracers/tagged_tracers.jl:590
┌ Warning: water tag closure residual 2.930928187009092e-5 exceeds the configured tolerance 1.0e-10 at t = 940.0 s. The tags no longer account for the field they partition; see output/a1_dt2p5/output_0000/water_tag_closure.csv.
└ @ ClimaAtmos ~/git/ClimaAtmosResiDyn.jl/src/parameterized_tendencies/tagged_tracers/tagged_tracers.jl:590
┌ Warning: water tag closure residual 2.9307804183379724e-5 exceeds the configured tolerance 1.0e-10 at t = 942.5 s. The tags no longer account for the field they partition; see output/a1_dt2p5/output_0000/water_tag_closure.csv.
└ @ ClimaAtmos ~/git/ClimaAtmosResiDyn.jl/src/parameterized_tendencies/tagged_tracers/tagged_tracers.jl:590
┌ Warning: water tag closure residual 2.9306326266200038e-5 exceeds the configured tolerance 1.0e-10 at t = 945.0 s. The tags no longer account for the field they partition; see output/a1_dt2p5/output_0000/water_tag_closure.csv.
└ @ ClimaAtmos ~/git/ClimaAtmosResiDyn.jl/src/parameterized_tendencies/tagged_tracers/tagged_tracers.jl:590
┌ Warning: water tag closure residual 2.9304848123940374e-5 exceeds the configured tolerance 1.0e-10 at t = 947.5 s. The tags no longer account for the field they partition; see output/a1_dt2p5/output_0000/water_tag_closure.csv.
└ @ ClimaAtmos ~/git/ClimaAtmosResiDyn.jl/src/parameterized_tendencies/tagged_tracers/tagged_tracers.jl:590
┌ Warning: water tag closure residual 2.9303369781178467e-5 exceeds the configured tolerance 1.0e-10 at t = 950.0 s. The tags no longer account for the field they partition; see output/a1_dt2p5/output_0000/water_tag_closure.csv.
└ @ ClimaAtmos ~/git/ClimaAtmosResiDyn.jl/src/parameterized_tendencies/tagged_tracers/tagged_tracers.jl:590
┌ Warning: water tag closure residual 2.9301891224176746e-5 exceeds the configured tolerance 1.0e-10 at t = 952.5 s. The tags no longer account for the field they partition; see output/a1_dt2p5/output_0000/water_tag_closure.csv.
└ @ ClimaAtmos ~/git/ClimaAtmosResiDyn.jl/src/parameterized_tendencies/tagged_tracers/tagged_tracers.jl:590
┌ Warning: water tag closure residual 2.9300412430591727e-5 exceeds the configured tolerance 1.0e-10 at t = 955.0 s. The tags no longer account for the field they partition; see output/a1_dt2p5/output_0000/water_tag_closure.csv.
└ @ ClimaAtmos ~/git/ClimaAtmosResiDyn.jl/src/parameterized_tendencies/tagged_tracers/tagged_tracers.jl:590
┌ Warning: water tag closure residual 2.9298933410931863e-5 exceeds the configured tolerance 1.0e-10 at t = 957.5 s. The tags no longer account for the field they partition; see output/a1_dt2p5/output_0000/water_tag_closure.csv.
└ @ ClimaAtmos ~/git/ClimaAtmosResiDyn.jl/src/parameterized_tendencies/tagged_tracers/tagged_tracers.jl:590
┌ Warning: water tag closure residual 2.929745417670452e-5 exceeds the configured tolerance 1.0e-10 at t = 960.0 s. The tags no longer account for the field they partition; see output/a1_dt2p5/output_0000/water_tag_closure.csv.
└ @ ClimaAtmos ~/git/ClimaAtmosResiDyn.jl/src/parameterized_tendencies/tagged_tracers/tagged_tracers.jl:590
┌ Warning: water tag closure residual 2.9295974712753625e-5 exceeds the configured tolerance 1.0e-10 at t = 962.5 s. The tags no longer account for the field they partition; see output/a1_dt2p5/output_0000/water_tag_closure.csv.
└ @ ClimaAtmos ~/git/ClimaAtmosResiDyn.jl/src/parameterized_tendencies/tagged_tracers/tagged_tracers.jl:590
┌ Warning: water tag closure residual 2.9294495007450704e-5 exceeds the configured tolerance 1.0e-10 at t = 965.0 s. The tags no longer account for the field they partition; see output/a1_dt2p5/output_0000/water_tag_closure.csv.
└ @ ClimaAtmos ~/git/ClimaAtmosResiDyn.jl/src/parameterized_tendencies/tagged_tracers/tagged_tracers.jl:590
┌ Warning: water tag closure residual 2.9293015070798165e-5 exceeds the configured tolerance 1.0e-10 at t = 967.5 s. The tags no longer account for the field they partition; see output/a1_dt2p5/output_0000/water_tag_closure.csv.
└ @ ClimaAtmos ~/git/ClimaAtmosResiDyn.jl/src/parameterized_tendencies/tagged_tracers/tagged_tracers.jl:590
┌ Warning: water tag closure residual 2.929153490570964e-5 exceeds the configured tolerance 1.0e-10 at t = 970.0 s. The tags no longer account for the field they partition; see output/a1_dt2p5/output_0000/water_tag_closure.csv.
└ @ ClimaAtmos ~/git/ClimaAtmosResiDyn.jl/src/parameterized_tendencies/tagged_tracers/tagged_tracers.jl:590
┌ Warning: water tag closure residual 2.929005449889885e-5 exceeds the configured tolerance 1.0e-10 at t = 972.5 s. The tags no longer account for the field they partition; see output/a1_dt2p5/output_0000/water_tag_closure.csv.
└ @ ClimaAtmos ~/git/ClimaAtmosResiDyn.jl/src/parameterized_tendencies/tagged_tracers/tagged_tracers.jl:590
┌ Warning: water tag closure residual 2.9288573845866395e-5 exceeds the configured tolerance 1.0e-10 at t = 975.0 s. The tags no longer account for the field they partition; see output/a1_dt2p5/output_0000/water_tag_closure.csv.
└ @ ClimaAtmos ~/git/ClimaAtmosResiDyn.jl/src/parameterized_tendencies/tagged_tracers/tagged_tracers.jl:590
┌ Warning: water tag closure residual 2.9287092953476716e-5 exceeds the configured tolerance 1.0e-10 at t = 977.5 s. The tags no longer account for the field they partition; see output/a1_dt2p5/output_0000/water_tag_closure.csv.
└ @ ClimaAtmos ~/git/ClimaAtmosResiDyn.jl/src/parameterized_tendencies/tagged_tracers/tagged_tracers.jl:590
┌ Warning: water tag closure residual 2.9285611819881875e-5 exceeds the configured tolerance 1.0e-10 at t = 980.0 s. The tags no longer account for the field they partition; see output/a1_dt2p5/output_0000/water_tag_closure.csv.
└ @ ClimaAtmos ~/git/ClimaAtmosResiDyn.jl/src/parameterized_tendencies/tagged_tracers/tagged_tracers.jl:590
┌ Warning: water tag closure residual 2.928413043522339e-5 exceeds the configured tolerance 1.0e-10 at t = 982.5 s. The tags no longer account for the field they partition; see output/a1_dt2p5/output_0000/water_tag_closure.csv.
└ @ ClimaAtmos ~/git/ClimaAtmosResiDyn.jl/src/parameterized_tendencies/tagged_tracers/tagged_tracers.jl:590
┌ Warning: water tag closure residual 2.9282648798322272e-5 exceeds the configured tolerance 1.0e-10 at t = 985.0 s. The tags no longer account for the field they partition; see output/a1_dt2p5/output_0000/water_tag_closure.csv.
└ @ ClimaAtmos ~/git/ClimaAtmosResiDyn.jl/src/parameterized_tendencies/tagged_tracers/tagged_tracers.jl:590
┌ Warning: water tag closure residual 2.9281166912767675e-5 exceeds the configured tolerance 1.0e-10 at t = 987.5 s. The tags no longer account for the field they partition; see output/a1_dt2p5/output_0000/water_tag_closure.csv.
└ @ ClimaAtmos ~/git/ClimaAtmosResiDyn.jl/src/parameterized_tendencies/tagged_tracers/tagged_tracers.jl:590
┌ Warning: water tag closure residual 2.927968477461074e-5 exceeds the configured tolerance 1.0e-10 at t = 990.0 s. The tags no longer account for the field they partition; see output/a1_dt2p5/output_0000/water_tag_closure.csv.
└ @ ClimaAtmos ~/git/ClimaAtmosResiDyn.jl/src/parameterized_tendencies/tagged_tracers/tagged_tracers.jl:590
┌ Warning: water tag closure residual 2.927820237699179e-5 exceeds the configured tolerance 1.0e-10 at t = 992.5 s. The tags no longer account for the field they partition; see output/a1_dt2p5/output_0000/water_tag_closure.csv.
└ @ ClimaAtmos ~/git/ClimaAtmosResiDyn.jl/src/parameterized_tendencies/tagged_tracers/tagged_tracers.jl:590
┌ Warning: water tag closure residual 2.9276719720338783e-5 exceeds the configured tolerance 1.0e-10 at t = 995.0 s. The tags no longer account for the field they partition; see output/a1_dt2p5/output_0000/water_tag_closure.csv.
└ @ ClimaAtmos ~/git/ClimaAtmosResiDyn.jl/src/parameterized_tendencies/tagged_tracers/tagged_tracers.jl:590
┌ Warning: water tag closure residual 2.9275237782581758e-5 exceeds the configured tolerance 1.0e-10 at t = 997.5 s. The tags no longer account for the field they partition; see output/a1_dt2p5/output_0000/water_tag_closure.csv.
└ @ ClimaAtmos ~/git/ClimaAtmosResiDyn.jl/src/parameterized_tendencies/tagged_tracers/tagged_tracers.jl:590
┌ Warning: water tag closure residual 2.92737626376743e-5 exceeds the configured tolerance 1.0e-10 at t = 1000.0 s. The tags no longer account for the field they partition; see output/a1_dt2p5/output_0000/water_tag_closure.csv.
└ @ ClimaAtmos ~/git/ClimaAtmosResiDyn.jl/src/parameterized_tendencies/tagged_tracers/tagged_tracers.jl:590
┌ Warning: water tag closure residual 2.9272289631751315e-5 exceeds the configured tolerance 1.0e-10 at t = 1002.5 s. The tags no longer account for the field they partition; see output/a1_dt2p5/output_0000/water_tag_closure.csv.
└ @ ClimaAtmos ~/git/ClimaAtmosResiDyn.jl/src/parameterized_tendencies/tagged_tracers/tagged_tracers.jl:590
┌ Warning: water tag closure residual 2.927081122851177e-5 exceeds the configured tolerance 1.0e-10 at t = 1005.0 s. The tags no longer account for the field they partition; see output/a1_dt2p5/output_0000/water_tag_closure.csv.
└ @ ClimaAtmos ~/git/ClimaAtmosResiDyn.jl/src/parameterized_tendencies/tagged_tracers/tagged_tracers.jl:590
┌ Info: Progress
│   simulation_time = "16 minutes, 45 seconds"
│   n_steps_completed = 402
│   wall_time_per_step = "5 milliseconds, 802 microseconds"
│   wall_time_total = "8 seconds, 355 milliseconds"
│   wall_time_remaining = "6 seconds, 22 milliseconds"
│   wall_time_spent = "2 seconds, 332 milliseconds"
│   percent_complete = "27.9%"
│   estimated_sypd = "1.18"
│   instantaneous_sypd = "2.095"
│   date_now = 2026-09-10T00:20:14.859
└   estimated_finish_date = 2026-09-10T00:20:21.859
┌ Warning: water tag closure residual 2.9269330851297412e-5 exceeds the configured tolerance 1.0e-10 at t = 1007.5 s. The tags no longer account for the field they partition; see output/a1_dt2p5/output_0000/water_tag_closure.csv.
└ @ ClimaAtmos ~/git/ClimaAtmosResiDyn.jl/src/parameterized_tendencies/tagged_tracers/tagged_tracers.jl:590
┌ Warning: water tag closure residual 2.9267855117590387e-5 exceeds the configured tolerance 1.0e-10 at t = 1010.0 s. The tags no longer account for the field they partition; see output/a1_dt2p5/output_0000/water_tag_closure.csv.
└ @ ClimaAtmos ~/git/ClimaAtmosResiDyn.jl/src/parameterized_tendencies/tagged_tracers/tagged_tracers.jl:590
┌ Warning: water tag closure residual 2.926637949443349e-5 exceeds the configured tolerance 1.0e-10 at t = 1012.5 s. The tags no longer account for the field they partition; see output/a1_dt2p5/output_0000/water_tag_closure.csv.
└ @ ClimaAtmos ~/git/ClimaAtmosResiDyn.jl/src/parameterized_tendencies/tagged_tracers/tagged_tracers.jl:590
┌ Warning: water tag closure residual 2.9264899629956172e-5 exceeds the configured tolerance 1.0e-10 at t = 1015.0 s. The tags no longer account for the field they partition; see output/a1_dt2p5/output_0000/water_tag_closure.csv.
└ @ ClimaAtmos ~/git/ClimaAtmosResiDyn.jl/src/parameterized_tendencies/tagged_tracers/tagged_tracers.jl:590
┌ Warning: water tag closure residual 2.926341991253498e-5 exceeds the configured tolerance 1.0e-10 at t = 1017.5 s. The tags no longer account for the field they partition; see output/a1_dt2p5/output_0000/water_tag_closure.csv.
└ @ ClimaAtmos ~/git/ClimaAtmosResiDyn.jl/src/parameterized_tendencies/tagged_tracers/tagged_tracers.jl:590
┌ Warning: water tag closure residual 2.926194311759633e-5 exceeds the configured tolerance 1.0e-10 at t = 1020.0 s. The tags no longer account for the field they partition; see output/a1_dt2p5/output_0000/water_tag_closure.csv.
└ @ ClimaAtmos ~/git/ClimaAtmosResiDyn.jl/src/parameterized_tendencies/tagged_tracers/tagged_tracers.jl:590
┌ Warning: water tag closure residual 2.926046516889521e-5 exceeds the configured tolerance 1.0e-10 at t = 1022.5 s. The tags no longer account for the field they partition; see output/a1_dt2p5/output_0000/water_tag_closure.csv.
└ @ ClimaAtmos ~/git/ClimaAtmosResiDyn.jl/src/parameterized_tendencies/tagged_tracers/tagged_tracers.jl:590
┌ Warning: water tag closure residual 2.9258984527976177e-5 exceeds the configured tolerance 1.0e-10 at t = 1025.0 s. The tags no longer account for the field they partition; see output/a1_dt2p5/output_0000/water_tag_closure.csv.
└ @ ClimaAtmos ~/git/ClimaAtmosResiDyn.jl/src/parameterized_tendencies/tagged_tracers/tagged_tracers.jl:590
┌ Warning: water tag closure residual 2.9257504785649818e-5 exceeds the configured tolerance 1.0e-10 at t = 1027.5 s. The tags no longer account for the field they partition; see output/a1_dt2p5/output_0000/water_tag_closure.csv.
└ @ ClimaAtmos ~/git/ClimaAtmosResiDyn.jl/src/parameterized_tendencies/tagged_tracers/tagged_tracers.jl:590
┌ Warning: water tag closure residual 2.9256026553045105e-5 exceeds the configured tolerance 1.0e-10 at t = 1030.0 s. The tags no longer account for the field they partition; see output/a1_dt2p5/output_0000/water_tag_closure.csv.
└ @ ClimaAtmos ~/git/ClimaAtmosResiDyn.jl/src/parameterized_tendencies/tagged_tracers/tagged_tracers.jl:590
┌ Warning: water tag closure residual 2.925454678733725e-5 exceeds the configured tolerance 1.0e-10 at t = 1032.5 s. The tags no longer account for the field they partition; see output/a1_dt2p5/output_0000/water_tag_closure.csv.
└ @ ClimaAtmos ~/git/ClimaAtmosResiDyn.jl/src/parameterized_tendencies/tagged_tracers/tagged_tracers.jl:590
┌ Warning: water tag closure residual 2.9253065533623646e-5 exceeds the configured tolerance 1.0e-10 at t = 1035.0 s. The tags no longer account for the field they partition; see output/a1_dt2p5/output_0000/water_tag_closure.csv.
└ @ ClimaAtmos ~/git/ClimaAtmosResiDyn.jl/src/parameterized_tendencies/tagged_tracers/tagged_tracers.jl:590
┌ Warning: water tag closure residual 2.9251585256699876e-5 exceeds the configured tolerance 1.0e-10 at t = 1037.5 s. The tags no longer account for the field they partition; see output/a1_dt2p5/output_0000/water_tag_closure.csv.
└ @ ClimaAtmos ~/git/ClimaAtmosResiDyn.jl/src/parameterized_tendencies/tagged_tracers/tagged_tracers.jl:590
┌ Warning: water tag closure residual 2.925010547651945e-5 exceeds the configured tolerance 1.0e-10 at t = 1040.0 s. The tags no longer account for the field they partition; see output/a1_dt2p5/output_0000/water_tag_closure.csv.
└ @ ClimaAtmos ~/git/ClimaAtmosResiDyn.jl/src/parameterized_tendencies/tagged_tracers/tagged_tracers.jl:590
┌ Warning: water tag closure residual 2.9248624066845308e-5 exceeds the configured tolerance 1.0e-10 at t = 1042.5 s. The tags no longer account for the field they partition; see output/a1_dt2p5/output_0000/water_tag_closure.csv.
└ @ ClimaAtmos ~/git/ClimaAtmosResiDyn.jl/src/parameterized_tendencies/tagged_tracers/tagged_tracers.jl:590
┌ Warning: water tag closure residual 2.92471419349617e-5 exceeds the configured tolerance 1.0e-10 at t = 1045.0 s. The tags no longer account for the field they partition; see output/a1_dt2p5/output_0000/water_tag_closure.csv.
└ @ ClimaAtmos ~/git/ClimaAtmosResiDyn.jl/src/parameterized_tendencies/tagged_tracers/tagged_tracers.jl:590
┌ Warning: water tag closure residual 2.924566051121873e-5 exceeds the configured tolerance 1.0e-10 at t = 1047.5 s. The tags no longer account for the field they partition; see output/a1_dt2p5/output_0000/water_tag_closure.csv.
└ @ ClimaAtmos ~/git/ClimaAtmosResiDyn.jl/src/parameterized_tendencies/tagged_tracers/tagged_tracers.jl:590
┌ Warning: water tag closure residual 2.9244178934917762e-5 exceeds the configured tolerance 1.0e-10 at t = 1050.0 s. The tags no longer account for the field they partition; see output/a1_dt2p5/output_0000/water_tag_closure.csv.
└ @ ClimaAtmos ~/git/ClimaAtmosResiDyn.jl/src/parameterized_tendencies/tagged_tracers/tagged_tracers.jl:590
┌ Warning: water tag closure residual 2.9242696179073586e-5 exceeds the configured tolerance 1.0e-10 at t = 1052.5 s. The tags no longer account for the field they partition; see output/a1_dt2p5/output_0000/water_tag_closure.csv.
└ @ ClimaAtmos ~/git/ClimaAtmosResiDyn.jl/src/parameterized_tendencies/tagged_tracers/tagged_tracers.jl:590
┌ Warning: water tag closure residual 2.9241213116397817e-5 exceeds the configured tolerance 1.0e-10 at t = 1055.0 s. The tags no longer account for the field they partition; see output/a1_dt2p5/output_0000/water_tag_closure.csv.
└ @ ClimaAtmos ~/git/ClimaAtmosResiDyn.jl/src/parameterized_tendencies/tagged_tracers/tagged_tracers.jl:590
┌ Warning: water tag closure residual 2.923973043549783e-5 exceeds the configured tolerance 1.0e-10 at t = 1057.5 s. The tags no longer account for the field they partition; see output/a1_dt2p5/output_0000/water_tag_closure.csv.
└ @ ClimaAtmos ~/git/ClimaAtmosResiDyn.jl/src/parameterized_tendencies/tagged_tracers/tagged_tracers.jl:590
┌ Warning: water tag closure residual 2.923824729044691e-5 exceeds the configured tolerance 1.0e-10 at t = 1060.0 s. The tags no longer account for the field they partition; see output/a1_dt2p5/output_0000/water_tag_closure.csv.
└ @ ClimaAtmos ~/git/ClimaAtmosResiDyn.jl/src/parameterized_tendencies/tagged_tracers/tagged_tracers.jl:590
┌ Warning: water tag closure residual 2.9236763124520474e-5 exceeds the configured tolerance 1.0e-10 at t = 1062.5 s. The tags no longer account for the field they partition; see output/a1_dt2p5/output_0000/water_tag_closure.csv.
└ @ ClimaAtmos ~/git/ClimaAtmosResiDyn.jl/src/parameterized_tendencies/tagged_tracers/tagged_tracers.jl:590
┌ Warning: water tag closure residual 2.9235278803155066e-5 exceeds the configured tolerance 1.0e-10 at t = 1065.0 s. The tags no longer account for the field they partition; see output/a1_dt2p5/output_0000/water_tag_closure.csv.
└ @ ClimaAtmos ~/git/ClimaAtmosResiDyn.jl/src/parameterized_tendencies/tagged_tracers/tagged_tracers.jl:590
┌ Warning: water tag closure residual 2.9233794607904584e-5 exceeds the configured tolerance 1.0e-10 at t = 1067.5 s. The tags no longer account for the field they partition; see output/a1_dt2p5/output_0000/water_tag_closure.csv.
└ @ ClimaAtmos ~/git/ClimaAtmosResiDyn.jl/src/parameterized_tendencies/tagged_tracers/tagged_tracers.jl:590
┌ Warning: water tag closure residual 2.9232309889969538e-5 exceeds the configured tolerance 1.0e-10 at t = 1070.0 s. The tags no longer account for the field they partition; see output/a1_dt2p5/output_0000/water_tag_closure.csv.
└ @ ClimaAtmos ~/git/ClimaAtmosResiDyn.jl/src/parameterized_tendencies/tagged_tracers/tagged_tracers.jl:590
┌ Warning: water tag closure residual 2.923082451684053e-5 exceeds the configured tolerance 1.0e-10 at t = 1072.5 s. The tags no longer account for the field they partition; see output/a1_dt2p5/output_0000/water_tag_closure.csv.
└ @ ClimaAtmos ~/git/ClimaAtmosResiDyn.jl/src/parameterized_tendencies/tagged_tracers/tagged_tracers.jl:590
┌ Warning: water tag closure residual 2.9229339040093842e-5 exceeds the configured tolerance 1.0e-10 at t = 1075.0 s. The tags no longer account for the field they partition; see output/a1_dt2p5/output_0000/water_tag_closure.csv.
└ @ ClimaAtmos ~/git/ClimaAtmosResiDyn.jl/src/parameterized_tendencies/tagged_tracers/tagged_tracers.jl:590
┌ Warning: water tag closure residual 2.9227853470260695e-5 exceeds the configured tolerance 1.0e-10 at t = 1077.5 s. The tags no longer account for the field they partition; see output/a1_dt2p5/output_0000/water_tag_closure.csv.
└ @ ClimaAtmos ~/git/ClimaAtmosResiDyn.jl/src/parameterized_tendencies/tagged_tracers/tagged_tracers.jl:590
┌ Warning: water tag closure residual 2.922636735133408e-5 exceeds the configured tolerance 1.0e-10 at t = 1080.0 s. The tags no longer account for the field they partition; see output/a1_dt2p5/output_0000/water_tag_closure.csv.
└ @ ClimaAtmos ~/git/ClimaAtmosResiDyn.jl/src/parameterized_tendencies/tagged_tracers/tagged_tracers.jl:590
┌ Warning: water tag closure residual 2.9224880756228282e-5 exceeds the configured tolerance 1.0e-10 at t = 1082.5 s. The tags no longer account for the field they partition; see output/a1_dt2p5/output_0000/water_tag_closure.csv.
└ @ ClimaAtmos ~/git/ClimaAtmosResiDyn.jl/src/parameterized_tendencies/tagged_tracers/tagged_tracers.jl:590
┌ Warning: water tag closure residual 2.922339404069869e-5 exceeds the configured tolerance 1.0e-10 at t = 1085.0 s. The tags no longer account for the field they partition; see output/a1_dt2p5/output_0000/water_tag_closure.csv.
└ @ ClimaAtmos ~/git/ClimaAtmosResiDyn.jl/src/parameterized_tendencies/tagged_tracers/tagged_tracers.jl:590
┌ Warning: water tag closure residual 2.922190708000284e-5 exceeds the configured tolerance 1.0e-10 at t = 1087.5 s. The tags no longer account for the field they partition; see output/a1_dt2p5/output_0000/water_tag_closure.csv.
└ @ ClimaAtmos ~/git/ClimaAtmosResiDyn.jl/src/parameterized_tendencies/tagged_tracers/tagged_tracers.jl:590
┌ Warning: water tag closure residual 2.9220419605138025e-5 exceeds the configured tolerance 1.0e-10 at t = 1090.0 s. The tags no longer account for the field they partition; see output/a1_dt2p5/output_0000/water_tag_closure.csv.
└ @ ClimaAtmos ~/git/ClimaAtmosResiDyn.jl/src/parameterized_tendencies/tagged_tracers/tagged_tracers.jl:590
┌ Warning: water tag closure residual 2.9218931769361138e-5 exceeds the configured tolerance 1.0e-10 at t = 1092.5 s. The tags no longer account for the field they partition; see output/a1_dt2p5/output_0000/water_tag_closure.csv.
└ @ ClimaAtmos ~/git/ClimaAtmosResiDyn.jl/src/parameterized_tendencies/tagged_tracers/tagged_tracers.jl:590
┌ Warning: water tag closure residual 2.921744376484244e-5 exceeds the configured tolerance 1.0e-10 at t = 1095.0 s. The tags no longer account for the field they partition; see output/a1_dt2p5/output_0000/water_tag_closure.csv.
└ @ ClimaAtmos ~/git/ClimaAtmosResiDyn.jl/src/parameterized_tendencies/tagged_tracers/tagged_tracers.jl:590
┌ Warning: water tag closure residual 2.9215955435257773e-5 exceeds the configured tolerance 1.0e-10 at t = 1097.5 s. The tags no longer account for the field they partition; see output/a1_dt2p5/output_0000/water_tag_closure.csv.
└ @ ClimaAtmos ~/git/ClimaAtmosResiDyn.jl/src/parameterized_tendencies/tagged_tracers/tagged_tracers.jl:590
┌ Warning: water tag closure residual 2.9214466650808698e-5 exceeds the configured tolerance 1.0e-10 at t = 1100.0 s. The tags no longer account for the field they partition; see output/a1_dt2p5/output_0000/water_tag_closure.csv.
└ @ ClimaAtmos ~/git/ClimaAtmosResiDyn.jl/src/parameterized_tendencies/tagged_tracers/tagged_tracers.jl:590
┌ Warning: water tag closure residual 2.9212977560070372e-5 exceeds the configured tolerance 1.0e-10 at t = 1102.5 s. The tags no longer account for the field they partition; see output/a1_dt2p5/output_0000/water_tag_closure.csv.
└ @ ClimaAtmos ~/git/ClimaAtmosResiDyn.jl/src/parameterized_tendencies/tagged_tracers/tagged_tracers.jl:590
┌ Warning: water tag closure residual 2.9211488240640573e-5 exceeds the configured tolerance 1.0e-10 at t = 1105.0 s. The tags no longer account for the field they partition; see output/a1_dt2p5/output_0000/water_tag_closure.csv.
└ @ ClimaAtmos ~/git/ClimaAtmosResiDyn.jl/src/parameterized_tendencies/tagged_tracers/tagged_tracers.jl:590
┌ Warning: water tag closure residual 2.9209998555756492e-5 exceeds the configured tolerance 1.0e-10 at t = 1107.5 s. The tags no longer account for the field they partition; see output/a1_dt2p5/output_0000/water_tag_closure.csv.
└ @ ClimaAtmos ~/git/ClimaAtmosResiDyn.jl/src/parameterized_tendencies/tagged_tracers/tagged_tracers.jl:590
┌ Warning: water tag closure residual 2.9208508465196846e-5 exceeds the configured tolerance 1.0e-10 at t = 1110.0 s. The tags no longer account for the field they partition; see output/a1_dt2p5/output_0000/water_tag_closure.csv.
└ @ ClimaAtmos ~/git/ClimaAtmosResiDyn.jl/src/parameterized_tendencies/tagged_tracers/tagged_tracers.jl:590
┌ Warning: water tag closure residual 2.9207018085700387e-5 exceeds the configured tolerance 1.0e-10 at t = 1112.5 s. The tags no longer account for the field they partition; see output/a1_dt2p5/output_0000/water_tag_closure.csv.
└ @ ClimaAtmos ~/git/ClimaAtmosResiDyn.jl/src/parameterized_tendencies/tagged_tracers/tagged_tracers.jl:590
┌ Warning: water tag closure residual 2.9205527427549324e-5 exceeds the configured tolerance 1.0e-10 at t = 1115.0 s. The tags no longer account for the field they partition; see output/a1_dt2p5/output_0000/water_tag_closure.csv.
└ @ ClimaAtmos ~/git/ClimaAtmosResiDyn.jl/src/parameterized_tendencies/tagged_tracers/tagged_tracers.jl:590
┌ Warning: water tag closure residual 2.920403639216862e-5 exceeds the configured tolerance 1.0e-10 at t = 1117.5 s. The tags no longer account for the field they partition; see output/a1_dt2p5/output_0000/water_tag_closure.csv.
└ @ ClimaAtmos ~/git/ClimaAtmosResiDyn.jl/src/parameterized_tendencies/tagged_tracers/tagged_tracers.jl:590
┌ Warning: water tag closure residual 2.9202544987215295e-5 exceeds the configured tolerance 1.0e-10 at t = 1120.0 s. The tags no longer account for the field they partition; see output/a1_dt2p5/output_0000/water_tag_closure.csv.
└ @ ClimaAtmos ~/git/ClimaAtmosResiDyn.jl/src/parameterized_tendencies/tagged_tracers/tagged_tracers.jl:590
┌ Warning: water tag closure residual 2.920105328970253e-5 exceeds the configured tolerance 1.0e-10 at t = 1122.5 s. The tags no longer account for the field they partition; see output/a1_dt2p5/output_0000/water_tag_closure.csv.
└ @ ClimaAtmos ~/git/ClimaAtmosResiDyn.jl/src/parameterized_tendencies/tagged_tracers/tagged_tracers.jl:590
┌ Warning: water tag closure residual 2.9199561278289935e-5 exceeds the configured tolerance 1.0e-10 at t = 1125.0 s. The tags no longer account for the field they partition; see output/a1_dt2p5/output_0000/water_tag_closure.csv.
└ @ ClimaAtmos ~/git/ClimaAtmosResiDyn.jl/src/parameterized_tendencies/tagged_tracers/tagged_tracers.jl:590
┌ Warning: water tag closure residual 2.9198068892349593e-5 exceeds the configured tolerance 1.0e-10 at t = 1127.5 s. The tags no longer account for the field they partition; see output/a1_dt2p5/output_0000/water_tag_closure.csv.
└ @ ClimaAtmos ~/git/ClimaAtmosResiDyn.jl/src/parameterized_tendencies/tagged_tracers/tagged_tracers.jl:590
┌ Warning: water tag closure residual 2.9196576158561785e-5 exceeds the configured tolerance 1.0e-10 at t = 1130.0 s. The tags no longer account for the field they partition; see output/a1_dt2p5/output_0000/water_tag_closure.csv.
└ @ ClimaAtmos ~/git/ClimaAtmosResiDyn.jl/src/parameterized_tendencies/tagged_tracers/tagged_tracers.jl:590
┌ Warning: water tag closure residual 2.9195083119861062e-5 exceeds the configured tolerance 1.0e-10 at t = 1132.5 s. The tags no longer account for the field they partition; see output/a1_dt2p5/output_0000/water_tag_closure.csv.
└ @ ClimaAtmos ~/git/ClimaAtmosResiDyn.jl/src/parameterized_tendencies/tagged_tracers/tagged_tracers.jl:590
┌ Warning: water tag closure residual 2.919358974539562e-5 exceeds the configured tolerance 1.0e-10 at t = 1135.0 s. The tags no longer account for the field they partition; see output/a1_dt2p5/output_0000/water_tag_closure.csv.
└ @ ClimaAtmos ~/git/ClimaAtmosResiDyn.jl/src/parameterized_tendencies/tagged_tracers/tagged_tracers.jl:590
┌ Warning: water tag closure residual 2.919209600398871e-5 exceeds the configured tolerance 1.0e-10 at t = 1137.5 s. The tags no longer account for the field they partition; see output/a1_dt2p5/output_0000/water_tag_closure.csv.
└ @ ClimaAtmos ~/git/ClimaAtmosResiDyn.jl/src/parameterized_tendencies/tagged_tracers/tagged_tracers.jl:590
┌ Warning: water tag closure residual 2.919060192482677e-5 exceeds the configured tolerance 1.0e-10 at t = 1140.0 s. The tags no longer account for the field they partition; see output/a1_dt2p5/output_0000/water_tag_closure.csv.
└ @ ClimaAtmos ~/git/ClimaAtmosResiDyn.jl/src/parameterized_tendencies/tagged_tracers/tagged_tracers.jl:590
┌ Warning: water tag closure residual 2.9189107526564148e-5 exceeds the configured tolerance 1.0e-10 at t = 1142.5 s. The tags no longer account for the field they partition; see output/a1_dt2p5/output_0000/water_tag_closure.csv.
└ @ ClimaAtmos ~/git/ClimaAtmosResiDyn.jl/src/parameterized_tendencies/tagged_tracers/tagged_tracers.jl:590
┌ Warning: water tag closure residual 2.9187612725934284e-5 exceeds the configured tolerance 1.0e-10 at t = 1145.0 s. The tags no longer account for the field they partition; see output/a1_dt2p5/output_0000/water_tag_closure.csv.
└ @ ClimaAtmos ~/git/ClimaAtmosResiDyn.jl/src/parameterized_tendencies/tagged_tracers/tagged_tracers.jl:590
┌ Warning: water tag closure residual 2.9186117534101024e-5 exceeds the configured tolerance 1.0e-10 at t = 1147.5 s. The tags no longer account for the field they partition; see output/a1_dt2p5/output_0000/water_tag_closure.csv.
└ @ ClimaAtmos ~/git/ClimaAtmosResiDyn.jl/src/parameterized_tendencies/tagged_tracers/tagged_tracers.jl:590
┌ Warning: water tag closure residual 2.9184622025180543e-5 exceeds the configured tolerance 1.0e-10 at t = 1150.0 s. The tags no longer account for the field they partition; see output/a1_dt2p5/output_0000/water_tag_closure.csv.
└ @ ClimaAtmos ~/git/ClimaAtmosResiDyn.jl/src/parameterized_tendencies/tagged_tracers/tagged_tracers.jl:590
┌ Warning: water tag closure residual 2.9183126208931166e-5 exceeds the configured tolerance 1.0e-10 at t = 1152.5 s. The tags no longer account for the field they partition; see output/a1_dt2p5/output_0000/water_tag_closure.csv.
└ @ ClimaAtmos ~/git/ClimaAtmosResiDyn.jl/src/parameterized_tendencies/tagged_tracers/tagged_tracers.jl:590
┌ Warning: water tag closure residual 2.9181630016146234e-5 exceeds the configured tolerance 1.0e-10 at t = 1155.0 s. The tags no longer account for the field they partition; see output/a1_dt2p5/output_0000/water_tag_closure.csv.
└ @ ClimaAtmos ~/git/ClimaAtmosResiDyn.jl/src/parameterized_tendencies/tagged_tracers/tagged_tracers.jl:590
┌ Warning: water tag closure residual 2.9180133447212758e-5 exceeds the configured tolerance 1.0e-10 at t = 1157.5 s. The tags no longer account for the field they partition; see output/a1_dt2p5/output_0000/water_tag_closure.csv.
└ @ ClimaAtmos ~/git/ClimaAtmosResiDyn.jl/src/parameterized_tendencies/tagged_tracers/tagged_tracers.jl:590
┌ Warning: water tag closure residual 2.917863655568338e-5 exceeds the configured tolerance 1.0e-10 at t = 1160.0 s. The tags no longer account for the field they partition; see output/a1_dt2p5/output_0000/water_tag_closure.csv.
└ @ ClimaAtmos ~/git/ClimaAtmosResiDyn.jl/src/parameterized_tendencies/tagged_tracers/tagged_tracers.jl:590
┌ Warning: water tag closure residual 2.9177139327090425e-5 exceeds the configured tolerance 1.0e-10 at t = 1162.5 s. The tags no longer account for the field they partition; see output/a1_dt2p5/output_0000/water_tag_closure.csv.
└ @ ClimaAtmos ~/git/ClimaAtmosResiDyn.jl/src/parameterized_tendencies/tagged_tracers/tagged_tracers.jl:590
┌ Warning: water tag closure residual 2.917564171728103e-5 exceeds the configured tolerance 1.0e-10 at t = 1165.0 s. The tags no longer account for the field they partition; see output/a1_dt2p5/output_0000/water_tag_closure.csv.
└ @ ClimaAtmos ~/git/ClimaAtmosResiDyn.jl/src/parameterized_tendencies/tagged_tracers/tagged_tracers.jl:590
┌ Warning: water tag closure residual 2.917414374183762e-5 exceeds the configured tolerance 1.0e-10 at t = 1167.5 s. The tags no longer account for the field they partition; see output/a1_dt2p5/output_0000/water_tag_closure.csv.
└ @ ClimaAtmos ~/git/ClimaAtmosResiDyn.jl/src/parameterized_tendencies/tagged_tracers/tagged_tracers.jl:590
┌ Warning: water tag closure residual 2.9172645430413953e-5 exceeds the configured tolerance 1.0e-10 at t = 1170.0 s. The tags no longer account for the field they partition; see output/a1_dt2p5/output_0000/water_tag_closure.csv.
└ @ ClimaAtmos ~/git/ClimaAtmosResiDyn.jl/src/parameterized_tendencies/tagged_tracers/tagged_tracers.jl:590
┌ Warning: water tag closure residual 2.9171146761365294e-5 exceeds the configured tolerance 1.0e-10 at t = 1172.5 s. The tags no longer account for the field they partition; see output/a1_dt2p5/output_0000/water_tag_closure.csv.
└ @ ClimaAtmos ~/git/ClimaAtmosResiDyn.jl/src/parameterized_tendencies/tagged_tracers/tagged_tracers.jl:590
┌ Warning: water tag closure residual 2.9169647710626163e-5 exceeds the configured tolerance 1.0e-10 at t = 1175.0 s. The tags no longer account for the field they partition; see output/a1_dt2p5/output_0000/water_tag_closure.csv.
└ @ ClimaAtmos ~/git/ClimaAtmosResiDyn.jl/src/parameterized_tendencies/tagged_tracers/tagged_tracers.jl:590
┌ Warning: water tag closure residual 2.9168148296435268e-5 exceeds the configured tolerance 1.0e-10 at t = 1177.5 s. The tags no longer account for the field they partition; see output/a1_dt2p5/output_0000/water_tag_closure.csv.
└ @ ClimaAtmos ~/git/ClimaAtmosResiDyn.jl/src/parameterized_tendencies/tagged_tracers/tagged_tracers.jl:590
┌ Warning: water tag closure residual 2.9166648531493033e-5 exceeds the configured tolerance 1.0e-10 at t = 1180.0 s. The tags no longer account for the field they partition; see output/a1_dt2p5/output_0000/water_tag_closure.csv.
└ @ ClimaAtmos ~/git/ClimaAtmosResiDyn.jl/src/parameterized_tendencies/tagged_tracers/tagged_tracers.jl:590
┌ Warning: water tag closure residual 2.9165148394835173e-5 exceeds the configured tolerance 1.0e-10 at t = 1182.5 s. The tags no longer account for the field they partition; see output/a1_dt2p5/output_0000/water_tag_closure.csv.
└ @ ClimaAtmos ~/git/ClimaAtmosResiDyn.jl/src/parameterized_tendencies/tagged_tracers/tagged_tracers.jl:590
┌ Warning: water tag closure residual 2.916364787655123e-5 exceeds the configured tolerance 1.0e-10 at t = 1185.0 s. The tags no longer account for the field they partition; see output/a1_dt2p5/output_0000/water_tag_closure.csv.
└ @ ClimaAtmos ~/git/ClimaAtmosResiDyn.jl/src/parameterized_tendencies/tagged_tracers/tagged_tracers.jl:590
┌ Warning: water tag closure residual 2.9162146991673404e-5 exceeds the configured tolerance 1.0e-10 at t = 1187.5 s. The tags no longer account for the field they partition; see output/a1_dt2p5/output_0000/water_tag_closure.csv.
└ @ ClimaAtmos ~/git/ClimaAtmosResiDyn.jl/src/parameterized_tendencies/tagged_tracers/tagged_tracers.jl:590
┌ Info: Progress
│   simulation_time = "19 minutes, 47 seconds"
│   n_steps_completed = 475
│   wall_time_per_step = "5 milliseconds, 417 microseconds"
│   wall_time_total = "7 seconds, 801 milliseconds"
│   wall_time_remaining = "5 seconds, 228 milliseconds"
│   wall_time_spent = "2 seconds, 573 milliseconds"
│   percent_complete = "33.0%"
│   estimated_sypd = "1.263"
│   instantaneous_sypd = "2.073"
│   date_now = 2026-09-10T00:20:15.100
└   estimated_finish_date = 2026-09-10T00:20:21.100
┌ Warning: water tag closure residual 2.9160645741959614e-5 exceeds the configured tolerance 1.0e-10 at t = 1190.0 s. The tags no longer account for the field they partition; see output/a1_dt2p5/output_0000/water_tag_closure.csv.
└ @ ClimaAtmos ~/git/ClimaAtmosResiDyn.jl/src/parameterized_tendencies/tagged_tracers/tagged_tracers.jl:590
┌ Warning: water tag closure residual 2.9159144111320787e-5 exceeds the configured tolerance 1.0e-10 at t = 1192.5 s. The tags no longer account for the field they partition; see output/a1_dt2p5/output_0000/water_tag_closure.csv.
└ @ ClimaAtmos ~/git/ClimaAtmosResiDyn.jl/src/parameterized_tendencies/tagged_tracers/tagged_tracers.jl:590
┌ Warning: water tag closure residual 2.915764209742433e-5 exceeds the configured tolerance 1.0e-10 at t = 1195.0 s. The tags no longer account for the field they partition; see output/a1_dt2p5/output_0000/water_tag_closure.csv.
└ @ ClimaAtmos ~/git/ClimaAtmosResiDyn.jl/src/parameterized_tendencies/tagged_tracers/tagged_tracers.jl:590
┌ Warning: water tag closure residual 2.915613971052206e-5 exceeds the configured tolerance 1.0e-10 at t = 1197.5 s. The tags no longer account for the field they partition; see output/a1_dt2p5/output_0000/water_tag_closure.csv.
└ @ ClimaAtmos ~/git/ClimaAtmosResiDyn.jl/src/parameterized_tendencies/tagged_tracers/tagged_tracers.jl:590
┌ Warning: water tag closure residual 2.915463694688918e-5 exceeds the configured tolerance 1.0e-10 at t = 1200.0 s. The tags no longer account for the field they partition; see output/a1_dt2p5/output_0000/water_tag_closure.csv.
└ @ ClimaAtmos ~/git/ClimaAtmosResiDyn.jl/src/parameterized_tendencies/tagged_tracers/tagged_tracers.jl:590
┌ Warning: water tag closure residual 2.9153133795333848e-5 exceeds the configured tolerance 1.0e-10 at t = 1202.5 s. The tags no longer account for the field they partition; see output/a1_dt2p5/output_0000/water_tag_closure.csv.
└ @ ClimaAtmos ~/git/ClimaAtmosResiDyn.jl/src/parameterized_tendencies/tagged_tracers/tagged_tracers.jl:590
┌ Warning: water tag closure residual 2.9151630257435314e-5 exceeds the configured tolerance 1.0e-10 at t = 1205.0 s. The tags no longer account for the field they partition; see output/a1_dt2p5/output_0000/water_tag_closure.csv.
└ @ ClimaAtmos ~/git/ClimaAtmosResiDyn.jl/src/parameterized_tendencies/tagged_tracers/tagged_tracers.jl:590
┌ Warning: water tag closure residual 2.9150126338328546e-5 exceeds the configured tolerance 1.0e-10 at t = 1207.5 s. The tags no longer account for the field they partition; see output/a1_dt2p5/output_0000/water_tag_closure.csv.
└ @ ClimaAtmos ~/git/ClimaAtmosResiDyn.jl/src/parameterized_tendencies/tagged_tracers/tagged_tracers.jl:590
┌ Warning: water tag closure residual 2.914862203233174e-5 exceeds the configured tolerance 1.0e-10 at t = 1210.0 s. The tags no longer account for the field they partition; see output/a1_dt2p5/output_0000/water_tag_closure.csv.
└ @ ClimaAtmos ~/git/ClimaAtmosResiDyn.jl/src/parameterized_tendencies/tagged_tracers/tagged_tracers.jl:590
┌ Warning: water tag closure residual 2.9147117332856434e-5 exceeds the configured tolerance 1.0e-10 at t = 1212.5 s. The tags no longer account for the field they partition; see output/a1_dt2p5/output_0000/water_tag_closure.csv.
└ @ ClimaAtmos ~/git/ClimaAtmosResiDyn.jl/src/parameterized_tendencies/tagged_tracers/tagged_tracers.jl:590
┌ Warning: water tag closure residual 2.9145612242044673e-5 exceeds the configured tolerance 1.0e-10 at t = 1215.0 s. The tags no longer account for the field they partition; see output/a1_dt2p5/output_0000/water_tag_closure.csv.
└ @ ClimaAtmos ~/git/ClimaAtmosResiDyn.jl/src/parameterized_tendencies/tagged_tracers/tagged_tracers.jl:590
┌ Warning: water tag closure residual 2.914410676149442e-5 exceeds the configured tolerance 1.0e-10 at t = 1217.5 s. The tags no longer account for the field they partition; see output/a1_dt2p5/output_0000/water_tag_closure.csv.
└ @ ClimaAtmos ~/git/ClimaAtmosResiDyn.jl/src/parameterized_tendencies/tagged_tracers/tagged_tracers.jl:590
┌ Warning: water tag closure residual 2.9142600885730062e-5 exceeds the configured tolerance 1.0e-10 at t = 1220.0 s. The tags no longer account for the field they partition; see output/a1_dt2p5/output_0000/water_tag_closure.csv.
└ @ ClimaAtmos ~/git/ClimaAtmosResiDyn.jl/src/parameterized_tendencies/tagged_tracers/tagged_tracers.jl:590
┌ Warning: water tag closure residual 2.9141094610899973e-5 exceeds the configured tolerance 1.0e-10 at t = 1222.5 s. The tags no longer account for the field they partition; see output/a1_dt2p5/output_0000/water_tag_closure.csv.
└ @ ClimaAtmos ~/git/ClimaAtmosResiDyn.jl/src/parameterized_tendencies/tagged_tracers/tagged_tracers.jl:590
┌ Warning: water tag closure residual 2.913958793877419e-5 exceeds the configured tolerance 1.0e-10 at t = 1225.0 s. The tags no longer account for the field they partition; see output/a1_dt2p5/output_0000/water_tag_closure.csv.
└ @ ClimaAtmos ~/git/ClimaAtmosResiDyn.jl/src/parameterized_tendencies/tagged_tracers/tagged_tracers.jl:590
┌ Warning: water tag closure residual 2.9138080868590386e-5 exceeds the configured tolerance 1.0e-10 at t = 1227.5 s. The tags no longer account for the field they partition; see output/a1_dt2p5/output_0000/water_tag_closure.csv.
└ @ ClimaAtmos ~/git/ClimaAtmosResiDyn.jl/src/parameterized_tendencies/tagged_tracers/tagged_tracers.jl:590
┌ Warning: water tag closure residual 2.913657339564789e-5 exceeds the configured tolerance 1.0e-10 at t = 1230.0 s. The tags no longer account for the field they partition; see output/a1_dt2p5/output_0000/water_tag_closure.csv.
└ @ ClimaAtmos ~/git/ClimaAtmosResiDyn.jl/src/parameterized_tendencies/tagged_tracers/tagged_tracers.jl:590
┌ Warning: water tag closure residual 2.9135065517968836e-5 exceeds the configured tolerance 1.0e-10 at t = 1232.5 s. The tags no longer account for the field they partition; see output/a1_dt2p5/output_0000/water_tag_closure.csv.
└ @ ClimaAtmos ~/git/ClimaAtmosResiDyn.jl/src/parameterized_tendencies/tagged_tracers/tagged_tracers.jl:590
┌ Warning: water tag closure residual 2.9133557236294776e-5 exceeds the configured tolerance 1.0e-10 at t = 1235.0 s. The tags no longer account for the field they partition; see output/a1_dt2p5/output_0000/water_tag_closure.csv.
└ @ ClimaAtmos ~/git/ClimaAtmosResiDyn.jl/src/parameterized_tendencies/tagged_tracers/tagged_tracers.jl:590
┌ Warning: water tag closure residual 2.9132048548882228e-5 exceeds the configured tolerance 1.0e-10 at t = 1237.5 s. The tags no longer account for the field they partition; see output/a1_dt2p5/output_0000/water_tag_closure.csv.
└ @ ClimaAtmos ~/git/ClimaAtmosResiDyn.jl/src/parameterized_tendencies/tagged_tracers/tagged_tracers.jl:590
┌ Warning: water tag closure residual 2.9130539451827223e-5 exceeds the configured tolerance 1.0e-10 at t = 1240.0 s. The tags no longer account for the field they partition; see output/a1_dt2p5/output_0000/water_tag_closure.csv.
└ @ ClimaAtmos ~/git/ClimaAtmosResiDyn.jl/src/parameterized_tendencies/tagged_tracers/tagged_tracers.jl:590
┌ Warning: water tag closure residual 2.912902994035994e-5 exceeds the configured tolerance 1.0e-10 at t = 1242.5 s. The tags no longer account for the field they partition; see output/a1_dt2p5/output_0000/water_tag_closure.csv.
└ @ ClimaAtmos ~/git/ClimaAtmosResiDyn.jl/src/parameterized_tendencies/tagged_tracers/tagged_tracers.jl:590
┌ Warning: water tag closure residual 2.9127519935278846e-5 exceeds the configured tolerance 1.0e-10 at t = 1245.0 s. The tags no longer account for the field they partition; see output/a1_dt2p5/output_0000/water_tag_closure.csv.
└ @ ClimaAtmos ~/git/ClimaAtmosResiDyn.jl/src/parameterized_tendencies/tagged_tracers/tagged_tracers.jl:590
┌ Warning: water tag closure residual 2.9126009522177204e-5 exceeds the configured tolerance 1.0e-10 at t = 1247.5 s. The tags no longer account for the field they partition; see output/a1_dt2p5/output_0000/water_tag_closure.csv.
└ @ ClimaAtmos ~/git/ClimaAtmosResiDyn.jl/src/parameterized_tendencies/tagged_tracers/tagged_tracers.jl:590
┌ Warning: water tag closure residual 2.9124498710224485e-5 exceeds the configured tolerance 1.0e-10 at t = 1250.0 s. The tags no longer account for the field they partition; see output/a1_dt2p5/output_0000/water_tag_closure.csv.
└ @ ClimaAtmos ~/git/ClimaAtmosResiDyn.jl/src/parameterized_tendencies/tagged_tracers/tagged_tracers.jl:590
┌ Warning: water tag closure residual 2.9122987494853006e-5 exceeds the configured tolerance 1.0e-10 at t = 1252.5 s. The tags no longer account for the field they partition; see output/a1_dt2p5/output_0000/water_tag_closure.csv.
└ @ ClimaAtmos ~/git/ClimaAtmosResiDyn.jl/src/parameterized_tendencies/tagged_tracers/tagged_tracers.jl:590
┌ Warning: water tag closure residual 2.912147584319615e-5 exceeds the configured tolerance 1.0e-10 at t = 1255.0 s. The tags no longer account for the field they partition; see output/a1_dt2p5/output_0000/water_tag_closure.csv.
└ @ ClimaAtmos ~/git/ClimaAtmosResiDyn.jl/src/parameterized_tendencies/tagged_tracers/tagged_tracers.jl:590
┌ Warning: water tag closure residual 2.9119963750593806e-5 exceeds the configured tolerance 1.0e-10 at t = 1257.5 s. The tags no longer account for the field they partition; see output/a1_dt2p5/output_0000/water_tag_closure.csv.
└ @ ClimaAtmos ~/git/ClimaAtmosResiDyn.jl/src/parameterized_tendencies/tagged_tracers/tagged_tracers.jl:590
┌ Warning: water tag closure residual 2.9118451176690038e-5 exceeds the configured tolerance 1.0e-10 at t = 1260.0 s. The tags no longer account for the field they partition; see output/a1_dt2p5/output_0000/water_tag_closure.csv.
└ @ ClimaAtmos ~/git/ClimaAtmosResiDyn.jl/src/parameterized_tendencies/tagged_tracers/tagged_tracers.jl:590
┌ Warning: water tag closure residual 2.911693817046427e-5 exceeds the configured tolerance 1.0e-10 at t = 1262.5 s. The tags no longer account for the field they partition; see output/a1_dt2p5/output_0000/water_tag_closure.csv.
└ @ ClimaAtmos ~/git/ClimaAtmosResiDyn.jl/src/parameterized_tendencies/tagged_tracers/tagged_tracers.jl:590
┌ Warning: water tag closure residual 2.9115424761682626e-5 exceeds the configured tolerance 1.0e-10 at t = 1265.0 s. The tags no longer account for the field they partition; see output/a1_dt2p5/output_0000/water_tag_closure.csv.
└ @ ClimaAtmos ~/git/ClimaAtmosResiDyn.jl/src/parameterized_tendencies/tagged_tracers/tagged_tracers.jl:590
┌ Warning: water tag closure residual 2.9113910943396192e-5 exceeds the configured tolerance 1.0e-10 at t = 1267.5 s. The tags no longer account for the field they partition; see output/a1_dt2p5/output_0000/water_tag_closure.csv.
└ @ ClimaAtmos ~/git/ClimaAtmosResiDyn.jl/src/parameterized_tendencies/tagged_tracers/tagged_tracers.jl:590
┌ Warning: water tag closure residual 2.9112396666363813e-5 exceeds the configured tolerance 1.0e-10 at t = 1270.0 s. The tags no longer account for the field they partition; see output/a1_dt2p5/output_0000/water_tag_closure.csv.
└ @ ClimaAtmos ~/git/ClimaAtmosResiDyn.jl/src/parameterized_tendencies/tagged_tracers/tagged_tracers.jl:590
┌ Warning: water tag closure residual 2.9110881946425275e-5 exceeds the configured tolerance 1.0e-10 at t = 1272.5 s. The tags no longer account for the field they partition; see output/a1_dt2p5/output_0000/water_tag_closure.csv.
└ @ ClimaAtmos ~/git/ClimaAtmosResiDyn.jl/src/parameterized_tendencies/tagged_tracers/tagged_tracers.jl:590
┌ Warning: water tag closure residual 2.9109366813514637e-5 exceeds the configured tolerance 1.0e-10 at t = 1275.0 s. The tags no longer account for the field they partition; see output/a1_dt2p5/output_0000/water_tag_closure.csv.
└ @ ClimaAtmos ~/git/ClimaAtmosResiDyn.jl/src/parameterized_tendencies/tagged_tracers/tagged_tracers.jl:590
┌ Warning: water tag closure residual 2.9107851243302126e-5 exceeds the configured tolerance 1.0e-10 at t = 1277.5 s. The tags no longer account for the field they partition; see output/a1_dt2p5/output_0000/water_tag_closure.csv.
└ @ ClimaAtmos ~/git/ClimaAtmosResiDyn.jl/src/parameterized_tendencies/tagged_tracers/tagged_tracers.jl:590
┌ Warning: water tag closure residual 2.910633501139921e-5 exceeds the configured tolerance 1.0e-10 at t = 1280.0 s. The tags no longer account for the field they partition; see output/a1_dt2p5/output_0000/water_tag_closure.csv.
└ @ ClimaAtmos ~/git/ClimaAtmosResiDyn.jl/src/parameterized_tendencies/tagged_tracers/tagged_tracers.jl:590
┌ Info: Progress
│   simulation_time = "21 minutes, 20 seconds"
│   n_steps_completed = 512
│   wall_time_per_step = "5 milliseconds, 261 microseconds"
│   wall_time_total = "7 seconds, 576 milliseconds"
│   wall_time_remaining = "4 seconds, 882 milliseconds"
│   wall_time_spent = "2 seconds, 693 milliseconds"
│   percent_complete = "35.6%"
│   estimated_sypd = "1.301"
│   instantaneous_sypd = "2.105"
│   date_now = 2026-09-10T00:20:15.221
└   estimated_finish_date = 2026-09-10T00:20:20.221
┌ Warning: water tag closure residual 2.9104818305088547e-5 exceeds the configured tolerance 1.0e-10 at t = 1282.5 s. The tags no longer account for the field they partition; see output/a1_dt2p5/output_0000/water_tag_closure.csv.
└ @ ClimaAtmos ~/git/ClimaAtmosResiDyn.jl/src/parameterized_tendencies/tagged_tracers/tagged_tracers.jl:590
┌ Warning: water tag closure residual 2.9103301227538284e-5 exceeds the configured tolerance 1.0e-10 at t = 1285.0 s. The tags no longer account for the field they partition; see output/a1_dt2p5/output_0000/water_tag_closure.csv.
└ @ ClimaAtmos ~/git/ClimaAtmosResiDyn.jl/src/parameterized_tendencies/tagged_tracers/tagged_tracers.jl:590
┌ Warning: water tag closure residual 2.9101783753091884e-5 exceeds the configured tolerance 1.0e-10 at t = 1287.5 s. The tags no longer account for the field they partition; see output/a1_dt2p5/output_0000/water_tag_closure.csv.
└ @ ClimaAtmos ~/git/ClimaAtmosResiDyn.jl/src/parameterized_tendencies/tagged_tracers/tagged_tracers.jl:590
┌ Warning: water tag closure residual 2.9100265755824498e-5 exceeds the configured tolerance 1.0e-10 at t = 1290.0 s. The tags no longer account for the field they partition; see output/a1_dt2p5/output_0000/water_tag_closure.csv.
└ @ ClimaAtmos ~/git/ClimaAtmosResiDyn.jl/src/parameterized_tendencies/tagged_tracers/tagged_tracers.jl:590
┌ Warning: water tag closure residual 2.909874728327509e-5 exceeds the configured tolerance 1.0e-10 at t = 1292.5 s. The tags no longer account for the field they partition; see output/a1_dt2p5/output_0000/water_tag_closure.csv.
└ @ ClimaAtmos ~/git/ClimaAtmosResiDyn.jl/src/parameterized_tendencies/tagged_tracers/tagged_tracers.jl:590
┌ Warning: water tag closure residual 2.909722842745003e-5 exceeds the configured tolerance 1.0e-10 at t = 1295.0 s. The tags no longer account for the field they partition; see output/a1_dt2p5/output_0000/water_tag_closure.csv.
└ @ ClimaAtmos ~/git/ClimaAtmosResiDyn.jl/src/parameterized_tendencies/tagged_tracers/tagged_tracers.jl:590
┌ Warning: water tag closure residual 2.90957091242321e-5 exceeds the configured tolerance 1.0e-10 at t = 1297.5 s. The tags no longer account for the field they partition; see output/a1_dt2p5/output_0000/water_tag_closure.csv.
└ @ ClimaAtmos ~/git/ClimaAtmosResiDyn.jl/src/parameterized_tendencies/tagged_tracers/tagged_tracers.jl:590
┌ Warning: water tag closure residual 2.909418930906358e-5 exceeds the configured tolerance 1.0e-10 at t = 1300.0 s. The tags no longer account for the field they partition; see output/a1_dt2p5/output_0000/water_tag_closure.csv.
└ @ ClimaAtmos ~/git/ClimaAtmosResiDyn.jl/src/parameterized_tendencies/tagged_tracers/tagged_tracers.jl:590
┌ Warning: water tag closure residual 2.909266903946473e-5 exceeds the configured tolerance 1.0e-10 at t = 1302.5 s. The tags no longer account for the field they partition; see output/a1_dt2p5/output_0000/water_tag_closure.csv.
└ @ ClimaAtmos ~/git/ClimaAtmosResiDyn.jl/src/parameterized_tendencies/tagged_tracers/tagged_tracers.jl:590
┌ Warning: water tag closure residual 2.9091148353554786e-5 exceeds the configured tolerance 1.0e-10 at t = 1305.0 s. The tags no longer account for the field they partition; see output/a1_dt2p5/output_0000/water_tag_closure.csv.
└ @ ClimaAtmos ~/git/ClimaAtmosResiDyn.jl/src/parameterized_tendencies/tagged_tracers/tagged_tracers.jl:590
┌ Warning: water tag closure residual 2.9089627193858903e-5 exceeds the configured tolerance 1.0e-10 at t = 1307.5 s. The tags no longer account for the field they partition; see output/a1_dt2p5/output_0000/water_tag_closure.csv.
└ @ ClimaAtmos ~/git/ClimaAtmosResiDyn.jl/src/parameterized_tendencies/tagged_tracers/tagged_tracers.jl:590
┌ Warning: water tag closure residual 2.9088105534518085e-5 exceeds the configured tolerance 1.0e-10 at t = 1310.0 s. The tags no longer account for the field they partition; see output/a1_dt2p5/output_0000/water_tag_closure.csv.
└ @ ClimaAtmos ~/git/ClimaAtmosResiDyn.jl/src/parameterized_tendencies/tagged_tracers/tagged_tracers.jl:590
┌ Warning: water tag closure residual 2.908658342297143e-5 exceeds the configured tolerance 1.0e-10 at t = 1312.5 s. The tags no longer account for the field they partition; see output/a1_dt2p5/output_0000/water_tag_closure.csv.
└ @ ClimaAtmos ~/git/ClimaAtmosResiDyn.jl/src/parameterized_tendencies/tagged_tracers/tagged_tracers.jl:590
┌ Warning: water tag closure residual 2.9085060866850114e-5 exceeds the configured tolerance 1.0e-10 at t = 1315.0 s. The tags no longer account for the field they partition; see output/a1_dt2p5/output_0000/water_tag_closure.csv.
└ @ ClimaAtmos ~/git/ClimaAtmosResiDyn.jl/src/parameterized_tendencies/tagged_tracers/tagged_tracers.jl:590
┌ Warning: water tag closure residual 2.9083537822003637e-5 exceeds the configured tolerance 1.0e-10 at t = 1317.5 s. The tags no longer account for the field they partition; see output/a1_dt2p5/output_0000/water_tag_closure.csv.
└ @ ClimaAtmos ~/git/ClimaAtmosResiDyn.jl/src/parameterized_tendencies/tagged_tracers/tagged_tracers.jl:590
┌ Warning: water tag closure residual 2.9082014285504658e-5 exceeds the configured tolerance 1.0e-10 at t = 1320.0 s. The tags no longer account for the field they partition; see output/a1_dt2p5/output_0000/water_tag_closure.csv.
└ @ ClimaAtmos ~/git/ClimaAtmosResiDyn.jl/src/parameterized_tendencies/tagged_tracers/tagged_tracers.jl:590
┌ Warning: water tag closure residual 2.9080490289520943e-5 exceeds the configured tolerance 1.0e-10 at t = 1322.5 s. The tags no longer account for the field they partition; see output/a1_dt2p5/output_0000/water_tag_closure.csv.
└ @ ClimaAtmos ~/git/ClimaAtmosResiDyn.jl/src/parameterized_tendencies/tagged_tracers/tagged_tracers.jl:590
┌ Warning: water tag closure residual 2.9078965826064936e-5 exceeds the configured tolerance 1.0e-10 at t = 1325.0 s. The tags no longer account for the field they partition; see output/a1_dt2p5/output_0000/water_tag_closure.csv.
└ @ ClimaAtmos ~/git/ClimaAtmosResiDyn.jl/src/parameterized_tendencies/tagged_tracers/tagged_tracers.jl:590
┌ Warning: water tag closure residual 2.9077440866085774e-5 exceeds the configured tolerance 1.0e-10 at t = 1327.5 s. The tags no longer account for the field they partition; see output/a1_dt2p5/output_0000/water_tag_closure.csv.
└ @ ClimaAtmos ~/git/ClimaAtmosResiDyn.jl/src/parameterized_tendencies/tagged_tracers/tagged_tracers.jl:590
┌ Warning: water tag closure residual 2.9075915416828388e-5 exceeds the configured tolerance 1.0e-10 at t = 1330.0 s. The tags no longer account for the field they partition; see output/a1_dt2p5/output_0000/water_tag_closure.csv.
└ @ ClimaAtmos ~/git/ClimaAtmosResiDyn.jl/src/parameterized_tendencies/tagged_tracers/tagged_tracers.jl:590
┌ Warning: water tag closure residual 2.90743890311625e-5 exceeds the configured tolerance 1.0e-10 at t = 1332.5 s. The tags no longer account for the field they partition; see output/a1_dt2p5/output_0000/water_tag_closure.csv.
└ @ ClimaAtmos ~/git/ClimaAtmosResiDyn.jl/src/parameterized_tendencies/tagged_tracers/tagged_tracers.jl:590
┌ Warning: water tag closure residual 2.9072861913377986e-5 exceeds the configured tolerance 1.0e-10 at t = 1335.0 s. The tags no longer account for the field they partition; see output/a1_dt2p5/output_0000/water_tag_closure.csv.
└ @ ClimaAtmos ~/git/ClimaAtmosResiDyn.jl/src/parameterized_tendencies/tagged_tracers/tagged_tracers.jl:590
┌ Warning: water tag closure residual 2.9071334247442834e-5 exceeds the configured tolerance 1.0e-10 at t = 1337.5 s. The tags no longer account for the field they partition; see output/a1_dt2p5/output_0000/water_tag_closure.csv.
└ @ ClimaAtmos ~/git/ClimaAtmosResiDyn.jl/src/parameterized_tendencies/tagged_tracers/tagged_tracers.jl:590
┌ Warning: water tag closure residual 2.9069806003525453e-5 exceeds the configured tolerance 1.0e-10 at t = 1340.0 s. The tags no longer account for the field they partition; see output/a1_dt2p5/output_0000/water_tag_closure.csv.
└ @ ClimaAtmos ~/git/ClimaAtmosResiDyn.jl/src/parameterized_tendencies/tagged_tracers/tagged_tracers.jl:590
┌ Warning: water tag closure residual 2.9068277169251387e-5 exceeds the configured tolerance 1.0e-10 at t = 1342.5 s. The tags no longer account for the field they partition; see output/a1_dt2p5/output_0000/water_tag_closure.csv.
└ @ ClimaAtmos ~/git/ClimaAtmosResiDyn.jl/src/parameterized_tendencies/tagged_tracers/tagged_tracers.jl:590
┌ Warning: water tag closure residual 2.906674771629366e-5 exceeds the configured tolerance 1.0e-10 at t = 1345.0 s. The tags no longer account for the field they partition; see output/a1_dt2p5/output_0000/water_tag_closure.csv.
└ @ ClimaAtmos ~/git/ClimaAtmosResiDyn.jl/src/parameterized_tendencies/tagged_tracers/tagged_tracers.jl:590
┌ Warning: water tag closure residual 2.9065217678441126e-5 exceeds the configured tolerance 1.0e-10 at t = 1347.5 s. The tags no longer account for the field they partition; see output/a1_dt2p5/output_0000/water_tag_closure.csv.
└ @ ClimaAtmos ~/git/ClimaAtmosResiDyn.jl/src/parameterized_tendencies/tagged_tracers/tagged_tracers.jl:590
┌ Warning: water tag closure residual 2.906368706105888e-5 exceeds the configured tolerance 1.0e-10 at t = 1350.0 s. The tags no longer account for the field they partition; see output/a1_dt2p5/output_0000/water_tag_closure.csv.
└ @ ClimaAtmos ~/git/ClimaAtmosResiDyn.jl/src/parameterized_tendencies/tagged_tracers/tagged_tracers.jl:590
┌ Warning: water tag closure residual 2.906215583459351e-5 exceeds the configured tolerance 1.0e-10 at t = 1352.5 s. The tags no longer account for the field they partition; see output/a1_dt2p5/output_0000/water_tag_closure.csv.
└ @ ClimaAtmos ~/git/ClimaAtmosResiDyn.jl/src/parameterized_tendencies/tagged_tracers/tagged_tracers.jl:590
┌ Warning: water tag closure residual 2.9060623997883647e-5 exceeds the configured tolerance 1.0e-10 at t = 1355.0 s. The tags no longer account for the field they partition; see output/a1_dt2p5/output_0000/water_tag_closure.csv.
└ @ ClimaAtmos ~/git/ClimaAtmosResiDyn.jl/src/parameterized_tendencies/tagged_tracers/tagged_tracers.jl:590
┌ Warning: water tag closure residual 2.905909157024104e-5 exceeds the configured tolerance 1.0e-10 at t = 1357.5 s. The tags no longer account for the field they partition; see output/a1_dt2p5/output_0000/water_tag_closure.csv.
└ @ ClimaAtmos ~/git/ClimaAtmosResiDyn.jl/src/parameterized_tendencies/tagged_tracers/tagged_tracers.jl:590
┌ Warning: water tag closure residual 2.905755854756292e-5 exceeds the configured tolerance 1.0e-10 at t = 1360.0 s. The tags no longer account for the field they partition; see output/a1_dt2p5/output_0000/water_tag_closure.csv.
└ @ ClimaAtmos ~/git/ClimaAtmosResiDyn.jl/src/parameterized_tendencies/tagged_tracers/tagged_tracers.jl:590
┌ Warning: water tag closure residual 2.905602491067989e-5 exceeds the configured tolerance 1.0e-10 at t = 1362.5 s. The tags no longer account for the field they partition; see output/a1_dt2p5/output_0000/water_tag_closure.csv.
└ @ ClimaAtmos ~/git/ClimaAtmosResiDyn.jl/src/parameterized_tendencies/tagged_tracers/tagged_tracers.jl:590
┌ Warning: water tag closure residual 2.9054490663979058e-5 exceeds the configured tolerance 1.0e-10 at t = 1365.0 s. The tags no longer account for the field they partition; see output/a1_dt2p5/output_0000/water_tag_closure.csv.
└ @ ClimaAtmos ~/git/ClimaAtmosResiDyn.jl/src/parameterized_tendencies/tagged_tracers/tagged_tracers.jl:590
┌ Warning: water tag closure residual 2.9052955818687913e-5 exceeds the configured tolerance 1.0e-10 at t = 1367.5 s. The tags no longer account for the field they partition; see output/a1_dt2p5/output_0000/water_tag_closure.csv.
└ @ ClimaAtmos ~/git/ClimaAtmosResiDyn.jl/src/parameterized_tendencies/tagged_tracers/tagged_tracers.jl:590
┌ Warning: water tag closure residual 2.9051420378959033e-5 exceeds the configured tolerance 1.0e-10 at t = 1370.0 s. The tags no longer account for the field they partition; see output/a1_dt2p5/output_0000/water_tag_closure.csv.
└ @ ClimaAtmos ~/git/ClimaAtmosResiDyn.jl/src/parameterized_tendencies/tagged_tracers/tagged_tracers.jl:590
┌ Warning: water tag closure residual 2.904988432515739e-5 exceeds the configured tolerance 1.0e-10 at t = 1372.5 s. The tags no longer account for the field they partition; see output/a1_dt2p5/output_0000/water_tag_closure.csv.
└ @ ClimaAtmos ~/git/ClimaAtmosResiDyn.jl/src/parameterized_tendencies/tagged_tracers/tagged_tracers.jl:590
┌ Warning: water tag closure residual 2.9048347657342378e-5 exceeds the configured tolerance 1.0e-10 at t = 1375.0 s. The tags no longer account for the field they partition; see output/a1_dt2p5/output_0000/water_tag_closure.csv.
└ @ ClimaAtmos ~/git/ClimaAtmosResiDyn.jl/src/parameterized_tendencies/tagged_tracers/tagged_tracers.jl:590
┌ Warning: water tag closure residual 2.9046810839018682e-5 exceeds the configured tolerance 1.0e-10 at t = 1377.5 s. The tags no longer account for the field they partition; see output/a1_dt2p5/output_0000/water_tag_closure.csv.
└ @ ClimaAtmos ~/git/ClimaAtmosResiDyn.jl/src/parameterized_tendencies/tagged_tracers/tagged_tracers.jl:590
┌ Warning: water tag closure residual 2.904527574945873e-5 exceeds the configured tolerance 1.0e-10 at t = 1380.0 s. The tags no longer account for the field they partition; see output/a1_dt2p5/output_0000/water_tag_closure.csv.
└ @ ClimaAtmos ~/git/ClimaAtmosResiDyn.jl/src/parameterized_tendencies/tagged_tracers/tagged_tracers.jl:590
┌ Warning: water tag closure residual 2.9043742379403177e-5 exceeds the configured tolerance 1.0e-10 at t = 1382.5 s. The tags no longer account for the field they partition; see output/a1_dt2p5/output_0000/water_tag_closure.csv.
└ @ ClimaAtmos ~/git/ClimaAtmosResiDyn.jl/src/parameterized_tendencies/tagged_tracers/tagged_tracers.jl:590
┌ Warning: water tag closure residual 2.904221072652215e-5 exceeds the configured tolerance 1.0e-10 at t = 1385.0 s. The tags no longer account for the field they partition; see output/a1_dt2p5/output_0000/water_tag_closure.csv.
└ @ ClimaAtmos ~/git/ClimaAtmosResiDyn.jl/src/parameterized_tendencies/tagged_tracers/tagged_tracers.jl:590
┌ Warning: water tag closure residual 2.9040680787899124e-5 exceeds the configured tolerance 1.0e-10 at t = 1387.5 s. The tags no longer account for the field they partition; see output/a1_dt2p5/output_0000/water_tag_closure.csv.
└ @ ClimaAtmos ~/git/ClimaAtmosResiDyn.jl/src/parameterized_tendencies/tagged_tracers/tagged_tracers.jl:590
┌ Warning: water tag closure residual 2.9039152554250656e-5 exceeds the configured tolerance 1.0e-10 at t = 1390.0 s. The tags no longer account for the field they partition; see output/a1_dt2p5/output_0000/water_tag_closure.csv.
└ @ ClimaAtmos ~/git/ClimaAtmosResiDyn.jl/src/parameterized_tendencies/tagged_tracers/tagged_tracers.jl:590
┌ Warning: water tag closure residual 2.9037626018572497e-5 exceeds the configured tolerance 1.0e-10 at t = 1392.5 s. The tags no longer account for the field they partition; see output/a1_dt2p5/output_0000/water_tag_closure.csv.
└ @ ClimaAtmos ~/git/ClimaAtmosResiDyn.jl/src/parameterized_tendencies/tagged_tracers/tagged_tracers.jl:590
┌ Warning: water tag closure residual 2.9036101178174638e-5 exceeds the configured tolerance 1.0e-10 at t = 1395.0 s. The tags no longer account for the field they partition; see output/a1_dt2p5/output_0000/water_tag_closure.csv.
└ @ ClimaAtmos ~/git/ClimaAtmosResiDyn.jl/src/parameterized_tendencies/tagged_tracers/tagged_tracers.jl:590
┌ Warning: water tag closure residual 2.9034578028099936e-5 exceeds the configured tolerance 1.0e-10 at t = 1397.5 s. The tags no longer account for the field they partition; see output/a1_dt2p5/output_0000/water_tag_closure.csv.
└ @ ClimaAtmos ~/git/ClimaAtmosResiDyn.jl/src/parameterized_tendencies/tagged_tracers/tagged_tracers.jl:590
┌ Warning: water tag closure residual 2.9033056560135398e-5 exceeds the configured tolerance 1.0e-10 at t = 1400.0 s. The tags no longer account for the field they partition; see output/a1_dt2p5/output_0000/water_tag_closure.csv.
└ @ ClimaAtmos ~/git/ClimaAtmosResiDyn.jl/src/parameterized_tendencies/tagged_tracers/tagged_tracers.jl:590
┌ Warning: water tag closure residual 2.90315367686067e-5 exceeds the configured tolerance 1.0e-10 at t = 1402.5 s. The tags no longer account for the field they partition; see output/a1_dt2p5/output_0000/water_tag_closure.csv.
└ @ ClimaAtmos ~/git/ClimaAtmosResiDyn.jl/src/parameterized_tendencies/tagged_tracers/tagged_tracers.jl:590
┌ Warning: water tag closure residual 2.9030018650167228e-5 exceeds the configured tolerance 1.0e-10 at t = 1405.0 s. The tags no longer account for the field they partition; see output/a1_dt2p5/output_0000/water_tag_closure.csv.
└ @ ClimaAtmos ~/git/ClimaAtmosResiDyn.jl/src/parameterized_tendencies/tagged_tracers/tagged_tracers.jl:590
┌ Warning: water tag closure residual 2.9028502198693462e-5 exceeds the configured tolerance 1.0e-10 at t = 1407.5 s. The tags no longer account for the field they partition; see output/a1_dt2p5/output_0000/water_tag_closure.csv.
└ @ ClimaAtmos ~/git/ClimaAtmosResiDyn.jl/src/parameterized_tendencies/tagged_tracers/tagged_tracers.jl:590
┌ Warning: water tag closure residual 2.9026987407162174e-5 exceeds the configured tolerance 1.0e-10 at t = 1410.0 s. The tags no longer account for the field they partition; see output/a1_dt2p5/output_0000/water_tag_closure.csv.
└ @ ClimaAtmos ~/git/ClimaAtmosResiDyn.jl/src/parameterized_tendencies/tagged_tracers/tagged_tracers.jl:590
┌ Warning: water tag closure residual 2.9025474270371024e-5 exceeds the configured tolerance 1.0e-10 at t = 1412.5 s. The tags no longer account for the field they partition; see output/a1_dt2p5/output_0000/water_tag_closure.csv.
└ @ ClimaAtmos ~/git/ClimaAtmosResiDyn.jl/src/parameterized_tendencies/tagged_tracers/tagged_tracers.jl:590
┌ Warning: water tag closure residual 2.902396278410335e-5 exceeds the configured tolerance 1.0e-10 at t = 1415.0 s. The tags no longer account for the field they partition; see output/a1_dt2p5/output_0000/water_tag_closure.csv.
└ @ ClimaAtmos ~/git/ClimaAtmosResiDyn.jl/src/parameterized_tendencies/tagged_tracers/tagged_tracers.jl:590
┌ Warning: water tag closure residual 2.9022452942242057e-5 exceeds the configured tolerance 1.0e-10 at t = 1417.5 s. The tags no longer account for the field they partition; see output/a1_dt2p5/output_0000/water_tag_closure.csv.
└ @ ClimaAtmos ~/git/ClimaAtmosResiDyn.jl/src/parameterized_tendencies/tagged_tracers/tagged_tracers.jl:590
┌ Warning: water tag closure residual 2.902094473813506e-5 exceeds the configured tolerance 1.0e-10 at t = 1420.0 s. The tags no longer account for the field they partition; see output/a1_dt2p5/output_0000/water_tag_closure.csv.
└ @ ClimaAtmos ~/git/ClimaAtmosResiDyn.jl/src/parameterized_tendencies/tagged_tracers/tagged_tracers.jl:590
┌ Warning: water tag closure residual 2.9019438167016553e-5 exceeds the configured tolerance 1.0e-10 at t = 1422.5 s. The tags no longer account for the field they partition; see output/a1_dt2p5/output_0000/water_tag_closure.csv.
└ @ ClimaAtmos ~/git/ClimaAtmosResiDyn.jl/src/parameterized_tendencies/tagged_tracers/tagged_tracers.jl:590
┌ Warning: water tag closure residual 2.9017933224180086e-5 exceeds the configured tolerance 1.0e-10 at t = 1425.0 s. The tags no longer account for the field they partition; see output/a1_dt2p5/output_0000/water_tag_closure.csv.
└ @ ClimaAtmos ~/git/ClimaAtmosResiDyn.jl/src/parameterized_tendencies/tagged_tracers/tagged_tracers.jl:590
┌ Warning: water tag closure residual 2.9016429903316364e-5 exceeds the configured tolerance 1.0e-10 at t = 1427.5 s. The tags no longer account for the field they partition; see output/a1_dt2p5/output_0000/water_tag_closure.csv.
└ @ ClimaAtmos ~/git/ClimaAtmosResiDyn.jl/src/parameterized_tendencies/tagged_tracers/tagged_tracers.jl:590
┌ Warning: water tag closure residual 2.9014928198587453e-5 exceeds the configured tolerance 1.0e-10 at t = 1430.0 s. The tags no longer account for the field they partition; see output/a1_dt2p5/output_0000/water_tag_closure.csv.
└ @ ClimaAtmos ~/git/ClimaAtmosResiDyn.jl/src/parameterized_tendencies/tagged_tracers/tagged_tracers.jl:590
┌ Warning: water tag closure residual 2.9013428105173058e-5 exceeds the configured tolerance 1.0e-10 at t = 1432.5 s. The tags no longer account for the field they partition; see output/a1_dt2p5/output_0000/water_tag_closure.csv.
└ @ ClimaAtmos ~/git/ClimaAtmosResiDyn.jl/src/parameterized_tendencies/tagged_tracers/tagged_tracers.jl:590
┌ Warning: water tag closure residual 2.9011929617746077e-5 exceeds the configured tolerance 1.0e-10 at t = 1435.0 s. The tags no longer account for the field they partition; see output/a1_dt2p5/output_0000/water_tag_closure.csv.
└ @ ClimaAtmos ~/git/ClimaAtmosResiDyn.jl/src/parameterized_tendencies/tagged_tracers/tagged_tracers.jl:590
┌ Warning: water tag closure residual 2.9010432730334376e-5 exceeds the configured tolerance 1.0e-10 at t = 1437.5 s. The tags no longer account for the field they partition; see output/a1_dt2p5/output_0000/water_tag_closure.csv.
└ @ ClimaAtmos ~/git/ClimaAtmosResiDyn.jl/src/parameterized_tendencies/tagged_tracers/tagged_tracers.jl:590
┌ Warning: water tag closure residual 2.900893743748966e-5 exceeds the configured tolerance 1.0e-10 at t = 1440.0 s. The tags no longer account for the field they partition; see output/a1_dt2p5/output_0000/water_tag_closure.csv.
└ @ ClimaAtmos ~/git/ClimaAtmosResiDyn.jl/src/parameterized_tendencies/tagged_tracers/tagged_tracers.jl:590
┌ Warning: water tag closure residual 2.9007443734169758e-5 exceeds the configured tolerance 1.0e-10 at t = 1442.5 s. The tags no longer account for the field they partition; see output/a1_dt2p5/output_0000/water_tag_closure.csv.
└ @ ClimaAtmos ~/git/ClimaAtmosResiDyn.jl/src/parameterized_tendencies/tagged_tracers/tagged_tracers.jl:590
┌ Warning: water tag closure residual 2.9005951614994108e-5 exceeds the configured tolerance 1.0e-10 at t = 1445.0 s. The tags no longer account for the field they partition; see output/a1_dt2p5/output_0000/water_tag_closure.csv.
└ @ ClimaAtmos ~/git/ClimaAtmosResiDyn.jl/src/parameterized_tendencies/tagged_tracers/tagged_tracers.jl:590
┌ Warning: water tag closure residual 2.9004461074078977e-5 exceeds the configured tolerance 1.0e-10 at t = 1447.5 s. The tags no longer account for the field they partition; see output/a1_dt2p5/output_0000/water_tag_closure.csv.
└ @ ClimaAtmos ~/git/ClimaAtmosResiDyn.jl/src/parameterized_tendencies/tagged_tracers/tagged_tracers.jl:590
┌ Warning: water tag closure residual 2.9002972106279477e-5 exceeds the configured tolerance 1.0e-10 at t = 1450.0 s. The tags no longer account for the field they partition; see output/a1_dt2p5/output_0000/water_tag_closure.csv.
└ @ ClimaAtmos ~/git/ClimaAtmosResiDyn.jl/src/parameterized_tendencies/tagged_tracers/tagged_tracers.jl:590
┌ Warning: water tag closure residual 2.9001484717229847e-5 exceeds the configured tolerance 1.0e-10 at t = 1452.5 s. The tags no longer account for the field they partition; see output/a1_dt2p5/output_0000/water_tag_closure.csv.
└ @ ClimaAtmos ~/git/ClimaAtmosResiDyn.jl/src/parameterized_tendencies/tagged_tracers/tagged_tracers.jl:590
┌ Warning: water tag closure residual 2.8999998898720376e-5 exceeds the configured tolerance 1.0e-10 at t = 1455.0 s. The tags no longer account for the field they partition; see output/a1_dt2p5/output_0000/water_tag_closure.csv.
└ @ ClimaAtmos ~/git/ClimaAtmosResiDyn.jl/src/parameterized_tendencies/tagged_tracers/tagged_tracers.jl:590
┌ Warning: water tag closure residual 2.899851463436111e-5 exceeds the configured tolerance 1.0e-10 at t = 1457.5 s. The tags no longer account for the field they partition; see output/a1_dt2p5/output_0000/water_tag_closure.csv.
└ @ ClimaAtmos ~/git/ClimaAtmosResiDyn.jl/src/parameterized_tendencies/tagged_tracers/tagged_tracers.jl:590
┌ Warning: water tag closure residual 2.899703191709456e-5 exceeds the configured tolerance 1.0e-10 at t = 1460.0 s. The tags no longer account for the field they partition; see output/a1_dt2p5/output_0000/water_tag_closure.csv.
└ @ ClimaAtmos ~/git/ClimaAtmosResiDyn.jl/src/parameterized_tendencies/tagged_tracers/tagged_tracers.jl:590
┌ Warning: water tag closure residual 2.8995550748211e-5 exceeds the configured tolerance 1.0e-10 at t = 1462.5 s. The tags no longer account for the field they partition; see output/a1_dt2p5/output_0000/water_tag_closure.csv.
└ @ ClimaAtmos ~/git/ClimaAtmosResiDyn.jl/src/parameterized_tendencies/tagged_tracers/tagged_tracers.jl:590
┌ Info: Progress
│   simulation_time = "24 minutes, 22 seconds"
│   n_steps_completed = 585
│   wall_time_per_step = "4 milliseconds, 999 microseconds"
│   wall_time_total = "7 seconds, 198 milliseconds"
│   wall_time_remaining = "4 seconds, 274 milliseconds"
│   wall_time_spent = "2 seconds, 924 milliseconds"
│   percent_complete = "40.6%"
│   estimated_sypd = "1.369"
│   instantaneous_sypd = "2.166"
│   date_now = 2026-09-10T00:20:15.451
└   estimated_finish_date = 2026-09-10T00:20:20.451
┌ Warning: water tag closure residual 2.89940711239344e-5 exceeds the configured tolerance 1.0e-10 at t = 1465.0 s. The tags no longer account for the field they partition; see output/a1_dt2p5/output_0000/water_tag_closure.csv.
└ @ ClimaAtmos ~/git/ClimaAtmosResiDyn.jl/src/parameterized_tendencies/tagged_tracers/tagged_tracers.jl:590
┌ Warning: water tag closure residual 2.8992593032673613e-5 exceeds the configured tolerance 1.0e-10 at t = 1467.5 s. The tags no longer account for the field they partition; see output/a1_dt2p5/output_0000/water_tag_closure.csv.
└ @ ClimaAtmos ~/git/ClimaAtmosResiDyn.jl/src/parameterized_tendencies/tagged_tracers/tagged_tracers.jl:590
┌ Warning: water tag closure residual 2.8991116469218412e-5 exceeds the configured tolerance 1.0e-10 at t = 1470.0 s. The tags no longer account for the field they partition; see output/a1_dt2p5/output_0000/water_tag_closure.csv.
└ @ ClimaAtmos ~/git/ClimaAtmosResiDyn.jl/src/parameterized_tendencies/tagged_tracers/tagged_tracers.jl:590
┌ Warning: water tag closure residual 2.8989641433050876e-5 exceeds the configured tolerance 1.0e-10 at t = 1472.5 s. The tags no longer account for the field they partition; see output/a1_dt2p5/output_0000/water_tag_closure.csv.
└ @ ClimaAtmos ~/git/ClimaAtmosResiDyn.jl/src/parameterized_tendencies/tagged_tracers/tagged_tracers.jl:590
┌ Warning: water tag closure residual 2.8988167918067988e-5 exceeds the configured tolerance 1.0e-10 at t = 1475.0 s. The tags no longer account for the field they partition; see output/a1_dt2p5/output_0000/water_tag_closure.csv.
└ @ ClimaAtmos ~/git/ClimaAtmosResiDyn.jl/src/parameterized_tendencies/tagged_tracers/tagged_tracers.jl:590
┌ Warning: water tag closure residual 2.8986695915234476e-5 exceeds the configured tolerance 1.0e-10 at t = 1477.5 s. The tags no longer account for the field they partition; see output/a1_dt2p5/output_0000/water_tag_closure.csv.
└ @ ClimaAtmos ~/git/ClimaAtmosResiDyn.jl/src/parameterized_tendencies/tagged_tracers/tagged_tracers.jl:590
┌ Warning: water tag closure residual 2.8985225421746327e-5 exceeds the configured tolerance 1.0e-10 at t = 1480.0 s. The tags no longer account for the field they partition; see output/a1_dt2p5/output_0000/water_tag_closure.csv.
└ @ ClimaAtmos ~/git/ClimaAtmosResiDyn.jl/src/parameterized_tendencies/tagged_tracers/tagged_tracers.jl:590
┌ Warning: water tag closure residual 2.8983756427994972e-5 exceeds the configured tolerance 1.0e-10 at t = 1482.5 s. The tags no longer account for the field they partition; see output/a1_dt2p5/output_0000/water_tag_closure.csv.
└ @ ClimaAtmos ~/git/ClimaAtmosResiDyn.jl/src/parameterized_tendencies/tagged_tracers/tagged_tracers.jl:590
┌ Warning: water tag closure residual 2.898228892493338e-5 exceeds the configured tolerance 1.0e-10 at t = 1485.0 s. The tags no longer account for the field they partition; see output/a1_dt2p5/output_0000/water_tag_closure.csv.
└ @ ClimaAtmos ~/git/ClimaAtmosResiDyn.jl/src/parameterized_tendencies/tagged_tracers/tagged_tracers.jl:590
┌ Warning: water tag closure residual 2.8980822905353187e-5 exceeds the configured tolerance 1.0e-10 at t = 1487.5 s. The tags no longer account for the field they partition; see output/a1_dt2p5/output_0000/water_tag_closure.csv.
└ @ ClimaAtmos ~/git/ClimaAtmosResiDyn.jl/src/parameterized_tendencies/tagged_tracers/tagged_tracers.jl:590
┌ Warning: water tag closure residual 2.897935836587187e-5 exceeds the configured tolerance 1.0e-10 at t = 1490.0 s. The tags no longer account for the field they partition; see output/a1_dt2p5/output_0000/water_tag_closure.csv.
└ @ ClimaAtmos ~/git/ClimaAtmosResiDyn.jl/src/parameterized_tendencies/tagged_tracers/tagged_tracers.jl:590
┌ Warning: water tag closure residual 2.8977895302604044e-5 exceeds the configured tolerance 1.0e-10 at t = 1492.5 s. The tags no longer account for the field they partition; see output/a1_dt2p5/output_0000/water_tag_closure.csv.
└ @ ClimaAtmos ~/git/ClimaAtmosResiDyn.jl/src/parameterized_tendencies/tagged_tracers/tagged_tracers.jl:590
┌ Warning: water tag closure residual 2.8976433689369653e-5 exceeds the configured tolerance 1.0e-10 at t = 1495.0 s. The tags no longer account for the field they partition; see output/a1_dt2p5/output_0000/water_tag_closure.csv.
└ @ ClimaAtmos ~/git/ClimaAtmosResiDyn.jl/src/parameterized_tendencies/tagged_tracers/tagged_tracers.jl:590
┌ Warning: water tag closure residual 2.8974973308591185e-5 exceeds the configured tolerance 1.0e-10 at t = 1497.5 s. The tags no longer account for the field they partition; see output/a1_dt2p5/output_0000/water_tag_closure.csv.
└ @ ClimaAtmos ~/git/ClimaAtmosResiDyn.jl/src/parameterized_tendencies/tagged_tracers/tagged_tracers.jl:590
┌ Warning: water tag closure residual 2.8973514404047545e-5 exceeds the configured tolerance 1.0e-10 at t = 1500.0 s. The tags no longer account for the field they partition; see output/a1_dt2p5/output_0000/water_tag_closure.csv.
└ @ ClimaAtmos ~/git/ClimaAtmosResiDyn.jl/src/parameterized_tendencies/tagged_tracers/tagged_tracers.jl:590
┌ Warning: water tag closure residual 2.8972056984489213e-5 exceeds the configured tolerance 1.0e-10 at t = 1502.5 s. The tags no longer account for the field they partition; see output/a1_dt2p5/output_0000/water_tag_closure.csv.
└ @ ClimaAtmos ~/git/ClimaAtmosResiDyn.jl/src/parameterized_tendencies/tagged_tracers/tagged_tracers.jl:590
┌ Warning: water tag closure residual 2.897060096598397e-5 exceeds the configured tolerance 1.0e-10 at t = 1505.0 s. The tags no longer account for the field they partition; see output/a1_dt2p5/output_0000/water_tag_closure.csv.
└ @ ClimaAtmos ~/git/ClimaAtmosResiDyn.jl/src/parameterized_tendencies/tagged_tracers/tagged_tracers.jl:590
┌ Warning: water tag closure residual 2.8969146352307318e-5 exceeds the configured tolerance 1.0e-10 at t = 1507.5 s. The tags no longer account for the field they partition; see output/a1_dt2p5/output_0000/water_tag_closure.csv.
└ @ ClimaAtmos ~/git/ClimaAtmosResiDyn.jl/src/parameterized_tendencies/tagged_tracers/tagged_tracers.jl:590
┌ Warning: water tag closure residual 2.8967693174474023e-5 exceeds the configured tolerance 1.0e-10 at t = 1510.0 s. The tags no longer account for the field they partition; see output/a1_dt2p5/output_0000/water_tag_closure.csv.
└ @ ClimaAtmos ~/git/ClimaAtmosResiDyn.jl/src/parameterized_tendencies/tagged_tracers/tagged_tracers.jl:590
┌ Warning: water tag closure residual 2.8966241491181978e-5 exceeds the configured tolerance 1.0e-10 at t = 1512.5 s. The tags no longer account for the field they partition; see output/a1_dt2p5/output_0000/water_tag_closure.csv.
└ @ ClimaAtmos ~/git/ClimaAtmosResiDyn.jl/src/parameterized_tendencies/tagged_tracers/tagged_tracers.jl:590
┌ Warning: water tag closure residual 2.8964791228526355e-5 exceeds the configured tolerance 1.0e-10 at t = 1515.0 s. The tags no longer account for the field they partition; see output/a1_dt2p5/output_0000/water_tag_closure.csv.
└ @ ClimaAtmos ~/git/ClimaAtmosResiDyn.jl/src/parameterized_tendencies/tagged_tracers/tagged_tracers.jl:590
┌ Warning: water tag closure residual 2.8963342349657876e-5 exceeds the configured tolerance 1.0e-10 at t = 1517.5 s. The tags no longer account for the field they partition; see output/a1_dt2p5/output_0000/water_tag_closure.csv.
└ @ ClimaAtmos ~/git/ClimaAtmosResiDyn.jl/src/parameterized_tendencies/tagged_tracers/tagged_tracers.jl:590
┌ Warning: water tag closure residual 2.896189491109499e-5 exceeds the configured tolerance 1.0e-10 at t = 1520.0 s. The tags no longer account for the field they partition; see output/a1_dt2p5/output_0000/water_tag_closure.csv.
└ @ ClimaAtmos ~/git/ClimaAtmosResiDyn.jl/src/parameterized_tendencies/tagged_tracers/tagged_tracers.jl:590
┌ Warning: water tag closure residual 2.896044891969314e-5 exceeds the configured tolerance 1.0e-10 at t = 1522.5 s. The tags no longer account for the field they partition; see output/a1_dt2p5/output_0000/water_tag_closure.csv.
└ @ ClimaAtmos ~/git/ClimaAtmosResiDyn.jl/src/parameterized_tendencies/tagged_tracers/tagged_tracers.jl:590
┌ Warning: water tag closure residual 2.895900432111809e-5 exceeds the configured tolerance 1.0e-10 at t = 1525.0 s. The tags no longer account for the field they partition; see output/a1_dt2p5/output_0000/water_tag_closure.csv.
└ @ ClimaAtmos ~/git/ClimaAtmosResiDyn.jl/src/parameterized_tendencies/tagged_tracers/tagged_tracers.jl:590
┌ Warning: water tag closure residual 2.895756110735377e-5 exceeds the configured tolerance 1.0e-10 at t = 1527.5 s. The tags no longer account for the field they partition; see output/a1_dt2p5/output_0000/water_tag_closure.csv.
└ @ ClimaAtmos ~/git/ClimaAtmosResiDyn.jl/src/parameterized_tendencies/tagged_tracers/tagged_tracers.jl:590
┌ Warning: water tag closure residual 2.8956119314812745e-5 exceeds the configured tolerance 1.0e-10 at t = 1530.0 s. The tags no longer account for the field they partition; see output/a1_dt2p5/output_0000/water_tag_closure.csv.
└ @ ClimaAtmos ~/git/ClimaAtmosResiDyn.jl/src/parameterized_tendencies/tagged_tracers/tagged_tracers.jl:590
┌ Warning: water tag closure residual 2.8954678933039096e-5 exceeds the configured tolerance 1.0e-10 at t = 1532.5 s. The tags no longer account for the field they partition; see output/a1_dt2p5/output_0000/water_tag_closure.csv.
└ @ ClimaAtmos ~/git/ClimaAtmosResiDyn.jl/src/parameterized_tendencies/tagged_tracers/tagged_tracers.jl:590
┌ Warning: water tag closure residual 2.8953239932722235e-5 exceeds the configured tolerance 1.0e-10 at t = 1535.0 s. The tags no longer account for the field they partition; see output/a1_dt2p5/output_0000/water_tag_closure.csv.
└ @ ClimaAtmos ~/git/ClimaAtmosResiDyn.jl/src/parameterized_tendencies/tagged_tracers/tagged_tracers.jl:590
┌ Warning: water tag closure residual 2.895180235983945e-5 exceeds the configured tolerance 1.0e-10 at t = 1537.5 s. The tags no longer account for the field they partition; see output/a1_dt2p5/output_0000/water_tag_closure.csv.
└ @ ClimaAtmos ~/git/ClimaAtmosResiDyn.jl/src/parameterized_tendencies/tagged_tracers/tagged_tracers.jl:590
┌ Warning: water tag closure residual 2.8950366181084724e-5 exceeds the configured tolerance 1.0e-10 at t = 1540.0 s. The tags no longer account for the field they partition; see output/a1_dt2p5/output_0000/water_tag_closure.csv.
└ @ ClimaAtmos ~/git/ClimaAtmosResiDyn.jl/src/parameterized_tendencies/tagged_tracers/tagged_tracers.jl:590
┌ Warning: water tag closure residual 2.8948931372318084e-5 exceeds the configured tolerance 1.0e-10 at t = 1542.5 s. The tags no longer account for the field they partition; see output/a1_dt2p5/output_0000/water_tag_closure.csv.
└ @ ClimaAtmos ~/git/ClimaAtmosResiDyn.jl/src/parameterized_tendencies/tagged_tracers/tagged_tracers.jl:590
┌ Warning: water tag closure residual 2.894749791588032e-5 exceeds the configured tolerance 1.0e-10 at t = 1545.0 s. The tags no longer account for the field they partition; see output/a1_dt2p5/output_0000/water_tag_closure.csv.
└ @ ClimaAtmos ~/git/ClimaAtmosResiDyn.jl/src/parameterized_tendencies/tagged_tracers/tagged_tracers.jl:590
┌ Warning: water tag closure residual 2.8946065837411403e-5 exceeds the configured tolerance 1.0e-10 at t = 1547.5 s. The tags no longer account for the field they partition; see output/a1_dt2p5/output_0000/water_tag_closure.csv.
└ @ ClimaAtmos ~/git/ClimaAtmosResiDyn.jl/src/parameterized_tendencies/tagged_tracers/tagged_tracers.jl:590
┌ Warning: water tag closure residual 2.8944635134350833e-5 exceeds the configured tolerance 1.0e-10 at t = 1550.0 s. The tags no longer account for the field they partition; see output/a1_dt2p5/output_0000/water_tag_closure.csv.
└ @ ClimaAtmos ~/git/ClimaAtmosResiDyn.jl/src/parameterized_tendencies/tagged_tracers/tagged_tracers.jl:590
┌ Warning: water tag closure residual 2.89432057754668e-5 exceeds the configured tolerance 1.0e-10 at t = 1552.5 s. The tags no longer account for the field they partition; see output/a1_dt2p5/output_0000/water_tag_closure.csv.
└ @ ClimaAtmos ~/git/ClimaAtmosResiDyn.jl/src/parameterized_tendencies/tagged_tracers/tagged_tracers.jl:590
┌ Warning: water tag closure residual 2.894177776005189e-5 exceeds the configured tolerance 1.0e-10 at t = 1555.0 s. The tags no longer account for the field they partition; see output/a1_dt2p5/output_0000/water_tag_closure.csv.
└ @ ClimaAtmos ~/git/ClimaAtmosResiDyn.jl/src/parameterized_tendencies/tagged_tracers/tagged_tracers.jl:590
┌ Warning: water tag closure residual 2.894035110247456e-5 exceeds the configured tolerance 1.0e-10 at t = 1557.5 s. The tags no longer account for the field they partition; see output/a1_dt2p5/output_0000/water_tag_closure.csv.
└ @ ClimaAtmos ~/git/ClimaAtmosResiDyn.jl/src/parameterized_tendencies/tagged_tracers/tagged_tracers.jl:590
┌ Warning: water tag closure residual 2.8938925791545388e-5 exceeds the configured tolerance 1.0e-10 at t = 1560.0 s. The tags no longer account for the field they partition; see output/a1_dt2p5/output_0000/water_tag_closure.csv.
└ @ ClimaAtmos ~/git/ClimaAtmosResiDyn.jl/src/parameterized_tendencies/tagged_tracers/tagged_tracers.jl:590
┌ Warning: water tag closure residual 2.8937501807539424e-5 exceeds the configured tolerance 1.0e-10 at t = 1562.5 s. The tags no longer account for the field they partition; see output/a1_dt2p5/output_0000/water_tag_closure.csv.
└ @ ClimaAtmos ~/git/ClimaAtmosResiDyn.jl/src/parameterized_tendencies/tagged_tracers/tagged_tracers.jl:590
┌ Warning: water tag closure residual 2.8936079153196654e-5 exceeds the configured tolerance 1.0e-10 at t = 1565.0 s. The tags no longer account for the field they partition; see output/a1_dt2p5/output_0000/water_tag_closure.csv.
└ @ ClimaAtmos ~/git/ClimaAtmosResiDyn.jl/src/parameterized_tendencies/tagged_tracers/tagged_tracers.jl:590
┌ Warning: water tag closure residual 2.893465783452906e-5 exceeds the configured tolerance 1.0e-10 at t = 1567.5 s. The tags no longer account for the field they partition; see output/a1_dt2p5/output_0000/water_tag_closure.csv.
└ @ ClimaAtmos ~/git/ClimaAtmosResiDyn.jl/src/parameterized_tendencies/tagged_tracers/tagged_tracers.jl:590
┌ Warning: water tag closure residual 2.8933237838165553e-5 exceeds the configured tolerance 1.0e-10 at t = 1570.0 s. The tags no longer account for the field they partition; see output/a1_dt2p5/output_0000/water_tag_closure.csv.
└ @ ClimaAtmos ~/git/ClimaAtmosResiDyn.jl/src/parameterized_tendencies/tagged_tracers/tagged_tracers.jl:590
┌ Warning: water tag closure residual 2.8931819152107315e-5 exceeds the configured tolerance 1.0e-10 at t = 1572.5 s. The tags no longer account for the field they partition; see output/a1_dt2p5/output_0000/water_tag_closure.csv.
└ @ ClimaAtmos ~/git/ClimaAtmosResiDyn.jl/src/parameterized_tendencies/tagged_tracers/tagged_tracers.jl:590
┌ Warning: water tag closure residual 2.8930401779460494e-5 exceeds the configured tolerance 1.0e-10 at t = 1575.0 s. The tags no longer account for the field they partition; see output/a1_dt2p5/output_0000/water_tag_closure.csv.
└ @ ClimaAtmos ~/git/ClimaAtmosResiDyn.jl/src/parameterized_tendencies/tagged_tracers/tagged_tracers.jl:590
┌ Warning: water tag closure residual 2.892898571969252e-5 exceeds the configured tolerance 1.0e-10 at t = 1577.5 s. The tags no longer account for the field they partition; see output/a1_dt2p5/output_0000/water_tag_closure.csv.
└ @ ClimaAtmos ~/git/ClimaAtmosResiDyn.jl/src/parameterized_tendencies/tagged_tracers/tagged_tracers.jl:590
┌ Warning: water tag closure residual 2.892757096075391e-5 exceeds the configured tolerance 1.0e-10 at t = 1580.0 s. The tags no longer account for the field they partition; see output/a1_dt2p5/output_0000/water_tag_closure.csv.
└ @ ClimaAtmos ~/git/ClimaAtmosResiDyn.jl/src/parameterized_tendencies/tagged_tracers/tagged_tracers.jl:590
┌ Warning: water tag closure residual 2.8926157495552408e-5 exceeds the configured tolerance 1.0e-10 at t = 1582.5 s. The tags no longer account for the field they partition; see output/a1_dt2p5/output_0000/water_tag_closure.csv.
└ @ ClimaAtmos ~/git/ClimaAtmosResiDyn.jl/src/parameterized_tendencies/tagged_tracers/tagged_tracers.jl:590
┌ Warning: water tag closure residual 2.8924745325490402e-5 exceeds the configured tolerance 1.0e-10 at t = 1585.0 s. The tags no longer account for the field they partition; see output/a1_dt2p5/output_0000/water_tag_closure.csv.
└ @ ClimaAtmos ~/git/ClimaAtmosResiDyn.jl/src/parameterized_tendencies/tagged_tracers/tagged_tracers.jl:590
┌ Warning: water tag closure residual 2.892333444640028e-5 exceeds the configured tolerance 1.0e-10 at t = 1587.5 s. The tags no longer account for the field they partition; see output/a1_dt2p5/output_0000/water_tag_closure.csv.
└ @ ClimaAtmos ~/git/ClimaAtmosResiDyn.jl/src/parameterized_tendencies/tagged_tracers/tagged_tracers.jl:590
┌ Warning: water tag closure residual 2.8921924848255047e-5 exceeds the configured tolerance 1.0e-10 at t = 1590.0 s. The tags no longer account for the field they partition; see output/a1_dt2p5/output_0000/water_tag_closure.csv.
└ @ ClimaAtmos ~/git/ClimaAtmosResiDyn.jl/src/parameterized_tendencies/tagged_tracers/tagged_tracers.jl:590
┌ Warning: water tag closure residual 2.892051652663787e-5 exceeds the configured tolerance 1.0e-10 at t = 1592.5 s. The tags no longer account for the field they partition; see output/a1_dt2p5/output_0000/water_tag_closure.csv.
└ @ ClimaAtmos ~/git/ClimaAtmosResiDyn.jl/src/parameterized_tendencies/tagged_tracers/tagged_tracers.jl:590
┌ Warning: water tag closure residual 2.891910948098565e-5 exceeds the configured tolerance 1.0e-10 at t = 1595.0 s. The tags no longer account for the field they partition; see output/a1_dt2p5/output_0000/water_tag_closure.csv.
└ @ ClimaAtmos ~/git/ClimaAtmosResiDyn.jl/src/parameterized_tendencies/tagged_tracers/tagged_tracers.jl:590
┌ Warning: water tag closure residual 2.891770370540483e-5 exceeds the configured tolerance 1.0e-10 at t = 1597.5 s. The tags no longer account for the field they partition; see output/a1_dt2p5/output_0000/water_tag_closure.csv.
└ @ ClimaAtmos ~/git/ClimaAtmosResiDyn.jl/src/parameterized_tendencies/tagged_tracers/tagged_tracers.jl:590
┌ Warning: water tag closure residual 2.891629919193051e-5 exceeds the configured tolerance 1.0e-10 at t = 1600.0 s. The tags no longer account for the field they partition; see output/a1_dt2p5/output_0000/water_tag_closure.csv.
└ @ ClimaAtmos ~/git/ClimaAtmosResiDyn.jl/src/parameterized_tendencies/tagged_tracers/tagged_tracers.jl:590
┌ Warning: water tag closure residual 2.89148959372566e-5 exceeds the configured tolerance 1.0e-10 at t = 1602.5 s. The tags no longer account for the field they partition; see output/a1_dt2p5/output_0000/water_tag_closure.csv.
└ @ ClimaAtmos ~/git/ClimaAtmosResiDyn.jl/src/parameterized_tendencies/tagged_tracers/tagged_tracers.jl:590
┌ Warning: water tag closure residual 2.8913493938705037e-5 exceeds the configured tolerance 1.0e-10 at t = 1605.0 s. The tags no longer account for the field they partition; see output/a1_dt2p5/output_0000/water_tag_closure.csv.
└ @ ClimaAtmos ~/git/ClimaAtmosResiDyn.jl/src/parameterized_tendencies/tagged_tracers/tagged_tracers.jl:590
┌ Warning: water tag closure residual 2.8912093190331703e-5 exceeds the configured tolerance 1.0e-10 at t = 1607.5 s. The tags no longer account for the field they partition; see output/a1_dt2p5/output_0000/water_tag_closure.csv.
└ @ ClimaAtmos ~/git/ClimaAtmosResiDyn.jl/src/parameterized_tendencies/tagged_tracers/tagged_tracers.jl:590
┌ Warning: water tag closure residual 2.8910693685633836e-5 exceeds the configured tolerance 1.0e-10 at t = 1610.0 s. The tags no longer account for the field they partition; see output/a1_dt2p5/output_0000/water_tag_closure.csv.
└ @ ClimaAtmos ~/git/ClimaAtmosResiDyn.jl/src/parameterized_tendencies/tagged_tracers/tagged_tracers.jl:590
┌ Warning: water tag closure residual 2.8909295421347115e-5 exceeds the configured tolerance 1.0e-10 at t = 1612.5 s. The tags no longer account for the field they partition; see output/a1_dt2p5/output_0000/water_tag_closure.csv.
└ @ ClimaAtmos ~/git/ClimaAtmosResiDyn.jl/src/parameterized_tendencies/tagged_tracers/tagged_tracers.jl:590
┌ Warning: water tag closure residual 2.8907898393972848e-5 exceeds the configured tolerance 1.0e-10 at t = 1615.0 s. The tags no longer account for the field they partition; see output/a1_dt2p5/output_0000/water_tag_closure.csv.
└ @ ClimaAtmos ~/git/ClimaAtmosResiDyn.jl/src/parameterized_tendencies/tagged_tracers/tagged_tracers.jl:590
┌ Warning: water tag closure residual 2.8906502597177785e-5 exceeds the configured tolerance 1.0e-10 at t = 1617.5 s. The tags no longer account for the field they partition; see output/a1_dt2p5/output_0000/water_tag_closure.csv.
└ @ ClimaAtmos ~/git/ClimaAtmosResiDyn.jl/src/parameterized_tendencies/tagged_tracers/tagged_tracers.jl:590
┌ Warning: water tag closure residual 2.8905108025659404e-5 exceeds the configured tolerance 1.0e-10 at t = 1620.0 s. The tags no longer account for the field they partition; see output/a1_dt2p5/output_0000/water_tag_closure.csv.
└ @ ClimaAtmos ~/git/ClimaAtmosResiDyn.jl/src/parameterized_tendencies/tagged_tracers/tagged_tracers.jl:590
┌ Warning: water tag closure residual 2.890371467617509e-5 exceeds the configured tolerance 1.0e-10 at t = 1622.5 s. The tags no longer account for the field they partition; see output/a1_dt2p5/output_0000/water_tag_closure.csv.
└ @ ClimaAtmos ~/git/ClimaAtmosResiDyn.jl/src/parameterized_tendencies/tagged_tracers/tagged_tracers.jl:590
┌ Warning: water tag closure residual 2.890232254461178e-5 exceeds the configured tolerance 1.0e-10 at t = 1625.0 s. The tags no longer account for the field they partition; see output/a1_dt2p5/output_0000/water_tag_closure.csv.
└ @ ClimaAtmos ~/git/ClimaAtmosResiDyn.jl/src/parameterized_tendencies/tagged_tracers/tagged_tracers.jl:590
┌ Warning: water tag closure residual 2.8900931624608903e-5 exceeds the configured tolerance 1.0e-10 at t = 1627.5 s. The tags no longer account for the field they partition; see output/a1_dt2p5/output_0000/water_tag_closure.csv.
└ @ ClimaAtmos ~/git/ClimaAtmosResiDyn.jl/src/parameterized_tendencies/tagged_tracers/tagged_tracers.jl:590
┌ Warning: water tag closure residual 2.8899541911488782e-5 exceeds the configured tolerance 1.0e-10 at t = 1630.0 s. The tags no longer account for the field they partition; see output/a1_dt2p5/output_0000/water_tag_closure.csv.
└ @ ClimaAtmos ~/git/ClimaAtmosResiDyn.jl/src/parameterized_tendencies/tagged_tracers/tagged_tracers.jl:590
┌ Warning: water tag closure residual 2.8898153401889224e-5 exceeds the configured tolerance 1.0e-10 at t = 1632.5 s. The tags no longer account for the field they partition; see output/a1_dt2p5/output_0000/water_tag_closure.csv.
└ @ ClimaAtmos ~/git/ClimaAtmosResiDyn.jl/src/parameterized_tendencies/tagged_tracers/tagged_tracers.jl:590
┌ Warning: water tag closure residual 2.8896766090882232e-5 exceeds the configured tolerance 1.0e-10 at t = 1635.0 s. The tags no longer account for the field they partition; see output/a1_dt2p5/output_0000/water_tag_closure.csv.
└ @ ClimaAtmos ~/git/ClimaAtmosResiDyn.jl/src/parameterized_tendencies/tagged_tracers/tagged_tracers.jl:590
┌ Warning: water tag closure residual 2.8895379973130058e-5 exceeds the configured tolerance 1.0e-10 at t = 1637.5 s. The tags no longer account for the field they partition; see output/a1_dt2p5/output_0000/water_tag_closure.csv.
└ @ ClimaAtmos ~/git/ClimaAtmosResiDyn.jl/src/parameterized_tendencies/tagged_tracers/tagged_tracers.jl:590
┌ Warning: water tag closure residual 2.8893995044003488e-5 exceeds the configured tolerance 1.0e-10 at t = 1640.0 s. The tags no longer account for the field they partition; see output/a1_dt2p5/output_0000/water_tag_closure.csv.
└ @ ClimaAtmos ~/git/ClimaAtmosResiDyn.jl/src/parameterized_tendencies/tagged_tracers/tagged_tracers.jl:590
┌ Warning: water tag closure residual 2.8892611299734367e-5 exceeds the configured tolerance 1.0e-10 at t = 1642.5 s. The tags no longer account for the field they partition; see output/a1_dt2p5/output_0000/water_tag_closure.csv.
└ @ ClimaAtmos ~/git/ClimaAtmosResiDyn.jl/src/parameterized_tendencies/tagged_tracers/tagged_tracers.jl:590
┌ Warning: water tag closure residual 2.889122873553781e-5 exceeds the configured tolerance 1.0e-10 at t = 1645.0 s. The tags no longer account for the field they partition; see output/a1_dt2p5/output_0000/water_tag_closure.csv.
└ @ ClimaAtmos ~/git/ClimaAtmosResiDyn.jl/src/parameterized_tendencies/tagged_tracers/tagged_tracers.jl:590
┌ Info: Progress
│   simulation_time = "27 minutes, 25 seconds"
│   n_steps_completed = 658
│   wall_time_per_step = "4 milliseconds, 783 microseconds"
│   wall_time_total = "6 seconds, 887 milliseconds"
│   wall_time_remaining = "3 seconds, 740 milliseconds"
│   wall_time_spent = "3 seconds, 147 milliseconds"
│   percent_complete = "45.7%"
│   estimated_sypd = "1.431"
│   instantaneous_sypd = "2.242"
│   date_now = 2026-09-10T00:20:15.674
└   estimated_finish_date = 2026-09-10T00:20:19.674
┌ Warning: water tag closure residual 2.8889847346187977e-5 exceeds the configured tolerance 1.0e-10 at t = 1647.5 s. The tags no longer account for the field they partition; see output/a1_dt2p5/output_0000/water_tag_closure.csv.
└ @ ClimaAtmos ~/git/ClimaAtmosResiDyn.jl/src/parameterized_tendencies/tagged_tracers/tagged_tracers.jl:590
┌ Warning: water tag closure residual 2.888846712742482e-5 exceeds the configured tolerance 1.0e-10 at t = 1650.0 s. The tags no longer account for the field they partition; see output/a1_dt2p5/output_0000/water_tag_closure.csv.
└ @ ClimaAtmos ~/git/ClimaAtmosResiDyn.jl/src/parameterized_tendencies/tagged_tracers/tagged_tracers.jl:590
┌ Warning: water tag closure residual 2.8887088075075475e-5 exceeds the configured tolerance 1.0e-10 at t = 1652.5 s. The tags no longer account for the field they partition; see output/a1_dt2p5/output_0000/water_tag_closure.csv.
└ @ ClimaAtmos ~/git/ClimaAtmosResiDyn.jl/src/parameterized_tendencies/tagged_tracers/tagged_tracers.jl:590
┌ Warning: water tag closure residual 2.8885710184249952e-5 exceeds the configured tolerance 1.0e-10 at t = 1655.0 s. The tags no longer account for the field they partition; see output/a1_dt2p5/output_0000/water_tag_closure.csv.
└ @ ClimaAtmos ~/git/ClimaAtmosResiDyn.jl/src/parameterized_tendencies/tagged_tracers/tagged_tracers.jl:590
┌ Warning: water tag closure residual 2.8884333450149447e-5 exceeds the configured tolerance 1.0e-10 at t = 1657.5 s. The tags no longer account for the field they partition; see output/a1_dt2p5/output_0000/water_tag_closure.csv.
└ @ ClimaAtmos ~/git/ClimaAtmosResiDyn.jl/src/parameterized_tendencies/tagged_tracers/tagged_tracers.jl:590
┌ Warning: water tag closure residual 2.8882957868447994e-5 exceeds the configured tolerance 1.0e-10 at t = 1660.0 s. The tags no longer account for the field they partition; see output/a1_dt2p5/output_0000/water_tag_closure.csv.
└ @ ClimaAtmos ~/git/ClimaAtmosResiDyn.jl/src/parameterized_tendencies/tagged_tracers/tagged_tracers.jl:590
┌ Warning: water tag closure residual 2.888158343499646e-5 exceeds the configured tolerance 1.0e-10 at t = 1662.5 s. The tags no longer account for the field they partition; see output/a1_dt2p5/output_0000/water_tag_closure.csv.
└ @ ClimaAtmos ~/git/ClimaAtmosResiDyn.jl/src/parameterized_tendencies/tagged_tracers/tagged_tracers.jl:590
┌ Warning: water tag closure residual 2.888021014487378e-5 exceeds the configured tolerance 1.0e-10 at t = 1665.0 s. The tags no longer account for the field they partition; see output/a1_dt2p5/output_0000/water_tag_closure.csv.
└ @ ClimaAtmos ~/git/ClimaAtmosResiDyn.jl/src/parameterized_tendencies/tagged_tracers/tagged_tracers.jl:590
┌ Warning: water tag closure residual 2.8878837993407986e-5 exceeds the configured tolerance 1.0e-10 at t = 1667.5 s. The tags no longer account for the field they partition; see output/a1_dt2p5/output_0000/water_tag_closure.csv.
└ @ ClimaAtmos ~/git/ClimaAtmosResiDyn.jl/src/parameterized_tendencies/tagged_tracers/tagged_tracers.jl:590
┌ Warning: water tag closure residual 2.8877466976408756e-5 exceeds the configured tolerance 1.0e-10 at t = 1670.0 s. The tags no longer account for the field they partition; see output/a1_dt2p5/output_0000/water_tag_closure.csv.
└ @ ClimaAtmos ~/git/ClimaAtmosResiDyn.jl/src/parameterized_tendencies/tagged_tracers/tagged_tracers.jl:590
┌ Warning: water tag closure residual 2.887609708955405e-5 exceeds the configured tolerance 1.0e-10 at t = 1672.5 s. The tags no longer account for the field they partition; see output/a1_dt2p5/output_0000/water_tag_closure.csv.
└ @ ClimaAtmos ~/git/ClimaAtmosResiDyn.jl/src/parameterized_tendencies/tagged_tracers/tagged_tracers.jl:590
┌ Warning: water tag closure residual 2.887472832801584e-5 exceeds the configured tolerance 1.0e-10 at t = 1675.0 s. The tags no longer account for the field they partition; see output/a1_dt2p5/output_0000/water_tag_closure.csv.
└ @ ClimaAtmos ~/git/ClimaAtmosResiDyn.jl/src/parameterized_tendencies/tagged_tracers/tagged_tracers.jl:590
┌ Warning: water tag closure residual 2.8873360687409955e-5 exceeds the configured tolerance 1.0e-10 at t = 1677.5 s. The tags no longer account for the field they partition; see output/a1_dt2p5/output_0000/water_tag_closure.csv.
└ @ ClimaAtmos ~/git/ClimaAtmosResiDyn.jl/src/parameterized_tendencies/tagged_tracers/tagged_tracers.jl:590
┌ Warning: water tag closure residual 2.8871994163178374e-5 exceeds the configured tolerance 1.0e-10 at t = 1680.0 s. The tags no longer account for the field they partition; see output/a1_dt2p5/output_0000/water_tag_closure.csv.
└ @ ClimaAtmos ~/git/ClimaAtmosResiDyn.jl/src/parameterized_tendencies/tagged_tracers/tagged_tracers.jl:590
┌ Warning: water tag closure residual 2.8870628751176696e-5 exceeds the configured tolerance 1.0e-10 at t = 1682.5 s. The tags no longer account for the field they partition; see output/a1_dt2p5/output_0000/water_tag_closure.csv.
└ @ ClimaAtmos ~/git/ClimaAtmosResiDyn.jl/src/parameterized_tendencies/tagged_tracers/tagged_tracers.jl:590
┌ Warning: water tag closure residual 2.8869264446648083e-5 exceeds the configured tolerance 1.0e-10 at t = 1685.0 s. The tags no longer account for the field they partition; see output/a1_dt2p5/output_0000/water_tag_closure.csv.
└ @ ClimaAtmos ~/git/ClimaAtmosResiDyn.jl/src/parameterized_tendencies/tagged_tracers/tagged_tracers.jl:590
┌ Warning: water tag closure residual 2.8867901245343986e-5 exceeds the configured tolerance 1.0e-10 at t = 1687.5 s. The tags no longer account for the field they partition; see output/a1_dt2p5/output_0000/water_tag_closure.csv.
└ @ ClimaAtmos ~/git/ClimaAtmosResiDyn.jl/src/parameterized_tendencies/tagged_tracers/tagged_tracers.jl:590
┌ Warning: water tag closure residual 2.886653914286807e-5 exceeds the configured tolerance 1.0e-10 at t = 1690.0 s. The tags no longer account for the field they partition; see output/a1_dt2p5/output_0000/water_tag_closure.csv.
└ @ ClimaAtmos ~/git/ClimaAtmosResiDyn.jl/src/parameterized_tendencies/tagged_tracers/tagged_tracers.jl:590
┌ Warning: water tag closure residual 2.8865178134663726e-5 exceeds the configured tolerance 1.0e-10 at t = 1692.5 s. The tags no longer account for the field they partition; see output/a1_dt2p5/output_0000/water_tag_closure.csv.
└ @ ClimaAtmos ~/git/ClimaAtmosResiDyn.jl/src/parameterized_tendencies/tagged_tracers/tagged_tracers.jl:590
┌ Warning: water tag closure residual 2.8863818216329608e-5 exceeds the configured tolerance 1.0e-10 at t = 1695.0 s. The tags no longer account for the field they partition; see output/a1_dt2p5/output_0000/water_tag_closure.csv.
└ @ ClimaAtmos ~/git/ClimaAtmosResiDyn.jl/src/parameterized_tendencies/tagged_tracers/tagged_tracers.jl:590
┌ Warning: water tag closure residual 2.8862459383588467e-5 exceeds the configured tolerance 1.0e-10 at t = 1697.5 s. The tags no longer account for the field they partition; see output/a1_dt2p5/output_0000/water_tag_closure.csv.
└ @ ClimaAtmos ~/git/ClimaAtmosResiDyn.jl/src/parameterized_tendencies/tagged_tracers/tagged_tracers.jl:590
┌ Warning: water tag closure residual 2.8861101631865443e-5 exceeds the configured tolerance 1.0e-10 at t = 1700.0 s. The tags no longer account for the field they partition; see output/a1_dt2p5/output_0000/water_tag_closure.csv.
└ @ ClimaAtmos ~/git/ClimaAtmosResiDyn.jl/src/parameterized_tendencies/tagged_tracers/tagged_tracers.jl:590
┌ Warning: water tag closure residual 2.8859744957152537e-5 exceeds the configured tolerance 1.0e-10 at t = 1702.5 s. The tags no longer account for the field they partition; see output/a1_dt2p5/output_0000/water_tag_closure.csv.
└ @ ClimaAtmos ~/git/ClimaAtmosResiDyn.jl/src/parameterized_tendencies/tagged_tracers/tagged_tracers.jl:590
┌ Warning: water tag closure residual 2.8858389354819653e-5 exceeds the configured tolerance 1.0e-10 at t = 1705.0 s. The tags no longer account for the field they partition; see output/a1_dt2p5/output_0000/water_tag_closure.csv.
└ @ ClimaAtmos ~/git/ClimaAtmosResiDyn.jl/src/parameterized_tendencies/tagged_tracers/tagged_tracers.jl:590
┌ Warning: water tag closure residual 2.8857034820469216e-5 exceeds the configured tolerance 1.0e-10 at t = 1707.5 s. The tags no longer account for the field they partition; see output/a1_dt2p5/output_0000/water_tag_closure.csv.
└ @ ClimaAtmos ~/git/ClimaAtmosResiDyn.jl/src/parameterized_tendencies/tagged_tracers/tagged_tracers.jl:590
┌ Warning: water tag closure residual 2.8855681349967207e-5 exceeds the configured tolerance 1.0e-10 at t = 1710.0 s. The tags no longer account for the field they partition; see output/a1_dt2p5/output_0000/water_tag_closure.csv.
└ @ ClimaAtmos ~/git/ClimaAtmosResiDyn.jl/src/parameterized_tendencies/tagged_tracers/tagged_tracers.jl:590
┌ Warning: water tag closure residual 2.885432893885604e-5 exceeds the configured tolerance 1.0e-10 at t = 1712.5 s. The tags no longer account for the field they partition; see output/a1_dt2p5/output_0000/water_tag_closure.csv.
└ @ ClimaAtmos ~/git/ClimaAtmosResiDyn.jl/src/parameterized_tendencies/tagged_tracers/tagged_tracers.jl:590
┌ Warning: water tag closure residual 2.8852977582790852e-5 exceeds the configured tolerance 1.0e-10 at t = 1715.0 s. The tags no longer account for the field they partition; see output/a1_dt2p5/output_0000/water_tag_closure.csv.
└ @ ClimaAtmos ~/git/ClimaAtmosResiDyn.jl/src/parameterized_tendencies/tagged_tracers/tagged_tracers.jl:590
┌ Warning: water tag closure residual 2.8851627277357615e-5 exceeds the configured tolerance 1.0e-10 at t = 1717.5 s. The tags no longer account for the field they partition; see output/a1_dt2p5/output_0000/water_tag_closure.csv.
└ @ ClimaAtmos ~/git/ClimaAtmosResiDyn.jl/src/parameterized_tendencies/tagged_tracers/tagged_tracers.jl:590
┌ Warning: water tag closure residual 2.8850278018565922e-5 exceeds the configured tolerance 1.0e-10 at t = 1720.0 s. The tags no longer account for the field they partition; see output/a1_dt2p5/output_0000/water_tag_closure.csv.
└ @ ClimaAtmos ~/git/ClimaAtmosResiDyn.jl/src/parameterized_tendencies/tagged_tracers/tagged_tracers.jl:590
┌ Warning: water tag closure residual 2.884892980170638e-5 exceeds the configured tolerance 1.0e-10 at t = 1722.5 s. The tags no longer account for the field they partition; see output/a1_dt2p5/output_0000/water_tag_closure.csv.
└ @ ClimaAtmos ~/git/ClimaAtmosResiDyn.jl/src/parameterized_tendencies/tagged_tracers/tagged_tracers.jl:590
┌ Warning: water tag closure residual 2.8847582622813574e-5 exceeds the configured tolerance 1.0e-10 at t = 1725.0 s. The tags no longer account for the field they partition; see output/a1_dt2p5/output_0000/water_tag_closure.csv.
└ @ ClimaAtmos ~/git/ClimaAtmosResiDyn.jl/src/parameterized_tendencies/tagged_tracers/tagged_tracers.jl:590
┌ Warning: water tag closure residual 2.884623647741452e-5 exceeds the configured tolerance 1.0e-10 at t = 1727.5 s. The tags no longer account for the field they partition; see output/a1_dt2p5/output_0000/water_tag_closure.csv.
└ @ ClimaAtmos ~/git/ClimaAtmosResiDyn.jl/src/parameterized_tendencies/tagged_tracers/tagged_tracers.jl:590
┌ Warning: water tag closure residual 2.884489136147965e-5 exceeds the configured tolerance 1.0e-10 at t = 1730.0 s. The tags no longer account for the field they partition; see output/a1_dt2p5/output_0000/water_tag_closure.csv.
└ @ ClimaAtmos ~/git/ClimaAtmosResiDyn.jl/src/parameterized_tendencies/tagged_tracers/tagged_tracers.jl:590
┌ Warning: water tag closure residual 2.8843547254794274e-5 exceeds the configured tolerance 1.0e-10 at t = 1732.5 s. The tags no longer account for the field they partition; see output/a1_dt2p5/output_0000/water_tag_closure.csv.
└ @ ClimaAtmos ~/git/ClimaAtmosResiDyn.jl/src/parameterized_tendencies/tagged_tracers/tagged_tracers.jl:590
┌ Warning: water tag closure residual 2.8842204167962806e-5 exceeds the configured tolerance 1.0e-10 at t = 1735.0 s. The tags no longer account for the field they partition; see output/a1_dt2p5/output_0000/water_tag_closure.csv.
└ @ ClimaAtmos ~/git/ClimaAtmosResiDyn.jl/src/parameterized_tendencies/tagged_tracers/tagged_tracers.jl:590
┌ Warning: water tag closure residual 2.8840862102681565e-5 exceeds the configured tolerance 1.0e-10 at t = 1737.5 s. The tags no longer account for the field they partition; see output/a1_dt2p5/output_0000/water_tag_closure.csv.
└ @ ClimaAtmos ~/git/ClimaAtmosResiDyn.jl/src/parameterized_tendencies/tagged_tracers/tagged_tracers.jl:590
┌ Warning: water tag closure residual 2.883952105385619e-5 exceeds the configured tolerance 1.0e-10 at t = 1740.0 s. The tags no longer account for the field they partition; see output/a1_dt2p5/output_0000/water_tag_closure.csv.
└ @ ClimaAtmos ~/git/ClimaAtmosResiDyn.jl/src/parameterized_tendencies/tagged_tracers/tagged_tracers.jl:590
┌ Warning: water tag closure residual 2.883818100831252e-5 exceeds the configured tolerance 1.0e-10 at t = 1742.5 s. The tags no longer account for the field they partition; see output/a1_dt2p5/output_0000/water_tag_closure.csv.
└ @ ClimaAtmos ~/git/ClimaAtmosResiDyn.jl/src/parameterized_tendencies/tagged_tracers/tagged_tracers.jl:590
┌ Warning: water tag closure residual 2.8836841965338232e-5 exceeds the configured tolerance 1.0e-10 at t = 1745.0 s. The tags no longer account for the field they partition; see output/a1_dt2p5/output_0000/water_tag_closure.csv.
└ @ ClimaAtmos ~/git/ClimaAtmosResiDyn.jl/src/parameterized_tendencies/tagged_tracers/tagged_tracers.jl:590
┌ Warning: water tag closure residual 2.8835503927388968e-5 exceeds the configured tolerance 1.0e-10 at t = 1747.5 s. The tags no longer account for the field they partition; see output/a1_dt2p5/output_0000/water_tag_closure.csv.
└ @ ClimaAtmos ~/git/ClimaAtmosResiDyn.jl/src/parameterized_tendencies/tagged_tracers/tagged_tracers.jl:590
┌ Warning: water tag closure residual 2.883416688609473e-5 exceeds the configured tolerance 1.0e-10 at t = 1750.0 s. The tags no longer account for the field they partition; see output/a1_dt2p5/output_0000/water_tag_closure.csv.
└ @ ClimaAtmos ~/git/ClimaAtmosResiDyn.jl/src/parameterized_tendencies/tagged_tracers/tagged_tracers.jl:590
┌ Warning: water tag closure residual 2.8832830832914563e-5 exceeds the configured tolerance 1.0e-10 at t = 1752.5 s. The tags no longer account for the field they partition; see output/a1_dt2p5/output_0000/water_tag_closure.csv.
└ @ ClimaAtmos ~/git/ClimaAtmosResiDyn.jl/src/parameterized_tendencies/tagged_tracers/tagged_tracers.jl:590
┌ Warning: water tag closure residual 2.8831495767805825e-5 exceeds the configured tolerance 1.0e-10 at t = 1755.0 s. The tags no longer account for the field they partition; see output/a1_dt2p5/output_0000/water_tag_closure.csv.
└ @ ClimaAtmos ~/git/ClimaAtmosResiDyn.jl/src/parameterized_tendencies/tagged_tracers/tagged_tracers.jl:590
┌ Warning: water tag closure residual 2.8830161689413757e-5 exceeds the configured tolerance 1.0e-10 at t = 1757.5 s. The tags no longer account for the field they partition; see output/a1_dt2p5/output_0000/water_tag_closure.csv.
└ @ ClimaAtmos ~/git/ClimaAtmosResiDyn.jl/src/parameterized_tendencies/tagged_tracers/tagged_tracers.jl:590
┌ Warning: water tag closure residual 2.8828828589915467e-5 exceeds the configured tolerance 1.0e-10 at t = 1760.0 s. The tags no longer account for the field they partition; see output/a1_dt2p5/output_0000/water_tag_closure.csv.
└ @ ClimaAtmos ~/git/ClimaAtmosResiDyn.jl/src/parameterized_tendencies/tagged_tracers/tagged_tracers.jl:590
┌ Warning: water tag closure residual 2.8827496463640384e-5 exceeds the configured tolerance 1.0e-10 at t = 1762.5 s. The tags no longer account for the field they partition; see output/a1_dt2p5/output_0000/water_tag_closure.csv.
└ @ ClimaAtmos ~/git/ClimaAtmosResiDyn.jl/src/parameterized_tendencies/tagged_tracers/tagged_tracers.jl:590
┌ Warning: water tag closure residual 2.8826165309609322e-5 exceeds the configured tolerance 1.0e-10 at t = 1765.0 s. The tags no longer account for the field they partition; see output/a1_dt2p5/output_0000/water_tag_closure.csv.
└ @ ClimaAtmos ~/git/ClimaAtmosResiDyn.jl/src/parameterized_tendencies/tagged_tracers/tagged_tracers.jl:590
┌ Warning: water tag closure residual 2.882483512476989e-5 exceeds the configured tolerance 1.0e-10 at t = 1767.5 s. The tags no longer account for the field they partition; see output/a1_dt2p5/output_0000/water_tag_closure.csv.
└ @ ClimaAtmos ~/git/ClimaAtmosResiDyn.jl/src/parameterized_tendencies/tagged_tracers/tagged_tracers.jl:590
┌ Warning: water tag closure residual 2.882350590183561e-5 exceeds the configured tolerance 1.0e-10 at t = 1770.0 s. The tags no longer account for the field they partition; see output/a1_dt2p5/output_0000/water_tag_closure.csv.
└ @ ClimaAtmos ~/git/ClimaAtmosResiDyn.jl/src/parameterized_tendencies/tagged_tracers/tagged_tracers.jl:590
┌ Warning: water tag closure residual 2.8822177636798984e-5 exceeds the configured tolerance 1.0e-10 at t = 1772.5 s. The tags no longer account for the field they partition; see output/a1_dt2p5/output_0000/water_tag_closure.csv.
└ @ ClimaAtmos ~/git/ClimaAtmosResiDyn.jl/src/parameterized_tendencies/tagged_tracers/tagged_tracers.jl:590
┌ Warning: water tag closure residual 2.882085032802081e-5 exceeds the configured tolerance 1.0e-10 at t = 1775.0 s. The tags no longer account for the field they partition; see output/a1_dt2p5/output_0000/water_tag_closure.csv.
└ @ ClimaAtmos ~/git/ClimaAtmosResiDyn.jl/src/parameterized_tendencies/tagged_tracers/tagged_tracers.jl:590
┌ Warning: water tag closure residual 2.881952397096589e-5 exceeds the configured tolerance 1.0e-10 at t = 1777.5 s. The tags no longer account for the field they partition; see output/a1_dt2p5/output_0000/water_tag_closure.csv.
└ @ ClimaAtmos ~/git/ClimaAtmosResiDyn.jl/src/parameterized_tendencies/tagged_tracers/tagged_tracers.jl:590
┌ Warning: water tag closure residual 2.8818198559868323e-5 exceeds the configured tolerance 1.0e-10 at t = 1780.0 s. The tags no longer account for the field they partition; see output/a1_dt2p5/output_0000/water_tag_closure.csv.
└ @ ClimaAtmos ~/git/ClimaAtmosResiDyn.jl/src/parameterized_tendencies/tagged_tracers/tagged_tracers.jl:590
┌ Warning: water tag closure residual 2.8816874091244426e-5 exceeds the configured tolerance 1.0e-10 at t = 1782.5 s. The tags no longer account for the field they partition; see output/a1_dt2p5/output_0000/water_tag_closure.csv.
└ @ ClimaAtmos ~/git/ClimaAtmosResiDyn.jl/src/parameterized_tendencies/tagged_tracers/tagged_tracers.jl:590
┌ Warning: water tag closure residual 2.8815550562370377e-5 exceeds the configured tolerance 1.0e-10 at t = 1785.0 s. The tags no longer account for the field they partition; see output/a1_dt2p5/output_0000/water_tag_closure.csv.
└ @ ClimaAtmos ~/git/ClimaAtmosResiDyn.jl/src/parameterized_tendencies/tagged_tracers/tagged_tracers.jl:590
┌ Warning: water tag closure residual 2.8814227968616416e-5 exceeds the configured tolerance 1.0e-10 at t = 1787.5 s. The tags no longer account for the field they partition; see output/a1_dt2p5/output_0000/water_tag_closure.csv.
└ @ ClimaAtmos ~/git/ClimaAtmosResiDyn.jl/src/parameterized_tendencies/tagged_tracers/tagged_tracers.jl:590
┌ Warning: water tag closure residual 2.8812906107242926e-5 exceeds the configured tolerance 1.0e-10 at t = 1790.0 s. The tags no longer account for the field they partition; see output/a1_dt2p5/output_0000/water_tag_closure.csv.
└ @ ClimaAtmos ~/git/ClimaAtmosResiDyn.jl/src/parameterized_tendencies/tagged_tracers/tagged_tracers.jl:590
┌ Warning: water tag closure residual 2.881158500094042e-5 exceeds the configured tolerance 1.0e-10 at t = 1792.5 s. The tags no longer account for the field they partition; see output/a1_dt2p5/output_0000/water_tag_closure.csv.
└ @ ClimaAtmos ~/git/ClimaAtmosResiDyn.jl/src/parameterized_tendencies/tagged_tracers/tagged_tracers.jl:590
┌ Warning: water tag closure residual 2.881026486480839e-5 exceeds the configured tolerance 1.0e-10 at t = 1795.0 s. The tags no longer account for the field they partition; see output/a1_dt2p5/output_0000/water_tag_closure.csv.
└ @ ClimaAtmos ~/git/ClimaAtmosResiDyn.jl/src/parameterized_tendencies/tagged_tracers/tagged_tracers.jl:590
┌ Warning: water tag closure residual 2.880894568581264e-5 exceeds the configured tolerance 1.0e-10 at t = 1797.5 s. The tags no longer account for the field they partition; see output/a1_dt2p5/output_0000/water_tag_closure.csv.
└ @ ClimaAtmos ~/git/ClimaAtmosResiDyn.jl/src/parameterized_tendencies/tagged_tracers/tagged_tracers.jl:590
┌ Warning: water tag closure residual 2.8807627414818508e-5 exceeds the configured tolerance 1.0e-10 at t = 1800.0 s. The tags no longer account for the field they partition; see output/a1_dt2p5/output_0000/water_tag_closure.csv.
└ @ ClimaAtmos ~/git/ClimaAtmosResiDyn.jl/src/parameterized_tendencies/tagged_tracers/tagged_tracers.jl:590
┌ Warning: water tag closure residual 2.8806310018316213e-5 exceeds the configured tolerance 1.0e-10 at t = 1802.5 s. The tags no longer account for the field they partition; see output/a1_dt2p5/output_0000/water_tag_closure.csv.
└ @ ClimaAtmos ~/git/ClimaAtmosResiDyn.jl/src/parameterized_tendencies/tagged_tracers/tagged_tracers.jl:590
┌ Warning: water tag closure residual 2.8804993889024718e-5 exceeds the configured tolerance 1.0e-10 at t = 1805.0 s. The tags no longer account for the field they partition; see output/a1_dt2p5/output_0000/water_tag_closure.csv.
└ @ ClimaAtmos ~/git/ClimaAtmosResiDyn.jl/src/parameterized_tendencies/tagged_tracers/tagged_tracers.jl:590
┌ Warning: water tag closure residual 2.8803680142713876e-5 exceeds the configured tolerance 1.0e-10 at t = 1807.5 s. The tags no longer account for the field they partition; see output/a1_dt2p5/output_0000/water_tag_closure.csv.
└ @ ClimaAtmos ~/git/ClimaAtmosResiDyn.jl/src/parameterized_tendencies/tagged_tracers/tagged_tracers.jl:590
┌ Warning: water tag closure residual 2.88023675164284e-5 exceeds the configured tolerance 1.0e-10 at t = 1810.0 s. The tags no longer account for the field they partition; see output/a1_dt2p5/output_0000/water_tag_closure.csv.
└ @ ClimaAtmos ~/git/ClimaAtmosResiDyn.jl/src/parameterized_tendencies/tagged_tracers/tagged_tracers.jl:590
┌ Warning: water tag closure residual 2.8801054694305492e-5 exceeds the configured tolerance 1.0e-10 at t = 1812.5 s. The tags no longer account for the field they partition; see output/a1_dt2p5/output_0000/water_tag_closure.csv.
└ @ ClimaAtmos ~/git/ClimaAtmosResiDyn.jl/src/parameterized_tendencies/tagged_tracers/tagged_tracers.jl:590
┌ Warning: water tag closure residual 2.8799742679081997e-5 exceeds the configured tolerance 1.0e-10 at t = 1815.0 s. The tags no longer account for the field they partition; see output/a1_dt2p5/output_0000/water_tag_closure.csv.
└ @ ClimaAtmos ~/git/ClimaAtmosResiDyn.jl/src/parameterized_tendencies/tagged_tracers/tagged_tracers.jl:590
┌ Warning: water tag closure residual 2.879843250941688e-5 exceeds the configured tolerance 1.0e-10 at t = 1817.5 s. The tags no longer account for the field they partition; see output/a1_dt2p5/output_0000/water_tag_closure.csv.
└ @ ClimaAtmos ~/git/ClimaAtmosResiDyn.jl/src/parameterized_tendencies/tagged_tracers/tagged_tracers.jl:590
┌ Warning: water tag closure residual 2.8797123099221902e-5 exceeds the configured tolerance 1.0e-10 at t = 1820.0 s. The tags no longer account for the field they partition; see output/a1_dt2p5/output_0000/water_tag_closure.csv.
└ @ ClimaAtmos ~/git/ClimaAtmosResiDyn.jl/src/parameterized_tendencies/tagged_tracers/tagged_tracers.jl:590
┌ Warning: water tag closure residual 2.8795813827441982e-5 exceeds the configured tolerance 1.0e-10 at t = 1822.5 s. The tags no longer account for the field they partition; see output/a1_dt2p5/output_0000/water_tag_closure.csv.
└ @ ClimaAtmos ~/git/ClimaAtmosResiDyn.jl/src/parameterized_tendencies/tagged_tracers/tagged_tracers.jl:590
┌ Warning: water tag closure residual 2.8794505666144796e-5 exceeds the configured tolerance 1.0e-10 at t = 1825.0 s. The tags no longer account for the field they partition; see output/a1_dt2p5/output_0000/water_tag_closure.csv.
└ @ ClimaAtmos ~/git/ClimaAtmosResiDyn.jl/src/parameterized_tendencies/tagged_tracers/tagged_tracers.jl:590
┌ Warning: water tag closure residual 2.8793198937434e-5 exceeds the configured tolerance 1.0e-10 at t = 1827.5 s. The tags no longer account for the field they partition; see output/a1_dt2p5/output_0000/water_tag_closure.csv.
└ @ ClimaAtmos ~/git/ClimaAtmosResiDyn.jl/src/parameterized_tendencies/tagged_tracers/tagged_tracers.jl:590
┌ Info: Progress
│   simulation_time = "30 minutes, 27 seconds"
│   n_steps_completed = 731
│   wall_time_per_step = "4 milliseconds, 609 microseconds"
│   wall_time_total = "6 seconds, 638 milliseconds"
│   wall_time_remaining = "3 seconds, 268 milliseconds"
│   wall_time_spent = "3 seconds, 369 milliseconds"
│   percent_complete = "50.8%"
│   estimated_sypd = "1.485"
│   instantaneous_sypd = "2.247"
│   date_now = 2026-09-10T00:20:15.897
└   estimated_finish_date = 2026-09-10T00:20:19.897
┌ Warning: water tag closure residual 2.879189264437717e-5 exceeds the configured tolerance 1.0e-10 at t = 1830.0 s. The tags no longer account for the field they partition; see output/a1_dt2p5/output_0000/water_tag_closure.csv.
└ @ ClimaAtmos ~/git/ClimaAtmosResiDyn.jl/src/parameterized_tendencies/tagged_tracers/tagged_tracers.jl:590
┌ Warning: water tag closure residual 2.8790586443864655e-5 exceeds the configured tolerance 1.0e-10 at t = 1832.5 s. The tags no longer account for the field they partition; see output/a1_dt2p5/output_0000/water_tag_closure.csv.
└ @ ClimaAtmos ~/git/ClimaAtmosResiDyn.jl/src/parameterized_tendencies/tagged_tracers/tagged_tracers.jl:590
┌ Warning: water tag closure residual 2.8789281395384047e-5 exceeds the configured tolerance 1.0e-10 at t = 1835.0 s. The tags no longer account for the field they partition; see output/a1_dt2p5/output_0000/water_tag_closure.csv.
└ @ ClimaAtmos ~/git/ClimaAtmosResiDyn.jl/src/parameterized_tendencies/tagged_tracers/tagged_tracers.jl:590
┌ Warning: water tag closure residual 2.8787977409018173e-5 exceeds the configured tolerance 1.0e-10 at t = 1837.5 s. The tags no longer account for the field they partition; see output/a1_dt2p5/output_0000/water_tag_closure.csv.
└ @ ClimaAtmos ~/git/ClimaAtmosResiDyn.jl/src/parameterized_tendencies/tagged_tracers/tagged_tracers.jl:590
┌ Warning: water tag closure residual 2.8786673906807872e-5 exceeds the configured tolerance 1.0e-10 at t = 1840.0 s. The tags no longer account for the field they partition; see output/a1_dt2p5/output_0000/water_tag_closure.csv.
└ @ ClimaAtmos ~/git/ClimaAtmosResiDyn.jl/src/parameterized_tendencies/tagged_tracers/tagged_tracers.jl:590
┌ Warning: water tag closure residual 2.8785370997867965e-5 exceeds the configured tolerance 1.0e-10 at t = 1842.5 s. The tags no longer account for the field they partition; see output/a1_dt2p5/output_0000/water_tag_closure.csv.
└ @ ClimaAtmos ~/git/ClimaAtmosResiDyn.jl/src/parameterized_tendencies/tagged_tracers/tagged_tracers.jl:590
┌ Warning: water tag closure residual 2.8784069122042265e-5 exceeds the configured tolerance 1.0e-10 at t = 1845.0 s. The tags no longer account for the field they partition; see output/a1_dt2p5/output_0000/water_tag_closure.csv.
└ @ ClimaAtmos ~/git/ClimaAtmosResiDyn.jl/src/parameterized_tendencies/tagged_tracers/tagged_tracers.jl:590
┌ Warning: water tag closure residual 2.8782768101912793e-5 exceeds the configured tolerance 1.0e-10 at t = 1847.5 s. The tags no longer account for the field they partition; see output/a1_dt2p5/output_0000/water_tag_closure.csv.
└ @ ClimaAtmos ~/git/ClimaAtmosResiDyn.jl/src/parameterized_tendencies/tagged_tracers/tagged_tracers.jl:590
┌ Warning: water tag closure residual 2.8781467594856265e-5 exceeds the configured tolerance 1.0e-10 at t = 1850.0 s. The tags no longer account for the field they partition; see output/a1_dt2p5/output_0000/water_tag_closure.csv.
└ @ ClimaAtmos ~/git/ClimaAtmosResiDyn.jl/src/parameterized_tendencies/tagged_tracers/tagged_tracers.jl:590
┌ Warning: water tag closure residual 2.878016781222883e-5 exceeds the configured tolerance 1.0e-10 at t = 1852.5 s. The tags no longer account for the field they partition; see output/a1_dt2p5/output_0000/water_tag_closure.csv.
└ @ ClimaAtmos ~/git/ClimaAtmosResiDyn.jl/src/parameterized_tendencies/tagged_tracers/tagged_tracers.jl:590
┌ Warning: water tag closure residual 2.877886899272031e-5 exceeds the configured tolerance 1.0e-10 at t = 1855.0 s. The tags no longer account for the field they partition; see output/a1_dt2p5/output_0000/water_tag_closure.csv.
└ @ ClimaAtmos ~/git/ClimaAtmosResiDyn.jl/src/parameterized_tendencies/tagged_tracers/tagged_tracers.jl:590
┌ Warning: water tag closure residual 2.8777570916472873e-5 exceeds the configured tolerance 1.0e-10 at t = 1857.5 s. The tags no longer account for the field they partition; see output/a1_dt2p5/output_0000/water_tag_closure.csv.
└ @ ClimaAtmos ~/git/ClimaAtmosResiDyn.jl/src/parameterized_tendencies/tagged_tracers/tagged_tracers.jl:590
┌ Warning: water tag closure residual 2.877627342112706e-5 exceeds the configured tolerance 1.0e-10 at t = 1860.0 s. The tags no longer account for the field they partition; see output/a1_dt2p5/output_0000/water_tag_closure.csv.
└ @ ClimaAtmos ~/git/ClimaAtmosResiDyn.jl/src/parameterized_tendencies/tagged_tracers/tagged_tracers.jl:590
┌ Warning: water tag closure residual 2.8774976705840753e-5 exceeds the configured tolerance 1.0e-10 at t = 1862.5 s. The tags no longer account for the field they partition; see output/a1_dt2p5/output_0000/water_tag_closure.csv.
└ @ ClimaAtmos ~/git/ClimaAtmosResiDyn.jl/src/parameterized_tendencies/tagged_tracers/tagged_tracers.jl:590
┌ Warning: water tag closure residual 2.8773680859045098e-5 exceeds the configured tolerance 1.0e-10 at t = 1865.0 s. The tags no longer account for the field they partition; see output/a1_dt2p5/output_0000/water_tag_closure.csv.
└ @ ClimaAtmos ~/git/ClimaAtmosResiDyn.jl/src/parameterized_tendencies/tagged_tracers/tagged_tracers.jl:590
┌ Warning: water tag closure residual 2.8772385695725695e-5 exceeds the configured tolerance 1.0e-10 at t = 1867.5 s. The tags no longer account for the field they partition; see output/a1_dt2p5/output_0000/water_tag_closure.csv.
└ @ ClimaAtmos ~/git/ClimaAtmosResiDyn.jl/src/parameterized_tendencies/tagged_tracers/tagged_tracers.jl:590
┌ Warning: water tag closure residual 2.8771091169993206e-5 exceeds the configured tolerance 1.0e-10 at t = 1870.0 s. The tags no longer account for the field they partition; see output/a1_dt2p5/output_0000/water_tag_closure.csv.
└ @ ClimaAtmos ~/git/ClimaAtmosResiDyn.jl/src/parameterized_tendencies/tagged_tracers/tagged_tracers.jl:590
┌ Warning: water tag closure residual 2.8769797431744987e-5 exceeds the configured tolerance 1.0e-10 at t = 1872.5 s. The tags no longer account for the field they partition; see output/a1_dt2p5/output_0000/water_tag_closure.csv.
└ @ ClimaAtmos ~/git/ClimaAtmosResiDyn.jl/src/parameterized_tendencies/tagged_tracers/tagged_tracers.jl:590
┌ Warning: water tag closure residual 2.876850439761893e-5 exceeds the configured tolerance 1.0e-10 at t = 1875.0 s. The tags no longer account for the field they partition; see output/a1_dt2p5/output_0000/water_tag_closure.csv.
└ @ ClimaAtmos ~/git/ClimaAtmosResiDyn.jl/src/parameterized_tendencies/tagged_tracers/tagged_tracers.jl:590
┌ Warning: water tag closure residual 2.876721188532221e-5 exceeds the configured tolerance 1.0e-10 at t = 1877.5 s. The tags no longer account for the field they partition; see output/a1_dt2p5/output_0000/water_tag_closure.csv.
└ @ ClimaAtmos ~/git/ClimaAtmosResiDyn.jl/src/parameterized_tendencies/tagged_tracers/tagged_tracers.jl:590
┌ Warning: water tag closure residual 2.876592007179375e-5 exceeds the configured tolerance 1.0e-10 at t = 1880.0 s. The tags no longer account for the field they partition; see output/a1_dt2p5/output_0000/water_tag_closure.csv.
└ @ ClimaAtmos ~/git/ClimaAtmosResiDyn.jl/src/parameterized_tendencies/tagged_tracers/tagged_tracers.jl:590
┌ Warning: water tag closure residual 2.8764629069738935e-5 exceeds the configured tolerance 1.0e-10 at t = 1882.5 s. The tags no longer account for the field they partition; see output/a1_dt2p5/output_0000/water_tag_closure.csv.
└ @ ClimaAtmos ~/git/ClimaAtmosResiDyn.jl/src/parameterized_tendencies/tagged_tracers/tagged_tracers.jl:590
┌ Warning: water tag closure residual 2.8763338806799306e-5 exceeds the configured tolerance 1.0e-10 at t = 1885.0 s. The tags no longer account for the field they partition; see output/a1_dt2p5/output_0000/water_tag_closure.csv.
└ @ ClimaAtmos ~/git/ClimaAtmosResiDyn.jl/src/parameterized_tendencies/tagged_tracers/tagged_tracers.jl:590
┌ Warning: water tag closure residual 2.876204916142893e-5 exceeds the configured tolerance 1.0e-10 at t = 1887.5 s. The tags no longer account for the field they partition; see output/a1_dt2p5/output_0000/water_tag_closure.csv.
└ @ ClimaAtmos ~/git/ClimaAtmosResiDyn.jl/src/parameterized_tendencies/tagged_tracers/tagged_tracers.jl:590
┌ Warning: water tag closure residual 2.8760760215126638e-5 exceeds the configured tolerance 1.0e-10 at t = 1890.0 s. The tags no longer account for the field they partition; see output/a1_dt2p5/output_0000/water_tag_closure.csv.
└ @ ClimaAtmos ~/git/ClimaAtmosResiDyn.jl/src/parameterized_tendencies/tagged_tracers/tagged_tracers.jl:590
┌ Warning: water tag closure residual 2.875947243374122e-5 exceeds the configured tolerance 1.0e-10 at t = 1892.5 s. The tags no longer account for the field they partition; see output/a1_dt2p5/output_0000/water_tag_closure.csv.
└ @ ClimaAtmos ~/git/ClimaAtmosResiDyn.jl/src/parameterized_tendencies/tagged_tracers/tagged_tracers.jl:590
┌ Warning: water tag closure residual 2.87582077561876e-5 exceeds the configured tolerance 1.0e-10 at t = 1895.0 s. The tags no longer account for the field they partition; see output/a1_dt2p5/output_0000/water_tag_closure.csv.
└ @ ClimaAtmos ~/git/ClimaAtmosResiDyn.jl/src/parameterized_tendencies/tagged_tracers/tagged_tracers.jl:590
┌ Warning: water tag closure residual 2.87569417593207e-5 exceeds the configured tolerance 1.0e-10 at t = 1897.5 s. The tags no longer account for the field they partition; see output/a1_dt2p5/output_0000/water_tag_closure.csv.
└ @ ClimaAtmos ~/git/ClimaAtmosResiDyn.jl/src/parameterized_tendencies/tagged_tracers/tagged_tracers.jl:590
┌ Warning: water tag closure residual 2.8755675332862872e-5 exceeds the configured tolerance 1.0e-10 at t = 1900.0 s. The tags no longer account for the field they partition; see output/a1_dt2p5/output_0000/water_tag_closure.csv.
└ @ ClimaAtmos ~/git/ClimaAtmosResiDyn.jl/src/parameterized_tendencies/tagged_tracers/tagged_tracers.jl:590
┌ Warning: water tag closure residual 2.8754408146750358e-5 exceeds the configured tolerance 1.0e-10 at t = 1902.5 s. The tags no longer account for the field they partition; see output/a1_dt2p5/output_0000/water_tag_closure.csv.
└ @ ClimaAtmos ~/git/ClimaAtmosResiDyn.jl/src/parameterized_tendencies/tagged_tracers/tagged_tracers.jl:590
┌ Warning: water tag closure residual 2.8753141485896425e-5 exceeds the configured tolerance 1.0e-10 at t = 1905.0 s. The tags no longer account for the field they partition; see output/a1_dt2p5/output_0000/water_tag_closure.csv.
└ @ ClimaAtmos ~/git/ClimaAtmosResiDyn.jl/src/parameterized_tendencies/tagged_tracers/tagged_tracers.jl:590
┌ Warning: water tag closure residual 2.8751877218337666e-5 exceeds the configured tolerance 1.0e-10 at t = 1907.5 s. The tags no longer account for the field they partition; see output/a1_dt2p5/output_0000/water_tag_closure.csv.
└ @ ClimaAtmos ~/git/ClimaAtmosResiDyn.jl/src/parameterized_tendencies/tagged_tracers/tagged_tracers.jl:590
┌ Warning: water tag closure residual 2.8750612854215893e-5 exceeds the configured tolerance 1.0e-10 at t = 1910.0 s. The tags no longer account for the field they partition; see output/a1_dt2p5/output_0000/water_tag_closure.csv.
└ @ ClimaAtmos ~/git/ClimaAtmosResiDyn.jl/src/parameterized_tendencies/tagged_tracers/tagged_tracers.jl:590
┌ Warning: water tag closure residual 2.8749348208715167e-5 exceeds the configured tolerance 1.0e-10 at t = 1912.5 s. The tags no longer account for the field they partition; see output/a1_dt2p5/output_0000/water_tag_closure.csv.
└ @ ClimaAtmos ~/git/ClimaAtmosResiDyn.jl/src/parameterized_tendencies/tagged_tracers/tagged_tracers.jl:590
┌ Warning: water tag closure residual 2.874808481725887e-5 exceeds the configured tolerance 1.0e-10 at t = 1915.0 s. The tags no longer account for the field they partition; see output/a1_dt2p5/output_0000/water_tag_closure.csv.
└ @ ClimaAtmos ~/git/ClimaAtmosResiDyn.jl/src/parameterized_tendencies/tagged_tracers/tagged_tracers.jl:590
┌ Warning: water tag closure residual 2.8746822742646857e-5 exceeds the configured tolerance 1.0e-10 at t = 1917.5 s. The tags no longer account for the field they partition; see output/a1_dt2p5/output_0000/water_tag_closure.csv.
└ @ ClimaAtmos ~/git/ClimaAtmosResiDyn.jl/src/parameterized_tendencies/tagged_tracers/tagged_tracers.jl:590
┌ Warning: water tag closure residual 2.8745560716882956e-5 exceeds the configured tolerance 1.0e-10 at t = 1920.0 s. The tags no longer account for the field they partition; see output/a1_dt2p5/output_0000/water_tag_closure.csv.
└ @ ClimaAtmos ~/git/ClimaAtmosResiDyn.jl/src/parameterized_tendencies/tagged_tracers/tagged_tracers.jl:590
┌ Warning: water tag closure residual 2.8744298832747702e-5 exceeds the configured tolerance 1.0e-10 at t = 1922.5 s. The tags no longer account for the field they partition; see output/a1_dt2p5/output_0000/water_tag_closure.csv.
└ @ ClimaAtmos ~/git/ClimaAtmosResiDyn.jl/src/parameterized_tendencies/tagged_tracers/tagged_tracers.jl:590
┌ Warning: water tag closure residual 2.87430381831199e-5 exceeds the configured tolerance 1.0e-10 at t = 1925.0 s. The tags no longer account for the field they partition; see output/a1_dt2p5/output_0000/water_tag_closure.csv.
└ @ ClimaAtmos ~/git/ClimaAtmosResiDyn.jl/src/parameterized_tendencies/tagged_tracers/tagged_tracers.jl:590
┌ Warning: water tag closure residual 2.8741778417026497e-5 exceeds the configured tolerance 1.0e-10 at t = 1927.5 s. The tags no longer account for the field they partition; see output/a1_dt2p5/output_0000/water_tag_closure.csv.
└ @ ClimaAtmos ~/git/ClimaAtmosResiDyn.jl/src/parameterized_tendencies/tagged_tracers/tagged_tracers.jl:590
┌ Warning: water tag closure residual 2.8740518753103386e-5 exceeds the configured tolerance 1.0e-10 at t = 1930.0 s. The tags no longer account for the field they partition; see output/a1_dt2p5/output_0000/water_tag_closure.csv.
└ @ ClimaAtmos ~/git/ClimaAtmosResiDyn.jl/src/parameterized_tendencies/tagged_tracers/tagged_tracers.jl:590
┌ Warning: water tag closure residual 2.873925958267168e-5 exceeds the configured tolerance 1.0e-10 at t = 1932.5 s. The tags no longer account for the field they partition; see output/a1_dt2p5/output_0000/water_tag_closure.csv.
└ @ ClimaAtmos ~/git/ClimaAtmosResiDyn.jl/src/parameterized_tendencies/tagged_tracers/tagged_tracers.jl:590
┌ Warning: water tag closure residual 2.8738001470338626e-5 exceeds the configured tolerance 1.0e-10 at t = 1935.0 s. The tags no longer account for the field they partition; see output/a1_dt2p5/output_0000/water_tag_closure.csv.
└ @ ClimaAtmos ~/git/ClimaAtmosResiDyn.jl/src/parameterized_tendencies/tagged_tracers/tagged_tracers.jl:590
┌ Warning: water tag closure residual 2.8736743706602304e-5 exceeds the configured tolerance 1.0e-10 at t = 1937.5 s. The tags no longer account for the field they partition; see output/a1_dt2p5/output_0000/water_tag_closure.csv.
└ @ ClimaAtmos ~/git/ClimaAtmosResiDyn.jl/src/parameterized_tendencies/tagged_tracers/tagged_tracers.jl:590
┌ Warning: water tag closure residual 2.8735485981870274e-5 exceeds the configured tolerance 1.0e-10 at t = 1940.0 s. The tags no longer account for the field they partition; see output/a1_dt2p5/output_0000/water_tag_closure.csv.
└ @ ClimaAtmos ~/git/ClimaAtmosResiDyn.jl/src/parameterized_tendencies/tagged_tracers/tagged_tracers.jl:590
┌ Warning: water tag closure residual 2.8734228986834455e-5 exceeds the configured tolerance 1.0e-10 at t = 1942.5 s. The tags no longer account for the field they partition; see output/a1_dt2p5/output_0000/water_tag_closure.csv.
└ @ ClimaAtmos ~/git/ClimaAtmosResiDyn.jl/src/parameterized_tendencies/tagged_tracers/tagged_tracers.jl:590
┌ Warning: water tag closure residual 2.873297300671018e-5 exceeds the configured tolerance 1.0e-10 at t = 1945.0 s. The tags no longer account for the field they partition; see output/a1_dt2p5/output_0000/water_tag_closure.csv.
└ @ ClimaAtmos ~/git/ClimaAtmosResiDyn.jl/src/parameterized_tendencies/tagged_tracers/tagged_tracers.jl:590
┌ Warning: water tag closure residual 2.873171749340929e-5 exceeds the configured tolerance 1.0e-10 at t = 1947.5 s. The tags no longer account for the field they partition; see output/a1_dt2p5/output_0000/water_tag_closure.csv.
└ @ ClimaAtmos ~/git/ClimaAtmosResiDyn.jl/src/parameterized_tendencies/tagged_tracers/tagged_tracers.jl:590
┌ Warning: water tag closure residual 2.8730462274086155e-5 exceeds the configured tolerance 1.0e-10 at t = 1950.0 s. The tags no longer account for the field they partition; see output/a1_dt2p5/output_0000/water_tag_closure.csv.
└ @ ClimaAtmos ~/git/ClimaAtmosResiDyn.jl/src/parameterized_tendencies/tagged_tracers/tagged_tracers.jl:590
┌ Warning: water tag closure residual 2.872920783413289e-5 exceeds the configured tolerance 1.0e-10 at t = 1952.5 s. The tags no longer account for the field they partition; see output/a1_dt2p5/output_0000/water_tag_closure.csv.
└ @ ClimaAtmos ~/git/ClimaAtmosResiDyn.jl/src/parameterized_tendencies/tagged_tracers/tagged_tracers.jl:590
┌ Warning: water tag closure residual 2.8727954216651422e-5 exceeds the configured tolerance 1.0e-10 at t = 1955.0 s. The tags no longer account for the field they partition; see output/a1_dt2p5/output_0000/water_tag_closure.csv.
└ @ ClimaAtmos ~/git/ClimaAtmosResiDyn.jl/src/parameterized_tendencies/tagged_tracers/tagged_tracers.jl:590
┌ Warning: water tag closure residual 2.8726701017087575e-5 exceeds the configured tolerance 1.0e-10 at t = 1957.5 s. The tags no longer account for the field they partition; see output/a1_dt2p5/output_0000/water_tag_closure.csv.
└ @ ClimaAtmos ~/git/ClimaAtmosResiDyn.jl/src/parameterized_tendencies/tagged_tracers/tagged_tracers.jl:590
┌ Warning: water tag closure residual 2.8725448269254053e-5 exceeds the configured tolerance 1.0e-10 at t = 1960.0 s. The tags no longer account for the field they partition; see output/a1_dt2p5/output_0000/water_tag_closure.csv.
└ @ ClimaAtmos ~/git/ClimaAtmosResiDyn.jl/src/parameterized_tendencies/tagged_tracers/tagged_tracers.jl:590
┌ Warning: water tag closure residual 2.8724196288315095e-5 exceeds the configured tolerance 1.0e-10 at t = 1962.5 s. The tags no longer account for the field they partition; see output/a1_dt2p5/output_0000/water_tag_closure.csv.
└ @ ClimaAtmos ~/git/ClimaAtmosResiDyn.jl/src/parameterized_tendencies/tagged_tracers/tagged_tracers.jl:590
┌ Warning: water tag closure residual 2.872294498718992e-5 exceeds the configured tolerance 1.0e-10 at t = 1965.0 s. The tags no longer account for the field they partition; see output/a1_dt2p5/output_0000/water_tag_closure.csv.
└ @ ClimaAtmos ~/git/ClimaAtmosResiDyn.jl/src/parameterized_tendencies/tagged_tracers/tagged_tracers.jl:590
┌ Warning: water tag closure residual 2.8721694120853668e-5 exceeds the configured tolerance 1.0e-10 at t = 1967.5 s. The tags no longer account for the field they partition; see output/a1_dt2p5/output_0000/water_tag_closure.csv.
└ @ ClimaAtmos ~/git/ClimaAtmosResiDyn.jl/src/parameterized_tendencies/tagged_tracers/tagged_tracers.jl:590
┌ Warning: water tag closure residual 2.8720443799265972e-5 exceeds the configured tolerance 1.0e-10 at t = 1970.0 s. The tags no longer account for the field they partition; see output/a1_dt2p5/output_0000/water_tag_closure.csv.
└ @ ClimaAtmos ~/git/ClimaAtmosResiDyn.jl/src/parameterized_tendencies/tagged_tracers/tagged_tracers.jl:590
┌ Warning: water tag closure residual 2.871919419615856e-5 exceeds the configured tolerance 1.0e-10 at t = 1972.5 s. The tags no longer account for the field they partition; see output/a1_dt2p5/output_0000/water_tag_closure.csv.
└ @ ClimaAtmos ~/git/ClimaAtmosResiDyn.jl/src/parameterized_tendencies/tagged_tracers/tagged_tracers.jl:590
┌ Warning: water tag closure residual 2.871794518704431e-5 exceeds the configured tolerance 1.0e-10 at t = 1975.0 s. The tags no longer account for the field they partition; see output/a1_dt2p5/output_0000/water_tag_closure.csv.
└ @ ClimaAtmos ~/git/ClimaAtmosResiDyn.jl/src/parameterized_tendencies/tagged_tracers/tagged_tracers.jl:590
┌ Warning: water tag closure residual 2.87166966488688e-5 exceeds the configured tolerance 1.0e-10 at t = 1977.5 s. The tags no longer account for the field they partition; see output/a1_dt2p5/output_0000/water_tag_closure.csv.
└ @ ClimaAtmos ~/git/ClimaAtmosResiDyn.jl/src/parameterized_tendencies/tagged_tracers/tagged_tracers.jl:590
┌ Warning: water tag closure residual 2.8715448699625783e-5 exceeds the configured tolerance 1.0e-10 at t = 1980.0 s. The tags no longer account for the field they partition; see output/a1_dt2p5/output_0000/water_tag_closure.csv.
└ @ ClimaAtmos ~/git/ClimaAtmosResiDyn.jl/src/parameterized_tendencies/tagged_tracers/tagged_tracers.jl:590
┌ Warning: water tag closure residual 2.8714201383129864e-5 exceeds the configured tolerance 1.0e-10 at t = 1982.5 s. The tags no longer account for the field they partition; see output/a1_dt2p5/output_0000/water_tag_closure.csv.
└ @ ClimaAtmos ~/git/ClimaAtmosResiDyn.jl/src/parameterized_tendencies/tagged_tracers/tagged_tracers.jl:590
┌ Warning: water tag closure residual 2.8712954595237356e-5 exceeds the configured tolerance 1.0e-10 at t = 1985.0 s. The tags no longer account for the field they partition; see output/a1_dt2p5/output_0000/water_tag_closure.csv.
└ @ ClimaAtmos ~/git/ClimaAtmosResiDyn.jl/src/parameterized_tendencies/tagged_tracers/tagged_tracers.jl:590
┌ Warning: water tag closure residual 2.8711708320954574e-5 exceeds the configured tolerance 1.0e-10 at t = 1987.5 s. The tags no longer account for the field they partition; see output/a1_dt2p5/output_0000/water_tag_closure.csv.
└ @ ClimaAtmos ~/git/ClimaAtmosResiDyn.jl/src/parameterized_tendencies/tagged_tracers/tagged_tracers.jl:590
┌ Warning: water tag closure residual 2.8710462660557517e-5 exceeds the configured tolerance 1.0e-10 at t = 1990.0 s. The tags no longer account for the field they partition; see output/a1_dt2p5/output_0000/water_tag_closure.csv.
└ @ ClimaAtmos ~/git/ClimaAtmosResiDyn.jl/src/parameterized_tendencies/tagged_tracers/tagged_tracers.jl:590
┌ Warning: water tag closure residual 2.8709217610303667e-5 exceeds the configured tolerance 1.0e-10 at t = 1992.5 s. The tags no longer account for the field they partition; see output/a1_dt2p5/output_0000/water_tag_closure.csv.
└ @ ClimaAtmos ~/git/ClimaAtmosResiDyn.jl/src/parameterized_tendencies/tagged_tracers/tagged_tracers.jl:590
┌ Warning: water tag closure residual 2.8707973081802176e-5 exceeds the configured tolerance 1.0e-10 at t = 1995.0 s. The tags no longer account for the field they partition; see output/a1_dt2p5/output_0000/water_tag_closure.csv.
└ @ ClimaAtmos ~/git/ClimaAtmosResiDyn.jl/src/parameterized_tendencies/tagged_tracers/tagged_tracers.jl:590
┌ Warning: water tag closure residual 2.8706729091322834e-5 exceeds the configured tolerance 1.0e-10 at t = 1997.5 s. The tags no longer account for the field they partition; see output/a1_dt2p5/output_0000/water_tag_closure.csv.
└ @ ClimaAtmos ~/git/ClimaAtmosResiDyn.jl/src/parameterized_tendencies/tagged_tracers/tagged_tracers.jl:590
┌ Warning: water tag closure residual 2.8705485702349217e-5 exceeds the configured tolerance 1.0e-10 at t = 2000.0 s. The tags no longer account for the field they partition; see output/a1_dt2p5/output_0000/water_tag_closure.csv.
└ @ ClimaAtmos ~/git/ClimaAtmosResiDyn.jl/src/parameterized_tendencies/tagged_tracers/tagged_tracers.jl:590
┌ Warning: water tag closure residual 2.870424288619218e-5 exceeds the configured tolerance 1.0e-10 at t = 2002.5 s. The tags no longer account for the field they partition; see output/a1_dt2p5/output_0000/water_tag_closure.csv.
└ @ ClimaAtmos ~/git/ClimaAtmosResiDyn.jl/src/parameterized_tendencies/tagged_tracers/tagged_tracers.jl:590
┌ Warning: water tag closure residual 2.8703000592524744e-5 exceeds the configured tolerance 1.0e-10 at t = 2005.0 s. The tags no longer account for the field they partition; see output/a1_dt2p5/output_0000/water_tag_closure.csv.
└ @ ClimaAtmos ~/git/ClimaAtmosResiDyn.jl/src/parameterized_tendencies/tagged_tracers/tagged_tracers.jl:590
┌ Warning: water tag closure residual 2.8701758848930425e-5 exceeds the configured tolerance 1.0e-10 at t = 2007.5 s. The tags no longer account for the field they partition; see output/a1_dt2p5/output_0000/water_tag_closure.csv.
└ @ ClimaAtmos ~/git/ClimaAtmosResiDyn.jl/src/parameterized_tendencies/tagged_tracers/tagged_tracers.jl:590
┌ Warning: water tag closure residual 2.870051768722158e-5 exceeds the configured tolerance 1.0e-10 at t = 2010.0 s. The tags no longer account for the field they partition; see output/a1_dt2p5/output_0000/water_tag_closure.csv.
└ @ ClimaAtmos ~/git/ClimaAtmosResiDyn.jl/src/parameterized_tendencies/tagged_tracers/tagged_tracers.jl:590
┌ Info: Progress
│   simulation_time = "33 minutes, 30 seconds"
│   n_steps_completed = 804
│   wall_time_per_step = "4 milliseconds, 475 microseconds"
│   wall_time_total = "6 seconds, 445 milliseconds"
│   wall_time_remaining = "2 seconds, 846 milliseconds"
│   wall_time_spent = "3 seconds, 598 milliseconds"
│   percent_complete = "55.8%"
│   estimated_sypd = "1.529"
│   instantaneous_sypd = "2.183"
│   date_now = 2026-09-10T00:20:16.126
└   estimated_finish_date = 2026-09-10T00:20:19.126
┌ Warning: water tag closure residual 2.8699277074814594e-5 exceeds the configured tolerance 1.0e-10 at t = 2012.5 s. The tags no longer account for the field they partition; see output/a1_dt2p5/output_0000/water_tag_closure.csv.
└ @ ClimaAtmos ~/git/ClimaAtmosResiDyn.jl/src/parameterized_tendencies/tagged_tracers/tagged_tracers.jl:590
┌ Warning: water tag closure residual 2.8698036987763244e-5 exceeds the configured tolerance 1.0e-10 at t = 2015.0 s. The tags no longer account for the field they partition; see output/a1_dt2p5/output_0000/water_tag_closure.csv.
└ @ ClimaAtmos ~/git/ClimaAtmosResiDyn.jl/src/parameterized_tendencies/tagged_tracers/tagged_tracers.jl:590
┌ Warning: water tag closure residual 2.8696797452252793e-5 exceeds the configured tolerance 1.0e-10 at t = 2017.5 s. The tags no longer account for the field they partition; see output/a1_dt2p5/output_0000/water_tag_closure.csv.
└ @ ClimaAtmos ~/git/ClimaAtmosResiDyn.jl/src/parameterized_tendencies/tagged_tracers/tagged_tracers.jl:590
┌ Warning: water tag closure residual 2.8695558478836523e-5 exceeds the configured tolerance 1.0e-10 at t = 2020.0 s. The tags no longer account for the field they partition; see output/a1_dt2p5/output_0000/water_tag_closure.csv.
└ @ ClimaAtmos ~/git/ClimaAtmosResiDyn.jl/src/parameterized_tendencies/tagged_tracers/tagged_tracers.jl:590
┌ Warning: water tag closure residual 2.869432004014894e-5 exceeds the configured tolerance 1.0e-10 at t = 2022.5 s. The tags no longer account for the field they partition; see output/a1_dt2p5/output_0000/water_tag_closure.csv.
└ @ ClimaAtmos ~/git/ClimaAtmosResiDyn.jl/src/parameterized_tendencies/tagged_tracers/tagged_tracers.jl:590
┌ Warning: water tag closure residual 2.8693082128306937e-5 exceeds the configured tolerance 1.0e-10 at t = 2025.0 s. The tags no longer account for the field they partition; see output/a1_dt2p5/output_0000/water_tag_closure.csv.
└ @ ClimaAtmos ~/git/ClimaAtmosResiDyn.jl/src/parameterized_tendencies/tagged_tracers/tagged_tracers.jl:590
┌ Warning: water tag closure residual 2.8691844762571107e-5 exceeds the configured tolerance 1.0e-10 at t = 2027.5 s. The tags no longer account for the field they partition; see output/a1_dt2p5/output_0000/water_tag_closure.csv.
└ @ ClimaAtmos ~/git/ClimaAtmosResiDyn.jl/src/parameterized_tendencies/tagged_tracers/tagged_tracers.jl:590
┌ Warning: water tag closure residual 2.8690607841082712e-5 exceeds the configured tolerance 1.0e-10 at t = 2030.0 s. The tags no longer account for the field they partition; see output/a1_dt2p5/output_0000/water_tag_closure.csv.
└ @ ClimaAtmos ~/git/ClimaAtmosResiDyn.jl/src/parameterized_tendencies/tagged_tracers/tagged_tracers.jl:590
┌ Warning: water tag closure residual 2.8689371445500862e-5 exceeds the configured tolerance 1.0e-10 at t = 2032.5 s. The tags no longer account for the field they partition; see output/a1_dt2p5/output_0000/water_tag_closure.csv.
└ @ ClimaAtmos ~/git/ClimaAtmosResiDyn.jl/src/parameterized_tendencies/tagged_tracers/tagged_tracers.jl:590
┌ Warning: water tag closure residual 2.8688135587185333e-5 exceeds the configured tolerance 1.0e-10 at t = 2035.0 s. The tags no longer account for the field they partition; see output/a1_dt2p5/output_0000/water_tag_closure.csv.
└ @ ClimaAtmos ~/git/ClimaAtmosResiDyn.jl/src/parameterized_tendencies/tagged_tracers/tagged_tracers.jl:590
┌ Warning: water tag closure residual 2.8686900275933656e-5 exceeds the configured tolerance 1.0e-10 at t = 2037.5 s. The tags no longer account for the field they partition; see output/a1_dt2p5/output_0000/water_tag_closure.csv.
└ @ ClimaAtmos ~/git/ClimaAtmosResiDyn.jl/src/parameterized_tendencies/tagged_tracers/tagged_tracers.jl:590
┌ Warning: water tag closure residual 2.8685665483886822e-5 exceeds the configured tolerance 1.0e-10 at t = 2040.0 s. The tags no longer account for the field they partition; see output/a1_dt2p5/output_0000/water_tag_closure.csv.
└ @ ClimaAtmos ~/git/ClimaAtmosResiDyn.jl/src/parameterized_tendencies/tagged_tracers/tagged_tracers.jl:590
┌ Warning: water tag closure residual 2.8684431201805404e-5 exceeds the configured tolerance 1.0e-10 at t = 2042.5 s. The tags no longer account for the field they partition; see output/a1_dt2p5/output_0000/water_tag_closure.csv.
└ @ ClimaAtmos ~/git/ClimaAtmosResiDyn.jl/src/parameterized_tendencies/tagged_tracers/tagged_tracers.jl:590
┌ Warning: water tag closure residual 2.8683197454858317e-5 exceeds the configured tolerance 1.0e-10 at t = 2045.0 s. The tags no longer account for the field they partition; see output/a1_dt2p5/output_0000/water_tag_closure.csv.
└ @ ClimaAtmos ~/git/ClimaAtmosResiDyn.jl/src/parameterized_tendencies/tagged_tracers/tagged_tracers.jl:590
┌ Warning: water tag closure residual 2.86819642374182e-5 exceeds the configured tolerance 1.0e-10 at t = 2047.5 s. The tags no longer account for the field they partition; see output/a1_dt2p5/output_0000/water_tag_closure.csv.
└ @ ClimaAtmos ~/git/ClimaAtmosResiDyn.jl/src/parameterized_tendencies/tagged_tracers/tagged_tracers.jl:590
┌ Warning: water tag closure residual 2.8680731528702387e-5 exceeds the configured tolerance 1.0e-10 at t = 2050.0 s. The tags no longer account for the field they partition; see output/a1_dt2p5/output_0000/water_tag_closure.csv.
└ @ ClimaAtmos ~/git/ClimaAtmosResiDyn.jl/src/parameterized_tendencies/tagged_tracers/tagged_tracers.jl:590
┌ Warning: water tag closure residual 2.867949933151627e-5 exceeds the configured tolerance 1.0e-10 at t = 2052.5 s. The tags no longer account for the field they partition; see output/a1_dt2p5/output_0000/water_tag_closure.csv.
└ @ ClimaAtmos ~/git/ClimaAtmosResiDyn.jl/src/parameterized_tendencies/tagged_tracers/tagged_tracers.jl:590
┌ Warning: water tag closure residual 2.86782676582214e-5 exceeds the configured tolerance 1.0e-10 at t = 2055.0 s. The tags no longer account for the field they partition; see output/a1_dt2p5/output_0000/water_tag_closure.csv.
└ @ ClimaAtmos ~/git/ClimaAtmosResiDyn.jl/src/parameterized_tendencies/tagged_tracers/tagged_tracers.jl:590
┌ Warning: water tag closure residual 2.8677036500428226e-5 exceeds the configured tolerance 1.0e-10 at t = 2057.5 s. The tags no longer account for the field they partition; see output/a1_dt2p5/output_0000/water_tag_closure.csv.
└ @ ClimaAtmos ~/git/ClimaAtmosResiDyn.jl/src/parameterized_tendencies/tagged_tracers/tagged_tracers.jl:590
┌ Warning: water tag closure residual 2.867580584509807e-5 exceeds the configured tolerance 1.0e-10 at t = 2060.0 s. The tags no longer account for the field they partition; see output/a1_dt2p5/output_0000/water_tag_closure.csv.
└ @ ClimaAtmos ~/git/ClimaAtmosResiDyn.jl/src/parameterized_tendencies/tagged_tracers/tagged_tracers.jl:590
┌ Warning: water tag closure residual 2.8674575697620235e-5 exceeds the configured tolerance 1.0e-10 at t = 2062.5 s. The tags no longer account for the field they partition; see output/a1_dt2p5/output_0000/water_tag_closure.csv.
└ @ ClimaAtmos ~/git/ClimaAtmosResiDyn.jl/src/parameterized_tendencies/tagged_tracers/tagged_tracers.jl:590
┌ Warning: water tag closure residual 2.8673346063207185e-5 exceeds the configured tolerance 1.0e-10 at t = 2065.0 s. The tags no longer account for the field they partition; see output/a1_dt2p5/output_0000/water_tag_closure.csv.
└ @ ClimaAtmos ~/git/ClimaAtmosResiDyn.jl/src/parameterized_tendencies/tagged_tracers/tagged_tracers.jl:590
┌ Warning: water tag closure residual 2.867211693250752e-5 exceeds the configured tolerance 1.0e-10 at t = 2067.5 s. The tags no longer account for the field they partition; see output/a1_dt2p5/output_0000/water_tag_closure.csv.
└ @ ClimaAtmos ~/git/ClimaAtmosResiDyn.jl/src/parameterized_tendencies/tagged_tracers/tagged_tracers.jl:590
┌ Warning: water tag closure residual 2.8670888298872466e-5 exceeds the configured tolerance 1.0e-10 at t = 2070.0 s. The tags no longer account for the field they partition; see output/a1_dt2p5/output_0000/water_tag_closure.csv.
└ @ ClimaAtmos ~/git/ClimaAtmosResiDyn.jl/src/parameterized_tendencies/tagged_tracers/tagged_tracers.jl:590
┌ Warning: water tag closure residual 2.8669660166946428e-5 exceeds the configured tolerance 1.0e-10 at t = 2072.5 s. The tags no longer account for the field they partition; see output/a1_dt2p5/output_0000/water_tag_closure.csv.
└ @ ClimaAtmos ~/git/ClimaAtmosResiDyn.jl/src/parameterized_tendencies/tagged_tracers/tagged_tracers.jl:590
┌ Warning: water tag closure residual 2.866843463226003e-5 exceeds the configured tolerance 1.0e-10 at t = 2075.0 s. The tags no longer account for the field they partition; see output/a1_dt2p5/output_0000/water_tag_closure.csv.
└ @ ClimaAtmos ~/git/ClimaAtmosResiDyn.jl/src/parameterized_tendencies/tagged_tracers/tagged_tracers.jl:590
┌ Warning: water tag closure residual 2.8667214939645657e-5 exceeds the configured tolerance 1.0e-10 at t = 2077.5 s. The tags no longer account for the field they partition; see output/a1_dt2p5/output_0000/water_tag_closure.csv.
└ @ ClimaAtmos ~/git/ClimaAtmosResiDyn.jl/src/parameterized_tendencies/tagged_tracers/tagged_tracers.jl:590
┌ Warning: water tag closure residual 2.866599564101012e-5 exceeds the configured tolerance 1.0e-10 at t = 2080.0 s. The tags no longer account for the field they partition; see output/a1_dt2p5/output_0000/water_tag_closure.csv.
└ @ ClimaAtmos ~/git/ClimaAtmosResiDyn.jl/src/parameterized_tendencies/tagged_tracers/tagged_tracers.jl:590
┌ Warning: water tag closure residual 2.8664773227047124e-5 exceeds the configured tolerance 1.0e-10 at t = 2082.5 s. The tags no longer account for the field they partition; see output/a1_dt2p5/output_0000/water_tag_closure.csv.
└ @ ClimaAtmos ~/git/ClimaAtmosResiDyn.jl/src/parameterized_tendencies/tagged_tracers/tagged_tracers.jl:590
┌ Warning: water tag closure residual 2.866355143450271e-5 exceeds the configured tolerance 1.0e-10 at t = 2085.0 s. The tags no longer account for the field they partition; see output/a1_dt2p5/output_0000/water_tag_closure.csv.
└ @ ClimaAtmos ~/git/ClimaAtmosResiDyn.jl/src/parameterized_tendencies/tagged_tracers/tagged_tracers.jl:590
┌ Warning: water tag closure residual 2.8662333309816943e-5 exceeds the configured tolerance 1.0e-10 at t = 2087.5 s. The tags no longer account for the field they partition; see output/a1_dt2p5/output_0000/water_tag_closure.csv.
└ @ ClimaAtmos ~/git/ClimaAtmosResiDyn.jl/src/parameterized_tendencies/tagged_tracers/tagged_tracers.jl:590
┌ Warning: water tag closure residual 2.8661114890086775e-5 exceeds the configured tolerance 1.0e-10 at t = 2090.0 s. The tags no longer account for the field they partition; see output/a1_dt2p5/output_0000/water_tag_closure.csv.
└ @ ClimaAtmos ~/git/ClimaAtmosResiDyn.jl/src/parameterized_tendencies/tagged_tracers/tagged_tracers.jl:590
┌ Warning: water tag closure residual 2.8659894540998327e-5 exceeds the configured tolerance 1.0e-10 at t = 2092.5 s. The tags no longer account for the field they partition; see output/a1_dt2p5/output_0000/water_tag_closure.csv.
└ @ ClimaAtmos ~/git/ClimaAtmosResiDyn.jl/src/parameterized_tendencies/tagged_tracers/tagged_tracers.jl:590
┌ Warning: water tag closure residual 2.865867574244352e-5 exceeds the configured tolerance 1.0e-10 at t = 2095.0 s. The tags no longer account for the field they partition; see output/a1_dt2p5/output_0000/water_tag_closure.csv.
└ @ ClimaAtmos ~/git/ClimaAtmosResiDyn.jl/src/parameterized_tendencies/tagged_tracers/tagged_tracers.jl:590
┌ Warning: water tag closure residual 2.8657459172072964e-5 exceeds the configured tolerance 1.0e-10 at t = 2097.5 s. The tags no longer account for the field they partition; see output/a1_dt2p5/output_0000/water_tag_closure.csv.
└ @ ClimaAtmos ~/git/ClimaAtmosResiDyn.jl/src/parameterized_tendencies/tagged_tracers/tagged_tracers.jl:590
┌ Warning: water tag closure residual 2.8656241909905405e-5 exceeds the configured tolerance 1.0e-10 at t = 2100.0 s. The tags no longer account for the field they partition; see output/a1_dt2p5/output_0000/water_tag_closure.csv.
└ @ ClimaAtmos ~/git/ClimaAtmosResiDyn.jl/src/parameterized_tendencies/tagged_tracers/tagged_tracers.jl:590
┌ Warning: water tag closure residual 2.8655023912385787e-5 exceeds the configured tolerance 1.0e-10 at t = 2102.5 s. The tags no longer account for the field they partition; see output/a1_dt2p5/output_0000/water_tag_closure.csv.
└ @ ClimaAtmos ~/git/ClimaAtmosResiDyn.jl/src/parameterized_tendencies/tagged_tracers/tagged_tracers.jl:590
┌ Warning: water tag closure residual 2.8653807549729576e-5 exceeds the configured tolerance 1.0e-10 at t = 2105.0 s. The tags no longer account for the field they partition; see output/a1_dt2p5/output_0000/water_tag_closure.csv.
└ @ ClimaAtmos ~/git/ClimaAtmosResiDyn.jl/src/parameterized_tendencies/tagged_tracers/tagged_tracers.jl:590
┌ Warning: water tag closure residual 2.86525924317279e-5 exceeds the configured tolerance 1.0e-10 at t = 2107.5 s. The tags no longer account for the field they partition; see output/a1_dt2p5/output_0000/water_tag_closure.csv.
└ @ ClimaAtmos ~/git/ClimaAtmosResiDyn.jl/src/parameterized_tendencies/tagged_tracers/tagged_tracers.jl:590
┌ Warning: water tag closure residual 2.865137670264675e-5 exceeds the configured tolerance 1.0e-10 at t = 2110.0 s. The tags no longer account for the field they partition; see output/a1_dt2p5/output_0000/water_tag_closure.csv.
└ @ ClimaAtmos ~/git/ClimaAtmosResiDyn.jl/src/parameterized_tendencies/tagged_tracers/tagged_tracers.jl:590
┌ Warning: water tag closure residual 2.8650161008663205e-5 exceeds the configured tolerance 1.0e-10 at t = 2112.5 s. The tags no longer account for the field they partition; see output/a1_dt2p5/output_0000/water_tag_closure.csv.
└ @ ClimaAtmos ~/git/ClimaAtmosResiDyn.jl/src/parameterized_tendencies/tagged_tracers/tagged_tracers.jl:590
┌ Warning: water tag closure residual 2.8648946729689375e-5 exceeds the configured tolerance 1.0e-10 at t = 2115.0 s. The tags no longer account for the field they partition; see output/a1_dt2p5/output_0000/water_tag_closure.csv.
└ @ ClimaAtmos ~/git/ClimaAtmosResiDyn.jl/src/parameterized_tendencies/tagged_tracers/tagged_tracers.jl:590
┌ Warning: water tag closure residual 2.8647733094214472e-5 exceeds the configured tolerance 1.0e-10 at t = 2117.5 s. The tags no longer account for the field they partition; see output/a1_dt2p5/output_0000/water_tag_closure.csv.
└ @ ClimaAtmos ~/git/ClimaAtmosResiDyn.jl/src/parameterized_tendencies/tagged_tracers/tagged_tracers.jl:590
┌ Warning: water tag closure residual 2.864651911829852e-5 exceeds the configured tolerance 1.0e-10 at t = 2120.0 s. The tags no longer account for the field they partition; see output/a1_dt2p5/output_0000/water_tag_closure.csv.
└ @ ClimaAtmos ~/git/ClimaAtmosResiDyn.jl/src/parameterized_tendencies/tagged_tracers/tagged_tracers.jl:590
┌ Warning: water tag closure residual 2.864530559831861e-5 exceeds the configured tolerance 1.0e-10 at t = 2122.5 s. The tags no longer account for the field they partition; see output/a1_dt2p5/output_0000/water_tag_closure.csv.
└ @ ClimaAtmos ~/git/ClimaAtmosResiDyn.jl/src/parameterized_tendencies/tagged_tracers/tagged_tracers.jl:590
┌ Warning: water tag closure residual 2.8644093184349626e-5 exceeds the configured tolerance 1.0e-10 at t = 2125.0 s. The tags no longer account for the field they partition; see output/a1_dt2p5/output_0000/water_tag_closure.csv.
└ @ ClimaAtmos ~/git/ClimaAtmosResiDyn.jl/src/parameterized_tendencies/tagged_tracers/tagged_tracers.jl:590
┌ Warning: water tag closure residual 2.8642881111768015e-5 exceeds the configured tolerance 1.0e-10 at t = 2127.5 s. The tags no longer account for the field they partition; see output/a1_dt2p5/output_0000/water_tag_closure.csv.
└ @ ClimaAtmos ~/git/ClimaAtmosResiDyn.jl/src/parameterized_tendencies/tagged_tracers/tagged_tracers.jl:590
┌ Warning: water tag closure residual 2.864166898740207e-5 exceeds the configured tolerance 1.0e-10 at t = 2130.0 s. The tags no longer account for the field they partition; see output/a1_dt2p5/output_0000/water_tag_closure.csv.
└ @ ClimaAtmos ~/git/ClimaAtmosResiDyn.jl/src/parameterized_tendencies/tagged_tracers/tagged_tracers.jl:590
┌ Warning: water tag closure residual 2.8640457495796177e-5 exceeds the configured tolerance 1.0e-10 at t = 2132.5 s. The tags no longer account for the field they partition; see output/a1_dt2p5/output_0000/water_tag_closure.csv.
└ @ ClimaAtmos ~/git/ClimaAtmosResiDyn.jl/src/parameterized_tendencies/tagged_tracers/tagged_tracers.jl:590
┌ Warning: water tag closure residual 2.863924682930031e-5 exceeds the configured tolerance 1.0e-10 at t = 2135.0 s. The tags no longer account for the field they partition; see output/a1_dt2p5/output_0000/water_tag_closure.csv.
└ @ ClimaAtmos ~/git/ClimaAtmosResiDyn.jl/src/parameterized_tendencies/tagged_tracers/tagged_tracers.jl:590
┌ Warning: water tag closure residual 2.863803639557481e-5 exceeds the configured tolerance 1.0e-10 at t = 2137.5 s. The tags no longer account for the field they partition; see output/a1_dt2p5/output_0000/water_tag_closure.csv.
└ @ ClimaAtmos ~/git/ClimaAtmosResiDyn.jl/src/parameterized_tendencies/tagged_tracers/tagged_tracers.jl:590
┌ Warning: water tag closure residual 2.8636826140684882e-5 exceeds the configured tolerance 1.0e-10 at t = 2140.0 s. The tags no longer account for the field they partition; see output/a1_dt2p5/output_0000/water_tag_closure.csv.
└ @ ClimaAtmos ~/git/ClimaAtmosResiDyn.jl/src/parameterized_tendencies/tagged_tracers/tagged_tracers.jl:590
┌ Warning: water tag closure residual 2.8635616549753285e-5 exceeds the configured tolerance 1.0e-10 at t = 2142.5 s. The tags no longer account for the field they partition; see output/a1_dt2p5/output_0000/water_tag_closure.csv.
└ @ ClimaAtmos ~/git/ClimaAtmosResiDyn.jl/src/parameterized_tendencies/tagged_tracers/tagged_tracers.jl:590
┌ Warning: water tag closure residual 2.863440757579461e-5 exceeds the configured tolerance 1.0e-10 at t = 2145.0 s. The tags no longer account for the field they partition; see output/a1_dt2p5/output_0000/water_tag_closure.csv.
└ @ ClimaAtmos ~/git/ClimaAtmosResiDyn.jl/src/parameterized_tendencies/tagged_tracers/tagged_tracers.jl:590
┌ Warning: water tag closure residual 2.8633198830890685e-5 exceeds the configured tolerance 1.0e-10 at t = 2147.5 s. The tags no longer account for the field they partition; see output/a1_dt2p5/output_0000/water_tag_closure.csv.
└ @ ClimaAtmos ~/git/ClimaAtmosResiDyn.jl/src/parameterized_tendencies/tagged_tracers/tagged_tracers.jl:590
┌ Warning: water tag closure residual 2.863199041827661e-5 exceeds the configured tolerance 1.0e-10 at t = 2150.0 s. The tags no longer account for the field they partition; see output/a1_dt2p5/output_0000/water_tag_closure.csv.
└ @ ClimaAtmos ~/git/ClimaAtmosResiDyn.jl/src/parameterized_tendencies/tagged_tracers/tagged_tracers.jl:590
┌ Warning: water tag closure residual 2.863078262952088e-5 exceeds the configured tolerance 1.0e-10 at t = 2152.5 s. The tags no longer account for the field they partition; see output/a1_dt2p5/output_0000/water_tag_closure.csv.
└ @ ClimaAtmos ~/git/ClimaAtmosResiDyn.jl/src/parameterized_tendencies/tagged_tracers/tagged_tracers.jl:590
┌ Warning: water tag closure residual 2.8629575325238167e-5 exceeds the configured tolerance 1.0e-10 at t = 2155.0 s. The tags no longer account for the field they partition; see output/a1_dt2p5/output_0000/water_tag_closure.csv.
└ @ ClimaAtmos ~/git/ClimaAtmosResiDyn.jl/src/parameterized_tendencies/tagged_tracers/tagged_tracers.jl:590
┌ Warning: water tag closure residual 2.862836829050358e-5 exceeds the configured tolerance 1.0e-10 at t = 2157.5 s. The tags no longer account for the field they partition; see output/a1_dt2p5/output_0000/water_tag_closure.csv.
└ @ ClimaAtmos ~/git/ClimaAtmosResiDyn.jl/src/parameterized_tendencies/tagged_tracers/tagged_tracers.jl:590
┌ Warning: water tag closure residual 2.8627161672383182e-5 exceeds the configured tolerance 1.0e-10 at t = 2160.0 s. The tags no longer account for the field they partition; see output/a1_dt2p5/output_0000/water_tag_closure.csv.
└ @ ClimaAtmos ~/git/ClimaAtmosResiDyn.jl/src/parameterized_tendencies/tagged_tracers/tagged_tracers.jl:590
┌ Warning: water tag closure residual 2.862595561498971e-5 exceeds the configured tolerance 1.0e-10 at t = 2162.5 s. The tags no longer account for the field they partition; see output/a1_dt2p5/output_0000/water_tag_closure.csv.
└ @ ClimaAtmos ~/git/ClimaAtmosResiDyn.jl/src/parameterized_tendencies/tagged_tracers/tagged_tracers.jl:590
┌ Warning: water tag closure residual 2.862474996937165e-5 exceeds the configured tolerance 1.0e-10 at t = 2165.0 s. The tags no longer account for the field they partition; see output/a1_dt2p5/output_0000/water_tag_closure.csv.
└ @ ClimaAtmos ~/git/ClimaAtmosResiDyn.jl/src/parameterized_tendencies/tagged_tracers/tagged_tracers.jl:590
┌ Warning: water tag closure residual 2.8623544641927536e-5 exceeds the configured tolerance 1.0e-10 at t = 2167.5 s. The tags no longer account for the field they partition; see output/a1_dt2p5/output_0000/water_tag_closure.csv.
└ @ ClimaAtmos ~/git/ClimaAtmosResiDyn.jl/src/parameterized_tendencies/tagged_tracers/tagged_tracers.jl:590
┌ Warning: water tag closure residual 2.8622339765772362e-5 exceeds the configured tolerance 1.0e-10 at t = 2170.0 s. The tags no longer account for the field they partition; see output/a1_dt2p5/output_0000/water_tag_closure.csv.
└ @ ClimaAtmos ~/git/ClimaAtmosResiDyn.jl/src/parameterized_tendencies/tagged_tracers/tagged_tracers.jl:590
┌ Warning: water tag closure residual 2.862113538916248e-5 exceeds the configured tolerance 1.0e-10 at t = 2172.5 s. The tags no longer account for the field they partition; see output/a1_dt2p5/output_0000/water_tag_closure.csv.
└ @ ClimaAtmos ~/git/ClimaAtmosResiDyn.jl/src/parameterized_tendencies/tagged_tracers/tagged_tracers.jl:590
┌ Warning: water tag closure residual 2.8619931391949553e-5 exceeds the configured tolerance 1.0e-10 at t = 2175.0 s. The tags no longer account for the field they partition; see output/a1_dt2p5/output_0000/water_tag_closure.csv.
└ @ ClimaAtmos ~/git/ClimaAtmosResiDyn.jl/src/parameterized_tendencies/tagged_tracers/tagged_tracers.jl:590
┌ Warning: water tag closure residual 2.8618727752622477e-5 exceeds the configured tolerance 1.0e-10 at t = 2177.5 s. The tags no longer account for the field they partition; see output/a1_dt2p5/output_0000/water_tag_closure.csv.
└ @ ClimaAtmos ~/git/ClimaAtmosResiDyn.jl/src/parameterized_tendencies/tagged_tracers/tagged_tracers.jl:590
┌ Warning: water tag closure residual 2.861752456847207e-5 exceeds the configured tolerance 1.0e-10 at t = 2180.0 s. The tags no longer account for the field they partition; see output/a1_dt2p5/output_0000/water_tag_closure.csv.
└ @ ClimaAtmos ~/git/ClimaAtmosResiDyn.jl/src/parameterized_tendencies/tagged_tracers/tagged_tracers.jl:590
┌ Warning: water tag closure residual 2.861632183569133e-5 exceeds the configured tolerance 1.0e-10 at t = 2182.5 s. The tags no longer account for the field they partition; see output/a1_dt2p5/output_0000/water_tag_closure.csv.
└ @ ClimaAtmos ~/git/ClimaAtmosResiDyn.jl/src/parameterized_tendencies/tagged_tracers/tagged_tracers.jl:590
┌ Warning: water tag closure residual 2.8615119472506605e-5 exceeds the configured tolerance 1.0e-10 at t = 2185.0 s. The tags no longer account for the field they partition; see output/a1_dt2p5/output_0000/water_tag_closure.csv.
└ @ ClimaAtmos ~/git/ClimaAtmosResiDyn.jl/src/parameterized_tendencies/tagged_tracers/tagged_tracers.jl:590
┌ Warning: water tag closure residual 2.8613917492662254e-5 exceeds the configured tolerance 1.0e-10 at t = 2187.5 s. The tags no longer account for the field they partition; see output/a1_dt2p5/output_0000/water_tag_closure.csv.
└ @ ClimaAtmos ~/git/ClimaAtmosResiDyn.jl/src/parameterized_tendencies/tagged_tracers/tagged_tracers.jl:590
┌ Warning: water tag closure residual 2.8612715956386983e-5 exceeds the configured tolerance 1.0e-10 at t = 2190.0 s. The tags no longer account for the field they partition; see output/a1_dt2p5/output_0000/water_tag_closure.csv.
└ @ ClimaAtmos ~/git/ClimaAtmosResiDyn.jl/src/parameterized_tendencies/tagged_tracers/tagged_tracers.jl:590
┌ Warning: water tag closure residual 2.861151483754801e-5 exceeds the configured tolerance 1.0e-10 at t = 2192.5 s. The tags no longer account for the field they partition; see output/a1_dt2p5/output_0000/water_tag_closure.csv.
└ @ ClimaAtmos ~/git/ClimaAtmosResiDyn.jl/src/parameterized_tendencies/tagged_tracers/tagged_tracers.jl:590
┌ Info: Progress
│   simulation_time = "36 minutes, 32 seconds"
│   n_steps_completed = 877
│   wall_time_per_step = "4 milliseconds, 364 microseconds"
│   wall_time_total = "6 seconds, 285 milliseconds"
│   wall_time_remaining = "2 seconds, 457 milliseconds"
│   wall_time_spent = "3 seconds, 827 milliseconds"
│   percent_complete = "60.9%"
│   estimated_sypd = "1.568"
│   instantaneous_sypd = "2.18"
│   date_now = 2026-09-10T00:20:16.355
└   estimated_finish_date = 2026-09-10T00:20:19.355
┌ Warning: water tag closure residual 2.861031408858592e-5 exceeds the configured tolerance 1.0e-10 at t = 2195.0 s. The tags no longer account for the field they partition; see output/a1_dt2p5/output_0000/water_tag_closure.csv.
└ @ ClimaAtmos ~/git/ClimaAtmosResiDyn.jl/src/parameterized_tendencies/tagged_tracers/tagged_tracers.jl:590
┌ Warning: water tag closure residual 2.8609113735139982e-5 exceeds the configured tolerance 1.0e-10 at t = 2197.5 s. The tags no longer account for the field they partition; see output/a1_dt2p5/output_0000/water_tag_closure.csv.
└ @ ClimaAtmos ~/git/ClimaAtmosResiDyn.jl/src/parameterized_tendencies/tagged_tracers/tagged_tracers.jl:590
┌ Warning: water tag closure residual 2.8607913807276023e-5 exceeds the configured tolerance 1.0e-10 at t = 2200.0 s. The tags no longer account for the field they partition; see output/a1_dt2p5/output_0000/water_tag_closure.csv.
└ @ ClimaAtmos ~/git/ClimaAtmosResiDyn.jl/src/parameterized_tendencies/tagged_tracers/tagged_tracers.jl:590
┌ Warning: water tag closure residual 2.8606714275448657e-5 exceeds the configured tolerance 1.0e-10 at t = 2202.5 s. The tags no longer account for the field they partition; see output/a1_dt2p5/output_0000/water_tag_closure.csv.
└ @ ClimaAtmos ~/git/ClimaAtmosResiDyn.jl/src/parameterized_tendencies/tagged_tracers/tagged_tracers.jl:590
┌ Warning: water tag closure residual 2.8605515116465828e-5 exceeds the configured tolerance 1.0e-10 at t = 2205.0 s. The tags no longer account for the field they partition; see output/a1_dt2p5/output_0000/water_tag_closure.csv.
└ @ ClimaAtmos ~/git/ClimaAtmosResiDyn.jl/src/parameterized_tendencies/tagged_tracers/tagged_tracers.jl:590
┌ Warning: water tag closure residual 2.860431635485885e-5 exceeds the configured tolerance 1.0e-10 at t = 2207.5 s. The tags no longer account for the field they partition; see output/a1_dt2p5/output_0000/water_tag_closure.csv.
└ @ ClimaAtmos ~/git/ClimaAtmosResiDyn.jl/src/parameterized_tendencies/tagged_tracers/tagged_tracers.jl:590
┌ Warning: water tag closure residual 2.8603118001240032e-5 exceeds the configured tolerance 1.0e-10 at t = 2210.0 s. The tags no longer account for the field they partition; see output/a1_dt2p5/output_0000/water_tag_closure.csv.
└ @ ClimaAtmos ~/git/ClimaAtmosResiDyn.jl/src/parameterized_tendencies/tagged_tracers/tagged_tracers.jl:590
┌ Warning: water tag closure residual 2.8601920029957424e-5 exceeds the configured tolerance 1.0e-10 at t = 2212.5 s. The tags no longer account for the field they partition; see output/a1_dt2p5/output_0000/water_tag_closure.csv.
└ @ ClimaAtmos ~/git/ClimaAtmosResiDyn.jl/src/parameterized_tendencies/tagged_tracers/tagged_tracers.jl:590
┌ Warning: water tag closure residual 2.860072243352572e-5 exceeds the configured tolerance 1.0e-10 at t = 2215.0 s. The tags no longer account for the field they partition; see output/a1_dt2p5/output_0000/water_tag_closure.csv.
└ @ ClimaAtmos ~/git/ClimaAtmosResiDyn.jl/src/parameterized_tendencies/tagged_tracers/tagged_tracers.jl:590
┌ Warning: water tag closure residual 2.8599525230022826e-5 exceeds the configured tolerance 1.0e-10 at t = 2217.5 s. The tags no longer account for the field they partition; see output/a1_dt2p5/output_0000/water_tag_closure.csv.
└ @ ClimaAtmos ~/git/ClimaAtmosResiDyn.jl/src/parameterized_tendencies/tagged_tracers/tagged_tracers.jl:590
┌ Warning: water tag closure residual 2.859832841875818e-5 exceeds the configured tolerance 1.0e-10 at t = 2220.0 s. The tags no longer account for the field they partition; see output/a1_dt2p5/output_0000/water_tag_closure.csv.
└ @ ClimaAtmos ~/git/ClimaAtmosResiDyn.jl/src/parameterized_tendencies/tagged_tracers/tagged_tracers.jl:590
┌ Warning: water tag closure residual 2.859713198128815e-5 exceeds the configured tolerance 1.0e-10 at t = 2222.5 s. The tags no longer account for the field they partition; see output/a1_dt2p5/output_0000/water_tag_closure.csv.
└ @ ClimaAtmos ~/git/ClimaAtmosResiDyn.jl/src/parameterized_tendencies/tagged_tracers/tagged_tracers.jl:590
┌ Warning: water tag closure residual 2.8595935917854752e-5 exceeds the configured tolerance 1.0e-10 at t = 2225.0 s. The tags no longer account for the field they partition; see output/a1_dt2p5/output_0000/water_tag_closure.csv.
└ @ ClimaAtmos ~/git/ClimaAtmosResiDyn.jl/src/parameterized_tendencies/tagged_tracers/tagged_tracers.jl:590
┌ Warning: water tag closure residual 2.859474023965066e-5 exceeds the configured tolerance 1.0e-10 at t = 2227.5 s. The tags no longer account for the field they partition; see output/a1_dt2p5/output_0000/water_tag_closure.csv.
└ @ ClimaAtmos ~/git/ClimaAtmosResiDyn.jl/src/parameterized_tendencies/tagged_tracers/tagged_tracers.jl:590
┌ Warning: water tag closure residual 2.859354494083411e-5 exceeds the configured tolerance 1.0e-10 at t = 2230.0 s. The tags no longer account for the field they partition; see output/a1_dt2p5/output_0000/water_tag_closure.csv.
└ @ ClimaAtmos ~/git/ClimaAtmosResiDyn.jl/src/parameterized_tendencies/tagged_tracers/tagged_tracers.jl:590
┌ Warning: water tag closure residual 2.8592350009589576e-5 exceeds the configured tolerance 1.0e-10 at t = 2232.5 s. The tags no longer account for the field they partition; see output/a1_dt2p5/output_0000/water_tag_closure.csv.
└ @ ClimaAtmos ~/git/ClimaAtmosResiDyn.jl/src/parameterized_tendencies/tagged_tracers/tagged_tracers.jl:590
┌ Warning: water tag closure residual 2.8591155449229702e-5 exceeds the configured tolerance 1.0e-10 at t = 2235.0 s. The tags no longer account for the field they partition; see output/a1_dt2p5/output_0000/water_tag_closure.csv.
└ @ ClimaAtmos ~/git/ClimaAtmosResiDyn.jl/src/parameterized_tendencies/tagged_tracers/tagged_tracers.jl:590
┌ Warning: water tag closure residual 2.8589961264751063e-5 exceeds the configured tolerance 1.0e-10 at t = 2237.5 s. The tags no longer account for the field they partition; see output/a1_dt2p5/output_0000/water_tag_closure.csv.
└ @ ClimaAtmos ~/git/ClimaAtmosResiDyn.jl/src/parameterized_tendencies/tagged_tracers/tagged_tracers.jl:590
┌ Warning: water tag closure residual 2.858876744918481e-5 exceeds the configured tolerance 1.0e-10 at t = 2240.0 s. The tags no longer account for the field they partition; see output/a1_dt2p5/output_0000/water_tag_closure.csv.
└ @ ClimaAtmos ~/git/ClimaAtmosResiDyn.jl/src/parameterized_tendencies/tagged_tracers/tagged_tracers.jl:590
┌ Warning: water tag closure residual 2.858757399582728e-5 exceeds the configured tolerance 1.0e-10 at t = 2242.5 s. The tags no longer account for the field they partition; see output/a1_dt2p5/output_0000/water_tag_closure.csv.
└ @ ClimaAtmos ~/git/ClimaAtmosResiDyn.jl/src/parameterized_tendencies/tagged_tracers/tagged_tracers.jl:590
┌ Warning: water tag closure residual 2.8586380907995338e-5 exceeds the configured tolerance 1.0e-10 at t = 2245.0 s. The tags no longer account for the field they partition; see output/a1_dt2p5/output_0000/water_tag_closure.csv.
└ @ ClimaAtmos ~/git/ClimaAtmosResiDyn.jl/src/parameterized_tendencies/tagged_tracers/tagged_tracers.jl:590
┌ Warning: water tag closure residual 2.8585188186819584e-5 exceeds the configured tolerance 1.0e-10 at t = 2247.5 s. The tags no longer account for the field they partition; see output/a1_dt2p5/output_0000/water_tag_closure.csv.
└ @ ClimaAtmos ~/git/ClimaAtmosResiDyn.jl/src/parameterized_tendencies/tagged_tracers/tagged_tracers.jl:590
┌ Warning: water tag closure residual 2.8583995825693855e-5 exceeds the configured tolerance 1.0e-10 at t = 2250.0 s. The tags no longer account for the field they partition; see output/a1_dt2p5/output_0000/water_tag_closure.csv.
└ @ ClimaAtmos ~/git/ClimaAtmosResiDyn.jl/src/parameterized_tendencies/tagged_tracers/tagged_tracers.jl:590
┌ Warning: water tag closure residual 2.8582803821281928e-5 exceeds the configured tolerance 1.0e-10 at t = 2252.5 s. The tags no longer account for the field they partition; see output/a1_dt2p5/output_0000/water_tag_closure.csv.
└ @ ClimaAtmos ~/git/ClimaAtmosResiDyn.jl/src/parameterized_tendencies/tagged_tracers/tagged_tracers.jl:590
┌ Warning: water tag closure residual 2.8581612175881953e-5 exceeds the configured tolerance 1.0e-10 at t = 2255.0 s. The tags no longer account for the field they partition; see output/a1_dt2p5/output_0000/water_tag_closure.csv.
└ @ ClimaAtmos ~/git/ClimaAtmosResiDyn.jl/src/parameterized_tendencies/tagged_tracers/tagged_tracers.jl:590
┌ Warning: water tag closure residual 2.858042088815433e-5 exceeds the configured tolerance 1.0e-10 at t = 2257.5 s. The tags no longer account for the field they partition; see output/a1_dt2p5/output_0000/water_tag_closure.csv.
└ @ ClimaAtmos ~/git/ClimaAtmosResiDyn.jl/src/parameterized_tendencies/tagged_tracers/tagged_tracers.jl:590
┌ Warning: water tag closure residual 2.8579229952934016e-5 exceeds the configured tolerance 1.0e-10 at t = 2260.0 s. The tags no longer account for the field they partition; see output/a1_dt2p5/output_0000/water_tag_closure.csv.
└ @ ClimaAtmos ~/git/ClimaAtmosResiDyn.jl/src/parameterized_tendencies/tagged_tracers/tagged_tracers.jl:590
┌ Warning: water tag closure residual 2.857803936853441e-5 exceeds the configured tolerance 1.0e-10 at t = 2262.5 s. The tags no longer account for the field they partition; see output/a1_dt2p5/output_0000/water_tag_closure.csv.
└ @ ClimaAtmos ~/git/ClimaAtmosResiDyn.jl/src/parameterized_tendencies/tagged_tracers/tagged_tracers.jl:590
┌ Warning: water tag closure residual 2.8576849135745495e-5 exceeds the configured tolerance 1.0e-10 at t = 2265.0 s. The tags no longer account for the field they partition; see output/a1_dt2p5/output_0000/water_tag_closure.csv.
└ @ ClimaAtmos ~/git/ClimaAtmosResiDyn.jl/src/parameterized_tendencies/tagged_tracers/tagged_tracers.jl:590
┌ Warning: water tag closure residual 2.8575659224260903e-5 exceeds the configured tolerance 1.0e-10 at t = 2267.5 s. The tags no longer account for the field they partition; see output/a1_dt2p5/output_0000/water_tag_closure.csv.
└ @ ClimaAtmos ~/git/ClimaAtmosResiDyn.jl/src/parameterized_tendencies/tagged_tracers/tagged_tracers.jl:590
┌ Warning: water tag closure residual 2.857446962533389e-5 exceeds the configured tolerance 1.0e-10 at t = 2270.0 s. The tags no longer account for the field they partition; see output/a1_dt2p5/output_0000/water_tag_closure.csv.
└ @ ClimaAtmos ~/git/ClimaAtmosResiDyn.jl/src/parameterized_tendencies/tagged_tracers/tagged_tracers.jl:590
┌ Warning: water tag closure residual 2.857328036748383e-5 exceeds the configured tolerance 1.0e-10 at t = 2272.5 s. The tags no longer account for the field they partition; see output/a1_dt2p5/output_0000/water_tag_closure.csv.
└ @ ClimaAtmos ~/git/ClimaAtmosResiDyn.jl/src/parameterized_tendencies/tagged_tracers/tagged_tracers.jl:590
┌ Warning: water tag closure residual 2.8572091445595833e-5 exceeds the configured tolerance 1.0e-10 at t = 2275.0 s. The tags no longer account for the field they partition; see output/a1_dt2p5/output_0000/water_tag_closure.csv.
└ @ ClimaAtmos ~/git/ClimaAtmosResiDyn.jl/src/parameterized_tendencies/tagged_tracers/tagged_tracers.jl:590
┌ Warning: water tag closure residual 2.857090285556106e-5 exceeds the configured tolerance 1.0e-10 at t = 2277.5 s. The tags no longer account for the field they partition; see output/a1_dt2p5/output_0000/water_tag_closure.csv.
└ @ ClimaAtmos ~/git/ClimaAtmosResiDyn.jl/src/parameterized_tendencies/tagged_tracers/tagged_tracers.jl:590
┌ Warning: water tag closure residual 2.856971459313047e-5 exceeds the configured tolerance 1.0e-10 at t = 2280.0 s. The tags no longer account for the field they partition; see output/a1_dt2p5/output_0000/water_tag_closure.csv.
└ @ ClimaAtmos ~/git/ClimaAtmosResiDyn.jl/src/parameterized_tendencies/tagged_tracers/tagged_tracers.jl:590
┌ Warning: water tag closure residual 2.8568526659514866e-5 exceeds the configured tolerance 1.0e-10 at t = 2282.5 s. The tags no longer account for the field they partition; see output/a1_dt2p5/output_0000/water_tag_closure.csv.
└ @ ClimaAtmos ~/git/ClimaAtmosResiDyn.jl/src/parameterized_tendencies/tagged_tracers/tagged_tracers.jl:590
┌ Warning: water tag closure residual 2.856733905502752e-5 exceeds the configured tolerance 1.0e-10 at t = 2285.0 s. The tags no longer account for the field they partition; see output/a1_dt2p5/output_0000/water_tag_closure.csv.
└ @ ClimaAtmos ~/git/ClimaAtmosResiDyn.jl/src/parameterized_tendencies/tagged_tracers/tagged_tracers.jl:590
┌ Warning: water tag closure residual 2.856615177427032e-5 exceeds the configured tolerance 1.0e-10 at t = 2287.5 s. The tags no longer account for the field they partition; see output/a1_dt2p5/output_0000/water_tag_closure.csv.
└ @ ClimaAtmos ~/git/ClimaAtmosResiDyn.jl/src/parameterized_tendencies/tagged_tracers/tagged_tracers.jl:590
┌ Warning: water tag closure residual 2.8564964815198796e-5 exceeds the configured tolerance 1.0e-10 at t = 2290.0 s. The tags no longer account for the field they partition; see output/a1_dt2p5/output_0000/water_tag_closure.csv.
└ @ ClimaAtmos ~/git/ClimaAtmosResiDyn.jl/src/parameterized_tendencies/tagged_tracers/tagged_tracers.jl:590
┌ Warning: water tag closure residual 2.8563778178658763e-5 exceeds the configured tolerance 1.0e-10 at t = 2292.5 s. The tags no longer account for the field they partition; see output/a1_dt2p5/output_0000/water_tag_closure.csv.
└ @ ClimaAtmos ~/git/ClimaAtmosResiDyn.jl/src/parameterized_tendencies/tagged_tracers/tagged_tracers.jl:590
┌ Warning: water tag closure residual 2.8562591863012253e-5 exceeds the configured tolerance 1.0e-10 at t = 2295.0 s. The tags no longer account for the field they partition; see output/a1_dt2p5/output_0000/water_tag_closure.csv.
└ @ ClimaAtmos ~/git/ClimaAtmosResiDyn.jl/src/parameterized_tendencies/tagged_tracers/tagged_tracers.jl:590
┌ Warning: water tag closure residual 2.8561405864113303e-5 exceeds the configured tolerance 1.0e-10 at t = 2297.5 s. The tags no longer account for the field they partition; see output/a1_dt2p5/output_0000/water_tag_closure.csv.
└ @ ClimaAtmos ~/git/ClimaAtmosResiDyn.jl/src/parameterized_tendencies/tagged_tracers/tagged_tracers.jl:590
┌ Warning: water tag closure residual 2.8560220180640587e-5 exceeds the configured tolerance 1.0e-10 at t = 2300.0 s. The tags no longer account for the field they partition; see output/a1_dt2p5/output_0000/water_tag_closure.csv.
└ @ ClimaAtmos ~/git/ClimaAtmosResiDyn.jl/src/parameterized_tendencies/tagged_tracers/tagged_tracers.jl:590
┌ Warning: water tag closure residual 2.855903481271456e-5 exceeds the configured tolerance 1.0e-10 at t = 2302.5 s. The tags no longer account for the field they partition; see output/a1_dt2p5/output_0000/water_tag_closure.csv.
└ @ ClimaAtmos ~/git/ClimaAtmosResiDyn.jl/src/parameterized_tendencies/tagged_tracers/tagged_tracers.jl:590
┌ Warning: water tag closure residual 2.8557849758361724e-5 exceeds the configured tolerance 1.0e-10 at t = 2305.0 s. The tags no longer account for the field they partition; see output/a1_dt2p5/output_0000/water_tag_closure.csv.
└ @ ClimaAtmos ~/git/ClimaAtmosResiDyn.jl/src/parameterized_tendencies/tagged_tracers/tagged_tracers.jl:590
┌ Warning: water tag closure residual 2.855666502981575e-5 exceeds the configured tolerance 1.0e-10 at t = 2307.5 s. The tags no longer account for the field they partition; see output/a1_dt2p5/output_0000/water_tag_closure.csv.
└ @ ClimaAtmos ~/git/ClimaAtmosResiDyn.jl/src/parameterized_tendencies/tagged_tracers/tagged_tracers.jl:590
┌ Warning: water tag closure residual 2.855548068125167e-5 exceeds the configured tolerance 1.0e-10 at t = 2310.0 s. The tags no longer account for the field they partition; see output/a1_dt2p5/output_0000/water_tag_closure.csv.
└ @ ClimaAtmos ~/git/ClimaAtmosResiDyn.jl/src/parameterized_tendencies/tagged_tracers/tagged_tracers.jl:590
┌ Warning: water tag closure residual 2.8554296696176973e-5 exceeds the configured tolerance 1.0e-10 at t = 2312.5 s. The tags no longer account for the field they partition; see output/a1_dt2p5/output_0000/water_tag_closure.csv.
└ @ ClimaAtmos ~/git/ClimaAtmosResiDyn.jl/src/parameterized_tendencies/tagged_tracers/tagged_tracers.jl:590
┌ Warning: water tag closure residual 2.8553113024449008e-5 exceeds the configured tolerance 1.0e-10 at t = 2315.0 s. The tags no longer account for the field they partition; see output/a1_dt2p5/output_0000/water_tag_closure.csv.
└ @ ClimaAtmos ~/git/ClimaAtmosResiDyn.jl/src/parameterized_tendencies/tagged_tracers/tagged_tracers.jl:590
┌ Warning: water tag closure residual 2.85519296877026e-5 exceeds the configured tolerance 1.0e-10 at t = 2317.5 s. The tags no longer account for the field they partition; see output/a1_dt2p5/output_0000/water_tag_closure.csv.
└ @ ClimaAtmos ~/git/ClimaAtmosResiDyn.jl/src/parameterized_tendencies/tagged_tracers/tagged_tracers.jl:590
┌ Warning: water tag closure residual 2.8550746716063487e-5 exceeds the configured tolerance 1.0e-10 at t = 2320.0 s. The tags no longer account for the field they partition; see output/a1_dt2p5/output_0000/water_tag_closure.csv.
└ @ ClimaAtmos ~/git/ClimaAtmosResiDyn.jl/src/parameterized_tendencies/tagged_tracers/tagged_tracers.jl:590
┌ Warning: water tag closure residual 2.854956408321709e-5 exceeds the configured tolerance 1.0e-10 at t = 2322.5 s. The tags no longer account for the field they partition; see output/a1_dt2p5/output_0000/water_tag_closure.csv.
└ @ ClimaAtmos ~/git/ClimaAtmosResiDyn.jl/src/parameterized_tendencies/tagged_tracers/tagged_tracers.jl:590
┌ Warning: water tag closure residual 2.8548381764927676e-5 exceeds the configured tolerance 1.0e-10 at t = 2325.0 s. The tags no longer account for the field they partition; see output/a1_dt2p5/output_0000/water_tag_closure.csv.
└ @ ClimaAtmos ~/git/ClimaAtmosResiDyn.jl/src/parameterized_tendencies/tagged_tracers/tagged_tracers.jl:590
┌ Warning: water tag closure residual 2.8547199759681066e-5 exceeds the configured tolerance 1.0e-10 at t = 2327.5 s. The tags no longer account for the field they partition; see output/a1_dt2p5/output_0000/water_tag_closure.csv.
└ @ ClimaAtmos ~/git/ClimaAtmosResiDyn.jl/src/parameterized_tendencies/tagged_tracers/tagged_tracers.jl:590
┌ Warning: water tag closure residual 2.8546017904238822e-5 exceeds the configured tolerance 1.0e-10 at t = 2330.0 s. The tags no longer account for the field they partition; see output/a1_dt2p5/output_0000/water_tag_closure.csv.
└ @ ClimaAtmos ~/git/ClimaAtmosResiDyn.jl/src/parameterized_tendencies/tagged_tracers/tagged_tracers.jl:590
┌ Warning: water tag closure residual 2.8544836327451784e-5 exceeds the configured tolerance 1.0e-10 at t = 2332.5 s. The tags no longer account for the field they partition; see output/a1_dt2p5/output_0000/water_tag_closure.csv.
└ @ ClimaAtmos ~/git/ClimaAtmosResiDyn.jl/src/parameterized_tendencies/tagged_tracers/tagged_tracers.jl:590
┌ Warning: water tag closure residual 2.8543655185934367e-5 exceeds the configured tolerance 1.0e-10 at t = 2335.0 s. The tags no longer account for the field they partition; see output/a1_dt2p5/output_0000/water_tag_closure.csv.
└ @ ClimaAtmos ~/git/ClimaAtmosResiDyn.jl/src/parameterized_tendencies/tagged_tracers/tagged_tracers.jl:590
┌ Warning: water tag closure residual 2.854247442393315e-5 exceeds the configured tolerance 1.0e-10 at t = 2337.5 s. The tags no longer account for the field they partition; see output/a1_dt2p5/output_0000/water_tag_closure.csv.
└ @ ClimaAtmos ~/git/ClimaAtmosResiDyn.jl/src/parameterized_tendencies/tagged_tracers/tagged_tracers.jl:590
┌ Warning: water tag closure residual 2.854129386952678e-5 exceeds the configured tolerance 1.0e-10 at t = 2340.0 s. The tags no longer account for the field they partition; see output/a1_dt2p5/output_0000/water_tag_closure.csv.
└ @ ClimaAtmos ~/git/ClimaAtmosResiDyn.jl/src/parameterized_tendencies/tagged_tracers/tagged_tracers.jl:590
┌ Warning: water tag closure residual 2.8540113615984315e-5 exceeds the configured tolerance 1.0e-10 at t = 2342.5 s. The tags no longer account for the field they partition; see output/a1_dt2p5/output_0000/water_tag_closure.csv.
└ @ ClimaAtmos ~/git/ClimaAtmosResiDyn.jl/src/parameterized_tendencies/tagged_tracers/tagged_tracers.jl:590
┌ Warning: water tag closure residual 2.8538933774463283e-5 exceeds the configured tolerance 1.0e-10 at t = 2345.0 s. The tags no longer account for the field they partition; see output/a1_dt2p5/output_0000/water_tag_closure.csv.
└ @ ClimaAtmos ~/git/ClimaAtmosResiDyn.jl/src/parameterized_tendencies/tagged_tracers/tagged_tracers.jl:590
┌ Warning: water tag closure residual 2.8537754246653833e-5 exceeds the configured tolerance 1.0e-10 at t = 2347.5 s. The tags no longer account for the field they partition; see output/a1_dt2p5/output_0000/water_tag_closure.csv.
└ @ ClimaAtmos ~/git/ClimaAtmosResiDyn.jl/src/parameterized_tendencies/tagged_tracers/tagged_tracers.jl:590
┌ Warning: water tag closure residual 2.8536574956029072e-5 exceeds the configured tolerance 1.0e-10 at t = 2350.0 s. The tags no longer account for the field they partition; see output/a1_dt2p5/output_0000/water_tag_closure.csv.
└ @ ClimaAtmos ~/git/ClimaAtmosResiDyn.jl/src/parameterized_tendencies/tagged_tracers/tagged_tracers.jl:590
┌ Warning: water tag closure residual 2.853539599152396e-5 exceeds the configured tolerance 1.0e-10 at t = 2352.5 s. The tags no longer account for the field they partition; see output/a1_dt2p5/output_0000/water_tag_closure.csv.
└ @ ClimaAtmos ~/git/ClimaAtmosResiDyn.jl/src/parameterized_tendencies/tagged_tracers/tagged_tracers.jl:590
┌ Warning: water tag closure residual 2.8534217394665337e-5 exceeds the configured tolerance 1.0e-10 at t = 2355.0 s. The tags no longer account for the field they partition; see output/a1_dt2p5/output_0000/water_tag_closure.csv.
└ @ ClimaAtmos ~/git/ClimaAtmosResiDyn.jl/src/parameterized_tendencies/tagged_tracers/tagged_tracers.jl:590
┌ Warning: water tag closure residual 2.853303908218934e-5 exceeds the configured tolerance 1.0e-10 at t = 2357.5 s. The tags no longer account for the field they partition; see output/a1_dt2p5/output_0000/water_tag_closure.csv.
└ @ ClimaAtmos ~/git/ClimaAtmosResiDyn.jl/src/parameterized_tendencies/tagged_tracers/tagged_tracers.jl:590
┌ Warning: water tag closure residual 2.8531861030810834e-5 exceeds the configured tolerance 1.0e-10 at t = 2360.0 s. The tags no longer account for the field they partition; see output/a1_dt2p5/output_0000/water_tag_closure.csv.
└ @ ClimaAtmos ~/git/ClimaAtmosResiDyn.jl/src/parameterized_tendencies/tagged_tracers/tagged_tracers.jl:590
┌ Warning: water tag closure residual 2.8530683308073192e-5 exceeds the configured tolerance 1.0e-10 at t = 2362.5 s. The tags no longer account for the field they partition; see output/a1_dt2p5/output_0000/water_tag_closure.csv.
└ @ ClimaAtmos ~/git/ClimaAtmosResiDyn.jl/src/parameterized_tendencies/tagged_tracers/tagged_tracers.jl:590
┌ Warning: water tag closure residual 2.8529505916448072e-5 exceeds the configured tolerance 1.0e-10 at t = 2365.0 s. The tags no longer account for the field they partition; see output/a1_dt2p5/output_0000/water_tag_closure.csv.
└ @ ClimaAtmos ~/git/ClimaAtmosResiDyn.jl/src/parameterized_tendencies/tagged_tracers/tagged_tracers.jl:590
┌ Warning: water tag closure residual 2.8528328796867613e-5 exceeds the configured tolerance 1.0e-10 at t = 2367.5 s. The tags no longer account for the field they partition; see output/a1_dt2p5/output_0000/water_tag_closure.csv.
└ @ ClimaAtmos ~/git/ClimaAtmosResiDyn.jl/src/parameterized_tendencies/tagged_tracers/tagged_tracers.jl:590
┌ Warning: water tag closure residual 2.8527151953396704e-5 exceeds the configured tolerance 1.0e-10 at t = 2370.0 s. The tags no longer account for the field they partition; see output/a1_dt2p5/output_0000/water_tag_closure.csv.
└ @ ClimaAtmos ~/git/ClimaAtmosResiDyn.jl/src/parameterized_tendencies/tagged_tracers/tagged_tracers.jl:590
┌ Warning: water tag closure residual 2.8525975429187335e-5 exceeds the configured tolerance 1.0e-10 at t = 2372.5 s. The tags no longer account for the field they partition; see output/a1_dt2p5/output_0000/water_tag_closure.csv.
└ @ ClimaAtmos ~/git/ClimaAtmosResiDyn.jl/src/parameterized_tendencies/tagged_tracers/tagged_tracers.jl:590
┌ Warning: water tag closure residual 2.852479920886821e-5 exceeds the configured tolerance 1.0e-10 at t = 2375.0 s. The tags no longer account for the field they partition; see output/a1_dt2p5/output_0000/water_tag_closure.csv.
└ @ ClimaAtmos ~/git/ClimaAtmosResiDyn.jl/src/parameterized_tendencies/tagged_tracers/tagged_tracers.jl:590
┌ Info: Progress
│   simulation_time = "39 minutes, 35 seconds"
│   n_steps_completed = 950
│   wall_time_per_step = "4 milliseconds, 276 microseconds"
│   wall_time_total = "6 seconds, 158 milliseconds"
│   wall_time_remaining = "2 seconds, 95 milliseconds"
│   wall_time_spent = "4 seconds, 62 milliseconds"
│   percent_complete = "66.0%"
│   estimated_sypd = "1.6"
│   instantaneous_sypd = "2.127"
│   date_now = 2026-09-10T00:20:16.590
└   estimated_finish_date = 2026-09-10T00:20:19.590
┌ Warning: water tag closure residual 2.8523623256376428e-5 exceeds the configured tolerance 1.0e-10 at t = 2377.5 s. The tags no longer account for the field they partition; see output/a1_dt2p5/output_0000/water_tag_closure.csv.
└ @ ClimaAtmos ~/git/ClimaAtmosResiDyn.jl/src/parameterized_tendencies/tagged_tracers/tagged_tracers.jl:590
┌ Warning: water tag closure residual 2.852244758632533e-5 exceeds the configured tolerance 1.0e-10 at t = 2380.0 s. The tags no longer account for the field they partition; see output/a1_dt2p5/output_0000/water_tag_closure.csv.
└ @ ClimaAtmos ~/git/ClimaAtmosResiDyn.jl/src/parameterized_tendencies/tagged_tracers/tagged_tracers.jl:590
┌ Warning: water tag closure residual 2.852127222125002e-5 exceeds the configured tolerance 1.0e-10 at t = 2382.5 s. The tags no longer account for the field they partition; see output/a1_dt2p5/output_0000/water_tag_closure.csv.
└ @ ClimaAtmos ~/git/ClimaAtmosResiDyn.jl/src/parameterized_tendencies/tagged_tracers/tagged_tracers.jl:590
┌ Warning: water tag closure residual 2.852009714101564e-5 exceeds the configured tolerance 1.0e-10 at t = 2385.0 s. The tags no longer account for the field they partition; see output/a1_dt2p5/output_0000/water_tag_closure.csv.
└ @ ClimaAtmos ~/git/ClimaAtmosResiDyn.jl/src/parameterized_tendencies/tagged_tracers/tagged_tracers.jl:590
┌ Warning: water tag closure residual 2.851892232695223e-5 exceeds the configured tolerance 1.0e-10 at t = 2387.5 s. The tags no longer account for the field they partition; see output/a1_dt2p5/output_0000/water_tag_closure.csv.
└ @ ClimaAtmos ~/git/ClimaAtmosResiDyn.jl/src/parameterized_tendencies/tagged_tracers/tagged_tracers.jl:590
┌ Warning: water tag closure residual 2.85177477945612e-5 exceeds the configured tolerance 1.0e-10 at t = 2390.0 s. The tags no longer account for the field they partition; see output/a1_dt2p5/output_0000/water_tag_closure.csv.
└ @ ClimaAtmos ~/git/ClimaAtmosResiDyn.jl/src/parameterized_tendencies/tagged_tracers/tagged_tracers.jl:590
┌ Warning: water tag closure residual 2.8516573552131725e-5 exceeds the configured tolerance 1.0e-10 at t = 2392.5 s. The tags no longer account for the field they partition; see output/a1_dt2p5/output_0000/water_tag_closure.csv.
└ @ ClimaAtmos ~/git/ClimaAtmosResiDyn.jl/src/parameterized_tendencies/tagged_tracers/tagged_tracers.jl:590
┌ Warning: water tag closure residual 2.85153995816509e-5 exceeds the configured tolerance 1.0e-10 at t = 2395.0 s. The tags no longer account for the field they partition; see output/a1_dt2p5/output_0000/water_tag_closure.csv.
└ @ ClimaAtmos ~/git/ClimaAtmosResiDyn.jl/src/parameterized_tendencies/tagged_tracers/tagged_tracers.jl:590
┌ Warning: water tag closure residual 2.8514225875429937e-5 exceeds the configured tolerance 1.0e-10 at t = 2397.5 s. The tags no longer account for the field they partition; see output/a1_dt2p5/output_0000/water_tag_closure.csv.
└ @ ClimaAtmos ~/git/ClimaAtmosResiDyn.jl/src/parameterized_tendencies/tagged_tracers/tagged_tracers.jl:590
┌ Warning: water tag closure residual 2.8513052445569107e-5 exceeds the configured tolerance 1.0e-10 at t = 2400.0 s. The tags no longer account for the field they partition; see output/a1_dt2p5/output_0000/water_tag_closure.csv.
└ @ ClimaAtmos ~/git/ClimaAtmosResiDyn.jl/src/parameterized_tendencies/tagged_tracers/tagged_tracers.jl:590
┌ Warning: water tag closure residual 2.8511879291750358e-5 exceeds the configured tolerance 1.0e-10 at t = 2402.5 s. The tags no longer account for the field they partition; see output/a1_dt2p5/output_0000/water_tag_closure.csv.
└ @ ClimaAtmos ~/git/ClimaAtmosResiDyn.jl/src/parameterized_tendencies/tagged_tracers/tagged_tracers.jl:590
┌ Warning: water tag closure residual 2.851070639633973e-5 exceeds the configured tolerance 1.0e-10 at t = 2405.0 s. The tags no longer account for the field they partition; see output/a1_dt2p5/output_0000/water_tag_closure.csv.
└ @ ClimaAtmos ~/git/ClimaAtmosResiDyn.jl/src/parameterized_tendencies/tagged_tracers/tagged_tracers.jl:590
┌ Warning: water tag closure residual 2.850953371735129e-5 exceeds the configured tolerance 1.0e-10 at t = 2407.5 s. The tags no longer account for the field they partition; see output/a1_dt2p5/output_0000/water_tag_closure.csv.
└ @ ClimaAtmos ~/git/ClimaAtmosResiDyn.jl/src/parameterized_tendencies/tagged_tracers/tagged_tracers.jl:590
┌ Warning: water tag closure residual 2.850836122837318e-5 exceeds the configured tolerance 1.0e-10 at t = 2410.0 s. The tags no longer account for the field they partition; see output/a1_dt2p5/output_0000/water_tag_closure.csv.
└ @ ClimaAtmos ~/git/ClimaAtmosResiDyn.jl/src/parameterized_tendencies/tagged_tracers/tagged_tracers.jl:590
┌ Warning: water tag closure residual 2.8507188925629098e-5 exceeds the configured tolerance 1.0e-10 at t = 2412.5 s. The tags no longer account for the field they partition; see output/a1_dt2p5/output_0000/water_tag_closure.csv.
└ @ ClimaAtmos ~/git/ClimaAtmosResiDyn.jl/src/parameterized_tendencies/tagged_tracers/tagged_tracers.jl:590
┌ Warning: water tag closure residual 2.8506016799551328e-5 exceeds the configured tolerance 1.0e-10 at t = 2415.0 s. The tags no longer account for the field they partition; see output/a1_dt2p5/output_0000/water_tag_closure.csv.
└ @ ClimaAtmos ~/git/ClimaAtmosResiDyn.jl/src/parameterized_tendencies/tagged_tracers/tagged_tracers.jl:590
┌ Warning: water tag closure residual 2.8504844851239695e-5 exceeds the configured tolerance 1.0e-10 at t = 2417.5 s. The tags no longer account for the field they partition; see output/a1_dt2p5/output_0000/water_tag_closure.csv.
└ @ ClimaAtmos ~/git/ClimaAtmosResiDyn.jl/src/parameterized_tendencies/tagged_tracers/tagged_tracers.jl:590
┌ Warning: water tag closure residual 2.8503673083804104e-5 exceeds the configured tolerance 1.0e-10 at t = 2420.0 s. The tags no longer account for the field they partition; see output/a1_dt2p5/output_0000/water_tag_closure.csv.
└ @ ClimaAtmos ~/git/ClimaAtmosResiDyn.jl/src/parameterized_tendencies/tagged_tracers/tagged_tracers.jl:590
┌ Warning: water tag closure residual 2.8502501491681866e-5 exceeds the configured tolerance 1.0e-10 at t = 2422.5 s. The tags no longer account for the field they partition; see output/a1_dt2p5/output_0000/water_tag_closure.csv.
└ @ ClimaAtmos ~/git/ClimaAtmosResiDyn.jl/src/parameterized_tendencies/tagged_tracers/tagged_tracers.jl:590
┌ Warning: water tag closure residual 2.8501330069260918e-5 exceeds the configured tolerance 1.0e-10 at t = 2425.0 s. The tags no longer account for the field they partition; see output/a1_dt2p5/output_0000/water_tag_closure.csv.
└ @ ClimaAtmos ~/git/ClimaAtmosResiDyn.jl/src/parameterized_tendencies/tagged_tracers/tagged_tracers.jl:590
┌ Warning: water tag closure residual 2.8500158817992352e-5 exceeds the configured tolerance 1.0e-10 at t = 2427.5 s. The tags no longer account for the field they partition; see output/a1_dt2p5/output_0000/water_tag_closure.csv.
└ @ ClimaAtmos ~/git/ClimaAtmosResiDyn.jl/src/parameterized_tendencies/tagged_tracers/tagged_tracers.jl:590
┌ Warning: water tag closure residual 2.8498987738080272e-5 exceeds the configured tolerance 1.0e-10 at t = 2430.0 s. The tags no longer account for the field they partition; see output/a1_dt2p5/output_0000/water_tag_closure.csv.
└ @ ClimaAtmos ~/git/ClimaAtmosResiDyn.jl/src/parameterized_tendencies/tagged_tracers/tagged_tracers.jl:590
┌ Warning: water tag closure residual 2.849781682443928e-5 exceeds the configured tolerance 1.0e-10 at t = 2432.5 s. The tags no longer account for the field they partition; see output/a1_dt2p5/output_0000/water_tag_closure.csv.
└ @ ClimaAtmos ~/git/ClimaAtmosResiDyn.jl/src/parameterized_tendencies/tagged_tracers/tagged_tracers.jl:590
┌ Warning: water tag closure residual 2.8496646073501535e-5 exceeds the configured tolerance 1.0e-10 at t = 2435.0 s. The tags no longer account for the field they partition; see output/a1_dt2p5/output_0000/water_tag_closure.csv.
└ @ ClimaAtmos ~/git/ClimaAtmosResiDyn.jl/src/parameterized_tendencies/tagged_tracers/tagged_tracers.jl:590
┌ Warning: water tag closure residual 2.8495475486098978e-5 exceeds the configured tolerance 1.0e-10 at t = 2437.5 s. The tags no longer account for the field they partition; see output/a1_dt2p5/output_0000/water_tag_closure.csv.
└ @ ClimaAtmos ~/git/ClimaAtmosResiDyn.jl/src/parameterized_tendencies/tagged_tracers/tagged_tracers.jl:590
┌ Warning: water tag closure residual 2.8494305060817484e-5 exceeds the configured tolerance 1.0e-10 at t = 2440.0 s. The tags no longer account for the field they partition; see output/a1_dt2p5/output_0000/water_tag_closure.csv.
└ @ ClimaAtmos ~/git/ClimaAtmosResiDyn.jl/src/parameterized_tendencies/tagged_tracers/tagged_tracers.jl:590
┌ Warning: water tag closure residual 2.8493134793366823e-5 exceeds the configured tolerance 1.0e-10 at t = 2442.5 s. The tags no longer account for the field they partition; see output/a1_dt2p5/output_0000/water_tag_closure.csv.
└ @ ClimaAtmos ~/git/ClimaAtmosResiDyn.jl/src/parameterized_tendencies/tagged_tracers/tagged_tracers.jl:590
┌ Warning: water tag closure residual 2.849196468142749e-5 exceeds the configured tolerance 1.0e-10 at t = 2445.0 s. The tags no longer account for the field they partition; see output/a1_dt2p5/output_0000/water_tag_closure.csv.
└ @ ClimaAtmos ~/git/ClimaAtmosResiDyn.jl/src/parameterized_tendencies/tagged_tracers/tagged_tracers.jl:590
┌ Warning: water tag closure residual 2.8490794725175564e-5 exceeds the configured tolerance 1.0e-10 at t = 2447.5 s. The tags no longer account for the field they partition; see output/a1_dt2p5/output_0000/water_tag_closure.csv.
└ @ ClimaAtmos ~/git/ClimaAtmosResiDyn.jl/src/parameterized_tendencies/tagged_tracers/tagged_tracers.jl:590
┌ Warning: water tag closure residual 2.8489624922066583e-5 exceeds the configured tolerance 1.0e-10 at t = 2450.0 s. The tags no longer account for the field they partition; see output/a1_dt2p5/output_0000/water_tag_closure.csv.
└ @ ClimaAtmos ~/git/ClimaAtmosResiDyn.jl/src/parameterized_tendencies/tagged_tracers/tagged_tracers.jl:590
┌ Warning: water tag closure residual 2.8488455268698933e-5 exceeds the configured tolerance 1.0e-10 at t = 2452.5 s. The tags no longer account for the field they partition; see output/a1_dt2p5/output_0000/water_tag_closure.csv.
└ @ ClimaAtmos ~/git/ClimaAtmosResiDyn.jl/src/parameterized_tendencies/tagged_tracers/tagged_tracers.jl:590
┌ Warning: water tag closure residual 2.848728576367961e-5 exceeds the configured tolerance 1.0e-10 at t = 2455.0 s. The tags no longer account for the field they partition; see output/a1_dt2p5/output_0000/water_tag_closure.csv.
└ @ ClimaAtmos ~/git/ClimaAtmosResiDyn.jl/src/parameterized_tendencies/tagged_tracers/tagged_tracers.jl:590
┌ Warning: water tag closure residual 2.8486116406104267e-5 exceeds the configured tolerance 1.0e-10 at t = 2457.5 s. The tags no longer account for the field they partition; see output/a1_dt2p5/output_0000/water_tag_closure.csv.
└ @ ClimaAtmos ~/git/ClimaAtmosResiDyn.jl/src/parameterized_tendencies/tagged_tracers/tagged_tracers.jl:590
┌ Warning: water tag closure residual 2.848494719330251e-5 exceeds the configured tolerance 1.0e-10 at t = 2460.0 s. The tags no longer account for the field they partition; see output/a1_dt2p5/output_0000/water_tag_closure.csv.
└ @ ClimaAtmos ~/git/ClimaAtmosResiDyn.jl/src/parameterized_tendencies/tagged_tracers/tagged_tracers.jl:590
┌ Warning: water tag closure residual 2.8483778122527253e-5 exceeds the configured tolerance 1.0e-10 at t = 2462.5 s. The tags no longer account for the field they partition; see output/a1_dt2p5/output_0000/water_tag_closure.csv.
└ @ ClimaAtmos ~/git/ClimaAtmosResiDyn.jl/src/parameterized_tendencies/tagged_tracers/tagged_tracers.jl:590
┌ Warning: water tag closure residual 2.8482609192486403e-5 exceeds the configured tolerance 1.0e-10 at t = 2465.0 s. The tags no longer account for the field they partition; see output/a1_dt2p5/output_0000/water_tag_closure.csv.
└ @ ClimaAtmos ~/git/ClimaAtmosResiDyn.jl/src/parameterized_tendencies/tagged_tracers/tagged_tracers.jl:590
┌ Warning: water tag closure residual 2.8481440401651437e-5 exceeds the configured tolerance 1.0e-10 at t = 2467.5 s. The tags no longer account for the field they partition; see output/a1_dt2p5/output_0000/water_tag_closure.csv.
└ @ ClimaAtmos ~/git/ClimaAtmosResiDyn.jl/src/parameterized_tendencies/tagged_tracers/tagged_tracers.jl:590
┌ Warning: water tag closure residual 2.8480271747516852e-5 exceeds the configured tolerance 1.0e-10 at t = 2470.0 s. The tags no longer account for the field they partition; see output/a1_dt2p5/output_0000/water_tag_closure.csv.
└ @ ClimaAtmos ~/git/ClimaAtmosResiDyn.jl/src/parameterized_tendencies/tagged_tracers/tagged_tracers.jl:590
┌ Warning: water tag closure residual 2.8479103227598374e-5 exceeds the configured tolerance 1.0e-10 at t = 2472.5 s. The tags no longer account for the field they partition; see output/a1_dt2p5/output_0000/water_tag_closure.csv.
└ @ ClimaAtmos ~/git/ClimaAtmosResiDyn.jl/src/parameterized_tendencies/tagged_tracers/tagged_tracers.jl:590
┌ Warning: water tag closure residual 2.8477934840824013e-5 exceeds the configured tolerance 1.0e-10 at t = 2475.0 s. The tags no longer account for the field they partition; see output/a1_dt2p5/output_0000/water_tag_closure.csv.
└ @ ClimaAtmos ~/git/ClimaAtmosResiDyn.jl/src/parameterized_tendencies/tagged_tracers/tagged_tracers.jl:590
┌ Warning: water tag closure residual 2.8476766585223142e-5 exceeds the configured tolerance 1.0e-10 at t = 2477.5 s. The tags no longer account for the field they partition; see output/a1_dt2p5/output_0000/water_tag_closure.csv.
└ @ ClimaAtmos ~/git/ClimaAtmosResiDyn.jl/src/parameterized_tendencies/tagged_tracers/tagged_tracers.jl:590
┌ Warning: water tag closure residual 2.8475598458340546e-5 exceeds the configured tolerance 1.0e-10 at t = 2480.0 s. The tags no longer account for the field they partition; see output/a1_dt2p5/output_0000/water_tag_closure.csv.
└ @ ClimaAtmos ~/git/ClimaAtmosResiDyn.jl/src/parameterized_tendencies/tagged_tracers/tagged_tracers.jl:590
┌ Warning: water tag closure residual 2.847443045826937e-5 exceeds the configured tolerance 1.0e-10 at t = 2482.5 s. The tags no longer account for the field they partition; see output/a1_dt2p5/output_0000/water_tag_closure.csv.
└ @ ClimaAtmos ~/git/ClimaAtmosResiDyn.jl/src/parameterized_tendencies/tagged_tracers/tagged_tracers.jl:590
┌ Warning: water tag closure residual 2.847326258325109e-5 exceeds the configured tolerance 1.0e-10 at t = 2485.0 s. The tags no longer account for the field they partition; see output/a1_dt2p5/output_0000/water_tag_closure.csv.
└ @ ClimaAtmos ~/git/ClimaAtmosResiDyn.jl/src/parameterized_tendencies/tagged_tracers/tagged_tracers.jl:590
┌ Warning: water tag closure residual 2.8472094831583925e-5 exceeds the configured tolerance 1.0e-10 at t = 2487.5 s. The tags no longer account for the field they partition; see output/a1_dt2p5/output_0000/water_tag_closure.csv.
└ @ ClimaAtmos ~/git/ClimaAtmosResiDyn.jl/src/parameterized_tendencies/tagged_tracers/tagged_tracers.jl:590
┌ Warning: water tag closure residual 2.847092720088371e-5 exceeds the configured tolerance 1.0e-10 at t = 2490.0 s. The tags no longer account for the field they partition; see output/a1_dt2p5/output_0000/water_tag_closure.csv.
└ @ ClimaAtmos ~/git/ClimaAtmosResiDyn.jl/src/parameterized_tendencies/tagged_tracers/tagged_tracers.jl:590
┌ Warning: water tag closure residual 2.8469759689291998e-5 exceeds the configured tolerance 1.0e-10 at t = 2492.5 s. The tags no longer account for the field they partition; see output/a1_dt2p5/output_0000/water_tag_closure.csv.
└ @ ClimaAtmos ~/git/ClimaAtmosResiDyn.jl/src/parameterized_tendencies/tagged_tracers/tagged_tracers.jl:590
┌ Warning: water tag closure residual 2.846859229522087e-5 exceeds the configured tolerance 1.0e-10 at t = 2495.0 s. The tags no longer account for the field they partition; see output/a1_dt2p5/output_0000/water_tag_closure.csv.
└ @ ClimaAtmos ~/git/ClimaAtmosResiDyn.jl/src/parameterized_tendencies/tagged_tracers/tagged_tracers.jl:590
┌ Warning: water tag closure residual 2.8467425016552138e-5 exceeds the configured tolerance 1.0e-10 at t = 2497.5 s. The tags no longer account for the field they partition; see output/a1_dt2p5/output_0000/water_tag_closure.csv.
└ @ ClimaAtmos ~/git/ClimaAtmosResiDyn.jl/src/parameterized_tendencies/tagged_tracers/tagged_tracers.jl:590
┌ Warning: water tag closure residual 2.8466257851258837e-5 exceeds the configured tolerance 1.0e-10 at t = 2500.0 s. The tags no longer account for the field they partition; see output/a1_dt2p5/output_0000/water_tag_closure.csv.
└ @ ClimaAtmos ~/git/ClimaAtmosResiDyn.jl/src/parameterized_tendencies/tagged_tracers/tagged_tracers.jl:590
┌ Warning: water tag closure residual 2.8465090797595e-5 exceeds the configured tolerance 1.0e-10 at t = 2502.5 s. The tags no longer account for the field they partition; see output/a1_dt2p5/output_0000/water_tag_closure.csv.
└ @ ClimaAtmos ~/git/ClimaAtmosResiDyn.jl/src/parameterized_tendencies/tagged_tracers/tagged_tracers.jl:590
┌ Warning: water tag closure residual 2.8463923853758728e-5 exceeds the configured tolerance 1.0e-10 at t = 2505.0 s. The tags no longer account for the field they partition; see output/a1_dt2p5/output_0000/water_tag_closure.csv.
└ @ ClimaAtmos ~/git/ClimaAtmosResiDyn.jl/src/parameterized_tendencies/tagged_tracers/tagged_tracers.jl:590
┌ Warning: water tag closure residual 2.846275701764559e-5 exceeds the configured tolerance 1.0e-10 at t = 2507.5 s. The tags no longer account for the field they partition; see output/a1_dt2p5/output_0000/water_tag_closure.csv.
└ @ ClimaAtmos ~/git/ClimaAtmosResiDyn.jl/src/parameterized_tendencies/tagged_tracers/tagged_tracers.jl:590
┌ Warning: water tag closure residual 2.8461590287401858e-5 exceeds the configured tolerance 1.0e-10 at t = 2510.0 s. The tags no longer account for the field they partition; see output/a1_dt2p5/output_0000/water_tag_closure.csv.
└ @ ClimaAtmos ~/git/ClimaAtmosResiDyn.jl/src/parameterized_tendencies/tagged_tracers/tagged_tracers.jl:590
┌ Warning: water tag closure residual 2.8460423661068777e-5 exceeds the configured tolerance 1.0e-10 at t = 2512.5 s. The tags no longer account for the field they partition; see output/a1_dt2p5/output_0000/water_tag_closure.csv.
└ @ ClimaAtmos ~/git/ClimaAtmosResiDyn.jl/src/parameterized_tendencies/tagged_tracers/tagged_tracers.jl:590
┌ Warning: water tag closure residual 2.845925713698903e-5 exceeds the configured tolerance 1.0e-10 at t = 2515.0 s. The tags no longer account for the field they partition; see output/a1_dt2p5/output_0000/water_tag_closure.csv.
└ @ ClimaAtmos ~/git/ClimaAtmosResiDyn.jl/src/parameterized_tendencies/tagged_tracers/tagged_tracers.jl:590
┌ Warning: water tag closure residual 2.845809071310161e-5 exceeds the configured tolerance 1.0e-10 at t = 2517.5 s. The tags no longer account for the field they partition; see output/a1_dt2p5/output_0000/water_tag_closure.csv.
└ @ ClimaAtmos ~/git/ClimaAtmosResiDyn.jl/src/parameterized_tendencies/tagged_tracers/tagged_tracers.jl:590
┌ Warning: water tag closure residual 2.845692438745388e-5 exceeds the configured tolerance 1.0e-10 at t = 2520.0 s. The tags no longer account for the field they partition; see output/a1_dt2p5/output_0000/water_tag_closure.csv.
└ @ ClimaAtmos ~/git/ClimaAtmosResiDyn.jl/src/parameterized_tendencies/tagged_tracers/tagged_tracers.jl:590
┌ Warning: water tag closure residual 2.845575815834229e-5 exceeds the configured tolerance 1.0e-10 at t = 2522.5 s. The tags no longer account for the field they partition; see output/a1_dt2p5/output_0000/water_tag_closure.csv.
└ @ ClimaAtmos ~/git/ClimaAtmosResiDyn.jl/src/parameterized_tendencies/tagged_tracers/tagged_tracers.jl:590
┌ Warning: water tag closure residual 2.8454592023854808e-5 exceeds the configured tolerance 1.0e-10 at t = 2525.0 s. The tags no longer account for the field they partition; see output/a1_dt2p5/output_0000/water_tag_closure.csv.
└ @ ClimaAtmos ~/git/ClimaAtmosResiDyn.jl/src/parameterized_tendencies/tagged_tracers/tagged_tracers.jl:590
┌ Warning: water tag closure residual 2.8453425982161932e-5 exceeds the configured tolerance 1.0e-10 at t = 2527.5 s. The tags no longer account for the field they partition; see output/a1_dt2p5/output_0000/water_tag_closure.csv.
└ @ ClimaAtmos ~/git/ClimaAtmosResiDyn.jl/src/parameterized_tendencies/tagged_tracers/tagged_tracers.jl:590
┌ Warning: water tag closure residual 2.845226003118869e-5 exceeds the configured tolerance 1.0e-10 at t = 2530.0 s. The tags no longer account for the field they partition; see output/a1_dt2p5/output_0000/water_tag_closure.csv.
└ @ ClimaAtmos ~/git/ClimaAtmosResiDyn.jl/src/parameterized_tendencies/tagged_tracers/tagged_tracers.jl:590
┌ Warning: water tag closure residual 2.8451094169384695e-5 exceeds the configured tolerance 1.0e-10 at t = 2532.5 s. The tags no longer account for the field they partition; see output/a1_dt2p5/output_0000/water_tag_closure.csv.
└ @ ClimaAtmos ~/git/ClimaAtmosResiDyn.jl/src/parameterized_tendencies/tagged_tracers/tagged_tracers.jl:590
┌ Warning: water tag closure residual 2.8449928394690926e-5 exceeds the configured tolerance 1.0e-10 at t = 2535.0 s. The tags no longer account for the field they partition; see output/a1_dt2p5/output_0000/water_tag_closure.csv.
└ @ ClimaAtmos ~/git/ClimaAtmosResiDyn.jl/src/parameterized_tendencies/tagged_tracers/tagged_tracers.jl:590
┌ Warning: water tag closure residual 2.8448762705378874e-5 exceeds the configured tolerance 1.0e-10 at t = 2537.5 s. The tags no longer account for the field they partition; see output/a1_dt2p5/output_0000/water_tag_closure.csv.
└ @ ClimaAtmos ~/git/ClimaAtmosResiDyn.jl/src/parameterized_tendencies/tagged_tracers/tagged_tracers.jl:590
┌ Warning: water tag closure residual 2.844759709955672e-5 exceeds the configured tolerance 1.0e-10 at t = 2540.0 s. The tags no longer account for the field they partition; see output/a1_dt2p5/output_0000/water_tag_closure.csv.
└ @ ClimaAtmos ~/git/ClimaAtmosResiDyn.jl/src/parameterized_tendencies/tagged_tracers/tagged_tracers.jl:590
┌ Warning: water tag closure residual 2.8446431575434906e-5 exceeds the configured tolerance 1.0e-10 at t = 2542.5 s. The tags no longer account for the field they partition; see output/a1_dt2p5/output_0000/water_tag_closure.csv.
└ @ ClimaAtmos ~/git/ClimaAtmosResiDyn.jl/src/parameterized_tendencies/tagged_tracers/tagged_tracers.jl:590
┌ Warning: water tag closure residual 2.844526613112439e-5 exceeds the configured tolerance 1.0e-10 at t = 2545.0 s. The tags no longer account for the field they partition; see output/a1_dt2p5/output_0000/water_tag_closure.csv.
└ @ ClimaAtmos ~/git/ClimaAtmosResiDyn.jl/src/parameterized_tendencies/tagged_tracers/tagged_tracers.jl:590
┌ Warning: water tag closure residual 2.844410076476996e-5 exceeds the configured tolerance 1.0e-10 at t = 2547.5 s. The tags no longer account for the field they partition; see output/a1_dt2p5/output_0000/water_tag_closure.csv.
└ @ ClimaAtmos ~/git/ClimaAtmosResiDyn.jl/src/parameterized_tendencies/tagged_tracers/tagged_tracers.jl:590
┌ Warning: water tag closure residual 2.844293547455018e-5 exceeds the configured tolerance 1.0e-10 at t = 2550.0 s. The tags no longer account for the field they partition; see output/a1_dt2p5/output_0000/water_tag_closure.csv.
└ @ ClimaAtmos ~/git/ClimaAtmosResiDyn.jl/src/parameterized_tendencies/tagged_tracers/tagged_tracers.jl:590
┌ Warning: water tag closure residual 2.8441770258798422e-5 exceeds the configured tolerance 1.0e-10 at t = 2552.5 s. The tags no longer account for the field they partition; see output/a1_dt2p5/output_0000/water_tag_closure.csv.
└ @ ClimaAtmos ~/git/ClimaAtmosResiDyn.jl/src/parameterized_tendencies/tagged_tracers/tagged_tracers.jl:590
┌ Warning: water tag closure residual 2.844060511546386e-5 exceeds the configured tolerance 1.0e-10 at t = 2555.0 s. The tags no longer account for the field they partition; see output/a1_dt2p5/output_0000/water_tag_closure.csv.
└ @ ClimaAtmos ~/git/ClimaAtmosResiDyn.jl/src/parameterized_tendencies/tagged_tracers/tagged_tracers.jl:590
┌ Warning: water tag closure residual 2.8439440042800006e-5 exceeds the configured tolerance 1.0e-10 at t = 2557.5 s. The tags no longer account for the field they partition; see output/a1_dt2p5/output_0000/water_tag_closure.csv.
└ @ ClimaAtmos ~/git/ClimaAtmosResiDyn.jl/src/parameterized_tendencies/tagged_tracers/tagged_tracers.jl:590
┌ Info: Progress
│   simulation_time = "42 minutes, 37 seconds"
│   n_steps_completed = 1023
│   wall_time_per_step = "4 milliseconds, 185 microseconds"
│   wall_time_total = "6 seconds, 27 milliseconds"
│   wall_time_remaining = "1 second, 745 milliseconds"
│   wall_time_spent = "4 seconds, 281 milliseconds"
│   percent_complete = "71.0%"
│   estimated_sypd = "1.635"
│   instantaneous_sypd = "2.28"
│   date_now = 2026-09-10T00:20:16.809
└   estimated_finish_date = 2026-09-10T00:20:18.809
┌ Warning: water tag closure residual 2.843827503908102e-5 exceeds the configured tolerance 1.0e-10 at t = 2560.0 s. The tags no longer account for the field they partition; see output/a1_dt2p5/output_0000/water_tag_closure.csv.
└ @ ClimaAtmos ~/git/ClimaAtmosResiDyn.jl/src/parameterized_tendencies/tagged_tracers/tagged_tracers.jl:590
┌ Info: Progress
│   simulation_time = "42 minutes, 40 seconds"
│   n_steps_completed = 1024
│   wall_time_per_step = "4 milliseconds, 183 microseconds"
│   wall_time_total = "6 seconds, 24 milliseconds"
│   wall_time_remaining = "1 second, 740 milliseconds"
│   wall_time_spent = "4 seconds, 284 milliseconds"
│   percent_complete = "71.1%"
│   estimated_sypd = "1.636"
│   instantaneous_sypd = "2.876"
│   date_now = 2026-09-10T00:20:16.811
└   estimated_finish_date = 2026-09-10T00:20:18.811
┌ Warning: water tag closure residual 2.8437110102471467e-5 exceeds the configured tolerance 1.0e-10 at t = 2562.5 s. The tags no longer account for the field they partition; see output/a1_dt2p5/output_0000/water_tag_closure.csv.
└ @ ClimaAtmos ~/git/ClimaAtmosResiDyn.jl/src/parameterized_tendencies/tagged_tracers/tagged_tracers.jl:590
┌ Warning: water tag closure residual 2.843594523115687e-5 exceeds the configured tolerance 1.0e-10 at t = 2565.0 s. The tags no longer account for the field they partition; see output/a1_dt2p5/output_0000/water_tag_closure.csv.
└ @ ClimaAtmos ~/git/ClimaAtmosResiDyn.jl/src/parameterized_tendencies/tagged_tracers/tagged_tracers.jl:590
┌ Warning: water tag closure residual 2.8434780423314676e-5 exceeds the configured tolerance 1.0e-10 at t = 2567.5 s. The tags no longer account for the field they partition; see output/a1_dt2p5/output_0000/water_tag_closure.csv.
└ @ ClimaAtmos ~/git/ClimaAtmosResiDyn.jl/src/parameterized_tendencies/tagged_tracers/tagged_tracers.jl:590
┌ Warning: water tag closure residual 2.843361567731573e-5 exceeds the configured tolerance 1.0e-10 at t = 2570.0 s. The tags no longer account for the field they partition; see output/a1_dt2p5/output_0000/water_tag_closure.csv.
└ @ ClimaAtmos ~/git/ClimaAtmosResiDyn.jl/src/parameterized_tendencies/tagged_tracers/tagged_tracers.jl:590
┌ Warning: water tag closure residual 2.8432450991175423e-5 exceeds the configured tolerance 1.0e-10 at t = 2572.5 s. The tags no longer account for the field they partition; see output/a1_dt2p5/output_0000/water_tag_closure.csv.
└ @ ClimaAtmos ~/git/ClimaAtmosResiDyn.jl/src/parameterized_tendencies/tagged_tracers/tagged_tracers.jl:590
┌ Warning: water tag closure residual 2.8431286363265172e-5 exceeds the configured tolerance 1.0e-10 at t = 2575.0 s. The tags no longer account for the field they partition; see output/a1_dt2p5/output_0000/water_tag_closure.csv.
└ @ ClimaAtmos ~/git/ClimaAtmosResiDyn.jl/src/parameterized_tendencies/tagged_tracers/tagged_tracers.jl:590
┌ Warning: water tag closure residual 2.8430121791744818e-5 exceeds the configured tolerance 1.0e-10 at t = 2577.5 s. The tags no longer account for the field they partition; see output/a1_dt2p5/output_0000/water_tag_closure.csv.
└ @ ClimaAtmos ~/git/ClimaAtmosResiDyn.jl/src/parameterized_tendencies/tagged_tracers/tagged_tracers.jl:590
┌ Warning: water tag closure residual 2.8428957274899882e-5 exceeds the configured tolerance 1.0e-10 at t = 2580.0 s. The tags no longer account for the field they partition; see output/a1_dt2p5/output_0000/water_tag_closure.csv.
└ @ ClimaAtmos ~/git/ClimaAtmosResiDyn.jl/src/parameterized_tendencies/tagged_tracers/tagged_tracers.jl:590
┌ Warning: water tag closure residual 2.8427792810740313e-5 exceeds the configured tolerance 1.0e-10 at t = 2582.5 s. The tags no longer account for the field they partition; see output/a1_dt2p5/output_0000/water_tag_closure.csv.
└ @ ClimaAtmos ~/git/ClimaAtmosResiDyn.jl/src/parameterized_tendencies/tagged_tracers/tagged_tracers.jl:590
┌ Warning: water tag closure residual 2.8426628397572647e-5 exceeds the configured tolerance 1.0e-10 at t = 2585.0 s. The tags no longer account for the field they partition; see output/a1_dt2p5/output_0000/water_tag_closure.csv.
└ @ ClimaAtmos ~/git/ClimaAtmosResiDyn.jl/src/parameterized_tendencies/tagged_tracers/tagged_tracers.jl:590
┌ Warning: water tag closure residual 2.842546403371009e-5 exceeds the configured tolerance 1.0e-10 at t = 2587.5 s. The tags no longer account for the field they partition; see output/a1_dt2p5/output_0000/water_tag_closure.csv.
└ @ ClimaAtmos ~/git/ClimaAtmosResiDyn.jl/src/parameterized_tendencies/tagged_tracers/tagged_tracers.jl:590
┌ Warning: water tag closure residual 2.842429971745569e-5 exceeds the configured tolerance 1.0e-10 at t = 2590.0 s. The tags no longer account for the field they partition; see output/a1_dt2p5/output_0000/water_tag_closure.csv.
└ @ ClimaAtmos ~/git/ClimaAtmosResiDyn.jl/src/parameterized_tendencies/tagged_tracers/tagged_tracers.jl:590
┌ Warning: water tag closure residual 2.8423135447016777e-5 exceeds the configured tolerance 1.0e-10 at t = 2592.5 s. The tags no longer account for the field they partition; see output/a1_dt2p5/output_0000/water_tag_closure.csv.
└ @ ClimaAtmos ~/git/ClimaAtmosResiDyn.jl/src/parameterized_tendencies/tagged_tracers/tagged_tracers.jl:590
┌ Warning: water tag closure residual 2.842197122053556e-5 exceeds the configured tolerance 1.0e-10 at t = 2595.0 s. The tags no longer account for the field they partition; see output/a1_dt2p5/output_0000/water_tag_closure.csv.
└ @ ClimaAtmos ~/git/ClimaAtmosResiDyn.jl/src/parameterized_tendencies/tagged_tracers/tagged_tracers.jl:590
┌ Warning: water tag closure residual 2.8420807036377585e-5 exceeds the configured tolerance 1.0e-10 at t = 2597.5 s. The tags no longer account for the field they partition; see output/a1_dt2p5/output_0000/water_tag_closure.csv.
└ @ ClimaAtmos ~/git/ClimaAtmosResiDyn.jl/src/parameterized_tendencies/tagged_tracers/tagged_tracers.jl:590
┌ Warning: water tag closure residual 2.841964289275757e-5 exceeds the configured tolerance 1.0e-10 at t = 2600.0 s. The tags no longer account for the field they partition; see output/a1_dt2p5/output_0000/water_tag_closure.csv.
└ @ ClimaAtmos ~/git/ClimaAtmosResiDyn.jl/src/parameterized_tendencies/tagged_tracers/tagged_tracers.jl:590
┌ Warning: water tag closure residual 2.8418478787941044e-5 exceeds the configured tolerance 1.0e-10 at t = 2602.5 s. The tags no longer account for the field they partition; see output/a1_dt2p5/output_0000/water_tag_closure.csv.
└ @ ClimaAtmos ~/git/ClimaAtmosResiDyn.jl/src/parameterized_tendencies/tagged_tracers/tagged_tracers.jl:590
┌ Warning: water tag closure residual 2.8417314720095138e-5 exceeds the configured tolerance 1.0e-10 at t = 2605.0 s. The tags no longer account for the field they partition; see output/a1_dt2p5/output_0000/water_tag_closure.csv.
└ @ ClimaAtmos ~/git/ClimaAtmosResiDyn.jl/src/parameterized_tendencies/tagged_tracers/tagged_tracers.jl:590
┌ Warning: water tag closure residual 2.841615068765946e-5 exceeds the configured tolerance 1.0e-10 at t = 2607.5 s. The tags no longer account for the field they partition; see output/a1_dt2p5/output_0000/water_tag_closure.csv.
└ @ ClimaAtmos ~/git/ClimaAtmosResiDyn.jl/src/parameterized_tendencies/tagged_tracers/tagged_tracers.jl:590
┌ Warning: water tag closure residual 2.841498668881228e-5 exceeds the configured tolerance 1.0e-10 at t = 2610.0 s. The tags no longer account for the field they partition; see output/a1_dt2p5/output_0000/water_tag_closure.csv.
└ @ ClimaAtmos ~/git/ClimaAtmosResiDyn.jl/src/parameterized_tendencies/tagged_tracers/tagged_tracers.jl:590
┌ Warning: water tag closure residual 2.8413822721896995e-5 exceeds the configured tolerance 1.0e-10 at t = 2612.5 s. The tags no longer account for the field they partition; see output/a1_dt2p5/output_0000/water_tag_closure.csv.
└ @ ClimaAtmos ~/git/ClimaAtmosResiDyn.jl/src/parameterized_tendencies/tagged_tracers/tagged_tracers.jl:590
┌ Warning: water tag closure residual 2.8412658785201085e-5 exceeds the configured tolerance 1.0e-10 at t = 2615.0 s. The tags no longer account for the field they partition; see output/a1_dt2p5/output_0000/water_tag_closure.csv.
└ @ ClimaAtmos ~/git/ClimaAtmosResiDyn.jl/src/parameterized_tendencies/tagged_tracers/tagged_tracers.jl:590
┌ Warning: water tag closure residual 2.8411494876875515e-5 exceeds the configured tolerance 1.0e-10 at t = 2617.5 s. The tags no longer account for the field they partition; see output/a1_dt2p5/output_0000/water_tag_closure.csv.
└ @ ClimaAtmos ~/git/ClimaAtmosResiDyn.jl/src/parameterized_tendencies/tagged_tracers/tagged_tracers.jl:590
┌ Warning: water tag closure residual 2.8410330995274613e-5 exceeds the configured tolerance 1.0e-10 at t = 2620.0 s. The tags no longer account for the field they partition; see output/a1_dt2p5/output_0000/water_tag_closure.csv.
└ @ ClimaAtmos ~/git/ClimaAtmosResiDyn.jl/src/parameterized_tendencies/tagged_tracers/tagged_tracers.jl:590
┌ Warning: water tag closure residual 2.8409167138636643e-5 exceeds the configured tolerance 1.0e-10 at t = 2622.5 s. The tags no longer account for the field they partition; see output/a1_dt2p5/output_0000/water_tag_closure.csv.
└ @ ClimaAtmos ~/git/ClimaAtmosResiDyn.jl/src/parameterized_tendencies/tagged_tracers/tagged_tracers.jl:590
┌ Warning: water tag closure residual 2.8408003305395752e-5 exceeds the configured tolerance 1.0e-10 at t = 2625.0 s. The tags no longer account for the field they partition; see output/a1_dt2p5/output_0000/water_tag_closure.csv.
└ @ ClimaAtmos ~/git/ClimaAtmosResiDyn.jl/src/parameterized_tendencies/tagged_tracers/tagged_tracers.jl:590
┌ Warning: water tag closure residual 2.8406839493768624e-5 exceeds the configured tolerance 1.0e-10 at t = 2627.5 s. The tags no longer account for the field they partition; see output/a1_dt2p5/output_0000/water_tag_closure.csv.
└ @ ClimaAtmos ~/git/ClimaAtmosResiDyn.jl/src/parameterized_tendencies/tagged_tracers/tagged_tracers.jl:590
┌ Warning: water tag closure residual 2.840567570220298e-5 exceeds the configured tolerance 1.0e-10 at t = 2630.0 s. The tags no longer account for the field they partition; see output/a1_dt2p5/output_0000/water_tag_closure.csv.
└ @ ClimaAtmos ~/git/ClimaAtmosResiDyn.jl/src/parameterized_tendencies/tagged_tracers/tagged_tracers.jl:590
┌ Warning: water tag closure residual 2.8404511928828824e-5 exceeds the configured tolerance 1.0e-10 at t = 2632.5 s. The tags no longer account for the field they partition; see output/a1_dt2p5/output_0000/water_tag_closure.csv.
└ @ ClimaAtmos ~/git/ClimaAtmosResiDyn.jl/src/parameterized_tendencies/tagged_tracers/tagged_tracers.jl:590
┌ Warning: water tag closure residual 2.840334817196986e-5 exceeds the configured tolerance 1.0e-10 at t = 2635.0 s. The tags no longer account for the field they partition; see output/a1_dt2p5/output_0000/water_tag_closure.csv.
└ @ ClimaAtmos ~/git/ClimaAtmosResiDyn.jl/src/parameterized_tendencies/tagged_tracers/tagged_tracers.jl:590
┌ Warning: water tag closure residual 2.8402184429967253e-5 exceeds the configured tolerance 1.0e-10 at t = 2637.5 s. The tags no longer account for the field they partition; see output/a1_dt2p5/output_0000/water_tag_closure.csv.
└ @ ClimaAtmos ~/git/ClimaAtmosResiDyn.jl/src/parameterized_tendencies/tagged_tracers/tagged_tracers.jl:590
┌ Warning: water tag closure residual 2.8401020701226762e-5 exceeds the configured tolerance 1.0e-10 at t = 2640.0 s. The tags no longer account for the field they partition; see output/a1_dt2p5/output_0000/water_tag_closure.csv.
└ @ ClimaAtmos ~/git/ClimaAtmosResiDyn.jl/src/parameterized_tendencies/tagged_tracers/tagged_tracers.jl:590
┌ Warning: water tag closure residual 2.83998569838847e-5 exceeds the configured tolerance 1.0e-10 at t = 2642.5 s. The tags no longer account for the field they partition; see output/a1_dt2p5/output_0000/water_tag_closure.csv.
└ @ ClimaAtmos ~/git/ClimaAtmosResiDyn.jl/src/parameterized_tendencies/tagged_tracers/tagged_tracers.jl:590
┌ Warning: water tag closure residual 2.8398693276391327e-5 exceeds the configured tolerance 1.0e-10 at t = 2645.0 s. The tags no longer account for the field they partition; see output/a1_dt2p5/output_0000/water_tag_closure.csv.
└ @ ClimaAtmos ~/git/ClimaAtmosResiDyn.jl/src/parameterized_tendencies/tagged_tracers/tagged_tracers.jl:590
┌ Warning: water tag closure residual 2.8397529577055042e-5 exceeds the configured tolerance 1.0e-10 at t = 2647.5 s. The tags no longer account for the field they partition; see output/a1_dt2p5/output_0000/water_tag_closure.csv.
└ @ ClimaAtmos ~/git/ClimaAtmosResiDyn.jl/src/parameterized_tendencies/tagged_tracers/tagged_tracers.jl:590
┌ Warning: water tag closure residual 2.8396365884226427e-5 exceeds the configured tolerance 1.0e-10 at t = 2650.0 s. The tags no longer account for the field they partition; see output/a1_dt2p5/output_0000/water_tag_closure.csv.
└ @ ClimaAtmos ~/git/ClimaAtmosResiDyn.jl/src/parameterized_tendencies/tagged_tracers/tagged_tracers.jl:590
┌ Warning: water tag closure residual 2.8395202196288133e-5 exceeds the configured tolerance 1.0e-10 at t = 2652.5 s. The tags no longer account for the field they partition; see output/a1_dt2p5/output_0000/water_tag_closure.csv.
└ @ ClimaAtmos ~/git/ClimaAtmosResiDyn.jl/src/parameterized_tendencies/tagged_tracers/tagged_tracers.jl:590
┌ Warning: water tag closure residual 2.8394038511388302e-5 exceeds the configured tolerance 1.0e-10 at t = 2655.0 s. The tags no longer account for the field they partition; see output/a1_dt2p5/output_0000/water_tag_closure.csv.
└ @ ClimaAtmos ~/git/ClimaAtmosResiDyn.jl/src/parameterized_tendencies/tagged_tracers/tagged_tracers.jl:590
┌ Warning: water tag closure residual 2.8392874828173897e-5 exceeds the configured tolerance 1.0e-10 at t = 2657.5 s. The tags no longer account for the field they partition; see output/a1_dt2p5/output_0000/water_tag_closure.csv.
└ @ ClimaAtmos ~/git/ClimaAtmosResiDyn.jl/src/parameterized_tendencies/tagged_tracers/tagged_tracers.jl:590
┌ Warning: water tag closure residual 2.839171114471513e-5 exceeds the configured tolerance 1.0e-10 at t = 2660.0 s. The tags no longer account for the field they partition; see output/a1_dt2p5/output_0000/water_tag_closure.csv.
└ @ ClimaAtmos ~/git/ClimaAtmosResiDyn.jl/src/parameterized_tendencies/tagged_tracers/tagged_tracers.jl:590
┌ Warning: water tag closure residual 2.8390547459662436e-5 exceeds the configured tolerance 1.0e-10 at t = 2662.5 s. The tags no longer account for the field they partition; see output/a1_dt2p5/output_0000/water_tag_closure.csv.
└ @ ClimaAtmos ~/git/ClimaAtmosResiDyn.jl/src/parameterized_tendencies/tagged_tracers/tagged_tracers.jl:590
┌ Warning: water tag closure residual 2.8389383771071032e-5 exceeds the configured tolerance 1.0e-10 at t = 2665.0 s. The tags no longer account for the field they partition; see output/a1_dt2p5/output_0000/water_tag_closure.csv.
└ @ ClimaAtmos ~/git/ClimaAtmosResiDyn.jl/src/parameterized_tendencies/tagged_tracers/tagged_tracers.jl:590
┌ Warning: water tag closure residual 2.8388220077526485e-5 exceeds the configured tolerance 1.0e-10 at t = 2667.5 s. The tags no longer account for the field they partition; see output/a1_dt2p5/output_0000/water_tag_closure.csv.
└ @ ClimaAtmos ~/git/ClimaAtmosResiDyn.jl/src/parameterized_tendencies/tagged_tracers/tagged_tracers.jl:590
┌ Warning: water tag closure residual 2.8387056377166944e-5 exceeds the configured tolerance 1.0e-10 at t = 2670.0 s. The tags no longer account for the field they partition; see output/a1_dt2p5/output_0000/water_tag_closure.csv.
└ @ ClimaAtmos ~/git/ClimaAtmosResiDyn.jl/src/parameterized_tendencies/tagged_tracers/tagged_tracers.jl:590
┌ Warning: water tag closure residual 2.8385892668613002e-5 exceeds the configured tolerance 1.0e-10 at t = 2672.5 s. The tags no longer account for the field they partition; see output/a1_dt2p5/output_0000/water_tag_closure.csv.
└ @ ClimaAtmos ~/git/ClimaAtmosResiDyn.jl/src/parameterized_tendencies/tagged_tracers/tagged_tracers.jl:590
┌ Warning: water tag closure residual 2.838472894993389e-5 exceeds the configured tolerance 1.0e-10 at t = 2675.0 s. The tags no longer account for the field they partition; see output/a1_dt2p5/output_0000/water_tag_closure.csv.
└ @ ClimaAtmos ~/git/ClimaAtmosResiDyn.jl/src/parameterized_tendencies/tagged_tracers/tagged_tracers.jl:590
┌ Warning: water tag closure residual 2.8383565219744526e-5 exceeds the configured tolerance 1.0e-10 at t = 2677.5 s. The tags no longer account for the field they partition; see output/a1_dt2p5/output_0000/water_tag_closure.csv.
└ @ ClimaAtmos ~/git/ClimaAtmosResiDyn.jl/src/parameterized_tendencies/tagged_tracers/tagged_tracers.jl:590
┌ Warning: water tag closure residual 2.8382401476391374e-5 exceeds the configured tolerance 1.0e-10 at t = 2680.0 s. The tags no longer account for the field they partition; see output/a1_dt2p5/output_0000/water_tag_closure.csv.
└ @ ClimaAtmos ~/git/ClimaAtmosResiDyn.jl/src/parameterized_tendencies/tagged_tracers/tagged_tracers.jl:590
┌ Warning: water tag closure residual 2.8381240373005217e-5 exceeds the configured tolerance 1.0e-10 at t = 2682.5 s. The tags no longer account for the field they partition; see output/a1_dt2p5/output_0000/water_tag_closure.csv.
└ @ ClimaAtmos ~/git/ClimaAtmosResiDyn.jl/src/parameterized_tendencies/tagged_tracers/tagged_tracers.jl:590
┌ Warning: water tag closure residual 2.838009552559452e-5 exceeds the configured tolerance 1.0e-10 at t = 2685.0 s. The tags no longer account for the field they partition; see output/a1_dt2p5/output_0000/water_tag_closure.csv.
└ @ ClimaAtmos ~/git/ClimaAtmosResiDyn.jl/src/parameterized_tendencies/tagged_tracers/tagged_tracers.jl:590
┌ Warning: water tag closure residual 2.837895299623846e-5 exceeds the configured tolerance 1.0e-10 at t = 2687.5 s. The tags no longer account for the field they partition; see output/a1_dt2p5/output_0000/water_tag_closure.csv.
└ @ ClimaAtmos ~/git/ClimaAtmosResiDyn.jl/src/parameterized_tendencies/tagged_tracers/tagged_tracers.jl:590
┌ Warning: water tag closure residual 2.83778000121515e-5 exceeds the configured tolerance 1.0e-10 at t = 2690.0 s. The tags no longer account for the field they partition; see output/a1_dt2p5/output_0000/water_tag_closure.csv.
└ @ ClimaAtmos ~/git/ClimaAtmosResiDyn.jl/src/parameterized_tendencies/tagged_tracers/tagged_tracers.jl:590
┌ Warning: water tag closure residual 2.8376644693111972e-5 exceeds the configured tolerance 1.0e-10 at t = 2692.5 s. The tags no longer account for the field they partition; see output/a1_dt2p5/output_0000/water_tag_closure.csv.
└ @ ClimaAtmos ~/git/ClimaAtmosResiDyn.jl/src/parameterized_tendencies/tagged_tracers/tagged_tracers.jl:590
┌ Warning: water tag closure residual 2.837549923789767e-5 exceeds the configured tolerance 1.0e-10 at t = 2695.0 s. The tags no longer account for the field they partition; see output/a1_dt2p5/output_0000/water_tag_closure.csv.
└ @ ClimaAtmos ~/git/ClimaAtmosResiDyn.jl/src/parameterized_tendencies/tagged_tracers/tagged_tracers.jl:590
┌ Warning: water tag closure residual 2.837435350543145e-5 exceeds the configured tolerance 1.0e-10 at t = 2697.5 s. The tags no longer account for the field they partition; see output/a1_dt2p5/output_0000/water_tag_closure.csv.
└ @ ClimaAtmos ~/git/ClimaAtmosResiDyn.jl/src/parameterized_tendencies/tagged_tracers/tagged_tracers.jl:590
┌ Warning: water tag closure residual 2.8373199851093185e-5 exceeds the configured tolerance 1.0e-10 at t = 2700.0 s. The tags no longer account for the field they partition; see output/a1_dt2p5/output_0000/water_tag_closure.csv.
└ @ ClimaAtmos ~/git/ClimaAtmosResiDyn.jl/src/parameterized_tendencies/tagged_tracers/tagged_tracers.jl:590
┌ Warning: water tag closure residual 2.8372047812214666e-5 exceeds the configured tolerance 1.0e-10 at t = 2702.5 s. The tags no longer account for the field they partition; see output/a1_dt2p5/output_0000/water_tag_closure.csv.
└ @ ClimaAtmos ~/git/ClimaAtmosResiDyn.jl/src/parameterized_tendencies/tagged_tracers/tagged_tracers.jl:590
┌ Warning: water tag closure residual 2.8370901793953474e-5 exceeds the configured tolerance 1.0e-10 at t = 2705.0 s. The tags no longer account for the field they partition; see output/a1_dt2p5/output_0000/water_tag_closure.csv.
└ @ ClimaAtmos ~/git/ClimaAtmosResiDyn.jl/src/parameterized_tendencies/tagged_tracers/tagged_tracers.jl:590
┌ Warning: water tag closure residual 2.8369753351062518e-5 exceeds the configured tolerance 1.0e-10 at t = 2707.5 s. The tags no longer account for the field they partition; see output/a1_dt2p5/output_0000/water_tag_closure.csv.
└ @ ClimaAtmos ~/git/ClimaAtmosResiDyn.jl/src/parameterized_tendencies/tagged_tracers/tagged_tracers.jl:590
┌ Warning: water tag closure residual 2.836860034803644e-5 exceeds the configured tolerance 1.0e-10 at t = 2710.0 s. The tags no longer account for the field they partition; see output/a1_dt2p5/output_0000/water_tag_closure.csv.
└ @ ClimaAtmos ~/git/ClimaAtmosResiDyn.jl/src/parameterized_tendencies/tagged_tracers/tagged_tracers.jl:590
┌ Warning: water tag closure residual 2.836745003799804e-5 exceeds the configured tolerance 1.0e-10 at t = 2712.5 s. The tags no longer account for the field they partition; see output/a1_dt2p5/output_0000/water_tag_closure.csv.
└ @ ClimaAtmos ~/git/ClimaAtmosResiDyn.jl/src/parameterized_tendencies/tagged_tracers/tagged_tracers.jl:590
┌ Warning: water tag closure residual 2.8366302848001735e-5 exceeds the configured tolerance 1.0e-10 at t = 2715.0 s. The tags no longer account for the field they partition; see output/a1_dt2p5/output_0000/water_tag_closure.csv.
└ @ ClimaAtmos ~/git/ClimaAtmosResiDyn.jl/src/parameterized_tendencies/tagged_tracers/tagged_tracers.jl:590
┌ Warning: water tag closure residual 2.8365152851432805e-5 exceeds the configured tolerance 1.0e-10 at t = 2717.5 s. The tags no longer account for the field they partition; see output/a1_dt2p5/output_0000/water_tag_closure.csv.
└ @ ClimaAtmos ~/git/ClimaAtmosResiDyn.jl/src/parameterized_tendencies/tagged_tracers/tagged_tracers.jl:590
┌ Warning: water tag closure residual 2.8364000758228083e-5 exceeds the configured tolerance 1.0e-10 at t = 2720.0 s. The tags no longer account for the field they partition; see output/a1_dt2p5/output_0000/water_tag_closure.csv.
└ @ ClimaAtmos ~/git/ClimaAtmosResiDyn.jl/src/parameterized_tendencies/tagged_tracers/tagged_tracers.jl:590
┌ Warning: water tag closure residual 2.836285122691113e-5 exceeds the configured tolerance 1.0e-10 at t = 2722.5 s. The tags no longer account for the field they partition; see output/a1_dt2p5/output_0000/water_tag_closure.csv.
└ @ ClimaAtmos ~/git/ClimaAtmosResiDyn.jl/src/parameterized_tendencies/tagged_tracers/tagged_tracers.jl:590
┌ Warning: water tag closure residual 2.836170285543268e-5 exceeds the configured tolerance 1.0e-10 at t = 2725.0 s. The tags no longer account for the field they partition; see output/a1_dt2p5/output_0000/water_tag_closure.csv.
└ @ ClimaAtmos ~/git/ClimaAtmosResiDyn.jl/src/parameterized_tendencies/tagged_tracers/tagged_tracers.jl:590
┌ Warning: water tag closure residual 2.836055211744387e-5 exceeds the configured tolerance 1.0e-10 at t = 2727.5 s. The tags no longer account for the field they partition; see output/a1_dt2p5/output_0000/water_tag_closure.csv.
└ @ ClimaAtmos ~/git/ClimaAtmosResiDyn.jl/src/parameterized_tendencies/tagged_tracers/tagged_tracers.jl:590
┌ Warning: water tag closure residual 2.8359400774814354e-5 exceeds the configured tolerance 1.0e-10 at t = 2730.0 s. The tags no longer account for the field they partition; see output/a1_dt2p5/output_0000/water_tag_closure.csv.
└ @ ClimaAtmos ~/git/ClimaAtmosResiDyn.jl/src/parameterized_tendencies/tagged_tracers/tagged_tracers.jl:590
┌ Warning: water tag closure residual 2.8358251363533753e-5 exceeds the configured tolerance 1.0e-10 at t = 2732.5 s. The tags no longer account for the field they partition; see output/a1_dt2p5/output_0000/water_tag_closure.csv.
└ @ ClimaAtmos ~/git/ClimaAtmosResiDyn.jl/src/parameterized_tendencies/tagged_tracers/tagged_tracers.jl:590
┌ Warning: water tag closure residual 2.8357102002218852e-5 exceeds the configured tolerance 1.0e-10 at t = 2735.0 s. The tags no longer account for the field they partition; see output/a1_dt2p5/output_0000/water_tag_closure.csv.
└ @ ClimaAtmos ~/git/ClimaAtmosResiDyn.jl/src/parameterized_tendencies/tagged_tracers/tagged_tracers.jl:590
┌ Warning: water tag closure residual 2.8355950971852096e-5 exceeds the configured tolerance 1.0e-10 at t = 2737.5 s. The tags no longer account for the field they partition; see output/a1_dt2p5/output_0000/water_tag_closure.csv.
└ @ ClimaAtmos ~/git/ClimaAtmosResiDyn.jl/src/parameterized_tendencies/tagged_tracers/tagged_tracers.jl:590
┌ Warning: water tag closure residual 2.8354800097786537e-5 exceeds the configured tolerance 1.0e-10 at t = 2740.0 s. The tags no longer account for the field they partition; see output/a1_dt2p5/output_0000/water_tag_closure.csv.
└ @ ClimaAtmos ~/git/ClimaAtmosResiDyn.jl/src/parameterized_tendencies/tagged_tracers/tagged_tracers.jl:590
┌ Warning: water tag closure residual 2.835365044278614e-5 exceeds the configured tolerance 1.0e-10 at t = 2742.5 s. The tags no longer account for the field they partition; see output/a1_dt2p5/output_0000/water_tag_closure.csv.
└ @ ClimaAtmos ~/git/ClimaAtmosResiDyn.jl/src/parameterized_tendencies/tagged_tracers/tagged_tracers.jl:590
┌ Info: Progress
│   simulation_time = "45 minutes, 42 seconds"
│   n_steps_completed = 1097
│   wall_time_per_step = "4 milliseconds, 107 microseconds"
│   wall_time_total = "5 seconds, 914 milliseconds"
│   wall_time_remaining = "1 second, 408 milliseconds"
│   wall_time_spent = "4 seconds, 505 milliseconds"
│   percent_complete = "76.2%"
│   estimated_sypd = "1.667"
│   instantaneous_sypd = "2.26"
│   date_now = 2026-09-10T00:20:17.032
└   estimated_finish_date = 2026-09-10T00:20:19.032
┌ Warning: water tag closure residual 2.835250033694109e-5 exceeds the configured tolerance 1.0e-10 at t = 2745.0 s. The tags no longer account for the field they partition; see output/a1_dt2p5/output_0000/water_tag_closure.csv.
└ @ ClimaAtmos ~/git/ClimaAtmosResiDyn.jl/src/parameterized_tendencies/tagged_tracers/tagged_tracers.jl:590
┌ Warning: water tag closure residual 2.8351349215200997e-5 exceeds the configured tolerance 1.0e-10 at t = 2747.5 s. The tags no longer account for the field they partition; see output/a1_dt2p5/output_0000/water_tag_closure.csv.
└ @ ClimaAtmos ~/git/ClimaAtmosResiDyn.jl/src/parameterized_tendencies/tagged_tracers/tagged_tracers.jl:590
┌ Warning: water tag closure residual 2.8350198526460683e-5 exceeds the configured tolerance 1.0e-10 at t = 2750.0 s. The tags no longer account for the field they partition; see output/a1_dt2p5/output_0000/water_tag_closure.csv.
└ @ ClimaAtmos ~/git/ClimaAtmosResiDyn.jl/src/parameterized_tendencies/tagged_tracers/tagged_tracers.jl:590
┌ Warning: water tag closure residual 2.8349048466602272e-5 exceeds the configured tolerance 1.0e-10 at t = 2752.5 s. The tags no longer account for the field they partition; see output/a1_dt2p5/output_0000/water_tag_closure.csv.
└ @ ClimaAtmos ~/git/ClimaAtmosResiDyn.jl/src/parameterized_tendencies/tagged_tracers/tagged_tracers.jl:590
┌ Warning: water tag closure residual 2.8347897825088e-5 exceeds the configured tolerance 1.0e-10 at t = 2755.0 s. The tags no longer account for the field they partition; see output/a1_dt2p5/output_0000/water_tag_closure.csv.
└ @ ClimaAtmos ~/git/ClimaAtmosResiDyn.jl/src/parameterized_tendencies/tagged_tracers/tagged_tracers.jl:590
┌ Warning: water tag closure residual 2.8346746656651688e-5 exceeds the configured tolerance 1.0e-10 at t = 2757.5 s. The tags no longer account for the field they partition; see output/a1_dt2p5/output_0000/water_tag_closure.csv.
└ @ ClimaAtmos ~/git/ClimaAtmosResiDyn.jl/src/parameterized_tendencies/tagged_tracers/tagged_tracers.jl:590
┌ Warning: water tag closure residual 2.8345595927697387e-5 exceeds the configured tolerance 1.0e-10 at t = 2760.0 s. The tags no longer account for the field they partition; see output/a1_dt2p5/output_0000/water_tag_closure.csv.
└ @ ClimaAtmos ~/git/ClimaAtmosResiDyn.jl/src/parameterized_tendencies/tagged_tracers/tagged_tracers.jl:590
┌ Warning: water tag closure residual 2.834444541887712e-5 exceeds the configured tolerance 1.0e-10 at t = 2762.5 s. The tags no longer account for the field they partition; see output/a1_dt2p5/output_0000/water_tag_closure.csv.
└ @ ClimaAtmos ~/git/ClimaAtmosResiDyn.jl/src/parameterized_tendencies/tagged_tracers/tagged_tracers.jl:590
┌ Warning: water tag closure residual 2.8343294384015574e-5 exceeds the configured tolerance 1.0e-10 at t = 2765.0 s. The tags no longer account for the field they partition; see output/a1_dt2p5/output_0000/water_tag_closure.csv.
└ @ ClimaAtmos ~/git/ClimaAtmosResiDyn.jl/src/parameterized_tendencies/tagged_tracers/tagged_tracers.jl:590
┌ Warning: water tag closure residual 2.834214313078136e-5 exceeds the configured tolerance 1.0e-10 at t = 2767.5 s. The tags no longer account for the field they partition; see output/a1_dt2p5/output_0000/water_tag_closure.csv.
└ @ ClimaAtmos ~/git/ClimaAtmosResiDyn.jl/src/parameterized_tendencies/tagged_tracers/tagged_tracers.jl:590
┌ Warning: water tag closure residual 2.834099220507983e-5 exceeds the configured tolerance 1.0e-10 at t = 2770.0 s. The tags no longer account for the field they partition; see output/a1_dt2p5/output_0000/water_tag_closure.csv.
└ @ ClimaAtmos ~/git/ClimaAtmosResiDyn.jl/src/parameterized_tendencies/tagged_tracers/tagged_tracers.jl:590
┌ Warning: water tag closure residual 2.8339841257795387e-5 exceeds the configured tolerance 1.0e-10 at t = 2772.5 s. The tags no longer account for the field they partition; see output/a1_dt2p5/output_0000/water_tag_closure.csv.
└ @ ClimaAtmos ~/git/ClimaAtmosResiDyn.jl/src/parameterized_tendencies/tagged_tracers/tagged_tracers.jl:590
┌ Warning: water tag closure residual 2.8338689906374663e-5 exceeds the configured tolerance 1.0e-10 at t = 2775.0 s. The tags no longer account for the field they partition; see output/a1_dt2p5/output_0000/water_tag_closure.csv.
└ @ ClimaAtmos ~/git/ClimaAtmosResiDyn.jl/src/parameterized_tendencies/tagged_tracers/tagged_tracers.jl:590
┌ Warning: water tag closure residual 2.833753849873454e-5 exceeds the configured tolerance 1.0e-10 at t = 2777.5 s. The tags no longer account for the field they partition; see output/a1_dt2p5/output_0000/water_tag_closure.csv.
└ @ ClimaAtmos ~/git/ClimaAtmosResiDyn.jl/src/parameterized_tendencies/tagged_tracers/tagged_tracers.jl:590
┌ Warning: water tag closure residual 2.8336387279253867e-5 exceeds the configured tolerance 1.0e-10 at t = 2780.0 s. The tags no longer account for the field they partition; see output/a1_dt2p5/output_0000/water_tag_closure.csv.
└ @ ClimaAtmos ~/git/ClimaAtmosResiDyn.jl/src/parameterized_tendencies/tagged_tracers/tagged_tracers.jl:590
┌ Warning: water tag closure residual 2.8335235919952572e-5 exceeds the configured tolerance 1.0e-10 at t = 2782.5 s. The tags no longer account for the field they partition; see output/a1_dt2p5/output_0000/water_tag_closure.csv.
└ @ ClimaAtmos ~/git/ClimaAtmosResiDyn.jl/src/parameterized_tendencies/tagged_tracers/tagged_tracers.jl:590
┌ Warning: water tag closure residual 2.833408427856442e-5 exceeds the configured tolerance 1.0e-10 at t = 2785.0 s. The tags no longer account for the field they partition; see output/a1_dt2p5/output_0000/water_tag_closure.csv.
└ @ ClimaAtmos ~/git/ClimaAtmosResiDyn.jl/src/parameterized_tendencies/tagged_tracers/tagged_tracers.jl:590
┌ Warning: water tag closure residual 2.8332932642986016e-5 exceeds the configured tolerance 1.0e-10 at t = 2787.5 s. The tags no longer account for the field they partition; see output/a1_dt2p5/output_0000/water_tag_closure.csv.
└ @ ClimaAtmos ~/git/ClimaAtmosResiDyn.jl/src/parameterized_tendencies/tagged_tracers/tagged_tracers.jl:590
┌ Warning: water tag closure residual 2.8331781073949866e-5 exceeds the configured tolerance 1.0e-10 at t = 2790.0 s. The tags no longer account for the field they partition; see output/a1_dt2p5/output_0000/water_tag_closure.csv.
└ @ ClimaAtmos ~/git/ClimaAtmosResiDyn.jl/src/parameterized_tendencies/tagged_tracers/tagged_tracers.jl:590
┌ Warning: water tag closure residual 2.8330629324806956e-5 exceeds the configured tolerance 1.0e-10 at t = 2792.5 s. The tags no longer account for the field they partition; see output/a1_dt2p5/output_0000/water_tag_closure.csv.
└ @ ClimaAtmos ~/git/ClimaAtmosResiDyn.jl/src/parameterized_tendencies/tagged_tracers/tagged_tracers.jl:590
┌ Warning: water tag closure residual 2.832947738751094e-5 exceeds the configured tolerance 1.0e-10 at t = 2795.0 s. The tags no longer account for the field they partition; see output/a1_dt2p5/output_0000/water_tag_closure.csv.
└ @ ClimaAtmos ~/git/ClimaAtmosResiDyn.jl/src/parameterized_tendencies/tagged_tracers/tagged_tracers.jl:590
┌ Warning: water tag closure residual 2.83283254601728e-5 exceeds the configured tolerance 1.0e-10 at t = 2797.5 s. The tags no longer account for the field they partition; see output/a1_dt2p5/output_0000/water_tag_closure.csv.
└ @ ClimaAtmos ~/git/ClimaAtmosResiDyn.jl/src/parameterized_tendencies/tagged_tracers/tagged_tracers.jl:590
┌ Warning: water tag closure residual 2.8327173511101695e-5 exceeds the configured tolerance 1.0e-10 at t = 2800.0 s. The tags no longer account for the field they partition; see output/a1_dt2p5/output_0000/water_tag_closure.csv.
└ @ ClimaAtmos ~/git/ClimaAtmosResiDyn.jl/src/parameterized_tendencies/tagged_tracers/tagged_tracers.jl:590
┌ Warning: water tag closure residual 2.832602138269557e-5 exceeds the configured tolerance 1.0e-10 at t = 2802.5 s. The tags no longer account for the field they partition; see output/a1_dt2p5/output_0000/water_tag_closure.csv.
└ @ ClimaAtmos ~/git/ClimaAtmosResiDyn.jl/src/parameterized_tendencies/tagged_tracers/tagged_tracers.jl:590
┌ Warning: water tag closure residual 2.8324869125767434e-5 exceeds the configured tolerance 1.0e-10 at t = 2805.0 s. The tags no longer account for the field they partition; see output/a1_dt2p5/output_0000/water_tag_closure.csv.
└ @ ClimaAtmos ~/git/ClimaAtmosResiDyn.jl/src/parameterized_tendencies/tagged_tracers/tagged_tracers.jl:590
┌ Warning: water tag closure residual 2.832371685600376e-5 exceeds the configured tolerance 1.0e-10 at t = 2807.5 s. The tags no longer account for the field they partition; see output/a1_dt2p5/output_0000/water_tag_closure.csv.
└ @ ClimaAtmos ~/git/ClimaAtmosResiDyn.jl/src/parameterized_tendencies/tagged_tracers/tagged_tracers.jl:590
┌ Warning: water tag closure residual 2.832256450861186e-5 exceeds the configured tolerance 1.0e-10 at t = 2810.0 s. The tags no longer account for the field they partition; see output/a1_dt2p5/output_0000/water_tag_closure.csv.
└ @ ClimaAtmos ~/git/ClimaAtmosResiDyn.jl/src/parameterized_tendencies/tagged_tracers/tagged_tracers.jl:590
┌ Warning: water tag closure residual 2.8321411998803263e-5 exceeds the configured tolerance 1.0e-10 at t = 2812.5 s. The tags no longer account for the field they partition; see output/a1_dt2p5/output_0000/water_tag_closure.csv.
└ @ ClimaAtmos ~/git/ClimaAtmosResiDyn.jl/src/parameterized_tendencies/tagged_tracers/tagged_tracers.jl:590
┌ Warning: water tag closure residual 2.832025939122126e-5 exceeds the configured tolerance 1.0e-10 at t = 2815.0 s. The tags no longer account for the field they partition; see output/a1_dt2p5/output_0000/water_tag_closure.csv.
└ @ ClimaAtmos ~/git/ClimaAtmosResiDyn.jl/src/parameterized_tendencies/tagged_tracers/tagged_tracers.jl:590
┌ Warning: water tag closure residual 2.8319106740008713e-5 exceeds the configured tolerance 1.0e-10 at t = 2817.5 s. The tags no longer account for the field they partition; see output/a1_dt2p5/output_0000/water_tag_closure.csv.
└ @ ClimaAtmos ~/git/ClimaAtmosResiDyn.jl/src/parameterized_tendencies/tagged_tracers/tagged_tracers.jl:590
┌ Warning: water tag closure residual 2.8317953980399078e-5 exceeds the configured tolerance 1.0e-10 at t = 2820.0 s. The tags no longer account for the field they partition; see output/a1_dt2p5/output_0000/water_tag_closure.csv.
└ @ ClimaAtmos ~/git/ClimaAtmosResiDyn.jl/src/parameterized_tendencies/tagged_tracers/tagged_tracers.jl:590
┌ Warning: water tag closure residual 2.8316801077257014e-5 exceeds the configured tolerance 1.0e-10 at t = 2822.5 s. The tags no longer account for the field they partition; see output/a1_dt2p5/output_0000/water_tag_closure.csv.
└ @ ClimaAtmos ~/git/ClimaAtmosResiDyn.jl/src/parameterized_tendencies/tagged_tracers/tagged_tracers.jl:590
┌ Warning: water tag closure residual 2.8315648086542656e-5 exceeds the configured tolerance 1.0e-10 at t = 2825.0 s. The tags no longer account for the field they partition; see output/a1_dt2p5/output_0000/water_tag_closure.csv.
└ @ ClimaAtmos ~/git/ClimaAtmosResiDyn.jl/src/parameterized_tendencies/tagged_tracers/tagged_tracers.jl:590
┌ Warning: water tag closure residual 2.8314495023862552e-5 exceeds the configured tolerance 1.0e-10 at t = 2827.5 s. The tags no longer account for the field they partition; see output/a1_dt2p5/output_0000/water_tag_closure.csv.
└ @ ClimaAtmos ~/git/ClimaAtmosResiDyn.jl/src/parameterized_tendencies/tagged_tracers/tagged_tracers.jl:590
┌ Warning: water tag closure residual 2.8313341838227095e-5 exceeds the configured tolerance 1.0e-10 at t = 2830.0 s. The tags no longer account for the field they partition; see output/a1_dt2p5/output_0000/water_tag_closure.csv.
└ @ ClimaAtmos ~/git/ClimaAtmosResiDyn.jl/src/parameterized_tendencies/tagged_tracers/tagged_tracers.jl:590
┌ Warning: water tag closure residual 2.831218852333234e-5 exceeds the configured tolerance 1.0e-10 at t = 2832.5 s. The tags no longer account for the field they partition; see output/a1_dt2p5/output_0000/water_tag_closure.csv.
└ @ ClimaAtmos ~/git/ClimaAtmosResiDyn.jl/src/parameterized_tendencies/tagged_tracers/tagged_tracers.jl:590
┌ Warning: water tag closure residual 2.8311035118638568e-5 exceeds the configured tolerance 1.0e-10 at t = 2835.0 s. The tags no longer account for the field they partition; see output/a1_dt2p5/output_0000/water_tag_closure.csv.
└ @ ClimaAtmos ~/git/ClimaAtmosResiDyn.jl/src/parameterized_tendencies/tagged_tracers/tagged_tracers.jl:590
┌ Warning: water tag closure residual 2.8309881619550038e-5 exceeds the configured tolerance 1.0e-10 at t = 2837.5 s. The tags no longer account for the field they partition; see output/a1_dt2p5/output_0000/water_tag_closure.csv.
└ @ ClimaAtmos ~/git/ClimaAtmosResiDyn.jl/src/parameterized_tendencies/tagged_tracers/tagged_tracers.jl:590
┌ Warning: water tag closure residual 2.8308727991993918e-5 exceeds the configured tolerance 1.0e-10 at t = 2840.0 s. The tags no longer account for the field they partition; see output/a1_dt2p5/output_0000/water_tag_closure.csv.
└ @ ClimaAtmos ~/git/ClimaAtmosResiDyn.jl/src/parameterized_tendencies/tagged_tracers/tagged_tracers.jl:590
┌ Warning: water tag closure residual 2.830757424307977e-5 exceeds the configured tolerance 1.0e-10 at t = 2842.5 s. The tags no longer account for the field they partition; see output/a1_dt2p5/output_0000/water_tag_closure.csv.
└ @ ClimaAtmos ~/git/ClimaAtmosResiDyn.jl/src/parameterized_tendencies/tagged_tracers/tagged_tracers.jl:590
┌ Warning: water tag closure residual 2.8306420396179392e-5 exceeds the configured tolerance 1.0e-10 at t = 2845.0 s. The tags no longer account for the field they partition; see output/a1_dt2p5/output_0000/water_tag_closure.csv.
└ @ ClimaAtmos ~/git/ClimaAtmosResiDyn.jl/src/parameterized_tendencies/tagged_tracers/tagged_tracers.jl:590
┌ Warning: water tag closure residual 2.8305266438759504e-5 exceeds the configured tolerance 1.0e-10 at t = 2847.5 s. The tags no longer account for the field they partition; see output/a1_dt2p5/output_0000/water_tag_closure.csv.
└ @ ClimaAtmos ~/git/ClimaAtmosResiDyn.jl/src/parameterized_tendencies/tagged_tracers/tagged_tracers.jl:590
┌ Warning: water tag closure residual 2.8304112351183223e-5 exceeds the configured tolerance 1.0e-10 at t = 2850.0 s. The tags no longer account for the field they partition; see output/a1_dt2p5/output_0000/water_tag_closure.csv.
└ @ ClimaAtmos ~/git/ClimaAtmosResiDyn.jl/src/parameterized_tendencies/tagged_tracers/tagged_tracers.jl:590
┌ Warning: water tag closure residual 2.830295814445798e-5 exceeds the configured tolerance 1.0e-10 at t = 2852.5 s. The tags no longer account for the field they partition; see output/a1_dt2p5/output_0000/water_tag_closure.csv.
└ @ ClimaAtmos ~/git/ClimaAtmosResiDyn.jl/src/parameterized_tendencies/tagged_tracers/tagged_tracers.jl:590
┌ Warning: water tag closure residual 2.8301803829684922e-5 exceeds the configured tolerance 1.0e-10 at t = 2855.0 s. The tags no longer account for the field they partition; see output/a1_dt2p5/output_0000/water_tag_closure.csv.
└ @ ClimaAtmos ~/git/ClimaAtmosResiDyn.jl/src/parameterized_tendencies/tagged_tracers/tagged_tracers.jl:590
┌ Warning: water tag closure residual 2.8300649393170534e-5 exceeds the configured tolerance 1.0e-10 at t = 2857.5 s. The tags no longer account for the field they partition; see output/a1_dt2p5/output_0000/water_tag_closure.csv.
└ @ ClimaAtmos ~/git/ClimaAtmosResiDyn.jl/src/parameterized_tendencies/tagged_tracers/tagged_tracers.jl:590
┌ Warning: water tag closure residual 2.829949482578847e-5 exceeds the configured tolerance 1.0e-10 at t = 2860.0 s. The tags no longer account for the field they partition; see output/a1_dt2p5/output_0000/water_tag_closure.csv.
└ @ ClimaAtmos ~/git/ClimaAtmosResiDyn.jl/src/parameterized_tendencies/tagged_tracers/tagged_tracers.jl:590
┌ Warning: water tag closure residual 2.8298340137338785e-5 exceeds the configured tolerance 1.0e-10 at t = 2862.5 s. The tags no longer account for the field they partition; see output/a1_dt2p5/output_0000/water_tag_closure.csv.
└ @ ClimaAtmos ~/git/ClimaAtmosResiDyn.jl/src/parameterized_tendencies/tagged_tracers/tagged_tracers.jl:590
┌ Warning: water tag closure residual 2.8297185330795548e-5 exceeds the configured tolerance 1.0e-10 at t = 2865.0 s. The tags no longer account for the field they partition; see output/a1_dt2p5/output_0000/water_tag_closure.csv.
└ @ ClimaAtmos ~/git/ClimaAtmosResiDyn.jl/src/parameterized_tendencies/tagged_tracers/tagged_tracers.jl:590
┌ Warning: water tag closure residual 2.8296030394904853e-5 exceeds the configured tolerance 1.0e-10 at t = 2867.5 s. The tags no longer account for the field they partition; see output/a1_dt2p5/output_0000/water_tag_closure.csv.
└ @ ClimaAtmos ~/git/ClimaAtmosResiDyn.jl/src/parameterized_tendencies/tagged_tracers/tagged_tracers.jl:590
┌ Warning: water tag closure residual 2.8294875326444364e-5 exceeds the configured tolerance 1.0e-10 at t = 2870.0 s. The tags no longer account for the field they partition; see output/a1_dt2p5/output_0000/water_tag_closure.csv.
└ @ ClimaAtmos ~/git/ClimaAtmosResiDyn.jl/src/parameterized_tendencies/tagged_tracers/tagged_tracers.jl:590
┌ Warning: water tag closure residual 2.8293720132356604e-5 exceeds the configured tolerance 1.0e-10 at t = 2872.5 s. The tags no longer account for the field they partition; see output/a1_dt2p5/output_0000/water_tag_closure.csv.
└ @ ClimaAtmos ~/git/ClimaAtmosResiDyn.jl/src/parameterized_tendencies/tagged_tracers/tagged_tracers.jl:590
┌ Warning: water tag closure residual 2.82925648114236e-5 exceeds the configured tolerance 1.0e-10 at t = 2875.0 s. The tags no longer account for the field they partition; see output/a1_dt2p5/output_0000/water_tag_closure.csv.
└ @ ClimaAtmos ~/git/ClimaAtmosResiDyn.jl/src/parameterized_tendencies/tagged_tracers/tagged_tracers.jl:590
┌ Warning: water tag closure residual 2.8291409355402146e-5 exceeds the configured tolerance 1.0e-10 at t = 2877.5 s. The tags no longer account for the field they partition; see output/a1_dt2p5/output_0000/water_tag_closure.csv.
└ @ ClimaAtmos ~/git/ClimaAtmosResiDyn.jl/src/parameterized_tendencies/tagged_tracers/tagged_tracers.jl:590
┌ Warning: water tag closure residual 2.8290253764267614e-5 exceeds the configured tolerance 1.0e-10 at t = 2880.0 s. The tags no longer account for the field they partition; see output/a1_dt2p5/output_0000/water_tag_closure.csv.
└ @ ClimaAtmos ~/git/ClimaAtmosResiDyn.jl/src/parameterized_tendencies/tagged_tracers/tagged_tracers.jl:590
┌ Warning: water tag closure residual 2.8289098041740406e-5 exceeds the configured tolerance 1.0e-10 at t = 2882.5 s. The tags no longer account for the field they partition; see output/a1_dt2p5/output_0000/water_tag_closure.csv.
└ @ ClimaAtmos ~/git/ClimaAtmosResiDyn.jl/src/parameterized_tendencies/tagged_tracers/tagged_tracers.jl:590
┌ Warning: water tag closure residual 2.8287942184644064e-5 exceeds the configured tolerance 1.0e-10 at t = 2885.0 s. The tags no longer account for the field they partition; see output/a1_dt2p5/output_0000/water_tag_closure.csv.
└ @ ClimaAtmos ~/git/ClimaAtmosResiDyn.jl/src/parameterized_tendencies/tagged_tracers/tagged_tracers.jl:590
┌ Warning: water tag closure residual 2.8286786187680956e-5 exceeds the configured tolerance 1.0e-10 at t = 2887.5 s. The tags no longer account for the field they partition; see output/a1_dt2p5/output_0000/water_tag_closure.csv.
└ @ ClimaAtmos ~/git/ClimaAtmosResiDyn.jl/src/parameterized_tendencies/tagged_tracers/tagged_tracers.jl:590
┌ Warning: water tag closure residual 2.828563005193327e-5 exceeds the configured tolerance 1.0e-10 at t = 2890.0 s. The tags no longer account for the field they partition; see output/a1_dt2p5/output_0000/water_tag_closure.csv.
└ @ ClimaAtmos ~/git/ClimaAtmosResiDyn.jl/src/parameterized_tendencies/tagged_tracers/tagged_tracers.jl:590
┌ Warning: water tag closure residual 2.8284473778498498e-5 exceeds the configured tolerance 1.0e-10 at t = 2892.5 s. The tags no longer account for the field they partition; see output/a1_dt2p5/output_0000/water_tag_closure.csv.
└ @ ClimaAtmos ~/git/ClimaAtmosResiDyn.jl/src/parameterized_tendencies/tagged_tracers/tagged_tracers.jl:590
┌ Warning: water tag closure residual 2.8283317363874553e-5 exceeds the configured tolerance 1.0e-10 at t = 2895.0 s. The tags no longer account for the field they partition; see output/a1_dt2p5/output_0000/water_tag_closure.csv.
└ @ ClimaAtmos ~/git/ClimaAtmosResiDyn.jl/src/parameterized_tendencies/tagged_tracers/tagged_tracers.jl:590
┌ Warning: water tag closure residual 2.8282160804951946e-5 exceeds the configured tolerance 1.0e-10 at t = 2897.5 s. The tags no longer account for the field they partition; see output/a1_dt2p5/output_0000/water_tag_closure.csv.
└ @ ClimaAtmos ~/git/ClimaAtmosResiDyn.jl/src/parameterized_tendencies/tagged_tracers/tagged_tracers.jl:590
┌ Warning: water tag closure residual 2.8281004102554975e-5 exceeds the configured tolerance 1.0e-10 at t = 2900.0 s. The tags no longer account for the field they partition; see output/a1_dt2p5/output_0000/water_tag_closure.csv.
└ @ ClimaAtmos ~/git/ClimaAtmosResiDyn.jl/src/parameterized_tendencies/tagged_tracers/tagged_tracers.jl:590
┌ Warning: water tag closure residual 2.82798472562951e-5 exceeds the configured tolerance 1.0e-10 at t = 2902.5 s. The tags no longer account for the field they partition; see output/a1_dt2p5/output_0000/water_tag_closure.csv.
└ @ ClimaAtmos ~/git/ClimaAtmosResiDyn.jl/src/parameterized_tendencies/tagged_tracers/tagged_tracers.jl:590
┌ Warning: water tag closure residual 2.8278690260586217e-5 exceeds the configured tolerance 1.0e-10 at t = 2905.0 s. The tags no longer account for the field they partition; see output/a1_dt2p5/output_0000/water_tag_closure.csv.
└ @ ClimaAtmos ~/git/ClimaAtmosResiDyn.jl/src/parameterized_tendencies/tagged_tracers/tagged_tracers.jl:590
┌ Warning: water tag closure residual 2.827753280281732e-5 exceeds the configured tolerance 1.0e-10 at t = 2907.5 s. The tags no longer account for the field they partition; see output/a1_dt2p5/output_0000/water_tag_closure.csv.
└ @ ClimaAtmos ~/git/ClimaAtmosResiDyn.jl/src/parameterized_tendencies/tagged_tracers/tagged_tracers.jl:590
┌ Warning: water tag closure residual 2.8276375213558698e-5 exceeds the configured tolerance 1.0e-10 at t = 2910.0 s. The tags no longer account for the field they partition; see output/a1_dt2p5/output_0000/water_tag_closure.csv.
└ @ ClimaAtmos ~/git/ClimaAtmosResiDyn.jl/src/parameterized_tendencies/tagged_tracers/tagged_tracers.jl:590
┌ Warning: water tag closure residual 2.8275217535797267e-5 exceeds the configured tolerance 1.0e-10 at t = 2912.5 s. The tags no longer account for the field they partition; see output/a1_dt2p5/output_0000/water_tag_closure.csv.
└ @ ClimaAtmos ~/git/ClimaAtmosResiDyn.jl/src/parameterized_tendencies/tagged_tracers/tagged_tracers.jl:590
┌ Warning: water tag closure residual 2.827405975718538e-5 exceeds the configured tolerance 1.0e-10 at t = 2915.0 s. The tags no longer account for the field they partition; see output/a1_dt2p5/output_0000/water_tag_closure.csv.
└ @ ClimaAtmos ~/git/ClimaAtmosResiDyn.jl/src/parameterized_tendencies/tagged_tracers/tagged_tracers.jl:590
┌ Warning: water tag closure residual 2.827290175648227e-5 exceeds the configured tolerance 1.0e-10 at t = 2917.5 s. The tags no longer account for the field they partition; see output/a1_dt2p5/output_0000/water_tag_closure.csv.
└ @ ClimaAtmos ~/git/ClimaAtmosResiDyn.jl/src/parameterized_tendencies/tagged_tracers/tagged_tracers.jl:590
┌ Warning: water tag closure residual 2.827174357684211e-5 exceeds the configured tolerance 1.0e-10 at t = 2920.0 s. The tags no longer account for the field they partition; see output/a1_dt2p5/output_0000/water_tag_closure.csv.
└ @ ClimaAtmos ~/git/ClimaAtmosResiDyn.jl/src/parameterized_tendencies/tagged_tracers/tagged_tracers.jl:590
┌ Warning: water tag closure residual 2.827058531440941e-5 exceeds the configured tolerance 1.0e-10 at t = 2922.5 s. The tags no longer account for the field they partition; see output/a1_dt2p5/output_0000/water_tag_closure.csv.
└ @ ClimaAtmos ~/git/ClimaAtmosResiDyn.jl/src/parameterized_tendencies/tagged_tracers/tagged_tracers.jl:590
┌ Warning: water tag closure residual 2.8269426903104054e-5 exceeds the configured tolerance 1.0e-10 at t = 2925.0 s. The tags no longer account for the field they partition; see output/a1_dt2p5/output_0000/water_tag_closure.csv.
└ @ ClimaAtmos ~/git/ClimaAtmosResiDyn.jl/src/parameterized_tendencies/tagged_tracers/tagged_tracers.jl:590
┌ Info: Progress
│   simulation_time = "48 minutes, 45 seconds"
│   n_steps_completed = 1170
│   wall_time_per_step = "4 milliseconds, 49 microseconds"
│   wall_time_total = "5 seconds, 830 milliseconds"
│   wall_time_remaining = "1 second, 93 milliseconds"
│   wall_time_spent = "4 seconds, 737 milliseconds"
│   percent_complete = "81.2%"
│   estimated_sypd = "1.69"
│   instantaneous_sypd = "2.154"
│   date_now = 2026-09-10T00:20:17.264
└   estimated_finish_date = 2026-09-10T00:20:19.264
┌ Warning: water tag closure residual 2.8268268282273124e-5 exceeds the configured tolerance 1.0e-10 at t = 2927.5 s. The tags no longer account for the field they partition; see output/a1_dt2p5/output_0000/water_tag_closure.csv.
└ @ ClimaAtmos ~/git/ClimaAtmosResiDyn.jl/src/parameterized_tendencies/tagged_tracers/tagged_tracers.jl:590
┌ Warning: water tag closure residual 2.8267109509532927e-5 exceeds the configured tolerance 1.0e-10 at t = 2930.0 s. The tags no longer account for the field they partition; see output/a1_dt2p5/output_0000/water_tag_closure.csv.
└ @ ClimaAtmos ~/git/ClimaAtmosResiDyn.jl/src/parameterized_tendencies/tagged_tracers/tagged_tracers.jl:590
┌ Warning: water tag closure residual 2.8265950622310532e-5 exceeds the configured tolerance 1.0e-10 at t = 2932.5 s. The tags no longer account for the field they partition; see output/a1_dt2p5/output_0000/water_tag_closure.csv.
└ @ ClimaAtmos ~/git/ClimaAtmosResiDyn.jl/src/parameterized_tendencies/tagged_tracers/tagged_tracers.jl:590
┌ Warning: water tag closure residual 2.8264791564950802e-5 exceeds the configured tolerance 1.0e-10 at t = 2935.0 s. The tags no longer account for the field they partition; see output/a1_dt2p5/output_0000/water_tag_closure.csv.
└ @ ClimaAtmos ~/git/ClimaAtmosResiDyn.jl/src/parameterized_tendencies/tagged_tracers/tagged_tracers.jl:590
┌ Warning: water tag closure residual 2.826363231380148e-5 exceeds the configured tolerance 1.0e-10 at t = 2937.5 s. The tags no longer account for the field they partition; see output/a1_dt2p5/output_0000/water_tag_closure.csv.
└ @ ClimaAtmos ~/git/ClimaAtmosResiDyn.jl/src/parameterized_tendencies/tagged_tracers/tagged_tracers.jl:590
┌ Warning: water tag closure residual 2.8262472916387865e-5 exceeds the configured tolerance 1.0e-10 at t = 2940.0 s. The tags no longer account for the field they partition; see output/a1_dt2p5/output_0000/water_tag_closure.csv.
└ @ ClimaAtmos ~/git/ClimaAtmosResiDyn.jl/src/parameterized_tendencies/tagged_tracers/tagged_tracers.jl:590
┌ Warning: water tag closure residual 2.826131338002048e-5 exceeds the configured tolerance 1.0e-10 at t = 2942.5 s. The tags no longer account for the field they partition; see output/a1_dt2p5/output_0000/water_tag_closure.csv.
└ @ ClimaAtmos ~/git/ClimaAtmosResiDyn.jl/src/parameterized_tendencies/tagged_tracers/tagged_tracers.jl:590
┌ Warning: water tag closure residual 2.826015366293557e-5 exceeds the configured tolerance 1.0e-10 at t = 2945.0 s. The tags no longer account for the field they partition; see output/a1_dt2p5/output_0000/water_tag_closure.csv.
└ @ ClimaAtmos ~/git/ClimaAtmosResiDyn.jl/src/parameterized_tendencies/tagged_tracers/tagged_tracers.jl:590
┌ Warning: water tag closure residual 2.82589936692653e-5 exceeds the configured tolerance 1.0e-10 at t = 2947.5 s. The tags no longer account for the field they partition; see output/a1_dt2p5/output_0000/water_tag_closure.csv.
└ @ ClimaAtmos ~/git/ClimaAtmosResiDyn.jl/src/parameterized_tendencies/tagged_tracers/tagged_tracers.jl:590
┌ Warning: water tag closure residual 2.8257833470531697e-5 exceeds the configured tolerance 1.0e-10 at t = 2950.0 s. The tags no longer account for the field they partition; see output/a1_dt2p5/output_0000/water_tag_closure.csv.
└ @ ClimaAtmos ~/git/ClimaAtmosResiDyn.jl/src/parameterized_tendencies/tagged_tracers/tagged_tracers.jl:590
┌ Warning: water tag closure residual 2.8256673139927332e-5 exceeds the configured tolerance 1.0e-10 at t = 2952.5 s. The tags no longer account for the field they partition; see output/a1_dt2p5/output_0000/water_tag_closure.csv.
└ @ ClimaAtmos ~/git/ClimaAtmosResiDyn.jl/src/parameterized_tendencies/tagged_tracers/tagged_tracers.jl:590
┌ Warning: water tag closure residual 2.8255512663031306e-5 exceeds the configured tolerance 1.0e-10 at t = 2955.0 s. The tags no longer account for the field they partition; see output/a1_dt2p5/output_0000/water_tag_closure.csv.
└ @ ClimaAtmos ~/git/ClimaAtmosResiDyn.jl/src/parameterized_tendencies/tagged_tracers/tagged_tracers.jl:590
┌ Warning: water tag closure residual 2.8254351996636195e-5 exceeds the configured tolerance 1.0e-10 at t = 2957.5 s. The tags no longer account for the field they partition; see output/a1_dt2p5/output_0000/water_tag_closure.csv.
└ @ ClimaAtmos ~/git/ClimaAtmosResiDyn.jl/src/parameterized_tendencies/tagged_tracers/tagged_tracers.jl:590
┌ Warning: water tag closure residual 2.825321958615336e-5 exceeds the configured tolerance 1.0e-10 at t = 2960.0 s. The tags no longer account for the field they partition; see output/a1_dt2p5/output_0000/water_tag_closure.csv.
└ @ ClimaAtmos ~/git/ClimaAtmosResiDyn.jl/src/parameterized_tendencies/tagged_tracers/tagged_tracers.jl:590
┌ Warning: water tag closure residual 2.8252096628997613e-5 exceeds the configured tolerance 1.0e-10 at t = 2962.5 s. The tags no longer account for the field they partition; see output/a1_dt2p5/output_0000/water_tag_closure.csv.
└ @ ClimaAtmos ~/git/ClimaAtmosResiDyn.jl/src/parameterized_tendencies/tagged_tracers/tagged_tracers.jl:590
┌ Warning: water tag closure residual 2.8250969743515492e-5 exceeds the configured tolerance 1.0e-10 at t = 2965.0 s. The tags no longer account for the field they partition; see output/a1_dt2p5/output_0000/water_tag_closure.csv.
└ @ ClimaAtmos ~/git/ClimaAtmosResiDyn.jl/src/parameterized_tendencies/tagged_tracers/tagged_tracers.jl:590
┌ Warning: water tag closure residual 2.8249841839562565e-5 exceeds the configured tolerance 1.0e-10 at t = 2967.5 s. The tags no longer account for the field they partition; see output/a1_dt2p5/output_0000/water_tag_closure.csv.
└ @ ClimaAtmos ~/git/ClimaAtmosResiDyn.jl/src/parameterized_tendencies/tagged_tracers/tagged_tracers.jl:590
┌ Warning: water tag closure residual 2.824871425878915e-5 exceeds the configured tolerance 1.0e-10 at t = 2970.0 s. The tags no longer account for the field they partition; see output/a1_dt2p5/output_0000/water_tag_closure.csv.
└ @ ClimaAtmos ~/git/ClimaAtmosResiDyn.jl/src/parameterized_tendencies/tagged_tracers/tagged_tracers.jl:590
┌ Warning: water tag closure residual 2.8247588200238698e-5 exceeds the configured tolerance 1.0e-10 at t = 2972.5 s. The tags no longer account for the field they partition; see output/a1_dt2p5/output_0000/water_tag_closure.csv.
└ @ ClimaAtmos ~/git/ClimaAtmosResiDyn.jl/src/parameterized_tendencies/tagged_tracers/tagged_tracers.jl:590
┌ Warning: water tag closure residual 2.8246460741147803e-5 exceeds the configured tolerance 1.0e-10 at t = 2975.0 s. The tags no longer account for the field they partition; see output/a1_dt2p5/output_0000/water_tag_closure.csv.
└ @ ClimaAtmos ~/git/ClimaAtmosResiDyn.jl/src/parameterized_tendencies/tagged_tracers/tagged_tracers.jl:590
┌ Warning: water tag closure residual 2.8245331945585617e-5 exceeds the configured tolerance 1.0e-10 at t = 2977.5 s. The tags no longer account for the field they partition; see output/a1_dt2p5/output_0000/water_tag_closure.csv.
└ @ ClimaAtmos ~/git/ClimaAtmosResiDyn.jl/src/parameterized_tendencies/tagged_tracers/tagged_tracers.jl:590
┌ Warning: water tag closure residual 2.8244147082934478e-5 exceeds the configured tolerance 1.0e-10 at t = 2980.0 s. The tags no longer account for the field they partition; see output/a1_dt2p5/output_0000/water_tag_closure.csv.
└ @ ClimaAtmos ~/git/ClimaAtmosResiDyn.jl/src/parameterized_tendencies/tagged_tracers/tagged_tracers.jl:590
┌ Warning: water tag closure residual 2.82427668984044e-5 exceeds the configured tolerance 1.0e-10 at t = 2982.5 s. The tags no longer account for the field they partition; see output/a1_dt2p5/output_0000/water_tag_closure.csv.
└ @ ClimaAtmos ~/git/ClimaAtmosResiDyn.jl/src/parameterized_tendencies/tagged_tracers/tagged_tracers.jl:590
┌ Warning: water tag closure residual 2.8241388500923082e-5 exceeds the configured tolerance 1.0e-10 at t = 2985.0 s. The tags no longer account for the field they partition; see output/a1_dt2p5/output_0000/water_tag_closure.csv.
└ @ ClimaAtmos ~/git/ClimaAtmosResiDyn.jl/src/parameterized_tendencies/tagged_tracers/tagged_tracers.jl:590
┌ Warning: water tag closure residual 2.8240155856425477e-5 exceeds the configured tolerance 1.0e-10 at t = 2987.5 s. The tags no longer account for the field they partition; see output/a1_dt2p5/output_0000/water_tag_closure.csv.
└ @ ClimaAtmos ~/git/ClimaAtmosResiDyn.jl/src/parameterized_tendencies/tagged_tracers/tagged_tracers.jl:590
┌ Warning: water tag closure residual 2.823890337630315e-5 exceeds the configured tolerance 1.0e-10 at t = 2990.0 s. The tags no longer account for the field they partition; see output/a1_dt2p5/output_0000/water_tag_closure.csv.
└ @ ClimaAtmos ~/git/ClimaAtmosResiDyn.jl/src/parameterized_tendencies/tagged_tracers/tagged_tracers.jl:590
┌ Warning: water tag closure residual 2.8237531044283723e-5 exceeds the configured tolerance 1.0e-10 at t = 2992.5 s. The tags no longer account for the field they partition; see output/a1_dt2p5/output_0000/water_tag_closure.csv.
└ @ ClimaAtmos ~/git/ClimaAtmosResiDyn.jl/src/parameterized_tendencies/tagged_tracers/tagged_tracers.jl:590
┌ Warning: water tag closure residual 2.8236198654175597e-5 exceeds the configured tolerance 1.0e-10 at t = 2995.0 s. The tags no longer account for the field they partition; see output/a1_dt2p5/output_0000/water_tag_closure.csv.
└ @ ClimaAtmos ~/git/ClimaAtmosResiDyn.jl/src/parameterized_tendencies/tagged_tracers/tagged_tracers.jl:590
┌ Warning: water tag closure residual 2.82349555665017e-5 exceeds the configured tolerance 1.0e-10 at t = 2997.5 s. The tags no longer account for the field they partition; see output/a1_dt2p5/output_0000/water_tag_closure.csv.
└ @ ClimaAtmos ~/git/ClimaAtmosResiDyn.jl/src/parameterized_tendencies/tagged_tracers/tagged_tracers.jl:590
┌ Warning: water tag closure residual 2.8233662950048057e-5 exceeds the configured tolerance 1.0e-10 at t = 3000.0 s. The tags no longer account for the field they partition; see output/a1_dt2p5/output_0000/water_tag_closure.csv.
└ @ ClimaAtmos ~/git/ClimaAtmosResiDyn.jl/src/parameterized_tendencies/tagged_tracers/tagged_tracers.jl:590
┌ Warning: water tag closure residual 2.8232306957328486e-5 exceeds the configured tolerance 1.0e-10 at t = 3002.5 s. The tags no longer account for the field they partition; see output/a1_dt2p5/output_0000/water_tag_closure.csv.
└ @ ClimaAtmos ~/git/ClimaAtmosResiDyn.jl/src/parameterized_tendencies/tagged_tracers/tagged_tracers.jl:590
┌ Warning: water tag closure residual 2.8231002660120315e-5 exceeds the configured tolerance 1.0e-10 at t = 3005.0 s. The tags no longer account for the field they partition; see output/a1_dt2p5/output_0000/water_tag_closure.csv.
└ @ ClimaAtmos ~/git/ClimaAtmosResiDyn.jl/src/parameterized_tendencies/tagged_tracers/tagged_tracers.jl:590
┌ Warning: water tag closure residual 2.8229740206547234e-5 exceeds the configured tolerance 1.0e-10 at t = 3007.5 s. The tags no longer account for the field they partition; see output/a1_dt2p5/output_0000/water_tag_closure.csv.
└ @ ClimaAtmos ~/git/ClimaAtmosResiDyn.jl/src/parameterized_tendencies/tagged_tracers/tagged_tracers.jl:590
┌ Warning: water tag closure residual 2.8228427718326484e-5 exceeds the configured tolerance 1.0e-10 at t = 3010.0 s. The tags no longer account for the field they partition; see output/a1_dt2p5/output_0000/water_tag_closure.csv.
└ @ ClimaAtmos ~/git/ClimaAtmosResiDyn.jl/src/parameterized_tendencies/tagged_tracers/tagged_tracers.jl:590
┌ Warning: water tag closure residual 2.8227090180319198e-5 exceeds the configured tolerance 1.0e-10 at t = 3012.5 s. The tags no longer account for the field they partition; see output/a1_dt2p5/output_0000/water_tag_closure.csv.
└ @ ClimaAtmos ~/git/ClimaAtmosResiDyn.jl/src/parameterized_tendencies/tagged_tracers/tagged_tracers.jl:590
┌ Warning: water tag closure residual 2.8225797667232845e-5 exceeds the configured tolerance 1.0e-10 at t = 3015.0 s. The tags no longer account for the field they partition; see output/a1_dt2p5/output_0000/water_tag_closure.csv.
└ @ ClimaAtmos ~/git/ClimaAtmosResiDyn.jl/src/parameterized_tendencies/tagged_tracers/tagged_tracers.jl:590
┌ Warning: water tag closure residual 2.822451685010924e-5 exceeds the configured tolerance 1.0e-10 at t = 3017.5 s. The tags no longer account for the field they partition; see output/a1_dt2p5/output_0000/water_tag_closure.csv.
└ @ ClimaAtmos ~/git/ClimaAtmosResiDyn.jl/src/parameterized_tendencies/tagged_tracers/tagged_tracers.jl:590
┌ Warning: water tag closure residual 2.8223196950475213e-5 exceeds the configured tolerance 1.0e-10 at t = 3020.0 s. The tags no longer account for the field they partition; see output/a1_dt2p5/output_0000/water_tag_closure.csv.
└ @ ClimaAtmos ~/git/ClimaAtmosResiDyn.jl/src/parameterized_tendencies/tagged_tracers/tagged_tracers.jl:590
┌ Warning: water tag closure residual 2.822187447942073e-5 exceeds the configured tolerance 1.0e-10 at t = 3022.5 s. The tags no longer account for the field they partition; see output/a1_dt2p5/output_0000/water_tag_closure.csv.
└ @ ClimaAtmos ~/git/ClimaAtmosResiDyn.jl/src/parameterized_tendencies/tagged_tracers/tagged_tracers.jl:590
┌ Warning: water tag closure residual 2.822058395018707e-5 exceeds the configured tolerance 1.0e-10 at t = 3025.0 s. The tags no longer account for the field they partition; see output/a1_dt2p5/output_0000/water_tag_closure.csv.
└ @ ClimaAtmos ~/git/ClimaAtmosResiDyn.jl/src/parameterized_tendencies/tagged_tracers/tagged_tracers.jl:590
┌ Warning: water tag closure residual 2.821928926572209e-5 exceeds the configured tolerance 1.0e-10 at t = 3027.5 s. The tags no longer account for the field they partition; see output/a1_dt2p5/output_0000/water_tag_closure.csv.
└ @ ClimaAtmos ~/git/ClimaAtmosResiDyn.jl/src/parameterized_tendencies/tagged_tracers/tagged_tracers.jl:590
┌ Warning: water tag closure residual 2.821796906684382e-5 exceeds the configured tolerance 1.0e-10 at t = 3030.0 s. The tags no longer account for the field they partition; see output/a1_dt2p5/output_0000/water_tag_closure.csv.
└ @ ClimaAtmos ~/git/ClimaAtmosResiDyn.jl/src/parameterized_tendencies/tagged_tracers/tagged_tracers.jl:590
┌ Warning: water tag closure residual 2.8216656663239873e-5 exceeds the configured tolerance 1.0e-10 at t = 3032.5 s. The tags no longer account for the field they partition; see output/a1_dt2p5/output_0000/water_tag_closure.csv.
└ @ ClimaAtmos ~/git/ClimaAtmosResiDyn.jl/src/parameterized_tendencies/tagged_tracers/tagged_tracers.jl:590
┌ Warning: water tag closure residual 2.8215363236182472e-5 exceeds the configured tolerance 1.0e-10 at t = 3035.0 s. The tags no longer account for the field they partition; see output/a1_dt2p5/output_0000/water_tag_closure.csv.
└ @ ClimaAtmos ~/git/ClimaAtmosResiDyn.jl/src/parameterized_tendencies/tagged_tracers/tagged_tracers.jl:590
┌ Warning: water tag closure residual 2.8214059627434817e-5 exceeds the configured tolerance 1.0e-10 at t = 3037.5 s. The tags no longer account for the field they partition; see output/a1_dt2p5/output_0000/water_tag_closure.csv.
└ @ ClimaAtmos ~/git/ClimaAtmosResiDyn.jl/src/parameterized_tendencies/tagged_tracers/tagged_tracers.jl:590
┌ Warning: water tag closure residual 2.821274215647112e-5 exceeds the configured tolerance 1.0e-10 at t = 3040.0 s. The tags no longer account for the field they partition; see output/a1_dt2p5/output_0000/water_tag_closure.csv.
└ @ ClimaAtmos ~/git/ClimaAtmosResiDyn.jl/src/parameterized_tendencies/tagged_tracers/tagged_tracers.jl:590
┌ Warning: water tag closure residual 2.8211435211431666e-5 exceeds the configured tolerance 1.0e-10 at t = 3042.5 s. The tags no longer account for the field they partition; see output/a1_dt2p5/output_0000/water_tag_closure.csv.
└ @ ClimaAtmos ~/git/ClimaAtmosResiDyn.jl/src/parameterized_tendencies/tagged_tracers/tagged_tracers.jl:590
┌ Warning: water tag closure residual 2.8210137256101984e-5 exceeds the configured tolerance 1.0e-10 at t = 3045.0 s. The tags no longer account for the field they partition; see output/a1_dt2p5/output_0000/water_tag_closure.csv.
└ @ ClimaAtmos ~/git/ClimaAtmosResiDyn.jl/src/parameterized_tendencies/tagged_tracers/tagged_tracers.jl:590
┌ Warning: water tag closure residual 2.820882874593741e-5 exceeds the configured tolerance 1.0e-10 at t = 3047.5 s. The tags no longer account for the field they partition; see output/a1_dt2p5/output_0000/water_tag_closure.csv.
└ @ ClimaAtmos ~/git/ClimaAtmosResiDyn.jl/src/parameterized_tendencies/tagged_tracers/tagged_tracers.jl:590
┌ Warning: water tag closure residual 2.8207514555976725e-5 exceeds the configured tolerance 1.0e-10 at t = 3050.0 s. The tags no longer account for the field they partition; see output/a1_dt2p5/output_0000/water_tag_closure.csv.
└ @ ClimaAtmos ~/git/ClimaAtmosResiDyn.jl/src/parameterized_tendencies/tagged_tracers/tagged_tracers.jl:590
┌ Warning: water tag closure residual 2.8206209669751475e-5 exceeds the configured tolerance 1.0e-10 at t = 3052.5 s. The tags no longer account for the field they partition; see output/a1_dt2p5/output_0000/water_tag_closure.csv.
└ @ ClimaAtmos ~/git/ClimaAtmosResiDyn.jl/src/parameterized_tendencies/tagged_tracers/tagged_tracers.jl:590
┌ Warning: water tag closure residual 2.82049073413297e-5 exceeds the configured tolerance 1.0e-10 at t = 3055.0 s. The tags no longer account for the field they partition; see output/a1_dt2p5/output_0000/water_tag_closure.csv.
└ @ ClimaAtmos ~/git/ClimaAtmosResiDyn.jl/src/parameterized_tendencies/tagged_tracers/tagged_tracers.jl:590
┌ Warning: water tag closure residual 2.8203596638947074e-5 exceeds the configured tolerance 1.0e-10 at t = 3057.5 s. The tags no longer account for the field they partition; see output/a1_dt2p5/output_0000/water_tag_closure.csv.
└ @ ClimaAtmos ~/git/ClimaAtmosResiDyn.jl/src/parameterized_tendencies/tagged_tracers/tagged_tracers.jl:590
┌ Warning: water tag closure residual 2.8202285074978657e-5 exceeds the configured tolerance 1.0e-10 at t = 3060.0 s. The tags no longer account for the field they partition; see output/a1_dt2p5/output_0000/water_tag_closure.csv.
└ @ ClimaAtmos ~/git/ClimaAtmosResiDyn.jl/src/parameterized_tendencies/tagged_tracers/tagged_tracers.jl:590
┌ Warning: water tag closure residual 2.8200980140980254e-5 exceeds the configured tolerance 1.0e-10 at t = 3062.5 s. The tags no longer account for the field they partition; see output/a1_dt2p5/output_0000/water_tag_closure.csv.
└ @ ClimaAtmos ~/git/ClimaAtmosResiDyn.jl/src/parameterized_tendencies/tagged_tracers/tagged_tracers.jl:590
┌ Warning: water tag closure residual 2.8199674337279188e-5 exceeds the configured tolerance 1.0e-10 at t = 3065.0 s. The tags no longer account for the field they partition; see output/a1_dt2p5/output_0000/water_tag_closure.csv.
└ @ ClimaAtmos ~/git/ClimaAtmosResiDyn.jl/src/parameterized_tendencies/tagged_tracers/tagged_tracers.jl:590
┌ Warning: water tag closure residual 2.819836296340719e-5 exceeds the configured tolerance 1.0e-10 at t = 3067.5 s. The tags no longer account for the field they partition; see output/a1_dt2p5/output_0000/water_tag_closure.csv.
└ @ ClimaAtmos ~/git/ClimaAtmosResiDyn.jl/src/parameterized_tendencies/tagged_tracers/tagged_tracers.jl:590
┌ Warning: water tag closure residual 2.819705298764922e-5 exceeds the configured tolerance 1.0e-10 at t = 3070.0 s. The tags no longer account for the field they partition; see output/a1_dt2p5/output_0000/water_tag_closure.csv.
└ @ ClimaAtmos ~/git/ClimaAtmosResiDyn.jl/src/parameterized_tendencies/tagged_tracers/tagged_tracers.jl:590
┌ Warning: water tag closure residual 2.8195746936553624e-5 exceeds the configured tolerance 1.0e-10 at t = 3072.5 s. The tags no longer account for the field they partition; see output/a1_dt2p5/output_0000/water_tag_closure.csv.
└ @ ClimaAtmos ~/git/ClimaAtmosResiDyn.jl/src/parameterized_tendencies/tagged_tracers/tagged_tracers.jl:590
┌ Warning: water tag closure residual 2.8194438674234326e-5 exceeds the configured tolerance 1.0e-10 at t = 3075.0 s. The tags no longer account for the field they partition; see output/a1_dt2p5/output_0000/water_tag_closure.csv.
└ @ ClimaAtmos ~/git/ClimaAtmosResiDyn.jl/src/parameterized_tendencies/tagged_tracers/tagged_tracers.jl:590
┌ Warning: water tag closure residual 2.8193127283857356e-5 exceeds the configured tolerance 1.0e-10 at t = 3077.5 s. The tags no longer account for the field they partition; see output/a1_dt2p5/output_0000/water_tag_closure.csv.
└ @ ClimaAtmos ~/git/ClimaAtmosResiDyn.jl/src/parameterized_tendencies/tagged_tracers/tagged_tracers.jl:590
┌ Warning: water tag closure residual 2.819181792263727e-5 exceeds the configured tolerance 1.0e-10 at t = 3080.0 s. The tags no longer account for the field they partition; see output/a1_dt2p5/output_0000/water_tag_closure.csv.
└ @ ClimaAtmos ~/git/ClimaAtmosResiDyn.jl/src/parameterized_tendencies/tagged_tracers/tagged_tracers.jl:590
┌ Warning: water tag closure residual 2.8190510377189678e-5 exceeds the configured tolerance 1.0e-10 at t = 3082.5 s. The tags no longer account for the field they partition; see output/a1_dt2p5/output_0000/water_tag_closure.csv.
└ @ ClimaAtmos ~/git/ClimaAtmosResiDyn.jl/src/parameterized_tendencies/tagged_tracers/tagged_tracers.jl:590
┌ Warning: water tag closure residual 2.818920049257501e-5 exceeds the configured tolerance 1.0e-10 at t = 3085.0 s. The tags no longer account for the field they partition; see output/a1_dt2p5/output_0000/water_tag_closure.csv.
└ @ ClimaAtmos ~/git/ClimaAtmosResiDyn.jl/src/parameterized_tendencies/tagged_tracers/tagged_tracers.jl:590
┌ Warning: water tag closure residual 2.8187889212027222e-5 exceeds the configured tolerance 1.0e-10 at t = 3087.5 s. The tags no longer account for the field they partition; see output/a1_dt2p5/output_0000/water_tag_closure.csv.
└ @ ClimaAtmos ~/git/ClimaAtmosResiDyn.jl/src/parameterized_tendencies/tagged_tracers/tagged_tracers.jl:590
┌ Warning: water tag closure residual 2.8186579736689726e-5 exceeds the configured tolerance 1.0e-10 at t = 3090.0 s. The tags no longer account for the field they partition; see output/a1_dt2p5/output_0000/water_tag_closure.csv.
└ @ ClimaAtmos ~/git/ClimaAtmosResiDyn.jl/src/parameterized_tendencies/tagged_tracers/tagged_tracers.jl:590
┌ Warning: water tag closure residual 2.8185270704401134e-5 exceeds the configured tolerance 1.0e-10 at t = 3092.5 s. The tags no longer account for the field they partition; see output/a1_dt2p5/output_0000/water_tag_closure.csv.
└ @ ClimaAtmos ~/git/ClimaAtmosResiDyn.jl/src/parameterized_tendencies/tagged_tracers/tagged_tracers.jl:590
┌ Warning: water tag closure residual 2.8183959763458938e-5 exceeds the configured tolerance 1.0e-10 at t = 3095.0 s. The tags no longer account for the field they partition; see output/a1_dt2p5/output_0000/water_tag_closure.csv.
└ @ ClimaAtmos ~/git/ClimaAtmosResiDyn.jl/src/parameterized_tendencies/tagged_tracers/tagged_tracers.jl:590
┌ Warning: water tag closure residual 2.8182648456588016e-5 exceeds the configured tolerance 1.0e-10 at t = 3097.5 s. The tags no longer account for the field they partition; see output/a1_dt2p5/output_0000/water_tag_closure.csv.
└ @ ClimaAtmos ~/git/ClimaAtmosResiDyn.jl/src/parameterized_tendencies/tagged_tracers/tagged_tracers.jl:590
┌ Warning: water tag closure residual 2.818133840767871e-5 exceeds the configured tolerance 1.0e-10 at t = 3100.0 s. The tags no longer account for the field they partition; see output/a1_dt2p5/output_0000/water_tag_closure.csv.
└ @ ClimaAtmos ~/git/ClimaAtmosResiDyn.jl/src/parameterized_tendencies/tagged_tracers/tagged_tracers.jl:590
┌ Warning: water tag closure residual 2.8180028059580756e-5 exceeds the configured tolerance 1.0e-10 at t = 3102.5 s. The tags no longer account for the field they partition; see output/a1_dt2p5/output_0000/water_tag_closure.csv.
└ @ ClimaAtmos ~/git/ClimaAtmosResiDyn.jl/src/parameterized_tendencies/tagged_tracers/tagged_tracers.jl:590
┌ Warning: water tag closure residual 2.8178716379459423e-5 exceeds the configured tolerance 1.0e-10 at t = 3105.0 s. The tags no longer account for the field they partition; see output/a1_dt2p5/output_0000/water_tag_closure.csv.
└ @ ClimaAtmos ~/git/ClimaAtmosResiDyn.jl/src/parameterized_tendencies/tagged_tracers/tagged_tracers.jl:590
┌ Warning: water tag closure residual 2.8177404823517703e-5 exceeds the configured tolerance 1.0e-10 at t = 3107.5 s. The tags no longer account for the field they partition; see output/a1_dt2p5/output_0000/water_tag_closure.csv.
└ @ ClimaAtmos ~/git/ClimaAtmosResiDyn.jl/src/parameterized_tendencies/tagged_tracers/tagged_tracers.jl:590
┌ Info: Progress
│   simulation_time = "51 minutes, 47 seconds"
│   n_steps_completed = 1243
│   wall_time_per_step = "4 milliseconds, 8 microseconds"
│   wall_time_total = "5 seconds, 771 milliseconds"
│   wall_time_remaining = "789 milliseconds, 623 microseconds"
│   wall_time_spent = "4 seconds, 982 milliseconds"
│   percent_complete = "86.3%"
│   estimated_sypd = "1.708"
│   instantaneous_sypd = "2.04"
│   date_now = 2026-09-10T00:20:17.509
└   estimated_finish_date = 2026-09-10T00:20:18.509
┌ Warning: water tag closure residual 2.817609395966916e-5 exceeds the configured tolerance 1.0e-10 at t = 3110.0 s. The tags no longer account for the field they partition; see output/a1_dt2p5/output_0000/water_tag_closure.csv.
└ @ ClimaAtmos ~/git/ClimaAtmosResiDyn.jl/src/parameterized_tendencies/tagged_tracers/tagged_tracers.jl:590
┌ Warning: water tag closure residual 2.81747824971314e-5 exceeds the configured tolerance 1.0e-10 at t = 3112.5 s. The tags no longer account for the field they partition; see output/a1_dt2p5/output_0000/water_tag_closure.csv.
└ @ ClimaAtmos ~/git/ClimaAtmosResiDyn.jl/src/parameterized_tendencies/tagged_tracers/tagged_tracers.jl:590
┌ Warning: water tag closure residual 2.8173470212045955e-5 exceeds the configured tolerance 1.0e-10 at t = 3115.0 s. The tags no longer account for the field they partition; see output/a1_dt2p5/output_0000/water_tag_closure.csv.
└ @ ClimaAtmos ~/git/ClimaAtmosResiDyn.jl/src/parameterized_tendencies/tagged_tracers/tagged_tracers.jl:590
┌ Warning: water tag closure residual 2.8172158194067784e-5 exceeds the configured tolerance 1.0e-10 at t = 3117.5 s. The tags no longer account for the field they partition; see output/a1_dt2p5/output_0000/water_tag_closure.csv.
└ @ ClimaAtmos ~/git/ClimaAtmosResiDyn.jl/src/parameterized_tendencies/tagged_tracers/tagged_tracers.jl:590
┌ Warning: water tag closure residual 2.817084642137956e-5 exceeds the configured tolerance 1.0e-10 at t = 3120.0 s. The tags no longer account for the field they partition; see output/a1_dt2p5/output_0000/water_tag_closure.csv.
└ @ ClimaAtmos ~/git/ClimaAtmosResiDyn.jl/src/parameterized_tendencies/tagged_tracers/tagged_tracers.jl:590
┌ Warning: water tag closure residual 2.8169534010537772e-5 exceeds the configured tolerance 1.0e-10 at t = 3122.5 s. The tags no longer account for the field they partition; see output/a1_dt2p5/output_0000/water_tag_closure.csv.
└ @ ClimaAtmos ~/git/ClimaAtmosResiDyn.jl/src/parameterized_tendencies/tagged_tracers/tagged_tracers.jl:590
┌ Warning: water tag closure residual 2.816822114181762e-5 exceeds the configured tolerance 1.0e-10 at t = 3125.0 s. The tags no longer account for the field they partition; see output/a1_dt2p5/output_0000/water_tag_closure.csv.
└ @ ClimaAtmos ~/git/ClimaAtmosResiDyn.jl/src/parameterized_tendencies/tagged_tracers/tagged_tracers.jl:590
┌ Warning: water tag closure residual 2.8166908498531793e-5 exceeds the configured tolerance 1.0e-10 at t = 3127.5 s. The tags no longer account for the field they partition; see output/a1_dt2p5/output_0000/water_tag_closure.csv.
└ @ ClimaAtmos ~/git/ClimaAtmosResiDyn.jl/src/parameterized_tendencies/tagged_tracers/tagged_tracers.jl:590
┌ Warning: water tag closure residual 2.8165595805624417e-5 exceeds the configured tolerance 1.0e-10 at t = 3130.0 s. The tags no longer account for the field they partition; see output/a1_dt2p5/output_0000/water_tag_closure.csv.
└ @ ClimaAtmos ~/git/ClimaAtmosResiDyn.jl/src/parameterized_tendencies/tagged_tracers/tagged_tracers.jl:590
┌ Warning: water tag closure residual 2.8164282557428125e-5 exceeds the configured tolerance 1.0e-10 at t = 3132.5 s. The tags no longer account for the field they partition; see output/a1_dt2p5/output_0000/water_tag_closure.csv.
└ @ ClimaAtmos ~/git/ClimaAtmosResiDyn.jl/src/parameterized_tendencies/tagged_tracers/tagged_tracers.jl:590
┌ Warning: water tag closure residual 2.8162969069584376e-5 exceeds the configured tolerance 1.0e-10 at t = 3135.0 s. The tags no longer account for the field they partition; see output/a1_dt2p5/output_0000/water_tag_closure.csv.
└ @ ClimaAtmos ~/git/ClimaAtmosResiDyn.jl/src/parameterized_tendencies/tagged_tracers/tagged_tracers.jl:590
┌ Warning: water tag closure residual 2.8161655693214605e-5 exceeds the configured tolerance 1.0e-10 at t = 3137.5 s. The tags no longer account for the field they partition; see output/a1_dt2p5/output_0000/water_tag_closure.csv.
└ @ ClimaAtmos ~/git/ClimaAtmosResiDyn.jl/src/parameterized_tendencies/tagged_tracers/tagged_tracers.jl:590
┌ Warning: water tag closure residual 2.8160342105002372e-5 exceeds the configured tolerance 1.0e-10 at t = 3140.0 s. The tags no longer account for the field they partition; see output/a1_dt2p5/output_0000/water_tag_closure.csv.
└ @ ClimaAtmos ~/git/ClimaAtmosResiDyn.jl/src/parameterized_tendencies/tagged_tracers/tagged_tracers.jl:590
┌ Warning: water tag closure residual 2.8159028077978804e-5 exceeds the configured tolerance 1.0e-10 at t = 3142.5 s. The tags no longer account for the field they partition; see output/a1_dt2p5/output_0000/water_tag_closure.csv.
└ @ ClimaAtmos ~/git/ClimaAtmosResiDyn.jl/src/parameterized_tendencies/tagged_tracers/tagged_tracers.jl:590
┌ Warning: water tag closure residual 2.815771391582109e-5 exceeds the configured tolerance 1.0e-10 at t = 3145.0 s. The tags no longer account for the field they partition; see output/a1_dt2p5/output_0000/water_tag_closure.csv.
└ @ ClimaAtmos ~/git/ClimaAtmosResiDyn.jl/src/parameterized_tendencies/tagged_tracers/tagged_tracers.jl:590
┌ Warning: water tag closure residual 2.8156399745191483e-5 exceeds the configured tolerance 1.0e-10 at t = 3147.5 s. The tags no longer account for the field they partition; see output/a1_dt2p5/output_0000/water_tag_closure.csv.
└ @ ClimaAtmos ~/git/ClimaAtmosResiDyn.jl/src/parameterized_tendencies/tagged_tracers/tagged_tracers.jl:590
┌ Warning: water tag closure residual 2.815508529417923e-5 exceeds the configured tolerance 1.0e-10 at t = 3150.0 s. The tags no longer account for the field they partition; see output/a1_dt2p5/output_0000/water_tag_closure.csv.
└ @ ClimaAtmos ~/git/ClimaAtmosResiDyn.jl/src/parameterized_tendencies/tagged_tracers/tagged_tracers.jl:590
┌ Warning: water tag closure residual 2.8153770508706154e-5 exceeds the configured tolerance 1.0e-10 at t = 3152.5 s. The tags no longer account for the field they partition; see output/a1_dt2p5/output_0000/water_tag_closure.csv.
└ @ ClimaAtmos ~/git/ClimaAtmosResiDyn.jl/src/parameterized_tendencies/tagged_tracers/tagged_tracers.jl:590
┌ Warning: water tag closure residual 2.8152455618504334e-5 exceeds the configured tolerance 1.0e-10 at t = 3155.0 s. The tags no longer account for the field they partition; see output/a1_dt2p5/output_0000/water_tag_closure.csv.
└ @ ClimaAtmos ~/git/ClimaAtmosResiDyn.jl/src/parameterized_tendencies/tagged_tracers/tagged_tracers.jl:590
┌ Warning: water tag closure residual 2.815114062329081e-5 exceeds the configured tolerance 1.0e-10 at t = 3157.5 s. The tags no longer account for the field they partition; see output/a1_dt2p5/output_0000/water_tag_closure.csv.
└ @ ClimaAtmos ~/git/ClimaAtmosResiDyn.jl/src/parameterized_tendencies/tagged_tracers/tagged_tracers.jl:590
┌ Warning: water tag closure residual 2.8149825335168282e-5 exceeds the configured tolerance 1.0e-10 at t = 3160.0 s. The tags no longer account for the field they partition; see output/a1_dt2p5/output_0000/water_tag_closure.csv.
└ @ ClimaAtmos ~/git/ClimaAtmosResiDyn.jl/src/parameterized_tendencies/tagged_tracers/tagged_tracers.jl:590
┌ Warning: water tag closure residual 2.814850978756669e-5 exceeds the configured tolerance 1.0e-10 at t = 3162.5 s. The tags no longer account for the field they partition; see output/a1_dt2p5/output_0000/water_tag_closure.csv.
└ @ ClimaAtmos ~/git/ClimaAtmosResiDyn.jl/src/parameterized_tendencies/tagged_tracers/tagged_tracers.jl:590
┌ Warning: water tag closure residual 2.8147194125618734e-5 exceeds the configured tolerance 1.0e-10 at t = 3165.0 s. The tags no longer account for the field they partition; see output/a1_dt2p5/output_0000/water_tag_closure.csv.
└ @ ClimaAtmos ~/git/ClimaAtmosResiDyn.jl/src/parameterized_tendencies/tagged_tracers/tagged_tracers.jl:590
┌ Warning: water tag closure residual 2.8145878293887738e-5 exceeds the configured tolerance 1.0e-10 at t = 3167.5 s. The tags no longer account for the field they partition; see output/a1_dt2p5/output_0000/water_tag_closure.csv.
└ @ ClimaAtmos ~/git/ClimaAtmosResiDyn.jl/src/parameterized_tendencies/tagged_tracers/tagged_tracers.jl:590
┌ Warning: water tag closure residual 2.8144562182996614e-5 exceeds the configured tolerance 1.0e-10 at t = 3170.0 s. The tags no longer account for the field they partition; see output/a1_dt2p5/output_0000/water_tag_closure.csv.
└ @ ClimaAtmos ~/git/ClimaAtmosResiDyn.jl/src/parameterized_tendencies/tagged_tracers/tagged_tracers.jl:590
┌ Warning: water tag closure residual 2.8143245857102395e-5 exceeds the configured tolerance 1.0e-10 at t = 3172.5 s. The tags no longer account for the field they partition; see output/a1_dt2p5/output_0000/water_tag_closure.csv.
└ @ ClimaAtmos ~/git/ClimaAtmosResiDyn.jl/src/parameterized_tendencies/tagged_tracers/tagged_tracers.jl:590
┌ Warning: water tag closure residual 2.8141929391641355e-5 exceeds the configured tolerance 1.0e-10 at t = 3175.0 s. The tags no longer account for the field they partition; see output/a1_dt2p5/output_0000/water_tag_closure.csv.
└ @ ClimaAtmos ~/git/ClimaAtmosResiDyn.jl/src/parameterized_tendencies/tagged_tracers/tagged_tracers.jl:590
┌ Warning: water tag closure residual 2.8140612719129382e-5 exceeds the configured tolerance 1.0e-10 at t = 3177.5 s. The tags no longer account for the field they partition; see output/a1_dt2p5/output_0000/water_tag_closure.csv.
└ @ ClimaAtmos ~/git/ClimaAtmosResiDyn.jl/src/parameterized_tendencies/tagged_tracers/tagged_tracers.jl:590
┌ Warning: water tag closure residual 2.813929578914005e-5 exceeds the configured tolerance 1.0e-10 at t = 3180.0 s. The tags no longer account for the field they partition; see output/a1_dt2p5/output_0000/water_tag_closure.csv.
└ @ ClimaAtmos ~/git/ClimaAtmosResiDyn.jl/src/parameterized_tendencies/tagged_tracers/tagged_tracers.jl:590
┌ Warning: water tag closure residual 2.8137978664651704e-5 exceeds the configured tolerance 1.0e-10 at t = 3182.5 s. The tags no longer account for the field they partition; see output/a1_dt2p5/output_0000/water_tag_closure.csv.
└ @ ClimaAtmos ~/git/ClimaAtmosResiDyn.jl/src/parameterized_tendencies/tagged_tracers/tagged_tracers.jl:590
┌ Warning: water tag closure residual 2.81366613734331e-5 exceeds the configured tolerance 1.0e-10 at t = 3185.0 s. The tags no longer account for the field they partition; see output/a1_dt2p5/output_0000/water_tag_closure.csv.
└ @ ClimaAtmos ~/git/ClimaAtmosResiDyn.jl/src/parameterized_tendencies/tagged_tracers/tagged_tracers.jl:590
┌ Warning: water tag closure residual 2.8135343857669434e-5 exceeds the configured tolerance 1.0e-10 at t = 3187.5 s. The tags no longer account for the field they partition; see output/a1_dt2p5/output_0000/water_tag_closure.csv.
└ @ ClimaAtmos ~/git/ClimaAtmosResiDyn.jl/src/parameterized_tendencies/tagged_tracers/tagged_tracers.jl:590
┌ Warning: water tag closure residual 2.8134028834357074e-5 exceeds the configured tolerance 1.0e-10 at t = 3190.0 s. The tags no longer account for the field they partition; see output/a1_dt2p5/output_0000/water_tag_closure.csv.
└ @ ClimaAtmos ~/git/ClimaAtmosResiDyn.jl/src/parameterized_tendencies/tagged_tracers/tagged_tracers.jl:590
┌ Warning: water tag closure residual 2.8132759260966122e-5 exceeds the configured tolerance 1.0e-10 at t = 3192.5 s. The tags no longer account for the field they partition; see output/a1_dt2p5/output_0000/water_tag_closure.csv.
└ @ ClimaAtmos ~/git/ClimaAtmosResiDyn.jl/src/parameterized_tendencies/tagged_tracers/tagged_tracers.jl:590
┌ Warning: water tag closure residual 2.81315628925405e-5 exceeds the configured tolerance 1.0e-10 at t = 3195.0 s. The tags no longer account for the field they partition; see output/a1_dt2p5/output_0000/water_tag_closure.csv.
└ @ ClimaAtmos ~/git/ClimaAtmosResiDyn.jl/src/parameterized_tendencies/tagged_tracers/tagged_tracers.jl:590
┌ Warning: water tag closure residual 2.8130301057119176e-5 exceeds the configured tolerance 1.0e-10 at t = 3197.5 s. The tags no longer account for the field they partition; see output/a1_dt2p5/output_0000/water_tag_closure.csv.
└ @ ClimaAtmos ~/git/ClimaAtmosResiDyn.jl/src/parameterized_tendencies/tagged_tracers/tagged_tracers.jl:590
┌ Warning: water tag closure residual 2.8128996279773404e-5 exceeds the configured tolerance 1.0e-10 at t = 3200.0 s. The tags no longer account for the field they partition; see output/a1_dt2p5/output_0000/water_tag_closure.csv.
└ @ ClimaAtmos ~/git/ClimaAtmosResiDyn.jl/src/parameterized_tendencies/tagged_tracers/tagged_tracers.jl:590
┌ Warning: water tag closure residual 2.8127751060764373e-5 exceeds the configured tolerance 1.0e-10 at t = 3202.5 s. The tags no longer account for the field they partition; see output/a1_dt2p5/output_0000/water_tag_closure.csv.
└ @ ClimaAtmos ~/git/ClimaAtmosResiDyn.jl/src/parameterized_tendencies/tagged_tracers/tagged_tracers.jl:590
┌ Warning: water tag closure residual 2.8126527371961688e-5 exceeds the configured tolerance 1.0e-10 at t = 3205.0 s. The tags no longer account for the field they partition; see output/a1_dt2p5/output_0000/water_tag_closure.csv.
└ @ ClimaAtmos ~/git/ClimaAtmosResiDyn.jl/src/parameterized_tendencies/tagged_tracers/tagged_tracers.jl:590
┌ Warning: water tag closure residual 2.8125251449310066e-5 exceeds the configured tolerance 1.0e-10 at t = 3207.5 s. The tags no longer account for the field they partition; see output/a1_dt2p5/output_0000/water_tag_closure.csv.
└ @ ClimaAtmos ~/git/ClimaAtmosResiDyn.jl/src/parameterized_tendencies/tagged_tracers/tagged_tracers.jl:590
┌ Warning: water tag closure residual 2.812396569888774e-5 exceeds the configured tolerance 1.0e-10 at t = 3210.0 s. The tags no longer account for the field they partition; see output/a1_dt2p5/output_0000/water_tag_closure.csv.
└ @ ClimaAtmos ~/git/ClimaAtmosResiDyn.jl/src/parameterized_tendencies/tagged_tracers/tagged_tracers.jl:590
┌ Warning: water tag closure residual 2.8122723532222657e-5 exceeds the configured tolerance 1.0e-10 at t = 3212.5 s. The tags no longer account for the field they partition; see output/a1_dt2p5/output_0000/water_tag_closure.csv.
└ @ ClimaAtmos ~/git/ClimaAtmosResiDyn.jl/src/parameterized_tendencies/tagged_tracers/tagged_tracers.jl:590
┌ Warning: water tag closure residual 2.8121480043142987e-5 exceeds the configured tolerance 1.0e-10 at t = 3215.0 s. The tags no longer account for the field they partition; see output/a1_dt2p5/output_0000/water_tag_closure.csv.
└ @ ClimaAtmos ~/git/ClimaAtmosResiDyn.jl/src/parameterized_tendencies/tagged_tracers/tagged_tracers.jl:590
┌ Warning: water tag closure residual 2.8120200136693237e-5 exceeds the configured tolerance 1.0e-10 at t = 3217.5 s. The tags no longer account for the field they partition; see output/a1_dt2p5/output_0000/water_tag_closure.csv.
└ @ ClimaAtmos ~/git/ClimaAtmosResiDyn.jl/src/parameterized_tendencies/tagged_tracers/tagged_tracers.jl:590
┌ Warning: water tag closure residual 2.8118927079510244e-5 exceeds the configured tolerance 1.0e-10 at t = 3220.0 s. The tags no longer account for the field they partition; see output/a1_dt2p5/output_0000/water_tag_closure.csv.
└ @ ClimaAtmos ~/git/ClimaAtmosResiDyn.jl/src/parameterized_tendencies/tagged_tracers/tagged_tracers.jl:590
┌ Warning: water tag closure residual 2.8117681096854814e-5 exceeds the configured tolerance 1.0e-10 at t = 3222.5 s. The tags no longer account for the field they partition; see output/a1_dt2p5/output_0000/water_tag_closure.csv.
└ @ ClimaAtmos ~/git/ClimaAtmosResiDyn.jl/src/parameterized_tendencies/tagged_tracers/tagged_tracers.jl:590
┌ Warning: water tag closure residual 2.811642346605651e-5 exceeds the configured tolerance 1.0e-10 at t = 3225.0 s. The tags no longer account for the field they partition; see output/a1_dt2p5/output_0000/water_tag_closure.csv.
└ @ ClimaAtmos ~/git/ClimaAtmosResiDyn.jl/src/parameterized_tendencies/tagged_tracers/tagged_tracers.jl:590
┌ Warning: water tag closure residual 2.811514479606142e-5 exceeds the configured tolerance 1.0e-10 at t = 3227.5 s. The tags no longer account for the field they partition; see output/a1_dt2p5/output_0000/water_tag_closure.csv.
└ @ ClimaAtmos ~/git/ClimaAtmosResiDyn.jl/src/parameterized_tendencies/tagged_tracers/tagged_tracers.jl:590
┌ Warning: water tag closure residual 2.8113878389612857e-5 exceeds the configured tolerance 1.0e-10 at t = 3230.0 s. The tags no longer account for the field they partition; see output/a1_dt2p5/output_0000/water_tag_closure.csv.
└ @ ClimaAtmos ~/git/ClimaAtmosResiDyn.jl/src/parameterized_tendencies/tagged_tracers/tagged_tracers.jl:590
┌ Warning: water tag closure residual 2.8112625666399086e-5 exceeds the configured tolerance 1.0e-10 at t = 3232.5 s. The tags no longer account for the field they partition; see output/a1_dt2p5/output_0000/water_tag_closure.csv.
└ @ ClimaAtmos ~/git/ClimaAtmosResiDyn.jl/src/parameterized_tendencies/tagged_tracers/tagged_tracers.jl:590
┌ Warning: water tag closure residual 2.8111359284339315e-5 exceeds the configured tolerance 1.0e-10 at t = 3235.0 s. The tags no longer account for the field they partition; see output/a1_dt2p5/output_0000/water_tag_closure.csv.
└ @ ClimaAtmos ~/git/ClimaAtmosResiDyn.jl/src/parameterized_tendencies/tagged_tracers/tagged_tracers.jl:590
┌ Warning: water tag closure residual 2.8110083177839172e-5 exceeds the configured tolerance 1.0e-10 at t = 3237.5 s. The tags no longer account for the field they partition; see output/a1_dt2p5/output_0000/water_tag_closure.csv.
└ @ ClimaAtmos ~/git/ClimaAtmosResiDyn.jl/src/parameterized_tendencies/tagged_tracers/tagged_tracers.jl:590
┌ Warning: water tag closure residual 2.8108818836213118e-5 exceeds the configured tolerance 1.0e-10 at t = 3240.0 s. The tags no longer account for the field they partition; see output/a1_dt2p5/output_0000/water_tag_closure.csv.
└ @ ClimaAtmos ~/git/ClimaAtmosResiDyn.jl/src/parameterized_tendencies/tagged_tracers/tagged_tracers.jl:590
┌ Warning: water tag closure residual 2.8107559074686045e-5 exceeds the configured tolerance 1.0e-10 at t = 3242.5 s. The tags no longer account for the field they partition; see output/a1_dt2p5/output_0000/water_tag_closure.csv.
└ @ ClimaAtmos ~/git/ClimaAtmosResiDyn.jl/src/parameterized_tendencies/tagged_tracers/tagged_tracers.jl:590
┌ Warning: water tag closure residual 2.810628774880526e-5 exceeds the configured tolerance 1.0e-10 at t = 3245.0 s. The tags no longer account for the field they partition; see output/a1_dt2p5/output_0000/water_tag_closure.csv.
└ @ ClimaAtmos ~/git/ClimaAtmosResiDyn.jl/src/parameterized_tendencies/tagged_tracers/tagged_tracers.jl:590
┌ Warning: water tag closure residual 2.8105013702131622e-5 exceeds the configured tolerance 1.0e-10 at t = 3247.5 s. The tags no longer account for the field they partition; see output/a1_dt2p5/output_0000/water_tag_closure.csv.
└ @ ClimaAtmos ~/git/ClimaAtmosResiDyn.jl/src/parameterized_tendencies/tagged_tracers/tagged_tracers.jl:590
┌ Warning: water tag closure residual 2.8103748416809112e-5 exceeds the configured tolerance 1.0e-10 at t = 3250.0 s. The tags no longer account for the field they partition; see output/a1_dt2p5/output_0000/water_tag_closure.csv.
└ @ ClimaAtmos ~/git/ClimaAtmosResiDyn.jl/src/parameterized_tendencies/tagged_tracers/tagged_tracers.jl:590
┌ Warning: water tag closure residual 2.8102482567507495e-5 exceeds the configured tolerance 1.0e-10 at t = 3252.5 s. The tags no longer account for the field they partition; see output/a1_dt2p5/output_0000/water_tag_closure.csv.
└ @ ClimaAtmos ~/git/ClimaAtmosResiDyn.jl/src/parameterized_tendencies/tagged_tracers/tagged_tracers.jl:590
┌ Warning: water tag closure residual 2.810120855005439e-5 exceeds the configured tolerance 1.0e-10 at t = 3255.0 s. The tags no longer account for the field they partition; see output/a1_dt2p5/output_0000/water_tag_closure.csv.
└ @ ClimaAtmos ~/git/ClimaAtmosResiDyn.jl/src/parameterized_tendencies/tagged_tracers/tagged_tracers.jl:590
┌ Warning: water tag closure residual 2.8099935358924896e-5 exceeds the configured tolerance 1.0e-10 at t = 3257.5 s. The tags no longer account for the field they partition; see output/a1_dt2p5/output_0000/water_tag_closure.csv.
└ @ ClimaAtmos ~/git/ClimaAtmosResiDyn.jl/src/parameterized_tendencies/tagged_tracers/tagged_tracers.jl:590
┌ Warning: water tag closure residual 2.809866750478528e-5 exceeds the configured tolerance 1.0e-10 at t = 3260.0 s. The tags no longer account for the field they partition; see output/a1_dt2p5/output_0000/water_tag_closure.csv.
└ @ ClimaAtmos ~/git/ClimaAtmosResiDyn.jl/src/parameterized_tendencies/tagged_tracers/tagged_tracers.jl:590
┌ Warning: water tag closure residual 2.8097396834947964e-5 exceeds the configured tolerance 1.0e-10 at t = 3262.5 s. The tags no longer account for the field they partition; see output/a1_dt2p5/output_0000/water_tag_closure.csv.
└ @ ClimaAtmos ~/git/ClimaAtmosResiDyn.jl/src/parameterized_tendencies/tagged_tracers/tagged_tracers.jl:590
┌ Warning: water tag closure residual 2.8096121195799283e-5 exceeds the configured tolerance 1.0e-10 at t = 3265.0 s. The tags no longer account for the field they partition; see output/a1_dt2p5/output_0000/water_tag_closure.csv.
└ @ ClimaAtmos ~/git/ClimaAtmosResiDyn.jl/src/parameterized_tendencies/tagged_tracers/tagged_tracers.jl:590
┌ Warning: water tag closure residual 2.8094847615446292e-5 exceeds the configured tolerance 1.0e-10 at t = 3267.5 s. The tags no longer account for the field they partition; see output/a1_dt2p5/output_0000/water_tag_closure.csv.
└ @ ClimaAtmos ~/git/ClimaAtmosResiDyn.jl/src/parameterized_tendencies/tagged_tracers/tagged_tracers.jl:590
┌ Warning: water tag closure residual 2.809357653841235e-5 exceeds the configured tolerance 1.0e-10 at t = 3270.0 s. The tags no longer account for the field they partition; see output/a1_dt2p5/output_0000/water_tag_closure.csv.
└ @ ClimaAtmos ~/git/ClimaAtmosResiDyn.jl/src/parameterized_tendencies/tagged_tracers/tagged_tracers.jl:590
┌ Warning: water tag closure residual 2.8092302166417675e-5 exceeds the configured tolerance 1.0e-10 at t = 3272.5 s. The tags no longer account for the field they partition; see output/a1_dt2p5/output_0000/water_tag_closure.csv.
└ @ ClimaAtmos ~/git/ClimaAtmosResiDyn.jl/src/parameterized_tendencies/tagged_tracers/tagged_tracers.jl:590
┌ Warning: water tag closure residual 2.8091025214797395e-5 exceeds the configured tolerance 1.0e-10 at t = 3275.0 s. The tags no longer account for the field they partition; see output/a1_dt2p5/output_0000/water_tag_closure.csv.
└ @ ClimaAtmos ~/git/ClimaAtmosResiDyn.jl/src/parameterized_tendencies/tagged_tracers/tagged_tracers.jl:590
┌ Warning: water tag closure residual 2.808975026422085e-5 exceeds the configured tolerance 1.0e-10 at t = 3277.5 s. The tags no longer account for the field they partition; see output/a1_dt2p5/output_0000/water_tag_closure.csv.
└ @ ClimaAtmos ~/git/ClimaAtmosResiDyn.jl/src/parameterized_tendencies/tagged_tracers/tagged_tracers.jl:590
┌ Warning: water tag closure residual 2.808847588132472e-5 exceeds the configured tolerance 1.0e-10 at t = 3280.0 s. The tags no longer account for the field they partition; see output/a1_dt2p5/output_0000/water_tag_closure.csv.
└ @ ClimaAtmos ~/git/ClimaAtmosResiDyn.jl/src/parameterized_tendencies/tagged_tracers/tagged_tracers.jl:590
┌ Warning: water tag closure residual 2.808719860685485e-5 exceeds the configured tolerance 1.0e-10 at t = 3282.5 s. The tags no longer account for the field they partition; see output/a1_dt2p5/output_0000/water_tag_closure.csv.
└ @ ClimaAtmos ~/git/ClimaAtmosResiDyn.jl/src/parameterized_tendencies/tagged_tracers/tagged_tracers.jl:590
┌ Warning: water tag closure residual 2.808592024836882e-5 exceeds the configured tolerance 1.0e-10 at t = 3285.0 s. The tags no longer account for the field they partition; see output/a1_dt2p5/output_0000/water_tag_closure.csv.
└ @ ClimaAtmos ~/git/ClimaAtmosResiDyn.jl/src/parameterized_tendencies/tagged_tracers/tagged_tracers.jl:590
┌ Warning: water tag closure residual 2.8084643281813635e-5 exceeds the configured tolerance 1.0e-10 at t = 3287.5 s. The tags no longer account for the field they partition; see output/a1_dt2p5/output_0000/water_tag_closure.csv.
└ @ ClimaAtmos ~/git/ClimaAtmosResiDyn.jl/src/parameterized_tendencies/tagged_tracers/tagged_tracers.jl:590
┌ Warning: water tag closure residual 2.8083365776811782e-5 exceeds the configured tolerance 1.0e-10 at t = 3290.0 s. The tags no longer account for the field they partition; see output/a1_dt2p5/output_0000/water_tag_closure.csv.
└ @ ClimaAtmos ~/git/ClimaAtmosResiDyn.jl/src/parameterized_tendencies/tagged_tracers/tagged_tracers.jl:590
┌ Info: Progress
│   simulation_time = "54 minutes, 50 seconds"
│   n_steps_completed = 1316
│   wall_time_per_step = "3 milliseconds, 973 microseconds"
│   wall_time_total = "5 seconds, 721 milliseconds"
│   wall_time_remaining = "492 milliseconds, 719 microseconds"
│   wall_time_spent = "5 seconds, 229 milliseconds"
│   percent_complete = "91.4%"
│   estimated_sypd = "1.723"
│   instantaneous_sypd = "2.023"
│   date_now = 2026-09-10T00:20:17.756
└   estimated_finish_date = 2026-09-10T00:20:18.756
┌ Warning: water tag closure residual 2.808208607781937e-5 exceeds the configured tolerance 1.0e-10 at t = 3292.5 s. The tags no longer account for the field they partition; see output/a1_dt2p5/output_0000/water_tag_closure.csv.
└ @ ClimaAtmos ~/git/ClimaAtmosResiDyn.jl/src/parameterized_tendencies/tagged_tracers/tagged_tracers.jl:590
┌ Warning: water tag closure residual 2.808080606144423e-5 exceeds the configured tolerance 1.0e-10 at t = 3295.0 s. The tags no longer account for the field they partition; see output/a1_dt2p5/output_0000/water_tag_closure.csv.
└ @ ClimaAtmos ~/git/ClimaAtmosResiDyn.jl/src/parameterized_tendencies/tagged_tracers/tagged_tracers.jl:590
┌ Warning: water tag closure residual 2.8079526724272004e-5 exceeds the configured tolerance 1.0e-10 at t = 3297.5 s. The tags no longer account for the field they partition; see output/a1_dt2p5/output_0000/water_tag_closure.csv.
└ @ ClimaAtmos ~/git/ClimaAtmosResiDyn.jl/src/parameterized_tendencies/tagged_tracers/tagged_tracers.jl:590
┌ Warning: water tag closure residual 2.8078246354426277e-5 exceeds the configured tolerance 1.0e-10 at t = 3300.0 s. The tags no longer account for the field they partition; see output/a1_dt2p5/output_0000/water_tag_closure.csv.
└ @ ClimaAtmos ~/git/ClimaAtmosResiDyn.jl/src/parameterized_tendencies/tagged_tracers/tagged_tracers.jl:590
┌ Warning: water tag closure residual 2.807696445883556e-5 exceeds the configured tolerance 1.0e-10 at t = 3302.5 s. The tags no longer account for the field they partition; see output/a1_dt2p5/output_0000/water_tag_closure.csv.
└ @ ClimaAtmos ~/git/ClimaAtmosResiDyn.jl/src/parameterized_tendencies/tagged_tracers/tagged_tracers.jl:590
┌ Warning: water tag closure residual 2.8075682520478534e-5 exceeds the configured tolerance 1.0e-10 at t = 3305.0 s. The tags no longer account for the field they partition; see output/a1_dt2p5/output_0000/water_tag_closure.csv.
└ @ ClimaAtmos ~/git/ClimaAtmosResiDyn.jl/src/parameterized_tendencies/tagged_tracers/tagged_tracers.jl:590
┌ Warning: water tag closure residual 2.8074400663673747e-5 exceeds the configured tolerance 1.0e-10 at t = 3307.5 s. The tags no longer account for the field they partition; see output/a1_dt2p5/output_0000/water_tag_closure.csv.
└ @ ClimaAtmos ~/git/ClimaAtmosResiDyn.jl/src/parameterized_tendencies/tagged_tracers/tagged_tracers.jl:590
┌ Warning: water tag closure residual 2.8073117659022147e-5 exceeds the configured tolerance 1.0e-10 at t = 3310.0 s. The tags no longer account for the field they partition; see output/a1_dt2p5/output_0000/water_tag_closure.csv.
└ @ ClimaAtmos ~/git/ClimaAtmosResiDyn.jl/src/parameterized_tendencies/tagged_tracers/tagged_tracers.jl:590
┌ Warning: water tag closure residual 2.807183363290105e-5 exceeds the configured tolerance 1.0e-10 at t = 3312.5 s. The tags no longer account for the field they partition; see output/a1_dt2p5/output_0000/water_tag_closure.csv.
└ @ ClimaAtmos ~/git/ClimaAtmosResiDyn.jl/src/parameterized_tendencies/tagged_tracers/tagged_tracers.jl:590
┌ Warning: water tag closure residual 2.807054956069127e-5 exceeds the configured tolerance 1.0e-10 at t = 3315.0 s. The tags no longer account for the field they partition; see output/a1_dt2p5/output_0000/water_tag_closure.csv.
└ @ ClimaAtmos ~/git/ClimaAtmosResiDyn.jl/src/parameterized_tendencies/tagged_tracers/tagged_tracers.jl:590
┌ Warning: water tag closure residual 2.8069265157714818e-5 exceeds the configured tolerance 1.0e-10 at t = 3317.5 s. The tags no longer account for the field they partition; see output/a1_dt2p5/output_0000/water_tag_closure.csv.
└ @ ClimaAtmos ~/git/ClimaAtmosResiDyn.jl/src/parameterized_tendencies/tagged_tracers/tagged_tracers.jl:590
┌ Warning: water tag closure residual 2.806797968274497e-5 exceeds the configured tolerance 1.0e-10 at t = 3320.0 s. The tags no longer account for the field they partition; see output/a1_dt2p5/output_0000/water_tag_closure.csv.
└ @ ClimaAtmos ~/git/ClimaAtmosResiDyn.jl/src/parameterized_tendencies/tagged_tracers/tagged_tracers.jl:590
┌ Warning: water tag closure residual 2.806669350455868e-5 exceeds the configured tolerance 1.0e-10 at t = 3322.5 s. The tags no longer account for the field they partition; see output/a1_dt2p5/output_0000/water_tag_closure.csv.
└ @ ClimaAtmos ~/git/ClimaAtmosResiDyn.jl/src/parameterized_tendencies/tagged_tracers/tagged_tracers.jl:590
┌ Warning: water tag closure residual 2.806540715635176e-5 exceeds the configured tolerance 1.0e-10 at t = 3325.0 s. The tags no longer account for the field they partition; see output/a1_dt2p5/output_0000/water_tag_closure.csv.
└ @ ClimaAtmos ~/git/ClimaAtmosResiDyn.jl/src/parameterized_tendencies/tagged_tracers/tagged_tracers.jl:590
┌ Warning: water tag closure residual 2.8064120238534896e-5 exceeds the configured tolerance 1.0e-10 at t = 3327.5 s. The tags no longer account for the field they partition; see output/a1_dt2p5/output_0000/water_tag_closure.csv.
└ @ ClimaAtmos ~/git/ClimaAtmosResiDyn.jl/src/parameterized_tendencies/tagged_tracers/tagged_tracers.jl:590
┌ Warning: water tag closure residual 2.8062832391151256e-5 exceeds the configured tolerance 1.0e-10 at t = 3330.0 s. The tags no longer account for the field they partition; see output/a1_dt2p5/output_0000/water_tag_closure.csv.
└ @ ClimaAtmos ~/git/ClimaAtmosResiDyn.jl/src/parameterized_tendencies/tagged_tracers/tagged_tracers.jl:590
┌ Warning: water tag closure residual 2.806154400506597e-5 exceeds the configured tolerance 1.0e-10 at t = 3332.5 s. The tags no longer account for the field they partition; see output/a1_dt2p5/output_0000/water_tag_closure.csv.
└ @ ClimaAtmos ~/git/ClimaAtmosResiDyn.jl/src/parameterized_tendencies/tagged_tracers/tagged_tracers.jl:590
┌ Warning: water tag closure residual 2.8060255299782592e-5 exceeds the configured tolerance 1.0e-10 at t = 3335.0 s. The tags no longer account for the field they partition; see output/a1_dt2p5/output_0000/water_tag_closure.csv.
└ @ ClimaAtmos ~/git/ClimaAtmosResiDyn.jl/src/parameterized_tendencies/tagged_tracers/tagged_tracers.jl:590
┌ Warning: water tag closure residual 2.805896591571231e-5 exceeds the configured tolerance 1.0e-10 at t = 3337.5 s. The tags no longer account for the field they partition; see output/a1_dt2p5/output_0000/water_tag_closure.csv.
└ @ ClimaAtmos ~/git/ClimaAtmosResiDyn.jl/src/parameterized_tendencies/tagged_tracers/tagged_tracers.jl:590
┌ Warning: water tag closure residual 2.805767574057509e-5 exceeds the configured tolerance 1.0e-10 at t = 3340.0 s. The tags no longer account for the field they partition; see output/a1_dt2p5/output_0000/water_tag_closure.csv.
└ @ ClimaAtmos ~/git/ClimaAtmosResiDyn.jl/src/parameterized_tendencies/tagged_tracers/tagged_tracers.jl:590
┌ Warning: water tag closure residual 2.8056385086704204e-5 exceeds the configured tolerance 1.0e-10 at t = 3342.5 s. The tags no longer account for the field they partition; see output/a1_dt2p5/output_0000/water_tag_closure.csv.
└ @ ClimaAtmos ~/git/ClimaAtmosResiDyn.jl/src/parameterized_tendencies/tagged_tracers/tagged_tracers.jl:590
┌ Warning: water tag closure residual 2.8055093986768934e-5 exceeds the configured tolerance 1.0e-10 at t = 3345.0 s. The tags no longer account for the field they partition; see output/a1_dt2p5/output_0000/water_tag_closure.csv.
└ @ ClimaAtmos ~/git/ClimaAtmosResiDyn.jl/src/parameterized_tendencies/tagged_tracers/tagged_tracers.jl:590
┌ Warning: water tag closure residual 2.805380217992476e-5 exceeds the configured tolerance 1.0e-10 at t = 3347.5 s. The tags no longer account for the field they partition; see output/a1_dt2p5/output_0000/water_tag_closure.csv.
└ @ ClimaAtmos ~/git/ClimaAtmosResiDyn.jl/src/parameterized_tendencies/tagged_tracers/tagged_tracers.jl:590
┌ Warning: water tag closure residual 2.8052509687417914e-5 exceeds the configured tolerance 1.0e-10 at t = 3350.0 s. The tags no longer account for the field they partition; see output/a1_dt2p5/output_0000/water_tag_closure.csv.
└ @ ClimaAtmos ~/git/ClimaAtmosResiDyn.jl/src/parameterized_tendencies/tagged_tracers/tagged_tracers.jl:590
┌ Warning: water tag closure residual 2.8051216716672754e-5 exceeds the configured tolerance 1.0e-10 at t = 3352.5 s. The tags no longer account for the field they partition; see output/a1_dt2p5/output_0000/water_tag_closure.csv.
└ @ ClimaAtmos ~/git/ClimaAtmosResiDyn.jl/src/parameterized_tendencies/tagged_tracers/tagged_tracers.jl:590
┌ Warning: water tag closure residual 2.8049923211172497e-5 exceeds the configured tolerance 1.0e-10 at t = 3355.0 s. The tags no longer account for the field they partition; see output/a1_dt2p5/output_0000/water_tag_closure.csv.
└ @ ClimaAtmos ~/git/ClimaAtmosResiDyn.jl/src/parameterized_tendencies/tagged_tracers/tagged_tracers.jl:590
┌ Warning: water tag closure residual 2.8048629011948457e-5 exceeds the configured tolerance 1.0e-10 at t = 3357.5 s. The tags no longer account for the field they partition; see output/a1_dt2p5/output_0000/water_tag_closure.csv.
└ @ ClimaAtmos ~/git/ClimaAtmosResiDyn.jl/src/parameterized_tendencies/tagged_tracers/tagged_tracers.jl:590
┌ Warning: water tag closure residual 2.8047334054711177e-5 exceeds the configured tolerance 1.0e-10 at t = 3360.0 s. The tags no longer account for the field they partition; see output/a1_dt2p5/output_0000/water_tag_closure.csv.
└ @ ClimaAtmos ~/git/ClimaAtmosResiDyn.jl/src/parameterized_tendencies/tagged_tracers/tagged_tracers.jl:590
┌ Warning: water tag closure residual 2.804603854460194e-5 exceeds the configured tolerance 1.0e-10 at t = 3362.5 s. The tags no longer account for the field they partition; see output/a1_dt2p5/output_0000/water_tag_closure.csv.
└ @ ClimaAtmos ~/git/ClimaAtmosResiDyn.jl/src/parameterized_tendencies/tagged_tracers/tagged_tracers.jl:590
┌ Warning: water tag closure residual 2.8044742464638494e-5 exceeds the configured tolerance 1.0e-10 at t = 3365.0 s. The tags no longer account for the field they partition; see output/a1_dt2p5/output_0000/water_tag_closure.csv.
└ @ ClimaAtmos ~/git/ClimaAtmosResiDyn.jl/src/parameterized_tendencies/tagged_tracers/tagged_tracers.jl:590
┌ Warning: water tag closure residual 2.8043445733775775e-5 exceeds the configured tolerance 1.0e-10 at t = 3367.5 s. The tags no longer account for the field they partition; see output/a1_dt2p5/output_0000/water_tag_closure.csv.
└ @ ClimaAtmos ~/git/ClimaAtmosResiDyn.jl/src/parameterized_tendencies/tagged_tracers/tagged_tracers.jl:590
┌ Warning: water tag closure residual 2.8042148401659417e-5 exceeds the configured tolerance 1.0e-10 at t = 3370.0 s. The tags no longer account for the field they partition; see output/a1_dt2p5/output_0000/water_tag_closure.csv.
└ @ ClimaAtmos ~/git/ClimaAtmosResiDyn.jl/src/parameterized_tendencies/tagged_tracers/tagged_tracers.jl:590
┌ Warning: water tag closure residual 2.8040850511511126e-5 exceeds the configured tolerance 1.0e-10 at t = 3372.5 s. The tags no longer account for the field they partition; see output/a1_dt2p5/output_0000/water_tag_closure.csv.
└ @ ClimaAtmos ~/git/ClimaAtmosResiDyn.jl/src/parameterized_tendencies/tagged_tracers/tagged_tracers.jl:590
┌ Warning: water tag closure residual 2.8039552021432766e-5 exceeds the configured tolerance 1.0e-10 at t = 3375.0 s. The tags no longer account for the field they partition; see output/a1_dt2p5/output_0000/water_tag_closure.csv.
└ @ ClimaAtmos ~/git/ClimaAtmosResiDyn.jl/src/parameterized_tendencies/tagged_tracers/tagged_tracers.jl:590
┌ Warning: water tag closure residual 2.8038252899716066e-5 exceeds the configured tolerance 1.0e-10 at t = 3377.5 s. The tags no longer account for the field they partition; see output/a1_dt2p5/output_0000/water_tag_closure.csv.
└ @ ClimaAtmos ~/git/ClimaAtmosResiDyn.jl/src/parameterized_tendencies/tagged_tracers/tagged_tracers.jl:590
┌ Warning: water tag closure residual 2.8036953187029287e-5 exceeds the configured tolerance 1.0e-10 at t = 3380.0 s. The tags no longer account for the field they partition; see output/a1_dt2p5/output_0000/water_tag_closure.csv.
└ @ ClimaAtmos ~/git/ClimaAtmosResiDyn.jl/src/parameterized_tendencies/tagged_tracers/tagged_tracers.jl:590
┌ Warning: water tag closure residual 2.8035652900743925e-5 exceeds the configured tolerance 1.0e-10 at t = 3382.5 s. The tags no longer account for the field they partition; see output/a1_dt2p5/output_0000/water_tag_closure.csv.
└ @ ClimaAtmos ~/git/ClimaAtmosResiDyn.jl/src/parameterized_tendencies/tagged_tracers/tagged_tracers.jl:590
┌ Warning: water tag closure residual 2.8034352586667964e-5 exceeds the configured tolerance 1.0e-10 at t = 3385.0 s. The tags no longer account for the field they partition; see output/a1_dt2p5/output_0000/water_tag_closure.csv.
└ @ ClimaAtmos ~/git/ClimaAtmosResiDyn.jl/src/parameterized_tendencies/tagged_tracers/tagged_tracers.jl:590
┌ Warning: water tag closure residual 2.8033059965431503e-5 exceeds the configured tolerance 1.0e-10 at t = 3387.5 s. The tags no longer account for the field they partition; see output/a1_dt2p5/output_0000/water_tag_closure.csv.
└ @ ClimaAtmos ~/git/ClimaAtmosResiDyn.jl/src/parameterized_tendencies/tagged_tracers/tagged_tracers.jl:590
┌ Warning: water tag closure residual 2.8031772837729352e-5 exceeds the configured tolerance 1.0e-10 at t = 3390.0 s. The tags no longer account for the field they partition; see output/a1_dt2p5/output_0000/water_tag_closure.csv.
└ @ ClimaAtmos ~/git/ClimaAtmosResiDyn.jl/src/parameterized_tendencies/tagged_tracers/tagged_tracers.jl:590
┌ Warning: water tag closure residual 2.803048074777857e-5 exceeds the configured tolerance 1.0e-10 at t = 3392.5 s. The tags no longer account for the field they partition; see output/a1_dt2p5/output_0000/water_tag_closure.csv.
└ @ ClimaAtmos ~/git/ClimaAtmosResiDyn.jl/src/parameterized_tendencies/tagged_tracers/tagged_tracers.jl:590
┌ Warning: water tag closure residual 2.8029183205082986e-5 exceeds the configured tolerance 1.0e-10 at t = 3395.0 s. The tags no longer account for the field they partition; see output/a1_dt2p5/output_0000/water_tag_closure.csv.
└ @ ClimaAtmos ~/git/ClimaAtmosResiDyn.jl/src/parameterized_tendencies/tagged_tracers/tagged_tracers.jl:590
┌ Warning: water tag closure residual 2.8027889731873942e-5 exceeds the configured tolerance 1.0e-10 at t = 3397.5 s. The tags no longer account for the field they partition; see output/a1_dt2p5/output_0000/water_tag_closure.csv.
└ @ ClimaAtmos ~/git/ClimaAtmosResiDyn.jl/src/parameterized_tendencies/tagged_tracers/tagged_tracers.jl:590
┌ Warning: water tag closure residual 2.8026598696648703e-5 exceeds the configured tolerance 1.0e-10 at t = 3400.0 s. The tags no longer account for the field they partition; see output/a1_dt2p5/output_0000/water_tag_closure.csv.
└ @ ClimaAtmos ~/git/ClimaAtmosResiDyn.jl/src/parameterized_tendencies/tagged_tracers/tagged_tracers.jl:590
┌ Warning: water tag closure residual 2.802530269492969e-5 exceeds the configured tolerance 1.0e-10 at t = 3402.5 s. The tags no longer account for the field they partition; see output/a1_dt2p5/output_0000/water_tag_closure.csv.
└ @ ClimaAtmos ~/git/ClimaAtmosResiDyn.jl/src/parameterized_tendencies/tagged_tracers/tagged_tracers.jl:590
┌ Warning: water tag closure residual 2.8024004441573748e-5 exceeds the configured tolerance 1.0e-10 at t = 3405.0 s. The tags no longer account for the field they partition; see output/a1_dt2p5/output_0000/water_tag_closure.csv.
└ @ ClimaAtmos ~/git/ClimaAtmosResiDyn.jl/src/parameterized_tendencies/tagged_tracers/tagged_tracers.jl:590
┌ Warning: water tag closure residual 2.8022709449066043e-5 exceeds the configured tolerance 1.0e-10 at t = 3407.5 s. The tags no longer account for the field they partition; see output/a1_dt2p5/output_0000/water_tag_closure.csv.
└ @ ClimaAtmos ~/git/ClimaAtmosResiDyn.jl/src/parameterized_tendencies/tagged_tracers/tagged_tracers.jl:590
┌ Warning: water tag closure residual 2.802141446913503e-5 exceeds the configured tolerance 1.0e-10 at t = 3410.0 s. The tags no longer account for the field they partition; see output/a1_dt2p5/output_0000/water_tag_closure.csv.
└ @ ClimaAtmos ~/git/ClimaAtmosResiDyn.jl/src/parameterized_tendencies/tagged_tracers/tagged_tracers.jl:590
┌ Warning: water tag closure residual 2.8020115649223633e-5 exceeds the configured tolerance 1.0e-10 at t = 3412.5 s. The tags no longer account for the field they partition; see output/a1_dt2p5/output_0000/water_tag_closure.csv.
└ @ ClimaAtmos ~/git/ClimaAtmosResiDyn.jl/src/parameterized_tendencies/tagged_tracers/tagged_tracers.jl:590
┌ Warning: water tag closure residual 2.8018816318014577e-5 exceeds the configured tolerance 1.0e-10 at t = 3415.0 s. The tags no longer account for the field they partition; see output/a1_dt2p5/output_0000/water_tag_closure.csv.
└ @ ClimaAtmos ~/git/ClimaAtmosResiDyn.jl/src/parameterized_tendencies/tagged_tracers/tagged_tracers.jl:590
┌ Warning: water tag closure residual 2.8017519010782905e-5 exceeds the configured tolerance 1.0e-10 at t = 3417.5 s. The tags no longer account for the field they partition; see output/a1_dt2p5/output_0000/water_tag_closure.csv.
└ @ ClimaAtmos ~/git/ClimaAtmosResiDyn.jl/src/parameterized_tendencies/tagged_tracers/tagged_tracers.jl:590
┌ Warning: water tag closure residual 2.8016220534918067e-5 exceeds the configured tolerance 1.0e-10 at t = 3420.0 s. The tags no longer account for the field they partition; see output/a1_dt2p5/output_0000/water_tag_closure.csv.
└ @ ClimaAtmos ~/git/ClimaAtmosResiDyn.jl/src/parameterized_tendencies/tagged_tracers/tagged_tracers.jl:590
┌ Warning: water tag closure residual 2.801491942942221e-5 exceeds the configured tolerance 1.0e-10 at t = 3422.5 s. The tags no longer account for the field they partition; see output/a1_dt2p5/output_0000/water_tag_closure.csv.
└ @ ClimaAtmos ~/git/ClimaAtmosResiDyn.jl/src/parameterized_tendencies/tagged_tracers/tagged_tracers.jl:590
┌ Warning: water tag closure residual 2.8013618557110708e-5 exceeds the configured tolerance 1.0e-10 at t = 3425.0 s. The tags no longer account for the field they partition; see output/a1_dt2p5/output_0000/water_tag_closure.csv.
└ @ ClimaAtmos ~/git/ClimaAtmosResiDyn.jl/src/parameterized_tendencies/tagged_tracers/tagged_tracers.jl:590
┌ Warning: water tag closure residual 2.801231857444409e-5 exceeds the configured tolerance 1.0e-10 at t = 3427.5 s. The tags no longer account for the field they partition; see output/a1_dt2p5/output_0000/water_tag_closure.csv.
└ @ ClimaAtmos ~/git/ClimaAtmosResiDyn.jl/src/parameterized_tendencies/tagged_tracers/tagged_tracers.jl:590
┌ Warning: water tag closure residual 2.801101703138577e-5 exceeds the configured tolerance 1.0e-10 at t = 3430.0 s. The tags no longer account for the field they partition; see output/a1_dt2p5/output_0000/water_tag_closure.csv.
└ @ ClimaAtmos ~/git/ClimaAtmosResiDyn.jl/src/parameterized_tendencies/tagged_tracers/tagged_tracers.jl:590
┌ Warning: water tag closure residual 2.80097138480246e-5 exceeds the configured tolerance 1.0e-10 at t = 3432.5 s. The tags no longer account for the field they partition; see output/a1_dt2p5/output_0000/water_tag_closure.csv.
└ @ ClimaAtmos ~/git/ClimaAtmosResiDyn.jl/src/parameterized_tendencies/tagged_tracers/tagged_tracers.jl:590
┌ Warning: water tag closure residual 2.8008411031149275e-5 exceeds the configured tolerance 1.0e-10 at t = 3435.0 s. The tags no longer account for the field they partition; see output/a1_dt2p5/output_0000/water_tag_closure.csv.
└ @ ClimaAtmos ~/git/ClimaAtmosResiDyn.jl/src/parameterized_tendencies/tagged_tracers/tagged_tracers.jl:590
┌ Warning: water tag closure residual 2.8007108271876946e-5 exceeds the configured tolerance 1.0e-10 at t = 3437.5 s. The tags no longer account for the field they partition; see output/a1_dt2p5/output_0000/water_tag_closure.csv.
└ @ ClimaAtmos ~/git/ClimaAtmosResiDyn.jl/src/parameterized_tendencies/tagged_tracers/tagged_tracers.jl:590
┌ Warning: water tag closure residual 2.8005803995594588e-5 exceeds the configured tolerance 1.0e-10 at t = 3440.0 s. The tags no longer account for the field they partition; see output/a1_dt2p5/output_0000/water_tag_closure.csv.
└ @ ClimaAtmos ~/git/ClimaAtmosResiDyn.jl/src/parameterized_tendencies/tagged_tracers/tagged_tracers.jl:590
┌ Warning: water tag closure residual 2.8004498745097794e-5 exceeds the configured tolerance 1.0e-10 at t = 3442.5 s. The tags no longer account for the field they partition; see output/a1_dt2p5/output_0000/water_tag_closure.csv.
└ @ ClimaAtmos ~/git/ClimaAtmosResiDyn.jl/src/parameterized_tendencies/tagged_tracers/tagged_tracers.jl:590
┌ Warning: water tag closure residual 2.800319369901137e-5 exceeds the configured tolerance 1.0e-10 at t = 3445.0 s. The tags no longer account for the field they partition; see output/a1_dt2p5/output_0000/water_tag_closure.csv.
└ @ ClimaAtmos ~/git/ClimaAtmosResiDyn.jl/src/parameterized_tendencies/tagged_tracers/tagged_tracers.jl:590
┌ Warning: water tag closure residual 2.800188819656647e-5 exceeds the configured tolerance 1.0e-10 at t = 3447.5 s. The tags no longer account for the field they partition; see output/a1_dt2p5/output_0000/water_tag_closure.csv.
└ @ ClimaAtmos ~/git/ClimaAtmosResiDyn.jl/src/parameterized_tendencies/tagged_tracers/tagged_tracers.jl:590
┌ Warning: water tag closure residual 2.8000581401389702e-5 exceeds the configured tolerance 1.0e-10 at t = 3450.0 s. The tags no longer account for the field they partition; see output/a1_dt2p5/output_0000/water_tag_closure.csv.
└ @ ClimaAtmos ~/git/ClimaAtmosResiDyn.jl/src/parameterized_tendencies/tagged_tracers/tagged_tracers.jl:590
┌ Warning: water tag closure residual 2.799927400548523e-5 exceeds the configured tolerance 1.0e-10 at t = 3452.5 s. The tags no longer account for the field they partition; see output/a1_dt2p5/output_0000/water_tag_closure.csv.
└ @ ClimaAtmos ~/git/ClimaAtmosResiDyn.jl/src/parameterized_tendencies/tagged_tracers/tagged_tracers.jl:590
┌ Warning: water tag closure residual 2.7997966559729538e-5 exceeds the configured tolerance 1.0e-10 at t = 3455.0 s. The tags no longer account for the field they partition; see output/a1_dt2p5/output_0000/water_tag_closure.csv.
└ @ ClimaAtmos ~/git/ClimaAtmosResiDyn.jl/src/parameterized_tendencies/tagged_tracers/tagged_tracers.jl:590
┌ Warning: water tag closure residual 2.799665839846244e-5 exceeds the configured tolerance 1.0e-10 at t = 3457.5 s. The tags no longer account for the field they partition; see output/a1_dt2p5/output_0000/water_tag_closure.csv.
└ @ ClimaAtmos ~/git/ClimaAtmosResiDyn.jl/src/parameterized_tendencies/tagged_tracers/tagged_tracers.jl:590
┌ Warning: water tag closure residual 2.7995357386245735e-5 exceeds the configured tolerance 1.0e-10 at t = 3460.0 s. The tags no longer account for the field they partition; see output/a1_dt2p5/output_0000/water_tag_closure.csv.
└ @ ClimaAtmos ~/git/ClimaAtmosResiDyn.jl/src/parameterized_tendencies/tagged_tracers/tagged_tracers.jl:590
┌ Warning: water tag closure residual 2.7994210912017614e-5 exceeds the configured tolerance 1.0e-10 at t = 3462.5 s. The tags no longer account for the field they partition; see output/a1_dt2p5/output_0000/water_tag_closure.csv.
└ @ ClimaAtmos ~/git/ClimaAtmosResiDyn.jl/src/parameterized_tendencies/tagged_tracers/tagged_tracers.jl:590
┌ Warning: water tag closure residual 2.799334924540205e-5 exceeds the configured tolerance 1.0e-10 at t = 3465.0 s. The tags no longer account for the field they partition; see output/a1_dt2p5/output_0000/water_tag_closure.csv.
└ @ ClimaAtmos ~/git/ClimaAtmosResiDyn.jl/src/parameterized_tendencies/tagged_tracers/tagged_tracers.jl:590
┌ Warning: water tag closure residual 2.7992276032157044e-5 exceeds the configured tolerance 1.0e-10 at t = 3467.5 s. The tags no longer account for the field they partition; see output/a1_dt2p5/output_0000/water_tag_closure.csv.
└ @ ClimaAtmos ~/git/ClimaAtmosResiDyn.jl/src/parameterized_tendencies/tagged_tracers/tagged_tracers.jl:590
┌ Warning: water tag closure residual 2.7991017401749313e-5 exceeds the configured tolerance 1.0e-10 at t = 3470.0 s. The tags no longer account for the field they partition; see output/a1_dt2p5/output_0000/water_tag_closure.csv.
└ @ ClimaAtmos ~/git/ClimaAtmosResiDyn.jl/src/parameterized_tendencies/tagged_tracers/tagged_tracers.jl:590
┌ Warning: water tag closure residual 2.7989963927756878e-5 exceeds the configured tolerance 1.0e-10 at t = 3472.5 s. The tags no longer account for the field they partition; see output/a1_dt2p5/output_0000/water_tag_closure.csv.
└ @ ClimaAtmos ~/git/ClimaAtmosResiDyn.jl/src/parameterized_tendencies/tagged_tracers/tagged_tracers.jl:590
┌ Info: Progress
│   simulation_time = "57 minutes, 52 seconds"
│   n_steps_completed = 1389
│   wall_time_per_step = "3 milliseconds, 941 microseconds"
│   wall_time_total = "5 seconds, 676 milliseconds"
│   wall_time_remaining = "201 milliseconds, 27 microseconds"
│   wall_time_spent = "5 seconds, 475 milliseconds"
│   percent_complete = "96.5%"
│   estimated_sypd = "1.736"
│   instantaneous_sypd = "2.032"
│   date_now = 2026-09-10T00:20:18.002
└   estimated_finish_date = 2026-09-10T00:20:19.002
┌ Warning: water tag closure residual 2.7989013069097256e-5 exceeds the configured tolerance 1.0e-10 at t = 3475.0 s. The tags no longer account for the field they partition; see output/a1_dt2p5/output_0000/water_tag_closure.csv.
└ @ ClimaAtmos ~/git/ClimaAtmosResiDyn.jl/src/parameterized_tendencies/tagged_tracers/tagged_tracers.jl:590
┌ Warning: water tag closure residual 2.7987876971256232e-5 exceeds the configured tolerance 1.0e-10 at t = 3477.5 s. The tags no longer account for the field they partition; see output/a1_dt2p5/output_0000/water_tag_closure.csv.
└ @ ClimaAtmos ~/git/ClimaAtmosResiDyn.jl/src/parameterized_tendencies/tagged_tracers/tagged_tracers.jl:590
┌ Warning: water tag closure residual 2.798668509012582e-5 exceeds the configured tolerance 1.0e-10 at t = 3480.0 s. The tags no longer account for the field they partition; see output/a1_dt2p5/output_0000/water_tag_closure.csv.
└ @ ClimaAtmos ~/git/ClimaAtmosResiDyn.jl/src/parameterized_tendencies/tagged_tracers/tagged_tracers.jl:590
┌ Warning: water tag closure residual 2.798565126864819e-5 exceeds the configured tolerance 1.0e-10 at t = 3482.5 s. The tags no longer account for the field they partition; see output/a1_dt2p5/output_0000/water_tag_closure.csv.
└ @ ClimaAtmos ~/git/ClimaAtmosResiDyn.jl/src/parameterized_tendencies/tagged_tracers/tagged_tracers.jl:590
┌ Warning: water tag closure residual 2.7984629305149236e-5 exceeds the configured tolerance 1.0e-10 at t = 3485.0 s. The tags no longer account for the field they partition; see output/a1_dt2p5/output_0000/water_tag_closure.csv.
└ @ ClimaAtmos ~/git/ClimaAtmosResiDyn.jl/src/parameterized_tendencies/tagged_tracers/tagged_tracers.jl:590
┌ Warning: water tag closure residual 2.7983471979094174e-5 exceeds the configured tolerance 1.0e-10 at t = 3487.5 s. The tags no longer account for the field they partition; see output/a1_dt2p5/output_0000/water_tag_closure.csv.
└ @ ClimaAtmos ~/git/ClimaAtmosResiDyn.jl/src/parameterized_tendencies/tagged_tracers/tagged_tracers.jl:590
┌ Warning: water tag closure residual 2.798232681039738e-5 exceeds the configured tolerance 1.0e-10 at t = 3490.0 s. The tags no longer account for the field they partition; see output/a1_dt2p5/output_0000/water_tag_closure.csv.
└ @ ClimaAtmos ~/git/ClimaAtmosResiDyn.jl/src/parameterized_tendencies/tagged_tracers/tagged_tracers.jl:590
┌ Warning: water tag closure residual 2.7981284960312456e-5 exceeds the configured tolerance 1.0e-10 at t = 3492.5 s. The tags no longer account for the field they partition; see output/a1_dt2p5/output_0000/water_tag_closure.csv.
└ @ ClimaAtmos ~/git/ClimaAtmosResiDyn.jl/src/parameterized_tendencies/tagged_tracers/tagged_tracers.jl:590
┌ Warning: water tag closure residual 2.7980210196012227e-5 exceeds the configured tolerance 1.0e-10 at t = 3495.0 s. The tags no longer account for the field they partition; see output/a1_dt2p5/output_0000/water_tag_closure.csv.
└ @ ClimaAtmos ~/git/ClimaAtmosResiDyn.jl/src/parameterized_tendencies/tagged_tracers/tagged_tracers.jl:590
┌ Warning: water tag closure residual 2.7979053337407073e-5 exceeds the configured tolerance 1.0e-10 at t = 3497.5 s. The tags no longer account for the field they partition; see output/a1_dt2p5/output_0000/water_tag_closure.csv.
└ @ ClimaAtmos ~/git/ClimaAtmosResiDyn.jl/src/parameterized_tendencies/tagged_tracers/tagged_tracers.jl:590
┌ Warning: water tag closure residual 2.7977934601187074e-5 exceeds the configured tolerance 1.0e-10 at t = 3500.0 s. The tags no longer account for the field they partition; see output/a1_dt2p5/output_0000/water_tag_closure.csv.
└ @ ClimaAtmos ~/git/ClimaAtmosResiDyn.jl/src/parameterized_tendencies/tagged_tracers/tagged_tracers.jl:590
┌ Warning: water tag closure residual 2.7976871496414017e-5 exceeds the configured tolerance 1.0e-10 at t = 3502.5 s. The tags no longer account for the field they partition; see output/a1_dt2p5/output_0000/water_tag_closure.csv.
└ @ ClimaAtmos ~/git/ClimaAtmosResiDyn.jl/src/parameterized_tendencies/tagged_tracers/tagged_tracers.jl:590
┌ Warning: water tag closure residual 2.7975762957056432e-5 exceeds the configured tolerance 1.0e-10 at t = 3505.0 s. The tags no longer account for the field they partition; see output/a1_dt2p5/output_0000/water_tag_closure.csv.
└ @ ClimaAtmos ~/git/ClimaAtmosResiDyn.jl/src/parameterized_tendencies/tagged_tracers/tagged_tracers.jl:590
┌ Warning: water tag closure residual 2.797461365173429e-5 exceeds the configured tolerance 1.0e-10 at t = 3507.5 s. The tags no longer account for the field they partition; see output/a1_dt2p5/output_0000/water_tag_closure.csv.
└ @ ClimaAtmos ~/git/ClimaAtmosResiDyn.jl/src/parameterized_tendencies/tagged_tracers/tagged_tracers.jl:590
┌ Warning: water tag closure residual 2.7973504884060772e-5 exceeds the configured tolerance 1.0e-10 at t = 3510.0 s. The tags no longer account for the field they partition; see output/a1_dt2p5/output_0000/water_tag_closure.csv.
└ @ ClimaAtmos ~/git/ClimaAtmosResiDyn.jl/src/parameterized_tendencies/tagged_tracers/tagged_tracers.jl:590
┌ Warning: water tag closure residual 2.797241771520953e-5 exceeds the configured tolerance 1.0e-10 at t = 3512.5 s. The tags no longer account for the field they partition; see output/a1_dt2p5/output_0000/water_tag_closure.csv.
└ @ ClimaAtmos ~/git/ClimaAtmosResiDyn.jl/src/parameterized_tendencies/tagged_tracers/tagged_tracers.jl:590
┌ Warning: water tag closure residual 2.797128953361692e-5 exceeds the configured tolerance 1.0e-10 at t = 3515.0 s. The tags no longer account for the field they partition; see output/a1_dt2p5/output_0000/water_tag_closure.csv.
└ @ ClimaAtmos ~/git/ClimaAtmosResiDyn.jl/src/parameterized_tendencies/tagged_tracers/tagged_tracers.jl:590
┌ Warning: water tag closure residual 2.7970147444046618e-5 exceeds the configured tolerance 1.0e-10 at t = 3517.5 s. The tags no longer account for the field they partition; see output/a1_dt2p5/output_0000/water_tag_closure.csv.
└ @ ClimaAtmos ~/git/ClimaAtmosResiDyn.jl/src/parameterized_tendencies/tagged_tracers/tagged_tracers.jl:590
┌ Warning: water tag closure residual 2.7969037321190415e-5 exceeds the configured tolerance 1.0e-10 at t = 3520.0 s. The tags no longer account for the field they partition; see output/a1_dt2p5/output_0000/water_tag_closure.csv.
└ @ ClimaAtmos ~/git/ClimaAtmosResiDyn.jl/src/parameterized_tendencies/tagged_tracers/tagged_tracers.jl:590
┌ Warning: water tag closure residual 2.7967928558548298e-5 exceeds the configured tolerance 1.0e-10 at t = 3522.5 s. The tags no longer account for the field they partition; see output/a1_dt2p5/output_0000/water_tag_closure.csv.
└ @ ClimaAtmos ~/git/ClimaAtmosResiDyn.jl/src/parameterized_tendencies/tagged_tracers/tagged_tracers.jl:590
┌ Warning: water tag closure residual 2.7966789560145437e-5 exceeds the configured tolerance 1.0e-10 at t = 3525.0 s. The tags no longer account for the field they partition; see output/a1_dt2p5/output_0000/water_tag_closure.csv.
└ @ ClimaAtmos ~/git/ClimaAtmosResiDyn.jl/src/parameterized_tendencies/tagged_tracers/tagged_tracers.jl:590
┌ Warning: water tag closure residual 2.7965651123186636e-5 exceeds the configured tolerance 1.0e-10 at t = 3527.5 s. The tags no longer account for the field they partition; see output/a1_dt2p5/output_0000/water_tag_closure.csv.
└ @ ClimaAtmos ~/git/ClimaAtmosResiDyn.jl/src/parameterized_tendencies/tagged_tracers/tagged_tracers.jl:590
┌ Warning: water tag closure residual 2.7964533206842112e-5 exceeds the configured tolerance 1.0e-10 at t = 3530.0 s. The tags no longer account for the field they partition; see output/a1_dt2p5/output_0000/water_tag_closure.csv.
└ @ ClimaAtmos ~/git/ClimaAtmosResiDyn.jl/src/parameterized_tendencies/tagged_tracers/tagged_tracers.jl:590
┌ Warning: water tag closure residual 2.7963407038698594e-5 exceeds the configured tolerance 1.0e-10 at t = 3532.5 s. The tags no longer account for the field they partition; see output/a1_dt2p5/output_0000/water_tag_closure.csv.
└ @ ClimaAtmos ~/git/ClimaAtmosResiDyn.jl/src/parameterized_tendencies/tagged_tracers/tagged_tracers.jl:590
┌ Warning: water tag closure residual 2.7962261759170984e-5 exceeds the configured tolerance 1.0e-10 at t = 3535.0 s. The tags no longer account for the field they partition; see output/a1_dt2p5/output_0000/water_tag_closure.csv.
└ @ ClimaAtmos ~/git/ClimaAtmosResiDyn.jl/src/parameterized_tendencies/tagged_tracers/tagged_tracers.jl:590
┌ Warning: water tag closure residual 2.7961122804727056e-5 exceeds the configured tolerance 1.0e-10 at t = 3537.5 s. The tags no longer account for the field they partition; see output/a1_dt2p5/output_0000/water_tag_closure.csv.
└ @ ClimaAtmos ~/git/ClimaAtmosResiDyn.jl/src/parameterized_tendencies/tagged_tracers/tagged_tracers.jl:590
┌ Warning: water tag closure residual 2.7959994266195486e-5 exceeds the configured tolerance 1.0e-10 at t = 3540.0 s. The tags no longer account for the field they partition; see output/a1_dt2p5/output_0000/water_tag_closure.csv.
└ @ ClimaAtmos ~/git/ClimaAtmosResiDyn.jl/src/parameterized_tendencies/tagged_tracers/tagged_tracers.jl:590
┌ Warning: water tag closure residual 2.795885469438835e-5 exceeds the configured tolerance 1.0e-10 at t = 3542.5 s. The tags no longer account for the field they partition; see output/a1_dt2p5/output_0000/water_tag_closure.csv.
└ @ ClimaAtmos ~/git/ClimaAtmosResiDyn.jl/src/parameterized_tendencies/tagged_tracers/tagged_tracers.jl:590
┌ Warning: water tag closure residual 2.795770477026804e-5 exceeds the configured tolerance 1.0e-10 at t = 3545.0 s. The tags no longer account for the field they partition; see output/a1_dt2p5/output_0000/water_tag_closure.csv.
└ @ ClimaAtmos ~/git/ClimaAtmosResiDyn.jl/src/parameterized_tendencies/tagged_tracers/tagged_tracers.jl:590
┌ Warning: water tag closure residual 2.795656181930506e-5 exceeds the configured tolerance 1.0e-10 at t = 3547.5 s. The tags no longer account for the field they partition; see output/a1_dt2p5/output_0000/water_tag_closure.csv.
└ @ ClimaAtmos ~/git/ClimaAtmosResiDyn.jl/src/parameterized_tendencies/tagged_tracers/tagged_tracers.jl:590
┌ Warning: water tag closure residual 2.7955422058749355e-5 exceeds the configured tolerance 1.0e-10 at t = 3550.0 s. The tags no longer account for the field they partition; see output/a1_dt2p5/output_0000/water_tag_closure.csv.
└ @ ClimaAtmos ~/git/ClimaAtmosResiDyn.jl/src/parameterized_tendencies/tagged_tracers/tagged_tracers.jl:590
┌ Warning: water tag closure residual 2.7954272106700294e-5 exceeds the configured tolerance 1.0e-10 at t = 3552.5 s. The tags no longer account for the field they partition; see output/a1_dt2p5/output_0000/water_tag_closure.csv.
└ @ ClimaAtmos ~/git/ClimaAtmosResiDyn.jl/src/parameterized_tendencies/tagged_tracers/tagged_tracers.jl:590
┌ Warning: water tag closure residual 2.795311754295439e-5 exceeds the configured tolerance 1.0e-10 at t = 3555.0 s. The tags no longer account for the field they partition; see output/a1_dt2p5/output_0000/water_tag_closure.csv.
└ @ ClimaAtmos ~/git/ClimaAtmosResiDyn.jl/src/parameterized_tendencies/tagged_tracers/tagged_tracers.jl:590
┌ Warning: water tag closure residual 2.795196821627587e-5 exceeds the configured tolerance 1.0e-10 at t = 3557.5 s. The tags no longer account for the field they partition; see output/a1_dt2p5/output_0000/water_tag_closure.csv.
└ @ ClimaAtmos ~/git/ClimaAtmosResiDyn.jl/src/parameterized_tendencies/tagged_tracers/tagged_tracers.jl:590
┌ Warning: water tag closure residual 2.7950817754759448e-5 exceeds the configured tolerance 1.0e-10 at t = 3560.0 s. The tags no longer account for the field they partition; see output/a1_dt2p5/output_0000/water_tag_closure.csv.
└ @ ClimaAtmos ~/git/ClimaAtmosResiDyn.jl/src/parameterized_tendencies/tagged_tracers/tagged_tracers.jl:590
┌ Warning: water tag closure residual 2.7949659341410015e-5 exceeds the configured tolerance 1.0e-10 at t = 3562.5 s. The tags no longer account for the field they partition; see output/a1_dt2p5/output_0000/water_tag_closure.csv.
└ @ ClimaAtmos ~/git/ClimaAtmosResiDyn.jl/src/parameterized_tendencies/tagged_tracers/tagged_tracers.jl:590
┌ Warning: water tag closure residual 2.7948499436656095e-5 exceeds the configured tolerance 1.0e-10 at t = 3565.0 s. The tags no longer account for the field they partition; see output/a1_dt2p5/output_0000/water_tag_closure.csv.
└ @ ClimaAtmos ~/git/ClimaAtmosResiDyn.jl/src/parameterized_tendencies/tagged_tracers/tagged_tracers.jl:590
┌ Warning: water tag closure residual 2.7947342384967815e-5 exceeds the configured tolerance 1.0e-10 at t = 3567.5 s. The tags no longer account for the field they partition; see output/a1_dt2p5/output_0000/water_tag_closure.csv.
└ @ ClimaAtmos ~/git/ClimaAtmosResiDyn.jl/src/parameterized_tendencies/tagged_tracers/tagged_tracers.jl:590
┌ Warning: water tag closure residual 2.794618212521518e-5 exceeds the configured tolerance 1.0e-10 at t = 3570.0 s. The tags no longer account for the field they partition; see output/a1_dt2p5/output_0000/water_tag_closure.csv.
└ @ ClimaAtmos ~/git/ClimaAtmosResiDyn.jl/src/parameterized_tendencies/tagged_tracers/tagged_tracers.jl:590
┌ Warning: water tag closure residual 2.7945016259763793e-5 exceeds the configured tolerance 1.0e-10 at t = 3572.5 s. The tags no longer account for the field they partition; see output/a1_dt2p5/output_0000/water_tag_closure.csv.
└ @ ClimaAtmos ~/git/ClimaAtmosResiDyn.jl/src/parameterized_tendencies/tagged_tracers/tagged_tracers.jl:590
┌ Warning: water tag closure residual 2.7943850171384965e-5 exceeds the configured tolerance 1.0e-10 at t = 3575.0 s. The tags no longer account for the field they partition; see output/a1_dt2p5/output_0000/water_tag_closure.csv.
└ @ ClimaAtmos ~/git/ClimaAtmosResiDyn.jl/src/parameterized_tendencies/tagged_tracers/tagged_tracers.jl:590
┌ Warning: water tag closure residual 2.7942684810592288e-5 exceeds the configured tolerance 1.0e-10 at t = 3577.5 s. The tags no longer account for the field they partition; see output/a1_dt2p5/output_0000/water_tag_closure.csv.
└ @ ClimaAtmos ~/git/ClimaAtmosResiDyn.jl/src/parameterized_tendencies/tagged_tracers/tagged_tracers.jl:590
┌ Warning: water tag closure residual 2.7944034237618226e-5 exceeds the configured tolerance 1.0e-10 at t = 3580.0 s. The tags no longer account for the field they partition; see output/a1_dt2p5/output_0000/water_tag_closure.csv.
└ @ ClimaAtmos ~/git/ClimaAtmosResiDyn.jl/src/parameterized_tendencies/tagged_tracers/tagged_tracers.jl:590
┌ Warning: water tag closure residual 2.7947130922951183e-5 exceeds the configured tolerance 1.0e-10 at t = 3582.5 s. The tags no longer account for the field they partition; see output/a1_dt2p5/output_0000/water_tag_closure.csv.
└ @ ClimaAtmos ~/git/ClimaAtmosResiDyn.jl/src/parameterized_tendencies/tagged_tracers/tagged_tracers.jl:590
┌ Warning: water tag closure residual 2.7950222849246e-5 exceeds the configured tolerance 1.0e-10 at t = 3585.0 s. The tags no longer account for the field they partition; see output/a1_dt2p5/output_0000/water_tag_closure.csv.
└ @ ClimaAtmos ~/git/ClimaAtmosResiDyn.jl/src/parameterized_tendencies/tagged_tracers/tagged_tracers.jl:590
┌ Warning: water tag closure residual 2.7953310125917417e-5 exceeds the configured tolerance 1.0e-10 at t = 3587.5 s. The tags no longer account for the field they partition; see output/a1_dt2p5/output_0000/water_tag_closure.csv.
└ @ ClimaAtmos ~/git/ClimaAtmosResiDyn.jl/src/parameterized_tendencies/tagged_tracers/tagged_tracers.jl:590
┌ Warning: water tag closure residual 2.7956393526392118e-5 exceeds the configured tolerance 1.0e-10 at t = 3590.0 s. The tags no longer account for the field they partition; see output/a1_dt2p5/output_0000/water_tag_closure.csv.
└ @ ClimaAtmos ~/git/ClimaAtmosResiDyn.jl/src/parameterized_tendencies/tagged_tracers/tagged_tracers.jl:590
┌ Warning: water tag closure residual 2.7959472822552776e-5 exceeds the configured tolerance 1.0e-10 at t = 3592.5 s. The tags no longer account for the field they partition; see output/a1_dt2p5/output_0000/water_tag_closure.csv.
└ @ ClimaAtmos ~/git/ClimaAtmosResiDyn.jl/src/parameterized_tendencies/tagged_tracers/tagged_tracers.jl:590
┌ Warning: water tag closure residual 2.7962547435028262e-5 exceeds the configured tolerance 1.0e-10 at t = 3595.0 s. The tags no longer account for the field they partition; see output/a1_dt2p5/output_0000/water_tag_closure.csv.
└ @ ClimaAtmos ~/git/ClimaAtmosResiDyn.jl/src/parameterized_tendencies/tagged_tracers/tagged_tracers.jl:590
┌ Warning: water tag closure residual 2.7965617659349706e-5 exceeds the configured tolerance 1.0e-10 at t = 3597.5 s. The tags no longer account for the field they partition; see output/a1_dt2p5/output_0000/water_tag_closure.csv.
└ @ ClimaAtmos ~/git/ClimaAtmosResiDyn.jl/src/parameterized_tendencies/tagged_tracers/tagged_tracers.jl:590
┌ Warning: water tag closure residual 2.7968683916382806e-5 exceeds the configured tolerance 1.0e-10 at t = 3600.0 s. The tags no longer account for the field they partition; see output/a1_dt2p5/output_0000/water_tag_closure.csv.
└ @ ClimaAtmos ~/git/ClimaAtmosResiDyn.jl/src/parameterized_tendencies/tagged_tracers/tagged_tracers.jl:590
[ Info: solve! walltime = 5.659
[ Info: sypd: 1.743
[ Info: wall_time_per_timestep: 3 milliseconds, 929 microseconds
[ Info: Memory currently used (after solve!) by the process (RSS): 4.13 GiB
┌ Info: Tag-closure run finished
│   simulation.job_id = "a1_dt2p5"
└   result.ret_code = :success
┌ Info: Where it went
│   config = "/home/b/b309159/git/ClimaAtmosResiDyn.jl/experiments/tag_closure/configs/a1_dt2p5.yml"
└   simulation.output_dir = "output/a1_dt2p5/output_0000"
┌ Info: water tag closure (1441 rows)
│   columns: time,total,tagged,residual,relative,gross_residual,gross_relative,scale,nonpositive_fraction
│   first:   0.0,11.572872709327106,11.572872709327104,1.7763568394002505e-15,1.5349316319435567e-16,3.1251792600821884e-16,2.700435180249986e-17,11.572872709327106,0.0
│   last:    3600.0,11.513873832841993,11.51386201964713,1.181319486320831e-5,1.0259965529162338e-6,0.0003220278978838687,2.7968683916382806e-5,11.513873832841993,0.0
└   path = "output/a1_dt2p5/output_0000/water_tag_closure.csv"
