┌ Info: Making AtmosConfig with config files: 
│    config/default_configs/default_config.yml
└    experiments/tag_closure/configs/a5_sphere_limiter.yml
┌ Info: numerics 
│        `energy_q_tot_upwinding`::`Val{:vanleer_limiter}`
│              `tracer_upwinding`::`Val{:vanleer_limiter}`
│     `edmfx_mse_q_tot_upwinding`::`Val{:first_order}`
│       `edmfx_sgsflux_upwinding`::`Val{:none}`
│        `edmfx_tracer_upwinding`::`Val{:first_order}`
│       `test_dycore_consistency`::`Nothing`
│          `reproducible_restart`::`Nothing`
│                       `limiter`::`ClimaAtmos.QuasiMonotoneLimiter`
│                     `diff_mode`::`ClimaAtmos.Explicit`
└                     `hyperdiff`::`ClimaAtmos.Hyperdiffusion{Float64}`
┌ Info: AtmosModel: 
│ 
│                             `water`::`ClimaAtmos.AtmosWater{ClimaAtmos.EquilibriumMicrophysics0M, ClimaAtmos.QuadratureCloud, ClimaAtmos.Implicit, Nothing, ClimaAtmos.SGSQuadrature{3, StaticArraysCore.SVector{3, Float64}, StaticArraysCore.SVector{3, Float64}, ClimaAtmos.GaussianSGS, Float64}, ClimaAtmos.FixedTerminalVelocity, ClimaAtmos.FixedTerminalVelocity, ClimaAtmos.DiagnosticTerminalVelocity, ClimaAtmos.FixedTerminalVelocity}`
│                         `scm_setup`::`ClimaAtmos.SCMSetup{Nothing, Nothing, Nothing, Bool, Nothing}`
│                         `radiation`::`ClimaAtmos.AtmosRadiation{Nothing, ClimaAtmos.IdealizedInsolation}`
│                          `turbconv`::`ClimaAtmos.AtmosTurbconv{ClimaAtmos.EDMFXModel{ClimaAtmos.InvZEntrainment, ClimaAtmos.BuoyancyVelocityDetrainment, Val{false}, Val{false}, Val{false}, Val{false}, Val{false}, Val{false}, Val{false}, ClimaAtmos.SmoothMinimumBlending}, Nothing, Nothing, Nothing, Nothing}`
│                   `prescribed_flow`::`Nothing`
│                      `gravity_wave`::`ClimaAtmos.AtmosGravityWave{Nothing, Nothing}`
│                `vertical_diffusion`::`Nothing`
│                            `sponge`::`ClimaAtmos.AtmosSponge{Nothing, Nothing}`
│                           `surface`::`ClimaAtmos.AtmosSurface{ClimaAtmos.SurfaceConditions.ExchangeCoefficients{Float64}, ClimaAtmos.SurfaceConditions.AnalyticTemperature{typeof(ClimaAtmos.Setups.zonally_symmetric_temperature)}, ClimaAtmos.SurfaceConditions.SurfaceBoundaryOverrides{Nothing, Nothing, Nothing, Nothing, Nothing, Nothing}, ClimaAtmos.ConstantAlbedo{Float64}}`
│                          `numerics`::`ClimaAtmos.AtmosNumerics{Val{:vanleer_limiter}, Val{:vanleer_limiter}, Val{:first_order}, Val{:none}, Val{:first_order}, Nothing, Nothing, ClimaAtmos.QuasiMonotoneLimiter, ClimaAtmos.Explicit, ClimaAtmos.Hyperdiffusion{Float64}}`
│                         `chemistry`::`ClimaAtmos.AtmosChem{Nothing}`
│                           `tagging`::`ClimaAtmos.AtmosTagging{Nothing, ClimaAtmos.WaterTaggingModel{Tuple{ClimaAtmos.WaterTag{:tropics, ClimaAtmos.TanhLatitudeRegion{Float64}, Tuple{}}, ClimaAtmos.WaterTag{:extratropics, ClimaAtmos.TanhLatitudeRegion{Float64}, Tuple{}}, ClimaAtmos.WaterTag{:evap, Nothing, Tuple{Symbol}}}}, Nothing, Nothing, Nothing}`
└                              `cosp`::`Nothing`
[ Info: Single-process ClimaAtmos run on CPUSingleThreaded
[ Info: Using ODE config: `ClimaTimeSteppers.ARS343`
[ Info: Initialized state (52.394 ms, 1.68 MiB)
[ Info: Built cache (33.472 s, 8.66 GiB)
[ Info: Assembled callbacks (289.098 ms, 31.75 MiB)
┌ Info: Jacobian algorithm: ManualSparseJacobian(
│   approximate_solve_iters = 1,
└ )
[ Info: Jacobian derivative flags: topography_flag = IgnoreDerivative, diffusion_flag = IgnoreDerivative
[ Info: Built tendency function (879.472 ms, 33.1 MiB)
[ Info: Initialized integrator (20.938 s, 3.39 GiB)
[ Info: Added 7 user-provided YAML-style diagnostics
[ Info: Set up diagnostics (8.261 s, 616.95 MiB)
[ Info: Initialized 7 total diagnostics
┌ Info: Simulation info
│   job_id = "a5_sphere_limiter"
└   output_dir = "output/a5_sphere_limiter/output_0001"
┌ Info: Running
│   job_id = "a5_sphere_limiter"
│   output_dir = "output/a5_sphere_limiter/output_0001"
└   tspan = (0.0 seconds (2010-01-01T00:00:00) [counter = 0, period = 1 second, epoch = 2010-01-01T00:00:00], 86400.0 seconds (2010-01-02T00:00:00) [counter = 86400, period = 1 second, epoch = 2010-01-01T00:00:00])
┌ Warning: Limiter convergence stats:
│      `n_times_unconverged = 0`
│      `max_rel_err = 0.0`
│      `min_tracer_mass = Inf`
│ Use `warn = false` in `Limiters.apply_limiter!` to suppress this message.
└ @ ClimaCore.Limiters ~/.julia/depots/levante-cpu/packages/ClimaCore/CYDDz/src/Limiters/quasimonotone.jl:383
┌ Warning: Limiter convergence stats:
│      `n_times_unconverged = 0`
│      `max_rel_err = 0.0`
│      `min_tracer_mass = Inf`
│ Use `warn = false` in `Limiters.apply_limiter!` to suppress this message.
└ @ ClimaCore.Limiters ~/.julia/depots/levante-cpu/packages/ClimaCore/CYDDz/src/Limiters/quasimonotone.jl:383
┌ Warning: Limiter convergence stats:
│      `n_times_unconverged = 0`
│      `max_rel_err = 0.0`
│      `min_tracer_mass = Inf`
│ Use `warn = false` in `Limiters.apply_limiter!` to suppress this message.
└ @ ClimaCore.Limiters ~/.julia/depots/levante-cpu/packages/ClimaCore/CYDDz/src/Limiters/quasimonotone.jl:383
┌ Warning: Limiter convergence stats:
│      `n_times_unconverged = 0`
│      `max_rel_err = 0.0`
│      `min_tracer_mass = Inf`
│ Use `warn = false` in `Limiters.apply_limiter!` to suppress this message.
└ @ ClimaCore.Limiters ~/.julia/depots/levante-cpu/packages/ClimaCore/CYDDz/src/Limiters/quasimonotone.jl:383
┌ Info: Progress
│   simulation_time = "5 minutes"
│   n_steps_completed = 1
│   wall_time_per_step = "0 seconds"
│   wall_time_total = "0 seconds"
│   wall_time_remaining = "0 seconds"
│   wall_time_spent = "0 seconds"
│   percent_complete = "0.3%"
│   estimated_sypd = "Inf"
│   instantaneous_sypd = "0.0 (sdpd_estimate = 0.0)"
│   date_now = 2026-09-10T10:06:50.389
└   estimated_finish_date = 2026-09-10T10:06:50.389
┌ Warning: Limiter convergence stats:
│      `n_times_unconverged = 0`
│      `max_rel_err = 0.0`
│      `min_tracer_mass = Inf`
│ Use `warn = false` in `Limiters.apply_limiter!` to suppress this message.
└ @ ClimaCore.Limiters ~/.julia/depots/levante-cpu/packages/ClimaCore/CYDDz/src/Limiters/quasimonotone.jl:383
┌ Warning: Limiter convergence stats:
│      `n_times_unconverged = 0`
│      `max_rel_err = 0.0`
│      `min_tracer_mass = Inf`
│ Use `warn = false` in `Limiters.apply_limiter!` to suppress this message.
└ @ ClimaCore.Limiters ~/.julia/depots/levante-cpu/packages/ClimaCore/CYDDz/src/Limiters/quasimonotone.jl:383
┌ Warning: Limiter convergence stats:
│      `n_times_unconverged = 0`
│      `max_rel_err = 0.0`
│      `min_tracer_mass = Inf`
│ Use `warn = false` in `Limiters.apply_limiter!` to suppress this message.
└ @ ClimaCore.Limiters ~/.julia/depots/levante-cpu/packages/ClimaCore/CYDDz/src/Limiters/quasimonotone.jl:383
┌ Warning: Limiter convergence stats:
│      `n_times_unconverged = 0`
│      `max_rel_err = 0.0`
│      `min_tracer_mass = Inf`
│ Use `warn = false` in `Limiters.apply_limiter!` to suppress this message.
└ @ ClimaCore.Limiters ~/.julia/depots/levante-cpu/packages/ClimaCore/CYDDz/src/Limiters/quasimonotone.jl:383
┌ Info: Progress
│   simulation_time = "10 minutes"
│   n_steps_completed = 2
│   wall_time_per_step = "0 seconds"
│   wall_time_total = "0 seconds"
│   wall_time_remaining = "0 seconds"
│   wall_time_spent = "0 seconds"
│   percent_complete = "0.7%"
│   estimated_sypd = "Inf"
│   instantaneous_sypd = "0.493"
│   date_now = 2026-09-10T10:06:52.001
└   estimated_finish_date = 2026-09-10T10:06:52.001
┌ Warning: Limiter convergence stats:
│      `n_times_unconverged = 0`
│      `max_rel_err = 0.0`
│      `min_tracer_mass = Inf`
│ Use `warn = false` in `Limiters.apply_limiter!` to suppress this message.
└ @ ClimaCore.Limiters ~/.julia/depots/levante-cpu/packages/ClimaCore/CYDDz/src/Limiters/quasimonotone.jl:383
┌ Warning: Limiter convergence stats:
│      `n_times_unconverged = 0`
│      `max_rel_err = 0.0`
│      `min_tracer_mass = Inf`
│ Use `warn = false` in `Limiters.apply_limiter!` to suppress this message.
└ @ ClimaCore.Limiters ~/.julia/depots/levante-cpu/packages/ClimaCore/CYDDz/src/Limiters/quasimonotone.jl:383
┌ Warning: Limiter convergence stats:
│      `n_times_unconverged = 0`
│      `max_rel_err = 0.0`
│      `min_tracer_mass = Inf`
│ Use `warn = false` in `Limiters.apply_limiter!` to suppress this message.
└ @ ClimaCore.Limiters ~/.julia/depots/levante-cpu/packages/ClimaCore/CYDDz/src/Limiters/quasimonotone.jl:383
┌ Warning: Limiter convergence stats:
│      `n_times_unconverged = 0`
│      `max_rel_err = 0.0`
│      `min_tracer_mass = Inf`
│ Use `warn = false` in `Limiters.apply_limiter!` to suppress this message.
└ @ ClimaCore.Limiters ~/.julia/depots/levante-cpu/packages/ClimaCore/CYDDz/src/Limiters/quasimonotone.jl:383
┌ Warning: Limiter convergence stats:
│      `n_times_unconverged = 0`
│      `max_rel_err = 0.0`
│      `min_tracer_mass = Inf`
│ Use `warn = false` in `Limiters.apply_limiter!` to suppress this message.
└ @ ClimaCore.Limiters ~/.julia/depots/levante-cpu/packages/ClimaCore/CYDDz/src/Limiters/quasimonotone.jl:383
┌ Warning: Limiter convergence stats:
│      `n_times_unconverged = 0`
│      `max_rel_err = 0.0`
│      `min_tracer_mass = Inf`
│ Use `warn = false` in `Limiters.apply_limiter!` to suppress this message.
└ @ ClimaCore.Limiters ~/.julia/depots/levante-cpu/packages/ClimaCore/CYDDz/src/Limiters/quasimonotone.jl:383
┌ Warning: Limiter convergence stats:
│      `n_times_unconverged = 0`
│      `max_rel_err = 0.0`
│      `min_tracer_mass = Inf`
│ Use `warn = false` in `Limiters.apply_limiter!` to suppress this message.
└ @ ClimaCore.Limiters ~/.julia/depots/levante-cpu/packages/ClimaCore/CYDDz/src/Limiters/quasimonotone.jl:383
┌ Warning: Limiter convergence stats:
│      `n_times_unconverged = 0`
│      `max_rel_err = 0.0`
│      `min_tracer_mass = Inf`
│ Use `warn = false` in `Limiters.apply_limiter!` to suppress this message.
└ @ ClimaCore.Limiters ~/.julia/depots/levante-cpu/packages/ClimaCore/CYDDz/src/Limiters/quasimonotone.jl:383
┌ Info: Progress
│   simulation_time = "20 minutes"
│   n_steps_completed = 4
│   wall_time_per_step = "450 milliseconds, 742 microseconds"
│   wall_time_total = "2 minutes, 9 seconds"
│   wall_time_remaining = "2 minutes, 8 seconds"
│   wall_time_spent = "1 second, 802 milliseconds"
│   percent_complete = "1.4%"
│   estimated_sypd = "1.822"
│   instantaneous_sypd = "1.822"
│   date_now = 2026-09-10T10:06:53.094
└   estimated_finish_date = 2026-09-10T10:09:02.093
┌ Warning: Limiter convergence stats:
│      `n_times_unconverged = 0`
│      `max_rel_err = 0.0`
│      `min_tracer_mass = Inf`
│ Use `warn = false` in `Limiters.apply_limiter!` to suppress this message.
└ @ ClimaCore.Limiters ~/.julia/depots/levante-cpu/packages/ClimaCore/CYDDz/src/Limiters/quasimonotone.jl:383
┌ Warning: Limiter convergence stats:
│      `n_times_unconverged = 0`
│      `max_rel_err = 0.0`
│      `min_tracer_mass = Inf`
│ Use `warn = false` in `Limiters.apply_limiter!` to suppress this message.
└ @ ClimaCore.Limiters ~/.julia/depots/levante-cpu/packages/ClimaCore/CYDDz/src/Limiters/quasimonotone.jl:383
┌ Warning: Limiter convergence stats:
│      `n_times_unconverged = 0`
│      `max_rel_err = 0.0`
│      `min_tracer_mass = Inf`
│ Use `warn = false` in `Limiters.apply_limiter!` to suppress this message.
└ @ ClimaCore.Limiters ~/.julia/depots/levante-cpu/packages/ClimaCore/CYDDz/src/Limiters/quasimonotone.jl:383
┌ Warning: Limiter convergence stats:
│      `n_times_unconverged = 0`
│      `max_rel_err = 0.0`
│      `min_tracer_mass = Inf`
│ Use `warn = false` in `Limiters.apply_limiter!` to suppress this message.
└ @ ClimaCore.Limiters ~/.julia/depots/levante-cpu/packages/ClimaCore/CYDDz/src/Limiters/quasimonotone.jl:383
┌ Warning: Limiter convergence stats:
│      `n_times_unconverged = 0`
│      `max_rel_err = 0.0`
│      `min_tracer_mass = Inf`
│ Use `warn = false` in `Limiters.apply_limiter!` to suppress this message.
└ @ ClimaCore.Limiters ~/.julia/depots/levante-cpu/packages/ClimaCore/CYDDz/src/Limiters/quasimonotone.jl:383
┌ Warning: Limiter convergence stats:
│      `n_times_unconverged = 0`
│      `max_rel_err = 0.0`
│      `min_tracer_mass = Inf`
│ Use `warn = false` in `Limiters.apply_limiter!` to suppress this message.
└ @ ClimaCore.Limiters ~/.julia/depots/levante-cpu/packages/ClimaCore/CYDDz/src/Limiters/quasimonotone.jl:383
┌ Warning: Limiter convergence stats:
│      `n_times_unconverged = 0`
│      `max_rel_err = 0.0`
│      `min_tracer_mass = Inf`
│ Use `warn = false` in `Limiters.apply_limiter!` to suppress this message.
└ @ ClimaCore.Limiters ~/.julia/depots/levante-cpu/packages/ClimaCore/CYDDz/src/Limiters/quasimonotone.jl:383
┌ Warning: Limiter convergence stats:
│      `n_times_unconverged = 0`
│      `max_rel_err = 0.0`
│      `min_tracer_mass = Inf`
│ Use `warn = false` in `Limiters.apply_limiter!` to suppress this message.
└ @ ClimaCore.Limiters ~/.julia/depots/levante-cpu/packages/ClimaCore/CYDDz/src/Limiters/quasimonotone.jl:383
┌ Warning: Limiter convergence stats:
│      `n_times_unconverged = 0`
│      `max_rel_err = 0.0`
│      `min_tracer_mass = Inf`
│ Use `warn = false` in `Limiters.apply_limiter!` to suppress this message.
└ @ ClimaCore.Limiters ~/.julia/depots/levante-cpu/packages/ClimaCore/CYDDz/src/Limiters/quasimonotone.jl:383
┌ Warning: Limiter convergence stats:
│      `n_times_unconverged = 0`
│      `max_rel_err = 0.0`
│      `min_tracer_mass = Inf`
│ Use `warn = false` in `Limiters.apply_limiter!` to suppress this message.
└ @ ClimaCore.Limiters ~/.julia/depots/levante-cpu/packages/ClimaCore/CYDDz/src/Limiters/quasimonotone.jl:383
┌ Warning: Limiter convergence stats:
│      `n_times_unconverged = 0`
│      `max_rel_err = 0.0`
│      `min_tracer_mass = Inf`
│ Use `warn = false` in `Limiters.apply_limiter!` to suppress this message.
└ @ ClimaCore.Limiters ~/.julia/depots/levante-cpu/packages/ClimaCore/CYDDz/src/Limiters/quasimonotone.jl:383
┌ Warning: Limiter convergence stats:
│      `n_times_unconverged = 0`
│      `max_rel_err = 0.0`
│      `min_tracer_mass = Inf`
│ Use `warn = false` in `Limiters.apply_limiter!` to suppress this message.
└ @ ClimaCore.Limiters ~/.julia/depots/levante-cpu/packages/ClimaCore/CYDDz/src/Limiters/quasimonotone.jl:383
┌ Warning: Limiter convergence stats:
│      `n_times_unconverged = 0`
│      `max_rel_err = 0.0`
│      `min_tracer_mass = Inf`
│ Use `warn = false` in `Limiters.apply_limiter!` to suppress this message.
└ @ ClimaCore.Limiters ~/.julia/depots/levante-cpu/packages/ClimaCore/CYDDz/src/Limiters/quasimonotone.jl:383
┌ Warning: Limiter convergence stats:
│      `n_times_unconverged = 0`
│      `max_rel_err = 0.0`
│      `min_tracer_mass = Inf`
│ Use `warn = false` in `Limiters.apply_limiter!` to suppress this message.
└ @ ClimaCore.Limiters ~/.julia/depots/levante-cpu/packages/ClimaCore/CYDDz/src/Limiters/quasimonotone.jl:383
┌ Warning: Limiter convergence stats:
│      `n_times_unconverged = 0`
│      `max_rel_err = 0.0`
│      `min_tracer_mass = Inf`
│ Use `warn = false` in `Limiters.apply_limiter!` to suppress this message.
└ @ ClimaCore.Limiters ~/.julia/depots/levante-cpu/packages/ClimaCore/CYDDz/src/Limiters/quasimonotone.jl:383
┌ Warning: Limiter convergence stats:
│      `n_times_unconverged = 0`
│      `max_rel_err = 0.0`
│      `min_tracer_mass = Inf`
│ Use `warn = false` in `Limiters.apply_limiter!` to suppress this message.
└ @ ClimaCore.Limiters ~/.julia/depots/levante-cpu/packages/ClimaCore/CYDDz/src/Limiters/quasimonotone.jl:383
┌ Info: Progress
│   simulation_time = "40 minutes"
│   n_steps_completed = 8
│   wall_time_per_step = "474 milliseconds, 547 microseconds"
│   wall_time_total = "2 minutes, 16 seconds"
│   wall_time_remaining = "2 minutes, 12 seconds"
│   wall_time_spent = "3 seconds, 796 milliseconds"
│   percent_complete = "2.8%"
│   estimated_sypd = "1.731"
│   instantaneous_sypd = "1.648"
│   date_now = 2026-09-10T10:06:54.896
└   estimated_finish_date = 2026-09-10T10:09:07.896
┌ Warning: Limiter convergence stats:
│      `n_times_unconverged = 0`
│      `max_rel_err = 0.0`
│      `min_tracer_mass = Inf`
│ Use `warn = false` in `Limiters.apply_limiter!` to suppress this message.
└ @ ClimaCore.Limiters ~/.julia/depots/levante-cpu/packages/ClimaCore/CYDDz/src/Limiters/quasimonotone.jl:383
┌ Warning: Limiter convergence stats:
│      `n_times_unconverged = 0`
│      `max_rel_err = 0.0`
│      `min_tracer_mass = Inf`
│ Use `warn = false` in `Limiters.apply_limiter!` to suppress this message.
└ @ ClimaCore.Limiters ~/.julia/depots/levante-cpu/packages/ClimaCore/CYDDz/src/Limiters/quasimonotone.jl:383
┌ Warning: Limiter convergence stats:
│      `n_times_unconverged = 0`
│      `max_rel_err = 0.0`
│      `min_tracer_mass = Inf`
│ Use `warn = false` in `Limiters.apply_limiter!` to suppress this message.
└ @ ClimaCore.Limiters ~/.julia/depots/levante-cpu/packages/ClimaCore/CYDDz/src/Limiters/quasimonotone.jl:383
┌ Warning: Limiter convergence stats:
│      `n_times_unconverged = 0`
│      `max_rel_err = 0.0`
│      `min_tracer_mass = Inf`
│ Use `warn = false` in `Limiters.apply_limiter!` to suppress this message.
└ @ ClimaCore.Limiters ~/.julia/depots/levante-cpu/packages/ClimaCore/CYDDz/src/Limiters/quasimonotone.jl:383
┌ Warning: Limiter convergence stats:
│      `n_times_unconverged = 0`
│      `max_rel_err = 0.0`
│      `min_tracer_mass = Inf`
│ Use `warn = false` in `Limiters.apply_limiter!` to suppress this message.
└ @ ClimaCore.Limiters ~/.julia/depots/levante-cpu/packages/ClimaCore/CYDDz/src/Limiters/quasimonotone.jl:383
┌ Warning: Limiter convergence stats:
│      `n_times_unconverged = 0`
│      `max_rel_err = 0.0`
│      `min_tracer_mass = Inf`
│ Use `warn = false` in `Limiters.apply_limiter!` to suppress this message.
└ @ ClimaCore.Limiters ~/.julia/depots/levante-cpu/packages/ClimaCore/CYDDz/src/Limiters/quasimonotone.jl:383
┌ Warning: Limiter convergence stats:
│      `n_times_unconverged = 0`
│      `max_rel_err = 0.0`
│      `min_tracer_mass = Inf`
│ Use `warn = false` in `Limiters.apply_limiter!` to suppress this message.
└ @ ClimaCore.Limiters ~/.julia/depots/levante-cpu/packages/ClimaCore/CYDDz/src/Limiters/quasimonotone.jl:383
┌ Warning: Limiter convergence stats:
│      `n_times_unconverged = 0`
│      `max_rel_err = 0.0`
│      `min_tracer_mass = Inf`
│ Use `warn = false` in `Limiters.apply_limiter!` to suppress this message.
└ @ ClimaCore.Limiters ~/.julia/depots/levante-cpu/packages/ClimaCore/CYDDz/src/Limiters/quasimonotone.jl:383
┌ Warning: Limiter convergence stats:
│      `n_times_unconverged = 0`
│      `max_rel_err = 0.0`
│      `min_tracer_mass = Inf`
│ Use `warn = false` in `Limiters.apply_limiter!` to suppress this message.
└ @ ClimaCore.Limiters ~/.julia/depots/levante-cpu/packages/ClimaCore/CYDDz/src/Limiters/quasimonotone.jl:383
┌ Warning: Limiter convergence stats:
│      `n_times_unconverged = 0`
│      `max_rel_err = 0.0`
│      `min_tracer_mass = Inf`
│ Use `warn = false` in `Limiters.apply_limiter!` to suppress this message.
└ @ ClimaCore.Limiters ~/.julia/depots/levante-cpu/packages/ClimaCore/CYDDz/src/Limiters/quasimonotone.jl:383
┌ Warning: Limiter convergence stats:
│      `n_times_unconverged = 0`
│      `max_rel_err = 0.0`
│      `min_tracer_mass = Inf`
│ Use `warn = false` in `Limiters.apply_limiter!` to suppress this message.
└ @ ClimaCore.Limiters ~/.julia/depots/levante-cpu/packages/ClimaCore/CYDDz/src/Limiters/quasimonotone.jl:383
┌ Warning: Limiter convergence stats:
│      `n_times_unconverged = 0`
│      `max_rel_err = 0.0`
│      `min_tracer_mass = Inf`
│ Use `warn = false` in `Limiters.apply_limiter!` to suppress this message.
└ @ ClimaCore.Limiters ~/.julia/depots/levante-cpu/packages/ClimaCore/CYDDz/src/Limiters/quasimonotone.jl:383
┌ Warning: Limiter convergence stats:
│      `n_times_unconverged = 0`
│      `max_rel_err = 0.0`
│      `min_tracer_mass = Inf`
│ Use `warn = false` in `Limiters.apply_limiter!` to suppress this message.
└ @ ClimaCore.Limiters ~/.julia/depots/levante-cpu/packages/ClimaCore/CYDDz/src/Limiters/quasimonotone.jl:383
┌ Warning: Limiter convergence stats:
│      `n_times_unconverged = 0`
│      `max_rel_err = 0.0`
│      `min_tracer_mass = Inf`
│ Use `warn = false` in `Limiters.apply_limiter!` to suppress this message.
└ @ ClimaCore.Limiters ~/.julia/depots/levante-cpu/packages/ClimaCore/CYDDz/src/Limiters/quasimonotone.jl:383
┌ Warning: Limiter convergence stats:
│      `n_times_unconverged = 0`
│      `max_rel_err = 0.0`
│      `min_tracer_mass = Inf`
│ Use `warn = false` in `Limiters.apply_limiter!` to suppress this message.
└ @ ClimaCore.Limiters ~/.julia/depots/levante-cpu/packages/ClimaCore/CYDDz/src/Limiters/quasimonotone.jl:383
┌ Warning: Limiter convergence stats:
│      `n_times_unconverged = 0`
│      `max_rel_err = 0.0`
│      `min_tracer_mass = Inf`
│ Use `warn = false` in `Limiters.apply_limiter!` to suppress this message.
└ @ ClimaCore.Limiters ~/.julia/depots/levante-cpu/packages/ClimaCore/CYDDz/src/Limiters/quasimonotone.jl:383
┌ Warning: water tag closure residual 2.8353523813979487e-5 exceeds the configured tolerance 1.0e-10 at t = 3600.0 s. The tags no longer account for the field they partition; see output/a5_sphere_limiter/output_0001/water_tag_closure.csv.
└ @ ClimaAtmos ~/git/ClimaAtmosResiDyn.jl/src/parameterized_tendencies/tagged_tracers/tagged_tracers.jl:779
┌ Warning: water tag parent is non-positive over 36.29180185643762% of the domain volume at t = 3600.0 s, and closure will not show it. Water tags take loss in proportion to what they hold, so their shares are undefined there and the tags of those cells carry no provenance. Nothing in the model keeps `ρq_tot` non-negative: `tracer_nonnegativity_method` is off unless configured, and transport alone can take a cell below zero. Those cells have their tags emptied by `rescale_water_tags!` whenever a constraint clips the parent, so the water they held surfaces in the residual. A large fraction is worth investigating as a sign that the run is under-resolved or the timestep too long.
└ @ ClimaAtmos ~/git/ClimaAtmosResiDyn.jl/src/parameterized_tendencies/tagged_tracers/tagged_tracers.jl:788
┌ Warning: Limiter convergence stats:
│      `n_times_unconverged = 0`
│      `max_rel_err = 0.0`
│      `min_tracer_mass = Inf`
│ Use `warn = false` in `Limiters.apply_limiter!` to suppress this message.
└ @ ClimaCore.Limiters ~/.julia/depots/levante-cpu/packages/ClimaCore/CYDDz/src/Limiters/quasimonotone.jl:383
┌ Warning: Limiter convergence stats:
│      `n_times_unconverged = 0`
│      `max_rel_err = 0.0`
│      `min_tracer_mass = Inf`
│ Use `warn = false` in `Limiters.apply_limiter!` to suppress this message.
└ @ ClimaCore.Limiters ~/.julia/depots/levante-cpu/packages/ClimaCore/CYDDz/src/Limiters/quasimonotone.jl:383
┌ Warning: Limiter convergence stats:
│      `n_times_unconverged = 0`
│      `max_rel_err = 0.0`
│      `min_tracer_mass = Inf`
│ Use `warn = false` in `Limiters.apply_limiter!` to suppress this message.
└ @ ClimaCore.Limiters ~/.julia/depots/levante-cpu/packages/ClimaCore/CYDDz/src/Limiters/quasimonotone.jl:383
┌ Warning: Limiter convergence stats:
│      `n_times_unconverged = 0`
│      `max_rel_err = 0.0`
│      `min_tracer_mass = Inf`
│ Use `warn = false` in `Limiters.apply_limiter!` to suppress this message.
└ @ ClimaCore.Limiters ~/.julia/depots/levante-cpu/packages/ClimaCore/CYDDz/src/Limiters/quasimonotone.jl:383
┌ Warning: Limiter convergence stats:
│      `n_times_unconverged = 0`
│      `max_rel_err = 0.0`
│      `min_tracer_mass = Inf`
│ Use `warn = false` in `Limiters.apply_limiter!` to suppress this message.
└ @ ClimaCore.Limiters ~/.julia/depots/levante-cpu/packages/ClimaCore/CYDDz/src/Limiters/quasimonotone.jl:383
┌ Warning: Limiter convergence stats:
│      `n_times_unconverged = 0`
│      `max_rel_err = 0.0`
│      `min_tracer_mass = Inf`
│ Use `warn = false` in `Limiters.apply_limiter!` to suppress this message.
└ @ ClimaCore.Limiters ~/.julia/depots/levante-cpu/packages/ClimaCore/CYDDz/src/Limiters/quasimonotone.jl:383
┌ Warning: Limiter convergence stats:
│      `n_times_unconverged = 0`
│      `max_rel_err = 0.0`
│      `min_tracer_mass = Inf`
│ Use `warn = false` in `Limiters.apply_limiter!` to suppress this message.
└ @ ClimaCore.Limiters ~/.julia/depots/levante-cpu/packages/ClimaCore/CYDDz/src/Limiters/quasimonotone.jl:383
┌ Warning: Limiter convergence stats:
│      `n_times_unconverged = 0`
│      `max_rel_err = 0.0`
│      `min_tracer_mass = Inf`
│ Use `warn = false` in `Limiters.apply_limiter!` to suppress this message.
└ @ ClimaCore.Limiters ~/.julia/depots/levante-cpu/packages/ClimaCore/CYDDz/src/Limiters/quasimonotone.jl:383
┌ Warning: Limiter convergence stats:
│      `n_times_unconverged = 0`
│      `max_rel_err = 0.0`
│      `min_tracer_mass = Inf`
│ Use `warn = false` in `Limiters.apply_limiter!` to suppress this message.
└ @ ClimaCore.Limiters ~/.julia/depots/levante-cpu/packages/ClimaCore/CYDDz/src/Limiters/quasimonotone.jl:383
┌ Warning: Limiter convergence stats:
│      `n_times_unconverged = 0`
│      `max_rel_err = 0.0`
│      `min_tracer_mass = Inf`
│ Use `warn = false` in `Limiters.apply_limiter!` to suppress this message.
└ @ ClimaCore.Limiters ~/.julia/depots/levante-cpu/packages/ClimaCore/CYDDz/src/Limiters/quasimonotone.jl:383
┌ Warning: Limiter convergence stats:
│      `n_times_unconverged = 0`
│      `max_rel_err = 0.0`
│      `min_tracer_mass = Inf`
│ Use `warn = false` in `Limiters.apply_limiter!` to suppress this message.
└ @ ClimaCore.Limiters ~/.julia/depots/levante-cpu/packages/ClimaCore/CYDDz/src/Limiters/quasimonotone.jl:383
┌ Warning: Limiter convergence stats:
│      `n_times_unconverged = 0`
│      `max_rel_err = 0.0`
│      `min_tracer_mass = Inf`
│ Use `warn = false` in `Limiters.apply_limiter!` to suppress this message.
└ @ ClimaCore.Limiters ~/.julia/depots/levante-cpu/packages/ClimaCore/CYDDz/src/Limiters/quasimonotone.jl:383
┌ Warning: Limiter convergence stats:
│      `n_times_unconverged = 0`
│      `max_rel_err = 0.0`
│      `min_tracer_mass = Inf`
│ Use `warn = false` in `Limiters.apply_limiter!` to suppress this message.
└ @ ClimaCore.Limiters ~/.julia/depots/levante-cpu/packages/ClimaCore/CYDDz/src/Limiters/quasimonotone.jl:383
┌ Warning: Limiter convergence stats:
│      `n_times_unconverged = 0`
│      `max_rel_err = 0.0`
│      `min_tracer_mass = Inf`
│ Use `warn = false` in `Limiters.apply_limiter!` to suppress this message.
└ @ ClimaCore.Limiters ~/.julia/depots/levante-cpu/packages/ClimaCore/CYDDz/src/Limiters/quasimonotone.jl:383
┌ Warning: Limiter convergence stats:
│      `n_times_unconverged = 0`
│      `max_rel_err = 0.0`
│      `min_tracer_mass = Inf`
│ Use `warn = false` in `Limiters.apply_limiter!` to suppress this message.
└ @ ClimaCore.Limiters ~/.julia/depots/levante-cpu/packages/ClimaCore/CYDDz/src/Limiters/quasimonotone.jl:383
┌ Warning: Limiter convergence stats:
│      `n_times_unconverged = 0`
│      `max_rel_err = 0.0`
│      `min_tracer_mass = Inf`
│ Use `warn = false` in `Limiters.apply_limiter!` to suppress this message.
└ @ ClimaCore.Limiters ~/.julia/depots/levante-cpu/packages/ClimaCore/CYDDz/src/Limiters/quasimonotone.jl:383
┌ Info: Progress
│   simulation_time = "1 hour, 20 minutes"
│   n_steps_completed = 16
│   wall_time_per_step = "558 milliseconds, 849 microseconds"
│   wall_time_total = "2 minutes, 40 seconds"
│   wall_time_remaining = "2 minutes, 32 seconds"
│   wall_time_spent = "8 seconds, 941 milliseconds"
│   percent_complete = "5.6%"
│   estimated_sypd = "1.47"
│   instantaneous_sypd = "1.277"
│   date_now = 2026-09-10T10:07:00.061
└   estimated_finish_date = 2026-09-10T10:09:33.061
┌ Warning: Limiter convergence stats:
│      `n_times_unconverged = 0`
│      `max_rel_err = 0.0`
│      `min_tracer_mass = Inf`
│ Use `warn = false` in `Limiters.apply_limiter!` to suppress this message.
└ @ ClimaCore.Limiters ~/.julia/depots/levante-cpu/packages/ClimaCore/CYDDz/src/Limiters/quasimonotone.jl:383
┌ Warning: Limiter convergence stats:
│      `n_times_unconverged = 0`
│      `max_rel_err = 0.0`
│      `min_tracer_mass = Inf`
│ Use `warn = false` in `Limiters.apply_limiter!` to suppress this message.
└ @ ClimaCore.Limiters ~/.julia/depots/levante-cpu/packages/ClimaCore/CYDDz/src/Limiters/quasimonotone.jl:383
┌ Warning: Limiter convergence stats:
│      `n_times_unconverged = 0`
│      `max_rel_err = 0.0`
│      `min_tracer_mass = Inf`
│ Use `warn = false` in `Limiters.apply_limiter!` to suppress this message.
└ @ ClimaCore.Limiters ~/.julia/depots/levante-cpu/packages/ClimaCore/CYDDz/src/Limiters/quasimonotone.jl:383
┌ Warning: Limiter convergence stats:
│      `n_times_unconverged = 0`
│      `max_rel_err = 0.0`
│      `min_tracer_mass = Inf`
│ Use `warn = false` in `Limiters.apply_limiter!` to suppress this message.
└ @ ClimaCore.Limiters ~/.julia/depots/levante-cpu/packages/ClimaCore/CYDDz/src/Limiters/quasimonotone.jl:383
┌ Warning: Limiter convergence stats:
│      `n_times_unconverged = 0`
│      `max_rel_err = 0.0`
│      `min_tracer_mass = Inf`
│ Use `warn = false` in `Limiters.apply_limiter!` to suppress this message.
└ @ ClimaCore.Limiters ~/.julia/depots/levante-cpu/packages/ClimaCore/CYDDz/src/Limiters/quasimonotone.jl:383
┌ Warning: Limiter convergence stats:
│      `n_times_unconverged = 0`
│      `max_rel_err = 0.0`
│      `min_tracer_mass = Inf`
│ Use `warn = false` in `Limiters.apply_limiter!` to suppress this message.
└ @ ClimaCore.Limiters ~/.julia/depots/levante-cpu/packages/ClimaCore/CYDDz/src/Limiters/quasimonotone.jl:383
┌ Warning: Limiter convergence stats:
│      `n_times_unconverged = 0`
│      `max_rel_err = 0.0`
│      `min_tracer_mass = Inf`
│ Use `warn = false` in `Limiters.apply_limiter!` to suppress this message.
└ @ ClimaCore.Limiters ~/.julia/depots/levante-cpu/packages/ClimaCore/CYDDz/src/Limiters/quasimonotone.jl:383
┌ Warning: Limiter convergence stats:
│      `n_times_unconverged = 0`
│      `max_rel_err = 0.0`
│      `min_tracer_mass = Inf`
│ Use `warn = false` in `Limiters.apply_limiter!` to suppress this message.
└ @ ClimaCore.Limiters ~/.julia/depots/levante-cpu/packages/ClimaCore/CYDDz/src/Limiters/quasimonotone.jl:383
┌ Warning: Limiter convergence stats:
│      `n_times_unconverged = 0`
│      `max_rel_err = 0.0`
│      `min_tracer_mass = Inf`
│ Use `warn = false` in `Limiters.apply_limiter!` to suppress this message.
└ @ ClimaCore.Limiters ~/.julia/depots/levante-cpu/packages/ClimaCore/CYDDz/src/Limiters/quasimonotone.jl:383
┌ Warning: Limiter convergence stats:
│      `n_times_unconverged = 0`
│      `max_rel_err = 0.0`
│      `min_tracer_mass = Inf`
│ Use `warn = false` in `Limiters.apply_limiter!` to suppress this message.
└ @ ClimaCore.Limiters ~/.julia/depots/levante-cpu/packages/ClimaCore/CYDDz/src/Limiters/quasimonotone.jl:383
┌ Warning: Limiter convergence stats:
│      `n_times_unconverged = 0`
│      `max_rel_err = 0.0`
│      `min_tracer_mass = Inf`
│ Use `warn = false` in `Limiters.apply_limiter!` to suppress this message.
└ @ ClimaCore.Limiters ~/.julia/depots/levante-cpu/packages/ClimaCore/CYDDz/src/Limiters/quasimonotone.jl:383
┌ Warning: Limiter convergence stats:
│      `n_times_unconverged = 0`
│      `max_rel_err = 0.0`
│      `min_tracer_mass = Inf`
│ Use `warn = false` in `Limiters.apply_limiter!` to suppress this message.
└ @ ClimaCore.Limiters ~/.julia/depots/levante-cpu/packages/ClimaCore/CYDDz/src/Limiters/quasimonotone.jl:383
┌ Warning: Limiter convergence stats:
│      `n_times_unconverged = 0`
│      `max_rel_err = 0.0`
│      `min_tracer_mass = Inf`
│ Use `warn = false` in `Limiters.apply_limiter!` to suppress this message.
└ @ ClimaCore.Limiters ~/.julia/depots/levante-cpu/packages/ClimaCore/CYDDz/src/Limiters/quasimonotone.jl:383
┌ Warning: Limiter convergence stats:
│      `n_times_unconverged = 0`
│      `max_rel_err = 0.0`
│      `min_tracer_mass = Inf`
│ Use `warn = false` in `Limiters.apply_limiter!` to suppress this message.
└ @ ClimaCore.Limiters ~/.julia/depots/levante-cpu/packages/ClimaCore/CYDDz/src/Limiters/quasimonotone.jl:383
┌ Warning: Limiter convergence stats:
│      `n_times_unconverged = 0`
│      `max_rel_err = 0.0`
│      `min_tracer_mass = Inf`
│ Use `warn = false` in `Limiters.apply_limiter!` to suppress this message.
└ @ ClimaCore.Limiters ~/.julia/depots/levante-cpu/packages/ClimaCore/CYDDz/src/Limiters/quasimonotone.jl:383
┌ Warning: Limiter convergence stats:
│      `n_times_unconverged = 0`
│      `max_rel_err = 0.0`
│      `min_tracer_mass = Inf`
│ Use `warn = false` in `Limiters.apply_limiter!` to suppress this message.
└ @ ClimaCore.Limiters ~/.julia/depots/levante-cpu/packages/ClimaCore/CYDDz/src/Limiters/quasimonotone.jl:383
┌ Warning: Limiter convergence stats:
│      `n_times_unconverged = 0`
│      `max_rel_err = 0.0`
│      `min_tracer_mass = Inf`
│ Use `warn = false` in `Limiters.apply_limiter!` to suppress this message.
└ @ ClimaCore.Limiters ~/.julia/depots/levante-cpu/packages/ClimaCore/CYDDz/src/Limiters/quasimonotone.jl:383
┌ Warning: Limiter convergence stats:
│      `n_times_unconverged = 0`
│      `max_rel_err = 0.0`
│      `min_tracer_mass = Inf`
│ Use `warn = false` in `Limiters.apply_limiter!` to suppress this message.
└ @ ClimaCore.Limiters ~/.julia/depots/levante-cpu/packages/ClimaCore/CYDDz/src/Limiters/quasimonotone.jl:383
┌ Warning: Limiter convergence stats:
│      `n_times_unconverged = 0`
│      `max_rel_err = 0.0`
│      `min_tracer_mass = Inf`
│ Use `warn = false` in `Limiters.apply_limiter!` to suppress this message.
└ @ ClimaCore.Limiters ~/.julia/depots/levante-cpu/packages/ClimaCore/CYDDz/src/Limiters/quasimonotone.jl:383
┌ Warning: Limiter convergence stats:
│      `n_times_unconverged = 0`
│      `max_rel_err = 0.0`
│      `min_tracer_mass = Inf`
│ Use `warn = false` in `Limiters.apply_limiter!` to suppress this message.
└ @ ClimaCore.Limiters ~/.julia/depots/levante-cpu/packages/ClimaCore/CYDDz/src/Limiters/quasimonotone.jl:383
┌ Warning: Limiter convergence stats:
│      `n_times_unconverged = 0`
│      `max_rel_err = 0.0`
│      `min_tracer_mass = Inf`
│ Use `warn = false` in `Limiters.apply_limiter!` to suppress this message.
└ @ ClimaCore.Limiters ~/.julia/depots/levante-cpu/packages/ClimaCore/CYDDz/src/Limiters/quasimonotone.jl:383
┌ Warning: Limiter convergence stats:
│      `n_times_unconverged = 0`
│      `max_rel_err = 0.0`
│      `min_tracer_mass = Inf`
│ Use `warn = false` in `Limiters.apply_limiter!` to suppress this message.
└ @ ClimaCore.Limiters ~/.julia/depots/levante-cpu/packages/ClimaCore/CYDDz/src/Limiters/quasimonotone.jl:383
┌ Warning: Limiter convergence stats:
│      `n_times_unconverged = 0`
│      `max_rel_err = 0.0`
│      `min_tracer_mass = Inf`
│ Use `warn = false` in `Limiters.apply_limiter!` to suppress this message.
└ @ ClimaCore.Limiters ~/.julia/depots/levante-cpu/packages/ClimaCore/CYDDz/src/Limiters/quasimonotone.jl:383
┌ Warning: Limiter convergence stats:
│      `n_times_unconverged = 0`
│      `max_rel_err = 0.0`
│      `min_tracer_mass = Inf`
│ Use `warn = false` in `Limiters.apply_limiter!` to suppress this message.
└ @ ClimaCore.Limiters ~/.julia/depots/levante-cpu/packages/ClimaCore/CYDDz/src/Limiters/quasimonotone.jl:383
┌ Warning: Limiter convergence stats:
│      `n_times_unconverged = 0`
│      `max_rel_err = 0.0`
│      `min_tracer_mass = Inf`
│ Use `warn = false` in `Limiters.apply_limiter!` to suppress this message.
└ @ ClimaCore.Limiters ~/.julia/depots/levante-cpu/packages/ClimaCore/CYDDz/src/Limiters/quasimonotone.jl:383
┌ Warning: Limiter convergence stats:
│      `n_times_unconverged = 0`
│      `max_rel_err = 0.0`
│      `min_tracer_mass = Inf`
│ Use `warn = false` in `Limiters.apply_limiter!` to suppress this message.
└ @ ClimaCore.Limiters ~/.julia/depots/levante-cpu/packages/ClimaCore/CYDDz/src/Limiters/quasimonotone.jl:383
┌ Warning: Limiter convergence stats:
│      `n_times_unconverged = 0`
│      `max_rel_err = 0.0`
│      `min_tracer_mass = Inf`
│ Use `warn = false` in `Limiters.apply_limiter!` to suppress this message.
└ @ ClimaCore.Limiters ~/.julia/depots/levante-cpu/packages/ClimaCore/CYDDz/src/Limiters/quasimonotone.jl:383
┌ Warning: Limiter convergence stats:
│      `n_times_unconverged = 0`
│      `max_rel_err = 0.0`
│      `min_tracer_mass = Inf`
│ Use `warn = false` in `Limiters.apply_limiter!` to suppress this message.
└ @ ClimaCore.Limiters ~/.julia/depots/levante-cpu/packages/ClimaCore/CYDDz/src/Limiters/quasimonotone.jl:383
┌ Warning: Limiter convergence stats:
│      `n_times_unconverged = 0`
│      `max_rel_err = 0.0`
│      `min_tracer_mass = Inf`
│ Use `warn = false` in `Limiters.apply_limiter!` to suppress this message.
└ @ ClimaCore.Limiters ~/.julia/depots/levante-cpu/packages/ClimaCore/CYDDz/src/Limiters/quasimonotone.jl:383
┌ Warning: Limiter convergence stats:
│      `n_times_unconverged = 0`
│      `max_rel_err = 0.0`
│      `min_tracer_mass = Inf`
│ Use `warn = false` in `Limiters.apply_limiter!` to suppress this message.
└ @ ClimaCore.Limiters ~/.julia/depots/levante-cpu/packages/ClimaCore/CYDDz/src/Limiters/quasimonotone.jl:383
┌ Warning: Limiter convergence stats:
│      `n_times_unconverged = 0`
│      `max_rel_err = 0.0`
│      `min_tracer_mass = Inf`
│ Use `warn = false` in `Limiters.apply_limiter!` to suppress this message.
└ @ ClimaCore.Limiters ~/.julia/depots/levante-cpu/packages/ClimaCore/CYDDz/src/Limiters/quasimonotone.jl:383
┌ Warning: Limiter convergence stats:
│      `n_times_unconverged = 0`
│      `max_rel_err = 0.0`
│      `min_tracer_mass = Inf`
│ Use `warn = false` in `Limiters.apply_limiter!` to suppress this message.
└ @ ClimaCore.Limiters ~/.julia/depots/levante-cpu/packages/ClimaCore/CYDDz/src/Limiters/quasimonotone.jl:383
┌ Warning: water tag closure residual 7.118362287111601e-5 exceeds the configured tolerance 1.0e-10 at t = 7200.0 s. The tags no longer account for the field they partition; see output/a5_sphere_limiter/output_0001/water_tag_closure.csv.
└ @ ClimaAtmos ~/git/ClimaAtmosResiDyn.jl/src/parameterized_tendencies/tagged_tracers/tagged_tracers.jl:779
┌ Warning: water tag parent is non-positive over 36.01860586682273% of the domain volume at t = 7200.0 s, and closure will not show it. Water tags take loss in proportion to what they hold, so their shares are undefined there and the tags of those cells carry no provenance. Nothing in the model keeps `ρq_tot` non-negative: `tracer_nonnegativity_method` is off unless configured, and transport alone can take a cell below zero. Those cells have their tags emptied by `rescale_water_tags!` whenever a constraint clips the parent, so the water they held surfaces in the residual. A large fraction is worth investigating as a sign that the run is under-resolved or the timestep too long.
└ @ ClimaAtmos ~/git/ClimaAtmosResiDyn.jl/src/parameterized_tendencies/tagged_tracers/tagged_tracers.jl:788
┌ Warning: Limiter convergence stats:
│      `n_times_unconverged = 0`
│      `max_rel_err = 0.0`
│      `min_tracer_mass = Inf`
│ Use `warn = false` in `Limiters.apply_limiter!` to suppress this message.
└ @ ClimaCore.Limiters ~/.julia/depots/levante-cpu/packages/ClimaCore/CYDDz/src/Limiters/quasimonotone.jl:383
┌ Warning: Limiter convergence stats:
│      `n_times_unconverged = 0`
│      `max_rel_err = 0.0`
│      `min_tracer_mass = Inf`
│ Use `warn = false` in `Limiters.apply_limiter!` to suppress this message.
└ @ ClimaCore.Limiters ~/.julia/depots/levante-cpu/packages/ClimaCore/CYDDz/src/Limiters/quasimonotone.jl:383
┌ Warning: Limiter convergence stats:
│      `n_times_unconverged = 0`
│      `max_rel_err = 0.0`
│      `min_tracer_mass = Inf`
│ Use `warn = false` in `Limiters.apply_limiter!` to suppress this message.
└ @ ClimaCore.Limiters ~/.julia/depots/levante-cpu/packages/ClimaCore/CYDDz/src/Limiters/quasimonotone.jl:383
┌ Warning: Limiter convergence stats:
│      `n_times_unconverged = 0`
│      `max_rel_err = 0.0`
│      `min_tracer_mass = Inf`
│ Use `warn = false` in `Limiters.apply_limiter!` to suppress this message.
└ @ ClimaCore.Limiters ~/.julia/depots/levante-cpu/packages/ClimaCore/CYDDz/src/Limiters/quasimonotone.jl:383
┌ Warning: Limiter convergence stats:
│      `n_times_unconverged = 0`
│      `max_rel_err = 0.0`
│      `min_tracer_mass = Inf`
│ Use `warn = false` in `Limiters.apply_limiter!` to suppress this message.
└ @ ClimaCore.Limiters ~/.julia/depots/levante-cpu/packages/ClimaCore/CYDDz/src/Limiters/quasimonotone.jl:383
┌ Warning: Limiter convergence stats:
│      `n_times_unconverged = 0`
│      `max_rel_err = 0.0`
│      `min_tracer_mass = Inf`
│ Use `warn = false` in `Limiters.apply_limiter!` to suppress this message.
└ @ ClimaCore.Limiters ~/.julia/depots/levante-cpu/packages/ClimaCore/CYDDz/src/Limiters/quasimonotone.jl:383
┌ Warning: Limiter convergence stats:
│      `n_times_unconverged = 0`
│      `max_rel_err = 0.0`
│      `min_tracer_mass = Inf`
│ Use `warn = false` in `Limiters.apply_limiter!` to suppress this message.
└ @ ClimaCore.Limiters ~/.julia/depots/levante-cpu/packages/ClimaCore/CYDDz/src/Limiters/quasimonotone.jl:383
┌ Warning: Limiter convergence stats:
│      `n_times_unconverged = 0`
│      `max_rel_err = 0.0`
│      `min_tracer_mass = Inf`
│ Use `warn = false` in `Limiters.apply_limiter!` to suppress this message.
└ @ ClimaCore.Limiters ~/.julia/depots/levante-cpu/packages/ClimaCore/CYDDz/src/Limiters/quasimonotone.jl:383
┌ Warning: Limiter convergence stats:
│      `n_times_unconverged = 0`
│      `max_rel_err = 0.0`
│      `min_tracer_mass = Inf`
│ Use `warn = false` in `Limiters.apply_limiter!` to suppress this message.
└ @ ClimaCore.Limiters ~/.julia/depots/levante-cpu/packages/ClimaCore/CYDDz/src/Limiters/quasimonotone.jl:383
┌ Warning: Limiter convergence stats:
│      `n_times_unconverged = 0`
│      `max_rel_err = 0.0`
│      `min_tracer_mass = Inf`
│ Use `warn = false` in `Limiters.apply_limiter!` to suppress this message.
└ @ ClimaCore.Limiters ~/.julia/depots/levante-cpu/packages/ClimaCore/CYDDz/src/Limiters/quasimonotone.jl:383
┌ Warning: Limiter convergence stats:
│      `n_times_unconverged = 0`
│      `max_rel_err = 0.0`
│      `min_tracer_mass = Inf`
│ Use `warn = false` in `Limiters.apply_limiter!` to suppress this message.
└ @ ClimaCore.Limiters ~/.julia/depots/levante-cpu/packages/ClimaCore/CYDDz/src/Limiters/quasimonotone.jl:383
┌ Warning: Limiter convergence stats:
│      `n_times_unconverged = 0`
│      `max_rel_err = 0.0`
│      `min_tracer_mass = Inf`
│ Use `warn = false` in `Limiters.apply_limiter!` to suppress this message.
└ @ ClimaCore.Limiters ~/.julia/depots/levante-cpu/packages/ClimaCore/CYDDz/src/Limiters/quasimonotone.jl:383
┌ Warning: Limiter convergence stats:
│      `n_times_unconverged = 0`
│      `max_rel_err = 0.0`
│      `min_tracer_mass = Inf`
│ Use `warn = false` in `Limiters.apply_limiter!` to suppress this message.
└ @ ClimaCore.Limiters ~/.julia/depots/levante-cpu/packages/ClimaCore/CYDDz/src/Limiters/quasimonotone.jl:383
┌ Warning: Limiter convergence stats:
│      `n_times_unconverged = 0`
│      `max_rel_err = 0.0`
│      `min_tracer_mass = Inf`
│ Use `warn = false` in `Limiters.apply_limiter!` to suppress this message.
└ @ ClimaCore.Limiters ~/.julia/depots/levante-cpu/packages/ClimaCore/CYDDz/src/Limiters/quasimonotone.jl:383
┌ Warning: Limiter convergence stats:
│      `n_times_unconverged = 0`
│      `max_rel_err = 0.0`
│      `min_tracer_mass = Inf`
│ Use `warn = false` in `Limiters.apply_limiter!` to suppress this message.
└ @ ClimaCore.Limiters ~/.julia/depots/levante-cpu/packages/ClimaCore/CYDDz/src/Limiters/quasimonotone.jl:383
┌ Warning: Limiter convergence stats:
│      `n_times_unconverged = 0`
│      `max_rel_err = 0.0`
│      `min_tracer_mass = Inf`
│ Use `warn = false` in `Limiters.apply_limiter!` to suppress this message.
└ @ ClimaCore.Limiters ~/.julia/depots/levante-cpu/packages/ClimaCore/CYDDz/src/Limiters/quasimonotone.jl:383
┌ Warning: Limiter convergence stats:
│      `n_times_unconverged = 0`
│      `max_rel_err = 0.0`
│      `min_tracer_mass = Inf`
│ Use `warn = false` in `Limiters.apply_limiter!` to suppress this message.
└ @ ClimaCore.Limiters ~/.julia/depots/levante-cpu/packages/ClimaCore/CYDDz/src/Limiters/quasimonotone.jl:383
┌ Warning: Limiter convergence stats:
│      `n_times_unconverged = 0`
│      `max_rel_err = 0.0`
│      `min_tracer_mass = Inf`
│ Use `warn = false` in `Limiters.apply_limiter!` to suppress this message.
└ @ ClimaCore.Limiters ~/.julia/depots/levante-cpu/packages/ClimaCore/CYDDz/src/Limiters/quasimonotone.jl:383
┌ Warning: Limiter convergence stats:
│      `n_times_unconverged = 0`
│      `max_rel_err = 0.0`
│      `min_tracer_mass = Inf`
│ Use `warn = false` in `Limiters.apply_limiter!` to suppress this message.
└ @ ClimaCore.Limiters ~/.julia/depots/levante-cpu/packages/ClimaCore/CYDDz/src/Limiters/quasimonotone.jl:383
┌ Warning: Limiter convergence stats:
│      `n_times_unconverged = 0`
│      `max_rel_err = 0.0`
│      `min_tracer_mass = Inf`
│ Use `warn = false` in `Limiters.apply_limiter!` to suppress this message.
└ @ ClimaCore.Limiters ~/.julia/depots/levante-cpu/packages/ClimaCore/CYDDz/src/Limiters/quasimonotone.jl:383
┌ Warning: Limiter convergence stats:
│      `n_times_unconverged = 0`
│      `max_rel_err = 0.0`
│      `min_tracer_mass = Inf`
│ Use `warn = false` in `Limiters.apply_limiter!` to suppress this message.
└ @ ClimaCore.Limiters ~/.julia/depots/levante-cpu/packages/ClimaCore/CYDDz/src/Limiters/quasimonotone.jl:383
┌ Warning: Limiter convergence stats:
│      `n_times_unconverged = 0`
│      `max_rel_err = 0.0`
│      `min_tracer_mass = Inf`
│ Use `warn = false` in `Limiters.apply_limiter!` to suppress this message.
└ @ ClimaCore.Limiters ~/.julia/depots/levante-cpu/packages/ClimaCore/CYDDz/src/Limiters/quasimonotone.jl:383
┌ Warning: Limiter convergence stats:
│      `n_times_unconverged = 0`
│      `max_rel_err = 0.0`
│      `min_tracer_mass = Inf`
│ Use `warn = false` in `Limiters.apply_limiter!` to suppress this message.
└ @ ClimaCore.Limiters ~/.julia/depots/levante-cpu/packages/ClimaCore/CYDDz/src/Limiters/quasimonotone.jl:383
┌ Warning: Limiter convergence stats:
│      `n_times_unconverged = 0`
│      `max_rel_err = 0.0`
│      `min_tracer_mass = Inf`
│ Use `warn = false` in `Limiters.apply_limiter!` to suppress this message.
└ @ ClimaCore.Limiters ~/.julia/depots/levante-cpu/packages/ClimaCore/CYDDz/src/Limiters/quasimonotone.jl:383
┌ Warning: Limiter convergence stats:
│      `n_times_unconverged = 0`
│      `max_rel_err = 0.0`
│      `min_tracer_mass = Inf`
│ Use `warn = false` in `Limiters.apply_limiter!` to suppress this message.
└ @ ClimaCore.Limiters ~/.julia/depots/levante-cpu/packages/ClimaCore/CYDDz/src/Limiters/quasimonotone.jl:383
┌ Warning: Limiter convergence stats:
│      `n_times_unconverged = 0`
│      `max_rel_err = 0.0`
│      `min_tracer_mass = Inf`
│ Use `warn = false` in `Limiters.apply_limiter!` to suppress this message.
└ @ ClimaCore.Limiters ~/.julia/depots/levante-cpu/packages/ClimaCore/CYDDz/src/Limiters/quasimonotone.jl:383
┌ Warning: Limiter convergence stats:
│      `n_times_unconverged = 0`
│      `max_rel_err = 0.0`
│      `min_tracer_mass = Inf`
│ Use `warn = false` in `Limiters.apply_limiter!` to suppress this message.
└ @ ClimaCore.Limiters ~/.julia/depots/levante-cpu/packages/ClimaCore/CYDDz/src/Limiters/quasimonotone.jl:383
┌ Warning: Limiter convergence stats:
│      `n_times_unconverged = 0`
│      `max_rel_err = 0.0`
│      `min_tracer_mass = Inf`
│ Use `warn = false` in `Limiters.apply_limiter!` to suppress this message.
└ @ ClimaCore.Limiters ~/.julia/depots/levante-cpu/packages/ClimaCore/CYDDz/src/Limiters/quasimonotone.jl:383
┌ Warning: Limiter convergence stats:
│      `n_times_unconverged = 0`
│      `max_rel_err = 0.0`
│      `min_tracer_mass = Inf`
│ Use `warn = false` in `Limiters.apply_limiter!` to suppress this message.
└ @ ClimaCore.Limiters ~/.julia/depots/levante-cpu/packages/ClimaCore/CYDDz/src/Limiters/quasimonotone.jl:383
┌ Warning: Limiter convergence stats:
│      `n_times_unconverged = 0`
│      `max_rel_err = 0.0`
│      `min_tracer_mass = Inf`
│ Use `warn = false` in `Limiters.apply_limiter!` to suppress this message.
└ @ ClimaCore.Limiters ~/.julia/depots/levante-cpu/packages/ClimaCore/CYDDz/src/Limiters/quasimonotone.jl:383
┌ Warning: Limiter convergence stats:
│      `n_times_unconverged = 0`
│      `max_rel_err = 0.0`
│      `min_tracer_mass = Inf`
│ Use `warn = false` in `Limiters.apply_limiter!` to suppress this message.
└ @ ClimaCore.Limiters ~/.julia/depots/levante-cpu/packages/ClimaCore/CYDDz/src/Limiters/quasimonotone.jl:383
┌ Warning: Limiter convergence stats:
│      `n_times_unconverged = 0`
│      `max_rel_err = 0.0`
│      `min_tracer_mass = Inf`
│ Use `warn = false` in `Limiters.apply_limiter!` to suppress this message.
└ @ ClimaCore.Limiters ~/.julia/depots/levante-cpu/packages/ClimaCore/CYDDz/src/Limiters/quasimonotone.jl:383
┌ Info: Progress
│   simulation_time = "2 hours, 40 minutes"
│   n_steps_completed = 32
│   wall_time_per_step = "508 milliseconds, 757 microseconds"
│   wall_time_total = "2 minutes, 26 seconds"
│   wall_time_remaining = "2 minutes, 10 seconds"
│   wall_time_spent = "16 seconds, 280 milliseconds"
│   percent_complete = "11.1%"
│   estimated_sypd = "1.614"
│   instantaneous_sypd = "1.791"
│   date_now = 2026-09-10T10:07:07.380
└   estimated_finish_date = 2026-09-10T10:09:18.380
┌ Warning: Limiter convergence stats:
│      `n_times_unconverged = 0`
│      `max_rel_err = 0.0`
│      `min_tracer_mass = Inf`
│ Use `warn = false` in `Limiters.apply_limiter!` to suppress this message.
└ @ ClimaCore.Limiters ~/.julia/depots/levante-cpu/packages/ClimaCore/CYDDz/src/Limiters/quasimonotone.jl:383
┌ Warning: Limiter convergence stats:
│      `n_times_unconverged = 0`
│      `max_rel_err = 0.0`
│      `min_tracer_mass = Inf`
│ Use `warn = false` in `Limiters.apply_limiter!` to suppress this message.
└ @ ClimaCore.Limiters ~/.julia/depots/levante-cpu/packages/ClimaCore/CYDDz/src/Limiters/quasimonotone.jl:383
┌ Warning: Limiter convergence stats:
│      `n_times_unconverged = 0`
│      `max_rel_err = 0.0`
│      `min_tracer_mass = Inf`
│ Use `warn = false` in `Limiters.apply_limiter!` to suppress this message.
└ @ ClimaCore.Limiters ~/.julia/depots/levante-cpu/packages/ClimaCore/CYDDz/src/Limiters/quasimonotone.jl:383
┌ Warning: Limiter convergence stats:
│      `n_times_unconverged = 0`
│      `max_rel_err = 0.0`
│      `min_tracer_mass = Inf`
│ Use `warn = false` in `Limiters.apply_limiter!` to suppress this message.
└ @ ClimaCore.Limiters ~/.julia/depots/levante-cpu/packages/ClimaCore/CYDDz/src/Limiters/quasimonotone.jl:383
┌ Warning: Limiter convergence stats:
│      `n_times_unconverged = 0`
│      `max_rel_err = 0.0`
│      `min_tracer_mass = Inf`
│ Use `warn = false` in `Limiters.apply_limiter!` to suppress this message.
└ @ ClimaCore.Limiters ~/.julia/depots/levante-cpu/packages/ClimaCore/CYDDz/src/Limiters/quasimonotone.jl:383
┌ Warning: Limiter convergence stats:
│      `n_times_unconverged = 0`
│      `max_rel_err = 0.0`
│      `min_tracer_mass = Inf`
│ Use `warn = false` in `Limiters.apply_limiter!` to suppress this message.
└ @ ClimaCore.Limiters ~/.julia/depots/levante-cpu/packages/ClimaCore/CYDDz/src/Limiters/quasimonotone.jl:383
┌ Warning: Limiter convergence stats:
│      `n_times_unconverged = 0`
│      `max_rel_err = 0.0`
│      `min_tracer_mass = Inf`
│ Use `warn = false` in `Limiters.apply_limiter!` to suppress this message.
└ @ ClimaCore.Limiters ~/.julia/depots/levante-cpu/packages/ClimaCore/CYDDz/src/Limiters/quasimonotone.jl:383
┌ Warning: Limiter convergence stats:
│      `n_times_unconverged = 0`
│      `max_rel_err = 0.0`
│      `min_tracer_mass = Inf`
│ Use `warn = false` in `Limiters.apply_limiter!` to suppress this message.
└ @ ClimaCore.Limiters ~/.julia/depots/levante-cpu/packages/ClimaCore/CYDDz/src/Limiters/quasimonotone.jl:383
┌ Warning: Limiter convergence stats:
│      `n_times_unconverged = 0`
│      `max_rel_err = 0.0`
│      `min_tracer_mass = Inf`
│ Use `warn = false` in `Limiters.apply_limiter!` to suppress this message.
└ @ ClimaCore.Limiters ~/.julia/depots/levante-cpu/packages/ClimaCore/CYDDz/src/Limiters/quasimonotone.jl:383
┌ Warning: Limiter convergence stats:
│      `n_times_unconverged = 0`
│      `max_rel_err = 0.0`
│      `min_tracer_mass = Inf`
│ Use `warn = false` in `Limiters.apply_limiter!` to suppress this message.
└ @ ClimaCore.Limiters ~/.julia/depots/levante-cpu/packages/ClimaCore/CYDDz/src/Limiters/quasimonotone.jl:383
┌ Warning: Limiter convergence stats:
│      `n_times_unconverged = 0`
│      `max_rel_err = 0.0`
│      `min_tracer_mass = Inf`
│ Use `warn = false` in `Limiters.apply_limiter!` to suppress this message.
└ @ ClimaCore.Limiters ~/.julia/depots/levante-cpu/packages/ClimaCore/CYDDz/src/Limiters/quasimonotone.jl:383
┌ Warning: Limiter convergence stats:
│      `n_times_unconverged = 0`
│      `max_rel_err = 0.0`
│      `min_tracer_mass = Inf`
│ Use `warn = false` in `Limiters.apply_limiter!` to suppress this message.
└ @ ClimaCore.Limiters ~/.julia/depots/levante-cpu/packages/ClimaCore/CYDDz/src/Limiters/quasimonotone.jl:383
┌ Warning: Limiter convergence stats:
│      `n_times_unconverged = 0`
│      `max_rel_err = 0.0`
│      `min_tracer_mass = Inf`
│ Use `warn = false` in `Limiters.apply_limiter!` to suppress this message.
└ @ ClimaCore.Limiters ~/.julia/depots/levante-cpu/packages/ClimaCore/CYDDz/src/Limiters/quasimonotone.jl:383
┌ Warning: Limiter convergence stats:
│      `n_times_unconverged = 0`
│      `max_rel_err = 0.0`
│      `min_tracer_mass = Inf`
│ Use `warn = false` in `Limiters.apply_limiter!` to suppress this message.
└ @ ClimaCore.Limiters ~/.julia/depots/levante-cpu/packages/ClimaCore/CYDDz/src/Limiters/quasimonotone.jl:383
┌ Warning: Limiter convergence stats:
│      `n_times_unconverged = 0`
│      `max_rel_err = 0.0`
│      `min_tracer_mass = Inf`
│ Use `warn = false` in `Limiters.apply_limiter!` to suppress this message.
└ @ ClimaCore.Limiters ~/.julia/depots/levante-cpu/packages/ClimaCore/CYDDz/src/Limiters/quasimonotone.jl:383
┌ Warning: Limiter convergence stats:
│      `n_times_unconverged = 0`
│      `max_rel_err = 0.0`
│      `min_tracer_mass = Inf`
│ Use `warn = false` in `Limiters.apply_limiter!` to suppress this message.
└ @ ClimaCore.Limiters ~/.julia/depots/levante-cpu/packages/ClimaCore/CYDDz/src/Limiters/quasimonotone.jl:383
┌ Warning: water tag closure residual 0.00011510236900584445 exceeds the configured tolerance 1.0e-10 at t = 10800.0 s. The tags no longer account for the field they partition; see output/a5_sphere_limiter/output_0001/water_tag_closure.csv.
└ @ ClimaAtmos ~/git/ClimaAtmosResiDyn.jl/src/parameterized_tendencies/tagged_tracers/tagged_tracers.jl:779
┌ Warning: water tag parent is non-positive over 35.53385146144626% of the domain volume at t = 10800.0 s, and closure will not show it. Water tags take loss in proportion to what they hold, so their shares are undefined there and the tags of those cells carry no provenance. Nothing in the model keeps `ρq_tot` non-negative: `tracer_nonnegativity_method` is off unless configured, and transport alone can take a cell below zero. Those cells have their tags emptied by `rescale_water_tags!` whenever a constraint clips the parent, so the water they held surfaces in the residual. A large fraction is worth investigating as a sign that the run is under-resolved or the timestep too long.
└ @ ClimaAtmos ~/git/ClimaAtmosResiDyn.jl/src/parameterized_tendencies/tagged_tracers/tagged_tracers.jl:788
┌ Warning: Limiter convergence stats:
│      `n_times_unconverged = 0`
│      `max_rel_err = 0.0`
│      `min_tracer_mass = Inf`
│ Use `warn = false` in `Limiters.apply_limiter!` to suppress this message.
└ @ ClimaCore.Limiters ~/.julia/depots/levante-cpu/packages/ClimaCore/CYDDz/src/Limiters/quasimonotone.jl:383
┌ Warning: Limiter convergence stats:
│      `n_times_unconverged = 0`
│      `max_rel_err = 0.0`
│      `min_tracer_mass = Inf`
│ Use `warn = false` in `Limiters.apply_limiter!` to suppress this message.
└ @ ClimaCore.Limiters ~/.julia/depots/levante-cpu/packages/ClimaCore/CYDDz/src/Limiters/quasimonotone.jl:383
┌ Warning: Limiter convergence stats:
│      `n_times_unconverged = 0`
│      `max_rel_err = 0.0`
│      `min_tracer_mass = Inf`
│ Use `warn = false` in `Limiters.apply_limiter!` to suppress this message.
└ @ ClimaCore.Limiters ~/.julia/depots/levante-cpu/packages/ClimaCore/CYDDz/src/Limiters/quasimonotone.jl:383
┌ Warning: Limiter convergence stats:
│      `n_times_unconverged = 0`
│      `max_rel_err = 0.0`
│      `min_tracer_mass = Inf`
│ Use `warn = false` in `Limiters.apply_limiter!` to suppress this message.
└ @ ClimaCore.Limiters ~/.julia/depots/levante-cpu/packages/ClimaCore/CYDDz/src/Limiters/quasimonotone.jl:383
┌ Warning: Limiter convergence stats:
│      `n_times_unconverged = 0`
│      `max_rel_err = 0.0`
│      `min_tracer_mass = Inf`
│ Use `warn = false` in `Limiters.apply_limiter!` to suppress this message.
└ @ ClimaCore.Limiters ~/.julia/depots/levante-cpu/packages/ClimaCore/CYDDz/src/Limiters/quasimonotone.jl:383
┌ Warning: Limiter convergence stats:
│      `n_times_unconverged = 0`
│      `max_rel_err = 0.0`
│      `min_tracer_mass = Inf`
│ Use `warn = false` in `Limiters.apply_limiter!` to suppress this message.
└ @ ClimaCore.Limiters ~/.julia/depots/levante-cpu/packages/ClimaCore/CYDDz/src/Limiters/quasimonotone.jl:383
┌ Warning: Limiter convergence stats:
│      `n_times_unconverged = 0`
│      `max_rel_err = 0.0`
│      `min_tracer_mass = Inf`
│ Use `warn = false` in `Limiters.apply_limiter!` to suppress this message.
└ @ ClimaCore.Limiters ~/.julia/depots/levante-cpu/packages/ClimaCore/CYDDz/src/Limiters/quasimonotone.jl:383
┌ Warning: Limiter convergence stats:
│      `n_times_unconverged = 0`
│      `max_rel_err = 0.0`
│      `min_tracer_mass = Inf`
│ Use `warn = false` in `Limiters.apply_limiter!` to suppress this message.
└ @ ClimaCore.Limiters ~/.julia/depots/levante-cpu/packages/ClimaCore/CYDDz/src/Limiters/quasimonotone.jl:383
┌ Warning: Limiter convergence stats:
│      `n_times_unconverged = 0`
│      `max_rel_err = 0.0`
│      `min_tracer_mass = Inf`
│ Use `warn = false` in `Limiters.apply_limiter!` to suppress this message.
└ @ ClimaCore.Limiters ~/.julia/depots/levante-cpu/packages/ClimaCore/CYDDz/src/Limiters/quasimonotone.jl:383
┌ Warning: Limiter convergence stats:
│      `n_times_unconverged = 0`
│      `max_rel_err = 0.0`
│      `min_tracer_mass = Inf`
│ Use `warn = false` in `Limiters.apply_limiter!` to suppress this message.
└ @ ClimaCore.Limiters ~/.julia/depots/levante-cpu/packages/ClimaCore/CYDDz/src/Limiters/quasimonotone.jl:383
┌ Warning: Limiter convergence stats:
│      `n_times_unconverged = 0`
│      `max_rel_err = 0.0`
│      `min_tracer_mass = Inf`
│ Use `warn = false` in `Limiters.apply_limiter!` to suppress this message.
└ @ ClimaCore.Limiters ~/.julia/depots/levante-cpu/packages/ClimaCore/CYDDz/src/Limiters/quasimonotone.jl:383
┌ Warning: Limiter convergence stats:
│      `n_times_unconverged = 0`
│      `max_rel_err = 0.0`
│      `min_tracer_mass = Inf`
│ Use `warn = false` in `Limiters.apply_limiter!` to suppress this message.
└ @ ClimaCore.Limiters ~/.julia/depots/levante-cpu/packages/ClimaCore/CYDDz/src/Limiters/quasimonotone.jl:383
┌ Warning: Limiter convergence stats:
│      `n_times_unconverged = 0`
│      `max_rel_err = 0.0`
│      `min_tracer_mass = Inf`
│ Use `warn = false` in `Limiters.apply_limiter!` to suppress this message.
└ @ ClimaCore.Limiters ~/.julia/depots/levante-cpu/packages/ClimaCore/CYDDz/src/Limiters/quasimonotone.jl:383
┌ Warning: Limiter convergence stats:
│      `n_times_unconverged = 0`
│      `max_rel_err = 0.0`
│      `min_tracer_mass = Inf`
│ Use `warn = false` in `Limiters.apply_limiter!` to suppress this message.
└ @ ClimaCore.Limiters ~/.julia/depots/levante-cpu/packages/ClimaCore/CYDDz/src/Limiters/quasimonotone.jl:383
┌ Warning: Limiter convergence stats:
│      `n_times_unconverged = 0`
│      `max_rel_err = 0.0`
│      `min_tracer_mass = Inf`
│ Use `warn = false` in `Limiters.apply_limiter!` to suppress this message.
└ @ ClimaCore.Limiters ~/.julia/depots/levante-cpu/packages/ClimaCore/CYDDz/src/Limiters/quasimonotone.jl:383
┌ Warning: Limiter convergence stats:
│      `n_times_unconverged = 0`
│      `max_rel_err = 0.0`
│      `min_tracer_mass = Inf`
│ Use `warn = false` in `Limiters.apply_limiter!` to suppress this message.
└ @ ClimaCore.Limiters ~/.julia/depots/levante-cpu/packages/ClimaCore/CYDDz/src/Limiters/quasimonotone.jl:383
┌ Warning: Limiter convergence stats:
│      `n_times_unconverged = 0`
│      `max_rel_err = 0.0`
│      `min_tracer_mass = Inf`
│ Use `warn = false` in `Limiters.apply_limiter!` to suppress this message.
└ @ ClimaCore.Limiters ~/.julia/depots/levante-cpu/packages/ClimaCore/CYDDz/src/Limiters/quasimonotone.jl:383
┌ Warning: Limiter convergence stats:
│      `n_times_unconverged = 0`
│      `max_rel_err = 0.0`
│      `min_tracer_mass = Inf`
│ Use `warn = false` in `Limiters.apply_limiter!` to suppress this message.
└ @ ClimaCore.Limiters ~/.julia/depots/levante-cpu/packages/ClimaCore/CYDDz/src/Limiters/quasimonotone.jl:383
┌ Warning: Limiter convergence stats:
│      `n_times_unconverged = 0`
│      `max_rel_err = 0.0`
│      `min_tracer_mass = Inf`
│ Use `warn = false` in `Limiters.apply_limiter!` to suppress this message.
└ @ ClimaCore.Limiters ~/.julia/depots/levante-cpu/packages/ClimaCore/CYDDz/src/Limiters/quasimonotone.jl:383
┌ Warning: Limiter convergence stats:
│      `n_times_unconverged = 0`
│      `max_rel_err = 0.0`
│      `min_tracer_mass = Inf`
│ Use `warn = false` in `Limiters.apply_limiter!` to suppress this message.
└ @ ClimaCore.Limiters ~/.julia/depots/levante-cpu/packages/ClimaCore/CYDDz/src/Limiters/quasimonotone.jl:383
┌ Warning: Limiter convergence stats:
│      `n_times_unconverged = 0`
│      `max_rel_err = 0.0`
│      `min_tracer_mass = Inf`
│ Use `warn = false` in `Limiters.apply_limiter!` to suppress this message.
└ @ ClimaCore.Limiters ~/.julia/depots/levante-cpu/packages/ClimaCore/CYDDz/src/Limiters/quasimonotone.jl:383
┌ Warning: Limiter convergence stats:
│      `n_times_unconverged = 0`
│      `max_rel_err = 0.0`
│      `min_tracer_mass = Inf`
│ Use `warn = false` in `Limiters.apply_limiter!` to suppress this message.
└ @ ClimaCore.Limiters ~/.julia/depots/levante-cpu/packages/ClimaCore/CYDDz/src/Limiters/quasimonotone.jl:383
┌ Warning: Limiter convergence stats:
│      `n_times_unconverged = 0`
│      `max_rel_err = 0.0`
│      `min_tracer_mass = Inf`
│ Use `warn = false` in `Limiters.apply_limiter!` to suppress this message.
└ @ ClimaCore.Limiters ~/.julia/depots/levante-cpu/packages/ClimaCore/CYDDz/src/Limiters/quasimonotone.jl:383
┌ Warning: Limiter convergence stats:
│      `n_times_unconverged = 0`
│      `max_rel_err = 0.0`
│      `min_tracer_mass = Inf`
│ Use `warn = false` in `Limiters.apply_limiter!` to suppress this message.
└ @ ClimaCore.Limiters ~/.julia/depots/levante-cpu/packages/ClimaCore/CYDDz/src/Limiters/quasimonotone.jl:383
┌ Warning: Limiter convergence stats:
│      `n_times_unconverged = 0`
│      `max_rel_err = 0.0`
│      `min_tracer_mass = Inf`
│ Use `warn = false` in `Limiters.apply_limiter!` to suppress this message.
└ @ ClimaCore.Limiters ~/.julia/depots/levante-cpu/packages/ClimaCore/CYDDz/src/Limiters/quasimonotone.jl:383
┌ Warning: Limiter convergence stats:
│      `n_times_unconverged = 0`
│      `max_rel_err = 0.0`
│      `min_tracer_mass = Inf`
│ Use `warn = false` in `Limiters.apply_limiter!` to suppress this message.
└ @ ClimaCore.Limiters ~/.julia/depots/levante-cpu/packages/ClimaCore/CYDDz/src/Limiters/quasimonotone.jl:383
┌ Warning: Limiter convergence stats:
│      `n_times_unconverged = 0`
│      `max_rel_err = 0.0`
│      `min_tracer_mass = Inf`
│ Use `warn = false` in `Limiters.apply_limiter!` to suppress this message.
└ @ ClimaCore.Limiters ~/.julia/depots/levante-cpu/packages/ClimaCore/CYDDz/src/Limiters/quasimonotone.jl:383
┌ Warning: Limiter convergence stats:
│      `n_times_unconverged = 0`
│      `max_rel_err = 0.0`
│      `min_tracer_mass = Inf`
│ Use `warn = false` in `Limiters.apply_limiter!` to suppress this message.
└ @ ClimaCore.Limiters ~/.julia/depots/levante-cpu/packages/ClimaCore/CYDDz/src/Limiters/quasimonotone.jl:383
┌ Warning: Limiter convergence stats:
│      `n_times_unconverged = 0`
│      `max_rel_err = 0.0`
│      `min_tracer_mass = Inf`
│ Use `warn = false` in `Limiters.apply_limiter!` to suppress this message.
└ @ ClimaCore.Limiters ~/.julia/depots/levante-cpu/packages/ClimaCore/CYDDz/src/Limiters/quasimonotone.jl:383
┌ Warning: Limiter convergence stats:
│      `n_times_unconverged = 0`
│      `max_rel_err = 0.0`
│      `min_tracer_mass = Inf`
│ Use `warn = false` in `Limiters.apply_limiter!` to suppress this message.
└ @ ClimaCore.Limiters ~/.julia/depots/levante-cpu/packages/ClimaCore/CYDDz/src/Limiters/quasimonotone.jl:383
┌ Warning: Limiter convergence stats:
│      `n_times_unconverged = 0`
│      `max_rel_err = 0.0`
│      `min_tracer_mass = Inf`
│ Use `warn = false` in `Limiters.apply_limiter!` to suppress this message.
└ @ ClimaCore.Limiters ~/.julia/depots/levante-cpu/packages/ClimaCore/CYDDz/src/Limiters/quasimonotone.jl:383
┌ Warning: Limiter convergence stats:
│      `n_times_unconverged = 0`
│      `max_rel_err = 0.0`
│      `min_tracer_mass = Inf`
│ Use `warn = false` in `Limiters.apply_limiter!` to suppress this message.
└ @ ClimaCore.Limiters ~/.julia/depots/levante-cpu/packages/ClimaCore/CYDDz/src/Limiters/quasimonotone.jl:383
┌ Warning: Limiter convergence stats:
│      `n_times_unconverged = 0`
│      `max_rel_err = 0.0`
│      `min_tracer_mass = Inf`
│ Use `warn = false` in `Limiters.apply_limiter!` to suppress this message.
└ @ ClimaCore.Limiters ~/.julia/depots/levante-cpu/packages/ClimaCore/CYDDz/src/Limiters/quasimonotone.jl:383
┌ Warning: Limiter convergence stats:
│      `n_times_unconverged = 0`
│      `max_rel_err = 0.0`
│      `min_tracer_mass = Inf`
│ Use `warn = false` in `Limiters.apply_limiter!` to suppress this message.
└ @ ClimaCore.Limiters ~/.julia/depots/levante-cpu/packages/ClimaCore/CYDDz/src/Limiters/quasimonotone.jl:383
┌ Warning: Limiter convergence stats:
│      `n_times_unconverged = 0`
│      `max_rel_err = 0.0`
│      `min_tracer_mass = Inf`
│ Use `warn = false` in `Limiters.apply_limiter!` to suppress this message.
└ @ ClimaCore.Limiters ~/.julia/depots/levante-cpu/packages/ClimaCore/CYDDz/src/Limiters/quasimonotone.jl:383
┌ Warning: Limiter convergence stats:
│      `n_times_unconverged = 0`
│      `max_rel_err = 0.0`
│      `min_tracer_mass = Inf`
│ Use `warn = false` in `Limiters.apply_limiter!` to suppress this message.
└ @ ClimaCore.Limiters ~/.julia/depots/levante-cpu/packages/ClimaCore/CYDDz/src/Limiters/quasimonotone.jl:383
┌ Warning: Limiter convergence stats:
│      `n_times_unconverged = 0`
│      `max_rel_err = 0.0`
│      `min_tracer_mass = Inf`
│ Use `warn = false` in `Limiters.apply_limiter!` to suppress this message.
└ @ ClimaCore.Limiters ~/.julia/depots/levante-cpu/packages/ClimaCore/CYDDz/src/Limiters/quasimonotone.jl:383
┌ Warning: Limiter convergence stats:
│      `n_times_unconverged = 0`
│      `max_rel_err = 0.0`
│      `min_tracer_mass = Inf`
│ Use `warn = false` in `Limiters.apply_limiter!` to suppress this message.
└ @ ClimaCore.Limiters ~/.julia/depots/levante-cpu/packages/ClimaCore/CYDDz/src/Limiters/quasimonotone.jl:383
┌ Warning: Limiter convergence stats:
│      `n_times_unconverged = 0`
│      `max_rel_err = 0.0`
│      `min_tracer_mass = Inf`
│ Use `warn = false` in `Limiters.apply_limiter!` to suppress this message.
└ @ ClimaCore.Limiters ~/.julia/depots/levante-cpu/packages/ClimaCore/CYDDz/src/Limiters/quasimonotone.jl:383
┌ Warning: Limiter convergence stats:
│      `n_times_unconverged = 0`
│      `max_rel_err = 0.0`
│      `min_tracer_mass = Inf`
│ Use `warn = false` in `Limiters.apply_limiter!` to suppress this message.
└ @ ClimaCore.Limiters ~/.julia/depots/levante-cpu/packages/ClimaCore/CYDDz/src/Limiters/quasimonotone.jl:383
┌ Warning: Limiter convergence stats:
│      `n_times_unconverged = 0`
│      `max_rel_err = 0.0`
│      `min_tracer_mass = Inf`
│ Use `warn = false` in `Limiters.apply_limiter!` to suppress this message.
└ @ ClimaCore.Limiters ~/.julia/depots/levante-cpu/packages/ClimaCore/CYDDz/src/Limiters/quasimonotone.jl:383
┌ Warning: Limiter convergence stats:
│      `n_times_unconverged = 0`
│      `max_rel_err = 0.0`
│      `min_tracer_mass = Inf`
│ Use `warn = false` in `Limiters.apply_limiter!` to suppress this message.
└ @ ClimaCore.Limiters ~/.julia/depots/levante-cpu/packages/ClimaCore/CYDDz/src/Limiters/quasimonotone.jl:383
┌ Warning: Limiter convergence stats:
│      `n_times_unconverged = 0`
│      `max_rel_err = 0.0`
│      `min_tracer_mass = Inf`
│ Use `warn = false` in `Limiters.apply_limiter!` to suppress this message.
└ @ ClimaCore.Limiters ~/.julia/depots/levante-cpu/packages/ClimaCore/CYDDz/src/Limiters/quasimonotone.jl:383
┌ Warning: Limiter convergence stats:
│      `n_times_unconverged = 0`
│      `max_rel_err = 0.0`
│      `min_tracer_mass = Inf`
│ Use `warn = false` in `Limiters.apply_limiter!` to suppress this message.
└ @ ClimaCore.Limiters ~/.julia/depots/levante-cpu/packages/ClimaCore/CYDDz/src/Limiters/quasimonotone.jl:383
┌ Warning: Limiter convergence stats:
│      `n_times_unconverged = 0`
│      `max_rel_err = 0.0`
│      `min_tracer_mass = Inf`
│ Use `warn = false` in `Limiters.apply_limiter!` to suppress this message.
└ @ ClimaCore.Limiters ~/.julia/depots/levante-cpu/packages/ClimaCore/CYDDz/src/Limiters/quasimonotone.jl:383
┌ Warning: Limiter convergence stats:
│      `n_times_unconverged = 0`
│      `max_rel_err = 0.0`
│      `min_tracer_mass = Inf`
│ Use `warn = false` in `Limiters.apply_limiter!` to suppress this message.
└ @ ClimaCore.Limiters ~/.julia/depots/levante-cpu/packages/ClimaCore/CYDDz/src/Limiters/quasimonotone.jl:383
┌ Warning: Limiter convergence stats:
│      `n_times_unconverged = 0`
│      `max_rel_err = 0.0`
│      `min_tracer_mass = Inf`
│ Use `warn = false` in `Limiters.apply_limiter!` to suppress this message.
└ @ ClimaCore.Limiters ~/.julia/depots/levante-cpu/packages/ClimaCore/CYDDz/src/Limiters/quasimonotone.jl:383
┌ Warning: Limiter convergence stats:
│      `n_times_unconverged = 0`
│      `max_rel_err = 0.0`
│      `min_tracer_mass = Inf`
│ Use `warn = false` in `Limiters.apply_limiter!` to suppress this message.
└ @ ClimaCore.Limiters ~/.julia/depots/levante-cpu/packages/ClimaCore/CYDDz/src/Limiters/quasimonotone.jl:383
┌ Warning: water tag closure residual 0.00015473582245668896 exceeds the configured tolerance 1.0e-10 at t = 14400.0 s. The tags no longer account for the field they partition; see output/a5_sphere_limiter/output_0001/water_tag_closure.csv.
└ @ ClimaAtmos ~/git/ClimaAtmosResiDyn.jl/src/parameterized_tendencies/tagged_tracers/tagged_tracers.jl:779
┌ Warning: water tag parent is non-positive over 35.53385146144626% of the domain volume at t = 14400.0 s, and closure will not show it. Water tags take loss in proportion to what they hold, so their shares are undefined there and the tags of those cells carry no provenance. Nothing in the model keeps `ρq_tot` non-negative: `tracer_nonnegativity_method` is off unless configured, and transport alone can take a cell below zero. Those cells have their tags emptied by `rescale_water_tags!` whenever a constraint clips the parent, so the water they held surfaces in the residual. A large fraction is worth investigating as a sign that the run is under-resolved or the timestep too long.
└ @ ClimaAtmos ~/git/ClimaAtmosResiDyn.jl/src/parameterized_tendencies/tagged_tracers/tagged_tracers.jl:788
┌ Info: Progress
│   simulation_time = "4 hours"
│   n_steps_completed = 48
│   wall_time_per_step = "491 milliseconds, 491 microseconds"
│   wall_time_total = "2 minutes, 21 seconds"
│   wall_time_remaining = "1 minute, 57 seconds"
│   wall_time_spent = "23 seconds, 591 milliseconds"
│   percent_complete = "16.7%"
│   estimated_sypd = "1.671"
│   instantaneous_sypd = "1.797"
│   date_now = 2026-09-10T10:07:14.691
└   estimated_finish_date = 2026-09-10T10:09:12.691
┌ Warning: Limiter convergence stats:
│      `n_times_unconverged = 0`
│      `max_rel_err = 0.0`
│      `min_tracer_mass = Inf`
│ Use `warn = false` in `Limiters.apply_limiter!` to suppress this message.
└ @ ClimaCore.Limiters ~/.julia/depots/levante-cpu/packages/ClimaCore/CYDDz/src/Limiters/quasimonotone.jl:383
┌ Warning: Limiter convergence stats:
│      `n_times_unconverged = 0`
│      `max_rel_err = 0.0`
│      `min_tracer_mass = Inf`
│ Use `warn = false` in `Limiters.apply_limiter!` to suppress this message.
└ @ ClimaCore.Limiters ~/.julia/depots/levante-cpu/packages/ClimaCore/CYDDz/src/Limiters/quasimonotone.jl:383
┌ Warning: Limiter convergence stats:
│      `n_times_unconverged = 0`
│      `max_rel_err = 0.0`
│      `min_tracer_mass = Inf`
│ Use `warn = false` in `Limiters.apply_limiter!` to suppress this message.
└ @ ClimaCore.Limiters ~/.julia/depots/levante-cpu/packages/ClimaCore/CYDDz/src/Limiters/quasimonotone.jl:383
┌ Warning: Limiter convergence stats:
│      `n_times_unconverged = 0`
│      `max_rel_err = 0.0`
│      `min_tracer_mass = Inf`
│ Use `warn = false` in `Limiters.apply_limiter!` to suppress this message.
└ @ ClimaCore.Limiters ~/.julia/depots/levante-cpu/packages/ClimaCore/CYDDz/src/Limiters/quasimonotone.jl:383
┌ Warning: Limiter convergence stats:
│      `n_times_unconverged = 0`
│      `max_rel_err = 0.0`
│      `min_tracer_mass = Inf`
│ Use `warn = false` in `Limiters.apply_limiter!` to suppress this message.
└ @ ClimaCore.Limiters ~/.julia/depots/levante-cpu/packages/ClimaCore/CYDDz/src/Limiters/quasimonotone.jl:383
┌ Warning: Limiter convergence stats:
│      `n_times_unconverged = 0`
│      `max_rel_err = 0.0`
│      `min_tracer_mass = Inf`
│ Use `warn = false` in `Limiters.apply_limiter!` to suppress this message.
└ @ ClimaCore.Limiters ~/.julia/depots/levante-cpu/packages/ClimaCore/CYDDz/src/Limiters/quasimonotone.jl:383
┌ Warning: Limiter convergence stats:
│      `n_times_unconverged = 0`
│      `max_rel_err = 0.0`
│      `min_tracer_mass = Inf`
│ Use `warn = false` in `Limiters.apply_limiter!` to suppress this message.
└ @ ClimaCore.Limiters ~/.julia/depots/levante-cpu/packages/ClimaCore/CYDDz/src/Limiters/quasimonotone.jl:383
┌ Warning: Limiter convergence stats:
│      `n_times_unconverged = 0`
│      `max_rel_err = 0.0`
│      `min_tracer_mass = Inf`
│ Use `warn = false` in `Limiters.apply_limiter!` to suppress this message.
└ @ ClimaCore.Limiters ~/.julia/depots/levante-cpu/packages/ClimaCore/CYDDz/src/Limiters/quasimonotone.jl:383
┌ Warning: Limiter convergence stats:
│      `n_times_unconverged = 0`
│      `max_rel_err = 0.0`
│      `min_tracer_mass = Inf`
│ Use `warn = false` in `Limiters.apply_limiter!` to suppress this message.
└ @ ClimaCore.Limiters ~/.julia/depots/levante-cpu/packages/ClimaCore/CYDDz/src/Limiters/quasimonotone.jl:383
┌ Warning: Limiter convergence stats:
│      `n_times_unconverged = 0`
│      `max_rel_err = 0.0`
│      `min_tracer_mass = Inf`
│ Use `warn = false` in `Limiters.apply_limiter!` to suppress this message.
└ @ ClimaCore.Limiters ~/.julia/depots/levante-cpu/packages/ClimaCore/CYDDz/src/Limiters/quasimonotone.jl:383
┌ Warning: Limiter convergence stats:
│      `n_times_unconverged = 0`
│      `max_rel_err = 0.0`
│      `min_tracer_mass = Inf`
│ Use `warn = false` in `Limiters.apply_limiter!` to suppress this message.
└ @ ClimaCore.Limiters ~/.julia/depots/levante-cpu/packages/ClimaCore/CYDDz/src/Limiters/quasimonotone.jl:383
┌ Warning: Limiter convergence stats:
│      `n_times_unconverged = 0`
│      `max_rel_err = 0.0`
│      `min_tracer_mass = Inf`
│ Use `warn = false` in `Limiters.apply_limiter!` to suppress this message.
└ @ ClimaCore.Limiters ~/.julia/depots/levante-cpu/packages/ClimaCore/CYDDz/src/Limiters/quasimonotone.jl:383
┌ Warning: Limiter convergence stats:
│      `n_times_unconverged = 0`
│      `max_rel_err = 0.0`
│      `min_tracer_mass = Inf`
│ Use `warn = false` in `Limiters.apply_limiter!` to suppress this message.
└ @ ClimaCore.Limiters ~/.julia/depots/levante-cpu/packages/ClimaCore/CYDDz/src/Limiters/quasimonotone.jl:383
┌ Warning: Limiter convergence stats:
│      `n_times_unconverged = 0`
│      `max_rel_err = 0.0`
│      `min_tracer_mass = Inf`
│ Use `warn = false` in `Limiters.apply_limiter!` to suppress this message.
└ @ ClimaCore.Limiters ~/.julia/depots/levante-cpu/packages/ClimaCore/CYDDz/src/Limiters/quasimonotone.jl:383
┌ Warning: Limiter convergence stats:
│      `n_times_unconverged = 0`
│      `max_rel_err = 0.0`
│      `min_tracer_mass = Inf`
│ Use `warn = false` in `Limiters.apply_limiter!` to suppress this message.
└ @ ClimaCore.Limiters ~/.julia/depots/levante-cpu/packages/ClimaCore/CYDDz/src/Limiters/quasimonotone.jl:383
┌ Warning: Limiter convergence stats:
│      `n_times_unconverged = 0`
│      `max_rel_err = 0.0`
│      `min_tracer_mass = Inf`
│ Use `warn = false` in `Limiters.apply_limiter!` to suppress this message.
└ @ ClimaCore.Limiters ~/.julia/depots/levante-cpu/packages/ClimaCore/CYDDz/src/Limiters/quasimonotone.jl:383
┌ Warning: Limiter convergence stats:
│      `n_times_unconverged = 0`
│      `max_rel_err = 0.0`
│      `min_tracer_mass = Inf`
│ Use `warn = false` in `Limiters.apply_limiter!` to suppress this message.
└ @ ClimaCore.Limiters ~/.julia/depots/levante-cpu/packages/ClimaCore/CYDDz/src/Limiters/quasimonotone.jl:383
┌ Warning: Limiter convergence stats:
│      `n_times_unconverged = 0`
│      `max_rel_err = 0.0`
│      `min_tracer_mass = Inf`
│ Use `warn = false` in `Limiters.apply_limiter!` to suppress this message.
└ @ ClimaCore.Limiters ~/.julia/depots/levante-cpu/packages/ClimaCore/CYDDz/src/Limiters/quasimonotone.jl:383
┌ Warning: Limiter convergence stats:
│      `n_times_unconverged = 0`
│      `max_rel_err = 0.0`
│      `min_tracer_mass = Inf`
│ Use `warn = false` in `Limiters.apply_limiter!` to suppress this message.
└ @ ClimaCore.Limiters ~/.julia/depots/levante-cpu/packages/ClimaCore/CYDDz/src/Limiters/quasimonotone.jl:383
┌ Warning: Limiter convergence stats:
│      `n_times_unconverged = 0`
│      `max_rel_err = 0.0`
│      `min_tracer_mass = Inf`
│ Use `warn = false` in `Limiters.apply_limiter!` to suppress this message.
└ @ ClimaCore.Limiters ~/.julia/depots/levante-cpu/packages/ClimaCore/CYDDz/src/Limiters/quasimonotone.jl:383
┌ Warning: Limiter convergence stats:
│      `n_times_unconverged = 0`
│      `max_rel_err = 0.0`
│      `min_tracer_mass = Inf`
│ Use `warn = false` in `Limiters.apply_limiter!` to suppress this message.
└ @ ClimaCore.Limiters ~/.julia/depots/levante-cpu/packages/ClimaCore/CYDDz/src/Limiters/quasimonotone.jl:383
┌ Warning: Limiter convergence stats:
│      `n_times_unconverged = 0`
│      `max_rel_err = 0.0`
│      `min_tracer_mass = Inf`
│ Use `warn = false` in `Limiters.apply_limiter!` to suppress this message.
└ @ ClimaCore.Limiters ~/.julia/depots/levante-cpu/packages/ClimaCore/CYDDz/src/Limiters/quasimonotone.jl:383
┌ Warning: Limiter convergence stats:
│      `n_times_unconverged = 0`
│      `max_rel_err = 0.0`
│      `min_tracer_mass = Inf`
│ Use `warn = false` in `Limiters.apply_limiter!` to suppress this message.
└ @ ClimaCore.Limiters ~/.julia/depots/levante-cpu/packages/ClimaCore/CYDDz/src/Limiters/quasimonotone.jl:383
┌ Warning: Limiter convergence stats:
│      `n_times_unconverged = 0`
│      `max_rel_err = 0.0`
│      `min_tracer_mass = Inf`
│ Use `warn = false` in `Limiters.apply_limiter!` to suppress this message.
└ @ ClimaCore.Limiters ~/.julia/depots/levante-cpu/packages/ClimaCore/CYDDz/src/Limiters/quasimonotone.jl:383
┌ Warning: Limiter convergence stats:
│      `n_times_unconverged = 0`
│      `max_rel_err = 0.0`
│      `min_tracer_mass = Inf`
│ Use `warn = false` in `Limiters.apply_limiter!` to suppress this message.
└ @ ClimaCore.Limiters ~/.julia/depots/levante-cpu/packages/ClimaCore/CYDDz/src/Limiters/quasimonotone.jl:383
┌ Warning: Limiter convergence stats:
│      `n_times_unconverged = 0`
│      `max_rel_err = 0.0`
│      `min_tracer_mass = Inf`
│ Use `warn = false` in `Limiters.apply_limiter!` to suppress this message.
└ @ ClimaCore.Limiters ~/.julia/depots/levante-cpu/packages/ClimaCore/CYDDz/src/Limiters/quasimonotone.jl:383
┌ Warning: Limiter convergence stats:
│      `n_times_unconverged = 0`
│      `max_rel_err = 0.0`
│      `min_tracer_mass = Inf`
│ Use `warn = false` in `Limiters.apply_limiter!` to suppress this message.
└ @ ClimaCore.Limiters ~/.julia/depots/levante-cpu/packages/ClimaCore/CYDDz/src/Limiters/quasimonotone.jl:383
┌ Warning: Limiter convergence stats:
│      `n_times_unconverged = 0`
│      `max_rel_err = 0.0`
│      `min_tracer_mass = Inf`
│ Use `warn = false` in `Limiters.apply_limiter!` to suppress this message.
└ @ ClimaCore.Limiters ~/.julia/depots/levante-cpu/packages/ClimaCore/CYDDz/src/Limiters/quasimonotone.jl:383
┌ Warning: Limiter convergence stats:
│      `n_times_unconverged = 0`
│      `max_rel_err = 0.0`
│      `min_tracer_mass = Inf`
│ Use `warn = false` in `Limiters.apply_limiter!` to suppress this message.
└ @ ClimaCore.Limiters ~/.julia/depots/levante-cpu/packages/ClimaCore/CYDDz/src/Limiters/quasimonotone.jl:383
┌ Warning: Limiter convergence stats:
│      `n_times_unconverged = 0`
│      `max_rel_err = 0.0`
│      `min_tracer_mass = Inf`
│ Use `warn = false` in `Limiters.apply_limiter!` to suppress this message.
└ @ ClimaCore.Limiters ~/.julia/depots/levante-cpu/packages/ClimaCore/CYDDz/src/Limiters/quasimonotone.jl:383
┌ Warning: Limiter convergence stats:
│      `n_times_unconverged = 0`
│      `max_rel_err = 0.0`
│      `min_tracer_mass = Inf`
│ Use `warn = false` in `Limiters.apply_limiter!` to suppress this message.
└ @ ClimaCore.Limiters ~/.julia/depots/levante-cpu/packages/ClimaCore/CYDDz/src/Limiters/quasimonotone.jl:383
┌ Warning: Limiter convergence stats:
│      `n_times_unconverged = 0`
│      `max_rel_err = 0.0`
│      `min_tracer_mass = Inf`
│ Use `warn = false` in `Limiters.apply_limiter!` to suppress this message.
└ @ ClimaCore.Limiters ~/.julia/depots/levante-cpu/packages/ClimaCore/CYDDz/src/Limiters/quasimonotone.jl:383
┌ Warning: Limiter convergence stats:
│      `n_times_unconverged = 0`
│      `max_rel_err = 0.0`
│      `min_tracer_mass = Inf`
│ Use `warn = false` in `Limiters.apply_limiter!` to suppress this message.
└ @ ClimaCore.Limiters ~/.julia/depots/levante-cpu/packages/ClimaCore/CYDDz/src/Limiters/quasimonotone.jl:383
┌ Warning: Limiter convergence stats:
│      `n_times_unconverged = 0`
│      `max_rel_err = 0.0`
│      `min_tracer_mass = Inf`
│ Use `warn = false` in `Limiters.apply_limiter!` to suppress this message.
└ @ ClimaCore.Limiters ~/.julia/depots/levante-cpu/packages/ClimaCore/CYDDz/src/Limiters/quasimonotone.jl:383
┌ Warning: Limiter convergence stats:
│      `n_times_unconverged = 0`
│      `max_rel_err = 0.0`
│      `min_tracer_mass = Inf`
│ Use `warn = false` in `Limiters.apply_limiter!` to suppress this message.
└ @ ClimaCore.Limiters ~/.julia/depots/levante-cpu/packages/ClimaCore/CYDDz/src/Limiters/quasimonotone.jl:383
┌ Warning: Limiter convergence stats:
│      `n_times_unconverged = 0`
│      `max_rel_err = 0.0`
│      `min_tracer_mass = Inf`
│ Use `warn = false` in `Limiters.apply_limiter!` to suppress this message.
└ @ ClimaCore.Limiters ~/.julia/depots/levante-cpu/packages/ClimaCore/CYDDz/src/Limiters/quasimonotone.jl:383
┌ Warning: Limiter convergence stats:
│      `n_times_unconverged = 0`
│      `max_rel_err = 0.0`
│      `min_tracer_mass = Inf`
│ Use `warn = false` in `Limiters.apply_limiter!` to suppress this message.
└ @ ClimaCore.Limiters ~/.julia/depots/levante-cpu/packages/ClimaCore/CYDDz/src/Limiters/quasimonotone.jl:383
┌ Warning: Limiter convergence stats:
│      `n_times_unconverged = 0`
│      `max_rel_err = 0.0`
│      `min_tracer_mass = Inf`
│ Use `warn = false` in `Limiters.apply_limiter!` to suppress this message.
└ @ ClimaCore.Limiters ~/.julia/depots/levante-cpu/packages/ClimaCore/CYDDz/src/Limiters/quasimonotone.jl:383
┌ Warning: Limiter convergence stats:
│      `n_times_unconverged = 0`
│      `max_rel_err = 0.0`
│      `min_tracer_mass = Inf`
│ Use `warn = false` in `Limiters.apply_limiter!` to suppress this message.
└ @ ClimaCore.Limiters ~/.julia/depots/levante-cpu/packages/ClimaCore/CYDDz/src/Limiters/quasimonotone.jl:383
┌ Warning: Limiter convergence stats:
│      `n_times_unconverged = 0`
│      `max_rel_err = 0.0`
│      `min_tracer_mass = Inf`
│ Use `warn = false` in `Limiters.apply_limiter!` to suppress this message.
└ @ ClimaCore.Limiters ~/.julia/depots/levante-cpu/packages/ClimaCore/CYDDz/src/Limiters/quasimonotone.jl:383
┌ Warning: Limiter convergence stats:
│      `n_times_unconverged = 0`
│      `max_rel_err = 0.0`
│      `min_tracer_mass = Inf`
│ Use `warn = false` in `Limiters.apply_limiter!` to suppress this message.
└ @ ClimaCore.Limiters ~/.julia/depots/levante-cpu/packages/ClimaCore/CYDDz/src/Limiters/quasimonotone.jl:383
┌ Warning: Limiter convergence stats:
│      `n_times_unconverged = 0`
│      `max_rel_err = 0.0`
│      `min_tracer_mass = Inf`
│ Use `warn = false` in `Limiters.apply_limiter!` to suppress this message.
└ @ ClimaCore.Limiters ~/.julia/depots/levante-cpu/packages/ClimaCore/CYDDz/src/Limiters/quasimonotone.jl:383
┌ Warning: Limiter convergence stats:
│      `n_times_unconverged = 0`
│      `max_rel_err = 0.0`
│      `min_tracer_mass = Inf`
│ Use `warn = false` in `Limiters.apply_limiter!` to suppress this message.
└ @ ClimaCore.Limiters ~/.julia/depots/levante-cpu/packages/ClimaCore/CYDDz/src/Limiters/quasimonotone.jl:383
┌ Warning: Limiter convergence stats:
│      `n_times_unconverged = 0`
│      `max_rel_err = 0.0`
│      `min_tracer_mass = Inf`
│ Use `warn = false` in `Limiters.apply_limiter!` to suppress this message.
└ @ ClimaCore.Limiters ~/.julia/depots/levante-cpu/packages/ClimaCore/CYDDz/src/Limiters/quasimonotone.jl:383
┌ Warning: Limiter convergence stats:
│      `n_times_unconverged = 0`
│      `max_rel_err = 0.0`
│      `min_tracer_mass = Inf`
│ Use `warn = false` in `Limiters.apply_limiter!` to suppress this message.
└ @ ClimaCore.Limiters ~/.julia/depots/levante-cpu/packages/ClimaCore/CYDDz/src/Limiters/quasimonotone.jl:383
┌ Warning: Limiter convergence stats:
│      `n_times_unconverged = 0`
│      `max_rel_err = 0.0`
│      `min_tracer_mass = Inf`
│ Use `warn = false` in `Limiters.apply_limiter!` to suppress this message.
└ @ ClimaCore.Limiters ~/.julia/depots/levante-cpu/packages/ClimaCore/CYDDz/src/Limiters/quasimonotone.jl:383
┌ Warning: Limiter convergence stats:
│      `n_times_unconverged = 0`
│      `max_rel_err = 0.0`
│      `min_tracer_mass = Inf`
│ Use `warn = false` in `Limiters.apply_limiter!` to suppress this message.
└ @ ClimaCore.Limiters ~/.julia/depots/levante-cpu/packages/ClimaCore/CYDDz/src/Limiters/quasimonotone.jl:383
┌ Warning: Limiter convergence stats:
│      `n_times_unconverged = 0`
│      `max_rel_err = 0.0`
│      `min_tracer_mass = Inf`
│ Use `warn = false` in `Limiters.apply_limiter!` to suppress this message.
└ @ ClimaCore.Limiters ~/.julia/depots/levante-cpu/packages/ClimaCore/CYDDz/src/Limiters/quasimonotone.jl:383
┌ Warning: water tag closure residual 0.00017962894951620314 exceeds the configured tolerance 1.0e-10 at t = 18000.0 s. The tags no longer account for the field they partition; see output/a5_sphere_limiter/output_0001/water_tag_closure.csv.
└ @ ClimaAtmos ~/git/ClimaAtmosResiDyn.jl/src/parameterized_tendencies/tagged_tracers/tagged_tracers.jl:779
┌ Warning: water tag parent is non-positive over 35.53385146144626% of the domain volume at t = 18000.0 s, and closure will not show it. Water tags take loss in proportion to what they hold, so their shares are undefined there and the tags of those cells carry no provenance. Nothing in the model keeps `ρq_tot` non-negative: `tracer_nonnegativity_method` is off unless configured, and transport alone can take a cell below zero. Those cells have their tags emptied by `rescale_water_tags!` whenever a constraint clips the parent, so the water they held surfaces in the residual. A large fraction is worth investigating as a sign that the run is under-resolved or the timestep too long.
└ @ ClimaAtmos ~/git/ClimaAtmosResiDyn.jl/src/parameterized_tendencies/tagged_tracers/tagged_tracers.jl:788
┌ Warning: Limiter convergence stats:
│      `n_times_unconverged = 0`
│      `max_rel_err = 0.0`
│      `min_tracer_mass = Inf`
│ Use `warn = false` in `Limiters.apply_limiter!` to suppress this message.
└ @ ClimaCore.Limiters ~/.julia/depots/levante-cpu/packages/ClimaCore/CYDDz/src/Limiters/quasimonotone.jl:383
┌ Warning: Limiter convergence stats:
│      `n_times_unconverged = 0`
│      `max_rel_err = 0.0`
│      `min_tracer_mass = Inf`
│ Use `warn = false` in `Limiters.apply_limiter!` to suppress this message.
└ @ ClimaCore.Limiters ~/.julia/depots/levante-cpu/packages/ClimaCore/CYDDz/src/Limiters/quasimonotone.jl:383
┌ Warning: Limiter convergence stats:
│      `n_times_unconverged = 0`
│      `max_rel_err = 0.0`
│      `min_tracer_mass = Inf`
│ Use `warn = false` in `Limiters.apply_limiter!` to suppress this message.
└ @ ClimaCore.Limiters ~/.julia/depots/levante-cpu/packages/ClimaCore/CYDDz/src/Limiters/quasimonotone.jl:383
┌ Warning: Limiter convergence stats:
│      `n_times_unconverged = 0`
│      `max_rel_err = 0.0`
│      `min_tracer_mass = Inf`
│ Use `warn = false` in `Limiters.apply_limiter!` to suppress this message.
└ @ ClimaCore.Limiters ~/.julia/depots/levante-cpu/packages/ClimaCore/CYDDz/src/Limiters/quasimonotone.jl:383
┌ Warning: Limiter convergence stats:
│      `n_times_unconverged = 0`
│      `max_rel_err = 0.0`
│      `min_tracer_mass = Inf`
│ Use `warn = false` in `Limiters.apply_limiter!` to suppress this message.
└ @ ClimaCore.Limiters ~/.julia/depots/levante-cpu/packages/ClimaCore/CYDDz/src/Limiters/quasimonotone.jl:383
┌ Warning: Limiter convergence stats:
│      `n_times_unconverged = 0`
│      `max_rel_err = 0.0`
│      `min_tracer_mass = Inf`
│ Use `warn = false` in `Limiters.apply_limiter!` to suppress this message.
└ @ ClimaCore.Limiters ~/.julia/depots/levante-cpu/packages/ClimaCore/CYDDz/src/Limiters/quasimonotone.jl:383
┌ Warning: Limiter convergence stats:
│      `n_times_unconverged = 0`
│      `max_rel_err = 0.0`
│      `min_tracer_mass = Inf`
│ Use `warn = false` in `Limiters.apply_limiter!` to suppress this message.
└ @ ClimaCore.Limiters ~/.julia/depots/levante-cpu/packages/ClimaCore/CYDDz/src/Limiters/quasimonotone.jl:383
┌ Warning: Limiter convergence stats:
│      `n_times_unconverged = 0`
│      `max_rel_err = 0.0`
│      `min_tracer_mass = Inf`
│ Use `warn = false` in `Limiters.apply_limiter!` to suppress this message.
└ @ ClimaCore.Limiters ~/.julia/depots/levante-cpu/packages/ClimaCore/CYDDz/src/Limiters/quasimonotone.jl:383
┌ Warning: Limiter convergence stats:
│      `n_times_unconverged = 0`
│      `max_rel_err = 0.0`
│      `min_tracer_mass = Inf`
│ Use `warn = false` in `Limiters.apply_limiter!` to suppress this message.
└ @ ClimaCore.Limiters ~/.julia/depots/levante-cpu/packages/ClimaCore/CYDDz/src/Limiters/quasimonotone.jl:383
┌ Warning: Limiter convergence stats:
│      `n_times_unconverged = 0`
│      `max_rel_err = 0.0`
│      `min_tracer_mass = Inf`
│ Use `warn = false` in `Limiters.apply_limiter!` to suppress this message.
└ @ ClimaCore.Limiters ~/.julia/depots/levante-cpu/packages/ClimaCore/CYDDz/src/Limiters/quasimonotone.jl:383
┌ Warning: Limiter convergence stats:
│      `n_times_unconverged = 0`
│      `max_rel_err = 0.0`
│      `min_tracer_mass = Inf`
│ Use `warn = false` in `Limiters.apply_limiter!` to suppress this message.
└ @ ClimaCore.Limiters ~/.julia/depots/levante-cpu/packages/ClimaCore/CYDDz/src/Limiters/quasimonotone.jl:383
┌ Warning: Limiter convergence stats:
│      `n_times_unconverged = 0`
│      `max_rel_err = 0.0`
│      `min_tracer_mass = Inf`
│ Use `warn = false` in `Limiters.apply_limiter!` to suppress this message.
└ @ ClimaCore.Limiters ~/.julia/depots/levante-cpu/packages/ClimaCore/CYDDz/src/Limiters/quasimonotone.jl:383
┌ Warning: Limiter convergence stats:
│      `n_times_unconverged = 0`
│      `max_rel_err = 0.0`
│      `min_tracer_mass = Inf`
│ Use `warn = false` in `Limiters.apply_limiter!` to suppress this message.
└ @ ClimaCore.Limiters ~/.julia/depots/levante-cpu/packages/ClimaCore/CYDDz/src/Limiters/quasimonotone.jl:383
┌ Warning: Limiter convergence stats:
│      `n_times_unconverged = 0`
│      `max_rel_err = 0.0`
│      `min_tracer_mass = Inf`
│ Use `warn = false` in `Limiters.apply_limiter!` to suppress this message.
└ @ ClimaCore.Limiters ~/.julia/depots/levante-cpu/packages/ClimaCore/CYDDz/src/Limiters/quasimonotone.jl:383
┌ Warning: Limiter convergence stats:
│      `n_times_unconverged = 0`
│      `max_rel_err = 0.0`
│      `min_tracer_mass = Inf`
│ Use `warn = false` in `Limiters.apply_limiter!` to suppress this message.
└ @ ClimaCore.Limiters ~/.julia/depots/levante-cpu/packages/ClimaCore/CYDDz/src/Limiters/quasimonotone.jl:383
┌ Warning: Limiter convergence stats:
│      `n_times_unconverged = 0`
│      `max_rel_err = 0.0`
│      `min_tracer_mass = Inf`
│ Use `warn = false` in `Limiters.apply_limiter!` to suppress this message.
└ @ ClimaCore.Limiters ~/.julia/depots/levante-cpu/packages/ClimaCore/CYDDz/src/Limiters/quasimonotone.jl:383
┌ Info: Progress
│   simulation_time = "5 hours, 20 minutes"
│   n_steps_completed = 64
│   wall_time_per_step = "484 milliseconds, 321 microseconds"
│   wall_time_total = "2 minutes, 19 seconds"
│   wall_time_remaining = "1 minute, 48 seconds"
│   wall_time_spent = "30 seconds, 996 milliseconds"
│   percent_complete = "22.2%"
│   estimated_sypd = "1.696"
│   instantaneous_sypd = "1.775"
│   date_now = 2026-09-10T10:07:22.096
└   estimated_finish_date = 2026-09-10T10:09:11.096
┌ Warning: Limiter convergence stats:
│      `n_times_unconverged = 0`
│      `max_rel_err = 0.0`
│      `min_tracer_mass = Inf`
│ Use `warn = false` in `Limiters.apply_limiter!` to suppress this message.
└ @ ClimaCore.Limiters ~/.julia/depots/levante-cpu/packages/ClimaCore/CYDDz/src/Limiters/quasimonotone.jl:383
┌ Warning: Limiter convergence stats:
│      `n_times_unconverged = 0`
│      `max_rel_err = 0.0`
│      `min_tracer_mass = Inf`
│ Use `warn = false` in `Limiters.apply_limiter!` to suppress this message.
└ @ ClimaCore.Limiters ~/.julia/depots/levante-cpu/packages/ClimaCore/CYDDz/src/Limiters/quasimonotone.jl:383
┌ Warning: Limiter convergence stats:
│      `n_times_unconverged = 0`
│      `max_rel_err = 0.0`
│      `min_tracer_mass = Inf`
│ Use `warn = false` in `Limiters.apply_limiter!` to suppress this message.
└ @ ClimaCore.Limiters ~/.julia/depots/levante-cpu/packages/ClimaCore/CYDDz/src/Limiters/quasimonotone.jl:383
┌ Warning: Limiter convergence stats:
│      `n_times_unconverged = 0`
│      `max_rel_err = 0.0`
│      `min_tracer_mass = Inf`
│ Use `warn = false` in `Limiters.apply_limiter!` to suppress this message.
└ @ ClimaCore.Limiters ~/.julia/depots/levante-cpu/packages/ClimaCore/CYDDz/src/Limiters/quasimonotone.jl:383
┌ Warning: Limiter convergence stats:
│      `n_times_unconverged = 0`
│      `max_rel_err = 0.0`
│      `min_tracer_mass = Inf`
│ Use `warn = false` in `Limiters.apply_limiter!` to suppress this message.
└ @ ClimaCore.Limiters ~/.julia/depots/levante-cpu/packages/ClimaCore/CYDDz/src/Limiters/quasimonotone.jl:383
┌ Warning: Limiter convergence stats:
│      `n_times_unconverged = 0`
│      `max_rel_err = 0.0`
│      `min_tracer_mass = Inf`
│ Use `warn = false` in `Limiters.apply_limiter!` to suppress this message.
└ @ ClimaCore.Limiters ~/.julia/depots/levante-cpu/packages/ClimaCore/CYDDz/src/Limiters/quasimonotone.jl:383
┌ Warning: Limiter convergence stats:
│      `n_times_unconverged = 0`
│      `max_rel_err = 0.0`
│      `min_tracer_mass = Inf`
│ Use `warn = false` in `Limiters.apply_limiter!` to suppress this message.
└ @ ClimaCore.Limiters ~/.julia/depots/levante-cpu/packages/ClimaCore/CYDDz/src/Limiters/quasimonotone.jl:383
┌ Warning: Limiter convergence stats:
│      `n_times_unconverged = 0`
│      `max_rel_err = 0.0`
│      `min_tracer_mass = Inf`
│ Use `warn = false` in `Limiters.apply_limiter!` to suppress this message.
└ @ ClimaCore.Limiters ~/.julia/depots/levante-cpu/packages/ClimaCore/CYDDz/src/Limiters/quasimonotone.jl:383
┌ Warning: Limiter convergence stats:
│      `n_times_unconverged = 0`
│      `max_rel_err = 0.0`
│      `min_tracer_mass = Inf`
│ Use `warn = false` in `Limiters.apply_limiter!` to suppress this message.
└ @ ClimaCore.Limiters ~/.julia/depots/levante-cpu/packages/ClimaCore/CYDDz/src/Limiters/quasimonotone.jl:383
┌ Warning: Limiter convergence stats:
│      `n_times_unconverged = 0`
│      `max_rel_err = 0.0`
│      `min_tracer_mass = Inf`
│ Use `warn = false` in `Limiters.apply_limiter!` to suppress this message.
└ @ ClimaCore.Limiters ~/.julia/depots/levante-cpu/packages/ClimaCore/CYDDz/src/Limiters/quasimonotone.jl:383
┌ Warning: Limiter convergence stats:
│      `n_times_unconverged = 0`
│      `max_rel_err = 0.0`
│      `min_tracer_mass = Inf`
│ Use `warn = false` in `Limiters.apply_limiter!` to suppress this message.
└ @ ClimaCore.Limiters ~/.julia/depots/levante-cpu/packages/ClimaCore/CYDDz/src/Limiters/quasimonotone.jl:383
┌ Warning: Limiter convergence stats:
│      `n_times_unconverged = 0`
│      `max_rel_err = 0.0`
│      `min_tracer_mass = Inf`
│ Use `warn = false` in `Limiters.apply_limiter!` to suppress this message.
└ @ ClimaCore.Limiters ~/.julia/depots/levante-cpu/packages/ClimaCore/CYDDz/src/Limiters/quasimonotone.jl:383
┌ Warning: Limiter convergence stats:
│      `n_times_unconverged = 0`
│      `max_rel_err = 0.0`
│      `min_tracer_mass = Inf`
│ Use `warn = false` in `Limiters.apply_limiter!` to suppress this message.
└ @ ClimaCore.Limiters ~/.julia/depots/levante-cpu/packages/ClimaCore/CYDDz/src/Limiters/quasimonotone.jl:383
┌ Warning: Limiter convergence stats:
│      `n_times_unconverged = 0`
│      `max_rel_err = 0.0`
│      `min_tracer_mass = Inf`
│ Use `warn = false` in `Limiters.apply_limiter!` to suppress this message.
└ @ ClimaCore.Limiters ~/.julia/depots/levante-cpu/packages/ClimaCore/CYDDz/src/Limiters/quasimonotone.jl:383
┌ Warning: Limiter convergence stats:
│      `n_times_unconverged = 0`
│      `max_rel_err = 0.0`
│      `min_tracer_mass = Inf`
│ Use `warn = false` in `Limiters.apply_limiter!` to suppress this message.
└ @ ClimaCore.Limiters ~/.julia/depots/levante-cpu/packages/ClimaCore/CYDDz/src/Limiters/quasimonotone.jl:383
┌ Warning: Limiter convergence stats:
│      `n_times_unconverged = 0`
│      `max_rel_err = 0.0`
│      `min_tracer_mass = Inf`
│ Use `warn = false` in `Limiters.apply_limiter!` to suppress this message.
└ @ ClimaCore.Limiters ~/.julia/depots/levante-cpu/packages/ClimaCore/CYDDz/src/Limiters/quasimonotone.jl:383
┌ Warning: Limiter convergence stats:
│      `n_times_unconverged = 0`
│      `max_rel_err = 0.0`
│      `min_tracer_mass = Inf`
│ Use `warn = false` in `Limiters.apply_limiter!` to suppress this message.
└ @ ClimaCore.Limiters ~/.julia/depots/levante-cpu/packages/ClimaCore/CYDDz/src/Limiters/quasimonotone.jl:383
┌ Warning: Limiter convergence stats:
│      `n_times_unconverged = 0`
│      `max_rel_err = 0.0`
│      `min_tracer_mass = Inf`
│ Use `warn = false` in `Limiters.apply_limiter!` to suppress this message.
└ @ ClimaCore.Limiters ~/.julia/depots/levante-cpu/packages/ClimaCore/CYDDz/src/Limiters/quasimonotone.jl:383
┌ Warning: Limiter convergence stats:
│      `n_times_unconverged = 0`
│      `max_rel_err = 0.0`
│      `min_tracer_mass = Inf`
│ Use `warn = false` in `Limiters.apply_limiter!` to suppress this message.
└ @ ClimaCore.Limiters ~/.julia/depots/levante-cpu/packages/ClimaCore/CYDDz/src/Limiters/quasimonotone.jl:383
┌ Warning: Limiter convergence stats:
│      `n_times_unconverged = 0`
│      `max_rel_err = 0.0`
│      `min_tracer_mass = Inf`
│ Use `warn = false` in `Limiters.apply_limiter!` to suppress this message.
└ @ ClimaCore.Limiters ~/.julia/depots/levante-cpu/packages/ClimaCore/CYDDz/src/Limiters/quasimonotone.jl:383
┌ Warning: Limiter convergence stats:
│      `n_times_unconverged = 0`
│      `max_rel_err = 0.0`
│      `min_tracer_mass = Inf`
│ Use `warn = false` in `Limiters.apply_limiter!` to suppress this message.
└ @ ClimaCore.Limiters ~/.julia/depots/levante-cpu/packages/ClimaCore/CYDDz/src/Limiters/quasimonotone.jl:383
┌ Warning: Limiter convergence stats:
│      `n_times_unconverged = 0`
│      `max_rel_err = 0.0`
│      `min_tracer_mass = Inf`
│ Use `warn = false` in `Limiters.apply_limiter!` to suppress this message.
└ @ ClimaCore.Limiters ~/.julia/depots/levante-cpu/packages/ClimaCore/CYDDz/src/Limiters/quasimonotone.jl:383
┌ Warning: Limiter convergence stats:
│      `n_times_unconverged = 0`
│      `max_rel_err = 0.0`
│      `min_tracer_mass = Inf`
│ Use `warn = false` in `Limiters.apply_limiter!` to suppress this message.
└ @ ClimaCore.Limiters ~/.julia/depots/levante-cpu/packages/ClimaCore/CYDDz/src/Limiters/quasimonotone.jl:383
┌ Warning: Limiter convergence stats:
│      `n_times_unconverged = 0`
│      `max_rel_err = 0.0`
│      `min_tracer_mass = Inf`
│ Use `warn = false` in `Limiters.apply_limiter!` to suppress this message.
└ @ ClimaCore.Limiters ~/.julia/depots/levante-cpu/packages/ClimaCore/CYDDz/src/Limiters/quasimonotone.jl:383
┌ Warning: Limiter convergence stats:
│      `n_times_unconverged = 0`
│      `max_rel_err = 0.0`
│      `min_tracer_mass = Inf`
│ Use `warn = false` in `Limiters.apply_limiter!` to suppress this message.
└ @ ClimaCore.Limiters ~/.julia/depots/levante-cpu/packages/ClimaCore/CYDDz/src/Limiters/quasimonotone.jl:383
┌ Warning: Limiter convergence stats:
│      `n_times_unconverged = 0`
│      `max_rel_err = 0.0`
│      `min_tracer_mass = Inf`
│ Use `warn = false` in `Limiters.apply_limiter!` to suppress this message.
└ @ ClimaCore.Limiters ~/.julia/depots/levante-cpu/packages/ClimaCore/CYDDz/src/Limiters/quasimonotone.jl:383
┌ Warning: Limiter convergence stats:
│      `n_times_unconverged = 0`
│      `max_rel_err = 0.0`
│      `min_tracer_mass = Inf`
│ Use `warn = false` in `Limiters.apply_limiter!` to suppress this message.
└ @ ClimaCore.Limiters ~/.julia/depots/levante-cpu/packages/ClimaCore/CYDDz/src/Limiters/quasimonotone.jl:383
┌ Warning: Limiter convergence stats:
│      `n_times_unconverged = 0`
│      `max_rel_err = 0.0`
│      `min_tracer_mass = Inf`
│ Use `warn = false` in `Limiters.apply_limiter!` to suppress this message.
└ @ ClimaCore.Limiters ~/.julia/depots/levante-cpu/packages/ClimaCore/CYDDz/src/Limiters/quasimonotone.jl:383
┌ Warning: Limiter convergence stats:
│      `n_times_unconverged = 0`
│      `max_rel_err = 0.0`
│      `min_tracer_mass = Inf`
│ Use `warn = false` in `Limiters.apply_limiter!` to suppress this message.
└ @ ClimaCore.Limiters ~/.julia/depots/levante-cpu/packages/ClimaCore/CYDDz/src/Limiters/quasimonotone.jl:383
┌ Warning: Limiter convergence stats:
│      `n_times_unconverged = 0`
│      `max_rel_err = 0.0`
│      `min_tracer_mass = Inf`
│ Use `warn = false` in `Limiters.apply_limiter!` to suppress this message.
└ @ ClimaCore.Limiters ~/.julia/depots/levante-cpu/packages/ClimaCore/CYDDz/src/Limiters/quasimonotone.jl:383
┌ Warning: Limiter convergence stats:
│      `n_times_unconverged = 0`
│      `max_rel_err = 0.0`
│      `min_tracer_mass = Inf`
│ Use `warn = false` in `Limiters.apply_limiter!` to suppress this message.
└ @ ClimaCore.Limiters ~/.julia/depots/levante-cpu/packages/ClimaCore/CYDDz/src/Limiters/quasimonotone.jl:383
┌ Warning: Limiter convergence stats:
│      `n_times_unconverged = 0`
│      `max_rel_err = 0.0`
│      `min_tracer_mass = Inf`
│ Use `warn = false` in `Limiters.apply_limiter!` to suppress this message.
└ @ ClimaCore.Limiters ~/.julia/depots/levante-cpu/packages/ClimaCore/CYDDz/src/Limiters/quasimonotone.jl:383
┌ Warning: water tag closure residual 0.0001892356960010092 exceeds the configured tolerance 1.0e-10 at t = 21600.0 s. The tags no longer account for the field they partition; see output/a5_sphere_limiter/output_0001/water_tag_closure.csv.
└ @ ClimaAtmos ~/git/ClimaAtmosResiDyn.jl/src/parameterized_tendencies/tagged_tracers/tagged_tracers.jl:779
┌ Warning: water tag parent is non-positive over 35.594679461433245% of the domain volume at t = 21600.0 s, and closure will not show it. Water tags take loss in proportion to what they hold, so their shares are undefined there and the tags of those cells carry no provenance. Nothing in the model keeps `ρq_tot` non-negative: `tracer_nonnegativity_method` is off unless configured, and transport alone can take a cell below zero. Those cells have their tags emptied by `rescale_water_tags!` whenever a constraint clips the parent, so the water they held surfaces in the residual. A large fraction is worth investigating as a sign that the run is under-resolved or the timestep too long.
└ @ ClimaAtmos ~/git/ClimaAtmosResiDyn.jl/src/parameterized_tendencies/tagged_tracers/tagged_tracers.jl:788
┌ Warning: Limiter convergence stats:
│      `n_times_unconverged = 0`
│      `max_rel_err = 0.0`
│      `min_tracer_mass = Inf`
│ Use `warn = false` in `Limiters.apply_limiter!` to suppress this message.
└ @ ClimaCore.Limiters ~/.julia/depots/levante-cpu/packages/ClimaCore/CYDDz/src/Limiters/quasimonotone.jl:383
┌ Warning: Limiter convergence stats:
│      `n_times_unconverged = 0`
│      `max_rel_err = 0.0`
│      `min_tracer_mass = Inf`
│ Use `warn = false` in `Limiters.apply_limiter!` to suppress this message.
└ @ ClimaCore.Limiters ~/.julia/depots/levante-cpu/packages/ClimaCore/CYDDz/src/Limiters/quasimonotone.jl:383
┌ Warning: Limiter convergence stats:
│      `n_times_unconverged = 0`
│      `max_rel_err = 0.0`
│      `min_tracer_mass = Inf`
│ Use `warn = false` in `Limiters.apply_limiter!` to suppress this message.
└ @ ClimaCore.Limiters ~/.julia/depots/levante-cpu/packages/ClimaCore/CYDDz/src/Limiters/quasimonotone.jl:383
┌ Warning: Limiter convergence stats:
│      `n_times_unconverged = 0`
│      `max_rel_err = 0.0`
│      `min_tracer_mass = Inf`
│ Use `warn = false` in `Limiters.apply_limiter!` to suppress this message.
└ @ ClimaCore.Limiters ~/.julia/depots/levante-cpu/packages/ClimaCore/CYDDz/src/Limiters/quasimonotone.jl:383
┌ Warning: Limiter convergence stats:
│      `n_times_unconverged = 0`
│      `max_rel_err = 0.0`
│      `min_tracer_mass = Inf`
│ Use `warn = false` in `Limiters.apply_limiter!` to suppress this message.
└ @ ClimaCore.Limiters ~/.julia/depots/levante-cpu/packages/ClimaCore/CYDDz/src/Limiters/quasimonotone.jl:383
┌ Warning: Limiter convergence stats:
│      `n_times_unconverged = 0`
│      `max_rel_err = 0.0`
│      `min_tracer_mass = Inf`
│ Use `warn = false` in `Limiters.apply_limiter!` to suppress this message.
└ @ ClimaCore.Limiters ~/.julia/depots/levante-cpu/packages/ClimaCore/CYDDz/src/Limiters/quasimonotone.jl:383
┌ Warning: Limiter convergence stats:
│      `n_times_unconverged = 0`
│      `max_rel_err = 0.0`
│      `min_tracer_mass = Inf`
│ Use `warn = false` in `Limiters.apply_limiter!` to suppress this message.
└ @ ClimaCore.Limiters ~/.julia/depots/levante-cpu/packages/ClimaCore/CYDDz/src/Limiters/quasimonotone.jl:383
┌ Warning: Limiter convergence stats:
│      `n_times_unconverged = 0`
│      `max_rel_err = 0.0`
│      `min_tracer_mass = Inf`
│ Use `warn = false` in `Limiters.apply_limiter!` to suppress this message.
└ @ ClimaCore.Limiters ~/.julia/depots/levante-cpu/packages/ClimaCore/CYDDz/src/Limiters/quasimonotone.jl:383
┌ Warning: Limiter convergence stats:
│      `n_times_unconverged = 0`
│      `max_rel_err = 0.0`
│      `min_tracer_mass = Inf`
│ Use `warn = false` in `Limiters.apply_limiter!` to suppress this message.
└ @ ClimaCore.Limiters ~/.julia/depots/levante-cpu/packages/ClimaCore/CYDDz/src/Limiters/quasimonotone.jl:383
┌ Warning: Limiter convergence stats:
│      `n_times_unconverged = 0`
│      `max_rel_err = 0.0`
│      `min_tracer_mass = Inf`
│ Use `warn = false` in `Limiters.apply_limiter!` to suppress this message.
└ @ ClimaCore.Limiters ~/.julia/depots/levante-cpu/packages/ClimaCore/CYDDz/src/Limiters/quasimonotone.jl:383
┌ Warning: Limiter convergence stats:
│      `n_times_unconverged = 0`
│      `max_rel_err = 0.0`
│      `min_tracer_mass = Inf`
│ Use `warn = false` in `Limiters.apply_limiter!` to suppress this message.
└ @ ClimaCore.Limiters ~/.julia/depots/levante-cpu/packages/ClimaCore/CYDDz/src/Limiters/quasimonotone.jl:383
┌ Warning: Limiter convergence stats:
│      `n_times_unconverged = 0`
│      `max_rel_err = 0.0`
│      `min_tracer_mass = Inf`
│ Use `warn = false` in `Limiters.apply_limiter!` to suppress this message.
└ @ ClimaCore.Limiters ~/.julia/depots/levante-cpu/packages/ClimaCore/CYDDz/src/Limiters/quasimonotone.jl:383
┌ Warning: Limiter convergence stats:
│      `n_times_unconverged = 0`
│      `max_rel_err = 0.0`
│      `min_tracer_mass = Inf`
│ Use `warn = false` in `Limiters.apply_limiter!` to suppress this message.
└ @ ClimaCore.Limiters ~/.julia/depots/levante-cpu/packages/ClimaCore/CYDDz/src/Limiters/quasimonotone.jl:383
┌ Warning: Limiter convergence stats:
│      `n_times_unconverged = 0`
│      `max_rel_err = 0.0`
│      `min_tracer_mass = Inf`
│ Use `warn = false` in `Limiters.apply_limiter!` to suppress this message.
└ @ ClimaCore.Limiters ~/.julia/depots/levante-cpu/packages/ClimaCore/CYDDz/src/Limiters/quasimonotone.jl:383
┌ Warning: Limiter convergence stats:
│      `n_times_unconverged = 0`
│      `max_rel_err = 0.0`
│      `min_tracer_mass = Inf`
│ Use `warn = false` in `Limiters.apply_limiter!` to suppress this message.
└ @ ClimaCore.Limiters ~/.julia/depots/levante-cpu/packages/ClimaCore/CYDDz/src/Limiters/quasimonotone.jl:383
┌ Warning: Limiter convergence stats:
│      `n_times_unconverged = 0`
│      `max_rel_err = 0.0`
│      `min_tracer_mass = Inf`
│ Use `warn = false` in `Limiters.apply_limiter!` to suppress this message.
└ @ ClimaCore.Limiters ~/.julia/depots/levante-cpu/packages/ClimaCore/CYDDz/src/Limiters/quasimonotone.jl:383
┌ Warning: Limiter convergence stats:
│      `n_times_unconverged = 0`
│      `max_rel_err = 0.0`
│      `min_tracer_mass = Inf`
│ Use `warn = false` in `Limiters.apply_limiter!` to suppress this message.
└ @ ClimaCore.Limiters ~/.julia/depots/levante-cpu/packages/ClimaCore/CYDDz/src/Limiters/quasimonotone.jl:383
┌ Warning: Limiter convergence stats:
│      `n_times_unconverged = 0`
│      `max_rel_err = 0.0`
│      `min_tracer_mass = Inf`
│ Use `warn = false` in `Limiters.apply_limiter!` to suppress this message.
└ @ ClimaCore.Limiters ~/.julia/depots/levante-cpu/packages/ClimaCore/CYDDz/src/Limiters/quasimonotone.jl:383
┌ Warning: Limiter convergence stats:
│      `n_times_unconverged = 0`
│      `max_rel_err = 0.0`
│      `min_tracer_mass = Inf`
│ Use `warn = false` in `Limiters.apply_limiter!` to suppress this message.
└ @ ClimaCore.Limiters ~/.julia/depots/levante-cpu/packages/ClimaCore/CYDDz/src/Limiters/quasimonotone.jl:383
┌ Warning: Limiter convergence stats:
│      `n_times_unconverged = 0`
│      `max_rel_err = 0.0`
│      `min_tracer_mass = Inf`
│ Use `warn = false` in `Limiters.apply_limiter!` to suppress this message.
└ @ ClimaCore.Limiters ~/.julia/depots/levante-cpu/packages/ClimaCore/CYDDz/src/Limiters/quasimonotone.jl:383
┌ Warning: Limiter convergence stats:
│      `n_times_unconverged = 0`
│      `max_rel_err = 0.0`
│      `min_tracer_mass = Inf`
│ Use `warn = false` in `Limiters.apply_limiter!` to suppress this message.
└ @ ClimaCore.Limiters ~/.julia/depots/levante-cpu/packages/ClimaCore/CYDDz/src/Limiters/quasimonotone.jl:383
┌ Warning: Limiter convergence stats:
│      `n_times_unconverged = 0`
│      `max_rel_err = 0.0`
│      `min_tracer_mass = Inf`
│ Use `warn = false` in `Limiters.apply_limiter!` to suppress this message.
└ @ ClimaCore.Limiters ~/.julia/depots/levante-cpu/packages/ClimaCore/CYDDz/src/Limiters/quasimonotone.jl:383
┌ Warning: Limiter convergence stats:
│      `n_times_unconverged = 0`
│      `max_rel_err = 0.0`
│      `min_tracer_mass = Inf`
│ Use `warn = false` in `Limiters.apply_limiter!` to suppress this message.
└ @ ClimaCore.Limiters ~/.julia/depots/levante-cpu/packages/ClimaCore/CYDDz/src/Limiters/quasimonotone.jl:383
┌ Warning: Limiter convergence stats:
│      `n_times_unconverged = 0`
│      `max_rel_err = 0.0`
│      `min_tracer_mass = Inf`
│ Use `warn = false` in `Limiters.apply_limiter!` to suppress this message.
└ @ ClimaCore.Limiters ~/.julia/depots/levante-cpu/packages/ClimaCore/CYDDz/src/Limiters/quasimonotone.jl:383
┌ Warning: Limiter convergence stats:
│      `n_times_unconverged = 0`
│      `max_rel_err = 0.0`
│      `min_tracer_mass = Inf`
│ Use `warn = false` in `Limiters.apply_limiter!` to suppress this message.
└ @ ClimaCore.Limiters ~/.julia/depots/levante-cpu/packages/ClimaCore/CYDDz/src/Limiters/quasimonotone.jl:383
┌ Warning: Limiter convergence stats:
│      `n_times_unconverged = 0`
│      `max_rel_err = 0.0`
│      `min_tracer_mass = Inf`
│ Use `warn = false` in `Limiters.apply_limiter!` to suppress this message.
└ @ ClimaCore.Limiters ~/.julia/depots/levante-cpu/packages/ClimaCore/CYDDz/src/Limiters/quasimonotone.jl:383
┌ Warning: Limiter convergence stats:
│      `n_times_unconverged = 0`
│      `max_rel_err = 0.0`
│      `min_tracer_mass = Inf`
│ Use `warn = false` in `Limiters.apply_limiter!` to suppress this message.
└ @ ClimaCore.Limiters ~/.julia/depots/levante-cpu/packages/ClimaCore/CYDDz/src/Limiters/quasimonotone.jl:383
┌ Warning: Limiter convergence stats:
│      `n_times_unconverged = 0`
│      `max_rel_err = 0.0`
│      `min_tracer_mass = Inf`
│ Use `warn = false` in `Limiters.apply_limiter!` to suppress this message.
└ @ ClimaCore.Limiters ~/.julia/depots/levante-cpu/packages/ClimaCore/CYDDz/src/Limiters/quasimonotone.jl:383
┌ Warning: Limiter convergence stats:
│      `n_times_unconverged = 0`
│      `max_rel_err = 0.0`
│      `min_tracer_mass = Inf`
│ Use `warn = false` in `Limiters.apply_limiter!` to suppress this message.
└ @ ClimaCore.Limiters ~/.julia/depots/levante-cpu/packages/ClimaCore/CYDDz/src/Limiters/quasimonotone.jl:383
┌ Warning: Limiter convergence stats:
│      `n_times_unconverged = 0`
│      `max_rel_err = 0.0`
│      `min_tracer_mass = Inf`
│ Use `warn = false` in `Limiters.apply_limiter!` to suppress this message.
└ @ ClimaCore.Limiters ~/.julia/depots/levante-cpu/packages/ClimaCore/CYDDz/src/Limiters/quasimonotone.jl:383
┌ Warning: Limiter convergence stats:
│      `n_times_unconverged = 0`
│      `max_rel_err = 0.0`
│      `min_tracer_mass = Inf`
│ Use `warn = false` in `Limiters.apply_limiter!` to suppress this message.
└ @ ClimaCore.Limiters ~/.julia/depots/levante-cpu/packages/ClimaCore/CYDDz/src/Limiters/quasimonotone.jl:383
┌ Warning: Limiter convergence stats:
│      `n_times_unconverged = 0`
│      `max_rel_err = 0.0`
│      `min_tracer_mass = Inf`
│ Use `warn = false` in `Limiters.apply_limiter!` to suppress this message.
└ @ ClimaCore.Limiters ~/.julia/depots/levante-cpu/packages/ClimaCore/CYDDz/src/Limiters/quasimonotone.jl:383
┌ Info: Progress
│   simulation_time = "6 hours, 40 minutes"
│   n_steps_completed = 80
│   wall_time_per_step = "478 milliseconds, 683 microseconds"
│   wall_time_total = "2 minutes, 17 seconds"
│   wall_time_remaining = "1 minute, 39 seconds"
│   wall_time_spent = "38 seconds, 294 milliseconds"
│   percent_complete = "27.8%"
│   estimated_sypd = "1.716"
│   instantaneous_sypd = "1.801"
│   date_now = 2026-09-10T10:07:29.394
└   estimated_finish_date = 2026-09-10T10:09:09.394
┌ Warning: Limiter convergence stats:
│      `n_times_unconverged = 0`
│      `max_rel_err = 0.0`
│      `min_tracer_mass = Inf`
│ Use `warn = false` in `Limiters.apply_limiter!` to suppress this message.
└ @ ClimaCore.Limiters ~/.julia/depots/levante-cpu/packages/ClimaCore/CYDDz/src/Limiters/quasimonotone.jl:383
┌ Warning: Limiter convergence stats:
│      `n_times_unconverged = 0`
│      `max_rel_err = 0.0`
│      `min_tracer_mass = Inf`
│ Use `warn = false` in `Limiters.apply_limiter!` to suppress this message.
└ @ ClimaCore.Limiters ~/.julia/depots/levante-cpu/packages/ClimaCore/CYDDz/src/Limiters/quasimonotone.jl:383
┌ Warning: Limiter convergence stats:
│      `n_times_unconverged = 0`
│      `max_rel_err = 0.0`
│      `min_tracer_mass = Inf`
│ Use `warn = false` in `Limiters.apply_limiter!` to suppress this message.
└ @ ClimaCore.Limiters ~/.julia/depots/levante-cpu/packages/ClimaCore/CYDDz/src/Limiters/quasimonotone.jl:383
┌ Warning: Limiter convergence stats:
│      `n_times_unconverged = 0`
│      `max_rel_err = 0.0`
│      `min_tracer_mass = Inf`
│ Use `warn = false` in `Limiters.apply_limiter!` to suppress this message.
└ @ ClimaCore.Limiters ~/.julia/depots/levante-cpu/packages/ClimaCore/CYDDz/src/Limiters/quasimonotone.jl:383
┌ Warning: Limiter convergence stats:
│      `n_times_unconverged = 0`
│      `max_rel_err = 0.0`
│      `min_tracer_mass = Inf`
│ Use `warn = false` in `Limiters.apply_limiter!` to suppress this message.
└ @ ClimaCore.Limiters ~/.julia/depots/levante-cpu/packages/ClimaCore/CYDDz/src/Limiters/quasimonotone.jl:383
┌ Warning: Limiter convergence stats:
│      `n_times_unconverged = 0`
│      `max_rel_err = 0.0`
│      `min_tracer_mass = Inf`
│ Use `warn = false` in `Limiters.apply_limiter!` to suppress this message.
└ @ ClimaCore.Limiters ~/.julia/depots/levante-cpu/packages/ClimaCore/CYDDz/src/Limiters/quasimonotone.jl:383
┌ Warning: Limiter convergence stats:
│      `n_times_unconverged = 0`
│      `max_rel_err = 0.0`
│      `min_tracer_mass = Inf`
│ Use `warn = false` in `Limiters.apply_limiter!` to suppress this message.
└ @ ClimaCore.Limiters ~/.julia/depots/levante-cpu/packages/ClimaCore/CYDDz/src/Limiters/quasimonotone.jl:383
┌ Warning: Limiter convergence stats:
│      `n_times_unconverged = 0`
│      `max_rel_err = 0.0`
│      `min_tracer_mass = Inf`
│ Use `warn = false` in `Limiters.apply_limiter!` to suppress this message.
└ @ ClimaCore.Limiters ~/.julia/depots/levante-cpu/packages/ClimaCore/CYDDz/src/Limiters/quasimonotone.jl:383
┌ Warning: Limiter convergence stats:
│      `n_times_unconverged = 0`
│      `max_rel_err = 0.0`
│      `min_tracer_mass = Inf`
│ Use `warn = false` in `Limiters.apply_limiter!` to suppress this message.
└ @ ClimaCore.Limiters ~/.julia/depots/levante-cpu/packages/ClimaCore/CYDDz/src/Limiters/quasimonotone.jl:383
┌ Warning: Limiter convergence stats:
│      `n_times_unconverged = 0`
│      `max_rel_err = 0.0`
│      `min_tracer_mass = Inf`
│ Use `warn = false` in `Limiters.apply_limiter!` to suppress this message.
└ @ ClimaCore.Limiters ~/.julia/depots/levante-cpu/packages/ClimaCore/CYDDz/src/Limiters/quasimonotone.jl:383
┌ Warning: Limiter convergence stats:
│      `n_times_unconverged = 0`
│      `max_rel_err = 0.0`
│      `min_tracer_mass = Inf`
│ Use `warn = false` in `Limiters.apply_limiter!` to suppress this message.
└ @ ClimaCore.Limiters ~/.julia/depots/levante-cpu/packages/ClimaCore/CYDDz/src/Limiters/quasimonotone.jl:383
┌ Warning: Limiter convergence stats:
│      `n_times_unconverged = 0`
│      `max_rel_err = 0.0`
│      `min_tracer_mass = Inf`
│ Use `warn = false` in `Limiters.apply_limiter!` to suppress this message.
└ @ ClimaCore.Limiters ~/.julia/depots/levante-cpu/packages/ClimaCore/CYDDz/src/Limiters/quasimonotone.jl:383
┌ Warning: Limiter convergence stats:
│      `n_times_unconverged = 0`
│      `max_rel_err = 0.0`
│      `min_tracer_mass = Inf`
│ Use `warn = false` in `Limiters.apply_limiter!` to suppress this message.
└ @ ClimaCore.Limiters ~/.julia/depots/levante-cpu/packages/ClimaCore/CYDDz/src/Limiters/quasimonotone.jl:383
┌ Warning: Limiter convergence stats:
│      `n_times_unconverged = 0`
│      `max_rel_err = 0.0`
│      `min_tracer_mass = Inf`
│ Use `warn = false` in `Limiters.apply_limiter!` to suppress this message.
└ @ ClimaCore.Limiters ~/.julia/depots/levante-cpu/packages/ClimaCore/CYDDz/src/Limiters/quasimonotone.jl:383
┌ Warning: Limiter convergence stats:
│      `n_times_unconverged = 0`
│      `max_rel_err = 0.0`
│      `min_tracer_mass = Inf`
│ Use `warn = false` in `Limiters.apply_limiter!` to suppress this message.
└ @ ClimaCore.Limiters ~/.julia/depots/levante-cpu/packages/ClimaCore/CYDDz/src/Limiters/quasimonotone.jl:383
┌ Warning: Limiter convergence stats:
│      `n_times_unconverged = 0`
│      `max_rel_err = 0.0`
│      `min_tracer_mass = Inf`
│ Use `warn = false` in `Limiters.apply_limiter!` to suppress this message.
└ @ ClimaCore.Limiters ~/.julia/depots/levante-cpu/packages/ClimaCore/CYDDz/src/Limiters/quasimonotone.jl:383
┌ Warning: water tag closure residual 0.00019536388722156625 exceeds the configured tolerance 1.0e-10 at t = 25200.0 s. The tags no longer account for the field they partition; see output/a5_sphere_limiter/output_0001/water_tag_closure.csv.
└ @ ClimaAtmos ~/git/ClimaAtmosResiDyn.jl/src/parameterized_tendencies/tagged_tracers/tagged_tracers.jl:779
┌ Warning: water tag parent is non-positive over 35.34307696040236% of the domain volume at t = 25200.0 s, and closure will not show it. Water tags take loss in proportion to what they hold, so their shares are undefined there and the tags of those cells carry no provenance. Nothing in the model keeps `ρq_tot` non-negative: `tracer_nonnegativity_method` is off unless configured, and transport alone can take a cell below zero. Those cells have their tags emptied by `rescale_water_tags!` whenever a constraint clips the parent, so the water they held surfaces in the residual. A large fraction is worth investigating as a sign that the run is under-resolved or the timestep too long.
└ @ ClimaAtmos ~/git/ClimaAtmosResiDyn.jl/src/parameterized_tendencies/tagged_tracers/tagged_tracers.jl:788
┌ Warning: Limiter convergence stats:
│      `n_times_unconverged = 0`
│      `max_rel_err = 0.0`
│      `min_tracer_mass = Inf`
│ Use `warn = false` in `Limiters.apply_limiter!` to suppress this message.
└ @ ClimaCore.Limiters ~/.julia/depots/levante-cpu/packages/ClimaCore/CYDDz/src/Limiters/quasimonotone.jl:383
┌ Warning: Limiter convergence stats:
│      `n_times_unconverged = 0`
│      `max_rel_err = 0.0`
│      `min_tracer_mass = Inf`
│ Use `warn = false` in `Limiters.apply_limiter!` to suppress this message.
└ @ ClimaCore.Limiters ~/.julia/depots/levante-cpu/packages/ClimaCore/CYDDz/src/Limiters/quasimonotone.jl:383
┌ Warning: Limiter convergence stats:
│      `n_times_unconverged = 0`
│      `max_rel_err = 0.0`
│      `min_tracer_mass = Inf`
│ Use `warn = false` in `Limiters.apply_limiter!` to suppress this message.
└ @ ClimaCore.Limiters ~/.julia/depots/levante-cpu/packages/ClimaCore/CYDDz/src/Limiters/quasimonotone.jl:383
┌ Warning: Limiter convergence stats:
│      `n_times_unconverged = 0`
│      `max_rel_err = 0.0`
│      `min_tracer_mass = Inf`
│ Use `warn = false` in `Limiters.apply_limiter!` to suppress this message.
└ @ ClimaCore.Limiters ~/.julia/depots/levante-cpu/packages/ClimaCore/CYDDz/src/Limiters/quasimonotone.jl:383
┌ Warning: Limiter convergence stats:
│      `n_times_unconverged = 0`
│      `max_rel_err = 0.0`
│      `min_tracer_mass = Inf`
│ Use `warn = false` in `Limiters.apply_limiter!` to suppress this message.
└ @ ClimaCore.Limiters ~/.julia/depots/levante-cpu/packages/ClimaCore/CYDDz/src/Limiters/quasimonotone.jl:383
┌ Warning: Limiter convergence stats:
│      `n_times_unconverged = 0`
│      `max_rel_err = 0.0`
│      `min_tracer_mass = Inf`
│ Use `warn = false` in `Limiters.apply_limiter!` to suppress this message.
└ @ ClimaCore.Limiters ~/.julia/depots/levante-cpu/packages/ClimaCore/CYDDz/src/Limiters/quasimonotone.jl:383
┌ Warning: Limiter convergence stats:
│      `n_times_unconverged = 0`
│      `max_rel_err = 0.0`
│      `min_tracer_mass = Inf`
│ Use `warn = false` in `Limiters.apply_limiter!` to suppress this message.
└ @ ClimaCore.Limiters ~/.julia/depots/levante-cpu/packages/ClimaCore/CYDDz/src/Limiters/quasimonotone.jl:383
┌ Warning: Limiter convergence stats:
│      `n_times_unconverged = 0`
│      `max_rel_err = 0.0`
│      `min_tracer_mass = Inf`
│ Use `warn = false` in `Limiters.apply_limiter!` to suppress this message.
└ @ ClimaCore.Limiters ~/.julia/depots/levante-cpu/packages/ClimaCore/CYDDz/src/Limiters/quasimonotone.jl:383
┌ Warning: Limiter convergence stats:
│      `n_times_unconverged = 0`
│      `max_rel_err = 0.0`
│      `min_tracer_mass = Inf`
│ Use `warn = false` in `Limiters.apply_limiter!` to suppress this message.
└ @ ClimaCore.Limiters ~/.julia/depots/levante-cpu/packages/ClimaCore/CYDDz/src/Limiters/quasimonotone.jl:383
┌ Warning: Limiter convergence stats:
│      `n_times_unconverged = 0`
│      `max_rel_err = 0.0`
│      `min_tracer_mass = Inf`
│ Use `warn = false` in `Limiters.apply_limiter!` to suppress this message.
└ @ ClimaCore.Limiters ~/.julia/depots/levante-cpu/packages/ClimaCore/CYDDz/src/Limiters/quasimonotone.jl:383
┌ Warning: Limiter convergence stats:
│      `n_times_unconverged = 0`
│      `max_rel_err = 0.0`
│      `min_tracer_mass = Inf`
│ Use `warn = false` in `Limiters.apply_limiter!` to suppress this message.
└ @ ClimaCore.Limiters ~/.julia/depots/levante-cpu/packages/ClimaCore/CYDDz/src/Limiters/quasimonotone.jl:383
┌ Warning: Limiter convergence stats:
│      `n_times_unconverged = 0`
│      `max_rel_err = 0.0`
│      `min_tracer_mass = Inf`
│ Use `warn = false` in `Limiters.apply_limiter!` to suppress this message.
└ @ ClimaCore.Limiters ~/.julia/depots/levante-cpu/packages/ClimaCore/CYDDz/src/Limiters/quasimonotone.jl:383
┌ Warning: Limiter convergence stats:
│      `n_times_unconverged = 0`
│      `max_rel_err = 0.0`
│      `min_tracer_mass = Inf`
│ Use `warn = false` in `Limiters.apply_limiter!` to suppress this message.
└ @ ClimaCore.Limiters ~/.julia/depots/levante-cpu/packages/ClimaCore/CYDDz/src/Limiters/quasimonotone.jl:383
┌ Warning: Limiter convergence stats:
│      `n_times_unconverged = 0`
│      `max_rel_err = 0.0`
│      `min_tracer_mass = Inf`
│ Use `warn = false` in `Limiters.apply_limiter!` to suppress this message.
└ @ ClimaCore.Limiters ~/.julia/depots/levante-cpu/packages/ClimaCore/CYDDz/src/Limiters/quasimonotone.jl:383
┌ Warning: Limiter convergence stats:
│      `n_times_unconverged = 0`
│      `max_rel_err = 0.0`
│      `min_tracer_mass = Inf`
│ Use `warn = false` in `Limiters.apply_limiter!` to suppress this message.
└ @ ClimaCore.Limiters ~/.julia/depots/levante-cpu/packages/ClimaCore/CYDDz/src/Limiters/quasimonotone.jl:383
┌ Warning: Limiter convergence stats:
│      `n_times_unconverged = 0`
│      `max_rel_err = 0.0`
│      `min_tracer_mass = Inf`
│ Use `warn = false` in `Limiters.apply_limiter!` to suppress this message.
└ @ ClimaCore.Limiters ~/.julia/depots/levante-cpu/packages/ClimaCore/CYDDz/src/Limiters/quasimonotone.jl:383
┌ Warning: Limiter convergence stats:
│      `n_times_unconverged = 0`
│      `max_rel_err = 0.0`
│      `min_tracer_mass = Inf`
│ Use `warn = false` in `Limiters.apply_limiter!` to suppress this message.
└ @ ClimaCore.Limiters ~/.julia/depots/levante-cpu/packages/ClimaCore/CYDDz/src/Limiters/quasimonotone.jl:383
┌ Warning: Limiter convergence stats:
│      `n_times_unconverged = 0`
│      `max_rel_err = 0.0`
│      `min_tracer_mass = Inf`
│ Use `warn = false` in `Limiters.apply_limiter!` to suppress this message.
└ @ ClimaCore.Limiters ~/.julia/depots/levante-cpu/packages/ClimaCore/CYDDz/src/Limiters/quasimonotone.jl:383
┌ Warning: Limiter convergence stats:
│      `n_times_unconverged = 0`
│      `max_rel_err = 0.0`
│      `min_tracer_mass = Inf`
│ Use `warn = false` in `Limiters.apply_limiter!` to suppress this message.
└ @ ClimaCore.Limiters ~/.julia/depots/levante-cpu/packages/ClimaCore/CYDDz/src/Limiters/quasimonotone.jl:383
┌ Warning: Limiter convergence stats:
│      `n_times_unconverged = 0`
│      `max_rel_err = 0.0`
│      `min_tracer_mass = Inf`
│ Use `warn = false` in `Limiters.apply_limiter!` to suppress this message.
└ @ ClimaCore.Limiters ~/.julia/depots/levante-cpu/packages/ClimaCore/CYDDz/src/Limiters/quasimonotone.jl:383
┌ Warning: Limiter convergence stats:
│      `n_times_unconverged = 0`
│      `max_rel_err = 0.0`
│      `min_tracer_mass = Inf`
│ Use `warn = false` in `Limiters.apply_limiter!` to suppress this message.
└ @ ClimaCore.Limiters ~/.julia/depots/levante-cpu/packages/ClimaCore/CYDDz/src/Limiters/quasimonotone.jl:383
┌ Warning: Limiter convergence stats:
│      `n_times_unconverged = 0`
│      `max_rel_err = 0.0`
│      `min_tracer_mass = Inf`
│ Use `warn = false` in `Limiters.apply_limiter!` to suppress this message.
└ @ ClimaCore.Limiters ~/.julia/depots/levante-cpu/packages/ClimaCore/CYDDz/src/Limiters/quasimonotone.jl:383
┌ Warning: Limiter convergence stats:
│      `n_times_unconverged = 0`
│      `max_rel_err = 0.0`
│      `min_tracer_mass = Inf`
│ Use `warn = false` in `Limiters.apply_limiter!` to suppress this message.
└ @ ClimaCore.Limiters ~/.julia/depots/levante-cpu/packages/ClimaCore/CYDDz/src/Limiters/quasimonotone.jl:383
┌ Warning: Limiter convergence stats:
│      `n_times_unconverged = 0`
│      `max_rel_err = 0.0`
│      `min_tracer_mass = Inf`
│ Use `warn = false` in `Limiters.apply_limiter!` to suppress this message.
└ @ ClimaCore.Limiters ~/.julia/depots/levante-cpu/packages/ClimaCore/CYDDz/src/Limiters/quasimonotone.jl:383
┌ Warning: Limiter convergence stats:
│      `n_times_unconverged = 0`
│      `max_rel_err = 0.0`
│      `min_tracer_mass = Inf`
│ Use `warn = false` in `Limiters.apply_limiter!` to suppress this message.
└ @ ClimaCore.Limiters ~/.julia/depots/levante-cpu/packages/ClimaCore/CYDDz/src/Limiters/quasimonotone.jl:383
┌ Warning: Limiter convergence stats:
│      `n_times_unconverged = 0`
│      `max_rel_err = 0.0`
│      `min_tracer_mass = Inf`
│ Use `warn = false` in `Limiters.apply_limiter!` to suppress this message.
└ @ ClimaCore.Limiters ~/.julia/depots/levante-cpu/packages/ClimaCore/CYDDz/src/Limiters/quasimonotone.jl:383
┌ Warning: Limiter convergence stats:
│      `n_times_unconverged = 0`
│      `max_rel_err = 0.0`
│      `min_tracer_mass = Inf`
│ Use `warn = false` in `Limiters.apply_limiter!` to suppress this message.
└ @ ClimaCore.Limiters ~/.julia/depots/levante-cpu/packages/ClimaCore/CYDDz/src/Limiters/quasimonotone.jl:383
┌ Warning: Limiter convergence stats:
│      `n_times_unconverged = 0`
│      `max_rel_err = 0.0`
│      `min_tracer_mass = Inf`
│ Use `warn = false` in `Limiters.apply_limiter!` to suppress this message.
└ @ ClimaCore.Limiters ~/.julia/depots/levante-cpu/packages/ClimaCore/CYDDz/src/Limiters/quasimonotone.jl:383
┌ Warning: Limiter convergence stats:
│      `n_times_unconverged = 0`
│      `max_rel_err = 0.0`
│      `min_tracer_mass = Inf`
│ Use `warn = false` in `Limiters.apply_limiter!` to suppress this message.
└ @ ClimaCore.Limiters ~/.julia/depots/levante-cpu/packages/ClimaCore/CYDDz/src/Limiters/quasimonotone.jl:383
┌ Warning: Limiter convergence stats:
│      `n_times_unconverged = 0`
│      `max_rel_err = 0.0`
│      `min_tracer_mass = Inf`
│ Use `warn = false` in `Limiters.apply_limiter!` to suppress this message.
└ @ ClimaCore.Limiters ~/.julia/depots/levante-cpu/packages/ClimaCore/CYDDz/src/Limiters/quasimonotone.jl:383
┌ Warning: Limiter convergence stats:
│      `n_times_unconverged = 0`
│      `max_rel_err = 0.0`
│      `min_tracer_mass = Inf`
│ Use `warn = false` in `Limiters.apply_limiter!` to suppress this message.
└ @ ClimaCore.Limiters ~/.julia/depots/levante-cpu/packages/ClimaCore/CYDDz/src/Limiters/quasimonotone.jl:383
┌ Warning: Limiter convergence stats:
│      `n_times_unconverged = 0`
│      `max_rel_err = 0.0`
│      `min_tracer_mass = Inf`
│ Use `warn = false` in `Limiters.apply_limiter!` to suppress this message.
└ @ ClimaCore.Limiters ~/.julia/depots/levante-cpu/packages/ClimaCore/CYDDz/src/Limiters/quasimonotone.jl:383
┌ Warning: Limiter convergence stats:
│      `n_times_unconverged = 0`
│      `max_rel_err = 0.0`
│      `min_tracer_mass = Inf`
│ Use `warn = false` in `Limiters.apply_limiter!` to suppress this message.
└ @ ClimaCore.Limiters ~/.julia/depots/levante-cpu/packages/ClimaCore/CYDDz/src/Limiters/quasimonotone.jl:383
┌ Warning: Limiter convergence stats:
│      `n_times_unconverged = 0`
│      `max_rel_err = 0.0`
│      `min_tracer_mass = Inf`
│ Use `warn = false` in `Limiters.apply_limiter!` to suppress this message.
└ @ ClimaCore.Limiters ~/.julia/depots/levante-cpu/packages/ClimaCore/CYDDz/src/Limiters/quasimonotone.jl:383
┌ Warning: Limiter convergence stats:
│      `n_times_unconverged = 0`
│      `max_rel_err = 0.0`
│      `min_tracer_mass = Inf`
│ Use `warn = false` in `Limiters.apply_limiter!` to suppress this message.
└ @ ClimaCore.Limiters ~/.julia/depots/levante-cpu/packages/ClimaCore/CYDDz/src/Limiters/quasimonotone.jl:383
┌ Warning: Limiter convergence stats:
│      `n_times_unconverged = 0`
│      `max_rel_err = 0.0`
│      `min_tracer_mass = Inf`
│ Use `warn = false` in `Limiters.apply_limiter!` to suppress this message.
└ @ ClimaCore.Limiters ~/.julia/depots/levante-cpu/packages/ClimaCore/CYDDz/src/Limiters/quasimonotone.jl:383
┌ Warning: Limiter convergence stats:
│      `n_times_unconverged = 0`
│      `max_rel_err = 0.0`
│      `min_tracer_mass = Inf`
│ Use `warn = false` in `Limiters.apply_limiter!` to suppress this message.
└ @ ClimaCore.Limiters ~/.julia/depots/levante-cpu/packages/ClimaCore/CYDDz/src/Limiters/quasimonotone.jl:383
┌ Warning: Limiter convergence stats:
│      `n_times_unconverged = 0`
│      `max_rel_err = 0.0`
│      `min_tracer_mass = Inf`
│ Use `warn = false` in `Limiters.apply_limiter!` to suppress this message.
└ @ ClimaCore.Limiters ~/.julia/depots/levante-cpu/packages/ClimaCore/CYDDz/src/Limiters/quasimonotone.jl:383
┌ Warning: Limiter convergence stats:
│      `n_times_unconverged = 0`
│      `max_rel_err = 0.0`
│      `min_tracer_mass = Inf`
│ Use `warn = false` in `Limiters.apply_limiter!` to suppress this message.
└ @ ClimaCore.Limiters ~/.julia/depots/levante-cpu/packages/ClimaCore/CYDDz/src/Limiters/quasimonotone.jl:383
┌ Warning: Limiter convergence stats:
│      `n_times_unconverged = 0`
│      `max_rel_err = 0.0`
│      `min_tracer_mass = Inf`
│ Use `warn = false` in `Limiters.apply_limiter!` to suppress this message.
└ @ ClimaCore.Limiters ~/.julia/depots/levante-cpu/packages/ClimaCore/CYDDz/src/Limiters/quasimonotone.jl:383
┌ Warning: Limiter convergence stats:
│      `n_times_unconverged = 0`
│      `max_rel_err = 0.0`
│      `min_tracer_mass = Inf`
│ Use `warn = false` in `Limiters.apply_limiter!` to suppress this message.
└ @ ClimaCore.Limiters ~/.julia/depots/levante-cpu/packages/ClimaCore/CYDDz/src/Limiters/quasimonotone.jl:383
┌ Warning: Limiter convergence stats:
│      `n_times_unconverged = 0`
│      `max_rel_err = 0.0`
│      `min_tracer_mass = Inf`
│ Use `warn = false` in `Limiters.apply_limiter!` to suppress this message.
└ @ ClimaCore.Limiters ~/.julia/depots/levante-cpu/packages/ClimaCore/CYDDz/src/Limiters/quasimonotone.jl:383
┌ Warning: Limiter convergence stats:
│      `n_times_unconverged = 0`
│      `max_rel_err = 0.0`
│      `min_tracer_mass = Inf`
│ Use `warn = false` in `Limiters.apply_limiter!` to suppress this message.
└ @ ClimaCore.Limiters ~/.julia/depots/levante-cpu/packages/ClimaCore/CYDDz/src/Limiters/quasimonotone.jl:383
┌ Warning: Limiter convergence stats:
│      `n_times_unconverged = 0`
│      `max_rel_err = 0.0`
│      `min_tracer_mass = Inf`
│ Use `warn = false` in `Limiters.apply_limiter!` to suppress this message.
└ @ ClimaCore.Limiters ~/.julia/depots/levante-cpu/packages/ClimaCore/CYDDz/src/Limiters/quasimonotone.jl:383
┌ Warning: Limiter convergence stats:
│      `n_times_unconverged = 0`
│      `max_rel_err = 0.0`
│      `min_tracer_mass = Inf`
│ Use `warn = false` in `Limiters.apply_limiter!` to suppress this message.
└ @ ClimaCore.Limiters ~/.julia/depots/levante-cpu/packages/ClimaCore/CYDDz/src/Limiters/quasimonotone.jl:383
┌ Warning: Limiter convergence stats:
│      `n_times_unconverged = 0`
│      `max_rel_err = 0.0`
│      `min_tracer_mass = Inf`
│ Use `warn = false` in `Limiters.apply_limiter!` to suppress this message.
└ @ ClimaCore.Limiters ~/.julia/depots/levante-cpu/packages/ClimaCore/CYDDz/src/Limiters/quasimonotone.jl:383
┌ Warning: Limiter convergence stats:
│      `n_times_unconverged = 0`
│      `max_rel_err = 0.0`
│      `min_tracer_mass = Inf`
│ Use `warn = false` in `Limiters.apply_limiter!` to suppress this message.
└ @ ClimaCore.Limiters ~/.julia/depots/levante-cpu/packages/ClimaCore/CYDDz/src/Limiters/quasimonotone.jl:383
┌ Warning: Limiter convergence stats:
│      `n_times_unconverged = 0`
│      `max_rel_err = 0.0`
│      `min_tracer_mass = Inf`
│ Use `warn = false` in `Limiters.apply_limiter!` to suppress this message.
└ @ ClimaCore.Limiters ~/.julia/depots/levante-cpu/packages/ClimaCore/CYDDz/src/Limiters/quasimonotone.jl:383
┌ Warning: water tag closure residual 0.00020459444260459707 exceeds the configured tolerance 1.0e-10 at t = 28800.0 s. The tags no longer account for the field they partition; see output/a5_sphere_limiter/output_0001/water_tag_closure.csv.
└ @ ClimaAtmos ~/git/ClimaAtmosResiDyn.jl/src/parameterized_tendencies/tagged_tracers/tagged_tracers.jl:779
┌ Warning: water tag parent is non-positive over 35.45090660370131% of the domain volume at t = 28800.0 s, and closure will not show it. Water tags take loss in proportion to what they hold, so their shares are undefined there and the tags of those cells carry no provenance. Nothing in the model keeps `ρq_tot` non-negative: `tracer_nonnegativity_method` is off unless configured, and transport alone can take a cell below zero. Those cells have their tags emptied by `rescale_water_tags!` whenever a constraint clips the parent, so the water they held surfaces in the residual. A large fraction is worth investigating as a sign that the run is under-resolved or the timestep too long.
└ @ ClimaAtmos ~/git/ClimaAtmosResiDyn.jl/src/parameterized_tendencies/tagged_tracers/tagged_tracers.jl:788
┌ Info: Progress
│   simulation_time = "8 hours"
│   n_steps_completed = 96
│   wall_time_per_step = "476 milliseconds, 578 microseconds"
│   wall_time_total = "2 minutes, 17 seconds"
│   wall_time_remaining = "1 minute, 31 seconds"
│   wall_time_spent = "45 seconds, 751 milliseconds"
│   percent_complete = "33.3%"
│   estimated_sypd = "1.723"
│   instantaneous_sypd = "1.762"
│   date_now = 2026-09-10T10:07:36.851
└   estimated_finish_date = 2026-09-10T10:09:08.851
┌ Warning: Limiter convergence stats:
│      `n_times_unconverged = 0`
│      `max_rel_err = 0.0`
│      `min_tracer_mass = Inf`
│ Use `warn = false` in `Limiters.apply_limiter!` to suppress this message.
└ @ ClimaCore.Limiters ~/.julia/depots/levante-cpu/packages/ClimaCore/CYDDz/src/Limiters/quasimonotone.jl:383
┌ Warning: Limiter convergence stats:
│      `n_times_unconverged = 0`
│      `max_rel_err = 0.0`
│      `min_tracer_mass = Inf`
│ Use `warn = false` in `Limiters.apply_limiter!` to suppress this message.
└ @ ClimaCore.Limiters ~/.julia/depots/levante-cpu/packages/ClimaCore/CYDDz/src/Limiters/quasimonotone.jl:383
┌ Warning: Limiter convergence stats:
│      `n_times_unconverged = 0`
│      `max_rel_err = 0.0`
│      `min_tracer_mass = Inf`
│ Use `warn = false` in `Limiters.apply_limiter!` to suppress this message.
└ @ ClimaCore.Limiters ~/.julia/depots/levante-cpu/packages/ClimaCore/CYDDz/src/Limiters/quasimonotone.jl:383
┌ Warning: Limiter convergence stats:
│      `n_times_unconverged = 0`
│      `max_rel_err = 0.0`
│      `min_tracer_mass = Inf`
│ Use `warn = false` in `Limiters.apply_limiter!` to suppress this message.
└ @ ClimaCore.Limiters ~/.julia/depots/levante-cpu/packages/ClimaCore/CYDDz/src/Limiters/quasimonotone.jl:383
┌ Warning: Limiter convergence stats:
│      `n_times_unconverged = 0`
│      `max_rel_err = 0.0`
│      `min_tracer_mass = Inf`
│ Use `warn = false` in `Limiters.apply_limiter!` to suppress this message.
└ @ ClimaCore.Limiters ~/.julia/depots/levante-cpu/packages/ClimaCore/CYDDz/src/Limiters/quasimonotone.jl:383
┌ Warning: Limiter convergence stats:
│      `n_times_unconverged = 0`
│      `max_rel_err = 0.0`
│      `min_tracer_mass = Inf`
│ Use `warn = false` in `Limiters.apply_limiter!` to suppress this message.
└ @ ClimaCore.Limiters ~/.julia/depots/levante-cpu/packages/ClimaCore/CYDDz/src/Limiters/quasimonotone.jl:383
┌ Warning: Limiter convergence stats:
│      `n_times_unconverged = 0`
│      `max_rel_err = 0.0`
│      `min_tracer_mass = Inf`
│ Use `warn = false` in `Limiters.apply_limiter!` to suppress this message.
└ @ ClimaCore.Limiters ~/.julia/depots/levante-cpu/packages/ClimaCore/CYDDz/src/Limiters/quasimonotone.jl:383
┌ Warning: Limiter convergence stats:
│      `n_times_unconverged = 0`
│      `max_rel_err = 0.0`
│      `min_tracer_mass = Inf`
│ Use `warn = false` in `Limiters.apply_limiter!` to suppress this message.
└ @ ClimaCore.Limiters ~/.julia/depots/levante-cpu/packages/ClimaCore/CYDDz/src/Limiters/quasimonotone.jl:383
┌ Warning: Limiter convergence stats:
│      `n_times_unconverged = 0`
│      `max_rel_err = 0.0`
│      `min_tracer_mass = Inf`
│ Use `warn = false` in `Limiters.apply_limiter!` to suppress this message.
└ @ ClimaCore.Limiters ~/.julia/depots/levante-cpu/packages/ClimaCore/CYDDz/src/Limiters/quasimonotone.jl:383
┌ Warning: Limiter convergence stats:
│      `n_times_unconverged = 0`
│      `max_rel_err = 0.0`
│      `min_tracer_mass = Inf`
│ Use `warn = false` in `Limiters.apply_limiter!` to suppress this message.
└ @ ClimaCore.Limiters ~/.julia/depots/levante-cpu/packages/ClimaCore/CYDDz/src/Limiters/quasimonotone.jl:383
┌ Warning: Limiter convergence stats:
│      `n_times_unconverged = 0`
│      `max_rel_err = 0.0`
│      `min_tracer_mass = Inf`
│ Use `warn = false` in `Limiters.apply_limiter!` to suppress this message.
└ @ ClimaCore.Limiters ~/.julia/depots/levante-cpu/packages/ClimaCore/CYDDz/src/Limiters/quasimonotone.jl:383
┌ Warning: Limiter convergence stats:
│      `n_times_unconverged = 0`
│      `max_rel_err = 0.0`
│      `min_tracer_mass = Inf`
│ Use `warn = false` in `Limiters.apply_limiter!` to suppress this message.
└ @ ClimaCore.Limiters ~/.julia/depots/levante-cpu/packages/ClimaCore/CYDDz/src/Limiters/quasimonotone.jl:383
┌ Warning: Limiter convergence stats:
│      `n_times_unconverged = 0`
│      `max_rel_err = 0.0`
│      `min_tracer_mass = Inf`
│ Use `warn = false` in `Limiters.apply_limiter!` to suppress this message.
└ @ ClimaCore.Limiters ~/.julia/depots/levante-cpu/packages/ClimaCore/CYDDz/src/Limiters/quasimonotone.jl:383
┌ Warning: Limiter convergence stats:
│      `n_times_unconverged = 0`
│      `max_rel_err = 0.0`
│      `min_tracer_mass = Inf`
│ Use `warn = false` in `Limiters.apply_limiter!` to suppress this message.
└ @ ClimaCore.Limiters ~/.julia/depots/levante-cpu/packages/ClimaCore/CYDDz/src/Limiters/quasimonotone.jl:383
┌ Warning: Limiter convergence stats:
│      `n_times_unconverged = 0`
│      `max_rel_err = 0.0`
│      `min_tracer_mass = Inf`
│ Use `warn = false` in `Limiters.apply_limiter!` to suppress this message.
└ @ ClimaCore.Limiters ~/.julia/depots/levante-cpu/packages/ClimaCore/CYDDz/src/Limiters/quasimonotone.jl:383
┌ Warning: Limiter convergence stats:
│      `n_times_unconverged = 0`
│      `max_rel_err = 0.0`
│      `min_tracer_mass = Inf`
│ Use `warn = false` in `Limiters.apply_limiter!` to suppress this message.
└ @ ClimaCore.Limiters ~/.julia/depots/levante-cpu/packages/ClimaCore/CYDDz/src/Limiters/quasimonotone.jl:383
┌ Warning: Limiter convergence stats:
│      `n_times_unconverged = 0`
│      `max_rel_err = 0.0`
│      `min_tracer_mass = Inf`
│ Use `warn = false` in `Limiters.apply_limiter!` to suppress this message.
└ @ ClimaCore.Limiters ~/.julia/depots/levante-cpu/packages/ClimaCore/CYDDz/src/Limiters/quasimonotone.jl:383
┌ Warning: Limiter convergence stats:
│      `n_times_unconverged = 0`
│      `max_rel_err = 0.0`
│      `min_tracer_mass = Inf`
│ Use `warn = false` in `Limiters.apply_limiter!` to suppress this message.
└ @ ClimaCore.Limiters ~/.julia/depots/levante-cpu/packages/ClimaCore/CYDDz/src/Limiters/quasimonotone.jl:383
┌ Warning: Limiter convergence stats:
│      `n_times_unconverged = 0`
│      `max_rel_err = 0.0`
│      `min_tracer_mass = Inf`
│ Use `warn = false` in `Limiters.apply_limiter!` to suppress this message.
└ @ ClimaCore.Limiters ~/.julia/depots/levante-cpu/packages/ClimaCore/CYDDz/src/Limiters/quasimonotone.jl:383
┌ Warning: Limiter convergence stats:
│      `n_times_unconverged = 0`
│      `max_rel_err = 0.0`
│      `min_tracer_mass = Inf`
│ Use `warn = false` in `Limiters.apply_limiter!` to suppress this message.
└ @ ClimaCore.Limiters ~/.julia/depots/levante-cpu/packages/ClimaCore/CYDDz/src/Limiters/quasimonotone.jl:383
┌ Warning: Limiter convergence stats:
│      `n_times_unconverged = 0`
│      `max_rel_err = 0.0`
│      `min_tracer_mass = Inf`
│ Use `warn = false` in `Limiters.apply_limiter!` to suppress this message.
└ @ ClimaCore.Limiters ~/.julia/depots/levante-cpu/packages/ClimaCore/CYDDz/src/Limiters/quasimonotone.jl:383
┌ Warning: Limiter convergence stats:
│      `n_times_unconverged = 0`
│      `max_rel_err = 0.0`
│      `min_tracer_mass = Inf`
│ Use `warn = false` in `Limiters.apply_limiter!` to suppress this message.
└ @ ClimaCore.Limiters ~/.julia/depots/levante-cpu/packages/ClimaCore/CYDDz/src/Limiters/quasimonotone.jl:383
┌ Warning: Limiter convergence stats:
│      `n_times_unconverged = 0`
│      `max_rel_err = 0.0`
│      `min_tracer_mass = Inf`
│ Use `warn = false` in `Limiters.apply_limiter!` to suppress this message.
└ @ ClimaCore.Limiters ~/.julia/depots/levante-cpu/packages/ClimaCore/CYDDz/src/Limiters/quasimonotone.jl:383
┌ Warning: Limiter convergence stats:
│      `n_times_unconverged = 0`
│      `max_rel_err = 0.0`
│      `min_tracer_mass = Inf`
│ Use `warn = false` in `Limiters.apply_limiter!` to suppress this message.
└ @ ClimaCore.Limiters ~/.julia/depots/levante-cpu/packages/ClimaCore/CYDDz/src/Limiters/quasimonotone.jl:383
┌ Warning: Limiter convergence stats:
│      `n_times_unconverged = 0`
│      `max_rel_err = 0.0`
│      `min_tracer_mass = Inf`
│ Use `warn = false` in `Limiters.apply_limiter!` to suppress this message.
└ @ ClimaCore.Limiters ~/.julia/depots/levante-cpu/packages/ClimaCore/CYDDz/src/Limiters/quasimonotone.jl:383
┌ Warning: Limiter convergence stats:
│      `n_times_unconverged = 0`
│      `max_rel_err = 0.0`
│      `min_tracer_mass = Inf`
│ Use `warn = false` in `Limiters.apply_limiter!` to suppress this message.
└ @ ClimaCore.Limiters ~/.julia/depots/levante-cpu/packages/ClimaCore/CYDDz/src/Limiters/quasimonotone.jl:383
┌ Warning: Limiter convergence stats:
│      `n_times_unconverged = 0`
│      `max_rel_err = 0.0`
│      `min_tracer_mass = Inf`
│ Use `warn = false` in `Limiters.apply_limiter!` to suppress this message.
└ @ ClimaCore.Limiters ~/.julia/depots/levante-cpu/packages/ClimaCore/CYDDz/src/Limiters/quasimonotone.jl:383
┌ Warning: Limiter convergence stats:
│      `n_times_unconverged = 0`
│      `max_rel_err = 0.0`
│      `min_tracer_mass = Inf`
│ Use `warn = false` in `Limiters.apply_limiter!` to suppress this message.
└ @ ClimaCore.Limiters ~/.julia/depots/levante-cpu/packages/ClimaCore/CYDDz/src/Limiters/quasimonotone.jl:383
┌ Warning: Limiter convergence stats:
│      `n_times_unconverged = 0`
│      `max_rel_err = 0.0`
│      `min_tracer_mass = Inf`
│ Use `warn = false` in `Limiters.apply_limiter!` to suppress this message.
└ @ ClimaCore.Limiters ~/.julia/depots/levante-cpu/packages/ClimaCore/CYDDz/src/Limiters/quasimonotone.jl:383
┌ Warning: Limiter convergence stats:
│      `n_times_unconverged = 0`
│      `max_rel_err = 0.0`
│      `min_tracer_mass = Inf`
│ Use `warn = false` in `Limiters.apply_limiter!` to suppress this message.
└ @ ClimaCore.Limiters ~/.julia/depots/levante-cpu/packages/ClimaCore/CYDDz/src/Limiters/quasimonotone.jl:383
┌ Warning: Limiter convergence stats:
│      `n_times_unconverged = 0`
│      `max_rel_err = 0.0`
│      `min_tracer_mass = Inf`
│ Use `warn = false` in `Limiters.apply_limiter!` to suppress this message.
└ @ ClimaCore.Limiters ~/.julia/depots/levante-cpu/packages/ClimaCore/CYDDz/src/Limiters/quasimonotone.jl:383
┌ Warning: Limiter convergence stats:
│      `n_times_unconverged = 0`
│      `max_rel_err = 0.0`
│      `min_tracer_mass = Inf`
│ Use `warn = false` in `Limiters.apply_limiter!` to suppress this message.
└ @ ClimaCore.Limiters ~/.julia/depots/levante-cpu/packages/ClimaCore/CYDDz/src/Limiters/quasimonotone.jl:383
┌ Warning: Limiter convergence stats:
│      `n_times_unconverged = 0`
│      `max_rel_err = 0.0`
│      `min_tracer_mass = Inf`
│ Use `warn = false` in `Limiters.apply_limiter!` to suppress this message.
└ @ ClimaCore.Limiters ~/.julia/depots/levante-cpu/packages/ClimaCore/CYDDz/src/Limiters/quasimonotone.jl:383
┌ Warning: Limiter convergence stats:
│      `n_times_unconverged = 0`
│      `max_rel_err = 0.0`
│      `min_tracer_mass = Inf`
│ Use `warn = false` in `Limiters.apply_limiter!` to suppress this message.
└ @ ClimaCore.Limiters ~/.julia/depots/levante-cpu/packages/ClimaCore/CYDDz/src/Limiters/quasimonotone.jl:383
┌ Warning: Limiter convergence stats:
│      `n_times_unconverged = 0`
│      `max_rel_err = 0.0`
│      `min_tracer_mass = Inf`
│ Use `warn = false` in `Limiters.apply_limiter!` to suppress this message.
└ @ ClimaCore.Limiters ~/.julia/depots/levante-cpu/packages/ClimaCore/CYDDz/src/Limiters/quasimonotone.jl:383
┌ Warning: Limiter convergence stats:
│      `n_times_unconverged = 0`
│      `max_rel_err = 0.0`
│      `min_tracer_mass = Inf`
│ Use `warn = false` in `Limiters.apply_limiter!` to suppress this message.
└ @ ClimaCore.Limiters ~/.julia/depots/levante-cpu/packages/ClimaCore/CYDDz/src/Limiters/quasimonotone.jl:383
┌ Warning: Limiter convergence stats:
│      `n_times_unconverged = 0`
│      `max_rel_err = 0.0`
│      `min_tracer_mass = Inf`
│ Use `warn = false` in `Limiters.apply_limiter!` to suppress this message.
└ @ ClimaCore.Limiters ~/.julia/depots/levante-cpu/packages/ClimaCore/CYDDz/src/Limiters/quasimonotone.jl:383
┌ Warning: Limiter convergence stats:
│      `n_times_unconverged = 0`
│      `max_rel_err = 0.0`
│      `min_tracer_mass = Inf`
│ Use `warn = false` in `Limiters.apply_limiter!` to suppress this message.
└ @ ClimaCore.Limiters ~/.julia/depots/levante-cpu/packages/ClimaCore/CYDDz/src/Limiters/quasimonotone.jl:383
┌ Warning: Limiter convergence stats:
│      `n_times_unconverged = 0`
│      `max_rel_err = 0.0`
│      `min_tracer_mass = Inf`
│ Use `warn = false` in `Limiters.apply_limiter!` to suppress this message.
└ @ ClimaCore.Limiters ~/.julia/depots/levante-cpu/packages/ClimaCore/CYDDz/src/Limiters/quasimonotone.jl:383
┌ Warning: Limiter convergence stats:
│      `n_times_unconverged = 0`
│      `max_rel_err = 0.0`
│      `min_tracer_mass = Inf`
│ Use `warn = false` in `Limiters.apply_limiter!` to suppress this message.
└ @ ClimaCore.Limiters ~/.julia/depots/levante-cpu/packages/ClimaCore/CYDDz/src/Limiters/quasimonotone.jl:383
┌ Warning: Limiter convergence stats:
│      `n_times_unconverged = 0`
│      `max_rel_err = 0.0`
│      `min_tracer_mass = Inf`
│ Use `warn = false` in `Limiters.apply_limiter!` to suppress this message.
└ @ ClimaCore.Limiters ~/.julia/depots/levante-cpu/packages/ClimaCore/CYDDz/src/Limiters/quasimonotone.jl:383
┌ Warning: Limiter convergence stats:
│      `n_times_unconverged = 0`
│      `max_rel_err = 0.0`
│      `min_tracer_mass = Inf`
│ Use `warn = false` in `Limiters.apply_limiter!` to suppress this message.
└ @ ClimaCore.Limiters ~/.julia/depots/levante-cpu/packages/ClimaCore/CYDDz/src/Limiters/quasimonotone.jl:383
┌ Warning: Limiter convergence stats:
│      `n_times_unconverged = 0`
│      `max_rel_err = 0.0`
│      `min_tracer_mass = Inf`
│ Use `warn = false` in `Limiters.apply_limiter!` to suppress this message.
└ @ ClimaCore.Limiters ~/.julia/depots/levante-cpu/packages/ClimaCore/CYDDz/src/Limiters/quasimonotone.jl:383
┌ Warning: Limiter convergence stats:
│      `n_times_unconverged = 0`
│      `max_rel_err = 0.0`
│      `min_tracer_mass = Inf`
│ Use `warn = false` in `Limiters.apply_limiter!` to suppress this message.
└ @ ClimaCore.Limiters ~/.julia/depots/levante-cpu/packages/ClimaCore/CYDDz/src/Limiters/quasimonotone.jl:383
┌ Warning: Limiter convergence stats:
│      `n_times_unconverged = 0`
│      `max_rel_err = 0.0`
│      `min_tracer_mass = Inf`
│ Use `warn = false` in `Limiters.apply_limiter!` to suppress this message.
└ @ ClimaCore.Limiters ~/.julia/depots/levante-cpu/packages/ClimaCore/CYDDz/src/Limiters/quasimonotone.jl:383
┌ Warning: Limiter convergence stats:
│      `n_times_unconverged = 0`
│      `max_rel_err = 0.0`
│      `min_tracer_mass = Inf`
│ Use `warn = false` in `Limiters.apply_limiter!` to suppress this message.
└ @ ClimaCore.Limiters ~/.julia/depots/levante-cpu/packages/ClimaCore/CYDDz/src/Limiters/quasimonotone.jl:383
┌ Warning: Limiter convergence stats:
│      `n_times_unconverged = 0`
│      `max_rel_err = 0.0`
│      `min_tracer_mass = Inf`
│ Use `warn = false` in `Limiters.apply_limiter!` to suppress this message.
└ @ ClimaCore.Limiters ~/.julia/depots/levante-cpu/packages/ClimaCore/CYDDz/src/Limiters/quasimonotone.jl:383
┌ Warning: Limiter convergence stats:
│      `n_times_unconverged = 0`
│      `max_rel_err = 0.0`
│      `min_tracer_mass = Inf`
│ Use `warn = false` in `Limiters.apply_limiter!` to suppress this message.
└ @ ClimaCore.Limiters ~/.julia/depots/levante-cpu/packages/ClimaCore/CYDDz/src/Limiters/quasimonotone.jl:383
┌ Warning: water tag closure residual 0.00021757487199233283 exceeds the configured tolerance 1.0e-10 at t = 32400.0 s. The tags no longer account for the field they partition; see output/a5_sphere_limiter/output_0001/water_tag_closure.csv.
└ @ ClimaAtmos ~/git/ClimaAtmosResiDyn.jl/src/parameterized_tendencies/tagged_tracers/tagged_tracers.jl:779
┌ Warning: water tag parent is non-positive over 35.63062267586623% of the domain volume at t = 32400.0 s, and closure will not show it. Water tags take loss in proportion to what they hold, so their shares are undefined there and the tags of those cells carry no provenance. Nothing in the model keeps `ρq_tot` non-negative: `tracer_nonnegativity_method` is off unless configured, and transport alone can take a cell below zero. Those cells have their tags emptied by `rescale_water_tags!` whenever a constraint clips the parent, so the water they held surfaces in the residual. A large fraction is worth investigating as a sign that the run is under-resolved or the timestep too long.
└ @ ClimaAtmos ~/git/ClimaAtmosResiDyn.jl/src/parameterized_tendencies/tagged_tracers/tagged_tracers.jl:788
┌ Warning: Limiter convergence stats:
│      `n_times_unconverged = 0`
│      `max_rel_err = 0.0`
│      `min_tracer_mass = Inf`
│ Use `warn = false` in `Limiters.apply_limiter!` to suppress this message.
└ @ ClimaCore.Limiters ~/.julia/depots/levante-cpu/packages/ClimaCore/CYDDz/src/Limiters/quasimonotone.jl:383
┌ Warning: Limiter convergence stats:
│      `n_times_unconverged = 0`
│      `max_rel_err = 0.0`
│      `min_tracer_mass = Inf`
│ Use `warn = false` in `Limiters.apply_limiter!` to suppress this message.
└ @ ClimaCore.Limiters ~/.julia/depots/levante-cpu/packages/ClimaCore/CYDDz/src/Limiters/quasimonotone.jl:383
┌ Warning: Limiter convergence stats:
│      `n_times_unconverged = 0`
│      `max_rel_err = 0.0`
│      `min_tracer_mass = Inf`
│ Use `warn = false` in `Limiters.apply_limiter!` to suppress this message.
└ @ ClimaCore.Limiters ~/.julia/depots/levante-cpu/packages/ClimaCore/CYDDz/src/Limiters/quasimonotone.jl:383
┌ Warning: Limiter convergence stats:
│      `n_times_unconverged = 0`
│      `max_rel_err = 0.0`
│      `min_tracer_mass = Inf`
│ Use `warn = false` in `Limiters.apply_limiter!` to suppress this message.
└ @ ClimaCore.Limiters ~/.julia/depots/levante-cpu/packages/ClimaCore/CYDDz/src/Limiters/quasimonotone.jl:383
┌ Warning: Limiter convergence stats:
│      `n_times_unconverged = 0`
│      `max_rel_err = 0.0`
│      `min_tracer_mass = Inf`
│ Use `warn = false` in `Limiters.apply_limiter!` to suppress this message.
└ @ ClimaCore.Limiters ~/.julia/depots/levante-cpu/packages/ClimaCore/CYDDz/src/Limiters/quasimonotone.jl:383
┌ Warning: Limiter convergence stats:
│      `n_times_unconverged = 0`
│      `max_rel_err = 0.0`
│      `min_tracer_mass = Inf`
│ Use `warn = false` in `Limiters.apply_limiter!` to suppress this message.
└ @ ClimaCore.Limiters ~/.julia/depots/levante-cpu/packages/ClimaCore/CYDDz/src/Limiters/quasimonotone.jl:383
┌ Warning: Limiter convergence stats:
│      `n_times_unconverged = 0`
│      `max_rel_err = 0.0`
│      `min_tracer_mass = Inf`
│ Use `warn = false` in `Limiters.apply_limiter!` to suppress this message.
└ @ ClimaCore.Limiters ~/.julia/depots/levante-cpu/packages/ClimaCore/CYDDz/src/Limiters/quasimonotone.jl:383
┌ Warning: Limiter convergence stats:
│      `n_times_unconverged = 0`
│      `max_rel_err = 0.0`
│      `min_tracer_mass = Inf`
│ Use `warn = false` in `Limiters.apply_limiter!` to suppress this message.
└ @ ClimaCore.Limiters ~/.julia/depots/levante-cpu/packages/ClimaCore/CYDDz/src/Limiters/quasimonotone.jl:383
┌ Warning: Limiter convergence stats:
│      `n_times_unconverged = 0`
│      `max_rel_err = 0.0`
│      `min_tracer_mass = Inf`
│ Use `warn = false` in `Limiters.apply_limiter!` to suppress this message.
└ @ ClimaCore.Limiters ~/.julia/depots/levante-cpu/packages/ClimaCore/CYDDz/src/Limiters/quasimonotone.jl:383
┌ Warning: Limiter convergence stats:
│      `n_times_unconverged = 0`
│      `max_rel_err = 0.0`
│      `min_tracer_mass = Inf`
│ Use `warn = false` in `Limiters.apply_limiter!` to suppress this message.
└ @ ClimaCore.Limiters ~/.julia/depots/levante-cpu/packages/ClimaCore/CYDDz/src/Limiters/quasimonotone.jl:383
┌ Warning: Limiter convergence stats:
│      `n_times_unconverged = 0`
│      `max_rel_err = 0.0`
│      `min_tracer_mass = Inf`
│ Use `warn = false` in `Limiters.apply_limiter!` to suppress this message.
└ @ ClimaCore.Limiters ~/.julia/depots/levante-cpu/packages/ClimaCore/CYDDz/src/Limiters/quasimonotone.jl:383
┌ Warning: Limiter convergence stats:
│      `n_times_unconverged = 0`
│      `max_rel_err = 0.0`
│      `min_tracer_mass = Inf`
│ Use `warn = false` in `Limiters.apply_limiter!` to suppress this message.
└ @ ClimaCore.Limiters ~/.julia/depots/levante-cpu/packages/ClimaCore/CYDDz/src/Limiters/quasimonotone.jl:383
┌ Warning: Limiter convergence stats:
│      `n_times_unconverged = 0`
│      `max_rel_err = 0.0`
│      `min_tracer_mass = Inf`
│ Use `warn = false` in `Limiters.apply_limiter!` to suppress this message.
└ @ ClimaCore.Limiters ~/.julia/depots/levante-cpu/packages/ClimaCore/CYDDz/src/Limiters/quasimonotone.jl:383
┌ Warning: Limiter convergence stats:
│      `n_times_unconverged = 0`
│      `max_rel_err = 0.0`
│      `min_tracer_mass = Inf`
│ Use `warn = false` in `Limiters.apply_limiter!` to suppress this message.
└ @ ClimaCore.Limiters ~/.julia/depots/levante-cpu/packages/ClimaCore/CYDDz/src/Limiters/quasimonotone.jl:383
┌ Warning: Limiter convergence stats:
│      `n_times_unconverged = 0`
│      `max_rel_err = 0.0`
│      `min_tracer_mass = Inf`
│ Use `warn = false` in `Limiters.apply_limiter!` to suppress this message.
└ @ ClimaCore.Limiters ~/.julia/depots/levante-cpu/packages/ClimaCore/CYDDz/src/Limiters/quasimonotone.jl:383
┌ Warning: Limiter convergence stats:
│      `n_times_unconverged = 0`
│      `max_rel_err = 0.0`
│      `min_tracer_mass = Inf`
│ Use `warn = false` in `Limiters.apply_limiter!` to suppress this message.
└ @ ClimaCore.Limiters ~/.julia/depots/levante-cpu/packages/ClimaCore/CYDDz/src/Limiters/quasimonotone.jl:383
┌ Info: Progress
│   simulation_time = "9 hours, 20 minutes"
│   n_steps_completed = 112
│   wall_time_per_step = "474 milliseconds, 325 microseconds"
│   wall_time_total = "2 minutes, 16 seconds"
│   wall_time_remaining = "1 minute, 23 seconds"
│   wall_time_spent = "53 seconds, 124 milliseconds"
│   percent_complete = "38.9%"
│   estimated_sypd = "1.732"
│   instantaneous_sypd = "1.782"
│   date_now = 2026-09-10T10:07:44.224
└   estimated_finish_date = 2026-09-10T10:09:08.224
┌ Warning: Limiter convergence stats:
│      `n_times_unconverged = 0`
│      `max_rel_err = 0.0`
│      `min_tracer_mass = Inf`
│ Use `warn = false` in `Limiters.apply_limiter!` to suppress this message.
└ @ ClimaCore.Limiters ~/.julia/depots/levante-cpu/packages/ClimaCore/CYDDz/src/Limiters/quasimonotone.jl:383
┌ Warning: Limiter convergence stats:
│      `n_times_unconverged = 0`
│      `max_rel_err = 0.0`
│      `min_tracer_mass = Inf`
│ Use `warn = false` in `Limiters.apply_limiter!` to suppress this message.
└ @ ClimaCore.Limiters ~/.julia/depots/levante-cpu/packages/ClimaCore/CYDDz/src/Limiters/quasimonotone.jl:383
┌ Warning: Limiter convergence stats:
│      `n_times_unconverged = 0`
│      `max_rel_err = 0.0`
│      `min_tracer_mass = Inf`
│ Use `warn = false` in `Limiters.apply_limiter!` to suppress this message.
└ @ ClimaCore.Limiters ~/.julia/depots/levante-cpu/packages/ClimaCore/CYDDz/src/Limiters/quasimonotone.jl:383
┌ Warning: Limiter convergence stats:
│      `n_times_unconverged = 0`
│      `max_rel_err = 0.0`
│      `min_tracer_mass = Inf`
│ Use `warn = false` in `Limiters.apply_limiter!` to suppress this message.
└ @ ClimaCore.Limiters ~/.julia/depots/levante-cpu/packages/ClimaCore/CYDDz/src/Limiters/quasimonotone.jl:383
┌ Warning: Limiter convergence stats:
│      `n_times_unconverged = 0`
│      `max_rel_err = 0.0`
│      `min_tracer_mass = Inf`
│ Use `warn = false` in `Limiters.apply_limiter!` to suppress this message.
└ @ ClimaCore.Limiters ~/.julia/depots/levante-cpu/packages/ClimaCore/CYDDz/src/Limiters/quasimonotone.jl:383
┌ Warning: Limiter convergence stats:
│      `n_times_unconverged = 0`
│      `max_rel_err = 0.0`
│      `min_tracer_mass = Inf`
│ Use `warn = false` in `Limiters.apply_limiter!` to suppress this message.
└ @ ClimaCore.Limiters ~/.julia/depots/levante-cpu/packages/ClimaCore/CYDDz/src/Limiters/quasimonotone.jl:383
┌ Warning: Limiter convergence stats:
│      `n_times_unconverged = 0`
│      `max_rel_err = 0.0`
│      `min_tracer_mass = Inf`
│ Use `warn = false` in `Limiters.apply_limiter!` to suppress this message.
└ @ ClimaCore.Limiters ~/.julia/depots/levante-cpu/packages/ClimaCore/CYDDz/src/Limiters/quasimonotone.jl:383
┌ Warning: Limiter convergence stats:
│      `n_times_unconverged = 0`
│      `max_rel_err = 0.0`
│      `min_tracer_mass = Inf`
│ Use `warn = false` in `Limiters.apply_limiter!` to suppress this message.
└ @ ClimaCore.Limiters ~/.julia/depots/levante-cpu/packages/ClimaCore/CYDDz/src/Limiters/quasimonotone.jl:383
┌ Warning: Limiter convergence stats:
│      `n_times_unconverged = 0`
│      `max_rel_err = 0.0`
│      `min_tracer_mass = Inf`
│ Use `warn = false` in `Limiters.apply_limiter!` to suppress this message.
└ @ ClimaCore.Limiters ~/.julia/depots/levante-cpu/packages/ClimaCore/CYDDz/src/Limiters/quasimonotone.jl:383
┌ Warning: Limiter convergence stats:
│      `n_times_unconverged = 0`
│      `max_rel_err = 0.0`
│      `min_tracer_mass = Inf`
│ Use `warn = false` in `Limiters.apply_limiter!` to suppress this message.
└ @ ClimaCore.Limiters ~/.julia/depots/levante-cpu/packages/ClimaCore/CYDDz/src/Limiters/quasimonotone.jl:383
┌ Warning: Limiter convergence stats:
│      `n_times_unconverged = 0`
│      `max_rel_err = 0.0`
│      `min_tracer_mass = Inf`
│ Use `warn = false` in `Limiters.apply_limiter!` to suppress this message.
└ @ ClimaCore.Limiters ~/.julia/depots/levante-cpu/packages/ClimaCore/CYDDz/src/Limiters/quasimonotone.jl:383
┌ Warning: Limiter convergence stats:
│      `n_times_unconverged = 0`
│      `max_rel_err = 0.0`
│      `min_tracer_mass = Inf`
│ Use `warn = false` in `Limiters.apply_limiter!` to suppress this message.
└ @ ClimaCore.Limiters ~/.julia/depots/levante-cpu/packages/ClimaCore/CYDDz/src/Limiters/quasimonotone.jl:383
┌ Warning: Limiter convergence stats:
│      `n_times_unconverged = 0`
│      `max_rel_err = 0.0`
│      `min_tracer_mass = Inf`
│ Use `warn = false` in `Limiters.apply_limiter!` to suppress this message.
└ @ ClimaCore.Limiters ~/.julia/depots/levante-cpu/packages/ClimaCore/CYDDz/src/Limiters/quasimonotone.jl:383
┌ Warning: Limiter convergence stats:
│      `n_times_unconverged = 0`
│      `max_rel_err = 0.0`
│      `min_tracer_mass = Inf`
│ Use `warn = false` in `Limiters.apply_limiter!` to suppress this message.
└ @ ClimaCore.Limiters ~/.julia/depots/levante-cpu/packages/ClimaCore/CYDDz/src/Limiters/quasimonotone.jl:383
┌ Warning: Limiter convergence stats:
│      `n_times_unconverged = 0`
│      `max_rel_err = 0.0`
│      `min_tracer_mass = Inf`
│ Use `warn = false` in `Limiters.apply_limiter!` to suppress this message.
└ @ ClimaCore.Limiters ~/.julia/depots/levante-cpu/packages/ClimaCore/CYDDz/src/Limiters/quasimonotone.jl:383
┌ Warning: Limiter convergence stats:
│      `n_times_unconverged = 0`
│      `max_rel_err = 0.0`
│      `min_tracer_mass = Inf`
│ Use `warn = false` in `Limiters.apply_limiter!` to suppress this message.
└ @ ClimaCore.Limiters ~/.julia/depots/levante-cpu/packages/ClimaCore/CYDDz/src/Limiters/quasimonotone.jl:383
┌ Warning: Limiter convergence stats:
│      `n_times_unconverged = 0`
│      `max_rel_err = 0.0`
│      `min_tracer_mass = Inf`
│ Use `warn = false` in `Limiters.apply_limiter!` to suppress this message.
└ @ ClimaCore.Limiters ~/.julia/depots/levante-cpu/packages/ClimaCore/CYDDz/src/Limiters/quasimonotone.jl:383
┌ Warning: Limiter convergence stats:
│      `n_times_unconverged = 0`
│      `max_rel_err = 0.0`
│      `min_tracer_mass = Inf`
│ Use `warn = false` in `Limiters.apply_limiter!` to suppress this message.
└ @ ClimaCore.Limiters ~/.julia/depots/levante-cpu/packages/ClimaCore/CYDDz/src/Limiters/quasimonotone.jl:383
┌ Warning: Limiter convergence stats:
│      `n_times_unconverged = 0`
│      `max_rel_err = 0.0`
│      `min_tracer_mass = Inf`
│ Use `warn = false` in `Limiters.apply_limiter!` to suppress this message.
└ @ ClimaCore.Limiters ~/.julia/depots/levante-cpu/packages/ClimaCore/CYDDz/src/Limiters/quasimonotone.jl:383
┌ Warning: Limiter convergence stats:
│      `n_times_unconverged = 0`
│      `max_rel_err = 0.0`
│      `min_tracer_mass = Inf`
│ Use `warn = false` in `Limiters.apply_limiter!` to suppress this message.
└ @ ClimaCore.Limiters ~/.julia/depots/levante-cpu/packages/ClimaCore/CYDDz/src/Limiters/quasimonotone.jl:383
┌ Warning: Limiter convergence stats:
│      `n_times_unconverged = 0`
│      `max_rel_err = 0.0`
│      `min_tracer_mass = Inf`
│ Use `warn = false` in `Limiters.apply_limiter!` to suppress this message.
└ @ ClimaCore.Limiters ~/.julia/depots/levante-cpu/packages/ClimaCore/CYDDz/src/Limiters/quasimonotone.jl:383
┌ Warning: Limiter convergence stats:
│      `n_times_unconverged = 0`
│      `max_rel_err = 0.0`
│      `min_tracer_mass = Inf`
│ Use `warn = false` in `Limiters.apply_limiter!` to suppress this message.
└ @ ClimaCore.Limiters ~/.julia/depots/levante-cpu/packages/ClimaCore/CYDDz/src/Limiters/quasimonotone.jl:383
┌ Warning: Limiter convergence stats:
│      `n_times_unconverged = 0`
│      `max_rel_err = 0.0`
│      `min_tracer_mass = Inf`
│ Use `warn = false` in `Limiters.apply_limiter!` to suppress this message.
└ @ ClimaCore.Limiters ~/.julia/depots/levante-cpu/packages/ClimaCore/CYDDz/src/Limiters/quasimonotone.jl:383
┌ Warning: Limiter convergence stats:
│      `n_times_unconverged = 0`
│      `max_rel_err = 0.0`
│      `min_tracer_mass = Inf`
│ Use `warn = false` in `Limiters.apply_limiter!` to suppress this message.
└ @ ClimaCore.Limiters ~/.julia/depots/levante-cpu/packages/ClimaCore/CYDDz/src/Limiters/quasimonotone.jl:383
┌ Warning: Limiter convergence stats:
│      `n_times_unconverged = 0`
│      `max_rel_err = 0.0`
│      `min_tracer_mass = Inf`
│ Use `warn = false` in `Limiters.apply_limiter!` to suppress this message.
└ @ ClimaCore.Limiters ~/.julia/depots/levante-cpu/packages/ClimaCore/CYDDz/src/Limiters/quasimonotone.jl:383
┌ Warning: Limiter convergence stats:
│      `n_times_unconverged = 0`
│      `max_rel_err = 0.0`
│      `min_tracer_mass = Inf`
│ Use `warn = false` in `Limiters.apply_limiter!` to suppress this message.
└ @ ClimaCore.Limiters ~/.julia/depots/levante-cpu/packages/ClimaCore/CYDDz/src/Limiters/quasimonotone.jl:383
┌ Warning: Limiter convergence stats:
│      `n_times_unconverged = 0`
│      `max_rel_err = 0.0`
│      `min_tracer_mass = Inf`
│ Use `warn = false` in `Limiters.apply_limiter!` to suppress this message.
└ @ ClimaCore.Limiters ~/.julia/depots/levante-cpu/packages/ClimaCore/CYDDz/src/Limiters/quasimonotone.jl:383
┌ Warning: Limiter convergence stats:
│      `n_times_unconverged = 0`
│      `max_rel_err = 0.0`
│      `min_tracer_mass = Inf`
│ Use `warn = false` in `Limiters.apply_limiter!` to suppress this message.
└ @ ClimaCore.Limiters ~/.julia/depots/levante-cpu/packages/ClimaCore/CYDDz/src/Limiters/quasimonotone.jl:383
┌ Warning: Limiter convergence stats:
│      `n_times_unconverged = 0`
│      `max_rel_err = 0.0`
│      `min_tracer_mass = Inf`
│ Use `warn = false` in `Limiters.apply_limiter!` to suppress this message.
└ @ ClimaCore.Limiters ~/.julia/depots/levante-cpu/packages/ClimaCore/CYDDz/src/Limiters/quasimonotone.jl:383
┌ Warning: Limiter convergence stats:
│      `n_times_unconverged = 0`
│      `max_rel_err = 0.0`
│      `min_tracer_mass = Inf`
│ Use `warn = false` in `Limiters.apply_limiter!` to suppress this message.
└ @ ClimaCore.Limiters ~/.julia/depots/levante-cpu/packages/ClimaCore/CYDDz/src/Limiters/quasimonotone.jl:383
┌ Warning: Limiter convergence stats:
│      `n_times_unconverged = 0`
│      `max_rel_err = 0.0`
│      `min_tracer_mass = Inf`
│ Use `warn = false` in `Limiters.apply_limiter!` to suppress this message.
└ @ ClimaCore.Limiters ~/.julia/depots/levante-cpu/packages/ClimaCore/CYDDz/src/Limiters/quasimonotone.jl:383
┌ Warning: Limiter convergence stats:
│      `n_times_unconverged = 0`
│      `max_rel_err = 0.0`
│      `min_tracer_mass = Inf`
│ Use `warn = false` in `Limiters.apply_limiter!` to suppress this message.
└ @ ClimaCore.Limiters ~/.julia/depots/levante-cpu/packages/ClimaCore/CYDDz/src/Limiters/quasimonotone.jl:383
┌ Warning: water tag closure residual 0.00023079638169917378 exceeds the configured tolerance 1.0e-10 at t = 36000.0 s. The tags no longer account for the field they partition; see output/a5_sphere_limiter/output_0001/water_tag_closure.csv.
└ @ ClimaAtmos ~/git/ClimaAtmosResiDyn.jl/src/parameterized_tendencies/tagged_tracers/tagged_tracers.jl:779
┌ Warning: water tag parent is non-positive over 35.63062267586623% of the domain volume at t = 36000.0 s, and closure will not show it. Water tags take loss in proportion to what they hold, so their shares are undefined there and the tags of those cells carry no provenance. Nothing in the model keeps `ρq_tot` non-negative: `tracer_nonnegativity_method` is off unless configured, and transport alone can take a cell below zero. Those cells have their tags emptied by `rescale_water_tags!` whenever a constraint clips the parent, so the water they held surfaces in the residual. A large fraction is worth investigating as a sign that the run is under-resolved or the timestep too long.
└ @ ClimaAtmos ~/git/ClimaAtmosResiDyn.jl/src/parameterized_tendencies/tagged_tracers/tagged_tracers.jl:788
┌ Warning: Limiter convergence stats:
│      `n_times_unconverged = 0`
│      `max_rel_err = 0.0`
│      `min_tracer_mass = Inf`
│ Use `warn = false` in `Limiters.apply_limiter!` to suppress this message.
└ @ ClimaCore.Limiters ~/.julia/depots/levante-cpu/packages/ClimaCore/CYDDz/src/Limiters/quasimonotone.jl:383
┌ Warning: Limiter convergence stats:
│      `n_times_unconverged = 0`
│      `max_rel_err = 0.0`
│      `min_tracer_mass = Inf`
│ Use `warn = false` in `Limiters.apply_limiter!` to suppress this message.
└ @ ClimaCore.Limiters ~/.julia/depots/levante-cpu/packages/ClimaCore/CYDDz/src/Limiters/quasimonotone.jl:383
┌ Warning: Limiter convergence stats:
│      `n_times_unconverged = 0`
│      `max_rel_err = 0.0`
│      `min_tracer_mass = Inf`
│ Use `warn = false` in `Limiters.apply_limiter!` to suppress this message.
└ @ ClimaCore.Limiters ~/.julia/depots/levante-cpu/packages/ClimaCore/CYDDz/src/Limiters/quasimonotone.jl:383
┌ Warning: Limiter convergence stats:
│      `n_times_unconverged = 0`
│      `max_rel_err = 0.0`
│      `min_tracer_mass = Inf`
│ Use `warn = false` in `Limiters.apply_limiter!` to suppress this message.
└ @ ClimaCore.Limiters ~/.julia/depots/levante-cpu/packages/ClimaCore/CYDDz/src/Limiters/quasimonotone.jl:383
┌ Warning: Limiter convergence stats:
│      `n_times_unconverged = 0`
│      `max_rel_err = 0.0`
│      `min_tracer_mass = Inf`
│ Use `warn = false` in `Limiters.apply_limiter!` to suppress this message.
└ @ ClimaCore.Limiters ~/.julia/depots/levante-cpu/packages/ClimaCore/CYDDz/src/Limiters/quasimonotone.jl:383
┌ Warning: Limiter convergence stats:
│      `n_times_unconverged = 0`
│      `max_rel_err = 0.0`
│      `min_tracer_mass = Inf`
│ Use `warn = false` in `Limiters.apply_limiter!` to suppress this message.
└ @ ClimaCore.Limiters ~/.julia/depots/levante-cpu/packages/ClimaCore/CYDDz/src/Limiters/quasimonotone.jl:383
┌ Warning: Limiter convergence stats:
│      `n_times_unconverged = 0`
│      `max_rel_err = 0.0`
│      `min_tracer_mass = Inf`
│ Use `warn = false` in `Limiters.apply_limiter!` to suppress this message.
└ @ ClimaCore.Limiters ~/.julia/depots/levante-cpu/packages/ClimaCore/CYDDz/src/Limiters/quasimonotone.jl:383
┌ Warning: Limiter convergence stats:
│      `n_times_unconverged = 0`
│      `max_rel_err = 0.0`
│      `min_tracer_mass = Inf`
│ Use `warn = false` in `Limiters.apply_limiter!` to suppress this message.
└ @ ClimaCore.Limiters ~/.julia/depots/levante-cpu/packages/ClimaCore/CYDDz/src/Limiters/quasimonotone.jl:383
┌ Warning: Limiter convergence stats:
│      `n_times_unconverged = 0`
│      `max_rel_err = 0.0`
│      `min_tracer_mass = Inf`
│ Use `warn = false` in `Limiters.apply_limiter!` to suppress this message.
└ @ ClimaCore.Limiters ~/.julia/depots/levante-cpu/packages/ClimaCore/CYDDz/src/Limiters/quasimonotone.jl:383
┌ Warning: Limiter convergence stats:
│      `n_times_unconverged = 0`
│      `max_rel_err = 0.0`
│      `min_tracer_mass = Inf`
│ Use `warn = false` in `Limiters.apply_limiter!` to suppress this message.
└ @ ClimaCore.Limiters ~/.julia/depots/levante-cpu/packages/ClimaCore/CYDDz/src/Limiters/quasimonotone.jl:383
┌ Warning: Limiter convergence stats:
│      `n_times_unconverged = 0`
│      `max_rel_err = 0.0`
│      `min_tracer_mass = Inf`
│ Use `warn = false` in `Limiters.apply_limiter!` to suppress this message.
└ @ ClimaCore.Limiters ~/.julia/depots/levante-cpu/packages/ClimaCore/CYDDz/src/Limiters/quasimonotone.jl:383
┌ Warning: Limiter convergence stats:
│      `n_times_unconverged = 0`
│      `max_rel_err = 0.0`
│      `min_tracer_mass = Inf`
│ Use `warn = false` in `Limiters.apply_limiter!` to suppress this message.
└ @ ClimaCore.Limiters ~/.julia/depots/levante-cpu/packages/ClimaCore/CYDDz/src/Limiters/quasimonotone.jl:383
┌ Warning: Limiter convergence stats:
│      `n_times_unconverged = 0`
│      `max_rel_err = 0.0`
│      `min_tracer_mass = Inf`
│ Use `warn = false` in `Limiters.apply_limiter!` to suppress this message.
└ @ ClimaCore.Limiters ~/.julia/depots/levante-cpu/packages/ClimaCore/CYDDz/src/Limiters/quasimonotone.jl:383
┌ Warning: Limiter convergence stats:
│      `n_times_unconverged = 0`
│      `max_rel_err = 0.0`
│      `min_tracer_mass = Inf`
│ Use `warn = false` in `Limiters.apply_limiter!` to suppress this message.
└ @ ClimaCore.Limiters ~/.julia/depots/levante-cpu/packages/ClimaCore/CYDDz/src/Limiters/quasimonotone.jl:383
┌ Warning: Limiter convergence stats:
│      `n_times_unconverged = 0`
│      `max_rel_err = 0.0`
│      `min_tracer_mass = Inf`
│ Use `warn = false` in `Limiters.apply_limiter!` to suppress this message.
└ @ ClimaCore.Limiters ~/.julia/depots/levante-cpu/packages/ClimaCore/CYDDz/src/Limiters/quasimonotone.jl:383
┌ Warning: Limiter convergence stats:
│      `n_times_unconverged = 0`
│      `max_rel_err = 0.0`
│      `min_tracer_mass = Inf`
│ Use `warn = false` in `Limiters.apply_limiter!` to suppress this message.
└ @ ClimaCore.Limiters ~/.julia/depots/levante-cpu/packages/ClimaCore/CYDDz/src/Limiters/quasimonotone.jl:383
┌ Warning: Limiter convergence stats:
│      `n_times_unconverged = 0`
│      `max_rel_err = 0.0`
│      `min_tracer_mass = Inf`
│ Use `warn = false` in `Limiters.apply_limiter!` to suppress this message.
└ @ ClimaCore.Limiters ~/.julia/depots/levante-cpu/packages/ClimaCore/CYDDz/src/Limiters/quasimonotone.jl:383
┌ Warning: Limiter convergence stats:
│      `n_times_unconverged = 0`
│      `max_rel_err = 0.0`
│      `min_tracer_mass = Inf`
│ Use `warn = false` in `Limiters.apply_limiter!` to suppress this message.
└ @ ClimaCore.Limiters ~/.julia/depots/levante-cpu/packages/ClimaCore/CYDDz/src/Limiters/quasimonotone.jl:383
┌ Warning: Limiter convergence stats:
│      `n_times_unconverged = 0`
│      `max_rel_err = 0.0`
│      `min_tracer_mass = Inf`
│ Use `warn = false` in `Limiters.apply_limiter!` to suppress this message.
└ @ ClimaCore.Limiters ~/.julia/depots/levante-cpu/packages/ClimaCore/CYDDz/src/Limiters/quasimonotone.jl:383
┌ Warning: Limiter convergence stats:
│      `n_times_unconverged = 0`
│      `max_rel_err = 0.0`
│      `min_tracer_mass = Inf`
│ Use `warn = false` in `Limiters.apply_limiter!` to suppress this message.
└ @ ClimaCore.Limiters ~/.julia/depots/levante-cpu/packages/ClimaCore/CYDDz/src/Limiters/quasimonotone.jl:383
┌ Warning: Limiter convergence stats:
│      `n_times_unconverged = 0`
│      `max_rel_err = 0.0`
│      `min_tracer_mass = Inf`
│ Use `warn = false` in `Limiters.apply_limiter!` to suppress this message.
└ @ ClimaCore.Limiters ~/.julia/depots/levante-cpu/packages/ClimaCore/CYDDz/src/Limiters/quasimonotone.jl:383
┌ Warning: Limiter convergence stats:
│      `n_times_unconverged = 0`
│      `max_rel_err = 0.0`
│      `min_tracer_mass = Inf`
│ Use `warn = false` in `Limiters.apply_limiter!` to suppress this message.
└ @ ClimaCore.Limiters ~/.julia/depots/levante-cpu/packages/ClimaCore/CYDDz/src/Limiters/quasimonotone.jl:383
┌ Warning: Limiter convergence stats:
│      `n_times_unconverged = 0`
│      `max_rel_err = 0.0`
│      `min_tracer_mass = Inf`
│ Use `warn = false` in `Limiters.apply_limiter!` to suppress this message.
└ @ ClimaCore.Limiters ~/.julia/depots/levante-cpu/packages/ClimaCore/CYDDz/src/Limiters/quasimonotone.jl:383
┌ Warning: Limiter convergence stats:
│      `n_times_unconverged = 0`
│      `max_rel_err = 0.0`
│      `min_tracer_mass = Inf`
│ Use `warn = false` in `Limiters.apply_limiter!` to suppress this message.
└ @ ClimaCore.Limiters ~/.julia/depots/levante-cpu/packages/ClimaCore/CYDDz/src/Limiters/quasimonotone.jl:383
┌ Warning: Limiter convergence stats:
│      `n_times_unconverged = 0`
│      `max_rel_err = 0.0`
│      `min_tracer_mass = Inf`
│ Use `warn = false` in `Limiters.apply_limiter!` to suppress this message.
└ @ ClimaCore.Limiters ~/.julia/depots/levante-cpu/packages/ClimaCore/CYDDz/src/Limiters/quasimonotone.jl:383
┌ Warning: Limiter convergence stats:
│      `n_times_unconverged = 0`
│      `max_rel_err = 0.0`
│      `min_tracer_mass = Inf`
│ Use `warn = false` in `Limiters.apply_limiter!` to suppress this message.
└ @ ClimaCore.Limiters ~/.julia/depots/levante-cpu/packages/ClimaCore/CYDDz/src/Limiters/quasimonotone.jl:383
┌ Warning: Limiter convergence stats:
│      `n_times_unconverged = 0`
│      `max_rel_err = 0.0`
│      `min_tracer_mass = Inf`
│ Use `warn = false` in `Limiters.apply_limiter!` to suppress this message.
└ @ ClimaCore.Limiters ~/.julia/depots/levante-cpu/packages/ClimaCore/CYDDz/src/Limiters/quasimonotone.jl:383
┌ Warning: Limiter convergence stats:
│      `n_times_unconverged = 0`
│      `max_rel_err = 0.0`
│      `min_tracer_mass = Inf`
│ Use `warn = false` in `Limiters.apply_limiter!` to suppress this message.
└ @ ClimaCore.Limiters ~/.julia/depots/levante-cpu/packages/ClimaCore/CYDDz/src/Limiters/quasimonotone.jl:383
┌ Warning: Limiter convergence stats:
│      `n_times_unconverged = 0`
│      `max_rel_err = 0.0`
│      `min_tracer_mass = Inf`
│ Use `warn = false` in `Limiters.apply_limiter!` to suppress this message.
└ @ ClimaCore.Limiters ~/.julia/depots/levante-cpu/packages/ClimaCore/CYDDz/src/Limiters/quasimonotone.jl:383
┌ Warning: Limiter convergence stats:
│      `n_times_unconverged = 0`
│      `max_rel_err = 0.0`
│      `min_tracer_mass = Inf`
│ Use `warn = false` in `Limiters.apply_limiter!` to suppress this message.
└ @ ClimaCore.Limiters ~/.julia/depots/levante-cpu/packages/ClimaCore/CYDDz/src/Limiters/quasimonotone.jl:383
┌ Warning: Limiter convergence stats:
│      `n_times_unconverged = 0`
│      `max_rel_err = 0.0`
│      `min_tracer_mass = Inf`
│ Use `warn = false` in `Limiters.apply_limiter!` to suppress this message.
└ @ ClimaCore.Limiters ~/.julia/depots/levante-cpu/packages/ClimaCore/CYDDz/src/Limiters/quasimonotone.jl:383
┌ Warning: Limiter convergence stats:
│      `n_times_unconverged = 0`
│      `max_rel_err = 0.0`
│      `min_tracer_mass = Inf`
│ Use `warn = false` in `Limiters.apply_limiter!` to suppress this message.
└ @ ClimaCore.Limiters ~/.julia/depots/levante-cpu/packages/ClimaCore/CYDDz/src/Limiters/quasimonotone.jl:383
┌ Info: Progress
│   simulation_time = "10 hours, 40 minutes"
│   n_steps_completed = 128
│   wall_time_per_step = "472 milliseconds, 257 microseconds"
│   wall_time_total = "2 minutes, 16 seconds"
│   wall_time_remaining = "1 minute, 15 seconds"
│   wall_time_spent = "1 minute, 448 milliseconds"
│   percent_complete = "44.4%"
│   estimated_sypd = "1.739"
│   instantaneous_sypd = "1.794"
│   date_now = 2026-09-10T10:07:51.549
└   estimated_finish_date = 2026-09-10T10:09:07.549
┌ Warning: Limiter convergence stats:
│      `n_times_unconverged = 0`
│      `max_rel_err = 0.0`
│      `min_tracer_mass = Inf`
│ Use `warn = false` in `Limiters.apply_limiter!` to suppress this message.
└ @ ClimaCore.Limiters ~/.julia/depots/levante-cpu/packages/ClimaCore/CYDDz/src/Limiters/quasimonotone.jl:383
┌ Warning: Limiter convergence stats:
│      `n_times_unconverged = 0`
│      `max_rel_err = 0.0`
│      `min_tracer_mass = Inf`
│ Use `warn = false` in `Limiters.apply_limiter!` to suppress this message.
└ @ ClimaCore.Limiters ~/.julia/depots/levante-cpu/packages/ClimaCore/CYDDz/src/Limiters/quasimonotone.jl:383
┌ Warning: Limiter convergence stats:
│      `n_times_unconverged = 0`
│      `max_rel_err = 0.0`
│      `min_tracer_mass = Inf`
│ Use `warn = false` in `Limiters.apply_limiter!` to suppress this message.
└ @ ClimaCore.Limiters ~/.julia/depots/levante-cpu/packages/ClimaCore/CYDDz/src/Limiters/quasimonotone.jl:383
┌ Warning: Limiter convergence stats:
│      `n_times_unconverged = 0`
│      `max_rel_err = 0.0`
│      `min_tracer_mass = Inf`
│ Use `warn = false` in `Limiters.apply_limiter!` to suppress this message.
└ @ ClimaCore.Limiters ~/.julia/depots/levante-cpu/packages/ClimaCore/CYDDz/src/Limiters/quasimonotone.jl:383
┌ Warning: Limiter convergence stats:
│      `n_times_unconverged = 0`
│      `max_rel_err = 0.0`
│      `min_tracer_mass = Inf`
│ Use `warn = false` in `Limiters.apply_limiter!` to suppress this message.
└ @ ClimaCore.Limiters ~/.julia/depots/levante-cpu/packages/ClimaCore/CYDDz/src/Limiters/quasimonotone.jl:383
┌ Warning: Limiter convergence stats:
│      `n_times_unconverged = 0`
│      `max_rel_err = 0.0`
│      `min_tracer_mass = Inf`
│ Use `warn = false` in `Limiters.apply_limiter!` to suppress this message.
└ @ ClimaCore.Limiters ~/.julia/depots/levante-cpu/packages/ClimaCore/CYDDz/src/Limiters/quasimonotone.jl:383
┌ Warning: Limiter convergence stats:
│      `n_times_unconverged = 0`
│      `max_rel_err = 0.0`
│      `min_tracer_mass = Inf`
│ Use `warn = false` in `Limiters.apply_limiter!` to suppress this message.
└ @ ClimaCore.Limiters ~/.julia/depots/levante-cpu/packages/ClimaCore/CYDDz/src/Limiters/quasimonotone.jl:383
┌ Warning: Limiter convergence stats:
│      `n_times_unconverged = 0`
│      `max_rel_err = 0.0`
│      `min_tracer_mass = Inf`
│ Use `warn = false` in `Limiters.apply_limiter!` to suppress this message.
└ @ ClimaCore.Limiters ~/.julia/depots/levante-cpu/packages/ClimaCore/CYDDz/src/Limiters/quasimonotone.jl:383
┌ Warning: Limiter convergence stats:
│      `n_times_unconverged = 0`
│      `max_rel_err = 0.0`
│      `min_tracer_mass = Inf`
│ Use `warn = false` in `Limiters.apply_limiter!` to suppress this message.
└ @ ClimaCore.Limiters ~/.julia/depots/levante-cpu/packages/ClimaCore/CYDDz/src/Limiters/quasimonotone.jl:383
┌ Warning: Limiter convergence stats:
│      `n_times_unconverged = 0`
│      `max_rel_err = 0.0`
│      `min_tracer_mass = Inf`
│ Use `warn = false` in `Limiters.apply_limiter!` to suppress this message.
└ @ ClimaCore.Limiters ~/.julia/depots/levante-cpu/packages/ClimaCore/CYDDz/src/Limiters/quasimonotone.jl:383
┌ Warning: Limiter convergence stats:
│      `n_times_unconverged = 0`
│      `max_rel_err = 0.0`
│      `min_tracer_mass = Inf`
│ Use `warn = false` in `Limiters.apply_limiter!` to suppress this message.
└ @ ClimaCore.Limiters ~/.julia/depots/levante-cpu/packages/ClimaCore/CYDDz/src/Limiters/quasimonotone.jl:383
┌ Warning: Limiter convergence stats:
│      `n_times_unconverged = 0`
│      `max_rel_err = 0.0`
│      `min_tracer_mass = Inf`
│ Use `warn = false` in `Limiters.apply_limiter!` to suppress this message.
└ @ ClimaCore.Limiters ~/.julia/depots/levante-cpu/packages/ClimaCore/CYDDz/src/Limiters/quasimonotone.jl:383
┌ Warning: Limiter convergence stats:
│      `n_times_unconverged = 0`
│      `max_rel_err = 0.0`
│      `min_tracer_mass = Inf`
│ Use `warn = false` in `Limiters.apply_limiter!` to suppress this message.
└ @ ClimaCore.Limiters ~/.julia/depots/levante-cpu/packages/ClimaCore/CYDDz/src/Limiters/quasimonotone.jl:383
┌ Warning: Limiter convergence stats:
│      `n_times_unconverged = 0`
│      `max_rel_err = 0.0`
│      `min_tracer_mass = Inf`
│ Use `warn = false` in `Limiters.apply_limiter!` to suppress this message.
└ @ ClimaCore.Limiters ~/.julia/depots/levante-cpu/packages/ClimaCore/CYDDz/src/Limiters/quasimonotone.jl:383
┌ Warning: Limiter convergence stats:
│      `n_times_unconverged = 0`
│      `max_rel_err = 0.0`
│      `min_tracer_mass = Inf`
│ Use `warn = false` in `Limiters.apply_limiter!` to suppress this message.
└ @ ClimaCore.Limiters ~/.julia/depots/levante-cpu/packages/ClimaCore/CYDDz/src/Limiters/quasimonotone.jl:383
┌ Warning: Limiter convergence stats:
│      `n_times_unconverged = 0`
│      `max_rel_err = 0.0`
│      `min_tracer_mass = Inf`
│ Use `warn = false` in `Limiters.apply_limiter!` to suppress this message.
└ @ ClimaCore.Limiters ~/.julia/depots/levante-cpu/packages/ClimaCore/CYDDz/src/Limiters/quasimonotone.jl:383
┌ Warning: water tag closure residual 0.0002421189942416668 exceeds the configured tolerance 1.0e-10 at t = 39600.0 s. The tags no longer account for the field they partition; see output/a5_sphere_limiter/output_0001/water_tag_closure.csv.
└ @ ClimaAtmos ~/git/ClimaAtmosResiDyn.jl/src/parameterized_tendencies/tagged_tracers/tagged_tracers.jl:779
┌ Warning: water tag parent is non-positive over 35.71300883906834% of the domain volume at t = 39600.0 s, and closure will not show it. Water tags take loss in proportion to what they hold, so their shares are undefined there and the tags of those cells carry no provenance. Nothing in the model keeps `ρq_tot` non-negative: `tracer_nonnegativity_method` is off unless configured, and transport alone can take a cell below zero. Those cells have their tags emptied by `rescale_water_tags!` whenever a constraint clips the parent, so the water they held surfaces in the residual. A large fraction is worth investigating as a sign that the run is under-resolved or the timestep too long.
└ @ ClimaAtmos ~/git/ClimaAtmosResiDyn.jl/src/parameterized_tendencies/tagged_tracers/tagged_tracers.jl:788
┌ Warning: Limiter convergence stats:
│      `n_times_unconverged = 0`
│      `max_rel_err = 0.0`
│      `min_tracer_mass = Inf`
│ Use `warn = false` in `Limiters.apply_limiter!` to suppress this message.
└ @ ClimaCore.Limiters ~/.julia/depots/levante-cpu/packages/ClimaCore/CYDDz/src/Limiters/quasimonotone.jl:383
┌ Warning: Limiter convergence stats:
│      `n_times_unconverged = 0`
│      `max_rel_err = 0.0`
│      `min_tracer_mass = Inf`
│ Use `warn = false` in `Limiters.apply_limiter!` to suppress this message.
└ @ ClimaCore.Limiters ~/.julia/depots/levante-cpu/packages/ClimaCore/CYDDz/src/Limiters/quasimonotone.jl:383
┌ Warning: Limiter convergence stats:
│      `n_times_unconverged = 0`
│      `max_rel_err = 0.0`
│      `min_tracer_mass = Inf`
│ Use `warn = false` in `Limiters.apply_limiter!` to suppress this message.
└ @ ClimaCore.Limiters ~/.julia/depots/levante-cpu/packages/ClimaCore/CYDDz/src/Limiters/quasimonotone.jl:383
┌ Warning: Limiter convergence stats:
│      `n_times_unconverged = 0`
│      `max_rel_err = 0.0`
│      `min_tracer_mass = Inf`
│ Use `warn = false` in `Limiters.apply_limiter!` to suppress this message.
└ @ ClimaCore.Limiters ~/.julia/depots/levante-cpu/packages/ClimaCore/CYDDz/src/Limiters/quasimonotone.jl:383
┌ Warning: Limiter convergence stats:
│      `n_times_unconverged = 0`
│      `max_rel_err = 0.0`
│      `min_tracer_mass = Inf`
│ Use `warn = false` in `Limiters.apply_limiter!` to suppress this message.
└ @ ClimaCore.Limiters ~/.julia/depots/levante-cpu/packages/ClimaCore/CYDDz/src/Limiters/quasimonotone.jl:383
┌ Warning: Limiter convergence stats:
│      `n_times_unconverged = 0`
│      `max_rel_err = 0.0`
│      `min_tracer_mass = Inf`
│ Use `warn = false` in `Limiters.apply_limiter!` to suppress this message.
└ @ ClimaCore.Limiters ~/.julia/depots/levante-cpu/packages/ClimaCore/CYDDz/src/Limiters/quasimonotone.jl:383
┌ Warning: Limiter convergence stats:
│      `n_times_unconverged = 0`
│      `max_rel_err = 0.0`
│      `min_tracer_mass = Inf`
│ Use `warn = false` in `Limiters.apply_limiter!` to suppress this message.
└ @ ClimaCore.Limiters ~/.julia/depots/levante-cpu/packages/ClimaCore/CYDDz/src/Limiters/quasimonotone.jl:383
┌ Warning: Limiter convergence stats:
│      `n_times_unconverged = 0`
│      `max_rel_err = 0.0`
│      `min_tracer_mass = Inf`
│ Use `warn = false` in `Limiters.apply_limiter!` to suppress this message.
└ @ ClimaCore.Limiters ~/.julia/depots/levante-cpu/packages/ClimaCore/CYDDz/src/Limiters/quasimonotone.jl:383
┌ Warning: Limiter convergence stats:
│      `n_times_unconverged = 0`
│      `max_rel_err = 0.0`
│      `min_tracer_mass = Inf`
│ Use `warn = false` in `Limiters.apply_limiter!` to suppress this message.
└ @ ClimaCore.Limiters ~/.julia/depots/levante-cpu/packages/ClimaCore/CYDDz/src/Limiters/quasimonotone.jl:383
┌ Warning: Limiter convergence stats:
│      `n_times_unconverged = 0`
│      `max_rel_err = 0.0`
│      `min_tracer_mass = Inf`
│ Use `warn = false` in `Limiters.apply_limiter!` to suppress this message.
└ @ ClimaCore.Limiters ~/.julia/depots/levante-cpu/packages/ClimaCore/CYDDz/src/Limiters/quasimonotone.jl:383
┌ Warning: Limiter convergence stats:
│      `n_times_unconverged = 0`
│      `max_rel_err = 0.0`
│      `min_tracer_mass = Inf`
│ Use `warn = false` in `Limiters.apply_limiter!` to suppress this message.
└ @ ClimaCore.Limiters ~/.julia/depots/levante-cpu/packages/ClimaCore/CYDDz/src/Limiters/quasimonotone.jl:383
┌ Warning: Limiter convergence stats:
│      `n_times_unconverged = 0`
│      `max_rel_err = 0.0`
│      `min_tracer_mass = Inf`
│ Use `warn = false` in `Limiters.apply_limiter!` to suppress this message.
└ @ ClimaCore.Limiters ~/.julia/depots/levante-cpu/packages/ClimaCore/CYDDz/src/Limiters/quasimonotone.jl:383
┌ Warning: Limiter convergence stats:
│      `n_times_unconverged = 0`
│      `max_rel_err = 0.0`
│      `min_tracer_mass = Inf`
│ Use `warn = false` in `Limiters.apply_limiter!` to suppress this message.
└ @ ClimaCore.Limiters ~/.julia/depots/levante-cpu/packages/ClimaCore/CYDDz/src/Limiters/quasimonotone.jl:383
┌ Warning: Limiter convergence stats:
│      `n_times_unconverged = 0`
│      `max_rel_err = 0.0`
│      `min_tracer_mass = Inf`
│ Use `warn = false` in `Limiters.apply_limiter!` to suppress this message.
└ @ ClimaCore.Limiters ~/.julia/depots/levante-cpu/packages/ClimaCore/CYDDz/src/Limiters/quasimonotone.jl:383
┌ Warning: Limiter convergence stats:
│      `n_times_unconverged = 0`
│      `max_rel_err = 0.0`
│      `min_tracer_mass = Inf`
│ Use `warn = false` in `Limiters.apply_limiter!` to suppress this message.
└ @ ClimaCore.Limiters ~/.julia/depots/levante-cpu/packages/ClimaCore/CYDDz/src/Limiters/quasimonotone.jl:383
┌ Warning: Limiter convergence stats:
│      `n_times_unconverged = 0`
│      `max_rel_err = 0.0`
│      `min_tracer_mass = Inf`
│ Use `warn = false` in `Limiters.apply_limiter!` to suppress this message.
└ @ ClimaCore.Limiters ~/.julia/depots/levante-cpu/packages/ClimaCore/CYDDz/src/Limiters/quasimonotone.jl:383
┌ Warning: Limiter convergence stats:
│      `n_times_unconverged = 0`
│      `max_rel_err = 0.0`
│      `min_tracer_mass = Inf`
│ Use `warn = false` in `Limiters.apply_limiter!` to suppress this message.
└ @ ClimaCore.Limiters ~/.julia/depots/levante-cpu/packages/ClimaCore/CYDDz/src/Limiters/quasimonotone.jl:383
┌ Warning: Limiter convergence stats:
│      `n_times_unconverged = 0`
│      `max_rel_err = 0.0`
│      `min_tracer_mass = Inf`
│ Use `warn = false` in `Limiters.apply_limiter!` to suppress this message.
└ @ ClimaCore.Limiters ~/.julia/depots/levante-cpu/packages/ClimaCore/CYDDz/src/Limiters/quasimonotone.jl:383
┌ Warning: Limiter convergence stats:
│      `n_times_unconverged = 0`
│      `max_rel_err = 0.0`
│      `min_tracer_mass = Inf`
│ Use `warn = false` in `Limiters.apply_limiter!` to suppress this message.
└ @ ClimaCore.Limiters ~/.julia/depots/levante-cpu/packages/ClimaCore/CYDDz/src/Limiters/quasimonotone.jl:383
┌ Warning: Limiter convergence stats:
│      `n_times_unconverged = 0`
│      `max_rel_err = 0.0`
│      `min_tracer_mass = Inf`
│ Use `warn = false` in `Limiters.apply_limiter!` to suppress this message.
└ @ ClimaCore.Limiters ~/.julia/depots/levante-cpu/packages/ClimaCore/CYDDz/src/Limiters/quasimonotone.jl:383
┌ Warning: Limiter convergence stats:
│      `n_times_unconverged = 0`
│      `max_rel_err = 0.0`
│      `min_tracer_mass = Inf`
│ Use `warn = false` in `Limiters.apply_limiter!` to suppress this message.
└ @ ClimaCore.Limiters ~/.julia/depots/levante-cpu/packages/ClimaCore/CYDDz/src/Limiters/quasimonotone.jl:383
┌ Warning: Limiter convergence stats:
│      `n_times_unconverged = 0`
│      `max_rel_err = 0.0`
│      `min_tracer_mass = Inf`
│ Use `warn = false` in `Limiters.apply_limiter!` to suppress this message.
└ @ ClimaCore.Limiters ~/.julia/depots/levante-cpu/packages/ClimaCore/CYDDz/src/Limiters/quasimonotone.jl:383
┌ Warning: Limiter convergence stats:
│      `n_times_unconverged = 0`
│      `max_rel_err = 0.0`
│      `min_tracer_mass = Inf`
│ Use `warn = false` in `Limiters.apply_limiter!` to suppress this message.
└ @ ClimaCore.Limiters ~/.julia/depots/levante-cpu/packages/ClimaCore/CYDDz/src/Limiters/quasimonotone.jl:383
┌ Warning: Limiter convergence stats:
│      `n_times_unconverged = 0`
│      `max_rel_err = 0.0`
│      `min_tracer_mass = Inf`
│ Use `warn = false` in `Limiters.apply_limiter!` to suppress this message.
└ @ ClimaCore.Limiters ~/.julia/depots/levante-cpu/packages/ClimaCore/CYDDz/src/Limiters/quasimonotone.jl:383
┌ Warning: Limiter convergence stats:
│      `n_times_unconverged = 0`
│      `max_rel_err = 0.0`
│      `min_tracer_mass = Inf`
│ Use `warn = false` in `Limiters.apply_limiter!` to suppress this message.
└ @ ClimaCore.Limiters ~/.julia/depots/levante-cpu/packages/ClimaCore/CYDDz/src/Limiters/quasimonotone.jl:383
┌ Warning: Limiter convergence stats:
│      `n_times_unconverged = 0`
│      `max_rel_err = 0.0`
│      `min_tracer_mass = Inf`
│ Use `warn = false` in `Limiters.apply_limiter!` to suppress this message.
└ @ ClimaCore.Limiters ~/.julia/depots/levante-cpu/packages/ClimaCore/CYDDz/src/Limiters/quasimonotone.jl:383
┌ Warning: Limiter convergence stats:
│      `n_times_unconverged = 0`
│      `max_rel_err = 0.0`
│      `min_tracer_mass = Inf`
│ Use `warn = false` in `Limiters.apply_limiter!` to suppress this message.
└ @ ClimaCore.Limiters ~/.julia/depots/levante-cpu/packages/ClimaCore/CYDDz/src/Limiters/quasimonotone.jl:383
┌ Warning: Limiter convergence stats:
│      `n_times_unconverged = 0`
│      `max_rel_err = 0.0`
│      `min_tracer_mass = Inf`
│ Use `warn = false` in `Limiters.apply_limiter!` to suppress this message.
└ @ ClimaCore.Limiters ~/.julia/depots/levante-cpu/packages/ClimaCore/CYDDz/src/Limiters/quasimonotone.jl:383
┌ Warning: Limiter convergence stats:
│      `n_times_unconverged = 0`
│      `max_rel_err = 0.0`
│      `min_tracer_mass = Inf`
│ Use `warn = false` in `Limiters.apply_limiter!` to suppress this message.
└ @ ClimaCore.Limiters ~/.julia/depots/levante-cpu/packages/ClimaCore/CYDDz/src/Limiters/quasimonotone.jl:383
┌ Warning: Limiter convergence stats:
│      `n_times_unconverged = 0`
│      `max_rel_err = 0.0`
│      `min_tracer_mass = Inf`
│ Use `warn = false` in `Limiters.apply_limiter!` to suppress this message.
└ @ ClimaCore.Limiters ~/.julia/depots/levante-cpu/packages/ClimaCore/CYDDz/src/Limiters/quasimonotone.jl:383
┌ Warning: Limiter convergence stats:
│      `n_times_unconverged = 0`
│      `max_rel_err = 0.0`
│      `min_tracer_mass = Inf`
│ Use `warn = false` in `Limiters.apply_limiter!` to suppress this message.
└ @ ClimaCore.Limiters ~/.julia/depots/levante-cpu/packages/ClimaCore/CYDDz/src/Limiters/quasimonotone.jl:383
┌ Warning: Limiter convergence stats:
│      `n_times_unconverged = 0`
│      `max_rel_err = 0.0`
│      `min_tracer_mass = Inf`
│ Use `warn = false` in `Limiters.apply_limiter!` to suppress this message.
└ @ ClimaCore.Limiters ~/.julia/depots/levante-cpu/packages/ClimaCore/CYDDz/src/Limiters/quasimonotone.jl:383
┌ Warning: Limiter convergence stats:
│      `n_times_unconverged = 0`
│      `max_rel_err = 0.0`
│      `min_tracer_mass = Inf`
│ Use `warn = false` in `Limiters.apply_limiter!` to suppress this message.
└ @ ClimaCore.Limiters ~/.julia/depots/levante-cpu/packages/ClimaCore/CYDDz/src/Limiters/quasimonotone.jl:383
┌ Warning: Limiter convergence stats:
│      `n_times_unconverged = 0`
│      `max_rel_err = 0.0`
│      `min_tracer_mass = Inf`
│ Use `warn = false` in `Limiters.apply_limiter!` to suppress this message.
└ @ ClimaCore.Limiters ~/.julia/depots/levante-cpu/packages/ClimaCore/CYDDz/src/Limiters/quasimonotone.jl:383
┌ Warning: Limiter convergence stats:
│      `n_times_unconverged = 0`
│      `max_rel_err = 0.0`
│      `min_tracer_mass = Inf`
│ Use `warn = false` in `Limiters.apply_limiter!` to suppress this message.
└ @ ClimaCore.Limiters ~/.julia/depots/levante-cpu/packages/ClimaCore/CYDDz/src/Limiters/quasimonotone.jl:383
┌ Warning: Limiter convergence stats:
│      `n_times_unconverged = 0`
│      `max_rel_err = 0.0`
│      `min_tracer_mass = Inf`
│ Use `warn = false` in `Limiters.apply_limiter!` to suppress this message.
└ @ ClimaCore.Limiters ~/.julia/depots/levante-cpu/packages/ClimaCore/CYDDz/src/Limiters/quasimonotone.jl:383
┌ Warning: Limiter convergence stats:
│      `n_times_unconverged = 0`
│      `max_rel_err = 0.0`
│      `min_tracer_mass = Inf`
│ Use `warn = false` in `Limiters.apply_limiter!` to suppress this message.
└ @ ClimaCore.Limiters ~/.julia/depots/levante-cpu/packages/ClimaCore/CYDDz/src/Limiters/quasimonotone.jl:383
┌ Warning: Limiter convergence stats:
│      `n_times_unconverged = 0`
│      `max_rel_err = 0.0`
│      `min_tracer_mass = Inf`
│ Use `warn = false` in `Limiters.apply_limiter!` to suppress this message.
└ @ ClimaCore.Limiters ~/.julia/depots/levante-cpu/packages/ClimaCore/CYDDz/src/Limiters/quasimonotone.jl:383
┌ Warning: Limiter convergence stats:
│      `n_times_unconverged = 0`
│      `max_rel_err = 0.0`
│      `min_tracer_mass = Inf`
│ Use `warn = false` in `Limiters.apply_limiter!` to suppress this message.
└ @ ClimaCore.Limiters ~/.julia/depots/levante-cpu/packages/ClimaCore/CYDDz/src/Limiters/quasimonotone.jl:383
┌ Warning: Limiter convergence stats:
│      `n_times_unconverged = 0`
│      `max_rel_err = 0.0`
│      `min_tracer_mass = Inf`
│ Use `warn = false` in `Limiters.apply_limiter!` to suppress this message.
└ @ ClimaCore.Limiters ~/.julia/depots/levante-cpu/packages/ClimaCore/CYDDz/src/Limiters/quasimonotone.jl:383
┌ Warning: Limiter convergence stats:
│      `n_times_unconverged = 0`
│      `max_rel_err = 0.0`
│      `min_tracer_mass = Inf`
│ Use `warn = false` in `Limiters.apply_limiter!` to suppress this message.
└ @ ClimaCore.Limiters ~/.julia/depots/levante-cpu/packages/ClimaCore/CYDDz/src/Limiters/quasimonotone.jl:383
┌ Warning: Limiter convergence stats:
│      `n_times_unconverged = 0`
│      `max_rel_err = 0.0`
│      `min_tracer_mass = Inf`
│ Use `warn = false` in `Limiters.apply_limiter!` to suppress this message.
└ @ ClimaCore.Limiters ~/.julia/depots/levante-cpu/packages/ClimaCore/CYDDz/src/Limiters/quasimonotone.jl:383
┌ Warning: Limiter convergence stats:
│      `n_times_unconverged = 0`
│      `max_rel_err = 0.0`
│      `min_tracer_mass = Inf`
│ Use `warn = false` in `Limiters.apply_limiter!` to suppress this message.
└ @ ClimaCore.Limiters ~/.julia/depots/levante-cpu/packages/ClimaCore/CYDDz/src/Limiters/quasimonotone.jl:383
┌ Warning: Limiter convergence stats:
│      `n_times_unconverged = 0`
│      `max_rel_err = 0.0`
│      `min_tracer_mass = Inf`
│ Use `warn = false` in `Limiters.apply_limiter!` to suppress this message.
└ @ ClimaCore.Limiters ~/.julia/depots/levante-cpu/packages/ClimaCore/CYDDz/src/Limiters/quasimonotone.jl:383
┌ Warning: Limiter convergence stats:
│      `n_times_unconverged = 0`
│      `max_rel_err = 0.0`
│      `min_tracer_mass = Inf`
│ Use `warn = false` in `Limiters.apply_limiter!` to suppress this message.
└ @ ClimaCore.Limiters ~/.julia/depots/levante-cpu/packages/ClimaCore/CYDDz/src/Limiters/quasimonotone.jl:383
┌ Warning: Limiter convergence stats:
│      `n_times_unconverged = 0`
│      `max_rel_err = 0.0`
│      `min_tracer_mass = Inf`
│ Use `warn = false` in `Limiters.apply_limiter!` to suppress this message.
└ @ ClimaCore.Limiters ~/.julia/depots/levante-cpu/packages/ClimaCore/CYDDz/src/Limiters/quasimonotone.jl:383
┌ Warning: Limiter convergence stats:
│      `n_times_unconverged = 0`
│      `max_rel_err = 0.0`
│      `min_tracer_mass = Inf`
│ Use `warn = false` in `Limiters.apply_limiter!` to suppress this message.
└ @ ClimaCore.Limiters ~/.julia/depots/levante-cpu/packages/ClimaCore/CYDDz/src/Limiters/quasimonotone.jl:383
┌ Warning: Limiter convergence stats:
│      `n_times_unconverged = 0`
│      `max_rel_err = 0.0`
│      `min_tracer_mass = Inf`
│ Use `warn = false` in `Limiters.apply_limiter!` to suppress this message.
└ @ ClimaCore.Limiters ~/.julia/depots/levante-cpu/packages/ClimaCore/CYDDz/src/Limiters/quasimonotone.jl:383
┌ Warning: water tag closure residual 0.00025090679706309084 exceeds the configured tolerance 1.0e-10 at t = 43200.0 s. The tags no longer account for the field they partition; see output/a5_sphere_limiter/output_0001/water_tag_closure.csv.
└ @ ClimaAtmos ~/git/ClimaAtmosResiDyn.jl/src/parameterized_tendencies/tagged_tracers/tagged_tracers.jl:779
┌ Warning: water tag parent is non-positive over 35.64212722179528% of the domain volume at t = 43200.0 s, and closure will not show it. Water tags take loss in proportion to what they hold, so their shares are undefined there and the tags of those cells carry no provenance. Nothing in the model keeps `ρq_tot` non-negative: `tracer_nonnegativity_method` is off unless configured, and transport alone can take a cell below zero. Those cells have their tags emptied by `rescale_water_tags!` whenever a constraint clips the parent, so the water they held surfaces in the residual. A large fraction is worth investigating as a sign that the run is under-resolved or the timestep too long.
└ @ ClimaAtmos ~/git/ClimaAtmosResiDyn.jl/src/parameterized_tendencies/tagged_tracers/tagged_tracers.jl:788
┌ Info: Progress
│   simulation_time = "12 hours"
│   n_steps_completed = 144
│   wall_time_per_step = "470 milliseconds, 612 microseconds"
│   wall_time_total = "2 minutes, 15 seconds"
│   wall_time_remaining = "1 minute, 7 seconds"
│   wall_time_spent = "1 minute, 7 seconds"
│   percent_complete = "50.0%"
│   estimated_sypd = "1.745"
│   instantaneous_sypd = "1.796"
│   date_now = 2026-09-10T10:07:58.868
└   estimated_finish_date = 2026-09-10T10:09:06.868
┌ Warning: Limiter convergence stats:
│      `n_times_unconverged = 0`
│      `max_rel_err = 0.0`
│      `min_tracer_mass = Inf`
│ Use `warn = false` in `Limiters.apply_limiter!` to suppress this message.
└ @ ClimaCore.Limiters ~/.julia/depots/levante-cpu/packages/ClimaCore/CYDDz/src/Limiters/quasimonotone.jl:383
┌ Warning: Limiter convergence stats:
│      `n_times_unconverged = 0`
│      `max_rel_err = 0.0`
│      `min_tracer_mass = Inf`
│ Use `warn = false` in `Limiters.apply_limiter!` to suppress this message.
└ @ ClimaCore.Limiters ~/.julia/depots/levante-cpu/packages/ClimaCore/CYDDz/src/Limiters/quasimonotone.jl:383
┌ Warning: Limiter convergence stats:
│      `n_times_unconverged = 0`
│      `max_rel_err = 0.0`
│      `min_tracer_mass = Inf`
│ Use `warn = false` in `Limiters.apply_limiter!` to suppress this message.
└ @ ClimaCore.Limiters ~/.julia/depots/levante-cpu/packages/ClimaCore/CYDDz/src/Limiters/quasimonotone.jl:383
┌ Warning: Limiter convergence stats:
│      `n_times_unconverged = 0`
│      `max_rel_err = 0.0`
│      `min_tracer_mass = Inf`
│ Use `warn = false` in `Limiters.apply_limiter!` to suppress this message.
└ @ ClimaCore.Limiters ~/.julia/depots/levante-cpu/packages/ClimaCore/CYDDz/src/Limiters/quasimonotone.jl:383
┌ Warning: Limiter convergence stats:
│      `n_times_unconverged = 0`
│      `max_rel_err = 0.0`
│      `min_tracer_mass = Inf`
│ Use `warn = false` in `Limiters.apply_limiter!` to suppress this message.
└ @ ClimaCore.Limiters ~/.julia/depots/levante-cpu/packages/ClimaCore/CYDDz/src/Limiters/quasimonotone.jl:383
┌ Warning: Limiter convergence stats:
│      `n_times_unconverged = 0`
│      `max_rel_err = 0.0`
│      `min_tracer_mass = Inf`
│ Use `warn = false` in `Limiters.apply_limiter!` to suppress this message.
└ @ ClimaCore.Limiters ~/.julia/depots/levante-cpu/packages/ClimaCore/CYDDz/src/Limiters/quasimonotone.jl:383
┌ Warning: Limiter convergence stats:
│      `n_times_unconverged = 0`
│      `max_rel_err = 0.0`
│      `min_tracer_mass = Inf`
│ Use `warn = false` in `Limiters.apply_limiter!` to suppress this message.
└ @ ClimaCore.Limiters ~/.julia/depots/levante-cpu/packages/ClimaCore/CYDDz/src/Limiters/quasimonotone.jl:383
┌ Warning: Limiter convergence stats:
│      `n_times_unconverged = 0`
│      `max_rel_err = 0.0`
│      `min_tracer_mass = Inf`
│ Use `warn = false` in `Limiters.apply_limiter!` to suppress this message.
└ @ ClimaCore.Limiters ~/.julia/depots/levante-cpu/packages/ClimaCore/CYDDz/src/Limiters/quasimonotone.jl:383
┌ Warning: Limiter convergence stats:
│      `n_times_unconverged = 0`
│      `max_rel_err = 0.0`
│      `min_tracer_mass = Inf`
│ Use `warn = false` in `Limiters.apply_limiter!` to suppress this message.
└ @ ClimaCore.Limiters ~/.julia/depots/levante-cpu/packages/ClimaCore/CYDDz/src/Limiters/quasimonotone.jl:383
┌ Warning: Limiter convergence stats:
│      `n_times_unconverged = 0`
│      `max_rel_err = 0.0`
│      `min_tracer_mass = Inf`
│ Use `warn = false` in `Limiters.apply_limiter!` to suppress this message.
└ @ ClimaCore.Limiters ~/.julia/depots/levante-cpu/packages/ClimaCore/CYDDz/src/Limiters/quasimonotone.jl:383
┌ Warning: Limiter convergence stats:
│      `n_times_unconverged = 0`
│      `max_rel_err = 0.0`
│      `min_tracer_mass = Inf`
│ Use `warn = false` in `Limiters.apply_limiter!` to suppress this message.
└ @ ClimaCore.Limiters ~/.julia/depots/levante-cpu/packages/ClimaCore/CYDDz/src/Limiters/quasimonotone.jl:383
┌ Warning: Limiter convergence stats:
│      `n_times_unconverged = 0`
│      `max_rel_err = 0.0`
│      `min_tracer_mass = Inf`
│ Use `warn = false` in `Limiters.apply_limiter!` to suppress this message.
└ @ ClimaCore.Limiters ~/.julia/depots/levante-cpu/packages/ClimaCore/CYDDz/src/Limiters/quasimonotone.jl:383
┌ Warning: Limiter convergence stats:
│      `n_times_unconverged = 0`
│      `max_rel_err = 0.0`
│      `min_tracer_mass = Inf`
│ Use `warn = false` in `Limiters.apply_limiter!` to suppress this message.
└ @ ClimaCore.Limiters ~/.julia/depots/levante-cpu/packages/ClimaCore/CYDDz/src/Limiters/quasimonotone.jl:383
┌ Warning: Limiter convergence stats:
│      `n_times_unconverged = 0`
│      `max_rel_err = 0.0`
│      `min_tracer_mass = Inf`
│ Use `warn = false` in `Limiters.apply_limiter!` to suppress this message.
└ @ ClimaCore.Limiters ~/.julia/depots/levante-cpu/packages/ClimaCore/CYDDz/src/Limiters/quasimonotone.jl:383
┌ Warning: Limiter convergence stats:
│      `n_times_unconverged = 0`
│      `max_rel_err = 0.0`
│      `min_tracer_mass = Inf`
│ Use `warn = false` in `Limiters.apply_limiter!` to suppress this message.
└ @ ClimaCore.Limiters ~/.julia/depots/levante-cpu/packages/ClimaCore/CYDDz/src/Limiters/quasimonotone.jl:383
┌ Warning: Limiter convergence stats:
│      `n_times_unconverged = 0`
│      `max_rel_err = 0.0`
│      `min_tracer_mass = Inf`
│ Use `warn = false` in `Limiters.apply_limiter!` to suppress this message.
└ @ ClimaCore.Limiters ~/.julia/depots/levante-cpu/packages/ClimaCore/CYDDz/src/Limiters/quasimonotone.jl:383
┌ Warning: Limiter convergence stats:
│      `n_times_unconverged = 0`
│      `max_rel_err = 0.0`
│      `min_tracer_mass = Inf`
│ Use `warn = false` in `Limiters.apply_limiter!` to suppress this message.
└ @ ClimaCore.Limiters ~/.julia/depots/levante-cpu/packages/ClimaCore/CYDDz/src/Limiters/quasimonotone.jl:383
┌ Warning: Limiter convergence stats:
│      `n_times_unconverged = 0`
│      `max_rel_err = 0.0`
│      `min_tracer_mass = Inf`
│ Use `warn = false` in `Limiters.apply_limiter!` to suppress this message.
└ @ ClimaCore.Limiters ~/.julia/depots/levante-cpu/packages/ClimaCore/CYDDz/src/Limiters/quasimonotone.jl:383
┌ Warning: Limiter convergence stats:
│      `n_times_unconverged = 0`
│      `max_rel_err = 0.0`
│      `min_tracer_mass = Inf`
│ Use `warn = false` in `Limiters.apply_limiter!` to suppress this message.
└ @ ClimaCore.Limiters ~/.julia/depots/levante-cpu/packages/ClimaCore/CYDDz/src/Limiters/quasimonotone.jl:383
┌ Warning: Limiter convergence stats:
│      `n_times_unconverged = 0`
│      `max_rel_err = 0.0`
│      `min_tracer_mass = Inf`
│ Use `warn = false` in `Limiters.apply_limiter!` to suppress this message.
└ @ ClimaCore.Limiters ~/.julia/depots/levante-cpu/packages/ClimaCore/CYDDz/src/Limiters/quasimonotone.jl:383
┌ Warning: Limiter convergence stats:
│      `n_times_unconverged = 0`
│      `max_rel_err = 0.0`
│      `min_tracer_mass = Inf`
│ Use `warn = false` in `Limiters.apply_limiter!` to suppress this message.
└ @ ClimaCore.Limiters ~/.julia/depots/levante-cpu/packages/ClimaCore/CYDDz/src/Limiters/quasimonotone.jl:383
┌ Warning: Limiter convergence stats:
│      `n_times_unconverged = 0`
│      `max_rel_err = 0.0`
│      `min_tracer_mass = Inf`
│ Use `warn = false` in `Limiters.apply_limiter!` to suppress this message.
└ @ ClimaCore.Limiters ~/.julia/depots/levante-cpu/packages/ClimaCore/CYDDz/src/Limiters/quasimonotone.jl:383
┌ Warning: Limiter convergence stats:
│      `n_times_unconverged = 0`
│      `max_rel_err = 0.0`
│      `min_tracer_mass = Inf`
│ Use `warn = false` in `Limiters.apply_limiter!` to suppress this message.
└ @ ClimaCore.Limiters ~/.julia/depots/levante-cpu/packages/ClimaCore/CYDDz/src/Limiters/quasimonotone.jl:383
┌ Warning: Limiter convergence stats:
│      `n_times_unconverged = 0`
│      `max_rel_err = 0.0`
│      `min_tracer_mass = Inf`
│ Use `warn = false` in `Limiters.apply_limiter!` to suppress this message.
└ @ ClimaCore.Limiters ~/.julia/depots/levante-cpu/packages/ClimaCore/CYDDz/src/Limiters/quasimonotone.jl:383
┌ Warning: Limiter convergence stats:
│      `n_times_unconverged = 0`
│      `max_rel_err = 0.0`
│      `min_tracer_mass = Inf`
│ Use `warn = false` in `Limiters.apply_limiter!` to suppress this message.
└ @ ClimaCore.Limiters ~/.julia/depots/levante-cpu/packages/ClimaCore/CYDDz/src/Limiters/quasimonotone.jl:383
┌ Warning: Limiter convergence stats:
│      `n_times_unconverged = 0`
│      `max_rel_err = 0.0`
│      `min_tracer_mass = Inf`
│ Use `warn = false` in `Limiters.apply_limiter!` to suppress this message.
└ @ ClimaCore.Limiters ~/.julia/depots/levante-cpu/packages/ClimaCore/CYDDz/src/Limiters/quasimonotone.jl:383
┌ Warning: Limiter convergence stats:
│      `n_times_unconverged = 0`
│      `max_rel_err = 0.0`
│      `min_tracer_mass = Inf`
│ Use `warn = false` in `Limiters.apply_limiter!` to suppress this message.
└ @ ClimaCore.Limiters ~/.julia/depots/levante-cpu/packages/ClimaCore/CYDDz/src/Limiters/quasimonotone.jl:383
┌ Warning: Limiter convergence stats:
│      `n_times_unconverged = 0`
│      `max_rel_err = 0.0`
│      `min_tracer_mass = Inf`
│ Use `warn = false` in `Limiters.apply_limiter!` to suppress this message.
└ @ ClimaCore.Limiters ~/.julia/depots/levante-cpu/packages/ClimaCore/CYDDz/src/Limiters/quasimonotone.jl:383
┌ Warning: Limiter convergence stats:
│      `n_times_unconverged = 0`
│      `max_rel_err = 0.0`
│      `min_tracer_mass = Inf`
│ Use `warn = false` in `Limiters.apply_limiter!` to suppress this message.
└ @ ClimaCore.Limiters ~/.julia/depots/levante-cpu/packages/ClimaCore/CYDDz/src/Limiters/quasimonotone.jl:383
┌ Warning: Limiter convergence stats:
│      `n_times_unconverged = 0`
│      `max_rel_err = 0.0`
│      `min_tracer_mass = Inf`
│ Use `warn = false` in `Limiters.apply_limiter!` to suppress this message.
└ @ ClimaCore.Limiters ~/.julia/depots/levante-cpu/packages/ClimaCore/CYDDz/src/Limiters/quasimonotone.jl:383
┌ Warning: Limiter convergence stats:
│      `n_times_unconverged = 0`
│      `max_rel_err = 0.0`
│      `min_tracer_mass = Inf`
│ Use `warn = false` in `Limiters.apply_limiter!` to suppress this message.
└ @ ClimaCore.Limiters ~/.julia/depots/levante-cpu/packages/ClimaCore/CYDDz/src/Limiters/quasimonotone.jl:383
┌ Warning: Limiter convergence stats:
│      `n_times_unconverged = 0`
│      `max_rel_err = 0.0`
│      `min_tracer_mass = Inf`
│ Use `warn = false` in `Limiters.apply_limiter!` to suppress this message.
└ @ ClimaCore.Limiters ~/.julia/depots/levante-cpu/packages/ClimaCore/CYDDz/src/Limiters/quasimonotone.jl:383
┌ Warning: Limiter convergence stats:
│      `n_times_unconverged = 0`
│      `max_rel_err = 0.0`
│      `min_tracer_mass = Inf`
│ Use `warn = false` in `Limiters.apply_limiter!` to suppress this message.
└ @ ClimaCore.Limiters ~/.julia/depots/levante-cpu/packages/ClimaCore/CYDDz/src/Limiters/quasimonotone.jl:383
┌ Warning: Limiter convergence stats:
│      `n_times_unconverged = 0`
│      `max_rel_err = 0.0`
│      `min_tracer_mass = Inf`
│ Use `warn = false` in `Limiters.apply_limiter!` to suppress this message.
└ @ ClimaCore.Limiters ~/.julia/depots/levante-cpu/packages/ClimaCore/CYDDz/src/Limiters/quasimonotone.jl:383
┌ Warning: Limiter convergence stats:
│      `n_times_unconverged = 0`
│      `max_rel_err = 0.0`
│      `min_tracer_mass = Inf`
│ Use `warn = false` in `Limiters.apply_limiter!` to suppress this message.
└ @ ClimaCore.Limiters ~/.julia/depots/levante-cpu/packages/ClimaCore/CYDDz/src/Limiters/quasimonotone.jl:383
┌ Warning: Limiter convergence stats:
│      `n_times_unconverged = 0`
│      `max_rel_err = 0.0`
│      `min_tracer_mass = Inf`
│ Use `warn = false` in `Limiters.apply_limiter!` to suppress this message.
└ @ ClimaCore.Limiters ~/.julia/depots/levante-cpu/packages/ClimaCore/CYDDz/src/Limiters/quasimonotone.jl:383
┌ Warning: Limiter convergence stats:
│      `n_times_unconverged = 0`
│      `max_rel_err = 0.0`
│      `min_tracer_mass = Inf`
│ Use `warn = false` in `Limiters.apply_limiter!` to suppress this message.
└ @ ClimaCore.Limiters ~/.julia/depots/levante-cpu/packages/ClimaCore/CYDDz/src/Limiters/quasimonotone.jl:383
┌ Warning: Limiter convergence stats:
│      `n_times_unconverged = 0`
│      `max_rel_err = 0.0`
│      `min_tracer_mass = Inf`
│ Use `warn = false` in `Limiters.apply_limiter!` to suppress this message.
└ @ ClimaCore.Limiters ~/.julia/depots/levante-cpu/packages/ClimaCore/CYDDz/src/Limiters/quasimonotone.jl:383
┌ Warning: Limiter convergence stats:
│      `n_times_unconverged = 0`
│      `max_rel_err = 0.0`
│      `min_tracer_mass = Inf`
│ Use `warn = false` in `Limiters.apply_limiter!` to suppress this message.
└ @ ClimaCore.Limiters ~/.julia/depots/levante-cpu/packages/ClimaCore/CYDDz/src/Limiters/quasimonotone.jl:383
┌ Warning: Limiter convergence stats:
│      `n_times_unconverged = 0`
│      `max_rel_err = 0.0`
│      `min_tracer_mass = Inf`
│ Use `warn = false` in `Limiters.apply_limiter!` to suppress this message.
└ @ ClimaCore.Limiters ~/.julia/depots/levante-cpu/packages/ClimaCore/CYDDz/src/Limiters/quasimonotone.jl:383
┌ Warning: Limiter convergence stats:
│      `n_times_unconverged = 0`
│      `max_rel_err = 0.0`
│      `min_tracer_mass = Inf`
│ Use `warn = false` in `Limiters.apply_limiter!` to suppress this message.
└ @ ClimaCore.Limiters ~/.julia/depots/levante-cpu/packages/ClimaCore/CYDDz/src/Limiters/quasimonotone.jl:383
┌ Warning: Limiter convergence stats:
│      `n_times_unconverged = 0`
│      `max_rel_err = 0.0`
│      `min_tracer_mass = Inf`
│ Use `warn = false` in `Limiters.apply_limiter!` to suppress this message.
└ @ ClimaCore.Limiters ~/.julia/depots/levante-cpu/packages/ClimaCore/CYDDz/src/Limiters/quasimonotone.jl:383
┌ Warning: Limiter convergence stats:
│      `n_times_unconverged = 0`
│      `max_rel_err = 0.0`
│      `min_tracer_mass = Inf`
│ Use `warn = false` in `Limiters.apply_limiter!` to suppress this message.
└ @ ClimaCore.Limiters ~/.julia/depots/levante-cpu/packages/ClimaCore/CYDDz/src/Limiters/quasimonotone.jl:383
┌ Warning: Limiter convergence stats:
│      `n_times_unconverged = 0`
│      `max_rel_err = 0.0`
│      `min_tracer_mass = Inf`
│ Use `warn = false` in `Limiters.apply_limiter!` to suppress this message.
└ @ ClimaCore.Limiters ~/.julia/depots/levante-cpu/packages/ClimaCore/CYDDz/src/Limiters/quasimonotone.jl:383
┌ Warning: Limiter convergence stats:
│      `n_times_unconverged = 0`
│      `max_rel_err = 0.0`
│      `min_tracer_mass = Inf`
│ Use `warn = false` in `Limiters.apply_limiter!` to suppress this message.
└ @ ClimaCore.Limiters ~/.julia/depots/levante-cpu/packages/ClimaCore/CYDDz/src/Limiters/quasimonotone.jl:383
┌ Warning: Limiter convergence stats:
│      `n_times_unconverged = 0`
│      `max_rel_err = 0.0`
│      `min_tracer_mass = Inf`
│ Use `warn = false` in `Limiters.apply_limiter!` to suppress this message.
└ @ ClimaCore.Limiters ~/.julia/depots/levante-cpu/packages/ClimaCore/CYDDz/src/Limiters/quasimonotone.jl:383
┌ Warning: Limiter convergence stats:
│      `n_times_unconverged = 0`
│      `max_rel_err = 0.0`
│      `min_tracer_mass = Inf`
│ Use `warn = false` in `Limiters.apply_limiter!` to suppress this message.
└ @ ClimaCore.Limiters ~/.julia/depots/levante-cpu/packages/ClimaCore/CYDDz/src/Limiters/quasimonotone.jl:383
┌ Warning: Limiter convergence stats:
│      `n_times_unconverged = 0`
│      `max_rel_err = 0.0`
│      `min_tracer_mass = Inf`
│ Use `warn = false` in `Limiters.apply_limiter!` to suppress this message.
└ @ ClimaCore.Limiters ~/.julia/depots/levante-cpu/packages/ClimaCore/CYDDz/src/Limiters/quasimonotone.jl:383
┌ Warning: water tag closure residual 0.00025459561604177763 exceeds the configured tolerance 1.0e-10 at t = 46800.0 s. The tags no longer account for the field they partition; see output/a5_sphere_limiter/output_0001/water_tag_closure.csv.
└ @ ClimaAtmos ~/git/ClimaAtmosResiDyn.jl/src/parameterized_tendencies/tagged_tracers/tagged_tracers.jl:779
┌ Warning: water tag parent is non-positive over 35.67807043622826% of the domain volume at t = 46800.0 s, and closure will not show it. Water tags take loss in proportion to what they hold, so their shares are undefined there and the tags of those cells carry no provenance. Nothing in the model keeps `ρq_tot` non-negative: `tracer_nonnegativity_method` is off unless configured, and transport alone can take a cell below zero. Those cells have their tags emptied by `rescale_water_tags!` whenever a constraint clips the parent, so the water they held surfaces in the residual. A large fraction is worth investigating as a sign that the run is under-resolved or the timestep too long.
└ @ ClimaAtmos ~/git/ClimaAtmosResiDyn.jl/src/parameterized_tendencies/tagged_tracers/tagged_tracers.jl:788
┌ Warning: Limiter convergence stats:
│      `n_times_unconverged = 0`
│      `max_rel_err = 0.0`
│      `min_tracer_mass = Inf`
│ Use `warn = false` in `Limiters.apply_limiter!` to suppress this message.
└ @ ClimaCore.Limiters ~/.julia/depots/levante-cpu/packages/ClimaCore/CYDDz/src/Limiters/quasimonotone.jl:383
┌ Warning: Limiter convergence stats:
│      `n_times_unconverged = 0`
│      `max_rel_err = 0.0`
│      `min_tracer_mass = Inf`
│ Use `warn = false` in `Limiters.apply_limiter!` to suppress this message.
└ @ ClimaCore.Limiters ~/.julia/depots/levante-cpu/packages/ClimaCore/CYDDz/src/Limiters/quasimonotone.jl:383
┌ Warning: Limiter convergence stats:
│      `n_times_unconverged = 0`
│      `max_rel_err = 0.0`
│      `min_tracer_mass = Inf`
│ Use `warn = false` in `Limiters.apply_limiter!` to suppress this message.
└ @ ClimaCore.Limiters ~/.julia/depots/levante-cpu/packages/ClimaCore/CYDDz/src/Limiters/quasimonotone.jl:383
┌ Warning: Limiter convergence stats:
│      `n_times_unconverged = 0`
│      `max_rel_err = 0.0`
│      `min_tracer_mass = Inf`
│ Use `warn = false` in `Limiters.apply_limiter!` to suppress this message.
└ @ ClimaCore.Limiters ~/.julia/depots/levante-cpu/packages/ClimaCore/CYDDz/src/Limiters/quasimonotone.jl:383
┌ Warning: Limiter convergence stats:
│      `n_times_unconverged = 0`
│      `max_rel_err = 0.0`
│      `min_tracer_mass = Inf`
│ Use `warn = false` in `Limiters.apply_limiter!` to suppress this message.
└ @ ClimaCore.Limiters ~/.julia/depots/levante-cpu/packages/ClimaCore/CYDDz/src/Limiters/quasimonotone.jl:383
┌ Warning: Limiter convergence stats:
│      `n_times_unconverged = 0`
│      `max_rel_err = 0.0`
│      `min_tracer_mass = Inf`
│ Use `warn = false` in `Limiters.apply_limiter!` to suppress this message.
└ @ ClimaCore.Limiters ~/.julia/depots/levante-cpu/packages/ClimaCore/CYDDz/src/Limiters/quasimonotone.jl:383
┌ Warning: Limiter convergence stats:
│      `n_times_unconverged = 0`
│      `max_rel_err = 0.0`
│      `min_tracer_mass = Inf`
│ Use `warn = false` in `Limiters.apply_limiter!` to suppress this message.
└ @ ClimaCore.Limiters ~/.julia/depots/levante-cpu/packages/ClimaCore/CYDDz/src/Limiters/quasimonotone.jl:383
┌ Warning: Limiter convergence stats:
│      `n_times_unconverged = 0`
│      `max_rel_err = 0.0`
│      `min_tracer_mass = Inf`
│ Use `warn = false` in `Limiters.apply_limiter!` to suppress this message.
└ @ ClimaCore.Limiters ~/.julia/depots/levante-cpu/packages/ClimaCore/CYDDz/src/Limiters/quasimonotone.jl:383
┌ Warning: Limiter convergence stats:
│      `n_times_unconverged = 0`
│      `max_rel_err = 0.0`
│      `min_tracer_mass = Inf`
│ Use `warn = false` in `Limiters.apply_limiter!` to suppress this message.
└ @ ClimaCore.Limiters ~/.julia/depots/levante-cpu/packages/ClimaCore/CYDDz/src/Limiters/quasimonotone.jl:383
┌ Warning: Limiter convergence stats:
│      `n_times_unconverged = 0`
│      `max_rel_err = 0.0`
│      `min_tracer_mass = Inf`
│ Use `warn = false` in `Limiters.apply_limiter!` to suppress this message.
└ @ ClimaCore.Limiters ~/.julia/depots/levante-cpu/packages/ClimaCore/CYDDz/src/Limiters/quasimonotone.jl:383
┌ Warning: Limiter convergence stats:
│      `n_times_unconverged = 0`
│      `max_rel_err = 0.0`
│      `min_tracer_mass = Inf`
│ Use `warn = false` in `Limiters.apply_limiter!` to suppress this message.
└ @ ClimaCore.Limiters ~/.julia/depots/levante-cpu/packages/ClimaCore/CYDDz/src/Limiters/quasimonotone.jl:383
┌ Warning: Limiter convergence stats:
│      `n_times_unconverged = 0`
│      `max_rel_err = 0.0`
│      `min_tracer_mass = Inf`
│ Use `warn = false` in `Limiters.apply_limiter!` to suppress this message.
└ @ ClimaCore.Limiters ~/.julia/depots/levante-cpu/packages/ClimaCore/CYDDz/src/Limiters/quasimonotone.jl:383
┌ Warning: Limiter convergence stats:
│      `n_times_unconverged = 0`
│      `max_rel_err = 0.0`
│      `min_tracer_mass = Inf`
│ Use `warn = false` in `Limiters.apply_limiter!` to suppress this message.
└ @ ClimaCore.Limiters ~/.julia/depots/levante-cpu/packages/ClimaCore/CYDDz/src/Limiters/quasimonotone.jl:383
┌ Warning: Limiter convergence stats:
│      `n_times_unconverged = 0`
│      `max_rel_err = 0.0`
│      `min_tracer_mass = Inf`
│ Use `warn = false` in `Limiters.apply_limiter!` to suppress this message.
└ @ ClimaCore.Limiters ~/.julia/depots/levante-cpu/packages/ClimaCore/CYDDz/src/Limiters/quasimonotone.jl:383
┌ Warning: Limiter convergence stats:
│      `n_times_unconverged = 0`
│      `max_rel_err = 0.0`
│      `min_tracer_mass = Inf`
│ Use `warn = false` in `Limiters.apply_limiter!` to suppress this message.
└ @ ClimaCore.Limiters ~/.julia/depots/levante-cpu/packages/ClimaCore/CYDDz/src/Limiters/quasimonotone.jl:383
┌ Warning: Limiter convergence stats:
│      `n_times_unconverged = 0`
│      `max_rel_err = 0.0`
│      `min_tracer_mass = Inf`
│ Use `warn = false` in `Limiters.apply_limiter!` to suppress this message.
└ @ ClimaCore.Limiters ~/.julia/depots/levante-cpu/packages/ClimaCore/CYDDz/src/Limiters/quasimonotone.jl:383
┌ Info: Progress
│   simulation_time = "13 hours, 20 minutes"
│   n_steps_completed = 160
│   wall_time_per_step = "470 milliseconds, 880 microseconds"
│   wall_time_total = "2 minutes, 15 seconds"
│   wall_time_remaining = "1 minute, 272 milliseconds"
│   wall_time_spent = "1 minute, 15 seconds"
│   percent_complete = "55.6%"
│   estimated_sypd = "1.744"
│   instantaneous_sypd = "1.735"
│   date_now = 2026-09-10T10:08:06.441
└   estimated_finish_date = 2026-09-10T10:09:07.441
┌ Warning: Limiter convergence stats:
│      `n_times_unconverged = 0`
│      `max_rel_err = 0.0`
│      `min_tracer_mass = Inf`
│ Use `warn = false` in `Limiters.apply_limiter!` to suppress this message.
└ @ ClimaCore.Limiters ~/.julia/depots/levante-cpu/packages/ClimaCore/CYDDz/src/Limiters/quasimonotone.jl:383
┌ Warning: Limiter convergence stats:
│      `n_times_unconverged = 0`
│      `max_rel_err = 0.0`
│      `min_tracer_mass = Inf`
│ Use `warn = false` in `Limiters.apply_limiter!` to suppress this message.
└ @ ClimaCore.Limiters ~/.julia/depots/levante-cpu/packages/ClimaCore/CYDDz/src/Limiters/quasimonotone.jl:383
┌ Warning: Limiter convergence stats:
│      `n_times_unconverged = 0`
│      `max_rel_err = 0.0`
│      `min_tracer_mass = Inf`
│ Use `warn = false` in `Limiters.apply_limiter!` to suppress this message.
└ @ ClimaCore.Limiters ~/.julia/depots/levante-cpu/packages/ClimaCore/CYDDz/src/Limiters/quasimonotone.jl:383
┌ Warning: Limiter convergence stats:
│      `n_times_unconverged = 0`
│      `max_rel_err = 0.0`
│      `min_tracer_mass = Inf`
│ Use `warn = false` in `Limiters.apply_limiter!` to suppress this message.
└ @ ClimaCore.Limiters ~/.julia/depots/levante-cpu/packages/ClimaCore/CYDDz/src/Limiters/quasimonotone.jl:383
┌ Warning: Limiter convergence stats:
│      `n_times_unconverged = 0`
│      `max_rel_err = 0.0`
│      `min_tracer_mass = Inf`
│ Use `warn = false` in `Limiters.apply_limiter!` to suppress this message.
└ @ ClimaCore.Limiters ~/.julia/depots/levante-cpu/packages/ClimaCore/CYDDz/src/Limiters/quasimonotone.jl:383
┌ Warning: Limiter convergence stats:
│      `n_times_unconverged = 0`
│      `max_rel_err = 0.0`
│      `min_tracer_mass = Inf`
│ Use `warn = false` in `Limiters.apply_limiter!` to suppress this message.
└ @ ClimaCore.Limiters ~/.julia/depots/levante-cpu/packages/ClimaCore/CYDDz/src/Limiters/quasimonotone.jl:383
┌ Warning: Limiter convergence stats:
│      `n_times_unconverged = 0`
│      `max_rel_err = 0.0`
│      `min_tracer_mass = Inf`
│ Use `warn = false` in `Limiters.apply_limiter!` to suppress this message.
└ @ ClimaCore.Limiters ~/.julia/depots/levante-cpu/packages/ClimaCore/CYDDz/src/Limiters/quasimonotone.jl:383
┌ Warning: Limiter convergence stats:
│      `n_times_unconverged = 0`
│      `max_rel_err = 0.0`
│      `min_tracer_mass = Inf`
│ Use `warn = false` in `Limiters.apply_limiter!` to suppress this message.
└ @ ClimaCore.Limiters ~/.julia/depots/levante-cpu/packages/ClimaCore/CYDDz/src/Limiters/quasimonotone.jl:383
┌ Warning: Limiter convergence stats:
│      `n_times_unconverged = 0`
│      `max_rel_err = 0.0`
│      `min_tracer_mass = Inf`
│ Use `warn = false` in `Limiters.apply_limiter!` to suppress this message.
└ @ ClimaCore.Limiters ~/.julia/depots/levante-cpu/packages/ClimaCore/CYDDz/src/Limiters/quasimonotone.jl:383
┌ Warning: Limiter convergence stats:
│      `n_times_unconverged = 0`
│      `max_rel_err = 0.0`
│      `min_tracer_mass = Inf`
│ Use `warn = false` in `Limiters.apply_limiter!` to suppress this message.
└ @ ClimaCore.Limiters ~/.julia/depots/levante-cpu/packages/ClimaCore/CYDDz/src/Limiters/quasimonotone.jl:383
┌ Warning: Limiter convergence stats:
│      `n_times_unconverged = 0`
│      `max_rel_err = 0.0`
│      `min_tracer_mass = Inf`
│ Use `warn = false` in `Limiters.apply_limiter!` to suppress this message.
└ @ ClimaCore.Limiters ~/.julia/depots/levante-cpu/packages/ClimaCore/CYDDz/src/Limiters/quasimonotone.jl:383
┌ Warning: Limiter convergence stats:
│      `n_times_unconverged = 0`
│      `max_rel_err = 0.0`
│      `min_tracer_mass = Inf`
│ Use `warn = false` in `Limiters.apply_limiter!` to suppress this message.
└ @ ClimaCore.Limiters ~/.julia/depots/levante-cpu/packages/ClimaCore/CYDDz/src/Limiters/quasimonotone.jl:383
┌ Warning: Limiter convergence stats:
│      `n_times_unconverged = 0`
│      `max_rel_err = 0.0`
│      `min_tracer_mass = Inf`
│ Use `warn = false` in `Limiters.apply_limiter!` to suppress this message.
└ @ ClimaCore.Limiters ~/.julia/depots/levante-cpu/packages/ClimaCore/CYDDz/src/Limiters/quasimonotone.jl:383
┌ Warning: Limiter convergence stats:
│      `n_times_unconverged = 0`
│      `max_rel_err = 0.0`
│      `min_tracer_mass = Inf`
│ Use `warn = false` in `Limiters.apply_limiter!` to suppress this message.
└ @ ClimaCore.Limiters ~/.julia/depots/levante-cpu/packages/ClimaCore/CYDDz/src/Limiters/quasimonotone.jl:383
┌ Warning: Limiter convergence stats:
│      `n_times_unconverged = 0`
│      `max_rel_err = 0.0`
│      `min_tracer_mass = Inf`
│ Use `warn = false` in `Limiters.apply_limiter!` to suppress this message.
└ @ ClimaCore.Limiters ~/.julia/depots/levante-cpu/packages/ClimaCore/CYDDz/src/Limiters/quasimonotone.jl:383
┌ Warning: Limiter convergence stats:
│      `n_times_unconverged = 0`
│      `max_rel_err = 0.0`
│      `min_tracer_mass = Inf`
│ Use `warn = false` in `Limiters.apply_limiter!` to suppress this message.
└ @ ClimaCore.Limiters ~/.julia/depots/levante-cpu/packages/ClimaCore/CYDDz/src/Limiters/quasimonotone.jl:383
┌ Warning: Limiter convergence stats:
│      `n_times_unconverged = 0`
│      `max_rel_err = 0.0`
│      `min_tracer_mass = Inf`
│ Use `warn = false` in `Limiters.apply_limiter!` to suppress this message.
└ @ ClimaCore.Limiters ~/.julia/depots/levante-cpu/packages/ClimaCore/CYDDz/src/Limiters/quasimonotone.jl:383
┌ Warning: Limiter convergence stats:
│      `n_times_unconverged = 0`
│      `max_rel_err = 0.0`
│      `min_tracer_mass = Inf`
│ Use `warn = false` in `Limiters.apply_limiter!` to suppress this message.
└ @ ClimaCore.Limiters ~/.julia/depots/levante-cpu/packages/ClimaCore/CYDDz/src/Limiters/quasimonotone.jl:383
┌ Warning: Limiter convergence stats:
│      `n_times_unconverged = 0`
│      `max_rel_err = 0.0`
│      `min_tracer_mass = Inf`
│ Use `warn = false` in `Limiters.apply_limiter!` to suppress this message.
└ @ ClimaCore.Limiters ~/.julia/depots/levante-cpu/packages/ClimaCore/CYDDz/src/Limiters/quasimonotone.jl:383
┌ Warning: Limiter convergence stats:
│      `n_times_unconverged = 0`
│      `max_rel_err = 0.0`
│      `min_tracer_mass = Inf`
│ Use `warn = false` in `Limiters.apply_limiter!` to suppress this message.
└ @ ClimaCore.Limiters ~/.julia/depots/levante-cpu/packages/ClimaCore/CYDDz/src/Limiters/quasimonotone.jl:383
┌ Warning: Limiter convergence stats:
│      `n_times_unconverged = 0`
│      `max_rel_err = 0.0`
│      `min_tracer_mass = Inf`
│ Use `warn = false` in `Limiters.apply_limiter!` to suppress this message.
└ @ ClimaCore.Limiters ~/.julia/depots/levante-cpu/packages/ClimaCore/CYDDz/src/Limiters/quasimonotone.jl:383
┌ Warning: Limiter convergence stats:
│      `n_times_unconverged = 0`
│      `max_rel_err = 0.0`
│      `min_tracer_mass = Inf`
│ Use `warn = false` in `Limiters.apply_limiter!` to suppress this message.
└ @ ClimaCore.Limiters ~/.julia/depots/levante-cpu/packages/ClimaCore/CYDDz/src/Limiters/quasimonotone.jl:383
┌ Warning: Limiter convergence stats:
│      `n_times_unconverged = 0`
│      `max_rel_err = 0.0`
│      `min_tracer_mass = Inf`
│ Use `warn = false` in `Limiters.apply_limiter!` to suppress this message.
└ @ ClimaCore.Limiters ~/.julia/depots/levante-cpu/packages/ClimaCore/CYDDz/src/Limiters/quasimonotone.jl:383
┌ Warning: Limiter convergence stats:
│      `n_times_unconverged = 0`
│      `max_rel_err = 0.0`
│      `min_tracer_mass = Inf`
│ Use `warn = false` in `Limiters.apply_limiter!` to suppress this message.
└ @ ClimaCore.Limiters ~/.julia/depots/levante-cpu/packages/ClimaCore/CYDDz/src/Limiters/quasimonotone.jl:383
┌ Warning: Limiter convergence stats:
│      `n_times_unconverged = 0`
│      `max_rel_err = 0.0`
│      `min_tracer_mass = Inf`
│ Use `warn = false` in `Limiters.apply_limiter!` to suppress this message.
└ @ ClimaCore.Limiters ~/.julia/depots/levante-cpu/packages/ClimaCore/CYDDz/src/Limiters/quasimonotone.jl:383
┌ Warning: Limiter convergence stats:
│      `n_times_unconverged = 0`
│      `max_rel_err = 0.0`
│      `min_tracer_mass = Inf`
│ Use `warn = false` in `Limiters.apply_limiter!` to suppress this message.
└ @ ClimaCore.Limiters ~/.julia/depots/levante-cpu/packages/ClimaCore/CYDDz/src/Limiters/quasimonotone.jl:383
┌ Warning: Limiter convergence stats:
│      `n_times_unconverged = 0`
│      `max_rel_err = 0.0`
│      `min_tracer_mass = Inf`
│ Use `warn = false` in `Limiters.apply_limiter!` to suppress this message.
└ @ ClimaCore.Limiters ~/.julia/depots/levante-cpu/packages/ClimaCore/CYDDz/src/Limiters/quasimonotone.jl:383
┌ Warning: Limiter convergence stats:
│      `n_times_unconverged = 0`
│      `max_rel_err = 0.0`
│      `min_tracer_mass = Inf`
│ Use `warn = false` in `Limiters.apply_limiter!` to suppress this message.
└ @ ClimaCore.Limiters ~/.julia/depots/levante-cpu/packages/ClimaCore/CYDDz/src/Limiters/quasimonotone.jl:383
┌ Warning: Limiter convergence stats:
│      `n_times_unconverged = 0`
│      `max_rel_err = 0.0`
│      `min_tracer_mass = Inf`
│ Use `warn = false` in `Limiters.apply_limiter!` to suppress this message.
└ @ ClimaCore.Limiters ~/.julia/depots/levante-cpu/packages/ClimaCore/CYDDz/src/Limiters/quasimonotone.jl:383
┌ Warning: Limiter convergence stats:
│      `n_times_unconverged = 0`
│      `max_rel_err = 0.0`
│      `min_tracer_mass = Inf`
│ Use `warn = false` in `Limiters.apply_limiter!` to suppress this message.
└ @ ClimaCore.Limiters ~/.julia/depots/levante-cpu/packages/ClimaCore/CYDDz/src/Limiters/quasimonotone.jl:383
┌ Warning: Limiter convergence stats:
│      `n_times_unconverged = 0`
│      `max_rel_err = 0.0`
│      `min_tracer_mass = Inf`
│ Use `warn = false` in `Limiters.apply_limiter!` to suppress this message.
└ @ ClimaCore.Limiters ~/.julia/depots/levante-cpu/packages/ClimaCore/CYDDz/src/Limiters/quasimonotone.jl:383
┌ Warning: Limiter convergence stats:
│      `n_times_unconverged = 0`
│      `max_rel_err = 0.0`
│      `min_tracer_mass = Inf`
│ Use `warn = false` in `Limiters.apply_limiter!` to suppress this message.
└ @ ClimaCore.Limiters ~/.julia/depots/levante-cpu/packages/ClimaCore/CYDDz/src/Limiters/quasimonotone.jl:383
┌ Warning: water tag closure residual 0.00025659479506892 exceeds the configured tolerance 1.0e-10 at t = 50400.0 s. The tags no longer account for the field they partition; see output/a5_sphere_limiter/output_0001/water_tag_closure.csv.
└ @ ClimaAtmos ~/git/ClimaAtmosResiDyn.jl/src/parameterized_tendencies/tagged_tracers/tagged_tracers.jl:779
┌ Warning: water tag parent is non-positive over 35.55305210984405% of the domain volume at t = 50400.0 s, and closure will not show it. Water tags take loss in proportion to what they hold, so their shares are undefined there and the tags of those cells carry no provenance. Nothing in the model keeps `ρq_tot` non-negative: `tracer_nonnegativity_method` is off unless configured, and transport alone can take a cell below zero. Those cells have their tags emptied by `rescale_water_tags!` whenever a constraint clips the parent, so the water they held surfaces in the residual. A large fraction is worth investigating as a sign that the run is under-resolved or the timestep too long.
└ @ ClimaAtmos ~/git/ClimaAtmosResiDyn.jl/src/parameterized_tendencies/tagged_tracers/tagged_tracers.jl:788
┌ Warning: Limiter convergence stats:
│      `n_times_unconverged = 0`
│      `max_rel_err = 0.0`
│      `min_tracer_mass = Inf`
│ Use `warn = false` in `Limiters.apply_limiter!` to suppress this message.
└ @ ClimaCore.Limiters ~/.julia/depots/levante-cpu/packages/ClimaCore/CYDDz/src/Limiters/quasimonotone.jl:383
┌ Warning: Limiter convergence stats:
│      `n_times_unconverged = 0`
│      `max_rel_err = 0.0`
│      `min_tracer_mass = Inf`
│ Use `warn = false` in `Limiters.apply_limiter!` to suppress this message.
└ @ ClimaCore.Limiters ~/.julia/depots/levante-cpu/packages/ClimaCore/CYDDz/src/Limiters/quasimonotone.jl:383
┌ Warning: Limiter convergence stats:
│      `n_times_unconverged = 0`
│      `max_rel_err = 0.0`
│      `min_tracer_mass = Inf`
│ Use `warn = false` in `Limiters.apply_limiter!` to suppress this message.
└ @ ClimaCore.Limiters ~/.julia/depots/levante-cpu/packages/ClimaCore/CYDDz/src/Limiters/quasimonotone.jl:383
┌ Warning: Limiter convergence stats:
│      `n_times_unconverged = 0`
│      `max_rel_err = 0.0`
│      `min_tracer_mass = Inf`
│ Use `warn = false` in `Limiters.apply_limiter!` to suppress this message.
└ @ ClimaCore.Limiters ~/.julia/depots/levante-cpu/packages/ClimaCore/CYDDz/src/Limiters/quasimonotone.jl:383
┌ Warning: Limiter convergence stats:
│      `n_times_unconverged = 0`
│      `max_rel_err = 0.0`
│      `min_tracer_mass = Inf`
│ Use `warn = false` in `Limiters.apply_limiter!` to suppress this message.
└ @ ClimaCore.Limiters ~/.julia/depots/levante-cpu/packages/ClimaCore/CYDDz/src/Limiters/quasimonotone.jl:383
┌ Warning: Limiter convergence stats:
│      `n_times_unconverged = 0`
│      `max_rel_err = 0.0`
│      `min_tracer_mass = Inf`
│ Use `warn = false` in `Limiters.apply_limiter!` to suppress this message.
└ @ ClimaCore.Limiters ~/.julia/depots/levante-cpu/packages/ClimaCore/CYDDz/src/Limiters/quasimonotone.jl:383
┌ Warning: Limiter convergence stats:
│      `n_times_unconverged = 0`
│      `max_rel_err = 0.0`
│      `min_tracer_mass = Inf`
│ Use `warn = false` in `Limiters.apply_limiter!` to suppress this message.
└ @ ClimaCore.Limiters ~/.julia/depots/levante-cpu/packages/ClimaCore/CYDDz/src/Limiters/quasimonotone.jl:383
┌ Warning: Limiter convergence stats:
│      `n_times_unconverged = 0`
│      `max_rel_err = 0.0`
│      `min_tracer_mass = Inf`
│ Use `warn = false` in `Limiters.apply_limiter!` to suppress this message.
└ @ ClimaCore.Limiters ~/.julia/depots/levante-cpu/packages/ClimaCore/CYDDz/src/Limiters/quasimonotone.jl:383
┌ Warning: Limiter convergence stats:
│      `n_times_unconverged = 0`
│      `max_rel_err = 0.0`
│      `min_tracer_mass = Inf`
│ Use `warn = false` in `Limiters.apply_limiter!` to suppress this message.
└ @ ClimaCore.Limiters ~/.julia/depots/levante-cpu/packages/ClimaCore/CYDDz/src/Limiters/quasimonotone.jl:383
┌ Warning: Limiter convergence stats:
│      `n_times_unconverged = 0`
│      `max_rel_err = 0.0`
│      `min_tracer_mass = Inf`
│ Use `warn = false` in `Limiters.apply_limiter!` to suppress this message.
└ @ ClimaCore.Limiters ~/.julia/depots/levante-cpu/packages/ClimaCore/CYDDz/src/Limiters/quasimonotone.jl:383
┌ Warning: Limiter convergence stats:
│      `n_times_unconverged = 0`
│      `max_rel_err = 0.0`
│      `min_tracer_mass = Inf`
│ Use `warn = false` in `Limiters.apply_limiter!` to suppress this message.
└ @ ClimaCore.Limiters ~/.julia/depots/levante-cpu/packages/ClimaCore/CYDDz/src/Limiters/quasimonotone.jl:383
┌ Warning: Limiter convergence stats:
│      `n_times_unconverged = 0`
│      `max_rel_err = 0.0`
│      `min_tracer_mass = Inf`
│ Use `warn = false` in `Limiters.apply_limiter!` to suppress this message.
└ @ ClimaCore.Limiters ~/.julia/depots/levante-cpu/packages/ClimaCore/CYDDz/src/Limiters/quasimonotone.jl:383
┌ Warning: Limiter convergence stats:
│      `n_times_unconverged = 0`
│      `max_rel_err = 0.0`
│      `min_tracer_mass = Inf`
│ Use `warn = false` in `Limiters.apply_limiter!` to suppress this message.
└ @ ClimaCore.Limiters ~/.julia/depots/levante-cpu/packages/ClimaCore/CYDDz/src/Limiters/quasimonotone.jl:383
┌ Warning: Limiter convergence stats:
│      `n_times_unconverged = 0`
│      `max_rel_err = 0.0`
│      `min_tracer_mass = Inf`
│ Use `warn = false` in `Limiters.apply_limiter!` to suppress this message.
└ @ ClimaCore.Limiters ~/.julia/depots/levante-cpu/packages/ClimaCore/CYDDz/src/Limiters/quasimonotone.jl:383
┌ Warning: Limiter convergence stats:
│      `n_times_unconverged = 0`
│      `max_rel_err = 0.0`
│      `min_tracer_mass = Inf`
│ Use `warn = false` in `Limiters.apply_limiter!` to suppress this message.
└ @ ClimaCore.Limiters ~/.julia/depots/levante-cpu/packages/ClimaCore/CYDDz/src/Limiters/quasimonotone.jl:383
┌ Warning: Limiter convergence stats:
│      `n_times_unconverged = 0`
│      `max_rel_err = 0.0`
│      `min_tracer_mass = Inf`
│ Use `warn = false` in `Limiters.apply_limiter!` to suppress this message.
└ @ ClimaCore.Limiters ~/.julia/depots/levante-cpu/packages/ClimaCore/CYDDz/src/Limiters/quasimonotone.jl:383
┌ Warning: Limiter convergence stats:
│      `n_times_unconverged = 0`
│      `max_rel_err = 0.0`
│      `min_tracer_mass = Inf`
│ Use `warn = false` in `Limiters.apply_limiter!` to suppress this message.
└ @ ClimaCore.Limiters ~/.julia/depots/levante-cpu/packages/ClimaCore/CYDDz/src/Limiters/quasimonotone.jl:383
┌ Warning: Limiter convergence stats:
│      `n_times_unconverged = 0`
│      `max_rel_err = 0.0`
│      `min_tracer_mass = Inf`
│ Use `warn = false` in `Limiters.apply_limiter!` to suppress this message.
└ @ ClimaCore.Limiters ~/.julia/depots/levante-cpu/packages/ClimaCore/CYDDz/src/Limiters/quasimonotone.jl:383
┌ Warning: Limiter convergence stats:
│      `n_times_unconverged = 0`
│      `max_rel_err = 0.0`
│      `min_tracer_mass = Inf`
│ Use `warn = false` in `Limiters.apply_limiter!` to suppress this message.
└ @ ClimaCore.Limiters ~/.julia/depots/levante-cpu/packages/ClimaCore/CYDDz/src/Limiters/quasimonotone.jl:383
┌ Warning: Limiter convergence stats:
│      `n_times_unconverged = 0`
│      `max_rel_err = 0.0`
│      `min_tracer_mass = Inf`
│ Use `warn = false` in `Limiters.apply_limiter!` to suppress this message.
└ @ ClimaCore.Limiters ~/.julia/depots/levante-cpu/packages/ClimaCore/CYDDz/src/Limiters/quasimonotone.jl:383
┌ Warning: Limiter convergence stats:
│      `n_times_unconverged = 0`
│      `max_rel_err = 0.0`
│      `min_tracer_mass = Inf`
│ Use `warn = false` in `Limiters.apply_limiter!` to suppress this message.
└ @ ClimaCore.Limiters ~/.julia/depots/levante-cpu/packages/ClimaCore/CYDDz/src/Limiters/quasimonotone.jl:383
┌ Warning: Limiter convergence stats:
│      `n_times_unconverged = 0`
│      `max_rel_err = 0.0`
│      `min_tracer_mass = Inf`
│ Use `warn = false` in `Limiters.apply_limiter!` to suppress this message.
└ @ ClimaCore.Limiters ~/.julia/depots/levante-cpu/packages/ClimaCore/CYDDz/src/Limiters/quasimonotone.jl:383
┌ Warning: Limiter convergence stats:
│      `n_times_unconverged = 0`
│      `max_rel_err = 0.0`
│      `min_tracer_mass = Inf`
│ Use `warn = false` in `Limiters.apply_limiter!` to suppress this message.
└ @ ClimaCore.Limiters ~/.julia/depots/levante-cpu/packages/ClimaCore/CYDDz/src/Limiters/quasimonotone.jl:383
┌ Warning: Limiter convergence stats:
│      `n_times_unconverged = 0`
│      `max_rel_err = 0.0`
│      `min_tracer_mass = Inf`
│ Use `warn = false` in `Limiters.apply_limiter!` to suppress this message.
└ @ ClimaCore.Limiters ~/.julia/depots/levante-cpu/packages/ClimaCore/CYDDz/src/Limiters/quasimonotone.jl:383
┌ Warning: Limiter convergence stats:
│      `n_times_unconverged = 0`
│      `max_rel_err = 0.0`
│      `min_tracer_mass = Inf`
│ Use `warn = false` in `Limiters.apply_limiter!` to suppress this message.
└ @ ClimaCore.Limiters ~/.julia/depots/levante-cpu/packages/ClimaCore/CYDDz/src/Limiters/quasimonotone.jl:383
┌ Warning: Limiter convergence stats:
│      `n_times_unconverged = 0`
│      `max_rel_err = 0.0`
│      `min_tracer_mass = Inf`
│ Use `warn = false` in `Limiters.apply_limiter!` to suppress this message.
└ @ ClimaCore.Limiters ~/.julia/depots/levante-cpu/packages/ClimaCore/CYDDz/src/Limiters/quasimonotone.jl:383
┌ Warning: Limiter convergence stats:
│      `n_times_unconverged = 0`
│      `max_rel_err = 0.0`
│      `min_tracer_mass = Inf`
│ Use `warn = false` in `Limiters.apply_limiter!` to suppress this message.
└ @ ClimaCore.Limiters ~/.julia/depots/levante-cpu/packages/ClimaCore/CYDDz/src/Limiters/quasimonotone.jl:383
┌ Warning: Limiter convergence stats:
│      `n_times_unconverged = 0`
│      `max_rel_err = 0.0`
│      `min_tracer_mass = Inf`
│ Use `warn = false` in `Limiters.apply_limiter!` to suppress this message.
└ @ ClimaCore.Limiters ~/.julia/depots/levante-cpu/packages/ClimaCore/CYDDz/src/Limiters/quasimonotone.jl:383
┌ Warning: Limiter convergence stats:
│      `n_times_unconverged = 0`
│      `max_rel_err = 0.0`
│      `min_tracer_mass = Inf`
│ Use `warn = false` in `Limiters.apply_limiter!` to suppress this message.
└ @ ClimaCore.Limiters ~/.julia/depots/levante-cpu/packages/ClimaCore/CYDDz/src/Limiters/quasimonotone.jl:383
┌ Warning: Limiter convergence stats:
│      `n_times_unconverged = 0`
│      `max_rel_err = 0.0`
│      `min_tracer_mass = Inf`
│ Use `warn = false` in `Limiters.apply_limiter!` to suppress this message.
└ @ ClimaCore.Limiters ~/.julia/depots/levante-cpu/packages/ClimaCore/CYDDz/src/Limiters/quasimonotone.jl:383
┌ Warning: Limiter convergence stats:
│      `n_times_unconverged = 0`
│      `max_rel_err = 0.0`
│      `min_tracer_mass = Inf`
│ Use `warn = false` in `Limiters.apply_limiter!` to suppress this message.
└ @ ClimaCore.Limiters ~/.julia/depots/levante-cpu/packages/ClimaCore/CYDDz/src/Limiters/quasimonotone.jl:383
┌ Warning: Limiter convergence stats:
│      `n_times_unconverged = 0`
│      `max_rel_err = 0.0`
│      `min_tracer_mass = Inf`
│ Use `warn = false` in `Limiters.apply_limiter!` to suppress this message.
└ @ ClimaCore.Limiters ~/.julia/depots/levante-cpu/packages/ClimaCore/CYDDz/src/Limiters/quasimonotone.jl:383
┌ Info: Progress
│   simulation_time = "14 hours, 40 minutes"
│   n_steps_completed = 176
│   wall_time_per_step = "470 milliseconds, 716 microseconds"
│   wall_time_total = "2 minutes, 15 seconds"
│   wall_time_remaining = "52 seconds, 720 milliseconds"
│   wall_time_spent = "1 minute, 22 seconds"
│   percent_complete = "61.1%"
│   estimated_sypd = "1.745"
│   instantaneous_sypd = "1.751"
│   date_now = 2026-09-10T10:08:13.946
└   estimated_finish_date = 2026-09-10T10:09:06.946
┌ Warning: Limiter convergence stats:
│      `n_times_unconverged = 0`
│      `max_rel_err = 0.0`
│      `min_tracer_mass = Inf`
│ Use `warn = false` in `Limiters.apply_limiter!` to suppress this message.
└ @ ClimaCore.Limiters ~/.julia/depots/levante-cpu/packages/ClimaCore/CYDDz/src/Limiters/quasimonotone.jl:383
┌ Warning: Limiter convergence stats:
│      `n_times_unconverged = 0`
│      `max_rel_err = 0.0`
│      `min_tracer_mass = Inf`
│ Use `warn = false` in `Limiters.apply_limiter!` to suppress this message.
└ @ ClimaCore.Limiters ~/.julia/depots/levante-cpu/packages/ClimaCore/CYDDz/src/Limiters/quasimonotone.jl:383
┌ Warning: Limiter convergence stats:
│      `n_times_unconverged = 0`
│      `max_rel_err = 0.0`
│      `min_tracer_mass = Inf`
│ Use `warn = false` in `Limiters.apply_limiter!` to suppress this message.
└ @ ClimaCore.Limiters ~/.julia/depots/levante-cpu/packages/ClimaCore/CYDDz/src/Limiters/quasimonotone.jl:383
┌ Warning: Limiter convergence stats:
│      `n_times_unconverged = 0`
│      `max_rel_err = 0.0`
│      `min_tracer_mass = Inf`
│ Use `warn = false` in `Limiters.apply_limiter!` to suppress this message.
└ @ ClimaCore.Limiters ~/.julia/depots/levante-cpu/packages/ClimaCore/CYDDz/src/Limiters/quasimonotone.jl:383
┌ Warning: Limiter convergence stats:
│      `n_times_unconverged = 0`
│      `max_rel_err = 0.0`
│      `min_tracer_mass = Inf`
│ Use `warn = false` in `Limiters.apply_limiter!` to suppress this message.
└ @ ClimaCore.Limiters ~/.julia/depots/levante-cpu/packages/ClimaCore/CYDDz/src/Limiters/quasimonotone.jl:383
┌ Warning: Limiter convergence stats:
│      `n_times_unconverged = 0`
│      `max_rel_err = 0.0`
│      `min_tracer_mass = Inf`
│ Use `warn = false` in `Limiters.apply_limiter!` to suppress this message.
└ @ ClimaCore.Limiters ~/.julia/depots/levante-cpu/packages/ClimaCore/CYDDz/src/Limiters/quasimonotone.jl:383
┌ Warning: Limiter convergence stats:
│      `n_times_unconverged = 0`
│      `max_rel_err = 0.0`
│      `min_tracer_mass = Inf`
│ Use `warn = false` in `Limiters.apply_limiter!` to suppress this message.
└ @ ClimaCore.Limiters ~/.julia/depots/levante-cpu/packages/ClimaCore/CYDDz/src/Limiters/quasimonotone.jl:383
┌ Warning: Limiter convergence stats:
│      `n_times_unconverged = 0`
│      `max_rel_err = 0.0`
│      `min_tracer_mass = Inf`
│ Use `warn = false` in `Limiters.apply_limiter!` to suppress this message.
└ @ ClimaCore.Limiters ~/.julia/depots/levante-cpu/packages/ClimaCore/CYDDz/src/Limiters/quasimonotone.jl:383
┌ Warning: Limiter convergence stats:
│      `n_times_unconverged = 0`
│      `max_rel_err = 0.0`
│      `min_tracer_mass = Inf`
│ Use `warn = false` in `Limiters.apply_limiter!` to suppress this message.
└ @ ClimaCore.Limiters ~/.julia/depots/levante-cpu/packages/ClimaCore/CYDDz/src/Limiters/quasimonotone.jl:383
┌ Warning: Limiter convergence stats:
│      `n_times_unconverged = 0`
│      `max_rel_err = 0.0`
│      `min_tracer_mass = Inf`
│ Use `warn = false` in `Limiters.apply_limiter!` to suppress this message.
└ @ ClimaCore.Limiters ~/.julia/depots/levante-cpu/packages/ClimaCore/CYDDz/src/Limiters/quasimonotone.jl:383
┌ Warning: Limiter convergence stats:
│      `n_times_unconverged = 0`
│      `max_rel_err = 0.0`
│      `min_tracer_mass = Inf`
│ Use `warn = false` in `Limiters.apply_limiter!` to suppress this message.
└ @ ClimaCore.Limiters ~/.julia/depots/levante-cpu/packages/ClimaCore/CYDDz/src/Limiters/quasimonotone.jl:383
┌ Warning: Limiter convergence stats:
│      `n_times_unconverged = 0`
│      `max_rel_err = 0.0`
│      `min_tracer_mass = Inf`
│ Use `warn = false` in `Limiters.apply_limiter!` to suppress this message.
└ @ ClimaCore.Limiters ~/.julia/depots/levante-cpu/packages/ClimaCore/CYDDz/src/Limiters/quasimonotone.jl:383
┌ Warning: Limiter convergence stats:
│      `n_times_unconverged = 0`
│      `max_rel_err = 0.0`
│      `min_tracer_mass = Inf`
│ Use `warn = false` in `Limiters.apply_limiter!` to suppress this message.
└ @ ClimaCore.Limiters ~/.julia/depots/levante-cpu/packages/ClimaCore/CYDDz/src/Limiters/quasimonotone.jl:383
┌ Warning: Limiter convergence stats:
│      `n_times_unconverged = 0`
│      `max_rel_err = 0.0`
│      `min_tracer_mass = Inf`
│ Use `warn = false` in `Limiters.apply_limiter!` to suppress this message.
└ @ ClimaCore.Limiters ~/.julia/depots/levante-cpu/packages/ClimaCore/CYDDz/src/Limiters/quasimonotone.jl:383
┌ Warning: Limiter convergence stats:
│      `n_times_unconverged = 0`
│      `max_rel_err = 0.0`
│      `min_tracer_mass = Inf`
│ Use `warn = false` in `Limiters.apply_limiter!` to suppress this message.
└ @ ClimaCore.Limiters ~/.julia/depots/levante-cpu/packages/ClimaCore/CYDDz/src/Limiters/quasimonotone.jl:383
┌ Warning: Limiter convergence stats:
│      `n_times_unconverged = 0`
│      `max_rel_err = 0.0`
│      `min_tracer_mass = Inf`
│ Use `warn = false` in `Limiters.apply_limiter!` to suppress this message.
└ @ ClimaCore.Limiters ~/.julia/depots/levante-cpu/packages/ClimaCore/CYDDz/src/Limiters/quasimonotone.jl:383
┌ Warning: water tag closure residual 0.0002600506766841831 exceeds the configured tolerance 1.0e-10 at t = 54000.0 s. The tags no longer account for the field they partition; see output/a5_sphere_limiter/output_0001/water_tag_closure.csv.
└ @ ClimaAtmos ~/git/ClimaAtmosResiDyn.jl/src/parameterized_tendencies/tagged_tracers/tagged_tracers.jl:779
┌ Warning: water tag parent is non-positive over 35.51710889541107% of the domain volume at t = 54000.0 s, and closure will not show it. Water tags take loss in proportion to what they hold, so their shares are undefined there and the tags of those cells carry no provenance. Nothing in the model keeps `ρq_tot` non-negative: `tracer_nonnegativity_method` is off unless configured, and transport alone can take a cell below zero. Those cells have their tags emptied by `rescale_water_tags!` whenever a constraint clips the parent, so the water they held surfaces in the residual. A large fraction is worth investigating as a sign that the run is under-resolved or the timestep too long.
└ @ ClimaAtmos ~/git/ClimaAtmosResiDyn.jl/src/parameterized_tendencies/tagged_tracers/tagged_tracers.jl:788
┌ Warning: Limiter convergence stats:
│      `n_times_unconverged = 0`
│      `max_rel_err = 0.0`
│      `min_tracer_mass = Inf`
│ Use `warn = false` in `Limiters.apply_limiter!` to suppress this message.
└ @ ClimaCore.Limiters ~/.julia/depots/levante-cpu/packages/ClimaCore/CYDDz/src/Limiters/quasimonotone.jl:383
┌ Warning: Limiter convergence stats:
│      `n_times_unconverged = 0`
│      `max_rel_err = 0.0`
│      `min_tracer_mass = Inf`
│ Use `warn = false` in `Limiters.apply_limiter!` to suppress this message.
└ @ ClimaCore.Limiters ~/.julia/depots/levante-cpu/packages/ClimaCore/CYDDz/src/Limiters/quasimonotone.jl:383
┌ Warning: Limiter convergence stats:
│      `n_times_unconverged = 0`
│      `max_rel_err = 0.0`
│      `min_tracer_mass = Inf`
│ Use `warn = false` in `Limiters.apply_limiter!` to suppress this message.
└ @ ClimaCore.Limiters ~/.julia/depots/levante-cpu/packages/ClimaCore/CYDDz/src/Limiters/quasimonotone.jl:383
┌ Warning: Limiter convergence stats:
│      `n_times_unconverged = 0`
│      `max_rel_err = 0.0`
│      `min_tracer_mass = Inf`
│ Use `warn = false` in `Limiters.apply_limiter!` to suppress this message.
└ @ ClimaCore.Limiters ~/.julia/depots/levante-cpu/packages/ClimaCore/CYDDz/src/Limiters/quasimonotone.jl:383
┌ Warning: Limiter convergence stats:
│      `n_times_unconverged = 0`
│      `max_rel_err = 0.0`
│      `min_tracer_mass = Inf`
│ Use `warn = false` in `Limiters.apply_limiter!` to suppress this message.
└ @ ClimaCore.Limiters ~/.julia/depots/levante-cpu/packages/ClimaCore/CYDDz/src/Limiters/quasimonotone.jl:383
┌ Warning: Limiter convergence stats:
│      `n_times_unconverged = 0`
│      `max_rel_err = 0.0`
│      `min_tracer_mass = Inf`
│ Use `warn = false` in `Limiters.apply_limiter!` to suppress this message.
└ @ ClimaCore.Limiters ~/.julia/depots/levante-cpu/packages/ClimaCore/CYDDz/src/Limiters/quasimonotone.jl:383
┌ Warning: Limiter convergence stats:
│      `n_times_unconverged = 0`
│      `max_rel_err = 0.0`
│      `min_tracer_mass = Inf`
│ Use `warn = false` in `Limiters.apply_limiter!` to suppress this message.
└ @ ClimaCore.Limiters ~/.julia/depots/levante-cpu/packages/ClimaCore/CYDDz/src/Limiters/quasimonotone.jl:383
┌ Warning: Limiter convergence stats:
│      `n_times_unconverged = 0`
│      `max_rel_err = 0.0`
│      `min_tracer_mass = Inf`
│ Use `warn = false` in `Limiters.apply_limiter!` to suppress this message.
└ @ ClimaCore.Limiters ~/.julia/depots/levante-cpu/packages/ClimaCore/CYDDz/src/Limiters/quasimonotone.jl:383
┌ Warning: Limiter convergence stats:
│      `n_times_unconverged = 0`
│      `max_rel_err = 0.0`
│      `min_tracer_mass = Inf`
│ Use `warn = false` in `Limiters.apply_limiter!` to suppress this message.
└ @ ClimaCore.Limiters ~/.julia/depots/levante-cpu/packages/ClimaCore/CYDDz/src/Limiters/quasimonotone.jl:383
┌ Warning: Limiter convergence stats:
│      `n_times_unconverged = 0`
│      `max_rel_err = 0.0`
│      `min_tracer_mass = Inf`
│ Use `warn = false` in `Limiters.apply_limiter!` to suppress this message.
└ @ ClimaCore.Limiters ~/.julia/depots/levante-cpu/packages/ClimaCore/CYDDz/src/Limiters/quasimonotone.jl:383
┌ Warning: Limiter convergence stats:
│      `n_times_unconverged = 0`
│      `max_rel_err = 0.0`
│      `min_tracer_mass = Inf`
│ Use `warn = false` in `Limiters.apply_limiter!` to suppress this message.
└ @ ClimaCore.Limiters ~/.julia/depots/levante-cpu/packages/ClimaCore/CYDDz/src/Limiters/quasimonotone.jl:383
┌ Warning: Limiter convergence stats:
│      `n_times_unconverged = 0`
│      `max_rel_err = 0.0`
│      `min_tracer_mass = Inf`
│ Use `warn = false` in `Limiters.apply_limiter!` to suppress this message.
└ @ ClimaCore.Limiters ~/.julia/depots/levante-cpu/packages/ClimaCore/CYDDz/src/Limiters/quasimonotone.jl:383
┌ Warning: Limiter convergence stats:
│      `n_times_unconverged = 0`
│      `max_rel_err = 0.0`
│      `min_tracer_mass = Inf`
│ Use `warn = false` in `Limiters.apply_limiter!` to suppress this message.
└ @ ClimaCore.Limiters ~/.julia/depots/levante-cpu/packages/ClimaCore/CYDDz/src/Limiters/quasimonotone.jl:383
┌ Warning: Limiter convergence stats:
│      `n_times_unconverged = 0`
│      `max_rel_err = 0.0`
│      `min_tracer_mass = Inf`
│ Use `warn = false` in `Limiters.apply_limiter!` to suppress this message.
└ @ ClimaCore.Limiters ~/.julia/depots/levante-cpu/packages/ClimaCore/CYDDz/src/Limiters/quasimonotone.jl:383
┌ Warning: Limiter convergence stats:
│      `n_times_unconverged = 0`
│      `max_rel_err = 0.0`
│      `min_tracer_mass = Inf`
│ Use `warn = false` in `Limiters.apply_limiter!` to suppress this message.
└ @ ClimaCore.Limiters ~/.julia/depots/levante-cpu/packages/ClimaCore/CYDDz/src/Limiters/quasimonotone.jl:383
┌ Warning: Limiter convergence stats:
│      `n_times_unconverged = 0`
│      `max_rel_err = 0.0`
│      `min_tracer_mass = Inf`
│ Use `warn = false` in `Limiters.apply_limiter!` to suppress this message.
└ @ ClimaCore.Limiters ~/.julia/depots/levante-cpu/packages/ClimaCore/CYDDz/src/Limiters/quasimonotone.jl:383
┌ Warning: Limiter convergence stats:
│      `n_times_unconverged = 0`
│      `max_rel_err = 0.0`
│      `min_tracer_mass = Inf`
│ Use `warn = false` in `Limiters.apply_limiter!` to suppress this message.
└ @ ClimaCore.Limiters ~/.julia/depots/levante-cpu/packages/ClimaCore/CYDDz/src/Limiters/quasimonotone.jl:383
┌ Warning: Limiter convergence stats:
│      `n_times_unconverged = 0`
│      `max_rel_err = 0.0`
│      `min_tracer_mass = Inf`
│ Use `warn = false` in `Limiters.apply_limiter!` to suppress this message.
└ @ ClimaCore.Limiters ~/.julia/depots/levante-cpu/packages/ClimaCore/CYDDz/src/Limiters/quasimonotone.jl:383
┌ Warning: Limiter convergence stats:
│      `n_times_unconverged = 0`
│      `max_rel_err = 0.0`
│      `min_tracer_mass = Inf`
│ Use `warn = false` in `Limiters.apply_limiter!` to suppress this message.
└ @ ClimaCore.Limiters ~/.julia/depots/levante-cpu/packages/ClimaCore/CYDDz/src/Limiters/quasimonotone.jl:383
┌ Warning: Limiter convergence stats:
│      `n_times_unconverged = 0`
│      `max_rel_err = 0.0`
│      `min_tracer_mass = Inf`
│ Use `warn = false` in `Limiters.apply_limiter!` to suppress this message.
└ @ ClimaCore.Limiters ~/.julia/depots/levante-cpu/packages/ClimaCore/CYDDz/src/Limiters/quasimonotone.jl:383
┌ Warning: Limiter convergence stats:
│      `n_times_unconverged = 0`
│      `max_rel_err = 0.0`
│      `min_tracer_mass = Inf`
│ Use `warn = false` in `Limiters.apply_limiter!` to suppress this message.
└ @ ClimaCore.Limiters ~/.julia/depots/levante-cpu/packages/ClimaCore/CYDDz/src/Limiters/quasimonotone.jl:383
┌ Warning: Limiter convergence stats:
│      `n_times_unconverged = 0`
│      `max_rel_err = 0.0`
│      `min_tracer_mass = Inf`
│ Use `warn = false` in `Limiters.apply_limiter!` to suppress this message.
└ @ ClimaCore.Limiters ~/.julia/depots/levante-cpu/packages/ClimaCore/CYDDz/src/Limiters/quasimonotone.jl:383
┌ Warning: Limiter convergence stats:
│      `n_times_unconverged = 0`
│      `max_rel_err = 0.0`
│      `min_tracer_mass = Inf`
│ Use `warn = false` in `Limiters.apply_limiter!` to suppress this message.
└ @ ClimaCore.Limiters ~/.julia/depots/levante-cpu/packages/ClimaCore/CYDDz/src/Limiters/quasimonotone.jl:383
┌ Warning: Limiter convergence stats:
│      `n_times_unconverged = 0`
│      `max_rel_err = 0.0`
│      `min_tracer_mass = Inf`
│ Use `warn = false` in `Limiters.apply_limiter!` to suppress this message.
└ @ ClimaCore.Limiters ~/.julia/depots/levante-cpu/packages/ClimaCore/CYDDz/src/Limiters/quasimonotone.jl:383
┌ Warning: Limiter convergence stats:
│      `n_times_unconverged = 0`
│      `max_rel_err = 0.0`
│      `min_tracer_mass = Inf`
│ Use `warn = false` in `Limiters.apply_limiter!` to suppress this message.
└ @ ClimaCore.Limiters ~/.julia/depots/levante-cpu/packages/ClimaCore/CYDDz/src/Limiters/quasimonotone.jl:383
┌ Warning: Limiter convergence stats:
│      `n_times_unconverged = 0`
│      `max_rel_err = 0.0`
│      `min_tracer_mass = Inf`
│ Use `warn = false` in `Limiters.apply_limiter!` to suppress this message.
└ @ ClimaCore.Limiters ~/.julia/depots/levante-cpu/packages/ClimaCore/CYDDz/src/Limiters/quasimonotone.jl:383
┌ Warning: Limiter convergence stats:
│      `n_times_unconverged = 0`
│      `max_rel_err = 0.0`
│      `min_tracer_mass = Inf`
│ Use `warn = false` in `Limiters.apply_limiter!` to suppress this message.
└ @ ClimaCore.Limiters ~/.julia/depots/levante-cpu/packages/ClimaCore/CYDDz/src/Limiters/quasimonotone.jl:383
┌ Warning: Limiter convergence stats:
│      `n_times_unconverged = 0`
│      `max_rel_err = 0.0`
│      `min_tracer_mass = Inf`
│ Use `warn = false` in `Limiters.apply_limiter!` to suppress this message.
└ @ ClimaCore.Limiters ~/.julia/depots/levante-cpu/packages/ClimaCore/CYDDz/src/Limiters/quasimonotone.jl:383
┌ Warning: Limiter convergence stats:
│      `n_times_unconverged = 0`
│      `max_rel_err = 0.0`
│      `min_tracer_mass = Inf`
│ Use `warn = false` in `Limiters.apply_limiter!` to suppress this message.
└ @ ClimaCore.Limiters ~/.julia/depots/levante-cpu/packages/ClimaCore/CYDDz/src/Limiters/quasimonotone.jl:383
┌ Warning: Limiter convergence stats:
│      `n_times_unconverged = 0`
│      `max_rel_err = 0.0`
│      `min_tracer_mass = Inf`
│ Use `warn = false` in `Limiters.apply_limiter!` to suppress this message.
└ @ ClimaCore.Limiters ~/.julia/depots/levante-cpu/packages/ClimaCore/CYDDz/src/Limiters/quasimonotone.jl:383
┌ Warning: Limiter convergence stats:
│      `n_times_unconverged = 0`
│      `max_rel_err = 0.0`
│      `min_tracer_mass = Inf`
│ Use `warn = false` in `Limiters.apply_limiter!` to suppress this message.
└ @ ClimaCore.Limiters ~/.julia/depots/levante-cpu/packages/ClimaCore/CYDDz/src/Limiters/quasimonotone.jl:383
┌ Warning: Limiter convergence stats:
│      `n_times_unconverged = 0`
│      `max_rel_err = 0.0`
│      `min_tracer_mass = Inf`
│ Use `warn = false` in `Limiters.apply_limiter!` to suppress this message.
└ @ ClimaCore.Limiters ~/.julia/depots/levante-cpu/packages/ClimaCore/CYDDz/src/Limiters/quasimonotone.jl:383
┌ Warning: Limiter convergence stats:
│      `n_times_unconverged = 0`
│      `max_rel_err = 0.0`
│      `min_tracer_mass = Inf`
│ Use `warn = false` in `Limiters.apply_limiter!` to suppress this message.
└ @ ClimaCore.Limiters ~/.julia/depots/levante-cpu/packages/ClimaCore/CYDDz/src/Limiters/quasimonotone.jl:383
┌ Warning: Limiter convergence stats:
│      `n_times_unconverged = 0`
│      `max_rel_err = 0.0`
│      `min_tracer_mass = Inf`
│ Use `warn = false` in `Limiters.apply_limiter!` to suppress this message.
└ @ ClimaCore.Limiters ~/.julia/depots/levante-cpu/packages/ClimaCore/CYDDz/src/Limiters/quasimonotone.jl:383
┌ Warning: Limiter convergence stats:
│      `n_times_unconverged = 0`
│      `max_rel_err = 0.0`
│      `min_tracer_mass = Inf`
│ Use `warn = false` in `Limiters.apply_limiter!` to suppress this message.
└ @ ClimaCore.Limiters ~/.julia/depots/levante-cpu/packages/ClimaCore/CYDDz/src/Limiters/quasimonotone.jl:383
┌ Warning: Limiter convergence stats:
│      `n_times_unconverged = 0`
│      `max_rel_err = 0.0`
│      `min_tracer_mass = Inf`
│ Use `warn = false` in `Limiters.apply_limiter!` to suppress this message.
└ @ ClimaCore.Limiters ~/.julia/depots/levante-cpu/packages/ClimaCore/CYDDz/src/Limiters/quasimonotone.jl:383
┌ Warning: Limiter convergence stats:
│      `n_times_unconverged = 0`
│      `max_rel_err = 0.0`
│      `min_tracer_mass = Inf`
│ Use `warn = false` in `Limiters.apply_limiter!` to suppress this message.
└ @ ClimaCore.Limiters ~/.julia/depots/levante-cpu/packages/ClimaCore/CYDDz/src/Limiters/quasimonotone.jl:383
┌ Warning: Limiter convergence stats:
│      `n_times_unconverged = 0`
│      `max_rel_err = 0.0`
│      `min_tracer_mass = Inf`
│ Use `warn = false` in `Limiters.apply_limiter!` to suppress this message.
└ @ ClimaCore.Limiters ~/.julia/depots/levante-cpu/packages/ClimaCore/CYDDz/src/Limiters/quasimonotone.jl:383
┌ Warning: Limiter convergence stats:
│      `n_times_unconverged = 0`
│      `max_rel_err = 0.0`
│      `min_tracer_mass = Inf`
│ Use `warn = false` in `Limiters.apply_limiter!` to suppress this message.
└ @ ClimaCore.Limiters ~/.julia/depots/levante-cpu/packages/ClimaCore/CYDDz/src/Limiters/quasimonotone.jl:383
┌ Warning: Limiter convergence stats:
│      `n_times_unconverged = 0`
│      `max_rel_err = 0.0`
│      `min_tracer_mass = Inf`
│ Use `warn = false` in `Limiters.apply_limiter!` to suppress this message.
└ @ ClimaCore.Limiters ~/.julia/depots/levante-cpu/packages/ClimaCore/CYDDz/src/Limiters/quasimonotone.jl:383
┌ Warning: Limiter convergence stats:
│      `n_times_unconverged = 0`
│      `max_rel_err = 0.0`
│      `min_tracer_mass = Inf`
│ Use `warn = false` in `Limiters.apply_limiter!` to suppress this message.
└ @ ClimaCore.Limiters ~/.julia/depots/levante-cpu/packages/ClimaCore/CYDDz/src/Limiters/quasimonotone.jl:383
┌ Warning: Limiter convergence stats:
│      `n_times_unconverged = 0`
│      `max_rel_err = 0.0`
│      `min_tracer_mass = Inf`
│ Use `warn = false` in `Limiters.apply_limiter!` to suppress this message.
└ @ ClimaCore.Limiters ~/.julia/depots/levante-cpu/packages/ClimaCore/CYDDz/src/Limiters/quasimonotone.jl:383
┌ Warning: Limiter convergence stats:
│      `n_times_unconverged = 0`
│      `max_rel_err = 0.0`
│      `min_tracer_mass = Inf`
│ Use `warn = false` in `Limiters.apply_limiter!` to suppress this message.
└ @ ClimaCore.Limiters ~/.julia/depots/levante-cpu/packages/ClimaCore/CYDDz/src/Limiters/quasimonotone.jl:383
┌ Warning: Limiter convergence stats:
│      `n_times_unconverged = 0`
│      `max_rel_err = 0.0`
│      `min_tracer_mass = Inf`
│ Use `warn = false` in `Limiters.apply_limiter!` to suppress this message.
└ @ ClimaCore.Limiters ~/.julia/depots/levante-cpu/packages/ClimaCore/CYDDz/src/Limiters/quasimonotone.jl:383
┌ Warning: Limiter convergence stats:
│      `n_times_unconverged = 0`
│      `max_rel_err = 0.0`
│      `min_tracer_mass = Inf`
│ Use `warn = false` in `Limiters.apply_limiter!` to suppress this message.
└ @ ClimaCore.Limiters ~/.julia/depots/levante-cpu/packages/ClimaCore/CYDDz/src/Limiters/quasimonotone.jl:383
┌ Warning: Limiter convergence stats:
│      `n_times_unconverged = 0`
│      `max_rel_err = 0.0`
│      `min_tracer_mass = Inf`
│ Use `warn = false` in `Limiters.apply_limiter!` to suppress this message.
└ @ ClimaCore.Limiters ~/.julia/depots/levante-cpu/packages/ClimaCore/CYDDz/src/Limiters/quasimonotone.jl:383
┌ Warning: Limiter convergence stats:
│      `n_times_unconverged = 0`
│      `max_rel_err = 0.0`
│      `min_tracer_mass = Inf`
│ Use `warn = false` in `Limiters.apply_limiter!` to suppress this message.
└ @ ClimaCore.Limiters ~/.julia/depots/levante-cpu/packages/ClimaCore/CYDDz/src/Limiters/quasimonotone.jl:383
┌ Warning: Limiter convergence stats:
│      `n_times_unconverged = 0`
│      `max_rel_err = 0.0`
│      `min_tracer_mass = Inf`
│ Use `warn = false` in `Limiters.apply_limiter!` to suppress this message.
└ @ ClimaCore.Limiters ~/.julia/depots/levante-cpu/packages/ClimaCore/CYDDz/src/Limiters/quasimonotone.jl:383
┌ Warning: water tag closure residual 0.0002651465270686438 exceeds the configured tolerance 1.0e-10 at t = 57600.0 s. The tags no longer account for the field they partition; see output/a5_sphere_limiter/output_0001/water_tag_closure.csv.
└ @ ClimaAtmos ~/git/ClimaAtmosResiDyn.jl/src/parameterized_tendencies/tagged_tracers/tagged_tracers.jl:779
┌ Warning: water tag parent is non-positive over 35.56959819302692% of the domain volume at t = 57600.0 s, and closure will not show it. Water tags take loss in proportion to what they hold, so their shares are undefined there and the tags of those cells carry no provenance. Nothing in the model keeps `ρq_tot` non-negative: `tracer_nonnegativity_method` is off unless configured, and transport alone can take a cell below zero. Those cells have their tags emptied by `rescale_water_tags!` whenever a constraint clips the parent, so the water they held surfaces in the residual. A large fraction is worth investigating as a sign that the run is under-resolved or the timestep too long.
└ @ ClimaAtmos ~/git/ClimaAtmosResiDyn.jl/src/parameterized_tendencies/tagged_tracers/tagged_tracers.jl:788
┌ Info: Progress
│   simulation_time = "16 hours"
│   n_steps_completed = 192
│   wall_time_per_step = "470 milliseconds, 901 microseconds"
│   wall_time_total = "2 minutes, 15 seconds"
│   wall_time_remaining = "45 seconds, 206 milliseconds"
│   wall_time_spent = "1 minute, 30 seconds"
│   percent_complete = "66.7%"
│   estimated_sypd = "1.744"
│   instantaneous_sypd = "1.737"
│   date_now = 2026-09-10T10:08:21.513
└   estimated_finish_date = 2026-09-10T10:09:07.513
┌ Warning: Limiter convergence stats:
│      `n_times_unconverged = 0`
│      `max_rel_err = 0.0`
│      `min_tracer_mass = Inf`
│ Use `warn = false` in `Limiters.apply_limiter!` to suppress this message.
└ @ ClimaCore.Limiters ~/.julia/depots/levante-cpu/packages/ClimaCore/CYDDz/src/Limiters/quasimonotone.jl:383
┌ Warning: Limiter convergence stats:
│      `n_times_unconverged = 0`
│      `max_rel_err = 0.0`
│      `min_tracer_mass = Inf`
│ Use `warn = false` in `Limiters.apply_limiter!` to suppress this message.
└ @ ClimaCore.Limiters ~/.julia/depots/levante-cpu/packages/ClimaCore/CYDDz/src/Limiters/quasimonotone.jl:383
┌ Warning: Limiter convergence stats:
│      `n_times_unconverged = 0`
│      `max_rel_err = 0.0`
│      `min_tracer_mass = Inf`
│ Use `warn = false` in `Limiters.apply_limiter!` to suppress this message.
└ @ ClimaCore.Limiters ~/.julia/depots/levante-cpu/packages/ClimaCore/CYDDz/src/Limiters/quasimonotone.jl:383
┌ Warning: Limiter convergence stats:
│      `n_times_unconverged = 0`
│      `max_rel_err = 0.0`
│      `min_tracer_mass = Inf`
│ Use `warn = false` in `Limiters.apply_limiter!` to suppress this message.
└ @ ClimaCore.Limiters ~/.julia/depots/levante-cpu/packages/ClimaCore/CYDDz/src/Limiters/quasimonotone.jl:383
┌ Warning: Limiter convergence stats:
│      `n_times_unconverged = 0`
│      `max_rel_err = 0.0`
│      `min_tracer_mass = Inf`
│ Use `warn = false` in `Limiters.apply_limiter!` to suppress this message.
└ @ ClimaCore.Limiters ~/.julia/depots/levante-cpu/packages/ClimaCore/CYDDz/src/Limiters/quasimonotone.jl:383
┌ Warning: Limiter convergence stats:
│      `n_times_unconverged = 0`
│      `max_rel_err = 0.0`
│      `min_tracer_mass = Inf`
│ Use `warn = false` in `Limiters.apply_limiter!` to suppress this message.
└ @ ClimaCore.Limiters ~/.julia/depots/levante-cpu/packages/ClimaCore/CYDDz/src/Limiters/quasimonotone.jl:383
┌ Warning: Limiter convergence stats:
│      `n_times_unconverged = 0`
│      `max_rel_err = 0.0`
│      `min_tracer_mass = Inf`
│ Use `warn = false` in `Limiters.apply_limiter!` to suppress this message.
└ @ ClimaCore.Limiters ~/.julia/depots/levante-cpu/packages/ClimaCore/CYDDz/src/Limiters/quasimonotone.jl:383
┌ Warning: Limiter convergence stats:
│      `n_times_unconverged = 0`
│      `max_rel_err = 0.0`
│      `min_tracer_mass = Inf`
│ Use `warn = false` in `Limiters.apply_limiter!` to suppress this message.
└ @ ClimaCore.Limiters ~/.julia/depots/levante-cpu/packages/ClimaCore/CYDDz/src/Limiters/quasimonotone.jl:383
┌ Warning: Limiter convergence stats:
│      `n_times_unconverged = 0`
│      `max_rel_err = 0.0`
│      `min_tracer_mass = Inf`
│ Use `warn = false` in `Limiters.apply_limiter!` to suppress this message.
└ @ ClimaCore.Limiters ~/.julia/depots/levante-cpu/packages/ClimaCore/CYDDz/src/Limiters/quasimonotone.jl:383
┌ Warning: Limiter convergence stats:
│      `n_times_unconverged = 0`
│      `max_rel_err = 0.0`
│      `min_tracer_mass = Inf`
│ Use `warn = false` in `Limiters.apply_limiter!` to suppress this message.
└ @ ClimaCore.Limiters ~/.julia/depots/levante-cpu/packages/ClimaCore/CYDDz/src/Limiters/quasimonotone.jl:383
┌ Warning: Limiter convergence stats:
│      `n_times_unconverged = 0`
│      `max_rel_err = 0.0`
│      `min_tracer_mass = Inf`
│ Use `warn = false` in `Limiters.apply_limiter!` to suppress this message.
└ @ ClimaCore.Limiters ~/.julia/depots/levante-cpu/packages/ClimaCore/CYDDz/src/Limiters/quasimonotone.jl:383
┌ Warning: Limiter convergence stats:
│      `n_times_unconverged = 0`
│      `max_rel_err = 0.0`
│      `min_tracer_mass = Inf`
│ Use `warn = false` in `Limiters.apply_limiter!` to suppress this message.
└ @ ClimaCore.Limiters ~/.julia/depots/levante-cpu/packages/ClimaCore/CYDDz/src/Limiters/quasimonotone.jl:383
┌ Warning: Limiter convergence stats:
│      `n_times_unconverged = 0`
│      `max_rel_err = 0.0`
│      `min_tracer_mass = Inf`
│ Use `warn = false` in `Limiters.apply_limiter!` to suppress this message.
└ @ ClimaCore.Limiters ~/.julia/depots/levante-cpu/packages/ClimaCore/CYDDz/src/Limiters/quasimonotone.jl:383
┌ Warning: Limiter convergence stats:
│      `n_times_unconverged = 0`
│      `max_rel_err = 0.0`
│      `min_tracer_mass = Inf`
│ Use `warn = false` in `Limiters.apply_limiter!` to suppress this message.
└ @ ClimaCore.Limiters ~/.julia/depots/levante-cpu/packages/ClimaCore/CYDDz/src/Limiters/quasimonotone.jl:383
┌ Warning: Limiter convergence stats:
│      `n_times_unconverged = 0`
│      `max_rel_err = 0.0`
│      `min_tracer_mass = Inf`
│ Use `warn = false` in `Limiters.apply_limiter!` to suppress this message.
└ @ ClimaCore.Limiters ~/.julia/depots/levante-cpu/packages/ClimaCore/CYDDz/src/Limiters/quasimonotone.jl:383
┌ Warning: Limiter convergence stats:
│      `n_times_unconverged = 0`
│      `max_rel_err = 0.0`
│      `min_tracer_mass = Inf`
│ Use `warn = false` in `Limiters.apply_limiter!` to suppress this message.
└ @ ClimaCore.Limiters ~/.julia/depots/levante-cpu/packages/ClimaCore/CYDDz/src/Limiters/quasimonotone.jl:383
┌ Warning: Limiter convergence stats:
│      `n_times_unconverged = 0`
│      `max_rel_err = 0.0`
│      `min_tracer_mass = Inf`
│ Use `warn = false` in `Limiters.apply_limiter!` to suppress this message.
└ @ ClimaCore.Limiters ~/.julia/depots/levante-cpu/packages/ClimaCore/CYDDz/src/Limiters/quasimonotone.jl:383
┌ Warning: Limiter convergence stats:
│      `n_times_unconverged = 0`
│      `max_rel_err = 0.0`
│      `min_tracer_mass = Inf`
│ Use `warn = false` in `Limiters.apply_limiter!` to suppress this message.
└ @ ClimaCore.Limiters ~/.julia/depots/levante-cpu/packages/ClimaCore/CYDDz/src/Limiters/quasimonotone.jl:383
┌ Warning: Limiter convergence stats:
│      `n_times_unconverged = 0`
│      `max_rel_err = 0.0`
│      `min_tracer_mass = Inf`
│ Use `warn = false` in `Limiters.apply_limiter!` to suppress this message.
└ @ ClimaCore.Limiters ~/.julia/depots/levante-cpu/packages/ClimaCore/CYDDz/src/Limiters/quasimonotone.jl:383
┌ Warning: Limiter convergence stats:
│      `n_times_unconverged = 0`
│      `max_rel_err = 0.0`
│      `min_tracer_mass = Inf`
│ Use `warn = false` in `Limiters.apply_limiter!` to suppress this message.
└ @ ClimaCore.Limiters ~/.julia/depots/levante-cpu/packages/ClimaCore/CYDDz/src/Limiters/quasimonotone.jl:383
┌ Warning: Limiter convergence stats:
│      `n_times_unconverged = 0`
│      `max_rel_err = 0.0`
│      `min_tracer_mass = Inf`
│ Use `warn = false` in `Limiters.apply_limiter!` to suppress this message.
└ @ ClimaCore.Limiters ~/.julia/depots/levante-cpu/packages/ClimaCore/CYDDz/src/Limiters/quasimonotone.jl:383
┌ Warning: Limiter convergence stats:
│      `n_times_unconverged = 0`
│      `max_rel_err = 0.0`
│      `min_tracer_mass = Inf`
│ Use `warn = false` in `Limiters.apply_limiter!` to suppress this message.
└ @ ClimaCore.Limiters ~/.julia/depots/levante-cpu/packages/ClimaCore/CYDDz/src/Limiters/quasimonotone.jl:383
┌ Warning: Limiter convergence stats:
│      `n_times_unconverged = 0`
│      `max_rel_err = 0.0`
│      `min_tracer_mass = Inf`
│ Use `warn = false` in `Limiters.apply_limiter!` to suppress this message.
└ @ ClimaCore.Limiters ~/.julia/depots/levante-cpu/packages/ClimaCore/CYDDz/src/Limiters/quasimonotone.jl:383
┌ Warning: Limiter convergence stats:
│      `n_times_unconverged = 0`
│      `max_rel_err = 0.0`
│      `min_tracer_mass = Inf`
│ Use `warn = false` in `Limiters.apply_limiter!` to suppress this message.
└ @ ClimaCore.Limiters ~/.julia/depots/levante-cpu/packages/ClimaCore/CYDDz/src/Limiters/quasimonotone.jl:383
┌ Warning: Limiter convergence stats:
│      `n_times_unconverged = 0`
│      `max_rel_err = 0.0`
│      `min_tracer_mass = Inf`
│ Use `warn = false` in `Limiters.apply_limiter!` to suppress this message.
└ @ ClimaCore.Limiters ~/.julia/depots/levante-cpu/packages/ClimaCore/CYDDz/src/Limiters/quasimonotone.jl:383
┌ Warning: Limiter convergence stats:
│      `n_times_unconverged = 0`
│      `max_rel_err = 0.0`
│      `min_tracer_mass = Inf`
│ Use `warn = false` in `Limiters.apply_limiter!` to suppress this message.
└ @ ClimaCore.Limiters ~/.julia/depots/levante-cpu/packages/ClimaCore/CYDDz/src/Limiters/quasimonotone.jl:383
┌ Warning: Limiter convergence stats:
│      `n_times_unconverged = 0`
│      `max_rel_err = 0.0`
│      `min_tracer_mass = Inf`
│ Use `warn = false` in `Limiters.apply_limiter!` to suppress this message.
└ @ ClimaCore.Limiters ~/.julia/depots/levante-cpu/packages/ClimaCore/CYDDz/src/Limiters/quasimonotone.jl:383
┌ Warning: Limiter convergence stats:
│      `n_times_unconverged = 0`
│      `max_rel_err = 0.0`
│      `min_tracer_mass = Inf`
│ Use `warn = false` in `Limiters.apply_limiter!` to suppress this message.
└ @ ClimaCore.Limiters ~/.julia/depots/levante-cpu/packages/ClimaCore/CYDDz/src/Limiters/quasimonotone.jl:383
┌ Warning: Limiter convergence stats:
│      `n_times_unconverged = 0`
│      `max_rel_err = 0.0`
│      `min_tracer_mass = Inf`
│ Use `warn = false` in `Limiters.apply_limiter!` to suppress this message.
└ @ ClimaCore.Limiters ~/.julia/depots/levante-cpu/packages/ClimaCore/CYDDz/src/Limiters/quasimonotone.jl:383
┌ Warning: Limiter convergence stats:
│      `n_times_unconverged = 0`
│      `max_rel_err = 0.0`
│      `min_tracer_mass = Inf`
│ Use `warn = false` in `Limiters.apply_limiter!` to suppress this message.
└ @ ClimaCore.Limiters ~/.julia/depots/levante-cpu/packages/ClimaCore/CYDDz/src/Limiters/quasimonotone.jl:383
┌ Warning: Limiter convergence stats:
│      `n_times_unconverged = 0`
│      `max_rel_err = 0.0`
│      `min_tracer_mass = Inf`
│ Use `warn = false` in `Limiters.apply_limiter!` to suppress this message.
└ @ ClimaCore.Limiters ~/.julia/depots/levante-cpu/packages/ClimaCore/CYDDz/src/Limiters/quasimonotone.jl:383
┌ Warning: Limiter convergence stats:
│      `n_times_unconverged = 0`
│      `max_rel_err = 0.0`
│      `min_tracer_mass = Inf`
│ Use `warn = false` in `Limiters.apply_limiter!` to suppress this message.
└ @ ClimaCore.Limiters ~/.julia/depots/levante-cpu/packages/ClimaCore/CYDDz/src/Limiters/quasimonotone.jl:383
┌ Warning: Limiter convergence stats:
│      `n_times_unconverged = 0`
│      `max_rel_err = 0.0`
│      `min_tracer_mass = Inf`
│ Use `warn = false` in `Limiters.apply_limiter!` to suppress this message.
└ @ ClimaCore.Limiters ~/.julia/depots/levante-cpu/packages/ClimaCore/CYDDz/src/Limiters/quasimonotone.jl:383
┌ Warning: Limiter convergence stats:
│      `n_times_unconverged = 0`
│      `max_rel_err = 0.0`
│      `min_tracer_mass = Inf`
│ Use `warn = false` in `Limiters.apply_limiter!` to suppress this message.
└ @ ClimaCore.Limiters ~/.julia/depots/levante-cpu/packages/ClimaCore/CYDDz/src/Limiters/quasimonotone.jl:383
┌ Warning: Limiter convergence stats:
│      `n_times_unconverged = 0`
│      `max_rel_err = 0.0`
│      `min_tracer_mass = Inf`
│ Use `warn = false` in `Limiters.apply_limiter!` to suppress this message.
└ @ ClimaCore.Limiters ~/.julia/depots/levante-cpu/packages/ClimaCore/CYDDz/src/Limiters/quasimonotone.jl:383
┌ Warning: Limiter convergence stats:
│      `n_times_unconverged = 0`
│      `max_rel_err = 0.0`
│      `min_tracer_mass = Inf`
│ Use `warn = false` in `Limiters.apply_limiter!` to suppress this message.
└ @ ClimaCore.Limiters ~/.julia/depots/levante-cpu/packages/ClimaCore/CYDDz/src/Limiters/quasimonotone.jl:383
┌ Warning: Limiter convergence stats:
│      `n_times_unconverged = 0`
│      `max_rel_err = 0.0`
│      `min_tracer_mass = Inf`
│ Use `warn = false` in `Limiters.apply_limiter!` to suppress this message.
└ @ ClimaCore.Limiters ~/.julia/depots/levante-cpu/packages/ClimaCore/CYDDz/src/Limiters/quasimonotone.jl:383
┌ Warning: Limiter convergence stats:
│      `n_times_unconverged = 0`
│      `max_rel_err = 0.0`
│      `min_tracer_mass = Inf`
│ Use `warn = false` in `Limiters.apply_limiter!` to suppress this message.
└ @ ClimaCore.Limiters ~/.julia/depots/levante-cpu/packages/ClimaCore/CYDDz/src/Limiters/quasimonotone.jl:383
┌ Warning: Limiter convergence stats:
│      `n_times_unconverged = 0`
│      `max_rel_err = 0.0`
│      `min_tracer_mass = Inf`
│ Use `warn = false` in `Limiters.apply_limiter!` to suppress this message.
└ @ ClimaCore.Limiters ~/.julia/depots/levante-cpu/packages/ClimaCore/CYDDz/src/Limiters/quasimonotone.jl:383
┌ Warning: Limiter convergence stats:
│      `n_times_unconverged = 0`
│      `max_rel_err = 0.0`
│      `min_tracer_mass = Inf`
│ Use `warn = false` in `Limiters.apply_limiter!` to suppress this message.
└ @ ClimaCore.Limiters ~/.julia/depots/levante-cpu/packages/ClimaCore/CYDDz/src/Limiters/quasimonotone.jl:383
┌ Warning: Limiter convergence stats:
│      `n_times_unconverged = 0`
│      `max_rel_err = 0.0`
│      `min_tracer_mass = Inf`
│ Use `warn = false` in `Limiters.apply_limiter!` to suppress this message.
└ @ ClimaCore.Limiters ~/.julia/depots/levante-cpu/packages/ClimaCore/CYDDz/src/Limiters/quasimonotone.jl:383
┌ Warning: Limiter convergence stats:
│      `n_times_unconverged = 0`
│      `max_rel_err = 0.0`
│      `min_tracer_mass = Inf`
│ Use `warn = false` in `Limiters.apply_limiter!` to suppress this message.
└ @ ClimaCore.Limiters ~/.julia/depots/levante-cpu/packages/ClimaCore/CYDDz/src/Limiters/quasimonotone.jl:383
┌ Warning: Limiter convergence stats:
│      `n_times_unconverged = 0`
│      `max_rel_err = 0.0`
│      `min_tracer_mass = Inf`
│ Use `warn = false` in `Limiters.apply_limiter!` to suppress this message.
└ @ ClimaCore.Limiters ~/.julia/depots/levante-cpu/packages/ClimaCore/CYDDz/src/Limiters/quasimonotone.jl:383
┌ Warning: Limiter convergence stats:
│      `n_times_unconverged = 0`
│      `max_rel_err = 0.0`
│      `min_tracer_mass = Inf`
│ Use `warn = false` in `Limiters.apply_limiter!` to suppress this message.
└ @ ClimaCore.Limiters ~/.julia/depots/levante-cpu/packages/ClimaCore/CYDDz/src/Limiters/quasimonotone.jl:383
┌ Warning: Limiter convergence stats:
│      `n_times_unconverged = 0`
│      `max_rel_err = 0.0`
│      `min_tracer_mass = Inf`
│ Use `warn = false` in `Limiters.apply_limiter!` to suppress this message.
└ @ ClimaCore.Limiters ~/.julia/depots/levante-cpu/packages/ClimaCore/CYDDz/src/Limiters/quasimonotone.jl:383
┌ Warning: Limiter convergence stats:
│      `n_times_unconverged = 0`
│      `max_rel_err = 0.0`
│      `min_tracer_mass = Inf`
│ Use `warn = false` in `Limiters.apply_limiter!` to suppress this message.
└ @ ClimaCore.Limiters ~/.julia/depots/levante-cpu/packages/ClimaCore/CYDDz/src/Limiters/quasimonotone.jl:383
┌ Warning: Limiter convergence stats:
│      `n_times_unconverged = 0`
│      `max_rel_err = 0.0`
│      `min_tracer_mass = Inf`
│ Use `warn = false` in `Limiters.apply_limiter!` to suppress this message.
└ @ ClimaCore.Limiters ~/.julia/depots/levante-cpu/packages/ClimaCore/CYDDz/src/Limiters/quasimonotone.jl:383
┌ Warning: Limiter convergence stats:
│      `n_times_unconverged = 0`
│      `max_rel_err = 0.0`
│      `min_tracer_mass = Inf`
│ Use `warn = false` in `Limiters.apply_limiter!` to suppress this message.
└ @ ClimaCore.Limiters ~/.julia/depots/levante-cpu/packages/ClimaCore/CYDDz/src/Limiters/quasimonotone.jl:383
┌ Warning: water tag closure residual 0.0002704359791035539 exceeds the configured tolerance 1.0e-10 at t = 61200.0 s. The tags no longer account for the field they partition; see output/a5_sphere_limiter/output_0001/water_tag_closure.csv.
└ @ ClimaAtmos ~/git/ClimaAtmosResiDyn.jl/src/parameterized_tendencies/tagged_tracers/tagged_tracers.jl:779
┌ Warning: water tag parent is non-positive over 35.0515248936534% of the domain volume at t = 61200.0 s, and closure will not show it. Water tags take loss in proportion to what they hold, so their shares are undefined there and the tags of those cells carry no provenance. Nothing in the model keeps `ρq_tot` non-negative: `tracer_nonnegativity_method` is off unless configured, and transport alone can take a cell below zero. Those cells have their tags emptied by `rescale_water_tags!` whenever a constraint clips the parent, so the water they held surfaces in the residual. A large fraction is worth investigating as a sign that the run is under-resolved or the timestep too long.
└ @ ClimaAtmos ~/git/ClimaAtmosResiDyn.jl/src/parameterized_tendencies/tagged_tracers/tagged_tracers.jl:788
┌ Warning: Limiter convergence stats:
│      `n_times_unconverged = 0`
│      `max_rel_err = 0.0`
│      `min_tracer_mass = Inf`
│ Use `warn = false` in `Limiters.apply_limiter!` to suppress this message.
└ @ ClimaCore.Limiters ~/.julia/depots/levante-cpu/packages/ClimaCore/CYDDz/src/Limiters/quasimonotone.jl:383
┌ Warning: Limiter convergence stats:
│      `n_times_unconverged = 0`
│      `max_rel_err = 0.0`
│      `min_tracer_mass = Inf`
│ Use `warn = false` in `Limiters.apply_limiter!` to suppress this message.
└ @ ClimaCore.Limiters ~/.julia/depots/levante-cpu/packages/ClimaCore/CYDDz/src/Limiters/quasimonotone.jl:383
┌ Warning: Limiter convergence stats:
│      `n_times_unconverged = 0`
│      `max_rel_err = 0.0`
│      `min_tracer_mass = Inf`
│ Use `warn = false` in `Limiters.apply_limiter!` to suppress this message.
└ @ ClimaCore.Limiters ~/.julia/depots/levante-cpu/packages/ClimaCore/CYDDz/src/Limiters/quasimonotone.jl:383
┌ Warning: Limiter convergence stats:
│      `n_times_unconverged = 0`
│      `max_rel_err = 0.0`
│      `min_tracer_mass = Inf`
│ Use `warn = false` in `Limiters.apply_limiter!` to suppress this message.
└ @ ClimaCore.Limiters ~/.julia/depots/levante-cpu/packages/ClimaCore/CYDDz/src/Limiters/quasimonotone.jl:383
┌ Warning: Limiter convergence stats:
│      `n_times_unconverged = 0`
│      `max_rel_err = 0.0`
│      `min_tracer_mass = Inf`
│ Use `warn = false` in `Limiters.apply_limiter!` to suppress this message.
└ @ ClimaCore.Limiters ~/.julia/depots/levante-cpu/packages/ClimaCore/CYDDz/src/Limiters/quasimonotone.jl:383
┌ Warning: Limiter convergence stats:
│      `n_times_unconverged = 0`
│      `max_rel_err = 0.0`
│      `min_tracer_mass = Inf`
│ Use `warn = false` in `Limiters.apply_limiter!` to suppress this message.
└ @ ClimaCore.Limiters ~/.julia/depots/levante-cpu/packages/ClimaCore/CYDDz/src/Limiters/quasimonotone.jl:383
┌ Warning: Limiter convergence stats:
│      `n_times_unconverged = 0`
│      `max_rel_err = 0.0`
│      `min_tracer_mass = Inf`
│ Use `warn = false` in `Limiters.apply_limiter!` to suppress this message.
└ @ ClimaCore.Limiters ~/.julia/depots/levante-cpu/packages/ClimaCore/CYDDz/src/Limiters/quasimonotone.jl:383
┌ Warning: Limiter convergence stats:
│      `n_times_unconverged = 0`
│      `max_rel_err = 0.0`
│      `min_tracer_mass = Inf`
│ Use `warn = false` in `Limiters.apply_limiter!` to suppress this message.
└ @ ClimaCore.Limiters ~/.julia/depots/levante-cpu/packages/ClimaCore/CYDDz/src/Limiters/quasimonotone.jl:383
┌ Warning: Limiter convergence stats:
│      `n_times_unconverged = 0`
│      `max_rel_err = 0.0`
│      `min_tracer_mass = Inf`
│ Use `warn = false` in `Limiters.apply_limiter!` to suppress this message.
└ @ ClimaCore.Limiters ~/.julia/depots/levante-cpu/packages/ClimaCore/CYDDz/src/Limiters/quasimonotone.jl:383
┌ Warning: Limiter convergence stats:
│      `n_times_unconverged = 0`
│      `max_rel_err = 0.0`
│      `min_tracer_mass = Inf`
│ Use `warn = false` in `Limiters.apply_limiter!` to suppress this message.
└ @ ClimaCore.Limiters ~/.julia/depots/levante-cpu/packages/ClimaCore/CYDDz/src/Limiters/quasimonotone.jl:383
┌ Warning: Limiter convergence stats:
│      `n_times_unconverged = 0`
│      `max_rel_err = 0.0`
│      `min_tracer_mass = Inf`
│ Use `warn = false` in `Limiters.apply_limiter!` to suppress this message.
└ @ ClimaCore.Limiters ~/.julia/depots/levante-cpu/packages/ClimaCore/CYDDz/src/Limiters/quasimonotone.jl:383
┌ Warning: Limiter convergence stats:
│      `n_times_unconverged = 0`
│      `max_rel_err = 0.0`
│      `min_tracer_mass = Inf`
│ Use `warn = false` in `Limiters.apply_limiter!` to suppress this message.
└ @ ClimaCore.Limiters ~/.julia/depots/levante-cpu/packages/ClimaCore/CYDDz/src/Limiters/quasimonotone.jl:383
┌ Warning: Limiter convergence stats:
│      `n_times_unconverged = 0`
│      `max_rel_err = 0.0`
│      `min_tracer_mass = Inf`
│ Use `warn = false` in `Limiters.apply_limiter!` to suppress this message.
└ @ ClimaCore.Limiters ~/.julia/depots/levante-cpu/packages/ClimaCore/CYDDz/src/Limiters/quasimonotone.jl:383
┌ Warning: Limiter convergence stats:
│      `n_times_unconverged = 0`
│      `max_rel_err = 0.0`
│      `min_tracer_mass = Inf`
│ Use `warn = false` in `Limiters.apply_limiter!` to suppress this message.
└ @ ClimaCore.Limiters ~/.julia/depots/levante-cpu/packages/ClimaCore/CYDDz/src/Limiters/quasimonotone.jl:383
┌ Warning: Limiter convergence stats:
│      `n_times_unconverged = 0`
│      `max_rel_err = 0.0`
│      `min_tracer_mass = Inf`
│ Use `warn = false` in `Limiters.apply_limiter!` to suppress this message.
└ @ ClimaCore.Limiters ~/.julia/depots/levante-cpu/packages/ClimaCore/CYDDz/src/Limiters/quasimonotone.jl:383
┌ Warning: Limiter convergence stats:
│      `n_times_unconverged = 0`
│      `max_rel_err = 0.0`
│      `min_tracer_mass = Inf`
│ Use `warn = false` in `Limiters.apply_limiter!` to suppress this message.
└ @ ClimaCore.Limiters ~/.julia/depots/levante-cpu/packages/ClimaCore/CYDDz/src/Limiters/quasimonotone.jl:383
┌ Info: Progress
│   simulation_time = "17 hours, 20 minutes"
│   n_steps_completed = 208
│   wall_time_per_step = "470 milliseconds, 364 microseconds"
│   wall_time_total = "2 minutes, 15 seconds"
│   wall_time_remaining = "37 seconds, 629 milliseconds"
│   wall_time_spent = "1 minute, 37 seconds"
│   percent_complete = "72.2%"
│   estimated_sypd = "1.746"
│   instantaneous_sypd = "1.77"
│   date_now = 2026-09-10T10:08:28.936
└   estimated_finish_date = 2026-09-10T10:09:06.936
┌ Warning: Limiter convergence stats:
│      `n_times_unconverged = 0`
│      `max_rel_err = 0.0`
│      `min_tracer_mass = Inf`
│ Use `warn = false` in `Limiters.apply_limiter!` to suppress this message.
└ @ ClimaCore.Limiters ~/.julia/depots/levante-cpu/packages/ClimaCore/CYDDz/src/Limiters/quasimonotone.jl:383
┌ Warning: Limiter convergence stats:
│      `n_times_unconverged = 0`
│      `max_rel_err = 0.0`
│      `min_tracer_mass = Inf`
│ Use `warn = false` in `Limiters.apply_limiter!` to suppress this message.
└ @ ClimaCore.Limiters ~/.julia/depots/levante-cpu/packages/ClimaCore/CYDDz/src/Limiters/quasimonotone.jl:383
┌ Warning: Limiter convergence stats:
│      `n_times_unconverged = 0`
│      `max_rel_err = 0.0`
│      `min_tracer_mass = Inf`
│ Use `warn = false` in `Limiters.apply_limiter!` to suppress this message.
└ @ ClimaCore.Limiters ~/.julia/depots/levante-cpu/packages/ClimaCore/CYDDz/src/Limiters/quasimonotone.jl:383
┌ Warning: Limiter convergence stats:
│      `n_times_unconverged = 0`
│      `max_rel_err = 0.0`
│      `min_tracer_mass = Inf`
│ Use `warn = false` in `Limiters.apply_limiter!` to suppress this message.
└ @ ClimaCore.Limiters ~/.julia/depots/levante-cpu/packages/ClimaCore/CYDDz/src/Limiters/quasimonotone.jl:383
┌ Warning: Limiter convergence stats:
│      `n_times_unconverged = 0`
│      `max_rel_err = 0.0`
│      `min_tracer_mass = Inf`
│ Use `warn = false` in `Limiters.apply_limiter!` to suppress this message.
└ @ ClimaCore.Limiters ~/.julia/depots/levante-cpu/packages/ClimaCore/CYDDz/src/Limiters/quasimonotone.jl:383
┌ Warning: Limiter convergence stats:
│      `n_times_unconverged = 0`
│      `max_rel_err = 0.0`
│      `min_tracer_mass = Inf`
│ Use `warn = false` in `Limiters.apply_limiter!` to suppress this message.
└ @ ClimaCore.Limiters ~/.julia/depots/levante-cpu/packages/ClimaCore/CYDDz/src/Limiters/quasimonotone.jl:383
┌ Warning: Limiter convergence stats:
│      `n_times_unconverged = 0`
│      `max_rel_err = 0.0`
│      `min_tracer_mass = Inf`
│ Use `warn = false` in `Limiters.apply_limiter!` to suppress this message.
└ @ ClimaCore.Limiters ~/.julia/depots/levante-cpu/packages/ClimaCore/CYDDz/src/Limiters/quasimonotone.jl:383
┌ Warning: Limiter convergence stats:
│      `n_times_unconverged = 0`
│      `max_rel_err = 0.0`
│      `min_tracer_mass = Inf`
│ Use `warn = false` in `Limiters.apply_limiter!` to suppress this message.
└ @ ClimaCore.Limiters ~/.julia/depots/levante-cpu/packages/ClimaCore/CYDDz/src/Limiters/quasimonotone.jl:383
┌ Warning: Limiter convergence stats:
│      `n_times_unconverged = 0`
│      `max_rel_err = 0.0`
│      `min_tracer_mass = Inf`
│ Use `warn = false` in `Limiters.apply_limiter!` to suppress this message.
└ @ ClimaCore.Limiters ~/.julia/depots/levante-cpu/packages/ClimaCore/CYDDz/src/Limiters/quasimonotone.jl:383
┌ Warning: Limiter convergence stats:
│      `n_times_unconverged = 0`
│      `max_rel_err = 0.0`
│      `min_tracer_mass = Inf`
│ Use `warn = false` in `Limiters.apply_limiter!` to suppress this message.
└ @ ClimaCore.Limiters ~/.julia/depots/levante-cpu/packages/ClimaCore/CYDDz/src/Limiters/quasimonotone.jl:383
┌ Warning: Limiter convergence stats:
│      `n_times_unconverged = 0`
│      `max_rel_err = 0.0`
│      `min_tracer_mass = Inf`
│ Use `warn = false` in `Limiters.apply_limiter!` to suppress this message.
└ @ ClimaCore.Limiters ~/.julia/depots/levante-cpu/packages/ClimaCore/CYDDz/src/Limiters/quasimonotone.jl:383
┌ Warning: Limiter convergence stats:
│      `n_times_unconverged = 0`
│      `max_rel_err = 0.0`
│      `min_tracer_mass = Inf`
│ Use `warn = false` in `Limiters.apply_limiter!` to suppress this message.
└ @ ClimaCore.Limiters ~/.julia/depots/levante-cpu/packages/ClimaCore/CYDDz/src/Limiters/quasimonotone.jl:383
┌ Warning: Limiter convergence stats:
│      `n_times_unconverged = 0`
│      `max_rel_err = 0.0`
│      `min_tracer_mass = Inf`
│ Use `warn = false` in `Limiters.apply_limiter!` to suppress this message.
└ @ ClimaCore.Limiters ~/.julia/depots/levante-cpu/packages/ClimaCore/CYDDz/src/Limiters/quasimonotone.jl:383
┌ Warning: Limiter convergence stats:
│      `n_times_unconverged = 0`
│      `max_rel_err = 0.0`
│      `min_tracer_mass = Inf`
│ Use `warn = false` in `Limiters.apply_limiter!` to suppress this message.
└ @ ClimaCore.Limiters ~/.julia/depots/levante-cpu/packages/ClimaCore/CYDDz/src/Limiters/quasimonotone.jl:383
┌ Warning: Limiter convergence stats:
│      `n_times_unconverged = 0`
│      `max_rel_err = 0.0`
│      `min_tracer_mass = Inf`
│ Use `warn = false` in `Limiters.apply_limiter!` to suppress this message.
└ @ ClimaCore.Limiters ~/.julia/depots/levante-cpu/packages/ClimaCore/CYDDz/src/Limiters/quasimonotone.jl:383
┌ Warning: Limiter convergence stats:
│      `n_times_unconverged = 0`
│      `max_rel_err = 0.0`
│      `min_tracer_mass = Inf`
│ Use `warn = false` in `Limiters.apply_limiter!` to suppress this message.
└ @ ClimaCore.Limiters ~/.julia/depots/levante-cpu/packages/ClimaCore/CYDDz/src/Limiters/quasimonotone.jl:383
┌ Warning: Limiter convergence stats:
│      `n_times_unconverged = 0`
│      `max_rel_err = 0.0`
│      `min_tracer_mass = Inf`
│ Use `warn = false` in `Limiters.apply_limiter!` to suppress this message.
└ @ ClimaCore.Limiters ~/.julia/depots/levante-cpu/packages/ClimaCore/CYDDz/src/Limiters/quasimonotone.jl:383
┌ Warning: Limiter convergence stats:
│      `n_times_unconverged = 0`
│      `max_rel_err = 0.0`
│      `min_tracer_mass = Inf`
│ Use `warn = false` in `Limiters.apply_limiter!` to suppress this message.
└ @ ClimaCore.Limiters ~/.julia/depots/levante-cpu/packages/ClimaCore/CYDDz/src/Limiters/quasimonotone.jl:383
┌ Warning: Limiter convergence stats:
│      `n_times_unconverged = 0`
│      `max_rel_err = 0.0`
│      `min_tracer_mass = Inf`
│ Use `warn = false` in `Limiters.apply_limiter!` to suppress this message.
└ @ ClimaCore.Limiters ~/.julia/depots/levante-cpu/packages/ClimaCore/CYDDz/src/Limiters/quasimonotone.jl:383
┌ Warning: Limiter convergence stats:
│      `n_times_unconverged = 0`
│      `max_rel_err = 0.0`
│      `min_tracer_mass = Inf`
│ Use `warn = false` in `Limiters.apply_limiter!` to suppress this message.
└ @ ClimaCore.Limiters ~/.julia/depots/levante-cpu/packages/ClimaCore/CYDDz/src/Limiters/quasimonotone.jl:383
┌ Warning: Limiter convergence stats:
│      `n_times_unconverged = 0`
│      `max_rel_err = 0.0`
│      `min_tracer_mass = Inf`
│ Use `warn = false` in `Limiters.apply_limiter!` to suppress this message.
└ @ ClimaCore.Limiters ~/.julia/depots/levante-cpu/packages/ClimaCore/CYDDz/src/Limiters/quasimonotone.jl:383
┌ Warning: Limiter convergence stats:
│      `n_times_unconverged = 0`
│      `max_rel_err = 0.0`
│      `min_tracer_mass = Inf`
│ Use `warn = false` in `Limiters.apply_limiter!` to suppress this message.
└ @ ClimaCore.Limiters ~/.julia/depots/levante-cpu/packages/ClimaCore/CYDDz/src/Limiters/quasimonotone.jl:383
┌ Warning: Limiter convergence stats:
│      `n_times_unconverged = 0`
│      `max_rel_err = 0.0`
│      `min_tracer_mass = Inf`
│ Use `warn = false` in `Limiters.apply_limiter!` to suppress this message.
└ @ ClimaCore.Limiters ~/.julia/depots/levante-cpu/packages/ClimaCore/CYDDz/src/Limiters/quasimonotone.jl:383
┌ Warning: Limiter convergence stats:
│      `n_times_unconverged = 0`
│      `max_rel_err = 0.0`
│      `min_tracer_mass = Inf`
│ Use `warn = false` in `Limiters.apply_limiter!` to suppress this message.
└ @ ClimaCore.Limiters ~/.julia/depots/levante-cpu/packages/ClimaCore/CYDDz/src/Limiters/quasimonotone.jl:383
┌ Warning: Limiter convergence stats:
│      `n_times_unconverged = 0`
│      `max_rel_err = 0.0`
│      `min_tracer_mass = Inf`
│ Use `warn = false` in `Limiters.apply_limiter!` to suppress this message.
└ @ ClimaCore.Limiters ~/.julia/depots/levante-cpu/packages/ClimaCore/CYDDz/src/Limiters/quasimonotone.jl:383
┌ Warning: Limiter convergence stats:
│      `n_times_unconverged = 0`
│      `max_rel_err = 0.0`
│      `min_tracer_mass = Inf`
│ Use `warn = false` in `Limiters.apply_limiter!` to suppress this message.
└ @ ClimaCore.Limiters ~/.julia/depots/levante-cpu/packages/ClimaCore/CYDDz/src/Limiters/quasimonotone.jl:383
┌ Warning: Limiter convergence stats:
│      `n_times_unconverged = 0`
│      `max_rel_err = 0.0`
│      `min_tracer_mass = Inf`
│ Use `warn = false` in `Limiters.apply_limiter!` to suppress this message.
└ @ ClimaCore.Limiters ~/.julia/depots/levante-cpu/packages/ClimaCore/CYDDz/src/Limiters/quasimonotone.jl:383
┌ Warning: Limiter convergence stats:
│      `n_times_unconverged = 0`
│      `max_rel_err = 0.0`
│      `min_tracer_mass = Inf`
│ Use `warn = false` in `Limiters.apply_limiter!` to suppress this message.
└ @ ClimaCore.Limiters ~/.julia/depots/levante-cpu/packages/ClimaCore/CYDDz/src/Limiters/quasimonotone.jl:383
┌ Warning: Limiter convergence stats:
│      `n_times_unconverged = 0`
│      `max_rel_err = 0.0`
│      `min_tracer_mass = Inf`
│ Use `warn = false` in `Limiters.apply_limiter!` to suppress this message.
└ @ ClimaCore.Limiters ~/.julia/depots/levante-cpu/packages/ClimaCore/CYDDz/src/Limiters/quasimonotone.jl:383
┌ Warning: Limiter convergence stats:
│      `n_times_unconverged = 0`
│      `max_rel_err = 0.0`
│      `min_tracer_mass = Inf`
│ Use `warn = false` in `Limiters.apply_limiter!` to suppress this message.
└ @ ClimaCore.Limiters ~/.julia/depots/levante-cpu/packages/ClimaCore/CYDDz/src/Limiters/quasimonotone.jl:383
┌ Warning: Limiter convergence stats:
│      `n_times_unconverged = 0`
│      `max_rel_err = 0.0`
│      `min_tracer_mass = Inf`
│ Use `warn = false` in `Limiters.apply_limiter!` to suppress this message.
└ @ ClimaCore.Limiters ~/.julia/depots/levante-cpu/packages/ClimaCore/CYDDz/src/Limiters/quasimonotone.jl:383
┌ Warning: Limiter convergence stats:
│      `n_times_unconverged = 0`
│      `max_rel_err = 0.0`
│      `min_tracer_mass = Inf`
│ Use `warn = false` in `Limiters.apply_limiter!` to suppress this message.
└ @ ClimaCore.Limiters ~/.julia/depots/levante-cpu/packages/ClimaCore/CYDDz/src/Limiters/quasimonotone.jl:383
┌ Warning: water tag closure residual 0.00027233026745892614 exceeds the configured tolerance 1.0e-10 at t = 64800.0 s. The tags no longer account for the field they partition; see output/a5_sphere_limiter/output_0001/water_tag_closure.csv.
└ @ ClimaAtmos ~/git/ClimaAtmosResiDyn.jl/src/parameterized_tendencies/tagged_tracers/tagged_tracers.jl:779
┌ Warning: water tag parent is non-positive over 35.06832402664673% of the domain volume at t = 64800.0 s, and closure will not show it. Water tags take loss in proportion to what they hold, so their shares are undefined there and the tags of those cells carry no provenance. Nothing in the model keeps `ρq_tot` non-negative: `tracer_nonnegativity_method` is off unless configured, and transport alone can take a cell below zero. Those cells have their tags emptied by `rescale_water_tags!` whenever a constraint clips the parent, so the water they held surfaces in the residual. A large fraction is worth investigating as a sign that the run is under-resolved or the timestep too long.
└ @ ClimaAtmos ~/git/ClimaAtmosResiDyn.jl/src/parameterized_tendencies/tagged_tracers/tagged_tracers.jl:788
┌ Warning: Limiter convergence stats:
│      `n_times_unconverged = 0`
│      `max_rel_err = 0.0`
│      `min_tracer_mass = Inf`
│ Use `warn = false` in `Limiters.apply_limiter!` to suppress this message.
└ @ ClimaCore.Limiters ~/.julia/depots/levante-cpu/packages/ClimaCore/CYDDz/src/Limiters/quasimonotone.jl:383
┌ Warning: Limiter convergence stats:
│      `n_times_unconverged = 0`
│      `max_rel_err = 0.0`
│      `min_tracer_mass = Inf`
│ Use `warn = false` in `Limiters.apply_limiter!` to suppress this message.
└ @ ClimaCore.Limiters ~/.julia/depots/levante-cpu/packages/ClimaCore/CYDDz/src/Limiters/quasimonotone.jl:383
┌ Warning: Limiter convergence stats:
│      `n_times_unconverged = 0`
│      `max_rel_err = 0.0`
│      `min_tracer_mass = Inf`
│ Use `warn = false` in `Limiters.apply_limiter!` to suppress this message.
└ @ ClimaCore.Limiters ~/.julia/depots/levante-cpu/packages/ClimaCore/CYDDz/src/Limiters/quasimonotone.jl:383
┌ Warning: Limiter convergence stats:
│      `n_times_unconverged = 0`
│      `max_rel_err = 0.0`
│      `min_tracer_mass = Inf`
│ Use `warn = false` in `Limiters.apply_limiter!` to suppress this message.
└ @ ClimaCore.Limiters ~/.julia/depots/levante-cpu/packages/ClimaCore/CYDDz/src/Limiters/quasimonotone.jl:383
┌ Warning: Limiter convergence stats:
│      `n_times_unconverged = 0`
│      `max_rel_err = 0.0`
│      `min_tracer_mass = Inf`
│ Use `warn = false` in `Limiters.apply_limiter!` to suppress this message.
└ @ ClimaCore.Limiters ~/.julia/depots/levante-cpu/packages/ClimaCore/CYDDz/src/Limiters/quasimonotone.jl:383
┌ Warning: Limiter convergence stats:
│      `n_times_unconverged = 0`
│      `max_rel_err = 0.0`
│      `min_tracer_mass = Inf`
│ Use `warn = false` in `Limiters.apply_limiter!` to suppress this message.
└ @ ClimaCore.Limiters ~/.julia/depots/levante-cpu/packages/ClimaCore/CYDDz/src/Limiters/quasimonotone.jl:383
┌ Warning: Limiter convergence stats:
│      `n_times_unconverged = 0`
│      `max_rel_err = 0.0`
│      `min_tracer_mass = Inf`
│ Use `warn = false` in `Limiters.apply_limiter!` to suppress this message.
└ @ ClimaCore.Limiters ~/.julia/depots/levante-cpu/packages/ClimaCore/CYDDz/src/Limiters/quasimonotone.jl:383
┌ Warning: Limiter convergence stats:
│      `n_times_unconverged = 0`
│      `max_rel_err = 0.0`
│      `min_tracer_mass = Inf`
│ Use `warn = false` in `Limiters.apply_limiter!` to suppress this message.
└ @ ClimaCore.Limiters ~/.julia/depots/levante-cpu/packages/ClimaCore/CYDDz/src/Limiters/quasimonotone.jl:383
┌ Warning: Limiter convergence stats:
│      `n_times_unconverged = 0`
│      `max_rel_err = 0.0`
│      `min_tracer_mass = Inf`
│ Use `warn = false` in `Limiters.apply_limiter!` to suppress this message.
└ @ ClimaCore.Limiters ~/.julia/depots/levante-cpu/packages/ClimaCore/CYDDz/src/Limiters/quasimonotone.jl:383
┌ Warning: Limiter convergence stats:
│      `n_times_unconverged = 0`
│      `max_rel_err = 0.0`
│      `min_tracer_mass = Inf`
│ Use `warn = false` in `Limiters.apply_limiter!` to suppress this message.
└ @ ClimaCore.Limiters ~/.julia/depots/levante-cpu/packages/ClimaCore/CYDDz/src/Limiters/quasimonotone.jl:383
┌ Warning: Limiter convergence stats:
│      `n_times_unconverged = 0`
│      `max_rel_err = 0.0`
│      `min_tracer_mass = Inf`
│ Use `warn = false` in `Limiters.apply_limiter!` to suppress this message.
└ @ ClimaCore.Limiters ~/.julia/depots/levante-cpu/packages/ClimaCore/CYDDz/src/Limiters/quasimonotone.jl:383
┌ Warning: Limiter convergence stats:
│      `n_times_unconverged = 0`
│      `max_rel_err = 0.0`
│      `min_tracer_mass = Inf`
│ Use `warn = false` in `Limiters.apply_limiter!` to suppress this message.
└ @ ClimaCore.Limiters ~/.julia/depots/levante-cpu/packages/ClimaCore/CYDDz/src/Limiters/quasimonotone.jl:383
┌ Warning: Limiter convergence stats:
│      `n_times_unconverged = 0`
│      `max_rel_err = 0.0`
│      `min_tracer_mass = Inf`
│ Use `warn = false` in `Limiters.apply_limiter!` to suppress this message.
└ @ ClimaCore.Limiters ~/.julia/depots/levante-cpu/packages/ClimaCore/CYDDz/src/Limiters/quasimonotone.jl:383
┌ Warning: Limiter convergence stats:
│      `n_times_unconverged = 0`
│      `max_rel_err = 0.0`
│      `min_tracer_mass = Inf`
│ Use `warn = false` in `Limiters.apply_limiter!` to suppress this message.
└ @ ClimaCore.Limiters ~/.julia/depots/levante-cpu/packages/ClimaCore/CYDDz/src/Limiters/quasimonotone.jl:383
┌ Warning: Limiter convergence stats:
│      `n_times_unconverged = 0`
│      `max_rel_err = 0.0`
│      `min_tracer_mass = Inf`
│ Use `warn = false` in `Limiters.apply_limiter!` to suppress this message.
└ @ ClimaCore.Limiters ~/.julia/depots/levante-cpu/packages/ClimaCore/CYDDz/src/Limiters/quasimonotone.jl:383
┌ Warning: Limiter convergence stats:
│      `n_times_unconverged = 0`
│      `max_rel_err = 0.0`
│      `min_tracer_mass = Inf`
│ Use `warn = false` in `Limiters.apply_limiter!` to suppress this message.
└ @ ClimaCore.Limiters ~/.julia/depots/levante-cpu/packages/ClimaCore/CYDDz/src/Limiters/quasimonotone.jl:383
┌ Warning: Limiter convergence stats:
│      `n_times_unconverged = 0`
│      `max_rel_err = 0.0`
│      `min_tracer_mass = Inf`
│ Use `warn = false` in `Limiters.apply_limiter!` to suppress this message.
└ @ ClimaCore.Limiters ~/.julia/depots/levante-cpu/packages/ClimaCore/CYDDz/src/Limiters/quasimonotone.jl:383
┌ Warning: Limiter convergence stats:
│      `n_times_unconverged = 0`
│      `max_rel_err = 0.0`
│      `min_tracer_mass = Inf`
│ Use `warn = false` in `Limiters.apply_limiter!` to suppress this message.
└ @ ClimaCore.Limiters ~/.julia/depots/levante-cpu/packages/ClimaCore/CYDDz/src/Limiters/quasimonotone.jl:383
┌ Warning: Limiter convergence stats:
│      `n_times_unconverged = 0`
│      `max_rel_err = 0.0`
│      `min_tracer_mass = Inf`
│ Use `warn = false` in `Limiters.apply_limiter!` to suppress this message.
└ @ ClimaCore.Limiters ~/.julia/depots/levante-cpu/packages/ClimaCore/CYDDz/src/Limiters/quasimonotone.jl:383
┌ Warning: Limiter convergence stats:
│      `n_times_unconverged = 0`
│      `max_rel_err = 0.0`
│      `min_tracer_mass = Inf`
│ Use `warn = false` in `Limiters.apply_limiter!` to suppress this message.
└ @ ClimaCore.Limiters ~/.julia/depots/levante-cpu/packages/ClimaCore/CYDDz/src/Limiters/quasimonotone.jl:383
┌ Warning: Limiter convergence stats:
│      `n_times_unconverged = 0`
│      `max_rel_err = 0.0`
│      `min_tracer_mass = Inf`
│ Use `warn = false` in `Limiters.apply_limiter!` to suppress this message.
└ @ ClimaCore.Limiters ~/.julia/depots/levante-cpu/packages/ClimaCore/CYDDz/src/Limiters/quasimonotone.jl:383
┌ Warning: Limiter convergence stats:
│      `n_times_unconverged = 0`
│      `max_rel_err = 0.0`
│      `min_tracer_mass = Inf`
│ Use `warn = false` in `Limiters.apply_limiter!` to suppress this message.
└ @ ClimaCore.Limiters ~/.julia/depots/levante-cpu/packages/ClimaCore/CYDDz/src/Limiters/quasimonotone.jl:383
┌ Warning: Limiter convergence stats:
│      `n_times_unconverged = 0`
│      `max_rel_err = 0.0`
│      `min_tracer_mass = Inf`
│ Use `warn = false` in `Limiters.apply_limiter!` to suppress this message.
└ @ ClimaCore.Limiters ~/.julia/depots/levante-cpu/packages/ClimaCore/CYDDz/src/Limiters/quasimonotone.jl:383
┌ Warning: Limiter convergence stats:
│      `n_times_unconverged = 0`
│      `max_rel_err = 0.0`
│      `min_tracer_mass = Inf`
│ Use `warn = false` in `Limiters.apply_limiter!` to suppress this message.
└ @ ClimaCore.Limiters ~/.julia/depots/levante-cpu/packages/ClimaCore/CYDDz/src/Limiters/quasimonotone.jl:383
┌ Warning: Limiter convergence stats:
│      `n_times_unconverged = 0`
│      `max_rel_err = 0.0`
│      `min_tracer_mass = Inf`
│ Use `warn = false` in `Limiters.apply_limiter!` to suppress this message.
└ @ ClimaCore.Limiters ~/.julia/depots/levante-cpu/packages/ClimaCore/CYDDz/src/Limiters/quasimonotone.jl:383
┌ Warning: Limiter convergence stats:
│      `n_times_unconverged = 0`
│      `max_rel_err = 0.0`
│      `min_tracer_mass = Inf`
│ Use `warn = false` in `Limiters.apply_limiter!` to suppress this message.
└ @ ClimaCore.Limiters ~/.julia/depots/levante-cpu/packages/ClimaCore/CYDDz/src/Limiters/quasimonotone.jl:383
┌ Warning: Limiter convergence stats:
│      `n_times_unconverged = 0`
│      `max_rel_err = 0.0`
│      `min_tracer_mass = Inf`
│ Use `warn = false` in `Limiters.apply_limiter!` to suppress this message.
└ @ ClimaCore.Limiters ~/.julia/depots/levante-cpu/packages/ClimaCore/CYDDz/src/Limiters/quasimonotone.jl:383
┌ Warning: Limiter convergence stats:
│      `n_times_unconverged = 0`
│      `max_rel_err = 0.0`
│      `min_tracer_mass = Inf`
│ Use `warn = false` in `Limiters.apply_limiter!` to suppress this message.
└ @ ClimaCore.Limiters ~/.julia/depots/levante-cpu/packages/ClimaCore/CYDDz/src/Limiters/quasimonotone.jl:383
┌ Warning: Limiter convergence stats:
│      `n_times_unconverged = 0`
│      `max_rel_err = 0.0`
│      `min_tracer_mass = Inf`
│ Use `warn = false` in `Limiters.apply_limiter!` to suppress this message.
└ @ ClimaCore.Limiters ~/.julia/depots/levante-cpu/packages/ClimaCore/CYDDz/src/Limiters/quasimonotone.jl:383
┌ Warning: Limiter convergence stats:
│      `n_times_unconverged = 0`
│      `max_rel_err = 0.0`
│      `min_tracer_mass = Inf`
│ Use `warn = false` in `Limiters.apply_limiter!` to suppress this message.
└ @ ClimaCore.Limiters ~/.julia/depots/levante-cpu/packages/ClimaCore/CYDDz/src/Limiters/quasimonotone.jl:383
┌ Warning: Limiter convergence stats:
│      `n_times_unconverged = 0`
│      `max_rel_err = 0.0`
│      `min_tracer_mass = Inf`
│ Use `warn = false` in `Limiters.apply_limiter!` to suppress this message.
└ @ ClimaCore.Limiters ~/.julia/depots/levante-cpu/packages/ClimaCore/CYDDz/src/Limiters/quasimonotone.jl:383
┌ Warning: Limiter convergence stats:
│      `n_times_unconverged = 0`
│      `max_rel_err = 0.0`
│      `min_tracer_mass = Inf`
│ Use `warn = false` in `Limiters.apply_limiter!` to suppress this message.
└ @ ClimaCore.Limiters ~/.julia/depots/levante-cpu/packages/ClimaCore/CYDDz/src/Limiters/quasimonotone.jl:383
┌ Info: Progress
│   simulation_time = "18 hours, 40 minutes"
│   n_steps_completed = 224
│   wall_time_per_step = "470 milliseconds, 329 microseconds"
│   wall_time_total = "2 minutes, 15 seconds"
│   wall_time_remaining = "30 seconds, 101 milliseconds"
│   wall_time_spent = "1 minute, 45 seconds"
│   percent_complete = "77.8%"
│   estimated_sypd = "1.746"
│   instantaneous_sypd = "1.748"
│   date_now = 2026-09-10T10:08:36.453
└   estimated_finish_date = 2026-09-10T10:09:07.453
┌ Warning: Limiter convergence stats:
│      `n_times_unconverged = 0`
│      `max_rel_err = 0.0`
│      `min_tracer_mass = Inf`
│ Use `warn = false` in `Limiters.apply_limiter!` to suppress this message.
└ @ ClimaCore.Limiters ~/.julia/depots/levante-cpu/packages/ClimaCore/CYDDz/src/Limiters/quasimonotone.jl:383
┌ Warning: Limiter convergence stats:
│      `n_times_unconverged = 0`
│      `max_rel_err = 0.0`
│      `min_tracer_mass = Inf`
│ Use `warn = false` in `Limiters.apply_limiter!` to suppress this message.
└ @ ClimaCore.Limiters ~/.julia/depots/levante-cpu/packages/ClimaCore/CYDDz/src/Limiters/quasimonotone.jl:383
┌ Warning: Limiter convergence stats:
│      `n_times_unconverged = 0`
│      `max_rel_err = 0.0`
│      `min_tracer_mass = Inf`
│ Use `warn = false` in `Limiters.apply_limiter!` to suppress this message.
└ @ ClimaCore.Limiters ~/.julia/depots/levante-cpu/packages/ClimaCore/CYDDz/src/Limiters/quasimonotone.jl:383
┌ Warning: Limiter convergence stats:
│      `n_times_unconverged = 0`
│      `max_rel_err = 0.0`
│      `min_tracer_mass = Inf`
│ Use `warn = false` in `Limiters.apply_limiter!` to suppress this message.
└ @ ClimaCore.Limiters ~/.julia/depots/levante-cpu/packages/ClimaCore/CYDDz/src/Limiters/quasimonotone.jl:383
┌ Warning: Limiter convergence stats:
│      `n_times_unconverged = 0`
│      `max_rel_err = 0.0`
│      `min_tracer_mass = Inf`
│ Use `warn = false` in `Limiters.apply_limiter!` to suppress this message.
└ @ ClimaCore.Limiters ~/.julia/depots/levante-cpu/packages/ClimaCore/CYDDz/src/Limiters/quasimonotone.jl:383
┌ Warning: Limiter convergence stats:
│      `n_times_unconverged = 0`
│      `max_rel_err = 0.0`
│      `min_tracer_mass = Inf`
│ Use `warn = false` in `Limiters.apply_limiter!` to suppress this message.
└ @ ClimaCore.Limiters ~/.julia/depots/levante-cpu/packages/ClimaCore/CYDDz/src/Limiters/quasimonotone.jl:383
┌ Warning: Limiter convergence stats:
│      `n_times_unconverged = 0`
│      `max_rel_err = 0.0`
│      `min_tracer_mass = Inf`
│ Use `warn = false` in `Limiters.apply_limiter!` to suppress this message.
└ @ ClimaCore.Limiters ~/.julia/depots/levante-cpu/packages/ClimaCore/CYDDz/src/Limiters/quasimonotone.jl:383
┌ Warning: Limiter convergence stats:
│      `n_times_unconverged = 0`
│      `max_rel_err = 0.0`
│      `min_tracer_mass = Inf`
│ Use `warn = false` in `Limiters.apply_limiter!` to suppress this message.
└ @ ClimaCore.Limiters ~/.julia/depots/levante-cpu/packages/ClimaCore/CYDDz/src/Limiters/quasimonotone.jl:383
┌ Warning: Limiter convergence stats:
│      `n_times_unconverged = 0`
│      `max_rel_err = 0.0`
│      `min_tracer_mass = Inf`
│ Use `warn = false` in `Limiters.apply_limiter!` to suppress this message.
└ @ ClimaCore.Limiters ~/.julia/depots/levante-cpu/packages/ClimaCore/CYDDz/src/Limiters/quasimonotone.jl:383
┌ Warning: Limiter convergence stats:
│      `n_times_unconverged = 0`
│      `max_rel_err = 0.0`
│      `min_tracer_mass = Inf`
│ Use `warn = false` in `Limiters.apply_limiter!` to suppress this message.
└ @ ClimaCore.Limiters ~/.julia/depots/levante-cpu/packages/ClimaCore/CYDDz/src/Limiters/quasimonotone.jl:383
┌ Warning: Limiter convergence stats:
│      `n_times_unconverged = 0`
│      `max_rel_err = 0.0`
│      `min_tracer_mass = Inf`
│ Use `warn = false` in `Limiters.apply_limiter!` to suppress this message.
└ @ ClimaCore.Limiters ~/.julia/depots/levante-cpu/packages/ClimaCore/CYDDz/src/Limiters/quasimonotone.jl:383
┌ Warning: Limiter convergence stats:
│      `n_times_unconverged = 0`
│      `max_rel_err = 0.0`
│      `min_tracer_mass = Inf`
│ Use `warn = false` in `Limiters.apply_limiter!` to suppress this message.
└ @ ClimaCore.Limiters ~/.julia/depots/levante-cpu/packages/ClimaCore/CYDDz/src/Limiters/quasimonotone.jl:383
┌ Warning: Limiter convergence stats:
│      `n_times_unconverged = 0`
│      `max_rel_err = 0.0`
│      `min_tracer_mass = Inf`
│ Use `warn = false` in `Limiters.apply_limiter!` to suppress this message.
└ @ ClimaCore.Limiters ~/.julia/depots/levante-cpu/packages/ClimaCore/CYDDz/src/Limiters/quasimonotone.jl:383
┌ Warning: Limiter convergence stats:
│      `n_times_unconverged = 0`
│      `max_rel_err = 0.0`
│      `min_tracer_mass = Inf`
│ Use `warn = false` in `Limiters.apply_limiter!` to suppress this message.
└ @ ClimaCore.Limiters ~/.julia/depots/levante-cpu/packages/ClimaCore/CYDDz/src/Limiters/quasimonotone.jl:383
┌ Warning: Limiter convergence stats:
│      `n_times_unconverged = 0`
│      `max_rel_err = 0.0`
│      `min_tracer_mass = Inf`
│ Use `warn = false` in `Limiters.apply_limiter!` to suppress this message.
└ @ ClimaCore.Limiters ~/.julia/depots/levante-cpu/packages/ClimaCore/CYDDz/src/Limiters/quasimonotone.jl:383
┌ Warning: Limiter convergence stats:
│      `n_times_unconverged = 0`
│      `max_rel_err = 0.0`
│      `min_tracer_mass = Inf`
│ Use `warn = false` in `Limiters.apply_limiter!` to suppress this message.
└ @ ClimaCore.Limiters ~/.julia/depots/levante-cpu/packages/ClimaCore/CYDDz/src/Limiters/quasimonotone.jl:383
┌ Warning: water tag closure residual 0.0002702920157420501 exceeds the configured tolerance 1.0e-10 at t = 68400.0 s. The tags no longer account for the field they partition; see output/a5_sphere_limiter/output_0001/water_tag_closure.csv.
└ @ ClimaAtmos ~/git/ClimaAtmosResiDyn.jl/src/parameterized_tendencies/tagged_tracers/tagged_tracers.jl:779
┌ Warning: water tag parent is non-positive over 35.24638755607568% of the domain volume at t = 68400.0 s, and closure will not show it. Water tags take loss in proportion to what they hold, so their shares are undefined there and the tags of those cells carry no provenance. Nothing in the model keeps `ρq_tot` non-negative: `tracer_nonnegativity_method` is off unless configured, and transport alone can take a cell below zero. Those cells have their tags emptied by `rescale_water_tags!` whenever a constraint clips the parent, so the water they held surfaces in the residual. A large fraction is worth investigating as a sign that the run is under-resolved or the timestep too long.
└ @ ClimaAtmos ~/git/ClimaAtmosResiDyn.jl/src/parameterized_tendencies/tagged_tracers/tagged_tracers.jl:788
┌ Warning: Limiter convergence stats:
│      `n_times_unconverged = 0`
│      `max_rel_err = 0.0`
│      `min_tracer_mass = Inf`
│ Use `warn = false` in `Limiters.apply_limiter!` to suppress this message.
└ @ ClimaCore.Limiters ~/.julia/depots/levante-cpu/packages/ClimaCore/CYDDz/src/Limiters/quasimonotone.jl:383
┌ Warning: Limiter convergence stats:
│      `n_times_unconverged = 0`
│      `max_rel_err = 0.0`
│      `min_tracer_mass = Inf`
│ Use `warn = false` in `Limiters.apply_limiter!` to suppress this message.
└ @ ClimaCore.Limiters ~/.julia/depots/levante-cpu/packages/ClimaCore/CYDDz/src/Limiters/quasimonotone.jl:383
┌ Warning: Limiter convergence stats:
│      `n_times_unconverged = 0`
│      `max_rel_err = 0.0`
│      `min_tracer_mass = Inf`
│ Use `warn = false` in `Limiters.apply_limiter!` to suppress this message.
└ @ ClimaCore.Limiters ~/.julia/depots/levante-cpu/packages/ClimaCore/CYDDz/src/Limiters/quasimonotone.jl:383
┌ Warning: Limiter convergence stats:
│      `n_times_unconverged = 0`
│      `max_rel_err = 0.0`
│      `min_tracer_mass = Inf`
│ Use `warn = false` in `Limiters.apply_limiter!` to suppress this message.
└ @ ClimaCore.Limiters ~/.julia/depots/levante-cpu/packages/ClimaCore/CYDDz/src/Limiters/quasimonotone.jl:383
┌ Warning: Limiter convergence stats:
│      `n_times_unconverged = 0`
│      `max_rel_err = 0.0`
│      `min_tracer_mass = Inf`
│ Use `warn = false` in `Limiters.apply_limiter!` to suppress this message.
└ @ ClimaCore.Limiters ~/.julia/depots/levante-cpu/packages/ClimaCore/CYDDz/src/Limiters/quasimonotone.jl:383
┌ Warning: Limiter convergence stats:
│      `n_times_unconverged = 0`
│      `max_rel_err = 0.0`
│      `min_tracer_mass = Inf`
│ Use `warn = false` in `Limiters.apply_limiter!` to suppress this message.
└ @ ClimaCore.Limiters ~/.julia/depots/levante-cpu/packages/ClimaCore/CYDDz/src/Limiters/quasimonotone.jl:383
┌ Warning: Limiter convergence stats:
│      `n_times_unconverged = 0`
│      `max_rel_err = 0.0`
│      `min_tracer_mass = Inf`
│ Use `warn = false` in `Limiters.apply_limiter!` to suppress this message.
└ @ ClimaCore.Limiters ~/.julia/depots/levante-cpu/packages/ClimaCore/CYDDz/src/Limiters/quasimonotone.jl:383
┌ Warning: Limiter convergence stats:
│      `n_times_unconverged = 0`
│      `max_rel_err = 0.0`
│      `min_tracer_mass = Inf`
│ Use `warn = false` in `Limiters.apply_limiter!` to suppress this message.
└ @ ClimaCore.Limiters ~/.julia/depots/levante-cpu/packages/ClimaCore/CYDDz/src/Limiters/quasimonotone.jl:383
┌ Warning: Limiter convergence stats:
│      `n_times_unconverged = 0`
│      `max_rel_err = 0.0`
│      `min_tracer_mass = Inf`
│ Use `warn = false` in `Limiters.apply_limiter!` to suppress this message.
└ @ ClimaCore.Limiters ~/.julia/depots/levante-cpu/packages/ClimaCore/CYDDz/src/Limiters/quasimonotone.jl:383
┌ Warning: Limiter convergence stats:
│      `n_times_unconverged = 0`
│      `max_rel_err = 0.0`
│      `min_tracer_mass = Inf`
│ Use `warn = false` in `Limiters.apply_limiter!` to suppress this message.
└ @ ClimaCore.Limiters ~/.julia/depots/levante-cpu/packages/ClimaCore/CYDDz/src/Limiters/quasimonotone.jl:383
┌ Warning: Limiter convergence stats:
│      `n_times_unconverged = 0`
│      `max_rel_err = 0.0`
│      `min_tracer_mass = Inf`
│ Use `warn = false` in `Limiters.apply_limiter!` to suppress this message.
└ @ ClimaCore.Limiters ~/.julia/depots/levante-cpu/packages/ClimaCore/CYDDz/src/Limiters/quasimonotone.jl:383
┌ Warning: Limiter convergence stats:
│      `n_times_unconverged = 0`
│      `max_rel_err = 0.0`
│      `min_tracer_mass = Inf`
│ Use `warn = false` in `Limiters.apply_limiter!` to suppress this message.
└ @ ClimaCore.Limiters ~/.julia/depots/levante-cpu/packages/ClimaCore/CYDDz/src/Limiters/quasimonotone.jl:383
┌ Warning: Limiter convergence stats:
│      `n_times_unconverged = 0`
│      `max_rel_err = 0.0`
│      `min_tracer_mass = Inf`
│ Use `warn = false` in `Limiters.apply_limiter!` to suppress this message.
└ @ ClimaCore.Limiters ~/.julia/depots/levante-cpu/packages/ClimaCore/CYDDz/src/Limiters/quasimonotone.jl:383
┌ Warning: Limiter convergence stats:
│      `n_times_unconverged = 0`
│      `max_rel_err = 0.0`
│      `min_tracer_mass = Inf`
│ Use `warn = false` in `Limiters.apply_limiter!` to suppress this message.
└ @ ClimaCore.Limiters ~/.julia/depots/levante-cpu/packages/ClimaCore/CYDDz/src/Limiters/quasimonotone.jl:383
┌ Warning: Limiter convergence stats:
│      `n_times_unconverged = 0`
│      `max_rel_err = 0.0`
│      `min_tracer_mass = Inf`
│ Use `warn = false` in `Limiters.apply_limiter!` to suppress this message.
└ @ ClimaCore.Limiters ~/.julia/depots/levante-cpu/packages/ClimaCore/CYDDz/src/Limiters/quasimonotone.jl:383
┌ Warning: Limiter convergence stats:
│      `n_times_unconverged = 0`
│      `max_rel_err = 0.0`
│      `min_tracer_mass = Inf`
│ Use `warn = false` in `Limiters.apply_limiter!` to suppress this message.
└ @ ClimaCore.Limiters ~/.julia/depots/levante-cpu/packages/ClimaCore/CYDDz/src/Limiters/quasimonotone.jl:383
┌ Warning: Limiter convergence stats:
│      `n_times_unconverged = 0`
│      `max_rel_err = 0.0`
│      `min_tracer_mass = Inf`
│ Use `warn = false` in `Limiters.apply_limiter!` to suppress this message.
└ @ ClimaCore.Limiters ~/.julia/depots/levante-cpu/packages/ClimaCore/CYDDz/src/Limiters/quasimonotone.jl:383
┌ Warning: Limiter convergence stats:
│      `n_times_unconverged = 0`
│      `max_rel_err = 0.0`
│      `min_tracer_mass = Inf`
│ Use `warn = false` in `Limiters.apply_limiter!` to suppress this message.
└ @ ClimaCore.Limiters ~/.julia/depots/levante-cpu/packages/ClimaCore/CYDDz/src/Limiters/quasimonotone.jl:383
┌ Warning: Limiter convergence stats:
│      `n_times_unconverged = 0`
│      `max_rel_err = 0.0`
│      `min_tracer_mass = Inf`
│ Use `warn = false` in `Limiters.apply_limiter!` to suppress this message.
└ @ ClimaCore.Limiters ~/.julia/depots/levante-cpu/packages/ClimaCore/CYDDz/src/Limiters/quasimonotone.jl:383
┌ Warning: Limiter convergence stats:
│      `n_times_unconverged = 0`
│      `max_rel_err = 0.0`
│      `min_tracer_mass = Inf`
│ Use `warn = false` in `Limiters.apply_limiter!` to suppress this message.
└ @ ClimaCore.Limiters ~/.julia/depots/levante-cpu/packages/ClimaCore/CYDDz/src/Limiters/quasimonotone.jl:383
┌ Warning: Limiter convergence stats:
│      `n_times_unconverged = 0`
│      `max_rel_err = 0.0`
│      `min_tracer_mass = Inf`
│ Use `warn = false` in `Limiters.apply_limiter!` to suppress this message.
└ @ ClimaCore.Limiters ~/.julia/depots/levante-cpu/packages/ClimaCore/CYDDz/src/Limiters/quasimonotone.jl:383
┌ Warning: Limiter convergence stats:
│      `n_times_unconverged = 0`
│      `max_rel_err = 0.0`
│      `min_tracer_mass = Inf`
│ Use `warn = false` in `Limiters.apply_limiter!` to suppress this message.
└ @ ClimaCore.Limiters ~/.julia/depots/levante-cpu/packages/ClimaCore/CYDDz/src/Limiters/quasimonotone.jl:383
┌ Warning: Limiter convergence stats:
│      `n_times_unconverged = 0`
│      `max_rel_err = 0.0`
│      `min_tracer_mass = Inf`
│ Use `warn = false` in `Limiters.apply_limiter!` to suppress this message.
└ @ ClimaCore.Limiters ~/.julia/depots/levante-cpu/packages/ClimaCore/CYDDz/src/Limiters/quasimonotone.jl:383
┌ Warning: Limiter convergence stats:
│      `n_times_unconverged = 0`
│      `max_rel_err = 0.0`
│      `min_tracer_mass = Inf`
│ Use `warn = false` in `Limiters.apply_limiter!` to suppress this message.
└ @ ClimaCore.Limiters ~/.julia/depots/levante-cpu/packages/ClimaCore/CYDDz/src/Limiters/quasimonotone.jl:383
┌ Warning: Limiter convergence stats:
│      `n_times_unconverged = 0`
│      `max_rel_err = 0.0`
│      `min_tracer_mass = Inf`
│ Use `warn = false` in `Limiters.apply_limiter!` to suppress this message.
└ @ ClimaCore.Limiters ~/.julia/depots/levante-cpu/packages/ClimaCore/CYDDz/src/Limiters/quasimonotone.jl:383
┌ Warning: Limiter convergence stats:
│      `n_times_unconverged = 0`
│      `max_rel_err = 0.0`
│      `min_tracer_mass = Inf`
│ Use `warn = false` in `Limiters.apply_limiter!` to suppress this message.
└ @ ClimaCore.Limiters ~/.julia/depots/levante-cpu/packages/ClimaCore/CYDDz/src/Limiters/quasimonotone.jl:383
┌ Warning: Limiter convergence stats:
│      `n_times_unconverged = 0`
│      `max_rel_err = 0.0`
│      `min_tracer_mass = Inf`
│ Use `warn = false` in `Limiters.apply_limiter!` to suppress this message.
└ @ ClimaCore.Limiters ~/.julia/depots/levante-cpu/packages/ClimaCore/CYDDz/src/Limiters/quasimonotone.jl:383
┌ Warning: Limiter convergence stats:
│      `n_times_unconverged = 0`
│      `max_rel_err = 0.0`
│      `min_tracer_mass = Inf`
│ Use `warn = false` in `Limiters.apply_limiter!` to suppress this message.
└ @ ClimaCore.Limiters ~/.julia/depots/levante-cpu/packages/ClimaCore/CYDDz/src/Limiters/quasimonotone.jl:383
┌ Warning: Limiter convergence stats:
│      `n_times_unconverged = 0`
│      `max_rel_err = 0.0`
│      `min_tracer_mass = Inf`
│ Use `warn = false` in `Limiters.apply_limiter!` to suppress this message.
└ @ ClimaCore.Limiters ~/.julia/depots/levante-cpu/packages/ClimaCore/CYDDz/src/Limiters/quasimonotone.jl:383
┌ Warning: Limiter convergence stats:
│      `n_times_unconverged = 0`
│      `max_rel_err = 0.0`
│      `min_tracer_mass = Inf`
│ Use `warn = false` in `Limiters.apply_limiter!` to suppress this message.
└ @ ClimaCore.Limiters ~/.julia/depots/levante-cpu/packages/ClimaCore/CYDDz/src/Limiters/quasimonotone.jl:383
┌ Warning: Limiter convergence stats:
│      `n_times_unconverged = 0`
│      `max_rel_err = 0.0`
│      `min_tracer_mass = Inf`
│ Use `warn = false` in `Limiters.apply_limiter!` to suppress this message.
└ @ ClimaCore.Limiters ~/.julia/depots/levante-cpu/packages/ClimaCore/CYDDz/src/Limiters/quasimonotone.jl:383
┌ Warning: Limiter convergence stats:
│      `n_times_unconverged = 0`
│      `max_rel_err = 0.0`
│      `min_tracer_mass = Inf`
│ Use `warn = false` in `Limiters.apply_limiter!` to suppress this message.
└ @ ClimaCore.Limiters ~/.julia/depots/levante-cpu/packages/ClimaCore/CYDDz/src/Limiters/quasimonotone.jl:383
┌ Warning: Limiter convergence stats:
│      `n_times_unconverged = 0`
│      `max_rel_err = 0.0`
│      `min_tracer_mass = Inf`
│ Use `warn = false` in `Limiters.apply_limiter!` to suppress this message.
└ @ ClimaCore.Limiters ~/.julia/depots/levante-cpu/packages/ClimaCore/CYDDz/src/Limiters/quasimonotone.jl:383
┌ Warning: Limiter convergence stats:
│      `n_times_unconverged = 0`
│      `max_rel_err = 0.0`
│      `min_tracer_mass = Inf`
│ Use `warn = false` in `Limiters.apply_limiter!` to suppress this message.
└ @ ClimaCore.Limiters ~/.julia/depots/levante-cpu/packages/ClimaCore/CYDDz/src/Limiters/quasimonotone.jl:383
┌ Warning: Limiter convergence stats:
│      `n_times_unconverged = 0`
│      `max_rel_err = 0.0`
│      `min_tracer_mass = Inf`
│ Use `warn = false` in `Limiters.apply_limiter!` to suppress this message.
└ @ ClimaCore.Limiters ~/.julia/depots/levante-cpu/packages/ClimaCore/CYDDz/src/Limiters/quasimonotone.jl:383
┌ Warning: Limiter convergence stats:
│      `n_times_unconverged = 0`
│      `max_rel_err = 0.0`
│      `min_tracer_mass = Inf`
│ Use `warn = false` in `Limiters.apply_limiter!` to suppress this message.
└ @ ClimaCore.Limiters ~/.julia/depots/levante-cpu/packages/ClimaCore/CYDDz/src/Limiters/quasimonotone.jl:383
┌ Warning: Limiter convergence stats:
│      `n_times_unconverged = 0`
│      `max_rel_err = 0.0`
│      `min_tracer_mass = Inf`
│ Use `warn = false` in `Limiters.apply_limiter!` to suppress this message.
└ @ ClimaCore.Limiters ~/.julia/depots/levante-cpu/packages/ClimaCore/CYDDz/src/Limiters/quasimonotone.jl:383
┌ Warning: Limiter convergence stats:
│      `n_times_unconverged = 0`
│      `max_rel_err = 0.0`
│      `min_tracer_mass = Inf`
│ Use `warn = false` in `Limiters.apply_limiter!` to suppress this message.
└ @ ClimaCore.Limiters ~/.julia/depots/levante-cpu/packages/ClimaCore/CYDDz/src/Limiters/quasimonotone.jl:383
┌ Warning: Limiter convergence stats:
│      `n_times_unconverged = 0`
│      `max_rel_err = 0.0`
│      `min_tracer_mass = Inf`
│ Use `warn = false` in `Limiters.apply_limiter!` to suppress this message.
└ @ ClimaCore.Limiters ~/.julia/depots/levante-cpu/packages/ClimaCore/CYDDz/src/Limiters/quasimonotone.jl:383
┌ Warning: Limiter convergence stats:
│      `n_times_unconverged = 0`
│      `max_rel_err = 0.0`
│      `min_tracer_mass = Inf`
│ Use `warn = false` in `Limiters.apply_limiter!` to suppress this message.
└ @ ClimaCore.Limiters ~/.julia/depots/levante-cpu/packages/ClimaCore/CYDDz/src/Limiters/quasimonotone.jl:383
┌ Warning: Limiter convergence stats:
│      `n_times_unconverged = 0`
│      `max_rel_err = 0.0`
│      `min_tracer_mass = Inf`
│ Use `warn = false` in `Limiters.apply_limiter!` to suppress this message.
└ @ ClimaCore.Limiters ~/.julia/depots/levante-cpu/packages/ClimaCore/CYDDz/src/Limiters/quasimonotone.jl:383
┌ Warning: Limiter convergence stats:
│      `n_times_unconverged = 0`
│      `max_rel_err = 0.0`
│      `min_tracer_mass = Inf`
│ Use `warn = false` in `Limiters.apply_limiter!` to suppress this message.
└ @ ClimaCore.Limiters ~/.julia/depots/levante-cpu/packages/ClimaCore/CYDDz/src/Limiters/quasimonotone.jl:383
┌ Warning: Limiter convergence stats:
│      `n_times_unconverged = 0`
│      `max_rel_err = 0.0`
│      `min_tracer_mass = Inf`
│ Use `warn = false` in `Limiters.apply_limiter!` to suppress this message.
└ @ ClimaCore.Limiters ~/.julia/depots/levante-cpu/packages/ClimaCore/CYDDz/src/Limiters/quasimonotone.jl:383
┌ Warning: Limiter convergence stats:
│      `n_times_unconverged = 0`
│      `max_rel_err = 0.0`
│      `min_tracer_mass = Inf`
│ Use `warn = false` in `Limiters.apply_limiter!` to suppress this message.
└ @ ClimaCore.Limiters ~/.julia/depots/levante-cpu/packages/ClimaCore/CYDDz/src/Limiters/quasimonotone.jl:383
┌ Warning: Limiter convergence stats:
│      `n_times_unconverged = 0`
│      `max_rel_err = 0.0`
│      `min_tracer_mass = Inf`
│ Use `warn = false` in `Limiters.apply_limiter!` to suppress this message.
└ @ ClimaCore.Limiters ~/.julia/depots/levante-cpu/packages/ClimaCore/CYDDz/src/Limiters/quasimonotone.jl:383
┌ Warning: Limiter convergence stats:
│      `n_times_unconverged = 0`
│      `max_rel_err = 0.0`
│      `min_tracer_mass = Inf`
│ Use `warn = false` in `Limiters.apply_limiter!` to suppress this message.
└ @ ClimaCore.Limiters ~/.julia/depots/levante-cpu/packages/ClimaCore/CYDDz/src/Limiters/quasimonotone.jl:383
┌ Warning: Limiter convergence stats:
│      `n_times_unconverged = 0`
│      `max_rel_err = 0.0`
│      `min_tracer_mass = Inf`
│ Use `warn = false` in `Limiters.apply_limiter!` to suppress this message.
└ @ ClimaCore.Limiters ~/.julia/depots/levante-cpu/packages/ClimaCore/CYDDz/src/Limiters/quasimonotone.jl:383
┌ Warning: Limiter convergence stats:
│      `n_times_unconverged = 0`
│      `max_rel_err = 0.0`
│      `min_tracer_mass = Inf`
│ Use `warn = false` in `Limiters.apply_limiter!` to suppress this message.
└ @ ClimaCore.Limiters ~/.julia/depots/levante-cpu/packages/ClimaCore/CYDDz/src/Limiters/quasimonotone.jl:383
┌ Warning: water tag closure residual 0.00026937613293717374 exceeds the configured tolerance 1.0e-10 at t = 72000.0 s. The tags no longer account for the field they partition; see output/a5_sphere_limiter/output_0001/water_tag_closure.csv.
└ @ ClimaAtmos ~/git/ClimaAtmosResiDyn.jl/src/parameterized_tendencies/tagged_tracers/tagged_tracers.jl:779
┌ Warning: water tag parent is non-positive over 35.134138179023736% of the domain volume at t = 72000.0 s, and closure will not show it. Water tags take loss in proportion to what they hold, so their shares are undefined there and the tags of those cells carry no provenance. Nothing in the model keeps `ρq_tot` non-negative: `tracer_nonnegativity_method` is off unless configured, and transport alone can take a cell below zero. Those cells have their tags emptied by `rescale_water_tags!` whenever a constraint clips the parent, so the water they held surfaces in the residual. A large fraction is worth investigating as a sign that the run is under-resolved or the timestep too long.
└ @ ClimaAtmos ~/git/ClimaAtmosResiDyn.jl/src/parameterized_tendencies/tagged_tracers/tagged_tracers.jl:788
┌ Info: Progress
│   simulation_time = "20 hours"
│   n_steps_completed = 240
│   wall_time_per_step = "470 milliseconds, 336 microseconds"
│   wall_time_total = "2 minutes, 15 seconds"
│   wall_time_remaining = "22 seconds, 576 milliseconds"
│   wall_time_spent = "1 minute, 52 seconds"
│   percent_complete = "83.3%"
│   estimated_sypd = "1.746"
│   instantaneous_sypd = "1.746"
│   date_now = 2026-09-10T10:08:43.980
└   estimated_finish_date = 2026-09-10T10:09:06.980
┌ Warning: Limiter convergence stats:
│      `n_times_unconverged = 0`
│      `max_rel_err = 0.0`
│      `min_tracer_mass = Inf`
│ Use `warn = false` in `Limiters.apply_limiter!` to suppress this message.
└ @ ClimaCore.Limiters ~/.julia/depots/levante-cpu/packages/ClimaCore/CYDDz/src/Limiters/quasimonotone.jl:383
┌ Warning: Limiter convergence stats:
│      `n_times_unconverged = 0`
│      `max_rel_err = 0.0`
│      `min_tracer_mass = Inf`
│ Use `warn = false` in `Limiters.apply_limiter!` to suppress this message.
└ @ ClimaCore.Limiters ~/.julia/depots/levante-cpu/packages/ClimaCore/CYDDz/src/Limiters/quasimonotone.jl:383
┌ Warning: Limiter convergence stats:
│      `n_times_unconverged = 0`
│      `max_rel_err = 0.0`
│      `min_tracer_mass = Inf`
│ Use `warn = false` in `Limiters.apply_limiter!` to suppress this message.
└ @ ClimaCore.Limiters ~/.julia/depots/levante-cpu/packages/ClimaCore/CYDDz/src/Limiters/quasimonotone.jl:383
┌ Warning: Limiter convergence stats:
│      `n_times_unconverged = 0`
│      `max_rel_err = 0.0`
│      `min_tracer_mass = Inf`
│ Use `warn = false` in `Limiters.apply_limiter!` to suppress this message.
└ @ ClimaCore.Limiters ~/.julia/depots/levante-cpu/packages/ClimaCore/CYDDz/src/Limiters/quasimonotone.jl:383
┌ Warning: Limiter convergence stats:
│      `n_times_unconverged = 0`
│      `max_rel_err = 0.0`
│      `min_tracer_mass = Inf`
│ Use `warn = false` in `Limiters.apply_limiter!` to suppress this message.
└ @ ClimaCore.Limiters ~/.julia/depots/levante-cpu/packages/ClimaCore/CYDDz/src/Limiters/quasimonotone.jl:383
┌ Warning: Limiter convergence stats:
│      `n_times_unconverged = 0`
│      `max_rel_err = 0.0`
│      `min_tracer_mass = Inf`
│ Use `warn = false` in `Limiters.apply_limiter!` to suppress this message.
└ @ ClimaCore.Limiters ~/.julia/depots/levante-cpu/packages/ClimaCore/CYDDz/src/Limiters/quasimonotone.jl:383
┌ Warning: Limiter convergence stats:
│      `n_times_unconverged = 0`
│      `max_rel_err = 0.0`
│      `min_tracer_mass = Inf`
│ Use `warn = false` in `Limiters.apply_limiter!` to suppress this message.
└ @ ClimaCore.Limiters ~/.julia/depots/levante-cpu/packages/ClimaCore/CYDDz/src/Limiters/quasimonotone.jl:383
┌ Warning: Limiter convergence stats:
│      `n_times_unconverged = 0`
│      `max_rel_err = 0.0`
│      `min_tracer_mass = Inf`
│ Use `warn = false` in `Limiters.apply_limiter!` to suppress this message.
└ @ ClimaCore.Limiters ~/.julia/depots/levante-cpu/packages/ClimaCore/CYDDz/src/Limiters/quasimonotone.jl:383
┌ Warning: Limiter convergence stats:
│      `n_times_unconverged = 0`
│      `max_rel_err = 0.0`
│      `min_tracer_mass = Inf`
│ Use `warn = false` in `Limiters.apply_limiter!` to suppress this message.
└ @ ClimaCore.Limiters ~/.julia/depots/levante-cpu/packages/ClimaCore/CYDDz/src/Limiters/quasimonotone.jl:383
┌ Warning: Limiter convergence stats:
│      `n_times_unconverged = 0`
│      `max_rel_err = 0.0`
│      `min_tracer_mass = Inf`
│ Use `warn = false` in `Limiters.apply_limiter!` to suppress this message.
└ @ ClimaCore.Limiters ~/.julia/depots/levante-cpu/packages/ClimaCore/CYDDz/src/Limiters/quasimonotone.jl:383
┌ Warning: Limiter convergence stats:
│      `n_times_unconverged = 0`
│      `max_rel_err = 0.0`
│      `min_tracer_mass = Inf`
│ Use `warn = false` in `Limiters.apply_limiter!` to suppress this message.
└ @ ClimaCore.Limiters ~/.julia/depots/levante-cpu/packages/ClimaCore/CYDDz/src/Limiters/quasimonotone.jl:383
┌ Warning: Limiter convergence stats:
│      `n_times_unconverged = 0`
│      `max_rel_err = 0.0`
│      `min_tracer_mass = Inf`
│ Use `warn = false` in `Limiters.apply_limiter!` to suppress this message.
└ @ ClimaCore.Limiters ~/.julia/depots/levante-cpu/packages/ClimaCore/CYDDz/src/Limiters/quasimonotone.jl:383
┌ Warning: Limiter convergence stats:
│      `n_times_unconverged = 0`
│      `max_rel_err = 0.0`
│      `min_tracer_mass = Inf`
│ Use `warn = false` in `Limiters.apply_limiter!` to suppress this message.
└ @ ClimaCore.Limiters ~/.julia/depots/levante-cpu/packages/ClimaCore/CYDDz/src/Limiters/quasimonotone.jl:383
┌ Warning: Limiter convergence stats:
│      `n_times_unconverged = 0`
│      `max_rel_err = 0.0`
│      `min_tracer_mass = Inf`
│ Use `warn = false` in `Limiters.apply_limiter!` to suppress this message.
└ @ ClimaCore.Limiters ~/.julia/depots/levante-cpu/packages/ClimaCore/CYDDz/src/Limiters/quasimonotone.jl:383
┌ Warning: Limiter convergence stats:
│      `n_times_unconverged = 0`
│      `max_rel_err = 0.0`
│      `min_tracer_mass = Inf`
│ Use `warn = false` in `Limiters.apply_limiter!` to suppress this message.
└ @ ClimaCore.Limiters ~/.julia/depots/levante-cpu/packages/ClimaCore/CYDDz/src/Limiters/quasimonotone.jl:383
┌ Warning: Limiter convergence stats:
│      `n_times_unconverged = 0`
│      `max_rel_err = 0.0`
│      `min_tracer_mass = Inf`
│ Use `warn = false` in `Limiters.apply_limiter!` to suppress this message.
└ @ ClimaCore.Limiters ~/.julia/depots/levante-cpu/packages/ClimaCore/CYDDz/src/Limiters/quasimonotone.jl:383
┌ Warning: Limiter convergence stats:
│      `n_times_unconverged = 0`
│      `max_rel_err = 0.0`
│      `min_tracer_mass = Inf`
│ Use `warn = false` in `Limiters.apply_limiter!` to suppress this message.
└ @ ClimaCore.Limiters ~/.julia/depots/levante-cpu/packages/ClimaCore/CYDDz/src/Limiters/quasimonotone.jl:383
┌ Warning: Limiter convergence stats:
│      `n_times_unconverged = 0`
│      `max_rel_err = 0.0`
│      `min_tracer_mass = Inf`
│ Use `warn = false` in `Limiters.apply_limiter!` to suppress this message.
└ @ ClimaCore.Limiters ~/.julia/depots/levante-cpu/packages/ClimaCore/CYDDz/src/Limiters/quasimonotone.jl:383
┌ Warning: Limiter convergence stats:
│      `n_times_unconverged = 0`
│      `max_rel_err = 0.0`
│      `min_tracer_mass = Inf`
│ Use `warn = false` in `Limiters.apply_limiter!` to suppress this message.
└ @ ClimaCore.Limiters ~/.julia/depots/levante-cpu/packages/ClimaCore/CYDDz/src/Limiters/quasimonotone.jl:383
┌ Warning: Limiter convergence stats:
│      `n_times_unconverged = 0`
│      `max_rel_err = 0.0`
│      `min_tracer_mass = Inf`
│ Use `warn = false` in `Limiters.apply_limiter!` to suppress this message.
└ @ ClimaCore.Limiters ~/.julia/depots/levante-cpu/packages/ClimaCore/CYDDz/src/Limiters/quasimonotone.jl:383
┌ Warning: Limiter convergence stats:
│      `n_times_unconverged = 0`
│      `max_rel_err = 0.0`
│      `min_tracer_mass = Inf`
│ Use `warn = false` in `Limiters.apply_limiter!` to suppress this message.
└ @ ClimaCore.Limiters ~/.julia/depots/levante-cpu/packages/ClimaCore/CYDDz/src/Limiters/quasimonotone.jl:383
┌ Warning: Limiter convergence stats:
│      `n_times_unconverged = 0`
│      `max_rel_err = 0.0`
│      `min_tracer_mass = Inf`
│ Use `warn = false` in `Limiters.apply_limiter!` to suppress this message.
└ @ ClimaCore.Limiters ~/.julia/depots/levante-cpu/packages/ClimaCore/CYDDz/src/Limiters/quasimonotone.jl:383
┌ Warning: Limiter convergence stats:
│      `n_times_unconverged = 0`
│      `max_rel_err = 0.0`
│      `min_tracer_mass = Inf`
│ Use `warn = false` in `Limiters.apply_limiter!` to suppress this message.
└ @ ClimaCore.Limiters ~/.julia/depots/levante-cpu/packages/ClimaCore/CYDDz/src/Limiters/quasimonotone.jl:383
┌ Warning: Limiter convergence stats:
│      `n_times_unconverged = 0`
│      `max_rel_err = 0.0`
│      `min_tracer_mass = Inf`
│ Use `warn = false` in `Limiters.apply_limiter!` to suppress this message.
└ @ ClimaCore.Limiters ~/.julia/depots/levante-cpu/packages/ClimaCore/CYDDz/src/Limiters/quasimonotone.jl:383
┌ Warning: Limiter convergence stats:
│      `n_times_unconverged = 0`
│      `max_rel_err = 0.0`
│      `min_tracer_mass = Inf`
│ Use `warn = false` in `Limiters.apply_limiter!` to suppress this message.
└ @ ClimaCore.Limiters ~/.julia/depots/levante-cpu/packages/ClimaCore/CYDDz/src/Limiters/quasimonotone.jl:383
┌ Warning: Limiter convergence stats:
│      `n_times_unconverged = 0`
│      `max_rel_err = 0.0`
│      `min_tracer_mass = Inf`
│ Use `warn = false` in `Limiters.apply_limiter!` to suppress this message.
└ @ ClimaCore.Limiters ~/.julia/depots/levante-cpu/packages/ClimaCore/CYDDz/src/Limiters/quasimonotone.jl:383
┌ Warning: Limiter convergence stats:
│      `n_times_unconverged = 0`
│      `max_rel_err = 0.0`
│      `min_tracer_mass = Inf`
│ Use `warn = false` in `Limiters.apply_limiter!` to suppress this message.
└ @ ClimaCore.Limiters ~/.julia/depots/levante-cpu/packages/ClimaCore/CYDDz/src/Limiters/quasimonotone.jl:383
┌ Warning: Limiter convergence stats:
│      `n_times_unconverged = 0`
│      `max_rel_err = 0.0`
│      `min_tracer_mass = Inf`
│ Use `warn = false` in `Limiters.apply_limiter!` to suppress this message.
└ @ ClimaCore.Limiters ~/.julia/depots/levante-cpu/packages/ClimaCore/CYDDz/src/Limiters/quasimonotone.jl:383
┌ Warning: Limiter convergence stats:
│      `n_times_unconverged = 0`
│      `max_rel_err = 0.0`
│      `min_tracer_mass = Inf`
│ Use `warn = false` in `Limiters.apply_limiter!` to suppress this message.
└ @ ClimaCore.Limiters ~/.julia/depots/levante-cpu/packages/ClimaCore/CYDDz/src/Limiters/quasimonotone.jl:383
┌ Warning: Limiter convergence stats:
│      `n_times_unconverged = 0`
│      `max_rel_err = 0.0`
│      `min_tracer_mass = Inf`
│ Use `warn = false` in `Limiters.apply_limiter!` to suppress this message.
└ @ ClimaCore.Limiters ~/.julia/depots/levante-cpu/packages/ClimaCore/CYDDz/src/Limiters/quasimonotone.jl:383
┌ Warning: Limiter convergence stats:
│      `n_times_unconverged = 0`
│      `max_rel_err = 0.0`
│      `min_tracer_mass = Inf`
│ Use `warn = false` in `Limiters.apply_limiter!` to suppress this message.
└ @ ClimaCore.Limiters ~/.julia/depots/levante-cpu/packages/ClimaCore/CYDDz/src/Limiters/quasimonotone.jl:383
┌ Warning: Limiter convergence stats:
│      `n_times_unconverged = 0`
│      `max_rel_err = 0.0`
│      `min_tracer_mass = Inf`
│ Use `warn = false` in `Limiters.apply_limiter!` to suppress this message.
└ @ ClimaCore.Limiters ~/.julia/depots/levante-cpu/packages/ClimaCore/CYDDz/src/Limiters/quasimonotone.jl:383
┌ Warning: Limiter convergence stats:
│      `n_times_unconverged = 0`
│      `max_rel_err = 0.0`
│      `min_tracer_mass = Inf`
│ Use `warn = false` in `Limiters.apply_limiter!` to suppress this message.
└ @ ClimaCore.Limiters ~/.julia/depots/levante-cpu/packages/ClimaCore/CYDDz/src/Limiters/quasimonotone.jl:383
┌ Warning: Limiter convergence stats:
│      `n_times_unconverged = 0`
│      `max_rel_err = 0.0`
│      `min_tracer_mass = Inf`
│ Use `warn = false` in `Limiters.apply_limiter!` to suppress this message.
└ @ ClimaCore.Limiters ~/.julia/depots/levante-cpu/packages/ClimaCore/CYDDz/src/Limiters/quasimonotone.jl:383
┌ Warning: Limiter convergence stats:
│      `n_times_unconverged = 0`
│      `max_rel_err = 0.0`
│      `min_tracer_mass = Inf`
│ Use `warn = false` in `Limiters.apply_limiter!` to suppress this message.
└ @ ClimaCore.Limiters ~/.julia/depots/levante-cpu/packages/ClimaCore/CYDDz/src/Limiters/quasimonotone.jl:383
┌ Warning: Limiter convergence stats:
│      `n_times_unconverged = 0`
│      `max_rel_err = 0.0`
│      `min_tracer_mass = Inf`
│ Use `warn = false` in `Limiters.apply_limiter!` to suppress this message.
└ @ ClimaCore.Limiters ~/.julia/depots/levante-cpu/packages/ClimaCore/CYDDz/src/Limiters/quasimonotone.jl:383
┌ Warning: Limiter convergence stats:
│      `n_times_unconverged = 0`
│      `max_rel_err = 0.0`
│      `min_tracer_mass = Inf`
│ Use `warn = false` in `Limiters.apply_limiter!` to suppress this message.
└ @ ClimaCore.Limiters ~/.julia/depots/levante-cpu/packages/ClimaCore/CYDDz/src/Limiters/quasimonotone.jl:383
┌ Warning: Limiter convergence stats:
│      `n_times_unconverged = 0`
│      `max_rel_err = 0.0`
│      `min_tracer_mass = Inf`
│ Use `warn = false` in `Limiters.apply_limiter!` to suppress this message.
└ @ ClimaCore.Limiters ~/.julia/depots/levante-cpu/packages/ClimaCore/CYDDz/src/Limiters/quasimonotone.jl:383
┌ Warning: Limiter convergence stats:
│      `n_times_unconverged = 0`
│      `max_rel_err = 0.0`
│      `min_tracer_mass = Inf`
│ Use `warn = false` in `Limiters.apply_limiter!` to suppress this message.
└ @ ClimaCore.Limiters ~/.julia/depots/levante-cpu/packages/ClimaCore/CYDDz/src/Limiters/quasimonotone.jl:383
┌ Warning: Limiter convergence stats:
│      `n_times_unconverged = 0`
│      `max_rel_err = 0.0`
│      `min_tracer_mass = Inf`
│ Use `warn = false` in `Limiters.apply_limiter!` to suppress this message.
└ @ ClimaCore.Limiters ~/.julia/depots/levante-cpu/packages/ClimaCore/CYDDz/src/Limiters/quasimonotone.jl:383
┌ Warning: Limiter convergence stats:
│      `n_times_unconverged = 0`
│      `max_rel_err = 0.0`
│      `min_tracer_mass = Inf`
│ Use `warn = false` in `Limiters.apply_limiter!` to suppress this message.
└ @ ClimaCore.Limiters ~/.julia/depots/levante-cpu/packages/ClimaCore/CYDDz/src/Limiters/quasimonotone.jl:383
┌ Warning: Limiter convergence stats:
│      `n_times_unconverged = 0`
│      `max_rel_err = 0.0`
│      `min_tracer_mass = Inf`
│ Use `warn = false` in `Limiters.apply_limiter!` to suppress this message.
└ @ ClimaCore.Limiters ~/.julia/depots/levante-cpu/packages/ClimaCore/CYDDz/src/Limiters/quasimonotone.jl:383
┌ Warning: Limiter convergence stats:
│      `n_times_unconverged = 0`
│      `max_rel_err = 0.0`
│      `min_tracer_mass = Inf`
│ Use `warn = false` in `Limiters.apply_limiter!` to suppress this message.
└ @ ClimaCore.Limiters ~/.julia/depots/levante-cpu/packages/ClimaCore/CYDDz/src/Limiters/quasimonotone.jl:383
┌ Warning: Limiter convergence stats:
│      `n_times_unconverged = 0`
│      `max_rel_err = 0.0`
│      `min_tracer_mass = Inf`
│ Use `warn = false` in `Limiters.apply_limiter!` to suppress this message.
└ @ ClimaCore.Limiters ~/.julia/depots/levante-cpu/packages/ClimaCore/CYDDz/src/Limiters/quasimonotone.jl:383
┌ Warning: Limiter convergence stats:
│      `n_times_unconverged = 0`
│      `max_rel_err = 0.0`
│      `min_tracer_mass = Inf`
│ Use `warn = false` in `Limiters.apply_limiter!` to suppress this message.
└ @ ClimaCore.Limiters ~/.julia/depots/levante-cpu/packages/ClimaCore/CYDDz/src/Limiters/quasimonotone.jl:383
┌ Warning: Limiter convergence stats:
│      `n_times_unconverged = 0`
│      `max_rel_err = 0.0`
│      `min_tracer_mass = Inf`
│ Use `warn = false` in `Limiters.apply_limiter!` to suppress this message.
└ @ ClimaCore.Limiters ~/.julia/depots/levante-cpu/packages/ClimaCore/CYDDz/src/Limiters/quasimonotone.jl:383
┌ Warning: Limiter convergence stats:
│      `n_times_unconverged = 0`
│      `max_rel_err = 0.0`
│      `min_tracer_mass = Inf`
│ Use `warn = false` in `Limiters.apply_limiter!` to suppress this message.
└ @ ClimaCore.Limiters ~/.julia/depots/levante-cpu/packages/ClimaCore/CYDDz/src/Limiters/quasimonotone.jl:383
┌ Warning: Limiter convergence stats:
│      `n_times_unconverged = 0`
│      `max_rel_err = 0.0`
│      `min_tracer_mass = Inf`
│ Use `warn = false` in `Limiters.apply_limiter!` to suppress this message.
└ @ ClimaCore.Limiters ~/.julia/depots/levante-cpu/packages/ClimaCore/CYDDz/src/Limiters/quasimonotone.jl:383
┌ Warning: water tag closure residual 0.00027035579099228703 exceeds the configured tolerance 1.0e-10 at t = 75600.0 s. The tags no longer account for the field they partition; see output/a5_sphere_limiter/output_0001/water_tag_closure.csv.
└ @ ClimaAtmos ~/git/ClimaAtmosResiDyn.jl/src/parameterized_tendencies/tagged_tracers/tagged_tracers.jl:779
┌ Warning: water tag parent is non-positive over 35.18872727055623% of the domain volume at t = 75600.0 s, and closure will not show it. Water tags take loss in proportion to what they hold, so their shares are undefined there and the tags of those cells carry no provenance. Nothing in the model keeps `ρq_tot` non-negative: `tracer_nonnegativity_method` is off unless configured, and transport alone can take a cell below zero. Those cells have their tags emptied by `rescale_water_tags!` whenever a constraint clips the parent, so the water they held surfaces in the residual. A large fraction is worth investigating as a sign that the run is under-resolved or the timestep too long.
└ @ ClimaAtmos ~/git/ClimaAtmosResiDyn.jl/src/parameterized_tendencies/tagged_tracers/tagged_tracers.jl:788
┌ Warning: Limiter convergence stats:
│      `n_times_unconverged = 0`
│      `max_rel_err = 0.0`
│      `min_tracer_mass = Inf`
│ Use `warn = false` in `Limiters.apply_limiter!` to suppress this message.
└ @ ClimaCore.Limiters ~/.julia/depots/levante-cpu/packages/ClimaCore/CYDDz/src/Limiters/quasimonotone.jl:383
┌ Warning: Limiter convergence stats:
│      `n_times_unconverged = 0`
│      `max_rel_err = 0.0`
│      `min_tracer_mass = Inf`
│ Use `warn = false` in `Limiters.apply_limiter!` to suppress this message.
└ @ ClimaCore.Limiters ~/.julia/depots/levante-cpu/packages/ClimaCore/CYDDz/src/Limiters/quasimonotone.jl:383
┌ Warning: Limiter convergence stats:
│      `n_times_unconverged = 0`
│      `max_rel_err = 0.0`
│      `min_tracer_mass = Inf`
│ Use `warn = false` in `Limiters.apply_limiter!` to suppress this message.
└ @ ClimaCore.Limiters ~/.julia/depots/levante-cpu/packages/ClimaCore/CYDDz/src/Limiters/quasimonotone.jl:383
┌ Warning: Limiter convergence stats:
│      `n_times_unconverged = 0`
│      `max_rel_err = 0.0`
│      `min_tracer_mass = Inf`
│ Use `warn = false` in `Limiters.apply_limiter!` to suppress this message.
└ @ ClimaCore.Limiters ~/.julia/depots/levante-cpu/packages/ClimaCore/CYDDz/src/Limiters/quasimonotone.jl:383
┌ Warning: Limiter convergence stats:
│      `n_times_unconverged = 0`
│      `max_rel_err = 0.0`
│      `min_tracer_mass = Inf`
│ Use `warn = false` in `Limiters.apply_limiter!` to suppress this message.
└ @ ClimaCore.Limiters ~/.julia/depots/levante-cpu/packages/ClimaCore/CYDDz/src/Limiters/quasimonotone.jl:383
┌ Warning: Limiter convergence stats:
│      `n_times_unconverged = 0`
│      `max_rel_err = 0.0`
│      `min_tracer_mass = Inf`
│ Use `warn = false` in `Limiters.apply_limiter!` to suppress this message.
└ @ ClimaCore.Limiters ~/.julia/depots/levante-cpu/packages/ClimaCore/CYDDz/src/Limiters/quasimonotone.jl:383
┌ Warning: Limiter convergence stats:
│      `n_times_unconverged = 0`
│      `max_rel_err = 0.0`
│      `min_tracer_mass = Inf`
│ Use `warn = false` in `Limiters.apply_limiter!` to suppress this message.
└ @ ClimaCore.Limiters ~/.julia/depots/levante-cpu/packages/ClimaCore/CYDDz/src/Limiters/quasimonotone.jl:383
┌ Warning: Limiter convergence stats:
│      `n_times_unconverged = 0`
│      `max_rel_err = 0.0`
│      `min_tracer_mass = Inf`
│ Use `warn = false` in `Limiters.apply_limiter!` to suppress this message.
└ @ ClimaCore.Limiters ~/.julia/depots/levante-cpu/packages/ClimaCore/CYDDz/src/Limiters/quasimonotone.jl:383
┌ Warning: Limiter convergence stats:
│      `n_times_unconverged = 0`
│      `max_rel_err = 0.0`
│      `min_tracer_mass = Inf`
│ Use `warn = false` in `Limiters.apply_limiter!` to suppress this message.
└ @ ClimaCore.Limiters ~/.julia/depots/levante-cpu/packages/ClimaCore/CYDDz/src/Limiters/quasimonotone.jl:383
┌ Warning: Limiter convergence stats:
│      `n_times_unconverged = 0`
│      `max_rel_err = 0.0`
│      `min_tracer_mass = Inf`
│ Use `warn = false` in `Limiters.apply_limiter!` to suppress this message.
└ @ ClimaCore.Limiters ~/.julia/depots/levante-cpu/packages/ClimaCore/CYDDz/src/Limiters/quasimonotone.jl:383
┌ Warning: Limiter convergence stats:
│      `n_times_unconverged = 0`
│      `max_rel_err = 0.0`
│      `min_tracer_mass = Inf`
│ Use `warn = false` in `Limiters.apply_limiter!` to suppress this message.
└ @ ClimaCore.Limiters ~/.julia/depots/levante-cpu/packages/ClimaCore/CYDDz/src/Limiters/quasimonotone.jl:383
┌ Warning: Limiter convergence stats:
│      `n_times_unconverged = 0`
│      `max_rel_err = 0.0`
│      `min_tracer_mass = Inf`
│ Use `warn = false` in `Limiters.apply_limiter!` to suppress this message.
└ @ ClimaCore.Limiters ~/.julia/depots/levante-cpu/packages/ClimaCore/CYDDz/src/Limiters/quasimonotone.jl:383
┌ Warning: Limiter convergence stats:
│      `n_times_unconverged = 0`
│      `max_rel_err = 0.0`
│      `min_tracer_mass = Inf`
│ Use `warn = false` in `Limiters.apply_limiter!` to suppress this message.
└ @ ClimaCore.Limiters ~/.julia/depots/levante-cpu/packages/ClimaCore/CYDDz/src/Limiters/quasimonotone.jl:383
┌ Warning: Limiter convergence stats:
│      `n_times_unconverged = 0`
│      `max_rel_err = 0.0`
│      `min_tracer_mass = Inf`
│ Use `warn = false` in `Limiters.apply_limiter!` to suppress this message.
└ @ ClimaCore.Limiters ~/.julia/depots/levante-cpu/packages/ClimaCore/CYDDz/src/Limiters/quasimonotone.jl:383
┌ Warning: Limiter convergence stats:
│      `n_times_unconverged = 0`
│      `max_rel_err = 0.0`
│      `min_tracer_mass = Inf`
│ Use `warn = false` in `Limiters.apply_limiter!` to suppress this message.
└ @ ClimaCore.Limiters ~/.julia/depots/levante-cpu/packages/ClimaCore/CYDDz/src/Limiters/quasimonotone.jl:383
┌ Warning: Limiter convergence stats:
│      `n_times_unconverged = 0`
│      `max_rel_err = 0.0`
│      `min_tracer_mass = Inf`
│ Use `warn = false` in `Limiters.apply_limiter!` to suppress this message.
└ @ ClimaCore.Limiters ~/.julia/depots/levante-cpu/packages/ClimaCore/CYDDz/src/Limiters/quasimonotone.jl:383
┌ Info: Progress
│   simulation_time = "21 hours, 20 minutes"
│   n_steps_completed = 256
│   wall_time_per_step = "471 milliseconds, 343 microseconds"
│   wall_time_total = "2 minutes, 15 seconds"
│   wall_time_remaining = "15 seconds, 82 milliseconds"
│   wall_time_spent = "2 minutes, 663 milliseconds"
│   percent_complete = "88.9%"
│   estimated_sypd = "1.743"
│   instantaneous_sypd = "1.688"
│   date_now = 2026-09-10T10:08:51.763
└   estimated_finish_date = 2026-09-10T10:09:07.763
┌ Warning: Limiter convergence stats:
│      `n_times_unconverged = 0`
│      `max_rel_err = 0.0`
│      `min_tracer_mass = Inf`
│ Use `warn = false` in `Limiters.apply_limiter!` to suppress this message.
└ @ ClimaCore.Limiters ~/.julia/depots/levante-cpu/packages/ClimaCore/CYDDz/src/Limiters/quasimonotone.jl:383
┌ Warning: Limiter convergence stats:
│      `n_times_unconverged = 0`
│      `max_rel_err = 0.0`
│      `min_tracer_mass = Inf`
│ Use `warn = false` in `Limiters.apply_limiter!` to suppress this message.
└ @ ClimaCore.Limiters ~/.julia/depots/levante-cpu/packages/ClimaCore/CYDDz/src/Limiters/quasimonotone.jl:383
┌ Warning: Limiter convergence stats:
│      `n_times_unconverged = 0`
│      `max_rel_err = 0.0`
│      `min_tracer_mass = Inf`
│ Use `warn = false` in `Limiters.apply_limiter!` to suppress this message.
└ @ ClimaCore.Limiters ~/.julia/depots/levante-cpu/packages/ClimaCore/CYDDz/src/Limiters/quasimonotone.jl:383
┌ Warning: Limiter convergence stats:
│      `n_times_unconverged = 0`
│      `max_rel_err = 0.0`
│      `min_tracer_mass = Inf`
│ Use `warn = false` in `Limiters.apply_limiter!` to suppress this message.
└ @ ClimaCore.Limiters ~/.julia/depots/levante-cpu/packages/ClimaCore/CYDDz/src/Limiters/quasimonotone.jl:383
┌ Warning: Limiter convergence stats:
│      `n_times_unconverged = 0`
│      `max_rel_err = 0.0`
│      `min_tracer_mass = Inf`
│ Use `warn = false` in `Limiters.apply_limiter!` to suppress this message.
└ @ ClimaCore.Limiters ~/.julia/depots/levante-cpu/packages/ClimaCore/CYDDz/src/Limiters/quasimonotone.jl:383
┌ Warning: Limiter convergence stats:
│      `n_times_unconverged = 0`
│      `max_rel_err = 0.0`
│      `min_tracer_mass = Inf`
│ Use `warn = false` in `Limiters.apply_limiter!` to suppress this message.
└ @ ClimaCore.Limiters ~/.julia/depots/levante-cpu/packages/ClimaCore/CYDDz/src/Limiters/quasimonotone.jl:383
┌ Warning: Limiter convergence stats:
│      `n_times_unconverged = 0`
│      `max_rel_err = 0.0`
│      `min_tracer_mass = Inf`
│ Use `warn = false` in `Limiters.apply_limiter!` to suppress this message.
└ @ ClimaCore.Limiters ~/.julia/depots/levante-cpu/packages/ClimaCore/CYDDz/src/Limiters/quasimonotone.jl:383
┌ Warning: Limiter convergence stats:
│      `n_times_unconverged = 0`
│      `max_rel_err = 0.0`
│      `min_tracer_mass = Inf`
│ Use `warn = false` in `Limiters.apply_limiter!` to suppress this message.
└ @ ClimaCore.Limiters ~/.julia/depots/levante-cpu/packages/ClimaCore/CYDDz/src/Limiters/quasimonotone.jl:383
┌ Warning: Limiter convergence stats:
│      `n_times_unconverged = 0`
│      `max_rel_err = 0.0`
│      `min_tracer_mass = Inf`
│ Use `warn = false` in `Limiters.apply_limiter!` to suppress this message.
└ @ ClimaCore.Limiters ~/.julia/depots/levante-cpu/packages/ClimaCore/CYDDz/src/Limiters/quasimonotone.jl:383
┌ Warning: Limiter convergence stats:
│      `n_times_unconverged = 0`
│      `max_rel_err = 0.0`
│      `min_tracer_mass = Inf`
│ Use `warn = false` in `Limiters.apply_limiter!` to suppress this message.
└ @ ClimaCore.Limiters ~/.julia/depots/levante-cpu/packages/ClimaCore/CYDDz/src/Limiters/quasimonotone.jl:383
┌ Warning: Limiter convergence stats:
│      `n_times_unconverged = 0`
│      `max_rel_err = 0.0`
│      `min_tracer_mass = Inf`
│ Use `warn = false` in `Limiters.apply_limiter!` to suppress this message.
└ @ ClimaCore.Limiters ~/.julia/depots/levante-cpu/packages/ClimaCore/CYDDz/src/Limiters/quasimonotone.jl:383
┌ Warning: Limiter convergence stats:
│      `n_times_unconverged = 0`
│      `max_rel_err = 0.0`
│      `min_tracer_mass = Inf`
│ Use `warn = false` in `Limiters.apply_limiter!` to suppress this message.
└ @ ClimaCore.Limiters ~/.julia/depots/levante-cpu/packages/ClimaCore/CYDDz/src/Limiters/quasimonotone.jl:383
┌ Warning: Limiter convergence stats:
│      `n_times_unconverged = 0`
│      `max_rel_err = 0.0`
│      `min_tracer_mass = Inf`
│ Use `warn = false` in `Limiters.apply_limiter!` to suppress this message.
└ @ ClimaCore.Limiters ~/.julia/depots/levante-cpu/packages/ClimaCore/CYDDz/src/Limiters/quasimonotone.jl:383
┌ Warning: Limiter convergence stats:
│      `n_times_unconverged = 0`
│      `max_rel_err = 0.0`
│      `min_tracer_mass = Inf`
│ Use `warn = false` in `Limiters.apply_limiter!` to suppress this message.
└ @ ClimaCore.Limiters ~/.julia/depots/levante-cpu/packages/ClimaCore/CYDDz/src/Limiters/quasimonotone.jl:383
┌ Warning: Limiter convergence stats:
│      `n_times_unconverged = 0`
│      `max_rel_err = 0.0`
│      `min_tracer_mass = Inf`
│ Use `warn = false` in `Limiters.apply_limiter!` to suppress this message.
└ @ ClimaCore.Limiters ~/.julia/depots/levante-cpu/packages/ClimaCore/CYDDz/src/Limiters/quasimonotone.jl:383
┌ Warning: Limiter convergence stats:
│      `n_times_unconverged = 0`
│      `max_rel_err = 0.0`
│      `min_tracer_mass = Inf`
│ Use `warn = false` in `Limiters.apply_limiter!` to suppress this message.
└ @ ClimaCore.Limiters ~/.julia/depots/levante-cpu/packages/ClimaCore/CYDDz/src/Limiters/quasimonotone.jl:383
┌ Warning: Limiter convergence stats:
│      `n_times_unconverged = 0`
│      `max_rel_err = 0.0`
│      `min_tracer_mass = Inf`
│ Use `warn = false` in `Limiters.apply_limiter!` to suppress this message.
└ @ ClimaCore.Limiters ~/.julia/depots/levante-cpu/packages/ClimaCore/CYDDz/src/Limiters/quasimonotone.jl:383
┌ Warning: Limiter convergence stats:
│      `n_times_unconverged = 0`
│      `max_rel_err = 0.0`
│      `min_tracer_mass = Inf`
│ Use `warn = false` in `Limiters.apply_limiter!` to suppress this message.
└ @ ClimaCore.Limiters ~/.julia/depots/levante-cpu/packages/ClimaCore/CYDDz/src/Limiters/quasimonotone.jl:383
┌ Warning: Limiter convergence stats:
│      `n_times_unconverged = 0`
│      `max_rel_err = 0.0`
│      `min_tracer_mass = Inf`
│ Use `warn = false` in `Limiters.apply_limiter!` to suppress this message.
└ @ ClimaCore.Limiters ~/.julia/depots/levante-cpu/packages/ClimaCore/CYDDz/src/Limiters/quasimonotone.jl:383
┌ Warning: Limiter convergence stats:
│      `n_times_unconverged = 0`
│      `max_rel_err = 0.0`
│      `min_tracer_mass = Inf`
│ Use `warn = false` in `Limiters.apply_limiter!` to suppress this message.
└ @ ClimaCore.Limiters ~/.julia/depots/levante-cpu/packages/ClimaCore/CYDDz/src/Limiters/quasimonotone.jl:383
┌ Warning: Limiter convergence stats:
│      `n_times_unconverged = 0`
│      `max_rel_err = 0.0`
│      `min_tracer_mass = Inf`
│ Use `warn = false` in `Limiters.apply_limiter!` to suppress this message.
└ @ ClimaCore.Limiters ~/.julia/depots/levante-cpu/packages/ClimaCore/CYDDz/src/Limiters/quasimonotone.jl:383
┌ Warning: Limiter convergence stats:
│      `n_times_unconverged = 0`
│      `max_rel_err = 0.0`
│      `min_tracer_mass = Inf`
│ Use `warn = false` in `Limiters.apply_limiter!` to suppress this message.
└ @ ClimaCore.Limiters ~/.julia/depots/levante-cpu/packages/ClimaCore/CYDDz/src/Limiters/quasimonotone.jl:383
┌ Warning: Limiter convergence stats:
│      `n_times_unconverged = 0`
│      `max_rel_err = 0.0`
│      `min_tracer_mass = Inf`
│ Use `warn = false` in `Limiters.apply_limiter!` to suppress this message.
└ @ ClimaCore.Limiters ~/.julia/depots/levante-cpu/packages/ClimaCore/CYDDz/src/Limiters/quasimonotone.jl:383
┌ Warning: Limiter convergence stats:
│      `n_times_unconverged = 0`
│      `max_rel_err = 0.0`
│      `min_tracer_mass = Inf`
│ Use `warn = false` in `Limiters.apply_limiter!` to suppress this message.
└ @ ClimaCore.Limiters ~/.julia/depots/levante-cpu/packages/ClimaCore/CYDDz/src/Limiters/quasimonotone.jl:383
┌ Warning: Limiter convergence stats:
│      `n_times_unconverged = 0`
│      `max_rel_err = 0.0`
│      `min_tracer_mass = Inf`
│ Use `warn = false` in `Limiters.apply_limiter!` to suppress this message.
└ @ ClimaCore.Limiters ~/.julia/depots/levante-cpu/packages/ClimaCore/CYDDz/src/Limiters/quasimonotone.jl:383
┌ Warning: Limiter convergence stats:
│      `n_times_unconverged = 0`
│      `max_rel_err = 0.0`
│      `min_tracer_mass = Inf`
│ Use `warn = false` in `Limiters.apply_limiter!` to suppress this message.
└ @ ClimaCore.Limiters ~/.julia/depots/levante-cpu/packages/ClimaCore/CYDDz/src/Limiters/quasimonotone.jl:383
┌ Warning: Limiter convergence stats:
│      `n_times_unconverged = 0`
│      `max_rel_err = 0.0`
│      `min_tracer_mass = Inf`
│ Use `warn = false` in `Limiters.apply_limiter!` to suppress this message.
└ @ ClimaCore.Limiters ~/.julia/depots/levante-cpu/packages/ClimaCore/CYDDz/src/Limiters/quasimonotone.jl:383
┌ Warning: Limiter convergence stats:
│      `n_times_unconverged = 0`
│      `max_rel_err = 0.0`
│      `min_tracer_mass = Inf`
│ Use `warn = false` in `Limiters.apply_limiter!` to suppress this message.
└ @ ClimaCore.Limiters ~/.julia/depots/levante-cpu/packages/ClimaCore/CYDDz/src/Limiters/quasimonotone.jl:383
┌ Warning: Limiter convergence stats:
│      `n_times_unconverged = 0`
│      `max_rel_err = 0.0`
│      `min_tracer_mass = Inf`
│ Use `warn = false` in `Limiters.apply_limiter!` to suppress this message.
└ @ ClimaCore.Limiters ~/.julia/depots/levante-cpu/packages/ClimaCore/CYDDz/src/Limiters/quasimonotone.jl:383
┌ Warning: Limiter convergence stats:
│      `n_times_unconverged = 0`
│      `max_rel_err = 0.0`
│      `min_tracer_mass = Inf`
│ Use `warn = false` in `Limiters.apply_limiter!` to suppress this message.
└ @ ClimaCore.Limiters ~/.julia/depots/levante-cpu/packages/ClimaCore/CYDDz/src/Limiters/quasimonotone.jl:383
┌ Warning: Limiter convergence stats:
│      `n_times_unconverged = 0`
│      `max_rel_err = 0.0`
│      `min_tracer_mass = Inf`
│ Use `warn = false` in `Limiters.apply_limiter!` to suppress this message.
└ @ ClimaCore.Limiters ~/.julia/depots/levante-cpu/packages/ClimaCore/CYDDz/src/Limiters/quasimonotone.jl:383
┌ Warning: Limiter convergence stats:
│      `n_times_unconverged = 0`
│      `max_rel_err = 0.0`
│      `min_tracer_mass = Inf`
│ Use `warn = false` in `Limiters.apply_limiter!` to suppress this message.
└ @ ClimaCore.Limiters ~/.julia/depots/levante-cpu/packages/ClimaCore/CYDDz/src/Limiters/quasimonotone.jl:383
┌ Warning: water tag closure residual 0.0002757403304249348 exceeds the configured tolerance 1.0e-10 at t = 79200.0 s. The tags no longer account for the field they partition; see output/a5_sphere_limiter/output_0001/water_tag_closure.csv.
└ @ ClimaAtmos ~/git/ClimaAtmosResiDyn.jl/src/parameterized_tendencies/tagged_tracers/tagged_tracers.jl:779
┌ Warning: water tag parent is non-positive over 35.079716420015565% of the domain volume at t = 79200.0 s, and closure will not show it. Water tags take loss in proportion to what they hold, so their shares are undefined there and the tags of those cells carry no provenance. Nothing in the model keeps `ρq_tot` non-negative: `tracer_nonnegativity_method` is off unless configured, and transport alone can take a cell below zero. Those cells have their tags emptied by `rescale_water_tags!` whenever a constraint clips the parent, so the water they held surfaces in the residual. A large fraction is worth investigating as a sign that the run is under-resolved or the timestep too long.
└ @ ClimaAtmos ~/git/ClimaAtmosResiDyn.jl/src/parameterized_tendencies/tagged_tracers/tagged_tracers.jl:788
┌ Warning: Limiter convergence stats:
│      `n_times_unconverged = 0`
│      `max_rel_err = 0.0`
│      `min_tracer_mass = Inf`
│ Use `warn = false` in `Limiters.apply_limiter!` to suppress this message.
└ @ ClimaCore.Limiters ~/.julia/depots/levante-cpu/packages/ClimaCore/CYDDz/src/Limiters/quasimonotone.jl:383
┌ Warning: Limiter convergence stats:
│      `n_times_unconverged = 0`
│      `max_rel_err = 0.0`
│      `min_tracer_mass = Inf`
│ Use `warn = false` in `Limiters.apply_limiter!` to suppress this message.
└ @ ClimaCore.Limiters ~/.julia/depots/levante-cpu/packages/ClimaCore/CYDDz/src/Limiters/quasimonotone.jl:383
┌ Warning: Limiter convergence stats:
│      `n_times_unconverged = 0`
│      `max_rel_err = 0.0`
│      `min_tracer_mass = Inf`
│ Use `warn = false` in `Limiters.apply_limiter!` to suppress this message.
└ @ ClimaCore.Limiters ~/.julia/depots/levante-cpu/packages/ClimaCore/CYDDz/src/Limiters/quasimonotone.jl:383
┌ Warning: Limiter convergence stats:
│      `n_times_unconverged = 0`
│      `max_rel_err = 0.0`
│      `min_tracer_mass = Inf`
│ Use `warn = false` in `Limiters.apply_limiter!` to suppress this message.
└ @ ClimaCore.Limiters ~/.julia/depots/levante-cpu/packages/ClimaCore/CYDDz/src/Limiters/quasimonotone.jl:383
┌ Warning: Limiter convergence stats:
│      `n_times_unconverged = 0`
│      `max_rel_err = 0.0`
│      `min_tracer_mass = Inf`
│ Use `warn = false` in `Limiters.apply_limiter!` to suppress this message.
└ @ ClimaCore.Limiters ~/.julia/depots/levante-cpu/packages/ClimaCore/CYDDz/src/Limiters/quasimonotone.jl:383
┌ Warning: Limiter convergence stats:
│      `n_times_unconverged = 0`
│      `max_rel_err = 0.0`
│      `min_tracer_mass = Inf`
│ Use `warn = false` in `Limiters.apply_limiter!` to suppress this message.
└ @ ClimaCore.Limiters ~/.julia/depots/levante-cpu/packages/ClimaCore/CYDDz/src/Limiters/quasimonotone.jl:383
┌ Warning: Limiter convergence stats:
│      `n_times_unconverged = 0`
│      `max_rel_err = 0.0`
│      `min_tracer_mass = Inf`
│ Use `warn = false` in `Limiters.apply_limiter!` to suppress this message.
└ @ ClimaCore.Limiters ~/.julia/depots/levante-cpu/packages/ClimaCore/CYDDz/src/Limiters/quasimonotone.jl:383
┌ Warning: Limiter convergence stats:
│      `n_times_unconverged = 0`
│      `max_rel_err = 0.0`
│      `min_tracer_mass = Inf`
│ Use `warn = false` in `Limiters.apply_limiter!` to suppress this message.
└ @ ClimaCore.Limiters ~/.julia/depots/levante-cpu/packages/ClimaCore/CYDDz/src/Limiters/quasimonotone.jl:383
┌ Warning: Limiter convergence stats:
│      `n_times_unconverged = 0`
│      `max_rel_err = 0.0`
│      `min_tracer_mass = Inf`
│ Use `warn = false` in `Limiters.apply_limiter!` to suppress this message.
└ @ ClimaCore.Limiters ~/.julia/depots/levante-cpu/packages/ClimaCore/CYDDz/src/Limiters/quasimonotone.jl:383
┌ Warning: Limiter convergence stats:
│      `n_times_unconverged = 0`
│      `max_rel_err = 0.0`
│      `min_tracer_mass = Inf`
│ Use `warn = false` in `Limiters.apply_limiter!` to suppress this message.
└ @ ClimaCore.Limiters ~/.julia/depots/levante-cpu/packages/ClimaCore/CYDDz/src/Limiters/quasimonotone.jl:383
┌ Warning: Limiter convergence stats:
│      `n_times_unconverged = 0`
│      `max_rel_err = 0.0`
│      `min_tracer_mass = Inf`
│ Use `warn = false` in `Limiters.apply_limiter!` to suppress this message.
└ @ ClimaCore.Limiters ~/.julia/depots/levante-cpu/packages/ClimaCore/CYDDz/src/Limiters/quasimonotone.jl:383
┌ Warning: Limiter convergence stats:
│      `n_times_unconverged = 0`
│      `max_rel_err = 0.0`
│      `min_tracer_mass = Inf`
│ Use `warn = false` in `Limiters.apply_limiter!` to suppress this message.
└ @ ClimaCore.Limiters ~/.julia/depots/levante-cpu/packages/ClimaCore/CYDDz/src/Limiters/quasimonotone.jl:383
┌ Warning: Limiter convergence stats:
│      `n_times_unconverged = 0`
│      `max_rel_err = 0.0`
│      `min_tracer_mass = Inf`
│ Use `warn = false` in `Limiters.apply_limiter!` to suppress this message.
└ @ ClimaCore.Limiters ~/.julia/depots/levante-cpu/packages/ClimaCore/CYDDz/src/Limiters/quasimonotone.jl:383
┌ Warning: Limiter convergence stats:
│      `n_times_unconverged = 0`
│      `max_rel_err = 0.0`
│      `min_tracer_mass = Inf`
│ Use `warn = false` in `Limiters.apply_limiter!` to suppress this message.
└ @ ClimaCore.Limiters ~/.julia/depots/levante-cpu/packages/ClimaCore/CYDDz/src/Limiters/quasimonotone.jl:383
┌ Warning: Limiter convergence stats:
│      `n_times_unconverged = 0`
│      `max_rel_err = 0.0`
│      `min_tracer_mass = Inf`
│ Use `warn = false` in `Limiters.apply_limiter!` to suppress this message.
└ @ ClimaCore.Limiters ~/.julia/depots/levante-cpu/packages/ClimaCore/CYDDz/src/Limiters/quasimonotone.jl:383
┌ Warning: Limiter convergence stats:
│      `n_times_unconverged = 0`
│      `max_rel_err = 0.0`
│      `min_tracer_mass = Inf`
│ Use `warn = false` in `Limiters.apply_limiter!` to suppress this message.
└ @ ClimaCore.Limiters ~/.julia/depots/levante-cpu/packages/ClimaCore/CYDDz/src/Limiters/quasimonotone.jl:383
┌ Warning: Limiter convergence stats:
│      `n_times_unconverged = 0`
│      `max_rel_err = 0.0`
│      `min_tracer_mass = Inf`
│ Use `warn = false` in `Limiters.apply_limiter!` to suppress this message.
└ @ ClimaCore.Limiters ~/.julia/depots/levante-cpu/packages/ClimaCore/CYDDz/src/Limiters/quasimonotone.jl:383
┌ Warning: Limiter convergence stats:
│      `n_times_unconverged = 0`
│      `max_rel_err = 0.0`
│      `min_tracer_mass = Inf`
│ Use `warn = false` in `Limiters.apply_limiter!` to suppress this message.
└ @ ClimaCore.Limiters ~/.julia/depots/levante-cpu/packages/ClimaCore/CYDDz/src/Limiters/quasimonotone.jl:383
┌ Warning: Limiter convergence stats:
│      `n_times_unconverged = 0`
│      `max_rel_err = 0.0`
│      `min_tracer_mass = Inf`
│ Use `warn = false` in `Limiters.apply_limiter!` to suppress this message.
└ @ ClimaCore.Limiters ~/.julia/depots/levante-cpu/packages/ClimaCore/CYDDz/src/Limiters/quasimonotone.jl:383
┌ Warning: Limiter convergence stats:
│      `n_times_unconverged = 0`
│      `max_rel_err = 0.0`
│      `min_tracer_mass = Inf`
│ Use `warn = false` in `Limiters.apply_limiter!` to suppress this message.
└ @ ClimaCore.Limiters ~/.julia/depots/levante-cpu/packages/ClimaCore/CYDDz/src/Limiters/quasimonotone.jl:383
┌ Warning: Limiter convergence stats:
│      `n_times_unconverged = 0`
│      `max_rel_err = 0.0`
│      `min_tracer_mass = Inf`
│ Use `warn = false` in `Limiters.apply_limiter!` to suppress this message.
└ @ ClimaCore.Limiters ~/.julia/depots/levante-cpu/packages/ClimaCore/CYDDz/src/Limiters/quasimonotone.jl:383
┌ Warning: Limiter convergence stats:
│      `n_times_unconverged = 0`
│      `max_rel_err = 0.0`
│      `min_tracer_mass = Inf`
│ Use `warn = false` in `Limiters.apply_limiter!` to suppress this message.
└ @ ClimaCore.Limiters ~/.julia/depots/levante-cpu/packages/ClimaCore/CYDDz/src/Limiters/quasimonotone.jl:383
┌ Warning: Limiter convergence stats:
│      `n_times_unconverged = 0`
│      `max_rel_err = 0.0`
│      `min_tracer_mass = Inf`
│ Use `warn = false` in `Limiters.apply_limiter!` to suppress this message.
└ @ ClimaCore.Limiters ~/.julia/depots/levante-cpu/packages/ClimaCore/CYDDz/src/Limiters/quasimonotone.jl:383
┌ Warning: Limiter convergence stats:
│      `n_times_unconverged = 0`
│      `max_rel_err = 0.0`
│      `min_tracer_mass = Inf`
│ Use `warn = false` in `Limiters.apply_limiter!` to suppress this message.
└ @ ClimaCore.Limiters ~/.julia/depots/levante-cpu/packages/ClimaCore/CYDDz/src/Limiters/quasimonotone.jl:383
┌ Warning: Limiter convergence stats:
│      `n_times_unconverged = 0`
│      `max_rel_err = 0.0`
│      `min_tracer_mass = Inf`
│ Use `warn = false` in `Limiters.apply_limiter!` to suppress this message.
└ @ ClimaCore.Limiters ~/.julia/depots/levante-cpu/packages/ClimaCore/CYDDz/src/Limiters/quasimonotone.jl:383
┌ Warning: Limiter convergence stats:
│      `n_times_unconverged = 0`
│      `max_rel_err = 0.0`
│      `min_tracer_mass = Inf`
│ Use `warn = false` in `Limiters.apply_limiter!` to suppress this message.
└ @ ClimaCore.Limiters ~/.julia/depots/levante-cpu/packages/ClimaCore/CYDDz/src/Limiters/quasimonotone.jl:383
┌ Warning: Limiter convergence stats:
│      `n_times_unconverged = 0`
│      `max_rel_err = 0.0`
│      `min_tracer_mass = Inf`
│ Use `warn = false` in `Limiters.apply_limiter!` to suppress this message.
└ @ ClimaCore.Limiters ~/.julia/depots/levante-cpu/packages/ClimaCore/CYDDz/src/Limiters/quasimonotone.jl:383
┌ Warning: Limiter convergence stats:
│      `n_times_unconverged = 0`
│      `max_rel_err = 0.0`
│      `min_tracer_mass = Inf`
│ Use `warn = false` in `Limiters.apply_limiter!` to suppress this message.
└ @ ClimaCore.Limiters ~/.julia/depots/levante-cpu/packages/ClimaCore/CYDDz/src/Limiters/quasimonotone.jl:383
┌ Warning: Limiter convergence stats:
│      `n_times_unconverged = 0`
│      `max_rel_err = 0.0`
│      `min_tracer_mass = Inf`
│ Use `warn = false` in `Limiters.apply_limiter!` to suppress this message.
└ @ ClimaCore.Limiters ~/.julia/depots/levante-cpu/packages/ClimaCore/CYDDz/src/Limiters/quasimonotone.jl:383
┌ Warning: Limiter convergence stats:
│      `n_times_unconverged = 0`
│      `max_rel_err = 0.0`
│      `min_tracer_mass = Inf`
│ Use `warn = false` in `Limiters.apply_limiter!` to suppress this message.
└ @ ClimaCore.Limiters ~/.julia/depots/levante-cpu/packages/ClimaCore/CYDDz/src/Limiters/quasimonotone.jl:383
┌ Warning: Limiter convergence stats:
│      `n_times_unconverged = 0`
│      `max_rel_err = 0.0`
│      `min_tracer_mass = Inf`
│ Use `warn = false` in `Limiters.apply_limiter!` to suppress this message.
└ @ ClimaCore.Limiters ~/.julia/depots/levante-cpu/packages/ClimaCore/CYDDz/src/Limiters/quasimonotone.jl:383
┌ Warning: Limiter convergence stats:
│      `n_times_unconverged = 0`
│      `max_rel_err = 0.0`
│      `min_tracer_mass = Inf`
│ Use `warn = false` in `Limiters.apply_limiter!` to suppress this message.
└ @ ClimaCore.Limiters ~/.julia/depots/levante-cpu/packages/ClimaCore/CYDDz/src/Limiters/quasimonotone.jl:383
┌ Info: Progress
│   simulation_time = "22 hours, 40 minutes"
│   n_steps_completed = 272
│   wall_time_per_step = "470 milliseconds, 645 microseconds"
│   wall_time_total = "2 minutes, 15 seconds"
│   wall_time_remaining = "7 seconds, 530 milliseconds"
│   wall_time_spent = "2 minutes, 8 seconds"
│   percent_complete = "94.4%"
│   estimated_sypd = "1.745"
│   instantaneous_sypd = "1.788"
│   date_now = 2026-09-10T10:08:59.115
└   estimated_finish_date = 2026-09-10T10:09:07.115
┌ Warning: Limiter convergence stats:
│      `n_times_unconverged = 0`
│      `max_rel_err = 0.0`
│      `min_tracer_mass = Inf`
│ Use `warn = false` in `Limiters.apply_limiter!` to suppress this message.
└ @ ClimaCore.Limiters ~/.julia/depots/levante-cpu/packages/ClimaCore/CYDDz/src/Limiters/quasimonotone.jl:383
┌ Warning: Limiter convergence stats:
│      `n_times_unconverged = 0`
│      `max_rel_err = 0.0`
│      `min_tracer_mass = Inf`
│ Use `warn = false` in `Limiters.apply_limiter!` to suppress this message.
└ @ ClimaCore.Limiters ~/.julia/depots/levante-cpu/packages/ClimaCore/CYDDz/src/Limiters/quasimonotone.jl:383
┌ Warning: Limiter convergence stats:
│      `n_times_unconverged = 0`
│      `max_rel_err = 0.0`
│      `min_tracer_mass = Inf`
│ Use `warn = false` in `Limiters.apply_limiter!` to suppress this message.
└ @ ClimaCore.Limiters ~/.julia/depots/levante-cpu/packages/ClimaCore/CYDDz/src/Limiters/quasimonotone.jl:383
┌ Warning: Limiter convergence stats:
│      `n_times_unconverged = 0`
│      `max_rel_err = 0.0`
│      `min_tracer_mass = Inf`
│ Use `warn = false` in `Limiters.apply_limiter!` to suppress this message.
└ @ ClimaCore.Limiters ~/.julia/depots/levante-cpu/packages/ClimaCore/CYDDz/src/Limiters/quasimonotone.jl:383
┌ Warning: Limiter convergence stats:
│      `n_times_unconverged = 0`
│      `max_rel_err = 0.0`
│      `min_tracer_mass = Inf`
│ Use `warn = false` in `Limiters.apply_limiter!` to suppress this message.
└ @ ClimaCore.Limiters ~/.julia/depots/levante-cpu/packages/ClimaCore/CYDDz/src/Limiters/quasimonotone.jl:383
┌ Warning: Limiter convergence stats:
│      `n_times_unconverged = 0`
│      `max_rel_err = 0.0`
│      `min_tracer_mass = Inf`
│ Use `warn = false` in `Limiters.apply_limiter!` to suppress this message.
└ @ ClimaCore.Limiters ~/.julia/depots/levante-cpu/packages/ClimaCore/CYDDz/src/Limiters/quasimonotone.jl:383
┌ Warning: Limiter convergence stats:
│      `n_times_unconverged = 0`
│      `max_rel_err = 0.0`
│      `min_tracer_mass = Inf`
│ Use `warn = false` in `Limiters.apply_limiter!` to suppress this message.
└ @ ClimaCore.Limiters ~/.julia/depots/levante-cpu/packages/ClimaCore/CYDDz/src/Limiters/quasimonotone.jl:383
┌ Warning: Limiter convergence stats:
│      `n_times_unconverged = 0`
│      `max_rel_err = 0.0`
│      `min_tracer_mass = Inf`
│ Use `warn = false` in `Limiters.apply_limiter!` to suppress this message.
└ @ ClimaCore.Limiters ~/.julia/depots/levante-cpu/packages/ClimaCore/CYDDz/src/Limiters/quasimonotone.jl:383
┌ Warning: Limiter convergence stats:
│      `n_times_unconverged = 0`
│      `max_rel_err = 0.0`
│      `min_tracer_mass = Inf`
│ Use `warn = false` in `Limiters.apply_limiter!` to suppress this message.
└ @ ClimaCore.Limiters ~/.julia/depots/levante-cpu/packages/ClimaCore/CYDDz/src/Limiters/quasimonotone.jl:383
┌ Warning: Limiter convergence stats:
│      `n_times_unconverged = 0`
│      `max_rel_err = 0.0`
│      `min_tracer_mass = Inf`
│ Use `warn = false` in `Limiters.apply_limiter!` to suppress this message.
└ @ ClimaCore.Limiters ~/.julia/depots/levante-cpu/packages/ClimaCore/CYDDz/src/Limiters/quasimonotone.jl:383
┌ Warning: Limiter convergence stats:
│      `n_times_unconverged = 0`
│      `max_rel_err = 0.0`
│      `min_tracer_mass = Inf`
│ Use `warn = false` in `Limiters.apply_limiter!` to suppress this message.
└ @ ClimaCore.Limiters ~/.julia/depots/levante-cpu/packages/ClimaCore/CYDDz/src/Limiters/quasimonotone.jl:383
┌ Warning: Limiter convergence stats:
│      `n_times_unconverged = 0`
│      `max_rel_err = 0.0`
│      `min_tracer_mass = Inf`
│ Use `warn = false` in `Limiters.apply_limiter!` to suppress this message.
└ @ ClimaCore.Limiters ~/.julia/depots/levante-cpu/packages/ClimaCore/CYDDz/src/Limiters/quasimonotone.jl:383
┌ Warning: Limiter convergence stats:
│      `n_times_unconverged = 0`
│      `max_rel_err = 0.0`
│      `min_tracer_mass = Inf`
│ Use `warn = false` in `Limiters.apply_limiter!` to suppress this message.
└ @ ClimaCore.Limiters ~/.julia/depots/levante-cpu/packages/ClimaCore/CYDDz/src/Limiters/quasimonotone.jl:383
┌ Warning: Limiter convergence stats:
│      `n_times_unconverged = 0`
│      `max_rel_err = 0.0`
│      `min_tracer_mass = Inf`
│ Use `warn = false` in `Limiters.apply_limiter!` to suppress this message.
└ @ ClimaCore.Limiters ~/.julia/depots/levante-cpu/packages/ClimaCore/CYDDz/src/Limiters/quasimonotone.jl:383
┌ Warning: Limiter convergence stats:
│      `n_times_unconverged = 0`
│      `max_rel_err = 0.0`
│      `min_tracer_mass = Inf`
│ Use `warn = false` in `Limiters.apply_limiter!` to suppress this message.
└ @ ClimaCore.Limiters ~/.julia/depots/levante-cpu/packages/ClimaCore/CYDDz/src/Limiters/quasimonotone.jl:383
┌ Warning: Limiter convergence stats:
│      `n_times_unconverged = 0`
│      `max_rel_err = 0.0`
│      `min_tracer_mass = Inf`
│ Use `warn = false` in `Limiters.apply_limiter!` to suppress this message.
└ @ ClimaCore.Limiters ~/.julia/depots/levante-cpu/packages/ClimaCore/CYDDz/src/Limiters/quasimonotone.jl:383
┌ Warning: water tag closure residual 0.000279793113189044 exceeds the configured tolerance 1.0e-10 at t = 82800.0 s. The tags no longer account for the field they partition; see output/a5_sphere_limiter/output_0001/water_tag_closure.csv.
└ @ ClimaAtmos ~/git/ClimaAtmosResiDyn.jl/src/parameterized_tendencies/tagged_tracers/tagged_tracers.jl:779
┌ Warning: water tag parent is non-positive over 35.0641434413669% of the domain volume at t = 82800.0 s, and closure will not show it. Water tags take loss in proportion to what they hold, so their shares are undefined there and the tags of those cells carry no provenance. Nothing in the model keeps `ρq_tot` non-negative: `tracer_nonnegativity_method` is off unless configured, and transport alone can take a cell below zero. Those cells have their tags emptied by `rescale_water_tags!` whenever a constraint clips the parent, so the water they held surfaces in the residual. A large fraction is worth investigating as a sign that the run is under-resolved or the timestep too long.
└ @ ClimaAtmos ~/git/ClimaAtmosResiDyn.jl/src/parameterized_tendencies/tagged_tracers/tagged_tracers.jl:788
┌ Warning: Limiter convergence stats:
│      `n_times_unconverged = 0`
│      `max_rel_err = 0.0`
│      `min_tracer_mass = Inf`
│ Use `warn = false` in `Limiters.apply_limiter!` to suppress this message.
└ @ ClimaCore.Limiters ~/.julia/depots/levante-cpu/packages/ClimaCore/CYDDz/src/Limiters/quasimonotone.jl:383
┌ Warning: Limiter convergence stats:
│      `n_times_unconverged = 0`
│      `max_rel_err = 0.0`
│      `min_tracer_mass = Inf`
│ Use `warn = false` in `Limiters.apply_limiter!` to suppress this message.
└ @ ClimaCore.Limiters ~/.julia/depots/levante-cpu/packages/ClimaCore/CYDDz/src/Limiters/quasimonotone.jl:383
┌ Warning: Limiter convergence stats:
│      `n_times_unconverged = 0`
│      `max_rel_err = 0.0`
│      `min_tracer_mass = Inf`
│ Use `warn = false` in `Limiters.apply_limiter!` to suppress this message.
└ @ ClimaCore.Limiters ~/.julia/depots/levante-cpu/packages/ClimaCore/CYDDz/src/Limiters/quasimonotone.jl:383
┌ Warning: Limiter convergence stats:
│      `n_times_unconverged = 0`
│      `max_rel_err = 0.0`
│      `min_tracer_mass = Inf`
│ Use `warn = false` in `Limiters.apply_limiter!` to suppress this message.
└ @ ClimaCore.Limiters ~/.julia/depots/levante-cpu/packages/ClimaCore/CYDDz/src/Limiters/quasimonotone.jl:383
┌ Warning: Limiter convergence stats:
│      `n_times_unconverged = 0`
│      `max_rel_err = 0.0`
│      `min_tracer_mass = Inf`
│ Use `warn = false` in `Limiters.apply_limiter!` to suppress this message.
└ @ ClimaCore.Limiters ~/.julia/depots/levante-cpu/packages/ClimaCore/CYDDz/src/Limiters/quasimonotone.jl:383
┌ Warning: Limiter convergence stats:
│      `n_times_unconverged = 0`
│      `max_rel_err = 0.0`
│      `min_tracer_mass = Inf`
│ Use `warn = false` in `Limiters.apply_limiter!` to suppress this message.
└ @ ClimaCore.Limiters ~/.julia/depots/levante-cpu/packages/ClimaCore/CYDDz/src/Limiters/quasimonotone.jl:383
┌ Warning: Limiter convergence stats:
│      `n_times_unconverged = 0`
│      `max_rel_err = 0.0`
│      `min_tracer_mass = Inf`
│ Use `warn = false` in `Limiters.apply_limiter!` to suppress this message.
└ @ ClimaCore.Limiters ~/.julia/depots/levante-cpu/packages/ClimaCore/CYDDz/src/Limiters/quasimonotone.jl:383
┌ Warning: Limiter convergence stats:
│      `n_times_unconverged = 0`
│      `max_rel_err = 0.0`
│      `min_tracer_mass = Inf`
│ Use `warn = false` in `Limiters.apply_limiter!` to suppress this message.
└ @ ClimaCore.Limiters ~/.julia/depots/levante-cpu/packages/ClimaCore/CYDDz/src/Limiters/quasimonotone.jl:383
┌ Warning: Limiter convergence stats:
│      `n_times_unconverged = 0`
│      `max_rel_err = 0.0`
│      `min_tracer_mass = Inf`
│ Use `warn = false` in `Limiters.apply_limiter!` to suppress this message.
└ @ ClimaCore.Limiters ~/.julia/depots/levante-cpu/packages/ClimaCore/CYDDz/src/Limiters/quasimonotone.jl:383
┌ Warning: Limiter convergence stats:
│      `n_times_unconverged = 0`
│      `max_rel_err = 0.0`
│      `min_tracer_mass = Inf`
│ Use `warn = false` in `Limiters.apply_limiter!` to suppress this message.
└ @ ClimaCore.Limiters ~/.julia/depots/levante-cpu/packages/ClimaCore/CYDDz/src/Limiters/quasimonotone.jl:383
┌ Warning: Limiter convergence stats:
│      `n_times_unconverged = 0`
│      `max_rel_err = 0.0`
│      `min_tracer_mass = Inf`
│ Use `warn = false` in `Limiters.apply_limiter!` to suppress this message.
└ @ ClimaCore.Limiters ~/.julia/depots/levante-cpu/packages/ClimaCore/CYDDz/src/Limiters/quasimonotone.jl:383
┌ Warning: Limiter convergence stats:
│      `n_times_unconverged = 0`
│      `max_rel_err = 0.0`
│      `min_tracer_mass = Inf`
│ Use `warn = false` in `Limiters.apply_limiter!` to suppress this message.
└ @ ClimaCore.Limiters ~/.julia/depots/levante-cpu/packages/ClimaCore/CYDDz/src/Limiters/quasimonotone.jl:383
┌ Warning: Limiter convergence stats:
│      `n_times_unconverged = 0`
│      `max_rel_err = 0.0`
│      `min_tracer_mass = Inf`
│ Use `warn = false` in `Limiters.apply_limiter!` to suppress this message.
└ @ ClimaCore.Limiters ~/.julia/depots/levante-cpu/packages/ClimaCore/CYDDz/src/Limiters/quasimonotone.jl:383
┌ Warning: Limiter convergence stats:
│      `n_times_unconverged = 0`
│      `max_rel_err = 0.0`
│      `min_tracer_mass = Inf`
│ Use `warn = false` in `Limiters.apply_limiter!` to suppress this message.
└ @ ClimaCore.Limiters ~/.julia/depots/levante-cpu/packages/ClimaCore/CYDDz/src/Limiters/quasimonotone.jl:383
┌ Warning: Limiter convergence stats:
│      `n_times_unconverged = 0`
│      `max_rel_err = 0.0`
│      `min_tracer_mass = Inf`
│ Use `warn = false` in `Limiters.apply_limiter!` to suppress this message.
└ @ ClimaCore.Limiters ~/.julia/depots/levante-cpu/packages/ClimaCore/CYDDz/src/Limiters/quasimonotone.jl:383
┌ Warning: Limiter convergence stats:
│      `n_times_unconverged = 0`
│      `max_rel_err = 0.0`
│      `min_tracer_mass = Inf`
│ Use `warn = false` in `Limiters.apply_limiter!` to suppress this message.
└ @ ClimaCore.Limiters ~/.julia/depots/levante-cpu/packages/ClimaCore/CYDDz/src/Limiters/quasimonotone.jl:383
┌ Warning: Limiter convergence stats:
│      `n_times_unconverged = 0`
│      `max_rel_err = 0.0`
│      `min_tracer_mass = Inf`
│ Use `warn = false` in `Limiters.apply_limiter!` to suppress this message.
└ @ ClimaCore.Limiters ~/.julia/depots/levante-cpu/packages/ClimaCore/CYDDz/src/Limiters/quasimonotone.jl:383
┌ Warning: Limiter convergence stats:
│      `n_times_unconverged = 0`
│      `max_rel_err = 0.0`
│      `min_tracer_mass = Inf`
│ Use `warn = false` in `Limiters.apply_limiter!` to suppress this message.
└ @ ClimaCore.Limiters ~/.julia/depots/levante-cpu/packages/ClimaCore/CYDDz/src/Limiters/quasimonotone.jl:383
┌ Warning: Limiter convergence stats:
│      `n_times_unconverged = 0`
│      `max_rel_err = 0.0`
│      `min_tracer_mass = Inf`
│ Use `warn = false` in `Limiters.apply_limiter!` to suppress this message.
└ @ ClimaCore.Limiters ~/.julia/depots/levante-cpu/packages/ClimaCore/CYDDz/src/Limiters/quasimonotone.jl:383
┌ Warning: Limiter convergence stats:
│      `n_times_unconverged = 0`
│      `max_rel_err = 0.0`
│      `min_tracer_mass = Inf`
│ Use `warn = false` in `Limiters.apply_limiter!` to suppress this message.
└ @ ClimaCore.Limiters ~/.julia/depots/levante-cpu/packages/ClimaCore/CYDDz/src/Limiters/quasimonotone.jl:383
┌ Warning: Limiter convergence stats:
│      `n_times_unconverged = 0`
│      `max_rel_err = 0.0`
│      `min_tracer_mass = Inf`
│ Use `warn = false` in `Limiters.apply_limiter!` to suppress this message.
└ @ ClimaCore.Limiters ~/.julia/depots/levante-cpu/packages/ClimaCore/CYDDz/src/Limiters/quasimonotone.jl:383
┌ Warning: Limiter convergence stats:
│      `n_times_unconverged = 0`
│      `max_rel_err = 0.0`
│      `min_tracer_mass = Inf`
│ Use `warn = false` in `Limiters.apply_limiter!` to suppress this message.
└ @ ClimaCore.Limiters ~/.julia/depots/levante-cpu/packages/ClimaCore/CYDDz/src/Limiters/quasimonotone.jl:383
┌ Warning: Limiter convergence stats:
│      `n_times_unconverged = 0`
│      `max_rel_err = 0.0`
│      `min_tracer_mass = Inf`
│ Use `warn = false` in `Limiters.apply_limiter!` to suppress this message.
└ @ ClimaCore.Limiters ~/.julia/depots/levante-cpu/packages/ClimaCore/CYDDz/src/Limiters/quasimonotone.jl:383
┌ Warning: Limiter convergence stats:
│      `n_times_unconverged = 0`
│      `max_rel_err = 0.0`
│      `min_tracer_mass = Inf`
│ Use `warn = false` in `Limiters.apply_limiter!` to suppress this message.
└ @ ClimaCore.Limiters ~/.julia/depots/levante-cpu/packages/ClimaCore/CYDDz/src/Limiters/quasimonotone.jl:383
┌ Warning: Limiter convergence stats:
│      `n_times_unconverged = 0`
│      `max_rel_err = 0.0`
│      `min_tracer_mass = Inf`
│ Use `warn = false` in `Limiters.apply_limiter!` to suppress this message.
└ @ ClimaCore.Limiters ~/.julia/depots/levante-cpu/packages/ClimaCore/CYDDz/src/Limiters/quasimonotone.jl:383
┌ Warning: Limiter convergence stats:
│      `n_times_unconverged = 0`
│      `max_rel_err = 0.0`
│      `min_tracer_mass = Inf`
│ Use `warn = false` in `Limiters.apply_limiter!` to suppress this message.
└ @ ClimaCore.Limiters ~/.julia/depots/levante-cpu/packages/ClimaCore/CYDDz/src/Limiters/quasimonotone.jl:383
┌ Warning: Limiter convergence stats:
│      `n_times_unconverged = 0`
│      `max_rel_err = 0.0`
│      `min_tracer_mass = Inf`
│ Use `warn = false` in `Limiters.apply_limiter!` to suppress this message.
└ @ ClimaCore.Limiters ~/.julia/depots/levante-cpu/packages/ClimaCore/CYDDz/src/Limiters/quasimonotone.jl:383
┌ Warning: Limiter convergence stats:
│      `n_times_unconverged = 0`
│      `max_rel_err = 0.0`
│      `min_tracer_mass = Inf`
│ Use `warn = false` in `Limiters.apply_limiter!` to suppress this message.
└ @ ClimaCore.Limiters ~/.julia/depots/levante-cpu/packages/ClimaCore/CYDDz/src/Limiters/quasimonotone.jl:383
┌ Warning: Limiter convergence stats:
│      `n_times_unconverged = 0`
│      `max_rel_err = 0.0`
│      `min_tracer_mass = Inf`
│ Use `warn = false` in `Limiters.apply_limiter!` to suppress this message.
└ @ ClimaCore.Limiters ~/.julia/depots/levante-cpu/packages/ClimaCore/CYDDz/src/Limiters/quasimonotone.jl:383
┌ Warning: Limiter convergence stats:
│      `n_times_unconverged = 0`
│      `max_rel_err = 0.0`
│      `min_tracer_mass = Inf`
│ Use `warn = false` in `Limiters.apply_limiter!` to suppress this message.
└ @ ClimaCore.Limiters ~/.julia/depots/levante-cpu/packages/ClimaCore/CYDDz/src/Limiters/quasimonotone.jl:383
┌ Warning: Limiter convergence stats:
│      `n_times_unconverged = 0`
│      `max_rel_err = 0.0`
│      `min_tracer_mass = Inf`
│ Use `warn = false` in `Limiters.apply_limiter!` to suppress this message.
└ @ ClimaCore.Limiters ~/.julia/depots/levante-cpu/packages/ClimaCore/CYDDz/src/Limiters/quasimonotone.jl:383
┌ Warning: Limiter convergence stats:
│      `n_times_unconverged = 0`
│      `max_rel_err = 0.0`
│      `min_tracer_mass = Inf`
│ Use `warn = false` in `Limiters.apply_limiter!` to suppress this message.
└ @ ClimaCore.Limiters ~/.julia/depots/levante-cpu/packages/ClimaCore/CYDDz/src/Limiters/quasimonotone.jl:383
┌ Warning: Limiter convergence stats:
│      `n_times_unconverged = 0`
│      `max_rel_err = 0.0`
│      `min_tracer_mass = Inf`
│ Use `warn = false` in `Limiters.apply_limiter!` to suppress this message.
└ @ ClimaCore.Limiters ~/.julia/depots/levante-cpu/packages/ClimaCore/CYDDz/src/Limiters/quasimonotone.jl:383
┌ Warning: Limiter convergence stats:
│      `n_times_unconverged = 0`
│      `max_rel_err = 0.0`
│      `min_tracer_mass = Inf`
│ Use `warn = false` in `Limiters.apply_limiter!` to suppress this message.
└ @ ClimaCore.Limiters ~/.julia/depots/levante-cpu/packages/ClimaCore/CYDDz/src/Limiters/quasimonotone.jl:383
┌ Warning: Limiter convergence stats:
│      `n_times_unconverged = 0`
│      `max_rel_err = 0.0`
│      `min_tracer_mass = Inf`
│ Use `warn = false` in `Limiters.apply_limiter!` to suppress this message.
└ @ ClimaCore.Limiters ~/.julia/depots/levante-cpu/packages/ClimaCore/CYDDz/src/Limiters/quasimonotone.jl:383
┌ Warning: Limiter convergence stats:
│      `n_times_unconverged = 0`
│      `max_rel_err = 0.0`
│      `min_tracer_mass = Inf`
│ Use `warn = false` in `Limiters.apply_limiter!` to suppress this message.
└ @ ClimaCore.Limiters ~/.julia/depots/levante-cpu/packages/ClimaCore/CYDDz/src/Limiters/quasimonotone.jl:383
┌ Warning: Limiter convergence stats:
│      `n_times_unconverged = 0`
│      `max_rel_err = 0.0`
│      `min_tracer_mass = Inf`
│ Use `warn = false` in `Limiters.apply_limiter!` to suppress this message.
└ @ ClimaCore.Limiters ~/.julia/depots/levante-cpu/packages/ClimaCore/CYDDz/src/Limiters/quasimonotone.jl:383
┌ Warning: Limiter convergence stats:
│      `n_times_unconverged = 0`
│      `max_rel_err = 0.0`
│      `min_tracer_mass = Inf`
│ Use `warn = false` in `Limiters.apply_limiter!` to suppress this message.
└ @ ClimaCore.Limiters ~/.julia/depots/levante-cpu/packages/ClimaCore/CYDDz/src/Limiters/quasimonotone.jl:383
┌ Warning: Limiter convergence stats:
│      `n_times_unconverged = 0`
│      `max_rel_err = 0.0`
│      `min_tracer_mass = Inf`
│ Use `warn = false` in `Limiters.apply_limiter!` to suppress this message.
└ @ ClimaCore.Limiters ~/.julia/depots/levante-cpu/packages/ClimaCore/CYDDz/src/Limiters/quasimonotone.jl:383
┌ Warning: Limiter convergence stats:
│      `n_times_unconverged = 0`
│      `max_rel_err = 0.0`
│      `min_tracer_mass = Inf`
│ Use `warn = false` in `Limiters.apply_limiter!` to suppress this message.
└ @ ClimaCore.Limiters ~/.julia/depots/levante-cpu/packages/ClimaCore/CYDDz/src/Limiters/quasimonotone.jl:383
┌ Warning: Limiter convergence stats:
│      `n_times_unconverged = 0`
│      `max_rel_err = 0.0`
│      `min_tracer_mass = Inf`
│ Use `warn = false` in `Limiters.apply_limiter!` to suppress this message.
└ @ ClimaCore.Limiters ~/.julia/depots/levante-cpu/packages/ClimaCore/CYDDz/src/Limiters/quasimonotone.jl:383
┌ Warning: Limiter convergence stats:
│      `n_times_unconverged = 0`
│      `max_rel_err = 0.0`
│      `min_tracer_mass = Inf`
│ Use `warn = false` in `Limiters.apply_limiter!` to suppress this message.
└ @ ClimaCore.Limiters ~/.julia/depots/levante-cpu/packages/ClimaCore/CYDDz/src/Limiters/quasimonotone.jl:383
┌ Warning: Limiter convergence stats:
│      `n_times_unconverged = 0`
│      `max_rel_err = 0.0`
│      `min_tracer_mass = Inf`
│ Use `warn = false` in `Limiters.apply_limiter!` to suppress this message.
└ @ ClimaCore.Limiters ~/.julia/depots/levante-cpu/packages/ClimaCore/CYDDz/src/Limiters/quasimonotone.jl:383
┌ Warning: Limiter convergence stats:
│      `n_times_unconverged = 0`
│      `max_rel_err = 0.0`
│      `min_tracer_mass = Inf`
│ Use `warn = false` in `Limiters.apply_limiter!` to suppress this message.
└ @ ClimaCore.Limiters ~/.julia/depots/levante-cpu/packages/ClimaCore/CYDDz/src/Limiters/quasimonotone.jl:383
┌ Warning: Limiter convergence stats:
│      `n_times_unconverged = 0`
│      `max_rel_err = 0.0`
│      `min_tracer_mass = Inf`
│ Use `warn = false` in `Limiters.apply_limiter!` to suppress this message.
└ @ ClimaCore.Limiters ~/.julia/depots/levante-cpu/packages/ClimaCore/CYDDz/src/Limiters/quasimonotone.jl:383
┌ Warning: Limiter convergence stats:
│      `n_times_unconverged = 0`
│      `max_rel_err = 0.0`
│      `min_tracer_mass = Inf`
│ Use `warn = false` in `Limiters.apply_limiter!` to suppress this message.
└ @ ClimaCore.Limiters ~/.julia/depots/levante-cpu/packages/ClimaCore/CYDDz/src/Limiters/quasimonotone.jl:383
┌ Warning: Limiter convergence stats:
│      `n_times_unconverged = 0`
│      `max_rel_err = 0.0`
│      `min_tracer_mass = Inf`
│ Use `warn = false` in `Limiters.apply_limiter!` to suppress this message.
└ @ ClimaCore.Limiters ~/.julia/depots/levante-cpu/packages/ClimaCore/CYDDz/src/Limiters/quasimonotone.jl:383
┌ Warning: Limiter convergence stats:
│      `n_times_unconverged = 0`
│      `max_rel_err = 0.0`
│      `min_tracer_mass = Inf`
│ Use `warn = false` in `Limiters.apply_limiter!` to suppress this message.
└ @ ClimaCore.Limiters ~/.julia/depots/levante-cpu/packages/ClimaCore/CYDDz/src/Limiters/quasimonotone.jl:383
┌ Warning: water tag closure residual 0.0002786321738150626 exceeds the configured tolerance 1.0e-10 at t = 86400.0 s. The tags no longer account for the field they partition; see output/a5_sphere_limiter/output_0001/water_tag_closure.csv.
└ @ ClimaAtmos ~/git/ClimaAtmosResiDyn.jl/src/parameterized_tendencies/tagged_tracers/tagged_tracers.jl:779
┌ Warning: water tag parent is non-positive over 35.0641434413669% of the domain volume at t = 86400.0 s, and closure will not show it. Water tags take loss in proportion to what they hold, so their shares are undefined there and the tags of those cells carry no provenance. Nothing in the model keeps `ρq_tot` non-negative: `tracer_nonnegativity_method` is off unless configured, and transport alone can take a cell below zero. Those cells have their tags emptied by `rescale_water_tags!` whenever a constraint clips the parent, so the water they held surfaces in the residual. A large fraction is worth investigating as a sign that the run is under-resolved or the timestep too long.
└ @ ClimaAtmos ~/git/ClimaAtmosResiDyn.jl/src/parameterized_tendencies/tagged_tracers/tagged_tracers.jl:788
┌ Info: Progress
│   simulation_time = "1 day"
│   n_steps_completed = 288
│   wall_time_per_step = "470 milliseconds, 999 microseconds"
│   wall_time_total = "2 minutes, 15 seconds"
│   wall_time_remaining = "0 seconds"
│   wall_time_spent = "2 minutes, 15 seconds"
│   percent_complete = "100.0%"
│   estimated_sypd = "1.744"
│   instantaneous_sypd = "1.722"
│   date_now = 2026-09-10T10:09:06.779
└   estimated_finish_date = 2026-09-10T10:09:06.779
[ Info: solve! walltime = 135.49
[ Info: sypd: 1.747
[ Info: wall_time_per_timestep: 470 milliseconds, 451 microseconds
[ Info: Memory currently used (after solve!) by the process (RSS): 5.38 GiB
┌ Info: Tag-closure run finished
│   simulation.job_id = "a5_sphere_limiter"
└   result.ret_code = :success
┌ Info: Where it went
│   config = "/home/b/b309159/git/ClimaAtmosResiDyn.jl/experiments/tag_closure/configs/a5_sphere_limiter.yml"
└   simulation.output_dir = "output/a5_sphere_limiter/output_0001"
┌ Info: water tag closure (25 rows)
│   columns: time,total,tagged,residual,relative,gross_residual,gross_relative,scale,nonpositive_fraction
│   first:   0.0,1.6184751825722022e16,1.6184751825722026e16,-4.0,-2.4714620545759003e-16,0.52312250946206,3.232193580075009e-17,1.618475182572202e16,0.0
│   last:    86400.0,1.6213764325087698e16,1.6213885998128612e16,-1.21673040914e11,-7.504301355134118e-6,4.517678899097326e12,0.0002786321738150626,1.6213773295598874e16,0.350641434413669
└   path = "output/a5_sphere_limiter/output_0001/water_tag_closure.csv"
