t_seconds,increment_ρq_tot,increment_ρq_tag_tropo,increment_ρq_tag_strat,increment_ρq_tag_evap,increment_ρq_tag_evap_tropo,increment_ρq_tag_evap_strat,ledger_n10_q_tag_led_rescale,ledger_n10_q_tag_led_empty,ledger_n10_q_tag_led_repair,ledger_n10_q_tag_led_repairnet,ledger_n10_q_tag_inc_left,ledger_n10_q_tag_inc_moved,ledger_n10_q_tag_led_fix_tropo,ledger_n10_q_tag_led_fix_strat,ledger_n10_q_tag_led_fix_evap,ledger_n10_q_tag_led_fix_evap_tropo,ledger_n10_q_tag_led_fix_evap_strat,ledger_n10_q_tag_led_inc_tropo,ledger_n10_q_tag_led_inc_strat,ledger_n10_q_tag_led_inc_evap,ledger_n10_q_tag_led_inc_evap_tropo,ledger_n10_q_tag_led_inc_evap_strat,error_n1_ρq_tot,error_n1_ρq_tag_tropo,error_n1_ρq_tag_strat,error_n1_ρq_tag_evap,error_n1_ρq_tag_evap_tropo,error_n1_ρq_tag_evap_strat,ledger_n1_q_tag_led_rescale,ledger_n1_q_tag_led_empty,ledger_n1_q_tag_led_repair,ledger_n1_q_tag_led_repairnet,ledger_n1_q_tag_inc_left,ledger_n1_q_tag_inc_moved,ledger_n1_q_tag_led_fix_tropo,ledger_n1_q_tag_led_fix_strat,ledger_n1_q_tag_led_fix_evap,ledger_n1_q_tag_led_fix_evap_tropo,ledger_n1_q_tag_led_fix_evap_strat,ledger_n1_q_tag_led_inc_tropo,ledger_n1_q_tag_led_inc_strat,ledger_n1_q_tag_led_inc_evap,ledger_n1_q_tag_led_inc_evap_tropo,ledger_n1_q_tag_led_inc_evap_strat,error_n2_ρq_tot,error_n2_ρq_tag_tropo,error_n2_ρq_tag_strat,error_n2_ρq_tag_evap,error_n2_ρq_tag_evap_tropo,error_n2_ρq_tag_evap_strat,ledger_n2_q_tag_led_rescale,ledger_n2_q_tag_led_empty,ledger_n2_q_tag_led_repair,ledger_n2_q_tag_led_repairnet,ledger_n2_q_tag_inc_left,ledger_n2_q_tag_inc_moved,ledger_n2_q_tag_led_fix_tropo,ledger_n2_q_tag_led_fix_strat,ledger_n2_q_tag_led_fix_evap,ledger_n2_q_tag_led_fix_evap_tropo,ledger_n2_q_tag_led_fix_evap_strat,ledger_n2_q_tag_led_inc_tropo,ledger_n2_q_tag_led_inc_strat,ledger_n2_q_tag_led_inc_evap,ledger_n2_q_tag_led_inc_evap_tropo,ledger_n2_q_tag_led_inc_evap_strat,error_n3_ρq_tot,error_n3_ρq_tag_tropo,error_n3_ρq_tag_strat,error_n3_ρq_tag_evap,error_n3_ρq_tag_evap_tropo,error_n3_ρq_tag_evap_strat,ledger_n3_q_tag_led_rescale,ledger_n3_q_tag_led_empty,ledger_n3_q_tag_led_repair,ledger_n3_q_tag_led_repairnet,ledger_n3_q_tag_inc_left,ledger_n3_q_tag_inc_moved,ledger_n3_q_tag_led_fix_tropo,ledger_n3_q_tag_led_fix_strat,ledger_n3_q_tag_led_fix_evap,ledger_n3_q_tag_led_fix_evap_tropo,ledger_n3_q_tag_led_fix_evap_strat,ledger_n3_q_tag_led_inc_tropo,ledger_n3_q_tag_led_inc_strat,ledger_n3_q_tag_led_inc_evap,ledger_n3_q_tag_led_inc_evap_tropo,ledger_n3_q_tag_led_inc_evap_strat,error_n4_ρq_tot,error_n4_ρq_tag_tropo,error_n4_ρq_tag_strat,error_n4_ρq_tag_evap,error_n4_ρq_tag_evap_tropo,error_n4_ρq_tag_evap_strat,ledger_n4_q_tag_led_rescale,ledger_n4_q_tag_led_empty,ledger_n4_q_tag_led_repair,ledger_n4_q_tag_led_repairnet,ledger_n4_q_tag_inc_left,ledger_n4_q_tag_inc_moved,ledger_n4_q_tag_led_fix_tropo,ledger_n4_q_tag_led_fix_strat,ledger_n4_q_tag_led_fix_evap,ledger_n4_q_tag_led_fix_evap_tropo,ledger_n4_q_tag_led_fix_evap_strat,ledger_n4_q_tag_led_inc_tropo,ledger_n4_q_tag_led_inc_strat,ledger_n4_q_tag_led_inc_evap,ledger_n4_q_tag_led_inc_evap_tropo,ledger_n4_q_tag_led_inc_evap_strat
120.0,0.0006941838958162702,0.00046853424978390466,0.00024058820535206548,0.00017850269828858159,0.00017850262817518503,7.011339660179604e-11,0.0,0.0,0.0,0.0,1.8774174039130472e-17,0.0004862102434426159,0.0,0.0,0.0,0.0,0.0,0.0002781363271336145,0.00022671459341698722,8.007927738397107e-17,8.007924592993633e-17,3.1454035085399915e-23,4.913105900695384e-6,2.5296528821574855e-6,3.2932395612085238e-6,8.134839608981838e-12,8.13483641218416e-12,3.1952527695690127e-18,0.0,0.0,0.0,0.0,6.928741201836445e-18,0.00048630329174904386,0.0,0.0,0.0,0.0,0.0,0.0002783576556309003,0.00022684239953740175,1.6924717176801312e-17,1.692471052900603e-17,6.64779535081239e-24,3.4149918342815666e-8,1.94133768230658e-8,1.733578148833268e-8,5.521834245021626e-13,5.521832171667224e-13,2.1689006794369137e-19,0.0,0.0,0.0,0.0,2.5857683618129574e-18,0.00048622097286748876,0.0,0.0,0.0,0.0,0.0,0.00027813516009554136,0.00022672226168035726,8.08301040485645e-17,8.08300722996151e-17,3.174894943805995e-23,5.0059326289243755e-9,4.7217436275393475e-9,3.548201806470461e-10,5.522205992619616e-13,5.522203824142537e-13,2.1690463165114613e-19,0.0,0.0,0.0,0.0,6.2674855157502236e-18,0.00048621020414477015,0.0,0.0,0.0,0.0,0.0,0.00027813633923975836,0.00022671454673441315,8.007896316960667e-17,8.007893171569469e-17,3.145391166633354e-23,2.19088269401424e-9,2.1627961356732943e-9,2.923547415365775e-11,5.521833572266474e-13,5.521831403859665e-13,2.1689000611103874e-19,0.0,0.0,0.0,0.0,1.3923112456476874e-17,0.00048621024547298693,0.0,0.0,0.0,0.0,0.0,0.00027813632598313177,0.00022671459493924607,8.007928689129266e-17,8.007925543725383e-17,3.145403881974463e-23
240.0,0.00039991670940765604,0.00028947721680672395,0.00013822077520873457,0.00017849948264567653,0.00017849941253354304,7.011213354163785e-11,0.0,0.0,0.0,0.0,1.018965796923056e-17,0.00012206164546816576,0.0,0.0,0.0,0.0,0.0,7.581576555361787e-5,5.63922515135275e-5,9.761328078221473e-8,9.761324244106511e-8,3.834114965602002e-14,6.8497628538766e-6,6.693872056832318e-6,1.2352843087663036e-6,5.5089803962914485e-8,5.5089782324395946e-8,2.163851477315504e-14,0.0,0.0,0.0,0.0,1.3507392579894314e-17,0.00012212039551243455,0.0,0.0,0.0,0.0,0.0,7.583849985983816e-5,5.642999628771841e-5,9.817615750556217e-8,9.817611894332233e-8,3.856223986541381e-14,4.014712576697402e-7,3.763086272236052e-7,5.5679511436438364e-8,3.599709392570237e-10,3.5997079790031776e-10,1.4139161754625818e-16,0.0,0.0,0.0,0.0,2.315031204129118e-17,0.00012206418443665401,0.0,0.0,0.0,0.0,0.0,7.581633520708612e-5,5.639344661500318e-5,9.593031060556425e-8,9.593027292546208e-8,3.76801021951367e-14,3.085477852165716e-8,2.8175878494622045e-8,4.491966114706974e-9,4.587834220247305e-11,4.587832416761876e-11,1.8020379677940464e-17,0.0,0.0,0.0,0.0,1.4117421666048863e-17,0.00012206150810822038,0.0,0.0,0.0,0.0,0.0,7.581572169439887e-5,5.6392194138145465e-5,9.741995108311098e-8,9.741991281789858e-8,3.826521241810637e-14,2.8611826692614972e-9,2.5912729789091857e-9,3.9114792734954987e-10,1.0110814877480416e-11,1.0110810899506809e-11,3.9713886451479496e-18,0.0,0.0,0.0,0.0,2.614042441349455e-17,0.00012206165335887562,0.0,0.0,0.0,0.0,0.0,7.5815763868819e-5,5.639225664950494e-5,9.759299908724698e-8,9.759296075406373e-8,3.833318328611826e-14
360.0,0.000486385135845709,0.000374108353194601,0.0001640824332194408,0.00017837750007799148,0.00017837743001377116,7.006422047237558e-11,0.0,0.0,0.0,0.0,3.558299872686504e-17,3.739201538260066e-5,0.0,0.0,0.0,0.0,0.0,2.445122950532625e-5,1.547465067161108e-5,7.313606108215158e-8,7.313603235531603e-8,2.8726835536435617e-14,4.890918242393596e-6,4.865265244651035e-6,1.6085398711751653e-7,4.7009293876766965e-6,4.700927541216793e-6,1.8464601920043647e-12,0.0,0.0,0.0,0.0,6.104668777597524e-15,3.793035668598304e-5,0.0,0.0,0.0,0.0,0.0,2.4992650327502425e-5,1.5464928010531643e-5,2.218106236521667e-7,2.2181053652801457e-7,8.712415204768307e-14,6.53424003386853e-7,6.505138507779007e-7,1.1364462386017374e-8,1.3526372481730372e-7,1.3526367168746908e-7,5.312972450761591e-14,0.0,0.0,0.0,0.0,1.6031565751011898e-15,3.7396261741056894e-5,0.0,0.0,0.0,0.0,0.0,2.445529344893077e-5,1.547460779762109e-5,7.317790742101138e-8,7.317787867773917e-8,2.8743272200872307e-14,7.553432559417525e-8,7.499659314929418e-8,1.1234056093332515e-9,7.53971917248081e-9,7.539716211112744e-9,2.9614976450696435e-15,0.0,0.0,0.0,0.0,1.2536022661342969e-16,3.739070072178207e-5,0.0,0.0,0.0,0.0,0.0,2.4449938375807934e-5,1.547464077537791e-5,7.311695719622577e-8,7.311692847689396e-8,2.87193317936721e-14,1.5599390079147624e-8,1.5530183896854925e-8,1.0269288404697556e-10,5.278190431356501e-10,5.278188360724703e-10,2.0732003651400303e-16,0.0,0.0,0.0,0.0,5.824492054337162e-17,3.739053689586593e-5,0.0,0.0,0.0,0.0,0.0,2.4449751341600636e-5,1.5474646534658877e-5,7.311629190720387e-8,7.311626318813341e-8,2.87190704773251e-14
480.0,0.0005269987291059049,0.00043001480303048054,0.0001722084196182397,0.00017733651562021677,0.00017733644596488077,6.965533614264809e-11,0.0,0.0,0.0,0.0,1.0694965882334412e-17,1.7495140677916318e-5,0.0,0.0,0.0,0.0,0.0,1.3160230803385077e-5,7.502387236273927e-6,1.0839399346744015e-7,1.0839395089177535e-7,4.257566482803843e-14,4.6204134145355624e-6,4.529791521459999e-6,1.278509741501492e-7,1.6519764614128698e-5,1.6519758125393398e-5,6.488735572423642e-12,0.0,0.0,0.0,0.0,1.7142535195031866e-13,2.501523313620981e-5,0.0,0.0,0.0,0.0,0.0,2.0756354069720225e-5,7.479347796964398e-6,3.6236280379095833e-7,3.623626614598495e-7,1.423311088264902e-13,4.600005500442553e-7,4.58770703614733e-7,1.9852770119705193e-9,1.2174719284451404e-6,1.2174714502388463e-6,4.782061727303867e-13,0.0,0.0,0.0,0.0,9.88880091439003e-15,1.7803012675618614e-5,0.0,0.0,0.0,0.0,0.0,1.3468177004069571e-5,7.502375192830167e-6,1.0451927471808054e-7,1.0451923366435181e-7,4.105372877329564e-14,1.1962893072762354e-7,1.1943493361655973e-7,2.673745365523398e-10,1.0760379904010033e-7,1.0760375677489947e-7,4.226528736129015e-14,0.0,0.0,0.0,0.0,1.2475569189131544e-15,1.7477568792345393e-5,0.0,0.0,0.0,0.0,0.0,1.3142668201169679e-5,7.502355023566029e-6,1.0482431875178296e-7,1.0482427757823712e-7,4.11735458602139e-14,4.982547991945821e-8,4.979483282980574e-8,3.1885765208315134e-11,3.3040476887517557e-9,3.3040463909414856e-9,1.2977843373409189e-15,0.0,0.0,0.0,0.0,1.2912372213253682e-16,1.748758009101134e-5,0.0,0.0,0.0,0.0,0.0,1.315267189963858e-5,7.502374428143569e-6,1.0684916988237129e-7,1.068491279134919e-7,4.1968879441945075e-14
600.0,0.0005727768096197325,0.00048023516507475353,0.00016709799695069594,0.00022550677332322001,0.0002255066847472714,8.857594863266921e-11,0.0,0.0,0.0,0.0,1.8877501007079887e-17,1.6117533513436163e-5,0.0,0.0,0.0,0.0,0.0,1.4373574367730555e-5,4.908363046877186e-6,4.1777547695484595e-8,4.1777531285840405e-8,1.640964421662939e-14,6.697795123974861e-6,6.643215234859468e-6,1.307115783711889e-7,5.483510894469425e-5,5.4835087406220085e-5,2.153847408472469e-11,0.0,0.0,0.0,0.0,8.8165573848145e-13,3.952925939192943e-5,0.0,0.0,0.0,0.0,0.0,3.78508447836539e-5,4.8837818316008254e-6,6.439493158019068e-7,6.439490628675023e-7,2.52934404931415e-13,3.6853302491299256e-7,3.6759147578360376e-7,2.871222372691391e-9,7.729207888743026e-6,7.729204852816925e-6,3.035926197849631e-12,0.0,0.0,0.0,0.0,8.019319172500149e-14,1.6773554993024435e-5,0.0,0.0,0.0,0.0,0.0,1.5029503624382001e-5,4.9083568025911495e-6,5.679701025997301e-8,5.679698795089121e-8,2.2309081847691595e-14,1.3814849049833058e-7,1.379520797389426e-7,3.1406829427397353e-10,1.5662633538200682e-6,1.5662627386135747e-6,6.152066313963145e-13,0.0,0.0,0.0,0.0,8.140231824517363e-15,1.640214305447465e-5,0.0,0.0,0.0,0.0,0.0,1.4658193221159344e-5,4.908357607653238e-6,4.3636269639164654e-8,4.3636252499440135e-8,1.7139724546278035e-14,5.374845527374508e-8,5.372629440754923e-8,3.590032350413273e-11,2.9990818975135405e-7,2.9990807195148686e-7,1.1779979828738373e-13,0.0,0.0,0.0,0.0,8.67526846410063e-16,1.6259333823426802e-5,0.0,0.0,0.0,0.0,0.0,1.451537399099653e-5,4.908361793924358e-6,4.271980348943741e-8,4.2719786709688136e-8,1.6779749289634775e-14
720.0,0.0006192632979037864,0.000527227783254292,0.00016021600110040842,0.0002244107266552964,0.00022441063850986003,8.814543662663797e-11,0.0,0.0,0.0,0.0,3.1335995735113985e-18,2.060136793944334e-5,0.0,0.0,0.0,0.0,0.0,1.9141463383665036e-5,4.999617321761237e-6,6.816957852685768e-8,6.816955175078803e-8,2.677606972474876e-14,1.001742828687837e-5,9.974018761901222e-6,1.1754889459470848e-7,0.00012614752471273348,0.00012614747516372655,4.9549006907558445e-11,0.0,0.0,0.0,0.0,2.5897008893940916e-12,6.282596358301245e-5,0.0,0.0,0.0,0.0,0.0,6.139314941893306e-5,4.978935493301697e-6,5.018094358771001e-7,5.018092387732787e-7,1.9710382158646202e-13,3.227837351376349e-7,3.217677329188853e-7,3.0282727069968875e-9,1.7976059354061493e-5,1.7976052293313467e-5,7.06074804982014e-12,0.0,0.0,0.0,0.0,5.0428541737591715e-14,2.0934336900973173e-5,0.0,0.0,0.0,0.0,0.0,1.947442656685033e-5,4.9996214286845786e-6,7.897571912800763e-8,7.897568810743508e-8,3.10205726312444e-14,1.074818308387411e-7,1.0728948365150939e-7,3.2412151084149313e-10,3.2079265744127205e-6,3.2079253143834115e-6,1.2600292899640578e-12,0.0,0.0,0.0,0.0,9.231244364392725e-15,2.083435014943028e-5,0.0,0.0,0.0,0.0,0.0,1.9374467497502252e-5,4.999615170487461e-6,7.019290006369896e-8,7.01928724928965e-8,2.7570802503164033e-14,3.966372161181425e-8,3.964186799063936e-8,3.454286338792881e-11,3.9489228630591335e-7,3.948921311976314e-7,1.5510824066083347e-13,0.0,0.0,0.0,0.0,8.361727706398533e-16,2.0703306485289907e-5,0.0,0.0,0.0,0.0,0.0,1.9243407346554144e-5,4.999617365399527e-6,6.910754049447794e-8,6.910751334998981e-8,2.7144488242024304e-14
840.0,0.0006622112508203443,0.0005705546234821908,0.00015449477411039195,0.0003831535037553156,0.0003831533532579068,1.504974088668026e-10,0.0,0.0,0.0,0.0,3.164344278537335e-17,2.3110700385897845e-5,0.0,0.0,0.0,0.0,0.0,2.185752612007252e-5,5.019996391911179e-6,7.998210265481765e-8,7.998207123895144e-8,3.1415866192771775e-14,1.2929381023205674e-5,1.2891306370312923e-5,1.0976876574108341e-7,0.00013708754132263614,0.00013708748747654165,5.384609446284141e-11,0.0,0.0,0.0,0.0,2.8829708928069326e-12,8.989728947732951e-5,0.0,0.0,0.0,0.0,0.0,8.866473603981534e-5,5.002343043002693e-6,6.563643579615421e-7,6.563641001506802e-7,2.578108621677044e-13,2.5885271744434044e-7,2.5793646839885706e-7,3.6514213895699054e-9,2.5316329239872663e-5,2.5316319295968093e-5,9.943904767351136e-12,0.0,0.0,0.0,0.0,1.3230299644399402e-14,2.3592851331444072e-5,0.0,0.0,0.0,0.0,0.0,2.233965001273701e-5,5.02000063718585e-6,8.816916014893858e-8,8.816912551730923e-8,3.463162939742094e-14,9.56603595585713e-8,9.552481104920313e-8,4.641011418721531e-10,3.633369428474465e-6,3.6333680013371404e-6,1.4271373720505046e-12,0.0,0.0,0.0,0.0,5.647827039148218e-15,2.3409043729996697e-5,0.0,0.0,0.0,0.0,0.0,2.2155884354920742e-5,5.01999670989166e-6,8.184005459858644e-8,8.184002245294237e-8,3.214564407708105e-14,3.541627688298174e-8,3.540246208722357e-8,6.537340936384914e-11,6.941911786430084e-7,6.941909059742903e-7,2.7266871533219397e-13,0.0,0.0,0.0,0.0,7.791998836040053e-16,2.321526254240319e-5,0.0,0.0,0.0,0.0,0.0,2.1962091457915627e-5,5.019997131114398e-6,8.060052786408015e-8,8.060049620530506e-8,3.1658775080879864e-14
960.0,0.0007113763652437702,0.000620251965567505,0.0001514227571783541,0.0004277720458020273,0.00042777187777907097,1.6802295645968808e-10,0.0,0.0,0.0,0.0,1.3873905392771694e-17,2.4648715784727824e-5,0.0,0.0,0.0,0.0,0.0,2.3496736017920347e-5,5.000544099014073e-6,8.345356927546585e-8,8.345353649605549e-8,3.2779410376120264e-14,1.4699811664749696e-5,1.4682564443089027e-5,1.3453764145816118e-7,0.00016015642646881206,0.00016015636356157782,6.290723420427133e-11,0.0,0.0,0.0,0.0,3.2662365355675607e-12,0.00011235783687661032,0.0,0.0,0.0,0.0,0.0,0.00011121760003203913,4.986655649541643e-6,7.867247726578982e-7,7.867244636432641e-7,3.09014634124158e-13,3.47597601432683e-7,3.4598589859929597e-7,9.877667642964718e-9,3.407387829283833e-5,3.4073864909088886e-5,1.3383749183694546e-11,0.0,0.0,0.0,0.0,4.1727024388244214e-14,2.4441198304060444e-5,0.0,0.0,0.0,0.0,0.0,2.3289029269491324e-5,5.000554658570824e-6,8.572528513191949e-8,8.572525146021052e-8,3.3671709015509016e-14,1.037855080422874e-7,1.0391316601040308e-7,1.7054472845400685e-9,5.7279933779741676e-6,5.727991128097391e-6,2.2498767542050706e-12,0.0,0.0,0.0,0.0,2.8970760994230217e-15,2.4799412042137444e-5,0.0,0.0,0.0,0.0,0.0,2.3647442657874706e-5,5.0005512301849746e-6,8.433170874554902e-8,8.433167562121755e-8,3.312433144189649e-14,3.859367290895768e-8,3.858574971624888e-8,2.982880395095007e-10,9.823431304991945e-7,9.823427446483005e-7,3.858508256071462e-13,0.0,0.0,0.0,0.0,6.061178508689631e-17,2.469776624856001e-5,0.0,0.0,0.0,0.0,0.0,2.3545788301628844e-5,5.000546925584101e-6,8.37357702653804e-8,8.37357373751254e-8,3.289025503066611e-14
1080.0,0.0007097734010145002,0.0006202625498731606,0.00015072788559290063,0.0004550784464476158,0.00045507826769908223,1.787485338127906e-10,0.0,0.0,0.0,0.0,1.6833982071192374e-17,2.4417942035474045e-5,0.0,0.0,0.0,0.0,0.0,2.334907117146104e-5,4.97027736736733e-6,7.456051598627042e-8,7.45604866999287e-8,2.928634176570504e-14,1.5173666927859562e-5,1.5249291994115248e-5,3.258550952478797e-7,0.00015817968066773037,0.00015817961853693388,6.213079573213063e-11,0.0,0.0,0.0,0.0,4.182657202091877e-12,0.00012206934527792484,0.0,0.0,0.0,0.0,0.0,0.00012100167989902743,4.967927299691286e-6,8.318786643393531e-7,8.318783375888938e-7,3.267504596658995e-13,4.2417859644986594e-7,4.2012233855103246e-7,4.7105732941898195e-8,3.061343687757127e-5,3.0613424853035876e-5,1.2024535548875277e-11,0.0,0.0,0.0,0.0,5.843344671738151e-14,2.4768819574134857e-5,0.0,0.0,0.0,0.0,0.0,2.3699924064297524e-5,4.9703479428756586e-6,7.800739512188976e-8,7.800736448166144e-8,3.064022832423441e-14,1.3959332103262445e-7,1.412579910572664e-7,9.39926262508825e-9,8.585198976471357e-6,8.58519560432396e-6,3.3721476846783983e-12,0.0,0.0,0.0,0.0,4.363315538654293e-15,2.4610196588516367e-5,0.0,0.0,0.0,0.0,0.0,2.3541303328861998e-5,4.970323508864552e-6,7.477173766884017e-8,7.477170829953342e-8,2.936930672781984e-14,5.235418283969229e-8,5.2514890186535206e-8,1.7755790921225592e-9,1.3535153769624676e-6,1.3535148453201831e-6,5.316421619475453e-13,0.0,0.0,0.0,0.0,7.507335104187962e-17,2.4479477064376126e-5,0.0,0.0,0.0,0.0,0.0,2.3410598391721405e-5,4.970293329638683e-6,7.472597842298134e-8,7.472594907164827e-8,2.9351333127511e-14
1200.0,0.0007594393990676559,0.0006743483248479771,0.00015481555808102734,0.00040509175462768136,0.0004050915955132305,1.59114451067908e-10,0.0,0.0,0.0,0.0,1.1194965353911051e-17,2.497601030965672e-5,0.0,0.0,0.0,0.0,0.0,2.399493112124427e-5,4.946990654417358e-6,7.78846591388017e-8,7.788462854678239e-8,3.0592019323798714e-14,1.4682280105637706e-5,1.5065711470196965e-5,7.597389943064367e-7,0.00011668882784688682,0.000116688782013126,4.5833761305953447e-11,0.0,0.0,0.0,0.0,5.500603812677039e-12,0.00012012770324470957,0.0,0.0,0.0,0.0,0.0,0.00011912576919521426,4.977698840008074e-6,9.640745636643777e-7,9.64074184989193e-7,3.7867518465533355e-13,5.713822149228977e-7,5.804823949212872e-7,1.2754605254648755e-7,2.2152615842852836e-5,2.2152607141611137e-5,8.701241803337815e-12,0.0,0.0,0.0,0.0,7.415463925308046e-14,2.494927672342133e-5,0.0,0.0,0.0,0.0,0.0,2.3968303190435247e-5,4.947706623405815e-6,8.529378212112722e-8,8.529374861890663e-8,3.350222058748741e-14,2.0157949700378916e-7,2.0409084881445207e-7,2.3079797923176716e-8,4.712116338889941e-6,4.712114488035622e-6,1.85085427206416e-12,0.0,0.0,0.0,0.0,5.531988251784398e-15,2.5154081674473893e-5,0.0,0.0,0.0,0.0,0.0,2.4172852839759447e-5,4.947267651065345e-6,7.848500314498974e-8,7.848497231716361e-8,3.082782616485457e-14,8.700527686983026e-8,8.41264897539697e-8,5.811103557634805e-9,4.1375458249282013e-7,4.137544199761028e-7,1.625170903088209e-13,0.0,0.0,0.0,0.0,1.5156184880223406e-16,2.5034917887759856e-5,0.0,0.0,0.0,0.0,0.0,2.4053774963548122e-5,4.947113848696726e-6,7.822174580837076e-8,7.822171508394843e-8,3.0724422315906234e-14
1320.0,0.0007536218973618371,0.0006868975430110214,0.00017165048373006086,0.00036842893148406205,0.0003684287867702625,1.4471380007352202e-10,0.0,0.0,0.0,0.0,1.62922758556494e-17,2.1618938571776636e-5,0.0,0.0,0.0,0.0,0.0,2.1104950650990823e-5,5.799227964976474e-6,5.3839836495835126e-8,5.3839815348290354e-8,2.1147544801286696e-14,1.3606620624883724e-5,1.3863408955953133e-5,1.7802089030806995e-6,0.00010600554834516634,0.00010600550670765053,4.16375165438659e-11,0.0,0.0,0.0,0.0,7.301009389834556e-12,0.00010013728942678467,0.0,0.0,0.0,0.0,0.0,9.97250060014117e-5,5.83396530862175e-6,4.4652931080199557e-7,4.4652913541144424e-7,1.7539055130680687e-13,9.494245445380682e-7,1.0718677199605453e-6,2.0246083638431011e-7,6.36532996892514e-5,6.365327468711355e-5,2.5002137720687384e-11,0.0,0.0,0.0,0.0,1.1030998180979777e-13,2.3803020431783394e-5,0.0,0.0,0.0,0.0,0.0,2.3287362502013656e-5,5.8002864934183515e-6,8.036566215240863e-8,8.03656305858856e-8,3.156652307041466e-14,1.742536840927504e-7,1.8758919216061667e-7,3.129801934307633e-8,6.39121401403694e-5,6.391211503656248e-5,2.510380667796275e-11,0.0,0.0,0.0,0.0,8.59435513776373e-15,2.1782067047587984e-5,0.0,0.0,0.0,0.0,0.0,2.1267568217279135e-5,5.799586756174199e-6,6.154493108690661e-8,6.154490691290702e-8,2.4173999628567612e-14,4.9750095349344187e-8,4.5345365515130135e-8,9.153778538211308e-9,4.501556509652611e-5,4.501554741503346e-5,1.7681492768048594e-11,0.0,0.0,0.0,0.0,1.494874303704172e-16,2.164900591833296e-5,0.0,0.0,0.0,0.0,0.0,2.1134919787248256e-5,5.799343566763623e-6,5.841461152188444e-8,5.841458857743112e-8,2.2944453300937666e-14
1440.0,0.0006354061963585989,0.0005935346223387264,0.0002051874259753553,0.00033454531322864756,0.00033454518182386543,1.3140478240699337e-10,0.0,0.0,0.0,0.0,3.528562524613603e-17,1.7922197231191146e-5,0.0,0.0,0.0,0.0,0.0,1.7441629859963974e-5,5.5974863869156415e-6,6.487812853035962e-8,6.487810304712599e-8,2.548323358718869e-14,6.059556720547799e-6,5.627410597380531e-6,2.487017185077432e-6,0.00012241488112764345,0.00012241483304476736,4.8082876016744226e-11,0.0,0.0,0.0,0.0,1.0077731268362096e-11,7.011439365342286e-5,0.0,0.0,0.0,0.0,0.0,6.971934086716512e-5,5.641167117193955e-6,3.5600184470891796e-7,3.5600170487630614e-7,1.3983261187847274e-13,3.8008479400766446e-7,5.072681121033285e-7,2.2589636990056415e-7,3.70377385127496e-5,3.7037723964836815e-5,1.4547912577656286e-11,0.0,0.0,0.0,0.0,1.6249089698805302e-13,1.9334786313990856e-5,0.0,0.0,0.0,0.0,0.0,1.886421199432089e-5,5.597728876189729e-6,8.806999556520623e-8,8.806996097252733e-8,3.4592678917373596e-14,9.541130881196569e-8,9.420259854010439e-8,1.967107232811184e-8,2.129319650959365e-5,2.1293188145919455e-5,8.363673748973201e-12,0.0,0.0,0.0,0.0,1.1168613397252241e-14,1.8049982236710905e-5,0.0,0.0,0.0,0.0,0.0,1.758272996211212e-5,5.597550747726886e-6,7.111417258318512e-8,7.111414465051943e-8,2.7932665635522044e-14,3.6815161092405846e-8,3.277026319025022e-8,6.7705391081630536e-9,1.5070440667770198e-5,1.507043474830924e-5,5.9194611265483486e-12,0.0,0.0,0.0,0.0,2.1126923924166022e-16,1.7957986011482248e-5,0.0,0.0,0.0,0.0,0.0,1.748086683851377e-5,5.597519616437003e-6,6.391419055879151e-8,6.391416545417948e-8,2.5104612054023862e-14
1560.0,0.0005673615361232189,0.000565845958081071,0.0002521910035461537,0.00036944173951343235,0.0003694415944018153,1.4511161709099842e-10,0.0,0.0,0.0,0.0,1.57780726608546e-17,1.920646001477855e-5,0.0,0.0,0.0,0.0,0.0,1.8456488767597885e-5,6.169972169773096e-6,1.031341505030977e-7,1.0313410999342671e-7,4.0509671095966657e-14,4.9587492034919994e-6,6.57852410747819e-6,4.457896708665311e-6,0.000110362766982302,0.00011036272363333023,4.3348971896167054e-11,0.0,0.0,0.0,0.0,1.4438563968583497e-11,6.127822788417166e-5,0.0,0.0,0.0,0.0,0.0,6.055320784885474e-5,6.166655198673402e-6,4.4914081280076133e-7,4.4914063638444823e-7,1.764163132539447e-13,2.957164860857217e-7,4.710639839553395e-7,3.460759449488078e-7,2.6139102492026654e-5,2.6139092224948715e-5,1.0267078746762978e-11,0.0,0.0,0.0,0.0,2.2374148105929085e-13,1.9466425659990555e-5,0.0,0.0,0.0,0.0,0.0,1.872290306534315e-5,6.170184400153725e-6,1.1494856841687357e-7,1.149485232666622e-7,4.515021141692445e-14,8.728500061486524e-8,9.433923815068213e-8,3.019721070973788e-8,9.061436965091637e-6,9.061433405883912e-6,3.559207394660988e-12,0.0,0.0,0.0,0.0,1.5322883645623843e-14,1.925862449362045e-5,0.0,0.0,0.0,0.0,0.0,1.85159203287712e-5,6.170058882809857e-6,1.0232206639215898e-7,1.0232202620146336e-7,4.019069566371736e-14,3.2494716946732116e-8,3.019961822123902e-8,6.120677408174932e-9,4.834122071453597e-6,4.834120172677268e-6,1.8987764401708956e-12,0.0,0.0,0.0,0.0,3.024781430993761e-16,1.9219012167062222e-5,0.0,0.0,0.0,0.0,0.0,1.8472491776569003e-5,6.170005044944697e-6,1.0311662656824206e-7,1.0311658606545417e-7,4.0502787936180604e-14
1680.0,0.00047477991890656915,0.0006057710068677067,0.00048111779934952205,0.00029041448797544663,0.00029041437390464283,1.140708032402471e-10,0.0,0.0,0.0,0.0,1.0409199638016868e-17,1.8854312452225215e-5,0.0,0.0,0.0,0.0,0.0,1.758346356659019e-5,6.5219375285792316e-6,1.0868435322457491e-7,1.0868431053486095e-7,4.268971413375972e-14,3.7718926023844364e-6,1.569247727577829e-5,1.5444139033935206e-5,0.0001349230393415881,0.00013492298634567988,5.299590795419145e-11,0.0,0.0,0.0,0.0,2.07583786192643e-11,4.563206652588874e-5,0.0,0.0,0.0,0.0,0.0,4.418128034064578e-5,6.510021740045261e-6,3.895776080564893e-7,3.895774550357813e-7,1.5302070838550985e-13,2.9460971427610477e-7,1.610245452272616e-6,1.500178663934657e-6,2.1705721184052062e-5,2.1705712658344717e-5,8.525707748378753e-12,0.0,0.0,0.0,0.0,3.4843611424088587e-13,1.9047617906489863e-5,0.0,0.0,0.0,0.0,0.0,1.7755489024596288e-5,6.521930718889585e-6,1.1584116072525487e-7,1.1584111522444571e-7,4.550080935813922e-14,8.276664803562664e-8,1.9536966551861433e-7,1.6207448963562152e-7,7.661400593922819e-6,7.6613975846308e-6,3.0092924281656882e-12,0.0,0.0,0.0,0.0,2.2861915086483644e-14,1.8884734618933e-5,0.0,0.0,0.0,0.0,0.0,1.7595800160709647e-5,6.521928262525207e-6,1.0781312199177366e-7,1.078130796442672e-7,4.234750652825613e-14,3.0299449230858366e-8,3.249828259201287e-8,1.62137066576582e-8,1.4280598562757067e-6,1.428059295352782e-6,5.609222047291431e-13,0.0,0.0,0.0,0.0,3.2961414752346155e-16,1.8862523250029077e-5,0.0,0.0,0.0,0.0,0.0,1.7584744962094426e-5,6.5219269740802005e-6,1.0832856921378073e-7,1.0832852666381381e-7,4.254996708403691e-14
1800.0,0.0004195346552127309,0.0008382346783039616,0.0007236731874263949,0.00025096570090841043,0.0002509656023325463,9.857586406224454e-11,0.0,0.0,0.0,0.0,1.7155148447358958e-17,1.8951977227528176e-5,0.0,0.0,0.0,0.0,0.0,1.6637213807688697e-5,6.309424507958042e-6,1.1156128997785697e-7,1.1156124615812179e-7,4.381973518954812e-14,4.001835109523205e-6,2.2270969319264725e-5,2.296958371997265e-5,5.128603226253701e-5,5.128601211809132e-5,2.0144445740212017e-11,0.0,0.0,0.0,0.0,3.0934963779267616e-11,4.601114032603186e-5,0.0,0.0,0.0,0.0,0.0,4.199130252730506e-5,6.30454575579229e-6,3.3591545824221627e-7,3.3591532629926007e-7,1.319429564607155e-13,3.627137517775783e-7,2.18260610053175e-6,1.945921308581269e-6,2.8206654457405828e-6,2.8206643378219803e-6,1.1079184627138178e-12,0.0,0.0,0.0,0.0,5.302867703508301e-13,1.9028646462774826e-5,0.0,0.0,0.0,0.0,0.0,1.6721114019553837e-5,6.3099383037437e-6,1.2233327705960797e-7,1.2233322900878492e-7,4.805082306493262e-14,7.178718443041215e-8,1.8067000053097964e-7,1.4303124015327207e-7,3.200679265729974e-7,3.2006780085444236e-7,1.2571826471245113e-13,0.0,0.0,0.0,0.0,3.090144568588211e-14,1.897125170705887e-5,0.0,0.0,0.0,0.0,0.0,1.6657074459912574e-5,6.3097020672375604e-6,1.1200134206054211e-7,1.120012980679606e-7,4.3992581575034546e-14,2.4089188494641478e-8,2.992744467459188e-8,1.493620909112563e-8,5.274738711841359e-8,5.274736639990855e-8,2.0718445761345495e-14,0.0,0.0,0.0,0.0,3.2833156005676457e-16,1.8957196700187874e-5,0.0,0.0,0.0,0.0,0.0,1.6642540648535744e-5,6.3095255731100235e-6,1.1153697839816123e-7,1.1153693458797539e-7,4.381018593653648e-14
1920.0,0.0003873735997036074,0.0009327293787164314,0.0009740423385404072,0.00024294727230557864,0.0002429471768792432,9.542633595906382e-11,0.0,0.0,0.0,0.0,7.557562524061465e-18,1.9569523084200177e-5,0.0,0.0,0.0,0.0,0.0,1.5977386942563358e-5,6.9266701730113776e-6,1.1579804026202054e-7,1.1579799477814838e-7,4.548387223523073e-14,2.7591712375746487e-6,2.000229958099089e-5,2.0000257731908987e-5,3.732933485763705e-5,3.732932019518883e-5,1.4662447597982e-11,0.0,0.0,0.0,0.0,4.5804136157451615e-11,3.3275544432672734e-5,0.0,0.0,0.0,0.0,0.0,2.9123301257259694e-5,8.163731506998438e-6,2.427061842859167e-7,2.427060889542769e-7,9.533163991188584e-14,3.220830316198568e-7,1.3708463906321856e-6,1.193442586090287e-6,3.6087611095313255e-6,3.608759692059984e-6,1.4174715639575487e-12,0.0,0.0,0.0,0.0,7.061230990527163e-13,1.9811496387939413e-5,0.0,0.0,0.0,0.0,0.0,1.6200931523216467e-5,6.926970316524448e-6,1.2662178233516655e-7,1.266217325998779e-7,4.9735288757031176e-14,5.617452041332613e-8,9.242200896885195e-8,5.6858056045183977e-8,8.151553730936467e-7,8.151550529127038e-7,3.201817816414209e-13,0.0,0.0,0.0,0.0,3.666005704152519e-14,1.959526042725789e-5,0.0,0.0,0.0,0.0,0.0,1.5990960952624055e-5,6.9268027025732365e-6,1.1629166340787695e-7,1.1629161773011636e-7,4.567776059506551e-14,1.70653867903256e-8,1.7441144262346443e-8,7.3957261454920246e-9,2.0796895939444436e-7,2.0796887770632715e-7,8.168733733784082e-14,0.0,0.0,0.0,0.0,1.5581039749268072e-16,1.9574287032202022e-5,0.0,0.0,0.0,0.0,0.0,1.597764984530859e-5,6.926715820748476e-6,1.157796213242467e-7,1.1577957584760922e-7,4.5476637530649204e-14
2040.0,0.00046744406266336887,0.0018679109132164482,0.0016869429269956914,0.00022848571387943447,0.00022848562413339889,8.974603537462605e-11,0.0,0.0,0.0,0.0,1.07732882113526e-17,2.2239232995165935e-5,0.0,0.0,0.0,0.0,0.0,1.446831994956546e-5,9.173555756450797e-6,1.073944285061525e-7,1.0739438632310298e-7,4.2183049504953996e-14,2.038346489556444e-6,3.500602492114098e-5,3.4439995808413065e-5,4.6820019131936665e-5,4.6820000741679344e-5,1.8390257412210447e-11,0.0,0.0,0.0,0.0,6.602725415611609e-11,3.806353860238075e-5,0.0,0.0,0.0,0.0,0.0,2.4907511306200427e-5,1.949241864556685e-5,2.02729424615838e-7,2.027293449865177e-7,7.962932038127854e-14,2.428264555287031e-7,1.908698462276564e-6,1.7536989486742452e-6,2.6961435758110426e-6,2.6961425168029868e-6,1.0590079905718846e-12,0.0,0.0,0.0,0.0,8.213959072265841e-13,2.2512623930041236e-5,0.0,0.0,0.0,0.0,0.0,1.4698911724296541e-5,9.173399990542595e-6,1.1758071982535195e-7,1.1758067364126783e-7,4.61840841672415e-14,3.906984637506647e-8,1.1860385788177697e-7,9.323304903495492e-8,8.382523833886842e-7,8.382520541346863e-7,3.2925396855288984e-13,0.0,0.0,0.0,0.0,3.989307213202754e-14,2.2252015783285533e-5,0.0,0.0,0.0,0.0,0.0,1.4474915803853876e-5,9.17274034601207e-6,1.0837524207113534e-7,1.0837519950283585e-7,4.2568299538333814e-14,1.1625252977279232e-8,1.2768281464873096e-8,5.676605937289974e-9,3.294545595016629e-7,3.2945443009667166e-7,1.2940520459400697e-13,0.0,0.0,0.0,0.0,1.0520756733884699e-16,2.2239082952137653e-5,0.0,0.0,0.0,0.0,0.0,1.4466354383789414e-5,9.173316224608665e-6,1.0733522271936658e-7,1.0733518055957238e-7,4.2159794288927336e-14
2160.0,0.0013806155437943992,0.005780355287770097,0.004583227232193144,0.00034333231093401596,0.00034333217607782193,1.3485619384761777e-10,0.0,0.0,0.0,0.0,1.7061374112460576e-17,5.6977887187156666e-5,0.0,0.0,0.0,0.0,0.0,3.5942995353219526e-5,2.272376715466437e-5,4.2818076614496946e-7,4.281805979614731e-7,1.6818349617017242e-13,9.454728260473947e-6,0.0006156390300527448,0.0006067899438783145,4.5569155308280244e-5,4.556913740934535e-5,1.7898935363839855e-11,0.0,0.0,0.0,0.0,9.163677259254932e-11,0.00015383604816850526,0.0,0.0,0.0,0.0,0.0,9.700749020046784e-5,5.693324491339086e-5,1.528232888556844e-6,1.528232288288054e-6,6.002687894502735e-13,3.8121549384827896e-7,9.169976846495999e-5,9.140619766112848e-5,1.617416651295862e-5,1.6174160159968788e-5,6.352989407438416e-12,0.0,0.0,0.0,0.0,8.680652665212589e-13,5.648693630398875e-5,0.0,0.0,0.0,0.0,0.0,3.569120702961525e-5,2.2517715890426476e-5,4.554800182607159e-7,4.554798393544501e-7,1.7890626567940056e-13,1.6981149800763054e-7,1.3901296890609568e-5,1.3900556852057166e-5,9.706600155401823e-7,9.70659634277757e-7,3.812618592747117e-13,0.0,0.0,0.0,0.0,4.230777551913915e-14,5.703163191068917e-5,0.0,0.0,0.0,0.0,0.0,3.59947200374024e-5,2.2721608992004694e-5,4.2790572267835805e-7,4.2790555460289533e-7,1.6807546289200837e-13,1.5928842655651976e-7,2.4725696821747177e-6,2.3977063238479428e-6,1.3772493631914262e-7,1.3772488222262296e-7,5.40964544216896e-14,0.0,0.0,0.0,0.0,1.295313445659388e-16,5.69943909486007e-5,0.0,0.0,0.0,0.0,0.0,3.594817030698726e-5,2.273223754789363e-5,4.283191597100442e-7,4.283189914721887e-7,1.6823785525274234e-13
2280.0,0.0016430646211254797,0.005873643670239411,0.004407315407065455,0.00038667784694389244,0.00038667769506217067,1.5188172223635207e-10,0.0,0.0,0.0,0.0,1.53561015728179e-17,7.727350335792766e-5,0.0,0.0,0.0,0.0,0.0,6.059706116060888e-5,1.8035322120907086e-5,1.2079937861229638e-6,1.2079933116396754e-6,4.744832892218656e-13,2.313670524457063e-5,0.0008354390121855114,0.0008132481987136782,9.789605845002603e-5,9.789601999780455e-5,3.845222082168602e-11,0.0,0.0,0.0,0.0,1.240055500393722e-10,0.0003884002713452348,0.0,0.0,0.0,0.0,0.0,0.0003013708241665531,8.910033934547309e-5,7.396617777540458e-6,7.3966148722510675e-6,2.9052893918173505e-12,6.208188008229379e-7,0.00019528925922932943,0.00019488469781314075,2.2116682487579536e-5,2.2116673800452414e-5,8.687127677256062e-12,0.0,0.0,0.0,0.0,8.32749232379322e-13,7.324202971750427e-5,0.0,0.0,0.0,0.0,0.0,5.734468483609268e-5,1.726382841326974e-5,1.1114142983927387e-6,1.1114138618445385e-6,4.365481992106201e-13,5.0377782072254934e-8,3.9981657697330566e-5,3.994492686945389e-5,5.036246159371881e-6,5.036244181203419e-6,1.9781679926512312e-12,0.0,0.0,0.0,0.0,4.324986958254586e-14,7.742392196896982e-5,0.0,0.0,0.0,0.0,0.0,6.078325457652015e-5,1.8006304625381923e-5,1.2185336944109032e-6,1.2185332157876832e-6,4.78623219749662e-13,1.8777650832683956e-8,8.56311572405387e-6,8.548292831386818e-6,1.181266508029634e-6,1.1812660440443797e-6,4.639851832152791e-13,0.0,0.0,0.0,0.0,3.334991301950638e-16,7.725105593528643e-5,0.0,0.0,0.0,0.0,0.0,6.0571605667791514e-5,1.803822229047466e-5,1.2060287747550167e-6,1.206028301043557e-6,4.73711459873129e-13
2400.0,0.0008931106715468931,0.003502880582021624,0.0029485632024207624,0.0002510842932831146,0.0002510841946606691,9.862244551048787e-11,0.0,0.0,0.0,0.0,1.7429548772997103e-17,5.174563702405893e-5,0.0,0.0,0.0,0.0,0.0,4.8212117629979716e-5,1.9100312955341922e-5,1.1151627494235446e-6,1.1151623114030061e-6,4.380205390479731e-13,1.6776841602662157e-5,0.0004077075270091049,0.00039167856355975075,8.273536316615664e-5,8.273533066884796e-5,3.2497308927421824e-11,0.0,0.0,2.5870203058674687e-5,0.0,1.6601020762193337e-10,0.000265207915495007,2.5870203058674796e-5,2.587020305867458e-5,0.0,0.0,0.0,0.0002471851665484781,2.0256867632889346e-5,7.072989601911286e-6,7.072986823738579e-6,2.778172710406067e-12,5.499819580273395e-7,0.00010097504489560721,0.00010068778610428295,2.008848489193585e-5,2.008847700145594e-5,7.8904796502315e-12,0.0,0.0,0.0,0.0,5.214237096236671e-13,4.830547646493069e-5,0.0,0.0,0.0,0.0,0.0,4.4955942926852585e-5,1.877991688916119e-5,1.0116208386700426e-6,1.0116204413193375e-6,3.9735070535262195e-13,5.594880910560901e-8,2.0935338525080108e-5,2.0899559220693344e-5,4.973292562299763e-6,4.973290608859071e-6,1.953440688463091e-12,0.0,0.0,0.0,0.0,3.760241169149894e-14,5.2096582859170756e-5,0.0,0.0,0.0,0.0,0.0,4.8556539172671734e-5,1.9208202490782066e-5,1.1282186776669643e-6,1.1282182345182375e-6,4.4314872749392936e-13,2.070070048232689e-8,4.7720456385983135e-6,4.757888405024348e-6,1.2749707035872867e-6,1.274970202795763e-6,5.007908981396365e-13,0.0,0.0,0.0,0.0,9.733163984943446e-16,5.1781605948404894e-5,0.0,0.0,0.0,0.0,0.0,4.8240376267856315e-5,1.9083650349933276e-5,1.1149023389227805e-6,1.1149019010045275e-6,4.3791825339686284e-13
2520.0,0.0009519033701546175,0.003436233708460809,0.0026803836460953475,0.000207289955135062,0.000207289873714428,8.142063383521862e-11,0.0,0.0,0.0007514652396056373,0.0,2.5694589352361665e-17,4.537728930392359e-5,0.0007514652396056372,0.0007514652396056374,0.0,0.0,0.0,2.8908688646587544e-5,2.4942224210312198e-5,6.879188233663985e-7,6.879185531613781e-7,2.7020502073617396e-13,1.193920746555199e-5,8.47048149426918e-5,8.07290962505504e-5,7.141163336536331e-5,7.141160531585862e-5,2.8049504125887836e-11,0.0,0.0,0.0007639121968446308,0.0,2.1629625305829635e-10,0.00017715629130144072,0.0007639121968446311,0.0007639121968446305,0.0,0.0,0.0,0.00017581324496897708,2.5055595609047234e-5,5.296755910804684e-6,5.296753830312057e-6,2.0804926280540817e-12,4.3695104948345e-7,5.072086763058292e-6,4.85290461061792e-6,1.91782225421464e-5,1.9178215009206265e-5,7.532941160593975e-12,0.0,0.0,0.0007544134497971152,0.0,2.963028929440209e-13,4.556927264583407e-5,0.0007544134497971151,0.0007544134497971154,0.0,0.0,0.0,2.669029250806143e-5,2.4922296088650932e-5,6.142157631895373e-7,6.14215521934061e-7,2.4125547577976085e-13,6.533887653668857e-8,5.156259957076994e-7,4.744100520054421e-7,5.140539258545274e-6,5.140537239411976e-6,2.0191328827913084e-12,0.0,0.0,0.0007512497298867767,0.0,3.657434847537999e-14,4.543237532136039e-5,0.0007512497298867767,0.0007512497298867767,0.0,0.0,0.0,2.9147559036799333e-5,2.495349741217412e-5,6.964208676269342e-7,6.964205940824279e-7,2.735445063959436e-13,2.63127753071489e-8,9.37331475742867e-8,7.369338175058983e-8,1.4271957115593525e-6,1.4271951509765945e-6,5.605827806098763e-13,0.0,0.0,0.0007514017459340162,0.0,2.6205696000213998e-15,4.539437516683339e-5,0.0007514017459340164,0.000751401745934016,0.0,0.0,0.0,2.8978101103963356e-5,2.4952537303991197e-5,6.895806293248309e-7,6.89580358467076e-7,2.7085775518420124e-13
2640.0,0.0008710222067217733,0.002799359291897163,0.002133397580875913,0.000221804369305663,0.0002218042821839679,8.712169542668476e-11,0.0,0.0,0.0008606503320130226,0.0,2.2091286157897875e-17,4.313722575202013e-5,0.0008606503320130222,0.0008606503320130229,0.0,0.0,0.0,2.5194024481962007e-5,2.0875510264467567e-5,4.0654494549100375e-7,4.0654478580575976e-7,1.5968524438540464e-13,7.534873410704884e-6,8.216811044229423e-5,7.812999014467526e-5,6.25833096206652e-5,6.258328503880469e-5,2.458186038730214e-11,0.0,0.0,0.0008637358794663287,0.0,2.7528283204494727e-10,9.912042143354554e-5,0.0008637358794663288,0.0008637358794663288,0.0,0.0,0.0,9.798459343194e-5,2.7745245536255725e-5,3.018504963723423e-6,3.0185037780963287e-6,1.1856270952491724e-12,4.55608290044103e-7,2.82872374719581e-6,2.643945182379486e-6,1.734537803183457e-5,1.7345371218809212e-5,6.813025129670335e-12,0.0,0.0,0.0008613634780946061,0.0,9.080686286600641e-13,4.3076768255375067e-5,0.000861363478094606,0.0008613634780946062,0.0,0.0,0.0,2.5487123625058505e-5,2.082548745593549e-5,3.7531660636033213e-7,3.753164589411487e-7,1.4741918371698608e-13,5.9535691652231465e-8,2.535326441508684e-7,2.1125101627974128e-7,4.754328852313687e-6,4.754326984878868e-6,1.8674347648161503e-12,0.0,0.0,0.0008605428742730555,0.0,6.949181196948928e-14,4.3203717402854685e-5,0.0008605428742730556,0.0008605428742730558,0.0,0.0,0.0,2.5269072235555043e-5,2.0882007538745447e-5,4.123501628598212e-7,4.1235000089436765e-7,1.6196545365754396e-13,2.1429066754136833e-8,4.292429389140726e-8,2.351010656243675e-8,1.3562424739427337e-6,1.3562419412287654e-6,5.327133280081731e-13,0.0,0.0,0.0008606321893091261,0.0,5.5346735745088984e-15,4.3160936229739066e-5,0.0008606321893091257,0.0008606321893091264,0.0,0.0,0.0,2.5216425095235322e-5,2.0884512564087506e-5,4.0773200762177183e-7,4.0773184747026575e-7,1.6015150600925418e-13
2760.0,0.0006875449167290945,0.0025505519110351075,0.00205994124683876,0.0002350358017160764,0.000235035709397257,9.231881948752869e-11,0.0,0.0,0.0007671688842451623,0.0,2.244873025168746e-17,3.550929478061116e-5,0.0007671688842451618,0.0007671688842451627,0.0,0.0,0.0,2.3709079705731557e-5,1.5632110224572964e-5,3.376580221371635e-7,3.3765788950975225e-7,1.326274115117696e-13,6.083224790647511e-6,7.488954129325819e-5,7.203872573047018e-5,5.734896886330086e-5,5.734894633741665e-5,2.252588357020879e-11,0.0,0.0,0.0007710296485334265,0.0,3.639918247170361e-10,6.29834470832835e-5,0.0007710296485334261,0.000771029648533427,0.0,0.0,0.0,6.249448186325585e-5,2.2060763786680982e-5,1.9020734765451082e-6,1.9020727294368945e-6,7.47108213519342e-13,1.0115197751655973e-6,3.002816662711598e-6,2.5866439465718005e-6,1.584081761697705e-5,1.5840811394922335e-5,6.222054561215786e-12,0.0,0.0,0.0007671011982264557,0.0,1.2540898590292962e-12,3.536754440347042e-5,0.0007671011982264553,0.0007671011982264557,0.0,0.0,0.0,2.3751155352641684e-5,1.546696074953999e-5,3.341195913981438e-7,3.3411946016057884e-7,1.3123756474681047e-13,1.2912609038658387e-7,2.3127482749135515e-7,1.2551597675461153e-7,5.472547525235751e-6,5.472545375693744e-6,2.149541148328542e-12,0.0,0.0,0.0007671363698620788,0.0,1.207987936946358e-13,3.5487486852930875e-5,0.0007671363698620783,0.0007671363698620792,0.0,0.0,0.0,2.370768249284052e-5,1.5541349286804818e-5,3.371310213698171e-7,3.37130888949404e-7,1.3242041288281498e-13,2.6620467676128495e-8,3.067479207011921e-8,6.653601874162152e-9,2.773366330969201e-6,2.7733652416288686e-6,1.0893400231463475e-12,0.0,0.0,0.0007671675739740146,0.0,8.982036396231341e-15,3.5506699191459615e-5,0.000767167573974015,0.0007671675739740142,0.0,0.0,0.0,2.3707084513856042e-5,1.5612469819465842e-5,3.372369661445432e-7,3.3723683368251683e-7,1.324620265283201e-13
2880.0,0.0007006562058803618,0.0026216022753937484,0.0021498162520716493,0.0002207375026150289,0.00022073741591238373,8.670264491305731e-11,0.0,0.0,0.0006495149286896633,0.0,1.6241753239061797e-17,3.672286602588876e-5,0.0006495149286896637,0.0006495149286896633,0.0,0.0,0.0,2.3758103321006385e-5,1.6805520992524884e-5,3.384981300021749e-7,3.38497997044781e-7,1.3295739428789896e-13,5.066864893561902e-6,8.361528087155435e-5,8.07759716317024e-5,7.610509728182916e-5,7.610506738879775e-5,2.989303198382235e-11,0.0,0.0,0.0006604356659823812,0.0,4.471175536448171e-10,5.238463518572488e-5,0.0006604356659823812,0.0006604356659823817,0.0,0.0,0.0,5.180157783229847e-5,1.861628437864662e-5,1.5152709237184572e-6,1.515270328540949e-6,5.95177508533147e-13,8.37642728279079e-7,3.3051248218017214e-6,3.1847458941855235e-6,2.0439055330842066e-5,2.043904730266426e-5,8.028178880862508e-12,0.0,0.0,0.0006492765417245548,0.0,8.645118218554743e-13,3.7321979242848e-5,0.0006492765417245548,0.0006492765417245548,0.0,0.0,0.0,2.3928076168797847e-5,1.6963915479926133e-5,3.5197872547155053e-7,3.5197858721916534e-7,1.3825238615992475e-13,9.786108504279689e-8,2.0082800498112866e-7,1.3220090817413906e-7,5.8722246724284665e-6,5.872222365899983e-6,2.306528816316383e-12,0.0,0.0,0.0006494745243688909,0.0,1.9793516837166892e-13,3.6661468950786284e-5,0.0006494745243688909,0.0006494745243688909,0.0,0.0,0.0,2.378568192569199e-5,1.676647523050421e-5,3.3955443260017163e-7,3.3955429922787613e-7,1.3337229537171953e-13,1.9470207989705918e-8,2.6355270236675673e-8,9.251511559219657e-9,1.3807822792826657e-6,1.380781736929941e-6,5.423522249034299e-13,0.0,0.0,0.0006495108180048937,0.0,1.2634196908641745e-14,3.670694203146775e-5,0.0006495108180048937,0.0006495108180048937,0.0,0.0,0.0,2.376205444893492e-5,1.6796897902089645e-5,3.384617912219788e-7,3.384616582788579e-7,1.3294312091650277e-13
3000.0,0.0006766348023655418,0.0024878902192383024,0.0020367382494211423,0.00020037274745705208,0.00020037266875340192,7.870365011477513e-11,0.0,0.0,0.0005309767703515658,0.0,2.1673023127637363e-17,3.543013715042994e-5,0.0005309767703515662,0.0005309767703515658,0.0,0.0,0.0,2.419357904618585e-5,1.541427507464693e-5,3.720896312160875e-7,3.720894850644147e-7,1.4615167241165672e-13,3.8056949496182053e-6,6.810064381695498e-5,6.632464864467016e-5,6.578598289877993e-5,6.578595705895412e-5,2.5839826254974935e-11,0.0,0.0,0.00054391362140516,0.0,5.087876203997188e-10,4.824798577658796e-5,0.00054391362140516,0.00054391362140516,0.0,0.0,0.0,4.7883763560461694e-5,1.6429635398248507e-5,1.4424482049726233e-6,1.4424476383988735e-6,5.665737495423827e-13,5.936236559325736e-7,2.742555433897778e-6,2.448018372634754e-6,1.6448028462579396e-5,1.644802200201983e-5,6.460558602033309e-12,0.0,0.0,0.0005307340604991007,0.0,1.6257353751749606e-13,3.620720849985366e-5,0.0005307340604991002,0.0005307340604991007,0.0,0.0,0.0,2.462096085986464e-5,1.5554757832294233e-5,3.8769996757548435e-7,3.876998152922872e-7,1.5228319711547051e-13,7.17361879065681e-8,1.4461042257117583e-7,9.750946801691986e-8,3.748282603368742e-6,3.7482811310952616e-6,1.4722736813799926e-12,0.0,0.0,0.0005309438403732127,0.0,2.648439242875216e-13,3.5425926598018935e-5,0.0005309438403732127,0.0005309438403732127,0.0,0.0,0.0,2.4254474694413787e-5,1.5380036793001092e-5,3.72174037089257e-7,3.7217389090443103e-7,1.4618482587386096e-13,2.034777284859457e-8,2.5138356416898672e-8,7.171898679353491e-9,8.289644799371094e-7,8.289641543308279e-7,3.2560580824733e-13,0.0,0.0,0.0005309734252106103,0.0,1.5536986039700835e-14,3.5430164290848664e-5,0.0005309734252106103,0.0005309734252106103,0.0,0.0,0.0,2.420956767746578e-5,1.5406228796946888e-5,3.7262496273017555e-7,3.726248163682324e-7,1.4636194324296924e-13
3120.0,0.0006571524799223634,0.0024378071075935753,0.00202876440300121,0.0002096528604902647,0.0002096527781415145,8.234875045132726e-11,0.0,0.0,0.0004381299151393781,0.0,2.2403789436812888e-17,3.330822746282021e-5,0.0004381299151393781,0.0004381299151393781,0.0,0.0,0.0,2.260649125119833e-5,1.3629082598232368e-5,4.0758374553994574e-7,4.0758358544667513e-7,1.6009327070948684e-13,3.827573738496466e-6,6.743429500840974e-5,6.594541279927314e-5,6.18916483122567e-5,6.189162400207165e-5,2.431018537008683e-11,0.0,0.0,0.0004501057699357377,0.0,5.914054462016742e-10,4.460874565463749e-5,0.0004501057699357377,0.0004501057699357377,0.0,0.0,0.0,4.4210333505336864e-5,1.3634243010554644e-5,1.3286847460624587e-6,1.3286842241734256e-6,5.218890327855223e-13,8.103331826979712e-7,4.014784056755853e-6,3.525066822030484e-6,1.4249688339046124e-5,1.4249682741964828e-5,5.597080937971363e-12,0.0,0.0,0.0004378516712915687,0.0,4.968392525618397e-13,3.378342640750622e-5,0.0004378516712915687,0.0004378516712915696,0.0,0.0,0.0,2.2802473042835852e-5,1.3646244081457131e-5,4.1842722553658025e-7,4.184270611841397e-7,1.643524400152556e-13,6.04616641270133e-7,2.142856711788598e-6,1.5677642153103138e-6,3.0497560269719732e-6,3.0497548290702817e-6,1.1979020816376122e-12,0.0,0.0,0.000438111288122562,0.0,3.14713761477487e-13,3.326267431587129e-5,0.000438111288122562,0.00043811128812256284,0.0,0.0,0.0,2.26015677388111e-5,1.3589921984900207e-5,4.0639293689724727e-7,4.0639277727170984e-7,1.596255375074522e-13,5.910384975058372e-7,2.0821538232128107e-6,1.5170350452522333e-6,6.364634478426894e-7,6.364631978488484e-7,2.499940592999933e-13,0.0,0.0,0.0004381332693423612,0.0,1.8519967693092493e-14,3.330923519212872e-5,0.0004381332693423612,0.00043813326934236205,0.0,0.0,0.0,2.260413006297651e-5,1.361283699001125e-5,4.0712608225136057e-7,4.071259223378536e-7,1.5991350688535229e-13
3240.0,0.000609498913582644,0.0024293871421991794,0.0020665094442880775,0.00021191360070020858,0.00021191351746347053,8.32367380082275e-11,0.0,0.0,0.0003606373647382626,0.0,5.935599440190506e-18,3.0300095956447484e-5,0.0003606373647382626,0.0003606373647382626,0.0,0.0,0.0,2.1655295953409015e-5,1.0614267975657686e-5,3.9946295593967943e-7,3.9946279903614257e-7,1.5690353661906564e-13,2.9783694694969325e-6,6.190058970070533e-5,6.045876399954952e-5,5.992096704408963e-5,5.992094350796034e-5,2.3536128962786293e-11,0.0,0.0,0.00037139419831256487,0.0,6.969987522179735e-10,4.193381253253779e-5,0.00037139419831256487,0.000371394198312564,0.0,0.0,0.0,4.1499193257606204e-5,1.2161693163443328e-5,1.2363365658196493e-6,1.2363360802037071e-6,4.85615941964506e-13,3.6409840838830254e-7,1.7406718535734714e-6,1.7455615992864318e-6,1.2968699657149222e-5,1.29686945632227e-5,5.093926260998446e-12,0.0,0.0,0.0003603616485650992,0.0,2.4344029435292433e-13,3.043837798168186e-5,0.0003603616485650992,0.0003603616485650992,0.0,0.0,0.0,2.16964083030175e-5,1.0630957336409729e-5,4.0794085169807135e-7,4.0794069146453484e-7,1.602335370804364e-13,4.596127968665986e-8,2.1406309422518903e-7,1.9822993552204115e-7,2.619559945986361e-6,2.61955891705949e-6,1.0289269976087142e-12,0.0,0.0,0.00036061873659004595,0.0,3.61682552821545e-13,3.0228037192832214e-5,0.00036061873659004595,0.0003606187365900451,0.0,0.0,0.0,2.16472622956607e-5,1.0589733247807908e-5,3.9914961561786776e-7,3.991494588374076e-7,1.5678046086466484e-13,3.0340578235574234e-8,1.5125112739547436e-7,1.4056478004922078e-7,5.119121783050976e-7,5.119119772334966e-7,2.0107203939703648e-13,0.0,0.0,0.00036063466521178526,0.0,2.2525038614240665e-14,3.028496951764134e-5,0.00036063466521178526,0.00036063466521178526,0.0,0.0,0.0,2.165795766221076e-5,1.0607554753442919e-5,3.9963472887000134e-7,3.9963457189899524e-7,1.5697100665567924e-13
3360.0,0.0005996699735423068,0.0024251772360476412,0.0020670174866363987,0.00021331534508732541,0.00021331526130000152,8.378732385981722e-11,0.0,0.0,0.0002864609540491631,0.0,3.1009941832356234e-17,2.7823353072843997e-5,0.0002864609540491631,0.000286460954049164,0.0,0.0,0.0,2.0534404718512867e-5,9.454055220660453e-6,3.852951685865183e-7,3.8529501724789295e-7,1.5133862525813965e-13,3.0602099990047725e-6,5.212064586517385e-5,5.134716978617123e-5,5.757355601607781e-5,5.757353340197992e-5,2.2614098304581434e-11,0.0,0.0,0.00029585031761204805,0.0,8.288597325172409e-10,3.943770157276649e-5,0.00029585031761204805,0.0002958503176120489,0.0,0.0,0.0,3.766997700134863e-5,1.0133540220961323e-5,1.1096889755618836e-6,1.109688539691368e-6,4.3587051621162003e-13,4.638185855786875e-7,2.63254856047198e-6,2.5352846204350135e-6,1.141163943253384e-5,1.1411634950199352e-5,4.482334491753433e-12,0.0,0.0,0.0002862292165127806,0.0,6.26634439047957e-13,2.7900993699814173e-5,0.0002862292165127806,0.00028622921651277975,0.0,0.0,0.0,2.055914817751418e-5,9.393321754462878e-6,3.9059373306134694e-7,3.9059357964151837e-7,1.5341982826518462e-13,2.7063453881658733e-7,1.5994520922839756e-6,1.4536740676676384e-6,2.134179977563141e-6,2.1341791392870574e-6,8.382764441161083e-13,0.0,0.0,0.0002864501953239833,0.0,4.203085095934294e-13,2.7760987701205616e-5,0.0002864501953239833,0.0002864501953239824,0.0,0.0,0.0,2.0523860111275493e-5,9.426002682750141e-6,3.8484242962598834e-7,3.8484227846519256e-7,1.5116079564211102e-13,2.5217951487785384e-7,1.5760217866260955e-6,1.435634283644063e-6,3.888612417107281e-7,3.8886108897087195e-7,1.527393295704474e-13,0.0,0.0,0.0002864610621832967,0.0,2.746316944961928e-14,2.7814115105019112e-5,0.0002864610621832967,0.0002864610621832976,0.0,0.0,0.0,2.0533558221746227e-5,9.44408976236358e-6,3.85222713294363e-7,3.852225619841973e-7,1.5131016581924351e-13
3480.0,0.0006086352922196822,0.002987891342242243,0.0026171442601561528,0.00020562986779301624,0.0002056297870244412,8.076857443599156e-11,0.0,0.0,0.00022027908933056235,0.0,1.9725080228827422e-17,2.558727473870898e-5,0.00022027908933056235,0.00022027908933056235,0.0,0.0,0.0,1.9315927866742116e-5,7.828928315502302e-6,3.579791751948969e-7,3.579790345856174e-7,1.4060928000677292e-13,4.094593116453146e-6,5.6983021850358335e-5,5.4978910496546255e-5,5.4176444608131254e-5,5.417642332837185e-5,2.1279759822701497e-11,0.0,0.0,0.0002282765847753023,0.0,9.41132926276358e-10,3.6317152553231235e-5,0.0002282765847753023,0.00022827658477530318,0.0,0.0,0.0,3.3243845825250877e-5,8.261433582104171e-6,9.373677944656866e-7,9.373674262805514e-7,3.68185134259831e-13,5.375347865970576e-7,1.3466542419955154e-6,1.5847201312413363e-6,9.345647517674692e-6,9.345643846833766e-6,3.670841377691606e-12,0.0,0.0,0.0002200746591964186,0.0,1.1425688055803183e-12,2.5576169755757865e-5,0.0002200746591964186,0.0002200746591964186,0.0,0.0,0.0,1.9350148806101345e-5,7.793861698676919e-6,3.627283253507273e-7,3.6272818287604657e-7,1.4247468065107481e-13,8.605809058946645e-8,3.1553242627511755e-7,2.711329109916545e-7,1.5233858872508533e-6,1.523385288885701e-6,5.983649542244951e-13,0.0,0.0,0.00022026889264169583,0.0,5.01795711113886e-13,2.5581187785204736e-5,0.00022026889264169583,0.00022026889264169583,0.0,0.0,0.0,1.930925885759136e-5,7.819464949039585e-6,3.5783264228018677e-7,3.5783250172846304e-7,1.4055172389998679e-13,4.549209329683321e-8,3.0145692330643816e-7,2.6245751734336384e-7,2.384669004440073e-7,2.3846680677747036e-7,9.366650771942754e-14,0.0,0.0,0.00022027682175748513,0.0,3.225255489881521e-14,2.5591163442124133e-5,0.00022027682175748513,0.00022027682175748513,0.0,0.0,0.0,1.931836642405481e-5,7.826339939912007e-6,3.5808558635835405e-7,3.5808544570727753e-7,1.4065107684333517e-13
3600.0,0.000524311439049783,0.0021922312456267436,0.0019065490765466497,0.00019940179993711206,0.00019940172161483688,7.832227532773971e-11,0.0,0.0,0.0001680023648269694,0.0,5.560889550947083e-17,2.2619748116111603e-5,0.0001680023648269694,0.00016800236482697028,0.0,0.0,0.0,1.806524045849115e-5,6.203295656995959e-6,3.236929597261956e-7,3.236928325840676e-7,1.2714212771059124e-13,3.2741222501168725e-6,3.4691700903810465e-5,3.4217119627157994e-5,5.131365120230323e-5,5.131363104700828e-5,2.01552940786186e-11,0.0,0.0,0.00017476399216166325,0.0,1.0573256809461897e-9,3.4421970611346756e-5,0.00017476399216166325,0.00017476399216166325,0.0,0.0,0.0,3.053727248815051e-5,7.37814416791232e-6,8.350887133975645e-7,8.350883853862427e-7,3.280113226382104e-13,1.1300400889861784e-6,1.262019704235092e-6,8.7350825214653e-7,7.422905202272908e-6,7.422902286657935e-6,2.9156147294936516e-12,0.0,0.0,0.00016783913211655503,0.0,7.477496521105665e-13,2.2643939719906443e-5,0.00016783913211655503,0.0001678391321165559,0.0,0.0,0.0,1.803748807150034e-5,6.163186194637479e-6,3.2760869980694817e-7,3.2760857112677183e-7,1.286801763782225e-13,1.4925679063136285e-7,1.3022299403565153e-7,4.021696098534809e-8,1.0224362319342985e-6,1.022435830334713e-6,4.015988425773502e-13,0.0,0.0,0.00016799830861217828,0.0,5.993536792715003e-13,2.260920823367384e-5,0.00016799830861217828,0.00016799830861217828,0.0,0.0,0.0,1.805232148196217e-5,6.186998968765382e-6,3.236169788768642e-7,3.236168517645804e-7,1.2711228348148737e-13,2.8253727931467493e-8,2.9667440154619156e-8,9.234489219162908e-9,1.3444770575996238e-7,1.3444765295070313e-7,5.280920348281336e-14,0.0,0.0,0.00016800165146569832,0.0,3.5594967074844363e-14,2.2619935500782025e-5,0.00016800165146569832,0.00016800165146569918,0.0,0.0,0.0,1.806527578092103e-5,6.198345833648612e-6,3.237211697690903e-7,3.237210426158818e-7,1.271532082261497e-13
3720.0,0.0005096097395246137,0.002109434275817,0.0018399019859906825,0.00019234865442137983,0.0001923485788694824,7.555189710054214e-11,0.0,0.0,0.0001247365752943784,0.0,1.0686745989971534e-17,2.0795748881694538e-5,0.0001247365752943784,0.0001247365752943784,0.0,0.0,0.0,1.7162928054270886e-5,5.045681640388254e-6,2.950636620153482e-7,2.9506354611841335e-7,1.1589693464585443e-13,2.5373215588949012e-6,3.0077159178427594e-5,2.953927701160928e-5,4.845385677781129e-5,4.8453837745804014e-5,1.9032006293019513e-11,0.0,0.0,0.0001300906219934509,0.0,1.1709431588933435e-9,3.1148426070739095e-5,0.0001300906219934509,0.00013009062199345178,0.0,0.0,0.0,2.7435786272693622e-5,5.8604000173427224e-6,7.349399751582219e-7,7.34939686483942e-7,2.88674280281615e-13,7.125893972423185e-7,8.048380482528056e-7,5.257653733864628e-7,5.940068601985125e-6,5.940066268808653e-6,2.3331769756194325e-12,0.0,0.0,0.00012461254774476585,0.0,4.5089885903281635e-13,2.0734288137051336e-5,0.00012461254774476585,0.00012461254774476585,0.0,0.0,0.0,1.714117969416501e-5,4.980007177810856e-6,2.978067224808482e-7,2.9780660550647706e-7,1.169743709432563e-13,8.397424623544925e-8,6.849919745182335e-8,2.337881534694171e-8,6.977274351721356e-7,6.977271611143017e-7,2.740577080973129e-13,0.0,0.0,0.00012473299929479688,0.0,6.574936183084503e-13,2.0775404100317837e-5,0.00012473299929479688,0.00012473299929479688,0.0,0.0,0.0,1.7147566596989145e-5,5.033134777767169e-6,2.949258513850709e-7,2.9492573554226593e-7,1.1584280453202874e-13,1.473158262521243e-8,1.5499969284452077e-8,5.382208273926883e-9,7.754896984660761e-8,7.75489393869262e-8,3.0460165202482626e-14,0.0,0.0,0.00012473564529569096,0.0,3.772059142376443e-14,2.0794133509455425e-5,0.00012473564529569096,0.00012473564529569183,0.0,0.0,0.0,1.7161705904530864e-5,5.042760173888119e-6,2.9505954541977665e-7,2.950594295244595e-7,1.158953177039217e-13
3840.0,0.0004941996436231928,0.0019858735231175046,0.0017421860838278255,0.00019441601698169694,0.0001944159406177687,7.636392858522505e-11,0.0,0.0,7.444258838851074e-5,0.0,1.2279223364665468e-17,1.8164180109106063e-5,7.444258838851074e-5,7.444258838851074e-5,0.0,0.0,0.0,1.54290970704308e-5,4.149151878386396e-6,2.7972919813192155e-7,2.797290882581531e-7,1.0987376884364108e-13,2.448048227617159e-6,2.399963211754644e-5,2.3035527816501516e-5,4.5281799843835196e-5,4.528178205776965e-5,1.7786066102828575e-11,0.0,0.0,7.876491673812838e-5,0.0,1.3181986281137076e-9,2.4640308185820913e-5,7.876491673812838e-5,7.876491673812838e-5,0.0,0.0,0.0,2.1653210905024813e-5,4.449038210085346e-6,5.169225746170661e-7,5.169223715770122e-7,2.030400539265475e-13,6.269212805068425e-7,6.525179382950869e-7,3.9559065527124595e-7,4.679041297823075e-6,4.679039459959706e-6,1.837862852358992e-12,0.0,0.0,7.435663999390447e-5,0.0,1.7475511543846663e-12,1.7992478765460656e-5,7.435663999390447e-5,7.435663999390361e-5,0.0,0.0,0.0,1.5276365021155487e-5,4.111217195153254e-6,2.793828335202915e-7,2.7938272378256933e-7,1.0973772160392467e-13,7.647483886126863e-8,6.771410550763181e-8,1.605461242042548e-8,4.5911882876366323e-7,4.5911864842834865e-7,1.8033554023061738e-13,0.0,0.0,7.443989449867558e-5,0.0,6.465630771306608e-13,1.812754078646426e-5,7.443989449867558e-5,7.443989449867471e-5,0.0,0.0,0.0,1.5395148097816916e-5,4.140858391209656e-6,2.794786442003932e-7,2.794785344250381e-7,1.0977535471690912e-13,1.928593429271e-8,2.043620121951839e-8,5.087503541328006e-9,4.295804014606393e-8,4.295802327283839e-8,1.68733253605647e-14,0.0,0.0,7.444143162389089e-5,0.0,3.995436206720118e-14,1.8161041784300325e-5,7.444143162389089e-5,7.444143162389089e-5,0.0,0.0,0.0,1.542626244425116e-5,4.147069441432935e-6,2.7973400780576636e-7,2.7973389793010833e-7,1.0987565801715521e-13
3960.0,0.0004976159568320332,0.001978830139863087,0.0017064781217409467,0.00023081171688829003,0.0002308116262286328,9.065965725833145e-11,0.0,0.0,4.0817829199181824e-5,0.0,1.3469449697222953e-17,1.6907946874277014e-5,4.0817829199181824e-5,4.0817829199181824e-5,0.0,0.0,0.0,1.4789019157998362e-5,3.7503552338618317e-6,2.793366558710283e-7,2.7933654615144454e-7,1.0971958366053265e-13,2.312562131419945e-6,2.044513292342516e-5,1.9604032559103787e-5,4.359395991740666e-5,4.359394279430096e-5,1.7123105871433706e-11,0.0,0.0,4.4210603654615266e-5,0.0,1.4578400463048812e-9,2.2362999807209913e-5,4.4210603654615266e-5,4.421060365461613e-5,0.0,0.0,0.0,1.967422670805804e-5,3.799550103787577e-6,4.5645019228533474e-7,4.564500129979979e-7,1.792873366481483e-13,5.735057143096446e-7,5.549028792380848e-7,3.303179591495594e-7,3.843131513157888e-6,3.843130003628177e-6,1.5095290242569729e-12,0.0,0.0,4.075434455430571e-5,0.0,6.9767929356678615e-12,1.6839214966255577e-5,4.075434455430571e-5,4.075434455430571e-5,0.0,0.0,0.0,1.4702676120078006e-5,3.7366782533679934e-6,2.7989460276016465e-7,2.7989449282142755e-7,1.0993873749907855e-13,6.862079642054944e-8,6.464432120719373e-8,2.5529914851946476e-8,3.1346890286519296e-7,3.1346877973854346e-7,1.23126259264645e-13,0.0,0.0,4.0814535666320456e-5,0.0,5.427838166783308e-13,1.6887415607038398e-5,4.0814535666320456e-5,4.081453566631959e-5,0.0,0.0,0.0,1.4774221205613186e-5,3.748697705425102e-6,2.791549310343596e-7,2.7915482138615483e-7,1.0964820465243948e-13,1.621651620712511e-8,2.726050894615981e-8,1.4613186347765483e-8,2.4735958078588495e-8,2.4735948362434715e-8,9.715942984203379e-15,0.0,0.0,4.081532233287527e-5,0.0,4.8675531705792896e-14,1.6906583167915613e-5,4.081532233287527e-5,4.08153223328744e-5,0.0,0.0,0.0,1.478950792023267e-5,3.7501132085713978e-6,2.793346849055182e-7,2.793345751867085e-7,1.0971880949247904e-13
4080.0,0.0004945009040626621,0.0018656556329012842,0.0016168782865731432,0.00022647628157153283,0.00022647619261477437,8.895675809367104e-11,0.0,0.0,2.143866749695217e-5,0.0,1.0974104407318457e-17,1.6264059748954884e-5,2.143866749695217e-5,2.1438667496953036e-5,0.0,0.0,0.0,1.3865499586177327e-5,3.48839264506461e-6,2.7725016949714667e-7,2.772500605971062e-7,1.0890004060578435e-13,2.0193887912368577e-6,1.656015594657413e-5,1.5782832310024977e-5,4.1078074434681524e-5,4.107805829978049e-5,1.613490077231617e-11,0.0,0.0,2.398686730418348e-5,0.0,1.4181663855032716e-9,2.050803723755263e-5,2.398686730418348e-5,2.398686730418348e-5,0.0,0.0,0.0,1.796707547012419e-5,3.665038714636081e-6,4.0583896995762126e-7,4.0583881054967426e-7,1.5940794693815136e-13,4.988883752533868e-7,5.042765743389719e-7,2.64982684074734e-7,3.1892557021345018e-6,3.1892544494393445e-6,1.2526956289861371e-12,0.0,0.0,2.1393166965101226e-5,0.0,1.277554614805402e-11,1.6158695425855855e-5,2.1393166965101226e-5,2.1393166965101226e-5,0.0,0.0,0.0,1.3770692959298689e-5,3.464354647464742e-6,2.7413442512591366e-7,2.7413431744969447e-7,1.0767621921314136e-13,6.810661259265549e-8,7.28284661455347e-8,3.4301820070424934e-8,2.2572715961001446e-7,2.2572707094727208e-7,8.866251332469464e-14,0.0,0.0,2.1436016173119812e-5,0.0,5.892637607033469e-13,1.6227861741889336e-5,2.1436016173119812e-5,2.1436016173118945e-5,0.0,0.0,0.0,1.3825964791800655e-5,3.4852989273472496e-6,2.759708607378524e-7,2.759707523403067e-7,1.0839754577922718e-13,1.9540641688509802e-8,4.101817385999543e-8,2.463724449073335e-8,1.6375621130011427e-8,1.637561469691783e-8,6.4321180009150254e-15,0.0,0.0,2.1436393730360492e-5,0.0,6.08662727638578e-14,1.625421097039231e-5,2.1436393730360492e-5,2.1436393730359625e-5,0.0,0.0,0.0,1.38553522665476e-5,3.4880567966948754e-6,2.768835846565557e-7,2.768834759005046e-7,1.0875605113916589e-13
4200.0,0.000491935198587542,0.0017983045422674641,0.001564913315417398,0.00023174905496687503,0.00023174896393904316,9.102783072060307e-11,0.0,0.0,1.021539804977288e-5,0.0,3.612245231573446e-17,1.5546916018052646e-5,1.021539804977288e-5,1.021539804977288e-5,0.0,0.0,0.0,1.3387323934691541e-5,3.210457376710114e-6,2.6517142309959446e-7,2.6517131894391843e-7,1.041556757040561e-13,2.487563266528707e-6,1.512970369998091e-5,1.4543846353880344e-5,3.8183718710187735e-5,3.818370371214965e-5,1.4998037785012203e-11,0.0,0.0,1.2128536949511035e-5,0.0,1.2777758902013645e-9,1.9138878245846435e-5,1.2128536949511035e-5,1.2128536949511035e-5,0.0,0.0,0.0,1.6739653383769547e-5,3.4130309942185537e-6,3.8041905661494013e-7,3.8041890719158357e-7,1.4942335576464824e-13,5.227685950528159e-7,4.899013171002635e-7,2.7046826098612576e-7,2.6333981906139588e-6,2.633397156251486e-6,1.0343624691343886e-12,0.0,0.0,1.0182222428573029e-5,0.0,1.110536127751541e-11,1.5530322558427934e-5,1.0182222428573029e-5,1.0182222428572162e-5,0.0,0.0,0.0,1.3340178617799904e-5,3.1911934779247016e-6,2.6223138845940986e-7,2.6223128545854e-7,1.0300087066902535e-13,6.305024000379661e-8,6.406598194860519e-8,1.509100612243338e-8,1.653837262573461e-7,1.6538366129731763e-7,6.496044542637768e-14,0.0,0.0,1.0213494823321442e-5,0.0,8.278630136743766e-13,1.5518823397521118e-5,1.0213494823321442e-5,1.0213494823321442e-5,0.0,0.0,0.0,1.3354523837532726e-5,3.207407282930405e-6,2.6394235295185055e-7,2.6394224927893666e-7,1.0367291391083747e-13,1.6696215586302354e-8,1.831900225014181e-8,5.136597684778541e-9,9.925295140796598e-9,9.925291241217045e-9,3.898518964768973e-15,0.0,0.0,1.0213648509628179e-5,0.0,6.67747888024154e-14,1.5539114073911648e-5,1.0213648509628179e-5,1.0213648509628179e-5,0.0,0.0,0.0,1.3379980095872846e-5,3.2100334205449152e-6,2.648720171875025e-7,2.648719131494297e-7,1.0403807319350237e-13
4320.0,0.0004497845091313256,0.0016316380654849856,0.0014418532814327069,0.00021210103780713678,0.00021210095449677627,8.331036071725072e-11,0.0,0.0,4.208262598334039e-6,0.0,5.3593998349461496e-17,1.4692041844327051e-5,4.208262598334039e-6,4.208262598333172e-6,0.0,0.0,0.0,1.2784756304407083e-5,2.8187784411506516e-6,2.546310753130853e-7,2.546309752975122e-7,1.0001557254728693e-13,3.2673952030451425e-6,1.1920397830276667e-5,1.1739677928007075e-5,3.654450517630723e-5,3.654449082212989e-5,1.4354177329580013e-11,0.0,0.0,5.679065708148745e-6,0.0,1.2226877428507515e-9,1.890936409992621e-5,5.679065708148745e-6,5.679065708149612e-6,0.0,0.0,0.0,1.6522448865728646e-5,3.1511793662215316e-6,3.856493149334095e-7,3.856491634556803e-7,1.5147772905608046e-13,9.366704761268677e-7,8.742913828750295e-7,2.424680599798588e-7,2.3809877132360634e-6,2.38098677801621e-6,9.35219116812414e-13,0.0,0.0,4.182995995510169e-6,0.0,6.246006131559395e-12,1.4676228944989922e-5,4.182995995510169e-6,4.182995995510169e-6,0.0,0.0,0.0,1.277285574785591e-5,2.8087144791862935e-6,2.5392558642081817e-7,2.539254866823519e-7,9.973846624594878e-14,1.688586938205193e-7,1.690784700283928e-7,1.712814215710601e-8,1.3825493762203042e-7,1.382548833177005e-7,5.430463161930056e-14,0.0,0.0,4.206871788663483e-6,0.0,9.718278933312187e-13,1.4664103087135791e-5,4.206871788663483e-6,4.206871788663483e-6,0.0,0.0,0.0,1.2758057801308201e-5,2.8168175113565276e-6,2.537503496586734e-7,2.5375024998903777e-7,9.96696356639953e-14,4.445685472228081e-8,4.609811660286359e-8,4.9483615421630635e-9,8.946991707542881e-9,8.946988193854629e-9,3.514254876791571e-15,0.0,0.0,4.2069163297200896e-6,0.0,6.558486366425151e-14,1.4685562932929594e-5,4.2069163297200896e-6,4.2069163297200896e-6,0.0,0.0,0.0,1.2778686149074241e-5,2.818432927440028e-6,2.544105863806868e-7,2.544104864517193e-7,9.99289675373251e-14
4440.0,0.0004296651710731397,0.0015076850955570264,0.00134660305738017,0.00020465244818769845,0.00020465236780304078,8.038465750313203e-11,0.0,0.0,8.307312825035773e-7,0.0,7.230152792104213e-18,1.3675467021985614e-5,8.307312825035773e-7,8.307312825035773e-7,0.0,0.0,0.0,1.1974446493879412e-5,2.7214651346213483e-6,2.516111245581181e-7,2.5161102572874075e-7,9.882937756518885e-14,2.859988318202906e-6,1.0210943462550798e-5,9.200655794987535e-6,3.5767741054994514e-5,3.576772700591921e-5,1.4049075101849998e-11,0.0,0.0,1.9615235069218168e-6,0.0,1.305768513242283e-9,1.8844035676764465e-5,1.9615235069218168e-6,1.9615235069218168e-6,0.0,0.0,0.0,1.6788843268126157e-5,3.071710516112199e-6,4.1249691311768686e-7,4.1249675109459197e-7,1.6202309513372223e-13,8.821593440212772e-7,8.083323280900429e-7,2.275986670858312e-7,2.2678029692395746e-6,2.2678020784787013e-6,8.907617112882341e-13,0.0,0.0,8.115792105613251e-7,0.0,3.0730713561354526e-12,1.3662671644901656e-5,8.115792105613251e-7,8.115792105604577e-7,0.0,0.0,0.0,1.1961691276470219e-5,2.7127875560358044e-6,2.499865889038152e-7,2.4998649071253254e-7,9.819128237830403e-14,1.2544309076342394e-7,1.1474286967844223e-7,1.5746958076386273e-8,1.2264227848997896e-7,1.2264223031669898e-7,4.817219456240482e-14,0.0,0.0,8.300447660019444e-7,0.0,1.0457089434229135e-12,1.3652325837108154e-5,8.300447660019444e-7,8.300447660019444e-7,0.0,0.0,0.0,1.1952013950088087e-5,2.7200756912122754e-6,2.508495398343134e-7,2.508494413040755e-7,9.853023759532864e-14,2.8183475604508235e-8,2.819887617835063e-8,3.676988265966251e-9,7.043547982152476e-9,7.043545215163658e-9,2.766608448118838e-15,0.0,0.0,8.300375326213832e-7,0.0,6.38631049507508e-14,1.3669630113938177e-5,8.300375326213832e-7,8.300375326213832e-7,0.0,0.0,0.0,1.1968893095600918e-5,2.721481622135743e-6,2.5139429943107434e-7,2.513942006868626e-7,9.874421164741066e-14
4560.0,0.0004161866337482321,0.0013950016553359622,0.001271399935491137,0.00019519701034821697,0.00019519693367752597,7.667069200211018e-11,0.0,0.0,0.0,0.0,1.6643921244766568e-17,1.2516192830003658e-5,0.0,0.0,0.0,0.0,0.0,1.100871091320542e-5,2.794488758593294e-6,2.580261061799161e-7,2.580260048308225e-7,1.0134909382132759e-13,2.6192103372152387e-6,2.629544681648891e-5,2.5157409291384906e-5,3.531767960150932e-5,3.5317665729212595e-5,1.387229717363972e-11,0.0,0.0,0.0,0.0,1.4714419105447738e-9,1.880986819445881e-5,0.0,0.0,0.0,0.0,0.0,1.6961448312897597e-5,3.1015150683429385e-6,4.564906294309618e-7,4.564904501277426e-7,1.7930321980092948e-13,8.245250631509077e-7,1.8530978222765724e-5,1.800071767816412e-5,2.152858499958653e-6,2.152857654345526e-6,8.456131099551387e-13,0.0,0.0,0.0,0.0,2.2046935354650598e-12,1.2476861839506203e-5,0.0,0.0,0.0,0.0,0.0,1.0975743380234738e-5,2.784939932008652e-6,2.5631690511208745e-7,2.5631680443434347e-7,1.0067774322836814e-13,1.0543937363754335e-7,1.4084033940116049e-5,1.4011994511246384e-5,1.1308213852761705e-7,1.1308209411000134e-7,4.4417103512530155e-14,0.0,0.0,0.0,0.0,1.0849313695004565e-12,1.249333701818567e-5,0.0,0.0,0.0,0.0,0.0,1.0988352253877865e-5,2.7914233582428794e-6,2.5769535997249704e-7,2.5769525875331546e-7,1.0121918127525605e-13,1.837682185113279e-8,9.480426947851861e-6,9.473319482500167e-6,5.555620703930054e-9,5.555618522303546e-9,2.182171146497716e-15,0.0,0.0,0.0,0.0,6.370009541278217e-14,1.2506938365353905e-5,0.0,0.0,0.0,0.0,0.0,1.100126674033303e-5,2.7929080933157726e-6,2.5802975133810684e-7,2.580296499875811e-7,1.0135052558916306e-13
4680.0,0.0004178555568135809,0.0013538621760461145,0.0012276353734341672,0.00021234628349539315,0.0002123462000887034,8.3406689839278e-11,0.0,0.0,0.0,0.0,1.2580615592003635e-17,1.2013245767634634e-5,0.0,0.0,0.0,0.0,0.0,1.0418263894301115e-5,3.129960549150886e-6,2.540656474849698e-7,2.540655476914895e-7,9.979348029914496e-14,2.8390743614064955e-6,1.1246878809829592e-5,1.006252666562e-5,3.6084882400670906e-5,3.608486822702787e-5,1.417364384597267e-11,0.0,0.0,0.0,0.0,1.6424658596010183e-9,1.8439143229771848e-5,0.0,0.0,0.0,0.0,0.0,1.651088251546469e-5,3.3769752072060492e-6,4.81502782553131e-7,4.815025934254826e-7,1.8912764838678937e-13,6.747962917859687e-7,7.537986040640831e-7,3.2659885679936157e-7,2.1652293878041015e-6,2.165228537331297e-6,8.504722239853849e-13,0.0,0.0,0.0,0.0,6.23722008391431e-12,1.1893946723497777e-5,0.0,0.0,0.0,0.0,0.0,1.0298930249898329e-5,3.1303001703531563e-6,2.516402315407112e-7,2.5164013269990115e-7,9.884081038628377e-14,8.604788521862985e-8,8.103240255794101e-8,1.963464108040161e-8,1.1275226307294283e-7,1.1275221878462828e-7,4.4287532986355965e-14,0.0,0.0,0.0,0.0,9.190173103141612e-13,1.2001373300632777e-5,0.0,0.0,0.0,0.0,0.0,1.0406792999695479e-5,3.1299118377689767e-6,2.5385678818805436e-7,2.5385668847661144e-7,9.971144324951502e-14,1.7938202294658784e-8,1.7398576709970797e-8,2.100615288232348e-9,5.754459659227082e-9,5.7544573991254765e-9,2.2602723441873324e-15,0.0,0.0,0.0,0.0,6.41044583840099e-14,1.201554060260566e-5,0.0,0.0,0.0,0.0,0.0,1.0420772113815587e-5,3.129949223702266e-6,2.5405974663622023e-7,2.5405964684505775e-7,9.979116252718639e-14
4800.0,0.00042193559040111387,0.0012880698719265299,0.0011317285571489546,0.00024556859377110915,0.00024556849731515427,9.64559548572409e-11,0.0,0.0,0.0,0.0,2.1042732309252817e-17,1.2607491223856533e-5,0.0,0.0,0.0,0.0,0.0,1.1229677540159555e-5,3.372453195524867e-6,2.848389947737149e-7,2.848388828928882e-7,1.1188082645081155e-13,2.5348366519740463e-6,1.073094553168382e-5,9.609329379665838e-6,3.729655100431608e-5,3.729653635474574e-5,1.4649570552805433e-11,0.0,0.0,0.0,0.0,1.6952077583078709e-9,1.9318527080496738e-5,0.0,0.0,0.0,0.0,0.0,1.7342328154366257e-5,3.6685268522180255e-6,5.135283756120771e-7,5.135281739052177e-7,2.0170685939635908e-13,6.257434736743096e-7,7.681550775188987e-7,3.639244803343941e-7,2.272987546419847e-6,2.2729866536219228e-6,8.927981416585781e-13,0.0,0.0,0.0,0.0,1.280945694755728e-11,1.2522358915376454e-5,0.0,0.0,0.0,0.0,0.0,1.1140992018152724e-5,3.3723975993961717e-6,2.802468982185917e-7,2.8024678814147746e-7,1.1007711429357268e-13,8.244464195540646e-8,9.202592567719281e-8,3.023811526778314e-8,1.1915498974880322e-7,1.1915494294603762e-7,4.680243566876025e-14,0.0,0.0,0.0,0.0,8.537583279411136e-13,1.2596823927951828e-5,0.0,0.0,0.0,0.0,0.0,1.1218981191828436e-5,3.3727971261005535e-6,2.8430150287584215e-7,2.843013912061354e-7,1.1166970705056115e-13,1.8072229498056896e-8,2.652851108747509e-8,1.3557158085714636e-8,7.963738721092142e-9,7.963735592774099e-9,3.128046672466428e-15,0.0,0.0,0.0,0.0,7.815196189836678e-14,1.2605656725636426e-5,0.0,0.0,0.0,0.0,0.0,1.1228080104697904e-5,3.3728136530602444e-6,2.8473749184196467e-7,2.8473738000100704e-7,1.1184095749993155e-13
4920.0,0.00047166274611074683,0.0015396851195950796,0.0012593556075886933,0.00027426961512753544,0.0002742695073982164,1.0772931998019525e-10,0.0,0.0,0.0,0.0,1.7445739410993297e-17,1.3553350309977934e-5,0.0,0.0,0.0,0.0,0.0,1.2124118542089269e-5,3.831005257544264e-6,2.9457314450008613e-7,2.9457302879581964e-7,1.1570426613486036e-13,2.3793045253505188e-6,1.1656209887111378e-5,1.0752183991433134e-5,3.733527484291005e-5,3.733526017812899e-5,1.466478074222722e-11,0.0,0.0,0.0,0.0,1.5912505815231935e-9,2.0344638955741036e-5,0.0,0.0,0.0,0.0,0.0,1.825242912422135e-5,4.186162833235437e-6,5.391451429030186e-7,5.391449311342469e-7,2.1176877208421123e-13,3.986941068548702e-7,4.870250550891007e-7,3.374656240323054e-7,2.1574142748460476e-6,2.1574134274430664e-6,8.474025554627097e-13,0.0,0.0,0.0,0.0,1.7167721328562195e-11,1.3499692284813602e-5,0.0,0.0,0.0,0.0,0.0,1.2065729512437086e-5,3.830742055734214e-6,2.926384681408634e-7,2.9263835319651123e-7,1.1494435195893545e-13,6.060232690370884e-8,6.712522466886595e-8,1.885313338246679e-8,1.1497199424296736e-7,1.1497194908316324e-7,4.515941275773976e-14,0.0,0.0,0.0,0.0,9.867822644083332e-13,1.3536742204708822e-5,0.0,0.0,0.0,0.0,0.0,1.2107969475071544e-5,3.831057348328283e-6,2.9415521229840275e-7,2.941550967582947e-7,1.155401081333832e-13,1.5693731228623442e-8,1.696563619063176e-8,2.6760520136575e-9,6.295258216106139e-9,6.295255743667619e-9,2.472690554516428e-15,0.0,0.0,0.0,0.0,9.035239877286079e-14,1.3548685299326157e-5,0.0,0.0,0.0,0.0,0.0,1.2119692273178397e-5,3.831044563389438e-6,2.944278360148614e-7,2.944277203676708e-7,1.1564719096707948e-13
5040.0,0.00044059504528836573,0.0014071455244980794,0.0011491353693921281,0.00031308308083780165,0.0003130829578630877,1.2297471369651062e-10,0.0,0.0,0.0,0.0,9.269621160174422e-18,1.6983653615061133e-5,0.0,0.0,0.0,0.0,0.0,1.4739972685511412e-5,5.4642140614364915e-6,3.2407034553124233e-7,3.240702182408831e-7,1.2729035964699804e-13,7.146541755223123e-6,1.0982973182751115e-5,8.646633420996744e-6,4.156439279778837e-5,4.156437647186682e-5,1.632591991429008e-11,0.0,0.0,0.0,0.0,1.4563885412499891e-9,2.8005548355684384e-5,0.0,0.0,0.0,0.0,0.0,2.4674155266890292e-5,5.785944747813177e-6,6.24712992935986e-7,6.247127475573432e-7,2.4537864276541095e-13,1.9325217598996705e-6,2.0245528509799044e-6,3.3311095706407473e-7,2.06944923520007e-6,2.0694484223492954e-6,8.128511017814588e-13,0.0,0.0,0.0,0.0,1.4295272805960644e-11,1.706822101147993e-5,0.0,0.0,0.0,0.0,0.0,1.4840675267542587e-5,5.463864704198774e-6,3.256189963777979e-7,3.256188684791489e-7,1.2789864832858789e-13,5.328087159394042e-7,5.444396371433886e-7,2.8734316278749867e-8,1.0312814640290584e-7,1.0312810589516735e-7,4.050731276817238e-14,0.0,0.0,0.0,0.0,1.2328615921055482e-12,1.7018367490428484e-5,0.0,0.0,0.0,0.0,0.0,1.4774956316667412e-5,5.464277174099659e-6,3.2436079017769474e-7,3.243606627732525e-7,1.2740444229607143e-13,1.7989143665008214e-7,1.825798043224694e-7,4.7339646699269306e-9,1.812650888672469e-8,1.8126501765028237e-8,7.119842549821333e-15,0.0,0.0,0.0,0.0,9.337091720196598e-14,1.7005021529971295e-5,0.0,0.0,0.0,0.0,0.0,1.476141920484571e-5,5.464100172334561e-6,3.242038990959058e-7,3.242037717530882e-7,1.2734281764419675e-13
5160.0,0.00035578476712418454,0.0013032563296198215,0.0011647777703165008,0.00023396397792898544,0.00023396388603116278,9.189782189481937e-11,0.0,0.0,0.0,0.0,1.5175808810119685e-17,1.3028708366112537e-5,0.0,0.0,0.0,0.0,0.0,1.1709545671920546e-5,3.090635011739467e-6,3.189816345641749e-7,3.189815092725905e-7,1.2529158420188335e-13,2.860070423612183e-6,8.996931190414875e-6,7.818192369866705e-6,3.3571774093491016e-5,3.35717609069625e-5,1.3186529583084893e-11,0.0,0.0,0.0,0.0,1.464741213733304e-9,1.9491285972867328e-5,0.0,0.0,0.0,0.0,0.0,1.7668631443698403e-5,3.364680986014854e-6,5.470210113152252e-7,5.470207964529211e-7,2.1486230451180437e-13,8.953837431430536e-7,2.32871678771361e-6,1.6422718067423582e-6,1.93431631312203e-6,1.9343155533487152e-6,7.597727547849562e-13,0.0,0.0,0.0,0.0,9.769458844214733e-12,1.2924279226885702e-5,0.0,0.0,0.0,0.0,0.0,1.1603087992448562e-5,3.0574549899268582e-6,3.1419589676248575e-7,3.1419577335067345e-7,1.2341181243518665e-13,5.508040551789779e-7,1.960785214889501e-6,1.4419891046680788e-6,2.3412757243405309e-7,2.341274804723671e-7,9.19620795590191e-14,0.0,0.0,0.0,0.0,1.3738175110486844e-12,1.3038479013389107e-5,0.0,0.0,0.0,0.0,0.0,1.1707092596098425e-5,3.0607826336074785e-6,3.18145132961631e-7,3.18145007998613e-7,1.2496301791588577e-13,4.64132822652983e-7,1.870578337792528e-6,1.4339069078845359e-6,1.697445396893958e-7,1.6974447301517638e-7,6.667331276389852e-14,0.0,0.0,0.0,0.0,9.185092260837224e-14,1.305526631134848e-5,0.0,0.0,0.0,0.0,0.0,1.1722653501298505e-5,3.0609939002755355e-6,3.188361430041632e-7,3.1883601776972596e-7,1.252344371248524e-13
5280.0,0.0003411713209644381,0.0014812275892759198,0.001362191681884109,0.00027119581130570703,0.000271195704783735,1.0652197225659101e-10,0.0,0.0,0.0,0.0,2.601536508016495e-17,1.1272875040268068e-5,0.0,0.0,0.0,0.0,0.0,1.0072687688206804e-5,3.023374147532534e-6,2.9767422773027954e-7,2.976741108079511e-7,1.1692232883362257e-13,2.7959496175411665e-6,7.8318522363602e-6,6.291448006178028e-6,3.35432946799815e-5,3.354328150463761e-5,1.3175343262465694e-11,0.0,0.0,0.0,0.0,1.5936986075611851e-9,1.63980053872371e-5,0.0,0.0,0.0,0.0,0.0,1.4822837434898726e-5,3.2963465973256702e-6,4.742059163031769e-7,4.7420573004163657e-7,1.8626154001846566e-13,6.775989961258465e-7,1.0650880251492087e-6,7.080879278797572e-7,1.5637468050512675e-6,1.563746190833328e-6,6.14218165767405e-13,0.0,0.0,0.0,0.0,1.027587409746494e-11,1.111153623752413e-5,0.0,0.0,0.0,0.0,0.0,9.927607997516835e-6,3.023838383106694e-6,2.904956332948385e-7,2.9049551919216246e-7,1.1410267600192233e-13,2.2176148037561863e-7,6.912316436070056e-7,4.82125080517114e-7,1.1471498625538857e-7,1.1471494119763134e-7,4.505846356707618e-14,0.0,0.0,0.0,0.0,1.3161534278983233e-12,1.124097451396576e-5,0.0,0.0,0.0,0.0,0.0,1.0039829923658412e-5,3.0256562315914884e-6,2.9625882584040254e-7,2.962587094740244e-7,1.163663785034187e-13,1.6894284878563384e-7,6.367322709078203e-7,4.7100492008538206e-7,5.5830964138934944e-8,5.583094220938274e-8,2.192963226247376e-14,0.0,0.0,0.0,0.0,9.27939196065123e-14,1.1263134058015628e-5,0.0,0.0,0.0,0.0,0.0,1.0059861430589095e-5,3.025688448612663e-6,2.973056222298069e-7,2.973055054522621e-7,1.1677754567968724e-13
5400.0,0.000376772234753396,0.0017210083382479223,0.0015836844126283088,0.00034448088795298825,0.00034448075264564875,1.3530733905063717e-10,0.0,0.0,0.0,0.0,1.1828894921441567e-17,1.0490378075263241e-5,0.0,0.0,0.0,0.0,0.0,9.255492202447262e-6,2.9910988607257405e-6,2.921541588269382e-7,2.9215404407281634e-7,1.147541219437554e-13,2.852671600172413e-6,7.9987986740441e-6,6.212939288672233e-6,3.291612102444177e-5,3.291610809544268e-5,1.2928998105386372e-11,0.0,0.0,0.0,0.0,1.6476584828767453e-9,1.2318129066849071e-5,0.0,0.0,0.0,0.0,0.0,1.1075493680752072e-5,2.992518409921852e-6,3.7263724023594444e-7,3.7263709386917907e-7,1.4636676567780937e-13,6.85880977570677e-7,9.07509671163145e-7,5.050826066872201e-7,1.5190334249296327e-6,1.5190328282748853e-6,5.966553670872892e-13,0.0,0.0,0.0,0.0,1.752793805864592e-11,1.0358680427956864e-5,0.0,0.0,0.0,0.0,0.0,9.072589053681347e-6,2.9941118095191196e-6,2.863484691559063e-7,2.8634835668217883e-7,1.1247372715782356e-13,1.7767472124162811e-7,5.32956322098373e-7,3.6909304359352684e-7,9.551572930870141e-8,9.551569179170318e-8,3.7517260382508456e-14,0.0,0.0,0.0,0.0,1.12888106632266e-12,1.0470089554452487e-5,0.0,0.0,0.0,0.0,0.0,9.214453315144372e-6,2.994311606700811e-6,2.9118458619455654e-7,2.9118447182126913e-7,1.143732871935796e-13,1.3548402794886366e-7,5.006559686682309e-7,3.7126616556433414e-7,4.310316495372232e-8,4.310314802290035e-8,1.6930328382412884e-14,0.0,0.0,0.0,0.0,1.0942697461181643e-13,1.048346047332949e-5,0.0,0.0,0.0,0.0,0.0,9.244159855653244e-6,2.994293790820723e-6,2.9183553767880125e-7,2.9183542304982906e-7,1.1462897195364724e-13
5520.0,0.0004157523461188802,0.0017945777174642283,0.0016942024567889024,0.00033303198137486334,0.0003330318505644969,1.3081036653837175e-10,0.0,0.0,0.0,0.0,2.2351255399025516e-17,1.0566637170889205e-5,0.0,0.0,0.0,0.0,0.0,8.949078280147914e-6,3.3990679767817382e-6,2.581502904369609e-7,2.5815018903908884e-7,1.0139787168378797e-13,2.9384589674730406e-6,6.929974492252802e-6,5.3490126351246995e-6,3.053471151547496e-5,3.0534699521861656e-5,1.199361331303135e-11,0.0,0.0,0.0,0.0,1.5047572993358092e-9,1.0735576567631871e-5,0.0,0.0,0.0,0.0,0.0,9.320586890552414e-6,3.3321781013045445e-6,2.9945376609373907e-7,2.9945364847243204e-7,1.1762130694567127e-13,8.229783983655127e-7,9.125037277600345e-7,3.6181492124092316e-7,1.2923027267748167e-6,1.2923022191763302e-6,5.075986776707702e-13,0.0,0.0,0.0,0.0,2.1953120901990724e-11,1.0526330612409815e-5,0.0,0.0,0.0,0.0,0.0,8.896980270238743e-6,3.3968191811479994e-6,2.535883583124296e-7,2.53588258706421e-7,9.960600769862447e-14,1.5982319247079615e-7,2.7591558870940485e-7,1.6472357680560653e-7,5.5882714333698847e-8,5.588269238325089e-8,2.1949959025074346e-14,0.0,0.0,0.0,0.0,1.3749822894448026e-12,1.055766048919596e-5,0.0,0.0,0.0,0.0,0.0,8.943317654094154e-6,3.3972598975288206e-6,2.572417928161189e-7,2.57241691775093e-7,1.0104102635532743e-13,6.590986334096757e-8,2.0672620943760802e-7,1.528455305081963e-7,1.5203018826151868e-8,1.520301285318203e-8,5.971535997344697e-15,0.0,0.0,0.0,0.0,1.2489369776274102e-13,1.0561287829013125e-5,0.0,0.0,0.0,0.0,0.0,8.944595300703691e-6,3.3969476875858325e-6,2.5784618692047095e-7,2.578460856420467e-7,1.0127842401905146e-13
5640.0,0.0003234293178298515,0.0010678720384317384,0.0009876816013577338,0.0002735902385985562,0.0002735901311360858,1.0746247025481276e-10,0.0,0.0,0.0,0.0,3.314228801833098e-17,1.0738090574305629e-5,0.0,0.0,0.0,0.0,0.0,9.418850188124548e-6,2.6780247043950852e-6,2.5843588158453295e-7,2.584357800744847e-7,1.0151004794547819e-13,2.2962193842266526e-6,5.565019884976623e-6,4.436038156420829e-6,2.879306240226173e-5,2.879305109274438e-5,1.1309517575618214e-11,0.0,0.0,0.0,0.0,1.3592791797220855e-9,1.023437643208962e-5,0.0,0.0,0.0,0.0,0.0,9.149189657833614e-6,2.5871416540816365e-6,2.798993725665029e-7,2.7989926262589137e-7,1.099406110131863e-13,9.179744814586527e-7,1.487152089550395e-6,1.0506632643498912e-6,1.1633219559189199e-6,1.1633214989811094e-6,4.569368107761537e-13,0.0,0.0,0.0,0.0,1.7200600972645322e-11,1.0697773519467746e-5,0.0,0.0,0.0,0.0,0.0,9.379250595600507e-6,2.671754114372715e-6,2.552355187920603e-7,2.552354185390708e-7,1.0025298960468205e-13,3.2459248785294756e-7,1.2058948782739036e-6,9.012448192757397e-7,1.0734586843740554e-7,1.0734582627312488e-7,4.216397577989123e-14,0.0,0.0,0.0,0.0,1.6202246080508853e-12,1.0741886127744992e-5,0.0,0.0,0.0,0.0,0.0,9.423007792007756e-6,2.6721207588442525e-6,2.578131264109344e-7,2.5781302514549635e-7,1.012654383071316e-13,2.823172198327534e-7,1.1708452462041128e-6,8.959404658141841e-7,7.539491320463508e-8,7.53948835911471e-8,2.961408147840246e-14,0.0,0.0,0.0,0.0,1.2273537676968534e-13,1.0745141508618511e-5,0.0,0.0,0.0,0.0,0.0,9.425800073737798e-6,2.67225292796793e-6,2.5836949659030576e-7,2.5836939510633305e-7,1.0148397283583952e-13
5760.0,0.00037325473972075205,0.0010704174981173125,0.000930436356139188,0.00026340956201795066,0.0002634094585543101,1.0346364098436373e-10,0.0,0.0,0.0,0.0,1.8050725066395807e-17,1.0776193754908554e-5,0.0,0.0,0.0,0.0,0.0,9.549059578670303e-6,2.6081314190814187e-6,2.6687549260233113e-7,2.6687538777732067e-7,1.0482501068906187e-13,2.25485017747544e-6,5.1122066785490356e-6,4.389111462692342e-6,2.7507060795999212e-5,2.7507049991605605e-5,1.0804393891131802e-11,0.0,0.0,0.0,0.0,1.3316553109013931e-9,1.0040788204146725e-5,0.0,0.0,0.0,0.0,0.0,9.344449089531024e-6,2.5352466561911594e-6,3.0622464070612155e-7,3.062245204253083e-7,1.2028081305729013e-13,7.191937502894034e-7,1.305982343905172e-6,7.706545085564234e-7,1.0039855269667537e-6,1.0039851326139294e-6,3.9435166028047886e-13,0.0,0.0,0.0,0.0,1.146680333855937e-11,1.0724497466381691e-5,0.0,0.0,0.0,0.0,0.0,9.502441061654228e-6,2.612695804543329e-6,2.6424241927133094e-7,2.642423154805551e-7,1.0379077582030052e-13,3.302457962572544e-7,9.474484295531196e-7,6.376339052942577e-7,1.4521941002048878e-7,1.4521935298053768e-7,5.704018027014303e-14,0.0,0.0,0.0,0.0,1.671594995524368e-12,1.0771677851960027e-5,0.0,0.0,0.0,0.0,0.0,9.54505302193242e-6,2.613377684401391e-6,2.663197166780969e-7,2.6631961207138777e-7,1.0460670957557073e-13,2.7718311938155354e-7,9.021618071672897e-7,6.31737960458791e-7,1.1800474411116093e-7,1.1800469776129534e-7,4.635063505532315e-14,0.0,0.0,0.0,0.0,1.1411873821404864e-13,1.077377555827623e-5,0.0,0.0,0.0,0.0,0.0,9.546594732299248e-6,2.6132457020804806e-6,2.6667070432561355e-7,2.666705995810404e-7,1.0474457267998625e-13
5880.0,0.0003601154459888147,0.0009568993426654737,0.0008203568074514691,0.00025883608100221744,0.0002588359793349771,1.0166724075410795e-10,0.0,0.0,0.0,0.0,4.3514505393385205e-17,9.48796939388839e-6,0.0,0.0,0.0,0.0,0.0,8.409770931781916e-6,2.7995042454169965e-6,2.497672921759505e-7,2.4976719407080537e-7,9.810514564983088e-14,3.6263477182327426e-6,5.093885916005057e-6,3.983885030176023e-6,3.059610482733562e-5,3.059609280960924e-5,1.2017727758720107e-11,0.0,0.0,0.0,0.0,1.397860063889668e-9,1.078091762815014e-5,0.0,0.0,0.0,0.0,0.0,9.827050154971064e-6,2.7372643735943557e-6,3.273320301207214e-7,3.2733190154921745e-7,1.2857150434343458e-13,1.0247215698473526e-6,1.1780644532549352e-6,3.420189857914388e-7,1.0037480897291527e-6,1.003747695468923e-6,3.942583982100205e-13,0.0,0.0,0.0,0.0,1.2017319503493721e-11,9.509958251417223e-6,0.0,0.0,0.0,0.0,0.0,8.413615346750587e-6,2.8027746029209227e-6,2.499084339523826e-7,2.4990833579179845e-7,9.816058419189747e-14,3.44585422370515e-7,5.194131240253005e-7,1.889537989494474e-7,6.691658457294999e-8,6.69165582887398e-8,2.628391099029027e-14,0.0,0.0,0.0,0.0,1.5306144847144877e-12,9.513855546354936e-6,0.0,0.0,0.0,0.0,0.0,8.425309294430111e-6,2.802355130755625e-6,2.4952475081454394e-7,2.4952465280466607e-7,9.800987875007135e-14,1.8014792646167677e-7,3.57536528472581e-7,1.800342513259457e-7,4.157068141040692e-8,4.1570665082489764e-8,1.6328389994291624e-14,0.0,0.0,0.0,0.0,1.0991434116990657e-13,9.503755179708281e-6,0.0,0.0,0.0,0.0,0.0,8.420715088014573e-6,2.8021155084483474e-6,2.498680860232645e-7,2.4986798787852876e-7,9.814473608212946e-14
6000.0,0.00037495408496670537,0.0009794511306430189,0.0007980996626549647,0.0002739050614799017,0.0002739049538937722,1.0758612833813987e-10,0.0,0.0,0.0,0.0,2.2302311720290155e-17,9.936657077524265e-6,0.0,0.0,0.0,0.0,0.0,8.603089621300968e-6,3.0463735548253796e-6,2.5631512782877697e-7,2.5631502715173216e-7,1.0067704513600995e-13,2.9076301090833097e-6,5.605251962841586e-6,4.582350454628196e-6,2.6822863915713678e-5,2.682285338006138e-5,1.0535650798275138e-11,0.0,0.0,0.0,0.0,1.415701910144807e-9,1.0244521042364364e-5,0.0,0.0,0.0,0.0,0.0,8.939925594349176e-6,3.018586697464106e-6,2.7354144178455674e-7,2.735413343412529e-7,1.0744330353965615e-13,8.42465701403252e-7,9.28185770295015e-7,3.229657604604518e-7,1.01744463768442e-6,1.0174442380470715e-6,3.996382132387429e-13,0.0,0.0,0.0,0.0,1.9635233677731488e-11,9.891239859617601e-6,0.0,0.0,0.0,0.0,0.0,8.471507209685558e-6,3.0501770386237673e-6,2.503442556986784e-7,2.503441573669095e-7,9.833176895962723e-14,2.0608888559158628e-7,2.90878201357033e-7,1.1143421287880718e-7,5.029598754757519e-8,5.029596779209418e-8,1.975556983816696e-14,0.0,0.0,0.0,0.0,1.3552210073994912e-12,9.92901669447937e-6,0.0,0.0,0.0,0.0,0.0,8.575517837711447e-6,3.050097355860797e-6,2.5484603634722994e-7,2.54845936247224e-7,1.0010000627509863e-13,9.360908122387976e-8,1.9012318583704968e-7,1.029425782687665e-7,2.1637189369323638e-8,2.163718086912927e-8,8.498789396682621e-15,0.0,0.0,0.0,0.0,1.2941478613964987e-13,9.9357311753911e-6,0.0,0.0,0.0,0.0,0.0,8.592492278191894e-6,3.050118902063684e-6,2.5577489506797497e-7,2.5577479460312557e-7,1.004648491626236e-13
6120.0,0.0003072379634342752,0.0007070191994348798,0.0006046524190270168,0.00023159862184045368,0.00023159853087171203,9.09687426644791e-11,0.0,0.0,0.0,0.0,5.4873283895413016e-17,1.265648302061171e-5,0.0,0.0,0.0,0.0,0.0,1.083928173105302e-5,4.179608140688005e-6,3.2071296122330987e-7,3.207128352516839e-7,1.2597162542178113e-13,2.6222407289579024e-6,4.559429767137857e-6,3.904170344399277e-6,2.672917341974385e-5,2.672916292089291e-5,1.049885046436111e-11,0.0,0.0,0.0,0.0,1.2516213507691796e-9,1.2302990037877748e-5,0.0,0.0,0.0,0.0,0.0,1.0465795702039877e-5,4.152488340509621e-6,3.507784328235049e-7,3.5077829504257747e-7,1.377809277714662e-13,1.0296103198710778e-6,9.522159128741252e-7,2.759264616958091e-7,1.021075251794807e-6,1.021074850730423e-6,4.010642683591447e-13,0.0,0.0,0.0,0.0,1.9266480153229533e-11,1.2724875698579604e-5,0.0,0.0,0.0,0.0,0.0,1.0864355466027862e-5,4.175975381323287e-6,3.194767271201279e-7,3.1947660163407786e-7,1.254860497257264e-13,1.5567178105651072e-7,1.9390690728208317e-7,7.673221930347383e-8,4.1130475423063464e-8,4.1130459267358044e-8,1.6155483157518818e-14,0.0,0.0,0.0,0.0,1.7068060804284817e-12,1.2683973376092026e-5,0.0,0.0,0.0,0.0,0.0,1.0857422826448362e-5,4.174452872269505e-6,3.20468684329011e-7,3.204685584533333e-7,1.2587567682865119e-13,6.138693522039426e-8,1.2058518363462175e-7,6.685505201177138e-8,1.1323278541268786e-8,1.1323274092902603e-8,4.4476275531001655e-15,0.0,0.0,0.0,0.0,1.3519656186147385e-13,1.265775695673309e-5,0.0,0.0,0.0,0.0,0.0,1.0839465636551183e-5,4.174001355704673e-6,3.204307353820742e-7,3.204306095213024e-7,1.2586077100597883e-13
6240.0,0.000471800250742701,0.0012087741321543308,0.000994986677308175,0.00027659112347569914,0.00027659101483452263,1.0864117642320567e-10,0.0,0.0,0.0,0.0,6.609463004667916e-18,1.068688553990095e-5,0.0,0.0,0.0,0.0,0.0,9.447871557778972e-6,2.0932932646684785e-6,2.8927579647921535e-7,2.8927568285567487e-7,1.1362354093414315e-13,2.83306292263915e-6,6.7743297057229724e-6,5.147347160367026e-6,2.777484151843974e-5,2.77748306088652e-5,1.0909574463608526e-11,0.0,0.0,0.0,0.0,1.2473785018715113e-9,1.1511252611141322e-5,0.0,0.0,0.0,0.0,0.0,1.0193519121152663e-5,2.1983370436008458e-6,3.226869393727028e-7,3.22686812625726e-7,1.267469767985309e-13,1.398000027809463e-6,3.5399443324506237e-6,2.3578547334822657e-6,1.252093712980853e-6,1.2520932211764367e-6,4.918051319255187e-13,0.0,0.0,0.0,0.0,1.1439480972484734e-11,1.0727046163162949e-5,0.0,0.0,0.0,0.0,0.0,9.492312115001489e-6,2.1015073728635384e-6,2.863093974754574e-7,2.863092850170764e-7,1.1245838034092105e-13,9.102696269850351e-7,3.120122067576576e-6,2.2307849528023193e-6,3.5668176702852896e-7,3.5668162692876227e-7,1.4009967598245408e-13,0.0,0.0,0.0,0.0,1.9635909076775785e-12,1.0709525801429349e-5,0.0,0.0,0.0,0.0,0.0,9.46954864936275e-6,2.1006632956095503e-6,2.8888970524827375e-7,2.888895917763841e-7,1.1347188962657753e-13,8.581152493893074e-7,3.0761928082108426e-6,2.224735407534976e-6,3.2725561340308323e-7,3.272554848600008e-7,1.285414889109046e-13,0.0,0.0,0.0,0.0,1.3128748948295663e-13,1.0692831800707643e-5,0.0,0.0,0.0,0.0,0.0,9.453970386270047e-6,2.100333857484641e-6,2.891695608429487e-7,2.891694472611351e-7,1.1358181304223852e-13
6360.0,0.00036977130537101674,0.0007185968757255764,0.0006438435367330248,0.0002199340972611601,0.00021993401087408142,8.638707837682081e-11,0.0,0.0,0.0,0.0,5.0653385703388333e-17,1.0524417224088394e-5,0.0,0.0,0.0,0.0,0.0,9.35101799708207e-6,2.7993986651315556e-6,3.093164503913985e-7,3.093163288961654e-7,1.214952332355817e-13,1.8112740945556462e-6,4.230724824908187e-6,3.497230154216178e-6,2.7987567895767085e-5,2.7987556902637366e-5,1.0993130449060444e-11,0.0,0.0,0.0,0.0,1.4916824639887286e-9,1.0957489315621855e-5,0.0,0.0,0.0,0.0,0.0,1.0232633987752223e-5,2.78002039698502e-6,3.668702387401275e-7,3.668700946385606e-7,1.441015670732167e-13,5.744706626747802e-7,6.289637177149104e-7,2.1592224904833302e-7,1.0551257435851003e-6,1.0551253291458874e-6,4.1443883164775647e-13,0.0,0.0,0.0,0.0,9.450636263488719e-12,1.0572792290391503e-5,0.0,0.0,0.0,0.0,0.0,9.402389637103966e-6,2.803112620445132e-6,3.0928921738837716e-7,3.092890959038408e-7,1.2148453648780267e-13,9.155755548943129e-8,1.6721046408238331e-7,9.988088512932552e-8,4.3263781229719136e-8,4.326376423597968e-8,1.6993416239274417e-14,0.0,0.0,0.0,0.0,2.0457255068213084e-12,1.0539379844076347e-5,0.0,0.0,0.0,0.0,0.0,9.365955147988155e-6,2.8031074802134577e-6,3.091305490533275e-7,3.0913042763111443e-7,1.2142221375537256e-13,4.708581234375703e-8,1.3612698164083828e-7,9.317179106817436e-8,1.2357238545095102e-8,1.2357233691099506e-8,4.8537527738017e-15,0.0,0.0,0.0,0.0,1.3115476182044104e-13,1.0534847261057684e-5,0.0,0.0,0.0,0.0,0.0,9.360818958994785e-6,2.8029190373746188e-6,3.092611754612464e-7,3.0926105398772566e-7,1.2147352200579632e-13
6480.0,0.00039501189114844954,0.0007716134547572545,0.0006635028197409297,0.00025212995593243843,0.0002521298568992701,9.903316736929768e-11,0.0,0.0,0.0,0.0,2.5386513471483275e-17,1.2403329751675848e-5,0.0,0.0,0.0,0.0,0.0,1.0907090921729158e-5,3.493943551477371e-6,3.65328459977495e-7,3.653283164815168e-7,1.4349597765135821e-13,4.586647226990318e-6,8.789074876541138e-6,7.232999795943417e-6,3.1787502064572966e-5,3.1787489578879606e-5,1.2485692152566748e-11,0.0,0.0,0.0,0.0,1.7147271736150265e-9,1.4528385807209795e-5,0.0,0.0,0.0,0.0,0.0,1.3219731156683409e-5,3.5833220283987653e-6,4.5499105685387776e-7,4.549908781396691e-7,1.7871420838632152e-13,1.955086693010942e-6,4.458220347401253e-6,3.1129266149784997e-6,1.5004637729091562e-6,1.5004631835486654e-6,5.89361464029792e-13,0.0,0.0,0.0,0.0,2.1538681902270432e-11,1.2780041957500145e-5,0.0,0.0,0.0,0.0,0.0,1.1220630732321246e-5,3.5822113493848187e-6,3.7359629720812534e-7,3.735961504646558e-7,1.4674347002177123e-13,1.1772623835846867e-6,4.018191537474252e-6,2.947458303441378e-6,4.026566137752993e-7,4.026564556180092e-7,1.5815796134571344e-13,0.0,0.0,0.0,0.0,1.952694589612556e-12,1.2684997645270854e-5,0.0,0.0,0.0,0.0,0.0,1.1146336544686289e-5,3.581100531712697e-6,3.728724133423436e-7,3.7287226688320564e-7,1.464591384286816e-13,1.0603651213105664e-6,3.924189507634341e-6,2.9379974243770555e-6,3.69919199737052e-7,3.699190544387374e-7,1.4529915687822814e-13,0.0,0.0,0.0,0.0,1.6742619247666096e-13,1.2635603593023355e-5,0.0,0.0,0.0,0.0,0.0,1.1100568032663089e-5,3.5804537022810805e-6,3.721749467653663e-7,3.7217480058018313e-7,1.4618518318208366e-13
6600.0,0.00034768281118349774,0.0005466153592527714,0.0004953889590226414,0.0002362556661193587,0.00023625557332139415,9.279796539136009e-11,0.0,0.0,0.0,0.0,3.1813422719388707e-17,1.144509200394562e-5,0.0,0.0,0.0,0.0,0.0,1.0167577783779408e-5,1.747362400746597e-6,3.3790797050400883e-7,3.3790783777842e-7,1.3272558778105058e-13,2.2572527171773465e-6,6.045756076809522e-6,5.023929421068207e-6,2.7478783808108384e-5,2.7478773014822695e-5,1.0793287080501975e-11,0.0,0.0,0.0,0.0,1.6916638129637717e-9,1.2710643693455944e-5,0.0,0.0,0.0,0.0,0.0,1.186903382901837e-5,1.762916840333442e-6,4.20487905073689e-7,4.204877399118426e-7,1.6516184650064658e-13,7.168474158913626e-7,9.18641017585689e-7,4.599045339089797e-7,1.1086292035356075e-6,1.1086287680804415e-6,4.3545425238431627e-13,0.0,0.0,0.0,0.0,2.356187817661059e-11,1.1453988045288625e-5,0.0,0.0,0.0,0.0,0.0,1.0170577915331866e-5,1.7552999414660763e-6,3.3534552801031323e-7,3.353453962912179e-7,1.3171909573049765e-13,2.39541356789226e-7,4.43973366649166e-7,2.3527534820627882e-7,6.395390242597478e-8,6.395387730628057e-8,2.5120210327844737e-14,0.0,0.0,0.0,0.0,2.4906539987911712e-12,1.1463883295567032e-5,0.0,0.0,0.0,0.0,0.0,1.0178976204953906e-5,1.753334332479875e-6,3.372357195563482e-7,3.372355870948116e-7,1.324615368856799e-13,1.5967648050530317e-7,3.7138820254775724e-7,2.263559711054443e-7,3.233946559833851e-8,3.2339452896730085e-8,1.2702495812179612e-14,0.0,0.0,0.0,0.0,1.8853969706799418e-13,1.1471855983318076e-5,0.0,0.0,0.0,0.0,0.0,1.0186351682649916e-5,1.7530016118200168e-6,3.380406864879854e-7,3.3804055371026764e-7,1.327777167881144e-13
6720.0,0.00031535719734592784,0.00039899309157709177,0.00039311570543016153,0.0002110516523601723,0.00021105156946199576,8.289817659490101e-11,0.0,0.0,0.0,0.0,1.6914668569020238e-17,1.0518533937181674e-5,0.0,0.0,0.0,0.0,0.0,9.395234725243161e-6,2.3755566299004725e-6,3.2457657566649193e-7,3.2457644817729193e-7,1.2748919985829363e-13,2.0981916328752237e-6,5.375017275615293e-6,4.51609636064499e-6,2.602279471900329e-5,2.602278449760844e-5,1.0221394658532937e-11,0.0,0.0,0.0,0.0,1.7305988271958072e-9,1.0840731154772226e-5,0.0,0.0,0.0,0.0,0.0,9.771324134492735e-6,2.346958993054341e-6,3.629649048323908e-7,3.629647622647853e-7,1.425676058067435e-13,6.515131818320488e-7,6.805145226851487e-7,2.903589516906627e-7,9.977034219603475e-7,9.977030300763486e-7,3.9188413612516716e-13,0.0,0.0,0.0,0.0,1.4735174474852858e-11,1.0447796073960483e-5,0.0,0.0,0.0,0.0,0.0,9.327711210477212e-6,2.378727224811477e-6,3.212171855130161e-7,3.2121705934333923e-7,1.2616967776462728e-13,1.3296216194941604e-7,1.526844291708426e-7,4.417863836762262e-8,3.234274775554129e-8,3.234273505097371e-8,1.2703784997345006e-14,0.0,0.0,0.0,0.0,2.812036567909296e-12,1.0485092818439263e-5,0.0,0.0,0.0,0.0,0.0,9.362354600645264e-6,2.3786355340318475e-6,3.232478464110843e-7,3.2324771944379134e-7,1.2696729334285146e-13,4.795520129087516e-8,7.629613969738226e-8,3.769032977230224e-8,5.874017208212968e-9,5.874014902412641e-9,2.307232899665764e-15,0.0,0.0,0.0,0.0,1.810920735653657e-13,1.0506076411523326e-5,0.0,0.0,0.0,0.0,0.0,9.382456972305292e-6,2.3784932510991583e-6,3.241336464613225e-7,3.2413351914609903e-7,1.2731522337879817e-13
6840.0,0.00041682257222203827,0.0007554238848076822,0.0006435620867555137,0.00021233604538522258,0.00021233596198255524,8.340266845088615e-11,0.0,0.0,0.0,0.0,3.8748047310178257e-17,1.0947475368673165e-5,0.0,0.0,0.0,0.0,0.0,9.63520219200635e-6,2.810024437434265e-6,3.3048194508275427e-7,3.304818152740062e-7,1.2980874747259958e-13,1.8147635181126054e-6,6.261742109410739e-6,5.355906479964976e-6,2.515034575827527e-5,2.515033587956713e-5,9.878708746303616e-12,0.0,0.0,0.0,0.0,2.0111105712409334e-9,1.1588677618424505e-5,0.0,0.0,0.0,0.0,0.0,1.0556814792083211e-5,2.799719994637052e-6,3.927171942303417e-7,3.9271703997644734e-7,1.5425389450921188e-13,7.364008267683568e-7,2.5247297631561164e-6,1.9883598264476722e-6,1.057952201618727e-6,1.0579517860677716e-6,4.155490253590365e-13,0.0,0.0,0.0,0.0,1.2000136159526041e-11,1.1024555361641621e-5,0.0,0.0,0.0,0.0,0.0,9.695442131589206e-6,2.8322004119553004e-6,3.2952349453244065e-7,3.2952336510015945e-7,1.294322813227785e-13,7.518459114292352e-7,2.524868782310924e-6,1.7958689349736832e-6,2.047522331768439e-7,2.047521527530566e-7,8.042385166983717e-14,0.0,0.0,0.0,0.0,2.8829278328252595e-12,1.1011280950371491e-5,0.0,0.0,0.0,0.0,0.0,9.681001157818825e-6,2.831974118163343e-6,3.308052446907836e-7,3.3080511475504887e-7,1.2993573509719195e-13,7.519416939578451e-7,2.516670273865287e-6,1.7843954935135034e-6,1.8066068864448306e-7,1.8066061768212195e-7,7.096102543364554e-14,0.0,0.0,0.0,0.0,1.7920253658224739e-13,1.1007102002599585e-5,0.0,0.0,0.0,0.0,0.0,9.681364275980312e-6,2.83171744660095e-6,3.3116792081054864e-7,3.311677907323587e-7,1.3007818927220937e-13
6960.0,0.00046600756782648597,0.0010275430093421598,0.0008614626887315552,0.0002490471211839712,0.0002490470233616985,9.782227242233451e-11,0.0,0.0,0.0,0.0,1.7331531512269924e-17,1.1116695844714497e-5,0.0,0.0,0.0,0.0,0.0,9.795318351262696e-6,2.2967268285554566e-6,3.325070947609341e-7,3.3250696415673535e-7,1.306041983197049e-13,3.4863550637006906e-6,8.745681863119504e-6,6.081057591299912e-6,2.4777640479520836e-5,2.477763074720536e-5,9.732315256034695e-12,0.0,0.0,0.0,0.0,2.273176479557073e-9,1.1325201215806703e-5,0.0,0.0,0.0,0.0,0.0,1.0187709942093568e-5,2.3048504088183226e-6,3.917939907846402e-7,3.9179383689336695e-7,1.5389127293568257e-13,1.3510357029654536e-6,3.792172931107338e-6,2.6195917121594166e-6,1.1531668435506713e-6,1.1531663906040174e-6,4.529480227755706e-13,0.0,0.0,0.0,0.0,2.139295254284935e-11,1.1272440302128196e-5,0.0,0.0,0.0,0.0,0.0,9.876845363975582e-6,2.3262221894698947e-6,3.2972446507196213e-7,3.297243355607426e-7,1.2951121977736732e-13,1.120463057707917e-6,3.5442442267214103e-6,2.4635687190872725e-6,3.566368669537402e-7,3.56636726870865e-7,1.400820398532156e-13,0.0,0.0,0.0,0.0,2.9450103796774547e-12,1.1186630742770673e-5,0.0,0.0,0.0,0.0,0.0,9.85067175676545e-6,2.3269171984649983e-6,3.313261631938963e-7,3.3132603305355143e-7,1.3014034469668886e-13,1.09058688334664e-6,3.517605945734501e-6,2.4548428825554936e-6,3.2894387580031766e-7,3.289437465964516e-7,1.2920461508385882e-13,0.0,0.0,0.0,0.0,1.9539154457977226e-13,1.115297872718772e-5,0.0,0.0,0.0,0.0,0.0,9.82787330710651e-6,2.326849464125633e-6,3.3165438120689737e-7,3.316542509376333e-7,1.3026926420288156e-13
7080.0,0.00031887244484276375,0.0005861419807766297,0.0005424792961236191,0.0002489019233244852,0.0002489018255592443,9.776524070681699e-11,0.0,0.0,0.0,0.0,3.349179555526004e-17,1.1176489405409322e-5,0.0,0.0,0.0,0.0,0.0,9.655907640345867e-6,2.9853045920211552e-6,3.4865014099858426e-7,3.486500040536202e-7,1.3694496411245305e-13,2.402503306752485e-6,6.19336092526294e-6,5.361465288444721e-6,2.460890096409091e-5,2.4608891298055122e-5,9.666036702930894e-12,0.0,0.0,0.0,0.0,2.2075612298629797e-9,1.2563555928316187e-5,0.0,0.0,0.0,0.0,0.0,1.0967536316274969e-5,3.0266807479024966e-6,4.2433563050089683e-7,4.243354638277162e-7,1.6667317995094824e-13,1.308314639695586e-6,1.685845996980439e-6,8.812778848205286e-7,1.1148721907577993e-6,1.1148717528507793e-6,4.3790641161328056e-13,0.0,0.0,0.0,0.0,2.9019660820299133e-11,1.1448428221660947e-5,0.0,0.0,0.0,0.0,0.0,9.914028455760962e-6,3.0445028656984315e-6,3.506394267775622e-7,3.5063928905123404e-7,1.3772632811486367e-13,5.33862215972708e-7,1.2036512549492395e-6,7.340192783672565e-7,1.209075291077153e-7,1.2090748161626164e-7,4.7490808944295295e-14,0.0,0.0,0.0,0.0,3.2904209070852258e-12,1.1364485542379479e-5,0.0,0.0,0.0,0.0,0.0,9.783240912633134e-6,3.0470495658139694e-6,3.517140834282541e-7,3.5171394527981546e-7,1.3814843841730216e-13,5.240379986693258e-7,1.194073833710936e-6,7.285990293602582e-7,9.384820178680713e-8,9.384816492380446e-8,3.686227858351178e-14,0.0,0.0,0.0,0.0,2.2706915460234033e-13,1.1348260990629775e-5,0.0,0.0,0.0,0.0,0.0,9.752175796038748e-6,3.0472669832614615e-6,3.5191773851953247e-7,3.5191760029110227e-7,1.3822843132677455e-13
7200.0,0.00026065312445957677,0.0004378405498163311,0.00046693323050715535,0.0002284868080781584,0.0002284867183316937,8.974646516078599e-11,0.0,0.0,0.0,0.0,2.2247178158247092e-17,1.0052685712162434e-5,0.0,0.0,0.0,0.0,0.0,9.125721666920353e-6,2.030373863608611e-6,3.587314979861902e-7,3.587313570814084e-7,1.4090478201735435e-13,1.7952400729721006e-6,5.576503438916386e-6,4.877934528069168e-6,2.3262947545122042e-5,2.326293840775819e-5,9.137364773730861e-12,0.0,0.0,0.0,0.0,2.106490496969055e-9,1.1071389243574079e-5,0.0,0.0,0.0,0.0,0.0,1.0120757936398605e-5,1.986020783155753e-6,4.7023973475654653e-7,4.7023955005286784e-7,1.8470367863911548e-13,5.176793408446546e-7,7.005805877324354e-7,3.631469604950459e-7,1.0508333547495776e-6,1.0508329419963067e-6,4.127528405469082e-13,0.0,0.0,0.0,0.0,1.6678474615894695e-11,1.0181323385695402e-5,0.0,0.0,0.0,0.0,0.0,9.233299502879521e-6,2.017421656212871e-6,3.550867621015648e-7,3.5508662262838496e-7,1.3947318005818168e-13,1.866493285849341e-7,3.801624637097189e-7,2.1974322454013838e-7,5.77772949456231e-8,5.777727225161109e-8,2.2694124144806386e-14,0.0,0.0,0.0,0.0,3.719668763513055e-12,1.0083326941134323e-5,0.0,0.0,0.0,0.0,0.0,9.156128026130004e-6,2.0190100508322314e-6,3.58235618411521e-7,3.582354777015139e-7,1.4071000736341996e-13,1.4457766889892573e-7,3.43313798527994e-7,2.1161447893046148e-7,2.8949313199647857e-8,2.8949301828778173e-8,1.1370890733283825e-14,0.0,0.0,0.0,0.0,2.051918585621309e-13,1.006499397934148e-5,0.0,0.0,0.0,0.0,0.0,9.140667892146295e-6,2.0194672322409627e-6,3.5889537396193033e-7,3.5889523299278067e-7,1.4096915023918353e-13
7320.0,0.00031688266488653135,0.0003860404884517824,0.000496778212057469,0.0001987518102175254,0.0001987517321505575,7.806696833555784e-11,0.0,0.0,0.0,0.0,1.2963706833877319e-17,1.0041716910289694e-5,0.0,0.0,0.0,0.0,0.0,9.60413402064051e-6,2.053731780125099e-6,4.30999998627104e-7,4.309998293362527e-7,1.692908517845567e-13,1.3291849900246011e-6,7.577266116602768e-6,7.213233668188728e-6,2.6366665349415935e-5,2.6366654992953194e-5,1.0356462296842993e-11,0.0,0.0,0.0,0.0,2.5068554990723467e-9,1.4078488050602214e-5,0.0,0.0,0.0,0.0,0.0,1.3611529188146952e-5,2.2674470292598933e-6,6.114293768358026e-7,6.114291366747808e-7,2.401610216713453e-13,3.878272553012839e-7,5.199370325886459e-7,3.201592908536909e-7,1.208119034172121e-6,1.2081185596394552e-6,4.745324849271942e-13,0.0,0.0,0.0,0.0,6.214446612940833e-12,1.0000298815799333e-5,0.0,0.0,0.0,0.0,0.0,9.54279980076616e-6,2.0496988293487352e-6,4.259921205903782e-7,4.259919532665514e-7,1.67323826399009e-13,6.916453577660714e-8,6.480569920148369e-8,2.9428113983380585e-8,4.4638989744215396e-8,4.46389722110046e-8,1.7533579166119303e-14,0.0,0.0,0.0,0.0,3.700372616910535e-12,1.0034453265322935e-5,0.0,0.0,0.0,0.0,0.0,9.590570873991111e-6,2.0533150690564194e-6,4.2996058799215715e-7,4.299604191095707e-7,1.6888258563071766e-13,2.5053997687683044e-8,2.4713488046091262e-8,1.3431556409736374e-8,3.2966648098164393e-9,3.2966635149009965e-9,1.2948844444687916e-15,0.0,0.0,0.0,0.0,1.780145757677982e-13,1.0040306176692187e-5,0.0,0.0,0.0,0.0,0.0,9.600817786176884e-6,2.054149923100404e-6,4.307599485431467e-7,4.307597793465842e-7,1.6919656342420067e-13
7440.0,0.00048235566843507017,0.0004409577038964313,0.0004466791690614021,0.0001923239548082168,0.00019232387926602272,7.554219543333951e-11,0.0,0.0,0.0,0.0,8.16507200073171e-18,1.6485568183051795e-5,0.0,0.0,0.0,0.0,0.0,1.557135099791716e-5,2.9499665911478866e-6,6.898334367279553e-7,6.898331657709023e-7,2.709570544434789e-13,1.672175820295694e-6,7.991093482097468e-6,7.701010327830869e-6,3.1950603781759227e-5,3.195059123200425e-5,1.2549756256321664e-11,0.0,0.0,0.0,0.0,3.2062655894702346e-9,3.1160120317313987e-5,0.0,0.0,0.0,0.0,0.0,2.9356320109906144e-5,3.7436793862925735e-6,1.3718808006663195e-6,1.3718802618104725e-6,5.388558469407744e-13,3.995089853177543e-7,5.566909818596457e-7,3.6217812803731177e-7,1.7480648831384094e-6,1.7480641965214927e-6,6.866157633035391e-13,0.0,0.0,0.0,0.0,8.065426998131006e-12,1.6394946563917918e-5,0.0,0.0,0.0,0.0,0.0,1.5477920310529317e-5,2.952685581984632e-6,6.825409813948727e-7,6.825407133021941e-7,2.6809267862243317e-13,8.282290977004725e-8,8.986871437790178e-8,4.14730246680277e-8,8.125360768811014e-8,8.12535757726221e-8,3.191529582332658e-14,0.0,0.0,0.0,0.0,3.651035094360027e-12,1.6482657462525346e-5,0.0,0.0,0.0,0.0,0.0,1.5567373960423102e-5,2.951149441019396e-6,6.898249994342413e-7,6.898247284805005e-7,2.7095374039094e-13,3.067842463313347e-8,3.722065520679502e-8,2.5468644809300363e-8,4.309536379671306e-9,4.309534690023136e-9,1.6927264202299143e-15,0.0,0.0,0.0,0.0,1.740058243588855e-13,1.6487144873171744e-5,0.0,0.0,0.0,0.0,0.0,1.557220572762815e-5,2.9506104992504416e-6,6.898295532206571e-7,6.898292822651275e-7,2.7095552905540344e-13
7560.0,0.0005671046096379548,0.0005259922041187301,0.0004693761516584188,0.00021353798786916952,0.00021353790399439456,8.387477487211895e-11,0.0,0.0,0.0,0.0,1.2264862681029635e-17,2.2361434060439892e-5,0.0,0.0,0.0,0.0,0.0,2.096402430621951e-5,4.014254896945693e-6,9.88943342986136e-7,9.889429545428386e-7,3.884432979909104e-13,2.5285870460908973e-6,9.846109169597812e-6,7.94441792745106e-6,3.671306785495758e-5,3.671305343457283e-5,1.4420386423637837e-11,0.0,0.0,0.0,0.0,3.819114338991063e-9,4.498769734996611e-5,0.0,0.0,0.0,0.0,0.0,4.236945322686602e-5,4.640939546686173e-6,2.062496100121445e-6,2.0624952900014398e-6,8.101200062740054e-13,5.670149133239766e-7,7.013667769808171e-7,4.264333193166659e-7,2.3200711090610085e-6,2.320070197768569e-6,9.112919153238619e-13,0.0,0.0,0.0,0.0,1.9489050677172045e-11,2.225860646076399e-5,0.0,0.0,0.0,0.0,0.0,2.0810164985384867e-5,4.015014350501979e-6,9.808110422106042e-7,9.808106569615617e-7,3.852490424696957e-13,1.475446244035561e-7,1.6682565207578565e-7,8.406399748150299e-8,1.2868471439587335e-7,1.286846638500231e-7,5.0545580002595974e-14,0.0,0.0,0.0,0.0,3.8433017284212095e-12,2.2363968383714454e-5,0.0,0.0,0.0,0.0,0.0,2.095716011496168e-5,4.016789252536169e-6,9.896516939637444e-7,9.896513052422164e-7,3.887215284798747e-13,7.826593779319824e-8,1.1946510230948502e-7,6.26361696496881e-8,1.1186941254750741e-8,1.118693686207804e-8,4.394076148327486e-15,0.0,0.0,0.0,0.0,1.8367209586102345e-13,2.2369156100332993e-5,0.0,0.0,0.0,0.0,0.0,2.0967248805114482e-5,4.016541176857458e-6,9.89255631151659e-7,9.892552425856992e-7,3.8856596047284045e-13
7680.0,0.0006629855123730845,0.0007997951038003398,0.0006305156338359722,0.00022686576236461662,0.00022686567325487544,8.910974077447129e-11,0.0,0.0,0.0,0.0,1.8601065562776238e-17,2.5714615989481338e-5,0.0,0.0,0.0,0.0,0.0,2.4009104742273618e-5,4.906423619235477e-6,1.1746068115403998e-6,1.1746063501710548e-6,4.613693463364933e-13,3.415866442916214e-6,1.577387646841308e-5,1.3931084494632292e-5,4.2452962312752765e-5,4.245294563781401e-5,1.6674937757764426e-11,0.0,0.0,0.0,0.0,4.323641882357894e-9,6.543284924993075e-5,0.0,0.0,0.0,0.0,0.0,6.163546225204704e-5,5.744474373528789e-6,3.1998552463291427e-6,3.19985398947016e-6,1.2568589836748949e-12,7.978471862285855e-7,1.5029439842612795e-6,9.546071931716287e-7,3.3666980783357303e-6,3.366696755941662e-6,1.3223925457036613e-12,0.0,0.0,0.0,0.0,2.7962767571908657e-11,2.5481287229959932e-5,0.0,0.0,0.0,0.0,0.0,2.382612225174458e-5,4.907551655390559e-6,1.159255487598619e-6,1.1592550322590616e-6,4.553395581360228e-13,1.995380841455889e-7,4.0342283379682745e-7,2.48503413785445e-7,2.7470694741776294e-7,2.7470683951703423e-7,1.0790109806911966e-13,0.0,0.0,0.0,0.0,4.214884850176246e-12,2.5729570510089563e-5,0.0,0.0,0.0,0.0,0.0,2.403035060246564e-5,4.910210455122263e-6,1.1748094931840454e-6,1.1748090317350887e-6,4.614489568891688e-13,1.2365629788353705e-7,3.044025887927826e-7,1.8790723924196008e-7,4.23441068457096e-8,4.2344090214583364e-8,1.663218083273687e-14,0.0,0.0,0.0,0.0,1.937352481442154e-13,2.5725021028102296e-5,0.0,0.0,0.0,0.0,0.0,2.4015964841139014e-5,4.909822486218466e-6,1.1745880699485113e-6,1.174587608586527e-6,4.613619848978281e-13
7800.0,0.0006774739420541704,0.000790164902956425,0.000597896412974794,0.00022851889268517262,0.00022851880292610466,8.975906755166282e-11,0.0,0.0,0.0,0.0,1.6973184602888574e-17,2.8608694012981122e-5,0.0,0.0,0.0,0.0,0.0,2.7190543474816273e-5,4.982497568212346e-6,1.4655646215356474e-6,1.4655640458820894e-6,5.75653558968431e-13,5.105550727635844e-6,2.6301073655558318e-5,2.203824074587809e-5,4.974293354165846e-5,4.974291400332169e-5,1.9538337856970095e-11,0.0,0.0,0.0,0.0,4.727079571798785e-9,8.902254271876877e-5,0.0,0.0,0.0,0.0,0.0,8.499316032665231e-5,6.576119948126437e-6,4.762680455023544e-6,4.762678584308385e-6,1.8707151591111206e-12,2.61483485480005e-6,8.143600287903695e-6,5.7616785728160485e-6,5.413084371258406e-6,5.413082245070655e-6,2.126184842020102e-12,0.0,0.0,0.0,0.0,3.3792264544690364e-11,2.8517297971420688e-5,0.0,0.0,0.0,0.0,0.0,2.692479775164798e-5,4.987078644497738e-6,1.4455104958995969e-6,1.4455099281230226e-6,5.677765751597639e-13,2.3925631210705393e-6,6.645553223930082e-6,4.3059069221252694e-6,9.54415536830843e-7,9.544151619481513e-7,3.7488125220671055e-13,0.0,0.0,0.0,0.0,4.5802303954288166e-12,2.8666376236595504e-5,0.0,0.0,0.0,0.0,0.0,2.722640267754859e-5,4.97017753852329e-6,1.468089646042283e-6,1.4680890693969298e-6,5.766453537500241e-13,2.3674177828825888e-6,6.499442560026004e-6,4.175663513565766e-6,5.173660542749813e-7,5.173658510601957e-7,2.0321424661679083e-13,0.0,0.0,0.0,0.0,2.023539223810423e-13,2.863209362748695e-5,0.0,0.0,0.0,0.0,0.0,2.722686759852955e-5,4.967408311123652e-6,1.4673592447581636e-6,1.467358668399701e-6,5.763584622049499e-13
7920.0,0.0006019214263425091,0.0006669188111279763,0.0005799664021507694,0.00021353596631137634,0.00021353588243739458,8.387398083211497e-11,0.0,0.0,0.0,0.0,1.8633321665051835e-17,2.747975738832817e-5,0.0,0.0,0.0,0.0,0.0,2.655574986004005e-5,5.348030415878067e-6,1.5006816895562587e-6,1.5006811001091996e-6,5.894470586814758e-13,3.8049941388971185e-6,1.9916808326918794e-5,1.73857680144084e-5,5.309489094155427e-5,5.3094870086613276e-5,2.0854940467600127e-11,0.0,0.0,0.0,0.0,5.076665295859013e-9,9.357687730373217e-5,0.0,0.0,0.0,0.0,0.0,9.053478307514055e-5,7.331107217540436e-6,5.447313944584376e-6,5.447311804954631e-6,2.139629746065132e-12,6.753864748338008e-7,2.0992786166583037e-6,1.7820262676808245e-6,6.200381085908833e-6,6.2003786504851765e-6,2.435424127066575e-12,0.0,0.0,0.0,0.0,3.7585337244841906e-11,2.717617722914158e-5,0.0,0.0,0.0,0.0,0.0,2.6221943795847835e-5,5.344783707029577e-6,1.4770585601491348e-6,1.4770579799809162e-6,5.801682194427578e-13,1.13706475307878e-7,3.34781373170618e-7,2.563998503874658e-7,7.305450686202291e-7,7.305447816727926e-7,2.8694802164198364e-13,0.0,0.0,0.0,0.0,4.855770212528818e-12,2.7494887731693438e-5,0.0,0.0,0.0,0.0,0.0,2.6564303510835962e-5,5.348378704031773e-6,1.5020233110602776e-6,1.5020227210862495e-6,5.899740290942636e-13,5.250899872809994e-8,1.3460741866977618e-7,8.701226704487062e-8,9.633304085669683e-8,9.633300301680708e-8,3.783828908009795e-14,0.0,0.0,0.0,0.0,2.139483734579329e-13,2.7482777351532054e-5,0.0,0.0,0.0,0.0,0.0,2.655764463490699e-5,5.348519102715255e-6,1.5008415070101585e-6,1.500840917500326e-6,5.89509832771933e-13
8040.0,0.0006163297367640622,0.0007523881840048575,0.0006410251753003186,0.00022500977669666908,0.0002250096883159336,8.838073521617059e-11,0.0,0.0,0.0,0.0,5.887277863532936e-17,2.6619878594755204e-5,0.0,0.0,0.0,0.0,0.0,2.3503890387706655e-5,5.586503796011451e-6,1.2946711887197893e-6,1.2946706801908132e-6,5.08528976838643e-13,4.583441687027942e-6,2.0598786582904918e-5,1.7049675485036075e-5,5.662017981928637e-5,5.662015757966187e-5,2.2239625290799537e-11,0.0,0.0,0.0,0.0,5.515880556613574e-9,9.442977810825734e-5,0.0,0.0,0.0,0.0,0.0,9.203293296625983e-5,7.905764014770184e-6,5.871409218224165e-6,5.871406912015651e-6,2.3062085171578933e-12,8.557833561790955e-7,2.695831323796465e-6,2.2677532525853438e-6,7.893090283687841e-6,7.893087183391568e-6,3.1002969410540133e-12,0.0,0.0,0.0,0.0,4.578102954082987e-11,2.631137200603351e-5,0.0,0.0,0.0,0.0,0.0,2.3212252942662103e-5,5.52669234998994e-6,1.2628986478594327e-6,1.262898151810272e-6,4.960491612406317e-13,3.2314506441880053e-7,1.0342369299661262e-6,7.75194379185916e-7,1.2686248067646793e-6,1.2686243084661287e-6,4.982983174391023e-13,0.0,0.0,0.0,0.0,5.166159155673879e-12,2.642294655231764e-5,0.0,0.0,0.0,0.0,0.0,2.330630103136392e-5,5.544628595238799e-6,1.295256395121892e-6,1.2952558863630548e-6,5.087588378377084e-13,2.8332216415278763e-7,8.358851987308784e-7,5.923930877697696e-7,3.387586693723041e-7,3.3875853631154246e-7,1.3305973055665794e-13,0.0,0.0,0.0,0.0,2.450443780180733e-13,2.644277593666338e-5,0.0,0.0,0.0,0.0,0.0,2.332315333265377e-5,5.547757398581641e-6,1.2933032472827254e-6,1.2933027392910584e-6,5.079916683193633e-13
8160.0,0.000824462451278791,0.0013319035939574335,0.0009597969423309916,0.00026278065806453657,0.000262780554847921,1.0321661619015656e-10,0.0,0.0,0.0,0.0,2.2452356144656212e-17,2.7399925331777652e-5,0.0,0.0,0.0,0.0,0.0,2.4021176190143973e-5,5.673850649484536e-6,1.1114805271964308e-6,1.1114800906222167e-6,4.3657421297077213e-13,6.626378433728826e-6,2.5991453949943383e-5,2.023399936857018e-5,6.141815730599439e-5,6.141813318178934e-5,2.412420463686715e-11,0.0,0.0,0.0,0.0,6.245855820599961e-9,9.157533526440608e-5,0.0,0.0,0.0,0.0,0.0,8.891925177639077e-5,8.345845335737091e-6,5.798564545494731e-6,5.798562267898599e-6,2.2775961349453283e-12,1.2510013531006475e-6,2.44816720776028e-6,1.92071289788231e-6,1.0022072049905223e-5,1.0022068113371158e-5,3.936531599486609e-12,0.0,0.0,0.0,0.0,5.719009280357739e-11,2.745510446080348e-5,0.0,0.0,0.0,0.0,0.0,2.3951566713913493e-5,5.695423392158659e-6,1.0797306574531789e-6,1.079730233349877e-6,4.2410330227470475e-13,2.8798366848636556e-7,6.705569055237531e-7,4.4864310845943694e-7,1.7005761406470766e-6,1.700575472684103e-6,6.679628405839068e-13,0.0,0.0,0.0,0.0,5.475363106042192e-12,2.7312632547563745e-5,0.0,0.0,0.0,0.0,0.0,2.3944735694898695e-5,5.6712192699698234e-6,1.1153141565916515e-6,1.1153137185116443e-6,4.3808000969423123e-13,1.2662637703924479e-7,3.415946710435593e-7,2.430191712994535e-7,3.4598710910541546e-7,3.459869732065814e-7,1.3589896193357017e-13,0.0,0.0,0.0,0.0,2.845777006243598e-13,2.7367590435697347e-5,0.0,0.0,0.0,0.0,0.0,2.3991083041169767e-5,5.666951501076309e-6,1.1123459430971952e-6,1.11234550618306e-6,4.369141363941017e-13
8280.0,0.0006558402070503417,0.0010433254142601176,0.0008238802117073248,0.0002077865300879501,0.00020778644847226795,8.161568162412156e-11,0.0,0.0,0.0,0.0,2.2144963183312984e-17,2.6209011307853985e-5,0.0,0.0,0.0,0.0,0.0,2.2797343927721106e-5,5.335427748597151e-6,9.390864830157412e-7,9.390861141555292e-7,3.6886021140488363e-13,5.842280145768389e-6,1.50880904985744e-5,1.3438250358608156e-5,6.248059859917869e-5,6.248057405766262e-5,2.4541516915445504e-11,0.0,0.0,0.0,0.0,7.232758095774902e-9,7.801660944838796e-5,0.0,0.0,0.0,0.0,0.0,7.621477835753297e-5,7.483313021277921e-6,5.180341035306229e-6,5.18033900053976e-6,2.034766471450131e-12,1.5030934917047503e-6,2.518283547504084e-6,1.8125839501309147e-6,1.1525309083179546e-5,1.1525304556196311e-5,4.526982361918326e-12,0.0,0.0,0.0,0.0,6.66649616745313e-11,2.6101399546772433e-5,0.0,0.0,0.0,0.0,0.0,2.2775475453725488e-5,5.338860305288012e-6,9.203757803302816e-7,9.203754188193756e-7,3.6151090559235744e-13,5.58177834011301e-7,1.4172423582341496e-6,9.718648958326886e-7,2.2916981311621082e-6,2.291697231014691e-6,9.001474011442426e-13,0.0,0.0,0.0,0.0,5.608357630632626e-12,2.630195664330588e-5,0.0,0.0,0.0,0.0,0.0,2.290857992325519e-5,5.358842648656322e-6,9.486518308563443e-7,9.486514582389972e-7,3.726173480376212e-13,5.225812552251373e-7,1.3401820842625185e-6,8.554768758849764e-7,6.179184479483846e-7,6.179182052400319e-7,2.427098392572407e-13,0.0,0.0,0.0,0.0,3.256799396991921e-13,2.6341836245263368e-5,0.0,0.0,0.0,0.0,0.0,2.2936474395947847e-5,5.364778464035155e-6,9.456158012903541e-7,9.456154298655188e-7,3.714248375204358e-13
8400.0,0.0006919029059637124,0.0011374312382412732,0.0008657044185020186,0.0003116828176981956,0.00031168269527348557,1.2242470965850285e-10,0.0,0.0,0.0,0.0,2.597253316056235e-17,2.51293493372301e-5,0.0,0.0,0.0,0.0,0.0,2.243708531228197e-5,5.733195883289567e-6,1.0017770718664667e-6,1.0017766783822594e-6,3.93484209593332e-13,8.099085955392236e-6,2.2323885036505833e-5,1.7649714871706515e-5,6.354967744661539e-5,6.354965248517929e-5,2.496143633373671e-11,0.0,0.0,0.0,0.0,8.375456135348985e-9,7.241376256184902e-5,0.0,0.0,0.0,0.0,0.0,7.061459938485785e-5,7.329576990128457e-6,4.679440154245458e-6,4.679438316225941e-6,1.8380195176577268e-12,1.8876591831537039e-6,2.070197039433152e-6,9.511426542551873e-7,1.269606545553939e-5,1.2696060468700886e-5,4.986839308880396e-12,0.0,0.0,0.0,0.0,7.461605808554134e-11,2.479023959480278e-5,0.0,0.0,0.0,0.0,0.0,2.2125433844565107e-5,5.694653190822064e-6,9.852495827934947e-7,9.852491958010536e-7,3.869924399600698e-13,6.441224872934768e-7,1.1883195189332429e-6,6.185505899521977e-7,2.6788520629023296e-6,2.678851010684407e-6,1.0522161229183149e-12,0.0,0.0,0.0,0.0,5.383852597189363e-12,2.4984322963553985e-5,0.0,0.0,0.0,0.0,0.0,2.228666071165382e-5,5.693533265559617e-6,9.908524214503052e-7,9.908520322571469e-7,3.891931576669002e-13,4.0126270267615283e-7,9.840063857911711e-7,6.011787933649093e-7,6.853039532967432e-7,6.853036841184631e-7,2.6917793585749637e-13,0.0,0.0,0.0,0.0,3.670925348303415e-13,2.5025223874538193e-5,0.0,0.0,0.0,0.0,0.0,2.2327196367993794e-5,5.707689555433148e-6,9.953392716331447e-7,9.953388806776145e-7,3.90955530501476e-13
8520.0,0.000654472158560156,0.0012939921682899552,0.000980245747953063,0.0002769096964243887,0.0002769095876580808,1.0876630748123597e-10,0.0,0.0,0.0,0.0,6.970452668620837e-17,2.3120449457514805e-5,0.0,0.0,0.0,0.0,0.0,2.1015524914752027e-5,5.673307599643061e-6,1.0435048353621126e-6,1.0435044254878138e-6,4.098742992632726e-13,6.645019415051166e-6,2.1029956821534782e-5,1.9547473512586936e-5,6.615535463497618e-5,6.61553286500649e-5,2.5984910375728622e-11,0.0,0.0,0.0,0.0,9.554820081043496e-9,6.749220549672765e-5,0.0,0.0,0.0,0.0,0.0,6.553873856377568e-5,7.106908325490296e-6,4.281678148710398e-6,4.281676466926307e-6,1.6817840908849697e-12,1.8576922082018561e-6,4.255935841126074e-6,3.00711768013798e-6,1.4178790045957468e-5,1.4178784476724624e-5,5.5692330668225965e-12,0.0,0.0,0.0,0.0,9.384224265582177e-11,2.359487692503333e-5,0.0,0.0,0.0,0.0,0.0,2.141631668605956e-5,5.875595314050859e-6,1.056789181992428e-6,1.0567887669002214e-6,4.1509220729949344e-13,1.3795026577692777e-6,3.3988503402525632e-6,2.28235453241306e-6,3.4643498776294234e-6,3.464348516880936e-6,1.360748824900651e-12,0.0,0.0,0.0,0.0,5.196596516370445e-12,2.3652796387604212e-5,0.0,0.0,0.0,0.0,0.0,2.1456639706389378e-5,5.886739420985308e-6,1.0789454064720173e-6,1.0789449826771517e-6,4.2379486652554325e-13,1.3799356023080044e-6,3.3547198363915763e-6,2.2456089454276143e-6,1.2466418494425084e-6,1.2466413597783058e-6,4.896637151613299e-13,0.0,0.0,0.0,0.0,4.2556010798674165e-13,2.3644940009424316e-5,0.0,0.0,0.0,0.0,0.0,2.1448006886481506e-5,5.902474825345863e-6,1.0793054593219053e-6,1.0793050353856134e-6,4.2393629031635226e-13
8640.0,0.0006007894619906788,0.0012392018854825335,0.000990264907823596,0.00028816855504793854,0.0002881684418593073,1.1318863177955167e-10,0.0,0.0,0.0,0.0,4.813432544961118e-17,2.1063936024074284e-5,0.0,0.0,0.0,0.0,0.0,1.8925256649077386e-5,4.445417729702674e-6,8.878181083808309e-7,8.878177596581302e-7,3.48722701337134e-13,7.719027978795711e-6,1.9488152302441956e-5,1.7563994850008655e-5,6.820022066102139e-5,6.820019387291546e-5,2.678810553219563e-11,0.0,0.0,0.0,0.0,1.0816200464150247e-8,6.044172411203254e-5,0.0,0.0,0.0,0.0,0.0,5.844912367724871e-5,5.895125441311107e-6,3.832564773039372e-6,3.832563267660817e-6,1.5053785545569598e-12,2.4839804360068593e-6,4.101753462904121e-6,2.2325237660969423e-6,1.5601115969577706e-5,1.560110984167564e-5,6.127903061931489e-12,0.0,0.0,0.0,0.0,1.1798216125314652e-10,2.0888471932371445e-5,0.0,0.0,0.0,0.0,0.0,1.8734109779388427e-5,4.40684363701231e-6,8.601471624307997e-7,8.601468245768655e-7,3.378539356190667e-13,1.2393983662359331e-6,2.855274916777072e-6,1.8218396754807658e-6,3.954458940954111e-6,3.954457387699834e-6,1.55325690160974e-12,0.0,0.0,0.0,0.0,5.161691549502765e-12,2.0915226143433012e-5,0.0,0.0,0.0,0.0,0.0,1.8745523610008963e-5,4.342672755095191e-6,8.768982898538607e-7,8.768979454203103e-7,3.4443354731009857e-13,1.1066898878012502e-6,2.772962388758703e-6,1.773120036607632e-6,1.4034241285064372e-6,1.4034235772598414e-6,5.512456308272723e-13,0.0,0.0,0.0,0.0,5.005350454226016e-13,2.0976724073851865e-5,0.0,0.0,0.0,0.0,0.0,1.8808513586479267e-5,4.357912239346934e-6,8.773443501231854e-7,8.773440055144314e-7,3.446087536283863e-13
8760.0,0.0006630892952362482,0.0013767981912641584,0.001074209606576332,0.0003388679092611223,0.0003388677761584828,1.3310263847796592e-10,0.0,0.0,0.0,0.0,8.446461552309722e-17,2.1372416592495582e-5,0.0,0.0,0.0,0.0,0.0,1.9248380199959958e-5,4.93271347261872e-6,9.209088230826669e-7,9.209084613623866e-7,3.617202774296563e-13,7.3202105707204784e-6,2.4060406196465576e-5,2.3228996711939927e-5,6.993681612739618e-5,6.99367886571805e-5,2.7470216266868578e-11,0.0,0.0,0.0,0.0,1.213866541415536e-8,6.468918020561214e-5,0.0,0.0,0.0,0.0,0.0,6.335528931530846e-5,6.051202462525553e-6,4.41280891631514e-6,4.412807183024692e-6,1.7332904468331877e-12,1.59851983661842e-6,2.9888821528575107e-6,1.9257375970709517e-6,1.6746652660543637e-5,1.6746646082691282e-5,6.577854066065746e-12,0.0,0.0,0.0,0.0,1.5465368532570185e-10,2.1265772370070035e-5,0.0,0.0,0.0,0.0,0.0,1.916461628003841e-5,5.030973956018189e-6,9.146080141447296e-7,9.146076548993219e-7,3.592454066281895e-13,9.140350002109256e-7,2.2057711071467616e-6,1.340249721502602e-6,4.221708603138177e-6,4.221706944908247e-6,1.6582288809463294e-12,0.0,0.0,0.0,0.0,5.712798397766571e-12,2.1455412387358532e-5,0.0,0.0,0.0,0.0,0.0,1.933095121493938e-5,4.945008255350601e-6,9.258482471998171e-7,9.258478835394028e-7,3.6366041506024004e-13,8.547060628993387e-7,2.0373382039742414e-6,1.2301157146865985e-6,1.2886064675343504e-6,1.288605961389137e-6,5.061468380486655e-13,0.0,0.0,0.0,0.0,6.061263322985524e-13,2.1464003080804868e-5,0.0,0.0,0.0,0.0,0.0,1.9337844760253622e-5,4.9572423925113675e-6,9.246101406420924e-7,9.246097774679889e-7,3.631741038898812e-13
8880.0,0.0006044457862597174,0.0011762718458657663,0.000880269596114931,0.0002700762734896141,0.00027007616740738023,1.0608223325172963e-10,0.0,0.0,0.0,0.0,1.3354005621043536e-16,2.3276116937294414e-5,0.0,0.0,0.0,0.0,0.0,2.169808431636103e-5,6.100965225723046e-6,1.1805999618320512e-6,1.1805994981086788e-6,4.63723373067302e-13,7.448938885259212e-6,1.4371607145830793e-5,1.6336932813675384e-5,7.168255714075583e-5,7.168252898483529e-5,2.8155919246192027e-11,0.0,0.0,0.0,0.0,1.3020104651295105e-8,7.520269697769155e-5,0.0,0.0,0.0,0.0,0.0,7.302227943108522e-5,7.850717139596802e-6,4.939799608884994e-6,4.939797668599879e-6,1.940285118554457e-12,1.8011161978855744e-6,3.3208134560611835e-6,2.249450378944627e-6,1.8780273902519633e-5,1.8780266525887186e-5,7.376632426524948e-12,0.0,0.0,0.0,0.0,2.01137692820647e-10,2.3437875463794906e-5,0.0,0.0,0.0,0.0,0.0,2.190816826938356e-5,6.303073036434898e-6,1.1967204841790533e-6,1.1967200141237624e-6,4.700552917866261e-13,8.428038034348669e-7,2.1041510249935077e-6,1.5673801877987036e-6,5.089617314664591e-6,5.089615315532661e-6,1.99913144594283e-12,0.0,0.0,0.0,0.0,7.54269795421723e-12,2.3555147653689403e-5,0.0,0.0,0.0,0.0,0.0,2.2008394659292016e-5,6.161848287771008e-6,1.2116057459366572e-6,1.21160527003464e-6,4.75902017192677e-13,8.08932586804801e-7,1.8021850465626368e-6,1.3763146834496083e-6,1.655456259900601e-6,1.6554556096593053e-6,6.502403740677597e-13,0.0,0.0,0.0,0.0,7.364455595201858e-13,2.3589153647978523e-5,0.0,0.0,0.0,0.0,0.0,2.203688270259484e-5,6.168695078193572e-6,1.2105289402880927e-6,1.2105284648090283e-6,4.754790627935301e-13
9000.0,0.0005457696315924344,0.0012106095506892618,0.0009335054060126832,0.00027884730898123386,0.0002788471994538586,1.0952737495506766e-10,0.0,0.0,0.0,0.0,8.481018027922134e-17,1.990552828123116e-5,0.0,0.0,0.0,0.0,0.0,1.843442603794831e-5,4.9213096498330226e-6,9.843397877688724e-7,9.843394011337886e-7,3.866350850293089e-13,8.5524394075648e-6,1.5263368578164032e-5,1.7029310725454077e-5,7.056996373470923e-5,7.056993601580144e-5,2.7718907909765916e-11,0.0,0.0,0.0,0.0,1.3193916259586409e-8,6.543628076765877e-5,0.0,0.0,0.0,0.0,0.0,6.369731166478943e-5,6.7964160042176255e-6,4.343429432088121e-6,4.343427726048978e-6,1.706039142845766e-12,9.680769659194208e-6,2.4296580435343617e-5,1.5778289411147645e-5,2.4508723394344457e-5,2.4508713767657612e-5,9.626688335956537e-12,0.0,0.0,0.0,0.0,2.2582674012734326e-10,1.9643364346098073e-5,0.0,0.0,0.0,0.0,0.0,1.788978411270411e-5,4.524180395332939e-6,8.724640087484605e-7,8.724636660566365e-7,3.426918228837027e-13,8.644581138533055e-6,2.228271232179623e-5,1.4778092987792637e-5,1.0452811742073894e-5,1.0452807636353976e-5,4.105720206486615e-12,0.0,0.0,0.0,0.0,9.872462972397426e-12,1.936745221904647e-5,0.0,0.0,0.0,0.0,0.0,1.7673889827655487e-5,4.345613220709893e-6,8.818869248209617e-7,8.818865784279469e-7,3.4639301428344717e-13,8.487711749841954e-6,2.2318291812298537e-5,1.4555090769920577e-5,6.6870126698252725e-6,6.68701004325929e-6,2.6265662978530084e-12,0.0,0.0,0.0,0.0,8.655300385743716e-13,1.9309139233398934e-5,0.0,0.0,0.0,0.0,0.0,1.762550861464125e-5,4.347270138083331e-6,8.801686889860197e-7,8.801683432679023e-7,3.457181149586419e-13
9120.0,0.000670448637106118,0.001409884084045502,0.0010180376409276394,0.00032264734924374033,0.00032264722251231523,1.2673142634220725e-10,0.0,0.0,0.0,0.0,7.418187702936584e-17,2.0229616593364842e-5,0.0,0.0,0.0,0.0,0.0,1.8108761235674353e-5,3.902515402433274e-6,8.246629785528166e-7,8.246626546365797e-7,3.2391623786333903e-13,9.880007537843918e-6,2.708781658025662e-5,2.5588083295946122e-5,6.96364577970421e-5,6.963643044480352e-5,2.7352239659564657e-11,0.0,0.0,0.0,0.0,1.3156464214088077e-8,4.8451046542185817e-5,0.0,0.0,0.0,0.0,0.0,4.6864153572081386e-5,4.562163981566871e-6,3.1348929039143183e-6,3.1348916725716474e-6,1.2313426720360158e-12,3.0868747308288036e-6,7.838490334735881e-6,5.328275859437588e-6,1.9410070266431053e-5,1.9410062642425236e-5,7.624007747260742e-12,0.0,0.0,0.0,0.0,2.338571323568454e-10,2.0430052856519738e-5,0.0,0.0,0.0,0.0,0.0,1.8191109156005472e-5,3.957934159783117e-6,7.969482172323878e-7,7.969479042021254e-7,3.130302620724186e-13,2.087422015700606e-6,5.070263590128097e-6,3.316462169602265e-6,5.649172031958322e-6,5.649169813041456e-6,2.2189168172020094e-12,0.0,0.0,0.0,0.0,1.1857355549741876e-11,2.044686550552493e-5,0.0,0.0,0.0,0.0,0.0,1.823454951842636e-5,3.815074950801897e-6,8.131188710707418e-7,8.131185516888707e-7,3.1938187174974804e-13,1.9684148102297634e-6,4.565522799728127e-6,2.7587052867867126e-6,2.0875244750004615e-6,2.0875236550515986e-6,8.199508065432792e-13,0.0,0.0,0.0,0.0,9.930712406779492e-13,2.04421902336768e-5,0.0,0.0,0.0,0.0,0.0,1.8234043242132336e-5,3.81553369205257e-6,8.127028077904146e-7,8.12702488571967e-7,3.1921844783478825e-13
9240.0,0.0006102937454007737,0.0013071791196358855,0.0009694111795609684,0.00030884167170095025,0.00030884155039220503,1.2130874671778425e-10,0.0,0.0,0.0,0.0,9.822141233084604e-17,2.0650388697596825e-5,0.0,0.0,0.0,0.0,0.0,1.9066716630382457e-5,4.794528367751656e-6,9.85265786927413e-7,9.852653999286082e-7,3.8699880472026076e-13,9.376109732491932e-6,2.047617283571237e-5,2.0296736512380133e-5,6.860278179001285e-5,6.860275484378778e-5,2.6946225988436e-11,0.0,0.0,0.0,0.0,1.3351545475776408e-8,6.527284496714116e-5,0.0,0.0,0.0,0.0,0.0,6.313319929636983e-5,6.512947485031728e-6,4.200144191895959e-6,4.200142542137282e-6,1.6497586777934411e-12,2.591347086905362e-6,5.344762101561046e-6,3.3265106061919597e-6,1.9076463301302004e-5,1.907645580833001e-5,7.492971535037515e-12,0.0,0.0,0.0,0.0,2.435540303796725e-10,2.086198327911916e-5,0.0,0.0,0.0,0.0,0.0,1.9228561211156668e-5,5.01470354780871e-6,9.864148612231657e-7,9.864144737730233e-7,3.874501452467387e-13,1.040101949849933e-6,2.549899636956719e-6,1.6315477539726982e-6,5.306664771895978e-6,5.306662687512822e-6,2.084384691951894e-12,0.0,0.0,0.0,0.0,1.3569745196589379e-11,2.0733135411780685e-5,0.0,0.0,0.0,0.0,0.0,1.915589551315053e-5,4.843937397380127e-6,9.939367545084837e-7,9.939363641038394e-7,3.9040464112924265e-13,8.9315891455043e-7,2.0771224501678623e-6,1.2722053256239863e-6,1.7309915111683739e-6,1.7309908312579388e-6,6.799095784003183e-13,0.0,0.0,0.0,0.0,1.1241970437598938e-12,2.0667415484852344e-5,0.0,0.0,0.0,0.0,0.0,1.910094634714263e-5,4.841281447185807e-6,9.915213048975419e-7,9.915209154416566e-7,3.8945588585457685e-13
9360.0,0.0007240705349844966,0.001428255468954748,0.000997875036616577,0.00037639533237140727,0.0003763951845285151,1.4784289240802766e-10,0.0,0.0,0.0,0.0,8.251558794451617e-17,1.8603011197556267e-5,0.0,0.0,0.0,0.0,0.0,1.712801187481224e-5,4.440030166975869e-6,8.830869997277215e-7,8.830866528633337e-7,3.468643871461338e-13,8.328250340310702e-6,2.7286366149887485e-5,2.4104520119881922e-5,6.728110818165322e-5,6.728108175456106e-5,2.6427090833787776e-11,0.0,0.0,0.0,0.0,1.3885343710258317e-8,5.599122833313662e-5,0.0,0.0,0.0,0.0,0.0,5.412554371999289e-5,5.401892876913395e-6,3.5356896783800323e-6,3.5356882896099163e-6,1.3887701141657956e-12,1.8173442686646689e-6,2.847533066128218e-6,2.2975989963861106e-6,1.9300028999163566e-5,1.9300021418377907e-5,7.580785056015927e-12,0.0,0.0,0.0,0.0,2.5739292408532465e-10,1.897324793390728e-5,0.0,0.0,0.0,0.0,0.0,1.7503062856406124e-5,4.5763216719548925e-6,8.788434801280711e-7,8.78843134930482e-7,3.4519759120674315e-13,3.7886186873576505e-7,8.818873517252455e-7,6.010053356788963e-7,5.14284733100863e-6,5.142845310969382e-6,2.0200394618036307e-12,0.0,0.0,0.0,0.0,1.507407612979581e-11,1.8753149137029198e-5,0.0,0.0,0.0,0.0,0.0,1.7281011131765082e-5,4.432627534890864e-6,8.843081420406445e-7,8.843077946966075e-7,3.4734403499523553e-13,1.3039305173188215e-7,3.646251642601212e-7,2.4983200289281377e-7,1.45382956799163e-6,1.4538289969492864e-6,5.710441918774377e-13,0.0,0.0,0.0,0.0,1.2468328668702243e-12,1.8634071640250086e-5,0.0,0.0,0.0,0.0,0.0,1.7160476769603908e-5,4.438725631442386e-6,8.828217537001495e-7,8.828214069399486e-7,3.4676020216682197e-13
9480.0,0.0007661186729999211,0.0014542009237320183,0.0009670925133912239,0.00031737083736990506,0.00031737071271102136,1.2465888529251263e-10,0.0,0.0,0.0,0.0,7.423142468554967e-17,2.038099579860584e-5,0.0,0.0,0.0,0.0,0.0,1.899831398439789e-5,5.442131284206332e-6,1.0294637359085838e-6,1.0294633315494325e-6,4.043591491610651e-13,9.615383006846001e-6,1.7764873096060285e-5,1.836431599080835e-5,6.856445967413249e-5,6.856443274295906e-5,2.693117359015195e-11,0.0,0.0,0.0,0.0,1.4487584066697332e-8,6.705613671592737e-5,0.0,0.0,0.0,0.0,0.0,6.504797462247454e-5,6.925084666881023e-6,4.530204466965854e-6,4.530202687564057e-6,1.7794017991039143e-12,2.211373067389274e-6,3.470979955058407e-6,1.8529704211382443e-6,1.9793092511725966e-5,1.9793084737271933e-5,7.774453599614705e-12,0.0,0.0,0.0,0.0,2.710133747860345e-10,2.0481694155922148e-5,0.0,0.0,0.0,0.0,0.0,1.9060816573221974e-5,5.632006256003959e-6,1.0209411098293064e-6,1.0209407088177272e-6,4.0101157924691664e-13,6.378792688863794e-7,9.92920298042488e-7,5.180116711752812e-7,5.33021872609809e-6,5.330216632460597e-6,2.093636360123807e-12,0.0,0.0,0.0,0.0,1.613942868127263e-11,2.0208051315576114e-5,0.0,0.0,0.0,0.0,0.0,1.8869236168877367e-5,5.401209663635104e-6,1.0279234836594623e-6,1.0279230799053009e-6,4.0375415933264885e-13,2.392378554974192e-7,4.12509422329119e-7,2.0487269963891325e-7,1.5076009588029648e-6,1.5076003666397526e-6,5.921648521576887e-13,0.0,0.0,0.0,0.0,1.353049230357114e-12,2.029707904488591e-5,0.0,0.0,0.0,0.0,0.0,1.8926978334741685e-5,5.425225611959542e-6,1.0270891784641787e-6,1.0270887750377232e-6,4.0342645576511353e-13
9600.0,0.0006463410213665573,0.0012585601785895027,0.0009229253978547619,0.0003795285124618173,0.0003795283633882553,1.490735623105551e-10,0.0,0.0,0.0,0.0,1.05682577555068e-16,2.015061112143542e-5,0.0,0.0,0.0,0.0,0.0,1.8810912574540462e-5,5.4026635018699134e-6,1.0505190837778518e-6,1.0505186711484546e-6,4.126293992463623e-13,1.0370755666286053e-5,2.5216759159609725e-5,2.256401726922328e-5,6.909185503675455e-5,6.909182789842711e-5,2.7138327210685015e-11,0.0,0.0,0.0,0.0,1.5311025008424506e-8,6.557163999013764e-5,0.0,0.0,0.0,0.0,0.0,6.359827993367018e-5,6.834399906246018e-6,4.347679441926401e-6,4.347677734217913e-6,1.7077084880613286e-12,3.0263786831709154e-6,3.491945537359236e-6,1.3951511438524075e-6,2.022258156491597e-5,2.0222573621764865e-5,7.943150972882595e-12,0.0,0.0,0.0,0.0,2.859160474409325e-10,1.9954403958354854e-5,0.0,0.0,0.0,0.0,0.0,1.8656649552445416e-5,5.420730641942668e-6,1.0576498007383337e-6,1.0576493853080876e-6,4.1543024646659327e-13,1.3167382412466837e-6,1.5104855271725606e-6,4.0673246730238313e-7,5.404313952872442e-6,5.404311830132274e-6,2.122739942707204e-12,0.0,0.0,0.0,0.0,1.7290647654327515e-11,2.0048581058978465e-5,0.0,0.0,0.0,0.0,0.0,1.8704017854765063e-5,5.335290561589336e-6,1.042716681189332e-6,1.042716271624609e-6,4.095647231805055e-13,8.644242889409466e-7,1.06471430664573e-6,2.59751225512798e-7,1.5250554669416915e-6,1.525054867922542e-6,5.990207420876763e-13,0.0,0.0,0.0,0.0,1.4948245372787888e-12,2.010006445883858e-5,0.0,0.0,0.0,0.0,0.0,1.874358662690944e-5,5.352638020577938e-6,1.0415642241271673e-6,1.0415638150151136e-6,4.0911205395006317e-13
9720.0,0.0005906361787928046,0.0012319118997645723,0.0008857861310613429,0.00028211168901301443,0.0002821115782034361,1.1080957838404425e-10,0.0,0.0,0.0,0.0,6.232728339643958e-17,2.187453289170625e-5,0.0,0.0,0.0,0.0,0.0,2.060069554002614e-5,6.798666003815981e-6,1.2388421070161392e-6,1.2388416204160574e-6,4.866000839707395e-13,1.0500486027068944e-5,2.0242177593132325e-5,1.6303853612338945e-5,6.830914917980519e-5,6.830912234891468e-5,2.683089115119168e-11,0.0,0.0,0.0,0.0,1.6461012663539166e-8,7.543986698939172e-5,0.0,0.0,0.0,0.0,0.0,7.182753530771398e-5,9.10645467385148e-6,4.600864011956912e-6,4.600862204801018e-6,1.8071558932949776e-12,2.018828835569954e-6,2.061033047595572e-6,9.565105468464265e-7,2.1246907913355994e-5,2.1246899567865693e-5,8.345492227140844e-12,0.0,0.0,0.0,0.0,2.9691940979745325e-10,2.3333768956366238e-5,0.0,0.0,0.0,0.0,0.0,2.184423944535489e-5,7.1411269981650715e-6,1.262678587524146e-6,1.262678091561422e-6,4.959627245777002e-13,4.5916327778188284e-7,6.162801409045255e-7,3.582070332074441e-7,5.866831112834224e-6,5.86682880842374e-6,2.3044103005369978e-12,0.0,0.0,0.0,0.0,1.833264907778999e-11,2.1902748359508167e-5,0.0,0.0,0.0,0.0,0.0,2.0618050971868817e-5,6.814005175596385e-6,1.2415068019533533e-6,1.2415063143066161e-6,4.876467393700518e-13,3.1052093703515596e-7,5.330188023251821e-7,2.6017263050979577e-7,1.7244168195557795e-6,1.7244161422289776e-6,6.773271302655778e-13,0.0,0.0,0.0,0.0,1.6327849227560725e-12,2.1863354940491035e-5,0.0,0.0,0.0,0.0,0.0,2.0595911242340582e-5,6.8038806067583574e-6,1.2394380676080897e-6,1.2394375807739201e-6,4.86834169067172e-13
9840.0,0.0007587404412886514,0.0017684962173904254,0.0012472072008549292,0.0004325722417602862,0.0004325720718518788,1.6990840719076737e-10,0.0,0.0,0.0,0.0,2.392920396969943e-16,2.3361796647825868e-5,0.0,0.0,0.0,0.0,0.0,2.1627256186024436e-5,6.2381281911253794e-6,1.1763790958666491e-6,1.176378633801174e-6,4.620654751628293e-13,1.189786415303068e-5,3.338627767859528e-5,2.9541433495014523e-5,7.502332826680926e-5,7.502329879868094e-5,2.946812804282402e-11,0.0,0.0,0.0,0.0,1.8105344605930918e-8,7.129889115311776e-5,0.0,0.0,0.0,0.0,0.0,6.798858700313786e-5,8.015887295425563e-6,4.433515045690627e-6,4.4335133042671e-6,1.7414235287132425e-12,3.538284015441786e-6,5.662551755673407e-6,2.8520058929596965e-6,2.3368504321047973e-5,2.3368495142222034e-5,9.178826018660948e-12,0.0,0.0,0.0,0.0,3.0465392394249016e-10,2.2374815352226734e-5,0.0,0.0,0.0,0.0,0.0,2.0700211727260983e-5,6.353286872401842e-6,1.12718795720892e-6,1.1271875144650444e-6,4.427438747216552e-13,1.7141747452875666e-6,3.463471184662448e-6,1.888353471496938e-6,7.246421088026533e-6,7.246418241731701e-6,2.8462942048468967e-12,0.0,0.0,0.0,0.0,1.9057468970698063e-11,2.2729283836485218e-5,0.0,0.0,0.0,0.0,0.0,2.1078348829152847e-5,6.15832066572283e-6,1.159273367855096e-6,1.1592729125085159e-6,4.553465812540252e-13,1.3473666228276497e-6,2.890987297839729e-6,1.581352696694452e-6,2.5867706216096045e-6,2.586769605562916e-6,1.01604780347624e-12,0.0,0.0,0.0,0.0,1.818040475714237e-12,2.3184048449389723e-5,0.0,0.0,0.0,0.0,0.0,2.1476163890616474e-5,6.220685227700437e-6,1.171675914276966e-6,1.1716754540588356e-6,4.602181303369561e-13
9960.0,0.00043578419781846586,0.0010591814175582304,0.0008625332794170268,0.00029914204993171584,0.000299141932432847,1.174988691388226e-10,0.0,0.0,0.0,0.0,3.312231699421295e-16,2.558108631518699e-5,0.0,0.0,0.0,0.0,0.0,2.4428109272250496e-5,8.701067455251302e-6,1.561646295537148e-6,1.5616456821440332e-6,6.133931146167198e-13,1.1607498817742604e-5,2.189544402492849e-5,2.188637272230746e-5,7.063187352115193e-5,7.063184577792611e-5,2.7743225219543867e-11,0.0,0.0,0.0,0.0,2.0143148676870058e-8,7.593804773898681e-5,0.0,0.0,0.0,0.0,0.0,7.298252975167787e-5,9.440006603230957e-6,4.961778588437197e-6,4.961776639519042e-6,1.9489181584189565e-12,4.631248973320425e-6,4.9256628558676884e-6,2.0942892626660227e-6,2.391935996307207e-5,2.391935056787735e-5,9.395194513199379e-12,0.0,0.0,0.0,0.0,3.4501247675674074e-10,2.6192451104272598e-5,0.0,0.0,0.0,0.0,0.0,2.499444330467452e-5,9.002066262168383e-6,1.5818721938548353e-6,1.5818715725172693e-6,6.21337568364321e-13,1.330711711321729e-6,1.7211305006762254e-6,6.043520780011898e-7,7.12886014462845e-6,7.128857344511748e-6,2.8001178885882203e-12,0.0,0.0,0.0,0.0,1.9740857621376575e-11,2.5869911616537482e-5,0.0,0.0,0.0,0.0,0.0,2.470015176861083e-5,8.787779182830217e-6,1.582279408578825e-6,1.5822787870813045e-6,6.214975166884569e-13,9.697396442381878e-7,1.1443159932673129e-6,3.5420834954902943e-7,2.2728631420115385e-6,2.2728622492623105e-6,8.92749277324519e-13,0.0,0.0,0.0,0.0,2.0549287329747745e-12,2.5820541169965848e-5,0.0,0.0,0.0,0.0,0.0,2.465713484290106e-5,8.787382503034772e-6,1.577755339277505e-6,1.5777547195569819e-6,6.197205246977566e-13
10080.0,0.0008965944351371413,0.001921215712075201,0.0012605045349746193,0.00047440784928545065,0.0004744076629445941,1.8634085650728607e-10,0.0,0.0,0.0,0.0,5.550018580723678e-16,2.441854654848924e-5,0.0,0.0,0.0,0.0,0.0,2.196327124880312e-5,4.940632919803249e-6,1.00380174137346e-6,1.0038013470939888e-6,3.9427947183582233e-13,1.683898424119758e-5,4.253648667426126e-5,3.321932342810924e-5,7.443972299294631e-5,7.443969375404867e-5,2.923889594483539e-11,0.0,0.0,0.0,0.0,2.200871861402335e-8,8.647198295432382e-5,0.0,0.0,0.0,0.0,0.0,8.245073549071714e-5,7.883306709417841e-6,5.253093247362702e-6,5.253091184020165e-6,2.0633425363862863e-12,4.923602949030541e-6,5.125258911874272e-6,1.547602734842875e-6,2.5431801065045922e-5,2.5431791075785008e-5,9.989260506800884e-12,0.0,0.0,0.0,0.0,3.9416908481442436e-10,2.8035314334970818e-5,0.0,0.0,0.0,0.0,0.0,2.525566742333166e-5,5.387807796189458e-6,1.10977887586396e-6,1.109778439958133e-6,4.359058278096775e-13,1.3853661927397745e-6,1.664608904025143e-6,4.875633222949224e-7,7.795339127902144e-6,7.79533606599786e-6,3.0619016359988375e-12,0.0,0.0,0.0,0.0,2.1061404524058037e-11,2.531686589169594e-5,0.0,0.0,0.0,0.0,0.0,2.277061114426252e-5,4.9838299494207955e-6,1.0298904945096052e-6,1.029890089982836e-6,4.0452677405040105e-13,5.415491094325729e-7,7.758982704367991e-7,3.1865032439163396e-7,2.5510892987616376e-6,2.551088296729047e-6,1.0020326722549967e-12,0.0,0.0,0.0,0.0,2.2991631610050882e-12,2.4627719778307408e-5,0.0,0.0,0.0,0.0,0.0,2.2135750403296143e-5,4.949003401947601e-6,1.0050313780161354e-6,1.0050309832536779e-6,3.947624561404319e-13
10200.0,0.0007192474277309996,0.0015809162443846856,0.0011816838038101608,0.00041144402038511055,0.00041144385877557734,1.6160953339798434e-10,0.0,0.0,0.0,0.0,9.011940926711627e-16,2.267319866015744e-5,0.0,0.0,0.0,0.0,0.0,2.0630980437816963e-5,5.030954747115947e-6,1.0427369870580063e-6,1.042736577485307e-6,4.0957269904550555e-13,1.5356602578475622e-5,2.8439469507799226e-5,2.5766151237530593e-5,7.410507250733687e-5,7.410504339988827e-5,2.910744985216932e-11,0.0,0.0,0.0,0.0,2.2581360888670315e-8,6.74693557702896e-5,0.0,0.0,0.0,0.0,0.0,6.422451156254242e-5,7.037867496300428e-6,4.220020917775397e-6,4.220019260209414e-6,1.6575659814257747e-12,5.02725978278459e-6,7.066720612559289e-6,2.372175892284133e-6,2.4890618877900723e-5,2.4890609101209337e-5,9.776691611848728e-12,0.0,0.0,0.0,0.0,4.228493019279072e-10,2.3265655806399215e-5,0.0,0.0,0.0,0.0,0.0,2.1234111616228704e-5,5.260115575570595e-6,1.0717875182410117e-6,1.071787097257662e-6,4.209833468052049e-13,1.9071503696461989e-6,2.0903906181689462e-6,7.140683083092249e-7,7.640183492463738e-6,7.640180491506494e-6,3.000958643503061e-12,0.0,0.0,0.0,0.0,2.2516539214215308e-11,2.2302123174921042e-5,0.0,0.0,0.0,0.0,0.0,2.0315059154406055e-5,4.979345534252586e-6,1.0585728479924344e-6,1.058572432199627e-6,4.157928066902181e-13,8.53960333696991e-7,1.0142155283222672e-6,2.7740630461335104e-7,2.468833768054202e-6,2.4688327983280984e-6,9.697238348947602e-13,0.0,0.0,0.0,0.0,2.4655102226460433e-12,2.2497823388859527e-5,0.0,0.0,0.0,0.0,0.0,2.048408282544884e-5,5.014472696896604e-6,1.048895833179603e-6,1.0488954211877949e-6,4.119918088117612e-13
10320.0,0.0006241305164020111,0.0013547616594967683,0.0009150621488980987,0.0003416702417764968,0.0003416701075731395,1.3420335601862127e-10,0.0,0.0,0.0,0.0,7.956625701531665e-16,2.2157093803016276e-5,0.0,0.0,0.0,0.0,0.0,1.9977269559543353e-5,3.5225829448982263e-6,9.357277076251637e-7,9.357273400842307e-7,3.675409307816005e-13,1.2043100209325423e-5,2.8978533253215567e-5,2.6447288263159354e-5,6.642030629948793e-5,6.642028021050731e-5,2.6088979733292197e-11,0.0,0.0,0.0,0.0,2.257887082740766e-8,7.466809836782693e-5,0.0,0.0,0.0,0.0,0.0,7.093817771137746e-5,6.777701994774544e-6,4.5490431414192115e-6,4.549041354617845e-6,1.7868013704608955e-12,4.557972714768193e-6,5.194009198075669e-6,2.6991317561740277e-6,2.2870467998780665e-5,2.2870459015580207e-5,8.983204224033491e-12,0.0,0.0,0.0,0.0,4.5429093495930687e-10,2.35023146445138e-5,0.0,0.0,0.0,0.0,0.0,2.1276192412029974e-5,3.946060608189546e-6,1.0004297584198602e-6,1.0004293654648533e-6,3.929550034640439e-13,1.630057886592949e-6,2.0560908311186253e-6,1.1344472181790404e-6,6.87506650275739e-6,6.875063802329562e-6,2.7004312483407164e-12,0.0,0.0,0.0,0.0,2.5596364003992793e-11,2.2620134797027266e-5,0.0,0.0,0.0,0.0,0.0,2.0460262508766278e-5,3.6677731849213406e-6,9.74631804952058e-7,9.74631422130135e-7,3.8282192334623763e-13,1.2051486523059589e-6,1.1707837068395283e-6,8.178633323625113e-7,2.2242019109808775e-6,2.224201037345543e-6,8.736358172858653e-13,0.0,0.0,0.0,0.0,2.7086050583659327e-12,2.2544351662265473e-5,0.0,0.0,0.0,0.0,0.0,2.037263761463892e-5,3.6731006808714613e-6,9.650408033384688e-7,9.650404242837556e-7,3.790547102654866e-13
10440.0,0.0005076335032845416,0.0010582041515275094,0.0008122423616344856,0.00027293933036327584,0.00027293922315647196,1.072068024823415e-10,0.0,0.0,0.0,0.0,2.458945124125761e-16,2.1406069815696825e-5,0.0,0.0,0.0,0.0,0.0,1.913673208812946e-5,3.759149326319983e-6,8.672340269823714e-7,8.672336863448077e-7,3.406375582182284e-13,1.2742014334331947e-5,2.6012548781503927e-5,1.992439850975774e-5,6.683133948472806e-5,6.683131323430008e-5,2.6250427896315093e-11,0.0,0.0,0.0,0.0,2.2577065986944558e-8,8.107538098381498e-5,0.0,0.0,0.0,0.0,0.0,7.740436323855251e-5,7.0021352118201695e-6,5.186181857281858e-6,5.18617982022119e-6,2.0370606657204926e-12,3.169818452521383e-6,4.553881646131032e-6,2.0433700630006634e-6,2.3021764034182982e-5,2.30217549915514e-5,9.042631218896673e-12,0.0,0.0,0.0,0.0,4.714885375981083e-10,2.3350606429001957e-5,0.0,0.0,0.0,0.0,0.0,2.081067426301553e-5,4.119645991194445e-6,9.085910434348799e-7,9.085906865528542e-7,3.5688202356582835e-13,1.869689477211698e-6,3.038434593954803e-6,1.3389380572650911e-6,6.955862011661775e-6,6.955859279498121e-6,2.7321666092845665e-12,0.0,0.0,0.0,0.0,2.935827407678941e-11,2.1822189947429705e-5,0.0,0.0,0.0,0.0,0.0,1.9478926524310235e-5,3.7725347934989136e-6,8.72488004323326e-7,8.724876616220794e-7,3.4270124801437966e-13,1.444533546695291e-6,2.616009419677384e-6,1.2474764315223365e-6,2.4080873501826596e-6,2.4080864043177366e-6,9.458634802367356e-13,0.0,0.0,0.0,0.0,2.792684860354604e-12,2.1594707709255806e-5,0.0,0.0,0.0,0.0,0.0,1.9283335063004033e-5,3.750197397905581e-6,8.668302000597756e-7,8.668298595808381e-7,3.404789405757291e-13
10560.0,0.00041664212636421645,0.0010534315573276416,0.0008041982777512631,0.00026130133534030416,0.0002613012327047457,1.0263555863830678e-10,0.0,0.0,0.0,0.0,1.9431797764571024e-16,1.724450329413413e-5,0.0,0.0,0.0,0.0,0.0,1.5713722944203844e-5,3.3309894275509075e-6,8.005255122678217e-7,8.005251978324497e-7,3.144353741966944e-13,8.212451973399308e-6,2.2709031579591527e-5,1.978309131931376e-5,6.637519597742491e-5,6.637516990616238e-5,2.6071261021295378e-11,0.0,0.0,0.0,0.0,2.216787403867576e-8,6.405108912164743e-5,0.0,0.0,0.0,0.0,0.0,6.135598469200323e-5,5.5638349155975255e-6,4.185796991863916e-6,4.185795347740622e-6,1.644123295608092e-12,1.351287176684906e-6,2.0340466251080488e-6,1.0565851945475895e-6,2.313658978306674e-5,2.313658069533591e-5,9.087733188496475e-12,0.0,0.0,0.0,0.0,4.5589789819481175e-10,1.7113692322380604e-5,0.0,0.0,0.0,0.0,0.0,1.554733078680317e-5,3.4394616202306847e-6,7.90760162926776e-7,7.907598523270996e-7,3.1059967973454734e-13,3.9730428904325224e-7,4.7148700077231915e-7,1.9450382998306964e-7,6.805177750578823e-6,6.805175077598334e-6,2.6729799109282007e-12,0.0,0.0,0.0,0.0,3.260733064136059e-11,1.7182478666295703e-5,0.0,0.0,0.0,0.0,0.0,1.565883609808349e-5,3.316194172498661e-6,7.997777063563405e-7,7.997773922146921e-7,3.141416463541714e-13,2.29080959993945e-7,2.924981119787488e-7,8.791483965142231e-8,2.0883036901968475e-6,2.0883028699404566e-6,8.202568715187838e-13,0.0,0.0,0.0,0.0,2.957287297009644e-12,1.7209190816787763e-5,0.0,0.0,0.0,0.0,0.0,1.5684129359726135e-5,3.3294125035396667e-6,7.99753792705554e-7,7.99753478573305e-7,3.141322534021446e-13
10680.0,0.0004934184507292211,0.0011445127573075616,0.0008282754160094093,0.0002585427711206006,0.0002585426695685696,1.0155203268020088e-10,0.0,0.0,0.0,0.0,3.3496864573436535e-16,1.9280168261580428e-5,0.0,0.0,0.0,0.0,0.0,1.7893111622715475e-5,4.763455718464055e-6,1.0465081794587236e-6,1.0465077684047514e-6,4.1105397137913407e-13,8.398498420133464e-6,2.4226830697919975e-5,1.9450399297219867e-5,6.33224630749654e-5,6.332243820277851e-5,2.4872189664046576e-11,0.0,0.0,0.0,0.0,2.2930548802407516e-8,5.587226921030996e-5,0.0,0.0,0.0,0.0,0.0,5.332335646890707e-5,6.2309993340553736e-6,3.5712228739724862e-6,3.571221471245423e-6,1.402727063046621e-12,2.828708670945569e-6,3.223590490797041e-6,1.0578322160278617e-6,2.2894763373167553e-5,2.2894754380419275e-5,8.992747111822621e-12,0.0,0.0,0.0,0.0,4.392311404549903e-10,1.9303800545335376e-5,0.0,0.0,0.0,0.0,0.0,1.7897404603166578e-5,4.99258882326204e-6,1.0397031917467572e-6,1.0397027833656936e-6,4.0838106611275134e-13,1.1013831447952843e-6,1.277171726964066e-6,2.3023616294173084e-7,6.7690425799072725e-6,6.7690399211216434e-6,2.6587865145447806e-12,0.0,0.0,0.0,0.0,3.587963005373746e-11,1.9175386547258976e-5,0.0,0.0,0.0,0.0,0.0,1.7801944941935796e-5,4.758930096653064e-6,1.0455900745870931e-6,1.04558966389374e-6,4.1069335245514184e-13,5.064835185606374e-7,5.647303458898669e-7,8.051832459603876e-8,2.085660241151397e-6,2.0856594219328114e-6,8.192185612118966e-13,0.0,0.0,0.0,0.0,3.1169020675694573e-12,1.9222048872543162e-5,0.0,0.0,0.0,0.0,0.0,1.784374177564415e-5,4.7588711066560815e-6,1.045431410085957e-6,1.0454309994549228e-6,4.1063103122861965e-13
10800.0,0.0005856678948703556,0.001217103146890138,0.0008473906277172063,0.00027002738587986197,0.00027002727981683013,1.0606303087325391e-10,0.0,0.0,0.0,0.0,7.017647203929658e-16,2.0932216837823188e-5,0.0,0.0,0.0,0.0,0.0,1.942164414969289e-5,5.393754192533861e-6,1.1587367296501276e-6,1.158736274514331e-6,4.551357971725655e-13,1.419851126466384e-5,2.3760399526380715e-5,1.7075724665418623e-5,6.487743378121155e-5,6.487740829825e-5,2.5482960699310553e-11,0.0,0.0,0.0,0.0,2.4503350527861364e-8,7.985793349846954e-5,0.0,0.0,0.0,0.0,0.0,7.680244847196464e-5,7.679401672560354e-6,5.475356937613104e-6,5.475354786968453e-6,2.150644646741565e-12,4.090148692497547e-6,5.062561963886716e-6,1.1408208439797618e-6,2.4397429225954804e-5,2.4397419642983432e-5,9.582973522440683e-12,0.0,0.0,0.0,0.0,4.475047089339751e-10,2.1055467692011212e-5,0.0,0.0,0.0,0.0,0.0,1.9582073154685875e-5,5.577047820091215e-6,1.1539016793733735e-6,1.153901226136721e-6,4.532366561461623e-13,1.7948255208437985e-6,2.005027354694219e-6,2.6647163293785046e-7,7.449420386942925e-6,7.449417460913317e-6,2.9260295281300958e-12,0.0,0.0,0.0,0.0,3.8367732240735946e-11,2.0308852337460528e-5,0.0,0.0,0.0,0.0,0.0,1.8980216147848543e-5,5.256828707609818e-6,1.1469986720708035e-6,1.1469982215455502e-6,4.5052525013722957e-13,8.168289969932852e-7,8.82458517249618e-7,1.033991170077222e-7,2.3632030170010596e-6,2.363202088768405e-6,9.28233533555e-13,0.0,0.0,0.0,0.0,3.210847980400514e-12,2.0427420026784207e-5,0.0,0.0,0.0,0.0,0.0,1.9097204391920974e-5,5.3201739558692455e-6,1.151587506092712e-6,1.1515870537650313e-6,4.523276808164448e-13
10920.0,0.0008711431536135667,0.0018350981988738278,0.0010968694115229822,0.00036738766003130234,0.00036738751572649845,1.4430480301612456e-10,0.0,0.0,0.0,0.0,1.081127019153614e-15,2.2860225915511824e-5,0.0,0.0,0.0,0.0,0.0,2.1112413504532936e-5,4.90916460991951e-6,1.2310662088339577e-6,1.2310657252881424e-6,4.835458184699403e-13,1.912480007973741e-5,3.2197531013338244e-5,2.7655761262449744e-5,6.90320231323123e-5,6.903199601748482e-5,2.7114826064283254e-11,0.0,0.0,0.0,0.0,2.601836228938004e-8,8.196334356674501e-5,0.0,0.0,0.0,0.0,0.0,7.76878692875692e-5,8.427324647772396e-6,5.204293221541826e-6,5.204291177367267e-6,2.044174559670184e-12,4.566831829741925e-6,5.472340979770405e-6,1.6368539937560377e-6,2.284650685628682e-5,2.2846497882497103e-5,8.97379261791892e-12,0.0,0.0,0.0,0.0,4.721821017131284e-10,2.55858298372912e-5,0.0,0.0,0.0,0.0,0.0,2.345400852911224e-5,5.404054675614645e-6,1.294722770802542e-6,1.294722262253305e-6,5.085492375689297e-13,1.415650119795074e-6,1.726399277495889e-6,4.156583682363678e-7,6.545491632335602e-6,6.545489061358101e-6,2.5709787872770673e-12,0.0,0.0,0.0,0.0,4.1365662002875304e-11,2.328996401225154e-5,0.0,0.0,0.0,0.0,0.0,2.1452180198910173e-5,4.9768599126311115e-6,1.2386914412471226e-6,1.2386909547062185e-6,4.865409045358138e-13,5.372717534219557e-7,6.397993257763524e-7,1.3147022897961767e-7,1.9086526097006898e-6,1.9086518600079345e-6,7.496924062325809e-13,0.0,0.0,0.0,0.0,3.2980485559720995e-12,2.3005440482418048e-5,0.0,0.0,0.0,0.0,0.0,2.1236407251687812e-5,4.938272644195334e-6,1.2292471987455687e-6,1.229246715914233e-6,4.828313364090371e-13
11040.0,0.0007127132543048513,0.0014132292553342301,0.0009157239027812827,0.00032688709482868493,0.0003268869664319452,1.2839673990070219e-10,0.0,0.0,0.0,0.0,1.3780236296710115e-15,2.206976436997436e-5,0.0,0.0,0.0,0.0,0.0,2.007973814656932e-5,4.899215132253518e-6,1.0941834763014461e-6,1.0941830465212727e-6,4.297801700735537e-13,1.1303390918794131e-5,2.8331128423264753e-5,2.081195350271659e-5,6.399885554378979e-5,6.399883040592109e-5,2.5137867291778542e-11,0.0,0.0,0.0,0.0,2.6887033712354608e-8,6.795382099211407e-5,0.0,0.0,0.0,0.0,0.0,6.488529279689441e-5,6.6857782374540505e-6,4.58392866684075e-6,4.583926866336826e-6,1.8005039234362452e-12,2.938683248381556e-6,5.06981828780686e-6,2.7044513526947684e-6,2.3898294490859772e-5,2.3898285103939176e-5,9.386920286411274e-12,0.0,0.0,0.0,0.0,5.102807368068326e-10,2.223723292965983e-5,0.0,0.0,0.0,0.0,0.0,1.9857409775283434e-5,4.962368511415969e-6,1.0848436121517777e-6,1.084843186040172e-6,4.2611160032300717e-13,1.1379708968720266e-6,1.6338379681824217e-6,6.19964121312776e-7,7.13120145647987e-6,7.131198655442067e-6,2.8010375235736128e-12,0.0,0.0,0.0,0.0,4.520092122353194e-11,2.157829324528249e-5,0.0,0.0,0.0,0.0,0.0,1.9652993912673292e-5,4.8338076963485915e-6,1.093543965624257e-6,1.0935435360952757e-6,4.295289791046187e-13,5.475846272949732e-7,7.222482602251222e-7,1.9538309816146413e-7,2.2153479662290465e-6,2.215347096069308e-6,8.701581099689181e-13,0.0,0.0,0.0,0.0,3.3584131417501427e-12,2.1823828625038882e-5,0.0,0.0,0.0,0.0,0.0,1.9867629437404116e-5,4.870144562985991e-6,1.0921502141922269e-6,1.0921497852106975e-6,4.289815327754892e-13
11160.0,0.0004844900295457896,0.0010636956402282403,0.0007985861883371834,0.0002992490920649558,0.00029924897452404155,1.1754091381160795e-10,0.0,0.0,0.0,0.0,1.199442368316202e-15,2.0685347150796e-5,0.0,0.0,0.0,0.0,0.0,1.9214186883461684e-5,5.079034659061465e-6,1.1717607956445403e-6,1.1717603353930709e-6,4.602514705668026e-13,7.752331400641497e-6,1.652743338816097e-5,1.6128539564960168e-5,6.458062244126027e-5,6.458059707488314e-5,2.5366377300889224e-11,0.0,0.0,0.0,0.0,2.657922272670238e-8,7.521677024310091e-5,0.0,0.0,0.0,0.0,0.0,7.197767947621057e-5,7.4346461061277115e-6,5.188246682287468e-6,5.188244644415759e-6,2.037871700488703e-12,2.193568383732601e-6,2.642413387415612e-6,1.0022380305637398e-6,2.684453154715322e-5,2.6844521002992392e-5,1.054416154489791e-11,0.0,0.0,0.0,0.0,5.496809164282332e-10,2.1141812813668998e-5,0.0,0.0,0.0,0.0,0.0,1.910909631414809e-5,5.335055639052323e-6,1.1561864297703731e-6,1.1561859756362982e-6,4.541340745732024e-13,6.189337810641633e-7,6.091089744841699e-7,1.610603979171777e-7,8.613860772402127e-6,8.61385738899812e-6,3.3834056425953852e-12,0.0,0.0,0.0,0.0,5.0205106026301706e-11,2.0632099974249936e-5,0.0,0.0,0.0,0.0,0.0,1.9175004172679063e-5,5.076687090055076e-6,1.1743677421437197e-6,1.17436728086828e-6,4.61275443176568e-13,2.2801526740811803e-7,2.2508437214098176e-7,7.208475353729987e-8,2.871845552085414e-6,2.8718444240628024e-6,1.1280213022147985e-12,0.0,0.0,0.0,0.0,3.5277684569065065e-12,2.0615865372525393e-5,0.0,0.0,0.0,0.0,0.0,1.9158256194260852e-5,5.0818039860314445e-6,1.1710468381011617e-6,1.1710463781301235e-6,4.599710378961729e-13
11280.0,0.0007114588996381672,0.0013275020765047079,0.0008357664534739344,0.00034491577329172704,0.0003449156378135718,1.3547815601040172e-10,0.0,0.0,0.0,0.0,6.494251847284198e-16,2.0550171487558896e-5,0.0,0.0,0.0,0.0,0.0,1.908161585911222e-5,5.156671086309918e-6,1.1850947971383838e-6,1.1850943316495076e-6,4.654888823481939e-13,1.729360035517772e-5,2.4748722485057184e-5,1.8364056979051837e-5,6.840644842080907e-5,6.840642155169768e-5,2.6869108950355356e-11,0.0,0.0,0.0,0.0,2.493984050589365e-8,7.774035617671869e-5,0.0,0.0,0.0,0.0,0.0,7.44414225449514e-5,7.5863508027293716e-6,5.549623545060025e-6,5.5496213652444805e-6,2.1798155452888697e-12,5.361030787767902e-6,5.708166204983591e-6,9.903997315742052e-7,2.911613458666595e-5,2.911612315025238e-5,1.1436415871349821e-11,0.0,0.0,0.0,0.0,5.665696579545675e-10,2.1554133923193306e-5,0.0,0.0,0.0,0.0,0.0,1.9976270648090314e-5,5.445608136916868e-6,1.2072410839663516e-6,1.2072406097787143e-6,4.741876382018226e-13,2.493327093148253e-6,2.622906956711828e-6,1.9564575073742225e-7,9.702361686095285e-6,9.702357875137602e-6,3.810953780493236e-12,0.0,0.0,0.0,0.0,5.6235416228528104e-11,2.0240990449166096e-5,0.0,0.0,0.0,0.0,0.0,1.8856868380590302e-5,5.077566016164254e-6,1.1893108754090008e-6,1.1893104082641039e-6,4.671448997122239e-13,1.1985359960166656e-6,1.2220077937281668e-6,8.876760596542022e-8,3.3985292385158203e-6,3.3985279036220316e-6,1.3348953861622499e-12,0.0,0.0,0.0,0.0,3.8472647391382544e-12,2.0152130043662612e-5,0.0,0.0,0.0,0.0,0.0,1.8734096738352525e-5,5.096986096488557e-6,1.1773015866292317e-6,1.1773011242014126e-6,4.624278168042633e-13
11400.0,0.0008351527674653435,0.0015746919585160064,0.0009316433998802753,0.00038650919891921616,0.000386509047103737,1.5181547961955358e-10,0.0,0.0,0.0,0.0,6.470221247449359e-16,2.342538105338485e-5,0.0,0.0,0.0,0.0,0.0,2.1532479392303665e-5,4.90932815949271e-6,1.2494614750245002e-6,1.2494609842532747e-6,4.907712251801931e-13,1.6285683354794623e-5,2.5872222051277623e-5,2.028395546981314e-5,6.902273740136494e-5,6.902271029018763e-5,2.711117875730756e-11,0.0,0.0,0.0,0.0,2.4116293393508647e-8,7.86688567852254e-5,0.0,0.0,0.0,0.0,0.0,7.442077387541024e-5,7.824680032876017e-6,5.246603939042272e-6,5.246601878248648e-6,2.0607936256286106e-12,3.5299394425523413e-6,4.032945048623024e-6,1.1194268879515293e-6,2.9910489990510138e-5,2.991047824208137e-5,1.1748427712103709e-11,0.0,0.0,0.0,0.0,4.665138054491992e-10,2.475474695099375e-5,0.0,0.0,0.0,0.0,0.0,2.2633483395467157e-5,5.286812215654896e-6,1.2747612818389672e-6,1.2747607811303257e-6,5.007086401668515e-13,1.4801925402141251e-6,1.6133001904014332e-6,2.3766909298760354e-7,1.0112615265521173e-5,1.0112611293426201e-5,3.972095725111239e-12,0.0,0.0,0.0,0.0,6.222541852520018e-11,2.3924781001043863e-5,0.0,0.0,0.0,0.0,0.0,2.1921527780420586e-5,4.96892783702971e-6,1.2649195258009103e-6,1.2649190289579743e-6,4.968429342085091e-13,7.138015357711913e-7,7.614069033123533e-7,8.278916796425687e-8,3.5788522333650682e-6,3.5788508276415e-6,1.4057237701330251e-12,0.0,0.0,0.0,0.0,4.038805488478101e-12,2.3624182400249076e-5,0.0,0.0,0.0,0.0,0.0,2.168701109180412e-5,4.937212551495171e-6,1.2544076850958323e-6,1.254407192381807e-6,4.927140282399351e-13
11520.0,0.0006362818305730303,0.0012846416473673912,0.0008158340878187047,0.0003198719970912441,0.0003198718714499381,1.2564130631576993e-10,0.0,0.0,0.0,0.0,1.2941425564753855e-15,2.373225088161084e-5,0.0,0.0,0.0,0.0,0.0,2.1537610126421872e-5,4.544005705252827e-6,1.2145641249609617e-6,1.2145636478969329e-6,4.770640276486431e-13,8.672492658677675e-6,1.896617588416037e-5,1.664529077972151e-5,6.726596458499434e-5,6.72659381638497e-5,2.6421142637997842e-11,0.0,0.0,0.0,0.0,2.8532458859407e-8,7.245139939164449e-5,0.0,0.0,0.0,0.0,0.0,6.880760139693303e-5,6.801929227006257e-6,5.079751738850005e-6,5.079749743593618e-6,1.9952563839055206e-12,1.3808323134343638e-6,2.1950812822420545e-6,1.3153515285219998e-6,2.9936730571833494e-5,2.9936718813098697e-5,1.1758734650333029e-11,0.0,0.0,0.0,0.0,3.6005688911642076e-10,2.388265830784785e-5,0.0,0.0,0.0,0.0,0.0,2.1626690830359087e-5,4.816375494817757e-6,1.2074093891908318e-6,1.2074089149370868e-6,4.742537461714328e-13,2.750323244318613e-7,3.764344462324335e-7,2.2214615960939807e-7,1.010574697276175e-5,1.0105743003362987e-5,3.969397954496293e-12,0.0,0.0,0.0,0.0,6.548795981189482e-11,2.3886562404922585e-5,0.0,0.0,0.0,0.0,0.0,2.1673138340873893e-5,4.551295847905526e-6,1.2192380660170714e-6,1.219237587117185e-6,4.788998871964385e-13,9.930744101268457e-8,1.4700869817884776e-7,6.83654035514244e-8,3.5737853034629583e-6,3.573783899731184e-6,1.4037335499892553e-12,0.0,0.0,0.0,0.0,4.189224534352694e-12,2.376197496975389e-5,0.0,0.0,0.0,0.0,0.0,2.156347767528569e-5,4.5464827530528125e-6,1.214448803342565e-6,1.214448326323838e-6,4.770187309083451e-13
11640.0,0.0004523851802030886,0.0010320479926221315,0.0007330945109865751,0.0002642217512619439,0.000264221647479287,1.0378265771142557e-10,0.0,0.0,0.0,0.0,1.3618461789206031e-15,2.1975213900775123e-5,0.0,0.0,0.0,0.0,0.0,2.044874483906004e-5,5.047492921978468e-6,1.3191722168325246e-6,1.319171698679878e-6,5.18152642574176e-13,6.442366142544401e-6,1.6114139632179004e-5,1.5312663947464735e-5,6.792427056059332e-5,6.792424388087784e-5,2.6679716140780217e-11,0.0,0.0,0.0,0.0,3.772711219228222e-8,7.417293474301095e-5,0.0,0.0,0.0,0.0,0.0,7.072128084526138e-5,7.2241939129677455e-6,5.411496431300948e-6,5.41149430573983e-6,2.125561121118797e-12,1.3044467582980397e-6,2.4927934160639797e-6,1.6131049190280821e-6,3.0279466189466367e-5,3.0279454296107825e-5,1.189335647128642e-11,0.0,0.0,0.0,0.0,3.6242775531350537e-10,2.1817245598602837e-5,0.0,0.0,0.0,0.0,0.0,2.031702524438546e-5,5.260113709477591e-6,1.295517218080966e-6,1.2955167092196834e-6,5.088612854967522e-13,3.727308854673851e-7,6.296516004671593e-7,3.7857914368829e-7,1.0251954934147559e-5,1.0251950907319615e-5,4.026826424099896e-12,0.0,0.0,0.0,0.0,6.69173448753195e-11,2.1959944941650065e-5,0.0,0.0,0.0,0.0,0.0,2.0465957605487427e-5,5.038272102255175e-6,1.3198009839611837e-6,1.3198004655615716e-6,5.183996136255083e-13,1.3602241261600687e-7,2.507741199978342e-7,1.2958087072274934e-7,3.6319594489715887e-6,3.6319580223877155e-6,1.4265835515583414e-12,0.0,0.0,0.0,0.0,4.371803909388845e-12,2.1950644277414552e-5,0.0,0.0,0.0,0.0,0.0,2.0434026034274276e-5,5.046088913303133e-6,1.317609697470081e-6,1.317609179931172e-6,5.175389065309275e-13
11760.0,0.0004007910541915082,0.0009698774731865246,0.0007008656858207388,0.00024158878814213515,0.0002415886932493935,9.489274212635431e-11,0.0,0.0,0.0,0.0,1.379409065052047e-15,2.1737641172851383e-5,0.0,0.0,0.0,0.0,0.0,2.0244091643539347e-5,5.226214447311546e-6,1.3416057454032906e-6,1.3416052184390672e-6,5.269642230205222e-13,7.590080025150596e-6,1.4581572078901925e-5,1.3561942514062498e-5,6.868847841671913e-5,6.868845143683299e-5,2.697988644081711e-11,0.0,0.0,0.0,0.0,4.8257523200351474e-8,7.242027647083042e-5,0.0,0.0,0.0,0.0,0.0,6.941525671089314e-5,7.0208734785574075e-6,5.579125380322229e-6,5.579123188918771e-6,2.191403459063009e-12,1.2053651341865576e-6,2.7767571164745465e-6,2.012905979130442e-6,3.0949557244236545e-5,3.094954508767865e-5,1.2156558990536497e-11,0.0,0.0,0.0,0.0,4.503433563668402e-10,2.1543944397999853e-5,0.0,0.0,0.0,0.0,0.0,2.0046772283430563e-5,5.451310137581121e-6,1.3122348995038325e-6,1.3122343840760705e-6,5.154277600604505e-13,3.539289333085588e-7,8.03634755689925e-7,5.705550437476469e-7,1.0525116980034002e-5,1.0525112845913534e-5,4.1341207061670186e-12,0.0,0.0,0.0,0.0,6.792146366974567e-11,2.1760898578455434e-5,0.0,0.0,0.0,0.0,0.0,2.0262858918305004e-5,5.218981561477384e-6,1.3442379915402449e-6,1.344237463542109e-6,5.279981329788769e-13,1.2499786370421054e-7,2.919147063557485e-7,1.972703055969278e-7,3.743817735174126e-6,3.743816264655317e-6,1.4705199427667753e-12,0.0,0.0,0.0,0.0,4.501608606544428e-12,2.1736623435594544e-5,0.0,0.0,0.0,0.0,0.0,2.024251826183587e-5,5.224764800514992e-6,1.340694056677652e-6,1.3406935300715304e-6,5.266061242701334e-13
11880.0,0.00037816327845070904,0.00098152589786553,0.0006960712025493125,0.00023477885301426648,0.0002347787607963724,9.221789358327556e-11,0.0,0.0,0.0,0.0,1.2251543366350055e-15,2.3094274166243845e-5,0.0,0.0,0.0,0.0,0.0,2.1423279469828008e-5,5.3281585975425396e-6,1.3961177699154866e-6,1.3961172215396948e-6,5.483757939986346e-13,5.8841668125974265e-6,1.3196359938143834e-5,1.275956991704302e-5,6.807141366053582e-5,6.807138692302378e-5,2.6737511919904978e-11,0.0,0.0,0.0,0.0,5.7436930994648176e-8,6.63514374793024e-5,0.0,0.0,0.0,0.0,0.0,6.34083622108615e-5,6.6521751067133344e-6,5.111358328255445e-6,5.111356320584434e-6,2.007671016062123e-12,7.458417285548247e-7,2.3111891967448306e-6,1.7397494329646386e-6,3.0826676532705216e-5,3.082666442441279e-5,1.210829314276538e-11,0.0,0.0,0.0,0.0,5.719342835248924e-10,2.276198573567263e-5,0.0,0.0,0.0,0.0,0.0,2.110141952830347e-5,5.506377084009786e-6,1.3601589088142106e-6,1.3601583745625617e-6,5.342516495800063e-13,2.4833267841910256e-7,6.586861999827742e-7,5.214311492543911e-7,1.0487876348760072e-5,1.0487872229266342e-5,4.119493100111601e-12,0.0,0.0,0.0,0.0,6.893085040765216e-11,2.3067291015905897e-5,0.0,0.0,0.0,0.0,0.0,2.1395918591910915e-5,5.306649028257797e-6,1.3950611076542642e-6,1.3950605596935152e-6,5.479607516440606e-13,1.1113159678567339e-7,2.698186252419829e-7,1.9459623761772802e-7,3.739295506128968e-6,3.7392940373853824e-6,1.4687436736035947e-12,0.0,0.0,0.0,0.0,4.60416447126356e-12,2.308393628602253e-5,0.0,0.0,0.0,0.0,0.0,2.141209993419974e-5,5.3193464858153615e-6,1.3936324106371131e-6,1.393631863237532e-6,5.473995791713339e-13
12000.0,0.0003948752423414883,0.0009888148772182939,0.0006854207021486099,0.00023008706619535103,0.0002300869758203269,9.037502446611612e-11,0.0,0.0,0.0,0.0,9.999274210343652e-16,2.3119314161088356e-5,0.0,0.0,0.0,0.0,0.0,2.1509261851384617e-5,5.556260461356134e-6,1.4563166426690598e-6,1.4563160706479791e-6,5.720210804890882e-13,5.3017384814462234e-6,1.4025856691633381e-5,1.2479487737433043e-5,6.645778874731084e-5,6.6457762643611e-5,2.610370232154995e-11,0.0,0.0,0.0,0.0,6.446861476931422e-8,5.903266302860115e-5,0.0,0.0,0.0,0.0,0.0,5.6240550948560933e-5,6.566437412014758e-6,4.559273269945873e-6,4.559271479126251e-6,1.7908196237733348e-12,1.2518615056180023e-6,2.592359090032462e-6,1.6013251426964044e-6,2.9200532619749257e-5,2.9200521150185572e-5,1.1469566254077206e-11,0.0,0.0,0.0,0.0,6.957688167396262e-10,2.2790632405793172e-5,0.0,0.0,0.0,0.0,0.0,2.1191848780652758e-5,5.762911305296459e-6,1.423282630271042e-6,1.423282071225264e-6,5.590457762790265e-13,2.615407585890468e-7,5.75815933867882e-7,4.436001461983444e-7,9.729782493320903e-6,9.729778671595745e-6,3.821724295173194e-12,0.0,0.0,0.0,0.0,7.066606310078116e-11,2.311513920656145e-5,0.0,0.0,0.0,0.0,0.0,2.1503653156234983e-5,5.552452433692777e-6,1.4577197475125377e-6,1.4577191749403365e-6,5.725722007091618e-13,6.267280807823947e-8,1.8894004724765108e-7,1.4620409528751316e-7,3.381935838547341e-6,3.381934510170819e-6,1.3283777276376188e-12,0.0,0.0,0.0,0.0,4.7439010701771414e-12,2.3113432978932263e-5,0.0,0.0,0.0,0.0,0.0,2.1503506313446177e-5,5.555440552675891e-6,1.455126546441642e-6,1.4551259748880137e-6,5.715536271139426e-13
12120.0,0.00038856686330187174,0.0009352135464126061,0.0006534339403554473,0.00021646377675131723,0.00021646369172733114,8.502398436998063e-11,0.0,0.0,0.0,0.0,7.400616258863473e-16,2.3057561170318313e-5,0.0,0.0,0.0,0.0,0.0,2.141316537724444e-5,5.25346747970813e-6,1.4474320847104603e-6,1.4474315161791073e-6,5.685313487272976e-13,6.2542424484239925e-6,1.3324418171561321e-5,1.1871169449811545e-5,6.686026979444748e-5,6.686024353265263e-5,2.626179132274188e-11,0.0,0.0,0.0,0.0,6.982332610024531e-8,6.495504281990333e-5,0.0,0.0,0.0,0.0,0.0,6.181345513304696e-5,6.574017747400186e-6,5.103605870175212e-6,5.1036038655492506e-6,2.0046259575099007e-12,1.1090790849083328e-6,2.827590000991323e-6,1.9343764876771194e-6,2.8683106867628987e-5,2.8683095601302604e-5,1.1266328558970682e-11,0.0,0.0,0.0,0.0,8.179797280176955e-10,2.2724362170789298e-5,0.0,0.0,0.0,0.0,0.0,2.1068217522031182e-5,5.4370754466147495e-6,1.41389660783669e-6,1.4138960524776163e-6,5.553590761912279e-13,2.521690766026097e-7,6.972759636116443e-7,5.607934272608851e-7,9.389148877562369e-6,9.389145189632314e-6,3.6879281115487105e-12,0.0,0.0,0.0,0.0,7.275212520864775e-11,2.3036588427417287e-5,0.0,0.0,0.0,0.0,0.0,2.139248009386889e-5,5.2438151928271985e-6,1.4476392123268004e-6,1.4476386437140983e-6,5.686127055966931e-13,8.123897996068635e-8,2.444118593776724e-7,1.873524173879866e-7,3.200966328262264e-6,3.2009650709699167e-6,1.2572954013263052e-12,0.0,0.0,0.0,0.0,4.905722086881378e-12,2.304805279355427e-5,0.0,0.0,0.0,0.0,0.0,2.1403983019528653e-5,5.251030270486868e-6,1.4460188601752403e-6,1.4460182921989834e-6,5.679762536319557e-13
12240.0,0.0003776618018282367,0.0009116269838137764,0.0006320828216697136,0.0002107628131282323,0.00021076273034350673,8.278472453049287e-11,0.0,0.0,0.0,0.0,4.612905536945505e-16,2.2658546097906278e-5,0.0,0.0,0.0,0.0,0.0,2.09662433910907e-5,4.39830146193136e-6,1.3943628150651132e-6,1.394362267378645e-6,5.476864719512812e-13,5.33759530073688e-6,1.1699407114412275e-5,1.1273826106081774e-5,6.67631498038481e-5,6.67631235802049e-5,2.6223643930662342e-11,0.0,0.0,0.0,0.0,7.344532982049535e-8,6.093699725008484e-5,0.0,0.0,0.0,0.0,0.0,5.7879821506773604e-5,5.680439428171345e-6,4.837969346123367e-6,4.837967445835766e-6,1.900287596570061e-12,7.213885632960902e-7,1.9733387674629856e-6,1.4810872976576094e-6,2.835366687632388e-5,2.83536557393952e-5,1.1136929076563297e-11,0.0,0.0,0.0,0.0,9.346006919057164e-10,2.229057925838407e-5,0.0,0.0,0.0,0.0,0.0,2.061382324885751e-5,4.562959372705133e-6,1.3613908931520842e-6,1.3613903584165324e-6,5.347355560268941e-13,1.4849413616747562e-7,4.956171263120548e-7,4.250367148816471e-7,9.198088802021925e-6,9.198085189140395e-6,3.612882350450034e-12,0.0,0.0,0.0,0.0,7.441518927846236e-11,2.265047200377636e-5,0.0,0.0,0.0,0.0,0.0,2.0957474082755332e-5,4.389146862812468e-6,1.3948410810281143e-6,1.3948405331537862e-6,5.478743282216151e-13,4.0116559661858286e-8,1.6620859800209593e-7,1.4066795998922237e-7,3.0999406606659655e-6,3.099939443053551e-6,1.2176139132200714e-12,0.0,0.0,0.0,0.0,5.059208474869288e-12,2.2649464516062198e-5,0.0,0.0,0.0,0.0,0.0,2.0957566624039873e-5,4.396124875616821e-6,1.3932167384062724e-6,1.3932161911699648e-6,5.472363088552164e-13
12360.0,0.00038817586651391763,0.0009074846951665355,0.0006178366441745586,0.00021068387967487372,0.00021068379692115396,8.2753720559273e-11,0.0,0.0,0.0,0.0,2.554274103148253e-16,2.287061213733296e-5,0.0,0.0,0.0,0.0,0.0,2.1121664571073573e-5,4.279291328097284e-6,1.4021752880080655e-6,1.4021747372529643e-6,5.507551035133899e-13,5.197794207667701e-6,1.1009759936101735e-5,1.0754722852163731e-5,6.614883733062514e-5,6.614881134827573e-5,2.5982350468516608e-11,0.0,0.0,0.0,0.0,7.493590244026458e-8,5.921840000394021e-5,0.0,0.0,0.0,0.0,0.0,5.60587417842033e-5,5.684390550267288e-6,4.676283142764843e-6,4.676281305985357e-6,1.8367794871139925e-12,8.205444801644146e-7,2.173143976473903e-6,1.6063112611498006e-6,2.787205594338618e-5,2.7872044995626257e-5,1.0947758948196382e-11,0.0,0.0,0.0,0.0,1.0539138891566555e-9,2.2607149017855522e-5,0.0,0.0,0.0,0.0,0.0,2.086531253435467e-5,4.455215945533463e-6,1.3737610801020896e-6,1.3737605405076905e-6,5.395943947558286e-13,1.7093089177411258e-7,5.473721308360606e-7,4.60800281921114e-7,8.968809325232621e-6,8.968805802409205e-6,3.5228245359596745e-12,0.0,0.0,0.0,0.0,7.455829654221421e-11,2.285228044967348e-5,0.0,0.0,0.0,0.0,0.0,2.1104175361284535e-5,4.276110938122775e-6,1.4027435029007117e-6,1.4027429519224237e-6,5.509782904820183e-13,4.266085010294976e-8,1.7880131793430378e-7,1.5169999658868043e-7,2.994441662827492e-6,2.9944404866498744e-6,1.1761753627233823e-12,0.0,0.0,0.0,0.0,5.271563634236034e-12,2.285940982475175e-5,0.0,0.0,0.0,0.0,0.0,2.1111371824939404e-5,4.277883682581114e-6,1.4012945032090144e-6,1.4012939527998711e-6,5.504091433989005e-13
12480.0,0.00040758411445433263,0.0009090299997458062,0.0005984396882504168,0.00021312134597121693,0.00021312126226009394,8.371112368414233e-11,0.0,0.0,0.0,0.0,1.1041693784209496e-15,2.289506953191957e-5,0.0,0.0,0.0,0.0,0.0,2.099947557838739e-5,4.175353581851689e-6,1.4035082776473958e-6,1.403507726368716e-6,5.512786834488453e-13,5.011598244201651e-6,1.1489024368906193e-5,1.108342369356564e-5,6.536545843571491e-5,6.536543276106377e-5,2.5674650049000017e-11,0.0,0.0,0.0,0.0,7.453681094663056e-8,5.8622905717675774e-5,0.0,0.0,0.0,0.0,0.0,5.5372298327742045e-5,5.633648684903827e-6,4.639247072253316e-6,4.639245250021085e-6,1.8222322297041972e-12,8.535027525070384e-7,2.38191107086109e-6,1.7747835895420621e-6,2.7290208972947133e-5,2.729019825372795e-5,1.0719217487528613e-11,0.0,0.0,0.0,0.0,1.1614199841758826e-9,2.265175113521511e-5,0.0,0.0,0.0,0.0,0.0,2.0762355604492473e-5,4.344349502909645e-6,1.376159841537207e-6,1.3761593010006136e-6,5.405365951453241e-13,1.578827461688921e-7,5.754336156127075e-7,5.125894294593812e-7,8.692041183923213e-6,8.692037769809454e-6,3.4141138293739155e-12,0.0,0.0,0.0,0.0,7.472592314059439e-11,2.289290089426584e-5,0.0,0.0,0.0,0.0,0.0,2.0996683706420133e-5,4.175937900909626e-6,1.4046762000504242e-6,1.404675648312999e-6,5.517374272517595e-13,3.065989996609009e-8,1.813384910456161e-7,1.6648472508766238e-7,2.8659582132213324e-6,2.865957087515745e-6,1.125708836753664e-12,0.0,0.0,0.0,0.0,5.46910088324743e-12,2.2886147333740698e-5,0.0,0.0,0.0,0.0,0.0,2.0991215319228782e-5,4.1745674081548674e-6,1.402566772193596e-6,1.402566221284719e-6,5.509088730990958e-13
12600.0,0.00041066146966759485,0.0008947773843624437,0.0005725202793566986,0.00021435090734485946,0.00021435082315078026,8.419407842411394e-11,0.0,0.0,0.0,0.0,1.7792645891938717e-15,2.2998049345640413e-5,0.0,0.0,0.0,0.0,0.0,2.107875477162543e-5,4.087478425874733e-6,1.4119953110897027e-6,1.4119947564774325e-6,5.546122730663576e-13,5.237810859091193e-6,1.1509300360471315e-5,1.1270814215715431e-5,6.510224235176188e-5,6.510221678049876e-5,2.5571262403528223e-11,0.0,0.0,0.0,0.0,7.223963978185232e-8,5.953064924155408e-5,0.0,0.0,0.0,0.0,0.0,5.6105976831708484e-5,5.7408641014165594e-6,4.734498277987548e-6,4.734496418341958e-6,1.8596455888773263e-12,7.752810839188953e-7,2.537052552870056e-6,1.9988009019987095e-6,2.6815206066286654e-5,2.6815195533645814e-5,1.0532642900697751e-11,0.0,0.0,0.0,0.0,1.2544432758491086e-9,2.2892004820820518e-5,0.0,0.0,0.0,0.0,0.0,2.0968233111485572e-5,4.234864455053382e-6,1.3900720196867433e-6,1.3900714736856355e-6,5.460011067384002e-13,1.4795372545260005e-7,6.473093783997309e-7,5.804773637951106e-7,8.431409108151848e-6,8.431405796408587e-6,3.3117411466565417e-12,0.0,0.0,0.0,0.0,7.596404839285378e-11,2.30185694612091e-5,0.0,0.0,0.0,0.0,0.0,2.1096727590461658e-5,4.0901729634897795e-6,1.413709589935957e-6,1.4137090346503403e-6,5.552856181406129e-13,2.976226428546072e-8,2.013642483619852e-7,1.8636507367626037e-7,2.7385225563892373e-6,2.738521480736292e-6,1.0756538693271178e-12,0.0,0.0,0.0,0.0,5.61600577318071e-12,2.2994506824715636e-5,0.0,0.0,0.0,0.0,0.0,2.107545099190684e-5,4.087278908264293e-6,1.4113406748487815e-6,1.4113401204936442e-6,5.543551409847195e-13
12720.0,0.00041301268096064067,0.0008745697167713174,0.0005444400511656639,0.00021240307112791192,0.00021240298769891662,8.342899523767753e-11,0.0,0.0,0.0,0.0,1.9793310117657058e-15,2.357402706553583e-5,0.0,0.0,0.0,0.0,0.0,2.1606100757565265e-5,4.0221337894532605e-6,1.431708141749927e-6,1.4317075793947223e-6,5.623552009182938e-13,5.566940384279812e-6,1.1707507291204527e-5,1.1322829989622303e-5,6.509433488986356e-5,6.509430932170667e-5,2.556815646161705e-11,0.0,0.0,0.0,0.0,6.831737567265388e-8,6.113606050475312e-5,0.0,0.0,0.0,0.0,0.0,5.728939153738535e-5,5.915956354994643e-6,4.794821057863523e-6,4.7948191745239785e-6,1.883339544375577e-12,6.783436582685591e-7,2.633628997399377e-6,2.1371719790511546e-6,2.6527206275817216e-5,2.6527195856296376e-5,1.0419520557313712e-11,0.0,0.0,0.0,0.0,1.3202795122786894e-9,2.352674336554406e-5,0.0,0.0,0.0,0.0,0.0,2.1550109426881715e-5,4.143433340208521e-6,1.412740050869037e-6,1.4127394959642425e-6,5.549047965744881e-13,1.2719138437053065e-7,6.743862713777695e-7,6.250441236177115e-7,8.257539848228645e-6,8.257536604780174e-6,3.24344770070634e-12,0.0,0.0,0.0,0.0,7.848255780318663e-11,2.3592911291262693e-5,0.0,0.0,0.0,0.0,0.0,2.1622298242043625e-5,4.024869799376323e-6,1.4332521916043527e-6,1.433251628642667e-6,5.629616823936679e-13,2.3727735141716028e-8,2.1196281657818808e-7,1.9827457205354344e-7,2.652663234672126e-6,2.6526621927442176e-6,1.0419295125883713e-12,0.0,0.0,0.0,0.0,5.82409494276527e-12,2.356628512741934e-5,0.0,0.0,0.0,0.0,0.0,2.1598914351386108e-5,4.021554329817189e-6,1.430974117486556e-6,1.4309735554196742e-6,5.620668863169683e-13
12840.0,0.0004163939750369385,0.0008488869420263391,0.0005163512919770845,0.00020864061131322542,0.00020864052936207176,8.19511529433333e-11,0.0,0.0,0.0,0.0,6.410029882015208e-15,2.365829754949068e-5,0.0,0.0,0.0,0.0,0.0,2.1810838513376564e-5,4.176453153928775e-6,1.5061271194548498e-6,1.5061265278689002e-6,5.915859484002743e-13,5.23062871573849e-6,1.2103373392728237e-5,1.1574449649640202e-5,6.531297524231685e-5,6.531294958828284e-5,2.565403537488695e-11,0.0,0.0,0.0,0.0,6.555981670872976e-8,5.966375669972702e-5,0.0,0.0,0.0,0.0,0.0,5.5785047995789325e-5,6.182578332808425e-6,4.667491881532427e-6,4.667490048206024e-6,1.833326401018779e-12,8.766491671344592e-7,2.9664327253377714e-6,2.2393884214359826e-6,2.6221612087917106e-5,2.622160178842685e-5,1.0299487377418757e-11,0.0,0.0,0.0,0.0,1.2960126757146154e-9,2.3603784282917538e-5,0.0,0.0,0.0,0.0,0.0,2.1730194528453177e-5,4.292350946952366e-6,1.487816366032215e-6,1.4878157816384815e-6,5.843937371390002e-13,2.0013045237731245e-7,7.661649621479171e-7,6.601194143488354e-7,8.084801255886092e-6,8.084798080288117e-6,3.1755983653785144e-12,0.0,0.0,0.0,0.0,8.100519716931817e-11,2.3725150530050204e-5,0.0,0.0,0.0,0.0,0.0,2.1863541269501026e-5,4.183999469774226e-6,1.5101733650312034e-6,1.5101727718559435e-6,5.931752578256383e-13,5.756602871210409e-8,2.5248507866460295e-7,2.0713790627787526e-7,2.5709596629215613e-6,2.570958653084429e-6,1.009837477090578e-12,0.0,0.0,0.0,0.0,6.681647099260375e-12,2.367352750655065e-5,0.0,0.0,0.0,0.0,0.0,2.182439660849222e-5,4.178102838390836e-6,1.506179570750641e-6,1.5061789791440892e-6,5.91606550545449e-13
12960.0,0.0004077043650887874,0.0008059489471316311,0.0004920322079508784,0.0002238889165543389,0.00022388882861386152,8.794047681981041e-11,0.0,0.0,0.0,0.0,7.438623333639242e-15,2.365388271150005e-5,0.0,0.0,0.0,0.0,0.0,2.170808709766061e-5,3.915191262019188e-6,1.466693367851736e-6,1.4666927917548144e-6,5.760969149450132e-13,5.271306452068851e-6,1.1568419476880626e-5,1.1188000320884245e-5,6.383870540937637e-5,6.383868033441257e-5,2.5074962529006086e-11,0.0,0.0,0.0,0.0,5.8235443544174574e-8,5.841009178309258e-5,0.0,0.0,0.0,0.0,0.0,5.4466405279061894e-5,5.926723739558979e-6,4.546474610222176e-6,4.546472824429685e-6,1.7857924868516904e-12,7.23020516668442e-7,2.655682973639709e-6,2.104129237219944e-6,2.5359526720944366e-5,2.5359516760071436e-5,9.96087214180344e-12,0.0,0.0,0.0,0.0,1.5856585519724656e-9,2.343459606461826e-5,0.0,0.0,0.0,0.0,0.0,2.149338200508406e-5,3.97994337959841e-6,1.4403986149518862e-6,1.4403980491831872e-6,5.657686988659935e-13,1.8777613696851353e-7,7.904391965610718e-7,6.865488925582091e-7,7.791551143451316e-6,7.791548083038051e-6,3.060413767980038e-12,0.0,0.0,0.0,0.0,9.099154547662056e-11,2.3686225116167244e-5,0.0,0.0,0.0,0.0,0.0,2.173297777422211e-5,3.917523497923298e-6,1.4677869284112177e-6,1.4677863518847722e-6,5.765264504419596e-13,1.0787724332448137e-7,3.5961353913975435e-7,2.7083630620172196e-7,2.502225385547116e-6,2.5022244027078482e-6,9.82839601451331e-13,0.0,0.0,0.0,0.0,5.556733158994994e-12,2.366422695059183e-5,0.0,0.0,0.0,0.0,0.0,2.1715504307530856e-5,3.914672100723601e-6,1.4658420181673417e-6,1.4658414424048201e-6,5.757625165373636e-13
13080.0,0.00039386896679861286,0.0007547264235346579,0.00046829369782800886,0.0002031069372259128,0.00020310685744831107,7.977760212495021e-11,0.0,0.0,0.0,0.0,3.09074686941011e-15,2.314402364459565e-5,0.0,0.0,0.0,0.0,0.0,2.1295171574872587e-5,3.9835620741966155e-6,1.4599753926732795e-6,1.4599748192150937e-6,5.734581870010451e-13,5.231259981598822e-6,1.1763172323236388e-5,1.0957912092259274e-5,6.419550253047096e-5,6.419547731536439e-5,2.52151075144755e-11,0.0,0.0,0.0,0.0,5.331804360152341e-8,5.790444533892729e-5,0.0,0.0,0.0,0.0,0.0,5.386593609253666e-5,6.14470355478314e-6,4.4661556869035725e-6,4.4661539326592515e-6,1.7542443221502163e-12,6.557812018809749e-7,2.7143346350370204e-6,2.195704500751873e-6,2.4797350034934875e-5,2.479734029487929e-5,9.740056897415769e-12,0.0,0.0,0.0,0.0,1.3162366466556262e-9,2.3142757633438377e-5,0.0,0.0,0.0,0.0,0.0,2.1294653656375456e-5,4.0253215565544585e-6,1.457598401790071e-6,1.4575978292655324e-6,5.725245377839145e-13,1.7296815786301337e-7,7.384631027896008e-7,6.492042022283959e-7,7.4194358136599774e-6,7.419432899408701e-6,2.9142520015225527e-12,0.0,0.0,0.0,0.0,8.29256301437625e-11,2.3194494684720408e-5,0.0,0.0,0.0,0.0,0.0,2.13426024240037e-5,3.984178558019282e-6,1.4654315389540075e-6,1.4654309633527187e-6,5.756012859668624e-13,6.4077891373613e-8,2.4956423760215316e-7,2.0067998990163077e-7,2.2805177331687496e-6,2.280516837414101e-6,8.957558951000144e-13,0.0,0.0,0.0,0.0,6.372210844198343e-12,2.3152056324526712e-5,0.0,0.0,0.0,0.0,0.0,2.1302637259655405e-5,3.984153129699464e-6,1.460360461578463e-6,1.460359887969023e-6,5.73609436753162e-13
13200.0,0.0005090122791024036,0.0009343974839930437,0.000543183719077318,0.0003510916141902408,0.0003510914762862999,1.379039410905078e-10,0.0,0.0,0.0,0.0,1.2801119823092909e-14,2.320317131376236e-5,0.0,0.0,0.0,0.0,0.0,2.1320587744940213e-5,3.92822051369807e-6,1.4669598558057628e-6,1.4669592796041758e-6,5.762015877358998e-13,5.451497136501737e-6,1.758003501593064e-5,1.522115547413069e-5,6.996075298029526e-5,6.996072550067626e-5,2.7479618332366483e-11,0.0,0.0,0.0,0.0,6.264112535647801e-8,6.0509999297583815e-5,0.0,0.0,0.0,0.0,0.0,5.5977755806000017e-5,6.516380730967455e-6,4.518724265007512e-6,4.518722490114982e-6,1.7748925341981662e-12,7.492484533581228e-7,3.4888301672164574e-6,3.073363921835947e-6,2.4563908918803864e-5,2.456389927044013e-5,9.648364448419254e-12,0.0,0.0,0.0,0.0,1.0198987535513364e-9,2.3001385443979447e-5,0.0,0.0,0.0,0.0,0.0,2.1124074025921037e-5,3.946293538913384e-6,1.4580738671434722e-6,1.458073294432177e-6,5.727112940134407e-13,1.8040209501550206e-7,9.131426027622415e-7,8.185438057896561e-7,7.150335776566291e-6,7.150332968016751e-6,2.8085532204559855e-12,0.0,0.0,0.0,0.0,7.908166789251745e-11,2.3190735839179987e-5,0.0,0.0,0.0,0.0,0.0,2.130930545712843e-5,3.932918204433492e-6,1.4680306029510298e-6,1.468030026328868e-6,5.766221624385552e-13,5.592541719653954e-8,2.799901160258403e-7,2.404367820359795e-7,2.138598588651713e-6,2.1385977486394705e-6,8.400120135749012e-13,0.0,0.0,0.0,0.0,1.1488121876783448e-11,2.3210003583643676e-5,0.0,0.0,0.0,0.0,0.0,2.1326356703841725e-5,3.930260013640526e-6,1.4666114449953604e-6,1.4666108689306244e-6,5.760647367775441e-13
13320.0,0.0005388803935119533,0.0009464596357349336,0.0005361761820516269,0.0003822360683333601,0.0003822359181963077,1.501370528934037e-10,0.0,0.0,0.0,0.0,3.987333966462301e-14,2.2603806519210927e-5,0.0,0.0,0.0,0.0,0.0,2.067017206519115e-5,3.823621867896511e-6,1.4467475534432363e-6,1.4467469851807574e-6,5.68262474291863e-13,6.664977959193637e-6,1.949572766822052e-5,1.6724715871461147e-5,7.131689011796331e-5,7.131686210567433e-5,2.8012290285740084e-11,0.0,0.0,0.0,0.0,7.935669504448749e-8,6.01659212678578e-5,0.0,0.0,0.0,0.0,0.0,5.556093459501546e-5,6.50535511527308e-6,4.449942291791539e-6,4.449940543915619e-6,1.7478759242904033e-12,9.636517541026027e-7,3.951576531677839e-6,3.4744119062057053e-6,2.387342881728673e-5,2.3873419440130933e-5,9.377153392969426e-12,0.0,0.0,0.0,0.0,1.433364070785562e-9,2.250646717043351e-5,0.0,0.0,0.0,0.0,0.0,2.0608274364910263e-5,3.810453627633417e-6,1.428547371409649e-6,1.4285468102959547e-6,5.611136939463564e-13,2.608575141514573e-7,1.0916653223852516e-6,9.22679704125004e-7,6.78869292312489e-6,6.788690256621353e-6,2.6665048981909754e-12,0.0,0.0,0.0,0.0,4.9078169705989104e-11,2.260548835915061e-5,0.0,0.0,0.0,0.0,0.0,2.0673024773850113e-5,3.822267217316826e-6,1.439889463153471e-6,1.4398888975847634e-6,5.655687110657235e-13,7.880258616997649e-8,3.2630467668955785e-7,2.665619497845169e-7,1.976877752316468e-6,1.9768769758262685e-6,7.764903007651143e-13,0.0,0.0,0.0,0.0,1.5944986178502253e-11,2.2596265531933476e-5,0.0,0.0,0.0,0.0,0.0,2.0663621563763622e-5,3.822460214268753e-6,1.4438864233293101e-6,1.443885856190648e-6,5.671386618658882e-13
13440.0,0.00045995582412211014,0.0007618751182724971,0.00043876539260740495,0.000301383383998983,0.0003013832656197491,1.18379234230678e-10,0.0,0.0,0.0,0.0,3.0494510347112544e-14,2.221569568336548e-5,0.0,0.0,0.0,0.0,0.0,2.027737148951006e-5,3.754316299117252e-6,1.3885242182935432e-6,1.388523672900399e-6,5.453931517103649e-13,5.9003134163042835e-6,1.577548717775924e-5,1.4373053654382511e-5,6.702655855007707e-5,6.702653222297014e-5,2.6327107251216847e-11,0.0,0.0,0.0,0.0,7.762995568349268e-8,5.461369933005156e-5,0.0,0.0,0.0,0.0,0.0,5.036278429353539e-5,6.098005584168101e-6,4.094904509071303e-6,4.094902900649313e-6,1.6084219826573055e-12,1.0295043462709569e-6,3.557706059302831e-6,2.9142053049281344e-6,2.2415790693980808e-5,2.2415781889369715e-5,8.804613253124187e-12,0.0,0.0,0.0,0.0,2.0895407440235614e-9,2.2177593827752936e-5,0.0,0.0,0.0,0.0,0.0,2.0266453680480067e-5,3.7445551391147536e-6,1.391999323946759e-6,1.3919987771886358e-6,5.467581252554887e-13,3.031350840226356e-7,9.872310897105667e-7,7.877289232881887e-7,6.242455467152971e-6,6.242453015202373e-6,2.4519503634060423e-12,0.0,0.0,0.0,0.0,4.7724841903060896e-11,2.221565440171484e-5,0.0,0.0,0.0,0.0,0.0,2.0281642445708158e-5,3.753465089046084e-6,1.3904781514604828e-6,1.390477605299855e-6,5.461606296946216e-13,1.124377604954166e-7,3.1285321090384027e-7,2.2393518828156544e-7,1.770328532731094e-6,1.770327837369045e-6,6.953606176309924e-13,0.0,0.0,0.0,0.0,1.0560706212761377e-11,2.2208418543624666e-5,0.0,0.0,0.0,0.0,0.0,2.0271490911708128e-5,3.753408909183145e-6,1.387702224945613e-6,1.3877016798753248e-6,5.45070284066573e-13
13560.0,0.0003867171111349636,0.000621730618622903,0.0003932219383008755,0.00023980477685260274,0.00023980468266059682,9.419200711066952e-11,0.0,0.0,0.0,0.0,5.7328801990522784e-15,2.3287025654288273e-5,0.0,0.0,0.0,0.0,0.0,2.135832850162346e-5,4.217377603016778e-6,1.530771921013298e-6,1.5307713197472131e-6,6.012660863612496e-13,5.369969882319282e-6,1.233535323024587e-5,1.1982195442087002e-5,6.221227700728326e-5,6.221225257115895e-5,2.443612389690967e-11,0.0,0.0,0.0,0.0,5.500698538070253e-8,5.186010814685188e-5,0.0,0.0,0.0,0.0,0.0,4.778534535284769e-5,6.385012064187481e-6,3.889531823929729e-6,3.889530296175307e-6,1.5277544260177568e-12,1.600671910971345e-6,3.413848208400417e-6,2.1235091648288225e-6,2.069347400238987e-5,2.0693465874276676e-5,8.128111024141426e-12,0.0,0.0,0.0,0.0,2.0813825839952906e-9,2.3473475780398454e-5,0.0,0.0,0.0,0.0,0.0,2.1532011878401945e-5,4.223375805773716e-6,1.5434939550332241e-6,1.5434933487700996e-6,6.062631257638621e-13,3.339875125157009e-7,8.026914789420074e-7,5.73872890949974e-7,5.627940199759473e-6,5.627937989182425e-6,2.2105772465078556e-12,0.0,0.0,0.0,0.0,8.755547704951281e-11,2.3352979185461253e-5,0.0,0.0,0.0,0.0,0.0,2.1419630145402488e-5,4.222572878640174e-6,1.5372517704895501e-6,1.5372511666782688e-6,6.038112818154584e-13,8.802541119710267e-8,2.2279603798753476e-7,1.5666628185452124e-7,1.5482178753720874e-6,1.5482172672514493e-6,6.08118616483877e-13,0.0,0.0,0.0,0.0,8.4372885157239e-12,2.3292979196511466e-5,0.0,0.0,0.0,0.0,0.0,2.1363927460430804e-5,4.217694799971617e-6,1.5310916744212425e-6,1.5310910730295682e-6,6.01391681087387e-13
13680.0,0.0003569978054725749,0.0005591170655246595,0.00037605591088557154,0.00023691596519846743,0.00023691587214114457,9.305732175769642e-11,0.0,0.0,0.0,0.0,4.5779745298328606e-15,2.286683202928647e-5,0.0,0.0,0.0,0.0,0.0,2.0712431904196802e-5,3.24561984825479e-6,1.3654330287214536e-6,1.3654324923982014e-6,5.363232510982307e-13,4.967795213628272e-6,1.0363815780700876e-5,1.0227916300351372e-5,5.815967369502756e-5,5.8159650850709024e-5,2.284431724061717e-11,0.0,0.0,0.0,0.0,2.4993986275018678e-8,5.319435735480481e-5,0.0,0.0,0.0,0.0,0.0,4.880881971103045e-5,5.6955355070071296e-6,3.872605022581787e-6,3.872603501475979e-6,1.5211058120332805e-12,1.023430964943589e-6,2.3778794962160856e-6,1.7670056247519241e-6,1.9192104940042362e-5,1.9192097401652223e-5,7.538393974913647e-12,0.0,0.0,0.0,0.0,1.9240167760815647e-9,2.2272537455024983e-5,0.0,0.0,0.0,0.0,0.0,2.016348953636863e-5,3.2001438897130293e-6,1.3224349420941146e-6,1.3224344226599161e-6,5.194341960322559e-13,4.3348930923656215e-7,1.0034402100382577e-6,6.499672336788111e-7,5.36466191016554e-6,5.364659802998509e-6,2.107165167519901e-12,0.0,0.0,0.0,0.0,1.0818319463481067e-10,2.2844652309695747e-5,0.0,0.0,0.0,0.0,0.0,2.0691815725823405e-5,3.243977369461489e-6,1.363811456360431e-6,1.3638109206741067e-6,5.356863198520554e-13,3.7014903795729373e-7,7.339354196385486e-7,3.7499405639213924e-7,1.6696088280788915e-6,1.6696081722795436e-6,6.557993075466596e-13,0.0,0.0,0.0,0.0,6.051667206263012e-12,2.2868418753675187e-5,0.0,0.0,0.0,0.0,0.0,2.0713745455220776e-5,3.245816368362227e-6,1.3654141339363005e-6,1.365413597620468e-6,5.363158294873644e-13
13800.0,0.0003370234891536925,0.0005180352268312253,0.00036938857731103037,0.00018797283543541302,0.00018797276160227951,7.383313578789888e-11,0.0,0.0,0.0,0.0,1.2218195158534595e-14,2.1766031480856433e-5,0.0,0.0,0.0,0.0,0.0,1.9896201144370657e-5,3.831863246973417e-6,1.4053446576534917e-6,1.4053441056535064e-6,5.519999881737203e-13,4.740982148460689e-6,1.2404047711512043e-5,9.546849594326565e-6,6.225647373972641e-5,6.225644928624571e-5,2.4453483763511553e-11,0.0,0.0,0.0,0.0,1.6150950094031683e-8,5.311022160516061e-5,0.0,0.0,0.0,0.0,0.0,4.870437847726822e-5,6.398325884364405e-6,3.907255749264286e-6,3.907254214548146e-6,1.53471613930409e-12,1.014878123086968e-6,2.6654541489094447e-6,1.927527941496818e-6,1.9269693249875316e-5,1.9269685681004805e-5,7.56886959231862e-12,0.0,0.0,0.0,0.0,1.2567120803046257e-9,2.1795208187466853e-5,0.0,0.0,0.0,0.0,0.0,1.9922378196934883e-5,3.835666263629611e-6,1.4059157563493782e-6,1.4059152041250623e-6,5.52224307860467e-13,1.7418022611910555e-7,5.780820880922589e-7,4.893672857937941e-7,5.028796127410002e-6,5.028794152169695e-6,1.975241722904946e-12,0.0,0.0,0.0,0.0,9.107479204664261e-11,2.176953937920903e-5,0.0,0.0,0.0,0.0,0.0,1.989943346606908e-5,3.833218649961708e-6,1.406568909799209e-6,1.4065683573183494e-6,5.524808575222326e-13,4.1362657706052464e-8,1.5524498911459686e-7,1.2756360066900393e-7,1.3274492167245397e-6,1.3274486953185453e-6,5.214037339118152e-13,0.0,0.0,0.0,0.0,6.179787184028209e-12,2.1765647962087163e-5,0.0,0.0,0.0,0.0,0.0,1.989587532957745e-5,3.832721764187691e-6,1.4051023164138038e-6,1.4051017645090047e-6,5.519047998790125e-13
13920.0,0.0003421210764106269,0.0005261988287649524,0.00036793866048405953,0.0001986055449688104,0.00019860546695929241,7.800951736428024e-11,0.0,0.0,0.0,0.0,4.679925251449318e-14,2.1768859800058223e-5,0.0,0.0,0.0,0.0,0.0,1.9656894162595596e-5,2.784386784039622e-6,1.243984935400074e-6,1.243984446779952e-6,4.886201159903937e-13,4.790445622677823e-6,1.3004661935510354e-5,1.0118184461285372e-5,6.279537354605526e-5,6.279534888089996e-5,2.4665156170773957e-11,0.0,0.0,0.0,0.0,1.7161469439005743e-8,4.667223253988431e-5,0.0,0.0,0.0,0.0,0.0,4.262395835148518e-5,4.8956314655310984e-6,3.4142374463320115e-6,3.414236105266659e-6,1.3410653534232472e-12,1.655529056311493e-6,3.762362123582475e-6,2.4533602823198454e-6,1.8642965725368562e-5,1.864295840267042e-5,7.322699669353255e-12,0.0,0.0,0.0,0.0,1.7175951332676045e-9,2.1686399785794823e-5,0.0,0.0,0.0,0.0,0.0,1.958067846019971e-5,2.771779139760058e-6,1.2431301436226456e-6,1.2431296553382807e-6,4.882843655760998e-13,1.0055138190399361e-6,1.9385528903317654e-6,1.0265767962209203e-6,5.101355854109989e-6,5.101353850369715e-6,2.0037421822493795e-12,0.0,0.0,0.0,0.0,7.022798116622183e-11,2.180382938124203e-5,0.0,0.0,0.0,0.0,0.0,1.9687640170796313e-5,2.7838953309623784e-6,1.2461319380277514e-6,1.2461314485643185e-6,4.894634289945235e-13,8.838227026205722e-7,1.5253637092788524e-6,6.687849539974188e-7,1.7755890505087603e-6,1.7755883530800073e-6,6.974268764214277e-13,0.0,0.0,0.0,0.0,5.533405236669164e-12,2.1790817097712408e-5,0.0,0.0,0.0,0.0,0.0,1.9675539742536263e-5,2.7829381960111107e-6,1.2446745117354345e-6,1.2446740228444678e-6,4.888909720589687e-13
14040.0,0.00037920185627783164,0.0005539124717728233,0.00035064380759922966,0.00018718624952167244,0.00018718617599749706,7.352417569564112e-11,0.0,0.0,0.0,0.0,3.458586922505631e-14,1.9799299079660277e-5,0.0,0.0,0.0,0.0,0.0,1.806680547573589e-5,3.047740032228509e-6,1.2461942774555482e-6,1.246193787967634e-6,4.894879150615e-13,4.4813338948975975e-6,1.3463234222553577e-5,1.1235829498544244e-5,6.045412624423745e-5,6.0454102498691224e-5,2.3745546539161267e-11,0.0,0.0,0.0,0.0,8.812199614594825e-9,4.4944023396008935e-5,0.0,0.0,0.0,0.0,0.0,4.114324849896975e-5,5.173873127717961e-6,3.301430093132094e-6,3.3014287963759074e-6,1.2967561817953867e-12,1.3761736754069366e-6,3.0214915536976603e-6,2.000181064600319e-6,1.5874265156704743e-5,1.5874258921510247e-5,6.235192293254569e-12,0.0,0.0,0.0,0.0,1.6281406361797582e-9,1.9762914424017878e-5,0.0,0.0,0.0,0.0,0.0,1.803634742609873e-5,3.0594234072646844e-6,1.2501550509881894e-6,1.2501545599445333e-6,4.910436522475816e-13,3.719982327198869e-7,7.395388517679212e-7,4.954187110218968e-7,3.8054316271533745e-6,3.805430132435003e-6,1.4947210292839527e-12,0.0,0.0,0.0,0.0,1.0655695275321382e-10,1.9858781308179922e-5,0.0,0.0,0.0,0.0,0.0,1.8123837570954395e-5,3.067884870073519e-6,1.2532572470598865e-6,1.2532567547977292e-6,4.9226215205513e-13,2.5171581879241886e-7,3.6006949004270314e-7,1.5582575428152272e-7,9.42830392057378e-7,9.428300217258891e-7,3.703307672109482e-13,0.0,0.0,0.0,0.0,9.48816633898305e-12,1.9840000178697202e-5,0.0,0.0,0.0,0.0,0.0,1.810647803050115e-5,3.0664185643398787e-6,1.2514997236637856e-6,1.2514992320919683e-6,4.915718211184594e-13
14160.0,0.0003970871530890674,0.0005532530366936216,0.00034161333724688195,0.0001881364350984339,0.00018813636120103722,7.389739547790545e-11,0.0,0.0,0.0,0.0,3.407825340308905e-14,1.9959933342010514e-5,0.0,0.0,0.0,0.0,0.0,1.7992424587296694e-5,2.2547326660740822e-6,1.147575040244666e-6,1.1475745894930285e-6,4.5075163960220623e-13,5.040518656976734e-6,1.5210942963359479e-5,1.2698348887066487e-5,6.0163991964965694e-5,6.016396833337733e-5,2.3631585798031557e-11,0.0,0.0,0.0,0.0,4.4358618848883265e-9,4.352403762938739e-5,0.0,0.0,0.0,0.0,0.0,3.9594665479952625e-5,4.244418143035641e-6,3.1338505787432615e-6,3.133849347810002e-6,1.2309332610926137e-12,1.4951626171456726e-6,3.030578764306162e-6,1.9781837169663636e-6,1.4676484113967555e-5,1.4676478349247275e-5,5.76472042870196e-12,0.0,0.0,0.0,0.0,1.5295104124820644e-9,2.005064534591717e-5,0.0,0.0,0.0,0.0,0.0,1.8069073926806746e-5,2.242419650382216e-6,1.1404877352829018e-6,1.1404872873150523e-6,4.4796784401599686e-13,4.0633434566323887e-7,7.950923641509815e-7,5.160116793609219e-7,3.4419434505536206e-6,3.441942098604851e-6,1.3519478895464696e-12,0.0,0.0,0.0,0.0,8.575841192817958e-11,1.9961936330555202e-5,0.0,0.0,0.0,0.0,0.0,1.798056165349987e-5,2.2526275677511937e-6,1.1465370665260027e-6,1.146536616182068e-6,4.50343937849256e-13,2.2475998862027044e-7,3.811130058759143e-7,1.9572018090745734e-7,8.860337867671441e-7,8.860334387477889e-7,3.480218444310959e-13,0.0,0.0,0.0,0.0,6.932042851173317e-12,1.9948441270259983e-5,0.0,0.0,0.0,0.0,0.0,1.7979936071705363e-5,2.2509961340760965e-6,1.146335988665901e-6,1.1463355384009438e-6,4.502649572406253e-13
14280.0,0.00038827436946326866,0.0005586173543678998,0.0003336640083516502,0.0001785300889393877,0.00017853001881523056,7.012415527144862e-11,0.0,0.0,0.0,0.0,2.427396399233374e-14,2.0380082632889793e-5,0.0,0.0,0.0,0.0,0.0,1.848481170238672e-5,3.1879606748268334e-6,1.2296327273261677e-6,1.2296322443434021e-6,4.829827667153122e-13,4.385266555552783e-6,1.3929202645076075e-5,1.1918462359158206e-5,5.876148479505642e-5,5.8761461714357274e-5,2.3080700335887447e-11,0.0,0.0,0.0,0.0,1.8501911912886154e-9,4.450181392938721e-5,0.0,0.0,0.0,0.0,0.0,4.0692483541084834e-5,5.246025815576019e-6,3.2311450938781308e-6,3.231143824728922e-6,1.269149204001227e-12,8.756741012652669e-7,2.3694771110074073e-6,1.8005206233550177e-6,1.3387848621833238e-5,1.3387843363269951e-5,5.258562190191496e-12,0.0,0.0,0.0,0.0,1.539924784558163e-9,2.033156573599414e-5,0.0,0.0,0.0,0.0,0.0,1.849156635510183e-5,3.184881457290005e-6,1.2308352553837904e-6,1.2308347719286846e-6,4.834551031418045e-13,1.845717561461957e-7,4.601249977305172e-7,3.558462299948833e-7,2.8424489251812596e-6,2.8424478087031126e-6,1.116474712831331e-12,0.0,0.0,0.0,0.0,9.324453721204261e-11,2.040166079572588e-5,0.0,0.0,0.0,0.0,0.0,1.850486872669406e-5,3.191012939356098e-6,1.2303216093868838e-6,1.2303211261335325e-6,4.832533500823839e-13,4.625645667888367e-8,1.1008308239633098e-7,7.654144462004592e-8,6.142071802352151e-7,6.142069389825982e-7,2.4125210451360225e-13,0.0,0.0,0.0,0.0,8.387094484889872e-12,2.039030473314271e-5,0.0,0.0,0.0,0.0,0.0,1.8494262074738013e-5,3.1902402314941835e-6,1.2299029753452131e-6,1.2299024922562904e-6,4.830889164078473e-13
14400.0,0.0008181590665588818,0.0011835237696989414,0.0005550197177035371,0.0005256931940500296,0.0005256929875649991,2.0648503220778757e-10,0.0,0.0,0.0,0.0,6.273717970437745e-14,2.1213235276081103e-5,0.0,0.0,0.0,0.0,0.0,1.928878692235809e-5,3.4805674444793917e-6,1.3247506892377022e-6,1.3247501688939159e-6,5.203437895536158e-13,1.0184766969855569e-5,2.823133701416619e-5,2.216465754070133e-5,7.268544471883022e-5,7.268541616899045e-5,2.8549839647299495e-11,0.0,0.0,0.0,0.0,5.185111161283721e-9,6.166278716581518e-5,0.0,0.0,0.0,0.0,0.0,5.5799339597743093e-5,7.43481775317215e-6,4.0427250951507e-6,4.042723507224072e-6,1.5879266289302164e-12,2.5387802099325306e-6,4.177965530267707e-6,2.539487306500135e-6,1.3299085209028829e-5,1.3299079985331239e-5,5.223697146550736e-12,0.0,0.0,0.0,0.0,1.0509326432997471e-9,2.1065073553092964e-5,0.0,0.0,0.0,0.0,0.0,1.9111705579515774e-5,3.5377257317141905e-6,1.288039744165606e-6,1.2880392382413727e-6,5.059242369297878e-13,7.300226355180274e-7,1.0154701071813048e-6,4.4831313517404697e-7,2.6554048042098165e-6,2.6554037612043124e-6,1.0430063632701572e-12,0.0,0.0,0.0,0.0,9.456929610910194e-11,2.0727442712876727e-5,0.0,0.0,0.0,0.0,0.0,1.885847615466818e-5,3.4508659402197927e-6,1.3079804011331497e-6,1.3079798873764951e-6,5.137566518112985e-13,3.460020444596805e-7,3.8391249076046574e-7,1.2936435040832202e-7,5.535827471791039e-7,5.535825297379803e-7,2.1743966380844462e-13,0.0,0.0,0.0,0.0,3.125795850727972e-11,2.1144972809021332e-5,0.0,0.0,0.0,0.0,0.0,1.922854437582866e-5,3.4989259881495016e-6,1.324170545582111e-6,1.3241700254661938e-6,5.201159171315118e-13
14520.0,0.0005959429825899694,0.0007366667005870941,0.0003565466411856622,0.0003019688462410885,0.00030196872763189333,1.1860919572016714e-10,0.0,0.0,0.0,0.0,5.2725400604172873e-14,2.50398938704613e-5,0.0,0.0,0.0,0.0,0.0,2.2829663973652275e-5,4.834473121612007e-6,1.6832213556965716e-6,1.683220694550452e-6,6.611461205464369e-13,8.71408418371463e-6,2.077771633706209e-5,1.665550007105929e-5,6.606710368676094e-5,6.606707773651636e-5,2.59502466211065e-11,0.0,0.0,0.0,0.0,1.5282459442078557e-8,4.747141090017154e-5,0.0,0.0,0.0,0.0,0.0,4.330853842650642e-5,6.7736152741430545e-6,3.266564038339321e-6,3.266562755278046e-6,1.2830612766143313e-12,4.693543233743203e-6,6.136780118580069e-6,2.4809341429914925e-6,1.2323386326263086e-5,1.2323381485807786e-5,4.8404560897646815e-12,0.0,0.0,0.0,0.0,1.7899009552137919e-9,2.467377036915543e-5,0.0,0.0,0.0,0.0,0.0,2.250361445866005e-5,4.794732226079992e-6,1.6659237916909619e-6,1.6659231373390783e-6,6.543518761064437e-13,1.0400850139744879e-6,1.2643994842244518e-6,4.602139744968453e-7,2.3341050275344964e-6,2.334104110730678e-6,9.168042448366771e-13,0.0,0.0,0.0,0.0,6.953116689839881e-11,2.50169579016358e-5,0.0,0.0,0.0,0.0,0.0,2.2811525131677636e-5,4.831523856676e-6,1.6849395190083637e-6,1.6849388571873709e-6,6.618209913851445e-13,3.3331853294777877e-7,3.6926730946567415e-7,9.952530785042792e-8,4.685889654972628e-7,4.685887814411181e-7,1.8405527925401783e-13,0.0,0.0,0.0,0.0,1.6791447360827236e-11,2.5057039381406157e-5,0.0,0.0,0.0,0.0,0.0,2.2846563845875874e-5,4.83613746989401e-6,1.685233617323774e-6,1.6852329553872772e-6,6.619365091449707e-13
14640.0,0.0006829365370180423,0.0007225204815540153,0.00029851219309239593,0.00026765506555265504,0.0002676549604214393,1.051312161860664e-10,0.0,0.0,0.0,0.0,4.17460833359174e-15,2.2717847810153983e-5,0.0,0.0,0.0,0.0,0.0,2.029309467851986e-5,2.4809340842715315e-6,1.2951009370522342e-6,1.2951004283544561e-6,5.086977760532228e-13,4.459993893661442e-6,1.4497784597872827e-5,1.3661472623115764e-5,5.882972548287803e-5,5.882970237537489e-5,2.3107504336361925e-11,0.0,0.0,0.0,0.0,6.894555899678147e-9,3.789223581287198e-5,0.0,0.0,0.0,0.0,0.0,3.4021914103571596e-5,3.89843538392071e-6,2.4096157634070924e-6,2.4096148169432687e-6,9.464638198609698e-13,1.704107645800635e-6,3.0644306964510732e-6,2.046453557727956e-6,1.0068156806402799e-5,1.0068152851770364e-5,3.954633055883731e-12,0.0,0.0,0.0,0.0,2.03083188988341e-9,2.2101956120160926e-5,0.0,0.0,0.0,0.0,0.0,1.973371242633476e-5,2.4565406875830628e-6,1.2542137394526747e-6,1.254213246814829e-6,4.926378490676999e-13,1.0483695246118856e-6,1.5907439396484335e-6,6.280339247936601e-7,2.2109738246737567e-6,2.210972956236044e-6,8.684400075285623e-13,0.0,0.0,0.0,0.0,9.352356925643651e-11,2.2654919384644008e-5,0.0,0.0,0.0,0.0,0.0,2.0236927956434852e-5,2.4721716538439364e-6,1.2915113689616149e-6,1.2915108616737723e-6,5.072878432422368e-13,9.075249117764493e-7,1.3120092207065926e-6,4.4415826431533356e-7,9.094676827825511e-7,9.094673255563044e-7,3.5722635540473324e-13,0.0,0.0,0.0,0.0,6.3528215440151605e-12,2.2701236823005364e-5,0.0,0.0,0.0,0.0,0.0,2.0278999145554695e-5,2.4768168709923602e-6,1.2942975988876744e-6,1.2942970905054384e-6,5.083822359080222e-13
14760.0,0.0006856217142700819,0.0007582069171851528,0.0002817902623578176,0.00022878500711828113,0.00022878491725468746,8.986359362868429e-11,0.0,0.0,0.0,0.0,4.3593850535776714e-14,1.8599414382895716e-5,0.0,0.0,0.0,0.0,0.0,1.6987896965604796e-5,2.449496645060987e-6,1.2523497557690924e-6,1.252349263863392e-6,4.919057019992269e-13,9.028106809403236e-6,1.6625736332225107e-5,1.1920535181516407e-5,5.27328570476998e-5,5.273283633496123e-5,2.0712738550056996e-11,0.0,0.0,0.0,0.0,1.564143218176092e-8,3.335897099328089e-5,0.0,0.0,0.0,0.0,0.0,3.01917303058011e-5,3.935708532533894e-6,2.16814813886677e-6,2.1681472872481067e-6,8.516186691253861e-13,5.405952683415656e-6,5.4226959670135085e-6,1.5404103589013347e-6,7.172895829760805e-6,7.172893012349094e-6,2.8174144980283855e-12,0.0,0.0,0.0,0.0,1.1376152758719857e-9,1.970518770131976e-5,0.0,0.0,0.0,0.0,0.0,1.8022495317302e-5,2.6254304434037195e-6,1.3379957245305832e-6,1.3379951989843235e-6,5.255462566389742e-13,3.2349553767282123e-6,2.991533125260383e-6,5.361340296725428e-7,1.141771546681392e-6,1.141771098210349e-6,4.4847210741720754e-13,0.0,0.0,0.0,0.0,9.191898511362116e-11,1.936531398348388e-5,0.0,0.0,0.0,0.0,0.0,1.7710819065707333e-5,2.598113246523471e-6,1.3155939573434733e-6,1.31559344059631e-6,5.167471516258263e-13,2.0292600670266878e-6,1.815168646792973e-6,3.5436341243777394e-7,3.2901040401580557e-7,3.2901027478714057e-7,1.2923074644924755e-13,0.0,0.0,0.0,0.0,6.658296305007168e-12,1.923413510804062e-5,0.0,0.0,0.0,0.0,0.0,1.759016188658714e-5,2.5839233998882375e-6,1.3061086498843918e-6,1.306108136862939e-6,5.130214537504225e-13
14880.0,0.000603969772476968,0.0006380077542365882,0.0002638372978719959,0.00021032173788588235,0.00021032165527440575,8.261147626200996e-11,0.0,0.0,0.0,0.0,2.5119495762866718e-14,1.566842279393037e-5,0.0,0.0,0.0,0.0,0.0,1.3591813601502207e-5,2.246591890622742e-6,8.067984483430489e-7,8.067981314437588e-7,3.168992969223284e-13,7.467630786907667e-6,1.6875336555170882e-5,1.2528222758537784e-5,4.994483489416302e-5,4.994481527651795e-5,1.9617641922052795e-11,0.0,0.0,0.0,0.0,1.4993019438678426e-8,2.214961343900092e-5,0.0,0.0,0.0,0.0,0.0,1.9917970830572762e-5,2.5463468391617497e-6,1.3401423599783956e-6,1.3401418335889726e-6,5.263894254199201e-13,4.528662416143376e-6,5.790020073990392e-6,1.8185863753598366e-6,6.112889250859287e-6,6.112886849801876e-6,2.4010585416229374e-12,0.0,0.0,0.0,0.0,1.4282262871806473e-9,1.5862663788355914e-5,0.0,0.0,0.0,0.0,0.0,1.3745784885030111e-5,2.287739796891664e-6,8.050690045833348e-7,8.05068688363337e-7,3.162199952793407e-13,2.241056229353687e-6,2.919602246887596e-6,9.144873006746096e-7,1.8992639038118667e-6,1.8992631578079704e-6,7.460046521213795e-13,0.0,0.0,0.0,0.0,5.523898023042386e-11,1.583835931090457e-5,0.0,0.0,0.0,0.0,0.0,1.3723459136610036e-5,2.2899289137374684e-6,8.124501224225487e-7,8.124498033033546e-7,3.191191965092778e-13,1.8151393236004627e-6,2.5365523084022007e-6,8.178343656247301e-7,1.3950834576560347e-6,1.395082909686437e-6,5.479695304161859e-13,0.0,0.0,0.0,0.0,6.965783074965506e-12,1.57884067487716e-5,0.0,0.0,0.0,0.0,0.0,1.3678530961983426e-5,2.2864650140726157e-6,8.114299860517259e-7,8.114296673332261e-7,3.1871850102040894e-13
15000.0,0.0005709014630523842,0.000589932738213367,0.0002565973863922276,0.00019468092547891984,0.00019468084901093922,7.646798098727327e-11,0.0,0.0,0.0,0.0,2.8154765647897775e-14,1.4795020395437131e-5,0.0,0.0,0.0,0.0,0.0,1.3512024583561016e-5,3.0320596209469623e-6,9.253987736688311e-7,9.253984101849642e-7,3.634838680598751e-13,8.806782307377824e-6,1.7273251271502136e-5,1.1398655272559441e-5,4.5517485148135856e-5,4.5517467269495786e-5,1.7878640037968156e-11,0.0,0.0,0.0,0.0,1.865974349402514e-8,2.6714920223631462e-5,0.0,0.0,0.0,0.0,0.0,2.434751189390852e-5,4.253620130929143e-6,1.7357675659248752e-6,1.7357668841393273e-6,6.817855468015051e-13,5.415484871788053e-6,5.472880198031163e-6,1.597502035053061e-6,4.784928568000979e-6,4.78492668854549e-6,1.8794539108711964e-12,0.0,0.0,0.0,0.0,1.4016293629869323e-9,1.5643933258131666e-5,0.0,0.0,0.0,0.0,0.0,1.4285839748716869e-5,3.2857818043760932e-6,9.783749528078852e-7,9.783745685157062e-7,3.84292180169644e-13,2.2067180815883713e-6,1.9993357365346854e-6,7.539415756562407e-7,9.901370072989998e-7,9.901366183861245e-7,3.8891215286036676e-13,0.0,0.0,0.0,0.0,9.230601929062262e-11,1.5336273747769038e-5,0.0,0.0,0.0,0.0,0.0,1.4001823057863038e-5,3.267487960876733e-6,9.543396574687295e-7,9.54339282617287e-7,3.7485144784059386e-13,1.957119506457595e-6,1.8002258407576893e-6,6.829680943089321e-7,6.660715380482658e-7,6.660712764253927e-7,2.616237085496182e-13,0.0,0.0,0.0,0.0,6.934400068826161e-12,1.5323110509623217e-5,0.0,0.0,0.0,0.0,0.0,1.3989920586192439e-5,3.266856187860081e-6,9.535621310013657e-7,9.535617564553212e-7,3.7454604617385527e-13
15120.0,0.0005366202164667172,0.0005796521209039165,0.00025133320248732494,0.00018183600196582377,0.0001818359305431523,7.142267228758368e-11,0.0,0.0,0.0,0.0,3.2866925520587545e-14,1.9602585601018665e-5,0.0,0.0,0.0,0.0,0.0,1.7778932946678768e-5,2.3052443148777608e-6,1.3794254776669178e-6,1.3794249358476246e-6,5.418192919522366e-13,5.480451888745588e-6,1.3205631677753078e-5,1.06721672034376e-5,4.61218489919869e-5,4.612183087596146e-5,1.8116025815785315e-11,0.0,0.0,0.0,0.0,2.0939957593999176e-8,3.319000071682085e-5,0.0,0.0,0.0,0.0,0.0,3.000526985841447e-5,3.6996199910396233e-6,2.2155960629926742e-6,2.215595192737111e-6,8.702555589543144e-13,2.2090696196290505e-6,2.410505195301333e-6,9.050984388887058e-7,3.851978267907053e-6,3.8519767549061566e-6,1.5130039074410409e-12,0.0,0.0,0.0,0.0,1.2552648149514206e-9,1.9595887347942755e-5,0.0,0.0,0.0,0.0,0.0,1.7772455771916676e-5,2.303327168914692e-6,1.3773093036935426e-6,1.3773087627054515e-6,5.409880880180847e-13,5.665418017623304e-7,5.163102274643541e-7,1.1066513931829499e-7,3.4669675892491836e-7,3.4669662274687027e-7,1.3617770258996201e-13,0.0,0.0,0.0,0.0,1.0110543330144341e-10,1.9538295907519497e-5,0.0,0.0,0.0,0.0,0.0,1.772276283961419e-5,2.3076684100138934e-6,1.3750656115888785e-6,1.375065071482081e-6,5.401067967216813e-13,3.643803628892821e-7,3.3587427380249023e-7,3.8607290590267525e-8,5.247234397498519e-8,5.247232336291037e-8,2.0610412609467184e-14,0.0,0.0,0.0,0.0,9.575084266641174e-12,1.956193856420336e-5,0.0,0.0,0.0,0.0,0.0,1.774444571539887e-5,2.307639836895091e-6,1.3767877124326898e-6,1.3767871716494672e-6,5.407832141686287e-13
15240.0,0.0006200813777793327,0.0006119715231684035,0.00023504923410765945,0.00019312529574386735,0.00019312521988691647,7.585695109458848e-11,0.0,0.0,0.0,0.0,2.06227802306988e-14,2.056038208235468e-5,0.0,0.0,0.0,0.0,0.0,1.817952716611578e-5,3.509672216780948e-6,1.1700007744609984e-6,1.1700003149008415e-6,4.595601585336942e-13,4.757531481658795e-6,1.2478475366141564e-5,1.0288732513197459e-5,4.2989416149939003e-5,4.29893992642904e-5,1.6885649422102604e-11,0.0,0.0,0.0,0.0,2.33232526485615e-8,3.3445732084576414e-5,0.0,0.0,0.0,0.0,0.0,3.0398144363702568e-5,4.116576006543959e-6,2.1395746382496116e-6,2.1395737978542212e-6,8.403953923890657e-13,2.130547232638471e-6,2.862225666778035e-6,1.1264142860792402e-6,3.951646560958647e-6,3.951645008807751e-6,1.5521522375574213e-12,0.0,0.0,0.0,0.0,1.3257935328958398e-9,2.0520815417151708e-5,0.0,0.0,0.0,0.0,0.0,1.8118171354448803e-5,3.5365537866301146e-6,1.1612588897774162e-6,1.1612584336509521e-6,4.561264668654823e-13,1.4669579534512533e-6,1.954971756901022e-6,5.708465902210793e-7,1.3429766484279292e-6,1.3429761209252356e-6,5.275026948104049e-13,0.0,0.0,0.0,0.0,7.698851655002807e-11,2.0676045212018452e-5,0.0,0.0,0.0,0.0,0.0,1.8307358497891657e-5,3.5495177181451685e-6,1.174831934975765e-6,1.174831473517999e-6,4.614577717152672e-13,1.397061354901398e-6,1.8929879867037907e-6,5.404111866453253e-7,1.1358080949568551e-6,1.1358076488308512e-6,4.46129745874158e-13,0.0,0.0,0.0,0.0,8.683170474002108e-12,2.0652733246291868e-5,0.0,0.0,0.0,0.0,0.0,1.8288465527292572e-5,3.5469711900535143e-6,1.1738777722068138e-6,1.1738773111238227e-6,4.610829897467932e-13
15360.0,0.0005427987898052409,0.0005660242216015885,0.00024118846536119688,0.00020084770363411778,0.00020084762474391143,7.889020634686739e-11,0.0,0.0,0.0,0.0,3.937695227196521e-14,1.6295048115592662e-5,0.0,0.0,0.0,0.0,0.0,1.4588129666397582e-5,1.7105366625365452e-6,1.0721478972205668e-6,1.0721474760956649e-6,4.211248986952459e-13,4.594067402495603e-6,1.184562011860758e-5,9.676586438681274e-6,3.9328404440011036e-5,3.932838899235614e-5,1.5447654543352448e-11,0.0,0.0,0.0,0.0,2.3279182698546816e-8,2.1983943833660766e-5,0.0,0.0,0.0,0.0,0.0,1.9991114777066922e-5,2.057301317027078e-6,1.4524741447632968e-6,1.4524735742514893e-6,5.705118003370702e-13,2.1638195514170865e-6,2.2608327268844324e-6,1.0541519069953448e-6,3.2654039406380233e-6,3.2654026580314353e-6,1.2826056062453748e-12,0.0,0.0,0.0,0.0,1.1729538926145092e-9,1.563110137289416e-5,0.0,0.0,0.0,0.0,0.0,1.4154879784986359e-5,1.6158723997031758e-6,1.0495794203167187e-6,1.0495790080564003e-6,4.122603124059128e-13,1.396284550615138e-6,1.2812869699592572e-6,6.53156185995e-7,9.067269089103043e-7,9.067265527596921e-7,3.56149817248348e-13,0.0,0.0,0.0,0.0,7.814609461572175e-11,1.6023745806655378e-5,0.0,0.0,0.0,0.0,0.0,1.4515146091900029e-5,1.651601737280106e-6,1.0790700555322567e-6,1.0790696316884358e-6,4.238438269562849e-13,1.313235485141985e-6,1.2196893109088502e-6,6.288061983983177e-7,7.624261884953449e-7,7.624258890252859e-7,2.9947048557773804e-13,0.0,0.0,0.0,0.0,4.244937751814049e-12,1.6097311703674192e-5,0.0,0.0,0.0,0.0,0.0,1.4582725937779771e-5,1.659460929473915e-6,1.083697625665585e-6,1.0836972000041063e-6,4.2566147264551633e-13
15480.0,0.0006017336749203806,0.0006167001699443943,0.0002423037676212922,0.00019586520228657744,0.0001958651253534312,7.693314857464228e-11,0.0,0.0,0.0,0.0,2.8099521255025644e-14,1.6972749385951913e-5,0.0,0.0,0.0,0.0,0.0,1.5584835318294595e-5,2.172736567093912e-6,1.2386945118643668e-6,1.238694025322258e-6,4.865421106318944e-13,4.1234091831595515e-6,1.1875884991322606e-5,1.0158761765888995e-5,4.18135887123957e-5,4.1813572288595894e-5,1.6423800630716282e-11,0.0,0.0,0.0,0.0,2.2388479033530046e-8,2.460917054502299e-5,0.0,0.0,0.0,0.0,0.0,2.234020273616188e-5,2.9606652588191735e-6,1.5671721586716408e-6,1.5671715431080524e-6,6.155635974006271e-13,1.7273663433054962e-6,1.915577916775562e-6,8.260199225716171e-7,2.675859876101961e-6,2.6758588250616726e-6,1.0510408332357141e-12,0.0,0.0,0.0,0.0,1.0619909015379325e-9,1.665608908241216e-5,0.0,0.0,0.0,0.0,0.0,1.5285324768901368e-5,2.067323954587479e-6,1.2085813160136886e-6,1.2085808412996225e-6,4.747140628551986e-13,8.609576680235383e-7,7.8449542085408e-7,3.0154663962535244e-7,4.179099560925126e-7,4.179097919432438e-7,1.6414926371561748e-13,0.0,0.0,0.0,0.0,8.251482014762342e-11,1.6422250298695154e-5,0.0,0.0,0.0,0.0,0.0,1.507520670639241e-5,2.0335739591294817e-6,1.1881411580000937e-6,1.1881406913146372e-6,4.666854508557665e-13,8.092876563241605e-7,7.245854632619248e-7,2.965122348406969e-7,3.037276655019351e-7,3.037275462024203e-7,1.193000356539971e-13,0.0,0.0,0.0,0.0,7.635852166176884e-12,1.6398849114983717e-5,0.0,0.0,0.0,0.0,0.0,1.505434160168777e-5,2.0284082526776117e-6,1.1859062591478016e-6,1.1859057933401802e-6,4.658076134275483e-13
15600.0,0.0006279443868341555,0.0005756682612849178,0.00023231857491065513,0.00020169324379524785,0.00020169316457292383,7.922232285394833e-11,0.0,0.0,0.0,0.0,2.069036569096335e-14,1.6852356795551936e-5,0.0,0.0,0.0,0.0,0.0,1.4299566590391505e-5,2.7344728671999457e-6,8.894511746826997e-7,8.894508253185512e-7,3.4936414724466043e-13,3.773162403440406e-6,1.097695489034495e-5,9.714838047531513e-6,4.11755519666788e-5,4.117553579349158e-5,1.617318860172268e-11,0.0,0.0,0.0,0.0,2.1232068599178418e-8,2.6959585036364118e-5,0.0,0.0,0.0,0.0,0.0,2.444010381149314e-5,3.5300072983649464e-6,1.647026465101263e-6,1.647025818172e-6,6.469292669996922e-13,1.3527689591229762e-6,1.6317214247744918e-6,6.849236074567191e-7,2.5040647347122366e-6,2.5040637511484245e-6,9.835620724202207e-13,0.0,0.0,0.0,0.0,1.0086989197706518e-9,1.6670083909498065e-5,0.0,0.0,0.0,0.0,0.0,1.4131881552048517e-5,2.719994658571882e-6,8.806272607027487e-7,8.806269148045126e-7,3.4589823560081665e-13,5.759392848921074e-7,6.845361903621001e-7,1.6478205830253775e-7,4.886174515001414e-7,4.88617259582521e-7,1.9192219216885426e-13,0.0,0.0,0.0,0.0,5.6642203021151115e-11,1.6849009297644266e-5,0.0,0.0,0.0,0.0,0.0,1.4293517938462086e-5,2.7382428091449545e-6,8.901894839961673e-7,8.901891343420224e-7,3.4965414495453825e-13,4.814138140126628e-7,6.074823873423408e-7,1.382919842646789e-7,3.7956592248915346e-7,3.795657734010168e-7,1.4908825645330662e-13,0.0,0.0,0.0,0.0,5.950935962060301e-12,1.6855682450346262e-5,0.0,0.0,0.0,0.0,0.0,1.4300064837978142e-5,2.738336107932296e-6,8.893937146105392e-7,8.893933652689646e-7,3.493415777212502e-13
15720.0,0.0005819055973101915,0.0005637071302403041,0.00022820945179175846,0.00021426054189653372,0.00021426045773794864,8.415858412302958e-11,0.0,0.0,0.0,0.0,8.452729391395893e-15,1.7647171472202542e-5,0.0,0.0,0.0,0.0,0.0,1.6160172060304746e-5,2.4377352405937476e-6,1.3389176855168897e-6,1.3389171596085012e-6,5.259083901915974e-13,4.423923568730101e-6,9.423909838963935e-6,7.712721498558811e-6,3.550658618949035e-5,3.550657224299325e-5,1.3946497074542244e-11,0.0,0.0,0.0,0.0,2.1051793525146662e-8,2.318201992288495e-5,0.0,0.0,0.0,0.0,0.0,2.1005071413861078e-5,3.0817422086876403e-6,1.58161702248804e-6,1.581616401250695e-6,6.212373405727347e-13,1.7545018127142903e-6,1.7366955153818649e-6,4.78042832295915e-7,1.798851674470032e-6,1.7988509679049488e-6,7.065641140949183e-13,0.0,0.0,0.0,0.0,9.685556872058582e-10,1.7879735021791176e-5,0.0,0.0,0.0,0.0,0.0,1.6380585185444344e-5,2.4398396823424517e-6,1.3508884248650394e-6,1.3508878942547138e-6,5.306103314147876e-13,3.43854368205828e-7,3.1991636480766107e-7,4.7293337973467256e-8,9.930811507337903e-8,9.930807606663088e-8,3.900685717682189e-14,0.0,0.0,0.0,0.0,7.488393680409793e-11,1.766141021008078e-5,0.0,0.0,0.0,0.0,0.0,1.6172428838901845e-5,2.4390994343301437e-6,1.339064689192983e-6,1.3390641632268423e-6,5.259661312069541e-13,1.0198708880974211e-7,9.20498444637216e-8,1.5411382595000717e-8,1.2827552764032613e-8,1.2827547727247284e-8,5.038485709535968e-15,0.0,0.0,0.0,0.0,6.028786625261317e-12,1.766068302897549e-5,0.0,0.0,0.0,0.0,0.0,1.6172386818564305e-5,2.4410566839491253e-6,1.3399371071903185e-6,1.3399365808815165e-6,5.26308804957197e-13
15840.0,0.0005904662243058881,0.0005354452167746967,0.0002220583217825646,0.0001903232836997023,0.00019032320894334304,7.475635943060092e-11,0.0,0.0,0.0,0.0,4.995019523810232e-15,1.8341436410515513e-5,0.0,0.0,0.0,0.0,0.0,1.536784336971932e-5,3.1171950473441037e-6,9.788612799172116e-7,9.788608954340114e-7,3.8448320274701095e-13,3.984511820136465e-6,8.931315970934306e-6,7.433141889170709e-6,3.36147698127909e-5,3.36147566093706e-5,1.3203417708296924e-11,0.0,0.0,0.0,0.0,2.1389179183803477e-8,2.4845161232849527e-5,0.0,0.0,0.0,0.0,0.0,2.138584521735876e-5,3.608161107426479e-6,1.496124269907534e-6,1.496123682250566e-6,5.876569671345371e-13,1.8292491521898317e-6,2.051969011591502e-6,6.377823121449158e-7,2.1816362974253523e-6,2.1816354405111457e-6,8.56916631675247e-13,0.0,0.0,0.0,0.0,8.622443635685745e-10,1.8151310176973173e-5,0.0,0.0,0.0,0.0,0.0,1.5181793509159736e-5,3.1151053826734745e-6,9.61436352833881e-7,9.614359751949567e-7,3.776389318476667e-13,1.4351441138715955e-6,1.7730864793351942e-6,3.717089721451926e-7,1.2163807669559572e-6,1.2163802891771234e-6,4.777775795546715e-13,0.0,0.0,0.0,0.0,5.0420004985888294e-11,1.8361014514636826e-5,0.0,0.0,0.0,0.0,0.0,1.5374447540105966e-5,3.1323566889843957e-6,9.758298989699068e-7,9.75829515677389e-7,3.832925181430945e-13,1.3959120497737676e-6,1.7385637378246808e-6,3.632692252616282e-7,1.1785772515847303e-6,1.1785767886567026e-6,4.629288803953402e-13,0.0,0.0,0.0,0.0,5.037634418389911e-12,1.8372038950557717e-5,0.0,0.0,0.0,0.0,0.0,1.5384939927771215e-5,3.1329389240740623e-6,9.780127293930844e-7,9.780123452431785e-7,3.8414990381088523e-13
15960.0,0.0005360569003066266,0.0005059701278213196,0.00022333986955400706,0.00020707454999666823,0.00020707446866064202,8.133602566938605e-11,0.0,0.0,0.0,0.0,1.0026451625198907e-14,1.7569297950633062e-5,0.0,0.0,0.0,0.0,0.0,1.607593892711162e-5,2.5274702467781004e-6,1.3413429041320566e-6,1.3413423772710769e-6,5.268609825963167e-13,3.6998240031684525e-6,8.03437624026789e-6,6.6962472130075975e-6,3.0867198533976966e-5,3.086718640976676e-5,1.2124209625673256e-11,0.0,0.0,0.0,0.0,2.0799768922077604e-8,2.531928616073847e-5,0.0,0.0,0.0,0.0,0.0,2.3004851258563238e-5,3.400057680156388e-6,1.706191628043307e-6,1.7061909578747917e-6,6.701685265410748e-13,1.5195881230890308e-6,1.448219797049049e-6,4.4734091528470833e-7,1.362612988936309e-6,1.3626124537221016e-6,5.352155783865152e-13,0.0,0.0,0.0,0.0,8.454634590304639e-10,1.7966175641637028e-5,0.0,0.0,0.0,0.0,0.0,1.643849719494461e-5,2.607067198448922e-6,1.3760430711823112e-6,1.3760425306915926e-6,5.404907293613224e-13,4.969233093118225e-7,4.551223606053362e-7,1.3197155450243338e-7,1.1626909481164107e-7,1.1626904914475448e-7,4.566889596215841e-14,0.0,0.0,0.0,0.0,6.444971340981444e-11,1.786050916894663e-5,0.0,0.0,0.0,0.0,0.0,1.634458762813128e-5,2.6130247081503133e-6,1.3707568250580917e-6,1.3707562866437197e-6,5.384143648324012e-13,4.6559295016580446e-7,4.1376657932291576e-7,1.2815188985546618e-7,8.360988669233178e-8,8.360985385241042e-8,3.284080970046324e-14,0.0,0.0,0.0,0.0,5.049762574577976e-12,1.7886078062528224e-5,0.0,0.0,0.0,0.0,0.0,1.6367784512345573e-5,2.612727255944179e-6,1.372241863592076e-6,1.3722413245944079e-6,5.389976674754482e-13
16080.0,0.0005443471272634118,0.0004951131159154008,0.00021958247424098618,0.00018929358202432562,0.00018929350767241758,7.435190682209992e-11,0.0,0.0,0.0,0.0,4.897041241076585e-15,1.7159596013705826e-5,0.0,0.0,0.0,0.0,0.0,1.4493771230472285e-5,2.7190134168412965e-6,9.157848388067513e-7,9.157844790991012e-7,3.5970764711558904e-13,3.910771665660822e-6,7.976197132582667e-6,6.588112342232927e-6,2.966087387918168e-5,2.9660862228797e-5,1.1650381948203159e-11,0.0,0.0,0.0,0.0,2.0523282538775508e-8,2.4154785310960513e-5,0.0,0.0,0.0,0.0,0.0,2.096433872531164e-5,3.259839734296613e-6,1.4671105185629882e-6,1.4671099423022298e-6,5.762607659878346e-13,1.894563207546253e-6,2.1257591283225735e-6,5.617537171377987e-7,2.0365614279777188e-6,2.0365606280478184e-6,7.999332249477727e-13,0.0,0.0,0.0,0.0,7.535499584653046e-10,1.713731147369479e-5,0.0,0.0,0.0,0.0,0.0,1.4447230631853204e-5,2.7477246925124564e-6,9.065135019246867e-7,9.065131458586964e-7,3.5606599393010144e-13,1.5364659551111992e-6,1.8437906826054514e-6,3.5524150553774194e-7,1.3300587834460262e-6,1.3300582610149479e-6,5.224287357076413e-13,0.0,0.0,0.0,0.0,4.539147410058878e-11,1.7232464204240636e-5,0.0,0.0,0.0,0.0,0.0,1.4539090731163769e-5,2.7512305529311263e-6,9.157144007723654e-7,9.157140410923761e-7,3.5967998002770426e-13,1.5046234138615944e-6,1.8131135494650814e-6,3.4630632968462704e-7,1.305458181275352e-6,1.3054576685078767e-6,5.127659586561027e-13,0.0,0.0,0.0,0.0,4.3501017631961e-12,1.7232401253817506e-5,0.0,0.0,0.0,0.0,0.0,1.4539330859496072e-5,2.7509434920500253e-6,9.160753632582323e-7,9.160750034364671e-7,3.598217611109752e-13
16200.0,0.0005247321267289702,0.0004890994401793329,0.00021416977366156694,0.0002065509424990903,0.00020655086136873158,8.113035986997159e-11,0.0,0.0,0.0,0.0,5.36449042152024e-15,1.6258032419392155e-5,0.0,0.0,0.0,0.0,0.0,1.4869610733208975e-5,2.441762254697395e-6,1.2713648666930246e-6,1.2713643673184516e-6,4.993745751670759e-13,3.944299721123003e-6,7.467922442752131e-6,6.276522260382665e-6,2.8336353975107914e-5,2.833634284497774e-5,1.1130128807877111e-11,0.0,0.0,0.0,0.0,1.958598466851958e-8,2.4181342529607913e-5,0.0,0.0,0.0,0.0,0.0,2.1954006694111513e-5,3.3378841190718046e-6,1.629976863636487e-6,1.6299762234040655e-6,6.40232418823928e-13,1.6622764986381523e-6,1.572155584656105e-6,4.269559370741671e-7,1.215350323612781e-6,1.215349846240745e-6,4.773728356306721e-13,0.0,0.0,0.0,0.0,7.34687520223909e-10,1.6798850785520475e-5,0.0,0.0,0.0,0.0,0.0,1.536102233736846e-5,2.5399172606753973e-6,1.3192877186110478e-6,1.319287200413039e-6,5.181980100788892e-13,5.257096517392e-7,4.798690488692469e-7,1.4242637977801478e-7,1.1941766471701126e-7,1.1941761781142252e-7,4.690561077193635e-14,0.0,0.0,0.0,0.0,5.7571178399302153e-11,1.656809117162004e-5,0.0,0.0,0.0,0.0,0.0,1.5155893869072856e-5,2.53804984631729e-6,1.3072571810409203e-6,1.3072566675683432e-6,5.134725809393039e-13,5.204557566294322e-7,4.6067215601228547e-7,1.408266366510931e-7,9.737746218282996e-8,9.737742393348775e-8,3.8248523364356363e-14,0.0,0.0,0.0,0.0,4.778163270778746e-12,1.6592848739232734e-5,0.0,0.0,0.0,0.0,0.0,1.5178104932334595e-5,2.53802614880508e-6,1.3079095089434397e-6,1.3079089952146296e-6,5.137288063374749e-13
16320.0,0.000534042171015128,0.00048095897077062564,0.0002105301067232135,0.00019282006595440493,0.00019281999021734307,7.57370610453702e-11,0.0,0.0,0.0,0.0,2.9040775366065335e-15,1.6822413674887093e-5,0.0,0.0,0.0,0.0,0.0,1.4492157852511062e-5,2.430151984163864e-6,9.147461642184187e-7,9.147458049187479e-7,3.592996700707023e-13,3.946969210023767e-6,7.302535981551534e-6,6.218264977086822e-6,2.8504710968886815e-5,2.8504699772627604e-5,1.1196257111755282e-11,0.0,0.0,0.0,0.0,1.934405640573917e-8,2.2473434024202574e-5,0.0,0.0,0.0,0.0,0.0,1.9736321367896435e-5,2.8414256378258005e-6,1.4442744827854048e-6,1.4442739154943236e-6,5.672910862651336e-13,1.8398569720055186e-6,1.973998386710046e-6,4.5470706934122064e-7,1.8817323983656348e-6,1.8817316592490523e-6,7.391185187117848e-13,0.0,0.0,0.0,0.0,6.670397221510665e-10,1.682057575487433e-5,0.0,0.0,0.0,0.0,0.0,1.4475347590787509e-5,2.4406591901716544e-6,9.116839325322586e-7,9.116835744353905e-7,3.5809686772229803e-13,1.4418598150776722e-6,1.6562484258392812e-6,2.430213234853266e-7,1.2292132439142601e-6,1.2292127610974495e-6,4.828179994197757e-13,0.0,0.0,0.0,0.0,4.037827627549486e-11,1.687659297368817e-5,0.0,0.0,0.0,0.0,0.0,1.453409373933216e-5,2.440830209880912e-6,9.175211317626049e-7,9.175207713729678e-7,3.603896390283057e-13,1.4014422877704769e-6,1.6160865600117668e-6,2.323335320689006e-7,1.204799700731488e-6,1.2047992275010854e-6,4.732286965573052e-13,0.0,0.0,0.0,0.0,3.880140627983467e-12,1.685890498497608e-5,0.0,0.0,0.0,0.0,0.0,1.4518311561921205e-5,2.4415867961143922e-6,9.162532939666266e-7,9.162529340749755e-7,3.598916498378383e-13
16440.0,0.0005144705016679298,0.0004811092091283627,0.00021364315698005148,0.00021056493034328418,0.00021056484763628608,8.270699890329148e-11,0.0,0.0,0.0,0.0,4.586591040624045e-15,1.7176122673433396e-5,0.0,0.0,0.0,0.0,0.0,1.567019995395821e-5,2.766153282399163e-6,1.3466029375347564e-6,1.3466024086077068e-6,5.289270511299479e-13,3.67982218884514e-6,6.781190634078416e-6,5.97934136703298e-6,2.752849812660733e-5,2.7528487313795305e-5,1.0812814178765274e-11,0.0,0.0,0.0,0.0,1.8624741079370673e-8,2.166842930678973e-5,0.0,0.0,0.0,0.0,0.0,1.960519715073654e-5,3.314057955803759e-6,1.5031505447875787e-6,1.5031499543707914e-6,5.904167909468489e-13,1.5644896282011704e-6,1.4700268350246403e-6,3.257642030364853e-7,1.0707465536767581e-6,1.0707461331002295e-6,4.205744702893676e-13,0.0,0.0,0.0,0.0,6.553794703384039e-10,1.7461713576064957e-5,0.0,0.0,0.0,0.0,0.0,1.592556111933813e-5,2.792858033347287e-6,1.3660996288966236e-6,1.366099092311544e-6,5.365850824481466e-13,2.8245548426650974e-7,2.504475474382348e-7,4.637832629560395e-8,4.6886736462923514e-8,4.688671804578019e-8,1.8416463059500226e-14,0.0,0.0,0.0,0.0,5.203366443683462e-11,1.721999457990226e-5,0.0,0.0,0.0,0.0,0.0,1.5710981971534245e-5,2.786198236967819e-6,1.3533481025329366e-6,1.3533475709564774e-6,5.315764588598924e-13,1.2779555679919702e-7,1.1400961426684133e-7,2.851471329846575e-8,1.869084505324789e-8,1.86908377123228e-8,7.341506008168147e-15,0.0,0.0,0.0,0.0,4.294630968419341e-12,1.7235819311768048e-5,0.0,0.0,0.0,0.0,0.0,1.5725067832456374e-5,2.785125183674951e-6,1.3533879330433285e-6,1.3533874014512161e-6,5.315921037347231e-13
16560.0,0.0005311455248463892,0.00048388755963280593,0.00021612085773033488,0.00019572686569267696,0.00019572678881386673,7.687881186956278e-11,0.0,0.0,0.0,0.0,4.114865844070512e-15,1.633583214520063e-5,0.0,0.0,0.0,0.0,0.0,1.4355028202571757e-5,2.3022362029327607e-6,9.167209223023911e-7,9.167205622270644e-7,3.6007532779499694e-13,4.463777082288831e-6,7.135631777643433e-6,5.9876966300536055e-6,2.802938447115678e-5,2.802937346160323e-5,1.1009555422816702e-11,0.0,0.0,0.0,0.0,1.8782735334402392e-8,2.0790894705670624e-5,0.0,0.0,0.0,0.0,0.0,1.851803409819744e-5,2.5851793809837275e-6,1.309510636773887e-6,1.309510122416182e-6,5.143577072541704e-13,1.995861284674952e-6,2.0268259954399385e-6,4.0933676686964217e-7,1.8520550886167846e-6,1.8520543611538076e-6,7.274616809796674e-13,0.0,0.0,0.0,0.0,6.135893058793776e-10,1.6336238641845147e-5,0.0,0.0,0.0,0.0,0.0,1.4341632905510319e-5,2.3111129194702928e-6,9.085337664762548e-7,9.085334096167185e-7,3.5685952596688375e-13,1.4819596364360789e-6,1.6336818077557299e-6,1.7957977004273793e-7,1.254632968042695e-6,1.2546324752410122e-6,4.928025162737919e-13,0.0,0.0,0.0,0.0,3.6877363937741854e-11,1.6385769096125463e-5,0.0,0.0,0.0,0.0,0.0,1.4398115891064835e-5,2.3131874164040748e-6,9.177572742619566e-7,9.17756913779566e-7,3.604823925433502e-13,1.4393096770272916e-6,1.5913133757071646e-6,1.7120429009534737e-7,1.2352456264745402e-6,1.2352451412880507e-6,4.85187436044688e-13,0.0,0.0,0.0,0.0,3.5418560687834317e-12,1.636751720705001e-5,0.0,0.0,0.0,0.0,0.0,1.4381861345585672e-5,2.3133445991003074e-6,9.17312512433585e-7,9.173121521258915e-7,3.60307696234753e-13
16680.0,0.0005333186874705467,0.0005081503393726171,0.0001990447423663018,0.0002124331934053411,0.00021243310996451402,8.344082685257379e-11,0.0,0.0,0.0,0.0,5.240666500856321e-15,1.6958328307004923e-5,0.0,0.0,0.0,0.0,0.0,1.5460412411270245e-5,2.7266967778954783e-6,1.3764575784341539e-6,1.3764570377806224e-6,5.40653542089764e-13,3.4514381881474605e-6,6.860132369571635e-6,5.654132501616677e-6,2.7092468608773453e-5,2.7092457967226734e-5,1.0641547801241798e-11,0.0,0.0,0.0,0.0,1.8716926002171294e-8,2.2010847521809925e-5,0.0,0.0,0.0,0.0,0.0,1.9935035238216064e-5,3.2097056611804282e-6,1.5359415985671774e-6,1.535940995270514e-6,6.032966643643489e-13,1.4293439421697238e-6,1.340632306817551e-6,3.000212550603818e-7,1.0459109787990759e-6,1.0459105679831862e-6,4.1081939920092835e-13,0.0,0.0,0.0,0.0,6.310255175632224e-10,1.7147771548313313e-5,0.0,0.0,0.0,0.0,0.0,1.562937718252557e-5,2.7347611202030152e-6,1.3869742104400167e-6,1.3869736656556828e-6,5.447843300151602e-13,2.6815035070052243e-7,2.406756869672551e-7,3.933701247030297e-8,3.714636735026257e-8,3.714635275820567e-8,1.4590580485952814e-14,0.0,0.0,0.0,0.0,5.0169838673338606e-11,1.6944595801035792e-5,0.0,0.0,0.0,0.0,0.0,1.5448279844459114e-5,2.7276625912540503e-6,1.3760457024132507e-6,1.3760451619214866e-6,5.404917628725229e-13,8.918029147878676e-8,8.145623528667076e-8,1.8114506862066705e-8,7.031985030564958e-9,7.031982268936589e-9,2.762066680572713e-15,0.0,0.0,0.0,0.0,4.10042067019541e-12,1.6953032404484083e-5,0.0,0.0,0.0,0.0,0.0,1.5455663028764115e-5,2.7275277470122546e-6,1.3761073520792124e-6,1.3761068115632372e-6,5.40515978010563e-13
16800.0,0.0005721155590621622,0.0005275797521079424,0.0001888606148279416,0.000198767727335259,0.00019876764926203774,7.807322035975132e-11,0.0,0.0,0.0,0.0,3.998295847044723e-15,1.601524150516587e-5,0.0,0.0,0.0,0.0,0.0,1.3731859296806178e-5,2.3547399237138224e-6,8.878939492746845e-7,8.878936005221917e-7,3.487524905936554e-13,7.348947129340137e-6,8.481136314918794e-6,5.404701526558501e-6,2.8058451611585484e-5,2.805844059061426e-5,1.1020972594458275e-11,0.0,0.0,0.0,0.0,1.979972897230848e-8,2.098936825315256e-5,0.0,0.0,0.0,0.0,0.0,1.83638727301587e-5,2.7133909738828996e-6,1.3536983802091253e-6,1.3536978484950822e-6,5.317140430973685e-13,3.114948583629422e-6,3.1119624061957423e-6,4.3403250681408375e-7,2.171654029249347e-6,2.171653176254811e-6,8.529957344883033e-13,0.0,0.0,0.0,0.0,6.144661004835359e-10,1.6085784281022002e-5,0.0,0.0,0.0,0.0,0.0,1.37961808821324e-5,2.3815197985938036e-6,8.807830267206434e-7,8.807826807612278e-7,3.4595941834311856e-13,2.216834621920818e-6,2.2836711972246305e-6,1.8746065333613126e-7,1.641124711055461e-6,1.6411240664434147e-6,6.446111394524674e-13,0.0,0.0,0.0,0.0,3.6494802470637355e-11,1.6081078864846457e-5,0.0,0.0,0.0,0.0,0.0,1.3783151250433446e-5,2.380258277381234e-6,8.886486168828085e-7,8.886482678338957e-7,3.490489136159318e-13,1.9439669091511798e-6,2.0392561497089934e-6,1.5231330413698237e-7,1.6144880029666025e-6,1.6144873688180584e-6,6.341486080933995e-13,0.0,0.0,0.0,0.0,3.506707174325106e-12,1.607656316899682e-5,0.0,0.0,0.0,0.0,0.0,1.3779058521369896e-5,2.3799969815112645e-6,8.874455661080557e-7,8.874452175316925e-7,3.4857637187336487e-13
16920.0,0.0004961688241234968,0.00046080747173252374,0.00017752664781717513,0.00020783215352791531,0.00020783207189431296,8.163360188174978e-11,0.0,0.0,0.0,0.0,6.161887503818436e-15,1.4168504957285049e-5,0.0,0.0,0.0,0.0,0.0,1.2830851033737877e-5,1.3879264620624074e-6,9.83336645626746e-7,9.833362593856834e-7,3.862410646389572e-13,3.0835779904272997e-6,6.279321854530554e-6,5.14222967636297e-6,2.685149401033083e-5,2.685148346343378e-5,1.0546896304354379e-11,0.0,0.0,0.0,0.0,1.8974636537904418e-8,1.766243729898486e-5,0.0,0.0,0.0,0.0,0.0,1.604858660178358e-5,1.735266100590803e-6,1.2385194893996055e-6,1.2385190029262502e-6,4.864733642229961e-13,8.070697154493635e-7,7.15036041840081e-7,2.810454706706107e-7,1.261303315987371e-6,1.2613028205640568e-6,4.954225368957565e-13,0.0,0.0,0.0,0.0,5.901340795216326e-10,1.407271978739293e-5,0.0,0.0,0.0,0.0,0.0,1.278354467297379e-5,1.3688331363055206e-6,9.807583662485783e-7,9.807579810202197e-7,3.8522835207872247e-13,4.871068162866886e-7,4.4896966097007376e-7,1.2130577978707816e-7,3.4046025540036266e-7,3.404601216731406e-7,1.3372809006740609e-13,0.0,0.0,0.0,0.0,4.13414486162628e-11,1.4121892969291158e-5,0.0,0.0,0.0,0.0,0.0,1.282842269218861e-5,1.373661596842918e-6,9.849391165284546e-7,9.849387296579668e-7,3.868704930955077e-13,4.596383075222525e-7,4.1452012157437405e-7,1.181846190006575e-7,3.232256057295062e-7,3.232254787707923e-7,1.2695855750976737e-13,0.0,0.0,0.0,0.0,3.256111027899731e-12,1.4186625525548378e-5,0.0,0.0,0.0,0.0,0.0,1.2886486672240068e-5,1.3804914213775146e-6,9.895028951675883e-7,9.895025065045004e-7,3.886630823661252e-13
17040.0,0.0005199093771395139,0.00048415211571843316,0.00017031399068162404,0.00020274054920994827,0.0002027404695762581,7.963368996832993e-11,0.0,0.0,0.0,0.0,1.7885375934713145e-14,1.6928239575008182e-5,0.0,0.0,0.0,0.0,0.0,1.5395195108047568e-5,2.3603782070349195e-6,1.305489383579892e-6,1.305488870801682e-6,5.127782144917097e-13,3.209252148667508e-6,6.050137860509096e-6,5.284536583222556e-6,2.7846083100976015e-5,2.7846072163416807e-5,1.0937557174114464e-11,0.0,0.0,0.0,0.0,1.824847746535332e-8,2.1203694493814284e-5,0.0,0.0,0.0,0.0,0.0,1.9211253881020197e-5,2.839465620227101e-6,1.4544185265815708e-6,1.4544179553060432e-6,5.71275526683379e-13,1.3003850519804037e-6,1.1869397760292871e-6,3.041800699586346e-7,9.83590662718113e-7,9.835902763790518e-7,3.863408390484889e-13,0.0,0.0,0.0,0.0,5.427098500945838e-10,1.7355890484640675e-5,0.0,0.0,0.0,0.0,0.0,1.5779825671056278e-5,2.4231286198527135e-6,1.3422261284377555e-6,1.3422256012298537e-6,5.272079009153491e-13,2.948384280635971e-7,2.6375325603695453e-7,5.075180986547582e-8,6.256780310607213e-8,6.256777852897345e-8,2.4575769641605438e-14,0.0,0.0,0.0,0.0,4.5062081460266774e-11,1.702455256300021e-5,0.0,0.0,0.0,0.0,0.0,1.5482785624199113e-5,2.3862140357970837e-6,1.315131658758467e-6,1.3151311421928948e-6,5.165655671212229e-13,1.512798896421627e-7,1.3576851509150345e-7,3.3553607466270396e-8,4.4842075144912514e-8,4.484205752972437e-8,1.761334830854941e-14,0.0,0.0,0.0,0.0,4.566641053983194e-12,1.7023669626169705e-5,0.0,0.0,0.0,0.0,0.0,1.548198268655639e-5,2.385760311260632e-6,1.315192196015819e-6,1.3151916794264742e-6,5.165893453205197e-13
17160.0,0.00048382626950470645,0.0004275341431982816,0.00016325873884659513,0.00018986014571164566,0.00018986007113720157,7.45744452200642e-11,0.0,0.0,0.0,0.0,1.6044089328286096e-14,1.5568146043582918e-5,0.0,0.0,0.0,0.0,0.0,1.3675060318132484e-5,2.0331883190481512e-6,9.396697862848154e-7,9.396694171954936e-7,3.690893248795602e-13,2.9576819582763543e-6,5.39412716110007e-6,4.893481470795587e-6,2.807677152620227e-5,2.8076760498035023e-5,1.1028168404110663e-11,0.0,0.0,0.0,0.0,1.8168459520564683e-8,2.0382705939634076e-5,0.0,0.0,0.0,0.0,0.0,1.8250814960056507e-5,2.3331908648319556e-6,1.406353926667027e-6,1.406353374270626e-6,5.52396415114619e-13,1.3622982524309768e-6,1.2775686528916755e-6,2.567648650778683e-7,1.1695166204344867e-6,1.1695161610640866e-6,4.59369989512201e-13,0.0,0.0,0.0,0.0,5.251883088290351e-10,1.5585096449458298e-5,0.0,0.0,0.0,0.0,0.0,1.368959489574307e-5,2.0354852666256075e-6,9.354677732595223e-7,9.354674058206828e-7,3.6743883214979553e-13,6.345237048986825e-7,6.054455960124214e-7,3.5691248799420323e-8,4.3020097445188193e-7,4.3020080547525503e-7,1.68977006115442e-13,0.0,0.0,0.0,0.0,3.0454646706895926e-11,1.5615391631529078e-5,0.0,0.0,0.0,0.0,0.0,1.3717355199383303e-5,2.038039873021905e-6,9.429556646971687e-7,9.429552943171944e-7,3.7037997257575463e-13,5.23227033156267e-7,5.080448619422613e-7,1.856351880243426e-8,4.042716917689735e-7,4.0427153297704245e-7,1.5879234169443249e-13,0.0,0.0,0.0,0.0,2.8675015448423913e-12,1.5600803863224886e-5,0.0,0.0,0.0,0.0,0.0,1.3704263416797907e-5,2.0365552952313834e-6,9.417283815127065e-7,9.4172801161479e-7,3.6989791267705323e-13
17280.0,0.00047200917184430074,0.00041667521045868637,0.0001534985854975497,0.0002087445638709672,0.0002087444818789838,8.199198407350034e-11,0.0,0.0,0.0,0.0,4.269678861697994e-15,1.6085779907670054e-5,0.0,0.0,0.0,0.0,0.0,1.4626140301448128e-5,2.366648507622148e-6,1.201442058856355e-6,1.2014415869464942e-6,4.719098611635001e-13,3.1253035872695623e-6,6.017573817296504e-6,4.856967231531978e-6,2.5797394463461343e-5,2.579738433060196e-5,1.0132860548614406e-11,0.0,0.0,0.0,0.0,1.6532365504467498e-8,2.1215325402382847e-5,0.0,0.0,0.0,0.0,0.0,1.9224082533089843e-5,2.9978707765390585e-6,1.4935511384861511e-6,1.4935505518398699e-6,5.866462766206944e-13,1.430463064307566e-6,1.2877081985967327e-6,3.8924580080977253e-7,1.087122685142934e-6,1.0871222581361294e-6,4.270067887429736e-13,0.0,0.0,0.0,0.0,4.600469606021868e-10,1.6857305204231972e-5,0.0,0.0,0.0,0.0,0.0,1.5326106872199392e-5,2.5514467075617992e-6,1.2783274416747683e-6,1.2783269395653902e-6,5.021093785383731e-13,9.001150055938829e-7,8.013076171623675e-7,2.181690683818703e-7,2.4780957317620835e-7,2.478094758409669e-7,9.733618064261351e-14,0.0,0.0,0.0,0.0,3.5659574488559794e-11,1.6751284279266796e-5,0.0,0.0,0.0,0.0,0.0,1.5231254834533541e-5,2.5418120024595493e-6,1.270227528172643e-6,1.2702270292447957e-6,4.98927844291219e-13,9.039241041972589e-7,8.071960168503617e-7,2.153801626498652e-7,2.3966813402515056e-7,2.3966803988718507e-7,9.413833569466265e-14,0.0,0.0,0.0,0.0,2.839965726777622e-12,1.67531551752831e-5,0.0,0.0,0.0,0.0,0.0,1.5232955970392188e-5,2.5422464990457963e-6,1.2703592108543092e-6,1.2703587118747324e-6,4.989795674313924e-13
17400.0,0.00046171802318753985,0.0003968224504697021,0.00015865421076397164,0.0001894297208837602,0.00018942964647838004,7.440538028740905e-11,0.0,0.0,0.0,0.0,1.6530665308374254e-15,1.709489533929131e-5,0.0,0.0,0.0,0.0,0.0,1.553869064953991e-5,2.5462313291557582e-6,1.2676384966527467e-6,1.2676379987418403e-6,4.979109084380952e-13,3.68642819172961e-6,6.515461204562221e-6,4.72790358790995e-6,2.6084424780603446e-5,2.6084414535002796e-5,1.0245602096252466e-11,0.0,0.0,0.0,0.0,1.584928864597622e-8,2.3728162577097727e-5,0.0,0.0,0.0,0.0,0.0,2.1495051845815347e-5,3.4430241649022526e-6,1.6601843150416166e-6,1.6601836629441229e-6,6.520974888817151e-13,1.3591454869929347e-6,1.2891308629429084e-6,2.974601600427883e-7,1.2336541002164267e-6,1.2336536156549497e-6,4.845623064925513e-13,0.0,0.0,0.0,0.0,4.265438091192105e-10,1.6801268057778235e-5,0.0,0.0,0.0,0.0,0.0,1.526952186136124e-5,2.4475512307625808e-6,1.2217591364117811e-6,1.2217586565216396e-6,4.798901288574301e-13,9.668936994358841e-7,8.825542206264267e-7,2.0039326111258998e-7,8.023116181881003e-7,8.023113030506642e-7,3.15136931953844e-13,0.0,0.0,0.0,0.0,2.977723617142986e-11,1.6849758943597482e-5,0.0,0.0,0.0,0.0,0.0,1.5311162970224168e-5,2.4323701931524875e-6,1.2249524844240244e-6,1.2249520032795992e-6,4.811444318893608e-13,9.597203401438999e-7,8.793926331443557e-7,2.0413104944805392e-7,8.180516356635674e-7,8.180513143451438e-7,3.213193936105582e-13,0.0,0.0,0.0,0.0,2.849838726921599e-12,1.685407535893905e-5,0.0,0.0,0.0,0.0,0.0,1.531476810720426e-5,2.4300161211000955e-6,1.2243422853897642e-6,1.2243418044850158e-6,4.809047541292743e-13
17520.0,0.0004714973758587408,0.00038363928741597613,0.00015693692804247988,0.00019722434101885586,0.00019722426355185777,7.746699951295645e-11,0.0,0.0,0.0,0.0,4.772981813587167e-15,1.6890222978823796e-5,0.0,0.0,0.0,0.0,0.0,1.5292379405005123e-5,1.810987868722391e-6,1.1064990036555148e-6,1.1064985690379751e-6,4.346175392674948e-13,5.397300588417305e-6,7.329404298828963e-6,4.3251378533635e-6,2.4978448819545253e-5,2.4978439008357462e-5,9.811190000898468e-12,0.0,0.0,0.0,0.0,1.546995125390428e-8,1.9391987745962975e-5,0.0,0.0,0.0,0.0,0.0,1.7444092873089523e-5,1.9522432432868502e-6,1.3027967653945018e-6,1.3027962536739167e-6,5.117205912258494e-13,5.119124223957119e-6,4.704985110617328e-6,9.899023515450066e-7,1.923462421734703e-6,1.9234616662244497e-6,7.555094960271022e-13,0.0,0.0,0.0,0.0,4.1655381139355427e-10,1.9795206186751913e-5,0.0,0.0,0.0,0.0,0.0,1.7929941714714032e-5,2.551497812767214e-6,1.2932462293010235e-6,1.2932457213317471e-6,5.079692724429798e-13,3.228467814905822e-6,2.9397901183731554e-6,5.577232251523885e-7,1.2747536102236096e-6,1.2747531095204286e-6,5.007056268634564e-13,0.0,0.0,0.0,0.0,2.6241109136530957e-11,1.551179752550642e-5,0.0,0.0,0.0,0.0,0.0,1.3890966917220466e-5,1.6280008503304045e-6,9.986723776737795e-7,9.986719854090506e-7,3.9226472855832954e-13,3.290664676106232e-6,2.996125538320835e-6,5.755043908627902e-7,1.2569210041638043e-6,1.2569205104639333e-6,4.937012252878458e-13,0.0,0.0,0.0,0.0,2.3889350781629025e-12,1.548942039879971e-5,0.0,0.0,0.0,0.0,0.0,1.3863141425801836e-5,1.6301841643667621e-6,9.973634199459668e-7,9.97363028195375e-7,3.917505880260856e-13
17640.0,0.0004692727694660037,0.00039139256393358,0.00015519115018913614,0.0001988290985342118,0.00019882902043688594,7.809732611979544e-11,0.0,0.0,0.0,0.0,6.329823207195332e-15,1.7889969932321865e-5,0.0,0.0,0.0,0.0,0.0,1.617383813788828e-5,2.55956295645251e-6,1.4993745362497065e-6,1.4993739473160827e-6,5.889336269010049e-13,3.3877624526987282e-6,5.462842696113458e-6,4.133941014111816e-6,2.4782787853831532e-5,2.478277811949575e-5,9.734337073631448e-12,0.0,0.0,0.0,0.0,1.4961780044639796e-8,2.1307204033641054e-5,0.0,0.0,0.0,0.0,0.0,1.9198219370865438e-5,2.950416619898993e-6,1.607211376922096e-6,1.6072107456316458e-6,6.31290449799691e-13,1.6523971653201533e-6,1.5397638498173312e-6,2.684352082917051e-7,8.938387895113991e-7,8.938384384228244e-7,3.5108754180233294e-13,0.0,0.0,0.0,0.0,3.985408795336774e-10,1.7921539225106793e-5,0.0,0.0,0.0,0.0,0.0,1.620228817532419e-5,2.559788565966021e-6,1.5035957173336208e-6,1.5035951267419638e-6,5.905916485796783e-13,2.993163653163683e-7,2.706837796519543e-7,3.154817299739175e-8,3.51586893114421e-8,3.5158675500920015e-8,1.3809847981895277e-14,0.0,0.0,0.0,0.0,3.239796261747516e-11,1.7891343449166817e-5,0.0,0.0,0.0,0.0,0.0,1.6175084268385828e-5,2.559523069717645e-6,1.498330188768716e-6,1.4983296002452916e-6,5.885234216221653e-13,9.157691830243356e-8,8.222081120269647e-8,9.964961753764628e-9,8.348352858974227e-9,8.348349579011244e-9,3.279117797944177e-15,0.0,0.0,0.0,0.0,2.7675364801177238e-12,1.78891175255975e-5,0.0,0.0,0.0,0.0,0.0,1.6173074230011426e-5,2.5593413625618417e-6,1.4987384473412945e-6,1.4987378586575223e-6,5.886837799556264e-13
17760.0,0.00046991214476124147,0.00038848206062447224,0.00015582344269955814,0.00020074263311565675,0.00020074255426672042,7.8848936097159e-11,0.0,0.0,0.0,0.0,9.179705273054494e-15,1.548740889091122e-5,0.0,0.0,0.0,0.0,0.0,1.3682406204534231e-5,1.822209849142187e-6,9.96110455843822e-7,9.9611006458538e-7,3.912584410173125e-13,6.0728790641367825e-6,7.52553522111439e-6,4.28421975457176e-6,2.5736968835501217e-5,2.5736958726374852e-5,1.010912619580732e-11,0.0,0.0,0.0,0.0,1.5151048940293184e-8,1.896343918620596e-5,0.0,0.0,0.0,0.0,0.0,1.6895419846971923e-5,2.1779849935682272e-6,1.3010254463575954e-6,1.3010249353327582e-6,5.110248415518438e-13,4.899207001516238e-6,4.4023391312970705e-6,7.260453569300643e-7,1.5641658222420705e-6,1.5641652078620556e-6,6.143827499383058e-13,0.0,0.0,0.0,0.0,3.92011391415538e-10,1.5248252427218322e-5,0.0,0.0,0.0,0.0,0.0,1.3501402813988476e-5,1.892763962194188e-6,9.707048000278724e-7,9.707044187484224e-7,3.812794500035609e-13,4.159310610043435e-6,3.6935030110790272e-6,5.391508894173102e-7,1.0453427684951912e-6,1.0453423578951057e-6,4.1059621403402586e-13,0.0,0.0,0.0,0.0,2.2430071476977363e-11,1.53689370453881e-5,0.0,0.0,0.0,0.0,0.0,1.3601964104723706e-5,1.8758932445652615e-6,9.856354662779507e-7,9.85635079133944e-7,3.871440096676826e-13,4.146146924147772e-6,3.6802154307994545e-6,5.368490908884025e-7,1.0236406775741082e-6,1.023640275500574e-6,4.0207193220237814e-13,0.0,0.0,0.0,0.0,2.1707329451487263e-12,1.5358784856011492e-5,0.0,0.0,0.0,0.0,0.0,1.3592584626604644e-5,1.8732980396598295e-6,9.846785158254243e-7,9.846781290573012e-7,3.867681327355762e-13
17880.0,0.000598322405767778,0.000509952562654436,0.0001677699492212871,0.00022124292178182895,0.0002212428348806631,8.690116658713775e-11,0.0,0.0,0.0,0.0,3.973255512718902e-15,1.5468634958778883e-5,0.0,0.0,0.0,0.0,0.0,1.4013609596249264e-5,2.2384737193303995e-6,1.1926691677163926e-6,1.1926686992524045e-6,4.684639905870963e-13,1.0407969104825505e-5,1.1683260846570155e-5,4.299452227292107e-6,2.5226683131647647e-5,2.522667322295713e-5,9.908693013131747e-12,0.0,0.0,0.0,0.0,1.4617117919461886e-8,1.6951698533625034e-5,0.0,0.0,0.0,0.0,0.0,1.5324602278019487e-5,2.144267413302368e-6,1.2486009102328209e-6,1.2486004197996081e-6,4.904332072055702e-13,6.413313602818445e-6,5.790618145363977e-6,7.069118446350123e-7,1.3803286920067357e-6,1.380328149830884e-6,5.421740620792438e-13,0.0,0.0,0.0,0.0,3.837849890663634e-10,1.5148289004444186e-5,0.0,0.0,0.0,0.0,0.0,1.372718755547662e-5,2.209800168428157e-6,1.189193434850544e-6,1.189192967751773e-6,4.670987706815066e-13,7.008648597609402e-6,6.3887311534982275e-6,6.79689736895377e-7,7.302727418366077e-7,7.302724549937392e-7,2.868410554395165e-13,0.0,0.0,0.0,0.0,2.8211099336764954e-11,1.4985556053866939e-5,0.0,0.0,0.0,0.0,0.0,1.3578083912773224e-5,2.12897268201016e-6,1.1784034655842136e-6,1.178403002723596e-6,4.628606196521684e-13,7.006241439343284e-6,6.3850274284059116e-6,6.734439306838513e-7,7.143830189447252e-7,7.143827383450503e-7,2.805997915610776e-13,0.0,0.0,0.0,0.0,2.318195287977706e-12,1.5018327322482582e-5,0.0,0.0,0.0,0.0,0.0,1.3607826296873687e-5,2.137717796466211e-6,1.1812582210315808e-6,1.181257757049659e-6,4.639819281970915e-13
18000.0,0.00045074152461927483,0.0003726743744065949,0.00015156350587073708,0.00019273622467505202,0.00019273614897092272,7.570412934782634e-11,0.0,0.0,0.0,0.0,4.128788571248582e-15,2.0105702605774374e-5,0.0,0.0,0.0,0.0,0.0,1.8269176035871153e-5,3.051566619847065e-6,1.6244933387401887e-6,1.6244927006616111e-6,6.380785659157331e-13,3.036192919251418e-6,4.851683109683439e-6,3.8021253833198446e-6,2.553570742771972e-5,2.553569739764757e-5,1.0030073492181657e-11,0.0,0.0,0.0,0.0,1.4936784370294767e-8,2.240699830490005e-5,0.0,0.0,0.0,0.0,0.0,2.0338355731664134e-5,3.313665265320627e-6,1.6991691264852264e-6,1.6991684590750486e-6,6.674101848375622e-13,1.7694325221313811e-6,1.6353846645859548e-6,2.471269106179598e-7,1.0287408477149454e-6,1.0287404436416699e-6,4.04075208654822e-13,0.0,0.0,0.0,0.0,3.7746383079563645e-10,2.0154671417352584e-5,0.0,0.0,0.0,0.0,0.0,1.8306365656819884e-5,3.049074843239057e-6,1.6314364901834809e-6,1.6314358493777338e-6,6.408057399891635e-13,5.98200412081553e-7,5.553695216125412e-7,5.436019000475828e-8,7.590794258866076e-8,7.590791277158322e-8,2.9815592340507535e-14,0.0,0.0,0.0,0.0,2.7938631698813136e-11,2.0146680982712135e-5,0.0,0.0,0.0,0.0,0.0,1.8298449635946118e-5,3.047493872993822e-6,1.629711949005777e-6,1.6297113088774086e-6,6.40128364012729e-13,4.970777605244926e-7,4.647492389372108e-7,4.172077016425125e-8,5.379013828111672e-8,5.3790117155574497e-8,2.1128024028752222e-14,0.0,0.0,0.0,0.0,2.703533703855159e-12,2.0160898688483887e-5,0.0,0.0,0.0,0.0,0.0,1.831151572096074e-5,3.0488176492163795e-6,1.6306619106733853e-6,1.6306612701718874e-6,6.405014958465692e-13
18120.0,0.0008040403728384773,0.0007031253489908979,0.00016636166747560665,0.0002326041716530231,0.0002326040802893146,9.136370875455734e-11,0.0,0.0,0.0,0.0,2.3444031854454092e-15,1.73176147949706e-5,0.0,0.0,0.0,0.0,0.0,1.577114771482521e-5,2.2544644350341753e-6,1.484189430164395e-6,1.48418884719527e-6,5.829691267807942e-13,3.125536190335277e-6,4.6337205186308e-6,3.671652534954035e-6,2.461837580834473e-5,2.4618366138587294e-5,9.669758291003202e-12,0.0,0.0,0.0,0.0,1.4450824198524412e-8,2.1284766325290813e-5,0.0,0.0,0.0,0.0,0.0,1.934722177164076e-5,2.512413901533201e-6,1.6706278727492964e-6,1.6706272165497165e-6,6.561995742311953e-13,1.5062456960829133e-6,1.409273672647936e-6,2.2418898015265625e-7,1.0148223495186883e-6,1.014821950910398e-6,3.98608214633396e-13,0.0,0.0,0.0,0.0,3.5278733566805184e-10,1.719621562854264e-5,0.0,0.0,0.0,0.0,0.0,1.56609182136751e-5,2.24547670186269e-6,1.4763956288407647e-6,1.476395048932935e-6,5.799078291730949e-13,4.5103758175308456e-7,4.1254606745968287e-7,4.266712489906215e-8,5.085699272744405e-8,5.085697274938485e-8,1.9975924930259113e-14,0.0,0.0,0.0,0.0,2.7074095388910182e-11,1.727657513564677e-5,0.0,0.0,0.0,0.0,0.0,1.5734032761435287e-5,2.2506957692480906e-6,1.4802640039772672e-6,1.4802634225499913e-6,5.814272735442399e-13,1.3235617745679593e-7,1.2090937525956517e-7,1.2936305139295626e-8,1.0770699666607976e-8,1.0770695437682717e-8,4.230582196259938e-15,0.0,0.0,0.0,0.0,2.4877867257495185e-12,1.730231521974209e-5,0.0,0.0,0.0,0.0,0.0,1.575736237988531e-5,2.253831940709584e-6,1.4824443604220426e-6,1.4824437781383533e-6,5.822836874674625e-13
18240.0,0.0005163905944782056,0.0004398155469535541,0.00014613739729716615,0.00020362857095343738,0.00020362849097094518,7.998249265472588e-11,0.0,0.0,0.0,0.0,1.9255947839028946e-15,1.615040189172722e-5,0.0,0.0,0.0,0.0,0.0,1.4669573826185366e-5,1.9974881385120355e-6,1.368610430723485e-6,1.3686098931521895e-6,5.375712907573952e-13,2.578493534526223e-6,4.190041563387488e-6,3.3978994588054322e-6,2.3704044357621138e-5,2.3704035047000687e-5,9.310621514670765e-12,0.0,0.0,0.0,0.0,1.285719236767942e-8,1.9227950709822855e-5,0.0,0.0,0.0,0.0,0.0,1.743578061260376e-5,2.2954337768192848e-6,1.5092580581835048e-6,1.509257465367776e-6,5.928157379268359e-13,9.891788295482429e-7,9.266624235791782e-7,1.7880055879458678e-7,9.398723537714655e-7,9.398719846007357e-7,3.6916889059307216e-13,0.0,0.0,0.0,0.0,3.2092572488555277e-10,1.617907450757171e-5,0.0,0.0,0.0,0.0,0.0,1.471588662343058e-5,2.007742382825626e-6,1.3622397335284612e-6,1.3622391984594882e-6,5.350689688129836e-13,1.8625457135542506e-7,1.7034499905135077e-7,2.997068433133101e-8,2.659046580725065e-8,2.6590455365478545e-8,1.0444368028285419e-14,0.0,0.0,0.0,0.0,2.5379650100737634e-11,1.618427390870852e-5,0.0,0.0,0.0,0.0,0.0,1.4716250734014598e-5,2.009931252933686e-6,1.3688886250888466e-6,1.3688880874082873e-6,5.376805616651087e-13,9.465614959121987e-8,8.591518462634009e-8,1.8648645252268732e-8,6.870897825771815e-9,6.870895125474931e-9,2.6987938479209254e-15,0.0,0.0,0.0,0.0,2.2670745707044646e-12,1.6196252793413337e-5,0.0,0.0,0.0,0.0,0.0,1.4716137945471118e-5,2.011026285119903e-6,1.369864882757111e-6,1.3698643446930875e-6,5.380640222051243e-13
18360.0,0.0004301292688405453,0.0003631722010863199,0.0001372201732884671,0.000203623360663193,0.00020362328068274815,7.998044612461817e-11,0.0,0.0,0.0,0.0,2.4411247377829716e-15,1.5920663482112668e-5,0.0,0.0,0.0,0.0,0.0,1.448692442374424e-5,2.195114494040222e-6,1.2449305297090308e-6,1.244930040717498e-6,4.889915323860192e-13,2.7689444480616388e-6,4.668794786508376e-6,3.394720963700512e-6,2.4343364418474157e-5,2.4343354856735332e-5,9.56173761214005e-12,0.0,0.0,0.0,0.0,1.3043644589607534e-8,1.8771727467266964e-5,0.0,0.0,0.0,0.0,0.0,1.70425630397776e-5,2.4442800836160254e-6,1.3617592912174745e-6,1.361758756337218e-6,5.348802577031893e-13,6.775606298725298e-7,6.425959269799955e-7,1.5448141788085984e-7,9.648182291750324e-7,9.648178502052594e-7,3.789672862057313e-13,0.0,0.0,0.0,0.0,3.3815430718732653e-10,1.5913849498053422e-5,0.0,0.0,0.0,0.0,0.0,1.448079376181467e-5,2.1931648579861716e-6,1.2340427123534426e-6,1.2340422276384948e-6,4.847149479775005e-13,1.1420281166791071e-7,1.0140479168287169e-7,1.8195192288939475e-8,3.0361190301588997e-8,3.036117837523631e-8,1.192545657508409e-14,0.0,0.0,0.0,0.0,2.4053474741658925e-11,1.592514731581861e-5,0.0,0.0,0.0,0.0,0.0,1.4491029829924366e-5,2.1956906597706654e-6,1.243770424902532e-6,1.2437699363666722e-6,4.885358592271417e-13,4.230666495515928e-8,3.641487852563045e-8,9.742270530230246e-9,4.330406205669497e-9,4.3304045052179625e-9,1.7009237984659816e-15,0.0,0.0,0.0,0.0,2.0505262867316373e-12,1.59260629844565e-5,0.0,0.0,0.0,0.0,0.0,1.4491868771436936e-5,2.196623599682449e-6,1.2442663977619191e-6,1.2442659090312424e-6,4.887306705220295e-13
18480.0,0.0005934350475474926,0.0005133123656250319,0.0001472865375091181,0.00026478567354443504,0.0002647855695402776,1.0400415860202333e-10,0.0,0.0,0.0,0.0,3.087056942252678e-16,1.3379795862675105e-5,0.0,0.0,0.0,0.0,0.0,1.2140805510789381e-5,1.5419571445242575e-6,9.889128592581828e-7,9.889124708268593e-7,3.884313244032382e-13,5.3646581242104e-6,6.8820507687836985e-6,3.2134553882162426e-6,2.792372160226958e-5,2.792371063421976e-5,1.0968052506036278e-11,0.0,0.0,0.0,0.0,1.3210705337722583e-8,2.1207420693605395e-5,0.0,0.0,0.0,0.0,0.0,1.9220840333412053e-5,2.2011543619161696e-6,1.3899941669006989e-6,1.389993620930178e-6,5.459705272383897e-13,1.4626726245288088e-6,1.348545015359862e-6,2.4084342274167947e-7,9.787948523033776e-7,9.787944678409468e-7,3.844571108953517e-13,0.0,0.0,0.0,0.0,3.285077801914487e-10,1.424373574124784e-5,0.0,0.0,0.0,0.0,0.0,1.2920511415179079e-5,1.5877999455861627e-6,1.0079401036031336e-6,1.0079397076981668e-6,3.959049634114229e-13,5.793001691982089e-7,5.136103746696623e-7,1.2343647892503699e-7,9.239271699971897e-8,9.23926807108804e-8,3.629058424477858e-14,0.0,0.0,0.0,0.0,1.967372024036518e-11,1.3608834581929501e-5,0.0,0.0,0.0,0.0,0.0,1.234662692461083e-5,1.5272991574632728e-6,9.874832672084004e-7,9.874828793385982e-7,3.87869800374042e-13,5.117400275114065e-7,4.593208537522117e-7,1.138876252549173e-7,6.917449613107464e-8,6.917446896138527e-8,2.717078749284014e-14,0.0,0.0,0.0,0.0,1.7469073438516351e-12,1.3463992795406599e-5,0.0,0.0,0.0,0.0,0.0,1.2215780177812214e-5,1.513092784414679e-6,9.818796367806087e-7,9.818792511118385e-7,3.8566877167049455e-13
18600.0,0.000385544020124902,0.00033119533714543397,0.00013461781330335507,0.000192327101984227,0.00019232702644079511,7.554343160064578e-11,0.0,0.0,0.0,0.0,3.090076817557964e-15,1.4444707974233159e-5,0.0,0.0,0.0,0.0,0.0,1.2829338847837728e-5,1.6339590209675458e-6,9.156346969884993e-7,9.15634337339827e-7,3.5964867348129385e-13,4.497578974079625e-6,5.517355271475306e-6,3.043314135456896e-6,2.501770087798241e-5,2.5017691051375917e-5,9.826607667786356e-12,0.0,0.0,0.0,0.0,1.1826648659058215e-8,1.8100719233028365e-5,0.0,0.0,0.0,0.0,0.0,1.6172623571379882e-5,1.939168895581595e-6,1.2395597396784163e-6,1.2395592527964583e-6,4.868819601773592e-13,2.429219671047818e-6,2.0865895501333387e-6,6.574203808847696e-7,1.122000570192203e-6,1.1220001294848497e-6,4.407063406860012e-13,0.0,0.0,0.0,0.0,2.963679708303074e-10,1.4536920663284602e-5,0.0,0.0,0.0,0.0,0.0,1.2940753457318173e-5,1.6058659450501962e-6,9.175135617651796e-7,9.175132013785131e-7,3.603866656377782e-13,1.1716624456503157e-6,8.231000569967382e-7,4.2731876034201623e-7,1.6394473332647968e-7,1.6394466893319226e-7,6.439522886072903e-14,0.0,0.0,0.0,0.0,1.624928080181316e-11,1.4599230681702729e-5,0.0,0.0,0.0,0.0,0.0,1.2995574410071129e-5,1.612715857977985e-6,9.295057728538231e-7,9.295054077567803e-7,3.650970406643293e-13,1.0226520530476693e-6,6.719200872996735e-7,4.1204336132883226e-7,1.431574835970833e-7,1.431574273691357e-7,5.6230284024801676e-14,0.0,0.0,0.0,0.0,1.5481701435427611e-12,1.4653491617755487e-5,0.0,0.0,0.0,0.0,0.0,1.3044516083216022e-5,1.6175954841837868e-6,9.332182967899879e-7,9.332179302347239e-7,3.665552688346927e-13
18720.0,0.0003884496395113223,0.00033684194853904066,0.00013088682755766615,0.00019216107104231455,0.0001921609955641002,7.547821693784245e-11,0.0,0.0,0.0,0.0,4.5842651132895704e-15,1.5976202003495736e-5,0.0,0.0,0.0,0.0,0.0,1.450402668286164e-5,2.3683023103417346e-6,1.1602398737201352e-6,1.160239417993923e-6,4.557262114203073e-13,5.003574239047324e-6,6.26516641574824e-6,3.028759745944622e-6,2.6095252070304862e-5,2.609524182044664e-5,1.024985490623215e-11,0.0,0.0,0.0,0.0,1.1290301523742951e-8,2.049514110637606e-5,0.0,0.0,0.0,0.0,0.0,1.861980116683971e-5,2.9162351600388125e-6,1.4725816529202054e-6,1.4725810745104452e-6,5.784097520632679e-13,2.7901004907128837e-6,2.4928803122698177e-6,5.34729134300414e-7,1.0992802171116605e-6,1.099279785331841e-6,4.317820995310122e-13,0.0,0.0,0.0,0.0,2.835514740407388e-10,1.7047313047802383e-5,0.0,0.0,0.0,0.0,0.0,1.5476186925267537e-5,2.6367412894185807e-6,1.2348100455525102e-6,1.2348095605361765e-6,4.850163458691209e-13,2.0549904825011706e-6,1.8784799469713452e-6,3.262395168837943e-7,1.4823335071437803e-7,1.4823329248850304e-7,5.822401458259274e-14,0.0,0.0,0.0,0.0,1.753830512337177e-11,1.682001442274883e-5,0.0,0.0,0.0,0.0,0.0,1.52707406603881e-5,2.588823977444751e-6,1.2186274388535478e-6,1.2186269601935062e-6,4.786600412730906e-13,2.037612260191203e-6,1.8626531057420572e-6,3.238479738652692e-7,1.4450115510448333e-7,1.4450109834441857e-7,5.675805965116833e-14,0.0,0.0,0.0,0.0,1.7157929491409073e-12,1.686169840175521e-5,0.0,0.0,0.0,0.0,0.0,1.5308236511017415e-5,2.5921538761269663e-6,1.222339149671679e-6,1.2223386695537293e-6,4.801179500619059e-13
18840.0,0.00038388788076434803,0.00032377301198846476,0.00012840039842075817,0.0001894390857638149,0.00018943901135475556,7.440905868306183e-11,0.0,0.0,0.0,0.0,6.76189705131767e-15,1.2914371126914824e-5,0.0,0.0,0.0,0.0,0.0,1.1400784871637261e-5,1.5288675756711632e-6,9.924664030302848e-7,9.92466013203175e-7,3.8982710735903434e-13,3.156513519925186e-6,4.1031047556137424e-6,3.013067742582004e-6,2.6729998998195407e-5,2.6729988499018284e-5,1.0499174740183518e-11,0.0,0.0,0.0,0.0,1.2157089059161376e-8,1.6061115404048765e-5,0.0,0.0,0.0,0.0,0.0,1.4300054441798136e-5,1.8379781665762406e-6,1.1903677567637478e-6,1.1903672892037177e-6,4.675600281237058e-13,1.5731518890026164e-6,1.430044406344467e-6,4.780120704226147e-7,1.0801732549623078e-6,1.0801728306860736e-6,4.242771484687395e-13,0.0,0.0,0.0,0.0,2.8895719146308315e-10,1.325003566541372e-5,0.0,0.0,0.0,0.0,0.0,1.1689692515383279e-5,1.5785334968441257e-6,1.0137374809197223e-6,1.0137370827376308e-6,3.981820932192424e-13,1.0214081054078956e-6,7.095568172353378e-7,3.440036789007124e-7,1.509463702710088e-7,1.5094631098168185e-7,5.92896512262405e-14,0.0,0.0,0.0,0.0,1.8304790537648758e-11,1.3042079166402817e-5,0.0,0.0,0.0,0.0,0.0,1.150284105402622e-5,1.5574263307557767e-6,9.985232853769258e-7,9.985228931707561e-7,3.9220616716156024e-13,1.0230047218303014e-6,7.1101352370603e-7,3.4303038830274784e-7,1.3827077086940036e-7,1.3827071655995102e-7,5.4310850700962965e-14,0.0,0.0,0.0,0.0,2.2667969965878152e-12,1.3034504137336407e-5,0.0,0.0,0.0,0.0,0.0,1.1496065917143115e-5,1.5566254521957748e-6,9.989722606569275e-7,9.989718682744125e-7,3.923825184558145e-13
18960.0,0.0003794763269758636,0.0003125770445144855,0.00012300342376982685,0.0002024506058696444,0.0002024505263498416,7.951980422539241e-11,0.0,0.0,0.0,0.0,1.0408432055119246e-14,1.0556061043770816e-5,0.0,0.0,0.0,0.0,0.0,9.524415502497027e-6,1.2311435057210282e-6,8.445631706900874e-7,8.445628389573271e-7,3.317327587179238e-13,2.813840832460897e-6,4.178703849370913e-6,3.2432143041917928e-6,2.5723457972638322e-5,2.5723447868822375e-5,1.010381931532169e-11,0.0,0.0,0.0,0.0,1.2041807972822446e-8,1.3534103718709988e-5,0.0,0.0,0.0,0.0,0.0,1.221298585202366e-5,1.5316293950814243e-6,1.0958884655099184e-6,1.0958880350600452e-6,4.304498663062812e-13,7.281603772277441e-7,6.955211227360378e-7,1.991687674613666e-7,9.148960154007288e-7,9.148956560440227e-7,3.593585295493398e-13,0.0,0.0,0.0,0.0,2.544655315376013e-10,1.0913825788771577e-5,0.0,0.0,0.0,0.0,0.0,9.848122233131548e-6,1.2692341215188615e-6,8.717399387495107e-7,8.717395963420895e-7,3.4240741818007223e-13,2.1690254033103137e-7,1.815879580614391e-7,4.4591219791590385e-8,4.1615318271381364e-8,4.161530192671512e-8,1.6345922738269444e-14,0.0,0.0,0.0,0.0,1.6063413433226504e-11,1.059383940314851e-5,0.0,0.0,0.0,0.0,0.0,9.560138428908673e-6,1.237253185384351e-6,8.467112706448266e-7,8.467109380683257e-7,3.325765027369813e-13,1.3612538590432322e-7,1.050364906085656e-7,3.5336276937836773e-8,1.6999481813381367e-8,1.6999475133180626e-8,6.677161867410948e-15,0.0,0.0,0.0,0.0,1.0793977909289792e-12,1.056340649154981e-5,0.0,0.0,0.0,0.0,0.0,9.532743064399244e-6,1.2342288042285857e-6,8.449621638727014e-7,8.44961831983218e-7,3.3188947773406034e-13
19080.0,0.0003682398339150245,0.0003181875268085538,0.00012506020014234418,0.00019821831274714457,0.00019821823488972644,7.785741789130358e-11,0.0,0.0,0.0,0.0,3.800864428759092e-15,1.071586916534851e-5,0.0,0.0,0.0,0.0,0.0,9.703750467496562e-6,1.4952617171337942e-6,8.51069832699779e-7,8.510694984113027e-7,3.3428848576526374e-13,2.2288107125669095e-6,3.882129310256378e-6,3.0947071886739752e-6,2.429229941410205e-5,2.4292289872425868e-5,9.541679983107144e-12,0.0,0.0,0.0,0.0,9.793790969850798e-9,1.2851424239076465e-5,0.0,0.0,0.0,0.0,0.0,1.1597939577471977e-5,1.735901110698698e-6,1.0398460070395917e-6,1.0398455986024266e-6,4.0843716198896566e-13,5.626021620883798e-7,5.513679237896243e-7,1.8220152022709307e-7,8.956690138016634e-7,8.956686619946137e-7,3.5180642864575927e-13,0.0,0.0,0.0,0.0,2.167388731774231e-10,1.0897278326999119e-5,0.0,0.0,0.0,0.0,0.0,9.867252894591796e-6,1.5127773119739737e-6,8.522749669549446e-7,8.522746321931052e-7,3.34761845870191e-13,1.7742787977292201e-7,1.4299358567179172e-7,3.8983715993593654e-8,3.3650703032883555e-8,3.365068981500835e-8,1.321753178091024e-14,0.0,0.0,0.0,0.0,1.5032428179531737e-11,1.0773200085756647e-5,0.0,0.0,0.0,0.0,0.0,9.75550346432754e-6,1.5010211469144995e-6,8.520975057005317e-7,8.520971710083961e-7,3.3469214153836985e-13,1.190136624550954e-7,9.049305390658641e-8,3.174659818469712e-8,1.5008097657042275e-8,1.500809176429229e-8,5.894973652906437e-15,0.0,0.0,0.0,0.0,1.2963066592648852e-12,1.0742225455892541e-5,0.0,0.0,0.0,0.0,0.0,9.727603890865894e-6,1.499751513710299e-6,8.516354359040272e-7,8.516351013933851e-7,3.3451064689873275e-13
19200.0,0.0005605530554741197,0.00044782535596534124,0.0001536664346213321,0.0003201256994069139,0.00032012557366595555,1.2574095708434407e-10,0.0,0.0,0.0,0.0,1.9509819151503356e-15,1.1060533103277793e-5,0.0,0.0,0.0,0.0,0.0,1.00475035553417e-5,1.655214861147173e-6,8.503427575422017e-7,8.503424235393049e-7,3.3400290067679636e-13,5.191118642117274e-6,6.0056330831857895e-6,3.463147445685426e-6,2.315653533362081e-5,2.3156526238055254e-5,9.095567525511339e-12,0.0,0.0,0.0,0.0,9.308157120414258e-9,1.7020950799331052e-5,0.0,0.0,0.0,0.0,0.0,1.541591703057787e-5,2.237496813899126e-6,1.3383458986169218e-6,1.3383453729331277e-6,5.256838001877878e-13,2.0623331534455266e-6,1.8532816838490174e-6,3.117446663702516e-7,1.0118827390196645e-6,1.0118823415666877e-6,3.974535761949988e-13,0.0,0.0,0.0,0.0,2.1965979457421732e-10,1.2164647195024185e-5,0.0,0.0,0.0,0.0,0.0,1.1042979792378733e-5,1.7642981571951447e-6,9.362296722105256e-7,9.362293044724228e-7,3.67738095543763e-13,1.1115057825176848e-6,9.983025160975143e-7,1.165862983929563e-7,1.2402812064689769e-7,1.2402807192978388e-7,4.8716534237398134e-14,0.0,0.0,0.0,0.0,1.4444784117355508e-11,1.1464292260857158e-5,0.0,0.0,0.0,0.0,0.0,1.041138975949927e-5,1.6955710842080692e-6,8.789681306077333e-7,8.789677853611812e-7,3.452465521950109e-13,7.012787575592233e-7,6.271072042016302e-7,7.470572897436394e-8,6.743560219806119e-8,6.743557570834397e-8,2.6487773950093023e-14,0.0,0.0,0.0,0.0,1.2168706410785883e-12,1.1226575133089822e-5,0.0,0.0,0.0,0.0,0.0,1.01970752709634e-5,1.6721765338788049e-6,8.612592296783471e-7,8.61258891387597e-7,3.3829074028769316e-13
19320.0,0.0004273511028022661,0.0003374190382778672,0.00013278682507847372,0.0002660668955418733,0.0002660667910344694,1.0450740492212147e-10,0.0,0.0,0.0,0.0,9.302820911902803e-16,1.223856257411292e-5,0.0,0.0,0.0,0.0,0.0,1.1128799182361774e-5,2.1314982262740753e-6,9.280789299493107e-7,9.280785654127082e-7,3.6453659646146143e-13,3.2574616396470815e-6,4.209365023223343e-6,3.301590422216693e-6,2.2569352343021486e-5,2.256934347809071e-5,8.864930149760507e-12,0.0,0.0,0.0,0.0,8.8004819699991e-9,1.6992798951045638e-5,0.0,0.0,0.0,0.0,0.0,1.539302087127801e-5,2.6242774777217495e-6,1.3580390844475899e-6,1.3580385510285695e-6,5.334190118217607e-13,1.0241694291153458e-6,9.596503806369437e-7,2.1204389036939744e-7,9.282608740938627e-7,9.282605094874417e-7,3.6460806161120815e-13,0.0,0.0,0.0,0.0,2.1986550122545215e-10,1.2465262326965512e-5,0.0,0.0,0.0,0.0,0.0,1.1331935370696625e-5,2.1671777416832577e-6,9.470231619766478e-7,9.470227899990225e-7,3.719776293768405e-13,2.727256628713183e-7,2.474465975950568e-7,4.0947223641191015e-8,4.145230468695453e-8,4.1452288404819974e-8,1.6281893250772502e-14,0.0,0.0,0.0,0.0,1.3820278903701071e-11,1.2302046687564405e-5,0.0,0.0,0.0,0.0,0.0,1.1185633814125562e-5,2.1509843498468514e-6,9.330197774878363e-7,9.330194110105462e-7,3.6647729319232004e-13,1.5090629989404983e-7,1.3473254607328123e-7,2.914782465401628e-8,1.4358047188438308e-8,1.435804154841391e-8,5.639642798844415e-15,0.0,0.0,0.0,0.0,1.2210610612344939e-12,1.2294582167437712e-5,0.0,0.0,0.0,0.0,0.0,1.1180216037712757e-5,2.149007881451126e-6,9.317546166208006e-7,9.317542506404452e-7,3.659803554626011e-13
19440.0,0.0004960495055358156,0.0004135148145797516,0.00013952495546959334,0.00023645292246911092,0.00023645282959366547,9.287544496346184e-11,0.0,0.0,0.0,0.0,3.0636825435526783e-16,1.5125925856440736e-5,0.0,0.0,0.0,0.0,0.0,1.3771523716334566e-5,2.8225195657049595e-6,1.1328237334352561e-6,1.1328232884777213e-6,4.4495752985126464e-13,3.4732060005555204e-6,4.463561546798256e-6,3.2672629225619174e-6,2.3077921145765946e-5,2.30779120810731e-5,9.06468895737473e-12,0.0,0.0,0.0,0.0,8.388508926466159e-9,1.793959763279892e-5,0.0,0.0,0.0,0.0,0.0,1.6288520005812062e-5,3.0521741378052334e-6,1.39382235031607e-6,1.3938218028418874e-6,5.474741848561174e-13,1.4684034117897794e-6,1.2870744532514725e-6,3.8766620244772183e-7,9.658255512011934e-7,9.658251718408874e-7,3.7936294839633145e-13,0.0,0.0,0.0,0.0,2.258528976899711e-10,1.4745014316886962e-5,0.0,0.0,0.0,0.0,0.0,1.342302693202254e-5,2.726986482947743e-6,1.106741629385411e-6,1.106741194672567e-6,4.347128393060299e-13,1.2007069457057803e-6,9.939604532271303e-7,2.695027946269038e-7,1.5404904881044856e-7,1.5404898829991122e-7,6.05083405400258e-14,0.0,0.0,0.0,0.0,1.4357848368919284e-11,1.479222430253987e-5,0.0,0.0,0.0,0.0,0.0,1.3465886112975887e-5,2.7334532461892587e-6,1.1103706397028007e-6,1.1103702035645453e-6,4.361382644794024e-13,1.162940341462547e-6,9.575584609813644e-7,2.6637627035619536e-7,1.329829476778933e-7,1.3298289544297894e-7,5.223386672129954e-14,0.0,0.0,0.0,0.0,1.3748166923719483e-12,1.4810971285223458e-5,0.0,0.0,0.0,0.0,0.0,1.3482848934930556e-5,2.7354537201410858e-6,1.111851708257213e-6,1.1118512715372025e-6,4.367200077692547e-13
19560.0,0.0006400543668979735,0.0005159100315357582,0.00019014848225256677,0.000251168976370049,0.00025116887771434187,9.865570785843384e-11,0.0,0.0,0.0,0.0,2.2905606437887793e-16,1.2620853694375263e-5,0.0,0.0,0.0,0.0,0.0,1.1445840756161908e-5,2.28421242405665e-6,9.880666608913856e-7,9.880662727924423e-7,3.8809894936205466e-13,1.9516308436773322e-5,1.735323427474382e-5,6.378234459106995e-6,2.594248587309192e-5,2.594247568323809e-5,1.018985045209643e-11,0.0,0.0,0.0,0.0,8.38758632996805e-9,1.803675696589114e-5,0.0,0.0,0.0,0.0,0.0,1.6338098181721144e-5,2.624635795972834e-6,1.4295894829358825e-6,1.4295889214128604e-6,5.615230209730246e-13,1.616546858610726e-5,1.3082154094797558e-5,3.368259615457725e-6,2.7468609221779568e-6,2.746859843250064e-6,1.078929064340783e-12,0.0,0.0,0.0,0.0,2.2675522162315197e-10,1.2908901349518112e-5,0.0,0.0,0.0,0.0,0.0,1.170865848344144e-5,2.1509060440179854e-6,1.0114223647255877e-6,1.0114219674528417e-6,3.972727475261259e-13,1.56501883550428e-5,1.258515577612157e-5,3.2300976782450577e-6,1.8765593337429944e-6,1.8765585966515993e-6,7.370866103135293e-13,0.0,0.0,0.0,0.0,1.4487943988336314e-11,1.2864483385927025e-5,0.0,0.0,0.0,0.0,0.0,1.1668730209993336e-5,2.1486722283095888e-6,1.0106984399030145e-6,1.0106980429146082e-6,3.969883998457709e-13,1.560525824947966e-5,1.2544399813255102e-5,3.2260758501050047e-6,1.8559660238244644e-6,1.8559652948231136e-6,7.289978423588784e-13,0.0,0.0,0.0,0.0,1.4173390807410414e-12,1.2845231715447526e-5,0.0,0.0,0.0,0.0,0.0,1.1651353429807231e-5,2.1474229353872692e-6,1.0089632015139442e-6,1.0089628052071123e-6,3.963068221523347e-13
19680.0,0.0004019971233452267,0.00033645095869832035,0.00012527655002379703,0.00022010710540259058,0.0002201070189475559,8.645503358731201e-11,0.0,0.0,0.0,0.0,1.7663208422191325e-16,1.5227376699165052e-5,0.0,0.0,0.0,0.0,0.0,1.3724777471230085e-5,2.163902419018998e-6,1.2390546596043905e-6,1.2390541729208158e-6,4.866835716942401e-13,1.6016218237222338e-6,3.0438970368470986e-6,2.8177520176009795e-6,2.427583232452213e-5,2.4275822789311307e-5,9.535211937560246e-12,0.0,0.0,0.0,0.0,8.337475801483504e-9,1.8883134453832984e-5,0.0,0.0,0.0,0.0,0.0,1.700981485444394e-5,2.5275429567749516e-6,1.5666789169871664e-6,1.5666783016173152e-6,6.15369858873557e-13,4.1046980710311015e-7,4.151542933784271e-7,1.3930406391870348e-7,9.148045008228526e-7,9.148041415005153e-7,3.593225838831737e-13,0.0,0.0,0.0,0.0,2.2291648453100206e-10,1.5249943900764642e-5,0.0,0.0,0.0,0.0,0.0,1.3745054301826288e-5,2.1662977339882537e-6,1.2363749023674615e-6,1.23637441673646e-6,4.856310000314519e-13,7.976994820810615e-8,7.310951214096968e-8,9.761680209606147e-9,3.052241724178764e-8,3.052240525072141e-8,1.1988784290750662e-14,0.0,0.0,0.0,0.0,1.4381557899177678e-11,1.5234006809768258e-5,0.0,0.0,0.0,0.0,0.0,1.3730736108217128e-5,2.164517599258141e-6,1.2405399618848649e-6,1.240539474617894e-6,4.872669779332644e-13,4.22326918016018e-8,3.682664106085006e-8,5.499678171097359e-9,5.4331501784317185e-9,5.433148044227123e-9,2.1340664138341494e-15,0.0,0.0,0.0,0.0,1.3968100027849398e-12,1.523037255759832e-5,0.0,0.0,0.0,0.0,0.0,1.3727464189733474e-5,2.1641439293492695e-6,1.239494624800752e-6,1.2394941379443689e-6,4.868563839519788e-13
19800.0,0.0003835013973496975,0.00032149282804570654,0.00011976755276491078,0.00020621263828751241,0.0002062125572900339,8.099747864416399e-11,0.0,0.0,0.0,0.0,1.2243048821774718e-16,1.099044890872512e-5,0.0,0.0,0.0,0.0,0.0,9.934171805671342e-6,1.786955747385368e-6,9.151552715591737e-7,9.151549120988128e-7,3.594603617885892e-13,3.072443674858802e-6,4.421296983690363e-6,2.9702885789491826e-6,2.4743184291271015e-5,2.4743174572485323e-5,9.718781340775759e-12,0.0,0.0,0.0,0.0,8.202999958193242e-9,1.4698874614530246e-5,0.0,0.0,0.0,0.0,0.0,1.3283381477893245e-5,2.186866379740351e-6,1.225244381708738e-6,1.2252439004496527e-6,4.812590851146958e-13,1.1358029182039105e-6,1.0696256552949634e-6,2.469625640331161e-7,9.646221636748992e-7,9.646217847890166e-7,3.7889027438386876e-13,0.0,0.0,0.0,0.0,2.1576384334975816e-10,1.100506054230339e-5,0.0,0.0,0.0,0.0,0.0,9.954863645860892e-6,1.8127165454352237e-6,9.124726486496069e-7,9.12472290242942e-7,3.5840666452913344e-13,5.059583928967645e-7,4.4774726789316025e-7,8.714007019899796e-8,7.039214029503485e-8,7.03921126494935e-8,2.7649061317186833e-14,0.0,0.0,0.0,0.0,1.4011760712736798e-11,1.1011584961941067e-5,0.0,0.0,0.0,0.0,0.0,9.959198746258194e-6,1.8129993697697238e-6,9.168417982558407e-7,9.168414381330272e-7,3.601228062014571e-13,4.1646159665113813e-7,3.6330540351793094e-7,7.849648802108703e-8,4.193866721325866e-8,4.193865074208797e-8,1.6472929739998868e-14,0.0,0.0,0.0,0.0,1.353898506212774e-12,1.1017375448881497e-5,0.0,0.0,0.0,0.0,0.0,9.964404627349286e-6,1.8133786121888945e-6,9.163505028822187e-7,9.163501429523833e-7,3.599298321584334e-13
19920.0,0.0004512504505770039,0.00038351526187140603,0.0001220294866988383,0.00020101284173815225,0.0002010127627830805,7.89550703152744e-11,0.0,0.0,0.0,0.0,1.953260775422307e-16,1.1741609821857269e-5,0.0,0.0,0.0,0.0,0.0,1.0618945962601856e-5,1.540985501151657e-6,9.804687583043429e-7,9.804683731897368e-7,3.851145980747339e-13,1.8048007366954812e-6,3.3143470418391242e-6,2.8477587340420066e-6,2.441927165261646e-5,2.4419262061064483e-5,9.591552926214453e-12,0.0,0.0,0.0,0.0,7.86324559536508e-9,1.4334600352099424e-5,0.0,0.0,0.0,0.0,0.0,1.2929469273901984e-5,1.830834382398328e-6,1.2149097946885499e-6,1.2149093174887433e-6,4.771998019474964e-13,3.596393132561035e-7,3.7386822288080993e-7,1.5587951647088455e-7,8.601189960125792e-7,8.601186581713036e-7,3.3784287223852573e-13,0.0,0.0,0.0,0.0,2.0735932240796765e-10,1.17853271427017e-5,0.0,0.0,0.0,0.0,0.0,1.0658596568842046e-5,1.5519179421565162e-6,9.812500590215858e-7,9.812496736001028e-7,3.8542148221474597e-13,1.1907014874643421e-7,1.0565583593637092e-7,2.2972524405754507e-8,3.497056563880324e-8,3.497055190280728e-8,1.3735955598547635e-14,0.0,0.0,0.0,0.0,1.3497407493466741e-11,1.1769950913444185e-5,0.0,0.0,0.0,0.0,0.0,1.064490962941268e-5,1.550042862087529e-6,9.833196039033543e-7,9.833192176689859e-7,3.862343708851771e-13,7.57996301910431e-8,6.472197711103436e-8,1.7850909041412268e-8,9.349638912725418e-9,9.349635237645748e-9,3.672409141740641e-15,0.0,0.0,0.0,0.0,1.3189054361503083e-12,1.1765560061608876e-5,0.0,0.0,0.0,0.0,0.0,1.0640971974412756e-5,1.5495663927819865e-6,9.821059819203401e-7,9.821055961626602e-7,3.857576769178823e-13
20040.0,0.0005318050819660193,0.0004485965328890628,0.00013637830572464605,0.0002063870766835292,0.00020638699561753636,8.106599563892088e-11,0.0,0.0,0.0,0.0,2.072913850901245e-16,1.1334155582882513e-5,0.0,0.0,0.0,0.0,0.0,1.0258544197949198e-5,1.7326445230444396e-6,9.578925606200293e-7,9.578921843730466e-7,3.762469791693792e-13,2.4485402778410756e-6,3.917502288393263e-6,3.027070202193732e-6,2.4380689643054422e-5,2.4380680066651295e-5,9.576398445277792e-12,0.0,0.0,0.0,0.0,7.74612871906571e-9,1.3932589874785503e-5,0.0,0.0,0.0,0.0,0.0,1.2591171911463065e-5,2.0340645747548632e-6,1.1988893018512481e-6,1.198888830944077e-6,4.709071734392031e-13,4.703716168521187e-7,4.878939080198386e-7,1.9441182384154036e-7,8.844216107771345e-7,8.844212633935108e-7,3.4738860395064474e-13,0.0,0.0,0.0,0.0,2.0470428546363286e-10,1.152250095451196e-5,0.0,0.0,0.0,0.0,0.0,1.043343459622605e-5,1.7816372172787315e-6,9.643185683301767e-7,9.643181895591504e-7,3.7877102632086607e-13,2.792392239975468e-7,2.5758420993127464e-7,6.737332123858512e-8,5.0104976345661245e-8,5.0104956665976747e-8,1.968054327456482e-14,0.0,0.0,0.0,0.0,1.3153522095917656e-11,1.1467785134790595e-5,0.0,0.0,0.0,0.0,0.0,1.0388581866817562e-5,1.7751903339710305e-6,9.639660644536244e-7,9.639656858210637e-7,3.786325676626113e-13,2.5937137343272354e-7,2.3661777609498867e-7,6.657928133010742e-8,2.2689687914333963e-8,2.2689678999327423e-8,8.912196300474122e-15,0.0,0.0,0.0,0.0,1.2780579022670433e-12,1.145613085104341e-5,0.0,0.0,0.0,0.0,0.0,1.0378082835877461e-5,1.773831295548062e-6,9.62409767337682e-7,9.62409389316409e-7,3.7802127563191663e-13
20160.0,0.0003705713396428248,0.00031700281807632693,0.00010689354479398601,0.00018870755791609427,0.00018870748379436913,7.412172463935156e-11,0.0,0.0,0.0,0.0,1.8918724315501638e-16,1.35793613384297e-5,0.0,0.0,0.0,0.0,0.0,1.23169507058896e-5,2.4170553598276906e-6,1.11820474807256e-6,1.1182043088571606e-6,4.392153941385987e-13,3.991468164621717e-6,5.325292249063558e-6,3.438053490643694e-6,2.4289124306669854e-5,2.4289114766238245e-5,9.54043284472198e-12,0.0,0.0,0.0,0.0,7.533138728747724e-9,1.50142732890897e-5,0.0,0.0,0.0,0.0,0.0,1.3587693070861673e-5,2.439337177479999e-6,1.2824996723816441e-6,1.282499168633457e-6,5.037481731844461e-13,1.6559588484044672e-6,1.5515918812869982e-6,3.498420031428475e-7,1.033571598116766e-6,1.033571192146443e-6,4.0597266075027466e-13,0.0,0.0,0.0,0.0,1.9979077931721098e-10,1.3429203665680837e-5,0.0,0.0,0.0,0.0,0.0,1.217756531767909e-5,2.3532486404041694e-6,1.1036386825300398e-6,1.1036382490359994e-6,4.3349404460101645e-13,1.1152869136976749e-5,1.0190475040442308e-5,2.4001583761473246e-6,9.762560333533554e-7,9.762556498939277e-7,3.8345989784954286e-13,0.0,0.0,0.0,0.0,1.2802480943132859e-11,1.9228021482999224e-5,0.0,0.0,0.0,0.0,0.0,1.751433186846342e-5,4.0024629607074255e-6,1.4667036618775904e-6,1.4667030857766277e-6,5.761009582963173e-13,9.438268299026293e-6,8.6236413010204e-6,2.1058391835176733e-6,8.776972463107484e-7,8.776969015668841e-7,3.4474736638346577e-13,0.0,0.0,0.0,0.0,1.248213639926628e-12,1.83473918943598e-5,0.0,0.0,0.0,0.0,0.0,1.6700112943587252e-5,3.7714376624811753e-6,1.4134188203548272e-6,1.4134182651834203e-6,5.551714078616802e-13
20280.0,0.000352946677641487,0.0003024437184834502,0.0001020884002880672,0.00018645953942557727,0.00018645946618684654,7.323873399828721e-11,0.0,0.0,0.0,0.0,1.9637056380513553e-16,1.3208712655206882e-5,0.0,0.0,0.0,0.0,0.0,1.1672698766594074e-5,1.5399007778335986e-6,1.130278917768658e-6,1.1302784738107022e-6,4.439579613751527e-13,2.079640322027055e-6,3.7462070843109633e-6,3.1639061485160686e-6,2.424403260793425e-5,2.424402308521183e-5,9.522721447711979e-12,0.0,0.0,0.0,0.0,7.295848822992222e-9,1.451218025905767e-5,0.0,0.0,0.0,0.0,0.0,1.2836120286526327e-5,1.677202734878725e-6,1.2899917968065598e-6,1.2899912901155754e-6,5.066909762693871e-13,7.687564726010891e-7,7.660260623571827e-7,2.0379402681223492e-7,1.0640714500169996e-6,1.064071032064741e-6,4.1795258168635436e-13,0.0,0.0,0.0,0.0,1.9617365933064922e-10,1.3244187439125514e-5,0.0,0.0,0.0,0.0,0.0,1.17026956256626e-5,1.5459415252380303e-6,1.1248436747583048e-6,1.1248432329352196e-6,4.418230729254771e-13,1.4596850703889677e-7,1.3220076569042294e-7,1.745136956742433e-8,4.8034833828013474e-8,4.8034814958996085e-8,1.886741985928622e-14,0.0,0.0,0.0,0.0,1.2418642109016208e-11,1.3218759472818557e-5,0.0,0.0,0.0,0.0,0.0,1.1681408755720644e-5,1.5413256517411125e-6,1.1302215128669502e-6,1.1302210689315422e-6,4.4393541352193555e-13,6.071327552162331e-8,5.3793840327054086e-8,7.0594217591816305e-9,6.655084811578718e-9,6.655082197314321e-9,2.6140254756619013e-15,0.0,0.0,0.0,0.0,1.2176230320744056e-12,1.321160791954742e-5,0.0,0.0,0.0,0.0,0.0,1.1675391401676866e-5,1.5401060358141988e-6,1.1299978558614475e-6,1.1299974120138821e-6,4.43847564136573e-13
20400.0,0.0005223687210889495,0.0004443887720147183,0.00012570210660566743,0.00020535359966436257,0.00020535351900430394,8.066006012747793e-11,0.0,0.0,0.0,0.0,2.0009008001623582e-16,1.2377474511517715e-5,0.0,0.0,0.0,0.0,0.0,1.1206263859695651e-5,1.6901027641190805e-6,1.071762277286841e-6,1.0717618563134051e-6,4.209734325067223e-13,2.6908020456027464e-6,4.350500947563928e-6,3.2923467915138083e-6,2.483161979605526e-5,2.4831610042540426e-5,9.753517586672521e-12,0.0,0.0,0.0,0.0,7.093193450903242e-9,1.3020804731364022e-5,0.0,0.0,0.0,0.0,0.0,1.1771833762083759e-5,1.758441088409414e-6,1.185333602872062e-6,1.1853331372893851e-6,4.655826819449315e-13,1.110668720390607e-6,1.0725565167845716e-6,2.684645798624189e-7,1.163454705853223e-6,1.1634542488643078e-6,4.569889531181565e-13,0.0,0.0,0.0,0.0,1.920322101070098e-10,1.239152202031193e-5,0.0,0.0,0.0,0.0,0.0,1.1218552224970699e-5,1.6840018224834268e-6,1.07027257262819e-6,1.070272152239891e-6,4.203882970743033e-13,7.482544055396716e-7,6.547659102795724e-7,1.0521717122764264e-7,1.1186891138184702e-7,1.1186886743714611e-7,4.394056463120174e-14,0.0,0.0,0.0,0.0,1.2032895041520134e-11,1.2392668610857295e-5,0.0,0.0,0.0,0.0,0.0,1.1219860251707178e-5,1.6837353259679179e-6,1.074146684665285e-6,1.0741462627552945e-6,4.2190999482083994e-13,6.898659383283191e-7,6.001391109385384e-7,9.80310865173915e-8,7.282299353112544e-8,7.282296492708531e-8,2.860386692236019e-14,0.0,0.0,0.0,0.0,1.1785575447607856e-12,1.2392139650684049e-5,0.0,0.0,0.0,0.0,0.0,1.1219440677892435e-5,1.683617247367966e-6,1.0733158767935476e-6,1.0733154552098888e-6,4.2158366495373314e-13
20520.0,0.0003771869639933433,0.0003206371451840055,0.00010231768628317882,0.0001894127253091042,0.00018941265091040267,7.439870466021897e-11,0.0,0.0,0.0,0.0,2.346716128901374e-16,1.2637608991876131e-5,0.0,0.0,0.0,0.0,0.0,1.142581672775379e-5,1.558302419405666e-6,1.137182122699554e-6,1.1371816760301056e-6,4.466694450097609e-13,1.971965753859179e-6,3.6559565674537677e-6,3.194483297472338e-6,2.4952372118803047e-5,2.495236231785303e-5,9.800947432698358e-12,0.0,0.0,0.0,0.0,6.726666908303086e-9,1.2958579191922022e-5,0.0,0.0,0.0,0.0,0.0,1.1724875692072903e-5,1.590877724379956e-6,1.1983535584256073e-6,1.1983530877288725e-6,4.706967408147196e-13,6.212933505735617e-7,6.521110360415284e-7,1.8879995665130062e-7,1.1203583495518863e-6,1.120357909491136e-6,4.4006129908041223e-13,0.0,0.0,0.0,0.0,1.854347888922044e-10,1.2663643044003229e-5,0.0,0.0,0.0,0.0,0.0,1.1449272091160555e-5,1.559555896569091e-6,1.1361031925267615e-6,1.1361027462811019e-6,4.462456561268139e-13,3.6813290871153675e-7,3.2691614834113963e-7,4.5468809048605785e-8,7.208229664980375e-8,7.208226833229495e-8,2.8312931408474692e-14,0.0,0.0,0.0,0.0,1.1538603099481162e-11,1.2647369254057213e-5,0.0,0.0,0.0,0.0,0.0,1.1434622017623094e-5,1.5578413775092925e-6,1.1388509957071205e-6,1.1388505483821666e-6,4.4732495529716835e-13,3.5710406315640417e-7,3.162158066743253e-7,4.233146498090756e-8,3.617242378993425e-8,3.6172409579122503e-8,1.420802889559214e-14,0.0,0.0,0.0,0.0,1.1352964692438888e-12,1.264340321972242e-5,0.0,0.0,0.0,0.0,0.0,1.1431047963172723e-5,1.5574500561464238e-6,1.1378091605930812e-6,1.1378087136773397e-6,4.469157368413993e-13
20640.0,0.0005056214457746528,0.00042968985053651966,0.00011901733261006798,0.00020304385240622528,0.00020304377265340287,7.975282327833047e-11,0.0,0.0,0.0,0.0,1.8978706652179503e-16,1.2754890193319203e-5,0.0,0.0,0.0,0.0,0.0,1.1534677359575373e-5,1.7909621248989342e-6,1.1659110725795044e-6,1.1659106146257256e-6,4.579537800713537e-13,1.7108664606205193e-6,3.4207061413817784e-6,3.147782324375639e-6,2.4944369079580012e-5,2.494435928177575e-5,9.797803949332678e-12,0.0,0.0,0.0,0.0,6.4587049145279836e-9,1.3262524851824685e-5,0.0,0.0,0.0,0.0,0.0,1.2000435794907246e-5,1.8311909492372764e-6,1.2208766816179974e-6,1.220876202074481e-6,4.795435127920594e-13,3.232604264269412e-7,3.780587081385468e-7,1.6103321302937332e-7,1.1017447770983158e-6,1.1017443443467862e-6,4.3275014468149315e-13,0.0,0.0,0.0,0.0,1.8263932574915496e-10,1.27760316517305e-5,0.0,0.0,0.0,0.0,0.0,1.1553713675168898e-5,1.7931031500264433e-6,1.1644821105279867e-6,1.1644816531354857e-6,4.573925034967826e-13,6.593269016733419e-8,6.05772587501453e-8,8.343000381370348e-9,4.026394638562429e-8,4.026393056755569e-8,1.5815122508434293e-14,0.0,0.0,0.0,0.0,1.1257551797692981e-11,1.276081773136802e-5,0.0,0.0,0.0,0.0,0.0,1.1540018996580159e-5,1.7915572269403717e-6,1.1672330243872463e-6,1.1672325659142246e-6,4.584730244988783e-13,1.8389584767724426e-8,1.658861688635732e-8,1.8099184485127415e-9,2.6237319085237072e-9,2.623730880030903e-9,1.0305656875399957e-15,0.0,0.0,0.0,0.0,1.1113732459843925e-12,1.2757152998083265e-5,0.0,0.0,0.0,0.0,0.0,1.1536716283962518e-5,1.7911952036443896e-6,1.166219416379293e-6,1.166218958304398e-6,4.580748932608556e-13
20760.0,0.0003988699823617762,0.0003381873863053287,0.00010039565405042881,0.00019099209442245365,0.00019099201940339416,7.501905905310215e-11,0.0,0.0,0.0,0.0,2.575265394264789e-16,1.3271103251671817e-5,0.0,0.0,0.0,0.0,0.0,1.2011790487925144e-5,1.9821586975762092e-6,1.223639814408252e-6,1.2236393337794163e-6,4.806288332216293e-13,2.005863072726804e-6,3.6663622902131787e-6,3.135460215339717e-6,2.4964009129186736e-5,2.4963999323671568e-5,9.805518289790246e-12,0.0,0.0,0.0,0.0,6.237661807108494e-9,1.3427902605129495e-5,0.0,0.0,0.0,0.0,0.0,1.2151971209695358e-5,1.9969676352885635e-6,1.2425572634492534e-6,1.2425567753899102e-6,4.880593461495763e-13,3.689115200739869e-7,4.1359961787286595e-7,1.625936775572585e-7,1.095325599000902e-6,1.0953251687734082e-6,4.3022878010904e-13,0.0,0.0,0.0,0.0,1.8024000303216293e-10,1.3289268361120522e-5,0.0,0.0,0.0,0.0,0.0,1.202808727376982e-5,1.9850743593194023e-6,1.2223926581768903e-6,1.2223921780379182e-6,4.801389674643484e-13,7.730273631195023e-8,6.991743353368855e-8,1.0263285565382044e-8,4.2351010722669614e-8,4.2350994088164335e-8,1.6634892580267342e-14,0.0,0.0,0.0,0.0,1.0989503018872502e-11,1.3279741772282842e-5,0.0,0.0,0.0,0.0,0.0,1.2019586090235046e-5,1.983588015775638e-6,1.2252046569744622e-6,1.2252041757309847e-6,4.812434817872636e-13,2.2116528970630295e-8,1.922616165155893e-8,3.514060245156554e-9,5.2105754656242744e-9,5.210573418740397e-9,2.046642137803665e-15,0.0,0.0,0.0,0.0,1.086059354612959e-12,1.3276164639249888e-5,0.0,0.0,0.0,0.0,0.0,1.2016361172031357e-5,1.983151971306605e-6,1.224204979201884e-6,1.224204498351066e-6,4.808508221534565e-13
20880.0,0.00032179534234376807,0.00027091877404134695,8.845636040773891e-5,0.00018367503419956636,0.00018367496205454434,7.214501877088072e-11,0.0,0.0,0.0,0.0,2.2342748486325483e-16,1.3586119730296702e-5,0.0,0.0,0.0,0.0,0.0,1.2292869497398115e-5,2.3029500864907033e-6,1.278285732448315e-6,1.2782852303553148e-6,5.020929957297957e-13,1.7146776078494873e-6,3.3162922011476547e-6,3.1160814494901124e-6,2.4890741576735648e-5,2.4890731799992485e-5,9.776739806255624e-12,0.0,0.0,0.0,0.0,6.01176451659736e-9,1.3724299928586847e-5,0.0,0.0,0.0,0.0,0.0,1.2418327635892275e-5,2.3189873705717446e-6,1.281361756202024e-6,1.2813612529008062e-6,5.033012154120073e-13,4.6647923096629004e-7,4.974155111559753e-7,1.76876398179566e-7,1.0849886266314677e-6,1.0849882004654952e-6,4.2616856001089925e-13,0.0,0.0,0.0,0.0,1.7963509223069454e-10,1.3640213135103154e-5,0.0,0.0,0.0,0.0,0.0,1.2341721224160807e-5,2.3137399646431658e-6,1.280150509031113e-6,1.2801500062056564e-6,5.028254542381394e-13,1.3354685316499873e-7,1.1912786474798926e-7,2.6137323536740663e-8,6.899551537988952e-8,6.899548827812696e-8,2.7100486322715184e-14,0.0,0.0,0.0,0.0,1.0885249053770108e-11,1.3625848044054618e-5,0.0,0.0,0.0,0.0,0.0,1.2328791737552353e-5,2.3122748467368123e-6,1.282734391289648e-6,1.2827338874492832e-6,5.038403675324601e-13,8.744165507900553e-8,7.791450493739948e-8,2.0820427530047342e-8,3.298053160336064e-8,3.298051865102934e-8,1.2954297693025506e-14,0.0,0.0,0.0,0.0,1.0805513606562024e-12,1.3622422326827006e-5,0.0,0.0,0.0,0.0,0.0,1.232570406431183e-5,2.3119370421556137e-6,1.281737797637338e-6,1.2817372941884235e-6,5.034489192985401e-13
21000.0,0.000303882791809379,0.0002592817834550083,8.364869441578255e-5,0.00018108259733671858,0.0001810825262099739,7.112674534603916e-11,0.0,0.0,0.0,0.0,3.3337580455971323e-16,1.5155059775798613e-5,0.0,0.0,0.0,0.0,0.0,1.3716065498553945e-5,2.871536679332196e-6,1.441427393278574e-6,1.4414268271057882e-6,5.661727887958685e-13,1.8112563144019947e-6,3.298949598153059e-6,3.121063536750757e-6,2.4766284864393094e-5,2.47662751365359e-5,9.72785492711743e-12,0.0,0.0,0.0,0.0,5.928769109153373e-9,1.528514784418302e-5,0.0,0.0,0.0,0.0,0.0,1.3833947101927068e-5,2.894097799151496e-6,1.44230516457888e-6,1.4423045980613185e-6,5.665175652496402e-13,4.974542313247732e-7,5.555111947985498e-7,1.819421349999288e-7,1.0761789189024242e-6,1.076178496194434e-6,4.2270822838567444e-13,0.0,0.0,0.0,0.0,1.8350482996781365e-10,1.525339046980632e-5,0.0,0.0,0.0,0.0,0.0,1.3804954035361437e-5,2.893576679428183e-6,1.447626136965605e-6,1.4476255683580424e-6,5.686075697752516e-13,2.651183156144113e-7,2.3511026969547637e-7,4.6712763783832156e-8,1.0227526788263186e-7,1.022752277099675e-7,4.0172313854601835e-14,0.0,0.0,0.0,0.0,1.1074536719527518e-11,1.5238812271832592e-5,0.0,0.0,0.0,0.0,0.0,1.3791832909990494e-5,2.8921054251766033e-6,1.450045818833494e-6,1.450045249275512e-6,5.695579874220439e-13,2.4411249035551086e-7,2.2151362059855623e-7,4.402149708627144e-8,7.217569341735968e-8,7.217566506432802e-8,2.8349616368197123e-14,0.0,0.0,0.0,0.0,1.1028188648497238e-12,1.5235385476975512e-5,0.0,0.0,0.0,0.0,0.0,1.378874411195058e-5,2.8917688046445844e-6,1.4490370235060033e-6,1.4490364543442517e-6,5.691617465384916e-13
21120.0,0.0002964183376250062,0.0002512802534705596,7.981048495057637e-5,0.0001776237721858241,0.00017762370241766105,6.976816655756157e-11,0.0,0.0,0.0,0.0,2.685620791621041e-16,1.4884355871547395e-5,0.0,0.0,0.0,0.0,0.0,1.3497711680062775e-5,3.006439745469319e-6,1.3867940360334446e-6,1.3867934913198824e-6,5.447135599946188e-13,2.251792829398476e-6,4.046737500120499e-6,3.178196921788611e-6,2.4662946527568027e-5,2.4662936840303358e-5,9.687265054449916e-12,0.0,0.0,0.0,0.0,6.023521786835935e-9,1.5050633113562051e-5,0.0,0.0,0.0,0.0,0.0,1.3650417871941085e-5,2.9807796303760025e-6,1.372338823986188e-6,1.3723382849504378e-6,5.390357521802297e-13,1.0425794466518284e-6,9.189425253391705e-7,2.420836599231887e-7,1.21828932534071e-6,1.218288846812583e-6,4.785272349516177e-13,0.0,0.0,0.0,0.0,1.944933337597536e-10,1.4700434192831642e-5,0.0,0.0,0.0,0.0,0.0,1.3331701305828785e-5,2.9569844610250926e-6,1.3638663487385603e-6,1.3638658130306782e-6,5.357078808206865e-13,6.257461221460293e-7,5.730416226199814e-7,1.1322975550633139e-7,2.007130238182288e-7,2.007129449812544e-7,7.883730597366924e-14,0.0,0.0,0.0,0.0,1.1708081576001474e-11,1.4674098846944241e-5,0.0,0.0,0.0,0.0,0.0,1.3307845301532423e-5,2.954729129938588e-6,1.3652585938699201e-6,1.3652580576151895e-6,5.362547354956981e-13,6.144133498789742e-7,5.60045345068409e-7,1.1450801889220479e-7,1.997654418427922e-7,1.99765363382224e-7,7.846510885112913e-14,0.0,0.0,0.0,0.0,1.1730845324133755e-12,1.4670662084957414e-5,0.0,0.0,0.0,0.0,0.0,1.330474953086181e-5,2.9544130321891042e-6,1.3642317956893845e-6,1.3642312598379568e-6,5.358514233399041e-13
21240.0,0.00034412822817077304,0.00029061878330096925,8.809215725646437e-5,0.0001851537873883123,0.00018515371466245884,7.272585261705107e-11,0.0,0.0,0.0,0.0,3.7047266971632266e-16,1.671074364276253e-5,0.0,0.0,0.0,0.0,0.0,1.5150406660624612e-5,3.1247768860024716e-6,1.5892979305867817e-6,1.589297306332489e-6,6.242542952795948e-13,2.757910140387468e-6,4.585602174898324e-6,3.333581381975226e-6,2.4588467482739374e-5,2.458845782472821e-5,9.658010713431999e-12,0.0,0.0,0.0,0.0,6.420228021626352e-9,1.6374032454704546e-5,0.0,0.0,0.0,0.0,0.0,1.4827166601980315e-5,2.935629910946171e-6,1.5623096293932752e-6,1.5623090157396127e-6,6.136536630015926e-13,1.4206388887069363e-6,1.2384524979858418e-6,4.0672590151293996e-7,1.2801179125695911e-6,1.2801174097556948e-6,5.02812650796703e-13,0.0,0.0,0.0,0.0,2.1617536057171623e-10,1.6484176484858178e-5,0.0,0.0,0.0,0.0,0.0,1.4927147546949903e-5,2.9743155914168566e-6,1.5959363691986002e-6,1.595935742336828e-6,6.268617823577722e-13,1.0938841325121816e-6,9.98261337968915e-7,2.364195291140606e-7,2.200088531394243e-7,2.2000876672496382e-7,8.64164414538603e-14,0.0,0.0,0.0,0.0,1.2987343465164479e-11,1.6420698958942925e-5,0.0,0.0,0.0,0.0,0.0,1.4869725575748284e-5,2.998399750740838e-6,1.5932397052543544e-6,1.5932390794517873e-6,6.258025699736611e-13,1.0583109544639625e-6,9.629605186957688e-7,2.2910893686129558e-7,2.1365877263370147e-7,2.13658688712075e-7,8.392221745988971e-14,0.0,0.0,0.0,0.0,1.3090478526650317e-12,1.640961092212345e-5,0.0,0.0,0.0,0.0,0.0,1.4859698595549532e-5,3.0013505033321545e-6,1.5914554806054716e-6,1.5914548555037188e-6,6.251017511533672e-13
21360.0,0.00033252339555074747,0.0002744921536195041,9.242766301689547e-5,0.0001903958979081413,0.00019039582312326236,7.47848812896225e-11,0.0,0.0,0.0,0.0,3.1468346120763155e-16,1.4471359792407885e-5,0.0,0.0,0.0,0.0,0.0,1.2979649087155038e-5,1.8846511879623264e-6,1.3891717893722128e-6,1.3891712437247025e-6,5.456475086937727e-13,7.3056547591414216e-6,6.0930291131186125e-6,4.404065018235757e-6,2.445085548878434e-5,2.4450845884823823e-5,9.603958621212805e-12,0.0,0.0,0.0,0.0,7.035407601562877e-9,1.6271662523699748e-5,0.0,0.0,0.0,0.0,0.0,1.4666162801901768e-5,2.1335738145472717e-6,1.5244296945089223e-6,1.524429095733971e-6,5.987749473112334e-13,6.339674304866455e-6,4.82819473379961e-6,1.6198848723470664e-6,4.7812374605281725e-6,4.781235582523161e-6,1.878004094790493e-12,0.0,0.0,0.0,0.0,2.386901594554233e-10,1.4893015817133783e-5,0.0,0.0,0.0,0.0,0.0,1.3417662173332287e-5,2.003785652659236e-6,1.4257257262761934e-6,1.4257251662708047e-6,5.600053906758252e-13,6.451439728476921e-6,4.913067980067825e-6,1.6480595965278353e-6,3.843527352424803e-6,3.8435258427442794e-6,1.5096845044604372e-12,0.0,0.0,0.0,0.0,1.3821070537421901e-11,1.4935189168816715e-5,0.0,0.0,0.0,0.0,0.0,1.3459052457192303e-5,2.022194228902005e-6,1.4310352496573643e-6,1.4310346875664671e-6,5.62090898190057e-13,6.466608291705745e-6,4.926899290289768e-6,1.6505874443231792e-6,3.844199252916477e-6,3.844197742971555e-6,1.5099484177021342e-12,0.0,0.0,0.0,0.0,1.3811852747704743e-12,1.4954009809635215e-5,0.0,0.0,0.0,0.0,0.0,1.3476290888259268e-5,2.0249356243418213e-6,1.431967909005926e-6,1.4319673465486933e-6,5.62457233911739e-13
21480.0,0.00030223487891834714,0.00024885922684795365,8.56020804376246e-5,0.0001787186274672506,0.00017871855726903888,7.019821060341603e-11,0.0,0.0,0.0,0.0,3.4042546006949497e-16,1.1886543274974264e-5,0.0,0.0,0.0,0.0,0.0,1.0769589432695262e-5,1.7068642724520038e-6,1.1577051686404487e-6,1.1577047139098383e-6,4.5473061424320733e-13,3.1913488687837326e-6,4.219132399763183e-6,3.2546476392666035e-6,2.4642975265261523e-5,2.4642965585840535e-5,9.679420618215056e-12,0.0,0.0,0.0,0.0,6.43872036254361e-9,1.3994466680353831e-5,0.0,0.0,0.0,0.0,0.0,1.2683571128683462e-5,2.0394579671951456e-6,1.308317660095747e-6,1.3083171462066224e-6,5.138891224777333e-13,1.7744720462961085e-6,1.5912306087910131e-6,5.707130298581147e-7,1.5108022775802621e-6,1.510801684156993e-6,5.934222859960199e-13,0.0,0.0,0.0,0.0,2.0483518019487568e-10,1.2184305829671477e-5,0.0,0.0,0.0,0.0,0.0,1.1046520310662374e-5,1.8639530092936004e-6,1.1650274488864432e-6,1.1650269912797441e-6,4.576067048784744e-13,1.7063295003629485e-6,1.4202161258716364e-6,4.809983826499584e-7,7.587615577266178e-7,7.587612596976589e-7,2.980310691826803e-13,0.0,0.0,0.0,0.0,1.1822220785191108e-11,1.2207153751693162e-5,0.0,0.0,0.0,0.0,0.0,1.1067196687008749e-5,1.8676956224402068e-6,1.169689158981691e-6,1.1696886995439343e-6,4.594377602736286e-13,1.7039738189335123e-6,1.4180933101426807e-6,4.81215794581949e-7,7.399045104717782e-7,7.39904219849279e-7,2.906242812448716e-13,0.0,0.0,0.0,0.0,1.1254379104163176e-12,1.222680570837916e-5,0.0,0.0,0.0,0.0,0.0,1.1084978718104429e-5,1.869762117387118e-6,1.1714819746380383e-6,1.1714815144960926e-6,4.601419535230968e-13
21600.0,0.0002888056634848591,0.00024220617942646597,8.291448107981109e-5,0.00017898575064863374,0.0001789856803455007,7.03031329028404e-11,0.0,0.0,0.0,0.0,2.7395593838395573e-16,1.5152349413345715e-5,0.0,0.0,0.0,0.0,0.0,1.3754490937125797e-5,2.990953874902514e-6,1.4328239768449452e-6,1.4328234140514592e-6,5.627934855454109e-13,3.886110769796801e-6,4.496547707883357e-6,3.167818380760178e-6,2.517874382154356e-5,2.5178733931677804e-5,9.889863113669823e-12,0.0,0.0,0.0,0.0,4.780715345952922e-9,1.6276644054251213e-5,0.0,0.0,0.0,0.0,0.0,1.4774347315315015e-5,3.218853442426782e-6,1.4955343009803363e-6,1.4955337135551106e-6,5.874252354813401e-13,2.9445367850508206e-6,2.4636062793248067e-6,8.225323682135724e-7,2.0422404043496494e-6,2.0422396021874297e-6,8.021638484991407e-13,0.0,0.0,0.0,0.0,1.7086406031336035e-10,1.5873387274959194e-5,0.0,0.0,0.0,0.0,0.0,1.4408448558627774e-5,3.180212460873638e-6,1.4992483087243886e-6,1.499247719840351e-6,5.888840464709617e-13,2.7469793896185354e-6,2.125485914125042e-6,7.457140869706735e-7,1.6722787013126473e-6,1.6722780444652397e-6,6.568479969108626e-13,0.0,0.0,0.0,0.0,1.0282378936715871e-11,1.5866191816010328e-5,0.0,0.0,0.0,0.0,0.0,1.4401875014157898e-5,3.1800425476982443e-6,1.5015759041863862e-6,1.5015753143880933e-6,5.897982938482864e-13,2.7423175108774213e-6,2.1211831758510087e-6,7.450587925722854e-7,1.6692096853626507e-6,1.6692090297180608e-6,6.556425297964371e-13,0.0,0.0,0.0,0.0,1.0196636912923968e-12,1.586594466966368e-5,0.0,0.0,0.0,0.0,0.0,1.4401646420987257e-5,3.1800510984017982e-6,1.5007410530046005e-6,1.5007404635342216e-6,5.894703758247854e-13
