time,untagged,untagged_relative,overclaimed,overclaimed_relative,orphaned,orphaned_relative,orphaned_volume_fraction,nonpositive_mass,nonpositive_mass_fraction,exchange_volume_fraction,bound_partition,bound_evap,bound_fcg,fix_gross,fix_gross_relative,fix_events,increment_left,increment_left_relative,increment_left_net_abs,increment_left_net_abs_relative,increment_moved_net_abs,increment_moved_net_abs_relative,led_rescale_retained,led_rescale_retained_relative,led_rescale_attempted,led_rescale_attempted_relative,led_rescale_events,led_empty_retained,led_empty_retained_relative,led_empty_attempted,led_empty_attempted_relative,led_empty_events,led_repair_retained,led_repair_retained_relative,led_repair_attempted,led_repair_attempted_relative,led_repair_events,led_repairnet_retained,led_repairnet_retained_relative,led_repairnet_attempted,led_repairnet_attempted_relative,led_repairnet_events,inc_left_retained,inc_left_retained_relative,inc_left_attempted,inc_left_attempted_relative,inc_left_events,inc_moved_retained,inc_moved_retained_relative,inc_moved_attempted,inc_moved_attempted_relative,inc_moved_events,inc_negative_retained,inc_negative_retained_relative,inc_negative_attempted,inc_negative_attempted_relative,inc_negative_events,exp_negative_retained,exp_negative_retained_relative,exp_negative_attempted,exp_negative_attempted_relative,exp_negative_events,led_fix_pbl_retained,led_fix_pbl_retained_relative,led_fix_pbl_attempted,led_fix_pbl_attempted_relative,led_fix_pbl_events,led_fix_pbl_inventory_fraction,led_fix_pbl_burden_fraction,led_fix_pbl_parent_fraction,led_fix_pbl_applicable,led_fix_free_retained,led_fix_free_retained_relative,led_fix_free_attempted,led_fix_free_attempted_relative,led_fix_free_events,led_fix_free_inventory_fraction,led_fix_free_burden_fraction,led_fix_free_parent_fraction,led_fix_free_applicable,led_fix_evap_retained,led_fix_evap_retained_relative,led_fix_evap_attempted,led_fix_evap_attempted_relative,led_fix_evap_events,led_fix_evap_inventory_fraction,led_fix_evap_burden_fraction,led_fix_evap_parent_fraction,led_fix_evap_applicable,led_fix_fcg_retained,led_fix_fcg_retained_relative,led_fix_fcg_attempted,led_fix_fcg_attempted_relative,led_fix_fcg_events,led_fix_fcg_inventory_fraction,led_fix_fcg_burden_fraction,led_fix_fcg_parent_fraction,led_fix_fcg_applicable,led_inc_pbl_retained,led_inc_pbl_retained_relative,led_inc_pbl_attempted,led_inc_pbl_attempted_relative,led_inc_pbl_events,led_inc_pbl_inventory_fraction,led_inc_pbl_burden_fraction,led_inc_pbl_parent_fraction,led_inc_pbl_applicable,led_inc_free_retained,led_inc_free_retained_relative,led_inc_free_attempted,led_inc_free_attempted_relative,led_inc_free_events,led_inc_free_inventory_fraction,led_inc_free_burden_fraction,led_inc_free_parent_fraction,led_inc_free_applicable,led_inc_evap_retained,led_inc_evap_retained_relative,led_inc_evap_attempted,led_inc_evap_attempted_relative,led_inc_evap_events,led_inc_evap_inventory_fraction,led_inc_evap_burden_fraction,led_inc_evap_parent_fraction,led_inc_evap_applicable,led_inc_fcg_retained,led_inc_fcg_retained_relative,led_inc_fcg_attempted,led_inc_fcg_attempted_relative,led_inc_fcg_events,led_inc_fcg_inventory_fraction,led_inc_fcg_burden_fraction,led_inc_fcg_parent_fraction,led_inc_fcg_applicable,ledger_parent_scale,ledger_cadence_step,closure_void,negative_water_integral,negative_water_interval,negative_water_interval_mean_relative,negative_water_interval_events,negative_water_void
0.0,1.6927559738976023e-16,5.541235145747802e-18,3.675875500810642e-16,1.2032975119021722e-17,0.0,0.0,0.0,0.0,0.0,0.0,0.0,0.0,0.0,0.0,0.0,0.0,0.0,0.0,0.0,0.0,0.0,0.0,0.0,0.0,0.0,0.0,0.0,0.0,0.0,0.0,0.0,0.0,0.0,0.0,0.0,0.0,0.0,0.0,0.0,0.0,0.0,0.0,0.0,0.0,0.0,0.0,0.0,0.0,0.0,0.0,0.0,0.0,0.0,0.0,0.0,0.0,0.0,0.0,0.0,NaN,NaN,0.0,0.0,0.0,0.0,0.0,0.0,0.0,0.0,0.0,1.0,0.0,0.0,0.0,0.0,0.0,0.0,0.0,0.0,1.0,0.0,0.0,0.0,0.0,0.0,NaN,NaN,0.0,0.0,0.0,0.0,0.0,0.0,0.0,NaN,NaN,0.0,0.0,0.0,0.0,0.0,0.0,0.0,0.0,0.0,0.0,1.0,0.0,0.0,0.0,0.0,0.0,0.0,0.0,0.0,1.0,0.0,0.0,0.0,0.0,0.0,NaN,NaN,0.0,0.0,0.0,0.0,0.0,0.0,0.0,NaN,NaN,0.0,0.0,30.548351213656375,1.0,0,0.0,0.0,0.0,0.0,0
21600.0,8.071826585248167e-13,2.6471812940650903e-14,1.0627090197546856e-12,3.485188152171336e-14,0.0,0.0,0.0,0.0,0.0,0.03650648750847629,0.0,0.1050866849855533,0.0,0.0,0.0,0.0,-3.8561293075503975e-14,-1.2646299152535302e-15,1.9882527690060777e-12,6.520538421384073e-14,0.0350670791224149,0.001150036053301846,0.0,0.0,0.0,0.0,0.0,0.0,0.0,0.0,0.0,0.0,0.0,0.0,0.0,0.0,0.0,0.0,0.0,0.0,0.0,0.0,3.2678651780526837e-12,1.0717068162338113e-13,1.9507243522746874e-12,6.397462780798862e-14,0.0,0.3804151015826504,0.012475834685669259,0.28534739926446795,0.009358059042342505,129600.0,0.0,0.0,0.0,0.0,0.0,0.0,0.0,NaN,NaN,0.0,0.0,0.0,0.0,0.0,0.0,0.0,0.0,0.0,1.0,0.0,0.0,0.0,0.0,0.0,0.0,0.0,0.0,1.0,0.0,0.0,0.0,0.0,0.0,0.0,0.0,0.0,1.0,0.0,0.0,0.0,0.0,0.0,0.0,0.0,0.0,1.0,0.25022084411025447,0.008206072453592955,0.1990997610539218,0.006529540216807901,54491.0,0.016921754648330407,0.016921754648330407,0.008206072453592955,1.0,0.3375442620994049,0.011069871820357955,0.2049162251389204,0.006720293013102476,129600.0,0.021492483404875192,0.021492483404875192,0.011069871820357955,1.0,0.0038718992259163237,0.00012698017103195326,0.00445422422484444,0.00014607770525111276,34513.0,0.003433110695648339,0.003433110695648339,0.00012698017103195326,1.0,0.00016767598486765588,5.498987446246692e-6,0.00010137509614386849,3.324628637172934e-6,73747.0,0.006116303589552396,0.006116303589552396,5.498987446246692e-6,1.0,30.492156329998956,1.0,0,0.0,0.0,0.0,0.0,0
43200.0,1.0513456864123263e-12,3.481388519441261e-14,1.5110620637886573e-12,5.003676896215374e-14,0.0,0.0,0.0,0.0,0.0,0.05027262711049585,0.0,0.0,0.0,0.0,0.0,0.0,-7.170802148358887e-15,-2.374513787151319e-16,2.884533047810788e-12,9.551739609895497e-14,0.03694372367710261,0.0012233412581333762,0.0,0.0,0.0,0.0,0.0,0.0,0.0,0.0,0.0,0.0,0.0,0.0,0.0,0.0,0.0,0.0,0.0,0.0,0.0,0.0,6.9547741795088854e-12,2.3029790578655554e-13,4.207732426671248e-12,1.3933334727497917e-13,0.0,0.6163730100225631,0.020410355495047248,0.6344496876672865,0.021008940136001387,259199.0,0.0,0.0,0.0,0.0,0.0,0.0,0.0,NaN,NaN,0.0,0.0,0.0,0.0,0.0,0.0,0.0,0.0,0.0,1.0,0.0,0.0,0.0,0.0,0.0,0.0,0.0,0.0,1.0,0.0,0.0,0.0,0.0,0.0,0.0,0.0,0.0,1.0,0.0,0.0,0.0,0.0,0.0,0.0,0.0,0.0,1.0,0.43942459210009616,0.014550948844597818,0.48406591011185,0.016029185489570313,108981.0,0.028992582606849872,0.028992582606849872,0.014550948844597818,1.0,0.4710214190730654,0.015597234876833708,0.3070849654574323,0.01016870176054766,259199.0,0.03131253208947942,0.03131253208947942,0.015597234876833708,1.0,0.023594054672915556,0.0007812850913542743,0.03397112135287637,0.0011249075675007505,82891.0,0.0114145794139265,0.0114145794139265,0.0007812850913542743,1.0,0.001010944210167898,3.3476045153942145e-5,0.0006319587040563942,2.0926454595259124e-5,170817.0,0.017586123879267668,0.017586123879267668,3.3476045153942145e-5,1.0,30.199033533351802,1.0,0,0.0,0.0,0.0,0.0,0
64800.0,2.245093321745371e-12,7.492917889097659e-14,2.963963324762262e-12,9.892120565159896e-14,0.0,0.0,0.0,0.0,0.0,0.05027262711049585,0.0,0.0,0.0,0.0,0.0,0.0,-3.4670589020835666e-14,-1.157118388726097e-15,5.827301384740245e-12,1.9448407942766076e-13,0.04809400419996868,0.0016051200230203808,0.0,0.0,0.0,0.0,0.0,0.0,0.0,0.0,0.0,0.0,0.0,0.0,0.0,0.0,0.0,0.0,0.0,0.0,0.0,0.0,1.0793071226460751e-11,3.602148547133984e-13,6.4963699913408214e-12,2.16814002566596e-13,0.0,0.6964300385912474,0.02324310105117834,0.7296599374996745,0.024352136927648243,388799.0,0.0,0.0,0.0,0.0,0.0,0.0,0.0,NaN,NaN,0.0,0.0,0.0,0.0,0.0,0.0,0.0,0.0,0.0,1.0,0.0,0.0,0.0,0.0,0.0,0.0,0.0,0.0,1.0,0.0,0.0,0.0,0.0,0.0,0.0,0.0,0.0,1.0,0.0,0.0,0.0,0.0,0.0,0.0,0.0,0.0,1.0,0.506371365607194,0.016899961472137313,0.559101399199198,0.018659807302007267,163142.0,0.03267373863713573,0.03267373863713573,0.016899961472137313,1.0,0.5121511012244506,0.01709285806125161,0.3403159992870269,0.011357923585205496,388799.0,0.03540607750528101,0.03540607750528101,0.01709285806125161,1.0,0.035945264807301015,0.0011996602328031205,0.04641758215752452,0.001549170042724051,132673.0,0.012096650863690096,0.012096650863690096,0.0011996602328031205,1.0,0.0014696502639734612,4.9049046856916246e-5,0.0009078851487730265,3.030033899525819e-5,295231.0,0.02052996974850352,0.02052996974850352,4.9049046856916246e-5,1.0,29.962871006661175,1.0,0,0.0,0.0,0.0,0.0,0
86400.0,2.496470880684142e-12,8.484317238834462e-14,3.2923699641908355e-12,1.11891997058464e-13,0.0,0.0,0.0,0.0,0.0,0.05027262711049585,0.0,0.0,0.0,0.0,0.0,0.0,-4.000993840754342e-14,-1.359747525125547e-15,6.680930144008398e-12,2.2705304207964806e-13,0.06623134734585466,0.002250888509797779,0.0,0.0,0.0,0.0,0.0,0.0,0.0,0.0,0.0,0.0,0.0,0.0,0.0,0.0,0.0,0.0,0.0,0.0,0.0,0.0,1.4482852978436767e-11,4.92203294431307e-13,8.725804413937211e-12,2.965485933950777e-13,0.0,0.8331483398413396,0.028314749740982595,0.8675628449684099,0.02948433509995759,518399.0,0.0,0.0,0.0,0.0,0.0,0.0,0.0,NaN,NaN,0.0,0.0,0.0,0.0,0.0,0.0,0.0,0.0,0.0,1.0,0.0,0.0,0.0,0.0,0.0,0.0,0.0,0.0,1.0,0.0,0.0,0.0,0.0,0.0,0.0,0.0,0.0,1.0,0.0,0.0,0.0,0.0,0.0,0.0,0.0,0.0,1.0,0.6175508690686439,0.02098761705908802,0.6690422021224895,0.022737562584427325,217527.0,0.03977754467954918,0.03977754467954918,0.02098761705908802,1.0,0.5666775292626277,0.019258674185157993,0.38300898972994785,0.013016654026839054,518399.0,0.04076986289371118,0.04076986289371118,0.019258674185157993,1.0,0.06282733183954839,0.0021352022117324897,0.07271196654334577,0.0024711339354545267,184352.0,0.017387852326652384,0.017387852326652384,0.0021352022117324897,1.0,0.002076895118893274,7.058378768531208e-5,0.0012925840689594005,4.3928785165359836e-5,421313.0,0.024635657988577007,0.024635657988577007,7.058378768531208e-5,1.0,29.424534825940764,1.0,0,0.0,0.0,0.0,0.0,0
108000.0,3.1678856224207746e-12,1.0851610078435683e-13,4.060561445017169e-12,1.3909476146801023e-13,0.0,0.0,0.0,0.0,0.0,0.05027262711049585,0.0,0.0,0.0,0.0,0.0,0.0,-1.775625843091523e-13,-6.082416346742553e-15,8.625548571338454e-12,2.9546865311774287e-13,0.0908137475432847,0.0031108300474186946,0.0,0.0,0.0,0.0,0.0,0.0,0.0,0.0,0.0,0.0,0.0,0.0,0.0,0.0,0.0,0.0,0.0,0.0,0.0,0.0,1.8039785561678178e-11,6.179538725401731e-13,1.0836761874030613e-11,3.712138895973638e-13,0.0,0.9200159269189893,0.03151519750023781,0.9466716157801762,0.03242828962656485,647999.0,0.0,0.0,0.0,0.0,0.0,0.0,0.0,NaN,NaN,0.0,0.0,0.0,0.0,0.0,0.0,0.0,0.0,0.0,1.0,0.0,0.0,0.0,0.0,0.0,0.0,0.0,0.0,1.0,0.0,0.0,0.0,0.0,0.0,0.0,0.0,0.0,1.0,0.0,0.0,0.0,0.0,0.0,0.0,0.0,0.0,1.0,0.68797449677792,0.023566605214859527,0.7308917026895071,0.02503673652551143,271920.0,0.04362808806254795,0.04362808806254795,0.023566605214859527,1.0,0.5989471735276086,0.020516969232418397,0.40751858290357895,0.013959572056793537,647999.0,0.04461864296096225,0.04461864296096225,0.020516969232418397,1.0,0.0820273770485361,0.00280985243023811,0.08922344576909867,0.0030563541703909004,236155.0,0.018496597041469536,0.018496597041469536,0.00280985243023811,1.0,0.0026507000184026676,9.079987872992534e-5,0.0016402514045978365,5.618690443659574e-5,550208.0,0.0251848443588082,0.0251848443588082,9.079987872992534e-5,1.0,29.192770469296498,1.0,0,0.0,0.0,0.0,0.0,0
129600.0,3.6278815937728347e-12,1.2604971101777975e-13,4.506998128457751e-12,1.565943642220608e-13,0.0,0.0,0.0,0.0,0.0,0.05027262711049585,0.0,0.0,0.05839727332894789,0.0,0.0,0.0,-2.3339349809273944e-13,-8.109190509005532e-15,1.0117868636290231e-11,3.5154245935406324e-13,0.11057165376758818,0.0038417805664015853,0.0,0.0,0.0,0.0,0.0,0.0,0.0,0.0,0.0,0.0,0.0,0.0,0.0,0.0,0.0,0.0,0.0,0.0,0.0,0.0,2.1488182114909267e-11,7.466007574588274e-13,1.2916102001107234e-11,4.48766279337858e-13,0.0,1.0127763795102969,0.035188626382413234,1.0510252463929306,0.03651757235065792,777599.0,0.0,0.0,0.0,0.0,0.0,0.0,0.0,NaN,NaN,0.0,0.0,0.0,0.0,0.0,0.0,0.0,0.0,0.0,1.0,0.0,0.0,0.0,0.0,0.0,0.0,0.0,0.0,1.0,0.0,0.0,0.0,0.0,0.0,0.0,0.0,0.0,1.0,0.0,0.0,0.0,0.0,0.0,0.0,0.0,0.0,1.0,0.7632676752630502,0.026519517632896686,0.8123520164573662,0.02822493906496922,326353.0,0.04828505549996544,0.04828505549996544,0.026519517632896686,1.0,0.6377010087174194,0.022156739625281884,0.43969510110784665,0.015277080852283168,777599.0,0.04915290442344701,0.04915290442344701,0.022156739625281884,1.0,0.106719027644593,0.003707922170830834,0.11567112924255388,0.004018960387006814,287966.0,0.021090823134180488,0.021090823134180488,0.003707922170830834,1.0,0.0035829586165148693,0.00012448887498852664,0.0021969591017715747,7.633271724510646e-5,679407.0,0.03121990858546676,0.03072134884026342,0.00012448887498852664,1.0,28.781355899031848,1.0,0,0.0,0.0,0.0,0.0,0
151200.0,3.916047116297506e-12,1.3764927971488318e-13,4.736467422514066e-12,1.664871003182638e-13,0.0,0.0,0.0,0.0,0.0,0.05027262711049585,0.0,0.0,0.0,0.0,0.0,0.0,-2.3180300012882843e-13,-8.14788868874737e-15,1.1279607355480702e-11,3.964788425264345e-13,0.11236774206526176,0.003949732548952302,0.0,0.0,0.0,0.0,0.0,0.0,0.0,0.0,0.0,0.0,0.0,0.0,0.0,0.0,0.0,0.0,0.0,0.0,0.0,0.0,2.5067891859200882e-11,8.811378300402046e-13,1.5066304770393473e-11,5.295814728527429e-13,0.0,1.0983067251514866,0.03860554409418115,1.134062905880729,0.039862375888224735,907199.0,0.0,0.0,0.0,0.0,0.0,0.0,0.0,NaN,NaN,0.0,0.0,0.0,0.0,0.0,0.0,0.0,0.0,0.0,1.0,0.0,0.0,0.0,0.0,0.0,0.0,0.0,0.0,1.0,0.0,0.0,0.0,0.0,0.0,0.0,0.0,0.0,1.0,0.0,0.0,0.0,0.0,0.0,0.0,0.0,0.0,1.0,0.8300223541317624,0.02917533313580514,0.8763740066308547,0.03080459636748121,380914.0,0.05224760377910304,0.05224760377910304,0.02917533313580514,1.0,0.6708353346650224,0.023579900313160016,0.4654532456058858,0.016360708156948893,907199.0,0.05339714099923337,0.05339714099923337,0.023579900313160016,1.0,0.13053619127705815,0.0045883545760296235,0.1383916751499373,0.004864475282650751,339803.0,0.022888308020171645,0.022888308020171645,0.0045883545760296235,1.0,0.004421108819103666,0.00015540222740376863,0.0027024760671548504,9.49921880516809e-5,808831.0,0.03272706926799473,0.03122395046619584,0.00015540222740376863,1.0,28.44945592457094,1.0,0,0.0,0.0,0.0,0.0,0
172800.0,4.371860756936506e-12,1.5624395547664289e-13,5.095408973490412e-12,1.8210251813856774e-13,0.0,0.0,0.0,0.0,0.0,0.05027262711049585,0.0,0.0,0.05839727332894789,0.0,0.0,0.0,-1.9991983810650843e-13,-7.14484472874638e-15,1.282730193628677e-11,4.584291458594029e-13,0.12560014679411233,0.004488766874018743,0.0,0.0,0.0,0.0,0.0,0.0,0.0,0.0,0.0,0.0,0.0,0.0,0.0,0.0,0.0,0.0,0.0,0.0,0.0,0.0,2.8553979157763535e-11,1.020477754495736e-12,1.7164676709600326e-11,6.134406223552816e-13,0.0,1.1799724717966202,0.04217050281268438,1.2303938650975994,0.043972490197000995,1.036799e6,0.0,0.0,0.0,0.0,0.0,0.0,0.0,NaN,NaN,0.0,0.0,0.0,0.0,0.0,0.0,0.0,0.0,0.0,1.0,0.0,0.0,0.0,0.0,0.0,0.0,0.0,0.0,1.0,0.0,0.0,0.0,0.0,0.0,0.0,0.0,0.0,1.0,0.0,0.0,0.0,0.0,0.0,0.0,0.0,0.0,1.0,0.892651040921621,0.03190205206619353,0.9495435791528845,0.03393530877416508,435714.0,0.05643424145212528,0.05643424145212528,0.03190205206619353,1.0,0.7048176855019841,0.025189160679007838,0.4960003785396278,0.017726333332548343,1.036799e6,0.05794554873894039,0.05794554873894039,0.025189160679007838,1.0,0.1571459307245674,0.0056161673869663704,0.1689582799094348,0.006038323595209437,391772.0,0.0252654039063434,0.0252654039063434,0.0056161673869663704,1.0,0.005590616749404646,0.00019980052500414975,0.00345794209728166,0.00012358182959767386,938123.0,0.04081756151970869,0.0390004540874279,0.00019980052500414975,1.0,27.980991287628157,1.0,0,0.0,0.0,0.0,0.0,0
194400.0,4.177444591674393e-12,1.5174158700203078e-13,4.771813672248633e-12,1.7333146224083634e-13,0.0,0.0,0.0,0.0,0.0,0.05027262711049585,0.0,0.0,0.0,0.0,0.0,0.0,-3.2240132018426143e-13,-1.1710912473575389e-14,1.3000823643294536e-11,4.722421970356566e-13,0.13138552022500039,0.004772450456377691,0.0,0.0,0.0,0.0,0.0,0.0,0.0,0.0,0.0,0.0,0.0,0.0,0.0,0.0,0.0,0.0,0.0,0.0,0.0,0.0,3.1895736842296545e-11,1.1585814295885848e-12,1.9151982835982467e-11,6.956770355636955e-13,0.0,1.2820620901059012,0.046569650875927994,1.3155469619907767,0.04778595608090837,1.166399e6,0.0,0.0,0.0,0.0,0.0,0.0,0.0,NaN,NaN,0.0,0.0,0.0,0.0,0.0,0.0,0.0,0.0,0.0,1.0,0.0,0.0,0.0,0.0,0.0,0.0,0.0,0.0,1.0,0.0,0.0,0.0,0.0,0.0,0.0,0.0,0.0,1.0,0.0,0.0,0.0,0.0,0.0,0.0,0.0,0.0,1.0,0.9696387804029123,0.035221179869216995,1.0140600293723045,0.036834738270125955,490238.0,0.061667029181136555,0.061667029181136555,0.035221179869216995,1.0,0.7372516516615794,0.026779944817450302,0.5206076587721133,0.018910563770237462,1.166399e6,0.06244608063249158,0.06244608063249158,0.026779944817450302,1.0,0.19011661332833835,0.006905799942718205,0.19678283053762644,0.007147943759695125,443872.0,0.028456074312928695,0.028456074312928695,0.006905799942718205,1.0,0.0064248676949135415,0.00023337703203706535,0.003993142989369703,0.00014504701164453422,1.067589e6,0.042278905525391416,0.042278905525391416,0.00023337703203706535,1.0,27.5299914427446,1.0,0,0.0,0.0,0.0,0.0,0
216000.0,4.8352609948253074e-12,1.7761730277381153e-13,5.15866917296088e-12,1.8949730022522277e-13,0.0,0.0,0.0,0.0,0.0,0.05027262711049585,0.0,0.0,0.0,0.0,0.0,0.0,-3.448070192646778e-13,-1.266605728311516e-14,1.4630010264236008e-11,5.374152430381185e-13,0.15366156311320145,0.005644566531027705,0.0,0.0,0.0,0.0,0.0,0.0,0.0,0.0,0.0,0.0,0.0,0.0,0.0,0.0,0.0,0.0,0.0,0.0,0.0,0.0,3.538055422034137e-11,1.2996606838772453e-12,2.1223339001638933e-11,7.796129791875977e-13,0.0,1.3820973038753412,0.050769626613333244,1.447673635508665,0.05317849164936275,1.295999e6,0.0,0.0,0.0,0.0,0.0,0.0,0.0,NaN,NaN,0.0,0.0,0.0,0.0,0.0,0.0,0.0,0.0,0.0,1.0,0.0,0.0,0.0,0.0,0.0,0.0,0.0,0.0,1.0,0.0,0.0,0.0,0.0,0.0,0.0,0.0,0.0,1.0,0.0,0.0,0.0,0.0,0.0,0.0,0.0,0.0,1.0,1.0419280248051561,0.03827393095189539,1.11184399920989,0.04084220737127828,545313.0,0.06616690897333068,0.06616690897333068,0.03827393095189539,1.0,0.7748837475828164,0.028464391344379822,0.5604177454442031,0.020586249321165366,1.295998e6,0.0675223989929447,0.0675223989929447,0.028464391344379822,1.0,0.22433533282777765,0.008240679619234236,0.24160965544033447,0.008875230389703628,495987.0,0.03103603464843922,0.03103603464843922,0.008240679619234236,1.0,0.007742616501913029,0.0002844153936992353,0.004943307821195451,0.00018158626864632046,1.196733e6,0.051357822348337974,0.051357822348337974,0.0002844153936992353,1.0,27.222916457541398,1.0,0,0.0,0.0,0.0,0.0,0
237600.0,5.124799098968648e-12,1.9150798077607668e-13,5.1931882950874824e-12,1.9406360814852387e-13,0.0,0.0,0.0,0.0,0.0,0.05027262711049585,0.0,0.0,0.0,0.0,0.0,0.0,-3.7555348311680764e-13,-1.4034011448291941e-14,1.5359228095169397e-11,5.739570863133014e-13,0.16635262532445405,0.00621641058653338,0.0,0.0,0.0,0.0,0.0,0.0,0.0,0.0,0.0,0.0,0.0,0.0,0.0,0.0,0.0,0.0,0.0,0.0,0.0,0.0,3.862232755082404e-11,1.4432729594451944e-12,2.3155101315900408e-11,8.652801040661226e-13,0.0,1.4952072752482213,0.05587421489012366,1.5478586337241214,0.05784173696310915,1.425598e6,0.0,0.0,0.0,0.0,0.0,0.0,0.0,NaN,NaN,0.0,0.0,0.0,0.0,0.0,0.0,0.0,0.0,0.0,1.0,0.0,0.0,0.0,0.0,0.0,0.0,0.0,0.0,1.0,0.0,0.0,0.0,0.0,0.0,0.0,0.0,0.0,1.0,0.0,0.0,0.0,0.0,0.0,0.0,0.0,0.0,1.0,1.126849369999817,0.04210909409714975,1.1876883296818592,0.044382577622302924,600680.0,0.07223860621773978,0.07223860621773978,0.04210909409714975,1.0,0.8092595769835594,0.030241120582270763,0.5882248921561054,0.021981302908383602,1.425597e6,0.0725061989912849,0.0725061989912849,0.030241120582270763,1.0,0.2671690460923235,0.009983806887826735,0.2793334893602807,0.010438378456882084,549110.0,0.03507308749448003,0.03507308749448003,0.009983806887826735,1.0,0.008726894653980263,0.00032611424201304536,0.005643654432951727,0.00021089702128421938,1.325815e6,0.05372729606753608,0.05372729606753608,0.00032611424201304536,1.0,26.76023776241936,1.0,0,0.0,0.0,0.0,0.0,0
259200.0,6.0081166210889315e-12,2.2709998940949447e-13,5.899483444440365e-12,2.2299377862460167e-13,0.0,0.0,0.0,0.0,0.0,0.05027262711049585,0.0,0.0,0.0,0.0,0.0,0.0,-4.203956334269664e-13,-1.589047781861434e-14,1.7333225187154593e-11,6.551762398582984e-13,0.18245924346260486,0.00689675232211319,0.0,0.0,0.0,0.0,0.0,0.0,0.0,0.0,0.0,0.0,0.0,0.0,0.0,0.0,0.0,0.0,0.0,0.0,0.0,0.0,4.201833324805304e-11,1.5882453083788454e-12,2.5214869334509635e-11,9.530934434143976e-13,0.0,1.611298690084003,0.060905261753605534,1.721650345138371,0.06507642907186326,1.555198e6,0.0,0.0,0.0,0.0,0.0,0.0,0.0,NaN,NaN,0.0,0.0,0.0,0.0,0.0,0.0,0.0,0.0,0.0,1.0,0.0,0.0,0.0,0.0,0.0,0.0,0.0,0.0,1.0,0.0,0.0,0.0,0.0,0.0,0.0,0.0,0.0,1.0,0.0,0.0,0.0,0.0,0.0,0.0,0.0,0.0,1.0,1.2091973285755622,0.045706286650562415,1.319034766287321,0.04985801713687669,656815.0,0.07759841609925089,0.07759841609925089,0.045706286650562415,1.0,0.8508142320458244,0.032159812345991724,0.6358639781256333,0.024034936704014572,1.555197e6,0.0782497294234688,0.0782497294234688,0.032159812345991724,1.0,0.3123669571536453,0.011807116461832547,0.3469343396319423,0.013113724287516263,603033.0,0.03858933757153188,0.03858933757153188,0.011807116461832547,1.0,0.01031063842935091,0.00038973043064638923,0.0067828109538157445,0.00025638255595294615,1.45487e6,0.06315732635325544,0.06315732635325544,0.00038973043064638923,1.0,26.455820789385502,1.0,0,0.0,0.0,0.0,0.0,0
280800.0,6.310226875150492e-12,2.4406927165821716e-13,6.04164743034035e-12,2.3368105729221367e-13,0.0,0.0,0.0,0.0,0.0,0.05027262711049585,0.0,0.0,0.0,0.0,0.0,0.0,-3.8258081205433755e-13,-1.4797601099926302e-14,1.830023569603956e-11,7.078232345488466e-13,0.19046728200967886,0.007366963457033214,0.0,0.0,0.0,0.0,0.0,0.0,0.0,0.0,0.0,0.0,0.0,0.0,0.0,0.0,0.0,0.0,0.0,0.0,0.0,0.0,4.5117517581653396e-11,1.7450719083564379e-12,2.709810908521576e-11,1.0481106113297703e-12,0.0,1.8081999691895871,0.069938222226279,1.9729955778733388,0.07631224727794667,1.684798e6,0.0,0.0,0.0,0.0,0.0,0.0,0.0,NaN,NaN,0.0,0.0,0.0,0.0,0.0,0.0,0.0,0.0,0.0,1.0,0.0,0.0,0.0,0.0,0.0,0.0,0.0,0.0,1.0,0.0,0.0,0.0,0.0,0.0,0.0,0.0,0.0,1.0,0.0,0.0,0.0,0.0,0.0,0.0,0.0,0.0,1.0,1.3546155314066257,0.05239431682390009,1.5114285982359679,0.05845959019120926,712929.0,0.08869177055858478,0.08869177055858478,0.05239431682390009,1.0,0.910521972313011,0.03521750311171498,0.7018330029968406,0.02714575454358018,1.684796e6,0.08605294267916738,0.08605294267916738,0.03521750311171498,1.0,0.3954144019183905,0.015293983400095974,0.45467923991276715,0.017586250561074202,657001.0,0.04758489833195538,0.04758489833195538,0.015293983400095974,1.0,0.012296336184956128,0.0004756022051354926,0.008227777529111283,0.00031823699981439166,1.583763e6,0.0735037545484526,0.0735037545484526,0.0004756022051354926,1.0,25.854245527421533,1.0,0,0.0,0.0,0.0,0.0,0
302400.0,6.379672275457384e-12,2.491535111724086e-13,6.026532374759202e-12,2.3536188640000296e-13,0.0,0.0,0.0,0.0,0.0,0.05027262711049585,0.0,0.0,0.0,0.0,0.0,0.0,-2.812328714944088e-13,-1.098334747687445e-14,1.8993748945406254e-11,7.41787200932029e-13,0.2004522198200348,0.00782851723945091,0.0,0.0,0.0,0.0,0.0,0.0,0.0,0.0,0.0,0.0,0.0,0.0,0.0,0.0,0.0,0.0,0.0,0.0,0.0,0.0,4.8387849108920745e-11,1.8897526366593753e-12,2.9018591074986858e-11,1.1333001984166878e-12,0.0,1.8680429796163753,0.0729550746960618,2.0175699995013523,0.07879474488771246,1.814398e6,0.0,0.0,0.0,0.0,0.0,0.0,0.0,NaN,NaN,0.0,0.0,0.0,0.0,0.0,0.0,0.0,0.0,0.0,1.0,0.0,0.0,0.0,0.0,0.0,0.0,0.0,0.0,1.0,0.0,0.0,0.0,0.0,0.0,0.0,0.0,0.0,1.0,0.0,0.0,0.0,0.0,0.0,0.0,0.0,0.0,1.0,1.399489955606705,0.054656073421095915,1.545206745434571,0.06034693781895118,769050.0,0.09165773404605664,0.09165773404605664,0.054656073421095915,1.0,0.9278063713368372,0.03623481036729764,0.7140019054872924,0.027884830764789568,1.814396e6,0.08975815019541984,0.08975815019541984,0.03623481036729764,1.0,0.42121496617161314,0.016450247481168717,0.4737752680653598,0.018502952259670823,710983.0,0.04824219473944985,0.04824219473944985,0.016450247481168717,1.0,0.012833635233793633,0.0005012083915198252,0.008585377895411096,0.00033529575737184704,1.713185e6,0.0683726042630147,0.0683726042630147,0.0005012083915198252,1.0,25.60538780062704,1.0,0,0.0,0.0,0.0,0.0,0
324000.0,6.46698417251551e-12,2.5671689606588995e-13,6.166478133597128e-12,2.447878460632556e-13,0.0,0.0,0.0,0.0,0.0,0.05027262711049585,0.0,0.0,0.0,0.0,0.0,0.0,-2.997029497041455e-13,-1.1897170139495227e-14,1.9413779666468387e-11,7.706598816282939e-13,0.2074068544766416,0.008233334500851596,0.0,0.0,0.0,0.0,0.0,0.0,0.0,0.0,0.0,0.0,0.0,0.0,0.0,0.0,0.0,0.0,0.0,0.0,0.0,0.0,5.145893564541179e-11,2.042741698655799e-12,3.0903667680628424e-11,1.2267686811017415e-12,0.0,1.977670141870088,0.07850666194928894,2.1390325237682792,0.0849121902013535,1.943998e6,0.0,0.0,0.0,0.0,0.0,0.0,0.0,NaN,NaN,0.0,0.0,0.0,0.0,0.0,0.0,0.0,0.0,0.0,1.0,0.0,0.0,0.0,0.0,0.0,0.0,0.0,0.0,1.0,0.0,0.0,0.0,0.0,0.0,0.0,0.0,0.0,1.0,0.0,0.0,0.0,0.0,0.0,0.0,0.0,0.0,1.0,1.4818301718897484,0.05882353073339117,1.6402817141178874,0.06511350872197787,825172.0,0.09813387054150471,0.09813387054150471,0.05882353073339117,1.0,0.959615971421295,0.03809343382120946,0.7431052337445786,0.02949870665649419,1.943996e6,0.09509600073007995,0.09509600073007995,0.03809343382120946,1.0,0.4708827097419401,0.018692414335850355,0.5303255682525511,0.02105209014810646,764990.0,0.052175249622787634,0.052175249622787634,0.018692414335850355,1.0,0.014196923235401874,0.0005635687314911764,0.009608091485122596,0.00038140798823361647,1.842559e6,0.07235211807713703,0.07235211807713703,0.0005635687314911764,1.0,25.19111235614063,1.0,0,0.0,0.0,0.0,0.0,0
345600.0,6.580276949298289e-12,2.6478294506685007e-13,6.4072665590612766e-12,2.5782120150999164e-13,0.0,0.0,0.0,0.0,0.0,0.05027262711049585,0.0,0.0,0.0,0.0,0.0,0.0,-4.0062897679477407e-13,-1.612085952797947e-14,2.0356164941435096e-11,8.191091871953089e-13,0.22618179788451806,0.009101301210546192,0.0,0.0,0.0,0.0,0.0,0.0,0.0,0.0,0.0,0.0,0.0,0.0,0.0,0.0,0.0,0.0,0.0,0.0,0.0,0.0,5.4619487528386906e-11,2.1978267597613216e-12,3.275839815927438e-11,1.3181611058498257e-12,0.0,2.067360817899615,0.08318827461170097,2.2336453332233854,0.08987937652514504,2.073598e6,0.0,0.0,0.0,0.0,0.0,0.0,0.0,NaN,NaN,0.0,0.0,0.0,0.0,0.0,0.0,0.0,0.0,0.0,1.0,0.0,0.0,0.0,0.0,0.0,0.0,0.0,0.0,1.0,0.0,0.0,0.0,0.0,0.0,0.0,0.0,0.0,1.0,0.0,0.0,0.0,0.0,0.0,0.0,0.0,0.0,1.0,1.550007188556256,0.062370546319403766,1.7154465670433432,0.069027640876877,881312.0,0.10344549398682394,0.10344549398682394,0.062370546319403766,1.0,0.9838271473912411,0.03958809811960121,0.7640973915476993,0.03074641982560825,2.073596e6,0.09970092717194899,0.09970092717194899,0.03958809811960121,1.0,0.5138385488707958,0.02067628540670992,0.5772980198662926,0.02322982316082585,819010.0,0.05504488043601407,0.05504488043601407,0.02067628540670992,1.0,0.01507841819134494,0.000606738592678783,0.010306354154023496,0.00041471610189527296,1.972076e6,0.0785971974300873,0.0785971974300873,0.000606738592678783,1.0,24.851589091725522,1.0,0,0.0,0.0,0.0,0.0,0
367200.0,7.091355987433519e-12,2.9026732410843385e-13,6.994204615418686e-12,2.862906701598546e-13,0.0,0.0,0.0,0.0,0.0,0.05027262711049585,0.0,0.0,0.0,0.0,0.0,0.0,-3.370573678179802e-13,-1.3796619490113345e-14,2.205600855235483e-11,9.028087990999039e-13,0.24083115265438013,0.009857834575899865,0.0,0.0,0.0,0.0,0.0,0.0,0.0,0.0,0.0,0.0,0.0,0.0,0.0,0.0,0.0,0.0,0.0,0.0,0.0,0.0,5.7669615593577896e-11,2.3605647538177266e-12,3.458897178106238e-11,1.415815014835374e-12,0.0,2.1309244024875755,0.08722418184667825,2.2898922998717195,0.09373114416454936,2.203197e6,0.0,0.0,0.0,0.0,0.0,0.0,0.0,NaN,NaN,0.0,0.0,0.0,0.0,0.0,0.0,0.0,0.0,0.0,1.0,0.0,0.0,0.0,0.0,0.0,0.0,0.0,0.0,1.0,0.0,0.0,0.0,0.0,0.0,0.0,0.0,0.0,1.0,0.0,0.0,0.0,0.0,0.0,0.0,0.0,0.0,1.0,1.598102337221665,0.06541441296964863,1.7595478552473982,0.07202279063249246,937457.0,0.10820642006078347,0.10820642006078347,0.06541441296964863,1.0,1.0008937213664728,0.04096913802280076,0.7772182703443974,0.03181353015993524,2.203196e6,0.1035970046691696,0.1035970046691696,0.04096913802280076,1.0,0.5451370959241187,0.022313854555679226,0.6061073394771747,0.02480952244736973,873044.0,0.057258828780907815,0.057258828780907815,0.022313854555679226,1.0,0.015660677093994314,0.0006410315378124415,0.010727678095339378,0.0004391112814176732,2.1015950000000005e6,0.08375999381475795,0.08375999381475795,0.0006410315378124415,1.0,24.43043153139908,1.0,0,0.0,0.0,0.0,0.0,0
388800.0,7.056302661134966e-12,2.9458161036357016e-13,7.123130464642232e-12,2.973714909738024e-13,0.0,0.0,0.0,0.0,0.0,0.05027262711049585,0.0,0.0,0.0,0.0,0.0,0.0,-3.14566749272751e-13,-1.3132313623392066e-14,2.2801751329782125e-11,9.51911638205795e-13,0.26728636951491386,0.011158485249450891,0.0,0.0,0.0,0.0,0.0,0.0,0.0,0.0,0.0,0.0,0.0,0.0,0.0,0.0,0.0,0.0,0.0,0.0,0.0,0.0,6.061289047956558e-11,2.5304247484459792e-12,3.636562266164292e-11,1.5181666943715882e-12,0.0,2.369156784169791,0.09890590783874617,2.6361845705155527,0.11005359793809652,2.332796e6,0.0,0.0,0.0,0.0,0.0,0.0,0.0,NaN,NaN,0.0,0.0,0.0,0.0,0.0,0.0,0.0,0.0,0.0,1.0,0.0,0.0,0.0,0.0,0.0,0.0,0.0,0.0,1.0,0.0,0.0,0.0,0.0,0.0,0.0,0.0,0.0,1.0,0.0,0.0,0.0,0.0,0.0,0.0,0.0,0.0,1.0,1.774603070661207,0.0740848933806123,2.034062307154487,0.08491661693052013,993704.0,0.12241014104737927,0.12241014104737927,0.0740848933806123,1.0,1.0688746170074779,0.04462263327919128,0.8529606756439436,0.03560880839082049,2.332796e6,0.11303124344601376,0.11303124344601376,0.04462263327919128,1.0,0.6618806877919182,0.027631734102364823,0.7855090250664339,0.03279288384746939,927222.0,0.06856161415226196,0.06856161415226196,0.027631734102364823,1.0,0.018097735578136515,0.0007555316638988993,0.01311373435429723,0.0005474630510459991,2.230253e6,0.0988890849956676,0.0988890849956676,0.0007555316638988993,1.0,23.95364276957457,1.0,0,0.0,0.0,0.0,0.0,0
410400.0,6.883161363400872e-12,2.922559556086454e-13,6.992109395818375e-12,2.9688184037943726e-13,0.0,0.0,0.0,0.0,0.0,0.05027262711049585,0.0,0.0,0.0,0.0,0.0,0.0,-2.1245747957801082e-13,-9.020849641914694e-15,2.2843961031325748e-11,9.699443770991454e-13,0.2763657173938077,0.011734364860870998,0.0,0.0,0.0,0.0,0.0,0.0,0.0,0.0,0.0,0.0,0.0,0.0,0.0,0.0,0.0,0.0,0.0,0.0,0.0,0.0,6.357481327227632e-11,2.6993581618359934e-12,3.815284571610952e-11,1.6199527797270102e-12,0.0,2.4747785463849317,0.10507799117412318,2.7350544919406103,0.11612919151279066,2.462395e6,0.0,0.0,0.0,0.0,0.0,0.0,0.0,NaN,NaN,0.0,0.0,0.0,0.0,0.0,0.0,0.0,0.0,0.0,1.0,0.0,0.0,0.0,0.0,0.0,0.0,0.0,0.0,1.0,0.0,0.0,0.0,0.0,0.0,0.0,0.0,0.0,1.0,0.0,0.0,0.0,0.0,0.0,0.0,0.0,0.0,1.0,1.855690016065106,0.0787917688291081,2.112583438846392,0.08969934876232431,1.049948e6,0.12995651258786875,0.12995651258786875,0.0787917688291081,1.0,1.0953383245966828,0.04650757578805473,0.8744287318957853,0.03712785319994178,2.462395e6,0.11812748221370031,0.11812748221370031,0.04650757578805473,1.0,0.7178421381410613,0.030479256403036448,0.8393518679092571,0.035638505229887485,981438.0,0.07327886707498457,0.07327886707498457,0.030479256403036448,1.0,0.01903641692001028,0.0008082777556116077,0.013855484572784444,0.0005882976833539228,2.358915e6,0.09862130101126376,0.09862130101126376,0.0008082777556116077,1.0,23.551825827008937,1.0,0,0.0,0.0,0.0,0.0,0
432000.0,6.959999079625063e-12,2.9902212225614435e-13,7.2047401002528445e-12,3.095369195361458e-13,0.0,0.0,0.0,0.0,0.0,0.05027262711049585,0.0,0.0,0.0,0.0,0.0,0.0,-1.63512068193366e-13,-7.0249615102399725e-15,2.3137536748717465e-11,9.9405693351812e-13,0.2818597697245339,0.012109528400425965,0.0,0.0,0.0,0.0,0.0,0.0,0.0,0.0,0.0,0.0,0.0,0.0,0.0,0.0,0.0,0.0,0.0,0.0,0.0,0.0,6.662701890232134e-11,2.862493567002832e-12,4.001878586296712e-11,1.7193252674256467e-12,0.0,2.570316655691399,0.11042839696705266,2.8471308265091686,0.1223211515323253,2.591995e6,0.0,0.0,0.0,0.0,0.0,0.0,0.0,NaN,NaN,0.0,0.0,0.0,0.0,0.0,0.0,0.0,0.0,0.0,1.0,0.0,0.0,0.0,0.0,0.0,0.0,0.0,0.0,1.0,0.0,0.0,0.0,0.0,0.0,0.0,0.0,0.0,1.0,0.0,0.0,0.0,0.0,0.0,0.0,0.0,0.0,1.0,1.9267766419822896,0.08278001677985118,2.201831908090104,0.09459720360248476,1.1061e6,0.13598691357240345,0.13598691357240345,0.08278001677985118,1.0,1.1216010988801164,0.048187296733094284,0.8983423801362923,0.0385954426067914,2.591995e6,0.12315775117800376,0.12315775117800376,0.048187296733094284,1.0,0.7683052672913471,0.033008664072755746,0.9024594373329137,0.038772323546903534,1.035636e6,0.07672935589336062,0.07672935589336062,0.033008664072755746,1.0,0.020212742182276255,0.000868399118277776,0.014825168976664914,0.0006369330569576891,2.487697e6,0.10291009008704467,0.10291009008704467,0.000868399118277776,1.0,23.27586677236904,1.0,0,0.0,0.0,0.0,0.0,0
453600.0,7.28114283523679e-12,3.161656519520726e-13,7.657224916136796e-12,3.324960878446101e-13,0.0,0.0,0.0,0.0,0.0,0.05027262711049585,0.0,0.0,0.0,0.0,0.0,0.0,-5.457077462951841e-14,-2.369601164088442e-15,2.3596266078803488e-11,1.0246096000665622e-12,0.2877464878278622,0.012494680846081298,0.0,0.0,0.0,0.0,0.0,0.0,0.0,0.0,0.0,0.0,0.0,0.0,0.0,0.0,0.0,0.0,0.0,0.0,0.0,0.0,6.962094576330998e-11,3.023117689746701e-12,4.183457742553787e-11,1.816563243598901e-12,0.0,2.6755631665773856,0.11617972508465162,2.9753377068752616,0.12919669441441597,2.721595e6,0.0,0.0,0.0,0.0,0.0,0.0,0.0,NaN,NaN,0.0,0.0,0.0,0.0,0.0,0.0,0.0,0.0,0.0,1.0,0.0,0.0,0.0,0.0,0.0,0.0,0.0,0.0,1.0,0.0,0.0,0.0,0.0,0.0,0.0,0.0,0.0,1.0,0.0,0.0,0.0,0.0,0.0,0.0,0.0,0.0,1.0,2.0053392228989804,0.08707690497769227,2.304071523754843,0.10004861763276546,1.162313e6,0.14246735719827802,0.14246735719827802,0.08707690497769227,1.0,1.1501053771006577,0.0499404866231811,0.9254671076983606,0.04018612436081067,2.721595e6,0.12844973928116893,0.12844973928116893,0.0499404866231811,1.0,0.8255692332339047,0.03584830578982615,0.9767446062235609,0.04241272314050129,1.089882e6,0.08068071539345406,0.08068071539345406,0.03584830578982615,1.0,0.02134113449906544,0.0009266860786799087,0.01583780551736919,0.0006877176042552279,2.617123e6,0.11101233049640917,0.11101233049640917,0.0009266860786799087,1.0,23.02951883065569,1.0,0,0.0,0.0,0.0,0.0,0
475200.0,7.261886864536543e-12,3.206386817130243e-13,7.993297607520435e-12,3.5293312264770365e-13,0.0,0.0,0.0,0.0,0.0,0.05027262711049585,0.0,0.0,0.0,0.0,0.0,0.0,-2.628466941400177e-14,-1.1605636258705404e-15,2.4199588199751325e-11,1.0684997168241519e-12,0.30587427583489896,0.013505460275424874,0.0,0.0,0.0,0.0,0.0,0.0,0.0,0.0,0.0,0.0,0.0,0.0,0.0,0.0,0.0,0.0,0.0,0.0,0.0,0.0,7.236598467333876e-11,3.1952210712394665e-12,4.3538779033155356e-11,1.922395235976531e-12,0.0,2.870915592673484,0.12676135116337156,3.2390310783635616,0.14301498692658154,2.851195e6,0.0,0.0,0.0,0.0,0.0,0.0,0.0,NaN,NaN,0.0,0.0,0.0,0.0,0.0,0.0,0.0,0.0,0.0,1.0,0.0,0.0,0.0,0.0,0.0,0.0,0.0,0.0,1.0,0.0,0.0,0.0,0.0,0.0,0.0,0.0,0.0,1.0,0.0,0.0,0.0,0.0,0.0,0.0,0.0,0.0,1.0,2.152030007142449,0.0950199414241443,2.5160453738664925,0.11109254204254147,1.218668e6,0.15543374749005143,0.15543374749005143,0.0950199414241443,1.0,1.201713210849616,0.05306000312475779,0.9790702270378282,0.04322950670506152,2.851195e6,0.13651374850505243,0.13651374850505243,0.05306000312475779,1.0,0.934934285326135,0.04128074456781176,1.134239645298998,0.05008080012804349,1.144828e6,0.0906779546021494,0.0906779546021494,0.04128074456781176,1.0,0.023322117745981814,0.0010297562091398386,0.017760717958488097,0.0007842002083916936,2.746541e6,0.12222825305633006,0.12222825305633006,0.0010297562091398386,1.0,22.648193367499008,1.0,0,0.0,0.0,0.0,0.0,0
496800.0,7.042355122157976e-12,3.161944394319724e-13,8.091968311394612e-12,3.63320982787739e-13,0.0,0.0,0.0,0.0,0.0,0.05027262711049585,0.0,0.0,0.0,0.0,0.0,0.0,-2.0417293089495633e-14,-9.16715279358577e-16,2.468758106788077e-11,1.1084467797042779e-12,0.3203584911248608,0.014383763920081616,0.0,0.0,0.0,0.0,0.0,0.0,0.0,0.0,0.0,0.0,0.0,0.0,0.0,0.0,0.0,0.0,0.0,0.0,0.0,0.0,7.518973626025297e-11,3.3759411582418658e-12,4.5257322172931625e-11,2.0320068168157455e-12,0.0,2.9814831676754396,0.1338655013168547,3.352143787314904,0.15050777862514447,2.980794e6,0.0,0.0,0.0,0.0,0.0,0.0,0.0,NaN,NaN,0.0,0.0,0.0,0.0,0.0,0.0,0.0,0.0,0.0,1.0,0.0,0.0,0.0,0.0,0.0,0.0,0.0,0.0,1.0,0.0,0.0,0.0,0.0,0.0,0.0,0.0,0.0,1.0,0.0,0.0,0.0,0.0,0.0,0.0,0.0,0.0,1.0,2.2371134045156644,0.10044407114048316,2.607804337173965,0.11708770947187276,1.275228e6,0.1643419772268686,0.1643419772268686,0.10044407114048316,1.0,1.228684179962326,0.055166645075841056,1.0013157657775846,0.04495803914492474,2.980794e6,0.14188564358397998,0.14188564358397998,0.055166645075841056,1.0,0.9996115470198051,0.0448815214906119,1.203982600954424,0.05405756980315092,1.200488e6,0.09637961831543364,0.09637961831543364,0.0448815214906119,1.0,0.02438677999930497,0.001094941123768296,0.018618666588107305,0.0008359588152937967,2.875789e6,0.1277602038200352,0.1277602038200352,0.001094941123768296,1.0,22.27222950159787,1.0,0,0.0,0.0,0.0,0.0,0
518400.0,7.216326268617244e-12,3.2825284747741126e-13,8.726880898284186e-12,3.969642443851028e-13,0.0,0.0,0.0,0.0,0.0,0.05027262711049585,0.0,0.0,0.0,0.0,0.0,0.0,-5.961084948299481e-14,-2.7115502202881725e-15,2.5799764679351185e-11,1.1735675335348887e-12,0.3298156480653231,0.015002498721665316,0.0,0.0,0.0,0.0,0.0,0.0,0.0,0.0,0.0,0.0,0.0,0.0,0.0,0.0,0.0,0.0,0.0,0.0,0.0,0.0,7.806773572002691e-11,3.551108360725929e-12,4.695881456439674e-11,2.136040420173599e-12,0.0,3.0380092191599846,0.138191531221187,3.400662123277989,0.15468771556645186,3.110394e6,0.0,0.0,0.0,0.0,0.0,0.0,0.0,NaN,NaN,0.0,0.0,0.0,0.0,0.0,0.0,0.0,0.0,0.0,1.0,0.0,0.0,0.0,0.0,0.0,0.0,0.0,0.0,1.0,0.0,0.0,0.0,0.0,0.0,0.0,0.0,0.0,1.0,0.0,0.0,0.0,0.0,0.0,0.0,0.0,0.0,1.0,2.279711741044312,0.10369845300368769,2.6459308012042433,0.12035685297387547,1.331423e6,0.16955482756501633,0.16955482756501633,0.10369845300368769,1.0,1.2434067516128553,0.05655950016624815,1.012171905716667,0.0460411985019349,3.110394e6,0.14561895278519182,0.14561895278519182,0.05655950016624815,1.0,1.0326835169633541,0.04697422100499932,1.2334992366403676,0.056108831795655296,1.256485e6,0.0988269578439276,0.0988269578439276,0.04697422100499932,1.0,0.024988217578676156,0.0011366522615886745,0.019080803026184274,0.0008679385732237327,3.00448e6,0.12693095746201166,0.12693095746201166,0.0011366522615886745,1.0,21.98404773659682,1.0,0,0.0,0.0,0.0,0.0,0
540000.0,7.172840573239892e-12,3.318058460527447e-13,9.048772126168149e-12,4.18583887429907e-13,0.0,0.0,0.0,0.0,0.0,0.05027262711049585,0.0,0.0,0.0,0.0,0.0,0.0,-1.5523394444674368e-13,-7.180911069656075e-15,2.6034193197805102e-11,1.2043063570276052e-12,0.36999088823925974,0.017115275106216736,0.0,0.0,0.0,0.0,0.0,0.0,0.0,0.0,0.0,0.0,0.0,0.0,0.0,0.0,0.0,0.0,0.0,0.0,0.0,0.0,8.084049968343813e-11,3.739571529424642e-12,4.869426273613796e-11,2.2525303441647445e-12,0.0,3.243263138143146,0.15002894021345703,3.6799296446516867,0.1702285387066267,3.239994e6,0.0,0.0,0.0,0.0,0.0,0.0,0.0,NaN,NaN,0.0,0.0,0.0,0.0,0.0,0.0,0.0,0.0,0.0,1.0,0.0,0.0,0.0,0.0,0.0,0.0,0.0,0.0,1.0,0.0,0.0,0.0,0.0,0.0,0.0,0.0,0.0,1.0,0.0,0.0,0.0,0.0,0.0,0.0,0.0,0.0,1.0,2.4355356418310676,0.11266456517161248,2.8753066185452405,0.1330077722327696,1.388136e6,0.18458620095302714,0.18458620095302714,0.11266456517161248,1.0,1.295199747149454,0.059914178144922885,1.0635885048975111,0.049200157192409104,3.239991e6,0.15376917400215204,0.15376917400215204,0.059914178144922885,1.0,1.1550030989359095,0.05342887194032081,1.4140968022087472,0.06541419414894639,1.312494e6,0.11064534677027031,0.11064534677027031,0.05342887194032081,1.0,0.027289380858644387,0.0012623696304974665,0.02115232230613621,0.0009784776515111792,3.13395e6,0.13858478714604422,0.13858478714604422,0.0012623696304974665,1.0,21.61758347108712,1.0,0,0.0,0.0,0.0,0.0,0
561600.0,7.74961392661784e-12,3.6319192543088925e-13,9.855951787631843e-12,4.619071531304357e-13,0.0,0.0,0.0,0.0,0.0,0.05027262711049585,0.0,0.0,0.0,0.0,0.0,0.0,-1.6512567930739292e-13,-7.738748532974889e-15,2.7470492647332893e-11,1.2874268591434468e-12,0.3991421772653628,0.018706121008656686,0.0,0.0,0.0,0.0,0.0,0.0,0.0,0.0,0.0,0.0,0.0,0.0,0.0,0.0,0.0,0.0,0.0,0.0,0.0,0.0,8.378400276639071e-11,3.9266050635780255e-12,5.0459608264704626e-11,2.364830358735654e-12,0.0,3.32472163279014,0.15581576872975592,3.7660811362600337,0.17650043888111283,3.369594e6,0.0,0.0,0.0,0.0,0.0,0.0,0.0,NaN,NaN,0.0,0.0,0.0,0.0,0.0,0.0,0.0,0.0,0.0,1.0,0.0,0.0,0.0,0.0,0.0,0.0,0.0,0.0,1.0,0.0,0.0,0.0,0.0,0.0,0.0,0.0,0.0,1.0,0.0,0.0,0.0,0.0,0.0,0.0,0.0,0.0,1.0,2.4990986739440824,0.11712228090666443,2.946765056785744,0.13810252806149312,1.444756e6,0.19190195653207512,0.19190195653207512,0.11712228090666443,1.0,1.3141496578791005,0.061588686748651714,1.0789076503355484,0.050563879774911516,3.369591e6,0.15805082582209243,0.15805082582209243,0.061588686748651714,1.0,1.2059399677985947,0.05651735209085273,1.4715120231116425,0.06896360128766654,1.36859e6,0.11490456689226726,0.11490456689226726,0.05651735209085273,1.0,0.028067428203172894,0.0013154027268365497,0.021791294046947848,0.0010212666227613935,3.263507e6,0.14488650969990002,0.14488650969990002,0.0013154027268365497,1.0,21.337517119698443,1.0,0,0.0,0.0,0.0,0.0,0
583200.0,7.926192090261016e-12,3.7673933924131524e-13,1.0309898503613791e-11,4.900391393073817e-13,0.0,0.0,0.0,0.0,0.0,0.05027262711049585,0.0,0.0,0.0,0.0,0.0,0.0,-1.302043763847424e-13,-6.1887360496583676e-15,2.83416326666039e-11,1.3471043651535846e-12,0.4180885505660493,0.01987214068129223,0.0,0.0,0.0,0.0,0.0,0.0,0.0,0.0,0.0,0.0,0.0,0.0,0.0,0.0,0.0,0.0,0.0,0.0,0.0,0.0,8.661819618418866e-11,4.117044051556822e-12,5.216884241368484e-11,2.479633977589951e-12,0.0,3.397245652954973,0.16147427011102627,3.8302932698065177,0.18205742923394688,3.499194e6,0.0,0.0,0.0,0.0,0.0,0.0,0.0,NaN,NaN,0.0,0.0,0.0,0.0,0.0,0.0,0.0,0.0,0.0,1.0,0.0,0.0,0.0,0.0,0.0,0.0,0.0,0.0,1.0,0.0,0.0,0.0,0.0,0.0,0.0,0.0,0.0,1.0,0.0,0.0,0.0,0.0,0.0,0.0,0.0,0.0,1.0,2.5568259958334085,0.12152833608573009,2.9999036599952196,0.14258823275843477,1.501671e6,0.1994134039851887,0.1994134039851887,0.12152833608573009,1.0,1.3298164604478717,0.06320742279725114,1.090501965734562,0.051832580554916276,3.499191e6,0.1618334255469634,0.1618334255469634,0.06320742279725114,1.0,1.2528219154837406,0.059547799908397175,1.514796829948023,0.07199971314102534,1.424731e6,0.11932366453166904,0.11932366453166904,0.059547799908397175,1.0,0.02871205110129841,0.001364710700546475,0.02227199215816146,0.0010586086627351963,3.393057e6,0.14916493043077017,0.14916493043077017,0.001364710700546475,1.0,21.038928682687956,1.0,0,0.0,0.0,0.0,0.0,0
604800.0,7.72350183246132e-12,3.7246666169744515e-13,1.0498683778714777e-11,5.063000934161551e-13,0.0,0.0,0.0,0.0,0.0,0.05027262711049585,0.0,0.0,0.0,0.0,0.0,0.0,-1.0678558311793045e-13,-5.149745610751727e-15,2.9164880914846544e-11,1.4064793494966553e-12,0.4287391973077668,0.020675991412198048,0.0,0.0,0.0,0.0,0.0,0.0,0.0,0.0,0.0,0.0,0.0,0.0,0.0,0.0,0.0,0.0,0.0,0.0,0.0,0.0,8.9380674452083e-11,4.31039211948037e-12,5.384876848964001e-11,2.596862339250987e-12,0.0,3.5378765142004935,0.17061445485824595,3.9980723014158963,0.19280744351928764,3.628793e6,0.0,0.0,0.0,0.0,0.0,0.0,0.0,NaN,NaN,0.0,0.0,0.0,0.0,0.0,0.0,0.0,0.0,0.0,1.0,0.0,0.0,0.0,0.0,0.0,0.0,0.0,0.0,1.0,0.0,0.0,0.0,0.0,0.0,0.0,0.0,0.0,1.0,0.0,0.0,0.0,0.0,0.0,0.0,0.0,0.0,1.0,2.6678385296165117,0.12865678452974708,3.140261448006132,0.15143942783571376,1.558341e6,0.2115786279629466,0.2115786279629466,0.12865678452974708,1.0,1.3608131942293682,0.0656253547475271,1.1188107727460752,0.053954763348980736,3.628791e6,0.16744589775363775,0.16744589775363775,0.0656253547475271,1.0,1.3446291314709327,0.06484487667435554,1.6310965266104642,0.07865979595155875,1.480789e6,0.12836196507264894,0.12836196507264894,0.06484487667435554,1.0,0.03005305936839385,0.0014493118457866107,0.023472125138528727,0.0011319456229748049,3.522572e6,0.15477325597600125,0.15477325597600125,0.0014493118457866107,1.0,20.736088962332754,1.0,0,0.0,0.0,0.0,0.0,0
626400.0,7.368103133934576e-12,3.585225744414588e-13,1.0590520238980722e-11,5.153213129260545e-13,0.0,0.0,0.0,0.0,0.0,0.05027262711049585,0.0,0.0,0.0,0.0,0.0,0.0,-9.976859623118627e-14,-4.854613639225009e-15,2.9698588401848546e-11,1.4450957291937568e-12,0.43853398578588965,0.02133850880017111,0.0,0.0,0.0,0.0,0.0,0.0,0.0,0.0,0.0,0.0,0.0,0.0,0.0,0.0,0.0,0.0,0.0,0.0,0.0,0.0,9.218197975769766e-11,4.485458482201216e-12,5.554085294204783e-11,2.7025476193116315e-12,0.0,3.5941135508648707,0.17488501717034302,4.04494553516973,0.19682193101579526,3.758393e6,0.0,0.0,0.0,0.0,0.0,0.0,0.0,NaN,NaN,0.0,0.0,0.0,0.0,0.0,0.0,0.0,0.0,0.0,1.0,0.0,0.0,0.0,0.0,0.0,0.0,0.0,0.0,1.0,0.0,0.0,0.0,0.0,0.0,0.0,0.0,0.0,1.0,0.0,0.0,0.0,0.0,0.0,0.0,0.0,0.0,1.0,2.7128016077516235,0.1320014932853784,3.179501177823889,0.1547105037744431,1.615446e6,0.21689872765338705,0.21689872765338705,0.1320014932853784,1.0,1.372847642748767,0.06680102900939476,1.1268912297747196,0.05483310120261427,3.758391e6,0.1706658444874944,0.1706658444874944,0.06680102900939476,1.0,1.3821717680165257,0.06725472914559609,1.6639464169652682,0.08096552698828254,1.536876e6,0.13108706703523965,0.13108706703523965,0.06725472914559609,1.0,0.030613492302591538,0.0014896137952276332,0.02386165346461111,0.0011610778615681484,3.65209e6,0.153745360628387,0.153745360628387,0.0014896137952276332,1.0,20.5512948394207,1.0,0,0.0,0.0,0.0,0.0,0
648000.0,7.271797741344299e-12,3.5811827149701744e-13,1.0838641765470453e-11,5.337766247756094e-13,0.0,0.0,0.0,0.0,0.0,0.05027262711049585,0.0,0.0,0.0,0.0,0.0,0.0,-9.069436940995376e-14,-4.466476098880101e-15,3.0336746198421925e-11,1.494010628163343e-12,0.4464994873535359,0.021989008815004922,0.0,0.0,0.0,0.0,0.0,0.0,0.0,0.0,0.0,0.0,0.0,0.0,0.0,0.0,0.0,0.0,0.0,0.0,0.0,0.0,9.494368726405501e-11,4.6757446207890774e-12,5.7190734466024047e-11,2.816503937694946e-12,0.0,3.6583759376154856,0.18016607637700072,4.101662872856276,0.20199687484971718,3.887992e6,0.0,0.0,0.0,0.0,0.0,0.0,0.0,NaN,NaN,0.0,0.0,0.0,0.0,0.0,0.0,0.0,0.0,0.0,1.0,0.0,0.0,0.0,0.0,0.0,0.0,0.0,0.0,1.0,0.0,0.0,0.0,0.0,0.0,0.0,0.0,0.0,1.0,0.0,0.0,0.0,0.0,0.0,0.0,0.0,0.0,1.0,2.764937306123655,0.1361664067245598,3.2274267691810543,0.15894288277449475,1.673041e6,0.22411018235439278,0.22411018235439278,0.1361664067245598,1.0,1.385753753578519,0.06824498653620437,1.1361453884938404,0.055952384426674766,3.88799e6,0.17391107293108668,0.17391107293108668,0.06824498653620437,1.0,1.4263282946298177,0.07024318354675402,1.7046259718433419,0.0839486641817143,1.593023e6,0.13544741398151064,0.13544741398151064,0.07024318354675402,1.0,0.031236163999948763,0.0015383047573310354,0.024322395185079147,0.0011978185356868434,3.781596e6,0.1528819276739877,0.1528819276739877,0.0015383047573310354,1.0,20.305575895210534,1.0,0,0.0,0.0,0.0,0.0,0
669600.0,7.596756574239559e-12,3.7848575999753935e-13,1.1533380745856301e-11,5.746163292554062e-13,0.0,0.0,0.0,0.0,0.0,0.05027262711049585,0.0,0.0,0.0,0.0,0.0,0.0,-1.1398069692564493e-13,-5.6787485921608956e-15,3.1216813750286e-11,1.5552847273063158e-12,0.455460260385992,0.022691950323302977,0.0,0.0,0.0,0.0,0.0,0.0,0.0,0.0,0.0,0.0,0.0,0.0,0.0,0.0,0.0,0.0,0.0,0.0,0.0,0.0,9.783683301509627e-11,4.8744286772381915e-12,5.89003325970743e-11,2.934533564324858e-12,0.0,3.7320218189308094,0.18593686669587944,4.167106944263531,0.20761368662763616,4.017592e6,0.0,0.0,0.0,0.0,0.0,0.0,0.0,NaN,NaN,0.0,0.0,0.0,0.0,0.0,0.0,0.0,0.0,0.0,1.0,0.0,0.0,0.0,0.0,0.0,0.0,0.0,0.0,1.0,0.0,0.0,0.0,0.0,0.0,0.0,0.0,0.0,1.0,0.0,0.0,0.0,0.0,0.0,0.0,0.0,0.0,1.0,2.8244689740061255,0.14072075046358695,3.2825314805710475,0.1635423499487537,1.731132e6,0.23199312155043475,0.23199312155043475,0.14072075046358695,1.0,1.4007728974295781,0.0697893356837829,1.1470303682240168,0.05714737025136042,4.01759e6,0.1773882462284025,0.1773882462284025,0.0697893356837829,1.0,1.477277901141509,0.07360096952916818,1.7519117716762527,0.08728378379267686,1.649141e6,0.1404816209241955,0.1404816209241955,0.07360096952916818,1.0,0.032050160898027376,0.0015968037657896898,0.024915852416492038,0.0012413581040388274,3.910491e6,0.15323083428763742,0.15323083428763742,0.0015968037657896898,1.0,20.071446213165185,1.0,0,0.0,0.0,0.0,0.0,0
691200.0,7.400121687196894e-12,3.756058356826831e-13,1.1727654756548763e-11,5.952571797640344e-13,0.0,0.0,0.0,0.0,0.0,0.05027262711049585,0.0,0.0,0.0,0.0,0.0,0.0,-8.58415158926252e-14,-4.35703298891711e-15,3.168395252928557e-11,1.6081732126219464e-12,0.46553738229822833,0.023629146237173534,0.0,0.0,0.0,0.0,0.0,0.0,0.0,0.0,0.0,0.0,0.0,0.0,0.0,0.0,0.0,0.0,0.0,0.0,0.0,0.0,1.0051750052515688e-10,5.101937695268814e-12,6.053262930654538e-11,3.072437154120288e-12,0.0,3.8852196439900135,0.19720096950789748,4.341937059734731,0.22038244325425826,4.147192e6,0.0,0.0,0.0,0.0,0.0,0.0,0.0,NaN,NaN,0.0,0.0,0.0,0.0,0.0,0.0,0.0,0.0,0.0,1.0,0.0,0.0,0.0,0.0,0.0,0.0,0.0,0.0,1.0,0.0,0.0,0.0,0.0,0.0,0.0,0.0,0.0,1.0,0.0,0.0,0.0,0.0,0.0,0.0,0.0,0.0,1.0,2.9496126115146604,0.1497126340239691,3.431882240156465,0.1741910540483022,1.789078e6,0.24839339209027375,0.24839339209027375,0.1497126340239691,1.0,1.4303245972266396,0.0725985718002849,1.1735296599405776,0.05956450545712055,4.147188e6,0.1827408490139032,0.1827408490139032,0.0725985718002849,1.0,1.585962548709958,0.08049824227894377,1.8819785696572477,0.09552304181916398,1.705325e6,0.15299506567790744,0.15299506567790744,0.08049824227894377,1.0,0.03354155897521678,0.0017024592056078028,0.026260558669351657,0.0013328995794165402,4.039354e6,0.16205869716036536,0.16205869716036536,0.0017024592056078028,1.0,19.701828310912127,1.0,0,0.0,0.0,0.0,0.0,0
712800.0,7.316627985164626e-12,3.770890701128614e-13,1.206125788508188e-11,6.216208517774747e-13,0.0,0.0,0.0,0.0,0.0,0.05027262711049585,0.0,0.0,0.0,0.0,0.0,0.0,-1.0665552663400128e-13,-5.4968810006961336e-15,3.2341844560945824e-11,1.6668547472893496e-12,0.47079686622657935,0.024264231126332917,0.0,0.0,0.0,0.0,0.0,0.0,0.0,0.0,0.0,0.0,0.0,0.0,0.0,0.0,0.0,0.0,0.0,0.0,0.0,0.0,1.0314277523612241e-10,5.315838564091508e-12,6.212810641808196e-11,3.201998232597074e-12,0.0,3.9551669436002297,0.20384393301496806,4.4029164721882585,0.22692033565851902,4.276792e6,0.0,0.0,0.0,0.0,0.0,0.0,0.0,NaN,NaN,0.0,0.0,0.0,0.0,0.0,0.0,0.0,0.0,0.0,1.0,0.0,0.0,0.0,0.0,0.0,0.0,0.0,0.0,1.0,0.0,0.0,0.0,0.0,0.0,0.0,0.0,0.0,1.0,0.0,0.0,0.0,0.0,0.0,0.0,0.0,0.0,1.0,3.0079852405702994,0.15502747434743935,3.4845301946790093,0.17958795411710832,1.847145e6,0.25854564836686644,0.25854564836686644,0.15502747434743935,1.0,1.4426131026277527,0.07435032018923798,1.1822920157277224,0.060933724895758254,4.276787e6,0.18569639506963664,0.18569639506963664,0.07435032018923798,1.0,1.6371683075200392,0.08437743123645886,1.9282919157608112,0.0993815466489146,1.761492e6,0.15972189669488096,0.15972189669488096,0.08437743123645886,1.0,0.03417965005032628,0.0017615727464064242,0.026733617905044114,0.0013778143616165832,4.167421e6,0.1643862461083694,0.1643862461083694,0.0017615727464064242,1.0,19.402917148923954,1.0,0,0.0,0.0,0.0,0.0,0
734400.0,7.102590838857533e-12,3.689258201391638e-13,1.2397322753240656e-11,6.439470565088772e-13,0.0,0.0,0.0,0.0,0.0,0.05027262711049585,0.0,0.0,0.0,0.0,0.0,0.0,-1.3553748238095396e-13,-7.040146051132242e-15,3.3411797009481016e-11,1.7354898928724977e-12,0.47776559076367,0.024816305261800897,0.0,0.0,0.0,0.0,0.0,0.0,0.0,0.0,0.0,0.0,0.0,0.0,0.0,0.0,0.0,0.0,0.0,0.0,0.0,0.0,1.0601345872424726e-10,5.5065965494815714e-12,6.385645248498378e-11,3.316859247377058e-12,0.0,4.004647256092414,0.20801110564318973,4.4507462105287505,0.23118256889688904,4.406392e6,0.0,0.0,0.0,0.0,0.0,0.0,0.0,NaN,NaN,0.0,0.0,0.0,0.0,0.0,0.0,0.0,0.0,0.0,1.0,0.0,0.0,0.0,0.0,0.0,0.0,0.0,0.0,1.0,0.0,0.0,0.0,0.0,0.0,0.0,0.0,0.0,1.0,0.0,0.0,0.0,0.0,0.0,0.0,0.0,0.0,1.0,3.0478335045342684,0.15831187531686575,3.525453491916877,0.18312061758538833,1.9051e6,0.2641762330296826,0.2641762330296826,0.15831187531686575,1.0,1.4529221471745857,0.07546830542627159,1.1895995685438627,0.061790691089962005,4.406386e6,0.1883252595242312,0.1883252595242312,0.07546830542627159,1.0,1.6722393321846476,0.08686017273021228,1.9645055032523882,0.10204118756077278,1.817498e6,0.162870375984809,0.162870375984809,0.08686017273021228,1.0,0.03473644596712632,0.001804295377263091,0.027154683078459474,0.0014104801969630509,4.296463e6,0.165447313461744,0.165447313461744,0.001804295377263091,1.0,19.252083890952225,1.0,0,0.0,0.0,0.0,0.0,0
756000.0,6.7294687178049925e-12,3.5272682475994727e-13,1.2361049786100382e-11,6.479075874466618e-13,0.0,0.0,0.0,0.0,0.0,0.05027262711049585,0.0,0.0,0.0,0.0,0.0,0.0,-1.1391783622798673e-13,-5.9710325348429455e-15,3.3703264626138644e-11,1.7665652392689567e-12,0.4845413246556288,0.025397357514800382,0.0,0.0,0.0,0.0,0.0,0.0,0.0,0.0,0.0,0.0,0.0,0.0,0.0,0.0,0.0,0.0,0.0,0.0,0.0,0.0,1.088316901985816e-10,5.70444088928394e-12,6.558135754090808e-11,3.4374636362670532e-12,0.0,4.091438571921655,0.21445379965225936,4.531920805428791,0.23754178863080386,4.535992e6,0.0,0.0,0.0,0.0,0.0,0.0,0.0,NaN,NaN,0.0,0.0,0.0,0.0,0.0,0.0,0.0,0.0,0.0,1.0,0.0,0.0,0.0,0.0,0.0,0.0,0.0,0.0,1.0,0.0,0.0,0.0,0.0,0.0,0.0,0.0,0.0,1.0,0.0,0.0,0.0,0.0,0.0,0.0,0.0,0.0,1.0,3.120459221520791,0.16355966854972473,3.595986253780774,0.18848453962205733,1.962888e6,0.2734031869887571,0.2734031869887571,0.16355966854972473,1.0,1.4679813779237765,0.07694461954653084,1.2007796033754348,0.06293917016279377,4.535985e6,0.19151702808318025,0.19151702808318025,0.07694461954653084,1.0,1.7369967078201247,0.09104512689788076,2.027523040823385,0.10627313898125021,1.873489e6,0.16959949739634997,0.16959949739634997,0.09104512689788076,1.0,0.03565143814804646,0.0018686792529125312,0.02785590471774882,0.0014600743734658522,4.425527e6,0.16128024670163268,0.16128024670163268,0.0018686792529125312,1.0,19.07841492459446,1.0,0,0.0,0.0,0.0,0.0,0
777600.0,6.852635711547172e-12,3.633888171169714e-13,1.2885004052054017e-11,6.832796281777164e-13,0.0,0.0,0.0,0.0,0.0,0.05027262711049585,0.0,0.0,0.0,0.0,0.0,0.0,-3.944350142976176e-14,-2.0916517280146722e-15,3.460247858936634e-11,1.8349368466671638e-12,0.49206434138666555,0.026093708536210885,0.0,0.0,0.0,0.0,0.0,0.0,0.0,0.0,0.0,0.0,0.0,0.0,0.0,0.0,0.0,0.0,0.0,0.0,0.0,0.0,1.1166404420565699e-10,5.921439085112174e-12,6.729679620052916e-11,3.568685714004023e-12,0.0,4.182427603869941,0.2217901963016387,4.624110784613681,0.24521223934421146,4.665592e6,0.0,0.0,0.0,0.0,0.0,0.0,0.0,NaN,NaN,0.0,0.0,0.0,0.0,0.0,0.0,0.0,0.0,0.0,1.0,0.0,0.0,0.0,0.0,0.0,0.0,0.0,0.0,1.0,0.0,0.0,0.0,0.0,0.0,0.0,0.0,0.0,1.0,0.0,0.0,0.0,0.0,0.0,0.0,0.0,0.0,1.0,3.1955416107001824,0.16945656165607295,3.6756603142433772,0.19491680426933514,2.020976e6,0.28431908404904166,0.28431908404904166,0.16945656165607295,1.0,1.4849153321810615,0.07874366138723295,1.2139292162513435,0.0643735229079777,4.665584e6,0.1949141043905784,0.1949141043905784,0.07874366138723295,1.0,1.8043754993254895,0.09568433314350137,2.099288603465268,0.11132329727011656,1.929698e6,0.17743226851587393,0.17743226851587393,0.09568433314350137,1.0,0.03668323441443509,0.0019452773681553936,0.028692238722420358,0.0015215223935235336,4.554994e6,0.16562986573048155,0.16562986573048155,0.0019452773681553936,1.0,18.85758556334818,1.0,0,0.0,0.0,0.0,0.0,0
799200.0,7.534453682664077e-12,4.0427124031606275e-13,1.3517085271973608e-11,7.252773802209585e-13,0.0,0.0,0.0,0.005893218883561863,0.00031620858098754584,0.0475888687871614,0.0,0.0,0.0,2.712793012944857e-6,1.4555855570356188e-7,2620.0,-7.810976050294834e-14,-4.1910841965853275e-15,3.521550790948982e-11,1.8895354143176177e-12,0.5165660979727513,0.027717048365852134,0.0,0.0,0.0,0.0,0.0,0.0,0.0,0.0,0.0,0.0,8.00326026487681e-7,4.294256876644552e-8,8.00326026487681e-7,4.294256876644552e-8,1305.0,1.1121409599694901e-6,5.967341817067058e-8,1.1121409599694901e-6,5.967341817067058e-8,1.0,1.1430634638878924e-10,6.1332606685099216e-12,6.890414487383125e-11,3.697144515620933e-12,0.0,4.267286017300761,0.22896696743480205,4.711692537471188,0.25281219665523286,4.795191e6,7.804158715563495e-6,4.1874262639951654e-7,4.431747067071878e-6,2.377913461323087e-7,31915.0,0.0,0.0,NaN,NaN,0.0,1.8331887336881808e-6,9.836220571728417e-8,1.8331887336881802e-6,9.836220571728413e-8,1306.0,1.6575351094792496e-7,1.6575351094792496e-7,9.839331852891486e-8,1.0,8.796042792566777e-7,4.719634998627781e-8,8.79604279256677e-7,4.719634998627777e-8,1306.0,1.1608264133441294e-7,1.1608264133441294e-7,4.7211278597689795e-8,1.0,0.0,0.0,0.0,0.0,0.0,0.0,0.0,0.0,1.0,0.0,0.0,0.0,0.0,0.0,0.0,0.0,0.0,1.0,3.2671465210461186,0.1753031383544988,3.7529867702062574,0.2013715499999714,2.079165e6,0.29540930330461385,0.29540930330461385,0.1753585882448517,1.0,1.4990114088874658,0.08043147214684168,1.2246994137801226,0.06571289331334516,4.795183e6,0.1978266907490783,0.1978266907490783,0.0804569133132311,1.0,1.8691889074384251,0.10029384343205196,2.169502045915644,0.11640754856434853,1.985922e6,0.18545007048149692,0.18545007048149692,0.10032556723730485,1.0,0.03759471892968456,0.0020171951797921697,0.029433969931231492,0.0015793192224279786,4.684472e6,0.1691076759748025,0.16910765685444865,0.0020178332359763874,1.0,18.63123188745241,1.0,0,40.126286444046315,40.126286444046315,9.970883609337346e-5,1310.0,1
820800.0,6.899188240516062e-12,3.7457499653949016e-13,1.3625777080833788e-11,7.397791196547217e-13,0.0,0.0,0.0,0.013040918134072363,0.0007080255958600349,0.0475888687871614,0.0,0.0,0.0,5.581554572632882e-6,3.030372142118203e-7,6940.000000000001,-1.5892190873605304e-13,-8.628286595410175e-15,3.619682905740488e-11,1.9652206384651093e-12,0.5308485104061242,0.02882115576737677,0.0,0.0,0.0,0.0,0.0,0.0,0.0,0.0,0.0,0.0,2.2347068063316963e-6,1.2132808456112764e-7,2.2347068063316963e-6,1.2132808456112764e-7,3464.0,1.1121409599694901e-6,6.038104508956502e-8,1.1121409599694901e-6,6.038104508956502e-8,1.0,1.17298342375616e-10,6.368434177721145e-12,7.069192257523638e-11,3.838049598137709e-12,0.0,4.317112066146692,0.23438731932853166,4.746425646100932,0.25769587783130515,4.924788e6,1.4992872916803354e-5,8.140023326147942e-7,8.938844968262642e-6,4.853133015549619e-7,107240.0,0.0,0.0,NaN,NaN,0.0,3.26756951353219e-6,1.7740490570124113e-7,3.267569513532193e-6,1.7740490570124128e-7,3464.9999999999995,3.003234711477709e-7,3.003234711477709e-7,1.7753060191144285e-7,1.0,2.3139850591006935e-6,1.2563230851057923e-7,2.3139850591006892e-6,1.25632308510579e-7,3464.9999999999995,3.069538831917466e-7,3.069538831917466e-7,1.2572132242480136e-7,1.0,0.0,0.0,0.0,0.0,0.0,0.0,0.0,0.0,1.0,0.0,0.0,0.0,0.0,0.0,0.0,0.0,0.0,1.0,3.30851286436235,0.17962782743650532,3.782376823645565,0.20535514269749933,2.137168e6,0.3040865890220231,0.3040865890220231,0.17975509864733397,1.0,1.5081351238211202,0.08188060523829456,1.2304374702356744,0.0668036724159757,4.924781e6,0.20005657807257865,0.20005657807257865,0.08193861987845795,1.0,1.9067427749646788,0.10352205845606391,2.1962357722725256,0.11923939137763705,2.042158e6,0.19098952858348436,0.19098952858348436,0.10359540665558958,1.0,0.038189477321141876,0.0020734067308680435,0.029814081671120967,0.0016186845683098614,4.813858e6,0.1701354686038364,0.17013545152817744,0.0020748757960398698,1.0,18.405669097895267,1.0,0,249.53395747875518,209.40767103470887,0.0005267289949295486,2160.0000000000005,1
842400.0,1.3443496791780774e-9,7.417423560607696e-11,1.3911617614048967e-11,7.675708326103087e-13,0.0,0.0,0.0,0.018217684752811627,0.0010051572607793881,0.0446530844408255,0.0,0.0,0.0,3.589489792881123e-5,1.9804941060093393e-6,12090.0,-4.027371057436914e-14,-2.2220942535580473e-15,3.7125815522318745e-11,2.048409748052943e-12,0.5398658584083664,0.029786995152735682,0.0,0.0,0.0,0.0,0.0,0.0,0.0,0.0,0.0,0.0,1.72398852465579e-5,9.512073606338306e-7,1.72398852465579e-5,9.512073606338306e-7,6038.0,1.415127435695398e-6,7.807938474167614e-8,1.415127435695398e-6,7.807938474167614e-8,2.0,1.2010734743334032e-10,6.626899849441201e-12,7.241079979802435e-11,3.9952519852773095e-12,10.0,4.409379603863182,0.24328667360826894,4.845866398254468,0.2673697487393724,5.054088e6,0.00018752103728474754,1.0346437252217576e-5,0.0001010875053352141,5.577483711045323e-6,171964.0,0.0,0.0,NaN,NaN,0.0,1.8545664651826865e-5,1.0232534887775138e-6,1.8545664651826916e-5,1.0232534887775166e-6,6040.0,1.745943551541576e-6,1.745943551541576e-6,1.0242830543266636e-6,1.0,1.734923327698432e-5,9.572406172318227e-7,1.7349233276984317e-5,9.572406172318225e-7,6040.0,2.312593142396091e-6,2.312593142396091e-6,9.58203762701208e-7,1.0,0.0,0.0,0.0,0.0,0.0,0.0,0.0,0.0,1.0,0.0,0.0,0.0,0.0,0.0,0.0,0.0,0.0,1.0,3.3855706735583264,0.1867982123185938,3.8694536570278673,0.21349636308810566,2.195438e6,0.3187276054409383,0.3187276054409383,0.18698616281781544,1.0,1.524441389716793,0.08411076118055931,1.2435500931229009,0.06861263778606418,5.054381e6,0.20320279562559532,0.20320279562559532,0.08419539078893497,1.0,1.9775621885486896,0.10911161431507983,2.2764080739191965,0.12560037870034838,2.098489e6,0.2018376289970268,0.2018376289970268,0.10922139899731448,1.0,0.03937067839339151,0.002172269626238869,0.03079938962747206,0.0016993504131664688,4.943018e6,0.16875835561031635,0.16875592278988927,0.0021744552957676504,1.0,18.105995772836728,1.0,0,587.9222860497165,338.38832857096133,0.0008652452214880435,2574.9999999999995,1
864000.0,1.2645617591690063e-9,7.064788477051518e-11,2.709776861943978e-9,1.513884174563599e-10,0.0,0.0,0.0,0.04462113458148206,0.0024928705548661807,0.04220032229699344,0.0,0.0,0.0,0.00021209376897837474,1.1849145399727294e-5,22212.0,3.2057681626441164e-13,1.7909820387443723e-14,3.745472348569593e-11,2.0925011924034537e-12,0.5455594054723538,0.03047903175453408,0.0,0.0,0.0,0.0,0.0,0.0,0.0,0.0,0.0,0.0,0.00010340562859055461,5.777012376278762e-6,0.00010340562859055461,5.777012376278762e-6,11022.0,5.282511797265651e-6,2.951206471697785e-7,5.282511797265651e-6,2.951206471697785e-7,5.0,1.2277538937969108e-10,6.859152191389578e-12,7.40933473815782e-11,4.139408953434834e-12,11.0,4.548119162548627,0.2540919778639014,5.005966520275072,0.27967075813035397,5.180127e6,0.0007645299031000781,4.271236268707126e-5,0.00040894120874426445,2.2846516734987543e-5,261578.0,0.0,0.0,NaN,NaN,0.0,0.00010837942774518557,6.0548860246001884e-6,0.00010837942774518571,6.054886024600196e-6,11027.0,1.0392432727517933e-5,1.0392432727517933e-5,6.070017793224432e-6,1.0,0.000103714341233189,5.794259375127096e-6,0.00010371434123318905,5.794259375127098e-6,11027.0,1.3882605738779408e-5,1.3882605738779408e-5,5.8087398115642235e-6,1.0,0.0,0.0,0.0,0.0,0.0,0.0,0.0,0.0,1.0,0.0,0.0,0.0,0.0,0.0,0.0,0.0,0.0,1.0,3.504388684033799,0.1957813812932397,4.010471555973506,0.22405495841344533,2.252417e6,0.336033548133531,0.336033548133531,0.1962706586389449,1.0,1.545918302317004,0.08636656714852126,1.263887304909494,0.0706102047074708,5.183097e6,0.20692774056363994,0.20692774056363994,0.08658240587870576,1.0,2.087207888606225,0.1166070548450418,2.4068028581949332,0.13446202192832346,2.153372e6,0.21577999373267553,0.21577999373267553,0.1168984675928129,1.0,0.0409081459866957,0.002285435221244293,0.032239019479864205,0.0018011129285014549,5.068268e6,0.17410647302421978,0.17410398334515667,0.0022911467535230282,1.0,17.854878097089355,1.0,0,1271.7583586689614,683.8360726192449,0.0017731332168118869,6364.0,1
885600.0,1.2107193274537657e-9,6.833255410176821e-11,2.7103527983694243e-9,1.529713163322158e-10,0.0,0.0,0.0,0.06296696484794789,0.0035538323660409604,0.04220032229699344,0.0,0.0,0.0,0.0002276919427642146,1.2850849610366492e-5,32100.0,5.802838808880633e-13,3.2751009078676683e-14,3.89070886426261e-11,2.19590179104997e-12,0.5507777020663709,0.031085691184635927,0.0,0.0,0.0,0.0,0.0,0.0,0.0,0.0,0.0,0.0,0.00011120471548347481,6.276353292490465e-6,0.00011120471548347481,6.276353292490465e-6,15931.0,5.282511797265651e-6,2.981430253855994e-7,5.282511797265651e-6,2.981430253855994e-7,5.0,1.2557583754230973e-10,7.087454142473347e-12,7.578950597475427e-11,4.277531877068304e-12,11.0,4.586709931687952,0.2588722236848518,5.035132361662571,0.2841810209113148,5.305753e6,0.00109200180165729,6.163218055493101e-5,0.0006009822768200115,3.391921894182821e-5,354901.0,0.0,0.0,NaN,NaN,0.0,0.00011617851463810574,6.557072689726755e-6,0.00011617851463810561,6.557072689726747e-6,15936.0,1.1306431982811645e-5,1.1306431982811645e-5,6.580458536256293e-6,1.0,0.00011151342812610915,6.293776920639753e-6,0.00011151342812610899,6.293776920639744e-6,15936.0,1.4983107459878786e-5,1.4983107459878786e-5,6.316223720930352e-6,1.0,0.0,0.0,0.0,0.0,0.0,0.0,0.0,0.0,1.0,0.0,0.0,0.0,0.0,0.0,0.0,0.0,0.0,1.0,3.5365822360827925,0.19960340229367352,4.035704007568248,0.22777365173135974,2.310198e6,0.34417832443844,0.34417832443844,0.20031528925203024,1.0,1.553085694599617,0.0876555861002915,1.2683061219889575,0.0715827316316827,5.312216e6,0.20867486766051832,0.20867486766051832,0.08796821037349956,1.0,2.116992921356694,0.11948230283553543,2.4302154396428666,0.13716046670997753,2.209143e6,0.22087416587329586,0.22087416587329586,0.11990843732104838,1.0,0.04143841140395711,0.0023387687178557572,0.0325828106670929,0.0018389618652402482,5.193968e6,0.17725303474148396,0.17725057751189277,0.002347109953174004,1.0,17.65507889731362,1.0,0,2447.5167068609476,1175.7583481919862,0.0030831500203050703,6480.0,1
907200.0,1.1767167157168657e-9,6.79622485732216e-11,2.7108824776821067e-9,1.565692628822588e-10,0.0,0.0,0.0,0.07530914702363954,0.004349542163799248,0.04220032229699344,0.0,0.0,0.0,0.00033664442150232576,1.9443177401445598e-5,42194.0,1.754678392559888e-13,1.0134290393637074e-14,3.967899858052626e-11,2.2916934285440108e-12,0.5718721259327579,0.03302894830644218,0.0,0.0,0.0,0.0,0.0,0.0,0.0,0.0,0.0,0.0,0.00016568095485253024,9.569040778584203e-6,0.00016568095485253024,9.569040778584203e-6,20936.0,5.282511797265652e-6,3.0509584427721076e-7,5.282511797265652e-6,3.0509584427721076e-7,5.0,1.28264928697098e-10,7.408047196837977e-12,7.746519089661226e-11,4.4740662635019334e-12,11.0,4.703332509534924,0.27164486478871314,5.172381162472642,0.29873515824516994,5.431565e6,0.0023427479478365077,0.000135307348190658,0.0012567729315878082,7.25859616302235e-5,445379.0,0.0,0.0,NaN,NaN,0.0,0.00017065475400716138,9.856306668483957e-6,0.00017065475400716122,9.856306668483947e-6,20941.0,1.723640213196632e-5,1.723640213196632e-5,9.899364371211353e-6,1.0,0.00016598966749516479,9.586870732961663e-6,0.00016598966749516454,9.586870732961649e-6,20941.0,2.239038233637405e-5,2.239038233637405e-5,9.628751393130826e-6,1.0,0.0,0.0,0.0,0.0,0.0,0.0,0.0,0.0,1.0,0.0,0.0,0.0,0.0,0.0,0.0,0.0,0.0,1.0,3.635028467875873,0.2099440800023098,4.158628717747257,0.24018504612394875,2.367675e6,0.36714366850175595,0.36714366850175595,0.21086122981208802,1.0,1.573250512780685,0.09086438646570232,1.2840634553068229,0.07416214843195101,5.440988e6,0.21221610371068536,0.21221610371068536,0.09126133147487674,1.0,2.2087978079317305,0.12757094691154447,2.5453175019318515,0.14700692057279027,2.264819e6,0.23813465688984736,0.23813465688984736,0.12812824612041887,1.0,0.042901406534998146,0.0024778062690272253,0.03383432213812968,0.00195412929955463,5.319475e6,0.18330877871695272,0.18330677131668552,0.0024886306730698667,1.0,17.23896076635463,1.0,0,3950.381033697735,1502.8643268367873,0.004036035182826315,6480.0,1
928800.0,1.1577078541272217e-9,6.784789296167992e-11,5.166648846911465e-9,3.027933486726732e-10,0.0,0.0,0.0,0.09421373020515819,0.005521430177476984,0.039959179808683354,0.0,0.0,0.0,0.0004022417483711179,2.3573525039939425e-5,53464.0,2.3065580185096414e-13,1.351766777705123e-14,3.987557740415407e-11,2.336922823713452e-12,0.5781564770131298,0.03388307216509402,0.0,0.0,0.0,0.0,0.0,0.0,0.0,0.0,0.0,0.0,0.00019266805783148375,1.1291382120526548e-5,0.00019266805783148375,1.1291382120526548e-5,26140.0,1.690563270815085e-5,9.907607988863552e-7,1.690563270815085e-5,9.907607988863552e-7,8.0,1.309068809342523e-10,7.671845719894809e-12,7.908171723450922e-11,4.634613013140358e-12,13.0,4.76245604243436,0.2791054812747984,5.225563547683844,0.30624606629709256,5.556329e6,0.0028649157550500685,0.0001678994374961777,0.0015379314020430562,9.013103329672755e-5,531652.0,0.0,0.0,NaN,NaN,0.0,0.00020884996084056897,1.2239728475233104e-5,0.00020884996084056886,1.2239728475233097e-5,26147.0,2.159067975424946e-5,2.159067975424946e-5,1.2307684495823208e-5,1.0,0.0001933917875305493,1.1333796564706341e-5,0.00019339178753054908,1.133379656470633e-5,26147.0,2.616892812229287e-5,2.616892812229287e-5,1.1396722773753685e-5,1.0,0.0,0.0,0.0,0.0,0.0,0.0,0.0,0.0,1.0,0.0,0.0,0.0,0.0,0.0,0.0,0.0,0.0,1.0,3.6872843117752594,0.21609464806923345,4.2066808964601625,0.24653407521549767,2.424069e6,0.381187405628392,0.381187405628392,0.2172944240596338,1.0,1.5809709681487196,0.09265338283754124,1.2897786847684574,0.07558795238060999,5.569474e6,0.21393005441030014,0.21393005441030014,0.09316780235302242,1.0,2.257839601872502,0.13232151711363738,2.5904697755139305,0.15181543031168032,2.318687e6,0.24809542129544876,0.2480952219102931,0.1330561775074266,1.0,0.04352380230736058,0.002550728380832606,0.03430718769371777,0.002010585304540774,5.443476e6,0.1855919004492913,0.1855900200572748,0.002564890243223456,1.0,16.969070088808763,1.0,0,5699.225109248409,1748.8440755506745,0.004771328250397968,7033.0,1
950400.0,1.1499762095131751e-9,6.823779028119358e-11,5.166775172074206e-9,3.0658836044211073e-10,0.0,0.0,0.0,0.1322537702480699,0.00784773194734648,0.039959179808683354,0.0,0.0,0.0,0.00043236706104359023,2.5655985395105266e-5,67288.0,3.350075839285802e-14,1.98788262449406e-15,4.047289749602e-11,2.401598457914895e-12,0.582254187840568,0.03455005315025709,0.0,0.0,0.0,0.0,0.0,0.0,0.0,0.0,0.0,0.0,0.00020773071416771937,1.2326415791105983e-5,0.00020773071416771937,1.2326415791105983e-5,32909.0,1.690563270815085e-5,1.003153812893264e-6,1.690563270815085e-5,1.003153812893264e-6,8.0,1.3365400941054848e-10,7.93081994996975e-12,8.074770849453228e-11,4.791442772776527e-12,13.0,4.795675837954673,0.28456790617040073,5.247886178097711,0.3114013607222397,5.67999e6,0.003089219243319156,0.00018330943989483024,0.0016708086725724933,9.914317431598573e-5,622324.0,0.0,0.0,NaN,NaN,0.0,0.0002239126171768049,1.3286624615210307e-5,0.000223912617176805,1.3286624615210312e-5,32916.0,2.36112191290897e-5,2.36112191290897e-5,1.339171923810508e-5,1.0,0.00020845444386678513,1.2369360779894949e-5,0.00020845444386678524,1.2369360779894955e-5,32916.0,2.8287376061990798e-5,2.8287376061990798e-5,1.2467200023815807e-5,1.0,0.0,0.0,0.0,0.0,0.0,0.0,0.0,0.0,1.0,0.0,0.0,0.0,0.0,0.0,0.0,0.0,0.0,1.0,3.7161478365536182,0.22051040241259165,4.226399103571798,0.250787914818035,2.481538e6,0.39186170922952956,0.39186170922952956,0.22225459691323224,1.0,1.585879074462148,0.09410358475180405,1.2927317098666773,0.0767086784735093,5.69893e6,0.21520461226924548,0.21520461226924548,0.09484792584963377,1.0,2.284987271677401,0.13558757211675415,2.6090250996136968,0.1548154701923596,2.374463e6,0.25529671422634415,0.2552967138662123,0.13666004350610275,1.0,0.04393017252424604,0.0026067477526297554,0.03456006622287766,0.0020507402948963956,5.566485e6,0.17994699585477536,0.17994535178664667,0.002627366621603505,1.0,16.72022935932522,1.0,0,8175.4102034375055,2476.185094189096,0.006856257551342418,8640.0,1
972000.0,1.1502810762403755e-9,6.894304427784853e-11,5.1674975273355e-9,3.097182229557217e-10,0.0,0.0,0.0,0.15669831716162205,0.009391842777808588,0.039959179808683354,0.0,0.0,0.0,0.0004910183652537431,2.942959038113521e-5,82362.0,6.528151988482215e-14,3.912701694315298e-15,4.1127940634742036e-11,2.4650370164354605e-12,0.5864937527344528,0.035151986413278394,0.0,0.0,0.0,0.0,0.0,0.0,0.0,0.0,0.0,0.0,0.00023705636627279565,1.4208168676223561e-5,0.00023705636627279565,1.4208168676223561e-5,40375.0,1.690563270815085e-5,1.013253028688031e-6,1.690563270815085e-5,1.013253028688031e-6,8.0,1.365538061909032e-10,8.184464911218656e-12,8.247447059467928e-11,4.9431753642210414e-12,13.0,4.8249060443002305,0.28918472008239565,5.266435485459371,0.31564815101294774,5.803651e6,0.003520615717794228,0.00021101100446727254,0.0019224785451154207,0.00011522533596076383,720345.0,0.0,0.0,NaN,NaN,0.0,0.00025323826928188155,1.517804436895566e-5,0.00025323826928188144,1.5178044368955654e-5,40382.0,2.7129886937906522e-5,2.7129886937906522e-5,1.532194567377387e-5,1.0,0.00023778009597186171,1.4251546012179558e-5,0.0002377800959718617,1.4251546012179556e-5,40382.0,3.235006063365733e-5,3.235006063365733e-5,1.438666329191449e-5,1.0,0.0,0.0,0.0,0.0,0.0,0.0,0.0,0.0,1.0,0.0,0.0,0.0,0.0,0.0,0.0,0.0,0.0,1.0,3.741223121531329,0.22423329101794673,4.242505745284314,0.2542780781912481,2.539499e6,0.4008041935543611,0.4008041935543611,0.22635922123509394,1.0,1.5908066099516949,0.09534630518817203,1.2956617449117018,0.07765655446625395,5.828418e6,0.2164297649810443,0.2164297649810443,0.0962502726159018,1.0,2.3086376374553503,0.13837009940284462,2.6242336439960408,0.15728560614486822,2.430555e6,0.26094105611283563,0.2609410560596969,0.13968197050875736,1.0,0.04435066921223536,0.0026581939096530795,0.03481357370353025,0.0020865802305966704,5.689437e6,0.1824385209834876,0.18243710294515705,0.0026833959424552288,1.0,16.5278140696806,1.0,0,11315.573969254217,3140.163765816712,0.008795957620786178,8640.0,1
993600.0,1.1505079834392758e-9,6.959564433811879e-11,5.1679915082925106e-9,3.1261816878346513e-10,0.0,0.0,0.0,0.1724341149648721,0.01043075190228519,0.039959179808683354,0.0,0.0,0.0,0.0005822154655019008,3.521893028859734e-5,98330.0,2.449579584179189e-13,1.481780847872315e-14,4.204032940680795e-11,2.5430712827452434e-12,0.5906004231973784,0.035726146702533185,0.0,0.0,0.0,0.0,0.0,0.0,0.0,0.0,0.0,0.0,0.0002826549163968749,1.70981438765617e-5,0.0002826549163968749,1.70981438765617e-5,48289.0,1.690563270815085e-5,1.0226425354739257e-6,1.690563270815085e-5,1.0226425354739257e-6,8.0,1.3937524665928636e-10,8.430980258859921e-12,8.414834114380357e-11,5.090236752968991e-12,13.0,4.855017257277893,0.29368597102896593,5.284952122395153,0.31969326032374484,5.927222e6,0.0040809092176297326,0.0002468592226863933,0.002251310373610605,0.00013618453614562916,818388.0,2.7277173945191726e-5,1.6500298335728676e-6,NaN,NaN,1938.0,0.00029883681940596037,1.8077007111536972e-5,0.0002988368194059603,1.807700711153697e-5,48296.0,3.24873074238851e-5,3.24873074238851e-5,1.8267551408137496e-5,1.0,0.00028337864609594095,1.7141923177060395e-5,0.0002833786460959405,1.7141923177060368e-5,48296.0,3.864561568557091e-5,3.864561568557091e-5,1.7322611035066967e-5,1.0,0.0,0.0,0.0,0.0,0.0,0.0,0.0,0.0,1.0,0.0,0.0,0.0,0.0,0.0,0.0,0.0,0.0,1.0,3.767305355280228,0.22788893896711612,4.258673768894675,0.2576124192429065,2.597551e6,0.40955330564663456,0.40955330564663456,0.23029104775152964,1.0,1.5957740551908022,0.09653033719684599,1.2986092958736337,0.07855447505859608,5.957943e6,0.21762285799414058,0.21762285799414058,0.09754783445666869,1.0,2.3333475399558163,0.1411470653359099,2.639569664242273,0.1596708186319063,2.486748e6,0.26653134734453376,0.2665313466518522,0.1426348541117684,1.0,0.044780104868578495,0.0027088036734355613,0.035069384140101516,0.002121390221452721,5.812553e6,0.1848247071267336,0.18482407255171987,0.0027373563584789985,1.0,16.358887555824257,1.0,0,14882.813769467077,3567.2398002128593,0.010095429177994256,8640.0,1
1.0152e6,0.0005611019721347394,3.452095659655283e-5,1.728485732112971e-8,1.0634249013422502e-9,0.0,0.0,0.0,0.0,0.0,0.18931891175582793,0.0,0.0,0.0,0.06186794222283881,0.003806332278724898,107696.0,-4.2565611808885626e-7,-2.618785373663602e-8,4.2565611814875324e-7,2.618785374032109e-8,4.655034701418656,0.28639402259048224,0.0,0.0,0.0,0.0,0.0,0.0,0.0,0.0,0.0,0.0,0.030661467570999343,0.0018864007680780492,0.030661467570999343,0.0018864007680780492,52608.0,0.0005450070808401459,3.353074256880125e-5,0.0005450070808401459,3.353074256880125e-5,27.0,4.2579758227054924e-7,2.6196557108070645e-8,2.4939835363146037e-7,1.5343859349145104e-8,6869.0,9.432313778937967,0.5803089469263072,8.27127293268648,0.5088776516346771,6.053792e6,0.2785595815816704,0.017137960126480542,0.17929132120144045,0.011030629412664545,869116.0,0.004694856636338748,0.00028884400736194397,NaN,NaN,3603.0,0.03076995496141067,0.0018930752919287038,0.030769954961410665,0.0018930752919287036,52622.0,0.0034128568837574432,0.0034128568837574432,0.0018930752919287038,1.0,0.031097987261428157,0.0019132569867961954,0.03109798726142815,0.001913256986796195,52622.0,0.004296787461881016,0.004296787461881016,0.0019132569867961954,1.0,0.0,0.0,0.0,0.0,0.0,0.0,0.0,0.0,1.0,0.0,0.0,0.0,0.0,0.0,0.0,0.0,0.0,1.0,7.831679397789176,0.4818323192495844,6.988946708451332,0.42998445551735354,2.661987e6,0.8686525858632832,0.8686525858632832,0.4818323192495844,1.0,2.6723402843450494,0.1644117246926061,1.9042260590510125,0.11715464995503438,6.087448e6,0.3692354148557854,0.3692354148557854,0.1644117246926061,1.0,6.2089992446924605,0.3819993585454506,5.247950796662392,0.32287229535690115,2.549722e6,0.7215141826978322,0.7215141826978322,0.3819993585454506,1.0,0.14828181293258125,0.009122815963075247,0.09086460319890649,0.005590308319998583,5.938763e6,0.5034315086014682,0.5034315086014682,0.009122815963075247,1.0,16.2539520179684,1.0,0,17155.721272752387,2272.9075032853107,0.006473945481680109,5169.0,1
1.0368e6,0.0005053234497298236,2.962985448556871e-5,1.608378242698632e-8,9.430793942848876e-10,0.0,0.0,0.0,0.0,0.0,0.18931891175582793,0.0,0.0,0.0,0.06186794222283881,0.0036276529940662615,107696.0,-4.255546242504826e-7,-2.495257562051448e-8,4.2555462439977344e-7,2.495257562926821e-8,4.595145812962224,0.26943832084348535,0.0,0.0,0.0,0.0,0.0,0.0,0.0,0.0,0.0,0.0,0.030661467570999343,0.0017978481365320184,0.030661467570999343,0.0017978481365320184,52608.0,0.0005450070808401459,3.1956721002225524e-5,0.0005450070808401459,3.1956721002225524e-5,27.0,4.2589979962281415e-7,2.497281512465713e-8,2.4945822786228096e-7,1.4627088839314941e-8,6869.0,9.6236442018097,0.5642864535041177,8.383481699896455,0.49156899998044923,6.183392e6,0.2785595815816704,0.016333459039430516,0.17929132120144045,0.010512822550713523,869116.0,0.004694856636338748,0.0002752849072009209,NaN,NaN,3603.0,0.03076995496141067,0.0018042093406145231,0.030769954961410665,0.001804209340614523,52622.0,0.0030874173522794693,0.0030874173522794693,0.0018042093406145231,1.0,0.031097987261428157,0.001823443653451739,0.03109798726142815,0.0018234436534517386,52622.0,0.004387545030919609,0.004387545030919609,0.001823443653451739,1.0,0.0,0.0,0.0,0.0,0.0,0.0,0.0,0.0,1.0,0.0,0.0,0.0,0.0,0.0,0.0,0.0,0.0,1.0,8.006925486806633,0.4694894669497664,7.091729952099505,0.41582658917571313,2.735427e6,0.8034045131810683,0.8034045131810683,0.4694894669497664,1.0,2.702671624540049,0.15847229531938944,1.9219988820123006,0.11269721843682169,6.217048e6,0.3813138566419731,0.3813138566419731,0.15847229531938944,1.0,6.384336106229445,0.37434825143317785,5.350783130972519,0.31374543500666374,2.623162e6,0.6679257777347386,0.6679257777347386,0.37434825143317785,1.0,0.15699604324546418,0.009205529485441994,0.09597142863328514,0.005627325362986325,6.068361e6,0.4071635665193654,0.4071635665193654,0.009205529485441994,1.0,17.05453700341129,1.0,0,17155.721272752387,0.0,0.0,0.0,1
1.0584e6,0.0004573483268165251,2.6408655274310807e-5,1.4553469393378377e-8,8.403606916641193e-10,0.0,0.0,0.0,0.0,0.0,0.18931891175582793,0.0,0.0,0.0,0.06186794222283881,0.0035724393485086067,107696.0,-4.252072296551817e-7,-2.455273254473545e-8,4.252256034520372e-7,2.4553793502519236e-8,4.610535007002519,0.2662260305566122,0.0,0.0,0.0,0.0,0.0,0.0,0.0,0.0,0.0,0.0,0.030661467570999343,0.0017704845077782933,0.030661467570999343,0.0017704845077782933,52608.0,0.0005450070808401459,3.147033295202121e-5,0.0005450070808401459,3.147033295202121e-5,27.0,4.2624719421811515e-7,2.4612783197661584e-8,2.496617147744204e-7,1.4416211395293876e-8,6869.0,9.739888424818442,0.5624101822164717,8.451586316792573,0.488019779398464,6.312992e6,0.2785595815816704,0.016084860339497336,0.17929132120144045,0.010352815168785027,869116.0,0.004694856636338748,0.00027109501271034385,NaN,NaN,3603.0,0.03076995496141067,0.0017767488929897246,0.030769954961410665,0.0017767488929897244,52622.0,0.0029693293683843514,0.0029693293683843514,0.0017767488929897246,1.0,0.031097987261428157,0.001795690455518883,0.03109798726142815,0.0017956904555188826,52622.0,0.004471268081188894,0.004471268081188894,0.001795690455518883,1.0,0.0,0.0,0.0,0.0,0.0,0.0,0.0,0.0,1.0,0.0,0.0,0.0,0.0,0.0,0.0,0.0,0.0,1.0,8.116903208054158,0.46869417935455426,7.156163951200274,0.4132182316904226,2.808867e6,0.7832887342940527,0.7832887342940527,0.46869417935455426,1.0,2.7201956677958266,0.15707220395782154,1.9322641464901609,0.11157468990597227,6.346648e6,0.3911096869953898,0.3911096869953898,0.15707220395782154,1.0,6.4919622891646975,0.37486524842399715,5.413839680193818,0.312611236209857,2.6966e6,0.6502337890145148,0.6502337890145148,0.37486524842399715,1.0,0.16322015728260403,0.009424818272538028,0.09961740487772615,0.0057522058144375875,6.197951e6,0.3764269159064456,0.3764269159064456,0.009424818272538028,1.0,17.318122489236085,1.0,0,17155.721272752387,0.0,0.0,0.0,1
1.08e6,0.0004163013780064792,2.398914489528448e-5,1.318951119846783e-8,7.600385488829624e-10,0.0,0.0,0.0,0.0,0.0,0.18931891175582793,0.0,0.0,0.0,0.06186794222283881,0.0035651071765937558,107696.0,-4.2497710425803145e-7,-2.4489078993790084e-8,4.2500743653561613e-7,2.4490826875109785e-8,4.621236032213825,0.2662962618643112,0.0,0.0,0.0,0.0,0.0,0.0,0.0,0.0,0.0,0.0,0.030661467570999343,0.0017668507171055335,0.030661467570999343,0.0017668507171055335,52608.0,0.0005450070808401459,3.140574238268988e-5,0.0005450070808401459,3.140574238268988e-5,27.0,4.2647731961526515e-7,2.4575528103690104e-8,2.4979653411385685e-7,1.4394392062531007e-8,6869.0,9.812988456413587,0.5654682265620455,8.494369437903332,0.48948350883615804,6.442591e6,0.2785595815816704,0.016051847333612493,0.17929132120144045,0.010331566768682195,869116.0,0.004694856636338748,0.0002705386099153515,NaN,NaN,3603.0,0.03076995496141067,0.00177310224512197,0.030769954961410665,0.0017731022451219697,52622.0,0.002925564785818457,0.002925564785818457,0.00177310224512197,1.0,0.031097987261428157,0.0017920049314717867,0.03109798726142815,0.0017920049314717862,52622.0,0.004549341613493799,0.004549341613493799,0.0017920049314717867,1.0,0.0,0.0,0.0,0.0,0.0,0.0,0.0,0.0,1.0,0.0,0.0,0.0,0.0,0.0,0.0,0.0,0.0,1.0,8.186485601082516,0.4717418669329316,7.196886572618328,0.4147167506680253,2.882305e6,0.7783597351433643,0.7783597351433643,0.4717418669329316,1.0,2.7301029380591872,0.15732072584954163,1.938066517805333,0.11168004952317975,6.476247e6,0.39938825625025215,0.39938825625025215,0.15732072584954163,1.0,6.559969864834301,0.3780147650478365,5.4536406392487535,0.31426313342569345,2.770036e6,0.6451496391215717,0.6451496391215717,0.3780147650478365,1.0,0.16676138171567564,0.009609535687996029,0.10169092150084397,0.005859885120007406,6.327254e6,0.3534752570230591,0.3534752570230591,0.009609535687996029,1.0,17.353739777873912,1.0,0,17155.721272752387,0.0,0.0,0.0,1
1.1016e6,0.00038285544522721076,2.2163336270739313e-5,1.2074717523488445e-8,6.990001792672496e-10,0.0,0.0,0.0,0.0,0.0,0.18931891175582793,0.0,0.0,0.0,0.06186794222283881,0.0035815084386476214,107696.0,-4.2484211977595846e-7,-2.4593926715552577e-8,4.2487618600784793e-7,2.4595898794994715e-8,4.627472467097388,0.2678823813280266,0.0,0.0,0.0,0.0,0.0,0.0,0.0,0.0,0.0,0.0,0.030661467570999343,0.0017749791071330658,0.030661467570999343,0.0017749791071330658,52608.0,0.0005450070808401459,3.1550224381491056e-5,0.0005450070808401459,3.1550224381491056e-5,27.0,4.2661230409733846e-7,2.4696401920920628e-8,2.4987561003665966e-7,1.4465191079656615e-8,6869.0,9.864806884823627,0.5710694074221597,8.524658020015469,0.4934887687924398,6.57219e6,0.2785595815816704,0.016125693796432933,0.17929132120144045,0.010379097102444017,869116.0,0.004694856636338748,0.0002717832217649031,NaN,NaN,3603.0,0.03076995496141067,0.001781259395280448,0.030769954961410665,0.0017812593952804478,52622.0,0.0029174105945663454,0.0029174105945663454,0.001781259395280448,1.0,0.031097987261428157,0.0018002490433671743,0.03109798726142815,0.0018002490433671739,52622.0,0.0046229450300329005,0.0046229450300329005,0.0018002490433671743,1.0,0.0,0.0,0.0,0.0,0.0,0.0,0.0,0.0,1.0,0.0,0.0,0.0,0.0,0.0,0.0,0.0,0.0,1.0,8.235635193919528,0.4767573622928347,7.225611845868603,0.4182875471623077,2.955092e6,0.7808503261657932,0.7808503261657932,0.4767573622928347,1.0,2.7359152891320075,0.1583809537443141,1.9414704510939915,0.11239088539478302,6.605845e6,0.4067139741925211,0.4067139741925211,0.1583809537443141,1.0,6.608126419319824,0.3825415826697311,5.481785483207443,0.31733819263372653,2.8428e6,0.6463054275594055,0.6463054275594055,0.3825415826697311,1.0,0.16880361911275868,0.009771968560858713,0.10288636508256671,0.005956047211619778,6.45575e6,0.33439221877276304,0.33439221877276304,0.009771968560858713,1.0,17.274269566205508,1.0,0,17155.721272752387,0.0,0.0,0.0,1
1.1232e6,0.0003555339287057449,2.0763266931475087e-5,1.1192180327031634e-8,6.536260224764504e-10,0.0,0.0,0.0,0.0,0.0,0.18931891175582793,0.0,0.0,0.0,0.06186794222283881,0.0036131027031657908,107696.0,-4.247317168620234e-7,-2.480443439975801e-8,4.2476653497324984e-7,2.4806467785826327e-8,4.630642843542469,0.27043065559116497,0.0,0.0,0.0,0.0,0.0,0.0,0.0,0.0,0.0,0.0,0.030661467570999343,0.0017906370792935785,0.030661467570999343,0.0017906370792935785,52608.0,0.0005450070808401459,3.1828544578634805e-5,0.0005450070808401459,3.1828544578634805e-5,27.0,4.267229815120441e-7,2.4920724734157595e-8,2.4994043956658275e-7,1.4596581773736407e-8,6869.0,9.902932353247314,0.5783336307826541,8.547357183049758,0.49916771486865813,6.701789e6,0.2785595815816704,0.016267946549447774,0.17929132120144045,0.010470656272255217,869116.0,0.004694856636338748,0.00027418075653192517,NaN,NaN,3603.0,0.03076995496141067,0.0017969727689815065,0.030769954961410665,0.0017969727689815063,52622.0,0.0029314836840253046,0.0029314836840253046,0.0017969727689815065,1.0,0.031097987261428157,0.001816129934184285,0.03109798726142815,0.0018161299341842847,52622.0,0.004692983416198779,0.004692983416198779,0.001816129934184285,1.0,0.0,0.0,0.0,0.0,0.0,0.0,0.0,0.0,1.0,0.0,0.0,0.0,0.0,0.0,0.0,0.0,0.0,1.0,8.271642514635968,0.48306591193232934,7.247064998294002,0.42323033859833414,3.026794e6,0.788047467152799,0.788047467152799,0.48306591193232934,1.0,2.7396940553949247,0.15999879164787328,1.943689164122696,0.11351191458269146,6.735443e6,0.4134460104874419,0.4134460104874419,0.15999879164787328,1.0,6.643465821216284,0.38798000150981415,5.5028406344113945,0.32136721631486104,2.914451e6,0.651405245615565,0.651405245615565,0.38798000150981415,1.0,0.1699461143879432,0.009924893947109936,0.10355629847337737,0.0060477127329746656,6.583963e6,0.3169699772935016,0.3169699772935016,0.009924893947109936,1.0,17.123217164192507,1.0,0,17155.721272752387,0.0,0.0,0.0,1
1.1448e6,0.0003320715321813543,1.9556678225377532e-5,1.0511312927495387e-8,6.190424192610778e-10,0.0,0.0,0.0,0.0,0.0,0.18931891175582793,0.0,0.0,0.0,0.06186794222283881,0.003643586761473811,107696.0,-4.2469344226812184e-7,-2.5011457442035934e-8,4.2472843197677467e-7,2.501351808983922e-8,4.632418820075683,0.2728168948247171,0.0,0.0,0.0,0.0,0.0,0.0,0.0,0.0,0.0,0.0,0.030661467570999343,0.0018057448383633277,0.030661467570999343,0.0018057448383633277,52608.0,0.0005450070808401459,3.209708474715656e-5,0.0005450070808401459,3.209708474715656e-5,27.0,4.267616960491835e-7,2.513326304644575e-8,2.499631386729242e-7,1.4721071207519445e-8,6869.0,9.935919211012822,0.5851557753436216,8.567332685613085,0.5045556524574089,6.831388e6,0.2785595815816704,0.016405200613864655,0.17929132120144045,0.010558998099916797,869116.0,0.004694856636338748,0.0002764940431599895,NaN,NaN,3603.0,0.03076995496141067,0.001812133982810153,0.030769954961410665,0.0018121339828101528,52622.0,0.0029453713043187764,0.0029453713043187764,0.001812133982810153,1.0,0.031097987261428157,0.0018314527786636588,0.03109798726142815,0.0018314527786636586,52622.0,0.0047603291485146075,0.0047603291485146075,0.0018314527786636588,1.0,0.0,0.0,0.0,0.0,0.0,0.0,0.0,0.0,1.0,0.0,0.0,0.0,0.0,0.0,0.0,0.0,0.0,1.0,8.302874444788806,0.4889809216580662,7.2659996565833875,0.42791628760245703,3.098377e6,0.7947703584133385,0.7947703584133385,0.4889809216580662,1.0,2.7426478712029367,0.16152267419701513,1.9454307493775922,0.11457219149563985,6.86504e6,0.4198312416698601,0.4198312416698601,0.16152267419701513,1.0,6.674158396725754,0.39306099903403907,5.521448510182527,0.3251744922014515,2.986016e6,0.6562038609238235,0.6562038609238235,0.39306099903403907,1.0,0.17071548513760842,0.010053941658275311,0.10400888362094482,0.006125391888289573,6.712577e6,0.3016002459826024,0.3016002459826024,0.010053941658275311,1.0,16.979955816343335,1.0,0,17155.721272752387,0.0,0.0,0.0,1
1.1664e6,0.00031007759488153495,1.8451447213037344e-5,9.956737832142498e-9,5.924846733735081e-10,0.0,0.0,0.0,0.0,0.0,0.18931891175582793,0.0,0.0,0.0,0.06186794222283881,0.0036815077546640696,107696.0,-4.2465971266718907e-7,-2.526975957348943e-8,4.2469487178272887e-7,2.527185174840032e-8,4.633371424760846,0.27571294951198505,0.0,0.0,0.0,0.0,0.0,0.0,0.0,0.0,0.0,0.0,0.030661467570999343,0.0018245383081505607,0.030661467570999343,0.0018245383081505607,52608.0,0.0005450070808401459,3.243113836294907e-5,0.0005450070808401459,3.243113836294907e-5,27.0,4.267959516479267e-7,2.5396878402576625e-8,2.499832157029467e-7,1.487547692844584e-8,6869.0,9.965574792869917,0.5930105246993608,8.585025882563157,0.5108597154695825,6.960988e6,0.2785595815816704,0.01657593937802449,0.17929132120144045,0.010668891927415759,869116.0,0.004694856636338748,0.0002793716825341033,NaN,NaN,3603.0,0.03076995496141067,0.0018309939482564494,0.030769954961410665,0.0018309939482564492,52622.0,0.002971395311252528,0.002971395311252528,0.0018309939482564494,1.0,0.031097987261428157,0.0018505138064076208,0.03109798726142815,0.0018505138064076204,52622.0,0.004821874635043038,0.004821874635043038,0.0018505138064076208,1.0,0.0,0.0,0.0,0.0,0.0,0.0,0.0,0.0,1.0,0.0,0.0,0.0,0.0,0.0,0.0,0.0,0.0,1.0,8.330841046849585,0.4957342173492963,7.2826975367920355,0.4333634915478939,3.169557e6,0.8044932810738208,0.8044932810738208,0.4957342173492963,1.0,2.7451860878047234,0.16335477643408963,1.946923088849813,0.11585341603117286,6.994638e6,0.42565272967607254,0.42565272967607254,0.16335477643408963,1.0,6.701676131216774,0.3987892882788298,5.537878843650641,0.3295364800376972,3.057183e6,0.663574465332989,0.663574465332989,0.3987892882788298,1.0,0.17129947439990936,0.010193329868668916,0.10435224613495014,0.006209574612627302,6.841097e6,0.2801010461441958,0.2801010461441958,0.010193329868668916,1.0,16.80505552228129,1.0,0,17155.721272752387,0.0,0.0,0.0,1
1.188e6,0.00028748565258860634,1.72855620667633e-5,9.467470602848146e-9,5.692477146154264e-10,0.0,0.0,0.0,0.0,0.0,0.18931891175582793,0.0,0.0,0.0,0.06186794222283881,0.003719914874382116,107696.0,-4.246048810267102e-7,-2.5530088053961993e-8,4.2464220922847553e-7,2.553233247535362e-8,4.635160599529227,0.2786968863007309,0.0,0.0,0.0,0.0,0.0,0.0,0.0,0.0,0.0,0.0,0.030661467570999343,0.001843572700008767,0.030661467570999343,0.001843572700008767,52608.0,0.0005450070808401459,3.276947436458327e-5,0.0005450070808401459,3.276947436458327e-5,27.0,4.2685212631423585e-7,2.5665207485304028e-8,2.500161275632113e-7,1.5032643374624453e-8,7021.0,9.996948888988072,0.6010834938818519,8.604750999581984,0.5173752364093204,7.090585e6,0.2785595815816704,0.016748866920367523,0.17929132120144045,0.010780194534070881,869116.0,0.004694856636338748,0.000282286211681387,NaN,NaN,3603.0,0.03076995496141067,0.0018500956882119373,0.030769954961410665,0.001850095688211937,52622.0,0.0029980982734244023,0.0029980982734244023,0.0018500956882119373,1.0,0.031097987261428157,0.0018698191861701797,0.03109798726142815,0.0018698191861701793,52622.0,0.004883399056687784,0.004883399056687784,0.0018698191861701797,1.0,0.0,0.0,0.0,0.0,0.0,0.0,0.0,0.0,1.0,0.0,0.0,0.0,0.0,0.0,0.0,0.0,0.0,1.0,8.360459628027332,0.5026868036915131,7.3013749729370065,0.43900754396261915,3.240576e6,0.8146089133785986,0.8146089133785986,0.5026868036915131,1.0,2.7478426354786247,0.1652186952551477,1.9484973389935656,0.11715670464534082,7.124232e6,0.43150098497424555,0.43150098497424555,0.1652186952551477,1.0,6.7309029885950755,0.40470694911935884,5.5563069178091595,0.33408236976339095,3.12819e6,0.6714186823273316,0.6714186823273316,0.40470694911935884,1.0,0.17196087714047154,0.010339439161926662,0.10474200658914276,0.006297790653521166,6.968676e6,0.26728315165281574,0.26728315165281574,0.010339439161926662,1.0,16.63154784774885,1.0,0,17155.721272752387,0.0,0.0,0.0,1
1.2096e6,0.00026284281819051556,1.6153608877210714e-5,8.786337945971888e-9,5.399845718415232e-10,0.0,0.0,0.0,0.0,0.0,0.18931891175582793,0.0,0.0,0.0,0.06186794222283881,0.0038022364376766936,107696.0,-4.243877677511483e-7,-2.6081724658558537e-8,4.244365387055724e-7,2.608472198954045e-8,4.637810743604555,0.28502730762996015,0.0,0.0,0.0,0.0,0.0,0.0,0.0,0.0,0.0,0.0,0.030661467570999343,0.001884370888095567,0.030661467570999343,0.001884370888095567,52608.0,0.0005450070808401459,3.349466148556064e-5,0.0005450070808401459,3.349466148556064e-5,27.0,4.270693200650214e-7,2.624652561283338e-8,2.501433716428997e-7,1.537313523178458e-8,7154.0,10.02725924149503,0.6162482392047037,8.625608735964228,0.5301065892073357,7.220183e6,0.2785595815816704,0.01711951865699537,0.17929132120144045,0.011018759796081554,869116.0,0.004694856636338748,0.0002885331939449195,NaN,NaN,3603.0,0.03076995496141067,0.0018910382297596014,0.030769954961410665,0.0018910382297596012,52622.0,0.0030823955344311065,0.0030823955344311065,0.0018910382297596014,1.0,0.031097987261428157,0.001911198207917093,0.03109798726142815,0.0019111982079170926,52622.0,0.004945044625064599,0.004945044625064599,0.001911198207917093,1.0,0.0,0.0,0.0,0.0,0.0,0.0,0.0,0.0,1.0,0.0,0.0,0.0,0.0,0.0,0.0,0.0,0.0,1.0,8.38833741015297,0.5155245351062637,7.320785417381913,0.4499156762984457,3.312955e6,0.8403058700210562,0.8403058700210562,0.5155245351062637,1.0,2.7513553222012304,0.16909085841887567,1.9505760221494015,0.11987712795039536,7.253828e6,0.43750660559854004,0.43750660559854004,0.16909085841887567,1.0,6.7585386822544224,0.415361512276528,5.575530331655879,0.34265701791141395,3.200549e6,0.6923417414591078,0.6923417414591078,0.415361512276528,1.0,0.17288792492250893,0.010625224375605764,0.1052896218636226,0.006470815455880489,7.09729e6,0.261165201137795,0.261165201137795,0.010625224375605764,1.0,16.271461082689115,1.0,0,17155.721272752387,0.0,0.0,0.0,1
1.2312e6,0.00023539180246739497,1.4780128347129404e-5,8.129331216188327e-9,5.104364616445462e-10,0.0,0.0,0.0,0.0,0.0,0.18931891175582793,0.0,0.0,0.0,0.06186794222283881,0.0038846557825776597,107696.0,-4.242580950827544e-7,-2.6638944227891303e-8,4.2431353498768e-7,2.664242527056893e-8,4.6399058467802305,0.2913372649988821,0.0,0.0,0.0,0.0,0.0,0.0,0.0,0.0,0.0,0.0,0.030661467570999343,0.0019252175362966947,0.030661467570999343,0.0019252175362966947,52608.0,0.0005450070808401459,3.4220709984271665e-5,0.0005450070808401459,3.4220709984271665e-5,27.0,4.2719899273341535e-7,2.6823601655537113e-8,2.502193102740973e-7,1.5711139818871198e-8,7154.0,10.04733740279294,0.6308670684518118,8.637577223988318,0.5423489630505394,7.349779e6,0.2785595815816704,0.0174906106539969,0.17929132120144045,0.011257608426065508,869116.0,0.004694856636338748,0.00029478759637804506,NaN,NaN,3603.0,0.03076995496141067,0.0019320294028847278,0.030769954961410665,0.0019320294028847276,52622.0,0.0031684833734609208,0.0031684833734609208,0.0019320294028847278,1.0,0.031097987261428157,0.0019526263796929328,0.03109798726142815,0.0019526263796929323,52622.0,0.0050039052755867335,0.0050039052755867335,0.0019526263796929328,1.0,0.0,0.0,0.0,0.0,0.0,0.0,0.0,0.0,1.0,0.0,0.0,0.0,0.0,0.0,0.0,0.0,0.0,1.0,8.4066629059259,0.5278499736109001,7.331725743322319,0.46035523054064936,3.385714e6,0.8656617039941134,0.8656617039941134,0.5278499736109001,1.0,2.753719786138723,0.17290462728326156,1.9519617071831012,0.12256265621163345,7.383416e6,0.4430946880744949,0.4430946880744949,0.17290462728326156,1.0,6.776716899784431,0.4255065150998554,5.586381619419859,0.35076598448030855,3.273273e6,0.7128470460516432,0.7128470460516432,0.4255065150998554,1.0,0.1735477873011837,0.010896974931941845,0.10567622850115298,0.006635355199779998,7.22566e6,0.2564535662632787,0.2564535662632787,0.010896974931941845,1.0,15.926235343762272,1.0,0,17155.721272752387,0.0,0.0,0.0,1
1.2528e6,0.00020508454378268166,1.3156358146537804e-5,7.552965091607386e-9,4.845295114915224e-10,0.0,0.0,0.0,0.0,0.0,0.18931891175582793,0.0,0.0,0.0,0.06186794222283881,0.003968884200924897,107696.0,-4.241479799389766e-7,-2.7209474825761738e-8,4.242096487258936e-7,2.721343093397047e-8,4.641743574914516,0.297772029864315,0.0,0.0,0.0,0.0,0.0,0.0,0.0,0.0,0.0,0.0,0.030661467570999343,0.0019669607529759947,0.030661467570999343,0.0019669607529759947,52608.0,0.0005450070808401459,3.496269497290871e-5,0.0005450070808401459,3.496269497290871e-5,27.0,4.273091251428261e-7,2.7412265136957127e-8,2.502838332877408e-7,1.6055933266775714e-8,7154.0,10.073589942037286,0.6462298652756647,8.65642525601195,0.5553174746191946,7.479377e6,0.2785595815816704,0.017869847979970724,0.17929132120144045,0.011501699693135468,869116.0,0.004694856636338748,0.0003011792805789116,NaN,NaN,3603.0,0.03076995496141067,0.001973920316755443,0.030769954961410665,0.001973920316755443,52622.0,0.003259026872729973,0.003259026872729973,0.001973920316755443,1.0,0.031097987261428157,0.0019949638841694544,0.03109798726142815,0.001994963884169454,52622.0,0.00505939200262222,0.00505939200262222,0.0019949638841694544,1.0,0.0,0.0,0.0,0.0,0.0,0.0,0.0,0.0,1.0,0.0,0.0,0.0,0.0,0.0,0.0,0.0,0.0,1.0,8.43083783306804,0.5408458383131961,7.349336018521059,0.4714665231006953,3.457869e6,0.8929596124549415,0.8929596124549415,0.5408458383131961,1.0,2.7566386760984023,0.17684085321309811,1.9536882607304962,0.12533086107207392,7.513005e6,0.44848290517084927,0.44848290517084927,0.17684085321309811,1.0,6.800634747110736,0.43626684247637487,5.6037993697664295,0.35948877536141133,3.345412e6,0.735059205238532,0.735059205238532,0.43626684247637487,1.0,0.174337104228896,0.0111838822134549,0.10614179625940065,0.006809091802575147,7.354306e6,0.25276005194066203,0.25276005194066203,0.0111838822134549,1.0,15.588245736275523,1.0,0,17155.721272752387,0.0,0.0,0.0,1
1.2744e6,0.0001724800716753516,1.1290427510964963e-5,7.118891896294445e-9,4.659977940222206e-10,0.0,0.0,0.0,0.0,0.0,0.18931891175582793,0.0,0.0,0.0,0.06186794222283881,0.00404983317860803,107696.0,-4.2406185702913816e-7,-2.7758799091668525e-8,4.241280495307534e-7,2.7763132007546846e-8,4.643475447843084,0.3039587265565243,0.0,0.0,0.0,0.0,0.0,0.0,0.0,0.0,0.0,0.0,0.030661467570999343,0.002007078693947704,0.030661467570999343,0.002007078693947704,52608.0,0.0005450070808401459,3.567579071262434e-5,0.0005450070808401459,3.567579071262434e-5,27.0,4.27395248052665e-7,2.7977000587941497e-8,2.503342916641984e-7,1.63867114971016e-8,7154.0,10.09230879086013,0.6606356300451628,8.668726112617682,0.5674488816953903,7.608975e6,0.2785595815816704,0.018234319668258968,0.17929132120144045,0.011736287245868993,869116.0,0.004694856636338748,0.00030732210400936667,NaN,NaN,3603.0,0.03076995496141067,0.002014180204315802,0.030769954961410665,0.0020141802043158017,52622.0,0.003347401889090896,0.003347401889090896,0.002014180204315802,1.0,0.031097987261428157,0.0020356529742922296,0.03109798726142815,0.002035652974292229,52622.0,0.0051111843225858725,0.0051111843225858725,0.0020356529742922296,1.0,0.0,0.0,0.0,0.0,0.0,0.0,0.0,0.0,1.0,0.0,0.0,0.0,0.0,0.0,0.0,0.0,0.0,1.0,8.448158528986731,0.5530106785449342,7.360809087014518,0.48183352784903805,3.529876e6,0.9190582779446831,0.9190582779446831,0.5530106785449342,1.0,2.758471810672141,0.1805676778593592,1.9547695726665906,0.12795787911297613,7.642591e6,0.45337525398275635,0.45337525398275635,0.1805676778593592,1.0,6.817723093833342,0.4462834902204954,5.615122020221379,0.3675620465526072,3.417392e6,0.7561061750956588,0.7561061750956588,0.4462834902204954,1.0,0.17486175117198183,0.011446330621682987,0.1064508450566618,0.006968199502232454,7.48246e6,0.24954039891354848,0.24954039891354848,0.011446330621682987,1.0,15.27666436969225,1.0,0,17155.721272752387,0.0,0.0,0.0,1
1.296e6,0.00013849926576501418,9.225337533162245e-6,6.765593233883658e-9,4.5065135074832906e-10,0.0,0.0,0.0,0.001268848858544245,8.451711952393034e-5,0.18744893307702726,0.0,0.0,0.0,0.06187059647234622,0.00412115640240205,108146.0,-4.2400148654701343e-7,-2.8242437289128466e-8,4.2407042285524563e-7,2.824702908756306e-8,4.64509266978516,0.3094063171734928,0.0,0.0,0.0,0.0,0.0,0.0,0.0,0.0,0.0,0.0,0.030661699366635906,0.00204235397520076,0.030661699366635906,0.00204235397520076,52803.0,0.000547197739074418,3.6448452000529874e-5,0.000547197739074418,3.6448452000529874e-5,28.0,4.2745564422239715e-7,2.847251627382318e-8,2.503696976822269e-7,1.6676947393448125e-8,7154.0,10.116505199727758,0.6738532122027668,8.685703330518274,0.5785485178881256,7.738574e6,0.27856069459782395,0.01855472963659713,0.1792921698271047,0.01194252384351562,875884.0,0.004694856636338748,0.0003127210595723787,NaN,NaN,3603.0,0.030772353745733012,0.002049724584648072,0.03077235374573301,0.0020497245846480714,52818.0,0.0034249089972936742,0.0034249089972936742,0.0020498978361084977,1.0,0.031098242726613212,0.0020714318177539786,0.031098242726613205,0.002071431817753978,52818.0,0.005159037872566843,0.005159037872566843,0.0020716069040022907,1.0,0.0,0.0,0.0,0.0,0.0,0.0,0.0,0.0,1.0,0.0,0.0,0.0,0.0,0.0,0.0,0.0,0.0,1.0,8.470578361669462,0.5642191968012651,7.376684560280084,0.49135570913214743,3.602282e6,0.9427605142874584,0.9427605142874584,0.5642668870131982,1.0,2.7608927887499783,0.18390110394019207,1.9562454330372383,0.13030411618279106,7.772178e6,0.4580178560079377,0.4580178560079377,0.18391664804551738,1.0,6.8398682891265015,0.4555987593221194,5.630808377586142,0.37506413901084934,3.489768e6,0.775224417394738,0.7752241702171697,0.4556372684715984,1.0,0.17553881476516572,0.011692515533818596,0.10685835611560077,0.007117759057855524,7.610413e6,0.24747190319541423,0.24747188287843172,0.01169350383507988,1.0,15.011652387589661,1.0,0,17157.154687878232,1.4334151258444763,4.420686655158025e-6,225.0,1
1.3176e6,0.0001041897955976376,7.008262475817635e-6,6.500215394647289e-9,4.372329878730622e-10,0.0,0.0,0.0,0.012893257032328503,0.0008672569989453793,0.18744893307702726,0.0,0.0,0.0,0.06187408598661646,0.004161922312623771,112456.0,-4.239803772176366e-7,-2.851877912892979e-8,4.240504296468122e-7,2.8523491162463547e-8,4.6467882033354035,0.3125633485669872,0.0,0.0,0.0,0.0,0.0,0.0,0.0,0.0,0.0,0.0,0.03066344412377103,0.0020625576967426918,0.03066344412377103,0.0020625576967426918,54958.0,0.000547197739074418,3.6806919138388684e-5,0.000547197739074418,3.6806919138388684e-5,28.0,4.274770791102138e-7,2.8753982629640232e-8,2.5038227135775376e-7,1.684180938163124e-8,7154.0,10.144302460289554,0.6823502615394685,8.706894073091224,0.5856638710475381,7.868173e6,0.27858199401290445,0.018738646370118794,0.1793060789190061,0.012060913042069146,960563.0,0.004694856636338748,0.0003157966421285722,NaN,NaN,3603.0,0.030774098502868136,0.002070000795448883,0.03077409850286813,0.0020700007954488828,54973.0,0.003462100238234014,0.003462100238234014,0.0020717975763974122,1.0,0.031099987483748332,0.002091921517174888,0.03109998748374833,0.0020919215171748876,54973.0,0.005202622733219527,0.005202622733219527,0.0020937373255244026,1.0,0.0,0.0,0.0,0.0,0.0,0.0,0.0,0.0,1.0,0.0,0.0,0.0,0.0,0.0,0.0,0.0,0.0,1.0,8.496112375791602,0.5714857699072036,7.3962523012289845,0.497504358915915,3.674354e6,0.9558165506472805,0.9558165506472805,0.5719818251483331,1.0,2.763920093761567,0.18591338401384433,1.9583071295907182,0.1317243238045853,7.901773e6,0.46236782314206476,0.46236782314206476,0.18607475865061118,1.0,6.865110782825255,0.46177745157891603,5.650162128659958,0.3800546781135188,3.561794e6,0.7855715810083971,0.7855715810083971,0.46217827892607527,1.0,0.1763666362600225,0.011863193240733443,0.10739617380073026,0.007223937532238643,7.73845e6,0.246378576680738,0.2463785711232911,0.011873490608565634,1.0,14.853815282659182,1.0,0,17311.83590716149,154.68121928325854,0.0004821096414044069,2160.0,1
1.3392e6,7.267312112214344e-5,4.934086997484854e-6,4.523703535457507e-6,3.071334552600653e-7,0.0,0.0,0.0,0.029169984056412,0.001980474167439169,0.1854015742652051,0.0,0.0,0.0,0.061878522666105024,0.004201195839617953,114798.0,-4.2396391346332496e-7,-2.8784711603432052e-8,4.2403472057455837e-7,2.8789518999089093e-8,4.648070353020199,0.3155772469670885,0.0,0.0,0.0,0.0,0.0,0.0,0.0,0.0,0.0,0.0,0.030665658681557822,0.002082021873199551,0.030665658681557822,0.002082021873199551,56128.0,0.0005472053029893885,3.715209321885071e-5,0.0005472053029893885,3.715209321885071e-5,29.0,4.2749391757012733e-7,2.902437858202745e-8,2.503921468326847e-7,1.700018682124587e-8,7172.0,10.16943339493622,0.6904460454011545,8.7240434834279,0.5923123825207258,7.996936e6,0.2786826416933759,0.01892094873003936,0.17936710380284707,0.012177994848503636,1.05201e6,0.004694856636338748,0.00031875376654706775,NaN,NaN,3603.0,0.03077631986146487,0.0020895351309277834,0.030776319861464865,0.002089535130927783,56144.0,0.0034993664796229298,0.0034993664796229298,0.0020936816132777225,1.0,0.031102202804640162,0.0021116607086901695,0.031102202804640156,0.002111660708690169,56144.0,0.00524144932200662,0.00524144932200662,0.002115851097130184,1.0,0.0,0.0,0.0,0.0,0.0,0.0,0.0,0.0,1.0,0.0,0.0,0.0,0.0,0.0,0.0,0.0,0.0,1.0,8.519621973206634,0.5784333375586451,7.412404031542607,0.5032596066800107,3.746088e6,0.9687083993894787,0.9687083993894787,0.5795811831197477,1.0,2.766211709092604,0.18780986718850876,1.9597007238489568,0.13305240935301668,8.030599e6,0.46617143416565626,0.46617143416565626,0.188182557883159,1.0,6.888379899226614,0.4676813816402057,5.66615608639721,0.3846994134822368,3.633537e6,0.795881660273427,0.795881660273427,0.46860945055164105,1.0,0.17703726470002987,0.01201981217180091,0.10780232141314866,0.007319157677146034,7.866194e6,0.24482063034477547,0.24482063034477547,0.012043664337903437,1.0,14.699617967835904,1.0,0,17737.274014062004,425.43810690051396,0.0013399129620850461,3200.0,1
1.3608e6,4.5072700991301015e-5,3.081584835925397e-6,4.523515714293072e-6,3.09269183422713e-7,0.0,0.0,0.0,0.051105237815177625,0.003494024596351725,0.1854015742652051,0.0,0.0,0.0,0.06187894720445063,0.00423061456656581,115008.0,-4.239546211575684e-7,-2.89854413635385e-8,4.240258985503795e-7,2.8990314542380688e-8,4.649423918957026,0.3178774275633495,0.0,0.0,0.0,0.0,0.0,0.0,0.0,0.0,0.0,0.0,0.030665870950730627,0.0020966012868954744,0.030665870950730627,0.0020966012868954744,56233.0,0.0005472053029893885,3.741199277486184e-5,0.0005472053029893885,3.741199277486184e-5,29.0,4.2750370462397743e-7,2.9228089386643006e-8,2.5039789104749784e-7,1.7119505310955104e-8,7172.0,10.195401326356773,0.6970515063993691,8.740724449004697,0.5975964014726725,8.124804e6,0.2788738778309712,0.019066385953339933,0.17948243314714316,0.012271071671697154,1.141985e6,0.004694856636338748,0.0003209836264344893,NaN,NaN,3603.0,0.030776532130637673,0.0021041671040403797,0.03077653213063767,0.0021041671040403793,56249.0,0.0035273126845532603,0.0035273126845532603,0.0021115448938357423,1.0,0.031102415073812964,0.0021264474625254308,0.031102415073812957,0.0021264474625254303,56249.0,0.005270505526388742,0.005270505526388742,0.002133903373398322,1.0,0.0,0.0,0.0,0.0,0.0,0.0,0.0,0.0,1.0,0.0,0.0,0.0,0.0,0.0,0.0,0.0,0.0,1.0,8.544122111730022,0.5841548555273772,7.428171057581137,0.5078581666121984,3.818599e6,0.9792458154528555,0.9792458154528555,0.5862030634495266,1.0,2.768346439611313,0.18926965150237476,1.9610103901055351,0.1340727258037556,8.159991e6,0.46911422069004316,0.46911422069004316,0.18993328306506993,1.0,6.912664527562628,0.4726133938165287,5.6817858808746715,0.38845919650694133,3.706045e6,0.8044113556208934,0.8044113556208934,0.4742705066320252,1.0,0.17763155315871812,0.012144528474151723,0.10816127288418899,0.007394900483524023,7.99377e6,0.23624099300686194,0.23624099300686194,0.012187110538130408,1.0,14.575362437466502,1.0,0,18604.348122902295,867.0741088402901,0.0027541215545028117,4320.0,1
1.3824e6,4.1462106800676054e-5,2.8112503157972075e-6,3.7994253391118157e-6,2.5761198618715256e-7,0.0,0.0,0.0,0.0,0.0,0.18931891175582793,0.0,0.0,0.0,0.17597355645449697,0.011931514202423403,116872.0,-7.391493676238519e-7,-5.011645701322583e-8,7.391651375311899e-7,5.0117526258384966e-8,7.696882042086056,0.5218707813254552,0.0,0.0,0.0,0.0,0.0,0.0,0.0,0.0,0.0,0.0,0.08770047052412579,0.0059463446139329384,0.08770047052412579,0.0059463446139329384,57162.0,0.0005726154062453797,3.882497455752591e-5,0.0005726154062453797,3.882497455752591e-5,33.0,7.427049218429049e-7,5.0357533834748653e-8,4.35020031719311e-7,2.9495611678109028e-8,11531.0,15.180560325287551,1.0292857334434182,12.00814279924748,0.8141866837305046,8.254338e6,0.6104842060004447,0.04139258830137339,0.39094965608575677,0.0265075132196122,1.182712e6,0.0102670661975869,0.0006961366731563766,NaN,NaN,3920.0,0.08783579753958068,0.005955520175530963,0.08783579753958067,0.005955520175530962,57181.0,0.009944749854225074,0.009944749854225074,0.005955520175530963,1.0,0.08813775891491632,0.005975994026892443,0.0881377589149163,0.005975994026892442,57181.0,0.014897649131455592,0.014897649131455592,0.005975994026892443,1.0,0.0,0.0,0.0,0.0,0.0,0.0,0.0,0.0,1.0,0.0,0.0,0.0,0.0,0.0,0.0,0.0,0.0,1.0,12.51023998147455,0.8482303194985193,10.371166169469731,0.7031949512182458,3.892644e6,1.4164066441820304,1.4164066441820304,0.8482303194985193,1.0,4.1310546351803445,0.28009740806361777,2.6252629744914944,0.1780003944702972,8.289587e6,0.6982592166565129,0.6982592166565129,0.28009740806361777,1.0,11.102382169187752,0.7527735030271409,8.501506193159136,0.5764266173247338,3.780083e6,1.2728176819836323,1.2728176819836323,0.7527735030271409,1.0,0.3511013488266393,0.02380568316296029,0.19866451668254295,0.013470026690790156,8.122364e6,0.4161350100769059,0.4161350100769059,0.02380568316296029,1.0,14.748635711195405,1.0,0,19362.661670670062,758.3135477677679,0.0023803631319134883,2944.0,1
1.404e6,3.612589581261208e-5,2.344335952940594e-6,2.741814294869122e-6,1.7792593604015567e-7,0.0,0.0,0.0,0.0,0.0,0.18931891175582793,0.0,0.0,0.0,0.17597355645449697,0.01141954063375985,116872.0,-7.391478743515881e-7,-4.79658953059676e-8,7.39163747849065e-7,4.796692539283457e-8,7.686556276433096,0.4988075680285908,0.0,0.0,0.0,0.0,0.0,0.0,0.0,0.0,0.0,0.0,0.08770047052412579,0.005691190806893074,0.08770047052412579,0.005691190806893074,57162.0,0.0005726154062453797,3.7159019973701933e-5,0.0005726154062453797,3.7159019973701933e-5,33.0,7.427074575909822e-7,4.819688913402053e-8,4.350215211276619e-7,2.8230070683159195e-8,11531.0,15.352764264740363,0.9962946643467605,12.109013160993303,0.7857962901514237,8.383938e6,0.6104842060004447,0.03961645907004992,0.39094965608575677,0.025370092946778368,1.182712e6,0.0102670661975869,0.0006662658980990873,NaN,NaN,3920.0,0.08783579753958068,0.005699972651068805,0.08783579753958067,0.005699972651068804,57181.0,0.009187731840659583,0.009187731840659583,0.005699972651068805,1.0,0.08813775891491632,0.0057195679826910475,0.0881377589149163,0.005719567982691047,57181.0,0.015067025534974063,0.015067025534974063,0.0057195679826910475,1.0,0.0,0.0,0.0,0.0,0.0,0.0,0.0,0.0,1.0,0.0,0.0,0.0,0.0,0.0,0.0,0.0,0.0,1.0,12.674160299585541,0.8224706680706764,10.467184319105437,0.6792522641547368,3.968244e6,1.3257326670900011,1.3257326670900011,0.8224706680706764,1.0,4.149345403526661,0.2692655612227157,2.6359768518633664,0.17105777354274096,8.419187e6,0.7093247425171705,0.7093247425171705,0.2692655612227157,1.0,11.269759019723283,0.7313341484445678,8.599549021505831,0.5580548660928427,3.855683e6,1.1963184324727936,1.1963184324727936,0.7313341484445678,1.0,0.3598366891248613,0.02335106351073554,0.203781468532636,0.01322409347859846,8.251964e6,0.3796974196287496,0.3796974196287496,0.02335106351073554,1.0,15.409862979449654,1.0,0,19362.661670670062,0.0,0.0,0.0,1
1.4256e6,3.3176847801856824e-5,2.1278526192869406e-6,1.9723693784913537e-6,1.26501208713062e-7,0.0,0.0,0.0,0.0,0.0,0.18931891175582793,0.0,0.0,0.0,0.17597355645449697,0.01128635834432658,116872.0,-7.391423302810988e-7,-4.7406129506567054e-8,7.391583959738054e-7,4.740715990663733e-8,7.690222767905883,0.49322529847675184,0.0,0.0,0.0,0.0,0.0,0.0,0.0,0.0,0.0,0.0,0.08770047052412579,0.005624816348797727,0.08770047052412579,0.005624816348797727,57162.0,0.0005726154062453797,3.672564673112477e-5,0.0005726154062453797,3.672564673112477e-5,33.0,7.427132185104051e-7,4.763515439516678e-8,4.350249242389283e-7,2.7901051059018912e-8,11531.0,15.446316707086453,0.9906753546872537,12.163810531713365,0.7801463314115021,8.513538e6,0.6104842060004447,0.03915442553582959,0.39094965608575677,0.025074210023800024,1.182712e6,0.0102670661975869,0.0006584954613953706,NaN,NaN,3920.0,0.08783579753958068,0.005633495773257089,0.08783579753958067,0.005633495773257088,57181.0,0.008952961131034212,0.008952961131034212,0.005633495773257089,1.0,0.08813775891491632,0.005652862571069493,0.0881377589149163,0.005652862571069492,57181.0,0.015246470925169248,0.015246470925169248,0.005652862571069493,1.0,0.0,0.0,0.0,0.0,0.0,0.0,0.0,0.0,1.0,0.0,0.0,0.0,0.0,0.0,0.0,0.0,0.0,1.0,12.764214613802816,0.8186542513421323,10.519932644379573,0.6747134738584912,4.042586e6,1.3010358021063062,1.3010358021063062,0.8186542513421323,1.0,4.157195156924696,0.26662866395203816,2.6405748291936777,0.16935768281182115,8.548787e6,0.7191305505225413,0.7191305505225413,0.26662866395203816,1.0,11.360548853950224,0.7286278003199057,8.652728168909741,0.5549571920802563,3.929895e6,1.1764802625636104,1.1764802625636104,0.7286278003199057,1.0,0.36536555052180975,0.02343333062617047,0.2070200228732704,0.013277575390724031,8.381563e6,0.36001819695495085,0.36001819695495085,0.02343333062617047,1.0,15.591703814982559,1.0,0,19362.661670670062,0.0,0.0,0.0,1
1.4472e6,3.200055479120897e-5,2.058864006234758e-6,1.4031502453820637e-6,9.027642034350674e-8,0.0,0.0,0.0,0.0,0.0,0.18931891175582793,0.0,0.0,0.0,0.17597355645449697,0.011321854380250143,116872.0,-7.391209358026241e-7,-4.755384714131961e-8,7.391370658184832e-7,4.7554884920485905e-8,7.691232933127331,0.4948415036208501,0.0,0.0,0.0,0.0,0.0,0.0,0.0,0.0,0.0,0.0,0.08770047052412579,0.0056425066149658875,0.08770047052412579,0.0056425066149658875,57162.0,0.0005726154062453797,3.6841150318368154e-5,0.0005726154062453797,3.6841150318368154e-5,33.0,7.427355028597483e-7,4.7786402547330235e-8,4.350379838288706e-7,2.7989641182604063e-8,11531.0,15.4978072755715,0.9971038872114457,12.196007786415217,0.7846714413247362,8.643137e6,0.6104842060004447,0.03927756772686988,0.39094965608575677,0.025153069389470192,1.182712e6,0.0102670661975869,0.0006605664552305914,NaN,NaN,3920.0,0.08783579753958068,0.00565121333655272,0.08783579753958067,0.005651213336552719,57181.0,0.008936015701216627,0.008936015701216627,0.00565121333655272,1.0,0.08813775891491632,0.005670641043697425,0.0881377589149163,0.005670641043697424,57181.0,0.01542656243836834,0.01542656243836834,0.005670641043697425,1.0,0.0,0.0,0.0,0.0,0.0,0.0,0.0,0.0,1.0,0.0,0.0,0.0,0.0,0.0,0.0,0.0,0.0,1.0,12.814211919728098,0.824445696705243,10.551216292437829,0.6788482133586563,4.115436e6,1.303659807515356,1.303659807515356,0.824445696705243,1.0,4.160328568419482,0.2676688201037732,2.6424578863815116,0.17001147216849646,8.678385e6,0.7281733642309465,0.7281733642309465,0.2676688201037732,1.0,11.410245067412871,0.7341167371906844,8.683832905671558,0.558703782553037,4.002742e6,1.1806110918338142,1.1806110918338142,0.7341167371906844,1.0,0.36782059660119065,0.023664983061544475,0.20846675333448347,0.013412414182734629,8.509806e6,0.34513646234275697,0.34513646234275697,0.023664983061544475,1.0,15.542821038350878,1.0,0,19362.661670670062,0.0,0.0,0.0,1
1.4688e6,3.1412040621152726e-5,2.0472381464965537e-6,9.921064897745036e-7,6.465922656057683e-8,0.0,0.0,0.0,0.0,0.0,0.18931891175582793,0.0,0.0,0.0,0.17597355645449697,0.011468843488815359,116872.0,-7.390270464961288e-7,-4.81651090143037e-8,7.390433553665177e-7,4.8166171923332405e-8,7.690548627636679,0.5012213217177088,0.0,0.0,0.0,0.0,0.0,0.0,0.0,0.0,0.0,0.0,0.08770047052412579,0.005715762019032376,0.08770047052412579,0.005715762019032376,57162.0,0.0005726154062453797,3.731945075060657e-5,0.0005726154062453797,3.731945075060657e-5,33.0,7.428293931981099e-7,4.841292192491286e-8,4.350929816324263e-7,2.83566088562552e-8,11531.0,15.53531916722495,1.0124938523008589,12.218618699574558,0.796332291841637,8.772737e6,0.6104842060004447,0.03978749962255418,0.39094965608575677,0.025479626075598102,1.182712e6,0.0102670661975869,0.0006691424420911718,NaN,NaN,3920.0,0.08783579753958068,0.005724581778042372,0.08783579753958067,0.005724581778042371,57181.0,0.009062998244306297,0.009062998244306297,0.005724581778042372,1.0,0.08813775891491632,0.005744261710772989,0.0881377589149163,0.005744261710772988,57181.0,0.015594373717921498,0.015594373717921498,0.005744261710772989,1.0,0.0,0.0,0.0,0.0,0.0,0.0,0.0,0.0,1.0,0.0,0.0,0.0,0.0,0.0,0.0,0.0,0.0,1.0,12.850517997033654,0.8375154916886248,10.573119875276824,0.6890890852080296,4.187024e6,1.3259311728007162,1.3259311728007162,0.8375154916886248,1.0,4.16307304618513,0.27132277235954516,2.644066716112925,0.17232354651493545,8.807975e6,0.7365800730182819,0.7365800730182819,0.27132277235954516,1.0,11.446366007288399,0.7460017453658292,8.70562510220296,0.5673775866164605,4.074299e6,1.202388781273879,1.202388781273879,0.7460017453658292,1.0,0.3691110509273583,0.024056323906669827,0.209221187353821,0.013635713800701384,8.638652e6,0.3317457559233677,0.3317457559233677,0.024056323906669827,1.0,15.34361826683831,1.0,0,19362.661670670062,0.0,0.0,0.0,1
1.4904e6,3.1232361499312284e-5,2.0621079006033754e-6,7.079429768939188e-7,4.674173631929075e-8,0.0,0.0,0.0,0.0,0.0,0.18931891175582793,0.0,0.0,0.0,0.17597355645449697,0.011618604666511772,116872.0,-7.389770195652663e-7,-4.879075027494879e-8,7.389933609623442e-7,4.8791829211103586e-8,7.6892651009921655,0.5076815698018511,0.0,0.0,0.0,0.0,0.0,0.0,0.0,0.0,0.0,0.0,0.08770047052412579,0.005790398947528044,0.08770047052412579,0.005790398947528044,57162.0,0.0005726154062453797,3.7806771455684175e-5,0.0005726154062453797,3.7806771455684175e-5,33.0,7.428794538580037e-7,4.9048407403655395e-8,4.3512231237339337e-7,2.8728828529144096e-8,11531.0,15.567592255262438,1.027845908598857,12.24051334508541,0.8081764575149871,8.902336e6,0.6104842060004447,0.04030704832917663,0.39094965608575677,0.02581234129767495,1.182712e6,0.0102670661975869,0.0006778801635773841,NaN,NaN,3920.0,0.08783579753958068,0.005799333875735146,0.08783579753958067,0.005799333875735145,57181.0,0.009195248417111859,0.009195248417111859,0.005799333875735146,1.0,0.08813775891491632,0.00581927079077663,0.0881377589149163,0.005819270790776628,57181.0,0.015757149328664604,0.015757149328664604,0.00581927079077663,1.0,0.0,0.0,0.0,0.0,0.0,0.0,0.0,0.0,1.0,0.0,0.0,0.0,0.0,0.0,0.0,0.0,0.0,1.0,12.881322618051922,0.8504857098779007,10.59409856902415,0.6994723840986744,4.258681e6,1.3485044222496458,1.3485044222496458,0.8504857098779007,1.0,4.1659660973879395,0.27505674213135123,2.6458182735301,0.1746894087892566,8.937565e6,0.7447857842410649,0.7447857842410649,0.27505674213135123,1.0,11.476980839833187,0.7577644381906474,8.726493805031323,0.5761643038205018,4.145927e6,1.2238671452220302,1.2238671452220302,0.7577644381906474,1.0,0.37025514018477823,0.02444599169457146,0.20989848841227002,0.013858488775790418,8.767079e6,0.3232411428277283,0.3232411428277283,0.02444599169457146,1.0,15.14584250910132,1.0,0,19362.661670670062,0.0,0.0,0.0,1
1.512e6,3.119383959653284e-5,2.0889520159659538e-6,5.228467010097023e-7,3.501337713606641e-8,0.0,0.0,0.0,0.0,0.0,0.18931891175582793,0.0,0.0,0.0,0.17597355645449697,0.01178438820827874,116872.0,-7.389395810941101e-7,-4.948442857849243e-8,7.38955933954963e-7,4.9485523677463497e-8,7.687737748510825,0.5148232944608148,0.0,0.0,0.0,0.0,0.0,0.0,0.0,0.0,0.0,0.0,0.08770047052412579,0.005873020989788573,0.08770047052412579,0.005873020989788573,57162.0,0.0005726154062453797,3.83462287015928e-5,0.0005726154062453797,3.83462287015928e-5,33.0,7.429169833542483e-7,4.975078253097435e-8,4.3514430537947025e-7,2.9140227228057647e-8,11531.0,15.595173805270528,1.0443590843969162,12.257262662626736,0.8208298138509466,9.031935e6,0.6104842060004447,0.040882181524769676,0.39094965608575677,0.026180652423189045,1.182712e6,0.0102670661975869,0.0006875526997929716,NaN,NaN,3920.0,0.08783579753958068,0.0058820834086958165,0.08783579753958067,0.005882083408695816,57181.0,0.00935248965602749,0.00935248965602749,0.0058820834086958165,1.0,0.08813775891491632,0.005902304799582925,0.0881377589149163,0.005902304799582924,57181.0,0.01590636548088149,0.01590636548088149,0.005902304799582925,1.0,0.0,0.0,0.0,0.0,0.0,0.0,0.0,0.0,1.0,0.0,0.0,0.0,0.0,0.0,0.0,0.0,0.0,1.0,12.907680834757379,0.8643862458088839,10.610127250636989,0.7105264051026584,4.330124e6,1.3743707562508798,1.3743707562508798,0.8643862458088839,1.0,4.168662750416879,0.2791620579254827,2.6474004168061147,0.17728796805029814,9.067145e6,0.7523253834792663,0.7523253834792663,0.2791620579254827,1.0,11.503196121418261,0.7703323809666343,8.742439748781132,0.5854533258453728,4.217338e6,1.2478922084266333,1.2478922084266333,0.7703323809666343,1.0,0.3712441159502525,0.02486103520632245,0.21047551605638498,0.014094874477277529,8.895817e6,0.31661215589038844,0.31661215589038844,0.02486103520632245,1.0,14.932769809031958,1.0,0,19362.661670670062,0.0,0.0,0.0,1
1.5336e6,3.11646781703271e-5,2.116354566121526e-6,4.109669770558457e-7,2.7908256702147442e-8,0.0,0.0,0.0,0.0,0.0,0.18931891175582793,0.0,0.0,0.0,0.17597355645449697,0.011950145536035545,116872.0,-7.389142832186732e-7,-5.017875072270768e-8,7.389306347970748e-7,5.017986113807679e-8,7.6864226949518555,0.5219754132770095,0.0,0.0,0.0,0.0,0.0,0.0,0.0,0.0,0.0,0.0,0.08770047052412579,0.005955629967694025,0.08770047052412579,0.005955629967694025,57162.0,0.0005726154062453797,3.8885600647491696e-5,0.0005726154062453797,3.8885600647491696e-5,33.0,7.429423581709701e-7,5.045229228701911e-8,4.351591709050593e-7,2.9551118522746276e-8,11531.0,15.621841642010988,1.0608598526063437,12.273136933013681,0.8334534772622559,9.161535e6,0.6104842060004447,0.04145722377920371,0.39094965608575677,0.026548905310644744,1.182712e6,0.0102670661975869,0.0006972237065686645,NaN,NaN,3920.0,0.08783579753958068,0.0059648198571423386,0.08783579753958067,0.005964819857142338,57181.0,0.009515552054527495,0.009515552054527495,0.0059648198571423386,1.0,0.08813775891491632,0.005985325678893207,0.0881377589149163,0.005985325678893206,57181.0,0.016040071076772595,0.016040071076772595,0.005985325678893207,1.0,0.0,0.0,0.0,0.0,0.0,0.0,0.0,0.0,1.0,0.0,0.0,0.0,0.0,0.0,0.0,0.0,0.0,1.0,12.933240584970033,0.8782802959541127,10.625351727681128,0.7215544316750176,4.401576e6,1.4011021413513483,1.4011021413513483,0.8782802959541127,1.0,4.171312190722655,0.28326862717163165,2.6489518984555995,0.1798870315648105,9.196726e6,0.7591314420325695,0.7591314420325695,0.28326862717163165,1.0,11.528584543239186,0.7828918497298318,8.7575653787922,0.5947153818248505,4.288768e6,1.2722510500987219,1.2722510500987219,0.7828918497298318,1.0,0.3722420897545298,0.02527849772903172,0.21105715862819455,0.014332629361169061,9.024456e6,0.3106715916188943,0.3106715916188943,0.02527849772903172,1.0,14.725641283936708,1.0,0,19362.661670670062,0.0,0.0,0.0,1
1.5552e6,3.107136659212249e-5,2.141064454513938e-6,4.151226628731127e-6,2.860525542401256e-7,0.0,0.0,0.0,0.0077529988613380075,0.0005342433274919536,0.18574126038335692,0.0,0.0,0.0,0.17597655481992924,0.012126185220584987,118352.0,-7.388833496578322e-7,-5.091494354759603e-8,7.388997626949773e-7,5.0916074536486324e-8,7.684928496772864,0.5295527376028953,0.0,0.0,0.0,0.0,0.0,0.0,0.0,0.0,0.0,0.0,0.08770098828914547,0.006043296103340322,0.08770098828914547,0.006043296103340322,57898.0,0.0005745782416385817,3.95930139043637e-5,0.0005745782416385817,3.95930139043637e-5,34.0,7.429740779427934e-7,5.119682728444543e-8,4.351777634573164e-7,2.9987211472364374e-8,11555.0,15.648612403143845,1.0783139415352154,12.292364264436985,0.8470417324739098,9.291135e6,0.6104995544580621,0.04206827825455692,0.3909596676611687,0.026940232741167313,1.203401e6,0.0102670661975869,0.000707482576365601,NaN,NaN,3920.0,0.08783824766310032,0.00605275436665012,0.08783824766310029,0.006052754366650118,57918.0,0.009695740263695234,0.009695740263695234,0.0060559897387594125,1.0,0.08813830715682898,0.006073430853934872,0.08813830715682897,0.006073430853934871,57918.0,0.016164404821161802,0.016164404821161802,0.006076677278224085,1.0,0.0,0.0,0.0,0.0,0.0,0.0,0.0,0.0,1.0,0.0,0.0,0.0,0.0,0.0,0.0,0.0,0.0,1.0,12.959021103053452,0.8929796945615583,10.643935018306996,0.7334518376037906,4.473211e6,1.430439541199253,1.430439541199253,0.893457018011832,1.0,4.173321306035385,0.28757505335743494,2.6502009704288056,0.18261993975321478,9.326322e6,0.7653795178922821,0.7653795178922821,0.28772877053321977,1.0,11.5541749738546,0.7961746151206128,8.776032299235453,0.6047384736635011,4.360387e6,1.2986911785835074,1.2986911785835074,0.796600193458647,1.0,0.37303564518030213,0.025705124935338726,0.21153565081959202,0.014576489949017146,9.152915e6,0.30599052560799345,0.30599040913371267,0.025718865067391645,1.0,14.504358734447633,1.0,0,19388.94997586307,26.288305193007545,8.390933984916297e-5,1195.0,1
1.5768e6,3.0412573985421594e-5,2.1330910515086253e-6,4.136730061309746e-6,2.9014386879967415e-7,0.0,0.0,0.0,0.029617128599908994,0.0020772997385268928,0.18574126038335692,0.0,0.0,0.0,0.17598232421761387,0.012343128904256014,122518.0,-7.388399547105641e-7,-5.182109533529162e-8,7.388565504711018e-7,5.1822259336349635e-8,7.683427070867266,0.5389037290182163,0.0,0.0,0.0,0.0,0.0,0.0,0.0,0.0,0.0,0.0,0.08770387298798757,0.006151414436114586,0.08770387298798757,0.006151414436114586,59826.0,0.0005745782416385817,4.030003202682974e-5,0.0005745782416385817,4.030003202682974e-5,34.0,7.430174891639794e-7,5.211410116124442e-8,4.3520318855188194e-7,3.0524480681347086e-8,11644.0,15.68470601312238,1.1001010982553663,12.333583618442459,0.8650585400020451,9.420658e6,0.6107200652525684,0.04283496381435793,0.39111675691486,0.027432326335484845,1.260017e6,0.0102670661975869,0.0007201161941050254,NaN,NaN,3920.0,0.08784113236194262,0.00616104159698757,0.0878411323619426,0.0061610415969875695,59846.0,0.009932231798102471,0.009932231798102471,0.006173866568395799,1.0,0.08814119185567129,0.006182087307268445,0.08814119185567126,0.0061820873072684435,59846.0,0.016281921327503834,0.016281921327503834,0.006194956087930088,1.0,0.0,0.0,0.0,0.0,0.0,0.0,0.0,0.0,1.0,0.0,0.0,0.0,0.0,0.0,0.0,0.0,0.0,1.0,12.992937934306452,0.9113046351736431,10.683114600812274,0.7492971876749847,4.544844e6,1.469116663593935,1.469116663593935,0.9132016286781185,1.0,4.177583568594105,0.29300927081572126,2.6535150916246866,0.18611345753572014,9.455899e6,0.771706004546674,0.771706004546674,0.2936192059153958,1.0,11.587679484737533,0.812741974043111,8.814953270695291,0.6182672321718038,4.432011e6,1.3336998000525226,1.3336998000525226,0.8144337971569927,1.0,0.3749085968207384,0.026295510975010494,0.21283712349980682,0.014928067705939704,9.281532e6,0.3032220387002452,0.30322203864335096,0.026350248338995207,1.0,14.227896147222213,1.0,0,19804.349536121637,415.39956025856736,0.0013516728632318898,4320.0,1
1.5984e6,2.9048939531922744e-5,2.072866082110603e-6,4.1257624078542014e-6,2.94404997080521e-7,0.0,0.0,0.0,0.045701743711961965,0.00326117221352373,0.18574126038335692,0.0,0.0,0.0,0.1759944765673681,0.012558564511947253,126794.0,-7.388067385481542e-7,-5.271956409590346e-8,7.388235590733833e-7,5.2720764370226465e-8,7.682245079881293,0.5481874903917695,0.0,0.0,0.0,0.0,0.0,0.0,0.0,0.0,0.0,0.0,0.08770994916286456,0.006258781959442951,0.08770994916286456,0.006258781959442951,61847.0,0.0005745782416385817,4.10005930613238e-5,0.0005745782416385817,4.10005930613238e-5,34.0,7.43050713620535e-7,5.302240447915372e-8,4.3522265339314875e-7,3.105649606910533e-8,11946.0,15.747141905604154,1.1236801367718923,12.414552328708362,0.8858741441658217,9.549969e6,0.6113870160580641,0.04362718326556714,0.3916295933143395,0.027945794711024038,1.328535e6,0.0102670661975869,0.0007326344309531321,NaN,NaN,3920.0,0.08784720853681974,0.006268576475363601,0.08784720853681972,0.0062685764753636,61867.0,0.010170707226710355,0.010170707226710355,0.006289086268751708,1.0,0.0881472680305484,0.006289988036583655,0.08814726803054838,0.006289988036583654,61867.0,0.016394612944908713,0.016394612944908713,0.006310567885222498,1.0,0.0,0.0,0.0,0.0,0.0,0.0,0.0,0.0,1.0,0.0,0.0,0.0,0.0,0.0,0.0,0.0,0.0,1.0,13.051560436070174,0.9313295900807649,10.760266818432651,0.7678281025673255,4.616697e6,1.511073627243927,1.511073627243927,0.9343767535865237,1.0,4.185072608936183,0.2986372377793904,2.6596888128105083,0.18978932855656652,9.58548e6,0.7783865240845532,0.7783865240845532,0.2996143317127455,1.0,11.645518941601788,0.8309976753573116,8.891594651655177,0.6344839180458753,4.50385e6,1.371718620649992,1.371718620649992,0.8337165686649963,1.0,0.37848761762745436,0.027008013294827077,0.2153849114236773,0.015369376117772029,9.409763e6,0.30224626431895757,0.3022462412148618,0.027096379253937118,1.0,13.968199001069854,1.0,0,20626.70398635201,822.3544502303739,0.0027256173315920846,4320.0,1
1.62e6,2.7057527043946512e-5,1.9607438695696956e-6,4.165134576035613e-6,3.0182958230551686e-7,0.0,0.0,0.0,0.0759212120999909,0.005501687236737408,0.18418205120093767,0.0,0.0,0.0,0.1765618113693285,0.01279468329386681,131446.0,-7.387791160067404e-7,-5.3536179427026245e-8,7.387961081258233e-7,5.35374107736038e-8,7.6822705551546004,0.5567014631799159,0.0,0.0,0.0,0.0,0.0,0.0,0.0,0.0,0.0,0.0,0.08799169499839593,0.0063763837789363184,0.08799169499839593,0.0063763837789363184,64146.0,0.0005784213725364129,4.191573599415831e-5,0.0005784213725364129,4.191573599415831e-5,37.0,7.430783617443994e-7,5.3847727474643345e-8,4.352388406832162e-7,3.153990707584506e-8,11989.0,15.790476862427623,1.144268678187052,12.474550700730871,0.9039776167410919,9.675235e6,0.6175689761003171,0.04475259627232046,0.39531898435075424,0.028647084925068,1.416747e6,0.0102670661975869,0.0007440106064640753,NaN,NaN,3920.0,0.08813268072247224,0.0063866004145412825,0.08813268072247223,0.006386600414541282,64169.0,0.010420889210036923,0.010420889210036923,0.006421931875174125,1.0,0.0884291306468563,0.0064080828793255315,0.08842913064685627,0.00640808287932553,64169.0,0.016552659284223278,0.016552659284223278,0.006443533183601244,1.0,0.0,0.0,0.0,0.0,0.0,0.0,0.0,0.0,1.0,0.0,0.0,0.0,0.0,0.0,0.0,0.0,0.0,1.0,13.095263320650986,0.94895801950651,10.82042909828979,0.7841104616148525,4.687325e6,1.5483959766353528,1.5483959766353528,0.9542077722281734,1.0,4.192406032525946,0.3038058287319108,2.6656620804358986,0.19316919000284014,9.713806e6,0.7847580105096432,0.7847580105096432,0.3054865200201007,1.0,11.688092363673945,0.8469863270141417,8.950937344115781,0.6486363478773269,4.573726e6,1.4051299396705654,1.4051299396705654,0.8516719597650683,1.0,0.38188430563122666,0.02767353091563588,0.21772855289280907,0.01577786190960743,9.535529e6,0.30085185528443803,0.30085068557887573,0.027826624299385296,1.0,13.723702218513896,1.0,0,21945.02038336148,1318.3163970094683,0.0044472814665039604,6323.0,1
1.6416e6,2.4622179611629212e-5,1.809276115770011e-6,4.127679054631655e-6,3.0330828728021937e-7,0.0,0.0,0.0,0.10235848616848581,0.007521461023846473,0.18418205120093767,0.0,0.0,0.0,0.17680598230201072,0.012991979018510482,136036.0,-7.387625615704855e-7,-5.4285423912806444e-8,7.387797243883733e-7,5.428668506340211e-8,7.682620090494149,0.5645308926956595,0.0,0.0,0.0,0.0,0.0,0.0,0.0,0.0,0.0,0.0,0.08811378046473711,0.006474737857478504,0.08811378046473711,0.006474737857478504,66441.0,0.0005784213725364129,4.250330355346607e-5,0.0005784213725364129,4.250330355346607e-5,37.0,7.430949805255394e-7,5.460377680692578e-8,4.352485867181039e-7,3.198274420838778e-8,11989.0,15.829686494689565,1.163190024064399,12.530452970504145,0.9207572049634817,9.800065e6,0.621965700962745,0.04570300864219825,0.3978233596593698,0.029232680220849648,1.505277e6,0.0102670661975869,0.0007544400188499178,NaN,NaN,3920.0,0.08825476618881335,0.00648509770811964,0.08825476618881334,0.006485097708119639,66464.0,0.01063486553130166,0.01063486553130166,0.006534244775518978,1.0,0.08855121611319741,0.006506881310390845,0.0885512161131974,0.006506881310390844,66464.0,0.016675649767889433,0.016675649767889433,0.006556193463995081,1.0,0.0,0.0,0.0,0.0,0.0,0.0,0.0,0.0,1.0,0.0,0.0,0.0,0.0,0.0,0.0,0.0,0.0,1.0,13.133928851307267,0.9651015528158005,10.875592958397176,0.799155513233726,4.757776e6,1.582663161018501,1.582663161018501,0.9724155383867592,1.0,4.198548153877667,0.3085158590969477,2.6707357406675483,0.19624982285649864,9.841792e6,0.7906556411171423,0.7906556411171423,0.31085393485204665,1.0,11.725999244716432,0.8616446919663595,9.005561602067068,0.6617426959236345,4.642777e6,1.4356939526970294,1.4356939526970294,0.8681746336351384,1.0,0.3849344389187446,0.02828558224569509,0.21985256704497644,0.016155109125973954,9.659989e6,0.2990516795067397,0.29905057599198553,0.02849994345960836,1.0,13.506498336191235,1.0,0,23886.509919002427,1941.489535640947,0.0066548540236624175,6480.0,1
1.6632e6,2.1948492613909978e-5,1.6349520020382247e-6,4.070232377417972e-6,3.03193239339038e-7,0.0,0.0,0.0,0.12452055895455971,0.00927558628917655,0.18418205120093767,0.0,0.0,0.0,0.17694798887653618,0.013180926533742181,140652.0,-7.387486115559495e-7,-5.502967983782616e-8,7.387658895804304e-7,5.503096688478712e-8,7.6830533511382075,0.5723137200888698,0.0,0.0,0.0,0.0,0.0,0.0,0.0,0.0,0.0,0.0,0.08818478375199981,0.006568919847063505,0.08818478375199981,0.006568919847063505,68749.0,0.0005784213725364129,4.3086839615161956e-5,0.0005784213725364129,4.3086839615161956e-5,37.0,7.431089471751119e-7,5.5354482983787544e-8,4.352567655796604e-7,3.242245072603083e-8,11989.0,15.867851605150232,1.1820026188697896,12.582433295389398,0.9372704936361734,9.925407e6,0.6247837989753112,0.04654039532210776,0.39942631534573886,0.029753426143141942,1.593151e6,0.0102670661975869,0.0007647978715479241,NaN,NaN,3920.0,0.08832576947607608,0.006579421930094538,0.08832576947607605,0.0065794219300945355,68772.0,0.010844940488228488,0.010844940488228488,0.0066410212961754735,1.0,0.08862221940046014,0.006601504603647647,0.08862221940046011,0.006601504603647645,68772.0,0.016784164925009674,0.016784164925009674,0.006663310717176412,1.0,0.0,0.0,0.0,0.0,0.0,0.0,0.0,0.0,1.0,0.0,0.0,0.0,0.0,0.0,0.0,0.0,0.0,1.0,13.170830742896513,0.9811004550698924,10.926270921730342,0.8139022953664571,4.82822e6,1.6171597081408013,1.6171597081408013,0.9902859377363239,1.0,4.204022692284388,0.31315933345729846,2.6752090200875656,0.19927739094442132,9.969742e6,0.7961999901733222,0.7961999901733222,0.3160912652635052,1.0,11.762358763358531,0.8761828134227861,9.055862809571552,0.6745748462611592,4.712687e6,1.4664968755283898,1.4664968755283898,0.8843860121918121,1.0,0.3877201193204465,0.028881426914562837,0.22181090243468132,0.01652278292586052,9.783728e6,0.29702225486905937,0.29702119709813735,0.029151827203273972,1.0,13.300028043418923,1.0,0,26352.434131903312,2465.9242129008853,0.008583677991653594,6480.0,1
1.6848e6,1.9213804914068564e-5,1.4485859327896642e-6,3.993689305556333e-6,3.0109612197245934e-7,0.0,0.0,0.0,0.1441888785281459,0.010870828658599155,0.18418205120093767,0.0,0.0,0.0,0.17701418508099998,0.013345626207790255,145160.0,-7.38739843453464e-7,-5.56957952890615e-8,7.387572077281323e-7,5.569710443340486e-8,7.6835331492449255,0.5792844303300679,0.0,0.0,0.0,0.0,0.0,0.0,0.0,0.0,0.0,0.0,0.08821788185423204,0.006651008649565864,0.08821788185423204,0.006651008649565864,71003.0,0.0005784213725364129,4.3608908658566785e-5,0.0005784213725364129,4.3608908658566785e-5,37.0,7.431177359483227e-7,5.6025857632864854e-8,4.352619335532647e-7,3.2815692510878944e-8,11989.0,15.898762220874568,1.1986549985767423,12.620011105518026,0.9514601944207872,1.0050748e7,0.6262297125353563,0.04721332168879308,0.40025025834654454,0.030176058122235828,1.682507e6,0.0102670661975869,0.0007740646754435751,NaN,NaN,3920.0,0.08835886757830798,0.006661637982877717,0.08835886757830796,0.0066616379828777165,71026.0,0.011029097980686714,0.011029097980686714,0.00673485139847163,1.0,0.08865531750269204,0.006683988224912541,0.08865531750269202,0.00668398822491254,71026.0,0.016879049765492486,0.016879049765492486,0.006757447276424064,1.0,0.0,0.0,0.0,0.0,0.0,0.0,0.0,0.0,1.0,0.0,0.0,0.0,0.0,0.0,0.0,0.0,0.0,1.0,13.20034876751616,0.9952135778447541,10.96250739832989,0.8264960572018553,4.898653e6,1.6476890653577654,1.6476890653577654,1.0061512759704598,1.0,4.2079864308411095,0.3172526199963095,2.678444021916346,0.20193586586650739,1.00979e7,0.8011568214904587,0.8011568214904587,0.32073932221215307,1.0,11.791548607315503,0.888999941175412,9.091880238857328,0.6854639086594225,4.782813e6,1.4936369368068096,1.4936369368068096,0.898770319320176,1.0,0.38969644955186167,0.0293803750690507,0.22320124177276668,0.01682780586454646,9.908194e6,0.2943257534236922,0.2943247324281888,0.02970327427428584,1.0,13.119646203086182,1.0,0,29256.270331120082,2903.83619921677,0.010246988294793072,6480.0,1
1.7064e6,1.6546002719540654e-5,1.263708653833008e-6,3.9009560753569655e-6,2.9793733472732686e-7,0.0,0.0,0.0,0.14389642533294786,0.010990156416094785,0.18418205120093767,0.0,0.0,0.0,0.17707411471936407,0.013524117875093123,149576.0,-7.387322165266319e-7,-5.6421016647570146e-8,7.387500891802149e-7,5.6422381679800744e-8,7.685065649850397,0.5869504636017822,0.0,0.0,0.0,0.0,0.0,0.0,0.0,0.0,0.0,0.0,0.08824784667341405,0.006739970336860777,0.08824784667341405,0.006739970336860777,73211.0,0.0005784213725364129,4.417720137160257e-5,0.0005784213725364129,4.417720137160257e-5,37.0,7.431254658368948e-7,5.6756553107096314e-8,4.3526645876756847e-7,3.32436782461193e-8,11989.0,15.925928538911712,1.2163501998691517,12.652761081785926,0.9663605128658083,1.0178585e7,0.647976849463906,0.04948953327463971,0.4129715042131977,0.03154089072186135,1.739174e6,0.0102670661975869,0.0007841519564144685,NaN,NaN,3920.0,0.08838883239749001,0.0067507381871145,0.08838883239749,0.006750738187114499,73234.0,0.011236214290071198,0.011236214290071198,0.00682575429446854,1.0,0.08868528232187407,0.006773379687978624,0.08868528232187406,0.006773379687978623,73234.0,0.016967503118958,0.016967503118958,0.006848647394078223,1.0,0.0,0.0,0.0,0.0,0.0,0.0,0.0,0.0,1.0,0.0,0.0,0.0,0.0,0.0,0.0,0.0,0.0,1.0,13.24623686312726,1.011687501712222,11.00604363384686,0.8405917018332318,4.971528e6,1.6838954864999998,1.6838954864999998,1.0229296586635974,1.0,4.211969219187121,0.3216911082505122,2.6814959236571405,0.20480049842742545,1.0227318e7,0.8058451074681358,0.8058451074681358,0.3252658306056796,1.0,11.837150164135629,0.9040678496609291,9.135239637993797,0.6977081764731854,4.855405e6,1.526236965897727,1.526236965897727,0.914114106675451,1.0,0.39185361240653366,0.0299280019124528,0.2246705432300961,0.01715931724137402,1.0032319e7,0.29178989987731513,0.2917896021402957,0.030260570313437714,1.0,12.949313524091927,1.0,0,32411.549607721336,3155.2792766012535,0.01128073268249475,6480.0,1
1.728e6,1.3993460673897422e-5,1.0861728217275493e-6,3.862182933527931e-6,2.997827508647035e-7,0.0,0.0,0.0,0.08108000756869528,0.006293432529585453,0.1821346923891155,0.0,0.0,0.0,0.17747738731483564,0.01377579993004676,156662.0,-7.387284264226116e-7,-5.73401217980714e-8,7.387471051165887e-7,5.7341571638837454e-8,7.689613956706274,0.596868057444217,0.0,0.0,0.0,0.0,0.0,0.0,0.0,0.0,0.0,0.0,0.08844941562961169,0.0068654461961488895,0.08844941562961169,0.0068654461961488895,76348.0,0.0005785560556130356,4.490753774904119e-5,0.0005785560556130356,4.490753774904119e-5,38.0,7.43129531182506e-7,5.7681735676666125e-8,4.3526884559106663e-7,3.378558036809526e-8,11991.0,15.954760741379426,1.2384089896202506,12.682109237661946,0.9843856853668299,1.0307828e7,0.7568125047197136,0.058743808477874984,0.4767758661194263,0.03700735650049176,1.7915600000000002e6,0.0102670661975869,0.0007969299748344904,NaN,NaN,3920.0,0.08859052875137807,0.006876399400736636,0.08859052875137809,0.006876399400736637,76372.0,0.011535084013423525,0.011535084013423525,0.006919949636884496,1.0,0.08888685856345757,0.006899400529310125,0.08888685856345757,0.006899400529310125,76372.0,0.017083216900811243,0.017083216900811243,0.006943096438290913,1.0,0.0,0.0,0.0,0.0,0.0,0.0,0.0,0.0,1.0,0.0,0.0,0.0,0.0,0.0,0.0,0.0,0.0,1.0,13.379157024399952,1.0384905547085816,11.09723537092804,0.861367730049765,5.045146e6,1.7420564306411623,1.7420564306411623,1.0450676172465776,1.0,4.218626148140204,0.3274498834792421,2.686149055106394,0.2084989672503288,1.0356785e7,0.8107802061725786,0.8107802061725786,0.3295237187702206,1.0,11.969598378790534,0.9290805719194118,9.226037357473302,0.7161252861933771,4.929023e6,1.5800100547884088,1.5800100547884088,0.9349647092345227,1.0,0.39620438229152033,0.030753395598355753,0.22743588158711092,0.017653579698577993,1.0159521e7,0.2909932077266498,0.290993136471724,0.030948165791680114,1.0,12.802192703712125,1.0,0,34674.179285564955,2262.629677843619,0.008182299423118971,7831.0,1
1.7496e6,1.1549826285845968e-5,9.043812314493755e-7,3.862066950299832e-6,3.0240981794959243e-7,0.0,0.0,0.0,0.10555120737173838,0.00826493217658202,0.1821346923891155,0.0,0.0,0.0,0.17748314835872414,0.013897388956479738,165302.0,-7.387258569885837e-7,-5.7844142735337794e-8,7.387445458814107e-7,5.7845606123919664e-8,7.690061387053963,0.6021516700790582,0.0,0.0,0.0,0.0,0.0,0.0,0.0,0.0,0.0,0.0,0.08845229615155555,0.006926043261455811,0.08845229615155555,0.006926043261455811,80320.0,0.0005785560556130356,4.5302433568115445e-5,0.0005785560556130356,4.5302433568115445e-5,38.0,7.431325111046285e-7,5.8189195135036995e-8,4.352705885760367e-7,3.408281139193407e-8,11991.0,15.962887084680405,1.249935290959503,12.686912989169587,0.9934180574211007,1.0437399e7,0.7871518889553656,0.061636026123055535,0.4945710607879862,0.038726191539590046,1.872268e6,0.0102670661975869,0.0008039378031620146,NaN,NaN,3920.0,0.08859340927332225,0.006937092783386147,0.08859340927332232,0.006937092783386153,80344.0,0.011675797775318639,0.011675797775318639,0.006994905200449484,1.0,0.08888973908540174,0.006960296173093578,0.0888897390854018,0.006960296173093583,80344.0,0.017149649798409744,0.017149649798409744,0.007018301962810984,1.0,0.0,0.0,0.0,0.0,0.0,0.0,0.0,0.0,1.0,0.0,0.0,0.0,0.0,0.0,0.0,0.0,0.0,1.0,13.417231130784737,1.0506038543255216,11.119626493681116,0.8706954765143334,5.115617e6,1.7682678505400493,1.7682678505400493,1.05935938781645,1.0,4.2191835818180214,0.33037297263177706,2.686465824655171,0.21035721322715548,1.048614e7,0.8140143239014449,0.8140143239014449,0.33312623839837957,1.0,12.007584840524023,0.9402249086736432,9.248358949766795,0.7241703943310279,4.999396e6,1.6033741240396293,1.6033741240396293,0.9480605649421825,1.0,0.39660279872537124,0.03105502356750368,0.22767207868304284,0.017827311839169194,1.0280245e7,0.28719266462793314,0.28719263273298873,0.031313830250714846,1.0,12.665419578185183,1.0,0,36660.412723895846,1986.2334383308917,0.007260339952176658,8640.0,1
1.7712e6,9.325698260268794e-6,7.364588230786919e-7,3.861962106648112e-6,3.049826392039621e-7,0.0,0.0,0.0,0.12081371215523026,0.009540768077890206,0.1821346923891155,0.0,0.0,0.0,0.17759961075833391,0.014025201831326085,173942.0,-7.387240247030599e-7,-5.8337704119229053e-8,7.387428214387538e-7,5.833918851444113e-8,7.690959771179609,0.6073620466104642,0.0,0.0,0.0,0.0,0.0,0.0,0.0,0.0,0.0,0.0,0.08851052735136067,0.006989756368267768,0.08851052735136067,0.006989756368267768,84637.0,0.0005785560556130356,4.568909479058627e-5,0.0005785560556130356,4.568909479058627e-5,38.0,7.431350385354234e-7,5.868604586961639e-8,4.352720641325533e-7,3.437382843875689e-8,11991.0,15.968776730394804,1.2610687359440678,12.690387932157538,1.002171408520288,1.0566991e7,0.8299905894562601,0.0655451072528835,0.5196925879697685,0.04104059353169591,1.906825e6,0.0102670661975869,0.0008107995001896975,NaN,NaN,3920.0,0.08865164047312712,0.007000900199075574,0.08865164047312722,0.0070009001990755815,84661.0,0.011824479526575974,0.011824479526575974,0.007068337568512995,1.0,0.08894797028520661,0.007024301632250498,0.0889479702852067,0.007024301632250506,84661.0,0.017219328853616152,0.017219328853616152,0.007091964419998352,1.0,0.0,0.0,0.0,0.0,0.0,0.0,0.0,0.0,1.0,0.0,0.0,0.0,0.0,0.0,0.0,0.0,0.0,1.0,13.465629109891957,1.0633929052299587,11.14804795808961,0.8803714263217916,5.189011e6,1.7960644030117898,1.7960644030117898,1.0736362193992701,1.0,4.220034242989517,0.33325991954775724,2.6869649857546287,0.21219205423932214,1.0615736e7,0.8169512712944172,0.8169512712944172,0.3364701027633664,1.0,12.055899602016682,0.9520652914412616,9.276710280311717,0.7325901980109158,5.072778e6,1.6283383380075231,1.6283383380075231,0.9612362233159866,1.0,0.3972545773385873,0.031371553134613935,0.2280548573164093,0.01800969826915469,1.0405983e7,0.28372645003658964,0.28372643627059485,0.03167374498971908,1.0,12.542077909244119,1.0,0,39137.445246183444,2477.032522287598,0.009143415661839094,8640.0,1
1.7928e6,1.357990789108215e-5,1.0806496402865438e-6,3.8021313871103176e-6,3.0256257617926484e-7,0.0,0.0,0.0,0.12798431519360073,0.010184620196659007,0.17989354990080542,0.0,0.0,0.0,0.17785417531402048,0.014153118866348978,181552.0,-7.387227013589873e-7,-5.878540766976284e-8,7.387416367089834e-7,5.878691448993615e-8,7.692510819649651,0.6121476755828206,0.0,0.0,0.0,0.0,0.0,0.0,0.0,0.0,0.0,0.0,0.08862562975270394,0.007052570288442213,0.08862562975270394,0.007052570288442213,88311.0,0.0006029158086121927,4.797828946451838e-5,0.0006029158086121927,4.797828946451838e-5,48.0,7.4313732391571e-7,5.9136710514832656e-8,4.352734007166354e-7,3.463779339914576e-8,12287.0,15.97965262350316,1.2716143583589903,12.696787958786107,1.0103735202406703,1.069659e7,0.8761701912983249,0.0697230798360648,0.5467673221423682,0.04351015594013006,1.942563e6,0.0102670661975869,0.0008170233172572921,NaN,NaN,3920.0,0.0887906676830368,0.007065703527745328,0.08879066768303685,0.007065703527745332,88345.0,0.011972251147658732,0.011972251147658732,0.007138405476331516,1.0,0.08906350763098354,0.007087415338603638,0.08906350763098361,0.007087415338603644,88345.0,0.0172937234270458,0.0172937234270458,0.0071603406889997855,1.0,0.0,0.0,0.0,0.0,0.0,0.0,0.0,0.0,1.0,0.0,0.0,0.0,0.0,0.0,0.0,0.0,0.0,1.0,13.522363683898204,1.0760704393602443,11.18133873317316,0.8897784710204467,5.262358e6,1.8233124984658524,1.8233124984658524,1.0871425735716906,1.0,4.221391331946385,0.3359260652550032,2.687778623486279,0.21388561880804133,1.0744988e7,0.8196799802056377,0.8196799802056377,0.33938254760372166,1.0,12.112495580922564,0.9638772293214178,9.30991627067585,0.7408561051883527,5.146123e6,1.652915535140009,1.652915535140009,0.9737949611501525,1.0,0.39830065541121207,0.031695609679258406,0.22866803220830734,0.018196738058379243,1.0531016e7,0.2806660944422775,0.28066609371352874,0.0320217389282795,1.0,12.438445529248225,1.0,0,41887.993829630934,2750.5485834474894,0.01023763073104356,8056.0,1
1.8144e6,9.208208301113023e-6,7.371566408557688e-7,3.8020445176135993e-6,3.043700004754847e-7,0.0,0.0,0.0,0.13490560049518285,0.01079977298967476,0.17989354990080542,0.0,0.0,0.0,0.17812283128340595,0.014259498012520333,192830.0,-7.387220429808264e-7,-5.913787372338602e-8,7.387412728693768e-7,5.913941315859256e-8,7.694437059266238,0.6159727484878083,0.0,0.0,0.0,0.0,0.0,0.0,0.0,0.0,0.0,0.0,0.08875937430750797,0.007105569299629521,0.08875937430750797,0.007105569299629521,93949.0,0.0006040826683905653,4.835941326133481e-5,0.0006040826683905653,4.835941326133481e-5,49.0,7.431393645213434e-7,5.949149929330213e-8,4.3527460004112336e-7,3.484560204587996e-8,12329.0,15.982704519229795,1.2794841721555816,12.698568981692265,1.016575010915865,1.0826188e7,0.9375471791180747,0.07505468019429407,0.582761842644973,0.04665258954786688,1.976426e6,0.0102670661975869,0.0008219227652291653,NaN,NaN,3920.0,0.0889254897187879,0.007118867552076601,0.08892548971878791,0.0071188675520766015,93984.0,0.012092057345500135,0.012092057345500135,0.007196589080445384,1.0,0.089197341564618,0.007140630460443729,0.08919734156461802,0.00714063046044373,93984.0,0.017362097056022725,0.017362097056022725,0.00721858958931395,1.0,0.0,0.0,0.0,0.0,0.0,0.0,0.0,0.0,1.0,0.0,0.0,0.0,0.0,0.0,0.0,0.0,0.0,1.0,13.586426634456584,1.087651831016766,11.218918058218705,0.8981225966438003,5.335798e6,1.8474775961741956,1.8474775961741956,1.0995264672593057,1.0,4.222997293820528,0.33806907898461247,2.688734047461831,0.21524471360426614,1.0873068e7,0.8219985887081335,0.8219985887081335,0.34176000950420704,1.0,12.176506355638216,0.9747816544719381,9.347448980766002,0.7483034555592392,5.219563e6,1.6748561122349237,1.6748561122349237,0.9854240100793703,1.0,0.3995826163403873,0.031988305387296204,0.2294189475879871,0.01836597253476385,1.0656806e7,0.2777087418417795,0.2777087225363321,0.03233754351631615,1.0,12.356616269840499,1.0,0,44634.06831786962,2746.074488238686,0.010288664419360454,9959.0,1
1.836e6,6.329037876910523e-6,5.08955818085879e-7,3.801963108072797e-6,3.057386101386542e-7,0.0,0.0,0.0,0.15583102446912075,0.012531305402861197,0.17989354990080542,0.0,0.0,0.0,0.1783232215781387,0.014340037599255812,205790.0,-7.38721514587558e-7,-5.9405018599459015e-8,7.387408869225608e-7,5.940657644486954e-8,7.695706032049135,0.6188577846214358,0.0,0.0,0.0,0.0,0.0,0.0,0.0,0.0,0.0,0.0,0.0888595694548748,0.007145729848079431,0.0888595694548748,0.007145729848079431,100429.0,0.0006040826683905653,4.85779030970662e-5,0.0006040826683905653,4.85779030970662e-5,49.0,7.431413774670619e-7,5.976044622865238e-8,4.3527577504054433e-7,3.5003130410536694e-8,12383.0,15.988987947179425,1.2857702227868988,12.702272697700097,1.0214657769695121,1.0955785e7,0.9908252531167535,0.07967818917941907,0.6140282973873024,0.049377690654173356,2.013024e6,0.0102670661975869,0.000825636246387184,NaN,NaN,3920.0,0.08902568486615425,0.007159088182582823,0.08902568486615431,0.007159088182582827,100464.0,0.012182073175840372,0.012182073175840372,0.007249939387196007,1.0,0.08929753671198434,0.00718094941667298,0.0892975367119844,0.007180949416672984,100464.0,0.017415718840055605,0.017415718840055605,0.007272078047600908,1.0,0.0,0.0,0.0,0.0,0.0,0.0,0.0,0.0,1.0,0.0,0.0,0.0,0.0,0.0,0.0,0.0,0.0,1.0,13.645608240572129,1.097325034298888,11.2537033877717,0.9049776483586289,5.409238e6,1.8672341399610841,1.8672341399610841,1.111250453105825,1.0,4.224332240209369,0.33970384014067884,2.689515436867926,0.21628003435079898,1.1001681e7,0.8238724750018221,0.8238724750018221,0.34401479459484946,1.0,12.235679513831673,0.983944226265036,9.38219204654998,0.7544782194954435,5.293003e6,1.6927310754675868,1.6927310754675868,0.9964308049952502,1.0,0.40064985174863516,0.03221865266545878,0.23004476174835833,0.018499276223191124,1.0783046e7,0.2747620215207105,0.2747620159577828,0.03262751805879085,1.0,12.279507470556371,1.0,0,47807.55638765913,3173.4880697895132,0.01196470984882913,10800.0,1
1.8576e6,4.150028210198846e-6,3.3542325098297364e-7,3.801889361206286e-6,3.0728516164768217e-7,0.0,0.0,0.0,0.15878286005723735,0.012833518333655187,0.17989354990080542,0.0,0.0,0.0,0.17868202170797826,0.014441854748411129,218750.0,-7.387213303310326e-7,-5.970665683215434e-8,7.387410633890156e-7,5.970825174335137e-8,7.697741928998248,0.6221648365442856,0.0,0.0,0.0,0.0,0.0,0.0,0.0,0.0,0.0,0.0,0.08903896951979391,0.007196515085634124,0.08903896951979391,0.007196515085634124,106909.0,0.0006040826683905653,4.882457714289235e-5,0.0006040826683905653,4.882457714289235e-5,49.0,7.431433896198205e-7,6.006406681289604e-8,4.352769554250184e-7,3.5180968434823e-8,12383.0,15.992071634039627,1.292548480576509,12.704076232613156,1.0267984540939925,1.1085378e7,1.063172176624817,0.08593017921221638,0.6564665616740675,0.05305847023815292,2.054132e6,0.0102670661975869,0.0008298287499802291,NaN,NaN,3920.0,0.089205084931074,0.007209941252510052,0.08920508493107408,0.007209941252510059,106944.0,0.012297694404478457,0.012297694404478457,0.0073036730748187615,1.0,0.0894769367769041,0.0072319134959010645,0.08947693677690419,0.007231913495901071,106944.0,0.017480381914088378,0.017480381914088378,0.0073259309652547525,1.0,0.0,0.0,0.0,0.0,0.0,0.0,0.0,0.0,1.0,0.0,0.0,0.0,0.0,0.0,0.0,0.0,0.0,1.0,13.720658180753647,1.1089630092885583,11.297747565095916,0.913132881303444,5.482678e6,1.8915116942670929,1.8915116942670929,1.1233799261666784,1.0,4.226562927322002,0.34160911824224255,2.6908362909653074,0.21748504127284096,1.1129675e7,0.8257092477107068,0.8257092477107068,0.34605015930606114,1.0,12.31070287917165,0.9950043162283363,9.42619783665449,0.761866127803461,5.366443e6,1.7149613422773287,1.7149613422773287,1.007939729222533,1.0,0.4024804447233663,0.03253021241986113,0.2311174047325414,0.018679909467512346,1.0910739e7,0.2725418148988137,0.2725417321729634,0.03295311684909507,1.0,12.213729176711212,1.0,0,51199.94630172762,3392.389914068488,0.012858897257501828,10800.0,1
1.8792e6,2.397107554769642e-6,1.9458136040945162e-7,3.801822218455571e-6,3.086068198441994e-7,0.0,0.0,0.0,0.16582642126123237,0.01346069373342832,0.17989354990080542,0.0,0.0,0.0,0.17903992291346724,0.014533278533450562,231710.0,-7.387212140990054e-7,-5.996450952594805e-8,7.387411524539793e-7,5.996612798992871e-8,7.699902465127454,0.6250272307153819,0.0,0.0,0.0,0.0,0.0,0.0,0.0,0.0,0.0,0.0,0.08921792012253862,0.007242121545945248,0.08921792012253862,0.007242121545945248,113389.0,0.0006040826683905653,4.9035441560111196e-5,0.0006040826683905653,4.9035441560111196e-5,49.0,7.431453623310276e-7,6.032363266163175e-8,4.352781154274812e-7,3.533300276319092e-8,12383.0,15.997681246985998,1.298586112350911,12.707376780122322,1.0315009254348175,1.1214978e7,1.136167527431056,0.09222657644238369,0.6992876425058729,0.05676355260971465,2.090997e6,0.0102670661975869,0.0008334126285511364,NaN,NaN,3920.0,0.08938403553381853,0.007255605697979855,0.08938403553381857,0.007255605697979859,113424.0,0.012401194978148306,0.012401194978148306,0.007354603766815679,1.0,0.08965588737964862,0.0072776728354706985,0.08965588737964866,0.007277672835470702,113424.0,0.0175396461131698,0.0175396461131698,0.007376971996191509,1.0,0.0,0.0,0.0,0.0,0.0,0.0,0.0,0.0,1.0,0.0,0.0,0.0,0.0,0.0,0.0,0.0,0.0,1.0,13.798880370907646,1.1201019784681763,11.343648522769442,0.9208024717853173,5.556118e6,1.914464981781056,1.914464981781056,1.1353850488806725,1.0,4.228942190770672,0.3432775984272265,2.692243444778381,0.21853854283511606,1.1257114e7,0.8273204540944369,0.8273204540944369,0.3479614002672792,1.0,12.388901287115283,1.0056491881762715,9.472083532313325,0.7688811859785777,5.439883e6,1.7360660317217835,1.7360660317217835,1.0193706239460631,1.0,0.40445426399314255,0.03283092606946125,0.2322736288479249,0.01885443921718921,1.1040336e7,0.27035722580698013,0.27035716797839504,0.03327888292024123,1.0,12.15348078126568,1.0,0,54704.781288686085,3504.8349869584636,0.013350980015204888,10800.0,1
1.9008e6,8.940911149322865e-5,7.285230035318102e-6,3.8017521606332692e-6,3.097742340228778e-7,4.098397816111579e-6,3.339455047473484e-7,0.0015592091824192522,0.17409464428292834,0.01418557359910758,0.17989354990080542,0.0,0.0,0.0,0.1795895271010977,0.014633307445008873,244845.0,-7.387210107853967e-7,-6.019243906592119e-8,7.387410499023761e-7,6.019407189253653e-8,7.702340247083767,0.6276018134297624,0.0,0.0,0.0,0.0,0.0,0.0,0.0,0.0,0.0,0.0,0.08943769644154649,0.007287559193057902,0.08943769644154649,0.007287559193057902,119921.0,0.0007141342180058533,5.818905889316064e-5,0.0007141342180058533,5.818905889316064e-5,84.0,7.431473639841551e-7,6.055310701946599e-8,4.352792847023226e-7,3.546741115870838e-8,12971.0,16.01028863463106,1.3045497677712612,12.71485739388468,1.0360315568926155,1.1344578e7,1.2099518545783383,0.09858925388080311,0.7425715456143697,0.06050618820758665,2.126508e6,0.0102670661975869,0.0008365807218979475,NaN,NaN,3920.0,0.08970068468420031,0.007308987991670472,0.08970068468420042,0.00730898799167048,119991.0,0.012517110674640121,0.012517110674640121,0.007414162134302333,1.0,0.08988884241689717,0.0073243194533383835,0.08988884241689728,0.007324319453338392,119991.0,0.01760343597791441,0.01760343597791441,0.007429714211100282,1.0,0.0,0.0,0.0,0.0,0.0,0.0,0.0,0.0,1.0,0.0,0.0,0.0,0.0,0.0,0.0,0.0,0.0,1.0,13.884594129787757,1.1313440039071623,11.39400284231704,0.9284057334093346,5.629558e6,1.937499161872326,1.937499161872326,1.1476237044304407,1.0,4.231614773833064,0.3448002841473178,2.6938760099091783,0.219502309004598,1.1385111e7,0.828700845972452,0.828700845972452,0.34976185670780685,1.0,12.474619645712592,1.0164565132603673,9.522386447677265,0.7759027530631301,5.513323e6,1.7574007642053888,1.7574007642053888,1.031083017288909,1.0,0.4066147328193084,0.03313176716404812,0.23354296819572976,0.019029539808878723,1.1168936e7,0.2683525335379219,0.2683524980232537,0.03360852334552337,1.0,12.098559899195012,1.0,0,58359.359195615994,3654.5779069299097,0.013984591804879428,10583.0,1
1.9224e6,0.0004625616936743606,3.773304078665533e-5,4.096418808003189e-6,3.341615617449346e-7,0.0,0.0,0.0,0.2141515793223815,0.01746921629612231,0.17899999693939259,0.0,0.0,0.0,0.18063991050506994,0.014735533019697138,257856.99999999997,-7.387209131517154e-7,-6.026047276956776e-8,7.387410095766058e-7,6.02621121167736e-8,7.703570589682008,0.6284116199816262,0.0,0.0,0.0,0.0,0.0,0.0,0.0,0.0,0.0,0.0,0.08963523787967471,0.007311911325749264,0.08963523787967471,0.007311911325749264,126185.0,0.0013694347457211356,0.00011171036819865997,0.0013694347457211356,0.00011171036819865997,311.0,7.431493455224278e-7,6.062171802949772e-8,4.3528044902057687e-7,3.55075985779526e-8,13527.0,16.02426532918444,1.3071645696367753,12.723695810066882,1.0379236748822485,1.1471793e7,1.2337535942191113,0.10064230421147982,0.7565341081554873,0.06171356761682754,2.168658e6,0.0102670661975869,0.0008375263946209268,NaN,NaN,3920.0,0.09045026082556207,0.0073783960660115605,0.09045026082556229,0.007378396066011579,126482.0,0.012643329382421053,0.012643329382421053,0.007509582588544437,1.0,0.09018964967950746,0.007357136953685544,0.09018964967950764,0.007357136953685559,126482.0,0.01766918117175109,0.01766918117175109,0.007487945493118404,1.0,0.0,0.0,0.0,0.0,0.0,0.0,0.0,0.0,1.0,0.0,0.0,0.0,0.0,0.0,0.0,0.0,0.0,1.0,13.920456774650217,1.1355483396697532,11.415405889472293,0.9312011390353463,5.702986e6,1.9458309854416453,1.9458309854416453,1.1557381799163997,1.0,4.233326461012404,0.34532967645405865,2.6951168723730374,0.2198516571102992,1.1513246e7,0.8293569435583658,0.8293569435583658,0.3514695744720164,1.0,12.510801396164899,1.020557010688326,9.543712654998243,0.7785195008402144,5.584444e6,1.7647499502274842,1.7647499502274842,1.038702326293635,1.0,0.4077939459681698,0.033265412605914146,0.2342692792586997,0.01911029899408819,1.1286276e7,0.2654428530661684,0.2654415188055146,0.03385686551266359,1.0,12.044645592358258,1.0,0,62429.96168673003,4070.602491114034,0.01564627349040655,9823.0,1
1.944e6,0.0002838793172594045,2.3056092193325654e-5,3.7987425866781725e-6,3.0852603191634166e-7,0.0,0.0,0.0,0.2953470649443702,0.023987478989753515,0.17744078775697336,0.0,0.0,0.0,0.1806917721854427,0.014675412771533808,276721.0,-7.387206528127107e-7,-5.99973666302712e-8,7.387407367306769e-7,5.999899780463327e-8,7.7038390407282105,0.6256899054159141,0.0,0.0,0.0,0.0,0.0,0.0,0.0,0.0,0.0,0.0,0.08965678173637126,0.007281738752322472,0.08965678173637126,0.007281738752322472,135378.0,0.0013782087127010268,0.00011193526688893305,0.0013782087127010268,0.00011193526688893305,313.0,7.431513415699611e-7,6.035721802576315e-8,4.352816205618884e-7,3.5352674758494116e-8,13534.0,16.034559339313265,1.3022938126511578,12.729738710015495,1.0338831026103592,1.1593043e7,1.2343008763241907,0.10024736945815804,0.7568545340069454,0.06147016303077487,2.238252e6,0.0102670661975869,0.0008338699243461664,NaN,NaN,3920.0,0.09048057631788606,0.007348645647841075,0.0904805763178863,0.007348645647841094,135677.0,0.012550589090087943,0.012550589090087943,0.007529253456948147,1.0,0.09021119586755617,0.0073267671236926955,0.0902111958675564,0.007326767123692714,135677.0,0.01767806427625457,0.01767806427625457,0.007506837223880017,1.0,0.0,0.0,0.0,0.0,0.0,0.0,0.0,0.0,1.0,0.0,0.0,0.0,0.0,0.0,0.0,0.0,0.0,1.0,13.9311589708734,1.1314599763491293,11.42169977077328,0.927646879884523,5.774507e6,1.9323954257081974,1.9323954257081974,1.159267890516387,1.0,4.233748580025447,0.3438563208013861,2.695376613642513,0.2189129250409204,1.1641362e7,0.8296584343818533,0.8296584343818533,0.35230728438347175,1.0,12.521475288647776,1.0169683774028029,9.549978651607992,0.775629554000103,5.651627e6,1.751991335895674,1.751991335895674,1.0419624292833496,1.0,0.4080406884547509,0.03314022248068211,0.2344138599940674,0.0190386098557432,1.1400451e7,0.2623940129627347,0.26239292822523064,0.03395471038258759,1.0,12.017204206930868,1.0,0,67916.53272327132,5486.571036541289,0.0211370227204673,12696.0,1
1.9656e6,0.0001742878043120349,1.4072064290227476e-5,3.7986996863909536e-6,3.0670847232923254e-7,0.0,0.0,0.0,0.3673279791431314,0.02965820218176074,0.17744078775697336,0.0,0.0,0.0,0.18072934362848048,0.014592156649798219,298319.0,-7.387205116184988e-7,-5.964457796137049e-8,7.387405977596549e-7,5.964619972412553e-8,7.704434886950965,0.6220590332008619,0.0,0.0,0.0,0.0,0.0,0.0,0.0,0.0,0.0,0.0,0.08967556745788997,0.0072404397743790995,0.08967556745788997,0.0072404397743790995,146117.0,0.0013782087127010268,0.00011127710104005992,0.0013782087127010268,0.00011127710104005992,313.0,7.431533641911887e-7,6.000248818141268e-8,4.352828026071754e-7,3.514490073988271e-8,13534.0,16.042421541594315,1.295271279567419,12.734304583459332,1.0281726452239446,1.1710408e7,1.2347460330437487,0.09969386915900899,0.7571145503152383,0.06112971971365302,2.311147e6,0.0102670661975869,0.0008289668699124674,NaN,NaN,3920.0,0.0904993620394049,0.0073069532654336114,0.0904993620394052,0.007306953265433636,146416.0,0.01242675089154519,0.01242675089154519,0.007530288071546436,1.0,0.09022998158907497,0.007285203384364558,0.09022998158907529,0.007285203384364584,146416.0,0.017683205299988666,0.017683205299988666,0.007507873411971885,1.0,0.0,0.0,0.0,0.0,0.0,0.0,0.0,0.0,1.0,0.0,0.0,0.0,0.0,0.0,0.0,0.0,0.0,1.0,13.939333455606771,1.125467139393369,11.426467133796486,0.9225773470017391,5.845813e6,1.9140535418535225,1.9140535418535225,1.1598667005007108,1.0,4.233992487876407,0.3418541803823894,2.695539490559601,0.217638894228599,1.1770344e7,0.8297747276809108,0.8297747276809108,0.35230284952274543,1.0,12.529622050657018,1.0116464988762401,9.55471119600001,0.7714510533619939,5.720573e6,1.7347669951983458,1.7347669951983458,1.0425671666941196,1.0,0.40820245914231784,0.03295842340291047,0.2345086579715599,0.01893431915455535,1.1511762e7,0.2592979789572989,0.2592969201524334,0.03396578759877776,1.0,12.018047806346372,1.0,0,75097.0016444941,7180.468921222782,0.027660824959252622,12960.0,1
1.9872e6,0.00010614075208241628,8.533878771974718e-6,3.7986549491185182e-6,3.054176666014938e-7,0.0,0.0,0.0,0.42769703759570904,0.034387495833272455,0.17744078775697336,0.0,0.0,0.0,0.18105332306126104,0.01455696403082056,319919.0,-7.387204038614384e-7,-5.939425008071043e-8,7.387405298269929e-7,5.939586823911652e-8,7.705833691451039,0.6195608121259562,0.0,0.0,0.0,0.0,0.0,0.0,0.0,0.0,0.0,0.0,0.08983755717428027,0.007223076971419576,0.08983755717428027,0.007223076971419576,156903.0,0.0013782087127010268,0.0001108100879814507,0.0013782087127010268,0.0001108100879814507,313.0,7.431553996497541e-7,5.975083052384048e-8,4.352839890730166e-7,3.4997498333593185e-8,13534.0,16.05128603919416,1.290547942287153,12.739469167019138,1.0242728015176894,1.1829208e7,1.2357201293815632,0.09935378799693076,0.7576839291053289,0.060918946508289766,2.337106e6,0.0102670661975869,0.0008254878221139077,NaN,NaN,3920.0,0.09066135175579514,0.007289311315474334,0.09066135175579546,0.007289311315474359,157202.0,0.012362387750851666,0.012362387750851666,0.0075488990501056345,1.0,0.0903919713054653,0.007267652715346178,0.09039197130546557,0.007267652715346199,157202.0,0.017710622663658797,0.017710622663658797,0.007526469141591922,1.0,0.0,0.0,0.0,0.0,0.0,0.0,0.0,0.0,1.0,0.0,0.0,0.0,0.0,0.0,0.0,0.0,0.0,1.0,13.948442192736902,1.121476081479864,11.431943293058255,0.9191457218552213,5.919235e6,1.90197970323039,1.90197970323039,1.1614142077081309,1.0,4.235501914489175,0.3405408306194339,2.696596360844479,0.21681047089741992,1.189993e7,0.8298676875319648,0.8298676875319648,0.35266820712238245,1.0,12.538515404349702,1.0081158117117237,9.559891651010094,0.7686299071970563,5.788906e6,1.7233102811438106,1.7233102811438106,1.044016939881774,1.0,0.40930482882929276,0.032908734124107504,0.2351545806815887,0.01890678787213604,1.1629947e7,0.25670603137987347,0.2567049980576193,0.03408068348545879,1.0,12.009877354834474,1.0,0,83702.18003925127,8605.178394757168,0.033171686677199705,12960.0,1
2.0088e6,6.357382198311925e-5,5.105000774485196e-6,3.798604731823149e-6,3.050293264273057e-7,0.0,0.0,0.0,0.4789600261120847,0.03846066239180786,0.17744078775697336,0.0,0.0,0.0,0.18134899098996246,0.01456238921268083,341519.0,-7.387202119279698e-7,-5.9319498755659384e-8,7.3874039699307e-7,5.932111962364806e-8,7.706454114565926,0.6188310376217433,0.0,0.0,0.0,0.0,0.0,0.0,0.0,0.0,0.0,0.0,0.08998539113863108,0.007225859278635833,0.08998539113863108,0.007225859278635833,167683.99999999997,0.0013782087127010268,0.00011067065540922159,0.0013782087127010268,0.00011067065540922159,313.0,7.431574068510027e-7,5.967580710415918e-8,4.352851520166817e-7,3.495355429090151e-8,13534.0,16.061274570527313,1.2897261256926296,12.745301640639953,1.0234523065766132,1.1948008e7,1.2368284118423738,0.09931776639191477,0.7583322403639,0.06089435169404705,2.36559e6,0.0102670661975869,0.0008244491090104543,NaN,NaN,3920.0,0.09080918572014582,0.007292010279872885,0.09080918572014618,0.007292010279872915,167983.00000000003,0.012363629845007775,0.012363629845007775,0.0075836837814785615,1.0,0.09053980526981599,0.007270378932807893,0.09053980526981628,0.007270378932807916,167983.00000000003,0.01772398829112865,0.01772398829112865,0.007561187201027885,1.0,0.0,0.0,0.0,0.0,0.0,0.0,0.0,0.0,1.0,0.0,0.0,0.0,0.0,0.0,0.0,0.0,0.0,1.0,13.958987102551653,1.1209116857639436,11.438250263767172,0.9184956108316377,5.992656e6,1.9005098237424112,1.9005098237424112,1.1657470910677317,1.0,4.236884031868131,0.3402233118819566,2.6975641202800533,0.21661536924600472,1.2029118e7,0.82940848776859,0.82940848776859,0.35383192197654084,1.0,12.54881990900999,1.0076747528468801,9.565908424330171,0.768145887592331,5.853705e6,1.7216102359702996,1.7216102359702996,1.0479807881323389,1.0,0.4102878657952423,0.0329462632151131,0.2357305138995666,0.018929245064841636,1.1746587e7,0.25370235979608324,0.25370135428088175,0.034264082525283054,1.0,11.974284310472806,1.0,0,93508.60723158611,9806.427192334842,0.03791468843839942,12960.0,1
2.0304e6,3.712871511351055e-5,2.9860531708049103e-6,3.7985626450192326e-6,3.054969717099996e-7,0.0,0.0,0.0,0.5231999581070594,0.04207802206713272,0.17744078775697336,0.0,0.0,0.0,0.1815019253794415,0.014597176286050943,363119.0,-7.38720034169417e-7,-5.9411086368728744e-8,7.387402878334041e-7,5.941271525670357e-8,7.707019675176876,0.6198321290720742,0.0,0.0,0.0,0.0,0.0,0.0,0.0,0.0,0.0,0.0,0.09006185833337028,0.007243167365818264,0.09006185833337028,0.007243167365818264,178451.0,0.0013782087127010268,0.00011084155441442476,0.0013782087127010268,0.00011084155441442476,313.0,7.431594147159362e-7,5.976812071039168e-8,4.3528632064244587e-7,3.500762399099036e-8,13534.0,16.072215786023783,1.2925976771076935,12.751701304923772,1.0255474232898794,1.2066808e7,1.23765617503095,0.09953770644954628,0.7588167718639413,0.061027353646820784,2.39738e6,0.0102670661975869,0.000825722233598445,NaN,NaN,3920.0,0.09088565291488532,0.0073094205182557895,0.09088565291488569,0.00730942051825582,178750.0,0.012413107730052346,0.012413107730052346,0.0076304967279579895,1.0,0.09061627246455552,0.007287755767795102,0.0906162724645558,0.007287755767795124,178750.0,0.017725280467505662,0.017725280467505662,0.007607880323950391,1.0,0.0,0.0,0.0,0.0,0.0,0.0,0.0,0.0,1.0,0.0,0.0,0.0,0.0,0.0,0.0,0.0,0.0,1.0,13.97034691580654,1.1235562172742373,11.444970746306979,0.9204544537105069,6.066063e6,1.9080615667086107,1.9080615667086107,1.1729099479466978,1.0,4.238151480569512,0.3408506227111813,2.6983852596165123,0.2170159090045945,1.2158685e7,0.8290169261404243,0.8290169261404243,0.35582294859411673,1.0,12.5600078410855,1.0101305990403227,9.572452242949945,0.7698583504721942,5.918505e6,1.7282089250824266,1.7282089250824266,1.0545019555978015,1.0,0.4112103806696548,0.033071331914195576,0.23627094418151853,0.019001939600801505,1.1863227e7,0.25114324272263827,0.25114226023848796,0.034524035021684475,1.0,11.910843573509714,1.0,0,104343.33234800138,10834.72511641527,0.04211352799511901,12960.0,1
2.052e6,2.095521189311986e-5,1.6909671150998546e-6,3.7985285968366306e-6,3.065197801758347e-7,0.0,0.0,0.0,0.5618506345458322,0.04533816939960991,0.17744078775697336,0.0,0.0,0.0,0.18154348092247985,0.014649532429756154,384711.0,-7.387197618503345e-7,-5.961050792206212e-8,7.387400921152712e-7,5.96121484594914e-8,7.70789172318049,0.621983280203809,0.0,0.0,0.0,0.0,0.0,0.0,0.0,0.0,0.0,0.0,0.09008263610488919,0.00726915938964508,0.09008263610488919,0.00726915938964508,189190.0,0.0013782087127010268,0.00011121365046595903,0.0013782087127010268,0.00011121365046595903,313.0,7.431614461941887e-7,5.996892673449977e-8,4.352875109073596e-7,3.512524093348256e-8,13534.0,16.084232027807982,1.2979065813974864,12.758735071446107,1.0295577799988778,1.2185607e7,1.2380669815852117,0.0999050051523884,0.7590573104007962,0.061251633097793155,2.428144e6,0.0102670661975869,0.0008284941902387973,NaN,NaN,3920.0,0.09090643068640446,0.00733563495448521,0.09090643068640487,0.007335634954485244,189489.0,0.012491124302952784,0.012491124302952784,0.007684014086822559,1.0,0.09063705023607464,0.007313897475270883,0.09063705023607498,0.00731389747527091,189489.0,0.017720744390643032,0.017720744390643032,0.007661244265596277,1.0,0.0,0.0,0.0,0.0,0.0,0.0,0.0,0.0,1.0,0.0,0.0,0.0,0.0,0.0,0.0,0.0,0.0,1.0,13.982177036944611,1.1282826290456363,11.451915839988281,0.9241048570198082,6.13945e6,1.9212404455396517,1.9212404455396517,1.1818662827820983,1.0,4.2396231553419845,0.34211361701634563,2.699267167280557,0.21781559823972774,1.2287407e7,0.8289025078903596,0.8289025078903596,0.35836105105531363,1.0,12.571759109177897,1.0144698770407834,9.579331590312247,0.7729978960114231,5.984084e6,1.7399967413513788,1.739996740763343,1.0626484106971992,1.0,0.4123297503294915,0.03327267946230714,0.23692738974912844,0.019118700721120454,1.1981123e7,0.24932209882709536,0.24932117092631423,0.034852843589003486,1.0,11.830591362696923,1.0,0,116071.11692507518,11727.784577073806,0.045893985603401855,12960.0,1
2.0736e6,1.1325428902132249e-5,9.17552688958836e-7,3.798482347639095e-6,3.077417837467278e-7,0.0,0.0,0.0,0.5985831289302854,0.04849543132198487,0.1747570294336389,0.0,0.0,0.0,0.18161898413340768,0.014714231902175995,409989.0,-7.387195326322505e-7,-5.984886748311345e-8,7.387399355807784e-7,5.985052046954304e-8,7.7170382534402275,0.6252115713612553,0.0,0.0,0.0,0.0,0.0,0.0,0.0,0.0,0.0,0.0,0.09012002685358042,0.007301257522615953,0.09012002685358042,0.007301257522615953,201774.0,0.0013789304262462254,0.00011171685694403766,0.0013789304262462254,0.00011171685694403766,314.0,7.431634505108274e-7,6.020890054095489e-8,4.352886945264681e-7,3.526580013768367e-8,13539.0,16.09701980246391,1.3041328440279782,12.766223458422948,1.0342815943968355,1.2302569e7,1.2381827790198077,0.10031389964385848,0.7591251340512201,0.06150206884207238,2.497172e6,0.0102670661975869,0.0008318072788873021,NaN,NaN,3920.0,0.09094431890543593,0.007368039222029123,0.09094431890543629,0.007368039222029153,202074.0,0.012588818685617788,0.012588818685617788,0.007743566835696859,1.0,0.09067466522797109,0.007346192680146818,0.0906746652279714,0.007346192680146842,202074.0,0.017713834554880424,0.017713834554880424,0.007720606838865044,1.0,0.0,0.0,0.0,0.0,0.0,0.0,0.0,0.0,1.0,0.0,0.0,0.0,0.0,0.0,0.0,0.0,0.0,1.0,13.994417083393811,1.1337862023805516,11.459120053851152,0.9283839499035396,6.212836e6,1.9371543092971206,1.9371543092971206,1.1915720004957955,1.0,4.241218333974095,0.34361094139814713,2.7002392623402254,0.21876538340424664,1.2416953e7,0.8285471988262422,0.8285471988262422,0.361123795627747,1.0,12.583927166257695,1.0195124890049894,9.586460674312491,0.7766666362328685,6.054394e6,1.7544003223995581,1.7544003223995581,1.0714740870046078,1.0,0.41352411356872243,0.03350249828356299,0.23762805278665095,0.019251920672549,1.2101609e7,0.247284836750943,0.24728404477524837,0.035210023563113424,1.0,11.74449976801313,1.0,0,128607.6076899578,12536.49076488262,0.04941828961907125,14799.0,1
2.0952e6,5.796094512847697e-6,4.715536474556886e-7,3.798448406648497e-6,3.0903088223579034e-7,0.0,0.0,0.0,0.6315927852524347,0.051384579898120966,0.1747570294336389,0.0,0.0,0.0,0.18171239601512457,0.014783600049811007,435909.0,-7.387193471328513e-7,-6.010009012351908e-8,7.387398270102034e-7,6.010175630767868e-8,7.729348721660124,0.6288376723458666,0.0,0.0,0.0,0.0,0.0,0.0,0.0,0.0,0.0,0.0,0.09016673279443894,0.007335707110043357,0.09016673279443894,0.007335707110043357,214728.0,0.0013789304262462254,0.00011218582972425749,0.0013789304262462254,0.00011218582972425749,314.0,7.431655070289717e-7,6.046181695725849e-8,4.352898934013804e-7,3.5413938899552314e-8,13539.0,16.110236266384977,1.3106826770936009,12.773965792538194,1.0392532676259107,1.2419209e7,1.238575773838082,0.10076697723078464,0.7593553633338209,0.061778977292620975,2.587661e6,0.0102670661975869,0.0008352990972471965,NaN,NaN,3920.0,0.09099102484629432,0.007402769150311944,0.09099102484629473,0.007402769150311978,215028.0,0.012696435284814829,0.012696435284814829,0.007803762192182059,1.0,0.09072137116882947,0.007380830899498999,0.09072137116882985,0.0073808308994990305,215028.0,0.017702340119437353,0.017702340119437353,0.0077806355906657266,1.0,0.0,0.0,0.0,0.0,0.0,0.0,0.0,0.0,1.0,0.0,0.0,0.0,0.0,0.0,0.0,0.0,0.0,1.0,14.007146066107184,1.139581282409465,11.466596581884263,0.9328894534250561,6.286269e6,1.954487531640558,1.954487531640558,1.2013100970750368,1.0,4.243081595872453,0.3452049649208912,2.701350552470688,0.2197741433046685,1.2546548e7,0.8279468508569756,0.8279468508569756,0.36390402011788614,1.0,12.596646222409124,1.0248270553075483,9.593932056557643,0.7805348316325307,6.125068e6,1.7701409751531794,1.7701409695796408,1.0803398654403955,1.0,0.41493961726751805,0.03375829872384744,0.23847105266414284,0.019401321777467888,1.2228788e7,0.24499054105949286,0.24499052856414225,0.03558691753104949,1.0,11.659892063016818,1.0,0,141900.72341833002,13293.115728372213,0.052781108189988296,15120.0,1
2.1168e6,2.7809597636086397e-6,2.2712381307305995e-7,3.7984084295265503e-6,3.1021988070890016e-7,0.0,0.0,0.0,0.6609945898589864,0.05398410060943391,0.1747570294336389,0.0,0.0,0.0,0.18202157189495946,0.014865886954326044,461829.0,-7.387191957721173e-7,-6.033194824664104e-8,7.387397506133337e-7,6.033362698143443e-8,7.7423247140411755,0.6323235359655087,0.0,0.0,0.0,0.0,0.0,0.0,0.0,0.0,0.0,0.0,0.09032132073435653,0.007376634151787321,0.09032132073435653,0.007376634151787321,227688.0,0.0013789304262462254,0.00011261865075138752,0.0013789304262462254,0.00011261865075138752,314.0,7.431675579340057e-7,6.069525050989529e-8,4.352910945180083e-7,3.555066652794223e-8,13539.0,16.12429303085174,1.3168874157036494,12.782199564301896,1.0439352422481172,1.2535849e7,1.2392428601479357,0.10121022511851545,0.7597461314563663,0.06204923947549777,2.678195e6,0.0102670661975869,0.0008385217414449524,NaN,NaN,3920.0,0.09114561278621179,0.007443954922246886,0.09114561278621218,0.007443954922246918,227988.0,0.012817540140898278,0.012817540140898278,0.007868741875313475,1.0,0.0908759591087469,0.0074219320320790955,0.09087595910874728,0.007421932032079126,227988.0,0.017703430580816304,0.017703430580816304,0.007845462255825072,1.0,0.0,0.0,0.0,0.0,0.0,0.0,0.0,0.0,1.0,0.0,0.0,0.0,0.0,0.0,0.0,0.0,0.0,1.0,14.02064258872408,1.1450801439692064,11.474567382743938,0.9371395916749137,6.359708e6,1.9716818362248676,1.9716818362248676,1.210423783265038,1.0,4.2455309487684145,0.3467368317306109,2.7028505856648923,0.2207445570468722,1.2676148e7,0.8270665109601527,0.8270665109601527,0.36652326028979276,1.0,12.610164444708508,1.0298849590128691,9.601917571030128,0.7841983764323462,6.196435e6,1.785776114460557,1.7857761067655609,1.0886550212066546,1.0,0.4168791076679295,0.0340469408306619,0.23965410539566143,0.019572794597158952,1.2357596e7,0.24274318999139413,0.24274318227111602,0.03598981883136987,1.0,11.58325107501137,1.0,0,155866.75693199,13966.03351365999,0.05581987487323564,15120.0,1
2.1384e6,1.2482497770750518e-6,1.0225542752627367e-7,3.798357313177848e-6,3.111577971731503e-7,0.0,0.0,0.0,0.6915932260783902,0.056654655426923106,0.17092068368090663,0.0,0.0,0.0,0.18246208917801768,0.014947119782352232,490339.0,-7.38719191441476e-7,-6.051516942363497e-8,7.387398128401792e-7,6.051685870888805e-8,7.754959738586968,0.6352788825457736,0.0,0.0,0.0,0.0,0.0,0.0,0.0,0.0,0.0,0.0,0.09054047523843617,0.0074169891106510705,0.09054047523843617,0.0074169891106510705,241940.0,0.0013811387011458264,0.00011314156105013053,0.0013811387011458264,0.00011314156105013053,315.0,7.431695710490345e-7,6.087974026336823e-8,4.3529227705126823e-7,3.56587268880292e-8,13540.0,16.138196734339882,1.322025636920116,12.790344499723803,1.047772784780512,1.2652488e7,1.2401101115222701,0.10158863391148056,0.7602541751135355,0.062279294683338794,2.767346e6,0.0102670661975869,0.0008410682403123536,NaN,NaN,3920.0,0.09136548779475313,0.0074845733499676725,0.09136548779475348,0.007484573349967701,242241.0,0.012937325806241576,0.012937325806241576,0.0079340756733738,1.0,0.09109660138326384,0.007462546432384502,0.0910966013832642,0.007462546432384531,242241.0,0.017705800412140538,0.017705800412140538,0.007910725881370385,1.0,0.0,0.0,0.0,0.0,0.0,0.0,0.0,0.0,1.0,0.0,0.0,0.0,0.0,0.0,0.0,0.0,0.0,1.0,14.034618368091161,1.1497025096692388,11.482849419518704,0.9406640387023358,6.433147e6,1.9872977726791594,1.9872977726791594,1.2187503932502597,1.0,4.247604487496713,0.3479596958945661,2.7041599892577413,0.22152219922597136,1.2805743e7,0.8255767629454757,0.8255767629454757,0.36885717186852696,1.0,12.624214315367333,1.0341635590162617,9.610263447279014,0.7872635873761912,6.269611e6,1.7999967229916676,1.799996710743127,1.096272499743226,1.0,0.41854631616446014,0.03428691379319228,0.2407055234747323,0.01971836619792511,1.2483259e7,0.24045467521991679,0.2404546515810884,0.03634608893809644,1.0,11.515580586327061,1.0,0,170462.73458984753,14595.977657857526,0.05868047219300669,16415.0,1
2.16e6,5.11682551810219e-7,4.2021512065606514e-8,3.798324316646878e-6,3.119342853032491e-7,0.0,0.0,0.0,0.7201258338102384,0.059139746522831375,0.17092068368090663,0.0,0.0,0.0,0.1830304371025688,0.015031225305355868,520579.0,-7.38718892614415e-7,-6.066668630632046e-8,7.387395942631889e-7,6.066838641233473e-8,7.767775953496184,0.6379222621486487,0.0,0.0,0.0,0.0,0.0,0.0,0.0,0.0,0.0,0.0,0.09082464920071127,0.00745890020822466,0.09082464920071127,0.00745890020822466,257060.0,0.0013811387011458264,0.00011342488890651354,0.0013811387011458264,0.00011342488890651354,315.0,7.431716501076289e-7,6.103236538227165e-8,4.352934897752464e-7,3.5748122674807944e-8,13540.0,16.152358268234202,1.3264992434378473,12.798640516910737,1.0510779095398968,1.2769128e7,1.241140709134196,0.10192766804239589,0.760857908660024,0.062484834934976974,2.850945e6,0.0102670661975869,0.0008431744341759325,NaN,NaN,3920.0,0.09164966175702866,0.007526653691252211,0.09164966175702903,0.0075266536912522415,257361.0,0.013057269844416628,0.013057269844416628,0.007999757310860679,1.0,0.09138077534553936,0.0075045716141035924,0.09138077534553977,0.007504571614103627,257361.0,0.017717583624661828,0.017717583624661828,0.007976287218392632,1.0,0.0,0.0,0.0,0.0,0.0,0.0,0.0,0.0,1.0,0.0,0.0,0.0,0.0,0.0,0.0,0.0,0.0,1.0,14.049162527185649,1.1537760092839033,11.491489947131255,0.9437292355520339,6.506585e6,2.0015753761520116,2.0015753761520116,1.226299022644282,1.0,4.249811956190052,0.34901233931430786,2.705573031054162,0.22219297759246256,1.2935342e7,0.8239851154486884,0.8239851154486884,0.37095024263640786,1.0,12.638834553472801,1.0379539751844924,9.618995259656932,0.7899521371848606,6.342786e6,1.812993020229216,1.8129929864931078,1.1031967514288028,1.0,0.42038375205941514,0.03452367263033348,0.2418975249492543,0.01986563686280544,1.2605902e7,0.23841624641470135,0.23841621823400394,0.03669373055429134,1.0,11.45655526732076,1.0,0,185718.55740892433,15255.822819076799,0.061649254683947496,17280.0,1
2.1816e6,1.9040185395342837e-7,1.567106691559338e-8,3.798293222661805e-6,3.1261936804426895e-7,0.0,0.0,0.0,0.7445672122145732,0.06128176991714264,0.17092068368090663,0.0,0.0,0.0,0.18367203542057037,0.01511716770522112,550819.0,-7.387186582792133e-7,-6.080040338537084e-8,7.38739443339487e-7,6.080211410437715e-8,7.780931389750409,0.6404112877191029,0.0,0.0,0.0,0.0,0.0,0.0,0.0,0.0,0.0,0.0,0.09114544835971237,0.007501746388699461,0.09114544835971237,0.007501746388699461,272180.0,0.0013811387011458264,0.00011367492782221542,0.0013811387011458264,0.00011367492782221542,315.0,7.431737135272465e-7,6.116707769791021e-8,4.352946950524436e-7,3.582702664144321e-8,13540.0,16.166998831317667,1.330628432703542,12.80721787408136,1.0541009141455302,1.2885768e7,1.2422261631890625,0.10224170050570086,0.7614938110910184,0.06267491740041799,2.934757e6,0.0102670661975869,0.0008450331657409478,NaN,NaN,3920.0,0.09197046091602944,0.0075696492305458,0.09197046091602983,0.007569649230545832,272481.0,0.01317486608899652,0.01317486608899652,0.008063814026364071,1.0,0.09170157450454017,0.007547518474675257,0.09170157450454056,0.007547518474675289,272481.0,0.01774016569120258,0.01774016569120258,0.008040238521850231,1.0,0.0,0.0,0.0,0.0,0.0,0.0,0.0,0.0,1.0,0.0,0.0,0.0,0.0,0.0,0.0,0.0,0.0,1.0,14.064137144105263,1.1575519340755211,11.500388220786366,0.9465420090254322,6.580024e6,2.0147025652078066,2.0147025652078066,1.233119691276634,1.0,4.2523758145266175,0.3499927367093666,2.7071999775790583,0.2228166959598579,1.3064942e7,0.8226451065704414,0.8226451065704414,0.3728410991639887,1.0,12.653836877673411,1.0414768571398811,9.627992155607416,0.7924340346509278,6.415961e6,1.8249139500757885,1.824913937108601,1.109466955859538,1.0,0.4225488685805427,0.034777978560301334,0.24330815570142933,0.020025531841929088,1.2728052e7,0.2368241352550017,0.23682411617101215,0.03704836813197034,1.0,11.405330109962668,1.0,0,201542.7425994213,15824.185190496966,0.06423322772453356,17280.0,1
2.2032e6,6.314975785330618e-8,5.206919384299693e-9,3.798264403831704e-6,3.1318024365110675e-7,0.0,0.0,0.0,0.767068440283351,0.06324748766375206,0.17092068368090663,0.0,0.0,0.0,0.1843827154921484,0.015203002641056352,581059.0,-7.387184450102108e-7,-6.090993095806486e-8,7.387393141997151e-7,6.091165169605434e-8,7.794420870092838,0.642677383057482,0.0,0.0,0.0,0.0,0.0,0.0,0.0,0.0,0.0,0.0,0.09150078839550084,0.0075445614515573965,0.09150078839550084,0.0075445614515573965,287300.0,0.0013811387011458264,0.0001138797379414844,0.0013811387011458264,0.0001138797379414844,315.0,7.431757252586444e-7,6.127744937326984e-8,4.3529586999725994e-7,3.589167370458362e-8,13540.0,16.18205930459837,1.3342676383135037,12.816042940499932,1.056727764054484,1.3002408e7,1.2433238981587447,0.10251642328264111,0.7621370003612248,0.06284087311769669,3.018997e6,0.0102670661975869,0.0008465556768766693,NaN,NaN,3920.0,0.09232580095181847,0.007612586635149705,0.09232580095181883,0.007612586635149734,287601.0,0.013289004459367737,0.013289004459367737,0.00812657189054558,1.0,0.09205691454032919,0.007590416005906586,0.09205691454032958,0.007590416005906618,287601.0,0.017769833466932554,0.017769833466932554,0.008102904348744359,1.0,0.0,0.0,0.0,0.0,0.0,0.0,0.0,0.0,1.0,0.0,0.0,0.0,0.0,0.0,0.0,0.0,0.0,1.0,14.079429879697761,1.1608984555535937,11.509488459799421,0.9489977571080374,6.653464e6,2.0265365101387047,2.0265365101387047,1.2392797887014244,1.0,4.255221691344114,0.35085797732781326,2.709005295217628,0.2233670035062643,1.3194542e7,0.8213894762564307,0.8213894762564307,0.37454714314326015,1.0,12.669154115152857,1.0446162643744161,9.63720411709061,0.7946213355924174,6.489136e6,1.835655079617389,1.8356550538903602,1.1151464774502258,1.0,0.42497032705726673,0.035040296414862865,0.24488326393106113,0.020191485402290637,1.2849947e7,0.235563760511045,0.23556373586661322,0.03740614084660723,1.0,11.360977567826591,1.0,0,217870.32156559563,16327.578966174333,0.06653533369873474,17280.0,1
2.2248e6,3.325987733407191e-8,2.7453696441198327e-9,3.822538605570006e-6,3.15523756921904e-7,0.0,0.0,0.0,0.7918730953287192,0.06536357113030043,0.16447477265560662,0.0,0.0,0.0,0.18507225723876986,0.015276417044135007,613563.0,-7.387182078169448e-7,-6.097600790673023e-8,7.38739160824311e-7,6.097773743055855e-8,7.808129913636422,0.6445063710527242,0.0,0.0,0.0,0.0,0.0,0.0,0.0,0.0,0.0,0.0,0.09184494150406322,0.007581155872541732,0.09184494150406322,0.007581155872541732,303084.0,0.0013823742306419686,0.00011410529905142444,0.0013823742306419686,0.00011410529905142444,319.0,7.431777366012681e-7,6.134411073611192e-8,4.3529704432322604e-7,3.593071855487098e-8,13544.0,16.19726038030477,1.3369702635806309,12.824953652526133,1.0586099909881554,1.3117099e7,1.2444208216927017,0.10271821251986389,0.7627798970032049,0.06296213162013714,3.102266e6,0.0102670661975869,0.0008474743183778626,NaN,NaN,3920.0,0.0926704486966985,0.007649295702550721,0.09267044869669891,0.007649295702550754,303388.0,0.013390225498540622,0.013390225498540622,0.008184247335406538,1.0,0.09240180854207053,0.007627121341584219,0.09240180854207093,0.007627121341584252,303388.0,0.017789592242355955,0.017789592242355955,0.008160522215903847,1.0,0.0,0.0,0.0,0.0,0.0,0.0,0.0,0.0,1.0,0.0,0.0,0.0,0.0,0.0,0.0,0.0,0.0,1.0,14.094859589290177,1.1634318210466832,11.51872549091628,0.9507900159726579,6.726874e6,2.0366076880513364,2.0366076880513364,1.2447961422322014,1.0,4.258089290202842,0.35147541170571933,2.7108768203940508,0.2237638719140391,1.3324128e7,0.8197856015963437,0.8197856015963437,0.37605575906213645,1.0,12.684689909468633,1.047032202576825,9.64656597641149,0.796256376282823,6.561951e6,1.8448928352119465,1.8448927791874516,1.1202561447803303,1.0,0.427394441874846,0.03527841413854938,0.24646195358249515,0.020343705991444066,1.297069e7,0.23420867334840492,0.2342086365913805,0.0377456014433476,1.0,11.323026406568792,1.0,0,234690.8991397077,16820.577574112074,0.06877405521143772,19231.0,1
2.2464e6,5.2616933428377815e-9,4.343899817274488e-10,3.822516325716089e-6,3.155757450481049e-7,0.0,0.0,0.0,0.8207404530224026,0.06775792642432812,0.1612641622772928,0.0,0.0,0.0,0.18582956036782067,0.015341543885767677,650397.0,-7.38717976586856e-7,-6.098639115639458e-8,7.387390123556838e-7,6.098812780781863e-8,7.821953984081759,0.6457575968092625,0.0,0.0,0.0,0.0,0.0,0.0,0.0,0.0,0.0,0.0,0.09222340673606003,0.0076136941772654105,0.09222340673606003,0.0076136941772654105,320743.0,0.0013827468956997748,0.00011415553123678683,0.0013827468956997748,0.00011415553123678683,321.0,7.431798105501437e-7,6.135474709192657e-8,4.352982667302512e-7,3.5936949155034326e-8,13544.0,16.212467563566864,1.3384538075144505,12.833871556763679,1.0595268229805832,1.3228283e7,1.2455177573554825,0.1028262957580615,0.7634230080024018,0.06302596614602846,3.186325e6,0.0102670661975869,0.0008476188951671066,NaN,NaN,3920.0,0.09304903961937734,0.007681856008396443,0.09304903961937776,0.007681856008396478,321049.0,0.013482035316879982,0.013482035316879982,0.008240194501125885,1.0,0.09278052074844256,0.007659687877371171,0.09278052074844292,0.007659687877371201,321049.0,0.01780429558134642,0.01780429558134642,0.00821641512916486,1.0,0.0,0.0,0.0,0.0,0.0,0.0,0.0,0.0,1.0,0.0,0.0,0.0,0.0,0.0,0.0,0.0,0.0,1.0,14.110376305952752,1.164911313969597,11.528082618112943,0.9517247151339714,6.800286e6,2.0444766810006385,2.0444766810006385,1.2495802828352383,1.0,4.2609428868519785,0.35177095702104993,2.712805459474533,0.22396126820566714,1.34537e7,0.8176617893581029,0.8176617893581029,0.37733864088735103,1.0,12.700284973545012,1.048498306177646,9.65592098557667,0.7971645375715035,6.632511e6,1.852223055781355,1.8522229284248461,1.1247060563959168,1.0,0.42981738007019976,0.035484463215436426,0.24809820237825683,0.020482260476924658,1.309158e7,0.23267378259024843,0.23267377553796026,0.03806357192111442,1.0,11.292092632845469,1.0,0,252100.99666597485,17410.09752626714,0.07137942096569314,22169.0,1
2.268e6,1.516916707963959e-9,1.251444319298637e-10,3.822494752054736e-6,3.1535280202882493e-7,0.0,0.0,0.0,0.8518944154565788,0.07028061733833171,0.1612641622772928,0.0,0.0,0.0,0.18706365112821788,0.01543260367049978,693597.0,-7.387177723335098e-7,-6.094363354943544e-8,7.387388878734211e-7,6.094537556482311e-8,7.835792061794913,0.6464466645700355,0.0,0.0,0.0,0.0,0.0,0.0,0.0,0.0,0.0,0.0,0.09284045211625856,0.007659264071127193,0.09284045211625856,0.007659264071127193,342244.0,0.0013827468956997748,0.00011407552824531367,0.0013827468956997748,0.00011407552824531367,321.0,7.431818741746446e-7,6.131191843024192e-8,4.3529946774087474e-7,3.59118627435529e-8,13544.0,16.227658913781415,1.338769060723547,12.842780874396484,1.0595192923171708,1.3336283e7,1.2466312098046277,0.1028460915210287,0.764075843975302,0.063035654458552,3.270565e6,0.0102670661975869,0.0008470248630907994,NaN,NaN,3920.0,0.09366608499957595,0.007727378132777982,0.09366608499957638,0.007727378132778018,342550.0,0.013593804218479945,0.013593804218479945,0.008311516654256989,1.0,0.09339756612864121,0.007705225537721738,0.09339756612864152,0.007705225537721763,342550.0,0.01785469541061535,0.01785469541061535,0.008287689469980347,1.0,0.0,0.0,0.0,0.0,0.0,0.0,0.0,0.0,1.0,0.0,0.0,0.0,0.0,0.0,0.0,0.0,0.0,1.0,14.12608431288838,1.1653908137794586,11.537573439149623,0.9518407083995076,6.873627e6,2.0501254485443137,2.0501254485443137,1.253486627807084,1.0,4.264098934902661,0.3517847987958276,2.714931996013667,0.22397974825221179,1.3583201e7,0.8151624377294036,0.8151624377294036,0.3783773957564619,1.0,12.715643028012131,1.0490305202712016,9.665004699634867,0.7973552643893788,6.697774e6,1.8575021872777182,1.8575020132338091,1.1283302680728895,1.0,0.43244468180640233,0.035676345155688474,0.24995778349324665,0.020621319982490057,1.3214423e7,0.23107849249877085,0.2310784751725598,0.03837324016366275,1.0,11.269433593879898,1.0,0,270165.18297892873,18064.186312953883,0.07421002261818962,23760.0,1
2.2896e6,4.73473751605835e-10,3.8982934284707655e-11,3.825223307364308e-6,3.149455029123883e-7,0.0,0.0,0.0,0.8895472535798523,0.0732398829118497,0.1570727592014105,0.0,0.0,0.0,0.18772108154664213,0.015455806284862726,736795.0,-7.387177824187593e-7,-6.082150630168232e-8,7.387389623926437e-7,6.082325013125532e-8,7.849423484061189,0.6462735448674604,0.0,0.0,0.0,0.0,0.0,0.0,0.0,0.0,0.0,0.0,0.09316916075349106,0.00767097913811775,0.09316916075349106,0.00767097913811775,362835.0,0.0013827600396587873,0.00011384800862712484,0.0013827600396587873,0.00011384800862712484,322.0,7.431839318257013e-7,6.118922174154782e-8,4.3530067549983107e-7,3.583999655639969e-8,13546.0,16.24234691900983,1.3372955531868622,12.851393831555297,1.0581052054169322,1.3442281e7,1.2478888388722364,0.10274353844407925,0.7648130704354791,0.06297003279221348,3.354805e6,0.0102670661975869,0.0008453274664536672,NaN,NaN,3920.0,0.09399479363701313,0.0077389567025180446,0.09399479363701349,0.007738956702518074,363142.0,0.01364648649951776,0.01364648649951776,0.008350550007302419,1.0,0.09372628790962838,0.0077168495823446304,0.09372628790962866,0.007716849582344653,363142.0,0.01782603061820397,0.01782603061820397,0.008326695808393996,1.0,0.0,0.0,0.0,0.0,0.0,0.0,0.0,0.0,1.0,0.0,0.0,0.0,0.0,0.0,0.0,0.0,0.0,1.0,14.141217299141015,1.1643013848360324,11.546686999340299,0.9506836207387,6.94606e6,2.0530704254185874,2.0530704254185874,1.2563136494201208,1.0,4.266587146344023,0.3512847032846111,2.716628768610943,0.2236706056112479,1.3711794e7,0.8114725847170876,0.8114725847170876,0.3790459869899625,1.0,12.73056682707018,1.0481570485028766,9.673779462158521,0.7964798635173861,6.761388e6,1.86033609286555,1.8603359664654024,1.1309906729652452,1.0,0.43440803911847,0.035766502333590675,0.25127933472428526,0.020688804309508323,1.3337504e7,0.22854547841525802,0.22854547343374226,0.038593053017827145,1.0,11.256120082487527,1.0,0,288966.68137964874,18801.49840072001,0.07733035312303752,25763.0,1
2.3112e6,1.6472470665742564e-10,1.35240466021194e-11,3.825203636569076e-6,3.140526596969037e-7,0.0,0.0,0.0,0.9283706867212899,0.07622006853757134,0.1570727592014105,0.0,0.0,0.0,0.18851662332492736,0.015477384363613783,779993.0,-7.387174972234062e-7,-6.064937106870844e-8,7.387387479217082e-7,6.065111577015605e-8,7.862989104545033,0.6455584789898937,0.0,0.0,0.0,0.0,0.0,0.0,0.0,0.0,0.0,0.0,0.09356693164263345,0.007681929260216727,0.09356693164263345,0.007681929260216727,384291.0,0.0013827600396587873,0.00011352584318019126,0.0013827600396587873,0.00011352584318019126,322.0,7.431860036354472e-7,6.101623946498362e-8,4.3530188094802673e-7,3.5738676021287436e-8,13546.0,16.256914775772543,1.3347073277323713,12.85993113137144,1.05581191461708,1.3548121e7,1.2491845456441497,0.10255917495772492,0.7655722898241079,0.06285417369966682,3.439045e6,0.0102670661975869,0.0008429353710246886,NaN,NaN,3920.0,0.09439256452615573,0.007749714462689232,0.09439256452615609,0.0077497144626892615,384598.0,0.013693892779512313,0.013693892779512313,0.00838913489971656,1.0,0.09412405879877098,0.007727669900924498,0.09412405879877125,0.00772766990092452,384598.0,0.017802596231109052,0.017802596231109052,0.00836527146534877,1.0,0.0,0.0,0.0,0.0,0.0,0.0,0.0,0.0,1.0,0.0,0.0,0.0,0.0,0.0,0.0,0.0,0.0,1.0,14.156300626949253,1.16224501641171,11.555818602675126,0.948743102837826,7.019356e6,2.0537090385574786,2.0537090385574786,1.2581405774552485,1.0,4.269158765883117,0.3505017751934611,2.718427151626802,0.22318531463240143,1.384125e7,0.8074674076476328,0.8074674076476328,0.37942129208044656,1.0,12.745385411922852,1.0464076080055789,9.682490794397154,0.7949412045416215,6.824532e6,1.8610681404826284,1.861068003642425,1.1327455515828528,1.0,0.43643041465520116,0.03583132965386989,0.2526598700752353,0.0207436026247668,1.346175e7,0.2259353566520531,0.2259353566520531,0.038787733348077384,1.0,11.2517638176667,1.0,0,308599.5943402564,19632.912960607675,0.08078121531102095,25920.0,1
2.3328e6,6.428790616996543e-11,5.260667290770357e-12,3.825184386400352e-6,3.1301412009749136e-7,0.0,0.0,0.0,0.967252812648349,0.07915011604129733,0.1570727592014105,0.0,0.0,0.0,0.1894231612487178,0.015500461717650382,823369.0,-7.387174445055408e-7,-6.044910977746743e-8,7.387387569812051e-7,6.045085377334926e-8,7.876581828335146,0.6445392120541226,0.0,0.0,0.0,0.0,0.0,0.0,0.0,0.0,0.0,0.0,0.09402020060452866,0.007693655361620519,0.09402020060452866,0.007693655361620519,405979.0,0.0013827600396587873,0.0001131509944092058,0.0013827600396587873,0.0001131509944092058,322.0,7.431880530453033e-7,6.081493883484549e-8,4.353030908357598e-7,3.56207701877336e-8,13546.0,16.271467498640064,1.3314911301765109,12.868456928069362,1.0530234141582417,1.3653961e7,1.2504058949614498,0.10232047960030291,0.7662877921126557,0.06270518614536877,3.523285e6,0.0102670661975869,0.0008401520991370069,NaN,NaN,3920.0,0.09484583348805092,0.007761216745452913,0.09484583348805133,0.0077612167454529455,406286.0,0.013740668966894382,0.013740668966894382,0.008428319187148836,1.0,0.09457732776066613,0.007739244972197408,0.09457732776066648,0.007739244972197436,406286.0,0.01778462688346714,0.01778462688346714,0.008404458866766268,1.0,0.0,0.0,0.0,0.0,0.0,0.0,0.0,0.0,1.0,0.0,0.0,0.0,0.0,0.0,0.0,0.0,0.0,1.0,14.171295031967908,1.1596344115708526,11.564968809172212,0.9463592261403463,7.092796e6,2.053048264803303,2.053048264803303,1.2593088534535328,1.0,4.271767321166437,0.34955791779606615,2.7203207570240955,0.2226033367620567,1.397085e7,0.8032769558914206,0.8032769558914206,0.37960358564995245,1.0,12.760117339073187,1.044158005933235,9.691138933621627,0.7930240792666001,6.887743e6,1.8606192310989207,1.8606190680582955,1.1339068659534763,1.0,0.43848234950221804,0.03588092832745147,0.2540661978772825,0.0207901892671663,1.3591323e7,0.22331009391762494,0.22331009213469946,0.0389650136819267,1.0,11.25323227348438,1.0,0,329073.1003413859,20473.506001129514,0.08422891103791344,25920.0,1
2.3544e6,2.8848720847132813e-11,2.3525306732946043e-12,3.8251655987728745e-6,3.1193131401661e-7,0.0,0.0,0.0,1.0053950897035797,0.08198709398037396,0.1570727592014105,0.0,0.0,0.0,0.190359286245315,0.015523255336400098,866929.0,-7.387174964367053e-7,-6.024029898848935e-8,7.387388668728682e-7,6.02420416864357e-8,7.890233637562422,0.6434259858586168,0.0,0.0,0.0,0.0,0.0,0.0,0.0,0.0,0.0,0.0,0.0944882631028271,0.007705247605036322,0.0944882631028271,0.007705247605036322,427759.0,0.0013827600396587873,0.00011276012632728793,0.0013827600396587873,0.00011276012632728793,322.0,7.431900975825906e-7,6.060502681960752e-8,4.353042887250386e-7,3.5497819708152595e-8,13546.0,16.286034233919008,1.3280795112074548,12.876989442587833,1.050081658868055,1.3759801e7,1.251545900988052,0.10205998861135465,0.7669555670285854,0.06254303288002197,3.607525e6,0.0102670661975869,0.0008372498830210676,NaN,NaN,3920.0,0.09531389598634955,0.007772575605250249,0.09531389598634993,0.007772575605250279,428066.0,0.013787290444515592,0.013787290444515592,0.008466738925219514,1.0,0.09504539025896477,0.007750679731149794,0.09504539025896509,0.00775067973114982,428066.0,0.01776656068386164,0.01776656068386164,0.00844288754583598,1.0,0.0,0.0,0.0,0.0,0.0,0.0,0.0,0.0,1.0,0.0,0.0,0.0,0.0,0.0,0.0,0.0,0.0,1.0,14.186241057341839,1.1568473833897857,11.574096576969474,0.9438344721513335,7.166236e6,2.0520599200088876,2.0520599200088876,1.2601646183883324,1.0,4.274392228274583,0.34856446079505904,2.7222313896568875,0.22199018382507282,1.410045e7,0.798999811599007,0.798999811599007,0.37969451029439805,1.0,12.774783938480171,1.0417470923315735,9.699750239237515,0.7909868892287762,6.950761e6,1.8598712586840185,1.8598711502897156,1.134784800410314,1.0,0.440551806346348,0.035925739761461004,0.2554891109903499,0.020834406263018204,1.3720891e7,0.22071488309311035,0.22071487707823,0.03913424258622891,1.0,11.25745069361264,1.0,0,350379.9914351462,21306.891093760263,0.08762464700727778,25920.0,1
2.376e6,1.5746177320616104e-11,1.2797250982710272e-12,3.825146883428079e-6,3.108777687195878e-7,0.0,0.0,0.0,1.0419413325327473,0.08468077343586924,0.1570727592014105,0.0,0.0,0.0,0.19130338195205043,0.015547630023677938,910479.0,-7.387171720775368e-7,-6.003710528482934e-8,7.387386129937292e-7,6.003884783338717e-8,7.903942978287455,0.6423701447445495,0.0,0.0,0.0,0.0,0.0,0.0,0.0,0.0,0.0,0.0,0.09496031095619473,0.007717625096927889,0.09496031095619473,0.007717625096927889,449534.0,0.0013827600396587873,0.00011237982982198203,0.0013827600396587873,0.00011237982982198203,322.0,7.431921977835089e-7,6.04008000784757e-8,4.353055097971354e-7,3.53781984643154e-8,13546.0,16.30062137460779,1.3247859379296354,12.885532865851859,1.04723447966237,1.3865641e7,1.2526255932440593,0.10180352842288047,0.7675879652742125,0.06238349564412021,3.691765e6,0.0102670661975869,0.0008344261614188365,NaN,NaN,3920.0,0.09578594383971727,0.007784726025711303,0.09578594383971763,0.007784726025711332,449841.0,0.013836307192330232,0.013836307192330232,0.008504930083172327,1.0,0.09551743811233245,0.007762903997966576,0.0955174381123328,0.007762903997966605,449841.0,0.017749055183699652,0.017749055183699652,0.008481089190168647,1.0,0.0,0.0,0.0,0.0,0.0,0.0,0.0,0.0,1.0,0.0,0.0,0.0,0.0,0.0,0.0,0.0,0.0,1.0,14.201153019261978,1.1541577090804567,11.583205163238437,0.9413915558038934,7.239676e6,2.0513606462822396,2.0513606462822396,1.2609346286899963,1.0,4.277025437254215,0.34760289348651086,2.724148759651203,0.22139732508824106,1.423005e7,0.7947570831897229,0.7947570831897229,0.37976138094610046,1.0,12.789412035103735,1.0394225366700869,9.70834030058009,0.78901732733201,7.013734e6,1.859387980708051,1.8593878357573053,1.13558472989998,1.0,0.44263267763668357,0.035973692874964346,0.2569186415244042,0.020880320796464426,1.385046e7,0.21822375961953902,0.21822375051612003,0.03930179966829735,1.0,11.262402265861924,1.0,0,372495.0362177393,22115.04478259309,0.09090819540021422,25920.0,1
2.3976e6,1.0616960104782197e-11,8.601601277812972e-13,3.825128493330408e-6,3.099025503657068e-7,0.0,0.0,0.0,1.0760897393172815,0.0871821574669357,0.1570727592014105,0.0,0.0,0.0,0.19223931705637604,0.015574759054554622,953955.0,-7.387169058970998e-7,-5.984903606112676e-8,7.38738413920376e-7,5.985077858854204e-8,7.917707042940167,0.6414732498356699,0.0,0.0,0.0,0.0,0.0,0.0,0.0,0.0,0.0,0.0,0.09542827850835732,0.007731365609891002,0.09542827850835732,0.007731365609891002,471272.0,0.0013827600396587873,0.00011202783477240673,0.0013827600396587873,0.00011202783477240673,322.0,7.431942203870586e-7,6.021177712502746e-8,4.353067057407454e-7,3.526748409512804e-8,13546.0,16.315236836981587,1.3218205648299461,12.894092159978342,1.0446477947067996,1.3971481e7,1.253672915826073,0.1015695118781864,0.7682013739473263,0.06223779551348854,3.776005e6,0.0102670661975869,0.0008318125796175398,NaN,NaN,3920.0,0.09625391139188014,0.0077982563657742745,0.09625391139188041,0.007798256365774297,471579.0,0.01388930071221755,0.01388930071221755,0.008543058650271513,1.0,0.09598540566449532,0.0077765026887803,0.09598540566449561,0.007776502688780324,471579.0,0.017732609034462825,0.017732609034462825,0.008519227305198758,1.0,0.0,0.0,0.0,0.0,0.0,0.0,0.0,0.0,1.0,0.0,0.0,0.0,0.0,0.0,0.0,0.0,0.0,1.0,14.216053194288738,1.15174984284223,11.592303625723961,0.939180073163407,7.313116e6,2.051355990640957,2.051355990640957,1.26175211436066,1.0,4.279667713466639,0.3467282057148198,2.7260691047124044,0.22085944811960578,1.435965e7,0.7906376374089622,0.7906376374089622,0.37984380843460624,1.0,12.804024028224507,1.0373506950705764,9.716922136906609,0.7872412540344539,7.076525e6,1.859538188029751,1.8595380567635675,1.1364268386690757,1.0,0.44470703077437096,0.036029075426573944,0.2583408281530746,0.020930141731924066,1.3980009e7,0.21586071762061368,0.21586071214368152,0.03947017000302434,1.0,11.266914501262498,1.0,0,395374.9135798,22879.87736206071,0.09401452202891852,25920.0,1
2.4192e6,8.594731093836867e-12,6.943794892174803e-13,3.825110431869202e-6,3.090356404270076e-7,0.0,0.0,0.0,1.107169629026827,0.08944967248970075,0.1570727592014105,0.0,0.0,0.0,0.19315873830531805,0.01560554537168926,997507.0,-7.387166612979203e-7,-5.968187862402346e-8,7.387382383236774e-7,5.968362185996191e-8,7.9315337288777075,0.6407989126406349,0.0,0.0,0.0,0.0,0.0,0.0,0.0,0.0,0.0,0.0,0.0958879891328284,0.007746915195972792,0.0958879891328284,0.007746915195972792,493048.0,0.0013827600396587873,0.00011171497974347631,0.0013827600396587873,0.00011171497974347631,322.0,7.431962914247093e-7,6.004379376079296e-8,4.353079239392542e-7,3.5169092619315675e-8,13546.0,16.329898638102755,1.3193137227330036,12.902677954425853,1.042424111902287,1.4077321e7,1.2547196810632448,0.10137043285421404,0.7688144304545131,0.06211351648975344,3.860245e6,0.010395402156342489,0.0008398580433432697,NaN,NaN,4784.0,0.09671362201635121,0.007813619149090399,0.09671362201635145,0.007813619149090418,493355.0,0.01394686496832455,0.01394686496832455,0.008581205138276137,1.0,0.09644511628896632,0.00779192622259882,0.09644511628896661,0.007791926222598843,493355.0,0.017718654967376336,0.017718654967376336,0.008557381165195051,1.0,0.0,0.0,0.0,0.0,0.0,0.0,0.0,0.0,1.0,0.0,0.0,0.0,0.0,0.0,0.0,0.0,0.0,1.0,14.230981502590774,1.1497394809615846,11.601411583565973,0.9372931115174693,7.386556e6,2.052219462422798,2.052219462422798,1.2626863625487852,1.0,4.282326610180502,0.34597472937482,2.727992816969167,0.22039808321569807,1.448925e7,0.7867383086154589,0.7867383086154589,0.3799622260537891,1.0,12.818667852722305,1.0356368266605358,9.725512367061281,0.7857367771123055,7.139348e6,1.8604818784077177,1.8604817381524315,1.1373746133201208,1.0,0.4467863095885558,0.0360964463057991,0.2597559494962114,0.020986020570407434,1.410957e7,0.21369219584296392,0.21369219108586957,0.039642450521649844,1.0,11.27040088867749,1.0,0,418960.3053492229,23585.391769422917,0.09688353559085872,25920.0,1
2.4408e6,7.805224459878987e-12,6.290836382957037e-13,3.8250926702834315e-6,3.082939159801481e-7,0.0,0.0,0.0,1.134676186381006,0.09145236338624452,0.1570727592014105,0.0,0.0,0.0,0.1940577985763829,0.015640624634897238,1.040935e6,-7.387164151249233e-7,-5.9538891223988085e-8,7.387380635022712e-7,5.954063603479464e-8,7.9454432166520945,0.6403849565501045,0.0,0.0,0.0,0.0,0.0,0.0,0.0,0.0,0.0,0.0,0.09633751926836075,0.007764588633836989,0.09633751926836075,0.007764588633836989,514761.0,0.0013827600396587873,0.00011144736722304947,0.0013827600396587873,0.00011144736722304947,322.0,7.431983879576376e-7,5.990012821221815e-8,4.3530914736225643e-7,3.508494388773729e-8,13546.0,16.344635217572197,1.317341050489895,12.911307062104552,1.040622478383879,1.4183161e7,1.2557981724170542,0.1012145246213027,0.7694460490322215,0.06201563100274364,3.944485e6,0.011776753830323089,0.0009491800248634202,NaN,NaN,6944.0,0.09716315215188352,0.007831132798060952,0.09716315215188386,0.00783113279806098,515068.0,0.014009228061187927,0.014009228061187927,0.008619397027159012,1.0,0.09689464642449874,0.007809491836836235,0.09689464642449905,0.00780949183683626,515068.0,0.01770851225862356,0.01770851225862356,0.008595577735409627,1.0,0.0,0.0,0.0,0.0,0.0,0.0,0.0,0.0,1.0,0.0,0.0,0.0,0.0,0.0,0.0,0.0,0.0,1.0,14.245987792744616,1.1481947608095964,11.610539601873644,0.9357835297200747,7.459988e6,2.0540224099922817,2.0540224099922817,1.2637694651752422,1.0,4.285009341615493,0.345362171275257,2.729905360790232,0.220024267770448,1.4618842e7,0.7831303715364889,0.7831303715364889,0.3801255513276717,1.0,12.833373587057878,1.0343412145612432,9.734140845069001,0.7845499857147944,7.201541e6,1.8622819274021851,1.8622817872341682,1.1384556768166085,1.0,0.4488774159147168,0.036178515993219994,0.2611708809928933,0.021049789006894346,1.4239114e7,0.21176253881241214,0.21176253098036255,0.039820164111659354,1.0,11.272615920316747,1.0,0,443179.1648745525,24218.859525329608,0.09946613141695079,25920.0,1
2.4624e6,7.472160222080794e-12,6.010518034484618e-13,3.8250752199361374e-6,3.0768456389287765e-7,0.0,0.0,0.0,1.1582765930687362,0.09317041049238042,0.1570727592014105,0.0,0.0,0.0,0.19494594196699178,0.015681222900971226,1.084283e6,-7.387162093326008e-7,-5.942146536739108e-8,7.387379304549963e-7,5.942321258899778e-8,7.959458469453203,0.6402495028680948,0.0,0.0,0.0,0.0,0.0,0.0,0.0,0.0,0.0,0.0,0.0967815909636652,0.007784997652676584,0.0967815909636652,0.007784997652676584,536435.0,0.0013827600396587873,0.00011122759561784917,0.0013827600396587873,0.00011122759561784917,322.0,7.432005129199791e-7,5.978217748788861e-8,4.353103852256878e-7,3.501585677011668e-8,13546.0,16.359476998965498,1.3159371401920565,12.919997535691078,1.0392694466626813,1.4289001e7,1.2569379800745104,0.10110661673369059,0.7701135686244069,0.06194703211984011,4.028725e6,0.014502407293986469,0.001166556631459293,NaN,NaN,9462.0,0.09760722384718798,0.007851410593362902,0.09760722384718828,0.007851410593362926,536742.0,0.014077141312382246,0.014077141312382246,0.008658088227608425,1.0,0.0973387181198032,0.007829812307608274,0.09733871811980348,0.007829812307608297,536742.0,0.017704154354880472,0.017704154354880472,0.00863427086875233,1.0,0.0,0.0,0.0,0.0,0.0,0.0,0.0,0.0,1.0,0.0,0.0,0.0,0.0,0.0,0.0,0.0,0.0,1.0,14.261129753288476,1.1471485491031903,11.619695711723216,0.9346746931918346,7.533421e6,2.0567733708476386,2.0567733708476386,1.2650100552255428,1.0,4.287732255166014,0.3449001531118141,2.7317903733906785,0.21974201325575649,1.4748435e7,0.7798610372537371,0.7798610372537371,0.3803362363805135,1.0,12.848193570759747,1.0334936199493847,9.742838931094669,0.7837025353039888,7.263183999999999e6,1.8649461583693951,1.864946066494448,1.139677875432516,1.0,0.4509690113088846,0.03627541828473978,0.2625972695013659,0.02112301633308461,1.4368654e7,0.2100881158953751,0.21008811033869612,0.04000246430471705,1.0,11.273530747347152,1.0,0,467950.4085109293,24771.243636376807,0.10172650083801915,25920.0,1
2.484e6,7.326162835090664e-12,5.883938913140373e-13,3.825057996141682e-6,3.0720594252582234e-7,0.0,0.0,0.0,1.1777986665833315,0.09459379435249402,0.1570727592014105,0.0,0.0,0.0,0.19581663212526632,0.015726829003626548,1.127483e6,-7.387160270261975e-7,-5.9329284306388314e-8,7.387378209446418e-7,5.933103466449106e-8,7.9736042616588145,0.6403925417605819,0.0,0.0,0.0,0.0,0.0,0.0,0.0,0.0,0.0,0.0,0.09721693604280213,0.007807886964492284,0.09721693604280213,0.007807886964492284,558035.0,0.0013827600396587873,0.00011105507464171968,0.0013827600396587873,0.00011105507464171968,322.0,7.432026027380633e-7,5.968961942331137e-8,4.353116030251395e-7,3.496164278676499e-8,13546.0,16.374454193096668,1.3150989184504482,12.928767299971735,1.0383618099624052,1.4394841e7,1.2581642280372662,0.10104827898461628,0.7708317125293315,0.06190862544181818,4.112965e6,0.01905330268194033,0.001530248120300252,NaN,NaN,13782.0,0.09804256892632529,0.007874196894542728,0.09804256892632555,0.007874196894542749,558342.0,0.01414977840378387,0.01414977840378387,0.0086968664953113,1.0,0.09777406319894053,0.007852632109083782,0.09777406319894076,0.007852632109083801,558342.0,0.0177055986129899,0.0177055986129899,0.008673048693616951,1.0,0.0,0.0,0.0,0.0,0.0,0.0,0.0,0.0,1.0,0.0,0.0,0.0,0.0,0.0,0.0,0.0,0.0,1.0,14.276453202754976,1.1465999382237038,11.62892429761281,0.9339661393404016,7.606844e6,2.0604177493836793,2.0604177493836793,1.2663928423195496,1.0,4.290499789883509,0.34458746329795104,2.7336677336676862,0.21955195804113595,1.4878035e7,0.7769531575488221,0.7769531575488221,0.38058880218466973,1.0,12.863187841338439,1.0330948572991785,9.75163766477052,0.7831936255601736,7.324495e6,1.8684275321849066,1.8684274015796813,1.14102913239959,1.0,0.4530988182573213,0.03639020628196531,0.26402860168746795,0.021205209311071872,1.4498169e7,0.2086927995418203,0.2086927954322221,0.040192132608524216,1.0,11.273321141491882,1.0,0,493187.531566758,25237.123055828677,0.10364162539098162,25920.0,1
2.5056e6,7.239644202921752e-12,5.807718498489531e-13,3.825041059913228e-6,3.0684880497545307e-7,0.0,0.0,0.0,1.1932092050851535,0.09572049369697366,0.1570727592014105,0.0,0.0,0.0,0.19666298059765946,0.015776510535202327,1.170683e6,-7.387159276855997e-7,-5.9260566377240825e-8,7.387377923303183e-7,5.926232038196862e-8,7.98789629899866,0.6407974176546973,0.0,0.0,0.0,0.0,0.0,0.0,0.0,0.0,0.0,0.0,0.09764011027899872,0.007832792037391062,0.09764011027899872,0.007832792037391062,579164.0,0.0013827600396587873,0.00011092646041993971,0.0013827600396587873,0.00011092646041993971,322.0,7.432046567187245e-7,5.962065692740716e-8,4.3531280857432806e-7,3.492124999687478e-8,13546.0,16.389587252290024,1.314789876404673,12.937628390237352,1.0378701165761823,1.4500681e7,1.2594963103574042,0.10103811479423153,0.7716118408334202,0.0618995110264295,4.197205e6,0.025451335567751043,0.0020417328289204866,NaN,NaN,18442.0,0.09846574316252187,0.00789902517311151,0.09846574316252214,0.007899025173111533,579471.0,0.014225886765701003,0.014225886765701003,0.00873515889506903,1.0,0.09819723743513707,0.007877485362090774,0.09819723743513734,0.007877485362090795,579471.0,0.017712437011852714,0.017712437011852714,0.008711339035312618,1.0,0.0,0.0,0.0,0.0,0.0,0.0,0.0,0.0,1.0,0.0,0.0,0.0,0.0,0.0,0.0,0.0,0.0,1.0,14.291991772840541,1.1465185673888196,11.638273025386338,0.9336344666320684,7.679813e6,2.064842554239171,2.064842554239171,1.2678807375345058,1.0,4.293312268621946,0.34441401239310643,2.7355655406621353,0.21944993633695722,1.5007164e7,0.7744110233285459,0.7744110233285459,0.38087119081264736,1.0,12.878392195015198,1.0331181268771168,9.76055758332931,0.7830021647941833,7.385402e6,1.8726238047331778,1.8726236814685118,1.1424765458865949,1.0,0.4552506929728511,0.03652068799129053,0.2654572614291396,0.02129525988498428,1.4627574e7,0.20756383210975998,0.20756383210975998,0.04038650410269539,1.0,11.272347114155584,1.0,0,518801.8552018818,25614.323635123787,0.10519976934987674,25920.0,1
2.5272e6,7.1591288044870765e-12,5.738486903445769e-13,3.8250243906698e-6,3.0659948955607454e-7,0.0,0.0,0.0,1.2045883633666357,0.09655524765653194,0.1570727592014105,0.0,0.0,0.0,0.19748955711163854,0.015830016025722822,1.213883e6,-7.38715813621727e-7,-5.9212665920742315e-8,7.3873774922618e-7,5.9214424195838484e-8,8.002344846689187,0.641437699386004,0.0,0.0,0.0,0.0,0.0,0.0,0.0,0.0,0.0,0.0,0.09805339853598828,0.007859589605154909,0.09805339853598828,0.007859589605154909,599684.0,0.0013827600396587873,0.00011083681541274645,0.0013827600396587873,0.00011083681541274645,322.0,7.432066580187675e-7,5.9572635023989594e-8,4.3531398153825126e-7,3.489312247571809e-8,13546.0,16.404890338135928,1.3149539689641294,12.946589100832245,1.0377496204964904,1.4606521e7,1.2609480455581883,0.10107282663815165,0.7724620460197898,0.061917636287186155,4.281445e6,0.033846914535723416,0.002713040665835776,NaN,NaN,24922.0,0.09887903141951139,0.007925769214693183,0.09887903141951168,0.007925769214693205,599991.0,0.014304834154132529,0.014304834154132529,0.008772832200457558,1.0,0.0986105256921266,0.007904246811029594,0.09861052569212686,0.007904246811029617,599991.0,0.01772498996004251,0.01772498996004251,0.008749009599675651,1.0,0.0,0.0,0.0,0.0,0.0,0.0,0.0,0.0,1.0,0.0,0.0,0.0,0.0,0.0,0.0,0.0,0.0,1.0,14.307774045272804,1.1468570578699313,11.647759622991007,0.933640361507746,7.752173e6,2.0699063481323967,2.0699063481323967,1.2694268851471766,1.0,4.296172833232325,0.3443649669075835,2.7374866091932635,0.21942657387820524,1.5135684e7,0.7722260864260904,0.7722260864260904,0.3811688163712573,1.0,12.893838811467702,1.0335213567937662,9.769616377802418,0.7830955017958381,7.446081e6,1.8774069189621054,1.877406815505747,1.1439784824837256,1.0,0.4574199191207181,0.03666505083138432,0.2668904663360945,0.021392930446569067,1.4756956e7,0.20668621837134588,0.20668621711462595,0.04058361148955475,1.0,11.27105011929377,1.0,0,544705.2566666772,25903.401464795403,0.10639927394548981,25920.0,1
2.5488e6,7.10474834518797e-12,5.692027604272054e-13,3.825008046849907e-6,3.064436674098185e-7,0.0,0.0,0.0,1.2120972077627339,0.09710816527821756,0.1570727592014105,0.0,0.0,0.0,0.1983037186949986,0.01588726561449896,1.257083e6,-7.387158166240773e-7,-5.918282556460309e-8,7.387378224327043e-7,5.9184588578070616e-8,8.01696247641001,0.6422855462438158,0.0,0.0,0.0,0.0,0.0,0.0,0.0,0.0,0.0,0.0,0.09846047932766798,0.007888242327999255,0.09846047932766798,0.007888242327999255,620204.0,0.0013827600396587873,0.00011078095850014097,0.0013827600396587873,0.00011078095850014097,322.0,7.432087146204e-7,5.954277778494553e-8,4.3531519542165856e-7,3.4875635117708145e-8,13546.0,16.420378289612366,1.315532119591075,12.955658097821887,1.0379532101831528,1.4712361e7,1.2625288585769456,0.10114853848521406,0.7733878459207283,0.061960603724561907,4.365685e6,0.044081674373000035,0.0035316396187852557,NaN,NaN,31901.0,0.09928611221119135,0.00795438858590567,0.0992861122111917,0.007954388585905697,620511.0,0.014386229062674937,0.014386229062674937,0.008809902005988057,1.0,0.09901760648380654,0.007932877028593233,0.0990176064838069,0.007932877028593263,620511.0,0.01774361603770567,0.01774361603770567,0.008786076829499376,1.0,0.0,0.0,0.0,0.0,0.0,0.0,0.0,0.0,1.0,0.0,0.0,0.0,0.0,0.0,0.0,0.0,0.0,1.0,14.32382644461743,1.1475651432015268,11.657401118215509,0.9339422838797122,7.824533e6,2.0754750457742235,2.0754750457742235,1.2709885050130485,1.0,4.29908522678102,0.34442475081513013,2.739434737570912,0.2194720683796839,1.5264204e7,0.7703813522280034,0.7703813522280034,0.38146845233267757,1.0,12.909549470859488,1.0342591795896157,9.77882929910059,0.7834389566471305,7.506409e6,1.8826542822372165,1.8826541809076665,1.1454962154002784,1.0,0.4596220797596197,0.03682300115945164,0.2683281741993616,0.02149733249286929,1.4886255e7,0.20604982960864016,0.20604982796389268,0.04078340255541051,1.0,11.269831621703279,1.0,0,570812.2949760347,26107.03830935748,0.10724731491650272,25920.0,1
2.5704e6,7.025909748222694e-12,5.627515805243394e-13,3.824991941678488e-6,3.063689027911214e-7,0.0,0.0,0.0,1.2158796323912404,0.09738784148609528,0.1570727592014105,0.0,0.0,0.0,0.19909649253786676,0.01594695489518343,1.300283e6,-7.387159309845931e-7,-5.916864471896317e-8,7.387380030731782e-7,5.917041261852093e-8,8.031762583963525,0.6433169867667453,0.0,0.0,0.0,0.0,0.0,0.0,0.0,0.0,0.0,0.0,0.09885686624910149,0.007918100249072794,0.09885686624910149,0.007918100249072794,640724.0,0.0013827600396587873,0.00011075439703744063,0.0013827600396587873,0.00011075439703744063,322.0,7.432107316392644e-7,5.9528663031637625e-8,4.35316383823055e-7,3.48673683271457e-8,13546.0,16.436069215416033,1.3164734902725712,12.964845793291566,1.0384402480084216,1.4818201e7,1.2642118211591207,0.10125908614963593,0.7743734540191676,0.06202469157472671,4.449925e6,0.056209288650647456,0.0045021736916421974,NaN,NaN,40541.0,0.09968249913262542,0.007984230647382207,0.09968249913262578,0.007984230647382237,641031.0,0.014468630488185384,0.014468630488185384,0.008845693659309609,1.0,0.09941399340524065,0.007962724247801166,0.09941399340524099,0.007962724247801192,641031.0,0.01776720111221089,0.01776720111221089,0.008821866814769368,1.0,0.0,0.0,0.0,0.0,0.0,0.0,0.0,0.0,1.0,0.0,0.0,0.0,0.0,0.0,0.0,0.0,0.0,1.0,14.340135456700148,1.1485962932035292,11.667187432956439,0.9345022073235202,7.896893e6,2.081429768303356,2.081429768303356,1.2725247298846738,1.0,4.3020478163850004,0.3445794630046828,2.741407002256666,0.21957741825116475,1.5392724e7,0.7688590522310784,0.7688590522310784,0.38175805605367824,1.0,12.925515897312339,1.0352900565147483,9.788191547455488,0.7840009993295124,7.566478e6,1.8882578711437743,1.8882577384130055,1.1469932536908094,1.0,0.46185875698697443,0.036993322542916963,0.2697719838668481,0.021607822437608035,1.5015494e7,0.2056394413403529,0.20563943977102525,0.04098473767938622,1.0,11.269042651925329,1.0,0,597041.1622169769,26228.8672409422,0.1077553299610074,25920.0,1
2.592e6,6.9885429503830086e-12,5.59657832329473e-13,5.910310380563148e-6,4.733106055818219e-7,0.0,0.0,0.0,1.2180844119172007,0.09754686869750728,0.1612641622772928,0.0,0.0,0.0,0.20045116523589418,0.01605256852827803,1.343475e6,-7.38715995754965e-7,-5.91579955688294e-8,7.387381364076751e-7,5.9159768640811646e-8,8.046688325046302,0.6443964324751674,0.0,0.0,0.0,0.0,0.0,0.0,0.0,0.0,0.0,0.0,0.09953420259811503,0.007970917037241752,0.09953420259811503,0.007970917037241752,661776.0,0.0013827600396587873,0.0001107344537940975,0.0013827600396587873,0.0001107344537940975,322.0,7.432127905409073e-7,5.9518108748386086e-8,4.353175898703466e-7,3.486118643777908e-8,13551.0,16.452130268393685,1.317522640782611,12.974249185229821,1.0390063031250605,1.4924661e7,1.2658310454024846,0.10137052372647713,0.7753216487167496,0.0620894564660504,4.534727e6,0.06794263839602835,0.005440995354458329,NaN,NaN,49197.0,0.10035983548163903,0.008037035527630031,0.10035983548163949,0.008037035527630068,662083.0,0.014594078075388196,0.014594078075388196,0.00890576501854488,1.0,0.10009132975425436,0.008015533000647933,0.1000913297542547,0.008015533000647961,662083.0,0.017840236713950002,0.017840236713950002,0.00888193826651061,1.0,0.0,0.0,0.0,0.0,0.0,0.0,0.0,0.0,1.0,0.0,0.0,0.0,0.0,0.0,0.0,0.0,0.0,1.0,14.356928852194834,1.1497343204977328,11.677250571268246,0.9351398122159241,7.969781e6,2.087748944447582,2.087748944447582,1.274010007409852,1.0,4.305461673611626,0.3447908046839792,2.7436378668791566,0.21971653206917685,1.5521774e7,0.767403686299871,0.767403686299871,0.3820595139232876,1.0,12.941539099028777,1.0363868077497644,9.797579577685074,0.7846116404310328,7.623701e6,1.89415007219159,1.8941498654479965,1.1484106728667092,1.0,0.4642013940968662,0.037174264768643016,0.27121948814359265,0.021719850889895923,1.5139901e7,0.20524449844676243,0.20524449844676243,0.0411924602832173,1.0,11.269086403319104,1.0,0,623320.7973877832,26279.635170806316,0.10796347928150381,25025.0,1
2.6136e6,6.9797008505632946e-12,5.588100071630751e-13,5.910289960657108e-6,4.7319064899237103e-7,0.0,0.0,0.0,1.219336689273726,0.09762274324583134,0.1612641622772928,0.0,0.0,0.0,0.2026313113146952,0.016223102816518238,1.386675e6,-7.387158225494253e-7,-5.914319294314831e-8,7.387380367622204e-7,5.9144971461264906e-8,8.061750225800521,0.645441229915024,0.0,0.0,0.0,0.0,0.0,0.0,0.0,0.0,0.0,0.0,0.1006242756375155,0.0080561980224756,0.1006242756375155,0.0080561980224756,683290.0,0.0013827600396587873,0.00011070677156660381,0.0013827600396587873,0.00011070677156660381,322.0,7.432148932950783e-7,5.950339831719419e-8,4.353188186352946e-7,3.485256995508312e-8,13551.0,16.468741307283807,1.3185231924585104,12.98397049807392,1.0395248739705347,1.5032661e7,1.267375266297238,0.10146881604255388,0.7762256224554847,0.06214630897963272,4.621127e6,0.07891348330152059,0.006317984841059061,NaN,NaN,57837.0,0.1014499085210395,0.008122299984068822,0.10144990852104,0.008122299984068862,683597.0,0.01478419891088979,0.01478419891088979,0.009001002544417575,1.0,0.10118140279365477,0.008100802832449341,0.10118140279365521,0.008100802832449376,683597.0,0.017977419946341014,0.017977419946341014,0.008977179745850147,1.0,0.0,0.0,0.0,0.0,0.0,0.0,0.0,0.0,1.0,0.0,0.0,0.0,0.0,0.0,0.0,0.0,0.0,1.0,14.374462413247711,1.1508506762813537,11.687745068603238,0.9357462512135131,8.043135e6,2.0947767686797865,2.0947767686797865,1.2753542575097012,1.0,4.309500406805395,0.34502796104819383,2.746237058630029,0.21986970262209699,1.5651288e7,0.7656910897950754,0.7656910897950754,0.3823544514954332,1.0,12.957693965529861,1.0374211177131327,9.80703355047317,0.785172402932734,7.676695e6,1.90060217859812,1.9006018417329962,1.1496534403412537,1.0,0.4666902960004039,0.03736423855900304,0.27267872447096925,0.02183125082825621,1.5250851e7,0.20447007160424518,0.20447007160424518,0.041406449774012914,1.0,11.27095654294185,1.0,0,649653.5426198794,26332.745232096175,0.10816371892795949,23760.0,1
2.6352e6,6.898332560138827e-12,5.524034946068006e-13,5.910268731167114e-6,4.7328148834510686e-7,0.0,0.0,0.0,1.2148389463827844,0.09728166531779799,0.1612641622772928,0.0,0.0,0.0,0.20461003854805598,0.01638472766284026,1.429875e6,-7.387156688795166e-7,-5.915474695549223e-8,7.387379580215156e-7,5.9156531821592065e-8,8.0769363682097,0.6467835287178455,0.0,0.0,0.0,0.0,0.0,0.0,0.0,0.0,0.0,0.0,0.1016136392541964,0.008136999620471071,0.1016136392541964,0.008136999620471071,704889.0,0.0013827600396587873,0.0001107284218977666,0.0013827600396587873,0.0001107284218977666,322.0,7.432170061061928e-7,5.951520426785608e-8,4.353200449675547e-7,3.485948408779344e-8,13551.0,16.48554047143194,1.3201262895794021,12.993802097116527,1.0405154613960643,1.5140661e7,1.2689800028570941,0.10161716357587426,0.7771650460167793,0.062233689600097244,4.706344e6,0.0940882444977596,0.0075343823465848555,NaN,NaN,67972.0,0.10243927213771992,0.008203114509271315,0.1024392721377204,0.008203114509271353,705196.0,0.01496570278434669,0.01496570278434669,0.009087125179704237,1.0,0.10217076641033514,0.008181613153568872,0.10217076641033558,0.008181613153568907,705196.0,0.018106005796565898,0.018106005796565898,0.009063306725069643,1.0,0.0,0.0,0.0,0.0,0.0,0.0,0.0,0.0,1.0,0.0,0.0,0.0,0.0,0.0,0.0,0.0,0.0,1.0,14.392333429593291,1.152506814182008,11.698419381269355,0.9367840258862596,8.116573e6,2.1026250966615314,2.1026250966615314,1.276706996970149,1.0,4.313273196944216,0.3453975531643377,2.7486625167644774,0.2201069267853425,1.5780887e7,0.7643688331787285,0.7643688331787285,0.3826194061804819,1.0,12.974300133511878,1.038953786490863,9.8167516834597,0.7861041618905654,7.728553e6,1.9078104865578405,1.9078102099676075,1.1509168990753045,1.0,0.469003788986859,0.03755680517886739,0.2740351109076323,0.02194413673023787,1.5360437e7,0.2038076740536636,0.2038076740536636,0.041604123607491696,1.0,11.273012103598429,1.0,0,675954.386486592,26300.843866712647,0.10801298262664677,23760.0,1
2.6568e6,6.717166796179526e-12,5.383489915360605e-13,5.9102497183742004e-6,4.7367842308496983e-7,0.0,0.0,0.0,1.203829440716324,0.09648120778535033,0.1612641622772928,0.0,0.0,0.0,0.20638095885104865,0.01654045290834517,1.473075e6,-7.387155387671371e-7,-5.920453926400865e-8,7.38737904236027e-7,5.920633175003548e-8,8.09240183027145,0.6485675429273309,0.0,0.0,0.0,0.0,0.0,0.0,0.0,0.0,0.0,0.0,0.10249909940569238,0.008214815631762101,0.10249909940569238,0.008214815631762101,726486.0,0.0013827600396587873,0.00011082164482056073,0.0013827600396587873,0.00011082164482056073,322.0,7.432190769206956e-7,5.956547644137505e-8,4.353212570278261e-7,3.488892963748238e-8,13551.0,16.502620484432136,1.3226065936831224,13.003800033574352,1.0421927646925506,1.5248661e7,1.2706281773078723,0.10183480902395531,0.7781300317812931,0.062363423539168295,4.788607e6,0.1144279092366308,0.009170853041219264,NaN,NaN,78772.0,0.10332473228921622,0.008280986183083958,0.10332473228921671,0.008280986183083996,726793.0,0.015137204225614063,0.015137204225614063,0.00916526170173629,1.0,0.10305622656183146,0.008259466725261136,0.10305622656183194,0.008259466725261174,726793.0,0.018235287018220223,0.018235287018220223,0.009141444313533358,1.0,0.0,0.0,0.0,0.0,0.0,0.0,0.0,0.0,1.0,0.0,0.0,0.0,0.0,0.0,0.0,0.0,0.0,1.0,14.41046533244419,1.1549303024154578,11.709229046726131,0.9384390532858351,8.19031e6,2.1111514338383177,2.1111514338383177,1.2782581971367344,1.0,4.316958064071893,0.3459836700226634,2.7510169272328993,0.22048093093606147,1.5910484e7,0.7638642707021731,0.7638642707021731,0.38292913551317453,1.0,12.991288644059681,1.0411900362904856,9.826695512908255,0.787562938367848,7.780392e6,1.9156581892062905,1.91565794185138,1.1523723084257989,1.0,0.47129880862646684,0.037772359394218635,0.27538021707971155,0.02207041549692701,1.5469844e7,0.20374136546135,0.20374136546135,0.04180583704477619,1.0,11.273516856550001,1.0,0,702087.1050040098,26132.718517417787,0.10731771592705355,23760.0,1
2.6784e6,0.0032088352229884564,0.000281830174985904,1.258876996382815e-5,1.1056645153809893e-6,0.0,0.0,0.0,0.0,0.0,0.18931891175582793,0.0,0.0,0.0,0.27577167802953584,0.024220869840376986,1.511615e6,-3.098327705435745e-5,-2.7212436248857882e-6,3.098327705576996e-5,2.7212436250098485e-6,7.764936683371361,0.6819899783420224,0.0,0.0,0.0,0.0,0.0,0.0,0.0,0.0,0.0,0.0,0.13699532984124704,0.012032222005295903,0.13699532984124704,0.012032222005295903,745741.0,0.001781018347036825,0.00015642582978474728,0.001781018347036825,0.00015642582978474728,330.0,3.098778243680791e-5,2.721639330067312e-6,1.8148201259217238e-5,1.5939462082447347e-6,17281.0,17.73262610078874,1.557446478130634,13.803342359429722,1.2123397189979097,1.5360093e7,2.5220523397265247,0.22151042444827093,1.558641847916792,0.1368946281790184,4.865512e6,0.13732959497221775,0.012061580321883262,NaN,NaN,90050.0,0.13805593133892988,0.012125374032405567,0.13805593133893038,0.01212537403240561,746054.0,0.02406100365483129,0.02406100365483129,0.012125374032405567,1.0,0.13771574669060496,0.012095495807971332,0.13771574669060546,0.012095495807971377,746054.0,0.024397084065718846,0.024397084065718846,0.012095495807971332,1.0,0.0,0.0,0.0,0.0,0.0,0.0,0.0,0.0,1.0,0.0,0.0,0.0,0.0,0.0,0.0,0.0,0.0,1.0,16.849546131153353,1.4798860659954476,13.276922406385891,1.1661045535336505,8.266113e6,2.9366140745421725,2.9366140745421725,1.4798860659954476,1.0,4.4441529760833145,0.39032743156789773,2.8290200288338854,0.2484712222219799,1.6040067e7,0.7873055650056319,0.7873055650056319,0.39032743156789773,1.0,15.422888603740232,1.3545835457179072,11.384952253821593,0.9999338896911145,7.836931e6,2.702397565419908,2.702397565419908,1.3545835457179072,1.0,0.5523005753671772,0.04850824582247706,0.3247087486051059,0.028518984952304025,1.5580874e7,0.23951438720110735,0.23951438720110735,0.04850824582247706,1.0,11.385704966293794,1.0,0,724519.3067820059,22432.201777996146,0.09121331205813508,21210.0,1
2.7e6,0.0026276013239538115,0.00020591973336644577,1.2023333544614744e-5,9.422440212343385e-7,0.0,0.0,0.0,0.0,0.0,0.18931891175582793,0.0,0.0,0.0,0.27577167802953584,0.021611661515077527,1.511615e6,-3.0983276931195143e-5,-2.4280959467969136e-6,3.098327693260988e-5,2.4280959469077834e-6,7.7610947666516585,0.6082210989967974,0.0,0.0,0.0,0.0,0.0,0.0,0.0,0.0,0.0,0.0,0.13699532984124704,0.010736043377733418,0.13699532984124704,0.010736043377733418,745741.0,0.001781018347036825,0.00013957475961030446,0.001781018347036825,0.00013957475961030446,330.0,3.0987784035146864e-5,2.4284491593012354e-6,1.814820219630762e-5,1.4222374312556486e-6,17281.0,17.93424458180423,1.4054700112788754,13.921439404913768,1.0909946894163485,1.5489693e7,2.5220523397265247,0.19764807567962533,1.558641847916792,0.1221475688914107,4.865512e6,0.13732959497221775,0.010762239051337212,NaN,NaN,90050.0,0.13805593133892988,0.010819160544565361,0.13805593133893038,0.010819160544565401,746054.0,0.019653217240326114,0.019653217240326114,0.010819160544565361,1.0,0.13771574669060496,0.010792500970512087,0.13771574669060546,0.010792500970512127,746054.0,0.024021142475184932,0.024021142475184932,0.010792500970512087,1.0,0.0,0.0,0.0,0.0,0.0,0.0,0.0,0.0,1.0,0.0,0.0,0.0,0.0,0.0,0.0,0.0,0.0,1.0,17.038683074735648,1.335286690442622,13.387708174375181,1.049167266176786,8.341786e6,2.42557445166733,2.42557445166733,1.335286690442622,1.0,4.464550315749007,0.34987766303784873,2.8409681887556695,0.22264085749920456,1.6169665e7,0.7787315670093592,0.7787315670093592,0.34987766303784873,1.0,15.613295101570356,1.2235819547575768,11.49648174138273,0.9009557246209386,7.912567e6,2.2400800025015886,2.2400800025015886,1.2235819547575768,1.0,0.5704182292847286,0.04470250818146421,0.33532128288304186,0.026278442065735645,1.5710471e7,0.23401747483693242,0.23401747483693242,0.04470250818146421,1.0,12.760318212329107,1.0,0,724519.3067820059,0.0,0.0,0.0,1
2.7216e6,0.0021495615688345345,0.0001603217028996559,1.0159512650084925e-5,7.577314333803061e-7,0.0,0.0,0.0,0.0,0.0,0.18931891175582793,0.0,0.0,0.0,0.27577167802953584,0.020568001249278992,1.511615e6,-3.098327694813455e-5,-2.3108394724556732e-6,3.0983276949549826e-5,2.3108394725612296e-6,7.7617421563907305,0.5788974542633335,0.0,0.0,0.0,0.0,0.0,0.0,0.0,0.0,0.0,0.0,0.13699532984124704,0.010217583384390806,0.13699532984124704,0.010217583384390806,745741.0,0.001781018347036825,0.00013283448049701042,0.001781018347036825,0.00013283448049701042,330.0,3.098778568773658e-5,2.311175749779109e-6,1.8148203166146036e-5,1.3535554777074758e-6,17281.0,18.037961765474446,1.3453332944762715,13.982193919774826,1.0428401642419152,1.5619293e7,2.5220523397265247,0.18810334710544993,1.558641847916792,0.11624887553426566,4.865512e6,0.13732959497221775,0.010242514028757628,NaN,NaN,90050.0,0.13805593133892988,0.01029668669581567,0.13805593133893038,0.010296686695815708,746054.0,0.018109829393877352,0.018109829393877352,0.01029668669581567,1.0,0.13771574669060496,0.010271314553463246,0.13771574669060546,0.010271314553463284,746054.0,0.02381635443766047,0.02381635443766047,0.010271314553463246,1.0,0.0,0.0,0.0,0.0,0.0,0.0,0.0,0.0,1.0,0.0,0.0,0.0,0.0,0.0,0.0,0.0,0.0,1.0,17.138113732137246,1.2782195299081112,13.445951873888596,1.0028453861395656,8.417386e6,2.248134598867123,2.248134598867123,1.2782195299081112,1.0,4.472226818820153,0.33355407434805584,2.8454646874945113,0.21222455353409472,1.6299265e7,0.7734201905169484,0.7734201905169484,0.33355407434805584,1.0,15.71272546061928,1.1719091649033728,11.55472524509778,0.8617911925342562,7.988167e6,2.080466705115691,2.080466705115691,1.1719091649033728,1.0,0.5774286058380975,0.0430666135518652,0.3394276070369032,0.02531567960661676,1.5839878e7,0.22915487498843687,0.22915487498843687,0.0430666135518652,1.0,13.407801501334651,1.0,0,724519.3067820059,0.0,0.0,0.0,1
2.7432e6,0.0017241513321054089,0.00012593973099952758,8.06437658575133e-6,5.890581638493431e-7,0.0,0.0,0.0,0.0,0.0,0.18931891175582793,0.0,0.0,0.0,0.27577167802953584,0.02014359778147639,1.511615e6,-3.098327686067112e-5,-2.263157230260024e-6,3.098327686208466e-5,2.2631572303632758e-6,7.763615432422586,0.5670892229333064,0.0,0.0,0.0,0.0,0.0,0.0,0.0,0.0,0.0,0.0,0.13699532984124704,0.01000675211457796,0.13699532984124704,0.01000675211457796,745741.0,0.001781018347036825,0.0001300935523201092,0.001781018347036825,0.0001300935523201092,330.0,3.098778793849952e-5,2.2634867395772448e-6,1.81482044833365e-5,1.325626091049e-6,17281.0,18.089244888591114,1.321319418331932,14.012233674374396,1.0235162695946842,1.5748893e7,2.5220523397265247,0.18422199218674445,1.558641847916792,0.11385017741542804,4.865512e6,0.13732959497221775,0.010031168335992565,NaN,NaN,90050.0,0.13805593133892988,0.010084223195467805,0.13805593133893038,0.010084223195467841,746054.0,0.017505328549480538,0.017505328549480538,0.010084223195467805,1.0,0.13771574669060496,0.01005937458600851,0.13771574669060546,0.010059374586008547,746054.0,0.023735647450169758,0.023735647450169758,0.01005937458600851,1.0,0.0,0.0,0.0,0.0,0.0,0.0,0.0,0.0,1.0,0.0,0.0,0.0,0.0,0.0,0.0,0.0,0.0,1.0,17.187456841757523,1.2554487827780751,13.474855230541923,0.9842637426262052,8.490454e6,2.1793491668701725,2.1793491668701725,1.2554487827780751,1.0,4.475518336332371,0.32691189274718063,2.847392720720247,0.20798630991377345,1.6428859e7,0.7713665861799553,0.7713665861799553,0.32691189274718063,1.0,15.76193634515726,1.1513223847449503,11.583551144047009,0.8461144262314454,8.061228e6,2.020662601047961,2.020662601047961,1.1513223847449503,1.0,0.5803798338275588,0.04239354097794741,0.34115630169241046,0.024919583370602356,1.596836e7,0.22582681434605603,0.22582681434605603,0.04239354097794741,1.0,13.690289144034113,1.0,0,724519.3067820059,0.0,0.0,0.0,1
2.7648e6,0.001340806500112517,9.765948209056779e-5,6.14480683742355e-6,4.4756544157490647e-7,0.0,0.0,0.0,0.0,0.0,0.18931891175582793,0.0,0.0,0.0,0.27577167802953584,0.020086208747758336,1.511615e6,-3.09832766662094e-5,-2.2567094897264184e-6,3.0983276667617694e-5,2.2567094898289936e-6,7.764104354125778,0.5655091991703622,0.0,0.0,0.0,0.0,0.0,0.0,0.0,0.0,0.0,0.0,0.13699532984124704,0.009978242915737632,0.13699532984124704,0.009978242915737632,745741.0,0.001781018347036825,0.00012972291628271447,0.001781018347036825,0.00012972291628271447,330.0,3.098779011938972e-5,2.2570382332848612e-6,1.814820577003238e-5,1.321849481059113e-6,17281.0,18.111117561032447,1.3191481104420282,14.02507885607954,1.0215358720659249,1.5878493e7,2.5220523397265247,0.1836971444293625,1.558641847916792,0.11352581869156052,4.865512e6,0.13732959497221775,0.010002589575429986,NaN,NaN,90050.0,0.13805593133892988,0.010055493281811703,0.13805593133893038,0.01005549328181174,746054.0,0.017413886360665102,0.017413886360665102,0.010055493281811703,1.0,0.13771574669060496,0.010030715465946562,0.13771574669060546,0.010030715465946598,746054.0,0.02374349008442814,0.02374349008442814,0.010030715465946562,1.0,0.0,0.0,0.0,0.0,0.0,0.0,0.0,0.0,1.0,0.0,0.0,0.0,0.0,0.0,0.0,0.0,0.0,1.0,17.20784498489808,1.2533570123495796,13.48683079226086,0.9823318354324718,8.563893e6,2.170536638105728,2.170536638105728,1.2533570123495796,1.0,4.477364053492087,0.32611495734714063,2.8484741396402065,0.20747252433687785,1.6558438e7,0.7719396769296009,0.7719396769296009,0.32611495734714063,1.0,15.782258754303832,1.1495224822040322,11.595488221912035,0.8445733028920871,8.134667e6,2.0168502074669123,2.0168502074669123,1.1495224822040322,1.0,0.5818142675561575,0.042377240890217355,0.3419967186363283,0.024909800493877882,1.60979e7,0.22393970231101085,0.22393970231101085,0.042377240890217355,1.0,13.729404164452514,1.0,0,724519.3067820059,0.0,0.0,0.0,1
2.7864e6,0.0010025710487518405,7.362106450540088e-5,4.443712239999814e-6,3.26311861759578e-7,0.0,0.0,0.0,0.0,0.0,0.18931891175582793,0.0,0.0,0.0,0.27577167802953584,0.02025053937299606,1.511615e6,-3.098905772367346e-5,-2.2755967474589085e-6,3.098905772367346e-5,2.2755967474589085e-6,7.764329414895283,0.5701523073171004,0.0,0.0,0.0,0.0,0.0,0.0,0.0,0.0,0.0,0.0,0.13699532984124704,0.01005987757948671,0.13699532984124704,0.01005987757948671,745741.0,0.001781018347036825,0.00013078421402227812,0.001781018347036825,0.00013078421402227812,330.0,3.0993571346673063e-5,2.275928193026203e-6,1.8151592297478258e-5,1.3329125642238242e-6,19937.0,18.12872465860214,1.3312333416700903,14.035443717375841,1.0306544444558532,1.6008093e7,2.5220523397265247,0.18520001970948874,1.558641847916792,0.11445460366041585,4.865512e6,0.13732959497221775,0.010084423425688572,NaN,NaN,90050.0,0.13805593133892988,0.010137759951387078,0.13805593133893038,0.010137759951387115,746054.0,0.017622619734491127,0.017622619734491127,0.010137759951387078,1.0,0.13771574669060496,0.010112779421608908,0.13771574669060546,0.010112779421608946,746054.0,0.023813996602983157,0.023813996602983157,0.010112779421608908,1.0,0.0,0.0,0.0,0.0,0.0,0.0,0.0,0.0,1.0,0.0,0.0,0.0,0.0,0.0,0.0,0.0,0.0,1.0,17.224235034468443,1.2648146184826274,13.49648268835815,0.9910773145032106,8.637332e6,2.198646166710144,2.198646166710144,1.2648146184826274,1.0,4.47879739468957,0.32888824419133905,2.849313882134539,0.20923157652908037,1.6688038e7,0.7744798144413176,0.7744798144413176,0.32888824419133905,1.0,15.79856105617302,1.1601241468692398,11.605088688167909,0.8521879660959432,8.208107e6,2.0475343615110493,2.0475343615110493,1.1601241468692398,1.0,0.5829561517817433,0.04280779153514849,0.3426658302218312,0.02516272858862749,1.62275e7,0.22349151847537388,0.22349151847537388,0.04280779153514849,1.0,13.617991745803831,1.0,0,724519.3067820059,0.0,0.0,0.0,1
2.808e6,0.0007401467538174016,5.505481936623601e-5,9.66412633094192e-6,7.188530203481159e-7,0.0,0.0,0.0,0.014664240920335653,0.0010907798093392983,0.18503041045569568,0.0,0.0,0.0,0.2757813071794448,0.0205136210799278,1.512731e6,-3.1001330390395296e-5,-2.3059922048611544e-6,3.1001330390395296e-5,2.3059922048611544e-6,7.76389054664735,0.5775065409938269,0.0,0.0,0.0,0.0,0.0,0.0,0.0,0.0,0.0,0.0,0.13700000789185518,0.010190561059354149,0.13700000789185518,0.010190561059354149,746298.0,0.0017812913957296896,0.00013249896121914572,0.0017812913957296896,0.00013249896121914572,331.0,3.100584401339488e-5,2.3063279446285014e-6,1.8158781840946268e-5,1.3507165288612778e-6,26260.0,18.196460227319903,1.3535191848820098,14.129437152032729,1.050999151370536,1.6136626e7,2.5221256848638878,0.1876049219738684,1.5586822222377192,0.11594047768509366,4.917717e6,0.13732959497221775,0.010215076950400376,NaN,NaN,90050.0,0.13806088127698438,0.010269472697198263,0.13806088127698488,0.010269472697198299,746612.0,0.017962817408147157,0.017962817408147157,0.01028068666263601,1.0,0.13772042590245942,0.010244148382729459,0.13772042590245995,0.010244148382729499,746612.0,0.023921600024958776,0.023921600024958776,0.010255334694752512,1.0,0.0,0.0,0.0,0.0,0.0,0.0,0.0,0.0,1.0,0.0,0.0,0.0,0.0,0.0,0.0,0.0,0.0,1.0,17.28498970423531,1.2857206776977836,13.583849028642952,1.0104163136742725,8.711263e6,2.2489144722752292,2.2489144722752292,1.2871246472751343,1.0,4.488591382519524,0.33387782422730383,2.8577695522434796,0.21257133896436586,1.6817497e7,0.7796540493140552,0.7796540493140552,0.3342424090985735,1.0,15.85862372977883,1.1796223658848535,11.691976451828099,0.8696919202438134,8.28179e6,2.09877070119219,2.09877070119219,1.1809104791921936,1.0,0.59055360823799,0.04392753472190806,0.34871974736013445,0.02593904871072107,1.6356784e7,0.22660327637969924,0.2266032713133392,0.04397550231193547,1.0,13.429149803655722,1.0,0,724602.6625868118,83.35580480587669,0.0002873648066878054,1985.0,1
2.8296e6,0.000652714462678458,4.905738514542358e-5,8.445915751826496e-6,6.347868258394372e-7,0.0,0.0,0.0,0.059274641818925534,0.004455024515828046,0.18145275908322467,0.0,0.0,0.0,0.2759188791123153,0.02073779500144842,1.520145e6,-3.100912125553885e-5,-2.3306154397309572e-6,3.100912125553885e-5,2.3306154397309572e-6,7.762548450749192,0.5834256031277953,0.0,0.0,0.0,0.0,0.0,0.0,0.0,0.0,0.0,0.0,0.13706529097543932,0.010301694161730417,0.13706529097543932,0.010301694161730417,749958.0,0.0017882971614327306,0.00013440667798729407,0.0017882971614327306,0.00013440667798729407,334.0,3.101363487853846e-5,2.330954679252301e-6,1.8163345591816766e-5,1.3651394157419433e-6,29887.0,18.245547879913765,1.371317659886345,14.197744409858094,1.0670886820134808,1.6261873e7,2.5222010278784928,0.18956617987454022,1.5587310911470862,0.1171527150827336,4.984665e6,0.13732959497221775,0.010321558993455191,NaN,NaN,90050.0,0.13813312302148076,0.010381951381308967,0.1381331230214812,0.010381951381309,750274.0,0.018234052069218302,0.018234052069218302,0.010428410204430819,1.0,0.1377857560908336,0.010355843620139386,0.13778575609083404,0.010355843620139419,750274.0,0.024050917686608962,0.024050917686608962,0.010402185612059304,1.0,0.0,0.0,0.0,0.0,0.0,0.0,0.0,0.0,1.0,0.0,0.0,0.0,0.0,0.0,0.0,0.0,0.0,1.0,17.328760006723698,1.3024127736560323,13.647456928779238,1.0257296093353425,8.78502e6,2.2874565154691484,2.2874565154691484,1.3082410194703848,1.0,4.496439880025009,0.3379480547626436,2.8640993109763406,0.21526292280507456,1.6946692e7,0.784867090078419,0.784867090078419,0.33946035898406945,1.0,15.901634839514768,1.1951514320102528,11.755115136672181,0.8835030379472517,8.352932e6,2.138148149744445,2.1381468304063924,1.20049968754953,1.0,0.5965194552458247,0.04483382295934914,0.3532388346658256,0.026549087773252933,1.6485053e7,0.22948322516349373,0.22948309411195267,0.04503445254951412,1.0,13.245846712358018,1.0,0,725355.439621605,752.7770347931655,0.0026310729245656215,5868.0,1
2.8512e6,0.0006051263795216212,4.5892952191185776e-5,7.507603666456914e-6,5.693787410283731e-7,0.0,0.0,0.0,0.12115919599197375,0.009188746974768909,0.18145275908322467,0.0,0.0,0.0,0.2760913060549741,0.020938841104893934,1.533103e6,-3.1015906144792854e-5,-2.352254910775089e-6,3.1015906144792854e-5,2.352254910775089e-6,7.7611754044351144,0.5886096918543298,0.0,0.0,0.0,0.0,0.0,0.0,0.0,0.0,0.0,0.0,0.13715150444676893,0.010401608076482601,0.13715150444676893,0.010401608076482601,756372.0,0.0017882971614327306,0.00013562495192846435,0.0017882971614327306,0.00013562495192846435,334.0,3.102041976779246e-5,2.3525972251932664e-6,1.816732007676042e-5,1.3778145854157816e-6,32954.0,18.288206124509557,1.3869826167521753,14.25398390844323,1.0810260867510957,1.6385659e7,2.5223980934077237,0.19129936989263696,1.5588651091412815,0.11822476154961986,5.031428e6,0.13732959497221775,0.010415114511248488,NaN,NaN,90050.0,0.13821933649281012,0.010482592754552537,0.13821933649281062,0.010482592754552576,756688.0,0.018465314430372373,0.018465314430372373,0.010579807932687656,1.0,0.13787196956216297,0.010456248350341318,0.13787196956216347,0.010456248350341356,756688.0,0.024189514045043325,0.024189514045043325,0.010553219211444552,1.0,0.0,0.0,0.0,0.0,0.0,0.0,0.0,0.0,1.0,0.0,0.0,0.0,0.0,0.0,0.0,0.0,0.0,1.0,17.36684690970627,1.3171064787637718,13.699587381357665,1.038980500616492,8.858678e6,2.3201116210577983,2.3201116210577983,1.3293212756135617,1.0,4.503795987491122,0.3415691348577199,2.869938286699845,0.21765691439082868,1.7075678e7,0.7901869875464853,0.7901869875464853,0.34473683440192193,1.0,15.938812480405403,1.2088039522021607,11.806703633729441,0.8954236730294197,8.422258e6,2.1707482693953386,2.1707482693953386,1.220014355419698,1.0,0.6021072570578568,0.045663981107495116,0.3574260872696345,0.02710729343499367,1.6612121e7,0.23275342315995332,0.23275342254558218,0.04608746718213976,1.0,13.064446667860953,1.0,0,727331.1175639327,1975.6779423276894,0.007001182195421336,8640.0,1
2.8728e6,0.0005513818697772339,4.216385212159724e-5,7.488304964780134e-6,5.726263420739128e-7,0.0,0.0,0.0,0.18734657716231712,0.014326284210525012,0.17989354990080542,0.0,0.0,0.0,0.27672416502371033,0.021160936570595135,1.543901e6,-3.102145523507352e-5,-2.3721927085793237e-6,3.102145523507352e-5,2.3721927085793237e-6,7.7604353670767345,0.5934359962703054,0.0,0.0,0.0,0.0,0.0,0.0,0.0,0.0,0.0,0.0,0.13746770128761762,0.010512075471267753,0.13746770128761762,0.010512075471267753,761578.0,0.0017887624484713757,0.00013678562805934203,0.0017887624484713757,0.00013678562805934203,338.0,3.102596885807315e-5,2.372537862714997e-6,1.817057065814387e-5,1.3894930105419387e-6,35530.0,18.31433846879381,1.4004868517259785,14.287720125845894,1.0925736799875616,1.650596e7,2.52469666418225,0.1930620911483323,1.5602881345615254,0.11931432964836902,5.108658e6,0.13737074392844925,0.010504661198187416,NaN,NaN,90550.0,0.13853586815658356,0.010593757572861818,0.13853586815658397,0.01059375757286185,761897.0,0.018707997478283684,0.018707997478283684,0.010747732645357954,1.0,0.13818829686712586,0.010567178997733245,0.13818829686712633,0.010567178997733281,761897.0,0.024365771664937978,0.024365771664937978,0.010720767763670626,1.0,0.0,0.0,0.0,0.0,0.0,0.0,0.0,0.0,1.0,0.0,0.0,0.0,0.0,0.0,0.0,0.0,0.0,1.0,17.39157424623888,1.3299236062594095,13.7322262540235,1.0500953854519874,8.930917e6,2.348572477809664,2.348572477809664,1.349253393851745,1.0,4.5095333100582895,0.3448413994815129,2.8742995723835714,0.21979602298514853,1.7202583e7,0.7951343307600428,0.7951343307600428,0.3498535001568062,1.0,15.962577467013377,1.2206490504858483,11.838663241461617,0.9052957189761169,8.487438e6,2.1977639266756297,2.1977639266756297,1.238390585984298,1.0,0.6060185071836093,0.04634188412862435,0.3602231188335966,0.02754605319071634,1.6734973e7,0.235816023981576,0.23581550979787824,0.04701544069429389,1.0,12.889776172132313,1.0,0,730641.3581267794,3310.2405628467677,0.011889413428365268,10263.0,1
2.8944e6,0.000493600690551364,3.8042899591007134e-5,7.483898998886496e-6,5.768006885198046e-7,0.0,0.0,0.0,0.24625629094727178,0.01897951832218119,0.17989354990080542,0.0,0.0,0.0,0.2773758839931726,0.021377974353990595,1.553129e6,-3.102536422982846e-5,-2.391193608038454e-6,3.102536422982846e-5,2.391193608038454e-6,7.760162940762666,0.5980929630295327,0.0,0.0,0.0,0.0,0.0,0.0,0.0,0.0,0.0,0.0,0.13779356077234883,0.010620055233095987,0.13779356077234883,0.010620055233095987,766139.0,0.0017887624484713757,0.00013786388779834857,0.0017887624484713757,0.00013786388779834857,338.0,3.1029877852828065e-5,2.3915414829702612e-6,1.8172860484077348e-5,1.4006226488558656e-6,37406.0,18.350311143470023,1.414299164604036,14.336598033738355,1.1049533963676328,1.6625405e7,2.52723574272525,0.19477966186778736,1.5617371421631812,0.12036654409963357,5.201268e6,0.13813331445460378,0.010646240802660856,NaN,NaN,92710.0,0.13886172764131463,0.010702381221937524,0.13886172764131513,0.010702381221937562,766458.0,0.018950277423135216,0.018950277423135216,0.010909437082937824,1.0,0.1385141563518569,0.01067559313205299,0.13851415635185746,0.010675593132053034,766458.0,0.02453023933266463,0.02453023933266463,0.010882130731658881,1.0,0.0,0.0,0.0,0.0,0.0,0.0,0.0,0.0,1.0,0.0,0.0,0.0,0.0,0.0,0.0,0.0,0.0,1.0,17.42512543601618,1.3429930508861119,13.778871360959116,1.061968165151553,9.002888e6,2.3779839611270335,2.3779839611270335,1.3689755473700396,1.0,4.516293843139039,0.3480807796401236,2.8798138580652233,0.2219536389237805,1.7329829e7,0.7998154974674195,0.7998154974674195,0.35481499738395705,1.0,15.995003511461992,1.2327703834138681,11.884557245743299,0.9159691763768729,8.551228e6,2.224244723521072,2.224244723521072,1.2566204339643212,1.0,0.6107350426801041,0.047070703810068754,0.36383628446662525,0.02804166911125624,1.6856736e7,0.2393691863303785,0.23936866444683166,0.047981367045023066,1.0,12.728587789235435,1.0,0,735353.2067355759,4711.848608796485,0.01713789014996742,10800.0,1
2.916e6,0.0004353171534625813,3.383428267683226e-5,7.483613098598116e-6,5.816510537386344e-7,0.0,0.0,0.0,0.2944352937529367,0.022884480612890234,0.17989354990080542,0.0,0.0,0.0,0.27768304632456786,0.02158244077720894,1.562195e6,-3.102882274128101e-5,-2.4116622821022474e-6,3.102882274128101e-5,2.4116622821022474e-6,7.7601720328221875,0.603146124821665,0.0,0.0,0.0,0.0,0.0,0.0,0.0,0.0,0.0,0.0,0.1379471419380467,0.010721706134638149,0.1379471419380467,0.010721706134638149,770661.0,0.0017887624484713757,0.00013902850793240197,0.0017887624484713757,0.00013902850793240197,338.0,3.103333636428063e-5,2.4120130957452455e-6,1.8174886392497683e-5,1.4126120207572682e-6,38912.0,18.38656014664346,1.4290640019761753,14.382019783351923,1.1178179378946762,1.6745005e7,2.5289404256165637,0.19655757773977597,1.5627076902234611,0.12145878771768878,5.293813e6,0.1389529578909308,0.010799881462672111,NaN,NaN,94870.0,0.1390153088070122,0.010804727581193007,0.13901530880701277,0.01080472758119305,770980.0,0.01920566319284614,0.01920566319284614,0.011057779112924345,1.0,0.1386677375175545,0.010777713196015847,0.13866773751755512,0.010777713196015894,770980.0,0.02464116808033924,0.02464116808033924,0.011030132038815744,1.0,0.0,0.0,0.0,0.0,0.0,0.0,0.0,0.0,1.0,0.0,0.0,0.0,0.0,0.0,0.0,0.0,0.0,1.0,17.45863346147631,1.356942484320382,13.821913507890583,1.0742846337225591,9.074867e6,2.411997908330756,2.411997908330756,1.3887226816042348,1.0,4.522001467564499,0.35146484511729437,2.884484949059957,0.22419166891835254,1.7457096e7,0.8035567624927281,0.8035567624927281,0.3596963083113741,1.0,16.02772133803622,1.2457272820590268,11.927067588652385,0.9270109691067722,8.614938e6,2.2539150503358623,2.2539150503358623,1.2749027697773156,1.0,0.6148020568121388,0.04778444041320744,0.3668986694207681,0.02851657279341039,1.6978324e7,0.24249319267404534,0.24249266230887542,0.04890357328801814,1.0,12.571720540567767,1.0,0,741209.1243357266,5855.917600150686,0.02156485227526611,10800.0,1
2.9376e6,0.00037996697334493777,2.9763249357431333e-5,7.482830518846725e-6,5.861387074545844e-7,0.0,0.0,0.0,0.3344020040284412,0.02619409298630784,0.17989354990080542,0.0,0.0,0.0,0.2777622672765627,0.021757437364254454,1.571019e6,-3.103100122960548e-5,-2.4306939607855553e-6,3.103100122960548e-5,2.4306939607855553e-6,7.760289182153939,0.607872363171276,0.0,0.0,0.0,0.0,0.0,0.0,0.0,0.0,0.0,0.0,0.13798675241404387,0.01080866077376944,0.13798675241404387,0.01080866077376944,775073.0,0.0017887624484713757,0.00014011581671529049,0.0017887624484713757,0.00014011581671529049,338.0,3.103551485260509e-5,2.4310475180583363e-6,1.8176162490538183e-5,1.4237596804919399e-6,39059.0,18.409362163878956,1.4420264786997201,14.406657106864802,1.1284899950748313,1.6863996e7,2.52939889780218,0.1981307203017234,1.563010855063818,0.12243243516168656,5.375994e6,0.1391009275323767,0.010895935390252178,NaN,NaN,96026.0,0.13905491928300964,0.010892331511245652,0.13905491928301017,0.010892331511245693,775392.0,0.01944328662325609,0.01944328662325609,0.011185320845555829,1.0,0.13870734799355194,0.010865105853008712,0.13870734799355253,0.010865105853008759,775392.0,0.02470687551373639,0.02470687551373639,0.011157362853063844,1.0,0.0,0.0,0.0,0.0,0.0,0.0,0.0,0.0,1.0,0.0,0.0,0.0,0.0,0.0,0.0,0.0,0.0,1.0,17.479538770476474,1.3691923445312018,13.844912024878356,1.0844878577225006,9.14693e6,2.444068028006953,2.444068028006953,1.4060218105782656,1.0,4.5250573016244955,0.35445293478875867,2.887008699129631,0.22614270670115186,1.7584939e7,0.8060137336700975,0.8060137336700975,0.3639872506788715,1.0,16.048328603374774,1.257084008610994,11.949878112081516,0.9360476751696909,8.678461e6,2.2809159164885657,2.2809159164885657,1.290897908461053,1.0,0.6169030519974662,0.04832272448398477,0.3684645127054049,0.028862248406678524,1.709892e7,0.2444489885382861,0.24444848376301465,0.04962254196236389,1.0,12.431911538617973,1.0,0,748017.5152309554,6808.390895228833,0.02535436977711639,10800.0,1
2.9592e6,0.0003288472944829201,2.5964483376351974e-5,7.482070735991135e-6,5.907547500148931e-7,0.0,0.0,0.0,0.3680611329088342,0.02906065315793271,0.17989354990080542,0.0,0.0,0.0,0.27777382934752326,0.021931924317090568,1.579659e6,-3.103266169993477e-5,-2.450216384169645e-6,3.103266169993477e-5,2.450216384169645e-6,7.76047004187833,0.6127360594888303,0.0,0.0,0.0,0.0,0.0,0.0,0.0,0.0,0.0,0.0,0.13799253344952414,0.010895345350019155,0.13799253344952414,0.010895345350019155,779393.0,0.0017887624484713757,0.00014123361705197166,0.0017887624484713757,0.00014123361705197166,338.0,3.103717532293437e-5,2.450572762012207e-6,1.8177135164883486e-5,1.4351947902154115e-6,39059.0,18.42133430794057,1.4544757899280436,14.413670661049748,1.1380464992406256,1.6982908e7,2.5296899234930716,0.19973432370529173,1.5631813794804286,0.1234226269234232,5.395708e6,0.1391009275323767,0.010982859768478716,NaN,NaN,96026.0,0.1390607003184899,0.010979683586573728,0.13906070031849047,0.010979683586573771,779712.0,0.019698204738957763,0.019698204738957763,0.01130831047509261,1.0,0.13871312902903218,0.010952240730516746,0.1387131290290328,0.010952240730516795,779712.0,0.024746381312696065,0.024746381312696065,0.01128004624195978,1.0,0.0,0.0,0.0,0.0,0.0,0.0,0.0,0.0,1.0,0.0,0.0,0.0,0.0,0.0,0.0,0.0,0.0,1.0,17.491300190918437,1.3810439698219015,13.851815899054769,1.0936846666438838,9.220369e6,2.4776749399518914,2.4776749399518914,1.4223792395618524,1.0,4.525691033193756,0.35733068682420815,2.887393629359519,0.2279771953373442,1.7714445e7,0.8073819457091337,0.8073819457091337,0.3680257556627082,1.0,16.06007808240316,1.2680403256750208,11.956761279313467,0.9440586396184198,8.74326e6,2.3088945455331715,2.3088945455331715,1.3059933453096322,1.0,0.6173096762051555,0.04874033356756858,0.36870774900717856,0.02911170741082764,1.7222262e7,0.24535295949376817,0.24535295949376817,0.0501991537639237,1.0,12.29721279980607,1.0,0,755614.3722118287,7596.856980873272,0.028600492439444684,10800.0,1
2.9808e6,0.0002837471080538634,2.25734308401855e-5,7.481434156590867e-6,5.951836396765915e-7,0.0,0.0,0.0,0.3970945261498688,0.03159075658793573,0.17989354990080542,0.0,0.0,0.0,0.2778004217764478,0.02210034368757199,1.588299e6,-3.103383809540885e-5,-2.468889296377403e-6,3.103383809540885e-5,2.468889296377403e-6,7.760753473101466,0.6174048186582041,0.0,0.0,0.0,0.0,0.0,0.0,0.0,0.0,0.0,0.0,0.13800582966398597,0.010979019567209267,0.13800582966398597,0.010979019567209267,783713.0,0.0017887624484713757,0.00014230455315310025,0.0017887624484713757,0.00014230455315310025,338.0,3.10383517184084e-5,2.4692483765362034e-6,1.8177824263440812e-5,1.4461323029869737e-6,39059.0,18.43351875082089,1.4664740145437138,14.420809604508733,1.1472439331613073,1.7103867e7,2.5303017555847527,0.20129752890256702,1.5635398300711425,0.12438702357906119,5.417232e6,0.1391009275323767,0.011066139806653823,NaN,NaN,96026.0,0.13907399653295213,0.011063997317670807,0.13907399653295272,0.011063997317670854,784032.0,0.019953776818983623,0.019953776818983623,0.011424919157822419,1.0,0.13872642524349443,0.011036346369901083,0.13872642524349507,0.011036346369901135,784032.0,0.024773129250452434,0.024773129250452434,0.011396366200528973,1.0,0.0,0.0,0.0,0.0,0.0,0.0,0.0,0.0,1.0,0.0,0.0,0.0,0.0,0.0,0.0,0.0,0.0,1.0,17.503603865245243,1.3924948663480743,13.859050417138887,1.1025533202704623,9.292007e6,2.511346576369138,2.511346576369138,1.437919842071932,1.0,4.5262538018053045,0.36008499914220565,2.8877489534041465,0.22973415211376289,1.7844045e7,0.80827766055143,0.80827766055143,0.3718314355132474,1.0,16.072375106204472,1.2786338172248586,11.963966216356644,0.9517903664694826,8.806029e6,2.3367987083409125,2.3367987083409125,1.3203444989018882,1.0,0.6177510768083444,0.04914503377470958,0.36898838383716664,0.029354779403774418,1.7347373e7,0.24596871936546758,0.24596871936546758,0.05074820806289852,1.0,12.172864823969531,1.0,0,763884.9387095373,8270.566497708554,0.03145492886458222,10800.0,1
3.0024e6,0.0002464119815838822,1.9737906068858675e-5,7.479802841606698e-6,5.991415066436527e-7,0.0,0.0,0.0,0.42308587031732914,0.033889704200694565,0.17989354990080542,0.0,0.0,0.0,0.2778359705068689,0.022255006648481374,1.596939e6,-3.103464069381203e-5,-2.4859133024207958e-6,3.103464069381203e-5,2.4859133024207958e-6,7.761134595737984,0.6216765299064736,0.0,0.0,0.0,0.0,0.0,0.0,0.0,0.0,0.0,0.0,0.13802360402919656,0.011055862276267744,0.13802360402919656,0.011055862276267744,788033.0,0.0017887624484713757,0.00014328209594552873,0.0017887624484713757,0.00014328209594552873,338.0,3.103915431681162e-5,2.4862748492344832e-6,1.81782943920276e-5,1.4561039803973977e-6,39059.0,18.44606246125434,1.4775525356367374,14.428157746683791,1.1557133728652578,1.7224803e7,2.5310233303698024,0.20273811537822034,1.5639625268795416,0.1252753427505508,5.457404e6,0.1391009275323767,0.011142157228221228,NaN,NaN,96026.0,0.1390917708981627,0.011141423770436984,0.13909177089816327,0.011141423770437031,788352.0,0.02019462485386829,0.02019462485386829,0.011532248252482596,1.0,0.138744199608705,0.011113582878044287,0.13874419960870563,0.011113582878044339,788352.0,0.02479169709489812,0.02479169709489812,0.01150343074322537,1.0,0.0,0.0,0.0,0.0,0.0,0.0,0.0,0.0,1.0,0.0,0.0,0.0,0.0,0.0,0.0,0.0,0.0,1.0,17.516382171947495,1.4030839886673148,13.86657000107195,1.110729496265348,9.363014e6,2.543189755046385,2.543189755046385,1.4523020764481986,1.0,4.526820139654201,0.3626039210138664,2.88811468825037,0.23134157708711667,1.797351e7,0.8088810488791781,0.8088810488791781,0.37532352422956866,1.0,16.085136747082597,1.2884394507845234,11.971442027466647,0.9589273895209791,8.868465e6,2.363096161775776,2.363096161775776,1.3336359796461343,1.0,0.6182563830661343,0.04952310491150999,0.36931418737203425,0.029582525546813305,1.7463803e7,0.24637592248763174,0.24637592175892087,0.05126030136190335,1.0,12.061114871353885,1.0,0,772747.2219671351,8862.283257597825,0.034017658892373924,10800.0,1
3.024e6,0.00021754686450394347,1.7530586249219614e-5,7.466067155695484e-6,6.016383390026424e-7,0.0,0.0,0.0,0.44809626410826014,0.036108956218767065,0.17744078775697336,0.0,0.0,0.0,0.27788218006525844,0.02239258899852764,1.606081e6,-3.1035181438116474e-5,-2.500909062521644e-6,3.1035181438116474e-5,2.500909062521644e-6,7.761571429886493,0.6254509698007507,0.0,0.0,0.0,0.0,0.0,0.0,0.0,0.0,0.0,0.0,0.13804585446306178,0.01112415370145707,0.13804585446306178,0.01112415370145707,792590.0,0.0017904711391294236,0.00014428159561305872,0.0017904711391294236,0.00014428159561305872,339.0,3.103969506111606e-5,2.5012727839545923e-6,1.8178611157337643e-5,1.464887630126964e-6,39617.0,18.45908607873928,1.4874891500872085,14.43578633892643,1.1632794527602517,1.7345505e7,2.5318059771683314,0.20402060563017044,1.5644209769772097,0.1260657878454058,5.54169e6,0.1391009275323767,0.011209174689845157,NaN,NaN,96026.0,0.13911561946645604,0.011210358610459837,0.13911561946645662,0.011210358610459886,792909.0,0.020413063005359715,0.020413063005359715,0.011630317225983237,1.0,0.13876656059880121,0.011182230388067706,0.1387665605988018,0.011182230388067753,792909.0,0.024804898161123103,0.024804898161123103,0.011601135273755746,1.0,0.0,0.0,0.0,0.0,0.0,0.0,0.0,0.0,1.0,0.0,0.0,0.0,0.0,0.0,0.0,0.0,0.0,1.0,17.52970471546201,1.4125967806453399,13.874416976864245,1.1180426067053084,9.435917e6,2.5722127263240884,2.5722127263240884,1.4655149975290631,1.0,4.527444366868399,0.36483520064933517,2.8885235724008704,0.2327659915225278,1.8103063e7,0.8092929302687586,0.8092929302687586,0.37850253200624095,1.0,16.098436952039936,1.2972608826556749,11.979232629527168,0.9653229031374302,8.932764e6,2.3871908861717452,2.3871907876814245,1.34585842562316,1.0,0.6188374998432102,0.04986780292140765,0.3696923877374538,0.029790934030188666,1.758109e7,0.24655245343843346,0.24655244677770047,0.05173593347831309,1.0,11.961463884721775,1.0,0,782150.8204592407,9403.598492105608,0.03639619583669818,11051.0,1
3.0456e6,0.00019833003295800832,1.605822963343818e-5,7.447838133390672e-6,6.030306819138546e-7,0.0,0.0,0.0,0.4780147792381999,0.038703523509268506,0.17744078775697336,0.0,0.0,0.0,0.27790725233523894,0.022501375148472783,1.619041e6,-3.103554314675264e-5,-2.5128613716035223e-6,3.103554314675264e-5,2.5128613716035223e-6,7.762036918800847,0.6284704812796532,0.0,0.0,0.0,0.0,0.0,0.0,0.0,0.0,0.0,0.0,0.13805839059805214,0.011178202846947621,0.13805839059805214,0.011178202846947621,799070.0,0.0017904711391294236,0.0001449694545771161,0.0017904711391294236,0.0001449694545771161,339.0,3.104005676975227e-5,2.5132268270694736e-6,1.817882302836064e-5,1.4718886005371478e-6,39617.0,18.472428378745363,1.495661006903269,14.443601878244454,1.1694581614067296,1.7464287e7,2.5326742992680575,0.2050635744762094,1.5649296204558931,0.12670798683712553,5.623693e6,0.1391009275323767,0.011262614154922693,NaN,NaN,96026.0,0.1391281556014464,0.011264818735737182,0.13912815560144687,0.01126481873573722,799389.0,0.02058993951629646,0.02058993951629646,0.011718360579932691,1.0,0.13877909673379152,0.011236556412735518,0.13877909673379207,0.011236556412735563,799389.0,0.024811251010100482,0.024811251010100482,0.011688960365022054,1.0,0.0,0.0,0.0,0.0,0.0,0.0,0.0,0.0,1.0,0.0,0.0,0.0,0.0,0.0,0.0,0.0,0.0,1.0,17.54346317025281,1.4204452848214468,13.88249856969488,1.124027191409973,9.508262e6,2.596302984254645,2.596302984254645,1.477634964404389,1.0,4.5279922186521935,0.36661890154040916,2.8888667834865225,0.23390348651563286,1.8232647e7,0.8095250232408112,0.8095250232408112,0.3813796372985498,1.0,16.112175229591227,1.3045578920755339,11.987283034018859,0.9705768751727508,8.996447e6,2.4080812993109,2.4080812986484297,1.3570817369870092,1.0,0.6193271422405113,0.050145191426579576,0.3700000305344712,0.029957870555891348,1.7696106e7,0.246204015368153,0.246204015368153,0.05216412693994,1.0,11.872663812692265,1.0,0,792155.0162082155,10004.195748974802,0.03901038704604396,12960.0,1
3.0672e6,0.00018405708835529742,1.496386681777211e-5,7.426665344670731e-6,6.037889228329624e-7,0.0,0.0,0.0,0.5067772799126525,0.04120106316278957,0.17744078775697336,0.0,0.0,0.0,0.2779527461810255,0.022597596825274197,1.632001e6,-3.103578444278532e-5,-2.523213580834398e-6,3.103578444278532e-5,2.523213580834398e-6,7.762536524234903,0.6310952963273884,0.0,0.0,0.0,0.0,0.0,0.0,0.0,0.0,0.0,0.0,0.13808113752094564,0.011226015636634062,0.13808113752094564,0.011226015636634062,805550.0,0.0017904711391294236,0.00014556555200568178,0.0017904711391294236,0.00014556555200568178,339.0,3.104029806578495e-5,2.523580539010449e-6,1.8178964385286412e-5,1.4779523265158671e-6,39617.0,18.486270526888777,1.502936358461132,14.451711300944126,1.1749261336720258,1.7583087e7,2.5335742357923188,0.20597993685606322,1.5654568276502683,0.1272718572658896,5.716573e6,0.1391009275323767,0.011308924706040243,NaN,NaN,96026.0,0.13915090252433976,0.011312987679819936,0.13915090252434015,0.011312987679819968,805869.0,0.020747047324318063,0.020747047324318063,0.011799124138725149,1.0,0.13880184365668485,0.011284609145454188,0.13880184365668533,0.011284609145454226,805869.0,0.024817493492325367,0.024817493492325367,0.011769526135144375,1.0,0.0,0.0,0.0,0.0,0.0,0.0,0.0,0.0,1.0,0.0,0.0,0.0,0.0,0.0,0.0,0.0,0.0,1.0,17.55772853885996,1.4274457660165152,13.890894116098659,1.12933161874117,9.581699e6,2.617812880082042,2.617812880082042,1.4887853033350558,1.0,4.528636008183918,0.36817873572909254,2.889282080817112,0.23489903400440473,1.8362244e7,0.8097111083063191,0.8097111083063191,0.3839999415764932,1.0,16.126411311985013,1.3110794769030258,11.995628285982676,0.975246243819973,9.061247e6,2.42693900233685,2.426939001820762,1.3674185760237525,1.0,0.6199117881371874,0.05039891437674614,0.37038097325566144,0.030112024509133858,1.7817013e7,0.24577812546153613,0.24577812520218842,0.05256463314717163,1.0,11.793324732269026,1.0,0,802793.0652832979,10638.04907508241,0.04176110496194223,12960.0,1
3.0888e6,0.00017313928803182598,1.4125998955487116e-5,7.40503683892409e-6,6.041583273275179e-7,0.0,0.0,0.0,0.53427056143542,0.0435897910784811,0.17744078775697336,0.0,0.0,0.0,0.27801738496293177,0.022682739049219917,1.644961e6,-3.103594500575085e-5,-2.5321446779497213e-6,3.103594500575085e-5,2.5321446779497213e-6,7.763070173192602,0.6333693663897607,0.0,0.0,0.0,0.0,0.0,0.0,0.0,0.0,0.0,0.0,0.13811345691189866,0.011268329506573747,0.13811345691189866,0.011268329506573747,812030.0,0.0017904711391294236,0.0001460800360720146,0.0017904711391294236,0.0001460800360720146,339.0,3.104045862875047e-5,2.5325129330956386e-6,1.817905842678931e-5,1.4831836451895381e-6,39617.0,18.500514582206538,1.509410444244089,14.460056554219268,1.1797596380530282,1.7701887e7,2.5344989548003576,0.20678339385115155,1.565998570493933,0.12776588388780563,5.809453e6,0.1391009275323767,0.01134889475038417,NaN,NaN,96026.0,0.1391832219152931,0.011355608942063793,0.13918322191529328,0.011355608942063809,812349.0,0.02088580347507427,0.02088580347507427,0.01187315739223316,1.0,0.13883416304763813,0.011327130107156079,0.1388341630476385,0.011327130107156108,812349.0,0.024824595485544096,0.024824595485544096,0.011843380592861866,1.0,0.0,0.0,0.0,0.0,0.0,0.0,0.0,0.0,1.0,0.0,0.0,0.0,0.0,0.0,0.0,0.0,0.0,1.0,17.57239706316404,1.4336876706691297,13.899543619931663,1.1340287977897352,9.655078e6,2.6369100139856,2.6369100139856,1.4990300786163766,1.0,4.529371832293226,0.3695400535563361,2.889768668283132,0.2357689560457436,1.8491783e7,0.8098858456165112,0.8098858456165112,0.3863823808123527,1.0,16.141045300109923,1.3169072810782907,12.004209146115913,0.9793932260384028,9.126047e6,2.4438484944584533,2.4438484942767924,1.3769272523379699,1.0,0.6205920131919518,0.050632541174142565,0.3708344256181711,0.030255447902604524,1.7937973e7,0.24532684332527757,0.2453268427025171,0.05294019313244007,1.0,11.722511318374332,1.0,0,814038.9485853049,11245.883302006987,0.04441392559350404,12960.0,1
3.1104e6,0.00016415427764306795,1.3433563359466134e-5,7.384167314178355e-6,6.04283244373332e-7,0.0,0.0,0.0,0.5603290835057335,0.04585452388753957,0.17744078775697336,0.0,0.0,0.0,0.278101414798831,0.022758425974012574,1.657921e6,-3.103605170435966e-5,-2.539834922271906e-6,3.103605170435966e-5,2.539834922271906e-6,7.763639748310416,0.6353373665093879,0.0,0.0,0.0,0.0,0.0,0.0,0.0,0.0,0.0,0.0,0.13815547182984808,0.011305951394813234,0.13815547182984808,0.011305951394813234,818510.0,0.0017904711391294236,0.00014652318438566333,0.0017904711391294236,0.00014652318438566333,339.0,3.104056532735927e-5,2.5402042945564214e-6,1.8179120916618156e-5,1.4876881440993554e-6,39617.0,18.515094630285194,1.515182548963266,14.468599203086212,1.1840376437828861,1.7820687e7,2.5354438962061825,0.20748802110485695,1.5665521865217347,0.12819877956094564,5.902333e6,0.1391009275323767,0.011383322750990155,NaN,NaN,96026.0,0.1392252368332427,0.011393495601148742,0.1392252368332429,0.01139349560114876,818829.0,0.021008263221103378,0.021008263221103378,0.011941046608081228,1.0,0.13887617796558768,0.011364930372863782,0.13887617796558807,0.011364930372863813,818829.0,0.02483306422266097,0.02483306422266097,0.011911108586049884,1.0,0.0,0.0,0.0,0.0,0.0,0.0,0.0,0.0,1.0,0.0,0.0,0.0,0.0,0.0,0.0,0.0,0.0,1.0,17.58739619324275,1.4392643583963103,13.908405288664024,1.1381941814556915,9.728472e6,2.6538338666575325,2.6538338666575325,1.5084328275185068,1.0,4.530201938765876,0.37072902180418826,2.8903283833077,0.2365299888879682,1.8621335e7,0.8100654650423377,0.8100654650423377,0.38854559507495096,1.0,16.15600656529192,1.322126605209212,12.012984453677957,0.9830824399572342,9.190847e6,2.45894188531465,2.4589418835745276,1.385665643562072,1.0,0.6213700482665053,0.0508498105130867,0.37136255561652964,0.03039045032414716,1.8058933e7,0.24489207702815557,0.24489207641077318,0.053293561397227955,1.0,11.659383084479426,1.0,0,825863.4860040753,11824.537418770371,0.046952080049137326,12960.0,1
3.132e6,0.00015597121121367085,1.2797192906028778e-5,7.36469312679545e-6,6.04261503798881e-7,0.0,0.0,0.0,0.5848027325000176,0.04798214568920084,0.17744078775697336,0.0,0.0,0.0,0.2782047332834431,0.0228262614074414,1.670881e6,-3.103612261155737e-5,-2.5464651138161383e-6,3.103612261155737e-5,2.5464651138161383e-6,7.764250110376682,0.6370445267430013,0.0,0.0,0.0,0.0,0.0,0.0,0.0,0.0,0.0,0.0,0.13820713107215443,0.01133967803132724,0.13820713107215443,0.01133967803132724,824990.0,0.0017904711391294236,0.0001469053447865256,0.0017904711391294236,0.0001469053447865256,339.0,3.104063623455698e-5,2.5468354494939965e-6,1.817916244616015e-5,1.4915717258542032e-6,39617.0,18.529940598921712,1.5203525223433738,14.477298108341945,1.187839571218888,1.7939487e7,2.5364065238696853,0.2081081715112387,1.5671161871042392,0.12857942178226445,5.995213e6,0.1391009275323767,0.011413012627059274,NaN,NaN,96026.0,0.13927689607554875,0.01142745056964395,0.13927689607554894,0.011427450569643966,825309.0,0.02111689244424375,0.02111689244424375,0.01200339942985282,1.0,0.13892783720789376,0.011398810837797401,0.13892783720789414,0.011398810837797434,825309.0,0.024842902412841768,0.024842902412841768,0.011973316242109159,1.0,0.0,0.0,0.0,0.0,0.0,0.0,0.0,0.0,1.0,0.0,0.0,0.0,0.0,0.0,0.0,0.0,0.0,1.0,17.602650547082742,1.444269830025443,13.917435179195566,1.1419036972234917,9.803158e6,2.66887968363916,2.66887968363916,1.5170617058132836,1.0,4.531131276532777,0.37177220448005305,2.890964435912281,0.23719909131279104,1.8750921e7,0.8102512382326427,0.8102512382326427,0.3905096976875425,1.0,16.171233355414806,1.3268242976849531,12.021964759761406,0.9863833264036481,9.264067e6,2.4724090761371507,2.4724090670338295,1.3936968636428466,1.0,0.62224811434703,0.051054480456670576,0.37196691157608236,0.030519300870067555,1.8179888e7,0.24449976182669808,0.24449976087475866,0.053627650180605904,1.0,11.60312100663441,1.0,0,838233.9939582834,12370.50795420818,0.049358159865457725,12960.0,1
3.1536e6,0.0001478115710998948,1.2155051231086315e-5,7.346924577521924e-6,6.041627456239772e-7,0.0,0.0,0.0,0.6075956393914398,0.04996466832489309,0.17744078775697336,0.0,0.0,0.0,0.27832664986331485,0.022887752717132323,1.683841e6,-3.103617002758016e-5,-2.552210452096405e-6,3.103617002758016e-5,2.552210452096405e-6,7.764909900368551,0.6385351088648041,0.0,0.0,0.0,0.0,0.0,0.0,0.0,0.0,0.0,0.0,0.13826808936209029,0.011370258074618519,0.13826808936209029,0.011370258074618519,831470.0,0.0017904711391294236,0.00014723656789488725,0.0017904711391294236,0.00014723656789488725,339.0,3.1040683650579765e-5,2.5525816227590923e-6,1.8179190211549643e-5,1.494937011471939e-6,39617.0,18.544999552187406,1.5250187651748133,14.48612193874913,1.1912433715102053,1.8058287e7,2.5373866389514714,0.20865798502801383,1.5676904417095834,0.1289165488985042,6.087422e6,0.1391009275323767,0.011438745206929656,NaN,NaN,96026.0,0.13933785436548451,0.011458228511064879,0.13933785436548482,0.011458228511064905,831789.0,0.021214316304716797,0.021214316304716797,0.012060844611812149,1.0,0.13898879549782955,0.01142952420606738,0.13898879549783003,0.011429524206067418,831789.0,0.024853777161752657,0.024853777161752657,0.012030630677613629,1.0,0.0,0.0,0.0,0.0,0.0,0.0,0.0,0.0,1.0,0.0,0.0,0.0,0.0,0.0,0.0,0.0,0.0,1.0,17.618100615290576,1.448796694194956,13.926600518125577,1.1452320106812672,9.878742e6,2.68237200036635,2.68237200036635,1.5249924354291442,1.0,4.532169870391001,0.372695835330497,2.8916851210233694,0.23779316144643903,1.8880505e7,0.8104361190731116,0.8104361190731116,0.3922968156072237,1.0,16.186659498046712,1.331084393426407,12.03107649253543,0.9893565844926634,9.339667e6,2.4844803606697674,2.4844803500654367,1.4010893585183117,1.0,0.6232402134498246,0.05125117517786251,0.3726557857787175,0.030644760312031227,1.8298688e7,0.24416794525051178,0.244167944125261,0.05394659910963121,1.0,11.552910169244683,1.0,0,851115.0818362029,12881.087877919432,0.05161873954515281,12960.0,1
3.1752e6,0.00013922500975565913,1.1471325039143405e-5,7.33085240410625e-6,6.040192842440827e-7,0.0,0.0,0.0,0.6286813774519322,0.05179966185288326,0.17744078775697336,0.0,0.0,0.0,0.2784689927162966,0.022944213359206832,1.696801e6,-3.103620176862076e-5,-2.5572011745096297e-6,3.103620176862076e-5,2.5572011745096297e-6,7.765617089420059,0.6398413468859054,0.0,0.0,0.0,0.0,0.0,0.0,0.0,0.0,0.0,0.0,0.13833926078858083,0.011398344514148128,0.13833926078858083,0.011398344514148128,837950.0,0.0017904711391294236,0.0001475243309101231,0.0017904711391294236,0.0001475243309101231,339.0,3.104071539162038e-5,2.5575730705980097e-6,1.81792088072128e-5,1.4978602878030678e-6,39617.0,18.560264208093297,1.5292570201077937,14.495066088575012,1.194308514380623,1.8177087e7,2.538386920444295,0.209148209008067,1.568276503807603,0.1292167948704143,6.178142e6,0.1391009275323767,0.011461101390983134,NaN,NaN,96026.0,0.13940902579197528,0.011486486882325906,0.1394090257919757,0.01148648688232594,838269.0,0.02130281987557715,0.02130281987557715,0.012113987329694176,1.0,0.1390599669243203,0.011457726476880842,0.1390599669243209,0.011457726476880892,838269.0,0.024865460447234363,0.024865460447234363,0.012083655759151537,1.0,0.0,0.0,0.0,0.0,0.0,0.0,0.0,0.0,1.0,0.0,0.0,0.0,0.0,0.0,0.0,0.0,0.0,1.0,17.63371626734575,1.452914898736658,13.93588258055538,1.1482350697582862,9.954342e6,2.6945736063089565,2.6945736063089565,1.5322868388507502,1.0,4.5333430314101175,0.3735209034533923,2.892504543712172,0.23832542627473435,1.9010105e7,0.8106118844585996,0.8106118844585996,0.3939261445353325,1.0,16.20225617424296,1.3349709744563645,12.040303809949203,0.9920504858743592,9.415267e6,2.495350887403525,2.4953508657686996,1.4078997029942408,1.0,0.6243649665434121,0.05144401488527998,0.37344361239095675,0.030769565533138112,1.8417488e7,0.24390734785791796,0.24390734785791796,0.054254373064037284,1.0,11.508103979129285,1.0,0,864470.0372716247,13354.955435421783,0.05372605035403057,12960.0,1
3.1968e6,0.0001300532189060374,1.073375511299236e-5,7.316204444247961e-6,6.038323966274271e-7,0.0,0.0,0.0,0.6482718150678781,0.05350418058180525,0.1747570294336389,0.0,0.0,0.0,0.2786169664336152,0.022995250045936437,1.710267e6,-3.103622305950782e-5,-2.5615299702320434e-6,3.103622305950782e-5,2.5615299702320434e-6,7.7663883696578075,0.6409876785327994,0.0,0.0,0.0,0.0,0.0,0.0,0.0,0.0,0.0,0.0,0.13841317654556423,0.01142373217632443,0.13841317654556423,0.01142373217632443,844681.0,0.0017906133424826984,0.0001477856932872406,0.0017906133424826984,0.0001477856932872406,341.0,3.104073668250744e-5,2.561902495605562e-6,1.8179221281060126e-5,1.5003958457712586e-6,39775.0,18.575688834898635,1.5331177243141059,14.504103562565197,1.1970752979711727,1.8295635e7,2.5394209193758126,0.20958744817445285,1.5688823071745714,0.1294854416366664,6.268862e6,0.1391009275323767,0.011480494713486217,NaN,NaN,96026.0,0.13948305356469912,0.011512032935206138,0.13948305356469953,0.011512032935206173,845002.0,0.02138294483712395,0.02138294483712395,0.012162793220029767,1.0,0.13913391286891505,0.01148321711073021,0.13913391286891566,0.01148321711073026,845002.0,0.02487616026120085,0.02487616026120085,0.012132348474385098,1.0,0.0,0.0,0.0,0.0,0.0,0.0,0.0,0.0,1.0,0.0,0.0,0.0,0.0,0.0,0.0,0.0,0.0,1.0,17.649453673653714,1.4566722392928624,13.94524717726813,1.1509508911047437,1.0029942e7,2.7056856346642606,2.7056856346642606,1.539016030930036,1.0,4.534634874231806,0.3742595583274683,2.8934050804905107,0.2388030210856345,1.9139705e7,0.8107606659758019,0.8107606659758019,0.3954159655533644,1.0,16.21798431095852,1.338527977119524,12.049613735427355,0.9944975151723996,9.490743e6,2.5051982806745907,2.5051982737537415,1.4141932269096646,1.0,0.6255938101275842,0.0516324841061016,0.37430308723494304,0.030892566214140695,1.8536202e7,0.24369566452415656,0.24369566452415656,0.05455120143883971,1.0,11.468011585940433,1.0,0,878262.5097028529,13792.472431228263,0.055680131254617876,13213.0,1
3.2184e6,0.00012065290056882192,9.97167418474746e-6,7.302688326509966e-6,6.035497557158073e-7,0.0,0.0,0.0,0.6676102340859089,0.05517639199159013,0.1747570294336389,0.0,0.0,0.0,0.2786897442399294,0.023033042016308576,1.727547e6,-3.103623738114118e-5,-2.56507092350164e-6,3.103623738114118e-5,2.56507092350164e-6,7.767340809103273,0.6419521740887627,0.0,0.0,0.0,0.0,0.0,0.0,0.0,0.0,0.0,0.0,0.13844956544872103,0.011442526049235083,0.13844956544872103,0.011442526049235083,853321.0,0.0017906133424826984,0.00014798991783802274,0.0017906133424826984,0.00014798991783802274,341.0,3.10407510041408e-5,2.5654439636667153e-6,1.8179229669643783e-5,1.5024699310231595e-6,39775.0,18.591080334952856,1.536508405256864,14.51312123466077,1.1994748213552215,1.8412275e7,2.540563940164172,0.20997154430103998,1.5695519522438737,0.1297197216977196,6.359582e6,0.1391009275323767,0.011496359570384522,NaN,NaN,96026.0,0.13951944246785628,0.01153094883063751,0.13951944246785664,0.011530948830637539,853642.0,0.02144725115692074,0.02144725115692074,0.012204340294738774,1.0,0.13917030177207224,0.011502093185670992,0.1391703017720728,0.011502093185671037,853642.0,0.024877547262672734,0.024877547262672734,0.012173799520014334,1.0,0.0,0.0,0.0,0.0,0.0,0.0,0.0,0.0,1.0,0.0,0.0,0.0,0.0,0.0,0.0,0.0,0.0,1.0,17.665204355345672,1.4599869659827176,13.954531403299809,1.153308705373059,1.0105537e7,2.715536041757881,2.715536041757881,1.5452481855954243,1.0,4.535913360280422,0.3748824101676632,2.894210079156611,0.23919955339241686,1.9269305e7,0.8108224065258826,0.8108224065258826,0.39677502444914187,1.0,16.233708924094245,1.341677286148278,12.05883282059609,0.9966337433117338,9.565341e6,2.5140391253647505,2.514039117147526,1.4200293840840774,1.0,0.6267296531967262,0.05179770957957787,0.37501219416212234,0.030993862541737072,1.8654285e7,0.2433867287405213,0.2433867287405213,0.0548226241814195,1.0,11.431952821571384,1.0,0,892476.804657291,14214.294954438112,0.05756402437314827,15120.0,1
3.24e6,0.00011078598638588789,9.167345235060463e-6,7.290227081099059e-6,6.032534499592214e-7,0.0,0.0,0.0,0.6855548960778953,0.05672846011445201,0.1747570294336389,0.0,0.0,0.0,0.27878056817025776,0.023068600972158765,1.744827e6,-3.1036246911359847e-5,-2.568194764687832e-6,3.1036246911359847e-5,2.568194764687832e-6,7.768338617329012,0.6428163374368692,0.0,0.0,0.0,0.0,0.0,0.0,0.0,0.0,0.0,0.0,0.13849497741388472,0.011460215436026577,0.13849497741388472,0.011460215436026577,861961.0,0.0017906133424826984,0.00014817010010514692,0.0017906133424826984,0.00014817010010514692,341.0,3.104076053435946e-5,2.568568259040757e-6,1.8179235260870037e-5,1.5042996969426173e-6,39775.0,18.606635984481525,1.5396663539980828,14.522234758450837,1.201689346805979,1.8528915e7,2.541733011367731,0.210323929683637,1.5702368432687956,0.12993433296623358,6.450302e6,0.1391009275323767,0.011510356741011604,NaN,NaN,96026.0,0.13956485443302039,0.011548745874879295,0.1395648544330208,0.01154874587487933,862282.0,0.021508220351179753,0.021508220351179753,0.012243288794953533,1.0,0.13921571373723635,0.011519855097279385,0.13921571373723696,0.011519855097279435,862282.0,0.024878437612676274,0.024878437612676274,0.012212660522628666,1.0,0.0,0.0,0.0,0.0,0.0,0.0,0.0,0.0,1.0,0.0,0.0,0.0,0.0,0.0,0.0,0.0,0.0,1.0,17.681091459660685,1.4630791748227443,13.963905310114852,1.1554885683973408,1.0181137e7,2.724817882758956,2.724817882758956,1.5510689265577409,1.0,4.537321045844318,0.3754553245089754,2.8951008460874363,0.23956449558479478,1.9398905e7,0.8108384860977678,0.8108384860977678,0.398035251391695,1.0,16.24955963354277,1.3446224377108098,12.068128147172821,0.9986163473846761,9.639951e6,2.5223182937243847,2.522318275645537,1.4254881874989673,1.0,0.6279943119797167,0.05196542316750696,0.3757991578957303,0.031096718383454302,1.8772382e7,0.24312973159153478,0.24312973159153478,0.05509062976055886,1.0,11.399294484546223,1.0,0,907093.4264771007,14616.621819809661,0.059362924217652165,15120.0,1
3.2616e6,0.00010063671163003003,8.336497273982445e-6,7.2787908686042335e-6,6.029571043326966e-7,0.0,0.0,0.0,0.7022771003069131,0.05817490493739348,0.1747570294336389,0.0,0.0,0.0,0.2788835513096894,0.023102026363886224,1.762107e6,-3.1036253325758014e-5,-2.570966768031837e-6,3.1036253325758014e-5,2.570966768031837e-6,7.7693772963602585,0.6435960754536537,0.0,0.0,0.0,0.0,0.0,0.0,0.0,0.0,0.0,0.0,0.1385464689836006,0.01147684818287554,0.1385464689836006,0.01147684818287554,870601.0,0.0017906133424826984,0.0001483299981346892,0.0017906133424826984,0.0001483299981346892,341.0,3.1040766956358456e-5,2.571340666071498e-6,1.8179239024608855e-5,1.505923376440135e-6,39775.0,18.622343705971865,1.5426290766606627,14.531436948803123,1.2037484388012976,1.8645555e7,2.5429278379565035,0.2106498776211269,1.5709368007911795,0.13013253459174523,6.541022e6,0.1391009275323767,0.011522778163153523,NaN,NaN,96026.0,0.13961634600273612,0.011565474159510276,0.13961634600273662,0.011565474159510317,870922.0,0.021566578118158278,0.021566578118158278,0.012279853467635068,1.0,0.139267205306952,0.011536552204375843,0.13926720530695277,0.011536552204375907,870922.0,0.024878063928878844,0.024878063928878844,0.012249145053423074,1.0,0.0,0.0,0.0,0.0,0.0,0.0,0.0,0.0,1.0,0.0,0.0,0.0,0.0,0.0,0.0,0.0,0.0,1.0,17.697103634726226,1.4659844684775696,13.973357137703758,1.157518482073397,1.0256737e7,2.7336768145757535,2.7336768145757535,1.556535790098182,1.0,4.5388448483992985,0.3759867258462679,2.8960647240216444,0.23990286731386873,1.9528505e7,0.8107987235965844,0.8107987235965844,0.3992107747153145,1.0,16.265530631143935,1.3473964875254036,12.077498105167882,1.0004701902463202,9.714564e6,2.5301841922862978,2.5301841515722643,1.430622834949877,1.0,0.6293847035849811,0.05213667836257856,0.37666231733573613,0.03120177846455274,1.8890485e7,0.24291308755327407,0.2429130867390437,0.05535707068743252,1.0,11.369544951876719,1.0,0,922084.151513071,14990.725035970332,0.061041585296431014,15120.0,1
3.2832e6,9.039665077405042e-5,7.495437712634638e-6,7.268319190782777e-6,6.026687195107709e-7,0.0,0.0,0.0,0.7179304939681082,0.05952879065165233,0.1747570294336389,0.0,0.0,0.0,0.27900021643608697,0.023133918416240573,1.779387e6,-3.103625761454094e-5,-2.573439765645098e-6,3.103625761454094e-5,2.573439765645098e-6,7.770450747170722,0.6443040652036287,0.0,0.0,0.0,0.0,0.0,0.0,0.0,0.0,0.0,0.0,0.13860480154679933,0.011492722880440509,0.13860480154679933,0.011492722880440509,879241.0,0.0017906133424826984,0.00014847265535908975,0.0017906133424826984,0.00014847265535908975,341.0,3.104077134853189e-5,2.57381403185619e-6,1.817924161162033e-5,1.5073719213715777e-6,39775.0,18.638198060814606,1.5454273078078107,14.5407247681,1.205676270775555,1.8762195e7,2.5441464455682796,0.21095351488455816,1.5716506754395643,0.13031688279273151,6.631742e6,0.1391009275323767,0.011533860260981407,NaN,NaN,96026.0,0.13967467856593477,0.011581434093615355,0.1396746785659354,0.011581434093615409,879562.0,0.021623353826986765,0.021623353826986765,0.012314501473830472,1.0,0.13932553787015073,0.011552484322625097,0.13932553787015153,0.011552484322625163,879562.0,0.024876435026814005,0.024876435026814005,0.01228371927581899,1.0,0.0,0.0,0.0,0.0,0.0,0.0,0.0,0.0,1.0,0.0,0.0,0.0,0.0,0.0,0.0,0.0,0.0,1.0,17.71324025825212,1.468732391164807,13.982890464045884,1.1594222088805008,1.0332336e7,2.742226905113685,2.742226905113685,1.561698408803488,1.0,4.540475556437638,0.37648354698543773,2.8971000979311152,0.24021944558087518,1.9658105e7,0.8106973559709242,0.8106973559709242,0.4003137397967802,1.0,16.281619755349492,1.3500264190325109,12.086940737444822,1.002215354861697,9.78918e6,2.537754176512392,2.537754167834053,1.4354787319517666,1.0,0.6308857063924497,0.052311280070274094,0.3775980512810169,0.031309375397805636,1.9008601e7,0.24272366975473972,0.24272366882284824,0.05562241517900432,1.0,11.342292569679513,1.0,0,937424.2674524608,15340.115939389798,0.06261437433275403,15120.0,1
3.3048e6,8.023817185768263e-5,6.658844508876699e-6,7.258719052065884e-6,6.023901141100045e-7,0.0,0.0,0.0,0.732650475334558,0.06080155469220488,0.1747570294336389,0.0,0.0,0.0,0.2791300707655604,0.02316458234213435,1.796667e6,-3.103626044460371e-5,-2.575652306787056e-6,3.103626044460371e-5,2.575652306787056e-6,7.784711986240232,0.6460414720652574,0.0,0.0,0.0,0.0,0.0,0.0,0.0,0.0,0.0,0.0,0.13866972871153657,0.01150799102472105,0.13866972871153657,0.01150799102472105,887881.0,0.0017906133424826984,0.0001486002926918708,0.0017906133424826984,0.0001486002926918708,341.0,3.1040774507864616e-5,2.5760269220688066e-6,1.81792434674096e-5,1.5086679162282346e-6,39775.0,18.654193054930595,1.5480832640562847,14.550094903660455,1.207490366614049,1.8878835e7,2.5453856867525615,0.2112377078240072,1.5723766336488414,0.13048915834510152,6.722462e6,0.1391009275323767,0.011543775562602575,NaN,NaN,96026.0,0.13973960573067157,0.011596778500171967,0.13973960573067212,0.011596778500172013,888202.0,0.021679135754697678,0.021679135754697678,0.012347527360281628,1.0,0.1393904650348875,0.011567803841962272,0.13939046503488828,0.011567803841962336,888202.0,0.0248734744660859,0.0248734744660859,0.012316676949109791,1.0,0.0,0.0,0.0,0.0,0.0,0.0,0.0,0.0,1.0,0.0,0.0,0.0,0.0,0.0,0.0,0.0,0.0,1.0,17.729498968101666,1.4713443005440943,13.992503768836887,1.161216721784456,1.0407936e7,2.7505460100771195,2.7505460100771195,1.56659575821796,1.0,4.542204108961277,0.37695064816282964,2.898201339682608,0.24051734516826262,1.9787705e7,0.8105317526254134,0.8105317526254134,0.4013535691483124,1.0,16.297824007249087,1.3525317611896517,12.096454415776995,1.003866454064302,9.863803e6,2.5451105187172396,2.5451104799259197,1.4400915673858452,1.0,0.6324891197893046,0.05248931530622867,0.3785978699099374,0.031419264531521336,1.9126724e7,0.24255367356844484,0.24255367356844484,0.05588735327285047,1.0,11.317213694150043,1.0,0,953092.1838988947,15667.916446433868,0.06409408903577245,15120.0,1
3.3264e6,7.030163840691951e-5,5.838687473405957e-6,7.24986883850755e-6,6.021156736947952e-7,0.0,0.0,0.0,0.7465543580074455,0.06200278794477811,0.1747570294336389,0.0,0.0,0.0,0.27927185455956577,0.02319406938219089,1.813947e6,-3.103626237952068e-5,-2.577621809149928e-6,3.103626237952068e-5,2.577621809149928e-6,7.799217081482687,0.6477401111542898,0.0,0.0,0.0,0.0,0.0,0.0,0.0,0.0,0.0,0.0,0.13874062060853903,0.011522677734917683,0.13874062060853903,0.011522677734917683,896521.0,0.0017906133424826984,0.00014871391235511054,0.0017906133424826984,0.00014871391235511054,341.0,3.104077711727026e-5,2.5779967668798123e-6,1.817924498539286e-5,1.509821568564526e-6,39775.0,18.670316952053867,1.5506060482047934,14.55954068673887,1.2091981033807535,1.8995475e7,2.546641785399277,0.21150354143381442,1.5731124746942327,0.13065004327625782,6.813182e6,0.1391009275323767,0.011552601924032816,NaN,NaN,96026.0,0.1398104976276742,0.011611533097200312,0.1398104976276748,0.011611533097200364,896842.0,0.021734074630597622,0.021734074630597622,0.012379069946016766,1.0,0.13946135693189016,0.01158253628499046,0.13946135693189096,0.011582536284990525,896842.0,0.02486910402911622,0.02486910402911622,0.01234815640828213,1.0,0.0,0.0,0.0,0.0,0.0,0.0,0.0,0.0,1.0,0.0,0.0,0.0,0.0,0.0,0.0,0.0,0.0,1.0,17.745868980608925,1.4738288505035253,14.002192164610555,1.1629092272149368,1.0483536e7,2.7586629570297583,2.7586629570297583,1.571250779385854,1.0,4.544020295221888,0.37738970211543643,2.8993636630388253,0.2407977777452054,1.9917305e7,0.8103012613557032,0.8103012613557032,0.40233563305433223,1.0,16.314133668263164,1.3549204548692726,12.106033472319394,1.005429568772431,9.938434e6,2.5522884137530144,2.552288384449751,1.4444823901987307,1.0,0.6341851241631884,0.05267030504807633,0.3796568307057261,0.031531236424446524,1.9244854e7,0.24239649700053834,0.24239649700053834,0.056151878034553813,1.0,11.29410353422078,1.0,0,969069.0387768573,15976.854877962614,0.06549162623415923,15120.0,1
3.348e6,6.069116131628762e-5,5.0438874449602955e-6,7.241628315362305e-6,6.018332381312083e-7,0.0,0.0,0.0,0.7597421004463849,0.06314022600224789,0.1747570294336389,0.0,0.0,0.0,0.27942478478319444,0.023222280365237487,1.831227e6,-3.103626352132799e-5,-2.5793446116130597e-6,3.103626352132799e-5,2.5793446116130597e-6,7.814715548720772,0.6494610547442355,0.0,0.0,0.0,0.0,0.0,0.0,0.0,0.0,0.0,0.0,0.1388170857203538,0.011536733531295335,0.1388170857203538,0.011536733531295335,905161.0,0.0017906133424826984,0.00014881330264647708,0.0017906133424826984,0.00014881330264647708,341.0,3.104077933342975e-5,2.5797199092259225e-6,1.81792462830134e-5,1.5108307387277588e-6,39775.0,18.686550073132544,1.5529914613481057,14.569050766822649,1.2107966078422185,1.9112115e7,2.54791106500677,0.21175038264120596,1.5738560550515863,0.13079915796765335,6.903902e6,0.1391009275323767,0.011560322899515793,NaN,NaN,96026.0,0.1398869627394887,0.011625648278474803,0.13988696273948917,0.011625648278474841,905482.0,0.021787989344612985,0.021787989344612985,0.012409165812367026,1.0,0.13953782204370457,0.01159663208676259,0.1395378220437053,0.01159663208676265,905482.0,0.02486333621892027,0.02486333621892027,0.012378194057022686,1.0,0.0,0.0,0.0,0.0,0.0,0.0,0.0,0.0,1.0,0.0,0.0,0.0,0.0,0.0,0.0,0.0,0.0,1.0,17.762331825581683,1.4761820427421388,14.011943329724799,1.1644968312927502,1.0559136e7,2.766558719785586,2.766558719785586,1.575670216304624,1.0,4.545917076049606,0.37779956040425555,2.900581228588112,0.24105989940971512,2.0046905e7,0.8100073731246233,0.8100073731246233,0.4032615882226598,1.0,16.330529901218654,1.3571886408474456,12.115667402282886,1.006902181014772,1.0013075e7,2.5592762881400914,2.5592762420696338,1.4486571827671428,1.0,0.6359634664409549,0.05285329979299813,0.38076911576906547,0.031644748935473165,1.9362792e7,0.24224691340134788,0.24224691340134788,0.05641537961168237,1.0,11.272874007379027,1.0,0,985338.3147353632,16269.275958505925,0.06681589981473791,15120.0,1
3.3696e6,5.147513673852522e-5,4.280388466201019e-6,7.233852646301669e-6,6.015272886153096e-7,0.0,0.0,0.0,0.7722975922243315,0.06422000825415498,0.1747570294336389,0.0,0.0,0.0,0.2795874101179057,0.023248946994404524,1.8485070000000002e6,-3.1036264284809795e-5,-2.5808045611123245e-6,3.1036264284809795e-5,2.5808045611123245e-6,7.8303670946867365,0.651130140138747,0.0,0.0,0.0,0.0,0.0,0.0,0.0,0.0,0.0,0.0,0.1388983983877096,0.01155002473237879,0.1388983983877096,0.01155002473237879,913801.0,0.0017906133424826984,0.00014889752964662427,0.0017906133424826984,0.00014889752964662427,341.0,3.1040781439473745e-5,2.581180182780351e-6,1.8179247517791016e-5,1.5116859581089396e-6,39775.0,18.70286443553252,1.5552270530416903,14.578608693667926,1.2122766923886745,1.9228755e7,2.5491908707022706,0.21197665304951943,1.5746058164531804,0.13093553514574566,6.994622e6,0.1391009275323767,0.011566865939023976,NaN,NaN,96026.0,0.13996827540684434,0.011638989804510993,0.13996827540684478,0.01163898980451103,914122.0,0.02184041833440015,0.02184041833440015,0.012437741677717029,1.0,0.13961913471106024,0.011609957189893437,0.13961913471106094,0.011609957189893494,914122.0,0.024856157965337595,0.024856157965337595,0.012406716634572655,1.0,0.0,0.0,0.0,0.0,0.0,0.0,0.0,0.0,1.0,0.0,0.0,0.0,0.0,0.0,0.0,0.0,0.0,1.0,17.778860102580193,1.4783919489490225,14.021740356037071,1.165970592772164,1.0634736e7,2.774183942900395,2.774183942900395,1.5798499241160835,1.0,4.547887479812988,0.3781772394905009,2.9018492272452883,0.24130177693455,2.0176505e7,0.8096527015494943,0.8096527015494943,0.4041305037789403,1.0,16.346985209038,1.3593251301371796,12.125339090522026,1.0082763229068368,1.008773e7,2.5660325660801875,2.566032554542627,1.4526118768591583,1.0,0.637819548156089,0.05303755580704626,0.3819305196156317,0.03175923551902642,1.948084e7,0.24210305879000651,0.24210305752025632,0.0566773774550323,1.0,11.253512014774035,1.0,0,1.0018854769825467e6,16547.1622471835,0.06807406658941376,15120.0,1
3.3912e6,4.268942550555311e-5,3.551444253203102e-6,7.2264170296344605e-6,6.011844134048112e-7,0.0,0.0,0.0,0.7842903195938934,0.06524714997633857,0.1747570294336389,0.0,0.0,0.0,0.279763577839258,0.02327425911701545,1.865787e6,-3.103626474982833e-5,-2.581987524576309e-6,3.103626474982833e-5,2.581987524576309e-6,7.846044393854051,0.6527328241815924,0.0,0.0,0.0,0.0,0.0,0.0,0.0,0.0,0.0,0.0,0.138986482248385,0.011562646669717614,0.138986482248385,0.011562646669717614,922441.0,0.0017906133424826984,0.00014896577757978385,0.0017906133424826984,0.00014896577757978385,341.0,3.104078347799644e-5,2.582363449316321e-6,1.8179248717255148e-5,1.5123789467732998e-6,39775.0,18.71922921254403,1.557301327529771,14.588196214322418,1.2136299562807462,1.9345395e7,2.5504804238246512,0.21218109489247644,1.5753612919304585,0.1310584000765543,7.085342e6,0.1391009275323767,0.011572167670324325,NaN,NaN,96026.0,0.1400563592675204,0.01165165251943907,0.1400563592675209,0.011651652519439112,922762.0,0.021891323806871348,0.021891323806871348,0.012464955329255354,1.0,0.1397072185717363,0.011622606597576276,0.13970721857173707,0.01162260659757634,922762.0,0.024848048553398686,0.024848048553398686,0.012433881958511356,1.0,0.0,0.0,0.0,0.0,0.0,0.0,0.0,0.0,1.0,0.0,0.0,0.0,0.0,0.0,0.0,0.0,0.0,1.0,17.795423216189818,1.4804475058169453,14.031569941924525,1.1673227700659257,1.0710336e7,2.7814900654515933,2.7814900654515933,1.5837849606764725,1.0,4.5499308718044045,0.3785205740245711,2.903172016603837,0.2415224251047032,2.0306105e7,0.8092416724992021,0.8092416724992021,0.40494187743315213,1.0,16.363467996033968,1.3613194295488507,12.135030069178683,1.009544689141468,1.0162404e7,2.57251464488506,2.572514591871266,1.456341566130974,1.0,0.6397513903769514,0.05322258081307202,0.38314213864553626,0.0318745902606638,1.95989e7,0.2419649343386503,0.24196493300300606,0.05693759672594183,1.0,11.236009722297759,1.0,0,1.0186976441977684e6,16812.167215221678,0.06927201862723299,15120.0,1
3.4128e6,3.434208423744269e-5,2.858011770669016e-6,7.2192485079675794e-6,6.007992138304913e-7,0.0,0.0,0.0,0.7957762347443962,0.06622597015350849,0.1747570294336389,0.0,0.0,0.0,0.2799491872422035,0.023297889166991978,1.883067e6,-3.103626494407313e-5,-2.5828953745053308e-6,3.103626494407313e-5,2.5828953745053308e-6,7.861735475536033,0.6542681676399418,0.0,0.0,0.0,0.0,0.0,0.0,0.0,0.0,0.0,0.0,0.13907928694985777,0.011574435506321692,0.13907928694985777,0.011574435506321692,931081.0,0.0017906133424826984,0.00014901815434815402,0.0017906133424826984,0.00014901815434815402,341.0,3.104078551291735e-5,2.5832715846059633e-6,1.8179249907235466e-5,1.5129108023142384e-6,39777.0,18.735633496305077,1.5592140737049218,14.597806492795096,1.2148564569901519,1.9462035e7,2.551780361005262,0.21236388151315508,1.5761228286088742,0.13116785705373785,7.176062e6,0.1391009275323767,0.011576236475626165,NaN,NaN,96026.0,0.1401491639689932,0.01166347265073949,0.14014916396899368,0.01166347265073953,931402.0,0.0219402907535815,0.0219402907535815,0.012490680055277308,1.0,0.1398000232732091,0.011634416516252386,0.13980002327320984,0.011634416516252449,931402.0,0.024838788492123665,0.024838788492123665,0.012459563175220276,1.0,0.0,0.0,0.0,0.0,0.0,0.0,0.0,0.0,1.0,0.0,0.0,0.0,0.0,0.0,0.0,0.0,0.0,1.0,17.81200857736695,1.4823482995790078,14.041420178281024,1.1685529587829393,1.0785936e7,2.7884622071607916,2.7884622071607916,1.587480752514288,1.0,4.552049506480471,0.37882997957371667,2.9045469320976625,0.24172176804997134,2.0435705e7,0.808779514121957,0.808779514121957,0.4056977035825195,1.0,16.379963535867056,1.3631708624602503,12.144733751893645,1.0107072061954154,1.0237098e7,2.5787098296443705,2.578709779558511,1.4598509049179165,1.0,0.6417651974857917,0.05340888676815794,0.3844063851598779,0.031991010385718784,1.9716897e7,0.24183616599733038,0.24183616599733038,0.05719680036179431,1.0,11.220298922778047,1.0,0,1.0357632899762362e6,17065.645778467762,0.07041489704375592,15120.0,1
3.4344e6,2.641824586670178e-5,2.1991371289368267e-6,7.212340737481724e-6,6.003777231224569e-7,0.0,0.0,0.0,0.8067972842716299,0.0671603206480662,0.1747570294336389,0.0,0.0,0.0,0.2801488064405702,0.023320459843525196,1.900347e6,-3.10362650208277e-5,-2.5835554372235317e-6,3.10362650208277e-5,2.5835554372235317e-6,7.877463223745031,0.655744591998336,0.0,0.0,0.0,0.0,0.0,0.0,0.0,0.0,0.0,0.0,0.13917909654904106,0.011585701803868167,0.13917909654904106,0.011585701803868167,939721.0,0.0017906133424826984,0.00014905623578841332,0.0017906133424826984,0.00014905623578841332,341.0,3.104078751813422e-5,2.583931903995492e-6,1.8179251087770814e-5,1.5132975234276286e-6,39783.0,18.752100955593964,1.5609833319401571,14.607453387162183,1.215969949897847,1.9578675e7,2.553090361995377,0.21252719945617488,1.5768902380829783,0.13126525842494371,7.265256e6,0.1391009275323767,0.01157919477127613,NaN,NaN,96026.0,0.14024897356817648,0.011674761701639141,0.14024897356817703,0.011674761701639188,940042.0,0.021987985776300737,0.021987985776300737,0.012515292777586262,1.0,0.13989983287239238,0.011645698141885942,0.1398998328723932,0.011645698141886008,940042.0,0.02482892993198614,0.02482892993198614,0.01248413677040034,1.0,0.0,0.0,0.0,0.0,0.0,0.0,0.0,0.0,1.0,0.0,0.0,0.0,0.0,0.0,0.0,0.0,0.0,1.0,17.8286386188735,1.484111448693116,14.051308668960415,1.169674730108059,1.0861536e7,2.7951423984720543,2.7951423984720543,1.5909608923627305,1.0,4.554245227523596,0.3791095678594679,2.905979462873326,0.24190278813278668,2.0565305e7,0.8082714133790799,0.8082714133790799,0.40640377575152514,1.0,16.396493999514558,1.3648952667281717,12.154463305255641,1.0117754097586857,1.0311688e7,2.5846580876161718,2.5846580732621893,1.4631616739077795,1.0,0.6438606433831037,0.05359696680352347,0.38572371164321834,0.03210884401886391,1.9834804e7,0.24171809653483917,0.24171809653483917,0.057455710761316,1.0,11.206207961778528,1.0,0,1.0530719455885387e6,17308.65561230248,0.07150738692792646,15120.0,1
3.456e6,1.888189945106743e-5,1.5720658192730527e-6,7.2057202426367645e-6,5.999325717229576e-7,0.0,0.0,0.0,0.817382689910809,0.06805350231867721,0.1747570294336389,0.0,0.0,0.0,0.2803574681497417,0.02334195211654019,1.9176270000000002e6,-3.103626494663355e-5,-2.584011815492786e-6,3.103626494663355e-5,2.584011815492786e-6,7.893254628599015,0.6571751870936817,0.0,0.0,0.0,0.0,0.0,0.0,0.0,0.0,0.0,0.0,0.1392834274036269,0.011596434775001573,0.1392834274036269,0.011596434775001573,948361.0,0.0017906133424826984,0.00014908256653660906,0.0017906133424826984,0.00014908256653660906,341.0,3.104078947640789e-5,2.5843885179863546e-6,1.8179252230787268e-5,1.5135649422361707e-6,39802.0,18.768657723428994,1.5626375596958229,14.617152627232212,1.216992288298093,1.9695315e7,2.5544080357446997,0.21267444898101315,1.577662144044751,0.13135271361026035,7.353816e6,0.1391009275323767,0.01158124023324704,NaN,NaN,96026.0,0.1403533044227623,0.011685510405182066,0.14035330442276278,0.011685510405182105,948682.0,0.022034603402941715,0.022034603402941715,0.012538821095691162,1.0,0.14000416372697824,0.011656441711358028,0.14000416372697894,0.011656441711358085,948682.0,0.02481817506851598,0.02481817506851598,0.012507629719473364,1.0,0.0,0.0,0.0,0.0,0.0,0.0,0.0,0.0,1.0,0.0,0.0,0.0,0.0,0.0,0.0,0.0,0.0,1.0,17.845333589550027,1.485763603516644,14.061243859012054,1.1707085351503825,1.0937136e7,2.801607342670858,2.801607342670858,1.5942584764395968,1.0,4.556512563941885,0.3793653109648516,2.907462617072815,0.2420690043901254,2.0694905e7,0.8077211670242019,0.8077211670242019,0.4070676931655521,1.0,16.41308290317056,1.366517531132743,12.164233478433422,1.0127675829785796,1.0384782e7,2.590431843151637,2.590431799507522,1.466304701538801,1.0,0.6460317873751928,0.053787199414357806,0.3870916721531789,0.03222840945076961,1.9952174e7,0.24160997377355492,0.24160997377355492,0.057714900531500496,1.0,11.1935008364537,1.0,0,1.07061390550772e6,17541.95991918142,0.07255350992527138,15120.0,1
3.4776e6,1.1664027984777954e-5,9.712283903355455e-7,7.199392530542278e-6,5.994716771905479e-7,0.0,0.0,0.0,0.8275532200856562,0.06890785780947267,0.1747570294336389,0.0,0.0,0.0,0.28057447319250217,0.02336258917790869,1.934907e6,-3.103626495748812e-5,-2.5842960678786914e-6,3.103626495748812e-5,2.5842960678786914e-6,7.909099597646568,0.6585668416820092,0.0,0.0,0.0,0.0,0.0,0.0,0.0,0.0,0.0,0.0,0.13939192992500718,0.011606745105850936,0.13939192992500718,0.011606745105850936,957001.0,0.0017906133424826984,0.00014909896620639228,0.0017906133424826984,0.00014909896620639228,341.0,3.104079144424895e-5,2.5846729747633745e-6,1.817925337214171e-5,1.5137315353812014e-6,39890.0,18.78529209327777,1.5641945497342309,14.626897664836536,1.2179376021012158,1.9811955e7,2.5557307194435785,0.21280797988616498,1.578437004961115,0.13143168325514157,7.442376e6,0.1391009275323767,0.01158251421530891,NaN,NaN,96026.0,0.14046180694414265,0.011695830534701758,0.14046180694414304,0.01169583053470179,957322.0,0.02208047136922929,0.02208047136922929,0.012561410417647436,1.0,0.14011266624835858,0.011666758643206853,0.14011266624835916,0.011666758643206902,957322.0,0.024806609869756635,0.024806609869756635,0.012530186986391204,1.0,0.0,0.0,0.0,0.0,0.0,0.0,0.0,0.0,1.0,0.0,0.0,0.0,0.0,0.0,0.0,0.0,0.0,1.0,17.86208803524036,1.4873221354697013,14.0712198264631,1.171667986389312,1.1012736e7,2.8079043836707864,2.8079043836707864,1.597395218018448,1.0,4.558850777962365,0.37960173866512087,2.9089928646184764,0.24222305202697736,2.0824505e7,0.8071335428225338,0.8071335428225338,0.40769513720957146,1.0,16.429720291572853,1.368053198541029,12.174037185275955,1.0136953164696756,1.0457918e7,2.596075474557188,2.5960754533788255,1.469299478054329,1.0,0.6482738869525091,0.053979809079945276,0.3885051214869277,0.03234964836086574,2.0069577e7,0.24151146418972172,0.241511462516871,0.0579747230525972,1.0,11.182009207087832,1.0,0,1.0883799946009566e6,17766.089093236485,0.07355602284476045,15120.0,1
3.4992e6,5.041234249251474e-6,4.19783542291618e-7,7.729747509940679e-6,6.43656023566948e-7,0.0,0.0,0.0,0.8374513666903949,0.06973456971543206,0.171821245087303,0.0,0.0,0.0,0.2807948041617049,0.023381781468612275,1.952187e6,-3.103626493015589e-5,-2.5843895736081772e-6,3.103626493015589e-5,2.5843895736081772e-6,7.924958936629587,0.659911277764556,0.0,0.0,0.0,0.0,0.0,0.0,0.0,0.0,0.0,0.0,0.13950207424385894,0.011616336791294814,0.13950207424385894,0.011616336791294814,965635.0,0.0017906556739818917,0.0001491078860222205,0.0017906556739818917,0.0001491078860222205,342.0,3.10407934198933e-5,2.5847666609183895e-6,1.8179254532926762e-5,1.5137864036343992e-6,40053.0,18.80194886193883,1.5656381562555755,14.63665581198658,1.218794231783858,1.9928387e7,2.5570639246659015,0.21292669594191946,1.5792180290183762,0.1315014747371744,7.530936e6,0.1391009275323767,0.011582933307306812,NaN,NaN,96026.0,0.1405719875780064,0.011705428467489022,0.14057198757800682,0.011705428467489057,965957.0,0.022124912087783905,0.022124912087783905,0.012582890953938096,1.0,0.14022281658369742,0.011676353001123166,0.14022281658369806,0.01167635300112322,965957.0,0.02479375852611046,0.02479375852611046,0.012551635932070884,1.0,0.0,0.0,0.0,0.0,0.0,0.0,0.0,0.0,1.0,0.0,0.0,0.0,0.0,0.0,0.0,0.0,0.0,1.0,17.87884013311103,1.488770898566611,14.081197121602504,1.172541190342526,1.1088331e7,2.813987146316155,2.813987146316155,1.6003721627183287,1.0,4.5612360354184,0.37981409422908935,2.910553385790424,0.24236176101068516,2.09541e7,0.8065034464291692,0.8065034464291692,0.4082857234766902,1.0,16.446348341950525,1.3694873166766584,12.183828842505722,1.0145473464045538,1.0530987e7,2.6015730158147625,2.601572985773884,1.472146843356022,1.0,0.6505568126951434,0.054171861451520725,0.38994560522060157,0.03247076794434978,2.0185109e7,0.24140355125953564,0.24140355125953564,0.0582326932593309,1.0,11.17167653225281,1.0,0,1.106361569963198e6,17981.57536224136,0.0745170466081007,15328.0,1
3.5208e6,3.964062967867509e-6,3.3003093743077423e-7,7.723386231005358e-6,6.430161222514228e-7,0.0,0.0,0.0,0.848624061773269,0.07065281174986221,0.16798489933457073,0.0,0.0,0.0,0.28101492950749596,0.023396101769617903,1.971425e6,-3.103626490890016e-5,-2.583946744858194e-6,3.103626490890016e-5,2.583946744858194e-6,7.940825156492577,0.661119157696163,0.0,0.0,0.0,0.0,0.0,0.0,0.0,0.0,0.0,0.0,0.1396119983010514,0.011623498175829092,0.1396119983010514,0.011623498175829092,975216.0,0.0017909329053879073,0.00014910541795928056,0.0017909329053879073,0.00014910541795928056,343.0,3.10407954361073e-5,2.584323937186709e-6,1.8179255721042896e-5,1.5135271200389471e-6,40234.0,18.818493850483897,1.5667473541298298,14.646347918217973,1.2193923185804207,2.0042867e7,2.5584487635986743,0.21300550739568802,1.5800292645444816,0.13154648237744662,7.618518e6,0.1391009275323767,0.01158094860831556,NaN,NaN,96026.0,0.14068193829005907,0.011712576805616054,0.1406819382900596,0.011712576805616097,975539.0,0.022165404325923597,0.022165404325923597,0.012603015271041596,1.0,0.14033299121743564,0.011683524964001745,0.14033299121743636,0.011683524964001804,975539.0,0.02477510342537722,0.02477510342537722,0.012571754788434433,1.0,0.0,0.0,0.0,0.0,0.0,0.0,0.0,0.0,1.0,0.0,0.0,0.0,0.0,0.0,0.0,0.0,0.0,1.0,17.8955407288306,1.4899062225905495,14.091115498595771,1.1731660407878535,1.1163893e7,2.8195651887289412,2.8195651887289412,1.6031750474178386,1.0,4.56356014133973,0.37994250940930224,2.9120500056920275,0.24244483526477448,2.1083663e7,0.8056742289091422,0.8056742289091422,0.4088273082578468,1.0,16.46288939327604,1.3706297965808794,12.193539120821546,1.0151819431890658,1.0604188e7,2.6067920084354683,2.6067919391482204,1.474830734853387,1.0,0.6526956026874025,0.054340645786398425,0.3912710719580458,0.03257555687550666,2.0301367e7,0.24110478135025643,0.24110478135025643,0.05847184612320838,1.0,11.162561915901907,1.0,0,1.1245690006561885e6,18207.430692990543,0.07551461864288907,18259.0,1
3.5424e6,3.3271836203048768e-6,2.769282800543944e-7,7.718408768148907e-6,6.424189070527989e-7,0.0,0.0,0.0,0.8599335887634789,0.07157402682676463,0.16798489933457073,0.0,0.0,0.0,0.2812540210852228,0.023409345923137287,1.993025e6,-3.103626468352007e-5,-2.5832116224870674e-6,3.103626468352007e-5,2.5832116224870674e-6,7.956767422673553,0.6622579841120751,0.0,0.0,0.0,0.0,0.0,0.0,0.0,0.0,0.0,0.0,0.13973154408991492,0.011630141461990954,0.13973154408991492,0.011630141461990954,985989.0,0.0017909329053879073,0.000149062999154957,0.0017909329053879073,0.000149062999154957,343.0,3.1040797454556505e-5,2.583588894267122e-6,1.817925690563734e-5,1.5130966372946416e-6,40607.0,18.83511631180987,1.5676851536002767,14.656085521618728,1.2198558958582755,2.0157347e7,2.559826182030572,0.21305955508490287,1.580836162015183,0.1315762186141503,7.704918e6,0.1391009275323767,0.011577653959471669,NaN,NaN,96026.0,0.14080148407892257,0.011719194749915639,0.14080148407892304,0.011719194749915679,986312.0,0.02220559274303515,0.02220559274303515,0.01262264853476794,1.0,0.14045253700629914,0.011690151173221556,0.14045253700629978,0.01169015117322161,986312.0,0.024754594983013925,0.024754594983013925,0.01259136593654978,1.0,0.0,0.0,0.0,0.0,0.0,0.0,0.0,0.0,1.0,0.0,0.0,0.0,0.0,0.0,0.0,0.0,0.0,1.0,17.912336702941385,1.4908803243165234,14.101104217934527,1.1736636698104903,1.1239466e7,2.8249279935052876,2.8249279935052876,1.6058149679084208,1.0,4.565922691969193,0.3800310599727274,2.9135835687315996,0.24250350403253446,2.1213236e7,0.8047385214435882,0.8047385214435882,0.4093283373728034,1.0,16.479523881324333,1.371624390286067,12.20331607423146,1.0157068911896714,1.0676182e7,2.611817936500519,2.611817846164249,1.477365379598374,1.0,0.6549148886296047,0.0545099021837553,0.3926513523938384,0.032681173054552926,2.0417034e7,0.24078680572034186,0.24078680572034186,0.05871216850757392,1.0,11.15467040780686,1.0,0,1.1430223961568882e6,18453.395500699757,0.07658889366871997,19440.0,1
3.564e6,2.721007971268793e-6,2.2640025300239724e-7,7.714500954087504e-6,6.418816064615316e-7,0.0,0.0,0.0,0.8707218151933047,0.07244801975444021,0.16798489933457073,0.0,0.0,0.0,0.28150051341209104,0.023422124495682498,2.014625e6,-3.103626453161679e-5,-2.582358529045724e-6,3.103626453161679e-5,2.582358529045724e-6,7.9727569553178315,0.6633696817025129,0.0,0.0,0.0,0.0,0.0,0.0,0.0,0.0,0.0,0.0,0.13985479025334924,0.011636555361574735,0.13985479025334924,0.011636555361574735,996751.0,0.0017909329053879073,0.00014901377253263723,0.0017909329053879073,0.00014901377253263723,343.0,3.104079940807221e-5,2.5827358514158466e-6,1.8179258054686377e-5,1.5125970472838017e-6,41130.0,18.851790770911034,1.5685548315730748,14.665853955029235,1.2202658283160275,2.0271823e7,2.5612103090375253,0.21310435988471524,1.5816470120262136,0.13160023324600809,7.791057e6,0.1391009275323767,0.011573830550563737,NaN,NaN,96026.0,0.14092473024235672,0.011725579240507263,0.14092473024235716,0.0117255792405073,997074.0,0.02224519117756888,0.02224519117756888,0.012641425483672662,1.0,0.1405757831697333,0.011696545255175148,0.1405757831697339,0.011696545255175198,997074.0,0.024733959605400584,0.024733959605400584,0.012610123749699295,1.0,0.0,0.0,0.0,0.0,0.0,0.0,0.0,0.0,1.0,0.0,0.0,0.0,0.0,0.0,0.0,0.0,0.0,1.0,17.92918511161522,1.4917898397422655,14.111118789131403,1.1741093365913697,1.1315028e7,2.830150178609505,2.830150178609505,1.6083086139790561,1.0,4.568324579483838,0.3801054063468752,2.915134956842255,0.24255250213672472,2.1342798e7,0.8037853538178957,0.8037853538178957,0.40979418344430263,1.0,16.49620069822985,1.3725590116210011,12.21312157963728,1.016187326452258,1.0747392e7,2.6167201472397923,2.6167200992501995,1.4797650599135481,1.0,0.6571796184487725,0.05468033664577725,0.3940565786605639,0.032787301635287175,2.0531761e7,0.2404861433402385,0.2404861433402385,0.05895123703072811,1.0,11.147851199563803,1.0,0,1.161714486743681e6,18692.090586792678,0.07762702862747445,19440.0,1
3.5856e6,2.1472715712080936e-6,1.7859617009769493e-7,7.71170482481058e-6,6.414097616261002e-7,0.0,0.0,0.0,0.880969895686158,0.07327338164887663,0.16798489933457073,0.0,0.0,0.0,0.28176638944241544,0.023435507036661734,2.036225e6,-3.103626454232842e-5,-2.5813958773180123e-6,3.103626454232842e-5,2.5813958773180123e-6,7.988750227477937,0.6644526074975825,0.0,0.0,0.0,0.0,0.0,0.0,0.0,0.0,0.0,0.0,0.13998772826851072,0.011643274406770389,0.13998772826851072,0.011643274406770389,1.007515e6,0.0017909329053879073,0.00014895822312045148,0.0017909329053879073,0.00014895822312045148,343.0,3.104080135224276e-5,2.581773219842371e-6,1.817925919147718e-5,1.5120332753180653e-6,41653.0,18.86847521858957,1.5693578096073952,14.675627796680097,1.2206238621189915,2.0386303e7,2.562602562369588,0.21314071739153786,1.58246259541962,0.13161901021480676,7.877457e6,0.1391009275323767,0.011569516053501526,NaN,NaN,96026.0,0.1410576682575189,0.011732265099346698,0.14105766825751936,0.011732265099346738,1.007838e6,0.022285122642865612,0.022285122642865612,0.012659898687512947,1.0,0.14070872118489544,0.011703241937314944,0.14070872118489608,0.011703241937314998,1.007838e6,0.024714436437284115,0.024714436437284115,0.012628580754632813,1.0,0.0,0.0,0.0,0.0,0.0,0.0,0.0,0.0,1.0,0.0,0.0,0.0,0.0,0.0,0.0,0.0,0.0,1.0,17.946043521463245,1.49263590330898,14.121150947424647,1.17450606173795,1.1390592e7,2.835221833526194,2.835221833526194,1.610653966069033,1.0,4.570766870100772,0.3801668444528183,2.9167222358587463,0.24259410292945913,2.1472362e7,0.8028210783915208,0.8028210783915208,0.41022545044538533,1.0,16.512879534185323,1.3734345863065982,12.222928215378621,1.01662416431914,1.0818585e7,2.6214896903888176,2.6214896351077708,1.4820277729264746,1.0,0.6594800128945442,0.05485128482964945,0.3954896659532966,0.032894274110254314,2.0646756e7,0.24020144245921216,0.24020144221020118,0.059188204745044985,1.0,11.142085078188714,1.0,0,1.180633792667419e6,18919.30592373805,0.0786113000052624,19440.0,1
3.6072e6,1.610690056458469e-6,1.3391151000457965e-7,7.709926647625194e-6,6.409972640410708e-7,0.0,0.0,0.0,0.8906657443560169,0.07404925252864282,0.16798489933457073,0.0,0.0,0.0,0.28203240948691705,0.023447953672517636,2.057825e6,-3.103626452861505e-5,-2.5803307292197086e-6,3.103626452861505e-5,2.5803307292197086e-6,8.004794213697933,0.6655123225812573,0.0,0.0,0.0,0.0,0.0,0.0,0.0,0.0,0.0,0.0,0.14012073829076174,0.011649528456598035,0.14012073829076174,0.011649528456598035,1.018279e6,0.0017909329053879073,0.00014889675932109876,0.0017909329053879073,0.00014889675932109876,343.0,3.104080335930219e-5,2.580708084048798e-6,1.817926036825513e-5,1.5114094713120406e-6,42411.0,18.885216363860298,1.5701020999709248,14.685434811325322,1.2209355504325732,2.0500783e7,2.5640016636427876,0.21316909051242605,1.5832821880910115,0.13163284129089617,7.963857e6,0.1391009275323767,0.011564742188733112,NaN,NaN,96026.0,0.1411906782797697,0.011738482429442053,0.14119067827977017,0.011738482429442093,1.018602e6,0.02232385020040619,0.02232385020040619,0.012677221182118182,1.0,0.1408417312071462,0.011709471243075488,0.14084173120714688,0.011709471243075545,1.018602e6,0.02469448469511019,0.02469448469511019,0.012645889940747309,1.0,0.0,0.0,0.0,0.0,0.0,0.0,0.0,0.0,1.0,0.0,0.0,0.0,0.0,0.0,0.0,0.0,0.0,1.0,17.962952729753276,1.493425823631867,14.131222583070521,1.1748587797646115,1.1466156e7,2.8401468905858116,2.8401468905858116,1.6128566532401483,1.0,4.57323905641193,0.3802155139658499,2.918336797253208,0.24262823605019412,2.1601926e7,0.8018488619650993,0.8018488619650993,0.41062174743545016,1.0,16.529606728773903,1.3742585595263144,12.232763378677628,1.0170223681452788,1.0889781e7,2.6261324924067315,2.62613236599958,1.4841594580264919,1.0,0.6618169684357492,0.05502294450413996,0.39694771760481085,0.03300192240225846,2.0761806e7,0.23993449924558313,0.23993449924558313,0.05942318709110607,1.0,11.137352283395181,1.0,0,1.1997685082963773e6,19134.715628958307,0.07954013142103576,19440.0,1
3.6288e6,1.117379218445833e-6,9.285734748871032e-8,7.709020150423646e-6,6.406411995929384e-7,0.0,0.0,0.0,0.8998042792264859,0.07477625970543567,0.16798489933457073,0.0,0.0,0.0,0.28230636365478345,0.023460450736347064,2.079425e6,-3.103626457079632e-5,-2.579200647753671e-6,3.103626457079632e-5,2.579200647753671e-6,8.020869690849956,0.6665567711925585,0.0,0.0,0.0,0.0,0.0,0.0,0.0,0.0,0.0,0.0,0.14025771537469547,0.011655809594021089,0.14025771537469547,0.011655809594021089,1.029065e6,0.0017909329053879073,0.0001488315483045045,0.0017909329053879073,0.0001488315483045045,343.0,3.104080535773192e-5,2.579577999885687e-6,1.817926154036592e-5,1.5107476298779385e-6,43471.0,18.901993752738107,1.5708087041109762,14.695263648212807,1.22121763184238,2.0615263e7,2.5654059759556254,0.2131924329953641,1.584104870095072,0.13164355838438851,8.050257e6,0.1391009275323767,0.011559677279340748,NaN,NaN,96026.0,0.14132765536370304,0.011744724608468496,0.14132765536370337,0.011744724608468524,1.029388e6,0.02236249155678176,0.02236249155678176,0.012693929151374038,1.0,0.1409787082910795,0.011715726127878493,0.14097870829108008,0.011715726127878542,1.029388e6,0.024674917581872,0.024674917581872,0.012662587023705795,1.0,0.0,0.0,0.0,0.0,0.0,0.0,0.0,0.0,1.0,0.0,0.0,0.0,0.0,0.0,0.0,0.0,0.0,1.0,17.979895835768925,1.4941797805717345,14.141312132401053,1.175182706951638,1.1541742e7,2.8449864804200415,2.8449864804200415,1.614938868836235,1.0,4.575735650321661,0.3802564682466356,2.919963014230665,0.2426571174678983,2.1731512e7,0.8008719998696756,0.8008719998696756,0.41098866326708494,1.0,16.546363258755974,1.375049202122972,12.242617006139346,1.0173958158014418,1.0960944e7,2.6307066327618696,2.6307065704192456,1.4861801986243848,1.0,0.6641872925253469,0.05519582716545898,0.3984265244910085,0.0331103618383379,2.087681e7,0.2396850990048898,0.2396850990048898,0.05965673464873072,1.0,11.13348386290664,1.0,0,1.2191066297289212e6,19338.121432543965,0.08041358937408832,19440.0,1
3.6504e6,6.730051223607641e-7,5.590264249617724e-8,7.708752972111899e-6,6.403215178803798e-7,0.0,0.0,0.0,0.9083905836330504,0.07545475116979992,0.16798489933457073,0.0,0.0,0.0,0.28259001791283966,0.02347311813757866,2.101025e6,-3.10362643263816e-5,-2.5780029473899294e-6,3.10362643263816e-5,2.5780029473899294e-6,8.036921453264066,0.6675805753092607,0.0,0.0,0.0,0.0,0.0,0.0,0.0,0.0,0.0,0.0,0.14039954250372383,0.011662177850416448,0.14039954250372383,0.011662177850416448,1.039857e6,0.0017909329053879073,0.00014876243674542502,0.0017909329053879073,0.00014876243674542502,343.0,3.104080733116125e-5,2.578380308517827e-6,1.817926269538452e-5,1.510046193614856e-6,44632.0,18.91875466949943,1.5714715142910607,14.705081976103383,1.2214660977668248,2.0729743e7,2.5668185210433276,0.21321076670428782,1.584932321315267,0.13165115984307274,8.136657e6,0.1391009275323767,0.011554309416623925,NaN,NaN,96026.0,0.14146948249273109,0.011751051576203299,0.14146948249273145,0.011751051576203328,1.04018e6,0.022401050485569146,0.022401050485569146,0.012710088112043796,1.0,0.1411205354201076,0.011722066561375283,0.1411205354201082,0.011722066561375331,1.04018e6,0.02465599144985341,0.02465599144985341,0.0126787375482237,1.0,0.0,0.0,0.0,0.0,0.0,0.0,0.0,0.0,1.0,0.0,0.0,0.0,0.0,0.0,0.0,0.0,0.0,1.0,17.996822096613677,1.4948919084080818,14.151392821187159,1.1754743424994705,1.1617334e7,2.849715099415619,2.849715099415619,1.6168942626653748,1.0,4.578267194869324,0.38029017275378324,2.921611740067273,0.24268138709658194,2.1861104e7,0.7998957520661335,0.7998957520661335,0.4113267287187439,1.0,16.563096291647575,1.375800599219502,12.252457474384594,1.017740767689094,1.1032103e7,2.635188332129175,2.6351882803840843,1.4880835750984194,1.0,0.6665974844217051,0.055370397077753604,0.39992906875341516,0.033219794339643595,2.0991709e7,0.2394562701518067,0.2394562697207316,0.05988933169881316,1.0,11.130487943563331,1.0,0,1.238636168811751e6,19529.53908282984,0.08123141882846642,19440.0,1
3.672e6,0.0019027537477222878,0.00016251638141587415,7.191981583616545e-6,6.142754014165582e-7,0.0,0.0,0.0,0.1341753948974294,0.011460074473577532,0.17508812696339263,0.0,0.0,0.0,0.3304353464249039,0.028222862184431246,2.122333e6,-3.777678272388469e-5,-3.226558369504525e-6,3.777678272388469e-5,3.226558369504525e-6,8.074224327443238,0.6896287667318333,0.0,0.0,0.0,0.0,0.0,0.0,0.0,0.0,0.0,0.0,0.16036175441041708,0.013696681494113034,0.16036175441041708,0.013696681494113034,1.050291e6,0.00971183760406631,0.0008294991962048847,0.00971183760406631,0.0008294991962048847,640.0,3.778133607400314e-5,3.2269472763640996e-6,2.2134539838231834e-5,1.890536451772093e-6,47080.0,19.107371503399893,1.631982529961393,14.816167140162735,1.2654658402089052,2.0847645e7,3.3834757880253874,0.28898655032809023,2.094781433927815,0.17891768648813727,8.216489e6,0.13911571806029774,0.011882033145011229,NaN,NaN,96034.0,0.16929115932664282,0.01445935221643812,0.16929115932664315,0.01445935221643815,1.050778e6,0.028394585026438823,0.028394585026438823,0.014626978479132394,1.0,0.16114418709826017,0.013763509967993047,0.16114418709826075,0.013763509967993097,1.050778e6,0.028053935469535572,0.028053935469535572,0.013923069379988502,1.0,0.0,0.0,0.0,0.0,0.0,0.0,0.0,0.0,1.0,0.0,0.0,0.0,0.0,0.0,0.0,0.0,0.0,1.0,18.992557697634172,1.6221761510371808,14.773239214649413,1.2617993168217005,1.1693137e7,3.1855520191369293,3.1855520191369293,1.6409819261203142,1.0,4.651721891404273,0.3973089056053542,2.969111238435084,0.25359519857432494,2.1990131e7,0.809828192462863,0.809828192462863,0.40191488006291415,1.0,17.54415577188668,1.4984664802035055,12.860469510655852,1.0984274610852132,1.1103272e7,2.9611985962226384,2.9611985962226384,1.5158380976929529,1.0,0.7205290824325319,0.06154121589407371,0.4325134535220649,0.03694147046838346,2.11101e7,0.25527284070893475,0.2552728169122978,0.062254658921642905,1.0,11.573898161411966,1.0,0,1.2515169850425683e6,12880.816230817232,0.05152404802975273,16477.0,1
3.6936e6,0.0013625508169041514,0.00010761642865964807,7.161661170348491e-6,5.656393793623888e-7,0.0,0.0,0.0,0.21028084208879907,0.016608315051732745,0.1780239113097285,0.0,0.0,0.0,0.3305310548814452,0.02610586793985936,2.139347e6,-3.777678276732727e-5,-2.983670331583e-6,3.777678276732727e-5,2.983670331583e-6,8.060969778894336,0.6366682022979442,0.0,0.0,0.0,0.0,0.0,0.0,0.0,0.0,0.0,0.0,0.16040958968609295,0.012669404289815332,0.16040958968609295,0.012669404289815332,1.058699e6,0.009711875509255933,0.0007670593602284309,0.009711875509255933,0.0007670593602284309,641.0,3.778133765487602e-5,2.9840300838394754e-6,2.2134540763413962e-5,1.7482212020482575e-6,47082.0,19.16948562120647,1.5140364353411369,14.852551606912552,1.173078127134163,2.0965178e7,3.3843518967310176,0.2673014906564902,2.095294664248422,0.16548970207831412,8.297061e6,0.14022982732775283,0.011075574592410565,NaN,NaN,97321.0,0.16933902761314898,0.013374665486481129,0.16933902761314934,0.013374665486481157,1.059187e6,0.024671763687699626,0.024671763687699626,0.013600547667010954,1.0,0.16119202726829523,0.012731202453378153,0.16119202726829587,0.012731202453378204,1.059187e6,0.02781020959739711,0.02781020959739711,0.012946217309177162,1.0,0.0,0.0,0.0,0.0,0.0,0.0,0.0,0.0,1.0,0.0,0.0,0.0,0.0,0.0,0.0,0.0,0.0,1.0,19.05043701730584,1.5046337874326998,14.807190009438738,1.1694953960845278,1.176684e7,2.7755437530449085,2.7755437530449085,1.530045261173683,1.0,4.6581344387990224,0.36790685991370853,2.9729142682789904,0.2348054929726717,2.2117763e7,0.8036606851543361,0.8036606851543361,0.3741203688671242,1.0,17.601791872048253,1.3902174919128205,12.894230983913594,1.0184068524902392,1.1166839e7,2.580868174868606,2.580868174868606,1.4136966106093878,1.0,0.7263150979377296,0.05736552057503143,0.4359061388613224,0.03442855951725731,2.1234148e7,0.2516024735638751,0.2516024735638751,0.0583343559367692,1.0,12.450897696119416,1.0,0,1.25527257325705e6,3755.588214481715,0.01396444087711957,12527.0,1
3.7152e6,0.0009616761647244659,7.290137627044443e-5,7.127932910619331e-6,5.403441805136424e-7,0.0,0.0,0.0,0.2699200352121279,0.02046171338307927,0.1780239113097285,0.0,0.0,0.0,0.3307610165647475,0.025073859796754,2.156569e6,-3.777678280182986e-5,-2.863728517293665e-6,3.777678280182986e-5,2.863728517293665e-6,8.052501833539681,0.6104325838766266,0.0,0.0,0.0,0.0,0.0,0.0,0.0,0.0,0.0,0.0,0.16052457052774405,0.0121688178889694,0.16052457052774405,0.0121688178889694,1.06731e6,0.009711875509255933,0.0007362240188149363,0.009711875509255933,0.0007362240188149363,641.0,3.778133962712239e-5,2.864073954611792e-6,2.2134541916817463e-5,1.6779438110688384e-6,47082.0,19.208644324088482,1.456141535874218,14.875489876735006,1.127659938438585,2.1086136e7,3.385389031938172,0.25663474742547243,2.0959022154670914,0.1588831684100253,8.346817e6,0.1402684594107794,0.010633271483140711,NaN,NaN,97617.0,0.16945400845480013,0.012845727994556144,0.16945400845480046,0.01284572799455617,1.067798e6,0.023022461631064854,0.023022461631064854,0.013114064217869485,1.0,0.1613070081099464,0.012228131802197782,0.16130700810994703,0.01222813180219783,1.067798e6,0.02766779576614525,0.02766779576614525,0.01248356697156849,1.0,0.0,0.0,0.0,0.0,0.0,0.0,0.0,0.0,1.0,0.0,0.0,0.0,0.0,0.0,0.0,0.0,0.0,1.0,19.088096942589907,1.4470032517621623,14.829357049619194,1.124162766821617,1.1841617e7,2.593358419066504,2.593358419066504,1.4772299067142622,1.0,4.661668824258977,0.35338514717464553,2.975091414826368,0.22553149035711784,2.2247362e7,0.7995815090135001,0.7995815090135001,0.3607670593409361,1.0,17.63922731380654,1.3371694076374943,12.916162020175273,0.9791300044049704,1.1235431e7,2.4136271797194513,2.413627048732594,1.3651017279332098,1.0,0.7295937361176157,0.05530800224887438,0.4378266665837427,0.0331901400207843,2.1356068e7,0.24856837288676972,0.24856837288676972,0.05646333890622523,1.0,12.921547861867165,1.0,0,1.2604897306208087e6,5217.157363758655,0.018692424910623128,10800.0,1
3.7368e6,0.000693522329658663,5.1518139026665435e-5,7.083018761200839e-6,5.261603407169635e-7,0.0,0.0,0.0,0.3199327725370476,0.023766128861146266,0.17631623861605816,0.0,0.0,0.0,0.3309193111530814,0.024582261233006927,2.173859e6,-3.7776782804755207e-5,-2.8062392013727895e-6,3.7776782804755207e-5,2.8062392013727895e-6,8.046913812370494,0.5977630521649334,0.0,0.0,0.0,0.0,0.0,0.0,0.0,0.0,0.0,0.0,0.1606034842794826,0.01193039110269102,0.1606034842794826,0.01193039110269102,1.07591e6,0.009712342594112815,0.0007214790276246417,0.009712342594112815,0.0007214790276246417,643.0,3.778134189098422e-5,2.8065778719939595e-6,2.2134543247570326e-5,1.644259207747951e-6,47095.0,19.23599652776904,1.4289413636065755,14.891508913092371,1.106212148755342,2.1207404e7,3.3872476195699703,0.2516208726381381,2.096990674854285,0.15577444662515133,8.386209e6,0.14266230452491976,0.010597634890857317,NaN,NaN,99777.0,0.16953336799857788,0.012593745361462664,0.16953336799857813,0.012593745361462683,1.076399e6,0.022276551541399743,0.022276551541399743,0.012900336419152376,1.0,0.16138594315450275,0.01198851587154421,0.16138594315450328,0.011988515871544248,1.076399e6,0.027584371776484824,0.027584371776484824,0.012280372793825173,1.0,0.0,0.0,0.0,0.0,0.0,0.0,0.0,0.0,1.0,0.0,0.0,0.0,0.0,0.0,0.0,0.0,0.0,1.0,19.11584421702477,1.420015878175782,14.845708520990625,1.1028098776721096,1.191487e7,2.511806932081315,2.511806932081315,1.4545857505632553,1.0,4.66366548473413,0.34643926596371666,2.9763628935396436,0.22109839984338014,2.2376941e7,0.797121980127532,0.797121980127532,0.3548732288499353,1.0,17.666638783791,1.3123620020211635,12.932218011222927,0.9606666965622298,1.1302841e7,2.3400019992373857,2.3400019992373857,1.3443110721923526,1.0,0.7314045076267733,0.054332207482333666,0.43888905557969504,0.032602767662528113,2.1474617e7,0.2462367102815197,0.2462367014537214,0.05565490922677254,1.0,13.141778825773999,1.0,0,1.266826543646606e6,6336.813025797252,0.02232353605291033,11131.0,1
3.7584e6,0.0005600461736117806,4.133500186387665e-5,9.871680027239977e-6,7.285933402491425e-7,0.0,0.0,0.0,0.38838037229648864,0.02866496401401496,0.17631623861605816,0.0,0.0,0.0,0.3312158229458194,0.02444585340261826,2.193755e6,-4.434594904303545e-5,-3.2730156417779537e-6,4.434594904303545e-5,3.2730156417779537e-6,8.04702808510017,0.5939223167103637,0.0,0.0,0.0,0.0,0.0,0.0,0.0,0.0,0.0,0.0,0.16075174017585178,0.01186451009376288,0.16075174017585178,0.01186451009376288,1.085823e6,0.009712342594112815,0.0007168332150922799,0.009712342594112815,0.0007168332150922799,643.0,4.435050872180278e-5,3.2733521753339835e-6,2.5982589868788884e-5,1.917681882778495e-6,114067.0,19.260026923346143,1.4215135934964649,14.90699989962636,1.100232262390201,2.1328012e7,3.390776599019697,0.25026107425496796,2.099074398370047,0.15492516199063724,8.480777e6,0.14788731635157065,0.010915033054530458,NaN,NaN,102498.0,0.1696816238949468,0.012523592822232447,0.16968162389494712,0.012523592822232471,1.086312e6,0.022071118998959055,0.022071118998959055,0.012893175226115435,1.0,0.16153419905087166,0.011922260580385743,0.16153419905087227,0.011922260580385789,1.086312e6,0.027563405457598125,0.027563405457598125,0.01227409713300794,1.0,0.0,0.0,0.0,0.0,0.0,0.0,0.0,0.0,1.0,0.0,0.0,0.0,0.0,0.0,0.0,0.0,0.0,1.0,19.142467896079495,1.4128369828165912,14.862864614084025,1.096974795066766,1.1988321e7,2.4899318922696025,2.4899318922696025,1.4545310634064026,1.0,4.665109768585453,0.34431504055474305,2.9774232612237763,0.21975294511617688,2.2506502e7,0.7960315079485253,0.7960315079485253,0.3544760847684598,1.0,17.693071760940175,1.305862246142452,12.949106203034685,0.9557271422570369,1.1370084e7,2.3215910359925527,2.3215910359925527,1.3443994067576224,1.0,0.7326019954682568,0.0540707289416309,0.43962819127443503,0.03244738195164993,2.1598963e7,0.2447801051533298,0.24477975824580578,0.05566640442115285,1.0,13.160576888092903,1.0,0,1.2745143155246659e6,7687.771878059953,0.027044054964415278,12960.0,1
3.78e6,0.00043948436391542765,3.264831895103956e-5,1.4895833725061527e-5,1.1065784597311555e-6,0.0,0.0,0.0,0.43738733460595336,0.03249253529326518,0.17631623861605816,0.0,0.0,0.0,0.3317019435063588,0.024641401918816138,2.215161e6,-6.327892056786742e-5,-4.700850704155643e-6,6.327892056786742e-5,4.700850704155643e-6,8.041113761373873,0.59735651221814,0.0,0.0,0.0,0.0,0.0,0.0,0.0,0.0,0.0,0.0,0.16099480045612127,0.011959946761068154,0.16099480045612127,0.011959946761068154,1.096471e6,0.009712342594112815,0.0007215083966795729,0.009712342594112815,0.0007215083966795729,643.0,6.328348024663476e-5,4.701189432581347e-6,3.707304008040933e-5,2.754073947583709e-6,195508.0,19.300335218479763,1.4337791098209975,14.941426028050659,1.1099654108309402,2.1446912e7,3.392031069749098,0.2519864672098222,2.0997884856833657,0.15598863085719067,8.561884e6,0.15603573674712284,0.011591548913582817,NaN,NaN,106818.0,0.16992468417521647,0.012623328022825215,0.1699246841752168,0.01262332802282524,1.09696e6,0.02236490652528541,0.02236490652528541,0.01304726679979831,1.0,0.16177725933114134,0.01201807389599085,0.16177725933114198,0.012018073895990897,1.09696e6,0.027593327337842165,0.027593327337842165,0.012421685965630971,1.0,0.0,0.0,0.0,0.0,0.0,0.0,0.0,0.0,1.0,0.0,0.0,0.0,0.0,0.0,0.0,0.0,0.0,1.0,19.181540740824733,1.4249541314723937,14.896151307257343,1.1066020522083253,1.2062201e7,2.5246088745832003,2.5246088745832003,1.47280944432229,1.0,4.668586822566238,0.3468189636505343,2.9801432803254317,0.2213882365894258,2.2635871e7,0.7962914252152191,0.7962914252152191,0.35846644734225386,1.0,17.731727468158716,1.3172507180363713,12.982056705959378,0.9644082082934038,1.1439757e7,2.3556610946922,2.3556610946922,1.3614889456544388,1.0,0.7354270163081145,0.05463324242010839,0.441675982892553,0.03281112946549534,2.1719412e7,0.2447263240837072,0.24472593910910242,0.05646803194088896,1.0,13.023776303696284,1.0,0,1.28346288461064e6,8948.569085974013,0.03180994484023437,12960.0,1
3.8016e6,0.00035105142814847377,2.6308063568309802e-5,2.0149736878995346e-5,1.5100367529999767e-6,0.0,0.0,0.0,0.4572918821616034,0.03426980476516202,0.17631623861605816,0.0,0.0,0.0,0.33282698311745573,0.02494230966466691,2.233245e6,-7.455745687876411e-5,-5.58739306489436e-6,7.455745687876411e-5,5.58739306489436e-6,8.04010495630872,0.6025316387460825,0.0,0.0,0.0,0.0,0.0,0.0,0.0,0.0,0.0,0.0,0.16155732026166975,0.012107229626686455,0.16155732026166975,0.012107229626686455,1.105481e6,0.009712342594112815,0.000727850411293744,0.009712342594112815,0.000727850411293744,643.0,7.456201655753141e-5,5.587734770722176e-6,4.3679692893195924e-5,3.273389723378182e-6,266003.0,19.33106153526756,1.4486845941490822,14.969158536352813,1.1218002342719975,2.1568289e7,3.40745864845611,0.25535756741618054,2.108855368066722,0.15803924049557208,8.636415e6,0.16559567487678173,0.012409867022255772,NaN,NaN,111448.0,0.17048720398076492,0.012776441969102022,0.1704872039807653,0.012776441969102052,1.10597e6,0.02278412417536355,0.02278412417536355,0.013229825506279378,1.0,0.1623397791366898,0.012165867695564811,0.16233977913669045,0.012165867695564861,1.10597e6,0.027699149974977737,0.027699149974977737,0.012597584455362732,1.0,0.0,0.0,0.0,0.0,0.0,0.0,0.0,0.0,1.0,0.0,0.0,0.0,0.0,0.0,0.0,0.0,0.0,1.0,19.225679879764265,1.4407872119719562,14.932193270007664,1.1190300288295731,1.2135776e7,2.5693440182511242,2.5693440182511242,1.4919148423453799,1.0,4.672302305062163,0.35014592220929047,2.983407093836032,0.22357881831943197,2.2765034e7,0.7972094268243438,0.7972094268243438,0.3625711652560941,1.0,17.775270550554332,1.3320924231936404,13.017164302848187,0.9755162876409796,1.1509197e7,2.398384283218036,2.398384283218036,1.379362921203591,1.0,0.7383251366458429,0.055330652638008085,0.4437386663310534,0.03325411636444619,2.1839787e7,0.24531556326736761,0.2453152140211084,0.05729411062326083,1.0,12.886579940139438,1.0,0,1.2932185104341975e6,9755.62582355761,0.03504803801949143,12960.0,1
3.8232e6,0.00028531782379910623,2.1612065110388376e-5,2.391674148984597e-5,1.811629457368998e-6,0.0,0.0,0.0,0.4475460289326979,0.03390041949850147,0.17899999693939259,0.0,0.0,0.0,0.33418312699197456,0.0253134816576656,2.246481e6,-8.227563235522005e-5,-6.232159981394623e-6,8.227563235522005e-5,6.232159981394623e-6,8.047073843273036,0.6095444074723273,0.0,0.0,0.0,0.0,0.0,0.0,0.0,0.0,0.0,0.0,0.16223537126197554,0.012288897203248716,0.16223537126197554,0.012288897203248716,1.112099e6,0.009712384468020313,0.0007356872511679283,0.009712384468020313,0.0007356872511679283,644.0,8.228019203398742e-5,6.232505364914975e-6,4.82007768432311e-5,3.651080446487248e-6,334530.0,19.350372048700926,1.4657391363016339,14.981621435808295,1.1348179150485072,2.1691274e7,3.4643606528461977,0.26241609093407836,2.142185057049113,0.16226481162300066,8.710645e6,0.17113929924938462,0.012963346029612915,NaN,NaN,115906.0,0.17116529685497803,0.01296531527898303,0.17116529685497844,0.01296531527898306,1.112588e6,0.02330631716155919,0.02330631716155919,0.013420267993753588,1.0,0.16301783013699545,0.012348166378682489,0.1630178301369961,0.01234816637868254,1.112588e6,0.027831261292776726,0.027831261292776726,0.012781463347983862,1.0,0.0,0.0,0.0,0.0,0.0,0.0,0.0,0.0,1.0,0.0,0.0,0.0,0.0,0.0,0.0,0.0,0.0,1.0,19.300779189942045,1.4619826093583261,14.978580304052237,1.1345875574190887,1.2209908e7,2.6280448755166477,2.6280448755166477,1.5132835567524174,1.0,4.676445406415993,0.3542282822113536,2.986980423554007,0.226255810232024,2.2894202e7,0.7983873538127303,0.7983873538127303,0.3666581472144673,1.0,17.849647639695625,1.352063260016357,13.06210771903454,0.9894198642894786,1.1577551e7,2.4548533454100196,2.4548533454100196,1.3995071391238012,1.0,0.7419285804173507,0.05619911358404252,0.4458924143803413,0.03377516260113294,2.1962081e7,0.24619057553311283,0.24619038101877572,0.05817113961986173,1.0,12.754238360563757,1.0,0,1.302674673957683e6,9456.163523485418,0.034324695519502534,10937.0,1
3.8448e6,0.0027826730533709325,0.0002203474015961729,1.1771426828296196e-5,9.321265074789904e-7,0.0,0.0,0.0,0.0,0.0,0.18931891175582793,0.0,0.0,0.0,0.35518538082310397,0.028125537656861557,2.257809e6,-9.793193403661556e-5,-7.754790729767971e-6,9.793193403661556e-5,7.754790729767971e-6,8.113871394504827,0.6425010931481248,0.0,0.0,0.0,0.0,0.0,0.0,0.0,0.0,0.0,0.0,0.1706643337328329,0.013514143329780171,0.1706643337328329,0.013514143329780171,1.117762e6,0.013856713357435331,0.0010972509973009934,0.013856713357435331,0.0010972509973009934,645.0,9.793649376589375e-5,7.755151794283693e-6,5.7372183138344203e-5,4.543045925973807e-6,400077.0,20.553951263728248,1.6275752366992764,15.754228643619598,1.247506724359269,2.1815535e7,3.9951575295777917,0.3163586104890864,2.4798886247175953,0.19637126037587296,8.782355e6,0.1763749490506098,0.013966341350407535,NaN,NaN,119506.0,0.18373392005580988,0.014549065266698417,0.18373392005581032,0.014549065266698451,1.118252e6,0.027108472469871425,0.027108472469871425,0.014549065266698417,1.0,0.17145146076729295,0.013576472390163052,0.17145146076729365,0.013576472390163106,1.118252e6,0.02931761058443338,0.02931761058443338,0.013576472390163052,1.0,0.0,0.0,0.0,0.0,0.0,0.0,0.0,0.0,1.0,0.0,0.0,0.0,0.0,0.0,0.0,0.0,0.0,1.0,20.979847100615235,1.6613000183062967,16.066913096432433,1.2722668041010716,1.228407e7,3.095408879190002,3.095408879190002,1.6613000183062967,1.0,4.761944307791084,0.3770770171854542,3.038190041711733,0.24058064616522856,2.3023512e7,0.8142761118265768,0.8142761118265768,0.3770770171854542,1.0,19.509128735049977,1.5448404256353225,14.14094031176291,1.1197576553411133,1.1646732e7,2.9104911395287307,2.9104911395287307,1.5448404256353225,1.0,0.8334877502497345,0.06600015758491168,0.5015428157322152,0.03971492666087574,2.2085591e7,0.2767998637535965,0.2767998637535965,0.06600015758491168,1.0,12.628572123898662,1.0,0,1.310999763824068e6,8325.089866385097,0.030519747075607784,9277.0,1
3.8664e6,0.0024245764620344852,0.00017771184049596958,1.1460865040992376e-5,8.400359617455126e-7,0.0,0.0,0.0,0.0,0.0,0.18931891175582793,0.0,0.0,0.0,0.35518538082310397,0.026033679998019338,2.257809e6,-9.793193401740848e-5,-7.17802243405429e-6,9.793193401740848e-5,7.17802243405429e-6,8.159525231773767,0.598060844529965,0.0,0.0,0.0,0.0,0.0,0.0,0.0,0.0,0.0,0.0,0.1706643337328329,0.012509018927466906,0.1706643337328329,0.012509018927466906,1.117762e6,0.013856713357435331,0.0010156421430853164,0.013856713357435331,0.0010156421430853164,645.0,9.793649540322679e-5,7.178356765547512e-6,5.7372184098666195e-5,4.2051535965552705e-6,400077.0,20.81999902328144,1.526023370880604,15.910070733820364,1.1661450965979325,2.1945135e7,3.9951575295777917,0.292829204923009,2.4798886247175953,0.18176600269136592,8.782355e6,0.1763749490506098,0.012927584385961477,NaN,NaN,119506.0,0.18373392005580988,0.013466967780120642,0.18373392005581032,0.013466967780120674,1.118252e6,0.02358680246926756,0.02358680246926756,0.013466967780120642,1.0,0.17145146076729295,0.012566712217898611,0.17145146076729365,0.012566712217898662,1.118252e6,0.029301941276736,0.029301941276736,0.012566712217898611,1.0,0.0,0.0,0.0,0.0,0.0,0.0,0.0,0.0,1.0,0.0,0.0,0.0,0.0,0.0,0.0,0.0,0.0,1.0,21.236735541410546,1.5565685051744764,16.21738996818353,1.1886703778640317,1.236183e7,2.726261357484628,2.726261357484628,1.5565685051744764,1.0,4.780297516505875,0.35037685264985835,3.048940411373148,0.2234752421926111,2.3153111e7,0.8169775660535115,0.8169775660535115,0.35037685264985835,1.0,19.770137733583656,1.4490727013599114,14.293831189503202,1.047681146872892,1.1724492e7,2.5765587941730317,2.5765587941730317,1.4490727013599114,1.0,0.8541186549614102,0.0626035105726335,0.5136277788082743,0.03764687949881488,2.2215191e7,0.2784126692806325,0.2784126692806325,0.0626035105726335,1.0,13.643302861912982,1.0,0,1.310999763824068e6,0.0,0.0,0.0,1
3.888e6,0.0020483185990966134,0.00014562813149518748,1.1144640727979708e-5,7.923441236713097e-7,0.0,0.0,0.0,0.0,0.0,0.18931891175582793,0.0,0.0,0.0,0.35518538082310397,0.025252411107572776,2.257809e6,-9.79319341441918e-5,-6.962610498883491e-6,9.79319341441918e-5,6.962610498883491e-6,8.165250437334944,0.580520122652689,0.0,0.0,0.0,0.0,0.0,0.0,0.0,0.0,0.0,0.0,0.1706643337328329,0.012133624156586238,0.1706643337328329,0.012133624156586238,1.117762e6,0.013856713357435331,0.0009851627944000977,0.013856713357435331,0.0009851627944000977,645.0,9.793649739830855e-5,6.962934929941654e-6,5.7372185265131116e-5,4.078957318281271e-6,400077.0,20.91335096021432,1.486864506811738,15.964752719352191,1.1350368586836783,2.2074735e7,3.9951575295777917,0.28404142125055265,2.4798886247175953,0.17631121784134107,8.782355e6,0.1763749490506098,0.012539628495355814,NaN,NaN,119506.0,0.18373392005580988,0.01306282503210903,0.18373392005581032,0.013062825032109062,1.118252e6,0.022360888167059185,0.022360888167059185,0.01306282503210903,1.0,0.17145146076729295,0.012189586075463662,0.17145146076729365,0.012189586075463712,1.118252e6,0.0293249185800356,0.0293249185800356,0.012189586075463662,1.0,0.0,0.0,0.0,0.0,0.0,0.0,0.0,0.0,1.0,0.0,0.0,0.0,0.0,0.0,0.0,0.0,0.0,1.0,21.326509384286688,1.5162385940927359,16.269976085948926,1.1567371491491152,1.2438672e7,2.595490757454687,2.595490757454687,1.5162385940927359,1.0,4.786643053606589,0.340313213158627,3.052657289459969,0.2170330227706196,2.3282711e7,0.8187035397104274,0.8187035397104274,0.340313213158627,1.0,19.86250922809893,1.4121534154743731,14.347938780323778,1.0200871662774649,1.1801238e7,2.4522841311418886,2.4522841311418886,1.4121534154743731,1.0,0.8629875581429722,0.06135533097799487,0.5188227602576406,0.03688644392860492,2.2344594e7,0.2807854084385305,0.2807854084385305,0.06135533097799487,1.0,14.06540465819479,1.0,0,1.310999763824068e6,0.0,0.0,0.0,1
3.9096e6,0.001667121140324136,0.00011783709160111393,1.0789245835104238e-5,7.626160565217977e-7,0.0,0.0,0.0,0.0,0.0,0.18931891175582793,0.0,0.0,0.0,0.35518538082310397,0.025105561463452514,2.257809e6,-9.79319341544204e-5,-6.922121024381579e-6,9.79319341544204e-5,6.922121024381579e-6,8.16985478702721,0.577469689286974,0.0,0.0,0.0,0.0,0.0,0.0,0.0,0.0,0.0,0.0,0.1706643337328329,0.012063063829428039,0.1706643337328329,0.012063063829428039,1.117762e6,0.013856713357435331,0.0009794338045962373,0.013856713357435331,0.0009794338045962373,645.0,9.793649952889234e-5,6.922443718657856e-6,5.737218652212693e-5,4.055237160060016e-6,400077.0,20.953837143256376,1.481079669090306,15.988470465894371,1.130112751425484,2.2204335e7,3.9951575295777917,0.28238964307189196,2.4798886247175953,0.17528592011891306,8.782355e6,0.1763749490506098,0.012466707142456127,NaN,NaN,119506.0,0.18373392005580988,0.012986861148937686,0.18373392005581032,0.012986861148937717,1.118252e6,0.02211889738005177,0.02211889738005177,0.012986861148937686,1.0,0.17145146076729295,0.012118700314514747,0.17145146076729365,0.012118700314514797,1.118252e6,0.029361285326839293,0.029361285326839293,0.012118700314514747,1.0,0.0,0.0,0.0,0.0,0.0,0.0,0.0,0.0,1.0,0.0,0.0,0.0,0.0,0.0,0.0,0.0,0.0,1.0,21.36557083159868,1.5101822334900494,16.292859291854136,1.151627860975353,1.2512639e7,2.5721046421194833,2.5721046421194833,1.5101822334900494,1.0,4.788831578966079,0.3384888906892612,3.0539392044617695,0.2158615262418339,2.3412295e7,0.8200936273330616,0.8200936273330616,0.3384888906892612,1.0,19.901515194392253,1.4066984169528312,14.370789475211621,1.015770236973654,1.187519e7,2.4288116806685607,2.4288116806685607,1.4066984169528312,1.0,0.866147958774123,0.06122191956508929,0.5206739803377151,0.036802788970358095,2.2472981e7,0.2821704871555396,0.2821704871555396,0.06122191956508929,1.0,14.147677252315827,1.0,0,1.310999763824068e6,0.0,0.0,0.0,1
3.9312e6,0.0013037953151431667,9.283004503685705e-5,1.0846349725148107e-5,7.72258591342184e-7,0.0,0.0,0.0,0.0,0.0,0.18931891175582793,0.0,0.0,0.0,0.35518538082310397,0.025289149696493117,2.257809e6,-9.869975247392999e-5,-7.027408643722173e-6,9.869975247392999e-5,7.027408643722173e-6,8.172356008706473,0.5818706107730925,0.0,0.0,0.0,0.0,0.0,0.0,0.0,0.0,0.0,0.0,0.1706643337328329,0.012151276816686844,0.1706643337328329,0.012151276816686844,1.117762e6,0.013856713357435331,0.0009865960631192273,0.013856713357435331,0.0009865960631192273,645.0,9.870431891378063e-5,7.027733773604195e-6,5.782195944347872e-5,4.116915467416023e-6,444028.0,20.977874450088827,1.4936217421255586,16.002617162355303,1.139384115462865,2.2333935e7,3.9951575295777917,0.28445466024651306,2.4798886247175953,0.17656772504482057,8.782355e6,0.1763749490506098,0.012557871832775841,NaN,NaN,119506.0,0.18373392005580988,0.013081829544468213,0.18373392005581032,0.013081829544468244,1.118252e6,0.022375376142685005,0.022375376142685005,0.013081829544468213,1.0,0.17145146076729295,0.012207320152024822,0.17145146076729365,0.012207320152024873,1.118252e6,0.029397166119794264,0.029397166119794264,0.012207320152024822,1.0,0.0,0.0,0.0,0.0,0.0,0.0,0.0,0.0,1.0,0.0,0.0,0.0,0.0,0.0,0.0,0.0,0.0,1.0,21.388421509624283,1.5228526356437186,16.306310517156675,1.1610070400708659,1.2586079e7,2.604712163278122,2.604712163278122,1.5228526356437186,1.0,4.790182402252392,0.3410603205665156,3.054731243719598,0.21749643953801628,2.3541872e7,0.8213274310579214,0.8213274310579214,0.3410603205665156,1.0,19.924349264080295,1.4186108954621803,14.38423093921263,1.0241552415465123,1.194863e7,2.4580170262115493,2.4580170262115493,1.4186108954621803,1.0,0.8677435666011029,0.06178322120997807,0.52160935659705,0.03713851361648218,2.2602569e7,0.2832411013889436,0.2832411013889436,0.06178322120997807,1.0,14.044971265774034,1.0,0,1.310999763824068e6,0.0,0.0,0.0,1
3.9528e6,0.0009726219712562839,7.040594614148015e-5,1.3373434876999388e-5,9.680732735868965e-7,0.0,0.0,0.0,0.0,0.0,0.18931891175582793,0.0,0.0,0.0,0.35518538082310397,0.02571108152139742,2.257809e6,-0.00010557016573363024,-7.641990025362674e-6,0.00010557016573363024,7.641990025362674e-6,8.174095557493807,0.5917046381677684,0.0,0.0,0.0,0.0,0.0,0.0,0.0,0.0,0.0,0.0,0.1706643337328329,0.012354012395530486,0.1706643337328329,0.012354012395530486,1.117762e6,0.013856713357435331,0.001003056730336244,0.013856713357435331,0.001003056730336244,645.0,0.00010557473217348092,7.64232057981002e-6,6.18465788295787e-5,4.476936596945081e-6,532665.0,21.053553446659507,1.524020013795988,16.107203889322207,1.1659647458474294,2.2463535e7,3.9951575295777917,0.2892005878613505,2.4798886247175953,0.17951363439098153,8.782355e6,0.1763749490506098,0.012767391165885416,NaN,NaN,119506.0,0.18373392005580988,0.013300090746565883,0.18373392005581032,0.013300090746565916,1.118252e6,0.0229985648067495,0.0229985648067495,0.013300090746565883,1.0,0.17145146076729295,0.012410990774831454,0.17145146076729365,0.012410990774831505,1.118252e6,0.029435762982049033,0.029435762982049033,0.012410990774831454,1.0,0.0,0.0,0.0,0.0,0.0,0.0,0.0,0.0,1.0,0.0,0.0,0.0,0.0,0.0,0.0,0.0,0.0,1.0,21.45628499740904,1.5531728570480505,16.403626529568513,1.1874221229796158,1.26605e7,2.6857520967010737,2.6857520967010737,1.5531728570480505,1.0,4.799343531345649,0.34741382794996134,3.0630409083275967,0.22172673412087482,2.3671399e7,0.8239786236051169,0.8239786236051169,0.34741382794996134,1.0,19.993219807226104,1.4472648146372427,14.481374853709358,1.0482745898572654,1.2022976e7,2.533143741696581,2.533143741696581,1.4472648146372427,1.0,0.8766878257739548,0.06346148623869431,0.5289082920249092,0.03828649755257873,2.2731734e7,0.28688902294263496,0.28688902294263496,0.06346148623869431,1.0,13.814486198393078,1.0,0,1.310999763824068e6,0.0,0.0,0.0,1
3.9744e6,0.0006870676588488869,5.056174004519241e-5,1.455744902434112e-5,1.0712918062873948e-6,0.0,0.0,0.0,0.0,0.0,0.18931891175582793,0.0,0.0,0.0,0.35518538082310397,0.026138314999600783,2.257809e6,-0.00011002016736118049,-8.096453137038212e-6,0.00011002016736118049,8.096453137038212e-6,8.175877049627447,0.6016679212019752,0.0,0.0,0.0,0.0,0.0,0.0,0.0,0.0,0.0,0.0,0.1706643337328329,0.012559295385322938,0.1706643337328329,0.012559295385322938,1.117762e6,0.013856713357435331,0.001019724228954698,0.013856713357435331,0.001019724228954698,645.0,0.00011002473380103117,8.096789184211572e-6,6.445338723222713e-5,4.743165201121403e-6,620967.0,21.11395030990153,1.5537888490995744,16.191587887420063,1.191549110395077,2.2593135e7,3.9951575295777917,0.2940061489556061,2.4798886247175953,0.18249655964606887,8.782355e6,0.1763749490506098,0.012979543149101082,NaN,NaN,119506.0,0.18373392005580988,0.013521094442009296,0.18373392005581032,0.01352109444200933,1.118252e6,0.023640370632021523,0.023640370632021523,0.013521094442009296,1.0,0.17145146076729295,0.012617220557591402,0.17145146076729365,0.012617220557591454,1.118252e6,0.029479406908411866,0.029479406908411866,0.012617220557591402,1.0,0.0,0.0,0.0,0.0,0.0,0.0,0.0,0.0,1.0,0.0,0.0,0.0,0.0,0.0,0.0,0.0,0.0,1.0,21.510245952102906,1.5829524940244413,16.481878580146383,1.2129117845860844,1.2734753e7,2.7676445728648877,2.7676445728648877,1.5829524940244413,1.0,4.806901207293484,0.35374287544445443,3.069868360158261,0.22591353849973836,2.3800816e7,0.8264997919771193,0.8264997919771193,0.35374287544445443,1.0,20.047573221416773,1.4753134901684766,14.559414551269272,1.071436450647107,1.2097207e7,2.608333010280362,2.608333010280362,1.4753134901684766,1.0,0.8835618821360754,0.06502187320714922,0.5346241744795714,0.03934332839534363,2.2861111e7,0.29005957489225775,0.29005957489225775,0.06502187320714922,1.0,13.58868698416592,1.0,0,1.310999763824068e6,0.0,0.0,0.0,1
3.996e6,0.0004465108200552807,3.339782092247682e-5,1.5305098749853086e-5,1.144780650970861e-6,0.0,0.0,0.0,0.0,0.0,0.18931891175582793,0.0,0.0,0.0,0.35518538082310397,0.02656692113652055,2.257809e6,-0.0001137961448440049,-8.511648758473042e-6,0.0001137961448440049,8.511648758473042e-6,8.177781908004416,0.6116763210190257,0.0,0.0,0.0,0.0,0.0,0.0,0.0,0.0,0.0,0.0,0.1706643337328329,0.012765237928965086,0.1706643337328329,0.012765237928965086,1.117762e6,0.013856713357435331,0.0010364452785901635,0.013856713357435331,0.0010364452785901635,645.0,0.00011380071132023354,8.51199031874097e-6,6.666535969557337e-5,4.986391471027762e-6,707255.0,21.146291600644258,1.5816863294944474,16.23175830274584,1.2140923191624247,2.2722735e7,3.9951575295777917,0.29882714984018666,2.4798886247175953,0.1854890687436233,8.782355e6,0.1763749490506098,0.013192376755559822,NaN,NaN,119506.0,0.18373392005580988,0.013742808200367685,0.18373392005581032,0.013742808200367718,1.118252e6,0.024297841534155373,0.024297841534155373,0.013742808200367685,1.0,0.17145146076729295,0.012824112936152777,0.17145146076729365,0.01282411293615283,1.118252e6,0.029523488086632833,0.029523488086632833,0.012824112936152777,1.0,0.0,0.0,0.0,0.0,0.0,0.0,0.0,0.0,1.0,0.0,0.0,0.0,0.0,0.0,0.0,0.0,0.0,1.0,21.539333710745197,1.6110848332227972,16.519341078307825,1.235602745354155,1.2808854e7,2.8484632401899725,2.8484632401899725,1.6110848332227972,1.0,4.810665193234486,0.359824952554893,3.0728984229432923,0.22984462331666575,2.3930228e7,0.8283838229527152,0.8283838229527152,0.359824952554893,1.0,20.07669956847253,1.5016836922769288,14.596795548297031,1.0918014566896175,1.2171293e7,2.681965624212185,2.681965624212185,1.5016836922769288,1.0,0.8867523015024098,0.06632671200331734,0.5370287645504234,0.04016832225130284,2.2990386e7,0.2919486917615012,0.2919486917615012,0.06632671200331734,1.0,13.369459674980703,1.0,0,1.310999763824068e6,0.0,0.0,0.0,1
4.0176e6,0.00024641448152920136,1.8723847609686245e-5,1.566542980992458e-5,1.1903404324331663e-6,0.0,0.0,0.0,0.0,0.0,0.18931891175582793,0.0,0.0,0.0,0.35518538082310397,0.026988823475182257,2.257809e6,-0.00011653705869809741,-8.855088850310351e-6,0.00011653705869809741,8.855088850310351e-6,8.179259737330131,0.6215024861015038,0.0,0.0,0.0,0.0,0.0,0.0,0.0,0.0,0.0,0.0,0.1706643337328329,0.012967959339855263,0.1706643337328329,0.012967959339855263,1.117762e6,0.013856713357435331,0.0010529047954715143,0.013856713357435331,0.0010529047954715143,645.0,0.00011654162517432601,8.85543583480772e-6,6.827094032376333e-5,5.18757937788102e-6,797912.0,21.17667336125248,1.6091132405674191,16.27077207687963,1.2363374707883379,2.2852334e7,3.9951575295777917,0.3035727457910805,2.4798886247175953,0.18843477221814217,8.782355e6,0.1763749490506098,0.01340188144664071,NaN,NaN,119506.0,0.18373392005580988,0.013961054149520745,0.18373392005581032,0.013961054149520778,1.118252e6,0.024959201545496336,0.024959201545496336,0.013961054149520745,1.0,0.17145146076729295,0.013027769325661425,0.17145146076729365,0.013027769325661478,1.118252e6,0.029566403094842715,0.029566403094842715,0.013027769325661425,1.0,0.0,0.0,0.0,0.0,0.0,0.0,0.0,0.0,1.0,0.0,0.0,0.0,0.0,0.0,0.0,0.0,0.0,1.0,21.56647191558561,1.6387321521042584,16.555544367695692,1.2579759432661386,1.2882829e7,2.929681786590535,2.929681786590535,1.6387321521042584,1.0,4.814397869926041,0.36582286677908066,3.0760284467934023,0.23373256118469737,2.405915e7,0.8302316436626122,0.8302316436626122,0.36582286677908066,1.0,20.10383170380927,1.5275931790084178,14.632925805568398,1.111885434520777,1.2245258e7,2.755776224588323,2.755776224588323,1.5275931790084178,1.0,0.8898124414352522,0.06761255447018909,0.5394208451480053,0.040987987553980296,2.3119054e7,0.2937432006786344,0.2937432006786344,0.06761255447018909,1.0,13.160461816711534,1.0,0,1.310999763824068e6,0.0,0.0,0.0,1
4.0392e6,0.00010620682055430225,8.18363463429128e-6,1.5790560118275264e-5,1.2167219958600052e-6,0.0,0.0,0.0,0.011294229267361618,0.0008702628072059604,0.18369390157153478,0.0,0.0,0.0,0.35519803849316145,0.027369343651133464,2.260735e6,-0.00011883749179487197,-9.156875317697522e-6,0.00011883749179487197,9.156875317697522e-6,8.180821774761712,0.6303630601452199,0.0,0.0,0.0,0.0,0.0,0.0,0.0,0.0,0.0,0.0,0.1706655789674882,0.01315042419715043,0.1706655789674882,0.01315042419715043,1.119221e6,0.013866880558182162,0.0010684952568323824,0.013866880558182162,0.0010684952568323824,649.0,0.00011884205827110059,9.157227181851125e-6,6.961847170689045e-5,5.364364861629948e-6,885652.0,21.196084153843195,1.6332379360142437,16.291041455275753,1.2552859636157248,2.2981455e7,3.9951621337858536,0.30784225567643686,2.4798913242159353,0.1910849456203771,8.797026e6,0.1763749490506098,0.013590352617080215,NaN,NaN,119506.0,0.18374512297589396,0.014158252214120386,0.1837451229758944,0.014158252214120419,1.119715e6,0.025575008102979527,0.025575008102979527,0.014170584346633637,1.0,0.1714529155172664,0.013211091437012995,0.17145291551726707,0.013211091437013047,1.119715e6,0.02959501342109788,0.02959501342109788,0.013222598572765488,1.0,0.0,0.0,0.0,0.0,0.0,0.0,0.0,0.0,1.0,0.0,0.0,0.0,0.0,0.0,0.0,0.0,0.0,1.0,21.5842618738667,1.6631484880603844,16.57452975750021,1.2771298026120568,1.2956729e7,3.0042575464350896,3.0042575464350896,1.6645971250272777,1.0,4.816292945160487,0.371113470389181,3.0774853806209133,0.2371318133424171,2.4187832e7,0.831355091990892,0.831355091990892,0.3714367179500436,1.0,20.1215975706166,1.5504447070042613,14.651874113856342,1.1289819601945843,1.2318728e7,2.8232348743453266,2.823230115114052,1.5517951766308846,1.0,0.8913717838215867,0.06868354559566789,0.5405593391680515,0.04165212843033437,2.3247128e7,0.2948413056369127,0.29484124581673743,0.06874337039416392,1.0,12.966658147696249,1.0,0,1.3110440015140641e6,44.237689996138215,0.00015794672614923434,1464.0,1
4.0608e6,7.40511648711092e-5,5.7662492682477355e-6,2.5572719482424917e-5,1.991307972795547e-6,0.0,0.0,0.0,0.05916347402869824,0.004606967890630362,0.1821346923891155,0.0,0.0,0.0,0.35522809976755215,0.027661060753209454,2.273677e6,-0.00012065100765776858,-9.394906694997669e-6,0.00012065100765776858,9.394906694997669e-6,8.18125640695714,0.6370617376792803,0.0,0.0,0.0,0.0,0.0,0.0,0.0,0.0,0.0,0.0,0.1706805922628934,0.01329063279359669,0.1706805922628934,0.01329063279359669,1.12537e6,0.013866915241762931,0.0010797951660158828,0.013866915241762931,0.0010797951660158828,650.0,0.00012065557413399721,9.395262279413629e-6,7.068078558368589e-5,5.503803064549943e-6,975024.0,21.20613142856154,1.6512885387440455,16.296932950510254,1.2690168731866238,2.3107892e7,3.995464090771508,0.31112058709436774,2.4800734793149846,0.19311947232959764,8.838535e6,0.1763749490506098,0.013734043518025709,NaN,NaN,119506.0,0.18376013633485924,0.014309116588757243,0.18376013633485963,0.014309116588757274,1.125865e6,0.026069063600321712,0.026069063600321712,0.01437534333391337,1.0,0.17146796343269188,0.01335194416445213,0.17146796343269252,0.01335194416445218,1.125865e6,0.02959839819201498,0.02959839819201498,0.013413740837785045,1.0,0.0,0.0,0.0,0.0,0.0,0.0,0.0,0.0,1.0,0.0,0.0,0.0,0.0,0.0,0.0,0.0,0.0,1.0,21.59383845748222,1.6814786832974715,16.580166325363702,1.2910718164590858,1.302985e7,3.0634018854740535,3.0634018854740535,1.6892610547355305,1.0,4.817259852726119,0.3751125475080606,3.0780652031694347,0.2396841596791577,2.4315799e7,0.8315441115702338,0.8315441115702338,0.3768486772638417,1.0,20.131133828557164,1.5675801442146338,14.657472470198952,1.1413546303121112,1.2389129e7,2.876573696187251,2.876573696187251,1.574835360151883,1.0,0.8921000177208231,0.06946644368579581,0.5409861933107213,0.042125755168601293,2.3372304e7,0.295076656519064,0.29507664191701993,0.06978795455156767,1.0,12.783008521357841,1.0,0,1.3117941202344098e6,750.1187203456648,0.0027167093314925408,6729.0,1
4.0824e6,4.4350042606890096e-5,3.4846510072173598e-6,2.597413958764399e-5,2.040828065892916e-6,0.0,0.0,0.0,0.11593215998581764,0.00910896798102967,0.1821346923891155,0.0,0.0,0.0,0.3554551637990797,0.027928658502813786,2.286407e6,-0.0001220992249038826,-9.593523749527878e-6,0.0001220992249038826,9.593523749527878e-6,8.182395124805115,0.6429033601125085,0.0,0.0,0.0,0.0,0.0,0.0,0.0,0.0,0.0,0.0,0.1707941242786573,0.013419556830413688,0.1707941242786573,0.013419556830413688,1.131735e6,0.013866915241762931,0.0010895448419862373,0.013866915241762931,0.0010895448419862373,650.0,0.00012210379138011116,9.59388254458317e-6,7.15291159548466e-5,5.6201525704667555e-6,1.069225e6,21.214182978153087,1.666830959721105,16.301667073183612,1.2808470352419952,2.3235332e7,4.000294985051619,0.3143093248496915,2.482986318965519,0.1950920510715793,8.935356e6,0.1763749490506098,0.013858050809665618,NaN,NaN,119506.0,0.18387366835062302,0.014447236709513474,0.18387366835062344,0.014447236709513507,1.13223e6,0.026536258732558413,0.026536258732558413,0.01458004588060182,1.0,0.1715814954484557,0.013481421793300231,0.1715814954484563,0.01348142179330028,1.13223e6,0.029592768539510473,0.029592768539510473,0.013605352513718312,1.0,0.0,0.0,0.0,0.0,0.0,0.0,0.0,0.0,1.0,0.0,0.0,0.0,0.0,0.0,0.0,0.0,0.0,1.0,21.606039515000067,1.6976197300479323,16.58759957273454,1.303313191168563,1.3103289e7,3.1181379035884125,3.1181379035884125,1.7132254457778076,1.0,4.818368681257561,0.3785866324214138,3.078868822018584,0.24191145512158743,2.4443461e7,0.8310270798713025,0.8310270798713025,0.38206686728209877,1.0,20.143300229860273,1.5826900563960087,14.664701013970816,1.1522280961898306,1.2460698e7,2.9267001459972652,2.9267001459972652,1.5972392576520045,1.0,0.8926865644734466,0.07013975530067543,0.5413306066611469,0.04253317771212901,2.3497815e7,0.2946119560936101,0.29461193280686093,0.07078452931172821,1.0,12.61132302712845,1.0,0,1.313715711199712e6,1921.5909653021954,0.007054180160047243,8640.0,1
4.104e6,2.1781697864759765e-5,1.7279025146011332e-6,2.665446878820189e-5,2.114450578207918e-6,0.0,0.0,0.0,0.15351181165598154,0.012177813090066549,0.17989354990080542,0.0,0.0,0.0,0.3560508293879523,0.028244865356461375,2.299951e6,-0.00012329349028938715,-9.780648562280115e-6,0.00012329349028938715,9.780648562280115e-6,8.184709839976318,0.6492781601133322,0.0,0.0,0.0,0.0,0.0,0.0,0.0,0.0,0.0,0.0,0.17109147532953306,0.013572375867310676,0.17109147532953306,0.013572375867310676,1.138506e6,0.013867878728884673,0.001100113621839905,0.013867878728884673,0.001100113621839905,652.0,0.00012329805676561585,9.78101081254212e-6,7.222868789095907e-5,5.7297705719739615e-6,1.122658e6,21.220322877781285,1.6833696568938539,16.30531114133687,1.293470706342505,2.336248e7,4.020753008749761,0.31895903053769625,2.4951342294977548,0.1979344648055094,9.035469e6,0.1763749490506098,0.013991504237613143,NaN,NaN,119506.0,0.18417151120048714,0.014609991346729311,0.18417151120048758,0.014609991346729346,1.139002e6,0.027091282816395154,0.027091282816395154,0.014790102449947709,1.0,0.17187931818746408,0.013634874009731979,0.17187931818746474,0.013634874009732031,1.139002e6,0.029595168011119354,0.029595168011119354,0.01380296392449339,1.0,0.0,0.0,0.0,0.0,0.0,0.0,0.0,0.0,1.0,0.0,0.0,0.0,0.0,0.0,0.0,0.0,0.0,1.0,21.63236669048292,1.7160563438781997,16.60351477637455,1.3171266588786223,1.3175903e7,3.182080443276988,3.182080443276988,1.7372117842850845,1.0,4.819709709478584,0.38233881391446767,3.0798728829244935,0.24432071972070613,2.4572221e7,0.8298852946418385,0.8298852946418385,0.38705226404205895,1.0,20.169535543466093,1.6000126069270668,14.680280782479949,1.1645600006295727,1.2531686e7,2.98564654943043,2.98564654943043,1.6197374670558506,1.0,0.8934310665302183,0.07087426315732541,0.5417672817897198,0.04297741408155384,2.3620749e7,0.2938497687085859,0.29384971135100973,0.07174799685258285,1.0,12.452348577283741,1.0,0,1.3166541370978977e6,2938.4258981856983,0.010924705101436373,8932.0,1
4.1256e6,1.6119355741468146e-5,1.288597078315225e-6,2.7260142297334153e-5,2.1792024620707756e-6,0.0,0.0,0.0,0.19739324818221815,0.01577980950146779,0.17186580107219085,0.0,0.0,0.0,0.35654408140705407,0.028502482913121054,2.321741e6,-0.00012426773130920613,-9.934084095058238e-6,0.00012426773130920613,9.934084095058238e-6,8.186519102406253,0.6544383513910628,0.0,0.0,0.0,0.0,0.0,0.0,0.0,0.0,0.0,0.0,0.17133473672216443,0.013696666584888004,0.17133473672216443,0.013696666584888004,1.149399e6,0.01387460796272449,0.0011091497433449867,0.01387460796272449,0.0011091497433449867,654.0,0.0001242722977854348,9.934449143638395e-6,7.279937474969153e-5,5.819653285788429e-6,1.146245e6,21.22342149744652,1.6966210915679707,16.307206146439217,1.3036140235882503,2.3486187e7,4.058906803856329,0.32447298344236924,2.517729800103715,0.20126978499857395,9.119794e6,0.1763749490506098,0.014099586092633265,NaN,NaN,119506.0,0.18441882179541919,0.014742621154551737,0.18441882179541969,0.014742621154551777,1.149897e6,0.02760464128360875,0.02760464128360875,0.014978986711382368,1.0,0.17212525961163366,0.01375986175856922,0.17212525961163438,0.013759861758569277,1.149897e6,0.029531544665436102,0.029531544665436102,0.013980470926530682,1.0,0.0,0.0,0.0,0.0,0.0,0.0,0.0,0.0,1.0,0.0,0.0,0.0,0.0,0.0,0.0,0.0,0.0,1.0,21.673350966235216,1.7325888937697371,16.627987722007642,1.329257616774263,1.3249229e7,3.2441649556809993,3.2441649556809993,1.7603671520822362,1.0,4.820995990287004,0.3853951390669806,3.0808089737196465,0.2462828853742317,2.4698101e7,0.8271386706418443,0.8271386706418443,0.391574103831144,1.0,20.21041162573016,1.6156400907181632,14.704613195103832,1.1755011741704073,1.2602837e7,3.0429471559326897,3.0429471559326897,1.641543331782089,1.0,0.894483562899832,0.07150589168948604,0.5424746832009697,0.04336595724073766,2.3741017e7,0.29225660429765254,0.29225658570340435,0.07265233164264442,1.0,12.311835596681673,1.0,0,1.3203806147425415e6,3726.4776446437463,0.014012704427636278,13055.0,1
4.1472e6,1.2272199689886218e-5,9.874538484671005e-7,2.7743415623115285e-5,2.232309057784038e-6,0.0,0.0,0.0,0.22974789360696493,0.018486126974153798,0.17186580107219085,0.0,0.0,0.0,0.3577525134216245,0.02878571935788281,2.347661e6,-0.00012504377721945725,-1.0061355108487533e-5,0.00012504377721945725,1.0061355108487533e-5,8.189208813898679,0.6589255360511432,0.0,0.0,0.0,0.0,0.0,0.0,0.0,0.0,0.0,0.0,0.17193895272945006,0.013834665737554706,0.17193895272945006,0.013834665737554706,1.162359e6,0.01387460796272449,0.00111638788277341,0.01387460796272449,0.00111638788277341,654.0,0.00012504834369568584,1.0061722539318176e-5,7.325396399224178e-5,5.894208902029381e-6,1.169561e6,21.226544276410717,1.7079442451276965,16.309052873480002,1.3122697993615002,2.3609301e7,4.11224620198926,0.33088227380662516,2.549428318916385,0.20513378762730478,9.164274e6,0.17681999324665593,0.014227407248044539,NaN,NaN,120283.0,0.18502303780270438,0.014887446044731707,0.1850230378027049,0.01488744604473175,1.162857e6,0.028120545840822648,0.028120545840822648,0.015167840673342857,1.0,0.17272947561891885,0.013898273313151003,0.17272947561891958,0.01389827331315106,1.162857e6,0.02953397193148485,0.02953397193148485,0.014160037565546481,1.0,0.0,0.0,0.0,0.0,0.0,0.0,0.0,0.0,1.0,0.0,0.0,0.0,0.0,0.0,0.0,0.0,0.0,1.0,21.729358815649373,1.748402041153099,16.662041824842305,1.3406722298382736,1.332411e7,3.3025153944273886,3.3025153944273886,1.7813319701361554,1.0,4.8233812729154355,0.38810209423903597,3.082982893959501,0.24806500874553267,2.4825328e7,0.8247208915484681,0.8247208915484681,0.39541172560565124,1.0,20.266373285307598,1.6306863317698643,14.738194284577531,1.1858743365914737,1.2675518e7,3.09669257600921,3.09669257600921,1.661399167739449,1.0,0.8966572741149416,0.07214743065259134,0.5439127723467261,0.043764669240740184,2.3864224e7,0.2910306085779459,0.2910305644960179,0.07350627702303651,1.0,12.198376933631579,1.0,0,1.3250463168089602e6,4665.702066418715,0.017707661148068488,15120.0,1
4.1688e6,0.0006664913540817164,5.473004615931926e-5,1.7157059445170336e-5,1.4088804748054217e-6,0.0,0.0,0.0,0.06581025553301749,0.00540411859961958,0.183160431776895,0.0,0.0,0.0,0.3742486351353711,0.0307320491865072,2.371327e6,-0.00012583701808346496,-1.0333316052911211e-5,0.00012583701808346496,1.0333316052911211e-5,8.200821288514247,0.6734240810716998,0.0,0.0,0.0,0.0,0.0,0.0,0.0,0.0,0.0,0.0,0.18016404791555207,0.014794470473294423,0.18016404791555207,0.014794470473294423,1.174191e6,0.013920539304266224,0.0011431082399182898,0.013920539304266224,0.0011431082399182898,658.0,0.00012586594483923229,1.0335691421576821e-5,7.373298543709564e-5,6.054706744090623e-6,1.194748e6,21.334468367124657,1.7519153569906758,16.43983661126577,1.3499845287954424,2.3734963e7,4.351331226056833,0.35731680148303785,2.695001346717592,0.22130451835868403,9.205816e6,0.18709423711553996,0.01536355448689087,NaN,NaN,120691.0,0.19328872541629696,0.015872225197407285,0.19328872541629738,0.01587222519740732,1.17469e6,0.030498181112801812,0.030498181112801812,0.01595846664381855,1.0,0.18095990971907308,0.014859823989099828,0.18095990971907372,0.01485982398909988,1.17469e6,0.03098929059309212,0.03098929059309212,0.014940564571992148,1.0,0.0,0.0,0.0,0.0,0.0,0.0,0.0,0.0,1.0,0.0,0.0,0.0,0.0,0.0,0.0,0.0,0.0,1.0,22.024837003259105,1.8086061258824087,16.915196151901892,1.3890194681715622,1.3400118e7,3.475202531645956,3.475202531645956,1.8184331543138008,1.0,4.8976365536723,0.40217757216575956,3.1318585656677262,0.25717777554611526,2.4954203e7,0.8387177171823279,0.8387177171823279,0.404362796676272,1.0,20.557085369929016,1.6880792591036942,14.985772024406446,1.2305815966042395,1.2749482e7,3.2580674812071386,3.2580674812071386,1.6972514070004963,1.0,0.9520182926915405,0.07817656565899882,0.5788935824347452,0.04753680943339403,2.3988646e7,0.3095683193911554,0.3095663031177075,0.07860133660409596,1.0,12.111986052943662,1.0,0,1.3294919033926895e6,4445.586583729368,0.016992604911492112,14356.0,1
4.1904e6,0.0015767172358346748,0.00011880519637952967,1.7607948177799665e-5,1.3267538995326976e-6,0.0,0.0,0.0,0.0,0.0,0.18931891175582793,0.0,0.0,0.0,0.4232604532722929,0.031892555068115044,2.373089e6,-0.00012935464525117073,-9.746835819635279e-6,0.00012935464525117073,9.746835819635279e-6,9.271466877496591,0.6986023987517214,0.0,0.0,0.0,0.0,0.0,0.0,0.0,0.0,0.0,0.0,0.20454559125539054,0.015412452268145149,0.20454559125539054,0.015412452268145149,1.175062e6,0.01416927076151112,0.001067650531824697,0.01416927076151112,0.001067650531824697,667.0,0.00012938357336769203,9.749015545007777e-6,7.579306691846046e-5,5.7109860885662944e-6,1.197755e6,23.023948704333694,1.734848002598607,17.514689816591577,1.3197269084745993,2.3864323e7,4.487648454006412,0.33814303778970556,2.783467078925278,0.20973345468162796,9.220521e6,0.1894071733829445,0.01427177677647448,NaN,NaN,120814.0,0.21773886200152887,0.016406561475718763,0.21773886200152928,0.016406561475718794,1.175563e6,0.029338285031213482,0.029338285031213482,0.016406561475718763,1.0,0.20552159127076297,0.015485993592396203,0.20552159127076358,0.01548599359239625,1.175563e6,0.03514254035032252,0.03514254035032252,0.015485993592396203,1.0,0.0,0.0,0.0,0.0,0.0,0.0,0.0,0.0,1.0,0.0,0.0,0.0,0.0,0.0,0.0,0.0,0.0,1.0,23.696881910403672,1.785553328753761,18.018181349681445,1.3576648526440915,1.3477501e7,3.1929342766269624,3.1929342766269624,1.785553328753761,1.0,5.0838747089035765,0.3830685169370119,3.2242291960333422,0.2429447551542585,2.5083744e7,0.869301716617469,0.869301716617469,0.3830685169370119,1.0,22.30966642827996,1.6810270357515882,16.092017858955224,1.212528980102134,1.2826685e7,3.023087214873436,3.023087214873436,1.6810270357515882,1.0,1.0440545589762882,0.07866921480341271,0.6332406083556403,0.0477145001788216,2.4117624e7,0.33408834576059043,0.33408834576059043,0.07866921480341271,1.0,13.271450103897523,1.0,0,1.3296750641347894e6,183.16074209986255,0.0006389402755328495,1040.0,1
4.212e6,0.0013424486212624239,9.679360914131822e-5,1.733027630737031e-5,1.2495524704917084e-6,0.0,0.0,0.0,0.0,0.0,0.18931891175582793,0.0,0.0,0.0,0.4232604532722929,0.03051804458668131,2.373089e6,-0.00012935464519698642,-9.326765113764032e-6,0.00012935464519698642,9.326765113764032e-6,9.258701347539514,0.6675734960695742,0.0,0.0,0.0,0.0,0.0,0.0,0.0,0.0,0.0,0.0,0.20454559125539054,0.014748203914825155,0.20454559125539054,0.014748203914825155,1.175062e6,0.01416927076151112,0.001021636757030952,0.01416927076151112,0.001021636757030952,667.0,0.0001293835749254076,9.328851013202576e-6,7.579306783689974e-5,5.464853155368679e-6,1.197755e6,23.123328327401158,1.6672447412282116,17.572903899862812,1.2670464736011409,2.3993923e7,4.487648454006412,0.3235696946168826,2.783467078925278,0.20069432842938806,9.220521e6,0.1894071733829445,0.01365668943944394,NaN,NaN,120814.0,0.21773886200152887,0.015699468843457135,0.21773886200152928,0.015699468843457166,1.175563e6,0.02703546295087777,0.02703546295087777,0.015699468843457135,1.0,0.20552159127076297,0.014818575743224099,0.20552159127076358,0.014818575743224142,1.175563e6,0.03534920373432121,0.03534920373432121,0.014818575743224099,1.0,0.0,0.0,0.0,0.0,0.0,0.0,0.0,0.0,1.0,0.0,0.0,0.0,0.0,0.0,0.0,0.0,0.0,1.0,23.793399007909986,1.7155583664343936,18.07471874099956,1.3032284688186757,1.3555261e7,2.954298334439194,2.954298334439194,1.7155583664343936,1.0,5.09075979181404,0.36705539840907075,3.228262118230716,0.2327650658122765,2.5213344e7,0.8755980524024146,0.8755980524024146,0.36705539840907075,1.0,22.408413535763145,1.615697753272663,16.149861504891682,1.1644418694555978,1.2904445e7,2.7995709108986793,2.7995709108986793,1.615697753272663,1.0,1.051895544800549,0.07584406926886406,0.6378335044864676,0.04598925124780005,2.4247224e7,0.336585741592311,0.336585741592311,0.07584406926886406,1.0,13.869186542083115,1.0,0,1.3296750641347894e6,0.0,0.0,0.0,1
4.2336e6,0.0011262142810968235,7.999012583960023e-5,1.6945344644115985e-5,1.2035544862369766e-6,0.0,0.0,0.0,0.0,0.0,0.18931891175582793,0.0,0.0,0.0,0.4232604532722929,0.030062358015211666,2.373089e6,-0.00012935464531924597,-9.187500576663147e-6,0.00012935464531924597,9.187500576663147e-6,9.251384751369267,0.6570858165036578,0.0,0.0,0.0,0.0,0.0,0.0,0.0,0.0,0.0,0.0,0.20454559125539054,0.01452798802064513,0.20454559125539054,0.01452798802064513,1.175062e6,0.01416927076151112,0.0010063819739213563,0.01416927076151112,0.0010063819739213563,667.0,0.00012938357718561818,9.189555481906965e-6,7.579306916229194e-5,5.383253650590167e-6,1.197755e6,23.180486082686123,1.64640959531373,17.606385502855264,1.2505053572774107,2.412352e7,4.487648454006412,0.3187382459848233,2.783467078925278,0.19769761905059313,9.220521e6,0.1894071733829445,0.013452771722153435,NaN,NaN,120814.0,0.21773886200152887,0.01546504893785507,0.21773886200152928,0.0154650489378551,1.175563e6,0.02623021209993336,0.02623021209993336,0.01546504893785507,1.0,0.20552159127076297,0.014597309077356523,0.20552159127076358,0.014597309077356567,1.175563e6,0.03557438238791519,0.03557438238791519,0.014597309077356523,1.0,0.0,0.0,0.0,0.0,0.0,0.0,0.0,0.0,1.0,0.0,0.0,0.0,0.0,0.0,0.0,0.0,0.0,1.0,23.849709302353034,1.6939416240354794,18.10770396238555,1.2861118376218867,1.3631947e7,2.873088100910903,2.873088100910903,1.6939416240354794,1.0,5.093025871736122,0.3617355837361181,3.229589433056223,0.22938375893157467,2.5342942e7,0.8815679596115522,0.8815679596115522,0.3617355837361181,1.0,22.465727717621448,1.5956434023022645,16.18343475921153,1.149439324855265,1.2981126e7,2.722808025854635,2.722808025854635,1.5956434023022645,1.0,1.0548636205790347,0.07492239724713545,0.6395720392959785,0.04542603371798013,2.4376382e7,0.33877442455968276,0.33877442455968276,0.07492239724713545,1.0,14.079416293895559,1.0,0,1.3296750641347894e6,0.0,0.0,0.0,1
4.2552e6,0.0009293110489215644,6.599395039615151e-5,1.645249496227046e-5,1.1683549202315037e-6,0.0,0.0,0.0,0.0,0.0,0.18931891175582793,0.0,0.0,0.0,0.4232604532722929,0.030057352046248906,2.373089e6,-0.00012935464514244569,-9.18597066606366e-6,0.00012935464514244569,9.18597066606366e-6,9.247313759034226,0.6566873020820628,0.0,0.0,0.0,0.0,0.0,0.0,0.0,0.0,0.0,0.0,0.20454559125539054,0.0145255688272776,0.20454559125539054,0.0145255688272776,1.175062e6,0.01416927076151112,0.0010062143916936554,0.01416927076151112,0.0010062143916936554,667.0,0.00012938357944527608,9.188025402147937e-6,7.579307049394168e-5,5.382357328424888e-6,1.197755e6,23.21319147089977,1.6484579713591938,17.62554265637135,1.2516575468672793,2.4253119e7,4.487648454006412,0.3186851698500159,2.783467078925278,0.19766469854101504,9.220521e6,0.1894071733829445,0.01345053157327123,NaN,NaN,120814.0,0.21773886200152887,0.015462473705567857,0.21773886200152928,0.015462473705567886,1.175563e6,0.026111778421167832,0.026111778421167832,0.015462473705567857,1.0,0.20552159127076297,0.014594878340680973,0.20552159127076358,0.014594878340681017,1.175563e6,0.035791896734409814,0.035791896734409814,0.014594878340680973,1.0,0.0,0.0,0.0,0.0,0.0,0.0,0.0,0.0,1.0,0.0,0.0,0.0,0.0,0.0,0.0,0.0,0.0,1.0,23.882061887209016,1.6959570311482606,18.126654436167172,1.2872434209157473,1.3705486e7,2.8639954416361397,2.8639954416361397,1.6959570311482606,1.0,5.093727847358064,0.36172519769364736,3.2300006393615135,0.22937476340233692,2.547254e7,0.8870804277962158,0.8870804277962158,0.36172519769364736,1.0,22.49835923969843,1.5976949863906884,16.202548606199617,1.1506052685477322,1.3054661e7,2.713520773266423,2.713520773266423,1.5976949863906884,1.0,1.0559437410275425,0.07498662471232484,0.6402047357615994,0.04546339960582802,2.4504528e7,0.3407512114495129,0.3407512114495129,0.07498662471232484,1.0,14.08176118179096,1.0,0,1.3296750641347894e6,0.0,0.0,0.0,1
4.2768e6,0.0007520797576507342,5.4141042224700884e-5,1.607084869110913e-5,1.1569151924657827e-6,0.0,0.0,0.0,0.0,0.0,0.18931891175582793,0.0,0.0,0.0,0.4232604532722929,0.030469856208127494,2.373089e6,-0.00012964696340572322,-9.333081563023849e-6,0.00012964696340572322,9.333081563023849e-6,9.244909759238666,0.6655265542606661,0.0,0.0,0.0,0.0,0.0,0.0,0.0,0.0,0.0,0.0,0.20454559125539054,0.014724916314231418,0.20454559125539054,0.014724916314231418,1.175062e6,0.01416927076151112,0.0010200235796646085,0.01416927076151112,0.0010200235796646085,667.0,0.00012967589831239013,9.335164541574572e-6,7.596431255924524e-5,5.468551722077395e-6,1.23046e6,23.244761337863977,1.6733539126588666,17.658365944095674,1.27119806971655,2.4382718e7,4.487648454006412,0.32305877397488497,2.783467078925278,0.20037742954536913,9.220521e6,0.1894071733829445,0.013635125354018,NaN,NaN,120814.0,0.21773886200152887,0.015674679183504528,0.21773886200152928,0.01567467918350456,1.175563e6,0.026625471457033936,0.026625471457033936,0.015674679183504528,1.0,0.20552159127076297,0.014795177024622892,0.20552159127076358,0.014795177024622935,1.175563e6,0.035977243272588874,0.035977243272588874,0.014795177024622892,1.0,0.0,0.0,0.0,0.0,0.0,0.0,0.0,0.0,1.0,0.0,0.0,0.0,0.0,0.0,0.0,0.0,0.0,1.0,23.91157440300297,1.7213567394181504,18.157783074125792,1.3071503256437151,1.3780306e7,2.923947227001804,2.923947227001804,1.7213567394181504,1.0,5.096637412604494,0.36689893399305584,3.2321627180498127,0.2326783248915808,2.560211e7,0.8921834583495394,0.8921834583495394,0.36689893399305584,1.0,22.527998582549927,1.6217552860427615,16.23371119083405,1.1686394083946499,1.3129076e7,2.7695552702744073,2.7695552702744073,1.6217552860427615,1.0,1.05869070986415,0.07621348379950982,0.6420660685368089,0.04622132928598591,2.4633834e7,0.34306540141444664,0.34306540141444664,0.07621348379950982,1.0,13.891120797589878,1.0,0,1.3296750641347894e6,0.0,0.0,0.0,1
4.2984e6,0.0005952409182028903,4.365075024269477e-5,1.5684352132600122e-5,1.150179224448486e-6,0.0,0.0,0.0,0.0,0.0,0.18931891175582793,0.0,0.0,0.0,0.4232604532722929,0.031038921835513236,2.373089e6,-0.00013006083616562568,-9.537739933877757e-6,0.00013006083616562568,9.537739933877757e-6,9.243196587651711,0.6778305276959945,0.0,0.0,0.0,0.0,0.0,0.0,0.0,0.0,0.0,0.0,0.20454559125539054,0.014999923970431827,0.20454559125539054,0.014999923970431827,1.175062e6,0.01416927076151112,0.0010390738946495298,0.01416927076151112,0.0010390738946495298,667.0,0.00013008977107229275,9.539861814860054e-6,7.620676260251129e-5,5.588463863018079e-6,1.290349e6,23.315533905705056,1.7097960106064352,17.756982764667725,1.3021712654843878,2.4512318e7,4.487648454006412,0.3290923319489934,2.783467078925278,0.2041197480807537,9.220521e6,0.1894071733829445,0.013889779695379734,NaN,NaN,120814.0,0.21773886200152887,0.015967424941236458,0.21773886200152928,0.015967424941236485,1.175563e6,0.027400287691047527,0.027400287691047527,0.015967424941236458,1.0,0.20552159127076297,0.015071496894276702,0.20552159127076358,0.015071496894276745,1.175563e6,0.036124409761395616,0.036124409761395616,0.015071496894276702,1.0,0.0,0.0,0.0,0.0,0.0,0.0,0.0,0.0,1.0,0.0,0.0,0.0,0.0,0.0,0.0,0.0,0.0,1.0,23.97613930341876,1.758240128513578,18.25030662344029,1.3383481409133444,1.385563e7,3.0171605959329986,3.0171605959329986,1.758240128513578,1.0,5.105141159257852,0.37437487054696855,3.2393945257360746,0.23755423569899914,2.5731586e7,0.8973276724187765,0.8973276724187765,0.37437487054696855,1.0,22.59273038588518,1.6567907232457233,16.326270292953307,1.1972529528111524,1.3204294e7,2.857220966415735,2.857220966415735,1.6567907232457233,1.0,1.0662792452755918,0.07819336272280472,0.6478198402730038,0.047506515740540364,2.4762875e7,0.3466371965321994,0.3466371965321994,0.07819336272280472,1.0,13.636441868545148,1.0,0,1.3296750641347894e6,0.0,0.0,0.0,1
4.32e6,0.00045954984052266716,3.4364882715963676e-5,1.5254689786538006e-5,1.1407372588500122e-6,0.0,0.0,0.0,0.0,0.0,0.18931891175582793,0.0,0.0,0.0,0.4232604532722929,0.0316511824233579,2.373089e6,-0.0001304611825098304,-9.75581501853468e-6,0.0001304611825098304,9.75581501853468e-6,9.242928790553211,0.6911810990470749,0.0,0.0,0.0,0.0,0.0,0.0,0.0,0.0,0.0,0.0,0.20454559125539054,0.01529580609921293,0.20454559125539054,0.01529580609921293,1.175062e6,0.01416927076151112,0.0010595702249319907,0.01416927076151112,0.0010595702249319907,667.0,0.00013049011742946554,9.757978755809676e-6,7.644128607564808e-5,5.716237062903524e-6,1.347817e6,23.37354978438392,1.7478611157443593,17.83916420915488,1.3340028256808552,2.4641917e7,4.487648454006412,0.33558386750174346,2.783467078925278,0.20814612752823944,9.220521e6,0.1894071733829445,0.014163763589742846,NaN,NaN,120814.0,0.21773886200152887,0.016282391583206008,0.21773886200152928,0.01628239158320604,1.175563e6,0.028282077575565917,0.028282077575565917,0.016282391583206008,1.0,0.20552159127076297,0.015368790840151813,0.20552159127076358,0.015368790840151858,1.175563e6,0.036225562429947976,0.036225562429947976,0.015368790840151813,1.0,0.0,0.0,0.0,0.0,0.0,0.0,0.0,0.0,1.0,0.0,0.0,0.0,0.0,0.0,0.0,0.0,0.0,1.0,24.028348272345756,1.7968265842467666,18.32701843143162,1.370484294398068,1.3930943e7,3.121039595799974,3.121039595799974,1.7968265842467666,1.0,5.112697060430427,0.3823246563291488,3.2457302007602395,0.24271390791895017,2.5860982e7,0.901172112393923,0.901172112393923,0.3823246563291488,1.0,22.644972360965394,1.693378499284738,16.402989037583826,1.2266064412658682,1.3279508e7,2.9547363100157193,2.9547363100157193,1.693378499284738,1.0,1.0727956581705331,0.08022306553146764,0.6527697478436759,0.0488137604392676,2.4892023e7,0.3493212813901776,0.3493212813901776,0.08022306553146764,1.0,13.37265848747362,1.0,0,1.3296750641347894e6,0.0,0.0,0.0,1
4.3416e6,0.0003413948602619715,2.6026395224216524e-5,1.4797149551911215e-5,1.128067546577468e-6,0.0,0.0,0.0,0.0,0.0,0.18931891175582793,0.0,0.0,0.0,0.4232604532722929,0.03226745660784867,2.373089e6,-0.00013081413889911962,-9.972676440680703e-6,0.00013081413889911962,9.972676440680703e-6,9.243655317460481,0.7046943425687409,0.0,0.0,0.0,0.0,0.0,0.0,0.0,0.0,0.0,0.0,0.20454559125539054,0.015593627845770014,0.20454559125539054,0.015593627845770014,1.175062e6,0.01416927076151112,0.0010802009163085875,0.01416927076151112,0.0010802009163085875,667.0,0.00013084307381875485,9.974882307674803e-6,7.664804617814027e-5,5.8432992853656305e-6,1.407256e6,23.43200229195176,1.7863495428053935,17.9182570452791,1.3660066212821165,2.4771516e7,4.487648454006412,0.34211795749265234,2.783467078925278,0.2121989013956294,9.220521e6,0.1894071733829445,0.01443954355078301,NaN,NaN,120814.0,0.21773886200152887,0.016599422949057745,0.21773886200152928,0.016599422949057776,1.175563e6,0.02921776923926882,0.02921776923926882,0.016599422949057745,1.0,0.20552159127076297,0.015668033658790843,0.20552159127076358,0.015668033658790888,1.175563e6,0.036281409236479975,0.036281409236479975,0.015668033658790843,1.0,0.0,0.0,0.0,0.0,0.0,0.0,0.0,0.0,1.0,0.0,0.0,0.0,0.0,0.0,0.0,0.0,0.0,1.0,24.080760264064406,1.8358079071583548,18.400729506310174,1.4027881327142437,1.4006133e7,3.2313299060810174,3.2313299060810174,1.8358079071583548,1.0,5.120261604399696,0.3903455138874325,3.251910378280991,0.24791089319249549,2.5990258e7,0.9038967902030259,0.9038967902030259,0.3903455138874325,1.0,22.69737488749758,1.7303448825237675,16.47670230216474,1.2561090280586913,1.3354549e7,3.058208304880553,3.058208304880553,1.7303448825237675,1.0,1.0791512486929296,0.08226959504790632,0.6575806425066403,0.05013096471499065,2.5020755e7,0.3513851933717499,0.3513851933717499,0.08226959504790632,1.0,13.117254899146278,1.0,0,1.3296750641347894e6,0.0,0.0,0.0,1
4.3632e6,0.0002523130721022274,1.9520450815746322e-5,1.434918783846381e-5,1.1101391343416065e-6,0.0,0.0,0.0,0.023831266283325592,0.0018437295281004355,0.18154985730747464,0.0,0.0,0.0,0.42337874790923247,0.03275511631694597,2.379035e6,-0.00013100642858202135,-1.0135442148815069e-5,0.00013100642858202135,1.0135442148815069e-5,9.24310619679059,0.7151020690123726,0.0,0.0,0.0,0.0,0.0,0.0,0.0,0.0,0.0,0.0,0.20460003910879884,0.015829084743991844,0.20460003910879884,0.015829084743991844,1.178031e6,0.014178669691634407,0.0010969468289622525,0.014178669691634407,0.0010969468289622525,671.0,0.00013103536350165642,1.0137680727541442e-5,7.676068719100679e-5,5.938666619254044e-6,1.461658e6,23.48117073450308,1.8166440390900498,17.984776266854983,1.391410035256137,2.4901075e7,4.487807894804011,0.34720370431519304,2.783569774545262,0.21535363357707374,9.279183e6,0.1894071733829445,0.014653673633973657,NaN,NaN,120814.0,0.2177987398535492,0.016850215304422204,0.2177987398535496,0.016850215304422236,1.178536e6,0.030028351761150724,0.030028351761150724,0.016881339929323797,1.0,0.20558000805568225,0.015904901012523683,0.20558000805568288,0.015904901012523735,1.178536e6,0.036243212405746635,0.036243212405746635,0.015934279514172967,1.0,0.0,0.0,0.0,0.0,0.0,0.0,0.0,0.0,1.0,0.0,0.0,0.0,0.0,0.0,0.0,0.0,0.0,1.0,24.124503178155404,1.8664160910089491,18.462349006215874,1.4283579234173116,1.4081017e7,3.3260939341694913,3.3260939341694913,1.869863613767172,1.0,5.127043819086103,0.3966588249541707,3.257652859881218,0.25203154119704957,2.6119304e7,0.9038842828451382,0.9038842828451382,0.3973915074105999,1.0,22.74106803288165,1.759385260283105,16.53828491824194,1.279500798882671,1.3429192e7,3.147467260008395,3.1474672493840945,1.7626350826322195,1.0,1.084641811124494,0.08391438838404436,0.66191500676277,0.051209710325599025,2.5149013e7,0.35147014781387664,0.35146993440877367,0.08406938960005936,1.0,12.901744812046646,1.0,0,1.3298378718940706e6,162.80775928124785,0.0005842152648983491,2973.0,1
4.3848e6,0.0002053673373319404,1.608585660734288e-5,1.39892090277674e-5,1.095736125297733e-6,0.0,0.0,0.0,0.08129931194948034,0.006367950674557356,0.1761543023723231,0.0,0.0,0.0,0.42429110310996354,0.03323355083173059,2.395209e6,-0.00013123187114450925,-1.0279030195205032e-5,0.00013123187114450925,1.0279030195205032e-5,9.242828863176587,0.7239652696034873,0.0,0.0,0.0,0.0,0.0,0.0,0.0,0.0,0.0,0.0,0.2050531112040203,0.016061244142178403,0.2050531112040203,0.016061244142178403,1.186101e6,0.014184880701921847,0.0011110625473737016,0.014184880701921847,0.0011110625473737016,674.0,0.0001312608060641443,1.0281296587583884e-5,7.689274926276753e-5,6.022796783823703e-6,1.517582e6,23.521471620617884,1.842371939951612,18.035863481995932,1.412699397723925,2.5028272e7,4.4901517744962165,0.3517011932282516,2.7850126096157943,0.21814234955732612,9.341587e6,0.1894071733829445,0.014835741023975947,NaN,NaN,120814.0,0.21825526110883742,0.017095332099087916,0.21825526110883783,0.01709533209908795,1.186609e6,0.030874863219272245,0.030874863219272245,0.01720489200272234,1.0,0.2060358420011251,0.016138218732642592,0.20603584200112568,0.01613821873264264,1.186609e6,0.03616102954443876,0.03616102954443876,0.01624164472512588,1.0,0.0,0.0,0.0,0.0,0.0,0.0,0.0,0.0,1.0,0.0,0.0,0.0,0.0,0.0,0.0,0.0,0.0,1.0,24.161637457602726,1.8925143627557481,18.51108839384107,1.4499224531887882,1.4156362e7,3.417957706344257,3.417957706344257,1.9046430356594666,1.0,5.133694912707446,0.40210815071425715,3.2631916506615783,0.2555967938074678,2.6248497e7,0.9010067938059786,0.9010067938059786,0.40468516588936565,1.0,22.778010495980435,1.7841386824169831,16.586625050725836,1.2991845520910914,1.3503716e7,3.2342022549605596,3.2342022544340683,1.7955728014491883,1.0,1.0899102100086124,0.08536965800330683,0.6659261741597376,0.0521601589024642,2.5275745e7,0.3497508021206036,0.3497506016832782,0.08591677176804292,1.0,12.685651329534808,1.0,0,1.3308929032783865e6,1055.0313843158074,0.003850338015869731,8088.0,1
4.4064e6,0.0001649913914794989,1.3040643096946137e-5,1.3593010180675217e-5,1.0743687460891955e-6,0.0,0.0,0.0,0.1503543301325408,0.011883754296250715,0.1761543023723231,0.0,0.0,0.0,0.4253059131995245,0.03361546666963473,2.416443e6,-0.0001313452886132942,-1.0381311509117015e-5,0.0001313452886132942,1.0381311509117015e-5,9.242651894923755,0.7305237173297622,0.0,0.0,0.0,0.0,0.0,0.0,0.0,0.0,0.0,0.0,0.20556051624880048,0.016247158734688825,0.20556051624880048,0.016247158734688825,1.196673e6,0.014184880701921847,0.0011211492002569504,0.014184880701921847,0.0011211492002569504,674.0,0.00013137422353292933,1.0383598476677062e-5,7.695918625577843e-5,6.082725116708355e-6,1.565477e6,23.55235176799395,1.8615384157075918,18.077196664442592,1.4287913313561744,2.515175e7,4.49288558170152,0.3551101473901134,2.7866087783318516,0.22024888815825347,9.432841e6,0.19008676092545543,0.015024139044196147,NaN,NaN,121488.0,0.21876266615361784,0.01729063453956133,0.21876266615361828,0.017290634539561364,1.197181e6,0.0315926122846764,0.0315926122846764,0.017498583405282153,1.0,0.2065432470459056,0.01632483213007332,0.20654324704590618,0.016324832130073366,1.197181e6,0.03606198627730554,0.03606198627730554,0.016521165602784483,1.0,0.0,0.0,0.0,0.0,0.0,0.0,0.0,0.0,1.0,0.0,0.0,0.0,0.0,0.0,0.0,0.0,0.0,1.0,24.190220791500145,1.9119545144115986,18.550729305273958,1.46621855776152,1.4231394e7,3.4934309404052,3.4934309404052,1.9349489725774924,1.0,5.139728882799384,0.40623555795625094,3.2682673426707933,0.2583183739405591,2.6377366e7,0.8973851001741407,0.8973851001741407,0.41112122153899483,1.0,22.80630147753971,1.8025718509496016,16.625788754928205,1.3140744823961266,1.3574886e7,3.305305399406057,3.3053053945599498,1.8242507992222985,1.0,1.0944751161774575,0.08650547910757113,0.6694981968249802,0.05291601556029304,2.5400505e7,0.34745333549333995,0.3474531759285805,0.08754585250843722,1.0,12.501735774084532,1.0,0,1.333461901415077e6,2568.998136690585,0.009513486852554258,10800.0,1
4.428e6,0.00011986921936102071,9.565225591986283e-6,1.631087583845219e-5,1.3015618841045658e-6,0.0,0.0,0.0,0.20700896777188127,0.016518731721599504,0.1741069435605009,0.0,0.0,0.0,0.42537753585847304,0.03394392750648578,2.437947e6,-0.0001314429813123161,-1.0488779149790524e-5,0.0001314429813123161,1.0488779149790524e-5,9.242834843850945,0.7375521494357445,0.0,0.0,0.0,0.0,0.0,0.0,0.0,0.0,0.0,0.0,0.20559632757827495,0.016406007018759355,0.20559632757827495,0.016406007018759355,1.207425e6,0.014184880701921847,0.0011319134689669664,0.014184880701921847,0.0011319134689669664,674.0,0.00013147191623195131,1.0491088074761189e-5,7.701641219468264e-5,6.1456924542806985e-6,1.596509e6,23.561080845228627,1.880107793118105,18.082323348525993,1.4429183987172594,2.5274068e7,4.493582838614561,0.35857523555044835,2.7870176870531598,0.22239615013450353,9.526147e6,0.1901459141485017,0.015173107607776013,NaN,NaN,121723.0,0.2187984774830921,0.017459501342089043,0.21879847748309256,0.017459501342089078,1.207933e6,0.0322872235858148,0.0322872235858148,0.017752754328155304,1.0,0.2065790583753799,0.016484426164396656,0.20657905837538051,0.016484426164396705,1.207933e6,0.035895326454351284,0.035895326454351284,0.016761301608980213,1.0,0.0,0.0,0.0,0.0,0.0,0.0,0.0,0.0,1.0,0.0,0.0,0.0,0.0,0.0,0.0,0.0,0.0,1.0,24.19912078658193,1.9310215807299278,18.55599052838409,1.480715703605156,1.4304833e7,3.5709682827975207,3.5709682827975207,1.9634553732886153,1.0,5.140444833256079,0.4101929981304586,3.2687220476322234,0.26083479937359716,2.6505739e7,0.893207408637802,0.893207408637802,0.4170826749435787,1.0,22.815177994033956,1.8205868495479753,16.63101742071026,1.3271082793509643,1.3644005e7,3.3783018230130017,3.3783018230130017,1.8511657601114673,1.0,1.0950372190058544,0.08738088132422034,0.669836070569321,0.05345102903647241,2.5523227e7,0.3441356020793783,0.34413544710775906,0.0888485466298529,1.0,12.324762312295658,1.0,0,1.3373042101968743e6,3842.308781797299,0.014433111269536164,11723.0,1
4.4496e6,6.965821500363512e-5,5.5991614305767496e-6,1.612961495834838e-5,1.296506348319794e-6,0.0,0.0,0.0,0.28145923290107544,0.022623830958877995,0.17059681688153683,0.0,0.0,0.0,0.4255069923951189,0.03420246040090367,2.463011e6,-0.00013152258829367673,-1.0571850047911073e-5,0.00013152258829367673,1.0571850047911073e-5,9.243043833759808,0.7429603892723553,0.0,0.0,0.0,0.0,0.0,0.0,0.0,0.0,0.0,0.0,0.20565947782087887,0.016531009529703385,0.20565947782087887,0.016531009529703385,1.219955e6,0.014188036753360096,0.001140441341496815,0.014188036753360096,0.001140441341496815,676.0,0.00013155152321331186,1.0574175850919512e-5,7.706304391183663e-5,6.19436520403919e-6,1.620452e6,23.57063558623602,1.8946192299321096,18.087936431898683,1.4539171872682348,2.5393173e7,4.493939194821568,0.3612250329654436,2.7872267151201617,0.2240386481445086,9.615431e6,0.1901459141485017,0.015284021685403356,NaN,NaN,121723.0,0.21886348606306433,0.017592354177636212,0.21886348606306483,0.01759235417763625,1.220465e6,0.032939238474928204,0.032939238474928204,0.01799957348550416,1.0,0.20664350633205353,0.016610106223267373,0.2066435063320541,0.016610106223267418,1.220465e6,0.035650839091550285,0.035650839091550285,0.016994588930445385,1.0,0.0,0.0,0.0,0.0,0.0,0.0,0.0,0.0,1.0,0.0,0.0,0.0,0.0,0.0,0.0,0.0,0.0,1.0,24.208379959348992,1.9458814349184872,18.561486430315664,1.491981368017737,1.4378286e7,3.6433925773388305,3.6433925773388305,1.9909237574592595,1.0,5.141325808684843,0.4132622859847145,3.2692895103304025,0.2627870916685975,2.6633624e7,0.8869989789474769,0.8869989789474769,0.42282828155116076,1.0,22.824412654185657,1.834637465261134,16.636451873617972,1.3372461477450577,1.3711789e7,3.446493003635016,3.446493003508841,1.8771047661833704,1.0,1.0957292440311188,0.08807525316596032,0.6702540903020946,0.053875351972627356,2.5645192e7,0.3397369439781608,0.33973679498905085,0.09011397653819268,1.0,12.159370678384388,1.0,0,1.3425646730346868e6,5260.462837812491,0.02002899267048102,14831.0,1
4.4712e6,1.3829793591829984e-5,1.1182110588160223e-6,1.597833469324414e-5,1.291931830855698e-6,0.0,0.0,0.0,0.35406039299698905,0.02862763238721569,0.17059681688153683,0.0,0.0,0.0,0.4255457375989202,0.03440759593810889,2.488257e6,-0.00013158322570552342,-1.0639191189774759e-5,0.00013158322570552342,1.0639191189774759e-5,9.24390347698626,0.7474178863161292,0.0,0.0,0.0,0.0,0.0,0.0,0.0,0.0,0.0,0.0,0.2056788504227796,0.016630209524109436,0.2056788504227796,0.016630209524109436,1.232515e6,0.014188036753360096,0.0011471768898899462,0.014188036753360096,0.0011471768898899462,676.0,0.00013161216062515855,1.0641530729183434e-5,7.709856372756174e-5,6.233821640687522e-6,1.63141e6,23.580127411840373,1.9065764839605048,18.09351616807583,1.4629553028153115,2.5509961e7,4.494147313273301,0.36337528772803246,2.7873488152190586,0.22537171283575622,9.704712e6,0.1901459141485017,0.01537429048219091,NaN,NaN,121723.0,0.21888285866496493,0.017697822568300634,0.21888285866496546,0.017697822568300676,1.233025e6,0.033543662258401,0.033543662258401,0.01821940087897937,1.0,0.2066628789339541,0.01670977336980816,0.20666287893395477,0.016709773369808216,1.233025e6,0.035372488878439336,0.035372488878439336,0.017202232559768608,1.0,0.0,0.0,0.0,0.0,0.0,0.0,0.0,0.0,1.0,0.0,0.0,0.0,0.0,0.0,0.0,0.0,0.0,1.0,24.21757033788905,1.9581170745368357,18.566904886355985,1.5012312536734884,1.4451655e7,3.7113276255983356,3.7113276255983356,2.015825382545157,1.0,5.141931987345135,0.41575206265738324,3.2696595653390883,0.2643690565769294,2.6759869e7,0.8800948335486216,0.8800948335486216,0.42800482751956703,1.0,22.833596475953417,1.8462155579123953,16.641855216017838,1.3455809313567533,1.3778592e7,3.510512701698984,3.5105126930571777,1.9006259797667493,1.0,1.0961882856273555,0.08863254938650818,0.6705287921129361,0.054215755688369664,2.5764149e7,0.3349931614686735,0.33499301873213383,0.09124466820517951,1.0,12.013724277701195,1.0,0,1.3494367394553393e6,6872.066420652438,0.02648231437847109,15120.0,1
4.4928e6,6.50195231974034e-7,5.2712991897445063e-8,1.5831496617312575e-5,1.2834999579728601e-6,0.0,0.0,0.0,0.4439729438724364,0.03599402309054028,0.16514506401491288,0.0,0.0,0.0,0.425609206722786,0.0345052279103028,2.520521e6,-0.00013162845021271464,-1.0671455415737612e-5,0.00013162845021271464,1.0671455415737612e-5,9.244576505059214,0.7494814825494728,0.0,0.0,0.0,0.0,0.0,0.0,0.0,0.0,0.0,0.0,0.205708863595942,0.016677344167910734,0.205708863595942,0.016677344167910734,1.248622e6,0.014191479530900828,0.0011505395744812348,0.014191479530900828,0.0011505395744812348,678.0,0.0001316573851323498,1.0673801243743225e-5,7.712505506377795e-5,6.252725647224202e-6,1.639253e6,23.58984014537934,1.9124887284548178,18.099231613058205,1.4673510392755693,2.5624018e7,4.494315670680632,0.36436567646594137,2.787447619309016,0.22598551411256215,9.790862e6,0.1901459141485017,0.01541561601645602,NaN,NaN,121723.0,0.2189154462630292,0.017748035632395215,0.21891544626302964,0.017748035632395253,1.249134e6,0.03399028494150784,0.03399028494150784,0.01841071119630841,1.0,0.20669376045975582,0.016757192277907503,0.20669376045975638,0.01675719227790755,1.249134e6,0.035067819884462115,0.035067819884462115,0.017382871765619097,1.0,0.0,0.0,0.0,0.0,0.0,0.0,0.0,0.0,1.0,0.0,0.0,0.0,0.0,0.0,0.0,0.0,0.0,1.0,24.22679009488072,1.964127891395473,18.57235041508686,1.5057079916976095,1.452506e7,3.7616144159772125,3.7616144159772125,2.037464433252104,1.0,5.1427420411853655,0.41693526223594396,3.2701531495784746,0.26511968713424633,2.6887271e7,0.8725215082032113,0.8725215082032113,0.4325027771846511,1.0,22.842800635222112,1.8519243230124198,16.647275405064747,1.3496372326162478,1.3845202e7,3.5581325227717886,3.558132510010936,1.9210714117661059,1.0,1.0968581382068106,0.0889250971225998,0.6709261428470635,0.054393699911188705,2.5882973e7,0.3299598016323918,0.3299596961445645,0.09224537944016475,1.0,11.890656690488123,1.0,0,1.3580179792237931e6,8581.239768453874,0.033411074699322835,18548.0,1
4.5144e6,4.718424350310761e-7,3.8265932989776896e-8,2.107533599892066e-5,1.709187930540024e-6,0.0,0.0,0.0,0.5373526432991651,0.04357874305860405,0.1570727592014105,0.0,0.0,0.0,0.4260404588000403,0.0345514401355241,2.558951e6,-0.0001316616376412723,-1.0677622505431064e-5,0.0001316616376412723,1.0677622505431064e-5,9.245230617518068,0.7497786316351133,0.0,0.0,0.0,0.0,0.0,0.0,0.0,0.0,0.0,0.0,0.20592142856006168,0.01670001466892116,0.20592142856006168,0.01670001466892116,1.267833e6,0.014197601679916383,0.0011514107976817363,0.014197601679916383,0.0011514107976817363,683.0,0.00013169057256090747,1.0679969097457598e-5,7.71444953992462e-5,6.256338710364794e-6,1.646932e6,23.59924885517174,1.9138746502136783,18.104777864799964,1.4682787412361566,2.5734459e7,4.4946599375578185,0.3645122676833733,2.7876496647026854,0.22607550179640254,9.87998e6,0.19520525027706878,0.015830943704465618,NaN,NaN,123009.0,0.21913374935204386,0.01777152020663764,0.21913374935204416,0.017771520206637664,1.268348e6,0.03427710791314665,0.03427710791314665,0.018581268533773898,1.0,0.2069067094479957,0.016779919928886403,0.20690670944799616,0.01677991992888644,1.268348e6,0.03484669195554465,0.03484669195554465,0.01754448660263788,1.0,0.0,0.0,0.0,0.0,0.0,0.0,0.0,0.0,1.0,0.0,0.0,0.0,0.0,0.0,0.0,0.0,0.0,1.0,24.235940674690795,1.9655096976193882,18.577874507814652,1.5066463891949422,1.4598495e7,3.7910087165459636,3.7910087165459636,2.0550669313906975,1.0,5.1438901900734555,0.4171641690242586,3.270953724728353,0.2652709607071961,2.7013608e7,0.866320659126282,0.866320659126282,0.4361719963840369,1.0,22.851903656277663,1.853265728298402,16.652676076555647,1.3505147895482748,1.3913823e7,3.585956930202251,3.5859568948268823,1.9377086350266677,1.0,1.0977325396298898,0.08902497249830534,0.6714821309120051,0.054456505641801996,2.6003387e7,0.3259675226469909,0.32596751658495343,0.09308134031128115,1.0,11.793260990429124,1.0,0,1.3685900223481643e6,10572.043124371208,0.04150221396273042,21465.0,1
4.536e6,3.504123291430484e-7,2.833502650642855e-8,2.09331408527686e-5,1.6926947244594904e-6,0.0,0.0,0.0,0.6395000208173879,0.05171122284719921,0.1570727592014105,0.0,0.0,0.0,0.4262244113062108,0.034465339794360304,2.600535e6,-0.0001316850650854967,-1.0648312000960143e-5,0.0001316850650854967,1.0648312000960143e-5,9.245736653836481,0.7476283548543968,0.0,0.0,0.0,0.0,0.0,0.0,0.0,0.0,0.0,0.0,0.20601340481314695,0.016658646972655806,0.20601340481314695,0.016658646972655806,1.288583e6,0.014197601679916383,0.0011480458490486477,0.014197601679916383,0.0011480458490486477,683.0,0.00013171400000513178,1.0650651735172194e-5,7.715821860375779e-5,6.239164514196596e-6,1.651497e6,23.607717750065675,1.908966245109829,18.10977438747642,1.4643917882384392,2.5840299e7,4.4952204933666176,0.36349232386679786,2.787978794893232,0.2254414199576049,9.964593e6,0.2102371713287743,0.017000188996790493,NaN,NaN,126039.0,0.21922572560512907,0.01772702108143159,0.21922572560512943,0.017727021081431617,1.289098e6,0.034265493551237605,0.034265493551237605,0.018693694904474412,1.0,0.20699868570108096,0.016738318712928652,0.2069986857010814,0.016738318712928687,1.289098e6,0.034679428538036,0.034679428538036,0.017651077515843626,1.0,0.0,0.0,0.0,0.0,0.0,0.0,0.0,0.0,1.0,0.0,0.0,0.0,0.0,0.0,0.0,0.0,0.0,1.0,24.244135551630762,1.9604282336780114,18.582769476175226,1.5026390965122869,1.4671871e7,3.7894150793965857,3.7894150793965857,2.0673325266635745,1.0,5.1450445211577795,0.41603836611652734,3.2716860409542363,0.26455493423379633,2.7140312e7,0.8619726409962087,0.8619726409962087,0.43872539266537125,1.0,22.860059099680008,1.848509103866405,16.657508508652953,1.3469587279591986,1.3983818e7,3.5844942008155076,3.5844941959675833,1.9493103244525147,1.0,1.0987273020910597,0.08884523927632049,0.6720876234736906,0.05434632015472103,2.6125395e7,0.3231801506039722,0.32318013887572083,0.09369006722095219,1.0,11.72725492340503,1.0,0,1.3813236275121355e6,12733.605163971195,0.05026911766151761,25920.0,1
4.5576e6,2.6902446228829444e-7,2.1648453893165325e-8,2.0790170447485454e-5,1.6729892982041301e-6,0.0,0.0,0.0,0.7255444114222096,0.05838470823253795,0.1570727592014105,0.0,0.0,0.0,0.4269761997130142,0.034358862738142634,2.643735e6,-0.0001316995795827138,-1.0597892296092852e-5,0.0001316995795827138,1.0597892296092852e-5,9.246854111596008,0.7440962549985272,0.0,0.0,0.0,0.0,0.0,0.0,0.0,0.0,0.0,0.0,0.20638929901654865,0.01660818940329083,0.20638929901654865,0.01660818940329083,1.310102e6,0.014197601679916383,0.0011424839315609323,0.014197601679916383,0.0011424839315609323,683.0,0.0001317285145023489,1.0600220695035813e-5,7.716672084397911e-5,6.209621920877373e-6,1.655951e6,23.613942509086936,1.9002188176330328,18.11342305929485,1.457590884528288,2.5946139e7,4.496205633168145,0.3618105934155639,2.7885559359638594,0.22439567054513454,1.0047319e7,0.2307181065639455,0.01856593355780235,NaN,NaN,130359.0,0.21960161980853088,0.017671387578854593,0.2196016198085311,0.01767138757885461,1.310617e6,0.0341360785105622,0.0341360785105622,0.018767099189398735,1.0,0.20737457990448271,0.016687475159287993,0.2073745799044831,0.016687475159288024,1.310617e6,0.034597856361331954,0.034597856361331954,0.017722179434835547,1.0,0.0,0.0,0.0,0.0,0.0,0.0,0.0,0.0,1.0,0.0,0.0,0.0,0.0,0.0,0.0,0.0,0.0,1.0,24.250984205500266,1.9514816941592907,18.587029901716537,1.495702124690033,1.4745225e7,3.769705804170038,3.769705804170038,2.0724830100159646,1.0,5.146302902522141,0.41412405458550383,3.272651196395809,0.2633509158645373,2.7269337e7,0.8585963076833116,0.8585963076833116,0.4398017515286639,1.0,22.86653864940932,1.8400750750968409,16.661312062189968,1.3407392134899285,1.4055065e7,3.5657373884621832,3.5657373884621832,1.9541686410412065,1.0,1.0995012464455145,0.088477091773335,0.6725410658270579,0.054119518095030975,2.6234552e7,0.32090758235696315,0.3209075536571769,0.09396309994845004,1.0,11.701415204997728,1.0,0,1.3960938465526886e6,14770.219040553086,0.05843792610406526,25920.0,1
4.5792e6,2.1476519523267563e-7,1.717586557754879e-8,2.064440324633971e-5,1.6510379845471999e-6,0.0,0.0,0.0,0.7968748800179479,0.0637301393574743,0.1570727592014105,0.0,0.0,0.0,0.42802841008796927,0.034231610140917045,2.686935e6,-0.00013170815293245613,-1.0533371237291248e-5,0.00013170815293245613,1.0533371237291248e-5,9.248082290770995,0.7396162031948492,0.0,0.0,0.0,0.0,0.0,0.0,0.0,0.0,0.0,0.0,0.20691540420402585,0.01654807784232537,0.20691540420402585,0.01654807784232537,1.33163e6,0.014197601679916383,0.0011354544562662125,0.014197601679916383,0.0011354544562662125,683.0,0.0001317370878520912,1.0535685310060864e-5,7.717174291081484e-5,6.171816998491204e-6,1.661192e6,23.617990676956197,1.8888509036099197,18.115780829287935,1.4488111819938134,2.6051978e7,4.497833132185806,0.35971460452412607,2.7895083659381585,0.22309117950370733,1.0132925e7,0.25514058255628297,0.02040489076740989,NaN,NaN,135706.0,0.22012772499600816,0.017604734372005063,0.2201277249960087,0.017604734372005108,1.332145e6,0.03391684718402129,0.03391684718402129,0.01880305573429825,1.0,0.20790068509196002,0.016626875768911895,0.20790068509196058,0.01662687576891194,1.332145e6,0.0345711984291756,0.0345711984291756,0.017758636123885816,1.0,0.0,0.0,0.0,0.0,0.0,0.0,0.0,0.0,1.0,0.0,0.0,0.0,0.0,0.0,0.0,0.0,0.0,1.0,24.256524305509668,1.9399176873077943,18.590655177814856,1.4867893002251584,1.4818593e7,3.7373975863348816,3.7373975863348816,2.071964258228396,1.0,5.147661334588248,0.41168467276945947,3.273824126959818,0.26182437553849314,2.7396448e7,0.8559895864004894,0.8559895864004894,0.4397072789323116,1.0,22.871570209113045,1.8291558603506268,16.66426472951914,1.3327260529007752,1.411735e7,3.5349646106253014,3.5349646106253014,1.9536630807439943,1.0,1.1002211587694581,0.08799028496272863,0.6729650077433451,0.05382043630892367,2.6339295e7,0.31907227389991677,0.3190722193355578,0.09397961919050168,1.0,11.707018694545372,1.0,0,1.4125547941869867e6,16460.94763429812,0.06509607004816334,25920.0,1
4.6008e6,1.7730769692975847e-7,1.4091067968842166e-8,2.050259970848269e-5,1.6293907767841804e-6,0.0,0.0,0.0,0.8599309485952902,0.06834077513266394,0.1570727592014105,0.0,0.0,0.0,0.4284899449350431,0.03405312370865137,2.730135e6,-0.000131714461469721,-1.0467664185974657e-5,0.000131714461469721,1.0467664185974657e-5,9.248960703943503,0.7350370918869266,0.0,0.0,0.0,0.0,0.0,0.0,0.0,0.0,0.0,0.0,0.20714617162756283,0.01646240312424664,0.20714617162756283,0.01646240312424664,1.353138e6,0.014197601679916383,0.001128317460158,0.014197601679916383,0.001128317460158,683.0,0.0001317433963893561,1.0469963713441943e-5,7.717543831007253e-5,6.133317197071435e-6,1.667672e6,23.620236963959364,1.8771568875047986,18.117097947514022,1.439809229927144,2.6157789e7,4.500685932728038,0.35768030651036314,2.791179732110759,0.22182174829109916,1.0213103e7,0.2781518454786368,0.022105394340839427,NaN,NaN,142186.0,0.22035849241954494,0.017512417948925805,0.22035849241954558,0.017512417948925857,1.353653e6,0.033640838385663833,0.033640838385663833,0.01879702092942781,1.0,0.20813145251549675,0.016540705759725452,0.20813145251549753,0.016540705759725514,1.353653e6,0.03450067144904734,0.03450067144904734,0.01775402992664058,1.0,0.0,0.0,0.0,0.0,0.0,0.0,0.0,0.0,1.0,0.0,0.0,0.0,0.0,0.0,0.0,0.0,0.0,1.0,24.260767903510384,1.9280614176614075,18.593327157163866,1.4776563075110483,1.4891451e7,3.7037491189593186,3.7037491189593186,2.0694921127797072,1.0,5.14902288567757,0.40920519927541366,3.274809898105715,0.2602569976278332,2.7524573e7,0.853521871468036,0.853521871468036,0.43922196909892947,1.0,22.875553985008402,1.8179751449558845,16.66660406529972,1.3245350019235593,1.4168617e7,3.5029921659256655,3.5029921659256655,1.9513305900177778,1.0,1.1012109007995656,0.08751587167331962,0.6735453938126958,0.05352826802592314,2.6440355e7,0.31742419852913395,0.3174241462624944,0.09393549630314825,1.0,11.72305405451569,1.0,0,1.4304607623810011e6,17905.968194014393,0.07071365576983132,25920.0,1
4.6224e6,1.520605051649608e-7,1.2000726437600062e-8,2.0364117382509732e-5,1.6071510586233984e-6,0.0,0.0,0.0,0.9179123334545413,0.0724423136404613,0.1570727592014105,0.0,0.0,0.0,0.42923062948388757,0.033875195649829826,2.773335e6,-0.00013171888702506285,-1.0395351035682159e-5,0.00013171888702506285,1.0395351035682159e-5,9.250033220921491,0.7300193965722185,0.0,0.0,0.0,0.0,0.0,0.0,0.0,0.0,0.0,0.0,0.20751651390198578,0.0163773552634232,0.20751651390198578,0.0163773552634232,1.374634e6,0.014197601679916383,0.0011204851229834562,0.014197601679916383,0.0011204851229834562,683.0,0.00013174782194469792,1.0397634600731858e-5,7.717803072727652e-5,6.090946710626601e-6,1.671636e6,23.62165715915416,1.8642384836368906,18.117928565332214,1.4298801920502464,2.62636e7,4.504362862918613,0.3554876161625912,2.793333223860207,0.2204519038802342,1.0295297e7,0.2967882557952071,0.02342274651676921,NaN,NaN,149590.0,0.22072883469396715,0.017420081297105483,0.22072883469396784,0.01742008129710554,1.375149e6,0.03335365032341124,0.03335365032341124,0.018780590741989855,1.0,0.20850179478991898,0.01645511435272423,0.20850179478991973,0.01645511435272429,1.375149e6,0.03444528320155874,0.03444528320155874,0.017740259818563912,1.0,0.0,0.0,0.0,0.0,0.0,0.0,0.0,0.0,1.0,0.0,0.0,0.0,0.0,0.0,0.0,0.0,0.0,1.0,24.265033633046958,1.9150142261691097,18.596128437166254,1.4676200761717029,1.49639e7,3.666614051601213,3.666614051601213,2.064576957671627,1.0,5.150661678389551,0.40649399203249664,3.2760867295945766,0.258551164124212,2.7651738e7,0.8509087433338584,0.8509087433338584,0.4382411983753774,1.0,22.879405580258663,1.8056594454011676,16.668858172197034,1.3155184953165966,1.4219543e7,3.467697577309401,3.467697577309401,1.9466815616481887,1.0,1.102314067166479,0.08699543352188906,0.6741918376800143,0.05320771361165432,2.6540286e7,0.31571608466132073,0.3157160354347387,0.09378978235124884,1.0,11.753029376251682,1.0,0,1.4496686690531746e6,19207.906672173413,0.07566176430422156,25920.0,1
4.644e6,1.367175351121693e-7,1.0714550595438391e-8,2.0783053516640888e-5,1.6287675041029292e-6,0.0,0.0,0.0,0.9432641219557596,0.07392359108335882,0.1570727592014105,0.0,0.0,0.0,0.43140391839770786,0.03380911678191295,2.813359e6,-0.000131719907460115,-1.0322886612532576e-5,0.000131719907460115,1.0322886612532576e-5,9.2519672640786,0.7250764964199986,0.0,0.0,0.0,0.0,0.0,0.0,0.0,0.0,0.0,0.0,0.20860288043981834,0.016348203725241626,0.20860288043981834,0.016348203725241626,1.394583e6,0.014198157518071625,0.001112709331429729,0.014198157518071625,0.001112709331429729,684.0,0.00013174884313767602,1.0325154301026131e-5,7.717862893303925e-5,6.0484876640817115e-6,1.673033e6,23.62440106413454,1.8514438567146703,18.11952531448609,1.420026850163035,2.6370517e7,4.540959098712319,0.3558748771695688,2.8147497947037934,0.22059188723750747,1.035748e7,0.31153736842894897,0.024415177567845055,NaN,NaN,157072.0,0.22181563492785836,0.01738368704017311,0.22181563492785925,0.01738368704017318,1.395099e6,0.03318654098202405,0.03318654098202405,0.018771331256034474,1.0,0.20958828346984773,0.0164254297417397,0.2095882834698486,0.01642542974173977,1.395099e6,0.0344938545303811,0.0344938545303811,0.017736581542936378,1.0,0.0,0.0,0.0,0.0,0.0,0.0,0.0,0.0,1.0,0.0,0.0,0.0,0.0,0.0,0.0,0.0,0.0,1.0,24.303824395497745,1.9046902501172414,18.619859887455252,1.4592380610170552,1.5038315e7,3.6361722859771417,3.6361722859771417,2.056731206818473,1.0,5.153590415745241,0.4038867816945724,3.278806127153478,0.2569599730802367,2.7780079e7,0.8481733576269159,0.8481733576269159,0.43612684418454656,1.0,22.917373916894075,1.796034152793069,16.69119498582803,1.3080886297961314,1.4274405e7,3.4388508040075085,3.4388508040075085,1.9394016902926368,1.0,1.1041512470729382,0.08653231198231538,0.6752780555418938,0.05292152821623581,2.664702e7,0.31406770995277006,0.3140673437290848,0.09343971096677013,1.0,11.816723699687024,1.0,0,1.469922954598235e6,20254.28554506041,0.0793535017568993,25920.0,1
4.6656e6,1.1831908081690653e-7,9.272977859367245e-9,2.0656982223315584e-5,1.6189420799724255e-6,0.0,0.0,0.0,0.9694903651668022,0.0759815122716626,0.1570727592014105,0.0,0.0,0.0,0.4344839840287297,0.03405165368367523,2.847919e6,-0.00013172489402378602,-1.0323626733546496e-5,0.00013172489402378602,1.0323626733546496e-5,9.253675938571917,0.7252349452318901,0.0,0.0,0.0,0.0,0.0,0.0,0.0,0.0,0.0,0.0,0.21014291325532916,0.016469453349921205,0.21014291325532916,0.016469453349921205,1.411852e6,0.014198157518071625,0.00111274698383284,0.014198157518071625,0.00111274698383284,684.0,0.00013175382981420303,1.0325894507620022e-5,7.718155002851185e-5,6.0489212697109586e-6,1.676808e6,23.626156622229008,1.8516440944879917,18.1205552709306,1.420155622124897,2.6478516e7,4.588749430540674,0.35963237355971406,2.8427615684757295,0.22279470819020136,1.0389282e7,0.3239099955864682,0.025385679104023923,NaN,NaN,164080.0,0.22335566774336926,0.01750497170404405,0.22335566774337018,0.017504971704044123,1.412368e6,0.03354577092640951,0.03354577092640951,0.01894439552511479,1.0,0.21112831628535864,0.016546681979631037,0.21112831628535952,0.016546681979631106,1.412368e6,0.03460359593530145,0.03460359593530145,0.017907306184219752,1.0,0.0,0.0,0.0,0.0,0.0,0.0,0.0,0.0,1.0,0.0,0.0,0.0,0.0,0.0,0.0,0.0,0.0,1.0,24.353198370732006,1.9086242703831768,18.650243428144524,1.4616686775027912,1.5113472e7,3.6576050302365237,3.6576050302365237,2.065569353569379,1.0,5.157104976884613,0.4041758940224156,3.2822658792267942,0.2572398180959972,2.7909206e7,0.8452413203298147,0.8452413203298147,0.4374110468461145,1.0,22.965603329167283,1.7998747938882675,16.71967975060372,1.3103653195462066,1.4330565e7,3.459185258627272,3.459185258627272,1.947877469760576,1.0,1.1063372150615585,0.08670656017126481,0.6765828063394294,0.053025575755804945,2.6756968e7,0.31240081388604457,0.31240045244234166,0.0938363910709508,1.0,11.790065692371352,1.0,0,1.49056795987165e6,20645.00527341501,0.08106717181355942,25920.0,1
4.6872e6,9.961530287846309e-8,7.834659897486519e-9,2.0534786046415265e-5,1.6150436739383591e-6,0.0,0.0,0.0,0.9906651621897283,0.07791498287682154,0.1570727592014105,0.0,0.0,0.0,0.43794641989939564,0.03444411806306325,2.882479e6,-0.00013173181410472564,-1.0360596528513674e-5,0.00013173181410472564,1.0360596528513674e-5,9.255699794945679,0.7279530143587303,0.0,0.0,0.0,0.0,0.0,0.0,0.0,0.0,0.0,0.0,0.21187413119066198,0.016663722450149396,0.21187413119066198,0.016663722450149396,1.429124e6,0.014198157518071625,0.001116673162764455,0.014198157518071625,0.001116673162764455,684.0,0.00013176074989514273,1.0362872304124771e-5,7.718560366096895e-5,6.070582894313758e-6,1.68055e6,23.628244267252402,1.858341564593898,18.12178574637186,1.4252632271887433,2.6587083e7,4.6470758900075495,0.3654886153429557,2.8769310714951404,0.22626821223618462,1.0424961e7,0.33431934814762554,0.026293935913458192,NaN,NaN,172720.0,0.22508688567870222,0.017702894492311248,0.2250868856787031,0.017702894492311317,1.42964e6,0.034157229528524236,0.034157229528524236,0.019198766017847976,1.0,0.2128595342206916,0.01674122357075186,0.2128595342206925,0.01674122357075193,1.42964e6,0.034752659830445544,0.034752659830445544,0.01815583515604988,1.0,0.0,0.0,0.0,0.0,0.0,0.0,0.0,0.0,1.0,0.0,0.0,0.0,0.0,0.0,0.0,0.0,0.0,1.0,24.411310290910027,1.9199290496022987,18.686066067562674,1.4696434004716405,1.5189076e7,3.70444828975452,3.70444828975452,2.0821605534729355,1.0,5.163368357836614,0.4060945842673271,3.2876832073822184,0.25857352270407236,2.8038241e7,0.8430009244177846,0.8430009244177846,0.44040904767578304,1.0,23.022388404198228,1.8106915098656715,16.753088420475983,1.3176163321722565,1.4387055e7,3.5036670881776892,3.5036670881776892,1.9636925839168982,1.0,1.1108202908850169,0.08736508282195592,0.6792184841352331,0.05341996325382247,2.6865827e7,0.31155694779017323,0.311556599743299,0.0947473185222411,1.0,11.724028797968163,1.0,0,1.5117838956706198e6,21215.93579896982,0.08377830410332412,25920.0,1
4.7088e6,8.384774251003122e-8,6.597254408698354e-9,2.0411001027235627e-5,1.6059653185864495e-6,0.0,0.0,0.0,1.0256971224977318,0.08070324448601374,0.1570727592014105,0.0,0.0,0.0,0.44020597945235884,0.03463600511760958,2.916821e6,-0.00013173737597927575,-1.0365275897149566e-5,0.00013173737597927575,1.0365275897149566e-5,9.257456249458377,0.7283892473045983,0.0,0.0,0.0,0.0,0.0,0.0,0.0,0.0,0.0,0.0,0.21300391096714305,0.016759437387713315,0.21300391096714305,0.016759437387713315,1.446127e6,0.014198157518071625,0.0011171303421828624,0.014198157518071625,0.0011171303421828624,684.0,0.00013176631176969276,1.0367552604490552e-5,7.718886168137763e-5,6.073324609412748e-6,1.685067e6,23.630244713921645,1.8592597898373937,18.12305050960311,1.4259462603806905,2.6696422e7,4.693690759768743,0.36930597212258254,2.904255575248358,0.22851077827768304,1.0488888e7,0.34559953979346214,0.027192241786041755,NaN,NaN,181360.0,0.2262166654551838,0.017799034879403056,0.22621666545518468,0.017799034879403125,1.446643e6,0.03444966685395467,0.03444966685395467,0.01936157695830382,1.0,0.21398931399717322,0.016836970238206378,0.21398931399717414,0.01683697023820645,1.446643e6,0.03483507995912568,0.03483507995912568,0.0183150545644999,1.0,0.0,0.0,0.0,0.0,0.0,0.0,0.0,0.0,1.0,0.0,0.0,0.0,0.0,0.0,0.0,0.0,0.0,1.0,24.44877147538375,1.9236625885775915,18.709127080469358,1.4720595620061887,1.5264684e7,3.7232094753969402,3.7232094753969402,2.0925371236647696,1.0,5.176746518354679,0.4073134561356069,3.2964397939045402,0.259368365949073,2.8166203e7,0.8427167484512468,0.8427167484512468,0.44307069908875585,1.0,23.05897857237998,1.8143117929324686,16.775010456666678,1.3198806357602915,1.4445255e7,3.5216209864536907,3.5216209864536907,1.973586637883947,1.0,1.1218246526009739,0.0882666892823364,0.6856917666629462,0.05395116070160254,2.697401e7,0.3129177204920794,0.312917435069544,0.0960154474090206,1.0,11.683793419428248,1.0,0,1.5334850302519202e6,21701.13458130043,0.08598938037290728,25920.0,1
4.7304e6,0.002734259129639451,0.00021939045947778974,2.0214821005000885e-5,1.621989233015097e-6,0.0,0.0,0.0,0.2916262478287648,0.023399397596735143,0.17374749526387942,0.0,0.0,0.0,0.5177169934293836,0.04154038212278354,2.943435e6,-0.0001317400090974042,-1.05705054850814e-5,0.0001317400090974042,1.05705054850814e-5,9.304057551042781,0.7465354834163935,0.0,0.0,0.0,0.0,0.0,0.0,0.0,0.0,0.0,0.0,0.2517594179556559,0.020200577840051154,0.2517594179556559,0.020200577840051154,1.459259e6,0.014198157518071627,0.0011392264426812084,0.014198157518071627,0.0011392264426812084,684.0,0.00013176899421508156,1.0572831182092454e-5,7.719043310450704e-5,6.193577047073984e-6,1.687203e6,23.796772266013928,1.9093964960876078,18.22104807432001,1.462013627698517,2.6811924e7,5.493056911994298,0.44074984217717134,3.397626195219525,0.27261745751262356,1.054375e7,0.36539810340942147,0.029318676101440587,NaN,NaN,189159.0,0.26497217244369614,0.021260737883653395,0.2649721724436971,0.02126073788365347,1.459775e6,0.04192112027314144,0.04192112027314144,0.021770146190094465,1.0,0.2527448209856854,0.020279644239129976,0.2527448209856865,0.020279644239130066,1.459775e6,0.04116677052259498,0.04116677052259498,0.02076554549446813,1.0,0.0,0.0,0.0,0.0,0.0,0.0,0.0,0.0,1.0,0.0,0.0,0.0,0.0,0.0,0.0,0.0,0.0,1.0,25.371217264075653,2.0357262238749,19.287351766114018,1.5475713037613554,1.5341758e7,4.01396811066762,4.01396811066762,2.084502322510644,1.0,5.307844729296109,0.42588885646350266,3.3830747520750077,0.2714498842702288,2.8295233e7,0.8645353249508272,0.8645353249508272,0.43609317403189723,1.0,23.967662755723893,1.9231083431658316,17.33898899353497,1.3912393016947102,1.4510178e7,3.8046656717793614,3.80453240380363,1.9691861119411107,1.0,1.225031042880564,0.09829358178190029,0.7506888552094896,0.060233491070388424,2.7089548e7,0.34059032557118396,0.34059032485688606,0.10064870074830469,1.0,12.171354759402577,1.0,0,1.548516588768769e6,15031.558516848832,0.05717568016440823,20340.0,1
4.752e6,0.0018236009932147902,0.00013699643938551141,1.991330700104351e-5,1.4959698781060148e-6,0.0,0.0,0.0,0.33017313787022107,0.024803969967806542,0.17508812696339263,0.0,0.0,0.0,0.5180040496986331,0.03891460394024349,2.956053e6,-0.0001317400090801212,-9.896853662475386e-6,0.0001317400090801212,9.896853662475386e-6,9.321125521825302,0.7002414521086402,0.0,0.0,0.0,0.0,0.0,0.0,0.0,0.0,0.0,0.0,0.2519019720062789,0.01892391667226094,0.2519019720062789,0.01892391667226094,1.465565e6,0.014200105686075108,0.0010667705957216006,0.014200105686075108,0.0010667705957216006,686.0,0.00013176899594399816,9.899031275426283e-6,7.719043410754634e-5,5.798864261810722e-6,1.68721e6,23.857986433390476,1.7923104914087755,18.256905211838006,1.3715341335778712,2.6930217e7,5.496316615264565,0.41290600785386994,3.399535958146274,0.25538718368870605,1.0615204e7,0.39631731327735303,0.029772993647100236,NaN,NaN,193534.0,0.2651166243311983,0.019916655940865956,0.26511662433119937,0.019916655940866033,1.466081e6,0.03718452330987236,0.03718452330987236,0.020423233203901024,1.0,0.2528874253674325,0.018997947999377367,0.2528874253674337,0.018997947999377457,1.466081e6,0.04092200915716463,0.04092200915716463,0.019481158058806083,1.0,0.0,0.0,0.0,0.0,0.0,0.0,0.0,0.0,1.0,0.0,0.0,0.0,0.0,0.0,0.0,0.0,0.0,1.0,25.43050368037543,1.9104444826222096,19.322285799545217,1.451569924109567,1.5417595e7,3.5668119993237126,3.5668119993237126,1.9590363617037503,1.0,5.313765118075332,0.39919198531688316,3.3867448705618224,0.25442626435303006,2.8423106e7,0.8598685541796199,0.8598685541796199,0.4093453757227712,1.0,24.026804931556157,1.8049928343320136,17.37364144261111,1.3051797107230145,1.4581996e7,3.3803816984128137,3.3803816984128137,1.8509025659922207,1.0,1.2304719451847925,0.09243813525068964,0.7538817769512516,0.05663471315502798,2.7210816e7,0.3375518182651027,0.33755179987788275,0.09478928585018752,1.0,12.981128976217077,1.0,0,1.5551672060100315e6,6650.617241262458,0.0237189651931546,13467.0,1
4.7736e6,0.001353964839498289,9.809188428466687e-5,1.9765026562492706e-5,1.4319343027916579e-6,0.0,0.0,0.0,0.39131119478140275,0.02834966707999259,0.17508812696339263,0.0,0.0,0.0,0.5180461622296209,0.03753134698710021,2.964693e6,-0.00013174000915978663,-9.54428457606862e-6,0.00013174000915978663,9.54428457606862e-6,9.31811663960274,0.675077810367391,0.0,0.0,0.0,0.0,0.0,0.0,0.0,0.0,0.0,0.0,0.25192302827177254,0.018251289706337163,0.25192302827177254,0.018251289706337163,1.469885e6,0.014200105686075108,0.0010287675744258347,0.014200105686075108,0.0010287675744258347,686.0,0.00013176899804072216,9.546384759080258e-6,7.719043534015502e-5,5.592283514596477e-6,1.68721e6,23.906815758327518,1.731998155764278,18.285508902584883,1.3247463826484904,2.7048374e7,5.498549983972619,0.39835829781308035,3.4008440302281344,0.24638394539621267,1.0706875e7,0.4129917866800319,0.029920380033315264,NaN,NaN,197854.0,0.2651376805966923,0.019208663272402924,0.26513768059669324,0.019208663272402993,1.470401e6,0.03495026783439032,0.03495026783439032,0.019769110987362063,1.0,0.2529084816329264,0.01832268371469713,0.25290848163292756,0.018322683714697214,1.470401e6,0.04068963631941957,0.04068963631941957,0.018857281363382782,1.0,0.0,0.0,0.0,0.0,0.0,0.0,0.0,0.0,1.0,0.0,0.0,0.0,0.0,0.0,0.0,0.0,0.0,1.0,25.479449926447767,1.8459321696626942,19.350973351127863,1.4019370247885268,1.5485096e7,3.3586836740752415,3.3586836740752415,1.8997906007146539,1.0,5.316123863602326,0.3851419118569323,3.388148103712679,0.24546415241613634,2.8546225e7,0.8552941571683712,0.8552941571683712,0.3963791281782432,1.0,24.075638929246466,1.7442290368501476,17.402247911674923,1.2607559950209914,1.4651653e7,3.185466899012122,3.185466899012122,1.795120093880258,1.0,1.2327086964463863,0.08930713359833467,0.7551919696466343,0.054712058347642874,2.7331955e7,0.33368777718218146,0.33368777707010183,0.09191283177966762,1.0,13.41171491050805,1.0,0,1.5630027730836347e6,7835.567073603161,0.027047826270510368,12960.0,1
4.7952e6,0.0009733474308083553,6.926166261817729e-5,1.9631983881609315e-5,1.3969768667332538e-6,0.0,0.0,0.0,0.4288039360416901,0.030512921293479683,0.17508812696339263,0.0,0.0,0.0,0.5180675217190114,0.036864758427458504,2.973285e6,-0.00013174000907717666,-9.374383465974928e-6,0.00013174000907717666,9.374383465974928e-6,9.316215810468725,0.6629252576409789,0.0,0.0,0.0,0.0,0.0,0.0,0.0,0.0,0.0,0.0,0.25193370801646775,0.01792715214986643,0.25193370801646775,0.01792715214986643,1.474154e6,0.014200105686075108,0.001010454127725584,0.014200105686075108,0.001010454127725584,686.0,0.00013176900047199812,9.376446441787469e-6,7.719043676544182e-5,5.4927334468409685e-6,1.68721e6,23.947220453043034,1.7040413845694442,18.309175430757474,1.3028481828415375,2.7165914e7,5.499411967541717,0.3913283214585655,3.4013489743675036,0.24203391065991303,1.0726566e7,0.4354765988080426,0.030987736043752528,NaN,NaN,203028.0,0.2651483603413874,0.01886748317861839,0.26514836034138856,0.01886748317861847,1.47467e6,0.0339147106381199,0.0339147106381199,0.019461304428926678,1.0,0.2529191613776215,0.017997275248839935,0.2529191613776228,0.01799727524884003,1.47467e6,0.04056998276313155,0.04056998276313155,0.018563708216567172,1.0,0.0,0.0,0.0,0.0,0.0,0.0,0.0,0.0,1.0,0.0,0.0,0.0,0.0,0.0,0.0,0.0,0.0,1.0,25.51934803268072,1.8159111718284158,19.374355766492307,1.3786445107569587,1.5552087e7,3.264139755899319,3.264139755899319,1.873063820769211,1.0,5.31763557183372,0.3783934381959472,3.389046318702973,0.24115847568266482,2.8669373e7,0.8529855243660385,0.8529855243660385,0.3903027141948047,1.0,24.11546815244165,1.7160135899949558,17.425577818985847,1.2399729568537028,1.4720745e7,3.0975197150364413,3.0975197150364413,1.7700221361221684,1.0,1.2341053183312642,0.08781672760215864,0.7560100636108379,0.05379632421516134,2.7453411e7,0.33144544082415944,0.3314454400774366,0.09058060651960707,1.0,13.62438788775531,1.0,0,1.5719015376466122e6,8898.764562977478,0.03023841102240248,12960.0,1
4.8168e6,0.0006730992255993783,4.7500937219353946e-5,2.5477723569667693e-5,1.7979752490387612e-6,0.0,0.0,0.0,0.45442333368239024,0.03206887398367657,0.1780239113097285,0.0,0.0,0.0,0.5181462308349273,0.03656582959134739,2.977613e6,-0.0001317400092878835,-9.296956039265185e-6,0.0001317400092878835,9.296956039265185e-6,9.31396013521386,0.6572906620898177,0.0,0.0,0.0,0.0,0.0,0.0,0.0,0.0,0.0,0.0,0.2519730625744256,0.01778186063972674,0.2519730625744256,0.01778186063972674,1.476318e6,0.014200105686075108,0.001002108311893841,0.014200105686075108,0.001002108311893841,686.0,0.00013176900291645736,9.29900213362731e-6,7.719043823127723e-5,5.447366481655488e-6,1.687213e6,23.977152296791157,1.6920792100667914,18.328860026608837,1.2934764984330367,2.7287441e7,5.501972879048345,0.38827688158092705,3.402848818138653,0.24014068346820905,1.0766466e7,0.45160896828302155,0.031870262859100267,NaN,NaN,207814.0,0.2651877148993453,0.01871442503229849,0.2651877148993465,0.018714425032298577,1.476834e6,0.033463367216877205,0.033463367216877205,0.019334459373489436,1.0,0.25295851593557944,0.01785140455904872,0.2529585159355808,0.017851404559048812,1.476834e6,0.04050663759194794,0.04050663759194794,0.018442845858794778,1.0,0.0,0.0,0.0,0.0,0.0,0.0,0.0,0.0,1.0,0.0,0.0,0.0,0.0,0.0,0.0,0.0,0.0,1.0,25.55012958863291,1.8030849767436288,19.394816879475364,1.3687015880198874,1.5627133e7,3.2241062493703536,3.2241062493703536,1.8628236330869072,1.0,5.319231121395593,0.3753807075437514,3.3900704963439092,0.2392389111317451,2.8798689e7,0.8517766895701351,0.8517766895701351,0.3878175806668096,1.0,24.146050150120242,1.7039984130941377,17.44586138105502,1.2311628578403337,1.4793238e7,3.062891863487427,3.062891863487427,1.760454196888179,1.0,1.2356434351351187,0.0871999535961349,0.7569401852281183,0.05341763420587749,2.7580023e7,0.3296688014856845,0.3296687916409197,0.09008900659597585,1.0,13.715807087058202,1.0,0,1.5814657020980862e6,9564.164451474091,0.03228285353253086,11265.0,1
4.8384e6,0.004841783133893288,0.00035356317472292855,0.0007125696952747009,5.203421894488877e-5,0.0,0.0,0.0,0.08518976342847819,0.0062208410370186195,0.1876112390621576,0.0,0.0,0.0,0.537447845517137,0.039246236614534226,2.982369e6,-0.00015184723737626926,-1.1088392403170192e-5,0.00015184723737626926,1.1088392403170192e-5,10.64132419743209,0.7770650321289114,0.0,0.0,0.0,0.0,0.0,0.0,0.0,0.0,0.0,0.0,0.25850250345601167,0.018876716132934235,0.25850250345601167,0.018876716132934235,1.478677e6,0.02044283860511215,0.0014928043486656494,0.02044283860511215,0.0014928043486656494,692.0,0.00015187624307064942,1.1090510495845244e-5,8.897083402039829e-5,6.496947439424919e-6,1.729512e6,25.53667003366115,1.8647729316395494,19.33842384423058,1.4121562943703787,2.7411014e7,5.915180583135072,0.4319462413325747,3.653701162631706,0.26680546129916616,1.0852148e7,0.4686585292147234,0.03422301099985367,NaN,NaN,212640.0,0.27776137530753997,0.020283063275114695,0.277761375307541,0.020283063275114775,1.479198e6,0.037293319372138097,0.037293319372138097,0.02041003083248423,1.0,0.2596864702095947,0.018963173339419357,0.2596864702095959,0.018963173339419447,1.479198e6,0.04160240123797552,0.04160240123797552,0.019081878673333844,1.0,0.0,0.0,0.0,0.0,0.0,0.0,0.0,0.0,1.0,0.0,0.0,0.0,0.0,0.0,0.0,0.0,0.0,1.0,27.4332686029913,2.003268893313927,20.61427792836223,1.5053234206117547,1.5700836e7,3.6832970253702197,3.6832970253702197,2.015808920167292,1.0,5.429356824196634,0.3964697679309292,3.4520879326931446,0.252082989913732,2.8926336e7,0.8697961079068318,0.8697961079068318,0.39895158230592137,1.0,26.009108818494948,1.8992719895297703,18.64687818800349,1.361657320971524,1.4867643e7,3.5113172264875576,3.5113172264875576,1.911161018421517,1.0,1.3526696348475056,0.09877645429844427,0.8246705491356155,0.06022019768126924,2.7706458e7,0.3606543067177708,0.3606474944453047,0.09939477338357397,1.0,13.60906201402989,1.0,0,1.5910626635170972e6,9596.961419011,0.03264764088374457,10675.0,1
4.86e6,0.0037176498688288205,0.00025683188916480305,0.0006079308822406211,4.199858579384508e-5,0.0,0.0,0.0,0.0,0.0,0.18931891175582793,0.0,0.0,0.0,0.6260915849527908,0.04325320840509069,2.982785e6,-0.0001786590381004413,-1.2342565838820702e-5,0.0001786590381004413,1.2342565838820702e-5,13.545882039039201,0.93581014814233,0.0,0.0,0.0,0.0,0.0,0.0,0.0,0.0,0.0,0.0,0.30224190789665945,0.02088022350914072,0.30224190789665945,0.02088022350914072,1.478885e6,0.021607769159469974,0.0014927613868091169,0.021607769159469974,0.0014927613868091169,696.0,0.00017868817383340718,1.2344578665634376e-5,0.00010467303750366207,7.231281835358244e-6,1.734281e6,28.907015202698393,1.997025967096677,21.48320755904656,1.4841561140473183,2.7540614e7,6.141097027798649,0.42425446366490727,3.7815091048792975,0.2612435709568358,1.0860135e7,0.47295624377940276,0.032673933766769754,NaN,NaN,212845.0,0.3215007797481879,0.0222107125587642,0.321500779748189,0.022210712558764275,1.479406e6,0.0390860107711328,0.0390860107711328,0.0222107125587642,1.0,0.3045908052046005,0.02104249584632633,0.30459080520460174,0.021042495846326413,1.479406e6,0.04876220046673955,0.04876220046673955,0.02104249584632633,1.0,0.0,0.0,0.0,0.0,0.0,0.0,0.0,0.0,1.0,0.0,0.0,0.0,0.0,0.0,0.0,0.0,0.0,1.0,30.213549766675772,2.0872872214280687,22.569668669145216,1.5592137093712783,1.5779811e7,3.673170349818109,3.673170349818109,2.0872872214280687,1.0,6.265168946829717,0.4328259070448322,3.84189235018645,0.2654151157535015,2.9055936e7,1.0029962130277985,1.0029962130277985,0.4328259070448322,1.0,28.936378174102604,1.9990544925585467,20.511759278629714,1.417044119672238,1.4946548e7,3.5361681544086863,3.5361681544086863,1.9990544925585467,1.0,2.0221847544543916,0.13970157197466268,1.1635696464772078,0.0803845980723591,2.7836058e7,0.5368643142360261,0.5368643142360261,0.13970157197466268,1.0,14.475032212387346,1.0,0,1.5911464239453448e6,83.76042824750766,0.00026789561136401235,204.0,1
4.8816e6,0.0028854274615879565,0.00019392051461652248,0.0004999722241257712,3.3601562432998767e-5,0.0,0.0,0.0,0.0,0.0,0.18931891175582793,0.0,0.0,0.0,0.6260915849527908,0.042077648448074975,2.982785e6,-0.000178658923554158,-1.2007104963709435e-5,0.000178658923554158,1.2007104963709435e-5,13.535735089213007,0.9096942304585097,0.0,0.0,0.0,0.0,0.0,0.0,0.0,0.0,0.0,0.0,0.30224190789665945,0.020312729083733078,0.30224190789665945,0.020312729083733078,1.478885e6,0.021607769159469974,0.0014521902806086922,0.021607769159469974,0.0014521902806086922,696.0,0.00017868828919348164,1.2009078536071067e-5,0.00010467310508042261,7.034750543523977e-6,1.734281e6,29.025845367474204,1.9507358773602712,21.55280157094365,1.4484960816741648,2.7670213e7,6.141097027798649,0.4127238379041846,3.7815091048792975,0.25414334666437605,1.0860135e7,0.47295624377940276,0.031785903269363286,NaN,NaN,212845.0,0.3215007797481879,0.021607057355748176,0.321500779748189,0.021607057355748253,1.479406e6,0.03707721422775947,0.03707721422775947,0.021607057355748176,1.0,0.3045908052046005,0.02047059109232664,0.30459080520460174,0.020470591092326722,1.479406e6,0.04908057761632893,0.04908057761632893,0.02047059109232664,1.0,0.0,0.0,0.0,0.0,0.0,0.0,0.0,0.0,1.0,0.0,0.0,0.0,0.0,0.0,0.0,0.0,0.0,1.0,30.325396298049753,2.038074612636916,22.635171947853646,1.5212387942497752,1.5857571e7,3.4972892319737277,3.4972892319737277,2.038074612636916,1.0,6.2759962494610795,0.421789990782535,3.8482343441418756,0.25862774036616354,2.9185535e7,1.0112896245655,1.0112896245655,0.421789990782535,1.0,29.05234368328671,1.95251674591692,20.5796750084958,1.3830953026599384,1.5024308e7,3.3712722021625217,3.3712722021625217,1.95251674591692,1.0,2.033246633293252,0.13664811842247732,1.1700489946636314,0.07863531701706572,2.7965645e7,0.5423493217702414,0.5423493217702414,0.13664811842247732,1.0,14.879433809743569,1.0,0,1.5911464239453448e6,0.0,0.0,0.0,1
