┌ Info: Making AtmosConfig with config files: 
│    config/default_configs/default_config.yml
└    experiments/tag_closure/configs/a1_dt5.yml
┌ Info: numerics 
│        `energy_q_tot_upwinding`::`Val{:vanleer_limiter}`
│              `tracer_upwinding`::`Val{:vanleer_limiter}`
│     `edmfx_mse_q_tot_upwinding`::`Val{:first_order}`
│       `edmfx_sgsflux_upwinding`::`Val{:none}`
│        `edmfx_tracer_upwinding`::`Val{:first_order}`
│       `test_dycore_consistency`::`Nothing`
│          `reproducible_restart`::`Nothing`
│                       `limiter`::`Nothing`
│                     `diff_mode`::`ClimaAtmos.Explicit`
└                     `hyperdiff`::`ClimaAtmos.Hyperdiffusion{Float64}`
┌ Info: AtmosModel: 
│ 
│                             `water`::`ClimaAtmos.AtmosWater{ClimaAtmos.EquilibriumMicrophysics0M, ClimaAtmos.QuadratureCloud, ClimaAtmos.Implicit, Nothing, ClimaAtmos.SGSQuadrature{3, StaticArraysCore.SVector{3, Float64}, StaticArraysCore.SVector{3, Float64}, ClimaAtmos.GaussianSGS, Float64}, ClimaAtmos.FixedTerminalVelocity, ClimaAtmos.FixedTerminalVelocity, ClimaAtmos.DiagnosticTerminalVelocity, ClimaAtmos.FixedTerminalVelocity}`
│                         `scm_setup`::`ClimaAtmos.SCMSetup{ClimaAtmos.LargeScaleSubsidence{ClimaAtmos.Setups.var"#27#28"{Float64}}, Nothing, Nothing, Bool, @NamedTuple{prof_ug::Returns{Float64}, prof_vg::Returns{Float64}, coriolis_param::Float64}}`
│                         `radiation`::`ClimaAtmos.AtmosRadiation{ClimaAtmos.RadiationDYCOMS{Float64}, ClimaAtmos.IdealizedInsolation}`
│                          `turbconv`::`ClimaAtmos.AtmosTurbconv{ClimaAtmos.EDMFXModel{ClimaAtmos.InvZEntrainment, ClimaAtmos.BuoyancyVelocityDetrainment, Val{false}, Val{false}, Val{false}, Val{false}, Val{false}, Val{false}, Val{false}, ClimaAtmos.SmoothMinimumBlending}, Nothing, Nothing, Nothing, Nothing}`
│                   `prescribed_flow`::`Nothing`
│                      `gravity_wave`::`ClimaAtmos.AtmosGravityWave{Nothing, Nothing}`
│                `vertical_diffusion`::`Nothing`
│                            `sponge`::`ClimaAtmos.AtmosSponge{Nothing, Nothing}`
│                           `surface`::`ClimaAtmos.AtmosSurface{ClimaAtmos.SurfaceConditions.MoninObukhov{Float64, ClimaAtmos.SurfaceConditions.HeatFluxes{Float64, Float64}, Float64}, ClimaAtmos.SurfaceConditions.AnalyticTemperature{Returns{Float64}}, ClimaAtmos.SurfaceConditions.SurfaceBoundaryOverrides{Float64, Float64, Nothing, Nothing, Nothing, Nothing}, ClimaAtmos.ConstantAlbedo{Float64}}`
│                          `numerics`::`ClimaAtmos.AtmosNumerics{Val{:vanleer_limiter}, Val{:vanleer_limiter}, Val{:first_order}, Val{:none}, Val{:first_order}, Nothing, Nothing, Nothing, ClimaAtmos.Explicit, ClimaAtmos.Hyperdiffusion{Float64}}`
│                         `chemistry`::`ClimaAtmos.AtmosChem{Nothing}`
│                           `tagging`::`ClimaAtmos.AtmosTagging{Nothing, ClimaAtmos.WaterTaggingModel{Tuple{ClimaAtmos.WaterTag{:upper, ClimaAtmos.TanhAltitudeRegion{Float64}, Tuple{}}, ClimaAtmos.WaterTag{:lower, ClimaAtmos.TanhAltitudeRegion{Float64}, Tuple{}}, ClimaAtmos.WaterTag{:evap, Nothing, Tuple{Symbol}}}}, Nothing, Nothing, Nothing}`
└                              `cosp`::`Nothing`
[ Info: Single-process ClimaAtmos run on CPUSingleThreaded
[ Info: Using ODE config: `ClimaTimeSteppers.ARS343`
[ Info: Initialized state (33.5 μs, 2.38 KiB)
[ Info: Built cache (26.345 s, 6.59 GiB)
[ Info: Assembled callbacks (281.775 ms, 30.26 MiB)
┌ Info: Jacobian algorithm: ManualSparseJacobian(
│   approximate_solve_iters = 1,
└ )
[ Info: Jacobian derivative flags: topography_flag = IgnoreDerivative, diffusion_flag = IgnoreDerivative
[ Info: Built tendency function (870.015 ms, 34.11 MiB)
[ Info: Initialized integrator (12.95 s, 1.76 GiB)
[ Info: Added 6 user-provided YAML-style diagnostics
[ Info: Set up diagnostics (6.996 s, 371.13 MiB)
[ Info: Initialized 6 total diagnostics
┌ Info: Simulation info
│   job_id = "a1_dt5"
└   output_dir = "output/a1_dt5/output_0000"
┌ Info: Running
│   job_id = "a1_dt5"
│   output_dir = "output/a1_dt5/output_0000"
└   tspan = (0.0 seconds (2010-01-01T00:00:00) [counter = 0, period = 1 second, epoch = 2010-01-01T00:00:00], 3600.0 seconds (2010-01-01T01:00:00) [counter = 3600, period = 1 second, epoch = 2010-01-01T00:00:00])
┌ Warning: water tag closure residual 2.2759274978842176e-5 exceeds the configured tolerance 1.0e-10 at t = 5.0 s. The tags no longer account for the field they partition; see output/a1_dt5/output_0000/water_tag_closure.csv.
└ @ ClimaAtmos ~/git/ClimaAtmosResiDyn.jl/src/parameterized_tendencies/tagged_tracers/tagged_tracers.jl:590
┌ Info: Progress
│   simulation_time = "5 seconds"
│   n_steps_completed = 1
│   wall_time_per_step = "0 seconds"
│   wall_time_total = "0 seconds"
│   wall_time_remaining = "0 seconds"
│   wall_time_spent = "0 seconds"
│   percent_complete = "0.1%"
│   estimated_sypd = "Inf"
│   instantaneous_sypd = "0.0 (sdpd_estimate = 0.0)"
│   date_now = 2026-09-10T00:20:01.056
└   estimated_finish_date = 2026-09-10T00:20:01.056
┌ Warning: water tag closure residual 2.3012144103711202e-5 exceeds the configured tolerance 1.0e-10 at t = 10.0 s. The tags no longer account for the field they partition; see output/a1_dt5/output_0000/water_tag_closure.csv.
└ @ ClimaAtmos ~/git/ClimaAtmosResiDyn.jl/src/parameterized_tendencies/tagged_tracers/tagged_tracers.jl:590
┌ Info: Progress
│   simulation_time = "10 seconds"
│   n_steps_completed = 2
│   wall_time_per_step = "0 seconds"
│   wall_time_total = "0 seconds"
│   wall_time_remaining = "0 seconds"
│   wall_time_spent = "0 seconds"
│   percent_complete = "0.3%"
│   estimated_sypd = "Inf"
│   instantaneous_sypd = "0.014"
│   date_now = 2026-09-10T00:20:01.984
└   estimated_finish_date = 2026-09-10T00:20:01.984
┌ Warning: water tag closure residual 2.4397870250751473e-5 exceeds the configured tolerance 1.0e-10 at t = 15.0 s. The tags no longer account for the field they partition; see output/a1_dt5/output_0000/water_tag_closure.csv.
└ @ ClimaAtmos ~/git/ClimaAtmosResiDyn.jl/src/parameterized_tendencies/tagged_tracers/tagged_tracers.jl:590
┌ Warning: water tag closure residual 2.5099269777181258e-5 exceeds the configured tolerance 1.0e-10 at t = 20.0 s. The tags no longer account for the field they partition; see output/a1_dt5/output_0000/water_tag_closure.csv.
└ @ ClimaAtmos ~/git/ClimaAtmosResiDyn.jl/src/parameterized_tendencies/tagged_tracers/tagged_tracers.jl:590
┌ Info: Progress
│   simulation_time = "20 seconds"
│   n_steps_completed = 4
│   wall_time_per_step = "2 milliseconds, 560 microseconds"
│   wall_time_total = "1 second, 843 milliseconds"
│   wall_time_remaining = "1 second, 832 milliseconds"
│   wall_time_spent = "10 milliseconds, 240 microseconds"
│   percent_complete = "0.6%"
│   estimated_sypd = "5.347"
│   instantaneous_sypd = "5.347"
│   date_now = 2026-09-10T00:20:02.123
└   estimated_finish_date = 2026-09-10T00:20:04.123
┌ Warning: water tag closure residual 2.5487438364439442e-5 exceeds the configured tolerance 1.0e-10 at t = 25.0 s. The tags no longer account for the field they partition; see output/a1_dt5/output_0000/water_tag_closure.csv.
└ @ ClimaAtmos ~/git/ClimaAtmosResiDyn.jl/src/parameterized_tendencies/tagged_tracers/tagged_tracers.jl:590
┌ Warning: water tag closure residual 2.609725217282263e-5 exceeds the configured tolerance 1.0e-10 at t = 30.0 s. The tags no longer account for the field they partition; see output/a1_dt5/output_0000/water_tag_closure.csv.
└ @ ClimaAtmos ~/git/ClimaAtmosResiDyn.jl/src/parameterized_tendencies/tagged_tracers/tagged_tracers.jl:590
┌ Warning: water tag closure residual 2.6088195371527145e-5 exceeds the configured tolerance 1.0e-10 at t = 35.0 s. The tags no longer account for the field they partition; see output/a1_dt5/output_0000/water_tag_closure.csv.
└ @ ClimaAtmos ~/git/ClimaAtmosResiDyn.jl/src/parameterized_tendencies/tagged_tracers/tagged_tracers.jl:590
┌ Warning: water tag closure residual 2.6332036335981605e-5 exceeds the configured tolerance 1.0e-10 at t = 40.0 s. The tags no longer account for the field they partition; see output/a1_dt5/output_0000/water_tag_closure.csv.
└ @ ClimaAtmos ~/git/ClimaAtmosResiDyn.jl/src/parameterized_tendencies/tagged_tracers/tagged_tracers.jl:590
┌ Info: Progress
│   simulation_time = "40 seconds"
│   n_steps_completed = 8
│   wall_time_per_step = "19 milliseconds, 285 microseconds"
│   wall_time_total = "13 seconds, 885 milliseconds"
│   wall_time_remaining = "13 seconds, 731 milliseconds"
│   wall_time_spent = "154 milliseconds, 285 microseconds"
│   percent_complete = "1.1%"
│   estimated_sypd = "0.71"
│   instantaneous_sypd = "0.38"
│   date_now = 2026-09-10T00:20:02.133
└   estimated_finish_date = 2026-09-10T00:20:16.133
┌ Warning: water tag closure residual 2.632327657162562e-5 exceeds the configured tolerance 1.0e-10 at t = 45.0 s. The tags no longer account for the field they partition; see output/a1_dt5/output_0000/water_tag_closure.csv.
└ @ ClimaAtmos ~/git/ClimaAtmosResiDyn.jl/src/parameterized_tendencies/tagged_tracers/tagged_tracers.jl:590
┌ Warning: water tag closure residual 2.6375428591181507e-5 exceeds the configured tolerance 1.0e-10 at t = 50.0 s. The tags no longer account for the field they partition; see output/a1_dt5/output_0000/water_tag_closure.csv.
└ @ ClimaAtmos ~/git/ClimaAtmosResiDyn.jl/src/parameterized_tendencies/tagged_tracers/tagged_tracers.jl:590
┌ Warning: water tag closure residual 2.6395023929085517e-5 exceeds the configured tolerance 1.0e-10 at t = 55.0 s. The tags no longer account for the field they partition; see output/a1_dt5/output_0000/water_tag_closure.csv.
└ @ ClimaAtmos ~/git/ClimaAtmosResiDyn.jl/src/parameterized_tendencies/tagged_tracers/tagged_tracers.jl:590
┌ Warning: water tag closure residual 2.641243459938448e-5 exceeds the configured tolerance 1.0e-10 at t = 60.0 s. The tags no longer account for the field they partition; see output/a1_dt5/output_0000/water_tag_closure.csv.
└ @ ClimaAtmos ~/git/ClimaAtmosResiDyn.jl/src/parameterized_tendencies/tagged_tracers/tagged_tracers.jl:590
┌ Warning: water tag closure residual 2.6435529107682764e-5 exceeds the configured tolerance 1.0e-10 at t = 65.0 s. The tags no longer account for the field they partition; see output/a1_dt5/output_0000/water_tag_closure.csv.
└ @ ClimaAtmos ~/git/ClimaAtmosResiDyn.jl/src/parameterized_tendencies/tagged_tracers/tagged_tracers.jl:590
┌ Warning: water tag closure residual 2.643376052614285e-5 exceeds the configured tolerance 1.0e-10 at t = 70.0 s. The tags no longer account for the field they partition; see output/a1_dt5/output_0000/water_tag_closure.csv.
└ @ ClimaAtmos ~/git/ClimaAtmosResiDyn.jl/src/parameterized_tendencies/tagged_tracers/tagged_tracers.jl:590
┌ Warning: water tag closure residual 2.6441951261494305e-5 exceeds the configured tolerance 1.0e-10 at t = 75.0 s. The tags no longer account for the field they partition; see output/a1_dt5/output_0000/water_tag_closure.csv.
└ @ ClimaAtmos ~/git/ClimaAtmosResiDyn.jl/src/parameterized_tendencies/tagged_tracers/tagged_tracers.jl:590
┌ Warning: water tag closure residual 2.6438006368564537e-5 exceeds the configured tolerance 1.0e-10 at t = 80.0 s. The tags no longer account for the field they partition; see output/a1_dt5/output_0000/water_tag_closure.csv.
└ @ ClimaAtmos ~/git/ClimaAtmosResiDyn.jl/src/parameterized_tendencies/tagged_tracers/tagged_tracers.jl:590
┌ Info: Progress
│   simulation_time = "1 minute, 20 seconds"
│   n_steps_completed = 16
│   wall_time_per_step = "70 milliseconds, 13 microseconds"
│   wall_time_total = "50 seconds, 409 milliseconds"
│   wall_time_remaining = "49 seconds, 289 milliseconds"
│   wall_time_spent = "1 second, 120 milliseconds"
│   percent_complete = "2.2%"
│   estimated_sypd = "0.196"
│   instantaneous_sypd = "0.113"
│   date_now = 2026-09-10T00:20:03.116
└   estimated_finish_date = 2026-09-10T00:20:53.116
┌ Warning: water tag closure residual 2.6438349372816874e-5 exceeds the configured tolerance 1.0e-10 at t = 85.0 s. The tags no longer account for the field they partition; see output/a1_dt5/output_0000/water_tag_closure.csv.
└ @ ClimaAtmos ~/git/ClimaAtmosResiDyn.jl/src/parameterized_tendencies/tagged_tracers/tagged_tracers.jl:590
┌ Warning: water tag closure residual 2.6435988466246737e-5 exceeds the configured tolerance 1.0e-10 at t = 90.0 s. The tags no longer account for the field they partition; see output/a1_dt5/output_0000/water_tag_closure.csv.
└ @ ClimaAtmos ~/git/ClimaAtmosResiDyn.jl/src/parameterized_tendencies/tagged_tracers/tagged_tracers.jl:590
┌ Warning: water tag closure residual 2.643321829523945e-5 exceeds the configured tolerance 1.0e-10 at t = 95.0 s. The tags no longer account for the field they partition; see output/a1_dt5/output_0000/water_tag_closure.csv.
└ @ ClimaAtmos ~/git/ClimaAtmosResiDyn.jl/src/parameterized_tendencies/tagged_tracers/tagged_tracers.jl:590
┌ Warning: water tag closure residual 2.6431162962703314e-5 exceeds the configured tolerance 1.0e-10 at t = 100.0 s. The tags no longer account for the field they partition; see output/a1_dt5/output_0000/water_tag_closure.csv.
└ @ ClimaAtmos ~/git/ClimaAtmosResiDyn.jl/src/parameterized_tendencies/tagged_tracers/tagged_tracers.jl:590
┌ Warning: water tag closure residual 2.6427800232592084e-5 exceeds the configured tolerance 1.0e-10 at t = 105.0 s. The tags no longer account for the field they partition; see output/a1_dt5/output_0000/water_tag_closure.csv.
└ @ ClimaAtmos ~/git/ClimaAtmosResiDyn.jl/src/parameterized_tendencies/tagged_tracers/tagged_tracers.jl:590
┌ Warning: water tag closure residual 2.6425512504362556e-5 exceeds the configured tolerance 1.0e-10 at t = 110.0 s. The tags no longer account for the field they partition; see output/a1_dt5/output_0000/water_tag_closure.csv.
└ @ ClimaAtmos ~/git/ClimaAtmosResiDyn.jl/src/parameterized_tendencies/tagged_tracers/tagged_tracers.jl:590
┌ Warning: water tag closure residual 2.6422442854602357e-5 exceeds the configured tolerance 1.0e-10 at t = 115.0 s. The tags no longer account for the field they partition; see output/a1_dt5/output_0000/water_tag_closure.csv.
└ @ ClimaAtmos ~/git/ClimaAtmosResiDyn.jl/src/parameterized_tendencies/tagged_tracers/tagged_tracers.jl:590
┌ Warning: water tag closure residual 2.6419822476320553e-5 exceeds the configured tolerance 1.0e-10 at t = 120.0 s. The tags no longer account for the field they partition; see output/a1_dt5/output_0000/water_tag_closure.csv.
└ @ ClimaAtmos ~/git/ClimaAtmosResiDyn.jl/src/parameterized_tendencies/tagged_tracers/tagged_tracers.jl:590
┌ Warning: water tag closure residual 2.6416977577479584e-5 exceeds the configured tolerance 1.0e-10 at t = 125.0 s. The tags no longer account for the field they partition; see output/a1_dt5/output_0000/water_tag_closure.csv.
└ @ ClimaAtmos ~/git/ClimaAtmosResiDyn.jl/src/parameterized_tendencies/tagged_tracers/tagged_tracers.jl:590
┌ Warning: water tag closure residual 2.6414190107653688e-5 exceeds the configured tolerance 1.0e-10 at t = 130.0 s. The tags no longer account for the field they partition; see output/a1_dt5/output_0000/water_tag_closure.csv.
└ @ ClimaAtmos ~/git/ClimaAtmosResiDyn.jl/src/parameterized_tendencies/tagged_tracers/tagged_tracers.jl:590
┌ Warning: water tag closure residual 2.6411406849219037e-5 exceeds the configured tolerance 1.0e-10 at t = 135.0 s. The tags no longer account for the field they partition; see output/a1_dt5/output_0000/water_tag_closure.csv.
└ @ ClimaAtmos ~/git/ClimaAtmosResiDyn.jl/src/parameterized_tendencies/tagged_tracers/tagged_tracers.jl:590
┌ Warning: water tag closure residual 2.6408574701519987e-5 exceeds the configured tolerance 1.0e-10 at t = 140.0 s. The tags no longer account for the field they partition; see output/a1_dt5/output_0000/water_tag_closure.csv.
└ @ ClimaAtmos ~/git/ClimaAtmosResiDyn.jl/src/parameterized_tendencies/tagged_tracers/tagged_tracers.jl:590
┌ Warning: water tag closure residual 2.640577720006481e-5 exceeds the configured tolerance 1.0e-10 at t = 145.0 s. The tags no longer account for the field they partition; see output/a1_dt5/output_0000/water_tag_closure.csv.
└ @ ClimaAtmos ~/git/ClimaAtmosResiDyn.jl/src/parameterized_tendencies/tagged_tracers/tagged_tracers.jl:590
┌ Warning: water tag closure residual 2.6402938799428464e-5 exceeds the configured tolerance 1.0e-10 at t = 150.0 s. The tags no longer account for the field they partition; see output/a1_dt5/output_0000/water_tag_closure.csv.
└ @ ClimaAtmos ~/git/ClimaAtmosResiDyn.jl/src/parameterized_tendencies/tagged_tracers/tagged_tracers.jl:590
┌ Warning: water tag closure residual 2.6400113366715742e-5 exceeds the configured tolerance 1.0e-10 at t = 155.0 s. The tags no longer account for the field they partition; see output/a1_dt5/output_0000/water_tag_closure.csv.
└ @ ClimaAtmos ~/git/ClimaAtmosResiDyn.jl/src/parameterized_tendencies/tagged_tracers/tagged_tracers.jl:590
┌ Warning: water tag closure residual 2.6397269029509866e-5 exceeds the configured tolerance 1.0e-10 at t = 160.0 s. The tags no longer account for the field they partition; see output/a1_dt5/output_0000/water_tag_closure.csv.
└ @ ClimaAtmos ~/git/ClimaAtmosResiDyn.jl/src/parameterized_tendencies/tagged_tracers/tagged_tracers.jl:590
┌ Info: Progress
│   simulation_time = "2 minutes, 40 seconds"
│   n_steps_completed = 32
│   wall_time_per_step = "37 milliseconds, 402 microseconds"
│   wall_time_total = "26 seconds, 929 milliseconds"
│   wall_time_remaining = "25 seconds, 733 milliseconds"
│   wall_time_spent = "1 second, 196 milliseconds"
│   percent_complete = "4.4%"
│   estimated_sypd = "0.366"
│   instantaneous_sypd = "2.857"
│   date_now = 2026-09-10T00:20:03.176
└   estimated_finish_date = 2026-09-10T00:20:29.176
┌ Warning: water tag closure residual 2.6394420944260614e-5 exceeds the configured tolerance 1.0e-10 at t = 165.0 s. The tags no longer account for the field they partition; see output/a1_dt5/output_0000/water_tag_closure.csv.
└ @ ClimaAtmos ~/git/ClimaAtmosResiDyn.jl/src/parameterized_tendencies/tagged_tracers/tagged_tracers.jl:590
┌ Warning: water tag closure residual 2.6391564467767313e-5 exceeds the configured tolerance 1.0e-10 at t = 170.0 s. The tags no longer account for the field they partition; see output/a1_dt5/output_0000/water_tag_closure.csv.
└ @ ClimaAtmos ~/git/ClimaAtmosResiDyn.jl/src/parameterized_tendencies/tagged_tracers/tagged_tracers.jl:590
┌ Warning: water tag closure residual 2.6388698857805273e-5 exceeds the configured tolerance 1.0e-10 at t = 175.0 s. The tags no longer account for the field they partition; see output/a1_dt5/output_0000/water_tag_closure.csv.
└ @ ClimaAtmos ~/git/ClimaAtmosResiDyn.jl/src/parameterized_tendencies/tagged_tracers/tagged_tracers.jl:590
┌ Warning: water tag closure residual 2.6385826874722182e-5 exceeds the configured tolerance 1.0e-10 at t = 180.0 s. The tags no longer account for the field they partition; see output/a1_dt5/output_0000/water_tag_closure.csv.
└ @ ClimaAtmos ~/git/ClimaAtmosResiDyn.jl/src/parameterized_tendencies/tagged_tracers/tagged_tracers.jl:590
┌ Warning: water tag closure residual 2.638294563533897e-5 exceeds the configured tolerance 1.0e-10 at t = 185.0 s. The tags no longer account for the field they partition; see output/a1_dt5/output_0000/water_tag_closure.csv.
└ @ ClimaAtmos ~/git/ClimaAtmosResiDyn.jl/src/parameterized_tendencies/tagged_tracers/tagged_tracers.jl:590
┌ Warning: water tag closure residual 2.6380057382427956e-5 exceeds the configured tolerance 1.0e-10 at t = 190.0 s. The tags no longer account for the field they partition; see output/a1_dt5/output_0000/water_tag_closure.csv.
└ @ ClimaAtmos ~/git/ClimaAtmosResiDyn.jl/src/parameterized_tendencies/tagged_tracers/tagged_tracers.jl:590
┌ Warning: water tag closure residual 2.6377160700994763e-5 exceeds the configured tolerance 1.0e-10 at t = 195.0 s. The tags no longer account for the field they partition; see output/a1_dt5/output_0000/water_tag_closure.csv.
└ @ ClimaAtmos ~/git/ClimaAtmosResiDyn.jl/src/parameterized_tendencies/tagged_tracers/tagged_tracers.jl:590
┌ Warning: water tag closure residual 2.637425634239951e-5 exceeds the configured tolerance 1.0e-10 at t = 200.0 s. The tags no longer account for the field they partition; see output/a1_dt5/output_0000/water_tag_closure.csv.
└ @ ClimaAtmos ~/git/ClimaAtmosResiDyn.jl/src/parameterized_tendencies/tagged_tracers/tagged_tracers.jl:590
┌ Warning: water tag closure residual 2.6371344026134625e-5 exceeds the configured tolerance 1.0e-10 at t = 205.0 s. The tags no longer account for the field they partition; see output/a1_dt5/output_0000/water_tag_closure.csv.
└ @ ClimaAtmos ~/git/ClimaAtmosResiDyn.jl/src/parameterized_tendencies/tagged_tracers/tagged_tracers.jl:590
┌ Warning: water tag closure residual 2.636842379271013e-5 exceeds the configured tolerance 1.0e-10 at t = 210.0 s. The tags no longer account for the field they partition; see output/a1_dt5/output_0000/water_tag_closure.csv.
└ @ ClimaAtmos ~/git/ClimaAtmosResiDyn.jl/src/parameterized_tendencies/tagged_tracers/tagged_tracers.jl:590
┌ Warning: water tag closure residual 2.636549572716731e-5 exceeds the configured tolerance 1.0e-10 at t = 215.0 s. The tags no longer account for the field they partition; see output/a1_dt5/output_0000/water_tag_closure.csv.
└ @ ClimaAtmos ~/git/ClimaAtmosResiDyn.jl/src/parameterized_tendencies/tagged_tracers/tagged_tracers.jl:590
┌ Warning: water tag closure residual 2.636255973445292e-5 exceeds the configured tolerance 1.0e-10 at t = 220.0 s. The tags no longer account for the field they partition; see output/a1_dt5/output_0000/water_tag_closure.csv.
└ @ ClimaAtmos ~/git/ClimaAtmosResiDyn.jl/src/parameterized_tendencies/tagged_tracers/tagged_tracers.jl:590
┌ Warning: water tag closure residual 2.6359615909404705e-5 exceeds the configured tolerance 1.0e-10 at t = 225.0 s. The tags no longer account for the field they partition; see output/a1_dt5/output_0000/water_tag_closure.csv.
└ @ ClimaAtmos ~/git/ClimaAtmosResiDyn.jl/src/parameterized_tendencies/tagged_tracers/tagged_tracers.jl:590
┌ Warning: water tag closure residual 2.6356664200437675e-5 exceeds the configured tolerance 1.0e-10 at t = 230.0 s. The tags no longer account for the field they partition; see output/a1_dt5/output_0000/water_tag_closure.csv.
└ @ ClimaAtmos ~/git/ClimaAtmosResiDyn.jl/src/parameterized_tendencies/tagged_tracers/tagged_tracers.jl:590
┌ Warning: water tag closure residual 2.6353704649030714e-5 exceeds the configured tolerance 1.0e-10 at t = 235.0 s. The tags no longer account for the field they partition; see output/a1_dt5/output_0000/water_tag_closure.csv.
└ @ ClimaAtmos ~/git/ClimaAtmosResiDyn.jl/src/parameterized_tendencies/tagged_tracers/tagged_tracers.jl:590
┌ Warning: water tag closure residual 2.635073725223294e-5 exceeds the configured tolerance 1.0e-10 at t = 240.0 s. The tags no longer account for the field they partition; see output/a1_dt5/output_0000/water_tag_closure.csv.
└ @ ClimaAtmos ~/git/ClimaAtmosResiDyn.jl/src/parameterized_tendencies/tagged_tracers/tagged_tracers.jl:590
┌ Warning: water tag closure residual 2.6347762032286e-5 exceeds the configured tolerance 1.0e-10 at t = 245.0 s. The tags no longer account for the field they partition; see output/a1_dt5/output_0000/water_tag_closure.csv.
└ @ ClimaAtmos ~/git/ClimaAtmosResiDyn.jl/src/parameterized_tendencies/tagged_tracers/tagged_tracers.jl:590
┌ Warning: water tag closure residual 2.6344779011286095e-5 exceeds the configured tolerance 1.0e-10 at t = 250.0 s. The tags no longer account for the field they partition; see output/a1_dt5/output_0000/water_tag_closure.csv.
└ @ ClimaAtmos ~/git/ClimaAtmosResiDyn.jl/src/parameterized_tendencies/tagged_tracers/tagged_tracers.jl:590
┌ Warning: water tag closure residual 2.6341788206119054e-5 exceeds the configured tolerance 1.0e-10 at t = 255.0 s. The tags no longer account for the field they partition; see output/a1_dt5/output_0000/water_tag_closure.csv.
└ @ ClimaAtmos ~/git/ClimaAtmosResiDyn.jl/src/parameterized_tendencies/tagged_tracers/tagged_tracers.jl:590
┌ Warning: water tag closure residual 2.6338789640625634e-5 exceeds the configured tolerance 1.0e-10 at t = 260.0 s. The tags no longer account for the field they partition; see output/a1_dt5/output_0000/water_tag_closure.csv.
└ @ ClimaAtmos ~/git/ClimaAtmosResiDyn.jl/src/parameterized_tendencies/tagged_tracers/tagged_tracers.jl:590
┌ Warning: water tag closure residual 2.6335783332889613e-5 exceeds the configured tolerance 1.0e-10 at t = 265.0 s. The tags no longer account for the field they partition; see output/a1_dt5/output_0000/water_tag_closure.csv.
└ @ ClimaAtmos ~/git/ClimaAtmosResiDyn.jl/src/parameterized_tendencies/tagged_tracers/tagged_tracers.jl:590
┌ Warning: water tag closure residual 2.6332769304764435e-5 exceeds the configured tolerance 1.0e-10 at t = 270.0 s. The tags no longer account for the field they partition; see output/a1_dt5/output_0000/water_tag_closure.csv.
└ @ ClimaAtmos ~/git/ClimaAtmosResiDyn.jl/src/parameterized_tendencies/tagged_tracers/tagged_tracers.jl:590
┌ Warning: water tag closure residual 2.632974757644213e-5 exceeds the configured tolerance 1.0e-10 at t = 275.0 s. The tags no longer account for the field they partition; see output/a1_dt5/output_0000/water_tag_closure.csv.
└ @ ClimaAtmos ~/git/ClimaAtmosResiDyn.jl/src/parameterized_tendencies/tagged_tracers/tagged_tracers.jl:590
┌ Warning: water tag closure residual 2.632671816870954e-5 exceeds the configured tolerance 1.0e-10 at t = 280.0 s. The tags no longer account for the field they partition; see output/a1_dt5/output_0000/water_tag_closure.csv.
└ @ ClimaAtmos ~/git/ClimaAtmosResiDyn.jl/src/parameterized_tendencies/tagged_tracers/tagged_tracers.jl:590
┌ Warning: water tag closure residual 2.632368110241995e-5 exceeds the configured tolerance 1.0e-10 at t = 285.0 s. The tags no longer account for the field they partition; see output/a1_dt5/output_0000/water_tag_closure.csv.
└ @ ClimaAtmos ~/git/ClimaAtmosResiDyn.jl/src/parameterized_tendencies/tagged_tracers/tagged_tracers.jl:590
┌ Warning: water tag closure residual 2.6320636398290113e-5 exceeds the configured tolerance 1.0e-10 at t = 290.0 s. The tags no longer account for the field they partition; see output/a1_dt5/output_0000/water_tag_closure.csv.
└ @ ClimaAtmos ~/git/ClimaAtmosResiDyn.jl/src/parameterized_tendencies/tagged_tracers/tagged_tracers.jl:590
┌ Warning: water tag closure residual 2.631758407732834e-5 exceeds the configured tolerance 1.0e-10 at t = 295.0 s. The tags no longer account for the field they partition; see output/a1_dt5/output_0000/water_tag_closure.csv.
└ @ ClimaAtmos ~/git/ClimaAtmosResiDyn.jl/src/parameterized_tendencies/tagged_tracers/tagged_tracers.jl:590
┌ Warning: water tag closure residual 2.631452416038881e-5 exceeds the configured tolerance 1.0e-10 at t = 300.0 s. The tags no longer account for the field they partition; see output/a1_dt5/output_0000/water_tag_closure.csv.
└ @ ClimaAtmos ~/git/ClimaAtmosResiDyn.jl/src/parameterized_tendencies/tagged_tracers/tagged_tracers.jl:590
┌ Warning: water tag closure residual 2.631145666850644e-5 exceeds the configured tolerance 1.0e-10 at t = 305.0 s. The tags no longer account for the field they partition; see output/a1_dt5/output_0000/water_tag_closure.csv.
└ @ ClimaAtmos ~/git/ClimaAtmosResiDyn.jl/src/parameterized_tendencies/tagged_tracers/tagged_tracers.jl:590
┌ Warning: water tag closure residual 2.6308381622917538e-5 exceeds the configured tolerance 1.0e-10 at t = 310.0 s. The tags no longer account for the field they partition; see output/a1_dt5/output_0000/water_tag_closure.csv.
└ @ ClimaAtmos ~/git/ClimaAtmosResiDyn.jl/src/parameterized_tendencies/tagged_tracers/tagged_tracers.jl:590
┌ Warning: water tag closure residual 2.630529904477015e-5 exceeds the configured tolerance 1.0e-10 at t = 315.0 s. The tags no longer account for the field they partition; see output/a1_dt5/output_0000/water_tag_closure.csv.
└ @ ClimaAtmos ~/git/ClimaAtmosResiDyn.jl/src/parameterized_tendencies/tagged_tracers/tagged_tracers.jl:590
┌ Warning: water tag closure residual 2.6302208955260863e-5 exceeds the configured tolerance 1.0e-10 at t = 320.0 s. The tags no longer account for the field they partition; see output/a1_dt5/output_0000/water_tag_closure.csv.
└ @ ClimaAtmos ~/git/ClimaAtmosResiDyn.jl/src/parameterized_tendencies/tagged_tracers/tagged_tracers.jl:590
┌ Info: Progress
│   simulation_time = "5 minutes, 20 seconds"
│   n_steps_completed = 64
│   wall_time_per_step = "21 milliseconds, 2 microseconds"
│   wall_time_total = "15 seconds, 121 milliseconds"
│   wall_time_remaining = "13 seconds, 777 milliseconds"
│   wall_time_spent = "1 second, 344 milliseconds"
│   percent_complete = "8.9%"
│   estimated_sypd = "0.652"
│   instantaneous_sypd = "2.974"
│   date_now = 2026-09-10T00:20:03.323
└   estimated_finish_date = 2026-09-10T00:20:17.323
┌ Warning: water tag closure residual 2.6299111375901232e-5 exceeds the configured tolerance 1.0e-10 at t = 325.0 s. The tags no longer account for the field they partition; see output/a1_dt5/output_0000/water_tag_closure.csv.
└ @ ClimaAtmos ~/git/ClimaAtmosResiDyn.jl/src/parameterized_tendencies/tagged_tracers/tagged_tracers.jl:590
┌ Warning: water tag closure residual 2.6296006328147855e-5 exceeds the configured tolerance 1.0e-10 at t = 330.0 s. The tags no longer account for the field they partition; see output/a1_dt5/output_0000/water_tag_closure.csv.
└ @ ClimaAtmos ~/git/ClimaAtmosResiDyn.jl/src/parameterized_tendencies/tagged_tracers/tagged_tracers.jl:590
┌ Warning: water tag closure residual 2.6292893833721697e-5 exceeds the configured tolerance 1.0e-10 at t = 335.0 s. The tags no longer account for the field they partition; see output/a1_dt5/output_0000/water_tag_closure.csv.
└ @ ClimaAtmos ~/git/ClimaAtmosResiDyn.jl/src/parameterized_tendencies/tagged_tracers/tagged_tracers.jl:590
┌ Warning: water tag closure residual 2.628977391441742e-5 exceeds the configured tolerance 1.0e-10 at t = 340.0 s. The tags no longer account for the field they partition; see output/a1_dt5/output_0000/water_tag_closure.csv.
└ @ ClimaAtmos ~/git/ClimaAtmosResiDyn.jl/src/parameterized_tendencies/tagged_tracers/tagged_tracers.jl:590
┌ Warning: water tag closure residual 2.6286646601849715e-5 exceeds the configured tolerance 1.0e-10 at t = 345.0 s. The tags no longer account for the field they partition; see output/a1_dt5/output_0000/water_tag_closure.csv.
└ @ ClimaAtmos ~/git/ClimaAtmosResiDyn.jl/src/parameterized_tendencies/tagged_tracers/tagged_tracers.jl:590
┌ Warning: water tag closure residual 2.6283511918229848e-5 exceeds the configured tolerance 1.0e-10 at t = 350.0 s. The tags no longer account for the field they partition; see output/a1_dt5/output_0000/water_tag_closure.csv.
└ @ ClimaAtmos ~/git/ClimaAtmosResiDyn.jl/src/parameterized_tendencies/tagged_tracers/tagged_tracers.jl:590
┌ Warning: water tag closure residual 2.62803698770151e-5 exceeds the configured tolerance 1.0e-10 at t = 355.0 s. The tags no longer account for the field they partition; see output/a1_dt5/output_0000/water_tag_closure.csv.
└ @ ClimaAtmos ~/git/ClimaAtmosResiDyn.jl/src/parameterized_tendencies/tagged_tracers/tagged_tracers.jl:590
┌ Warning: water tag closure residual 2.6277220503875775e-5 exceeds the configured tolerance 1.0e-10 at t = 360.0 s. The tags no longer account for the field they partition; see output/a1_dt5/output_0000/water_tag_closure.csv.
└ @ ClimaAtmos ~/git/ClimaAtmosResiDyn.jl/src/parameterized_tendencies/tagged_tracers/tagged_tracers.jl:590
┌ Warning: water tag closure residual 2.6274063820680507e-5 exceeds the configured tolerance 1.0e-10 at t = 365.0 s. The tags no longer account for the field they partition; see output/a1_dt5/output_0000/water_tag_closure.csv.
└ @ ClimaAtmos ~/git/ClimaAtmosResiDyn.jl/src/parameterized_tendencies/tagged_tracers/tagged_tracers.jl:590
┌ Warning: water tag closure residual 2.6270899850767817e-5 exceeds the configured tolerance 1.0e-10 at t = 370.0 s. The tags no longer account for the field they partition; see output/a1_dt5/output_0000/water_tag_closure.csv.
└ @ ClimaAtmos ~/git/ClimaAtmosResiDyn.jl/src/parameterized_tendencies/tagged_tracers/tagged_tracers.jl:590
┌ Warning: water tag closure residual 2.6267728617040008e-5 exceeds the configured tolerance 1.0e-10 at t = 375.0 s. The tags no longer account for the field they partition; see output/a1_dt5/output_0000/water_tag_closure.csv.
└ @ ClimaAtmos ~/git/ClimaAtmosResiDyn.jl/src/parameterized_tendencies/tagged_tracers/tagged_tracers.jl:590
┌ Warning: water tag closure residual 2.6264550142626903e-5 exceeds the configured tolerance 1.0e-10 at t = 380.0 s. The tags no longer account for the field they partition; see output/a1_dt5/output_0000/water_tag_closure.csv.
└ @ ClimaAtmos ~/git/ClimaAtmosResiDyn.jl/src/parameterized_tendencies/tagged_tracers/tagged_tracers.jl:590
┌ Warning: water tag closure residual 2.6261364451068118e-5 exceeds the configured tolerance 1.0e-10 at t = 385.0 s. The tags no longer account for the field they partition; see output/a1_dt5/output_0000/water_tag_closure.csv.
└ @ ClimaAtmos ~/git/ClimaAtmosResiDyn.jl/src/parameterized_tendencies/tagged_tracers/tagged_tracers.jl:590
┌ Warning: water tag closure residual 2.6258171673689473e-5 exceeds the configured tolerance 1.0e-10 at t = 390.0 s. The tags no longer account for the field they partition; see output/a1_dt5/output_0000/water_tag_closure.csv.
└ @ ClimaAtmos ~/git/ClimaAtmosResiDyn.jl/src/parameterized_tendencies/tagged_tracers/tagged_tracers.jl:590
┌ Warning: water tag closure residual 2.6254972400823186e-5 exceeds the configured tolerance 1.0e-10 at t = 395.0 s. The tags no longer account for the field they partition; see output/a1_dt5/output_0000/water_tag_closure.csv.
└ @ ClimaAtmos ~/git/ClimaAtmosResiDyn.jl/src/parameterized_tendencies/tagged_tracers/tagged_tracers.jl:590
┌ Warning: water tag closure residual 2.6251766540462893e-5 exceeds the configured tolerance 1.0e-10 at t = 400.0 s. The tags no longer account for the field they partition; see output/a1_dt5/output_0000/water_tag_closure.csv.
└ @ ClimaAtmos ~/git/ClimaAtmosResiDyn.jl/src/parameterized_tendencies/tagged_tracers/tagged_tracers.jl:590
┌ Warning: water tag closure residual 2.6248551930571562e-5 exceeds the configured tolerance 1.0e-10 at t = 405.0 s. The tags no longer account for the field they partition; see output/a1_dt5/output_0000/water_tag_closure.csv.
└ @ ClimaAtmos ~/git/ClimaAtmosResiDyn.jl/src/parameterized_tendencies/tagged_tracers/tagged_tracers.jl:590
┌ Warning: water tag closure residual 2.6245338833722277e-5 exceeds the configured tolerance 1.0e-10 at t = 410.0 s. The tags no longer account for the field they partition; see output/a1_dt5/output_0000/water_tag_closure.csv.
└ @ ClimaAtmos ~/git/ClimaAtmosResiDyn.jl/src/parameterized_tendencies/tagged_tracers/tagged_tracers.jl:590
┌ Warning: water tag closure residual 2.6242103440968018e-5 exceeds the configured tolerance 1.0e-10 at t = 415.0 s. The tags no longer account for the field they partition; see output/a1_dt5/output_0000/water_tag_closure.csv.
└ @ ClimaAtmos ~/git/ClimaAtmosResiDyn.jl/src/parameterized_tendencies/tagged_tracers/tagged_tracers.jl:590
┌ Warning: water tag closure residual 2.6238909925083447e-5 exceeds the configured tolerance 1.0e-10 at t = 420.0 s. The tags no longer account for the field they partition; see output/a1_dt5/output_0000/water_tag_closure.csv.
└ @ ClimaAtmos ~/git/ClimaAtmosResiDyn.jl/src/parameterized_tendencies/tagged_tracers/tagged_tracers.jl:590
┌ Warning: water tag closure residual 2.6235629680935217e-5 exceeds the configured tolerance 1.0e-10 at t = 425.0 s. The tags no longer account for the field they partition; see output/a1_dt5/output_0000/water_tag_closure.csv.
└ @ ClimaAtmos ~/git/ClimaAtmosResiDyn.jl/src/parameterized_tendencies/tagged_tracers/tagged_tracers.jl:590
┌ Warning: water tag closure residual 2.623243914115025e-5 exceeds the configured tolerance 1.0e-10 at t = 430.0 s. The tags no longer account for the field they partition; see output/a1_dt5/output_0000/water_tag_closure.csv.
└ @ ClimaAtmos ~/git/ClimaAtmosResiDyn.jl/src/parameterized_tendencies/tagged_tracers/tagged_tracers.jl:590
┌ Warning: water tag closure residual 2.6229125618840195e-5 exceeds the configured tolerance 1.0e-10 at t = 435.0 s. The tags no longer account for the field they partition; see output/a1_dt5/output_0000/water_tag_closure.csv.
└ @ ClimaAtmos ~/git/ClimaAtmosResiDyn.jl/src/parameterized_tendencies/tagged_tracers/tagged_tracers.jl:590
┌ Warning: water tag closure residual 2.6225902622575665e-5 exceeds the configured tolerance 1.0e-10 at t = 440.0 s. The tags no longer account for the field they partition; see output/a1_dt5/output_0000/water_tag_closure.csv.
└ @ ClimaAtmos ~/git/ClimaAtmosResiDyn.jl/src/parameterized_tendencies/tagged_tracers/tagged_tracers.jl:590
┌ Warning: water tag closure residual 2.6222556076620468e-5 exceeds the configured tolerance 1.0e-10 at t = 445.0 s. The tags no longer account for the field they partition; see output/a1_dt5/output_0000/water_tag_closure.csv.
└ @ ClimaAtmos ~/git/ClimaAtmosResiDyn.jl/src/parameterized_tendencies/tagged_tracers/tagged_tracers.jl:590
┌ Warning: water tag closure residual 2.6219274926737508e-5 exceeds the configured tolerance 1.0e-10 at t = 450.0 s. The tags no longer account for the field they partition; see output/a1_dt5/output_0000/water_tag_closure.csv.
└ @ ClimaAtmos ~/git/ClimaAtmosResiDyn.jl/src/parameterized_tendencies/tagged_tracers/tagged_tracers.jl:590
┌ Warning: water tag closure residual 2.6216027374466485e-5 exceeds the configured tolerance 1.0e-10 at t = 455.0 s. The tags no longer account for the field they partition; see output/a1_dt5/output_0000/water_tag_closure.csv.
└ @ ClimaAtmos ~/git/ClimaAtmosResiDyn.jl/src/parameterized_tendencies/tagged_tracers/tagged_tracers.jl:590
┌ Warning: water tag closure residual 2.6212724814043473e-5 exceeds the configured tolerance 1.0e-10 at t = 460.0 s. The tags no longer account for the field they partition; see output/a1_dt5/output_0000/water_tag_closure.csv.
└ @ ClimaAtmos ~/git/ClimaAtmosResiDyn.jl/src/parameterized_tendencies/tagged_tracers/tagged_tracers.jl:590
┌ Warning: water tag closure residual 2.6209354269941856e-5 exceeds the configured tolerance 1.0e-10 at t = 465.0 s. The tags no longer account for the field they partition; see output/a1_dt5/output_0000/water_tag_closure.csv.
└ @ ClimaAtmos ~/git/ClimaAtmosResiDyn.jl/src/parameterized_tendencies/tagged_tracers/tagged_tracers.jl:590
┌ Warning: water tag closure residual 2.6206096017399587e-5 exceeds the configured tolerance 1.0e-10 at t = 470.0 s. The tags no longer account for the field they partition; see output/a1_dt5/output_0000/water_tag_closure.csv.
└ @ ClimaAtmos ~/git/ClimaAtmosResiDyn.jl/src/parameterized_tendencies/tagged_tracers/tagged_tracers.jl:590
┌ Warning: water tag closure residual 2.6202803521130506e-5 exceeds the configured tolerance 1.0e-10 at t = 475.0 s. The tags no longer account for the field they partition; see output/a1_dt5/output_0000/water_tag_closure.csv.
└ @ ClimaAtmos ~/git/ClimaAtmosResiDyn.jl/src/parameterized_tendencies/tagged_tracers/tagged_tracers.jl:590
┌ Warning: water tag closure residual 2.619952871110355e-5 exceeds the configured tolerance 1.0e-10 at t = 480.0 s. The tags no longer account for the field they partition; see output/a1_dt5/output_0000/water_tag_closure.csv.
└ @ ClimaAtmos ~/git/ClimaAtmosResiDyn.jl/src/parameterized_tendencies/tagged_tracers/tagged_tracers.jl:590
┌ Warning: water tag closure residual 2.619628458204333e-5 exceeds the configured tolerance 1.0e-10 at t = 485.0 s. The tags no longer account for the field they partition; see output/a1_dt5/output_0000/water_tag_closure.csv.
└ @ ClimaAtmos ~/git/ClimaAtmosResiDyn.jl/src/parameterized_tendencies/tagged_tracers/tagged_tracers.jl:590
┌ Warning: water tag closure residual 2.6193112221303506e-5 exceeds the configured tolerance 1.0e-10 at t = 490.0 s. The tags no longer account for the field they partition; see output/a1_dt5/output_0000/water_tag_closure.csv.
└ @ ClimaAtmos ~/git/ClimaAtmosResiDyn.jl/src/parameterized_tendencies/tagged_tracers/tagged_tracers.jl:590
┌ Warning: water tag closure residual 2.6189572910930186e-5 exceeds the configured tolerance 1.0e-10 at t = 495.0 s. The tags no longer account for the field they partition; see output/a1_dt5/output_0000/water_tag_closure.csv.
└ @ ClimaAtmos ~/git/ClimaAtmosResiDyn.jl/src/parameterized_tendencies/tagged_tracers/tagged_tracers.jl:590
┌ Warning: water tag closure residual 2.6186199634651132e-5 exceeds the configured tolerance 1.0e-10 at t = 500.0 s. The tags no longer account for the field they partition; see output/a1_dt5/output_0000/water_tag_closure.csv.
└ @ ClimaAtmos ~/git/ClimaAtmosResiDyn.jl/src/parameterized_tendencies/tagged_tracers/tagged_tracers.jl:590
┌ Warning: water tag closure residual 2.618288059736796e-5 exceeds the configured tolerance 1.0e-10 at t = 505.0 s. The tags no longer account for the field they partition; see output/a1_dt5/output_0000/water_tag_closure.csv.
└ @ ClimaAtmos ~/git/ClimaAtmosResiDyn.jl/src/parameterized_tendencies/tagged_tracers/tagged_tracers.jl:590
┌ Info: Progress
│   simulation_time = "8 minutes, 25 seconds"
│   n_steps_completed = 101
│   wall_time_per_step = "14 milliseconds, 850 microseconds"
│   wall_time_total = "10 seconds, 692 milliseconds"
│   wall_time_remaining = "9 seconds, 192 milliseconds"
│   wall_time_spent = "1 second, 499 milliseconds"
│   percent_complete = "14.0%"
│   estimated_sypd = "0.922"
│   instantaneous_sypd = "3.252"
│   date_now = 2026-09-10T00:20:03.479
└   estimated_finish_date = 2026-09-10T00:20:13.479
┌ Warning: water tag closure residual 2.6179532612645788e-5 exceeds the configured tolerance 1.0e-10 at t = 510.0 s. The tags no longer account for the field they partition; see output/a1_dt5/output_0000/water_tag_closure.csv.
└ @ ClimaAtmos ~/git/ClimaAtmosResiDyn.jl/src/parameterized_tendencies/tagged_tracers/tagged_tracers.jl:590
┌ Warning: water tag closure residual 2.617619318056694e-5 exceeds the configured tolerance 1.0e-10 at t = 515.0 s. The tags no longer account for the field they partition; see output/a1_dt5/output_0000/water_tag_closure.csv.
└ @ ClimaAtmos ~/git/ClimaAtmosResiDyn.jl/src/parameterized_tendencies/tagged_tracers/tagged_tracers.jl:590
┌ Warning: water tag closure residual 2.617283592010559e-5 exceeds the configured tolerance 1.0e-10 at t = 520.0 s. The tags no longer account for the field they partition; see output/a1_dt5/output_0000/water_tag_closure.csv.
└ @ ClimaAtmos ~/git/ClimaAtmosResiDyn.jl/src/parameterized_tendencies/tagged_tracers/tagged_tracers.jl:590
┌ Warning: water tag closure residual 2.6169481466513196e-5 exceeds the configured tolerance 1.0e-10 at t = 525.0 s. The tags no longer account for the field they partition; see output/a1_dt5/output_0000/water_tag_closure.csv.
└ @ ClimaAtmos ~/git/ClimaAtmosResiDyn.jl/src/parameterized_tendencies/tagged_tracers/tagged_tracers.jl:590
┌ Warning: water tag closure residual 2.6166114880854205e-5 exceeds the configured tolerance 1.0e-10 at t = 530.0 s. The tags no longer account for the field they partition; see output/a1_dt5/output_0000/water_tag_closure.csv.
└ @ ClimaAtmos ~/git/ClimaAtmosResiDyn.jl/src/parameterized_tendencies/tagged_tracers/tagged_tracers.jl:590
┌ Warning: water tag closure residual 2.6162744000135888e-5 exceeds the configured tolerance 1.0e-10 at t = 535.0 s. The tags no longer account for the field they partition; see output/a1_dt5/output_0000/water_tag_closure.csv.
└ @ ClimaAtmos ~/git/ClimaAtmosResiDyn.jl/src/parameterized_tendencies/tagged_tracers/tagged_tracers.jl:590
┌ Warning: water tag closure residual 2.6159365864156196e-5 exceeds the configured tolerance 1.0e-10 at t = 540.0 s. The tags no longer account for the field they partition; see output/a1_dt5/output_0000/water_tag_closure.csv.
└ @ ClimaAtmos ~/git/ClimaAtmosResiDyn.jl/src/parameterized_tendencies/tagged_tracers/tagged_tracers.jl:590
┌ Warning: water tag closure residual 2.615598064837604e-5 exceeds the configured tolerance 1.0e-10 at t = 545.0 s. The tags no longer account for the field they partition; see output/a1_dt5/output_0000/water_tag_closure.csv.
└ @ ClimaAtmos ~/git/ClimaAtmosResiDyn.jl/src/parameterized_tendencies/tagged_tracers/tagged_tracers.jl:590
┌ Warning: water tag closure residual 2.6152589521909163e-5 exceeds the configured tolerance 1.0e-10 at t = 550.0 s. The tags no longer account for the field they partition; see output/a1_dt5/output_0000/water_tag_closure.csv.
└ @ ClimaAtmos ~/git/ClimaAtmosResiDyn.jl/src/parameterized_tendencies/tagged_tracers/tagged_tracers.jl:590
┌ Warning: water tag closure residual 2.614919101881782e-5 exceeds the configured tolerance 1.0e-10 at t = 555.0 s. The tags no longer account for the field they partition; see output/a1_dt5/output_0000/water_tag_closure.csv.
└ @ ClimaAtmos ~/git/ClimaAtmosResiDyn.jl/src/parameterized_tendencies/tagged_tracers/tagged_tracers.jl:590
┌ Warning: water tag closure residual 2.6145786457176724e-5 exceeds the configured tolerance 1.0e-10 at t = 560.0 s. The tags no longer account for the field they partition; see output/a1_dt5/output_0000/water_tag_closure.csv.
└ @ ClimaAtmos ~/git/ClimaAtmosResiDyn.jl/src/parameterized_tendencies/tagged_tracers/tagged_tracers.jl:590
┌ Warning: water tag closure residual 2.6142374932448605e-5 exceeds the configured tolerance 1.0e-10 at t = 565.0 s. The tags no longer account for the field they partition; see output/a1_dt5/output_0000/water_tag_closure.csv.
└ @ ClimaAtmos ~/git/ClimaAtmosResiDyn.jl/src/parameterized_tendencies/tagged_tracers/tagged_tracers.jl:590
┌ Warning: water tag closure residual 2.6138957006185313e-5 exceeds the configured tolerance 1.0e-10 at t = 570.0 s. The tags no longer account for the field they partition; see output/a1_dt5/output_0000/water_tag_closure.csv.
└ @ ClimaAtmos ~/git/ClimaAtmosResiDyn.jl/src/parameterized_tendencies/tagged_tracers/tagged_tracers.jl:590
┌ Warning: water tag closure residual 2.6135532446686103e-5 exceeds the configured tolerance 1.0e-10 at t = 575.0 s. The tags no longer account for the field they partition; see output/a1_dt5/output_0000/water_tag_closure.csv.
└ @ ClimaAtmos ~/git/ClimaAtmosResiDyn.jl/src/parameterized_tendencies/tagged_tracers/tagged_tracers.jl:590
┌ Warning: water tag closure residual 2.613210133270843e-5 exceeds the configured tolerance 1.0e-10 at t = 580.0 s. The tags no longer account for the field they partition; see output/a1_dt5/output_0000/water_tag_closure.csv.
└ @ ClimaAtmos ~/git/ClimaAtmosResiDyn.jl/src/parameterized_tendencies/tagged_tracers/tagged_tracers.jl:590
┌ Warning: water tag closure residual 2.6128663719406066e-5 exceeds the configured tolerance 1.0e-10 at t = 585.0 s. The tags no longer account for the field they partition; see output/a1_dt5/output_0000/water_tag_closure.csv.
└ @ ClimaAtmos ~/git/ClimaAtmosResiDyn.jl/src/parameterized_tendencies/tagged_tracers/tagged_tracers.jl:590
┌ Warning: water tag closure residual 2.6125219551609106e-5 exceeds the configured tolerance 1.0e-10 at t = 590.0 s. The tags no longer account for the field they partition; see output/a1_dt5/output_0000/water_tag_closure.csv.
└ @ ClimaAtmos ~/git/ClimaAtmosResiDyn.jl/src/parameterized_tendencies/tagged_tracers/tagged_tracers.jl:590
┌ Warning: water tag closure residual 2.612176891883955e-5 exceeds the configured tolerance 1.0e-10 at t = 595.0 s. The tags no longer account for the field they partition; see output/a1_dt5/output_0000/water_tag_closure.csv.
└ @ ClimaAtmos ~/git/ClimaAtmosResiDyn.jl/src/parameterized_tendencies/tagged_tracers/tagged_tracers.jl:590
┌ Warning: water tag closure residual 2.611831178368088e-5 exceeds the configured tolerance 1.0e-10 at t = 600.0 s. The tags no longer account for the field they partition; see output/a1_dt5/output_0000/water_tag_closure.csv.
└ @ ClimaAtmos ~/git/ClimaAtmosResiDyn.jl/src/parameterized_tendencies/tagged_tracers/tagged_tracers.jl:590
┌ Warning: water tag closure residual 2.6114848198361534e-5 exceeds the configured tolerance 1.0e-10 at t = 605.0 s. The tags no longer account for the field they partition; see output/a1_dt5/output_0000/water_tag_closure.csv.
└ @ ClimaAtmos ~/git/ClimaAtmosResiDyn.jl/src/parameterized_tendencies/tagged_tracers/tagged_tracers.jl:590
┌ Warning: water tag closure residual 2.61113781624204e-5 exceeds the configured tolerance 1.0e-10 at t = 610.0 s. The tags no longer account for the field they partition; see output/a1_dt5/output_0000/water_tag_closure.csv.
└ @ ClimaAtmos ~/git/ClimaAtmosResiDyn.jl/src/parameterized_tendencies/tagged_tracers/tagged_tracers.jl:590
┌ Warning: water tag closure residual 2.6107901699425595e-5 exceeds the configured tolerance 1.0e-10 at t = 615.0 s. The tags no longer account for the field they partition; see output/a1_dt5/output_0000/water_tag_closure.csv.
└ @ ClimaAtmos ~/git/ClimaAtmosResiDyn.jl/src/parameterized_tendencies/tagged_tracers/tagged_tracers.jl:590
┌ Warning: water tag closure residual 2.610441878247412e-5 exceeds the configured tolerance 1.0e-10 at t = 620.0 s. The tags no longer account for the field they partition; see output/a1_dt5/output_0000/water_tag_closure.csv.
└ @ ClimaAtmos ~/git/ClimaAtmosResiDyn.jl/src/parameterized_tendencies/tagged_tracers/tagged_tracers.jl:590
┌ Warning: water tag closure residual 2.610092949157202e-5 exceeds the configured tolerance 1.0e-10 at t = 625.0 s. The tags no longer account for the field they partition; see output/a1_dt5/output_0000/water_tag_closure.csv.
└ @ ClimaAtmos ~/git/ClimaAtmosResiDyn.jl/src/parameterized_tendencies/tagged_tracers/tagged_tracers.jl:590
┌ Warning: water tag closure residual 2.609743382315485e-5 exceeds the configured tolerance 1.0e-10 at t = 630.0 s. The tags no longer account for the field they partition; see output/a1_dt5/output_0000/water_tag_closure.csv.
└ @ ClimaAtmos ~/git/ClimaAtmosResiDyn.jl/src/parameterized_tendencies/tagged_tracers/tagged_tracers.jl:590
┌ Warning: water tag closure residual 2.6093931795271783e-5 exceeds the configured tolerance 1.0e-10 at t = 635.0 s. The tags no longer account for the field they partition; see output/a1_dt5/output_0000/water_tag_closure.csv.
└ @ ClimaAtmos ~/git/ClimaAtmosResiDyn.jl/src/parameterized_tendencies/tagged_tracers/tagged_tracers.jl:590
┌ Warning: water tag closure residual 2.6090423431313296e-5 exceeds the configured tolerance 1.0e-10 at t = 640.0 s. The tags no longer account for the field they partition; see output/a1_dt5/output_0000/water_tag_closure.csv.
└ @ ClimaAtmos ~/git/ClimaAtmosResiDyn.jl/src/parameterized_tendencies/tagged_tracers/tagged_tracers.jl:590
┌ Info: Progress
│   simulation_time = "10 minutes, 40 seconds"
│   n_steps_completed = 128
│   wall_time_per_step = "12 milliseconds, 599 microseconds"
│   wall_time_total = "9 seconds, 71 milliseconds"
│   wall_time_remaining = "7 seconds, 458 milliseconds"
│   wall_time_spent = "1 second, 612 milliseconds"
│   percent_complete = "17.8%"
│   estimated_sypd = "1.087"
│   instantaneous_sypd = "3.277"
│   date_now = 2026-09-10T00:20:03.592
└   estimated_finish_date = 2026-09-10T00:20:11.592
┌ Warning: water tag closure residual 2.608690873996769e-5 exceeds the configured tolerance 1.0e-10 at t = 645.0 s. The tags no longer account for the field they partition; see output/a1_dt5/output_0000/water_tag_closure.csv.
└ @ ClimaAtmos ~/git/ClimaAtmosResiDyn.jl/src/parameterized_tendencies/tagged_tracers/tagged_tracers.jl:590
┌ Warning: water tag closure residual 2.6083387744945324e-5 exceeds the configured tolerance 1.0e-10 at t = 650.0 s. The tags no longer account for the field they partition; see output/a1_dt5/output_0000/water_tag_closure.csv.
└ @ ClimaAtmos ~/git/ClimaAtmosResiDyn.jl/src/parameterized_tendencies/tagged_tracers/tagged_tracers.jl:590
┌ Warning: water tag closure residual 2.6079860458003964e-5 exceeds the configured tolerance 1.0e-10 at t = 655.0 s. The tags no longer account for the field they partition; see output/a1_dt5/output_0000/water_tag_closure.csv.
└ @ ClimaAtmos ~/git/ClimaAtmosResiDyn.jl/src/parameterized_tendencies/tagged_tracers/tagged_tracers.jl:590
┌ Warning: water tag closure residual 2.607632689846181e-5 exceeds the configured tolerance 1.0e-10 at t = 660.0 s. The tags no longer account for the field they partition; see output/a1_dt5/output_0000/water_tag_closure.csv.
└ @ ClimaAtmos ~/git/ClimaAtmosResiDyn.jl/src/parameterized_tendencies/tagged_tracers/tagged_tracers.jl:590
┌ Warning: water tag closure residual 2.6072787081562683e-5 exceeds the configured tolerance 1.0e-10 at t = 665.0 s. The tags no longer account for the field they partition; see output/a1_dt5/output_0000/water_tag_closure.csv.
└ @ ClimaAtmos ~/git/ClimaAtmosResiDyn.jl/src/parameterized_tendencies/tagged_tracers/tagged_tracers.jl:590
┌ Warning: water tag closure residual 2.6069241023909013e-5 exceeds the configured tolerance 1.0e-10 at t = 670.0 s. The tags no longer account for the field they partition; see output/a1_dt5/output_0000/water_tag_closure.csv.
└ @ ClimaAtmos ~/git/ClimaAtmosResiDyn.jl/src/parameterized_tendencies/tagged_tracers/tagged_tracers.jl:590
┌ Warning: water tag closure residual 2.6065688742198052e-5 exceeds the configured tolerance 1.0e-10 at t = 675.0 s. The tags no longer account for the field they partition; see output/a1_dt5/output_0000/water_tag_closure.csv.
└ @ ClimaAtmos ~/git/ClimaAtmosResiDyn.jl/src/parameterized_tendencies/tagged_tracers/tagged_tracers.jl:590
┌ Warning: water tag closure residual 2.6062130252183956e-5 exceeds the configured tolerance 1.0e-10 at t = 680.0 s. The tags no longer account for the field they partition; see output/a1_dt5/output_0000/water_tag_closure.csv.
└ @ ClimaAtmos ~/git/ClimaAtmosResiDyn.jl/src/parameterized_tendencies/tagged_tracers/tagged_tracers.jl:590
┌ Warning: water tag closure residual 2.605856557050099e-5 exceeds the configured tolerance 1.0e-10 at t = 685.0 s. The tags no longer account for the field they partition; see output/a1_dt5/output_0000/water_tag_closure.csv.
└ @ ClimaAtmos ~/git/ClimaAtmosResiDyn.jl/src/parameterized_tendencies/tagged_tracers/tagged_tracers.jl:590
┌ Warning: water tag closure residual 2.6054994712906528e-5 exceeds the configured tolerance 1.0e-10 at t = 690.0 s. The tags no longer account for the field they partition; see output/a1_dt5/output_0000/water_tag_closure.csv.
└ @ ClimaAtmos ~/git/ClimaAtmosResiDyn.jl/src/parameterized_tendencies/tagged_tracers/tagged_tracers.jl:590
┌ Warning: water tag closure residual 2.605141769550216e-5 exceeds the configured tolerance 1.0e-10 at t = 695.0 s. The tags no longer account for the field they partition; see output/a1_dt5/output_0000/water_tag_closure.csv.
└ @ ClimaAtmos ~/git/ClimaAtmosResiDyn.jl/src/parameterized_tendencies/tagged_tracers/tagged_tracers.jl:590
┌ Warning: water tag closure residual 2.6047834534164253e-5 exceeds the configured tolerance 1.0e-10 at t = 700.0 s. The tags no longer account for the field they partition; see output/a1_dt5/output_0000/water_tag_closure.csv.
└ @ ClimaAtmos ~/git/ClimaAtmosResiDyn.jl/src/parameterized_tendencies/tagged_tracers/tagged_tracers.jl:590
┌ Warning: water tag closure residual 2.6044245244866878e-5 exceeds the configured tolerance 1.0e-10 at t = 705.0 s. The tags no longer account for the field they partition; see output/a1_dt5/output_0000/water_tag_closure.csv.
└ @ ClimaAtmos ~/git/ClimaAtmosResiDyn.jl/src/parameterized_tendencies/tagged_tracers/tagged_tracers.jl:590
┌ Warning: water tag closure residual 2.6040649843375442e-5 exceeds the configured tolerance 1.0e-10 at t = 710.0 s. The tags no longer account for the field they partition; see output/a1_dt5/output_0000/water_tag_closure.csv.
└ @ ClimaAtmos ~/git/ClimaAtmosResiDyn.jl/src/parameterized_tendencies/tagged_tracers/tagged_tracers.jl:590
┌ Warning: water tag closure residual 2.6037048062365138e-5 exceeds the configured tolerance 1.0e-10 at t = 715.0 s. The tags no longer account for the field they partition; see output/a1_dt5/output_0000/water_tag_closure.csv.
└ @ ClimaAtmos ~/git/ClimaAtmosResiDyn.jl/src/parameterized_tendencies/tagged_tracers/tagged_tracers.jl:590
┌ Warning: water tag closure residual 2.6033439703827798e-5 exceeds the configured tolerance 1.0e-10 at t = 720.0 s. The tags no longer account for the field they partition; see output/a1_dt5/output_0000/water_tag_closure.csv.
└ @ ClimaAtmos ~/git/ClimaAtmosResiDyn.jl/src/parameterized_tendencies/tagged_tracers/tagged_tracers.jl:590
┌ Warning: water tag closure residual 2.6029825544453508e-5 exceeds the configured tolerance 1.0e-10 at t = 725.0 s. The tags no longer account for the field they partition; see output/a1_dt5/output_0000/water_tag_closure.csv.
└ @ ClimaAtmos ~/git/ClimaAtmosResiDyn.jl/src/parameterized_tendencies/tagged_tracers/tagged_tracers.jl:590
┌ Warning: water tag closure residual 2.602620528859861e-5 exceeds the configured tolerance 1.0e-10 at t = 730.0 s. The tags no longer account for the field they partition; see output/a1_dt5/output_0000/water_tag_closure.csv.
└ @ ClimaAtmos ~/git/ClimaAtmosResiDyn.jl/src/parameterized_tendencies/tagged_tracers/tagged_tracers.jl:590
┌ Warning: water tag closure residual 2.6022579037885324e-5 exceeds the configured tolerance 1.0e-10 at t = 735.0 s. The tags no longer account for the field they partition; see output/a1_dt5/output_0000/water_tag_closure.csv.
└ @ ClimaAtmos ~/git/ClimaAtmosResiDyn.jl/src/parameterized_tendencies/tagged_tracers/tagged_tracers.jl:590
┌ Warning: water tag closure residual 2.6018946824279425e-5 exceeds the configured tolerance 1.0e-10 at t = 740.0 s. The tags no longer account for the field they partition; see output/a1_dt5/output_0000/water_tag_closure.csv.
└ @ ClimaAtmos ~/git/ClimaAtmosResiDyn.jl/src/parameterized_tendencies/tagged_tracers/tagged_tracers.jl:590
┌ Warning: water tag closure residual 2.6015308607607718e-5 exceeds the configured tolerance 1.0e-10 at t = 745.0 s. The tags no longer account for the field they partition; see output/a1_dt5/output_0000/water_tag_closure.csv.
└ @ ClimaAtmos ~/git/ClimaAtmosResiDyn.jl/src/parameterized_tendencies/tagged_tracers/tagged_tracers.jl:590
┌ Warning: water tag closure residual 2.6011664461075123e-5 exceeds the configured tolerance 1.0e-10 at t = 750.0 s. The tags no longer account for the field they partition; see output/a1_dt5/output_0000/water_tag_closure.csv.
└ @ ClimaAtmos ~/git/ClimaAtmosResiDyn.jl/src/parameterized_tendencies/tagged_tracers/tagged_tracers.jl:590
┌ Warning: water tag closure residual 2.6008014353235528e-5 exceeds the configured tolerance 1.0e-10 at t = 755.0 s. The tags no longer account for the field they partition; see output/a1_dt5/output_0000/water_tag_closure.csv.
└ @ ClimaAtmos ~/git/ClimaAtmosResiDyn.jl/src/parameterized_tendencies/tagged_tracers/tagged_tracers.jl:590
┌ Warning: water tag closure residual 2.6004358328963524e-5 exceeds the configured tolerance 1.0e-10 at t = 760.0 s. The tags no longer account for the field they partition; see output/a1_dt5/output_0000/water_tag_closure.csv.
└ @ ClimaAtmos ~/git/ClimaAtmosResiDyn.jl/src/parameterized_tendencies/tagged_tracers/tagged_tracers.jl:590
┌ Warning: water tag closure residual 2.6000696386690604e-5 exceeds the configured tolerance 1.0e-10 at t = 765.0 s. The tags no longer account for the field they partition; see output/a1_dt5/output_0000/water_tag_closure.csv.
└ @ ClimaAtmos ~/git/ClimaAtmosResiDyn.jl/src/parameterized_tendencies/tagged_tracers/tagged_tracers.jl:590
┌ Warning: water tag closure residual 2.5997028547470186e-5 exceeds the configured tolerance 1.0e-10 at t = 770.0 s. The tags no longer account for the field they partition; see output/a1_dt5/output_0000/water_tag_closure.csv.
└ @ ClimaAtmos ~/git/ClimaAtmosResiDyn.jl/src/parameterized_tendencies/tagged_tracers/tagged_tracers.jl:590
┌ Warning: water tag closure residual 2.5993354825085065e-5 exceeds the configured tolerance 1.0e-10 at t = 775.0 s. The tags no longer account for the field they partition; see output/a1_dt5/output_0000/water_tag_closure.csv.
└ @ ClimaAtmos ~/git/ClimaAtmosResiDyn.jl/src/parameterized_tendencies/tagged_tracers/tagged_tracers.jl:590
┌ Warning: water tag closure residual 2.5989675231824967e-5 exceeds the configured tolerance 1.0e-10 at t = 780.0 s. The tags no longer account for the field they partition; see output/a1_dt5/output_0000/water_tag_closure.csv.
└ @ ClimaAtmos ~/git/ClimaAtmosResiDyn.jl/src/parameterized_tendencies/tagged_tracers/tagged_tracers.jl:590
┌ Warning: water tag closure residual 2.5985989784648298e-5 exceeds the configured tolerance 1.0e-10 at t = 785.0 s. The tags no longer account for the field they partition; see output/a1_dt5/output_0000/water_tag_closure.csv.
└ @ ClimaAtmos ~/git/ClimaAtmosResiDyn.jl/src/parameterized_tendencies/tagged_tracers/tagged_tracers.jl:590
┌ Warning: water tag closure residual 2.5982298495637e-5 exceeds the configured tolerance 1.0e-10 at t = 790.0 s. The tags no longer account for the field they partition; see output/a1_dt5/output_0000/water_tag_closure.csv.
└ @ ClimaAtmos ~/git/ClimaAtmosResiDyn.jl/src/parameterized_tendencies/tagged_tracers/tagged_tracers.jl:590
┌ Warning: water tag closure residual 2.597860138050733e-5 exceeds the configured tolerance 1.0e-10 at t = 795.0 s. The tags no longer account for the field they partition; see output/a1_dt5/output_0000/water_tag_closure.csv.
└ @ ClimaAtmos ~/git/ClimaAtmosResiDyn.jl/src/parameterized_tendencies/tagged_tracers/tagged_tracers.jl:590
┌ Warning: water tag closure residual 2.5974898452373255e-5 exceeds the configured tolerance 1.0e-10 at t = 800.0 s. The tags no longer account for the field they partition; see output/a1_dt5/output_0000/water_tag_closure.csv.
└ @ ClimaAtmos ~/git/ClimaAtmosResiDyn.jl/src/parameterized_tendencies/tagged_tracers/tagged_tracers.jl:590
┌ Warning: water tag closure residual 2.597119621274082e-5 exceeds the configured tolerance 1.0e-10 at t = 805.0 s. The tags no longer account for the field they partition; see output/a1_dt5/output_0000/water_tag_closure.csv.
└ @ ClimaAtmos ~/git/ClimaAtmosResiDyn.jl/src/parameterized_tendencies/tagged_tracers/tagged_tracers.jl:590
┌ Warning: water tag closure residual 2.596749704954636e-5 exceeds the configured tolerance 1.0e-10 at t = 810.0 s. The tags no longer account for the field they partition; see output/a1_dt5/output_0000/water_tag_closure.csv.
└ @ ClimaAtmos ~/git/ClimaAtmosResiDyn.jl/src/parameterized_tendencies/tagged_tracers/tagged_tracers.jl:590
┌ Warning: water tag closure residual 2.5963787315901427e-5 exceeds the configured tolerance 1.0e-10 at t = 815.0 s. The tags no longer account for the field they partition; see output/a1_dt5/output_0000/water_tag_closure.csv.
└ @ ClimaAtmos ~/git/ClimaAtmosResiDyn.jl/src/parameterized_tendencies/tagged_tracers/tagged_tracers.jl:590
┌ Warning: water tag closure residual 2.596007421202873e-5 exceeds the configured tolerance 1.0e-10 at t = 820.0 s. The tags no longer account for the field they partition; see output/a1_dt5/output_0000/water_tag_closure.csv.
└ @ ClimaAtmos ~/git/ClimaAtmosResiDyn.jl/src/parameterized_tendencies/tagged_tracers/tagged_tracers.jl:590
┌ Warning: water tag closure residual 2.5956354767240945e-5 exceeds the configured tolerance 1.0e-10 at t = 825.0 s. The tags no longer account for the field they partition; see output/a1_dt5/output_0000/water_tag_closure.csv.
└ @ ClimaAtmos ~/git/ClimaAtmosResiDyn.jl/src/parameterized_tendencies/tagged_tracers/tagged_tracers.jl:590
┌ Info: Progress
│   simulation_time = "13 minutes, 45 seconds"
│   n_steps_completed = 165
│   wall_time_per_step = "10 milliseconds, 662 microseconds"
│   wall_time_total = "7 seconds, 677 milliseconds"
│   wall_time_remaining = "5 seconds, 917 milliseconds"
│   wall_time_spent = "1 second, 759 milliseconds"
│   percent_complete = "22.9%"
│   estimated_sypd = "1.284"
│   instantaneous_sypd = "3.455"
│   date_now = 2026-09-10T00:20:03.738
└   estimated_finish_date = 2026-09-10T00:20:09.738
┌ Warning: water tag closure residual 2.5952629556621727e-5 exceeds the configured tolerance 1.0e-10 at t = 830.0 s. The tags no longer account for the field they partition; see output/a1_dt5/output_0000/water_tag_closure.csv.
└ @ ClimaAtmos ~/git/ClimaAtmosResiDyn.jl/src/parameterized_tendencies/tagged_tracers/tagged_tracers.jl:590
┌ Warning: water tag closure residual 2.5948899247840104e-5 exceeds the configured tolerance 1.0e-10 at t = 835.0 s. The tags no longer account for the field they partition; see output/a1_dt5/output_0000/water_tag_closure.csv.
└ @ ClimaAtmos ~/git/ClimaAtmosResiDyn.jl/src/parameterized_tendencies/tagged_tracers/tagged_tracers.jl:590
┌ Warning: water tag closure residual 2.5945162699704078e-5 exceeds the configured tolerance 1.0e-10 at t = 840.0 s. The tags no longer account for the field they partition; see output/a1_dt5/output_0000/water_tag_closure.csv.
└ @ ClimaAtmos ~/git/ClimaAtmosResiDyn.jl/src/parameterized_tendencies/tagged_tracers/tagged_tracers.jl:590
┌ Warning: water tag closure residual 2.5941420979103005e-5 exceeds the configured tolerance 1.0e-10 at t = 845.0 s. The tags no longer account for the field they partition; see output/a1_dt5/output_0000/water_tag_closure.csv.
└ @ ClimaAtmos ~/git/ClimaAtmosResiDyn.jl/src/parameterized_tendencies/tagged_tracers/tagged_tracers.jl:590
┌ Warning: water tag closure residual 2.593767345603446e-5 exceeds the configured tolerance 1.0e-10 at t = 850.0 s. The tags no longer account for the field they partition; see output/a1_dt5/output_0000/water_tag_closure.csv.
└ @ ClimaAtmos ~/git/ClimaAtmosResiDyn.jl/src/parameterized_tendencies/tagged_tracers/tagged_tracers.jl:590
┌ Warning: water tag closure residual 2.5933920533216236e-5 exceeds the configured tolerance 1.0e-10 at t = 855.0 s. The tags no longer account for the field they partition; see output/a1_dt5/output_0000/water_tag_closure.csv.
└ @ ClimaAtmos ~/git/ClimaAtmosResiDyn.jl/src/parameterized_tendencies/tagged_tracers/tagged_tracers.jl:590
┌ Warning: water tag closure residual 2.593016203819858e-5 exceeds the configured tolerance 1.0e-10 at t = 860.0 s. The tags no longer account for the field they partition; see output/a1_dt5/output_0000/water_tag_closure.csv.
└ @ ClimaAtmos ~/git/ClimaAtmosResiDyn.jl/src/parameterized_tendencies/tagged_tracers/tagged_tracers.jl:590
┌ Warning: water tag closure residual 2.5926398035357385e-5 exceeds the configured tolerance 1.0e-10 at t = 865.0 s. The tags no longer account for the field they partition; see output/a1_dt5/output_0000/water_tag_closure.csv.
└ @ ClimaAtmos ~/git/ClimaAtmosResiDyn.jl/src/parameterized_tendencies/tagged_tracers/tagged_tracers.jl:590
┌ Warning: water tag closure residual 2.592262855577291e-5 exceeds the configured tolerance 1.0e-10 at t = 870.0 s. The tags no longer account for the field they partition; see output/a1_dt5/output_0000/water_tag_closure.csv.
└ @ ClimaAtmos ~/git/ClimaAtmosResiDyn.jl/src/parameterized_tendencies/tagged_tracers/tagged_tracers.jl:590
┌ Warning: water tag closure residual 2.5918853567215117e-5 exceeds the configured tolerance 1.0e-10 at t = 875.0 s. The tags no longer account for the field they partition; see output/a1_dt5/output_0000/water_tag_closure.csv.
└ @ ClimaAtmos ~/git/ClimaAtmosResiDyn.jl/src/parameterized_tendencies/tagged_tracers/tagged_tracers.jl:590
┌ Warning: water tag closure residual 2.5915073127615645e-5 exceeds the configured tolerance 1.0e-10 at t = 880.0 s. The tags no longer account for the field they partition; see output/a1_dt5/output_0000/water_tag_closure.csv.
└ @ ClimaAtmos ~/git/ClimaAtmosResiDyn.jl/src/parameterized_tendencies/tagged_tracers/tagged_tracers.jl:590
┌ Warning: water tag closure residual 2.5911287214155162e-5 exceeds the configured tolerance 1.0e-10 at t = 885.0 s. The tags no longer account for the field they partition; see output/a1_dt5/output_0000/water_tag_closure.csv.
└ @ ClimaAtmos ~/git/ClimaAtmosResiDyn.jl/src/parameterized_tendencies/tagged_tracers/tagged_tracers.jl:590
┌ Warning: water tag closure residual 2.590749586154171e-5 exceeds the configured tolerance 1.0e-10 at t = 890.0 s. The tags no longer account for the field they partition; see output/a1_dt5/output_0000/water_tag_closure.csv.
└ @ ClimaAtmos ~/git/ClimaAtmosResiDyn.jl/src/parameterized_tendencies/tagged_tracers/tagged_tracers.jl:590
┌ Warning: water tag closure residual 2.5903699070148505e-5 exceeds the configured tolerance 1.0e-10 at t = 895.0 s. The tags no longer account for the field they partition; see output/a1_dt5/output_0000/water_tag_closure.csv.
└ @ ClimaAtmos ~/git/ClimaAtmosResiDyn.jl/src/parameterized_tendencies/tagged_tracers/tagged_tracers.jl:590
┌ Warning: water tag closure residual 2.589989685668692e-5 exceeds the configured tolerance 1.0e-10 at t = 900.0 s. The tags no longer account for the field they partition; see output/a1_dt5/output_0000/water_tag_closure.csv.
└ @ ClimaAtmos ~/git/ClimaAtmosResiDyn.jl/src/parameterized_tendencies/tagged_tracers/tagged_tracers.jl:590
┌ Warning: water tag closure residual 2.5896089232804767e-5 exceeds the configured tolerance 1.0e-10 at t = 905.0 s. The tags no longer account for the field they partition; see output/a1_dt5/output_0000/water_tag_closure.csv.
└ @ ClimaAtmos ~/git/ClimaAtmosResiDyn.jl/src/parameterized_tendencies/tagged_tracers/tagged_tracers.jl:590
┌ Warning: water tag closure residual 2.589227620895319e-5 exceeds the configured tolerance 1.0e-10 at t = 910.0 s. The tags no longer account for the field they partition; see output/a1_dt5/output_0000/water_tag_closure.csv.
└ @ ClimaAtmos ~/git/ClimaAtmosResiDyn.jl/src/parameterized_tendencies/tagged_tracers/tagged_tracers.jl:590
┌ Warning: water tag closure residual 2.5888457799152435e-5 exceeds the configured tolerance 1.0e-10 at t = 915.0 s. The tags no longer account for the field they partition; see output/a1_dt5/output_0000/water_tag_closure.csv.
└ @ ClimaAtmos ~/git/ClimaAtmosResiDyn.jl/src/parameterized_tendencies/tagged_tracers/tagged_tracers.jl:590
┌ Warning: water tag closure residual 2.5884634013351095e-5 exceeds the configured tolerance 1.0e-10 at t = 920.0 s. The tags no longer account for the field they partition; see output/a1_dt5/output_0000/water_tag_closure.csv.
└ @ ClimaAtmos ~/git/ClimaAtmosResiDyn.jl/src/parameterized_tendencies/tagged_tracers/tagged_tracers.jl:590
┌ Warning: water tag closure residual 2.588080486458388e-5 exceeds the configured tolerance 1.0e-10 at t = 925.0 s. The tags no longer account for the field they partition; see output/a1_dt5/output_0000/water_tag_closure.csv.
└ @ ClimaAtmos ~/git/ClimaAtmosResiDyn.jl/src/parameterized_tendencies/tagged_tracers/tagged_tracers.jl:590
┌ Warning: water tag closure residual 2.5876970363981304e-5 exceeds the configured tolerance 1.0e-10 at t = 930.0 s. The tags no longer account for the field they partition; see output/a1_dt5/output_0000/water_tag_closure.csv.
└ @ ClimaAtmos ~/git/ClimaAtmosResiDyn.jl/src/parameterized_tendencies/tagged_tracers/tagged_tracers.jl:590
┌ Warning: water tag closure residual 2.5873130523461327e-5 exceeds the configured tolerance 1.0e-10 at t = 935.0 s. The tags no longer account for the field they partition; see output/a1_dt5/output_0000/water_tag_closure.csv.
└ @ ClimaAtmos ~/git/ClimaAtmosResiDyn.jl/src/parameterized_tendencies/tagged_tracers/tagged_tracers.jl:590
┌ Warning: water tag closure residual 2.5869285354242e-5 exceeds the configured tolerance 1.0e-10 at t = 940.0 s. The tags no longer account for the field they partition; see output/a1_dt5/output_0000/water_tag_closure.csv.
└ @ ClimaAtmos ~/git/ClimaAtmosResiDyn.jl/src/parameterized_tendencies/tagged_tracers/tagged_tracers.jl:590
┌ Warning: water tag closure residual 2.5865434868113278e-5 exceeds the configured tolerance 1.0e-10 at t = 945.0 s. The tags no longer account for the field they partition; see output/a1_dt5/output_0000/water_tag_closure.csv.
└ @ ClimaAtmos ~/git/ClimaAtmosResiDyn.jl/src/parameterized_tendencies/tagged_tracers/tagged_tracers.jl:590
┌ Warning: water tag closure residual 2.5861579076426003e-5 exceeds the configured tolerance 1.0e-10 at t = 950.0 s. The tags no longer account for the field they partition; see output/a1_dt5/output_0000/water_tag_closure.csv.
└ @ ClimaAtmos ~/git/ClimaAtmosResiDyn.jl/src/parameterized_tendencies/tagged_tracers/tagged_tracers.jl:590
┌ Warning: water tag closure residual 2.585771799056875e-5 exceeds the configured tolerance 1.0e-10 at t = 955.0 s. The tags no longer account for the field they partition; see output/a1_dt5/output_0000/water_tag_closure.csv.
└ @ ClimaAtmos ~/git/ClimaAtmosResiDyn.jl/src/parameterized_tendencies/tagged_tracers/tagged_tracers.jl:590
┌ Warning: water tag closure residual 2.5853851621649334e-5 exceeds the configured tolerance 1.0e-10 at t = 960.0 s. The tags no longer account for the field they partition; see output/a1_dt5/output_0000/water_tag_closure.csv.
└ @ ClimaAtmos ~/git/ClimaAtmosResiDyn.jl/src/parameterized_tendencies/tagged_tracers/tagged_tracers.jl:590
┌ Warning: water tag closure residual 2.5849979981223966e-5 exceeds the configured tolerance 1.0e-10 at t = 965.0 s. The tags no longer account for the field they partition; see output/a1_dt5/output_0000/water_tag_closure.csv.
└ @ ClimaAtmos ~/git/ClimaAtmosResiDyn.jl/src/parameterized_tendencies/tagged_tracers/tagged_tracers.jl:590
┌ Warning: water tag closure residual 2.5846103080186154e-5 exceeds the configured tolerance 1.0e-10 at t = 970.0 s. The tags no longer account for the field they partition; see output/a1_dt5/output_0000/water_tag_closure.csv.
└ @ ClimaAtmos ~/git/ClimaAtmosResiDyn.jl/src/parameterized_tendencies/tagged_tracers/tagged_tracers.jl:590
┌ Warning: water tag closure residual 2.584222092968467e-5 exceeds the configured tolerance 1.0e-10 at t = 975.0 s. The tags no longer account for the field they partition; see output/a1_dt5/output_0000/water_tag_closure.csv.
└ @ ClimaAtmos ~/git/ClimaAtmosResiDyn.jl/src/parameterized_tendencies/tagged_tracers/tagged_tracers.jl:590
┌ Warning: water tag closure residual 2.5838333540835426e-5 exceeds the configured tolerance 1.0e-10 at t = 980.0 s. The tags no longer account for the field they partition; see output/a1_dt5/output_0000/water_tag_closure.csv.
└ @ ClimaAtmos ~/git/ClimaAtmosResiDyn.jl/src/parameterized_tendencies/tagged_tracers/tagged_tracers.jl:590
┌ Warning: water tag closure residual 2.583444092445635e-5 exceeds the configured tolerance 1.0e-10 at t = 985.0 s. The tags no longer account for the field they partition; see output/a1_dt5/output_0000/water_tag_closure.csv.
└ @ ClimaAtmos ~/git/ClimaAtmosResiDyn.jl/src/parameterized_tendencies/tagged_tracers/tagged_tracers.jl:590
┌ Warning: water tag closure residual 2.5830543091349522e-5 exceeds the configured tolerance 1.0e-10 at t = 990.0 s. The tags no longer account for the field they partition; see output/a1_dt5/output_0000/water_tag_closure.csv.
└ @ ClimaAtmos ~/git/ClimaAtmosResiDyn.jl/src/parameterized_tendencies/tagged_tracers/tagged_tracers.jl:590
┌ Warning: water tag closure residual 2.5826644859793486e-5 exceeds the configured tolerance 1.0e-10 at t = 995.0 s. The tags no longer account for the field they partition; see output/a1_dt5/output_0000/water_tag_closure.csv.
└ @ ClimaAtmos ~/git/ClimaAtmosResiDyn.jl/src/parameterized_tendencies/tagged_tracers/tagged_tracers.jl:590
┌ Warning: water tag closure residual 2.582275504964655e-5 exceeds the configured tolerance 1.0e-10 at t = 1000.0 s. The tags no longer account for the field they partition; see output/a1_dt5/output_0000/water_tag_closure.csv.
└ @ ClimaAtmos ~/git/ClimaAtmosResiDyn.jl/src/parameterized_tendencies/tagged_tracers/tagged_tracers.jl:590
┌ Warning: water tag closure residual 2.5818853032648464e-5 exceeds the configured tolerance 1.0e-10 at t = 1005.0 s. The tags no longer account for the field they partition; see output/a1_dt5/output_0000/water_tag_closure.csv.
└ @ ClimaAtmos ~/git/ClimaAtmosResiDyn.jl/src/parameterized_tendencies/tagged_tracers/tagged_tracers.jl:590
┌ Warning: water tag closure residual 2.5814948852765504e-5 exceeds the configured tolerance 1.0e-10 at t = 1010.0 s. The tags no longer account for the field they partition; see output/a1_dt5/output_0000/water_tag_closure.csv.
└ @ ClimaAtmos ~/git/ClimaAtmosResiDyn.jl/src/parameterized_tendencies/tagged_tracers/tagged_tracers.jl:590
┌ Info: Progress
│   simulation_time = "16 minutes, 50 seconds"
│   n_steps_completed = 202
│   wall_time_per_step = "9 milliseconds, 435 microseconds"
│   wall_time_total = "6 seconds, 793 milliseconds"
│   wall_time_remaining = "4 seconds, 887 milliseconds"
│   wall_time_spent = "1 second, 905 milliseconds"
│   percent_complete = "28.1%"
│   estimated_sypd = "1.451"
│   instantaneous_sypd = "3.454"
│   date_now = 2026-09-10T00:20:03.885
└   estimated_finish_date = 2026-09-10T00:20:08.885
┌ Warning: water tag closure residual 2.5811039078132935e-5 exceeds the configured tolerance 1.0e-10 at t = 1015.0 s. The tags no longer account for the field they partition; see output/a1_dt5/output_0000/water_tag_closure.csv.
└ @ ClimaAtmos ~/git/ClimaAtmosResiDyn.jl/src/parameterized_tendencies/tagged_tracers/tagged_tracers.jl:590
┌ Warning: water tag closure residual 2.580712363929589e-5 exceeds the configured tolerance 1.0e-10 at t = 1020.0 s. The tags no longer account for the field they partition; see output/a1_dt5/output_0000/water_tag_closure.csv.
└ @ ClimaAtmos ~/git/ClimaAtmosResiDyn.jl/src/parameterized_tendencies/tagged_tracers/tagged_tracers.jl:590
┌ Warning: water tag closure residual 2.5803204097424986e-5 exceeds the configured tolerance 1.0e-10 at t = 1025.0 s. The tags no longer account for the field they partition; see output/a1_dt5/output_0000/water_tag_closure.csv.
└ @ ClimaAtmos ~/git/ClimaAtmosResiDyn.jl/src/parameterized_tendencies/tagged_tracers/tagged_tracers.jl:590
┌ Warning: water tag closure residual 2.5799278643039643e-5 exceeds the configured tolerance 1.0e-10 at t = 1030.0 s. The tags no longer account for the field they partition; see output/a1_dt5/output_0000/water_tag_closure.csv.
└ @ ClimaAtmos ~/git/ClimaAtmosResiDyn.jl/src/parameterized_tendencies/tagged_tracers/tagged_tracers.jl:590
┌ Warning: water tag closure residual 2.5795348796047434e-5 exceeds the configured tolerance 1.0e-10 at t = 1035.0 s. The tags no longer account for the field they partition; see output/a1_dt5/output_0000/water_tag_closure.csv.
└ @ ClimaAtmos ~/git/ClimaAtmosResiDyn.jl/src/parameterized_tendencies/tagged_tracers/tagged_tracers.jl:590
┌ Warning: water tag closure residual 2.5791413542948377e-5 exceeds the configured tolerance 1.0e-10 at t = 1040.0 s. The tags no longer account for the field they partition; see output/a1_dt5/output_0000/water_tag_closure.csv.
└ @ ClimaAtmos ~/git/ClimaAtmosResiDyn.jl/src/parameterized_tendencies/tagged_tracers/tagged_tracers.jl:590
┌ Warning: water tag closure residual 2.5787473468187713e-5 exceeds the configured tolerance 1.0e-10 at t = 1045.0 s. The tags no longer account for the field they partition; see output/a1_dt5/output_0000/water_tag_closure.csv.
└ @ ClimaAtmos ~/git/ClimaAtmosResiDyn.jl/src/parameterized_tendencies/tagged_tracers/tagged_tracers.jl:590
┌ Warning: water tag closure residual 2.5783527889429344e-5 exceeds the configured tolerance 1.0e-10 at t = 1050.0 s. The tags no longer account for the field they partition; see output/a1_dt5/output_0000/water_tag_closure.csv.
└ @ ClimaAtmos ~/git/ClimaAtmosResiDyn.jl/src/parameterized_tendencies/tagged_tracers/tagged_tracers.jl:590
┌ Warning: water tag closure residual 2.5779577038387964e-5 exceeds the configured tolerance 1.0e-10 at t = 1055.0 s. The tags no longer account for the field they partition; see output/a1_dt5/output_0000/water_tag_closure.csv.
└ @ ClimaAtmos ~/git/ClimaAtmosResiDyn.jl/src/parameterized_tendencies/tagged_tracers/tagged_tracers.jl:590
┌ Warning: water tag closure residual 2.5775621217870757e-5 exceeds the configured tolerance 1.0e-10 at t = 1060.0 s. The tags no longer account for the field they partition; see output/a1_dt5/output_0000/water_tag_closure.csv.
└ @ ClimaAtmos ~/git/ClimaAtmosResiDyn.jl/src/parameterized_tendencies/tagged_tracers/tagged_tracers.jl:590
┌ Warning: water tag closure residual 2.5771659813814152e-5 exceeds the configured tolerance 1.0e-10 at t = 1065.0 s. The tags no longer account for the field they partition; see output/a1_dt5/output_0000/water_tag_closure.csv.
└ @ ClimaAtmos ~/git/ClimaAtmosResiDyn.jl/src/parameterized_tendencies/tagged_tracers/tagged_tracers.jl:590
┌ Warning: water tag closure residual 2.5767693301727513e-5 exceeds the configured tolerance 1.0e-10 at t = 1070.0 s. The tags no longer account for the field they partition; see output/a1_dt5/output_0000/water_tag_closure.csv.
└ @ ClimaAtmos ~/git/ClimaAtmosResiDyn.jl/src/parameterized_tendencies/tagged_tracers/tagged_tracers.jl:590
┌ Warning: water tag closure residual 2.57637218340271e-5 exceeds the configured tolerance 1.0e-10 at t = 1075.0 s. The tags no longer account for the field they partition; see output/a1_dt5/output_0000/water_tag_closure.csv.
└ @ ClimaAtmos ~/git/ClimaAtmosResiDyn.jl/src/parameterized_tendencies/tagged_tracers/tagged_tracers.jl:590
┌ Warning: water tag closure residual 2.5759745349082972e-5 exceeds the configured tolerance 1.0e-10 at t = 1080.0 s. The tags no longer account for the field they partition; see output/a1_dt5/output_0000/water_tag_closure.csv.
└ @ ClimaAtmos ~/git/ClimaAtmosResiDyn.jl/src/parameterized_tendencies/tagged_tracers/tagged_tracers.jl:590
┌ Warning: water tag closure residual 2.5755763903244084e-5 exceeds the configured tolerance 1.0e-10 at t = 1085.0 s. The tags no longer account for the field they partition; see output/a1_dt5/output_0000/water_tag_closure.csv.
└ @ ClimaAtmos ~/git/ClimaAtmosResiDyn.jl/src/parameterized_tendencies/tagged_tracers/tagged_tracers.jl:590
┌ Warning: water tag closure residual 2.5751777476943483e-5 exceeds the configured tolerance 1.0e-10 at t = 1090.0 s. The tags no longer account for the field they partition; see output/a1_dt5/output_0000/water_tag_closure.csv.
└ @ ClimaAtmos ~/git/ClimaAtmosResiDyn.jl/src/parameterized_tendencies/tagged_tracers/tagged_tracers.jl:590
┌ Warning: water tag closure residual 2.574778609836494e-5 exceeds the configured tolerance 1.0e-10 at t = 1095.0 s. The tags no longer account for the field they partition; see output/a1_dt5/output_0000/water_tag_closure.csv.
└ @ ClimaAtmos ~/git/ClimaAtmosResiDyn.jl/src/parameterized_tendencies/tagged_tracers/tagged_tracers.jl:590
┌ Warning: water tag closure residual 2.5743789777128083e-5 exceeds the configured tolerance 1.0e-10 at t = 1100.0 s. The tags no longer account for the field they partition; see output/a1_dt5/output_0000/water_tag_closure.csv.
└ @ ClimaAtmos ~/git/ClimaAtmosResiDyn.jl/src/parameterized_tendencies/tagged_tracers/tagged_tracers.jl:590
┌ Warning: water tag closure residual 2.5739788544850055e-5 exceeds the configured tolerance 1.0e-10 at t = 1105.0 s. The tags no longer account for the field they partition; see output/a1_dt5/output_0000/water_tag_closure.csv.
└ @ ClimaAtmos ~/git/ClimaAtmosResiDyn.jl/src/parameterized_tendencies/tagged_tracers/tagged_tracers.jl:590
┌ Warning: water tag closure residual 2.5735782412023066e-5 exceeds the configured tolerance 1.0e-10 at t = 1110.0 s. The tags no longer account for the field they partition; see output/a1_dt5/output_0000/water_tag_closure.csv.
└ @ ClimaAtmos ~/git/ClimaAtmosResiDyn.jl/src/parameterized_tendencies/tagged_tracers/tagged_tracers.jl:590
┌ Warning: water tag closure residual 2.5731771387239205e-5 exceeds the configured tolerance 1.0e-10 at t = 1115.0 s. The tags no longer account for the field they partition; see output/a1_dt5/output_0000/water_tag_closure.csv.
└ @ ClimaAtmos ~/git/ClimaAtmosResiDyn.jl/src/parameterized_tendencies/tagged_tracers/tagged_tracers.jl:590
┌ Warning: water tag closure residual 2.57277554830547e-5 exceeds the configured tolerance 1.0e-10 at t = 1120.0 s. The tags no longer account for the field they partition; see output/a1_dt5/output_0000/water_tag_closure.csv.
└ @ ClimaAtmos ~/git/ClimaAtmosResiDyn.jl/src/parameterized_tendencies/tagged_tracers/tagged_tracers.jl:590
┌ Warning: water tag closure residual 2.5723734707923895e-5 exceeds the configured tolerance 1.0e-10 at t = 1125.0 s. The tags no longer account for the field they partition; see output/a1_dt5/output_0000/water_tag_closure.csv.
└ @ ClimaAtmos ~/git/ClimaAtmosResiDyn.jl/src/parameterized_tendencies/tagged_tracers/tagged_tracers.jl:590
┌ Warning: water tag closure residual 2.5719709073247034e-5 exceeds the configured tolerance 1.0e-10 at t = 1130.0 s. The tags no longer account for the field they partition; see output/a1_dt5/output_0000/water_tag_closure.csv.
└ @ ClimaAtmos ~/git/ClimaAtmosResiDyn.jl/src/parameterized_tendencies/tagged_tracers/tagged_tracers.jl:590
┌ Warning: water tag closure residual 2.5715678588321172e-5 exceeds the configured tolerance 1.0e-10 at t = 1135.0 s. The tags no longer account for the field they partition; see output/a1_dt5/output_0000/water_tag_closure.csv.
└ @ ClimaAtmos ~/git/ClimaAtmosResiDyn.jl/src/parameterized_tendencies/tagged_tracers/tagged_tracers.jl:590
┌ Warning: water tag closure residual 2.5711643263600147e-5 exceeds the configured tolerance 1.0e-10 at t = 1140.0 s. The tags no longer account for the field they partition; see output/a1_dt5/output_0000/water_tag_closure.csv.
└ @ ClimaAtmos ~/git/ClimaAtmosResiDyn.jl/src/parameterized_tendencies/tagged_tracers/tagged_tracers.jl:590
┌ Warning: water tag closure residual 2.570760300161053e-5 exceeds the configured tolerance 1.0e-10 at t = 1145.0 s. The tags no longer account for the field they partition; see output/a1_dt5/output_0000/water_tag_closure.csv.
└ @ ClimaAtmos ~/git/ClimaAtmosResiDyn.jl/src/parameterized_tendencies/tagged_tracers/tagged_tracers.jl:590
┌ Warning: water tag closure residual 2.5703557699123385e-5 exceeds the configured tolerance 1.0e-10 at t = 1150.0 s. The tags no longer account for the field they partition; see output/a1_dt5/output_0000/water_tag_closure.csv.
└ @ ClimaAtmos ~/git/ClimaAtmosResiDyn.jl/src/parameterized_tendencies/tagged_tracers/tagged_tracers.jl:590
┌ Warning: water tag closure residual 2.5699507686480166e-5 exceeds the configured tolerance 1.0e-10 at t = 1155.0 s. The tags no longer account for the field they partition; see output/a1_dt5/output_0000/water_tag_closure.csv.
└ @ ClimaAtmos ~/git/ClimaAtmosResiDyn.jl/src/parameterized_tendencies/tagged_tracers/tagged_tracers.jl:590
┌ Warning: water tag closure residual 2.569545284540708e-5 exceeds the configured tolerance 1.0e-10 at t = 1160.0 s. The tags no longer account for the field they partition; see output/a1_dt5/output_0000/water_tag_closure.csv.
└ @ ClimaAtmos ~/git/ClimaAtmosResiDyn.jl/src/parameterized_tendencies/tagged_tracers/tagged_tracers.jl:590
┌ Warning: water tag closure residual 2.5691393219361774e-5 exceeds the configured tolerance 1.0e-10 at t = 1165.0 s. The tags no longer account for the field they partition; see output/a1_dt5/output_0000/water_tag_closure.csv.
└ @ ClimaAtmos ~/git/ClimaAtmosResiDyn.jl/src/parameterized_tendencies/tagged_tracers/tagged_tracers.jl:590
┌ Warning: water tag closure residual 2.568732882638433e-5 exceeds the configured tolerance 1.0e-10 at t = 1170.0 s. The tags no longer account for the field they partition; see output/a1_dt5/output_0000/water_tag_closure.csv.
└ @ ClimaAtmos ~/git/ClimaAtmosResiDyn.jl/src/parameterized_tendencies/tagged_tracers/tagged_tracers.jl:590
┌ Warning: water tag closure residual 2.5683259652337786e-5 exceeds the configured tolerance 1.0e-10 at t = 1175.0 s. The tags no longer account for the field they partition; see output/a1_dt5/output_0000/water_tag_closure.csv.
└ @ ClimaAtmos ~/git/ClimaAtmosResiDyn.jl/src/parameterized_tendencies/tagged_tracers/tagged_tracers.jl:590
┌ Warning: water tag closure residual 2.5679185730932905e-5 exceeds the configured tolerance 1.0e-10 at t = 1180.0 s. The tags no longer account for the field they partition; see output/a1_dt5/output_0000/water_tag_closure.csv.
└ @ ClimaAtmos ~/git/ClimaAtmosResiDyn.jl/src/parameterized_tendencies/tagged_tracers/tagged_tracers.jl:590
┌ Warning: water tag closure residual 2.567510705272242e-5 exceeds the configured tolerance 1.0e-10 at t = 1185.0 s. The tags no longer account for the field they partition; see output/a1_dt5/output_0000/water_tag_closure.csv.
└ @ ClimaAtmos ~/git/ClimaAtmosResiDyn.jl/src/parameterized_tendencies/tagged_tracers/tagged_tracers.jl:590
┌ Warning: water tag closure residual 2.567102363893864e-5 exceeds the configured tolerance 1.0e-10 at t = 1190.0 s. The tags no longer account for the field they partition; see output/a1_dt5/output_0000/water_tag_closure.csv.
└ @ ClimaAtmos ~/git/ClimaAtmosResiDyn.jl/src/parameterized_tendencies/tagged_tracers/tagged_tracers.jl:590
┌ Warning: water tag closure residual 2.5666935492427875e-5 exceeds the configured tolerance 1.0e-10 at t = 1195.0 s. The tags no longer account for the field they partition; see output/a1_dt5/output_0000/water_tag_closure.csv.
└ @ ClimaAtmos ~/git/ClimaAtmosResiDyn.jl/src/parameterized_tendencies/tagged_tracers/tagged_tracers.jl:590
┌ Info: Progress
│   simulation_time = "19 minutes, 55 seconds"
│   n_steps_completed = 239
│   wall_time_per_step = "8 milliseconds, 592 microseconds"
│   wall_time_total = "6 seconds, 186 milliseconds"
│   wall_time_remaining = "4 seconds, 133 milliseconds"
│   wall_time_spent = "2 seconds, 53 milliseconds"
│   percent_complete = "33.2%"
│   estimated_sypd = "1.593"
│   instantaneous_sypd = "3.427"
│   date_now = 2026-09-10T00:20:04.033
└   estimated_finish_date = 2026-09-10T00:20:09.033
┌ Warning: water tag closure residual 2.5662842624699917e-5 exceeds the configured tolerance 1.0e-10 at t = 1200.0 s. The tags no longer account for the field they partition; see output/a1_dt5/output_0000/water_tag_closure.csv.
└ @ ClimaAtmos ~/git/ClimaAtmosResiDyn.jl/src/parameterized_tendencies/tagged_tracers/tagged_tracers.jl:590
┌ Warning: water tag closure residual 2.565874504455196e-5 exceeds the configured tolerance 1.0e-10 at t = 1205.0 s. The tags no longer account for the field they partition; see output/a1_dt5/output_0000/water_tag_closure.csv.
└ @ ClimaAtmos ~/git/ClimaAtmosResiDyn.jl/src/parameterized_tendencies/tagged_tracers/tagged_tracers.jl:590
┌ Warning: water tag closure residual 2.5654642760137533e-5 exceeds the configured tolerance 1.0e-10 at t = 1210.0 s. The tags no longer account for the field they partition; see output/a1_dt5/output_0000/water_tag_closure.csv.
└ @ ClimaAtmos ~/git/ClimaAtmosResiDyn.jl/src/parameterized_tendencies/tagged_tracers/tagged_tracers.jl:590
┌ Warning: water tag closure residual 2.5650535781443646e-5 exceeds the configured tolerance 1.0e-10 at t = 1215.0 s. The tags no longer account for the field they partition; see output/a1_dt5/output_0000/water_tag_closure.csv.
└ @ ClimaAtmos ~/git/ClimaAtmosResiDyn.jl/src/parameterized_tendencies/tagged_tracers/tagged_tracers.jl:590
┌ Warning: water tag closure residual 2.5646424116355057e-5 exceeds the configured tolerance 1.0e-10 at t = 1220.0 s. The tags no longer account for the field they partition; see output/a1_dt5/output_0000/water_tag_closure.csv.
└ @ ClimaAtmos ~/git/ClimaAtmosResiDyn.jl/src/parameterized_tendencies/tagged_tracers/tagged_tracers.jl:590
┌ Warning: water tag closure residual 2.564230777418507e-5 exceeds the configured tolerance 1.0e-10 at t = 1225.0 s. The tags no longer account for the field they partition; see output/a1_dt5/output_0000/water_tag_closure.csv.
└ @ ClimaAtmos ~/git/ClimaAtmosResiDyn.jl/src/parameterized_tendencies/tagged_tracers/tagged_tracers.jl:590
┌ Warning: water tag closure residual 2.5638186763338838e-5 exceeds the configured tolerance 1.0e-10 at t = 1230.0 s. The tags no longer account for the field they partition; see output/a1_dt5/output_0000/water_tag_closure.csv.
└ @ ClimaAtmos ~/git/ClimaAtmosResiDyn.jl/src/parameterized_tendencies/tagged_tracers/tagged_tracers.jl:590
┌ Warning: water tag closure residual 2.563406109263742e-5 exceeds the configured tolerance 1.0e-10 at t = 1235.0 s. The tags no longer account for the field they partition; see output/a1_dt5/output_0000/water_tag_closure.csv.
└ @ ClimaAtmos ~/git/ClimaAtmosResiDyn.jl/src/parameterized_tendencies/tagged_tracers/tagged_tracers.jl:590
┌ Warning: water tag closure residual 2.562993077056238e-5 exceeds the configured tolerance 1.0e-10 at t = 1240.0 s. The tags no longer account for the field they partition; see output/a1_dt5/output_0000/water_tag_closure.csv.
└ @ ClimaAtmos ~/git/ClimaAtmosResiDyn.jl/src/parameterized_tendencies/tagged_tracers/tagged_tracers.jl:590
┌ Warning: water tag closure residual 2.562579570318125e-5 exceeds the configured tolerance 1.0e-10 at t = 1245.0 s. The tags no longer account for the field they partition; see output/a1_dt5/output_0000/water_tag_closure.csv.
└ @ ClimaAtmos ~/git/ClimaAtmosResiDyn.jl/src/parameterized_tendencies/tagged_tracers/tagged_tracers.jl:590
┌ Warning: water tag closure residual 2.5621655779779567e-5 exceeds the configured tolerance 1.0e-10 at t = 1250.0 s. The tags no longer account for the field they partition; see output/a1_dt5/output_0000/water_tag_closure.csv.
└ @ ClimaAtmos ~/git/ClimaAtmosResiDyn.jl/src/parameterized_tendencies/tagged_tracers/tagged_tracers.jl:590
┌ Warning: water tag closure residual 2.5617511310530244e-5 exceeds the configured tolerance 1.0e-10 at t = 1255.0 s. The tags no longer account for the field they partition; see output/a1_dt5/output_0000/water_tag_closure.csv.
└ @ ClimaAtmos ~/git/ClimaAtmosResiDyn.jl/src/parameterized_tendencies/tagged_tracers/tagged_tracers.jl:590
┌ Warning: water tag closure residual 2.5613361828117093e-5 exceeds the configured tolerance 1.0e-10 at t = 1260.0 s. The tags no longer account for the field they partition; see output/a1_dt5/output_0000/water_tag_closure.csv.
└ @ ClimaAtmos ~/git/ClimaAtmosResiDyn.jl/src/parameterized_tendencies/tagged_tracers/tagged_tracers.jl:590
┌ Warning: water tag closure residual 2.5609207809318756e-5 exceeds the configured tolerance 1.0e-10 at t = 1265.0 s. The tags no longer account for the field they partition; see output/a1_dt5/output_0000/water_tag_closure.csv.
└ @ ClimaAtmos ~/git/ClimaAtmosResiDyn.jl/src/parameterized_tendencies/tagged_tracers/tagged_tracers.jl:590
┌ Warning: water tag closure residual 2.5605049195874757e-5 exceeds the configured tolerance 1.0e-10 at t = 1270.0 s. The tags no longer account for the field they partition; see output/a1_dt5/output_0000/water_tag_closure.csv.
└ @ ClimaAtmos ~/git/ClimaAtmosResiDyn.jl/src/parameterized_tendencies/tagged_tracers/tagged_tracers.jl:590
┌ Warning: water tag closure residual 2.5600885970507976e-5 exceeds the configured tolerance 1.0e-10 at t = 1275.0 s. The tags no longer account for the field they partition; see output/a1_dt5/output_0000/water_tag_closure.csv.
└ @ ClimaAtmos ~/git/ClimaAtmosResiDyn.jl/src/parameterized_tendencies/tagged_tracers/tagged_tracers.jl:590
┌ Warning: water tag closure residual 2.5596717740657205e-5 exceeds the configured tolerance 1.0e-10 at t = 1280.0 s. The tags no longer account for the field they partition; see output/a1_dt5/output_0000/water_tag_closure.csv.
└ @ ClimaAtmos ~/git/ClimaAtmosResiDyn.jl/src/parameterized_tendencies/tagged_tracers/tagged_tracers.jl:590
┌ Info: Progress
│   simulation_time = "21 minutes, 20 seconds"
│   n_steps_completed = 256
│   wall_time_per_step = "8 milliseconds, 352 microseconds"
│   wall_time_total = "6 seconds, 13 milliseconds"
│   wall_time_remaining = "3 seconds, 875 milliseconds"
│   wall_time_spent = "2 seconds, 138 milliseconds"
│   percent_complete = "35.6%"
│   estimated_sypd = "1.639"
│   instantaneous_sypd = "2.757"
│   date_now = 2026-09-10T00:20:04.117
└   estimated_finish_date = 2026-09-10T00:20:08.117
┌ Warning: water tag closure residual 2.5592544573938788e-5 exceeds the configured tolerance 1.0e-10 at t = 1285.0 s. The tags no longer account for the field they partition; see output/a1_dt5/output_0000/water_tag_closure.csv.
└ @ ClimaAtmos ~/git/ClimaAtmosResiDyn.jl/src/parameterized_tendencies/tagged_tracers/tagged_tracers.jl:590
┌ Warning: water tag closure residual 2.5588367019947704e-5 exceeds the configured tolerance 1.0e-10 at t = 1290.0 s. The tags no longer account for the field they partition; see output/a1_dt5/output_0000/water_tag_closure.csv.
└ @ ClimaAtmos ~/git/ClimaAtmosResiDyn.jl/src/parameterized_tendencies/tagged_tracers/tagged_tracers.jl:590
┌ Warning: water tag closure residual 2.5584184852849845e-5 exceeds the configured tolerance 1.0e-10 at t = 1295.0 s. The tags no longer account for the field they partition; see output/a1_dt5/output_0000/water_tag_closure.csv.
└ @ ClimaAtmos ~/git/ClimaAtmosResiDyn.jl/src/parameterized_tendencies/tagged_tracers/tagged_tracers.jl:590
┌ Warning: water tag closure residual 2.557999817080682e-5 exceeds the configured tolerance 1.0e-10 at t = 1300.0 s. The tags no longer account for the field they partition; see output/a1_dt5/output_0000/water_tag_closure.csv.
└ @ ClimaAtmos ~/git/ClimaAtmosResiDyn.jl/src/parameterized_tendencies/tagged_tracers/tagged_tracers.jl:590
┌ Warning: water tag closure residual 2.5575806960088535e-5 exceeds the configured tolerance 1.0e-10 at t = 1305.0 s. The tags no longer account for the field they partition; see output/a1_dt5/output_0000/water_tag_closure.csv.
└ @ ClimaAtmos ~/git/ClimaAtmosResiDyn.jl/src/parameterized_tendencies/tagged_tracers/tagged_tracers.jl:590
┌ Warning: water tag closure residual 2.5571611217268167e-5 exceeds the configured tolerance 1.0e-10 at t = 1310.0 s. The tags no longer account for the field they partition; see output/a1_dt5/output_0000/water_tag_closure.csv.
└ @ ClimaAtmos ~/git/ClimaAtmosResiDyn.jl/src/parameterized_tendencies/tagged_tracers/tagged_tracers.jl:590
┌ Warning: water tag closure residual 2.5567410971120586e-5 exceeds the configured tolerance 1.0e-10 at t = 1315.0 s. The tags no longer account for the field they partition; see output/a1_dt5/output_0000/water_tag_closure.csv.
└ @ ClimaAtmos ~/git/ClimaAtmosResiDyn.jl/src/parameterized_tendencies/tagged_tracers/tagged_tracers.jl:590
┌ Warning: water tag closure residual 2.556320620812119e-5 exceeds the configured tolerance 1.0e-10 at t = 1320.0 s. The tags no longer account for the field they partition; see output/a1_dt5/output_0000/water_tag_closure.csv.
└ @ ClimaAtmos ~/git/ClimaAtmosResiDyn.jl/src/parameterized_tendencies/tagged_tracers/tagged_tracers.jl:590
┌ Warning: water tag closure residual 2.5558996951063165e-5 exceeds the configured tolerance 1.0e-10 at t = 1325.0 s. The tags no longer account for the field they partition; see output/a1_dt5/output_0000/water_tag_closure.csv.
└ @ ClimaAtmos ~/git/ClimaAtmosResiDyn.jl/src/parameterized_tendencies/tagged_tracers/tagged_tracers.jl:590
┌ Warning: water tag closure residual 2.5554783197432018e-5 exceeds the configured tolerance 1.0e-10 at t = 1330.0 s. The tags no longer account for the field they partition; see output/a1_dt5/output_0000/water_tag_closure.csv.
└ @ ClimaAtmos ~/git/ClimaAtmosResiDyn.jl/src/parameterized_tendencies/tagged_tracers/tagged_tracers.jl:590
┌ Warning: water tag closure residual 2.5550564959023073e-5 exceeds the configured tolerance 1.0e-10 at t = 1335.0 s. The tags no longer account for the field they partition; see output/a1_dt5/output_0000/water_tag_closure.csv.
└ @ ClimaAtmos ~/git/ClimaAtmosResiDyn.jl/src/parameterized_tendencies/tagged_tracers/tagged_tracers.jl:590
┌ Warning: water tag closure residual 2.5546342241346244e-5 exceeds the configured tolerance 1.0e-10 at t = 1340.0 s. The tags no longer account for the field they partition; see output/a1_dt5/output_0000/water_tag_closure.csv.
└ @ ClimaAtmos ~/git/ClimaAtmosResiDyn.jl/src/parameterized_tendencies/tagged_tracers/tagged_tracers.jl:590
┌ Warning: water tag closure residual 2.5542114711118717e-5 exceeds the configured tolerance 1.0e-10 at t = 1345.0 s. The tags no longer account for the field they partition; see output/a1_dt5/output_0000/water_tag_closure.csv.
└ @ ClimaAtmos ~/git/ClimaAtmosResiDyn.jl/src/parameterized_tendencies/tagged_tracers/tagged_tracers.jl:590
┌ Warning: water tag closure residual 2.5537880497261358e-5 exceeds the configured tolerance 1.0e-10 at t = 1350.0 s. The tags no longer account for the field they partition; see output/a1_dt5/output_0000/water_tag_closure.csv.
└ @ ClimaAtmos ~/git/ClimaAtmosResiDyn.jl/src/parameterized_tendencies/tagged_tracers/tagged_tracers.jl:590
┌ Warning: water tag closure residual 2.5533642047236893e-5 exceeds the configured tolerance 1.0e-10 at t = 1355.0 s. The tags no longer account for the field they partition; see output/a1_dt5/output_0000/water_tag_closure.csv.
└ @ ClimaAtmos ~/git/ClimaAtmosResiDyn.jl/src/parameterized_tendencies/tagged_tracers/tagged_tracers.jl:590
┌ Warning: water tag closure residual 2.5529398832002823e-5 exceeds the configured tolerance 1.0e-10 at t = 1360.0 s. The tags no longer account for the field they partition; see output/a1_dt5/output_0000/water_tag_closure.csv.
└ @ ClimaAtmos ~/git/ClimaAtmosResiDyn.jl/src/parameterized_tendencies/tagged_tracers/tagged_tracers.jl:590
┌ Warning: water tag closure residual 2.55251509885513e-5 exceeds the configured tolerance 1.0e-10 at t = 1365.0 s. The tags no longer account for the field they partition; see output/a1_dt5/output_0000/water_tag_closure.csv.
└ @ ClimaAtmos ~/git/ClimaAtmosResiDyn.jl/src/parameterized_tendencies/tagged_tracers/tagged_tracers.jl:590
┌ Warning: water tag closure residual 2.552089851873063e-5 exceeds the configured tolerance 1.0e-10 at t = 1370.0 s. The tags no longer account for the field they partition; see output/a1_dt5/output_0000/water_tag_closure.csv.
└ @ ClimaAtmos ~/git/ClimaAtmosResiDyn.jl/src/parameterized_tendencies/tagged_tracers/tagged_tracers.jl:590
┌ Warning: water tag closure residual 2.5516641402966744e-5 exceeds the configured tolerance 1.0e-10 at t = 1375.0 s. The tags no longer account for the field they partition; see output/a1_dt5/output_0000/water_tag_closure.csv.
└ @ ClimaAtmos ~/git/ClimaAtmosResiDyn.jl/src/parameterized_tendencies/tagged_tracers/tagged_tracers.jl:590
┌ Warning: water tag closure residual 2.5512379698594824e-5 exceeds the configured tolerance 1.0e-10 at t = 1380.0 s. The tags no longer account for the field they partition; see output/a1_dt5/output_0000/water_tag_closure.csv.
└ @ ClimaAtmos ~/git/ClimaAtmosResiDyn.jl/src/parameterized_tendencies/tagged_tracers/tagged_tracers.jl:590
┌ Warning: water tag closure residual 2.5508113396500327e-5 exceeds the configured tolerance 1.0e-10 at t = 1385.0 s. The tags no longer account for the field they partition; see output/a1_dt5/output_0000/water_tag_closure.csv.
└ @ ClimaAtmos ~/git/ClimaAtmosResiDyn.jl/src/parameterized_tendencies/tagged_tracers/tagged_tracers.jl:590
┌ Warning: water tag closure residual 2.5503842499224624e-5 exceeds the configured tolerance 1.0e-10 at t = 1390.0 s. The tags no longer account for the field they partition; see output/a1_dt5/output_0000/water_tag_closure.csv.
└ @ ClimaAtmos ~/git/ClimaAtmosResiDyn.jl/src/parameterized_tendencies/tagged_tracers/tagged_tracers.jl:590
┌ Warning: water tag closure residual 2.549956872824202e-5 exceeds the configured tolerance 1.0e-10 at t = 1395.0 s. The tags no longer account for the field they partition; see output/a1_dt5/output_0000/water_tag_closure.csv.
└ @ ClimaAtmos ~/git/ClimaAtmosResiDyn.jl/src/parameterized_tendencies/tagged_tracers/tagged_tracers.jl:590
┌ Warning: water tag closure residual 2.5495300007341007e-5 exceeds the configured tolerance 1.0e-10 at t = 1400.0 s. The tags no longer account for the field they partition; see output/a1_dt5/output_0000/water_tag_closure.csv.
└ @ ClimaAtmos ~/git/ClimaAtmosResiDyn.jl/src/parameterized_tendencies/tagged_tracers/tagged_tracers.jl:590
┌ Warning: water tag closure residual 2.549103631125379e-5 exceeds the configured tolerance 1.0e-10 at t = 1405.0 s. The tags no longer account for the field they partition; see output/a1_dt5/output_0000/water_tag_closure.csv.
└ @ ClimaAtmos ~/git/ClimaAtmosResiDyn.jl/src/parameterized_tendencies/tagged_tracers/tagged_tracers.jl:590
┌ Warning: water tag closure residual 2.548677761550733e-5 exceeds the configured tolerance 1.0e-10 at t = 1410.0 s. The tags no longer account for the field they partition; see output/a1_dt5/output_0000/water_tag_closure.csv.
└ @ ClimaAtmos ~/git/ClimaAtmosResiDyn.jl/src/parameterized_tendencies/tagged_tracers/tagged_tracers.jl:590
┌ Warning: water tag closure residual 2.5482523897203036e-5 exceeds the configured tolerance 1.0e-10 at t = 1415.0 s. The tags no longer account for the field they partition; see output/a1_dt5/output_0000/water_tag_closure.csv.
└ @ ClimaAtmos ~/git/ClimaAtmosResiDyn.jl/src/parameterized_tendencies/tagged_tracers/tagged_tracers.jl:590
┌ Warning: water tag closure residual 2.5478275131675908e-5 exceeds the configured tolerance 1.0e-10 at t = 1420.0 s. The tags no longer account for the field they partition; see output/a1_dt5/output_0000/water_tag_closure.csv.
└ @ ClimaAtmos ~/git/ClimaAtmosResiDyn.jl/src/parameterized_tendencies/tagged_tracers/tagged_tracers.jl:590
┌ Warning: water tag closure residual 2.5474031295941147e-5 exceeds the configured tolerance 1.0e-10 at t = 1425.0 s. The tags no longer account for the field they partition; see output/a1_dt5/output_0000/water_tag_closure.csv.
└ @ ClimaAtmos ~/git/ClimaAtmosResiDyn.jl/src/parameterized_tendencies/tagged_tracers/tagged_tracers.jl:590
┌ Warning: water tag closure residual 2.546979236609526e-5 exceeds the configured tolerance 1.0e-10 at t = 1430.0 s. The tags no longer account for the field they partition; see output/a1_dt5/output_0000/water_tag_closure.csv.
└ @ ClimaAtmos ~/git/ClimaAtmosResiDyn.jl/src/parameterized_tendencies/tagged_tracers/tagged_tracers.jl:590
┌ Warning: water tag closure residual 2.5465558318971985e-5 exceeds the configured tolerance 1.0e-10 at t = 1435.0 s. The tags no longer account for the field they partition; see output/a1_dt5/output_0000/water_tag_closure.csv.
└ @ ClimaAtmos ~/git/ClimaAtmosResiDyn.jl/src/parameterized_tendencies/tagged_tracers/tagged_tracers.jl:590
┌ Warning: water tag closure residual 2.5461329152574153e-5 exceeds the configured tolerance 1.0e-10 at t = 1440.0 s. The tags no longer account for the field they partition; see output/a1_dt5/output_0000/water_tag_closure.csv.
└ @ ClimaAtmos ~/git/ClimaAtmosResiDyn.jl/src/parameterized_tendencies/tagged_tracers/tagged_tracers.jl:590
┌ Warning: water tag closure residual 2.5457104849536185e-5 exceeds the configured tolerance 1.0e-10 at t = 1445.0 s. The tags no longer account for the field they partition; see output/a1_dt5/output_0000/water_tag_closure.csv.
└ @ ClimaAtmos ~/git/ClimaAtmosResiDyn.jl/src/parameterized_tendencies/tagged_tracers/tagged_tracers.jl:590
┌ Warning: water tag closure residual 2.5452885348987644e-5 exceeds the configured tolerance 1.0e-10 at t = 1450.0 s. The tags no longer account for the field they partition; see output/a1_dt5/output_0000/water_tag_closure.csv.
└ @ ClimaAtmos ~/git/ClimaAtmosResiDyn.jl/src/parameterized_tendencies/tagged_tracers/tagged_tracers.jl:590
┌ Warning: water tag closure residual 2.544867064235258e-5 exceeds the configured tolerance 1.0e-10 at t = 1455.0 s. The tags no longer account for the field they partition; see output/a1_dt5/output_0000/water_tag_closure.csv.
└ @ ClimaAtmos ~/git/ClimaAtmosResiDyn.jl/src/parameterized_tendencies/tagged_tracers/tagged_tracers.jl:590
┌ Warning: water tag closure residual 2.5444460702272934e-5 exceeds the configured tolerance 1.0e-10 at t = 1460.0 s. The tags no longer account for the field they partition; see output/a1_dt5/output_0000/water_tag_closure.csv.
└ @ ClimaAtmos ~/git/ClimaAtmosResiDyn.jl/src/parameterized_tendencies/tagged_tracers/tagged_tracers.jl:590
┌ Warning: water tag closure residual 2.5440255505888173e-5 exceeds the configured tolerance 1.0e-10 at t = 1465.0 s. The tags no longer account for the field they partition; see output/a1_dt5/output_0000/water_tag_closure.csv.
└ @ ClimaAtmos ~/git/ClimaAtmosResiDyn.jl/src/parameterized_tendencies/tagged_tracers/tagged_tracers.jl:590
┌ Info: Progress
│   simulation_time = "24 minutes, 25 seconds"
│   n_steps_completed = 293
│   wall_time_per_step = "7 milliseconds, 809 microseconds"
│   wall_time_total = "5 seconds, 622 milliseconds"
│   wall_time_remaining = "3 seconds, 334 milliseconds"
│   wall_time_spent = "2 seconds, 288 milliseconds"
│   percent_complete = "40.7%"
│   estimated_sypd = "1.753"
│   instantaneous_sypd = "3.376"
│   date_now = 2026-09-10T00:20:04.267
└   estimated_finish_date = 2026-09-10T00:20:08.267
┌ Warning: water tag closure residual 2.543605503230979e-5 exceeds the configured tolerance 1.0e-10 at t = 1470.0 s. The tags no longer account for the field they partition; see output/a1_dt5/output_0000/water_tag_closure.csv.
└ @ ClimaAtmos ~/git/ClimaAtmosResiDyn.jl/src/parameterized_tendencies/tagged_tracers/tagged_tracers.jl:590
┌ Warning: water tag closure residual 2.5431859256659234e-5 exceeds the configured tolerance 1.0e-10 at t = 1475.0 s. The tags no longer account for the field they partition; see output/a1_dt5/output_0000/water_tag_closure.csv.
└ @ ClimaAtmos ~/git/ClimaAtmosResiDyn.jl/src/parameterized_tendencies/tagged_tracers/tagged_tracers.jl:590
┌ Warning: water tag closure residual 2.5427668158066614e-5 exceeds the configured tolerance 1.0e-10 at t = 1480.0 s. The tags no longer account for the field they partition; see output/a1_dt5/output_0000/water_tag_closure.csv.
└ @ ClimaAtmos ~/git/ClimaAtmosResiDyn.jl/src/parameterized_tendencies/tagged_tracers/tagged_tracers.jl:590
┌ Warning: water tag closure residual 2.5423481713002126e-5 exceeds the configured tolerance 1.0e-10 at t = 1485.0 s. The tags no longer account for the field they partition; see output/a1_dt5/output_0000/water_tag_closure.csv.
└ @ ClimaAtmos ~/git/ClimaAtmosResiDyn.jl/src/parameterized_tendencies/tagged_tracers/tagged_tracers.jl:590
┌ Warning: water tag closure residual 2.5419299898173727e-5 exceeds the configured tolerance 1.0e-10 at t = 1490.0 s. The tags no longer account for the field they partition; see output/a1_dt5/output_0000/water_tag_closure.csv.
└ @ ClimaAtmos ~/git/ClimaAtmosResiDyn.jl/src/parameterized_tendencies/tagged_tracers/tagged_tracers.jl:590
┌ Warning: water tag closure residual 2.5415122660042252e-5 exceeds the configured tolerance 1.0e-10 at t = 1495.0 s. The tags no longer account for the field they partition; see output/a1_dt5/output_0000/water_tag_closure.csv.
└ @ ClimaAtmos ~/git/ClimaAtmosResiDyn.jl/src/parameterized_tendencies/tagged_tracers/tagged_tracers.jl:590
┌ Warning: water tag closure residual 2.541094902325357e-5 exceeds the configured tolerance 1.0e-10 at t = 1500.0 s. The tags no longer account for the field they partition; see output/a1_dt5/output_0000/water_tag_closure.csv.
└ @ ClimaAtmos ~/git/ClimaAtmosResiDyn.jl/src/parameterized_tendencies/tagged_tracers/tagged_tracers.jl:590
┌ Warning: water tag closure residual 2.5406780068745378e-5 exceeds the configured tolerance 1.0e-10 at t = 1505.0 s. The tags no longer account for the field they partition; see output/a1_dt5/output_0000/water_tag_closure.csv.
└ @ ClimaAtmos ~/git/ClimaAtmosResiDyn.jl/src/parameterized_tendencies/tagged_tracers/tagged_tracers.jl:590
┌ Warning: water tag closure residual 2.5402615268276467e-5 exceeds the configured tolerance 1.0e-10 at t = 1510.0 s. The tags no longer account for the field they partition; see output/a1_dt5/output_0000/water_tag_closure.csv.
└ @ ClimaAtmos ~/git/ClimaAtmosResiDyn.jl/src/parameterized_tendencies/tagged_tracers/tagged_tracers.jl:590
┌ Warning: water tag closure residual 2.5398455044831575e-5 exceeds the configured tolerance 1.0e-10 at t = 1515.0 s. The tags no longer account for the field they partition; see output/a1_dt5/output_0000/water_tag_closure.csv.
└ @ ClimaAtmos ~/git/ClimaAtmosResiDyn.jl/src/parameterized_tendencies/tagged_tracers/tagged_tracers.jl:590
┌ Warning: water tag closure residual 2.539429931525221e-5 exceeds the configured tolerance 1.0e-10 at t = 1520.0 s. The tags no longer account for the field they partition; see output/a1_dt5/output_0000/water_tag_closure.csv.
└ @ ClimaAtmos ~/git/ClimaAtmosResiDyn.jl/src/parameterized_tendencies/tagged_tracers/tagged_tracers.jl:590
┌ Warning: water tag closure residual 2.539014800948268e-5 exceeds the configured tolerance 1.0e-10 at t = 1525.0 s. The tags no longer account for the field they partition; see output/a1_dt5/output_0000/water_tag_closure.csv.
└ @ ClimaAtmos ~/git/ClimaAtmosResiDyn.jl/src/parameterized_tendencies/tagged_tracers/tagged_tracers.jl:590
┌ Warning: water tag closure residual 2.5386001175156405e-5 exceeds the configured tolerance 1.0e-10 at t = 1530.0 s. The tags no longer account for the field they partition; see output/a1_dt5/output_0000/water_tag_closure.csv.
└ @ ClimaAtmos ~/git/ClimaAtmosResiDyn.jl/src/parameterized_tendencies/tagged_tracers/tagged_tracers.jl:590
┌ Warning: water tag closure residual 2.5381858731274453e-5 exceeds the configured tolerance 1.0e-10 at t = 1535.0 s. The tags no longer account for the field they partition; see output/a1_dt5/output_0000/water_tag_closure.csv.
└ @ ClimaAtmos ~/git/ClimaAtmosResiDyn.jl/src/parameterized_tendencies/tagged_tracers/tagged_tracers.jl:590
┌ Warning: water tag closure residual 2.537772069705471e-5 exceeds the configured tolerance 1.0e-10 at t = 1540.0 s. The tags no longer account for the field they partition; see output/a1_dt5/output_0000/water_tag_closure.csv.
└ @ ClimaAtmos ~/git/ClimaAtmosResiDyn.jl/src/parameterized_tendencies/tagged_tracers/tagged_tracers.jl:590
┌ Warning: water tag closure residual 2.537358702788659e-5 exceeds the configured tolerance 1.0e-10 at t = 1545.0 s. The tags no longer account for the field they partition; see output/a1_dt5/output_0000/water_tag_closure.csv.
└ @ ClimaAtmos ~/git/ClimaAtmosResiDyn.jl/src/parameterized_tendencies/tagged_tracers/tagged_tracers.jl:590
┌ Warning: water tag closure residual 2.5369457757874805e-5 exceeds the configured tolerance 1.0e-10 at t = 1550.0 s. The tags no longer account for the field they partition; see output/a1_dt5/output_0000/water_tag_closure.csv.
└ @ ClimaAtmos ~/git/ClimaAtmosResiDyn.jl/src/parameterized_tendencies/tagged_tracers/tagged_tracers.jl:590
┌ Warning: water tag closure residual 2.5365332917065594e-5 exceeds the configured tolerance 1.0e-10 at t = 1555.0 s. The tags no longer account for the field they partition; see output/a1_dt5/output_0000/water_tag_closure.csv.
└ @ ClimaAtmos ~/git/ClimaAtmosResiDyn.jl/src/parameterized_tendencies/tagged_tracers/tagged_tracers.jl:590
┌ Warning: water tag closure residual 2.5361212352042722e-5 exceeds the configured tolerance 1.0e-10 at t = 1560.0 s. The tags no longer account for the field they partition; see output/a1_dt5/output_0000/water_tag_closure.csv.
└ @ ClimaAtmos ~/git/ClimaAtmosResiDyn.jl/src/parameterized_tendencies/tagged_tracers/tagged_tracers.jl:590
┌ Warning: water tag closure residual 2.5357096087839865e-5 exceeds the configured tolerance 1.0e-10 at t = 1565.0 s. The tags no longer account for the field they partition; see output/a1_dt5/output_0000/water_tag_closure.csv.
└ @ ClimaAtmos ~/git/ClimaAtmosResiDyn.jl/src/parameterized_tendencies/tagged_tracers/tagged_tracers.jl:590
┌ Warning: water tag closure residual 2.5352984089598355e-5 exceeds the configured tolerance 1.0e-10 at t = 1570.0 s. The tags no longer account for the field they partition; see output/a1_dt5/output_0000/water_tag_closure.csv.
└ @ ClimaAtmos ~/git/ClimaAtmosResiDyn.jl/src/parameterized_tendencies/tagged_tracers/tagged_tracers.jl:590
┌ Warning: water tag closure residual 2.534887633709217e-5 exceeds the configured tolerance 1.0e-10 at t = 1575.0 s. The tags no longer account for the field they partition; see output/a1_dt5/output_0000/water_tag_closure.csv.
└ @ ClimaAtmos ~/git/ClimaAtmosResiDyn.jl/src/parameterized_tendencies/tagged_tracers/tagged_tracers.jl:590
┌ Warning: water tag closure residual 2.534477281389208e-5 exceeds the configured tolerance 1.0e-10 at t = 1580.0 s. The tags no longer account for the field they partition; see output/a1_dt5/output_0000/water_tag_closure.csv.
└ @ ClimaAtmos ~/git/ClimaAtmosResiDyn.jl/src/parameterized_tendencies/tagged_tracers/tagged_tracers.jl:590
┌ Warning: water tag closure residual 2.5340673493827522e-5 exceeds the configured tolerance 1.0e-10 at t = 1585.0 s. The tags no longer account for the field they partition; see output/a1_dt5/output_0000/water_tag_closure.csv.
└ @ ClimaAtmos ~/git/ClimaAtmosResiDyn.jl/src/parameterized_tendencies/tagged_tracers/tagged_tracers.jl:590
┌ Warning: water tag closure residual 2.533657836083091e-5 exceeds the configured tolerance 1.0e-10 at t = 1590.0 s. The tags no longer account for the field they partition; see output/a1_dt5/output_0000/water_tag_closure.csv.
└ @ ClimaAtmos ~/git/ClimaAtmosResiDyn.jl/src/parameterized_tendencies/tagged_tracers/tagged_tracers.jl:590
┌ Warning: water tag closure residual 2.5332487391405217e-5 exceeds the configured tolerance 1.0e-10 at t = 1595.0 s. The tags no longer account for the field they partition; see output/a1_dt5/output_0000/water_tag_closure.csv.
└ @ ClimaAtmos ~/git/ClimaAtmosResiDyn.jl/src/parameterized_tendencies/tagged_tracers/tagged_tracers.jl:590
┌ Warning: water tag closure residual 2.5328400566672173e-5 exceeds the configured tolerance 1.0e-10 at t = 1600.0 s. The tags no longer account for the field they partition; see output/a1_dt5/output_0000/water_tag_closure.csv.
└ @ ClimaAtmos ~/git/ClimaAtmosResiDyn.jl/src/parameterized_tendencies/tagged_tracers/tagged_tracers.jl:590
┌ Warning: water tag closure residual 2.5324317865505097e-5 exceeds the configured tolerance 1.0e-10 at t = 1605.0 s. The tags no longer account for the field they partition; see output/a1_dt5/output_0000/water_tag_closure.csv.
└ @ ClimaAtmos ~/git/ClimaAtmosResiDyn.jl/src/parameterized_tendencies/tagged_tracers/tagged_tracers.jl:590
┌ Warning: water tag closure residual 2.5320239267747943e-5 exceeds the configured tolerance 1.0e-10 at t = 1610.0 s. The tags no longer account for the field they partition; see output/a1_dt5/output_0000/water_tag_closure.csv.
└ @ ClimaAtmos ~/git/ClimaAtmosResiDyn.jl/src/parameterized_tendencies/tagged_tracers/tagged_tracers.jl:590
┌ Warning: water tag closure residual 2.531616475325746e-5 exceeds the configured tolerance 1.0e-10 at t = 1615.0 s. The tags no longer account for the field they partition; see output/a1_dt5/output_0000/water_tag_closure.csv.
└ @ ClimaAtmos ~/git/ClimaAtmosResiDyn.jl/src/parameterized_tendencies/tagged_tracers/tagged_tracers.jl:590
┌ Warning: water tag closure residual 2.5312094301888663e-5 exceeds the configured tolerance 1.0e-10 at t = 1620.0 s. The tags no longer account for the field they partition; see output/a1_dt5/output_0000/water_tag_closure.csv.
└ @ ClimaAtmos ~/git/ClimaAtmosResiDyn.jl/src/parameterized_tendencies/tagged_tracers/tagged_tracers.jl:590
┌ Warning: water tag closure residual 2.530802789383329e-5 exceeds the configured tolerance 1.0e-10 at t = 1625.0 s. The tags no longer account for the field they partition; see output/a1_dt5/output_0000/water_tag_closure.csv.
└ @ ClimaAtmos ~/git/ClimaAtmosResiDyn.jl/src/parameterized_tendencies/tagged_tracers/tagged_tracers.jl:590
┌ Warning: water tag closure residual 2.530396550878035e-5 exceeds the configured tolerance 1.0e-10 at t = 1630.0 s. The tags no longer account for the field they partition; see output/a1_dt5/output_0000/water_tag_closure.csv.
└ @ ClimaAtmos ~/git/ClimaAtmosResiDyn.jl/src/parameterized_tendencies/tagged_tracers/tagged_tracers.jl:590
┌ Warning: water tag closure residual 2.5299907127072534e-5 exceeds the configured tolerance 1.0e-10 at t = 1635.0 s. The tags no longer account for the field they partition; see output/a1_dt5/output_0000/water_tag_closure.csv.
└ @ ClimaAtmos ~/git/ClimaAtmosResiDyn.jl/src/parameterized_tendencies/tagged_tracers/tagged_tracers.jl:590
┌ Warning: water tag closure residual 2.5295852728424995e-5 exceeds the configured tolerance 1.0e-10 at t = 1640.0 s. The tags no longer account for the field they partition; see output/a1_dt5/output_0000/water_tag_closure.csv.
└ @ ClimaAtmos ~/git/ClimaAtmosResiDyn.jl/src/parameterized_tendencies/tagged_tracers/tagged_tracers.jl:590
┌ Warning: water tag closure residual 2.529180229339973e-5 exceeds the configured tolerance 1.0e-10 at t = 1645.0 s. The tags no longer account for the field they partition; see output/a1_dt5/output_0000/water_tag_closure.csv.
└ @ ClimaAtmos ~/git/ClimaAtmosResiDyn.jl/src/parameterized_tendencies/tagged_tracers/tagged_tracers.jl:590
┌ Warning: water tag closure residual 2.52877558024849e-5 exceeds the configured tolerance 1.0e-10 at t = 1650.0 s. The tags no longer account for the field they partition; see output/a1_dt5/output_0000/water_tag_closure.csv.
└ @ ClimaAtmos ~/git/ClimaAtmosResiDyn.jl/src/parameterized_tendencies/tagged_tracers/tagged_tracers.jl:590
┌ Info: Progress
│   simulation_time = "27 minutes, 30 seconds"
│   n_steps_completed = 330
│   wall_time_per_step = "7 milliseconds, 387 microseconds"
│   wall_time_total = "5 seconds, 319 milliseconds"
│   wall_time_remaining = "2 seconds, 881 milliseconds"
│   wall_time_spent = "2 seconds, 437 milliseconds"
│   percent_complete = "45.8%"
│   estimated_sypd = "1.853"
│   instantaneous_sypd = "3.383"
│   date_now = 2026-09-10T00:20:04.417
└   estimated_finish_date = 2026-09-10T00:20:07.417
┌ Warning: water tag closure residual 2.5283713235758626e-5 exceeds the configured tolerance 1.0e-10 at t = 1655.0 s. The tags no longer account for the field they partition; see output/a1_dt5/output_0000/water_tag_closure.csv.
└ @ ClimaAtmos ~/git/ClimaAtmosResiDyn.jl/src/parameterized_tendencies/tagged_tracers/tagged_tracers.jl:590
┌ Warning: water tag closure residual 2.5279674574059165e-5 exceeds the configured tolerance 1.0e-10 at t = 1660.0 s. The tags no longer account for the field they partition; see output/a1_dt5/output_0000/water_tag_closure.csv.
└ @ ClimaAtmos ~/git/ClimaAtmosResiDyn.jl/src/parameterized_tendencies/tagged_tracers/tagged_tracers.jl:590
┌ Warning: water tag closure residual 2.5275639797852943e-5 exceeds the configured tolerance 1.0e-10 at t = 1665.0 s. The tags no longer account for the field they partition; see output/a1_dt5/output_0000/water_tag_closure.csv.
└ @ ClimaAtmos ~/git/ClimaAtmosResiDyn.jl/src/parameterized_tendencies/tagged_tracers/tagged_tracers.jl:590
┌ Warning: water tag closure residual 2.527160888791192e-5 exceeds the configured tolerance 1.0e-10 at t = 1670.0 s. The tags no longer account for the field they partition; see output/a1_dt5/output_0000/water_tag_closure.csv.
└ @ ClimaAtmos ~/git/ClimaAtmosResiDyn.jl/src/parameterized_tendencies/tagged_tracers/tagged_tracers.jl:590
┌ Warning: water tag closure residual 2.5267581825049887e-5 exceeds the configured tolerance 1.0e-10 at t = 1675.0 s. The tags no longer account for the field they partition; see output/a1_dt5/output_0000/water_tag_closure.csv.
└ @ ClimaAtmos ~/git/ClimaAtmosResiDyn.jl/src/parameterized_tendencies/tagged_tracers/tagged_tracers.jl:590
┌ Warning: water tag closure residual 2.5263558589868186e-5 exceeds the configured tolerance 1.0e-10 at t = 1680.0 s. The tags no longer account for the field they partition; see output/a1_dt5/output_0000/water_tag_closure.csv.
└ @ ClimaAtmos ~/git/ClimaAtmosResiDyn.jl/src/parameterized_tendencies/tagged_tracers/tagged_tracers.jl:590
┌ Warning: water tag closure residual 2.52595391635002e-5 exceeds the configured tolerance 1.0e-10 at t = 1685.0 s. The tags no longer account for the field they partition; see output/a1_dt5/output_0000/water_tag_closure.csv.
└ @ ClimaAtmos ~/git/ClimaAtmosResiDyn.jl/src/parameterized_tendencies/tagged_tracers/tagged_tracers.jl:590
┌ Warning: water tag closure residual 2.5255523526799123e-5 exceeds the configured tolerance 1.0e-10 at t = 1690.0 s. The tags no longer account for the field they partition; see output/a1_dt5/output_0000/water_tag_closure.csv.
└ @ ClimaAtmos ~/git/ClimaAtmosResiDyn.jl/src/parameterized_tendencies/tagged_tracers/tagged_tracers.jl:590
┌ Warning: water tag closure residual 2.5251511661012434e-5 exceeds the configured tolerance 1.0e-10 at t = 1695.0 s. The tags no longer account for the field they partition; see output/a1_dt5/output_0000/water_tag_closure.csv.
└ @ ClimaAtmos ~/git/ClimaAtmosResiDyn.jl/src/parameterized_tendencies/tagged_tracers/tagged_tracers.jl:590
┌ Warning: water tag closure residual 2.5247503547192855e-5 exceeds the configured tolerance 1.0e-10 at t = 1700.0 s. The tags no longer account for the field they partition; see output/a1_dt5/output_0000/water_tag_closure.csv.
└ @ ClimaAtmos ~/git/ClimaAtmosResiDyn.jl/src/parameterized_tendencies/tagged_tracers/tagged_tracers.jl:590
┌ Warning: water tag closure residual 2.5243499166471617e-5 exceeds the configured tolerance 1.0e-10 at t = 1705.0 s. The tags no longer account for the field they partition; see output/a1_dt5/output_0000/water_tag_closure.csv.
└ @ ClimaAtmos ~/git/ClimaAtmosResiDyn.jl/src/parameterized_tendencies/tagged_tracers/tagged_tracers.jl:590
┌ Warning: water tag closure residual 2.523949850045322e-5 exceeds the configured tolerance 1.0e-10 at t = 1710.0 s. The tags no longer account for the field they partition; see output/a1_dt5/output_0000/water_tag_closure.csv.
└ @ ClimaAtmos ~/git/ClimaAtmosResiDyn.jl/src/parameterized_tendencies/tagged_tracers/tagged_tracers.jl:590
┌ Warning: water tag closure residual 2.5235501530365667e-5 exceeds the configured tolerance 1.0e-10 at t = 1715.0 s. The tags no longer account for the field they partition; see output/a1_dt5/output_0000/water_tag_closure.csv.
└ @ ClimaAtmos ~/git/ClimaAtmosResiDyn.jl/src/parameterized_tendencies/tagged_tracers/tagged_tracers.jl:590
┌ Warning: water tag closure residual 2.5231508237552205e-5 exceeds the configured tolerance 1.0e-10 at t = 1720.0 s. The tags no longer account for the field they partition; see output/a1_dt5/output_0000/water_tag_closure.csv.
└ @ ClimaAtmos ~/git/ClimaAtmosResiDyn.jl/src/parameterized_tendencies/tagged_tracers/tagged_tracers.jl:590
┌ Warning: water tag closure residual 2.522751860375053e-5 exceeds the configured tolerance 1.0e-10 at t = 1725.0 s. The tags no longer account for the field they partition; see output/a1_dt5/output_0000/water_tag_closure.csv.
└ @ ClimaAtmos ~/git/ClimaAtmosResiDyn.jl/src/parameterized_tendencies/tagged_tracers/tagged_tracers.jl:590
┌ Warning: water tag closure residual 2.522353261055095e-5 exceeds the configured tolerance 1.0e-10 at t = 1730.0 s. The tags no longer account for the field they partition; see output/a1_dt5/output_0000/water_tag_closure.csv.
└ @ ClimaAtmos ~/git/ClimaAtmosResiDyn.jl/src/parameterized_tendencies/tagged_tracers/tagged_tracers.jl:590
┌ Warning: water tag closure residual 2.521955020457302e-5 exceeds the configured tolerance 1.0e-10 at t = 1735.0 s. The tags no longer account for the field they partition; see output/a1_dt5/output_0000/water_tag_closure.csv.
└ @ ClimaAtmos ~/git/ClimaAtmosResiDyn.jl/src/parameterized_tendencies/tagged_tracers/tagged_tracers.jl:590
┌ Warning: water tag closure residual 2.5215571380088227e-5 exceeds the configured tolerance 1.0e-10 at t = 1740.0 s. The tags no longer account for the field they partition; see output/a1_dt5/output_0000/water_tag_closure.csv.
└ @ ClimaAtmos ~/git/ClimaAtmosResiDyn.jl/src/parameterized_tendencies/tagged_tracers/tagged_tracers.jl:590
┌ Warning: water tag closure residual 2.5211596152761233e-5 exceeds the configured tolerance 1.0e-10 at t = 1745.0 s. The tags no longer account for the field they partition; see output/a1_dt5/output_0000/water_tag_closure.csv.
└ @ ClimaAtmos ~/git/ClimaAtmosResiDyn.jl/src/parameterized_tendencies/tagged_tracers/tagged_tracers.jl:590
┌ Warning: water tag closure residual 2.520762449045503e-5 exceeds the configured tolerance 1.0e-10 at t = 1750.0 s. The tags no longer account for the field they partition; see output/a1_dt5/output_0000/water_tag_closure.csv.
└ @ ClimaAtmos ~/git/ClimaAtmosResiDyn.jl/src/parameterized_tendencies/tagged_tracers/tagged_tracers.jl:590
┌ Warning: water tag closure residual 2.5203656380598826e-5 exceeds the configured tolerance 1.0e-10 at t = 1755.0 s. The tags no longer account for the field they partition; see output/a1_dt5/output_0000/water_tag_closure.csv.
└ @ ClimaAtmos ~/git/ClimaAtmosResiDyn.jl/src/parameterized_tendencies/tagged_tracers/tagged_tracers.jl:590
┌ Warning: water tag closure residual 2.519969180371509e-5 exceeds the configured tolerance 1.0e-10 at t = 1760.0 s. The tags no longer account for the field they partition; see output/a1_dt5/output_0000/water_tag_closure.csv.
└ @ ClimaAtmos ~/git/ClimaAtmosResiDyn.jl/src/parameterized_tendencies/tagged_tracers/tagged_tracers.jl:590
┌ Warning: water tag closure residual 2.5195730741628163e-5 exceeds the configured tolerance 1.0e-10 at t = 1765.0 s. The tags no longer account for the field they partition; see output/a1_dt5/output_0000/water_tag_closure.csv.
└ @ ClimaAtmos ~/git/ClimaAtmosResiDyn.jl/src/parameterized_tendencies/tagged_tracers/tagged_tracers.jl:590
┌ Warning: water tag closure residual 2.5191773177684735e-5 exceeds the configured tolerance 1.0e-10 at t = 1770.0 s. The tags no longer account for the field they partition; see output/a1_dt5/output_0000/water_tag_closure.csv.
└ @ ClimaAtmos ~/git/ClimaAtmosResiDyn.jl/src/parameterized_tendencies/tagged_tracers/tagged_tracers.jl:590
┌ Warning: water tag closure residual 2.518781909281147e-5 exceeds the configured tolerance 1.0e-10 at t = 1775.0 s. The tags no longer account for the field they partition; see output/a1_dt5/output_0000/water_tag_closure.csv.
└ @ ClimaAtmos ~/git/ClimaAtmosResiDyn.jl/src/parameterized_tendencies/tagged_tracers/tagged_tracers.jl:590
┌ Warning: water tag closure residual 2.518386847032485e-5 exceeds the configured tolerance 1.0e-10 at t = 1780.0 s. The tags no longer account for the field they partition; see output/a1_dt5/output_0000/water_tag_closure.csv.
└ @ ClimaAtmos ~/git/ClimaAtmosResiDyn.jl/src/parameterized_tendencies/tagged_tracers/tagged_tracers.jl:590
┌ Warning: water tag closure residual 2.5179921292014294e-5 exceeds the configured tolerance 1.0e-10 at t = 1785.0 s. The tags no longer account for the field they partition; see output/a1_dt5/output_0000/water_tag_closure.csv.
└ @ ClimaAtmos ~/git/ClimaAtmosResiDyn.jl/src/parameterized_tendencies/tagged_tracers/tagged_tracers.jl:590
┌ Warning: water tag closure residual 2.517597754083775e-5 exceeds the configured tolerance 1.0e-10 at t = 1790.0 s. The tags no longer account for the field they partition; see output/a1_dt5/output_0000/water_tag_closure.csv.
└ @ ClimaAtmos ~/git/ClimaAtmosResiDyn.jl/src/parameterized_tendencies/tagged_tracers/tagged_tracers.jl:590
┌ Warning: water tag closure residual 2.5172037199298352e-5 exceeds the configured tolerance 1.0e-10 at t = 1795.0 s. The tags no longer account for the field they partition; see output/a1_dt5/output_0000/water_tag_closure.csv.
└ @ ClimaAtmos ~/git/ClimaAtmosResiDyn.jl/src/parameterized_tendencies/tagged_tracers/tagged_tracers.jl:590
┌ Warning: water tag closure residual 2.5168099158651983e-5 exceeds the configured tolerance 1.0e-10 at t = 1800.0 s. The tags no longer account for the field they partition; see output/a1_dt5/output_0000/water_tag_closure.csv.
└ @ ClimaAtmos ~/git/ClimaAtmosResiDyn.jl/src/parameterized_tendencies/tagged_tracers/tagged_tracers.jl:590
┌ Warning: water tag closure residual 2.5164168489035815e-5 exceeds the configured tolerance 1.0e-10 at t = 1805.0 s. The tags no longer account for the field they partition; see output/a1_dt5/output_0000/water_tag_closure.csv.
└ @ ClimaAtmos ~/git/ClimaAtmosResiDyn.jl/src/parameterized_tendencies/tagged_tracers/tagged_tracers.jl:590
┌ Warning: water tag closure residual 2.516023941368355e-5 exceeds the configured tolerance 1.0e-10 at t = 1810.0 s. The tags no longer account for the field they partition; see output/a1_dt5/output_0000/water_tag_closure.csv.
└ @ ClimaAtmos ~/git/ClimaAtmosResiDyn.jl/src/parameterized_tendencies/tagged_tracers/tagged_tracers.jl:590
┌ Warning: water tag closure residual 2.515631429644797e-5 exceeds the configured tolerance 1.0e-10 at t = 1815.0 s. The tags no longer account for the field they partition; see output/a1_dt5/output_0000/water_tag_closure.csv.
└ @ ClimaAtmos ~/git/ClimaAtmosResiDyn.jl/src/parameterized_tendencies/tagged_tracers/tagged_tracers.jl:590
┌ Warning: water tag closure residual 2.5152392507391026e-5 exceeds the configured tolerance 1.0e-10 at t = 1820.0 s. The tags no longer account for the field they partition; see output/a1_dt5/output_0000/water_tag_closure.csv.
└ @ ClimaAtmos ~/git/ClimaAtmosResiDyn.jl/src/parameterized_tendencies/tagged_tracers/tagged_tracers.jl:590
┌ Warning: water tag closure residual 2.5148472520788258e-5 exceeds the configured tolerance 1.0e-10 at t = 1825.0 s. The tags no longer account for the field they partition; see output/a1_dt5/output_0000/water_tag_closure.csv.
└ @ ClimaAtmos ~/git/ClimaAtmosResiDyn.jl/src/parameterized_tendencies/tagged_tracers/tagged_tracers.jl:590
┌ Warning: water tag closure residual 2.5144555651320635e-5 exceeds the configured tolerance 1.0e-10 at t = 1830.0 s. The tags no longer account for the field they partition; see output/a1_dt5/output_0000/water_tag_closure.csv.
└ @ ClimaAtmos ~/git/ClimaAtmosResiDyn.jl/src/parameterized_tendencies/tagged_tracers/tagged_tracers.jl:590
┌ Warning: water tag closure residual 2.5140641691966744e-5 exceeds the configured tolerance 1.0e-10 at t = 1835.0 s. The tags no longer account for the field they partition; see output/a1_dt5/output_0000/water_tag_closure.csv.
└ @ ClimaAtmos ~/git/ClimaAtmosResiDyn.jl/src/parameterized_tendencies/tagged_tracers/tagged_tracers.jl:590
┌ Info: Progress
│   simulation_time = "30 minutes, 35 seconds"
│   n_steps_completed = 367
│   wall_time_per_step = "7 milliseconds, 48 microseconds"
│   wall_time_total = "5 seconds, 74 milliseconds"
│   wall_time_remaining = "2 seconds, 487 milliseconds"
│   wall_time_spent = "2 seconds, 586 milliseconds"
│   percent_complete = "51.0%"
│   estimated_sypd = "1.942"
│   instantaneous_sypd = "3.405"
│   date_now = 2026-09-10T00:20:04.566
└   estimated_finish_date = 2026-09-10T00:20:07.566
┌ Warning: water tag closure residual 2.513673096617126e-5 exceeds the configured tolerance 1.0e-10 at t = 1840.0 s. The tags no longer account for the field they partition; see output/a1_dt5/output_0000/water_tag_closure.csv.
└ @ ClimaAtmos ~/git/ClimaAtmosResiDyn.jl/src/parameterized_tendencies/tagged_tracers/tagged_tracers.jl:590
┌ Warning: water tag closure residual 2.5132823226564228e-5 exceeds the configured tolerance 1.0e-10 at t = 1845.0 s. The tags no longer account for the field they partition; see output/a1_dt5/output_0000/water_tag_closure.csv.
└ @ ClimaAtmos ~/git/ClimaAtmosResiDyn.jl/src/parameterized_tendencies/tagged_tracers/tagged_tracers.jl:590
┌ Warning: water tag closure residual 2.512891843915538e-5 exceeds the configured tolerance 1.0e-10 at t = 1850.0 s. The tags no longer account for the field they partition; see output/a1_dt5/output_0000/water_tag_closure.csv.
└ @ ClimaAtmos ~/git/ClimaAtmosResiDyn.jl/src/parameterized_tendencies/tagged_tracers/tagged_tracers.jl:590
┌ Warning: water tag closure residual 2.5125016737767155e-5 exceeds the configured tolerance 1.0e-10 at t = 1855.0 s. The tags no longer account for the field they partition; see output/a1_dt5/output_0000/water_tag_closure.csv.
└ @ ClimaAtmos ~/git/ClimaAtmosResiDyn.jl/src/parameterized_tendencies/tagged_tracers/tagged_tracers.jl:590
┌ Warning: water tag closure residual 2.5121118035121877e-5 exceeds the configured tolerance 1.0e-10 at t = 1860.0 s. The tags no longer account for the field they partition; see output/a1_dt5/output_0000/water_tag_closure.csv.
└ @ ClimaAtmos ~/git/ClimaAtmosResiDyn.jl/src/parameterized_tendencies/tagged_tracers/tagged_tracers.jl:590
┌ Warning: water tag closure residual 2.5117222348734097e-5 exceeds the configured tolerance 1.0e-10 at t = 1865.0 s. The tags no longer account for the field they partition; see output/a1_dt5/output_0000/water_tag_closure.csv.
└ @ ClimaAtmos ~/git/ClimaAtmosResiDyn.jl/src/parameterized_tendencies/tagged_tracers/tagged_tracers.jl:590
┌ Warning: water tag closure residual 2.511332965069937e-5 exceeds the configured tolerance 1.0e-10 at t = 1870.0 s. The tags no longer account for the field they partition; see output/a1_dt5/output_0000/water_tag_closure.csv.
└ @ ClimaAtmos ~/git/ClimaAtmosResiDyn.jl/src/parameterized_tendencies/tagged_tracers/tagged_tracers.jl:590
┌ Warning: water tag closure residual 2.5109439926482348e-5 exceeds the configured tolerance 1.0e-10 at t = 1875.0 s. The tags no longer account for the field they partition; see output/a1_dt5/output_0000/water_tag_closure.csv.
└ @ ClimaAtmos ~/git/ClimaAtmosResiDyn.jl/src/parameterized_tendencies/tagged_tracers/tagged_tracers.jl:590
┌ Warning: water tag closure residual 2.510555222969343e-5 exceeds the configured tolerance 1.0e-10 at t = 1880.0 s. The tags no longer account for the field they partition; see output/a1_dt5/output_0000/water_tag_closure.csv.
└ @ ClimaAtmos ~/git/ClimaAtmosResiDyn.jl/src/parameterized_tendencies/tagged_tracers/tagged_tracers.jl:590
┌ Warning: water tag closure residual 2.5101667761771722e-5 exceeds the configured tolerance 1.0e-10 at t = 1885.0 s. The tags no longer account for the field they partition; see output/a1_dt5/output_0000/water_tag_closure.csv.
└ @ ClimaAtmos ~/git/ClimaAtmosResiDyn.jl/src/parameterized_tendencies/tagged_tracers/tagged_tracers.jl:590
┌ Warning: water tag closure residual 2.5097786161689032e-5 exceeds the configured tolerance 1.0e-10 at t = 1890.0 s. The tags no longer account for the field they partition; see output/a1_dt5/output_0000/water_tag_closure.csv.
└ @ ClimaAtmos ~/git/ClimaAtmosResiDyn.jl/src/parameterized_tendencies/tagged_tracers/tagged_tracers.jl:590
┌ Warning: water tag closure residual 2.509390747353445e-5 exceeds the configured tolerance 1.0e-10 at t = 1895.0 s. The tags no longer account for the field they partition; see output/a1_dt5/output_0000/water_tag_closure.csv.
└ @ ClimaAtmos ~/git/ClimaAtmosResiDyn.jl/src/parameterized_tendencies/tagged_tracers/tagged_tracers.jl:590
┌ Warning: water tag closure residual 2.5090073596527614e-5 exceeds the configured tolerance 1.0e-10 at t = 1900.0 s. The tags no longer account for the field they partition; see output/a1_dt5/output_0000/water_tag_closure.csv.
└ @ ClimaAtmos ~/git/ClimaAtmosResiDyn.jl/src/parameterized_tendencies/tagged_tracers/tagged_tracers.jl:590
┌ Warning: water tag closure residual 2.5086235983134218e-5 exceeds the configured tolerance 1.0e-10 at t = 1905.0 s. The tags no longer account for the field they partition; see output/a1_dt5/output_0000/water_tag_closure.csv.
└ @ ClimaAtmos ~/git/ClimaAtmosResiDyn.jl/src/parameterized_tendencies/tagged_tracers/tagged_tracers.jl:590
┌ Warning: water tag closure residual 2.508240339101699e-5 exceeds the configured tolerance 1.0e-10 at t = 1910.0 s. The tags no longer account for the field they partition; see output/a1_dt5/output_0000/water_tag_closure.csv.
└ @ ClimaAtmos ~/git/ClimaAtmosResiDyn.jl/src/parameterized_tendencies/tagged_tracers/tagged_tracers.jl:590
┌ Warning: water tag closure residual 2.5078573281433778e-5 exceeds the configured tolerance 1.0e-10 at t = 1915.0 s. The tags no longer account for the field they partition; see output/a1_dt5/output_0000/water_tag_closure.csv.
└ @ ClimaAtmos ~/git/ClimaAtmosResiDyn.jl/src/parameterized_tendencies/tagged_tracers/tagged_tracers.jl:590
┌ Warning: water tag closure residual 2.5074745398017328e-5 exceeds the configured tolerance 1.0e-10 at t = 1920.0 s. The tags no longer account for the field they partition; see output/a1_dt5/output_0000/water_tag_closure.csv.
└ @ ClimaAtmos ~/git/ClimaAtmosResiDyn.jl/src/parameterized_tendencies/tagged_tracers/tagged_tracers.jl:590
┌ Warning: water tag closure residual 2.5070920969051386e-5 exceeds the configured tolerance 1.0e-10 at t = 1925.0 s. The tags no longer account for the field they partition; see output/a1_dt5/output_0000/water_tag_closure.csv.
└ @ ClimaAtmos ~/git/ClimaAtmosResiDyn.jl/src/parameterized_tendencies/tagged_tracers/tagged_tracers.jl:590
┌ Warning: water tag closure residual 2.5067098640963926e-5 exceeds the configured tolerance 1.0e-10 at t = 1930.0 s. The tags no longer account for the field they partition; see output/a1_dt5/output_0000/water_tag_closure.csv.
└ @ ClimaAtmos ~/git/ClimaAtmosResiDyn.jl/src/parameterized_tendencies/tagged_tracers/tagged_tracers.jl:590
┌ Warning: water tag closure residual 2.5063279450653824e-5 exceeds the configured tolerance 1.0e-10 at t = 1935.0 s. The tags no longer account for the field they partition; see output/a1_dt5/output_0000/water_tag_closure.csv.
└ @ ClimaAtmos ~/git/ClimaAtmosResiDyn.jl/src/parameterized_tendencies/tagged_tracers/tagged_tracers.jl:590
┌ Warning: water tag closure residual 2.505946092705634e-5 exceeds the configured tolerance 1.0e-10 at t = 1940.0 s. The tags no longer account for the field they partition; see output/a1_dt5/output_0000/water_tag_closure.csv.
└ @ ClimaAtmos ~/git/ClimaAtmosResiDyn.jl/src/parameterized_tendencies/tagged_tracers/tagged_tracers.jl:590
┌ Warning: water tag closure residual 2.5055645526005665e-5 exceeds the configured tolerance 1.0e-10 at t = 1945.0 s. The tags no longer account for the field they partition; see output/a1_dt5/output_0000/water_tag_closure.csv.
└ @ ClimaAtmos ~/git/ClimaAtmosResiDyn.jl/src/parameterized_tendencies/tagged_tracers/tagged_tracers.jl:590
┌ Warning: water tag closure residual 2.5051832735111787e-5 exceeds the configured tolerance 1.0e-10 at t = 1950.0 s. The tags no longer account for the field they partition; see output/a1_dt5/output_0000/water_tag_closure.csv.
└ @ ClimaAtmos ~/git/ClimaAtmosResiDyn.jl/src/parameterized_tendencies/tagged_tracers/tagged_tracers.jl:590
┌ Warning: water tag closure residual 2.5048022538981415e-5 exceeds the configured tolerance 1.0e-10 at t = 1955.0 s. The tags no longer account for the field they partition; see output/a1_dt5/output_0000/water_tag_closure.csv.
└ @ ClimaAtmos ~/git/ClimaAtmosResiDyn.jl/src/parameterized_tendencies/tagged_tracers/tagged_tracers.jl:590
┌ Warning: water tag closure residual 2.504421512022441e-5 exceeds the configured tolerance 1.0e-10 at t = 1960.0 s. The tags no longer account for the field they partition; see output/a1_dt5/output_0000/water_tag_closure.csv.
└ @ ClimaAtmos ~/git/ClimaAtmosResiDyn.jl/src/parameterized_tendencies/tagged_tracers/tagged_tracers.jl:590
┌ Warning: water tag closure residual 2.5040410231188707e-5 exceeds the configured tolerance 1.0e-10 at t = 1965.0 s. The tags no longer account for the field they partition; see output/a1_dt5/output_0000/water_tag_closure.csv.
└ @ ClimaAtmos ~/git/ClimaAtmosResiDyn.jl/src/parameterized_tendencies/tagged_tracers/tagged_tracers.jl:590
┌ Warning: water tag closure residual 2.5036608051486625e-5 exceeds the configured tolerance 1.0e-10 at t = 1970.0 s. The tags no longer account for the field they partition; see output/a1_dt5/output_0000/water_tag_closure.csv.
└ @ ClimaAtmos ~/git/ClimaAtmosResiDyn.jl/src/parameterized_tendencies/tagged_tracers/tagged_tracers.jl:590
┌ Warning: water tag closure residual 2.503280843564366e-5 exceeds the configured tolerance 1.0e-10 at t = 1975.0 s. The tags no longer account for the field they partition; see output/a1_dt5/output_0000/water_tag_closure.csv.
└ @ ClimaAtmos ~/git/ClimaAtmosResiDyn.jl/src/parameterized_tendencies/tagged_tracers/tagged_tracers.jl:590
┌ Warning: water tag closure residual 2.502901144289233e-5 exceeds the configured tolerance 1.0e-10 at t = 1980.0 s. The tags no longer account for the field they partition; see output/a1_dt5/output_0000/water_tag_closure.csv.
└ @ ClimaAtmos ~/git/ClimaAtmosResiDyn.jl/src/parameterized_tendencies/tagged_tracers/tagged_tracers.jl:590
┌ Warning: water tag closure residual 2.5025216819076194e-5 exceeds the configured tolerance 1.0e-10 at t = 1985.0 s. The tags no longer account for the field they partition; see output/a1_dt5/output_0000/water_tag_closure.csv.
└ @ ClimaAtmos ~/git/ClimaAtmosResiDyn.jl/src/parameterized_tendencies/tagged_tracers/tagged_tracers.jl:590
┌ Warning: water tag closure residual 2.502142482970357e-5 exceeds the configured tolerance 1.0e-10 at t = 1990.0 s. The tags no longer account for the field they partition; see output/a1_dt5/output_0000/water_tag_closure.csv.
└ @ ClimaAtmos ~/git/ClimaAtmosResiDyn.jl/src/parameterized_tendencies/tagged_tracers/tagged_tracers.jl:590
┌ Warning: water tag closure residual 2.501763538802249e-5 exceeds the configured tolerance 1.0e-10 at t = 1995.0 s. The tags no longer account for the field they partition; see output/a1_dt5/output_0000/water_tag_closure.csv.
└ @ ClimaAtmos ~/git/ClimaAtmosResiDyn.jl/src/parameterized_tendencies/tagged_tracers/tagged_tracers.jl:590
┌ Warning: water tag closure residual 2.501384848161363e-5 exceeds the configured tolerance 1.0e-10 at t = 2000.0 s. The tags no longer account for the field they partition; see output/a1_dt5/output_0000/water_tag_closure.csv.
└ @ ClimaAtmos ~/git/ClimaAtmosResiDyn.jl/src/parameterized_tendencies/tagged_tracers/tagged_tracers.jl:590
┌ Warning: water tag closure residual 2.501006412115501e-5 exceeds the configured tolerance 1.0e-10 at t = 2005.0 s. The tags no longer account for the field they partition; see output/a1_dt5/output_0000/water_tag_closure.csv.
└ @ ClimaAtmos ~/git/ClimaAtmosResiDyn.jl/src/parameterized_tendencies/tagged_tracers/tagged_tracers.jl:590
┌ Warning: water tag closure residual 2.500628226370728e-5 exceeds the configured tolerance 1.0e-10 at t = 2010.0 s. The tags no longer account for the field they partition; see output/a1_dt5/output_0000/water_tag_closure.csv.
└ @ ClimaAtmos ~/git/ClimaAtmosResiDyn.jl/src/parameterized_tendencies/tagged_tracers/tagged_tracers.jl:590
┌ Warning: water tag closure residual 2.5002502919436746e-5 exceeds the configured tolerance 1.0e-10 at t = 2015.0 s. The tags no longer account for the field they partition; see output/a1_dt5/output_0000/water_tag_closure.csv.
└ @ ClimaAtmos ~/git/ClimaAtmosResiDyn.jl/src/parameterized_tendencies/tagged_tracers/tagged_tracers.jl:590
┌ Warning: water tag closure residual 2.4998726058740664e-5 exceeds the configured tolerance 1.0e-10 at t = 2020.0 s. The tags no longer account for the field they partition; see output/a1_dt5/output_0000/water_tag_closure.csv.
└ @ ClimaAtmos ~/git/ClimaAtmosResiDyn.jl/src/parameterized_tendencies/tagged_tracers/tagged_tracers.jl:590
┌ Info: Progress
│   simulation_time = "33 minutes, 40 seconds"
│   n_steps_completed = 404
│   wall_time_per_step = "6 milliseconds, 777 microseconds"
│   wall_time_total = "4 seconds, 880 milliseconds"
│   wall_time_remaining = "2 seconds, 141 milliseconds"
│   wall_time_spent = "2 seconds, 738 milliseconds"
│   percent_complete = "56.1%"
│   estimated_sypd = "2.02"
│   instantaneous_sypd = "3.339"
│   date_now = 2026-09-10T00:20:04.717
└   estimated_finish_date = 2026-09-10T00:20:07.717
┌ Warning: water tag closure residual 2.499495167686561e-5 exceeds the configured tolerance 1.0e-10 at t = 2025.0 s. The tags no longer account for the field they partition; see output/a1_dt5/output_0000/water_tag_closure.csv.
└ @ ClimaAtmos ~/git/ClimaAtmosResiDyn.jl/src/parameterized_tendencies/tagged_tracers/tagged_tracers.jl:590
┌ Warning: water tag closure residual 2.4991179756395273e-5 exceeds the configured tolerance 1.0e-10 at t = 2030.0 s. The tags no longer account for the field they partition; see output/a1_dt5/output_0000/water_tag_closure.csv.
└ @ ClimaAtmos ~/git/ClimaAtmosResiDyn.jl/src/parameterized_tendencies/tagged_tracers/tagged_tracers.jl:590
┌ Warning: water tag closure residual 2.498741028453614e-5 exceeds the configured tolerance 1.0e-10 at t = 2035.0 s. The tags no longer account for the field they partition; see output/a1_dt5/output_0000/water_tag_closure.csv.
└ @ ClimaAtmos ~/git/ClimaAtmosResiDyn.jl/src/parameterized_tendencies/tagged_tracers/tagged_tracers.jl:590
┌ Warning: water tag closure residual 2.4983643090407167e-5 exceeds the configured tolerance 1.0e-10 at t = 2040.0 s. The tags no longer account for the field they partition; see output/a1_dt5/output_0000/water_tag_closure.csv.
└ @ ClimaAtmos ~/git/ClimaAtmosResiDyn.jl/src/parameterized_tendencies/tagged_tracers/tagged_tracers.jl:590
┌ Warning: water tag closure residual 2.4979878074022312e-5 exceeds the configured tolerance 1.0e-10 at t = 2045.0 s. The tags no longer account for the field they partition; see output/a1_dt5/output_0000/water_tag_closure.csv.
└ @ ClimaAtmos ~/git/ClimaAtmosResiDyn.jl/src/parameterized_tendencies/tagged_tracers/tagged_tracers.jl:590
┌ Warning: water tag closure residual 2.497611553596319e-5 exceeds the configured tolerance 1.0e-10 at t = 2050.0 s. The tags no longer account for the field they partition; see output/a1_dt5/output_0000/water_tag_closure.csv.
└ @ ClimaAtmos ~/git/ClimaAtmosResiDyn.jl/src/parameterized_tendencies/tagged_tracers/tagged_tracers.jl:590
┌ Warning: water tag closure residual 2.4972355372787245e-5 exceeds the configured tolerance 1.0e-10 at t = 2055.0 s. The tags no longer account for the field they partition; see output/a1_dt5/output_0000/water_tag_closure.csv.
└ @ ClimaAtmos ~/git/ClimaAtmosResiDyn.jl/src/parameterized_tendencies/tagged_tracers/tagged_tracers.jl:590
┌ Warning: water tag closure residual 2.4968597595995714e-5 exceeds the configured tolerance 1.0e-10 at t = 2060.0 s. The tags no longer account for the field they partition; see output/a1_dt5/output_0000/water_tag_closure.csv.
└ @ ClimaAtmos ~/git/ClimaAtmosResiDyn.jl/src/parameterized_tendencies/tagged_tracers/tagged_tracers.jl:590
┌ Warning: water tag closure residual 2.4964842190811468e-5 exceeds the configured tolerance 1.0e-10 at t = 2065.0 s. The tags no longer account for the field they partition; see output/a1_dt5/output_0000/water_tag_closure.csv.
└ @ ClimaAtmos ~/git/ClimaAtmosResiDyn.jl/src/parameterized_tendencies/tagged_tracers/tagged_tracers.jl:590
┌ Warning: water tag closure residual 2.4961089137179958e-5 exceeds the configured tolerance 1.0e-10 at t = 2070.0 s. The tags no longer account for the field they partition; see output/a1_dt5/output_0000/water_tag_closure.csv.
└ @ ClimaAtmos ~/git/ClimaAtmosResiDyn.jl/src/parameterized_tendencies/tagged_tracers/tagged_tracers.jl:590
┌ Warning: water tag closure residual 2.495734731009459e-5 exceeds the configured tolerance 1.0e-10 at t = 2075.0 s. The tags no longer account for the field they partition; see output/a1_dt5/output_0000/water_tag_closure.csv.
└ @ ClimaAtmos ~/git/ClimaAtmosResiDyn.jl/src/parameterized_tendencies/tagged_tracers/tagged_tracers.jl:590
┌ Warning: water tag closure residual 2.4953612621003104e-5 exceeds the configured tolerance 1.0e-10 at t = 2080.0 s. The tags no longer account for the field they partition; see output/a1_dt5/output_0000/water_tag_closure.csv.
└ @ ClimaAtmos ~/git/ClimaAtmosResiDyn.jl/src/parameterized_tendencies/tagged_tracers/tagged_tracers.jl:590
┌ Warning: water tag closure residual 2.494987645704948e-5 exceeds the configured tolerance 1.0e-10 at t = 2085.0 s. The tags no longer account for the field they partition; see output/a1_dt5/output_0000/water_tag_closure.csv.
└ @ ClimaAtmos ~/git/ClimaAtmosResiDyn.jl/src/parameterized_tendencies/tagged_tracers/tagged_tracers.jl:590
┌ Warning: water tag closure residual 2.494614478610386e-5 exceeds the configured tolerance 1.0e-10 at t = 2090.0 s. The tags no longer account for the field they partition; see output/a1_dt5/output_0000/water_tag_closure.csv.
└ @ ClimaAtmos ~/git/ClimaAtmosResiDyn.jl/src/parameterized_tendencies/tagged_tracers/tagged_tracers.jl:590
┌ Warning: water tag closure residual 2.4942414328558454e-5 exceeds the configured tolerance 1.0e-10 at t = 2095.0 s. The tags no longer account for the field they partition; see output/a1_dt5/output_0000/water_tag_closure.csv.
└ @ ClimaAtmos ~/git/ClimaAtmosResiDyn.jl/src/parameterized_tendencies/tagged_tracers/tagged_tracers.jl:590
┌ Warning: water tag closure residual 2.49386865025854e-5 exceeds the configured tolerance 1.0e-10 at t = 2100.0 s. The tags no longer account for the field they partition; see output/a1_dt5/output_0000/water_tag_closure.csv.
└ @ ClimaAtmos ~/git/ClimaAtmosResiDyn.jl/src/parameterized_tendencies/tagged_tracers/tagged_tracers.jl:590
┌ Warning: water tag closure residual 2.4934960961563828e-5 exceeds the configured tolerance 1.0e-10 at t = 2105.0 s. The tags no longer account for the field they partition; see output/a1_dt5/output_0000/water_tag_closure.csv.
└ @ ClimaAtmos ~/git/ClimaAtmosResiDyn.jl/src/parameterized_tendencies/tagged_tracers/tagged_tracers.jl:590
┌ Warning: water tag closure residual 2.4931237484829713e-5 exceeds the configured tolerance 1.0e-10 at t = 2110.0 s. The tags no longer account for the field they partition; see output/a1_dt5/output_0000/water_tag_closure.csv.
└ @ ClimaAtmos ~/git/ClimaAtmosResiDyn.jl/src/parameterized_tendencies/tagged_tracers/tagged_tracers.jl:590
┌ Warning: water tag closure residual 2.4927516448652046e-5 exceeds the configured tolerance 1.0e-10 at t = 2115.0 s. The tags no longer account for the field they partition; see output/a1_dt5/output_0000/water_tag_closure.csv.
└ @ ClimaAtmos ~/git/ClimaAtmosResiDyn.jl/src/parameterized_tendencies/tagged_tracers/tagged_tracers.jl:590
┌ Warning: water tag closure residual 2.4923797466720936e-5 exceeds the configured tolerance 1.0e-10 at t = 2120.0 s. The tags no longer account for the field they partition; see output/a1_dt5/output_0000/water_tag_closure.csv.
└ @ ClimaAtmos ~/git/ClimaAtmosResiDyn.jl/src/parameterized_tendencies/tagged_tracers/tagged_tracers.jl:590
┌ Warning: water tag closure residual 2.492008080572199e-5 exceeds the configured tolerance 1.0e-10 at t = 2125.0 s. The tags no longer account for the field they partition; see output/a1_dt5/output_0000/water_tag_closure.csv.
└ @ ClimaAtmos ~/git/ClimaAtmosResiDyn.jl/src/parameterized_tendencies/tagged_tracers/tagged_tracers.jl:590
┌ Warning: water tag closure residual 2.491636628003449e-5 exceeds the configured tolerance 1.0e-10 at t = 2130.0 s. The tags no longer account for the field they partition; see output/a1_dt5/output_0000/water_tag_closure.csv.
└ @ ClimaAtmos ~/git/ClimaAtmosResiDyn.jl/src/parameterized_tendencies/tagged_tracers/tagged_tracers.jl:590
┌ Warning: water tag closure residual 2.4912653964456506e-5 exceeds the configured tolerance 1.0e-10 at t = 2135.0 s. The tags no longer account for the field they partition; see output/a1_dt5/output_0000/water_tag_closure.csv.
└ @ ClimaAtmos ~/git/ClimaAtmosResiDyn.jl/src/parameterized_tendencies/tagged_tracers/tagged_tracers.jl:590
┌ Warning: water tag closure residual 2.4908943816854057e-5 exceeds the configured tolerance 1.0e-10 at t = 2140.0 s. The tags no longer account for the field they partition; see output/a1_dt5/output_0000/water_tag_closure.csv.
└ @ ClimaAtmos ~/git/ClimaAtmosResiDyn.jl/src/parameterized_tendencies/tagged_tracers/tagged_tracers.jl:590
┌ Warning: water tag closure residual 2.490523582334514e-5 exceeds the configured tolerance 1.0e-10 at t = 2145.0 s. The tags no longer account for the field they partition; see output/a1_dt5/output_0000/water_tag_closure.csv.
└ @ ClimaAtmos ~/git/ClimaAtmosResiDyn.jl/src/parameterized_tendencies/tagged_tracers/tagged_tracers.jl:590
┌ Warning: water tag closure residual 2.4901529986126845e-5 exceeds the configured tolerance 1.0e-10 at t = 2150.0 s. The tags no longer account for the field they partition; see output/a1_dt5/output_0000/water_tag_closure.csv.
└ @ ClimaAtmos ~/git/ClimaAtmosResiDyn.jl/src/parameterized_tendencies/tagged_tracers/tagged_tracers.jl:590
┌ Warning: water tag closure residual 2.4897826276585712e-5 exceeds the configured tolerance 1.0e-10 at t = 2155.0 s. The tags no longer account for the field they partition; see output/a1_dt5/output_0000/water_tag_closure.csv.
└ @ ClimaAtmos ~/git/ClimaAtmosResiDyn.jl/src/parameterized_tendencies/tagged_tracers/tagged_tracers.jl:590
┌ Warning: water tag closure residual 2.4894124696041144e-5 exceeds the configured tolerance 1.0e-10 at t = 2160.0 s. The tags no longer account for the field they partition; see output/a1_dt5/output_0000/water_tag_closure.csv.
└ @ ClimaAtmos ~/git/ClimaAtmosResiDyn.jl/src/parameterized_tendencies/tagged_tracers/tagged_tracers.jl:590
┌ Warning: water tag closure residual 2.4890425223552974e-5 exceeds the configured tolerance 1.0e-10 at t = 2165.0 s. The tags no longer account for the field they partition; see output/a1_dt5/output_0000/water_tag_closure.csv.
└ @ ClimaAtmos ~/git/ClimaAtmosResiDyn.jl/src/parameterized_tendencies/tagged_tracers/tagged_tracers.jl:590
┌ Warning: water tag closure residual 2.48867278521138e-5 exceeds the configured tolerance 1.0e-10 at t = 2170.0 s. The tags no longer account for the field they partition; see output/a1_dt5/output_0000/water_tag_closure.csv.
└ @ ClimaAtmos ~/git/ClimaAtmosResiDyn.jl/src/parameterized_tendencies/tagged_tracers/tagged_tracers.jl:590
┌ Warning: water tag closure residual 2.4883032567476997e-5 exceeds the configured tolerance 1.0e-10 at t = 2175.0 s. The tags no longer account for the field they partition; see output/a1_dt5/output_0000/water_tag_closure.csv.
└ @ ClimaAtmos ~/git/ClimaAtmosResiDyn.jl/src/parameterized_tendencies/tagged_tracers/tagged_tracers.jl:590
┌ Warning: water tag closure residual 2.4879339358304973e-5 exceeds the configured tolerance 1.0e-10 at t = 2180.0 s. The tags no longer account for the field they partition; see output/a1_dt5/output_0000/water_tag_closure.csv.
└ @ ClimaAtmos ~/git/ClimaAtmosResiDyn.jl/src/parameterized_tendencies/tagged_tracers/tagged_tracers.jl:590
┌ Warning: water tag closure residual 2.487564821315304e-5 exceeds the configured tolerance 1.0e-10 at t = 2185.0 s. The tags no longer account for the field they partition; see output/a1_dt5/output_0000/water_tag_closure.csv.
└ @ ClimaAtmos ~/git/ClimaAtmosResiDyn.jl/src/parameterized_tendencies/tagged_tracers/tagged_tracers.jl:590
┌ Warning: water tag closure residual 2.4871959119614364e-5 exceeds the configured tolerance 1.0e-10 at t = 2190.0 s. The tags no longer account for the field they partition; see output/a1_dt5/output_0000/water_tag_closure.csv.
└ @ ClimaAtmos ~/git/ClimaAtmosResiDyn.jl/src/parameterized_tendencies/tagged_tracers/tagged_tracers.jl:590
┌ Warning: water tag closure residual 2.4868272066457375e-5 exceeds the configured tolerance 1.0e-10 at t = 2195.0 s. The tags no longer account for the field they partition; see output/a1_dt5/output_0000/water_tag_closure.csv.
└ @ ClimaAtmos ~/git/ClimaAtmosResiDyn.jl/src/parameterized_tendencies/tagged_tracers/tagged_tracers.jl:590
┌ Warning: water tag closure residual 2.486521004306063e-5 exceeds the configured tolerance 1.0e-10 at t = 2200.0 s. The tags no longer account for the field they partition; see output/a1_dt5/output_0000/water_tag_closure.csv.
└ @ ClimaAtmos ~/git/ClimaAtmosResiDyn.jl/src/parameterized_tendencies/tagged_tracers/tagged_tracers.jl:590
┌ Warning: water tag closure residual 2.4862277395281353e-5 exceeds the configured tolerance 1.0e-10 at t = 2205.0 s. The tags no longer account for the field they partition; see output/a1_dt5/output_0000/water_tag_closure.csv.
└ @ ClimaAtmos ~/git/ClimaAtmosResiDyn.jl/src/parameterized_tendencies/tagged_tracers/tagged_tracers.jl:590
┌ Info: Progress
│   simulation_time = "36 minutes, 45 seconds"
│   n_steps_completed = 441
│   wall_time_per_step = "6 milliseconds, 553 microseconds"
│   wall_time_total = "4 seconds, 718 milliseconds"
│   wall_time_remaining = "1 second, 828 milliseconds"
│   wall_time_spent = "2 seconds, 889 milliseconds"
│   percent_complete = "61.3%"
│   estimated_sypd = "2.089"
│   instantaneous_sypd = "3.34"
│   date_now = 2026-09-10T00:20:04.869
└   estimated_finish_date = 2026-09-10T00:20:06.869
┌ Warning: water tag closure residual 2.4859346450315295e-5 exceeds the configured tolerance 1.0e-10 at t = 2210.0 s. The tags no longer account for the field they partition; see output/a1_dt5/output_0000/water_tag_closure.csv.
└ @ ClimaAtmos ~/git/ClimaAtmosResiDyn.jl/src/parameterized_tendencies/tagged_tracers/tagged_tracers.jl:590
┌ Warning: water tag closure residual 2.485641719164355e-5 exceeds the configured tolerance 1.0e-10 at t = 2215.0 s. The tags no longer account for the field they partition; see output/a1_dt5/output_0000/water_tag_closure.csv.
└ @ ClimaAtmos ~/git/ClimaAtmosResiDyn.jl/src/parameterized_tendencies/tagged_tracers/tagged_tracers.jl:590
┌ Warning: water tag closure residual 2.4853489602602273e-5 exceeds the configured tolerance 1.0e-10 at t = 2220.0 s. The tags no longer account for the field they partition; see output/a1_dt5/output_0000/water_tag_closure.csv.
└ @ ClimaAtmos ~/git/ClimaAtmosResiDyn.jl/src/parameterized_tendencies/tagged_tracers/tagged_tracers.jl:590
┌ Warning: water tag closure residual 2.485056366687399e-5 exceeds the configured tolerance 1.0e-10 at t = 2225.0 s. The tags no longer account for the field they partition; see output/a1_dt5/output_0000/water_tag_closure.csv.
└ @ ClimaAtmos ~/git/ClimaAtmosResiDyn.jl/src/parameterized_tendencies/tagged_tracers/tagged_tracers.jl:590
┌ Warning: water tag closure residual 2.484763936802076e-5 exceeds the configured tolerance 1.0e-10 at t = 2230.0 s. The tags no longer account for the field they partition; see output/a1_dt5/output_0000/water_tag_closure.csv.
└ @ ClimaAtmos ~/git/ClimaAtmosResiDyn.jl/src/parameterized_tendencies/tagged_tracers/tagged_tracers.jl:590
┌ Warning: water tag closure residual 2.484471668956878e-5 exceeds the configured tolerance 1.0e-10 at t = 2235.0 s. The tags no longer account for the field they partition; see output/a1_dt5/output_0000/water_tag_closure.csv.
└ @ ClimaAtmos ~/git/ClimaAtmosResiDyn.jl/src/parameterized_tendencies/tagged_tracers/tagged_tracers.jl:590
┌ Warning: water tag closure residual 2.4841795615325004e-5 exceeds the configured tolerance 1.0e-10 at t = 2240.0 s. The tags no longer account for the field they partition; see output/a1_dt5/output_0000/water_tag_closure.csv.
└ @ ClimaAtmos ~/git/ClimaAtmosResiDyn.jl/src/parameterized_tendencies/tagged_tracers/tagged_tracers.jl:590
┌ Warning: water tag closure residual 2.483887612898011e-5 exceeds the configured tolerance 1.0e-10 at t = 2245.0 s. The tags no longer account for the field they partition; see output/a1_dt5/output_0000/water_tag_closure.csv.
└ @ ClimaAtmos ~/git/ClimaAtmosResiDyn.jl/src/parameterized_tendencies/tagged_tracers/tagged_tracers.jl:590
┌ Warning: water tag closure residual 2.4835958214336943e-5 exceeds the configured tolerance 1.0e-10 at t = 2250.0 s. The tags no longer account for the field they partition; see output/a1_dt5/output_0000/water_tag_closure.csv.
└ @ ClimaAtmos ~/git/ClimaAtmosResiDyn.jl/src/parameterized_tendencies/tagged_tracers/tagged_tracers.jl:590
┌ Warning: water tag closure residual 2.483304185502074e-5 exceeds the configured tolerance 1.0e-10 at t = 2255.0 s. The tags no longer account for the field they partition; see output/a1_dt5/output_0000/water_tag_closure.csv.
└ @ ClimaAtmos ~/git/ClimaAtmosResiDyn.jl/src/parameterized_tendencies/tagged_tracers/tagged_tracers.jl:590
┌ Warning: water tag closure residual 2.48301270352051e-5 exceeds the configured tolerance 1.0e-10 at t = 2260.0 s. The tags no longer account for the field they partition; see output/a1_dt5/output_0000/water_tag_closure.csv.
└ @ ClimaAtmos ~/git/ClimaAtmosResiDyn.jl/src/parameterized_tendencies/tagged_tracers/tagged_tracers.jl:590
┌ Warning: water tag closure residual 2.4827213738676502e-5 exceeds the configured tolerance 1.0e-10 at t = 2265.0 s. The tags no longer account for the field they partition; see output/a1_dt5/output_0000/water_tag_closure.csv.
└ @ ClimaAtmos ~/git/ClimaAtmosResiDyn.jl/src/parameterized_tendencies/tagged_tracers/tagged_tracers.jl:590
┌ Warning: water tag closure residual 2.482430194952243e-5 exceeds the configured tolerance 1.0e-10 at t = 2270.0 s. The tags no longer account for the field they partition; see output/a1_dt5/output_0000/water_tag_closure.csv.
└ @ ClimaAtmos ~/git/ClimaAtmosResiDyn.jl/src/parameterized_tendencies/tagged_tracers/tagged_tracers.jl:590
┌ Warning: water tag closure residual 2.4821391651904533e-5 exceeds the configured tolerance 1.0e-10 at t = 2275.0 s. The tags no longer account for the field they partition; see output/a1_dt5/output_0000/water_tag_closure.csv.
└ @ ClimaAtmos ~/git/ClimaAtmosResiDyn.jl/src/parameterized_tendencies/tagged_tracers/tagged_tracers.jl:590
┌ Warning: water tag closure residual 2.481848282969461e-5 exceeds the configured tolerance 1.0e-10 at t = 2280.0 s. The tags no longer account for the field they partition; see output/a1_dt5/output_0000/water_tag_closure.csv.
└ @ ClimaAtmos ~/git/ClimaAtmosResiDyn.jl/src/parameterized_tendencies/tagged_tracers/tagged_tracers.jl:590
┌ Warning: water tag closure residual 2.481557535707777e-5 exceeds the configured tolerance 1.0e-10 at t = 2285.0 s. The tags no longer account for the field they partition; see output/a1_dt5/output_0000/water_tag_closure.csv.
└ @ ClimaAtmos ~/git/ClimaAtmosResiDyn.jl/src/parameterized_tendencies/tagged_tracers/tagged_tracers.jl:590
┌ Warning: water tag closure residual 2.481266922217361e-5 exceeds the configured tolerance 1.0e-10 at t = 2290.0 s. The tags no longer account for the field they partition; see output/a1_dt5/output_0000/water_tag_closure.csv.
└ @ ClimaAtmos ~/git/ClimaAtmosResiDyn.jl/src/parameterized_tendencies/tagged_tracers/tagged_tracers.jl:590
┌ Warning: water tag closure residual 2.4809764509975758e-5 exceeds the configured tolerance 1.0e-10 at t = 2295.0 s. The tags no longer account for the field they partition; see output/a1_dt5/output_0000/water_tag_closure.csv.
└ @ ClimaAtmos ~/git/ClimaAtmosResiDyn.jl/src/parameterized_tendencies/tagged_tracers/tagged_tracers.jl:590
┌ Warning: water tag closure residual 2.480686118301363e-5 exceeds the configured tolerance 1.0e-10 at t = 2300.0 s. The tags no longer account for the field they partition; see output/a1_dt5/output_0000/water_tag_closure.csv.
└ @ ClimaAtmos ~/git/ClimaAtmosResiDyn.jl/src/parameterized_tendencies/tagged_tracers/tagged_tracers.jl:590
┌ Warning: water tag closure residual 2.4803959231826852e-5 exceeds the configured tolerance 1.0e-10 at t = 2305.0 s. The tags no longer account for the field they partition; see output/a1_dt5/output_0000/water_tag_closure.csv.
└ @ ClimaAtmos ~/git/ClimaAtmosResiDyn.jl/src/parameterized_tendencies/tagged_tracers/tagged_tracers.jl:590
┌ Warning: water tag closure residual 2.4801058717126835e-5 exceeds the configured tolerance 1.0e-10 at t = 2310.0 s. The tags no longer account for the field they partition; see output/a1_dt5/output_0000/water_tag_closure.csv.
└ @ ClimaAtmos ~/git/ClimaAtmosResiDyn.jl/src/parameterized_tendencies/tagged_tracers/tagged_tracers.jl:590
┌ Warning: water tag closure residual 2.479815972064106e-5 exceeds the configured tolerance 1.0e-10 at t = 2315.0 s. The tags no longer account for the field they partition; see output/a1_dt5/output_0000/water_tag_closure.csv.
└ @ ClimaAtmos ~/git/ClimaAtmosResiDyn.jl/src/parameterized_tendencies/tagged_tracers/tagged_tracers.jl:590
┌ Warning: water tag closure residual 2.4795262207852828e-5 exceeds the configured tolerance 1.0e-10 at t = 2320.0 s. The tags no longer account for the field they partition; see output/a1_dt5/output_0000/water_tag_closure.csv.
└ @ ClimaAtmos ~/git/ClimaAtmosResiDyn.jl/src/parameterized_tendencies/tagged_tracers/tagged_tracers.jl:590
┌ Warning: water tag closure residual 2.479236615787451e-5 exceeds the configured tolerance 1.0e-10 at t = 2325.0 s. The tags no longer account for the field they partition; see output/a1_dt5/output_0000/water_tag_closure.csv.
└ @ ClimaAtmos ~/git/ClimaAtmosResiDyn.jl/src/parameterized_tendencies/tagged_tracers/tagged_tracers.jl:590
┌ Warning: water tag closure residual 2.4789471215512356e-5 exceeds the configured tolerance 1.0e-10 at t = 2330.0 s. The tags no longer account for the field they partition; see output/a1_dt5/output_0000/water_tag_closure.csv.
└ @ ClimaAtmos ~/git/ClimaAtmosResiDyn.jl/src/parameterized_tendencies/tagged_tracers/tagged_tracers.jl:590
┌ Warning: water tag closure residual 2.478657764775846e-5 exceeds the configured tolerance 1.0e-10 at t = 2335.0 s. The tags no longer account for the field they partition; see output/a1_dt5/output_0000/water_tag_closure.csv.
└ @ ClimaAtmos ~/git/ClimaAtmosResiDyn.jl/src/parameterized_tendencies/tagged_tracers/tagged_tracers.jl:590
┌ Warning: water tag closure residual 2.4783685550079595e-5 exceeds the configured tolerance 1.0e-10 at t = 2340.0 s. The tags no longer account for the field they partition; see output/a1_dt5/output_0000/water_tag_closure.csv.
└ @ ClimaAtmos ~/git/ClimaAtmosResiDyn.jl/src/parameterized_tendencies/tagged_tracers/tagged_tracers.jl:590
┌ Warning: water tag closure residual 2.4780794798897436e-5 exceeds the configured tolerance 1.0e-10 at t = 2345.0 s. The tags no longer account for the field they partition; see output/a1_dt5/output_0000/water_tag_closure.csv.
└ @ ClimaAtmos ~/git/ClimaAtmosResiDyn.jl/src/parameterized_tendencies/tagged_tracers/tagged_tracers.jl:590
┌ Warning: water tag closure residual 2.477790544230267e-5 exceeds the configured tolerance 1.0e-10 at t = 2350.0 s. The tags no longer account for the field they partition; see output/a1_dt5/output_0000/water_tag_closure.csv.
└ @ ClimaAtmos ~/git/ClimaAtmosResiDyn.jl/src/parameterized_tendencies/tagged_tracers/tagged_tracers.jl:590
┌ Warning: water tag closure residual 2.477501742373067e-5 exceeds the configured tolerance 1.0e-10 at t = 2355.0 s. The tags no longer account for the field they partition; see output/a1_dt5/output_0000/water_tag_closure.csv.
└ @ ClimaAtmos ~/git/ClimaAtmosResiDyn.jl/src/parameterized_tendencies/tagged_tracers/tagged_tracers.jl:590
┌ Warning: water tag closure residual 2.4772130741808743e-5 exceeds the configured tolerance 1.0e-10 at t = 2360.0 s. The tags no longer account for the field they partition; see output/a1_dt5/output_0000/water_tag_closure.csv.
└ @ ClimaAtmos ~/git/ClimaAtmosResiDyn.jl/src/parameterized_tendencies/tagged_tracers/tagged_tracers.jl:590
┌ Warning: water tag closure residual 2.476924537349686e-5 exceeds the configured tolerance 1.0e-10 at t = 2365.0 s. The tags no longer account for the field they partition; see output/a1_dt5/output_0000/water_tag_closure.csv.
└ @ ClimaAtmos ~/git/ClimaAtmosResiDyn.jl/src/parameterized_tendencies/tagged_tracers/tagged_tracers.jl:590
┌ Warning: water tag closure residual 2.4766361298284015e-5 exceeds the configured tolerance 1.0e-10 at t = 2370.0 s. The tags no longer account for the field they partition; see output/a1_dt5/output_0000/water_tag_closure.csv.
└ @ ClimaAtmos ~/git/ClimaAtmosResiDyn.jl/src/parameterized_tendencies/tagged_tracers/tagged_tracers.jl:590
┌ Warning: water tag closure residual 2.4763478502194695e-5 exceeds the configured tolerance 1.0e-10 at t = 2375.0 s. The tags no longer account for the field they partition; see output/a1_dt5/output_0000/water_tag_closure.csv.
└ @ ClimaAtmos ~/git/ClimaAtmosResiDyn.jl/src/parameterized_tendencies/tagged_tracers/tagged_tracers.jl:590
┌ Warning: water tag closure residual 2.4760596962827468e-5 exceeds the configured tolerance 1.0e-10 at t = 2380.0 s. The tags no longer account for the field they partition; see output/a1_dt5/output_0000/water_tag_closure.csv.
└ @ ClimaAtmos ~/git/ClimaAtmosResiDyn.jl/src/parameterized_tendencies/tagged_tracers/tagged_tracers.jl:590
┌ Warning: water tag closure residual 2.4757716665131282e-5 exceeds the configured tolerance 1.0e-10 at t = 2385.0 s. The tags no longer account for the field they partition; see output/a1_dt5/output_0000/water_tag_closure.csv.
└ @ ClimaAtmos ~/git/ClimaAtmosResiDyn.jl/src/parameterized_tendencies/tagged_tracers/tagged_tracers.jl:590
┌ Warning: water tag closure residual 2.475483758894063e-5 exceeds the configured tolerance 1.0e-10 at t = 2390.0 s. The tags no longer account for the field they partition; see output/a1_dt5/output_0000/water_tag_closure.csv.
└ @ ClimaAtmos ~/git/ClimaAtmosResiDyn.jl/src/parameterized_tendencies/tagged_tracers/tagged_tracers.jl:590
┌ Info: Progress
│   simulation_time = "39 minutes, 50 seconds"
│   n_steps_completed = 478
│   wall_time_per_step = "6 milliseconds, 352 microseconds"
│   wall_time_total = "4 seconds, 573 milliseconds"
│   wall_time_remaining = "1 second, 537 milliseconds"
│   wall_time_spent = "3 seconds, 36 milliseconds"
│   percent_complete = "66.4%"
│   estimated_sypd = "2.155"
│   instantaneous_sypd = "3.456"
│   date_now = 2026-09-10T00:20:05.016
└   estimated_finish_date = 2026-09-10T00:20:07.016
┌ Warning: water tag closure residual 2.475195971751132e-5 exceeds the configured tolerance 1.0e-10 at t = 2395.0 s. The tags no longer account for the field they partition; see output/a1_dt5/output_0000/water_tag_closure.csv.
└ @ ClimaAtmos ~/git/ClimaAtmosResiDyn.jl/src/parameterized_tendencies/tagged_tracers/tagged_tracers.jl:590
┌ Warning: water tag closure residual 2.4749083032547045e-5 exceeds the configured tolerance 1.0e-10 at t = 2400.0 s. The tags no longer account for the field they partition; see output/a1_dt5/output_0000/water_tag_closure.csv.
└ @ ClimaAtmos ~/git/ClimaAtmosResiDyn.jl/src/parameterized_tendencies/tagged_tracers/tagged_tracers.jl:590
┌ Warning: water tag closure residual 2.474620751607699e-5 exceeds the configured tolerance 1.0e-10 at t = 2405.0 s. The tags no longer account for the field they partition; see output/a1_dt5/output_0000/water_tag_closure.csv.
└ @ ClimaAtmos ~/git/ClimaAtmosResiDyn.jl/src/parameterized_tendencies/tagged_tracers/tagged_tracers.jl:590
┌ Warning: water tag closure residual 2.4743333150753953e-5 exceeds the configured tolerance 1.0e-10 at t = 2410.0 s. The tags no longer account for the field they partition; see output/a1_dt5/output_0000/water_tag_closure.csv.
└ @ ClimaAtmos ~/git/ClimaAtmosResiDyn.jl/src/parameterized_tendencies/tagged_tracers/tagged_tracers.jl:590
┌ Warning: water tag closure residual 2.4740459918621064e-5 exceeds the configured tolerance 1.0e-10 at t = 2415.0 s. The tags no longer account for the field they partition; see output/a1_dt5/output_0000/water_tag_closure.csv.
└ @ ClimaAtmos ~/git/ClimaAtmosResiDyn.jl/src/parameterized_tendencies/tagged_tracers/tagged_tracers.jl:590
┌ Warning: water tag closure residual 2.4737587802415896e-5 exceeds the configured tolerance 1.0e-10 at t = 2420.0 s. The tags no longer account for the field they partition; see output/a1_dt5/output_0000/water_tag_closure.csv.
└ @ ClimaAtmos ~/git/ClimaAtmosResiDyn.jl/src/parameterized_tendencies/tagged_tracers/tagged_tracers.jl:590
┌ Warning: water tag closure residual 2.4734716784633364e-5 exceeds the configured tolerance 1.0e-10 at t = 2425.0 s. The tags no longer account for the field they partition; see output/a1_dt5/output_0000/water_tag_closure.csv.
└ @ ClimaAtmos ~/git/ClimaAtmosResiDyn.jl/src/parameterized_tendencies/tagged_tracers/tagged_tracers.jl:590
┌ Warning: water tag closure residual 2.4731846847888083e-5 exceeds the configured tolerance 1.0e-10 at t = 2430.0 s. The tags no longer account for the field they partition; see output/a1_dt5/output_0000/water_tag_closure.csv.
└ @ ClimaAtmos ~/git/ClimaAtmosResiDyn.jl/src/parameterized_tendencies/tagged_tracers/tagged_tracers.jl:590
┌ Warning: water tag closure residual 2.472897797481098e-5 exceeds the configured tolerance 1.0e-10 at t = 2435.0 s. The tags no longer account for the field they partition; see output/a1_dt5/output_0000/water_tag_closure.csv.
└ @ ClimaAtmos ~/git/ClimaAtmosResiDyn.jl/src/parameterized_tendencies/tagged_tracers/tagged_tracers.jl:590
┌ Warning: water tag closure residual 2.4726110148478212e-5 exceeds the configured tolerance 1.0e-10 at t = 2440.0 s. The tags no longer account for the field they partition; see output/a1_dt5/output_0000/water_tag_closure.csv.
└ @ ClimaAtmos ~/git/ClimaAtmosResiDyn.jl/src/parameterized_tendencies/tagged_tracers/tagged_tracers.jl:590
┌ Warning: water tag closure residual 2.4723243351650043e-5 exceeds the configured tolerance 1.0e-10 at t = 2445.0 s. The tags no longer account for the field they partition; see output/a1_dt5/output_0000/water_tag_closure.csv.
└ @ ClimaAtmos ~/git/ClimaAtmosResiDyn.jl/src/parameterized_tendencies/tagged_tracers/tagged_tracers.jl:590
┌ Warning: water tag closure residual 2.4720377567235486e-5 exceeds the configured tolerance 1.0e-10 at t = 2450.0 s. The tags no longer account for the field they partition; see output/a1_dt5/output_0000/water_tag_closure.csv.
└ @ ClimaAtmos ~/git/ClimaAtmosResiDyn.jl/src/parameterized_tendencies/tagged_tracers/tagged_tracers.jl:590
┌ Warning: water tag closure residual 2.4717512778435223e-5 exceeds the configured tolerance 1.0e-10 at t = 2455.0 s. The tags no longer account for the field they partition; see output/a1_dt5/output_0000/water_tag_closure.csv.
└ @ ClimaAtmos ~/git/ClimaAtmosResiDyn.jl/src/parameterized_tendencies/tagged_tracers/tagged_tracers.jl:590
┌ Warning: water tag closure residual 2.4714648968093258e-5 exceeds the configured tolerance 1.0e-10 at t = 2460.0 s. The tags no longer account for the field they partition; see output/a1_dt5/output_0000/water_tag_closure.csv.
└ @ ClimaAtmos ~/git/ClimaAtmosResiDyn.jl/src/parameterized_tendencies/tagged_tracers/tagged_tracers.jl:590
┌ Warning: water tag closure residual 2.4711786119861343e-5 exceeds the configured tolerance 1.0e-10 at t = 2465.0 s. The tags no longer account for the field they partition; see output/a1_dt5/output_0000/water_tag_closure.csv.
└ @ ClimaAtmos ~/git/ClimaAtmosResiDyn.jl/src/parameterized_tendencies/tagged_tracers/tagged_tracers.jl:590
┌ Warning: water tag closure residual 2.470892421674386e-5 exceeds the configured tolerance 1.0e-10 at t = 2470.0 s. The tags no longer account for the field they partition; see output/a1_dt5/output_0000/water_tag_closure.csv.
└ @ ClimaAtmos ~/git/ClimaAtmosResiDyn.jl/src/parameterized_tendencies/tagged_tracers/tagged_tracers.jl:590
┌ Warning: water tag closure residual 2.4706063242423228e-5 exceeds the configured tolerance 1.0e-10 at t = 2475.0 s. The tags no longer account for the field they partition; see output/a1_dt5/output_0000/water_tag_closure.csv.
└ @ ClimaAtmos ~/git/ClimaAtmosResiDyn.jl/src/parameterized_tendencies/tagged_tracers/tagged_tracers.jl:590
┌ Warning: water tag closure residual 2.4703203180178432e-5 exceeds the configured tolerance 1.0e-10 at t = 2480.0 s. The tags no longer account for the field they partition; see output/a1_dt5/output_0000/water_tag_closure.csv.
└ @ ClimaAtmos ~/git/ClimaAtmosResiDyn.jl/src/parameterized_tendencies/tagged_tracers/tagged_tracers.jl:590
┌ Warning: water tag closure residual 2.4700344013540186e-5 exceeds the configured tolerance 1.0e-10 at t = 2485.0 s. The tags no longer account for the field they partition; see output/a1_dt5/output_0000/water_tag_closure.csv.
└ @ ClimaAtmos ~/git/ClimaAtmosResiDyn.jl/src/parameterized_tendencies/tagged_tracers/tagged_tracers.jl:590
┌ Warning: water tag closure residual 2.4697485726229892e-5 exceeds the configured tolerance 1.0e-10 at t = 2490.0 s. The tags no longer account for the field they partition; see output/a1_dt5/output_0000/water_tag_closure.csv.
└ @ ClimaAtmos ~/git/ClimaAtmosResiDyn.jl/src/parameterized_tendencies/tagged_tracers/tagged_tracers.jl:590
┌ Warning: water tag closure residual 2.4694628302037325e-5 exceeds the configured tolerance 1.0e-10 at t = 2495.0 s. The tags no longer account for the field they partition; see output/a1_dt5/output_0000/water_tag_closure.csv.
└ @ ClimaAtmos ~/git/ClimaAtmosResiDyn.jl/src/parameterized_tendencies/tagged_tracers/tagged_tracers.jl:590
┌ Warning: water tag closure residual 2.4691771724598187e-5 exceeds the configured tolerance 1.0e-10 at t = 2500.0 s. The tags no longer account for the field they partition; see output/a1_dt5/output_0000/water_tag_closure.csv.
└ @ ClimaAtmos ~/git/ClimaAtmosResiDyn.jl/src/parameterized_tendencies/tagged_tracers/tagged_tracers.jl:590
┌ Warning: water tag closure residual 2.4688915977872952e-5 exceeds the configured tolerance 1.0e-10 at t = 2505.0 s. The tags no longer account for the field they partition; see output/a1_dt5/output_0000/water_tag_closure.csv.
└ @ ClimaAtmos ~/git/ClimaAtmosResiDyn.jl/src/parameterized_tendencies/tagged_tracers/tagged_tracers.jl:590
┌ Warning: water tag closure residual 2.4686061045718997e-5 exceeds the configured tolerance 1.0e-10 at t = 2510.0 s. The tags no longer account for the field they partition; see output/a1_dt5/output_0000/water_tag_closure.csv.
└ @ ClimaAtmos ~/git/ClimaAtmosResiDyn.jl/src/parameterized_tendencies/tagged_tracers/tagged_tracers.jl:590
┌ Warning: water tag closure residual 2.4683206912231388e-5 exceeds the configured tolerance 1.0e-10 at t = 2515.0 s. The tags no longer account for the field they partition; see output/a1_dt5/output_0000/water_tag_closure.csv.
└ @ ClimaAtmos ~/git/ClimaAtmosResiDyn.jl/src/parameterized_tendencies/tagged_tracers/tagged_tracers.jl:590
┌ Warning: water tag closure residual 2.4680353561556488e-5 exceeds the configured tolerance 1.0e-10 at t = 2520.0 s. The tags no longer account for the field they partition; see output/a1_dt5/output_0000/water_tag_closure.csv.
└ @ ClimaAtmos ~/git/ClimaAtmosResiDyn.jl/src/parameterized_tendencies/tagged_tracers/tagged_tracers.jl:590
┌ Warning: water tag closure residual 2.467759216688781e-5 exceeds the configured tolerance 1.0e-10 at t = 2525.0 s. The tags no longer account for the field they partition; see output/a1_dt5/output_0000/water_tag_closure.csv.
└ @ ClimaAtmos ~/git/ClimaAtmosResiDyn.jl/src/parameterized_tendencies/tagged_tracers/tagged_tracers.jl:590
┌ Warning: water tag closure residual 2.4675096279518883e-5 exceeds the configured tolerance 1.0e-10 at t = 2530.0 s. The tags no longer account for the field they partition; see output/a1_dt5/output_0000/water_tag_closure.csv.
└ @ ClimaAtmos ~/git/ClimaAtmosResiDyn.jl/src/parameterized_tendencies/tagged_tracers/tagged_tracers.jl:590
┌ Warning: water tag closure residual 2.4672601165420176e-5 exceeds the configured tolerance 1.0e-10 at t = 2535.0 s. The tags no longer account for the field they partition; see output/a1_dt5/output_0000/water_tag_closure.csv.
└ @ ClimaAtmos ~/git/ClimaAtmosResiDyn.jl/src/parameterized_tendencies/tagged_tracers/tagged_tracers.jl:590
┌ Warning: water tag closure residual 2.4670106808897775e-5 exceeds the configured tolerance 1.0e-10 at t = 2540.0 s. The tags no longer account for the field they partition; see output/a1_dt5/output_0000/water_tag_closure.csv.
└ @ ClimaAtmos ~/git/ClimaAtmosResiDyn.jl/src/parameterized_tendencies/tagged_tracers/tagged_tracers.jl:590
┌ Warning: water tag closure residual 2.466761319442625e-5 exceeds the configured tolerance 1.0e-10 at t = 2545.0 s. The tags no longer account for the field they partition; see output/a1_dt5/output_0000/water_tag_closure.csv.
└ @ ClimaAtmos ~/git/ClimaAtmosResiDyn.jl/src/parameterized_tendencies/tagged_tracers/tagged_tracers.jl:590
┌ Warning: water tag closure residual 2.4665120306527292e-5 exceeds the configured tolerance 1.0e-10 at t = 2550.0 s. The tags no longer account for the field they partition; see output/a1_dt5/output_0000/water_tag_closure.csv.
└ @ ClimaAtmos ~/git/ClimaAtmosResiDyn.jl/src/parameterized_tendencies/tagged_tracers/tagged_tracers.jl:590
┌ Warning: water tag closure residual 2.46626281295348e-5 exceeds the configured tolerance 1.0e-10 at t = 2555.0 s. The tags no longer account for the field they partition; see output/a1_dt5/output_0000/water_tag_closure.csv.
└ @ ClimaAtmos ~/git/ClimaAtmosResiDyn.jl/src/parameterized_tendencies/tagged_tracers/tagged_tracers.jl:590
┌ Warning: water tag closure residual 2.466013664820486e-5 exceeds the configured tolerance 1.0e-10 at t = 2560.0 s. The tags no longer account for the field they partition; see output/a1_dt5/output_0000/water_tag_closure.csv.
└ @ ClimaAtmos ~/git/ClimaAtmosResiDyn.jl/src/parameterized_tendencies/tagged_tracers/tagged_tracers.jl:590
┌ Info: Progress
│   simulation_time = "42 minutes, 40 seconds"
│   n_steps_completed = 512
│   wall_time_per_step = "6 milliseconds, 209 microseconds"
│   wall_time_total = "4 seconds, 470 milliseconds"
│   wall_time_remaining = "1 second, 291 milliseconds"
│   wall_time_spent = "3 seconds, 179 milliseconds"
│   percent_complete = "71.1%"
│   estimated_sypd = "2.205"
│   instantaneous_sypd = "3.264"
│   date_now = 2026-09-10T00:20:05.158
└   estimated_finish_date = 2026-09-10T00:20:07.158
┌ Warning: water tag closure residual 2.4657645847309408e-5 exceeds the configured tolerance 1.0e-10 at t = 2565.0 s. The tags no longer account for the field they partition; see output/a1_dt5/output_0000/water_tag_closure.csv.
└ @ ClimaAtmos ~/git/ClimaAtmosResiDyn.jl/src/parameterized_tendencies/tagged_tracers/tagged_tracers.jl:590
┌ Warning: water tag closure residual 2.4655155711461524e-5 exceeds the configured tolerance 1.0e-10 at t = 2570.0 s. The tags no longer account for the field they partition; see output/a1_dt5/output_0000/water_tag_closure.csv.
└ @ ClimaAtmos ~/git/ClimaAtmosResiDyn.jl/src/parameterized_tendencies/tagged_tracers/tagged_tracers.jl:590
┌ Warning: water tag closure residual 2.465266622552072e-5 exceeds the configured tolerance 1.0e-10 at t = 2575.0 s. The tags no longer account for the field they partition; see output/a1_dt5/output_0000/water_tag_closure.csv.
└ @ ClimaAtmos ~/git/ClimaAtmosResiDyn.jl/src/parameterized_tendencies/tagged_tracers/tagged_tracers.jl:590
┌ Warning: water tag closure residual 2.4650177374398734e-5 exceeds the configured tolerance 1.0e-10 at t = 2580.0 s. The tags no longer account for the field they partition; see output/a1_dt5/output_0000/water_tag_closure.csv.
└ @ ClimaAtmos ~/git/ClimaAtmosResiDyn.jl/src/parameterized_tendencies/tagged_tracers/tagged_tracers.jl:590
┌ Warning: water tag closure residual 2.4647689143087915e-5 exceeds the configured tolerance 1.0e-10 at t = 2585.0 s. The tags no longer account for the field they partition; see output/a1_dt5/output_0000/water_tag_closure.csv.
└ @ ClimaAtmos ~/git/ClimaAtmosResiDyn.jl/src/parameterized_tendencies/tagged_tracers/tagged_tracers.jl:590
┌ Warning: water tag closure residual 2.464520151668354e-5 exceeds the configured tolerance 1.0e-10 at t = 2590.0 s. The tags no longer account for the field they partition; see output/a1_dt5/output_0000/water_tag_closure.csv.
└ @ ClimaAtmos ~/git/ClimaAtmosResiDyn.jl/src/parameterized_tendencies/tagged_tracers/tagged_tracers.jl:590
┌ Warning: water tag closure residual 2.464271448009075e-5 exceeds the configured tolerance 1.0e-10 at t = 2595.0 s. The tags no longer account for the field they partition; see output/a1_dt5/output_0000/water_tag_closure.csv.
└ @ ClimaAtmos ~/git/ClimaAtmosResiDyn.jl/src/parameterized_tendencies/tagged_tracers/tagged_tracers.jl:590
┌ Warning: water tag closure residual 2.464022801864006e-5 exceeds the configured tolerance 1.0e-10 at t = 2600.0 s. The tags no longer account for the field they partition; see output/a1_dt5/output_0000/water_tag_closure.csv.
└ @ ClimaAtmos ~/git/ClimaAtmosResiDyn.jl/src/parameterized_tendencies/tagged_tracers/tagged_tracers.jl:590
┌ Warning: water tag closure residual 2.463774211745921e-5 exceeds the configured tolerance 1.0e-10 at t = 2605.0 s. The tags no longer account for the field they partition; see output/a1_dt5/output_0000/water_tag_closure.csv.
└ @ ClimaAtmos ~/git/ClimaAtmosResiDyn.jl/src/parameterized_tendencies/tagged_tracers/tagged_tracers.jl:590
┌ Warning: water tag closure residual 2.4635256762038525e-5 exceeds the configured tolerance 1.0e-10 at t = 2610.0 s. The tags no longer account for the field they partition; see output/a1_dt5/output_0000/water_tag_closure.csv.
└ @ ClimaAtmos ~/git/ClimaAtmosResiDyn.jl/src/parameterized_tendencies/tagged_tracers/tagged_tracers.jl:590
┌ Warning: water tag closure residual 2.4632771937445007e-5 exceeds the configured tolerance 1.0e-10 at t = 2615.0 s. The tags no longer account for the field they partition; see output/a1_dt5/output_0000/water_tag_closure.csv.
└ @ ClimaAtmos ~/git/ClimaAtmosResiDyn.jl/src/parameterized_tendencies/tagged_tracers/tagged_tracers.jl:590
┌ Warning: water tag closure residual 2.4630287629320406e-5 exceeds the configured tolerance 1.0e-10 at t = 2620.0 s. The tags no longer account for the field they partition; see output/a1_dt5/output_0000/water_tag_closure.csv.
└ @ ClimaAtmos ~/git/ClimaAtmosResiDyn.jl/src/parameterized_tendencies/tagged_tracers/tagged_tracers.jl:590
┌ Warning: water tag closure residual 2.4627803823053627e-5 exceeds the configured tolerance 1.0e-10 at t = 2625.0 s. The tags no longer account for the field they partition; see output/a1_dt5/output_0000/water_tag_closure.csv.
└ @ ClimaAtmos ~/git/ClimaAtmosResiDyn.jl/src/parameterized_tendencies/tagged_tracers/tagged_tracers.jl:590
┌ Warning: water tag closure residual 2.4625320504366406e-5 exceeds the configured tolerance 1.0e-10 at t = 2630.0 s. The tags no longer account for the field they partition; see output/a1_dt5/output_0000/water_tag_closure.csv.
└ @ ClimaAtmos ~/git/ClimaAtmosResiDyn.jl/src/parameterized_tendencies/tagged_tracers/tagged_tracers.jl:590
┌ Warning: water tag closure residual 2.4622837658791047e-5 exceeds the configured tolerance 1.0e-10 at t = 2635.0 s. The tags no longer account for the field they partition; see output/a1_dt5/output_0000/water_tag_closure.csv.
└ @ ClimaAtmos ~/git/ClimaAtmosResiDyn.jl/src/parameterized_tendencies/tagged_tracers/tagged_tracers.jl:590
┌ Warning: water tag closure residual 2.4620355271979477e-5 exceeds the configured tolerance 1.0e-10 at t = 2640.0 s. The tags no longer account for the field they partition; see output/a1_dt5/output_0000/water_tag_closure.csv.
└ @ ClimaAtmos ~/git/ClimaAtmosResiDyn.jl/src/parameterized_tendencies/tagged_tracers/tagged_tracers.jl:590
┌ Warning: water tag closure residual 2.4617873329836303e-5 exceeds the configured tolerance 1.0e-10 at t = 2645.0 s. The tags no longer account for the field they partition; see output/a1_dt5/output_0000/water_tag_closure.csv.
└ @ ClimaAtmos ~/git/ClimaAtmosResiDyn.jl/src/parameterized_tendencies/tagged_tracers/tagged_tracers.jl:590
┌ Warning: water tag closure residual 2.461539181800229e-5 exceeds the configured tolerance 1.0e-10 at t = 2650.0 s. The tags no longer account for the field they partition; see output/a1_dt5/output_0000/water_tag_closure.csv.
└ @ ClimaAtmos ~/git/ClimaAtmosResiDyn.jl/src/parameterized_tendencies/tagged_tracers/tagged_tracers.jl:590
┌ Warning: water tag closure residual 2.4612910722387485e-5 exceeds the configured tolerance 1.0e-10 at t = 2655.0 s. The tags no longer account for the field they partition; see output/a1_dt5/output_0000/water_tag_closure.csv.
└ @ ClimaAtmos ~/git/ClimaAtmosResiDyn.jl/src/parameterized_tendencies/tagged_tracers/tagged_tracers.jl:590
┌ Warning: water tag closure residual 2.4610430028909044e-5 exceeds the configured tolerance 1.0e-10 at t = 2660.0 s. The tags no longer account for the field they partition; see output/a1_dt5/output_0000/water_tag_closure.csv.
└ @ ClimaAtmos ~/git/ClimaAtmosResiDyn.jl/src/parameterized_tendencies/tagged_tracers/tagged_tracers.jl:590
┌ Warning: water tag closure residual 2.4607949723704e-5 exceeds the configured tolerance 1.0e-10 at t = 2665.0 s. The tags no longer account for the field they partition; see output/a1_dt5/output_0000/water_tag_closure.csv.
└ @ ClimaAtmos ~/git/ClimaAtmosResiDyn.jl/src/parameterized_tendencies/tagged_tracers/tagged_tracers.jl:590
┌ Warning: water tag closure residual 2.460546979279209e-5 exceeds the configured tolerance 1.0e-10 at t = 2670.0 s. The tags no longer account for the field they partition; see output/a1_dt5/output_0000/water_tag_closure.csv.
└ @ ClimaAtmos ~/git/ClimaAtmosResiDyn.jl/src/parameterized_tendencies/tagged_tracers/tagged_tracers.jl:590
┌ Warning: water tag closure residual 2.4602990222259962e-5 exceeds the configured tolerance 1.0e-10 at t = 2675.0 s. The tags no longer account for the field they partition; see output/a1_dt5/output_0000/water_tag_closure.csv.
└ @ ClimaAtmos ~/git/ClimaAtmosResiDyn.jl/src/parameterized_tendencies/tagged_tracers/tagged_tracers.jl:590
┌ Warning: water tag closure residual 2.4600514401086507e-5 exceeds the configured tolerance 1.0e-10 at t = 2680.0 s. The tags no longer account for the field they partition; see output/a1_dt5/output_0000/water_tag_closure.csv.
└ @ ClimaAtmos ~/git/ClimaAtmosResiDyn.jl/src/parameterized_tendencies/tagged_tracers/tagged_tracers.jl:590
┌ Warning: water tag closure residual 2.45980743756645e-5 exceeds the configured tolerance 1.0e-10 at t = 2685.0 s. The tags no longer account for the field they partition; see output/a1_dt5/output_0000/water_tag_closure.csv.
└ @ ClimaAtmos ~/git/ClimaAtmosResiDyn.jl/src/parameterized_tendencies/tagged_tracers/tagged_tracers.jl:590
┌ Warning: water tag closure residual 2.459562124164193e-5 exceeds the configured tolerance 1.0e-10 at t = 2690.0 s. The tags no longer account for the field they partition; see output/a1_dt5/output_0000/water_tag_closure.csv.
└ @ ClimaAtmos ~/git/ClimaAtmosResiDyn.jl/src/parameterized_tendencies/tagged_tracers/tagged_tracers.jl:590
┌ Warning: water tag closure residual 2.4593171537189123e-5 exceeds the configured tolerance 1.0e-10 at t = 2695.0 s. The tags no longer account for the field they partition; see output/a1_dt5/output_0000/water_tag_closure.csv.
└ @ ClimaAtmos ~/git/ClimaAtmosResiDyn.jl/src/parameterized_tendencies/tagged_tracers/tagged_tracers.jl:590
┌ Warning: water tag closure residual 2.459072363412936e-5 exceeds the configured tolerance 1.0e-10 at t = 2700.0 s. The tags no longer account for the field they partition; see output/a1_dt5/output_0000/water_tag_closure.csv.
└ @ ClimaAtmos ~/git/ClimaAtmosResiDyn.jl/src/parameterized_tendencies/tagged_tracers/tagged_tracers.jl:590
┌ Warning: water tag closure residual 2.4588272982549762e-5 exceeds the configured tolerance 1.0e-10 at t = 2705.0 s. The tags no longer account for the field they partition; see output/a1_dt5/output_0000/water_tag_closure.csv.
└ @ ClimaAtmos ~/git/ClimaAtmosResiDyn.jl/src/parameterized_tendencies/tagged_tracers/tagged_tracers.jl:590
┌ Warning: water tag closure residual 2.4585825514732377e-5 exceeds the configured tolerance 1.0e-10 at t = 2710.0 s. The tags no longer account for the field they partition; see output/a1_dt5/output_0000/water_tag_closure.csv.
└ @ ClimaAtmos ~/git/ClimaAtmosResiDyn.jl/src/parameterized_tendencies/tagged_tracers/tagged_tracers.jl:590
┌ Warning: water tag closure residual 2.458337586381978e-5 exceeds the configured tolerance 1.0e-10 at t = 2715.0 s. The tags no longer account for the field they partition; see output/a1_dt5/output_0000/water_tag_closure.csv.
└ @ ClimaAtmos ~/git/ClimaAtmosResiDyn.jl/src/parameterized_tendencies/tagged_tracers/tagged_tracers.jl:590
┌ Warning: water tag closure residual 2.4580927885135966e-5 exceeds the configured tolerance 1.0e-10 at t = 2720.0 s. The tags no longer account for the field they partition; see output/a1_dt5/output_0000/water_tag_closure.csv.
└ @ ClimaAtmos ~/git/ClimaAtmosResiDyn.jl/src/parameterized_tendencies/tagged_tracers/tagged_tracers.jl:590
┌ Warning: water tag closure residual 2.4578479418729234e-5 exceeds the configured tolerance 1.0e-10 at t = 2725.0 s. The tags no longer account for the field they partition; see output/a1_dt5/output_0000/water_tag_closure.csv.
└ @ ClimaAtmos ~/git/ClimaAtmosResiDyn.jl/src/parameterized_tendencies/tagged_tracers/tagged_tracers.jl:590
┌ Warning: water tag closure residual 2.4576031396436882e-5 exceeds the configured tolerance 1.0e-10 at t = 2730.0 s. The tags no longer account for the field they partition; see output/a1_dt5/output_0000/water_tag_closure.csv.
└ @ ClimaAtmos ~/git/ClimaAtmosResiDyn.jl/src/parameterized_tendencies/tagged_tracers/tagged_tracers.jl:590
┌ Warning: water tag closure residual 2.457358358487589e-5 exceeds the configured tolerance 1.0e-10 at t = 2735.0 s. The tags no longer account for the field they partition; see output/a1_dt5/output_0000/water_tag_closure.csv.
└ @ ClimaAtmos ~/git/ClimaAtmosResiDyn.jl/src/parameterized_tendencies/tagged_tracers/tagged_tracers.jl:590
┌ Warning: water tag closure residual 2.4571135833213816e-5 exceeds the configured tolerance 1.0e-10 at t = 2740.0 s. The tags no longer account for the field they partition; see output/a1_dt5/output_0000/water_tag_closure.csv.
└ @ ClimaAtmos ~/git/ClimaAtmosResiDyn.jl/src/parameterized_tendencies/tagged_tracers/tagged_tracers.jl:590
┌ Warning: water tag closure residual 2.4568688384960162e-5 exceeds the configured tolerance 1.0e-10 at t = 2745.0 s. The tags no longer account for the field they partition; see output/a1_dt5/output_0000/water_tag_closure.csv.
└ @ ClimaAtmos ~/git/ClimaAtmosResiDyn.jl/src/parameterized_tendencies/tagged_tracers/tagged_tracers.jl:590
┌ Info: Progress
│   simulation_time = "45 minutes, 45 seconds"
│   n_steps_completed = 549
│   wall_time_per_step = "6 milliseconds, 69 microseconds"
│   wall_time_total = "4 seconds, 369 milliseconds"
│   wall_time_remaining = "1 second, 37 milliseconds"
│   wall_time_spent = "3 seconds, 332 milliseconds"
│   percent_complete = "76.2%"
│   estimated_sypd = "2.255"
│   instantaneous_sypd = "3.311"
│   date_now = 2026-09-10T00:20:05.311
└   estimated_finish_date = 2026-09-10T00:20:07.311
┌ Warning: water tag closure residual 2.456624098110239e-5 exceeds the configured tolerance 1.0e-10 at t = 2750.0 s. The tags no longer account for the field they partition; see output/a1_dt5/output_0000/water_tag_closure.csv.
└ @ ClimaAtmos ~/git/ClimaAtmosResiDyn.jl/src/parameterized_tendencies/tagged_tracers/tagged_tracers.jl:590
┌ Warning: water tag closure residual 2.4563793791989017e-5 exceeds the configured tolerance 1.0e-10 at t = 2755.0 s. The tags no longer account for the field they partition; see output/a1_dt5/output_0000/water_tag_closure.csv.
└ @ ClimaAtmos ~/git/ClimaAtmosResiDyn.jl/src/parameterized_tendencies/tagged_tracers/tagged_tracers.jl:590
┌ Warning: water tag closure residual 2.456134669150192e-5 exceeds the configured tolerance 1.0e-10 at t = 2760.0 s. The tags no longer account for the field they partition; see output/a1_dt5/output_0000/water_tag_closure.csv.
└ @ ClimaAtmos ~/git/ClimaAtmosResiDyn.jl/src/parameterized_tendencies/tagged_tracers/tagged_tracers.jl:590
┌ Warning: water tag closure residual 2.4558899723577472e-5 exceeds the configured tolerance 1.0e-10 at t = 2765.0 s. The tags no longer account for the field they partition; see output/a1_dt5/output_0000/water_tag_closure.csv.
└ @ ClimaAtmos ~/git/ClimaAtmosResiDyn.jl/src/parameterized_tendencies/tagged_tracers/tagged_tracers.jl:590
┌ Warning: water tag closure residual 2.4556452855891157e-5 exceeds the configured tolerance 1.0e-10 at t = 2770.0 s. The tags no longer account for the field they partition; see output/a1_dt5/output_0000/water_tag_closure.csv.
└ @ ClimaAtmos ~/git/ClimaAtmosResiDyn.jl/src/parameterized_tendencies/tagged_tracers/tagged_tracers.jl:590
┌ Warning: water tag closure residual 2.455400607496829e-5 exceeds the configured tolerance 1.0e-10 at t = 2775.0 s. The tags no longer account for the field they partition; see output/a1_dt5/output_0000/water_tag_closure.csv.
└ @ ClimaAtmos ~/git/ClimaAtmosResiDyn.jl/src/parameterized_tendencies/tagged_tracers/tagged_tracers.jl:590
┌ Warning: water tag closure residual 2.4551559377558602e-5 exceeds the configured tolerance 1.0e-10 at t = 2780.0 s. The tags no longer account for the field they partition; see output/a1_dt5/output_0000/water_tag_closure.csv.
└ @ ClimaAtmos ~/git/ClimaAtmosResiDyn.jl/src/parameterized_tendencies/tagged_tracers/tagged_tracers.jl:590
┌ Warning: water tag closure residual 2.454911274006954e-5 exceeds the configured tolerance 1.0e-10 at t = 2785.0 s. The tags no longer account for the field they partition; see output/a1_dt5/output_0000/water_tag_closure.csv.
└ @ ClimaAtmos ~/git/ClimaAtmosResiDyn.jl/src/parameterized_tendencies/tagged_tracers/tagged_tracers.jl:590
┌ Warning: water tag closure residual 2.4546666159052537e-5 exceeds the configured tolerance 1.0e-10 at t = 2790.0 s. The tags no longer account for the field they partition; see output/a1_dt5/output_0000/water_tag_closure.csv.
└ @ ClimaAtmos ~/git/ClimaAtmosResiDyn.jl/src/parameterized_tendencies/tagged_tracers/tagged_tracers.jl:590
┌ Warning: water tag closure residual 2.45442196159214e-5 exceeds the configured tolerance 1.0e-10 at t = 2795.0 s. The tags no longer account for the field they partition; see output/a1_dt5/output_0000/water_tag_closure.csv.
└ @ ClimaAtmos ~/git/ClimaAtmosResiDyn.jl/src/parameterized_tendencies/tagged_tracers/tagged_tracers.jl:590
┌ Warning: water tag closure residual 2.454177310170855e-5 exceeds the configured tolerance 1.0e-10 at t = 2800.0 s. The tags no longer account for the field they partition; see output/a1_dt5/output_0000/water_tag_closure.csv.
└ @ ClimaAtmos ~/git/ClimaAtmosResiDyn.jl/src/parameterized_tendencies/tagged_tracers/tagged_tracers.jl:590
┌ Warning: water tag closure residual 2.4539326602455757e-5 exceeds the configured tolerance 1.0e-10 at t = 2805.0 s. The tags no longer account for the field they partition; see output/a1_dt5/output_0000/water_tag_closure.csv.
└ @ ClimaAtmos ~/git/ClimaAtmosResiDyn.jl/src/parameterized_tendencies/tagged_tracers/tagged_tracers.jl:590
┌ Warning: water tag closure residual 2.453688010622027e-5 exceeds the configured tolerance 1.0e-10 at t = 2810.0 s. The tags no longer account for the field they partition; see output/a1_dt5/output_0000/water_tag_closure.csv.
└ @ ClimaAtmos ~/git/ClimaAtmosResiDyn.jl/src/parameterized_tendencies/tagged_tracers/tagged_tracers.jl:590
┌ Warning: water tag closure residual 2.4534433600922073e-5 exceeds the configured tolerance 1.0e-10 at t = 2815.0 s. The tags no longer account for the field they partition; see output/a1_dt5/output_0000/water_tag_closure.csv.
└ @ ClimaAtmos ~/git/ClimaAtmosResiDyn.jl/src/parameterized_tendencies/tagged_tracers/tagged_tracers.jl:590
┌ Warning: water tag closure residual 2.453198707397114e-5 exceeds the configured tolerance 1.0e-10 at t = 2820.0 s. The tags no longer account for the field they partition; see output/a1_dt5/output_0000/water_tag_closure.csv.
└ @ ClimaAtmos ~/git/ClimaAtmosResiDyn.jl/src/parameterized_tendencies/tagged_tracers/tagged_tracers.jl:590
┌ Warning: water tag closure residual 2.4529540513494733e-5 exceeds the configured tolerance 1.0e-10 at t = 2825.0 s. The tags no longer account for the field they partition; see output/a1_dt5/output_0000/water_tag_closure.csv.
└ @ ClimaAtmos ~/git/ClimaAtmosResiDyn.jl/src/parameterized_tendencies/tagged_tracers/tagged_tracers.jl:590
┌ Warning: water tag closure residual 2.4527093907128256e-5 exceeds the configured tolerance 1.0e-10 at t = 2830.0 s. The tags no longer account for the field they partition; see output/a1_dt5/output_0000/water_tag_closure.csv.
└ @ ClimaAtmos ~/git/ClimaAtmosResiDyn.jl/src/parameterized_tendencies/tagged_tracers/tagged_tracers.jl:590
┌ Warning: water tag closure residual 2.4524647242916145e-5 exceeds the configured tolerance 1.0e-10 at t = 2835.0 s. The tags no longer account for the field they partition; see output/a1_dt5/output_0000/water_tag_closure.csv.
└ @ ClimaAtmos ~/git/ClimaAtmosResiDyn.jl/src/parameterized_tendencies/tagged_tracers/tagged_tracers.jl:590
┌ Warning: water tag closure residual 2.4522200509053046e-5 exceeds the configured tolerance 1.0e-10 at t = 2840.0 s. The tags no longer account for the field they partition; see output/a1_dt5/output_0000/water_tag_closure.csv.
└ @ ClimaAtmos ~/git/ClimaAtmosResiDyn.jl/src/parameterized_tendencies/tagged_tracers/tagged_tracers.jl:590
┌ Warning: water tag closure residual 2.4519753693279906e-5 exceeds the configured tolerance 1.0e-10 at t = 2845.0 s. The tags no longer account for the field they partition; see output/a1_dt5/output_0000/water_tag_closure.csv.
└ @ ClimaAtmos ~/git/ClimaAtmosResiDyn.jl/src/parameterized_tendencies/tagged_tracers/tagged_tracers.jl:590
┌ Warning: water tag closure residual 2.4517306783674957e-5 exceeds the configured tolerance 1.0e-10 at t = 2850.0 s. The tags no longer account for the field they partition; see output/a1_dt5/output_0000/water_tag_closure.csv.
└ @ ClimaAtmos ~/git/ClimaAtmosResiDyn.jl/src/parameterized_tendencies/tagged_tracers/tagged_tracers.jl:590
┌ Warning: water tag closure residual 2.451485976855293e-5 exceeds the configured tolerance 1.0e-10 at t = 2855.0 s. The tags no longer account for the field they partition; see output/a1_dt5/output_0000/water_tag_closure.csv.
└ @ ClimaAtmos ~/git/ClimaAtmosResiDyn.jl/src/parameterized_tendencies/tagged_tracers/tagged_tracers.jl:590
┌ Warning: water tag closure residual 2.451241263613083e-5 exceeds the configured tolerance 1.0e-10 at t = 2860.0 s. The tags no longer account for the field they partition; see output/a1_dt5/output_0000/water_tag_closure.csv.
└ @ ClimaAtmos ~/git/ClimaAtmosResiDyn.jl/src/parameterized_tendencies/tagged_tracers/tagged_tracers.jl:590
┌ Warning: water tag closure residual 2.4509965374407663e-5 exceeds the configured tolerance 1.0e-10 at t = 2865.0 s. The tags no longer account for the field they partition; see output/a1_dt5/output_0000/water_tag_closure.csv.
└ @ ClimaAtmos ~/git/ClimaAtmosResiDyn.jl/src/parameterized_tendencies/tagged_tracers/tagged_tracers.jl:590
┌ Warning: water tag closure residual 2.450751797186637e-5 exceeds the configured tolerance 1.0e-10 at t = 2870.0 s. The tags no longer account for the field they partition; see output/a1_dt5/output_0000/water_tag_closure.csv.
└ @ ClimaAtmos ~/git/ClimaAtmosResiDyn.jl/src/parameterized_tendencies/tagged_tracers/tagged_tracers.jl:590
┌ Warning: water tag closure residual 2.4505070416720594e-5 exceeds the configured tolerance 1.0e-10 at t = 2875.0 s. The tags no longer account for the field they partition; see output/a1_dt5/output_0000/water_tag_closure.csv.
└ @ ClimaAtmos ~/git/ClimaAtmosResiDyn.jl/src/parameterized_tendencies/tagged_tracers/tagged_tracers.jl:590
┌ Warning: water tag closure residual 2.450262269741303e-5 exceeds the configured tolerance 1.0e-10 at t = 2880.0 s. The tags no longer account for the field they partition; see output/a1_dt5/output_0000/water_tag_closure.csv.
└ @ ClimaAtmos ~/git/ClimaAtmosResiDyn.jl/src/parameterized_tendencies/tagged_tracers/tagged_tracers.jl:590
┌ Warning: water tag closure residual 2.450017480229252e-5 exceeds the configured tolerance 1.0e-10 at t = 2885.0 s. The tags no longer account for the field they partition; see output/a1_dt5/output_0000/water_tag_closure.csv.
└ @ ClimaAtmos ~/git/ClimaAtmosResiDyn.jl/src/parameterized_tendencies/tagged_tracers/tagged_tracers.jl:590
┌ Warning: water tag closure residual 2.4497726720004472e-5 exceeds the configured tolerance 1.0e-10 at t = 2890.0 s. The tags no longer account for the field they partition; see output/a1_dt5/output_0000/water_tag_closure.csv.
└ @ ClimaAtmos ~/git/ClimaAtmosResiDyn.jl/src/parameterized_tendencies/tagged_tracers/tagged_tracers.jl:590
┌ Warning: water tag closure residual 2.449527843891427e-5 exceeds the configured tolerance 1.0e-10 at t = 2895.0 s. The tags no longer account for the field they partition; see output/a1_dt5/output_0000/water_tag_closure.csv.
└ @ ClimaAtmos ~/git/ClimaAtmosResiDyn.jl/src/parameterized_tendencies/tagged_tracers/tagged_tracers.jl:590
┌ Warning: water tag closure residual 2.449282994759469e-5 exceeds the configured tolerance 1.0e-10 at t = 2900.0 s. The tags no longer account for the field they partition; see output/a1_dt5/output_0000/water_tag_closure.csv.
└ @ ClimaAtmos ~/git/ClimaAtmosResiDyn.jl/src/parameterized_tendencies/tagged_tracers/tagged_tracers.jl:590
┌ Warning: water tag closure residual 2.4490380882110517e-5 exceeds the configured tolerance 1.0e-10 at t = 2905.0 s. The tags no longer account for the field they partition; see output/a1_dt5/output_0000/water_tag_closure.csv.
└ @ ClimaAtmos ~/git/ClimaAtmosResiDyn.jl/src/parameterized_tendencies/tagged_tracers/tagged_tracers.jl:590
┌ Warning: water tag closure residual 2.4487930702558405e-5 exceeds the configured tolerance 1.0e-10 at t = 2910.0 s. The tags no longer account for the field they partition; see output/a1_dt5/output_0000/water_tag_closure.csv.
└ @ ClimaAtmos ~/git/ClimaAtmosResiDyn.jl/src/parameterized_tendencies/tagged_tracers/tagged_tracers.jl:590
┌ Warning: water tag closure residual 2.4485480583572717e-5 exceeds the configured tolerance 1.0e-10 at t = 2915.0 s. The tags no longer account for the field they partition; see output/a1_dt5/output_0000/water_tag_closure.csv.
└ @ ClimaAtmos ~/git/ClimaAtmosResiDyn.jl/src/parameterized_tendencies/tagged_tracers/tagged_tracers.jl:590
┌ Warning: water tag closure residual 2.4483030131628264e-5 exceeds the configured tolerance 1.0e-10 at t = 2920.0 s. The tags no longer account for the field they partition; see output/a1_dt5/output_0000/water_tag_closure.csv.
└ @ ClimaAtmos ~/git/ClimaAtmosResiDyn.jl/src/parameterized_tendencies/tagged_tracers/tagged_tracers.jl:590
┌ Warning: water tag closure residual 2.4480579428715982e-5 exceeds the configured tolerance 1.0e-10 at t = 2925.0 s. The tags no longer account for the field they partition; see output/a1_dt5/output_0000/water_tag_closure.csv.
└ @ ClimaAtmos ~/git/ClimaAtmosResiDyn.jl/src/parameterized_tendencies/tagged_tracers/tagged_tracers.jl:590
┌ Warning: water tag closure residual 2.447812848047909e-5 exceeds the configured tolerance 1.0e-10 at t = 2930.0 s. The tags no longer account for the field they partition; see output/a1_dt5/output_0000/water_tag_closure.csv.
└ @ ClimaAtmos ~/git/ClimaAtmosResiDyn.jl/src/parameterized_tendencies/tagged_tracers/tagged_tracers.jl:590
┌ Info: Progress
│   simulation_time = "48 minutes, 50 seconds"
│   n_steps_completed = 586
│   wall_time_per_step = "5 milliseconds, 941 microseconds"
│   wall_time_total = "4 seconds, 277 milliseconds"
│   wall_time_remaining = "796 milliseconds, 155 microseconds"
│   wall_time_spent = "3 seconds, 481 milliseconds"
│   percent_complete = "81.4%"
│   estimated_sypd = "2.304"
│   instantaneous_sypd = "3.386"
│   date_now = 2026-09-10T00:20:05.461
└   estimated_finish_date = 2026-09-10T00:20:06.461
┌ Warning: water tag closure residual 2.4475677222724278e-5 exceeds the configured tolerance 1.0e-10 at t = 2935.0 s. The tags no longer account for the field they partition; see output/a1_dt5/output_0000/water_tag_closure.csv.
└ @ ClimaAtmos ~/git/ClimaAtmosResiDyn.jl/src/parameterized_tendencies/tagged_tracers/tagged_tracers.jl:590
┌ Warning: water tag closure residual 2.447322569883446e-5 exceeds the configured tolerance 1.0e-10 at t = 2940.0 s. The tags no longer account for the field they partition; see output/a1_dt5/output_0000/water_tag_closure.csv.
└ @ ClimaAtmos ~/git/ClimaAtmosResiDyn.jl/src/parameterized_tendencies/tagged_tracers/tagged_tracers.jl:590
┌ Warning: water tag closure residual 2.4470773855680234e-5 exceeds the configured tolerance 1.0e-10 at t = 2945.0 s. The tags no longer account for the field they partition; see output/a1_dt5/output_0000/water_tag_closure.csv.
└ @ ClimaAtmos ~/git/ClimaAtmosResiDyn.jl/src/parameterized_tendencies/tagged_tracers/tagged_tracers.jl:590
┌ Warning: water tag closure residual 2.446832110440403e-5 exceeds the configured tolerance 1.0e-10 at t = 2950.0 s. The tags no longer account for the field they partition; see output/a1_dt5/output_0000/water_tag_closure.csv.
└ @ ClimaAtmos ~/git/ClimaAtmosResiDyn.jl/src/parameterized_tendencies/tagged_tracers/tagged_tracers.jl:590
┌ Warning: water tag closure residual 2.446586820853566e-5 exceeds the configured tolerance 1.0e-10 at t = 2955.0 s. The tags no longer account for the field they partition; see output/a1_dt5/output_0000/water_tag_closure.csv.
└ @ ClimaAtmos ~/git/ClimaAtmosResiDyn.jl/src/parameterized_tendencies/tagged_tracers/tagged_tracers.jl:590
┌ Warning: water tag closure residual 2.4463454119008652e-5 exceeds the configured tolerance 1.0e-10 at t = 2960.0 s. The tags no longer account for the field they partition; see output/a1_dt5/output_0000/water_tag_closure.csv.
└ @ ClimaAtmos ~/git/ClimaAtmosResiDyn.jl/src/parameterized_tendencies/tagged_tracers/tagged_tracers.jl:590
┌ Warning: water tag closure residual 2.4461076982591517e-5 exceeds the configured tolerance 1.0e-10 at t = 2965.0 s. The tags no longer account for the field they partition; see output/a1_dt5/output_0000/water_tag_closure.csv.
└ @ ClimaAtmos ~/git/ClimaAtmosResiDyn.jl/src/parameterized_tendencies/tagged_tracers/tagged_tracers.jl:590
┌ Warning: water tag closure residual 2.4458690832150026e-5 exceeds the configured tolerance 1.0e-10 at t = 2970.0 s. The tags no longer account for the field they partition; see output/a1_dt5/output_0000/water_tag_closure.csv.
└ @ ClimaAtmos ~/git/ClimaAtmosResiDyn.jl/src/parameterized_tendencies/tagged_tracers/tagged_tracers.jl:590
┌ Warning: water tag closure residual 2.4456171263241057e-5 exceeds the configured tolerance 1.0e-10 at t = 2975.0 s. The tags no longer account for the field they partition; see output/a1_dt5/output_0000/water_tag_closure.csv.
└ @ ClimaAtmos ~/git/ClimaAtmosResiDyn.jl/src/parameterized_tendencies/tagged_tracers/tagged_tracers.jl:590
┌ Warning: water tag closure residual 2.445328124222278e-5 exceeds the configured tolerance 1.0e-10 at t = 2980.0 s. The tags no longer account for the field they partition; see output/a1_dt5/output_0000/water_tag_closure.csv.
└ @ ClimaAtmos ~/git/ClimaAtmosResiDyn.jl/src/parameterized_tendencies/tagged_tracers/tagged_tracers.jl:590
┌ Warning: water tag closure residual 2.4450637832648512e-5 exceeds the configured tolerance 1.0e-10 at t = 2985.0 s. The tags no longer account for the field they partition; see output/a1_dt5/output_0000/water_tag_closure.csv.
└ @ ClimaAtmos ~/git/ClimaAtmosResiDyn.jl/src/parameterized_tendencies/tagged_tracers/tagged_tracers.jl:590
┌ Warning: water tag closure residual 2.444785274676574e-5 exceeds the configured tolerance 1.0e-10 at t = 2990.0 s. The tags no longer account for the field they partition; see output/a1_dt5/output_0000/water_tag_closure.csv.
└ @ ClimaAtmos ~/git/ClimaAtmosResiDyn.jl/src/parameterized_tendencies/tagged_tracers/tagged_tracers.jl:590
┌ Warning: water tag closure residual 2.4445131921742275e-5 exceeds the configured tolerance 1.0e-10 at t = 2995.0 s. The tags no longer account for the field they partition; see output/a1_dt5/output_0000/water_tag_closure.csv.
└ @ ClimaAtmos ~/git/ClimaAtmosResiDyn.jl/src/parameterized_tendencies/tagged_tracers/tagged_tracers.jl:590
┌ Warning: water tag closure residual 2.4442394380738706e-5 exceeds the configured tolerance 1.0e-10 at t = 3000.0 s. The tags no longer account for the field they partition; see output/a1_dt5/output_0000/water_tag_closure.csv.
└ @ ClimaAtmos ~/git/ClimaAtmosResiDyn.jl/src/parameterized_tendencies/tagged_tracers/tagged_tracers.jl:590
┌ Warning: water tag closure residual 2.443964836981861e-5 exceeds the configured tolerance 1.0e-10 at t = 3005.0 s. The tags no longer account for the field they partition; see output/a1_dt5/output_0000/water_tag_closure.csv.
└ @ ClimaAtmos ~/git/ClimaAtmosResiDyn.jl/src/parameterized_tendencies/tagged_tracers/tagged_tracers.jl:590
┌ Warning: water tag closure residual 2.4436918963370448e-5 exceeds the configured tolerance 1.0e-10 at t = 3010.0 s. The tags no longer account for the field they partition; see output/a1_dt5/output_0000/water_tag_closure.csv.
└ @ ClimaAtmos ~/git/ClimaAtmosResiDyn.jl/src/parameterized_tendencies/tagged_tracers/tagged_tracers.jl:590
┌ Warning: water tag closure residual 2.4434172525495226e-5 exceeds the configured tolerance 1.0e-10 at t = 3015.0 s. The tags no longer account for the field they partition; see output/a1_dt5/output_0000/water_tag_closure.csv.
└ @ ClimaAtmos ~/git/ClimaAtmosResiDyn.jl/src/parameterized_tendencies/tagged_tracers/tagged_tracers.jl:590
┌ Warning: water tag closure residual 2.4431438937032192e-5 exceeds the configured tolerance 1.0e-10 at t = 3020.0 s. The tags no longer account for the field they partition; see output/a1_dt5/output_0000/water_tag_closure.csv.
└ @ ClimaAtmos ~/git/ClimaAtmosResiDyn.jl/src/parameterized_tendencies/tagged_tracers/tagged_tracers.jl:590
┌ Warning: water tag closure residual 2.4428697580032144e-5 exceeds the configured tolerance 1.0e-10 at t = 3025.0 s. The tags no longer account for the field they partition; see output/a1_dt5/output_0000/water_tag_closure.csv.
└ @ ClimaAtmos ~/git/ClimaAtmosResiDyn.jl/src/parameterized_tendencies/tagged_tracers/tagged_tracers.jl:590
┌ Warning: water tag closure residual 2.4425959983606663e-5 exceeds the configured tolerance 1.0e-10 at t = 3030.0 s. The tags no longer account for the field they partition; see output/a1_dt5/output_0000/water_tag_closure.csv.
└ @ ClimaAtmos ~/git/ClimaAtmosResiDyn.jl/src/parameterized_tendencies/tagged_tracers/tagged_tracers.jl:590
┌ Warning: water tag closure residual 2.4423220540886863e-5 exceeds the configured tolerance 1.0e-10 at t = 3035.0 s. The tags no longer account for the field they partition; see output/a1_dt5/output_0000/water_tag_closure.csv.
└ @ ClimaAtmos ~/git/ClimaAtmosResiDyn.jl/src/parameterized_tendencies/tagged_tracers/tagged_tracers.jl:590
┌ Warning: water tag closure residual 2.4420480867049647e-5 exceeds the configured tolerance 1.0e-10 at t = 3040.0 s. The tags no longer account for the field they partition; see output/a1_dt5/output_0000/water_tag_closure.csv.
└ @ ClimaAtmos ~/git/ClimaAtmosResiDyn.jl/src/parameterized_tendencies/tagged_tracers/tagged_tracers.jl:590
┌ Warning: water tag closure residual 2.4417741441884766e-5 exceeds the configured tolerance 1.0e-10 at t = 3045.0 s. The tags no longer account for the field they partition; see output/a1_dt5/output_0000/water_tag_closure.csv.
└ @ ClimaAtmos ~/git/ClimaAtmosResiDyn.jl/src/parameterized_tendencies/tagged_tracers/tagged_tracers.jl:590
┌ Warning: water tag closure residual 2.441500097573047e-5 exceeds the configured tolerance 1.0e-10 at t = 3050.0 s. The tags no longer account for the field they partition; see output/a1_dt5/output_0000/water_tag_closure.csv.
└ @ ClimaAtmos ~/git/ClimaAtmosResiDyn.jl/src/parameterized_tendencies/tagged_tracers/tagged_tracers.jl:590
┌ Warning: water tag closure residual 2.441226078855737e-5 exceeds the configured tolerance 1.0e-10 at t = 3055.0 s. The tags no longer account for the field they partition; see output/a1_dt5/output_0000/water_tag_closure.csv.
└ @ ClimaAtmos ~/git/ClimaAtmosResiDyn.jl/src/parameterized_tendencies/tagged_tracers/tagged_tracers.jl:590
┌ Warning: water tag closure residual 2.440951983524406e-5 exceeds the configured tolerance 1.0e-10 at t = 3060.0 s. The tags no longer account for the field they partition; see output/a1_dt5/output_0000/water_tag_closure.csv.
└ @ ClimaAtmos ~/git/ClimaAtmosResiDyn.jl/src/parameterized_tendencies/tagged_tracers/tagged_tracers.jl:590
┌ Warning: water tag closure residual 2.440677878237397e-5 exceeds the configured tolerance 1.0e-10 at t = 3065.0 s. The tags no longer account for the field they partition; see output/a1_dt5/output_0000/water_tag_closure.csv.
└ @ ClimaAtmos ~/git/ClimaAtmosResiDyn.jl/src/parameterized_tendencies/tagged_tracers/tagged_tracers.jl:590
┌ Warning: water tag closure residual 2.4404037262086156e-5 exceeds the configured tolerance 1.0e-10 at t = 3070.0 s. The tags no longer account for the field they partition; see output/a1_dt5/output_0000/water_tag_closure.csv.
└ @ ClimaAtmos ~/git/ClimaAtmosResiDyn.jl/src/parameterized_tendencies/tagged_tracers/tagged_tracers.jl:590
┌ Warning: water tag closure residual 2.4401295410964227e-5 exceeds the configured tolerance 1.0e-10 at t = 3075.0 s. The tags no longer account for the field they partition; see output/a1_dt5/output_0000/water_tag_closure.csv.
└ @ ClimaAtmos ~/git/ClimaAtmosResiDyn.jl/src/parameterized_tendencies/tagged_tracers/tagged_tracers.jl:590
┌ Warning: water tag closure residual 2.4398553205200882e-5 exceeds the configured tolerance 1.0e-10 at t = 3080.0 s. The tags no longer account for the field they partition; see output/a1_dt5/output_0000/water_tag_closure.csv.
└ @ ClimaAtmos ~/git/ClimaAtmosResiDyn.jl/src/parameterized_tendencies/tagged_tracers/tagged_tracers.jl:590
┌ Warning: water tag closure residual 2.4395810596871855e-5 exceeds the configured tolerance 1.0e-10 at t = 3085.0 s. The tags no longer account for the field they partition; see output/a1_dt5/output_0000/water_tag_closure.csv.
└ @ ClimaAtmos ~/git/ClimaAtmosResiDyn.jl/src/parameterized_tendencies/tagged_tracers/tagged_tracers.jl:590
┌ Warning: water tag closure residual 2.439306763577535e-5 exceeds the configured tolerance 1.0e-10 at t = 3090.0 s. The tags no longer account for the field they partition; see output/a1_dt5/output_0000/water_tag_closure.csv.
└ @ ClimaAtmos ~/git/ClimaAtmosResiDyn.jl/src/parameterized_tendencies/tagged_tracers/tagged_tracers.jl:590
┌ Warning: water tag closure residual 2.4390324265130255e-5 exceeds the configured tolerance 1.0e-10 at t = 3095.0 s. The tags no longer account for the field they partition; see output/a1_dt5/output_0000/water_tag_closure.csv.
└ @ ClimaAtmos ~/git/ClimaAtmosResiDyn.jl/src/parameterized_tendencies/tagged_tracers/tagged_tracers.jl:590
┌ Warning: water tag closure residual 2.438758051389531e-5 exceeds the configured tolerance 1.0e-10 at t = 3100.0 s. The tags no longer account for the field they partition; see output/a1_dt5/output_0000/water_tag_closure.csv.
└ @ ClimaAtmos ~/git/ClimaAtmosResiDyn.jl/src/parameterized_tendencies/tagged_tracers/tagged_tracers.jl:590
┌ Warning: water tag closure residual 2.4384836354226027e-5 exceeds the configured tolerance 1.0e-10 at t = 3105.0 s. The tags no longer account for the field they partition; see output/a1_dt5/output_0000/water_tag_closure.csv.
└ @ ClimaAtmos ~/git/ClimaAtmosResiDyn.jl/src/parameterized_tendencies/tagged_tracers/tagged_tracers.jl:590
┌ Warning: water tag closure residual 2.4382091789599804e-5 exceeds the configured tolerance 1.0e-10 at t = 3110.0 s. The tags no longer account for the field they partition; see output/a1_dt5/output_0000/water_tag_closure.csv.
└ @ ClimaAtmos ~/git/ClimaAtmosResiDyn.jl/src/parameterized_tendencies/tagged_tracers/tagged_tracers.jl:590
┌ Warning: water tag closure residual 2.43793468104808e-5 exceeds the configured tolerance 1.0e-10 at t = 3115.0 s. The tags no longer account for the field they partition; see output/a1_dt5/output_0000/water_tag_closure.csv.
└ @ ClimaAtmos ~/git/ClimaAtmosResiDyn.jl/src/parameterized_tendencies/tagged_tracers/tagged_tracers.jl:590
┌ Info: Progress
│   simulation_time = "51 minutes, 55 seconds"
│   n_steps_completed = 623
│   wall_time_per_step = "5 milliseconds, 822 microseconds"
│   wall_time_total = "4 seconds, 192 milliseconds"
│   wall_time_remaining = "564 milliseconds, 823 microseconds"
│   wall_time_spent = "3 seconds, 627 milliseconds"
│   percent_complete = "86.5%"
│   estimated_sypd = "2.351"
│   instantaneous_sypd = "3.47"
│   date_now = 2026-09-10T00:20:05.607
└   estimated_finish_date = 2026-09-10T00:20:06.607
┌ Warning: water tag closure residual 2.4376601409414577e-5 exceeds the configured tolerance 1.0e-10 at t = 3120.0 s. The tags no longer account for the field they partition; see output/a1_dt5/output_0000/water_tag_closure.csv.
└ @ ClimaAtmos ~/git/ClimaAtmosResiDyn.jl/src/parameterized_tendencies/tagged_tracers/tagged_tracers.jl:590
┌ Warning: water tag closure residual 2.4373855582046724e-5 exceeds the configured tolerance 1.0e-10 at t = 3125.0 s. The tags no longer account for the field they partition; see output/a1_dt5/output_0000/water_tag_closure.csv.
└ @ ClimaAtmos ~/git/ClimaAtmosResiDyn.jl/src/parameterized_tendencies/tagged_tracers/tagged_tracers.jl:590
┌ Warning: water tag closure residual 2.437110931961097e-5 exceeds the configured tolerance 1.0e-10 at t = 3130.0 s. The tags no longer account for the field they partition; see output/a1_dt5/output_0000/water_tag_closure.csv.
└ @ ClimaAtmos ~/git/ClimaAtmosResiDyn.jl/src/parameterized_tendencies/tagged_tracers/tagged_tracers.jl:590
┌ Warning: water tag closure residual 2.4368362617482758e-5 exceeds the configured tolerance 1.0e-10 at t = 3135.0 s. The tags no longer account for the field they partition; see output/a1_dt5/output_0000/water_tag_closure.csv.
└ @ ClimaAtmos ~/git/ClimaAtmosResiDyn.jl/src/parameterized_tendencies/tagged_tracers/tagged_tracers.jl:590
┌ Warning: water tag closure residual 2.43656154680254e-5 exceeds the configured tolerance 1.0e-10 at t = 3140.0 s. The tags no longer account for the field they partition; see output/a1_dt5/output_0000/water_tag_closure.csv.
└ @ ClimaAtmos ~/git/ClimaAtmosResiDyn.jl/src/parameterized_tendencies/tagged_tracers/tagged_tracers.jl:590
┌ Warning: water tag closure residual 2.4362867865568525e-5 exceeds the configured tolerance 1.0e-10 at t = 3145.0 s. The tags no longer account for the field they partition; see output/a1_dt5/output_0000/water_tag_closure.csv.
└ @ ClimaAtmos ~/git/ClimaAtmosResiDyn.jl/src/parameterized_tendencies/tagged_tracers/tagged_tracers.jl:590
┌ Warning: water tag closure residual 2.436011980330653e-5 exceeds the configured tolerance 1.0e-10 at t = 3150.0 s. The tags no longer account for the field they partition; see output/a1_dt5/output_0000/water_tag_closure.csv.
└ @ ClimaAtmos ~/git/ClimaAtmosResiDyn.jl/src/parameterized_tendencies/tagged_tracers/tagged_tracers.jl:590
┌ Warning: water tag closure residual 2.4357371274800404e-5 exceeds the configured tolerance 1.0e-10 at t = 3155.0 s. The tags no longer account for the field they partition; see output/a1_dt5/output_0000/water_tag_closure.csv.
└ @ ClimaAtmos ~/git/ClimaAtmosResiDyn.jl/src/parameterized_tendencies/tagged_tracers/tagged_tracers.jl:590
┌ Warning: water tag closure residual 2.4354622273880296e-5 exceeds the configured tolerance 1.0e-10 at t = 3160.0 s. The tags no longer account for the field they partition; see output/a1_dt5/output_0000/water_tag_closure.csv.
└ @ ClimaAtmos ~/git/ClimaAtmosResiDyn.jl/src/parameterized_tendencies/tagged_tracers/tagged_tracers.jl:590
┌ Warning: water tag closure residual 2.4351872794196895e-5 exceeds the configured tolerance 1.0e-10 at t = 3165.0 s. The tags no longer account for the field they partition; see output/a1_dt5/output_0000/water_tag_closure.csv.
└ @ ClimaAtmos ~/git/ClimaAtmosResiDyn.jl/src/parameterized_tendencies/tagged_tracers/tagged_tracers.jl:590
┌ Warning: water tag closure residual 2.434912282950031e-5 exceeds the configured tolerance 1.0e-10 at t = 3170.0 s. The tags no longer account for the field they partition; see output/a1_dt5/output_0000/water_tag_closure.csv.
└ @ ClimaAtmos ~/git/ClimaAtmosResiDyn.jl/src/parameterized_tendencies/tagged_tracers/tagged_tracers.jl:590
┌ Warning: water tag closure residual 2.4346372373501456e-5 exceeds the configured tolerance 1.0e-10 at t = 3175.0 s. The tags no longer account for the field they partition; see output/a1_dt5/output_0000/water_tag_closure.csv.
└ @ ClimaAtmos ~/git/ClimaAtmosResiDyn.jl/src/parameterized_tendencies/tagged_tracers/tagged_tracers.jl:590
┌ Warning: water tag closure residual 2.4343621420043895e-5 exceeds the configured tolerance 1.0e-10 at t = 3180.0 s. The tags no longer account for the field they partition; see output/a1_dt5/output_0000/water_tag_closure.csv.
└ @ ClimaAtmos ~/git/ClimaAtmosResiDyn.jl/src/parameterized_tendencies/tagged_tracers/tagged_tracers.jl:590
┌ Warning: water tag closure residual 2.434086996294986e-5 exceeds the configured tolerance 1.0e-10 at t = 3185.0 s. The tags no longer account for the field they partition; see output/a1_dt5/output_0000/water_tag_closure.csv.
└ @ ClimaAtmos ~/git/ClimaAtmosResiDyn.jl/src/parameterized_tendencies/tagged_tracers/tagged_tracers.jl:590
┌ Warning: water tag closure residual 2.4338117995953672e-5 exceeds the configured tolerance 1.0e-10 at t = 3190.0 s. The tags no longer account for the field they partition; see output/a1_dt5/output_0000/water_tag_closure.csv.
└ @ ClimaAtmos ~/git/ClimaAtmosResiDyn.jl/src/parameterized_tendencies/tagged_tracers/tagged_tracers.jl:590
┌ Warning: water tag closure residual 2.4335475127112343e-5 exceeds the configured tolerance 1.0e-10 at t = 3195.0 s. The tags no longer account for the field they partition; see output/a1_dt5/output_0000/water_tag_closure.csv.
└ @ ClimaAtmos ~/git/ClimaAtmosResiDyn.jl/src/parameterized_tendencies/tagged_tracers/tagged_tracers.jl:590
┌ Warning: water tag closure residual 2.433287451809774e-5 exceeds the configured tolerance 1.0e-10 at t = 3200.0 s. The tags no longer account for the field they partition; see output/a1_dt5/output_0000/water_tag_closure.csv.
└ @ ClimaAtmos ~/git/ClimaAtmosResiDyn.jl/src/parameterized_tendencies/tagged_tracers/tagged_tracers.jl:590
┌ Warning: water tag closure residual 2.4330217557555148e-5 exceeds the configured tolerance 1.0e-10 at t = 3205.0 s. The tags no longer account for the field they partition; see output/a1_dt5/output_0000/water_tag_closure.csv.
└ @ ClimaAtmos ~/git/ClimaAtmosResiDyn.jl/src/parameterized_tendencies/tagged_tracers/tagged_tracers.jl:590
┌ Warning: water tag closure residual 2.4327602650092796e-5 exceeds the configured tolerance 1.0e-10 at t = 3210.0 s. The tags no longer account for the field they partition; see output/a1_dt5/output_0000/water_tag_closure.csv.
└ @ ClimaAtmos ~/git/ClimaAtmosResiDyn.jl/src/parameterized_tendencies/tagged_tracers/tagged_tracers.jl:590
┌ Warning: water tag closure residual 2.4324956988243197e-5 exceeds the configured tolerance 1.0e-10 at t = 3215.0 s. The tags no longer account for the field they partition; see output/a1_dt5/output_0000/water_tag_closure.csv.
└ @ ClimaAtmos ~/git/ClimaAtmosResiDyn.jl/src/parameterized_tendencies/tagged_tracers/tagged_tracers.jl:590
┌ Warning: water tag closure residual 2.4322324755007986e-5 exceeds the configured tolerance 1.0e-10 at t = 3220.0 s. The tags no longer account for the field they partition; see output/a1_dt5/output_0000/water_tag_closure.csv.
└ @ ClimaAtmos ~/git/ClimaAtmosResiDyn.jl/src/parameterized_tendencies/tagged_tracers/tagged_tracers.jl:590
┌ Warning: water tag closure residual 2.43196844161123e-5 exceeds the configured tolerance 1.0e-10 at t = 3225.0 s. The tags no longer account for the field they partition; see output/a1_dt5/output_0000/water_tag_closure.csv.
└ @ ClimaAtmos ~/git/ClimaAtmosResiDyn.jl/src/parameterized_tendencies/tagged_tracers/tagged_tracers.jl:590
┌ Warning: water tag closure residual 2.431704278079264e-5 exceeds the configured tolerance 1.0e-10 at t = 3230.0 s. The tags no longer account for the field they partition; see output/a1_dt5/output_0000/water_tag_closure.csv.
└ @ ClimaAtmos ~/git/ClimaAtmosResiDyn.jl/src/parameterized_tendencies/tagged_tracers/tagged_tracers.jl:590
┌ Warning: water tag closure residual 2.431440091458132e-5 exceeds the configured tolerance 1.0e-10 at t = 3235.0 s. The tags no longer account for the field they partition; see output/a1_dt5/output_0000/water_tag_closure.csv.
└ @ ClimaAtmos ~/git/ClimaAtmosResiDyn.jl/src/parameterized_tendencies/tagged_tracers/tagged_tracers.jl:590
┌ Warning: water tag closure residual 2.4311754614874644e-5 exceeds the configured tolerance 1.0e-10 at t = 3240.0 s. The tags no longer account for the field they partition; see output/a1_dt5/output_0000/water_tag_closure.csv.
└ @ ClimaAtmos ~/git/ClimaAtmosResiDyn.jl/src/parameterized_tendencies/tagged_tracers/tagged_tracers.jl:590
┌ Warning: water tag closure residual 2.4309108441335763e-5 exceeds the configured tolerance 1.0e-10 at t = 3245.0 s. The tags no longer account for the field they partition; see output/a1_dt5/output_0000/water_tag_closure.csv.
└ @ ClimaAtmos ~/git/ClimaAtmosResiDyn.jl/src/parameterized_tendencies/tagged_tracers/tagged_tracers.jl:590
┌ Warning: water tag closure residual 2.43064587278063e-5 exceeds the configured tolerance 1.0e-10 at t = 3250.0 s. The tags no longer account for the field they partition; see output/a1_dt5/output_0000/water_tag_closure.csv.
└ @ ClimaAtmos ~/git/ClimaAtmosResiDyn.jl/src/parameterized_tendencies/tagged_tracers/tagged_tracers.jl:590
┌ Warning: water tag closure residual 2.4303807895657024e-5 exceeds the configured tolerance 1.0e-10 at t = 3255.0 s. The tags no longer account for the field they partition; see output/a1_dt5/output_0000/water_tag_closure.csv.
└ @ ClimaAtmos ~/git/ClimaAtmosResiDyn.jl/src/parameterized_tendencies/tagged_tracers/tagged_tracers.jl:590
┌ Warning: water tag closure residual 2.4301154607399254e-5 exceeds the configured tolerance 1.0e-10 at t = 3260.0 s. The tags no longer account for the field they partition; see output/a1_dt5/output_0000/water_tag_closure.csv.
└ @ ClimaAtmos ~/git/ClimaAtmosResiDyn.jl/src/parameterized_tendencies/tagged_tracers/tagged_tracers.jl:590
┌ Warning: water tag closure residual 2.4298499414164615e-5 exceeds the configured tolerance 1.0e-10 at t = 3265.0 s. The tags no longer account for the field they partition; see output/a1_dt5/output_0000/water_tag_closure.csv.
└ @ ClimaAtmos ~/git/ClimaAtmosResiDyn.jl/src/parameterized_tendencies/tagged_tracers/tagged_tracers.jl:590
┌ Warning: water tag closure residual 2.4295842218261363e-5 exceeds the configured tolerance 1.0e-10 at t = 3270.0 s. The tags no longer account for the field they partition; see output/a1_dt5/output_0000/water_tag_closure.csv.
└ @ ClimaAtmos ~/git/ClimaAtmosResiDyn.jl/src/parameterized_tendencies/tagged_tracers/tagged_tracers.jl:590
┌ Warning: water tag closure residual 2.4293182889306587e-5 exceeds the configured tolerance 1.0e-10 at t = 3275.0 s. The tags no longer account for the field they partition; see output/a1_dt5/output_0000/water_tag_closure.csv.
└ @ ClimaAtmos ~/git/ClimaAtmosResiDyn.jl/src/parameterized_tendencies/tagged_tracers/tagged_tracers.jl:590
┌ Warning: water tag closure residual 2.4290521614140684e-5 exceeds the configured tolerance 1.0e-10 at t = 3280.0 s. The tags no longer account for the field they partition; see output/a1_dt5/output_0000/water_tag_closure.csv.
└ @ ClimaAtmos ~/git/ClimaAtmosResiDyn.jl/src/parameterized_tendencies/tagged_tracers/tagged_tracers.jl:590
┌ Warning: water tag closure residual 2.4287858214128415e-5 exceeds the configured tolerance 1.0e-10 at t = 3285.0 s. The tags no longer account for the field they partition; see output/a1_dt5/output_0000/water_tag_closure.csv.
└ @ ClimaAtmos ~/git/ClimaAtmosResiDyn.jl/src/parameterized_tendencies/tagged_tracers/tagged_tracers.jl:590
┌ Warning: water tag closure residual 2.4285192811971168e-5 exceeds the configured tolerance 1.0e-10 at t = 3290.0 s. The tags no longer account for the field they partition; see output/a1_dt5/output_0000/water_tag_closure.csv.
└ @ ClimaAtmos ~/git/ClimaAtmosResiDyn.jl/src/parameterized_tendencies/tagged_tracers/tagged_tracers.jl:590
┌ Warning: water tag closure residual 2.4282525326325625e-5 exceeds the configured tolerance 1.0e-10 at t = 3295.0 s. The tags no longer account for the field they partition; see output/a1_dt5/output_0000/water_tag_closure.csv.
└ @ ClimaAtmos ~/git/ClimaAtmosResiDyn.jl/src/parameterized_tendencies/tagged_tracers/tagged_tracers.jl:590
┌ Warning: water tag closure residual 2.4279855791744974e-5 exceeds the configured tolerance 1.0e-10 at t = 3300.0 s. The tags no longer account for the field they partition; see output/a1_dt5/output_0000/water_tag_closure.csv.
└ @ ClimaAtmos ~/git/ClimaAtmosResiDyn.jl/src/parameterized_tendencies/tagged_tracers/tagged_tracers.jl:590
┌ Info: Progress
│   simulation_time = "55 minutes"
│   n_steps_completed = 660
│   wall_time_per_step = "5 milliseconds, 737 microseconds"
│   wall_time_total = "4 seconds, 130 milliseconds"
│   wall_time_remaining = "344 milliseconds, 233 microseconds"
│   wall_time_spent = "3 seconds, 786 milliseconds"
│   percent_complete = "91.7%"
│   estimated_sypd = "2.386"
│   instantaneous_sypd = "3.188"
│   date_now = 2026-09-10T00:20:05.766
└   estimated_finish_date = 2026-09-10T00:20:06.766
┌ Warning: water tag closure residual 2.427718419211137e-5 exceeds the configured tolerance 1.0e-10 at t = 3305.0 s. The tags no longer account for the field they partition; see output/a1_dt5/output_0000/water_tag_closure.csv.
└ @ ClimaAtmos ~/git/ClimaAtmosResiDyn.jl/src/parameterized_tendencies/tagged_tracers/tagged_tracers.jl:590
┌ Warning: water tag closure residual 2.4274510522403962e-5 exceeds the configured tolerance 1.0e-10 at t = 3310.0 s. The tags no longer account for the field they partition; see output/a1_dt5/output_0000/water_tag_closure.csv.
└ @ ClimaAtmos ~/git/ClimaAtmosResiDyn.jl/src/parameterized_tendencies/tagged_tracers/tagged_tracers.jl:590
┌ Warning: water tag closure residual 2.4271834786315972e-5 exceeds the configured tolerance 1.0e-10 at t = 3315.0 s. The tags no longer account for the field they partition; see output/a1_dt5/output_0000/water_tag_closure.csv.
└ @ ClimaAtmos ~/git/ClimaAtmosResiDyn.jl/src/parameterized_tendencies/tagged_tracers/tagged_tracers.jl:590
┌ Warning: water tag closure residual 2.4269156972444863e-5 exceeds the configured tolerance 1.0e-10 at t = 3320.0 s. The tags no longer account for the field they partition; see output/a1_dt5/output_0000/water_tag_closure.csv.
└ @ ClimaAtmos ~/git/ClimaAtmosResiDyn.jl/src/parameterized_tendencies/tagged_tracers/tagged_tracers.jl:590
┌ Warning: water tag closure residual 2.4266477083685428e-5 exceeds the configured tolerance 1.0e-10 at t = 3325.0 s. The tags no longer account for the field they partition; see output/a1_dt5/output_0000/water_tag_closure.csv.
└ @ ClimaAtmos ~/git/ClimaAtmosResiDyn.jl/src/parameterized_tendencies/tagged_tracers/tagged_tracers.jl:590
┌ Warning: water tag closure residual 2.426379511219425e-5 exceeds the configured tolerance 1.0e-10 at t = 3330.0 s. The tags no longer account for the field they partition; see output/a1_dt5/output_0000/water_tag_closure.csv.
└ @ ClimaAtmos ~/git/ClimaAtmosResiDyn.jl/src/parameterized_tendencies/tagged_tracers/tagged_tracers.jl:590
┌ Warning: water tag closure residual 2.426111105707402e-5 exceeds the configured tolerance 1.0e-10 at t = 3335.0 s. The tags no longer account for the field they partition; see output/a1_dt5/output_0000/water_tag_closure.csv.
└ @ ClimaAtmos ~/git/ClimaAtmosResiDyn.jl/src/parameterized_tendencies/tagged_tracers/tagged_tracers.jl:590
┌ Warning: water tag closure residual 2.4258424913821865e-5 exceeds the configured tolerance 1.0e-10 at t = 3340.0 s. The tags no longer account for the field they partition; see output/a1_dt5/output_0000/water_tag_closure.csv.
└ @ ClimaAtmos ~/git/ClimaAtmosResiDyn.jl/src/parameterized_tendencies/tagged_tracers/tagged_tracers.jl:590
┌ Warning: water tag closure residual 2.4255736679179803e-5 exceeds the configured tolerance 1.0e-10 at t = 3345.0 s. The tags no longer account for the field they partition; see output/a1_dt5/output_0000/water_tag_closure.csv.
└ @ ClimaAtmos ~/git/ClimaAtmosResiDyn.jl/src/parameterized_tendencies/tagged_tracers/tagged_tracers.jl:590
┌ Warning: water tag closure residual 2.4253046350236945e-5 exceeds the configured tolerance 1.0e-10 at t = 3350.0 s. The tags no longer account for the field they partition; see output/a1_dt5/output_0000/water_tag_closure.csv.
└ @ ClimaAtmos ~/git/ClimaAtmosResiDyn.jl/src/parameterized_tendencies/tagged_tracers/tagged_tracers.jl:590
┌ Warning: water tag closure residual 2.4250353923011497e-5 exceeds the configured tolerance 1.0e-10 at t = 3355.0 s. The tags no longer account for the field they partition; see output/a1_dt5/output_0000/water_tag_closure.csv.
└ @ ClimaAtmos ~/git/ClimaAtmosResiDyn.jl/src/parameterized_tendencies/tagged_tracers/tagged_tracers.jl:590
┌ Warning: water tag closure residual 2.4247659394657573e-5 exceeds the configured tolerance 1.0e-10 at t = 3360.0 s. The tags no longer account for the field they partition; see output/a1_dt5/output_0000/water_tag_closure.csv.
└ @ ClimaAtmos ~/git/ClimaAtmosResiDyn.jl/src/parameterized_tendencies/tagged_tracers/tagged_tracers.jl:590
┌ Warning: water tag closure residual 2.424496276152344e-5 exceeds the configured tolerance 1.0e-10 at t = 3365.0 s. The tags no longer account for the field they partition; see output/a1_dt5/output_0000/water_tag_closure.csv.
└ @ ClimaAtmos ~/git/ClimaAtmosResiDyn.jl/src/parameterized_tendencies/tagged_tracers/tagged_tracers.jl:590
┌ Warning: water tag closure residual 2.424226369163082e-5 exceeds the configured tolerance 1.0e-10 at t = 3370.0 s. The tags no longer account for the field they partition; see output/a1_dt5/output_0000/water_tag_closure.csv.
└ @ ClimaAtmos ~/git/ClimaAtmosResiDyn.jl/src/parameterized_tendencies/tagged_tracers/tagged_tracers.jl:590
┌ Warning: water tag closure residual 2.4239562104321974e-5 exceeds the configured tolerance 1.0e-10 at t = 3375.0 s. The tags no longer account for the field they partition; see output/a1_dt5/output_0000/water_tag_closure.csv.
└ @ ClimaAtmos ~/git/ClimaAtmosResiDyn.jl/src/parameterized_tendencies/tagged_tracers/tagged_tracers.jl:590
┌ Warning: water tag closure residual 2.423685849550184e-5 exceeds the configured tolerance 1.0e-10 at t = 3380.0 s. The tags no longer account for the field they partition; see output/a1_dt5/output_0000/water_tag_closure.csv.
└ @ ClimaAtmos ~/git/ClimaAtmosResiDyn.jl/src/parameterized_tendencies/tagged_tracers/tagged_tracers.jl:590
┌ Warning: water tag closure residual 2.4234168871450297e-5 exceeds the configured tolerance 1.0e-10 at t = 3385.0 s. The tags no longer account for the field they partition; see output/a1_dt5/output_0000/water_tag_closure.csv.
└ @ ClimaAtmos ~/git/ClimaAtmosResiDyn.jl/src/parameterized_tendencies/tagged_tracers/tagged_tracers.jl:590
┌ Warning: water tag closure residual 2.4231485003465143e-5 exceeds the configured tolerance 1.0e-10 at t = 3390.0 s. The tags no longer account for the field they partition; see output/a1_dt5/output_0000/water_tag_closure.csv.
└ @ ClimaAtmos ~/git/ClimaAtmosResiDyn.jl/src/parameterized_tendencies/tagged_tracers/tagged_tracers.jl:590
┌ Warning: water tag closure residual 2.4228792481141784e-5 exceeds the configured tolerance 1.0e-10 at t = 3395.0 s. The tags no longer account for the field they partition; see output/a1_dt5/output_0000/water_tag_closure.csv.
└ @ ClimaAtmos ~/git/ClimaAtmosResiDyn.jl/src/parameterized_tendencies/tagged_tracers/tagged_tracers.jl:590
┌ Warning: water tag closure residual 2.422610207294813e-5 exceeds the configured tolerance 1.0e-10 at t = 3400.0 s. The tags no longer account for the field they partition; see output/a1_dt5/output_0000/water_tag_closure.csv.
└ @ ClimaAtmos ~/git/ClimaAtmosResiDyn.jl/src/parameterized_tendencies/tagged_tracers/tagged_tracers.jl:590
┌ Warning: water tag closure residual 2.4223407147996573e-5 exceeds the configured tolerance 1.0e-10 at t = 3405.0 s. The tags no longer account for the field they partition; see output/a1_dt5/output_0000/water_tag_closure.csv.
└ @ ClimaAtmos ~/git/ClimaAtmosResiDyn.jl/src/parameterized_tendencies/tagged_tracers/tagged_tracers.jl:590
┌ Warning: water tag closure residual 2.4220711122664577e-5 exceeds the configured tolerance 1.0e-10 at t = 3410.0 s. The tags no longer account for the field they partition; see output/a1_dt5/output_0000/water_tag_closure.csv.
└ @ ClimaAtmos ~/git/ClimaAtmosResiDyn.jl/src/parameterized_tendencies/tagged_tracers/tagged_tracers.jl:590
┌ Warning: water tag closure residual 2.421801272430154e-5 exceeds the configured tolerance 1.0e-10 at t = 3415.0 s. The tags no longer account for the field they partition; see output/a1_dt5/output_0000/water_tag_closure.csv.
└ @ ClimaAtmos ~/git/ClimaAtmosResiDyn.jl/src/parameterized_tendencies/tagged_tracers/tagged_tracers.jl:590
┌ Warning: water tag closure residual 2.4215312003510814e-5 exceeds the configured tolerance 1.0e-10 at t = 3420.0 s. The tags no longer account for the field they partition; see output/a1_dt5/output_0000/water_tag_closure.csv.
└ @ ClimaAtmos ~/git/ClimaAtmosResiDyn.jl/src/parameterized_tendencies/tagged_tracers/tagged_tracers.jl:590
┌ Warning: water tag closure residual 2.4212609437841167e-5 exceeds the configured tolerance 1.0e-10 at t = 3425.0 s. The tags no longer account for the field they partition; see output/a1_dt5/output_0000/water_tag_closure.csv.
└ @ ClimaAtmos ~/git/ClimaAtmosResiDyn.jl/src/parameterized_tendencies/tagged_tracers/tagged_tracers.jl:590
┌ Warning: water tag closure residual 2.4209904425160332e-5 exceeds the configured tolerance 1.0e-10 at t = 3430.0 s. The tags no longer account for the field they partition; see output/a1_dt5/output_0000/water_tag_closure.csv.
└ @ ClimaAtmos ~/git/ClimaAtmosResiDyn.jl/src/parameterized_tendencies/tagged_tracers/tagged_tracers.jl:590
┌ Warning: water tag closure residual 2.4207197473100447e-5 exceeds the configured tolerance 1.0e-10 at t = 3435.0 s. The tags no longer account for the field they partition; see output/a1_dt5/output_0000/water_tag_closure.csv.
└ @ ClimaAtmos ~/git/ClimaAtmosResiDyn.jl/src/parameterized_tendencies/tagged_tracers/tagged_tracers.jl:590
┌ Warning: water tag closure residual 2.4204488223954135e-5 exceeds the configured tolerance 1.0e-10 at t = 3440.0 s. The tags no longer account for the field they partition; see output/a1_dt5/output_0000/water_tag_closure.csv.
└ @ ClimaAtmos ~/git/ClimaAtmosResiDyn.jl/src/parameterized_tendencies/tagged_tracers/tagged_tracers.jl:590
┌ Warning: water tag closure residual 2.42017768799828e-5 exceeds the configured tolerance 1.0e-10 at t = 3445.0 s. The tags no longer account for the field they partition; see output/a1_dt5/output_0000/water_tag_closure.csv.
└ @ ClimaAtmos ~/git/ClimaAtmosResiDyn.jl/src/parameterized_tendencies/tagged_tracers/tagged_tracers.jl:590
┌ Warning: water tag closure residual 2.4199063344347752e-5 exceeds the configured tolerance 1.0e-10 at t = 3450.0 s. The tags no longer account for the field they partition; see output/a1_dt5/output_0000/water_tag_closure.csv.
└ @ ClimaAtmos ~/git/ClimaAtmosResiDyn.jl/src/parameterized_tendencies/tagged_tracers/tagged_tracers.jl:590
┌ Warning: water tag closure residual 2.4196347638191776e-5 exceeds the configured tolerance 1.0e-10 at t = 3455.0 s. The tags no longer account for the field they partition; see output/a1_dt5/output_0000/water_tag_closure.csv.
└ @ ClimaAtmos ~/git/ClimaAtmosResiDyn.jl/src/parameterized_tendencies/tagged_tracers/tagged_tracers.jl:590
┌ Warning: water tag closure residual 2.4193629769576576e-5 exceeds the configured tolerance 1.0e-10 at t = 3460.0 s. The tags no longer account for the field they partition; see output/a1_dt5/output_0000/water_tag_closure.csv.
└ @ ClimaAtmos ~/git/ClimaAtmosResiDyn.jl/src/parameterized_tendencies/tagged_tracers/tagged_tracers.jl:590
┌ Warning: water tag closure residual 2.419128801428699e-5 exceeds the configured tolerance 1.0e-10 at t = 3465.0 s. The tags no longer account for the field they partition; see output/a1_dt5/output_0000/water_tag_closure.csv.
└ @ ClimaAtmos ~/git/ClimaAtmosResiDyn.jl/src/parameterized_tendencies/tagged_tracers/tagged_tracers.jl:590
┌ Warning: water tag closure residual 2.4189160500366915e-5 exceeds the configured tolerance 1.0e-10 at t = 3470.0 s. The tags no longer account for the field they partition; see output/a1_dt5/output_0000/water_tag_closure.csv.
└ @ ClimaAtmos ~/git/ClimaAtmosResiDyn.jl/src/parameterized_tendencies/tagged_tracers/tagged_tracers.jl:590
┌ Warning: water tag closure residual 2.4186790581120082e-5 exceeds the configured tolerance 1.0e-10 at t = 3475.0 s. The tags no longer account for the field they partition; see output/a1_dt5/output_0000/water_tag_closure.csv.
└ @ ClimaAtmos ~/git/ClimaAtmosResiDyn.jl/src/parameterized_tendencies/tagged_tracers/tagged_tracers.jl:590
┌ Warning: water tag closure residual 2.4184590127604658e-5 exceeds the configured tolerance 1.0e-10 at t = 3480.0 s. The tags no longer account for the field they partition; see output/a1_dt5/output_0000/water_tag_closure.csv.
└ @ ClimaAtmos ~/git/ClimaAtmosResiDyn.jl/src/parameterized_tendencies/tagged_tracers/tagged_tracers.jl:590
┌ Warning: water tag closure residual 2.418227251912548e-5 exceeds the configured tolerance 1.0e-10 at t = 3485.0 s. The tags no longer account for the field they partition; see output/a1_dt5/output_0000/water_tag_closure.csv.
└ @ ClimaAtmos ~/git/ClimaAtmosResiDyn.jl/src/parameterized_tendencies/tagged_tracers/tagged_tracers.jl:590
┌ Info: Progress
│   simulation_time = "58 minutes, 5 seconds"
│   n_steps_completed = 697
│   wall_time_per_step = "5 milliseconds, 693 microseconds"
│   wall_time_total = "4 seconds, 99 milliseconds"
│   wall_time_remaining = "130 milliseconds, 959 microseconds"
│   wall_time_spent = "3 seconds, 968 milliseconds"
│   percent_complete = "96.8%"
│   estimated_sypd = "2.404"
│   instantaneous_sypd = "2.782"
│   date_now = 2026-09-10T00:20:05.948
└   estimated_finish_date = 2026-09-10T00:20:06.948
┌ Warning: water tag closure residual 2.418000088258703e-5 exceeds the configured tolerance 1.0e-10 at t = 3490.0 s. The tags no longer account for the field they partition; see output/a1_dt5/output_0000/water_tag_closure.csv.
└ @ ClimaAtmos ~/git/ClimaAtmosResiDyn.jl/src/parameterized_tendencies/tagged_tracers/tagged_tracers.jl:590
┌ Warning: water tag closure residual 2.417770349157532e-5 exceeds the configured tolerance 1.0e-10 at t = 3495.0 s. The tags no longer account for the field they partition; see output/a1_dt5/output_0000/water_tag_closure.csv.
└ @ ClimaAtmos ~/git/ClimaAtmosResiDyn.jl/src/parameterized_tendencies/tagged_tracers/tagged_tracers.jl:590
┌ Warning: water tag closure residual 2.4175396280275086e-5 exceeds the configured tolerance 1.0e-10 at t = 3500.0 s. The tags no longer account for the field they partition; see output/a1_dt5/output_0000/water_tag_closure.csv.
└ @ ClimaAtmos ~/git/ClimaAtmosResiDyn.jl/src/parameterized_tendencies/tagged_tracers/tagged_tracers.jl:590
┌ Warning: water tag closure residual 2.4173090973471737e-5 exceeds the configured tolerance 1.0e-10 at t = 3505.0 s. The tags no longer account for the field they partition; see output/a1_dt5/output_0000/water_tag_closure.csv.
└ @ ClimaAtmos ~/git/ClimaAtmosResiDyn.jl/src/parameterized_tendencies/tagged_tracers/tagged_tracers.jl:590
┌ Warning: water tag closure residual 2.4170766761678863e-5 exceeds the configured tolerance 1.0e-10 at t = 3510.0 s. The tags no longer account for the field they partition; see output/a1_dt5/output_0000/water_tag_closure.csv.
└ @ ClimaAtmos ~/git/ClimaAtmosResiDyn.jl/src/parameterized_tendencies/tagged_tracers/tagged_tracers.jl:590
┌ Warning: water tag closure residual 2.4168443586136826e-5 exceeds the configured tolerance 1.0e-10 at t = 3515.0 s. The tags no longer account for the field they partition; see output/a1_dt5/output_0000/water_tag_closure.csv.
└ @ ClimaAtmos ~/git/ClimaAtmosResiDyn.jl/src/parameterized_tendencies/tagged_tracers/tagged_tracers.jl:590
┌ Warning: water tag closure residual 2.4166106550455286e-5 exceeds the configured tolerance 1.0e-10 at t = 3520.0 s. The tags no longer account for the field they partition; see output/a1_dt5/output_0000/water_tag_closure.csv.
└ @ ClimaAtmos ~/git/ClimaAtmosResiDyn.jl/src/parameterized_tendencies/tagged_tracers/tagged_tracers.jl:590
┌ Warning: water tag closure residual 2.4163764994012143e-5 exceeds the configured tolerance 1.0e-10 at t = 3525.0 s. The tags no longer account for the field they partition; see output/a1_dt5/output_0000/water_tag_closure.csv.
└ @ ClimaAtmos ~/git/ClimaAtmosResiDyn.jl/src/parameterized_tendencies/tagged_tracers/tagged_tracers.jl:590
┌ Warning: water tag closure residual 2.4161414177619825e-5 exceeds the configured tolerance 1.0e-10 at t = 3530.0 s. The tags no longer account for the field they partition; see output/a1_dt5/output_0000/water_tag_closure.csv.
└ @ ClimaAtmos ~/git/ClimaAtmosResiDyn.jl/src/parameterized_tendencies/tagged_tracers/tagged_tracers.jl:590
┌ Warning: water tag closure residual 2.4159055824857473e-5 exceeds the configured tolerance 1.0e-10 at t = 3535.0 s. The tags no longer account for the field they partition; see output/a1_dt5/output_0000/water_tag_closure.csv.
└ @ ClimaAtmos ~/git/ClimaAtmosResiDyn.jl/src/parameterized_tendencies/tagged_tracers/tagged_tracers.jl:590
┌ Warning: water tag closure residual 2.4156689958911612e-5 exceeds the configured tolerance 1.0e-10 at t = 3540.0 s. The tags no longer account for the field they partition; see output/a1_dt5/output_0000/water_tag_closure.csv.
└ @ ClimaAtmos ~/git/ClimaAtmosResiDyn.jl/src/parameterized_tendencies/tagged_tracers/tagged_tracers.jl:590
┌ Warning: water tag closure residual 2.415431586692182e-5 exceeds the configured tolerance 1.0e-10 at t = 3545.0 s. The tags no longer account for the field they partition; see output/a1_dt5/output_0000/water_tag_closure.csv.
└ @ ClimaAtmos ~/git/ClimaAtmosResiDyn.jl/src/parameterized_tendencies/tagged_tracers/tagged_tracers.jl:590
┌ Warning: water tag closure residual 2.4151934446503357e-5 exceeds the configured tolerance 1.0e-10 at t = 3550.0 s. The tags no longer account for the field they partition; see output/a1_dt5/output_0000/water_tag_closure.csv.
└ @ ClimaAtmos ~/git/ClimaAtmosResiDyn.jl/src/parameterized_tendencies/tagged_tracers/tagged_tracers.jl:590
┌ Warning: water tag closure residual 2.414954498208353e-5 exceeds the configured tolerance 1.0e-10 at t = 3555.0 s. The tags no longer account for the field they partition; see output/a1_dt5/output_0000/water_tag_closure.csv.
└ @ ClimaAtmos ~/git/ClimaAtmosResiDyn.jl/src/parameterized_tendencies/tagged_tracers/tagged_tracers.jl:590
┌ Warning: water tag closure residual 2.4147147998995184e-5 exceeds the configured tolerance 1.0e-10 at t = 3560.0 s. The tags no longer account for the field they partition; see output/a1_dt5/output_0000/water_tag_closure.csv.
└ @ ClimaAtmos ~/git/ClimaAtmosResiDyn.jl/src/parameterized_tendencies/tagged_tracers/tagged_tracers.jl:590
┌ Warning: water tag closure residual 2.414474322826718e-5 exceeds the configured tolerance 1.0e-10 at t = 3565.0 s. The tags no longer account for the field they partition; see output/a1_dt5/output_0000/water_tag_closure.csv.
└ @ ClimaAtmos ~/git/ClimaAtmosResiDyn.jl/src/parameterized_tendencies/tagged_tracers/tagged_tracers.jl:590
┌ Warning: water tag closure residual 2.4142330819648856e-5 exceeds the configured tolerance 1.0e-10 at t = 3570.0 s. The tags no longer account for the field they partition; see output/a1_dt5/output_0000/water_tag_closure.csv.
└ @ ClimaAtmos ~/git/ClimaAtmosResiDyn.jl/src/parameterized_tendencies/tagged_tracers/tagged_tracers.jl:590
┌ Warning: water tag closure residual 2.4139910761900976e-5 exceeds the configured tolerance 1.0e-10 at t = 3575.0 s. The tags no longer account for the field they partition; see output/a1_dt5/output_0000/water_tag_closure.csv.
└ @ ClimaAtmos ~/git/ClimaAtmosResiDyn.jl/src/parameterized_tendencies/tagged_tracers/tagged_tracers.jl:590
┌ Warning: water tag closure residual 2.4137483056657354e-5 exceeds the configured tolerance 1.0e-10 at t = 3580.0 s. The tags no longer account for the field they partition; see output/a1_dt5/output_0000/water_tag_closure.csv.
└ @ ClimaAtmos ~/git/ClimaAtmosResiDyn.jl/src/parameterized_tendencies/tagged_tracers/tagged_tracers.jl:590
┌ Warning: water tag closure residual 2.413504598650349e-5 exceeds the configured tolerance 1.0e-10 at t = 3585.0 s. The tags no longer account for the field they partition; see output/a1_dt5/output_0000/water_tag_closure.csv.
└ @ ClimaAtmos ~/git/ClimaAtmosResiDyn.jl/src/parameterized_tendencies/tagged_tracers/tagged_tracers.jl:590
┌ Warning: water tag closure residual 2.4132597220632308e-5 exceeds the configured tolerance 1.0e-10 at t = 3590.0 s. The tags no longer account for the field they partition; see output/a1_dt5/output_0000/water_tag_closure.csv.
└ @ ClimaAtmos ~/git/ClimaAtmosResiDyn.jl/src/parameterized_tendencies/tagged_tracers/tagged_tracers.jl:590
┌ Warning: water tag closure residual 2.4130137223074698e-5 exceeds the configured tolerance 1.0e-10 at t = 3595.0 s. The tags no longer account for the field they partition; see output/a1_dt5/output_0000/water_tag_closure.csv.
└ @ ClimaAtmos ~/git/ClimaAtmosResiDyn.jl/src/parameterized_tendencies/tagged_tracers/tagged_tracers.jl:590
┌ Warning: water tag closure residual 2.4127665958183826e-5 exceeds the configured tolerance 1.0e-10 at t = 3600.0 s. The tags no longer account for the field they partition; see output/a1_dt5/output_0000/water_tag_closure.csv.
└ @ ClimaAtmos ~/git/ClimaAtmosResiDyn.jl/src/parameterized_tendencies/tagged_tracers/tagged_tracers.jl:590
[ Info: solve! walltime = 4.077
[ Info: sypd: 2.419
[ Info: wall_time_per_timestep: 5 milliseconds, 662 microseconds
[ Info: Memory currently used (after solve!) by the process (RSS): 4.1 GiB
┌ Info: Tag-closure run finished
│   simulation.job_id = "a1_dt5"
└   result.ret_code = :success
┌ Info: Where it went
│   config = "/home/b/b309159/git/ClimaAtmosResiDyn.jl/experiments/tag_closure/configs/a1_dt5.yml"
└   simulation.output_dir = "output/a1_dt5/output_0000"
┌ Info: water tag closure (721 rows)
│   columns: time,total,tagged,residual,relative,gross_residual,gross_relative,scale,nonpositive_fraction
│   first:   0.0,11.572872709327106,11.572872709327104,1.7763568394002505e-15,1.5349316319435567e-16,3.1251792600821884e-16,2.700435180249986e-17,11.572872709327106,0.0
│   last:    3600.0,11.513167193912013,11.513153481801186,1.3712110826347157e-5,1.1909938069515669e-6,0.0002777858521754297,2.4127665958183826e-5,11.513167193912013,0.0
└   path = "output/a1_dt5/output_0000/water_tag_closure.csv"
