time,total,tagged,residual,relative,gross_residual,gross_relative,scale,nonpositive_fraction
0.0,11.572872709327106,11.572872709327104,1.7763568394002505e-15,1.5349316319435567e-16,3.1251792600821884e-16,2.700435180249986e-17,11.572872709327106,0.0
5.0,11.572543436883139,11.572543170767037,2.66116101599323e-7,2.2995472261627272e-8,1.3640724118422542e-5,1.1787144453437827e-6,11.572543436883139,0.0
10.0,11.572101629912938,11.572100967798956,6.621139814200205e-7,5.721639876619386e-8,1.97906333378239e-5,1.7102021716320506e-6,11.572101629912938,0.0
15.0,11.571690032220054,11.571689502695326,5.295247280656667e-7,4.5760362279949204e-8,2.0668176541915187e-5,1.7860983559330574e-6,11.571690032220054,0.0
20.0,11.571273956730014,11.571273370151832,5.865781815828086e-7,5.06926189610822e-8,2.1034193543520958e-5,1.8177941013389609e-6,11.571273956730014,0.0
25.0,11.570861418215653,11.570860861180844,5.570348093897337e-7,4.814117024276264e-8,2.11696620459802e-5,1.8295666399265181e-6,11.570861418215653,0.0
30.0,11.570447834085941,11.570447266518013,5.675679286554214e-7,4.9053237765213855e-8,2.121842796741328e-5,1.8338467336506102e-6,11.570447834085941,0.0
35.0,11.57003957109174,11.570039008086795,5.630049457749919e-7,4.866058947470542e-8,2.1228579466165986e-5,1.834788838510677e-6,11.57003957109174,0.0
40.0,11.569634866169755,11.569634305830895,5.603388597563708e-7,4.843185340229122e-8,2.122347995580301e-5,1.8344122525302527e-6,11.569634866169755,0.0
45.0,11.569229010276505,11.569228448920692,5.613558133887864e-7,4.852145401306824e-8,2.1224467073416214e-5,1.834561927554838e-6,11.569229010276505,0.0
50.0,11.568825612184769,11.568825054543293,5.576414761065962e-7,4.8202081594113144e-8,2.1220445758629515e-5,1.8342782984194401e-6,11.568825612184769,0.0
55.0,11.568424372070591,11.5684238146297,5.57440891668648e-7,4.81864144796128e-8,2.1219680124454698e-5,1.834275735569049e-6,11.568424372070591,0.0
60.0,11.56802540999926,11.568024855042047,5.549572126284374e-7,4.7973374276022874e-8,2.121694619157014e-5,1.8341026613954765e-6,11.56802540999926,0.0
65.0,11.567628703759658,11.5676281500709,5.53688757065629e-7,4.786536387407314e-8,2.1215018781678587e-5,1.833998940057903e-6,11.567628703759658,0.0
70.0,11.567234219681023,11.567233667734046,5.519469770121077e-7,4.771641747108395e-8,2.121288233972002e-5,1.833876788249645e-6,11.567234219681023,0.0
75.0,11.566842007668194,11.566841457375826,5.502923681177663e-7,4.757498786211068e-8,2.1210680383082873e-5,1.833748603899088e-6,11.566842007668194,0.0
80.0,11.566452014958374,11.566451466194998,5.487633760736799e-7,4.744440000822973e-8,2.1208681833298695e-5,1.833637644964113e-6,11.566452014958374,0.0
85.0,11.56606425492705,11.566063707867242,5.470598072321309e-7,4.729870033352857e-8,2.1206483008635383e-5,1.833509008874959e-6,11.56606425492705,0.0
90.0,11.565678704606311,11.565678159086143,5.455201677051491e-7,4.7167155654071776e-8,2.1204442548434973e-5,1.8333937065007514e-6,11.565678704606311,0.0
95.0,11.565295357327201,11.565294813456994,5.438702075366564e-7,4.702605430583206e-8,2.1202309830223395e-5,1.8332700700800223e-6,11.565295357327201,0.0
100.0,11.56491420215054,11.564913659859034,5.422915059227762e-7,4.689109633186341e-8,2.1200228964925436e-5,1.833150561634359e-6,11.56491420215054,0.0
105.0,11.564535226625503,11.564534685940778,5.406847254363356e-7,4.6753692633621366e-8,2.1198134630768172e-5,1.8330295351570064e-6,11.564535226625503,0.0
110.0,11.564158421953447,11.56415788286267,5.390907773517029e-7,4.6617380848768956e-8,2.119604361604576e-5,1.8329084437140798e-6,11.564158421953447,0.0
115.0,11.563783775817882,11.563783238314723,5.375031584264889e-7,4.648159883017809e-8,2.1193963825137918e-5,1.8327879728656474e-6,11.563783775817882,0.0
120.0,11.563411278639103,11.563410742726902,5.359122017267737e-7,4.634551075051316e-8,2.1191878897638784e-5,1.832666709415256e-6,11.563411278639103,0.0
125.0,11.56304091922647,11.563040384894371,5.343320985673472e-7,4.621034400033e-8,2.118980491941284e-5,1.8325460462722612e-6,11.56304091922647,0.0
130.0,11.562672687266087,11.562672154516022,5.327500645080363e-7,4.607499311943261e-8,2.118772969694327e-5,1.832424930637119e-6,11.562672687266087,0.0
135.0,11.56230657222156,11.562306041046334,5.311752264702818e-7,4.5940247575378274e-8,2.1185660868835938e-5,1.8323040248504122e-6,11.56230657222156,0.0
140.0,11.561942563578938,11.561942033976816,5.296021221568026e-7,4.580563510366264e-8,2.1183594495240905e-5,1.8321829899043915e-6,11.561942563578938,0.0
145.0,11.56158065102232,11.561580122988994,5.280333255086589e-7,4.567137846000046e-8,2.1181531994223535e-5,1.832061950140925e-6,11.56158065102232,0.0
150.0,11.561220824123174,11.561220297655112,5.264680620342688e-7,4.553741080144079e-8,2.1179473321293836e-5,1.8319409034296454e-6,11.561220824123174,0.0
155.0,11.560863072632133,11.56086254772601,5.249061221235252e-7,4.54037141367177e-8,2.117741790137526e-5,1.831819801716038e-6,11.560863072632133,0.0
160.0,11.560507386265794,11.560506862917755,5.233480386834799e-7,4.527033470046756e-8,2.11753664057831e-5,1.8316987047592762e-6,11.560507386265794,0.0
165.0,11.560153754834285,11.560153233041053,5.217932326218033e-7,4.51372225394145e-8,2.117331825313323e-5,1.8315775639470938e-6,11.560153754834285,0.0
170.0,11.55980216818082,11.559801647938688,5.202421320404937e-7,4.5004414822296644e-8,2.1171273822041472e-5,1.8314564137020367e-6,11.55980216818082,0.0
175.0,11.55945261619866,11.559452097504233,5.186944278534611e-7,4.487188494778694e-8,2.11692328807711e-5,1.831335235641342e-6,11.55945261619866,0.0
180.0,11.559105088836443,11.55910457168617,5.171502728273936e-7,4.4739646266115116e-8,2.1167195517113712e-5,1.8312140390138485e-6,11.559105088836443,0.0
185.0,11.558759576084528,11.558759060474948,5.15609579920806e-7,4.460769138131569e-8,2.1165161696265306e-5,1.831092822456205e-6,11.558759576084528,0.0
190.0,11.558416067988547,11.558415553916202,5.140723455809848e-7,4.447602011877101e-8,2.116313139501109e-5,1.8309715855984064e-6,11.558416067988547,0.0
195.0,11.558074554639107,11.55807404210053,5.125385769133572e-7,4.43446332250589e-8,2.11611046297016e-5,1.8308503314860595e-6,11.558074554639107,0.0
200.0,11.557735026177975,11.557734515169745,5.110082295090024e-7,4.421352698877261e-8,2.1159081360779532e-5,1.8307290583193639e-6,11.557735026177975,0.0
205.0,11.557397472795047,11.557396963313728,5.094813193551317e-7,4.408270292290281e-8,2.115706160099498e-5,1.8306077688161697e-6,11.557397472795047,0.0
210.0,11.557061884729192,11.557061376771387,5.07957805595538e-7,4.395215762119635e-8,2.1155045326311575e-5,1.8304864625034657e-6,11.557061884729192,0.0
215.0,11.556728252268492,11.556727745830798,5.064376935592918e-7,4.382189167248803e-8,2.1153032533242002e-5,1.830365140678101e-6,11.556728252268492,0.0
220.0,11.55639656574958,11.556396060828622,5.049209583773973e-7,4.369190305167125e-8,2.115102320920114e-5,1.8302438038417407e-6,11.55639656574958,0.0
225.0,11.556066815558333,11.55606631215074,5.03407592944427e-7,4.3562191269669014e-8,2.1149017344840865e-5,1.830122452768031e-6,11.556066815558333,0.0
230.0,11.555738992129415,11.555738490231835,5.018975794968128e-7,4.3432754914130024e-8,2.1147014928706826e-5,1.830001088040324e-6,11.555738992129415,0.0
235.0,11.555413085946636,11.555412585555729,5.003909073764135e-7,4.3303593186553806e-8,2.1145015951278904e-5,1.829879710401255e-6,11.555413085946636,0.0
240.0,11.555089087542902,11.555088588655337,4.988875641487311e-7,4.317470513373737e-8,2.1143020404782475e-5,1.8297583207364412e-6,11.555089087542902,0.0
245.0,11.554766987500352,11.554766490112815,4.97387537379268e-7,4.3046089801493093e-8,2.1141028276879078e-5,1.8296369195284418e-6,11.554766987500352,0.0
250.0,11.554446776450527,11.55444628055972,4.958908075280988e-7,4.29177456197028e-8,2.1139039558478735e-5,1.8295155075328107e-6,11.554446776450527,0.0
255.0,11.554128445074495,11.554127950677131,4.943973639370824e-7,4.2789671785918493e-8,2.113705423990195e-5,1.8293940854459377e-6,11.554128445074495,0.0
260.0,11.5538119841031,11.553811491195898,4.929072030535053e-7,4.266186811172769e-8,2.1135072312969682e-5,1.8292726540858935e-6,11.5538119841031,0.0
265.0,11.553497384317156,11.55349689289686,4.91420296455658e-7,4.253433225533225e-8,2.1133093767482818e-5,1.8291512140877023e-6,11.553497384317156,0.0
270.0,11.553184636547781,11.553184146611137,4.899366441435404e-7,4.240706433390291e-8,2.113111859194978e-5,1.8290297659662427e-6,11.553184636547781,0.0
275.0,11.552873731676694,11.552873243220464,4.884562301299411e-7,4.228006307994594e-8,2.1129146778252456e-5,1.8289083105200645e-6,11.552873731676694,0.0
280.0,11.552564660636612,11.552564173657572,4.869790402040053e-7,4.215332737875106e-8,2.1127178317694696e-5,1.828786848489318e-6,11.552564660636612,0.0
285.0,11.5522574144117,11.55225692890664,4.855050601548783e-7,4.202685611464992e-8,2.1125213199585507e-5,1.8286653804330337e-6,11.5522574144117,0.0
290.0,11.551951984038086,11.5519515000038,4.840342846534895e-7,4.190064893987649e-8,2.1123251416491437e-5,1.8285439071836948e-6,11.551951984038086,0.0
295.0,11.551648360604437,11.551647878037738,4.825666994889843e-7,4.1774704736920696e-8,2.1121292957988922e-5,1.8284224293063363e-6,11.551648360604437,0.0
300.0,11.551346535252646,11.55134605415035,4.811022957795785e-7,4.1649022848664463e-8,2.111933781552639e-5,1.8283009475193166e-6,11.551346535252646,0.0
305.0,11.551046499178593,11.551046019537536,4.796410575380605e-7,4.152360200196305e-8,2.111738598009536e-5,1.8281794624926009e-6,11.551046499178593,0.0
310.0,11.550748243633052,11.550747765450078,4.781829741062893e-7,4.139844138407839e-8,2.1115437442949072e-5,1.8280579749098264e-6,11.550748243633052,0.0
315.0,11.550451759922678,11.550451283194644,4.767280348261238e-7,4.1273540181368205e-8,2.1113492196379295e-5,1.827936485535405e-6,11.550451759922678,0.0
320.0,11.55015703941118,11.550156564134952,4.75276229039423e-7,4.1148897579288e-8,2.111155023207954e-5,1.8278149950726377e-6,11.55015703941118,0.0
325.0,11.549864073520656,11.549863599693108,4.7382754786440273e-7,4.102451291619136e-8,2.110961154086241e-5,1.8276935041390259e-6,11.549864073520656,0.0
330.0,11.549572853733098,11.549572381351116,4.7238198241927876e-7,4.0900385529547405e-8,2.110767611466664e-5,1.8275720134397987e-6,11.549572853733098,0.0
335.0,11.549283371587064,11.549282900652138,4.709349266107665e-7,4.077611670429143e-8,2.1105739624276987e-5,1.8274501495218491e-6,11.549283371587064,0.0
340.0,11.548995618762156,11.548995149279868,4.6948228771270806e-7,4.065135213576504e-8,2.1103798132290457e-5,1.8273275727982658e-6,11.548995618762156,0.0
345.0,11.548709567123732,11.548709099091262,4.6803246966931056e-7,4.052681963720701e-8,2.11018581592574e-5,1.8272048523351109e-6,11.548709567123732,0.0
350.0,11.548425229698422,11.548424763112944,4.6658547780964454e-7,4.040251969677679e-8,2.109992236504903e-5,1.82708221643827e-6,11.548425229698422,0.0
355.0,11.548142569585217,11.54814210444324,4.6514197649116795e-7,4.0278510045089856e-8,2.1097988967054525e-5,1.8269595166430576e-6,11.548142569585217,0.0
360.0,11.547861659310474,11.547861195611482,4.636989920925316e-7,4.015453300123958e-8,2.109605938428941e-5,1.8268368644060343e-6,11.547861659310474,0.0
365.0,11.547582288688396,11.547581826422935,4.622654614649946e-7,4.003136326794688e-8,2.109413158621823e-5,1.8267141171950165e-6,11.547582288688396,0.0
370.0,11.547304959992951,11.547304499173777,4.608191748189938e-7,3.990707584285321e-8,2.1092210770359577e-5,1.8265916457074719e-6,11.547304959992951,0.0
375.0,11.547028371724815,11.547027912335437,4.593893780935332e-7,3.978420796284168e-8,2.1090278378593034e-5,1.8264680487177771e-6,11.547028371724815,0.0
380.0,11.54675502027952,11.546754562341443,4.579380767921748e-7,3.965946068725802e-8,2.1088374392102246e-5,1.826346393862589e-6,11.54675502027952,0.0
385.0,11.546480990655207,11.546480534154853,4.565003539624968e-7,3.953588581074628e-8,2.1086418506080588e-5,1.8262203456746899e-6,11.546480990655207,0.0
390.0,11.546211021706876,11.546210566941994,4.5476488175211216e-7,3.9386503580885035e-8,2.1084443534806295e-5,1.826091996341271e-6,11.546211021706876,0.0
395.0,11.545942692309842,11.545942239211882,4.5309795915216e-7,3.924304591031317e-8,2.108218350636308e-5,1.8259386927673595e-6,11.545942692309842,0.0
400.0,11.545675954265917,11.545675502522679,4.517432383721598e-7,3.91266167664483e-8,2.108033519346937e-5,1.825820790135771e-6,11.545675954265917,0.0
405.0,11.54541136510791,11.545410914581034,4.5052687625002363e-7,3.902215884759103e-8,2.1078505540582026e-5,1.825704158474999e-6,11.54541136510791,0.0
410.0,11.545146990699536,11.54514654128238,4.4941715593438403e-7,3.892693235490398e-8,2.1076857102985285e-5,1.8256031837415534e-6,11.545146990699536,0.0
415.0,11.54488497709372,11.54488452933145,4.4776226992837564e-7,3.878447215513915e-8,2.1074981959199502e-5,1.8254821941504406e-6,11.54488497709372,0.0
420.0,11.544624563430142,11.544624117315271,4.4611487126644533e-7,3.86426486903352e-8,2.1072745790058332e-5,1.8253296739341684e-6,11.544624563430142,0.0
425.0,11.544365701986873,11.544365257214949,4.4477192417957667e-7,3.8527185959036975e-8,2.107091144800256e-5,1.825211708632558e-6,11.544365701986873,0.0
430.0,11.544108394188202,11.54410795081215,4.433760523170349e-7,3.8407128309731516e-8,2.1069031727473047e-5,1.8250895615360038e-6,11.544108394188202,0.0
435.0,11.543852629849853,11.543852187854128,4.4199572535319476e-7,3.828840678460252e-8,2.1067160341468334e-5,1.8249678869767716e-6,11.543852629849853,0.0
440.0,11.54359880491118,11.543598364180419,4.407307621079326e-7,3.817966732527341e-8,2.1065331830443124e-5,1.8248496146176664e-6,11.54359880491118,0.0
445.0,11.543345854573367,11.543345414959537,4.3961382978352503e-7,3.808374411733961e-8,2.1063641298287906e-5,1.8247431519122928e-6,11.543345854573367,0.0
450.0,11.543094628023155,11.543094189968123,4.3805503224803033e-7,3.794953141807958e-8,2.106183342282867e-5,1.8246262463877653e-6,11.543094628023155,0.0
455.0,11.542844935011285,11.542844498555635,4.3645565028782585e-7,3.78117918715157e-8,2.1059664530427592e-5,1.8244778171237733e-6,11.542844935011285,0.0
460.0,11.542596731684474,11.542596296558184,4.3512629055442176e-7,3.7697435045963124e-8,2.105784579373203e-5,1.824359481946394e-6,11.542596731684474,0.0
465.0,11.542350019053977,11.542349585304438,4.337495393968993e-7,3.757896257528758e-8,2.1055987586860795e-5,1.824237486482546e-6,11.542350019053977,0.0
470.0,11.542104787515651,11.542104355128341,4.3238730995653896e-7,3.7461738384512364e-8,2.105413722463732e-5,1.8241159313862944e-6,11.542104787515651,0.0
475.0,11.541861030456188,11.541860599432658,4.310235297566578e-7,3.7344370082024956e-8,2.105228887064766e-5,1.8239943121040658e-6,11.541861030456188,0.0
480.0,11.54161874043955,11.541618310775434,4.296641158418879e-7,3.722737039791739e-8,2.1050444069022578e-5,1.8238727636415493e-6,11.54161874043955,0.0
485.0,11.541377910317065,11.541377482010745,4.283063201881987e-7,3.711050132110545e-8,2.104860171846257e-5,1.8237511917573388e-6,11.541377910317065,0.0
490.0,11.541138532900407,11.541138105948804,4.2695160296091217e-7,3.699388944546486e-8,2.1046762669775944e-5,1.8236296713515557e-6,11.541138532900407,0.0
495.0,11.540900592522764,11.540900166923695,4.2559906887618126e-7,3.687745730622814e-8,2.104492629162187e-5,1.8235081502440695e-6,11.540900592522764,0.0
500.0,11.540664081795818,11.5406636575466,4.2424921709027785e-7,3.676124823349519e-8,2.1043092942749412e-5,1.8233866607332134e-6,11.540664081795818,0.0
505.0,11.540428993713364,11.540428570811592,4.2290177226789183e-7,3.6645238448091233e-8,2.1041262431534536e-5,1.823265187368402e-6,11.540428993713364,0.0
510.0,11.540195321314819,11.54019489975798,4.215568392140767e-7,3.6529437108872704e-8,2.1039434818474134e-5,1.8231437365374706e-6,11.540195321314819,0.0
515.0,11.539963057663662,11.539962637449275,4.2021438773076625e-7,3.641384167618308e-8,2.1037610094422002e-5,1.8230223085897122e-6,11.539963057663662,0.0
520.0,11.539732195865763,11.539731776991303,4.1887446045052457e-7,3.629845592089138e-8,2.1035788300880435e-5,1.8229009082564965e-6,11.539732195865763,0.0
525.0,11.53950272904701,11.539502311510033,4.175369774372939e-7,3.6183272992022265e-8,2.103396934240223e-5,1.8227795283982156e-6,11.53950272904701,0.0
530.0,11.539274650376216,11.539274234174254,4.1620196178371316e-7,3.60682949660223e-8,2.103215325327114e-5,1.8226581731101638e-6,11.539274650376216,0.0
535.0,11.539047953056565,11.53904753818719,4.148693744099319e-7,3.595351853096664e-8,2.1030340001105948e-5,1.8225368407048906e-6,11.539047953056565,0.0
540.0,11.538822630325418,11.538822216786187,4.135392313031616e-7,3.583894514647713e-8,2.102852959265539e-5,1.8224155328802677e-6,11.538822630325418,0.0
545.0,11.538598675452695,11.538598263241187,4.122115075944066e-7,3.572457273094597e-8,2.1026722013043623e-5,1.8222942494547484e-6,11.538598675452695,0.0
550.0,11.538376081742781,11.538375670856576,4.108862050600237e-7,3.5610401511367844e-8,2.1024917257077395e-5,1.8221729910801925e-6,11.538376081742781,0.0
555.0,11.538154842532556,11.538154432969243,4.095633130418719e-7,3.549643063656227e-8,2.1023115318339074e-5,1.822051758296964e-6,11.538154842532556,0.0
560.0,11.537934951192476,11.537934542949662,4.082428137763827e-7,3.5382658638943855e-8,2.102131618662952e-5,1.8219305513121228e-6,11.537934951192476,0.0
565.0,11.537716401125694,11.53771599420098,4.069247143689836e-7,3.5269086205766105e-8,2.101951985729061e-5,1.8218093708075379e-6,11.537716401125694,0.0
570.0,11.537499185768212,11.537498780159211,4.0560900060881977e-7,3.5155712176270264e-8,2.101772632065432e-5,1.821688217025419e-6,11.537499185768212,0.0
575.0,11.537283298588639,11.537282894292982,4.042956565086797e-7,3.504253523514824e-8,2.101593556924679e-5,1.821567090392734e-6,11.537283298588639,0.0
580.0,11.537068733088004,11.537068330103317,4.0298468739763393e-7,3.492955591413655e-8,2.101414759559438e-5,1.821445991331088e-6,11.537068733088004,0.0
585.0,11.536855482799647,11.536855081123575,4.0167607195940036e-7,3.481677243493785e-8,2.1012362393727594e-5,1.8213249203871042e-6,11.536855482799647,0.0
590.0,11.536643541289006,11.536643140919193,4.0036981374669267e-7,3.470418517429193e-8,2.1010579954751297e-5,1.821203877848492e-6,11.536643541289006,0.0
595.0,11.536432902153502,11.536432503087598,3.9906590387772667e-7,3.4591793430639485e-8,2.100880027317798e-5,1.8210828642930238e-6,11.536432902153502,0.0
600.0,11.536223559022341,11.536223161258015,3.977643263652908e-7,3.447959588596947e-8,2.1007023338891618e-5,1.8209618798919927e-6,11.536223559022341,0.0
605.0,11.53601550555638,11.536015109091306,3.964650741039577e-7,3.436759199161949e-8,2.1005249146191538e-5,1.8208409251941674e-6,11.53601550555638,0.0
610.0,11.535808735447972,11.535808340279823,3.951681488700842e-7,3.4255781968349233e-8,2.100347768747529e-5,1.8207200005782394e-6,11.535808735447972,0.0
615.0,11.535603241065719,11.535602847192184,3.938735346764588e-7,3.414416450058755e-8,2.1001708950952412e-5,1.8205991062685132e-6,11.535603241065719,0.0
620.0,11.535399015824762,11.535398623243548,3.9258121375951305e-7,3.403273811516646e-8,2.0999942929240893e-5,1.8204782427059747e-6,11.535399015824762,0.0
625.0,11.535196053525116,11.535195662233923,3.912911932246743e-7,3.392150349322386e-8,2.099817961581199e-5,1.8203574103445794e-6,11.535196053525116,0.0
630.0,11.534994347997559,11.534993957994104,3.900034553083742e-7,3.3810459159529425e-8,2.099641900434598e-5,1.8202366096512996e-6,11.534994347997559,0.0
635.0,11.534793893103496,11.534793504385494,3.887180017869696e-7,3.369960533229632e-8,2.099466108714868e-5,1.820115840968872e-6,11.534793893103496,0.0
640.0,11.534594682734804,11.534594295299986,3.874348184496057e-7,3.3588940843281244e-8,2.0992905855909914e-5,1.8199951045815669e-6,11.534594682734804,0.0
645.0,11.534396710813681,11.534396324659781,3.8615389996721206e-7,3.3478465293740646e-8,2.0991153305192437e-5,1.8198744010176879e-6,11.534396710813681,0.0
650.0,11.534199971292495,11.534199586417259,3.848752356816476e-7,3.3368177822438034e-8,2.098940342709573e-5,1.819753730586978e-6,11.534199971292495,0.0
655.0,11.534004458153632,11.534004074554808,3.835988238165555e-7,3.3258078337691414e-8,2.0987656213926785e-5,1.8196330936121814e-6,11.534004458153632,0.0
660.0,11.533810165409342,11.533809783084688,3.8232465371379476e-7,3.3148165977311786e-8,2.0985911658696366e-5,1.8195124904720992e-6,11.533810165409342,0.0
665.0,11.533617087101604,11.533616706048885,3.8105271826793796e-7,3.303844018665063e-8,2.0984169756846927e-5,1.8193919217514308e-6,11.533617087101604,0.0
670.0,11.533425217301962,11.533424837518949,3.7978301392627145e-7,3.292890071862926e-8,2.098243049916795e-5,1.819271387626547e-6,11.533425217301962,0.0
675.0,11.533234550111388,11.53323417159586,3.7851552825429735e-7,3.2819546555622736e-8,2.09806938780745e-5,1.8191508884098668e-6,11.533234550111388,0.0
680.0,11.53304507966013,11.533044702409871,3.772502594756588e-7,3.2710377603655054e-8,2.0978959887412832e-5,1.819030424533038e-6,11.53304507966013,0.0
685.0,11.532856800107567,11.532856424120375,3.759871916031443e-7,3.260139253611798e-8,2.0977228520487146e-5,1.8189099963758756e-6,11.532856800107567,0.0
690.0,11.532669705642075,11.532669330915747,3.747263281894675e-7,3.249259172021045e-8,2.0975499768934117e-5,1.8187896041687877e-6,11.532669705642075,0.0
695.0,11.532483790480859,11.532483417013202,3.734676568001305e-7,3.2383974136464696e-8,2.097377362691344e-5,1.8186692483561616e-6,11.532483790480859,0.0
700.0,11.532299048869831,11.532298676658659,3.722111721060628e-7,3.2275539381069e-8,2.097205008790241e-5,1.81854892931845e-6,11.532299048869831,0.0
705.0,11.532115475083456,11.532115104126595,3.7095686167276654e-7,3.2167286433635193e-8,2.0970329144988277e-5,1.8184286473975425e-6,11.532115475083456,0.0
710.0,11.531933059771836,11.531932690067116,3.697047201711712e-7,3.2059214899612496e-8,2.0968610779509875e-5,1.8183084024877912e-6,11.531933059771836,0.0
715.0,11.531751776912968,11.531751408458302,3.684546658888621e-7,3.1951317806417166e-8,2.096689493294195e-5,1.8181881936548895e-6,11.531751776912968,0.0
720.0,11.531571620962083,11.531571253755361,3.6720672191847825e-7,3.184359721193338e-8,2.0965181609409074e-5,1.818068022167818e-6,11.531571620962083,0.0
725.0,11.53139258640432,11.531392220443447,3.6596087227280805e-7,3.173605178478454e-8,2.096347079992043e-5,1.8179478881533069e-6,11.53139258640432,0.0
730.0,11.531214667751467,11.531214303034352,3.6471711517549465e-7,3.1628681425511335e-8,2.0961762502116035e-5,1.8178277923086728e-6,11.531214667751467,0.0
735.0,11.531037859543064,11.531037496067619,3.6347544529746756e-7,3.15214857261661e-8,2.0960056705676104e-5,1.8177077346363581e-6,11.531037859543064,0.0
740.0,11.530862156346055,11.530861794110198,3.6223585730965624e-7,3.1414464278397285e-8,2.0958353404540917e-5,1.8175877155036845e-6,11.530862156346055,0.0
745.0,11.530687552754499,11.53068719175616,3.609983387775628e-7,3.130761605723381e-8,2.095665259373072e-5,1.817467735367134e-6,11.530687552754499,0.0
750.0,11.530514043389662,11.530513683626774,3.5976288792483047e-7,3.120094096161127e-8,2.0954954265227594e-5,1.8173477944151915e-6,11.530514043389662,0.0
755.0,11.53034162289969,11.530341264370188,3.585295011987455e-7,3.109443873602951e-8,2.0953258414191335e-5,1.817227893107467e-6,11.53034162289969,0.0
760.0,11.530170285959588,11.530169928661419,3.572981697175237e-7,3.0988108662420145e-8,2.095156503336806e-5,1.8171080316897838e-6,11.530170285959588,0.0
765.0,11.530000027271033,11.529999671202152,3.5606888104666723e-7,3.088194971417906e-8,2.0949874116365413e-5,1.816988210478254e-6,11.530000027271033,0.0
770.0,11.529830841562264,11.529830486720627,3.548416369625329e-7,3.077596209680841e-8,2.0948185656165944e-5,1.8168684297303633e-6,11.529830841562264,0.0
775.0,11.52966272358794,11.529662369971506,3.5361643391240705e-7,3.06701455532573e-8,2.0946499645521008e-5,1.8167486896791568e-6,11.52966272358794,0.0
780.0,11.529495668128993,11.529495315735739,3.5239325413272127e-7,3.056449859353715e-8,2.0944816080168104e-5,1.8166289908123129e-6,11.529495668128993,0.0
785.0,11.529329669992531,11.52932931882043,3.5117210117618924e-7,3.045902157609279e-8,2.0943134952288662e-5,1.8165093333047374e-6,11.529329669992531,0.0
790.0,11.529164724011668,11.529164374058702,3.499529661610268e-7,3.035371378051209e-8,2.094145625730204e-5,1.8163897176078585e-6,11.529164724011668,0.0
795.0,11.529000825045422,11.52900047630958,3.487358419818065e-7,3.024857464006926e-8,2.0939779986645896e-5,1.8162701438234478e-6,11.529000825045422,0.0
800.0,11.528837967978673,11.528837620457871,3.4752080146915887e-7,3.014361052123356e-8,2.0938106207874132e-5,1.8161506186512194e-6,11.528837967978673,0.0
805.0,11.528676147708449,11.528675801400698,3.4630775047617135e-7,3.003881330685196e-8,2.0936434837799788e-5,1.8160311357138188e-6,11.528676147708449,0.0
810.0,11.528515359160824,11.528515014064105,3.4509671920091023e-7,2.99341856648253e-8,2.0934765875806073e-5,1.8159116957909784e-6,11.528515359160824,0.0
815.0,11.52835559729237,11.528355253404698,3.438876721162387e-7,2.98297245616718e-8,2.0933099316162934e-5,1.815792299213899e-6,11.52835559729237,0.0
820.0,11.528196856060603,11.528196513380006,3.4268059678765894e-7,2.9725428969189134e-8,2.093143514018154e-5,1.815672945346823e-6,11.528196856060603,0.0
825.0,11.5280391300063,11.5280387885308,3.4147550032059826e-7,2.962129955230397e-8,2.0929773354844982e-5,1.8155536356887387e-6,11.5280391300063,0.0
830.0,11.527882414163354,11.527882073890982,3.4027237205691563e-7,2.9517335433509553e-8,2.0928113942539855e-5,1.8154343695271574e-6,11.527882414163354,0.0
835.0,11.527726703590206,11.527726364519001,3.390712048911837e-7,2.9413536043111e-8,2.0926456904456458e-5,1.81531514777663e-6,11.527726703590206,0.0
840.0,11.527571989620657,11.52757165174867,3.3787198816526143e-7,2.9309900512395754e-8,2.09248022228985e-5,1.815195970299647e-6,11.527571989620657,0.0
845.0,11.527418266959952,11.527417930285239,3.366747129973646e-7,2.9206428117763925e-8,2.0923149895536907e-5,1.8150768377605534e-6,11.527418266959952,0.0
850.0,11.527265530780554,11.527265195301176,3.3547937761113644e-7,2.9103118750524687e-8,2.092149991426788e-5,1.814957750248962e-6,11.527265530780554,0.0
855.0,11.527113776279071,11.527113441993098,3.342859731247927e-7,2.8999971685253855e-8,2.091985227385405e-5,1.814838708099135e-6,11.527113776279071,0.0
860.0,11.526962998676014,11.526962665581514,3.3309449953833337e-7,2.889698696669648e-8,2.0918206967329273e-5,1.814719711491391e-6,11.526962998676014,0.0
865.0,11.526813193215835,11.52681286131089,3.319049444172606e-7,2.879416356054117e-8,2.0916563988299114e-5,1.814600760651666e-6,11.526813193215835,0.0
870.0,11.526664355166705,11.5266640244494,3.3071730598521754e-7,2.8691501356763027e-8,2.091492333189529e-5,1.8144818559343577e-6,11.526664355166705,0.0
875.0,11.52651647982045,11.526516150288867,3.2953158246584735e-7,2.8589000245022904e-8,2.0913284991136743e-5,1.8143629975066425e-6,11.52651647982045,0.0
880.0,11.526369562492404,11.526369234144639,3.2834776497736584e-7,2.84866594982198e-8,2.0911648960841e-5,1.8142441856878285e-6,11.526369562492404,0.0
885.0,11.526223598521302,11.526223271355459,3.2716584286163197e-7,2.8384478234797045e-8,2.0910015233920463e-5,1.8141254206280544e-6,11.526223598521302,0.0
890.0,11.526078583269168,11.526078257283345,3.259858232240731e-7,2.828245711401466e-8,2.0908383806079865e-5,1.8140067027158488e-6,11.526078583269168,0.0
895.0,11.525934512121186,11.525934187313496,3.2480769007747767e-7,2.818059479132867e-8,2.0906754670319677e-5,1.8138880321012758e-6,11.525934512121186,0.0
900.0,11.525791380485591,11.52579105685415,3.2363144164548885e-7,2.8078891154791487e-8,2.0905127820860268e-5,1.8137694090364072e-6,11.525791380485591,0.0
905.0,11.525649183793558,11.525648861336485,3.224570725990361e-7,2.797734578391032e-8,2.0903503251453767e-5,1.8136508337288796e-6,11.525649183793558,0.0
910.0,11.525507917499079,11.525507596214494,3.212845847144763e-7,2.7875958874374004e-8,2.0901880955841982e-5,1.8135323063816423e-6,11.525507917499079,0.0
915.0,11.525367577078846,11.52536725696489,3.2011395667552733e-7,2.7774728617953682e-8,2.0900260928958124e-5,1.8134138272972448e-6,11.525367577078846,0.0
920.0,11.525228158032151,11.525227839086954,3.189451973639734e-7,2.7673655826214114e-8,2.0898643165177843e-5,1.81329539672611e-6,11.525228158032151,0.0
925.0,11.525089655880766,11.525089338102466,3.177782996743872e-7,2.7572739923306224e-8,2.0897027657485124e-5,1.813177014794176e-6,11.525089655880766,0.0
930.0,11.524952066168819,11.524951749555566,3.1661325294862763e-7,2.7471980024805237e-8,2.0895414400526588e-5,1.8130586817679273e-6,11.524952066168819,0.0
935.0,11.5248153844627,11.524815069012643,3.154500571866947e-7,2.7371376170760358e-8,2.0893803388063454e-5,1.8129403978333268e-6,11.5248153844627,0.0
940.0,11.524679606350942,11.524679292062238,3.1428870350680427e-7,2.727092763026646e-8,2.0892194614458618e-5,1.8128221632248666e-6,11.524679606350942,0.0
945.0,11.524544727444104,11.524544414314914,3.1312919013259943e-7,2.7170634288652266e-8,2.0890588072947887e-5,1.8127039780755808e-6,11.524544727444104,0.0
950.0,11.524410743374673,11.52441043140316,3.1197151351136654e-7,2.7070495876825408e-8,2.088898375913441e-5,1.8125858427202782e-6,11.524410743374673,0.0
955.0,11.524277649796943,11.52427733898128,3.1081566298496455e-7,2.697051150884421e-8,2.088738166713562e-5,1.8124677573612308e-6,11.524277649796943,0.0
960.0,11.524145442386912,11.524145132725273,3.0966163855339346e-7,2.6870681223306003e-8,2.0885781792365665e-5,1.8123497223096263e-6,11.524145442386912,0.0
965.0,11.52401411684217,11.524013808332736,3.0850943488758276e-7,2.6771004596106918e-8,2.088418412572844e-5,1.8122317374816926e-6,11.52401411684217,0.0
970.0,11.523883668881794,11.52388336152275,3.073590448821051e-7,2.6671481048708754e-8,2.0882588663814543e-5,1.812113803283547e-6,11.523883668881794,0.0
975.0,11.523754094246238,11.523753788035775,3.062104632078899e-7,2.6572110156427193e-8,2.088099540128672e-5,1.811995919950471e-6,11.523754094246238,0.0
980.0,11.523625388697228,11.52362508363354,3.050636880885804e-7,2.64728918025917e-8,2.087940433074349e-5,1.8118780875350853e-6,11.523625388697228,0.0
985.0,11.523497548017652,11.523497244098937,3.039187141951061e-7,2.637382556196128e-8,2.087781544630656e-5,1.8117603062186704e-6,11.523497548017652,0.0
990.0,11.523370568011545,11.523370265235936,3.027756090290268e-7,2.6274917329268294e-8,2.087622879577879e-5,1.8116425808374535e-6,11.523370568011545,0.0
995.0,11.523244444491054,11.523244142856807,3.0163424646900694e-7,2.6176156196461665e-8,2.087464428837783e-5,1.8115249041998257e-6,11.523244444491054,0.0
1000.0,11.52311917329612,11.523118872801419,3.004947011220338e-7,2.6077548674355946e-8,2.087306196707629e-5,1.81140728071683e-6,11.52311917329612,0.0
1005.0,11.522994750289746,11.522994450932817,2.993569285791864e-7,2.5979090945230108e-8,2.0871481803265274e-5,1.8112897085838264e-6,11.522994750289746,0.0
1010.0,11.522871171357712,11.522870873136782,2.9822093061682153e-7,2.5880783199078573e-8,2.086990379703599e-5,1.8111721884830324e-6,11.522871171357712,0.0
1015.0,11.522748432404047,11.522748135317334,2.9708671256400976e-7,2.578262593397842e-8,2.0868327945364686e-5,1.811054720823305e-6,11.522748432404047,0.0
1020.0,11.522626529354813,11.522626233400558,2.9595425488082583e-7,2.5684617489498482e-8,2.0866754237902894e-5,1.8109373053741842e-6,11.522626529354813,0.0
1025.0,11.522505458155523,11.522505163331957,2.9482356644905394e-7,2.558675867151623e-8,2.0865182673835186e-5,1.810819942729296e-6,11.522505458155523,0.0
1030.0,11.522385214772305,11.522384921077666,2.936946383869099e-7,2.548904874403764e-8,2.0863613242783817e-5,1.8107026326489732e-6,11.522385214772305,0.0
1035.0,11.522265795191345,11.522265502623881,2.9256746358896635e-7,2.5391487124959854e-8,2.0862045944255996e-5,1.8105853757480996e-6,11.522265795191345,0.0
1040.0,11.52214719541879,11.52214690397675,2.9144204027886644e-7,2.529407369441903e-8,2.086048076974893e-5,1.8104681719430788e-6,11.52214719541879,0.0
1045.0,11.522029411480847,11.522029121162483,2.903183649038965e-7,2.5196808178133602e-8,2.0858917713580363e-5,1.8103510213917696e-6,11.522029411480847,0.0
1050.0,11.521912439423433,11.521912150227003,2.891964303586292e-7,2.509968999322658e-8,2.0857356770706555e-5,1.8102339243041736e-6,11.521912439423433,0.0
1055.0,11.521796275312296,11.521795987236064,2.8807623131399396e-7,2.5002718710732083e-8,2.085579793485144e-5,1.8101168807800454e-6,11.521796275312296,0.0
1060.0,11.521680915232755,11.521680628274988,2.869577677699908e-7,2.490589436395565e-8,2.085424120219937e-5,1.8099998911294346e-6,11.521680915232755,0.0
1065.0,11.52156634459241,11.5215660587514,2.858410095285535e-7,2.480921438799956e-8,2.085268654617534e-5,1.8098829553641764e-6,11.52156634459241,0.0
1070.0,11.521452552731102,11.52145226800512,2.847259814586778e-7,2.47126809884041e-8,2.0851133974692072e-5,1.8097660758711728e-6,11.521452552731102,0.0
1075.0,11.521339532138677,11.52133924852598,2.8361269777121834e-7,2.4616295438571457e-8,2.0849583468233563e-5,1.8096492521615069e-6,11.521339532138677,0.0
1080.0,11.521227279169965,11.521226996668812,2.8250115313710467e-7,2.452005730742404e-8,2.084803503260803e-5,1.8095324853369273e-6,11.521227279169965,0.0
1085.0,11.521115790198746,11.521115508807405,2.813913404509094e-7,2.4423966009463677e-8,2.084648866881587e-5,1.8094157760787733e-6,11.521115790198746,0.0
1090.0,11.521005061616318,11.521004781333055,2.8028326326534625e-7,2.432802188405813e-8,2.084494436925123e-5,1.8092991243184844e-6,11.521005061616318,0.0
1095.0,11.520895089831594,11.520894810654688,2.7917690559320363e-7,2.4232223574330322e-8,2.084340212842153e-5,1.809182530167993e-6,11.520895089831594,0.0
1100.0,11.520785871271071,11.520785593198799,2.7807227276355206e-7,2.4136571573382845e-8,2.0841861942576466e-5,1.8090659938875344e-6,11.520785871271071,0.0
1105.0,11.520677402378661,11.52067712540931,2.7696935056553684e-7,2.4041064678050206e-8,2.084032380546113e-5,1.808949515517052e-6,11.520677402378661,0.0
1110.0,11.520569679615672,11.520569403747524,2.7586814788094216e-7,2.394570368938085e-8,2.0838787710675563e-5,1.808833095081002e-6,11.520569679615672,0.0
1115.0,11.520462699460676,11.520462424692024,2.7476865227527014e-7,2.38504875579462e-8,2.0837253652679766e-5,1.8087167326756111e-6,11.520462699460676,0.0
1120.0,11.520356458409447,11.520356184738587,2.736708601958071e-7,2.3755416005034913e-8,2.0835721626720052e-5,1.8086004284624999e-6,11.520356458409447,0.0
1125.0,11.520250952974868,11.520250680400103,2.725747645371257e-7,2.366048844333021e-8,2.0834191627651963e-5,1.808484182566523e-6,11.520250952974868,0.0
1130.0,11.520146179686856,11.520145908206485,2.7148037062829644e-7,2.356570536465848e-8,2.0832663649810633e-5,1.8083679950645307e-6,11.520146179686856,0.0
1135.0,11.520042135092263,11.520041864704595,2.703876678111783e-7,2.3471065872886477e-8,2.0831137686419745e-5,1.8082518659340746e-6,11.520042135092263,0.0
1140.0,11.519938812914802,11.519938543618157,2.692966454276302e-7,2.33765690774092e-8,2.0829613726111974e-5,1.808135795197129e-6,11.519938812914802,0.0
1145.0,11.519836208223852,11.51983594001656,2.6820729281951117e-7,2.3282214084610133e-8,2.082809175985161e-5,1.8080197828665935e-6,11.519836208223852,0.0
1150.0,11.519734317620525,11.519734050500912,2.6711961353953484e-7,2.3188001231152534e-8,2.082657178352821e-5,1.8079038291423088e-6,11.519734317620525,0.0
1155.0,11.519633137722513,11.519632871688911,2.660336022586307e-7,2.3093930082501468e-8,2.0825053790097537e-5,1.8077879339666844e-6,11.519633137722513,0.0
1160.0,11.519532665164041,11.51953240021479,2.649492518713714e-7,2.3000000049706746e-8,2.0823537776099267e-5,1.8076720975904914e-6,11.519532665164041,0.0
1165.0,11.519432896595829,11.519432632729268,2.638665606014001e-7,2.2906211006218613e-8,2.0822023734372992e-5,1.807556319940561e-6,11.519432896595829,0.0
1170.0,11.519333828684973,11.519333565899455,2.627855177905758e-7,2.2812562054256824e-8,2.0820511661760233e-5,1.807440601288405e-6,11.519333828684973,0.0
1175.0,11.519235458114894,11.519235196408761,2.6170613232068263e-7,2.2719053992104998e-8,2.0819001552019684e-5,1.807324941635205e-6,11.519235458114894,0.0
1180.0,11.51913778158524,11.519137520956846,2.606283935335796e-7,2.262568592158227e-8,2.0817493399159532e-5,1.8072093410010998e-6,11.51913778158524,0.0
1185.0,11.519040795811804,11.51904053625951,2.595522943238393e-7,2.253245725270889e-8,2.081598719839354e-5,1.8070937995082023e-6,11.519040795811804,0.0
1190.0,11.51894449752646,11.518944239048622,2.5847783824417547e-7,2.2439368320567925e-8,2.081448294486833e-5,1.806978317270125e-6,11.51894449752646,0.0
1195.0,11.518848883477068,11.51884862607205,2.5740501818916073e-7,2.2346418534788583e-8,2.081298063157519e-5,1.8068628942107108e-6,11.518848883477068,0.0
1200.0,11.5187539504274,11.51875369409357,2.5633382882972455e-7,2.2253607459009347e-8,2.0811480255638143e-5,1.8067475306099356e-6,11.5187539504274,0.0
1205.0,11.518659695157064,11.5186594398928,2.552642630604396e-7,2.216093450245462e-8,2.0809981809937312e-5,1.8066322263767126e-6,11.518659695157064,0.0
1210.0,11.518566114461432,11.518565860265106,2.5419632621037636e-7,2.2068400153664586e-8,2.080848528968831e-5,1.8065169816200894e-6,11.518566114461432,0.0
1215.0,11.51847320515155,11.51847295202154,2.5313000939775065e-7,2.1976003667269043e-8,2.080699069066134e-5,1.806401796494658e-6,11.51847320515155,0.0
1220.0,11.518380964054058,11.51838071198875,2.520653090698488e-7,2.1883744760351358e-8,2.0805498006066142e-5,1.8062866709301261e-6,11.518380964054058,0.0
1225.0,11.518289388011135,11.518289137008914,2.5100222167395714e-7,2.1791623149806773e-8,2.0804007231514862e-5,1.80617160506219e-6,11.518289388011135,0.0
1230.0,11.518198473880394,11.518198223939649,2.499407454337188e-7,2.169963870656551e-8,2.0802518361645418e-5,1.8060565989394005e-6,11.518198473880394,0.0
1235.0,11.518108218534831,11.518107969653958,2.4888087324370645e-7,2.160779083870819e-8,2.0801031391266973e-5,1.8059416526226199e-6,11.518108218534831,0.0
1240.0,11.518018618862731,11.518018371040128,2.4782260332756323e-7,2.1516079416794067e-8,2.079954631613015e-5,1.8058267662519076e-6,11.518018618862731,0.0
1245.0,11.517929670956807,11.517929424190879,2.467659285798618e-7,2.142450385003633e-8,2.079806312530449e-5,1.805711939511849e-6,11.517929670956807,0.0
1250.0,11.517841368878376,11.517841123167525,2.45710850776959e-7,2.1333064322354585e-8,2.0796581793455198e-5,1.8055971711546849e-6,11.517841368878376,0.0
1255.0,11.517753705401347,11.517753460743997,2.4465735037892955e-7,2.124175916908133e-8,2.0795102310210386e-5,1.8054824614332871e-6,11.517753705401347,0.0
1260.0,11.517666676603682,11.51766643299826,2.43605422056703e-7,2.115058795298781e-8,2.0793624664752435e-5,1.8053678100436258e-6,11.517666676603682,0.0
1265.0,11.517580279482285,11.51758003692722,2.425550658102793e-7,2.1059550697673292e-8,2.0792148853754064e-5,1.805253217187792e-6,11.517580279482285,0.0
1270.0,11.51749451104861,11.517494269542336,2.415062745342311e-7,2.096864680964742e-8,2.0790674873111665e-5,1.8051386829980591e-6,11.51749451104861,0.0
1275.0,11.51740936832868,11.517409127869625,2.404590553339858e-7,2.0877876929096203e-8,2.0789202716870668e-5,1.8050242074435737e-6,11.51740936832868,0.0
1280.0,11.517324841159047,11.517324601745667,2.3941337978783395e-7,2.078723862439401e-8,2.0787732367945554e-5,1.8049097906535715e-6,11.517324841159047,0.0
1285.0,11.51724092383467,11.51724068546543,2.3836924079034816e-7,2.0696731306284338e-8,2.0786263819227715e-5,1.8047954329244787e-6,11.51724092383467,0.0
1290.0,11.517157613490228,11.517157376163585,2.3732664367059897e-7,2.0606355459841455e-8,2.078479706459594e-5,1.8046811341932472e-6,11.517157613490228,0.0
1295.0,11.51707490727465,11.517074670989071,2.3628557777044534e-7,2.0516110181865523e-8,2.0783332100086344e-5,1.8045668945817789e-6,11.51707490727465,0.0
1300.0,11.516992802350586,11.516992567104538,2.352460484189578e-7,2.0425995957116925e-8,2.0781868920019937e-5,1.804452714060776e-6,11.516992802350586,0.0
1305.0,11.516911295894488,11.51691106168644,2.3420804851070898e-7,2.0336012190542677e-8,2.0780407520759428e-5,1.804338592775926e-6,11.516911295894488,0.0
1310.0,11.51683038509646,11.51683015192489,2.3317157094027152e-7,2.0246158286919893e-8,2.077894789827035e-5,1.804224530836165e-6,11.51683038509646,0.0
1315.0,11.516750067160253,11.516749835023631,2.3213662103671595e-7,2.015643473054505e-8,2.0777490046313564e-5,1.804110528156732e-6,11.516750067160253,0.0
1320.0,11.516670339303149,11.516670108199959,2.3110318991825807e-7,2.0066840771639354e-8,2.077603396063056e-5,1.8039965848225953e-6,11.516670339303149,0.0
1325.0,11.516591198755922,11.51659096868465,2.3007127225582735e-7,1.9977375968739844e-8,2.0774579637809577e-5,1.8038827009900072e-6,11.516591198755922,0.0
1330.0,11.516512642762766,11.516512413721891,2.2904087515485116e-7,1.9888040959932915e-8,2.0773127072099244e-5,1.8037688766098427e-6,11.516512642762766,0.0
1335.0,11.51643466858122,11.516434440569238,2.280119808517611e-7,1.9798834223739082e-8,2.0771676257245757e-5,1.8036551115871305e-6,11.51643466858122,0.0
1340.0,11.516357273482111,11.516357046497514,2.2698459645198454e-7,1.9709756397940665e-8,2.0770227191181235e-5,1.8035414061881656e-6,11.516357273482111,0.0
1345.0,11.516280454749484,11.51628022879077,2.259587148500941e-7,1.962080688621172e-8,2.076877986827892e-5,1.8034277603680249e-6,11.516280454749484,0.0
1350.0,11.516204209680541,11.51620398474621,2.249343307170193e-7,1.953198524631398e-8,2.076733428371353e-5,1.8033141741491933e-6,11.516204209680541,0.0
1355.0,11.516128535585572,11.516128311674123,2.239114493818306e-7,1.9443291961350546e-8,2.076589043348962e-5,1.8032006476240423e-6,11.516128535585572,0.0
1360.0,11.516053429787886,11.516053206897826,2.2289006018638702e-7,1.93547261260399e-8,2.0764448312580686e-5,1.8030871807932506e-6,11.516053429787886,0.0
1365.0,11.515978889623753,11.515978667753593,2.2187015957797485e-7,1.9266287451940938e-8,2.07630079174716e-5,1.8029737737865863e-6,11.515978889623753,0.0
1370.0,11.515904912442343,11.515904691590588,2.2085175466202145e-7,1.917797657597906e-8,2.0761569241237494e-5,1.8028604264355888e-6,11.515904912442343,0.0
1375.0,11.515831495605648,11.515831275770818,2.1983482945131527e-7,1.9089792129661028e-8,2.076013228280824e-5,1.8027471390780724e-6,11.515831495605648,0.0
1380.0,11.515758636488435,11.515758417669048,2.1881938749857e-7,1.9001734441118488e-8,2.0758697034362917e-5,1.8026339114635163e-6,11.515758636488435,0.0
1385.0,11.515686332478175,11.51568611467275,2.1780542525107194e-7,1.891380322133177e-8,2.075726349246033e-5,1.802520743719612e-6,11.515686332478175,0.0
1390.0,11.51561458097497,11.515614364182033,2.1679293737975058e-7,1.8825998026880454e-8,2.0755831654242167e-5,1.8024076360225729e-6,11.51561458097497,0.0
1395.0,11.515543376621242,11.515543160839304,2.1578193809546065e-7,1.873832011553526e-8,2.07544015148296e-5,1.8022945888046419e-6,11.515543376621242,0.0
1400.0,11.515472693296687,11.515472478524178,2.1477250911061674e-7,1.8650776640340498e-8,2.0752973074925325e-5,1.8021816062319276e-6,11.515472693296687,0.0
1405.0,11.515402528644193,11.515402314879541,2.137646522015757e-7,1.8563367773713772e-8,2.075154630162725e-5,1.8020686858326007e-6,11.515402528644193,0.0
1410.0,11.515332880326573,11.515332667568215,2.1275835848655333e-7,1.84760927623761e-8,2.0750121234588032e-5,1.801955831432253e-6,11.515332880326573,0.0
1415.0,11.515263746015467,11.515263534261841,2.117536261891928e-7,1.838895146995345e-8,2.0748697865330453e-5,1.8018430426754191e-6,11.515263746015467,0.0
1420.0,11.515195123393921,11.515194912643471,2.1075044998042358e-7,1.830194345142006e-8,2.0747276188676204e-5,1.8017303194912145e-6,11.515195123393921,0.0
1425.0,11.515127010155716,11.515126800406888,2.0974882808388884e-7,1.8215068570142714e-8,2.0745856200465936e-5,1.8016176618954545e-6,11.515127010155716,0.0
1430.0,11.515059404005425,11.515059195256669,2.087487569468749e-7,1.8128326535099178e-8,2.074443789480766e-5,1.801505069751691e-6,11.515059404005425,0.0
1435.0,11.514992302658378,11.514992094908145,2.0775023301666806e-7,1.8041717055139184e-8,2.0743021266145103e-5,1.8013925429508382e-6,11.514992302658378,0.0
1440.0,11.51492570384057,11.514925497087319,2.0675325096419783e-7,1.7955239684719763e-8,2.0741606310820977e-5,1.801280081546947e-6,11.51492570384057,0.0
1445.0,11.514859605288649,11.51485939953084,2.0575780901310736e-7,1.7868894286701077e-8,2.0740193023703905e-5,1.8011676854642814e-6,11.514859605288649,0.0
1450.0,11.514794004745392,11.514793799981485,2.0476390716339665e-7,1.778268087809568e-8,2.0738781399444126e-5,1.8010553546070745e-6,11.514794004745392,0.0
1455.0,11.514728899967917,11.514728696196379,2.0377153830963834e-7,1.7696598858719643e-8,2.073737143343985e-5,1.8009430889421662e-6,11.514728899967917,0.0
1460.0,11.514664288724406,11.51466408594371,2.0278069534640508e-7,1.7610647628257438e-8,2.0735963120983103e-5,1.8008308884253395e-6,11.514664288724406,0.0
1465.0,11.514600168793512,11.51459996700213,2.0179138182641054e-7,1.7524827511883465e-8,2.0734556457439848e-5,1.800718753017057e-6,11.514600168793512,0.0
1470.0,11.514536537964252,11.514536337160662,2.0080359064422737e-7,1.7439137909039027e-8,2.0733151437796076e-5,1.8006066826430565e-6,11.514536537964252,0.0
1475.0,11.514473394035981,11.514473194218665,1.9981731647078504e-7,1.735357837330903e-8,2.0731748056519898e-5,1.8004946771823783e-6,11.514473394035981,0.0
1480.0,11.51441073505636,11.5144105362238,1.988325610824404e-7,1.7268149074887692e-8,2.0730346310603092e-5,1.8003827366943083e-6,11.51441073505636,0.0
1485.0,11.51434855895726,11.514348361107942,1.978493173737661e-7,1.718284941268821e-8,2.0728946194826245e-5,1.800270861064107e-6,11.51434855895726,0.0
1490.0,11.514286863573522,11.514286666705935,1.9686758712111896e-7,1.709767955703164e-8,2.0727547703378266e-5,1.8001590501407187e-6,11.514286863573522,0.0
1495.0,11.514225640231608,11.514225444344254,1.9588735433728743e-7,1.701263814501269e-8,2.0726150793575835e-5,1.8000473015881361e-6,11.514225640231608,0.0
1500.0,11.514164883307217,11.514164688398598,1.9490861902227152e-7,1.6927725197408138e-8,2.072475544143423e-5,1.799935614217247e-6,11.514164883307217,0.0
1505.0,11.514104590516599,11.514104396585221,1.9393137762335755e-7,1.684294042135816e-8,2.072336163961811e-5,1.7998239877625016e-6,11.514104590516599,0.0
1510.0,11.51404475602278,11.514044563067152,1.9295562836418867e-7,1.6758283683347435e-8,2.072196935622442e-5,1.7997124203799145e-6,11.51404475602278,0.0
1515.0,11.513985377840292,11.513985185858916,1.919813765738354e-7,1.6673755461190784e-8,2.0720578585943162e-5,1.7996009119328735e-6,11.513985377840292,0.0
1520.0,11.513926453994284,11.513926262985674,1.9100860981779988e-7,1.6589354689818892e-8,2.071918932646566e-5,1.7994894625436825e-6,11.513926453994284,0.0
1525.0,11.51386798251839,11.513867792481054,1.9003733520150945e-7,1.6505082001117684e-8,2.071780157444224e-5,1.7993780722428176e-6,11.51386798251839,0.0
1530.0,11.51380996145516,11.513809772387614,1.8906754561953676e-7,1.6420936792641112e-8,2.0716415325458517e-5,1.7992667409668014e-6,11.51380996145516,0.0
1535.0,11.513752388855906,11.51375220075667,1.880992357428113e-7,1.6336918616112628e-8,2.0715030576067886e-5,1.7991554687347493e-6,11.513752388855906,0.0
1540.0,11.513695262780677,11.513695075648277,1.8713240024226252e-7,1.6253027023147745e-8,2.07136473224636e-5,1.799044255533044e-6,11.513695262780677,0.0
1545.0,11.513638581298235,11.513638395131192,1.8616704267060413e-7,1.6169262336668956e-8,2.0712265560902415e-5,1.7989331013521338e-6,11.513638581298235,0.0
1550.0,11.513582342485984,11.51358215728283,1.8520315414605193e-7,1.6085623799522272e-8,2.0710885288854882e-5,1.7988220062864498e-6,11.513582342485984,0.0
1555.0,11.513526544429952,11.513526360189218,1.842407346686059e-7,1.6002111425863558e-8,2.0709506499953505e-5,1.7987109700956402e-6,11.513526544429952,0.0
1560.0,11.513471185224738,11.513471001944955,1.8327978246190924e-7,1.5918725075467473e-8,2.0708129192109192e-5,1.7985999929095213e-6,11.513471185224738,0.0
1565.0,11.51341626297347,11.513416080653183,1.8232028686782087e-7,1.583546383658108e-8,2.070675336148747e-5,1.798489074704897e-6,11.51341626297347,0.0
1570.0,11.513361775787777,11.513361594425518,1.8136225854448185e-7,1.5752328648777524e-8,2.070537900543015e-5,1.7983782155593239e-6,11.513361775787777,0.0
1575.0,11.513307721787724,11.513307541382042,1.8040568150468062e-7,1.5669318137244072e-8,2.070400611729761e-5,1.7982674152031442e-6,11.513307721787724,0.0
1580.0,11.513254099101799,11.51325391965124,1.7945055930113085e-7,1.5586432624216173e-8,2.07026346962857e-5,1.7981566738721424e-6,11.513254099101799,0.0
1585.0,11.513200905866844,11.513200727369957,1.7849688660476204e-7,1.5503671660398494e-8,2.0701264738738365e-5,1.79804599155301e-6,11.513200905866844,0.0
1590.0,11.513148140228042,11.513147962683385,1.7754465631014682e-7,1.5421034642105297e-8,2.0699896238237538e-5,1.7979353679911508e-6,11.513148140228042,0.0
1595.0,11.513095800338863,11.513095623744988,1.7659387552271255e-7,1.5338522199868683e-8,2.069852919186502e-5,1.7978248032345742e-6,11.513095800338863,0.0
1600.0,11.513043884361016,11.51304370871648,1.7564453536067504e-7,1.5256133575523452e-8,2.069716359834021e-5,1.7977142974721597e-6,11.513043884361016,0.0
1605.0,11.51299239046442,11.512992215767792,1.7469662871860692e-7,1.517386816509134e-8,2.0695799452724883e-5,1.797603850573729e-6,11.51299239046442,0.0
1610.0,11.512941316827169,11.512941143077011,1.7375015737286503e-7,1.5091726135953982e-8,2.0694436750303907e-5,1.7974934624271195e-6,11.512941316827169,0.0
1615.0,11.51289066163548,11.51289048883036,1.7280511954709254e-7,1.5009707346820617e-8,2.0693075487598597e-5,1.7973831330262121e-6,11.51289066163548,0.0
1620.0,11.51284042308366,11.512840251222148,1.7186151168857577e-7,1.4927811502015373e-8,2.0691715662493143e-5,1.7972728624819215e-6,11.51284042308366,0.0
1625.0,11.512790599374066,11.512790428454734,1.7091933202095788e-7,1.4846038460062891e-8,2.069035726958859e-5,1.7971626506186516e-6,11.512790599374066,0.0
1630.0,11.512741188848779,11.512741018870203,1.6997857521516835e-7,1.4764387770638786e-8,2.0689000306591457e-5,1.7970524975086548e-6,11.512741188848779,0.0
1635.0,11.512692190341603,11.512692021302364,1.6903923949485034e-7,1.4682859291301405e-8,2.06876447746266e-5,1.7969424034442773e-6,11.512692190341603,0.0
1640.0,11.512643602087955,11.512643433986636,1.6810131953093332e-7,1.460145257171395e-8,2.0686290667655447e-5,1.7968323681889832e-6,11.512643602087955,0.0
1645.0,11.51259542233069,11.512595255165873,1.6716481709977415e-7,1.4520167778633894e-8,2.0684937984903826e-5,1.7967223919622655e-6,11.51259542233069,0.0
1650.0,11.512547649320746,11.512547483091023,1.6622972331958863e-7,1.4439004152951008e-8,2.068358672193149e-5,1.7966124746638375e-6,11.512547649320746,0.0
1655.0,11.512500281316994,11.512500116020952,1.6529604174309043e-7,1.4357962015544123e-8,2.0682236873505436e-5,1.796502616123233e-6,11.512500281316994,0.0
1660.0,11.512453316586205,11.512453152222438,1.6436376704120903e-7,1.427704091571925e-8,2.0680888438402872e-5,1.7963928165170089e-6,11.512453316586205,0.0
1665.0,11.512406753403027,11.512406589970135,1.6343289210851708e-7,1.4196240248391752e-8,2.0679541413162295e-5,1.7962830758259558e-6,11.512406753403027,0.0
1670.0,11.512360590049951,11.512360427546527,1.6250342405044194e-7,1.4115560642783587e-8,2.067819579215849e-5,1.7961733938416162e-6,11.512360590049951,0.0
1675.0,11.512314824817256,11.512314663241906,1.6157535043248572e-7,1.403500103073758e-8,2.0676851574385735e-5,1.7960637707555008e-6,11.512314824817256,0.0
1680.0,11.512269456002995,11.51226929535432,1.606486748073621e-7,1.3954561732707963e-8,2.067550875369802e-5,1.7959542063113297e-6,11.512269456002995,0.0
1685.0,11.512224481912945,11.512224322189553,1.597233918460006e-7,1.3874242297563323e-8,2.06741673295867e-5,1.79584470074122e-6,11.512224481912945,0.0
1690.0,11.512179900860579,11.512179742061083,1.5879949621933065e-7,1.3794042274083971e-8,2.06728272980405e-5,1.7957352539717633e-6,11.512179900860579,0.0
1695.0,11.512135711167028,11.51213555329004,1.5787698792735227e-7,1.3713961673871519e-8,2.067148865395242e-5,1.795625865833098e-6,11.512135711167028,0.0
1700.0,11.512091911161047,11.51209175420518,1.5695586697006547e-7,1.3634000508447622e-8,2.0670151395258906e-5,1.7955165364184646e-6,11.512091911161047,0.0
1705.0,11.512048499178977,11.512048343142851,1.5603612624204288e-7,1.3554158172037857e-8,2.066881551566651e-5,1.7954072654524155e-6,11.512048499178977,0.0
1710.0,11.512005473564718,11.512005318446953,1.551177657432845e-7,1.347443467599846e-8,2.0667481014677495e-5,1.795298053161693e-6,11.512005473564718,0.0
1715.0,11.511962832669687,11.511962678468905,1.5420078192107667e-7,1.3394829722996654e-8,2.0666147888318787e-5,1.7951888994699087e-6,11.511962832669687,0.0
1720.0,11.511920574755623,11.511920421470453,1.5328516944634885e-7,1.3315342861423695e-8,2.0664816132529587e-5,1.7950798043069599e-6,11.511920574755623,0.0
1725.0,11.511878697605404,11.511878545234474,1.5237093009545788e-7,1.3235974257368842e-8,2.0663485743862127e-5,1.794970767730584e-6,11.511878697605404,0.0
1730.0,11.511837199602425,11.511837048144368,1.514580567629764e-7,1.3156723304617892e-8,2.066215671831299e-5,1.794861789656527e-6,11.511837199602425,0.0
1735.0,11.51179607913759,11.511795928591042,1.505465476725476e-7,1.3077589859794133e-8,2.0660829051419196e-5,1.7947528699593688e-6,11.51179607913759,0.0
1740.0,11.511755334609035,11.511755184972634,1.4963640104781462e-7,1.2998573779443221e-8,2.0659502741578324e-5,1.7946440087609773e-6,11.511755334609035,0.0
1745.0,11.51171496442216,11.511714815694546,1.4872761333606377e-7,1.2919674765724994e-8,2.065817778409781e-5,1.7945352059135842e-6,11.51171496442216,0.0
1750.0,11.511674966989583,11.511674819169396,1.478201863136519e-7,1.2840892983647918e-8,2.065685417574298e-5,1.7944264613948663e-6,11.511674966989583,0.0
1755.0,11.511635340731093,11.511635193816986,1.4691410754608114e-7,1.2762227363671056e-8,2.065553191597613e-5,1.7943177754155924e-6,11.511635340731093,0.0
1760.0,11.51159608407365,11.511595938064264,1.4600938591513568e-7,1.2683678687887632e-8,2.0654210997990888e-5,1.7942091476407941e-6,11.51159608407365,0.0
1765.0,11.511557195451315,11.511557050345303,1.4510601253903133e-7,1.2605246195220974e-8,2.0652891418423233e-5,1.794100578033355e-6,11.511557195451315,0.0
1770.0,11.511518673305245,11.511518529101256,1.4420398919412492e-7,1.2526930050378864e-8,2.0651573175438345e-5,1.7939920666878233e-6,11.511518673305245,0.0
1775.0,11.511480516083642,11.511480372780337,1.433033052222754e-7,1.244872933781667e-8,2.0650256265281846e-5,1.7938836135308282e-6,11.511480516083642,0.0
1780.0,11.511442707894325,11.511442565490299,1.4240402634868587e-7,1.2370649792751689e-8,2.0648940682532577e-5,1.7937752205787319e-6,11.511442707894325,0.0
1785.0,11.51140524426102,11.511405102754864,1.4150615612606998e-7,1.2292691736885685e-8,2.0647626405552792e-5,1.7936668866597855e-6,11.51140524426102,0.0
1790.0,11.51136812377339,11.511367983163693,1.406096981071414e-7,1.2214855488528152e-8,2.0646313451478293e-5,1.7935586134926329e-6,11.51136812377339,0.0
1795.0,11.51133134502709,11.511331205312445,1.397146451864728e-7,1.2137140440043863e-8,2.0645001818337557e-5,1.7934504011350715e-6,11.51133134502709,0.0
1800.0,11.511294906622677,11.511294767801692,1.388209849295663e-7,1.205954552078236e-8,2.0643691500223614e-5,1.7933422493021952e-6,11.511294906622677,0.0
1805.0,11.511258807168012,11.511258669239284,1.379287279945629e-7,1.1982071666104429e-8,2.0642382501186737e-5,1.7932341585728931e-6,11.511258807168012,0.0
1810.0,11.511223045277115,11.511222908239251,1.370378637233216e-7,1.1904717959534823e-8,2.0641074812292813e-5,1.793126128397064e-6,11.511223045277115,0.0
1815.0,11.511187606929747,11.511187470781344,1.3614840277398343e-7,1.18274853492981e-8,2.063976835188063e-5,1.7930181538745377e-6,11.511187606929747,0.0
1820.0,11.511152488390048,11.511152353129699,1.3526034869926207e-7,1.1750374155470822e-8,2.063846308458592e-5,1.792910232524634e-6,11.511152488390048,0.0
1825.0,11.511117688385488,11.511117554011793,1.3437369439373015e-7,1.1673383769615249e-8,2.063715901698285e-5,1.7928023651261402e-6,11.511117688385488,0.0
1830.0,11.511083205648726,11.511083072160275,1.334884505155287e-7,1.1596515126397764e-8,2.0635856146648552e-5,1.7926945516753898e-6,11.511083205648726,0.0
1835.0,11.51104903891798,11.511048906313372,1.3260460818287356e-7,1.1519767462943429e-8,2.0634554469047572e-5,1.792586791984268e-6,11.51104903891798,0.0
1840.0,11.51101518645819,11.511015054736033,1.3172215673762366e-7,1.1443139862467082e-8,2.063325398210652e-5,1.7924790861521868e-6,11.51101518645819,0.0
1845.0,11.510981646279241,11.510981515438143,1.3084109795613585e-7,1.1366632488587831e-8,2.0631954680215137e-5,1.7923714340109402e-6,11.510981646279241,0.0
1850.0,11.510948417135236,11.510948287173804,1.2996143183841014e-7,1.1290245349805331e-8,2.0630656563505455e-5,1.7922638357752166e-6,11.510948417135236,0.0
1855.0,11.510915497785613,11.510915368702467,1.2908314594994863e-7,1.1213977374326196e-8,2.062935962539668e-5,1.79215629107565e-6,11.510915497785613,0.0
1860.0,11.510882886995184,11.510882758788938,1.2820624561982186e-7,1.113782903348511e-8,2.0628063864742037e-5,1.7920488000140548e-6,11.510882886995184,0.0
1865.0,11.510850583534095,11.510850456203368,1.2733072729531614e-7,1.106180002696401e-8,2.062676927802923e-5,1.7919413624858588e-6,11.510850583534095,0.0
1870.0,11.510818586177804,11.510818459721222,1.2645658209464727e-7,1.0985889591422838e-8,2.062547586441087e-5,1.7918339786171204e-6,11.510818586177804,0.0
1875.0,11.51078689370707,11.510786768123253,1.2558381712324262e-7,1.0910098352346277e-8,2.0624183618919624e-5,1.7917266481750985e-6,11.51078689370707,0.0
1880.0,11.510755504907907,11.510755380195487,1.2471241994660431e-7,1.0834425237633617e-8,2.0622892541231678e-5,1.7916193713295862e-6,11.510755504907907,0.0
1885.0,11.510724410662796,11.510724286820409,1.2384238701201866e-7,1.0758869954118529e-8,2.062160258063729e-5,1.7915121451031144e-6,11.510724410662796,0.0
1890.0,11.510693608646303,11.510693485672594,1.2297370943770147e-7,1.0683431739102957e-8,2.0620313729614213e-5,1.7914049692127313e-6,11.510693608646303,0.0
1895.0,11.510663097714618,11.510662975608223,1.221063943290801e-7,1.0608111217617315e-8,2.061902598082062e-5,1.7912978432071756e-6,11.510663097714618,0.0
1900.0,11.510632876728463,11.510632755487991,1.2124047188422082e-7,1.053291102084733e-8,2.0617739205711025e-5,1.7911907561047132e-6,11.510632876728463,0.0
1905.0,11.510602944452115,11.510602824076177,1.2037593855040996e-7,1.0457830847899137e-8,2.0616453594351672e-5,1.7910837246183005e-6,11.510602944452115,0.0
1910.0,11.510573299782111,11.510573180269411,1.19512700180735e-7,1.0382862527185968e-8,2.061516948852225e-5,1.7909767786207908e-6,11.510573299782111,0.0
1915.0,11.510543941578149,11.51054382292731,1.186508384876106e-7,1.0308013165131362e-8,2.061388643052611e-5,1.7908698785350234e-6,11.510543941578149,0.0
1920.0,11.510514868724881,11.510514750934568,1.1779031261482942e-7,1.0233279219757271e-8,2.0612604463378194e-5,1.790763028279866e-6,11.510514868724881,0.0
1925.0,11.5104860801071,11.510485963175967,1.169311332205325e-7,1.0158661624431113e-8,2.061132358675616e-5,1.7906562280091284e-6,11.5104860801071,0.0
1930.0,11.510457574615168,11.510457458541879,1.1607328964657881e-7,1.0084159460572923e-8,2.0610043794332185e-5,1.7905494773539656e-6,11.510457574615168,0.0
1935.0,11.510429339106853,11.510429223890092,1.1521676057668628e-7,1.0009770894056545e-8,2.0608765067190745e-5,1.7904427767235548e-6,11.510429339106853,0.0
1940.0,11.510401364961375,11.510401250599845,1.1436153002364335e-7,9.935494549457625e-9,2.060748738968581e-5,1.7903361261073595e-6,11.510401364961375,0.0
1945.0,11.510373651176925,11.510373537669327,1.1350759798745003e-7,9.86133043351238e-9,2.060621076069408e-5,1.7902295255712323e-6,11.510373651176925,0.0
1950.0,11.510346196756306,11.51034608410134,1.1265496624446314e-7,9.787278707239064e-9,2.0604935177666166e-5,1.7901229750563694e-6,11.510346196756306,0.0
1955.0,11.510319000706453,11.51031888890282,1.1180363301832585e-7,9.713339222958446e-9,2.060366063879759e-5,1.7900164745679966e-6,11.510319000706453,0.0
1960.0,11.510292062038639,11.510291951085048,1.1095359120361081e-7,9.639511369962521e-9,2.060238714277444e-5,1.7899100241532411e-6,11.510292062038639,0.0
1965.0,11.510265379768352,11.510265269663513,1.1010483902396118e-7,9.565795000477831e-9,2.0601114686589576e-5,1.7898036237114265e-6,11.510265379768352,0.0
1970.0,11.51023895291534,11.510238843657962,1.0925737825573378e-7,9.492190275342703e-9,2.0599843268198932e-5,1.7896972732248408e-6,11.51023895291534,0.0
1975.0,11.510212780503544,11.510212672092337,1.084112071225718e-7,9.418697046696045e-9,2.0598572885369946e-5,1.7895909726587007e-6,11.510212780503544,0.0
1980.0,11.510186861561102,11.510186753994788,1.0756631496633418e-7,9.345314394986736e-9,2.0597303536613632e-5,1.7894847220421287e-6,11.510186861561102,0.0
1985.0,11.51016119328022,11.510161086557515,1.067227053397346e-7,9.272042636730464e-9,2.0596035215690736e-5,1.7893785212769189e-6,11.51016119328022,0.0
1990.0,11.510135774493753,11.51013566861338,1.0588037291370256e-7,9.198881315399554e-9,2.0594767920417233e-5,1.7892723703620296e-6,11.510135774493753,0.0
1995.0,11.510110604244986,11.510110499205677,1.0503930880645385e-7,9.125829665591122e-9,2.0593501650914738e-5,1.7891662694639749e-6,11.510110604244986,0.0
2000.0,11.510085681581284,11.510085577381762,1.0419952189977266e-7,9.052888465158452e-9,2.0592236403086182e-5,1.789060218382073e-6,11.510085681581284,0.0
2005.0,11.510061005554125,11.510060902193121,1.0336100331187481e-7,8.980056948612041e-9,2.059097217507128e-5,1.788954217109293e-6,11.510061005554125,0.0
2010.0,11.510036575219083,11.51003647269533,1.0252375304276029e-7,8.907335122070093e-9,2.058970896555669e-5,1.7888482656854447e-6,11.510036575219083,0.0
2015.0,11.510012389635792,11.510012287948026,1.0168776576335858e-7,8.834722528615476e-9,2.0588446772624935e-5,1.788742364097178e-6,11.510012389635792,0.0
2020.0,11.509988447867956,11.509988347014914,1.0085304147366969e-7,8.76221917428172e-9,2.0587185594082266e-5,1.788636512306467e-6,11.509988447867956,0.0
2025.0,11.509964748983304,11.509964648963729,1.000195748446231e-7,8.689824602065615e-9,2.0585925426720065e-5,1.7885307101864458e-6,11.509964748983304,0.0
2030.0,11.50994129205359,11.509941192866222,9.918736765257563e-8,8.617538972249505e-9,2.0584666269049756e-5,1.7884249577590213e-6,11.50994129205359,0.0
2035.0,11.509918076154563,11.509917977798144,9.835641812117046e-8,8.545362136411585e-9,2.0583408118903645e-5,1.7883192549864364e-6,11.509918076154563,0.0
2040.0,11.509895100365954,11.509895002839233,9.752672092133707e-8,8.473293637423006e-9,2.0582150974980033e-5,1.7882136019055142e-6,11.509895100365954,0.0
2045.0,11.509872363771462,11.509872267073188,9.669827427671862e-8,8.401333326778378e-9,2.0580894834126816e-5,1.788107998391655e-6,11.509872363771462,0.0
2050.0,11.509849865458735,11.50984976958766,9.587107463460143e-8,8.329480901598225e-9,2.0579639695830917e-5,1.7880024445488888e-6,11.509849865458735,0.0
2055.0,11.509827604519344,11.509827509474219,9.504512554769917e-8,8.25773667629736e-9,2.0578385557534946e-5,1.7878969403029828e-6,11.509827604519344,0.0
2060.0,11.509805580048775,11.509805485828359,9.422041635787082e-8,8.186099730580465e-9,2.057713241638583e-5,1.7877914855533666e-6,11.509805580048775,0.0
2065.0,11.509783791146416,11.509783697749459,9.33969577232574e-8,8.114570996120747e-9,2.057588027075416e-5,1.787686080305139e-6,11.509783791146416,0.0
2070.0,11.509762235099828,11.509762142525048,9.257477984192519e-8,8.043153103511721e-9,2.0574629096667246e-5,1.787580722903508e-6,11.509762235099828,0.0
2075.0,11.509740908544046,11.509740816790234,9.175381165960061e-8,7.971839886638008e-9,2.0573378876037116e-5,1.7874754123061836e-6,11.509740908544046,0.0
2080.0,11.509719810607216,11.509719719673111,9.093410469063201e-8,7.900635826671321e-9,2.057212962277929e-5,1.7873701498641407e-6,11.509719810607216,0.0
2085.0,11.509698940423002,11.509698850307378,9.01156234078826e-8,7.82953784233132e-9,2.0570881320304606e-5,1.7872649342771245e-6,11.509698940423002,0.0
2090.0,11.509678297128605,11.509678207830216,8.929838912763444e-8,7.758547791028381e-9,2.056963397983679e-5,1.7871597666607617e-6,11.509678297128605,0.0
2095.0,11.50965787986426,11.50965779138188,8.848238053360546e-8,7.687663826081421e-9,2.0568387591172197e-5,1.787054646268493e-6,11.50965787986426,0.0
2100.0,11.509637687774685,11.509637600107077,8.766760828393672e-8,7.616886878815964e-9,2.0567142156186204e-5,1.786949573402491e-6,11.509637687774685,0.0
2105.0,11.50961772000762,11.509617633153553,8.685406704955767e-8,7.546216491497875e-9,2.056589767158478e-5,1.786844547915286e-6,11.50961772000762,0.0
2110.0,11.50959797571486,11.50959788967311,8.604174972504097e-8,7.47565205201678e-9,2.0564654137336168e-5,1.7867395699421813e-6,11.50959797571486,0.0
2115.0,11.50957845405162,11.509578368820957,8.523066341581398e-8,7.4051941829208295e-9,2.0563411550402416e-5,1.7866346393567222e-6,11.50957845405162,0.0
2120.0,11.509559154176813,11.509559069756014,8.442079924009249e-8,7.334842117689297e-9,2.056216990824455e-5,1.7865297560751967e-6,11.509559154176813,0.0
2125.0,11.509540075252936,11.50953999164078,8.361215542151967e-8,7.264595707112319e-9,2.0560929210131782e-5,1.7864249201704033e-6,11.509540075252936,0.0
2130.0,11.509521216446048,11.509521133641314,8.280473373645236e-8,7.194455110620241e-9,2.055968945311673e-5,1.7863201315219631e-6,11.509521216446048,0.0
2135.0,11.509502576925808,11.509502494927283,8.199852530310636e-8,7.124419561580062e-9,2.0558450636148906e-5,1.7862153901737147e-6,11.509502576925808,0.0
2140.0,11.509484155865398,11.509484074671864,8.119353367419535e-8,7.0544893736890866e-9,2.0557212757345114e-5,1.7861106960965634e-6,11.509484155865398,0.0
2145.0,11.509465952441555,11.509465872051804,8.038975174429197e-8,6.9846639345797385e-9,2.0555975816161455e-5,1.786006049377193e-6,11.509465952441555,0.0
2150.0,11.509447965834523,11.509447886247344,7.958717951339622e-8,6.914943249202616e-9,2.0554739808220225e-5,1.7859014497686074e-6,11.509447965834523,0.0
2155.0,11.509430195228061,11.509430116442243,7.878581875786494e-8,6.8453274768137895e-9,2.0553504733027445e-5,1.7857968973606668e-6,11.509430195228061,0.0
2160.0,11.509412639809408,11.509412561823746,7.798566237227078e-8,6.775816004939257e-9,2.055227058867684e-5,1.785692392119949e-6,11.509412639809408,0.0
2165.0,11.509395298769284,11.509395221582572,7.718671213297057e-8,6.7064089927664796e-9,2.05510373739295e-5,1.7855879340704415e-6,11.509395298769284,0.0
2170.0,11.509378171301858,11.509378094912893,7.638896448725063e-8,6.6371061364308325e-9,2.0549805085547703e-5,1.7854835230618943e-6,11.509378171301858,0.0
2175.0,11.509361256604754,11.509361181012338,7.559241588239729e-8,6.567907132032882e-9,2.0548573723053658e-5,1.7853791591832837e-6,11.509361256604754,0.0
2180.0,11.50934455387901,11.509344479081946,7.47970645420537e-8,6.498811829979036e-9,2.054734328407574e-5,1.7852748423584765e-6,11.50934455387901,0.0
2185.0,11.509328062329091,11.509327988326177,7.400291401893355e-8,6.42982054366412e-9,2.0546113766757567e-5,1.78517057255554e-6,11.509328062329091,0.0
2190.0,11.509311781162845,11.509311707952891,7.32099536548958e-8,6.360932351725641e-9,2.0544885171068013e-5,1.7850663499005723e-6,11.509311781162845,0.0
2195.0,11.509295709591516,11.509295637173327,7.241818877901096e-8,6.292147721833207e-9,2.0543657493114298e-5,1.7849621741835866e-6,11.509295709591516,0.0
2200.0,11.509279846829704,11.509279775202096,7.1627608733138e-8,6.22346573255565e-9,2.0542430730950633e-5,1.7848580453632084e-6,11.509279846829704,0.0
2205.0,11.50926419209537,11.509264121257154,7.08382170699906e-8,6.154886697156774e-9,2.0541204883043042e-5,1.784753963433289e-6,11.50926419209537,0.0
2210.0,11.509248744609812,11.509248674559798,7.005001378956877e-8,6.0864106201871485e-9,2.0539979948797927e-5,1.784649928468835e-6,11.509248744609812,0.0
2215.0,11.509233503597645,11.509233434334654,6.926299178644513e-8,6.0180368887984036e-9,2.0538755925751267e-5,1.7845459403817904e-6,11.509233503597645,0.0
2220.0,11.509218468286806,11.50921839980965,6.847715638969021e-8,5.9497659705023665e-9,2.0537532812718662e-5,1.7844419991947342e-6,11.509218468286806,0.0
2225.0,11.509203637908506,11.509203570216009,6.769249694116297e-8,5.881596943701684e-9,2.0536310606730204e-5,1.784338104774566e-6,11.509203637908506,0.0
2230.0,11.509189011697252,11.509188944788239,6.690901344086342e-8,5.813529812818357e-9,2.0535089307862008e-5,1.7842342572523024e-6,11.509189011697252,0.0
2235.0,11.509174588890817,11.509174522764106,6.612671121786207e-8,5.745565045271848e-9,2.0533868912208246e-5,1.7841304564124415e-6,11.509174588890817,0.0
2240.0,11.509160368730209,11.509160303384627,6.534558139037472e-8,5.6777018737105505e-9,2.0532649419055793e-5,1.784026702316351e-6,11.509160368730209,0.0
2245.0,11.509146350459686,11.509146285894063,6.456562218204454e-8,5.60994014812104e-9,2.053143082692678e-5,1.7839229949584173e-6,11.509146350459686,0.0
2250.0,11.509132533326724,11.509132469539892,6.378683181651468e-8,5.542279718459115e-9,2.0530213133008545e-5,1.783819334216518e-6,11.509132533326724,0.0
2255.0,11.50911891658201,11.509118853572797,6.300921207014198e-8,5.474720743336843e-9,2.0528996337614477e-5,1.7837157202396168e-6,11.50911891658201,0.0
2260.0,11.50910549947942,11.509105437246664,6.22327558374991e-8,5.407262609619315e-9,2.0527780436653205e-5,1.7836121527934312e-6,11.50910549947942,0.0
2265.0,11.509092281276008,11.509092219818545,6.145746311858602e-8,5.339905321514397e-9,2.0526565430790256e-5,1.7835086320564705e-6,11.509092281276008,0.0
2270.0,11.509079261232005,11.509079200548667,6.068333746611643e-8,5.2726491918885694e-9,2.052535131633876e-5,1.7834051578285504e-6,11.509079261232005,0.0
2275.0,11.50906643861078,11.50906637870041,5.991036999830612e-8,5.205493453171663e-9,2.052413809254712e-5,1.7833017301640079e-6,11.50906643861078,0.0
2280.0,11.509053812678852,11.50905375354029,5.913856249151195e-8,5.138438263826906e-9,2.0522925756820345e-5,1.7831983489564917e-6,11.509053812678852,0.0
2285.0,11.509041382705853,11.509041324337943,5.836790961666338e-8,5.071483164911576e-9,2.0521714307733265e-5,1.7830950142007807e-6,11.509041382705853,0.0
2290.0,11.509029147964531,11.509029090366123,5.759840782104675e-8,5.0046278517969966e-9,2.052050374327772e-5,1.7829917258404844e-6,11.509029147964531,0.0
2295.0,11.509017107730738,11.509017050900674,5.6830064210089404e-8,4.937872945893529e-9,2.051929406283488e-5,1.782888483939418e-6,11.509017107730738,0.0
2300.0,11.509005261283393,11.509005205220525,5.606286812565031e-8,4.871217525136366e-9,2.0518085264174108e-5,1.7827852884208425e-6,11.509005261283393,0.0
2305.0,11.508993607904499,11.508993552607674,5.529682489679999e-8,4.804662056534774e-9,2.0516877345914138e-5,1.7826821392813121e-6,11.508993607904499,0.0
2310.0,11.508982146879106,11.50898209234718,5.453192564175424e-8,4.738205772309907e-9,2.051567030541157e-5,1.7825790364072124e-6,11.508982146879106,0.0
2315.0,11.508970877495274,11.508970823727102,5.376817213686991e-8,4.6718488307246116e-9,2.0514464142123837e-5,1.7824759798669724e-6,11.508970877495274,0.0
2320.0,11.508959799044069,11.50895974603851,5.300555905307647e-8,4.605590772632562e-9,2.0513258853301497e-5,1.782372969536771e-6,11.508959799044069,0.0
2325.0,11.50894891081957,11.508948858575476,5.224409349580128e-8,4.539432219278216e-9,2.051205443839863e-5,1.7822700054837532e-6,11.50894891081957,0.0
2330.0,11.508938212118949,11.50893816063519,5.148375947783279e-8,4.473371785385052e-9,2.051085089394782e-5,1.7821670875207086e-6,11.508938212118949,0.0
2335.0,11.508927702242385,11.508927651517823,5.072456232824152e-8,4.407409937796239e-9,2.0509648220023956e-5,1.7820642157677193e-6,11.508927702242385,0.0
2340.0,11.508917380492948,11.508917330526447,4.996650027067062e-8,4.3415465259452986e-9,2.0508446412824716e-5,1.7819613900075023e-6,11.508917380492948,0.0
2345.0,11.508907246176673,11.508907196967098,4.920957508147694e-8,4.2757817079310164e-9,2.0507245471854034e-5,1.7818586103095637e-6,11.508907246176673,0.0
2350.0,11.508897298602555,11.508897250148774,4.845378143158996e-8,4.210115024440557e-9,2.0506045395532517e-5,1.7817558766487926e-6,11.508897298602555,0.0
2355.0,11.50888753708253,11.508887489383412,4.7699117544652836e-8,4.144546324826146e-9,2.0504846181926353e-5,1.7816531889687988e-6,11.50888753708253,0.0
2360.0,11.508877960931454,11.508877913985867,4.694558697337925e-8,4.079075921453231e-9,2.0503647830613874e-5,1.7815505473440994e-6,11.508877960931454,0.0
2365.0,11.508868569467099,11.508868523273918,4.6193180835985004e-8,4.01370304623471e-9,2.050245033789361e-5,1.7814479515637519e-6,11.508868569467099,0.0
2370.0,11.508859360827817,11.508859315385912,4.5441904461540616e-8,3.948428166235932e-9,2.0501253702919305e-5,1.7813454018474233e-6,11.508859360827817,0.0
2375.0,11.508850333380435,11.508850288688677,4.469175785004609e-8,3.883251285353974e-9,2.0500057920896544e-5,1.781242898036295e-6,11.508850333380435,0.0
2380.0,11.508841486467032,11.50884144252429,4.394274277785826e-8,3.818172561463242e-9,2.0498862991804448e-5,1.7811404402353237e-6,11.508841486467032,0.0
2385.0,11.508832819432696,11.508832776237835,4.3194861021333963e-8,3.75319215241352e-9,2.049766891474507e-5,1.7810380284727658e-6,11.508832819432696,0.0
2390.0,11.508824331625204,11.5088242891771,4.244810369868901e-8,3.688309289945931e-9,2.0496475688743907e-5,1.7809356627697803e-6,11.508824331625204,0.0
2395.0,11.508816022395104,11.508815980692637,4.170246725720972e-8,3.6235236688170642e-9,2.049528331166629e-5,1.780833343046265e-6,11.508816022395104,0.0
2400.0,11.508807891095683,11.508807850137721,4.0957962355037125e-8,3.5588362185388576e-9,2.0494091780837214e-5,1.780731069174715e-6,11.508807891095683,0.0
2405.0,11.508799937082934,11.508799896868364,4.0214569452245996e-8,3.494245244690468e-9,2.0492901096249232e-5,1.780628841258965e-6,11.508799937082934,0.0
2410.0,11.508792159715576,11.508792120243271,3.9472304536047886e-8,3.429752139778271e-9,2.0491711254577815e-5,1.7805266591141777e-6,11.508792159715576,0.0
2415.0,11.508784558355016,11.508784519623863,3.873115339558808e-8,3.3653556723738024e-9,2.0490522256063122e-5,1.78042452286481e-6,11.508784558355016,0.0
2420.0,11.508777132365358,11.508777094374235,3.7991123136293936e-8,3.301056463197472e-9,2.0489334100019934e-5,1.7803224325544684e-6,11.508777132365358,0.0
2425.0,11.508769881113375,11.508769843861174,3.725220132366758e-8,3.236853435118276e-9,2.048814678164487e-5,1.780220387868492e-6,11.508769881113375,0.0
2430.0,11.508762803968512,11.508762767454115,3.65143968394932e-8,3.1727473631572384e-9,2.048696030020572e-5,1.7801183888455239e-6,11.508762803968512,0.0
2435.0,11.508755900302855,11.508755864525158,3.577769724927293e-8,3.1087371701342135e-9,2.0485774654838246e-5,1.7800164355123005e-6,11.508755900302855,0.0
2440.0,11.508749169491145,11.508749134449033,3.504211143479097e-8,3.0448236310236956e-9,2.0484589844762384e-5,1.779914527902436e-6,11.508749169491145,0.0
2445.0,11.50874261091074,11.508742576603108,3.430763229061995e-8,2.9810061316424756e-9,2.048340586638604e-5,1.7798126658047738e-6,11.50874261091074,0.0
2450.0,11.508736223941629,11.508736190367372,3.35742562640462e-8,2.917284366479932e-9,2.0482222720014487e-5,1.7797108493463697e-6,11.508736223941629,0.0
2455.0,11.508730007966395,11.508729975124407,3.284198868414023e-8,2.853658801745011e-9,2.048104040372832e-5,1.7796090784605468e-6,11.508730007966395,0.0
2460.0,11.50872396237023,11.508723930259407,3.2110822445474696e-8,2.790128823183752e-9,2.0479858914748558e-5,1.7795073530055122e-6,11.50872396237023,0.0
2465.0,11.508718086540892,11.508718055160138,3.138075399533591e-8,2.726694125215803e-9,2.047867825274577e-5,1.7794056730518911e-6,11.508718086540892,0.0
2470.0,11.508712379868733,11.508712349216948,3.065178511008071e-8,2.663354865284271e-9,2.0477498415092016e-5,1.7793040384701646e-6,11.508712379868733,0.0
2475.0,11.508706841746655,11.508706811822737,2.992391756606594e-8,2.6001112008101548e-9,2.0476319401511477e-5,1.7792024493347702e-6,11.508706841746655,0.0
2480.0,11.50870147157011,11.508701442372969,2.919714070515056e-8,2.536962208749277e-9,2.0475141209817893e-5,1.779100905553727e-6,11.50870147157011,0.0
2485.0,11.508696268737097,11.508696240265634,2.847146340911877e-8,2.473908663873625e-9,2.0473963837234744e-5,1.7789994069833462e-6,11.508696268737097,0.0
2490.0,11.508691232648133,11.508691204901261,2.7746871467115852e-8,2.4109493343954574e-9,2.0472787284685716e-5,1.7788979538010388e-6,11.508691232648133,0.0
2495.0,11.508686362706266,11.508686335682889,2.7023377313639685e-8,2.348085303741403e-9,2.047161154832115e-5,1.7787965457690389e-6,11.508686362706266,0.0
2500.0,11.508681658317041,11.508681632016073,2.630096851419239e-8,2.285315494428098e-9,2.0470436627233865e-5,1.7786951829048452e-6,11.508681658317041,0.0
2505.0,11.5086771188885,11.508677093308853,2.557964684513081e-8,2.222640063743597e-9,2.0469262520691105e-5,1.7785938652407006e-6,11.5086771188885,0.0
2510.0,11.508672743831173,11.508672718971763,2.4859410530098103e-8,2.1600588602559e-9,2.0468089226584296e-5,1.7784925926888928e-6,11.508672743831173,0.0
2515.0,11.508668532558064,11.50866850841781,2.414025424002375e-8,2.097571423812484e-9,2.0466916743428176e-5,1.7783913652154633e-6,11.508668532558064,0.0
2520.0,11.508664484484639,11.508664461062455,2.3422183303978272e-8,2.0351782203360607e-9,2.0465745070550566e-5,1.7782901828566973e-6,11.508664484484639,0.0
2525.0,11.508660599028822,11.508660576323628,2.270519416924799e-8,1.9728789439810227e-9,2.046457420587277e-5,1.778189045526263e-6,11.508660599028822,0.0
2530.0,11.508656875610969,11.508656853621684,2.198928505947606e-8,1.9106734432299856e-9,2.0463404146997386e-5,1.778087953109735e-6,11.508656875610969,0.0
2535.0,11.508653313653875,11.508653292379426,2.127444886923513e-8,1.8485611034954982e-9,2.046223489214598e-5,1.7779869055460703e-6,11.508653313653875,0.0
2540.0,11.508649912582756,11.508649892022067,2.0560689151238876e-8,1.7865422362669361e-9,2.046106644246353e-5,1.7778859030278455e-6,11.508649912582756,0.0
2545.0,11.50864667182524,11.508646651977234,1.9848005905487298e-8,1.7246168443139336e-9,2.0459898794041104e-5,1.777784945308102e-6,11.50864667182524,0.0
2550.0,11.508643590811348,11.508643571674957,1.91363902501962e-8,1.6627841586366395e-9,2.04587319466318e-5,1.7776840324576843e-6,11.508643590811348,0.0
2555.0,11.508640668973499,11.50864065054765,1.842584929079294e-8,1.6010447993626004e-9,2.0457565897377868e-5,1.7775831643201838e-6,11.508640668973499,0.0
2560.0,11.508637905746486,11.50863788803011,1.7716375921850158e-8,1.5393981518007469e-9,2.045640064581444e-5,1.7774823409467215e-6,11.508637905746486,0.0
2565.0,11.508635300567473,11.508635283559505,1.7007968367011017e-8,1.4778440642890457e-9,2.0455236190497793e-5,1.7773815623029758e-6,11.508635300567473,0.0
2570.0,11.508632852875985,11.508632836575359,1.6300626626275516e-8,1.416382539495299e-9,2.0454072529201464e-5,1.7772808282862226e-6,11.508632852875985,0.0
2575.0,11.508630562113892,11.508630546519537,1.5594354252357334e-8,1.3550138887674035e-9,2.0452909659720247e-5,1.7771801387952e-6,11.508630562113892,0.0
2580.0,11.508628427725403,11.508628412836263,1.4889140587115435e-8,1.293737188633708e-9,2.0451747583904752e-5,1.7770794940806765e-6,11.508628427725403,0.0
2585.0,11.508626449157063,11.508626434972069,1.4184994512334015e-8,1.2325532134525905e-9,2.0450586296961944e-5,1.7769788938157625e-6,11.508626449157063,0.0
2590.0,11.508624625857717,11.508624612375819,1.348189826444468e-8,1.1714604223126183e-9,2.044942579812599e-5,1.7768783380231181e-6,11.508624625857717,0.0
2595.0,11.508622957278542,11.508622944498674,1.2779867830658986e-8,1.1104602069334851e-9,2.044826608697785e-5,1.776777826755155e-6,11.508622957278542,0.0
2600.0,11.508621442872993,11.5086214307941,1.2078892552835896e-8,1.0495516437649496e-9,2.0447107162193137e-5,1.776677359985242e-6,11.508621442872993,0.0
2605.0,11.508620082096824,11.508620070717857,1.1378967101904891e-8,9.887342722874635e-10,2.0445949021092883e-5,1.776576937568671e-6,11.508620082096824,0.0
2610.0,11.508618874408064,11.508618863727966,1.068009858329333e-8,9.280087124131696e-10,2.0444791662448327e-5,1.776476559486369e-6,11.508618874408064,0.0
2615.0,11.508617819267013,11.508617809284733,9.982279891573853e-9,8.673743492343747e-10,2.044363508529064e-5,1.7763762257414766e-6,11.508617819267013,0.0
2620.0,11.50861691613623,11.508616906850715,9.285514579460141e-9,8.068314939252972e-10,2.0442479287573966e-5,1.7762759362431787e-6,11.50861691613623,0.0
2625.0,11.508616164480516,11.508616155890719,8.589797317881676e-9,7.463796858907065e-10,2.044132426918958e-5,1.776175691068612e-6,11.508616164480516,0.0
2630.0,11.508615563766918,11.508615555871794,7.895124554124777e-9,6.86018618866838e-10,2.044017002705825e-5,1.776075490036433e-6,11.508615563766918,0.0
2635.0,11.508615113464714,11.508615106263214,7.201499840903125e-9,6.257486039721321e-10,2.043901656056413e-5,1.7759753331789791e-6,11.508615113464714,0.0
2640.0,11.508614813045398,11.508614806536478,6.50891962550304e-9,5.655693349059665e-10,2.0437863868262932e-5,1.775875220456239e-6,11.508614813045398,0.0
2645.0,11.508614661982667,11.508614656165289,5.8173785788540044e-9,5.054803509992405e-10,2.043671194729034e-5,1.7757751517044508e-6,11.508614661982667,0.0
2650.0,11.508614659752437,11.508614654625557,5.126880253669697e-9,4.4548196331564217e-10,2.043556079848461e-5,1.7756751270812121e-6,11.508614659752437,0.0
2655.0,11.508614805832805,11.508614801395378,4.437426426306956e-9,3.8557432855064163e-10,2.043441041998016e-5,1.7755751465088204e-6,11.508614805832805,0.0
2660.0,11.508615099704041,11.508615095955038,3.749002885911068e-9,3.2575621423011e-10,2.043326080981079e-5,1.7754752099004733e-6,11.508615099704041,0.0
2665.0,11.508615540848602,11.508615537786984,3.061618514266229e-9,2.6602839441454456e-10,2.043211196673643e-5,1.7753753172321058e-6,11.508615540848602,0.0
2670.0,11.508616128751102,11.508616126375829,2.375273311372439e-9,2.0639087139577745e-10,2.0430963889846794e-5,1.7752754685079527e-6,11.508616128751102,0.0
2675.0,11.50861686289833,11.508616861208377,1.6899530663749829e-9,1.468424126467431e-10,2.0429816545594493e-5,1.7751756608960086e-6,11.50861686289833,0.0
2680.0,11.508617742772891,11.508617741767164,1.0057270571905974e-9,8.738904008017536e-11,2.0428669910740272e-5,1.7750758924605813e-6,11.508617742772891,0.0
2685.0,11.508618767858758,11.508618767536259,3.2249936054995487e-10,2.8022421026807343e-11,2.0427524060312096e-5,1.7749761698043239e-6,11.508618767858758,0.0
2690.0,11.508619937643955,11.508619938003614,-3.596589692733687e-10,-3.1251268286039e-11,2.0426378968873515e-5,1.7748764907997478e-6,11.508619937643955,0.0
2695.0,11.508621251623447,11.508621252664268,-1.0408207629097888e-9,-9.043835400899711e-11,2.0425234627991893e-5,1.774776854795759e-6,11.508621251623447,0.0
2700.0,11.508622709292057,11.508622711012993,-1.720936282367802e-9,-1.495345121513384e-10,2.0424091053122906e-5,1.7746772632169534e-6,11.508622709292057,0.0
2705.0,11.508624310146645,11.508624312546681,-2.4000357257136784e-9,-2.0854236449422308e-10,2.0422948225284853e-5,1.77457771449528e-6,11.508624310146645,0.0
2710.0,11.508626053687149,11.508626056765262,-3.0781137638768996e-9,-2.6746144583355626e-10,2.042180615868588e-5,1.7744782099461053e-6,11.508626053687149,0.0
2715.0,11.508627939414495,11.508627943169657,-3.755161515073269e-9,-3.2629098228231657e-10,2.042066484189104e-5,1.7743787486564578e-6,11.508627939414495,0.0
2720.0,11.508629966832556,11.508629971263751,-4.43119496651434e-9,-3.850323608704841e-10,2.0419524277453206e-5,1.7742793309283135e-6,11.508629966832556,0.0
2725.0,11.5086321354467,11.508632140552907,-5.1062070127727566e-9,-4.436849620942865e-10,2.0418384463824604e-5,1.774179956707086e-6,11.5086321354467,0.0
2730.0,11.50863444407398,11.508634449854181,-5.780201206562197e-9,-5.022490925966055e-10,2.0417245394226245e-5,1.7740806255897268e-6,11.50863444407398,0.0
2735.0,11.508636890736677,11.508636897189856,-6.4531793242395e-9,-5.607249047394723e-10,2.0416107060642804e-5,1.7739813371882266e-6,11.508636890736677,0.0
2740.0,11.50863947495399,11.508639482079136,-7.125146694875184e-9,-6.191128595505569e-10,2.0414969459975843e-5,1.7738820913110115e-6,11.50863947495399,0.0
2745.0,11.50864219624759,11.508642204043692,-7.79610154211241e-9,-6.774128006737703e-10,2.0413832592226404e-5,1.7737828880354247e-6,11.50864219624759,0.0
2750.0,11.508645054141002,11.508645062607048,-8.466045642308018e-9,-7.356248804685999e-10,2.0412696453062996e-5,1.773683727062046e-6,11.508645054141002,0.0
2755.0,11.50864804815979,11.508648057294767,-9.134977219105167e-9,-7.937489426106685e-10,2.0411561045481254e-5,1.7735846087277837e-6,11.50864804815979,0.0
2760.0,11.508651177831455,11.508651187634356,-9.802901601574376e-9,-8.517854481902467e-10,2.0410426366081702e-5,1.7734855328135496e-6,11.508651177831455,0.0
2765.0,11.508654442685483,11.508654453155302,-1.0469818789715646e-8,-9.097343952637237e-10,2.040929241267827e-5,1.773386499205364e-6,11.508654442685483,0.0
2770.0,11.508657842253308,11.508657853389039,-1.1135730559885815e-8,-9.675959362525912e-10,2.0408159185909475e-5,1.773287508034361e-6,11.508657842253308,0.0
2775.0,11.508661376068316,11.508661387868951,-1.1800635135728044e-8,-1.0253699148944353e-9,2.0407026683178012e-5,1.7731885591501892e-6,11.508661376068316,0.0
2780.0,11.50866504366583,11.508665056130367,-1.2464536069956011e-8,-1.0830566379908915e-9,2.0405894902781875e-5,1.7730896524799741e-6,11.50866504366583,0.0
2785.0,11.5086688445831,11.508668857710543,-1.3127442244353915e-8,-1.1406568754068146e-9,2.0404763845430836e-5,1.7729907881600876e-6,11.5086688445831,0.0
2790.0,11.508672778359308,11.508672792148648,-1.378933944806704e-8,-1.198169390478827e-9,2.040363350750887e-5,1.7728919659507114e-6,11.508672778359308,0.0
2795.0,11.508676844535541,11.50867685898579,-1.4450248997377457e-8,-1.2555960335473847e-9,2.0402503890081935e-5,1.7727931860185378e-6,11.508676844535541,0.0
2800.0,11.508681042654803,11.508681057764953,-1.5110149576003096e-8,-1.3129349505820966e-9,2.0401374988990783e-5,1.772694448075922e-6,11.508681042654803,0.0
2805.0,11.508685372261985,11.50868538803104,-1.576905539479867e-8,-1.3701873745549555e-9,2.0400246805492192e-5,1.7725957523055136e-6,11.508685372261985,0.0
2810.0,11.508689832903867,11.508689849330842,-1.6426975335548377e-8,-1.4273540754033452e-9,2.0399119337719345e-5,1.7724970986182403e-6,11.508689832903867,0.0
2815.0,11.508694424129125,11.50869444121302,-1.7083895187397502e-8,-1.4844338165395557e-9,2.0397992583516225e-5,1.7723984868995913e-6,11.508694424129125,0.0
2820.0,11.508699145488295,11.508699163228123,-1.773982738484392e-8,-1.5414276766282823e-9,2.039686654317955e-5,1.772299917247871e-6,11.508699145488295,0.0
2825.0,11.508703996533786,11.50870401492855,-1.8394764822460274e-8,-1.598335036508059e-9,2.0395741214641622e-5,1.7722013895556312e-6,11.508703996533786,0.0
2830.0,11.50870897681986,11.508708995868574,-1.9048714605673922e-8,-1.6551565118242787e-9,2.0394616595330575e-5,1.7721029036713128e-6,11.50870897681986,0.0
2835.0,11.508714085902627,11.508714105604302,-1.9701674958128024e-8,-1.711891946491329e-9,2.039349268565677e-5,1.7720044597021815e-6,11.508714085902627,0.0
2840.0,11.508719323340046,11.508719343693695,-2.0353649432536258e-8,-1.7685416474844787e-9,2.0392369483455744e-5,1.7719060575314731e-6,11.508719323340046,0.0
2845.0,11.508724688691903,11.50872470969654,-2.1004638028898626e-8,-1.8251056130951763e-9,2.0391246988746074e-5,1.7718076972318096e-6,11.508724688691903,0.0
2850.0,11.508730181519812,11.508730203174458,-2.1654646076285644e-8,-1.8815843046748697e-9,2.0390125198681957e-5,1.7717093786266255e-6,11.508730181519812,0.0
2855.0,11.508735801387209,11.508735823690873,-2.2303664692913117e-8,-1.937976948799601e-9,2.0389004115378398e-5,1.7716111019701056e-6,11.508735801387209,0.0
2860.0,11.50874154785933,11.508741570811036,-2.295170631327892e-8,-1.9942846242426935e-9,2.0387883732455893e-5,1.7715128667780465e-6,11.50874154785933,0.0
2865.0,11.508747420503225,11.508747444101994,-2.3598769161026212e-8,-2.0505071750018774e-9,2.038676405215833e-5,1.7714146733152401e-6,11.508747420503225,0.0
2870.0,11.508753418887727,11.50875344313258,-2.4244853236154995e-8,-2.1066445994372656e-9,2.0385645073136965e-5,1.7713165215340197e-6,11.508753418887727,0.0
2875.0,11.508759542583467,11.508759567473426,-2.488995853866527e-8,-2.162696895922635e-9,2.0384526793073403e-5,1.7712184113021723e-6,11.508759542583467,0.0
2880.0,11.508765791162851,11.50876581669694,-2.5534088621270712e-8,-2.21866437154168e-9,2.038340921128453e-5,1.7711203426292838e-6,11.508765791162851,0.0
2885.0,11.508772164200053,11.508772190377297,-2.6177243483971324e-8,-2.274547024694779e-9,2.0382292327106175e-5,1.7710223155262974e-6,11.508772164200053,0.0
2890.0,11.508778661271014,11.508778688090437,-2.6819423126767106e-8,-2.3303448537957374e-9,2.0381176139042757e-5,1.7709243299316252e-6,11.508778661271014,0.0
2895.0,11.508785281953433,11.508785309414066,-2.7460632878728575e-8,-2.3860583203154146e-9,2.038006064475076e-5,1.770826385709715e-6,11.508785281953433,0.0
2900.0,11.508792020277188,11.508792048378062,-2.810087451621257e-8,-2.441687578218636e-9,2.0378945812618004e-5,1.7707284810354216e-6,11.508792020277188,0.0
2905.0,11.508798868908597,11.508798897648756,-2.874015869736013e-8,-2.4972335536250115e-9,2.0377831603903142e-5,1.7706306136737285e-6,11.508798868908597,0.0
2910.0,11.508805827481677,11.508805856860153,-2.9378476540387055e-8,-2.5526954734291115e-9,2.0376718013673026e-5,1.7705327832550461e-6,11.508805827481677,0.0
2915.0,11.508812895632637,11.508812925648476,-3.001583870343438e-8,-2.608074262361567e-9,2.0375605042894994e-5,1.7704349899221254e-6,11.508812895632637,0.0
2920.0,11.508820072998969,11.50882010365121,-3.0652241633788435e-8,-2.66336961038275e-9,2.0374492688097807e-5,1.7703372334318389e-6,11.508820072998969,0.0
2925.0,11.508827359219739,11.50882739050742,-3.128768177873553e-8,-2.7185812074651486e-9,2.0373380949119566e-5,1.7702395138283502e-6,11.508827359219739,0.0
2930.0,11.508834753935503,11.508834785857665,-3.192216269098935e-8,-2.773709360982302e-9,2.037226982599077e-5,1.7701418311722975e-6,11.508834753935503,0.0
2935.0,11.508842256788315,11.508842289344003,-3.2555687923263577e-8,-2.82875437831821e-9,2.037115931773201e-5,1.7700441854363233e-6,11.508842256788315,0.0
2940.0,11.508849867421725,11.508849900609984,-3.318825925191504e-8,-2.8837164125202075e-9,2.037004942182339e-5,1.7699465764589732e-6,11.508849867421725,0.0
2945.0,11.508857583690611,11.508857617510492,-3.381988022965743e-8,-2.938595771450342e-9,2.0368940135777637e-5,1.7698490043566784e-6,11.508857583690611,0.0
2950.0,11.508865401117932,11.508865435568456,-3.4450524211138145e-8,-2.993390139725827e-9,2.0367831372650898e-5,1.7697514622659881e-6,11.508865401117932,0.0
2955.0,11.508873318960024,11.508873354040228,-3.508020363085507e-8,-3.048100596698984e-9,2.0366723191845284e-5,1.7696539554651802e-6,11.508873318960024,0.0
2960.0,11.508881336935316,11.508881372644385,-3.5709069479139544e-8,-3.102740260648865e-9,2.036561628215467e-5,1.7695565438489267e-6,11.508881336935316,0.0
2965.0,11.508889454672488,11.50888949100871,-3.6336221143074e-8,-3.1572308767221563e-9,2.0364510434983584e-5,1.7694592093519334e-6,11.508889454672488,0.0
2970.0,11.508897671923666,11.508897708886082,-3.696241535067202e-8,-3.211638195449686e-9,2.036340607676017e-5,1.7693619890667174e-6,11.508897671923666,0.0
2975.0,11.508905988348548,11.508906025936119,-3.758757038951899e-8,-3.265955115766182e-9,2.0362301789480215e-5,1.7692647598385735e-6,11.508905988348548,0.0
2980.0,11.508914403668392,11.508914441880751,-3.821235949885704e-8,-3.320240133741641e-9,2.036119825458403e-5,1.7691675809226656e-6,11.508914403668392,0.0
2985.0,11.508922917521636,11.508922956357328,-3.8835691995586785e-8,-3.3743984796754355e-9,2.036009535497351e-5,1.7690704422024151e-6,11.508922917521636,0.0
2990.0,11.508931529587322,11.50893156904575,-3.945842763641849e-8,-3.428504855987562e-9,2.0358992936078584e-5,1.768973330299116e-6,11.508931529587322,0.0
2995.0,11.508940239536585,11.508940279616649,-4.008006371236661e-8,-3.482515581641465e-9,2.035789121001132e-5,1.7688762636959389e-6,11.508940239536585,0.0
3000.0,11.50894904703678,11.508949087737602,-4.070082226803606e-8,-3.536449948791401e-9,2.03567899869262e-5,1.7687792259509118e-6,11.50894904703678,0.0
3005.0,11.50895795176686,11.508957993087517,-4.132065711814903e-8,-3.5903039433561808e-9,2.0355689403380632e-5,1.7686822289810884e-6,11.50895795176686,0.0
3010.0,11.50896695339707,11.508966995336607,-4.19395362882824e-8,-3.644074786043522e-9,2.035458937531422e-5,1.7685852655356015e-6,11.50896695339707,0.0
3015.0,11.508976051606805,11.508976094164325,-4.255752017456871e-8,-3.697767723534981e-9,2.0353489942485298e-5,1.7684883391206364e-6,11.508976051606805,0.0
3020.0,11.50898524607184,11.50898528924639,-4.317455015723226e-8,-3.751377661377077e-9,2.0352391091069957e-5,1.768391448587223e-6,11.50898524607184,0.0
3025.0,11.50899453647197,11.508994580262643,-4.379067242155088e-8,-3.804908611501931e-9,2.035129281982453e-5,1.7682945938788433e-6,11.50899453647197,0.0
3030.0,11.509003922487318,11.50900396689318,-4.4405862098528814e-8,-3.858358412039871e-9,2.0350195133819398e-5,1.7681977754875356e-6,11.509003922487318,0.0
3035.0,11.50901340379947,11.509013448819605,-4.502013517537762e-8,-3.911728451069066e-9,2.034909802444381e-5,1.7681009927163665e-6,11.50901340379947,0.0
3040.0,11.50902298009168,11.509023025725156,-4.5633475664885736e-8,-3.965017338467615e-9,2.0348001497398443e-5,1.7680042461116324e-6,11.50902298009168,0.0
3045.0,11.509032651048116,11.509032697294021,-4.624590488333524e-8,-4.018226925364025e-9,2.03469055485029e-5,1.7679075353609262e-6,11.509032651048116,0.0
3050.0,11.509042416354667,11.509042463212078,-4.685741039622826e-8,-4.0713561303451786e-9,2.0345810178846397e-5,1.7678108606094316e-6,11.509042416354667,0.0
3055.0,11.509052275698288,11.509052323166287,-4.746799930899215e-8,-4.124405569798502e-9,2.0344715387394255e-5,1.7677142218176155e-6,11.509052275698288,0.0
3060.0,11.509062228767416,11.509062276845087,-4.8077671621626905e-8,-4.1773752427417255e-9,2.0343621173551054e-5,1.7676176189838703e-6,11.509062228767416,0.0
3065.0,11.509072275251738,11.509072323938163,-4.868642555777569e-8,-4.2302649938577064e-9,2.034252753648683e-5,1.7675210520860058e-6,11.509072275251738,0.0
3070.0,11.50908241484228,11.509082464136547,-4.929426644650903e-8,-4.2830752852146075e-9,2.0341434474941092e-5,1.7674245210642059e-6,11.50908241484228,0.0
3075.0,11.509092649450375,11.509092699351566,-4.990119073511323e-8,-4.33580580633316e-9,2.0340342003351673e-5,1.7673280268816883e-6,11.509092649450375,0.0
3080.0,11.509102987672874,11.509103038180093,-5.050721973987038e-8,-4.388458404965831e-9,2.033925018205634e-5,1.7672315734633034e-6,11.509102987672874,0.0
3085.0,11.509113429177864,11.509113480290218,-5.111235346078047e-8,-4.4410330800286155e-9,2.033815901525645e-5,1.7671351612275558e-6,11.509113429177864,0.0
3090.0,11.50912397363179,11.509124025348381,-5.17165918978435e-8,-4.49352983044842e-9,2.033706850012331e-5,1.7670387899823619e-6,11.50912397363179,0.0
3095.0,11.509134620703094,11.509134673023034,-5.231994038012999e-8,-4.5459491181912825e-9,2.0335978634074722e-5,1.7669424595567373e-6,11.509134620703094,0.0
3100.0,11.509145370061457,11.509145422983849,-5.292239180221259e-8,-4.598290324829739e-9,2.0334889417025125e-5,1.7668461699964208e-6,11.509145370061457,0.0
3105.0,11.509156221377923,11.50915627490188,-5.352395682223232e-8,-4.650554375377504e-9,2.033380084886265e-5,1.7667499213446426e-6,11.509156221377923,0.0
3110.0,11.509167174324896,11.509167228449522,-5.4124626558405e-8,-4.702740497083781e-9,2.0332712926595306e-5,1.766653713394165e-6,11.509167174324896,0.0
3115.0,11.509178228576104,11.509178283300516,-5.472441166887165e-8,-4.7548496149791625e-9,2.0331625652541208e-5,1.7665575463989145e-6,11.509178228576104,0.0
3120.0,11.50918938380663,11.509189439129939,-5.532330860091861e-8,-4.806881419360274e-9,2.0330539023150428e-5,1.7664614201027391e-6,11.50918938380663,0.0
3125.0,11.509200639692878,11.509200695614195,-5.592131735454586e-8,-4.858835909218985e-9,2.0329453037741583e-5,1.7663653344985106e-6,11.509200639692878,0.0
3130.0,11.509211995912578,11.509212052431021,-5.6518443258823936e-8,-4.910713546583041e-9,2.032836769667317e-5,1.7662692896692371e-6,11.509211995912578,0.0
3135.0,11.50922345214478,11.509223509259463,-5.711468276103915e-8,-4.96251402177752e-9,2.0327282998161997e-5,1.7661732855116254e-6,11.50922345214478,0.0
3140.0,11.509235008069854,11.509235065779894,-5.771003941390518e-8,-5.0142376425054325e-9,2.032619894078734e-5,1.766077321953662e-6,11.509235008069854,0.0
3145.0,11.50924666336947,11.509246721673982,-5.830451144106519e-8,-5.065884253452592e-9,2.0325115523713675e-5,1.7659813989739667e-6,11.50924666336947,0.0
3150.0,11.509258417726604,11.509258476624707,-5.8898102395232854e-8,-5.117454162339232e-9,2.0324032747299854e-5,1.765885516654722e-6,11.509258417726604,0.0
3155.0,11.509270270825533,11.509270330316344,-5.949081050005134e-8,-5.168947213869207e-9,2.0322950610052253e-5,1.7657896749169427e-6,11.509270270825533,0.0
3160.0,11.509282222351816,11.509282282434459,-6.0082642860948e-8,-5.220364024462219e-9,2.032186911050832e-5,1.7656938736841343e-6,11.509282222351816,0.0
3165.0,11.509294271992314,11.509294332665908,-6.067359414885232e-8,-5.271704130156838e-9,2.0320788248884417e-5,1.7655981130254645e-6,11.509294271992314,0.0
3170.0,11.509306419435157,11.509306480698825,-6.126366791647797e-8,-5.322967838707053e-9,2.031970802411556e-5,1.7655023928985627e-6,11.509306419435157,0.0
3175.0,11.509318664369758,11.50931872622262,-6.185286238746812e-8,-5.374154994852177e-9,2.0318628434450844e-5,1.7654067132012527e-6,11.509318664369758,0.0
3180.0,11.50933100648679,11.509331068927972,-6.244118289089329e-8,-5.425266060703331e-9,2.0317549480235586e-5,1.765311074013284e-6,11.50933100648679,0.0
3185.0,11.509343445478207,11.50934350850683,-6.302862409768295e-8,-5.476300572335918e-9,2.0316471161611835e-5,1.7652154753965374e-6,11.509343445478207,0.0
3190.0,11.509355981037537,11.509356044652566,-6.361502968843524e-8,-5.527244946914964e-9,2.031539331741858e-5,1.765119903397688e-6,11.509355981037537,0.0
3195.0,11.509368612815859,11.509368677016763,-6.420090414849255e-8,-5.5781430162036746e-9,2.0314315920184163e-5,1.765024355685668e-6,11.509368612815859,0.0
3200.0,11.509381340504179,11.509381405290036,-6.478585667935022e-8,-5.628960824449685e-9,2.03132393333321e-5,1.7649288638864632e-6,11.509381340504179,0.0
3205.0,11.509394163780764,11.509394229150658,-6.536989438643559e-8,-5.67969898816655e-9,2.031216327596793e-5,1.7648334036459405e-6,11.509394163780764,0.0
3210.0,11.509407082345604,11.509407148298731,-6.595312740387271e-8,-5.730367075558469e-9,2.03110879049682e-5,1.764737988642663e-6,11.509407082345604,0.0
3215.0,11.509420095883165,11.509420162418582,-6.653541717582812e-8,-5.780953047289268e-9,2.031001314862968e-5,1.7646426126972655e-6,11.509420095883165,0.0
3220.0,11.509433204089577,11.509433271206468,-6.711689159999423e-8,-5.83146801496237e-9,2.0308939022913686e-5,1.7645472772453673e-6,11.509433204089577,0.0
3225.0,11.509446406657121,11.50944647435458,-6.769745830581542e-8,-5.881903952101369e-9,2.030786553776794e-5,1.7644519832006663e-6,11.509446406657121,0.0
3230.0,11.5094597032808,11.509459771557973,-6.827717236035369e-8,-5.932265642399453e-9,2.030679267055688e-5,1.764356728645427e-6,11.5094597032808,0.0
3235.0,11.509473093657153,11.509473162513164,-6.885601067097014e-8,-5.98255107863422e-9,2.030572044020712e-5,1.7642615152728027e-6,11.509473093657153,0.0
3240.0,11.509486577482866,11.509486646916844,-6.943397856673528e-8,-6.032760723017459e-9,2.030464883243086e-5,1.7641663418900745e-6,11.509486577482866,0.0
3245.0,11.509500154456909,11.509500224467995,-7.001108670579015e-8,-6.082895500781521e-9,2.030357785535539e-5,1.7640712092516967e-6,11.509500154456909,0.0
3250.0,11.509513824278573,11.509513894865892,-7.05873191009232e-8,-6.13295402209117e-9,2.0302507503570737e-5,1.763976116935879e-6,11.509513824278573,0.0
3255.0,11.50952758664888,11.509527657811578,-7.116269706841649e-8,-6.182938138222601e-9,2.0301437776574222e-5,1.7638810649469234e-6,11.50952758664888,0.0
3260.0,11.509541441269736,11.509541513006937,-7.17372010683448e-8,-6.232846150683023e-9,2.0300368674356254e-5,1.763786053331827e-6,11.509541441269736,0.0
3265.0,11.509555387844319,11.509555460155166,-7.231084708791968e-8,-6.282679447747385e-9,2.0299300194170127e-5,1.763691081899566e-6,11.509555387844319,0.0
3270.0,11.50956942607696,11.50956949896059,-7.288362979807061e-8,-6.332437565643411e-9,2.029823233729069e-5,1.7635961508083409e-6,11.50956942607696,0.0
3275.0,11.509583555673116,11.509583629128665,-7.34555491987976e-8,-6.382120503620749e-9,2.029716510306046e-5,1.7635012600482765e-6,11.509583555673116,0.0
3280.0,11.509597776339438,11.509597850366045,-7.402660706645747e-8,-6.4317284152740575e-9,2.0296098488247804e-5,1.7634064093856511e-6,11.509597776339438,0.0
3285.0,11.509612087783683,11.509612162380494,-7.45968105064776e-8,-6.481261917215676e-9,2.0295032493967313e-5,1.763311598964181e-6,11.509612087783683,0.0
3290.0,11.509626489714782,11.509626564880932,-7.516615063707377e-8,-6.5307202370332044e-9,2.029396711888574e-5,1.763216828714712e-6,11.509626489714782,0.0
3295.0,11.509640981842784,11.509641057577417,-7.573463278731651e-8,-6.580103837017409e-9,2.0292902360600244e-5,1.763122098474977e-6,11.509640981842784,0.0
3300.0,11.509655563878875,11.509655640181137,-7.630226228627635e-8,-6.629413179464572e-9,2.029183822104275e-5,1.7630274084591448e-6,11.509655563878875,0.0
3305.0,11.509670235535378,11.509670312404408,-7.686903025216907e-8,-6.678647491988155e-9,2.029077469795683e-5,1.7629327585172986e-6,11.509670235535378,0.0
3310.0,11.509684996525724,11.509685073960666,-7.74349420140652e-8,-6.727807236900007e-9,2.028971178917698e-5,1.762838148507241e-6,11.509684996525724,0.0
3315.0,11.509699846564471,11.509699924564472,-7.800000112467842e-8,-6.776892722181685e-9,2.028864949665225e-5,1.762743578644078e-6,11.509699846564471,0.0
3320.0,11.509714785367287,11.509714863931494,-7.856420758400873e-8,-6.825903947149953e-9,2.0287587817195246e-5,1.7626490486964615e-6,11.509714785367287,0.0
3325.0,11.50972981265095,11.509729891778509,-7.912755961569928e-8,-6.874840756793963e-9,2.0286526750189117e-5,1.7625545586562013e-6,11.50972981265095,0.0
3330.0,11.509744928133339,11.509745007823405,-7.969006610153428e-8,-6.923703922121452e-9,2.0285466296053097e-5,1.7624601086049448e-6,11.509744928133339,0.0
3335.0,11.509760131533438,11.509760211785155,-8.02517163833727e-8,-6.972492516460533e-9,2.0284406452639833e-5,1.7623656984011668e-6,11.509760131533438,0.0
3340.0,11.50977542257132,11.509775503383839,-8.081251934299871e-8,-7.021207310832564e-9,2.0283347220084914e-5,1.762271328101513e-6,11.50977542257132,0.0
3345.0,11.509790800968151,11.50979088234062,-8.137246965134182e-8,-7.069847841586933e-9,2.0282288597386084e-5,1.7621769976635918e-6,11.509790800968151,0.0
3350.0,11.509806266446178,11.509806348377754,-8.19315761901862e-8,-7.118414879756598e-9,2.028123058289921e-5,1.7620827069890672e-6,11.509806266446178,0.0
3355.0,11.509821818728735,11.509821901218565,-8.248983007774768e-8,-7.166907653037736e-9,2.028017317599824e-5,1.7619884560678798e-6,11.509821818728735,0.0
3360.0,11.509837457540225,11.509837540587466,-8.304724019581045e-8,-7.215326932475945e-9,2.0279116375459803e-5,1.7618942448378993e-6,11.509837457540225,0.0
3365.0,11.509853182606127,11.509853266209934,-8.360380654437449e-8,-7.263672717452026e-9,2.0278060183022846e-5,1.761800073494193e-6,11.509853182606127,0.0
3370.0,11.509868993652988,11.50986907781251,-8.415952201801247e-8,-7.311944390020552e-9,2.027700459340481e-5,1.76170594162161e-6,11.509868993652988,0.0
3375.0,11.50988489040816,11.509884975122503,-8.471434398416022e-8,-7.360138245583802e-9,2.027594956386031e-5,1.761611845550029e-6,11.50988489040816,0.0
3380.0,11.50990087259382,11.509900957862202,-8.52683825769418e-8,-7.408263852208669e-9,2.0274895122123934e-5,1.761517787733551e-6,11.50990087259382,0.0
3385.0,11.509916939938101,11.509917025759663,-8.582156141301311e-8,-7.45631457297681e-9,2.0273841297747993e-5,1.7614237707832688e-6,11.509916939938101,0.0
3390.0,11.5099330921703,11.509933178544202,-8.637390180865623e-8,-7.504292259301888e-9,2.0272788063806447e-5,1.7613297924031488e-6,11.5099330921703,0.0
3395.0,11.509949329021781,11.509949415947187,-8.692540554022798e-8,-7.552197064938398e-9,2.0271735439140837e-5,1.7612358542731927e-6,11.509949329021781,0.0
3400.0,11.509965650150958,11.509965737627024,-8.747606550230103e-8,-7.600028372035475e-9,2.0270683410130947e-5,1.7611419552642268e-6,11.509965650150958,0.0
3405.0,11.509982047573615,11.509982135599495,-8.802587991851851e-8,-7.647786030828344e-9,2.0269631929401414e-5,1.7610480924837233e-6,11.509982047573615,0.0
3410.0,11.509998521054616,11.50999860962946,-8.857484345980993e-8,-7.695469577844409e-9,2.026858098947138e-5,1.7609542653194233e-6,11.509998521054616,0.0
3415.0,11.510015070362547,11.510015159485508,-8.912296145524579e-8,-7.743079475606504e-9,2.0267530593482607e-5,1.760860474081396e-6,11.510015070362547,0.0
3420.0,11.510031695266221,11.51003178493645,-8.967022857575557e-8,-7.790615260654289e-9,2.0266480740984228e-5,1.7607667187675346e-6,11.510031695266221,0.0
3425.0,11.510048395535424,11.51004848575207,-9.021664659769613e-8,-7.838077086860018e-9,2.0265431429912896e-5,1.7606729992354814e-6,11.510048395535424,0.0
3430.0,11.510065170940846,11.510065261703067,-9.076222085013796e-8,-7.885465416762619e-9,2.0264382661147545e-5,1.760579315598359e-6,11.510065170940846,0.0
3435.0,11.510082021253968,11.51008211256092,-9.130695133308109e-8,-7.932780249912905e-9,2.0263334433871803e-5,1.7604856678218711e-6,11.510082021253968,0.0
3440.0,11.510098946247197,11.510099038098026,-9.18508291647413e-8,-7.980020814216263e-9,2.0262286747570435e-5,1.7603920558977332e-6,11.510098946247197,0.0
3445.0,11.510115945693737,11.510116038087606,-9.239386855597331e-8,-8.02718834387941e-9,2.0261239600002627e-5,1.7602984796676123e-6,11.510115945693737,0.0
3450.0,11.51013301936768,11.510133112303746,-9.293606595406345e-8,-8.074282529809458e-9,2.026019299120295e-5,1.760204939170717e-6,11.51013301936768,0.0
3455.0,11.510150167043951,11.510150260521371,-9.347741958265487e-8,-8.121303217250888e-9,2.0259146921762856e-5,1.7601114344945015e-6,11.510150167043951,0.0
3460.0,11.510167388498626,11.510167482515676,-9.401705014511208e-8,-8.168174012747834e-9,2.0258100729572203e-5,1.7600179081509125e-6,11.510167388498626,0.0
3465.0,11.510184683333442,11.51018477789117,-9.455772875810453e-8,-8.215135669805765e-9,2.0257054520463315e-5,1.7599243693974082e-6,11.510184683333442,0.0
3470.0,11.510202051334902,11.51020214643167,-9.509676779373422e-8,-8.261954687642109e-9,2.025600951259826e-5,1.759830924101724e-6,11.510202051334902,0.0
3475.0,11.510219492203609,11.510219587838764,-9.563515490640384e-8,-8.308716872965095e-9,2.0254964585061838e-5,1.7597374749266458e-6,11.510219492203609,0.0
3480.0,11.510237005730575,11.510237101903364,-9.617278884377356e-8,-8.355413428575992e-9,2.0253920503162132e-5,1.759644088395257e-6,11.510237005730575,0.0
3485.0,11.510254591637262,11.510254688346633,-9.670937117789435e-8,-8.402018426956275e-9,2.0252876817444584e-5,1.7595507255034346e-6,11.510254591637262,0.0
3490.0,11.510272249693317,11.510272346938617,-9.724529981269825e-8,-8.448566437278604e-9,2.0251833738220207e-5,1.759457404559636e-6,11.510272249693317,0.0
3495.0,11.510289979641916,11.510290077422152,-9.778023546402892e-8,-8.495027982524455e-9,2.0250791202797155e-5,1.7593641201580878e-6,11.510289979641916,0.0
3500.0,11.510307781239963,11.510307879554379,-9.831441616370284e-8,-8.541423742286047e-9,2.02497491937692e-5,1.7592708708252952e-6,11.510307781239963,0.0
3505.0,11.510325654241367,11.510325753089067,-9.884769980317287e-8,-8.587741370006253e-9,2.024870775808434e-5,1.7591776606792201e-6,11.510325654241367,0.0
3510.0,11.51034359840005,11.510343697780211,-9.938016098942626e-8,-8.633987347105799e-9,2.0247666844948738e-5,1.7590844853461355e-6,11.51034359840005,0.0
3515.0,11.510361613473433,11.510361713385208,-9.991177485346725e-8,-8.680159512670366e-9,2.024662649307479e-5,1.7589913482279425e-6,11.510361613473433,0.0
3520.0,11.51037969921698,11.510379799659516,-1.0044253606622533e-7,-8.726257403398965e-9,2.0245586673884203e-5,1.7588982468807224e-6,11.51037969921698,0.0
3525.0,11.510397855389224,11.51039795636169,-1.0097246594398257e-7,-8.77228287089197e-9,2.0244547401942837e-5,1.7588051826083704e-6,11.510397855389224,0.0
3530.0,11.510416081748083,11.510416183249628,-1.0150154494681374e-7,-8.818234217246362e-9,2.0243508671228358e-5,1.7587121549261999e-6,11.510416081748083,0.0
3535.0,11.510434378053112,11.510434480082903,-1.0202979083828723e-7,-8.864112985416685e-9,2.0242470481319966e-5,1.7586191638359177e-6,11.510434378053112,0.0
3540.0,11.510452744064372,11.510452846621565,-1.02557192960262e-7,-8.909918249145148e-9,2.0241432831975215e-5,1.7585262093546384e-6,11.510452744064372,0.0
3545.0,11.51047117954281,11.510471282626572,-1.030837619708791e-7,-8.955650934089176e-9,2.0240395721309378e-5,1.7584332913566546e-6,11.51047117954281,0.0
3550.0,11.51048968425029,11.510489787859775,-1.0360948543564064e-7,-9.0013099596804e-9,2.0239359151340348e-5,1.7583404100551603e-6,11.51048968425029,0.0
3555.0,11.51050825794937,11.510508362083746,-1.041343757890445e-7,-9.046896405910432e-9,2.0238323117589676e-5,1.7582475650988492e-6,11.51050825794937,0.0
3560.0,11.510526900403557,11.510527005061988,-1.0465843125473384e-7,-9.092410118173178e-9,2.0237287621610678e-5,1.7581547566602848e-6,11.510526900403557,0.0
3565.0,11.51054561137709,11.510545716558742,-1.0518165183270867e-7,-9.137851096193609e-9,2.0236252663264477e-5,1.7580619847648967e-6,11.51054561137709,0.0
3570.0,11.51056439063509,11.51056449633912,-1.0570403041754162e-7,-9.183218722406144e-9,2.023521823817631e-5,1.7579692490699703e-6,11.51056439063509,0.0
3575.0,11.51058323794344,11.510583344169028,-1.0622558832551476e-7,-9.228514848435583e-9,2.0234184349598087e-5,1.757876549895248e-6,11.51058323794344,0.0
3580.0,11.510602129886433,11.510602236632817,-1.0674638417640381e-7,-9.273744585371834e-9,2.023315107895048e-5,1.757783897891544e-6,11.510602129886433,0.0
3585.0,11.510621064210701,11.510621171477133,-1.0726643218106346e-7,-9.3189091694262e-9,2.0232118441510955e-5,1.7576912947310456e-6,11.510621064210701,0.0
3590.0,11.510640040717902,11.510640148503633,-1.077857305631369e-7,-9.364008446259644e-9,2.0231086429306976e-5,1.7575987397521982e-6,11.510640040717902,0.0
3595.0,11.510659059210898,11.510659167515179,-1.0830428109898094e-7,-9.409042570183261e-9,2.0230055046227553e-5,1.757506233323742e-6,11.510659059210898,0.0
3600.0,11.51067811949289,11.510678228314976,-1.0882208556495243e-7,-9.454011695511354e-9,2.0229024290594627e-5,1.7574137753307126e-6,11.51067811949289,0.0
