time,untagged,untagged_relative,overclaimed,overclaimed_relative,orphaned,orphaned_relative,orphaned_volume_fraction,nonpositive_mass,nonpositive_mass_fraction,exchange_volume_fraction,bound_partition,bound_evap,bound_fcg,fix_gross,fix_gross_relative,fix_events,increment_left,increment_left_relative,increment_left_net_abs,increment_left_net_abs_relative,increment_moved_net_abs,increment_moved_net_abs_relative,led_rescale_retained,led_rescale_retained_relative,led_rescale_attempted,led_rescale_attempted_relative,led_rescale_events,led_empty_retained,led_empty_retained_relative,led_empty_attempted,led_empty_attempted_relative,led_empty_events,led_repair_retained,led_repair_retained_relative,led_repair_attempted,led_repair_attempted_relative,led_repair_events,led_repairnet_retained,led_repairnet_retained_relative,led_repairnet_attempted,led_repairnet_attempted_relative,led_repairnet_events,inc_left_retained,inc_left_retained_relative,inc_left_attempted,inc_left_attempted_relative,inc_left_events,inc_moved_retained,inc_moved_retained_relative,inc_moved_attempted,inc_moved_attempted_relative,inc_moved_events,inc_negative_retained,inc_negative_retained_relative,inc_negative_attempted,inc_negative_attempted_relative,inc_negative_events,led_fix_pbl_retained,led_fix_pbl_retained_relative,led_fix_pbl_attempted,led_fix_pbl_attempted_relative,led_fix_pbl_events,led_fix_pbl_inventory_fraction,led_fix_free_retained,led_fix_free_retained_relative,led_fix_free_attempted,led_fix_free_attempted_relative,led_fix_free_events,led_fix_free_inventory_fraction,led_fix_evap_retained,led_fix_evap_retained_relative,led_fix_evap_attempted,led_fix_evap_attempted_relative,led_fix_evap_events,led_fix_evap_inventory_fraction,led_fix_fcg_retained,led_fix_fcg_retained_relative,led_fix_fcg_attempted,led_fix_fcg_attempted_relative,led_fix_fcg_events,led_fix_fcg_inventory_fraction,led_inc_pbl_retained,led_inc_pbl_retained_relative,led_inc_pbl_attempted,led_inc_pbl_attempted_relative,led_inc_pbl_events,led_inc_pbl_inventory_fraction,led_inc_free_retained,led_inc_free_retained_relative,led_inc_free_attempted,led_inc_free_attempted_relative,led_inc_free_events,led_inc_free_inventory_fraction,led_inc_evap_retained,led_inc_evap_retained_relative,led_inc_evap_attempted,led_inc_evap_attempted_relative,led_inc_evap_events,led_inc_evap_inventory_fraction,led_inc_fcg_retained,led_inc_fcg_retained_relative,led_inc_fcg_attempted,led_inc_fcg_attempted_relative,led_inc_fcg_events,led_inc_fcg_inventory_fraction,ledger_cadence_step,void
0.0,1.6927559738976023e-16,5.541235145747802e-18,3.675875500810642e-16,1.2032975119021722e-17,0.0,0.0,0.0,0.0,0.0,0.0,0.0,0.0,0.0,0.0,0.0,0.0,0.0,0.0,0.0,0.0,0.0,0.0,0.0,0.0,0.0,0.0,0.0,0.0,0.0,0.0,0.0,0.0,0.0,0.0,0.0,0.0,0.0,0.0,0.0,0.0,0.0,0.0,0.0,0.0,0.0,0.0,0.0,0.0,0.0,0.0,0.0,0.0,0.0,0.0,0.0,0.0,0.0,0.0,0.0,0.0,0.0,0.0,0.0,0.0,0.0,0.0,0.0,0.0,0.0,0.0,0.0,0.0,0.0,0.0,NaN,0.0,0.0,0.0,0.0,0.0,NaN,0.0,0.0,0.0,0.0,0.0,0.0,0.0,0.0,0.0,0.0,0.0,0.0,0.0,0.0,0.0,0.0,0.0,NaN,0.0,0.0,0.0,0.0,0.0,NaN,1.0,0
21600.0,8.314211163854806e-13,2.726672090315592e-14,1.026778055088898e-12,3.36735140662626e-14,0.0,0.0,0.0,0.0,0.0,0.03650648750847629,0.0,0.1050866849855533,0.0,0.0,0.0,0.0,9.043524646069823e-14,2.9658527747913236e-15,1.983892816066089e-12,6.506239816546806e-14,0.03506707912326397,0.0011500360533296915,0.0,0.0,0.0,0.0,0.0,0.0,0.0,0.0,0.0,0.0,0.0,0.0,0.0,0.0,0.0,0.0,0.0,0.0,0.0,0.0,3.2112884313786297e-12,1.053152291567941e-13,1.9356774020468974e-12,6.348115827225144e-14,0.0,0.3804151015825609,0.012475834685666324,0.28534739926447333,0.00935805904234268,129600.0,0.0,0.0,0.0,0.0,0.0,0.0,0.0,0.0,0.0,0.0,0.0,0.0,0.0,0.0,0.0,0.0,0.0,0.0,0.0,0.0,0.0,0.0,0.0,0.0,0.0,0.0,0.0,0.0,0.0,0.25022105292579583,0.008206079301765288,0.19909985670761646,0.006529543353801351,54491.0,0.01692076110111254,0.3375440534684241,0.011069864978238345,0.20491611234905854,0.006720289314122953,129600.0,0.021493675274795565,0.0038718598487710075,0.00012697887964590335,0.004454143519358236,0.00014607505848893135,34513.0,0.0034326027996162936,0.00016767598486753892,5.498987446242857e-6,0.00010137509614378993,3.324628637170358e-6,73747.0,0.0061163035895481326,1.0,0
43200.0,1.0884074546499382e-12,3.604113533792071e-14,1.582740429641082e-12,5.241030074333684e-14,0.0,0.0,0.0,0.0,0.0,0.05027262711049585,0.0,0.0,0.0,0.0,0.0,0.0,1.2125996341192794e-13,4.015359076905838e-15,2.9228525872045516e-12,9.67862956268635e-14,0.036943723675088046,0.0012233412580666665,0.0,0.0,0.0,0.0,0.0,0.0,0.0,0.0,0.0,0.0,0.0,0.0,0.0,0.0,0.0,0.0,0.0,0.0,0.0,0.0,6.8736973023939186e-12,2.2761315506347614e-13,4.1676232266247465e-12,1.380051855640355e-13,0.0,0.6163730100215432,0.020410355495013476,0.6344496876667067,0.02100894013598219,259199.0,0.0,0.0,0.0,0.0,0.0,0.0,0.0,0.0,0.0,0.0,0.0,0.0,0.0,0.0,0.0,0.0,0.0,0.0,0.0,0.0,0.0,0.0,0.0,0.0,0.0,0.0,0.0,0.0,0.0,0.4395006548036628,0.014553467557770629,0.48417036570348576,0.016032644394687934,108981.0,0.028920869607700853,0.4708172061083316,0.015590472641727466,0.3069716638169908,0.010164949930532427,259199.0,0.031382850206798665,0.02359845740666591,0.0007814308819056669,0.033978584874140405,0.0011251547118756124,82896.0,0.011385146148247727,0.0010107455836535688,3.34694679065574e-5,0.0006318405147831243,2.092254091791778e-5,170846.0,0.017591340324772272,1.0,0
64800.0,2.332369386044438e-12,7.784198602082955e-14,2.938101110078045e-12,9.805806357557869e-14,0.0,0.0,0.0,0.0,0.0,0.05027262711049585,0.0,0.0,0.0,0.0,0.0,0.0,2.351781950829025e-13,7.848987336047304e-15,5.916995746883185e-12,1.9747759637478505e-13,0.04809400419733837,0.001605120022932595,0.0,0.0,0.0,0.0,0.0,0.0,0.0,0.0,0.0,0.0,0.0,0.0,0.0,0.0,0.0,0.0,0.0,0.0,0.0,0.0,1.067874130559176e-11,3.563991348899017e-13,6.44545016585785e-12,2.151145717786835e-13,0.0,0.6964300385897267,0.02324310105112759,0.7296599374988708,0.02435213692762142,388799.0,0.0,0.0,0.0,0.0,0.0,0.0,0.0,0.0,0.0,0.0,0.0,0.0,0.0,0.0,0.0,0.0,0.0,0.0,0.0,0.0,0.0,0.0,0.0,0.0,0.0,0.0,0.0,0.0,0.0,0.506493865354112,0.016904049856955,0.5592775361705642,0.018665685809822054,163142.0,0.03260074254170586,0.5118697001888939,0.01708346640330621,0.34013570890270745,0.011351906458733223,388799.0,0.035480957748194826,0.035959534037760685,0.0012001364632169716,0.04643675951586958,0.0015498100801337102,132679.0,0.012079272365947788,0.001469384160612555,4.9040165753338184e-5,0.000907717000845264,3.029472711888876e-5,295259.0,0.020534200548919745,1.0,0
86400.0,2.578794562960101e-12,8.764096282965287e-14,3.265892926540523e-12,1.1099216846960317e-13,0.0,0.0,0.0,0.0,0.0,0.05027262711049585,0.0,0.0,0.0,0.0,0.0,0.0,2.327939899679579e-13,7.91156058524079e-15,6.815789904569007e-12,2.316362839680369e-13,0.06623134733569937,0.002250888509452649,0.0,0.0,0.0,0.0,0.0,0.0,0.0,0.0,0.0,0.0,0.0,0.0,0.0,0.0,0.0,0.0,0.0,0.0,0.0,0.0,1.4399159541992854e-11,4.893589525601781e-13,8.705428771652164e-12,2.958561222173487e-13,0.0,0.833148339838835,0.028314749740897475,0.8675628449672702,0.029484335099918862,518399.0,0.0,0.0,0.0,0.0,0.0,0.0,0.0,0.0,0.0,0.0,0.0,0.0,0.0,0.0,0.0,0.0,0.0,0.0,0.0,0.0,0.0,0.0,0.0,0.0,0.0,0.0,0.0,0.0,0.0,0.6177818116942397,0.020995465700603066,0.6693549878452054,0.022748192683579825,217527.0,0.03967203885645105,0.5661709374228154,0.019241457537798604,0.38264104832041673,0.013004149448203993,518399.0,0.04087194394412996,0.06286258674600294,0.0021364003583357613,0.07275644239798185,0.002472645458233023,184359.0,0.017345011346165184,0.0020764728829616675,7.056943789408839e-5,0.0012922544377948662,4.391758256975436e-5,421338.0,0.024647678137787853,1.0,0
108000.0,3.259858350916246e-12,1.1166663178970295e-13,4.024597955227197e-12,1.378628300955563e-13,0.0,0.0,0.0,0.0,0.0,0.05027262711049585,0.0,0.0,0.0,0.0,0.0,0.0,1.9402979988730196e-13,6.6465017457446475e-15,8.75026116452456e-12,2.9974069003583095e-13,0.09081374752438316,0.0031108300467712216,0.0,0.0,0.0,0.0,0.0,0.0,0.0,0.0,0.0,0.0,0.0,0.0,0.0,0.0,0.0,0.0,0.0,0.0,0.0,0.0,1.7991295488003877e-11,6.162928423297894e-13,1.0831879978886615e-11,3.7104666000368297e-13,0.0,0.9200159269172165,0.03151519750017709,0.9466716157795467,0.03242828962654328,647999.0,0.0,0.0,0.0,0.0,0.0,0.0,0.0,0.0,0.0,0.0,0.0,0.0,0.0,0.0,0.0,0.0,0.0,0.0,0.0,0.0,0.0,0.0,0.0,0.0,0.0,0.0,0.0,0.0,0.0,0.6882698239033347,0.023576721662208203,0.7312897059431277,0.025050370149426612,271920.0,0.04351791999466442,0.5982900705353004,0.020494460132331464,0.4070360394498608,0.013943042503552754,647999.0,0.04472530995897953,0.08207405769144951,0.0028114514782956596,0.0892841093586243,0.003058432205073817,236161.0,0.018460086402243534,0.002650040747418699,9.077729536516173e-5,0.0016397593507836538,5.61700491054205e-5,550231.0,0.02519442382710588,1.0,0
129600.0,3.731789633597222e-12,1.2965996621871288e-13,4.465101135464952e-12,1.551386651528516e-13,0.0,0.0,0.0,0.0,0.0,0.05027262711049585,0.0,0.0,0.05839727332894789,0.0,0.0,0.0,1.5164264676437425e-13,5.2687805013896245e-15,1.0237064380052354e-11,3.556838814670545e-13,0.1105716537436275,0.003841780565569078,0.0,0.0,0.0,0.0,0.0,0.0,0.0,0.0,0.0,0.0,0.0,0.0,0.0,0.0,0.0,0.0,0.0,0.0,0.0,0.0,2.1459594833869393e-11,7.456075005344434e-13,1.2896563911496252e-11,4.48087433988128e-13,0.0,1.0127763795089537,0.03518862638236657,1.0510252463923981,0.03651757235063942,777599.0,0.0,0.0,0.0,0.0,0.0,0.0,0.0,0.0,0.0,0.0,0.0,0.0,0.0,0.0,0.0,0.0,0.0,0.0,0.0,0.0,0.0,0.0,0.0,0.0,0.0,0.0,0.0,0.0,0.0,0.7636241480186394,0.0265319031770955,0.8128641953138535,0.028242734573224074,326353.0,0.04816389158155141,0.6368254607223839,0.02212631895996969,0.4390396242282545,0.015254306495095423,777599.0,0.04926452471966132,0.10678187175381143,0.0037101056714775337,0.11575527894309118,0.004021884144345853,287972.0,0.021046707830518336,0.0035819803700869192,0.0001244548860954605,0.0021962282485753037,7.630732395929898e-5,679431.0,0.0312365101860565,1.0,0
151200.0,3.96830370995824e-12,1.3948610196551898e-13,4.577051841333426e-12,1.6088363353832591e-13,0.0,0.0,0.0,0.0,0.0,0.05027262711049585,0.0,0.0,0.0,0.0,0.0,0.0,1.867538808672797e-13,6.564409574735873e-15,1.1310714375431889e-11,3.975722560536971e-13,0.11236774205125602,0.00394973254846,0.0,0.0,0.0,0.0,0.0,0.0,0.0,0.0,0.0,0.0,0.0,0.0,0.0,0.0,0.0,0.0,0.0,0.0,0.0,0.0,2.5013980508707384e-11,8.792428429924229e-13,1.5025029761572655e-11,5.281306539361967e-13,0.0,1.098306725149674,0.03860554409411744,1.1340629058799125,0.039862375888196036,907199.0,0.0,0.0,0.0,0.0,0.0,0.0,0.0,0.0,0.0,0.0,0.0,0.0,0.0,0.0,0.0,0.0,0.0,0.0,0.0,0.0,0.0,0.0,0.0,0.0,0.0,0.0,0.0,0.0,0.0,0.8304735151509598,0.02919119147138785,0.8770038284159777,0.030826734639186396,380914.0,0.05212409960107089,0.6697455080319089,0.02354159284478512,0.4646406012967195,0.01633214366308578,907199.0,0.05350757624241773,0.13062864497411006,0.004591604328759413,0.1385063212179746,0.004868505098487695,339809.0,0.022842576202748655,0.004419337870475564,0.0001553399784583829,0.0027012588536919862,9.494940292896744e-5,808853.0,0.03273996609357894,1.0,0
172800.0,4.351917846412191e-12,1.5553122481176708e-13,4.911900397101938e-12,1.7554418807434256e-13,0.0,0.0,0.0,0.0,0.0,0.05027262711049585,0.0,0.0,0.05839727332894789,0.0,0.0,0.0,1.2317252885008958e-13,4.402007333619753e-15,1.2869810983871089e-11,4.599483574965944e-13,0.12560014676156267,0.004488766872855466,0.0,0.0,0.0,0.0,0.0,0.0,0.0,0.0,0.0,0.0,0.0,0.0,0.0,0.0,0.0,0.0,0.0,0.0,0.0,0.0,2.850349653909486e-11,1.0186735790056776e-12,1.7122894405571338e-11,6.119473834775202e-13,0.0,1.1799724717947733,0.04217050281261837,1.230393865096675,0.04397249019696796,1.036799e6,0.0,0.0,0.0,0.0,0.0,0.0,0.0,0.0,0.0,0.0,0.0,0.0,0.0,0.0,0.0,0.0,0.0,0.0,0.0,0.0,0.0,0.0,0.0,0.0,0.0,0.0,0.0,0.0,0.0,0.893173995484068,0.03192074170292124,0.950319431556084,0.03396303661251163,435714.0,0.05631120991394896,0.7035194054055581,0.025142762033474503,0.49499522967110093,0.017690410771471272,1.036799e6,0.05804805953020804,0.1572484969476692,0.005619832954853065,0.1691061581077342,0.006043608547296349,391778.0,0.025222414733183998,0.005587968064915992,0.000199705864866436,0.0034560895163601385,0.0001235156210455008,938145.0,0.04082891352791942,1.0,0
194400.0,4.211031081251699e-12,1.529615833702519e-13,4.74879533988689e-12,1.7249534384212142e-13,0.0,0.0,0.0,0.0,0.0,0.05027262711049585,0.0,0.0,0.0,0.0,0.0,0.0,-9.717710807813339e-14,-3.529863359392506e-15,1.3051749521756829e-11,4.740920297378646e-13,0.13138552020596136,0.0047724504556861174,0.0,0.0,0.0,0.0,0.0,0.0,0.0,0.0,0.0,0.0,0.0,0.0,0.0,0.0,0.0,0.0,0.0,0.0,0.0,0.0,3.1944390077551985e-11,1.1603487107501728e-12,1.9174541272488743e-11,6.964964486954864e-13,0.0,1.2820620901035094,0.04656965087584111,1.3155469619896536,0.047785956080867574,1.166399e6,0.0,0.0,0.0,0.0,0.0,0.0,0.0,0.0,0.0,0.0,0.0,0.0,0.0,0.0,0.0,0.0,0.0,0.0,0.0,0.0,0.0,0.0,0.0,0.0,0.0,0.0,0.0,0.0,0.0,0.9703355003764143,0.035246487540487106,1.014989459726975,0.03686849891827594,490238.0,0.0615407853039575,0.7357456203893641,0.026725239705196725,0.5194444917685422,0.018868312867036486,1.166399e6,0.06254938822436025,0.19028058024687258,0.006911755880586012,0.19698227298530407,0.007155188311444893,443878.0,0.028396655030876922,0.006421375262414227,0.00023325017284400756,0.003990728797019794,0.00014495931846980403,1.067613e6,0.04230159189411522,1.0,0
216000.0,4.8888501229523885e-12,1.7958583278824485e-13,5.156834438444177e-12,1.894299035331907e-13,0.0,0.0,0.0,0.0,0.0,0.05027262711049585,0.0,0.0,0.0,0.0,0.0,0.0,-1.5914768113019443e-13,-5.846092257543799e-15,1.4696584789936276e-11,5.39860775492516e-13,0.15366156309294401,0.005644566530283572,0.0,0.0,0.0,0.0,0.0,0.0,0.0,0.0,0.0,0.0,0.0,0.0,0.0,0.0,0.0,0.0,0.0,0.0,0.0,0.0,3.546026998600275e-11,1.3025889434480268e-12,2.1253950760646133e-11,7.807374641065792e-13,0.0,1.3820973038723585,0.05076962661322367,1.447673635507199,0.0531784916493089,1.295999e6,0.0,0.0,0.0,0.0,0.0,0.0,0.0,0.0,0.0,0.0,0.0,0.0,0.0,0.0,0.0,0.0,0.0,0.0,0.0,0.0,0.0,0.0,0.0,0.0,0.0,0.0,0.0,0.0,0.0,1.042788072876913,0.03830552374883536,1.1130542284175042,0.040886663636994766,545313.0,0.06604876575708722,0.7731718963568028,0.02840150861729643,0.558981533790082,0.02053349187115588,1.295999e6,0.0676159112642173,0.22455858901195527,0.008248880657669109,0.24191438179735614,0.008886424133676539,495993.0,0.03098680928666567,0.00773854134472501,0.0002842656978650518,0.0049403009509688765,0.00018147581500586413,1.196755e6,0.05138395428278113,1.0,0
237600.0,5.26238901911287e-12,1.966495614064792e-13,5.257062421808168e-12,1.964505124536264e-13,0.0,0.0,0.0,0.0,0.0,0.05027262711049585,0.0,0.0,0.0,0.0,0.0,0.0,-8.519167060063192e-14,-3.1835169536599007e-15,1.5418528645673935e-11,5.761730812170469e-13,0.1663526253016868,0.006216410585682593,0.0,0.0,0.0,0.0,0.0,0.0,0.0,0.0,0.0,0.0,0.0,0.0,0.0,0.0,0.0,0.0,0.0,0.0,0.0,0.0,3.8737628553778435e-11,1.4475816282985153e-12,2.3213446173087267e-11,8.67460385785024e-13,0.0,1.4952072752464625,0.055874214890057936,1.5478586337232565,0.05784173696307683,1.425598e6,0.0,0.0,0.0,0.0,0.0,0.0,0.0,0.0,0.0,0.0,0.0,0.0,0.0,0.0,0.0,0.0,0.0,0.0,0.0,0.0,0.0,0.0,0.0,0.0,0.0,0.0,0.0,0.0,0.0,1.1279178530643632,0.042149022108030385,1.1890873328835394,0.04443485679912118,600680.0,0.07212532576093522,0.8073549221536565,0.030169945772584365,0.5866107717225879,0.021920985042457004,1.425598e6,0.07259124381156089,0.26747720608790376,0.009995322480412875,0.27971953607991323,0.010452804588781953,549117.0,0.035019767881368034,0.008721901869874116,0.0003259276672841333,0.005639663103584725,0.00021074786979302418,1.325839e6,0.05376213519127802,1.0,0
259200.0,6.141694725827932e-12,2.3214909016514347e-13,5.9344582407746145e-12,2.2431578623164903e-13,0.0,0.0,0.0,0.0,0.0,0.05027262711049585,0.0,0.0,0.0,0.0,0.0,0.0,-9.547700180752013e-14,-3.608922307404918e-15,1.738504270787988e-11,6.571348833318011e-13,0.18245924343369904,0.006896752321020582,0.0,0.0,0.0,0.0,0.0,0.0,0.0,0.0,0.0,0.0,0.0,0.0,0.0,0.0,0.0,0.0,0.0,0.0,0.0,0.0,4.2111137522277704e-11,1.5917532046170106e-12,2.5243738343208604e-11,9.5418465917855e-13,0.0,1.6112986900802178,0.060905261753462454,1.7216503451366596,0.06507642907179857,1.555198e6,0.0,0.0,0.0,0.0,0.0,0.0,0.0,0.0,0.0,0.0,0.0,0.0,0.0,0.0,0.0,0.0,0.0,0.0,0.0,0.0,0.0,0.0,0.0,0.0,0.0,0.0,0.0,0.0,0.0,1.2104615178706293,0.045754071571133634,1.3207579517025552,0.04992315158985596,656815.0,0.07749582454539783,0.8487356201941829,0.032081243177104875,0.6339421650802032,0.02396229435204486,1.555198e6,0.07832467206417228,0.31273561645113757,0.011821051364870603,0.34747818784707263,0.013134281132811666,603040.0,0.03854330494218481,0.010303681827755923,0.00038946747900144246,0.006777250510647139,0.00025617237751195685,1.454894e6,0.06318630012138922,1.0,0
280800.0,6.365596071813332e-12,2.462108617736245e-13,6.049521612063752e-12,2.3398561778364437e-13,0.0,0.0,0.0,0.0,0.0,0.05027262711049585,0.0,0.0,0.0,0.0,0.0,0.0,-6.122631886745179e-14,-2.3681340382767666e-15,1.8323985395678748e-11,7.087418341503704e-13,0.1904672819763355,0.007366963455743548,0.0,0.0,0.0,0.0,0.0,0.0,0.0,0.0,0.0,0.0,0.0,0.0,0.0,0.0,0.0,0.0,0.0,0.0,0.0,0.0,4.519657152525237e-11,1.7481295858088752e-12,2.7121563711139008e-11,1.0490177979617828e-12,0.0,1.808199969185939,0.0699382222261379,1.9729955778716317,0.07631224727788065,1.684798e6,0.0,0.0,0.0,0.0,0.0,0.0,0.0,0.0,0.0,0.0,0.0,0.0,0.0,0.0,0.0,0.0,0.0,0.0,0.0,0.0,0.0,0.0,0.0,0.0,0.0,0.0,0.0,0.0,0.0,1.3562039594254969,0.0524557546259503,1.5135799224665654,0.05854279989958446,712929.0,0.0885940166121834,0.9081450001948159,0.035125565711504485,0.6995044821619385,0.027055691159892096,1.684796e6,0.08611136178444188,0.3958988578061397,0.01531272136277353,0.45542725372344356,0.017615182513850896,657008.0,0.04753291538715834,0.01228609924206127,0.0004752062569000664,0.008219765273980356,0.00031792709886901586,1.583786e6,0.07354907425492284,1.0,0
302400.0,6.467014848384475e-12,2.5256461252370124e-13,6.007595493302868e-12,2.346223201179461e-13,0.0,0.0,0.0,0.0,0.0,0.05027262711049585,0.0,0.0,0.0,0.0,0.0,0.0,-7.02460387369427e-14,-2.7434085077681374e-15,1.9011506961366945e-11,7.424807274702311e-13,0.20045221978146877,0.007828517237944742,0.0,0.0,0.0,0.0,0.0,0.0,0.0,0.0,0.0,0.0,0.0,0.0,0.0,0.0,0.0,0.0,0.0,0.0,0.0,0.0,4.844298793506023e-11,1.8919060438473005e-12,2.9020868960692647e-11,1.133389159604213e-12,0.0,1.8680429796115148,0.07295507469587198,2.0175699994989245,0.07879474488761765,1.814398e6,0.0,0.0,0.0,0.0,0.0,0.0,0.0,0.0,0.0,0.0,0.0,0.0,0.0,0.0,0.0,0.0,0.0,0.0,0.0,0.0,0.0,0.0,0.0,0.0,0.0,0.0,0.0,0.0,0.0,1.4011751437862816,0.054721887233122435,1.5474327932077425,0.060433874513310365,769050.0,0.09157255448016086,0.9253385505556897,0.036138431402043814,0.7116021869558544,0.027791111483905288,1.814395e6,0.08980267456778052,0.4217482892489895,0.016471076030282247,0.47456221522287356,0.018533685914776585,710991.0,0.04820303550527625,0.012822696170416564,0.000500781174269212,0.008576787773606105,0.00033496027634449934,1.713209e6,0.06839818789691042,1.0,0
324000.0,6.549448283759342e-12,2.599904359587693e-13,6.103399012247194e-12,2.4228382319764533e-13,0.0,0.0,0.0,0.0,0.0,0.05027262711049585,0.0,0.0,0.0,0.0,0.0,0.0,-4.7820028154973933e-14,-1.8982896618027763e-15,1.9429922042592904e-11,7.713006781082707e-13,0.20740685443255272,0.008233334499101422,0.0,0.0,0.0,0.0,0.0,0.0,0.0,0.0,0.0,0.0,0.0,0.0,0.0,0.0,0.0,0.0,0.0,0.0,0.0,0.0,5.149051674039596e-11,2.0439953588569717e-12,3.090021565366353e-11,1.2266316475751513e-12,0.0,1.9776701418649154,0.07850666194908361,2.1390325237657715,0.08491219020125394,1.943998e6,0.0,0.0,0.0,0.0,0.0,0.0,0.0,0.0,0.0,0.0,0.0,0.0,0.0,0.0,0.0,0.0,0.0,0.0,0.0,0.0,0.0,0.0,0.0,0.0,0.0,0.0,0.0,0.0,0.0,1.4836818295169423,0.058897035134507565,1.6427019963849305,0.06520958555387106,825172.0,0.09805752162591722,0.9569919280744903,0.03798926837945734,0.7405186301533708,0.029396027443498767,1.943995e6,0.09512480153914157,0.47150430676108745,0.01871708958680234,0.5312229084162077,0.02108771144783195,764998.0,0.05214048316763526,0.014184310875323417,0.0005630680644344721,0.009598021684073957,0.00038100825197321335,1.842581e6,0.07238411869281287,1.0,0
345600.0,6.674279805656668e-12,2.685655143026209e-13,6.369778953606961e-12,2.5631274242047626e-13,0.0,0.0,0.0,0.0,0.0,0.05027262711049585,0.0,0.0,0.0,0.0,0.0,0.0,-1.9548002836384086e-13,-7.865896528481032e-15,2.031766062024246e-11,8.175598166077574e-13,0.22618179783763048,0.00910130120865949,0.0,0.0,0.0,0.0,0.0,0.0,0.0,0.0,0.0,0.0,0.0,0.0,0.0,0.0,0.0,0.0,0.0,0.0,0.0,0.0,5.4616280862514995e-11,2.1976977271324592e-12,3.2763631048198006e-11,1.318371671415847e-12,0.0,2.067360817893651,0.08318827461146099,2.233645333220435,0.08987937652502631,2.073598e6,0.0,0.0,0.0,0.0,0.0,0.0,0.0,0.0,0.0,0.0,0.0,0.0,0.0,0.0,0.0,0.0,0.0,0.0,0.0,0.0,0.0,0.0,0.0,0.0,0.0,0.0,0.0,0.0,0.0,1.5519875827309983,0.06245023515408685,1.7180108813461998,0.06913082600091039,881312.0,0.10338030742620186,0.9810791632656737,0.0394775223284345,0.7613709328926969,0.030636710195172175,2.073595e6,0.09971148762224118,0.5145337925076999,0.02070426122887316,0.5782817034204675,0.023269405480915894,819018.0,0.055019305200347396,0.015064562314247423,0.0006061810477650001,0.010294977278369621,0.0004142583092120009,1.972097e6,0.07863239579890843,1.0,0
367200.0,7.1553863369881115e-12,2.928882499595511e-13,6.937889146339206e-12,2.8398553408368256e-13,0.0,0.0,0.0,0.0,0.0,0.05027262711049585,0.0,0.0,0.0,0.0,0.0,0.0,-1.89640514418695e-13,-7.762470923813218e-15,2.199442255028801e-11,9.002879266385368e-13,0.240831152605128,0.00985783457388385,0.0,0.0,0.0,0.0,0.0,0.0,0.0,0.0,0.0,0.0,0.0,0.0,0.0,0.0,0.0,0.0,0.0,0.0,0.0,0.0,5.763560349181912e-11,2.3591725515672235e-12,3.457373441801342e-11,1.4151913106232985e-12,0.0,2.1309244024811838,0.08722418184641662,2.2898922998682325,0.09373114416440663,2.203197e6,0.0,0.0,0.0,0.0,0.0,0.0,0.0,0.0,0.0,0.0,0.0,0.0,0.0,0.0,0.0,0.0,0.0,0.0,0.0,0.0,0.0,0.0,0.0,0.0,0.0,0.0,0.0,0.0,0.0,1.6001685135093424,0.06549898684567788,1.7621899610131904,0.07213093877397725,937457.0,0.10815143607924999,0.9980640871313194,0.04085331386179417,0.7744166259700904,0.03169885169546742,2.203195e6,0.10358946888498367,0.5458826675880242,0.022344372709357647,0.6071370760670259,0.024851672197714,873053.0,0.057241794197969334,0.015646043547584337,0.0006404325493585876,0.010715625709493361,0.000438617946462434,2.101616e6,0.08379210030043921,1.0,0
388800.0,7.097374092457739e-12,2.9629623188138544e-13,7.078774441480227e-12,2.95519746602865e-13,0.0,0.0,0.0,0.0,0.0,0.05027262711049585,0.0,0.0,0.0,0.0,0.0,0.0,-2.571450103230519e-13,-1.0735110847093046e-14,2.2738020812799258e-11,9.492510609568172e-13,0.26728636946081924,0.011158485247192587,0.0,0.0,0.0,0.0,0.0,0.0,0.0,0.0,0.0,0.0,0.0,0.0,0.0,0.0,0.0,0.0,0.0,0.0,0.0,0.0,6.052571452741387e-11,2.526785387494064e-12,3.635499741657514e-11,1.5177231190386005e-12,0.0,2.369156784162496,0.09890590783844162,2.6361845705117,0.11005359793793569,2.332796e6,0.0,0.0,0.0,0.0,0.0,0.0,0.0,0.0,0.0,0.0,0.0,0.0,0.0,0.0,0.0,0.0,0.0,0.0,0.0,0.0,0.0,0.0,0.0,0.0,0.0,0.0,0.0,0.0,0.0,1.776976115087845,0.07418396158704194,2.0371920189409765,0.08504727395903959,993704.0,0.12236604020278193,1.0657499421807952,0.044492186530162715,0.849680939562146,0.0354718882524788,2.332795e6,0.11299497327790742,0.662809422047946,0.027670506253430188,0.7868332368355737,0.0328481661183907,927231.0,0.06855270464966703,0.018079793009962045,0.0007547826100557294,0.013096867187907892,0.0005467588923277785,2.230274e6,0.09891838564574938,1.0,0
410400.0,6.7932629515466344e-12,2.884389092142574e-13,6.904839424015536e-12,2.931763963750595e-13,0.0,0.0,0.0,0.0,0.0,0.05027262711049585,0.0,0.0,0.0,0.0,0.0,0.0,-2.12871670848771e-13,-9.038436018181336e-15,2.2727051646870657e-11,9.649804568785305e-13,0.27636571733684323,0.011734364858452312,0.0,0.0,0.0,0.0,0.0,0.0,0.0,0.0,0.0,0.0,0.0,0.0,0.0,0.0,0.0,0.0,0.0,0.0,0.0,0.0,6.34903517818237e-11,2.6957719646947184e-12,3.814014937953061e-11,1.6194136989494873e-12,0.0,2.474778546376218,0.10507799117375322,2.7350544919357183,0.11612919151258295,2.462395e6,0.0,0.0,0.0,0.0,0.0,0.0,0.0,0.0,0.0,0.0,0.0,0.0,0.0,0.0,0.0,0.0,0.0,0.0,0.0,0.0,0.0,0.0,0.0,0.0,0.0,0.0,0.0,0.0,0.0,1.8581918996710576,0.07889799768899898,2.1158399311385523,0.0898376179698193,1.049948e6,0.12992394060789014,1.0920893756362102,0.046369626867052316,0.8710250801204542,0.0369833356665526,2.462394e6,0.11806787493689667,0.7188489909449274,0.030522006923155844,0.8407538684653156,0.03569803354698512,981447.0,0.07327697161015902,0.019017186648158116,0.0008074612468622049,0.013837319974442841,0.0005875264226255604,2.358936e6,0.09863931185353098,1.0,0
432000.0,6.9156878522055745e-12,2.971183810183705e-13,7.210381524750854e-12,3.097792917989354e-13,0.0,0.0,0.0,0.0,0.0,0.05027262711049585,0.0,0.0,0.0,0.0,0.0,0.0,-2.0190864833798816e-13,-8.674592027553426e-15,2.3015461692224443e-11,9.888122284471175e-13,0.2818597696619535,0.012109528397737324,0.0,0.0,0.0,0.0,0.0,0.0,0.0,0.0,0.0,0.0,0.0,0.0,0.0,0.0,0.0,0.0,0.0,0.0,0.0,0.0,6.645272122838872e-11,2.8550052240063194e-12,3.99518750992808e-11,1.7164505833444613e-12,0.0,2.5703166556800747,0.11042839696656614,2.847130826503346,0.12232115153207515,2.591995e6,0.0,0.0,0.0,0.0,0.0,0.0,0.0,0.0,0.0,0.0,0.0,0.0,0.0,0.0,0.0,0.0,0.0,0.0,0.0,0.0,0.0,0.0,0.0,0.0,0.0,0.0,0.0,0.0,0.0,1.929384540564915,0.08289205980742691,2.2052225418725815,0.09474287524666614,1.1061e6,0.13596763640534493,1.118250570591571,0.04804334813941515,0.8948074603210004,0.03844357200837879,2.591994e6,0.12307620397611352,0.7693770900706225,0.03305471274581946,0.9039446160539956,0.038836131212397006,1.035646e6,0.0767358034203836,0.020192377471124255,0.0008675241901235997,0.01480561774395984,0.0006360930782408371,2.487717e6,0.10292506962001,1.0,0
453600.0,7.280844697520294e-12,3.1615270605777554e-13,7.70174891451235e-12,3.344294325533274e-13,0.0,0.0,0.0,0.0,0.0,0.05027262711049585,0.0,0.0,0.0,0.0,0.0,0.0,-1.2264823160930204e-13,-5.325696663971943e-15,2.349322976133982e-11,1.0201355023565174e-12,0.28774648775999434,0.012494680843134303,0.0,0.0,0.0,0.0,0.0,0.0,0.0,0.0,0.0,0.0,0.0,0.0,0.0,0.0,0.0,0.0,0.0,0.0,0.0,0.0,6.949599399891865e-11,3.017691967858626e-12,4.1797637396731234e-11,1.814959214045428e-12,0.0,2.6755631665613335,0.11617972508395459,2.9753377068666667,0.12919669441404277,2.721595e6,0.0,0.0,0.0,0.0,0.0,0.0,0.0,0.0,0.0,0.0,0.0,0.0,0.0,0.0,0.0,0.0,0.0,0.0,0.0,0.0,0.0,0.0,0.0,0.0,0.0,0.0,0.0,0.0,0.0,2.008056442584566,0.08719489353427336,2.307605402001921,0.10020206757121464,1.162313e6,0.14246209080910496,1.1466497373190454,0.049790433996939845,0.9217920018345773,0.040026541961768476,2.721594e6,0.12834465432041542,0.8267089202212935,0.03589779388359699,0.9783189036653358,0.042481083120288594,1.089892e6,0.0806964450589547,0.0213195431649674,0.0009257485283013356,0.015816728958312494,0.0006868024067119497,2.617143e6,0.11101996970282794,1.0,0
475200.0,7.26331208654877e-12,3.2070161044155914e-13,8.09298805529838e-12,3.5733481801299506e-13,0.0,0.0,0.0,0.0,0.0,0.05027262711049585,0.0,0.0,0.0,0.0,0.0,0.0,-2.0117114458737367e-13,-8.882436727869945e-15,2.4060144008421353e-11,1.062342749287391e-12,0.30587427576030024,0.01350546027213107,0.0,0.0,0.0,0.0,0.0,0.0,0.0,0.0,0.0,0.0,0.0,0.0,0.0,0.0,0.0,0.0,0.0,0.0,0.0,0.0,7.2234751149487e-11,3.1894266344946757e-12,4.34926568811427e-11,1.9203587754401754e-12,0.0,2.8709155926548,0.12676135116254658,3.2390310783538574,0.14301498692615308,2.851195e6,0.0,0.0,0.0,0.0,0.0,0.0,0.0,0.0,0.0,0.0,0.0,0.0,0.0,0.0,0.0,0.0,0.0,0.0,0.0,0.0,0.0,0.0,0.0,0.0,0.0,0.0,0.0,0.0,0.0,2.1549382790461555,0.09514835219212546,2.5198584633464454,0.1112609037929946,1.218669e6,0.15544156567340833,1.1980732160441754,0.0528992841328993,0.9751208033843883,0.04305512530565562,2.851194e6,0.1363793215495506,0.9361920598795243,0.041336279882835794,1.135987276336577,0.050157964386102455,1.144853e6,0.09070174199011465,0.02329848027448461,0.0010287125289171536,0.017736665424999187,0.0007831382016744857,2.746561e6,0.12222725457402782,1.0,0
496800.0,7.07993690598021e-12,3.1788182253924223e-13,8.159727180034615e-12,3.6636328569841713e-13,0.0,0.0,0.0,0.0,0.0,0.05027262711049585,0.0,0.0,0.0,0.0,0.0,0.0,-1.8523357539589085e-13,-8.316795378864145e-15,2.4545871311150104e-11,1.102084158633024e-12,0.32035849105013076,0.014383763916726315,0.0,0.0,0.0,0.0,0.0,0.0,0.0,0.0,0.0,0.0,0.0,0.0,0.0,0.0,0.0,0.0,0.0,0.0,0.0,0.0,7.506848310107972e-11,3.3704970171798067e-12,4.522200620200076e-11,2.0304211663568035e-12,0.0,2.9814831676545537,0.13386550131591693,3.35214378730361,0.15050777862463738,2.980794e6,0.0,0.0,0.0,0.0,0.0,0.0,0.0,0.0,0.0,0.0,0.0,0.0,0.0,0.0,0.0,0.0,0.0,0.0,0.0,0.0,0.0,0.0,0.0,0.0,0.0,0.0,0.0,0.0,0.0,2.2401262263537958,0.10057934371559359,2.6117302993654214,0.11726398110157983,1.275236e6,0.16436396532161546,1.2249433066909294,0.05499868374663833,0.9972559071483083,0.04477575570406018,2.980793e6,0.14172384378011865,1.0009342902628338,0.04494091129004503,1.2058006647292316,0.05413919898062851,1.200516e6,0.09641174301420763,0.024361995993628666,0.001093828347623702,0.018593384068162005,0.0008348236563756702,2.875812e6,0.1277509359823467,1.0,0
518400.0,7.30850405381084e-12,3.324457871170094e-13,8.819570366885287e-12,4.0118045923833024e-13,0.0,0.0,0.0,0.0,0.0,0.05027262711049585,0.0,0.0,0.0,0.0,0.0,0.0,-2.2091610136231094e-13,-1.0048927477288549e-14,2.5665577237910107e-11,1.167463678455567e-12,0.32981564798873564,0.015002498718181542,0.0,0.0,0.0,0.0,0.0,0.0,0.0,0.0,0.0,0.0,0.0,0.0,0.0,0.0,0.0,0.0,0.0,0.0,0.0,0.0,7.802347319361205e-11,3.5490949677900517e-12,4.695733730152792e-11,2.135973223136615e-12,0.0,3.038009219137494,0.13819153122016395,3.4006621232659215,0.15468771556590294,3.110394e6,0.0,0.0,0.0,0.0,0.0,0.0,0.0,0.0,0.0,0.0,0.0,0.0,0.0,0.0,0.0,0.0,0.0,0.0,0.0,0.0,0.0,0.0,0.0,0.0,0.0,0.0,0.0,0.0,0.0,2.2827732130832175,0.1038377118005929,2.649900743380018,0.12053743583210708,1.331431e6,0.16959015254386559,1.239619262333646,0.05638721663936588,1.008069368117023,0.045854584205568795,3.110393e6,0.14543515895827422,1.0340365132618068,0.047035765462810894,1.2353449720805978,0.05619278973926718,1.256513e6,0.09886587068637785,0.024962901194508207,0.0011355006818399732,0.019055005310500212,0.0008667650988939295,3.004502e6,0.1269155786846249,1.0,0
540000.0,7.300429042955903e-12,3.37707915073857e-13,9.126755176236023e-12,4.221912772277618e-13,0.0,0.0,0.0,0.0,0.0,0.05027262711049585,0.0,0.0,0.0,0.0,0.0,0.0,-2.7990091981999505e-13,-1.2947835737253162e-14,2.5917902543971636e-11,1.1989269095982012e-12,0.3699908881594333,0.017115275102524075,0.0,0.0,0.0,0.0,0.0,0.0,0.0,0.0,0.0,0.0,0.0,0.0,0.0,0.0,0.0,0.0,0.0,0.0,0.0,0.0,8.079988902946357e-11,3.737692935823796e-12,4.8696354107782434e-11,2.252627088171644e-12,0.0,3.2432631381202346,0.15002894021239715,3.6799296446392518,0.17022853870605145,3.239994e6,0.0,0.0,0.0,0.0,0.0,0.0,0.0,0.0,0.0,0.0,0.0,0.0,0.0,0.0,0.0,0.0,0.0,0.0,0.0,0.0,0.0,0.0,0.0,0.0,0.0,0.0,0.0,0.0,0.0,2.438768029688035,0.11281409103611491,2.879526104592778,0.133202959916591,1.388145e6,0.18463484052774273,1.2912475433223025,0.059731354572971025,1.0592406270232222,0.04899903027736312,3.239992e6,0.15355575100716223,1.1564629317088042,0.053496401818248523,1.4160997772209467,0.06550684904790299,1.312524e6,0.11069121534564941,0.02726194672513258,0.001261100564806174,0.02112365486086548,0.000977151534495877,3.133971e6,0.13856719680607096,1.0,0
561600.0,7.850464826601364e-12,3.679183844381755e-13,9.951424925700176e-12,4.663815789754275e-13,0.0,0.0,0.0,0.0,0.0,0.05027262711049585,0.0,0.0,0.0,0.0,0.0,0.0,-2.4677958266452625e-13,-1.1565524764673928e-14,2.7319865610845148e-11,1.280367601234349e-12,0.3991421771826782,0.01870612100478161,0.0,0.0,0.0,0.0,0.0,0.0,0.0,0.0,0.0,0.0,0.0,0.0,0.0,0.0,0.0,0.0,0.0,0.0,0.0,0.0,8.360353295983674e-11,3.918147200109582e-12,5.0381323563439334e-11,2.3611614828853787e-12,0.0,3.3247216327652382,0.15581576872858888,3.766081136246759,0.1765004388804907,3.369594e6,0.0,0.0,0.0,0.0,0.0,0.0,0.0,0.0,0.0,0.0,0.0,0.0,0.0,0.0,0.0,0.0,0.0,0.0,0.0,0.0,0.0,0.0,0.0,0.0,0.0,0.0,0.0,0.0,0.0,2.50239513345123,0.11727677214801437,2.9510560919186917,0.13830363089407086,1.444766e6,0.19196545480134922,1.3101363328368267,0.06140059902411656,1.07449000764146,0.050356843376566464,3.369592e6,0.1578123150390116,1.2074397697401091,0.05658764152205041,1.4735600712172894,0.0690595847188295,1.36862e6,0.11495856075707203,0.028039202929439084,0.0013140799265512367,0.021761747938076857,0.0010198819204689364,3.263528e6,0.1448590905616017,1.0,0
583200.0,8.04944148384532e-12,3.825974984395886e-13,1.0430374401512045e-11,4.957654716561095e-13,0.0,0.0,0.0,0.0,0.0,0.05027262711049585,0.0,0.0,0.0,0.0,0.0,0.0,-2.1975489895485578e-13,-1.044515632279712e-14,2.8254905363665417e-11,1.3429821351557308e-12,0.41808855048071386,0.019872140677236156,0.0,0.0,0.0,0.0,0.0,0.0,0.0,0.0,0.0,0.0,0.0,0.0,0.0,0.0,0.0,0.0,0.0,0.0,0.0,0.0,8.6530892466274e-11,4.112894424014879e-12,5.213009478055222e-11,2.4777922662691407e-12,0.0,3.3972456529284227,0.1614742701097643,3.8302932697922745,0.18205742923326987,3.499194e6,0.0,0.0,0.0,0.0,0.0,0.0,0.0,0.0,0.0,0.0,0.0,0.0,0.0,0.0,0.0,0.0,0.0,0.0,0.0,0.0,0.0,0.0,0.0,0.0,0.0,0.0,0.0,0.0,0.0,2.560177491079082,0.12168763579610134,3.0042448524944305,0.1427945737069063,1.501682e6,0.19949058877262857,1.32575040293676,0.06301415927264699,1.0860356288466535,0.05162029137635255,3.499192e6,0.161571396115279,1.254356277598458,0.05962072957786176,1.5168765384589789,0.07209856363585435,1.424761e6,0.11938407463723116,0.02868313571584881,0.0013633363251737694,0.02224182191875104,0.0010571746429775624,3.393078e6,0.14913037036724194,1.0,0
604800.0,7.846984976321172e-12,3.784216488738678e-13,1.060097463746626e-11,5.112330804870196e-13,0.0,0.0,0.0,0.0,0.0,0.05027262711049585,0.0,0.0,0.0,0.0,0.0,0.0,-2.0010329310108119e-13,-9.650001669291166e-15,2.9102922307021864e-11,1.403491389330337e-12,0.42873919722489057,0.020675991408201335,0.0,0.0,0.0,0.0,0.0,0.0,0.0,0.0,0.0,0.0,0.0,0.0,0.0,0.0,0.0,0.0,0.0,0.0,0.0,0.0,8.92721097401112e-11,4.3051565751996234e-12,5.379857256149472e-11,2.5944416355090002e-12,0.0,3.5378765141741395,0.17061445485697502,3.998072301401442,0.19280744351859058,3.628793e6,0.0,0.0,0.0,0.0,0.0,0.0,0.0,0.0,0.0,0.0,0.0,0.0,0.0,0.0,0.0,0.0,0.0,0.0,0.0,0.0,0.0,0.0,0.0,0.0,0.0,0.0,0.0,0.0,0.0,2.6712876197293083,0.12882311725136406,3.1447253582390315,0.1516547003608755,1.558353e6,0.21167011201378902,1.3566531290086694,0.06542473517899344,1.114224122572013,0.053733571677668276,3.628792e6,0.16715707146068093,1.346224810336026,0.06492182844997686,1.6332536898619128,0.07876382536884025,1.48082e6,0.12843007300109,0.030022968063202714,0.001447860689532131,0.02344042987213937,0.001130417115528346,3.522592e6,0.154726327921264,1.0,0
626400.0,7.507411252163092e-12,3.653011311853045e-13,1.0717123615593535e-11,5.2148167302025e-13,0.0,0.0,0.0,0.0,0.0,0.05027262711049585,0.0,0.0,0.0,0.0,0.0,0.0,-2.218410806038703e-13,-1.079450625068856e-14,2.9604284588742606e-11,1.44050702498593e-12,0.43853398570430174,0.021338508796201142,0.0,0.0,0.0,0.0,0.0,0.0,0.0,0.0,0.0,0.0,0.0,0.0,0.0,0.0,0.0,0.0,0.0,0.0,0.0,0.0,9.207222495652932e-11,4.480117952466914e-12,5.548029109832893e-11,2.699600756634992e-12,0.0,3.5941135508372644,0.17488501716899973,4.044945535154438,0.1968219310150512,3.758393e6,0.0,0.0,0.0,0.0,0.0,0.0,0.0,0.0,0.0,0.0,0.0,0.0,0.0,0.0,0.0,0.0,0.0,0.0,0.0,0.0,0.0,0.0,0.0,0.0,0.0,0.0,0.0,0.0,0.0,2.716288156161328,0.1321711443188995,3.1839973990097508,0.1549292842075493,1.615478e6,0.21700498255663347,1.3686522910336272,0.06659688850399495,1.1222735447431424,0.05460841049248346,3.758391e6,0.17035485990425878,1.3837907417387476,0.0673335063581694,1.666123870681813,0.08107147913064429,1.536907e6,0.13116230574730603,0.03058297393996371,0.0014881288103219966,0.02382958362444948,0.0011595173837290532,3.652112e6,0.15368818816408664,1.0,0
648000.0,7.327348473351003e-12,3.608540093206271e-13,1.0966799711515872e-11,5.400880904886133e-13,0.0,0.0,0.0,0.0,0.0,0.05027262711049585,0.0,0.0,0.0,0.0,0.0,0.0,-2.494157586304044e-13,-1.2283116712254094e-14,3.0223538049513416e-11,1.4884354034323264e-12,0.4464994872701352,0.02198900881089764,0.0,0.0,0.0,0.0,0.0,0.0,0.0,0.0,0.0,0.0,0.0,0.0,0.0,0.0,0.0,0.0,0.0,0.0,0.0,0.0,9.485779888019462e-11,4.671514827735996e-12,5.713641854418503e-11,2.8138290112550695e-12,0.0,3.6583759375873135,0.1801660763756133,4.101662872840616,0.20199687484894596,3.887992e6,0.0,0.0,0.0,0.0,0.0,0.0,0.0,0.0,0.0,0.0,0.0,0.0,0.0,0.0,0.0,0.0,0.0,0.0,0.0,0.0,0.0,0.0,0.0,0.0,0.0,0.0,0.0,0.0,0.0,2.7684639460705918,0.13634008512526788,3.231959533610824,0.15916611034770725,1.673095e6,0.22423025571881305,1.3815204975069768,0.0680365090178425,1.1314924562688125,0.05572323888315312,3.88799e6,0.17357849816711599,1.427972349961412,0.0703241492548964,1.7068265117307293,0.08405703539456458,1.593054e6,0.13552898982976966,0.031205164507542422,0.0015367781080714272,0.024289876407014074,0.0011962170653206303,3.781618e6,0.15281715223156458,1.0,0
669600.0,7.606006324377808e-12,3.7894660123638255e-13,1.1672432343658915e-11,5.81544160779146e-13,0.0,0.0,0.0,0.0,0.0,0.05027262711049585,0.0,0.0,0.0,0.0,0.0,0.0,-3.4332892940090514e-13,-1.710534087851179e-14,3.1054844812371065e-11,1.5472151075990574e-12,0.45546026029531816,0.02269195031878542,0.0,0.0,0.0,0.0,0.0,0.0,0.0,0.0,0.0,0.0,0.0,0.0,0.0,0.0,0.0,0.0,0.0,0.0,0.0,0.0,9.768913823021178e-11,4.867070224672495e-12,5.882253124865949e-11,2.9306573439674142e-12,0.0,3.732021818899865,0.18593686669433773,4.167106944246332,0.20761368662677926,4.017592e6,0.0,0.0,0.0,0.0,0.0,0.0,0.0,0.0,0.0,0.0,0.0,0.0,0.0,0.0,0.0,0.0,0.0,0.0,0.0,0.0,0.0,0.0,0.0,0.0,0.0,0.0,0.0,0.0,0.0,2.8280386438293013,0.1408985986258601,3.2871035129288977,0.16377013783754324,1.731187e6,0.23212725471763873,1.396499177030599,0.06957641029945379,1.142339695003539,0.05691367143510864,4.01759e6,0.1770340790690153,1.4789488553501402,0.07368421984361415,1.7541371363996012,0.08739465595902274,1.649172e6,0.1405695494343578,0.03201863700371776,0.001595233181688533,0.024882850433641187,0.0012397138785804147,3.910513e6,0.1531597283191704,1.0,0
691200.0,7.451578356733744e-12,3.782176069723735e-13,1.189210483532645e-11,6.036041248384976e-13,0.0,0.0,0.0,0.0,0.0,0.05027262711049585,0.0,0.0,0.0,0.0,0.0,0.0,-3.8580677571019555e-13,-1.9582282903993797e-14,3.1567741399645794e-11,1.6022747179337447e-12,0.46553738219817875,0.02362914623209535,0.0,0.0,0.0,0.0,0.0,0.0,0.0,0.0,0.0,0.0,0.0,0.0,0.0,0.0,0.0,0.0,0.0,0.0,0.0,0.0,1.0040206993483872e-10,5.096078818189156e-12,6.046861813226043e-11,3.0691881574650137e-12,0.0,3.885219643956653,0.1972009695062042,4.341937059715882,0.22038244325330156,4.147192e6,0.0,0.0,0.0,0.0,0.0,0.0,0.0,0.0,0.0,0.0,0.0,0.0,0.0,0.0,0.0,0.0,0.0,0.0,0.0,0.0,0.0,0.0,0.0,0.0,0.0,0.0,0.0,0.0,0.0,2.9532646853092266,0.14989800127704497,3.4365513156113185,0.17442804096043907,1.789136e6,0.24854217547868934,1.4259724840065655,0.07237767284860416,1.1687446800620698,0.05932163561768247,4.147189e6,0.18236154756685938,1.5876852055531099,0.08058567867398117,1.884265552865834,0.09563912156427674,1.705356e6,0.1530898814140525,0.03350897828103438,0.0017008055167385136,0.026226292669878963,0.0013311603499941765,4.039376e6,0.1619795677997536,1.0,0
712800.0,7.348441911622176e-12,3.7872871667803344e-13,1.2167622180817792e-11,6.271027231331853e-13,0.0,0.0,0.0,0.0,0.0,0.05027262711049585,0.0,0.0,0.0,0.0,0.0,0.0,-4.62054470871481e-13,-2.3813659942216758e-14,3.225157403125692e-11,1.6622023267797918e-12,0.470796866118401,0.02426423112075755,0.0,0.0,0.0,0.0,0.0,0.0,0.0,0.0,0.0,0.0,0.0,0.0,0.0,0.0,0.0,0.0,0.0,0.0,0.0,0.0,1.0303210023595288e-10,5.3101345248833795e-12,6.204086507243855e-11,3.1975019321194805e-12,0.0,3.955166943566796,0.20384393301324494,4.402916472169456,0.22692033565754996,4.276792e6,0.0,0.0,0.0,0.0,0.0,0.0,0.0,0.0,0.0,0.0,0.0,0.0,0.0,0.0,0.0,0.0,0.0,0.0,0.0,0.0,0.0,0.0,0.0,0.0,0.0,0.0,0.0,0.0,0.0,3.0116731618127934,0.15521754479994854,3.489231084061372,0.17983023157189934,1.847204e6,0.25870823842415364,1.4382270247377986,0.07412426769124042,1.1774763716263208,0.060685533138588967,4.276789e6,0.18529742189672765,1.6389134536260968,0.08446737369679422,1.93059900961849,0.09950045113322338,1.761523e6,0.15982329128638206,0.03414660963187352,0.0017598698881094393,0.02669893991635602,0.001376027105173548,4.167447e6,0.16429949433412883,1.0,0
734400.0,7.133093005540091e-12,3.705101767654557e-13,1.2520498967526795e-11,6.503451282700348e-13,0.0,0.0,0.0,0.0,0.0,0.05027262711049585,0.0,0.0,0.0,0.0,0.0,0.0,-6.038685226975125e-13,-3.1366397846485e-14,3.327493530265614e-11,1.7283809633872489e-12,0.4777655906497503,0.024816305255883634,0.0,0.0,0.0,0.0,0.0,0.0,0.0,0.0,0.0,0.0,0.0,0.0,0.0,0.0,0.0,0.0,0.0,0.0,0.0,0.0,1.0588630192901328e-10,5.4999917166772775e-12,6.375234503925157e-11,3.3114516537720285e-12,0.0,4.00464725605574,0.20801110564128475,4.450746210507889,0.23118256889580546,4.406392e6,0.0,0.0,0.0,0.0,0.0,0.0,0.0,0.0,0.0,0.0,0.0,0.0,0.0,0.0,0.0,0.0,0.0,0.0,0.0,0.0,0.0,0.0,0.0,0.0,0.0,0.0,0.0,0.0,0.0,3.0515450583866044,0.15850466243920322,3.5301778542715088,0.1833660124414149,1.905159e6,0.26435253900263816,1.4485141950500737,0.0752393456861479,1.1847615174666672,0.061539390965539155,4.406388e6,0.18790846553351961,1.6739990808650764,0.08695157835104775,1.9668273283427031,0.10216178879560357,1.817529e6,0.16297799415156888,0.03470311477873638,0.0018025640743777132,0.027119707411758245,0.001408663475879799,4.296489e6,0.16535341043258536,1.0,0
756000.0,6.778472639871526e-12,3.552953778740407e-13,1.2491117038008521e-11,6.547250957366439e-13,0.0,0.0,0.0,0.0,0.0,0.05027262711049585,0.0,0.0,0.0,0.0,0.0,0.0,-6.675858810594943e-13,-3.499168477559909e-14,3.3594655616531123e-11,1.760872470239832e-12,0.4845413245333593,0.02539735750839159,0.0,0.0,0.0,0.0,0.0,0.0,0.0,0.0,0.0,0.0,0.0,0.0,0.0,0.0,0.0,0.0,0.0,0.0,0.0,0.0,1.087126252951573e-10,5.698200071904986e-12,6.546945313052703e-11,3.4315981379631664e-12,0.0,4.091438571879819,0.21445379965006653,4.531920805406077,0.23754178862961334,4.535992e6,0.0,0.0,0.0,0.0,0.0,0.0,0.0,0.0,0.0,0.0,0.0,0.0,0.0,0.0,0.0,0.0,0.0,0.0,0.0,0.0,0.0,0.0,0.0,0.0,0.0,0.0,0.0,0.0,0.0,3.124209876230618,0.16375626007604654,3.600748009580462,0.18873412827072172,1.962947e6,0.2735930662690569,1.4635367023594723,0.07671165073953763,1.1959056096559004,0.06268369853484153,4.535987e6,0.19108144593620766,1.7387806872070803,0.09113863463392732,2.0298683388289662,0.10639606837632054,1.873521e6,0.16971321095483585,0.03561764808598343,0.0018669081381633983,0.027820468142509963,0.0014582169563073033,4.425556e6,0.16118155689698963,1.0,0
777600.0,6.941341342141251e-12,3.680927931533569e-13,1.3010648480510114e-11,6.899424338711611e-13,0.0,0.0,0.0,0.0,0.0,0.05027262711049585,0.0,0.0,0.0,0.0,0.0,0.0,-5.41536056301076e-13,-2.871714697949517e-14,3.449397306426405e-11,1.8291829008750163e-12,0.49206434125997844,0.026093708529492787,0.0,0.0,0.0,0.0,0.0,0.0,0.0,0.0,0.0,0.0,0.0,0.0,0.0,0.0,0.0,0.0,0.0,0.0,0.0,0.0,1.1150331458040153e-10,5.91291574448007e-12,6.716410948881034e-11,3.561649462662456e-12,0.0,4.1824276038269845,0.22179019629936075,4.624110784590519,0.2452122393429832,4.665592e6,0.0,0.0,0.0,0.0,0.0,0.0,0.0,0.0,0.0,0.0,0.0,0.0,0.0,0.0,0.0,0.0,0.0,0.0,0.0,0.0,0.0,0.0,0.0,0.0,0.0,0.0,0.0,0.0,0.0,3.1993299604933836,0.16965745427726645,3.680461008074947,0.1951713805413315,2.021035e6,0.28452281756071124,1.48043577660925,0.07850611477466352,1.2090180215672812,0.06411308687985712,4.665587e6,0.194460543482505,1.8061826362610758,0.09578016391300873,2.1016581903949976,0.11144895423302782,1.929731e6,0.17755225928447538,0.03664899001033911,0.0019434614196618314,0.028656319910361272,0.0015196176527528542,4.555022e6,0.16552496255595014,1.0,0
799200.0,7.69311072682596e-12,4.1278419729073826e-13,1.354960361461078e-11,7.27022195607003e-13,0.0,0.0,0.0,0.0,0.0,0.0475888687871614,0.0,0.0,0.0,2.69822617893165e-6,1.447769526435355e-7,2620.0,-5.176963025365528e-13,-2.7777691010967888e-14,3.5096355415225044e-11,1.8831421270705268e-12,0.516566097845252,0.027717048359010985,0.0,0.0,0.0,0.0,0.0,0.0,0.0,0.0,0.0,0.0,7.930426096017679e-7,4.2551767242908136e-8,7.930426096017679e-7,4.2551767242908136e-8,1307.0,1.1121409597281122e-6,5.967341815771912e-8,1.1121409597281122e-6,5.967341815771912e-8,1.0,1.1418118205303546e-10,6.1265448078264936e-12,6.879434534358328e-11,3.6912530742306164e-12,0.0,4.267286017257612,0.22896696743248682,4.711692537448176,0.2528121966539981,4.795191e6,7.804158715552103e-6,4.1874262639890524e-7,4.431747067071874e-6,2.3779134613230845e-7,31915.0,1.8267711814230265e-6,9.80178633238872e-8,1.826771181423029e-6,9.801786332388734e-8,1308.0,1.6510148028181346e-7,8.714549975086186e-7,4.675908931964803e-8,8.714549975086209e-7,4.6759089319648146e-8,1308.0,1.1508018221705764e-7,0.0,0.0,0.0,0.0,0.0,0.0,0.0,0.0,0.0,0.0,0.0,0.0,3.270968175560246,0.1755081943646035,3.757822465221457,0.2016310157162559,2.079224e6,0.29562634512277297,1.4945008579355912,0.08018945247234043,1.2197546207383756,0.06544757379579436,4.795186e6,0.19735664095847458,1.871016457524676,0.1003919030885614,2.171893403048799,0.11653586004584102,1.985955e6,0.1855761944776404,0.03756008618582436,0.0020153369133662806,0.029397627612702888,0.0015773692264752096,4.6845e6,0.1689970439374635,1.0,0
820800.0,6.993053569339637e-12,3.796711910472427e-13,1.3605082112856159e-11,7.386555356491307e-13,0.0,0.0,0.0,0.0,0.0,0.0475888687871614,0.0,0.0,0.0,5.5119176831633965e-6,2.992564451238178e-7,6940.000000000001,-5.42454384869985e-13,-2.945126908442017e-14,3.609967542547451e-11,1.959945913370582e-12,0.5308485102845789,0.028821155760777758,0.0,0.0,0.0,0.0,0.0,0.0,0.0,0.0,0.0,0.0,2.1998883617176346e-6,1.194377000236785e-7,2.1998883617176346e-6,1.194377000236785e-7,3466.0,1.1121409597281122e-6,6.038104507645998e-8,1.1121409597281122e-6,6.038104507645998e-8,1.0,1.1721868979680855e-10,6.364109630630815e-12,7.06102631634143e-11,3.833616094827704e-12,0.0,4.317112066104749,0.23438731932625442,4.746425646078684,0.25769587783009723,4.924788e6,1.4992872916729708e-5,8.140023326107958e-7,8.938844968262637e-6,4.853133015549616e-7,107240.0,3.233616933538897e-6,1.7556153122150043e-7,3.2336169335389033e-6,1.7556153122150077e-7,3467.0,2.970834581556412e-7,2.278300749624494e-6,1.2369491390231707e-7,2.278300749624493e-6,1.2369491390231704e-7,3467.0,3.023957379991839e-7,0.0,0.0,0.0,0.0,0.0,0.0,0.0,0.0,0.0,0.0,0.0,0.0,3.3123530679932007,0.17983632214799755,3.7872255172821885,0.20561839097234616,2.137227e6,0.304317216385591,1.5036077701231219,0.08163480335021128,1.2254806891190007,0.06653455578878738,4.924785e6,0.19957179989631704,1.9085811658933758,0.10362186951379254,2.198634884310772,0.11936964545276817,2.042194e6,0.19112168398137286,0.038154611363975986,0.002071513766749734,0.029777564796093222,0.0016167019715375595,4.813887e6,0.17002079607697176,1.0,0
842400.0,1.3444229010049728e-9,7.417827560632673e-11,1.3895268553436918e-11,7.6666877632796e-13,0.0,0.0,0.0,0.0,0.0,0.0446530844408255,0.0,0.0,0.0,3.599239588225958e-5,1.98587353688376e-6,12090.0,-4.740953483522868e-13,-2.615811987988691e-14,3.702190263275162e-11,2.042676374309013e-12,0.5398658582903315,0.029786995146223127,0.0,0.0,0.0,0.0,0.0,0.0,0.0,0.0,0.0,0.0,1.728863422340289e-5,9.538970760777069e-7,1.728863422340289e-5,9.538970760777069e-7,6040.0,1.4151274354538577e-6,7.807938472834919e-8,1.4151274354538577e-6,7.807938472834919e-8,2.0,1.2005245293141815e-10,6.623871055830344e-12,7.233380099781747e-11,3.991003591249781e-12,6.0,4.409379603822965,0.24328667360605,4.8458663982329035,0.26736974873818264,5.054088e6,0.00018752103728464836,1.0346437252212104e-5,0.00010108750533521412,5.577483711045324e-6,171964.0,1.8595620929150555e-5,1.0260098167936557e-6,1.8595620929150593e-5,1.0260098167936578e-6,6042.0,1.7499933784962456e-6,1.739677495310899e-5,9.59863720090102e-7,1.739677495310899e-5,9.59863720090102e-7,6042.0,2.3201564836144183e-6,0.0,0.0,0.0,0.0,0.0,0.0,0.0,0.0,0.0,0.0,0.0,0.0,3.389441441599503,0.18701178120257514,3.874335844252709,0.21376573683148303,2.195499e6,0.3189729507930365,1.519886291373313,0.08385943450345199,1.238561577150724,0.06833739737445403,5.054385e6,0.20270274477835126,1.9794171343524605,0.10921396059389141,2.2788253323060506,0.12573375046803972,2.098525e6,0.20197648152746003,0.039332624061770925,0.00217016998579325,0.030761771969533024,0.0016972748661074441,4.943057e6,0.16862830522880756,1.0,0
864000.0,1.2645771126072066e-9,7.064874252848938e-11,2.9671518553044845e-9,1.657673109678116e-10,0.0,0.0,0.0,0.0,0.0,0.04220032229699344,0.0,0.0,0.0,0.00020898476253020736,1.1675453029458834e-5,22174.0,-1.5202704569223148e-13,-8.493368653757608e-15,3.731932382860284e-11,2.0849367541283582e-12,0.5455594053537185,0.030479031747906223,0.0,0.0,0.0,0.0,0.0,0.0,0.0,0.0,0.0,0.0,0.00010185099667962404,5.6901590017340786e-6,0.00010185099667962404,5.6901590017340786e-6,11007.0,5.282769170958762e-6,2.951350259906483e-7,5.282769170958762e-6,2.951350259906483e-7,5.0,1.2272999819521668e-10,6.856616300084077e-12,7.399588687574351e-11,4.133964080113337e-12,8.0,4.548119162507752,0.25409197786161786,5.005966520253365,0.2796707581291413,5.180127e6,0.0007645299030992278,4.271236268702375e-5,0.0004089412087442638,2.2846516734987506e-5,261578.0,0.00010682694626855117,5.96815278941071e-6,0.00010682694626855121,5.968152789410712e-6,11011.0,1.0240017607126374e-5,0.00010215781626165617,5.707300240048124e-6,0.00010215781626165614,5.707300240048122e-6,11011.0,1.3680876485500685e-5,0.0,0.0,0.0,0.0,0.0,0.0,0.0,0.0,0.0,0.0,0.0,0.0,3.5083018885705273,0.19600000218794073,4.015403106057838,0.22433047171247697,2.252476e6,0.3362922405341929,1.5413204950742248,0.0861096992225938,1.2588483134342112,0.07032868892817083,5.183096e6,0.2064121580640704,2.0890868613526967,0.1167120283262634,2.4092504476985988,0.1345987625975448,2.153366e6,0.21592465805932096,0.04087425477827472,0.0022835418046753533,0.03220492932891322,0.0017992083975137576,5.068554e6,0.17399241197912954,1.0,0
885600.0,1.2106952370445073e-9,6.833119444791892e-11,2.9677248453799614e-9,1.6749730012370024e-10,0.0,0.0,0.0,0.0,0.0,0.04220032229699344,0.0,0.0,0.0,0.00022435558153494607,1.2662546608149209e-5,31926.0,8.570077300426029e-14,4.8369201474572186e-15,3.882189104122052e-11,2.1910932697227096e-12,0.5507777019446418,0.031085691177765582,0.0,0.0,0.0,0.0,0.0,0.0,0.0,0.0,0.0,0.0,0.00010953640618199309,6.182194528343424e-6,0.00010953640618199309,6.182194528343424e-6,15867.0,5.282769170958762e-6,2.981575514622962e-7,5.282769170958762e-6,2.981575514622962e-7,5.0,1.2553596956563087e-10,7.085204008514499e-12,7.570088656614158e-11,4.272530230199225e-12,8.0,4.586709931645647,0.2588722236824641,5.035132361639797,0.28418102091002945,5.305753e6,0.0010920018016566553,6.16321805548952e-5,0.000600982276820012,3.3919218941828234e-5,354901.0,0.00011451235577092017,6.463035295301459e-6,0.00011451235577092055,6.463035295301481e-6,15871.0,1.1140708097157696e-5,0.00010984322576402526,6.199511312847714e-6,0.00010984322576402551,6.199511312847728e-6,15871.0,1.4765236644543234e-5,0.0,0.0,0.0,0.0,0.0,0.0,0.0,0.0,0.0,0.0,0.0,0.0,3.540506784784763,0.19982490238078818,4.040644187036527,0.228052473645848,2.310259e6,0.3444497525157884,1.5484777253171407,0.08739551400665747,1.263259218010924,0.07129788622506752,5.312219e6,0.20814792987078923,2.1188784969247365,0.11958872402795764,2.432668282282356,0.13729890424753508,2.209159e6,0.22102440276102733,0.04140435170444127,0.0023368464009264067,0.03254857758268382,0.001837029762531214,5.194253e6,0.17713502719687685,1.0,0
907200.0,1.1767153882559352e-9,6.796217190461602e-11,2.968306573290881e-9,1.7143700474470198e-10,0.0,0.0,0.0,0.0,0.0,0.04220032229699344,0.0,0.0,0.0,0.0003242307486532059,1.8726215443983668e-5,41948.0,-3.5126892568269397e-13,-2.0287827753642558e-14,3.9691151120618733e-11,2.2923953085628205e-12,0.5718721258344157,0.03302894830076234,0.0,0.0,0.0,0.0,0.0,0.0,0.0,0.0,0.0,0.0,0.0001594739897411229,9.210552367437778e-6,0.0001594739897411229,9.210552367437778e-6,20839.0,5.282769170958762e-6,3.051107091080352e-7,5.282769170958762e-6,3.051107091080352e-7,5.0,1.2831510472003337e-10,7.410945154602664e-12,7.743268001575194e-11,4.472188570649566e-12,8.0,4.703332509491699,0.2716448647862167,5.1723811624486284,0.29873515824378305,5.431565e6,0.0023427479478356572,0.0001353073481906089,0.0012567729315878077,7.258596163022347e-5,445379.0,0.00016444993933004964,9.497942457451447e-6,0.00016444993933005045,9.497942457451494e-6,20843.0,1.660472844355701e-5,0.0001597808093231547,9.228272986532133e-6,0.00015978080932315544,9.228272986532173e-6,20843.0,2.1561500122125166e-5,0.0,0.0,0.0,0.0,0.0,0.0,0.0,0.0,0.0,0.0,0.0,0.0,3.6389805311596626,0.21017233469070046,4.16360249692705,0.24047231086018514,2.367734e6,0.3674326897137129,1.568609775570964,0.0905963568443011,1.2789773976799577,0.07386839896100536,5.440986e6,0.21167485639114736,2.2107061075464833,0.12768116233641075,2.5477925218192303,0.1471498673964081,2.264925e6,0.23829408911788766,0.04286998201023608,0.002475991319571124,0.03380093397924167,0.0019522009387831366,5.319767e6,0.18319967974753937,1.0,0
928800.0,1.1577354368479728e-9,6.784950945713553e-11,6.720328759864238e-10,3.938473292213341e-11,0.0,0.0,0.0,0.0,0.0,0.039959179808683354,0.0,0.0,0.0,0.0003864535618678187,2.264825258530756e-5,52586.0,-1.9700361563770771e-13,-1.1545469074257738e-14,3.9895132717417494e-11,2.338068870012092e-12,0.5781564769092368,0.03388307215900533,0.0,0.0,0.0,0.0,0.0,0.0,0.0,0.0,0.0,0.0,0.0001847762119055469,1.0828877598557405e-5,0.0001847762119055469,1.0828877598557405e-5,25961.0,1.690113805672059e-5,9.904973881924973e-7,1.690113805672059e-5,9.904973881924973e-7,8.0,1.3104315968249565e-10,7.679832385866541e-12,7.909092703843437e-11,4.635152757073755e-12,10.0,4.762456042387825,0.2791054812720712,5.225563547659066,0.30624606629564044,5.556329e6,0.002864915755049015,0.00016789943749611597,0.0015379314020430572,9.01310332967276e-5,531652.0,0.00020096470498296505,1.1777610166633135e-5,0.00020096470498296627,1.1777610166633208e-5,25968.0,2.076970493168241e-5,0.00018548885688485123,1.0870642418674282e-5,0.0001854888568848524,1.087064241867435e-5,25968.0,2.5108725093301673e-5,0.0,0.0,0.0,0.0,0.0,0.0,0.0,0.0,0.0,0.0,0.0,0.0,3.6912512608060757,0.21632713257062797,4.211666921867518,0.24682628306131682,2.424112e6,0.3814908668770546,1.5763131366191918,0.09238040891417852,1.28467781685546,0.07528901414767072,5.569454e6,0.21337784852974517,2.2597606946965403,0.13243410346245596,2.592954890325309,0.15196107137571802,2.31882e6,0.24826205229722192,0.043491440632428276,0.0025488318130162603,0.03427332672955764,0.0020086008703299107,5.443765e6,0.18547618148661663,1.0,0
950400.0,1.1500062704010848e-9,6.823957404728185e-11,6.721467194124992e-10,3.988413542648763e-11,0.0,0.0,0.0,0.0,0.0,0.039959179808683354,0.0,0.0,0.0,0.0004242268139241472,2.5172955858338768e-5,68066.0,-3.329638707976953e-13,-1.9757555503105614e-14,4.053425155506722e-11,2.4052391118514983e-12,0.5822541877305882,0.03455005314373106,0.0,0.0,0.0,0.0,0.0,0.0,0.0,0.0,0.0,0.0,0.00020366283793371074,1.2085034375516834e-5,0.00020366283793371074,1.2085034375516834e-5,33324.0,1.690113805672059e-5,1.0028871073047935e-6,1.690113805672059e-5,1.0028871073047935e-6,8.0,1.3379773244558457e-10,7.939348250157386e-12,8.074986478570119e-11,4.791570723723122e-12,10.0,4.795675837900895,0.28456790616720956,5.2478861780697095,0.3114013607205781,5.67999e6,0.0030892192433133814,0.0001833094398944876,0.0016708086725724964,9.91431743159859e-5,622324.0,0.00021985133101112882,1.304563424397242e-5,0.00021985133101113053,1.3045634243972522e-5,33331.0,2.317693714467296e-5,0.0002043754829130153,1.2127321614366164e-5,0.00020437548291301667,1.2127321614366245e-5,33331.0,2.7743141584306587e-5,0.0,0.0,0.0,0.0,0.0,0.0,0.0,0.0,0.0,0.0,0.0,0.0,3.720124681199665,0.2207463821560793,4.231389171019354,0.2510840176183873,2.481107e6,0.39217909443607907,1.5812152013430085,0.09382683781289418,1.2876241525614145,0.07640560400869646,5.698402e6,0.2146435403153892,2.2869136896660756,0.1357018827482417,2.6115130768732215,0.15496310287297976,2.373725e6,0.25546960129222673,0.04389770365402043,0.0026048211006357456,0.0345261393436863,0.0020487271269299594,5.567159e6,0.1798359117264235,1.0,0
972000.0,1.1502405430927012e-9,6.894061489023836e-11,6.728903110566743e-10,4.033023533773337e-11,0.0,0.0,0.0,0.0,0.0,0.039959179808683354,0.0,0.0,0.0,0.0004948102622707207,2.9656860853838262e-5,84772.0,-4.221289522388323e-13,-2.5300646638719427e-14,4.113347706398572e-11,2.4653688468848808e-12,0.5864937526202134,0.03515198640643136,0.0,0.0,0.0,0.0,0.0,0.0,0.0,0.0,0.0,0.0,0.00023895456210699676,1.4321938607893728e-5,0.00023895456210699676,1.4321938607893728e-5,41381.0,1.690113805672059e-5,1.0129836380504116e-6,1.690113805672059e-5,1.0129836380504116e-6,8.0,1.365966687921643e-10,8.187033916549306e-12,8.24290456453083e-11,4.9404527824447346e-12,10.0,4.824906044240027,0.28918472007878726,5.2664354854285795,0.3156481510111022,5.803651e6,0.003520615717785012,0.00021101100446672017,0.001922478545115422,0.00011522533596076391,720345.0,0.0002551430551844155,1.5292209281802387e-5,0.00025514305518441725,1.5292209281802492e-5,41388.0,2.732736675804363e-5,0.00023966720708630204,1.4364651572035689e-5,0.00023966720708630348,1.4364651572035775e-5,41388.0,3.261678151374111e-5,0.0,0.0,0.0,0.0,0.0,0.0,0.0,0.0,0.0,0.0,0.0,0.0,3.7452089547177265,0.2244721852147913,4.247505299647478,0.2545777306022533,2.53889e6,0.4011345659285341,1.5861359594149842,0.09506636589906256,1.2905544750556035,0.07735044603840886,5.827709e6,0.21586036182537688,2.3105696830272384,0.13848589814643938,2.6267239608426842,0.1574348653373998,2.429723e6,0.26111970786736827,0.04431812873601939,0.0026562435693937123,0.034779600039956296,0.0020845439910718794,5.690308e6,0.1823248334572018,1.0,0
993600.0,1.1504951460319865e-9,6.959486778754739e-11,2.7277847336996036e-5,1.6500705678721402e-6,0.0,0.0,0.0,0.0,0.0,0.039959179808683354,0.0,0.0,0.0,0.0005764546194448234,3.487044961827943e-5,97884.0,-2.275248859605776e-13,-1.3763260463476096e-14,4.196585546395683e-11,2.5385662622553985e-12,0.59060042307863,0.035726146695349945,0.0,0.0,0.0,0.0,0.0,0.0,0.0,0.0,0.0,0.0,0.00027977674069404833,1.6924039484901818e-5,0.00027977674069404833,1.6924039484901818e-5,47534.0,1.690113805672059e-5,1.0223706484754288e-6,1.690113805672059e-5,1.0223706484754288e-6,8.0,1.3939557417921245e-10,8.432209895565982e-12,8.409878835447755e-11,5.08723924373695e-12,10.0,4.855017257212329,0.2936859710249999,5.284952122360862,0.3196932603216705,5.927222e6,0.004080909217621473,0.00024685922268589364,0.002251310373610609,0.0001361845361456294,818388.0,0.00029596523377146635,1.790330136122373e-5,0.0002959652337714685,1.790330136122386e-5,47541.0,3.2167906373161975e-5,0.00028048938567335304,1.6967148257055465e-5,0.00028048938567335483,1.6967148257055574e-5,47541.0,3.8262230552362575e-5,0.0,0.0,0.0,0.0,0.0,0.0,0.0,0.0,0.0,0.0,0.0,0.0,3.771292706328226,0.22813013874093963,4.263676514207828,0.25791504146590716,2.596619e6,0.40989473370588436,1.5910870452709134,0.09624681419649384,1.2934954070669384,0.07824512962883946,5.956905e6,0.2170440040320449,2.335271812048843,0.1412634669238378,2.6420399526515204,0.15982024941901704,2.48573e6,0.26671393819705236,0.04481122183298378,0.0027106859769213294,0.03508257128012756,0.0021221879277879226,5.817521e6,0.1849548798754342,1.0,0
1.0152e6,0.0004885971253807917,3.006020473301865e-5,0.0039817394753790415,0.00024497054445450026,0.0,0.0,0.0,0.0,0.0,0.18931891175582793,0.0,0.0,0.0,0.037886599566464646,0.002330916168854308,102696.0,-4.257288858572954e-7,-2.6192330664361577e-8,4.2572888591736105e-7,2.6192330668057026e-8,4.677186580766075,0.28775688371637526,0.0,0.0,0.0,0.0,0.0,0.0,0.0,0.0,0.0,0.0,0.018934697630107983,0.0011649288498683937,0.018934697630107983,0.0011649288498683937,49743.0,1.7204306248669904e-5,1.0584691175199059e-6,1.7204306248669904e-5,1.0584691175199059e-6,10.0,4.258699541727124e-7,2.6201009680717784e-8,2.4944077141092007e-7,1.534646903935539e-8,7739.0,9.505211288746155,0.5847938567948487,8.314259567567284,0.5115223398208661,6.053798e6,0.2785512276818778,0.01713744616533538,0.17929132120144045,0.011030629412664545,869110.0,0.01895110560534925,0.0011659383259160115,0.01895110560534925,0.0011659383259160115,49752.0,0.0020993923291733833,0.018935493961115393,0.0011649778429382964,0.018935493961115393,0.0011649778429382964,49752.0,0.0026188371025648157,0.0,0.0,0.0,0.0,0.0,0.0,0.0,0.0,0.0,0.0,0.0,0.0,7.863608906917967,0.48379673437111875,6.914327814877788,0.4253936400965221,2.660951e6,0.8711259681938135,2.6765309803468535,0.16466955097369584,1.968688714608007,0.121120618076863,6.086306e6,0.37017247355102173,6.214207579912764,0.3823197935519368,5.1707457042134,0.31812236793225734,2.548662e6,0.7222512295752372,0.17169740583145057,0.010563425168330923,0.11167623404182409,0.006870712668424786,5.946194e6,0.574044443402887,1.0,0
1.0368e6,0.00043281789737282503,2.5378460716128015e-5,0.003980223134535115,0.0002333820691666376,0.0,0.0,0.0,0.0,0.0,0.18931891175582793,0.0,0.0,0.0,0.037886599566464646,0.002221496811017882,102696.0,-4.2563766700738697e-7,-2.495744486773519e-8,4.2563776165916784e-7,2.4957450417682446e-8,4.6260132907275775,0.2712482484750111,0.0,0.0,0.0,0.0,0.0,0.0,0.0,0.0,0.0,0.0,0.018934697630107983,0.0011102440146173783,0.018934697630107983,0.0011102440146173783,49743.0,1.7204306248669904e-5,1.0087817831248457e-6,1.7204306248669904e-5,1.0087817831248457e-6,10.0,4.2596192168290837e-7,2.4976457677960206e-8,2.494946322338602e-7,1.4629223425060186e-8,7739.0,9.706698950719574,0.56915640388115,8.432418266471894,0.49443841628683444,6.183398e6,0.2785512276818778,0.0163329692049782,0.17929132120144045,0.010512822550713523,869110.0,0.01895110560534925,0.001111206103194628,0.01895110560534925,0.001111206103194628,49752.0,0.0018995281076519697,0.018935493961115393,0.0011102907078232537,0.018935493961115393,0.0011102907078232537,49752.0,0.002673998537613002,0.0,0.0,0.0,0.0,0.0,0.0,0.0,0.0,0.0,0.0,0.0,0.0,8.042157196936452,0.47155529319428846,7.019045451151152,0.4115647026798315,2.734391e6,0.8060903653781756,2.713904415962114,0.15913093480164675,1.990586712270581,0.11671889491180082,6.215906e6,0.38324727384490637,6.392358258168082,0.3748186337095793,5.275226314367146,0.30931512906577185,2.622102e6,0.6688678955316057,0.1807420868904585,0.010597888811306107,0.11697662980146739,0.0068589742294422554,6.075794e6,0.463645245055777,1.0,0
1.0584e6,0.000388831360614454,2.24522814673547e-5,0.003763878066005692,0.0002173375357718537,0.0,0.0,0.0,0.0,0.0,0.18931891175582793,0.0,0.0,0.0,0.037886599566464646,0.0021876851598672258,102696.0,-4.253253852544737e-7,-2.4559555201138614e-8,4.253467989126283e-7,2.4560791689572504e-8,4.640224993341255,0.2679404188430555,0.0,0.0,0.0,0.0,0.0,0.0,0.0,0.0,0.0,0.0,0.018934697630107983,0.0010933458659780624,0.018934697630107983,0.0010933458659780624,49743.0,1.7204306248669904e-5,9.934279111008181e-7,1.7204306248669904e-5,9.934279111008181e-7,10.0,4.262742034358216e-7,2.4614342790378594e-8,2.4967755814066155e-7,1.4417126238473384e-8,7739.0,9.822943173476649,0.5672060109045889,8.500522883167713,0.49084552257042485,6.312998e6,0.2785512276818778,0.01608437796042895,0.17929132120144045,0.010352815168785027,869110.0,0.01895110560534925,0.0010942933113637537,0.01895110560534925,0.0010942933113637537,49752.0,0.0018270521937122967,0.018935493961115393,0.0010933918485034721,0.018935493961115393,0.0010933918485034721,49752.0,0.002724925990354463,0.0,0.0,0.0,0.0,0.0,0.0,0.0,0.0,0.0,0.0,0.0,0.0,8.152131863092203,0.4707283868767577,7.083477661110966,0.40902110869776065,2.80783e6,0.7859367529296206,2.7314009348540167,0.15771922946911207,2.000835849152442,0.11553422435925387,6.345506e6,0.3930642323219207,6.499977304714113,0.37532805930631985,5.338278682380356,0.30824811902666194,2.695541e6,0.6511264308361501,0.1869640408395841,0.010795860865159594,0.12062133946512188,0.006965035588591831,6.205385e6,0.42727074190250075,1.0,0
1.08e6,0.00035551354764600706,2.0486278588739026e-5,0.003345773028333295,0.00019279838646648196,0.0,0.0,0.0,0.0,0.0,0.18931891175582793,0.0,0.0,0.0,0.037886599566464646,0.002183195095201912,102696.0,-4.251185138837948e-7,-2.4497227648061348e-8,4.25152494953233e-7,2.4499185789065717e-8,4.649417228718367,0.2679201882839336,0.0,0.0,0.0,0.0,0.0,0.0,0.0,0.0,0.0,0.0,0.018934697630107983,0.0010911018531146698,0.018934697630107983,0.0010911018531146698,49743.0,1.7204306248669904e-5,9.913889725720945e-7,1.7204306248669904e-5,9.913889725720945e-7,10.0,4.264810748065002e-7,2.457574449458239e-8,2.497987273639537e-7,1.4394518447398185e-8,7739.0,9.896043203880083,0.5702542120919422,8.543306003545586,0.4923034523335619,6.442597e6,0.2785512276818778,0.016051365944592055,0.17929132120144045,0.010331566768682195,869110.0,0.01895110560534925,0.0010920473539376213,0.01895110560534925,0.0010920473539376213,49752.0,0.0018002593198483549,0.018935493961115393,0.0010911477412642908,0.018935493961115393,0.0010911477412642908,49752.0,0.002772459306276181,0.0,0.0,0.0,0.0,0.0,0.0,0.0,0.0,0.0,0.0,0.0,0.0,8.22171444591772,0.47377191032911753,7.124200391108117,0.4105282482218329,2.881268e6,0.7810213485495722,2.7412827553954378,0.15796495686137835,2.0066233197569474,0.11563059867449438,6.475105e6,0.40136765916629996,6.5679824277298335,0.3784764847116146,5.378078205874898,0.3099088884997555,2.768979e6,0.6460198338673375,0.19050462675614552,0.010977727521248168,0.12269448301389639,0.007070204151057535,6.334688e6,0.4006370302158022,1.0,0
1.1016e6,0.0003304456839656048,1.912935784052321e-5,0.00289223275060595,0.00016743010403543577,0.0,0.0,0.0,0.0,0.0,0.18931891175582793,0.0,0.0,0.0,0.037886599566464646,0.002193238875962897,102696.0,-4.249972608900704e-7,-2.460290776760328e-8,4.250348309509615e-7,2.4605082682192117e-8,4.6545699364132584,0.2694510421163752,0.0,0.0,0.0,0.0,0.0,0.0,0.0,0.0,0.0,0.0,0.018934697630107983,0.0010961214630545568,0.018934697630107983,0.0010961214630545568,49743.0,1.7204306248669904e-5,9.959498537829652e-7,1.7204306248669904e-5,9.959498537829652e-7,10.0,4.266023278002248e-7,2.469582439739204e-8,2.498697610328562e-7,1.4464852483354117e-8,7739.0,9.947861630887317,0.5758774107791395,8.573594584826946,0.4963216853811223,6.572196e6,0.2785512276818778,0.016125210192784133,0.17929132120144045,0.010379097102444017,869110.0,0.01895110560534925,0.0010970713136504607,0.01895110560534925,0.0010970713136504607,49752.0,0.0017953563620643714,0.018935493961115393,0.001096167562312436,0.018935493961115393,0.001096167562312436,49752.0,0.0028172754152505737,0.0,0.0,0.0,0.0,0.0,0.0,0.0,0.0,0.0,0.0,0.0,0.0,8.270865736293839,0.4787968431657762,7.152926657466117,0.4140798330170634,2.954056e6,0.7835506660489485,2.747079423889435,0.15902724068076834,2.010018077434503,0.11635907786033389,6.604703e6,0.4087181111069644,6.616137216242741,0.38300532424168093,5.4062220174177025,0.3129638562544003,2.841743e6,0.6471658513113482,0.192546810715024,0.011146451661939599,0.12388989671828844,0.00717193258119928,6.463184e6,0.37879931127738187,1.0,0
1.1232e6,0.0003110082471003245,1.8162956418650955e-5,0.002464554567601849,0.00014393057939810763,0.0,0.0,0.0,0.0,0.0,0.18931891175582793,0.0,0.0,0.0,0.037886599566464646,0.002212586525252499,102696.0,-4.2489790555513006e-7,-2.4814139859398746e-8,4.2493619120287614e-7,2.4816375750433646e-8,4.6571835844577745,0.27198064124285704,0.0,0.0,0.0,0.0,0.0,0.0,0.0,0.0,0.0,0.0,0.018934697630107983,0.0011057908948152327,0.018934697630107983,0.0011057908948152327,49743.0,1.7204306248669904e-5,1.00473562203293e-6,1.7204306248669904e-5,1.00473562203293e-6,10.0,4.267019425472139e-7,2.4919496053552284e-8,2.4992811531019094e-7,1.4595862034199517e-8,7739.0,9.985987097275807,0.5831840478060493,8.596293746571416,0.502025621946073,6.701795e6,0.2785512276818778,0.016267458679691028,0.17929132120144045,0.010470656272255217,869110.0,0.01895110560534925,0.00110674912451494,0.01895110560534925,0.00110674912451494,49752.0,0.0018041177219944927,0.018935493961115393,0.0011058374007375587,0.018935493961115393,0.0011058374007375587,49752.0,0.002859910737202876,0.0,0.0,0.0,0.0,0.0,0.0,0.0,0.0,0.0,0.0,0.0,0.0,8.306876975705713,0.48512361293161504,7.174382110224132,0.4189856404570373,3.025759e6,0.7908026200892728,2.750848708141218,0.16065022605061038,2.0122312276233343,0.11751478757340321,6.734301e6,0.4154727504330874,6.651475254053591,0.388447754313537,5.427276358067104,0.31695424440545206,2.913394e6,0.6522636122428387,0.19368954317528098,0.01131151589786048,0.12455995249072,0.007274331178325271,6.591397e6,0.3590500369331765,1.0,0
1.1448e6,0.0002944853596375532,1.734311695641215e-5,0.0020868713780734624,0.00012290204996086228,0.0,0.0,0.0,0.0,0.0,0.18931891175582793,0.0,0.0,0.0,0.037886599566464646,0.0022312543080941654,102696.0,-4.2486337005809783e-7,-2.502146499398801e-8,4.249018176677407e-7,2.502372928784476e-8,4.658561628763199,0.2743565224285977,0.0,0.0,0.0,0.0,0.0,0.0,0.0,0.0,0.0,0.0,0.018934697630107983,0.0011151205477156305,0.018934697630107983,0.0011151205477156305,49743.0,1.7204306248669904e-5,1.0132126629040242e-6,1.7204306248669904e-5,1.0132126629040242e-6,10.0,4.2673691257718095e-7,2.5131803474214194e-8,2.499485886707495e-7,1.4720214314702286e-8,7739.0,10.018973953990521,0.5900471156907949,8.61626924844084,0.5074376719018089,6.831394e6,0.2785512276818778,0.016404708627908805,0.17929132120144045,0.010558998099916797,869110.0,0.01895110560534925,0.0011160868620817416,0.01895110560534925,0.0011160868620817416,49752.0,0.0018127586739783495,0.018935493961115393,0.0011151674460124236,0.018935493961115393,0.0011151674460124236,49752.0,0.002900898717139445,0.0,0.0,0.0,0.0,0.0,0.0,0.0,0.0,0.0,0.0,0.0,0.0,8.338113271373008,0.49105624075579224,7.193319278226474,0.42363592438225606,3.097343e6,0.7975781187683829,2.753795773833421,0.16217920727348842,2.0139688441094514,0.11860860333752997,6.863898e6,0.42187875552557463,6.682166605072016,0.3935326261944911,5.445883496808612,0.3207242442625739,2.984959e6,0.6570606926519268,0.19445920553703525,0.011452279831603967,0.12501268741885385,0.0073623682400002595,6.720012e6,0.341676419130487,1.0,0
1.1664e6,0.00027840876974859457,1.65669651837485e-5,0.0017633762705083441,0.00010493129690469273,0.0,0.0,0.0,0.0,0.0,0.18931891175582793,0.0,0.0,0.0,0.037886599566464646,0.0022544763101932036,102696.0,-4.248330654833419e-7,-2.528007508931281e-8,4.248716712484269e-7,2.5282372360216428e-8,4.659265296084556,0.27725378770138454,0.0,0.0,0.0,0.0,0.0,0.0,0.0,0.0,0.0,0.0,0.018934697630107983,0.0011267262762091484,0.018934697630107983,0.0011267262762091484,49743.0,1.7204306248669904e-5,1.0237577749064417e-6,1.7204306248669904e-5,1.0237577749064417e-6,10.0,4.267677624222294e-7,2.539520097725304e-8,2.499666673463805e-7,1.4874492203548963e-8,7739.0,10.048629534092164,0.59795277205535,8.633962444531733,0.5137717297681187,6.960994e6,0.2785512276818778,0.01657544227167566,0.17929132120144045,0.010668891927415759,869110.0,0.01895110560534925,0.0011277026475885533,0.01895110560534925,0.0011277026475885533,49752.0,0.0018288637356509007,0.018935493961115393,0.0011267736626046504,0.018935493961115393,0.0011267736626046504,49752.0,0.0029383271157847495,0.0,0.0,0.0,0.0,0.0,0.0,0.0,0.0,0.0,0.0,0.0,0.0,8.366083418402978,0.4978313464844346,7.210019251800317,0.4290387045874845,3.168523e6,0.8073632690342214,2.7563286786295573,0.16401782636034903,2.0154580212956996,0.11993164905783667,6.993496e6,0.4277150262392895,6.709683312211678,0.39926576281259657,5.462313217235207,0.3250398792192563,3.056125e6,0.6644337541584702,0.1950435734739116,0.011606243919593692,0.12535626029460709,0.007459437437049892,6.848537e6,0.31741539755677395,1.0,0
1.188e6,0.00026084518654008384,1.568375889772583e-5,0.0014870529154610848,8.941157666587021e-5,0.0,0.0,0.0,0.0,0.0,0.18931891175582793,0.0,0.0,0.0,0.037886599566464646,0.002277996005741147,102696.0,-4.2479118256716477e-7,-2.554128974980895e-8,4.248315307667049e-7,2.5543715753684807e-8,4.660785201427511,0.28023760891613997,0.0,0.0,0.0,0.0,0.0,0.0,0.0,0.0,0.0,0.0,0.018934697630107983,0.0011384807838358158,0.018934697630107983,0.0011384807838358158,49743.0,1.7204306248669904e-5,1.0344380695148937e-6,1.7204306248669904e-5,1.0344380695148937e-6,10.0,4.268110170953301e-7,2.5662735723849106e-8,2.499920072975137e-7,1.5031193102772525e-8,7739.0,10.080003631606248,0.6060773010354908,8.653687562418847,0.5203176301831799,7.090591e6,0.2785512276818778,0.016748364627985055,0.17929132120144045,0.010780194534070881,869110.0,0.01895110560534925,0.0011394673411539602,0.01895110560534925,0.0011394673411539602,49752.0,0.001845376735809592,0.018935493961115393,0.0011385286645871865,0.018935493961115393,0.0011385286645871865,49752.0,0.0029757493797626985,0.0,0.0,0.0,0.0,0.0,0.0,0.0,0.0,0.0,0.0,0.0,0.0,8.395704401914168,0.5048059554511376,7.228698189475126,0.43463772919088595,3.239542e6,0.8175373989606907,2.758979535685024,0.16588832025387606,2.0170288752375067,0.1212772794031026,7.123089e6,0.4335789527831825,6.738909102445067,0.40518833028263257,5.480740635947645,0.3295388190035173,3.127132e6,0.6722811941249955,0.1957049993030157,0.011767094746356106,0.12574600027620075,0.007560691369638275,6.976113e6,0.3028968410364097,1.0,0
1.2096e6,0.00024059050666094223,1.4786041981005732e-5,0.0012447838383561392,7.650104880135443e-5,0.0,0.0,0.0,0.0,0.0,0.18931891175582793,0.0,0.0,0.0,0.037886599566464646,0.002328407963730525,102696.0,-4.2462919070880007e-7,-2.6096561860726487e-8,4.2467870912055067e-7,2.6099605128414554e-8,4.6630168512151915,0.2865764068462225,0.0,0.0,0.0,0.0,0.0,0.0,0.0,0.0,0.0,0.0,0.018934697630107983,0.0011636753167945215,0.018934697630107983,0.0011636753167945215,49743.0,1.7204306248669904e-5,1.0573301414814694e-6,1.7204306248669904e-5,1.0573301414814694e-6,10.0,4.2697310369408415e-7,2.62406124148453e-8,2.5008696311597515e-7,1.536966851624884e-8,7739.0,10.11031398495341,0.6213525591570613,8.674545299022364,0.5331140980480875,7.220189e6,0.2785512276818778,0.01711900524890312,0.17929132120144045,0.011018759796081554,869110.0,0.01895110560534925,0.0011646837065855725,0.01895110560534925,0.0011646837065855725,49752.0,0.0018973141647177889,0.018935493961115393,0.0011637242571449523,0.018935493961115393,0.0011637242571449523,49752.0,0.0030132485795804193,0.0,0.0,0.0,0.0,0.0,0.0,0.0,0.0,0.0,0.0,0.0,0.0,8.423586595717037,0.5176908547369925,7.248111163528101,0.44544931316827,3.31192e6,0.8433381407187983,2.7624849269710494,0.1697748538335013,2.0191031740652265,0.12408862140925442,7.252685e6,0.4396005617493543,6.766543786481879,0.4158534843364909,5.499963390640081,0.33801287805010843,3.199493e6,0.6932256378760587,0.19663232699543207,0.01208449112198199,0.12629368688678017,0.007761668497068251,7.104729e6,0.2958722340917391,1.0,0
1.2312e6,0.00021713840381770746,1.3634006978476096e-5,0.0010233745101499616,6.42571510505011e-5,0.0,0.0,0.0,0.0,0.0,0.18931891175582793,0.0,0.0,0.0,0.037886599566464646,0.00237887980107637,102696.0,-4.2453245137114374e-7,-2.6656170915960857e-8,4.245871853706513e-7,2.6659607635205938e-8,4.6648775978839145,0.29290522820956416,0.0,0.0,0.0,0.0,0.0,0.0,0.0,0.0,0.0,0.0,0.018934697630107983,0.0011888997758358517,0.018934697630107983,0.0011888997758358517,49743.0,1.7204306248669904e-5,1.0802494046660065e-6,1.7204306248669904e-5,1.0802494046660065e-6,10.0,4.270698430317406e-7,2.6815492413215425e-8,2.501436276163777e-7,1.5706387744317106e-8,7739.0,10.13039214801711,0.6360820325303567,8.68651378790727,0.5454216643426321,7.349785e6,0.2785512276818778,0.01749008611699162,0.17929132120144045,0.011257608426065508,869110.0,0.01895110560534925,0.0011899300240324345,0.01895110560534925,0.0011899300240324345,49752.0,0.0019503537248303365,0.018935493961115393,0.0011889497770439352,0.018935493961115393,0.0011889497770439352,49752.0,0.0030490522345267062,0.0,0.0,0.0,0.0,0.0,0.0,0.0,0.0,0.0,0.0,0.0,0.0,8.441917299498881,0.5300635785722753,7.259054505254091,0.4557922414537971,3.384679e6,0.8688002268922964,2.7648446474781494,0.17360315151697409,2.0204860767835657,0.126865265593034,7.382275e6,0.4452038995034422,6.784721363774314,0.4260091112135702,5.51081429905923,0.3460211518987515,3.272217e6,0.7137528522765757,0.19729245538063223,0.012387890240357682,0.1266804436942724,0.007954198902623182,7.233099e6,0.29048668707796277,1.0,0
1.2528e6,0.0001906714440843461,1.2231744823000394e-5,0.0008106977900761412,5.200699320447331e-5,0.0,0.0,0.0,0.0,0.0,0.18931891175582793,0.0,0.0,0.0,0.037886599566464646,0.0024304594761614807,102696.0,-4.2445022672026027e-7,-2.7228864228931097e-8,4.2450920405235516e-7,2.723264767788954e-8,4.666567964167834,0.29936453678737107,0.0,0.0,0.0,0.0,0.0,0.0,0.0,0.0,0.0,0.0,0.018934697630107983,0.0012146779022122359,0.018934697630107983,0.0012146779022122359,49743.0,1.7204306248669904e-5,1.1036717370084585e-6,1.7204306248669904e-5,1.1036717370084585e-6,10.0,4.2715209942315114e-7,2.7402191795650378e-8,2.501918045730314e-7,1.6050029541862316e-8,7739.0,10.156644689081654,0.651557902082981,8.705361820612227,0.5584567993019198,7.479383e6,0.2785512276818778,0.01786931206977698,0.17929132120144045,0.011501699693135468,869110.0,0.01895110560534925,0.0012157304885980845,0.01895110560534925,0.0012157304885980845,49752.0,0.0020061354002471323,0.018935493961115393,0.0012147289875633963,0.018935493961115393,0.0012147289875633963,49752.0,0.0030828057830805233,0.0,0.0,0.0,0.0,0.0,0.0,0.0,0.0,0.0,0.0,0.0,0.0,8.466094235820064,0.5431075682954211,7.276666096864546,0.46680468219274746,3.456833e6,0.8962079417420789,2.767758385021623,0.1775541925529665,2.0222095099701227,0.12972656090891765,7.511862e6,0.4506067585580781,6.80863845371952,0.4367802874620514,5.528231541128248,0.3546410311112468,3.344355e6,0.73598826334032,0.19808213558257556,0.01270714735537028,0.12714614833611596,0.008156539901102098,7.361743e6,0.28622291437937775,1.0,0
1.2744e6,0.00016193122286654407,1.0599907083630337e-5,0.0005971386597969872,3.9088288211768615e-5,0.0,0.0,0.0,0.0,0.0,0.18931891175582793,0.0,0.0,0.0,0.037886599566464646,0.0024800308921906276,102696.0,-4.2438600451985426e-7,-2.7780017564685397e-8,4.2444759738962847e-7,2.7784049391809673e-8,4.668200457209409,0.30557720875708744,0.0,0.0,0.0,0.0,0.0,0.0,0.0,0.0,0.0,0.0,0.018934697630107983,0.0012394523550358935,0.018934697630107983,0.0012394523550358935,49743.0,1.7204306248669904e-5,1.126182118840154e-6,1.7204306248669904e-5,1.126182118840154e-6,10.0,4.2721632162355726e-7,2.7965288186282485e-8,2.5022940751661906e-7,1.6379845852544573e-8,7739.0,10.1753635396839,0.6660723370915351,8.717662677979698,0.5706522357900906,7.608981e6,0.2785512276818778,0.01823377282769283,0.17929132120144045,0.011736287245868993,869110.0,0.01895110560534925,0.0012405264098717004,0.01895110560534925,0.0012405264098717004,49752.0,0.0020605831697652617,0.018935493961115393,0.0012395044823189272,0.018935493961115393,0.0012395044823189272,49752.0,0.003114320106956867,0.0,0.0,0.0,0.0,0.0,0.0,0.0,0.0,0.0,0.0,0.0,0.0,8.483414154619785,0.5553184876830991,7.288138676741929,0.4770765725010655,3.52884e6,0.922414807515172,2.769588238917373,0.18129535164836294,2.023288861398867,0.13244310488439606,7.641448e6,0.4555140921152689,6.82572633382762,0.4468073768360943,5.5395538933711626,0.36261540865957753,3.416336e6,0.757057722994748,0.19860698568122048,0.01300067743029308,0.12745528670269396,0.008343135884791422,7.489896e6,0.2825415259909423,1.0,0
1.296e6,0.000131963854513269,8.790018440441066e-6,0.00037606895698858784,2.5049685605195328e-5,0.0,0.0,0.0,0.0,0.0,0.18744893307702726,0.0,0.0,0.0,0.0378892500855296,0.002523775985285428,103146.0,-4.2434104164692927e-7,-2.8265054812698195e-8,4.244042363366897e-7,2.826926416601226e-8,4.669742359905807,0.3110482154911102,0.0,0.0,0.0,0.0,0.0,0.0,0.0,0.0,0.0,0.0,0.018934927560523684,0.0012612420502515975,0.018934927560523684,0.0012612420502515975,49937.0,1.939496448221966e-5,1.2918847822323065e-6,1.939496448221966e-5,1.2918847822323065e-6,11.0,4.2726133795463033e-7,2.84595736716003e-8,2.502557944261016e-7,1.6669360378613948e-8,7739.0,10.199559949595256,0.6793854299876614,8.734639896554466,0.5818081477273459,7.73858e6,0.27855234069802826,0.018554173189276577,0.17929216982710483,0.011942523843515629,875878.0,0.018953502623303628,0.0012624793219649033,0.018953502623303628,0.0012624793219649033,49947.0,0.002108445959956294,0.018935747462225965,0.0012612966633205245,0.018935747462225965,0.0012612966633205245,49947.0,0.0031434668559611354,0.0,0.0,0.0,0.0,0.0,0.0,0.0,0.0,0.0,0.0,0.0,0.0,8.50583391722746,0.5665675442682726,7.304014152554382,0.4865151849875677,3.601246e6,0.9462151410888672,2.7720051703334327,0.18464129176962502,2.024762264926848,0.1348679735967143,7.771034e6,0.460172295541996,6.847870960517298,0.4561318115685648,5.555239864697056,0.3700305741436987,3.488712e6,0.7761951053922885,0.19928438545842533,0.013274191099771102,0.1278629737099891,0.00851686168842109,7.617848e6,0.28012761443366535,1.0,0
1.3176e6,0.00010188329092984082,6.853116858908631e-6,0.00014394525548104447,9.682389016824794e-6,0.0,0.0,0.0,0.0,0.0,0.18744893307702726,0.0,0.0,0.0,0.03789286937443219,0.0025488405367781884,107456.0,-4.24325392305107e-7,-2.8541986356444157e-8,4.243892614188775e-7,2.8546282473072798e-8,4.671365701496703,0.3142165388542443,0.0,0.0,0.0,0.0,0.0,0.0,0.0,0.0,0.0,0.0,0.01893673720497498,0.0012737679732145958,0.01893673720497498,0.0012737679732145958,52092.0,1.939496448221966e-5,1.304590348996114e-6,1.939496448221966e-5,1.304590348996114e-6,11.0,4.272773951931949e-7,2.8740551013860194e-8,2.502652282723228e-7,1.683393655052552e-8,7739.0,10.227357210973642,0.6879368882270334,8.75583063940072,0.5889555590616568,7.868179e6,0.27857364011329444,0.01873808445020305,0.17930607891900607,0.012060913042069145,960558.0,0.018955312267754924,0.0012750174133802081,0.018955312267754924,0.0012750174133802081,52102.0,0.0021314813350658923,0.018937557106677258,0.0012738231233979797,0.01893755710667726,0.0012738231233979799,52102.0,0.0031701406507488967,0.0,0.0,0.0,0.0,0.0,0.0,0.0,0.0,0.0,0.0,0.0,0.0,8.53136777910489,0.5738572029126441,7.323582220291919,0.49261625064749437,3.673318e6,0.959332715118515,2.775028917474606,0.186660612203822,2.026821687605819,0.1363329133812343,7.900629e6,0.4645389016510534,6.873112246901573,0.46231566513539735,5.574593063363385,0.37497157144637605,3.560738e6,0.7865493860775831,0.2001123055551531,0.01346043107126828,0.1284015146018807,0.008636848853199154,7.745886e6,0.27878396616453294,1.0,0
1.3392e6,7.267294543727629e-5,4.934075069492698e-6,2.0735169616333227e-5,1.4077987736709337e-6,0.0,0.0,0.0,0.0,0.0,0.1854015742652051,0.0,0.0,0.0,0.03789746328733133,0.002573019817456355,109798.0,-4.243131516577693e-7,-2.8808422868444833e-8,4.243774531969727e-7,2.881278857317311e-8,4.672576451168366,0.3172410701023125,0.0,0.0,0.0,0.0,0.0,0.0,0.0,0.0,0.0,0.0,0.018939030379467158,0.0012858512486788787,0.018939030379467158,0.0012858512486788787,53262.0,1.9402528397013032e-5,1.3173200985978106e-6,1.9402528397013032e-5,1.3173200985978106e-6,12.0,4.2729009655897794e-7,2.9010540307499016e-8,2.502726783433129e-7,1.699207559785383e-8,7752.0,10.25248814574809,0.6960849853521639,8.772980049973516,0.5956348939660296,7.996942e6,0.2786742877949092,0.018920381548374852,0.1793671038028472,0.012177994848503647,1.052005e6,0.018957612243035944,0.001287112850355098,0.018957612243035944,0.001287112850355098,53273.0,0.0021545722691273285,0.018939851044295387,0.0012859069671012572,0.01893985104429539,0.0012859069671012574,53273.0,0.003193928958849445,0.0,0.0,0.0,0.0,0.0,0.0,0.0,0.0,0.0,0.0,0.0,0.0,8.554877457635014,0.5808269822050025,7.339734241240312,0.4983257458260387,3.745053e6,0.9722797101082133,2.777317891385201,0.1885639130970297,2.028213698527394,0.13770404633103667,8.029455e6,0.4683540551865982,6.896380962758093,0.46822460784168357,5.590586863849875,0.3795686978528068,3.632482e6,0.7968669837328296,0.2007836574744481,0.013632055681041422,0.12880773696969045,0.008745304596033752,7.873628999999999e6,0.27694269237745306,1.0,0
1.3608e6,4.507253750066043e-5,3.0815736581999055e-6,1.783509608021326e-5,1.2193713804430085e-6,0.0,0.0,0.0,0.0,0.0,0.1854015742652051,0.0,0.0,0.0,0.03789788942807661,0.0025910486570946303,110004.0,-4.243062131960736e-7,-2.9009479432490678e-8,4.24370784150136e-7,2.9013894097432063e-8,4.673863183255908,0.3195483206895268,0.0,0.0,0.0,0.0,0.0,0.0,0.0,0.0,0.0,0.0,0.0189392434498398,0.0012948610608046255,0.0189392434498398,0.0012948610608046255,53365.0,1.9402528397013032e-5,1.3265354853792048e-6,1.9402528397013032e-5,1.3265354853792048e-6,12.0,4.272976592275014e-7,2.9214002226225986e-8,2.5027711497073597e-7,1.71112479463307e-8,7752.0,10.278456077697456,0.7027298939078612,8.789661015943377,0.6009421557603862,8.12481e6,0.27886552393312136,0.019065814803966394,0.17948243314714332,0.012271071671697166,1.14198e6,0.018957825313408585,0.0012961314880862711,0.018957825313408585,0.0012961314880862711,53376.0,0.002171823495976201,0.018940064114668028,0.0012949171690083592,0.018940064114668028,0.0012949171690083592,53376.0,0.003211568104357419,0.0,0.0,0.0,0.0,0.0,0.0,0.0,0.0,0.0,0.0,0.0,0.0,8.579379742123853,0.5865653917673346,7.355502590156448,0.5028898811014392,3.817563e6,0.982860544224345,2.7794492819018153,0.1900287440281297,2.0295213353968484,0.13875676482208227,8.158847e6,0.47129674996833876,6.9206650566357,0.47316038364693,5.606216320815899,0.3832925655925967,3.704991e6,0.8054014220222898,0.2013787693028136,0.013768106816599204,0.12916718972316954,0.008831058365613351,8.001208e6,0.2671958447049916,1.0,0
1.3824e6,0.00021579832131854467,1.4631748016851235e-5,0.005751089237026721,0.0003899404222630016,0.0,0.0,0.0,0.0,0.0,0.18931891175582793,0.0,0.0,0.0,0.042011001823399334,0.0028484669800007056,111292.0,-7.397867838661457e-7,-5.015967567119363e-8,7.397979036244543e-7,5.016042962284898e-8,7.7628604287631875,0.5263443060615125,0.0,0.0,0.0,0.0,0.0,0.0,0.0,0.0,0.0,0.0,0.020983094595876193,0.0014227142772228302,0.020983094595876193,0.0014227142772228302,54006.0,4.4812631646951056e-5,3.0384255550453832e-6,4.4812631646951056e-5,3.0384255550453832e-6,16.0,7.427833808783143e-7,5.0362853583432246e-8,4.3506619517707627e-7,2.949874169356735e-8,11988.0,15.353090331196658,1.040983764996136,12.10661616674451,0.8208634618017321,8.254347e6,0.6105210782937259,0.04139508834910684,0.39094965608575705,0.026507513219612217,1.182681e6,0.021026333245240503,0.00142564598224362,0.021026333245240503,0.00142564598224362,54020.0,0.00236608033034647,0.020984668578158828,0.0014228209977570855,0.02098466857815883,0.0014228209977570857,54020.0,0.0035763612175259874,0.0,0.0,0.0,0.0,0.0,0.0,0.0,0.0,0.0,0.0,0.0,0.0,12.896977697827642,0.8744522510673849,10.245290667669964,0.6946602294809521,3.891608e6,1.4512889573199592,3.8810443664521936,0.2631459914293068,2.6819726026393527,0.18184547066977313,8.288443e6,0.6614360624272084,11.137531771091975,0.7551567473212244,8.432939862778309,0.571777622548303,3.779029e6,1.2772916070915632,0.4139915918552039,0.028069822861035945,0.2596649114243535,0.01760602922935081,8.129802e6,0.48674657129441734,1.0,0
1.404e6,0.00019434580061882022,1.2611779928088695e-5,0.005714645475239983,0.0003708433671902821,0.0,0.0,0.0,0.0,0.0,0.18931891175582793,0.0,0.0,0.0,0.042011001823399334,0.0027262411015220923,111292.0,-7.39785467717146e-7,-4.800727097338321e-8,7.397966846370066e-7,4.8007998878613494e-8,7.7549662546454226,0.5032469312016156,0.0,0.0,0.0,0.0,0.0,0.0,0.0,0.0,0.0,0.0,0.020983094595876193,0.0013616665264226497,0.020983094595876193,0.0013616665264226497,54006.0,4.4812631646951056e-5,2.9080486767930684e-6,4.4812631646951056e-5,2.9080486767930684e-6,16.0,7.427858422142963e-7,4.820197578686219e-8,4.350676411034358e-7,2.8233063569976906e-8,11988.0,15.525294269320185,1.007490740834261,12.207486527711636,0.7921865719371641,8.383947e6,0.6105210782937259,0.039618851842349735,0.39094965608575705,0.025370092946778385,1.182681e6,0.021026333245240503,0.0013644724338743883,0.021026333245240503,0.0013644724338743883,54020.0,0.0021882830888038476,0.020984668578158828,0.0013617686676477036,0.02098466857815883,0.0013617686676477038,54020.0,0.0036138187969436486,0.0,0.0,0.0,0.0,0.0,0.0,0.0,0.0,0.0,0.0,0.0,0.0,13.06210590725259,0.8476458177903337,10.342016339213185,0.6711296753906982,3.967208e6,1.3594184553065538,3.8987128460591998,0.2530011364318074,2.6923219850892375,0.1747142066532113,8.418043e6,0.6714064467827102,11.30473121773692,0.7336036169051424,8.530878775856559,0.5535986132539401,3.854629e6,1.2003705962796247,0.42262945446920747,0.027425906059828004,0.26472476550621676,0.017178917545162438,8.259401e6,0.44318572960435987,1.0,0
1.4256e6,0.00018564356004867243,1.190656019711468e-5,0.005527420149083654,0.0003545103354113347,0.0,0.0,0.0,0.0,0.0,0.18931891175582793,0.0,0.0,0.0,0.042011001823399334,0.0026944458618454285,111292.0,-7.397802949175031e-7,-4.744704643546557e-8,7.397916920814524e-7,4.744777741163626e-8,7.7590500972299,0.4976396543509238,0.0,0.0,0.0,0.0,0.0,0.0,0.0,0.0,0.0,0.0,0.020983094595876193,0.0013457858643846786,0.020983094595876193,0.0013457858643846786,54006.0,4.4812631646951056e-5,2.8741330760714674e-6,4.4812631646951056e-5,2.8741330760714674e-6,16.0,7.427912863235811e-7,4.7640161404926744e-8,4.3507081793413725e-7,2.790399452791452e-8,11988.0,15.61884671165297,1.001740855072191,12.262283898423929,0.7864620854739888,8.513547e6,0.6105210782937259,0.03915679040202502,0.39094965608575705,0.025074210023800045,1.182681e6,0.021026333245240503,0.0013485590474746985,0.021026333245240503,0.0013485590474746985,54020.0,0.002133695871915264,0.020984668578158828,0.0013458868143707296,0.02098466857815883,0.0013458868143707298,54020.0,0.0036541934989241715,0.0,0.0,0.0,0.0,0.0,0.0,0.0,0.0,0.0,0.0,0.0,0.0,13.152251281119542,0.8435416319594995,10.394817847589644,0.6666890271222916,4.04155e6,1.334655164911804,3.906298841225573,0.25053700914148247,2.6967654600391886,0.1729615628952483,8.547643e6,0.6802286048643391,11.3954390114223,0.7308655389202598,8.58400986777469,0.5505498289113243,3.928843e6,1.1804013104257058,0.4281248520170466,0.0274585033872724,0.2679437187617474,0.017185018516338916,8.389e6,0.419713845412594,1.0,0
1.4472e6,0.00018525454410829652,1.1918978134740999e-5,0.005213778440350519,0.00033544608327444977,0.0,0.0,0.0,0.0,0.0,0.18931891175582793,0.0,0.0,0.0,0.042011001823399334,0.0027029199988689297,111292.0,-7.39760617453619e-7,-4.759500322549612e-8,7.397720740587657e-7,4.7595740324965925e-8,7.759909916037936,0.49926006977053095,0.0,0.0,0.0,0.0,0.0,0.0,0.0,0.0,0.0,0.0,0.020983094595876193,0.0013500184132662792,0.020983094595876193,0.0013500184132662792,54006.0,4.4812631646951056e-5,2.883172336371812e-6,4.4812631646951056e-5,2.883172336371812e-6,16.0,7.42811903958943e-7,4.779131807064522e-8,4.3508291506361015e-7,2.799253198567184e-8,11988.0,15.670337280322386,1.008204189037297,12.294481153247116,0.7910070586871779,8.643146e6,0.6105210782937259,0.03927994003066147,0.39094965608575705,0.02515306938947021,1.182681e6,0.021026333245240503,0.0013528003181249673,0.021026333245240503,0.0013528003181249673,54020.0,0.0021305719992290324,0.020984668578158828,0.0013501196807439624,0.02098466857815883,0.0013501196807439626,54020.0,0.0036951462762889837,0.0,0.0,0.0,0.0,0.0,0.0,0.0,0.0,0.0,0.0,0.0,0.0,13.202245692158515,0.849411162850222,10.426100078114088,0.6707984382235618,4.114398e6,1.3377670119930276,3.909321988544021,0.251519462194027,2.6985834261618127,0.17362249874094526,8.677241e6,0.6883843094771678,11.445111631655333,0.7363599956156788,8.61509979311184,0.5542816051123959,4.00169e6,1.1845271909341604,0.43056800083364627,0.027702049696850292,0.26938353579703367,0.017331701570284293,8.517245e6,0.40228197038200214,1.0,0
1.4688e6,0.00018518686205034823,1.2069308479251396e-5,0.0048483929276931445,0.0003159875880236037,0.0,0.0,0.0,0.0,0.0,0.18931891175582793,0.0,0.0,0.0,0.042011001823399334,0.0027380114059665063,111292.0,-7.396741155997604e-7,-4.820728088617763e-8,7.396857369439653e-7,4.8208038291895286e-8,7.758728019023678,0.5056648232570005,0.0,0.0,0.0,0.0,0.0,0.0,0.0,0.0,0.0,0.0,0.020983094595876193,0.0013675454010235843,0.020983094595876193,0.0013675454010235843,54006.0,4.4812631646951056e-5,2.9206039193378014e-6,4.4812631646951056e-5,2.9206039193378014e-6,16.0,7.428984084964121e-7,4.8417419905578303e-8,4.3513359739005484e-7,2.8359255934468576e-8,11988.0,15.707849172812027,1.0237382669224062,12.317092066986348,0.8027501631480821,8.772746e6,0.6105210782937259,0.039789902725436435,0.39094965608575705,0.02547962607559812,1.182681e6,0.021026333245240503,0.001370363422732177,0.021026333245240503,0.001370363422732177,54020.0,0.0021615162990020575,0.020984668578158828,0.001367647983234329,0.02098466857815883,0.0013676479832343293,54020.0,0.003733464027441203,0.0,0.0,0.0,0.0,0.0,0.0,0.0,0.0,0.0,0.0,0.0,0.0,13.238566702187041,0.8628060521291219,10.448012321102462,0.6809353660527014,4.185987e6,1.3609304755350318,3.9120225284495893,0.2549608873484896,2.7001664892669517,0.17597977493370898,8.806831e6,0.6960031477317515,11.481227999842568,0.7482738295605668,8.636889332366016,0.5628978238485416,4.073245e6,1.2063768763374187,0.4318555339331042,0.028145612490012233,0.27013626684602166,0.017605773432845293,8.646087e6,0.3867110459576431,1.0,0
1.4904e6,0.00018513614447883208,1.222356196874367e-5,0.004476550915072097,0.00029556301753316686,0.0,0.0,0.0,0.0,0.0,0.18931891175582793,0.0,0.0,0.0,0.042011001823399334,0.0027737646022764607,111292.0,-7.396280730094584e-7,-4.883373589584118e-8,7.396397240635088e-7,4.8834505153414235e-8,7.756909808901001,0.5121477926526556,0.0,0.0,0.0,0.0,0.0,0.0,0.0,0.0,0.0,0.0,0.020983094595876193,0.0013854029304257718,0.020983094595876193,0.0013854029304257718,54006.0,4.4812631646951056e-5,2.958741424917274e-6,4.4812631646951056e-5,2.958741424917274e-6,16.0,7.429444894776168e-7,4.905270136218388e-8,4.351605890802128e-7,2.8731355737967008e-8,11988.0,15.740122261484792,1.0392371538279475,12.338986712853517,0.8146781339789365,8.902345e6,0.6105210782937259,0.04030948281198992,0.39094965608575705,0.025812341297674967,1.182681e6,0.021026333245240503,0.001388257750112318,0.021026333245240503,0.001388257750112318,54020.0,0.002193617598991003,0.020984668578158828,0.0013855068521641425,0.02098466857815883,0.0013855068521641427,54020.0,0.0037708962791691064,0.0,0.0,0.0,0.0,0.0,0.0,0.0,0.0,0.0,0.0,0.0,0.0,13.269386859969885,0.8761075425151259,10.469000507830483,0.6912128197252503,4.257643e6,1.3843574247753707,3.9148853841545708,0.25847920852221123,2.70190026457398,0.17839220650487916,8.936421e6,0.7034958247492725,11.511839680826004,0.7600659833818026,8.657755899434894,0.5716259028992507,4.144872e6,1.227931698996767,0.432998691642117,0.02858861706649352,0.270813160116758,0.017880362875424268,8.774514e6,0.3767893202536399,1.0,0
1.512e6,0.00018509752513288545,1.2395391310521025e-5,0.0041270829306286234,0.00027637758991854225,0.0,0.0,0.0,0.0,0.0,0.18931891175582793,0.0,0.0,0.0,0.042011001823399334,0.002813342893559461,111292.0,-7.395935708327955e-7,-4.952822418687916e-8,7.396052317055456e-7,4.95290050783614e-8,7.754836421859678,0.5193166787563571,0.0,0.0,0.0,0.0,0.0,0.0,0.0,0.0,0.0,0.0,0.020983094595876193,0.0014051709672230229,0.020983094595876193,0.0014051709672230229,54006.0,4.4812631646951056e-5,3.0009591134155514e-6,4.4812631646951056e-5,3.0009591134155514e-6,16.0,7.429790882674436e-7,4.975494149906865e-8,4.3518085276380225e-7,2.914267468990159e-8,11988.0,15.767703811796286,1.055912869041839,12.355736030697978,0.8274242614538072,9.031945e6,0.6105210782937259,0.04088465074473039,0.39094965608575705,0.026180652423189066,1.182681e6,0.021026333245240503,0.0014080665217596072,0.021026333245240503,0.0014080665217596072,54020.0,0.0022315947879665106,0.020984668578158828,0.001405276371799854,0.02098466857815883,0.0014052763717998541,54020.0,0.0038052922442996175,0.0,0.0,0.0,0.0,0.0,0.0,0.0,0.0,0.0,0.0,0.0,0.0,13.295764237312461,0.8903749543685212,10.485040429074873,0.7021497393426025,4.329087e6,1.4111237479190175,3.917555303619928,0.26234619254965197,2.7034667828581465,0.18104255388862805,9.066001e6,0.7103968670248929,11.53805206387328,0.772666572339084,8.67370009037048,0.5808500500104318,4.216283e6,1.2520429884313302,0.43398861584572024,0.029062834383426037,0.2713907570514988,0.018174174016085776,8.903251e6,0.3690410629326773,1.0,0
1.5336e6,0.00018506829063522637,1.2567757632199416e-5,0.003819235604755649,0.0002593595437450875,0.0,0.0,0.0,0.0,0.0,0.18931891175582793,0.0,0.0,0.0,0.042011001823399334,0.0028529149266474756,111292.0,-7.395703305085181e-7,-5.02233020788894e-8,7.395819903052559e-7,5.022409388119621e-8,7.753095384105827,0.5265030727431341,0.0,0.0,0.0,0.0,0.0,0.0,0.0,0.0,0.0,0.0,0.020983094595876193,0.0014249358782605517,0.020983094595876193,0.0014249358782605517,54006.0,4.4812631646951056e-5,3.0431701263723152e-6,4.4812631646951056e-5,3.0431701263723152e-6,16.0,7.430023997997248e-7,5.045636963941395e-8,4.351945187451575e-7,2.9553518950640492e-8,11988.0,15.794371648509857,1.0725761509442011,12.371610301108321,0.8401406813164563,9.161545e6,0.6105210782937259,0.04145972773081914,0.39094965608575705,0.026548905310644764,1.182681e6,0.021026333245240503,0.0014278721612061018,0.021026333245240503,0.0014278721612061018,54020.0,0.0022709080224459772,0.020984668578158828,0.0014250427654413738,0.02098466857815883,0.001425042765441374,54020.0,0.003836125215416891,0.0,0.0,0.0,0.0,0.0,0.0,0.0,0.0,0.0,0.0,0.0,0.0,13.321346981791443,0.9046361190614413,10.500278305944013,0.7130608510339117,4.400539e6,1.438746041827545,3.9201801415551905,0.2662145617951099,2.7050039397371575,0.18369345603222584,9.195581e6,0.7166328042773343,11.563436935045837,0.785258632346265,8.688823578335095,0.5900472115814199,4.287712e6,1.2764860350830889,0.4349882423334303,0.029539510975860325,0.2719733684089837,0.018469373466652526,9.031888e6,0.3620735296939879,1.0,0
1.5552e6,0.00018452710649882143,1.2715386284911587e-5,0.003645949009076317,0.0002512349047525551,0.0,0.0,0.0,0.0,0.0,0.18574126038335692,0.0,0.0,0.0,0.04201105731847794,0.0028948962143153793,111294.0,-7.395440078029783e-7,-5.09604681519601e-8,7.395557184179921e-7,5.096127510653907e-8,7.751379208009046,0.5341317204868032,0.0,0.0,0.0,0.0,0.0,0.0,0.0,0.0,0.0,0.0,0.020983122343415494,0.0014459041336660821,0.020983122343415494,0.0014459041336660821,54007.0,4.4812631646951056e-5,3.087946983215042e-6,4.4812631646951056e-5,3.087946983215042e-6,16.0,7.430295006497113e-7,5.1200646350060164e-8,4.352104034804056e-7,2.998946062973644e-8,11988.0,15.821142368578133,1.0902026293158014,12.39083760918349,0.853827329674108,9.291143e6,0.6105364267513516,0.042070819049030324,0.3909596676611689,0.026940232741167327,1.203286e6,0.021026360992779804,0.001448883620742733,0.021026360992779807,0.0014488836207427335,54021.0,0.0023141501597133385,0.02098469632569813,0.0014460125935726457,0.020984696325698132,0.0014460125935726459,54021.0,0.0038648865088511896,0.0,0.0,0.0,0.0,0.0,0.0,0.0,0.0,0.0,0.0,0.0,0.0,13.347154250592665,0.919725157570112,10.518877008375895,0.7248343453856139,4.472173e6,1.4689807309659484,3.9221662503413954,0.2702684710826082,2.7062384836191606,0.18648137041335328,9.325177e6,0.7223705881248491,11.589029411926552,0.7985763633094689,8.707292303009512,0.6000017408234303,4.359331e6,1.3030074980391027,0.43578398898237847,0.03002898523597664,0.2724531611083365,0.01877419124902322,9.160347e6,0.35658211593067063,1.0,0
1.5768e6,0.00017987521779840813,1.2616170458241154e-5,0.003645080835155848,0.00025566035006519493,0.0,0.0,0.0,0.0,0.0,0.18574126038335692,0.0,0.0,0.0,0.04201105731847794,0.002946590790816254,111294.0,-7.395071546483907e-7,-5.186789171029188e-8,7.395190123625906e-7,5.1868723392084524e-8,7.749609600747616,0.5435456696287562,0.0,0.0,0.0,0.0,0.0,0.0,0.0,0.0,0.0,0.0,0.020983122343415494,0.0014717238509606477,0.020983122343415494,0.0014717238509606477,54007.0,4.4812631646951056e-5,3.14308889495788e-6,4.4812631646951056e-5,3.14308889495788e-6,16.0,7.430663706395969e-7,5.211752963258244e-8,4.3523199793592657e-7,3.0526501327127826e-8,12027.0,15.857235943643593,1.1122020815883986,12.43205694568618,0.8719653073561187,9.420735e6,0.6107569375255288,0.04283754997873647,0.39111675691486086,0.027432326335484907,1.260082e6,0.021026360992779804,0.0014747565431649492,0.021026360992779807,0.0014747565431649495,54021.0,0.0023706596529524584,0.02098469632569813,0.0014718342476513038,0.020984696325698132,0.001471834247651304,54021.0,0.0038921346269021615,0.0,0.0,0.0,0.0,0.0,0.0,0.0,0.0,0.0,0.0,0.0,0.0,13.381121698994887,0.9385312459562343,10.558087189831097,0.7405279578266634,4.543807e6,1.5086816655505348,3.926391724103315,0.2753910621119102,2.7095250590344464,0.19004191029786777,9.454758e6,0.7282471450134831,11.622525900091688,0.815186047892458,8.746217866987202,0.613446236926816,4.430955e6,1.3381058412892377,0.43766169146565514,0.03069691628538347,0.2737576165712714,0.019200937167318605,9.288966e6,0.35315571400268503,1.0,0
1.5984e6,0.00017086715585850346,1.219269059844934e-5,0.00364264537773602,0.0002599308675061358,0.0,0.0,0.0,0.0,0.0,0.18574126038335692,0.0,0.0,0.0,0.04201105731847794,0.0029978132486860294,111294.0,-7.39478894319754e-7,-5.2767527598988075e-8,7.394908921741316e-7,5.2768383738516684e-8,7.748130339073546,0.5528889122436964,0.0,0.0,0.0,0.0,0.0,0.0,0.0,0.0,0.0,0.0,0.020983122343415494,0.0014973077607409715,0.020983122343415494,0.0014973077607409715,54007.0,4.4812631646951056e-5,3.1977272040860847e-6,4.4812631646951056e-5,3.1977272040860847e-6,16.0,7.430946451250532e-7,5.3025539331135206e-8,4.3524855350858937e-7,3.1058344242280834e-8,12259.0,15.91967181319386,1.1359914775421591,12.513025644086293,0.8929009753937078,9.55031e6,0.6114238883132698,0.04362981438561552,0.39162959331434133,0.02794579471102417,1.328991e6,0.021026360992779804,0.0015003931721586604,0.021026360992779807,0.0015003931721586606,54021.0,0.0024275810390367225,0.02098469632569813,0.0014974200765273682,0.020984696325698132,0.0014974200765273684,54021.0,0.003918032572038598,0.0,0.0,0.0,0.0,0.0,0.0,0.0,0.0,0.0,0.0,0.0,0.0,13.439835512933568,0.9590360141474524,10.635287280824251,0.7589098477655754,4.61566e6,1.5516850428932227,3.9338149038602372,0.28070806091052297,2.715642676253958,0.1937820686553063,9.584336e6,0.7344788166803521,11.680352558611911,0.8334833228329508,8.822849687092553,0.6295784341399598,4.502795e6,1.3762037165377072,0.4412451962644446,0.031486250994659404,0.2763087601521998,0.01971676303295394,9.417194e6,0.3515952422126648,1.0,0
1.62e6,0.00015851651862308495,1.1487017701615154e-5,0.0036376829461544475,0.0002636074067125919,0.0,0.0,0.0,0.0,0.0,0.18418205120093767,0.0,0.0,0.0,0.04201671732779534,0.003044772746086898,111510.0,-7.394554346884345e-7,-5.3585189364514366e-8,7.394675370448262e-7,5.358606637079302e-8,7.747808821272684,0.561450742495226,0.0,0.0,0.0,0.0,0.0,0.0,0.0,0.0,0.0,0.0,0.020984085254806367,0.0015206273823569745,0.020984085254806367,0.0015206273823569745,54114.0,4.8546818182607805e-5,3.5179813729488245e-6,4.8546818182607805e-5,3.5179813729488245e-6,17.0,7.431181603087226e-7,5.385061150727824e-8,4.3526232579077504e-7,3.154160894167328e-8,12309.0,15.963006770746455,1.1567711866204402,12.573024016543176,0.911113558986722,9.676504e6,0.6176058483566008,0.044755268247861614,0.39531898435075785,0.028647084925068265,1.417496e6,0.02103105409914251,0.0015240310146787048,0.02103105409914251,0.0015240310146787048,54129.0,0.0024799541215543295,0.02098566322865283,0.001520741731408193,0.020985663228652834,0.0015207417314081933,54129.0,0.003942685917918836,0.0,0.0,0.0,0.0,0.0,0.0,0.0,0.0,0.0,0.0,0.0,0.0,13.483111485133577,0.9770637259000748,10.695067482995897,0.7750260387011242,4.686628e6,1.5899106978331088,3.9406489680044543,0.28556206535768863,2.7211898385555613,0.19719305039286186,9.712825e6,0.7403502583801795,11.723926488245695,0.8495830735668233,8.882868074341511,0.6437036574951198,4.574591e6,1.4098056245676434,0.44463459368422303,0.03222077732192458,0.27864763550212146,0.020192408648192047,9.544604e6,0.3495775307037127,1.0,0
1.6416e6,0.00014408684028720828,1.0587725491421859e-5,0.003630540075546413,0.0002667777406241307,0.0,0.0,0.0,0.0,0.0,0.18418205120093767,0.0,0.0,0.0,0.04201700714264142,0.0030874751414539346,111616.0,-7.394413930753721e-7,-5.433530550930993e-8,7.394536012344181e-7,5.433620258385523e-8,7.74790829440467,0.5693283716288826,0.0,0.0,0.0,0.0,0.0,0.0,0.0,0.0,0.0,0.0,0.020984230162229407,0.0015419539228123664,0.020984230162229407,0.0015419539228123664,54167.0,4.8546818182607805e-5,3.5672958292017642e-6,4.8546818182607805e-5,3.5672958292017642e-6,17.0,7.431322912485367e-7,5.4606518456976504e-8,4.352706249943814e-7,3.19843636152612e-8,12309.0,16.002216405038336,1.1758677906542643,12.628926287264825,0.9279931776866928,9.801731e6,0.6220025732190304,0.04570571807303192,0.3978233596593743,0.02923268022084998,1.506028e6,0.02103119900656555,0.0015454052666650678,0.02103119900656555,0.0015454052666650678,54182.0,0.0025276334255727637,0.020985808136075867,0.0015420698747888666,0.02098580813607587,0.0015420698747888669,54182.0,0.003965697093874864,0.0,0.0,0.0,0.0,0.0,0.0,0.0,0.0,0.0,0.0,0.0,0.0,13.52160100398416,0.9935883065334189,10.750052974998294,0.7899306396798639,4.75705e6,1.6250928277678782,3.9465571714278003,0.28999916913987217,2.726055908632816,0.20031483497966063,9.840806e6,0.7457825881214208,11.762299606731732,0.8643120991181239,8.93779912339514,0.6567634034263696,4.645251e6,1.4404759512671335,0.44769153431670516,0.032897071382302724,0.2807761630817038,0.02063186987318295,9.670529e6,0.3471567781310482,1.0,0
1.6632e6,0.0001288131395061131,9.595342333025538e-6,0.0036216764629698195,0.00026978012968938863,0.0,0.0,0.0,0.0,0.0,0.18418205120093767,0.0,0.0,0.0,0.042017057672225244,0.0031298674478184357,111668.0,-7.394295320081364e-7,-5.508040187492069e-8,7.394418147793479e-7,5.508131682346573e-8,7.748166073749343,0.577163992864494,0.0,0.0,0.0,0.0,0.0,0.0,0.0,0.0,0.0,0.0,0.020984255427021318,0.0015631255879479825,0.020984255427021318,0.0015631255879479825,54193.0,4.8546818182607805e-5,3.6162719224707966e-6,4.8546818182607805e-5,3.6162719224707966e-6,17.0,7.431441853871844e-7,5.535710789231268e-8,4.3527758607980643e-7,3.242400165342234e-8,12309.0,16.040381517513314,1.1948544411152378,12.680906613138886,0.9446058104997943,9.927473e6,0.624820671231602,0.04654314195124092,0.3994263153457439,0.02975342614314232,1.593902e6,0.021031224271357462,0.0015666243159668776,0.021031224271357462,0.0015666243159668776,54208.0,0.0025757931321696488,0.02098583340086778,0.0015632431318515579,0.020985833400867782,0.001563243131851558,54208.0,0.003987359301185363,0.0,0.0,0.0,0.0,0.0,0.0,0.0,0.0,0.0,0.0,0.0,0.0,13.558430338457725,1.0099729041213774,10.800645019903818,0.8045443716442164,4.827123e6,1.6605648486361684,3.9518819218858505,0.29437726652404167,2.7304001476716455,0.20338860013430216,9.968356e6,0.7508671605944536,11.798845492571475,0.8789007244895681,8.988211300261082,0.6695354582478811,4.71588e6,1.4713313315178962,0.450482404738122,0.03355661468263268,0.2827378947059645,0.021061258972683516,9.794618e6,0.344512021611105,1.0,0
1.6848e6,0.000113666983979695,8.569692195378285e-6,0.003611705721905169,0.00027229724281716504,0.0,0.0,0.0,0.0,0.0,0.18418205120093767,0.0,0.0,0.0,0.042017059159071224,0.003167791132846125,111680.0,-7.394221506224918e-7,-5.5747236457081873e-8,7.394344882673807e-7,5.57481666288469e-8,7.748539370569683,0.5841854428143731,0.0,0.0,0.0,0.0,0.0,0.0,0.0,0.0,0.0,0.0,0.020984256170444308,0.0015820655218739597,0.020984256170444308,0.0015820655218739597,54199.0,4.8546818182607805e-5,3.660089098205164e-6,4.8546818182607805e-5,3.660089098205164e-6,17.0,7.431516083841263e-7,5.602841137660452e-8,4.3528195182805645e-7,3.2817201748189916e-8,12309.0,16.07129213502276,1.2116625422537097,12.718484424367022,0.9588843909855872,1.0052976e7,0.6262665847916521,0.04721610159792712,0.4002502583465509,0.030176058122236307,1.683258e6,0.021031225014780452,0.001585606642827827,0.021031225014780452,0.001585606642827827,54214.0,0.002618917764413592,0.02098583414429077,0.0015821844900182976,0.020985834144290772,0.0015821844900182978,54214.0,0.0040073538151085,0.0,0.0,0.0,0.0,0.0,0.0,0.0,0.0,0.0,0.0,0.0,0.0,13.58792884395578,1.0244343932465425,10.836853536678339,0.8170226386258261,4.897382e6,1.6920397269305294,3.9557538375339583,0.29823605414223137,2.733560977720085,0.20609129719271105,1.0096519e7,0.7553717009044594,11.828090665002453,0.8917549556536606,9.02425845767053,0.6803657013332073,4.786508e6,1.4984706537987087,0.4524621221880393,0.03411246591984696,0.2841304635617263,0.021421441220689924,9.919593e6,0.3411992239960505,1.0,0
1.7064e6,9.927433478749201e-5,7.582123495381106e-6,0.003601213108918923,0.00027504432624462025,0.0,0.0,0.0,0.0,0.0,0.18418205120093767,0.0,0.0,0.0,0.042017114366290194,0.003209076653363816,111740.0,-7.394156333408974e-7,-5.6473212924640885e-8,7.394283146493194e-7,5.6474181465470136e-8,7.749976731085497,0.5919080776235409,0.0,0.0,0.0,0.0,0.0,0.0,0.0,0.0,0.0,0.0,0.020984283774053793,0.0016026844337721428,0.020984283774053793,0.0016026844337721428,54229.0,4.8546818182607805e-5,3.7077858195300874e-6,4.8546818182607805e-5,3.7077858195300874e-6,17.0,7.431582699557514e-7,5.675905853693234e-8,4.3528585141477077e-7,3.324515936856958e-8,12309.0,16.098464990644416,1.2295277516230119,12.751238272856792,0.9738817541390525,1.0180883e7,0.6480137217201988,0.04949234941036465,0.41297150421320367,0.0315408907218618,1.738065e6,0.021031252618389937,0.001606271701105178,0.021031252618389937,0.001606271701105178,54244.0,0.0026675882791536896,0.020985861747900254,0.0016028049522586376,0.020985861747900257,0.0016028049522586378,54244.0,0.004025897078795847,0.0,0.0,0.0,0.0,0.0,0.0,0.0,0.0,0.0,0.0,0.0,0.0,13.633841657735461,1.0412909981890526,10.880396872496213,0.8309953719923463,4.969284e6,1.7293062313468954,3.959633070671523,0.30241881753721145,2.7365430955626313,0.209004751786084,1.0226079e7,0.7596102272957603,11.874140709004894,0.9068930197309233,9.067881989515461,0.69256370474024,4.859422e6,1.5310783183496441,0.45462571315069567,0.034722250304301074,0.28560372905692916,0.021813117651067256,1.0048077e7,0.3380577952649704,1.0,0
1.728e6,8.556092082013724e-5,6.641241145599487e-6,0.003590758622060564,0.000278714787968156,0.0,0.0,0.0,0.0,0.0,0.1821346923891155,0.0,0.0,0.0,0.04218767565253981,0.003274608602796985,114442.0,-7.394124244945168e-7,-5.739321374817086e-8,7.394256229984019e-7,5.739423821642368e-8,7.7543731877432736,0.6018946708279651,0.0,0.0,0.0,0.0,0.0,0.0,0.0,0.0,0.0,0.0,0.02106949707161423,0.0016354149713190044,0.02106949707161423,0.0016354149713190044,55579.0,4.86815093112296e-5,3.7786601589674662e-6,4.86815093112296e-5,3.7786601589674662e-6,18.0,7.43161876976816e-7,5.768424635815482e-8,4.352879753750907e-7,3.37870652224838e-8,12309.0,16.13265984832846,1.2522175234404858,12.78372941301223,0.9922734463129522,1.0310125e7,0.7568493769760066,0.058746670503473555,0.4767758661194339,0.03700735650049235,1.789644e6,0.021116599414903008,0.0016390710565656926,0.021116599414903008,0.0016390710565656926,55595.0,0.002743678384291975,0.0210710762376368,0.0016355375462312925,0.021071076237636804,0.0016355375462312927,55595.0,0.004059685660420409,0.0,0.0,0.0,0.0,0.0,0.0,0.0,0.0,0.0,0.0,0.0,0.0,13.771965939745078,1.0689803940644758,10.974568554583755,0.8518463282217282,5.042782e6,1.7893906360423062,3.9659673449738353,0.3078384998790847,2.740952057123995,0.21275277784999222,1.0355652e7,0.7641081347011263,12.011975717069927,0.9323699021407837,9.162143313961375,0.7111658286903173,4.933044e6,1.5853988155180674,0.45897093892595253,0.03562533753741544,0.2883698765715987,0.02238327814943302,1.0177008e7,0.3366605495896442,1.0,0
1.7496e6,7.291776247718498e-5,5.709649148962887e-6,0.0035802633701649735,0.0002803438697247669,0.0,0.0,0.0,0.0,0.0,0.1821346923891155,0.0,0.0,0.0,0.042191491807528916,0.0033037027893951924,118688.0,-7.394101617450042e-7,-5.789772556532864e-8,7.3942336441136e-7,5.789875936820686e-8,7.754788230822041,0.6072199491359079,0.0,0.0,0.0,0.0,0.0,0.0,0.0,0.0,0.0,0.0,0.021071405149108866,0.0016499454507357542,0.021071405149108866,0.0016499454507357542,57702.0,4.86815093112296e-5,3.8118879236874454e-6,4.86815093112296e-5,3.8118879236874454e-6,18.0,7.431646311622903e-7,5.819171021851821e-8,4.352895838431018e-7,3.4084298770410153e-8,12309.0,16.144501942344196,1.2641562034267984,12.79070979739324,1.0015456156127647,1.0439699e7,0.7871887612116593,0.061638913315964584,0.49457106078799495,0.03872619153959073,1.870359e6,0.021118507492397562,0.0016536336858808823,0.021118507492397562,0.0016536336858808823,57718.0,0.0027776479679135265,0.021072984315131355,0.00165006910351431,0.021072984315131358,0.0016500691035143103,57718.0,0.004074861600565476,0.0,0.0,0.0,0.0,0.0,0.0,0.0,0.0,0.0,0.0,0.0,0.0,13.813778010096538,1.0816544992585024,10.999140928675436,0.8612611455594822,5.113354e6,1.81688087724788,3.966509668428567,0.31058795255521315,2.741262563246118,0.21464793939911717,1.0485236e7,0.7669999509535779,12.053410859718223,0.9438132043454198,9.186488004655926,0.7193257395158403,5.003527e6,1.6091807407166505,0.4593651960429951,0.03596948139310639,0.2886025735134567,0.02259832696820872,1.0300049e7,0.33225264352083395,1.0,0
1.7712e6,6.157780227801632e-5,4.862854719055985e-6,0.0035703349793652977,0.0002819525812991794,0.0,0.0,0.0,0.0,0.0,0.1821346923891155,0.0,0.0,0.0,0.04229100625259122,0.0033397589995260283,123008.0,-7.394085885399979e-7,-5.8391764744353657e-8,7.394218678508211e-7,5.8392813423535335e-8,7.75566189343008,0.6124716317024766,0.0,0.0,0.0,0.0,0.0,0.0,0.0,0.0,0.0,0.0,0.021121162371640006,0.00166795728836112,0.021121162371640006,0.00166795728836112,59862.0,4.86815093112296e-5,3.844422803790049e-6,4.86815093112296e-5,3.844422803790049e-6,18.0,7.431669790435838e-7,5.8688568240423584e-8,4.3529095344052065e-7,3.43753201444851e-8,12309.0,16.150448046081294,1.275415483994843,12.794217812670844,1.0103709480581484,1.056929e7,0.8300274617125541,0.06554801908829964,0.519692587969776,0.041040593531696506,1.904916e6,0.021168264714928706,0.0016716770029963697,0.02116826471492871,0.00167167700299637,59878.0,0.0028181192340106086,0.021122741537662502,0.0016680819965296577,0.021122741537662505,0.001668081996529658,59878.0,0.004097593525125809,0.0,0.0,0.0,0.0,0.0,0.0,0.0,0.0,0.0,0.0,0.0,0.0,13.862242085325445,1.0947137904820476,11.027593820614527,0.870859054181488,5.186748e6,1.845472530377818,3.967353907705173,0.3133055250193122,2.7417577911287823,0.21651909161849056,1.0614835e7,0.7696256499237689,12.101777048498487,0.9556882748682283,9.214923562835692,0.7277108450697906,5.076909e6,1.6341495638370187,0.4600185363535915,0.03632807972360706,0.2889868608796407,0.022821553679830464,1.0428483e7,0.3282048302807343,1.0,0
1.7928e6,5.735105792667918e-5,4.563830669221118e-6,0.003560514750070484,0.0002833354257450704,0.0,0.0,0.0,0.0,0.0,0.17989354990080542,0.0,0.0,0.0,0.04250717097051497,0.0033825972449379508,127694.0,-7.394074859085902e-7,-5.883990083592696e-8,7.394208202408394e-7,5.8840961943370704e-8,7.757187928124105,0.6172944920832175,0.0,0.0,0.0,0.0,0.0,0.0,0.0,0.0,0.0,0.0,0.021217396932827898,0.0016884188425412188,0.021217396932827898,0.0016884188425412188,62187.0,7.237710485903438e-5,5.759559855502397e-6,7.237710485903438e-5,5.759559855502397e-6,24.0,7.43169172116318e-7,5.91392449021648e-8,4.352922237707412e-7,3.463929128313817e-8,12629.0,16.164527751491512,1.2863261842536076,12.802494844351251,1.018785367270708,1.069889e7,0.8762070635546171,0.06972601402316078,0.5467673221423747,0.04351015594013057,1.941215e6,0.021288106596802907,0.001694045712292637,0.021288106596802907,0.001694045712292637,62209.0,0.002865321056424377,0.021219064373712064,0.001688551532645314,0.021219064373712068,0.0016885515326453143,62209.0,0.004127932015996836,0.0,0.0,0.0,0.0,0.0,0.0,0.0,0.0,0.0,0.0,0.0,0.0,13.922162782641514,1.1078852908090941,11.062749227403852,0.8803414624796511,5.260095e6,1.8738851194056645,3.968693358294454,0.31581709422822424,2.742557528927974,0.21824476505083232,1.0744163e7,0.7720649735939192,12.161435645311679,0.9677717375465014,9.249942512010765,0.7360835676094626,5.150254e6,1.659115200260691,0.46105289769394414,0.03668925091702711,0.28959313853696944,0.023044981122069243,1.0556136e7,0.32456990550318054,1.0,0
1.8144e6,4.459590183531323e-5,3.570093564117085e-6,0.0035571651267889037,0.000284766353028313,0.0,0.0,0.0,0.0,0.0,0.17989354990080542,0.0,0.0,0.0,0.042723295986915225,0.00342018341963381,137550.0,-7.394069082231233e-7,-5.919270012879971e-8,7.394202861202893e-7,5.9193771086950755e-8,7.759064333518635,0.62114643948585,0.0,0.0,0.0,0.0,0.0,0.0,0.0,0.0,0.0,0.0,0.021324871998214086,0.0017071476333764787,0.021324871998214086,0.0017071476333764787,67042.0,7.355199048690947e-5,5.888152880841325e-6,7.355199048690947e-5,5.888152880841325e-6,25.0,7.431711983019997e-7,5.949404772422886e-8,4.35293413413277e-7,3.484710813715922e-8,12638.0,16.183342581029454,1.2955461111156474,12.813509619009123,1.0257765028165289,1.082849e7,0.9375840513743715,0.07505763197684542,0.5827618426449811,0.04665258954786752,1.975078e6,0.021396674618588858,0.0017128957416630507,0.021396674618588858,0.0017128957416630507,67065.0,0.002904623087628521,0.021326621368326363,0.0017072876779707592,0.021326621368326366,0.0017072876779707594,67065.0,0.004158359547301294,0.0,0.0,0.0,0.0,0.0,0.0,0.0,0.0,0.0,0.0,0.0,0.0,14.0019532223434,1.120916519835315,11.109536384301967,0.8893661236493854,5.333533e6,1.9007811880346983,3.970259956642426,0.317836369167381,2.7434870881635676,0.21962792977841075,1.0872816e7,0.7741389557603273,12.241044605520683,0.979948218686642,9.296618731794302,0.744234275718758,5.223692e6,1.6831862208296722,0.4622885157865158,0.037008182076223896,0.29031687506105575,0.023241113298651583,1.0682157e7,0.3209975532767011,1.0,0
1.836e6,3.344517005877092e-5,2.6895263102126245e-6,0.003556814850598996,0.00028602477142233233,0.0,0.0,0.0,0.0,0.0,0.17989354990080542,0.0,0.0,0.0,0.042900506743932254,0.003449886527905432,146270.0,-7.394064435175084e-7,-5.946009783435274e-8,7.394199150643895e-7,5.946118116207128e-8,7.7603111164900085,0.6240530661545214,0.0,0.0,0.0,0.0,0.0,0.0,0.0,0.0,0.0,0.0,0.02141347737672256,0.0017219858860527677,0.02141347737672256,0.0017219858860527677,71397.0,7.355199048690947e-5,5.914755799878908e-6,7.355199048690947e-5,5.914755799878908e-6,25.0,7.431732119722905e-7,5.976300623176298e-8,4.3529459890263365e-7,3.5004644149957363e-8,12693.0,16.191925317542253,1.3020896314177142,12.81856026370601,1.0308171561903055,1.095809e7,0.9908621253730527,0.07968115429824668,0.6140282973873098,0.04937769065417395,2.011676e6,0.021485279997097373,0.0017277599645310927,0.021485279997097373,0.0017277599645310927,71420.0,0.0029352979018956718,0.021415226746834878,0.0017221265633743394,0.021415226746834885,0.0017221265633743398,71420.0,0.004183285017636345,0.0,0.0,0.0,0.0,0.0,0.0,0.0,0.0,0.0,0.0,0.0,0.0,14.063435631954947,1.130925035742352,11.145663290488736,0.8962894974630032,5.406973e6,1.9213327966635343,3.9715857685347435,0.31937898354142086,2.744263223160987,0.22068263153904294,1.1002415e7,0.775815985428437,12.302517392468685,0.989319060143804,9.332712438934355,0.7504992680872917,5.297132e6,1.7013977794836301,0.4633505793368884,0.037260793465513024,0.29093964207148687,0.02339619803577293,1.0811585e7,0.31749469372892153,1.0,0
1.8576e6,2.3208986550576934e-5,1.8758507958290776e-6,0.0035564743033886835,0.00028744965394413084,0.0,0.0,0.0,0.0,0.0,0.17989354990080542,0.0,0.0,0.0,0.04318940188617279,0.003490754485251109,159230.0,-7.394063083383105e-7,-5.976201972089045e-8,7.394198192909167e-7,5.976311173458711e-8,7.762230069928946,0.6273770473499048,0.0,0.0,0.0,0.0,0.0,0.0,0.0,0.0,0.0,0.0,0.021557924947842866,0.0017424048474373953,0.021557924947842866,0.0017424048474373953,77877.0,7.355199048690947e-5,5.9447903763058586e-6,7.355199048690947e-5,5.9447903763058586e-6,25.0,7.431752359383898e-7,6.00666407702682e-8,4.352957795874787e-7,3.518248988514807e-8,12693.0,16.215151434459578,1.3105787560579154,12.83216291020019,1.0371509740354874,1.1087688e7,1.0632090488811134,0.08593315938763968,0.6564665616740737,0.053058470238153424,2.052784e6,0.02162972756821764,0.0017482082461458704,0.021629727568217638,0.0017482082461458702,77900.0,0.0029773215498631687,0.02155967431795515,0.0017425462391052382,0.02155967431795515,0.0017425462391052382,77900.0,0.004218109125730214,0.0,0.0,0.0,0.0,0.0,0.0,0.0,0.0,0.0,0.0,0.0,0.0,14.158563237646312,1.1443563922645703,11.20146309488025,0.9053507534760853,5.480412e6,1.94891938928006,3.9737524684368553,0.32117588219980847,2.7455440446024175,0.22190675882498642,1.1132015e7,0.7774570850797642,12.397585525775934,1.0020265479583268,9.388459680296883,0.7588159665875771,5.370571e6,1.726460599920991,0.46510579308488137,0.03759186426351309,0.29196799517182354,0.023598117690583557,1.0940654e7,0.3146961632941913,1.0,0
1.8792e6,1.3568866693568358e-5,1.1014309871893722e-6,0.0035561491467857,0.00028866470235081645,0.0,0.0,0.0,0.0,0.0,0.17989354990080542,0.0,0.0,0.0,0.04348494095560866,0.003529820325179416,168274.0,-7.394061758555805e-7,-6.002011019774837e-8,7.394197260521201e-7,6.002121011321577e-8,7.764237732205012,0.6302495428162086,0.0,0.0,0.0,0.0,0.0,0.0,0.0,0.0,0.0,0.0,0.021705694482560742,0.0017619249301704656,0.021705694482560742,0.0017619249301704656,82352.0,7.355199048690947e-5,5.970464838462883e-6,7.355199048690947e-5,5.970464838462883e-6,25.0,7.431772462632932e-7,6.032622078868642e-8,4.352969605531346e-7,3.53345324860352e-8,12693.0,16.23794887722646,1.3180894518074657,12.845531835026403,1.04271544039356,1.1217288e7,1.1362043996873528,0.0922295694886395,0.6992876425058803,0.056763552609715245,2.089649e6,0.021777497102935577,0.001767753392696354,0.021777497102935577,0.001767753392696354,82375.0,0.0030170774291612547,0.021707443852673085,0.001762066932483062,0.021707443852673088,0.0017620669324830622,82375.0,0.004252381965145178,0.0,0.0,0.0,0.0,0.0,0.0,0.0,0.0,0.0,0.0,0.0,0.0,14.253911823395466,1.1570384266796865,11.25739645741228,0.9138010987422398,5.553851e6,1.9747519853337125,3.976072684075961,0.3227513218649501,2.7469148558854735,0.22297640692993126,1.1261615e7,0.7788931708690772,12.492894410118554,1.0140906631142406,9.4443676728122,0.7666313955443039,5.444011e6,1.750009342658322,0.46701144385173515,0.0379089047926285,0.2930843282321971,0.023790650189491194,1.1069825e7,0.31193652437435915,1.0,0
1.9008e6,9.46764963998926e-5,7.714426904504254e-6,0.003531903941404569,0.0002877864710435877,4.098397816111579e-6,3.339455047473484e-7,0.0015592091824192522,0.0,0.0,0.17989354990080542,0.0,0.0,0.0,0.043924869917219514,0.003579084684703565,177118.0,-7.394060525843024e-7,-6.024825761735835e-8,7.39419635602611e-7,6.024936438837196e-8,7.766449513131364,0.6328255623604016,0.0,0.0,0.0,0.0,0.0,0.0,0.0,0.0,0.0,0.0,0.021867680517404148,0.0017818215643513975,0.021867680517404148,0.0017818215643513975,86750.0,0.0001895088824109128,1.544155600074505e-5,0.0001895088824109128,1.544155600074505e-5,49.0,7.431792574017989e-7,6.055570575778546e-8,4.3529812804992447e-7,3.5468946551685927e-8,13287.0,16.26709951930876,1.3254752231214388,12.862701447657628,1.0480781808116042,1.1346888e7,1.2099887268346226,0.09859225830467519,0.7425715456143773,0.060506188207587276,2.12516e6,0.022052968643815434,0.001796919204862248,0.022052968643815434,0.001796919204862248,86797.0,0.0030731527333478083,0.021871901273404073,0.0017821654798413163,0.021871901273404076,0.0017821654798413167,86797.0,0.004288537662778913,0.0,0.0,0.0,0.0,0.0,0.0,0.0,0.0,0.0,0.0,0.0,0.0,14.356020814259287,1.1697567762052352,11.317314133708297,0.9221569867883767,5.627291e6,2.000558079862483,3.9786279984628967,0.3241864247354099,2.7484303624572295,0.22394750481409328,1.139121e7,0.7801103253123483,12.595071112533082,1.026271135385823,9.504304295098406,0.7744293837513158,5.517451e6,1.773713385035702,0.46910169489968945,0.038223327580664636,0.29431265607875984,0.02398117335056632,1.119921e7,0.30937081153304186,1.0,0
1.9224e6,0.0004413066894528971,3.599918354733619e-5,0.0033407998767360342,0.000272522648833256,0.0,0.0,0.0,0.0,0.0,0.17899999693939259,0.0,0.0,0.0,0.04463979232689081,0.0036414496219918163,188636.0,-7.394059816887792e-7,-6.0316356599561e-8,7.394196007538806e-7,6.03174675621547e-8,7.767641925157443,0.6336381796985492,0.0,0.0,0.0,0.0,0.0,0.0,0.0,0.0,0.0,0.0,0.02197554750222189,0.0017926348885996877,0.02197554750222189,0.0017926348885996877,92371.0,0.000688697322446593,5.617984479240511e-5,0.000688697322446593,5.617984479240511e-5,187.0,7.431812695135468e-7,6.062432219943967e-8,4.3529929865664655e-7,3.5509136219517734e-8,13847.0,16.285120831637066,1.3284436151091348,12.873881567433799,1.0501749386288959,1.1474159e7,1.2337904664753938,0.10064531203155924,0.756534108155493,0.06171356761682801,2.168651e6,0.022652760192703618,0.0018478778852002167,0.022652760192703618,0.0018478778852002167,92556.0,0.0031624154751839534,0.02198703213418719,0.0017935717367915994,0.021987032134187193,0.0017935717367915996,92556.0,0.004312385935152642,0.0,0.0,0.0,0.0,0.0,0.0,0.0,0.0,0.0,0.0,0.0,0.0,14.395587793546087,1.1743067114938244,11.340817454184142,0.9251166566637431,5.700723e6,2.0096813467942316,3.9800634707851645,0.3246699831187036,2.749362162948676,0.2242766663355886,1.1520737e7,0.7806223972239285,12.635327026783342,1.0307150734145871,9.528002467579533,0.7772379568845804,5.588577e6,1.7816586863094228,0.4702462634331729,0.03835990243149636,0.2950142796345878,0.0240655160129501,1.1322201e7,0.3058908437012508,1.0,0
1.944e6,0.0002708361121043492,2.1996749993074346e-5,0.0033402159580755634,0.0002712854455847345,0.0,0.0,0.0,0.0,0.0,0.17744078775697336,0.0,0.0,0.0,0.04468726381737872,0.0036294073283946386,203266.0,-7.394058587398668e-7,-6.005301764134324e-8,7.394194662322078e-7,6.005412281378399e-8,7.767913768044588,0.6308939225120898,0.0,0.0,0.0,0.0,0.0,0.0,0.0,0.0,0.0,0.0,0.021994909156901995,0.0017863811220947797,0.021994909156901995,0.0017863811220947797,99633.0,0.0006974455035742382,5.664508420503943e-5,0.0006974455035742382,5.664508420503943e-5,188.0,7.431832699906038e-7,6.035981118618439e-8,4.353004736750595e-7,3.535420596943122e-8,13859.0,16.295560974288108,1.3234918267110896,12.880010085254197,1.0460878335325325,1.1596039e7,1.2343377485804703,0.10025036414670516,0.7568545340069504,0.06147016303077527,2.238864e6,0.02268086761994562,0.00184209325257829,0.02268086761994562,0.00184209325257829,99819.0,0.0031422553559937233,0.022006396197433095,0.0017873140758163483,0.0220063961974331,0.0017873140758163486,99819.0,0.00431701214268193,0.0,0.0,0.0,0.0,0.0,0.0,0.0,0.0,0.0,0.0,0.0,0.0,14.406435576060252,1.1700609612053303,11.347195381547671,0.9215957871759148,5.772239e6,1.9958980453571549,3.980483953713207,0.3232866906150936,2.7496199039794,0.2233184531186626,1.1649896e7,0.780854684600056,12.646147250133692,1.0270939767796514,9.534354606193483,0.7743606012810839,5.656256e6,1.7687745726871005,0.47049427176265846,0.038212573606688484,0.2951599093965359,0.023972278602465643,1.1442729e7,0.3023674963573881,1.0,0
1.9656e6,0.0001662786031934791,1.342539831438044e-5,0.0033399778601219394,0.0002696710958124501,0.0,0.0,0.0,0.0,0.0,0.17744078775697336,0.0,0.0,0.0,0.04471785607723157,0.0036105368825080186,220542.0,-7.394057073618336e-7,-5.969990092897374e-8,7.394193166807942e-7,5.9700999750616e-8,7.7685109882712045,0.6272325622426944,0.0,0.0,0.0,0.0,0.0,0.0,0.0,0.0,0.0,0.0,0.022010205286828403,0.0017771124322780087,0.022010205286828403,0.0017771124322780087,108164.0,0.0006974455035742382,5.63120179519586e-5,0.0006974455035742382,5.63120179519586e-5,188.0,7.431852763501292e-7,6.000506478138778e-8,4.3530165142992665e-7,3.5146422601074304e-8,13859.0,16.30343075340185,1.3163452636215267,12.884580396970035,1.0403059721502672,1.1713421e7,1.2347829053000206,0.09969684623914854,0.7571145503152432,0.061129719713653406,2.311759e6,0.022696163749872045,0.0018324969821636326,0.022696163749872045,0.0018324969821636326,108350.0,0.003112889369299876,0.022021692327359524,0.0017780399003443858,0.022021692327359527,0.001778039900344386,108350.0,0.004320078427764261,0.0,0.0,0.0,0.0,0.0,0.0,0.0,0.0,0.0,0.0,0.0,0.0,14.41461540952897,1.163841586980097,11.351958565640725,0.916561496578932,5.843498e6,1.9770346903283107,3.980725110521759,0.32140527501680727,2.749773906599681,0.22201780181924474,1.1778832e7,0.7809138562643129,12.654302010320963,1.0217132067277708,9.539091761637055,0.7701899342297627,5.724509e6,1.7513680947192791,0.4706578491570829,0.038001095591180825,0.29525596887174815,0.023839080378785526,1.156118e7,0.29879829601632024,1.0,0
1.9872e6,0.00010126240583904486,8.141652274311275e-6,0.003339766163303431,0.0002685223065146928,0.0,0.0,0.0,0.0,0.0,0.17744078775697336,0.0,0.0,0.0,0.04498281802295843,0.0036166873542751304,237820.0,-7.394055901501757e-7,-5.9449340106073765e-8,7.394192320344044e-7,5.945043693442617e-8,7.769907223320133,0.6247124220659208,0.0,0.0,0.0,0.0,0.0,0.0,0.0,0.0,0.0,0.0,0.022142686259691888,0.0017803058346463824,0.022142686259691888,0.0017803058346463824,116717.0,0.0006974455035742382,5.607568498233232e-5,0.0006974455035742382,5.607568498233232e-5,188.0,7.431873335067086e-7,5.97533980547711e-8,4.353028512570304e-7,3.4999014882030905e-8,13859.0,16.31229982926755,1.3115338501368579,12.889747662325835,1.0363554223378841,1.1832221e7,1.2357570016378412,0.09935675258271852,0.7576839291053347,0.06091894650829023,2.337718e6,0.02282864472273547,0.0018354579440047051,0.02282864472273547,0.0018354579440047051,116903.0,0.003109455382527212,0.022154173300222953,0.0017812294102704251,0.022154173300222957,0.0017812294102704253,116903.0,0.004344699258255159,0.0,0.0,0.0,0.0,0.0,0.0,0.0,0.0,0.0,0.0,0.0,0.0,14.423699631830477,1.1596875063202918,11.357348763993715,0.9131482076526175,5.91685e6,1.964630445691077,3.982203073662534,0.3201752164864398,2.7507411949449567,0.22116379835437416,1.1908343e7,0.7809578134964265,12.663199846906853,1.0181406315538495,9.54427480019929,0.7673742885114458,5.791884e6,1.7397814584318572,0.4717612039459721,0.03793032218831171,0.2959024833780846,0.023791012141256274,1.1684496e7,0.29571822003747994,1.0,0
2.0088e6,6.065162015807686e-5,4.870346916738456e-6,0.0033395734153188633,0.00026816894658590547,0.0,0.0,0.0,0.0,0.0,0.17744078775697336,0.0,0.0,0.0,0.04521978313649516,0.003631164852652043,255092.0,-7.39405459464908e-7,-5.9374524379377786e-8,7.394191473410282e-7,5.9375623520754146e-8,7.770525275767844,0.6239759749144045,0.0,0.0,0.0,0.0,0.0,0.0,0.0,0.0,0.0,0.0,0.022261168816460276,0.0017875798639123992,0.022261168816460276,0.0017875798639123992,125246.0,0.0006974455035742382,5.6005124827214446e-5,0.0006974455035742382,5.6005124827214446e-5,188.0,7.43189329915762e-7,5.967837053774295e-8,4.3530401400657254e-7,3.4955068915474916e-8,13859.0,16.32229069919305,1.3106858147191212,12.895581505816248,1.035519833810043,1.1951021e7,1.2368652840986565,0.09932072724735823,0.7583322403639058,0.06089435169404751,2.366202e6,0.022947127279503838,0.001842662575252798,0.022947127279503838,0.001842662575252798,125432.0,0.003120967369764718,0.022272655856991317,0.0017885022773992442,0.02227265585699132,0.0017885022773992444,125432.0,0.004363803791299431,0.0,0.0,0.0,0.0,0.0,0.0,0.0,0.0,0.0,0.0,0.0,0.0,14.434216474368723,1.1590727752738434,11.363575178629857,0.9124991746324429,5.990184e6,1.9631528633591628,3.9835513467837385,0.31988060613899155,2.7516249018452315,0.22095646945282868,1.2037447e7,0.7804833236568968,12.673506843640801,1.0176871585510314,9.550293033424152,0.766891966085295,5.856691e6,1.7380407992084597,0.4727453555170194,0.0379616221074373,0.29647908474678364,0.02380737715679386,1.1805462e7,0.29217616884548175,1.0,0
2.0304e6,3.5422272290842645e-5,2.848813597987843e-6,0.0033393915853698617,0.0002685684328576295,0.0,0.0,0.0,0.0,0.0,0.17744078775697336,0.0,0.0,0.0,0.045342630912680884,0.003646652096511124,272368.0,-7.394052156217152e-7,-5.9466191648886076e-8,7.394189600961082e-7,5.9467297039450134e-8,7.771090313513527,0.6249849691899115,0.0,0.0,0.0,0.0,0.0,0.0,0.0,0.0,0.0,0.0,0.022322592704553185,0.0017952802439361111,0.022322592704553185,0.0017952802439361111,133761.0,0.0006974455035742382,5.6091608638879424e-5,0.0006974455035742382,5.6091608638879424e-5,188.0,7.431913343573355e-7,5.977068782714e-8,4.3530519325255053e-7,3.5009141808589816e-8,13859.0,16.333233020086553,1.3135898212480182,12.901981817603085,1.0376336374242585,1.2069821e7,1.2376930472872214,0.0995406718771787,0.7588167718639475,0.061027353646821283,2.397992e6,0.0230085511675967,0.0018504480146857702,0.0230085511675967,0.0018504480146857702,133947.0,0.0031393120244056667,0.022334079745084178,0.0017962040818253532,0.02233407974508418,0.0017962040818253536,133947.0,0.004372220672492951,0.0,0.0,0.0,0.0,0.0,0.0,0.0,0.0,0.0,0.0,0.0,0.0,14.445563931490334,1.1617752418799845,11.370255764654843,0.9144455490881165,6.0635e6,1.9709686289727923,3.9847989625180587,0.3204749084548141,2.7524022590061787,0.22136019163898565,1.2166923e7,0.7800823046440795,12.68469505580761,1.0201584885522952,9.556837017184218,0.7686025059252437,5.921491e6,1.744674979951251,0.4736686467721254,0.03809449802614092,0.2970199699184565,0.02388764114933379,1.1926422e7,0.28915251950449783,1.0,0
2.052e6,1.9992803200077264e-5,1.6133061752094983e-6,0.003339224832373811,0.00026945656337280165,0.0,0.0,0.0,0.0,0.0,0.17744078775697336,0.0,0.0,0.0,0.04537578460530932,0.0036615692545024755,289642.0,-7.394049803969994e-7,-5.966580118442456e-8,7.394187849390843e-7,5.966691513291736e-8,7.771962498662876,0.6271534295171276,0.0,0.0,0.0,0.0,0.0,0.0,0.0,0.0,0.0,0.0,0.02233916955086729,0.0018026446729254512,0.02233916955086729,0.0018026446729254512,142329.0,0.0006974455035742382,5.6279908651532584e-5,0.0006974455035742382,5.6279908651532584e-5,188.0,7.431933482462545e-7,5.997150104972133e-8,4.353063677715299e-7,3.5126762575800885e-8,13859.0,16.34524978007131,1.3189692381621017,12.909015887682271,1.0416845921533828,1.2188619e7,1.238103853841471,0.09990798053498591,0.7590573104008014,0.06125163309779357,2.428756e6,0.023025128013910916,0.0018579976423560322,0.023025128013910916,0.0018579976423560322,142515.0,0.003160676822043588,0.022350656591398396,0.0018035716121464426,0.0223506565913984,0.001803571612146443,142515.0,0.004373144918982597,0.0,0.0,0.0,0.0,0.0,0.0,0.0,0.0,0.0,0.0,0.0,0.0,14.457394049774901,1.166629955015451,11.377192653713037,0.9180751183862225,6.136804e6,1.9845774691314255,3.986263410616552,0.3216689181602361,2.7532721713737485,0.2221734967156865,1.2295568e7,0.7799550545004069,12.696446307081048,1.0245314289069043,9.56371636257283,0.7717378354242611,5.987417e6,1.7565456350148685,0.4747884039271156,0.03831273965476322,0.2976766488642011,0.024020822444069733,1.2047426e7,0.2869609244387806,1.0,0
2.0736e6,1.0800037021583563e-5,8.749869956927888e-7,0.0033390756813550574,0.00027052201700613476,0.0,0.0,0.0,0.0,0.0,0.1747570294336389,0.0,0.0,0.0,0.04544029274126753,0.0036814378644836093,310592.0,-7.39404708746548e-7,-5.990437842150853e-8,7.39418572743051e-7,5.990550164142196e-8,7.780314808046979,0.6303380503078093,0.0,0.0,0.0,0.0,0.0,0.0,0.0,0.0,0.0,0.0,0.022371062761852654,0.0018124372126993107,0.022371062761852654,0.0018124372126993107,152737.0,0.0006981672175617624,5.6563439084951246e-5,0.0006981672175617624,5.6563439084951246e-5,189.0,7.431953506792455e-7,6.021148499807022e-8,4.3530755498549337e-7,3.526732815618462e-8,13865.0,16.358037797352125,1.3252797484980803,12.916504416779569,1.0464569123146823,1.2305581e7,1.2382196512760666,0.10031688692479686,0.7591251340512245,0.06150206884207274,2.497784e6,0.02305753361905756,0.001868053047328024,0.023057533619057564,0.0018680530473280243,152924.0,0.0031886005588130117,0.02238275912220996,0.0018133848171555849,0.02238275912220996,0.0018133848171555849,152924.0,0.004375758939456866,0.0,0.0,0.0,0.0,0.0,0.0,0.0,0.0,0.0,0.0,0.0,0.0,14.46963180727133,1.1722866911032839,11.384383256536042,0.9223289960529406,6.210175e6,2.0009892137097403,3.987851580418654,0.32308391782787005,2.754228685165615,0.22313944645447206,1.24251e7,0.7796124287880557,12.708617354660362,1.0296145185744046,9.570847726494376,0.7754017214665598,6.057179e6,1.771057822997976,0.4759826444780001,0.038562703374200806,0.2983780288313056,0.024173703711023006,1.2170001e7,0.28451402625907546,1.0,0
2.0952e6,5.5252461608765146e-6,4.4951820134688747e-7,0.003338954814968687,0.00027164779977244496,0.0,0.0,0.0,0.0,0.0,0.1747570294336389,0.0,0.0,0.0,0.04552029329657393,0.003703400676036596,332186.0,-7.394044968096175e-7,-6.015583193870446e-8,7.394184227529926e-7,6.015696491356853e-8,7.792623119525477,0.6339854961154466,0.0,0.0,0.0,0.0,0.0,0.0,0.0,0.0,0.0,0.0,0.022411063039505897,0.0018232998955094973,0.022411063039505897,0.0018232998955094973,163526.0,0.0006981672175617624,5.6800885017571366e-5,0.0006981672175617624,5.6800885017571366e-5,189.0,7.431973862601726e-7,6.046441056019536e-8,4.3530874525774053e-7,3.541547263258725e-8,13865.0,16.371254374290665,1.3319183627026054,12.924246817095955,1.051479701324759,1.2422221e7,1.2386126460943412,0.10076997705193841,0.7593553633338254,0.061778977292621336,2.588273e6,0.023097533896710765,0.0018791491981510352,0.023097533896710765,0.0018791491981510352,163713.0,0.003219839834669951,0.02242275939986316,0.0018242514778855606,0.022422759399863164,0.001824251477885561,163713.0,0.0043783212928474305,0.0,0.0,0.0,0.0,0.0,0.0,0.0,0.0,0.0,0.0,0.0,0.0,14.482371580819553,1.1782442690688257,11.39185637031776,0.9268088038949852,6.283574e6,2.018869941914248,3.9897126337232964,0.32459159190072,2.755334970089458,0.22416616089124766,1.2554659e7,0.7790407712567131,12.721336200203456,1.0349714747437313,9.578318750717724,0.779264577791546,6.127914e6,1.7869168472580315,0.4773832172111072,0.03883853115421827,0.29921236784681016,0.02434306119564894,1.2298247e7,0.28174537263899424,1.0,0
2.1168e6,2.6491689185437334e-6,2.1636032068062748e-7,0.003338841687654978,0.0002726865973650268,0.0,0.0,0.0,0.0,0.0,0.1747570294336389,0.0,0.0,0.0,0.045786968723751,0.0037394683165429443,353786.0,-7.394043569487487e-7,-6.038790605697779e-8,7.394183430357384e-7,6.038904831493083e-8,7.805596177933479,0.6374909807901281,0.0,0.0,0.0,0.0,0.0,0.0,0.0,0.0,0.0,0.0,0.022544400753094385,0.0018412241448059093,0.022544400753094385,0.0018412241448059093,174326.0,0.0006981672175617624,5.7020026931087764e-5,0.0006981672175617624,5.7020026931087764e-5,189.0,7.431994474191722e-7,6.069785495659125e-8,4.353099513216728e-7,3.555220658228127e-8,13865.0,16.385311190350443,1.3382050343338918,12.932480619080714,1.0562088488786985,1.2538861e7,1.239279732404193,0.10121323651319558,0.7597461314563706,0.062049239475498126,2.678807e6,0.023230871610299304,0.0018972889180874886,0.023230871610299304,0.0018972889180874886,174513.0,0.003263854620822331,0.0225560971134517,0.0018421793984554561,0.0225560971134517,0.0018421793984554561,174513.0,0.0043969313182165674,0.0,0.0,0.0,0.0,0.0,0.0,0.0,0.0,0.0,0.0,0.0,0.0,14.495903795205777,1.1838952102043814,11.399818294781221,0.9310347576158277,6.357014e6,2.036622791372259,3.9921609576503974,0.3260438467928001,2.756824028370085,0.22515262302189967,1.2684259e7,0.7782045561235992,12.734849843513455,1.0400681423806022,9.58629981854693,0.782922858698493,6.198915e6,1.8026664044017346,0.47924983456679665,0.039140821548672426,0.3003518600575644,0.024530041970596526,1.2427061e7,0.2789525430232601,1.0,0
2.1384e6,1.1880227818347965e-6,9.732168969589642e-8,0.003338715889484957,0.0002735044114872855,0.0,0.0,0.0,0.0,0.0,0.17092068368090663,0.0,0.0,0.0,0.04616449298357102,0.0037817510992312307,377976.0,-7.394043594802457e-7,-6.057129773386459e-8,7.39418399448619e-7,6.057244787464158e-8,7.818229421710057,0.6404618744565459,0.0,0.0,0.0,0.0,0.0,0.0,0.0,0.0,0.0,0.0,0.022732058745544202,0.0018621885044712732,0.022732058745544202,0.0018621885044712732,186420.0,0.0007003754924819126,5.737409028862692e-5,0.0007003754924819126,5.737409028862692e-5,190.0,7.432014858187629e-7,6.088235469077123e-8,4.353111396181437e-7,3.566027209146165e-8,13866.0,16.399214916577442,1.3434079966905899,12.940625567822028,1.0600836661038782,1.26555e7,1.2401469837785293,0.1015916544514373,0.7602541751135394,0.06227929468333911,2.767958e6,0.023419258013263302,0.0019184832110331425,0.023419258013263302,0.0019184832110331425,186608.0,0.0033131739676629333,0.022745234970307712,0.0018632678881980878,0.022745234970307716,0.0018632678881980883,186608.0,0.004423434861932194,0.0,0.0,0.0,0.0,0.0,0.0,0.0,0.0,0.0,0.0,0.0,0.0,14.50992507217124,1.1886391801373084,11.408085384040488,0.9345394404433811,6.430454e6,2.0527510305677152,3.9942305135774405,0.327203542356244,2.758116648095525,0.225942277097145,1.2813855e7,0.7767876886484747,12.748870411075778,1.044375267117097,9.594615228219999,0.7859817002416676,6.269914e6,1.8169849604796318,0.4808181546973043,0.03938816322977856,0.30134864355534186,0.02468619257711383,1.2551066e7,0.2761236733966804,1.0,0
2.16e6,4.859102608718813e-7,3.990498370091575e-8,0.0033385635367629593,0.00027417680639208543,0.0,0.0,0.0,0.0,0.0,0.17092068368090663,0.0,0.0,0.0,0.04665070805436966,0.0038311513348277338,403896.0,-7.394040709081648e-7,-6.07229560146309e-8,7.394181743711177e-7,6.072411425001833e-8,7.831047383460543,0.6431183767088372,0.0,0.0,0.0,0.0,0.0,0.0,0.0,0.0,0.0,0.0,0.022975166280943614,0.0018868167844856862,0.022975166280943614,0.0018868167844856862,199380.0,0.0007003754924819126,5.7517765856318615e-5,0.0007003754924819126,5.7517765856318615e-5,190.0,7.432035397240449e-7,6.103498429099982e-8,4.3531233749072706e-7,3.574967052806321e-8,13866.0,16.41337646020845,1.3479351494787803,12.948921590712269,1.0634196201056414,1.277214e7,1.2411775813904542,0.10193069614635558,0.7608579086600278,0.062484834934977286,2.851557e6,0.023662365548662623,0.0019432524636343487,0.023662365548662623,0.0019432524636343487,199568.0,0.003368234485847463,0.022988342505707034,0.001887898871193385,0.022988342505707034,0.001887898871193385,199568.0,0.004459542810355847,0.0,0.0,0.0,0.0,0.0,0.0,0.0,0.0,0.0,0.0,0.0,0.0,14.524524744693666,1.192814743530123,11.416710538174442,0.9375880376069003,6.503893e6,2.0675027200899216,3.996431804530725,0.328203701102062,2.7595135913119573,0.22662280209142108,1.2943455e7,0.77527375958262,12.76349109885626,1.0481912922619578,9.603318440474768,0.7886646912008553,6.342357e6,1.8300725330732586,0.48253405734378785,0.03962771574094759,0.3024610780299186,0.02483936924338319,1.2673444e7,0.2735578586156546,1.0,0
2.1816e6,1.801942975114897e-7,1.4830931713519961e-8,0.0033383850246354752,0.00027476652156902686,0.0,0.0,0.0,0.0,0.0,0.17092068368090663,0.0,0.0,0.0,0.047205462459713174,0.0038852560814278576,429816.0,-7.39403827802035e-7,-6.085679641525851e-8,7.394179990433592e-7,6.085796278242594e-8,7.844207226371728,0.6456192195183144,0.0,0.0,0.0,0.0,0.0,0.0,0.0,0.0,0.0,0.0,0.02325254348361526,0.0019138057604134913,0.02325254348361526,0.0019138057604134913,212340.0,0.0007003754924819126,5.7644560600813904e-5,0.0007003754924819126,5.7644560600813904e-5,190.0,7.432056232185183e-7,6.116970403214378e-8,4.353135512927506e-7,3.582857860849338e-8,13866.0,16.42801702749829,1.3521115933640182,12.957498950346764,1.066469831534741,1.288878e7,1.24226303544532,0.10224473528494876,0.7614938110910228,0.06267491740041835,2.935369e6,0.02393974275133438,0.001970365848906155,0.02393974275133438,0.001970365848906155,212528.0,0.003426530114049761,0.023265719708378794,0.0019148902325217029,0.023265719708378794,0.0019148902325217029,212528.0,0.004503056299498358,0.0,0.0,0.0,0.0,0.0,0.0,0.0,0.0,0.0,0.0,0.0,0.0,14.539564895806835,1.1966821208659704,11.425607136207638,0.9403871352354924,6.577332e6,2.0810690189177556,3.99898955296046,0.32913772412389797,2.7611374838621887,0.22725603440469216,1.3073055e7,0.7740003457362006,12.778569412302904,1.0517429961303577,9.612304798205743,0.7911428832127145,6.415516e6,1.8420964393045922,0.4845767964688059,0.03988320095383082,0.30377288699240595,0.025002094992023383,1.2795756e7,0.2714805243930684,1.0,0
2.2032e6,5.971676569968501e-8,4.923857120904127e-9,0.003338192061689237,0.00027524566277675814,0.0,0.0,0.0,0.0,0.0,0.17092068368090663,0.0,0.0,0.0,0.04781278837885011,0.003942332371338139,455736.0,-7.394035587354747e-7,-6.096642099156291e-8,7.394178084113377e-7,6.096759592739787e-8,7.857700956094001,0.6478950484554238,0.0,0.0,0.0,0.0,0.0,0.0,0.0,0.0,0.0,0.0,0.02355620644318385,0.0019422919757586651,0.02355620644318385,0.0019422919757586651,225300.0,0.0007003754924819126,5.774841982076719e-5,0.0007003754924819126,5.774841982076719e-5,190.0,7.432076509397819e-7,6.128008175783667e-8,4.353147302217161e-7,3.589322879634725e-8,13866.0,16.443077502822888,1.355789505731386,12.966324017962577,1.0691189668386882,1.300542e7,1.2433607704150031,0.10251946352970431,0.7621370003612287,0.06284087311769701,3.019609e6,0.02424340571090284,0.001998953969558776,0.02424340571090285,0.001998953969558777,225488.0,0.0034866989297339867,0.02356938266794726,0.001943378401779361,0.023569382667947267,0.0019433784017793617,225488.0,0.00455159150005644,0.0,0.0,0.0,0.0,0.0,0.0,0.0,0.0,0.0,0.0,0.0,0.0,14.554922222656257,1.2001044696667114,11.43470286169276,0.9428314218173687,6.650772e6,2.093296310809752,4.001821820884139,0.32996426779780913,2.762938127386143,0.22781395498818072,1.3202655e7,0.7728101512581115,12.793971614195577,1.0549079056626545,9.621505462521275,0.7933269263727595,6.488676e6,1.852940165207426,0.4868755270446373,0.04014459763090171,0.3052420488820656,0.02516827926592233,1.2918033e7,0.269767033076376,1.0,0
2.2248e6,3.240333573486919e-8,2.6746681414727357e-9,0.0033381090704477094,0.0002755374957856542,0.0,0.0,0.0,0.0,0.0,0.16447477265560662,0.0,0.0,0.0,0.04838581578362633,0.003993909794798367,483834.0,-7.394033840066991e-7,-6.103256439650112e-8,7.394177154631629e-7,6.103374735773505e-8,7.87141204798275,0.6497298674867158,0.0,0.0,0.0,0.0,0.0,0.0,0.0,0.0,0.0,0.0,0.023842102386307053,0.0019679983628896596,0.023842102386307053,0.0019679983628896596,238881.0,0.000701611011011564,5.791306901899379e-5,0.000701611011011564,5.791306901899379e-5,194.0,7.432096712229604e-7,6.134674671519597e-8,4.35315907543245e-7,3.593227558140809e-8,13869.0,16.45827857978936,1.3585154855978427,12.975234730726898,1.07101464017053,1.3120111e7,1.244457693948959,0.10272125606605687,0.7627798970032085,0.06296213162013743,3.102878e6,0.024529808201426462,0.0020247636554958175,0.024529808201426483,0.0020247636554958193,239072.0,0.003541628534743017,0.023856007582199832,0.0019691461393025467,0.023856007582199846,0.001969146139302548,239072.0,0.00459467456530774,0.0,0.0,0.0,0.0,0.0,0.0,0.0,0.0,0.0,0.0,0.0,0.0,14.570408563183397,1.2026850541270515,11.443931346139149,0.9446162838038177,6.724184e6,2.1036843951855073,4.004665664752359,0.3305570685192331,2.7648004490896927,0.22821488933165746,1.3332245e7,0.771299866878318,12.809591279877365,1.0573419348522906,9.63085589701348,0.7949596193930487,6.561481e6,1.8622733444911703,0.48920028204871985,0.04038005284089218,0.3067324754359905,0.025318614932624755,1.3039291e7,0.2679630497304436,1.0,0
2.2464e6,5.017589495268207e-9,4.1423748347711197e-10,0.0033381357071531007,0.0002755867007733911,0.0,0.0,0.0,0.0,0.0,0.1612641622772928,0.0,0.0,0.0,0.04899361736277416,0.004044769461897016,516238.0,-7.394031318211309e-7,-6.104295556452419e-8,7.394175470390067e-7,6.104414564266475e-8,7.885236874667381,0.6509820467902875,0.0,0.0,0.0,0.0,0.0,0.0,0.0,0.0,0.0,0.0,0.024145803515592246,0.0019934067731655057,0.024145803515592246,0.0019934067731655057,254239.0,0.0007020103315890738,5.795591556595577e-5,0.0007020103315890738,5.795591556595577e-5,198.0,7.432117520392105e-7,6.135738408765171e-8,4.3531713526708653e-7,3.593850688613666e-8,13869.0,16.473485764040266,1.36000270516895,12.98415263554366,1.07193358840983,1.3231295e7,1.2455546296117386,0.10282933982347499,0.7634230080024054,0.06302596614602875,3.186937e6,0.024833626132612283,0.00205019139259715,0.024833626132612297,0.0020501913925971512,254431.0,0.0035954422015758215,0.024159991230161847,0.0019945780692998635,0.024159991230161864,0.0019945780692998648,254433.0,0.004637949121267357,0.0,0.0,0.0,0.0,0.0,0.0,0.0,0.0,0.0,0.0,0.0,0.0,14.585961619149414,1.2041742436100238,11.453276895181657,0.9455489738849185,6.797499e6,2.1117730320980095,4.007474970593519,0.3308453887034131,2.7667168110974982,0.22841203139548308,1.3461723e7,0.7693076061700469,12.825299446656645,1.0588191346927758,9.640235966048577,0.7958696283279846,6.631994e6,1.8696905260061714,0.4915392969178746,0.040580043779465357,0.30827842777497794,0.02545056351306026,1.3160547e7,0.2659686525256358,1.0,0
2.268e6,1.4447752540508523e-9,1.1919281888403743e-10,0.003338135688980143,0.0002753935613662907,0.0,0.0,0.0,0.0,0.0,0.1612641622772928,0.0,0.0,0.0,0.05002158085010289,0.004126740965311199,555118.0,-7.394029245807575e-7,-6.100015806941542e-8,7.394174197416423e-7,6.100135390875527e-8,7.899074954192361,0.6516674532780636,0.0,0.0,0.0,0.0,0.0,0.0,0.0,0.0,0.0,0.0,0.024659785259256627,0.00203441283333496,0.024659785259256627,0.00203441283333496,273598.0,0.0007020103315890738,5.791529864123379e-5,0.0007020103315890738,5.791529864123379e-5,198.0,7.432138175293111e-7,6.131455373180639e-8,4.3531835011057e-7,3.5913420524159175e-8,13869.0,16.48867711514447,1.3603028564563253,12.993061953697595,1.0719173628244087,1.3339295e7,1.2466680820608838,0.1028491334530866,0.7640758439753053,0.06303565445855226,3.271177e6,0.02534760787627665,0.002091157656714892,0.02534760787627666,0.0020911576567148927,273790.0,0.003675942966943212,0.024673972973826216,0.002035583308596306,0.02467397297382623,0.002035583308596307,273792.0,0.004718564307495704,0.0,0.0,0.0,0.0,0.0,0.0,0.0,0.0,0.0,0.0,0.0,0.0,14.601674934794369,1.2046266649617436,11.46281279970845,0.9456730146135142,6.870858e6,2.117553835617909,4.010550440046256,0.3308672479580721,2.768887794060221,0.22843105903309277,1.3591242e7,0.7669636414001018,12.840852322892559,1.0593601883392536,9.649412007635506,0.796068879598261,6.696888e6,1.875060074411559,0.49408705362569544,0.040761792209989205,0.30999196461959466,0.025574092573092882,1.3283425e7,0.26389312667076464,1.0,0
2.2896e6,4.4924850411074003e-10,3.698837549886339e-11,0.0033381384208758078,0.0002748419109885366,0.0,0.0,0.0,0.0,0.0,0.1570727592014105,0.0,0.0,0.0,0.050577769045955234,0.004164264313065873,590562.0,-7.394028559495305e-7,-6.087791106823944e-8,7.394174168674016e-7,6.087910992520367e-8,7.912706378199299,0.6514838715121056,0.0,0.0,0.0,0.0,0.0,0.0,0.0,0.0,0.0,0.0,0.024937872785203662,0.002053231995836817,0.024937872785203662,0.002053231995836817,290313.0,0.0007020234755471541,5.780032139217645e-5,0.0007020234755471541,5.780032139217645e-5,199.0,7.432158413151653e-7,6.119184897384236e-8,4.353195360832335e-7,3.584154942153921e-8,13872.0,16.503365121211424,1.3587861963091616,13.001674911347614,1.0704784308342006,1.3445293e7,1.2479257111284923,0.10274657428025322,0.7648130704354823,0.06297003279221375,3.355417e6,0.02562569540242703,0.0021098631053667835,0.02562569540242704,0.0021098631053667843,290506.0,0.00371765383062316,0.024952073643528177,0.002054401207699087,0.02495207364352819,0.002054401207699088,290508.0,0.004747322982919791,0.0,0.0,0.0,0.0,0.0,0.0,0.0,0.0,0.0,0.0,0.0,0.0,14.616810032928791,1.2034587831599164,11.471892550744446,0.9445255030720202,6.943292e6,2.1205371779008253,4.012993777067025,0.3304053755161043,2.7705498893215696,0.22811014106192704,1.3719836e7,0.7635027797830197,12.855896413562212,1.0584759204943608,9.658256288741498,0.7952017803139275,6.761084e6,1.877948514495766,0.49601128331092426,0.04083853686968564,0.31123904807802993,0.02562552056351688,1.3404648e7,0.26082507357775125,1.0,0
2.3112e6,1.546631647883479e-10,1.2697984963354e-11,0.0033381384045331366,0.00027406416598523985,0.0,0.0,0.0,0.0,0.0,0.1570727592014105,0.0,0.0,0.0,0.051241786344094514,0.0042069967557118735,625774.0,-7.394026015695699e-7,-6.070561875184502e-8,7.394172325222581e-7,6.070681996622264e-8,7.926272000383211,0.6507540616671934,0.0,0.0,0.0,0.0,0.0,0.0,0.0,0.0,0.0,0.0,0.025269881434273316,0.0020746799984162445,0.025269881434273316,0.0020746799984162445,307781.0,0.0007020234755471541,5.763675887932475e-5,0.0007020234755471541,5.763675887932475e-5,199.0,7.432179208525692e-7,6.101885989722192e-8,4.3532074822038063e-7,3.57402250413206e-8,13872.0,16.517932978776145,1.3561371570096727,13.010212211633556,1.0681501264987283,1.3551133e7,1.2492214179004053,0.1025622022031336,0.7655722898241105,0.06285417369966705,3.439657e6,0.025957704051496687,0.0021311508540521637,0.025957704051496684,0.0021311508540521633,307974.0,0.0037630027767514905,0.025284082292597827,0.0020758459016597098,0.025284082292597834,0.0020758459016597106,307976.0,0.004783816603365491,0.0,0.0,0.0,0.0,0.0,0.0,0.0,0.0,0.0,0.0,0.0,0.0,14.631890208386912,1.2012913488858157,11.48097942481922,0.9425987390108957,7.016594e6,2.121136883834232,4.015508076969433,0.32967682545072186,2.772302820652281,0.22760855552568302,1.3849298e7,0.7597449647274077,12.870863464687686,1.0567094690170176,9.667054512589312,0.7936738719187937,6.824969e6,1.8787148366584834,0.4979898579731096,0.0408854153288459,0.31253550446895356,0.025659446072320485,1.3525431e7,0.257669147870065,1.0,0
2.3328e6,5.885185005405858e-11,4.815835839515166e-12,0.003338138388563422,0.00027315923754543875,0.0,0.0,0.0,0.0,0.0,0.1570727592014105,0.0,0.0,0.0,0.052037015085993794,0.004258179173676429,668974.0,-7.394024915425762e-7,-6.050516704787911e-8,7.394171852646434e-7,6.050636943239689e-8,7.939864725851443,0.6497176396754702,0.0,0.0,0.0,0.0,0.0,0.0,0.0,0.0,0.0,0.0,0.025667495805222987,0.0021003663622444365,0.025667495805222987,0.0021003663622444365,329381.0,0.0007020234755471541,5.744644918750235e-5,0.0007020234755471541,5.744644918750235e-5,199.0,7.43219946720055e-7,6.081754868826183e-8,4.353219336163274e-7,3.5622312088929407e-8,13872.0,16.532485702417567,1.352850200781138,13.018738008784851,1.0653208867754311,1.3656973e7,1.2504427672177052,0.1023234968501089,0.7662877921126588,0.06270518614536903,3.523897e6,0.026355318422446317,0.002156650757861746,0.026355318422446327,0.002156650757861747,329574.0,0.003815398750117651,0.025681696663547464,0.0021015284158146822,0.025681696663547467,0.0021015284158146822,329576.0,0.0048308327603081855,0.0,0.0,0.0,0.0,0.0,0.0,0.0,0.0,0.0,0.0,0.0,0.0,14.64697646308733,1.198559333762297,11.4900506667781,0.9402286886153566,7.090034e6,2.1204090496842825,4.018150001192148,0.3288044601234176,2.7741165739972766,0.2270054383639175,1.3978898e7,0.7558305401661155,12.885679552163612,1.0544327382540417,9.675773706853843,0.7917667456452679,6.887984e6,1.8782783775534106,0.5000630394878843,0.04092006462618525,0.3139013465218614,0.025686488245713165,1.364637e7,0.25453258060631306,1.0,0
2.3544e6,2.5031737636786032e-11,2.0412666096512497e-12,0.00333813837295349,0.00027221563672398747,0.0,0.0,0.0,0.0,0.0,0.1570727592014105,0.0,0.0,0.0,0.05285478809332747,0.004310156796168567,712174.0,-7.39402544956797e-7,-6.029616273595846e-8,7.394172967014804e-7,6.029736569854513e-8,7.953516536739307,0.648586525287644,0.0,0.0,0.0,0.0,0.0,0.0,0.0,0.0,0.0,0.0,0.026076382308889895,0.0021264543948165105,0.026076382308889895,0.0021264543948165105,350981.0,0.0007020234755471541,5.724800653550313e-5,0.0007020234755471541,5.724800653550313e-5,199.0,7.432219948642291e-7,6.060762795169399e-8,4.353231356337268e-7,3.5499356619651055e-8,13872.0,16.547052438450798,1.3493647992347175,13.027270523745171,1.062336651209376,1.3762813e7,1.2515827732443066,0.10206299543839187,0.7669555670285879,0.06254303288002218,3.608137e6,0.026764204926113155,0.002182544361972344,0.026764204926113165,0.0021825443619723447,351174.0,0.0038686722858405345,0.0260905831672143,0.0021276124341962216,0.026090583167214305,0.002127612434196222,351176.0,0.004878572648057363,0.0,0.0,0.0,0.0,0.0,0.0,0.0,0.0,0.0,0.0,0.0,0.0,14.662008289454608,1.1956448404009516,11.499094976420528,0.9377183061427072,7.163474e6,2.119342057078427,4.020800944323571,0.32788481689902094,2.7759429644586455,0.22637020912677183,1.4108498e7,0.7518333102998469,12.900419445946843,1.0519923086285605,9.68445379542875,0.789739507986359,6.950862e6,1.877536325028739,0.5021487869624737,0.040948797353845406,0.3152843526637716,0.025710537197876242,1.3767321e7,0.25143123356464225,1.0,0
2.376e6,1.2531102636214175e-11,1.0184291860842613e-12,0.0033381383573992006,0.00027129755689159413,0.0,0.0,0.0,0.0,0.0,0.1570727592014105,0.0,0.0,0.0,0.05367557799561629,0.00436232762571904,755374.0,-7.394022314276039e-7,-6.009278150555488e-8,7.39417052900101e-7,6.009398607793849e-8,7.967225879103424,0.6475132797935597,0.0,0.0,0.0,0.0,0.0,0.0,0.0,0.0,0.0,0.0,0.026486777260034285,0.002152636347337535,0.026486777260034285,0.002152636347337535,372581.0,0.0007020234755471541,5.7054931043923876e-5,0.0007020234755471541,5.7054931043923876e-5,199.0,7.432240799932736e-7,6.040339121302179e-8,4.353243534414757e-7,3.5379729927102475e-8,13872.0,16.561639579875923,1.3459994389328247,13.035813947440543,1.059448140666464,1.3868653e7,1.2526624655003138,0.1018065251090474,0.7675879652742149,0.062383495644120414,3.692377e6,0.027174599877257573,0.0022085371446228957,0.027174599877257576,0.0022085371446228957,372774.0,0.0039225558659000586,0.026500978118358717,0.002153790481096144,0.026500978118358717,0.002153790481096144,372776.0,0.004925921353505896,0.0,0.0,0.0,0.0,0.0,0.0,0.0,0.0,0.0,0.0,0.0,0.0,14.677002197373927,1.19283097712655,11.508118420215471,0.9352890975603865,7.236914e6,2.118572539179082,4.023456011741268,0.3269947705512874,2.7777744265004105,0.22575559632964268,1.4238098e7,0.7478677879213104,12.915115807069133,1.0496387477958717,9.693110602127819,0.7877795775625498,7.013478e6,1.877059839732929,0.504219001793206,0.04097894355445265,0.31669356954958183,0.025738355485367,1.3887842e7,0.24843915510061973,1.0,0
2.3976e6,7.652421203670534e-12,6.199804402976597e-13,0.0033381383421315814,0.00027044779998996267,0.0,0.0,0.0,0.0,0.0,0.1570727592014105,0.0,0.0,0.0,0.05448645466978626,0.004414359227930306,798574.0,-7.3940197980727e-7,-5.990453907293954e-8,7.394168688115332e-7,5.990574534363127e-8,7.98098994537353,0.6466002757363262,0.0,0.0,0.0,0.0,0.0,0.0,0.0,0.0,0.0,0.0,0.026892215597119334,0.002178741501903279,0.026892215597119334,0.002178741501903279,394181.0,0.0007020234755471541,5.6876224123712884e-5,0.0007020234755471541,5.6876224123712884e-5,199.0,7.432261314466523e-7,6.021436248098876e-8,4.353255532505554e-7,3.5269011074252625e-8,13872.0,16.576255042974324,1.342967621162844,13.044373241991488,1.05682320023077,1.3974493e7,1.2537097880823267,0.10157249917816094,0.7682013739473287,0.062237795513488736,3.776617e6,0.027580038214342566,0.0022344672072353647,0.02758003821434256,0.0022344672072353642,394374.0,0.003976920431392769,0.02690641645544371,0.0021798920206949433,0.0269064164554437,0.0021798920206949424,394376.0,0.0049722478039454536,0.0,0.0,0.0,0.0,0.0,0.0,0.0,0.0,0.0,0.0,0.0,0.0,14.691982378696538,1.190308460754966,11.517132203821616,0.9330898685068124,7.310354e6,2.118519359741706,4.026118325550557,0.32618625474614926,2.7796090321090174,0.22519712202403427,1.4367698e7,0.7440179942131642,12.92980340039301,1.047541032019095,9.701757406619935,0.786012644695018,7.076381e6,1.8772231350071087,0.5062938406532461,0.04101868805883715,0.31811004696971407,0.025772497584005665,1.400799e7,0.24560379191785656,1.0,0
2.4192e6,5.727171545267693e-12,4.627056284652797e-13,0.0034664742858435435,0.00028006096033831966,0.0,0.0,0.0,0.0,0.0,0.1570727592014105,0.0,0.0,0.0,0.055236669503447036,0.004462642278986737,840022.0,-7.394017146294776e-7,-5.973722497253163e-8,7.394166734185765e-7,5.973843351253368e-8,7.994816632900554,0.6459116206581195,0.0,0.0,0.0,0.0,0.0,0.0,0.0,0.0,0.0,0.0,0.02726732301394974,0.002202962445251093,0.02726732301394974,0.002202962445251093,414903.0,0.0007020234755471541,5.671738848451815e-5,0.0007020234755471541,5.671738848451815e-5,199.0,7.432282077785905e-7,6.004637232448085e-8,4.3532677261783246e-7,3.517061542854155e-8,13872.0,16.590916844809453,1.3404017227030585,13.052959036857224,1.054565515759887,1.4080333e7,1.2547565533194984,0.10137341181169207,0.7688144304545147,0.062113516489753565,3.860857e6,0.02795514563117295,0.002258532527945381,0.02795514563117295,0.002258532527945381,415096.0,0.004028494331856779,0.0272815238722741,0.002204109751041357,0.027281523872274088,0.002204109751041356,415098.0,0.005013434381641462,0.0,0.0,0.0,0.0,0.0,0.0,0.0,0.0,0.0,0.0,0.0,0.0,14.706985171615266,1.1881964356881716,11.526141640480406,0.9312119550435147,7.383791e6,2.1193596049983405,4.028792858445766,0.32549140824390077,2.7814333207961663,0.2247156109365509,1.4497295e7,0.7403577867426487,12.944477693420314,1.04580116711152,9.710385806401018,0.7845146826278808,7.138294e6,1.8781800800034139,0.5083267406829992,0.04106837767200854,0.3194598152513669,0.025809573437244895,1.4127807e7,0.24295664141936557,1.0,0
2.4408e6,4.94657977305993e-12,3.9868326871982395e-13,0.004847825945082042,0.00039072393100707855,0.0,0.0,0.0,0.0,0.0,0.1570727592014105,0.0,0.0,0.0,0.05589599874346171,0.004505092510338152,878756.0,-7.394014983077643e-7,-5.9594107396618627e-8,7.394165276021513e-7,5.9595318724139386e-8,8.008726122232769,0.6454854172337466,0.0,0.0,0.0,0.0,0.0,0.0,0.0,0.0,0.0,0.0,0.02759698763395714,0.00222425549399773,0.02759698763395714,0.00222425549399773,434270.0,0.0007020234755471541,5.658152234267018e-5,0.0007020234755471541,5.658152234267018e-5,199.0,7.432303070180822e-7,5.990270081711615e-8,4.353280025048326e-7,3.508646357006717e-8,13872.0,16.605653424982624,1.3383785343474341,13.061588144948164,1.0527347976193135,1.4186173e7,1.2558350446733073,0.10121749644270708,0.7694460490322225,0.06201563100274372,3.945097e6,0.028284810251180303,0.0022796924589138586,0.02828481025118029,0.0022796924589138573,434463.0,0.004075292552074767,0.02761118849228144,0.002225400051424296,0.027611188492281426,0.002225400051424295,434465.0,0.005046291213552633,0.0,0.0,0.0,0.0,0.0,0.0,0.0,0.0,0.0,0.0,0.0,0.0,14.72206373149839,1.1865654169253474,11.535171864196755,0.9297090585922286,7.457231e6,2.1211638382351117,4.031490397659983,0.3249291112831694,2.783247237876324,0.22432350378644356,1.4626895e7,0.7368054648180197,12.959125407869967,1.0444765301265313,9.718983263000858,0.7833283184937928,7.197435e6,1.8799878246093027,0.5102390824094023,0.04112412910259146,0.3206346376314109,0.025842434825752568,1.4246855e7,0.2403813957941955,1.0,0
2.4624e6,4.610808763899158e-12,3.708880485067838e-13,0.007573479394252833,0.0006092017988109744,0.0,0.0,0.0,0.0,0.0,0.1570727592014105,0.0,0.0,0.0,0.05640184498785887,0.0045368982516722335,909488.0,-7.39401311504776e-7,-5.947657418249859e-8,7.394164110574824e-7,5.9477788772806573e-8,8.022741376558383,0.6453399056850244,0.0,0.0,0.0,0.0,0.0,0.0,0.0,0.0,0.0,0.0,0.027849910756155533,0.0022402141533850264,0.027849910756155533,0.0022402141533850264,449635.0,0.0007020234755471541,5.646994490212789e-5,0.0007020234755471541,5.646994490212789e-5,199.0,7.432323713028513e-7,5.978474013883709e-8,4.3532921474605347e-7,3.5017371394647934e-8,13872.0,16.620495207071006,1.3369331386786913,13.070278618941817,1.0513578807202277,1.4292013e7,1.2569748523307631,0.10110958269473254,0.7701135686244083,0.06194703211984021,4.029337e6,0.02853773337337886,0.002295541797901139,0.02853773337337886,0.002295541797901139,449828.0,0.004112871746103474,0.027864111614480006,0.002241356453771094,0.027864111614480006,0.002241356453771094,449830.0,0.005065519133575275,0.0,0.0,0.0,0.0,0.0,0.0,0.0,0.0,0.0,0.0,0.0,0.0,14.737185012365263,1.1854418757323062,11.544256901937155,0.9286064838220828,7.53067e6,2.1239301335332432,4.03413652754506,0.32450121024881523,2.785060259917389,0.2240269804425894,1.4756494e7,0.7333804877925866,12.973891616910052,1.0436046233383818,9.727648393796665,0.7824806263021803,7.256467e6,1.8826676175777335,0.512175801173987,0.04119882066615528,0.3217872190545506,0.025884186445555527,1.4366185e7,0.23797121892417286,1.0,0
2.484e6,4.478176382436256e-12,3.5966053266405163e-13,0.012124374768009061,0.0009737577788100439,0.0,0.0,0.0,0.0,0.0,0.1570727592014105,0.0,0.0,0.0,0.056806807684252225,0.00456238543680304,937390.0,-7.394012013503062e-7,-5.938431343908242e-8,7.394163728379409e-7,5.93855319228709e-8,8.03688717025285,0.6454750491630882,0.0,0.0,0.0,0.0,0.0,0.0,0.0,0.0,0.0,0.0,0.028052392104352175,0.002253001540163376,0.028052392104352175,0.002253001540163376,463586.0,0.0007020234755471541,5.638235647623072e-5,0.0007020234755471541,5.638235647623072e-5,199.0,7.432345058783687e-7,5.969218169407875e-8,4.353304588611659e-7,3.4963157175536203e-8,13872.0,16.635472401887696,1.3360623508817824,13.079048383624043,1.0504314941328878,1.4397853e7,1.2582011002935176,0.10105124034526655,0.7708317125293326,0.061908625441818264,4.113577e6,0.02874021472157555,0.0023082433680331298,0.028740214721575546,0.0023082433680331298,463779.0,0.004144928303395011,0.028066592962676686,0.0022541420687699114,0.028066592962676683,0.002254142068769911,463781.0,0.005075867986555703,0.0,0.0,0.0,0.0,0.0,0.0,0.0,0.0,0.0,0.0,0.0,0.0,14.752439043441488,1.184828294228905,11.553378126858199,0.9278987195485195,7.604093e6,2.1276042203458565,4.036779942581784,0.3242101919189403,2.7868293250005163,0.2238215813482984,1.4886094e7,0.7300551978848707,12.988831309383253,1.043185794498524,9.736414212134825,0.7819709682514051,7.316805e6,1.8861711721661039,0.5141340532649921,0.04129219389018719,0.32294298118697445,0.025936862399920747,1.4483128e7,0.2356870415206181,1.0,0
2.5056e6,4.400151441822988e-12,3.5298476290474895e-13,0.018522407639790583,0.001485886964483167,0.0,0.0,0.0,0.0,0.0,0.1570727592014105,0.0,0.0,0.0,0.057184896515797085,0.004587432365736577,964300.0,-7.394010898318391e-7,-5.9315530803111e-8,7.394163329207762e-7,5.9316753619690275e-8,8.05117920905013,0.6458740390609792,0.0,0.0,0.0,0.0,0.0,0.0,0.0,0.0,0.0,0.0,0.028241436520124574,0.002265557653173775,0.028241436520124574,0.002265557653173775,477040.0,0.0007020234755471541,5.631705938896383e-5,0.0007020234755471541,5.631705938896383e-5,199.0,7.432365746329133e-7,5.962321741595428e-8,4.353316742599026e-7,3.492276342195517e-8,13872.0,16.650605461763018,1.3357290308867005,13.087909474289145,1.049925822731858,1.4503693e7,1.2595331826136555,0.1010410727252943,0.771611840833421,0.06189951102642958,4.197817e6,0.028929259137347976,0.0023207355048162036,0.028929259137347976,0.0023207355048162036,477233.0,0.004176578632597763,0.028255637378449112,0.0022666968609203735,0.028255637378449112,0.0022666968609203735,477235.0,0.005084204236261084,0.0,0.0,0.0,0.0,0.0,0.0,0.0,0.0,0.0,0.0,0.0,0.0,14.767875827150094,1.1846944852638222,11.562612647946125,0.9275649118121659,7.677527e6,2.132069623203852,4.039437187857598,0.32404788718676575,2.7886119634015336,0.22370537599651905,1.5015688e7,0.72683986517608,13.003991488157707,1.043193833883361,9.745309048580806,0.7817789113462029,7.375689e6,1.8903969009541188,0.5161318853688243,0.04140464108867475,0.3241121042611135,0.02600061288567141,1.4597131e7,0.2335376009579866,1.0,0
2.5272e6,4.330481642018433e-12,3.471150312697236e-13,0.026917986593927766,0.0021576440060635327,0.0,0.0,0.0,0.0,0.0,0.1570727592014105,0.0,0.0,0.0,0.05754113139511426,0.004612279481734688,985898.0,-7.394009952716407e-7,-5.926758749055743e-8,7.394163096057648e-7,5.926881502966458e-8,8.065627758169128,0.6465102182448902,0.0,0.0,0.0,0.0,0.0,0.0,0.0,0.0,0.0,0.0,0.028419553959783066,0.0022780039674348317,0.028419553959783066,0.0022780039674348317,487839.0,0.0007020234755471541,5.627154686494643e-5,0.0007020234755471541,5.627154686494643e-5,199.0,7.432386034896649e-7,5.9575195652124315e-8,4.3533287178923047e-7,3.4894636646796826e-8,13872.0,16.665908548289288,1.3358762015629775,13.096870185282565,1.0497955838881992,1.4609533e7,1.260984917814439,0.10107578217876802,0.77246204601979,0.06191763628718616,4.282057e6,0.02910737657700656,0.0023331372272018154,0.029107376577006565,0.002333137227201816,488032.0,0.004207889905190694,0.028433754818107698,0.0022791422545328727,0.028433754818107698,0.0022791422545328727,488034.0,0.005090889564907715,0.0,0.0,0.0,0.0,0.0,0.0,0.0,0.0,0.0,0.0,0.0,0.0,14.783451049428624,1.1849855275924992,11.571937973457821,0.9275627848259137,7.750966e6,2.1371604641248276,4.042074781546138,0.3239974280405867,2.7903708163703103,0.22366557192632514,1.5145287e7,0.7237087207647007,13.01940035929923,1.0435858956152495,9.754345392316544,0.7818714373515936,7.434969e6,1.8952149798852491,0.5181622605870878,0.04153392720599185,0.32530063354549893,0.02607486855262972,1.470579e7,0.23149613544147815,1.0,0
2.5488e6,4.274924392622798e-12,3.424890857037264e-13,0.037152746417654425,0.002976522853579182,0.0,0.0,0.0,0.0,0.0,0.1570727592014105,0.0,0.0,0.0,0.05789426309025206,0.004638246530743024,1.00679e6,-7.394009440476396e-7,-5.9237715111957734e-8,7.394163296440639e-7,5.9238947741676625e-8,8.080245389288901,0.6473555088868891,0.0,0.0,0.0,0.0,0.0,0.0,0.0,0.0,0.0,0.0,0.028596119807351994,0.002291001671139585,0.028596119807351994,0.002291001671139585,498271.0,0.0007020234755471541,5.624318846378068e-5,0.0007020234755471541,5.624318846378068e-5,199.0,7.432406369536749e-7,5.9545335268945884e-8,4.353340694100118e-7,3.487714722281715e-8,13872.0,16.681396500443665,1.3364438083530805,13.105939182669342,1.0499931029674063,1.4715373e7,1.2625657308331946,0.10115149253636695,0.7733878459207284,0.06196060372456191,4.366297e6,0.029283942424575462,0.0023461071461523676,0.029283942424575462,0.0023461071461523676,498464.0,0.004239922240261294,0.028610320665676592,0.002292139384590656,0.0286103206656766,0.002292139384590657,498466.0,0.005097730122196532,0.0,0.0,0.0,0.0,0.0,0.0,0.0,0.0,0.0,0.0,0.0,0.0,14.799305704674431,1.1856585554099461,11.58139050209158,0.9278526308170789,7.824349e6,2.14274104517485,4.044787926082686,0.32405151329930515,2.7921290986467486,0.223693720481356,1.527483e7,0.7206922805805935,13.035080800989158,1.0443162254071923,9.763540360265695,0.7822140707305563,7.495449e6,1.900501879436295,0.5202278933644806,0.04167848579110481,0.32651102109203345,0.026158699152429146,1.4815954e7,0.229566469741881,1.0,0
2.5704e6,4.215740466291452e-12,3.376665365059758e-13,0.04928036068196624,0.003947190023270848,0.0,0.0,0.0,0.0,0.0,0.1570727592014105,0.0,0.0,0.0,0.05817661206723834,0.004659749635792224,1.02407e6,-7.394009491389863e-7,-5.9223512353602247e-8,7.394164055965189e-7,5.922475036351378e-8,8.095045498212126,0.6483857339169056,0.0,0.0,0.0,0.0,0.0,0.0,0.0,0.0,0.0,0.0,0.02873729429584512,0.0023017599662550257,0.02873729429584512,0.0023017599662550257,506911.0,0.0007020234755471541,5.6229703282096425e-5,0.0007020234755471541,5.6229703282096425e-5,199.0,7.432426767030207e-7,5.953122172307589e-8,4.353352626324059e-7,3.48688804558495e-8,13872.0,16.697087426920245,1.337380165184925,13.115126878533198,1.050477254072161,1.4821213e7,1.2642486934153687,0.1012620394925089,0.774373454019167,0.06202469157472667,4.450537e6,0.029425116913068605,0.0023568522288706702,0.029425116913068608,0.0023568522288706707,507104.0,0.004267467952156846,0.028751495154169728,0.0023028974069215524,0.02875149515416973,0.002302897406921553,507106.0,0.005098699691495847,0.0,0.0,0.0,0.0,0.0,0.0,0.0,0.0,0.0,0.0,0.0,0.0,14.815391158842598,1.1866626656902415,11.590919590646182,0.9283934114036558,7.897789e6,2.1486476045554417,4.047525514070272,0.3241930884227235,2.7938432933212,0.2237773876118394,1.540443e7,0.7177754401728473,13.051022270520258,1.0453426920337998,9.772890400451896,0.782775429265467,7.555929e6,1.906148310673695,0.522330891566363,0.04183693575910439,0.3277471852482889,0.026251439759461023,1.4924478e7,0.22772994428147156,1.0,0
2.592e6,4.185099507149274e-12,3.35151938663544e-13,0.061012051597869515,0.004885978777788901,0.0,0.0,0.0,0.0,0.0,0.1612641622772928,0.0,0.0,0.0,0.058694001106463535,0.004700344215268335,1.042082e6,-7.394009209931265e-7,-5.9212845882667156e-8,7.394164486263881e-7,5.921408936956193e-8,8.10997148902815,0.6494642869089862,0.0,0.0,0.0,0.0,0.0,0.0,0.0,0.0,0.0,0.0,0.02899598881545773,0.002322062318558026,0.02899598881545773,0.002322062318558026,515917.0,0.0007020234755471541,5.621957815220847e-5,0.0007020234755471541,5.621957815220847e-5,199.0,7.432447204779226e-7,5.952066576770518e-8,4.3533645960970226e-7,3.4862697567852885e-8,13875.0,16.71314848055927,1.3384255511397833,13.124530270858855,1.0510411417488479,1.4927699e7,1.2658679176587335,0.10137347653754976,0.7753216487167491,0.062089456466050366,4.535339e6,0.029683811432681225,0.0023771446608596342,0.029683811432681204,0.0023771446608596325,516110.0,0.004312599459673442,0.029010189673782348,0.0023231995544087036,0.02901018967378233,0.002323199554408702,516112.0,0.005120825786911654,0.0,0.0,0.0,0.0,0.0,0.0,0.0,0.0,0.0,0.0,0.0,0.0,14.83187671503377,1.1877691860302382,11.60080668541099,0.9290180183373634,7.971227e6,2.1548426708025383,4.050580288566923,0.3243793448892828,2.7958680832906952,0.2238992422430306,1.553403e7,0.7150010471112223,13.06721973659256,1.0464515885895072,9.782402722584816,0.7833962446200186,7.616407e6,1.9121173259366875,0.5246289507144352,0.04201343590770022,0.3291108369277173,0.02635591694846927,1.5034686e7,0.22601910423315622,1.0,0
2.6136e6,4.148193163614251e-12,3.3211335286468923e-13,0.07198289648608974,0.005763107010204367,0.0,0.0,0.0,0.0,0.0,0.1612641622772928,0.0,0.0,0.0,0.05948415467204335,0.004762430598396113,1.05944e6,-7.394007656732842e-7,-5.9198030977061896e-8,7.394163654554981e-7,5.919927992950232e-8,8.125033391113885,0.6505078175552677,0.0,0.0,0.0,0.0,0.0,0.0,0.0,0.0,0.0,0.0,0.029391065598247782,0.0023531125372173735,0.029391065598247782,0.0023531125372173735,524596.0,0.0007020234755471541,5.620552396131588e-5,0.0007020234755471541,5.620552396131588e-5,199.0,7.432467975246596e-7,5.950595263909746e-8,4.353376713707969e-7,3.485407934602789e-8,13875.0,16.729759520113127,1.3394208774028549,13.134251584091771,1.0515567040664238,1.5035699e7,1.2674121385534867,0.10147176811546067,0.7762256224554833,0.062146308979632615,4.621739e6,0.030078888215471115,0.002408181109622805,0.03007888821547111,0.0024081811096228044,524789.0,0.004378677549384535,0.02940526645657224,0.002354249488773309,0.029405266456572234,0.0023542494887733084,524791.0,0.005165274382877714,0.0,0.0,0.0,0.0,0.0,0.0,0.0,0.0,0.0,0.0,0.0,0.0,14.848863282791386,1.1888322401024558,11.611173375149804,0.9296157551531053,8.044667e6,2.1615953297368455,4.054053856430509,0.3245763554993325,2.798328841244066,0.22404028386030836,1.566363e7,0.7121275558700759,13.083739139004186,1.047512568020258,9.792095578018692,0.7839764364188376,7.676887e6,1.9186971327658457,0.527182449360959,0.042207371721363934,0.3306514704104433,0.026472674761358752,1.5144158e7,0.2240450911066814,1.0,0
2.6352e6,4.075903312987095e-12,3.263894882052767e-13,0.08715765766423703,0.0069793959997919855,0.0,0.0,0.0,0.0,0.0,0.1612641622772928,0.0,0.0,0.0,0.0601979167284037,0.0048205184773159404,1.07672e6,-7.394005888925026e-7,-5.9209593863118266e-8,7.394162629233008e-7,5.9210849005475064e-8,8.14021953483092,0.6518511073082639,0.0,0.0,0.0,0.0,0.0,0.0,0.0,0.0,0.0,0.0,0.02974794662642798,0.0023821509807704453,0.02974794662642798,0.0023821509807704453,533236.0,0.0007020234755471541,5.62165157750028e-5,0.0007020234755471541,5.62165157750028e-5,199.0,7.432488659951002e-7,5.9517755538589515e-8,4.353388800867991e-7,3.486099236325005e-8,13875.0,16.746558684911925,1.3410280614243169,13.144083183515502,1.0525496445231284,1.5143699e7,1.2690168751133415,0.10162011622610206,0.7771650460167775,0.062233689600097106,4.706956e6,0.030435769243651305,0.0024372303226420284,0.030435769243651288,0.002437230322642027,533429.0,0.00444054090540635,0.029762147484752435,0.002383288154673915,0.029762147484752418,0.0023832881546739133,533431.0,0.005202317051232249,0.0,0.0,0.0,0.0,0.0,0.0,0.0,0.0,0.0,0.0,0.0,0.0,14.866250463930326,1.1904570613814849,11.62170802910215,0.9306411473509395,8.118106e6,2.1689674660964537,4.057335225959158,0.32490259610882066,2.800610191116382,0.22426678376505743,1.579323e7,0.7092077021453599,13.10067035983985,1.0490732398557523,9.802006561596617,0.7849234045445603,7.739193e6,1.9260377986426584,0.5295521898858453,0.04240538966763557,0.3320716122177766,0.026591573753458258,1.5252158e7,0.2218374237855086,1.0,0
2.6568e6,3.897481326701044e-12,3.123646033255442e-13,0.10749732238714986,0.008615399446811984,0.0,0.0,0.0,0.0,0.0,0.1612641622772928,0.0,0.0,0.0,0.060898770810168215,0.004880747024189798,1.094e6,-7.394004955712047e-7,-5.9259435296205626e-8,7.394162451803612e-7,5.9260697552520495e-8,8.155684998184134,0.653639388046076,0.0,0.0,0.0,0.0,0.0,0.0,0.0,0.0,0.0,0.0,0.030098373667310142,0.0024122415896963944,0.030098373667310142,0.0024122415896963944,541876.0,0.0007020234755471541,5.626384479694702e-5,0.0007020234755471541,5.626384479694702e-5,199.0,7.43250950906158e-7,5.956803098981051e-8,4.353400995824581e-7,3.489043977867611e-8,13875.0,16.7636386985562,1.343525962906789,13.154081120350629,1.0542370795008367,1.5251699e7,1.2706650495641196,0.10183776416003705,0.7781300317812911,0.062363423539168135,4.789219e6,0.030786196284533565,0.002467367303196397,0.030786196284533544,0.0024673673031963953,542069.0,0.004502262444285659,0.030112574525634695,0.0024133797209934045,0.030112574525634674,0.002413379720993403,542071.0,0.005239790269879837,0.0,0.0,0.0,0.0,0.0,0.0,0.0,0.0,0.0,0.0,0.0,0.0,14.884007792500217,1.1928824798075188,11.632248715312747,0.9322694456161137,8.191853e6,2.1766803760130093,4.060641317120136,0.3254411010464449,2.802693301328169,0.2246225466982682,1.592283e7,0.7065788693957469,13.117943373455407,1.051340810852499,9.812114658290561,0.7863943521740923,7.801831e6,1.9340142920563108,0.5318928411290214,0.042628683091496325,0.3334682628358574,0.0267258962676156,1.5360157e7,0.21982562200100078,1.0,0
2.6784e6,0.0023323636939549005,0.00020485017843511867,0.12910551420474603,0.011339263979432947,0.0,0.0,0.0,0.0,0.0,0.18931891175582793,0.0,0.0,0.0,0.07918843720349097,0.006955075459791044,1.105822e6,-3.1064686681014e-5,-2.7283937861535846e-6,3.106468668208111e-5,2.7283937862473087e-6,7.93430069888622,0.6968651236243079,0.0,0.0,0.0,0.0,0.0,0.0,0.0,0.0,0.0,0.0,0.0391127616783536,0.0034352516417861605,0.0391127616783536,0.0034352516417861605,547771.0,0.0009629138467830508,8.457217621865823e-5,0.0009629138467830508,8.457217621865823e-5,204.0,3.106853906717113e-5,2.7287321390415737e-6,1.8195572928796285e-5,1.5981068350762998e-6,17635.0,18.341552960559962,1.610928178348046,14.137162854743766,1.2416589834881002,1.5363171e7,2.522067713589509,0.22151177472592437,1.558641847916789,0.13689462817901812,4.866099e6,0.04003636701073242,0.0035163713735123082,0.040036367010732384,0.003516371373512305,547969.0,0.006902733335485417,0.03915207019275861,0.00343870408627874,0.03915207019275859,0.003438704086278738,547971.0,0.006853869620317645,0.0,0.0,0.0,0.0,0.0,0.0,0.0,0.0,0.0,0.0,0.0,0.0,17.5056912958322,1.5375149231124463,13.284562109464064,1.1667755443155818,8.267689e6,3.0181839135420407,4.384018483815124,0.38504585326895074,2.9966771823555,0.26319645478491266,1.6052418e7,0.767455997938238,15.739650888349146,1.3824045972510934,11.462844170954153,1.0067750925295114,7.86744e6,2.7395001415681635,0.8716212666987916,0.07655400076491851,0.5379424184549106,0.04724717705644347,1.5471036e7,0.3636465836949849,1.0,0
2.7e6,0.0018301987528415594,0.00014342892727183,0.12589238357986632,0.009865928222560173,0.0,0.0,0.0,0.0,0.0,0.18931891175582793,0.0,0.0,0.0,0.07918843720349097,0.0062058356136431275,1.105822e6,-3.106468662519961e-5,-2.4344758577560156e-6,3.106468662626882e-5,2.4344758578398075e-6,7.929978774773822,0.6214561927704767,0.0,0.0,0.0,0.0,0.0,0.0,0.0,0.0,0.0,0.0,0.0391127616783536,0.003065187013954133,0.0391127616783536,0.003065187013954133,547771.0,0.0009629138467830508,7.546158573480376e-5,0.0009629138467830508,7.546158573480376e-5,204.0,3.1068540674750585e-5,2.434777891724671e-6,1.819557386911971e-5,1.4259498522175585e-6,17635.0,18.553595787261973,1.4540072965684634,14.261369368478565,1.1176343043466683,1.5492771e7,2.522067713589509,0.19764928049777553,1.558641847916789,0.12214756889141044,4.866099e6,0.04003636701073242,0.003137568071934837,0.040036367010732384,0.003137568071934834,547969.0,0.005650669993067585,0.03915207019275861,0.003068267541708295,0.03915207019275859,0.003068267541708293,547971.0,0.006751360404748173,0.0,0.0,0.0,0.0,0.0,0.0,0.0,0.0,0.0,0.0,0.0,0.0,17.702325467331956,1.387294985341968,13.399742740972732,1.050110390509369,8.343363e6,2.498478428348758,4.406974802197728,0.3453655879788075,3.01012436368717,0.23589728042822375,1.6182017e7,0.7599361933557128,15.936929777173622,1.2489445413497018,11.578402508175628,0.9073756873075858,7.943076e6,2.274218956463579,0.8928958085092596,0.06997441550058976,0.5504041743425628,0.043134047692537834,1.5600633e7,0.3534779362843663,1.0,0
2.7216e6,0.001404987539260117,0.00010478880815175109,0.12159240285942013,0.009068780056694342,0.0,0.0,0.0,0.0,0.0,0.18931891175582793,0.0,0.0,0.0,0.07918843720349097,0.0059061462981539765,1.105822e6,-3.106468666234265e-5,-2.3169112892408483e-6,3.106468666341243e-5,2.3169112893206363e-6,7.930582769315226,0.5914901685056863,0.0,0.0,0.0,0.0,0.0,0.0,0.0,0.0,0.0,0.0,0.0391127616783536,0.0029171644340394063,0.0391127616783536,0.0029171644340394063,547771.0,0.0009629138467830508,7.18174300751096e-5,0.0009629138467830508,7.18174300751096e-5,204.0,3.10685422966137e-5,2.3171988557200113e-6,1.8195574825375234e-5,1.357088619156839e-6,17635.0,18.657426394332482,1.3915350993580318,14.322190324188947,1.0681982667153354,1.5622371e7,2.522067713589509,0.18810449374108465,1.558641847916789,0.11624887553426543,4.866099e6,0.04003636701073242,0.0029860500997681894,0.040036367010732384,0.0029860500997681873,547969.0,0.005211679303645921,0.03915207019275861,0.0029200961983857905,0.03915207019275859,0.002920096198385789,547971.0,0.006697307785953131,0.0,0.0,0.0,0.0,0.0,0.0,0.0,0.0,0.0,0.0,0.0,0.0,17.801708646606482,1.3277127234345205,13.45795863541656,1.0037408917544697,8.418963e6,2.31731306934476,4.414608730170045,0.32925671891328356,3.014595920769597,0.2248389432428214,1.6311617e7,0.7551578569138573,16.036197695096295,1.1960348378889711,11.636550870799887,0.8678940294306677,8.018676e6,2.113056789466666,0.9002990371871642,0.0671474019881295,0.5547406088014989,0.04137446461646068,1.5730039e7,0.3456799805796523,1.0,0
2.7432e6,0.0010191213791535662,7.444118735780493e-5,0.11551170288320341,0.008437491835849248,0.0,0.0,0.0,0.0,0.0,0.18931891175582793,0.0,0.0,0.0,0.07918843720349097,0.005784277919213951,1.105822e6,-3.106468654141645e-5,-2.269103757750337e-6,3.1064686542484524e-5,2.2691037578283537e-6,7.9321738853669865,0.579401486843222,0.0,0.0,0.0,0.0,0.0,0.0,0.0,0.0,0.0,0.0,0.0391127616783536,0.002856971190809214,0.0391127616783536,0.002856971190809214,547771.0,0.0009629138467830508,7.033553759546888e-5,0.0009629138467830508,7.033553759546888e-5,204.0,3.106854452190491e-5,2.2693855619144325e-6,1.8195576125792443e-5,1.3290863278604764e-6,17635.0,18.70875592935119,1.366571277824618,14.352257265939555,1.048353114747318,1.5751971e7,2.522067713589509,0.18422311516251383,1.558641847916789,0.1138501774154278,4.866099e6,0.04003636701073242,0.0029244354585585414,0.040036367010732384,0.0029244354585585388,547969.0,0.005040473424454026,0.03915207019275861,0.0028598424606554136,0.03915207019275859,0.002859842460655412,547971.0,0.006679184206918644,0.0,0.0,0.0,0.0,0.0,0.0,0.0,0.0,0.0,0.0,0.0,0.0,17.85110664868752,1.3039247353271999,13.486894148646305,0.985143119093548,8.492031e6,2.2474074292426156,4.417821285609566,0.32269744189696264,3.016477700774549,0.2203370337206541,1.6441211e7,0.7536623737788966,16.08538811283966,1.1749487497018478,11.665364785523252,0.8520904608217663,8.091737e6,2.0529132268461576,0.9032649419670408,0.06597851458533008,0.5564778973304259,0.04064763654556742,1.5858519e7,0.34103782550156636,1.0,0
2.7648e6,0.0006682700609741522,4.867436729005353e-5,0.10805237307663436,0.007870142926988642,0.0,0.0,0.0,0.0,0.0,0.18931891175582793,0.0,0.0,0.0,0.07918843720349097,0.005767798533349445,1.105822e6,-3.106468640182806e-5,-2.2626390795792284e-6,3.106468640289085e-5,2.262639079656638e-6,7.932477088138547,0.5777728583937327,0.0,0.0,0.0,0.0,0.0,0.0,0.0,0.0,0.0,0.0,0.0391127616783536,0.0028488316907169507,0.0391127616783536,0.0028488316907169507,547771.0,0.0009629138467830508,7.013515191549092e-5,0.0009629138467830508,7.013515191549092e-5,204.0,3.1068546652618376e-5,2.262920246244881e-6,1.8195577389667634e-5,1.3252998580068546e-6,17635.0,18.730627158420535,1.3642709424285824,14.365101611806788,1.0463018962614699,1.5881571e7,2.522067713589509,0.18369826420577817,1.558641847916789,0.1135258186915603,4.866099e6,0.04003636701073242,0.0029161037530232065,0.040036367010732384,0.002916103753023204,547969.0,0.005016053286972156,0.03915207019275861,0.0028516947803262425,0.03915207019275859,0.002851694780326241,547971.0,0.006686784973879133,0.0,0.0,0.0,0.0,0.0,0.0,0.0,0.0,0.0,0.0,0.0,0.0,17.87150510788811,1.3016956084780515,13.49887576150879,0.98320914730294,8.56547e6,2.239074837023328,4.419634135399263,0.32191011951140297,3.0175398734055183,0.21978665914857262,1.657079e7,0.75482964198652,16.105708922517167,1.1730814192372063,11.677300936097657,0.8505322442420291,8.165176e6,2.0495422766213998,0.9046942890490165,0.06589465050430998,0.5573153233184436,0.040592826654591206,1.5988065e7,0.3389455681612927,1.0,0
2.7864e6,0.00035741973623280946,2.6246141347746278e-5,0.09903782479870792,0.007272571950943123,0.0,0.0,0.0,0.0,0.0,0.18931891175582793,0.0,0.0,0.0,0.07918843720349097,0.005814986429837692,1.105822e6,-3.107046796634918e-5,-2.2815748861004455e-6,3.107046796634918e-5,2.2815748861004455e-6,7.932526612448844,0.5825034087638602,0.0,0.0,0.0,0.0,0.0,0.0,0.0,0.0,0.0,0.0,0.0391127616783536,0.002872138741779277,0.0391127616783536,0.002872138741779277,547771.0,0.0009629138467830508,7.070894627908389e-5,0.0009629138467830508,7.070894627908389e-5,204.0,3.1074328367189445e-5,2.2818583640840073e-6,1.819896420403746e-5,1.3363911906941188e-6,20291.0,18.748233784646352,1.376725300955137,14.375466198416822,1.0556230659227999,1.6011171e7,2.522067713589509,0.1852011486470936,1.558641847916789,0.11445460366041563,4.866099e6,0.04003636701073242,0.002939961174750234,0.040036367010732384,0.0029399611747502313,547969.0,0.00507792283377889,0.03915207019275861,0.002875025255087462,0.03915207019275859,0.0028750252550874605,547971.0,0.006713002907779936,0.0,0.0,0.0,0.0,0.0,0.0,0.0,0.0,0.0,0.0,0.0,0.0,17.887897470793092,1.3135488554180512,13.508529012351797,0.9919619033778778,8.63891e6,2.268771364566782,4.421052132474988,0.32464787870335327,3.0183706183856365,0.2216457958506033,1.6700389e7,0.7580323511536943,16.122015057413556,1.1838761073108521,11.686903648535734,0.8581958240749316,8.238616e6,2.0812577346140015,0.905838081533669,0.0665177434707132,0.5579855289838297,0.04097414210548072,1.6117617e7,0.3391775969505455,1.0,0
2.808e6,0.00011910890865729673,8.859755740622695e-6,0.0891772959002973,0.006633333041100499,0.0,0.0,0.0,0.0,0.0,0.18503041045569568,0.0,0.0,0.0,0.07920081412370344,0.0058912458816445185,1.106938e6,-3.1082741751958525e-5,-2.312047879336663e-6,3.1082741751958525e-5,2.312047879336663e-6,7.932062402023806,0.5900157779424223,0.0,0.0,0.0,0.0,0.0,0.0,0.0,0.0,0.0,0.0,0.03911881361414131,0.0029098002608808696,0.03911881361414131,0.0029098002608808696,548329.0,0.0009631868954201628,7.164535988273083e-5,0.0009631868954201628,7.164535988273083e-5,205.0,3.108660215279879e-5,2.3123350300535254e-6,1.8206154418399076e-5,1.3542402742281605e-6,26614.0,18.815969177959264,1.3996005237479923,14.469459555123994,1.0762912598424206,1.6139704e7,2.522141058725481,0.1876060655378557,1.5586822222377192,0.11594047768509366,4.918304e6,0.04004269173776066,0.002978521690718862,0.04004269173776063,0.0029785216907188593,548527.0,0.00517842075997707,0.039158122385942844,0.0029127241909256613,0.03915812238594282,0.00291272419092566,548529.0,0.006751091489033214,0.0,0.0,0.0,0.0,0.0,0.0,0.0,0.0,0.0,0.0,0.0,0.0,17.948690991299568,1.335089203985309,13.595911780856172,1.0113135852501232,8.712842e6,2.3211694821232562,4.430695755505428,0.3295713359924823,3.026726784978556,0.22513899514994384,1.6829844e7,0.7638781070929549,16.18207408756242,1.2036817850877013,11.77380836430877,0.875778876832869,8.312289e6,2.1338487006673144,0.913553362863807,0.06795343641579024,0.5641689544723878,0.041964947789500495,1.6246905e7,0.3435571271180189,1.0,0
2.8296e6,5.670480335500918e-5,4.261877952522963e-6,0.07940518671077514,0.005968016720557537,0.0,0.0,0.0,0.0,0.0,0.18145275908322467,0.0,0.0,0.0,0.07933299926976786,0.005962591182594697,1.114176e6,-3.109053331306741e-5,-2.3367342909132507e-6,3.109053331306741e-5,2.3367342909132507e-6,7.930610700848247,0.5960569986352323,0.0,0.0,0.0,0.0,0.0,0.0,0.0,0.0,0.0,0.0,0.03918487367900922,0.002945097052174403,0.03918487367900922,0.002945097052174403,551924.0,0.0009632519117488071,7.239707824584468e-5,0.0009632519117488071,7.239707824584468e-5,206.0,3.109439371390768e-5,2.337024434891461e-6,1.821071858049949e-5,1.3686999235660867e-6,30241.0,18.865056754571743,1.4178793452830358,14.537766782238496,1.092644433316242,1.6264981e7,2.5222164017398,0.1895673353590261,1.558731091147084,0.11715271508273344,4.985252e6,0.04010881681895719,0.003014539721305558,0.04010881681895716,0.0030145397213055553,552122.0,0.005264763521705963,0.039224182450810725,0.0029480514612891433,0.039224182450810705,0.002948051461289142,552124.0,0.00680252767156586,0.0,0.0,0.0,0.0,0.0,0.0,0.0,0.0,0.0,0.0,0.0,0.0,17.992494479186796,1.352298412035026,13.659540166412924,1.0266377737415162,8.786632e6,2.361730814102369,4.438424899607021,0.3335877051744172,3.0329803569339004,0.227955858214081,1.6959053e7,0.7697421924754391,16.22509807431155,1.2194626146132763,11.836966412871579,0.8896549003783074,8.383392e6,2.1746021090311816,0.9195962782458749,0.06911596322698563,0.5687540490747528,0.04274700199530319,1.6374916e7,0.3478366498300391,1.0,0
2.8512e6,3.781903285442125e-5,2.868205924317706e-6,0.07080347782738787,0.00536975536493843,0.0,0.0,0.0,0.0,0.0,0.18145275908322467,0.0,0.0,0.0,0.07947516678094232,0.0060274186564923705,1.122816e6,-3.1097318817980544e-5,-2.3584292704539925e-6,3.1097318817980544e-5,2.3584292704539925e-6,7.929002245906768,0.6013377259852252,0.0,0.0,0.0,0.0,0.0,0.0,0.0,0.0,0.0,0.0,0.03925595743459648,0.0029771826823834406,0.03925595743459648,0.0029771826823834406,556243.0,0.0009632519117488071,7.30532917254466e-5,0.0009632519117488071,7.30532917254466e-5,206.0,3.110117921882082e-5,2.3587220443227203e-6,1.8214693432618728e-5,1.3814073938424448e-6,33309.0,18.90771500499446,1.4339663417991393,14.594006295222837,1.1068134787215889,1.6388881e7,2.5224134672728873,0.1913005358508282,1.5588651091412826,0.11822476154961994,5.032014e6,0.04017990057454442,0.0030472547859703406,0.04017990057454438,0.003047254785970338,556441.0,0.005339950776433901,0.03929526620639796,0.0029801638705220334,0.039295266206397936,0.0029801638705220317,556443.0,0.006855448233625913,0.0,0.0,0.0,0.0,0.0,0.0,0.0,0.0,0.0,0.0,0.0,0.0,18.03060557976703,1.3674461201055772,13.711682605395513,1.0398978057568653,8.860316e6,2.3962863244676433,4.445667706876612,0.3371606699593519,3.038748928476328,0.23045956020927083,1.7088044e7,0.7755907459263588,16.262300694236046,1.2333373879176524,11.888578142341922,0.9016330584348284,8.453477e6,2.2084731386653056,0.9252052348208301,0.07016782121155248,0.572965832843911,0.043453887425426684,1.6502867e7,0.35257182613358773,1.0,0
2.8728e6,2.474864359352825e-5,1.892514436699248e-6,0.06351016649798914,0.004856585635507232,0.0,0.0,0.0,0.0,0.0,0.17989354990080542,0.0,0.0,0.0,0.07999368267707209,0.006117070567482964,1.131458e6,-3.1102868419810165e-5,-2.3784183276468694e-6,3.1102868419810165e-5,2.3784183276468694e-6,7.928007836450787,0.6062501659150074,0.0,0.0,0.0,0.0,0.0,0.0,0.0,0.0,0.0,0.0,0.039515215382661464,0.0030217056259407584,0.039515215382661464,0.0030217056259407584,560564.0,0.0009632519117488071,7.365931560142036e-5,0.0009632519117488071,7.365931560142036e-5,206.0,3.110672882065045e-5,2.3787135302624823e-6,1.821794430301052e-5,1.393115645717494e-6,35885.0,18.933847391840633,1.44786034013957,14.627742539938955,1.118574996990677,1.6509393e7,2.524712038057258,0.19306326677964683,1.5602881345615136,0.11931432964836812,5.109335e6,0.040439158522609306,0.003092359022537321,0.04043915852260927,0.003092359022537318,560762.0,0.005434910670960572,0.039554524154462846,0.0030247115449456483,0.03955452415446282,0.003024711544945646,560764.0,0.006939416589427456,0.0,0.0,0.0,0.0,0.0,0.0,0.0,0.0,0.0,0.0,0.0,0.0,18.055297370798534,1.3806781290458119,13.74425700916212,1.0510153703270448,8.93397e6,2.426581856124825,4.4512718364796875,0.34038617835255736,3.042987092339358,0.23269545990179638,1.7216444e7,0.7809278530439154,16.286940389334784,1.2454528952259998,11.921116564304574,0.9116008768020158,8.525663e6,2.2367736230301114,0.9291504191271582,0.07105159421840526,0.5757879916362433,0.044030174119708464,1.6628429e7,0.35712872540486895,1.0,0
2.8944e6,1.5853172175552572e-5,1.2218391278987403e-6,0.05827759841676581,0.004491583718202583,0.0,0.0,0.0,0.0,0.0,0.17989354990080542,0.0,0.0,0.0,0.08049754659762318,0.006204124388714014,1.140098e6,-3.110677778949459e-5,-2.3974683315852654e-6,3.110677778949459e-5,2.3974683315852654e-6,7.927543725675832,0.610993371225483,0.0,0.0,0.0,0.0,0.0,0.0,0.0,0.0,0.0,0.0,0.03976714734293703,0.0030649422141169227,0.03976714734293703,0.0030649422141169227,564884.0,0.0009632519117488071,7.423996048014498e-5,0.0009632519117488071,7.423996048014498e-5,206.0,3.1110638190334867e-5,2.3977658612369836e-6,1.8220234342856157e-5,1.4042738571853102e-6,37761.0,18.96982024246082,1.4620461043870745,14.676620552572784,1.131159685763724,1.6628839e7,2.5272511166002416,0.19478084676641863,1.5617371421631623,0.12036654409963211,5.201946e6,0.04069109048288484,0.0031361525604022404,0.04069109048288481,0.0031361525604022378,565082.0,0.005528274031593651,0.03980645611473838,0.0030679718283117777,0.03980645611473836,0.003067971828311776,565084.0,0.007017365320959419,0.0,0.0,0.0,0.0,0.0,0.0,0.0,0.0,0.0,0.0,0.0,0.0,18.088836369146055,1.394146724026863,13.790839261567537,1.0628905577856733,9.007721e6,2.457541520135916,4.457852537548143,0.34357657864705293,3.048339311719272,0.23494226927745454,1.7345509e7,0.7858619645208494,16.32005768296749,1.2578230290947496,11.967482758464342,0.9223604294978026,8.599339e6,2.2644088510272846,0.9340783230469585,0.07199148731764993,0.5795271311248211,0.04466544087492884,1.6754834e7,0.36203560051761213,1.0,0
2.916e6,9.926556622749613e-6,7.715246691067074e-7,0.05433200665545329,0.004222862473849546,0.0,0.0,0.0,0.0,0.0,0.17989354990080542,0.0,0.0,0.0,0.08071563531277556,0.0062734849750121285,1.148738e6,-3.1110236583569e-5,-2.4179900340225853e-6,3.1110236583569e-5,2.4179900340225853e-6,7.927442737811405,0.6161469548398294,0.0,0.0,0.0,0.0,0.0,0.0,0.0,0.0,0.0,0.0,0.03987619170051318,0.003099308932209784,0.03987619170051318,0.003099308932209784,569204.0,0.0009632519117488071,7.486711059252953e-5,0.0009632519117488071,7.486711059252953e-5,206.0,3.1114096984409247e-5,2.418290077088281e-6,1.8222260411240392e-5,1.4162940854977199e-6,39268.0,19.00606959579351,1.47721431642344,14.722042505048961,1.1442456235278642,1.6748439e7,2.5289557994915493,0.1965587726479664,1.5627076902234414,0.12145878771768724,5.29449e6,0.040800134840461036,0.003171120835613225,0.040800134840461,0.003171120835613222,569402.0,0.0056129315693095655,0.039915500472314576,0.003102364139398907,0.039915500472314555,0.003102364139398906,569404.0,0.007062783922516724,0.0,0.0,0.0,0.0,0.0,0.0,0.0,0.0,0.0,0.0,0.0,0.0,18.12233211225501,1.4085273290343152,13.833838799327685,1.0752115066433185,9.081381e6,2.4931145551390346,4.463446791495066,0.3469137828712397,3.0529119107631604,0.23728236701590874,1.7474552e7,0.7897774013843452,16.353132326096624,1.2710192956371902,12.010247777410754,0.9334760072914088,8.672969e6,2.2951359385455983,0.9382647791869527,0.07292502836660152,0.5826617195154465,0.04528638755961481,1.687934e7,0.3662142815168667,1.0,0
2.9376e6,6.013682438070741e-6,4.7105865119024213e-7,0.05106612125542673,0.004000067919751319,0.0,0.0,0.0,0.0,0.0,0.17989354990080542,0.0,0.0,0.0,0.08080433414936067,0.006329496285629391,1.157378e6,-3.111241528561557e-5,-2.43707121728471e-6,3.111241528561557e-5,2.43707121728471e-6,7.9275420979684315,0.6209734761320204,0.0,0.0,0.0,0.0,0.0,0.0,0.0,0.0,0.0,0.0,0.03992054111880562,0.003127021828615548,0.03992054111880562,0.003127021828615548,573524.0,0.0009632519117488071,7.545262839824693e-5,0.0009632519117488071,7.545262839824693e-5,206.0,3.1116275686455853e-5,2.437373606915623e-6,1.8223536623140284e-5,1.4274705507007785e-6,39415.0,19.028877919974246,1.4905538592959877,14.746683437087908,1.1551246479906658,1.686743e7,2.52941427169942,0.19813192455674883,1.5630108550637967,0.12243243516168488,5.376844e6,0.04084448425875359,0.0031993953557783814,0.040844484258753554,0.0031993953557783784,573722.0,0.005688440287872949,0.03995984989060713,0.0031301009298510137,0.03995984989060711,0.003130100929851012,573724.0,0.007088708397850357,0.0,0.0,0.0,0.0,0.0,0.0,0.0,0.0,0.0,0.0,0.0,0.0,18.143256039243067,1.4211820803738486,13.856839543355207,1.0854221539417659,9.154037e6,2.526824135004365,4.466486832140959,0.34986504265467633,3.05541884655844,0.23933446694315344,1.7602985e7,0.7923358772007791,16.37382980844864,1.2825808917939518,12.033115834105368,0.9425677815219118,8.746344e6,2.323000226184015,0.9404105190921417,0.07366343588152213,0.5842477470362673,0.04576479694663325,1.7001769e7,0.3689395452586725,1.0,0
2.9592e6,3.473964994106601e-6,2.74290553253113e-7,0.04864414495836025,0.0038407495342608028,0.0,0.0,0.0,0.0,0.0,0.17989354990080542,0.0,0.0,0.0,0.08082073359370151,0.006381285870567581,1.166018e6,-3.111407591723369e-5,-2.456644529169227e-6,3.111407591723369e-5,2.456644529169227e-6,7.9277500692870415,0.6259438296718833,0.0,0.0,0.0,0.0,0.0,0.0,0.0,0.0,0.0,0.0,0.03992874084097591,0.003152615652302505,0.03992874084097591,0.003152615652302505,577844.0,0.0009632519117488071,7.605456596250077e-5,0.0009632519117488071,7.605456596250077e-5,206.0,3.111793631807397e-5,2.4569493311704146e-6,1.8224509390274065e-5,1.4389352719169727e-6,39415.0,19.040850108155233,1.503390310332883,14.753697017012183,1.1648936371524345,1.6986328e7,2.5297052973903167,0.199735537567489,1.5631813794804073,0.12342262692342153,5.396665e6,0.040852683980924016,0.003225566552919153,0.04085268398092398,0.00322556655291915,578042.0,0.005765196063363653,0.039968049612777556,0.0031557193176484327,0.039968049612777536,0.003155719317648431,578044.0,0.007101861721910056,0.0,0.0,0.0,0.0,0.0,0.0,0.0,0.0,0.0,0.0,0.0,0.0,18.155030787590096,1.4334495158999232,13.863743395577863,1.0946264146539513,9.227477e6,2.5620669642105836,4.467113556724107,0.3527056406719618,3.0557918501366985,0.2412732536517404,1.7732489e7,0.7937545885597124,16.38558125052266,1.2937407700435166,12.04000209211882,0.9506310053838645,8.818768e6,2.351740893195833,0.9408246964348652,0.07428380163216824,0.5844941748937392,0.04614935121015959,1.7128374e7,0.37034744714129275,1.0,0
2.9808e6,1.8672883225993786e-6,1.4855165960275293e-7,0.04695901470446562,0.003735812773652252,0.0,0.0,0.0,0.0,0.0,0.17989354990080542,0.0,0.0,0.0,0.08085234300940405,0.006432188104779833,1.174658e6,-3.111525244763948e-5,-2.475366194986456e-6,3.111525244763948e-5,2.475366194986456e-6,7.928079946151164,0.6307164347413626,0.0,0.0,0.0,0.0,0.0,0.0,0.0,0.0,0.0,0.0,0.039944545548827114,0.0031777784188655855,0.039944545548827114,0.0031777784188655855,582164.0,0.0009632519117488071,7.663126704858097e-5,0.0009632519117488071,7.663126704858097e-5,206.0,3.1119112848479765e-5,2.475673308218309e-6,1.8225198561991565e-5,1.4499011535640682e-6,39415.0,19.05303454385488,1.5157594398802807,14.76083595626484,1.1742946452825742,1.7107287e7,2.5303171294820017,0.20129875196915148,1.5635398300711203,0.12438702357905941,5.418189e6,0.04086848868877529,0.00325128248631823,0.040868488688775254,0.0032512824863182273,582362.0,0.00584264377672779,0.03998385432062882,0.003180905618461608,0.0399838543206288,0.003180905618461606,582364.0,0.007111965292212224,0.0,0.0,0.0,0.0,0.0,0.0,0.0,0.0,0.0,0.0,0.0,0.0,18.167359234801403,1.445299760227851,13.870978162003048,1.103502229056237,9.299115e6,2.5972432986479355,4.467668878827518,0.3554242901179374,3.0561285686360717,0.24312955066215403,1.7862089e7,0.7946684116174597,16.397882116011,1.3045294466966784,12.04721299073221,0.9584130429680168,8.889167e6,2.380295976673711,0.9412674830003482,0.07488230126944741,0.5847612367487912,0.04652053522696847,1.7250069e7,0.3712672501165778,1.0,0
3.0024e6,8.817443948863636e-7,7.062882223154062e-8,0.045855992263095224,0.0036731219893021885,0.0,0.0,0.0,0.0,0.0,0.17989354990080542,0.0,0.0,0.0,0.08089469438464819,0.006479765590009179,1.183298e6,-3.111605517794826e-5,-2.492434703816119e-6,3.111605517794826e-5,2.492434703816119e-6,7.928527289950708,0.6350848928186448,0.0,0.0,0.0,0.0,0.0,0.0,0.0,0.0,0.0,0.0,0.039965721236449286,0.00320130395717261,0.039965721236449286,0.00320130395717261,586484.0,0.0009632519117488071,7.715767566389358e-5,0.0009632519117488071,7.715767566389358e-5,206.0,3.1119915578788544e-5,2.492743926722748e-6,1.822566876476655e-5,1.459898726550495e-6,39415.0,19.06557824804475,1.5271765203522765,14.768184094782479,1.1829499060750859,1.7228223e7,2.531038704267053,0.20273934684650322,1.5639625268795203,0.12527534275054908,5.458361e6,0.04088966437639736,0.0032753129513458635,0.04088966437639732,0.0032753129513458604,586682.0,0.00591614424833104,0.04000503000825089,0.0032044526386633197,0.04000503000825087,0.003204452638663318,586684.0,0.007120212376224663,0.0,0.0,0.0,0.0,0.0,0.0,0.0,0.0,0.0,0.0,0.0,0.0,18.180170535884535,1.4562542618527956,13.878498188290028,1.1116849588908617,9.370196e6,2.630408270399874,4.468225494685481,0.35791041710591215,3.0564697523493494,0.24482702702361314,1.7991663e7,0.7952678565785468,16.410648736697105,1.3145133658352464,12.05469731894329,0.9655962418727956,8.959344e6,2.4071236494641863,0.9417729759728847,0.07543718620522703,0.5850675563546648,0.04686463863095043,1.7366438e7,0.3718297108111451,1.0,0
3.024e6,3.090205605471482e-7,2.490181415304091e-8,0.04497994619432259,0.003624620506679544,0.0,0.0,0.0,0.0,0.0,0.17744078775697336,0.0,0.0,0.0,0.08095049538394572,0.006523236473581031,1.19244e6,-3.1116596025705446e-5,-2.5074696969528853e-6,3.1116596025705446e-5,2.5074696969528853e-6,7.929047488053236,0.638946698590343,0.0,0.0,0.0,0.0,0.0,0.0,0.0,0.0,0.0,0.0,0.03999276701698001,0.0032227384804408648,0.03999276701698001,0.0032227384804408648,591054.0,0.0009649613499847823,7.775951269922797e-5,0.0009649613499847823,7.775951269922797e-5,207.0,3.1120456426545715e-5,2.5077807797627487e-6,1.8225985587217436e-5,1.4687052053924547e-6,39971.0,19.078601859733936,1.5374116109613003,14.775812683630086,1.1906798070536886,1.7348925e7,2.5318213510655774,0.20402184450544575,1.5644209769771866,0.12606578784540395,5.542647e6,0.04091831740612913,0.0032973221383665956,0.04091831740612909,0.003297322138366592,591253.0,0.005983798244298572,0.04003217797781666,0.0032259143352144416,0.04003217797781663,0.0032259143352144385,591255.0,0.0071277861052984675,0.0,0.0,0.0,0.0,0.0,0.0,0.0,0.0,0.0,0.0,0.0,0.0,18.19353349806835,1.4660901176085301,13.886344779350969,1.1190037852115302,9.443138e6,2.6605794349457197,4.468838166284325,0.3601125352299972,3.056847870833494,0.24633007408580004,1.8121255e7,0.7956829779813578,16.42395228385546,1.3234918955128236,12.06249600665966,0.9720325186382135,9.031403e6,2.4316614997821495,0.9423519005560201,0.07593757468066784,0.585420830586021,0.04717498634641085,1.7483683e7,0.3720326400325044,1.0,0
3.0456e6,1.1044778299330557e-7,8.942648954160997e-9,0.04417281580003395,0.003576549698969177,0.0,0.0,0.0,0.0,0.0,0.17744078775697336,0.0,0.0,0.0,0.08098212828408453,0.006556897070983263,1.2054e6,-3.111695777962818e-5,-2.5194532873650363e-6,3.111695777962818e-5,2.5194532873650363e-6,7.929513041746799,0.642030555869836,0.0,0.0,0.0,0.0,0.0,0.0,0.0,0.0,0.0,0.0,0.04000858346704954,0.0032393834208583375,0.04000858346704954,0.0032393834208583375,597534.0,0.0009649613499847823,7.813022926653254e-5,0.0009649613499847823,7.813022926653254e-5,207.0,3.112081818046845e-5,2.519765853254557e-6,1.8226197482293588e-5,1.475724377946488e-6,39971.0,19.091944154142766,1.545821471430471,14.783628219669316,1.196989145950933,1.7467707e7,2.532689673165311,0.2050648192577928,1.5649296204558698,0.12670798683712364,5.62465e6,0.04093413385619851,0.003314322654541716,0.0409341338561985,0.003314322654541715,597733.0,0.006037820481686159,0.04004799442788604,0.003242574416441548,0.040047994427886036,0.0032425744164415477,597735.0,0.007132030479523803,0.0,0.0,0.0,0.0,0.0,0.0,0.0,0.0,0.0,0.0,0.0,0.0,18.207311262168293,1.4741952133759166,13.894427365196018,1.1249930327127282,9.515484e6,2.685594307219184,4.469381857213402,0.3618733840368539,3.0571783265505763,0.24753120274282248,1.8250839e7,0.7959391746239629,16.437691068702176,1.3309140017166374,12.070552967942985,0.9773190094858025,9.102893e6,2.4529457119613434,0.9428359939867462,0.07633880089817616,0.5857182671311165,0.04742397454288917,1.7598671e7,0.3714726177425509,1.0,0
3.0672e6,3.289409576550436e-8,2.6742945491774753e-9,0.04329007341232769,0.0035194889741121172,0.0,0.0,0.0,0.0,0.0,0.17744078775697336,0.0,0.0,0.0,0.08103543075339759,0.006588191762405087,1.21836e6,-3.111719914888842e-5,-2.5298326077353514e-6,3.111719914888842e-5,2.5298326077353514e-6,7.930010766101465,0.6447109754250657,0.0,0.0,0.0,0.0,0.0,0.0,0.0,0.0,0.0,0.0,0.04003523470170607,0.003254870135390445,0.04003523470170607,0.003254870135390445,604014.0,0.0009649613499847823,7.845149162414355e-5,0.0009649613499847823,7.845149162414355e-5,207.0,3.112105954972869e-5,2.5301464588592238e-6,1.8226338867025004e-5,1.4818038784535398e-6,39971.0,19.105786296813772,1.5533030765022868,14.791737639163303,1.2025703221415542,1.7586507e7,2.533589609689572,0.20598118675604274,1.5654568276502454,0.12727185726588774,5.71753e6,0.040960785090855045,0.003330117510431102,0.040960785090855024,0.0033301175104311002,604213.0,0.006087211210246271,0.04007464566254257,0.003258074251973988,0.04007464566254256,0.003258074251973987,604215.0,0.007137830051010478,0.0,0.0,0.0,0.0,0.0,0.0,0.0,0.0,0.0,0.0,0.0,0.0,18.221608064091896,1.4814192635187675,13.90282370026517,1.1303014955889146,9.588924e6,2.7079260475702625,4.470018526556806,0.36341312634072653,3.057571829239404,0.24858101389819934,1.8380439e7,0.7961700481672189,16.451929419579226,1.3375441442099985,12.07891023972389,0.9820170782129507,9.17535e6,2.472161092154661,0.9434131192374801,0.07669961747497296,0.5860803462989803,0.04764841346181865,1.7719558e7,0.37080743384791254,1.0,0
3.0888e6,8.7640740543298e-9,7.15038754892637e-10,0.04227558290561529,0.003449158459387668,0.0,0.0,0.0,0.0,0.0,0.17744078775697336,0.0,0.0,0.0,0.08111037798703877,0.006617591695961367,1.23132e6,-3.111735972127838e-5,-2.53878709978001e-6,3.111735972127838e-5,2.53878709978001e-6,7.930540898872411,0.6470328816029732,0.0,0.0,0.0,0.0,0.0,0.0,0.0,0.0,0.0,0.0,0.04007270831852658,0.003269431463452671,0.04007270831852658,0.003269431463452671,610494.0,0.0009649613499847823,7.872876905595715e-5,0.0009649613499847823,7.872876905595715e-5,207.0,3.112122012211864e-5,2.5391020601732125e-6,1.822643293014244e-5,1.4870488117412227e-6,39971.0,19.120030346881176,1.5599551770091509,14.80008288936284,1.2075015313556812,1.7705307e7,2.534514328697607,0.20678464816875303,1.5659985704939074,0.12776588388780355,5.81041e6,0.040998258707675615,0.0033449447913575813,0.040998258707675615,0.0033449447913575813,610693.0,0.00613248900016544,0.04011211927936314,0.0032726469046037844,0.04011211927936316,0.003272646904603786,610695.0,0.007145476124772838,0.0,0.0,0.0,0.0,0.0,0.0,0.0,0.0,0.0,0.0,0.0,0.0,18.236320642987465,1.4878555253583843,13.9114728852241,1.135002076535283,9.662364e6,2.7277752585544133,4.470744779403736,0.36475681979527325,3.0580266854906806,0.24949670439416735,1.8510039e7,0.7964076856347393,16.466566829197564,1.3434657637436194,12.087508088983347,0.986189377237328,9.247692e6,2.489409560064652,0.9440814965898287,0.07702523434352594,0.5865065073492169,0.04785159049908136,1.7838692e7,0.37010930609373704,1.0,0
3.1104e6,2.981204858722883e-9,2.4396686417323663e-10,0.04113996729616494,0.003366688734612664,0.0,0.0,0.0,0.0,0.0,0.17744078775697336,0.0,0.0,0.0,0.0812064101228976,0.00664552560703132,1.24428e6,-3.111746633103275e-5,-2.5464974872778475e-6,3.111746633103275e-5,2.5464974872778475e-6,7.931105810159293,0.6490419496899662,0.0,0.0,0.0,0.0,0.0,0.0,0.0,0.0,0.0,0.0,0.04012072438645604,0.0032832790032133233,0.04012072438645604,0.0032832790032133233,616974.0,0.0009649613499847823,7.896760060461305e-5,0.0009649613499847823,7.896760060461305e-5,207.0,3.112132673187301e-5,2.546813403134718e-6,1.822649537633942e-5,1.4915650324474609e-6,39971.0,19.134610389906296,1.5658806137870998,14.808625535269444,1.211863694634892,1.7824107e7,2.535459270103429,0.20748927922755536,1.5665521865217098,0.12819877956094358,5.90329e6,0.04104627477560507,0.003359021408306457,0.04104627477560503,0.0033590214083064544,617173.0,0.006174246266417604,0.04016013534729259,0.0032865041987248677,0.04016013534729257,0.003286504198724866,617175.0,0.00715500815351272,0.0,0.0,0.0,0.0,0.0,0.0,0.0,0.0,0.0,0.0,0.0,0.0,18.251376339340993,1.4936011657589114,13.920333106450308,1.1391702942824349,9.735804e6,2.7454012047673717,4.47156270565384,0.36593028085956386,3.058544683425026,0.2502959678083262,1.8639637e7,0.7966623454134727,16.481533866213873,1.3487661280103147,12.096303520124653,0.9899008547694085,9.320082e6,2.5048267338608103,0.9448423055092965,0.07732115883913541,0.5869987645208383,0.04803703691636341,1.7957487e7,0.36943100399562295,1.0,0
3.132e6,1.639240624904474e-9,1.3449711862251044e-10,0.03991036798373121,0.003274583008390697,0.0,0.0,0.0,0.0,0.0,0.17744078775697336,0.0,0.0,0.0,0.08132226502396474,0.006672364117511302,1.25724e6,-3.111753727522204e-5,-2.5531450590969953e-6,3.111753727522204e-5,2.5531450590969953e-6,7.931710118835779,0.6507843574182948,0.0,0.0,0.0,0.0,0.0,0.0,0.0,0.0,0.0,0.0,0.040178651836989585,0.0032965952771741767,0.040178651836989585,0.0032965952771741767,623454.0,0.0009649613499847823,7.917356316288477e-5,0.0009649613499847823,7.917356316288477e-5,207.0,3.1121397676062317e-5,2.5534617989226543e-6,1.8226536930730364e-5,1.495458727905102e-6,39971.0,19.14945635365197,1.5711828169850317,14.81732443766016,1.215738197481737,1.7942907e7,2.5364218977669344,0.2081094329153612,1.5671161871042127,0.12857942178226228,5.99617e6,0.04110420222613865,0.003372535232900778,0.0411042022261386,0.003372535232900774,623653.0,0.006213128714395834,0.04021806279782617,0.003299828884610531,0.04021806279782614,0.0032998288846105284,623655.0,0.007166270378299955,0.0,0.0,0.0,0.0,0.0,0.0,0.0,0.0,0.0,0.0,0.0,0.0,18.266698984540028,1.4987539613402034,13.929360226788303,1.1428821286485626,9.810505e6,2.7611131181594644,4.47247700264956,0.36695971343246936,3.0591291510236327,0.2509967420620642,1.8769237e7,0.7969299670855281,16.496752167335888,1.3535326049314014,12.105255163346483,0.9932171731988687,9.393504e6,2.5185956553016657,0.9456962906708026,0.07759289530457505,0.5875581662802534,0.04820822470308475,1.8076287e7,0.36880226442564473,1.0,0
3.1536e6,1.0806103701054215e-9,8.886228805860985e-11,0.03862052325881574,0.003175897768281011,0.0,0.0,0.0,0.0,0.0,0.17744078775697336,0.0,0.0,0.0,0.08145772820950202,0.006698547699525174,1.2702e6,-3.111758468470208e-5,-2.55890545791303e-6,3.111758468470208e-5,2.55890545791303e-6,7.932362404778085,0.6523053012436947,0.0,0.0,0.0,0.0,0.0,0.0,0.0,0.0,0.0,0.0,0.04024638342975821,0.0033095978130429503,0.04024638342975821,0.0033095978130429503,629934.0,0.0009649613499847823,7.935207343920579e-5,0.0009649613499847823,7.935207343920579e-5,207.0,3.1121445085542345e-5,2.559222911882545e-6,1.8226564698434604e-5,1.4988327776210178e-6,39971.0,19.164515302297385,1.5759636649889321,14.826148265360748,1.2192048997527343,1.8061707e7,2.5374020128487205,0.20865924927618662,1.5676904417095563,0.128916548898502,6.088379e6,0.04117193381890729,0.0033857089883274336,0.04117193381890724,0.0033857089883274293,630133.0,0.00624990610863958,0.04028579439059481,0.003312838711197747,0.04028579439059478,0.003312838711197744,630135.0,0.007179125987243785,0.0,0.0,0.0,0.0,0.0,0.0,0.0,0.0,0.0,0.0,0.0,0.0,18.28222914391763,1.5034102554298352,13.938519506447069,1.1462121498719435,9.886105e6,2.775245294736362,4.47349841480803,0.3678710807926303,3.059786795141472,0.2516167372716091,1.8898837e7,0.7971993405978364,16.51216061257658,1.3578514637812191,12.114331986326762,0.9962029686070648,9.468706e6,2.530953851739736,0.9466578553390473,0.07784691444880128,0.5881934973323818,0.048369163798652165,1.8195086e7,0.3682410287246012,1.0,0
3.1752e6,7.256577332630621e-10,5.9789945355635e-11,0.03730262121185747,0.003073517419637811,0.0,0.0,0.0,0.0,0.0,0.17744078775697336,0.0,0.0,0.0,0.08161212950615329,0.006724361279232711,1.28316e6,-3.11176164383987e-5,-2.5639092662642384e-6,3.11176164383987e-5,2.5639092662642384e-6,7.93306268844139,0.6536378831269071,0.0,0.0,0.0,0.0,0.0,0.0,0.0,0.0,0.0,0.0,0.04032358407808389,0.0033224270590085274,0.04032358407808389,0.0033224270590085274,636414.0,0.0009649613499847823,7.950716121559557e-5,0.0009649613499847823,7.950716121559557e-5,207.0,3.112147683923896e-5,2.564227340674129e-6,1.82265832968462e-5,1.50176366816628e-6,39971.0,19.179779953988614,1.5803014876248354,14.835092412717684,1.222324691164889,1.8180507e7,2.5384022943415467,0.20914947572711987,1.568276503807575,0.129216794870412,6.179099e6,0.04124913446723294,0.003398686987972927,0.04124913446723287,0.0033986869879729215,636613.0,0.006285150811740356,0.04036299503892047,0.003325674291259793,0.040362995038920414,0.0033256742912597887,636615.0,0.007193371419773118,0.0,0.0,0.0,0.0,0.0,0.0,0.0,0.0,0.0,0.0,0.0,0.0,18.297936180351936,1.5076427276873454,13.947793796787893,1.1492164841841461,9.961705e6,2.7880654933128093,4.474651380472503,0.3686850553096506,3.0605330853958947,0.252169993575466,1.9028436e7,0.7974588932932691,16.527727034788576,1.36178786632544,12.123521550237557,0.9989071400742482,9.544132e6,2.5420962062510637,0.9477467501979204,0.07808877905911069,0.5889186157818386,0.0485234432742518,1.8313886e7,0.36775547619512056,1.0,0
3.1968e6,4.872349607488243e-10,4.021323574424455e-11,0.035983742585617144,0.002969866368644249,0.0,0.0,0.0,0.0,0.0,0.1747570294336389,0.0,0.0,0.0,0.08177238769661208,0.006748966245689419,1.296626e6,-3.1117637815817536e-5,-2.5682494198862947e-6,3.1117637815817536e-5,2.5682494198862947e-6,7.933828626633182,0.6548071189860856,0.0,0.0,0.0,0.0,0.0,0.0,0.0,0.0,0.0,0.0,0.04040363954360001,0.0033346561983056324,0.04040363954360001,0.0033346561983056324,643145.0,0.000965108609411306,7.96538490780919e-5,0.000965108609411306,7.96538490780919e-5,209.0,3.1121498216657805e-5,2.568568032509696e-6,1.8226595810668836e-5,1.5043058343412494e-6,40124.0,19.195204576703365,1.5842485638051311,14.84412988431162,1.225138880712901,1.8299055e7,2.5394362932730656,0.20958871703692034,1.5688823071745448,0.1294854416366642,6.269819e6,0.041329307055588085,0.00341105483321302,0.04132930705558802,0.003411054833213015,643346.0,0.006318346741464183,0.040443080641024094,0.003337911412476407,0.040443080641024046,0.003337911412476403,643348.0,0.007207680819142646,0.0,0.0,0.0,0.0,0.0,0.0,0.0,0.0,0.0,0.0,0.0,0.0,18.31376943878226,1.5115005841855926,13.95714666527937,1.1519329982094892,1.0037305e7,2.799774632122966,4.475923799519386,0.36941392433482545,3.0613543787776147,0.2526644745304365,1.9158036e7,0.7976897310096466,16.54341392789146,1.3653868418524056,12.132793729565215,1.0013626561884093,9.619612e6,2.5522107088134436,0.9489417746719898,0.0783195426571996,0.5897149514426617,0.04867127417914193,1.8432603e7,0.3673182707859238,1.0,0
3.2184e6,3.269348807762662e-10,2.7020387370385572e-11,0.03470745761894963,0.00286848851146916,0.0,0.0,0.0,0.0,0.0,0.1747570294336389,0.0,0.0,0.0,0.08184969481258522,0.006764681867938647,1.313906e6,-3.1117652114407463e-5,-2.571799656836206e-6,3.1117652114407463e-5,2.571799656836206e-6,7.93477750567367,0.6557904173211999,0.0,0.0,0.0,0.0,0.0,0.0,0.0,0.0,0.0,0.0,0.040442293101586514,0.0033424589727376348,0.040442293101586514,0.0033424589727376348,651785.0,0.000965108609411306,7.9763922463304e-5,0.000965108609411306,7.9763922463304e-5,209.0,3.1121512515247746e-5,2.5721187097493174e-6,1.8226604195128737e-5,1.5063853224523404e-6,40124.0,19.210596072774187,1.5877099019531986,14.853147554073743,1.2275771848743726,1.8415695e7,2.540579314061425,0.20997281491694422,1.5695519522438455,0.12971972169771726,6.360539e6,0.041367960613574666,0.0034189631826607647,0.0413679606135746,0.0034189631826607595,651986.0,0.006342233021867869,0.040481734199010674,0.003345718685277892,0.04048173419901062,0.0033457186852778875,651988.0,0.007213869904746737,0.0,0.0,0.0,0.0,0.0,0.0,0.0,0.0,0.0,0.0,0.0,0.0,18.32955435734831,1.5148939075761179,13.966432162171362,1.154292274681869,1.0112894e7,2.8101531522718974,4.477187426747096,0.37002885196368596,3.062131890634733,0.25307789021381205,1.9287636e7,0.797837550065004,16.55914165837032,1.368573524696654,12.142032148082114,1.0035099690980134,9.694316e6,2.5613256676516154,0.9500915402255907,0.07852279754692168,0.5904184789361032,0.048796677716394565,1.8550609e7,0.36677076499384487,1.0,0
3.24e6,2.1932625677476248e-10,1.814886142697092e-11,0.033465133045023444,0.0027691808140098764,0.0,0.0,0.0,0.0,0.0,0.1747570294336389,0.0,0.0,0.0,0.08194643311237093,0.006780922999649238,1.331186e6,-3.1117661720594925e-5,-2.574931696748037e-6,3.1117661720594925e-5,2.574931696748037e-6,7.9357729776377,0.6566712358336285,0.0,0.0,0.0,0.0,0.0,0.0,0.0,0.0,0.0,0.0,0.04049066225147934,0.003350530981081058,0.04049066225147934,0.003350530981081058,660425.0,0.000965108609411306,7.986103748704424e-5,0.000965108609411306,7.986103748704424e-5,209.0,3.1121522121435194e-5,2.575251138117862e-6,1.822660981660683e-5,1.5082198579843221e-6,40124.0,19.226151718416492,1.5909301897665493,14.862261075587218,1.2298259256268582,1.8532335e7,2.5417483852649823,0.21032520184655495,1.5702368432687672,0.12993433296623122,6.451259e6,0.04141632976346753,0.003427128337227865,0.04141632976346746,0.0034271283372278596,660626.0,0.006366249247340053,0.04053010334890352,0.003353794662421383,0.04053010334890347,0.0033537946624213793,660628.0,0.0072211351189968,0.0,0.0,0.0,0.0,0.0,0.0,0.0,0.0,0.0,0.0,0.0,0.0,18.345483441812224,1.5180564410861344,13.975812139279272,1.1564738375380146,1.0188494e7,2.81994857633537,4.478576875107207,0.37059434785242745,3.0629934543575694,0.2534573131932061,1.9417236e7,0.7979355117247318,16.575000542466807,1.3715520996928467,12.151353279491415,1.0055030804913403,9.769019e6,2.5698718646797323,0.9513632564797762,0.07872363374301677,0.5912009046227021,0.04892083351660025,1.8667264e7,0.3662652679189858,1.0,0
3.2616e6,1.4711957472307828e-10,1.2187023142580726e-11,0.03227037601385982,0.0026731984512663137,0.0,0.0,0.0,0.0,0.0,0.1747570294336389,0.0,0.0,0.0,0.08206109312448706,0.006797738797818287,1.348466e6,-3.111766814100774e-5,-2.5777109707626084e-6,3.111766814100774e-5,2.5777109707626084e-6,7.936810129792102,0.6574657989061757,0.0,0.0,0.0,0.0,0.0,0.0,0.0,0.0,0.0,0.0,0.04054799225753742,0.003358895789074593,0.04054799225753742,0.003358895789074593,669065.0,0.000965108609411306,7.994721966902507e-5,0.000965108609411306,7.994721966902507e-5,209.0,3.1121528549053296e-5,2.5780307574550293e-6,1.8226613579374478e-5,1.5098477678502166e-6,40124.0,19.24185943611216,1.5939482335751929,14.87146326371665,1.2319153810775898,1.8648975e7,2.5429432118537525,0.2106511511569016,1.5709368007911488,0.1301325345917427,6.541979e6,0.04147365976952557,0.0034355758053958006,0.04147365976952553,0.003435575805395797,669266.0,0.006390625425020247,0.04058743335496158,0.0033621629924224946,0.04058743335496154,0.003362162992422491,669268.0,0.007229260631646897,0.0,0.0,0.0,0.0,0.0,0.0,0.0,0.0,0.0,0.0,0.0,0.0,18.36154835539213,1.5210254322851595,13.98528150835085,1.1585062675622442,1.0264094e7,2.829308491577327,4.480082388901791,0.371118988462177,3.063933267444553,0.2538086839086837,1.9546836e7,0.797973179465981,16.590978822718732,1.3743558139773642,12.160751897553554,1.0073667293127333,9.843718e6,2.5779955331821864,0.9527474918943112,0.07892325514539636,0.5920553807879785,0.04904440922245731,1.8783113e7,0.3657821958113324,1.0,0
3.2832e6,9.867863268699136e-11,8.182156512878458e-12,0.031132468132180704,0.00258141727295421,0.0,0.0,0.0,0.0,0.0,0.1747570294336389,0.0,0.0,0.0,0.08219224075537365,0.006815150957126209,1.365746e6,-3.111767240936578e-5,-2.5801904529578596e-6,3.111767240936578e-5,2.5801904529578596e-6,7.937882637263312,0.6581870497229838,0.0,0.0,0.0,0.0,0.0,0.0,0.0,0.0,0.0,0.0,0.040613566072980944,0.003367563423880599,0.040613566072980944,0.003367563423880599,677705.0,0.000965108609411306,8.002410936497293e-5,0.000965108609411306,8.002410936497293e-5,209.0,3.112153291110195e-5,2.5805105549755254e-6,1.8226616152166016e-5,1.5113000859084748e-6,40124.0,19.257713787242402,1.596795820907304,14.880751080838792,1.2338703025894202,1.8765615e7,2.5441618194655278,0.2109547896451631,1.5716506754395334,0.13031688279272896,6.632699e6,0.04153923358496887,0.0034443171876462216,0.041539233584968825,0.003444317187646218,677906.0,0.006415517054737264,0.04065300717040487,0.003370833769479994,0.040653007170404834,0.003370833769479991,677908.0,0.007238076132348588,0.0,0.0,0.0,0.0,0.0,0.0,0.0,0.0,0.0,0.0,0.0,0.0,18.377746011173475,1.5238313515583615,13.994838765087614,1.1604129286191551,1.0339694e7,2.838346613235944,4.4816933958270955,0.3716094944658184,3.0649452851262398,0.25413669954121443,1.9676436e7,0.7979443652192023,16.607076537713272,1.3770123860951586,12.170226643661382,1.0091211895031478,9.918406e6,2.585814337431653,0.9542360027656389,0.07912258320013443,0.5929756684857338,0.0491678856482434,1.8898978e7,0.365307703519945,1.0,0
3.3048e6,6.611215626940069e-11,5.486547843155351e-12,0.03005665450057159,0.0024943562913088985,0.0,0.0,0.0,0.0,0.0,0.1747570294336389,0.0,0.0,0.0,0.08233798604876588,0.0068331049122761734,1.383026e6,-3.111767522364104e-5,-2.5824087961459575e-6,3.111767522364104e-5,2.5824087961459575e-6,7.93898377928065,0.6588442548079126,0.0,0.0,0.0,0.0,0.0,0.0,0.0,0.0,0.0,0.0,0.040686438719677004,0.0033765060043342587,0.040686438719677004,0.0033765060043342587,686345.0,0.000965108609411306,8.009290360760853e-5,0.000965108609411306,8.009290360760853e-5,209.0,3.112153605434245e-5,2.5827292006457185e-6,1.8226617995577406e-5,1.5125994566590203e-6,40124.0,19.273708777719833,1.5994959367699004,14.890121214267813,1.2357086357849538,1.8882255e7,2.5454010606498088,0.21123898368048416,1.5723766336488088,0.1304891583450988,6.723419e6,0.041612106231665,0.003453325750927933,0.04161210623166493,0.0034533257509279268,686546.0,0.006440961199418485,0.04072587981710101,0.0033797791613482515,0.04072587981710095,0.0033797791613482463,686548.0,0.007247400061856009,0.0,0.0,0.0,0.0,0.0,0.0,0.0,0.0,0.0,0.0,0.0,0.0,18.394071740166915,1.5264961896208384,14.004481793227697,1.1622107599098934,1.0415294e7,2.8471402461137725,4.483399014372586,0.3720705023154091,3.06602354382976,0.2544446560314132,1.9806036e7,0.79784614697127,16.623290851885535,1.3795417623032467,12.17977468990742,1.010781077578601,9.993089e6,2.593410602677139,0.9558198932599848,0.07932204710493988,0.5939576577500509,0.049291647556841775,1.9014809e7,0.36483196752757835,1.0,0
3.3264e6,4.4128259608270375e-11,3.6649375809235015e-12,0.029044520046202928,0.002412203743862703,0.0,0.0,0.0,0.0,0.0,0.1747570294336389,0.0,0.0,0.0,0.08249655648446697,0.006851499081102145,1.400306e6,-3.111767711787078e-5,-2.5843834611359588e-6,3.111767711787078e-5,2.5843834611359588e-6,7.940142849202547,0.6594442695965641,0.0,0.0,0.0,0.0,0.0,0.0,0.0,0.0,0.0,0.0,0.04076572393752743,0.003385672469262673,0.04076572393752743,0.003385672469262673,694985.0,0.000965108609411306,8.01541425767313e-5,0.000965108609411306,8.01541425767313e-5,209.0,3.112153860154414e-5,2.5847041648473276e-6,1.8226619498655643e-5,1.5137561138100449e-6,40124.0,19.289832671272464,1.6020580307097088,14.899566995254572,1.2374379480436581,1.8998895e7,2.546657159296521,0.21150481826580994,1.573112474694197,0.13065004327625485,6.814139e6,0.04169139144951559,0.0034625509521722863,0.041691391449515475,0.0034625509521722764,695186.0,0.0064668926902816315,0.0408051650349516,0.0033889481289298773,0.040805165034951484,0.0033889481289298674,695188.0,0.00725708297783846,0.0,0.0,0.0,0.0,0.0,0.0,0.0,0.0,0.0,0.0,0.0,0.0,18.410513834591058,1.5290288952129705,14.014203766439167,1.163906814052477,1.0490894e7,2.8557170485762016,4.485188004591039,0.37250356622839126,3.0671612736587544,0.2547336948787896,1.9935636e7,0.7976779775953057,16.639611492363926,1.3819520196736215,12.18938981960701,1.0123524751479556,1.0067763e7,2.600819212050331,0.9574903538648033,0.07952143167217017,0.5949952290394739,0.04941550821932414,1.9130628e7,0.3643482320020221,1.0,0
3.348e6,2.930772484422155e-11,2.4356901759012547e-12,0.028094512342346237,0.0023348631827516684,0.0,0.0,0.0,0.0,0.0,0.1747570294336389,0.0,0.0,0.0,0.08266622688105674,0.0068701790317481125,1.417586e6,-3.111767827563497e-5,-2.5861107839547535e-6,3.111767827563497e-5,2.5861107839547535e-6,7.9556360184458725,0.661172595149273,0.0,0.0,0.0,0.0,0.0,0.0,0.0,0.0,0.0,0.0,0.04085055913582219,0.0033949856597897295,0.04085055913582219,0.0033949856597897295,703625.0,0.000965108609411306,8.020771216856553e-5,0.000965108609411306,8.020771216856553e-5,209.0,3.112154079499395e-5,2.586431788075916e-6,1.822662078453382e-5,1.5147679125805512e-6,40124.0,19.30606578884203,1.604477830576372,14.909077073282758,1.2390553259308785,1.9115535e7,2.547926438904014,0.2117516603265494,1.5738560550515495,0.13079915796765026,6.904859e6,0.04177622664781046,0.0034719155230624604,0.04177622664781036,0.003471915523062452,703826.0,0.006493141167412858,0.04089000023324647,0.0033982635086856673,0.040890000233246376,0.00339826350868566,703828.0,0.007266995348292594,0.0,0.0,0.0,0.0,0.0,0.0,0.0,0.0,0.0,0.0,0.0,0.0,18.42705239747794,1.531425272139606,14.023993326441248,1.1654982757507524,1.0566494e7,2.8640559982793174,4.487052463091356,0.3729074727293261,3.0683539545634924,0.2550030622657352,2.0065236e7,0.7974416529916669,16.656019960619634,1.3842392885606472,12.199060888398623,1.013832800704492,1.0142407e7,2.6080281046606975,0.9592375766335804,0.07971978562581583,0.5960830869344234,0.04953894328489053,1.9247185e7,0.36385189783176547,1.0,0
3.3696e6,1.923005325809315e-11,1.599065167878785e-12,0.027202584437135444,0.002262016889183496,0.0,0.0,0.0,0.0,0.0,0.1747570294336389,0.0,0.0,0.0,0.08284609067038881,0.006889023972421524,1.434866e6,-3.111767908993446e-5,-2.587574567272848e-6,3.111767908993446e-5,2.587574567272848e-6,7.971287481971646,0.6628483023157784,0.0,0.0,0.0,0.0,0.0,0.0,0.0,0.0,0.0,0.0,0.040940491030488364,0.0034043854317020975,0.040940491030488364,0.0034043854317020975,712265.0,0.000965108609411306,8.025310901726445e-5,0.000965108609411306,8.025310901726445e-5,209.0,3.1121542935268286e-5,2.5878958633402313e-6,1.8226622032504818e-5,1.515625361464056e-6,40124.0,19.322380147788788,1.6067425628079306,14.918634998105185,1.2405514044911663,1.9232175e7,2.5492062445995107,0.21197793145802105,1.574605816453144,0.13093553514574263,6.995579e6,0.04186615854247648,0.003481358836590316,0.0418661585424764,0.003481358836590309,712466.0,0.0065195321151967365,0.04097993212791249,0.0034076651358312207,0.040979932127912407,0.0034076651358312137,712468.0,0.007277091486313992,0.0,0.0,0.0,0.0,0.0,0.0,0.0,0.0,0.0,0.0,0.0,0.0,18.443659458563957,1.5336729967711074,14.033834372608531,1.1669762644871413,1.0642094e7,2.872105642075158,4.488985806357654,0.3732793011911072,3.069598076198294,0.2552508460147211,2.0194836e7,0.7971404220891685,16.672498729926897,1.3863930392033157,12.208765901177195,1.0152136363503008,1.0216848e7,2.6149966196791055,0.9610546027279826,0.07991600018086942,0.5972182499888811,0.049661375783076805,1.936404e7,0.36334138762267815,1.0,0
3.3912e6,1.2431598565715173e-11,1.0342169931191497e-12,0.02636313281987184,0.002193217534337274,0.0,0.0,0.0,0.0,0.0,0.1747570294336389,0.0,0.0,0.0,0.08308480782115323,0.006912041091453326,1.452146e6,-3.1117679525496263e-5,-2.5887606313526953e-6,3.1117679525496263e-5,2.5887606313526953e-6,7.98696466408233,0.664456347699072,0.0,0.0,0.0,0.0,0.0,0.0,0.0,0.0,0.0,0.0,0.04105984960587063,0.0034158755990095053,0.04105984960587063,0.0034158755990095053,720904.0,0.000965108609411306,8.028989343425952e-5,0.000965108609411306,8.028989343425952e-5,209.0,3.1121544959681015e-5,2.589082206868388e-6,1.822662321828403e-5,1.516320154635315e-6,40124.0,19.338744921404533,1.608840449407049,14.928222516770505,1.241917628074551,1.9348815e7,2.5504957977218865,0.2121823738869426,1.5753612919304196,0.13105840007655106,7.086299e6,0.0419855171178587,0.0034928842850457985,0.041985517117858605,0.0034928842850457903,721105.0,0.0065497754920068214,0.04109929070329471,0.0034191568064075428,0.04109929070329462,0.003419156806407535,721107.0,0.007291709757717322,0.0,0.0,0.0,0.0,0.0,0.0,0.0,0.0,0.0,0.0,0.0,0.0,18.460331933698733,1.5357629900554133,14.04372264828982,1.1683337852920799,1.0717693e7,2.879827092143183,4.491015101121887,0.37361921794550557,3.0709072499738608,0.25547675509525697,2.0324435e7,0.7967820873434476,16.68902862237446,1.3884036641524704,12.218478057731565,1.016486944181863,1.0290855e7,2.6216838310806176,0.9629297639027639,0.08010862961381006,0.5983865029620049,0.04978132832596381,1.9479972e7,0.3628146465809403,1.0,0
3.4128e6,7.833522336935821e-12,6.519202180615347e-13,0.025570278664522127,0.0021280058862243657,0.0,0.0,0.0,0.0,0.0,0.1747570294336389,0.0,0.0,0.0,0.08336872856668555,0.006938099793300152,1.469426e6,-3.111767978411017e-5,-2.589670868081207e-6,3.111767978411017e-5,2.589670868081207e-6,8.00265553982144,0.6659957960408999,0.0,0.0,0.0,0.0,0.0,0.0,0.0,0.0,0.0,0.0,0.04120180997863683,0.003428890834861598,0.04120180997863683,0.003428890834861598,729544.0,0.000965108609411306,8.031812357690835e-5,0.000965108609411306,8.031812357690835e-5,209.0,3.112154692707489e-5,2.589992698871546e-6,1.8226624384056385e-5,1.5168533939009147e-6,40124.0,19.355149201825494,1.6107713165982123,14.937832793286587,1.24315407464267,1.9465455e7,2.551795734902492,0.2123651609573187,1.5761228286088331,0.13116785705373443,7.177019e6,0.042127477490624884,0.0035059265973591846,0.042127477490624766,0.003505926597359175,729745.0,0.006582785348741696,0.04124125107606089,0.0034321731959409867,0.04124125107606078,0.003432173195940977,729747.0,0.007309683574335679,0.0,0.0,0.0,0.0,0.0,0.0,0.0,0.0,0.0,0.0,0.0,0.0,18.477038678137564,1.5376933346301813,14.053657752306725,1.1695713923284419,1.0793293e7,2.887198255002223,4.493125284240257,0.37392619681039685,3.0722909673208636,0.2556817369270125,2.0454035e7,0.7963707024083888,16.705583842861376,1.3902695866880588,12.228200439031097,1.0176534582821628,1.0364916e7,2.6280757513572155,0.9648598914010289,0.08029742480405477,0.5995767333157794,0.04989788474653685,1.9595873e7,0.36227350525718316,1.0,0
3.4344e6,4.689073163411308e-12,3.9033306548776064e-13,0.02481907324441693,0.002066017015398988,0.0,0.0,0.0,0.0,0.0,0.1747570294336389,0.0,0.0,0.0,0.08367199726223884,0.006965117849236764,1.486706e6,-3.111767994290736e-5,-2.5903326690994965e-6,3.111767994290736e-5,2.5903326690994965e-6,8.01838351061669,0.6674752359117726,0.0,0.0,0.0,0.0,0.0,0.0,0.0,0.0,0.0,0.0,0.04135344432641359,0.0034423896002218498,0.04135344432641359,0.0034423896002218498,738184.0,0.000965108609411306,8.033864879303461e-5,0.000965108609411306,8.033864879303461e-5,209.0,3.1121548926693063e-5,2.5906547353690487e-6,1.822662556298488e-5,1.5172411224058812e-6,40127.0,19.37161665782212,1.6125537499612308,14.947479685725126,1.2442747988177076,1.9582095e7,2.55310573589261,0.21252847922729942,1.5768902380829382,0.13126525842494036,7.266213e6,0.04227911183840146,0.003519445049131458,0.04227911183840141,0.003519445049131454,738385.0,0.006616638720740331,0.04139288542383747,0.0034456728001053135,0.04139288542383742,0.0034456728001053096,738387.0,0.007328759414951561,0.0,0.0,0.0,0.0,0.0,0.0,0.0,0.0,0.0,0.0,0.0,0.0,18.493794129740994,1.5394810666399819,14.063633340453178,1.1707006741778674,1.0868893e7,2.894260286260334,4.495311566230601,0.3742037462031948,3.073731628502171,0.25586700126621564,2.0583635e7,0.7959110998621193,16.72218496190215,1.3920067975830077,12.237945464764532,1.018724724921629,1.0438954e7,2.6342134116716225,0.9668659146454506,0.08048493235806697,0.6008138340581749,0.05001361622277829,1.9711705e7,0.3617289314002563,1.0,0
3.456e6,2.5780349460316104e-12,2.1464157406677794e-13,0.024105738515572007,0.0020069912810875795,0.0,0.0,0.0,0.0,0.0,0.1747570294336389,0.0,0.0,0.0,0.0839934120217731,0.006993108528394538,1.503986e6,-3.111767994846914e-5,-2.590790251205436e-6,3.111767994846914e-5,2.590790251205436e-6,8.03417610884119,0.6689080025799735,0.0,0.0,0.0,0.0,0.0,0.0,0.0,0.0,0.0,0.0,0.04151415170618071,0.0034563778438992444,0.04151415170618071,0.0034563778438992444,746824.0,0.000965108609411306,8.035284059601802e-5,0.000965108609411306,8.035284059601802e-5,209.0,3.112155089392792e-5,2.5911125376925444e-6,1.8226626714893473e-5,1.5175092385905742e-6,40148.0,19.388173422410933,1.6142170873485615,14.957178923893578,1.2453021371043853,1.9698735e7,2.5544234096419336,0.21267572897820905,1.5776621440447105,0.13135271361025697,7.354773e6,0.04243981921816862,0.0035334469046353696,0.04243981921816854,0.003533446904635363,747025.0,0.006651416466285996,0.04155359280360463,0.0034596616237591808,0.04155359280360455,0.0034596616237591747,747027.0,0.007348868337153973,0.0,0.0,0.0,0.0,0.0,0.0,0.0,0.0,0.0,0.0,0.0,0.0,18.510620067166297,1.5411539064994288,14.073661178081528,1.1717423740883939,1.0944493e7,2.9010925443152,4.497568443970212,0.3744577519295577,3.0752245712113093,0.2560364992684371,2.0713235e7,0.7954074750717681,16.738859142133578,1.3936409511749006,12.247726217457156,1.0197190065637358,1.0512971e7,2.640171602049927,0.968945277856739,0.08067227325365817,0.6020956251195494,0.05012917024779389,1.9827477e7,0.3611828934460444,1.0,0
3.4776e6,1.1365085809307252e-12,9.463363780508765e-14,0.02342681895791933,0.001950680476493676,0.0,0.0,0.0,0.0,0.0,0.1747570294336389,0.0,0.0,0.0,0.08433120881620315,0.007022005116971687,1.521266e6,-3.1117680007654156e-5,-2.591075253270311e-6,3.1117680007654156e-5,2.591075253270311e-6,8.050022983489356,0.6703011064978468,0.0,0.0,0.0,0.0,0.0,0.0,0.0,0.0,0.0,0.0,0.0416830501033958,0.0034708217186232753,0.0416830501033958,0.0034708217186232753,755464.0,0.000965108609411306,8.036167972511628e-5,0.000965108609411306,8.036167972511628e-5,209.0,3.112155282537288e-5,2.591397731107635e-6,1.8226627840074568e-5,1.5176762642770405e-6,40224.0,19.404807789065273,1.6157797510722707,14.966923959626616,1.2462505649466162,1.9815375e7,2.5557460933408116,0.21280926002416556,1.5784370049610752,0.13143168325513824,7.443333e6,0.042608717615383644,0.003547899257259769,0.04260871761538357,0.0035478992572597623,755665.0,0.006687097889218496,0.04172249120081965,0.003474105859711931,0.04172249120081958,0.0034741058597119244,755667.0,0.007369890516059348,0.0,0.0,0.0,0.0,0.0,0.0,0.0,0.0,0.0,0.0,0.0,0.0,18.527501919607467,1.542729140379514,14.083733265367957,1.1727099426621355,1.1020093e7,2.907743436389342,4.499890058879697,0.3746922576211438,3.0767665718760737,0.2561930620315037,2.0842835e7,0.7948637800322841,16.755590340804407,1.3951874135640694,12.25753506538123,1.0206479328211546,1.0586935e7,2.6459951506697497,0.9710856776872266,0.08085937215247704,0.6034207901999125,0.050245027148914254,1.9943459e7,0.36063357004387403,1.0,0
3.4992e6,1.052718252333133e-13,8.76598418462819e-15,0.022784696018829924,0.001897281485430342,0.0,0.0,0.0,0.0,0.0,0.171821245087303,0.0,0.0,0.0,0.08467607928797705,0.007050976557209329,1.538546e6,-3.111768003316881e-5,-2.591169008692725e-6,3.111768003316881e-5,2.591169008692725e-6,8.065884219096288,0.6716461250950688,0.0,0.0,0.0,0.0,0.0,0.0,0.0,0.0,0.0,0.0,0.04185546417356739,0.003485304222403248,0.04185546417356739,0.003485304222403248,764100.0,0.0009651509408418492,8.036811240279837e-5,0.0009651509408418492,8.036811240279837e-5,210.0,3.112155479963491e-5,2.5914916604704983e-6,1.8226629010551376e-5,1.517731276070039e-6,40355.0,19.421464554581735,1.6172252238475047,14.976682104934607,1.2471082189284157,1.9931807e7,2.557079298563137,0.21292797612623968,1.5792180290183369,0.13150147473717114,7.531893e6,0.04278116715552346,0.0035623875035328896,0.04278116715552342,0.003562387503532887,764302.0,0.00672286076643412,0.04189491213245365,0.0034885890536764438,0.04189491213245362,0.003488589053676441,764304.0,0.007390989666980932,0.0,0.0,0.0,0.0,0.0,0.0,0.0,0.0,0.0,0.0,0.0,0.0,18.544382643887506,1.5441906189973547,14.09381026025732,1.1735914863141366,1.109569e7,2.914163189169487,4.502260604744825,0.37490321051048353,3.078342808752146,0.25633358514093585,2.0972432e7,0.7942769160732321,16.772321292751787,1.3966310821144425,12.267349212382344,1.0215020870467924,1.0661005e7,2.651667844776949,0.9732604306938267,0.08104338956865245,0.6047767737103514,0.05035975791077814,2.0059696e7,0.360060256082233,1.0,0
3.5208e6,9.669788445558093e-15,8.050652503034281e-16,0.022312945203806965,0.0018576804359935273,0.0,0.0,0.0,0.0,0.0,0.16798489933457073,0.0,0.0,0.0,0.08497002784422322,0.00707424129491912,1.555828e6,-3.111767999990758e-5,-2.5907250173084534e-6,3.111767999990758e-5,2.5907250173084534e-6,8.08175347341178,0.672852246933241,0.0,0.0,0.0,0.0,0.0,0.0,0.0,0.0,0.0,0.0,0.042002438451690514,0.0034969434766690946,0.042002438451690514,0.0034969434766690946,772707.0,0.0009651509408418492,8.03543415809018e-5,0.0009651509408418492,8.03543415809018e-5,210.0,3.112155679399897e-5,2.591047782612279e-6,1.822663017568857e-5,1.5174713146200423e-6,40542.0,19.438009540016154,1.6183255821818916,14.986374209343817,1.2477014540611169,2.0046287e7,2.5584641374959065,0.21300678736065243,1.5800292645444416,0.1315464823774433,7.619475e6,0.042928141433646524,0.003574013549822286,0.04292814143364651,0.003574013549822285,772909.0,0.006753345808050329,0.04204188641057674,0.0035002277450968374,0.042041886410576705,0.0035002277450968348,772911.0,0.007405749758508403,0.0,0.0,0.0,0.0,0.0,0.0,0.0,0.0,0.0,0.0,0.0,0.0,18.5611943451583,1.5453256972007112,14.103817301545716,1.174223538604768,1.1171256e7,2.919999791210025,4.504580805600148,0.3750321420359883,3.0798606335572782,0.256416030796769,2.1101998e7,0.7934895662736569,16.789009413803452,1.3977811554170145,12.277132475115428,1.0221415685290824,1.0734886e7,2.6570384860745837,0.9754237549826063,0.08120961217281927,0.606099724443182,0.05046127214828919,2.0175908e7,0.3592703615739203,1.0,0
3.5424e6,6.5814752350796685e-15,5.477896097914173e-16,0.021954249932145613,0.001827297007742629,0.0,0.0,0.0,0.0,0.0,0.16798489933457073,0.0,0.0,0.0,0.08529979428608314,0.0070996758869815955,1.573108e6,-3.111767973582416e-5,-2.589987963374152e-6,3.111767973582416e-5,2.589987963374152e-6,8.097701293719528,0.6739881976993232,0.0,0.0,0.0,0.0,0.0,0.0,0.0,0.0,0.0,0.0,0.04216732167262057,0.0035096722026508372,0.04216732167262057,0.0035096722026508372,781303.0,0.0009651509408418492,8.03314816799088e-5,0.0009651509408418492,8.03314816799088e-5,210.0,3.1121558815892e-5,2.590310827121384e-6,1.8226631352648975e-5,1.5170397091616092e-6,40922.0,19.454631998269672,1.6192487079743243,14.996111810944798,1.2481569775604384,2.0160767e7,2.559841555927805,0.21306083468573178,1.5808361620151423,0.13157621861414692,7.705875e6,0.04309302465457649,0.003586720350240235,0.04309302465457648,0.003586720350240234,781505.0,0.0067861006935556415,0.0422067696315067,0.003512955536741365,0.04220676963150667,0.0035129555367413626,781507.0,0.007422446684412084,0.0,0.0,0.0,0.0,0.0,0.0,0.0,0.0,0.0,0.0,0.0,0.0,18.578126843818527,1.5462953959299697,14.113913135997626,1.17472978219062,1.1246812e7,2.925602007990233,4.5069511055714,0.3751227345368973,3.081425715864162,0.2564733483303968,2.1231554e7,0.7925885961522147,16.805809841712833,1.3987818363809728,12.28698187794206,1.0226705667077727,1.080838e7,2.6622047831810844,0.9777689294833797,0.08138170261479208,0.6075334009359037,0.05056624430645644,2.0292099e7,0.35846152250469754,1.0,0
3.564e6,7.0308856977891496e-15,5.850017043750716e-16,0.02162631000047851,0.0017994074649232037,0.0,0.0,0.0,0.0,0.0,0.16798489933457073,0.0,0.0,0.0,0.08564227372691208,0.007125827136196243,1.590388e6,-3.1117679529851754e-5,-2.5891326276125833e-6,3.1117679529851754e-5,2.5891326276125833e-6,8.113698057884076,0.675096623194917,0.0,0.0,0.0,0.0,0.0,0.0,0.0,0.0,0.0,0.0,0.042338561393035025,0.003522761091607903,0.042338561393035025,0.003522761091607903,789906.0,0.0009651509408418492,8.030495298042292e-5,0.0009651509408418492,8.030495298042292e-5,210.0,3.1121560758046465e-5,2.589455563471104e-6,1.822663248641167e-5,1.5165388157173023e-6,41445.0,19.471306454353563,1.6201013573279919,15.005880242587839,1.248557563710995,2.0275243e7,2.5612256829347584,0.21310563906296828,1.5816470120261756,0.13160023324600492,7.792014e6,0.04326426437499098,0.0035997837947873337,0.04326426437499094,0.00359978379478733,790108.0,0.00681952233888547,0.04237800935192118,0.0035260433414089167,0.04237800935192113,0.0035260433414089124,790110.0,0.007439931803100163,0.0,0.0,0.0,0.0,0.0,0.0,0.0,0.0,0.0,0.0,0.0,0.0,18.59510968614082,1.5471977965527737,14.124043848640286,1.1751847603952617,1.1322375e7,2.931051012437082,4.5093579349074275,0.3751991130203706,3.0830171908204393,0.2565210684359059,2.1361117e7,0.7916680378465891,16.822659286737903,1.3997218526760256,12.29685983585396,1.0231547306618811,1.0882372e7,2.6672417163037014,0.9801471136849741,0.0815527028442971,0.608987227810047,0.050670510306198326,2.0408213e7,0.357663446798923,1.0,0
3.5856e6,4.288191178986845e-15,3.5666402493415676e-16,0.02133264138488414,0.0017743112238310687,0.0,0.0,0.0,0.0,0.0,0.16798489933457073,0.0,0.0,0.0,0.08599436713272071,0.007152455621269264,1.607668e6,-3.111767948516219e-5,-2.5881674460258556e-6,3.111767948516219e-5,2.5881674460258556e-6,8.129699837410335,0.676175885003896,0.0,0.0,0.0,0.0,0.0,0.0,0.0,0.0,0.0,0.0,0.04251460809593948,0.0035360903022002553,0.04251460809593948,0.0035360903022002553,798515.0,0.0009651509408418492,8.027501686876124e-5,0.0009651509408418492,8.027501686876124e-5,210.0,3.112156265456854e-5,2.588490422957658e-6,1.8226633597050966e-5,1.5159735721624802e-6,41965.0,19.487990899060893,1.6208851195812315,15.015654082498212,1.2489050507650523,2.0389723e7,2.5626179362668235,0.21314199609293855,1.5824625954195835,0.1316190102148037,7.878414e6,0.0434403110778953,0.003613084292826373,0.04344031107789526,0.00361308429282637,798717.0,0.0068533576298470044,0.04255405605482549,0.0035393713284428974,0.042554056054825457,0.0035393713284428943,798719.0,0.00745797840093234,0.0,0.0,0.0,0.0,0.0,0.0,0.0,0.0,0.0,0.0,0.0,0.0,18.61210059274988,1.5480342253439305,14.134190335121355,1.175590593724624,1.1397944e7,2.9363367443680484,4.511803916951705,0.3752626871253181,3.0846431208559504,0.2565606767629883,2.1490686e7,0.7907339342345033,16.83951337534076,1.4006018779695897,12.306740803841894,1.0235951536929215,1.0956455e7,2.6721389532711637,0.982562365062888,0.08172318659424885,0.61046324728287,0.050774387092910864,2.052442e7,0.3568808584067733,1.0,0
3.6072e6,2.8985023458186677e-15,2.409792152897681e-16,0.021075520706218334,0.001752202287824363,0.0,0.0,0.0,0.0,0.0,0.16798489933457073,0.0,0.0,0.0,0.08635540414816113,0.007179520678213221,1.624948e6,-3.11176795092284e-5,-2.5870995069539542e-6,3.11176795092284e-5,2.5870995069539542e-6,8.145753479783076,0.6772315655820509,0.0,0.0,0.0,0.0,0.0,0.0,0.0,0.0,0.0,0.0,0.04269512660365963,0.0035496393923880793,0.04269512660365963,0.0035496393923880793,807121.0,0.0009651509408418492,8.024189343706009e-5,0.0009651509408418492,8.024189343706009e-5,210.0,3.112156466126706e-5,2.5874225154520874e-6,1.8226634768405348e-5,1.5153481418428723e-6,42714.0,19.504732041400516,1.621608148275048,15.025461095426452,1.2492050694270258,2.0504203e7,2.5640170375400215,0.2131703686862032,1.5832821880909738,0.13163284129089303,7.964814e6,0.0436208295856155,0.003626601613414027,0.04362082958561547,0.003626601613414025,807323.0,0.006887540348903683,0.042734574562545695,0.0035529190647991993,0.04273457456254566,0.0035529190647991963,807325.0,0.007476572054894714,0.0,0.0,0.0,0.0,0.0,0.0,0.0,0.0,0.0,0.0,0.0,0.0,18.629141927010007,1.548812271816405,14.144363932018265,1.1759513412254792,1.147351e7,2.941460946676864,4.5142806199426255,0.3753137557266059,3.086284658729102,0.2565912897377096,2.1620252e7,0.7897901096831524,16.856421818655267,1.4014297101786772,12.316650543424643,1.0239966813324946,1.1030498e7,2.676902180860563,0.985014301164104,0.08189331765977291,0.6119596907154933,0.05087784947641182,2.0640556e7,0.35611603944865444,1.0,0
3.6288e6,1.4637777052671619e-15,1.2164403344933782e-16,0.02085604534779617,0.0017331958731023164,0.0,0.0,0.0,0.0,0.0,0.16798489933457073,0.0,0.0,0.0,0.08672101783662887,0.007206759849204106,1.642228e6,-3.1117679634717076e-5,-2.5859664679483765e-6,3.1117679634717076e-5,2.5859664679483765e-6,8.16183995175106,0.6782717953186338,0.0,0.0,0.0,0.0,0.0,0.0,0.0,0.0,0.0,0.0,0.04287793344789344,0.0035632765493050452,0.04287793344789344,0.0035632765493050452,815723.0,0.0009651509408418492,8.020675059400333e-5,0.0009651509408418492,8.020675059400333e-5,210.0,3.112156670733229e-5,2.5862894945865906e-6,1.822663595924646e-5,1.5146845769800915e-6,43720.0,19.52150942738672,1.6222921945195083,15.035289930620056,1.2494747697410968,2.0618683e7,2.5654213498528566,0.21319371060935038,1.5841048700950344,0.1316435583843854,8.051214e6,0.0438036364298494,0.0036402050638574997,0.043803636429849344,0.003640205063857495,815925.0,0.006921879137636659,0.0429173814067796,0.0035665547853466176,0.04291738140677953,0.0035665547853466115,815927.0,0.007495363324428325,0.0,0.0,0.0,0.0,0.0,0.0,0.0,0.0,0.0,0.0,0.0,0.0,18.64621407449311,1.5495526953439778,14.154562365272328,1.1762838384723637,1.1549072e7,2.9464868836823337,4.5167810677305384,0.37535717705583466,3.087946264090667,0.25661699675241645,2.1749814e7,0.788839254628701,16.873357343681757,1.4022233278534824,12.326578573369428,1.0243732575645208,1.1104188e7,2.6815886454068414,0.9874891712472447,0.0820631202031695,0.6134708286923318,0.05098114675275969,2.0756725e7,0.3553659771896868,1.0,0
3.6504e6,1.3840097365919503e-15,1.1496168297282912e-16,0.020672966862951205,0.0017171837739080114,0.0,0.0,0.0,0.0,0.0,0.16798489933457073,0.0,0.0,0.0,0.08709712427139822,0.007234654297295367,1.659508e6,-3.111767946547678e-5,-2.58476563204625e-6,3.111767946547678e-5,2.58476563204625e-6,8.177904652871272,0.6792912341790814,0.0,0.0,0.0,0.0,0.0,0.0,0.0,0.0,0.0,0.0,0.04306598666527815,0.0035772423957921083,0.04306598666527815,0.0035772423957921083,824310.0,0.0009651509408418492,8.016950571114483e-5,0.0009651509408418492,8.016950571114483e-5,210.0,3.1121568671310375e-5,2.585088685877619e-6,1.8226637115316062e-5,1.5139813126398152e-6,44839.0,19.538270341296403,1.622931097540236,15.045108256840198,1.2497101140154048,2.0733163e7,2.56683389494056,0.2132120437250001,1.5849323213152302,0.1316511598430697,8.137614e6,0.04399168964723405,0.0036541351877464995,0.04399168964723402,0.003654135187746497,824512.0,0.006956795566013872,0.04310543462416425,0.0035805191095488746,0.043105434624164204,0.0035805191095488703,824514.0,0.007514900986052523,0.0,0.0,0.0,0.0,0.0,0.0,0.0,0.0,0.0,0.0,0.0,0.0,18.663265356201585,1.5502494949210102,14.16475544205409,1.176584298118405,1.1624619e7,2.951387471554571,4.519314235878696,0.37539329146559264,3.089634816957244,0.2566380921593001,2.1879361e7,0.7878867085693951,16.890263787003637,1.4029765105485326,12.336491504745107,1.0247209884937707,1.1177935e7,2.686173687458098,0.9899991817356311,0.082233505346796,0.6150033296436024,0.05108476908827359,2.087287e7,0.3546366486804188,1.0,0
3.672e6,0.0005436907500348127,4.643725096361576e-5,0.018826255098508146,0.001607972055177499,0.0,0.0,0.0,0.0,0.0,0.17508812696339263,0.0,0.0,0.0,0.10503721607795766,0.008971349178221883,1.677142e6,-3.7858285873749134e-5,-3.233519647077002e-6,3.7858285873749134e-5,3.233519647077002e-6,8.225224257629236,0.7025258440742135,0.0,0.0,0.0,0.0,0.0,0.0,0.0,0.0,0.0,0.0,0.048106190642751644,0.004108804955092511,0.048106190642751644,0.004108804955092511,833010.0,0.008824834792454196,0.000753739268036846,0.008824834792454196,0.000753739268036846,442.0,3.78621854031245e-5,3.233852710356508e-6,2.218196634126816e-5,1.8945872038286317e-6,47340.0,19.765650370237214,1.6882068834958464,15.178880483797947,1.2964456031810765,2.0851084e7,3.383491163374398,0.28898786355429573,2.0947814339277775,0.17891768648813408,8.218053e6,0.056856215049985726,0.004856154582266552,0.05685621504998577,0.004856154582266557,833322.0,0.009509670746435498,0.04818100102797184,0.004115194595955322,0.04818100102797188,0.004115194595955326,833324.0,0.008382836083517746,0.0,0.0,0.0,0.0,0.0,0.0,0.0,0.0,0.0,0.0,0.0,0.0,19.658358683117658,1.6790429773584665,14.784298530033222,1.2627439056415966,1.1700457e7,3.288022572860787,4.6103770504185855,0.3937775952845878,3.1461414871776627,0.268715555300063,2.200843e7,0.8021426344885119,17.894334566108213,1.5283756529241386,12.964388926598023,1.1073033376709192,1.1251634e7,3.0174086366182773,1.0857266192958792,0.09273315666101098,0.6775432157664865,0.0578697436865148,2.0990084e7,0.3840984586300807,1.0,0
3.6936e6,0.0005146346786181394,4.064666468963398e-5,0.019310343078238354,0.001525161581124905,0.0,0.0,0.0,0.0,0.0,0.1780239113097285,0.0,0.0,0.0,0.10510882025963314,0.008301661645670779,1.688552e6,-3.785828593398931e-5,-2.99010758119733e-6,3.785828593398931e-5,2.99010758119733e-6,8.20437170166192,0.6479943140287624,0.0,0.0,0.0,0.0,0.0,0.0,0.0,0.0,0.0,0.0,0.04814199273358953,0.003802331085396928,0.04814199273358953,0.003802331085396928,838715.0,0.008824834792454196,0.0006969994748769312,0.008824834792454196,0.0006969994748769312,442.0,3.7862186982721466e-5,2.9904156922250977e-6,2.2181967267071584e-5,1.7519670226694975e-6,47343.0,19.835219536038675,1.5666171578088905,15.21963206123719,1.2020707247203106,2.0968612e7,3.3843672720800235,0.2673027050259867,2.095294664248386,0.1654897020783113,8.298695e6,0.05689201714082349,0.0044934219171728655,0.05689201714082351,0.004493421917172867,839027.0,0.008269082138535923,0.04821680311880962,0.0038082397284979106,0.04821680311880963,0.0038082397284979115,839029.0,0.00831340571873917,0.0,0.0,0.0,0.0,0.0,0.0,0.0,0.0,0.0,0.0,0.0,0.0,19.723718414783757,1.557810622073024,14.822626412725187,1.1707145877450724,1.1772952e7,2.866782649760688,4.616801744572608,0.36464233804462004,3.1499422493914446,0.24878744422454205,2.2134854e7,0.7960159849470017,17.959424242961134,1.4184638648577748,13.002517370689946,1.026959483388664,1.1321002e7,2.631303942929411,1.091538531508992,0.08621144771120687,0.6809476121538652,0.053782324457311674,2.1110565e7,0.3774366060603689,1.0,0
3.7152e6,0.0004792287554222759,3.6328690571909845e-5,0.018060708999248005,0.0013691204906200625,0.0,0.0,0.0,0.0,0.0,0.1780239113097285,0.0,0.0,0.0,0.10527043163588823,0.00798019086709797,1.702822e6,-3.7858286003502005e-5,-2.869906995860875e-6,3.7858286003502005e-5,2.869906995860875e-6,8.191660991759399,0.6209817630358715,0.0,0.0,0.0,0.0,0.0,0.0,0.0,0.0,0.0,0.0,0.04822279842171713,0.0036556051834378558,0.04822279842171713,0.0036556051834378558,845821.0,0.008824834792454196,0.0006689805002222757,0.008824834792454196,0.0006689805002222757,442.0,3.7862188917363996e-5,2.8702028623931246e-6,2.2181968396583046e-5,1.6815390500623765e-6,47343.0,19.8790532479247,1.506962940214265,15.245308872357569,1.1556946498526532,2.1089568e7,3.3854044072871763,0.2566359129780193,2.0959022154670532,0.1588831684100224,8.348448e6,0.05697282282895113,0.004318914564584993,0.056972822828951046,0.004318914564584987,846133.0,0.007724277136213073,0.04829760880693725,0.003661276302512988,0.048297608806937176,0.0036612763025129823,846135.0,0.008279727535628887,0.0,0.0,0.0,0.0,0.0,0.0,0.0,0.0,0.0,0.0,0.0,0.0,19.76613036824196,1.49840264347066,14.847549811610891,1.1255418977973082,1.1847705e7,2.679857891774205,4.6203348072687,0.3502517569171876,3.1520789469283685,0.2389483089767642,2.2264424e7,0.792070544951543,18.001573692665563,1.3646376455687141,13.027213683423582,0.9875484506396686,1.1393015e7,2.4616818222282117,1.094807909649219,0.08299363787191713,0.682862687561737,0.0517654815134659,2.1233209e7,0.3723600539150295,1.0,0
3.7368e6,0.0004360537801528947,3.2392149911130436e-5,0.018732130441906962,0.001391511792917712,0.0,0.0,0.0,0.0,0.0,0.17631623861605816,0.0,0.0,0.0,0.10533189602498017,0.007824554497081596,1.71188e6,-3.7858285950771067e-5,-2.8122936429213726e-6,3.7858285950771067e-5,2.8122936429213726e-6,8.18465274143764,0.6079949552971047,0.0,0.0,0.0,0.0,0.0,0.0,0.0,0.0,0.0,0.0,0.048253530616263224,0.003584501886247309,0.048253530616263224,0.003584501886247309,850161.0,0.008824834792454196,0.0006555507245870124,0.008824834792454196,0.0006555507245870124,442.0,3.786219124187247e-5,2.8125837465291407e-6,2.2181969750654954e-5,1.6477822740934356e-6,47353.0,19.90813343810174,1.4788708919153701,15.262340135743356,1.1337592567098393,2.1210854e7,3.3872629949189843,0.25162201479223206,2.096990674854244,0.1557744466251483,8.387858e6,0.05700355502349712,0.004234495339407582,0.05700355502349702,0.0042344953394075745,850473.0,0.007474142447141137,0.04832834100148325,0.003590059157674028,0.048328341001483144,0.00359005915767402,850475.0,0.008256683263436143,0.0,0.0,0.0,0.0,0.0,0.0,0.0,0.0,0.0,0.0,0.0,0.0,19.795598638502945,1.470511271463175,14.864893572876156,1.104235034625252,1.1920734e7,2.5955420497829724,4.622282251191798,0.343365122438942,3.1533004636343693,0.23424216457214797,2.2393531e7,0.7896964743962956,18.030909100302868,1.339421734645176,13.044404250959285,0.9690004243290936,1.1465464e7,2.387015035667728,1.0966070473879237,0.08146119008562833,0.6839172998243773,0.05080463170152776,2.135489e7,0.368326806642571,1.0,0
3.7584e6,0.0003828318959961726,2.8255450854169285e-5,0.022165928837681363,0.0016359878042042273,0.0,0.0,0.0,0.0,0.0,0.17631623861605816,0.0,0.0,0.0,0.10543270596742617,0.007781610343967981,1.719434e6,-4.442706031325998e-5,-3.2790021740745507e-6,4.442706031325998e-5,3.2790021740745507e-6,8.184436354201056,0.6040639288256076,0.0,0.0,0.0,0.0,0.0,0.0,0.0,0.0,0.0,0.0,0.04830393558748626,0.0035651404502325536,0.04830393558748626,0.0035651404502325536,853936.0,0.008824834792454196,0.0006513294435029146,0.008824834792454196,0.0006513294435029146,442.0,4.4430966160248824e-5,3.2792904506491813e-6,2.6029786618459234e-5,1.9211653058023703e-6,114635.0,19.93252536951433,1.4711482947685879,15.278033725232543,1.127616939932207,2.1331782e7,3.3907919744519734,0.2502622090605461,2.0990743983700066,0.15492516199063425,8.482743e6,0.05705395999472021,0.004210948407189861,0.05705395999472002,0.004210948407189847,854248.0,0.0074021706097743565,0.04837874597270634,0.0035706619367781483,0.048378745972706146,0.003570661936778134,854250.0,0.008251525019171374,0.0,0.0,0.0,0.0,0.0,0.0,0.0,0.0,0.0,0.0,0.0,0.0,19.82247383256614,1.4630257850556132,14.88211459915445,1.0983955675070707,1.1993158e7,2.5717642251303974,4.623674658635991,0.3412568635191863,3.1542540400397105,0.23280419145325865,2.2521743e7,0.788618356246105,18.05771503632611,1.3327752600650788,13.061505485197966,0.9640229306341899,1.153574e7,2.368385229347689,1.0978021037997547,0.08102484070926978,0.6846587125068253,0.05053220696978924,2.1479687e7,0.36541552565622165,1.0,0
3.78e6,0.0003221227790361377,2.3929787029672035e-5,0.02862484425529767,0.0021264762114509084,0.0,0.0,0.0,0.0,0.0,0.17631623861605816,0.0,0.0,0.0,0.10553848890769074,0.007840220336330564,1.723856e6,-6.33542119453838e-5,-4.7064439336519515e-6,6.33542119453838e-5,4.7064439336519515e-6,8.178446467762582,0.6075586544755852,0.0,0.0,0.0,0.0,0.0,0.0,0.0,0.0,0.0,0.0,0.04835682705761869,0.003592321463207292,0.04835682705761869,0.003592321463207292,856147.0,0.008824834792454196,0.0006555774099160428,0.008824834792454196,0.0006555774099160428,442.0,6.335811779237271e-5,4.70673409036454e-6,3.7116827162152075e-5,2.7573267927997165e-6,196071.0,19.972972594782803,1.4837478491051055,15.312533064016675,1.1375341296978645,2.1450833e7,3.3920464453624315,0.2519876094300453,2.0997884856833244,0.15598863085718762,8.563845e6,0.05710685146485252,0.00424234137547822,0.057106851464852317,0.004242341375478205,856459.0,0.007490853015087043,0.04843163744283865,0.003597878960852376,0.04843163744283843,0.00359787896085236,856461.0,0.008256440978662818,0.0,0.0,0.0,0.0,0.0,0.0,0.0,0.0,0.0,0.0,0.0,0.0,19.86147213811447,1.4754647274029762,14.915300103473372,1.1080245738216532,1.2065426e7,2.605280533482591,4.626990296582537,0.3437288499648688,3.156820434129856,0.23451319060912948,2.2649476e7,0.7887916723374815,18.09650667021183,1.3443493561522601,13.094527287327775,0.9727633984084971,1.160577e7,2.403166310008614,1.1006170797992931,0.08176240252125085,0.6866951783042053,0.0510130622251921,2.1605854e7,0.36397806767487906,1.0,0
3.8016e6,0.0002767927553649705,2.0743061612925463e-5,0.03673392513050021,0.0027528685541709395,0.0,0.0,0.0,0.0,0.0,0.17631623861605816,0.0,0.0,0.0,0.10585151303394183,0.007932593661236819,1.730552e6,-7.462641794832021e-5,-5.592561060396299e-6,7.462641794832021e-5,5.592561060396299e-6,8.17761730163396,0.6128369194889192,0.0,0.0,0.0,0.0,0.0,0.0,0.0,0.0,0.0,0.0,0.048513339120744244,0.0036356268830210117,0.048513339120744244,0.0036356268830210117,859495.0,0.008824834792454196,0.0006613398951948585,0.008824834792454196,0.0006613398951948585,442.0,7.463032379530908e-5,5.5928537675686166e-6,4.371977179357311e-5,3.2763932669456644e-6,267363.0,20.003767239590942,1.4990976761452026,15.340300497690956,1.1496138978233714,2.1572599e7,3.4074740274318374,0.2553587199284298,2.1088553680666857,0.15803924049556936,8.638768e6,0.05726336352797814,0.004291360430506859,0.05726336352797786,0.004291360430506838,859807.0,0.0076190596551357495,0.04858814950596426,0.003641233230730002,0.048588149505963976,0.0036412332307299805,859809.0,0.008285096366738244,0.0,0.0,0.0,0.0,0.0,0.0,0.0,0.0,0.0,0.0,0.0,0.0,19.905325274757615,1.4917203597152888,14.950752240788292,1.120420852349746,1.213874e7,2.6484623217977865,4.630387883070044,0.347004823242642,3.159484344778609,0.23677418269997905,2.2778228e7,0.7895589812882928,18.14013375373109,1.3594355517874699,13.129682690682651,0.9839485020187001,1.1676982e7,2.4467257187212827,1.1035220603196172,0.08269879050212009,0.6887525216341664,0.05161564280639176,2.1731825e7,0.3633124661396886,1.0,0
3.8232e6,0.00024190880909906622,1.8323947881737308e-5,0.041139919617032575,0.0031162393206303337,0.0,0.0,0.0,0.0,0.0,0.17899999693939259,0.0,0.0,0.0,0.10654818802156243,0.00807074141479949,1.738004e6,-8.233994703254436e-5,-6.237031646877622e-6,8.233994703254436e-5,6.237031646877622e-6,8.184649235450236,0.6199653769502607,0.0,0.0,0.0,0.0,0.0,0.0,0.0,0.0,0.0,0.0,0.04886167661455478,0.0037011418436306153,0.04886167661455478,0.0037011418436306153,863210.0,0.008824834792454196,0.0006684577275383601,0.008824834792454196,0.0006684577275383601,442.0,8.234385287953317e-5,6.237327504382455e-6,4.823813401909867e-5,3.653910153045499e-6,337775.0,20.023093700784262,1.5166960094208892,15.352772492053813,1.1629316188703034,2.1695581e7,3.464376032110418,0.2624172558723751,2.14218505704908,0.16226481162299816,8.712982e6,0.05761170102178867,0.00436393288377179,0.05761170102178816,0.004363932883771752,863522.0,0.007804473812273441,0.0489364869997748,0.0037068085310277775,0.04893648699977428,0.003706808531027738,863524.0,0.008349795192466923,0.0,0.0,0.0,0.0,0.0,0.0,0.0,0.0,0.0,0.0,0.0,0.0,19.980266137962595,1.5134519356231273,14.996434105638748,1.1359399353295108,1.2212874e7,2.7066630748675222,4.634486109267784,0.35104997722543124,3.1623579887410087,0.23954019361632886,2.2906851e7,0.7907598646158838,18.21460142827431,1.3797075373209498,13.174683963540012,0.9979472149251275,1.1750364e7,2.50405368202122,1.1072373289905046,0.08387027816265806,0.6909669813847278,0.052338908211110605,2.1858432e7,0.3634605548557511,1.0,0
3.8448e6,0.0015258459324085667,0.00012082489749739904,0.042099679750928896,0.0033336848645982935,0.0,0.0,0.0,0.0,0.0,0.18931891175582793,0.0,0.0,0.0,0.11278946542511087,0.008931292019282602,1.74427e6,-9.8097706343441e-5,-7.767917495422793e-6,9.8097706343441e-5,7.767917495422793e-6,8.877371876631052,0.7029592727931028,0.0,0.0,0.0,0.0,0.0,0.0,0.0,0.0,0.0,0.0,0.0505951309308878,0.00400640154995355,0.0505951309308878,0.00400640154995355,866274.0,0.011599203563336736,0.000918488919375618,0.011599203563336736,0.000918488919375618,443.0,9.810161222689115e-5,7.768226784819237e-6,5.746910163164066e-5,4.550720466875628e-6,404220.0,22.259102126150506,1.7625984876015206,16.730952154679407,1.3248490795738725,2.1819845e7,3.995176624119604,0.31636012250023265,2.479888624717561,0.19637126037587027,8.784636e6,0.06211934866261858,0.004918952677560608,0.06211934866261809,0.004918952677560569,866587.0,0.009104975541052515,0.05067011676249328,0.004012339341722073,0.05067011676249278,0.004012339341722034,866589.0,0.008666633609020726,0.0,0.0,0.0,0.0,0.0,0.0,0.0,0.0,0.0,0.0,0.0,0.0,22.66224594148718,1.7945216386419895,16.66755301751134,1.3198287861831346,1.2287037e7,3.3216574134288317,4.738835687670425,0.37524714917710456,3.224146543004838,0.2553057076740587,2.303563e7,0.8105320307608161,20.82535434784451,1.6490664299595699,14.809961690572809,1.172734458438577,1.1824265e7,3.1029508576164253,1.2438749162534162,0.09849687708553151,0.7723790858731696,0.0611612364640574,2.1985162e7,0.40881479967147977,1.0,0
3.8664e6,0.0013675356264570182,0.00010023493873134402,0.03726981610695324,0.002731729734666866,0.0,0.0,0.0,0.0,0.0,0.18931891175582793,0.0,0.0,0.0,0.11278946542511087,0.008267020571681145,1.74427e6,-9.809770635164164e-5,-7.190172888816672e-6,9.809770635164164e-5,7.190172888816672e-6,9.379050271673556,0.6874471941729279,0.0,0.0,0.0,0.0,0.0,0.0,0.0,0.0,0.0,0.0,0.0505951309308878,0.003708422472400767,0.0505951309308878,0.003708422472400767,866274.0,0.011599203563336736,0.0008501756268797191,0.011599203563336736,0.0008501756268797191,443.0,9.810161380393247e-5,7.190459289575373e-6,5.7469102564194776e-5,4.2122573357678e-6,404220.0,23.112862734599027,1.694081189029493,17.231062571147465,1.2629685601461045,2.1949445e7,3.995176624119604,0.29283060447720827,2.479888624717561,0.1817660026913634,8.784636e6,0.06211934866261858,0.004553101935165029,0.06211934866261809,0.0045531019351649936,866587.0,0.00793365309986399,0.05067011676249328,0.003713918636516189,0.05067011676249278,0.003713918636516152,866589.0,0.008662519829532995,0.0,0.0,0.0,0.0,0.0,0.0,0.0,0.0,0.0,0.0,0.0,0.0,23.491747879527512,1.7218519677597803,17.15345328243474,1.2572801070275137,1.2364797e7,3.000279017699866,4.772203970119604,0.34978362779307787,3.2436924792721573,0.23774979651938521,2.316523e7,0.8158519096276701,21.641561698647337,1.586240657243087,15.288074465003898,1.1205552364950064,1.1902025e7,2.8172259049577124,1.2826547677495959,0.09401350836609294,0.7950954153440057,0.058277341153483875,2.2114762e7,0.4137925782629875,1.0,0
3.888e6,0.001193433033611235,8.484882323779548e-5,0.03376896869442246,0.0024008529804187308,0.0,0.0,0.0,0.0,0.0,0.18931891175582793,0.0,0.0,0.0,0.11278946542511087,0.00801892787061746,1.74427e6,-9.809770644951996e-5,-6.974396317305115e-6,9.809770644951996e-5,6.974396317305115e-6,9.385244136327097,0.6672573142685279,0.0,0.0,0.0,0.0,0.0,0.0,0.0,0.0,0.0,0.0,0.0505951309308878,0.0035971329770032637,0.0505951309308878,0.0035971329770032637,866274.0,0.011599203563336736,0.0008246619166110379,0.011599203563336736,0.0008246619166110379,443.0,9.81016157710541e-5,6.974674256093877e-6,5.7469103716279564e-5,4.085847873761449e-6,404220.0,23.20621740667985,1.6498791162157882,17.28574615888584,1.2289547708685944,2.2079045e7,3.995176624119604,0.2840427788042296,2.479888624717561,0.17631121784133866,8.784636e6,0.06211934866261858,0.004416463668994165,0.06211934866261809,0.00441646366899413,866587.0,0.007526466855120348,0.05067011676249328,0.0036024642016233665,0.05067011676249278,0.003602464201623331,866589.0,0.008669670710370427,0.0,0.0,0.0,0.0,0.0,0.0,0.0,0.0,0.0,0.0,0.0,0.0,23.581566697874514,1.6765651092828968,17.206065747981825,1.2232897784392731,1.244164e7,2.857175485005811,4.778508591748426,0.3397348819939119,3.247385389972226,0.2308774947388544,2.329483e7,0.8176041150905816,21.733671783950943,1.5451863854687227,15.342028938389344,1.0907634235358288,1.197877e7,2.679995916815139,1.2918389892804663,0.09184513497290778,0.8004750982339194,0.05691091850439911,2.2244165e7,0.41594561577037464,1.0,0
3.9096e6,0.0009958662672661515,7.039079627739872e-5,0.0313971812243106,0.002219246358561877,0.0,0.0,0.0,0.0,0.0,0.18931891175582793,0.0,0.0,0.0,0.11278946542511087,0.007972295622353727,1.74427e6,-9.809770646465183e-5,-6.933838305407643e-6,9.809770646465183e-5,6.933838305407643e-6,9.389468848394678,0.663675646605362,0.0,0.0,0.0,0.0,0.0,0.0,0.0,0.0,0.0,0.0,0.0505951309308878,0.0035762146696275464,0.0505951309308878,0.0035762146696275464,866274.0,0.011599203563336736,0.0008198662830987374,0.011599203563336736,0.0008198662830987374,443.0,9.810161792651753e-5,6.9341147791917096e-6,5.7469104984173164e-5,4.062087645854804e-6,404220.0,23.24671044922367,1.6431467890192666,17.30946792338203,1.2234847893882121,2.2208645e7,3.995176624119604,0.2823909927310248,2.479888624717561,0.17528592011891064,8.784636e6,0.06211934866261858,0.004390780730628436,0.06211934866261809,0.004390780730628401,866587.0,0.007447539159047114,0.05067011676249328,0.0035815148917253616,0.05067011676249278,0.003581514891725326,866589.0,0.008680617441919723,0.0,0.0,0.0,0.0,0.0,0.0,0.0,0.0,0.0,0.0,0.0,0.0,23.620656091603472,1.6695783816906777,17.228965322630735,1.2177946256026255,1.2515607e7,2.831899641447175,4.7806836783105435,0.3379129727834296,3.2486594330254346,0.22962493242441356,2.3424416e7,0.8190090880738169,21.77266402546954,1.5389567939080304,15.364871601033268,1.0860349248155345,1.2052721e7,2.6533978189917273,1.2951033547994386,0.0915417655988331,0.8023872142296536,0.056715120080811234,2.2372551e7,0.41751335505744414,1.0,0
3.9312e6,0.0007892057183571958,5.619133734224139e-5,0.02975396572386907,0.002118478219772228,0.0,0.0,0.0,0.0,0.0,0.18931891175582793,0.0,0.0,0.0,0.11278946542511087,0.008030594245498082,1.74427e6,-9.886653099559504e-5,-7.039283251260279e-6,9.886653099559504e-5,7.039283251260279e-6,9.391520766498163,0.6686749719014526,0.0,0.0,0.0,0.0,0.0,0.0,0.0,0.0,0.0,0.0,0.0505951309308878,0.003602366282812003,0.0505951309308878,0.003602366282812003,866274.0,0.011599203563336736,0.0008258616798741803,0.011599203563336736,0.0008258616798741803,443.0,9.887044344589865e-5,7.039561817177543e-6,5.7919467277333654e-5,4.1238580116199085e-6,448172.0,23.27075234607117,1.656874329303848,17.32361727920868,1.2334391399877283,2.2338245e7,3.995176624119604,0.28445601977523344,2.479888624717561,0.17656772504481813,8.784636e6,0.06211934866261858,0.004422888981908865,0.06211934866261809,0.00442288898190883,866587.0,0.007535139422623155,0.05067011676249328,0.0036077052635892872,0.05067011676249278,0.0036077052635892517,866589.0,0.008691300130840985,0.0,0.0,0.0,0.0,0.0,0.0,0.0,0.0,0.0,0.0,0.0,0.0,23.64351178916322,1.6834147497887528,17.24241948511628,1.2276578683456658,1.2589047e7,2.8679817417175903,4.7820291150656065,0.3404798076532101,3.2494483144171142,0.23136026788005204,2.3553988e7,0.8202477698693584,21.795498725047874,1.5518364767438846,15.378313393038399,1.094933773948941,1.212616e7,2.684453739210371,1.2967400790500043,0.09232771320864212,0.8033466101295286,0.05719816686896263,2.2502142e7,0.418917154282508,1.0,0
3.9528e6,0.0005873689188369616,4.251833259678418e-5,0.028518012662922892,0.0020643556519850986,0.0,0.0,0.0,0.0,0.0,0.18931891175582793,0.0,0.0,0.0,0.11278946542511087,0.008164579109589376,1.74427e6,-0.00010574593866481673,-7.654713837791322e-6,0.00010574593866481673,7.654713837791322e-6,9.393173890786915,0.679951013442653,0.0,0.0,0.0,0.0,0.0,0.0,0.0,0.0,0.0,0.0,0.0505951309308878,0.0036624692517896974,0.0505951309308878,0.0036624692517896974,866274.0,0.011599203563336736,0.0008396406060100862,0.011599203563336736,0.0008396406060100862,443.0,0.00010574985111512047,7.654997051386642e-6,6.194935548253021e-5,4.484376370779266e-6,536809.0,23.346433080447273,1.6899964823275848,17.428204859880992,1.2615890746561582,2.2467845e7,3.995176624119604,0.28920197007285936,2.479888624717561,0.17951363439097903,8.784636e6,0.06211934866261858,0.004496681799851839,0.06211934866261809,0.0044966817998518035,866587.0,0.007745497936543593,0.05067011676249328,0.0036678973097376073,0.05067011676249278,0.003667897309737571,866589.0,0.008702679592082416,0.0,0.0,0.0,0.0,0.0,0.0,0.0,0.0,0.0,0.0,0.0,0.0,23.711397483280876,1.7164154455515706,17.339742012215677,1.255185445422694,1.2663474e7,2.9565116865083225,4.791157123368574,0.3468212320430628,3.2577374097656646,0.23582038180649886,2.3683514e7,0.8228894659043665,21.864416949989145,1.5827166234045278,15.475492834350746,1.120236584416066,1.2200505e7,2.765111160883733,1.3060042915865357,0.09453875249724829,0.8108169871277433,0.05869324240390922,2.2631301e7,0.42314111515211017,1.0,0
3.9744e6,0.0004073797955895629,2.997933472632478e-5,0.02745559697907983,0.0020204746059035864,0.0,0.0,0.0,0.0,0.0,0.18931891175582793,0.0,0.0,0.0,0.11278946542511087,0.008300247518876376,1.74427e6,-0.00011020175570086565,-8.10981633687472e-6,0.00011020175570086565,8.10981633687472e-6,9.395008057183885,0.6913845368674194,0.0,0.0,0.0,0.0,0.0,0.0,0.0,0.0,0.0,0.0,0.0505951309308878,0.003723327425956847,0.0505951309308878,0.003723327425956847,866274.0,0.011599203563336736,0.0008535926669627897,0.011599203563336736,0.0008535926669627897,443.0,0.0001102056681511693,8.110104256547033e-6,6.455957056362211e-5,4.750979299092656e-6,625110.0,23.406831725243197,1.7225234308890751,17.512589806334223,1.2887624703358456,2.2597445e7,3.995176624119604,0.294007554134917,2.479888624717561,0.18249655964606634,8.784636e6,0.06211934866261858,0.004571401838529545,0.06211934866261809,0.004571401838529509,866587.0,0.00796206038331869,0.05067011676249328,0.0037288456803469035,0.05067011676249278,0.0037288456803468667,866589.0,0.00871546559825069,0.0,0.0,0.0,0.0,0.0,0.0,0.0,0.0,0.0,0.0,0.0,0.0,23.76535477982978,1.7489073673948132,17.417996698601854,1.2818013041950262,1.2737728e7,3.046091014503237,4.798691367915342,0.35313870821419086,3.2645494715260392,0.24024024361809368,2.3812926e7,0.8253943784997659,21.918917484953113,1.6130268885061456,15.553610701940327,1.1445999690819293,1.2274736e7,2.846142408402181,1.3131127122175559,0.09663278827068776,0.8166730595646738,0.060099482791552555,2.2760675e7,0.4270636431734715,1.0,0
3.996e6,0.0002535263501667804,1.896309621556537e-5,0.026297813724168957,0.001967006473222106,0.0,0.0,0.0,0.0,0.0,0.18931891175582793,0.0,0.0,0.0,0.11278946542511087,0.008436351817282672,1.74427e6,-0.00011398266351380136,-8.525599858542217e-6,0.00011398266351380136,8.525599858542217e-6,9.397022112810447,0.7028722432512226,0.0,0.0,0.0,0.0,0.0,0.0,0.0,0.0,0.0,0.0,0.0505951309308878,0.0037843811313908486,0.0505951309308878,0.0037843811313908486,866274.0,0.011599203563336736,0.0008675895545010854,0.011599203563336736,0.0008675895545010854,443.0,0.00011398657600265123,8.525892502294843e-6,6.677443122955275e-5,4.9945497314684205e-6,711403.0,23.439174564026686,1.75318787249796,17.552760999246956,1.3128998049259077,2.2727045e7,3.995176624119604,0.2988285780610928,2.479888624717561,0.18548906874362076,8.784636e6,0.06211934866261858,0.004646361945267488,0.06211934866261809,0.004646361945267452,866587.0,0.00818406658353902,0.05067011676249328,0.0037899898720152587,0.05067011676249278,0.0037899898720152214,866589.0,0.00872836402137687,0.0,0.0,0.0,0.0,0.0,0.0,0.0,0.0,0.0,0.0,0.0,0.0,23.794442079196624,1.7797609370650178,17.45546009430478,1.305621956208935,1.2811832e7,3.134857375146517,4.8024463644676,0.35921020603807846,3.2675735401637054,0.2444058039442362,2.3942337e7,0.8272627485484514,21.948122889122374,1.6416611757463604,15.591028865052992,1.166167462566171,1.2348822e7,2.9259384030439395,1.3163937180651386,0.09846274644356849,0.8191346991142162,0.061269095313337595,2.2889949e7,0.4297074136587749,1.0,0
4.0176e6,0.00012614103264611747,9.584848495661448e-6,0.02493004326086604,0.0018943137108767074,0.0,0.0,0.0,0.0,0.0,0.18931891175582793,0.0,0.0,0.0,0.11278946542511087,0.008570327317988761,1.74427e6,-0.0001167271523439025,-8.869533149336675e-6,0.0001167271523439025,8.869533149336675e-6,9.398545694899141,0.7141501434975934,0.0,0.0,0.0,0.0,0.0,0.0,0.0,0.0,0.0,0.0,0.0505951309308878,0.0038444799001385076,0.0505951309308878,0.0038444799001385076,866274.0,0.011599203563336736,0.0008813675177118582,0.011599203563336736,0.0008813675177118582,443.0,0.00011673106483275236,8.869830440488334e-6,6.838210602456181e-5,5.196026323158982e-6,802059.0,23.469557586401553,1.7833384506764978,17.591775387622256,1.336714139110507,2.2856645e7,3.995176624119604,0.30357419669319,2.479888624717561,0.18843477221813956,8.784636e6,0.06211934866261858,0.004720149606280355,0.06211934866261809,0.004720149606280317,866587.0,0.008407677306520568,0.05067011676249328,0.003850177711708483,0.05067011676249278,0.003850177711708445,866589.0,0.008740962353243904,0.0,0.0,0.0,0.0,0.0,0.0,0.0,0.0,0.0,0.0,0.0,0.0,23.821579671628502,1.810086910580841,17.49166370664109,1.3291071354676682,1.2885807e7,3.224183110779254,4.806171580859201,0.3651977907611255,3.2706983021285794,0.2485245842950095,2.4071246e7,0.8290994285337392,21.975325075794277,1.6697989312114698,15.627192748705946,1.1874349826281998,1.2422787e7,3.006115832907579,1.319541128599471,0.10026556415549792,0.8215775692000167,0.0624277157323426,2.3018609e7,0.43226434766235045,1.0,0
4.0392e6,4.610546641082132e-5,3.5525994449371214e-6,0.02328749752676319,0.0017943891956407113,0.0,0.0,0.0,0.0,0.0,0.18369390157153478,0.0,0.0,0.0,0.11280214990431814,0.008691829545047993,1.747196e6,-0.0001190305839139053,-9.17175379108259e-6,0.0001190305839139053,9.17175379108259e-6,9.400163380341125,0.7243179129726808,0.0,0.0,0.0,0.0,0.0,0.0,0.0,0.0,0.0,0.0,0.05059637943113596,0.003898641169384053,0.05059637943113596,0.003898641169384053,867733.0,0.011609391042047768,0.0008945472062800065,0.011609391042047768,0.0008945472062800065,447.0,0.00011903449640275504,9.172055263051056e-6,6.973139383397005e-5,5.3730659358672085e-6,889798.0,23.488969464643844,1.8099133655581687,17.61204532172948,1.3570742756763055,2.2985766e7,3.9951812283276653,0.3078437269826381,2.4798913242158966,0.19108494562037412,8.799308e6,0.06213058471731248,0.00478739503063648,0.062130584717311976,0.004787395030636441,868050.0,0.008617379456339348,0.05067156518700667,0.003904434514411591,0.050671565187006155,0.0039044345144115516,868052.0,0.008749635218052899,0.0,0.0,0.0,0.0,0.0,0.0,0.0,0.0,0.0,0.0,0.0,0.0,23.839370112702507,1.8369130522483925,17.510649419070415,1.349261340344608,1.2959709e7,3.30646973943623,4.808062667112255,0.3704792965373151,3.2721525692681435,0.25213165176013025,2.4199919e7,0.8302248862357645,21.993119257620325,1.6946524859082546,15.64615510521631,1.2055950469496919,1.2496252e7,3.0797577932393345,1.3211421320778616,0.10179896594650341,0.8227394179918565,0.06339516389752302,2.3146667e7,0.43404266288003207,1.0,0
4.0608e6,3.534614649036208e-5,2.7523495638479175e-6,0.02146252489359186,0.0016712534998987805,0.0,0.0,0.0,0.0,0.0,0.1821346923891155,0.0,0.0,0.0,0.11283240212712334,0.008786084018159668,1.76014e6,-0.00012084646311998498,-9.410126508459646e-6,0.00012084646311998498,9.410126508459646e-6,9.400782258527169,0.732024322825168,0.0,0.0,0.0,0.0,0.0,0.0,0.0,0.0,0.0,0.0,0.05061148820244436,0.003941038028506875,0.05061148820244436,0.003941038028506875,873884.0,0.011609425722235948,0.0009040079611460236,0.011609425722235948,0.0009040079611460236,448.0,0.0001208503756088348,9.41043116789352e-6,7.079509209930395e-5,5.512703935497562e-6,979171.0,23.49901956021208,1.8298321785951737,17.617938469903816,1.3718815225518657,2.3112203e7,3.9954831853133275,0.31112207395670116,2.4800734793149437,0.19311947232959445,8.840817e6,0.062145693550866875,0.004839188695899127,0.06214569355086632,0.0048391886958990835,874202.0,0.00878681418609374,0.05068670857625759,0.003946895322260629,0.050686708576257025,0.003946895322260586,874204.0,0.008752682967574373,0.0,0.0,0.0,0.0,0.0,0.0,0.0,0.0,0.0,0.0,0.0,0.0,23.848950274480746,1.8570807401620468,17.516287846589382,1.3639661462937878,1.303283e7,3.372016347741419,4.809027311953963,0.3744714923364655,3.27273103874489,0.25484248614024135,2.4327876e7,0.8304325261249237,22.002667651707746,1.7133135780779178,15.651760417040524,1.2187782894251307,1.2566674e7,3.138575895315196,1.321886870190132,0.10293327878376109,0.8231760417427816,0.06409944065836384,2.3271771e7,0.4347084915748483,1.0,0
4.0824e6,2.709756526825001e-5,2.12909734816074e-6,0.01944953043934826,0.0015281794977317633,0.0,0.0,0.0,0.0,0.0,0.1821346923891155,0.0,0.0,0.0,0.11306385460897145,0.008883600819400804,1.77287e6,-0.00012229660880074724,-9.609032505655003e-6,0.00012229660880074724,9.609032505655003e-6,9.40204821676199,0.7387333779777678,0.0,0.0,0.0,0.0,0.0,0.0,0.0,0.0,0.0,0.0,0.05072721444336829,0.003985715199199208,0.05072721444336829,0.003985715199199208,880249.0,0.011609425722235948,0.0009121704210024744,0.011609425722235948,0.0009121704210024744,448.0,0.0001223005212895971,9.609339915916865e-6,7.164455210821717e-5,5.629222566445735e-6,1.073372e6,23.507100332334925,1.846989000121152,17.622689711014264,1.3846418141168717,2.3239643e7,4.000314079593449,0.3143108251371886,2.482986318965481,0.19509205107157632,8.937639e6,0.062261419791790944,0.004891975439828348,0.06226141979179037,0.004891975439828303,880567.0,0.008957274269123634,0.050802434817181656,0.003991625379572547,0.05080243481718108,0.003991625379572502,880569.0,0.008765472686220683,0.0,0.0,0.0,0.0,0.0,0.0,0.0,0.0,0.0,0.0,0.0,0.0,23.86117101652759,1.874808877933545,17.523734875064104,1.3768667805770125,1.3106268e7,3.4328008242060886,4.810139433409336,0.37794004777081636,3.273539650249923,0.2572070412766002,2.4455508e7,0.8299434066928376,22.01482895388679,1.7297389445114408,15.658985304218865,1.2303505409456104,1.2638228e7,3.1939346122781256,1.3224817217285367,0.10390942133913413,0.8235253355077321,0.06470565125004422,2.3397281e7,0.43435116323780937,1.0,0
4.104e6,2.0820654706135657e-5,1.6516647070281316e-6,0.017300743686084922,0.001372436561431733,0.0,0.0,0.0,0.0,0.0,0.17989354990080542,0.0,0.0,0.0,0.11367447460517796,0.009017589525655465,1.786414e6,-0.00012349249189679446,-9.796434998212875e-6,0.00012349249189679446,9.796434998212875e-6,9.404405547975761,0.746034404460572,0.0,0.0,0.0,0.0,0.0,0.0,0.0,0.0,0.0,0.0,0.05103204413600746,0.004048279336869584,0.05103204413600746,0.004048279336869584,887020.0,0.011610386333164004,0.0009210308519163722,0.011610386333164004,0.0009210308519163722,450.0,0.00012349640438564426,9.796745368844397e-6,7.234507166873769e-5,5.739003085597604e-6,1.12766e6,23.513278013135558,1.8652656215172676,17.62635591517287,1.3982667879328639,2.3366791e7,4.02077210329157,0.3189605452730035,2.4951342294977006,0.1979344648055051,9.037752e6,0.06256672040637055,0.004963304247067981,0.06256672040637,0.004963304247067936,887339.0,0.00917666923074167,0.0511077541988085,0.00405428527858757,0.051107754198807955,0.004054285278587527,887341.0,0.008803910558948493,0.0,0.0,0.0,0.0,0.0,0.0,0.0,0.0,0.0,0.0,0.0,0.0,23.887514922059776,1.894953155519514,17.53966871210898,1.3913900496231213,1.3178881e7,3.5035850011059346,4.811490687312451,0.38168681381986536,3.2745558596141997,0.25976456652552393,2.4584248e7,0.8288357477327772,22.041061148262756,1.7484773326223253,15.674563544236873,1.2434346455232523,1.2708822e7,3.2587817084183417,1.3232480015194987,0.10497085963925996,0.8239746271535697,0.06536441002285875,2.3520246e7,0.43352546418600907,1.0,0
4.1256e6,1.5889887228767776e-5,1.270253140767501e-6,0.015165714909433534,0.0012123620966179988,0.0,0.0,0.0,0.0,0.0,0.17186580107219085,0.0,0.0,0.0,0.11419044432541531,0.00912849590822701,1.808204e6,-0.00012446805782499244,-9.950098392843555e-6,0.00012446805782499244,9.950098392843555e-6,9.40622400609387,0.7519427554445877,0.0,0.0,0.0,0.0,0.0,0.0,0.0,0.0,0.0,0.0,0.05128663783888124,0.004099904036845468,0.05128663783888124,0.004099904036845468,897913.0,0.01161716864765392,0.0009286878345361603,0.01161716864765392,0.0009286878345361603,452.0,0.0001244719703138422,9.950411161032409e-6,7.291653463277543e-5,5.829019161537996e-6,1.150862e6,23.516420487554548,1.879925675611095,17.628276586866985,1.409221687882455,2.34905e7,4.058925898398121,0.324474509878733,2.517729800103561,0.20126978499856163,9.120159e6,0.06282539707566279,0.005022323746316144,0.0628253970756623,0.005022323746316105,898234.0,0.009378883179837153,0.051365047249753465,0.004106172161910941,0.051365047249753,0.004106172161910904,898236.0,0.008816856896882452,0.0,0.0,0.0,0.0,0.0,0.0,0.0,0.0,0.0,0.0,0.0,0.0,23.928526391636534,1.912869825022127,17.564163102954648,1.4040963932134185,1.3252209e7,3.5721676923510586,4.812786734549866,0.38473888312675064,3.275506241228023,0.2618471755413523,2.4710108e7,0.8261192033449172,22.081916978474602,1.7652500607614288,15.698895466292136,1.2549850723002702,1.2779893e7,3.3216843974051846,1.3243827874170937,0.10587245655521492,0.8246857661613367,0.06592618748836311,2.3640427e7,0.43142826874903667,1.0,0
4.1472e6,1.2112047349295415e-5,9.745675649112902e-7,0.013219567498595515,0.0010636815836949415,0.0,0.0,0.0,0.0,0.0,0.17186580107219085,0.0,0.0,0.0,0.11524595755956839,0.009272996462586655,1.83079e6,-0.00012524516033877474,-1.0077558930231913e-5,0.00012524516033877474,1.0077558930231913e-5,9.408821377926737,0.757058808848263,0.0,0.0,0.0,0.0,0.0,0.0,0.0,0.0,0.0,0.0,0.051814394455957584,0.004169124077543598,0.051814394455957584,0.004169124077543598,909206.0,0.01161716864765392,0.0009347483074995142,0.01161716864765392,0.0009347483074995142,452.0,0.00012524907282762446,1.007787373949752e-5,7.337174283478598e-5,5.9036857011588894e-6,1.171987e6,23.51955831741598,1.8924462575294145,17.630131981503098,1.4185673403330639,2.3613613e7,4.11226529653104,0.33088381020427526,2.5494283189162665,0.20513378762729523,9.16245e6,0.0633531536927393,0.0050975633551643374,0.06335315369273885,0.0050975633551643,909527.0,0.009605698113594862,0.05189280386683,0.004175433107422391,0.05189280386682954,0.004175433107422354,909529.0,0.008876694772397978,0.0,0.0,0.0,0.0,0.0,0.0,0.0,0.0,0.0,0.0,0.0,0.0,23.984573652753966,1.9298626290095928,17.598191048671683,1.4159972878693639,1.3327095e7,3.636576247001258,4.815180506075715,0.3874422387134665,3.2776694712770493,0.2637300088983197,2.483732e7,0.8236765879161968,22.137663772892914,1.7812553446819357,15.732286816386742,1.2658616673938223,1.2852575e7,3.3804762297488997,1.3265303022962673,0.10673615857067431,0.826064341819665,0.06646733544301,2.3763859e7,0.4295815512031317,1.0,0
4.1688e6,0.00010493879088617914,8.617223365210477e-6,0.019338363940595193,0.0015880019217544483,0.0,0.0,0.0,0.0,0.0,0.183160431776895,0.0,0.0,0.0,0.12524875954363487,0.010285010224423949,1.850684e6,-0.00012603958741421616,-1.0349950370452735e-5,0.00012603958741421616,1.0349950370452735e-5,9.429030381358457,0.7742805136915559,0.0,0.0,0.0,0.0,0.0,0.0,0.0,0.0,0.0,0.0,0.05679348023725911,0.004663691098013069,0.05679348023725911,0.004663691098013069,919151.0,0.011661799069116826,0.0009576280283978243,0.011661799069116826,0.0009576280283978243,455.0,0.00012606768525320753,1.0352257671238494e-5,7.38513567764522e-5,6.0644270035167195e-6,1.19591e6,23.622365385277536,1.9397898262458668,17.757773932931073,1.4582091441758063,2.3739437e7,4.351366147292246,0.35731966909837054,2.6950013467174774,0.22130451835867462,9.202818e6,0.06837181175527342,0.005614465049615044,0.0683718117552729,0.005614465049615001,919474.0,0.010763258344580558,0.056876947788362435,0.004670545174808986,0.05687694778836196,0.004670545174808947,919476.0,0.009731378709825177,0.0,0.0,0.0,0.0,0.0,0.0,0.0,0.0,0.0,0.0,0.0,0.0,24.277444747948213,1.9935827577481526,17.84781368677672,1.4656029083318856,1.3403102e7,3.8218149126096987,4.8802346451349345,0.40074858550047493,3.319865671637734,0.2726162917774255,2.4966174e7,0.8349852334082969,22.42801422710882,1.8417136942500183,15.97944982028267,1.3121791016622397,1.2926694e7,3.5531825810378264,1.380167849984692,0.11333477872544062,0.859475681057452,0.07057727517245391,2.3888577e7,0.4468430638585296,1.0,0
4.1904e6,0.0010743564786680631,8.095245585503495e-5,0.020130802698396077,0.001516850271884315,0.0,0.0,0.0,0.0,0.0,0.18931891175582793,0.0,0.0,0.0,0.15378254985508955,0.011587471500942245,1.852006e6,-0.00012958662994183166,-9.764315800258709e-6,0.00012958662994183166,9.764315800258709e-6,10.52643523654614,0.7931639085509401,0.0,0.0,0.0,0.0,0.0,0.0,0.0,0.0,0.0,0.0,0.07093623718012959,0.005345025345745544,0.07093623718012959,0.005345025345745544,919804.0,0.011910075494830353,0.0008974208094511567,0.011910075494830353,0.0008974208094511567,465.0,0.00012961472916241145,9.766433068557184e-6,7.592867044843334e-5,5.721203776076799e-6,1.199025e6,25.95647602011418,1.9558131038364341,19.21095312258029,1.4475398673230493,2.3868817e7,4.487689540766975,0.338146133665457,2.783467078925162,0.20973345468161922,9.21749e6,0.08258514880060713,0.0062227675313607025,0.08258514880060668,0.006222767531360669,920130.0,0.011092390120015465,0.07119740105448329,0.005364703969581608,0.07119740105448286,0.005364703969581576,920132.0,0.012180284258106962,0.0,0.0,0.0,0.0,0.0,0.0,0.0,0.0,0.0,0.0,0.0,0.0,26.568319242857793,2.00191531708018,19.299600963778587,1.4542194570064904,1.3480483e7,3.5685128156205,5.089759917560683,0.3835119657395944,3.4389005537094133,0.2591201810493554,2.5095711e7,0.870744180029369,24.719680108011598,1.862620882758847,17.418841830298568,1.3125047899010711,1.3003915e7,3.348200820279367,1.5196363676664226,0.11450416915783303,0.9438910900109356,0.07112192583489699,2.4017536e7,0.4840242541628014,1.0,0
4.212e6,0.0009079992522225862,6.546881819401984e-5,0.019148402959609886,0.0013806435511922856,0.0,0.0,0.0,0.0,0.0,0.18931891175582793,0.0,0.0,0.0,0.15378254985508955,0.011088072785557315,1.852006e6,-0.0001295866298943467,-9.343491739846706e-6,0.0001295866298943467,9.343491739846706e-6,10.513770217695853,0.7580668257503091,0.0,0.0,0.0,0.0,0.0,0.0,0.0,0.0,0.0,0.0,0.07093623718012959,0.005114664581436595,0.07093623718012959,0.005114664581436595,919804.0,0.011910075494830353,0.000858743622684124,0.011910075494830353,0.000858743622684124,465.0,0.00012961473076214249,9.345517876542649e-6,7.592867138847056e-5,5.474630480892376e-6,1.199025e6,26.05585586925669,1.8786866691997905,19.26916733827871,1.3893509384858653,2.3998417e7,4.487689540766975,0.3235726570660817,2.783467078925162,0.2006943284293797,9.21749e6,0.08258514880060713,0.00595457769278825,0.08258514880060668,0.005954577692788217,920130.0,0.010226339094348724,0.07119740105448329,0.005133495092769127,0.07119740105448286,0.005133495092769095,920132.0,0.012250706840267148,0.0,0.0,0.0,0.0,0.0,0.0,0.0,0.0,0.0,0.0,0.0,0.0,26.66499289530069,1.9226068388648032,19.35623005843362,1.3956283592913854,1.3558243e7,3.301867990261946,5.09647295285493,0.3674673303578952,3.4428327009573505,0.24823609448981038,2.5225311e7,0.876933639993378,24.818404042877688,1.7894635685785527,17.47667191048044,1.2601079275594984,1.3081675e7,3.0992640177509196,1.52751602426261,0.1101373912325489,0.9485066412895655,0.06838949338604125,2.4147136e7,0.4866783897188554,1.0,0
4.2336e6,0.00076509024234994,5.434104840565455e-5,0.017772748958706938,0.0012623214334824878,0.0,0.0,0.0,0.0,0.0,0.18931891175582793,0.0,0.0,0.0,0.15378254985508955,0.010922508905554938,1.852006e6,-0.00012958662998852606,-9.20397744363246e-6,0.00012958662998852606,9.20397744363246e-6,10.506639020152315,0.7462410941501673,0.0,0.0,0.0,0.0,0.0,0.0,0.0,0.0,0.0,0.0,0.07093623718012959,0.005038293896522227,0.07093623718012959,0.005038293896522227,919804.0,0.011910075494830353,0.000845921112510483,0.011910075494830353,0.000845921112510483,465.0,0.00012961473300081335,9.205973478958121e-6,7.592867269447607e-5,5.392884982554044e-6,1.199025e6,26.113013612205048,1.8546943329978047,19.302648934044598,1.3709836069279155,2.4128014e7,4.487689540766975,0.318741164199592,2.783467078925162,0.1976976190505849,9.21749e6,0.08258514880060713,0.005865665669422229,0.08258514880060668,0.0058656656694221964,920130.0,0.009924630642344808,0.07119740105448329,0.005056843236132771,0.07119740105448286,0.005056843236132741,920132.0,0.012328143388003317,0.0,0.0,0.0,0.0,0.0,0.0,0.0,0.0,0.0,0.0,0.0,0.0,26.72136236216142,1.8979027116164648,19.389249936591145,1.3771345013072582,1.3634929e7,3.211226904064824,5.098683308650405,0.36213740699328933,3.444127375507706,0.2446214604081977,2.5354909e7,0.8828594581838778,24.87570718777789,1.7668138130529816,17.51023869827018,1.2436764658959711,1.3158356e7,3.0135362526926626,1.5304893962611077,0.10870403746245397,0.9502482775722139,0.06749202223562456,2.4276293e7,0.48959403647956523,1.0,0
4.2552e6,0.0006423469449591984,4.561552611684775e-5,0.016208818245995734,0.0011510504997737968,0.0,0.0,0.0,0.0,0.0,0.18931891175582793,0.0,0.0,0.0,0.15378254985508955,0.010920690094783374,1.852006e6,-0.0001295866297993809,-9.20244478843659e-6,0.0001295866297993809,9.20244478843659e-6,10.502095648240704,0.7457941881460751,0.0,0.0,0.0,0.0,0.0,0.0,0.0,0.0,0.0,0.0,0.07093623718012959,0.005037454922318723,0.07093623718012959,0.005037454922318723,919804.0,0.011910075494830353,0.0008457802501459263,0.011910075494830353,0.0008457802501459263,465.0,0.00012961473525540927,9.204440664922887e-6,7.592867401180867e-5,5.391987055567423e-6,1.199025e6,26.145718994965367,1.8567080251846793,19.321806084366507,1.3721157343125105,2.4257613e7,4.487689540766975,0.3186880875788448,2.783467078925162,0.19766469854100682,9.21749e6,0.08258514880060713,0.005864688921681011,0.08258514880060668,0.005864688921680978,920130.0,0.009881906026896429,0.07119740105448329,0.005056001173102426,0.07119740105448286,0.0050560011731023945,920132.0,0.012403470877500222,0.0,0.0,0.0,0.0,0.0,0.0,0.0,0.0,0.0,0.0,0.0,0.0,26.753712269292045,1.899883965074419,19.40819884212688,1.378250816185088,1.3708468e7,3.2012737684118138,5.099360747846557,0.36212521161348127,3.4445242095934154,0.24460890687789175,2.5484509e7,0.888371929213836,24.908327753725608,1.7688361158925503,17.52934612735818,1.2448262615066412,1.3231891e7,3.0028824083992087,1.5315656607624792,0.10876236580002063,0.9508787152795432,0.06752555330288648,2.4404439e7,0.49249173729878,1.0,0
4.2768e6,0.0005366971414061695,3.863598547780874e-5,0.014581338252574417,0.0010496876720778566,0.0,0.0,0.0,0.0,0.0,0.18931891175582793,0.0,0.0,0.0,0.15378254985508955,0.011070564578329127,1.852006e6,-0.00012987938181652507,-9.349812999902734e-6,0.00012987938181652507,9.349812999902734e-6,10.49912477018271,0.7558155258432652,0.0,0.0,0.0,0.0,0.0,0.0,0.0,0.0,0.0,0.0,0.07093623718012959,0.005106588461345545,0.07093623718012959,0.005106588461345545,919804.0,0.011910075494830353,0.0008573876556380362,0.011910075494830353,0.0008573876556380362,465.0,0.00012990748785696545,9.351836309673768e-6,7.6100170171315e-5,5.478331898497236e-6,1.23175e6,26.177288865137115,1.8844619701009941,19.354629373542355,1.3933094136579967,2.4387212e7,4.487689540766975,0.32306173174633923,2.783467078925162,0.2003774295453608,9.21749e6,0.08258514880060713,0.005945175339266773,0.08258514880060668,0.00594517533926674,920130.0,0.010077785531242962,0.07119740105448329,0.005125389239062416,0.07119740105448286,0.0051253892390623855,920132.0,0.012468036489651915,0.0,0.0,0.0,0.0,0.0,0.0,0.0,0.0,0.0,0.0,0.0,0.0,26.783215556882034,1.9280816823311295,19.439323646170028,1.3994064215137174,1.3783305e7,3.2683297922122634,5.102257242799671,0.3673034967549139,3.4466773673062283,0.24812089805627707,2.5614087e7,0.8935035344076121,24.9379667822547,1.7952451170521433,17.56050961211358,1.2641535458506952,1.3306298e7,3.0645747128801095,1.5343220241618074,0.11045343615671485,0.952746996952454,0.06858676206442295,2.4533741e7,0.4956583340477858,1.0,0
4.2984e6,0.0004464137524774307,3.273682070299896e-5,0.012937812529179367,0.0009487674757021996,0.0,0.0,0.0,0.0,0.0,0.18931891175582793,0.0,0.0,0.0,0.15378254985508955,0.011277322291074775,1.852006e6,-0.00013029386869421497,-9.55482888793452e-6,0.00013029386869421497,9.55482888793452e-6,10.497158924904546,0.7697872382031041,0.0,0.0,0.0,0.0,0.0,0.0,0.0,0.0,0.0,0.0,0.07093623718012959,0.00520196088275465,0.07093623718012959,0.00520196088275465,919804.0,0.011910075494830353,0.000873400525565473,0.011910075494830353,0.000873400525565473,465.0,0.0001303219747346553,9.556889985742238e-6,7.63429799650358e-5,5.598453078961478e-6,1.291685e6,26.248061442131633,1.9248467961922973,19.45324619096736,1.4265632031065005,2.4516812e7,4.487689540766975,0.3290953449608156,2.783467078925162,0.20411974808074518,9.21749e6,0.08258514880060713,0.006056209500742588,0.08258514880060668,0.006056209500742554,920130.0,0.010372327634384063,0.07119740105448329,0.00522111279033225,0.07119740105448286,0.005221112790332219,920132.0,0.012519615382455168,0.0,0.0,0.0,0.0,0.0,0.0,0.0,0.0,0.0,0.0,0.0,0.0,26.847759850160305,1.9688244271468927,19.531836536031555,1.432326462013905,1.3858635e7,3.3719593105955323,5.110741306675106,0.37478554566817973,3.4538948867359087,0.25328417192925706,2.5743588e7,0.8986917293488704,25.002722182630126,1.8335224410924453,17.653083534284896,1.2945520323013908,1.3381509e7,3.1608159372965345,1.5419393318407932,0.11307490228793095,0.9585239249670905,0.07029135123423175,2.4662774e7,0.4999528010589412,1.0,0
4.32e6,0.00036924312412007934,2.761179644765139e-5,0.01129832409482618,0.0008448824222505568,0.0,0.0,0.0,0.0,0.0,0.18931891175582793,0.0,0.0,0.0,0.15378254985508955,0.011499773960363982,1.852006e6,-0.0001306948089267041,-9.773285472677552e-6,0.0001306948089267041,9.773285472677552e-6,10.496730538686876,0.7849396998001055,0.0,0.0,0.0,0.0,0.0,0.0,0.0,0.0,0.0,0.0,0.07093623718012959,0.005304572553511083,0.07093623718012959,0.005304572553511083,919804.0,0.011910075494830353,0.0008906288533418174,0.011910075494830353,0.0008906288533418174,465.0,0.00013072291498299657,9.775387228010555e-6,7.657785135088127e-5,5.7264493385973284e-6,1.349186e6,26.30607735556663,1.967153904379443,19.535427643771797,1.4608484664489818,2.4646411e7,4.487689540766975,0.33558693994695704,2.783467078925162,0.20814612752823078,9.21749e6,0.08258514880060713,0.006175671716881572,0.08258514880060668,0.006175671716881537,920130.0,0.010707397171378577,0.07119740105448329,0.005324102243482477,0.07119740105448286,0.005324102243482445,920132.0,0.012555351815443613,0.0,0.0,0.0,0.0,0.0,0.0,0.0,0.0,0.0,0.0,0.0,0.0,26.899962233174666,2.011564286814943,19.60854368165536,1.4663160432925877,1.3933951e7,3.4876558764954058,5.118281722941125,0.3827422743006187,3.460221812379416,0.25875347191589915,2.5873026e7,0.9025867064010501,25.054986593844717,1.8735980296897672,17.729813204951732,1.325825618111726,1.3456721e7,3.2681156654854857,1.5484780479876565,0.11579433135439302,0.9634913575759184,0.07204935043233444,2.4791915e7,0.5031173623393672,1.0,0
4.3416e6,0.00030207309883125804,2.3028682537145645e-5,0.009675971543776677,0.0007376521702270515,0.0,0.0,0.0,0.0,0.0,0.18931891175582793,0.0,0.0,0.0,0.15378254985508955,0.011723683883363303,1.852006e6,-0.00013104828883161318,-9.990526969186389e-6,0.00013104828883161318,9.990526969186389e-6,10.497537174275557,0.8002846064201113,0.0,0.0,0.0,0.0,0.0,0.0,0.0,0.0,0.0,0.0,0.07093623718012959,0.005407856882063518,0.07093623718012959,0.005407856882063518,919804.0,0.011910075494830353,0.0009079701192362669,0.011910075494830353,0.0009079701192362669,465.0,0.00013107639488790597,9.992669647399848e-6,7.678491811664963e-5,5.853733780964117e-6,1.408666e6,26.36452990936617,2.0099121433618,19.614520505576394,1.4953220514799161,2.477601e7,4.487689540766975,0.34212108976086536,2.783467078925162,0.21219890139562056,9.21749e6,0.08258514880060713,0.006295917052430085,0.08258514880060668,0.006295917052430051,920130.0,0.011063010728468589,0.07119740105448329,0.005427766830933284,0.07119740105448286,0.005427766830933251,920132.0,0.012575381816394962,0.0,0.0,0.0,0.0,0.0,0.0,0.0,0.0,0.0,0.0,0.0,0.0,26.952382229731583,2.054727337156934,19.682257792256117,1.5004860348895952,1.4009144e7,3.610509856744541,5.125832697163614,0.3907702287234826,3.4663949757199513,0.26426222577603165,2.6002353e7,0.9053603409549605,25.107412116342207,1.9140751864154362,17.803532197164483,1.3572605193730898,1.3531761e7,3.3819932836994546,1.5548540357917389,0.11853501725371936,0.96831697280993,0.07382009271413578,2.4920624e7,0.5054034214896521,1.0,0
4.3632e6,0.0002429533541624347,1.8796326963697322e-5,0.008121159898993473,0.0006283015820555022,0.0,0.0,0.0,0.0,0.0,0.18154985730747464,0.0,0.0,0.0,0.15382975477250496,0.011901191392962682,1.855054e6,-0.0001312408636927708,-1.015357945343722e-5,0.0001312408636927708,1.015357945343722e-5,10.49717137343481,0.8121240639350352,0.0,0.0,0.0,0.0,0.0,0.0,0.0,0.0,0.0,0.0,0.07095564051330697,0.0054895534313759336,0.07095564051330697,0.0054895534313759336,921326.0,0.011918473745891082,0.0009220845302108184,0.011918473745891082,0.0009220845302108184,467.0,0.00013126896974906342,1.0155753906329863e-5,7.689772619036497e-5,5.949268777218046e-6,1.463116e6,26.413698407759053,2.0435219480888156,19.68103975670776,1.5226431408116103,2.490557e7,4.487848981563296,0.347206883033034,2.7835697745451458,0.21535363357706475,9.276152e6,0.08260901462901443,0.006391128266036078,0.08260901462901396,0.0063911282660360415,921654.0,0.011371585963141148,0.07122074014349145,0.005510063126926674,0.071220740143491,0.005510063126926639,921656.0,0.012563319162668946,0.0,0.0,0.0,0.0,0.0,0.0,0.0,0.0,0.0,0.0,0.0,0.0,26.996136536771495,2.0885828510213287,19.743881015194997,1.5275049170377848,1.4084036e7,3.716166918092861,5.132547744566057,0.39708464160223333,3.4720723051159834,0.2686203140250742,2.6131481e7,0.9053800241714103,25.151140231594763,1.945842883843393,17.86515450499669,1.3821553791283654,1.3606511e7,3.480237803828832,1.5603407676159295,0.1207173094769739,0.972651023818381,0.07525011016329501,2.5048974e7,0.5049402487179411,1.0,0
4.3848e6,0.00020525955521753697,1.607741433185908e-5,0.0068892063691498116,0.0005396125169282296,0.0,0.0,0.0,0.0,0.0,0.1761543023723231,0.0,0.0,0.0,0.1544638417306955,0.012098726318310377,1.86691e6,-0.00013146664068804936,-1.0297419045458535e-5,0.00013146664068804936,1.0297419045458535e-5,10.497282994668012,0.8222231987455696,0.0,0.0,0.0,0.0,0.0,0.0,0.0,0.0,0.0,0.0,0.07126953153575827,0.005582345662415161,0.07126953153575827,0.005582345662415161,927252.0,0.011924778659178964,0.0009340349934800552,0.011924778659178964,0.0009340349934800552,469.0,0.00013149474674434186,1.0299620515259881e-5,7.702998416222826e-5,6.033546014655285e-6,1.519074e6,26.45399931213482,2.072068738652167,19.73212698332378,1.5455630351704501,2.5033032e7,4.490192861264908,0.35170441144142134,2.7850126096156758,0.21814234955731682,9.338634e6,0.08292639154978464,0.006495395328022009,0.08292639154978418,0.0064953953280219735,927582.0,0.01171403989985552,0.07153745018091175,0.0056033309902884364,0.0715374501809113,0.005603330990288402,927584.0,0.012562763776932528,0.0,0.0,0.0,0.0,0.0,0.0,0.0,0.0,0.0,0.0,0.0,0.0,27.033243091279235,2.1174393048437716,19.792532099962873,1.5502944012057205,1.4159393e7,3.8186695728057516,5.139148912789176,0.402535347484644,3.4775123063308575,0.2723839391241323,2.6260827e7,0.9024911237761313,25.18861291383206,1.972954515229772,17.913902678706204,1.4031465446805809,1.3681805e7,3.5757625242076516,1.5656175998532216,0.12263050463796597,0.9766681329323101,0.07649971871582034,2.5178103e7,0.5018702446974918,1.0,0
4.4064e6,0.00016490593228737381,1.3033888545609467e-5,0.0065787717124661405,0.0005199750917260198,0.0,0.0,0.0,0.0,0.0,0.1761543023723231,0.0,0.0,0.0,0.15516364670379373,0.012263874618793308,1.882758e6,-0.00013158022639011906,-1.0399880597298466e-5,0.00013158022639011906,1.0399880597298466e-5,10.497584379992583,0.829711477986837,0.0,0.0,0.0,0.0,0.0,0.0,0.0,0.0,0.0,0.0,0.07161943402230744,0.00566068004830569,0.07161943402230744,0.00566068004830569,935176.0,0.011924778659178964,0.0009425145221819366,0.011924778659178964,0.0009425145221819366,469.0,0.00013160833244641162,1.0402102052888888e-5,7.709651970533237e-5,6.093579722423514e-6,1.567022e6,26.484879497260124,2.0933204932228895,19.77346018668507,1.5628611576275742,2.5156883e7,4.49292666847602,0.3551133948199184,2.7866087783317375,0.22024888815824445,9.429889e6,0.08327629403633376,0.0065820187297414914,0.08327629403633331,0.006582018729741457,935506.0,0.01201063440147115,0.07188735266746084,0.005681855889051884,0.07188735266746041,0.00568185588905185,935508.0,0.012556836456989332,0.0,0.0,0.0,0.0,0.0,0.0,0.0,0.0,0.0,0.0,0.0,0.0,27.061714559773687,2.138912569928168,19.832122005182125,1.5674976894585877,1.4234484e7,3.90301181885687,5.145088773976985,0.4066591947730497,3.4825296018584435,0.2752533038551219,2.6389861e7,0.8987121641601931,25.217361796674588,1.9931380182211458,17.953436104205856,1.4190095040677737,1.3756877e7,3.6539858610018876,1.5702186981979316,0.1241074545995022,0.9802670373238618,0.0774786639400496,2.5306876e7,0.4979419205965012,1.0,0
4.428e6,0.00011980810618183264,9.560348932667956e-6,0.005616872212700908,0.00044821055915972936,0.0,0.0,0.0,0.0,0.0,0.1741069435605009,0.0,0.0,0.0,0.15519057062272823,0.012383769792349087,1.895336e6,-0.00013167806397779098,-1.0507538083401832e-5,0.00013167806397779098,1.0507538083401832e-5,10.498079427798654,0.8377171265881957,0.0,0.0,0.0,0.0,0.0,0.0,0.0,0.0,0.0,0.0,0.0716328959817747,0.005716103045681237,0.0716328959817747,0.005716103045681237,941452.0,0.011924778659178964,0.0009515637009866252,0.011924778659178964,0.0009515637009866252,469.0,0.00013170617003408367,1.0509780867415724e-5,7.715383052442091e-5,6.156658049380319e-6,1.598084e6,26.493608581815668,2.114115234767745,19.778586874515003,1.5782754434701436,2.5279211e7,4.493623925389062,0.35857851415916075,2.7870176870530394,0.22239615013449393,9.523195e6,0.08328975599580102,0.006646287594498145,0.08328975599580057,0.0066462875944981094,941782.0,0.01227636377827078,0.07190081462692811,0.005737482197851014,0.07190081462692767,0.005737482197850979,941784.0,0.012498607650005688,0.0,0.0,0.0,0.0,0.0,0.0,0.0,0.0,0.0,0.0,0.0,0.0,27.07059727906023,2.1601573053058734,19.83735705774171,1.5829651383196006,1.4307899e7,3.990028496536412,5.1458127891653085,0.41062134587071525,3.482970346931461,0.2779312093312231,2.6518417e7,0.8945030098180745,25.22625882515823,2.0129842989779076,17.95867291438786,1.4330514428516665,1.3830316e7,3.7345445454407633,1.5708039265290252,0.1253457225976885,0.9806129470974169,0.07825014718048158,2.5433905e7,0.4931949754648152,1.0,0
4.4496e6,6.962255293000238e-5,5.59629489563599e-6,0.0047911774865152445,0.0003851171923963866,0.0,0.0,0.0,0.0,0.0,0.17059681688153683,0.0,0.0,0.0,0.1552447493613881,0.01247864897023958,1.911516e6,-0.000131757789105362,-1.0590755604321898e-5,0.000131757789105362,1.0590755604321898e-5,10.498416755293096,0.8438678794064741,0.0,0.0,0.0,0.0,0.0,0.0,0.0,0.0,0.0,0.0,0.07165838443370996,0.005759936028761748,0.07165838443370996,0.005759936028761748,949536.0,0.011927980493968331,0.0009587769127160955,0.011927980493968331,0.0009587769127160955,471.0,0.0001317858951616547,1.0593014782889012e-5,7.720053144116636e-5,6.20541651896835e-6,1.622106e6,26.50316333284994,2.1303372461356536,19.784199963760607,1.590263680545439,2.539832e7,4.49398028159604,0.3612283355404941,2.787226715120058,0.22403864814450025,9.612479e6,0.08331712252472244,0.006697071105292011,0.08331712252472197,0.006697071105291973,949868.0,0.012526248802690276,0.07192762683666658,0.0057815778649476434,0.07192762683666613,0.005781577864947607,949870.0,0.012413838025151955,0.0,0.0,0.0,0.0,0.0,0.0,0.0,0.0,0.0,0.0,0.0,0.0,27.079826755339145,2.17668973440222,19.842820016974706,1.5949755891264672,1.4381335e7,4.071295757609424,5.1466807915524635,0.413692722129715,3.4835181486533306,0.2800068945153991,2.6646641e7,0.8882548267381994,25.235498049954966,2.0284416899762503,17.964123682774005,1.4439650578678993,1.390343e7,3.8097978001512116,1.5715295561163298,0.12632031522999496,0.9810479460382164,0.07885711427886957,2.556145e7,0.4868527924092785,1.0,0
4.4712e6,1.3820387435062846e-5,1.1174505219035852e-6,0.003974297326549868,0.00032134270060229885,0.0,0.0,0.0,0.0,0.0,0.17059681688153683,0.0,0.0,0.0,0.1552621341276827,0.012553754634452078,1.928612e6,-0.00013181851642986276,-1.0658215673997611e-5,0.00013181851642986276,1.0658215673997611e-5,10.499313523474392,0.8489243468435715,0.0,0.0,0.0,0.0,0.0,0.0,0.0,0.0,0.0,0.0,0.07166707681685719,0.005794657549840044,0.07166707681685719,0.005794657549840044,958074.0,0.011927980493968331,0.0009644395347719921,0.011927980493968331,0.0009644395347719921,471.0,0.0001318466224861554,1.066048819547506e-5,7.723610393816237e-5,6.244942485225389e-6,1.633089e6,26.512655235864933,2.1436866780741135,19.789779745487994,1.6001070743391934,2.5515105e7,4.49418840004774,0.3633786098083833,2.7873488152189294,0.22537171283574575,9.701762e6,0.08332581490786968,0.006737327429809286,0.08332581490786928,0.006737327429809254,958406.0,0.01275804516881248,0.07193631921981385,0.00581642720464286,0.07193631921981342,0.005816427204642825,958408.0,0.0123167908879581,0.0,0.0,0.0,0.0,0.0,0.0,0.0,0.0,0.0,0.0,0.0,0.0,27.089010825072027,2.190288038346224,19.84823283409222,1.604833311912096,1.4454766e7,4.147608086003594,5.14727783790794,0.4161843026021383,3.4838810446172204,0.28168998227073344,2.6773348e7,0.8813064868944687,25.244685606643664,2.041164709671369,17.96953078485343,1.4529304368814675,1.3976254e7,3.88040660771743,1.5719906352284765,0.12710365494580808,0.9813209641172153,0.07934492637490413,2.5686154e7,0.48002873932521617,1.0,0
4.4928e6,6.479183125182598e-7,5.252839620845645e-8,0.0031592227799274795,0.0002561262780948718,0.0,0.0,0.0,0.0,0.0,0.16514506401491288,0.0,0.0,0.0,0.15529854130353093,0.012590450293774206,1.952742e6,-0.00013186380810486543,-1.069053648254931e-5,0.00013186380810486543,1.069053648254931e-5,10.499982846827557,0.8512604884039461,0.0,0.0,0.0,0.0,0.0,0.0,0.0,0.0,0.0,0.0,0.07168355896899689,0.00581156962907975,0.07168355896899689,0.00581156962907975,970130.0,0.011931423365537087,0.0009673110356147004,0.011931423365537087,0.0009673110356147004,473.0,0.00013189191416115812,1.0692815112481935e-5,7.726263462015748e-5,6.2638795740511795e-6,1.640949e6,26.52236803800998,2.150236271718014,19.79549523067893,1.6048714730383673,2.5629162e7,4.494356757455071,0.36436900747592355,2.7874476193088626,0.22598551411254975,9.787912e6,0.0833448733979488,0.006756982241750908,0.08334487339794838,0.0067569822417508744,970463.0,0.012930650698041451,0.07195366790558297,0.005833468052023365,0.07195366790558254,0.005833468052023331,970465.0,0.012211556769417733,0.0,0.0,0.0,0.0,0.0,0.0,0.0,0.0,0.0,0.0,0.0,0.0,27.098223020362283,2.196922309274273,19.853672384091617,1.6095880437938137,1.4528199e7,4.204189677520755,5.148079507141371,0.41736798426443006,3.484370995531478,0.2824868762840735,2.690078e7,0.8737020222155354,25.2538932873252,2.047397776498734,17.974955914044823,1.4572756902219435,1.404692e7,3.933005590309617,1.5726673536061804,0.12750016824382007,0.9817182211657378,0.07959040930024901,2.5809419e7,0.47274632828294194,1.0,0
4.5144e6,4.7254344216744345e-7,3.832278394279434e-8,0.007608005555309929,0.0006170013740840544,0.0,0.0,0.0,0.0,0.0,0.1570727592014105,0.0,0.0,0.0,0.155627441025723,0.01262122434848098,1.982592e6,-0.00013189704480494807,-1.069671378269174e-5,0.00013189704480494807,1.069671378269174e-5,10.500638652688764,0.8515909235827533,0.0,0.0,0.0,0.0,0.0,0.0,0.0,0.0,0.0,0.0,0.07184491351161819,0.005826548105854091,0.07184491351161819,0.005826548105854091,985052.0,0.011937614002486826,0.000968128136772814,0.011937614002486826,0.000968128136772814,478.0,0.00013192515086124078,1.069899315475931e-5,7.72821038218082e-5,6.2674986109706815e-6,1.648622e6,26.53177682140039,2.1516996322735507,19.80104152600127,1.6058439680438046,2.5739601e7,4.49470102433222,0.3645155997782408,2.787649664702507,0.22607550179638805,9.87703e6,0.08351204721056565,0.006772740570033977,0.0835120472105652,0.0067727405700339395,985388.0,0.013054162437723256,0.0721153938151583,0.00584848377844708,0.07211539381515783,0.005848483778447042,985390.0,0.01213885856986561,0.0,0.0,0.0,0.0,0.0,0.0,0.0,0.0,0.0,0.0,0.0,0.0,27.10736503216041,2.1983792402685327,19.859186066979177,1.6105594301209603,1.460164e7,4.237280227321642,5.149199040656734,0.41759471131039083,3.485169054163063,0.2826436021505027,2.7027397e7,0.8667414208792887,25.262959516853787,2.0487998624619355,17.98031830824913,1.458185200050956,1.4115714e7,3.963718265254203,1.5735053332312048,0.1276096534990886,0.9822168745905128,0.07965677165520994,2.5932423e7,0.46621278272041244,1.0,0
4.536e6,3.509331406184649e-7,2.837714034128381e-8,0.022639784710631553,0.0018306972858072653,0.0,0.0,0.0,0.0,0.0,0.1570727592014105,0.0,0.0,0.0,0.15575217403445063,0.012594425517198107,2.015404e6,-0.00013192050709475765,-1.0667350302464688e-5,0.00013192050709475765,1.0667350302464688e-5,10.501148902832025,0.8491434454871303,0.0,0.0,0.0,0.0,0.0,0.0,0.0,0.0,0.0,0.0,0.07190728001598198,0.005814563346674555,0.07190728001598198,0.005814563346674555,1.001452e6,0.011937614002486826,0.00096529882384901,0.011937614002486826,0.00096529882384901,478.0,0.00013194861315105036,1.066962301316523e-5,7.729584743491637e-5,6.250293450751038e-6,1.653042e6,26.540245783396923,2.146096199294074,19.80603808883277,1.6015549898226045,2.5845441e7,4.495261580140971,0.3634956462237572,2.7879787948930614,0.2254414199575911,9.961642e6,0.08357441371492944,0.006757990603992223,0.08357441371492899,0.006757990603992186,1.001788e6,0.013053862725369507,0.07217776031952207,0.005836434913205956,0.07217776031952164,0.005836434913205921,1.00179e6,0.012055506312816324,0.0,0.0,0.0,0.0,0.0,0.0,0.0,0.0,0.0,0.0,0.0,0.0,27.11554918568717,2.19261635796828,19.864073683773313,1.606247861574515,1.467507e7,4.235299310627824,5.150331802098981,0.41646590599785016,3.48589297382421,0.2818761259155356,2.7154354e7,0.8602353034846021,25.271117453434773,2.043471999519252,17.98513970271583,1.454313583784423,1.4182735e7,3.96195192532662,1.5744746967581955,0.12731510439557706,0.9827937823131636,0.07947062804639078,2.6054875e7,0.4600715087421205,1.0,0
4.5576e6,2.694245283242456e-7,2.168064728948268e-8,0.04312057726177756,0.003469921734098312,0.0,0.0,0.0,0.0,0.0,0.1570727592014105,0.0,0.0,0.0,0.1561414430690797,0.012564734085300122,2.045644e6,-0.0001319350431189476,-1.0616840095353635e-5,0.0001319350431189476,1.0616840095353635e-5,10.502268119092909,0.8451196787680954,0.0,0.0,0.0,0.0,0.0,0.0,0.0,0.0,0.0,0.0,0.07210191453329652,0.005802055913823614,0.07210191453329652,0.005802055913823614,1.016572e6,0.011937614002486826,0.0009606222576529073,0.011937614002486826,0.0009606222576529073,478.0,0.0001319631491752403,1.0619101795492708e-5,7.730436229621328e-5,6.220697956889618e-6,1.657403e6,26.546470607298644,2.1361999577291924,19.809686798657207,1.5940895770259331,2.5951281e7,4.496246719942468,0.36181389967675653,2.7885559359636987,0.2243956705451216,1.0044367e7,0.08376904823224399,0.006740912565738014,0.08376904823224353,0.006740912565737976,1.016908e6,0.013012268000900235,0.07237239483683665,0.005823821519562184,0.07237239483683618,0.005823821519562147,1.01691e6,0.011997315913056293,0.0,0.0,0.0,0.0,0.0,0.0,0.0,0.0,0.0,0.0,0.0,0.0,27.122275814454444,2.182535121351594,19.8682628855148,1.5988032068006846,1.4748508e7,4.213039650558794,5.1514048621895645,0.4145346103308272,3.486768034623592,0.2805809419398508,2.7283623e7,0.853958635292879,25.27802556289267,2.034127923735458,17.989214733074693,1.4475958149333055,1.4256165e7,3.941170582556658,1.5752656860579528,0.12676195422543496,0.9832558492659845,0.07912280071843102,2.6176034e7,0.45407179113585916,1.0,0
4.5792e6,2.1508475796020173e-7,1.7201422635086145e-8,0.06754290780019576,0.005401750054686833,0.0,0.0,0.0,0.0,0.0,0.1570727592014105,0.0,0.0,0.0,0.15666342676487804,0.012529171480120284,2.073844e6,-0.00013194362918016671,-1.0552203471131562e-5,0.00013194362918016671,1.0552203471131562e-5,10.503522121790247,0.8400201152669413,0.0,0.0,0.0,0.0,0.0,0.0,0.0,0.0,0.0,0.0,0.07236290638119566,0.005787229869614659,0.07236290638119566,0.005787229869614659,1.030672e6,0.011937614002486826,0.0009547117408909751,0.011937614002486826,0.0009547117408909751,478.0,0.00013197173523645948,1.0554451255481706e-5,7.73093918146999e-5,6.182825481813956e-6,1.662585e6,26.5505188280954,2.123380103147002,19.812044599509374,1.5844700277850277,2.605823e7,4.49787421896016,0.35971789044255686,2.7895083659379982,0.2230911795036945,1.0131082e7,0.08403004008014314,0.006720309924189175,0.0840300400801427,0.006720309924189139,1.031008e6,0.012937496057062146,0.07263338668473579,0.005808861555931181,0.07263338668473535,0.005808861555931145,1.03101e6,0.011953439544890256,0.0,0.0,0.0,0.0,0.0,0.0,0.0,0.0,0.0,0.0,0.0,0.0,27.127633925279383,2.169534934339584,19.871751477861142,1.5892450906880926,1.4821948e7,4.176645121328014,5.152514470873639,0.41207280277524133,3.487782363339229,0.27893570451002775,2.7410972e7,0.847960876436782,25.283580784400314,2.022056620494173,17.992595339234835,1.4389594114778124,1.4329605e7,3.9071441337428916,1.5760218789124887,0.12604248984641,0.9836975758267239,0.07867130106000426,2.6295853e7,0.448298930741436,1.0,0
4.6008e6,1.7757160797507466e-7,1.4112041612635825e-8,0.09055402921515003,0.00719654590645715,0.0,0.0,0.0,0.0,0.0,0.1570727592014105,0.0,0.0,0.0,0.15687914335701714,0.012467561816073914,2.099736e6,-0.00013194994712280878,-1.0486378795666201e-5,0.00013194994712280878,1.0486378795666201e-5,10.504382484668291,0.8348084720812445,0.0,0.0,0.0,0.0,0.0,0.0,0.0,0.0,0.0,0.0,0.0724707646772653,0.005759425498746748,0.0724707646772653,0.005759425498746748,1.043615e6,0.011937614002486826,0.0009487108185804407,0.011937614002486826,0.0009487108185804407,478.0,0.00013197805317910147,1.0488612451375537e-5,7.731309272329371e-5,6.144256923470786e-6,1.669065e6,26.552765167654506,2.1102119378740163,19.813361748552197,1.5746153828883689,2.61662e7,4.500727019502376,0.35768357177487137,2.7911797321105976,0.2218217482910863,1.021342e7,0.08413789837621269,0.006686640598825374,0.08413789837621226,0.006686640598825339,1.043951e6,0.012834182169569993,0.07274124498080535,0.005780921217248612,0.07274124498080488,0.005780921217248575,1.043953e6,0.011890151814773762,0.0,0.0,0.0,0.0,0.0,0.0,0.0,0.0,0.0,0.0,0.0,0.0,27.131783868140364,2.156227942847614,19.87434013920201,1.5794614818573127,1.4894898e7,4.138613674329193,5.153806375368615,0.4095853546749363,3.4886953196315784,0.2772549851063992,2.7539362e7,0.842431831394306,25.287801756417124,2.0096822614161143,17.995153372023097,1.4301180020141508,1.4402461e7,3.871730871918977,1.5771070452171991,0.12533647976432302,0.9843324865697695,0.07822726374754528,2.6413911e7,0.4430709114860252,1.0,0
