time,total,tagged,residual,relative,gross_residual,gross_relative,scale,nonpositive_fraction
0.0,11.572872709327106,11.572872709327104,1.7763568394002505e-15,1.5349316319435567e-16,3.1251792600821884e-16,2.700435180249986e-17,11.572872709327106,0.0
5.0,11.572543448351192,11.572542972297853,4.760533389713828e-7,4.1136448620481e-8,8.659770442024574e-5,7.483031263329049e-6,11.572543448351192,0.0
10.0,11.57211282657152,11.572112050489894,7.76081625630809e-7,6.706481670735138e-8,8.927227265240748e-5,7.714431581363718e-6,11.57211282657152,0.0
15.0,11.571714282837862,11.571713662867705,6.199701569897798e-7,5.35763450286069e-8,8.908878971476001e-5,7.698841116988915e-6,11.571714282837862,0.0
20.0,11.571311785079214,11.571311130908727,6.541704866691589e-7,5.6533822510312785e-8,8.909052418649489e-5,7.69925880844157e-6,11.571311785079214,0.0
25.0,11.570913405978288,11.570912794004125,6.119741637888865e-7,5.288901077357478e-8,8.903734095158731e-5,7.694927602308805e-6,11.570913405978288,0.0
30.0,11.570514142635435,11.570513532027507,6.106079286638533e-7,5.277275677956814e-8,8.889294229257742e-5,7.682713248240336e-6,11.570514142635435,0.0
35.0,11.57012084542977,11.570120247233277,5.981964932288975e-7,5.170183624012767e-8,8.884408865891949e-5,7.678752006640722e-6,11.57012084542977,0.0
40.0,11.56972887266113,11.569728283895108,5.887660226022717e-7,5.088848918434947e-8,8.879647379126654e-5,7.674896686739957e-6,11.56972887266113,0.0
45.0,11.56933984546911,11.569339264988841,5.804802682973786e-7,5.017401822842222e-8,8.877409936205479e-5,7.673220818802492e-6,11.56933984546911,0.0
50.0,11.56894780605341,11.56894723946695,5.665864595272296e-7,4.8974761493068996e-8,8.874911585948311e-5,7.671321311783036e-6,11.56894780605341,0.0
55.0,11.568564010573052,11.568563453764073,5.568089793683839e-7,4.813120961767512e-8,8.873237293650888e-5,7.670128535867736e-6,11.568564010573052,0.0
60.0,11.568178600400723,11.568178054005019,5.463957037932232e-7,4.7232647650711065e-8,8.871494667932481e-5,7.668877681076925e-6,11.568178600400723,0.0
65.0,11.567799209864573,11.567798672592911,5.372716618268214e-7,4.644545190312924e-8,8.870025119683631e-5,7.667858819782778e-6,11.567799209864573,0.0
70.0,11.567422222440559,11.56742169441845,5.280221095915749e-7,4.564734470980259e-8,8.868805763019622e-5,7.667054588717547e-6,11.567422222440559,0.0
75.0,11.567044241627991,11.567043722386249,5.192417429356055e-7,4.488975161579614e-8,8.867559415185181e-5,7.666227629070714e-6,11.567044241627991,0.0
80.0,11.56666822245884,11.566667712461257,5.099975837197235e-7,4.4092004189198424e-8,8.866410188599922e-5,7.665483281853054e-6,11.56666822245884,0.0
85.0,11.56629450730108,11.566294006615145,5.006859353784421e-7,4.3288361286528736e-8,8.865220447424779e-5,7.664702331268426e-6,11.56629450730108,0.0
90.0,11.56592284509276,11.565922353533551,4.915592093368559e-7,4.2500647455504753e-8,8.864082884738319e-5,7.663965083857714e-6,11.56592284509276,0.0
95.0,11.565553361522195,11.5655528791596,4.823625943117804e-7,4.170683228323236e-8,8.862957133647139e-5,7.663236558255475e-6,11.565553361522195,0.0
100.0,11.565185970569681,11.565185497294259,4.732754224079372e-7,4.0922422139366986e-8,8.861829316929332e-5,7.662504813567484e-6,11.565185970569681,0.0
105.0,11.564820701939412,11.564820237729567,4.6420984567419055e-7,4.0139822106912807e-8,8.860729693100068e-5,7.661795994480165e-6,11.564820701939412,0.0
110.0,11.564457522818694,11.56445706764103,4.5517766444902463e-7,3.9360053296998984e-8,8.859612237463122e-5,7.661070326888712e-6,11.564457522818694,0.0
115.0,11.564096435639563,11.564095989462501,4.4617706151939274e-7,3.858295924827408e-8,8.85851301702557e-5,7.660358996768988e-6,11.564096435639563,0.0
120.0,11.563737422172727,11.563736984968955,4.3720377185252346e-7,3.78081718644193e-8,8.857407728006732e-5,7.659641000688254e-6,11.563737422172727,0.0
125.0,11.563380477066177,11.563380048804685,4.282614920469996e-7,3.703601147574249e-8,8.856309659857372e-5,7.658927834660651e-6,11.563380477066177,0.0
130.0,11.5630255868207,11.56302516747343,4.1934726979775405e-7,3.62662234593442e-8,8.85521331779124e-5,7.658214756425197e-6,11.5630255868207,0.0
135.0,11.562672743235249,11.562672332772584,4.1046266474609183e-7,3.549894335513676e-8,8.854119548494478e-5,7.657502504059528e-6,11.562672743235249,0.0
140.0,11.562321934892745,11.562321533286026,4.016067194356765e-7,3.4734089026159074e-8,8.853029642801082e-5,7.65679220199226e-6,11.562321934892745,0.0
145.0,11.561973152336222,11.56197275955668,3.9277954222427525e-7,3.3971670496822585e-8,8.851941671915033e-5,7.656082188814288e-6,11.561973152336222,0.0
150.0,11.561626385147008,11.561626001165957,3.8398105139947347e-7,3.3211681350710856e-8,8.850857342266843e-5,7.655373947766866e-6,11.561626385147008,0.0
155.0,11.561281623402,11.561281248191069,3.7521093076975376e-7,3.245409488254858e-8,8.849775409720726e-5,7.654666409827156e-6,11.561281623402,0.0
160.0,11.560938857100872,11.560938490631642,3.664692300731076e-7,3.1698916031202574e-8,8.84869659172906e-5,7.653960202630153e-6,11.560938857100872,0.0
165.0,11.560598076260744,11.560597718505079,3.577556650924407e-7,3.094612084361609e-8,8.847620528336364e-5,7.653255021904638e-6,11.560598076260744,0.0
170.0,11.56025927103326,11.560258921963058,3.4907020207697315e-7,3.019570702463779e-8,8.846547307132659e-5,7.652550950392266e-6,11.56025927103326,0.0
175.0,11.559922431531362,11.559922091118722,3.4041264029838203e-7,2.9447657829420833e-8,8.845476941263677e-5,7.651848006467896e-6,11.559922431531362,0.0
180.0,11.55958754798026,11.55958721619738,3.3178288028068437e-7,2.8701965265071665e-8,8.844409343036781e-5,7.65114612119713e-6,11.55958754798026,0.0
185.0,11.559254610615923,11.559254287435149,3.231807745862625e-7,2.7958617183624967e-8,8.84334457592494e-5,7.650445356401515e-6,11.559254610615923,0.0
190.0,11.558923609736944,11.558923295130757,3.1460618643563976e-7,2.721760235275052e-8,8.84228256688752e-5,7.64974565576245e-6,11.558923609736944,0.0
195.0,11.558594535689371,11.558594229630371,3.060590003656216e-7,2.6478911378075068e-8,8.841223341151079e-5,7.64904704793659e-6,11.558594535689371,0.0
200.0,11.558267378859872,11.558267081320809,2.9753906360951987e-7,2.5742531631836124e-8,8.840166865378857e-5,7.648349510885659e-6,11.558267378859872,0.0
205.0,11.557942129691583,11.557941840645324,2.8904625892778313e-7,2.500845355378987e-8,8.839113134050222e-5,7.6476530465948e-6,11.557942129691583,0.0
210.0,11.557618778667383,11.55761849808693,2.8058045309364843e-7,2.4276666194556724e-8,8.838062133813721e-5,7.646957650244255e-6,11.557618778667383,0.0
215.0,11.557297316322847,11.557297044181333,2.7214151465670966e-7,2.354715875244924e-8,8.837013848873499e-5,7.64626331486049e-6,11.557297316322847,0.0
220.0,11.556977733238172,11.556977469508862,2.6372931039020386e-7,2.2819920266153273e-8,8.835968269815055e-5,7.645570038958003e-6,11.556977733238172,0.0
225.0,11.556660020041734,11.556659764698018,2.553437159491523e-7,2.2094940537000427e-8,8.834925380980457e-5,7.644877815613504e-6,11.556660020041734,0.0
230.0,11.556344167409609,11.556343920425,2.46984608764933e-7,2.1372209514273696e-8,8.833885171581756e-5,7.644186642082242e-6,11.556344167409609,0.0
235.0,11.55603016606436,11.556029927412503,2.386518573871399e-7,2.0651716372978075e-8,8.832847627906028e-5,7.643496513054044e-6,11.55603016606436,0.0
240.0,11.555718006776797,11.555717776431466,2.3034533036536686e-7,1.9933450282386774e-8,8.831812737944443e-5,7.642807424657705e-6,11.555718006776797,0.0
245.0,11.555407680364485,11.555407458299573,2.2206491223641933e-7,1.9217401789619497e-8,8.830780488806357e-5,7.642119372224357e-6,11.555407680364485,0.0
250.0,11.555099177692819,11.555098963882347,2.138104715498912e-7,1.8503560052747402e-8,8.829750868285406e-5,7.641432351642023e-6,11.555099177692819,0.0
255.0,11.554792489674664,11.554792284092777,2.0558188751351736e-7,1.7791915146656668e-8,8.828723864112097e-5,7.640746358709102e-6,11.554792489674664,0.0
260.0,11.554487607270529,11.554487409891493,1.9737903578231908e-7,1.708245683331908e-8,8.827699463884753e-5,7.640061389074513e-6,11.554487607270529,0.0
265.0,11.554184521488878,11.554184332287083,1.8920179556403127e-7,1.6375175176763632e-8,8.826677655433945e-5,7.639377438552917e-6,11.554184521488878,0.0
270.0,11.553883223386093,11.55388304233605,1.8105004251367518e-7,1.567005992818187e-8,8.825658426576395e-5,7.638694502911778e-6,11.553883223386093,0.0
275.0,11.55358370406688,11.553583531143222,1.7292365761534256e-7,1.4967101294680817e-8,8.824641765148419e-5,7.638012577900078e-6,11.55358370406688,0.0
280.0,11.553285954684432,11.553285789861906,1.6482252540583886e-7,1.426628978563535e-8,8.823627659458561e-5,7.637331659640005e-6,11.553285954684432,0.0
285.0,11.552989966440766,11.552989809694246,1.5674651976382847e-7,1.3567614982714192e-8,8.82261609750559e-5,7.636651743949929e-6,11.552989966440766,0.0
290.0,11.55269573058711,11.552695581891586,1.4869552522611684e-7,1.287106738494186e-8,8.821607067451975e-5,7.635972826753968e-6,11.55269573058711,0.0
295.0,11.552403238424304,11.55240309775488,1.4066942455315257e-7,1.2176637332505305e-8,8.820600557813438e-5,7.635294904245854e-6,11.552403238424304,0.0
300.0,11.552112481303315,11.552112348635205,1.3266810938716844e-7,1.1484315929392748e-8,8.819596556778604e-5,7.634617972299706e-6,11.552112481303315,0.0
305.0,11.551823450625799,11.551823325934347,1.2469145183047203e-7,1.0794092583168513e-8,8.818595052803086e-5,7.633942026983935e-6,11.551823450625799,0.0
310.0,11.55153613784477,11.551536021105425,1.1673934530165297e-7,1.0105958541669215e-8,8.817596034638262e-5,7.633267064585754e-6,11.55153613784477,0.0
315.0,11.551250534465382,11.551250425653706,1.0881167611387355e-7,9.419904432789589e-9,8.816599491000352e-5,7.632593081324251e-6,11.551250534465382,0.0
320.0,11.55096663204578,11.550966531137451,1.0090832880393918e-7,8.73592072580227e-9,8.815605410617745e-5,7.631920073390796e-6,11.55096663204578,0.0
325.0,11.55068442219815,11.550684329168952,9.302919856679637e-8,8.05399880789856e-9,8.814613782265217e-5,7.631248036978015e-6,11.55068442219815,0.0
330.0,11.550403896589879,11.550403811415709,8.517416993925053e-8,7.374129138843119e-9,8.813624595157364e-5,7.630576968619672e-6,11.550403896589879,0.0
335.0,11.550125046944917,11.550124969601779,7.734313811624816e-8,6.696303096450537e-9,8.812637838558432e-5,7.629906864852023e-6,11.550125046944917,0.0
340.0,11.549847865045361,11.549847795509361,6.953600006909255e-8,6.0205122077440845e-9,8.811653501407736e-5,7.629237721888494e-6,11.549847865045361,0.0
345.0,11.549572341249702,11.549572279497067,6.175263500551864e-8,5.346746457872466e-9,8.810671571869185e-5,7.628569536208334e-6,11.549572341249702,0.0
350.0,11.549298465518033,11.549298411525092,5.399294167318658e-8,4.674997519060546e-9,8.809692038969568e-5,7.6279023052976555e-6,11.549298465518033,0.0
355.0,11.549026229852757,11.549026183595942,4.625681526704284e-8,4.005256750346179e-9,8.808714893951304e-5,7.627236027208858e-6,11.549026229852757,0.0
360.0,11.54875562632375,11.548755587779592,3.8544158087461255e-8,3.337516121616195e-9,8.807740126269164e-5,7.62657069839903e-6,11.54875562632375,0.0
365.0,11.548486647072057,11.548486616217183,3.08548742111725e-8,2.6717677522704055e-9,8.806767725978396e-5,7.625906315795255e-6,11.548486647072057,0.0
370.0,11.548219284313051,11.548219261124183,2.3188867714907246e-8,2.008003757462997e-9,8.805797683346533e-5,7.62524287645647e-6,11.548219284313051,0.0
375.0,11.54795353034171,11.54795351479567,1.5546039122682487e-8,1.3462159404985476e-9,8.804829988985046e-5,7.6245803776840326e-6,11.54795353034171,0.0
380.0,11.547689377538441,11.547689369612133,7.926308498440449e-9,6.863977926058535e-10,8.803864633881512e-5,7.623918817045791e-6,11.547689377538441,0.0
385.0,11.547426818375438,11.54742681804586,3.2957814255496487e-10,2.8541262719284496e-11,8.802901608954229e-5,7.623258191986251e-6,11.547426818375438,0.0
390.0,11.547165845424626,11.547165852670105,-7.245478883532996e-9,-6.274681580332457e-10,8.801940793915721e-5,7.622598403575666e-6,11.547165845424626,0.0
395.0,11.54690645137375,11.546906466176608,-1.4802857606355246e-8,-1.2819760572836484e-9,8.800981987967319e-5,7.621939283071142e-6,11.54690645137375,0.0
400.0,11.546648629070862,11.546648651414381,-2.23435190349619e-8,-1.935065294938298e-9,8.800024943152777e-5,7.621280620765628e-6,11.546648629070862,0.0
405.0,11.54639231419981,11.546392344061047,-2.986123703863086e-8,-2.5861962963017777e-9,8.799069750987373e-5,7.620622538666241e-6,11.54639231419981,0.0
410.0,11.5461377148119,11.546137752170718,-3.735881826116838e-8,-3.235611698381427e-9,8.798118344218849e-5,7.619966573698693e-6,11.5461377148119,0.0
415.0,11.545884136074514,11.545884180923126,-4.484861193532197e-8,-3.884380910700014e-9,8.797165539055311e-5,7.619308695095099e-6,11.545884136074514,0.0
420.0,11.54563326440477,11.545633316700176,-5.2295405339464196e-8,-4.529453183022115e-9,8.796223396374765e-5,7.618658236351188e-6,11.54563326440477,0.0
425.0,11.545382385971203,11.545382445723277,-5.975207351127665e-8,-5.1754087923394725e-9,8.79526945372145e-5,7.617997533289658e-6,11.545382385971203,0.0
430.0,11.545135368125939,11.545135435251295,-6.712535594033398e-8,-5.814167941733721e-9,8.794337564742958e-5,7.617353356481689e-6,11.545135368125939,0.0
435.0,11.544888791023768,11.544888865514176,-7.449040850815436e-8,-6.452241321377749e-9,8.793388318462675e-5,7.616693826708488e-6,11.544888791023768,0.0
440.0,11.544643689947883,11.544643771736851,-8.178896848676231e-8,-7.084581446023956e-9,8.79245792793009e-5,7.616049627920377e-6,11.544643689947883,0.0
445.0,11.544399280005315,11.544399369118459,-8.911314353099442e-8,-7.719166789850791e-9,8.791516642392522e-5,7.615395508382376e-6,11.544399280005315,0.0
450.0,11.54415821785575,11.544158314263186,-9.64074349241173e-8,-8.351187943266453e-9,8.790586327989747e-5,7.614748656504934e-6,11.54415821785575,0.0
455.0,11.543918739243185,11.543918842966516,-1.0372333036912096e-7,-8.985105726404396e-9,8.789651066908686e-5,7.614096448053248e-6,11.543918739243185,0.0
460.0,11.543680613915214,11.54368072483453,-1.1091931639839459e-7,-9.608661232769036e-9,8.78872620169719e-5,7.613452325684503e-6,11.543680613915214,0.0
465.0,11.54344309903209,11.543443217129038,-1.1809694733244669e-7,-1.0230651835789707e-8,8.787800938679143e-5,7.612807429540666e-6,11.54344309903209,0.0
470.0,11.543206735315117,11.5432068605934,-1.2527828374686578e-7,-1.0852987962486303e-8,8.786879691679759e-5,7.61216522684057e-6,11.543206735315117,0.0
475.0,11.542971875338731,11.542972007810372,-1.324716407680171e-7,-1.1476389460069588e-8,8.78595841064393e-5,7.6115219767752435e-6,11.542971875338731,0.0
480.0,11.542738737129525,11.542738876779739,-1.3965021317119408e-7,-1.2098533662724365e-8,8.78503980610259e-5,7.610879884029388e-6,11.542738737129525,0.0
485.0,11.542507737125998,11.542507883929527,-1.4680352933282848e-7,-1.2718512534381156e-8,8.784126188750299e-5,7.610240676293004e-6,11.542507737125998,0.0
490.0,11.542278441964754,11.542278595934324,-1.539695695385035e-7,-1.3339616637449132e-8,8.783215461713651e-5,7.6096028231134505e-6,11.542278441964754,0.0
495.0,11.542050270613167,11.542050431804642,-1.611914743904208e-7,-1.3965584156293713e-8,8.782277223306882e-5,7.608940367957977e-6,11.542050270613167,0.0
500.0,11.541823489362473,11.541823657706392,-1.6834391836084706e-7,-1.4585556477795844e-8,8.781353374307447e-5,7.6082894374539565e-6,11.541823489362473,0.0
505.0,11.541598075075122,11.541598250428194,-1.7535307250682308e-7,-1.519313628547767e-8,8.780450869852893e-5,7.607656073914827e-6,11.541598075075122,0.0
510.0,11.541374024370954,11.541374206736116,-1.823651611942978e-7,-1.580099222234827e-8,8.779546724167301e-5,7.607020364844139e-6,11.541374024370954,0.0
515.0,11.541151329704489,11.541151519057518,-1.893530292562673e-7,-1.640677120045316e-8,8.77864562785663e-5,7.6063863795479816e-6,11.541151329704489,0.0
520.0,11.540929984683704,11.540930181007115,-1.9632341086150973e-7,-1.7011056398579328e-8,8.77774593441008e-5,7.605752695891298e-6,11.540929984683704,0.0
525.0,11.540709982646058,11.540710185920098,-2.0327403937869803e-7,-1.7613651125828855e-8,8.776848588696507e-5,7.605120137231061e-6,11.540709982646058,0.0
530.0,11.540491317023625,11.540491527229571,-2.102059468711559e-7,-1.8214644515270908e-8,8.775952966806604e-5,7.604488167554018e-6,11.540491317023625,0.0
535.0,11.540273981279281,11.540274198398146,-2.1711886510900058e-7,-1.8814013034804236e-8,8.775059353636417e-5,7.603857038291625e-6,11.540273981279281,0.0
540.0,11.540057968906558,11.540058192919592,-2.240130339004054e-7,-1.9411777176855123e-8,8.774167635273705e-5,7.603226655286095e-6,11.540057968906558,0.0
545.0,11.539843273435288,11.539843504323754,-2.308884656798682e-7,-2.0007937734420823e-8,8.77327780693705e-5,7.602597018915438e-6,11.539843273435288,0.0
550.0,11.539629888423145,11.539630126168413,-2.3774526880515623e-7,-2.0602503815453252e-8,8.772389900146945e-5,7.601968160995902e-6,11.539629888423145,0.0
555.0,11.53941780746353,11.539418052047061,-2.4458353209411143e-7,-2.1195482837610606e-8,8.771503857809228e-5,7.601340036527619e-6,11.53941780746353,0.0
560.0,11.539207024178832,11.539207275582154,-2.514033212719369e-7,-2.178688022020539e-8,8.770619712658195e-5,7.600712678332713e-6,11.539207024178832,0.0
565.0,11.538997532225018,11.538997790429747,-2.582047287091882e-7,-2.2376703694415266e-8,8.769737428738189e-5,7.6000860596831725e-6,11.538997532225018,0.0
570.0,11.538789325288455,11.538789590276288,-2.6498783256556635e-7,-2.2964959762703873e-8,8.768857013476666e-5,7.599460191424767e-6,11.538789325288455,0.0
575.0,11.538582397087389,11.538582668840103,-2.7175271455348593e-7,-2.355165523817577e-8,8.767978451785998e-5,7.598835064868317e-6,11.538582397087389,0.0
580.0,11.538376741371108,11.538377019870568,-2.7849945993807523e-7,-2.4136797244582002e-8,8.767101737342432e-5,7.598210678897139e-6,11.538376741371108,0.0
585.0,11.53817235191991,11.538172637148055,-2.8522814510267835e-7,-2.472039213864035e-8,8.76622686310443e-5,7.597587031750104e-6,11.53817235191991,0.0
590.0,11.537969222545092,11.537969514483937,-2.9193884465428255e-7,-2.5302446125773726e-8,8.76535381916069e-5,7.5969641191564845e-6,11.537969222545092,0.0
595.0,11.537767347088566,11.537767645720212,-2.9863164563437294e-7,-2.5882966491756267e-8,8.764482599410587e-5,7.59634194012606e-6,11.537767347088566,0.0
600.0,11.53756671942292,11.537567024729544,-3.0530662442629364e-7,-2.6461959601267147e-8,8.763613194689044e-5,7.595720490990477e-6,11.53756671942292,0.0
605.0,11.537367333451108,11.53736764541497,-3.119638609661024e-7,-2.70394321295122e-8,8.762745597905189e-5,7.595099769857148e-6,11.537367333451108,0.0
610.0,11.5371691831064,11.537169501709833,-3.1860343341350017e-7,-2.761539060032365e-8,8.76187980090107e-5,7.594479773886718e-6,11.5371691831064,0.0
615.0,11.536972262301724,11.536972587527139,-3.2522541459911736e-7,-2.8189841078306633e-8,8.761015795759603e-5,7.5938605004600275e-6,11.536972262301724,0.0
620.0,11.536776563377229,11.536776895207119,-3.3182988978808226e-7,-2.8762790712394946e-8,8.760153573547939e-5,7.593241947110682e-6,11.536776563377229,0.0
625.0,11.536582080369925,11.536582418786868,-3.384169424691663e-7,-2.9334246496195764e-8,8.75929312792165e-5,7.592624112496914e-6,11.536582080369925,0.0
630.0,11.53638880734688,11.536389152333518,-3.449866383675726e-7,-2.990421388605331e-8,8.758434450935421e-5,7.592006993867669e-6,11.53638880734688,0.0
635.0,11.536196738404493,11.536197089943553,-3.515390591957157e-7,-3.047269972654221e-8,8.757577534644681e-5,7.5913905884513305e-6,11.536196738404493,0.0
640.0,11.536005867668484,11.536006225742764,-3.580742795605829e-7,-3.1039710248773695e-8,8.756722371895232e-5,7.590774894140231e-6,11.536005867668484,0.0
645.0,11.535816189293723,11.5358165538861,-3.6459237762187513e-7,-3.160525199424118e-8,8.755868954848391e-5,7.590159908212326e-6,11.535816189293723,0.0
650.0,11.53562769746409,11.53562806855751,-3.7109342088115227e-7,-3.2169330582914946e-8,8.755017276358442e-5,7.58954562852534e-6,11.53562769746409,0.0
655.0,11.535440386392322,11.535440763969811,-3.775774892744721e-7,-3.2731952715032705e-8,8.754167328866616e-5,7.588932052558124e-6,11.535440386392322,0.0
660.0,11.53525425031988,11.535254634364536,-3.8404465563246504e-7,-3.3293124477235964e-8,8.753319105035909e-5,7.588319177961052e-6,11.53525425031988,0.0
665.0,11.535069283516803,11.535069674011796,-3.904949927857615e-7,-3.385285195848496e-8,8.75247259742373e-5,7.587707002272364e-6,11.535069283516803,0.0
670.0,11.534885480281554,11.53488587721013,-3.9692857534134873e-7,-3.44111414040376e-8,8.751627798621697e-5,7.587095523039453e-6,11.534885480281554,0.0
675.0,11.534702834940896,11.534703238286369,-4.033454725771435e-7,-3.496799859943771e-8,8.750784701595558e-5,7.58648473811367e-6,11.534702834940896,0.0
680.0,11.53452134184974,11.534521751595502,-4.097457626528467e-7,-3.552343010248725e-8,8.749943299006879e-5,7.585874645062375e-6,11.53452134184974,0.0
685.0,11.534340995391005,11.53434141152052,-4.1612951484637506e-7,-3.6077441703228284e-8,8.749103583732838e-5,7.585265241619684e-6,11.534340995391005,0.0
690.0,11.53416178997549,11.534162212472292,-4.2249680198835904e-7,-3.663003950192178e-8,8.748265548484567e-5,7.584656525355673e-6,11.53416178997549,0.0
695.0,11.533983720041716,11.533984148889406,-4.288476898040017e-7,-3.71812289849886e-8,8.7474291861608e-5,7.584048493983102e-6,11.533983720041716,0.0
700.0,11.533806780055803,11.533807215238062,-4.3518225822936074e-7,-3.77310168731e-8,8.746594489756073e-5,7.583441145277929e-6,11.533806780055803,0.0
705.0,11.533630964511332,11.5336314060119,-4.415005676605688e-7,-3.8279408194960805e-8,8.745761452114189e-5,7.582834476865662e-6,11.533630964511332,0.0
710.0,11.533456267929195,11.53345671573189,-4.478026962573267e-7,-3.88264095215344e-8,8.744930066457654e-5,7.582228486680503e-6,11.533456267929195,0.0
715.0,11.533282677361862,11.533283131450599,-4.540887363901902e-7,-3.937202868368948e-8,8.744100318376469e-5,7.5816231709466825e-6,11.533282677361862,0.0
720.0,11.533110170866193,11.533110631225002,-4.6035880885142433e-7,-3.991627601150793e-8,8.743272192110087e-5,7.581018530627133e-6,11.533110170866193,0.0
725.0,11.53293874314095,11.532939209753923,-4.666129740371616e-7,-4.045915654539248e-8,8.742445693582327e-5,7.580414574543519e-6,11.53293874314095,0.0
730.0,11.532768388912542,11.532768861763852,-4.72851310107103e-7,-4.100067686798395e-8,8.741620811157638e-5,7.579811296272734e-6,11.532768388912542,0.0
735.0,11.53259910293326,11.532599582007121,-4.790738614701695e-7,-4.1540840637417065e-8,8.740797539734303e-5,7.579208695038332e-6,11.53259910293326,0.0
740.0,11.532430879981826,11.532431365262543,-4.85280716944203e-7,-4.2079655364469684e-8,8.739975872543141e-5,7.578606768599088e-6,11.532430879981826,0.0
745.0,11.532263714863163,11.532264206335093,-4.914719298199088e-7,-4.261712548131236e-8,8.739155801911325e-5,7.5780055139113855e-6,11.532263714863163,0.0
750.0,11.532097602408186,11.532098100055759,-4.976475729279173e-7,-4.315325711638065e-8,8.738337322311048e-5,7.57740492977294e-6,11.532097602408186,0.0
755.0,11.531932537473761,11.531933041281475,-5.038077137697883e-7,-4.3688055937947304e-8,8.737520426302496e-5,7.576805013304889e-6,11.531932537473761,0.0
760.0,11.531768514942518,11.531769024894931,-5.099524127416544e-7,-4.422152700003242e-8,8.73670510769674e-5,7.576205762694577e-6,11.531768514942518,0.0
765.0,11.531605529722745,11.531606045804484,-5.160817391214323e-7,-4.4753676128725543e-8,8.73589135971674e-5,7.575607175600966e-6,11.531605529722745,0.0
770.0,11.531443576748249,11.531444098944013,-5.221957639633956e-7,-4.528450930604558e-8,8.735079175812899e-5,7.575009249861935e-6,11.531443576748249,0.0
775.0,11.531282650978241,11.531283179272783,-5.282945423346064e-7,-4.5814031129467566e-8,8.734268549605455e-5,7.57441198344444e-6,11.531282650978241,0.0
780.0,11.531122747397193,11.531123281775347,-5.343781541711223e-7,-4.6342248354935106e-8,8.733459474543115e-5,7.57381537414857e-6,11.531122747397193,0.0
785.0,11.530963861014728,11.530964401461372,-5.404466438818645e-7,-4.6869164659259024e-8,8.732651944126044e-5,7.573219419801016e-6,11.530963861014728,0.0
790.0,11.530805986865472,11.530806533365562,-5.465000896265337e-7,-4.739478664796215e-8,8.731845952108528e-5,7.572624118430934e-6,11.530805986865472,0.0
795.0,11.530649120008949,11.530649672547499,-5.525385500249058e-7,-4.791911923380745e-8,8.731041492062445e-5,7.5720294678914555e-6,11.530649120008949,0.0
800.0,11.530493255529445,11.530493814091535,-5.585620908021838e-7,-4.8442167947526916e-8,8.730238557596654e-5,7.57143546605005e-6,11.530493255529445,0.0
805.0,11.530338388535938,11.530338953106684,-5.645707457091476e-7,-4.8963935548541505e-8,8.729437231486677e-5,7.570842188088719e-6,11.530338388535938,0.0
810.0,11.530184514149674,11.530185084714226,-5.705645520492908e-7,-4.948442510604252e-8,8.728637540639463e-5,7.570249660729892e-6,11.530184514149674,0.0
815.0,11.530031627512146,11.53003220405576,-5.765436128513102e-7,-5.000364539118892e-8,8.727839297506274e-5,7.569657724685266e-6,11.530031627512146,0.0
820.0,11.529879723802114,11.529880306310112,-5.825079973931224e-7,-5.0521602249726985e-8,8.727042583332482e-5,7.569066453760574e-6,11.529879723802114,0.0
825.0,11.52972879692546,11.529729385383247,-5.884577873871422e-7,-5.1038302613333064e-8,8.726247353666537e-5,7.568475813579844e-6,11.52972879692546,0.0
830.0,11.529578841907956,11.529579436300985,-5.943930290186472e-7,-5.155375032938193e-8,8.72545360982416e-5,7.567885808724164e-6,11.529578841907956,0.0
835.0,11.529429854000432,11.529430454314225,-6.003137933419112e-7,-5.2067951402958303e-8,8.724661353469897e-5,7.567296443928363e-6,11.529429854000432,0.0
840.0,11.529281825812781,11.529282432032922,-6.062201407530665e-7,-5.2580910928537366e-8,8.723870563876676e-5,7.566707706237954e-6,11.529281825812781,0.0
845.0,11.529134751145524,11.529135363257664,-6.1211214053003e-7,-5.309263476768811e-8,8.723081247482612e-5,7.566119605476808e-6,11.529134751145524,0.0
850.0,11.52898862536083,11.528989243350681,-6.179898512925774e-7,-5.360312785226951e-8,8.722293390422229e-5,7.565532132832027e-6,11.52898862536083,0.0
855.0,11.528843443844147,11.528844067697479,-6.238533316604844e-7,-5.411239511571235e-8,8.721506991186075e-5,7.5649452901912236e-6,11.528843443844147,0.0
860.0,11.52869920200403,11.528699831706675,-6.297026438062403e-7,-5.462044180116862e-8,8.720722042034362e-5,7.564359074021501e-6,11.52869920200403,0.0
865.0,11.52855589527195,11.528556530809789,-6.355378392441935e-7,-5.512727222885201e-8,8.719938537404568e-5,7.56377348266209e-6,11.52855589527195,0.0
870.0,11.528413519102184,11.528414160461171,-6.413589872522607e-7,-5.563289226132902e-8,8.719156471728376e-5,7.563188514430918e-6,11.528413519102184,0.0
875.0,11.528272068971754,11.52827271613789,-6.471661357920766e-7,-5.613730591368664e-8,8.718375838671199e-5,7.562604166964998e-6,11.528272068971754,0.0
880.0,11.528131540380237,11.528132193339593,-6.529593559179148e-7,-5.664051920562818e-8,8.717596632918779e-5,7.562020438770291e-6,11.528131540380237,0.0
885.0,11.52799192884973,11.527992587588422,-6.587386920386962e-7,-5.7142535847041105e-8,8.716818848302449e-5,7.5614373275955435e-6,11.52799192884973,0.0
890.0,11.527853229924675,11.52785389442888,-6.645042045505534e-7,-5.764336093606696e-8,8.716042479309607e-5,7.560854831742648e-6,11.527853229924675,0.0
895.0,11.527715439171777,11.52771610942774,-6.702559627314031e-7,-5.814300034279459e-8,8.715267520191636e-5,7.560272949292887e-6,11.527715439171777,0.0
900.0,11.527578552179895,11.527579228173902,-6.759940074374526e-7,-5.8641457473271386e-8,8.714493965336379e-5,7.559691678430112e-6,11.527578552179895,0.0
905.0,11.527442564559909,11.527443246278315,-6.817184061702619e-7,-5.913873804638543e-8,8.713721808940374e-5,7.559111017156514e-6,11.527442564559909,0.0
910.0,11.527307471944642,11.52730815937385,-6.874292086678224e-7,-5.963484624149217e-8,8.712951045398344e-5,7.558530963630556e-6,11.527307471944642,0.0
915.0,11.527173269988713,11.527173963115185,-6.93126471773553e-7,-6.012978685573551e-8,8.712181669130953e-5,7.557951516017668e-6,11.527173269988713,0.0
920.0,11.527039954368462,11.527040653178716,-6.988102541072294e-7,-6.062356484176127e-8,8.71141367451411e-5,7.55737267242897e-6,11.527039954368462,0.0
925.0,11.526907520781814,11.526908225262428,-7.044806142886273e-7,-6.111618515360882e-8,8.710647056052731e-5,7.556794431072117e-6,11.526907520781814,0.0
930.0,11.52677596494819,11.526776675085788,-7.101375985030245e-7,-6.160765166794985e-8,8.709881808378177e-5,7.556216790249143e-6,11.52677596494819,0.0
935.0,11.526645282608387,11.526645998389657,-7.157812706992672e-7,-6.209796980386402e-8,8.709117925806583e-5,7.555639747973384e-6,11.526645282608387,0.0
940.0,11.526515469524485,11.52651619093616,-7.214116752862765e-7,-6.258714328659445e-8,8.708355402952519e-5,7.555063302501925e-6,11.526515469524485,0.0
945.0,11.526386521479719,11.526387248508595,-7.270288762128985e-7,-6.307517753790934e-8,8.707594234619765e-5,7.554487452240941e-6,11.526386521479719,0.0
950.0,11.526258434278393,11.526259166911316,-7.326329232171247e-7,-6.356207674802075e-8,8.706834415090902e-5,7.553912195129432e-6,11.526258434278393,0.0
955.0,11.526131203745768,11.526131941969638,-7.382238695896604e-7,-6.404784541666088e-8,8.70607593903467e-5,7.553337529426496e-6,11.526131203745768,0.0
960.0,11.52600482572795,11.526005569529719,-7.438017686212106e-7,-6.453248804485331e-8,8.70531880118974e-5,7.552763453437073e-6,11.52600482572795,0.0
965.0,11.525879296091794,11.525880045458468,-7.493666736024807e-7,-6.501600913490189e-8,8.704562996231532e-5,7.552189965396465e-6,11.525879296091794,0.0
970.0,11.5257546107248,11.525755365643438,-7.549186378241757e-7,-6.54984131903796e-8,8.70380851893707e-5,7.551617063613441e-6,11.5257546107248,0.0
975.0,11.525630765534999,11.525631525992711,-7.60457712800644e-7,-6.59797045619954e-8,8.703055364038275e-5,7.551044746343039e-6,11.525630765534999,0.0
980.0,11.525507756450862,11.52550852243482,-7.659839571516613e-7,-6.645988821819479e-8,8.702303526296251e-5,7.550473011851079e-6,11.525507756450862,0.0
985.0,11.5253855794212,11.525386350918613,-7.71497411733435e-7,-6.693896758742358e-8,8.701553000522801e-5,7.549901858432913e-6,11.5253855794212,0.0
990.0,11.525264230415045,11.525265007413182,-7.769981369420975e-7,-6.741694779470722e-8,8.700803781605353e-5,7.549331284435135e-6,11.525264230415045,0.0
995.0,11.525143705421588,11.525144487907765,-7.824861771865699e-7,-6.78938325791528e-8,8.700055910459487e-5,7.548761328127179e-6,11.525143705421588,0.0
1000.0,11.525024000442569,11.525024788404115,-7.879615466777068e-7,-6.836962306086725e-8,8.699309460044893e-5,7.548192055574751e-6,11.525024000442569,0.0
1005.0,11.52490511149263,11.524905904916963,-7.934243324569934e-7,-6.884432668046794e-8,8.698564242622254e-5,7.547623306631869e-6,11.52490511149263,0.0
1010.0,11.524787034618086,11.524787833492665,-7.988745789333507e-7,-6.931794718060265e-8,8.697820337116917e-5,7.54705515250777e-6,11.524787034618086,0.0
1015.0,11.524669765885383,11.524670570197745,-8.043123624901227e-7,-6.979049107949268e-8,8.69707770759909e-5,7.546487564740158e-6,11.524669765885383,0.0
1020.0,11.5245533013804,11.524554111118109,-8.097377079963053e-7,-7.026196042664106e-8,8.69633634960302e-5,7.545920542153578e-6,11.5245533013804,0.0
1025.0,11.524437637207942,11.524438452358623,-8.151506811771014e-7,-7.073236081778913e-8,8.695596270523329e-5,7.545354093850635e-6,11.524437637207942,0.0
1030.0,11.524322769493088,11.524323590044414,-8.205513264414321e-7,-7.120169600018285e-8,8.69485745042389e-5,7.544788205204308e-6,11.524322769493088,0.0
1035.0,11.524208694379544,11.524209520319237,-8.259396935272889e-7,-7.16699701845999e-8,8.694119897040735e-5,7.544222885586003e-6,11.524208694379544,0.0
1040.0,11.524095408030766,11.524096239346598,-8.313158321726632e-7,-7.213718758292702e-8,8.693383596860158e-5,7.5436581259141805e-6,11.524095408030766,0.0
1045.0,11.52398290662907,11.523983743308857,-8.366797867864761e-7,-7.260335194572211e-8,8.69264854977951e-5,7.543093928731133e-6,11.52398290662907,0.0
1050.0,11.523871179016071,11.523872021047739,-8.420316675028516e-7,-7.306847277467968e-8,8.691914743538858e-5,7.542530290833214e-6,11.523871179016071,0.0
1055.0,11.523760218411029,11.523761065782562,-8.473715329415654e-7,-7.353255507588187e-8,8.691182177356855e-5,7.541967216109996e-6,11.523760218411029,0.0
1060.0,11.523650021139279,11.523650873838719,-8.526994399460364e-7,-7.399560368301907e-8,8.690450846852319e-5,7.541404703293083e-6,11.523650021139279,0.0
1065.0,11.523540576785242,11.523541434800695,-8.580154524651107e-7,-7.44576240911258e-8,8.689720740317252e-5,7.5408427491661165e-6,11.523540576785242,0.0
1070.0,11.523431877780652,11.523432741100285,-8.633196326712778e-7,-7.491862162485819e-8,8.688991856167208e-5,7.5402813574324345e-6,11.523431877780652,0.0
1075.0,11.523323920610403,11.52332478922242,-8.686120160916744e-7,-7.53785992718725e-8,8.688264190493021e-5,7.539720527124429e-6,11.523323920610403,0.0
1080.0,11.523216701777418,11.523217575670074,-8.738926560170057e-7,-7.583756156232059e-8,8.687537738176311e-5,7.539160256212388e-6,11.523216701777418,0.0
1085.0,11.523110217801486,11.523111096963081,-8.791615950798359e-7,-7.629551210242374e-8,8.686812494968312e-5,7.5386005434092635e-6,11.523110217801486,0.0
1090.0,11.523004465219447,11.523005349638328,-8.844188812417997e-7,-7.675245496183678e-8,8.68608845586972e-5,7.538041386764576e-6,11.523004465219447,0.0
1095.0,11.522899440585016,11.522900330249573,-8.896645571354611e-7,-7.720839374870852e-8,8.685365616569924e-5,7.537482784913525e-6,11.522899440585016,0.0
1100.0,11.522795140468748,11.522796035367419,-8.948986707224549e-7,-7.766333253461367e-8,8.684643972594893e-5,7.536924736337542e-6,11.522795140468748,0.0
1105.0,11.522691561457922,11.522692461579187,-9.001212646353451e-7,-7.811727492959607e-8,8.68392351904183e-5,7.5363672391340885e-6,11.522691561457922,0.0
1110.0,11.522588700156481,11.522589605488863,-9.05332381506696e-7,-7.85702245446287e-8,8.683204251486095e-5,7.535810291803762e-6,11.522588700156481,0.0
1115.0,11.522486553184933,11.522487463717002,-9.105320692981422e-7,-7.902218545409904e-8,8.68248616557002e-5,7.5352538928935364e-6,11.522486553184933,0.0
1120.0,11.522385117180288,11.522386032900659,-9.157203706422479e-7,-7.947316127082717e-8,8.681769256757823e-5,7.534698040784103e-6,11.522385117180288,0.0
1125.0,11.522284388795956,11.522285309693292,-9.208973352770045e-7,-7.992315622520713e-8,8.681053520719987e-5,7.5341427340235355e-6,11.522284388795956,0.0
1130.0,11.52218436470168,11.522185290764678,-9.260629987295488e-7,-8.037217331520501e-8,8.680338952893279e-5,7.533587970945492e-6,11.52218436470168,0.0
1135.0,11.522085041583459,11.522085972800866,-9.312174071851587e-7,-8.08202164646741e-8,8.679625548736202e-5,7.5330337498909635e-6,11.522085041583459,0.0
1140.0,11.521986416143447,11.521987352504052,-9.363606050527551e-7,-8.126728944419002e-8,8.678913304066504e-5,7.532480069501284e-6,11.521986416143447,0.0
1145.0,11.521888483574887,11.521889425067531,-9.414926438466864e-7,-8.17133966527135e-8,8.678202212997485e-5,7.531926927923977e-6,11.521888483574887,0.0
1150.0,11.521791237781628,11.521792184395196,-9.466135679758736e-7,-8.215854188294874e-8,8.677492269979052e-5,7.531374324440365e-6,11.521791237781628,0.0
1155.0,11.521694675517784,11.521695627241204,-9.517234200728808e-7,-8.260272875440613e-8,8.676783472548233e-5,7.530822259146785e-6,11.521694675517784,0.0
1160.0,11.52159879355337,11.521599750375618,-9.568222480993427e-7,-8.304596134997422e-8,8.676075815856844e-5,7.530270730058168e-6,11.52159879355337,0.0
1165.0,11.521503588674127,11.521504550584217,-9.619100893587529e-7,-8.34882428283345e-8,8.675369295824398e-5,7.529719735844602e-6,11.521503588674127,0.0
1170.0,11.521409057681549,11.521410024668537,-9.669869882600324e-7,-8.39295769657031e-8,8.674663908178e-5,7.529169274998036e-6,11.521409057681549,0.0
1175.0,11.52131519739276,11.521316169445747,-9.720529874357453e-7,-8.436996738494908e-8,8.673959648427001e-5,7.5286193458103585e-6,11.52131519739276,0.0
1180.0,11.52122200464046,11.52122298174858,-9.771081188603148e-7,-8.480941678467441e-8,8.673256512768027e-5,7.528069947158953e-6,11.52122200464046,0.0
1185.0,11.521129476272838,11.521130458425276,-9.821524376008028e-7,-8.524792986863781e-8,8.672554496814789e-5,7.527521077404311e-6,11.521129476272838,0.0
1190.0,11.521037609153492,11.52103859633947,-9.871859774079894e-7,-8.568550949123435e-8,8.671853596409763e-5,7.526972735094584e-6,11.521037609153492,0.0
1195.0,11.520946400161366,11.520947392370143,-9.92208777361725e-7,-8.61221589701891e-8,8.671153807252443e-5,7.526424918642962e-6,11.520946400161366,0.0
1200.0,11.520855846190658,11.520856843411547,-9.972208889763579e-7,-8.655788270331378e-8,8.670455125319132e-5,7.525877626692114e-6,11.520855846190658,0.0
1205.0,11.520765944150762,11.520766946373104,-1.0022223424499543e-6,-8.699268323898163e-8,8.669757546732073e-5,7.52533085800065e-6,11.520765944150762,0.0
1210.0,11.52067669096618,11.520677698179357,-1.0072131768623649e-6,-8.742656389725447e-8,8.669061067022883e-5,7.524784610803841e-6,11.52067669096618,0.0
1215.0,11.520588083576449,11.520589095769889,-1.0121934401752242e-6,-8.785952876990626e-8,8.668365682384788e-5,7.5242388839006065e-6,11.520588083576449,0.0
1220.0,11.520500118936072,11.520501136099242,-1.0171631696920258e-6,-8.829158102434547e-8,8.667671388715972e-5,7.523693675823198e-6,11.520500118936072,0.0
1225.0,11.52041279401445,11.52041381613685,-1.0221224009399066e-6,-8.872272367453369e-8,8.666978182104247e-5,7.523148985257946e-6,11.52041279401445,0.0
1230.0,11.520326105795784,11.52032713286696,-1.0270711765514307e-6,-8.915296035193998e-8,8.666286058291285e-5,7.522604810580272e-6,11.520326105795784,0.0
1235.0,11.520240051279032,11.520241083288571,-1.0320095391591622e-6,-8.958229468877982e-8,8.665595013473154e-5,7.5220611505496e-6,11.520240051279032,0.0
1240.0,11.520154627477819,11.52015566441534,-1.0369375207375242e-6,-9.00107293928352e-8,8.664905043619404e-5,7.521518003718382e-6,11.520154627477819,0.0
1245.0,11.520069830307195,11.520070872162357,-1.0418551621427241e-6,-9.043826795231691e-8,8.664216143250812e-5,7.520975368097896e-6,11.520069830307195,0.0
1250.0,11.519985653995256,11.51998670075778,-1.0467625237708944e-6,-9.08649155659205e-8,8.66352830583243e-5,7.520433241883269e-6,11.519985653995256,0.0
1255.0,11.51990209563392,11.519903147293546,-1.0516596251619603e-6,-9.129067386436753e-8,8.662841529146987e-5,7.519891625146911e-6,11.51990209563392,0.0
1260.0,11.519819148639106,11.519820205185633,-1.0565465267120544e-6,-9.171554805501175e-8,8.66215580553633e-5,7.5193505156369e-6,11.519819148639106,0.0
1265.0,11.51973680894786,11.519737870371127,-1.0614232675010271e-6,-9.213954147603228e-8,8.66147113315473e-5,7.5188099144999604e-6,11.51973680894786,0.0
1270.0,11.519655073693244,11.519656139983127,-1.0662898830560152e-6,-9.256265714856675e-8,8.660787508020728e-5,7.518269820247359e-6,11.519655073693244,0.0
1275.0,11.51957394002215,11.519575011168557,-1.0711464071277987e-6,-9.298489794022184e-8,8.66010492625956e-5,7.5177302314732205e-6,11.51957394002215,0.0
1280.0,11.519493400083253,11.519494476076149,-1.0759928965597965e-6,-9.340626876456392e-8,8.659423380072785e-5,7.517191146626467e-6,11.519493400083253,0.0
1285.0,11.519413446067412,11.519414526896817,-1.0808294046427136e-6,-9.382677422796172e-8,8.658742865114933e-5,7.516652567124346e-6,11.519413446067412,0.0
1290.0,11.519334075227757,11.519335160883713,-1.085655956245546e-6,-9.424641642959561e-8,8.658063380733469e-5,7.516114494285369e-6,11.519334075227757,0.0
1295.0,11.519255284831903,11.519256375304504,-1.0904726011062849e-6,-9.466519962815442e-8,8.657384921893271e-5,7.515576925613386e-6,11.519255284831903,0.0
1300.0,11.519177072160424,11.519178167439794,-1.0952793694229968e-6,-9.508312638669915e-8,8.65670748559836e-5,7.5150398603732826e-6,11.519177072160424,0.0
1305.0,11.519099434507119,11.519100534583416,-1.1000762967228184e-6,-9.550019973153297e-8,8.656031067843912e-5,7.514503296944835e-6,11.519099434507119,0.0
1310.0,11.519022369178881,11.519023474042292,-1.1048634114274591e-6,-9.591642207273688e-8,8.655355665064769e-5,7.513967234080261e-6,11.519022369178881,0.0
1315.0,11.518945873495614,11.51894698313638,-1.1096407668276242e-6,-9.633179797995573e-8,8.654681273508635e-5,7.513431670360154e-6,11.518945873495614,0.0
1320.0,11.518869944790218,11.518871059198606,-1.1144083877923094e-6,-9.674632955608086e-8,8.65400788969837e-5,7.512896604594815e-6,11.518869944790218,0.0
1325.0,11.518794580408485,11.518795699574795,-1.1191663098486515e-6,-9.716001982986688e-8,8.653335509930969e-5,7.5123620353893835e-6,11.518794580408485,0.0
1330.0,11.51871977770905,11.518720901623619,-1.1239145685237872e-6,-9.757287183066813e-8,8.652664130838815e-5,7.511827961631112e-6,11.51871977770905,0.0
1335.0,11.51864553406332,11.518646662716522,-1.128653202897567e-6,-9.798488889686522e-8,8.651993748783826e-5,7.511294381963455e-6,11.51864553406332,0.0
1340.0,11.518571846855417,11.518572980237664,-1.133382246720771e-6,-9.839607390478583e-8,8.651324360112472e-5,7.5107612950075e-6,11.518571846855417,0.0
1345.0,11.518498693598227,11.518499831700101,-1.1381018740763693e-6,-9.880644208510487e-8,8.650655947937967e-5,7.510228700851305e-6,11.518498693598227,0.0
1350.0,11.518426066129873,11.518427208942022,-1.1428121489132081e-6,-9.921599898736743e-8,8.64998851893931e-5,7.509696610698182e-6,11.518426066129873,0.0
1355.0,11.518353962076805,11.518355109589926,-1.147513120969279e-6,-9.962474887882139e-8,8.649322068678993e-5,7.509165022325365e-6,11.518353962076805,0.0
1360.0,11.518282379076968,11.518283531281789,-1.1522048204426483e-6,-1.0003269433085227e-7,8.648656593487561e-5,7.508633934168778e-6,11.518282379076968,0.0
1365.0,11.518211314779279,11.518212471666557,-1.156887277531382e-6,-1.0043983791536745e-7,8.64799209012485e-5,7.508103345029288e-6,11.518211314779279,0.0
1370.0,11.518140766843707,11.518141928404239,-1.161560531315331e-6,-1.0084618297590324e-7,8.647328554930054e-5,7.5075732533347595e-6,11.518140766843707,0.0
1375.0,11.518070732939039,11.51807189916364,-1.1662246013344202e-6,-1.012517311600879e-7,8.646665984910031e-5,7.507043658086376e-6,11.518070732939039,0.0
1380.0,11.518001210744371,11.518002381623905,-1.1708795337739275e-6,-1.0165648642940691e-7,8.646004376470265e-5,7.506514557755895e-6,11.518001210744371,0.0
1385.0,11.51793219795233,11.517933373477682,-1.1755253517264919e-6,-1.0206045074093056e-7,8.645343726513058e-5,7.505985951237008e-6,11.51793219795233,0.0
1390.0,11.517863692266365,11.517864872428458,-1.1801620924956069e-6,-1.024636272860238e-7,8.644684031386311e-5,7.505457836934429e-6,11.517863692266365,0.0
1395.0,11.517795691400698,11.517796876190488,-1.1847897898320525e-6,-1.0286601894810727e-7,8.644025287823444e-5,7.504930213579982e-6,11.517795691400698,0.0
1400.0,11.51772819308025,11.517729382488714,-1.189408463275754e-6,-1.0326762737727568e-7,8.643367492651145e-5,7.504403079978918e-6,11.51772819308025,0.0
1405.0,11.517661195040585,11.517662389058739,-1.1940181536829186e-6,-1.0366845607483692e-7,8.64271064244335e-5,7.503876434709535e-6,11.517661195040585,0.0
1410.0,11.517594695027865,11.517595893646755,-1.1986188894752559e-6,-1.0406850746299472e-7,8.6420547339777e-5,7.503350276519513e-6,11.517594695027865,0.0
1415.0,11.517528690798793,11.517529894009499,-1.2032107061799024e-6,-1.0446778458135139e-7,8.641399763972422e-5,7.502824604097515e-6,11.517528690798793,0.0
1420.0,11.517463180120576,11.517464387914202,-1.2077936268894973e-6,-1.0486628939037363e-7,8.640745729227313e-5,7.502299416195619e-6,11.517463180120576,0.0
1425.0,11.517398160770853,11.517399373138542,-1.212367688907534e-6,-1.052640250848453e-7,8.640092626518064e-5,7.501774711537617e-6,11.517398160770853,0.0
1430.0,11.517333630537664,11.51733484747058,-1.2169329171030085e-6,-1.0566099378039797e-7,8.639440452580127e-5,7.501250488805031e-6,11.517333630537664,0.0
1435.0,11.517269587219381,11.517270808708728,-1.2214893470030574e-6,-1.0605719851852162e-7,8.638789204334861e-5,7.500726746833515e-6,11.517269587219381,0.0
1440.0,11.517206028624685,11.517207254661692,-1.2260370070293902e-6,-1.0645264172423563e-7,8.638138878385911e-5,7.500203484175602e-6,11.517206028624685,0.0
1445.0,11.517142952898414,11.517144183474342,-1.2305759273800732e-6,-1.0684732597422396e-7,8.637489472107496e-5,7.499680699833441e-6,11.517142952898414,0.0
1450.0,11.51708035787761,11.517081592983743,-1.235106132924102e-6,-1.0724125338582857e-7,8.636840981868392e-5,7.499158392136117e-6,11.51708035787761,0.0
1455.0,11.517018241406188,11.517019481033849,-1.2396276609649703e-6,-1.0763442715652208e-7,8.636193404896135e-5,7.498636560153339e-6,11.517018241406188,0.0
1460.0,11.516956601338224,11.51695784547876,-1.244140536371674e-6,-1.080268494045649e-7,8.635546737900556e-5,7.4981152024981495e-6,11.516956601338224,0.0
1465.0,11.516895435537867,11.51689668418266,-1.2486447928949929e-6,-1.0841852301984351e-7,8.634900977632502e-5,7.497594317812117e-6,11.516895435537867,0.0
1470.0,11.516834741879308,11.516835995019765,-1.2531404571802796e-6,-1.0880945027572681e-7,8.634256121329389e-5,7.497073905152222e-6,11.516834741879308,0.0
1475.0,11.516774518246716,11.516775775874272,-1.2576275558728867e-6,-1.0919963344600973e-7,8.633612165702546e-5,7.49655396311163e-6,11.516774518246716,0.0
1480.0,11.516714762534193,11.516716024640314,-1.2621061209472373e-6,-1.0958907526763452e-7,8.632969107800486e-5,7.496034490569294e-6,11.516714762534193,0.0
1485.0,11.516655472645729,11.516656739221915,-1.2665761861541114e-6,-1.0997777863221431e-7,8.632326944291048e-5,7.495515486066666e-6,11.516655472645729,0.0
1490.0,11.516596646495165,11.516597917532938,-1.271037772809791e-6,-1.1036574535208757e-7,8.63168567239117e-5,7.49499694861506e-6,11.516596646495165,0.0
1495.0,11.516538282006126,11.516539557497035,-1.2754909093359856e-6,-1.107529778569712e-7,8.631045289132497e-5,7.4944788770580196e-6,11.516538282006126,0.0
1500.0,11.516480368551521,11.516481648487176,-1.279935654352471e-6,-1.1113948128176718e-7,8.630405780221545e-5,7.493961265968823e-6,11.516480368551521,0.0
1505.0,11.5164229015421,11.51642418591413,-1.284372029175529e-6,-1.115252574654536e-7,8.629767146540974e-5,7.493444119167776e-6,11.5164229015421,0.0
1510.0,11.516365876069639,11.51636716486969,-1.2888000515687281e-6,-1.1191030794243714e-7,8.629129382250221e-5,7.492927434843892e-6,11.516365876069639,0.0
1515.0,11.516309290225434,11.51631058344519,-1.2932197552828484e-6,-1.1229463560695436e-7,8.62849248609078e-5,7.492411213212454e-6,11.516309290225434,0.0
1520.0,11.516253142110486,11.516254439741658,-1.2976311722923128e-6,-1.1267824319937682e-7,8.627856455563591e-5,7.491895453404767e-6,11.516253142110486,0.0
1525.0,11.516197429834042,11.51619873186836,-1.302034318584333e-6,-1.130611320722292e-7,8.627221287701389e-5,7.491380154139745e-6,11.516197429834042,0.0
1530.0,11.516142151513835,11.516143457943068,-1.3064292332387595e-6,-1.1344330558363463e-7,8.626586979729798e-5,7.490865314297813e-6,11.516142151513835,0.0
1535.0,11.516087305276008,11.516088616091945,-1.3108159375718742e-6,-1.1382476554960935e-7,8.625953528349544e-5,7.490350932297664e-6,11.516087305276008,0.0
1540.0,11.516032889255063,11.516034204449518,-1.3151944546763161e-6,-1.1420551394078139e-7,8.62532093125782e-5,7.489837007417375e-6,11.516032889255063,0.0
1545.0,11.515978902112105,11.515980221676926,-1.3195648218555789e-6,-1.1458555395699468e-7,8.624689186524764e-5,7.48932353891595e-6,11.515978902112105,0.0
1550.0,11.51592534218991,11.515926666116968,-1.3239270586495877e-6,-1.1496488725914447e-7,8.62405829096215e-5,7.488810525166334e-6,11.51592534218991,0.0
1555.0,11.515872207656228,11.515873535937418,-1.3282811899273383e-6,-1.1534351597304476e-7,8.623428241563104e-5,7.488297964812333e-6,11.515872207656228,0.0
1560.0,11.515819496687044,11.51582082931429,-1.332627245886897e-6,-1.1572144268762437e-7,8.62279903582352e-5,7.487785856928541e-6,11.515819496687044,0.0
1565.0,11.515767207466634,11.515768544431893,-1.336965258502687e-6,-1.1609867014642504e-7,8.622170670876792e-5,7.48727420026893e-6,11.515767207466634,0.0
1570.0,11.515715338187528,11.515716679482775,-1.3412952473146333e-6,-1.1647520001356177e-7,8.621543144196233e-5,7.4867629938768425e-6,11.515715338187528,0.0
1575.0,11.51566388705045,11.51566523266769,-1.3456172389680887e-6,-1.1685103457050852e-7,8.620916452856146e-5,7.486252236443359e-6,11.51566388705045,0.0
1580.0,11.515612852264299,11.515614202195561,-1.3499312618847625e-6,-1.1722617625334003e-7,8.620290594241595e-5,7.485741926923671e-6,11.515612852264299,0.0
1585.0,11.515562232046104,11.515563586283445,-1.3542373409336506e-6,-1.1760062718996113e-7,8.619665565676072e-5,7.485232064213781e-6,11.515562232046104,0.0
1590.0,11.515512024620984,11.515513383156488,-1.3585355045364622e-6,-1.1797438981712812e-7,8.619041364401632e-5,7.484722647133283e-6,11.515512024620984,0.0
1595.0,11.515462228222116,11.515463591047897,-1.362825781114907e-6,-1.1834746657193587e-7,8.618417987984037e-5,7.484213674777207e-6,11.515462228222116,0.0
1600.0,11.515412841090713,11.515414208198894,-1.3671081813271257e-6,-1.1871985834922411e-7,8.617795433560479e-5,7.48370514586277e-6,11.515412841090713,0.0
1605.0,11.515363861475944,11.515365232858695,-1.3713827513583965e-6,-1.1909156912933397e-7,8.617173698657974e-5,7.483197059440114e-6,11.515363861475944,0.0
1610.0,11.515315287634948,11.515316663284453,-1.3756495054195739e-6,-1.1946260011627602e-7,8.616552780448283e-5,7.4826894142452765e-6,11.515315287634948,0.0
1615.0,11.515267117832765,11.515268497741236,-1.3799084701560105e-6,-1.1983295359419475e-7,8.615932676513046e-5,7.4821822093646835e-6,11.515267117832765,0.0
1620.0,11.515219350342313,11.515220734501987,-1.3841596739894158e-6,-1.2020263200181842e-7,8.615313384149827e-5,7.481675443632534e-6,11.515219350342313,0.0
1625.0,11.51517198344435,11.515173371847489,-1.3884031382360718e-6,-1.205716371611482e-7,8.61469490076787e-5,7.4811691159745e-6,11.51517198344435,0.0
1630.0,11.51512501542743,11.515126408066319,-1.392638889541331e-6,-1.2093997135728342e-7,8.614077223735692e-5,7.48066322527541e-6,11.51512501542743,0.0
1635.0,11.515078444587882,11.515079841454835,-1.3968669527741895e-6,-1.2130763672137386e-7,8.61346035050106e-5,7.480157770483457e-6,11.515078444587882,0.0
1640.0,11.515032269229762,11.515033670317116,-1.4010873545799996e-6,-1.2167463553914278e-7,8.612844278678464e-5,7.479652750686191e-6,11.515032269229762,0.0
1645.0,11.514986487664826,11.514987892964943,-1.4053001162750434e-6,-1.2204096963382805e-7,8.612229005557739e-5,7.4791481646838215e-6,11.514986487664826,0.0
1650.0,11.514941098212487,11.514942507717755,-1.4095052680573872e-6,-1.224066416002936e-7,8.611614528621188e-5,7.478644011438326e-6,11.514941098212487,0.0
1655.0,11.514896099199794,11.514897512902621,-1.4137028276905994e-6,-1.2277165295385012e-7,8.611000845381917e-5,7.478140289933075e-6,11.514896099199794,0.0
1660.0,11.51485148896137,11.514852906854193,-1.4178928235963895e-6,-1.231360061356972e-7,8.610387953328163e-5,7.477636999124522e-6,11.51485148896137,0.0
1665.0,11.514807265839412,11.514808687914693,-1.422075280643753e-6,-1.2349970327880134e-7,8.609775849890652e-5,7.4771341379138685e-6,11.514807265839412,0.0
1670.0,11.514763428183633,11.514764854433853,-1.4262502201489724e-6,-1.2386274620788736e-7,8.609164532710902e-5,7.476631705380102e-6,11.514763428183633,0.0
1675.0,11.514719974351232,11.514721404768899,-1.4304176669810431e-6,-1.2422513705650375e-7,8.608553999312041e-5,7.476129700494144e-6,11.514719974351232,0.0
1680.0,11.51467690270686,11.514678337284508,-1.4345776477853178e-6,-1.2458687811275698e-7,8.607944247175674e-5,7.475628122185631e-6,11.51467690270686,0.0
1685.0,11.514634211622596,11.514635650352778,-1.4387301821017218e-6,-1.249479710479645e-7,8.607335273986996e-5,7.475126969555801e-6,11.514634211622596,0.0
1690.0,11.514591899477894,11.514593342353194,-1.4428753001283212e-6,-1.253084184593416e-7,8.606727077045288e-5,7.4746262413655694e-6,11.514591899477894,0.0
1695.0,11.514549964659569,11.514551411672587,-1.4470130178523277e-6,-1.2566822171022722e-7,8.606119654165326e-5,7.474125936818381e-6,11.514549964659569,0.0
1700.0,11.514508405561749,11.51450985670511,-1.4511433619190939e-6,-1.2602738308985567e-7,8.605513002803209e-5,7.473626054801059e-6,11.514508405561749,0.0
1705.0,11.514467220585848,11.514468675852207,-1.4552663589739723e-6,-1.2638590488774082e-7,8.604907120478198e-5,7.473126594250174e-6,11.514467220585848,0.0
1710.0,11.514426408140537,11.51442786752256,-1.4593820232278176e-6,-1.2674378831376743e-7,8.604302004860608e-5,7.472627554228396e-6,11.514426408140537,0.0
1715.0,11.514385966641694,11.514387430132082,-1.4634903884314099e-6,-1.2710103627508104e-7,8.60369765360483e-5,7.472128933779523e-6,11.514385966641694,0.0
1720.0,11.514345894512388,11.51434736210386,-1.4675914723483174e-6,-1.274576502906479e-7,8.603094064416555e-5,7.471630731986865e-6,11.514345894512388,0.0
1725.0,11.51430619018285,11.514307661868148,-1.4716852980711792e-6,-1.2781363234251532e-7,8.602491234908265e-5,7.471132947847772e-6,11.51430619018285,0.0
1730.0,11.514266852090413,11.514268327862304,-1.475771890468991e-6,-1.281689845672688e-7,8.60188916260359e-5,7.470635580277452e-6,11.514266852090413,0.0
1735.0,11.514227878169157,11.51422935802043,-1.4798512726343915e-6,-1.2852370895317893e-7,8.601287844773639e-5,7.470138628297935e-6,11.514227878169157,0.0
1740.0,11.514189266727485,11.51419075065095,-1.483923465883663e-6,-1.28877807330452e-7,8.60068727943902e-5,7.4696420913389e-6,11.514189266727485,0.0
1745.0,11.514151016233479,11.514152504221975,-1.4879884968621582e-6,-1.2923128199068128e-7,8.600087464118184e-5,7.469145968289944e-6,11.514151016233479,0.0
1750.0,11.514113125162163,11.514114617208548,-1.492046385109802e-6,-1.295841346086122e-7,8.599488396620987e-5,7.468650258288888e-6,11.514113125162163,0.0
1755.0,11.514075591995452,11.514077088092602,-1.49609715016652e-6,-1.2993636685923807e-7,8.598890074707437e-5,7.468154960425444e-6,11.514075591995452,0.0
1760.0,11.514038415222116,11.514039915362936,-1.5001408204540212e-6,-1.3028798118918575e-7,8.598292495943724e-5,7.467660073616192e-6,11.514038415222116,0.0
1765.0,11.514001593337765,11.514003097515179,-1.5041774137358743e-6,-1.3063897911966782e-7,8.597695658135696e-5,7.467165596981068e-6,11.514001593337765,0.0
1770.0,11.513965124844805,11.513966633051758,-1.5082069531047182e-6,-1.309893626349721e-7,8.597099559112695e-5,7.466671529655666e-6,11.513965124844805,0.0
1775.0,11.513929008252415,11.513930520481871,-1.5122294563241212e-6,-1.3133913325679325e-7,8.59650419636542e-5,7.466177870476725e-6,11.513929008252415,0.0
1780.0,11.513893242076502,11.513894758321454,-1.5162449518157928e-6,-1.316882934327383e-7,8.595909567692752e-5,7.465684618543936e-6,11.513893242076502,0.0
1785.0,11.513857824839691,11.51385934509315,-1.5202534591196581e-6,-1.3203684483926001e-7,8.595315670997293e-5,7.465191773042383e-6,11.513857824839691,0.0
1790.0,11.513822755071278,11.513824279326279,-1.5242550013283562e-6,-1.3238478946160572e-7,8.594722503934329e-5,7.464699332937684e-6,11.513822755071278,0.0
1795.0,11.513788026437988,11.513789554687575,-1.5282495873236712e-6,-1.327321281071443e-7,8.594130060688266e-5,7.464207297332905e-6,11.513788026437988,0.0
1800.0,11.513753627003686,11.513755159240914,-1.5322372277637442e-6,-1.3307886180316767e-7,8.59353834133948e-5,7.463715674082775e-6,11.513753627003686,0.0
1805.0,11.513719555414713,11.51372109163265,-1.5362179368594298e-6,-1.3342499176445302e-7,8.592947354386014e-5,7.463224471491397e-6,11.513719555414713,0.0
1810.0,11.513685810326855,11.51368735051859,-1.5401917341506532e-6,-1.337705196687949e-7,8.592357077839208e-5,7.462733671377892e-6,11.513685810326855,0.0
1815.0,11.51365239040184,11.513653934560484,-1.5441586445064104e-6,-1.3411544765705033e-7,8.59176752076482e-5,7.462243282528836e-6,11.51365239040184,0.0
1820.0,11.513619294307503,11.513620842426192,-1.5481186892429832e-6,-1.3445977756172598e-7,8.591178675810174e-5,7.461753299466637e-6,11.513619294307503,0.0
1825.0,11.513586520717432,11.513588072789318,-1.5520718861239402e-6,-1.3480351090697566e-7,8.590590542231918e-5,7.461263722450077e-6,11.513586520717432,0.0
1830.0,11.51355405570268,11.513555611721028,-1.5560183470597622e-6,-1.3514665754220904e-7,8.590003110356704e-5,7.460774552148008e-6,11.51355405570268,0.0
1835.0,11.513521893451633,11.513523453409746,-1.5599581129066564e-6,-1.3548922105180428e-7,8.589416382219182e-5,7.460285794136067e-6,11.513521893451633,0.0
1840.0,11.513490032770575,11.51349159666179,-1.563891215639046e-6,-1.3583120419505985e-7,8.58883035722559e-5,7.459797448713991e-6,11.513490032770575,0.0
1845.0,11.513458472471433,11.513460040289104,-1.5678176712441427e-6,-1.3617260834290405e-7,8.588245031766451e-5,7.459309513558295e-6,11.513458472471433,0.0
1850.0,11.513427210158985,11.51342878189649,-1.571737504590942e-6,-1.365134356522534e-7,8.587660403661534e-5,7.458821988368613e-6,11.513427210158985,0.0
1855.0,11.513396244646653,11.513397820297392,-1.575650738772083e-6,-1.3685368811176877e-7,8.587076471124383e-5,7.45833487240317e-6,11.513396244646653,0.0
1860.0,11.513365574761085,11.513367154318468,-1.5795573826693499e-6,-1.3719336647591227e-7,8.586493232108717e-5,7.457848164685673e-6,11.513365574761085,0.0
1865.0,11.513335199333955,11.51333678279142,-1.583457464704452e-6,-1.3753247319647695e-7,8.585910684738864e-5,7.45736186438449e-6,11.513335199333955,0.0
1870.0,11.51330511720196,11.51330670455296,-1.5873510008646008e-6,-1.3787100964543615e-7,8.585328826911872e-5,7.4568759704670595e-6,11.51330511720196,0.0
1875.0,11.513275326794185,11.5132769180322,-1.5912380160187922e-6,-1.3820897797133327e-7,8.584747655895631e-5,7.456390481618068e-6,11.513275326794185,0.0
1880.0,11.513245818215104,11.513247413333648,-1.5951185439178062e-6,-1.3854638119462102e-7,8.584167158766407e-5,7.455905393060745e-6,11.513245818215104,0.0
1885.0,11.51321659036903,11.513218189361634,-1.5989926041015678e-6,-1.3888322099656737e-7,8.583587340190743e-5,7.455420709596514e-6,11.51321659036903,0.0
1890.0,11.513187642167663,11.51318924502788,-1.6028602161100025e-6,-1.3921949905857885e-7,8.583008195636639e-5,7.454936428032245e-6,11.513187642167663,0.0
1895.0,11.513158972526682,11.513160579248078,-1.6067213959303217e-6,-1.3955521675366133e-7,8.58242972362165e-5,7.454452547820719e-6,11.513158972526682,0.0
1900.0,11.51313058034767,11.513132190923844,-1.6105761737605917e-6,-1.3989037668953078e-7,8.581852096489347e-5,7.453969219404262e-6,11.51313058034767,0.0
1905.0,11.513102464465641,11.51310407889022,-1.6144245797988788e-6,-1.4022498147494854e-7,8.581275154129076e-5,7.4534863045078955e-6,11.513102464465641,0.0
1910.0,11.513074623827855,11.513076242094494,-1.6182666389141787e-6,-1.4055903325467538e-7,8.580698858032872e-5,7.453003770403749e-6,11.513074623827855,0.0
1915.0,11.513047057366489,11.51304867946882,-1.6221023315665661e-6,-1.4089253031661004e-7,8.580123234108816e-5,7.452521640323639e-6,11.513047057366489,0.0
1920.0,11.513019764021408,11.513021389953096,-1.6259316879541075e-6,-1.4122547526889524e-7,8.579548268545745e-5,7.452039902994987e-6,11.513019764021408,0.0
1925.0,11.51299274273615,11.512994372490871,-1.6297547205113005e-6,-1.4155786917693973e-7,8.578973965675624e-5,7.4515585629013135e-6,11.51299274273615,0.0
1930.0,11.512965992458945,11.512967626030399,-1.6335714541071411e-6,-1.4188971418634775e-7,8.578400320541703e-5,7.451077616454875e-6,11.512965992458945,0.0
1935.0,11.51293951178003,11.51294114916193,-1.637381901176127e-6,-1.422210113673193e-7,8.577827332149562e-5,7.4505970637409644e-6,11.51293951178003,0.0
1940.0,11.51291328042806,11.512914921614207,-1.6411861469833866e-6,-1.425517683498408e-7,8.5772549826417e-5,7.450116902402994e-6,11.51291328042806,0.0
1945.0,11.512887297457064,11.512888942441254,-1.644984189752563e-6,-1.428819849661781e-7,8.576683284875158e-5,7.449637144254468e-6,11.512887297457064,0.0
1950.0,11.512861561927009,11.512863210703062,-1.6487760525762951e-6,-1.4321166320880566e-7,8.576112232452626e-5,7.449157784380729e-6,11.512861561927009,0.0
1955.0,11.512836072901205,11.512837725462958,-1.6525617532181514e-6,-1.4354080460747062e-7,8.575541823977094e-5,7.448678822207949e-6,11.512836072901205,0.0
1960.0,11.512810829447119,11.512812485788427,-1.6563413076653433e-6,-1.4386941053776405e-7,8.57497205874878e-5,7.448200257765008e-6,11.512810829447119,0.0
1965.0,11.512785830636194,11.512787490750929,-1.660114735457796e-6,-1.4419748268400285e-7,8.574402933781667e-5,7.4477220890921824e-6,11.512785830636194,0.0
1970.0,11.51276107554381,11.512762739425856,-1.663882045477294e-6,-1.4452502180487575e-7,8.573834448095788e-5,7.4472443159694414e-6,11.51276107554381,0.0
1975.0,11.512736563249312,11.51273823089258,-1.6676432679219033e-6,-1.4485203051074018e-7,8.57326659925688e-5,7.446766936910778e-6,11.512736563249312,0.0
1980.0,11.512712292707409,11.512713964105828,-1.6713984187788355e-6,-1.451785101793574e-7,8.572699385920136e-5,7.446289951456887e-6,11.512712292707409,0.0
1985.0,11.512688261084797,11.512689936232304,-1.675147506929875e-6,-1.455044615941014e-7,8.572132804454201e-5,7.445813358318521e-6,11.512688261084797,0.0
1990.0,11.512664467475059,11.512666146365621,-1.6788905625730877e-6,-1.458298873658827e-7,8.571566854689162e-5,7.44533715796641e-6,11.512664467475059,0.0
1995.0,11.512640910975833,11.512642593603427,-1.682627594590258e-6,-1.4615478825419522e-7,8.571001534344263e-5,7.444861349034961e-6,11.512640910975833,0.0
2000.0,11.512617590688555,11.512619277047179,-1.686358624297668e-6,-1.4647916609873333e-7,8.570436841924504e-5,7.444385930838442e-6,11.512617590688555,0.0
2005.0,11.512594505718528,11.5125961958022,-1.690083671235243e-6,-1.4680302258502596e-7,8.56987277558533e-5,7.443910902384782e-6,11.512594505718528,0.0
2010.0,11.512571655174892,11.512573348977638,-1.6938027460611238e-6,-1.4712635862724562e-7,8.569309333263469e-5,7.4434362624892515e-6,11.512571655174892,0.0
2015.0,11.512549038170588,11.512550735686457,-1.6975158683152358e-6,-1.4744917591117432e-7,8.568746513743502e-5,7.442962010700913e-6,11.512549038170588,0.0
2020.0,11.512526653822365,11.512528355045418,-1.7012230539847906e-6,-1.4777147581412583e-7,8.568184315087659e-5,7.442488145938727e-6,11.512526653822365,0.0
2025.0,11.51250450125075,11.512506206175066,-1.7049243172806428e-6,-1.4809325955923973e-7,8.567622735570127e-5,7.44201466730312e-6,11.51250450125075,0.0
2030.0,11.512482579580034,11.512484288199712,-1.7086196777427176e-6,-1.4841452883267222e-7,8.567061773464637e-5,7.44154157389149e-6,11.512482579580034,0.0
2035.0,11.512460887938255,11.512462600247405,-1.7123091495818699e-6,-1.48735284857808e-7,8.566501427046395e-5,7.4410688647998984e-6,11.512460887938255,0.0
2040.0,11.512439421090273,11.512441137083021,-1.715992748785311e-6,-1.490555290689903e-7,8.565941691337931e-5,7.4405965391188165e-6,11.512439421090273,0.0
2045.0,11.512418178178311,11.512419897848794,-1.7196704824584685e-6,-1.4937526207292305e-7,8.565382567176964e-5,7.440124598160075e-6,11.512418178178311,0.0
2050.0,11.51239715836177,11.512398881704144,-1.7233423736939812e-6,-1.4969448586494171e-7,8.564824052736572e-5,7.4396530409096465e-6,11.51239715836177,0.0
2055.0,11.512376360803309,11.51237808781174,-1.7270084313736334e-6,-1.5001320120610844e-7,8.564266146434396e-5,7.439181866563646e-6,11.512376360803309,0.0
2060.0,11.512355784669216,11.512357515337888,-1.7306686714846364e-6,-1.5033140947479532e-7,8.563708846482277e-5,7.438711074136889e-6,11.512355784669216,0.0
2065.0,11.512335429129314,11.512337163452433,-1.7343231188959862e-6,-1.5064911282099033e-7,8.563152151251364e-5,7.438240662780099e-6,11.512335429129314,0.0
2070.0,11.512315293356973,11.512317031328754,-1.73797178071311e-6,-1.5096631185179435e-7,8.56259605915568e-5,7.437770631678765e-6,11.512315293356973,0.0
2075.0,11.512295376529076,11.512297118143756,-1.741614680028647e-6,-1.5128300856312277e-7,8.56204058576171e-5,7.4373009949151775e-6,11.512295376529076,0.0
2080.0,11.512275677823554,11.51227742307535,-1.7452517955263147e-6,-1.5159920109351153e-7,8.561485778079007e-5,7.436831793883512e-6,11.512275677823554,0.0
2085.0,11.51225619641899,11.512257945302174,-1.7488831840495322e-6,-1.5191489437088283e-7,8.56093152998474e-5,7.436362936960792e-6,11.51225619641899,0.0
2090.0,11.512236931502262,11.512238684011102,-1.752508840269229e-6,-1.522300879226727e-7,8.560377894133124e-5,7.435894470438125e-6,11.512236931502262,0.0
2095.0,11.51221788226364,11.512219638392448,-1.756128808594326e-6,-1.5254478559686707e-7,8.559824849900969e-5,7.435426376952706e-6,11.51221788226364,0.0
2100.0,11.512199047896768,11.512200807639843,-1.7597430748139686e-6,-1.528589861496068e-7,8.559272396417434e-5,7.434958656297015e-6,11.512199047896768,0.0
2105.0,11.51218042759846,11.512182190950139,-1.7633516780080072e-6,-1.531726929661975e-7,8.558720539096336e-5,7.434491313720452e-6,11.51218042759846,0.0
2110.0,11.512162020569269,11.512163787523889,-1.7669546199527986e-6,-1.5348590619170453e-7,8.558169267730553e-5,7.4340243409007874e-6,11.512162020569269,0.0
2115.0,11.512143826012887,11.512145596564809,-1.7705519219646249e-6,-1.5379862766862577e-7,8.557618588092652e-5,7.43355774339426e-6,11.512143826012887,0.0
2120.0,11.512125843136552,11.512127617280147,-1.774143594701627e-6,-1.5411085831374567e-7,8.557068493578296e-5,7.433091516003502e-6,11.512125843136552,0.0
2125.0,11.512108071150786,11.512109848880444,-1.7777296577037305e-6,-1.5442259981546742e-7,8.556518985362323e-5,7.432625660286202e-6,11.512108071150786,0.0
2130.0,11.512090509269495,11.512092290579616,-1.781310121629076e-6,-1.5473385309078063e-7,8.55597006059478e-5,7.432160174301568e-6,11.512090509269495,0.0
2135.0,11.51207315670992,11.512074941594925,-1.7848850042412323e-6,-1.550446196739894e-7,8.555421718158699e-5,7.431695057611835e-6,11.51207315670992,0.0
2140.0,11.51205601269262,11.512057801146943,-1.7884543233037675e-6,-1.553549010995001e-7,8.554873956557615e-5,7.4312303094472764e-6,11.51205601269262,0.0
2145.0,11.51203907644147,11.512040868459563,-1.7920180930275365e-6,-1.556646985932117e-7,8.554326773931091e-5,7.430765928719686e-6,11.51203907644147,0.0
2150.0,11.512022347183638,11.512024142759959,-1.7955763205179665e-6,-1.559740127639038e-7,8.553780169219346e-5,7.430301915034058e-6,11.512022347183638,0.0
2155.0,11.51200582414957,11.512007623278597,-1.7991290270913396e-6,-1.5628284545488816e-7,8.553234140501397e-5,7.429838267245016e-6,11.51200582414957,0.0
2160.0,11.51198950657298,11.51199130924921,-1.8026762287348674e-6,-1.5659119804666226e-7,8.552688686469433e-5,7.429374984737538e-6,11.51198950657298,0.0
2165.0,11.511973393690836,11.511975199908774,-1.8062179378830479e-6,-1.5689907161121045e-7,8.55214380526331e-5,7.4289120664145494e-6,11.511973393690836,0.0
2170.0,11.511957484743341,11.511959294497506,-1.8097541651940219e-6,-1.5720646706630625e-7,8.551599495798778e-5,7.428449511850709e-6,11.511957484743341,0.0
2175.0,11.51194177897392,11.511943592258852,-1.8132849319840716e-6,-1.5751338625564983e-7,8.551055756348628e-5,7.427987320059917e-6,11.51194177897392,0.0
2180.0,11.511926275629207,11.511928092439458,-1.8168102506876949e-6,-1.578198302515096e-7,8.550512585416631e-5,7.427525490254485e-6,11.511926275629207,0.0
2185.0,11.511910973959042,11.511912794289174,-1.8203301319630327e-6,-1.5812579997194038e-7,8.549969981606808e-5,7.427064021731574e-6,11.511910973959042,0.0
2190.0,11.511895873216433,11.511897697061027,-1.8238445935736536e-6,-1.584312969523125e-7,8.54942794320399e-5,7.42660291350887e-6,11.511895873216433,0.0
2195.0,11.511880972657561,11.511882800011211,-1.8273536497304121e-6,-1.5873632241947692e-7,8.548886468970348e-5,7.4261421650165005e-6,11.511880972657561,0.0
2200.0,11.511866271541761,11.511868102399077,-1.83085731642052e-6,-1.5904087775468198e-7,8.54834555722526e-5,7.425681775297758e-6,11.511866271541761,0.0
2205.0,11.511851769131507,11.511853603487111,-1.834355604302118e-6,-1.5934496387634672e-7,8.547805206693626e-5,7.425221743746012e-6,11.511851769131507,0.0
2210.0,11.5118374646924,11.511839302540928,-1.8378485275860612e-6,-1.5964858201159193e-7,8.547265415740619e-5,7.424762069439976e-6,11.5118374646924,0.0
2215.0,11.511823357493153,11.511825198829259,-1.8413361058122746e-6,-1.5995173385054868e-7,8.546726183158418e-5,7.424302751827124e-6,11.511823357493153,0.0
2220.0,11.511809446805579,11.511811291623925,-1.8448183460861856e-6,-1.6025442000328677e-7,8.546187507165427e-5,7.423843789854353e-6,11.511809446805579,0.0
2225.0,11.511795731904577,11.511797580199843,-1.8482952661713625e-6,-1.6055664200580546e-7,8.545649386631287e-5,7.423385183032122e-6,11.511795731904577,0.0
2230.0,11.511782212068113,11.51178406383499,-1.8517668767259465e-6,-1.608584007769613e-7,8.545111819965844e-5,7.422926930469352e-6,11.511782212068113,0.0
2235.0,11.511768886577217,11.511770741810409,-1.8552331919607923e-6,-1.6115969754431084e-7,8.544574805609654e-5,7.422469031299501e-6,11.511768886577217,0.0
2240.0,11.511755754715962,11.511757613410197,-1.8586942349685387e-6,-1.6146053430703626e-7,8.544038342228666e-5,7.422011484849715e-6,11.511755754715962,0.0
2245.0,11.511742815771454,11.51174467792146,-1.8621500057491858e-6,-1.617609110584004e-7,8.543502428505526e-5,7.421554290459527e-6,11.511742815771454,0.0
2250.0,11.511730069033813,11.511731934634343,-1.8656005291717292e-6,-1.6206082995206212e-7,8.542967062901726e-5,7.421097447274267e-6,11.511730069033813,0.0
2255.0,11.511717513796178,11.511719382841985,-1.869045807012526e-6,-1.6236029113575577e-7,8.542432244159239e-5,7.42064095468082e-6,11.511717513796178,0.0
2260.0,11.51170514935466,11.511707021840525,-1.8724858659169286e-6,-1.62659296917616e-7,8.541897970622992e-5,7.4201848117190935e-6,11.51170514935466,0.0
2265.0,11.511692975008371,11.511694850929079,-1.8759207076612938e-6,-1.6295784744553872e-7,8.541364241049179e-5,7.41972901778417e-6,11.511692975008371,0.0
2270.0,11.511680990059366,11.511682869409722,-1.8793503553382607e-6,-1.6325594471920548e-7,8.540831054010361e-5,7.419273572109572e-6,11.511680990059366,0.0
2275.0,11.511669192063401,11.511671074838228,-1.8827748267113975e-6,-1.6355359030030648e-7,8.540298406990654e-5,7.418818474108579e-6,11.511669192063401,0.0
2280.0,11.51165758005223,11.511659466246371,-1.8861941413206296e-6,-1.6385078588413605e-7,8.539766299615988e-5,7.418363724103442e-6,11.51165758005223,0.0
2285.0,11.511646153351775,11.511648042960081,-1.8896083062713842e-6,-1.641475320817778e-7,8.539234730383219e-5,7.417909321245861e-6,11.511646153351775,0.0
2290.0,11.511634911290752,11.511636804308093,-1.8930173411035867e-6,-1.644438305845586e-7,8.538703697836407e-5,7.417455264726596e-6,11.511634911290752,0.0
2295.0,11.511623853200703,11.51162574962196,-1.896421256475378e-6,-1.6473968231233468e-7,8.538173200677312e-5,7.417001553871438e-6,11.511623853200703,0.0
2300.0,11.511612978415965,11.511614878236035,-1.8998200701503265e-6,-1.6503508880227728e-7,8.537643237613083e-5,7.416548188008915e-6,11.511612978415965,0.0
2305.0,11.51160228627368,11.511604189487464,-1.9032137839047891e-6,-1.6533005020284293e-7,8.5371138070836e-5,7.416095166233434e-6,11.51160228627368,0.0
2310.0,11.511591776113754,11.511593682716178,-1.9066024243841184e-6,-1.6562456882290315e-7,8.536584908384342e-5,7.415642488380736e-6,11.511591776113754,0.0
2315.0,11.511581447278822,11.511583357264815,-1.9099859933646712e-6,-1.6591864481106247e-7,8.536056540612518e-5,7.415190154112425e-6,11.511581447278822,0.0
2320.0,11.511571299114225,11.511573212478739,-1.9133645139390865e-6,-1.6621228016772247e-7,8.535528702236472e-5,7.414738162541938e-6,11.511571299114225,0.0
2325.0,11.511561330968062,11.51156324770605,-1.916737987883721e-6,-1.665054750416322e-7,8.535001391783436e-5,7.414286512831954e-6,11.511561330968062,0.0
2330.0,11.511551542191153,11.511553462297586,-1.920106432962143e-6,-1.6679823097040684e-7,8.534474608092816e-5,7.413835204414444e-6,11.511551542191153,0.0
2335.0,11.511541932137044,11.511543855606906,-1.923469861608851e-6,-1.6709054902880164e-7,8.533948347294633e-5,7.413384234365865e-6,11.511541932137044,0.0
2340.0,11.511532500162211,11.511534426990501,-1.9268282898110556e-6,-1.6738243060026145e-7,8.533422611565308e-5,7.412933605013113e-6,11.511532500162211,0.0
2345.0,11.51152324562566,11.511525175807387,-1.9301817264505416e-6,-1.6767387645105994e-7,8.532897398414028e-5,7.412483314626932e-6,11.51152324562566,0.0
2350.0,11.511514167889057,11.51151610141924,-1.93353018218545e-6,-1.6796488750185106e-7,8.532372706593747e-5,7.412033362556669e-6,11.511514167889057,0.0
2355.0,11.511505266316743,11.511507203190417,-1.936873674779349e-6,-1.682554652906029e-7,8.531848534944076e-5,7.411583748225094e-6,11.511505266316743,0.0
2360.0,11.511496540275735,11.511498480487948,-1.940212213114023e-6,-1.685456105837955e-7,8.531324881986875e-5,7.411134470777093e-6,11.511496540275735,0.0
2365.0,11.511487989135697,11.511489932681503,-1.9435458060712563e-6,-1.6883532414797586e-7,8.530801746588729e-5,7.410685529655178e-6,11.511487989135697,0.0
2370.0,11.511479612268934,11.511481559143409,-1.9468744749673306e-6,-1.6912460782993977e-7,8.530279127204374e-5,7.410236923942256e-6,11.511479612268934,0.0
2375.0,11.511471409050388,11.511473359248606,-1.9501982180258892e-6,-1.694134614704973e-7,8.529757022798334e-5,7.40978865316226e-6,11.511471409050388,0.0
2380.0,11.51146337885761,11.51146533237467,-1.953517060115928e-6,-1.6970188722520124e-7,8.529235431909518e-5,7.409340716467583e-6,11.51146337885761,0.0
2385.0,11.511455521070763,11.51145747790177,-1.9568310065665173e-6,-1.6998988555223974e-7,8.52871435329123e-5,7.408893113195049e-6,11.511455521070763,0.0
2390.0,11.511447835072605,11.51144979521268,-1.9601400751412257e-6,-1.7027745799004983e-7,8.528193785766342e-5,7.408445842740122e-6,11.511447835072605,0.0
2395.0,11.511440320248486,11.51144228369276,-1.9634442747218372e-6,-1.705646053055726e-7,8.527673727969181e-5,7.407998904332679e-6,11.511440320248486,0.0
2400.0,11.51143297598632,11.511434942729935,-1.9667436141901362e-6,-1.7085132826581236e-7,8.527154178691552e-5,7.4075522973376215e-6,11.51143297598632,0.0
2405.0,11.511425801676593,11.511427771714702,-1.970038109533334e-6,-1.7113762825508602e-7,8.52663513660909e-5,7.407106021017154e-6,11.511425801676593,0.0
2410.0,11.511418796712334,11.511420770040106,-1.973327771409572e-6,-1.7142350619483631e-7,8.526116600511116e-5,7.406660074730474e-6,11.511418796712334,0.0
2415.0,11.511411960489115,11.511413937101725,-1.976612610476991e-6,-1.717089630065681e-7,8.525598569116985e-5,7.4062144577742455e-6,11.511411960489115,0.0
2420.0,11.511405292405046,11.511407272297685,-1.979892639170089e-6,-1.7199399976616022e-7,8.525081041148469e-5,7.405769169445469e-6,11.511405292405046,0.0
2425.0,11.511398791860746,11.511400775028616,-1.9831678699233635e-6,-1.7227861754955296e-7,8.52456401539787e-5,7.405324209100679e-6,11.511398791860746,0.0
2430.0,11.511392458259344,11.511394444697657,-1.986438313394956e-6,-1.7256281727843448e-7,8.524047490658445e-5,7.404879576095506e-6,11.511392458259344,0.0
2435.0,11.511386291006469,11.511388280710452,-1.989703983795721e-6,-1.7284660018317883e-7,8.523531465662802e-5,7.404435269731156e-6,11.511386291006469,0.0
2440.0,11.511380289510234,11.511382282475122,-1.9929648882310858e-6,-1.7312996687696773e-7,8.523015939220229e-5,7.403991289373736e-6,11.511380289510234,0.0
2445.0,11.51137445318123,11.511376449402267,-1.9962210373591915e-6,-1.734129182816675e-7,8.52250090991927e-5,7.403547634195872e-6,11.51137445318123,0.0
2450.0,11.511368781432509,11.511370780904961,-1.9994724524963203e-6,-1.736954562450826e-7,8.521986376763353e-5,7.403104303728902e-6,11.511368781432509,0.0
2455.0,11.511363273679583,11.511365276398715,-2.0027191318661153e-6,-1.7397758060900378e-7,8.52147233849923e-5,7.402661297279484e-6,11.511363273679583,0.0
2460.0,11.5113579293404,11.511359935301497,-2.0059610967848585e-6,-1.742592932213515e-7,8.520958793843068e-5,7.402218614126021e-6,11.5113579293404,0.0
2465.0,11.511352747835348,11.511354757033704,-2.009198356134334e-6,-1.7454059484991057e-7,8.52044574170393e-5,7.401776253712803e-6,11.511352747835348,0.0
2470.0,11.511347728587237,11.511349741018158,-2.012430920572683e-6,-1.7482148641683544e-7,8.51993318083516e-5,7.401334215347166e-6,11.511347728587237,0.0
2475.0,11.511342871021286,11.511344886680085,-2.01565879898169e-6,-1.751019686900231e-7,8.519421110048141e-5,7.400892498385202e-6,11.511342871021286,0.0
2480.0,11.511338174565118,11.511340193447122,-2.018882003795852e-6,-1.7538204274605306e-7,8.518909528090708e-5,7.400451102126135e-6,11.511338174565118,0.0
2485.0,11.511333638648747,11.511335660749292,-2.022100545673311e-6,-1.756617095072465e-7,8.518398433935653e-5,7.400010026062958e-6,11.511333638648747,0.0
2490.0,11.511329262704567,11.511331288019008,-2.025314440601278e-6,-1.7594097035892047e-7,8.517887826099224e-5,7.3995692692904184e-6,11.511329262704567,0.0
2495.0,11.511325046167345,11.511327074691042,-2.0285236974615373e-6,-1.762198260691915e-7,8.517377703690549e-5,7.399128831416657e-6,11.511325046167345,0.0
2500.0,11.511320988474212,11.511323020202529,-2.031728316254089e-6,-1.7649827663465997e-7,8.516868065587591e-5,7.398688711847374e-6,11.511320988474212,0.0
2505.0,11.511317089064638,11.511319123992966,-2.034928327176999e-6,-1.7677632467531558e-7,8.516358910375957e-5,7.398248909732675e-6,11.511317089064638,0.0
2510.0,11.511313347380446,11.511315385504174,-2.038123728453911e-6,-1.7705397003355083e-7,8.51585023698134e-5,7.39780942451648e-6,11.511313347380446,0.0
2515.0,11.511309762865782,11.511311804180316,-2.0413145342956796e-6,-1.7733121394063564e-7,8.515342044350052e-5,7.397370255659011e-6,11.511309762865782,0.0
2520.0,11.511306334967118,11.511308379467872,-2.0445007535840887e-6,-1.776080571649498e-7,8.514834331308337e-5,7.3969314025145865e-6,11.511306334967118,0.0
2525.0,11.511303063133232,11.51130511081563,-2.0476823987536363e-6,-1.7788450078355272e-7,8.514327096666674e-5,7.396492864422233e-6,11.511303063133232,0.0
2530.0,11.5112999468152,11.511301997674682,-2.0508594822388204e-6,-1.7816054587355497e-7,8.513820339364088e-5,7.396054640831059e-6,11.5112999468152,0.0
2535.0,11.511296985466396,11.511299039498407,-2.0540320111450683e-6,-1.78436193049175e-7,8.513314058173325e-5,7.39561673104414e-6,11.511296985466396,0.0
2540.0,11.51129417854247,11.511296235742467,-2.057199997906878e-6,-1.7871144338762397e-7,8.512808251889253e-5,7.395179134382198e-6,11.51129417854247,0.0
2545.0,11.51129152550134,11.511293585864793,-2.06036345318239e-6,-1.7898629781184845e-7,8.512302919484575e-5,7.394741850318874e-6,11.51129152550134,0.0
2550.0,11.511289025803194,11.511291089325582,-2.063522387629746e-6,-1.7926075724484424e-7,8.511798059866193e-5,7.3943048782690835e-6,11.511289025803194,0.0
2555.0,11.51128667891046,11.51128874558727,-2.06667681013073e-6,-1.7953482245534171e-7,8.511293671961143e-5,7.3938682176636874e-6,11.51128667891046,0.0
2560.0,11.511284484287815,11.511286554114552,-2.069826736672553e-6,-1.7980849482937698e-7,8.510789754505333e-5,7.3934318677659565e-6,11.511284484287815,0.0
2565.0,11.51128244140217,11.51128451437434,-2.0729721708079296e-6,-1.8008177467283346e-7,8.510286306432133e-5,7.39299582800916e-6,11.51128244140217,0.0
2570.0,11.511280549722652,11.511282625835776,-2.0761131231950003e-6,-1.8035466290889949e-7,8.509783326640174e-5,7.392560097794858e-6,11.511280549722652,0.0
2575.0,11.511278808720606,11.511280887970212,-2.079249606268263e-6,-1.806271606151251e-7,8.509280814082843e-5,7.392124676570654e-6,11.511278808720606,0.0
2580.0,11.51127721786957,11.511279300251207,-2.0823816377912863e-6,-1.8089926933205069e-7,8.508778767659172e-5,7.391689563735414e-6,11.51127721786957,0.0
2585.0,11.511275776645292,11.511277862154508,-2.085509215987713e-6,-1.8117098890280335e-7,8.508277186232192e-5,7.391254758655207e-6,11.511275776645292,0.0
2590.0,11.511274484525694,11.51127657315805,-2.0886323550683983e-6,-1.8144232055938655e-7,8.507776068824454e-5,7.390820260833182e-6,11.511274484525694,0.0
2595.0,11.511273340990874,11.511275432741943,-2.0917510692441965e-6,-1.817132655338494e-7,8.507275414204386e-5,7.390386069550227e-6,11.511273340990874,0.0
2600.0,11.511272345523096,11.511274440388462,-2.094865365620535e-6,-1.8198382444102795e-7,8.506775221429109e-5,7.389952184336529e-6,11.511272345523096,0.0
2605.0,11.511271497606785,11.511273595582036,-2.0979752513028416e-6,-1.8225399789580278e-7,8.506275489199014e-5,7.389518604410889e-6,11.511271497606785,0.0
2610.0,11.511270796728503,11.511272897809246,-2.1010807422783273e-6,-1.8252378728467175e-7,8.505776216566398e-5,7.38908532929634e-6,11.511270796728503,0.0
2615.0,11.51127024237696,11.511272346558808,-2.1041818474287766e-6,-1.8279319337691825e-7,8.505277402516873e-5,7.388652358456506e-6,11.51127024237696,0.0
2620.0,11.511269834042995,11.511271941321564,-2.107278568530546e-6,-1.8306221632461086e-7,8.504779046038886e-5,7.388219691356008e-6,11.511269834042995,0.0
2625.0,11.511269571219554,11.51127168159048,-2.1103709268999182e-6,-1.833308579773218e-7,8.504281146135807e-5,7.387787327470976e-6,11.511269571219554,0.0
2630.0,11.511269453401704,11.511271566860632,-2.1134589278659632e-6,-1.8359911879583476e-7,8.503783701477603e-5,7.387355265986449e-6,11.511269453401704,0.0
2635.0,11.511269480086613,11.511271596629193,-2.1165425803104654e-6,-1.8386699954960486e-7,8.503286711293395e-5,7.386923506571767e-6,11.511269480086613,0.0
2640.0,11.511269650773537,11.511271770395435,-2.1196218984442794e-6,-1.8413450147107313e-7,8.502790174280225e-5,7.386492048432601e-6,11.511269650773537,0.0
2645.0,11.51126996496382,11.511272087660705,-2.122696885820119e-6,-1.8440162486683464e-7,8.502294089641465e-5,7.3860608912130474e-6,11.51126996496382,0.0
2650.0,11.511270422160878,11.511272547928431,-2.125767553096125e-6,-1.8466837066078405e-7,8.501798456200785e-5,7.3856300342259185e-6,11.511270422160878,0.0
2655.0,11.511271021870195,11.511273150704106,-2.128833910930439e-6,-1.8493473977685697e-7,8.501303273062162e-5,7.385199477026114e-6,11.511271021870195,0.0
2660.0,11.511271763599304,11.511273895495277,-2.131895973533915e-6,-1.8520073344765872e-7,8.500808539082616e-5,7.384769218952584e-6,11.511271763599304,0.0
2665.0,11.511272646857792,11.511274781811538,-2.134953746235624e-6,-1.8546635213426185e-7,8.500314253308879e-5,7.3843392595076726e-6,11.511272646857792,0.0
2670.0,11.511273671157287,11.511275809164523,-2.138007236140993e-6,-1.857315964520934e-7,8.499820414601699e-5,7.383909598030752e-6,11.511273671157287,0.0
2675.0,11.511274836011442,11.5112769770679,-2.141056459237234e-6,-1.8599646778819258e-7,8.499327021951602e-5,7.383480233972545e-6,11.511274836011442,0.0
2680.0,11.511276140935935,11.511278285037355,-2.14410141907706e-6,-1.862609664494359e-7,8.49883407444083e-5,7.383051166862046e-6,11.511276140935935,0.0
2685.0,11.51127758544855,11.511279732590605,-2.1471420552643394e-6,-1.865250871874161e-7,8.498341727341729e-5,7.3826225319112405e-6,11.51127758544855,0.0
2690.0,11.511279169051399,11.511281319229887,-2.1501784885913366e-6,-1.8678884049412945e-7,8.49784981826888e-5,7.382194188388497e-6,11.511279169051399,0.0
2695.0,11.511280891262702,11.511283044473377,-2.153210674649131e-6,-1.8705222251013455e-7,8.497358328275109e-5,7.381766120158512e-6,11.511280891262702,0.0
2700.0,11.511282751603826,11.511284907842473,-2.156238647188502e-6,-1.8731523616584616e-7,8.496867304583353e-5,7.3813383685667135e-6,11.511282751603826,0.0
2705.0,11.511284749598694,11.5112869088611,-2.15926240620945e-6,-1.8757788145973248e-7,8.496376700310515e-5,7.380910893205657e-6,11.511284749598694,0.0
2710.0,11.511286884002283,11.51128904628424,-2.1622819570410456e-6,-1.8784015886582232e-7,8.49588654759209e-5,7.380483722805293e-6,11.511286884002283,0.0
2715.0,11.511289152917566,11.511291318214887,-2.1652973209995707e-6,-1.8810207025776696e-7,8.495396823433033e-5,7.380056838620766e-6,11.511289152917566,0.0
2720.0,11.51129155588146,11.511293724189965,-2.1683085051904527e-6,-1.8836361625143616e-7,8.494907537994598e-5,7.379630249790952e-6,11.51129155588146,0.0
2725.0,11.511294092433229,11.511296263748743,-2.171315514942762e-6,-1.8862479730841408e-7,8.494418686538258e-5,7.379203952509503e-6,11.511294092433229,0.0
2730.0,11.511296762113998,11.511298936432368,-2.174318369796424e-6,-1.8888561512483502e-7,8.493930267773869e-5,7.378777945964445e-6,11.511296762113998,0.0
2735.0,11.511299564466757,11.511301741783818,-2.1773170608696546e-6,-1.8914606892784095e-7,8.493442282680193e-5,7.378352231313544e-6,11.511299564466757,0.0
2740.0,11.511302499036425,11.511304679348038,-2.1803116130314493e-6,-1.8940616087657816e-7,8.492954728137487e-5,7.377926806152827e-6,11.511302499036425,0.0
2745.0,11.511305565369776,11.511307748671808,-2.1833020316108787e-6,-1.8966589143277118e-7,8.492467604771682e-5,7.377501671330953e-6,11.511305565369776,0.0
2750.0,11.511308763015487,11.511310949303802,-2.186288314831586e-6,-1.8992526044092217e-7,8.491980910858177e-5,7.377076825653341e-6,11.511308763015487,0.0
2755.0,11.511312091524072,11.511314280794561,-2.1892704893389237e-6,-1.901842702145928e-7,8.491494645875117e-5,7.3766522689689855e-6,11.511312091524072,0.0
2760.0,11.511315550447932,11.511317742696484,-2.192248551580178e-6,-1.9044292044403845e-7,8.491008808492256e-5,7.376228000423332e-6,11.511315550447932,0.0
2765.0,11.511319139341305,11.51132133456382,-2.195222515766204e-6,-1.9070121236268827e-7,8.49052339806357e-5,7.375804019754951e-6,11.511319139341305,0.0
2770.0,11.51132285776027,11.511325055952657,-2.1981923872260722e-6,-1.9095914643243436e-7,8.490038413442543e-5,7.375380326266367e-6,11.51132285776027,0.0
2775.0,11.511326705262752,11.511328906420934,-2.201158181946994e-6,-1.9121672404108448e-7,8.48955385377584e-5,7.374956919513528e-6,11.511326705262752,0.0
2780.0,11.511330681408502,11.511332885528399,-2.2041198963762554e-6,-1.9147394487902627e-7,8.489069718228861e-5,7.374533799067404e-6,11.511330681408502,0.0
2785.0,11.511334785759082,11.511336992836632,-2.207077550053782e-6,-1.9173081064275924e-7,8.488586005816467e-5,7.3741109643669455e-6,11.511334785759082,0.0
2790.0,11.511339017877875,11.511341227909023,-2.2100311483086443e-6,-1.9198732179430378e-7,8.488102715500352e-5,7.373688414803668e-6,11.511339017877875,0.0
2795.0,11.511343377330062,11.511345590310764,-2.2129807017989833e-6,-1.922434792586529e-7,8.487619846403734e-5,7.373266149908169e-6,11.511343377330062,0.0
2800.0,11.511347863682634,11.511350079608846,-2.215926212301156e-6,-1.9249928318926255e-7,8.487137397715336e-5,7.372844169266715e-6,11.511347863682634,0.0
2805.0,11.511352476504353,11.511354695372049,-2.2188676958023734e-6,-1.927547349741284e-7,8.486655368507527e-5,7.37242247236327e-6,11.511352476504353,0.0
2810.0,11.511357215365773,11.51135943717093,-2.2218051558553498e-6,-1.930098349210816e-7,8.486173757785833e-5,7.3720010586225075e-6,11.511357215365773,0.0
2815.0,11.511362079839223,11.511364304577832,-2.2247386084472964e-6,-1.9326458441817763e-7,8.485692564796641e-5,7.3715799276771245e-6,11.511362079839223,0.0
2820.0,11.511367069498792,11.511369297166848,-2.2276680553545702e-6,-1.9351898361899457e-7,8.485211788391696e-5,7.371159078815775e-6,11.511367069498792,0.0
2825.0,11.511372183920335,11.511374414513842,-2.2305935072353122e-6,-1.9377303344870717e-7,8.484731427728838e-5,7.370738511591814e-6,11.511372183920335,0.0
2830.0,11.511377422681448,11.511379656196421,-2.2335149729713066e-6,-1.9402673467820621e-7,8.48425148213698e-5,7.370318225706015e-6,11.511377422681448,0.0
2835.0,11.511382785361487,11.511385021793943,-2.236432456115267e-6,-1.942800876154721e-7,8.483771950541604e-5,7.369898220507478e-6,11.511382785361487,0.0
2840.0,11.511388271541525,11.511390510887498,-2.239345972654405e-6,-1.9453309364870614e-7,8.483292832036286e-5,7.369478495490155e-6,11.511388271541525,0.0
2845.0,11.511393880804379,11.51139612305991,-2.242255531470505e-6,-1.9478575354888504e-7,8.48281412574819e-5,7.36905905017598e-6,11.511393880804379,0.0
2850.0,11.51139961273458,11.51140185789571,-2.245161129010853e-6,-1.9503806700682384e-7,8.482335830949531e-5,7.3686398842117145e-6,11.51139961273458,0.0
2855.0,11.511405466918374,11.51140771498116,-2.2480627865917313e-6,-1.9529003587374653e-7,8.481857946568984e-5,7.368220996944515e-6,11.511405466918374,0.0
2860.0,11.511411442943718,11.511413693904226,-2.2509605077658534e-6,-1.9554166045777562e-7,8.481380471837711e-5,7.367802387983135e-6,11.511411442943718,0.0
2865.0,11.511417540400261,11.511419794254563,-2.2538543014150036e-6,-1.957929415299999e-7,8.480903405977802e-5,7.367384056927288e-6,11.511417540400261,0.0
2870.0,11.511423758879355,11.511426015623528,-2.2567441728682525e-6,-1.9604387955291014e-7,8.480426747944404e-5,7.366966003143628e-6,11.511423758879355,0.0
2875.0,11.511430097974024,11.511432357604157,-2.259630132783741e-6,-1.962944754519622e-7,8.479950496938111e-5,7.366548226210882e-6,11.511430097974024,0.0
2880.0,11.511436557278985,11.51143881979117,-2.2625121847141827e-6,-1.9654472953538858e-7,8.479474652081138e-5,7.3661307256385324e-6,11.511436557278985,0.0
2885.0,11.51144313639061,11.511445401780957,-2.265390346423146e-6,-1.9679464334594756e-7,8.478999212630844e-5,7.365713501052325e-6,11.51144313639061,0.0
2890.0,11.511449834906944,11.511452103171566,-2.268264621463345e-6,-1.970442171919243e-7,8.478524177542491e-5,7.36529655181443e-6,11.511449834906944,0.0
2895.0,11.51145665242769,11.511458923562703,-2.271135013387493e-6,-1.9729345138163081e-7,8.478049546056556e-5,7.3648798775336496e-6,11.51145665242769,0.0
2900.0,11.511463588554193,11.511465862555731,-2.2740015381828016e-6,-1.975423473035899e-7,8.477575317342036e-5,7.364463477755564e-6,11.511463588554193,0.0
2905.0,11.511470639543193,11.5114729164074,-2.276864206507412e-6,-1.9779090594090802e-7,8.477101486312152e-5,7.3640473504682866e-6,11.511470639543193,0.0
2910.0,11.51147779582489,11.511480075547935,-2.2797230450066763e-6,-1.9803912976607672e-7,8.476628043053485e-5,7.363631493193587e-6,11.51147779582489,0.0
2915.0,11.511485057056122,11.511487339634192,-2.2825780696678066e-6,-1.982870201676255e-7,8.476154992677989e-5,7.363215910602615e-6,11.511485057056122,0.0
2920.0,11.511492422896055,11.511494708325328,-2.2854292733853754e-6,-1.9853457652803705e-7,8.475682331817561e-5,7.362800599998357e-6,11.511492422896055,0.0
2925.0,11.511499893004931,11.511502181281605,-2.288276673922951e-6,-1.9878180039018576e-7,8.475210060447612e-5,7.362385561587549e-6,11.511499893004931,0.0
2930.0,11.5115074670445,11.511509758164777,-2.291120276609604e-6,-1.9902869221678341e-7,8.47473817767124e-5,7.361970794818126e-6,11.5115074670445,0.0
2935.0,11.511515144677903,11.511517438637988,-2.293960084998048e-6,-1.9927525231625225e-7,8.474266682348054e-5,7.361556298925556e-6,11.511515144677903,0.0
2940.0,11.511522925569666,11.511525222365778,-2.296796111522781e-6,-1.9952148176859232e-7,8.473795574430726e-5,7.36114207409389e-6,11.511522925569666,0.0
2945.0,11.511530807998296,11.51153310762667,-2.299628373947371e-6,-1.9976738214083328e-7,8.473324851483466e-5,7.360728119318534e-6,11.511530807998296,0.0
2950.0,11.511538787100898,11.511541089557776,-2.302456877600889e-6,-2.0001295397456998e-7,8.4728545101727e-5,7.360314434823297e-6,11.511538787100898,0.0
2955.0,11.511546862557147,11.511549167838785,-2.3052816384705466e-6,-2.0025819865866896e-7,8.472384552720134e-5,7.359901022752818e-6,11.511546862557147,0.0
2960.0,11.511555033954398,11.511557342057014,-2.308102615700136e-6,-2.0050311264570022e-7,8.471915159372074e-5,7.359488039959307e-6,11.511555033954398,0.0
2965.0,11.511563300617881,11.511565611537787,-2.310919905212927e-6,-2.0074770427478678e-7,8.471446328011855e-5,7.359075485044808e-6,11.511563300617881,0.0
2970.0,11.511571662332091,11.511573976065604,-2.31373351233799e-6,-2.00991974007245e-7,8.470976749123097e-5,7.358662220591163e-6,11.511571662332091,0.0
2975.0,11.511580118897715,11.511582435440548,-2.3165428331139992e-6,-2.012358693756647e-7,8.470506433836776e-5,7.358248256406927e-6,11.511580118897715,0.0
2980.0,11.511588670037858,11.511590989386455,-2.319348597623616e-6,-2.014794538012266e-7,8.470037393368088e-5,7.3578353398030445e-6,11.511588670037858,0.0
2985.0,11.511597315448544,11.51159963759941,-2.322150866262973e-6,-2.0172273253049345e-7,8.469568103037256e-5,7.357422146508817e-6,11.511597315448544,0.0
2990.0,11.511606054815395,11.511608379764601,-2.3249492056010013e-6,-2.019656679120336e-7,8.469099535944407e-5,7.357009522056842e-6,11.511606054815395,0.0
2995.0,11.511614887828083,11.511617215572098,-2.3277440153179896e-6,-2.0220829466587284e-7,8.468631208087425e-5,7.356597046207491e-6,11.511614887828083,0.0
3000.0,11.511623814180453,11.5116261447155,-2.3305350467239805e-6,-2.0245059118880686e-7,8.468163276148683e-5,7.356184855274092e-6,11.511623814180453,0.0
3005.0,11.511632833563251,11.511635166885693,-2.333322441927521e-6,-2.026925698259329e-7,8.467695758770225e-5,7.355772965657713e-6,11.511632833563251,0.0
3010.0,11.511641945672608,11.51164428177877,-2.336106161848761e-6,-2.029342271826772e-7,8.467228564617234e-5,7.355361298220527e-6,11.511641945672608,0.0
3015.0,11.511651159095935,11.511653497982163,-2.3388862278039824e-6,-2.0317556495411265e-7,8.466761800025123e-5,7.354949939857332e-6,11.511651159095935,0.0
3020.0,11.511660475505385,11.511662817168059,-2.341662673543965e-6,-2.034165860369645e-7,8.466295379784044e-5,7.35453881548948e-6,11.511660475505385,0.0
3025.0,11.51166989457045,11.511672239005932,-2.3444354830814973e-6,-2.036572890425971e-7,8.465829356558623e-5,7.354127971087483e-6,11.51166989457045,0.0
3030.0,11.511679415962321,11.511681763167001,-2.3472046795092183e-6,-2.038976759771939e-7,8.465363699700394e-5,7.3537173802478846e-6,11.511679415962321,0.0
3035.0,11.51168903935351,11.511691389323774,-2.349970264603485e-6,-2.0413774699524527e-7,8.464898420684168e-5,7.3533070531581635e-6,11.51168903935351,0.0
3040.0,11.511698764417734,11.511701117149977,-2.3527322436933673e-6,-2.0437750255988126e-7,8.464433516998999e-5,7.352896987855756e-6,11.511698764417734,0.0
3045.0,11.51170859083021,11.51171094632084,-2.3554906292133637e-6,-2.0461694375148257e-7,8.463968984957011e-5,7.352487181354719e-6,11.51170859083021,0.0
3050.0,11.511718518267346,11.511720876512769,-2.358245422939831e-6,-2.0485607072459723e-7,8.463504828240144e-5,7.352077637070303e-6,11.511718518267346,0.0
3055.0,11.511728546406959,11.511730907403596,-2.3609966373072666e-6,-2.0509488455964166e-7,8.463041042128754e-5,7.351668351118511e-6,11.511728546406959,0.0
3060.0,11.511738674928136,11.511741038672408,-2.363744272315671e-6,-2.05333385256891e-7,8.46257762875758e-5,7.351259325568741e-6,11.511738674928136,0.0
3065.0,11.511748903511293,11.511751269999637,-2.3664883439522555e-6,-2.0557157420541317e-7,8.46211458579476e-5,7.35085055860944e-6,11.511748903511293,0.0
3070.0,11.51175923183815,11.511761601067004,-2.369228853993377e-6,-2.058094515598263e-7,8.461651913137008e-5,7.350442050364084e-6,11.51175923183815,0.0
3075.0,11.511769659591723,11.511772031557525,-2.3719658024390355e-6,-2.0604701732045948e-7,8.461189610048363e-5,7.350033800405669e-6,11.511769659591723,0.0
3080.0,11.511780186456322,11.511782561155531,-2.3746992088291563e-6,-2.0628427318504605e-7,8.460727675778803e-5,7.349625808294098e-6,11.511780186456322,0.0
3085.0,11.511790812117544,11.51179318954662,-2.377429074940096e-6,-2.065212193082562e-7,8.460266109768721e-5,7.349218073753802e-6,11.511790812117544,0.0
3090.0,11.511801536262274,11.511803916417682,-2.3801554078772824e-6,-2.067578563077006e-7,8.459804910939918e-5,7.348810596057845e-6,11.511801536262274,0.0
3095.0,11.511812358578673,11.511814741456888,-2.3828782147461425e-6,-2.0699418480100633e-7,8.459344078865011e-5,7.34840337504377e-6,11.511812358578673,0.0
3100.0,11.511823278756175,11.511825664353676,-2.385597500875747e-6,-2.0723020525150945e-7,8.458883612763444e-5,7.347996410241459e-6,11.511823278756175,0.0
3105.0,11.511834296485477,11.511836684798753,-2.3883132769242366e-6,-2.0746591858548384e-7,8.458423512030304e-5,7.347589701332508e-6,11.511834296485477,0.0
3110.0,11.51184541145855,11.51184780248409,-2.391025539338898e-6,-2.0770132449476274e-7,8.457963776090861e-5,7.347183248023861e-6,11.51184541145855,0.0
3115.0,11.511856623368601,11.51185901710291,-2.393734309436013e-6,-2.0793642483149327e-7,8.457504403832611e-5,7.346777049554475e-6,11.511856623368601,0.0
3120.0,11.51186793191011,11.511870328349692,-2.3964395818865114e-6,-2.0817121913323422e-7,8.457045395044944e-5,7.3463711059458844e-6,11.51186793191011,0.0
3125.0,11.51187933677879,11.511881735920161,-2.3991413709012477e-6,-2.0840570863493486e-7,8.456586748909739e-5,7.345965416691058e-6,11.51187933677879,0.0
3130.0,11.511890837671597,11.511893239511279,-2.4018396818092924e-6,-2.0863989380002582e-7,8.45612846463718e-5,7.345559981306705e-6,11.511890837671597,0.0
3135.0,11.511902434286727,11.511904838821245,-2.4045345181633593e-6,-2.0887377493764726e-7,8.455670541652029e-5,7.345154799495084e-6,11.511902434286727,0.0
3140.0,11.511914126323603,11.511916533549492,-2.4072258888452325e-6,-2.0910735281987323e-7,8.45521297926797e-5,7.344749870861129e-6,11.511914126323603,0.0
3145.0,11.511925913482875,11.511928323396672,-2.4099137974076257e-6,-2.0934062775587464e-7,8.454755776778343e-5,7.3443451949912695e-6,11.511925913482875,0.0
3150.0,11.511937795466409,11.511940208064667,-2.4125982580613936e-6,-2.0957360098067196e-7,8.454298933502856e-5,7.343940771494004e-6,11.511937795466409,0.0
3155.0,11.511949771977294,11.511952187256563,-2.4152792690301794e-6,-2.0980627234054817e-7,8.453842448918658e-5,7.343536600113766e-6,11.511949771977294,0.0
3160.0,11.511961842719819,11.511964260676663,-2.417956844524838e-6,-2.1003864307055162e-7,8.453386322126411e-5,7.34313268026713e-6,11.511961842719819,0.0
3165.0,11.51197400739949,11.511976428030472,-2.420630982769012e-6,-2.102707130169957e-7,8.452930552685906e-5,7.34272901176867e-6,11.51197400739949,0.0
3170.0,11.511986265723003,11.511988689024697,-2.423301694420843e-6,-2.1050248310634593e-7,8.452475139868888e-5,7.342325594181931e-6,11.511986265723003,0.0
3175.0,11.511998617398254,11.51200104336724,-2.425968986585758e-6,-2.1073395395647072e-7,8.452020082973022e-5,7.341922427092163e-6,11.511998617398254,0.0
3180.0,11.512011062134327,11.512013490767195,-2.4286328681455416e-6,-2.109651263395566e-7,8.451565381392473e-5,7.3415195101676284e-6,11.512011062134327,0.0
3185.0,11.512023599641491,11.51202603093483,-2.4312933391001934e-6,-2.1119600025628065e-7,8.45111103456246e-5,7.341116843111445e-6,11.512023599641491,0.0
3190.0,11.5120362296312,11.51203866358161,-2.4339504101078546e-6,-2.1142657663316168e-7,8.450657041738464e-5,7.340714425469793e-6,11.5120362296312,0.0
3195.0,11.512048951816377,11.51205138842035,-2.436603972810758e-6,-2.1165684605834736e-7,8.450203982444773e-5,7.3403127608413235e-6,11.512048951816377,0.0
3200.0,11.512061765847236,11.512064205101623,-2.439254387809342e-6,-2.11886839857467e-7,8.449751445762651e-5,7.33991149250995e-6,11.512061765847236,0.0
3205.0,11.512074671428035,11.512077113329436,-2.4419014010845785e-6,-2.1211653596594232e-7,8.449299003372497e-5,7.33951024861133e-6,11.512074671428035,0.0
3210.0,11.512087668265423,11.51209011281044,-2.444545017965538e-6,-2.1234593484761643e-7,8.448847120382717e-5,7.339109433359399e-6,11.512087668265423,0.0
3215.0,11.512100756071169,11.512103203256476,-2.4471853077301375e-6,-2.125750425211974e-7,8.448395433392991e-5,7.3387087312778575e-6,11.512100756071169,0.0
3220.0,11.512113934554597,11.512116384376782,-2.4498221851132485e-6,-2.1280385158106343e-7,8.447944172045674e-5,7.338308342039984e-6,11.512113934554597,0.0
3225.0,11.512127203427864,11.512129655883605,-2.4524557407090697e-6,-2.130323698976175e-7,8.447493216223965e-5,7.337908161498276e-6,11.512127203427864,0.0
3230.0,11.512140562404067,11.512143017489993,-2.4550859265559666e-6,-2.1326059330561838e-7,8.447042609552537e-5,7.337508227738796e-6,11.512140562404067,0.0
3235.0,11.512154011196849,11.51215646890962,-2.4577127710756486e-6,-2.1348852427488809e-7,8.44659234962711e-5,7.337108538864109e-6,11.512154011196849,0.0
3240.0,11.512167549521724,11.512170009858,-2.4603362760444725e-6,-2.1371616296070047e-7,8.446142419177176e-5,7.336709080062054e-6,11.512167549521724,0.0
3245.0,11.512181177094664,11.51218364005111,-2.462956445015152e-6,-2.1394350967265871e-7,8.445692838236181e-5,7.336309868924097e-6,11.512181177094664,0.0
3250.0,11.512194893633195,11.512197359206489,-2.4655732939748987e-6,-2.14170565800487e-7,8.445243588556473e-5,7.335910889787927e-6,11.512194893633195,0.0
3255.0,11.512208698855689,11.512211167042508,-2.468186819370999e-6,-2.1439733103660082e-7,8.444794681787581e-5,7.335512152960702e-6,11.512208698855689,0.0
3260.0,11.512222592481724,11.51222506327875,-2.470797026532523e-6,-2.1462380584493946e-7,8.444346110179808e-5,7.335113651897722e-6,11.512222592481724,0.0
3265.0,11.512236574231942,11.512239047635868,-2.473403926117612e-6,-2.1484999115236038e-7,8.4438978763714e-5,7.334715389076991e-6,11.512236574231942,0.0
3270.0,11.512250643828054,11.512253119835577,-2.476007523455337e-6,-2.150758874228276e-7,8.443449979103222e-5,7.3343173635903445e-6,11.512250643828054,0.0
3275.0,11.51226480099289,11.512267279600714,-2.4786078238747677e-6,-2.1530149512031698e-7,8.443002417233391e-5,7.333919574630714e-6,11.51226480099289,0.0
3280.0,11.512279045450317,11.512281526655151,-2.481204834481332e-6,-2.1552681486311877e-7,8.442555190874626e-5,7.333522022480116e-6,11.512279045450317,0.0
3285.0,11.512293376925301,11.51229586072386,-2.4837985588277434e-6,-2.1575184696093242e-7,8.442108298754098e-5,7.33312470621628e-6,11.512293376925301,0.0
3290.0,11.512307795143863,11.512310281532868,-2.486389004019429e-6,-2.1597659203207206e-7,8.441661740916404e-5,7.332727626060586e-6,11.512307795143863,0.0
3295.0,11.512322299833096,11.512324788809273,-2.488976177161817e-6,-2.16201050694863e-7,8.441215516187592e-5,7.3323307811752035e-6,11.512322299833096,0.0
3300.0,11.512336890721144,11.51233938228123,-2.4915600853603337e-6,-2.1642522356764177e-7,8.440769624466802e-5,7.331934171653713e-6,11.512336890721144,0.0
3305.0,11.512351567537209,11.512354061677943,-2.4941407339440502e-6,-2.1664911111445596e-7,8.440324064751106e-5,7.33153779680541e-6,11.512351567537209,0.0
3310.0,11.512366330011544,11.512368826729666,-2.4967181229129665e-6,-2.1687271333646513e-7,8.439878836738234e-5,7.331141656547487e-6,11.512366330011544,0.0
3315.0,11.512381177875444,11.512383677167708,-2.4992922647015803e-6,-2.1709603131494062e-7,8.439433939693758e-5,7.33074575042104e-6,11.512381177875444,0.0
3320.0,11.512396110861244,11.51239861272441,-2.501863164638962e-6,-2.1731906551396425e-7,8.438989373177571e-5,7.330350078222116e-6,11.512396110861244,0.0
3325.0,11.512411128702324,11.51241363313315,-2.504430826277826e-6,-2.175418162433298e-7,8.438545136398045e-5,7.329954639440709e-6,11.512411128702324,0.0
3330.0,11.512426231133084,11.51242873812834,-2.5069952567235987e-6,-2.1776428412144133e-7,8.438101228966812e-5,7.3295594339164e-6,11.512426231133084,0.0
3335.0,11.512441417888967,11.512443927445426,-2.5095564595289943e-6,-2.1798646945811524e-7,8.437657650373598e-5,7.32916446138217e-6,11.512441417888967,0.0
3340.0,11.512456688706424,11.51245920082087,-2.5121144471285106e-6,-2.182083733346735e-7,8.437214399835862e-5,7.328769721333817e-6,11.512456688706424,0.0
3345.0,11.512472043322935,11.51247455799215,-2.514669214193077e-6,-2.1842999528946074e-7,8.436771476820633e-5,7.328375213483221e-6,11.512472043322935,0.0
3350.0,11.512487481476992,11.51248999869777,-2.517220778486262e-6,-2.1865133686671476e-7,8.436328880864463e-5,7.327980937601963e-6,11.512487481476992,0.0
3355.0,11.5125030029081,11.51250552267723,-2.5197691311262815e-6,-2.1887239729620733e-7,8.435886611184421e-5,7.3275868931834256e-6,11.5125030029081,0.0
3360.0,11.512518607356764,11.512521129671057,-2.5223142934294174e-6,-2.1909317843079103e-7,8.435444667366131e-5,7.327193080040443e-6,11.512518607356764,0.0
3365.0,11.512534291519389,11.512536816375643,-2.5248562547375286e-6,-2.19313679403973e-7,8.435003046358061e-5,7.32679949763245e-6,11.512534291519389,0.0
3370.0,11.512550050386517,11.512552577781534,-2.527395016826972e-6,-2.1953390046214117e-7,8.434561745505244e-5,7.3264061468484694e-6,11.512550050386517,0.0
3375.0,11.5125658837342,11.512568413664782,-2.5299305814741047e-6,-2.1975384176073003e-7,8.434120767090265e-5,7.326013029820408e-6,11.5125658837342,0.0
3380.0,11.51258179134058,11.512584323803537,-2.5324629575607105e-6,-2.1997350407234922e-7,8.433680109945506e-5,7.325620145681891e-6,11.51258179134058,0.0
3385.0,11.512597772984373,11.51260030797652,-2.5349921468631464e-6,-2.2019288755243368e-7,8.433239773850572e-5,7.325227494388915e-6,11.512597772984373,0.0
3390.0,11.512613828445232,11.512616365963353,-2.537518120959703e-6,-2.2041198973338555e-7,8.432799851791072e-5,7.324835156856741e-6,11.512613828445232,0.0
3395.0,11.51262995749421,11.51263249753516,-2.540040949128297e-6,-2.2063081663411264e-7,8.432360261857859e-5,7.324443062090054e-6,11.51262995749421,0.0
3400.0,11.512646159910599,11.512648702471207,-2.5425606082762897e-6,-2.2084936624995984e-7,8.431920968369562e-5,7.3240511792425664e-6,11.512646159910599,0.0
3405.0,11.512662435475415,11.512664980552515,-2.5450771001800376e-6,-2.2106763873642046e-7,8.431482012700695e-5,7.323659544398443e-6,11.512662435475415,0.0
3410.0,11.512678783970703,11.512681331561144,-2.5475904408267525e-6,-2.2128563548335995e-7,8.43104336168011e-5,7.323268128890032e-6,11.512678783970703,0.0
3415.0,11.512695205179037,11.512697755279664,-2.5501006266637205e-6,-2.2150335618340234e-7,8.430605036485821e-5,7.322876951257492e-6,11.512695205179037,0.0
3420.0,11.512711698883919,11.512714251491587,-2.552607668349083e-6,-2.2172080176354467e-7,8.430167024806585e-5,7.322486000951308e-6,11.512711698883919,0.0
3425.0,11.512728264869661,11.512730819981225,-2.5551115641064825e-6,-2.2193797207072443e-7,8.429729330721814e-5,7.32209528165846e-6,11.512728264869661,0.0
3430.0,11.512744902921312,11.512747460533639,-2.5576123263704176e-6,-2.2215486818625102e-7,8.429291953127205e-5,7.321704792562811e-6,11.512744902921312,0.0
3435.0,11.5127616128248,11.512764172934759,-2.5601099586936016e-6,-2.223714904199642e-7,8.428854890256913e-5,7.321314532273015e-6,11.5127616128248,0.0
3440.0,11.512778394366787,11.512780956971255,-2.562604468181462e-6,-2.2258783939030276e-7,8.42841814337826e-5,7.32092450203184e-6,11.512778394366787,0.0
3445.0,11.51279524733477,11.51279781243063,-2.565095860163069e-6,-2.2280391556141788e-7,8.427981710339276e-5,7.320534700111484e-6,11.51279524733477,0.0
3450.0,11.512812171517016,11.512814739101149,-2.5675841328620663e-6,-2.230197187802936e-7,8.427545591607037e-5,7.320145127058526e-6,11.512812171517016,0.0
3455.0,11.512829166702579,11.512831736771881,-2.570069302265665e-6,-2.232352504368625e-7,8.427109786014052e-5,7.319755781999225e-6,11.512829166702579,0.0
3460.0,11.512846232681305,11.512848805232672,-2.5725513665975086e-6,-2.2345051037812477e-7,8.426674293501006e-5,7.3193666650218605e-6,11.512846232681305,0.0
3465.0,11.512863369244837,11.512865944274836,-2.5750299990079384e-6,-2.2366547021541196e-7,8.42624109765517e-5,7.318979499196361e-6,11.512863369244837,0.0
3470.0,11.51288057596936,11.51288315347558,-2.5775062191257803e-6,-2.2388021851853177e-7,8.425809125374183e-5,7.318593352702043e-6,11.51288057596936,0.0
3475.0,11.51289785258991,11.512900432569394,-2.5799794833858414e-6,-2.24094708076078e-7,8.425376352440842e-5,7.318206467492884e-6,11.51289785258991,0.0
3480.0,11.512915198872658,11.512917781322136,-2.582449477372961e-6,-2.243089115800865e-7,8.424944724181482e-5,7.317820533418374e-6,11.512915198872658,0.0
3485.0,11.512932614588564,11.512935199505169,-2.584916604320142e-6,-2.2452286405678044e-7,8.424512822394464e-5,7.317434318793266e-6,11.512932614588564,0.0
3490.0,11.512950099501232,11.5129526868817,-2.587380468099809e-6,-2.2473653110091223e-7,8.424081490104621e-5,7.317048556016561e-6,11.512950099501232,0.0
3495.0,11.51296765337851,11.512970243219906,-2.5898413955616206e-6,-2.2494994110416222e-7,8.423650327713264e-5,7.316662898154953e-6,11.51296765337851,0.0
3500.0,11.512985275990165,11.51298786828934,-2.5922991753191127e-6,-2.251630757076743e-7,8.423219450855209e-5,7.316277445799806e-6,11.512985275990165,0.0
3505.0,11.513002967103535,11.513005561857474,-2.5947539388226915e-6,-2.2537594633101053e-7,8.42278889148721e-5,7.315892226862017e-6,11.513002967103535,0.0
3510.0,11.513020726490124,11.51302332369576,-2.5972056363343654e-6,-2.2558854865591415e-7,8.422358560977857e-5,7.315507164508953e-6,11.513020726490124,0.0
3515.0,11.51303855391961,11.51304115357389,-2.5996542802886324e-6,-2.2580088376439779e-7,8.421928550340385e-5,7.315122337945392e-6,11.51303855391961,0.0
3520.0,11.513056449164099,11.513059051263983,-2.6020998848963472e-6,-2.26012952892737e-7,8.421498787532864e-5,7.31473768474774e-6,11.513056449164099,0.0
3525.0,11.513074411995628,11.513077016538077,-2.604542448381153e-6,-2.2622475588861346e-7,8.421069318894253e-5,7.314353245315801e-6,11.513074411995628,0.0
3530.0,11.513092442187318,11.513095049169298,-2.606981979624834e-6,-2.2643629352545576e-7,8.420640119010264e-5,7.313968997725224e-6,11.513092442187318,0.0
3535.0,11.513110539513066,11.513113148931547,-2.609418480403747e-6,-2.266475659595386e-7,8.420211197327026e-5,7.313584950330155e-6,11.513110539513066,0.0
3540.0,11.513128703747405,11.513131315599363,-2.611851957823319e-6,-2.2685857381001813e-7,8.419782552297339e-5,7.3132011019357285e-6,11.513128703747405,0.0
3545.0,11.513146934665793,11.51314954894821,-2.614282417212621e-6,-2.2706931754176465e-7,8.419354180663489e-5,7.312817449860756e-6,11.513146934665793,0.0
3550.0,11.513165232044319,11.513167848754183,-2.6167098639007236e-6,-2.272797976196587e-7,8.418926086160565e-5,7.312433997497377e-6,11.513165232044319,0.0
3555.0,11.51318359565993,11.513186214794233,-2.619134303216697e-6,-2.2749001450858643e-7,8.418498264827528e-5,7.312050741552501e-6,11.51318359565993,0.0
3560.0,11.513202025290282,11.51320464684602,-2.621555738713255e-6,-2.276999685191538e-7,8.418070718588544e-5,7.311667683844277e-6,11.513202025290282,0.0
3565.0,11.513220520713803,11.51322314468798,-2.6239741774958247e-6,-2.2790966027055147e-7,8.417643445713826e-5,7.311284823016614e-6,11.513220520713803,0.0
3570.0,11.513239081709681,11.513241708099303,-2.6263896213407634e-6,-2.2811908991911184e-7,8.417216446421648e-5,7.310902159404925e-6,11.513239081709681,0.0
3575.0,11.51325770805784,11.513260336859918,-2.628802079129855e-6,-2.2832825823832838e-7,8.416789720319577e-5,7.310519692813683e-6,11.51325770805784,0.0
3580.0,11.513276399538968,11.513279030750523,-2.6312115544158132e-6,-2.285371655388362e-7,8.416363266901534e-5,7.3101374229481315e-6,11.513276399538968,0.0
3585.0,11.51329514131486,11.513297774932962,-2.6336181022657e-6,-2.2874581689607684e-7,8.415937082148081e-5,7.309755355743404e-6,11.51329514131486,0.0
3590.0,11.513313922688306,11.513316558710086,-2.6360217795229346e-6,-2.2895421745848093e-7,8.415511158505177e-5,7.3093734914336406e-6,11.513313922688306,0.0
3595.0,11.513332743476633,11.513335381899209,-2.6384225755293755e-6,-2.291623663030399e-7,8.415085498255352e-5,7.308991832120265e-6,11.513332743476633,0.0
3600.0,11.513351603497874,11.513354244318375,-2.640820500943164e-6,-2.2937026435819573e-7,8.414660100489978e-5,7.3086103771325095e-6,11.513351603497874,0.0
