t_seconds,increment_ρq_tot,increment_ρq_tag_tropo,increment_ρq_tag_strat,increment_ρq_tag_evap,increment_ρq_tag_evap_tropo,increment_ρq_tag_evap_strat,ledger_n10_q_tag_led_rescale,ledger_n10_q_tag_led_empty,ledger_n10_q_tag_led_repair,ledger_n10_q_tag_led_repairnet,ledger_n10_q_tag_inc_left,ledger_n10_q_tag_inc_moved,ledger_n10_q_tag_inc_negative,ledger_n10_q_tag_exp_negative,ledger_n10_q_tag_led_fix_tropo,ledger_n10_q_tag_led_fix_strat,ledger_n10_q_tag_led_fix_evap,ledger_n10_q_tag_led_fix_evap_tropo,ledger_n10_q_tag_led_fix_evap_strat,ledger_n10_q_tag_led_inc_tropo,ledger_n10_q_tag_led_inc_strat,ledger_n10_q_tag_led_inc_evap,ledger_n10_q_tag_led_inc_evap_tropo,ledger_n10_q_tag_led_inc_evap_strat,error_n1_ρq_tot,error_n1_ρq_tag_tropo,error_n1_ρq_tag_strat,error_n1_ρq_tag_evap,error_n1_ρq_tag_evap_tropo,error_n1_ρq_tag_evap_strat,ledger_n1_q_tag_led_rescale,ledger_n1_q_tag_led_empty,ledger_n1_q_tag_led_repair,ledger_n1_q_tag_led_repairnet,ledger_n1_q_tag_inc_left,ledger_n1_q_tag_inc_moved,ledger_n1_q_tag_inc_negative,ledger_n1_q_tag_exp_negative,ledger_n1_q_tag_led_fix_tropo,ledger_n1_q_tag_led_fix_strat,ledger_n1_q_tag_led_fix_evap,ledger_n1_q_tag_led_fix_evap_tropo,ledger_n1_q_tag_led_fix_evap_strat,ledger_n1_q_tag_led_inc_tropo,ledger_n1_q_tag_led_inc_strat,ledger_n1_q_tag_led_inc_evap,ledger_n1_q_tag_led_inc_evap_tropo,ledger_n1_q_tag_led_inc_evap_strat,error_n2_ρq_tot,error_n2_ρq_tag_tropo,error_n2_ρq_tag_strat,error_n2_ρq_tag_evap,error_n2_ρq_tag_evap_tropo,error_n2_ρq_tag_evap_strat,ledger_n2_q_tag_led_rescale,ledger_n2_q_tag_led_empty,ledger_n2_q_tag_led_repair,ledger_n2_q_tag_led_repairnet,ledger_n2_q_tag_inc_left,ledger_n2_q_tag_inc_moved,ledger_n2_q_tag_inc_negative,ledger_n2_q_tag_exp_negative,ledger_n2_q_tag_led_fix_tropo,ledger_n2_q_tag_led_fix_strat,ledger_n2_q_tag_led_fix_evap,ledger_n2_q_tag_led_fix_evap_tropo,ledger_n2_q_tag_led_fix_evap_strat,ledger_n2_q_tag_led_inc_tropo,ledger_n2_q_tag_led_inc_strat,ledger_n2_q_tag_led_inc_evap,ledger_n2_q_tag_led_inc_evap_tropo,ledger_n2_q_tag_led_inc_evap_strat,error_n3_ρq_tot,error_n3_ρq_tag_tropo,error_n3_ρq_tag_strat,error_n3_ρq_tag_evap,error_n3_ρq_tag_evap_tropo,error_n3_ρq_tag_evap_strat,ledger_n3_q_tag_led_rescale,ledger_n3_q_tag_led_empty,ledger_n3_q_tag_led_repair,ledger_n3_q_tag_led_repairnet,ledger_n3_q_tag_inc_left,ledger_n3_q_tag_inc_moved,ledger_n3_q_tag_inc_negative,ledger_n3_q_tag_exp_negative,ledger_n3_q_tag_led_fix_tropo,ledger_n3_q_tag_led_fix_strat,ledger_n3_q_tag_led_fix_evap,ledger_n3_q_tag_led_fix_evap_tropo,ledger_n3_q_tag_led_fix_evap_strat,ledger_n3_q_tag_led_inc_tropo,ledger_n3_q_tag_led_inc_strat,ledger_n3_q_tag_led_inc_evap,ledger_n3_q_tag_led_inc_evap_tropo,ledger_n3_q_tag_led_inc_evap_strat,error_n4_ρq_tot,error_n4_ρq_tag_tropo,error_n4_ρq_tag_strat,error_n4_ρq_tag_evap,error_n4_ρq_tag_evap_tropo,error_n4_ρq_tag_evap_strat,ledger_n4_q_tag_led_rescale,ledger_n4_q_tag_led_empty,ledger_n4_q_tag_led_repair,ledger_n4_q_tag_led_repairnet,ledger_n4_q_tag_inc_left,ledger_n4_q_tag_inc_moved,ledger_n4_q_tag_inc_negative,ledger_n4_q_tag_exp_negative,ledger_n4_q_tag_led_fix_tropo,ledger_n4_q_tag_led_fix_strat,ledger_n4_q_tag_led_fix_evap,ledger_n4_q_tag_led_fix_evap_tropo,ledger_n4_q_tag_led_fix_evap_strat,ledger_n4_q_tag_led_inc_tropo,ledger_n4_q_tag_led_inc_strat,ledger_n4_q_tag_led_inc_evap,ledger_n4_q_tag_led_inc_evap_tropo,ledger_n4_q_tag_led_inc_evap_strat
120.0,0.0006942253698247586,0.0004685559717191649,0.00024060762600209304,0.00017850269831693396,0.00017850262820353743,7.011339661293248e-11,0.0,0.0,0.0,0.0,8.002208991727028e-18,0.00048625598771220553,0.0,0.0,0.0,0.0,0.0,0.0,0.0,0.0002781401816935069,0.0002267358991363185,2.335760222235688e-15,2.335759304781306e-15,9.174543824740937e-22,4.907478811650226e-6,2.5113810979572393e-6,3.288635776117998e-6,2.303157761083136e-10,2.303156855777977e-10,9.046485853461242e-17,0.0,0.0,0.0,0.0,3.10532877454187e-17,0.0004863482710708007,0.0,0.0,0.0,0.0,0.0,0.0,0.0,0.00027836131650766266,0.0002268631933349982,4.196872977862022e-16,4.196871329388232e-16,1.6484737900627237e-22,3.263667210920071e-8,1.815354852557796e-8,1.668204496789865e-8,2.904829603024593e-12,2.904828468872059e-12,1.1409770022302924e-18,0.0,0.0,0.0,0.0,1.2417776751489256e-17,0.0004862665935261636,0.0,0.0,0.0,0.0,0.0,0.0,0.0,0.00027813904305194883,0.00022674348343356337,2.36484617330603e-15,2.3648452444270872e-15,9.288789426767544e-22,4.693736700093348e-9,4.439673188464822e-9,3.0235672336051145e-10,5.250283954940206e-13,5.250281784194681e-13,2.062239243058213e-19,0.0,0.0,0.0,0.0,9.456418542165749e-18,0.00048625595215484195,0.0,0.0,0.0,0.0,0.0,0.0,0.0,0.00027814019084125856,0.0002267358552298192,2.335750133786498e-15,2.3357492163360798e-15,9.174504198704695e-22,2.0752740190373153e-9,2.0509977063644e-9,2.4938897903925754e-11,5.238365049986297e-13,5.23836261051926e-13,2.0575574886781563e-19,0.0,0.0,0.0,0.0,4.377782142420131e-18,0.0004862559893898555,0.0,0.0,0.0,0.0,0.0,0.0,0.0,0.00027814018086136713,0.0002267359004055503,2.335760272927858e-15,2.335759355473456e-15,9.174544023852783e-22
240.0,0.00039503031694276824,0.00028554504943078103,0.00013438903739977732,0.0001784997905448988,0.00017849972043264435,7.011225448020347e-11,0.0,0.0,0.0,0.0,2.3902967062933926e-17,0.00012213962474771068,0.0,0.0,0.0,0.0,0.0,0.0,0.0,7.582072516252548e-5,5.643714888031728e-5,9.412869554582752e-8,9.412865857337485e-8,3.697245266144239e-14,5.973977897524938e-6,5.8382414840674e-6,1.1485037631371404e-6,4.7062718717850006e-8,4.706270023231121e-8,1.8485586460379712e-14,0.0,0.0,0.0,0.0,1.7173660321961296e-17,0.00012218473697342134,0.0,0.0,0.0,0.0,0.0,0.0,0.0,7.583779179021396e-5,5.647030556164526e-5,9.480154263723327e-8,9.480150540049557e-8,3.723673771385e-14,3.4841832137694553e-7,3.2690322535897346e-7,4.519708121707613e-8,2.84268674333457e-9,2.8426856268680684e-9,1.1165681245025047e-15,0.0,0.0,0.0,0.0,2.1778149841191484e-17,0.00012214176202816595,0.0,0.0,0.0,0.0,0.0,0.0,0.0,7.582131957844376e-5,5.6438159960375536e-5,9.24664661481587e-8,9.24664298286068e-8,3.631955189232627e-14,2.6680508896387983e-8,2.4682572844265783e-8,3.644698294023819e-9,3.3237517161186584e-10,3.323750410517268e-10,1.3055238072563948e-16,0.0,0.0,0.0,0.0,2.942481690360914e-17,0.0001221395182193598,0.0,0.0,0.0,0.0,0.0,0.0,0.0,7.5820679335105e-5,5.643710716097127e-5,9.393142422295363e-8,9.393138732798645e-8,3.689496720810512e-14,2.386262675738854e-9,2.1816625086150646e-9,3.056039689562589e-10,3.984183312071198e-11,3.9841817554834656e-11,1.5649322291306664e-17,0.0,0.0,0.0,0.0,2.0579131299406265e-17,0.00012213963040425468,0.0,0.0,0.0,0.0,0.0,0.0,0.0,7.582072459962824e-5,5.643715248599141e-5,9.410880011625122e-8,9.410876315161325e-8,3.696463801125604e-14
360.0,0.0004736136110057754,0.0003614528544035045,0.0001593214503319173,0.00017840836015224382,0.0001784082900759021,7.007634188368178e-11,0.0,0.0,0.0,0.0,1.448145189342096e-17,3.74668595179074e-5,0.0,0.0,0.0,0.0,0.0,0.0,0.0,2.445568144898949e-5,1.5518236648032773e-5,9.315154539114264e-8,9.315150880250112e-8,3.6588641565073635e-14,4.637668861770267e-6,4.633639123991793e-6,1.762274208116688e-7,5.530137914118587e-6,5.530135741956781e-6,2.1721618583512253e-12,0.0,0.0,0.0,0.0,4.944563160113612e-15,3.799853197842461e-5,0.0,0.0,0.0,0.0,0.0,0.0,0.0,2.4984859320745942e-5,1.5512677103049874e-5,1.9565077445568878e-7,1.956506976067645e-7,7.68489242817107e-14,6.634959300011976e-7,6.609104934575441e-7,1.2629362466130851e-8,1.2546820421059904e-7,1.2546815492848866e-7,4.928217918874544e-14,0.0,0.0,0.0,0.0,1.268968261604339e-15,3.74717486417265e-5,0.0,0.0,0.0,0.0,0.0,0.0,0.0,2.4460429058319428e-5,1.5518169005400054e-5,9.322207277851461e-8,9.322203616217089e-8,3.661634374957565e-14,8.268530875309502e-8,8.223064697777063e-8,1.1622787016514721e-9,1.2089911025828608e-8,1.2089906277128063e-8,4.748750213645567e-15,0.0,0.0,0.0,0.0,9.806130013043478e-17,3.746614363978303e-5,0.0,0.0,0.0,0.0,0.0,0.0,0.0,2.445498423033249e-5,1.5518229940171338e-5,9.313799152587513e-8,9.313795494255734e-8,3.658331779383597e-14,1.3692017720133565e-8,1.3633931424530037e-8,1.072054985814844e-10,1.8182111395733437e-9,1.818210425220767e-9,7.141682447888348e-16,0.0,0.0,0.0,0.0,1.6664248914471932e-17,3.746568417607726e-5,0.0,0.0,0.0,0.0,0.0,0.0,0.0,2.445450669502508e-5,1.5518232847806926e-5,9.313164171677087e-8,9.313160513594724e-8,3.658082367644538e-14
480.0,0.00051716349868162,0.0004195837679986578,0.00016900935552835954,0.0001775945353360975,0.000177594465579415,6.97566827264482e-11,0.0,0.0,0.0,0.0,3.2047299496280416e-17,1.756885498416694e-5,0.0,0.0,0.0,0.0,0.0,0.0,0.0,1.3208144272796282e-5,7.605194859248786e-6,1.274220028530472e-7,1.274219528034429e-7,5.004960433364146e-14,4.469513185658899e-6,4.404477336939173e-6,1.0243529778205935e-7,1.3807160175343665e-5,1.380715475208176e-5,5.423261982030807e-12,0.0,0.0,0.0,0.0,1.5104224486965342e-13,2.4693453173277467e-5,0.0,0.0,0.0,0.0,0.0,0.0,0.0,2.0403322830675154e-5,7.5854428446287215e-6,3.7593981826506434e-7,3.759396706010916e-7,1.4766397275301963e-13,4.754622440882733e-7,4.7381170723562104e-7,2.2424439716252842e-9,9.669697064814434e-7,9.669693266688421e-7,3.7981235680173025e-13,0.0,0.0,0.0,0.0,7.587020840184717e-15,1.771644840652875e-5,0.0,0.0,0.0,0.0,0.0,0.0,0.0,1.3355772377579123e-5,7.6051827439883335e-6,1.1982235871933715e-7,1.1982231165476818e-7,4.7064568990826085e-14,1.1117269356443124e-7,1.1095558424357714e-7,2.970208387038025e-10,8.4110121717797e-8,8.411008868080477e-8,3.3037295115323315e-14,0.0,0.0,0.0,0.0,9.840958726509782e-16,1.7552922954599666e-5,0.0,0.0,0.0,0.0,0.0,0.0,0.0,1.3192222115135571e-5,7.605165393275389e-6,1.2371711522233603e-7,1.2371706662796055e-7,4.859437559868316e-14,4.5953603511426216e-8,4.59217403655965e-8,3.438445314405541e-11,3.808035080994566e-9,3.808033585403719e-9,1.4957436299719728e-15,0.0,0.0,0.0,0.0,1.263472337302526e-16,1.756188706874023e-5,0.0,0.0,0.0,0.0,0.0,0.0,0.0,1.320117775479338e-5,7.6051832674606055e-6,1.2580998540396096e-7,1.2580993598753495e-7,4.941642612501812e-14
600.0,0.0005725808178382247,0.00048001948214299695,0.0001636773058106839,0.0002729696447769041,0.00027296953755819443,1.0721870956568466e-10,0.0,0.0,0.0,0.0,3.674955862483323e-17,1.5917935844995665e-5,0.0,0.0,0.0,0.0,0.0,0.0,0.0,1.4215452239316523e-5,4.967675288532126e-6,5.5234889694808215e-8,5.5234867999305806e-8,2.1695502446509927e-14,6.422096181072073e-6,6.396997726301986e-6,1.0676625044131138e-7,4.495069727546066e-5,4.495067961944723e-5,1.765601358309137e-11,0.0,0.0,0.0,0.0,7.945387401063228e-13,3.822460185258667e-5,0.0,0.0,0.0,0.0,0.0,0.0,0.0,3.658409053614142e-5,4.951753560096661e-6,6.571698266667706e-7,6.571695685395315e-7,2.5812723915988144e-13,3.679286548264639e-7,3.6708885098473377e-7,2.8511487615734343e-9,6.3917630852406245e-6,6.391760574644424e-6,2.510596335388038e-12,0.0,0.0,0.0,0.0,8.048833003534548e-14,1.6561304580887773e-5,0.0,0.0,0.0,0.0,0.0,0.0,0.0,1.4858729256875216e-5,4.967716937796373e-6,6.117800233948182e-8,6.117797830960677e-8,2.402987508009049e-14,1.3422347068048693e-7,1.3401204980986042e-7,3.3363755645814743e-10,1.2922059159995722e-6,1.2922054084391184e-6,5.075606517342054e-13,0.0,0.0,0.0,0.0,7.814379793927559e-15,1.619049135481164e-5,0.0,0.0,0.0,0.0,0.0,0.0,0.0,1.4488017717388667e-5,4.9676635515161585e-6,5.614058365482982e-8,5.614056160358331e-8,2.2051246535689968e-14,5.2322289465899646e-8,5.229946534376413e-8,3.7303676708443326e-11,2.526394716661508e-7,2.526393724329444e-7,9.92332981183174e-14,0.0,0.0,0.0,0.0,8.115451782616851e-16,1.6053468930756835e-5,0.0,0.0,0.0,0.0,0.0,0.0,0.0,1.435098511093838e-5,4.967671698761979e-6,5.5785187484227345e-8,5.5785165572575574e-8,2.191165182424235e-14
720.0,0.0006071054397993117,0.0005150387028410896,0.00015624904047738467,0.0002403902670530998,0.00024039017263112017,9.442197958182794e-11,0.0,0.0,0.0,0.0,2.7866723695083555e-17,2.0381636958751748e-5,0.0,0.0,0.0,0.0,0.0,0.0,0.0,1.893945065148342e-5,5.020715695584795e-6,7.350081999246434e-8,7.350079112235653e-8,2.887010780283831e-14,9.801995779215415e-6,9.790207272371717e-6,9.114900241767626e-8,0.0001251473176758494,0.0001251472685197101,4.9156139386040166e-11,0.0,0.0,0.0,0.0,2.6172820938730235e-12,6.157790833493962e-5,0.0,0.0,0.0,0.0,0.0,0.0,0.0,6.016177835049007e-5,5.002076670185992e-6,5.322813405159486e-7,5.322811314431835e-7,2.0907276522507122e-13,3.150695148347246e-7,3.141629601290521e-7,2.9791519870145285e-9,1.7869526292759855e-5,1.7869519273856222e-5,7.01890333346645e-12,0.0,0.0,0.0,0.0,4.375050697884569e-14,2.0693684300374252e-5,0.0,0.0,0.0,0.0,0.0,0.0,0.0,1.9251498290247344e-5,5.020729561633879e-6,7.612014769243093e-8,7.612011779348739e-8,2.989894357741537e-14,1.0418816513181606e-7,1.0398488247239562e-7,3.394200685375341e-10,3.0032142329567977e-6,3.003213053335652e-6,1.179621107211764e-12,0.0,0.0,0.0,0.0,8.168955971333214e-15,2.0601979854666414e-5,0.0,0.0,0.0,0.0,0.0,0.0,0.0,1.915981522275424e-5,5.02071349902656e-6,7.558917788168457e-8,7.55891481912986e-8,2.9690385962985054e-14,3.843224916305968e-8,3.840895114196821e-8,3.556269180400401e-11,4.5877018409834307e-7,4.5877000389978964e-7,1.8019859741718425e-13,0.0,0.0,0.0,0.0,7.840590884943045e-16,2.0480487996351455e-5,0.0,0.0,0.0,0.0,0.0,0.0,0.0,1.9038307103520057e-5,5.02071572108268e-6,7.448096560052558e-8,7.448093634543008e-8,2.9255095471956944e-14
840.0,0.0006523885136157908,0.0005606829982130525,0.0001492947964664872,0.0003892035088849012,0.00038920335601113373,1.5287376739337109e-10,0.0,0.0,0.0,0.0,5.159851369420333e-18,2.277031449881793e-5,0.0,0.0,0.0,0.0,0.0,0.0,0.0,2.153409428151133e-5,5.050147348564881e-6,8.533127009811538e-8,8.533123658117e-8,3.351694534752504e-14,1.2658665595580848e-5,1.2652666269989416e-5,8.193260484410122e-8,0.0001432214393164887,0.0001432213830610834,5.625540494879672e-11,0.0,0.0,0.0,0.0,2.8593106207297595e-12,8.734280789120187e-5,0.0,0.0,0.0,0.0,0.0,0.0,0.0,8.612664573141251e-5,5.034882537656167e-6,7.013997610978904e-7,7.013994855977432e-7,2.755001470440357e-13,2.482660851278913e-7,2.4754975620991994e-7,3.482688917586413e-9,2.806944190555918e-5,2.8069430880269857e-5,1.1025289430268585e-11,0.0,0.0,0.0,0.0,1.261057472542305e-14,2.30429006785252e-5,0.0,0.0,0.0,0.0,0.0,0.0,0.0,2.1806629708756223e-5,5.0501595971208015e-6,9.080894681187406e-8,9.080891114337292e-8,3.5668501170324346e-14,9.029706421297135e-8,9.015221390030884e-8,4.65592823795493e-10,4.078136473423682e-6,4.078134871587952e-6,1.6018357296488983e-12,0.0,0.0,0.0,0.0,5.7014948225216674e-15,2.2971896161188146e-5,0.0,0.0,0.0,0.0,0.0,0.0,0.0,2.1735691903281398e-5,5.050147678101825e-6,8.71894110349137e-8,8.718937678811625e-8,3.424679746568827e-14,3.3380476221252925e-8,3.336584840434269e-8,6.266896937799276e-11,6.535899325393989e-7,6.535896758181776e-7,2.567211061481052e-13,0.0,0.0,0.0,0.0,7.761140169985549e-16,2.2840140062624308e-5,0.0,0.0,0.0,0.0,0.0,0.0,0.0,2.1603923492408934e-5,5.050148074532098e-6,8.593133573078235e-8,8.59313019781395e-8,3.375264284730328e-14
960.0,0.0006998972176823505,0.0006087106160629446,0.00014371985220806063,0.00043384168382521,0.00043384151341818364,1.7040702651593324e-10,0.0,0.0,0.0,0.0,2.0450203154999818e-17,2.4438410769071696e-5,0.0,0.0,0.0,0.0,0.0,0.0,0.0,2.3307597768434346e-5,5.044276649502483e-6,8.551115245224788e-8,8.551111886464724e-8,3.358760065390346e-14,1.4025370757305908e-5,1.4037921610975692e-5,1.0053506986432775e-7,0.0001694274578503729,0.00016942739130160553,6.654876739337891e-11,0.0,0.0,0.0,0.0,3.207276954216065e-12,0.00011152281544232729,0.0,0.0,0.0,0.0,0.0,0.0,0.0,0.00011040401342958653,5.033074759275829e-6,8.429486933489612e-7,8.429483622503468e-7,3.3109861429765323e-13,3.3552566843994547e-7,3.341742986601446e-7,8.218005989059386e-9,3.6919393754039604e-5,3.691937925261117e-5,1.4501428389558589e-11,0.0,0.0,0.0,0.0,4.213474190814744e-14,2.4079120049278892e-5,0.0,0.0,0.0,0.0,0.0,0.0,0.0,2.2948293317111127e-5,5.044293911247844e-6,8.895680621713444e-8,8.895677127612852e-8,3.4941005903718784e-14,9.52460189169134e-8,9.533050112154859e-8,1.3845779578689948e-9,5.207009691114285e-6,5.207007645872273e-6,2.045241551431483e-12,0.0,0.0,0.0,0.0,2.5480863694944445e-15,2.458981652451187e-5,0.0,0.0,0.0,0.0,0.0,0.0,0.0,2.345901347007266e-5,5.0442834387158856e-6,8.641197933482717e-8,8.64119453933941e-8,3.394143302222838e-14,3.491042466999966e-8,3.490555346399438e-8,2.5559003961391026e-10,9.537103790630285e-7,9.537100044586996e-7,3.746042759666488e-13,0.0,0.0,0.0,0.0,4.786697328622301e-17,2.4488298557079944e-5,0.0,0.0,0.0,0.0,0.0,0.0,0.0,2.3357487301311987e-5,5.0442793599808586e-6,8.581258022678296e-8,8.58125465207857e-8,3.370599732412417e-14
1080.0,0.0006900354735279494,0.0005996498925209783,0.00014052669819745878,0.00045786312742926303,0.0004578629475869453,1.79842318074584e-10,0.0,0.0,0.0,0.0,6.449022560264162e-18,2.3614262214921273e-5,0.0,0.0,0.0,0.0,0.0,0.0,0.0,2.2564398719920808e-5,5.0288253432289074e-6,7.594497391140411e-8,7.594494408126633e-8,2.983013773357588e-14,1.4428111099269465e-5,1.4516929427992688e-5,2.5838482149045884e-7,0.00015799988019090863,0.00015799981813073658,6.206017258603033e-11,0.0,0.0,0.0,0.0,4.243588574484495e-12,0.00012225615791534048,0.0,0.0,0.0,0.0,0.0,0.0,0.0,0.00012120806812613488,5.027696549369923e-6,8.353036667662172e-7,8.353033386704644e-7,3.2809575335512247e-13,4.616682076786366e-7,4.5717671742821637e-7,3.704586096223979e-8,3.011795168283838e-5,3.0117939852922576e-5,1.1829915801937544e-11,0.0,0.0,0.0,0.0,6.183712019052901e-14,2.4110673859600252e-5,0.0,0.0,0.0,0.0,0.0,0.0,0.0,2.306077581685669e-5,5.028882973465248e-6,7.934425957372134e-8,7.934422840839114e-8,3.116533023256846e-14,1.5044052583236892e-7,1.5201678751145893e-7,6.610839057579987e-9,7.0160516352637555e-6,7.0160488794554795e-6,2.7558082628345198e-12,0.0,0.0,0.0,0.0,3.930247283737722e-15,2.3798306902233192e-5,0.0,0.0,0.0,0.0,0.0,0.0,0.0,2.2748422501432152e-5,5.028864920716382e-6,7.653596928227342e-8,7.653593922000088e-8,3.006227255968701e-14,5.6496653513468664e-8,5.660293093980318e-8,1.2047450927122374e-9,1.2556183980697908e-6,1.255617904880069e-6,4.931895795886076e-13,0.0,0.0,0.0,0.0,4.614550781480141e-17,2.367413768212877e-5,0.0,0.0,0.0,0.0,0.0,0.0,0.0,2.262426684868887e-5,5.0288388365844645e-6,7.61531687551164e-8,7.615313884320259e-8,2.9911913795157023e-14
1200.0,0.0007168640938978637,0.0006320112765760515,0.00014403147477742671,0.0004730923034547259,0.00047309211763059796,1.8582412825913143e-10,0.0,0.0,0.0,0.0,2.179795589952524e-17,2.3725458581721764e-5,0.0,0.0,0.0,0.0,0.0,0.0,0.0,2.2736491734726076e-5,5.014500614988118e-6,7.610730646303013e-8,7.610727656913039e-8,2.989389971971199e-14,1.4076392473310814e-5,1.4511261139397325e-5,8.431337846701695e-7,0.00014888462046165434,0.0001488845619818294,5.84798243523445e-11,0.0,0.0,0.0,0.0,5.718798804870507e-12,0.00011558100856073303,0.0,0.0,0.0,0.0,0.0,0.0,0.0,0.00011457362690705019,5.049497350508097e-6,8.729725036942979e-7,8.729721608027454e-7,3.4289155268134347e-13,4.005648590230636e-7,4.4178063153565717e-7,1.3524658771023414e-7,2.4129174950783446e-5,2.412916547317644e-5,9.47760694498488e-12,0.0,0.0,0.0,0.0,7.741081017300026e-14,2.3817673064022426e-5,0.0,0.0,0.0,0.0,0.0,0.0,0.0,2.282875258951907e-5,5.014737365154595e-6,8.280198819545337e-8,8.280195567197507e-8,3.25234783195231e-14,1.4068732634474682e-7,1.4608740207467822e-7,2.1654071538647484e-8,6.067335719853899e-6,6.06733333668837e-6,2.383165743268602e-12,0.0,0.0,0.0,0.0,5.035791527138384e-15,2.3890887206193166e-5,0.0,0.0,0.0,0.0,0.0,0.0,0.0,2.2901799747171238e-5,5.014628167081094e-6,7.76190870541915e-8,7.761905656648525e-8,3.0487706273782306e-14,5.692386905245539e-8,5.6645458071855766e-8,2.9769474172059496e-9,1.0540963865672825e-6,1.0540959725324102e-6,4.1403451441610834e-13,0.0,0.0,0.0,0.0,1.1181714851062606e-16,2.3780780785364703e-5,0.0,0.0,0.0,0.0,0.0,0.0,0.0,2.279177146312004e-5,5.014545048413628e-6,7.649873801630037e-8,7.649870796865174e-8,3.004764863219357e-14
1320.0,0.0006887445016173551,0.0006233355216645449,0.00016251182060979523,0.0004639619265629031,0.0004639617443250618,1.8223784221260195e-10,0.0,0.0,0.0,0.0,2.0837705760076305e-17,2.100302620600264e-5,0.0,0.0,0.0,0.0,0.0,0.0,0.0,2.0482021078015135e-5,5.8616011535417955e-6,9.345846930750023e-8,9.345843259830324e-8,3.670919704395697e-14,1.1727158784788274e-5,1.2803979463028376e-5,1.9697505369045036e-6,0.00011426821708324962,0.00011426817220027074,4.488297880173e-11,0.0,0.0,0.0,0.0,7.763245049816306e-12,0.00010000480306040997,0.0,0.0,0.0,0.0,0.0,0.0,0.0,9.964801718193683e-5,5.903779687093601e-6,7.054406554178566e-7,7.054403783305019e-7,2.770873545697375e-13,3.0865813146130003e-7,4.616089502240713e-7,2.3132022906116472e-7,2.2212274301276083e-5,2.2212265576601177e-5,8.724674822536643e-12,0.0,0.0,0.0,0.0,1.1788315064166166e-13,2.0428902130524683e-5,0.0,0.0,0.0,0.0,0.0,0.0,0.0,1.9908915808987693e-5,5.8605371882057865e-6,9.928393080325745e-8,9.928389180589954e-8,3.8997357929795217e-14,9.348450862511556e-8,1.059322319080111e-7,2.8923368598695836e-8,2.3754698991582805e-6,2.3754689661064956e-6,9.330517955873483e-13,0.0,0.0,0.0,0.0,7.860341584732852e-15,2.1111192361922535e-5,0.0,0.0,0.0,0.0,0.0,0.0,0.0,2.058997288272777e-5,5.861813210333524e-6,9.379116421002163e-8,9.379112737014667e-8,3.683987501057328e-14,3.2669146071955674e-8,3.2695594997305976e-8,3.0612794012189133e-9,3.5297605723665737e-7,3.529759185921658e-7,1.3864412431416348e-13,0.0,0.0,0.0,0.0,1.268844751760145e-16,2.1038564549983782e-5,0.0,0.0,0.0,0.0,0.0,0.0,0.0,2.0517481100219305e-5,5.861678707844237e-6,9.348042929306932e-8,9.348039257524674e-8,3.6717822623247e-14
1440.0,0.0005925799699685349,0.0005545508861685427,0.00019836303421838215,0.00036163958185770554,0.0003616394398106684,1.420470372313635e-10,0.0,0.0,0.0,0.0,3.580797793241902e-18,1.8137234612259232e-5,0.0,0.0,0.0,0.0,0.0,0.0,0.0,1.7657622094736087e-5,6.020998577324583e-6,8.472262996116677e-8,8.472259668328696e-8,3.32778799007907e-14,5.234536584955082e-6,7.129713301882056e-6,2.9795637905188284e-6,7.841551416557622e-5,7.841548336504439e-5,3.080053185266881e-11,0.0,0.0,0.0,0.0,1.0832193923329016e-11,6.318873990841537e-5,0.0,0.0,0.0,0.0,0.0,0.0,0.0,6.271635235865842e-5,6.056877640352288e-6,4.520267213156221e-7,4.520265437657641e-7,1.7754985829387368e-13,2.645322672552644e-7,4.500356032454477e-7,2.8711100923353767e-7,5.459339959556577e-6,5.459337815203055e-6,2.144353398790552e-12,0.0,0.0,0.0,0.0,1.6696454403659145e-13,1.8254508270705883e-5,0.0,0.0,0.0,0.0,0.0,0.0,0.0,1.7776456932243362e-5,6.021027827063489e-6,9.325669679057858e-8,9.325666016063506e-8,3.662994358371293e-14,7.847340659098215e-8,8.248906539440743e-8,2.2073003345936057e-8,8.046836618596466e-7,8.046833457906128e-7,3.1606863797499424e-13,0.0,0.0,0.0,0.0,9.790501259819062e-15,1.8173970756743613e-5,0.0,0.0,0.0,0.0,0.0,0.0,0.0,1.770578972039274e-5,6.021034483045526e-6,8.457104803178519e-8,8.457101481344464e-8,3.3218340610716705e-14,2.677838412817879e-8,2.6659114297691566e-8,1.2471958416247118e-9,1.376036545537152e-7,1.3760360050468634e-7,5.404881661780166e-14,0.0,0.0,0.0,0.0,1.8301559014454643e-16,1.814552865289156e-5,0.0,0.0,0.0,0.0,0.0,0.0,0.0,1.767036277160634e-5,6.021009200169384e-6,8.45308296822183e-8,8.453079647967498e-8,3.320254339800849e-14
1560.0,0.0005138581238221967,0.0005511819249629239,0.0003176039324107507,0.00030608607628187763,0.00030608595605549106,1.2022638686359675e-10,0.0,0.0,0.0,0.0,6.2784207809346126e-18,1.777611499547373e-5,0.0,0.0,0.0,0.0,0.0,0.0,0.0,1.682494542256414e-5,6.384857329770981e-6,9.071035437173788e-8,9.071031874196255e-8,3.562977542038623e-14,4.021187312128801e-6,9.204961801148895e-6,8.781748912217019e-6,6.876771433002307e-5,6.876768731901381e-5,2.7011009214129912e-11,0.0,0.0,0.0,0.0,1.5436104310786316e-11,5.3801794153110645e-5,0.0,0.0,0.0,0.0,0.0,0.0,0.0,5.2751074895581026e-5,6.412359971144603e-6,3.397823175175178e-7,3.3978218405571256e-7,1.3346180542250682e-13,3.1155733185624784e-7,1.0223328594352583e-6,9.252626843414155e-7,5.009270571287297e-6,5.009268603714548e-6,1.9675723539065777e-12,0.0,0.0,0.0,0.0,2.372209348392281e-13,1.79753692445014e-5,0.0,0.0,0.0,0.0,0.0,0.0,0.0,1.7077885357957577e-5,6.384892327794544e-6,1.0076204784111338e-7,1.007620082631716e-7,3.957794190467456e-14,8.330578681395306e-8,1.3619987969303902e-7,9.266753307936067e-8,7.371683455779634e-7,7.371680560283815e-7,2.8954955343148956e-13,0.0,0.0,0.0,0.0,1.396151266316912e-14,1.779997760099031e-5,0.0,0.0,0.0,0.0,0.0,0.0,0.0,1.6852273085794308e-5,6.384863429146843e-6,9.084471239994259e-8,9.084467671739321e-8,3.568254939976287e-14,3.099083078052581e-8,3.2426315977818685e-8,7.807733991543019e-9,8.263188823703477e-8,8.263185578025462e-8,3.245666540325031e-14,0.0,0.0,0.0,0.0,2.3760922844342747e-16,1.778266433656159e-5,0.0,0.0,0.0,0.0,0.0,0.0,0.0,1.6833379197066003e-5,6.3848589580713465e-6,9.062026856264949e-8,9.062023296825855e-8,3.559439095773457e-14
1680.0,0.0004489686498609447,0.0007287435464117781,0.0005611971906471318,0.00027207499837451584,0.0002720748915072111,1.0686730480469002e-10,0.0,0.0,0.0,0.0,3.833326723611027e-18,1.8185614782843167e-5,0.0,0.0,0.0,0.0,0.0,0.0,0.0,1.671407539129134e-5,6.3126445722924795e-6,1.053420308534328e-7,1.053419894765368e-7,4.137689602946373e-14,4.784749880172145e-6,1.7206086375731977e-5,1.8056343289928203e-5,5.8049054862532655e-5,5.8049032061664805e-5,2.2800867689720935e-11,0.0,0.0,0.0,0.0,2.252102067727831e-11,5.3560556032486746e-5,0.0,0.0,0.0,0.0,0.0,0.0,0.0,5.0779333382534696e-5,6.539258393906531e-6,3.648093693591952e-7,3.6480922606710936e-7,1.4329208601979163e-13,4.955352314950714e-7,1.6823181110208568e-6,1.4508389560614643e-6,3.681237750701468e-6,3.6812363047624245e-6,1.445939388452294e-12,0.0,0.0,0.0,0.0,3.747254992558436e-13,1.8379632477040008e-5,0.0,0.0,0.0,0.0,0.0,0.0,0.0,1.6908373167418964e-5,6.31261738826998e-6,1.1426227726194082e-7,1.1426223238129514e-7,4.4880645721887685e-14,8.96367597204642e-8,1.6988018627937674e-7,1.1662209061565958e-7,4.7273596379584373e-7,4.7273577811146606e-7,1.8568416295841518e-13,0.0,0.0,0.0,0.0,2.030482753256729e-14,1.8226245481712267e-5,0.0,0.0,0.0,0.0,0.0,0.0,0.0,1.6753677015989985e-5,6.31263354125478e-6,1.0569284232370285e-7,1.0569280080901293e-7,4.15146899338883e-14,2.7422299916923798e-8,3.0526683798051647e-8,9.124976409096945e-9,7.0544926437346e-8,7.054489872810817e-8,2.7709073604779915e-14,0.0,0.0,0.0,0.0,2.506510764077102e-16,1.820088913237855e-5,0.0,0.0,0.0,0.0,0.0,0.0,0.0,1.6728688585971103e-5,6.312637475874505e-6,1.0529939110258086e-7,1.052993497424331e-7,4.136014772374535e-14
1800.0,0.00042072088804590143,0.0007925104545366453,0.0007778493339018391,0.00024487911146578954,0.000244879015280654,9.618513572236912e-11,0.0,0.0,0.0,0.0,2.6984061268532908e-17,1.8064271845609468e-5,0.0,0.0,0.0,0.0,0.0,0.0,0.0,1.5110227320714501e-5,6.660476095789902e-6,9.82442525527084e-8,9.824421396372171e-8,3.858898666024077e-14,2.8357957637891416e-6,1.6792927001806437e-5,1.7469938642851387e-5,3.6831587024228896e-5,3.683157255729001e-5,1.4466939117796652e-11,0.0,0.0,0.0,0.0,3.4071834154388444e-11,3.729801658813946e-5,0.0,0.0,0.0,0.0,0.0,0.0,0.0,3.2346024993256425e-5,6.699903108832087e-6,2.2313560950497836e-7,2.231355218603902e-7,8.764458820624348e-14,4.603511962871995e-7,1.3341843712764589e-6,9.956391089122416e-7,1.9956795296429784e-6,1.9956787457679972e-6,7.838753794395636e-13,0.0,0.0,0.0,0.0,5.659404500986139e-13,1.8254774511165202e-5,0.0,0.0,0.0,0.0,0.0,0.0,0.0,1.5248237934466926e-5,6.660781784749248e-6,1.0701595387380975e-7,1.0701591183941978e-7,4.203438989221094e-14,7.012396124449899e-8,9.69655139007049e-8,5.065878011735516e-8,2.67349605978165e-7,2.673495009667035e-7,1.050112358804413e-13,0.0,0.0,0.0,0.0,2.7447856364359365e-14,1.8081931850705203e-5,0.0,0.0,0.0,0.0,0.0,0.0,0.0,1.5098997255330551e-5,6.660845039362433e-6,9.885530884707646e-8,9.885527001807533e-8,3.8829001140267225e-14,2.1303714935801826e-8,2.3073332583084445e-8,9.221630114176345e-9,5.2790873071091424e-8,5.27908523359941e-8,2.0735526443462376e-14,0.0,0.0,0.0,0.0,2.6704499681966154e-16,1.8067191765608033e-5,0.0,0.0,0.0,0.0,0.0,0.0,0.0,1.5101247228339156e-5,6.660657865955083e-6,9.825231073596232e-8,9.825227214381052e-8,3.859215180342232e-14
1920.0,0.00037684584770137025,0.0009643654733530445,0.000944929229090418,0.00022493936661132277,0.0002249392782582437,8.835307910628561e-11,0.0,0.0,0.0,0.0,5.053199509754408e-18,1.8900704956606923e-5,0.0,0.0,0.0,0.0,0.0,0.0,0.0,1.4464483898562448e-5,6.9137124544562975e-6,9.974355475557673e-8,9.974351557768479e-8,3.917789187558774e-14,2.0734543274380894e-6,2.0144289772349987e-5,2.026182815091048e-5,3.820318037709332e-5,3.82031653714114e-5,1.500568205920746e-11,0.0,0.0,0.0,0.0,5.1486635480677456e-11,3.065449507780418e-5,0.0,0.0,0.0,0.0,0.0,0.0,0.0,2.462866517000523e-5,9.90642134360052e-6,1.736347585109828e-7,1.7363469030964588e-7,6.820133703332578e-14,3.041454147709524e-7,9.826719929922662e-7,8.07038490326828e-7,3.071234032664256e-6,3.071232826326009e-6,1.206338345883148e-12,0.0,0.0,0.0,0.0,7.646100923768159e-13,1.9073021888949446e-5,0.0,0.0,0.0,0.0,0.0,0.0,0.0,1.4619575685300913e-5,6.913601494999565e-6,1.0852412639640666e-7,1.085240837696274e-7,4.2626779246739425e-14,4.2784442376951615e-8,5.7971144244650475e-8,2.9585717164790224e-8,8.479943702807438e-7,8.479940371998901e-7,3.3308048656761393e-13,0.0,0.0,0.0,0.0,3.3108091956423286e-14,1.8915403691744578e-5,0.0,0.0,0.0,0.0,0.0,0.0,0.0,1.4468143073478953e-5,6.913693103157088e-6,1.003299754262298e-7,1.0032993601799997e-7,3.940822982258346e-14,1.0696612740088846e-8,1.144691851433987e-8,4.712977971144099e-9,2.803836792631288e-7,2.80383569132563e-7,1.1013084000041772e-13,0.0,0.0,0.0,0.0,2.2019821474123428e-16,1.8902430834902303e-5,0.0,0.0,0.0,0.0,0.0,0.0,0.0,1.4462221393472052e-5,6.913711327334137e-6,9.982040339184585e-8,9.982036418376888e-8,3.920807695942514e-14
2040.0,0.0006079921680724617,0.002840112578493502,0.0024673885144320075,0.00025413025755951764,0.0002541301577406594,9.981885824482696e-11,0.0,0.0,0.0,0.0,1.816880875459684e-17,3.053649764467738e-5,0.0,0.0,0.0,0.0,0.0,0.0,0.0,1.9135271718902792e-5,1.3284031158697621e-5,1.6673323210943688e-7,1.6673316661892428e-7,6.549051270188033e-14,2.487414501063049e-6,0.00016939291437358917,0.0001689507722143111,5.058910266210763e-5,5.058908279140634e-5,1.987070141059156e-11,0.0,0.0,0.0,0.0,7.60753881054513e-11,4.031332968385654e-5,0.0,0.0,0.0,0.0,0.0,0.0,0.0,2.3545642012503076e-5,1.6831158796002523e-5,1.8281673234148138e-7,1.8281666053359174e-7,7.180788964534441e-14,3.467775322764377e-7,1.2603834763866791e-5,1.2337921864100261e-5,9.478539502437292e-6,9.478535779397434e-6,3.723039515435013e-12,0.0,0.0,0.0,0.0,9.000088731314064e-13,3.0799345273368416e-5,0.0,0.0,0.0,0.0,0.0,0.0,0.0,1.9312984334631095e-5,1.3324834805777609e-5,1.8204424923035576e-7,1.820441777258869e-7,7.150446893933933e-14,3.996562204832202e-8,8.901730646991868e-7,8.576583734746494e-7,3.889087287586013e-6,3.8890857600056994e-6,1.5275798182764528e-12,0.0,0.0,0.0,0.0,3.5903425809491453e-14,3.054927882780758e-5,0.0,0.0,0.0,0.0,0.0,0.0,0.0,1.9154370243033345e-5,1.32823038583799e-5,1.646419303033409e-7,1.6464186563426276e-7,6.466907821181e-14,8.103395471997787e-9,6.63566164202723e-8,5.9123686500231605e-8,1.6366156127516797e-6,1.636614969911586e-6,6.428400278635148e-13,0.0,0.0,0.0,0.0,9.268647194331226e-17,3.053931449954534e-5,0.0,0.0,0.0,0.0,0.0,0.0,0.0,1.9137925348021996e-5,1.3284336961982792e-5,1.6804800778530738e-7,1.6804794177836904e-7,6.600693844383563e-14
2160.0,0.001482383138684729,0.00595381988498803,0.004666221156447098,0.0003492193218650315,0.00034921918469650164,1.3716853050226117e-10,0.0,0.0,0.0,0.0,8.659423768859392e-18,6.780389446443274e-5,0.0,0.0,0.0,0.0,0.0,0.0,0.0,4.48236256996639e-5,2.4351882608112028e-5,7.156637966340548e-7,7.156635155311918e-7,2.811028633630484e-13,1.0012202787674021e-5,0.0006555309482555704,0.000646150242935893,6.960489093194722e-5,6.960486359210648e-5,2.7339840630569113e-11,0.0,0.0,0.0,0.0,1.0691155356638819e-10,0.00019807109169317033,0.0,0.0,0.0,0.0,0.0,0.0,0.0,0.00012723976714284121,7.237052967855036e-5,2.4957420063882403e-6,2.4957410260952222e-6,9.802930195865522e-13,4.300460723460735e-7,9.250931500995453e-5,9.220169117981532e-5,9.701821949660526e-6,9.701818138918838e-6,3.810741779470614e-12,0.0,0.0,0.0,0.0,9.037148641827382e-13,6.716909691201421e-5,0.0,0.0,0.0,0.0,0.0,0.0,0.0,4.445104452192796e-5,2.4086053302027305e-5,7.013088371028802e-7,7.013085616384476e-7,2.754644333535209e-13,5.2137696567641084e-8,1.1341654276686437e-5,1.1314055939875459e-5,1.403498660685242e-6,1.4034981094101774e-6,5.512749060386799e-13,0.0,0.0,0.0,0.0,3.596920668326393e-14,6.780362375052907e-5,0.0,0.0,0.0,0.0,0.0,0.0,0.0,4.485646585960517e-5,2.4325299621590537e-5,7.181186531630258e-7,7.18118371095929e-7,2.8206709713131347e-13,1.844600380817088e-8,1.5068710178492769e-6,1.4921128828562277e-6,2.1461851828002525e-7,2.146184339806943e-7,8.429919230645271e-14,0.0,0.0,0.0,0.0,2.6779103345748655e-16,6.778872440321529e-5,0.0,0.0,0.0,0.0,0.0,0.0,0.0,4.48171887365188e-5,2.4344713246522762e-5,7.153455938896318e-7,7.153453129117545e-7,2.809778777161456e-13
2280.0,0.0012257144896808299,0.00438674403617036,0.0033593439149933045,0.0003190255184112682,0.0003190253931024473,1.2530882117143707e-10,0.0,0.0,0.0,0.0,7.26576035414527e-18,6.650341189065247e-5,0.0,0.0,0.0,0.0,0.0,0.0,0.0,5.544763135330571e-5,1.309720402385448e-5,1.2121443511284643e-6,1.2121438750148915e-6,4.761135738794221e-13,1.5314988126687457e-5,0.0005408699717256232,0.0005262338076210272,8.224766248444149e-5,8.224763017869406e-5,3.230574682977304e-11,0.0,0.0,0.0,0.0,1.419670335193806e-10,0.0002835060527422243,0.0,0.0,0.0,0.0,0.0,0.0,0.0,0.00023437601601232027,5.154053494295568e-5,6.074625074700302e-6,6.074622688671406e-6,2.3860289012612762e-12,4.6252686067066104e-7,0.00010870858600930399,0.00010834351128935629,1.5688290805028447e-5,1.5688284642884895e-5,6.162144134308834e-12,0.0,0.0,0.0,0.0,7.139516978389341e-13,6.432664742774932e-5,0.0,0.0,0.0,0.0,0.0,0.0,0.0,5.3599097614067836e-5,1.2736322518745282e-5,1.1503112837974669e-6,1.1503108319710693e-6,4.518263983103729e-13,4.3653940417359705e-8,1.9394455718623487e-5,1.9361657969372925e-5,3.155861085322096e-6,3.155859845743821e-6,1.239578684338161e-12,0.0,0.0,0.0,0.0,3.371806124010113e-14,6.664229125848649e-5,0.0,0.0,0.0,0.0,0.0,0.0,0.0,5.559027897072476e-5,1.3093217714388035e-5,1.2188014720612328e-6,1.2188009933328342e-6,4.78728399115457e-13,1.4604203223481105e-8,3.649292009093504e-6,3.6367986957738693e-6,6.535130203002422e-7,6.535127636091963e-7,2.5669089608198547e-13,0.0,0.0,0.0,0.0,6.006005956957609e-16,6.650476227379932e-5,0.0,0.0,0.0,0.0,0.0,0.0,0.0,5.544553915898756e-5,1.310002804956808e-5,1.2113917612132097e-6,1.2113912853952436e-6,4.758179669462345e-13
2400.0,0.0007848313055577897,0.003561844486792682,0.003023986982954607,0.00021325457731127394,0.00021325449354781876,8.376345511596224e-11,0.0,0.0,0.0,0.0,1.646908681874831e-17,4.693423033422561e-5,0.0,0.0,0.0,0.0,0.0,0.0,0.0,4.4457920374826345e-5,2.0243725263726096e-5,1.04700167768288e-6,1.0470012664350692e-6,4.112478106714501e-13,1.28443660375511e-5,0.00027381744382723135,0.0002614670235379148,7.654512423038263e-5,7.654509416451414e-5,3.0065868496968553e-11,0.0,0.0,9.97964535745594e-5,0.0,1.7516835874976876e-10,0.00022224918769605896,0.0,0.0,9.979645357455907e-5,9.979645357455972e-5,0.0,0.0,0.0,0.00021045199293021248,1.5031750968216468e-5,6.084940355045725e-6,6.084937964965127e-6,2.3900806010330522e-12,3.9487777327845697e-7,8.137791476290916e-5,8.105665397656735e-5,1.756112267131558e-5,1.7561115773548846e-5,6.897766646844751e-12,0.0,0.0,0.0,0.0,3.41258330034219e-13,4.44588709172567e-5,0.0,0.0,0.0,0.0,0.0,0.0,0.0,4.206300715961767e-5,1.996893842770803e-5,9.66734234834178e-7,9.667338551143114e-7,3.7971986678813317e-13,3.5907282213126085e-8,8.305753716248432e-6,8.279440973577572e-6,4.121301360575179e-6,4.121299741785654e-6,1.6187903016593194e-12,0.0,0.0,0.0,0.0,3.0222900771514e-14,4.7168555346623776e-5,0.0,0.0,0.0,0.0,0.0,0.0,0.0,4.468585952634019e-5,2.0299425536175897e-5,1.0555851746654912e-6,1.0555847600462013e-6,4.146192898364273e-13,1.104863021428662e-8,2.5692769348878007e-6,2.561613743010437e-6,1.0045386136670104e-6,1.0045382190981255e-6,3.945689051040298e-13,0.0,0.0,0.0,0.0,1.341660479375635e-15,4.696664409153905e-5,0.0,0.0,0.0,0.0,0.0,0.0,0.0,4.4485667633274184e-5,2.0236825156834612e-5,1.0470749375731734e-6,1.0470745262965873e-6,4.112765861453918e-13
2520.0,0.0008305671039072027,0.0029377395748738802,0.002321680768736083,0.00020585818314664632,0.00020585810228839255,8.085825355621099e-11,0.0,0.0,0.0007110114802953787,0.0,1.9361560446932173e-17,4.191906377762592e-5,0.0,0.0,0.0007110114802953791,0.0007110114802953783,0.0,0.0,0.0,2.696228904774896e-5,2.225653937457502e-5,6.165863969573686e-7,6.165861547707404e-7,2.4218662800970006e-13,9.074361115417491e-6,0.00011578657536643065,0.00011241831739527696,6.70712979481244e-5,6.70712716034437e-5,2.634468026937884e-11,0.0,0.0,0.0006611469706984553,0.0,1.9913239187332546e-10,0.00014585913187058867,0.0,0.0,0.0006611469706984553,0.0006611469706984553,0.0,0.0,0.0,0.0001447147187539518,2.2895439139411074e-5,4.357709346603895e-6,4.3577076349557955e-6,1.7116480962088442e-12,3.271437186507485e-7,1.8086596216651384e-6,1.561864000874421e-6,1.738129446486312e-5,1.738128763773051e-5,6.827132608927673e-12,0.0,0.0,0.000711242933166441,0.0,3.2593964945652004e-13,4.219512909159281e-5,0.0,0.0,0.0007112429331664408,0.0007112429331664412,0.0,0.0,0.0,2.5367334768221658e-5,2.211023403731389e-5,5.576704897918271e-7,5.576702707465548e-7,2.1904527269766975e-13,4.024736151037739e-8,2.08263156805091e-7,1.7504945858535044e-7,4.329765738447823e-6,4.329764037775542e-6,1.7006722325392738e-12,0.0,0.0,0.0007108928457785644,0.0,3.356094403718071e-14,4.19737229988962e-5,0.0,0.0,0.0007108928457785647,0.0007108928457785641,0.0,0.0,0.0,2.7134781180164692e-5,2.2258245270017566e-5,6.225139289177773e-7,6.225136844028966e-7,2.445148807655104e-13,1.567738055086726e-8,4.998420350056441e-8,3.612794167912708e-8,1.1210189635335065e-6,1.1210185232130035e-6,4.403207791361724e-13,0.0,0.0,0.0007109784438165785,0.0,2.4136017834239278e-15,4.193317496805043e-5,0.0,0.0,0.0007109784438165782,0.0007109784438165787,0.0,0.0,0.0,2.7006187468356843e-5,2.2261251732359867e-5,6.175184389258731e-7,6.175181963731521e-7,2.4255272123301724e-13
2640.0,0.0007589816830762528,0.0024889508880288585,0.0019441355143183239,0.0002177642147044585,0.00021776412916968,8.55347784523044e-11,0.0,0.0,0.0007172731532466437,0.0,2.1372899393806535e-17,3.984935016534768e-5,0.0,0.0,0.0007172731532466437,0.0007172731532466436,0.0,0.0,0.0,2.4122135937949737e-5,1.8631016353971174e-5,3.73804774635257e-7,3.738046278098999e-7,1.4682535707821993e-13,5.5128286093214e-6,6.688964597652514e-5,6.39217074112109e-5,5.9648136304820724e-5,5.964811287585582e-5,2.342896481338744e-11,0.0,0.0,0.0007181990002777042,0.0,2.3060225357584391e-10,8.704500290137443e-5,0.0,0.0,0.0007181990002777042,0.0007181990002777041,0.0,0.0,0.0,8.640482722307164e-5,2.4435355250242115e-5,2.6469916969158745e-6,2.646990657214063e-6,1.0397018108235258e-12,2.88650747499921e-7,1.8508063491683611e-6,1.718763433685323e-6,1.496544654560513e-5,1.4965440667385018e-5,5.8782208842504614e-12,0.0,0.0,0.0007177575531150742,0.0,8.820615323455259e-13,3.982283604236183e-5,0.0,0.0,0.000717757553115074,0.0007177575531150745,0.0,0.0,0.0,2.4385520664550165e-5,1.8630595186048192e-5,3.4960159395049534e-7,3.496014566318137e-7,1.373186817021864e-13,3.5028885551294936e-8,1.3755006934278322e-7,1.0760573449684568e-7,3.781101209243416e-6,3.7810997240788642e-6,1.4851643768804095e-12,0.0,0.0,0.0007172252380836103,0.0,5.070777811459813e-14,3.987792282122006e-5,0.0,0.0,0.0007172252380836103,0.0007172252380836106,0.0,0.0,0.0,2.4157519528853775e-5,1.8624802771479513e-5,3.758583532311557e-7,3.7585820559918156e-7,1.476319744118946e-13,1.1198392344067415e-8,1.9032837217118086e-8,8.317092363562367e-9,9.912530084947968e-7,9.912526191434847e-7,3.8935050272965416e-13,0.0,0.0,0.0007172665919317166,0.0,4.720532608458372e-15,3.98635908337469e-5,0.0,0.0,0.0007172665919317166,0.0007172665919317165,0.0,0.0,0.0,2.4135670855542262e-5,1.8634243534710618e-5,3.7417402789599195e-7,3.7417388092559744e-7,1.469703946634479e-13
2760.0,0.0006255381095305861,0.0024085291749295183,0.0020009459924766387,0.00022533934021247572,0.00022533925170229225,8.851018321729777e-11,0.0,0.0,0.000657523794024931,0.0,2.033074534004878e-17,3.268181026722713e-5,0.0,0.0,0.000657523794024931,0.000657523794024931,0.0,0.0,0.0,2.206415294103141e-5,1.5116546700211616e-5,3.5394494442681587e-7,3.5394480540212637e-7,1.3902468983229635e-13,4.162179480768618e-6,6.381476195159673e-5,6.138038450277726e-5,5.5504166962502664e-5,5.55041451612321e-5,2.1801270841311247e-11,0.0,0.0,0.0006614319622148535,0.0,2.7714321482521326e-10,6.178564768309865e-5,0.0,0.0,0.0006614319622148535,0.0006614319622148539,0.0,0.0,0.0,6.131290243226983e-5,1.96583564744043e-5,1.8817138264516995e-6,1.881713087340476e-6,7.391112239199731e-13,3.531582034302025e-7,2.099657866208547e-6,1.947477307253486e-6,1.4005028479444923e-5,1.4005022978464277e-5,5.50098192135655e-12,0.0,0.0,0.00065743560120549,0.0,1.4668710452089279e-12,3.286430116582051e-5,0.0,0.0,0.0006574356012054895,0.0006574356012054904,0.0,0.0,0.0,2.2161526780388475e-5,1.5307625366582897e-5,3.5726183554891377e-7,3.57261695221395e-7,1.4032751889291163e-13,3.033581764217905e-8,1.1148409628796617e-7,8.566012820261926e-8,3.515621697943866e-6,3.5156203170560877e-6,1.3808876883823602e-12,0.0,0.0,0.0006575039412076,0.0,7.717634877676525e-14,3.267157816223816e-5,0.0,0.0,0.0006575039412076,0.0006575039412076,0.0,0.0,0.0,2.2063351897377715e-5,1.5090719727556686e-5,3.540500267929498e-7,3.540498877269849e-7,1.3906596473560696e-13,7.894478494963747e-9,1.1389496103802329e-8,4.1656659094090505e-9,9.193984791619142e-7,9.193981180348766e-7,3.6112703518004657e-13,0.0,0.0,0.0006575237098094652,0.0,7.222311796036189e-15,3.2685447642336626e-5,0.0,0.0,0.0006575237098094648,0.0006575237098094652,0.0,0.0,0.0,2.206788524954625e-5,1.5115668741720803e-5,3.539516645309068e-7,3.5395152550357786e-7,1.3902732939644755e-13
2880.0,0.0006393831782109892,0.0023652953394392006,0.0019478392157851467,0.00023321388192278696,0.00023321379031959166,9.160319453469432e-11,0.0,0.0,0.0005919803472016413,0.0,1.6726294412108015e-17,3.3118406018553465e-5,0.0,0.0,0.0005919803472016413,0.0005919803472016413,0.0,0.0,0.0,2.340873786823801e-5,1.3496181537196067e-5,3.287589691557533e-7,3.2875884002376723e-7,1.2913198630504674e-13,5.569118883254776e-6,5.245184892758232e-5,5.148331228455939e-5,5.103427787571476e-5,5.103425783015501e-5,2.0045560091206344e-11,0.0,0.0,0.0005889644276372377,0.0,2.9177515832836197e-10,4.897551849789931e-5,0.0,0.0,0.0005889644276372372,0.0005889644276372377,0.0,0.0,0.0,4.8439956216310114e-5,1.3324848392644375e-5,1.467242412962173e-6,1.4672418366495998e-6,5.763125722877301e-13,1.080553029020239e-6,2.3047846459722156e-6,1.8421613361368524e-6,2.4743088079910634e-5,2.474307836116676e-5,9.718743550281167e-12,0.0,0.0,0.0005916880164608305,0.0,1.3371085749025976e-12,3.3726991568484786e-5,0.0,0.0,0.0005916880164608309,0.0005916880164608305,0.0,0.0,0.0,2.351580882722715e-5,1.3931246139944661e-5,3.38605002759396e-7,3.386048697600237e-7,1.3299937243212233e-13,1.6977225816838803e-7,1.7003056923192643e-7,8.374038312645121e-8,2.368927429643993e-5,2.368926499162021e-5,9.304820038461076e-12,0.0,0.0,0.0005919687504616559,0.0,1.225485641989455e-13,3.3097315654509826e-5,0.0,0.0,0.0005919687504616564,0.0005919687504616555,0.0,0.0,0.0,2.3390612573510168e-5,1.3494262062335362e-5,3.2454208974353487e-7,3.245419622678807e-7,1.2747565426365167e-13,2.515836838466387e-8,2.1416873410592172e-8,7.375741003912987e-9,9.145761418832025e-6,9.145757826502097e-6,3.592328876436445e-12,0.0,0.0,0.0005919813063866232,0.0,9.271539997106498e-15,3.3113699460947203e-5,0.0,0.0,0.0005919813063866228,0.0005919813063866232,0.0,0.0,0.0,2.340517905887092e-5,1.3496353536062983e-5,3.3058138620276824e-7,3.305812563549614e-7,1.2984780657228241e-13
3000.0,0.0005867976613903644,0.0021568981196767533,0.0018151597100192094,0.00020004800522355329,0.000200047926647457,7.857609584680661e-11,0.0,0.0,0.0005258587464898475,0.0,3.0861031888473e-17,3.05860149951994e-5,0.0,0.0,0.0005258587464898479,0.0005258587464898475,0.0,0.0,0.0,2.277678759504128e-5,1.194474453513225e-5,3.4731583911014913e-7,3.473157026892802e-7,1.3642086874365858e-13,3.728818943801379e-6,5.115849464816794e-5,4.872706300162419e-5,6.573668348807145e-5,6.573665766760939e-5,2.582046212676632e-11,0.0,0.0,0.0005289472811656529,0.0,3.0369433410147655e-10,5.102501953597978e-5,0.0,0.0,0.0005289472811656534,0.0005289472811656525,0.0,0.0,0.0,5.0509230347805324e-5,1.3225582549477215e-5,1.5776914046150813e-6,1.5776907849196675e-6,6.196954120446355e-13,5.99133029191394e-7,1.791802860872128e-6,1.3594925266685098e-6,1.4945021546620648e-5,1.4945015676422505e-5,5.870198226508175e-12,0.0,0.0,0.0005256995759843406,0.0,5.238531941152796e-13,3.100847695216304e-5,0.0,0.0,0.0005256995759843411,0.0005256995759843406,0.0,0.0,0.0,2.2909876780995135e-5,1.2169420629206377e-5,3.5169768496110676e-7,3.516975468191089e-7,1.3814199732570064e-13,7.85347027409955e-8,1.1778576246900135e-7,4.583726171865537e-8,3.1901192130050393e-6,3.190117959970448e-6,1.2530348041396996e-12,0.0,0.0,0.0005258510042907114,0.0,1.807027250620844e-13,3.0576229641836945e-5,0.0,0.0,0.0005258510042907109,0.0005258510042907118,0.0,0.0,0.0,2.277408322101393e-5,1.1935512922518862e-5,3.475535873654807e-7,3.4755345085122807e-7,1.3651425297749505e-13,1.3352628910109215e-8,1.56996114504958e-8,3.352528922530263e-9,6.990891619328918e-7,6.9908888734034e-7,2.7459257557788665e-13,0.0,0.0,0.0005258598895548417,0.0,1.1038302437517716e-14,3.058688259396416e-5,0.0,0.0,0.0005258598895548413,0.0005258598895548422,0.0,0.0,0.0,2.277813954136775e-5,1.1946003899391105e-5,3.4730025014041805e-7,3.4730011372567216e-7,1.3641474561147163e-13
3120.0,0.0005246367486394701,0.002095345762665993,0.001822571719833571,0.00018823931477714948,0.00018823924083934387,7.393780519599485e-11,0.0,0.0,0.0004503860627148495,0.0,8.674725628501686e-18,2.6569923029490235e-5,0.0,0.0,0.0004503860627148495,0.0004503860627148499,0.0,0.0,0.0,2.129227622639279e-5,9.079979098387116e-6,3.43641650333028e-7,3.4364151535533e-7,1.349776980947551e-13,3.2029591010662543e-6,4.3583375343016514e-5,4.193048017430056e-5,5.988704542753965e-5,5.988702190473451e-5,2.352280501991418e-11,0.0,0.0,0.00045101084105266453,0.0,3.712104638275521e-10,4.6238839268451e-5,0.0,0.0,0.00045101084105266497,0.00045101084105266453,0.0,0.0,0.0,4.4622324335741634e-5,1.001301424476669e-5,1.3757438110627148e-6,1.37574327068953e-6,5.403731841160446e-13,5.676020446306572e-7,1.3058885656034648e-6,1.0067308708881805e-6,1.2747813196095678e-5,1.2747808188930491e-5,5.0071651072666144e-12,0.0,0.0,0.00045020445320663113,0.0,1.0570808642335735e-12,2.693730568640132e-5,0.0,0.0,0.00045020445320663113,0.00045020445320663113,0.0,0.0,0.0,2.1331786696780242e-5,9.300698479708843e-6,3.4650033373889313e-7,3.465001976383432e-7,1.3610054948756904e-13,5.157745603615732e-8,8.005318291618396e-8,3.449614631978124e-8,2.581704235232217e-6,2.5817032211750016e-6,1.0140577968226223e-12,0.0,0.0,0.00045038206498374716,0.0,2.4043820408239947e-13,2.6559995592636152e-5,0.0,0.0,0.0004503820649837467,0.00045038206498374716,0.0,0.0,0.0,2.1291155352073257e-5,9.073706751493674e-6,3.4366916386503e-7,3.436690288765256e-7,1.3498850503044652e-13,1.2652490210922351e-8,1.3960890361303291e-8,2.498910581417013e-9,5.384697482402547e-7,5.384695367368132e-7,2.1150348638089183e-13,0.0,0.0,0.0004503865984620465,0.0,1.2737878195595792e-14,2.6572844199921274e-5,0.0,0.0,0.0004503865984620461,0.00045038659846204695,0.0,0.0,0.0,2.1295635268822598e-5,9.080444614051408e-6,3.4362279821264613e-7,3.436226632423529e-7,1.349702932420232e-13
3240.0,0.0005440203867482177,0.00239945072699922,0.002107027663890696,0.00019850031331208396,0.00019850023534390013,7.796818382168512e-11,0.0,0.0,0.00039447487889053556,0.0,5.322076653123049e-17,2.541497136342187e-5,0.0,0.0,0.00039447487889053556,0.00039447487889053556,0.0,0.0,0.0,2.047640217223986e-5,8.283979513613356e-6,3.4115538881108134e-7,3.411552548099529e-7,1.3400112887862927e-13,4.19930375695262e-6,4.571890736839036e-5,4.351655839084943e-5,5.764759192469605e-5,5.764756928151757e-5,2.2643178587812436e-11,0.0,0.0,0.000395164271372421,0.0,4.849025019370452e-10,4.3596620847110356e-5,0.0,0.0,0.000395164271372421,0.0003951642713724201,0.0,0.0,0.0,4.219061578784124e-5,8.010456166039151e-6,1.3118890508699939e-6,1.3118885355780777e-6,5.152919154896916e-13,6.844415652747238e-7,1.1422569750401463e-6,1.1582070831841625e-6,1.1393384575612117e-5,1.1393380100448665e-5,4.475164235866513e-12,0.0,0.0,0.0003943289925272854,0.0,1.2646859616631816e-12,2.526894745023957e-5,0.0,0.0,0.0003943289925272854,0.0003943289925272854,0.0,0.0,0.0,2.0343281077875362e-5,8.369305580928289e-6,3.40958855675021e-7,3.409587217510885e-7,1.3392393337488573e-13,9.896897512498906e-8,1.1362714701073235e-7,3.470367718703161e-8,2.173203405825649e-6,2.1732025522205654e-6,8.536043082254547e-13,0.0,0.0,0.0003944723109432762,0.0,2.6409349644560914e-13,2.5380716770520396e-5,0.0,0.0,0.0003944723109432762,0.00039447231094327535,0.0,0.0,0.0,2.045126044649519e-5,8.273093678774307e-6,3.411152407764705e-7,3.411151067911116e-7,1.3398535928466582e-13,2.930955880818889e-8,3.090608343105731e-8,4.3614470860720226e-9,4.274903609045e-7,4.274901929924118e-7,1.6791231451902616e-13,0.0,0.0,0.0003944750651095879,0.0,1.4119214599909e-14,2.541795512922631e-5,0.0,0.0,0.0003944750651095879,0.00039447506510958876,0.0,0.0,0.0,2.0479943511981423e-5,8.284407480904639e-6,3.4116768997326474e-7,3.4116755596730427e-7,1.3400596060538203e-13
3360.0,0.0005486197047239257,0.0021618855271350254,0.0018493800411426274,0.00023927332630605262,0.0002392732323227921,9.398326066984947e-11,0.0,0.0,0.00035997726560941905,0.0,2.8242228259962616e-17,2.4092076558381026e-5,0.0,0.0,0.00035997726560941905,0.00035997726560941905,0.0,0.0,0.0,1.9742733880655104e-5,6.925701767248493e-6,3.37210471542967e-7,3.3721033909134726e-7,1.324516198144394e-13,3.961021914177312e-6,3.52156402518282e-5,3.367593199722431e-5,5.754474417824735e-5,5.7544721575466116e-5,2.2602781412276395e-11,0.0,0.0,0.0003597737577012306,0.0,5.91515654637002e-10,4.360499430270043e-5,0.0,0.0,0.0003597737577012306,0.0003597737577012315,0.0,0.0,0.0,4.229437711036165e-5,7.0250646739133895e-6,1.3314138746247624e-6,1.3314133516637654e-6,5.229609968236056e-13,1.0545988453178508e-6,1.2094921632075318e-6,9.074146708818452e-7,1.0666925844575167e-5,1.0666921654753084e-5,4.189821271236555e-12,0.0,0.0,0.0003598353952917119,0.0,1.217372115650272e-12,2.4000385169258905e-5,0.0,0.0,0.0003598353952917119,0.00035983539529171275,0.0,0.0,0.0,1.9703042282560504e-5,7.052986115118174e-6,3.3722865909006577e-7,3.3722852663130166e-7,1.324587636319561e-13,1.577307663100727e-7,1.4812500719309292e-7,3.4043921242939626e-8,1.9139884550383604e-6,1.9139877032498296e-6,7.517882526483823e-13,0.0,0.0,0.00035997445932009833,0.0,2.1644296620200385e-13,2.408918186675619e-5,0.0,0.0,0.00035997445932009833,0.00035997445932009833,0.0,0.0,0.0,1.9747113749049733e-5,6.917933548928418e-6,3.3739533303969493e-7,3.3739520051546327e-7,1.3252423085931793e-13,3.665198541284026e-8,3.300691220666183e-8,6.1432300907317784e-9,3.5619011567543605e-7,3.5618997576873653e-7,1.3990656211607192e-13,0.0,0.0,0.0003599768531861872,0.0,1.869294608213801e-14,2.409965037971365e-5,0.0,0.0,0.00035997685318618806,0.0003599768531861872,0.0,0.0,0.0,1.975082906959299e-5,6.925771581552022e-6,3.373098343617657e-7,3.373097018711178e-7,1.3249064815848471e-13
3480.0,0.0004944782372188089,0.0020932849740259328,0.0018331661550166458,0.00021193074385025248,0.0002119306606067809,8.324347160099453e-11,0.0,0.0,0.0003297643708829231,0.0,1.1489218293343905e-17,2.162686644308117e-5,0.0,0.0,0.0003297643708829231,0.0003297643708829231,0.0,0.0,0.0,1.8401077786714714e-5,5.589482006683048e-6,3.20687333309682e-7,3.2068720734812316e-7,1.259615591309658e-13,3.53632274366052e-6,3.419517031769316e-5,3.336827236209074e-5,5.601506463008171e-5,5.601504262813744e-5,2.2001944394895332e-11,0.0,0.0,0.0003288835602777325,0.0,6.174108508198742e-10,4.352558052239497e-5,0.0,0.0,0.0003288835602777325,0.0003288835602777325,0.0,0.0,0.0,4.288505019076556e-5,6.270461018411007e-6,1.3950201756555101e-6,1.3950196277108361e-6,5.479446741198009e-13,7.585809724975495e-7,9.744961143693413e-7,7.113290029313655e-7,1.009871781713148e-5,1.0098713850493816e-5,3.966636999164049e-12,0.0,0.0,0.0003296431743582996,0.0,4.209648904508753e-12,2.1513453051657475e-5,0.0,0.0,0.0003296431743582996,0.00032964317435829876,0.0,0.0,0.0,1.8250208632063282e-5,5.707799288481924e-6,3.1993189046305487e-7,3.199317647982235e-7,1.2566483160570483e-13,8.447115630236257e-8,9.079674379294378e-8,3.418328667690401e-8,1.76000408321145e-6,1.7600033919070094e-6,6.913053163350161e-13,0.0,0.0,0.0003297634964813858,0.0,2.597407911837405e-13,2.1589087225750077e-5,0.0,0.0,0.0003297634964813858,0.0003297634964813858,0.0,0.0,0.0,1.8372943113524064e-5,5.578834200283102e-6,3.20428389073741e-7,3.20428263213892e-7,1.2585984940844428e-13,1.6257257954774285e-8,2.4265047015413777e-8,1.4029187847611778e-8,3.1731877334728217e-7,3.173186487089017e-7,1.2463843526307085e-13,0.0,0.0,0.00032976439589367523,0.0,2.386590500744874e-14,2.162104843578186e-5,0.0,0.0,0.00032976439589367523,0.00032976439589367523,0.0,0.0,0.0,1.8396179270936706e-5,5.588459973997365e-6,3.206186126082718e-7,3.2061848667370564e-7,1.2593456658777776e-13
3600.0,0.0004916490073003325,0.002199929725608553,0.0019362267334928295,0.0002009360157901297,0.00020093593686523525,7.892489414306667e-11,0.0,0.0,0.00028702942821686415,0.0,3.192003040779528e-17,2.0128771295576504e-5,0.0,0.0,0.00028702942821686415,0.00028702942821686415,0.0,0.0,0.0,1.7248542565802265e-5,4.6700504501437136e-6,3.0925631415583106e-7,3.0925619268421856e-7,1.2147161255211357e-13,3.7916606289395242e-6,3.42575406034222e-5,3.3005762224343294e-5,5.526756596354851e-5,5.5267544255211426e-5,2.1708337233947885e-11,0.0,0.0,0.00028630382896256343,0.0,6.163579265451579e-10,4.001899485139982e-5,0.0,0.0,0.00028630382896256343,0.00028630382896256343,0.0,0.0,0.0,3.919700843409263e-5,5.192887064055194e-6,1.2470494681534552e-6,1.2470489783296333e-6,4.898238221662502e-13,7.758035130939027e-7,7.724405665784542e-7,6.353680764821436e-7,9.410426957424571e-6,9.410423261138411e-6,3.6962858476875825e-12,0.0,0.0,0.00028692897973884787,0.0,2.141492728957049e-12,2.0017476209871126e-5,0.0,0.0,0.00028692897973884787,0.000286928979738847,0.0,0.0,0.0,1.7155313575336688e-5,4.726307170277536e-6,3.0901060034757493e-7,3.090104789724755e-7,1.2137509955901103e-13,1.2704239686764027e-7,1.1935703492154704e-7,2.5287744843732065e-8,1.5736200911713605e-6,1.5736194730746531e-6,6.18096256307023e-13,0.0,0.0,0.00028702785496785566,0.0,4.2438960439813526e-13,2.0094719007200035e-5,0.0,0.0,0.00028702785496785566,0.0002870278549678565,0.0,0.0,0.0,1.722507634186482e-5,4.659217564673938e-6,3.090614949689878e-7,3.09061373573898e-7,1.2139509026397036e-13,3.390960754898198e-8,3.388553456903472e-8,5.776332582876536e-9,2.736581857100138e-7,2.736580782205137e-7,1.0748915894236046e-13,0.0,0.0,0.00028702901529907565,0.0,2.5461209091619025e-14,2.011811946038383e-5,0.0,0.0,0.00028702901529907565,0.00028702901529907565,0.0,0.0,0.0,1.7245605705733367e-5,4.66948737352799e-6,3.092145795769168e-7,3.0921445812169637e-7,1.214552197854413e-13
3720.0,0.0004650941553621811,0.0019807978631201434,0.0017504002103859672,0.00018259608576816965,0.00018259601404694708,7.172122271620682e-11,0.0,0.0,0.0002525059985065605,0.0,2.1949688061522223e-17,1.829417103764941e-5,0.0,0.0,0.0002525059985065605,0.00025250599850655964,0.0,0.0,0.0,1.5993075533453587e-5,3.817486896918639e-6,3.039142393690652e-7,3.039141199957459e-7,1.1937331929496947e-13,3.932389286075491e-6,2.532682888379653e-5,2.3814389040164666e-5,5.497041945964094e-5,5.4970397868018314e-5,2.159162218774939e-11,0.0,0.0,0.0002519238373751651,0.0,7.190884499255781e-10,3.7317968525444614e-5,0.0,0.0,0.0002519238373751651,0.00025192383737516425,0.0,0.0,0.0,3.644747139223228e-5,4.662248989129931e-6,1.1793618998021e-6,1.179361436565021e-6,4.632370793868366e-13,1.0865079502014006e-6,9.813419283076137e-7,5.047089525005565e-7,8.657762857135045e-6,8.657759456485566e-6,3.4006497756425726e-12,0.0,0.0,0.0002524252276053119,0.0,1.202069443345254e-12,1.8214981998090474e-5,0.0,0.0,0.0002524252276053119,0.00025242522760531103,0.0,0.0,0.0,1.593394211250244e-5,3.903443611419685e-6,3.030529997033065e-7,3.0305288066827074e-7,1.190350362391197e-13,1.8318782547648016e-7,1.7392181537614333e-7,4.418886812488251e-8,1.3662225088076047e-6,1.3662219721735353e-6,5.366333479813735e-13,0.0,0.0,0.0002525045481020227,0.0,5.107987590236611e-13,1.8268356181396736e-5,0.0,0.0,0.0002525045481020227,0.0002525045481020227,0.0,0.0,0.0,1.5972126490494537e-5,3.813033119535652e-6,3.03702580077323e-7,3.037024607871401e-7,1.1929018244601057e-13,4.630355453921764e-8,5.656067094695687e-8,1.7981712323231395e-8,2.2481780676272898e-7,2.2481771845813413e-7,8.830533207529546e-14,0.0,0.0,0.00025250561298559814,0.0,2.623753158136694e-14,1.8290082561734704e-5,0.0,0.0,0.00025250561298559814,0.00025250561298559727,0.0,0.0,0.0,1.5989633038137564e-5,3.817375917965896e-6,3.0386195506031745e-7,3.0386183570753457e-7,1.193527827400018e-13
3840.0,0.0004347403210377171,0.0018936716668752638,0.0017016088056077106,0.00017617124270527816,0.00017617117350764497,6.91976330220917e-11,0.0,0.0,0.00021666180752324612,0.0,1.7017510056211537e-17,1.6505702090179592e-5,0.0,0.0,0.00021666180752324612,0.00021666180752324612,0.0,0.0,0.0,1.5004991567071575e-5,3.4678037664902177e-6,3.1663121780657613e-7,3.16631093438202e-7,1.2436837293457444e-13,3.444510702690657e-6,2.1917298512220107e-5,2.0540138151609008e-5,5.423728302186849e-5,5.423726171821167e-5,2.1303656312064475e-11,0.0,0.0,0.0002157812610194751,0.0,9.169541379960646e-10,3.579313657733878e-5,0.0,0.0,0.0002157812610194751,0.00021578126101947596,0.0,0.0,0.0,3.514733916040508e-5,4.052549275360947e-6,1.1750822466957827e-6,1.1750817851396917e-6,4.61556090704659e-13,9.171042536239814e-7,8.219272509239301e-7,4.1404593082166615e-7,7.955694637791136e-6,7.955691512905137e-6,3.124887067423943e-12,0.0,0.0,0.00021660097260070045,0.0,1.6889349214679622e-12,1.6445817786503137e-5,0.0,0.0,0.00021660097260070045,0.00021660097260070045,0.0,0.0,0.0,1.4900659185338248e-5,3.551993410370099e-6,3.155472846355733e-7,3.155471606929542e-7,1.2394261894297092e-13,1.3465195116205142e-7,1.401756383328988e-7,6.040653282190303e-8,1.180105098542321e-6,1.180104635012228e-6,4.635289975960791e-13,0.0,0.0,0.00021666158280388842,0.0,5.55291614892654e-13,1.6476699564879437e-5,0.0,0.0,0.00021666158280388842,0.00021666158280388842,0.0,0.0,0.0,1.4965073387458074e-5,3.4637502909440573e-6,3.163650710419223e-7,3.16364946778088e-7,1.2426383415816711e-13,2.7144874418117554e-8,5.990185998037553e-8,4.2406478858321993e-8,1.8490351682190838e-7,1.8490344419364705e-7,7.262754979204144e-14,0.0,0.0,0.0002166617653030136,0.0,2.843742445349584e-14,1.6498645090938953e-5,0.0,0.0,0.0002166617653030136,0.0002166617653030136,0.0,0.0,0.0,1.4996755573773922e-5,3.4674123088369264e-6,3.165537482083632e-7,3.165536238704199e-7,1.2433794394545472e-13
3960.0,0.0004614773128419538,0.0018441437298447967,0.001598643869757427,0.00024013354321238194,0.00024013344889124035,9.432114199990929e-11,0.0,0.0,0.0001728059478669046,0.0,4.744145955290285e-17,1.4573300882665433e-5,0.0,0.0,0.0001728059478669046,0.0001728059478669046,0.0,0.0,0.0,1.3837925700058077e-5,2.67569343917956e-6,2.988199593939375e-7,2.988198420215812e-7,1.1737235642033964e-13,3.0324020804119688e-6,1.793575132757771e-5,1.6646922151652398e-5,5.432981271221102e-5,5.4329791372211225e-5,2.134000069754829e-11,0.0,0.0,0.00017198730843250194,0.0,1.1058875475376041e-9,3.1265235253761444e-5,0.0,0.0,0.00017198730843250194,0.0001719873084325028,0.0,0.0,0.0,3.079582550307973e-5,3.3905746905878333e-6,1.0260104335350968e-6,1.0260100305323578e-6,4.0300273964334024e-13,7.318829032027137e-7,6.310739727097617e-7,2.9654767862933784e-7,7.158885087774041e-6,7.158882275861971e-6,2.811911271919389e-12,0.0,0.0,0.0001727634110363068,0.0,4.136812567865797e-12,1.4444362207906486e-5,0.0,0.0,0.0001727634110363068,0.0001727634110363068,0.0,0.0,0.0,1.3691736221374974e-5,2.738224847740992e-6,2.975653996860344e-7,2.975652828064518e-7,1.1687958267963872e-13,1.1034679877697587e-7,1.2280550862981546e-7,6.548056596615814e-8,9.57373283421913e-7,9.573729073783402e-7,3.7604301425194365e-13,0.0,0.0,0.0001728052675329505,0.0,3.5469575304925367e-13,1.4563691598817289e-5,0.0,0.0,0.0001728052675329505,0.0001728052675329505,0.0,0.0,0.0,1.382479567529129e-5,2.672782748931947e-6,2.9881606324063543e-7,2.988159458698098e-7,1.1737082606508834e-13,2.4886623021039278e-8,6.196773877066875e-8,4.682273455054919e-8,1.3846787390829525e-7,1.3846781952020912e-7,5.438827005437846e-14,0.0,0.0,0.00017280565651204768,0.0,3.5771209599344544e-14,1.4575720439239816e-5,0.0,0.0,0.00017280565651204768,0.00017280565651204682,0.0,0.0,0.0,1.3839627809762138e-5,2.675426383528795e-6,2.988718617007548e-7,2.988717443080124e-7,1.1739274293022038e-13
4080.0,0.0004215869860429689,0.0017106554024435992,0.0015184684673976681,0.0002120635587570193,0.00021206347546138014,8.329563946356487e-11,0.0,0.0,0.000136572253439814,0.0,2.148413852371431e-17,1.254094325586756e-5,0.0,0.0,0.000136572253439814,0.000136572253439814,0.0,0.0,0.0,1.2260284429327789e-5,2.200788625465873e-6,2.821440844325654e-7,2.8214397361026233e-7,1.1082230285779688e-13,2.495328138603023e-6,1.4677525171102078e-5,1.333146283140731e-5,5.089591143785771e-5,5.089589144664622e-5,1.999121166383372e-11,0.0,0.0,0.0001360972141551571,0.0,1.1071929858789641e-9,2.6241129467788783e-5,0.0,0.0,0.0001360972141551571,0.0001360972141551571,0.0,0.0,0.0,2.5712676727511546e-5,2.768137871310263e-6,8.434524907297273e-7,8.434521594332288e-7,3.312964989565594e-13,5.797848623575151e-7,5.114900487265589e-7,2.1357775332048258e-7,6.033011105023542e-6,6.0330087353404095e-6,2.369683508233157e-12,0.0,0.0,0.00013654262515757493,0.0,1.12722333913722e-11,1.2469178121888902e-5,0.0,0.0,0.00013654262515757493,0.00013654262515757493,0.0,0.0,0.0,1.215674382527997e-5,2.247463402468366e-6,2.79224799633017e-7,2.7922468995736915e-7,1.09675648073826e-13,8.99110472133563e-8,7.502217223713709e-8,2.4560555628661823e-8,7.211014328058426e-7,7.211011495669253e-7,2.8323869181337446e-13,0.0,0.0,0.00013657171294677306,0.0,4.3860931959468787e-13,1.2513648752547411e-5,0.0,0.0,0.00013657171294677306,0.00013657171294677306,0.0,0.0,0.0,1.222734554940238e-5,2.1984347998527522e-6,2.8137291243898505e-7,2.8137280191958707e-7,1.105193971406697e-13,1.6917718675176635e-8,1.942250303629385e-8,7.924035510051484e-9,9.194024861560707e-8,9.194021250216331e-8,3.611286090736276e-14,0.0,0.0,0.0001365719183392955,0.0,4.766987391578323e-14,1.2532908814808817e-5,0.0,0.0,0.0001365719183392955,0.00013657191833929636,0.0,0.0,0.0,1.2251157837887278e-5,2.2008851421372728e-6,2.8198463691368356e-7,2.8198452615400954e-7,1.107596740727099e-13
4200.0,0.00038389427622614576,0.0015790343178960905,0.0014225660005960732,0.0001909652371418937,0.0001909651621333828,7.500850988392076e-11,0.0,0.0,0.00011207140782087781,0.0,1.4264766467079938e-17,1.1671186539805067e-5,0.0,0.0,0.00011207140782087781,0.00011207140782087694,0.0,0.0,0.0,1.1580794120894774e-5,2.045797022554596e-6,2.785325517231838e-7,2.785324423194411e-7,1.0940374264766532e-13,2.258901866112814e-6,1.2333442490039002e-5,1.116579326248188e-5,4.788673247967599e-5,4.788671367042859e-5,1.880924769486486e-11,0.0,0.0,0.00011165709280277526,0.0,1.0217243436417145e-9,2.4322295648781785e-5,0.0,0.0,0.00011165709280277526,0.00011165709280277526,0.0,0.0,0.0,2.3876920385778526e-5,2.5914861721118354e-6,7.846911298160226e-7,7.846908216001761e-7,3.0821584727955635e-13,5.624116240820001e-7,5.19123305163001e-7,2.652333746839746e-7,5.151320257835954e-6,5.151318234468984e-6,2.0233675105379618e-12,0.0,0.0,0.00011205004799069718,0.0,7.472884823808054e-12,1.164587823385881e-5,0.0,0.0,0.00011205004799069718,0.00011205004799069718,0.0,0.0,0.0,1.1527838679642424e-5,2.088275766119941e-6,2.772433785872657e-7,2.7724326968989257e-7,1.088973732300958e-13,8.050641275500481e-8,1.3317400891552403e-7,9.016287255557865e-8,5.541400633505053e-7,5.541398456919075e-7,2.1765856991025365e-13,0.0,0.0,0.00011207126153105727,0.0,7.18607326301225e-13,1.165164232817735e-5,0.0,0.0,0.00011207126153105727,0.00011207126153105727,0.0,0.0,0.0,1.1556831711288232e-5,2.046592436162243e-6,2.781303808822762e-7,2.7813027163650073e-7,1.0924577549119929e-13,2.4414454888755516e-8,9.887447400847316e-8,7.859123731786929e-8,6.675545280634648e-8,6.675542658564088e-8,2.6220620656572046e-14,0.0,0.0,0.00011207125476431733,0.0,4.9836068827904926e-14,1.1664828553454296e-5,0.0,0.0,0.00011207125476431733,0.00011207125476431733,0.0,0.0,0.0,1.1574873344211612e-5,2.0464295643144153e-6,2.784481842518171e-7,2.7844807488121164e-7,1.0937060426915925e-13
4320.0,0.00036133855659020806,0.0014465101061203463,0.0013145971461497848,0.0001774342429527332,0.00017743417325901073,6.969372209025113e-11,0.0,0.0,9.453121510136046e-5,0.0,1.2681173795535296e-17,1.1373554458900321e-5,0.0,0.0,9.453121510136046e-5,9.453121510136133e-5,0.0,0.0,0.0,1.1263157673757594e-5,2.076386502838138e-6,2.844057113552506e-7,2.844055996446116e-7,1.1171063870322561e-13,2.259603853967812e-6,1.0718580041865191e-5,9.65612421817795e-6,4.569858497358274e-5,4.5698567023809615e-5,1.794977355027854e-11,0.0,0.0,9.40700331441835e-5,0.0,1.0997351990251884e-9,2.384242799876183e-5,0.0,0.0,9.40700331441835e-5,9.40700331441835e-5,0.0,0.0,0.0,2.3422476471444846e-5,2.5593507863514975e-6,7.722294550998196e-7,7.722291517787458e-7,3.0332107341856343e-13,5.396215155954211e-7,6.058610951582654e-7,3.6937462830149384e-7,4.503122505843932e-6,4.503120737079498e-6,1.768764378498387e-12,0.0,0.0,9.451482160691138e-5,0.0,2.0818938823293723e-12,1.1314890234641315e-5,0.0,0.0,9.451482160691138e-5,9.451482160691138e-5,0.0,0.0,0.0,1.120329820221954e-5,2.108616249863102e-6,2.827977234931747e-7,2.8279761241413197e-7,1.1107904326077302e-13,9.185451668464878e-8,2.8002133036026487e-7,2.1562023115187927e-7,4.457707292572918e-7,4.4577055416483457e-7,1.7509259094456005e-13,0.0,0.0,9.453118160817134e-5,0.0,8.481146315843317e-13,1.1348013433159226e-5,0.0,0.0,9.453118160817134e-5,9.45311816081722e-5,0.0,0.0,0.0,1.1237771808324871e-5,2.0768178637037127e-6,2.839611207950167e-7,2.839610092590073e-7,1.1153600966638782e-13,5.032933486767352e-8,2.5230814718825886e-7,2.0527773688102024e-7,5.569086627862856e-8,5.569084440368363e-8,2.1874603756248313e-14,0.0,0.0,9.453112891149446e-5,0.0,5.058608327811234e-14,1.13667940255631e-5,0.0,0.0,9.453112891149446e-5,9.453112891149359e-5,0.0,0.0,0.0,1.1256773041189774e-5,2.0768308231735103e-6,2.84303997993155e-7,2.8430388632246765e-7,1.1167068709820949e-13
4440.0,0.0003503046916965369,0.0013299519162118594,0.00122844925583083,0.00017454607507606318,0.00017454600651677408,6.855928960418261e-11,0.0,0.0,8.311118413261917e-5,0.0,4.698128805037794e-18,1.1129138905083536e-5,0.0,0.0,8.311118413261917e-5,8.311118413261917e-5,0.0,0.0,0.0,1.0938942010438847e-5,2.0845817623021032e-6,2.867937744715448e-7,2.867936618229068e-7,1.1264863694072062e-13,2.405856931167547e-6,1.0028791293662928e-5,8.891396781049768e-6,4.460611025313617e-5,4.4606092732472315e-5,1.752066455592439e-11,0.0,0.0,8.263674585659748e-5,0.0,1.3238616468334694e-9,2.292589510170197e-5,0.0,0.0,8.263674585659748e-5,8.263674585659662e-5,0.0,0.0,0.0,2.2531893753114704e-5,2.528244936681855e-6,7.59332863480637e-7,7.593325652251663e-7,2.982554701998078e-13,5.386034389056292e-7,7.248635554167069e-7,4.647930665679875e-7,4.054264588781453e-6,4.054262996322777e-6,1.592459182786931e-12,0.0,0.0,8.309773712844234e-5,0.0,1.2468219547796492e-12,1.1002835876245241e-5,0.0,0.0,8.309773712844234e-5,8.309773712844148e-5,0.0,0.0,0.0,1.0812658346946761e-5,2.1095439737705557e-6,2.8351646208096594e-7,2.835163507196116e-7,1.1136135385967099e-13,1.1827294417498038e-7,4.2777021778302385e-7,3.347942000365265e-7,3.7952089595409803e-7,3.7952074688343716e-7,1.4907057065160252e-13,0.0,0.0,8.311118658066788e-5,0.0,8.918119701022815e-13,1.109384127454531e-5,0.0,0.0,8.311118658066788e-5,8.311118658066875e-5,0.0,0.0,0.0,1.0903995685526538e-5,2.084941034203042e-6,2.862198775723379e-7,2.862197651491205e-7,1.1242321815832488e-13,7.833946059432675e-8,4.023668165804319e-7,3.259721131056681e-7,5.097537284237134e-8,5.097535281929976e-8,2.0022423006769473e-14,0.0,0.0,8.311112322019823e-5,0.0,5.354109219241583e-14,1.1119368089042743e-5,0.0,0.0,8.311112322019823e-5,8.311112322019736e-5,0.0,0.0,0.0,1.0929526952034628e-5,2.084958997732276e-6,2.866457402478093e-7,2.866456276573181e-7,1.1259049114046754e-13
4560.0,0.0003610454775305797,0.0012717013889251558,0.0011437026268067254,0.0002211930602883662,0.00022119297340678453,8.68815816805793e-11,0.0,0.0,7.49777530984052e-5,0.0,2.361604811201722e-17,1.089477890703612e-5,0.0,0.0,7.49777530984052e-5,7.497775309840433e-5,0.0,0.0,0.0,1.0686458574956571e-5,2.1058387296359663e-6,2.8396754355933535e-7,2.8396743202080395e-7,1.1153853243957984e-13,2.707713733300556e-6,9.280143660348684e-6,8.222248835205635e-6,4.497219773517984e-5,4.497218007072172e-5,1.766445866696906e-11,0.0,0.0,7.446179385440371e-5,0.0,1.5348795076654375e-9,2.273093907921834e-5,0.0,0.0,7.446179385440371e-5,7.446179385440285e-5,0.0,0.0,0.0,2.2316258817477047e-5,2.5258450142944092e-6,7.602090922817007e-7,7.602087936820597e-7,2.9859964078116e-13,6.140561389232808e-7,7.990686345110982e-7,4.87454227500306e-7,3.886621943620306e-6,3.886620417009293e-6,1.5266114651875673e-12,0.0,0.0,7.496635339931945e-5,0.0,8.339524383773979e-12,1.0719750314350248e-5,0.0,0.0,7.496635339931945e-5,7.496635339931945e-5,0.0,0.0,0.0,1.0467133032816418e-5,2.128764460807987e-6,2.7980976350324885e-7,2.7980965359783493e-7,1.099054138097194e-13,1.3677771762117888e-7,4.896582750732411e-7,3.7471392364355085e-7,3.4534337814462507e-7,3.453432424978525e-7,1.3564611329595834e-13,0.0,0.0,7.497777133209232e-5,0.0,7.02679663205189e-13,1.0885640034801898e-5,0.0,0.0,7.497777133209232e-5,7.497777133209319e-5,0.0,0.0,0.0,1.067017677595795e-5,2.106703282111956e-6,2.8375653213792874e-7,2.8375642068227983e-7,1.1145565006514865e-13,9.359132448986257e-8,4.597267863080661e-7,3.674987060313322e-7,4.7020889884813465e-8,4.7020871415577184e-8,1.84691566719522e-14,0.0,0.0,7.49776973051966e-5,0.0,6.309298351337813e-14,1.0898427895161984e-5,0.0,0.0,7.49776973051966e-5,7.497769730519747e-5,0.0,0.0,0.0,1.0689065325501927e-5,2.1063416388779227e-6,2.840206504421703e-7,2.8402053888277956e-7,1.1155939209029798e-13
4680.0,0.00035108733693318744,0.001183477284785214,0.0010630871930601728,0.0002278799938434659,0.0002278799043353486,8.950811690326025e-11,0.0,0.0,6.725342051430196e-5,0.0,1.817296477391997e-17,1.1104447803662474e-5,0.0,0.0,6.725342051430196e-5,6.725342051430282e-5,0.0,0.0,0.0,1.0911574336433156e-5,2.1729840962093523e-6,2.958084179280391e-7,2.9580830173857374e-7,1.1618946449094131e-13,2.630454873971816e-6,8.840453479780276e-6,7.732301984062024e-6,4.4217849925469136e-5,4.421783255730725e-5,1.7368161257097537e-11,0.0,0.0,6.665133493891258e-5,0.0,1.5260127031169078e-9,2.3098185825021584e-5,0.0,0.0,6.665133493891258e-5,6.665133493891171e-5,0.0,0.0,0.0,2.265314342488425e-5,2.58718248478968e-6,7.783565516396095e-7,7.783562459118969e-7,3.0572771238722015e-13,6.321790027730839e-7,9.627203158609745e-7,6.507179622603433e-7,3.7742880833353265e-6,3.7742866008464838e-6,1.4824882750427786e-12,0.0,0.0,6.724386824046719e-5,0.0,1.6367246832380842e-11,1.0937208429266954e-5,0.0,0.0,6.724386824046719e-5,6.724386824046632e-5,0.0,0.0,0.0,1.0697857191206103e-5,2.194428532327921e-6,2.9045477510782536e-7,2.9045466102119825e-7,1.1408662746989453e-13,1.6703661071329479e-7,6.981077400092529e-7,5.454824380091405e-7,3.2696800562603605e-7,3.26967877196809e-7,1.2842852054499096e-13,0.0,0.0,6.725343134274427e-5,0.0,7.749038089372988e-13,1.1083478437904183e-5,0.0,0.0,6.725343134274427e-5,6.72534313427434e-5,0.0,0.0,0.0,1.0883144080700388e-5,2.1742873691124626e-6,2.951912209341753e-7,2.9519110498713714e-7,1.1594703802889313e-13,1.326562196380006e-7,6.705565821524083e-7,5.394101327264199e-7,5.095657781529134e-8,5.0956557799709195e-8,2.0015040579350486e-14,0.0,0.0,6.725333807000924e-5,0.0,8.103921652695971e-14,1.1100554276244469e-5,0.0,0.0,6.725333807000924e-5,6.725333807000924e-5,0.0,0.0,0.0,1.0906623904490619e-5,2.1738462496896222e-6,2.957226982954122e-7,2.9572258213961734e-7,1.1615579500215225e-13
4800.0,0.0003666342420296834,0.0011440327046772435,0.0010186232509234467,0.0001996078506139786,0.00019960777221077,7.840320919017265e-11,0.0,0.0,4.139184362205242e-5,0.0,7.336159275960688e-18,1.1947001963790017e-5,0.0,0.0,4.139184362205242e-5,4.139184362205329e-5,0.0,0.0,0.0,1.1698886275266994e-5,2.2579544523479105e-6,3.4421569146171203e-7,3.442155562585385e-7,1.352031735284997e-13,2.5388396887701843e-6,9.095056582939897e-6,7.791337356763963e-6,4.095181578625138e-5,4.095179970094409e-5,1.6085308117546002e-11,0.0,0.0,4.252972639903069e-5,0.0,1.3844920807228692e-9,2.276530129856052e-5,0.0,0.0,4.252972639903069e-5,4.252972639903069e-5,0.0,0.0,0.0,2.2289326903616908e-5,2.4385113303802126e-6,7.851334363787024e-7,7.851331279891241e-7,3.083895791936739e-13,6.836504205624816e-7,1.1876789234260906e-6,8.474666052095575e-7,3.072694756958179e-6,3.0726935500461573e-6,1.2069120982279981e-12,0.0,0.0,4.1376013019444116e-5,0.0,1.4565736437822803e-11,1.1798374458998736e-5,0.0,0.0,4.1376013019444116e-5,4.1376013019444983e-5,0.0,0.0,0.0,1.1502716254301754e-5,2.269882869102239e-6,3.391028585776457e-7,3.39102725382722e-7,1.3319492332726316e-13,2.0989577704253262e-7,9.32812722862113e-7,7.342227886916411e-7,2.361065321656036e-7,2.361064394255967e-7,9.273938763238219e-14,0.0,0.0,4.139230282474912e-5,0.0,1.0762508510594387e-12,1.1914667554909953e-5,0.0,0.0,4.139230282474912e-5,4.139230282474912e-5,0.0,0.0,0.0,1.165927661820857e-5,2.2602838559553737e-6,3.4328616247750344e-7,3.4328602763943723e-7,1.3483806737073555e-13,1.8357743298245965e-7,9.123916528184806e-7,7.304756581992548e-7,4.684620056420987e-8,4.6846182164855045e-8,1.8400541117651946e-14,0.0,0.0,4.139182446972513e-5,0.0,8.560246150019319e-14,1.1938455862516557e-5,0.0,0.0,4.139182446972513e-5,4.139182446972426e-5,0.0,0.0,0.0,1.1689533590036852e-5,2.2597466734092007e-6,3.440335881531695e-7,3.4403345302152334e-7,1.3513164586187711e-13
4920.0,0.00032916623107374313,0.0010045171240017875,0.0009363257184579192,0.0001807328546606698,0.00018073278367129817,7.098937124923483e-11,0.0,0.0,5.5625535352096106e-5,0.0,3.253256900284358e-17,1.0240064825956826e-5,0.0,0.0,5.5625535352096106e-5,5.5625535352096106e-5,0.0,0.0,0.0,9.919339991211382e-6,2.4210821871745136e-6,2.930572118280303e-7,2.930570967192013e-7,1.1510882870071168e-13,2.5297591275826557e-6,8.157354905946027e-6,6.62556429291896e-6,3.923444141684953e-5,3.9234426006103085e-5,1.541074716451797e-11,0.0,0.0,5.541918233707352e-5,0.0,1.400179514985604e-9,1.8645200154372716e-5,0.0,0.0,5.541918233707352e-5,5.541918233707265e-5,0.0,0.0,0.0,1.8128580919705284e-5,2.430445145738268e-6,6.243840093861868e-7,6.243837641367644e-7,2.452494225669284e-13,7.964352134715545e-7,1.961605596813748e-6,1.489932522363067e-6,2.773329316425635e-6,2.7733282271005278e-6,1.0893254843443686e-12,0.0,0.0,5.5617832267311484e-5,0.0,7.076159270863373e-12,1.011521773453668e-5,0.0,0.0,5.5617832267311484e-5,5.5617832267311484e-5,0.0,0.0,0.0,9.7267477654695e-6,2.42826058931741e-6,2.872788353748393e-7,2.8727872253567664e-7,1.1283916216983336e-13,3.872320836861669e-7,1.7865370606448887e-6,1.409938267400682e-6,2.338329194222681e-7,2.338328275761003e-7,9.184634392191308e-14,0.0,0.0,5.5624818572370255e-5,0.0,1.2989578046836403e-12,1.0207625882949376e-5,0.0,0.0,5.5624818572370255e-5,5.5624818572370255e-5,0.0,0.0,0.0,9.880735537832161e-6,2.423516240511715e-6,2.923912935626517e-7,2.9239117871538626e-7,1.148472651955518e-13,3.6301518419306483e-7,1.768646228072579e-6,1.4085354852713513e-6,7.2745209248606e-8,7.274518067507631e-8,2.857331432975997e-14,0.0,0.0,5.5624889044736045e-5,0.0,8.511743144077132e-14,1.022991957146797e-5,0.0,0.0,5.5624889044736045e-5,5.5624889044736045e-5,0.0,0.0,0.0,9.909609377349055e-6,2.423919132909524e-6,2.929621768647247e-7,2.929620617932242e-7,1.1507150027858075e-13
5040.0,0.00031400108532580887,0.0009069257791234826,0.0008725773363225359,0.00017397690485603944,0.00017397683652031133,6.833572739614245e-11,0.0,0.0,4.854414925275878e-5,0.0,1.1770655674405323e-17,1.0114770710719962e-5,0.0,0.0,4.854414925275878e-5,4.8544149252757914e-5,0.0,0.0,0.0,9.896199636884953e-6,2.7343415034806096e-6,3.13759242870358e-7,3.137591196300575e-7,1.2324030081205676e-13,2.849762891786716e-6,9.334174838733098e-6,7.5300206327781406e-6,4.0730825436023486e-5,4.073080943751735e-5,1.5998506157579477e-11,0.0,0.0,4.802727473053603e-5,0.0,1.643411787417253e-9,2.039137101584706e-5,0.0,0.0,4.802727473053603e-5,4.8027274730536897e-5,0.0,0.0,0.0,1.984670070639797e-5,2.763912155313966e-6,7.262750998932146e-7,7.26274814622378e-7,2.852708368503097e-13,1.1664467901768318e-6,3.9285112755331235e-6,3.018586926240425e-6,3.028343163443686e-6,3.0283419739534237e-6,1.189491404335695e-12,0.0,0.0,4.853627660095575e-5,0.0,4.169582192495376e-12,9.958453349777525e-6,0.0,0.0,4.853627660095575e-5,4.853627660095488e-5,0.0,0.0,0.0,9.71475369020262e-6,2.7554824344931245e-6,3.0754693458518237e-7,3.075468137849897e-7,1.208001918457095e-13,8.363577469277204e-7,3.830794976336329e-6,3.0115347138285116e-6,3.306158157891671e-7,3.306156859276887e-7,1.2986133003859977e-13,0.0,0.0,4.8542341548987386e-5,0.0,1.38067730761844e-12,1.0079701468655602e-5,0.0,0.0,4.8542341548987386e-5,4.8542341548987386e-5,0.0,0.0,0.0,9.853856789922025e-6,2.7431311997765656e-6,3.132175621985358e-7,3.132174391710003e-7,1.230275361192034e-13,8.094746689899304e-7,3.821466701306201e-6,3.019261039871728e-6,1.4456842757379832e-7,1.4456837078934198e-7,5.678448334819648e-14,0.0,0.0,4.854240937019784e-5,0.0,8.763278545417456e-14,1.0099978418610115e-5,0.0,0.0,4.854240937019784e-5,4.854240937019784e-5,0.0,0.0,0.0,9.883318890530583e-6,2.7428956653041563e-6,3.138082803529876e-7,3.138081570934264e-7,1.232595620585309e-13
5160.0,0.0003184173760520303,0.0008515120856326424,0.0008171553955624959,0.0001938758532139564,0.00019387577706219707,7.615175971136145e-11,0.0,0.0,4.114514715580775e-5,0.0,2.632066236557558e-17,1.026319725024478e-5,0.0,0.0,4.114514715580775e-5,4.114514715580775e-5,0.0,0.0,0.0,1.0022580669651612e-5,3.2474265084265027e-6,3.346638494580946e-7,3.34663718006753e-7,1.3145134180215427e-13,4.4781463168263105e-6,1.7115894968850742e-5,1.3886323464853337e-5,4.1488834446679004e-5,4.148881815043777e-5,1.6296241636658434e-11,0.0,0.0,4.052575772306964e-5,0.0,1.9271519873313337e-9,2.1967971829469547e-5,0.0,0.0,4.052575772306964e-5,4.0525757723068774e-5,0.0,0.0,0.0,2.0993224108432563e-5,3.2170852332865248e-6,7.844998183798002e-7,7.844995102390981e-7,3.081407027874513e-13,3.4731946227653174e-6,1.4693238130633994e-5,1.1346608904440645e-5,3.4175028943843933e-6,3.4175015520366448e-6,1.3423479763564977e-12,0.0,0.0,4.113112380528701e-5,0.0,9.928401720220524e-12,1.0038095514107228e-5,0.0,0.0,4.113112380528701e-5,4.113112380528788e-5,0.0,0.0,0.0,9.750793087906303e-6,3.3079951604545926e-6,3.2826731377757456e-7,3.282671848387034e-7,1.2893887085720097e-13,3.363694926520125e-6,1.5132191138217264e-5,1.1811984939802026e-5,7.189507280653026e-7,7.189504456706971e-7,2.8239392467022e-13,0.0,0.0,4.113531080912787e-5,0.0,1.2757349456899186e-12,1.0205396690363194e-5,0.0,0.0,4.113531080912787e-5,4.113531080912874e-5,0.0,0.0,0.0,9.962731779155005e-6,3.2971055811457714e-6,3.3513613901719047e-7,3.3513600738033965e-7,1.3163685062350668e-13,3.366063583934431e-6,1.5243880958268572e-5,1.1916794239839677e-5,5.297666422426723e-7,5.297664341583471e-7,2.0808502644537479e-13,0.0,0.0,4.113519821651902e-5,0.0,9.398941431621087e-14,1.0225683623463002e-5,0.0,0.0,4.113519821651902e-5,4.113519821651902e-5,0.0,0.0,0.0,9.996820124551094e-6,3.2972498376906277e-6,3.359637588413945e-7,3.359636268794663e-7,1.3196192826953858e-13
5280.0,0.0004751650644482662,0.0015409718461548453,0.0013350486198897347,0.00028659587659533576,0.00028659576402442966,1.1257090538587972e-10,0.0,0.0,2.8542768509385794e-5,0.0,2.517451678159588e-17,1.1561656757153505e-5,0.0,0.0,2.8542768509385794e-5,2.8542768509385794e-5,0.0,0.0,0.0,1.0776079739600004e-5,3.840378456478843e-6,3.661551346305982e-7,3.661549908099142e-7,1.4382068404722484e-13,1.6981119700839632e-5,7.377120786637787e-5,5.773100509598981e-5,4.4021769562477095e-5,4.402175227133285e-5,1.7291143596367036e-11,0.0,0.0,2.8077955232993015e-5,0.0,2.0058315192809373e-9,2.4197419689299676e-5,0.0,0.0,2.8077955232993015e-5,2.8077955232993015e-5,0.0,0.0,0.0,2.2794421938067092e-5,3.901830796016557e-6,7.851924498819768e-7,7.851921414692181e-7,3.084127588833902e-13,2.1621468460550613e-5,9.207974055765719e-5,7.094575895910606e-5,6.004436802041343e-6,6.004434443581431e-6,2.3584599163386245e-12,0.0,0.0,2.8466443939926048e-5,0.0,2.1042993507025903e-11,1.1980089088198443e-5,0.0,0.0,2.8466443939926048e-5,2.8466443939926048e-5,0.0,0.0,0.0,1.1083746753641776e-5,4.234401288382078e-6,3.792489001643725e-7,3.7924875120063837e-7,1.4896373445868834e-13,2.1796839279422144e-5,9.422245612897962e-5,7.272676728914961e-5,3.311598006139139e-6,3.311596705389151e-6,1.3007499977098974e-12,0.0,0.0,2.8467918395103792e-5,0.0,1.1563207507504555e-12,1.219966484419273e-5,0.0,0.0,2.8467918395103792e-5,2.8467918395102924e-5,0.0,0.0,0.0,1.1226515617979308e-5,4.237998468118875e-6,3.8339607476828054e-7,3.833959241755935e-7,1.5059268741328478e-13,2.187062338565972e-5,9.459271402163367e-5,7.302325376914766e-5,3.152798217624002e-6,3.152796979248466e-6,1.2383756321728088e-12,0.0,0.0,2.8467519585977444e-5,0.0,1.1913658642197193e-13,1.2232168239995922e-5,0.0,0.0,2.8467519585977444e-5,2.8467519585976576e-5,0.0,0.0,0.0,1.1243478633419583e-5,4.240079937343874e-6,3.8424980586497326e-7,3.842496549369523e-7,1.5092802120682236e-13
5400.0,0.0004911668989883542,0.0014368632489970303,0.0012220020022241367,0.00023155890683717716,0.0002315588158840345,9.095314315924785e-11,0.0,0.0,1.4526319204045957e-5,0.0,1.3042736600847686e-17,1.1061976317096899e-5,0.0,0.0,1.4526319204045957e-5,1.4526319204045957e-5,0.0,0.0,0.0,1.0234833049135207e-5,2.7771610154867792e-6,3.3373069472923506e-7,3.3373056364442324e-7,1.310848115019256e-13,4.829039117575096e-6,8.967847935406748e-6,7.699490142295798e-6,4.060928778150564e-5,4.060927183073741e-5,1.595076784406968e-11,0.0,0.0,1.3989681399246764e-5,0.0,1.8110542581744548e-9,2.0637383470335014e-5,0.0,0.0,1.3989681399246764e-5,1.3989681399245897e-5,0.0,0.0,0.0,1.9602425308353036e-5,2.9015823902618113e-6,7.219102948077925e-7,7.219100112513907e-7,2.835564016458123e-13,1.5606850906546219e-6,1.7639025594086185e-6,6.488570650927631e-7,2.9690846238402384e-6,2.9690834576246865e-6,1.1662154677294403e-12,0.0,0.0,1.452789214253028e-5,0.0,2.5002201891740235e-11,1.0936553711283032e-5,0.0,0.0,1.452789214253028e-5,1.4527892142531147e-5,0.0,0.0,0.0,1.0253881630815184e-5,2.7624447232846494e-6,3.252492870340256e-7,3.252491592805939e-7,1.277534316002369e-13,4.184441364427603e-7,7.471583318946428e-7,4.623941546101447e-7,2.1153224373368787e-7,2.11532160646085e-7,8.308694625431811e-14,0.0,0.0,1.453129547182054e-5,0.0,1.490460931514205e-12,1.1057608706926917e-5,0.0,0.0,1.453129547182054e-5,1.4531295471819673e-5,0.0,0.0,0.0,1.0284691742056548e-5,2.7574057044438584e-6,3.3165584415569943e-7,3.316557138858605e-7,1.3026983882898235e-13,2.2396560702114127e-7,6.025123676080113e-7,4.3966926434530875e-7,3.347018288209878e-8,3.3470169735397776e-8,1.3146625957307887e-14,0.0,0.0,1.4531707308878053e-5,0.0,1.3445807540853356e-13,1.1066880614468626e-5,0.0,0.0,1.4531707308878053e-5,1.4531707308877186e-5,0.0,0.0,0.0,1.0258632933613002e-5,2.755769158620086e-6,3.325370827449577e-7,3.325369521289815e-7,1.306159771860042e-13
5520.0,0.0003487512879604745,0.0007774502802478715,0.0007083680368692335,0.00018943173271285377,0.00018943165830668303,7.44061705061146e-11,0.0,0.0,1.7459390826597698e-6,0.0,2.961905126152006e-18,1.0696409967856559e-5,0.0,0.0,1.7459390826597698e-6,1.7459390826597698e-6,0.0,0.0,0.0,9.948746387419996e-6,2.2772696469544884e-6,3.0967849169162144e-7,3.096783700541837e-7,1.2163743806224357e-13,3.5088728594142443e-6,6.330081970378378e-6,4.965267126840498e-6,3.917351968493602e-5,3.9173504298118346e-5,1.5386817948924418e-11,0.0,0.0,1.1334112831225263e-6,0.0,1.6771237001490745e-9,1.8457405934257345e-5,0.0,0.0,1.1334112831225263e-6,1.133411283121659e-6,0.0,0.0,0.0,1.79366151754042e-5,2.6880052238549276e-6,6.860358611969772e-7,6.860355917315575e-7,2.6946541918036216e-13,1.4784335319074915e-6,1.2778584505997395e-6,3.460898565450695e-7,2.676318662731782e-6,2.676317611511467e-6,1.0512210382923603e-12,0.0,0.0,1.7443325666804954e-6,0.0,1.594177954481041e-11,1.0549607089789183e-5,0.0,0.0,1.7443325666804954e-6,1.7443325666804954e-6,0.0,0.0,0.0,9.758025270325627e-6,2.2993085779046712e-6,3.020489833252118e-7,3.020488646845387e-7,1.18640672460941e-13,2.4087709599640225e-7,2.712380444284722e-7,1.2452361261994842e-7,1.6929669528818566e-7,1.6929662879125462e-7,6.649740566337033e-14,0.0,0.0,1.7465546434062423e-6,0.0,1.8538212966074033e-12,1.0672810410012608e-5,0.0,0.0,1.7465546434062423e-6,1.7465546434062423e-6,0.0,0.0,0.0,9.915263199681433e-6,2.279728866604734e-6,3.085511409055138e-7,3.0855101971088255e-7,1.21194630230577e-13,6.609346372586297e-8,1.7536137243238992e-7,1.1892254348940375e-7,1.5747540951182572e-8,1.5747534765298516e-8,6.185416773895439e-15,0.0,0.0,1.746582221986287e-6,0.0,1.3246294574153805e-13,1.0692585217392446e-5,0.0,0.0,1.746582221986287e-6,1.7465822219871543e-6,0.0,0.0,0.0,9.943255537092059e-6,2.2765947027850886e-6,3.093068618962004e-7,3.09306740404734e-7,1.2149146700698652e-13
5640.0,0.0003105168926562348,0.000630033895234164,0.0006262329447870049,0.0001740050894207233,0.00017400502107392475,6.834679790421156e-11,0.0,0.0,0.0,0.0,5.4181868541026977e-17,1.2211841249889923e-5,0.0,0.0,0.0,0.0,0.0,0.0,0.0,1.1409185127950593e-5,3.8881948722529e-6,3.7381081883725346e-7,3.73810672009522e-7,1.4682773115735594e-13,3.595324735566896e-6,5.7218839358604194e-5,5.547550207964514e-5,3.8189955850462694e-5,3.818994084997529e-5,1.500048764764153e-11,0.0,0.0,0.0,0.0,1.87610451175076e-9,1.901877605212281e-5,0.0,0.0,0.0,0.0,0.0,0.0,0.0,1.7458315568443502e-5,3.7488214176612935e-6,6.090068920419991e-7,6.090066528324966e-7,2.3920950307393373e-13,1.3924497666386627e-6,3.620944589555996e-5,3.562136814403288e-5,2.3846519924436413e-6,2.384651055786428e-6,9.36658395119397e-13,0.0,0.0,0.0,0.0,8.831257210031415e-12,1.2255789069513277e-5,0.0,0.0,0.0,0.0,0.0,0.0,0.0,1.1409499585590108e-5,3.949076532248967e-6,3.687520632442366e-7,3.687519184035141e-7,1.4484072176979244e-13,2.896761935110119e-7,2.2250766822971974e-5,2.2073131782349454e-5,2.0168890524447473e-7,2.0168882602368434e-7,7.92206187311033e-14,0.0,0.0,0.0,0.0,2.0053851977589204e-12,1.229244295229424e-5,0.0,0.0,0.0,0.0,0.0,0.0,0.0,1.1480636969379657e-5,3.935877018376076e-6,3.7494808799877784e-7,3.749479407243421e-7,1.4727443479001472e-13,2.0267728949741742e-7,7.776734368112205e-6,7.624403669459784e-6,7.255068400895297e-8,7.255065551352759e-8,2.8496907500432444e-14,0.0,0.0,0.0,0.0,1.332534524599585e-13,1.2296202596354617e-5,0.0,0.0,0.0,0.0,0.0,0.0,0.0,1.1493645782098359e-5,3.932048203793154e-6,3.7568481027931093e-7,3.756846627155027e-7,1.4756380913525263e-13
5760.0,0.0005175356647974453,0.0014606003552182023,0.0012857110353322765,0.0002157806385245034,0.00021578055376884631,8.475565710159933e-11,0.0,0.0,0.0,0.0,4.878581074780068e-17,1.1397019728788355e-5,0.0,0.0,0.0,0.0,0.0,0.0,0.0,1.0441290901738811e-5,1.8256956798101174e-6,3.1610944153949707e-7,3.161093173760709e-7,1.241634264172286e-13,2.7822573110689378e-6,1.262149924358923e-5,1.1654010261878987e-5,3.703148667518547e-5,3.703147212972779e-5,1.4545456942134238e-11,0.0,0.0,0.0,0.0,2.2625942650769613e-9,1.713190253789434e-5,0.0,0.0,0.0,0.0,0.0,0.0,0.0,1.6237373845568388e-5,2.3815161239038847e-6,6.093327775813482e-7,6.093325382438423e-7,2.393375064166631e-13,7.518551074954527e-7,1.059969023561929e-6,8.216412366467257e-7,2.2088162973633543e-6,2.2088154297713614e-6,8.675925605746307e-13,0.0,0.0,0.0,0.0,1.0790011486432399e-11,1.1240677305969242e-5,0.0,0.0,0.0,0.0,0.0,0.0,0.0,1.0252980443787275e-5,1.8597925661571162e-6,3.0913570692688016e-7,3.091355855026414e-7,1.214242396969269e-13,1.4635758515150685e-7,5.02681401921215e-7,4.1793833850652465e-7,1.4306776954084941e-7,1.4306771334559573e-7,5.619504558137321e-14,0.0,0.0,0.0,0.0,2.0341521659417537e-12,1.1349962220881198e-5,0.0,0.0,0.0,0.0,0.0,0.0,0.0,1.0398261007357093e-5,1.8389124913787207e-6,3.1519481431472774e-7,3.151946905105551e-7,1.2380417346493204e-13,1.1677883644334655e-7,5.015159245231817e-7,3.938519785736766e-7,4.260897550867649e-8,4.260895877209695e-8,1.6736217588371508e-14,0.0,0.0,0.0,0.0,1.3978834159580374e-13,1.1388122318170253e-5,0.0,0.0,0.0,0.0,0.0,0.0,0.0,1.0434927791393812e-5,1.8321265427121588e-6,3.1599119329976385e-7,3.159910691827835e-7,1.2411698014045313e-13
5880.0,0.00038550653005009006,0.0009449244499443977,0.0008741849402492085,0.00020737773716081998,0.00020737765570570674,8.14551134035697e-11,0.0,0.0,0.0,0.0,2.802440320029273e-17,9.872096365292446e-6,0.0,0.0,0.0,0.0,0.0,0.0,0.0,8.762074247766196e-6,2.506611996655338e-6,3.166829906926117e-7,3.166828663039026e-7,1.243887086097578e-13,2.9313011415928528e-6,9.380576223523667e-6,8.809739659654607e-6,3.621100453190207e-5,3.621099030872017e-5,1.422318287867086e-11,0.0,0.0,0.0,0.0,2.5504148057903346e-9,1.407010025444017e-5,0.0,0.0,0.0,0.0,0.0,0.0,0.0,1.331746586422737e-5,2.2794837069944255e-6,5.030016792769184e-7,5.030014817047995e-7,1.9757211834129422e-13,1.0935955892486804e-6,1.2294215717073797e-6,4.7450221957878267e-7,2.0976298268358153e-6,2.0976290029151132e-6,8.239200492920715e-13,0.0,0.0,0.0,0.0,2.0464549139866708e-11,9.743152910781303e-6,0.0,0.0,0.0,0.0,0.0,0.0,0.0,8.582499180524897e-6,2.520373663450653e-6,3.053097236946564e-7,3.053096037732098e-7,1.1992144628077888e-13,1.7826658803505105e-7,1.8328598965420564e-7,8.662857483762902e-8,1.0975792563622025e-7,1.0975788252461792e-7,4.311139856156281e-14,0.0,0.0,0.0,0.0,1.987763820762229e-12,9.832491072644125e-6,0.0,0.0,0.0,0.0,0.0,0.0,0.0,8.718919019444963e-6,2.5108449786029245e-6,3.152712479543466e-7,3.1527112412015124e-7,1.2383419554381213e-13,4.2398587750923367e-8,9.52762477899795e-8,6.500433477968712e-8,9.381563850010679e-9,9.381560164681628e-9,3.684948817576595e-15,0.0,0.0,0.0,0.0,1.5336322120769701e-13,9.865558167669888e-6,0.0,0.0,0.0,0.0,0.0,0.0,0.0,8.754604946700387e-6,2.508786511591024e-6,3.1643580878771336e-7,3.1643568449609524e-7,1.242916189685534e-13
6000.0,0.00040124848951875224,0.0010611746031596217,0.0009322421640692771,0.00024378750026508142,0.00024378740450871567,9.575636590665198e-11,0.0,0.0,0.0,0.0,1.918594006151418e-17,1.1731384113262519e-5,0.0,0.0,0.0,0.0,0.0,0.0,0.0,1.065907320041315e-5,3.469999772537334e-6,3.6784781214075804e-7,3.6784766765521335e-7,1.4448554441475213e-13,3.012002932678559e-6,9.037515485766992e-6,7.966179705114482e-6,3.575570527670387e-5,3.575569123235629e-5,1.404434761422821e-11,0.0,0.0,0.0,0.0,2.550797085629515e-9,1.673037865517242e-5,0.0,0.0,0.0,0.0,0.0,0.0,0.0,1.5633091086638995e-5,3.2247406618836043e-6,5.397139589192733e-7,5.397137469270786e-7,2.119921951658989e-13,7.441847768275243e-7,1.177259601467138e-6,6.735486274777426e-7,2.1411444327523245e-6,2.1411435917391938e-6,8.410119860063427e-13,0.0,0.0,0.0,0.0,3.124373839265893e-11,1.1650986625355977e-5,0.0,0.0,0.0,0.0,0.0,0.0,0.0,1.0531314340476239e-5,3.4780300960713417e-6,3.6167540356187146e-7,3.6167526150076345e-7,1.420611075024308e-13,2.19044084339131e-7,5.407295407060583e-7,3.6651933467235596e-7,1.430039814397047e-7,1.430039252686077e-7,5.6169990495335864e-14,0.0,0.0,0.0,0.0,2.073845160444652e-12,1.1732054700658132e-5,0.0,0.0,0.0,0.0,0.0,0.0,0.0,1.065715301566057e-5,3.479464984713018e-6,3.674607054015551e-7,3.674605610680608e-7,1.4433349422955488e-13,1.488838074575026e-7,4.910249211263355e-7,3.522698143381516e-7,4.681593245765938e-8,4.6815914069331254e-8,1.838865222323834e-14,0.0,0.0,0.0,0.0,1.835534491063952e-13,1.1745722950464408e-5,0.0,0.0,0.0,0.0,0.0,0.0,0.0,1.067431588169567e-5,3.4798546261458937e-6,3.684083478350786e-7,3.684082031293636e-7,1.4470571510024952e-13
6120.0,0.000408486228103906,0.0011060199593545693,0.0009497931806500615,0.0002376450725968436,0.0002376449792531378,9.33437050823052e-11,0.0,0.0,0.0,0.0,1.3444609345473472e-17,1.2598613121916976e-5,0.0,0.0,0.0,0.0,0.0,0.0,0.0,1.1600647268094141e-5,4.1626147653157915e-6,4.226391207676976e-7,4.226389547608833e-7,1.6600681433909422e-13,3.0952663220527865e-6,9.23557119525818e-6,8.535092827018755e-6,3.576487360897969e-5,3.576485956103144e-5,1.4047948808625168e-11,0.0,0.0,0.0,0.0,2.289668367305184e-9,2.079709542110995e-5,0.0,0.0,0.0,0.0,0.0,0.0,0.0,1.88705903182127e-5,3.962617237774432e-6,6.50589124291523e-7,6.505888687490931e-7,2.5554243007868694e-13,1.1003855439868995e-6,1.1800801163924782e-6,4.940207603112344e-7,2.172028781392968e-6,2.1720279282503967e-6,8.531429319578197e-13,0.0,0.0,0.0,0.0,3.448423133783505e-11,1.2621610320145249e-5,0.0,0.0,0.0,0.0,0.0,0.0,0.0,1.150626021457271e-5,4.156992767395106e-6,4.1593788462510354e-7,4.159377212504412e-7,1.633746612574169e-13,1.8494954502840458e-7,1.6635212459920803e-7,5.201487265077821e-8,1.1270939052252141e-7,1.1270934625139789e-7,4.4270693240500755e-14,0.0,0.0,0.0,0.0,2.4362631662078575e-12,1.2606873927111837e-5,0.0,0.0,0.0,0.0,0.0,0.0,0.0,1.1571876351324443e-5,4.160916343425371e-6,4.212971084720369e-7,4.212969429923474e-7,1.654796904287431e-13,3.445142591172734e-8,3.7465033519013045e-8,2.0826844690077155e-8,7.163684711659682e-9,7.1636818978960024e-9,2.8137964977471986e-15,0.0,0.0,0.0,0.0,2.0853239223374584e-13,1.2597360227831527e-5,0.0,0.0,0.0,0.0,0.0,0.0,0.0,1.15874199447109e-5,4.162115994890742e-6,4.2220285341594213e-7,4.222026875804867e-7,1.6583545454368874e-13
6240.0,0.0003527614216529166,0.0009382304263916468,0.0008404704554281981,0.00020100461191327343,0.00020100453296143604,7.895183775363106e-11,0.0,0.0,0.0,0.0,1.4885511447762247e-17,1.0846005296327657e-5,0.0,0.0,0.0,0.0,0.0,0.0,0.0,9.984066160520806e-6,1.9345499430600664e-6,3.3430936486424307e-7,3.3430923355213785e-7,1.3131210514547538e-13,3.4184823225285287e-6,8.769158644743894e-6,8.091485352949652e-6,3.5470566673346374e-5,3.547055274099855e-5,1.3932349105660225e-11,0.0,0.0,0.0,0.0,2.106443655567402e-9,1.7941174482225885e-5,0.0,0.0,0.0,0.0,0.0,0.0,0.0,1.734612126789986e-5,2.3367399051447145e-6,7.332014340450702e-7,7.332011460536641e-7,2.879914053237367e-13,1.5178441252388167e-6,1.5790774567108942e-6,1.0590238621602179e-6,2.2005230214333767e-6,2.200522157097115e-6,8.643350762329449e-13,0.0,0.0,0.0,0.0,2.2385820691225036e-11,1.0561369218164573e-5,0.0,0.0,0.0,0.0,0.0,0.0,0.0,9.722301105532185e-6,1.8959681503952074e-6,3.22992687718345e-7,3.22992560851273e-7,1.2686707052945946e-13,3.6066314880239467e-7,1.041216455019449e-6,7.676170219578747e-7,1.742455225180382e-7,1.742454540764277e-7,6.844123670723401e-14,0.0,0.0,0.0,0.0,2.896302421747849e-12,1.0779244559157835e-5,0.0,0.0,0.0,0.0,0.0,0.0,0.0,9.935688423686411e-6,1.9109554876605654e-6,3.320522362460072e-7,3.3205210582046997e-7,1.3042553617195785e-13,2.962195028385385e-7,1.0389664638084632e-6,7.579340993950351e-7,6.97626087215624e-8,6.976258132167952e-8,2.740179000190837e-14,0.0,0.0,0.0,0.0,1.9987066464832095e-13,1.0835561028697671e-5,0.0,0.0,0.0,0.0,0.0,0.0,0.0,9.980722134182564e-6,1.916442536819988e-6,3.333572766448016e-7,3.333571457066644e-7,1.3093813803142233e-13
6360.0,0.000500257449532217,0.0013175177862301685,0.0011079268658893402,0.000213261920445963,0.00021326183667962344,8.37663393979349e-11,0.0,0.0,0.0,0.0,2.5577655509608358e-17,1.1586743696740567e-5,0.0,0.0,0.0,0.0,0.0,0.0,0.0,1.0616064702876218e-5,4.039967027618725e-6,4.4186606869514586e-7,4.4186589513625193e-7,1.7355889415863779e-13,4.135558712720783e-6,9.273436928929436e-6,8.25475349684589e-6,3.627460357420287e-5,3.627458932603989e-5,1.4248163704837817e-11,0.0,0.0,0.0,0.0,2.3777126632502523e-9,2.0799570313341764e-5,0.0,0.0,0.0,0.0,0.0,0.0,0.0,1.9339061848898116e-5,4.031736543338371e-6,7.772635407066256e-7,7.772632354082325e-7,3.052983927759815e-13,1.3731752197738457e-6,2.2383982926053895e-6,1.238784355461173e-6,2.2437657248051033e-6,2.2437648434840235e-6,8.813202133811742e-13,0.0,0.0,0.0,0.0,1.2207486297278142e-11,1.1437810080623355e-5,0.0,0.0,0.0,0.0,0.0,0.0,0.0,1.0336236275885585e-5,4.0500587739613255e-6,4.2939618121008697e-7,4.2939601254919325e-7,1.686608944353719e-13,5.55987527181296e-7,1.4740837015984026e-6,9.791018264246508e-7,2.041694137034472e-7,2.0416933350891494e-7,8.019492822373605e-14,0.0,0.0,0.0,0.0,3.0276344441109432e-12,1.1585418214102064e-5,0.0,0.0,0.0,0.0,0.0,0.0,0.0,1.0554813962763145e-5,4.047562358851789e-6,4.402055386375006e-7,4.4020536573084085e-7,1.7290666086683297e-13,4.433735298924914e-7,1.384628151127154e-6,9.642399918904077e-7,9.018786279408876e-8,9.018782736926395e-8,3.54245479388284e-14,0.0,0.0,0.0,0.0,1.954112165558185e-13,1.1608003735560097e-5,0.0,0.0,0.0,0.0,0.0,0.0,0.0,1.0608535306976096e-5,4.04742160786759e-6,4.417632843414346e-7,4.4176311082291354e-7,1.7351852188289447e-13
6480.0,0.00036164664972420735,0.0007484585960234045,0.0007160871323107581,0.00017935971422318198,0.00017935964377316154,7.045002063433331e-11,0.0,0.0,0.0,0.0,2.030353110528525e-17,1.3706330583519557e-5,0.0,0.0,0.0,0.0,0.0,0.0,0.0,1.2753716267800881e-5,4.275057847406125e-6,5.175677652826835e-7,5.175675619892084e-7,2.0329347591655658e-13,5.150648230190652e-6,9.982317039409788e-6,7.979380561148654e-6,3.505076063388544e-5,3.5050746866430956e-5,1.3767455086562429e-11,0.0,0.0,0.0,0.0,2.930278369038524e-9,2.2915264381780835e-5,0.0,0.0,0.0,0.0,0.0,0.0,0.0,2.1360919347590035e-5,4.067926720963784e-6,9.085869882096321e-7,9.085866313292006e-7,3.5688043072931094e-13,2.629463588173578e-6,2.4099212863371677e-6,5.82864514116377e-7,1.9686595608049097e-6,1.9686587875430006e-6,7.732623085480863e-13,0.0,0.0,0.0,0.0,1.2610040196988325e-11,1.3852674145228918e-5,0.0,0.0,0.0,0.0,0.0,0.0,0.0,1.2840965530745192e-5,4.324100514488305e-6,5.130442765834007e-7,5.130440750666882e-7,2.0151671197832215e-13,4.985537690313166e-7,4.917275372372755e-7,2.035265608166622e-7,1.1024360864123142e-7,1.1024356533772866e-7,4.3302168144099376e-14,0.0,0.0,0.0,0.0,3.0735973280052762e-12,1.3754959140328976e-5,0.0,0.0,0.0,0.0,0.0,0.0,0.0,1.2785709722438366e-5,4.301911259035304e-6,5.182380864791448e-7,5.182378829223747e-7,2.0355676883228617e-13,1.6957600773538292e-7,3.390619362263451e-7,1.9158946845905577e-7,2.2864033583280267e-8,2.2864024602900065e-8,8.980676874614748e-15,0.0,0.0,0.0,0.0,1.987394500554194e-13,1.3718448983865455e-5,0.0,0.0,0.0,0.0,0.0,0.0,0.0,1.2764744601279887e-5,4.2988456331844356e-6,5.183420330305462e-7,5.183418294329492e-7,2.0359759760324434e-13
6600.0,0.0003944382069081837,0.0007916237920406188,0.0007182649960552404,0.0001928686852967256,0.0001928686095405681,7.575615805210105e-11,0.0,0.0,0.0,0.0,4.7164936150481373e-17,1.3756148338811336e-5,0.0,0.0,0.0,0.0,0.0,0.0,0.0,1.1998474099453773e-5,2.1452748977973167e-6,3.661356254517011e-7,3.6613548163868014e-7,1.4381302111097478e-13,1.9207682782078524e-6,6.015747699891352e-6,5.627322759740767e-6,3.439534763916304e-5,3.4395334129145466e-5,1.351001790674667e-11,0.0,0.0,0.0,0.0,3.43029832274881e-9,1.8904382061151495e-5,0.0,0.0,0.0,0.0,0.0,0.0,0.0,1.7600934338372355e-5,2.3379958087985093e-6,7.557207244062235e-7,7.557204275695528e-7,2.968366718178602e-13,7.813951748646651e-7,1.0343994349532647e-6,6.257335335545103e-7,1.9924332434561664e-6,1.992432460855208e-6,7.826002830233055e-13,0.0,0.0,0.0,0.0,2.1666942002248203e-11,1.3770049717654522e-5,0.0,0.0,0.0,0.0,0.0,0.0,0.0,1.2004722452070177e-5,2.161278249468438e-6,3.603286989769054e-7,3.603285574447647e-7,1.4153214052559204e-13,2.3523377098684864e-7,6.208541981798724e-7,4.672704151845961e-7,1.466415487302827e-7,1.4664149113199188e-7,5.759877673011005e-14,0.0,0.0,0.0,0.0,3.0928068521798497e-12,1.379207273368406e-5,0.0,0.0,0.0,0.0,0.0,0.0,0.0,1.20253457369761e-5,2.164942060237872e-6,3.6715920071983557e-7,3.6715905650476904e-7,1.4421506735125401e-13,1.7064519656920588e-7,5.906767984591744e-7,4.543849148999678e-7,6.58072122741666e-8,6.580718642656297e-8,2.5848164860725854e-14,0.0,0.0,0.0,0.0,2.097959935831748e-13,1.3798845426954535e-5,0.0,0.0,0.0,0.0,0.0,0.0,0.0,1.203162153633624e-5,2.165414512860835e-6,3.679210247186515e-7,3.679208802043492e-7,1.4451430130503525e-13
6720.0,0.00036709210141049053,0.0004979424861084117,0.0005052728100053249,0.00019261634522607825,0.0001926162695690372,7.565704235457204e-11,0.0,0.0,0.0,0.0,6.283196403667287e-17,1.2264638615081741e-5,0.0,0.0,0.0,0.0,0.0,0.0,0.0,1.1195257474054171e-5,2.685552512507965e-6,4.0446300830108317e-7,4.0446284943359486e-7,1.588674881873389e-13,2.4843098005459738e-6,5.368579716516018e-6,5.15762698553534e-6,3.728485921310524e-5,3.7284844568125536e-5,1.464497817856139e-11,0.0,0.0,0.0,0.0,3.6714509411346617e-9,2.3549485952384545e-5,0.0,0.0,0.0,0.0,0.0,0.0,0.0,2.2435054805240774e-5,3.562795364135286e-6,1.0624397119164125e-6,1.0624392946047555e-6,4.1731165747794393e-13,5.502479852102608e-7,7.125530625823422e-7,3.703442581722737e-7,2.4035041990595587e-6,2.4035032549959317e-6,9.440632817230475e-13,0.0,0.0,0.0,0.0,3.095080834997551e-11,1.2243041313147893e-5,0.0,0.0,0.0,0.0,0.0,0.0,0.0,1.1170542121005691e-5,2.7168672739851755e-6,3.984407737201427e-7,3.984406172181054e-7,1.5650203754905342e-13,1.6709314454082733e-7,2.659221777023945e-7,1.5100275006797433e-7,1.573276223071386e-7,1.5732756051094884e-7,6.179611896597999e-14,0.0,0.0,0.0,0.0,3.273162736946291e-12,1.2266487249648443e-5,0.0,0.0,0.0,0.0,0.0,0.0,0.0,1.1199299995521828e-5,2.69856733740265e-6,4.0368251771009837e-7,4.0368235914917574e-7,1.585609222537458e-13,9.880887445789036e-8,2.2025935643812494e-7,1.3554823485021532e-7,2.913813304983745e-8,2.913812160616944e-8,1.1445056563979481e-14,0.0,0.0,0.0,0.0,2.2538076987703041e-13,1.2274701202152213e-5,0.0,0.0,0.0,0.0,0.0,0.0,0.0,1.1207901011343546e-5,2.6983929789319086e-6,4.045323939847263e-7,4.0453223508998337e-7,1.588947419263716e-13
6840.0,0.0003699563749728937,0.0003752213058077978,0.0004304996391509082,0.0002038397254030181,0.00020383964533758723,8.006543120865084e-11,0.0,0.0,0.0,0.0,2.4950531080743678e-17,1.3284157228809359e-5,0.0,0.0,0.0,0.0,0.0,0.0,0.0,1.1610136904535593e-5,3.408298944640593e-6,4.4881385584474534e-7,4.4881367955685657e-7,1.762878890735341e-13,2.626544658980174e-6,4.860493878409361e-6,4.630375993267216e-6,3.978240016928362e-5,3.9782384543305896e-5,1.5625977800800107e-11,0.0,0.0,0.0,0.0,3.6748990515318884e-9,2.8354483518906954e-5,0.0,0.0,0.0,0.0,0.0,0.0,0.0,2.656880818998588e-5,4.403313405706815e-6,1.2646788741021091e-6,1.2646783773537016e-6,4.967484095421445e-13,6.264842244466627e-7,6.7662541458562e-7,2.944489947394129e-7,2.845666734811378e-6,2.845665617071488e-6,1.1177386240502206e-12,0.0,0.0,0.0,0.0,3.843420180784561e-11,1.3305616001066893e-5,0.0,0.0,0.0,0.0,0.0,0.0,0.0,1.1586949666006036e-5,3.4166906251078404e-6,4.4440175367761586e-7,4.4440157912273967e-7,1.7455487622802821e-13,1.246019755950234e-7,1.1015162960366672e-7,3.441277054487638e-8,1.9859869713443766e-7,1.98598619128467e-7,7.800682762990895e-14,0.0,0.0,0.0,0.0,3.586613747749108e-12,1.3282596921757882e-5,0.0,0.0,0.0,0.0,0.0,0.0,0.0,1.159934153454442e-5,3.4101531714908438e-6,4.4771179998069087e-7,4.4771162412567533e-7,1.758550167381878e-13,2.541200946545863e-8,2.930700729626726e-8,1.2753311029419835e-8,1.5266004889513003e-8,1.526599889332268e-8,5.996276053907158e-15,0.0,0.0,0.0,0.0,2.514448254603203e-13,1.3283408268350579e-5,0.0,0.0,0.0,0.0,0.0,0.0,0.0,1.1606956815054298e-5,3.409327532711539e-6,4.485146371640373e-7,4.485144609936792e-7,1.7617036010488354e-13
6960.0,0.0003585914359525758,0.0003109577848341989,0.00040636805660215606,0.0002157895613606359,0.00021578947660147425,8.475916186849967e-11,0.0,0.0,0.0,0.0,2.0166821956947668e-17,1.439591953696316e-5,0.0,0.0,0.0,0.0,0.0,0.0,0.0,1.2366461669914073e-5,3.573842729674327e-6,4.6896148755725263e-7,4.6896130335565135e-7,1.8420160077867673e-13,2.736397298244795e-6,5.0889025007315915e-6,4.671343798782544e-6,4.021293825549702e-5,4.0212922460410955e-5,1.5795087219763055e-11,0.0,0.0,0.0,0.0,3.4814656148763613e-9,2.7570280555061406e-5,0.0,0.0,0.0,0.0,0.0,0.0,0.0,2.571896116860875e-5,4.393513044323267e-6,1.2132475889997711e-6,1.2132471124528614e-6,4.765469104909052e-13,6.861365528607749e-7,7.279858297297894e-7,3.436116364588198e-7,3.0770994536876486e-6,3.077098245046071e-6,1.208642202320196e-12,0.0,0.0,0.0,0.0,4.284285690204472e-11,1.4391268684121674e-5,0.0,0.0,0.0,0.0,0.0,0.0,0.0,1.234315960372332e-5,3.5790764036527674e-6,4.6160366462728926e-7,4.6160348331574136e-7,1.8131154946763e-13,1.3626441142762166e-7,1.24218313796434e-7,3.884192488238597e-8,2.255843755660908e-7,2.255842869601708e-7,8.860642972290243e-14,0.0,0.0,0.0,0.0,3.9990100690589275e-12,1.4391964955155285e-5,0.0,0.0,0.0,0.0,0.0,0.0,0.0,1.2362159163701082e-5,3.5759917705540376e-6,4.6694736642995055e-7,4.669471830194689e-7,1.8341048179416504e-13,2.841418606652768e-8,3.364089078220928e-8,1.190646809710725e-8,1.8546991773166368e-8,1.854698448950919e-8,7.285002425619345e-15,0.0,0.0,0.0,0.0,2.838547305330419e-13,1.4394068591053874e-5,0.0,0.0,0.0,0.0,0.0,0.0,0.0,1.2364616652950293e-5,3.574211740262165e-6,4.6848476792054297e-7,4.6848458390619055e-7,1.8401435188397107e-13
7080.0,0.00040594699184003883,0.0005246708926811867,0.0005556489274977807,0.0002169904783411202,0.00021699039311025525,8.523086548612482e-11,0.0,0.0,0.0,0.0,4.152583937319487e-17,1.494829544948938e-5,0.0,0.0,0.0,0.0,0.0,0.0,0.0,1.3006428704293397e-5,3.7830668671611802e-6,4.899366664610238e-7,4.899364740206619e-7,1.924403616006346e-13,3.6919886342574697e-6,6.763246278210329e-6,6.338648364420379e-6,3.881472688336409e-5,3.881471163747652e-5,1.5245889087704943e-11,0.0,0.0,0.0,0.0,3.30203886218503e-9,2.6017692726690295e-5,0.0,0.0,0.0,0.0,0.0,0.0,0.0,2.416968179370855e-5,4.392592036838e-6,1.1375069035884387e-6,1.1375064567914244e-6,4.4679701446103527e-13,1.0123778888047712e-6,1.0731640145163645e-6,4.520620658911653e-7,2.917327414748599e-6,2.917326268861913e-6,1.145885950232969e-12,0.0,0.0,0.0,0.0,3.6765663990437983e-11,1.4822162784389112e-5,0.0,0.0,0.0,0.0,0.0,0.0,0.0,1.2871376593641114e-5,3.787775909146943e-6,4.769770295083608e-7,4.769768421583648e-7,1.8734999504489526e-13,2.025427206044962e-7,1.917916019468152e-7,5.081601553379823e-8,2.1004300219569738e-7,2.100429196930957e-7,8.250199272909147e-14,0.0,0.0,0.0,0.0,4.4905071262451895e-12,1.492139077373993e-5,0.0,0.0,0.0,0.0,0.0,0.0,0.0,1.2965135356631667e-5,3.7814643591038345e-6,4.87821075819502e-7,4.878208842101171e-7,1.9160938679118808e-13,5.45474525283883e-8,7.15710726449051e-8,2.4113217867696626e-8,1.933568405251182e-8,1.9335676457358343e-8,7.594789868809205e-15,0.0,0.0,0.0,0.0,2.966122365490933e-13,1.4940947755022262e-5,0.0,0.0,0.0,0.0,0.0,0.0,0.0,1.2994581647259656e-5,3.7816905823519867e-6,4.894610295037109e-7,4.894608372501722e-7,1.9225353796745594e-13
7200.0,0.00027134641951408536,0.0003444252286562756,0.0004620502576069375,0.00018984064482832185,0.0001898405702615366,7.456678554220087e-11,0.0,0.0,0.0,0.0,4.149388991043978e-17,1.529944716081029e-5,0.0,0.0,0.0,0.0,0.0,0.0,0.0,1.372529458643551e-5,4.8864988207506034e-6,5.735005233311738e-7,5.735002980680824e-7,2.2526309142200913e-13,5.882906522658611e-6,8.435295340548561e-6,5.365437417666365e-6,3.697405122702832e-5,3.697403670413115e-5,1.4522897090691463e-11,0.0,0.0,0.0,0.0,3.5151745387640337e-9,2.4566697758705813e-5,0.0,0.0,0.0,0.0,0.0,0.0,0.0,2.2286873475846926e-5,4.990238871631046e-6,9.804872822896302e-7,9.80486897167756e-7,3.851218740405308e-13,2.814363467412706e-6,2.5694295801349426e-6,7.684742308207405e-7,2.573395024915576e-6,2.5733940141204615e-6,1.0107940536742471e-12,0.0,0.0,0.0,0.0,2.489792014088047e-11,1.527797541898311e-5,0.0,0.0,0.0,0.0,0.0,0.0,0.0,1.3577435029709739e-5,4.9057548223149086e-6,5.587356868631407e-7,5.587354673994732e-7,2.1946366740786816e-13,5.265908956417036e-7,4.450008874472868e-7,1.0708804640828962e-7,1.7013999938264352e-7,1.701399325542407e-7,6.68286438743116e-14,0.0,0.0,0.0,0.0,4.781017630772517e-12,1.5304420461292798e-5,0.0,0.0,0.0,0.0,0.0,0.0,0.0,1.3693361955596826e-5,4.893170849799243e-6,5.71612105016105e-7,5.716118804947586e-7,2.2452134676748122e-13,1.0863022605663714e-7,1.031160039089233e-7,2.4420024929081572e-8,1.5115233950851732e-8,1.5115228013364817e-8,5.9370553102242096e-15,0.0,0.0,0.0,0.0,2.940160210816044e-13,1.530563050202448e-5,0.0,0.0,0.0,0.0,0.0,0.0,0.0,1.3722937297946599e-5,4.890868882667477e-6,5.732674664505246e-7,5.732672412789755e-7,2.2517154989540838e-13
7320.0,0.00032860572210470203,0.0005517145158369042,0.0005853838425190112,0.00017261572653980666,0.00017261565873873154,6.780107533739652e-11,0.0,0.0,0.0,0.0,7.403955768989487e-18,1.4176873758421025e-5,0.0,0.0,0.0,0.0,0.0,0.0,0.0,1.2487460222447336e-5,2.725138791652225e-6,4.6113954867125187e-7,4.611393675420021e-7,1.8112925112476498e-13,5.326932815862689e-6,8.310706413361595e-6,6.4938928377455634e-6,3.541471803437793e-5,3.541470412396519e-5,1.3910412530968478e-11,0.0,0.0,0.0,0.0,4.178150424570464e-9,2.1429429523755106e-5,0.0,0.0,0.0,0.0,0.0,0.0,0.0,2.0234793166061543e-5,3.2804881960088165e-6,9.718172345724477e-7,9.7181685285605e-7,3.817163989413894e-13,2.694649448031078e-6,2.359061596305822e-6,7.493462438957872e-7,2.3047831477626353e-6,2.304782242475667e-6,9.052870150959486e-13,0.0,0.0,0.0,0.0,2.0881645319464736e-11,1.4036140944600239e-5,0.0,0.0,0.0,0.0,0.0,0.0,0.0,1.2351800873071237e-5,2.7113688892052828e-6,4.5198815460818997e-7,4.519879770734812e-7,1.7753470982340398e-13,4.6435395004195204e-7,4.4617414068208616e-7,1.5037761707128956e-7,1.4815551280536697e-7,1.4815545461070387e-7,5.819344092619214e-14,0.0,0.0,0.0,0.0,4.833396926921996e-12,1.4120676131258861e-5,0.0,0.0,0.0,0.0,0.0,0.0,0.0,1.243452704166752e-5,2.717935162724178e-6,4.5975442680618435e-7,4.597542462209897e-7,1.805851943704504e-13,1.0876559459202864e-7,1.5537220124992005e-7,7.882445802441529e-8,1.9015665139545964e-8,1.9015657670786424e-8,7.469090856134955e-15,0.0,0.0,0.0,0.0,2.976139963871233e-13,1.4157255377619922e-5,0.0,0.0,0.0,0.0,0.0,0.0,0.0,1.2470557519916932e-5,2.7217094510321536e-6,4.606506613488366e-7,4.606504804116144e-7,1.8093722293102492e-13
7440.0,0.000509587293586672,0.0008567763441046804,0.0007220548720797336,0.00018612848660866003,0.0001861284134999586,7.310870102023469e-11,0.0,0.0,0.0,0.0,1.556726344888421e-17,1.3845320649125296e-5,0.0,0.0,0.0,0.0,0.0,0.0,0.0,1.2128143532876292e-5,2.342087355106768e-6,4.3979131981172037e-7,4.3979114706776044e-7,1.7274396142816739e-13,4.016608390926962e-6,8.502538270941284e-6,7.7101252600554e-6,3.5039491523573885e-5,3.503947776054478e-5,1.3763028735542513e-11,0.0,0.0,0.0,0.0,5.012270992504552e-9,2.189420305945094e-5,0.0,0.0,0.0,0.0,0.0,0.0,0.0,2.062737334332704e-5,2.8635112146483122e-6,1.0351439830885438e-6,1.0351435764982732e-6,4.065902718675742e-13,8.84240001333518e-7,9.463157983722976e-7,3.3699312514646963e-7,2.3031519366097108e-6,2.3031510319629216e-6,9.046462978655663e-13,0.0,0.0,0.0,0.0,2.5317007321896832e-11,1.3938653416500417e-5,0.0,0.0,0.0,0.0,0.0,0.0,0.0,1.2082028521811261e-5,2.3876652056212414e-6,4.3726141660517596e-7,4.372612448549254e-7,1.717502503605738e-13,3.488164477577667e-7,3.424285481353772e-7,7.618458806452337e-8,1.477196061363436e-7,1.4771954811527105e-7,5.802222280240786e-14,0.0,0.0,0.0,0.0,4.88826165123989e-12,1.3852624427498112e-5,0.0,0.0,0.0,0.0,0.0,0.0,0.0,1.2130161358960162e-5,2.3526534482978757e-6,4.4096808256373996e-7,4.4096790935756167e-7,1.7320617759817215e-13,1.5717416361644976e-7,1.6538568786234315e-7,3.115413579016398e-8,1.9976142027586032e-8,1.9976134181123116e-8,7.846352924007093e-15,0.0,0.0,0.0,0.0,3.0660007861949686e-13,1.3863576948146724e-5,0.0,0.0,0.0,0.0,0.0,0.0,0.0,1.2144595873445676e-5,2.3475384391036804e-6,4.410083981631875e-7,4.410082249411742e-7,1.732220130092916e-13
7560.0,0.00027860117816544405,0.0004264775279411925,0.0004965739194930216,0.00017003922135436304,0.00017003915456530335,6.678905965558568e-11,0.0,0.0,0.0,0.0,5.777829320617676e-17,1.2617741816133951e-5,0.0,0.0,0.0,0.0,0.0,0.0,0.0,1.132109975541568e-5,2.881546341260019e-6,4.6736383474061804e-7,4.673636511665543e-7,1.835740647994527e-13,2.8136673435852876e-6,4.915212579368367e-6,3.96717902670203e-6,3.5689931524810525e-5,3.568991750629871e-5,1.401851259214323e-11,0.0,0.0,0.0,0.0,5.786332915144869e-9,2.251965336498967e-5,0.0,0.0,0.0,0.0,0.0,0.0,0.0,2.1259249846104052e-5,3.666158479384721e-6,1.0841777875716809e-6,1.084177361721609e-6,4.258500736161343e-13,1.145468158358573e-6,1.0416856191425397e-6,3.1336497532251535e-7,2.4908741196175827e-6,2.4908731412374284e-6,9.783809808386163e-13,0.0,0.0,0.0,0.0,3.30201152325153e-11,1.2639920007769344e-5,0.0,0.0,0.0,0.0,0.0,0.0,0.0,1.131468200691067e-5,2.896294648729068e-6,4.5973982753329085e-7,4.597396469538307e-7,1.805794599775239e-13,2.2017635337200428e-7,2.0463315351078578e-7,5.933824301334451e-8,1.6419997158154442e-7,1.6419990708697219e-7,6.449548292509503e-14,0.0,0.0,0.0,0.0,5.034426560434623e-12,1.2629670137753456e-5,0.0,0.0,0.0,0.0,0.0,0.0,0.0,1.1322784001468019e-5,2.8840582838059646e-6,4.666730168832821e-7,4.666728335805611e-7,1.8330272107817944e-13,5.355450660802369e-8,7.534139709030456e-8,2.9157691647916273e-8,1.5432793800146762e-8,1.543278773861772e-8,6.06178843677428e-15,0.0,0.0,0.0,0.0,3.1944086057750613e-13,1.2628371520500645e-5,0.0,0.0,0.0,0.0,0.0,0.0,0.0,1.1326018616551742e-5,2.8827244657666615e-6,4.671660049300924e-7,4.6716582143373185e-7,1.8349635997987238e-13
7680.0,0.0003941787484829846,0.0008235190703875265,0.0007471746549712068,0.00019933209179064587,0.00019933201349575186,7.829489492976052e-11,0.0,0.0,0.0,0.0,5.638068133531041e-18,1.347563140004118e-5,0.0,0.0,0.0,0.0,0.0,0.0,0.0,1.216976744747636e-5,3.3620816516840265e-6,5.406473935594129e-7,5.406471812005763e-7,2.1235883541141525e-13,3.6953484332026033e-6,8.628413190056803e-6,6.814185091069769e-6,3.819860887532149e-5,3.819859387143521e-5,1.500388643639704e-11,0.0,0.0,0.0,0.0,6.42506323744977e-9,2.872433039622809e-5,0.0,0.0,0.0,0.0,0.0,0.0,0.0,2.7050368391278068e-5,4.326066579186503e-6,1.420244756024563e-6,1.4202441981720243e-6,5.578525411968026e-13,1.427001128552572e-6,1.4253673794068357e-6,2.715466731309014e-7,3.0671543416662434e-6,3.0671531369299883e-6,1.2047358995577054e-12,0.0,0.0,0.0,0.0,4.101187116688686e-11,1.3708400095734078e-5,0.0,0.0,0.0,0.0,0.0,0.0,0.0,1.2181383402824267e-5,3.362884332408857e-6,5.348753379448914e-7,5.34875127853239e-7,2.1009165161874102e-13,3.725309872192571e-7,3.907476650493153e-7,4.891684818443358e-8,2.5041182886032326e-7,2.504117305009837e-7,9.835831076490095e-14,0.0,0.0,0.0,0.0,5.201510098937959e-12,1.3527247632895883e-5,0.0,0.0,0.0,0.0,0.0,0.0,0.0,1.2076953475329834e-5,3.359959938272042e-6,5.403186643095393e-7,5.403184520798246e-7,2.122297150984339e-13,1.2928722905409737e-7,1.4302395136485405e-7,2.1285013505382912e-8,2.912921481478415e-8,2.9129203373239603e-8,1.1441553604623101e-14,0.0,0.0,0.0,0.0,3.325082510390479e-13,1.3490876114467354e-5,0.0,0.0,0.0,0.0,0.0,0.0,0.0,1.2133205435508578e-5,3.361299463855519e-6,5.405867700460276e-7,5.405865577110043e-7,2.1233502333194484e-13
7800.0,0.0007281016008271212,0.0016329520528169314,0.0011553600370752134,0.00023650853171417003,0.0002365084388168819,9.289728750752863e-11,0.0,0.0,0.0,0.0,3.060365397223104e-17,2.1049504215370256e-5,0.0,0.0,0.0,0.0,0.0,0.0,0.0,1.8780949941463584e-5,4.356621444295926e-6,7.968389479006317e-7,7.968386349132886e-7,3.1298734258679094e-13,5.056701953734099e-6,2.0414028482603345e-5,1.640606692028716e-5,3.893842499986411e-5,3.8938409705388226e-5,1.5294476000866997e-11,0.0,0.0,0.0,0.0,6.92602674765007e-9,3.137043951769751e-5,0.0,0.0,0.0,0.0,0.0,0.0,0.0,2.963416573726661e-5,4.689596618444588e-6,1.5925278951525778e-6,1.5925272696295972e-6,6.255229807884567e-13,1.8311902062113396e-6,2.038160523350553e-6,4.121110541090194e-7,3.026239329311274e-6,3.0262381406457074e-6,1.1886650473195555e-12,0.0,0.0,0.0,0.0,4.805091068230215e-11,2.042592707658976e-5,0.0,0.0,0.0,0.0,0.0,0.0,0.0,1.826487480843453e-5,4.295115305828892e-6,7.811009400198841e-7,7.811006332142157e-7,3.068056702712208e-13,7.664974450332165e-7,8.388517227906751e-7,1.0062820084652828e-7,2.661671654792826e-7,2.6616706093279126e-7,1.0454678956960541e-13,0.0,0.0,0.0,0.0,5.35659850223314e-12,2.0783844170905742e-5,0.0,0.0,0.0,0.0,0.0,0.0,0.0,1.8563378566917138e-5,4.3297560298454576e-6,7.873969231143074e-7,7.873966138356632e-7,3.092786455479529e-13,3.664598857322683e-7,3.8527972854806535e-7,7.440728584246208e-8,4.4817835133016845e-8,4.481781753033477e-8,1.7603827167449644e-14,0.0,0.0,0.0,0.0,3.446722349163524e-13,2.095198578964006e-5,0.0,0.0,0.0,0.0,0.0,0.0,0.0,1.870456763342682e-5,4.353176686735803e-6,7.91714557968804e-7,7.917142469942528e-7,3.109745529366781e-13
7920.0,0.0006047742868869541,0.001265058972749885,0.0009758833554166318,0.0002359906350708896,0.00023599054237702428,9.269386485287295e-11,0.0,0.0,0.0,0.0,4.1594506759293805e-17,1.46153087492689e-5,0.0,0.0,0.0,0.0,0.0,0.0,0.0,1.2880519898198233e-5,3.346311537017444e-6,5.273099216763999e-7,5.273097145563396e-7,2.0712006050904848e-13,6.0443771848885455e-6,1.5765685166649395e-5,1.2057943421170622e-5,4.094524443332095e-5,4.094522835059513e-5,1.608272698079741e-11,0.0,0.0,0.0,0.0,7.330345941852903e-9,3.944512059093766e-5,0.0,0.0,0.0,0.0,0.0,0.0,0.0,3.7148146436775673e-5,5.030155907688973e-6,2.0218132317287957e-6,2.021812437588461e-6,7.941403369812702e-13,2.375469791062162e-6,4.859563600581863e-6,2.8009242802912605e-6,4.025129493768617e-6,4.025127912752982e-6,1.5810153195214311e-12,0.0,0.0,0.0,0.0,5.430291691719658e-11,1.4743749267853834e-5,0.0,0.0,0.0,0.0,0.0,0.0,0.0,1.3048135326398394e-5,3.4213398942340045e-6,5.245358108761401e-7,5.245356048457131e-7,2.060304280686392e-13,1.4216281313934008e-6,3.501347089434334e-6,2.1201451793231396e-6,7.541017796098774e-7,7.541014834076859e-7,2.9620077264248793e-13,0.0,0.0,0.0,0.0,5.535177706724027e-12,1.468355008169673e-5,0.0,0.0,0.0,0.0,0.0,0.0,0.0,1.2939858533222952e-5,3.368050001312407e-6,5.281834221645066e-7,5.281832147013467e-7,2.0746315944672095e-13,1.241646599119215e-6,3.2756390380208637e-6,2.0501322970142816e-6,4.413505206728331e-7,4.4135034731768257e-7,1.7335639401011778e-13,0.0,0.0,0.0,0.0,3.583258475092131e-13,1.4638964484148601e-5,0.0,0.0,0.0,0.0,0.0,0.0,0.0,1.2903128273238587e-5,3.3558305473204737e-6,5.276474407404594e-7,5.276472334878266e-7,2.072526333397447e-13
8040.0,0.0007255972559006628,0.001447576942475481,0.0009792470070865307,0.00023166481859873922,0.0002316647276039946,9.099474383763643e-11,0.0,0.0,0.0,0.0,2.566410523447227e-17,1.726596202750773e-5,0.0,0.0,0.0,0.0,0.0,0.0,0.0,1.559486747031083e-5,4.708233042050295e-6,7.088274572662491e-7,7.088271788486042e-7,2.7841764359889307e-13,8.570301563071234e-6,1.3689252035075036e-5,9.225415333004433e-6,4.642982489163369e-5,4.64298066546404e-5,1.8236994499188032e-11,0.0,0.0,0.0,0.0,7.685264422796582e-9,5.833875226006342e-5,0.0,0.0,0.0,0.0,0.0,0.0,0.0,5.532913978670845e-5,7.262692369082497e-6,3.0748202348773077e-6,3.074819027130354e-6,1.2077469566238546e-12,3.348513546613894e-6,2.9164769175840957e-6,1.2033271004937266e-6,5.574632236625542e-6,5.5746300469859556e-6,2.189638614223438e-12,0.0,0.0,0.0,0.0,5.997036350400273e-11,1.716443486202342e-5,0.0,0.0,0.0,0.0,0.0,0.0,0.0,1.5385018100242265e-5,4.576346887125005e-6,6.905470636805831e-7,6.905467924432258e-7,2.712373572626239e-13,1.327568192538344e-6,1.3995013222210259e-6,2.443121637631747e-7,7.250426171088965e-7,7.250423323241996e-7,2.847867346209288e-13,0.0,0.0,0.0,0.0,5.735496619258387e-12,1.6919896310298604e-5,0.0,0.0,0.0,0.0,0.0,0.0,0.0,1.5191270996366927e-5,4.578574619624417e-6,6.981164457923204e-7,6.981161715818153e-7,2.7421050610081637e-13,7.299880631227336e-7,6.97404049619782e-7,1.6105597677060983e-7,1.284973580862061e-7,1.284973076140307e-7,5.047198902925279e-14,0.0,0.0,0.0,0.0,3.738580703724118e-13,1.6910623328871983e-5,0.0,0.0,0.0,0.0,0.0,0.0,0.0,1.5238474119600102e-5,4.592690382251397e-6,7.001871072244489e-7,7.001868322006174e-7,2.7502383333682317e-13
8160.0,0.0007996141612609865,0.001885924827472113,0.001309131732786409,0.00030736635345011845,0.00030736623272085615,1.2072926206782427e-10,0.0,0.0,0.0,0.0,3.1806161057657173e-17,1.9754203644695438e-5,0.0,0.0,0.0,0.0,0.0,0.0,0.0,1.711255235288897e-5,3.062232090902278e-6,7.281489373873106e-7,7.281486513804563e-7,2.860068543595707e-13,8.454564429979938e-6,1.556030774637197e-5,1.043303292826103e-5,5.025689205830351e-5,5.025687231808902e-5,1.9740213669828418e-11,0.0,0.0,0.0,0.0,8.006564252476074e-9,5.354080220253321e-5,0.0,0.0,0.0,0.0,0.0,0.0,0.0,5.112720103424167e-5,5.443380710774042e-6,2.9541438293226326e-6,2.9541426689757036e-6,1.160346929821708e-12,2.9465481685931813e-6,3.060071538866969e-6,1.0500285220599564e-6,6.770585268401935e-6,6.770582609009668e-6,2.659392461297041e-12,0.0,0.0,0.0,0.0,6.513612357394732e-11,2.015664185943109e-5,0.0,0.0,0.0,0.0,0.0,0.0,0.0,1.743911202018189e-5,3.1983636407678434e-6,7.081628687108232e-7,7.081625905542197e-7,2.7815660238545333e-13,1.0747962070410504e-6,1.0851156819532344e-6,2.1295893990835955e-7,9.553662510837352e-7,9.553658758301763e-7,3.7525467964610373e-13,0.0,0.0,0.0,0.0,5.909136254778638e-12,1.9961746764185927e-5,0.0,0.0,0.0,0.0,0.0,0.0,0.0,1.72778963518518e-5,3.1215664563455333e-6,7.319427546042824e-7,7.319424671072697e-7,2.874970134088102e-13,4.704745621719221e-7,4.338607772544746e-7,1.2772351164731604e-7,1.5862050135852008e-7,1.5862043905379332e-7,6.230394401591716e-14,0.0,0.0,0.0,0.0,3.898949812906427e-13,1.986579161107488e-5,0.0,0.0,0.0,0.0,0.0,0.0,0.0,1.720335142837356e-5,3.0887356248880067e-6,7.303683008791278e-7,7.303680140005378e-7,2.868785897125784e-13
8280.0,0.0006808299208185442,0.001399706543047903,0.0009823629844393556,0.0002653410473472661,0.0002653409431249635,1.0422230176777582e-10,0.0,0.0,0.0,0.0,4.2802670639046236e-17,2.0316318652984343e-5,0.0,0.0,0.0,0.0,0.0,0.0,0.0,1.8308700516524042e-5,4.6304891733505475e-6,8.143628872379314e-7,8.143625673674278e-7,3.1987050413315325e-13,7.063079319153103e-6,1.8788488998744553e-5,1.503525381823239e-5,5.295804477709268e-5,5.295802397590315e-5,2.0801189182637023e-11,0.0,0.0,0.0,0.0,8.305308535154881e-9,5.689259141452899e-5,0.0,0.0,0.0,0.0,0.0,0.0,0.0,5.478688310643283e-5,6.901259066186015e-6,3.3227186373275283e-6,3.322717332209501e-6,1.3051180281795583e-12,2.7331364226227534e-6,4.8716101700017605e-6,2.8618626804713143e-6,7.99658030613827e-6,7.996577165191924e-6,3.140946393740483e-12,0.0,0.0,0.0,0.0,7.017124200478392e-11,1.8675334089161836e-5,0.0,0.0,0.0,0.0,0.0,0.0,0.0,1.6910194099997914e-5,4.488114626973104e-6,7.747549417739482e-7,7.747546374608967e-7,3.043130497331706e-13,2.061814665596951e-6,4.30267866771218e-6,2.316336831124444e-6,1.5533731745962662e-6,1.5533725644508414e-6,6.101435468769762e-13,0.0,0.0,0.0,0.0,6.101196176360852e-12,1.9912505456493577e-5,0.0,0.0,0.0,0.0,0.0,0.0,0.0,1.796986025914329e-5,4.59749565825791e-6,8.075197152317223e-7,8.07519398049123e-7,3.171826006029231e-13,1.9642786466245697e-6,4.177198196291001e-6,2.2456442143876758e-6,5.849538346075918e-7,5.849536048450087e-7,2.2976179403893135e-13,0.0,0.0,0.0,0.0,4.123441587212947e-13,2.024340208412261e-5,0.0,0.0,0.0,0.0,0.0,0.0,0.0,1.8252704273392477e-5,4.6429932609006e-6,8.14617567342688e-7,8.146172473721501e-7,3.199705389637892e-13
8400.0,0.0005771332338788287,0.001132068684920088,0.0008389296646726809,0.0002248676829717729,0.0002248675946468487,8.832492276188358e-11,0.0,0.0,0.0,0.0,5.2436901907309553e-17,1.9563971767458246e-5,0.0,0.0,0.0,0.0,0.0,0.0,0.0,1.7828600923442218e-5,5.903335468471524e-6,8.606323097065363e-7,8.606319716620447e-7,3.380444947740843e-13,6.507355255000544e-6,1.4155061464079429e-5,1.196249895061515e-5,5.351590545425596e-5,5.351588443394652e-5,2.1020309158310136e-11,0.0,0.0,0.0,0.0,8.853374388272126e-9,5.9872374910982114e-5,0.0,0.0,0.0,0.0,0.0,0.0,0.0,5.703583401405274e-5,8.280062068089125e-6,3.408344912675015e-6,3.4083435739241706e-6,1.3387508475180488e-12,1.5400075326680272e-6,1.4260788699683618e-6,5.366548929435546e-7,8.362427319622316e-6,8.362424034975863e-6,3.284646052052942e-12,0.0,0.0,0.0,0.0,7.921854629612418e-11,1.9871093075394126e-5,0.0,0.0,0.0,0.0,0.0,0.0,0.0,1.8078829790399084e-5,5.947188146804304e-6,8.557913676397321e-7,8.557910314966925e-7,3.361430395338524e-13,3.6566509187437035e-7,4.0273023856728816e-7,1.630388164019478e-7,1.349947337312364e-6,1.3499468070719e-6,5.302406852107833e-13,0.0,0.0,0.0,0.0,6.434580561081649e-12,1.9668033584592076e-5,0.0,0.0,0.0,0.0,0.0,0.0,0.0,1.7914645055566228e-5,5.906318087400021e-6,8.622210148040032e-7,8.622206761354882e-7,3.386685162126937e-13,1.4104694456016156e-7,1.755387524579001e-7,1.137366100179536e-7,2.4185798713557824e-7,2.418578921350973e-7,9.499847977527453e-14,0.0,0.0,0.0,0.0,4.588856706542129e-13,1.959966260844523e-5,0.0,0.0,0.0,0.0,0.0,0.0,0.0,1.785720974666601e-5,5.901481417860717e-6,8.610750528250819e-7,8.610747146066847e-7,3.3821839816132e-13
8520.0,0.0006030204210250331,0.001223928729375091,0.0009405239188006927,0.0002584384026537741,0.000258438301142737,1.0151103818668658e-10,0.0,0.0,0.0,0.0,5.0257619009421475e-17,1.839370647220589e-5,0.0,0.0,0.0,0.0,0.0,0.0,0.0,1.6515139749924584e-5,3.889418447047388e-6,7.15580353301687e-7,7.155800722315995e-7,2.810700879735882e-13,7.449695132264768e-6,2.4056777851530652e-5,1.9097820311531752e-5,5.491361458511611e-5,5.491359301580546e-5,2.1569310016927985e-11,0.0,0.0,0.0,0.0,9.735537121857975e-9,4.917918016641324e-5,0.0,0.0,0.0,0.0,0.0,0.0,0.0,4.74184749912569e-5,5.874077135471233e-6,2.9035780398554746e-6,2.9035768993700892e-6,1.140485385512377e-12,2.5645518148520972e-6,2.5803750170408827e-6,1.1875349139021544e-6,9.159762427409164e-6,9.15975882958001e-6,3.5978282793957695e-12,0.0,0.0,0.0,0.0,9.241509966895461e-11,1.8094226193018254e-5,0.0,0.0,0.0,0.0,0.0,0.0,0.0,1.6338826097223642e-5,3.887289951824576e-6,7.227165101641514e-7,7.227162262910791e-7,2.8387307191224987e-13,7.22012445848047e-7,1.0560836449234687e-6,5.397402869028667e-7,1.6462926747470806e-6,1.6462920281059425e-6,6.466410442741477e-13,0.0,0.0,0.0,0.0,6.882614812730645e-12,1.833748964534048e-5,0.0,0.0,0.0,0.0,0.0,0.0,0.0,1.6474796146633515e-5,3.909752088385123e-6,7.229853318379684e-7,7.229850478593078e-7,2.8397866135606213e-13,4.0612446005304503e-7,7.750080012880747e-7,4.829599025749743e-7,3.9131689137191526e-7,3.9131673766915757e-7,1.5370387487043482e-13,0.0,0.0,0.0,0.0,5.157017067297719e-13,1.843472429953292e-5,0.0,0.0,0.0,0.0,0.0,0.0,0.0,1.65622985276553e-5,3.921340753172679e-6,7.206791680321924e-7,7.206788849593601e-7,2.830728320375516e-13
8640.0,0.00048055272741927757,0.0011562024666831963,0.0009315882874126065,0.00025969888054605474,0.000259698778539919,1.0200613650854132e-10,0.0,0.0,0.0,0.0,2.1173311866697728e-17,1.774067818943156e-5,0.0,0.0,0.0,0.0,0.0,0.0,0.0,1.6439935719142154e-5,5.138841152916852e-6,8.638724642749428e-7,8.638721249577585e-7,3.3931718277535033e-13,6.415151538755569e-6,1.964062453237557e-5,1.6206133817093013e-5,5.4255661049555943e-5,5.42556397386801e-5,2.1310874947728922e-11,0.0,0.0,0.0,0.0,1.059339900481176e-8,4.0814900201660426e-5,0.0,0.0,0.0,0.0,0.0,0.0,0.0,3.849377466106831e-5,5.821623483003719e-6,2.1921616146603874e-6,2.1921607536095577e-6,8.610508310380487e-13,3.4300913902404404e-6,6.389860538908749e-6,3.5218890355957202e-6,9.964994807636617e-6,9.964990893523699e-6,3.914112446373955e-12,0.0,0.0,0.0,0.0,1.0683364062580028e-10,1.811797474748779e-5,0.0,0.0,0.0,0.0,0.0,0.0,0.0,1.6774598407014684e-5,5.262474996983346e-6,8.610532964812409e-7,8.61052958271391e-7,3.382098525696902e-13,2.6789689947142106e-6,6.46263612301142e-6,3.844317398057922e-6,2.6482395253585266e-6,2.648238485164836e-6,1.0401919406159485e-12,0.0,0.0,0.0,0.0,7.447904173891299e-12,1.789955942107217e-5,0.0,0.0,0.0,0.0,0.0,0.0,0.0,1.6571422355437e-5,5.174058072008487e-6,8.704765515454013e-7,8.70476209634224e-7,3.4191117712067953e-13,2.5849916095764883e-6,6.383368213800115e-6,3.828072543913305e-6,1.3638116519065542e-6,1.3638111162192672e-6,5.356863966596034e-13,0.0,0.0,0.0,0.0,5.785801809645319e-13,1.7796297233365447e-5,0.0,0.0,0.0,0.0,0.0,0.0,0.0,1.6498605893545327e-5,5.161463319432992e-6,8.679109038405834e-7,8.679105629371564e-7,3.4090342610742843e-13
8760.0,0.0005901218427921389,0.0013215866365132154,0.0009894847721594582,0.0002747834905406473,0.0002747833826094829,1.0793116315113217e-10,0.0,0.0,0.0,0.0,9.777163551830207e-17,1.5286998762045035e-5,0.0,0.0,0.0,0.0,0.0,0.0,0.0,1.402845031940299e-5,3.5305211437905338e-6,7.08769422254268e-7,7.087691438594207e-7,2.78394848247054e-13,7.713833178370818e-6,1.543753998654325e-5,1.369631803723885e-5,5.439868604684073e-5,5.4398664679787355e-5,2.1367053192958096e-11,0.0,0.0,0.0,0.0,1.1348214225673126e-8,4.7522659541433874e-5,0.0,0.0,0.0,0.0,0.0,0.0,0.0,4.5261034894433235e-5,5.627658313647351e-6,2.6957891240510236e-6,2.69578806518226e-6,1.0588687668117363e-12,2.6689264848067835e-6,3.063150041552749e-6,9.017485696493656e-7,9.543075462755505e-6,9.543071714368002e-6,3.748388350070723e-12,0.0,0.0,0.0,0.0,1.2273896183366105e-10,1.4745970266211532e-5,0.0,0.0,0.0,0.0,0.0,0.0,0.0,1.354547921661704e-5,3.523483089800758e-6,6.826132571690018e-7,6.826129890479366e-7,2.681210675491261e-13,7.869903377597312e-7,9.405831236334246e-7,2.2795858414003983e-7,1.7259378785401654e-6,1.7259372006159042e-6,6.779245812435302e-13,0.0,0.0,0.0,0.0,8.216725482276642e-12,1.4981673388403538e-5,0.0,0.0,0.0,0.0,0.0,0.0,0.0,1.3776686307908045e-5,3.4876675302226717e-6,6.984641353440296e-7,6.984638609969552e-7,2.7434707375871095e-13,3.2781771987407116e-7,4.5184320654768847e-7,1.4985550789994254e-7,3.4829166855422516e-7,3.4829153174830787e-7,1.3680416108279708e-13,0.0,0.0,0.0,0.0,6.485657327850556e-13,1.5102916982491042e-5,0.0,0.0,0.0,0.0,0.0,0.0,0.0,1.3903042863241474e-5,3.5025844008612185e-6,7.044326986364125e-7,7.044324219449708e-7,2.7669144305550143e-13
8880.0,0.0007596260318049621,0.001718261873714772,0.001273209550349433,0.00036111471218715197,0.0003611145703462757,1.418408756678205e-10,0.0,0.0,0.0,0.0,9.134154193347795e-17,1.4936114782253445e-5,0.0,0.0,0.0,0.0,0.0,0.0,0.0,1.3299448535191306e-5,2.3473348904066314e-6,5.586698209910212e-7,5.586696015532271e-7,2.194377962022299e-13,6.60154665641996e-6,1.4783981514536187e-5,1.455761350540669e-5,5.535995468162201e-5,5.535993293699511e-5,2.1744626247469416e-11,0.0,0.0,0.0,0.0,1.1954057553735865e-8,5.026435048418595e-5,0.0,0.0,0.0,0.0,0.0,0.0,0.0,4.8299866166897415e-5,4.732891482951985e-6,3.0128884607189663e-6,3.0128872772979573e-6,1.1834210103751503e-12,2.8294458848522434e-6,4.213871005365924e-6,1.975567298262383e-6,1.0400165588205991e-5,1.0400161503164766e-5,4.085041523749686e-12,0.0,0.0,0.0,0.0,1.3613002637170248e-10,1.5646981311836243e-5,0.0,0.0,0.0,0.0,0.0,0.0,0.0,1.3808446488134746e-5,2.4465747119889595e-6,5.557354666735055e-7,5.557352483882835e-7,2.1828522231955696e-13,1.347088850754078e-6,2.520733071170844e-6,1.2593684180417432e-6,2.2095141038403064e-6,2.209513235972025e-6,8.678666493280495e-13,0.0,0.0,0.0,0.0,9.019133474259424e-12,1.5014623325717948e-5,0.0,0.0,0.0,0.0,0.0,0.0,0.0,1.3295633900290849e-5,2.375602943394833e-6,5.585303570906289e-7,5.585301377076133e-7,2.1938301670671767e-13,1.0486490764640387e-6,2.2169189003521407e-6,1.1866113901270819e-6,7.162035433538718e-7,7.162032620384712e-7,2.813148684262592e-13,0.0,0.0,0.0,0.0,7.164618439367576e-13,1.4883258231921757e-5,0.0,0.0,0.0,0.0,0.0,0.0,0.0,1.3285041125586732e-5,2.356622336748792e-6,5.585798070274775e-7,5.585795876250368e-7,2.1940243995951573e-13
9000.0,0.0003073413247541416,0.0008116260588111298,0.0007518895527773271,0.00021720584654564835,0.0002172057612301883,8.531545914484397e-11,0.0,0.0,0.0,0.0,8.479206976522973e-17,1.3966326468017496e-5,0.0,0.0,0.0,0.0,0.0,0.0,0.0,1.2774640929561892e-5,3.097013181992491e-6,6.444649960110105e-7,6.444647428740526e-7,2.5313695700131166e-13,4.333321124177624e-6,1.5452308876146147e-5,1.4959898859292977e-5,5.2828487435356065e-5,5.282846668505427e-5,2.0750300846657438e-11,0.0,0.0,0.0,0.0,1.2387030432655895e-8,4.6928907480477274e-5,0.0,0.0,0.0,0.0,0.0,0.0,0.0,4.4706781307754525e-5,5.323605083577056e-6,2.769406293410391e-6,2.7694052056258204e-6,1.087784575040306e-12,1.4922833944499073e-6,2.1456239627560596e-6,1.3027867166046309e-6,9.703510996718723e-6,9.703507185314748e-6,3.811405213846994e-12,0.0,0.0,0.0,0.0,1.469701357761037e-10,1.409466689152923e-5,0.0,0.0,0.0,0.0,0.0,0.0,0.0,1.2886798350909852e-5,3.2252241896941185e-6,6.359059384912076e-7,6.359056887161281e-7,2.497750773200675e-13,3.4106907401349265e-7,4.7523631880086287e-7,2.53220724590812e-7,1.7677091664259757e-6,1.7677084720938905e-6,6.943317666930164e-13,0.0,0.0,0.0,0.0,9.875996985922905e-12,1.3920576069476647e-5,0.0,0.0,0.0,0.0,0.0,0.0,0.0,1.2730478914120744e-5,3.1033428632648297e-6,6.407941067882377e-7,6.407938550931553e-7,2.5169508237182353e-13,1.1297693243515067e-7,1.6736010368152106e-7,8.793183683692817e-8,3.476315670750575e-7,3.476314305329914e-7,1.3654488233214561e-13,0.0,0.0,0.0,0.0,7.845978067285108e-13,1.3925477506747853e-5,0.0,0.0,0.0,0.0,0.0,0.0,0.0,1.2736198856262885e-5,3.09349944335704e-6,6.425724876441341e-7,6.425722352505275e-7,2.523936058308748e-13
9120.0,0.0003220899399466689,0.0009496190488506023,0.0008319951730881394,0.0002463150538765178,0.00024631495712736535,9.67491540857109e-11,0.0,0.0,0.0,0.0,6.306986374208147e-17,1.4135433821508008e-5,0.0,0.0,0.0,0.0,0.0,0.0,0.0,1.3164647666700095e-5,4.6873534927584465e-6,7.893917555131536e-7,7.893914454509689e-7,3.1006218818610537e-13,4.436156608440649e-6,1.4389472277130182e-5,1.4600794654771269e-5,5.138000904666701e-5,5.137998886531038e-5,2.0181358524166386e-11,0.0,0.0,0.0,0.0,1.2808909054929261e-8,4.741300836564268e-5,0.0,0.0,0.0,0.0,0.0,0.0,0.0,4.554813792942703e-5,6.130669523526704e-6,2.8951220762937884e-6,2.895120939129788e-6,1.1371639997152139e-12,1.2171376586687238e-6,1.737117247550484e-6,1.042463829898678e-6,9.428652505333624e-6,9.428648801887146e-6,3.703444591398733e-12,0.0,0.0,0.0,0.0,1.5762788492733073e-10,1.4127550421366968e-5,0.0,0.0,0.0,0.0,0.0,0.0,0.0,1.3289508346745818e-5,4.750018830574069e-6,7.868364847680172e-7,7.868361757095044e-7,3.0905851309941726e-13,3.4026651721643167e-7,5.064958136485217e-7,2.71509582308653e-7,1.72937694112881e-6,1.7293762618536939e-6,6.792753975705611e-13,0.0,0.0,0.0,0.0,1.0775733407821232e-11,1.4148504046962023e-5,0.0,0.0,0.0,0.0,0.0,0.0,0.0,1.3193626530311837e-5,4.679650167878586e-6,7.914374599725414e-7,7.914371491068275e-7,3.1086571266761885e-13,1.932686739701192e-7,3.548330944523606e-7,1.785311461638189e-7,3.5474653698201247e-7,3.5474639764343013e-7,1.3933954432620478e-13,0.0,0.0,0.0,0.0,8.495990385374071e-13,1.4125396957909852e-5,0.0,0.0,0.0,0.0,0.0,0.0,0.0,1.3158670192024381e-5,4.675635140156174e-6,7.887668587043511e-7,7.887665488876155e-7,3.0981673734300494e-13
9240.0,0.0006615052290372338,0.0015647639611191919,0.0011107793135605544,0.0002928135131579642,0.00029281339814485785,1.1501310722608153e-10,0.0,0.0,0.0,0.0,4.271983656875546e-17,2.3468806523608925e-5,0.0,0.0,0.0,0.0,0.0,0.0,0.0,2.1988550923768154e-5,4.493147252008745e-6,1.3014324866297282e-6,1.3014319754450078e-6,5.111847213536985e-13,6.431089403171816e-6,4.10013361425376e-5,3.7563762300580575e-5,4.6744816951275615e-5,4.6744798590558806e-5,1.8360719033415425e-11,0.0,0.0,0.0,0.0,1.3300803305853707e-8,3.9193937547604854e-5,0.0,0.0,0.0,0.0,0.0,0.0,0.0,3.723027367120469e-5,5.356003202729245e-6,2.6789225840301972e-6,2.6789215317863762e-6,1.0522438226449634e-12,1.8252322002490495e-6,3.715324759139272e-6,3.1555495366830785e-6,7.382568702403716e-6,7.382565802632769e-6,2.8997711089773723e-12,0.0,0.0,0.0,0.0,1.6763264892247942e-10,2.387928651140921e-5,0.0,0.0,0.0,0.0,0.0,0.0,0.0,2.24072410582347e-5,4.542557053532792e-6,1.319456419272866e-6,1.3194559010085945e-6,5.182642733708303e-13,5.358416493633431e-7,9.549173120188635e-7,4.8865999684663e-7,1.1355765568526732e-6,1.1355761108145638e-6,4.460388009019428e-13,0.0,0.0,0.0,0.0,1.1569015051103858e-11,2.359310332287265e-5,0.0,0.0,0.0,0.0,0.0,0.0,0.0,2.2094007894054773e-5,4.500615872696045e-6,1.3051543585139453e-6,1.3051538458673232e-6,5.126466212690559e-13,2.9471368209656873e-7,4.946969667421159e-7,2.16651875643186e-7,2.234441015299334e-7,2.2344401376399417e-7,8.776575961636818e-14,0.0,0.0,0.0,0.0,9.037073316778578e-13,2.3508947657099303e-5,0.0,0.0,0.0,0.0,0.0,0.0,0.0,2.2020945014897593e-5,4.4888291753318605e-6,1.301733864161111e-6,1.3017333528580076e-6,5.113030982891001e-13
9360.0,0.0005392249676010254,0.001153847460166377,0.0008299981075781653,0.00024346603070315076,0.00024346593507305393,9.563009709891332e-11,0.0,0.0,0.0,0.0,6.456222566312912e-17,1.3357962496246974e-5,0.0,0.0,0.0,0.0,0.0,0.0,0.0,1.1677708073533014e-5,3.4685105530084267e-6,5.45804581238744e-7,5.45804366854234e-7,2.1438450756414843e-13,5.722207515964153e-6,3.277764802329805e-5,2.892444582246301e-5,5.267296537435881e-5,5.267294468514508e-5,2.06892139272574e-11,0.0,0.0,0.0,0.0,1.3700996769142454e-8,6.155028657750538e-5,0.0,0.0,0.0,0.0,0.0,0.0,0.0,5.8734007140484835e-5,6.242012728706765e-6,3.8048054446734596e-6,3.804803950198387e-6,1.494475073445586e-12,1.0634349692372098e-6,4.440911747040019e-6,4.300873749346363e-6,1.0462927959148168e-5,1.0462923849453609e-5,4.109693716952419e-12,0.0,0.0,0.0,0.0,1.768495105970692e-10,1.4040577979042188e-5,0.0,0.0,0.0,0.0,0.0,0.0,0.0,1.2269961716045881e-5,3.5790797296515934e-6,5.396986128894957e-7,5.396984009033295e-7,2.1198616745717214e-13,1.9667712110923302e-7,8.364356516046292e-7,7.221658597900517e-7,1.927498269888121e-6,1.9274975127950595e-6,7.570947214902734e-13,0.0,0.0,0.0,0.0,1.2314942640120963e-11,1.3337402962406401e-5,0.0,0.0,0.0,0.0,0.0,0.0,0.0,1.1672073618039984e-5,3.468090705786838e-6,5.46650283224323e-7,5.466500685076358e-7,2.147166876336389e-13,8.298923106098838e-8,2.275619300842387e-7,1.704495781186771e-7,3.804193446865268e-7,3.8041919526247074e-7,1.494234689143938e-13,0.0,0.0,0.0,0.0,9.577677234624402e-13,1.3351057660335041e-5,0.0,0.0,0.0,0.0,0.0,0.0,0.0,1.1671333314224222e-5,3.4708155115082e-6,5.460750015820156e-7,5.460747870912914e-7,2.1449072494326315e-13
9480.0,0.000545225072152598,0.001167207465103208,0.0008400224110181211,0.00024057887872359055,0.0002405787842275262,9.449606364320955e-11,0.0,0.0,0.0,0.0,8.763132208735151e-17,1.9247380069496465e-5,0.0,0.0,0.0,0.0,0.0,0.0,0.0,1.804175280026622e-5,4.133453597382559e-6,1.0877619195967218e-6,1.0877614923388518e-6,4.27257871215578e-13,9.40333558216563e-6,2.0142915462026062e-5,1.7264725804883442e-5,6.058344920522758e-5,6.0583425408882985e-5,2.379634281361721e-11,0.0,0.0,0.0,0.0,1.4028688894346878e-8,7.043002013080744e-5,0.0,0.0,0.0,0.0,0.0,0.0,0.0,6.737461327662062e-5,7.474014747161821e-6,4.440764640244622e-6,4.440762895973553e-6,1.7442710694117287e-12,3.019748177357246e-6,3.320560348013462e-6,1.640060063194806e-6,1.4768018254644315e-5,1.4768012453972354e-5,5.800673776014962e-12,0.0,0.0,0.0,0.0,1.8473883902414595e-10,2.0261832428093258e-5,0.0,0.0,0.0,0.0,0.0,0.0,0.0,1.8921275508279335e-5,4.359934341859809e-6,1.1090220678063025e-6,1.1090216321977382e-6,4.356085640483627e-13,9.331663922023704e-7,9.949395013232517e-7,2.673546564571454e-7,3.223308194530596e-6,3.2233069284597363e-6,1.2660709780845093e-12,0.0,0.0,0.0,0.0,1.3081494567754836e-11,1.9456523995769956e-5,0.0,0.0,0.0,0.0,0.0,0.0,0.0,1.822006992948883e-5,4.157647486958831e-6,1.0953703097258269e-6,1.0953698794794865e-6,4.302463418646929e-13,4.012498221591873e-7,4.3978262837949526e-7,7.036316199151801e-8,7.488617196609941e-7,7.4886142551869e-7,2.9414254940656294e-13,0.0,0.0,0.0,0.0,1.0096791045387241e-12,1.9315925191939036e-5,0.0,0.0,0.0,0.0,0.0,0.0,0.0,1.8094629883303644e-5,4.1437251882835995e-6,1.0892814214581605e-6,1.0892809936034503e-6,4.2785471057806214e-13
9600.0,0.0004253771947805938,0.00094618173900204,0.0006999193589237913,0.00021100015416667,0.0002110000712887203,8.287794881515326e-11,0.0,0.0,0.0,0.0,5.696552795145007e-17,1.5794692659692368e-5,0.0,0.0,0.0,0.0,0.0,0.0,0.0,1.4350145972214095e-5,3.300895929271216e-6,7.789390172565752e-7,7.789387113000773e-7,3.059564968437055e-13,7.368189909990729e-6,1.351584380497878e-5,1.054184235338307e-5,5.860905674978376e-5,5.860903372895328e-5,2.302082870316763e-11,0.0,0.0,0.0,0.0,1.4129537783030073e-8,6.308423954880421e-5,0.0,0.0,0.0,0.0,0.0,0.0,0.0,6.037002392605901e-5,6.5225140296462275e-6,4.102330730764492e-6,4.102329119425595e-6,1.6113389000586652e-12,2.298490144660506e-6,2.477261984244385e-6,8.953078052316584e-7,1.5531114127513573e-5,1.5531108027105887e-5,6.100407304374097e-12,0.0,0.0,0.0,0.0,1.875960532164009e-10,1.6061338460903836e-5,0.0,0.0,0.0,0.0,0.0,0.0,0.0,1.461538010599664e-5,3.4470079705237117e-6,7.824354658516162e-7,7.824351585217638e-7,3.0732985360185274e-13,6.261536209593681e-7,6.945588787182675e-7,1.644659890350723e-7,3.6699243384153174e-6,3.669922896919666e-6,1.4414956362281258e-12,0.0,0.0,0.0,0.0,1.3579146037387379e-11,1.594577254184959e-5,0.0,0.0,0.0,0.0,0.0,0.0,0.0,1.4530435596565752e-5,3.3131179302324277e-6,7.868350469804379e-7,7.86834737922491e-7,3.0905794835629875e-13,2.2030955649761721e-7,2.387922388955888e-7,4.496601090271408e-8,8.992801228407992e-7,8.992797696175897e-7,3.5322482244459396e-13,0.0,0.0,0.0,0.0,1.0397768579127514e-12,1.5822403289210483e-5,0.0,0.0,0.0,0.0,0.0,0.0,0.0,1.4413696027640031e-5,3.304875541985461e-6,7.813656186482171e-7,7.813653117385813e-7,3.0690963238394046e-13
9720.0,0.0005611391913021451,0.0013076791297933924,0.0009069616519325318,0.00023546147912703537,0.00023546138664101517,9.248601970032796e-11,0.0,0.0,0.0,0.0,5.604711302558729e-17,2.0562314605264932e-5,0.0,0.0,0.0,0.0,0.0,0.0,0.0,1.9297497323299308e-5,4.270836110221271e-6,1.2248657593209972e-6,1.2248652782106289e-6,4.811103674656696e-13,9.335032952221753e-6,3.1864787195070995e-5,2.784119893048918e-5,5.752332884543683e-5,5.752330625106719e-5,2.2594369765074553e-11,0.0,0.0,0.0,0.0,1.410051090598727e-8,4.117341659458081e-5,0.0,0.0,0.0,0.0,0.0,0.0,0.0,3.99226978372393e-5,5.259365620206095e-6,2.840110074783034e-6,2.8401089592269923e-6,1.1155560446716091e-12,4.057086829736996e-6,7.76601801363155e-6,4.670217283551009e-6,1.4904829239508294e-5,1.4904823385097478e-5,5.854411242916923e-12,0.0,0.0,0.0,0.0,1.902775011040174e-10,2.1035707577734243e-5,0.0,0.0,0.0,0.0,0.0,0.0,0.0,1.9783021109219628e-5,4.3473383889892775e-6,1.2327506246730137e-6,1.2327501404655823e-6,4.842074337670669e-13,1.4708803294052365e-6,2.2197988721029675e-6,1.026940876322274e-6,3.5035221272837924e-6,3.5035207511495386e-6,1.3761351439989723e-12,0.0,0.0,0.0,0.0,1.4073140053221388e-11,2.0460335855119456e-5,0.0,0.0,0.0,0.0,0.0,0.0,0.0,1.924062853955621e-5,4.252668604518065e-6,1.2255185423108256e-6,1.2255180609440564e-6,4.813667716158563e-13,6.684643991195297e-7,8.53614029183205e-7,2.3338417856857865e-7,8.556015497453605e-7,8.556012136784306e-7,3.36068481685207e-13,0.0,0.0,0.0,0.0,1.0842457235996475e-12,2.0472729804423396e-5,0.0,0.0,0.0,0.0,0.0,0.0,0.0,1.922708686732561e-5,4.254797569456994e-6,1.218668160879316e-6,1.21866768220328e-6,4.786760363228561e-13
9840.0,0.000635763069290318,0.0013880378883914793,0.0009582697740294021,0.0002763833041319558,0.00027638319557241053,1.0855954785283079e-10,0.0,0.0,0.0,0.0,7.138524905499684e-17,1.9563452487538143e-5,0.0,0.0,0.0,0.0,0.0,0.0,0.0,1.8415441057750756e-5,4.4406106713511135e-6,1.1903367189034952e-6,1.1903362513556583e-6,4.675478368805145e-13,1.2464588701220376e-5,2.382934341906746e-5,1.6868876892050605e-5,5.7145427741972304e-5,5.7145405296038575e-5,2.244593542655982e-11,0.0,0.0,0.0,0.0,1.4576490765988304e-8,4.837000744888437e-5,0.0,0.0,0.0,0.0,0.0,0.0,0.0,4.5135758331284e-5,6.9052876939930656e-6,2.82448228224044e-6,2.8244811728227787e-6,1.1094176634199252e-12,6.931384790789027e-6,6.868042427621003e-6,2.431920930816121e-6,1.3710134427781722e-5,1.3710129042628389e-5,5.38515160731625e-12,0.0,0.0,0.0,0.0,2.0099451194678082e-10,2.28663783596869e-5,0.0,0.0,0.0,0.0,0.0,0.0,0.0,2.1544949997004666e-5,6.013618938095665e-6,1.3847979656768687e-6,1.3847974217473362e-6,5.439295311037524e-13,3.4449757421056194e-6,3.3644068795443313e-6,1.137917969902633e-6,3.1535377581611805e-6,3.1535365194953385e-6,1.2386661134903058e-12,0.0,0.0,0.0,0.0,1.498794341360771e-11,2.1001484629067096e-5,0.0,0.0,0.0,0.0,0.0,0.0,0.0,1.9848796715200795e-5,5.2016919652353245e-6,1.3030647546509407e-6,1.3030642428250865e-6,5.118258537076006e-13,5.151962965369017e-6,4.768037006421329e-6,1.6001257343507315e-6,9.487938547402501e-7,9.487934820653795e-7,3.726731330592584e-13,0.0,0.0,0.0,0.0,1.1609375266433151e-12,2.1896169283905092e-5,0.0,0.0,0.0,0.0,0.0,0.0,0.0,2.0696068463475266e-5,5.685521400567526e-6,1.3643123403378307e-6,1.364311804454771e-6,5.35883060166322e-13
9960.0,0.0007459277281391635,0.0016102188406574704,0.0010587239280757024,0.00027946675311883967,0.00027946664334815526,1.0977068406416814e-10,0.0,0.0,0.0,0.0,8.330921809360945e-17,2.8434423029548934e-5,0.0,0.0,0.0,0.0,0.0,0.0,0.0,2.668683703369746e-5,2.7416994854874845e-6,1.746730668742185e-6,1.7467299826504818e-6,6.86091702300476e-13,8.497855563520309e-6,7.361926409971837e-5,6.672500371855431e-5,5.2443983085672864e-5,5.24439624864008e-5,2.0599272844150913e-11,0.0,0.0,0.0,0.0,1.53490824333529e-8,3.0756045368867024e-5,0.0,0.0,0.0,0.0,0.0,0.0,0.0,2.8704068143689806e-5,5.354731074035405e-6,1.8370094132728989e-6,1.837008691720951e-6,7.215519473314e-13,3.0941858785312436e-6,1.3644186689908697e-5,1.200098036964234e-5,1.144457272897444e-5,1.144456823370575e-5,4.495270236124965e-12,0.0,0.0,0.0,0.0,2.1483765048296342e-10,2.8420510104476477e-5,0.0,0.0,0.0,0.0,0.0,0.0,0.0,2.668135891731784e-5,2.8343563922965697e-6,1.733492937826787e-6,1.7334922569346808e-6,6.808921042737911e-13,1.1323862218457804e-6,3.3888457026945853e-6,2.5514258630604156e-6,2.3986478982008833e-6,2.3986469560453695e-6,9.421557937610008e-13,0.0,0.0,0.0,0.0,1.6025543684626892e-11,2.8545293949322625e-5,0.0,0.0,0.0,0.0,0.0,0.0,0.0,2.678869678444401e-5,2.7839265592184905e-6,1.7544874972712538e-6,1.754486808132778e-6,6.891384775046905e-13,8.11351553669723e-7,1.5917720175919784e-6,8.449391363755802e-7,6.122092995156974e-7,6.122090590498266e-7,2.404673645376456e-13,0.0,0.0,0.0,0.0,1.2321716908456313e-12,2.8559222997836995e-5,0.0,0.0,0.0,0.0,0.0,0.0,0.0,2.6800719678574046e-5,2.7712231207715545e-6,1.7524731666332937e-6,1.7524724782860156e-6,6.883472762272831e-13
10080.0,0.0012850168606028858,0.0024702732265621547,0.0013871844728450549,0.0003523615778386199,0.00035236143943585493,1.384027652864572e-10,0.0,0.0,0.0,0.0,5.882828456732648e-17,3.889464517305832e-5,0.0,0.0,0.0,0.0,0.0,0.0,0.0,3.582429294402979e-5,3.568776193321749e-6,2.4232651124462303e-6,2.423264160621135e-6,9.518250958064471e-13,1.4095670553150759e-5,0.00011347994814738294,0.00010487035890701497,4.2602535215670147e-5,4.260251848198172e-5,1.6733687929967732e-11,0.0,0.0,0.0,0.0,1.5854565382201114e-8,8.780014956840468e-5,0.0,0.0,0.0,0.0,0.0,0.0,0.0,7.567314404924485e-5,1.212700622607986e-5,2.926953252771614e-6,2.9269521031047675e-6,1.1496668465746135e-12,5.109180101881428e-6,1.9308610620721e-5,1.6702642669579287e-5,6.073216067037967e-6,6.07321368156285e-6,2.385475462494096e-12,0.0,0.0,0.0,0.0,2.245308573341925e-10,3.945083787325542e-5,0.0,0.0,0.0,0.0,0.0,0.0,0.0,3.622750930594596e-5,3.6383047336154254e-6,2.4225360159391884e-6,2.422535064400474e-6,9.515387167598035e-13,1.8867002192627692e-6,3.931110782022372e-6,3.115746787168603e-6,8.356217275385156e-7,8.356213993191689e-7,3.2822068323747477e-13,0.0,0.0,0.0,0.0,1.6861628985252016e-11,3.89141704409509e-5,0.0,0.0,0.0,0.0,0.0,0.0,0.0,3.587253319227997e-5,3.5725769609890395e-6,2.4301923072618422e-6,2.4301913527158373e-6,9.545460023367205e-13,1.456403755252262e-6,1.4431225337236993e-6,7.423023932922376e-7,2.6023454048448093e-7,2.602344382683027e-7,1.022165363398135e-13,0.0,0.0,0.0,0.0,1.2845461903153498e-12,3.8954259835270426e-5,0.0,0.0,0.0,0.0,0.0,0.0,0.0,3.591161930312389e-5,3.5499667735264436e-6,2.4309518585147273e-6,2.4309509036703863e-6,9.548443435872658e-13
10200.0,0.0008370200493708173,0.0014340432923932508,0.0008669733441360673,0.00024293872588255035,0.0002429386304595727,9.542297904203649e-11,0.0,0.0,0.0,0.0,3.794378843851776e-17,3.052110627369038e-5,0.0,0.0,0.0,0.0,0.0,0.0,0.0,2.4440880222179416e-5,6.360880477249976e-6,1.755628475205978e-6,1.7556277856193419e-6,6.895866378922819e-13,7.739142390706093e-6,3.7191884210051494e-5,3.650848324718905e-5,4.471389685753391e-5,4.471387929453362e-5,1.7563001646707415e-11,0.0,0.0,0.0,0.0,1.6022837803282066e-8,3.296499018955941e-5,0.0,0.0,0.0,0.0,0.0,0.0,0.0,2.6268315857789464e-5,6.912856911757706e-6,1.074926004147261e-6,1.0749255819311624e-6,4.2221610075897745e-13,5.1244865458019255e-6,7.90372985898461e-6,5.6630103410681065e-6,6.6532292145285845e-6,6.6532266012321475e-6,2.6132966228149934e-12,0.0,0.0,0.0,0.0,2.2909144041319518e-10,3.0370300421228058e-5,0.0,0.0,0.0,0.0,0.0,0.0,0.0,2.384404753991423e-5,6.7263977714793005e-6,1.6925491438715217e-6,1.6925484790615747e-6,6.648099470207589e-13,2.7905329243226376e-6,3.2269791398428897e-6,1.7874300033097622e-6,1.014976687731654e-6,1.0149762890643627e-6,3.986688365540117e-13,0.0,0.0,0.0,0.0,1.723248694593881e-11,3.0250000122667654e-5,0.0,0.0,0.0,0.0,0.0,0.0,0.0,2.36773350830725e-5,6.7653552365001606e-6,1.6863367838357521e-6,1.6863361214659339e-6,6.623698177274909e-13,2.3781311828123715e-6,2.500602757254463e-6,1.261161429017086e-6,3.3095642675443393e-7,3.309562967611377e-7,1.2999511732583713e-13,0.0,0.0,0.0,0.0,1.290268148390986e-12,3.021611651408644e-5,0.0,0.0,0.0,0.0,0.0,0.0,0.0,2.366313157744207e-5,6.7503658390196826e-6,1.6873590987594745e-6,1.687358435988104e-6,6.627713689218778e-13
10320.0,0.0016689740698574264,0.002738652018026897,0.0013476692141699688,0.00040878065141045235,0.0004087804908470532,1.6056339881846432e-10,0.0,0.0,0.0,0.0,2.651449827639396e-17,6.261339948942958e-5,0.0,0.0,0.0,0.0,0.0,0.0,0.0,5.4816403234678665e-5,8.116574835745869e-6,3.6053870174379923e-6,3.6053856012917245e-6,1.4161462671445049e-12,2.0141214906965483e-5,0.00015575058754537083,0.00014341205329175164,4.0644089230156086e-5,4.0644073265717e-5,1.596443737284833e-11,0.0,0.0,0.0,0.0,1.529110771620018e-8,0.00012114178485188351,0.0,0.0,0.0,0.0,0.0,0.0,0.0,0.00010284780499792993,1.8336312070225227e-5,4.394415400719637e-6,4.394413674653913e-6,1.7260657277325076e-12,4.793891787775468e-6,2.4482302586187494e-5,2.170665539426574e-5,3.3770042915832563e-6,3.377002965142102e-6,1.3264406840452042e-12,0.0,0.0,0.0,0.0,2.1767356150968715e-10,6.368855591925493e-5,0.0,0.0,0.0,0.0,0.0,0.0,0.0,5.584711703321312e-5,8.11259553840554e-6,3.6560668800311053e-6,3.656065443978494e-6,1.4360526178035352e-12,1.1592597337303258e-6,3.5800565431996184e-6,2.7253135286243123e-6,3.569247175898515e-7,3.569245773946836e-7,1.4019510361100042e-13,0.0,0.0,0.0,0.0,1.621203759364889e-11,6.313249089707229e-5,0.0,0.0,0.0,0.0,0.0,0.0,0.0,5.531232556824461e-5,8.10426864765308e-6,3.630512654661961e-6,3.630511228646691e-6,1.4260152707195036e-12,3.593986302235716e-7,6.220432010184545e-7,4.27240044191448e-7,6.203370224442919e-8,6.203367787968561e-8,2.436598219427487e-14,0.0,0.0,0.0,0.0,1.1670448925605218e-12,6.287290308962915e-5,0.0,0.0,0.0,0.0,0.0,0.0,0.0,5.507999142205029e-5,8.101931836642224e-6,3.6201836418935994e-6,3.6201822199354256e-6,1.4219581770415018e-12
10440.0,0.0018809735977593626,0.0028694212895669386,0.00119056171931408,0.0003921750047663642,0.00039217485072543445,1.5404092996982047e-10,0.0,0.0,0.0,0.0,1.9582142268984708e-17,5.254321439867982e-5,0.0,0.0,0.0,0.0,0.0,0.0,0.0,4.268949099801261e-5,1.1732262354554597e-5,3.0971519160579585e-6,3.0971506995394284e-6,1.2165185328208288e-12,1.6685991386749394e-5,0.0001237135736094505,0.00011343109098520764,3.126696669120327e-5,3.1266954409969745e-5,1.2281233041146493e-11,0.0,0.0,0.0,0.0,1.2773628856232252e-8,0.00012285146099893309,0.0,0.0,0.0,0.0,0.0,0.0,0.0,0.00010516704193949787,2.0612093276587014e-5,5.265322895182865e-6,5.265320827036693e-6,2.0681461732844186e-12,6.0255105545064386e-6,2.053454982171984e-5,1.6428697143287677e-5,3.723555532585594e-6,3.7235540700237837e-6,1.4625612292027889e-12,0.0,0.0,0.0,0.0,1.774920140814574e-10,5.1810968661073e-5,0.0,0.0,0.0,0.0,0.0,0.0,0.0,4.170619873306159e-5,1.1756677907343058e-5,3.037275999677942e-6,3.03727480667784e-6,1.1930000991372035e-12,2.525892782306166e-6,5.03130416377027e-6,2.763873661418303e-6,8.697028294405988e-7,8.6970248783104e-7,3.416072697540221e-13,0.0,0.0,0.0,0.0,1.3237893980092651e-11,5.208156182497485e-5,0.0,0.0,0.0,0.0,0.0,0.0,0.0,4.2140527241576115e-5,1.1715875173872817e-5,3.0752366098188292e-6,3.0752354019083257e-6,1.2079105029550275e-12,1.7219687461675869e-6,3.0548637093189546e-6,1.4872275205195088e-6,5.28497915999035e-7,5.284977084117056e-7,2.0758668828446732e-13,0.0,0.0,0.0,0.0,9.075402426264447e-13,5.234836101933903e-5,0.0,0.0,0.0,0.0,0.0,0.0,0.0,4.249298098379101e-5,1.1729788136033455e-5,3.089375575497658e-6,3.0893743620335666e-6,1.2134640935600064e-12
10560.0,0.0014538218932640657,0.0019305773333424979,0.0007786259813159891,0.0002817433526978217,0.0002817432420329208,1.1066490096237233e-10,0.0,0.0,0.0,0.0,1.8280415194216064e-17,5.638459616363449e-5,0.0,0.0,0.0,0.0,0.0,0.0,0.0,4.009972234356905e-5,1.6499363307979684e-5,2.2775660090440362e-6,2.277565114447538e-6,8.945964985958369e-13,1.4871353252703199e-5,6.861109538409442e-5,6.08703930149276e-5,3.306218217517877e-5,3.306216918881112e-5,1.2986368909793828e-11,0.0,0.0,0.0,0.0,9.236025564753158e-9,0.00011299778375092835,0.0,0.0,0.0,0.0,0.0,0.0,0.0,9.783638344819827e-5,2.048854962666877e-5,5.614550696921583e-6,5.614548491603551e-6,2.205318034564046e-12,4.215615909533999e-6,1.0984163867698755e-5,7.676753311302686e-6,2.9437032713982685e-6,2.9437021151544514e-6,1.1562460227460433e-12,0.0,0.0,0.0,0.0,1.274633716878226e-10,5.683623030300907e-5,0.0,0.0,0.0,0.0,0.0,0.0,0.0,4.0476510604397566e-5,1.6500491729038504e-5,2.23870547327919e-6,2.2387045939465787e-6,8.793326164116379e-13,1.7870315663116865e-6,2.499780586718379e-6,8.589590933058165e-7,4.121626634166021e-7,4.121625015270403e-7,1.6189180646402068e-13,0.0,0.0,0.0,0.0,9.548696436836756e-12,5.6193820884414434e-5,0.0,0.0,0.0,0.0,0.0,0.0,0.0,3.989256821196259e-5,1.647180907251092e-5,2.262714187442122e-6,2.2627132986792104e-6,8.887629080214766e-13,9.969091130396929e-7,1.0508504542626696e-6,1.1745495934417736e-7,1.1412695979058647e-7,1.1412691496372095e-7,4.4827494886707457e-14,0.0,0.0,0.0,0.0,6.5525879942228e-13,5.6265211979038094e-5,0.0,0.0,0.0,0.0,0.0,0.0,0.0,3.9931306200492554e-5,1.648674783559573e-5,2.2684664080376626e-6,2.2684655170153615e-6,8.910223008924133e-13
10680.0,0.0013614760107235036,0.0018292026375842198,0.0007502038975997847,0.0002797975509538726,0.00027979744105325667,1.0990061688885447e-10,0.0,0.0,0.0,0.0,6.402179266804592e-17,4.299516542167049e-5,0.0,0.0,0.0,0.0,0.0,0.0,0.0,3.1503045408692146e-5,1.204741129290548e-5,1.978169195289412e-6,1.9781684182918464e-6,7.769975617430449e-13,1.197013136563542e-5,6.835956494248525e-5,5.979121238280211e-5,2.973659225091729e-5,2.973658057079439e-5,1.1680123079729353e-11,0.0,0.0,0.0,0.0,6.289362653596168e-9,0.00011762312680836907,0.0,0.0,0.0,0.0,0.0,0.0,0.0,0.0001034864239551505,1.6062183920577854e-5,6.49621380638048e-6,6.496211254757346e-6,2.55162313726186e-12,4.3058022259055174e-6,9.769311839477396e-6,6.766050136216694e-6,3.2224885116026085e-6,3.2224872458540526e-6,1.2657490179411353e-12,0.0,0.0,0.0,0.0,8.590940533149086e-11,4.2485907710714004e-5,0.0,0.0,0.0,0.0,0.0,0.0,0.0,3.118914773525428e-5,1.2082107399601235e-5,1.9579691951338938e-6,1.9579684260706122e-6,7.690632804361563e-13,2.039456227381515e-6,2.326583212898758e-6,1.1895498370634847e-6,7.222318988487679e-7,7.222316151682132e-7,2.836827232750337e-13,0.0,0.0,0.0,0.0,6.6490807174434e-12,4.202219077669021e-5,0.0,0.0,0.0,0.0,0.0,0.0,0.0,3.10483863496398e-5,1.1573641132479137e-5,1.9946145146880333e-6,1.994613731230981e-6,7.834570562621413e-13,9.754129930545329e-7,9.564539642295251e-7,1.3413223878410048e-7,9.832350533096409e-8,9.832346671132328e-8,3.862011605764365e-14,0.0,0.0,0.0,0.0,4.2927317592237703e-13,4.288173946780394e-5,0.0,0.0,0.0,0.0,0.0,0.0,0.0,3.146603885522323e-5,1.1980107009180777e-5,1.983126179900014e-6,1.9831254009554137e-6,7.789445968931256e-13
10800.0,0.0008572620200993047,0.0013476823019753805,0.0008260003203109346,0.0002634315678068151,0.0002634314643345305,1.0347228455455608e-10,0.0,0.0,0.0,0.0,8.21170295377411e-18,3.779475521267493e-5,0.0,0.0,0.0,0.0,0.0,0.0,0.0,2.96591429451121e-5,8.252654030211074e-6,1.7163289089833864e-6,1.7163282348330824e-6,6.741503106027735e-13,9.863270016468098e-6,6.788129567622395e-5,6.214475869057703e-5,4.0758383203176214e-5,4.075836719384517e-5,1.6009330468227414e-11,0.0,0.0,0.0,0.0,3.896387440163981e-9,0.000128199871996407,0.0,0.0,0.0,0.0,0.0,0.0,0.0,0.00011155469103668887,2.561252039279033e-5,7.903936717807262e-6,7.90393361325e-6,3.1045572706985145e-12,2.268150712388898e-6,7.413833129819372e-6,5.966305312306568e-6,4.504739490953413e-6,4.504737721553544e-6,1.769399507934975e-12,0.0,0.0,0.0,0.0,5.2850077698306645e-11,3.8534419834119754e-5,0.0,0.0,0.0,0.0,0.0,0.0,0.0,3.024357781037421e-5,8.361397210969364e-6,1.7371878996295986e-6,1.7371872172861629e-6,6.823434342805237e-13,5.911471863727716e-7,9.84984565102968e-7,5.047818032640752e-7,8.04309006498132e-7,8.043086905758504e-7,3.159214785189531e-13,0.0,0.0,0.0,0.0,4.316870611008069e-12,3.778667064441097e-5,0.0,0.0,0.0,0.0,0.0,0.0,0.0,2.9623955773100537e-5,8.259121677642076e-6,1.7137913929765213e-6,1.7137907198229127e-6,6.73153609332268e-13,2.777913936853095e-7,3.111857276454934e-7,6.800931045761053e-8,1.3526338691051448e-7,1.3526333377997555e-7,5.3129591782627984e-14,0.0,0.0,0.0,0.0,2.8131157663864933e-13,3.775930592079138e-5,0.0,0.0,0.0,0.0,0.0,0.0,0.0,2.9608258577176474e-5,8.254849228942553e-6,1.7143299490430908e-6,1.7143292756779478e-6,6.733651467232963e-13
10920.0,0.000899079379035674,0.0013942805614539755,0.0007251562275328766,0.0002627455952523853,0.0002627454920495413,1.0320284400139994e-10,0.0,0.0,0.0,0.0,1.9550895218084588e-17,3.5635116258399534e-5,0.0,0.0,0.0,0.0,0.0,0.0,0.0,2.9134783541185485e-5,6.7758823585562545e-6,1.7244446435004258e-6,1.7244439661623656e-6,6.773380591262586e-13,5.93393148848884e-6,3.798804790842765e-5,3.546374832782387e-5,3.053654744671955e-5,3.0536535452384356e-5,1.199433444148839e-11,0.0,0.0,0.0,0.0,2.710241864753074e-9,6.559200399304292e-5,0.0,0.0,0.0,0.0,0.0,0.0,0.0,5.8355207792568464e-5,7.556887119752932e-6,4.0686994092555265e-6,4.068697811126549e-6,1.5981289810725197e-12,2.3201813357360233e-6,4.805291260865986e-6,3.2810506266779237e-6,2.7193430354422993e-6,2.719341967321813e-6,1.0681204181686872e-12,0.0,0.0,0.0,0.0,4.0175254781456554e-11,3.6218309143299824e-5,0.0,0.0,0.0,0.0,0.0,0.0,0.0,2.9624760792173193e-5,6.845802836167214e-6,1.7468106243748842e-6,1.7468099382517757e-6,6.861231077696357e-13,4.876100802558153e-7,6.735192345077174e-7,2.7864184668895684e-7,2.4957469184147906e-7,2.4957459381239207e-7,9.802949489644244e-14,0.0,0.0,0.0,0.0,3.2241049016048014e-12,3.5605543891567345e-5,0.0,0.0,0.0,0.0,0.0,0.0,0.0,2.911629897176782e-5,6.774585861403178e-6,1.723627939907274e-6,1.7236272628900054e-6,6.770172692251442e-13,1.7877696717460978e-7,1.7955390758105746e-7,3.2124222558796173e-8,3.2254090060970266e-8,3.2254077392310026e-8,1.2668961478793434e-14,0.0,0.0,0.0,0.0,2.0842786369993703e-13,3.563010557061222e-5,0.0,0.0,0.0,0.0,0.0,0.0,0.0,2.9134576134782266e-5,6.77679360649053e-6,1.7242557818495048e-6,1.7242551045856313e-6,6.772638768760156e-13
11040.0,0.0012783958680838933,0.0017659669684374135,0.0007466075942043132,0.00029940659988342174,0.0002994064822806405,1.176027807091385e-10,0.0,0.0,0.0,0.0,1.5271392018748455e-17,3.6517124841462664e-5,0.0,0.0,0.0,0.0,0.0,0.0,0.0,3.210978770363714e-5,5.206386064542726e-6,1.7875552599322397e-6,1.7875545578052042e-6,7.021270383523005e-13,1.1321245875956214e-5,3.944370822829588e-5,3.244289909093255e-5,3.3592898873749765e-5,3.359288567892287e-5,1.3194827105254597e-11,0.0,0.0,0.0,0.0,2.428160985335311e-9,8.990290909025115e-5,0.0,0.0,0.0,0.0,0.0,0.0,0.0,8.164774077595368e-5,9.016182338306187e-6,5.509174811577924e-6,5.5091726476500835e-6,2.163927840958001e-12,3.0280576435999344e-6,5.894637952315301e-6,3.4892386133371714e-6,3.864589325469889e-6,3.8645878075119956e-6,1.5179573568221024e-12,0.0,0.0,0.0,0.0,3.6924872642423485e-11,3.716216843652068e-5,0.0,0.0,0.0,0.0,0.0,0.0,0.0,3.263030021804854e-5,5.323562595192852e-6,1.8062303924691668e-6,1.8062296830067963e-6,7.094623727013405e-13,1.5431051481572255e-6,1.776683124553981e-6,3.8814653532091587e-7,4.868645400557111e-7,4.868643488222707e-7,1.9123367274352602e-13,0.0,0.0,0.0,0.0,2.9324429796165355e-12,3.65060024787483e-5,0.0,0.0,0.0,0.0,0.0,0.0,0.0,3.2100609973115076e-5,5.207742246040247e-6,1.787989010377167e-6,1.7879883080797554e-6,7.022974095414345e-13,8.392837725582775e-7,8.319083204473018e-7,4.257229690833326e-8,1.0242644055003256e-7,1.0242640031663798e-7,4.0231692392912426e-14,0.0,0.0,0.0,0.0,1.855842868990586e-13,3.650383543794525e-5,0.0,0.0,0.0,0.0,0.0,0.0,0.0,3.209832640981102e-5,5.2065632341183835e-6,1.7871459589681704e-6,1.787145257001902e-6,7.01966270581848e-13
11160.0,0.0008967574625485639,0.0014505411929086366,0.0006550712700647344,0.00022676593187755437,0.0002267658428070252,8.907052873678544e-11,0.0,0.0,0.0,0.0,1.4733461490208938e-17,2.4264361153831826e-5,0.0,0.0,0.0,0.0,0.0,0.0,0.0,2.177399994910886e-5,4.904746526993944e-6,1.3875963021824771e-6,1.387595757153799e-6,5.450286790669153e-13,1.3061808612294286e-5,3.25003694859354e-5,2.632241768224297e-5,3.330981425058208e-5,3.3309801166945105e-5,1.3083635371760849e-11,0.0,0.0,0.0,0.0,2.110073939697058e-9,6.170795664851092e-5,0.0,0.0,0.0,0.0,0.0,0.0,0.0,5.715748746832485e-5,6.846743593748265e-6,4.114116782357759e-6,4.114115166389461e-6,1.6159682984803733e-12,4.975047959817052e-6,6.867111397974632e-6,3.0005996149584527e-6,3.554600098264675e-6,3.554598702067172e-6,1.396197866138357e-12,0.0,0.0,0.0,0.0,3.359140934524402e-11,2.4822730929893807e-5,0.0,0.0,0.0,0.0,0.0,0.0,0.0,2.224628643043649e-5,4.982184906584273e-6,1.3882376378111543e-6,1.3882370925305632e-6,5.45280586851609e-13,1.082321417759935e-6,1.1392258438069434e-6,3.329412317683842e-7,3.644015771979696e-7,3.6440143406560045e-7,1.4313191088571294e-13,0.0,0.0,0.0,0.0,2.737893796229584e-12,2.4356662768829278e-5,0.0,0.0,0.0,0.0,0.0,0.0,0.0,2.1868638829582005e-5,4.906099538262639e-6,1.3957439421729764e-6,1.3957433939440189e-6,5.48228959620092e-13,3.390217345588392e-7,3.2691637691362896e-7,4.472106663873203e-8,3.985671827094643e-8,3.985670261841762e-8,1.565516892621027e-14,0.0,0.0,0.0,0.0,1.7454885450416168e-13,2.4307992055191664e-5,0.0,0.0,0.0,0.0,0.0,0.0,0.0,2.181133910205869e-5,4.9072113141774606e-6,1.3896672899892649e-6,1.3896667441471278e-6,5.458421344983837e-13
11280.0,0.0009436498862411022,0.0014444516597000316,0.000656949466203708,0.0002268244168170843,0.0002268243277235818,8.909350081395722e-11,0.0,0.0,0.0,0.0,1.3983790389923884e-17,3.0424750807784297e-5,0.0,0.0,0.0,0.0,0.0,0.0,0.0,2.6706786035325345e-5,6.817455203191356e-6,1.5705716990170313e-6,1.5705710821181412e-6,6.168988899356146e-13,1.2600798212004938e-5,3.2373637384427705e-5,2.5374089291072465e-5,3.462521718370309e-5,3.462520358339463e-5,1.3600307491708123e-11,0.0,0.0,0.0,0.0,2.158599926018799e-9,4.6989223792969264e-5,0.0,0.0,0.0,0.0,0.0,0.0,0.0,4.347601581677077e-5,6.448421279959183e-6,3.0616492876007863e-6,3.061648085027197e-6,1.2025735902889237e-12,5.066245082648805e-6,5.267805890163178e-6,2.4697404664999166e-6,3.6548895740752466e-6,3.654888138487551e-6,1.4355901882711408e-12,0.0,0.0,0.0,0.0,3.618719737387248e-11,2.787062757848207e-5,0.0,0.0,0.0,0.0,0.0,0.0,0.0,2.45510360515495e-5,6.442192391501521e-6,1.4567199555287548e-6,1.4567193833492589e-6,5.721794962147741e-13,1.4795473512745246e-6,1.6947938413955676e-6,3.427860578842745e-7,4.6471616184483897e-7,4.64715979311277e-7,1.825340954232614e-13,0.0,0.0,0.0,0.0,2.9608765817197595e-12,2.9083403981600636e-5,0.0,0.0,0.0,0.0,0.0,0.0,0.0,2.556056525093288e-5,6.593931048594658e-6,1.5249970676129042e-6,1.5249964686150983e-6,5.989978036368937e-13,6.271451753339999e-7,6.813718002607624e-7,1.3259619865334466e-7,1.0235521665623563e-7,1.0235517645007132e-7,4.020371662950158e-14,0.0,0.0,0.0,0.0,1.892198606171816e-13,2.9552251565111937e-5,0.0,0.0,0.0,0.0,0.0,0.0,0.0,2.5957841524144546e-5,6.655267136288823e-6,1.539392864320966e-6,1.5393922596686842e-6,6.046522739259614e-13
11400.0,0.0011609758067628079,0.0017161936633375262,0.0006994883108184661,0.00022600197795298962,0.00022600188918253157,8.877045817756117e-11,0.0,0.0,0.0,0.0,1.3351450079793995e-17,3.0354585681514857e-5,0.0,0.0,0.0,0.0,0.0,0.0,0.0,2.6318036125059298e-5,4.379882416185191e-6,1.1929464770958523e-6,1.1929460085229398e-6,4.685729138845575e-13,1.217458885352865e-5,2.783837193366198e-5,2.2306959195048245e-5,3.295454497367904e-5,3.295453202958854e-5,1.2944090502406658e-11,0.0,0.0,0.0,0.0,2.4210870839386513e-9,3.436657189217129e-5,0.0,0.0,0.0,0.0,0.0,0.0,0.0,3.062671647768183e-5,4.215480920769684e-6,1.7358972952370428e-6,1.7358966134005416e-6,6.818365026850996e-13,3.2261162521930384e-6,3.7489311590757534e-6,1.7484673767062227e-6,2.8193126919627273e-6,2.819311584577458e-6,1.107387119698046e-12,0.0,0.0,0.0,0.0,4.213145472019432e-11,3.07950070603446e-5,0.0,0.0,0.0,0.0,0.0,0.0,0.0,2.660700263380593e-5,4.464075344941895e-6,1.1737669329700789e-6,1.1737664719306272e-6,4.610394536241538e-13,1.698104924991936e-6,1.8896165962670178e-6,3.0823816436081636e-7,3.477922300502631e-7,3.477920934396911e-7,1.3660798853052438e-13,0.0,0.0,0.0,0.0,3.4685230631386533e-12,3.0381653639475132e-5,0.0,0.0,0.0,0.0,0.0,0.0,0.0,2.632988306318192e-5,4.363808982391177e-6,1.1925895924310072e-6,1.1925891239982718e-6,4.68432734513112e-13,1.1352630122293816e-6,1.2635897507312176e-6,1.8105520484289813e-7,9.391266783025336e-8,9.391263094235243e-8,3.6887599956165193e-14,0.0,0.0,0.0,0.0,2.2162817332710412e-13,3.038609023020111e-5,0.0,0.0,0.0,0.0,0.0,0.0,0.0,2.633461823900793e-5,4.351705963301395e-6,1.1918454771804268e-6,1.1918450090399722e-6,4.681404563112615e-13
11520.0,0.0008807531858710865,0.001371085229577822,0.000641774691651607,0.00022030718201290794,0.0002203070954792883,8.653362091884543e-11,0.0,0.0,0.0,0.0,9.197491386578939e-18,2.864746833869076e-5,0.0,0.0,0.0,0.0,0.0,0.0,0.0,2.5829277661174478e-5,7.060208768993234e-6,1.5994803083484294e-6,1.5994796800946403e-6,6.282537927504829e-13,8.695021194646702e-6,2.3133426875087257e-5,2.2124610839742063e-5,3.11615635944809e-5,3.116155135464794e-5,1.2239832159286297e-11,0.0,0.0,0.0,0.0,3.0933797246393263e-9,3.78395656672592e-5,0.0,0.0,0.0,0.0,0.0,0.0,0.0,3.4381649174670625e-5,7.4829179202040026e-6,2.277471916571147e-6,2.27747102201161e-6,8.945595403709373e-13,3.244583878139317e-6,3.0464200846664516e-6,1.4404002365049217e-6,2.4015264705253255e-6,2.40152552723769e-6,9.432864572464708e-13,0.0,0.0,0.0,0.0,5.908029735360679e-11,2.7451209308521692e-5,0.0,0.0,0.0,0.0,0.0,0.0,0.0,2.4759773224599455e-5,6.948299116984857e-6,1.5368335912803773e-6,1.5368329876333475e-6,6.036470267928514e-13,1.2090610143548723e-6,1.155880264216519e-6,3.647679296228169e-7,3.680289305236458e-7,3.6802878596648946e-7,1.4455668521675987e-13,0.0,0.0,0.0,0.0,4.985367428836656e-12,2.8718669831819766e-5,0.0,0.0,0.0,0.0,0.0,0.0,0.0,2.5890684912749787e-5,7.076343489020667e-6,1.601076541507862e-6,1.6010759126270908e-6,6.288807711079489e-13,1.0300081010302178e-6,8.953171264002715e-7,2.9601164868489063e-7,2.1527326280750274e-7,2.152731782500836e-7,8.455636692118285e-14,0.0,0.0,0.0,0.0,3.227246986379484e-13,2.8757000962284745e-5,0.0,0.0,0.0,0.0,0.0,0.0,0.0,2.5926153971179968e-5,7.077716690019516e-6,1.6028831540830222e-6,1.602882524492639e-6,6.295903835967371e-13
11640.0,0.0009647190549841754,0.001635099153248512,0.0007480839953561674,0.0002556411235163818,0.00025564102310407576,1.004123055431662e-10,0.0,0.0,0.0,0.0,2.996445293879525e-17,2.888770670349722e-5,0.0,0.0,0.0,0.0,0.0,0.0,0.0,2.6020614746488416e-5,5.754613070346956e-6,1.679051784358154e-6,1.6790511248497861e-6,6.595083704635928e-13,1.8078513077687906e-5,3.815991895468122e-5,2.600616648997569e-5,3.121407270133473e-5,3.121406044087784e-5,1.226045701184813e-11,0.0,0.0,0.0,0.0,4.760029613966331e-9,3.9152324853258226e-5,0.0,0.0,0.0,0.0,0.0,0.0,0.0,3.596518920767342e-5,6.075820583812181e-6,2.5236836455244023e-6,2.523682654256292e-6,9.912681098526438e-13,8.738806704265342e-6,9.127756331874548e-6,1.6282441243042054e-6,2.487222364838637e-6,2.487221387889864e-6,9.76946621954305e-13,0.0,0.0,0.0,0.0,8.79986060042534e-11,2.935286524045934e-5,0.0,0.0,0.0,0.0,0.0,0.0,0.0,2.6423577189501958e-5,5.835361383856395e-6,1.6802079499497767e-6,1.680207289987281e-6,6.599624963532278e-13,3.5896224090687517e-6,3.700631359254473e-6,2.425885994525052e-7,4.898538087377588e-7,4.898536163305647e-7,1.9240781623048307e-13,0.0,0.0,0.0,0.0,7.2732184824167586e-12,2.88409981332e-5,0.0,0.0,0.0,0.0,0.0,0.0,0.0,2.5986360583792596e-5,5.747248096913813e-6,1.6780490761691984e-6,1.6780484170546834e-6,6.59114520524055e-13,1.9036432756694248e-6,1.9948620674002153e-6,1.1724944713959254e-7,2.190547193634762e-7,2.190546333214701e-7,8.604167087375889e-14,0.0,0.0,0.0,0.0,4.65260311596504e-13,2.870734733846033e-5,0.0,0.0,0.0,0.0,0.0,0.0,0.0,2.5867974691072646e-5,5.734826265487779e-6,1.673855037149865e-6,1.6738543796827077e-6,6.574671598737945e-13
11760.0,0.0013834762485554607,0.002124791032108399,0.0008481900099339435,0.000286618786265091,0.00028661867368518694,1.1257990398801279e-10,0.0,0.0,0.0,0.0,2.0347909426628787e-17,3.555352332787136e-5,0.0,0.0,0.0,0.0,0.0,0.0,0.0,3.179419638768067e-5,6.682550233190054e-6,1.923531043215505e-6,1.9235302876790567e-6,7.555364495992203e-13,2.143556755527555e-5,4.895130673877946e-5,3.471038708663317e-5,3.30045768933746e-5,3.3004563929633226e-5,1.2963742350037165e-11,0.0,0.0,0.0,0.0,5.945608475666999e-9,6.533843804281647e-5,0.0,0.0,0.0,0.0,0.0,0.0,0.0,5.892649448634079e-5,9.669252233054372e-6,3.60592647050422e-6,3.605925054146063e-6,1.416358156864622e-12,6.584154802986852e-6,6.640809516931562e-6,1.8916977647062704e-6,2.3651533164267702e-6,2.3651523874266988e-6,9.289995842563158e-13,0.0,0.0,0.0,0.0,1.051057693371613e-10,3.338320621953923e-5,0.0,0.0,0.0,0.0,0.0,0.0,0.0,2.9869300606263865e-5,6.474252431227849e-6,1.8215341440492345e-6,1.8215334285757592e-6,7.154734751346124e-13,2.1110088326485414e-6,2.153907286508006e-6,2.990157287283699e-7,3.494507225298067e-7,3.4945058527261967e-7,1.3725942149055106e-13,0.0,0.0,0.0,0.0,8.448400990460808e-12,3.404033583713347e-5,0.0,0.0,0.0,0.0,0.0,0.0,0.0,3.049092544991779e-5,6.501649569122019e-6,1.873886345167846e-6,1.8738856091311522e-6,7.360366972886698e-13,8.937959382259927e-7,8.562374425869923e-7,1.8253852382649031e-7,9.462499067508971e-8,9.46249535092614e-8,3.716739053949876e-14,0.0,0.0,0.0,0.0,5.262981757387319e-13,3.5065473924415605e-5,0.0,0.0,0.0,0.0,0.0,0.0,0.0,3.1378384307515346e-5,6.636871987373934e-6,1.910318250910811e-6,1.91031750056417e-6,7.503466471146726e-13
11880.0,0.0006908281679587299,0.0012169458903238408,0.0006224178592018668,0.00023868400386065476,0.0002386839101088716,9.37517829457781e-11,0.0,0.0,0.0,0.0,1.8338024828065686e-17,2.6386627553389877e-5,0.0,0.0,0.0,0.0,0.0,0.0,0.0,2.3656525217567996e-5,5.6097462134545345e-6,1.5362208067008487e-6,1.5362202032945126e-6,6.034063334662639e-13,7.777103493529763e-6,2.4758863674557645e-5,2.2498508983473343e-5,3.2554838388470695e-5,3.255482560137919e-5,1.2787091271574339e-11,0.0,0.0,0.0,0.0,6.138912622381603e-9,4.309751347233491e-5,0.0,0.0,0.0,0.0,0.0,0.0,0.0,3.934714904272071e-5,6.601655681184353e-6,2.70908545568676e-6,2.7090843915953785e-6,1.0640913823926965e-12,3.043212046749833e-6,3.5685096673597923e-6,1.3872976513444818e-6,2.276398281933226e-6,2.2763973877939255e-6,8.941378315002851e-13,0.0,0.0,0.0,0.0,1.1244280566729143e-10,2.5842568057128816e-5,0.0,0.0,0.0,0.0,0.0,0.0,0.0,2.3175905090888045e-5,5.57139668994911e-6,1.4904703183047594e-6,1.4904697328685906e-6,5.854361729678777e-13,8.787627657634751e-7,9.1648749143784e-7,1.2585968415764533e-7,2.166666539791181e-7,2.1666656887584428e-7,8.510367174541172e-14,0.0,0.0,0.0,0.0,8.985412320714755e-12,2.639694087858894e-5,0.0,0.0,0.0,0.0,0.0,0.0,0.0,2.366092642958664e-5,5.6231506097595096e-6,1.5336902341924969e-6,1.5336896317801332e-6,6.024123595061555e-13,4.49740047835101e-7,4.812904071178352e-7,5.360334735696019e-8,4.963576180509616e-8,4.963574230898563e-8,1.949624227731868e-14,0.0,0.0,0.0,0.0,5.595657909172887e-13,2.6494993927434064e-5,0.0,0.0,0.0,0.0,0.0,0.0,0.0,2.3750312051900045e-5,5.628780881612088e-6,1.5397669922846825e-6,1.5397663874854577e-6,6.047992262272504e-13
12000.0,0.0010412191637007217,0.0015889968627343834,0.000716809684618018,0.00027840237449537196,0.00027840226514276166,1.0935261082898908e-10,0.0,0.0,0.0,0.0,4.6752321696122095e-17,2.7246324783653672e-5,0.0,0.0,0.0,0.0,0.0,0.0,0.0,2.4269601111294073e-5,5.298831820652918e-6,1.4299109722201784e-6,1.4299104105708836e-6,5.616492975274355e-13,2.4443720297841632e-5,4.5995608356210394e-5,2.6400616113880717e-5,3.1480434574920087e-5,3.148042220984069e-5,1.2365080280075468e-11,0.0,0.0,0.0,0.0,6.613572798800256e-9,5.9180788304608804e-5,0.0,0.0,0.0,0.0,0.0,0.0,0.0,5.3696246523395314e-5,7.782867004305351e-6,3.509132346560753e-6,3.5091309682219918e-6,1.3783387607107306e-12,1.116647762145059e-5,1.1703971961949425e-5,1.534845302194319e-6,3.1220201588882394e-6,3.122018932602297e-6,1.2262864354302897e-12,0.0,0.0,0.0,0.0,1.271196639968376e-10,2.8673985566342067e-5,0.0,0.0,0.0,0.0,0.0,0.0,0.0,2.54807963258289e-5,5.514033515512892e-6,1.4681479545831213e-6,1.4681473779148667e-6,5.766682565402243e-13,5.8354060215727414e-6,5.8095864888059675e-6,2.11919464269115e-7,7.437343745407204e-7,7.437340824101603e-7,2.9212859899802724e-13,0.0,0.0,0.0,0.0,1.002351311792048e-11,2.739645173143593e-5,0.0,0.0,0.0,0.0,0.0,0.0,0.0,2.4368058926900497e-5,5.347876793986824e-6,1.4311591308547703e-6,1.4311585687152154e-6,5.621395570148739e-13,3.3621715254950058e-6,3.332629632819804e-6,7.086655387554888e-8,3.4891562733400923e-7,3.489154902845318e-7,1.3704924348156421e-13,0.0,0.0,0.0,0.0,6.303215636022622e-13,2.6937876459149025e-5,0.0,0.0,0.0,0.0,0.0,0.0,0.0,2.3998483058860476e-5,5.27276001539973e-6,1.4184198099984162e-6,1.4184192528626825e-6,5.571357275814607e-13
12120.0,0.0011562776906435218,0.001817110026753499,0.000769118361390893,0.00028591263540732656,0.00028591252310479064,1.1230253767576238e-10,0.0,0.0,0.0,0.0,3.798646661063815e-17,3.616313480277654e-5,0.0,0.0,0.0,0.0,0.0,0.0,0.0,3.245813389444261e-5,7.3754553560277185e-6,2.0207849552773253e-6,2.0207841615408786e-6,7.937364441810502e-13,2.0658640411669663e-5,4.120879309506431e-5,2.5581848689997183e-5,3.121337886393989e-5,3.121336660375763e-5,1.2260184482094199e-11,0.0,0.0,0.0,0.0,7.369922959762289e-9,5.2657748915102263e-5,0.0,0.0,0.0,0.0,0.0,0.0,0.0,4.81095339702506e-5,8.266724520307192e-6,3.282065931279158e-6,3.2820646421289495e-6,1.2891502062394237e-12,8.347912532298118e-6,9.366363492258433e-6,1.4325135541484214e-6,2.856546501199226e-6,2.8565453791854766e-6,1.1220120461494257e-12,0.0,0.0,0.0,0.0,1.4730703248532835e-10,3.613929055804357e-5,0.0,0.0,0.0,0.0,0.0,0.0,0.0,3.245639784240181e-5,7.353279021085816e-6,2.023865359100654e-6,2.023864564154274e-6,7.949463842941665e-13,3.433093328111033e-6,3.461543644962846e-6,1.2879596359436155e-7,5.070472128385348e-7,5.070470136776209e-7,1.991611480971387e-13,0.0,0.0,0.0,0.0,1.1553602853310825e-11,3.542648268761236e-5,0.0,0.0,0.0,0.0,0.0,0.0,0.0,3.181595260379834e-5,7.281003808777159e-6,1.9972387061129795e-6,1.9972379216251767e-6,7.844878024407717e-13,1.5496633788514118e-6,1.5534946695017523e-6,3.179994302908093e-8,1.7859119800359223e-7,1.785911278536446e-7,7.014815806852721e-14,0.0,0.0,0.0,0.0,7.218718216663891e-13,3.558861532943316e-5,0.0,0.0,0.0,0.0,0.0,0.0,0.0,3.195788693408783e-5,7.301398048968434e-6,2.0014269032936433e-6,2.0014261171607785e-6,7.861328684974161e-13
12240.0,0.0011246057252037134,0.0018150743597253965,0.0007928533168793883,0.00031540345178660304,0.00031540332790048,1.2388612338474775e-10,0.0,0.0,0.0,0.0,4.534336475593728e-17,3.0445484847512823e-5,0.0,0.0,0.0,0.0,0.0,0.0,0.0,2.7342139849518705e-5,5.860466503066875e-6,1.7011284993918856e-6,1.7011278312120839e-6,6.68179799476516e-13,1.2728990763853382e-5,3.505353681380223e-5,2.7599542704786497e-5,3.207249134658536e-5,3.207247874895292e-5,1.259763200977128e-11,0.0,0.0,0.0,0.0,8.285077378391944e-9,5.4294584201166276e-5,0.0,0.0,0.0,0.0,0.0,0.0,0.0,4.9014023812335006e-5,8.13253700111883e-6,3.4503843881174184e-6,3.4503830328540425e-6,1.3552633733391396e-12,4.644203177078289e-6,5.416213093243836e-6,1.6013049242032378e-6,2.3950777555859215e-6,2.395076814830572e-6,9.407534910088802e-13,0.0,0.0,0.0,0.0,1.740023931658229e-10,3.0245197590868766e-5,0.0,0.0,0.0,0.0,0.0,0.0,0.0,2.7139472701650106e-5,5.864263788584665e-6,1.6880159650647798e-6,1.6880153020354096e-6,6.630293769420375e-13,1.8721936310812058e-6,1.856413203027653e-6,1.7973103487640453e-7,3.0534701887364963e-7,3.053468989369162e-7,1.1993609531317078e-13,0.0,0.0,0.0,0.0,1.3439077323229963e-11,3.04500279713246e-5,0.0,0.0,0.0,0.0,0.0,0.0,0.0,2.7342319658904723e-5,5.861350719459799e-6,1.7000889524835031e-6,1.700088284712021e-6,6.677714797963523e-13,9.290420346997133e-7,9.021458267573998e-7,6.106286941625488e-8,9.540470552028513e-8,9.540466804632689e-8,3.7473651770596335e-14,0.0,0.0,0.0,0.0,8.51843065263364e-13,3.044833871357033e-5,0.0,0.0,0.0,0.0,0.0,0.0,0.0,2.734350651180382e-5,5.858637967742476e-6,1.7008885971572584e-6,1.7008879290716882e-6,6.680855691893366e-13
12360.0,0.0008346904272938651,0.0014396146553844345,0.0006826743849796682,0.00026732056243464165,0.0002673204574348137,1.049998279773572e-10,0.0,0.0,0.0,0.0,9.821333370312012e-17,3.0408704511844788e-5,0.0,0.0,0.0,0.0,0.0,0.0,0.0,2.745461490577772e-5,6.653238239112362e-6,1.7763055591854627e-6,1.776304861477158e-6,6.977083111416049e-13,9.300741685354906e-6,3.080884353881379e-5,2.808558679371915e-5,3.4742750013006115e-5,3.474273636653661e-5,1.3646472765139936e-11,0.0,0.0,0.0,0.0,9.432586793944325e-9,5.3948651721835935e-5,0.0,0.0,0.0,0.0,0.0,0.0,0.0,4.88794098442491e-5,8.464145865568707e-6,3.214480074474855e-6,3.2144788118714425e-6,1.2626034143521019e-12,3.0021843938875248e-6,3.261664886439458e-6,1.779122248319145e-6,2.4609243011966404e-6,2.460923334579587e-6,9.66617105461418e-13,0.0,0.0,0.0,0.0,2.0903535575266474e-10,2.98397730010683e-5,0.0,0.0,0.0,0.0,0.0,0.0,0.0,2.6905883515194034e-5,6.607667370759573e-6,1.7261408496370091e-6,1.7261401716327108e-6,6.780043054895518e-13,1.0593155113777439e-6,1.0945089015213677e-6,1.8683404395499533e-7,2.5670506580346164e-7,2.5670496497173787e-7,1.008302073912987e-13,0.0,0.0,0.0,0.0,1.573387834296498e-11,3.0240657286954406e-5,0.0,0.0,0.0,0.0,0.0,0.0,0.0,2.7302388839480258e-5,6.63171096817137e-6,1.7659694726222934e-6,1.7659687789738545e-6,6.936484389746153e-13,5.965710817043383e-7,6.084386525194396e-7,6.062628310824197e-8,7.149026253563278e-8,7.149023445408895e-8,2.8080388579232623e-14,0.0,0.0,0.0,0.0,1.0103207922575973e-12,3.036494153172539e-5,0.0,0.0,0.0,0.0,0.0,0.0,0.0,2.7415722482432097e-5,6.643771499582613e-6,1.7740047650158701e-6,1.7740040682112816e-6,6.968045909420874e-13
12480.0,0.0011904271691073852,0.0018013864844249417,0.0006916683834867148,0.000247686805978044,0.00024768670869008394,9.728795938140463e-11,0.0,0.0,0.0,0.0,5.947416590535191e-16,3.0009998440805467e-5,0.0,0.0,0.0,0.0,0.0,0.0,0.0,2.6753149940420515e-5,6.512989102993827e-6,1.6643476205712484e-6,1.6643469668384684e-6,6.537327778413328e-13,1.2056445709668264e-5,3.1872072035490964e-5,2.7644908349345456e-5,3.62293359167118e-5,3.622932168632974e-5,1.4230383193657233e-11,0.0,0.0,0.0,0.0,1.0982539304500905e-8,5.7347523586650136e-5,0.0,0.0,0.0,0.0,0.0,0.0,0.0,5.238086498210144e-5,8.526221912741513e-6,3.6509021778889253e-6,3.65090074386493e-6,1.4340239940734907e-12,5.440689717461748e-6,5.978231416720434e-6,1.7138615402130606e-6,2.5931178760699076e-6,2.5931168575274324e-6,1.0185409174387997e-12,0.0,0.0,0.0,0.0,2.348736769345474e-10,3.118365933944493e-5,0.0,0.0,0.0,0.0,0.0,0.0,0.0,2.7729733622471123e-5,6.680000507233497e-6,1.6763496102078976e-6,1.6763489517609064e-6,6.584469937465988e-13,2.955436888283161e-6,2.9256256870679864e-6,2.992158674680438e-7,4.985253830530421e-7,4.985251872380281e-7,1.958138909551496e-13,0.0,0.0,0.0,0.0,1.744877949025502e-11,3.039557282001471e-5,0.0,0.0,0.0,0.0,0.0,0.0,0.0,2.70837947845441e-5,6.537709145856167e-6,1.667085742257209e-6,1.6670850874489367e-6,6.548082742542845e-13,1.938318898504765e-6,1.9433798158644526e-6,1.4493369091125256e-7,2.416516210148053e-7,2.416515260966348e-7,9.49174220114067e-14,0.0,0.0,0.0,0.0,1.162486956539011e-12,3.0085018110032582e-5,0.0,0.0,0.0,0.0,0.0,0.0,0.0,2.6816399330180985e-5,6.49468028906815e-6,1.6635456970082415e-6,1.6635450435904436e-6,6.534177933320949e-13
12600.0,0.0010009861841200926,0.0015979202550351279,0.0006820162939111566,0.00025327965790344215,0.0002532795584186887,9.948475443795145e-11,0.0,0.0,0.0,0.0,6.399183369788121e-17,3.030911486243929e-5,0.0,0.0,0.0,0.0,0.0,0.0,0.0,2.7381654570989558e-5,6.266585669705327e-6,1.764128968648608e-6,1.7641282757231012e-6,6.929255144121799e-13,1.9072813297997277e-5,3.967957547683374e-5,2.4779724313331373e-5,3.406838585937985e-5,3.406837247778938e-5,1.3381591831626481e-11,0.0,0.0,0.0,0.0,1.2703966368863474e-8,6.090448769216899e-5,0.0,0.0,0.0,0.0,0.0,0.0,0.0,5.601524057389594e-5,8.768669538133438e-6,4.075203778792945e-6,4.075202178109148e-6,1.6006838076683894e-12,7.4543621192721225e-6,8.13284672196895e-6,1.6085763416397256e-6,2.8894514250827487e-6,2.8894502901469627e-6,1.1349366461726942e-12,0.0,0.0,0.0,0.0,2.9182607079500554e-10,3.030734253909716e-5,0.0,0.0,0.0,0.0,0.0,0.0,0.0,2.7368958967522713e-5,6.2780098148746954e-6,1.7491476289378578e-6,1.7491469418968125e-6,6.870410509119818e-13,2.696542251359648e-6,2.6890470714725213e-6,1.6757092364952982e-7,4.4309373594393095e-7,4.430935619036235e-7,1.7404110491270312e-13,0.0,0.0,0.0,0.0,2.0229580911963705e-11,2.8744030503753618e-5,0.0,0.0,0.0,0.0,0.0,0.0,0.0,2.6032944396350785e-5,6.050878191893845e-6,1.707824334001747e-6,1.7078236631919203e-6,6.708098309106771e-13,1.164844289150424e-6,1.1776207693095512e-6,4.0990413877409204e-8,1.4923744403018322e-7,1.4923738541121575e-7,5.861840858124057e-14,0.0,0.0,0.0,0.0,1.3939707387029054e-12,2.9340274094856377e-5,0.0,0.0,0.0,0.0,0.0,0.0,0.0,2.6536509749687883e-5,6.143464941213146e-6,1.7294115098981989e-6,1.7294108306092261e-6,6.792889757059751e-13
12720.0,0.0009920782556804603,0.0015710407733739735,0.0006818622308048558,0.0002521389765877438,0.00025213887755103293,9.903671055821961e-11,0.0,0.0,0.0,0.0,2.678032153495667e-16,3.0213172102133848e-5,0.0,0.0,0.0,0.0,0.0,0.0,0.0,2.7350777746459992e-5,5.933916989072686e-6,1.784485752567368e-6,1.7844850516459915e-6,7.009213782176996e-13,1.0253291177264156e-5,3.1379179091364364e-5,2.575788189381346e-5,3.2340843040237824e-5,3.2340830337200356e-5,1.2703036851861808e-11,0.0,0.0,0.0,0.0,1.4170903381624589e-8,4.8070245420358656e-5,0.0,0.0,0.0,0.0,0.0,0.0,0.0,4.4525204754435356e-5,7.451583745533806e-6,3.3398553836990237e-6,3.339854071849921e-6,1.311849105672106e-12,3.596275271218821e-6,3.93193043652095e-6,1.2691862446524357e-6,2.1112521835377968e-6,2.1112513542666773e-6,8.292707230199682e-13,0.0,0.0,0.0,0.0,3.4381891869684783e-10,3.063909253036304e-5,0.0,0.0,0.0,0.0,0.0,0.0,0.0,2.771894532062934e-5,5.991658429100709e-6,1.7899640932803894e-6,1.789963390207198e-6,7.030731948502423e-13,1.152929877593252e-6,1.140661213447438e-6,1.3121235254657387e-7,2.1198833699395545e-7,2.1198825372776438e-7,8.326609339256344e-14,0.0,0.0,0.0,0.0,2.3305627141314467e-11,3.005678587014035e-5,0.0,0.0,0.0,0.0,0.0,0.0,0.0,2.721451282626512e-5,5.914909856552211e-6,1.7792324122200942e-6,1.7792317133621521e-6,6.988579386238731e-13,5.139725811078265e-7,5.386742767463178e-7,6.503507460667822e-8,5.4783326851529435e-8,5.4783305335256484e-8,2.151813479348578e-14,0.0,0.0,0.0,0.0,1.661987161767309e-12,3.011285785571972e-5,0.0,0.0,0.0,0.0,0.0,0.0,0.0,2.726366024328454e-5,5.92097261010548e-6,1.7808161753763084e-6,1.7808154758962901e-6,6.994800189361584e-13
12840.0,0.000783659213265933,0.0012166776071489897,0.0005520729027954461,0.0002677181783813002,0.00026771807322529444,1.0515600603421977e-10,0.0,0.0,0.0,0.0,1.117824719749582e-15,2.324789080612987e-5,0.0,0.0,0.0,0.0,0.0,0.0,0.0,2.1224181773176882e-5,5.757932161485706e-6,1.4796584253988511e-6,1.4796578442094407e-6,5.81189410635455e-13,6.797427221150176e-6,2.2042284912386618e-5,1.9818202080412522e-5,3.244150477767159e-5,3.2441492035097273e-5,1.274257539322193e-11,0.0,0.0,0.0,0.0,1.6087162682375042e-8,3.374468124102455e-5,0.0,0.0,0.0,0.0,0.0,0.0,0.0,3.0861847055951885e-5,6.578083343873845e-6,2.1636242164109877e-6,2.1636233665692495e-6,8.498417348135803e-13,2.9219277412721734e-6,3.143393126581554e-6,8.161256034997693e-7,1.7975549383054612e-6,1.7975542322506872e-6,7.060547740248903e-13,0.0,0.0,0.0,0.0,3.7219192591606337e-10,2.2932456645859147e-5,0.0,0.0,0.0,0.0,0.0,0.0,0.0,2.0927883371815104e-5,5.695743729149426e-6,1.4540061941792984e-6,1.4540056230657301e-6,5.711135682058325e-13,9.657774786907096e-7,9.22868284722002e-7,7.07422809863691e-8,1.5934749681758686e-7,1.5934743422772242e-7,6.258949780107467e-14,0.0,0.0,0.0,0.0,2.6106691946126503e-11,2.315115220478229e-5,0.0,0.0,0.0,0.0,0.0,0.0,0.0,2.113248274745315e-5,5.7515687631307366e-6,1.4706491895323475e-6,1.4706486118816385e-6,5.77650707111957e-13,4.0757316014479114e-7,3.960480006062386e-7,1.7422516864211597e-8,4.4308746694286114e-8,4.430872929133848e-8,1.7403864253500236e-14,0.0,0.0,0.0,0.0,2.099665641136929e-12,2.3223784945562912e-5,0.0,0.0,0.0,0.0,0.0,0.0,0.0,2.1202017538208168e-5,5.757171865115214e-6,1.4781091321063356e-6,1.4781085515254703e-6,5.805808696099566e-13
12960.0,0.0008864472187949742,0.0014271811797395564,0.0006253819695259602,0.00031509763425504656,0.0003150975104890439,1.2376600247854602e-10,0.0,0.0,0.0,0.0,3.848919338203447e-15,2.19078596042568e-5,0.0,0.0,0.0,0.0,0.0,0.0,0.0,1.96823922086109e-5,5.472754238319871e-6,1.4034522032798185e-6,1.4034516520231585e-6,5.512566582110698e-13,1.615824439465171e-5,3.9508365415885534e-5,2.6383021360930326e-5,3.598105799367264e-5,3.598104386081079e-5,1.4132863051650575e-11,0.0,0.0,0.0,0.0,1.9894977422584006e-8,4.2753547782779696e-5,0.0,0.0,0.0,0.0,0.0,0.0,0.0,3.889947812524218e-5,7.12337853821564e-6,2.508784403905294e-6,2.5087834184894057e-6,9.854158933499139e-13,6.293822552335803e-6,6.288462803007539e-6,1.1775900840021612e-6,2.2594134461424063e-6,2.259412558673004e-6,8.874664223879615e-13,0.0,0.0,0.0,0.0,4.0011541320899077e-10,2.3811152812582784e-5,0.0,0.0,0.0,0.0,0.0,0.0,0.0,2.1378586549386746e-5,5.661344828129049e-6,1.4672272204367191e-6,1.4672266441301182e-6,5.763066048733861e-13,2.4057168735080667e-6,2.3418770953372872e-6,8.85648550327323e-8,3.3618973164613333e-7,3.3618959959433265e-7,1.3205068726845645e-13,0.0,0.0,0.0,0.0,2.742646899840154e-11,2.194435753948921e-5,0.0,0.0,0.0,0.0,0.0,0.0,0.0,1.971424352503058e-5,5.481821749322511e-6,1.4035249411296593e-6,1.4035243898444337e-6,5.512852286347282e-13,1.0799656373497793e-6,1.0678530285455606e-6,2.7515829154121756e-8,1.2722859691761697e-7,1.2722854694469217e-7,4.997363715102541e-14,0.0,0.0,0.0,0.0,3.2092566905774383e-12,2.192031037371165e-5,0.0,0.0,0.0,0.0,0.0,0.0,0.0,1.9692166691761692e-5,5.475788817678817e-6,1.4032044192672952e-6,1.4032038681079595e-6,5.511593320702989e-13
13080.0,0.0007101720536788628,0.001211111376400695,0.0006127213694920886,0.000367241051466714,0.0003672409072194968,1.4424721719511064e-10,0.0,0.0,0.0,0.0,2.1371256919926856e-14,2.5213122935963246e-5,0.0,0.0,0.0,0.0,0.0,0.0,0.0,2.2772860752906964e-5,5.443555915628248e-6,1.5622814120084531e-6,1.5622807983658774e-6,6.136425796022247e-13,7.213069116335322e-6,2.4793850550619026e-5,2.2376155218182116e-5,3.66043508702281e-5,3.660433649254476e-5,1.437768389229922e-11,0.0,0.0,0.0,0.0,2.599085642271422e-8,3.736293032490617e-5,0.0,0.0,0.0,0.0,0.0,0.0,0.0,3.4291940022117554e-5,6.387402697896126e-6,2.411048560056428e-6,2.411047613029825e-6,9.470266026126483e-13,2.598705638646396e-6,2.7060286271912475e-6,9.410853761436175e-7,1.9192369820737498e-6,1.91923622822363e-6,7.538498016390098e-13,0.0,0.0,0.0,0.0,4.359872444724051e-10,2.537332501070053e-5,0.0,0.0,0.0,0.0,0.0,0.0,0.0,2.2875601591443027e-5,5.4805008264034745e-6,1.5530311931487544e-6,1.553030583139531e-6,6.100092212844993e-13,1.057017474479817e-6,1.0195599143836195e-6,6.528810962257853e-8,1.8236430330524364e-7,1.8236423167511395e-7,7.163018176298141e-14,0.0,0.0,0.0,0.0,2.097214355907784e-11,2.5049799277999424e-5,0.0,0.0,0.0,0.0,0.0,0.0,0.0,2.2594447507710448e-5,5.438140268922582e-6,1.549345804249806e-6,1.549345195688157e-6,6.085616513822991e-13,5.116620065154925e-7,4.96826207018854e-7,1.697439770253356e-8,5.605322243685178e-8,5.6053200419670755e-8,2.2016932254413373e-14,0.0,0.0,0.0,0.0,5.5395070723042895e-12,2.5123242798213124e-5,0.0,0.0,0.0,0.0,0.0,0.0,0.0,2.269220583790061e-5,5.438580677814422e-6,1.5580557948576333e-6,1.5580551828748197e-6,6.119828154976849e-13
13200.0,0.0006490745707316572,0.0011566459397939148,0.0005833581141069144,0.0002915244312470367,0.00029152431674026247,1.1450677364042933e-10,0.0,0.0,0.0,0.0,1.843041808611552e-14,3.0118344430500426e-5,0.0,0.0,0.0,0.0,0.0,0.0,0.0,2.7233118357942843e-5,5.739278705482154e-6,1.784739578653363e-6,1.784738877632275e-6,7.010210776015457e-13,1.0139515937569298e-5,2.767217928236181e-5,2.0858558891859993e-5,3.523738857861463e-5,3.5237374737854735e-5,1.3840759967839685e-11,0.0,0.0,0.0,0.0,2.8650217816162982e-8,3.6951177656128306e-5,0.0,0.0,0.0,0.0,0.0,0.0,0.0,3.38580148675083e-5,6.113655963771986e-6,2.4001842300450877e-6,2.400183287285841e-6,9.427592437088236e-13,3.1329302428865016e-6,3.1925912396074813e-6,9.82323895529387e-7,1.8229278310849093e-6,1.8229271150618552e-6,7.160208961697118e-13,0.0,0.0,0.0,0.0,7.150099789762882e-10,2.9627494008120055e-5,0.0,0.0,0.0,0.0,0.0,0.0,0.0,2.67808181612194e-5,5.701876792562356e-6,1.759998391029723e-6,1.7599976997266487e-6,6.913030805242662e-13,8.197239222368195e-7,7.672375210631856e-7,8.004850353534806e-8,1.4271606469921713e-7,1.4271600864336226e-7,5.6056900774071504e-14,0.0,0.0,0.0,0.0,2.271522996995704e-11,2.9995147672974557e-5,0.0,0.0,0.0,0.0,0.0,0.0,0.0,2.7118507004319757e-5,5.730732976504744e-6,1.7770540486307808e-6,1.7770533506284733e-6,6.980023074667857e-13,3.802958988908048e-7,3.61150570159516e-7,2.911239264556057e-8,4.013742881514433e-8,4.013741304799544e-8,1.5765428153555027e-14,0.0,0.0,0.0,0.0,4.106077328959059e-12,3.0109294080842105e-5,0.0,0.0,0.0,0.0,0.0,0.0,0.0,2.7223613968271718e-5,5.739749220907618e-6,1.7838830846962704e-6,1.7838823840116112e-6,7.006846585945741e-13
13320.0,0.0005412543745902808,0.0010259173561816273,0.0005510848578291346,0.0002570554889638287,0.00025705538799597927,1.0096784877308702e-10,0.0,0.0,0.0,0.0,7.495608241715282e-15,3.037193302869901e-5,0.0,0.0,0.0,0.0,0.0,0.0,0.0,2.7656373970690472e-5,5.138756279575094e-6,1.918294383979338e-6,1.918293630499779e-6,7.534795621156433e-13,4.995076355332473e-6,1.794602670488298e-5,1.7061213238498654e-5,3.22221740616289e-5,3.222216140520232e-5,1.2656425314662238e-11,0.0,0.0,0.0,0.0,2.0044011457069918e-8,3.6613152064194485e-5,0.0,0.0,0.0,0.0,0.0,0.0,0.0,3.3550572160218376e-5,5.572706028935905e-6,2.4208726907933275e-6,2.4208717399079398e-6,9.508853855959182e-13,1.5559963976508918e-6,1.8554980054830533e-6,7.518636077173549e-7,1.6429644235689863e-6,1.642963778236874e-6,6.453337531410758e-13,0.0,0.0,0.0,0.0,8.519288860759377e-10,3.070468252724636e-5,0.0,0.0,0.0,0.0,0.0,0.0,0.0,2.7949980709802236e-5,5.1769613533607205e-6,1.929173248283278e-6,1.9291724905306454e-6,7.577526298890275e-13,3.639193481503114e-7,3.504955471859792e-7,4.6667051134237705e-8,9.345040448776297e-8,9.34503677817016e-8,3.670602929470385e-14,0.0,0.0,0.0,0.0,4.8156145479054636e-11,3.047019859656646e-5,0.0,0.0,0.0,0.0,0.0,0.0,0.0,2.774487535686696e-5,5.1517767903874535e-6,1.919051490829123e-6,1.9190507370521797e-6,7.53776943238381e-13,1.3305278762478293e-7,1.2944235605165543e-7,6.521476506493769e-9,1.7382732764064884e-8,1.7382725934536473e-8,6.827697552782566e-15,0.0,0.0,0.0,0.0,2.4004705004400815e-12,3.039641062715195e-5,0.0,0.0,0.0,0.0,0.0,0.0,0.0,2.7678162763408056e-5,5.142750359633261e-6,1.918380675366753e-6,1.918379921853299e-6,7.535134561818235e-13
13440.0,0.0005248019073476147,0.0010074967428408352,0.0005502686272680455,0.00022768945322528024,0.00022768936379200585,8.943327517784298e-11,0.0,0.0,0.0,0.0,1.1151330616131717e-14,3.12713964310089e-5,0.0,0.0,0.0,0.0,0.0,0.0,0.0,2.8166571767412904e-5,4.2045822646250065e-6,1.7974781921922782e-6,1.7974774861676473e-6,7.060246292104266e-13,5.915286705984041e-6,1.576376267423646e-5,1.3677291712000067e-5,3.005792144599938e-5,3.0057909639663798e-5,1.1806336753307588e-11,0.0,0.0,0.0,0.0,1.2294042346767178e-8,3.6494641739448176e-5,0.0,0.0,0.0,0.0,0.0,0.0,0.0,3.2772870970318834e-5,4.826098784728785e-6,2.159731746140092e-6,2.159730897827273e-6,8.483128262061479e-13,2.237638594253851e-6,3.653875795832188e-6,1.8316537601347762e-6,2.2039747407509843e-6,2.2039738750593463e-6,8.656908639484164e-13,0.0,0.0,0.0,0.0,5.847943305022683e-10,3.086978203152524e-5,0.0,0.0,0.0,0.0,0.0,0.0,0.0,2.779078570227388e-5,4.170466005266667e-6,1.7672378378901898e-6,1.767237143743551e-6,6.941466353487685e-13,1.7391372933214105e-6,3.017548643556958e-6,1.3286211753031282e-6,1.219446772153122e-6,1.2194462931721885e-6,4.789818640871183e-13,0.0,0.0,0.0,0.0,4.192443700560358e-11,3.126952419159793e-5,0.0,0.0,0.0,0.0,0.0,0.0,0.0,2.8161939843466866e-5,4.19894990230295e-6,1.7959417943911393e-6,1.7959410889699832e-6,7.054211533559902e-13,1.644466235265537e-6,2.9332778720397544e-6,1.3046036306081036e-6,1.175429232651508e-6,1.17542877095805e-6,4.616923819997966e-13,0.0,0.0,0.0,0.0,2.030161501920678e-12,3.128792485312034e-5,0.0,0.0,0.0,0.0,0.0,0.0,0.0,2.817884130574069e-5,4.200432736408265e-6,1.797132707423083e-6,1.797132001534156e-6,7.058889275606761e-13
13560.0,0.0005113458336837599,0.0009683013230337053,0.0005251033326973746,0.00023562005150681454,0.0002356199589585101,9.254830474285152e-11,0.0,0.0,0.0,0.0,3.18445078581718e-14,2.7045220476002506e-5,0.0,0.0,0.0,0.0,0.0,0.0,0.0,2.4761973457000713e-5,4.601136555107976e-6,1.8110203598160146e-6,1.811019648472209e-6,7.11343805775008e-13,3.199667972634407e-6,1.150092759431977e-5,1.1277850041176846e-5,2.8389559262088428e-5,2.838954811105917e-5,1.115102711038589e-11,0.0,0.0,0.0,0.0,1.2557480243433815e-8,3.298668021498955e-5,0.0,0.0,0.0,0.0,0.0,0.0,0.0,2.996495329629397e-5,5.03441333106873e-6,2.070373447340197e-6,2.070372634126072e-6,8.132141195564003e-13,1.5459493673342442e-6,1.5741195349876769e-6,4.985492686128325e-7,1.4330865506318525e-6,1.4330859877367602e-6,5.628966209056442e-13,0.0,0.0,0.0,0.0,6.245585904208745e-10,2.6982153663719532e-5,0.0,0.0,0.0,0.0,0.0,0.0,0.0,2.4701584029457336e-5,4.599648424334834e-6,1.8061381574761727e-6,1.8061374480500277e-6,7.094261440689059e-13,3.062334673654965e-7,2.8226301991215076e-7,3.409090733850779e-8,6.082952987672981e-8,6.082950598281283e-8,2.389299990596684e-14,0.0,0.0,0.0,0.0,4.634428603566987e-11,2.7011376606557486e-5,0.0,0.0,0.0,0.0,0.0,0.0,0.0,2.4729979205868032e-5,4.6026312976927045e-6,1.808298206838238e-6,1.8082974965636514e-6,7.102745816502649e-13,9.05651802766104e-8,8.379903992548598e-8,7.040729825547043e-9,8.76817154039728e-9,8.768168096994798e-9,3.4440167838662176e-15,0.0,0.0,0.0,0.0,3.247845723006195e-12,2.7043875908755525e-5,0.0,0.0,0.0,0.0,0.0,0.0,0.0,2.4760448085274814e-5,4.601985989928701e-6,1.8108244635587159e-6,1.8108237522918556e-6,7.11266860428453e-13
13680.0,0.000518432888946953,0.0009381640032113332,0.0005257606878368124,0.00021852328135833733,0.00021852319552540685,8.583292935904627e-11,0.0,0.0,0.0,0.0,3.267974165409671e-14,2.5907194404322543e-5,0.0,0.0,0.0,0.0,0.0,0.0,0.0,2.3334650940058343e-5,3.4657576138656145e-6,1.5436382694257013e-6,1.5436376631058898e-6,6.06319810465731e-13,4.6838644717438725e-6,1.2602949127238321e-5,1.1407086120561374e-5,2.7447819536975677e-5,2.7447808755850942e-5,1.0781124742099057e-11,0.0,0.0,0.0,0.0,1.1895668525232234e-8,3.1981500661926716e-5,0.0,0.0,0.0,0.0,0.0,0.0,0.0,2.8747633253990113e-5,3.892851679878551e-6,1.8778345207630146e-6,1.8778337831755271e-6,7.375874861787618e-13,2.7137882239285094e-6,3.919293098511244e-6,1.4297490610614989e-6,2.4879753632621087e-6,2.487974386020795e-6,9.772423893443078e-13,0.0,0.0,0.0,0.0,7.22161122578979e-10,2.60340688314482e-5,0.0,0.0,0.0,0.0,0.0,0.0,0.0,2.330504364505679e-5,3.508048905176677e-6,1.547015278790293e-6,1.5470146711440368e-6,6.076462531423829e-13,1.8514766313044995e-6,2.9053017595264095e-6,1.117950944642173e-6,1.0941225248749122e-6,1.0941220951199242e-6,4.2975622919461286e-13,0.0,0.0,0.0,0.0,3.8411261423997477e-11,2.5964078978657826e-5,0.0,0.0,0.0,0.0,0.0,0.0,0.0,2.3386227550917185e-5,3.4898177234205587e-6,1.5461246339612869e-6,1.546124026664863e-6,6.072964201441919e-13,1.6444442572935772e-6,2.7222053239323972e-6,1.1016867804995376e-6,1.0484780921118616e-6,1.0484776802847112e-6,4.1182772588485265e-13,0.0,0.0,0.0,0.0,2.195835098494787e-12,2.5949008304111235e-5,0.0,0.0,0.0,0.0,0.0,0.0,0.0,2.3372802681221386e-5,3.475382823107398e-6,1.5457355426001693e-6,1.5457349354565775e-6,6.071435904268936e-13
13800.0,0.0004766168687666381,0.0008887559657013226,0.0004954145923782963,0.0002086666287864876,0.00020866654682511311,8.196137224779749e-11,0.0,0.0,0.0,0.0,3.038309535768126e-14,2.435428331394289e-5,0.0,0.0,0.0,0.0,0.0,0.0,0.0,2.1789247261173997e-5,4.329905929598106e-6,1.5976640284956245e-6,1.5976634009552448e-6,6.275403830884419e-13,3.821344395055215e-6,1.118416399157071e-5,1.0718787208955412e-5,2.7817237674411864e-5,2.7817226748185283e-5,1.0926227088619862e-11,0.0,0.0,0.0,0.0,9.069235485808362e-9,3.052927076520139e-5,0.0,0.0,0.0,0.0,0.0,0.0,0.0,2.7738890458757444e-5,4.769286429104579e-6,1.978896907698811e-6,1.9788961304154146e-6,7.772833971352357e-13,2.3697386669556224e-6,2.2234359811061067e-6,4.448907230468046e-7,1.3943671938065628e-6,1.3943666461196617e-6,5.476881918604944e-13,0.0,0.0,0.0,0.0,6.990141343914569e-10,2.4426487323277543e-5,0.0,0.0,0.0,0.0,0.0,0.0,0.0,2.1862443042314897e-5,4.333577317286562e-6,1.6162089373777225e-6,1.616208302553158e-6,6.348245673829142e-13,4.600897706070507e-7,4.256963522816772e-7,4.6823317838892015e-8,5.7237250719257165e-8,5.7237228237628587e-8,2.248200222484045e-14,0.0,0.0,0.0,0.0,5.3556687875012985e-11,2.4360753746481734e-5,0.0,0.0,0.0,0.0,0.0,0.0,0.0,2.1796754650983785e-5,4.3358432296919404e-6,1.6001588134301116e-6,1.6001581849098196e-6,6.285203001833946e-13,1.3656908104614854e-7,1.3183211524496363e-7,1.6627726036875547e-8,1.7096567130051455e-8,1.7096560414470542e-8,6.715295640869244e-15,0.0,0.0,0.0,0.0,4.3360598869658775e-12,2.436652361629091e-5,0.0,0.0,0.0,0.0,0.0,0.0,0.0,2.1801121456445582e-5,4.336022949981188e-6,1.5998726916398727e-6,1.599872063231949e-6,6.284079154925821e-13
13920.0,0.0006896130591042418,0.0011545322691810431,0.0005335447241432926,0.00022060943606796134,0.00022060934941562054,8.665234214065201e-11,0.0,0.0,0.0,0.0,3.604538521112795e-14,2.2609729254900905e-5,0.0,0.0,0.0,0.0,0.0,0.0,0.0,2.001792063260878e-5,2.8043908792141056e-6,1.3015941675381891e-6,1.301593656289956e-6,5.112482273833909e-13,6.459653726009849e-6,1.3564395303467627e-5,1.0884490890396216e-5,2.748649013137389e-5,2.7486479335058337e-5,1.079631401793518e-11,0.0,0.0,0.0,0.0,7.1781126311108015e-9,3.0211028392982097e-5,0.0,0.0,0.0,0.0,0.0,0.0,0.0,2.699370031162606e-5,3.456624456972059e-6,1.7393164281828692e-6,1.7393157450033765e-6,6.83179490923166e-13,3.2118053194412667e-6,3.5684518473319125e-6,1.0515530847334626e-6,2.1801418948651834e-6,2.180141038534613e-6,8.563296509709253e-13,0.0,0.0,0.0,0.0,7.041169894648583e-10,2.2985131079381535e-5,0.0,0.0,0.0,0.0,0.0,0.0,0.0,2.0357639373872198e-5,2.86001832020408e-6,1.3241077173433536e-6,1.3241071972521146e-6,5.200912390663419e-13,1.8003476530371529e-6,2.3722566993876754e-6,6.883316286249424e-7,7.487079183413444e-7,7.48707624257878e-7,2.940821383697966e-13,0.0,0.0,0.0,0.0,4.065002270644751e-11,2.2955435562441068e-5,0.0,0.0,0.0,0.0,0.0,0.0,0.0,2.0320093950581624e-5,2.8506283164004167e-6,1.3135735961610442e-6,1.3135730802074627e-6,5.159535816337741e-13,1.4189164956580035e-6,2.026743944759691e-6,6.573951174920463e-7,6.908197631397615e-7,6.90819491796298e-7,2.713444698466578e-13,0.0,0.0,0.0,0.0,2.285468610986844e-12,2.2786129977127594e-5,0.0,0.0,0.0,0.0,0.0,0.0,0.0,2.017240286594589e-5,2.8272935172550743e-6,1.3083673780204422e-6,1.3083668641117913e-6,5.139086509924609e-13
14040.0,0.0006389316556634802,0.0010883732530279748,0.0005177813000097975,0.00020761067352665982,0.0002076105919800526,8.154660759361671e-11,0.0,0.0,0.0,0.0,3.409968531035048e-14,2.50454157444849e-5,0.0,0.0,0.0,0.0,0.0,0.0,0.0,2.2326442491314134e-5,4.379184589241353e-6,1.5744021917714803e-6,1.5744015733680223e-6,6.184034546298623e-13,1.0268814316839996e-5,1.7966076193594996e-5,1.164831362923896e-5,2.918546114585107e-5,2.918544968220593e-5,1.1463646387110969e-11,0.0,0.0,0.0,0.0,4.848206196894973e-9,3.532526151398926e-5,0.0,0.0,0.0,0.0,0.0,0.0,0.0,3.191986060601254e-5,5.320061962514597e-6,2.1387698265541766e-6,2.1387689864749027e-6,8.400792734612698e-13,4.69674898625691e-6,4.5743098677331315e-6,7.477764872744876e-7,1.8272888234980931e-6,1.8272881057652348e-6,7.177338338099787e-13,0.0,0.0,0.0,0.0,6.981616316554241e-10,2.668029383255963e-5,0.0,0.0,0.0,0.0,0.0,0.0,0.0,2.3827159266660557e-5,4.588253952258788e-6,1.669197911015886e-6,1.6691972553779776e-6,6.556379049953702e-13,1.9184204700004558e-6,1.8593486633748501e-6,1.5188778087853443e-7,2.9059238925681525e-7,2.9059227511622335e-7,1.1414068040843834e-13,0.0,0.0,0.0,0.0,5.4829852472459734e-11,2.558923248002897e-5,0.0,0.0,0.0,0.0,0.0,0.0,0.0,2.2817977856068096e-5,4.483784472332861e-6,1.6100985666786942e-6,1.6100979342542013e-6,6.324244980936963e-13,1.0657982627473167e-6,1.0711382501425627e-6,1.2068124763018554e-7,1.6569235303330926e-7,1.6569228795009963e-7,6.508166976369231e-14,0.0,0.0,0.0,0.0,4.2970785389544384e-12,2.5355806085578393e-5,0.0,0.0,0.0,0.0,0.0,0.0,0.0,2.2596539121624048e-5,4.454278963419053e-6,1.5972075751757532e-6,1.5972069478146556e-6,6.273610945233186e-13
14160.0,0.0009145010788504798,0.0016070509605277629,0.0007680181161940628,0.0005040331589041135,0.0005040329609268441,1.9797726930473403e-10,0.0,0.0,0.0,0.0,3.021727168023364e-14,3.310407607698787e-5,0.0,0.0,0.0,0.0,0.0,0.0,0.0,2.964945005359136e-5,4.675849189135847e-6,1.990407099664813e-6,1.9904063178603635e-6,7.818044417021367e-13,1.4878347955230454e-5,4.456901295474235e-5,3.1735722424532813e-5,4.799245850799826e-5,4.7992439657223914e-5,1.8850775419801537e-11,0.0,0.0,0.0,0.0,8.28659118358263e-9,5.702272301599743e-5,0.0,0.0,0.0,0.0,0.0,0.0,0.0,5.137091106416598e-5,7.115328538652593e-6,3.369466889551888e-6,3.369465566071795e-6,1.3234800965408367e-12,1.3369389820061701e-5,2.2720289019613183e-5,9.623283155430905e-6,1.0270961848384467e-5,1.0270957814093323e-5,4.034292077722444e-12,0.0,0.0,0.0,0.0,4.2692389396148476e-10,3.25703687022754e-5,0.0,0.0,0.0,0.0,0.0,0.0,0.0,2.917451560274403e-5,4.613250157260579e-6,1.9940638526449612e-6,1.994063069404205e-6,7.832407638106003e-13,1.4400819410806485e-5,2.2713898305179094e-5,8.4033154786813e-6,9.067242605964303e-6,9.067239044475139e-6,3.561487770279695e-12,0.0,0.0,0.0,0.0,5.500482564006634e-11,3.2402982539717405e-5,0.0,0.0,0.0,0.0,0.0,0.0,0.0,2.9028992115177786e-5,4.5907011491714824e-6,1.9583592942882433e-6,1.958358525071738e-6,7.692165060007273e-13,1.4527035426280255e-5,2.2832838903065437e-5,8.34024359008356e-6,9.052031981244487e-6,9.052028425729487e-6,3.5555132467918453e-12,0.0,0.0,0.0,0.0,1.471029718053439e-11,3.278349297688025e-5,0.0,0.0,0.0,0.0,0.0,0.0,0.0,2.9366588729800767e-5,4.633583672317114e-6,1.9763995281461354e-6,1.9763987518436783e-6,7.763024609100668e-13
14280.0,0.000603437622376525,0.0010683697097522375,0.0005404063286112093,0.00029991253569594116,0.00029991241789443645,1.1780150531452683e-10,0.0,0.0,0.0,0.0,3.9661870150730944e-14,2.53467417676095e-5,0.0,0.0,0.0,0.0,0.0,0.0,0.0,2.2102586272801302e-5,3.245395512663852e-6,1.3094919079394573e-6,1.3094913935891118e-6,5.143503508264605e-13,5.991796284314423e-6,1.6124610351152743e-5,1.3388749675203346e-5,3.147036091432895e-5,3.147034855320444e-5,1.2361123485207564e-11,0.0,0.0,0.0,0.0,1.467073070968963e-8,2.9981978930817962e-5,0.0,0.0,0.0,0.0,0.0,0.0,0.0,2.6296960946328065e-5,3.733571538784624e-6,1.6464777461426467e-6,1.6464770994289073e-6,6.46713737764911e-13,3.3930383766022157e-6,5.059367283395735e-6,2.1382826237405445e-6,3.084165913492251e-6,3.084164702074753e-6,1.2114178102156253e-12,0.0,0.0,0.0,0.0,8.551982165275462e-10,2.5451792813367125e-5,0.0,0.0,0.0,0.0,0.0,0.0,0.0,2.218584845802481e-5,3.2671782938234513e-6,1.3066082014533186e-6,1.3066076882356446e-6,5.132176707130267e-13,3.0001646698601774e-6,4.594258781514086e-6,1.6866799471947774e-6,1.6061294807715635e-6,1.6061288499066752e-6,6.308654959213642e-13,0.0,0.0,0.0,0.0,3.120935633096795e-11,2.5247807429971696e-5,0.0,0.0,0.0,0.0,0.0,0.0,0.0,2.2014036456112607e-5,3.2350066103768394e-6,1.3042070834490356e-6,1.30420657117449e-6,5.122745446956821e-13,2.93348809898104e-6,4.571828522385948e-6,1.6578448088871945e-6,1.5781121751960182e-6,1.5781115553355477e-6,6.198606849211429e-13,0.0,0.0,0.0,0.0,7.263647492009078e-12,2.5275011663298956e-5,0.0,0.0,0.0,0.0,0.0,0.0,0.0,2.2039330508060238e-5,3.2369172170148573e-6,1.3064586863219415e-6,1.306458173163e-6,5.131589432326888e-13
14400.0,0.0005316300100693351,0.0009466807154588495,0.00048239950305283463,0.00024885915134602294,0.00024885905359758507,9.77484404639183e-11,0.0,0.0,0.0,0.0,1.049410484141765e-14,2.6361590750606745e-5,0.0,0.0,0.0,0.0,0.0,0.0,0.0,2.3828887125542117e-5,4.295650970198967e-6,1.7810652399914353e-6,1.7810645404135836e-6,6.995778480799619e-13,7.595120367520202e-6,1.7298052469942358e-5,1.4950723026901274e-5,3.395537146428457e-5,3.395535812708449e-5,1.3337201336799685e-11,0.0,0.0,0.0,0.0,9.999126805479646e-9,3.517364467350894e-5,0.0,0.0,0.0,0.0,0.0,0.0,0.0,3.1938984109479e-5,4.909654668794998e-6,2.320573071342676e-6,2.3205721598536015e-6,9.114890791816408e-13,3.949961615480006e-6,4.069520035462006e-6,8.145966081254475e-7,1.8112859890884485e-6,1.8112852776383918e-6,7.114481412861217e-13,0.0,0.0,0.0,0.0,9.673040769752465e-10,2.6889504065935648e-5,0.0,0.0,0.0,0.0,0.0,0.0,0.0,2.4180289960405955e-5,4.394129548341406e-6,1.801148789487522e-6,1.8011480820211285e-6,7.074663891748086e-13,1.2547349585189695e-6,1.1662468730755526e-6,1.3663693971914786e-7,1.6691777438997467e-7,1.669177088261057e-7,6.556299836227134e-14,0.0,0.0,0.0,0.0,4.897908133664684e-11,2.657805962933565e-5,0.0,0.0,0.0,0.0,0.0,0.0,0.0,2.389832384560829e-5,4.363945804882495e-6,1.7910312171834626e-6,1.791030513691112e-6,7.034923463933659e-13,6.43845184266148e-7,6.185940559827683e-7,8.350168797849247e-8,8.073644805408615e-8,8.073641634300508e-8,3.171216265575665e-14,0.0,0.0,0.0,0.0,4.9258134788926615e-12,2.652150835020408e-5,0.0,0.0,0.0,0.0,0.0,0.0,0.0,2.3941594180166366e-5,4.355404772830326e-6,1.7948444422323736e-6,1.7948437372422403e-6,7.049901285711697e-13
14520.0,0.0005593278747097327,0.0009389710455602165,0.0004549550979940512,0.00026003574553433505,0.0002600356433958818,1.0213845242729741e-10,0.0,0.0,0.0,0.0,3.0676132610366564e-14,2.466837335452705e-5,0.0,0.0,0.0,0.0,0.0,0.0,0.0,2.1080103692481872e-5,3.588271937416624e-6,1.2687689205440287e-6,1.2687684221891027e-6,4.983549233430615e-13,5.5161142005926735e-6,1.589825827975733e-5,1.3432509564012367e-5,3.222006159485567e-5,3.222004893925934e-5,1.2655595566864924e-11,0.0,0.0,0.0,0.0,3.2997963783665087e-9,3.438243154915807e-5,0.0,0.0,0.0,0.0,0.0,0.0,0.0,2.977860897271369e-5,4.726209095822667e-6,1.929559262814747e-6,1.9295585049104973e-6,7.579042510701016e-13,3.1181400629307424e-6,3.495682215232602e-6,9.080241429313459e-7,2.023268263977318e-6,2.023267469266608e-6,7.947118535695751e-13,0.0,0.0,0.0,0.0,7.824567510015061e-10,2.4922119342607566e-5,0.0,0.0,0.0,0.0,0.0,0.0,0.0,2.1307708012534093e-5,3.614413605152494e-6,1.2887609639463726e-6,1.2887604577388487e-6,5.062075221070481e-13,1.2742374068592556e-6,1.5269624967294475e-6,4.453093994984938e-7,5.209731602919132e-7,5.209729556608569e-7,2.0463106808164434e-13,0.0,0.0,0.0,0.0,2.7858599961822465e-11,2.476003894854292e-5,0.0,0.0,0.0,0.0,0.0,0.0,0.0,2.1162427891735287e-5,3.5976133298714746e-6,1.2716320662826857e-6,1.271631566803159e-6,4.994795274786192e-13,9.413245019036093e-7,1.3041322482840332e-6,4.125046492535738e-7,4.5359861849581164e-7,4.5359844032878414e-7,1.7816727781438573e-13,0.0,0.0,0.0,0.0,2.7017756639799587e-12,2.470514012844964e-5,0.0,0.0,0.0,0.0,0.0,0.0,0.0,2.1113119596174705e-5,3.59202280619529e-6,1.2696321163266448e-6,1.2696316176326683e-6,4.986939747346204e-13
14640.0,0.00047204696657465435,0.0007992945044168117,0.00041453987059224685,0.000238201303833228,0.00023820121027104326,9.356218503612587e-11,0.0,0.0,0.0,0.0,1.0944088284166903e-14,2.1721661667040613e-5,0.0,0.0,0.0,0.0,0.0,0.0,0.0,1.935964237568775e-5,2.505935606800144e-6,1.3633930102596971e-6,1.3633924747377369e-6,5.35521959998123e-13,3.3924741542541194e-6,1.178474658412066e-5,1.0893555833982674e-5,3.228654253525115e-5,3.228652985354175e-5,1.268170836283427e-11,0.0,0.0,0.0,0.0,2.582443112337634e-9,2.8466704959840738e-5,0.0,0.0,0.0,0.0,0.0,0.0,0.0,2.5452134308710136e-5,3.194908078128026e-6,1.8536471532241825e-6,1.8536464251371652e-6,7.280870219882337e-13,1.0278572420774693e-6,1.2556128893737283e-6,5.558383845931511e-7,1.60070719339286e-6,1.6007065646579797e-6,6.287356962659627e-13,0.0,0.0,0.0,0.0,7.75612779229486e-10,2.174465237596837e-5,0.0,0.0,0.0,0.0,0.0,0.0,0.0,1.9287834855411108e-5,2.5210424009768303e-6,1.3615262944525704e-6,1.3615257596638229e-6,5.347887397892208e-13,3.8679976267948224e-7,3.8306365552379365e-7,8.797214090538758e-8,1.1809880503749828e-7,1.1809875865022921e-7,4.638758088953248e-14,0.0,0.0,0.0,0.0,4.149247935588731e-11,2.162408040325921e-5,0.0,0.0,0.0,0.0,0.0,0.0,0.0,1.9273776293256358e-5,2.5047881557329737e-6,1.3572263359036211e-6,1.3572258028038445e-6,5.330997754093895e-13,2.3791895898284815e-7,2.6479661016192933e-7,5.690990929625283e-8,6.525823890522819e-8,6.525821327183177e-8,2.5632535696523283e-14,0.0,0.0,0.0,0.0,3.1961712762255877e-12,2.1697798698462767e-5,0.0,0.0,0.0,0.0,0.0,0.0,0.0,1.9339955731249396e-5,2.5044538891806567e-6,1.3618247039366776e-6,1.3618241690307275e-6,5.349059509166166e-13
14760.0,0.0009841465485139547,0.0015755428995203528,0.000663836386830415,0.0005325852029857132,0.0005325849937935928,2.0919211820998037e-10,0.0,0.0,0.0,0.0,3.428577570128411e-14,2.365970813512242e-5,0.0,0.0,0.0,0.0,0.0,0.0,0.0,2.1294704273740315e-5,2.620486586250987e-6,1.5441002867110932e-6,1.544099680209803e-6,6.065012844797288e-13,1.2815607781369726e-5,2.7482971457180407e-5,2.1407616533554875e-5,4.2717414349512916e-5,4.271739757070039e-5,1.6778810868442062e-11,0.0,0.0,0.0,0.0,3.1157283308596307e-9,4.446414405460596e-5,0.0,0.0,0.0,0.0,0.0,0.0,0.0,3.9866423456900744e-5,5.15133731244736e-6,2.6971422562645084e-6,2.6971411968642475e-6,1.0594002584723545e-12,3.340864591055547e-6,3.274912489533274e-6,7.23598567477484e-7,1.6024486110601374e-6,1.6024479816406665e-6,6.294197010939879e-13,0.0,0.0,0.0,0.0,5.087871096931214e-10,2.39273280511602e-5,0.0,0.0,0.0,0.0,0.0,0.0,0.0,2.142631372823701e-5,2.733480473578255e-6,1.4847083281325112e-6,1.484707744959564e-6,5.831729427420254e-13,1.2771815213331698e-6,1.1733537028892646e-6,1.1716669775596687e-7,1.6252367643204689e-7,1.6252361259495613e-7,6.383705732188357e-14,0.0,0.0,0.0,0.0,3.509013438806489e-11,2.273064516670313e-5,0.0,0.0,0.0,0.0,0.0,0.0,0.0,2.0448166239393858e-5,2.514839732173128e-6,1.4785625877013425e-6,1.4785620069423544e-6,5.80758980710116e-13,6.470171311796086e-7,5.958850941977188e-7,5.137832221496254e-8,6.784170068725939e-8,6.784167404118008e-8,2.6647283834344727e-14,0.0,0.0,0.0,0.0,2.0806373016042406e-11,2.320397392559793e-5,0.0,0.0,0.0,0.0,0.0,0.0,0.0,2.0862310114325263e-5,2.5740244679383526e-6,1.5212912190167621e-6,1.5212906214745658e-6,5.975421974479785e-13
14880.0,0.0014053782716071145,0.002229615999827193,0.0008916388655082874,0.0008359082858782824,0.0008359079575450435,3.283332393987728e-10,0.0,0.0,0.0,0.0,4.592248531497282e-14,2.317801873873129e-5,0.0,0.0,0.0,0.0,0.0,0.0,0.0,2.0676722404287137e-5,2.5958860187511775e-6,1.4708736506903965e-6,1.4708730729515241e-6,5.777388723573397e-13,1.1718156984219432e-5,2.3357518511657564e-5,1.9042525345416297e-5,4.032776105069797e-5,4.032774521051104e-5,1.58401880291965e-11,0.0,0.0,0.0,0.0,3.095140173377867e-9,4.394365227011739e-5,0.0,0.0,0.0,0.0,0.0,0.0,0.0,3.8866073727610975e-5,5.135415860818175e-6,2.3679267237659015e-6,2.367925793676962e-6,9.300889403866805e-13,5.002975090295878e-6,4.646535678474491e-6,1.073438188705679e-6,1.775246122527569e-6,1.775245425233407e-6,6.972921790417018e-13,0.0,0.0,0.0,0.0,6.629559466388637e-10,2.3488692457779e-5,0.0,0.0,0.0,0.0,0.0,0.0,0.0,2.092921519941764e-5,2.6534687380229893e-6,1.4543965001233865e-6,1.454395928856506e-6,5.712668749945599e-13,2.345375666941516e-6,2.1418662520084464e-6,2.2106865550436047e-7,2.7265518710331353e-7,2.726550800095184e-7,1.0709519493123402e-13,0.0,0.0,0.0,0.0,4.806437478476618e-11,2.2560009264078234e-5,0.0,0.0,0.0,0.0,0.0,0.0,0.0,2.0115172596965e-5,2.5375698642034806e-6,1.426960241551923e-6,1.4269596810616308e-6,5.604902912401791e-13,1.2539940969780172e-6,1.1596362293250128e-6,9.738801838056477e-8,1.3661547072815525e-7,1.3661541706950116e-7,5.366067164855458e-14,0.0,0.0,0.0,0.0,1.778820380337691e-11,2.274679381541202e-5,0.0,0.0,0.0,0.0,0.0,0.0,0.0,2.0296864538609346e-5,2.542884123407941e-6,1.4415719662254938e-6,1.441571399995918e-6,5.662295750543502e-13
15000.0,0.0011880383356888654,0.0017607264580230832,0.0006951881863844737,0.0006506479903210613,0.0006506477347555103,2.555655518427555e-10,0.0,0.0,0.0,0.0,3.987023024098877e-14,1.9507459530723964e-5,0.0,0.0,0.0,0.0,0.0,0.0,0.0,1.7416367476759353e-5,2.2276032349038267e-6,1.275266801207449e-6,1.2752663003002478e-6,5.009072011987664e-13,1.738902809111844e-5,2.6738552086296266e-5,1.6345543166584593e-5,3.832079450821763e-5,3.8320779456337784e-5,1.5051879266872135e-11,0.0,0.0,0.0,0.0,4.276586913622714e-9,4.552051281637934e-5,0.0,0.0,0.0,0.0,0.0,0.0,0.0,4.023856966197835e-5,5.39372549582488e-6,2.390688083213048e-6,2.3906871441837593e-6,9.390292882772984e-13,6.003837298452445e-6,5.575525396607299e-6,8.489212087211921e-7,2.0340965136416593e-6,2.0340957146763105e-6,7.989650406102076e-13,0.0,0.0,0.0,0.0,9.526675172847274e-10,2.382876829464023e-5,0.0,0.0,0.0,0.0,0.0,0.0,0.0,2.1204045944115688e-5,2.8197167487582843e-6,1.4501865680914458e-6,1.4501859984781737e-6,5.696132717882671e-13,2.521929807790344e-6,2.274790329709509e-6,2.4965017765478815e-7,2.525818631599063e-7,2.5258176395032887e-7,9.921067029232906e-14,0.0,0.0,0.0,0.0,2.781834033997224e-11,2.0125762837077385e-5,0.0,0.0,0.0,0.0,0.0,0.0,0.0,1.7966800229652894e-5,2.32840099145731e-6,1.3039225990053692e-6,1.3039220868425663e-6,5.121628031320139e-13,1.1429062719389878e-6,1.0306734869506504e-6,1.1483878647143824e-7,1.0395379181388232e-7,1.0395375098109072e-7,4.083161489145419e-14,0.0,0.0,0.0,0.0,1.0439803082265021e-11,1.950121560703846e-5,0.0,0.0,0.0,0.0,0.0,0.0,0.0,1.7416864120318246e-5,2.2382393627255187e-6,1.276192203318022e-6,1.2761917020473334e-6,5.012706863775187e-13
15120.0,0.0009985653242310932,0.0015282173573007837,0.000609889524699376,0.0005552071141366258,0.0005552068960589326,2.1807769273418292e-10,0.0,0.0,0.0,0.0,2.1320738149872623e-14,1.7756092843130062e-5,0.0,0.0,0.0,0.0,0.0,0.0,0.0,1.5599284579782917e-5,2.2126457091068273e-6,1.0763599950651839e-6,1.0763595722858235e-6,4.227793526028738e-13,1.2264221325969816e-5,1.6036400904884818e-5,1.4582644387588608e-5,3.428265272717318e-5,3.428263926142089e-5,1.3465752900474064e-11,0.0,0.0,0.0,0.0,3.0000916866485744e-9,4.35862679583589e-5,0.0,0.0,0.0,0.0,0.0,0.0,0.0,3.862366086848519e-5,5.046657009660798e-6,2.388639948064532e-6,2.3886390098397263e-6,9.382248090546388e-13,6.116506067091899e-6,5.992324935096543e-6,7.618701365591073e-7,2.010199587710462e-6,2.0101987981314327e-6,7.895786578748953e-13,0.0,0.0,0.0,0.0,7.838047284256922e-10,2.018983133780968e-5,0.0,0.0,0.0,0.0,0.0,0.0,0.0,1.7745226210451765e-5,2.510007647672273e-6,1.1853153917300051e-6,1.185314926154482e-6,4.655755288596405e-13,2.96062496127434e-6,2.7655403105982208e-6,4.2511963987284813e-7,2.59244222476113e-7,2.5924412064915377e-7,1.0182755309295686e-13,0.0,0.0,0.0,0.0,4.752111204462831e-11,1.8950891962454838e-5,0.0,0.0,0.0,0.0,0.0,0.0,0.0,1.6659568109962937e-5,2.3566579939686603e-6,1.1259819458223169e-6,1.1259815035521516e-6,4.4227017009160975e-13,1.756304724135141e-6,1.6824037049587645e-6,3.096668731923961e-7,1.5980280804852377e-7,1.5980274528037955e-7,6.276833776925072e-14,0.0,0.0,0.0,0.0,9.206432375295448e-12,1.8398758387541225e-5,0.0,0.0,0.0,0.0,0.0,0.0,0.0,1.6176029837652293e-5,2.2880574564803854e-6,1.1038051386818005e-6,1.1038047051223752e-6,4.3355942628037945e-13
15240.0,0.0006735439885882603,0.0010509354091782024,0.0004445992311935442,0.00035391171126353027,0.00035391157225189446,1.3901163630436677e-10,0.0,0.0,0.0,0.0,2.2761191946002694e-14,1.5967547438374276e-5,0.0,0.0,0.0,0.0,0.0,0.0,0.0,1.4049419220294186e-5,1.9910389325256384e-6,1.0435968868726044e-6,1.0435964769621506e-6,4.099104558263102e-13,6.06845097231995e-6,1.3373744183160347e-5,1.168792243331216e-5,3.432511107188099e-5,3.432509758945031e-5,1.3482429952362968e-11,0.0,0.0,0.0,0.0,7.457466271897058e-9,3.5430589362656285e-5,0.0,0.0,0.0,0.0,0.0,0.0,0.0,3.1367493190868393e-5,4.088251691536596e-6,2.034190750322444e-6,2.03418995132039e-6,7.99002055478654e-13,2.2073455809277533e-6,2.068054390009288e-6,5.839920150620733e-7,1.5553743392827254e-6,1.5553737283536568e-6,6.109295767514895e-13,0.0,0.0,0.0,0.0,6.708828383902901e-10,1.6213162142314192e-5,0.0,0.0,0.0,0.0,0.0,0.0,0.0,1.4296040474814183e-5,2.0226331441355226e-6,1.0708577464800536e-6,1.0708573258619063e-6,4.206181452880851e-13,9.789640912681932e-7,9.8586097871779e-7,2.3001862270812835e-7,1.1774608991000596e-7,1.1774604366026458e-7,4.624903925454904e-14,0.0,0.0,0.0,0.0,3.5641365428376475e-11,1.5923282689429594e-5,0.0,0.0,0.0,0.0,0.0,0.0,0.0,1.3994530766129683e-5,1.985713397355778e-6,1.0387388271160063e-6,1.0387384191137295e-6,4.0800227699374704e-13,5.661275568821789e-7,6.171465119113191e-7,1.7805646698070606e-7,6.161228425059828e-8,6.161226004944519e-8,2.4200455021867228e-14,0.0,0.0,0.0,0.0,9.596429926222913e-12,1.594028747162235e-5,0.0,0.0,0.0,0.0,0.0,0.0,0.0,1.4021404878379963e-5,1.9860094753745494e-6,1.0420202461458717e-6,1.0420198368546964e-6,4.0929117310603856e-13
15360.0,0.0005225936874357542,0.000803286406838988,0.0003479477515747765,0.00028336900657598347,0.00028336889527254906,1.1130343537215817e-10,0.0,0.0,0.0,0.0,1.5592596452136997e-14,1.785444678330216e-5,0.0,0.0,0.0,0.0,0.0,0.0,0.0,1.5683085243222896e-5,2.177213142614072e-6,1.1054044216927977e-6,1.1054039875051927e-6,4.3418760257745704e-13,5.484932979937275e-6,1.3154219308060429e-5,9.48478002981909e-6,3.205460216368766e-5,3.205458957308144e-5,1.2590605385595117e-11,0.0,0.0,0.0,0.0,1.0922705680139878e-8,3.4920880095770544e-5,0.0,0.0,0.0,0.0,0.0,0.0,0.0,3.086351283293823e-5,4.0636632155111495e-6,1.983731489685693e-6,1.983730710503337e-6,7.791823542238393e-13,1.1808227853545364e-6,1.2779899265958548e-6,5.347954537476352e-7,1.4057906972461185e-6,1.4057901450696126e-6,5.521751863703435e-13,0.0,0.0,0.0,0.0,7.083991664505294e-10,1.9070182190080976e-5,0.0,0.0,0.0,0.0,0.0,0.0,0.0,1.6757593365976476e-5,2.319254331115251e-6,1.1616685338687233e-6,1.161668077581351e-6,4.562873694115753e-13,4.791100508888188e-7,6.334057809314916e-7,2.5866780815615546e-7,1.0734706478970722e-7,1.0734702262783733e-7,4.2164445690845753e-14,0.0,0.0,0.0,0.0,3.273429115446337e-11,1.8180265750775314e-5,0.0,0.0,0.0,0.0,0.0,0.0,0.0,1.597666880129115e-5,2.210251637221105e-6,1.1186750681622826e-6,1.1186746287621508e-6,4.3940012937956066e-13,3.2905772940619235e-7,5.176927040431106e-7,2.3236208111570775e-7,6.277732620501985e-8,6.277730154709065e-8,2.465806742452058e-14,0.0,0.0,0.0,0.0,5.484511476200086e-12,1.796946940069216e-5,0.0,0.0,0.0,0.0,0.0,0.0,0.0,1.5791721252731762e-5,2.184402693588451e-6,1.1103510241513468e-6,1.1103505880207918e-6,4.3613055976148106e-13
15480.0,0.0004600608388290032,0.0006658951139411278,0.00027317463954583106,0.00024206089243933125,0.0002420607973611534,9.507817817938937e-11,0.0,0.0,0.0,0.0,9.085155293269294e-15,1.584318613842085e-5,0.0,0.0,0.0,0.0,0.0,0.0,0.0,1.380091121258379e-5,2.043916989197216e-6,9.818406012858337e-7,9.81840215632393e-7,3.8565343906682583e-13,2.8819047054565346e-6,8.546631817755247e-6,7.843053835291367e-6,2.985097018370822e-5,2.985095845865986e-5,1.1725049153347233e-11,0.0,0.0,0.0,0.0,1.4522268072283908e-8,2.2073073296921494e-5,0.0,0.0,0.0,0.0,0.0,0.0,0.0,1.9437864604118125e-5,2.6420606332823088e-6,1.393540955895644e-6,1.3935404085319904e-6,5.473636570109345e-13,7.613641667273199e-7,8.451971023640177e-7,2.740643269958558e-7,1.2874069710956058e-6,1.287406465418028e-6,5.056756923998221e-13,0.0,0.0,0.0,0.0,6.501499908458809e-10,1.606490455998888e-5,0.0,0.0,0.0,0.0,0.0,0.0,0.0,1.3998549558141096e-5,2.0680295255412894e-6,9.929237472854206e-7,9.929233572786706e-7,3.900067458712333e-13,2.439329457159384e-7,2.619133500555466e-7,6.862545304285941e-8,5.6573843078135355e-8,5.657382085738341e-8,2.222142485811573e-14,0.0,0.0,0.0,0.0,3.318726218803919e-11,1.58831621311701e-5,0.0,0.0,0.0,0.0,0.0,0.0,0.0,1.3837377352558377e-5,2.047457210738817e-6,9.83156188365627e-7,9.831558021954466e-7,3.8617018351704575e-13,1.1990561960733073e-7,1.514516449154686e-7,5.010197245557298e-8,1.6678415696545324e-8,1.667840914684989e-8,6.5510515275437155e-15,0.0,0.0,0.0,0.0,4.726014144049801e-12,1.585583141053907e-5,0.0,0.0,0.0,0.0,0.0,0.0,0.0,1.3813288851280244e-5,2.0442150260085135e-6,9.823170590687488e-7,9.82316673228161e-7,3.8584058510897303e-13
15600.0,0.00042803324845515226,0.0005888835702531689,0.00023549468034466292,0.00022213969815842755,0.00022213961090501873,8.72534079726085e-11,0.0,0.0,0.0,0.0,7.531910346207848e-16,1.600491305329602e-5,0.0,0.0,0.0,0.0,0.0,0.0,0.0,1.3778965355574828e-5,2.226048089767831e-6,9.705278928611973e-7,9.705275116512335e-7,3.812099633097571e-13,2.629095047547176e-6,8.168489865531338e-6,7.320064605205738e-6,2.807553172433626e-5,2.8075520696650535e-5,1.1027681427045495e-11,0.0,0.0,0.0,0.0,1.6814107108481235e-8,2.0087846079500104e-5,0.0,0.0,0.0,0.0,0.0,0.0,0.0,1.7399260591531505e-5,2.7040987602768542e-6,1.2136349153439265e-6,1.213634438644879e-6,4.766990469338956e-13,6.136337451657231e-7,7.204666392039025e-7,2.546104342512033e-7,1.1513357785215727e-6,1.1513353262937924e-6,4.5222880569953407e-13,0.0,0.0,0.0,0.0,6.046821831012281e-10,1.637317467176786e-5,0.0,0.0,0.0,0.0,0.0,0.0,0.0,1.4101646952388321e-5,2.2755107536016865e-6,9.878905130150582e-7,9.878901249853035e-7,3.880297609070222e-13,1.6929931823898153e-7,1.4639829679361177e-7,2.852668511187182e-8,3.726489452687939e-8,3.72648798876551e-8,1.4637136325104387e-14,0.0,0.0,0.0,0.0,3.3651754163963333e-11,1.608657236303929e-5,0.0,0.0,0.0,0.0,0.0,0.0,0.0,1.3850521070898292e-5,2.236151672741733e-6,9.743813277423584e-7,9.743809450188149e-7,3.8272353935477863e-13,6.351345970337374e-8,5.5994775972831406e-8,7.800051598865453e-9,5.297230741356214e-9,5.297228659414862e-9,2.080679134101506e-15,0.0,0.0,0.0,0.0,4.326856246467803e-12,1.6030856816556518e-5,0.0,0.0,0.0,0.0,0.0,0.0,0.0,1.3801748705221e-5,2.2292085086948136e-6,9.717371068281751e-7,9.717367251432511e-7,3.816849258691802e-13
15720.0,0.00040301533635401935,0.0005339872064614334,0.00021024406176612038,0.0002172617072999948,0.00021726162196259433,8.533740047828972e-11,0.0,0.0,0.0,0.0,6.222460118988846e-16,1.6578255838971735e-5,0.0,0.0,0.0,0.0,0.0,0.0,0.0,1.4180267560725935e-5,2.3980067580095595e-6,1.0176927990888119e-6,1.0176923993531285e-6,3.997356876138068e-13,2.214364804142572e-6,7.523537561741881e-6,6.659353980927583e-6,2.7079237587952048e-5,2.707922695160177e-5,1.0636350838848412e-11,0.0,0.0,0.0,0.0,1.7994363328772257e-8,1.9912595534729636e-5,0.0,0.0,0.0,0.0,0.0,0.0,0.0,1.7175966502092017e-5,2.7564666587532373e-6,1.2420899185877007e-6,1.2420894307119273e-6,4.878757795371812e-13,4.1842557064932645e-7,5.345577276178111e-7,2.581983931989468e-7,1.0713095549675494e-6,1.071309134173408e-6,4.207956094267568e-13,0.0,0.0,0.0,0.0,5.81285810752954e-10,1.6570160313078322e-5,0.0,0.0,0.0,0.0,0.0,0.0,0.0,1.4167613774748779e-5,2.402565026869095e-6,1.0131467174824484e-6,1.0131463195323976e-6,3.9795004949344484e-13,1.057243965512343e-7,1.0060789218981781e-7,2.0510197764451142e-8,3.652544546079469e-8,3.652543111639336e-8,1.4346690936767913e-14,0.0,0.0,0.0,0.0,3.391330616869569e-11,1.654342469159412e-5,0.0,0.0,0.0,0.0,0.0,0.0,0.0,1.4147894905815247e-5,2.395548264897832e-6,1.0145997454953358e-6,1.014599346974548e-6,3.9852077884553924e-13,4.2074052687603863e-8,3.749542594500622e-8,5.122226568246568e-9,3.885389655853078e-9,3.885388130843081e-9,1.5261274392115456e-15,0.0,0.0,0.0,0.0,4.142306243807173e-12,1.6568540253359106e-5,0.0,0.0,0.0,0.0,0.0,0.0,0.0,1.4171176863882108e-5,2.3973818690164624e-6,1.01677159928746e-6,1.0167711999136118e-6,3.9937385304412956e-13
15840.0,0.000388169906018216,0.0004914021707393729,0.00017152340782753068,0.00021576153258106868,0.00021576144783291807,8.474815255067442e-11,0.0,0.0,0.0,0.0,1.007228291131558e-15,1.636252780222852e-5,0.0,0.0,0.0,0.0,0.0,0.0,0.0,1.3929249297785786e-5,2.4332863099702443e-6,1.0168364764881988e-6,1.0168360770888659e-6,3.993993359132888e-13,2.0823093119107586e-6,6.747039355637234e-6,5.9345626967976595e-6,2.74672788258984e-5,2.7467268037128788e-5,1.0788768082256488e-11,0.0,0.0,0.0,0.0,1.8419737062890447e-8,1.8565677633281464e-5,0.0,0.0,0.0,0.0,0.0,0.0,0.0,1.584025521900731e-5,2.7254299543139864e-6,1.141809141089148e-6,1.1418086926022756e-6,4.4848687398167473e-13,4.233043931138429e-7,5.537109989615418e-7,2.5515591844959586e-7,1.0537688976110988e-6,1.0537684837056812e-6,4.139058812734694e-13,0.0,0.0,0.0,0.0,5.702994276220187e-10,1.6374185059083373e-5,0.0,0.0,0.0,0.0,0.0,0.0,0.0,1.3936732055084063e-5,2.4374608147652302e-6,1.0149668070860018e-6,1.0149664084210505e-6,3.9866495557300883e-13,9.618852189361912e-8,9.316002206264185e-8,1.9434136582343123e-8,3.4676626269759427e-8,3.467661264873525e-8,1.3620500271247381e-14,0.0,0.0,0.0,0.0,3.48053313632359e-11,1.634551681584793e-5,0.0,0.0,0.0,0.0,0.0,0.0,0.0,1.3913199317380157e-5,2.432325304121429e-6,1.015127852018388e-6,1.0151274532901725e-6,3.9872821180007584e-13,3.0756648249953555e-8,2.7927361210663846e-8,4.0987373514742714e-9,3.0423422032149797e-9,3.0423410085842616e-9,1.194990034145462e-15,0.0,0.0,0.0,0.0,4.2357846836630095e-12,1.6355682035799262e-5,0.0,0.0,0.0,0.0,0.0,0.0,0.0,1.3922823663514865e-5,2.432866177811181e-6,1.0161697651008825e-6,1.0161693659634238e-6,3.991374608807797e-13
15960.0,0.00036683778349341735,0.00044810889254703814,0.0001667816642785127,0.00021249099863319368,0.00021249091516965915,8.346353194837863e-11,0.0,0.0,0.0,0.0,7.662299332893523e-16,1.9144223422080517e-5,0.0,0.0,0.0,0.0,0.0,0.0,0.0,1.723736099713354e-5,1.9492806489937003e-6,1.3004445523711844e-6,1.3004440415745012e-6,5.107966744101485e-13,2.346149436993454e-6,6.515652185997832e-6,5.5041270069804875e-6,2.601920640403864e-5,2.601919618405443e-5,1.0219985217933687e-11,0.0,0.0,0.0,0.0,1.836963683968431e-8,2.0064915244076304e-5,0.0,0.0,0.0,0.0,0.0,0.0,0.0,1.8020338350435563e-5,2.086746464247224e-6,1.3675604183964131e-6,1.3675598812375566e-6,5.371588604051919e-13,5.906052565857016e-7,6.936286472539787e-7,2.5121810368750313e-7,9.817473912616446e-7,9.817470056469494e-7,3.856168274551e-13,0.0,0.0,0.0,0.0,5.550772197181183e-10,1.916805765604328e-5,0.0,0.0,0.0,0.0,0.0,0.0,0.0,1.725787343303907e-5,1.9526122922514907e-6,1.301228597386055e-6,1.3012280862814194e-6,5.111046364723975e-13,1.3029458544250652e-7,1.239203660685334e-7,2.2574163779367704e-8,3.377733752054732e-8,3.377732425346754e-8,1.3267272061990571e-14,0.0,0.0,0.0,0.0,3.4950189649998964e-11,1.9142430504312948e-5,0.0,0.0,0.0,0.0,0.0,0.0,0.0,1.723523890077929e-5,1.9496112340186413e-6,1.2999403367682028e-6,1.2999398261695733e-6,5.105986254793263e-13,3.78810973591763e-8,3.6285761246998584e-8,5.761684477071337e-9,3.888524851635268e-9,3.8885233235722035e-9,1.5273589004881927e-15,0.0,0.0,0.0,0.0,4.094949835601201e-12,1.914043201172961e-5,0.0,0.0,0.0,0.0,0.0,0.0,0.0,1.7233740017646553e-5,1.9491110443268085e-6,1.3000323310323477e-6,1.3000318203975819e-6,5.106347595567895e-13
16080.0,0.00035213065127303635,0.000408792604507421,0.0001512462953379059,0.0002105357174594607,0.0002105356347639366,8.269552448565402e-11,0.0,0.0,0.0,0.0,9.50262735016636e-16,1.7957976883616135e-5,0.0,0.0,0.0,0.0,0.0,0.0,0.0,1.6196055574906543e-5,1.8286766800981847e-6,1.2466189684783096e-6,1.246618478823585e-6,4.896547278346242e-13,2.066500949158244e-6,6.0486239829173205e-6,5.170040933374074e-6,2.62955041354065e-5,2.6295493806896826e-5,1.0328511153984227e-11,0.0,0.0,0.0,0.0,1.8010280258776493e-8,2.0427704389223835e-5,0.0,0.0,0.0,0.0,0.0,0.0,0.0,1.835924536886152e-5,2.1340374791335893e-6,1.3622334227226677e-6,1.362232887656181e-6,5.350664900155524e-13,4.599195130928005e-7,5.263038754806018e-7,2.476474825349132e-7,9.626316346697478e-7,9.626312565617779e-7,3.7810842205884795e-13,0.0,0.0,0.0,0.0,5.340064346848252e-10,1.7819917528327485e-5,0.0,0.0,0.0,0.0,0.0,0.0,0.0,1.6072836569445744e-5,1.813853516617773e-6,1.2382192363814246e-6,1.2382187500260013e-6,4.863554289808602e-13,1.0612227414495343e-7,1.0340539185431013e-7,1.9611635003143925e-8,3.304398714278956e-8,3.3043974162123734e-8,1.2979222150839255e-14,0.0,0.0,0.0,0.0,3.455372389347855e-11,1.788985114714028e-5,0.0,0.0,0.0,0.0,0.0,0.0,0.0,1.6134922633782927e-5,1.821689868947283e-6,1.2422432141393382e-6,1.2422427262033446e-6,4.879359919144284e-13,4.257851143885105e-8,4.25919044756185e-8,7.328771457542835e-9,4.1269618242206786e-9,4.126960202366974e-9,1.6210136538584157e-15,0.0,0.0,0.0,0.0,3.814354825897816e-12,1.7931670633384222e-5,0.0,0.0,0.0,0.0,0.0,0.0,0.0,1.6172370510663512e-5,1.826059935425829e-6,1.2448601449374673e-6,1.2448596559735822e-6,4.889638862190429e-13
16200.0,0.0004054539870754774,0.00044127522215385443,0.00013622246675128646,0.00024682371212482473,0.00024682361517587635,9.694894802630729e-11,0.0,0.0,0.0,0.0,6.932755757259393e-16,1.7875158645562122e-5,0.0,0.0,0.0,0.0,0.0,0.0,0.0,1.6118521174405533e-5,1.8889350584240246e-6,1.2473866807045193e-6,1.247386190748246e-6,4.899562746028741e-13,2.1297875476408365e-6,5.876406470987534e-6,4.921746386162907e-6,2.730055004779482e-5,2.7300539324515843e-5,1.0723279319026712e-11,0.0,0.0,0.0,0.0,1.7469587911769896e-8,2.0460173213983366e-5,0.0,0.0,0.0,0.0,0.0,0.0,0.0,1.8413987669162023e-5,2.175763697290862e-6,1.3980715860286084e-6,1.3980710368853866e-6,5.491432260057667e-13,3.6227904791612947e-7,4.467343446247001e-7,2.385177212151351e-7,1.1157657102515695e-6,1.1157652719963103e-6,4.3825737374069556e-13,0.0,0.0,0.0,0.0,5.080111992156478e-10,1.7702129500717652e-5,0.0,0.0,0.0,0.0,0.0,0.0,0.0,1.596372381269575e-5,1.8707417299708029e-6,1.2363651945114157e-6,1.2363647088842234e-6,4.856271869195632e-13,9.290724962886937e-8,9.442398378762524e-8,1.908914804915965e-8,4.3042921249179294e-8,4.3042904341801636e-8,1.6906665485693488e-14,0.0,0.0,0.0,0.0,3.2526271299931414e-11,1.785519614855861e-5,0.0,0.0,0.0,0.0,0.0,0.0,0.0,1.609988878682589e-5,1.8876248214051038e-6,1.2454848436389667e-6,1.2454843544297089e-6,4.892092592483278e-13,4.106119842230138e-8,4.023438195229889e-8,5.338842781602883e-9,5.5684661691191155e-9,5.568463979805945e-9,2.1872166681718948e-15,0.0,0.0,0.0,0.0,3.779651473214617e-12,1.786390021426238e-5,0.0,0.0,0.0,0.0,0.0,0.0,0.0,1.6108082884661386e-5,1.8881322833320398e-6,1.2463692090206948e-6,1.2463687194640675e-6,4.895566257662825e-13
16320.0,0.00036784412182214437,0.0003945076076890227,0.00012962793694255934,0.0002136011349021818,0.0002136010510026047,8.38995781552759e-11,0.0,0.0,0.0,0.0,1.2649783339394574e-15,1.6678757385851384e-5,0.0,0.0,0.0,0.0,0.0,0.0,0.0,1.5039607634819313e-5,1.8379411078326227e-6,1.1815642603682107e-6,1.181563796266074e-6,4.641021362252618e-13,2.0277124818768137e-6,5.5816288980535355e-6,4.757605485798851e-6,2.6096743362243155e-5,2.6096733111801587e-5,1.0250440665126478e-11,0.0,0.0,0.0,0.0,1.6860818768076307e-8,1.8144776859489404e-5,0.0,0.0,0.0,0.0,0.0,0.0,0.0,1.634484995445528e-5,1.9954781233323327e-6,1.273650139909015e-6,1.273649639636819e-6,5.002721989502048e-13,3.389487996828186e-7,4.1547275319703324e-7,2.2075332048281104e-7,1.0518190281067145e-6,1.0518186149661624e-6,4.131399994394481e-13,0.0,0.0,0.0,0.0,4.834254107742732e-10,1.6589211183732543e-5,0.0,0.0,0.0,0.0,0.0,0.0,0.0,1.4959044997740956e-5,1.828843334453429e-6,1.1749704067414081e-6,1.1749699452292439e-6,4.615121615139375e-13,7.958402587502147e-8,7.668400362210462e-8,1.620786467017299e-8,3.6542844914679673e-8,3.6542830561380586e-8,1.4353525200800476e-14,0.0,0.0,0.0,0.0,3.1202285366997064e-11,1.66761675645828e-5,0.0,0.0,0.0,0.0,0.0,0.0,0.0,1.503656019928062e-5,1.838274922895369e-6,1.1808775279503209e-6,1.1808770641179242e-6,4.638323972082269e-13,2.5528569106304105e-8,2.307334750804923e-8,3.565669615471223e-9,2.8774548970012417e-9,2.8774537660094916e-9,1.1302245753253123e-15,0.0,0.0,0.0,0.0,3.4005548562612464e-12,1.667763456828681e-5,0.0,0.0,0.0,0.0,0.0,0.0,0.0,1.5038191877199283e-5,1.838106945578504e-6,1.181203453424691e-6,1.1812029894642812e-6,4.639604162368811e-13
16440.0,0.0003539049731127648,0.00038518540385710517,0.00012363903280055528,0.00020052213782079974,0.00020052205905847262,7.876232858811104e-11,0.0,0.0,0.0,0.0,4.2111321332177836e-16,1.5562055380702175e-5,0.0,0.0,0.0,0.0,0.0,0.0,0.0,1.4028303822937803e-5,1.7832056946538584e-6,1.111484654885516e-6,1.111484218309687e-6,4.3657583427008146e-13,1.8499816815367894e-6,5.323246741675192e-6,4.547780584789225e-6,2.5793076233763326e-5,2.5793066102599728e-5,1.0131164407579456e-11,0.0,0.0,0.0,0.0,1.6399425176436017e-8,1.714790199262836e-5,0.0,0.0,0.0,0.0,0.0,0.0,0.0,1.5436038763156153e-5,1.9487117831260077e-6,1.219390273725825e-6,1.2193897947661504e-6,4.789596722840128e-13,3.39929991544953e-7,3.977858683446302e-7,2.1385163591802932e-7,1.0067058521928735e-6,1.0067054567732192e-6,3.954201664891753e-13,0.0,0.0,0.0,0.0,4.703235402891963e-10,1.543305431444429e-5,0.0,0.0,0.0,0.0,0.0,0.0,0.0,1.391351839713288e-5,1.761974137736537e-6,1.1035795954955159e-6,1.1035791620246795e-6,4.334708360292412e-13,7.98361023961365e-8,7.482950770245053e-8,1.4938979290158444e-8,3.203294950277695e-8,3.203293691951201e-8,1.2582100519931737e-14,0.0,0.0,0.0,0.0,3.113087113100692e-11,1.5532884790569343e-5,0.0,0.0,0.0,0.0,0.0,0.0,0.0,1.4002208773007912e-5,1.7770670620171103e-6,1.109602755784488e-6,1.109602319947837e-6,4.3583665027286567e-13,2.2086386718220968e-8,1.984350631577185e-8,3.1039922548502935e-9,2.55030053004589e-9,2.5502995283573818e-9,1.0017228553378272e-15,0.0,0.0,0.0,0.0,3.2189601890091785e-12,1.555155792112462e-5,0.0,0.0,0.0,0.0,0.0,0.0,0.0,1.4018902419482172e-5,1.7809012261834175e-6,1.1107959120310194e-6,1.1107954757257133e-6,4.3630530558128925e-13
16560.0,0.0003573088791297861,0.0003805573126350566,0.0001219336693383795,0.00019771122275221746,0.00019771114509397806,7.765823993899237e-11,0.0,0.0,0.0,0.0,7.835929872651181e-16,1.5360929414790892e-5,0.0,0.0,0.0,0.0,0.0,0.0,0.0,1.3806990412633579e-5,1.7748857078832975e-6,1.0889102373118882e-6,1.0889098096029733e-6,4.277089145676385e-13,1.87386438835202e-6,5.1158383623222675e-6,4.362240387590201e-6,2.5965501589644124e-5,2.5965491390754272e-5,1.0198890707950224e-11,0.0,0.0,0.0,0.0,1.6238884510930764e-8,1.7193163226354514e-5,0.0,0.0,0.0,0.0,0.0,0.0,0.0,1.5436223307265307e-5,1.9744859975861547e-6,1.2102218774125672e-6,1.2102214020541138e-6,4.753584527334044e-13,3.846401607646502e-7,4.2613650220072727e-7,2.1446998784259777e-7,9.76856403019086e-7,9.768560193234295e-7,3.836957147678323e-13,0.0,0.0,0.0,0.0,4.683645139783413e-10,1.5145598000811617e-5,0.0,0.0,0.0,0.0,0.0,0.0,0.0,1.361490869011549e-5,1.7516577116164377e-6,1.0807874572260083e-6,1.0807870327076163e-6,4.2451839864194097e-13,8.04479990111108e-8,7.675208636067447e-8,1.4802658595625476e-8,3.164155774854919e-8,3.1641545320616566e-8,1.2428367238850792e-14,0.0,0.0,0.0,0.0,3.112665463600007e-11,1.5292229906614148e-5,0.0,0.0,0.0,0.0,0.0,0.0,0.0,1.3745499498791451e-5,1.767681116151176e-6,1.0869465559327801e-6,1.0869461289951724e-6,4.2693760762016827e-13,1.962522984443396e-8,1.7472820231989955e-8,2.8855744215513374e-9,2.3223936391065928e-9,2.3223927276091617e-9,9.12204172938472e-16,0.0,0.0,0.0,0.0,3.2400612295939246e-12,1.5336655564896537e-5,0.0,0.0,0.0,0.0,0.0,0.0,0.0,1.3785236041264218e-5,1.7723684310900204e-6,1.0882951909939745e-6,1.0882947635266397e-6,4.274673328614251e-13
16680.0,0.00040352193757153734,0.0004019497996232604,0.00012028264204512083,0.00023277080850509245,0.00023277071707593214,9.142916141051037e-11,0.0,0.0,0.0,0.0,6.949110724982017e-16,1.6127952485133364e-5,0.0,0.0,0.0,0.0,0.0,0.0,0.0,1.4489788078980781e-5,1.854653595447135e-6,1.1421775393926938e-6,1.142177090761118e-6,4.486315757515135e-13,2.0813360133791446e-6,5.085280588345931e-6,4.256659861495097e-6,2.675198410126373e-5,2.6751973593454597e-5,1.0507810185280182e-11,0.0,0.0,0.0,0.0,1.619833277111627e-8,1.773222491272739e-5,0.0,0.0,0.0,0.0,0.0,0.0,0.0,1.5918412396439486e-5,2.0267167394707837e-6,1.236300597351967e-6,1.2363001117501548e-6,4.856018140467544e-13,4.2538099954405814e-7,4.789644792977556e-7,2.0562510732102454e-7,1.0995747265007054e-6,1.0995742946014427e-6,4.3189777875432343e-13,0.0,0.0,0.0,0.0,4.655170010669191e-10,1.596309905831996e-5,0.0,0.0,0.0,0.0,0.0,0.0,0.0,1.4342567613244287e-5,1.8370419252069783e-6,1.1364608984022607e-6,1.1364604520161073e-6,4.463861580584777e-13,7.98592557247832e-8,7.626943856300412e-8,1.4910667497577967e-8,4.0516988725477176e-8,4.0516972811166114e-8,1.5914514048032308e-14,0.0,0.0,0.0,0.0,3.020233469110426e-11,1.61018349156192e-5,0.0,0.0,0.0,0.0,0.0,0.0,0.0,1.4466041065971363e-5,1.852283714377726e-6,1.1425763010648787e-6,1.1425758522766735e-6,4.4878820383355357e-13,1.7966653987049747e-8,1.603612919473175e-8,2.594598766956016e-9,2.8013547198541358e-9,2.8013536198887765e-9,1.100333475817885e-15,0.0,0.0,0.0,0.0,3.3750749218066984e-12,1.612016269703564e-5,0.0,0.0,0.0,0.0,0.0,0.0,0.0,1.4482646871405817e-5,1.8540048978580616e-6,1.1424605861427602e-6,1.1424601374000092e-6,4.487427526089789e-13
16800.0,0.000378033133641131,0.00037329923972493663,0.00011980597266491753,0.00020747757744761925,0.00020747749595328904,8.149432929045644e-11,0.0,0.0,0.0,0.0,8.63399807880186e-16,1.584370053367417e-5,0.0,0.0,0.0,0.0,0.0,0.0,0.0,1.4239496402960526e-5,1.8164559679967142e-6,1.1215681904203179e-6,1.1215677498838086e-6,4.4053650787826163e-13,2.0046246351199982e-6,5.0064632580654805e-6,4.262107333503082e-6,2.5753566545259876e-5,2.5753556429612082e-5,1.0115645547157987e-11,0.0,0.0,0.0,0.0,1.6015583536765777e-8,1.707605724632699e-5,0.0,0.0,0.0,0.0,0.0,0.0,0.0,1.533414692574368e-5,1.9507297647979294e-6,1.1904742045516583e-6,1.190473736949822e-6,4.676018393458509e-13,4.004978224965601e-7,4.4301060102842257e-7,1.9470121776421143e-7,1.005252720780574e-6,1.0052523259279495e-6,3.948493965232226e-13,0.0,0.0,0.0,0.0,4.578983902524039e-10,1.5711924510277625e-5,0.0,0.0,0.0,0.0,0.0,0.0,0.0,1.4121831820811312e-5,1.8023629106021485e-6,1.1167960960900047e-6,1.1167956574279124e-6,4.386620950788431e-13,7.827323506275768e-8,7.318709367762605e-8,1.372901211054052e-8,3.6061589269428436e-8,3.6061575104432064e-8,1.4164494625162976e-14,0.0,0.0,0.0,0.0,2.984068137481691e-11,1.582142345553397e-5,0.0,0.0,0.0,0.0,0.0,0.0,0.0,1.4219282383712768e-5,1.8143941413657215e-6,1.121755802310307e-6,1.1217553617001106e-6,4.4061019923965794e-13,1.7297652311377976e-8,1.553655963651492e-8,2.37781721894835e-9,2.4659244806699404e-9,2.4659235109543553e-9,9.685811074305383e-16,0.0,0.0,0.0,0.0,3.1594474828911802e-12,1.5837312284704414e-5,0.0,0.0,0.0,0.0,0.0,0.0,0.0,1.4233652313679478e-5,1.8159123797039076e-6,1.1217423432334397e-6,1.1217419026285253e-6,4.406049126999957e-13
16920.0,0.00036403782545269556,0.00036683308549476427,0.0001192451801036924,0.00019528437487217567,0.00019528429816716936,7.670500758151657e-11,0.0,0.0,0.0,0.0,3.360102947169626e-16,1.577187730244755e-5,0.0,0.0,0.0,0.0,0.0,0.0,0.0,1.4176683815731976e-5,1.8047908614692565e-6,1.1079250029605365e-6,1.1079245677828845e-6,4.351776521161293e-13,1.8473238538635646e-6,4.912130936497226e-6,4.180536058623167e-6,2.50996325840584e-5,2.5099622725267712e-5,9.858789311298778e-12,0.0,0.0,0.0,0.0,1.5758311736332237e-8,1.7011352893084187e-5,0.0,0.0,0.0,0.0,0.0,0.0,0.0,1.5284408753339578e-5,1.933236803690375e-6,1.1789682060514942e-6,1.1789677429690592e-6,4.630824419144625e-13,3.6895565616069936e-7,4.040146567400107e-7,1.8973706129572603e-7,9.367554504026254e-7,9.367550824567135e-7,3.6794461396262726e-13,0.0,0.0,0.0,0.0,4.5282001331479865e-10,1.562552099141538e-5,0.0,0.0,0.0,0.0,0.0,0.0,0.0,1.4046308923315738e-5,1.7888307510303231e-6,1.101532002075268e-6,1.1015315694086938e-6,4.326665695899662e-13,7.233263228222792e-8,6.757494661871145e-8,1.2663960453863574e-8,3.155815169020726e-8,3.155813929351873e-8,1.2395606489320516e-14,0.0,0.0,0.0,0.0,2.999977361913769e-11,1.5736968828580735e-5,0.0,0.0,0.0,0.0,0.0,0.0,0.0,1.4145416759743975e-5,1.8011507751424685e-6,1.1069617579027154e-6,1.106961323103414e-6,4.347993027499196e-13,1.6409543302734614e-8,1.4836168206789155e-8,2.28487651303573e-9,2.199893397987104e-9,2.1998925328987356e-9,8.640877688612487e-16,0.0,0.0,0.0,0.0,3.0956297410325847e-12,1.5760133492663763e-5,0.0,0.0,0.0,0.0,0.0,0.0,0.0,1.4166152346489414e-5,1.8035793936879981e-6,1.1076245303468575e-6,1.1076240952872255e-6,4.3505963061990906e-13
17040.0,0.00036451316883803027,0.0003632651696164201,0.00011959388889575158,0.00019556650582609167,0.00019556642901026616,7.681582472688762e-11,0.0,0.0,0.0,0.0,2.3005283222579175e-16,1.5721558641161847e-5,0.0,0.0,0.0,0.0,0.0,0.0,0.0,1.413224369636954e-5,1.7968014022698381e-6,1.096762347585404e-6,1.0967619167922902e-6,4.307931151262121e-13,1.7828502093903895e-6,4.770286256888788e-6,4.018011014079786e-6,2.4579921671910873e-5,2.45799120172594e-5,9.654654036869477e-12,0.0,0.0,0.0,0.0,1.557397770274462e-8,1.6940698788858162e-5,0.0,0.0,0.0,0.0,0.0,0.0,0.0,1.5216368761329767e-5,1.9287033317761424e-6,1.1845479320530783e-6,1.1845474667790012e-6,4.652740812892675e-13,3.570383002066309e-7,3.7938840834795886e-7,1.866778439800574e-7,8.995279915845813e-7,8.99527638261483e-7,3.533221818658166e-13,0.0,0.0,0.0,0.0,4.4954799735960603e-10,1.5592674641215626e-5,0.0,0.0,0.0,0.0,0.0,0.0,0.0,1.4017418116781794e-5,1.7827647721889157e-6,1.0905517990189629e-6,1.0905513706652662e-6,4.2835369735309944e-13,7.485637838105033e-8,6.979731257627862e-8,1.27535277022299e-8,2.795857952640264e-8,2.795856854402311e-8,1.0981744217353723e-14,0.0,0.0,0.0,0.0,2.985230905122147e-11,1.5690189849996527e-5,0.0,0.0,0.0,0.0,0.0,0.0,0.0,1.4104197674741551e-5,1.7934802809888033e-6,1.0957312923591246e-6,1.095730861970997e-6,4.303881308615957e-13,1.9892539700975403e-8,1.8093667387265514e-8,2.6191814025793014e-9,2.418447972878452e-9,2.418447025847149e-9,9.499329900737156e-16,0.0,0.0,0.0,0.0,3.116109950558799e-12,1.571135032497724e-5,0.0,0.0,0.0,0.0,0.0,0.0,0.0,1.412310686839892e-5,1.795731094543584e-6,1.0964484310229603e-6,1.0964480003531457e-6,4.3066981303243947e-13
17160.0,0.00039545200527324464,0.00037586339606725044,0.00011867322202546303,0.00023280592158621044,0.00023280583014325686,9.144295334422215e-11,0.0,0.0,0.0,0.0,1.0842588154702011e-15,1.6011710775835456e-5,0.0,0.0,0.0,0.0,0.0,0.0,0.0,1.4388725991475018e-5,1.8281382544932461e-6,1.1072057914052207e-6,1.107205356510066e-6,4.348951557421115e-13,2.041943071774254e-6,4.647823301704788e-6,3.811965794378114e-6,2.516111308819849e-5,2.5161103205259658e-5,9.882938004910967e-12,0.0,0.0,0.0,0.0,1.5401411729734394e-8,1.7349846055836768e-5,0.0,0.0,0.0,0.0,0.0,0.0,0.0,1.5576992846983157e-5,1.974963471940752e-6,1.1960348923032556e-6,1.196034422517257e-6,4.697860007587844e-13,3.8698178006762313e-7,3.85840667860531e-7,1.7716318498751764e-7,1.0056523980444187e-6,1.0056520030388136e-6,3.950063842383725e-13,0.0,0.0,0.0,0.0,4.4192155414888715e-10,1.5896279410729717e-5,0.0,0.0,0.0,0.0,0.0,0.0,0.0,1.4285839356691511e-5,1.8156032858700549e-6,1.1008586228552868e-6,1.1008581904532118e-6,4.32402075524798e-13,8.451462484970057e-8,7.738230053250759e-8,1.2644063771254793e-8,3.61333117920601e-8,3.613329760131213e-8,1.4192666242934023e-14,0.0,0.0,0.0,0.0,2.8703860822096593e-11,1.60148417379454e-5,0.0,0.0,0.0,0.0,0.0,0.0,0.0,1.4391298449212855e-5,1.8286859892173388e-6,1.1080393668239857e-6,1.1080389316014087e-6,4.352225726634973e-13,2.3582278250826316e-8,2.1002030438224243e-8,2.7612461397236165e-9,3.1171169933194685e-9,3.1171157687031934e-9,1.2243605395896982e-15,0.0,0.0,0.0,0.0,3.1084248302988707e-12,1.6017702633414565e-5,0.0,0.0,0.0,0.0,0.0,0.0,0.0,1.4393960842596873e-5,1.82888442038553e-6,1.1077944330926585e-6,1.1077939979662913e-6,4.3512636607385247e-13
17280.0,0.0003794992030747659,0.0003599973290550932,0.00011640247526945751,0.00021777991414746555,0.0002177798286065219,8.554094497687042e-11,0.0,0.0,0.0,0.0,5.7118697859417815e-16,1.5934668969930775e-5,0.0,0.0,0.0,0.0,0.0,0.0,0.0,1.431894802392148e-5,1.813668676046068e-6,1.0951774854645257e-6,1.095177055293924e-6,4.3017060315577135e-13,1.8562957431948572e-6,4.4408842165015244e-6,3.7674498551644106e-6,2.4708949025992165e-5,2.470893932065895e-5,9.705334201011557e-12,0.0,0.0,0.0,0.0,1.5089174167459376e-8,1.6956658821801118e-5,0.0,0.0,0.0,0.0,0.0,0.0,0.0,1.5223473025906527e-5,1.9282208084815252e-6,1.163536102787652e-6,1.163535645766727e-6,4.57020924711014e-13,3.3817007184322803e-7,3.3439363866430023e-7,1.6908565879814735e-7,9.691129965682019e-7,9.691126159125343e-7,3.806542115703216e-13,0.0,0.0,0.0,0.0,4.3046100029837014e-10,1.5819501021316915e-5,0.0,0.0,0.0,0.0,0.0,0.0,0.0,1.421646517710834e-5,1.8010065570281869e-6,1.0891704825605795e-6,1.0891700547494404e-6,4.2781113531001613e-13,7.437025670298247e-8,6.80216331424131e-8,1.1159106709209346e-8,3.4173875546652296e-8,3.417386212572652e-8,1.3423026725858302e-14,0.0,0.0,0.0,0.0,2.8026789549530726e-11,1.5919522423772036e-5,0.0,0.0,0.0,0.0,0.0,0.0,0.0,1.4305384232496939e-5,1.8120883107961338e-6,1.0947054523513308e-6,1.0947050223661381e-6,4.299851950628336e-13,1.9111081875008984e-8,1.7289551042342185e-8,2.270695383891491e-9,2.7078291160779553e-9,2.707828052105097e-9,1.063597909366623e-15,0.0,0.0,0.0,0.0,2.907774404419063e-12,1.593035517693606e-5,0.0,0.0,0.0,0.0,0.0,0.0,0.0,1.4315074475266863e-5,1.81323017243638e-6,1.0950696459503462e-6,1.095069215822106e-6,4.301282452827569e-13
17400.0,0.00036195951874014873,0.0003530151340897604,0.00011424179241196109,0.00020127756814725828,0.0002012774890882074,7.905905119562276e-11,0.0,0.0,0.0,0.0,6.338068898517252e-16,1.5748674624651314e-5,0.0,0.0,0.0,0.0,0.0,0.0,0.0,1.4151390257615072e-5,1.7807987082684543e-6,1.0770007500573268e-6,1.0770003270262936e-6,4.2303103232155367e-13,1.7717296044387348e-6,4.3863325693823495e-6,3.7088672548313707e-6,2.4077518724249684e-5,2.4077509266932993e-5,9.45731709204411e-12,0.0,0.0,0.0,0.0,1.473737452508979e-8,1.64964908177026e-5,0.0,0.0,0.0,0.0,0.0,0.0,0.0,1.4818629553026791e-5,1.8585168964497817e-6,1.1294874272129434e-6,1.129486983565867e-6,4.43647074807213e-13,3.237040116150537e-7,3.10193449161239e-7,1.6022916261198075e-7,9.017670026267786e-7,9.017666484248428e-7,3.542016345051639e-13,0.0,0.0,0.0,0.0,4.2301812996562004e-10,1.5650429755544696e-5,0.0,0.0,0.0,0.0,0.0,0.0,0.0,1.406397884852611e-5,1.7699891614801294e-6,1.0716140058010017e-6,1.0716135848858088e-6,4.209151935131906e-13,7.353451074183087e-8,6.751066592880713e-8,1.0970900401899644e-8,3.052637205458179e-8,3.0526360064119164e-8,1.1990337687447298e-14,0.0,0.0,0.0,0.0,2.7896617553918813e-11,1.5733765071828305e-5,0.0,0.0,0.0,0.0,0.0,0.0,0.0,1.4138075229259824e-5,1.7792071360696764e-6,1.0763948965763173e-6,1.076394473783258e-6,4.2279306143481837e-13,1.9704351021925665e-8,1.7807940672784453e-8,2.321164416924093e-9,2.504624367766599e-9,2.5046233849415275e-9,9.837818885442452e-16,0.0,0.0,0.0,0.0,2.865599776392971e-12,1.574392905769907e-5,0.0,0.0,0.0,0.0,0.0,0.0,0.0,1.4147148124694128e-5,1.7802973270441328e-6,1.0768140886201948e-6,1.076813665662481e-6,4.2295771428491747e-13
17520.0,0.0003825848689529539,0.0003585304654541795,0.00012628085257889322,0.0002066297694953068,0.0002066296883339839,8.116132202629464e-11,0.0,0.0,0.0,0.0,6.785844274203814e-16,1.6296283178913134e-5,0.0,0.0,0.0,0.0,0.0,0.0,0.0,1.461882551496026e-5,1.8458289199883205e-6,1.1241897931004483e-6,1.1241893515342078e-6,4.4156623723365507e-13,1.9433518125035187e-6,4.364332892158159e-6,3.6338810552594136e-6,2.3908044111507214e-5,2.3908034720756952e-5,9.390749802859677e-12,0.0,0.0,0.0,0.0,1.44949404694e-8,1.687151473498758e-5,0.0,0.0,0.0,0.0,0.0,0.0,0.0,1.5130194887224301e-5,1.907573779524305e-6,1.1706784510528876e-6,1.1706779912265474e-6,4.598263405472455e-13,2.933457176556263e-7,3.0201488532862944e-7,1.6373484534870641e-7,8.678404515106728e-7,8.678401106355271e-7,3.4087575340432313e-13,0.0,0.0,0.0,0.0,4.182856548508961e-10,1.61478319173647e-5,0.0,0.0,0.0,0.0,0.0,0.0,0.0,1.4486356463840592e-5,1.8298828848547272e-6,1.1148963909629631e-6,1.1148959530470446e-6,4.3791591712032574e-13,6.972520032655014e-8,6.461216174032024e-8,1.0285406481375103e-8,2.7977604180237362e-8,2.7977593191865036e-8,1.0989216839197537e-14,0.0,0.0,0.0,0.0,2.764048950439636e-11,1.6260099762404355e-5,0.0,0.0,0.0,0.0,0.0,0.0,0.0,1.4586456313080245e-5,1.8420161699193268e-6,1.122005164741799e-6,1.1220047240336511e-6,4.407081453616193e-13,1.7181980108225275e-8,1.558549173508846e-8,2.0689074622329967e-9,2.1477931810112467e-9,2.1477923350731656e-9,8.43623522890373e-16,0.0,0.0,0.0,0.0,2.890140184232312e-12,1.628376127564502e-5,0.0,0.0,0.0,0.0,0.0,0.0,0.0,1.4607618523094688e-5,1.8445155697095164e-6,1.1234304476646673e-6,1.1234300063966942e-6,4.412679768252281e-13
17640.0,0.0003619294523902381,0.000349511556720737,0.00011283814639045952,0.00020012128175011588,0.0002001212031452363,7.860487785524523e-11,0.0,0.0,0.0,0.0,5.83140785612422e-16,1.5275405577653173e-5,0.0,0.0,0.0,0.0,0.0,0.0,0.0,1.3705839502405768e-5,1.7092086145002551e-6,1.0482590667128673e-6,1.0482586549711728e-6,4.117416957308221e-13,1.8664904701684928e-6,4.308831947608817e-6,3.5099444754237152e-6,2.3755284150908327e-5,2.3755274820158247e-5,9.330747798379163e-12,0.0,0.0,0.0,0.0,1.4318733349510257e-8,1.5933458236257097e-5,0.0,0.0,0.0,0.0,0.0,0.0,0.0,1.4289481109683598e-5,1.7651455040650387e-6,1.1054728428098222e-6,1.1054724085953461e-6,4.342144774480305e-13,3.482023304256926e-7,3.3766237681963367e-7,1.6850751336948064e-7,8.462397435186316e-7,8.462394111282985e-7,3.323912933890902e-13,0.0,0.0,0.0,0.0,4.117512722042755e-10,1.5201827371944933e-5,0.0,0.0,0.0,0.0,0.0,0.0,0.0,1.3640420391391975e-5,1.6914267613746473e-6,1.0390703722926148e-6,1.039069964160109e-6,4.0813250336388983e-13,7.970566626765846e-8,7.373736750077139e-8,1.0953944019854653e-8,2.5865427767701894e-8,2.5865417606518598e-8,1.0159583091549075e-14,0.0,0.0,0.0,0.0,2.7270243975112767e-11,1.5264315054004334e-5,0.0,0.0,0.0,0.0,0.0,0.0,0.0,1.369596343541263e-5,1.7035020388356394e-6,1.045928416208175e-6,1.0459280053819264e-6,4.108262483748842e-13,2.0187971679335587e-8,1.827212307916793e-8,2.3134837340114955e-9,2.2276919450725053e-9,2.2276910685581954e-9,8.750066545884811e-16,0.0,0.0,0.0,0.0,2.8636259866081794e-12,1.5271684842507807e-5,0.0,0.0,0.0,0.0,0.0,0.0,0.0,1.3702525418613836e-5,1.7071688152055796e-6,1.0473864772108181e-6,1.0473860658118634e-6,4.113989546159017e-13
17760.0,0.00035840406590933755,0.0003469803391909131,0.00010932666438942876,0.0001993128255866542,0.00019931274729932625,7.828732743070062e-11,0.0,0.0,0.0,0.0,2.9102298985641183e-16,1.5116790794771284e-5,0.0,0.0,0.0,0.0,0.0,0.0,0.0,1.3556331276201317e-5,1.6755226960528735e-6,1.0301261617831044e-6,1.0301257571637662e-6,4.046193409032905e-13,1.875851305894842e-6,4.216474356926229e-6,3.415305318637662e-6,2.3744682711434415e-5,2.3744673384849836e-5,9.326583699250837e-12,0.0,0.0,0.0,0.0,1.4129582202718114e-8,1.576174217315731e-5,0.0,0.0,0.0,0.0,0.0,0.0,0.0,1.4121750927641465e-5,1.7439772411672476e-6,1.0873583984691843e-6,1.0873579713698108e-6,4.270993736851584e-13,4.23712801165578e-7,3.9364876083399445e-7,1.7341903952292938e-7,8.489684613970793e-7,8.489681279353791e-7,3.334630961152299e-13,0.0,0.0,0.0,0.0,4.0304012394825983e-10,1.5029193200677393e-5,0.0,0.0,0.0,0.0,0.0,0.0,0.0,1.3478506405522227e-5,1.658964652854425e-6,1.0180312415005283e-6,1.0180308416318995e-6,3.9986862312271997e-13,9.09283685915363e-8,8.366332923410781e-8,1.1889808276821512e-8,2.730142764781693e-8,2.730141692537831e-8,1.072362402858304e-14,0.0,0.0,0.0,0.0,2.6711176622962325e-11,1.5103091357222418e-5,0.0,0.0,0.0,0.0,0.0,0.0,0.0,1.3544158727302848e-5,1.6719096038633462e-6,1.0263460609943896e-6,1.026345657859817e-6,4.03134569477789e-13,2.226988538110014e-8,2.0104015363044794e-8,2.5215478401032637e-9,2.3761402192847144e-9,2.376139286879783e-9,9.33315088285601e-16,0.0,0.0,0.0,0.0,2.780000354339872e-12,1.5112593232184884e-5,0.0,0.0,0.0,0.0,0.0,0.0,0.0,1.3552601051629554e-5,1.6743566404651628e-6,1.0288002685244683e-6,1.0287998644259188e-6,4.040985483282431e-13
17880.0,0.00038211536748336333,0.0003549327141769043,0.00010903977662627372,0.0002474884919944151,0.00024748839478435205,9.721006438531244e-11,0.0,0.0,0.0,0.0,6.611294861864548e-16,1.5892459785002717e-5,0.0,0.0,0.0,0.0,0.0,0.0,0.0,1.4276966288748347e-5,1.8254973414180261e-6,1.0930562336878777e-6,1.0930558043504772e-6,4.293374047305745e-13,2.507419137888576e-6,4.62372222985146e-6,3.4633257025430512e-6,2.4764062956551948e-5,2.47640532295718e-5,9.72698219237833e-12,0.0,0.0,0.0,0.0,1.3850192313885661e-8,1.6706182895161092e-5,0.0,0.0,0.0,0.0,0.0,0.0,0.0,1.500037626237281e-5,1.905299256742621e-6,1.1491874061879801e-6,1.1491869548030286e-6,4.5138495469455327e-13,6.001996025227843e-7,5.491299745346426e-7,1.8247894125714322e-7,1.0209567554448954e-6,1.0209563544259645e-6,4.0101772462820987e-13,0.0,0.0,0.0,0.0,3.910344928227964e-10,1.582062277747655e-5,0.0,0.0,0.0,0.0,0.0,0.0,0.0,1.4213119161036169e-5,1.810433892020051e-6,1.0856711999454392e-6,1.0856707735087752e-6,4.2643666538788456e-13,1.1501933339704701e-7,1.0407169157610081e-7,1.4390174095076438e-8,3.9404668974000276e-8,3.940465349718585e-8,1.5477610200484227e-14,0.0,0.0,0.0,0.0,2.516045484991759e-11,1.590002108293746e-5,0.0,0.0,0.0,0.0,0.0,0.0,0.0,1.4283658081822787e-5,1.8242335938349882e-6,1.0917072823599755e-6,1.0917068535524212e-6,4.2880755526411054e-13,2.6017879534850907e-8,2.3368842220997872e-8,2.8968408743827723e-9,3.4938747780693686e-9,3.4938734081988214e-9,1.3723457989966684e-15,0.0,0.0,0.0,0.0,2.7071966849599676e-12,1.5898080730841116e-5,0.0,0.0,0.0,0.0,0.0,0.0,0.0,1.4281945781022902e-5,1.8254301752809363e-6,1.0925314046021721e-6,1.0925309754709124e-6,4.2913125910819364e-13
18000.0,0.00036195972242105074,0.0003420006106199174,0.00010870331461694765,0.00022278598260414936,0.0002227858950968888,8.750725958434788e-11,0.0,0.0,0.0,0.0,1.180812561129214e-15,1.4399117984741176e-5,0.0,0.0,0.0,0.0,0.0,0.0,0.0,1.2827830053452461e-5,1.5787233111034373e-6,1.010696169060376e-6,1.01069577207287e-6,3.9698750789012087e-13,2.530988920035858e-6,4.706600394454913e-6,3.449769811867667e-6,2.3934079483955203e-5,2.3934070082979477e-5,9.40097613787628e-12,0.0,0.0,0.0,0.0,1.3419278099628517e-8,1.5024018319244671e-5,0.0,0.0,0.0,0.0,0.0,0.0,0.0,1.337980360269008e-5,1.6485877022318925e-6,1.029969796411921e-6,1.0299693918540016e-6,4.045579227432888e-13,5.333486729304157e-7,4.827714514963166e-7,1.7093306776527067e-7,9.436128760598031e-7,9.436125054236838e-7,3.706381161296428e-13,0.0,0.0,0.0,0.0,3.7876116078780143e-10,1.4291768008624678e-5,0.0,0.0,0.0,0.0,0.0,0.0,0.0,1.2732533331163928e-5,1.5654614593048185e-6,9.973994813530047e-7,9.973990895882556e-7,3.917647524491341e-13,1.0447357863757958e-7,9.587393779541529e-8,1.2322811729576291e-8,3.4663757088315775e-8,3.466374347421017e-8,1.3615445434871779e-14,0.0,0.0,0.0,0.0,2.461307357345099e-11,1.438650810572913e-5,0.0,0.0,0.0,0.0,0.0,0.0,0.0,1.2816639932241089e-5,1.576062915070934e-6,1.0078851858304377e-6,1.0078847899470454e-6,3.9588339246816057e-13,2.4297794685990137e-8,2.1869758619498218e-8,2.5876960227377843e-9,2.965344967630667e-9,2.9653438024732187e-9,1.1647465826242727e-15,0.0,0.0,0.0,0.0,2.4675399760648244e-12,1.4395266610416804e-5,0.0,0.0,0.0,0.0,0.0,0.0,0.0,1.2824417209236713e-5,1.5775653189368582e-6,1.0097780353120163e-6,1.0097776386851404e-6,3.966268776237475e-13
18120.0,0.0003494718816390188,0.00033859970414637383,0.0001014597083467024,0.0002026011898288724,0.00020260111024992015,7.95789515265617e-11,0.0,0.0,0.0,0.0,7.184672431766213e-16,1.4207494567862319e-5,0.0,0.0,0.0,0.0,0.0,0.0,0.0,1.2695070010781919e-5,1.5513385265380972e-6,9.422326490493312e-7,9.422322789533435e-7,3.7009598200668953e-13,1.977117769830141e-6,4.245201327368318e-6,3.3476288367557862e-6,2.351122385168675e-5,2.3511214616801143e-5,9.234884280807504e-12,0.0,0.0,0.0,0.0,1.3038038503418241e-8,1.4684729212215461e-5,0.0,0.0,0.0,0.0,0.0,0.0,0.0,1.3117341250397206e-5,1.604527460700792e-6,9.818914581230273e-7,9.818910724496132e-7,3.856734149306688e-13,6.218493851092508e-7,5.725661982934192e-7,1.811655403114159e-7,8.886478110323651e-7,8.886474619838267e-7,3.4904859708929987e-13,0.0,0.0,0.0,0.0,3.7314882369656517e-10,1.4158403045572361e-5,0.0,0.0,0.0,0.0,0.0,0.0,0.0,1.2651428594176769e-5,1.545944864597657e-6,9.343060960793638e-7,9.343057290968234e-7,3.6698254138424393e-13,1.1880496603210514e-7,1.0884328528982744e-7,1.3730635056892482e-8,3.16896138764297e-8,3.16896014273475e-8,1.244724302346913e-14,0.0,0.0,0.0,0.0,2.4518551980939375e-11,1.4203791751770204e-5,0.0,0.0,0.0,0.0,0.0,0.0,0.0,1.2691774836543369e-5,1.5509289217961168e-6,9.402310993881234e-7,9.402307300783259e-7,3.693098009205806e-13,2.5608357939396753e-8,2.3022381840234745e-8,2.7372157617756854e-9,2.7819879543984427e-9,2.7819868618039704e-9,1.0927264779688462e-15,0.0,0.0,0.0,0.0,2.5069840386108117e-12,1.420659933611203e-5,0.0,0.0,0.0,0.0,0.0,0.0,0.0,1.269427489419164e-5,1.5512398281110665e-6,9.415479724577333e-7,9.415476026306826e-7,3.6982705048985083e-13
18240.0,0.00034691274395840053,0.0003366507844507975,9.805612120359491e-5,0.0001969996840743837,0.00019699960669562576,7.737875736536888e-11,0.0,0.0,0.0,0.0,8.448636552650986e-16,1.4437262372646117e-5,0.0,0.0,0.0,0.0,0.0,0.0,0.0,1.2936818440666579e-5,1.593681798177788e-6,9.882791016030864e-7,9.882787134206883e-7,3.8818239314198553e-13,1.882605397189336e-6,4.106051016867461e-6,3.254518509177712e-6,2.3501294367995316e-5,2.3501285137011503e-5,9.23098411663662e-12,0.0,0.0,0.0,0.0,1.2828975198684621e-8,1.4846266823802251e-5,0.0,0.0,0.0,0.0,0.0,0.0,0.0,1.3298166181537561e-5,1.6392694914001546e-6,1.0236086572783265e-6,1.0236082552189693e-6,4.0205935507350303e-13,4.059828990531436e-7,3.7708622466564255e-7,1.603559667282331e-7,8.291462364550608e-7,8.291459107788095e-7,3.2567719969984237e-13,0.0,0.0,0.0,0.0,3.691985423570649e-10,1.4395253489937142e-5,0.0,0.0,0.0,0.0,0.0,0.0,0.0,1.2899433771790798e-5,1.589094157101005e-6,9.803861150233187e-7,9.803857299411796e-7,3.8508213693440277e-13,8.47486117290519e-8,7.819787975031835e-8,1.055296639917297e-8,2.5325023849973224e-8,2.5325013903256848e-8,9.94731988992872e-15,0.0,0.0,0.0,0.0,2.426878285469723e-11,1.4434287120809715e-5,0.0,0.0,0.0,0.0,0.0,0.0,0.0,1.293417071771774e-5,1.5933545748711417e-6,9.863414702126958e-7,9.86341082791383e-7,3.8742131827059995e-13,2.0298386181963335e-8,1.8197773375286218e-8,2.232653314830635e-9,2.2020820099614645e-9,2.2020811442560287e-9,8.649474241991969e-16,0.0,0.0,0.0,0.0,2.5259731070791597e-12,1.4436576870855799e-5,0.0,0.0,0.0,0.0,0.0,0.0,0.0,1.2936209622037162e-5,1.5936071780719098e-6,9.875910987386305e-7,9.875907108264713e-7,3.8791215511106983e-13
18360.0,0.00034672415816558227,0.00033572819583410515,9.487830336489056e-5,0.00019657297681474216,0.0001965728996035909,7.721115264221935e-11,0.0,0.0,0.0,0.0,6.328915717695665e-16,1.4447034987940206e-5,0.0,0.0,0.0,0.0,0.0,0.0,0.0,1.296229821338536e-5,1.6102398194463654e-6,9.879610312902198e-7,9.879606432327604e-7,3.880574595123728e-13,1.7363449342760323e-6,3.885439690417277e-6,3.2019134322180866e-6,2.3497533991046895e-5,2.3497524761540325e-5,9.229507092463774e-12,0.0,0.0,0.0,0.0,1.2679307706772723e-8,1.4857255281131598e-5,0.0,0.0,0.0,0.0,0.0,0.0,0.0,1.33308415685736e-5,1.6495960304660113e-6,1.0309834775135494e-6,1.030983072557467e-6,4.0495608269150013e-13,3.6494644483362274e-7,3.3296622856829756e-7,1.532276072970743e-7,8.222819478259988e-7,8.222816248436825e-7,3.229810018503793e-13,0.0,0.0,0.0,0.0,3.6295282309721606e-10,1.4407607816778614e-5,0.0,0.0,0.0,0.0,0.0,0.0,0.0,1.2927192952230692e-5,1.6059501391300609e-6,9.806166576711238e-7,9.806162724984265e-7,3.8517269090503573e-13,8.003461349085153e-8,7.38925338228489e-8,9.813530861416467e-9,2.3752800783243025e-8,2.3752791450974493e-8,9.329772365730017e-15,0.0,0.0,0.0,0.0,2.387472835384945e-11,1.4444911467587155e-5,0.0,0.0,0.0,0.0,0.0,0.0,0.0,1.2960406431295208e-5,1.610008585276472e-6,9.86086004500712e-7,9.86085617179736e-7,3.8732097486428504e-13,1.9697165276871126e-8,1.7626189150567914e-8,2.1810006721641184e-9,2.1297249038164313e-9,2.1297240667907445e-9,8.365265530413091e-16,0.0,0.0,0.0,0.0,2.49960494196599e-12,1.4446714304408008e-5,0.0,0.0,0.0,0.0,0.0,0.0,0.0,1.2962012751450217e-5,1.6102064331362812e-6,9.872856460532198e-7,9.872852582610405e-7,3.8779217751140056e-13
18480.0,0.00034667959684455763,0.0003346610678014714,9.186660635432105e-5,0.0001963612937080701,0.00019636121658006276,7.712800643908465e-11,0.0,0.0,0.0,0.0,6.416971983099534e-16,1.4328788134126283e-5,0.0,0.0,0.0,0.0,0.0,0.0,0.0,1.2861680362190874e-5,1.6064633586170015e-6,9.833235532373325e-7,9.833231670014076e-7,3.8623592212906354e-13,1.6872349280394779e-6,3.8046493736887545e-6,3.165081716792256e-6,2.3463485100206253e-5,2.346347588407355e-5,9.216133158006878e-12,0.0,0.0,0.0,0.0,1.2518306812273923e-8,1.4758947725419555e-5,0.0,0.0,0.0,0.0,0.0,0.0,0.0,1.3247968061321548e-5,1.6479305398466624e-6,1.035056337841548e-6,1.0350559312857016e-6,4.065558460240362e-13,3.296031912494203e-7,2.9829206369151735e-7,1.4416139087081864e-7,8.110421983358903e-7,8.11041879768231e-7,3.185661833563961e-13,0.0,0.0,0.0,0.0,3.5577204981909693e-10,1.428773907195745e-5,0.0,0.0,0.0,0.0,0.0,0.0,0.0,1.282512508818479e-5,1.6019989828241031e-6,9.759981678931775e-7,9.759977845345693e-7,3.8335861185409367e-13,7.600334576756893e-8,7.009202084696871e-8,9.0125101214443e-9,2.398554068325988e-8,2.3985531262026552e-8,9.421189386897315e-15,0.0,0.0,0.0,0.0,2.3397061418604757e-11,1.4325914821988929e-5,0.0,0.0,0.0,0.0,0.0,0.0,0.0,1.285912257169835e-5,1.6061486743869866e-6,9.813970262022152e-7,9.81396640723006e-7,3.8547920889518974e-13,1.931390111644532e-8,1.7254625149232615e-8,2.1213081562599517e-9,2.0318827807262333e-9,2.031881983248521e-9,7.980955170190748e-16,0.0,0.0,0.0,0.0,2.4348101026205016e-12,1.4328052498786965e-5,0.0,0.0,0.0,0.0,0.0,0.0,0.0,1.2861026281606983e-5,1.6063836376633427e-6,9.826148961064894e-7,9.826145101489184e-7,3.859575713873309e-13
18600.0,0.0003463893750480034,0.0003334561778494959,9.018354639830201e-5,0.00019625253761212623,0.00019625246052683878,7.70852885454008e-11,0.0,0.0,0.0,0.0,6.081733724215104e-16,1.4184180750878827e-5,0.0,0.0,0.0,0.0,0.0,0.0,0.0,1.2733161730454878e-5,1.5942667170866218e-6,9.722491712168704e-7,9.722487893308145e-7,3.8188605769471713e-13,1.6660924094130149e-6,3.7476728112065844e-6,3.117412008660876e-6,2.3498935305532267e-5,2.3498926075474387e-5,9.230057509456275e-12,0.0,0.0,0.0,0.0,1.2334996735442522e-8,1.4638409183997757e-5,0.0,0.0,0.0,0.0,0.0,0.0,0.0,1.314060317827529e-5,1.6385909516524885e-6,1.0298796370424198e-6,1.0298792325199043e-6,4.045225093871189e-13,3.1202091485462574e-7,2.859104796368951e-7,1.3918946215139144e-7,7.965724850036961e-7,7.965721721243274e-7,3.1288267963838626e-13,0.0,0.0,0.0,0.0,3.488844519732225e-10,1.4143651517090474e-5,0.0,0.0,0.0,0.0,0.0,0.0,0.0,1.2697051325811152e-5,1.5898749594260505e-6,9.647910341410203e-7,9.647906551844225e-7,3.78956604371474e-13,7.445866527467856e-8,6.850396083740442e-8,8.846911328519447e-9,2.3730826847182753e-8,2.3730817524501688e-8,9.321141306876164e-15,0.0,0.0,0.0,0.0,2.289641717489017e-11,1.418158401341504e-5,0.0,0.0,0.0,0.0,0.0,0.0,0.0,1.2730847295704334e-5,1.5939852759897376e-6,9.702809350391393e-7,9.702805539261767e-7,3.8111296168519637e-13,1.9396155691991934e-8,1.730983153308607e-8,2.1131832663931482e-9,1.9699975073726034e-9,1.969996731605219e-9,7.737878350418189e-16,0.0,0.0,0.0,0.0,2.3755485197229713e-12,1.4183564901665645e-5,0.0,0.0,0.0,0.0,0.0,0.0,0.0,1.273261345283052e-5,1.5942008745818495e-6,9.715247364790292e-7,9.715243548775217e-7,3.816015097266854e-13
18720.0,0.0003458942052640525,0.0003323597240918733,8.892095680131606e-5,0.00021108128750367195,0.0002110812045938537,8.290981687031118e-11,0.0,0.0,0.0,0.0,4.464880218142326e-16,1.3935286767302561e-5,0.0,0.0,0.0,0.0,0.0,0.0,0.0,1.2511713605974519e-5,1.5717969698172579e-6,9.57100501708722e-7,9.571001257728566e-7,3.75935869359204e-13,1.8342427498432672e-6,3.680160750322014e-6,3.0790956747426667e-6,2.3489272777787122e-5,2.3489263551526297e-5,9.226262201898448e-12,0.0,0.0,0.0,0.0,1.2114173305177366e-8,1.4568653561885258e-5,0.0,0.0,0.0,0.0,0.0,0.0,0.0,1.307209682481362e-5,1.6376650078363284e-6,1.0269788148931049e-6,1.0269784115099954e-6,4.033831064773831e-13,3.345707122030285e-7,3.042568407965798e-7,1.4006397849051014e-7,8.24182859483658e-7,8.241825357593995e-7,3.237276537181472e-13,0.0,0.0,0.0,0.0,3.414154049415796e-10,1.3860970386916686e-5,0.0,0.0,0.0,0.0,0.0,0.0,0.0,1.244558630955625e-5,1.5612486350991047e-6,9.461950993956927e-7,9.461947277433203e-7,3.716523778220679e-13,8.318468973670876e-8,7.597015557831683e-8,1.0354810511207374e-8,2.8070341804001578e-8,2.8070330779127436e-8,1.1025642899232945e-14,0.0,0.0,0.0,0.0,2.2272046786663228e-11,1.3931675043322146e-5,0.0,0.0,0.0,0.0,0.0,0.0,0.0,1.250849710574138e-5,1.5690256925138497e-6,9.548182191672768e-7,9.54817844127852e-7,3.75039420271768e-13,2.2615699730478556e-8,2.035038897365347e-8,2.5783459436500705e-9,2.54359144044851e-9,2.543590440934925e-9,9.990876173228939e-16,0.0,0.0,0.0,0.0,2.176166414678665e-12,1.3937452544423615e-5,0.0,0.0,0.0,0.0,0.0,0.0,0.0,1.2513635499288352e-5,1.5709864087237868e-6,9.564994443591595e-7,9.564990686593729e-7,3.7569978232671267e-13
18840.0,0.0003579841917417492,0.0003308450836157791,8.773100413660834e-5,0.0002465602797889638,0.0002465601829434889,9.684547544007142e-11,0.0,0.0,0.0,0.0,2.5341779878793695e-16,1.4098480685813129e-5,0.0,0.0,0.0,0.0,0.0,0.0,0.0,1.2655802295484263e-5,1.5948185434225148e-6,9.790640369938929e-7,9.79063652431047e-7,3.845628429287425e-13,1.7658808461719702e-6,3.6933683887440767e-6,3.1835779133655186e-6,2.387581469656091e-5,2.3875805318470754e-5,9.378090533424931e-12,0.0,0.0,0.0,0.0,1.1814352097939826e-8,1.483778494588952e-5,0.0,0.0,0.0,0.0,0.0,0.0,0.0,1.3310113953140592e-5,1.6728964357391787e-6,1.0498119637216828e-6,1.0498115513700394e-6,4.1235165224635435e-13,3.315018419079892e-7,2.980454914437416e-7,1.3951794235645028e-7,9.434505024558339e-7,9.434501318817725e-7,3.7057433801946426e-13,0.0,0.0,0.0,0.0,3.329213123952595e-10,1.4042766002548264e-5,0.0,0.0,0.0,0.0,0.0,0.0,0.0,1.2606196358548473e-5,1.5838426888080504e-6,9.688003209298862e-7,9.687999403984843e-7,3.8053139689512945e-13,8.058777058086303e-8,7.356267015318176e-8,9.64616023212475e-9,3.324407451913549e-8,3.3244061460542023e-8,1.3057813711949233e-14,0.0,0.0,0.0,0.0,2.1281207213158704e-11,1.4097136166981201e-5,0.0,0.0,0.0,0.0,0.0,0.0,0.0,1.2654600573492048e-5,1.5916444956249996e-6,9.767315176753158e-7,9.767311340286462e-7,3.8364666152849937e-13,2.0737711682854848e-8,1.8489204278976095e-8,2.277978453871926e-9,2.73141289114321e-9,2.731411816168314e-9,1.0728612907953872e-15,0.0,0.0,0.0,0.0,2.1727986887678993e-12,1.4098981131507825e-5,0.0,0.0,0.0,0.0,0.0,0.0,0.0,1.2656245418498497e-5,1.5937189355910705e-6,9.78263991025508e-7,9.782636067769155e-7,3.842485959127663e-13
18960.0,0.0003444413162220581,0.0003293466139807503,8.658150592416873e-5,0.00021935256499358672,0.0002193524788349249,8.615866052709702e-11,0.0,0.0,0.0,0.0,9.825487685373643e-16,1.3847464339245939e-5,0.0,0.0,0.0,0.0,0.0,0.0,0.0,1.2432724452018693e-5,1.5719923220437067e-6,9.747283025068092e-7,9.747279196469836e-7,3.8285982625410744e-13,1.6955160736025973e-6,3.6375818586412164e-6,3.1116108692239974e-6,2.292358421972097e-5,2.2923575215652905e-5,9.00406754262857e-12,0.0,0.0,0.0,0.0,1.1484823355174695e-8,1.4180174979696993e-5,0.0,0.0,0.0,0.0,0.0,0.0,0.0,1.272536124743172e-5,1.6029875296970845e-6,1.0095229646337578e-6,1.0095225681070696e-6,3.965266893812301e-13,3.22327831317297e-7,2.908798921484873e-7,1.3579187531495215e-7,8.47573325390034e-7,8.475729924753651e-7,3.3291510594344614e-13,0.0,0.0,0.0,0.0,3.2679199334021827e-10,1.3785388846249903e-5,0.0,0.0,0.0,0.0,0.0,0.0,0.0,1.2377463591027226e-5,1.5584310162259067e-6,9.631377623735616e-7,9.631373840663411e-7,3.783072220358908e-13,7.949314430582416e-8,7.242139706741197e-8,8.970819666102858e-9,2.7067786579052507e-8,2.70677759444903e-8,1.0631853040891699e-14,0.0,0.0,0.0,0.0,2.1164699198034544e-11,1.3840767718615628e-5,0.0,0.0,0.0,0.0,0.0,0.0,0.0,1.2426767659362829e-5,1.5678650517784034e-6,9.71725007789315e-7,9.717246261091395e-7,3.816801735336777e-13,2.1449676410913165e-8,1.912412326447951e-8,2.3298332321557147e-9,2.4058103329054624e-9,2.405809387524106e-9,9.449690986505452e-16,0.0,0.0,0.0,0.0,2.0980986063443837e-12,1.3845363330420729e-5,0.0,0.0,0.0,0.0,0.0,0.0,0.0,1.2430856288031495e-5,1.5704624149984948e-6,9.736288426033393e-7,9.73628460175367e-7,3.8242797357625405e-13
19080.0,0.00034233038179936736,0.00032709224639662274,8.579271901157674e-5,0.0001998916520906623,0.00019989157357597914,7.851468249383466e-11,0.0,0.0,0.0,0.0,6.313662524875002e-16,1.3639783397037873e-5,0.0,0.0,0.0,0.0,0.0,0.0,0.0,1.2251663126651775e-5,1.561210641736299e-6,9.738141762100693e-7,9.738137937093014e-7,3.8250077005942426e-13,1.6765416696305248e-6,3.644913170883512e-6,3.0246379486347993e-6,2.2781638499378096e-5,2.2781629551066078e-5,8.948313222489935e-12,0.0,0.0,0.0,0.0,1.1264716165955053e-8,1.3954207540234355e-5,0.0,0.0,0.0,0.0,0.0,0.0,0.0,1.2535081590601108e-5,1.5819414237396934e-6,9.958071128330906e-7,9.958067216937996e-7,3.9113929206874055e-13,3.377556310030748e-7,3.018572075996551e-7,1.336046941435333e-7,7.970821100060222e-7,7.970817969214823e-7,3.1308285330536076e-13,0.0,0.0,0.0,0.0,3.241804377027724e-10,1.3590641679187211e-5,0.0,0.0,0.0,0.0,0.0,0.0,0.0,1.2207883348053848e-5,1.5477545143690177e-6,9.618352429690535e-7,9.618348651734442e-7,3.777956103881931e-13,8.075261840765832e-8,7.339028776778069e-8,9.033231607820033e-9,2.3153921473875082e-8,2.3153912377241567e-8,9.09454083695695e-15,0.0,0.0,0.0,0.0,2.1108754800343045e-11,1.3635906634651251e-5,0.0,0.0,0.0,0.0,0.0,0.0,0.0,1.2248210718372357e-5,1.556862534487379e-6,9.706123075215556e-7,9.706119262784366e-7,3.8124312022344786e-13,2.2273186645743737e-8,1.9857542945222682e-8,2.453381029148688e-9,2.2772257451409172e-9,2.2772248527620074e-9,8.944628472014434e-16,0.0,0.0,0.0,0.0,2.1563129527572153e-12,1.3639004793588718e-5,0.0,0.0,0.0,0.0,0.0,0.0,0.0,1.2250969430217882e-5,1.559598682013984e-6,9.726425441623986e-7,9.726421621218256e-7,3.8204056915928667e-13
19200.0,0.00033808405031025834,0.0003234646263119444,8.446377458208262e-5,0.00019944560262252949,0.00019944552428305054,7.833948041810769e-11,0.0,0.0,0.0,0.0,5.971093146136198e-16,1.3466265701182518e-5,0.0,0.0,0.0,0.0,0.0,0.0,0.0,1.2101561021300967e-5,1.5609083578626314e-6,9.743199820034942e-7,9.74319599304043e-7,3.8269944359511024e-13,1.7713010503936193e-6,3.6448004208503525e-6,2.972314785292191e-6,2.28465194888831e-5,2.284651051508577e-5,8.973797579827932e-12,0.0,0.0,0.0,0.0,1.1138479484098765e-8,1.383779888561018e-5,0.0,0.0,0.0,0.0,0.0,0.0,0.0,1.2436070011148337e-5,1.5875767174506293e-6,1.0104653122192044e-6,1.0104649153223754e-6,3.9689683050866567e-13,3.7151517520792737e-7,3.15941576933573e-7,1.3488677868688133e-7,7.971030865499801e-7,7.971027734591732e-7,3.1309109260301417e-13,0.0,0.0,0.0,0.0,3.2037859120991425e-10,1.3420674082182508e-5,0.0,0.0,0.0,0.0,0.0,0.0,0.0,1.2060922989776437e-5,1.5468022254723505e-6,9.615065431673516e-7,9.61506165500851e-7,3.7766650164204893e-13,9.004030130949775e-8,8.143788779303374e-8,1.023530601398058e-8,2.3145940459574307e-8,2.3145931367687095e-8,9.091406005160576e-15,0.0,0.0,0.0,0.0,2.0808586287451966e-11,1.3463303436390575e-5,0.0,0.0,0.0,0.0,0.0,0.0,0.0,1.209892026012974e-5,1.556187324034832e-6,9.70888522480029e-7,9.708881411284212e-7,3.8135161364744734e-13,2.7304350465068988e-8,2.4236993225482862e-8,3.0709941336876795e-9,2.8861208294763204e-9,2.886119694811759e-9,1.1336284346673682e-15,0.0,0.0,0.0,0.0,2.1518585029811537e-12,1.346587670812283e-5,0.0,0.0,0.0,0.0,0.0,0.0,0.0,1.210121296904112e-5,1.5591139869945195e-6,9.730631329588793e-7,9.730627507531078e-7,3.822057706345406e-13
19320.0,0.00033500604856988823,0.0003206411126124836,8.323638116052804e-5,0.00019906250531685066,0.0001990624271278438,7.818900508306834e-11,0.0,0.0,0.0,0.0,5.536715009648623e-16,1.336513607744729e-5,0.0,0.0,0.0,0.0,0.0,0.0,0.0,1.2013539511059747e-5,1.5699127014789882e-6,9.763573486701724e-7,9.763569651704842e-7,3.834996931067064e-13,1.8434531652506206e-6,3.633914771930828e-6,2.907224915572621e-6,2.2819420331715793e-5,2.2819411368560363e-5,8.963153404851972e-12,0.0,0.0,0.0,0.0,1.099817911028296e-8,1.3766893032283837e-5,0.0,0.0,0.0,0.0,0.0,0.0,0.0,1.2375400395427132e-5,1.5984050444994198e-6,1.0168486221261233e-6,1.016848222722014e-6,3.9940410655226367e-13,3.9171712424949934e-7,3.3168291420274697e-7,1.3553233898155534e-7,7.990233834321934e-7,7.990230695888462e-7,3.1384535871885924e-13,0.0,0.0,0.0,0.0,3.1443762486444145e-10,1.3321016779121192e-5,0.0,0.0,0.0,0.0,0.0,0.0,0.0,1.1974198563689758e-5,1.556494917240572e-6,9.637383475162603e-7,9.637379689731336e-7,3.7854312359203945e-13,9.833806010640933e-8,8.847153188518844e-8,1.1377477196049951e-8,2.294047457893263e-8,2.2940465567140646e-8,9.010701842593856e-15,0.0,0.0,0.0,0.0,2.0429275158367343e-11,1.336245045462105e-5,0.0,0.0,0.0,0.0,0.0,0.0,0.0,1.2011145296170864e-5,1.5651524596710918e-6,9.729970044614042e-7,9.729966222816133e-7,3.821797962732857e-13,3.3691905549325385e-8,2.981215857194909e-8,3.917710839334426e-9,3.696257023854164e-9,3.6962555703392625e-9,1.451838750328117e-15,0.0,0.0,0.0,0.0,2.1099583502340407e-12,1.3364891578733735e-5,0.0,0.0,0.0,0.0,0.0,0.0,0.0,1.2013320909732613e-5,1.5680946622918331e-6,9.751496036749402e-7,9.75149220649634e-7,3.8302530753911393e-13
19440.0,0.00033640417670528083,0.00032086721264625696,8.334902344990232e-5,0.00019865161016300301,0.00019865153213539276,7.802761113687324e-11,0.0,0.0,0.0,0.0,5.576700457502818e-16,1.3287140050141133e-5,0.0,0.0,0.0,0.0,0.0,0.0,0.0,1.1944093363319855e-5,1.5847941140354508e-6,9.785642113608093e-7,9.78563826994285e-7,3.8436651831751456e-13,1.8365079616760455e-6,3.6002144251786642e-6,2.8534317386855277e-6,2.2713184651423496e-5,2.2713175729996273e-5,8.921425495656897e-12,0.0,0.0,0.0,0.0,1.0829944653198345e-8,1.3736023511076785e-5,0.0,0.0,0.0,0.0,0.0,0.0,0.0,1.2342911594013059e-5,1.6267751521846e-6,1.0141157561682505e-6,1.0141153578375757e-6,3.983306745167736e-13,3.862356357975556e-7,3.457002810297238e-7,1.3710042023407434e-7,8.034052927629115e-7,8.034049771965073e-7,3.1556651223475254e-13,0.0,0.0,0.0,0.0,3.085449300967505e-10,1.3243978231061327e-5,0.0,0.0,0.0,0.0,0.0,0.0,0.0,1.1905596525862544e-5,1.5748317031922831e-6,9.661246348713512e-7,9.661242553909294e-7,3.794804243350398e-13,8.828307397450164e-8,7.962556726510293e-8,1.0472581519647625e-8,2.2432961144841976e-8,2.2432952335197742e-8,8.811357569847998e-15,0.0,0.0,0.0,0.0,2.00221494735829e-11,1.328447732984422e-5,0.0,0.0,0.0,0.0,0.0,0.0,0.0,1.194171949488616e-5,1.5803343684280855e-6,9.751878537879658e-7,9.751874707476392e-7,3.830403316556691e-13,2.714669896730984e-8,2.3729601195687322e-8,3.6157308906919344e-9,3.104940535567432e-9,3.1049393152076254e-9,1.2195777952560542e-15,0.0,0.0,0.0,0.0,2.061958525249143e-12,1.3286903786884678e-5,0.0,0.0,0.0,0.0,0.0,0.0,0.0,1.1943882572549375e-5,1.5831968322693352e-6,9.773756867357454e-7,9.77375302836064e-7,3.8389968224609164e-13
19560.0,0.0003369190137771532,0.0003205469860950147,8.31596299484946e-5,0.0001982327721563166,0.00019823269429321944,7.786309734769115e-11,0.0,0.0,0.0,0.0,6.095681705078728e-16,1.3126740001221158e-5,0.0,0.0,0.0,0.0,0.0,0.0,0.0,1.1800769638055409e-5,1.5792003882328906e-6,9.78554763900156e-7,9.785543795373463e-7,3.8436280748534305e-13,1.8872487759858184e-6,3.624806860969738e-6,2.8314682711187266e-6,2.2692156635889886e-5,2.2692147722724765e-5,8.913165981335035e-12,0.0,0.0,0.0,0.0,1.0652914547846008e-8,1.3827643750227856e-5,0.0,0.0,0.0,0.0,0.0,0.0,0.0,1.2424329949695094e-5,1.6538178493623175e-6,1.0330808137978081e-6,1.0330804080179247e-6,4.0577988744132056e-13,4.0513262266868647e-7,3.776774282431835e-7,1.387459450954108e-7,8.077186967177316e-7,8.077183794540766e-7,3.172607577838575e-13,0.0,0.0,0.0,0.0,3.0314738253452275e-10,1.308404881171658e-5,0.0,0.0,0.0,0.0,0.0,0.0,0.0,1.1762684826930233e-5,1.5746959296747292e-6,9.647727187711464e-7,9.64772339821739e-7,3.789494103469338e-13,9.879752189967395e-8,8.782380184177266e-8,1.2476806710405922e-8,2.6509387902612616e-8,2.6509377491065452e-8,1.0412521745924163e-14,0.0,0.0,0.0,0.0,1.9635207556812647e-11,1.3123983316187237e-5,0.0,0.0,0.0,0.0,0.0,0.0,0.0,1.1798312907338611e-5,1.5789880340801315e-6,9.743534999010782e-7,9.743531171884672e-7,3.8271260896274223e-13,3.4926028978209817e-8,2.9593611808689822e-8,5.44265436604012e-9,4.130214968824456e-9,4.130213346562668e-9,1.6222914448489058e-15,0.0,0.0,0.0,0.0,2.0175186833642566e-12,1.3126498026499746e-5,0.0,0.0,0.0,0.0,0.0,0.0,0.0,1.1800555007617081e-5,1.5792615918238323e-6,9.76996566669879e-7,9.769961829191138e-7,3.8375076911596623e-13
19680.0,0.0003306083125884053,0.0003154036757136552,8.197068107245603e-5,0.00019770389880329118,0.00019770382114792868,7.765536319292394e-11,0.0,0.0,0.0,0.0,6.540048953057724e-16,1.2917657970603307e-5,0.0,0.0,0.0,0.0,0.0,0.0,0.0,1.161382349154752e-5,1.5740102114976265e-6,9.742284931335716e-7,9.742281104700665e-7,3.826635080295238e-13,2.013142930952158e-6,3.6937941669784644e-6,2.8446697052542536e-6,2.278556909492978e-5,2.2785560145074163e-5,8.94985710618092e-12,0.0,0.0,0.0,0.0,1.0473638561344544e-8,1.3696677194036945e-5,0.0,0.0,0.0,0.0,0.0,0.0,0.0,1.2306827611962921e-5,1.6573195565668112e-6,1.0410180261201616e-6,1.041017617222644e-6,4.0889751491028706e-13,4.5986155292488534e-7,4.038629149109224e-7,1.4167129938581421e-7,8.120988726204601e-7,8.120985536363659e-7,3.189812304332956e-13,0.0,0.0,0.0,0.0,2.9802209307057733e-10,1.2905469164624701e-5,0.0,0.0,0.0,0.0,0.0,0.0,0.0,1.1602970556352226e-5,1.5728917275100764e-6,9.70554451261362e-7,9.705540700409667e-7,3.812203950828428e-13,1.3378437275449878e-7,1.1712813866294942e-7,1.813136416722351e-8,3.059375929303766e-8,3.059374727982076e-8,1.201680646589132e-14,0.0,0.0,0.0,0.0,1.9288789410575134e-11,1.291520970947148e-5,0.0,0.0,0.0,0.0,0.0,0.0,0.0,1.1611643871119539e-5,1.5739452350393419e-6,9.741225051226069e-7,9.741221225007247e-7,3.826218774014219e-13,6.63377155117606e-8,5.538910643684165e-8,1.1174582603213148e-8,8.283321846451904e-9,8.283318592819233e-9,3.253574514574177e-15,0.0,0.0,0.0,0.0,1.9776359982883086e-12,1.2917758784112e-5,0.0,0.0,0.0,0.0,0.0,0.0,0.0,1.161391709170708e-5,1.5742217208679425e-6,9.743353158978236e-7,9.743349331923528e-7,3.8270546653719977e-13
19800.0,0.00034238145905809547,0.0003233942146763618,8.607290170155931e-5,0.0002035551606692302,0.00020355508071557112,7.995365810813091e-11,0.0,0.0,0.0,0.0,6.709479386624197e-16,1.2963745275854027e-5,0.0,0.0,0.0,0.0,0.0,0.0,0.0,1.161306253908087e-5,1.6644008767072148e-6,1.0202891784183457e-6,1.0202887776628398e-6,4.0075550958515894e-13,2.113493991008023e-6,3.597555893010465e-6,2.895410284162918e-6,2.2800558673739244e-5,2.2800549717992977e-5,8.955744805884915e-12,0.0,0.0,0.0,0.0,1.0281512698700083e-8,1.3389343428877701e-5,0.0,0.0,0.0,0.0,0.0,0.0,0.0,1.1990729221704958e-5,1.7103503001221202e-6,1.082292842394746e-6,1.0822924172850525e-6,4.2510969316233575e-13,4.852561711495527e-7,4.4508559599533283e-7,1.518137818659962e-7,8.340417464714914e-7,8.340414188749561e-7,3.2760008847833675e-13,0.0,0.0,0.0,0.0,2.9261607794780143e-10,1.2935570448094014e-5,0.0,0.0,0.0,0.0,0.0,0.0,0.0,1.1587834728880708e-5,1.6622968563473222e-6,1.017848814073062e-6,1.0178484142760922e-6,3.997969681466558e-13,1.6033109535070617e-7,1.3443569979242936e-7,2.8083126518479648e-8,3.861479347453528e-8,3.8614778309360395e-8,1.5167358004992747e-14,0.0,0.0,0.0,0.0,1.8943543375311775e-11,1.2956434655767849e-5,0.0,0.0,0.0,0.0,0.0,0.0,0.0,1.1606553618039031e-5,1.6644361868822997e-6,1.0195885917117209e-6,1.019588191231391e-6,4.00480328794692e-13,1.012786107605114e-7,8.070454572375744e-8,2.141648248782553e-8,1.2899985700348665e-8,1.2899980632271125e-8,5.066936367221899e-15,0.0,0.0,0.0,0.0,1.8241594060686366e-12,1.2963021947322712e-5,0.0,0.0,0.0,0.0,0.0,0.0,0.0,1.1612440467784203e-5,1.6651380386963679e-6,1.0201359139840104e-6,1.0201355132887041e-6,4.0069530943035963e-13
19920.0,0.0003457195008815285,0.0003199808668591046,8.559076771247646e-5,0.00026666311507789593,0.0002666630103363031,1.0474159172821149e-10,0.0,0.0,0.0,0.0,3.5455620222532463e-16,1.3121303592691929e-5,0.0,0.0,0.0,0.0,0.0,0.0,0.0,1.1755425373431832e-5,1.7777238170423866e-6,1.0407699419300438e-6,1.0407695331299757e-6,4.088000708639001e-13,2.2899439829854665e-6,3.862850940504802e-6,3.0018216302073186e-6,2.3843289920574895e-5,2.384328055526017e-5,9.365315250249619e-12,0.0,0.0,0.0,0.0,1.0043505160049324e-8,1.3426591414922e-5,0.0,0.0,0.0,0.0,0.0,0.0,0.0,1.2024890268923538e-5,1.821338449621934e-6,1.1163458015929148e-6,1.1163453631076936e-6,4.3848522561432474e-13,6.206245671759765e-7,5.53335027836287e-7,1.908453743407982e-7,1.050586114074683e-6,1.0505857014163528e-6,4.126557278217958e-13,0.0,0.0,0.0,0.0,2.863054207659488e-10,1.3058821171722484e-5,0.0,0.0,0.0,0.0,0.0,0.0,0.0,1.16998670869923e-5,1.7773486683275648e-6,1.0348901322719755e-6,1.034889725781412e-6,4.064905627698942e-13,2.956940271391269e-7,2.3894293954291986e-7,6.56123852081289e-8,6.859013970877624e-8,6.859011276463635e-8,2.6941260352875463e-14,0.0,0.0,0.0,0.0,1.795360955128961e-11,1.3136442826201619e-5,0.0,0.0,0.0,0.0,0.0,0.0,0.0,1.1769155328900633e-5,1.7856861929018275e-6,1.0412985878050486e-6,1.041298178797334e-6,4.0900771566844166e-13,2.3927261588599716e-7,1.8718349304939272e-7,5.885142506439553e-8,3.236907748366973e-8,3.236906477210561e-8,1.2714126952093236e-14,0.0,0.0,0.0,0.0,1.787750354411013e-12,1.3147871309805222e-5,0.0,0.0,0.0,0.0,0.0,0.0,0.0,1.1779366805628804e-5,1.7869039432697103e-6,1.042239323610563e-6,1.0422389142333388e-6,4.0937722371096335e-13
20040.0,0.00033462346142577827,0.00031735832546116817,8.578620579891591e-5,0.00023709701579227002,0.00023709692266383114,9.312843593249442e-11,0.0,0.0,0.0,0.0,8.276604770502176e-16,1.2863979136661593e-5,0.0,0.0,0.0,0.0,0.0,0.0,0.0,1.152596820896305e-5,1.8104848731869475e-6,1.0305575631253463e-6,1.03055715833655e-6,4.047887893973057e-13,2.8059509299643674e-6,4.316253888105719e-6,3.149007803484021e-6,2.2657204904794263e-5,2.2657196005355182e-5,8.899437423683195e-12,0.0,0.0,0.0,0.0,9.778429186923367e-9,1.3325506398950176e-5,0.0,0.0,0.0,0.0,0.0,0.0,0.0,1.1942089942820573e-5,1.8843052048000742e-6,1.0749589747838345e-6,1.0749585525547827e-6,4.2222905117003785e-13,1.2981918075150208e-6,1.081615995732142e-6,3.7831287780861096e-7,1.0369006126528014e-6,1.0369002053739972e-6,4.0728025172019085e-13,0.0,0.0,0.0,0.0,2.811135630688774e-10,1.2960854424287124e-5,0.0,0.0,0.0,0.0,0.0,0.0,0.0,1.1613487863172951e-5,1.8518387413221146e-6,1.0350001182591345e-6,1.0349997117253695e-6,4.0653376374787777e-13,1.048292859835362e-6,8.269623548621325e-7,2.5641377107547304e-7,1.5434894373953793e-7,1.5434888311318838e-7,6.06261351301926e-14,0.0,0.0,0.0,0.0,1.795013309269729e-11,1.299716435203268e-5,0.0,0.0,0.0,0.0,0.0,0.0,0.0,1.164601382596579e-5,1.8556461626312285e-6,1.0380347264985136e-6,1.0380343187728013e-6,4.077257159875853e-13,1.0242339874839794e-6,8.039349392355089e-7,2.528286775359441e-7,1.2676930567984636e-7,1.267692558872382e-7,4.979323389078387e-14,0.0,0.0,0.0,0.0,1.7356140648517299e-12,1.3008487053264398e-5,0.0,0.0,0.0,0.0,0.0,0.0,0.0,1.165613615539757e-5,1.8568453794631696e-6,1.0389864164107085e-6,1.0389860083111819e-6,4.0809952665204546e-13
20160.0,0.00033255336536624526,0.0003169543025586174,8.565943984719651e-5,0.00021729063886655178,0.00021729055351778863,8.534876439838553e-11,0.0,0.0,0.0,0.0,4.4222859538801307e-16,1.4567401695435874e-5,0.0,0.0,0.0,0.0,0.0,0.0,0.0,1.3062393057416408e-5,2.4318750337097708e-6,1.1379262444886934e-6,1.1379257975269693e-6,4.46961725779872e-13,4.442665760289247e-6,5.595306076987259e-6,3.7052799949615755e-6,2.280729138717379e-5,2.280728242878428e-5,8.958389322811825e-12,0.0,0.0,0.0,0.0,9.603682820624706e-9,1.3912541504549868e-5,0.0,0.0,0.0,0.0,0.0,0.0,0.0,1.2473193014040859e-5,2.163517303673135e-6,1.103947190032952e-6,1.1039467564177273e-6,4.3361522209084627e-13,1.6686070957740683e-6,1.4260777238791662e-6,4.854724891594983e-7,1.0288134937269198e-6,1.0288130896235363e-6,4.0410374300480367e-13,0.0,0.0,0.0,0.0,2.79269119355631e-10,1.4068574435046962e-5,0.0,0.0,0.0,0.0,0.0,0.0,0.0,1.2613522561894333e-5,2.289160775605852e-6,1.106479935177995e-6,1.1064795005679441e-6,4.346100494326627e-13,1.2318110585015848e-6,9.747832141849863e-7,3.472422123868002e-7,1.9386678013802322e-7,1.9386670398829346e-7,7.61481959316556e-14,0.0,0.0,0.0,0.0,1.7962409880178866e-11,1.4133597022786736e-5,0.0,0.0,0.0,0.0,0.0,0.0,0.0,1.2671850752851863e-5,2.3004839171373996e-6,1.111443310507401e-6,1.111442873947802e-6,4.365595947688974e-13,1.2287636398213356e-6,9.724965125317883e-7,3.447745612465171e-7,1.6999401087333262e-7,1.6999394410393353e-7,6.677130160261475e-14,0.0,0.0,0.0,0.0,1.795212776142981e-12,1.414881285198048e-5,0.0,0.0,0.0,0.0,0.0,0.0,0.0,1.268546282113718e-5,2.302427162146549e-6,1.1127020038589525e-6,1.1127015668049656e-6,4.3705399214778485e-13
20280.0,0.0003277035148748441,0.00030865811359341355,9.034960476453444e-5,0.00021611514654829546,0.00021611506166124925,8.488704723723159e-11,0.0,0.0,0.0,0.0,4.95427355709771e-16,1.3027679017923303e-5,0.0,0.0,0.0,0.0,0.0,0.0,0.0,1.1638148462898072e-5,1.5055048400064876e-6,1.0871664430542074e-6,1.0871660160302305e-6,4.2702397624708555e-13,2.826034106244782e-6,4.471112294453224e-6,3.083912373061295e-6,2.257151381273281e-5,2.2571504946952874e-5,8.865779145235988e-12,0.0,0.0,0.0,0.0,9.499336938097573e-9,1.3667470880563543e-5,0.0,0.0,0.0,0.0,0.0,0.0,0.0,1.2221441584689027e-5,1.5756253243186129e-6,1.1198336838103943e-6,1.1198332439551837e-6,4.3985521761757507e-13,3.9059121932382736e-6,3.1642500566983296e-6,9.314564346990864e-7,1.1822878266034642e-6,1.1822873622126555e-6,4.643863430561462e-13,0.0,0.0,0.0,0.0,2.7666437568664966e-10,1.312333205628527e-5,0.0,0.0,0.0,0.0,0.0,0.0,0.0,1.1681032428595811e-5,1.4946619233080012e-6,1.0921209113959195e-6,1.09212048242589e-6,4.2897002304147103e-13,3.892869369126299e-6,3.121477340718516e-6,8.403609784014658e-7,3.8728913467515377e-7,3.8728898255329466e-7,1.521218276211281e-13,0.0,0.0,0.0,0.0,1.7759533552946562e-11,1.3164697417889676e-5,0.0,0.0,0.0,0.0,0.0,0.0,0.0,1.1716845578903434e-5,1.4992352785229385e-6,1.0971089549404168e-6,1.0971085240111519e-6,4.309292577121772e-13,3.889140892739725e-6,3.118646483752004e-6,8.397497448602541e-7,3.645375184432842e-7,3.645373752562508e-7,1.4318530673118363e-13,0.0,0.0,0.0,0.0,1.7904068411286766e-12,1.3181031860954492e-5,0.0,0.0,0.0,0.0,0.0,0.0,0.0,1.1731319995336733e-5,1.5009874195279272e-6,1.0986769454363324e-6,1.0986765138911881e-6,4.3154514274115685e-13
20400.0,0.0003796056214328729,0.00035073245489696854,8.942764291114966e-5,0.000211674478608196,0.00021167439546538428,8.314281415030166e-11,0.0,0.0,0.0,0.0,4.1450690876128753e-16,1.2491730687033355e-5,0.0,0.0,0.0,0.0,0.0,0.0,0.0,1.1173851843551934e-5,1.5310262380623661e-6,1.0739995469247792e-6,1.0739991250725737e-6,4.21852201146828e-13,2.021160845722212e-6,3.787639264820132e-6,2.9077067652762047e-6,2.2709582828514592e-5,2.2709573908507376e-5,8.920010749322395e-12,0.0,0.0,0.0,0.0,9.387631964260649e-9,1.283567681963769e-5,0.0,0.0,0.0,0.0,0.0,0.0,0.0,1.1484075087560998e-5,1.5631726631409249e-6,1.1074050861744367e-6,1.107404651201001e-6,4.3497343597724933e-13,4.0234438136851555e-7,3.920640531708424e-7,1.3903788678997116e-7,8.564275697157161e-7,8.564272333178238e-7,3.363929309302616e-13,0.0,0.0,0.0,0.0,2.7275468949891954e-10,1.2405185450389787e-5,0.0,0.0,0.0,0.0,0.0,0.0,0.0,1.1096410616410385e-5,1.5216836664928745e-6,1.0664780604266241e-6,1.0664776415287647e-6,4.1889786504470775e-13,1.1294809306285417e-7,9.928858036595362e-8,1.493848046782084e-8,3.0000000334380666e-8,2.999998855277999e-8,1.178358614102872e-14,0.0,0.0,0.0,0.0,1.752848449111466e-11,1.2462779737424939e-5,0.0,0.0,0.0,0.0,0.0,0.0,0.0,1.1147968491407277e-5,1.5276881792308053e-6,1.0714917140096295e-6,1.0714912931424761e-6,4.208671589851321e-13,5.42619493231096e-8,4.588147596469924e-8,8.649615357509202e-9,4.5095151000579345e-9,4.509513329215212e-9,1.7712753006432355e-15,0.0,0.0,0.0,0.0,1.7660723354715713e-12,1.248100814112083e-5,0.0,0.0,0.0,0.0,0.0,0.0,0.0,1.116426652759243e-5,1.5296215433429188e-6,1.0730698567596182e-6,1.073069435272588e-6,4.2148703167941045e-13
20520.0,0.00036482391791493223,0.00033527655148231817,9.214324626400641e-5,0.00020770294628268658,0.00020770286469983714,8.158285105884642e-11,0.0,0.0,0.0,0.0,4.3241603877776337e-16,1.1909089218749844e-5,0.0,0.0,0.0,0.0,0.0,0.0,0.0,1.0653024540847308e-5,1.7302145136543492e-6,1.0309688144000745e-6,1.0309684094497527e-6,4.049503232228697e-13,2.7535511042311306e-6,4.442754557371819e-6,2.9741508063454818e-6,2.2973766512465234e-5,2.297375748868639e-5,9.023778454718002e-12,0.0,0.0,0.0,0.0,9.267752470005706e-9,1.226396681386223e-5,0.0,0.0,0.0,0.0,0.0,0.0,0.0,1.0972982779545452e-5,1.7635569281288498e-6,1.0631207502820638e-6,1.0631203327029117e-6,4.175791599498406e-13,1.0161495765594226e-6,9.466970601720798e-7,2.044193857667423e-7,9.211205409009407e-7,9.211201790940791e-7,3.618034372676711e-13,0.0,0.0,0.0,0.0,2.692561757863164e-10,1.1804683930347653e-5,0.0,0.0,0.0,0.0,0.0,0.0,0.0,1.055959101796324e-5,1.722659029806732e-6,1.0218391332155882e-6,1.0218387318512873e-6,4.0136431044058653e-13,2.3376162361539443e-7,2.0262814885991048e-7,3.99064227964846e-8,3.911351249200772e-8,3.911349712777929e-8,1.536324795197728e-14,0.0,0.0,0.0,0.0,1.731272785668528e-11,1.1867619937604454e-5,0.0,0.0,0.0,0.0,0.0,0.0,0.0,1.0615930239222269e-5,1.7292082618287397e-6,1.0273418827281984e-6,1.0273414792024855e-6,4.0352571451277544e-13,1.7363204883168865e-7,1.432078129226044e-7,3.3754292061514285e-8,1.2923432081842856e-8,1.292342700308684e-8,5.076145781685122e-15,0.0,0.0,0.0,0.0,1.7414741225404257e-12,1.1887614711081385e-5,0.0,0.0,0.0,0.0,0.0,0.0,0.0,1.0633809341866088e-5,1.7312753671259224e-6,1.0290896147060967e-6,1.0290892104939003e-6,4.0421219951549285e-13
20640.0,0.0006539423076244101,0.0005790834602537643,0.00013674015254857858,0.00021853260351476145,0.00021853251767816868,8.583659097344558e-11,0.0,0.0,0.0,0.0,4.568473357503856e-16,1.2339877229512965e-5,0.0,0.0,0.0,0.0,0.0,0.0,0.0,1.104651433313245e-5,1.7902977347662824e-6,1.073839578260195e-6,1.073839156470829e-6,4.217893676629012e-13,2.3868105908987115e-6,4.091621207207221e-6,2.9267777752156436e-6,2.3080852042877397e-5,2.308084297704088e-5,9.065840173315732e-12,0.0,0.0,0.0,0.0,9.171840734047664e-9,1.4268142531077945e-5,0.0,0.0,0.0,0.0,0.0,0.0,0.0,1.278255046622757e-5,1.974260643692532e-6,1.214110309085105e-6,1.2141098321993319e-6,4.768857750351349e-13,7.819117941614863e-7,7.383667193226168e-7,1.7943272380633105e-7,9.240363488353907e-7,9.240359858901498e-7,3.6294872638639813e-13,0.0,0.0,0.0,0.0,2.66647848686599e-10,1.2225777785221686e-5,0.0,0.0,0.0,0.0,0.0,0.0,0.0,1.094444922525972e-5,1.7810355538215513e-6,1.0639038105733428e-6,1.063903392686608e-6,4.1788673522624744e-13,2.2219503382136727e-7,1.9376485230231867e-7,3.146412713510814e-8,3.4374161796844355e-8,3.437414829626573e-8,1.350169640039433e-14,0.0,0.0,0.0,0.0,1.713253087687473e-11,1.2299351434494072e-5,0.0,0.0,0.0,0.0,0.0,0.0,0.0,1.1010269498333178e-5,1.7878933240852284e-6,1.0702791329528084e-6,1.0702787125619276e-6,4.203908738792807e-13,1.2008385275562306e-7,1.014867977169512e-7,2.0483914169250675e-8,5.64555602112976e-9,5.645553803652841e-9,2.2174964983403353e-15,0.0,0.0,0.0,0.0,1.7178733133238074e-12,1.2324227353193237e-5,0.0,0.0,0.0,0.0,0.0,0.0,0.0,1.103253070005923e-5,1.790513449316919e-6,1.0724046607605662e-6,1.0724042395348127e-6,4.2122575187049607e-13
20760.0,0.000547983115775641,0.00048178002861854743,0.00012809161074801736,0.00020936369984393265,0.0002093636176087613,8.223517213978222e-11,0.0,0.0,0.0,0.0,5.09951260746272e-16,1.304381277416904e-5,0.0,0.0,0.0,0.0,0.0,0.0,0.0,1.167602119798892e-5,1.5872574656224972e-6,1.1402416859735522e-6,1.1402412381023576e-6,4.478711992426976e-13,2.591332281398715e-6,4.2492518550990364e-6,2.9242467661093514e-6,2.3158273338148134e-5,2.315826424189882e-5,9.09625018970473e-12,0.0,0.0,0.0,0.0,9.077293024073684e-9,1.429037719883021e-5,0.0,0.0,0.0,0.0,0.0,0.0,0.0,1.2798693156485316e-5,1.7067300287589629e-6,1.2370379259026415e-6,1.2370374400112177e-6,4.85891426526538e-13,1.1880915983478874e-6,1.0855103570190072e-6,2.125398493224486e-7,9.646713803986025e-7,9.64671001488724e-7,3.78909606033309e-13,0.0,0.0,0.0,0.0,2.6428417374299455e-10,1.289457255122873e-5,0.0,0.0,0.0,0.0,0.0,0.0,0.0,1.1542362016637383e-5,1.5719261830755227e-6,1.126902778257528e-6,1.1269023356256696e-6,4.4263186036493685e-13,2.3702840394298e-7,2.1333686278470877e-7,2.4270147593258642e-8,4.074727246131971e-8,4.074725645564646e-8,1.6004966321822288e-14,0.0,0.0,0.0,0.0,1.6960906779188677e-11,1.2991683134344104e-5,0.0,0.0,0.0,0.0,0.0,0.0,0.0,1.162932209690181e-5,1.5819480717947291e-6,1.1366953406671239e-6,1.1366948941888847e-6,4.4647824374487826e-13,5.628914313826616e-8,5.0373931714166664e-8,6.0033966931775234e-9,5.287248840421641e-9,5.287246764165218e-9,2.0767583820018704e-15,0.0,0.0,0.0,0.0,1.6919284818779444e-12,1.3025949024044595e-5,0.0,0.0,0.0,0.0,0.0,0.0,0.0,1.166002877305403e-5,1.5854749332873224e-6,1.138838254466755e-6,1.1388378071468014e-6,4.4731995071377804e-13
20880.0,0.0005198655856871962,0.00047237589002440745,0.00011528469096281583,0.0001997976573584851,0.0001997975788807242,7.847776266013735e-11,0.0,0.0,0.0,0.0,5.795180743789838e-16,1.221974372882707e-5,0.0,0.0,0.0,0.0,0.0,0.0,0.0,1.094658881365001e-5,2.0874949798793583e-6,1.0672855830383825e-6,1.0672851638233366e-6,4.1921504878302463e-13,3.4398321464260313e-6,4.939362371108149e-6,2.996976709967363e-6,2.3332470749657022e-5,2.3332461584984623e-5,9.164672529072274e-12,0.0,0.0,0.0,0.0,8.971296972557423e-9,1.1821615337335855e-5,0.0,0.0,0.0,0.0,0.0,0.0,0.0,1.0587921100270911e-5,2.0572817289379873e-6,1.0471546701396467e-6,1.0471542588317476e-6,4.113079039972152e-13,7.993115980885895e-7,7.4908791547512e-7,1.7488431102992245e-7,9.389328398183059e-7,9.389324710199858e-7,3.687998624784582e-13,0.0,0.0,0.0,0.0,2.619008863371146e-10,1.2061420762889164e-5,0.0,0.0,0.0,0.0,0.0,0.0,0.0,1.080487225772298e-5,2.0709574823804265e-6,1.05205305603326e-6,1.0520526428013364e-6,4.1323192237990657e-13,1.6352074735546604e-7,1.4733130765468766e-7,1.6840032938426897e-8,3.638599761706126e-8,3.638598332474862e-8,1.4291917747158174e-14,0.0,0.0,0.0,0.0,1.682789226787393e-11,1.2179724780138322e-5,0.0,0.0,0.0,0.0,0.0,0.0,0.0,1.0910798100638246e-5,2.0830094859643138e-6,1.0646117199153154e-6,1.0646113017505235e-6,4.1816479224682663e-13,3.402948699866501e-8,3.057319775828619e-8,3.711484918011987e-9,3.5006940629361422e-9,3.500692687335035e-9,1.3750243187699422e-15,0.0,0.0,0.0,0.0,1.662973887019111e-12,1.2205697035304238e-5,0.0,0.0,0.0,0.0,0.0,0.0,0.0,1.093402510101392e-5,2.0857591716800635e-6,1.0661856252023465e-6,1.0661852064193473e-6,4.1878300052412946e-13
21000.0,0.000504133301557221,0.0004524619061011864,0.000116890335411524,0.00019333892839469897,0.00019333885245383353,7.594086305176459e-11,0.0,0.0,0.0,0.0,1.1034723133371867e-15,1.2594407861728271e-5,0.0,0.0,0.0,0.0,0.0,0.0,0.0,1.1273364941272962e-5,1.6335414883272836e-6,1.1287068730321819e-6,1.1287064296916983e-6,4.433404838964328e-13,3.5392492040041065e-6,5.0380081928830555e-6,2.9924220468640923e-6,2.3447793540014428e-5,2.344778433005075e-5,9.209969729703507e-12,0.0,0.0,0.0,0.0,8.861771305497143e-9,1.3142177013482758e-5,0.0,0.0,0.0,0.0,0.0,0.0,0.0,1.176564890764786e-5,1.6775739281431068e-6,1.1823504570173325e-6,1.1823499926063915e-6,4.644109434197501e-13,1.3624858021562929e-6,1.2649950082947394e-6,2.3217019389605228e-7,9.866737647756712e-7,9.866733772240907e-7,3.875518389886151e-13,0.0,0.0,0.0,0.0,2.5963600259302946e-10,1.2452312485340974e-5,0.0,0.0,0.0,0.0,0.0,0.0,0.0,1.115689342328486e-5,1.6184024166591129e-6,1.1162590749876715e-6,1.1162586365365087e-6,4.384511606005839e-13,2.002862104712351e-7,1.8082597454328182e-7,2.1616534900828835e-8,4.0982641100733206e-8,4.098262500675675e-8,1.6097415875548086e-14,0.0,0.0,0.0,0.0,1.676404150191547e-11,1.2558631149293741e-5,0.0,0.0,0.0,0.0,0.0,0.0,0.0,1.1241361393144066e-5,1.6290892368449784e-6,1.1266213828375604e-6,1.1266209403162218e-6,4.425213321271478e-13,6.501391728013645e-8,5.6388117139719285e-8,9.355563790249682e-9,4.474177269306219e-9,4.4741755129249425e-9,1.757395089058674e-15,0.0,0.0,0.0,0.0,1.5748378069809222e-12,1.2583084949598421e-5,0.0,0.0,0.0,0.0,0.0,0.0,0.0,1.1263238479918947e-5,1.631635508507102e-6,1.1278617724077018e-6,1.1278613293991707e-6,4.4300854003328254e-13
21120.0,0.0004211719599415552,0.00039014551611780447,9.88382388523658e-5,0.0002659365173129266,0.0002659364128567315,1.044561941529729e-10,0.0,0.0,0.0,0.0,8.657059221835983e-16,1.1531232538370538e-5,0.0,0.0,0.0,0.0,0.0,0.0,0.0,1.0344911260272859e-5,1.9799222658916827e-6,1.0313955386789097e-6,1.0313951335609734e-6,4.051179346309276e-13,2.399699419812582e-6,3.946391936543595e-6,2.840977707878247e-6,2.4261624196097926e-5,2.426161466646548e-5,9.529631180781798e-12,0.0,0.0,0.0,0.0,8.772958839363833e-9,1.2233533021551635e-5,0.0,0.0,0.0,0.0,0.0,0.0,0.0,1.0961325715666773e-5,2.0576467728307583e-6,1.1515885616322671e-6,1.151588109304167e-6,4.5232809541781297e-13,7.993171928619321e-7,7.345621021602262e-7,1.7297187457875063e-7,1.1152330859088829e-6,1.115232647864792e-6,4.3804816625065534e-13,0.0,0.0,0.0,0.0,2.579810627561145e-10,1.1481006150917734e-5,0.0,0.0,0.0,0.0,0.0,0.0,0.0,1.0321345389085222e-5,1.9659735049111863e-6,1.0204180413129108e-6,1.0204176405067845e-6,4.008061251518729e-13,1.386316949799661e-7,1.2484590262632162e-7,1.464043290289388e-8,4.7496488652451434e-8,4.749646999331236e-8,1.8655965304647672e-14,0.0,0.0,0.0,0.0,1.602421419878062e-11,1.1499347768353079e-5,0.0,0.0,0.0,0.0,0.0,0.0,0.0,1.0329998267373482e-5,1.9757787643237024e-6,1.028326753049968e-6,1.0283263491374084e-6,4.039125579842388e-13,2.8902266657228337e-8,2.5871013845183548e-8,3.0348801709559337e-9,3.829132678187568e-9,3.829131172361453e-9,1.5040304746287293e-15,0.0,0.0,0.0,0.0,1.4353738292134738e-12,1.1519965202136479e-5,0.0,0.0,0.0,0.0,0.0,0.0,0.0,1.0334835810391595e-5,1.978435240661669e-6,1.0301406505038529e-6,1.0301402458788207e-6,4.046250318728599e-13
21240.0,0.0004890232409378212,0.0004423225192459752,0.00011511240940418211,0.00028131799191101595,0.0002813178814131904,1.1049782511517119e-10,0.0,0.0,0.0,0.0,3.7497730129509664e-16,1.4079371016875277e-5,0.0,0.0,0.0,0.0,0.0,0.0,0.0,1.2672318388391283e-5,2.8469435656300754e-6,1.1559105435205069e-6,1.1559100894947904e-6,4.54025710261405e-13,5.3113410539581095e-6,6.566728399330378e-6,2.948132556048399e-6,2.3242543486622875e-5,2.324253435727284e-5,9.129350341121505e-12,0.0,0.0,0.0,0.0,8.668078346701403e-9,1.5226826876722595e-5,0.0,0.0,0.0,0.0,0.0,0.0,0.0,1.3668553034115261e-5,2.903597613209341e-6,1.3126101436980718e-6,1.3126096281229177e-6,5.155751508016852e-13,2.643195908657442e-6,2.3638888322661793e-6,4.1337419435659613e-7,1.1332708342883161e-6,1.1332703891572265e-6,4.4513314489734145e-13,0.0,0.0,0.0,0.0,2.550128127379988e-10,1.3857005663423092e-5,0.0,0.0,0.0,0.0,0.0,0.0,0.0,1.247222666882e-5,2.7795452499696934e-6,1.1382850514614077e-6,1.1382846043587466e-6,4.4710266020732126e-13,8.10011692603009e-7,7.090630994017584e-7,1.457754695043719e-7,1.6102473977591752e-7,1.6102467653000756e-7,6.324829568994497e-14,0.0,0.0,0.0,0.0,1.608749942795689e-11,1.3902911227639302e-5,0.0,0.0,0.0,0.0,0.0,0.0,0.0,1.2513544497924386e-5,2.7971718150383194e-6,1.1493201037429024e-6,1.1493196523058213e-6,4.5143707646293795e-13,5.649518325539539e-7,4.747135641296911e-7,1.2775035267901906e-7,1.1783660299925255e-7,1.1783655671243865e-7,4.628459154639131e-14,0.0,0.0,0.0,0.0,1.4765129118245414e-12,1.390567976267909e-5,0.0,0.0,0.0,0.0,0.0,0.0,0.0,1.2516034013016213e-5,2.800321250252969e-6,1.1507727651220327e-6,1.1507723131143697e-6,4.5200766180635147e-13
21360.0,0.000341290245689645,0.00031701276960553,9.40663257554715e-5,0.0002320430292960461,0.0002320429381527486,9.11432997803409e-11,0.0,0.0,0.0,0.0,1.847405328189183e-16,1.3272317787476116e-5,0.0,0.0,0.0,0.0,0.0,0.0,0.0,1.1936104316689593e-5,2.4640542906639517e-6,9.808778268371051e-7,9.808774415618247e-7,3.85275274549376e-13,4.50139300537571e-6,5.4782835459834184e-6,2.955721752748511e-6,2.2799050991081837e-5,2.2799042035930065e-5,8.955152608942516e-12,0.0,0.0,0.0,0.0,8.612491560206666e-9,1.538200192446876e-5,0.0,0.0,0.0,0.0,0.0,0.0,0.0,1.3834393765058781e-5,2.649007709163438e-6,1.1579879971461845e-6,1.15798754230447e-6,4.54841705377308e-13,2.3877870413014507e-6,2.1977503212300847e-6,3.1258539804463435e-7,1.0624386165073965e-6,1.0624381991988024e-6,4.173112272167967e-13,0.0,0.0,0.0,0.0,2.559187487493667e-10,1.3326546494526794e-5,0.0,0.0,0.0,0.0,0.0,0.0,0.0,1.1984899718620718e-5,2.465112729063414e-6,9.816705567040404e-7,9.816701711173869e-7,3.855866479016632e-13,3.5194592803945365e-7,3.1548365646709065e-7,3.6990505784513864e-8,5.070056825449409e-8,5.070054834183463e-8,1.9914483557435395e-14,0.0,0.0,0.0,0.0,1.649384248123243e-11,1.3270843675298487e-5,0.0,0.0,0.0,0.0,0.0,0.0,0.0,1.1934777652661674e-5,2.4639543043946677e-6,9.813779428649607e-7,9.813775573932438e-7,3.8547171322366096e-13,5.841290070260699e-8,5.255059927632664e-8,6.4178750738309864e-9,5.356367611620589e-9,5.356365505110571e-9,2.1039072808655275e-15,0.0,0.0,0.0,0.0,1.5524404836247488e-12,1.3269195810341609e-5,0.0,0.0,0.0,0.0,0.0,0.0,0.0,1.1933293456374376e-5,2.4642995337915097e-6,9.807415534167168e-7,9.807411681949622e-7,3.852217482303803e-13
21480.0,0.0006018561545474204,0.0005284924510823807,0.00013844329814107848,0.00029844890259020737,0.00029844878536359977,1.1722661042831248e-10,0.0,0.0,0.0,0.0,1.673894998349871e-16,1.3103942758766248e-5,0.0,0.0,0.0,0.0,0.0,0.0,0.0,1.1761730190863924e-5,2.086100885094003e-6,1.0684612031413863e-6,1.0684607834645692e-6,4.1967681613626685e-13,5.571405975331265e-6,6.296437374583598e-6,2.8766163916416846e-6,2.3039313576939782e-5,2.303930452741906e-5,9.04952443711365e-12,0.0,0.0,0.0,0.0,8.617478582212936e-9,1.4868220219241686e-5,0.0,0.0,0.0,0.0,0.0,0.0,0.0,1.331718294610065e-5,2.2928648381301164e-6,1.3428075682236838e-6,1.342807040787401e-6,5.274362824395634e-13,9.05749691871259e-6,7.495568038785653e-6,1.698120626376573e-6,4.243327878130067e-6,4.243326211409176e-6,1.6667206338234996e-12,0.0,0.0,0.0,0.0,2.5854348889828735e-10,1.3268517403363354e-5,0.0,0.0,0.0,0.0,0.0,0.0,0.0,1.1909465259388816e-5,2.160337503970335e-6,1.099334493895669e-6,1.0993340620922515e-6,4.318034187020035e-13,8.052053013087555e-6,6.55732758763384e-6,1.5529875449381194e-6,3.4104939931564863e-6,3.410492653561372e-6,1.3395949766745149e-12,0.0,0.0,0.0,0.0,1.6662902946830807e-11,1.3167428484162884e-5,0.0,0.0,0.0,0.0,0.0,0.0,0.0,1.1818756438263553e-5,2.148265673826379e-6,1.0708597790781783e-6,1.0708593584592445e-6,4.2061894366458085e-13,7.979078763751136e-6,6.492875948747848e-6,1.541798226733929e-6,3.3795403680504805e-6,3.3795390406149588e-6,1.3274368198849744e-12,0.0,0.0,0.0,0.0,1.5963712962457371e-12,1.3134524973184027e-5,0.0,0.0,0.0,0.0,0.0,0.0,0.0,1.1789221936726358e-5,2.144606013681479e-6,1.062132570842303e-6,1.0621321536512883e-6,4.171910167024907e-13
21600.0,0.000458493295116547,0.00042008359274178233,0.00010208777041350453,0.00020726739692470683,0.00020726731551293302,8.141177328148858e-11,0.0,0.0,0.0,0.0,2.0401690324995382e-16,1.7670907125860707e-5,0.0,0.0,0.0,0.0,0.0,0.0,0.0,1.5895028124364497e-5,3.663271988770002e-6,1.3632636407476844e-6,1.3632631052765444e-6,5.354711454390701e-13,2.559256971711339e-6,4.22724860035728e-6,2.8537176088867366e-6,2.3297709496577436e-5,2.3297700345559456e-5,9.151018788557193e-12,0.0,0.0,0.0,0.0,8.594485993267599e-9,1.9566740497717074e-5,0.0,0.0,0.0,0.0,0.0,0.0,0.0,1.7575040207439314e-5,3.8447233844016375e-6,1.5540259675257264e-6,1.5540253571257736e-6,6.10399954932171e-13,9.130757958847151e-7,8.393550791909769e-7,1.9560867345900027e-7,9.231507035024962e-7,9.231503409031555e-7,3.6260085712152917e-13,0.0,0.0,0.0,0.0,2.5942118583436377e-10,1.774673159323072e-5,0.0,0.0,0.0,0.0,0.0,0.0,0.0,1.596321678626934e-5,3.698858456071163e-6,1.375717070734179e-6,1.3757165303715026e-6,5.403626808840078e-13,3.264745500283252e-7,2.7602544488198063e-7,8.612841631756331e-8,1.3746710134682721e-7,1.3746704735249118e-7,5.3995180403194496e-14,0.0,0.0,0.0,0.0,1.6737726551626372e-11,1.7841619370105975e-5,0.0,0.0,0.0,0.0,0.0,0.0,0.0,1.6048553650764648e-5,3.7074534157082866e-6,1.372854689165384e-6,1.3728541499270073e-6,5.392383769038262e-13,2.9660417845021533e-7,2.442716784361109e-7,8.531108114341254e-8,1.1914948468737458e-7,1.191494378893418e-7,4.680027335672296e-14,0.0,0.0,0.0,0.0,1.6143729722064275e-12,1.7847196935920324e-5,0.0,0.0,0.0,0.0,0.0,0.0,0.0,1.605357000894122e-5,3.707879697572305e-6,1.3697060368470775e-6,1.3697054988454488e-6,5.380016297236926e-13
