t,signed,gross,max_abs_u3,int_rhoe
0.0,2.1059202992557147e-9,3.488170169374527e-9,0.0,-7.294100384667896e7
5.0,2.7956805807031024,2168.5372062629267,4.587392144444494,-7.294093083539504e7
10.0,3.574695091291707,2246.1215448718312,2.8781389349437783,-7.294086251308113e7
15.0,3.35418837253275,2254.7328244644173,1.721955675514054,-7.294079288556519e7
20.0,3.422915359079402,2257.7366420988246,0.9535864461121397,-7.294072322943287e7
25.0,3.3701815350166426,2258.508723226744,0.48047174506651213,-7.294065352092637e7
30.0,3.37980538250194,2258.8155740489306,0.1663896235572369,-7.294058361872452e7
35.0,3.358521340039138,2258.908903650893,0.031209831764493767,-7.294051360022977e7
40.0,3.347029168549137,2258.9135240369383,0.06822796369104064,-7.294044329150127e7
45.0,3.3377588932878943,2258.9045835112456,0.0732015405146614,-7.294037304480812e7
50.0,3.322513913148218,2258.8780676810034,0.06779208187778804,-7.294030264051098e7
55.0,3.3104983690278633,2258.855778754442,0.04203582528876401,-7.294023214650457e7
60.0,3.296638649869066,2258.8312696597254,0.03102383863778163,-7.294016153113985e7
65.0,3.283865763232257,2258.8055231223475,0.010041795272367163,-7.294009080643484e7
70.0,3.270681938338435,2258.7809181901684,0.009373105205780963,-7.294001997088903e7
75.0,3.257550768548989,2258.7547738046032,0.008187288498273845,-7.29399490265529e7
80.0,3.244562389984594,2258.7296030114594,0.00433689912513312,-7.293987797266586e7
85.0,3.2314283898311684,2258.703782339085,0.0094552552770893,-7.293980681188774e7
90.0,3.218472492284535,2258.6782688430103,0.004538411713475007,-7.293973554281399e7
95.0,3.2054384067208743,2258.6526509176933,0.007951560397135923,-7.293966416776048e7
100.0,3.1924932223994977,2258.6270201778243,0.005980820269812055,-7.293959268607797e7
105.0,3.1795472267800844,2258.601447500853,0.006871802589073199,-7.29395210991013e7
110.0,3.1666348137376783,2258.575809272384,0.0066517430816357345,-7.29394494070187e7
115.0,3.1537523141334085,2258.5502204898917,0.006533283738335427,-7.293937761050068e7
120.0,3.140890327205179,2258.524597389686,0.006766350488582519,-7.293930571013956e7
125.0,3.1280618487391396,2258.498990503638,0.006538135038409799,-7.293923370639157e7
130.0,3.11525576541447,2258.4733751255317,0.006708756654744271,-7.293916159991176e7
135.0,3.102480133330781,2258.447758899509,0.006601398377921242,-7.293908939116336e7
140.0,3.089730362760622,2258.422142993415,0.006654914284364589,-7.293901708074938e7
145.0,3.0770087762114757,2258.3965224750377,0.006635333267806043,-7.29389446691804e7
150.0,3.0643149062152735,2258.370902416981,0.006634268141769914,-7.293887215701032e7
155.0,3.0516486179547706,2258.3452785959444,0.00664222835706164,-7.293879954477459e7
160.0,3.0390105493589696,2258.3196536345395,0.006631591392946406,-7.293872683300468e7
165.0,3.0264002886450996,2258.2940259403863,0.006639200449162175,-7.293865402223834e7
170.0,3.0138183679456745,2258.2683959863402,0.006633016025880716,-7.293858111300053e7
175.0,3.0012646333396718,2258.242763624921,0.0066354563122770676,-7.293850810582197e7
180.0,2.9887393311730586,2258.217128554118,0.006633492789934662,-7.293843500122526e7
185.0,2.976242529838686,2258.191490908358,0.006633084645617445,-7.293836179973347e7
190.0,2.9637743148223032,2258.1658504078846,0.006632683868242789,-7.29382885018659e7
195.0,2.9513348278553715,2258.1402070717677,0.006631599606471021,-7.293821510813934e7
200.0,2.9389241349887163,2258.114560752827,0.006631309491532799,-7.293814161906852e7
205.0,2.9265423838413804,2258.0889113461917,0.006630351631787586,-7.293806803516501e7
210.0,2.914189665964492,2258.0632587879586,0.006629835214968845,-7.293799435693842e7
215.0,2.9018660748104943,2258.0376029630283,0.006629063239920852,-7.293792058489537e7
220.0,2.8895717249891497,2258.0119437837143,0.006628392811057878,-7.293784671954058e7
225.0,2.87730672471233,2257.986281133436,0.006627695588002418,-7.293777276139061e7
230.0,2.8650711474273667,2257.960614956754,0.006626972571921554,-7.29376987109451e7
235.0,2.85286512797007,2257.934945117923,0.006626277002402407,-7.293762456870122e7
240.0,2.8406887286916764,2257.909271574055,0.006625545149478594,-7.293755033515364e7
245.0,2.828542092525785,2257.883594198952,0.006624830106005079,-7.293747601079443e7
250.0,2.8164252686859323,2257.857912926844,0.006624095882740122,-7.293740159611318e7
255.0,2.804338392454646,2257.8322276553795,0.006623362729353728,-7.293732709159693e7
260.0,2.7922815347531382,2257.8065383158123,0.0066226219000734415,-7.29372524977302e7
265.0,2.7802547994192066,2257.7808448259557,0.006621875242952862,-7.293717781499495e7
270.0,2.76825830782196,2257.7551470600724,0.006621124333897357,-7.293710304387058e7
275.0,2.756292119912034,2257.729444963488,0.006620366588792099,-7.293702818483399e7
280.0,2.7443563223223366,2257.703738452844,0.006619604500421127,-7.293695323835947e7
285.0,2.7324510367792874,2257.6780274458847,0.006618836301539562,-7.293687820491874e7
290.0,2.720576328367431,2257.6523118971704,0.006618063148474119,-7.29368030849809e7
295.0,2.708732311898343,2257.6265916842517,0.00661728455860504,-7.293672787901257e7
300.0,2.6969190750723433,2257.600866735435,0.006616500769751074,-7.293665258747756e7
305.0,2.685136680666733,2257.5751369868512,0.006615711885659872,-7.293657721083713e7
310.0,2.673385238090843,2257.549402364379,0.0066149178836771745,-7.293650174954991e7
315.0,2.661664838828904,2257.5236627901763,0.006614118985987157,-7.293642620407172e7
320.0,2.6499755897737467,2257.497918182454,0.006613315211558789,-7.293635057485564e7
325.0,2.638317541740952,2257.4721685000354,0.0066125067435234925,-7.293627486235204e7
330.0,2.626690783791508,2257.446413659681,0.0066116937105355576,-7.293619906700845e7
335.0,2.6150954477663206,2257.420653581936,0.006610876288926605,-7.293612318926942e7
340.0,2.6035315878484893,2257.394888218622,0.006610055470093991,-7.293604722957659e7
345.0,2.5919992977380826,2257.3691174631217,0.006609227991280794,-7.293597118845382e7
350.0,2.5804986292358794,2257.3433412774602,0.006608386078328298,-7.293589506644316e7
355.0,2.5690296802404067,2257.317559614488,0.006607549867458951,-7.293581886397468e7
360.0,2.5575925772923025,2257.2917723958685,0.006606719669839036,-7.293574258147557e7
365.0,2.5461873987750168,2257.265979568683,0.0066058735684408855,-7.293566621936958e7
370.0,2.5348142340592945,2257.240181089582,0.006605036122067293,-7.293558977807635e7
375.0,2.523473142035939,2257.2143769426025,0.006604190281217881,-7.293551325801212e7
380.0,2.512164259041707,2257.188567049798,0.0066033462042928304,-7.2935436659589e7
385.0,2.5008876946566354,2257.16275135161,0.0066025024858530805,-7.29353599832143e7
390.0,2.4896235711388277,2257.1369069025855,0.006581476718852562,-7.293528322929773e7
395.0,2.4783489983133284,2257.111008093004,0.006569475910165859,-7.293520639823863e7
400.0,2.467089250108982,2257.085085028979,0.006569428002972976,-7.293512949058084e7
405.0,2.4558882765646235,2257.059188300808,0.006579007061654554,-7.29350525092209e7
410.0,2.4446172247857425,2257.033160258003,0.006536691188929257,-7.293497544394629e7
415.0,2.4334684759063085,2257.0072473611754,0.006613991972781211,-7.293489832901762e7
420.0,2.4220363831808682,2256.980928919071,0.006452212687997977,-7.293482108249997e7
425.0,2.41109566716732,2256.955203469868,0.006736122030906075,-7.293474383176407e7
430.0,2.399614702025637,2256.9287071169497,0.006355334625200763,-7.293466640553373e7
435.0,2.388800255120619,2256.9030658038723,0.006808268833864651,-7.293458895665656e7
440.0,2.377896175472047,2256.8771734362817,0.006462512837851597,-7.29345114201673e7
445.0,2.367292291123556,2256.8516585593584,0.006767991744666184,-7.293443385781014e7
450.0,2.355731651960868,2256.8248585766455,0.006274118816379113,-7.293435613902389e7
455.0,2.3442797737761354,2256.7983083339395,0.006601817695383592,-7.293427835018618e7
460.0,2.3336191665458443,2256.772595483728,0.006651963185322906,-7.293420049238335e7
465.0,2.323277155927375,2256.7471954341377,0.006702955552358168,-7.29341226091106e7
470.0,2.312526474781814,2256.721238376702,0.006494694475669845,-7.293404464531702e7
475.0,2.301646906427027,2256.6951238809893,0.006569631027223282,-7.293396660738127e7
480.0,2.290806892530651,2256.669001252952,0.006530032622350054,-7.293388848990896e7
485.0,2.2798248055819563,2256.642671732854,0.006501736387272397,-7.293381028661637e7
490.0,2.268542691517198,2256.615952329931,0.006428137456477388,-7.29337320154903e7
495.0,2.256146345597385,2256.5878405041544,0.006187855098097576,-7.293365373093891e7
500.0,2.2449093451878683,2256.5612624061605,0.006690534864056126,-7.29335753787957e7
505.0,2.2343966756031626,2256.5353860683085,0.006545364413223354,-7.293349696022081e7
510.0,2.2238066876878255,2256.5093941056703,0.006569046254835587,-7.293341847537349e7
515.0,2.2132691862338794,2256.483413841795,0.006561312081527167,-7.293333992468637e7
520.0,2.202758452976306,2256.4574206453212,0.006564350392353604,-7.29332613084939e7
525.0,2.192282794561331,2256.431423455256,0.006558060831849369,-7.293318262716106e7
530.0,2.181838834223186,2256.4054175540505,0.00656455410857243,-7.29331038810434e7
535.0,2.1714279843183997,2256.379404931943,0.006558088123955861,-7.29330250704937e7
540.0,2.1610496553794363,2256.3533848045226,0.006561958276847735,-7.293294619586554e7
545.0,2.1507041911771956,2256.327357274217,0.006558998872026056,-7.293286725750805e7
550.0,2.1403914894749,2256.3013224121546,0.006559760786576277,-7.293278825577053e7
555.0,2.1301116970182092,2256.2752799828254,0.006558998354643356,-7.293270919099922e7
560.0,2.1198647935523436,2256.2492301176253,0.006558459083299502,-7.293263006353918e7
565.0,2.1096508253706556,2256.2231726727605,0.00655829749047332,-7.293255087373354e7
570.0,2.099469851047919,2256.1971076427717,0.006557586192677459,-7.293247162192354e7
575.0,2.0893218893927923,2256.1710350041226,0.006557362100125671,-7.29323923084488e7
580.0,2.0792070233507403,2256.14495471643,0.006556786795185336,-7.293231293364705e7
585.0,2.069125281888804,2256.1188667176225,0.00655641613199039,-7.293223349785443e7
590.0,2.059076652172373,2256.092770983791,0.006555945682402986,-7.29321540014051e7
595.0,2.0490612101347545,2256.0666674877507,0.006555501102329513,-7.293207444463176e7
600.0,2.039079003517938,2256.0405561972207,0.006555062324845888,-7.293199482786511e7
605.0,2.0291300476546286,2256.0144370492108,0.006554599834666697,-7.293191515143438e7
610.0,2.0192143854009665,2255.9883100492507,0.006554157184822592,-7.293183541566685e7
615.0,2.0093320551561193,2255.9621751452983,0.006553695155033855,-7.293175562088828e7
620.0,1.9994830666584065,2255.9360322937832,0.006553238823213237,-7.293167576751779e7
625.0,1.9896674526273816,2255.9098814690774,0.006552763992633708,-7.293159585587725e7
630.0,1.9798852777552254,2255.8837226146766,0.006552317129549663,-7.293151588628657e7
635.0,1.9701365614174715,2255.8575557179347,0.00655184440313736,-7.29314358590639e7
640.0,1.9604213208133623,2255.8313807589234,0.006551382602266944,-7.293135577452576e7
645.0,1.9507395927076139,2255.8051977117934,0.006550913185320185,-7.293127563298702e7
650.0,1.9410914137368223,2255.7790065048,0.006550442138923967,-7.293119543476096e7
655.0,1.931476808813686,2255.7528071665092,0.00654997021516005,-7.293111518015915e7
660.0,1.921895822460372,2255.7265996109254,0.006549493996472556,-7.293103486949156e7
665.0,1.9123484610136074,2255.7003838306227,0.006549017196598868,-7.293095450306655e7
670.0,1.902834725105973,2255.6741598307863,0.006548536846193911,-7.29308740811909e7
675.0,1.8933547055927524,2255.647927540755,0.0065480548861947445,-7.293079360416973e7
680.0,1.8839083997235178,2255.621686946906,0.006547570257057099,-7.29307130723066e7
685.0,1.874495836576179,2255.5954380054272,0.006547083383455505,-7.29306324859035e7
690.0,1.8651170303739575,2255.5691807057347,0.006546594201912995,-7.293055184526078e7
695.0,1.8557720210040065,2255.542915032679,0.00654610260145823,-7.293047115067731e7
700.0,1.846460810137935,2255.516640945117,0.006545608730490105,-7.29303904024503e7
705.0,1.837183442256176,2255.4903584123917,0.006545112449128162,-7.293030960087545e7
710.0,1.827939935660379,2255.4640674216575,0.006544613855445008,-7.293022874624695e7
715.0,1.8187302605694649,2255.4377678811898,0.006544099490159469,-7.293014783928014e7
720.0,1.809554337056186,2255.4114596660966,0.006543506941923675,-7.293006688118577e7
725.0,1.8004122098415907,2255.385142814602,0.006542935367847337,-7.2929985872248e7
730.0,1.7913039201988123,2255.358817303623,0.006542529102279499,-7.29299048127495e7
735.0,1.7822294902401046,2255.3324831370587,0.006541954863597216,-7.292982370297138e7
740.0,1.773188940238611,2255.306140258256,0.006541486301168953,-7.292974254319333e7
745.0,1.764182282373306,2255.2797886453973,0.006540960783238249,-7.292966133369347e7
750.0,1.7552095431329064,2255.253428314738,0.006540451322934556,-7.292958007474856e7
755.0,1.7462707409366724,2255.227059185286,0.006539940439850385,-7.292949876663381e7
760.0,1.7373658982993254,2255.2006812556274,0.006539418127004889,-7.292941740962291e7
765.0,1.7284949861319123,2255.174294545937,0.006538903559799001,-7.292933600398825e7
770.0,1.719658072212237,2255.147898990439,0.0065383782502717895,-7.292925455000062e7
775.0,1.710855151469301,2255.1214947035255,0.006537856010573927,-7.292917304792947e7
780.0,1.7020862440704443,2255.095081537336,0.006537328247893206,-7.292909149804276e7
785.0,1.6933513729100604,2255.06865947425,0.006536799314675411,-7.292900990060708e7
790.0,1.6846505091962336,2255.042228539242,0.006536267713918212,-7.292892825588745e7
795.0,1.675983708225047,2255.0157886688276,0.006535733373984861,-7.292884656414777e7
800.0,1.6673509789227308,2254.9893398597223,0.006535197016519458,-7.292876482565017e7
805.0,1.658752544120989,2254.962882674896,0.006531510116983671,-7.292868304065588e7
810.0,1.650188496899179,2254.9364172739265,0.006531260744827387,-7.292860120942631e7
815.0,1.641658576986304,2254.909942593772,0.006531984177520102,-7.29285193322206e7
820.0,1.6331627782923968,2254.8834590161423,0.006529888172366939,-7.29284374092953e7
825.0,1.6247010723826403,2254.8569663495573,0.006530554713039236,-7.29283554409835e7
830.0,1.61627350577442,2254.8304646368115,0.006529241341677212,-7.292827342754565e7
835.0,1.6078800805772653,2254.8039538654266,0.006529076218772352,-7.292819136923479e7
840.0,1.5995207870696109,2254.777433980732,0.0065283689213286806,-7.292810926645158e7
845.0,1.5911956500689992,2254.7509049924724,0.006527779110891771,-7.292802711952753e7
850.0,1.582904653454766,2254.724366882388,0.0065272966970971085,-7.292794492870928e7
855.0,1.574647835044387,2254.697819645223,0.006526663217059378,-7.292786269424215e7
860.0,1.5664251822139925,2254.6712632541257,0.006526161259961547,-7.29277804163702e7
865.0,1.5582366980170894,2254.6446976978605,0.006525559540764233,-7.292769809533608e7
870.0,1.5500824069829446,2254.6181229748167,0.006525014493778611,-7.292761573138125e7
875.0,1.541962318855078,2254.5915390645187,0.006524438142852273,-7.292753332474582e7
880.0,1.5338764111032062,2254.5649459669403,0.006523868642418202,-7.292745087566863e7
885.0,1.5258246999475542,2254.5383436545853,0.0065232980306502986,-7.292736838438725e7
890.0,1.5178071926066923,2254.5117321125927,0.006522719576721166,-7.2927285851138e7
895.0,1.5098239152690411,2254.4851113269647,0.006522144663772211,-7.292720327615584e7
900.0,1.5018748265671886,2254.458481312509,0.00652156264310474,-7.292712065967466e7
905.0,1.4939599468842268,2254.4318420482973,0.006520981345805715,-7.292703800192691e7
910.0,1.4860792899200213,2254.4051935075336,0.006520395997657701,-7.292695530314387e7
915.0,1.478232845462251,2254.3785356938806,0.0065198089621629415,-7.292687256355557e7
920.0,1.4704206116292198,2254.351868595397,0.0065192194736182615,-7.292678978339088e7
925.0,1.4626426190757822,2254.32519217597,0.006518627449807423,-7.292670696287738e7
930.0,1.4548988322169203,2254.29850646773,0.006518033329358205,-7.292662410224137e7
935.0,1.4471892530569095,2254.271811452846,0.0065174366426576265,-7.292654120170806e7
940.0,1.4395138915612933,2254.24510710662,0.006516837777921103,-7.292645826150137e7
945.0,1.4318727474947786,2254.2183934185537,0.006516236485582511,-7.292637528184408e7
950.0,1.4242658223705766,2254.1916703900456,0.006515632918107275,-7.29262922629577e7
955.0,1.416693115235196,2254.1649380165913,0.006515027019613989,-7.292620920506261e7
960.0,1.4091546178533725,2254.138196278414,0.006514418801993473,-7.2926126108378e7
965.0,1.4016503241795513,2254.1114451697354,0.006513808296712394,-7.292604297312184e7
970.0,1.3941802574277973,2254.084684671345,0.006513195484917913,-7.292595979951097e7
975.0,1.38674438307156,2254.0579147882995,0.0065125803903508485,-7.292587658776107e7
980.0,1.379342728080317,2254.0311355189147,0.006511963011827387,-7.292579333808671e7
985.0,1.3719752534540994,2254.004346855078,0.00651134336029721,-7.292571005070114e7
990.0,1.3646419793830433,2253.9775487884226,0.006510721444100433,-7.292562672581665e7
995.0,1.3573429711231284,2253.9507415960275,0.006507503318647799,-7.292554336364457e7
1000.0,1.3500784618268888,2253.9239256992105,0.006506459700992731,-7.2925459964397e7
1005.0,1.3428481501385185,2253.8971001054833,0.006507626582712659,-7.292537652828388e7
1010.0,1.3356520451242524,2253.8702651824888,0.006505142952986285,-7.29252930555127e7
1015.0,1.328490081522081,2253.843420777031,0.006505855074489716,-7.292520954629055e7
1020.0,1.321362294582716,2253.816566911884,0.006504440397318616,-7.292512600082283e7
1025.0,1.3142686550182932,2253.7897036227023,0.006504155380879435,-7.292504241931431e7
1030.0,1.3072091964823906,2253.762830847638,0.006503430366580022,-7.292495880196837e7
1035.0,1.3001838808951753,2253.7359486267715,0.006502743412747252,-7.29248751489874e7
1040.0,1.2931927197386996,2253.7090569167885,0.006502191808414973,-7.292479146057269e7
1045.0,1.2862356976090192,2253.6821557463713,0.006501457939507259,-7.292470773692445e7
1050.0,1.279312950226994,2253.655244930507,0.006500989962775911,-7.292462397856785e7
1055.0,1.2724245394004643,2253.6283243477214,0.006500342671005563,-7.292454018592983e7
1060.0,1.2655704114984143,2253.601394082023,0.006499703318457058,-7.292445635920276e7
1065.0,1.2587505873440956,2253.5744540438327,0.006498990908182685,-7.292437249894358e7
1070.0,1.2519649784933946,2253.5475042926723,0.006498262556847766,-7.2924288605571e7
1075.0,1.2452136419291215,2253.520544818305,0.006497634914339999,-7.292420467926836e7
1080.0,1.23849655770524,2253.4935756315845,0.006496974154893107,-7.292412072021806e7
1085.0,1.2318136898318066,2253.4665967526744,0.006496316972418149,-7.292403672860153e7
1090.0,1.225165062576707,2253.4396081496666,0.0064956598379698974,-7.292395270459919e7
1095.0,1.2185506371651746,2253.4126098533334,0.00649499634090924,-7.292386864839064e7
1100.0,1.2119704053912619,2253.3856018413203,0.006494333307091502,-7.292378456015435e7
1105.0,1.2054243634208202,2253.3585841120057,0.006493664913006749,-7.292370044006793e7
1110.0,1.1989125031114365,2253.33155665425,0.006492996457990562,-7.292361628830811e7
1115.0,1.1924347846269374,2253.304519501888,0.006492324799820657,-7.292353210505058e7
1120.0,1.185991205654818,2253.2774726337657,0.006491651474039411,-7.292344789047013e7
1125.0,1.1795817618649715,2253.2504160453,0.006490976022948656,-7.292336364474072e7
1130.0,1.1732064355429506,2253.223349749659,0.0064902983603869245,-7.29232793680352e7
1135.0,1.1668651898337226,2253.1962737373137,0.0064896188199091995,-7.292319506052563e7
1140.0,1.1605580606360433,2253.1691879887344,0.006488937071917391,-7.292311072238313e7
1145.0,1.1542849732255909,2253.1420925393572,0.0064882511229552775,-7.292302635384856e7
1150.0,1.148045887101682,2253.1149873694726,0.006487549793949866,-7.292294195526491e7
1155.0,1.1418408256022734,2253.087872471752,0.006486848250478026,-7.292285752680025e7
1160.0,1.135669763831039,2253.060747843805,0.006486178308856856,-7.292277306862192e7
1165.0,1.1295327041011358,2253.033613459854,0.0064854740184467925,-7.29226885808963e7
1170.0,1.1234296029743593,2253.0064693722506,0.006484788589065956,-7.292260406378886e7
1175.0,1.117360450915963,2252.9793155576053,0.006484090812541258,-7.292251951746422e7
1180.0,1.1113252290941995,2252.9521520392973,0.006483394450914329,-7.292243494208616e7
1185.0,1.1053239295249853,2252.9249787769263,0.006482696470097673,-7.29223503378175e7
1190.0,1.0993565349143184,2252.8977957968796,0.006481994715164758,-7.292226570482025e7
1195.0,1.0934230132097014,2252.8706031097486,0.006481293034820971,-7.292218104325551e7
1200.0,1.0875233668087754,2252.84340068894,0.006480587815576444,-7.292209635328358e7
1205.0,1.081657573871468,2252.81618855102,0.006479881748516689,-7.292201163506387e7
1210.0,1.0758256010964242,2252.7889667074633,0.006479173197325123,-7.29219268887549e7
1215.0,1.070027443378296,2252.7617351566437,0.006478462997809059,-7.292184211451441e7
1220.0,1.064263100046312,2252.7344938923184,0.006477750883931264,-7.292175731249924e7
1225.0,1.058532528008155,2252.7072429248396,0.006477036854053083,-7.292167248286551e7
1230.0,1.052835688053027,2252.6799822583125,0.006476321056756981,-7.292158762576832e7
1235.0,1.0471725885847545,2252.6527119045227,0.006475603344556707,-7.292150274136208e7
1240.0,1.0415432277359016,2252.6254318156803,0.006474883864444714,-7.292141782980034e7
1245.0,1.0359475317423512,2252.5981420513594,0.006474144177348523,-7.292133289129746e7
1250.0,1.0303855421326213,2252.570842538928,0.0064733713195723715,-7.292124792615886e7
1255.0,1.0248572196174233,2252.5435333278633,0.0064726431013639295,-7.292116293453372e7
1260.0,1.0193625094003116,2252.5162143874654,0.006471921882219613,-7.292107791679019e7
1265.0,1.0139013924056768,2252.4888857353576,0.0064711549489403,-7.292099287312837e7
1270.0,1.0084738809898932,2252.461547358092,0.0064704564417972675,-7.292090780369516e7
1275.0,1.0030799337542955,2252.4341992519558,0.006469711644355937,-7.29208227086366e7
1280.0,0.9977195247916781,2252.406841378464,0.006468946096459525,-7.292073758835813e7
1285.0,0.992392592938214,2252.379473731295,0.006468140804049751,-7.292065244329531e7
1290.0,0.9870991737227601,2252.3520963631413,0.006467408699399556,-7.292056727358828e7
1295.0,0.9818392209152039,2252.3247092798533,0.006466692451154681,-7.292048207937628e7
1300.0,0.9766127012911218,2252.29731247609,0.0064659422106781396,-7.292039686079787e7
1305.0,0.9714196166185234,2252.2699059901042,0.006465215116020554,-7.292031161799091e7
1310.0,0.9662599396379589,2252.2424897731194,0.006464471405740753,-7.292022635109247e7
1315.0,0.9611336361564649,2252.215063861512,0.006463732945050582,-7.29201410602389e7
1320.0,0.9560407016907814,2252.187628265405,0.006462990715729341,-7.29200557455658e7
1325.0,0.9509811134377746,2252.1601829708557,0.006462246257913405,-7.291997040720813e7
1330.0,0.9459548109756715,2252.132727992449,0.006461501559524728,-7.29198850453e7
1335.0,0.9409618364927513,2252.10526332656,0.006460753661488358,-7.291979965997493e7
1340.0,0.936002121025268,2252.0777889830324,0.006460005267646664,-7.291971425136565e7
1345.0,0.9310757294670462,2252.0503048713276,0.006459316361743745,-7.291962881978205e7
1350.0,0.9261831687462966,2252.0228104530484,0.00645895355782879,-7.291954336652985e7
1355.0,0.9213242794564592,2251.995305762089,0.006458076602725367,-7.291945789172867e7
1360.0,0.9164990037218497,2251.967791017489,0.0064573781805997744,-7.291937239549716e7
1365.0,0.9117073519350815,2251.940266180662,0.006456597340210888,-7.291928687795334e7
1370.0,0.9069492785108644,2251.9127312413493,0.006455854446384196,-7.291920133921465e7
1375.0,0.9022247623079613,2251.8851862452493,0.0064550920136762216,-7.29191157793979e7
1380.0,0.8975337584457538,2251.857631204318,0.006454330909748817,-7.291903019861935e7
1385.0,0.8928762417946388,2251.8300661082153,0.006453565478567737,-7.29189445969948e7
1390.0,0.8882521813779553,2251.8024909977407,0.006452802860662191,-7.291885897463919e7
1395.0,0.8836615774607838,2251.774905840433,0.006452038864394103,-7.291877333166692e7
1400.0,0.8791043584762125,2251.7473106752973,0.006451272286346695,-7.291868766819169e7
1405.0,0.87458051202053,2251.7197055251077,0.0064505047272646375,-7.29186019843267e7
1410.0,0.8700900260994687,2251.6920903634773,0.006449735057002171,-7.291851628018445e7
1415.0,0.8656328375365383,2251.664465211383,0.00644896392964397,-7.291843055587691e7
1420.0,0.8612089450294294,2251.6368300984996,0.00644819109153851,-7.29183448115155e7
1425.0,0.8568182857375799,2251.6091850414705,0.0064474165949929985,-7.291825904721095e7
1430.0,0.8524608566385423,2251.5815300189406,0.006446640522607113,-7.291817326307347e7
1435.0,0.8481366000049828,2251.5538650688104,0.00644586278407397,-7.291808745921266e7
1440.0,0.8438455221721082,2251.5261902085736,0.0064450852037833085,-7.29180016357307e7
1445.0,0.8395875657052649,2251.4985054360036,0.00644430825423105,-7.291791579272461e7
1450.0,0.835362695639491,2251.470810775149,0.006443526330126669,-7.291782993030213e7
1455.0,0.8311708798014372,2251.443106225624,0.006442740990836637,-7.29177440485702e7
1460.0,0.8270121136602604,2251.415391796508,0.006441956395123684,-7.291765814763536e7
1465.0,0.8228863530098658,2251.3876675005376,0.006441168689570369,-7.291757222760352e7
1470.0,0.8187935586154862,2251.359933372582,0.006440380287786908,-7.291748628858006e7
1475.0,0.8147336973157147,2251.3321893899583,0.006439590058619771,-7.291740033066978e7
1480.0,0.8107067433377549,2251.304435594451,0.006438798353857522,-7.29173143539769e7
1485.0,0.8067126489744604,2251.2766719922897,0.006438005261160332,-7.291722835860512e7
1490.0,0.8027498421874748,2251.2488966395904,0.0064372114199562225,-7.291714234465759e7
1495.0,0.7988166345995171,2251.221108303977,0.0064364168332437565,-7.291705631223686e7
1500.0,0.79491305972317,2251.1933068639005,0.006435472547880154,-7.291697026194406e7
1505.0,0.7910390483150032,2251.1654924084296,0.006434646384039671,-7.291688419396959e7
1510.0,0.787194627881785,2251.137664904783,0.006433976490072498,-7.291679810859048e7
1515.0,0.7833797903769438,2251.1098244028426,0.006433129902389764,-7.291671200589995e7
1520.0,0.7795945054348656,2251.0819708887752,0.006432357297134621,-7.291662588599071e7
1525.0,0.7758387274905694,2251.054104407417,0.006431547016695529,-7.291653974895485e7
1530.0,0.772112456403713,2251.0262249630914,0.0064307493613071694,-7.291645359488417e7
1535.0,0.768415655528505,2250.998332580076,0.00642994815086717,-7.291636742386992e7
1540.0,0.7647483032040625,2250.9704272529275,0.0064291421915154585,-7.291628123600292e7
1545.0,0.7611103251309135,2250.942509037757,0.00642833945345613,-7.291619503137341e7
1550.0,0.7575017278339999,2250.9145779194905,0.006427538261777543,-7.29161088100604e7
1555.0,0.7539224477269411,2250.8866339437036,0.006426750908018265,-7.291602257212587e7
1560.0,0.7503724982113922,2250.8586771070018,0.00642594303005306,-7.291593631765832e7
1565.0,0.7468518316384373,2250.830707437751,0.006425128602164254,-7.291585004674576e7
1570.0,0.7433604032310512,2250.8027249412585,0.006424319579228729,-7.291576375947578e7
1575.0,0.7398982111832335,2250.7747296515236,0.006423504581926919,-7.291567745593542e7
1580.0,0.7364651941530056,2250.7467215696815,0.006422690651432117,-7.291559113621141e7
1585.0,0.7330613230197223,2250.7187007179405,0.0064218744345412105,-7.291550480038992e7
1590.0,0.7296865921566456,2250.6906670922867,0.006421056987994387,-7.29154184485567e7
1595.0,0.7263409689481461,2250.662620729337,0.006420238483853943,-7.291533208079702e7
1600.0,0.7230244264212791,2250.634561628053,0.006419418317364864,-7.291524569719575e7
1605.0,0.7197369000601284,2250.6064898420354,0.006418597160932217,-7.291515929783727e7
1610.0,0.7164783610311768,2250.5784053584616,0.006417774502561099,-7.291507288280562e7
1615.0,0.7132488042929973,2250.5503082123896,0.006416950702136097,-7.291498645218423e7
1620.0,0.7100482152759731,2250.522198379096,0.006416125581217423,-7.291490000605622e7
1625.0,0.7068765281088987,2250.4940759148144,0.006415299233776563,-7.291481354450427e7
1630.0,0.7037337380754468,2250.4659409481324,0.006414471656017461,-7.29147270676106e7
1635.0,0.700619785224191,2250.437793535908,0.006413642738421,-7.291464057545696e7
1640.0,0.6975346816920509,2250.40963351303,0.006412812954297729,-7.291455406812474e7
1645.0,0.6944783498627038,2250.3814609205506,0.006411981660544149,-7.291446754569487e7
1650.0,0.691450788290173,2250.3532757699204,0.006411149357309766,-7.291438100824787e7
1655.0,0.6884519518600389,2250.325078083519,0.006410315811474702,-7.29142944558638e7
1660.0,0.6854818421728326,2250.296867869749,0.006409481114894362,-7.291420788862236e7
1665.0,0.6825403925976757,2250.2686451328477,0.006408645291323068,-7.291412130660279e7
1670.0,0.6796275906684044,2250.2404099071127,0.0064078083071391016,-7.291403470988396e7
1675.0,0.6767433995145248,2250.2121621970336,0.006406970224813954,-7.291394809854425e7
1680.0,0.6738877754463126,2250.1839020413904,0.00640613101464025,-7.291386147266172e7
1685.0,0.6710606996216985,2250.1556294404704,0.00640529071838739,-7.291377483231393e7
1690.0,0.6682621278000481,2250.1273444190538,0.006404449332148568,-7.291368817757815e7
1695.0,0.6654920737531653,2250.099046965547,0.006403606873732121,-7.291360150853111e7
1700.0,0.6627504579482096,2250.0707371107387,0.00640276335597896,-7.291351482524925e7
1705.0,0.6600372979400669,2250.042414868357,0.00640191878820773,-7.291342812780857e7
1710.0,0.6573525219745934,2250.0140802823275,0.006401073185093994,-7.291334141628465e7
1715.0,0.654696110381947,2249.985733342851,0.006400226556969482,-7.291325469075269e7
1720.0,0.6520680211147596,2249.957374073968,0.00639937891815487,-7.291316795128757e7
1725.0,0.6494682538700509,2249.9290024776187,0.006398530280473757,-7.291308119796363e7
1730.0,0.6468967327889728,2249.900618599647,0.006397680649731776,-7.291299443085495e7
1735.0,0.6443534750890139,2249.872222416472,0.00639682726892724,-7.291290765005328e7
1740.0,0.6418384172203706,2249.8438139734512,0.006395971054237793,-7.291282085565026e7
1745.0,0.6393515179627244,2249.8153932694217,0.00639511903279382,-7.291273404771833e7
1750.0,0.6368927860831329,2249.786960323632,0.006394266648649661,-7.291264722632936e7
1755.0,0.6344621840967148,2249.7585151513717,0.0063934117250818295,-7.291256039155498e7
1760.0,0.6320596560333418,2249.730057778236,0.006392557168647404,-7.29124735434664e7
1765.0,0.6296851962435213,2249.7015882075098,0.006391700917199134,-7.29123866821345e7
1770.0,0.6273387429714602,2249.673106432373,0.006390844139334519,-7.291229980762966e7
1775.0,0.6250202167992134,2249.644612473306,0.0063899863698384666,-7.291221292002204e7
1780.0,0.6227296129246768,2249.61610631929,0.006389127692133449,-7.291212601938142e7
1785.0,0.6204669001734324,2249.587587995128,0.006388268228340697,-7.291203910577711e7
1790.0,0.6182320452198984,2249.5590575163233,0.006387407833145306,-7.291195217927817e7
1795.0,0.6160250065974472,2249.5305149130627,0.006386546659759271,-7.291186523995326e7
1800.0,0.6138459154802436,2249.5019599437605,0.006385611889168628,-7.291177828864941e7
1805.0,0.6116947222203866,2249.4733927906677,0.0063844696551758765,-7.29116913254797e7
1810.0,0.6095713999092421,2249.4448133615515,0.006384013556471742,-7.29116043505064e7
1815.0,0.6074759390319819,2249.4162217161283,0.006382798522959002,-7.291151736379093e7
1820.0,0.6054083055137769,2249.3876178369965,0.006382169521001125,-7.291143036539465e7
1825.0,0.6033687439104534,2249.3590014706874,0.006381393529209416,-7.291134335600458e7
1830.0,0.6013573484106167,2249.3303724477064,0.006380610874080725,-7.291125633597642e7
1835.0,0.599373952748225,2249.301730951599,0.006379738488841625,-7.291116930536391e7
1840.0,0.5974185548822122,2249.2730770053254,0.006378858703331757,-7.291108226422055e7
1845.0,0.5954911479557359,2249.244410634478,0.006378012278379388,-7.291099521259943e7
1850.0,0.5935916610746614,2249.2157318501054,0.006377127128104611,-7.291090815062091e7
1855.0,0.5917200925795647,2249.1870406615094,0.006376260797459974,-7.291082107833861e7
1860.0,0.5898763425543132,2249.158337110213,0.006375395909449837,-7.291073399580488e7
1865.0,0.5880604086430274,2249.1296212211287,0.006374522573247141,-7.291064690307178e7
1870.0,0.5862722654242205,2249.1008930071284,0.006373654709632714,-7.291055980019104e7
1875.0,0.5845118297331986,2249.072152520271,0.006372781544827825,-7.291047268721421e7
1880.0,0.5827791085639253,2249.043399620776,0.006371764866377122,-7.291038556467512e7
1885.0,0.5810740814549685,2249.014634408778,0.006370855549377247,-7.291029843263757e7
1890.0,0.5793967184124014,2248.985856925728,0.0063700293776644676,-7.291021129114902e7
1895.0,0.5777469752309377,2248.957067330795,0.00636913172372174,-7.29101241402591e7
1900.0,0.5761225063453584,2248.9282687411555,0.006365485998320151,-7.291003698004408e7
1905.0,0.5745257731027678,2248.899459326836,0.006365878587956908,-7.290994981055272e7
1910.0,0.5729567624964277,2248.870637547427,0.006364026481568186,-7.290986263183202e7
1915.0,0.5714153631648002,2248.8418034200645,0.0063638233342283275,-7.290977544392842e7
1920.0,0.5699015876564131,2248.8129569536645,0.006362599522062718,-7.29096882468882e7
1925.0,0.5684153648727559,2248.7840981842205,0.0063618779729316685,-7.29096010407574e7
1930.0,0.5669567058715772,2248.7552271023105,0.006360986800235735,-7.290951382558176e7
1935.0,0.5655255462186759,2248.7263437461734,0.006360086241270831,-7.29094266014068e7
1940.0,0.5641217905308443,2248.697447951808,0.006359123169416516,-7.290933936918654e7
1945.0,0.5627454036306575,2248.6685398829927,0.006358092340538932,-7.290925212913741e7
1950.0,0.5613963951521714,2248.6396195673833,0.006357349928647148,-7.290916488129856e7
1955.0,0.5600747366257458,2248.6106870043445,0.006356413190024392,-7.290907762570894e7
1960.0,0.5587803729266138,2248.5817422080745,0.00635557717175336,-7.290899036240724e7
1965.0,0.5575132475988605,2248.5527852523105,0.006354700656392171,-7.290890309143192e7
1970.0,0.5562733848237611,2248.5238160972262,0.006353827547332963,-7.290881581282118e7
1975.0,0.5550606620592803,2248.494834827347,0.006352964776518625,-7.290872852661318e7
1980.0,0.5538751096484782,2248.46584143616,0.00635208585134587,-7.290864123284554e7
1985.0,0.5527166939782033,2248.43683588288,0.006351202709649559,-7.290855393166143e7
1990.0,0.5515853301979623,2248.4078182516323,0.006350314070011457,-7.290846662310503e7
1995.0,0.5504809919329602,2248.378788562241,0.006349454443659802,-7.290837930721329e7
2000.0,0.5494036714411571,2248.3497468246314,0.006348571400027075,-7.290829198402292e7
2005.0,0.5483533278148018,2248.320693049153,0.0063476995912131896,-7.290820465357037e7
2010.0,0.5473299282673203,2248.2916272667726,0.0063468221588720035,-7.290811731589194e7
2015.0,0.5463334206324765,2248.262549518196,0.006345944242789086,-7.290802997102365e7
2020.0,0.5453637719410461,2248.2334597954673,0.006345066853751839,-7.290794261900136e7
2025.0,0.5444209217167453,2248.204358144146,0.006344186674446272,-7.290785525986059e7
2030.0,0.5435048891221907,2248.1752445514367,0.006343307215844197,-7.290776789363684e7
2035.0,0.5426155963465649,2248.146119052402,0.006342425742450863,-7.290768052036516e7
2040.0,0.5417530424590178,2248.1169816403353,0.006341584236884028,-7.290759314016393e7
2045.0,0.5409172141974123,2248.087832336138,0.006340762217921465,-7.290750575321889e7
2050.0,0.5401080626509938,2248.0586711419705,0.006339863166818616,-7.29074183595634e7
2055.0,0.5393255578332257,2248.0294980870945,0.006338987716546499,-7.290733095923059e7
2060.0,0.5385696819891659,2248.000313153066,0.006338097961214794,-7.290724355225343e7
2065.0,0.537840375982684,2247.971116438493,0.006337215106273144,-7.290715613866453e7
2070.0,0.5371376197501643,2247.9419079181475,0.006336327432293463,-7.290706871849652e7
2075.0,0.5364615189698141,2247.912687894894,0.006333634253740332,-7.290698129178663e7
2080.0,0.5358119439734195,2247.883456282488,0.006333640078426129,-7.290689385857369e7
2085.0,0.5351888513402815,2247.8542128287654,0.006332708090256253,-7.290680641888951e7
2090.0,0.5345921617188993,2247.824957701662,0.0063315481063668565,-7.29067189727659e7
2095.0,0.5340218557425245,2247.795690827411,0.006330972526928041,-7.290663152023461e7
2100.0,0.5334778846268118,2247.766412281355,0.0063298420960929734,-7.290654406132708e7
2105.0,0.5329602303698817,2247.737122070945,0.006329108233848414,-7.29064565960747e7
2110.0,0.5324688516161826,2247.707820210798,0.006328138496236737,-7.290636912450843e7
2115.0,0.5320036863358807,2247.678506738934,0.006327278594093078,-7.290628164665923e7
2120.0,0.5315647302517521,2247.649181635982,0.006326385988629888,-7.290619416255781e7
2125.0,0.5311519635752677,2247.619844950289,0.006325483568254338,-7.290610667223468e7
2130.0,0.5307653040445611,2247.590496718643,0.006324604552622269,-7.290601917572019e7
2135.0,0.5304047396588558,2247.561136932852,0.006323699806501415,-7.290593167304438e7
2140.0,0.5300702132495501,2247.531765654089,0.006322813613646132,-7.290584416423728e7
2145.0,0.5297617148117193,2247.5023828448807,0.00632191423766205,-7.290575664932857e7
2150.0,0.529479211569519,2247.4729885754764,0.006321020601373359,-7.290566912834783e7
2155.0,0.5292226695467983,2247.443582826372,0.006320123710792524,-7.290558160132444e7
2160.0,0.5289920243889902,2247.4141656335482,0.006319226233367997,-7.290549406828752e7
2165.0,0.5287872764245302,2247.384737011589,0.006318328832787537,-7.290540652926618e7
2170.0,0.528608373568565,2247.3552969891184,0.00631742960465756,-7.29053189842891e7
2175.0,0.5284552536213486,2247.325845607415,0.00631653054983472,-7.290523143338495e7
2180.0,0.5283279252670253,2247.2963828774396,0.006315630109004303,-7.290514387658219e7
2185.0,0.528226338000632,2247.2669087876707,0.006314729300976666,-7.29050563139091e7
2190.0,0.5281504511627608,2247.237423392773,0.006313827595818042,-7.290496874539371e7
2195.0,0.5281002650183604,2247.2079266868427,0.006312925205716383,-7.29048811710639e7
2200.0,0.5280756970442653,2247.178418681464,0.006312022118248892,-7.290479359094743e7
2205.0,0.5280767174271963,2247.1488994455567,0.0063111182741766745,-7.290470600507176e7
2210.0,0.5281032994257128,2247.119368976214,0.0063102137610049625,-7.290461841346437e7
2215.0,0.5281554308745247,2247.089827257588,0.006309308518439812,-7.29045308161523e7
2220.0,0.5282330396042343,2247.0602743422014,0.006308402594302416,-7.290444321316259e7
2225.0,0.528336121811128,2247.03071024423,0.006307495968980636,-7.290435560452212e7
2230.0,0.5284646278248423,2247.0011349927872,0.006306588666020571,-7.290426799025747e7
2235.0,0.5286185199399069,2246.971548604295,0.006305680679135399,-7.290418037039515e7
2240.0,0.5287977729362139,2246.941951087424,0.006304772018032389,-7.290409274496147e7
2245.0,0.5290023591719996,2246.9123424752697,0.006303862690659695,-7.290400511398253e7
2250.0,0.529232230687127,2246.882722793785,0.006302952695660721,-7.290391747748427e7
2255.0,0.5294873438491341,2246.853092036943,0.006302042046240583,-7.290382983549254e7
2260.0,0.5297676891471506,2246.823450228078,0.006301130745160258,-7.290374218803285e7
2265.0,0.530073224789129,2246.793797385155,0.006300218792294265,-7.290365453513074e7
2270.0,0.5304039149698117,2246.7641335538,0.006299306203380869,-7.290356687681141e7
2275.0,0.5307597301185074,2246.734458713199,0.006298392977387766,-7.290347921310002e7
2280.0,0.5311406097734579,2246.7047729263595,0.006297479116725821,-7.290339154402147e7
2285.0,0.5315465648202349,2246.675076176576,0.006296582898086009,-7.290330386965103e7
2290.0,0.5319775923718784,2246.6453684309004,0.006295681359264315,-7.29032161900663e7
2295.0,0.5324336363319034,2246.6156497578,0.006294762365547008,-7.290312850529084e7
2300.0,0.5329146521319393,2246.585920155275,0.006293847939067537,-7.290304081534807e7
2305.0,0.5334206090256317,2246.5561796426123,0.006292930678950587,-7.290295312026118e7
2310.0,0.5339515043205243,2246.5264282221433,0.00629198076504778,-7.290286542005327e7
2315.0,0.5345072703905382,2246.4966659613087,0.006291020837795385,-7.290277771474735e7
2320.0,0.5350878807642281,2246.466892850384,0.006290070896644536,-7.290269000436607e7
2325.0,0.5356933149229467,2246.4371089398996,0.006289114824750909,-7.290260228893213e7
2330.0,0.5363234964790038,2246.407314220207,0.006288173931189864,-7.290251456846763e7
2335.0,0.5369784336580474,2246.3775087161857,0.006287193292274489,-7.29024268429947e7
2340.0,0.537658090977682,2246.3476924413058,0.006286250905334608,-7.290233911253545e7
2345.0,0.538362413447546,2246.3178654130897,0.006285297686319709,-7.290225137711191e7
2350.0,0.5390913855542026,2246.288027670879,0.006284342095564374,-7.290216363674594e7
2355.0,0.5398449464495015,2246.2581792176784,0.0062833934076413816,-7.290207589145912e7
2360.0,0.5406230842034001,2246.2283200896068,0.006282438648050666,-7.29019881412731e7
2365.0,0.5414257549745767,2246.198450306137,0.0062814887308982196,-7.290190038620917e7
2370.0,0.5422529351035338,2246.168569875643,0.006280536289971761,-7.290181262628862e7
2375.0,0.5431045796002691,2246.1386788222,0.006279585426097218,-7.290172486153251e7
2380.0,0.5439806876515272,2246.1087771411635,0.0062786343746477884,-7.290163709196171e7
2385.0,0.5448811911499243,2246.078864872083,0.006277683480601694,-7.29015493175971e7
2390.0,0.545806070018548,2246.0489420410377,0.0062767330718604426,-7.290146153845926e7
2395.0,0.5467552559621405,2246.019008667028,0.006275782594427401,-7.290137375456871e7
2400.0,0.547728773639506,2245.9890647499524,0.006274832556810363,-7.290128596594575e7
2405.0,0.548726547097012,2245.9591103177418,0.006273882574341524,-7.29011981726106e7
2410.0,0.5497485703974435,2245.9291453859764,0.006272932879165412,-7.290111037458335e7
2415.0,0.5507948030731029,2245.899170008399,0.006271983345308657,-7.290102257188383e7
2420.0,0.5518651941773814,2245.869184173205,0.006271034013321017,-7.290093476453185e7
2425.0,0.5529597323066258,2245.8391878888847,0.0062700848757084844,-7.290084695254703e7
2430.0,0.554078360274924,2245.809181198801,0.006269135912944801,-7.290075913594884e7
2435.0,0.5552210519877413,2245.779164105582,0.006268187139060294,-7.290067131475663e7
2440.0,0.5563878042080441,2245.7491366215627,0.0062672385337537,-7.290058348898953e7
2445.0,0.5575785190514373,2245.7190987836875,0.006266290107141807,-7.290049565866674e7
2450.0,0.5587932566130522,2245.6890505826154,0.006265341843258703,-7.290040782380708e7
2455.0,0.5600319252843377,2245.658992062658,0.006264393746221161,-7.290031998442936e7
2460.0,0.5612944960920022,2245.6289232245945,0.006263445807253334,-7.290023214055215e7
2465.0,0.5625809161922519,2245.5988441298196,0.006262498027232718,-7.290014429219404e7
2470.0,0.5638912184760216,2245.568754741803,0.006261550399761522,-7.290005643937337e7
2475.0,0.5652253245233224,2245.538655116227,0.0062606029190044234,-7.289996858210836e7
2480.0,0.5665832137705773,2245.508545228546,0.00625965558441354,-7.289988072041711e7
2485.0,0.5679648152888926,2245.478425150234,0.006258708393151533,-7.289979285431759e7
2490.0,0.5693701418403931,2245.448294876531,0.006257761337109058,-7.28997049838276e7
2495.0,0.570799140054629,2245.41815443607,0.006256814420499347,-7.289961710896488e7
2500.0,0.5722518051583859,2245.3880038205284,0.006255867632702849,-7.289952922974692e7
2505.0,0.5737280868307872,2245.3578430487573,0.0062549209738227245,-7.289944134619124e7
2510.0,0.5752279290627972,2245.327672159304,0.006253974439147596,-7.289935345831504e7
2515.0,0.5767513148076705,2245.2974911963192,0.006253028029137183,-7.289926556613554e7
2520.0,0.5782982365621812,2245.267300145294,0.006252081737798495,-7.289917766966975e7
2525.0,0.5798686346037794,2245.237098994831,0.006251135562330481,-7.289908976893458e7
2530.0,0.581462483595172,2245.2068878144664,0.006250189498850148,-7.28990018639468e7
2535.0,0.5830797790200003,2245.1766665972596,0.006249243547485003,-7.289891395472306e7
2540.0,0.5847204510544364,2245.1464353566435,0.006248297701682698,-7.289882604127987e7
2545.0,0.5863844653715098,2245.116194125855,0.006247351961311009,-7.289873812363362e7
2550.0,0.5880718142668129,2245.085942912779,0.00624640632315964,-7.289865020180058e7
2555.0,0.5897824493166521,2245.0556817511074,0.00624546078297676,-7.289856227579686e7
2560.0,0.5915163682085349,2245.0254106255074,0.006244515342599988,-7.28984743456385e7
2565.0,0.59327351855489,2244.9951295785445,0.006243569994319175,-7.289838641134137e7
2570.0,0.595053849966505,2244.9648386255,0.00624262474095717,-7.289829847292125e7
2575.0,0.5968573712943057,2244.93453777917,0.006241679569122898,-7.289821053039375e7
2580.0,0.5986840083869194,2244.904227073507,0.0062407344954121076,-7.289812258377436e7
2585.0,0.6005337454148556,2244.8739065079694,0.006239789497886159,-7.289803463307852e7
2590.0,0.6024065892314746,2244.8435760998937,0.006238844583992069,-7.289794667832147e7
2595.0,0.6043024687917045,2244.8132358755806,0.00623789975379449,-7.289785871951838e7
2600.0,0.6062213497990273,2244.782885852956,0.006236954996324402,-7.289777075668423e7
2605.0,0.6081632195412134,2244.7525260500047,0.006236010317069937,-7.289768278983398e7
2610.0,0.610128045915777,2244.722156471001,0.006235065713208233,-7.289759481898233e7
2615.0,0.6121157998305893,2244.691777124845,0.00623412117921425,-7.289750684414403e7
2620.0,0.6141264044297585,2244.6613880654745,0.006233176716131142,-7.289741886533356e7
2625.0,0.6161598995935809,2244.630989283385,0.006232232318275658,-7.289733088256541e7
2630.0,0.6182162116420952,2244.6005808118753,0.006231287988862427,-7.28972428958538e7
2635.0,0.6202952926129737,2244.5701626707137,0.006230343719131522,-7.289715490521303e7
2640.0,0.6223971726626886,2244.5397348413844,0.00622939951742375,-7.289706691065708e7
2645.0,0.6245217844867157,2244.5092973779156,0.006228455371724432,-7.289697891219994e7
2650.0,0.6266691054457628,2244.4788502769325,0.006227511284766604,-7.289689090985546e7
2655.0,0.6288390745737853,2244.4483935733897,0.006226567255173734,-7.289680290363735e7
2660.0,0.6310317057092414,2244.4179272714587,0.006225623279085445,-7.289671489355923e7
2665.0,0.6332469527387066,2244.387451391786,0.00622467935806218,-7.28966268796346e7
2670.0,0.6354847730515316,2244.3569659577,0.006223735487566512,-7.289653886187688e7
2675.0,0.6377451605373206,2244.3264709771315,0.006222791669381823,-7.289645084029926e7
2680.0,0.6400281149715468,2244.295966579816,0.006219220556552437,-7.289636281491938e7
2685.0,0.6423339959647656,2244.2654537390995,0.006215215342570056,-7.289627478579822e7
2690.0,0.6446623462108175,2244.2349310174454,0.006217979659383155,-7.289618675295942e7
2695.0,0.6470131983106484,2244.204398833184,0.006214012653403785,-7.289609871641536e7
2700.0,0.6493864397528828,2244.1738572140557,0.006214977278368111,-7.289601067618018e7
2705.0,0.6517821338680875,2244.1433060327067,0.006213133937484775,-7.289592263226673e7
2710.0,0.654200212537552,2244.1127454249195,0.0062124743940141615,-7.289583458468875e7
2715.0,0.6566406504747766,2244.0821752964735,0.00621157395730785,-7.289574653357792e7
2720.0,0.6591034084718586,2244.051595762247,0.006210443896891453,-7.289565847894676e7
2725.0,0.6615884938339327,2244.021006774007,0.006209725898259251,-7.289557042080757e7
2730.0,0.664095818356718,2243.990408412501,0.006208632972178362,-7.289548235917255e7
2735.0,0.6666254156871647,2243.9598006288,0.006207807691651428,-7.289539429405385e7
2740.0,0.6691772093672863,2243.929183458802,0.0062068240576080265,-7.289530622546344e7
2745.0,0.6717511885569483,2243.89855694354,0.006205915070076124,-7.289521815341324e7
2750.0,0.6743473476717287,2243.8679210738655,0.006204984665869992,-7.289513007791504e7
2755.0,0.6769656199819755,2243.8372758703063,0.006204048141930641,-7.289504199898057e7
2760.0,0.6796060058416458,2243.806621337599,0.006203128054640688,-7.289495391662139e7
2765.0,0.6822684541084951,2243.775957511245,0.006202191133356778,-7.289486583084899e7
2770.0,0.6849529366533001,2243.7452844351997,0.006201267317575514,-7.289477774167477e7
2775.0,0.6876594221049908,2243.71460208608,0.006200335161906249,-7.289468964911002e7
2780.0,0.6903879006423974,2243.6839104762544,0.00619940742809834,-7.289460155316593e7
2785.0,0.6931383298081057,2243.6532096416327,0.006198478058986545,-7.289451345385355e7
2790.0,0.6959107019385306,2243.62249956514,0.0061975488304201075,-7.289442535118394e7
2795.0,0.6987049822864063,2243.591780295347,0.006196620199787972,-7.289433724516791e7
2800.0,0.7015211215529495,2243.561051852268,0.006195690870343579,-7.28942491358163e7
2805.0,0.7043590940323472,2243.530314225592,0.00619476218609904,-7.289416102313976e7
2810.0,0.7072188903470348,2243.4995674550737,0.006193833094772815,-7.289407290714891e7
2815.0,0.7101004650716578,2243.468811533753,0.00619290427505575,-7.289398478785425e7
2820.0,0.7130037688902409,2243.438046504031,0.0061919753680734334,-7.289389666526614e7
2825.0,0.7159288119794994,2243.407272385383,0.006191046507936133,-7.28938085393949e7
2830.0,0.7188755600274365,2243.3764891666456,0.006190117683498702,-7.289372041025074e7
2835.0,0.7218439440510689,2243.3456968709615,0.0061891888515414415,-7.289363227784373e7
2840.0,0.7248339728336328,2243.3148955439383,0.0061882600661441346,-7.289354414218391e7
2845.0,0.7278456221271835,2243.284085141609,0.006187331278427023,-7.289345600328122e7
2850.0,0.7308788636133375,2243.2532657215797,0.006186402521418317,-7.289336786114545e7
2855.0,0.7339336567334238,2243.2224372971223,0.0061854737783554855,-7.289327971578631e7
2860.0,0.7370099647804369,2243.19159989385,0.00618454504716404,-7.289319156721345e7
2865.0,0.7401077704972984,2243.160753511557,0.006183616340394583,-7.28931034154364e7
2870.0,0.7432270362279874,2243.129898186989,0.006182687640271243,-7.289301526046461e7
2875.0,0.746367790674952,2243.0990338534275,0.006181758960833657,-7.289292710230747e7
2880.0,0.7495299217679511,2243.068160613666,0.006180830293908523,-7.289283894097416e7
2885.0,0.7527134391811867,2243.037278482222,0.006179901640095923,-7.289275077647388e7
2890.0,0.7559183243453513,2243.00638744656,0.006178973000257218,-7.289266260881579e7
2895.0,0.759144554995308,2242.975487524763,0.0061780443705459235,-7.289257443800876e7
2900.0,0.7623920737183338,2242.944578732952,0.0061771157555771845,-7.289248626406176e7
2905.0,0.7656608706043256,2242.9136610337428,0.0061761335937983676,-7.289239808716244e7
2910.0,0.7689509396276756,2242.882734371861,0.006175041935826547,-7.289230990782507e7
2915.0,0.7722622493749333,2242.851798827651,0.006174099039033611,-7.289222172605458e7
2920.0,0.775594791287644,2242.8208544360464,0.006173211200568754,-7.289213354185571e7
2925.0,0.7789485445576725,2242.7899011996665,0.006172259904039634,-7.289204535523316e7
2930.0,0.7823234651674886,2242.7589391377905,0.006171348917701141,-7.289195716619156e7
2935.0,0.7857195273907607,2242.727968266865,0.006170417991920801,-7.289186897473538e7
2940.0,0.7891367116833614,2242.6969886049837,0.006169493330355793,-7.28917807808691e7
2945.0,0.7925749943324851,2242.6660001771297,0.006168569144277679,-7.289169258459704e7
2950.0,0.7960343388269637,2242.635002901216,0.006167594085606499,-7.289160438622688e7
2955.0,0.7995147009821681,2242.6039969482117,0.006166639245018796,-7.289151618579131e7
2960.0,0.8030143348403123,2242.5729857251745,0.006168689300491633,-7.289142798346269e7
2965.0,0.8065326883934578,2242.541969252789,0.006161058016196256,-7.289133977927369e7
2970.0,0.810071530930111,2242.510946409868,0.006162180584081567,-7.289125157322337e7
2975.0,0.8136330113321633,2242.479909433403,0.006285167698408322,-7.28911633653194e7
2980.0,0.8172174261938785,2242.4488546472985,0.006242505212206646,-7.289107515555538e7
2985.0,0.8208209629084282,2242.4177954551483,0.006227341202252024,-7.289098694393201e7
2990.0,0.824445453642389,2242.3867238611383,0.006254730504921465,-7.289089873045509e7
2995.0,0.8280921205971633,2242.3556447077626,0.006228054089123664,-7.2890810515123e7
3000.0,0.8317595818770027,2242.3245557940504,0.006245561766052893,-7.289072229794459e7
3005.0,0.8354486453584016,2242.29345766891,0.006233532801750108,-7.289063407891905e7
3010.0,0.8391588624064052,2242.262350680205,0.006237987955537727,-7.289054585805236e7
3015.0,0.8428903706083505,2242.2312342878063,0.006235339778861313,-7.289045763534631e7
3020.0,0.8466430723309804,2242.2001092030737,0.006234038899306803,-7.289036941061218e7
3025.0,0.8504168627623161,2242.168974962747,0.00623398731427462,-7.2890281183471e7
3030.0,0.8542117591659171,2242.137831855884,0.006231941410582451,-7.289019295392804e7
3035.0,0.8580276897307183,2242.106679746928,0.006231891840490265,-7.2890104721989e7
3040.0,0.8618646371846305,2242.075518657517,0.006230351594636121,-7.289001648765907e7
3045.0,0.8657225492338427,2242.0443486384916,0.006229733783367655,-7.288992825094368e7
3050.0,0.8696014496982958,2242.0131696703957,0.006228652264245393,-7.2889840011848e7
3055.0,0.8735013057423592,2241.9819817871557,0.006227730256632434,-7.288975177037723e7
3060.0,0.8774220888188752,2241.9507849814877,0.0062268165424191994,-7.28896635265364e7
3065.0,0.8813637228423845,2241.9195793085546,0.006225824776031033,-7.288957528033052e7
3070.0,0.8853262677023728,2241.888364733027,0.006224923145367988,-7.288948703176455e7
3075.0,0.8893096236839976,2241.8571413105983,0.0062239473947814875,-7.28893987808433e7
3080.0,0.893313807691512,2241.825909034369,0.006223021983259347,-7.288931052757162e7
3085.0,0.89733877159464,2241.794667930096,0.006222068385270325,-7.28892222719541e7
3090.0,0.901384509465855,2241.7634179931565,0.006221127218173861,-7.288913401399551e7
3095.0,0.9054510191020115,2241.732159227936,0.006220183535520061,-7.28890457537003e7
3100.0,0.9095382393236238,2241.700891660691,0.006219237816972195,-7.288895749107297e7
3105.0,0.9136461584377789,2241.669615309661,0.006218295885711875,-7.288886922611798e7
3110.0,0.9177747385565562,2241.6383301947267,0.00621735056646857,-7.288878095883964e7
3115.0,0.9219239687880039,2241.60703630095,0.006216407954980252,-7.288869268924221e7
3120.0,0.9260938309794045,2241.575733661764,0.006215463830008594,-7.288860441732992e7
3125.0,0.9302842634709995,2241.544422306084,0.006214520624751568,-7.288851614310683e7
3130.0,0.9344952900443441,2241.5131022143155,0.00621357724019795,-7.288842786657704e7
3135.0,0.9387268612792934,2241.4817734246003,0.006212633947946344,-7.288833958774452e7
3140.0,0.9429789779296868,2241.450435926543,0.0062116908897479235,-7.288825130661316e7
3145.0,0.9472516033492674,2241.419089744239,0.006210747779278442,-7.288816302318683e7
3150.0,0.9515447110173316,2241.387734879652,0.006209804894362178,-7.288807473746927e7
3155.0,0.9558582560531699,2241.3563713876683,0.006208862028153927,-7.28879864494642e7
3160.0,0.9601922313044925,2241.32499923433,0.006207919309387702,-7.288789815917526e7
3165.0,0.964546636240266,2241.2936184583673,0.006206976672123937,-7.288780986660597e7
3170.0,0.9689214245278315,2241.262229029354,0.006206034134012819,-7.288772157175983e7
3175.0,0.9733165609342953,2241.23083101526,0.006205091703373355,-7.288763327464028e7
3180.0,0.9777320677157327,2241.199424401654,0.006204149363105276,-7.288754497525066e7
3185.0,0.9821678745805571,2241.1680092217207,0.006203207125888186,-7.288745667359424e7
3190.0,0.9866239727893483,2241.136585478739,0.0062022649873202385,-7.288736836967427e7
3195.0,0.991101831478443,2241.105156421854,0.006163120911587577,-7.288728006379187e7
3200.0,0.9955993763836029,2241.073719333563,0.006181079846710342,-7.288719175618404e7
3205.0,1.0001176531477958,2241.042272262366,0.006173936882393638,-7.288710344685504e7
3210.0,1.0046563561494763,2241.01081727576,0.006173203225635979,-7.288701513581514e7
3215.0,1.0092155273451633,2240.9793528041982,0.006175923114647615,-7.288692682307239e7
3220.0,1.0137952318039218,2240.94787984054,0.006171581677726128,-7.288683850863469e7
3225.0,1.0183953119109581,2240.916397905386,0.006174220438891145,-7.288675019251107e7
3230.0,1.0230158679704697,2240.8849071934737,0.006171551930748178,-7.288666187470908e7
3235.0,1.0276567968071508,2240.8534076977485,0.0061722336587722556,-7.288657355523744e7
3240.0,1.0323180982146416,2240.8218993607525,0.006171184111385288,-7.288648523410404e7
3245.0,1.0369997563737032,2240.7903822983512,0.0061707705803346925,-7.288639691131711e7
3250.0,1.0417017457331945,2240.758856421682,0.006170338384061678,-7.288630858688475e7
3255.0,1.046424048275583,2240.7273218058767,0.006169656529143948,-7.288622026081495e7
3260.0,1.0511666376170632,2240.6957784380297,0.00616928189875614,-7.288613193311572e7
3265.0,1.055929510755673,2240.664226343699,0.006168647158548922,-7.288604360379505e7
3270.0,1.0607126030968037,2240.632665534364,0.006168192514765964,-7.288595527286081e7
3275.0,1.0655159542902697,2240.6010959925666,0.0061676343517220395,-7.288586694032091e7
3280.0,1.0703395121129797,2240.5695177436096,0.0061671233934038165,-7.288577860618311e7
3285.0,1.0751832455001618,2240.537930804369,0.00616660083227125,-7.28856902704553e7
3290.0,1.080047159287993,2240.5063351760105,0.006166072439727119,-7.288560193314515e7
3295.0,1.0849312132533748,2240.4747308676547,0.006165556504509193,-7.288551359426041e7
3300.0,1.0898353964109149,2240.443117884646,0.006165028768498022,-7.288542525380875e7
3305.0,1.094759679387168,2240.4114962465364,0.0061645104524823136,-7.288533691179778e7
3310.0,1.0997040591601968,2240.3798659594404,0.006163986479569573,-7.288524856823513e7
3315.0,1.1046684843848644,2240.34822704487,0.006163465769717548,-7.288516022312827e7
3320.0,1.109652953837756,2240.316579513873,0.006162944104980338,-7.28850718764848e7
3325.0,1.114657462488771,2240.28492336202,0.006162422708029699,-7.288498352831215e7
3330.0,1.119681964989872,2240.2532586017364,0.006161901923981582,-7.288489517861778e7
3335.0,1.1247264497376204,2240.221585269725,0.006161380817841769,-7.288480682740909e7
3340.0,1.1297908966512673,2240.1899033356826,0.00616086036398599,-7.28847184746934e7
3345.0,1.1348752518549556,2240.158212846209,0.0061603397952043224,-7.288463012047805e7
3350.0,1.1399795383790208,2240.1265138090143,0.006159819611700598,-7.288454176477034e7
3355.0,1.145103726433877,2240.0948062202374,0.0061592995485641325,-7.28844534075775e7
3360.0,1.1502477958980069,2240.063090085447,0.006158779708067783,-7.288436504890673e7
3365.0,1.1554117149933543,2240.031365456612,0.006158260080294314,-7.28842766887652e7
3370.0,1.1605955153724472,2239.9996322269576,0.006157823176671668,-7.288418832732907e7
3375.0,1.165799208454576,2239.967890367781,0.006157402589101244,-7.288409996485525e7
3380.0,1.1710227938059736,2239.9361399142617,0.006156863269218664,-7.288401160134816e7
3385.0,1.176266428855528,2239.9043813858143,0.006151428394456814,-7.288392323684594e7
3390.0,1.181529883400184,2239.8726144402062,0.00615271745564126,-7.288383487139776e7
3395.0,1.1868132488762173,2239.8408387446234,0.006151885973022433,-7.288374650500669e7
3400.0,1.192116411632571,2239.809054586974,0.006151038506911933,-7.28836581376773e7
3405.0,1.1974393862909047,2239.777261801297,0.006151033551319476,-7.288356976941428e7
3410.0,1.202782170068172,2239.7454605093376,0.006150084888582356,-7.288348140022215e7
3415.0,1.2081447150676845,2239.713650652217,0.006149890118447763,-7.288339303010562e7
3420.0,1.21352702837133,2239.681832259962,0.0061491990299775475,-7.288330465906912e7
3425.0,1.218929038284367,2239.6500053767995,0.006148779416141827,-7.288321628711718e7
3430.0,1.2243507727060459,2239.6181699508206,0.00614824753187113,-7.288312791425431e7
3435.0,1.229792199676449,2239.5863260485457,0.006147733877252995,-7.288303954048492e7
3440.0,1.2352532819632631,2239.5544736673696,0.006147246673068135,-7.288295116581346e7
3445.0,1.2407340194571552,2239.5226128074046,0.006146720159174778,-7.288286279024428e7
3450.0,1.2462343771955195,2239.490743492879,0.006146229506408664,-7.288277441378173e7
3455.0,1.2517543286854038,2239.458865713906,0.006145712944765708,-7.288268603643015e7
3460.0,1.2572938752142024,2239.4269794957568,0.006145212175516528,-7.288259765819384e7
3465.0,1.2628579009967917,2239.395095670466,0.006006123383781004,-7.288250928033629e7
3470.0,1.2684404756855212,2239.3632067853487,0.006066876684990147,-7.288242090398473e7
3475.0,1.2740441126855195,2239.3313032804167,0.006051453995225079,-7.28823325291557e7
3480.0,1.2796683597945835,2239.2993937023753,0.006045418021006555,-7.288224415587206e7
3485.0,1.2853132018044557,2239.2674719870065,0.0060631108193560865,-7.288215578415242e7
3490.0,1.290979055675854,2239.235541727311,0.006047466447431476,-7.288206741401187e7
3495.0,1.29666529371752,2239.2036012668764,0.006061560648473409,-7.288197904547171e7
3500.0,1.3023724237110728,2239.171651063257,0.00605443162414506,-7.288189067854705e7
3505.0,1.3081000725617897,2239.1396913016465,0.006059900609351684,-7.288180231325763e7
3510.0,1.3138484215242097,2239.1077215890614,0.006059386148672671,-7.288171394962019e7
3515.0,1.3196173651969878,2239.07574231812,0.00606061860202309,-7.288162558765301e7
3520.0,1.3254068962872416,2239.043753220538,0.006062312058194692,-7.288153722737367e7
3525.0,1.3312170148355205,2239.0117545201933,0.006062691641953787,-7.288144886879987e7
3530.0,1.3370476941904434,2238.9797460751165,0.006064433747093155,-7.288136051194936e7
3535.0,1.3428989141349466,2238.947727946452,0.006065095002200865,-7.288127215683961e7
3540.0,1.348770655436551,2238.915700160892,0.006066453362431825,-7.288118380348836e7
3545.0,1.3546629130235242,2238.8836626853063,0.006067427814485455,-7.288109545191304e7
3550.0,1.3605756439263195,2238.851615563212,0.006068550332484288,-7.288100710213122e7
3555.0,1.366508831536894,2238.81955880485,0.006069647603158967,-7.288091875416034e7
3560.0,1.372462479395033,2238.787492394675,0.006070699058637313,-7.288083040801783e7
3565.0,1.3784365880283136,2238.7554163723603,0.0060718037233087885,-7.288074206372108e7
3570.0,1.3844311121442017,2238.7233307264455,0.006072851897100957,-7.28806537212874e7
3575.0,1.390446044130357,2238.6912354296182,0.00607393252674036,-7.288056538073415e7
3580.0,1.396481342145135,2238.6591305577344,0.006074986210666184,-7.288047704207855e7
3585.0,1.4025369954056366,2238.627016024443,0.006076851164075792,-7.288038870635682e7
3590.0,1.40861294716843,2238.594891834648,0.006078875711858963,-7.288030037438017e7
3595.0,1.4147092327377073,2238.5627579775996,0.006080720037708193,-7.288021204616201e7
3600.0,1.4208258068962745,2238.530614473415,0.006082686597404597,-7.288012372171572e7
3605.0,1.4269626381783618,2238.4984613271818,0.006084571840793295,-7.28800354010546e7
3610.0,1.433119705339824,2238.4662985625105,0.006086483571500408,-7.287994708419193e7
3615.0,1.439297037504661,2238.434126144457,0.006088380750359183,-7.287985877114093e7
3620.0,1.4454945871246094,2238.401944127844,0.006090266821381813,-7.287977046191487e7
3625.0,1.4517123162304806,2238.369752523903,0.006092155075437295,-7.287968215652682e7
3630.0,1.4579502130748228,2238.337551330556,0.006094028275149854,-7.287959385498999e7
3635.0,1.4642082649580321,2238.3053405686887,0.0060959014338147445,-7.287950555731744e7
3640.0,1.4704864834893865,2238.273120205591,0.0060977640430455666,-7.287941726352224e7
3645.0,1.4767848299814275,2238.2408902961397,0.0060996223293709574,-7.287932897361736e7
3650.0,1.4831032377182276,2238.20865084466,0.006101473420205116,-7.287924068761581e7
3655.0,1.4894417853293769,2238.1764018309104,0.00610331816663898,-7.28791524055305e7
3660.0,1.495800377917837,2238.1441433015852,0.006105156855723806,-7.287906412737435e7
3665.0,1.5021790315330943,2238.111875230632,0.006106988855264953,-7.28789758531602e7
3670.0,1.5085777199851351,2238.079597644603,0.006108814877546892,-7.287888758290091e7
3675.0,1.514996415407025,2238.047310571002,0.006110634417988189,-7.287879931660919e7
3680.0,1.5214351319747186,2238.015013984192,0.00611244784882375,-7.287871105429788e7
3685.0,1.5278938081300133,2237.982707943551,0.006114255016392691,-7.287862279597965e7
3690.0,1.5343724759966215,2237.9503924016735,0.0061160560206395525,-7.287853454166713e7
3695.0,1.5408710577459106,2237.918067418745,0.006117850884405041,-7.2878446291373e7
3700.0,1.547389588432985,2237.8857329664415,0.006119639607326843,-7.287835804510984e7
3705.0,1.553928018037802,2237.8533890782282,0.006121422253815725,-7.287826980289021e7
3710.0,1.5604863308057144,2237.821035745304,0.006123198821346812,-7.287818156472662e7
3715.0,1.5670645242514245,2237.788673000532,0.006124969356000213,-7.287809333063154e7
3720.0,1.5736625733895526,2237.7563008317907,0.006126733876398587,-7.287800510061744e7
3725.0,1.5802804861968942,2237.7239192401958,0.006128492411788045,-7.28779168746967e7
3730.0,1.5869181974885809,2237.691528282932,0.006130244989482635,-7.287782865288173e7
3735.0,1.593575718590753,2237.659127924296,0.006131991636115546,-7.287774043518482e7
3740.0,1.6002530280020273,2237.626718188702,0.006133732378475284,-7.287765222161828e7
3745.0,1.60695010305344,2237.594299063345,0.006135467238737921,-7.287756401219434e7
3750.0,1.6136669332988327,2237.5618706085156,0.006137196252862095,-7.287747580692524e7
3755.0,1.6204035019687044,2237.529432782955,0.006138919434104532,-7.287738760582316e7
3760.0,1.6271597869414849,2237.496985608057,0.006140636820083754,-7.287729940890026e7
3765.0,1.6339357621098674,2237.464529121391,0.0061423484294306,-7.287721121616863e7
3770.0,1.6407314008186786,2237.432063344698,0.006144054289655641,-7.287712302764031e7
3775.0,1.6475473381274415,2237.3995898537187,0.006119898029939538,-7.287703484355712e7
3780.0,1.6543836192576693,2237.367108962848,0.006125445015480522,-7.287694666427258e7
3785.0,1.6612393515113262,2237.33461689198,0.006131934075493668,-7.287685848980485e7
3790.0,1.6681150937994218,2237.302116232512,0.006126417839876954,-7.287677032016566e7
3795.0,1.675010626132252,2237.2696054813055,0.00613601708662905,-7.287668215536861e7
3800.0,1.6819261141989474,2237.2370853206835,0.006132235980180031,-7.287659399542418e7
3805.0,1.6888613597265132,2237.204555594034,0.006137983174845264,-7.287650584034562e7
3810.0,1.6958164550084058,2237.1720162527204,0.006138081030689936,-7.2876417690144e7
3815.0,1.702791328904341,2237.1394674657436,0.006140815002839401,-7.287632954483174e7
3820.0,1.7097859734035892,2237.10690905576,0.006142800393259625,-7.287624140442045e7
3825.0,1.7168004163972963,2237.074341174957,0.006144529438868718,-7.2876153268922e7
3830.0,1.7238345923225684,2237.041763745019,0.006146865842077071,-7.287606513834819e7
3835.0,1.7308884910978561,2237.0091768540583,0.006148564187983323,-7.287597701271066e7
3840.0,1.7379621187480048,2236.9765804311137,0.006150745540091858,-7.287588889202118e7
3845.0,1.7450554210671259,2236.9439745533086,0.006152601657651254,-7.287580077629131e7
3850.0,1.7521684141294398,2236.911359182015,0.00615461972261927,-7.28757126655327e7
3855.0,1.7593010548144892,2236.878734399646,0.006156563095218105,-7.287562455975685e7
3860.0,1.7664533369818072,2236.846099896743,0.006158506137241731,-7.287553645897526e7
3865.0,1.7736252236284222,2236.8134559675163,0.006160461261846347,-7.287544836319938e7
3870.0,1.780816740746185,2236.780802592886,0.006162382060582253,-7.287536027244067e7
3875.0,1.7880278333586896,2236.7481398172777,0.006164923341348199,-7.287527218671045e7
3880.0,1.795258509280427,2236.7154676870837,0.006166629753408153,-7.287518410602245e7
3885.0,1.8025087352362017,2236.6827861786446,0.006169628945014735,-7.287509603039838e7
3890.0,1.8097785216722182,2236.6500952571387,0.006172201376253781,-7.28750079598496e7
3895.0,1.8170678100038071,2236.617394994249,0.0061747857624012475,-7.287491989438727e7
3900.0,1.8243766079093018,2236.5846853482813,0.00617747946628176,-7.287483183402263e7
3905.0,1.8317047735387864,2236.551966190783,0.006183457691091082,-7.287474378294735e7
3910.0,1.839052343281376,2236.519237365313,0.006189500770527421,-7.287465574341725e7
3915.0,1.8464192622466165,2236.486498976237,0.006195149440379708,-7.287456771540841e7
3920.0,1.8538055266967626,2236.453750957991,0.006201163679581463,-7.287447969889708e7
3925.0,1.8612111056971072,2236.420993395895,0.006206850942546491,-7.287439169385938e7
3930.0,1.8686359880853243,2236.3882262734655,0.0062126963908494225,-7.28743037002717e7
3935.0,1.8760801221232453,2236.3554496038764,0.006218418704212803,-7.287421571811043e7
3940.0,1.8835435196791446,2236.3226634069097,0.006224148542634805,-7.287412774735208e7
3945.0,1.8910261603044984,2236.2898676819136,0.006229849575243824,-7.287403978797328e7
3950.0,1.8985280047056414,2236.257062481643,0.006235509982215225,-7.287395183995073e7
3955.0,1.9060490571428033,2236.2242478043845,0.006241159840718635,-7.28738639032612e7
3960.0,1.9135892780888248,2236.1914236445537,0.006246768597466152,-7.287377597788164e7
3965.0,1.9211486503562412,2236.1585900369823,0.006252360340474714,-7.287368806378897e7
3970.0,1.928727157208605,2236.1257469814905,0.006257919719374455,-7.287360016096026e7
3975.0,1.9363248066000027,2236.092894508139,0.006263455174392353,-7.287351226937263e7
3980.0,1.943941549943076,2236.060032646056,0.006268963568793719,-7.287342438900344e7
3985.0,1.9515773433953114,2236.0271614047024,0.006274445418782761,-7.287333651982987e7
3990.0,1.9592322136212563,2235.994280776148,0.006279901831475076,-7.287324866182946e7
3995.0,1.9669061100097396,2235.9613907995476,0.006285331637994687,-7.28731608149797e7
4000.0,1.9745990164982268,2235.928491473319,0.006290736135943328,-7.287307297925809e7
4005.0,1.9823109198847861,2235.895582800839,0.006296114646106752,-7.287298515464239e7
4010.0,1.9900417966894763,2235.862664841788,0.0063014677904738355,-7.287289734111036e7
4015.0,1.9977916481180347,2235.8297375687657,0.0063067954815208245,-7.287280953863977e7
4020.0,2.005560434940768,2235.796801005904,0.006312097916241013,-7.287272174720864e7
4025.0,2.0133481307879064,2235.763855184485,0.006317375259164013,-7.287263396679492e7
4030.0,2.0211547341494223,2235.7309001112917,0.006322627584802408,-7.287254619737674e7
4035.0,2.0289802260668126,2235.6979357885502,0.006327855085317875,-7.287245843893224e7
4040.0,2.0368245618227374,2235.664962268253,0.006333057851504349,-7.28723706914397e7
4045.0,2.044687762266904,2235.6319795089953,0.006338236040621748,-7.287228295487744e7
4050.0,2.052569759642658,2235.5989875756236,0.006343389773346594,-7.287219522922388e7
4055.0,2.0604705653498994,2235.5659864658337,0.00634851918000073,-7.28721075144575e7
4060.0,2.06839015348828,2235.5329761806047,0.006353624391948511,-7.287201981055686e7
4065.0,2.0763285148809665,2235.499956751851,0.0063587055349076,-7.287193211750062e7
4070.0,2.084285619077713,2235.4669282011105,0.006363762736950677,-7.287184443526751e7
4075.0,2.092261438607271,2235.433890531843,0.006368796123432531,-7.287175676383635e7
4080.0,2.1002559892456643,2235.4008437322755,0.006373805821087414,-7.2871669103186e7
4085.0,2.108269208177381,2235.3677878503067,0.0063787919528933675,-7.287158145329541e7
4090.0,2.116301099862876,2235.334722881294,0.006383754641075779,-7.287149381414358e7
4095.0,2.1243516590339215,2235.301648839602,0.006388694009316942,-7.287140618570967e7
4100.0,2.1324208449402513,2235.268565769435,0.006393610174422062,-7.28713185679728e7
4105.0,2.140508655708159,2235.2354736486573,0.006398503272219194,-7.287123096091226e7
4110.0,2.148615047644321,2235.2023725038644,0.006403373400134855,-7.287114336450733e7
4115.0,2.1567400317997967,2235.1692623360086,0.00640822069614217,-7.287105577873744e7
4120.0,2.164883560707734,2235.136143184009,0.006413045265547418,-7.287096820358205e7
4125.0,2.1730456238091636,2235.1030150538772,0.006417847231780706,-7.287088063902067e7
4130.0,2.181226236897981,2235.0698778952583,0.006422754647414634,-7.287079308527245e7
4135.0,2.189425371344769,2235.0367317651576,0.006427472785299126,-7.287070554233028e7
4140.0,2.197642983040102,2235.0035766745777,0.006432233156886211,-7.28706180101727e7
4145.0,2.2058790946186,2234.9704126319903,0.006436932147688437,-7.287053048877838e7
4150.0,2.214133669033135,2234.937239656253,0.006441630640566552,-7.287044297812608e7
4155.0,2.2224066698953076,2234.9040577666556,0.006446297690760423,-7.287035547819462e7
4160.0,2.2306980604116324,2234.8708673579667,0.006450296382440303,-7.287026798900107e7
4165.0,2.239008178349727,2234.8376684249333,0.006453151641565021,-7.287018051055518e7
4170.0,2.2473373608621454,2234.804460242955,0.006458404820387205,-7.287009304283775e7
4175.0,2.255685443788267,2234.7712426369526,0.006462649969538112,-7.287000558582816e7
4180.0,2.264052419197143,2234.7380156348645,0.0064674261761579485,-7.286991813950565e7
4185.0,2.2724382867852357,2234.7047792480917,0.006471853050860268,-7.286983070384955e7
4190.0,2.2808430328227116,2234.6715334836335,0.006476433149022324,-7.286974327883925e7
4195.0,2.289266622646207,2234.638278355597,0.006480917324658795,-7.286965586445422e7
4200.0,2.2977090423229196,2234.605013880646,0.006485398373656834,-7.286956846067399e7
4205.0,2.3061702824165935,2234.5717400593016,0.006489868052227448,-7.28694810674781e7
4210.0,2.3146503129614384,2234.5384569491794,0.006494298328408565,-7.28693936848463e7
4215.0,2.3231491255520926,2234.5051645854232,0.006497907162898492,-7.286930631276403e7
4220.0,2.3316666811750384,2234.471862956843,0.006502584210922733,-7.286921895121916e7
4225.0,2.34020296782165,2234.4385520383403,0.006506922627673889,-7.286913160019132e7
4230.0,2.3487579999626473,2234.405231852188,0.006511231097795414,-7.286904425966038e7
4235.0,2.357331711912001,2234.371902431328,0.00651564742631218,-7.286895692960633e7
4240.0,2.365924109965367,2234.3385638013,0.006519902972625556,-7.286886961000927e7
4245.0,2.3745351573727165,2234.305215935916,0.006524250454501102,-7.286878230084921e7
4250.0,2.3831648587078127,2234.27185886207,0.006528504052158566,-7.286869500210637e7
4255.0,2.3918131847378166,2234.2384925837105,0.006532778357238306,-7.286860771376097e7
4260.0,2.4004801054591227,2234.2051171601297,0.006537015927359024,-7.286852043579327e7
4265.0,2.409165599183129,2234.171732589912,0.006541236709861258,-7.286843316818364e7
4270.0,2.4178696535958983,2234.138338858452,0.00654544169370204,-7.286834591091248e7
4275.0,2.4265922591766573,2234.1049360152865,0.006549621388088956,-7.286825866396022e7
4280.0,2.435333380050383,2234.0715240502723,0.0065537869883904865,-7.286817142730744e7
4285.0,2.4440930286225244,2234.038102998114,0.006557929399966452,-7.28680842009347e7
4290.0,2.4528711571573805,2234.0046728565258,0.006562054959106657,-7.286799698482262e7
4295.0,2.461667752074686,2233.9712336303573,0.006566160222509634,-7.286790977895188e7
4300.0,2.4704827875301434,2233.937785357093,0.006570246833219417,-7.28678225833033e7
4305.0,2.4793162514155807,2233.9043280570277,0.006574314541955822,-7.28677353978576e7
4310.0,2.4881681395789785,2233.8708617263096,0.006578363182842095,-7.286764822259574e7
4315.0,2.4970384254649147,2233.837386380582,0.006582393293522603,-7.286756105749856e7
4320.0,2.505927096368019,2233.803902027816,0.006586404537861065,-7.286747390254712e7
4325.0,2.514834119102924,2233.770408696472,0.006590418389683684,-7.286738675777413e7
4330.0,2.5237595534544366,2233.7369062862,0.006594486087008103,-7.286729962340933e7
4335.0,2.532703340449702,2233.7033948652506,0.006598408889520767,-7.28672124994318e7
4340.0,2.5416654888878703,2233.669874439921,0.006602368630051424,-7.286712538582078e7
4345.0,2.5506459730205684,2233.6363450204985,0.006606280120440868,-7.286703828255531e7
4350.0,2.5596454506598763,2233.6028075138665,0.006610495337361429,-7.286695119118375e7
4355.0,2.5686635091108534,2233.5692614270447,0.006614298394668042,-7.286686411196409e7
4360.0,2.57769982623824,2233.5357061854074,0.006618176676049475,-7.286677704486804e7
4365.0,2.586754424174859,2233.50214179938,0.006622017563117907,-7.286668998986745e7
4370.0,2.595827359713726,2233.4685682449135,0.006625842375584316,-7.286660294693415e7
4375.0,2.604918712303575,2233.434985460018,0.006629648152688408,-7.286651591604012e7
4380.0,2.6140284987849935,2233.4013934820614,0.006633436920761043,-7.286642889715737e7
4385.0,2.6231567973830767,2233.3677922682896,0.0066372048878431,-7.286634189025801e7
4390.0,2.632303626907325,2233.334181797889,0.006641426401727235,-7.286625489590092e7
4395.0,2.6414690653702784,2233.300562007221,0.006645615537004307,-7.28661679143668e7
4400.0,2.6506531396503155,2233.2669329588985,0.006649746480783715,-7.28660809456186e7
4405.0,2.6598559311416334,2233.233294574076,0.006653899953767767,-7.286599398961954e7
4410.0,2.669077500790463,2233.199646839281,0.006657993330488918,-7.28659070463328e7
4415.0,2.6783178744648235,2233.1659897593863,0.006662088680474694,-7.286582011572184e7
4420.0,2.687577093635761,2233.132323323665,0.006666147707720413,-7.286573319775008e7
4425.0,2.6968552360744162,2233.0986474985443,0.006670190127719471,-7.286564629238124e7
4430.0,2.706152368404032,2233.0649622754263,0.006674208913384437,-7.2865559399579e7
4435.0,2.7154685350955052,2233.031267644768,0.006678204342017103,-7.286547251930729e7
4440.0,2.7248037803890615,2232.9975635932483,0.006682179364045781,-7.286538565153007e7
4445.0,2.734158176835288,2232.963850092156,0.006686130600357592,-7.286529879621145e7
4450.0,2.743531792601734,2232.9301271017002,0.006690061106137308,-7.286521195331573e7
4455.0,2.752924670690968,2232.8963946267186,0.006693968947823825,-7.286512512280715e7
4460.0,2.762336872868834,2232.8626526510984,0.006697855399312736,-7.286503830465029e7
4465.0,2.771768496284588,2232.828901142449,0.0067017200270005385,-7.28649514988097e7
4470.0,2.7812195422919173,2232.795140114879,0.006705563072169182,-7.286486470525004e7
4475.0,2.7906900872455487,2232.761369540962,0.0067093846929094795,-7.286477792393617e7
4480.0,2.8001801863637383,2232.7275893776687,0.006713184861576255,-7.286469115483302e7
4485.0,2.809689929348124,2232.6937996156958,0.006716963806272314,-7.28646043979056e7
4490.0,2.81921935035628,2232.660000250173,0.006720721520827417,-7.286451765311913e7
4495.0,2.828768513910569,2232.6261912527743,0.006724458169345948,-7.286443092043883e7
4500.0,2.838337483964694,2232.5923726106594,0.006728173815423479,-7.286434419983007e7
4505.0,2.8479263341355106,2232.5585442796796,0.006731868569347573,-7.286425749125837e7
4510.0,2.857535094031382,2232.5247062937115,0.006735542517887562,-7.286417079468931e7
4515.0,2.8671638434680524,2232.490858588216,0.006739195759588004,-7.286408411008859e7
4520.0,2.8768126544181962,2232.457001172711,0.0067428283905487775,-7.286399743742202e7
4525.0,2.8864815813730815,2232.4231340059846,0.006746440500297042,-7.286391077665555e7
4530.0,2.896170715404852,2232.389257059538,0.00675003218255644,-7.286382412775517e7
4535.0,2.905880090279443,2232.355370316159,0.006753603530520082,-7.286373749068701e7
4540.0,2.9156097582885945,2232.321473788492,0.006757154636446423,-7.28636508654173e7
4545.0,2.9253597921074563,2232.28756744279,0.006760685588108814,-7.286356425191242e7
4550.0,2.935130295277486,2232.2536512109805,0.006764196477824423,-7.286347765013874e7
4555.0,2.944921287924382,2232.2197251587945,0.006767687396569151,-7.286339106006284e7
4560.0,2.9547328670554713,2232.185789190499,0.006771158429416085,-7.286330448165137e7
4565.0,2.9645650752139567,2232.1518433133892,0.006774609668371522,-7.286321791487102e7
4570.0,2.9744179963357187,2232.1178875042847,0.006778041200865329,-7.286313135968867e7
4575.0,2.9842916853821997,2232.083921731689,0.006781453114372275,-7.286304481607126e7
4580.0,2.9941862381165705,2232.0499459826024,0.00678484549245053,-7.286295828398578e7
4585.0,3.0041016531264586,2232.015960253526,0.006788218424846416,-7.286287176339944e7
4590.0,3.0140380843519985,2231.981964479833,0.006791571997360461,-7.28627852542794e7
4595.0,3.0239955547680415,2231.947958655281,0.006794906292888651,-7.2862698756593e7
4600.0,3.033974150449701,2231.9139427765626,0.006798221393807541,-7.28626122703077e7
4605.0,3.043973907522701,2231.879916809914,0.006801517391824408,-7.286252579539093e7
4610.0,3.0539949433306512,2231.8458806929248,0.006804794360793185,-7.28624393318104e7
4615.0,3.0640372826254274,2231.811834461054,0.00680805238930515,-7.286235287953372e7
4620.0,3.07410104525456,2231.777778072487,0.006811291560251547,-7.286226643852872e7
4625.0,3.0841862619601965,2231.7437115093953,0.006814511951118703,-7.286218000876327e7
4630.0,3.0942930217819002,2231.7096347345837,0.006817713646497556,-7.286209359020531e7
4635.0,3.104421404333856,2231.675547723734,0.006820896726078329,-7.286200718282297e7
4640.0,3.1145714659880146,2231.6414504572153,0.006824061270087835,-7.286192078658438e7
4645.0,3.1247432854348456,2231.6073428979957,0.0068272073560213765,-7.286183440145771e7
4650.0,3.13493695980959,2231.573225020788,0.006830335068997674,-7.286174802741137e7
4655.0,3.1451525475099773,2231.5390968090323,0.006833444476214477,-7.28616616644137e7
4660.0,3.155390110712794,2231.504958252028,0.006836535670034566,-7.286157531243329e7
4665.0,3.1656497060802726,2231.4708093123945,0.006839608716234885,-7.286148897143863e7
4670.0,3.1759314518808406,2231.436649947352,0.00684266369643181,-7.286140264139844e7
4675.0,3.186235424795777,2231.4024801442483,0.00684570068980847,-7.286131632228145e7
4680.0,3.1965616969109663,2231.3682998637364,0.006848719766574756,-7.28612300140565e7
4685.0,3.20691032198347,2231.334109106814,0.006851721005094267,-7.286114371669254e7
4690.0,3.217281392905694,2231.299907811692,0.006854704484491238,-7.28610574301585e7
4695.0,3.227674981863359,2231.265695981674,0.0068576702696325105,-7.286097115442348e7
4700.0,3.2380911636089893,2231.2314735978475,0.006860618447373205,-7.286088488945667e7
4705.0,3.2485300421475927,2231.1972405904075,0.006863549076001008,-7.286079863522735e7
4710.0,3.258991680058031,2231.1629969398837,0.006866462241224301,-7.286071239170475e7
4715.0,3.2694761395011525,2231.1287426727017,0.006869358011414074,-7.286062615885831e7
4720.0,3.279983532032047,2231.094477691856,0.006872236456218985,-7.28605399366575e7
4725.0,3.290513937646577,2231.060201994295,0.0068750976517760656,-7.286045372507188e7
4730.0,3.3010674115240324,2231.025915552488,0.006877941664582034,-7.28603675240711e7
4735.0,3.3116440741721775,2230.9916183301466,0.006880768570619692,-7.286028133362482e7
4740.0,3.3222439545210207,2230.957310345089,0.006883578435225525,-7.286019515370288e7
4745.0,3.332867164166029,2230.922991520644,0.0068863713301635385,-7.286010898427506e7
4750.0,3.343513787156802,2230.8886618238757,0.006889147326171095,-7.286002282531136e7
4755.0,3.3541839162663902,2230.8543212405907,0.006891906490809795,-7.285993667678176e7
4760.0,3.364877640136687,2230.8199697219843,0.0068946488913886215,-7.285985053865634e7
4765.0,3.375595020990582,2230.785607255674,0.006897374597025919,-7.28597644109052e7
4770.0,3.386336158629551,2230.751233818435,0.006900083677367031,-7.285967829349864e7
4775.0,3.3971011506203688,2230.716849359452,0.006902776195850709,-7.28595921864069e7
4780.0,3.4078900447871954,2230.682453870189,0.006905452220438718,-7.285950608960035e7
4785.0,3.418702997922507,2230.6480472900803,0.0069081118184709306,-7.285942000304942e7
4790.0,3.429540034983426,2230.613629599259,0.006910755056418443,-7.285933392672461e7
4795.0,3.4404012870438603,2230.579200764514,0.0069133819977805185,-7.285924786059651e7
4800.0,3.4512868046107656,2230.5447607722626,0.0069159927070408505,-7.285916180463572e7
4805.0,3.4621966987869786,2230.5103095721597,0.006918587249780636,-7.285907575881295e7
4810.0,3.4731310351174343,2230.4758471443147,0.0069211656920028335,-7.2858989723099e7
4815.0,3.4840899511088357,2230.44137341434,0.006923728093036565,-7.285890369746464e7
4820.0,3.4950735360024225,2230.406888372848,0.006926274521413567,-7.285881768188082e7
4825.0,3.5060818475214273,2230.3723920190496,0.006928805036566834,-7.285873167631851e7
4830.0,3.517114975815899,2230.337884274982,0.006931319699960325,-7.285864568074873e7
4835.0,3.5281730504685953,2230.3033651232945,0.006933818579585195,-7.285855969514257e7
4840.0,3.5392561233003126,2230.2688345221704,0.006936301727728059,-7.285847371947117e7
4845.0,3.550364331690058,2230.2342924753843,0.006938160974803526,-7.285838775371242e7
4850.0,3.561501280894781,2230.199743578048,0.00688058255619623,-7.285830179861261e7
4855.0,3.5726609426216003,2230.1651816415742,0.006927046814282777,-7.285821585462679e7
4860.0,3.583847833374445,2230.130607494925,0.006903890120225011,-7.285812992171715e7
4865.0,3.5950603601125466,2230.0960216000926,0.006920645989877308,-7.285804399985752e7
4870.0,3.6062991252681003,2230.0614228787977,0.006918506231957719,-7.285795808901255e7
4875.0,3.6175641921406796,2230.0268123436713,0.006922018911652494,-7.285787218915229e7
4880.0,3.628855520316494,2229.99218914055,0.006926829865268433,-7.285778630024455e7
4885.0,3.6401733742711153,2229.9575537933097,0.006927575546041286,-7.285770042225787e7
4890.0,3.65151770114502,2229.922905953537,0.006932597911797738,-7.285761455516113e7
4895.0,3.662888695227219,2229.8882457218033,0.006934181499349327,-7.28575286989228e7
4900.0,3.674286524985656,2229.853573187209,0.006938011241217185,-7.285744285356128e7
4905.0,3.6857114123193724,2229.818888366689,0.006940579560647472,-7.285735701906665e7
4910.0,3.6971633898340825,2229.7841912689264,0.006943641706475874,-7.285727119540708e7
4915.0,3.7086416859171747,2229.7494826886386,0.006945953529997626,-7.28571853825511e7
4920.0,3.720145720839877,2229.7147633285163,0.006947697865473379,-7.285709958046697e7
4925.0,3.731676812611213,2229.6800319194804,0.006951148616188296,-7.28570137891221e7
4930.0,3.74323554403777,2229.6452875041955,0.00695374290968571,-7.285692800848535e7
4935.0,3.7548219006999366,2229.6105301712973,0.006956755231478271,-7.285684223852548e7
4940.0,3.766436002804859,2229.575759857691,0.006959511844705756,-7.285675647921145e7
4945.0,3.7780779548415926,2229.540976553842,0.00696236519673174,-7.285667073051219e7
4950.0,3.7897478730575935,2229.5061802091673,0.006965154754626197,-7.28565849923968e7
4955.0,3.8014458599999568,2229.4713707689602,0.006967932356457108,-7.285649926483446e7
4960.0,3.8131720381260856,2229.4365482017115,0.00697070065790605,-7.285641354779443e7
4965.0,3.8249264743633606,2229.4017124826937,0.0069734361061159055,-7.285632784124614e7
4970.0,3.836709310404534,2229.3668635571635,0.006976165490976681,-7.285624214515895e7
4975.0,3.8485206416782547,2229.332001404454,0.006978867179911696,-7.285615645950247e7
4980.0,3.8603605986145535,2229.297125962343,0.006981555806836057,-7.285607078424633e7
4985.0,3.8722292773610336,2229.2622371854372,0.006984223339945326,-7.285598511936022e7
4990.0,3.884126787921222,2229.2273350648647,0.006986873351239004,-7.2855899464814e7
4995.0,3.896053218830949,2229.192419540652,0.006989505225294691,-7.285581382057759e7
5000.0,3.9080087046359395,2229.157490565015,0.006992118390073235,-7.285572818662095e7
5005.0,3.9199933605624557,2229.1225481064034,0.006994714014647796,-7.285564256291416e7
5010.0,3.932007322913671,2229.0875921422016,0.006997291158138512,-7.285555694942741e7
5015.0,3.944050647064066,2229.052622619216,0.006999850663526693,-7.28554713461309e7
5020.0,3.956123491486397,2229.017639475199,0.007002392133255692,-7.285538575299501e7
5025.0,3.968225970475927,2228.982642680074,0.007004915892034002,-7.285530016999015e7
5030.0,3.9803582067647683,2228.9476321802326,0.007007421937575131,-7.285521459708677e7
5035.0,3.9925202961416044,2228.912607943913,0.00700991034016713,-7.285512903425552e7
5040.0,4.004712423320951,2228.877569888809,0.00701238121667452,-7.285504348146695e7
5045.0,4.016934619415932,2228.8425180331037,0.007014834608745857,-7.285495793869191e7
5050.0,4.029187043061489,2228.8074522894653,0.007017270615603826,-7.285487240590113e7
5055.0,4.0414698144956445,2228.772372628243,0.0070196893003925415,-7.285478688306555e7
5060.0,4.053783074659591,2228.737278991075,0.00702209074856862,-7.285470137015612e7
5065.0,4.066126961250426,2228.7021713313984,0.007024475026822643,-7.28546158671439e7
5070.0,4.078501550175391,2228.6670496196894,0.007026842219178614,-7.2854530374e7
5075.0,4.090907011458384,2228.631913776145,0.0070291923849051295,-7.285444489069557e7
5080.0,4.103343434579163,2228.5967637918684,0.007031525609586177,-7.285435941720198e7
5085.0,4.115810958070066,2228.56159961036,0.007033841963790577,-7.285427395349048e7
5090.0,4.128309740939851,2228.526421161383,0.007036141514516656,-7.285418849953252e7
5095.0,4.140839865378008,2228.491228414403,0.007038424341106096,-7.285410305529957e7
5100.0,4.1534014704635664,2228.4560213198383,0.007040690503106426,-7.28540176207632e7
5105.0,4.165994714750888,2228.420799808444,0.007042940080206129,-7.285393219589502e7
5110.0,4.178619718718168,2228.3855638234086,0.007045173137559445,-7.285384678066672e7
5115.0,4.191276597152374,2228.350313367996,0.0070473897480332936,-7.285376137505005e7
5120.0,4.203965488910327,2228.3150483644695,0.007049589975337245,-7.285367597901689e7
5125.0,4.2166865554473585,2228.2797687414118,0.007051773893484296,-7.28535905925391e7
5130.0,4.229439921780507,2228.244474456753,0.007053941561546039,-7.285350521558861e7
5135.0,4.242225704658334,2228.2091654690503,0.00705609305574627,-7.285341984813745e7
5140.0,4.255044063023393,2228.1738417032166,0.007058228432094203,-7.285333449015778e7
5145.0,4.26789512988139,2228.1385031288364,0.00706034776721302,-7.285324914162165e7
5150.0,4.280779037813624,2228.1031496642618,0.007062451119493022,-7.285316380250132e7
5155.0,4.293695944139264,2228.0677812922327,0.007064538554039367,-7.285307847276911e7
5160.0,4.306645985057401,2228.0323979253035,0.007066610138186482,-7.285299315239727e7
5165.0,4.319629300707353,2227.996999527923,0.00706866593311996,-7.285290784135824e7
5170.0,4.332646029667012,2227.961586033547,0.007070705999804722,-7.285282253962448e7
5175.0,4.345696337539245,2227.9261573793447,0.007072730403681912,-7.28527372471685e7
5180.0,4.358780332905219,2227.890713537499,0.007074739207487437,-7.285265196396285e7
5185.0,4.371898186618153,2227.8552544371996,0.007076732473438378,-7.285256668998021e7
5190.0,4.385050070859922,2227.8197799897584,0.007078710255455808,-7.28524814251932e7
5195.0,4.398236073233532,2227.7842901957915,0.007080672623793409,-7.28523961695746e7
5200.0,4.411456412959206,2227.748784954679,0.0070826196316798725,-7.285231092309721e7
5205.0,4.4247112083993505,2227.7132641995327,0.007084551339996306,-7.285222568573387e7
5210.0,4.438000609257549,2227.677727909981,0.007086467808312531,-7.285214045745745e7
5215.0,4.4513247692230635,2227.6421759849045,0.007088369093932846,-7.285205523824096e7
5220.0,4.464683873545524,2227.606608364197,0.00709025525818426,-7.285197002805735e7
5225.0,4.478078058258457,2227.5710250011402,0.007092126353735326,-7.285188482687972e7
5230.0,4.491507453776291,2227.53542587464,0.00709398244238196,-7.285179963468121e7
5235.0,4.504972253752045,2227.499810866713,0.007095823573168562,-7.285171445143494e7
5240.0,4.518472593083592,2227.464179940687,0.007097649810345749,-7.285162927711406e7
5245.0,4.532008659453385,2227.4285330161993,0.0070994612041837485,-7.285154411169188e7
5250.0,4.545580572599648,2227.392870054095,0.0071012578106046794,-7.285145895514175e7
5255.0,4.559188538847212,2227.357190976285,0.007103039684280925,-7.285137380743694e7
5260.0,4.572832694590143,2227.321495711134,0.0071048068813444375,-7.285128866855088e7
5265.0,4.586513235269844,2227.285784196712,0.007107914313331667,-7.2851203538457e7
5270.0,4.600230329455243,2227.250056344852,0.007111850305399948,-7.28511184171288e7
5275.0,4.6139841042471685,2227.214312133407,0.007115762806106615,-7.285103330453978e7
5280.0,4.627774765022342,2227.178551455591,0.007119651929436177,-7.285094820066352e7
5285.0,4.641602473814804,2227.14277424068,0.00712351779625401,-7.285086310547367e7
5290.0,4.655467401939355,2227.106980452695,0.00712736052406887,-7.285077801894382e7
5295.0,4.669369743679712,2227.071169997579,0.0071311802252085185,-7.285069294104768e7
5300.0,4.68330963807173,2227.0353428141475,0.007134977016909421,-7.285060787175903e7
5305.0,4.6972872790592515,2226.99949883815,0.0071387510135189885,-7.285052281105159e7
5310.0,4.7113028499492655,2226.9636379808685,0.007142502325969231,-7.285043775889921e7
5315.0,4.725356513903277,2226.9277601961003,0.007146231069692104,-7.28503527152757e7
5320.0,4.739448459736386,2226.891865403627,0.007149937357360159,-7.285026768015501e7
5325.0,4.753578901765286,2226.8559534888104,0.007153621297771518,-7.285018265351096e7
5330.0,4.767747986559939,2226.8200244253176,0.007157282998124456,-7.28500976353176e7
5335.0,4.781955878863096,2226.784078151903,0.0071609225759561084,-7.285001262554887e7
5340.0,4.796202799800109,2226.7481145547645,0.007164540135104109,-7.284992762417884e7
5345.0,4.810488923147628,2226.7121335663533,0.007168135781123895,-7.284984263118155e7
5350.0,4.824814449369833,2226.676135131725,0.007171709627204032,-7.284975764653108e7
5355.0,4.839179566541824,2226.6401191606665,0.0071752617771289155,-7.284967267020154e7
5360.0,4.853584452419522,2226.6040855554565,0.00717879233466202,-7.284958770216714e7
5365.0,4.868029324084564,2226.5680342488977,0.007182301409819902,-7.2849502742402e7
5370.0,4.882514377092173,2226.531965161851,0.007185789101234269,-7.284941779088037e7
5375.0,4.8970397990444585,2226.4958782100343,0.007189255517142734,-7.284933284757648e7
5380.0,4.911605749803667,2226.4597733510896,0.007192700759235004,-7.284924791246462e7
5385.0,4.926212485112387,2226.423650462242,0.007196124927471057,-7.284916298551907e7
5390.0,4.940860184691213,2226.3875094874643,0.007199528127487208,-7.284907806671415e7
5395.0,4.95554905250424,2226.3513503210174,0.007202910456007209,-7.284899315602423e7
5400.0,4.970279324070809,2226.3151728636235,0.0072062720161406935,-7.284890825342368e7
5405.0,4.985051160361602,2226.2789770632694,0.007209612906564511,-7.284882335888685e7
5410.0,4.999864759715291,2226.242762855677,0.007212933224312611,-7.284873847238825e7
5415.0,5.014720360617819,2226.206530112045,0.007216233070516203,-7.284865359390229e7
5420.0,5.02961819600072,2226.1702787684258,0.007219512542110541,-7.284856872340338e7
5425.0,5.044558439407853,2226.1340086296286,0.0072227717311443874,-7.28484838608661e7
5430.0,5.059541336698649,2226.0977197240986,0.0072260107402329675,-7.284839900626491e7
5435.0,5.074567092209099,2226.061411927718,0.007229229660140821,-7.28483141595743e7
5440.0,5.089635902836197,2226.02508518638,0.007232428389351475,-7.284822932075931e7
5445.0,5.1047480023187415,2225.9887394580655,0.007235601188704812,-7.284814448948301e7
5450.0,5.119903635707545,2225.9523745955876,0.00723876931675896,-7.284805966572106e7
5455.0,5.135102987384553,2225.9159905293413,0.007241903062666934,-7.284797484944922e7
5460.0,5.150346267186851,2225.8795871831853,0.007245026051359348,-7.284789004064319e7
5465.0,5.165633729461921,2225.8431644304665,0.007248125220249145,-7.28478052392787e7
5470.0,5.1809656116331615,2225.806722172003,0.007251206857467181,-7.284772044533156e7
5475.0,5.196342121987865,2225.770260324291,0.007254268615128179,-7.284763565877756e7
5480.0,5.211763493508533,2225.7337787944102,0.00725731112520148,-7.284755087959245e7
5485.0,5.227229984458079,2225.697277469434,0.007260334782733619,-7.284746610775207e7
5490.0,5.242741819703086,2225.6607562643785,0.007263339106306853,-7.284738134323226e7
5495.0,5.258299238747576,2225.624215072704,0.00726632472836279,-7.284729658600879e7
5500.0,5.273902498079424,2225.587653784718,0.007269291331609545,-7.284721183605754e7
5505.0,5.2895500118360115,2225.551074016296,0.007272375831130625,-7.284712709335482e7
5510.0,5.305243879963193,2225.514473726973,0.007275294235836439,-7.284704235787489e7
5515.0,5.3209840952481375,2225.4778528130046,0.0072781959677976375,-7.284695762959343e7
5520.0,5.336771273050516,2225.4412111283273,0.007281109046551763,-7.284687290855432e7
5525.0,5.3526057122240704,2225.404548636933,0.007283987720285412,-7.284678819476779e7
5530.0,5.368487674959863,2225.3678652592575,0.007286849750712968,-7.284670348821203e7
5535.0,5.384417422221468,2225.331160854755,0.007289695076240654,-7.284661878886542e7
5540.0,5.40039519121613,2225.2944353313724,0.0072925193641353225,-7.284653409670618e7
5545.0,5.4164212716919815,2225.257688580897,0.007295328537677128,-7.284644941171272e7
5550.0,5.432495948285263,2225.2209204609367,0.007298117766938214,-7.284636473386343e7
5555.0,5.448619484022606,2225.1841308488924,0.007300890394101772,-7.28462800631367e7
5560.0,5.464792135811734,2225.147319643198,0.0073036447485762875,-7.284619539951095e7
5565.0,5.481014202619223,2225.1104867256927,0.007306381599416153,-7.284611074296466e7
5570.0,5.497285931838658,2225.0736319663097,0.007309100963630606,-7.284602609347633e7
5575.0,5.513607637286095,2225.036755243863,0.007311802699767042,-7.284594145102446e7
5580.0,5.529979586827105,2224.9998564598345,0.007314487178799284,-7.284585681558761e7
5585.0,5.546402063286166,2224.962935462368,0.0073171542305508165,-7.284577218714434e7
5590.0,5.562875347527505,2224.9259921288517,0.007319804106599534,-7.28456875656732e7
5595.0,5.57939974418813,2224.8890263538256,0.007322436781956219,-7.284560295115286e7
5600.0,5.595975546639025,2224.8520379781617,0.007325052384749762,-7.284551834356195e7
5605.0,5.6126030387938695,2224.8150268820204,0.007327650980770585,-7.284543374287911e7
5610.0,5.629282548426097,2224.7779929544495,0.007330232636647588,-7.2845349149083e7
5615.0,5.646014341064396,2224.7409360306933,0.007332797444632011,-7.28452645621524e7
5620.0,5.662798746277982,2224.7038560114675,0.007335345466064451,-7.284517998206598e7
5625.0,5.679636043632609,2224.666752747262,0.007337876786289176,-7.284509540880248e7
5630.0,5.696526576698393,2224.629626087503,0.0073403914769886135,-7.28450108423407e7
5635.0,5.713470633605013,2224.592475927779,0.0073428896088603085,-7.28449262826594e7
5640.0,5.730468549339849,2224.5553021035407,0.007345371259493095,-7.28448417297374e7
5645.0,5.74752062563657,2224.5181044955,0.007347836501088088,-7.284475718355355e7
5650.0,5.764627186865703,2224.4808829682797,0.007350285408202358,-7.284467264408667e7
5655.0,5.781788541730878,2224.443637336503,0.007352718050316032,-7.284458811131562e7
5660.0,5.799005022703257,2224.4063675008933,0.007355134500162615,-7.28445035852193e7
5665.0,5.816276984501296,2224.3690732920873,0.007357534828413701,-7.284441906577659e7
5670.0,5.833604758252874,2224.3317545681302,0.007359919107105514,-7.284433455296639e7
5675.0,5.8509886486993805,2224.294411181627,0.007362287407300369,-7.284425004676764e7
5680.0,5.868429016125011,2224.257042983838,0.007364639796793393,-7.284416554715933e7
5685.0,5.885926208124195,2224.219649827442,0.007366976344830001,-7.284408105412036e7
5690.0,5.903480554643288,2224.1822315662102,0.007369297122139327,-7.284399656762974e7
5695.0,5.921092410630114,2224.144788042918,0.007371602194994075,-7.28439120876664e7
5700.0,5.938762123111035,2224.1073190827997,0.007373891633285528,-7.284382761420946e7
5705.0,5.956490062599127,2224.069824556536,0.00737616550455537,-7.284374314723781e7
5710.0,5.97427656619553,2224.0323042781883,0.007378423875320154,-7.284365868673055e7
5715.0,5.99212201131303,2223.9947581089923,0.0073806668116687775,-7.284357423266666e7
5720.0,6.010026752144114,2223.957185871198,0.007382894380730834,-7.284348978502527e7
5725.0,6.027991183071885,2223.9195874145307,0.007385106646416291,-7.284340534378538e7
5730.0,6.046015627708368,2223.8819625810897,0.007387303675319875,-7.284332090892605e7
5735.0,6.064100492936541,2223.844311188817,0.007389485531659149,-7.284323648042646e7
5740.0,6.082246177490385,2223.80663305544,0.007391652279948124,-7.284315205826558e7
5745.0,6.1004530368428975,2223.7689280204804,0.007393803984708593,-7.284306764242257e7
5750.0,6.118721456228556,2223.73119592808,0.007395940707892889,-7.284298323287652e7
5755.0,6.137051844252722,2223.6934365911834,0.007398062516959834,-7.284289882960656e7
5760.0,6.155444605871075,2223.6556498296645,0.007400169468260944,-7.284281443259184e7
5765.0,6.173900128404606,2223.617835478118,0.007402261626619143,-7.284273004181139e7
5770.0,6.1924187750782345,2223.5799933563094,0.007404339053649572,-7.284264565724444e7
5775.0,6.211000989739498,2223.542123266864,0.007406401812260098,-7.28425612788701e7
5780.0,6.2296471890981095,2223.5042250246306,0.007408449958446881,-7.284247690666753e7
5785.0,6.248357759810294,2223.4662984841493,0.007410483559416449,-7.284239254061586e7
5790.0,6.267133131700557,2223.428343421869,0.007412502669060059,-7.284230818069422e7
5795.0,6.2859737345160696,2223.390359661431,0.007414507351407806,-7.284222382688186e7
5800.0,6.304879983417953,2223.352346993215,0.00741649766178025,-7.284213947915784e7
5805.0,6.323852329647835,2223.314305239923,0.007418473660261375,-7.284205513750136e7
5810.0,6.342891196534845,2223.276234196866,0.007420435407289682,-7.28419708018916e7
5815.0,6.361997039168106,2223.2381336859894,0.007422382957865598,-7.284188647230768e7
5820.0,6.381170253677544,2223.200003499063,0.007424316369604778,-7.284180214872882e7
5825.0,6.400411292610158,2223.1618434634825,0.007426235701992006,-7.284171783113416e7
5830.0,6.419720669307539,2223.1236533180186,0.007428141009766739,-7.284163351950292e7
5835.0,6.439098800901091,2223.085432883646,0.007430032347738661,-7.284154921381415e7
5840.0,6.458546154159743,2223.0471819558934,0.007431909776374521,-7.284146491404712e7
5845.0,6.4780631808246,2223.008900336404,0.007433773343550637,-7.284138062018096e7
5850.0,6.4976503804684445,2222.9705877813576,0.007435623109427941,-7.284129633219482e7
5855.0,6.5173082106740345,2222.9322440941946,0.007437459132525118,-7.284121205006786e7
5860.0,6.5370371796747255,2222.893869048989,0.007439281454879751,-7.284112777377921e7
5865.0,6.55683775027195,2222.855462430503,0.007441090143057518,-7.284104350330806e7
5870.0,6.5767104289442715,2222.8170240025615,0.007442885241029635,-7.28409592386335e7
5875.0,6.59665565268496,2222.778553592833,0.007444666806715322,-7.284087497973473e7
5880.0,6.61667402149745,2222.740050914363,0.007446434890758068,-7.284079072659087e7
5885.0,6.6367660012313765,2222.7015157508667,0.007448189546552761,-7.2840706479181e7
5890.0,6.656932071240636,2222.662947887471,0.007449930824134883,-7.284062223748425e7
5895.0,6.677172735294067,2222.6243471054436,0.007451658775841846,-7.28405380014798e7
5900.0,6.697488585041467,2222.5857131414614,0.007453373453839861,-7.284045377114666e7
5905.0,6.717880114880778,2222.547045747054,0.007455074903765534,-7.284036954646394e7
5910.0,6.738347883761533,2222.508344692145,0.00745676318031412,-7.284028532741076e7
5915.0,6.758892411258351,2222.469609709637,0.007458438331855905,-7.284020111396615e7
5920.0,6.779514252889236,2222.430840584525,0.007460100408343821,-7.284011690610921e7
5925.0,6.800213949705846,2222.392037035874,0.007461749459628319,-7.284003270381896e7
5930.0,6.8209920731168685,2222.353198813508,0.007463385526977353,-7.283994850707442e7
5935.0,6.841849160271604,2222.314325700601,0.007465008670884364,-7.283986431585467e7
5940.0,6.862785798143679,2222.275417398127,0.007466618929064253,-7.283978013013868e7
5945.0,6.883802562944977,2222.2364736698437,0.007468216352401664,-7.283969594990547e7
5950.0,6.904900047871468,2222.197494203041,0.0074698009888836915,-7.2839611775134e7
5955.0,6.926078811646925,2222.1584787656875,0.007471372881968779,-7.283952760580324e7
5960.0,6.947339479904722,2222.1194270699357,0.007472932079645637,-7.283944344189213e7
5965.0,6.968682638997836,2222.080338866854,0.007474478629462493,-7.283935928337963e7
5970.0,6.9901089110737775,2222.0412138386137,0.007476012573909388,-7.283927513024467e7
5975.0,7.011618909641631,2222.002051742961,0.007477533959658693,-7.283919098246609e7
5980.0,7.033213240396197,2221.962852280336,0.007479042830049206,-7.28391068400228e7
5985.0,7.054892548033493,2221.9236151461946,0.00748053922910702,-7.283902270289369e7
5990.0,7.076657455816076,2221.8843400599712,0.00748202320512785,-7.283893857105757e7
5995.0,7.098508616833675,2221.8450267401963,0.007483494795198053,-7.283885444449323e7
6000.0,7.120446671340919,2221.8056748838553,0.007484954045131453,-7.283877032317956e7
6005.0,7.142472307471945,2221.766284175343,0.0074864009975445026,-7.283868620709525e7
6010.0,7.164586175352533,2221.726854309051,0.0074878356946290305,-7.283860209621911e7
6015.0,7.1867889148786865,2221.6873849875974,0.007489258180448066,-7.283851799052982e7
6020.0,7.209081262502517,2221.6478758701646,0.007490668492010345,-7.283843389000614e7
6025.0,7.231463892182544,2221.6083266627747,0.007492066674205611,-7.28383497946267e7
6030.0,7.253937467689246,2221.568737059275,0.007493452766068277,-7.283826570437017e7
6035.0,7.27650272800704,2221.5291067043045,0.0074948268075602275,-7.283818161921519e7
6040.0,7.299160373678416,2221.4894352800347,0.007496188840218861,-7.283809753914039e7
6045.0,7.321911129804081,2221.4497224502684,0.007497538905200886,-7.283801346412428e7
6050.0,7.344755726041399,2221.4099678864327,0.00749887703591947,-7.283792939414546e7
6055.0,7.36769488733765,2221.3701712481143,0.007500203276416478,-7.28378453291824e7
6060.0,7.390729380060872,2221.330332154937,0.007501517661601125,-7.283776126921362e7
6065.0,7.413859962865367,2221.290450306994,0.00750282023332375,-7.28376772142176e7
6070.0,7.437087419841345,2221.250525301455,0.007504111021664434,-7.28375931641727e7
6075.0,7.460412479841439,2221.2105568394777,0.007505390073030784,-7.283750911905736e7
6080.0,7.483835949836188,2221.1705445108114,0.007506657420220447,-7.283742507884991e7
6085.0,7.507358626850788,2221.13048796736,0.007507913099776609,-7.283734104352869e7
6090.0,7.53098131410738,2221.0903868255396,0.00750915714867907,-7.283725701307201e7
6095.0,7.5547048198721125,2221.0502407110976,0.00751038960120333,-7.28371729874581e7
6100.0,7.578529967996463,2221.0100492351003,0.007511610491288726,-7.283708896666515e7
6105.0,7.6024575826902385,2220.9698120137173,0.007512819857051298,-7.28370049506714e7
6110.0,7.626488538536023,2220.9295286578513,0.007514017730296118,-7.283692093945497e7
6115.0,7.650623631141038,2220.889198789721,0.007515204147573007,-7.283683693299395e7
6120.0,7.674863774632592,2220.8488219937817,0.007516379138696467,-7.28367529312664e7
6125.0,7.699209827808025,2220.8083978507034,0.007517542742346145,-7.283666893425037e7
6130.0,7.723662658975015,2220.7679259618435,0.00751869498976528,-7.283658494192381e7
6135.0,7.748223204989478,2220.727405881835,0.007519835908197889,-7.283650095426472e7
6140.0,7.7728923517405235,2220.6868372171893,0.007520965533750683,-7.283641697125092e7
6145.0,7.797671041342077,2220.646219534385,0.007522083902282795,-7.28363329928603e7
6150.0,7.822560154039321,2220.6055523926416,0.007523191039178751,-7.283624901907068e7
6155.0,7.847560677102697,2220.5648353552974,0.007524286976303925,-7.283616504985978e7
6160.0,7.872673550570788,2220.5240679614353,0.007525371743184906,-7.283608108520538e7
6165.0,7.897899756933819,2220.4832497558914,0.007526445374013343,-7.28359971250851e7
6170.0,7.923240269997071,2220.442380284544,0.007527507894232945,-7.283591316947655e7
6175.0,7.948696091996954,2220.4014590866714,0.007528559334416961,-7.283582921835732e7
6180.0,7.974268205423256,2220.360485698377,0.007529599723734474,-7.283574527170493e7
6185.0,7.999957612677191,2220.3194596374915,0.007530629092278866,-7.283566132949683e7
6190.0,8.033330054598201,2220.275956840494,0.007507768567009931,-7.283557427152336e7
6195.0,8.067281236642666,2220.231780895457,0.007525786508269941,-7.283548722211203e7
6200.0,8.100911877243727,2220.1881805725707,0.007524314787943131,-7.283540018096223e7
6205.0,8.134704066832969,2220.144501654795,0.007517284756946738,-7.283531314807864e7
6210.0,8.16864256809404,2220.1007473240993,0.007530192323355726,-7.283522612344651e7
6215.0,8.20273139994796,2220.0569261526052,0.007520448607664909,-7.283513910703456e7
6220.0,8.236969426804624,2220.013035182813,0.007529022593573661,-7.283505209883958e7
6225.0,8.271359886415128,2219.9690722592704,0.00752554631548701,-7.2834965098831e7
6230.0,8.305903331270276,2219.9250392996737,0.007528582383649585,-7.283487810699928e7
6235.0,8.340601470736626,2219.880933131462,0.0075289392607583,-7.283479112332162e7
6240.0,8.375455897128896,2219.836754896261,0.007529699962956362,-7.283470414783381e7
6245.0,8.410467992297699,2219.7925026563375,0.007531091652672177,-7.283461718073928e7
6250.0,8.44563949916318,2219.748176252202,0.007531523203291174,-7.28345302220194e7
6255.0,8.48097180146408,2219.703774777054,0.007532805417912593,-7.283444327165669e7
6260.0,8.516466580664908,2219.659297468746,0.0075334527433404234,-7.283435632963252e7
6265.0,8.55212540810963,2219.6147436386905,0.007534466657047791,-7.28342693959293e7
6270.0,8.5879499753979,2219.570112559169,0.007535295862225464,-7.283418247055796e7
6275.0,8.623941959060119,2219.5254038500466,0.007536120728954106,-7.283409555353346e7
6280.0,8.660103114632419,2219.4806159875247,0.007537067127965164,-7.283400864483878e7
6285.0,8.696435059358887,2219.4357483511667,0.0075378334553878705,-7.283392174445654e7
6290.0,8.732939524883587,2219.3908000986316,0.007538710984395143,-7.283383485236949e7
6295.0,8.769618265917696,2219.345770366696,0.007539502803167807,-7.283374796856028e7
6300.0,8.806473079554202,2219.3006583112347,0.007540325402608291,-7.283366109301187e7
6305.0,8.843505781182722,2219.255463050909,0.007541117119360879,-7.283357422570719e7
6310.0,8.880718229547682,2219.210183711229,0.007541904699107441,-7.283348736662926e7
6315.0,8.91811229278044,2219.164819407957,0.007542681695446497,-7.283340051576126e7
6320.0,8.95568990218848,2219.119369191492,0.007543444642343822,-7.283331367308632e7
6325.0,8.99345298837305,2219.073832125675,0.0075442004167940386,-7.283322683858778e7
6330.0,9.031403528492197,2219.02820728727,0.007544942306269262,-7.283314001224904e7
6335.0,9.069543517724588,2218.9824937215603,0.007545675429386814,-7.28330531940536e7
6340.0,9.107875006928886,2218.9366903981418,0.007546396552599484,-7.2832966383985e7
6345.0,9.146400043158271,2218.890796377724,0.007547107373300726,-7.283287958202694e7
6350.0,9.185120750607654,2218.844810639694,0.007547807268653599,-7.28327927881632e7
6355.0,9.224039248603734,2218.798732150296,0.007548496272830578,-7.283270600237758e7
6360.0,9.263157741262939,2218.7525598508346,0.007549174626649993,-7.283261922465414e7
6365.0,9.30247843348311,2218.7062926503577,0.0075498420404529875,-7.28325324549768e7
6370.0,9.342003592840923,2218.659929482552,0.0075504987676517366,-7.283244569332981e7
6375.0,9.381735759785823,2218.6134689811242,0.007551180087646772,-7.283235893981457e7
6380.0,9.421666446497865,2218.566921555656,0.0075514377954813685,-7.283227219454086e7
6385.0,9.46171431885739,2218.520503490728,0.0074025547976839905,-7.283218546391878e7
6390.0,9.501708656213474,2218.4739714149628,0.0074752480892238725,-7.283209875496805e7
6395.0,9.541778585600616,2218.4273814121007,0.007454432380908401,-7.28320120676373e7
6400.0,9.581838101034055,2218.380801772625,0.007458154283593884,-7.283192540183711e7
6405.0,9.621913759721473,2218.3342051853556,0.00746186627770314,-7.283183875748934e7
6410.0,9.6619991866849,2218.2875989929726,0.007460755963650921,-7.283175213451365e7
6415.0,9.702095003939164,2218.240982086337,0.007463622373865192,-7.283166553283216e7
6420.0,9.742201504885694,2218.19435439451,0.007464042265684783,-7.283157895236497e7
6425.0,9.782318235104125,2218.147716262954,0.007465721274884905,-7.283149239303482e7
6430.0,9.8224452662286,2218.101067691522,0.0074668417626534206,-7.283140585476331e7
6435.0,9.862582425339568,2218.0544087896487,0.007468104290020928,-7.28313193374733e7
6440.0,9.902729618459974,2218.007739686965,0.007469393786254724,-7.283123284108768e7
6445.0,9.942886778950866,2217.961060453565,0.007470569547280127,-7.283114636552979e7
6450.0,9.983053773391326,2217.9143712148684,0.007471842522228538,-7.28310599107235e7
6455.0,10.023230518712642,2217.867672056669,0.007473022322993352,-7.283097347659291e7
6460.0,10.063416915562692,2217.820963088144,0.007474246376762898,-7.283088706306261e7
6465.0,10.103612881295222,2217.7742443470097,0.00747543311018672,-7.283080067015775e7
6470.0,10.143818405647623,2217.7275158911852,0.007476620250659446,-7.283071429796994e7
6475.0,10.18403332998738,2217.680777867118,0.007477794156068754,-7.28306279464223e7
6480.0,10.22425757361711,2217.6340303407696,0.007478959325445396,-7.283054161543842e7
6485.0,10.264488383676847,2217.587276538666,0.00747990523715407,-7.283045530546068e7
6490.0,10.304723363463568,2217.5405192795156,0.007481271274572811,-7.28303690167443e7
6495.0,10.344966998058606,2217.4937534173987,0.0074829635307612895,-7.283028274921046e7
6500.0,10.385220407835869,2217.446977684783,0.007483718078265476,-7.283019650278261e7
6505.0,10.425483342680105,2217.400192197545,0.007485117082412633,-7.283011027738383e7
6510.0,10.465755844065605,2217.3533969698706,0.0074861682418362495,-7.283002407293716e7
6515.0,10.506037766503491,2217.306592155615,0.007487363623280839,-7.282993788936643e7
6520.0,10.546329040264087,2217.259777788493,0.007488489627396507,-7.282985172659563e7
6525.0,10.586629548355635,2217.212954013144,0.007489620563042924,-7.282976558454925e7
6530.0,10.626939214479092,2217.166120901322,0.007490747936585068,-7.282967946315216e7
6535.0,10.66725791096011,2217.119278564691,0.007491853846192619,-7.28295933623296e7
6540.0,10.707585576203345,2217.072427071214,0.0074929624322495276,-7.282950728200719e7
6545.0,10.747922113441303,2217.0255665238446,0.007494052827412295,-7.282942122211096e7
6550.0,10.78826739227012,2216.978697059351,0.007495139774635871,-7.282933518256728e7
6555.0,10.828621358182856,2216.9318187164163,0.007496214665187637,-7.282924916330299e7
6560.0,10.868983908918384,2216.884931601666,0.007497281626588777,-7.282916316424522e7
6565.0,10.90935495738639,2216.838035814743,0.007498339521543664,-7.282907718532145e7
6570.0,10.949734419858688,2216.7911314430116,0.0074993880612648865,-7.282899122645961e7
6575.0,10.990122211902095,2216.744218565449,0.007500428197115529,-7.282890528758794e7
6580.0,11.030518203391065,2216.6972973043607,0.007501459036261045,-7.282881936863509e7
6585.0,11.070922339621942,2216.650367716266,0.007502481360972566,-7.282873346953e7
6590.0,11.111334537880207,2216.603429889885,0.0075034947313228646,-7.282864759020206e7
6595.0,11.15175469780019,2216.556483917759,0.007504499451985957,-7.282856173058094e7
6600.0,11.19218267155932,2216.5095299368,0.0075065197919515925,-7.282847589163369e7
6605.0,11.232618393102465,2216.4625680305226,0.0075085837725966924,-7.282839007358836e7
6610.0,11.273061772083993,2216.415598284362,0.007510584659083723,-7.282830427636461e7
6615.0,11.313512713369414,2216.368620815282,0.0075125755885885066,-7.28282184998825e7
6620.0,11.353971137260778,2216.3216356789667,0.007514544150988453,-7.282813274406253e7
6625.0,11.394436949728837,2216.2746429809094,0.007516502931484939,-7.282804700882564e7
6630.0,11.434910100038813,2216.227642790213,0.007518441406946475,-7.28279612940931e7
6635.0,11.475390456169617,2216.180635194334,0.0075203669902024215,-7.282787559978674e7
6640.0,11.515877931430843,2216.1336202819643,0.007522275552903423,-7.28277899258287e7
6645.0,11.55637251872584,2216.086598093852,0.007524229009752102,-7.28277042721506e7
6650.0,11.596874106483325,2216.0395686928205,0.007526125521539943,-7.282761863871536e7
6655.0,11.637382541763948,2215.992532262728,0.007528059843544693,-7.282753302548e7
6660.0,11.67789782866023,2215.9454888293194,0.0075298658458904525,-7.28274474323677e7
6665.0,11.718419855786047,2215.8984384637756,0.00753171912079687,-7.282736185930246e7
6670.0,11.7589485430667,2215.851381256724,0.007533541134362851,-7.282727630620855e7
6675.0,11.799483830493164,2215.804317301279,0.007535339349763091,-7.282719077301058e7
6680.0,11.840025624828943,2215.7572466508423,0.007537139991864308,-7.282710525963368e7
6685.0,11.880573821832323,2215.71016942657,0.007538908853802877,-7.282701976600325e7
6690.0,11.921128379977635,2215.663085660893,0.007540675747067278,-7.282693429204515e7
6695.0,11.9616891886371,2215.6159954789923,0.007542419901361433,-7.282684883768559e7
6700.0,12.002256186034993,2215.568898944828,0.007544153612517096,-7.282676340285113e7
6705.0,12.042829271528854,2215.521796135756,0.007545871280918749,-7.282667798746876e7
6710.0,12.083408373873494,2215.4746871479438,0.007547574558665938,-7.282659259146583e7
6715.0,12.123993441455934,2215.427572033549,0.007549264084569265,-7.282650721477e7
6720.0,12.16458435913964,2215.3804508738754,0.007550938595860485,-7.282642185730934e7
6725.0,12.205181063271432,2215.333323765864,0.007552599544490188,-7.282633651901233e7
6730.0,12.245783475485675,2215.2861907704173,0.007554245947214183,-7.282625119980773e7
6735.0,12.286391546075949,2215.239051957615,0.007555878565885237,-7.282616589962468e7
6740.0,12.327005151172328,2215.1919074185853,0.007557497119794044,-7.282608061839269e7
6745.0,12.367624231372513,2215.1447572245547,0.007559101828695153,-7.282599535604163e7
6750.0,12.408248711807675,2215.0976014849507,0.007560692753093889,-7.282591011250168e7
6755.0,12.448878547178358,2215.050440203054,0.007562269931522692,-7.282582488770334e7
6760.0,12.489513627555183,2215.0032734937085,0.007563833496562964,-7.28257396815776e7
6765.0,12.530153900790319,2214.9561014365263,0.0075653834783376145,-7.282565449405564e7
6770.0,12.570799265873799,2214.9089241132365,0.007566920030229685,-7.282556932507059e7
6775.0,12.611449680502655,2214.861741579603,0.007568443460909003,-7.282548417456765e7
6780.0,12.65210503066493,2214.8145539134393,0.00756995276245008,-7.282539904247898e7
6785.0,12.692765273778742,2214.7673611873406,0.007571449523737856,-7.282531392873691e7
6790.0,12.73343035065522,2214.720163467407,0.007572932675822556,-7.282522883327423e7
6795.0,12.774100152421228,2214.6729608286823,0.0075744029207589015,-7.282514375602393e7
6800.0,12.814774621630095,2214.6257533668077,0.007575860032406283,-7.282505869691941e7
6805.0,12.855453677498529,2214.5785411307356,0.007577304207553463,-7.282497365589438e7
6810.0,12.89613727764855,2214.5313241966783,0.007578735485937394,-7.282488863288288e7
6815.0,12.936825317880674,2214.48410263409,0.0075801539310981336,-7.282480362781921e7
6820.0,12.977517760505707,2214.4368765266827,0.007581559640503509,-7.282471864063807e7
6825.0,13.018214515974641,2214.389645925078,0.007582952661974758,-7.282463367127436e7
6830.0,13.058915506416911,2214.3424109075117,0.0075843330812517895,-7.282454871966341e7
6835.0,13.099620667742329,2214.2951715393447,0.007585700961199514,-7.282446378574076e7
6840.0,13.140329938864664,2214.247927881302,0.007587056378617467,-7.282437886944233e7
6845.0,13.181043227306589,2214.2006800373183,0.007588399399609727,-7.282429397070433e7
6850.0,13.221760521073335,2214.153428041582,0.007589730094238353,-7.282420908946317e7
6855.0,13.262481719501734,2214.1061719618315,0.007591048531666691,-7.282412422565572e7
6860.0,13.303206735212902,2214.058911884536,0.007592354783978722,-7.282403937921906e7
6865.0,13.343935538825027,2214.01164786036,0.007593648917462678,-7.28239545500905e7
6870.0,13.38466803863664,2213.964379978822,0.007594930996411058,-7.282386973820776e7
6875.0,13.425404175069968,2213.9171082773073,0.007596201095278372,-7.282378494350882e7
6880.0,13.46614387399758,2213.8698328350397,0.0075974592769893325,-7.282370016593193e7
6885.0,13.506887072586496,2213.8225537379494,0.007598705607964405,-7.282361540541561e7
6890.0,13.547633722603031,2213.775271014808,0.007599940156782146,-7.282353066189864e7
6895.0,13.58838373777135,2213.727984753894,0.007601162990518235,-7.282344593532018e7
6900.0,13.62913706932289,2213.6806950017913,0.0076023741726051995,-7.28233612256196e7
6905.0,13.669893630118311,2213.6334018756525,0.0076035737676934684,-7.282327653273652e7
6910.0,13.710653376145226,2213.5861053754725,0.007604761844368063,-7.282319185661091e7
6915.0,13.751416225494896,2213.5388056086235,0.0076062782861722415,-7.282310719756304e7
6920.0,13.792182112217983,2213.4915026454214,0.007607932617271407,-7.28230225557909e7
6925.0,13.832950957023078,2213.4441965422398,0.0076095276333909756,-7.282293793123366e7
6930.0,13.873722715463531,2213.3968873566196,0.0076111154512869955,-7.282285332383074e7
6935.0,13.914497450855107,2213.349575038342,0.007612689348520343,-7.28227687336339e7
6940.0,13.955276253401445,2213.302258409894,0.007614257036697522,-7.282268416172116e7
6945.0,13.996058598899927,2213.2549380815135,0.007615790148695317,-7.282259960801989e7
6950.0,14.036843988517486,2213.2076145174747,0.007617341750257257,-7.28225150724576e7
6955.0,14.07763241354258,2213.1602877583227,0.007618860618863262,-7.28224305549621e7
6960.0,14.118423837328706,2213.112957845976,0.007620376756100903,-7.282234605546154e7
6965.0,14.159218117896742,2213.065624871484,0.0076218769706879515,-7.282226157388444e7
6970.0,14.200015244576095,2213.018288906635,0.00762336604755866,-7.282217711015967e7
6975.0,14.24081510710675,2212.970950015668,0.007624842951523114,-7.282209266421634e7
6980.0,14.281617624027207,2212.9236083122414,0.007626307498693702,-7.2822008235984e7
6985.0,14.322422758576623,2212.8762638447565,0.007627760350958202,-7.282192382539241e7
6990.0,14.36323041848236,2212.828916652918,0.007629200997325869,-7.282183943237177e7
6995.0,14.404040514785576,2212.7815668687945,0.007630629915375459,-7.282175505685252e7
7000.0,14.444852975293253,2212.7342145161942,0.007632046909229443,-7.282167069876543e7
7005.0,14.485667763251309,2212.6868597033576,0.007633452165818082,-7.282158635804163e7
7010.0,14.526484778684491,2212.6395024924245,0.007634845693593979,-7.282150203461254e7
7015.0,14.567303951484774,2212.5921429354958,0.007636227558708735,-7.282141772840983e7
7020.0,14.608125239790374,2212.5447811028084,0.007637597830485434,-7.282133343936557e7
7025.0,14.648948555991893,2212.4974170903392,0.007638956550757133,-7.282124916741209e7
7030.0,14.689773820242067,2212.4500509437394,0.007640303787761362,-7.282116491248207e7
7035.0,14.730600961852247,2212.4026827371513,0.007641639592819627,-7.28210806745084e7
7040.0,14.771429936516341,2212.355312542897,0.007642964028017515,-7.282099645342435e7
7045.0,14.812260686173316,2212.3079404217633,0.007644277144259144,-7.282091224916346e7
7050.0,14.853093090657719,2212.2605664491703,0.007645578996625928,-7.282082806165957e7
7055.0,14.893927128003904,2212.2131906980126,0.0076468696464910575,-7.28207438908468e7
7060.0,14.934762710403344,2212.165813223725,0.007648149144194454,-7.28206597366596e7
7065.0,14.975599792792444,2212.1184340999257,0.007649417546584562,-7.282057559903269e7
7070.0,15.016438277982695,2212.0710533892425,0.007650674910162097,-7.282049147790103e7
7075.0,15.057278093222576,2212.023671183346,0.007651921289590948,-7.282040737319991e7
7080.0,15.098119239939193,2211.976287488267,0.007653156734311932,-7.282032328486492e7
7085.0,15.138961602718231,2211.928902392135,0.007654381303702556,-7.282023921283188e7
7090.0,15.179805097995704,2211.8815159987034,0.007655595045928567,-7.282015515703695e7
7095.0,15.220649673404727,2211.834128353427,0.007656798019055179,-7.28200711174165e7
7100.0,15.26149530583345,2211.7867395027024,0.0076579902729484875,-7.28199870939072e7
7105.0,15.302341902598815,2211.7393495768633,0.007659221514410235,-7.281990308644989e7
7110.0,15.343189416418488,2211.6919587125076,0.0076603228617444915,-7.281981909500378e7
7115.0,15.384037861253859,2211.6445667392377,0.0076615537985336235,-7.281973511950716e7
7120.0,15.424887092534817,2211.597173798896,0.007662662922487301,-7.281965115989771e7
7125.0,15.465737043294752,2211.5497799988334,0.007663827137570926,-7.281956721611346e7
7130.0,15.506587645462185,2211.502385350182,0.0076649454297703454,-7.28194832880927e7
7135.0,15.547438831691437,2211.4549899517615,0.007666071333134416,-7.281939937577395e7
7140.0,15.588290586405892,2211.407593834607,0.007667179379530728,-7.2819315479096e7
7145.0,15.629142795459916,2211.3601971041326,0.0076682788455482275,-7.281923159799787e7
7150.0,15.669995437032314,2211.3127997701536,0.00766936923954383,-7.281914773241888e7
7155.0,15.71084844021861,2211.265401906306,0.00767044741952287,-7.281906388229856e7
7160.0,15.751701750640214,2211.2180035693304,0.007671517466038128,-7.281898004757677e7
7165.0,15.792555280001242,2211.170604846977,0.0076725759691465495,-7.281889622819354e7
7170.0,15.833409005097892,2211.1232057760944,0.007673625395579657,-7.281881242408918e7
7175.0,15.874262834099708,2211.0758064292304,0.007674664383152852,-7.281872863520421e7
7180.0,15.91511674231098,2211.0284068452684,0.0076756936331744165,-7.281864486147952e7
7185.0,15.955970652756594,2210.981007098091,0.007676713018140634,-7.281856110285611e7
7190.0,15.996824512323755,2210.9336072291694,0.007677722518026098,-7.281847735927522e7
7195.0,16.037678246676133,2210.886207329758,0.0076787223339959045,-7.281839363067845e7
7200.0,16.078531810907187,2210.8388074353034,0.007679712359877726,-7.28183099170075e7
