t_seconds,step_end,level,z_m,ρq_tot,ρq_tag_pbl,ρq_tag_free,q_tag_led_fix_pbl,q_tag_led_fix_free,q_tag_led_inc_pbl,q_tag_led_inc_free,q_tag_exp_negative,q_tag_inc_negative
600.0,0.0,0.0,0.0,30.552633454283658,14.126186757709235,16.42644669657441,0.0,0.0,-4.336808689942018e-19,-8.700087159485732e-19,0.0,0.0
600.0,0.0,8.0,309.6005461847451,0.015094065521727608,0.01507869192887736,1.5373592850238506e-5,0.0,0.0,2.019151223330498e-5,2.5878110532639396e-7,0.0,0.0
600.0,0.0,9.0,369.2537048460309,0.014948276445880765,0.014920544189267589,2.7732256613171686e-5,0.0,0.0,1.979998028518509e-5,5.736415928957584e-7,0.0,0.0
600.0,0.0,10.0,434.5913423678227,0.01478445336555744,0.014731574280992126,5.2879084565292485e-5,0.0,0.0,1.9822915815004918e-5,1.3418838931829288e-6,0.0,0.0
600.0,0.0,11.0,506.144369817243,0.014577585862538352,0.014470801936418393,0.00010678392611996514,0.0,0.0,1.2231114203270147e-5,3.1911469905660342e-6,0.0,0.0
600.0,0.0,12.0,584.4911196296998,0.014139746637978881,0.013913632230638486,0.0002261144073403738,0.0,0.0,9.358384733739114e-6,8.039436381320872e-6,0.0,0.0
600.0,0.0,13.0,670.2611456323448,0.013660291157011069,0.01315331990099465,0.0005069712560164232,0.0,0.0,-5.864391433317361e-6,2.0364581128181377e-5,0.0,0.0
600.0,0.0,14.0,764.1392382751876,0.01310661182429079,0.01192804036301403,0.0011785714612767527,0.0,0.0,-3.5346464500325766e-5,4.745082449798092e-5,0.0,0.0
610.0,1.0,0.0,0.0,30.552675102281874,14.126574423691151,16.42610067859071,0.0,0.0,8.673617379884035e-19,-6.2187041405042595e-18,0.0,0.0
610.0,1.0,8.0,309.6005461847451,0.015093573771381754,0.01507820158197886,1.5372189402882414e-5,0.0,0.0,1.9838271757242095e-5,2.5752961201844883e-7,0.0,0.0
610.0,1.0,9.0,369.2537048460309,0.014947789140591496,0.014920059643780365,2.772949681113036e-5,0.0,0.0,1.945570746401351e-5,5.711433068038255e-7,0.0,0.0
610.0,1.0,10.0,434.5913423678227,0.014783962934444008,0.01473108963367953,5.287330076445868e-5,0.0,0.0,1.9487403080216538e-5,1.3366354028026306e-6,0.0,0.0
610.0,1.0,11.0,506.144369817243,0.014577065397161216,0.014470294463190326,0.0001067709339708969,0.0,0.0,1.192238388012221e-5,3.1796213410788895e-6,0.0,0.0
610.0,1.0,12.0,584.4911196296998,0.014139272750323851,0.01391318783952215,0.00022608491080167967,0.0,0.0,9.116696162484244e-6,8.013233820914605e-6,0.0,0.0
610.0,1.0,13.0,670.2611456323448,0.013659818373118955,0.013152918633032674,0.0005068997400862864,0.0,0.0,-6.055247621379025e-6,2.030117459497357e-5,0.0,0.0
610.0,1.0,14.0,764.1392382751876,0.013106167796792528,0.011927771828135316,0.0011783959686572038,0.0,0.0,-3.541372890925672e-5,4.7295217226171065e-5,0.0,0.0
620.0,1.0,0.0,0.0,30.552716307314316,14.126961654051154,16.42575465326315,0.0,0.0,-8.673617379884035e-19,-2.7252226286723046e-18,0.0,0.0
620.0,1.0,8.0,309.6005461847451,0.015093493122698858,0.015078120834117213,1.5372288581627122e-5,0.0,0.0,1.9894627074442153e-5,2.577811328645062e-7,0.0,0.0
620.0,1.0,9.0,369.2537048460309,0.014947704532303875,0.014919974703993071,2.7729828310804035e-5,0.0,0.0,1.951104045975953e-5,5.71736338378515e-7,0.0,0.0
620.0,1.0,10.0,434.5913423678227,0.0147838686678224,0.014730994459429256,5.287420839312613e-5,0.0,0.0,1.9541371135165357e-5,1.338078350500216e-6,0.0,0.0
620.0,1.0,11.0,506.144369817243,0.014576913034428781,0.014470140031889886,0.0001067730025389033,0.0,0.0,1.1966690860748143e-5,3.183156315525285e-6,0.0,0.0
620.0,1.0,12.0,584.4911196296998,0.0141391137991038,0.013913023105469388,0.00022609069363439135,0.0,0.0,9.15466562019732e-6,8.02231049859859e-6,0.0,0.0
620.0,1.0,13.0,670.2611456323448,0.013659641510468914,0.013152726570411052,0.000506914940057866,0.0,0.0,-6.036901194426647e-6,2.0324483450904967e-5,0.0,0.0
620.0,1.0,14.0,764.1392382751876,0.013105982369696538,0.011927551201302919,0.00117843116839361,0.0,0.0,-3.543309379073313e-5,4.7350300335596025e-5,0.0,0.0
630.0,1.0,0.0,0.0,30.552756991430027,14.127348348979934,16.42540864245008,0.0,0.0,4.336808689942018e-19,-2.7999732862674966e-18,0.0,0.0
630.0,1.0,8.0,309.6005461847451,0.015093780884868954,0.015078406372218871,1.5374512650066155e-5,0.0,0.0,2.031726896822026e-5,2.6015811865317286e-7,0.0,0.0
630.0,1.0,9.0,369.2537048460309,0.014947982876226059,0.014920248159679045,2.7734716547018405e-5,0.0,0.0,1.9924772789970224e-5,5.768861622143898e-7,0.0,0.0
630.0,1.0,10.0,434.5913423678227,0.014784135751699935,0.014731250331723619,5.288541997629624e-5,0.0,0.0,1.9946404251728312e-5,1.3498253780194031e-6,0.0,0.0
630.0,1.0,11.0,506.144369817243,0.014577079632380656,0.014470280577099509,0.00010679905528115428,0.0,0.0,1.2305981112351165e-5,3.2106757106390823e-6,0.0,0.0
630.0,1.0,12.0,584.4911196296998,0.014139245004002281,0.013913089811210476,0.00022615519279178288,0.0,0.0,9.424083163220991e-6,8.090104166874962e-6,0.0,0.0
630.0,1.0,13.0,670.2611456323448,0.013659730263902967,0.013152653275874965,0.0005070769880280037,0.0,0.0,-5.899780241015068e-6,2.0494642075688814e-5,0.0,0.0
630.0,1.0,14.0,764.1392382751876,0.013106026867871465,0.011927214111987315,0.0011788127558841387,0.0,0.0,-3.5568922997659953e-5,4.775177506357084e-5,0.0,0.0
640.0,1.0,0.0,0.0,30.55279708169647,14.127734416975603,16.425062664720855,0.0,0.0,1.6167875713126395e-64,1.8295911660692887e-19,0.0,0.0
640.0,1.0,8.0,309.6005461847451,0.015094346210482055,0.015078967772733898,1.537843774814258e-5,0.0,0.0,2.1015776371217895e-5,2.642370245355047e-7,0.0,0.0
640.0,1.0,9.0,369.2537048460309,0.014948534990632934,0.014920791740396606,2.7743250236328713e-5,0.0,0.0,2.0608636715093494e-5,5.85681536990369e-7,0.0,0.0
640.0,1.0,10.0,434.5913423678227,0.014784675856594794,0.014731770985246457,5.290487134831534e-5,0.0,0.0,2.0616247660742246e-5,1.3698124425480958e-6,0.0,0.0
640.0,1.0,11.0,506.144369817243,0.014577485349653354,0.014470641079589482,0.00010684427006387966,0.0,0.0,1.2865242850046884e-5,3.257357724940021e-6,0.0,0.0
640.0,1.0,12.0,584.4911196296998,0.01413959577772355,0.013913329172140275,0.00022626660558325377,0.0,0.0,9.866170830634469e-6,8.204812983553255e-6,0.0,0.0
640.0,1.0,13.0,670.2611456323448,0.01366001928602036,0.013152663102020503,0.0005073561839998558,0.0,0.0,-5.679524857108133e-6,2.0781952855862094e-5,0.0,0.0
640.0,1.0,14.0,764.1392382751876,0.013106244549729562,0.011926775039819426,0.0011794695099101235,0.0,0.0,-3.5806731918849105e-5,4.842842624175808e-5,0.0,0.0
650.0,1.0,0.0,0.0,30.55283652089766,14.128119788106838,16.424716732790806,0.0,0.0,-2.168404344971009e-18,-5.663791680934286e-18,0.0,0.0
650.0,1.0,8.0,309.6005461847451,0.0150950691358233,0.015079685806151485,1.538332967180049e-5,0.0,0.0,2.187092048818961e-5,2.6928408690393756e-7,0.0,0.0
650.0,1.0,9.0,369.2537048460309,0.01494924255114484,0.014921488693040377,2.7753858104461928e-5,0.0,0.0,2.1445880928077747e-5,5.965512204334457e-7,0.0,0.0
650.0,1.0,10.0,434.5913423678227,0.014785370919147972,0.014732441907408292,5.2929011739662445e-5,0.0,0.0,2.1436395981916805e-5,1.3944888591502915e-6,0.0,0.0
650.0,1.0,11.0,506.144369817243,0.014578026759042689,0.01447112636699434,0.00010690039204834638,0.0,0.0,1.3549308603967683e-5,3.314947747047411e-6,0.0,0.0
650.0,1.0,12.0,584.4911196296998,0.014140071141891945,0.013913666415504592,0.00022640472638733042,0.0,0.0,1.0406160383467676e-5,8.346231910672208e-6,0.0,0.0
650.0,1.0,13.0,670.2611456323448,0.013660421907310634,0.013152719848207498,0.0005077020591031321,0.0,0.0,-5.412330772244762e-6,2.1135948557424193e-5,0.0,0.0
650.0,1.0,14.0,764.1392382751876,0.013106560405672202,0.011926277659293017,0.00118028274637917,0.0,0.0,-3.610284276525566e-5,4.9261573922264654e-5,0.0,0.0
660.0,1.0,0.0,0.0,30.55287527490104,14.12850442279625,16.42437085210477,0.0,0.0,1.6142078806771228e-64,-4.695103626630587e-18,0.0,0.0
660.0,1.0,8.0,309.6005461847451,0.015095814079037652,0.015080425721819508,1.5388357218128398e-5,0.0,0.0,2.2747949057358178e-5,2.744687073000734e-7,0.0,0.0
660.0,1.0,9.0,369.2537048460309,0.014949971858654265,0.014922207097299703,2.776476135455905e-5,0.0,0.0,2.2304585851594296e-5,6.077164345167293e-7,0.0,0.0
660.0,1.0,10.0,434.5913423678227,0.0147860876162092,0.014733133794802664,5.295382140651589e-5,0.0,0.0,2.2277548759406917e-5,1.419834918897358e-6,0.0,0.0
660.0,1.0,11.0,506.144369817243,0.01457858713750052,0.01447162906180158,0.0001069580756989341,0.0,0.0,1.4250802867553489e-5,3.3741003349891974e-6,0.0,0.0
660.0,1.0,12.0,584.4911196296998,0.01414056398240586,0.013914017301074989,0.00022654668133084685,0.0,0.0,1.095981344596801e-5,8.491487315664249e-6,0.0,0.0
660.0,1.0,13.0,670.2611456323448,0.013660840489527613,0.013152782987414567,0.0005080575021130383,0.0,0.0,-5.138722992553122e-6,2.1499518630231377e-5,0.0,0.0
660.0,1.0,14.0,764.1392382751876,0.013106890073761819,0.011925771780911556,0.0011811182928502478,0.0,0.0,-3.640744371989773e-5,5.0117047366688115e-5,0.0,0.0
670.0,1.0,0.0,0.0,30.552913338088832,14.128888317573136,16.424025020515675,0.0,0.0,-1.3010426069826053e-18,-6.074602660352622e-18,0.0,0.0
670.0,1.0,8.0,309.6005461847451,0.015096451380776798,0.015081058656627285,1.539272414949071e-5,0.0,0.0,2.35179945577299e-5,2.789954816438077e-7,0.0,0.0
670.0,1.0,9.0,369.2537048460309,0.014950595018748068,0.014922820762823114,2.7774255924952826e-5,0.0,0.0,2.305856075318758e-5,6.174731238952509e-7,0.0,0.0
670.0,1.0,10.0,434.5913423678227,0.0147866984152029,0.014733722966957016,5.297544824586452e-5,0.0,0.0,2.3016024055504365e-5,1.441998502025173e-6,0.0,0.0
670.0,1.0,11.0,506.144369817243,0.014579054783387542,0.01447204642222235,0.00010700836116518127,0.0,0.0,1.4866982861570368e-5,3.425855592968049e-6,0.0,0.0
670.0,1.0,12.0,584.4911196296998,0.01414097173501841,0.013914301202998292,0.00022667053202009426,0.0,0.0,1.1446503255640565e-5,8.618640688736677e-6,0.0,0.0
670.0,1.0,13.0,670.2611456323448,0.013661181487336329,0.013152813754060471,0.0005083677332758457,0.0,0.0,-4.897468088004127e-6,2.1817882995080565e-5,0.0,0.0
670.0,1.0,14.0,764.1392382751876,0.01310715266978297,0.011925305145256271,0.0011818475245266833,0.0,0.0,-3.667279491984697e-5,5.086622094541216e-5,0.0,0.0
680.0,1.0,0.0,0.0,30.55295073391377,14.129271504945775,16.42367922896797,0.0,0.0,-1.3010426069826053e-18,-4.869804172001786e-18,0.0,0.0
680.0,1.0,8.0,309.6005461847451,0.015096871748261612,0.01508147599047252,1.539575778906906e-5,0.0,0.0,2.4072429342830696e-5,2.821928102184713e-7,0.0,0.0
680.0,1.0,9.0,369.2537048460309,0.014951004213444998,0.014923223310913992,2.7780902531009324e-5,0.0,0.0,2.3601425548006602e-5,6.243820020959023e-7,0.0,0.0
680.0,1.0,10.0,434.5913423678227,0.01478709583018262,0.014734105192279296,5.2990637903303475e-5,0.0,0.0,2.3547584867134958e-5,1.457725191034814e-6,0.0,0.0
680.0,1.0,11.0,506.144369817243,0.014579335544808062,0.014472291868621182,0.00010704367618686916,0.0,0.0,1.531126528080187e-5,3.462641090808271e-6,0.0,0.0
680.0,1.0,12.0,584.4911196296998,0.01414120794061153,0.013914450207798888,0.00022675773281262,0.0,0.0,1.1798312954558167e-5,8.709145951493549e-6,0.0,0.0
680.0,1.0,13.0,670.2611456323448,0.013661366043920315,0.013152779594607318,0.0005085864493129843,0.0,0.0,-4.721123276937137e-6,2.204473715065118e-5,0.0,0.0
680.0,1.0,14.0,764.1392382751876,0.013107280018636326,0.01192491821047916,0.0011823618081571482,0.0,0.0,-3.6858440732272873e-5,5.140045830251173e-5,0.0,0.0
690.0,1.0,0.0,0.0,30.552987512327924,14.129654049185792,16.423333463142104,0.0,0.0,-2.6020852139652106e-18,-8.880928693724525e-18,0.0,0.0
690.0,1.0,8.0,309.6005461847451,0.015096998148865512,0.01508160116647302,1.5396982392472393e-5,0.0,0.0,2.4334684911139886e-5,2.8358635513574886e-7,0.0,0.0
690.0,1.0,9.0,369.2537048460309,0.014951123465483069,0.014923339780982599,2.778368450047024e-5,0.0,0.0,2.3858217448291955e-5,6.274263985681552e-7,0.0,0.0
690.0,1.0,10.0,434.5913423678227,0.014787204171415595,0.014734207079832615,5.299709158296108e-5,0.0,0.0,2.3798831738266356e-5,1.4647160904461387e-6,0.0,0.0
690.0,1.0,11.0,506.144369817243,0.014579363170041684,0.014472304498520237,0.00010705867152143113,0.0,0.0,1.552274186751668e-5,3.4791073176291062e-6,0.0,0.0
690.0,1.0,12.0,584.4911196296998,0.014141211811437888,0.013914416627974453,0.00022679518346341345,0.0,0.0,1.1967549712057311e-5,8.749902170040613e-6,0.0,0.0
690.0,1.0,13.0,670.2611456323448,0.013661338787673132,0.013152657829679957,0.0005086809579931611,0.0,0.0,-4.632373732990544e-6,2.2147386934051575e-5,0.0,0.0
690.0,1.0,14.0,764.1392382751876,0.013107224346421236,0.01192463980962298,0.0011825845367982365,0.0,0.0,-3.693555202986257e-5,5.164314759906535e-5,0.0,0.0
700.0,1.0,0.0,0.0,30.553023744272757,14.130036038414211,16.42298770585852,0.0,0.0,-5.204170427930421e-18,-9.985777294299353e-18,0.0,0.0
700.0,1.0,8.0,309.6005461847451,0.015096801404139017,0.015081404903758094,1.539650038090338e-5,0.0,0.0,2.4275463139835165e-5,2.8328047435388444e-7,0.0,0.0
700.0,1.0,9.0,369.2537048460309,0.014950924819700303,0.014923141987496077,2.778283220422434e-5,0.0,0.0,2.3800748176500438e-5,6.268367303153907e-7,0.0,0.0
700.0,1.0,10.0,434.5913423678227,0.014786996945874833,0.01473400159387585,5.299535199896315e-5,0.0,0.0,2.3742718787962616e-5,1.4635137961303676e-6,0.0,0.0
700.0,1.0,11.0,506.144369817243,0.014579109087580958,0.01447205446167099,0.00010705462590995125,0.0,0.0,1.547155521310592e-5,3.4765326935350656e-6,0.0,0.0
700.0,1.0,12.0,584.4911196296998,0.014140962852774224,0.013914176694027816,0.00022678615874638887,0.0,0.0,1.193043764210712e-5,8.744183297470746e-6,0.0,0.0
700.0,1.0,13.0,670.2611456323448,0.013661078905487753,0.013152419660450148,0.0005086592450375917,0.0,0.0,-4.660025309845753e-6,2.2133815757659617e-5,0.0,0.0
700.0,1.0,14.0,764.1392382751876,0.01310696705240136,0.011924435217791114,0.0011825318346102265,0.0,0.0,-3.693885844071948e-5,5.161040713766708e-5,0.0,0.0
710.0,1.0,0.0,0.0,30.553059511512146,14.130417571551344,16.422641939960773,0.0,0.0,-7.37257477290143e-18,-1.443037092677948e-17,0.0,0.0
710.0,1.0,8.0,309.6005461847451,0.01509630826396238,0.015080913206597938,1.5395057364421926e-5,0.0,0.0,2.3920740743024785e-5,2.820238283063826e-7,0.0,0.0
710.0,1.0,9.0,369.2537048460309,0.014950436268255832,0.014922656207664845,2.7780060590986985e-5,0.0,0.0,2.3455291580989596e-5,6.243279284197692e-7,0.0,0.0
710.0,1.0,10.0,434.5913423678227,0.014786505273572448,0.01473351573149445,5.298954207797927e-5,0.0,0.0,2.3406235793462927e-5,1.4582411618168271e-6,0.0,0.0
710.0,1.0,11.0,506.144369817243,0.014578587953833353,0.014471546380002443,0.00010704157383088982,0.0,0.0,1.5162316638104543e-5,3.4649514683374715e-6,0.0,0.0
710.0,1.0,12.0,584.4911196296998,0.014140488257304358,0.0139137317464367,0.00022675651086764115,0.0,0.0,1.1688311848901784e-5,8.71784105606805e-6,0.0,0.0
710.0,1.0,13.0,670.2611456323448,0.0136606058599163,0.01315201850494608,0.0005085873549702061,0.0,0.0,-4.850667498204703e-6,2.2070066735636928e-5,0.0,0.0
710.0,1.0,14.0,764.1392382751876,0.013106523097958837,0.011924167607891847,0.0011823554900669702,0.0,0.0,-3.700519276483284e-5,5.1454021764821417e-5,0.0,0.0
720.0,1.0,0.0,0.0,30.553094893409753,14.130798742305318,16.42229615110441,0.0,0.0,-5.637851296924623e-18,-1.3475658916105478e-17,0.0,0.0
720.0,1.0,8.0,309.6005461847451,0.015095597190687213,0.015080204290913201,1.5392899773987764e-5,0.0,0.0,2.3348686502920887e-5,2.800680266604245e-7,0.0,0.0
720.0,1.0,9.0,369.2537048460309,0.014949734584826487,0.0149219587066818,2.777587814468538e-5,0.0,0.0,2.2898109750377636e-5,6.204085245536797e-7,0.0,0.0
720.0,1.0,10.0,434.5913423678227,0.014785804470734205,0.014732823730260613,5.2980740473569265e-5,0.0,0.0,2.2863615172273596e-5,1.4499767960815735e-6,0.0,0.0
720.0,1.0,11.0,506.144369817243,0.014577870435334003,0.014470848533452036,0.00010702190188194618,0.0,0.0,1.4663296225325189e-5,3.446750080862387e-6,0.0,0.0
720.0,1.0,12.0,584.4911196296998,0.014139847703319856,0.01391313599891295,0.00022671170440688435,0.0,0.0,1.1295381923076499e-5,8.676339736248038e-6,0.0,0.0
720.0,1.0,13.0,670.2611456323448,0.013659975986275686,0.013151497404762095,0.0005084785815135748,0.0,0.0,-5.161265078366116e-6,2.1969432724868395e-5,0.0,0.0
720.0,1.0,14.0,764.1392382751876,0.013105941744557878,0.011923853492229212,0.0011820882523286462,0.0,0.0,-3.7118047742466684e-5,5.120673839352899e-5,0.0,0.0
730.0,1.0,0.0,0.0,30.55312995405957,14.131179624062277,16.421950329997266,0.0,0.0,-4.336808689942018e-18,-1.0976170567876444e-17,0.0,0.0
730.0,1.0,8.0,309.6005461847451,0.015094777141005222,0.01507938677313723,1.5390367867968594e-5,0.0,0.0,2.2667829094169568e-5,2.777622384470381e-7,0.0,0.0
730.0,1.0,9.0,369.2537048460309,0.014948926313370296,0.014921155323153678,2.777099021661848e-5,0.0,0.0,2.2235039112317216e-5,6.157839918236453e-7,0.0,0.0
730.0,1.0,10.0,434.5913423678227,0.014784999074697294,0.014732028631101549,5.297044359572417e-5,0.0,0.0,2.2217894589887934e-5,1.4402170809068853e-6,0.0,0.0
730.0,1.0,11.0,506.144369817243,0.014577054685714083,0.014470055764211929,0.00010699892150213437,0.0,0.0,1.4069329942811654e-5,3.425239869778705e-6,0.0,0.0
730.0,1.0,12.0,584.4911196296998,0.014139124104785263,0.013912464782561385,0.0002266593222238585,0.0,0.0,1.0826976356572752e-5,8.627262014881507e-6,0.0,0.0
730.0,1.0,13.0,670.2611456323448,0.013659267628332073,0.013150916252839909,0.0005083513754921506,0.0,0.0,-5.53192913857071e-6,2.1850364002895943e-5,0.0,0.0
730.0,1.0,14.0,764.1392382751876,0.013105291589855702,0.011923516001587637,0.0011817755882680481,0.0,0.0,-3.7254295781017666e-5,5.091402247681927e-5,0.0,0.0
740.0,1.0,0.0,0.0,30.553164734382747,14.131560260680637,16.421604473702075,0.0,0.0,-6.5052130349130266e-18,-1.468617487685028e-17,0.0,0.0
740.0,1.0,8.0,309.6005461847451,0.015093968500182325,0.015078580668701921,1.538783148037798e-5,0.0,0.0,2.1998008591433376e-5,2.7549178917535384e-7,0.0,0.0
740.0,1.0,9.0,369.2537048460309,0.014948129043313345,0.014920362868589308,2.7766174724032634e-5,0.0,0.0,2.1582890013599475e-5,6.112324882717415e-7,0.0,0.0
740.0,1.0,10.0,434.5913423678227,0.014784204479693348,0.014731244177675894,5.296030201743953e-5,0.0,0.0,2.158281672650228e-5,1.4306125822039717e-6,0.0,0.0
740.0,1.0,11.0,506.144369817243,0.014576249085560704,0.01446927280013922,0.00010697628542146145,0.0,0.0,1.3485143800925237e-5,3.404073535381263e-6,0.0,0.0
740.0,1.0,12.0,584.4911196296998,0.014138409071003093,0.013911801341603141,0.0002266077293999294,0.0,0.0,1.0366338586073838e-5,8.578972918767799e-6,0.0,0.0
740.0,1.0,13.0,670.2611456323448,0.013658567374762787,0.013150341281928548,0.000508226092834223,0.0,0.0,-5.8964281266934444e-6,2.1733216335648482e-5,0.0,0.0
740.0,1.0,14.0,764.1392382751876,0.013104648521386115,0.011923180853573936,0.0011814676678121628,0.0,0.0,-3.738822022314676e-5,5.0626043520393e-5,0.0,0.0
750.0,1.0,0.0,0.0,30.5531992483331,14.131940662543922,16.42125858578915,0.0,0.0,-7.37257477290143e-18,-1.2780774262001731e-17,0.0,0.0
750.0,1.0,8.0,309.6005461847451,0.015093286374686779,0.01507790074269611,1.5385631990645898e-5,0.0,0.0,2.145362980238996e-5,2.7362450879928573e-7,0.0,0.0
750.0,1.0,9.0,369.2537048460309,0.01494745490511948,0.014919692731894332,2.7762173225143054e-5,0.0,0.0,2.1053050954843782e-5,6.074960469855769e-7,0.0,0.0
750.0,1.0,10.0,434.5913423678227,0.014783530681127557,0.014730578791820305,5.295188930723303e-5,0.0,0.0,2.1066804793962807e-5,1.42273688373689e-6,0.0,0.0
750.0,1.0,11.0,506.144369817243,0.01457555689994725,0.014468599424819602,0.00010695747512762724,0.0,0.0,1.3010524051158683e-5,3.386732608341192e-6,0.0,0.0
750.0,1.0,12.0,584.4911196296998,0.014137789833209305,0.013911224936470816,0.00022656489673846574,0.0,0.0,9.992730147492487e-6,8.53944332928552e-6,0.0,0.0
750.0,1.0,13.0,670.2611456323448,0.013657957597140162,0.013149835473557192,0.0005081221235829509,0.0,0.0,-6.191778793970501e-6,2.163738000012758e-5,0.0,0.0
750.0,1.0,14.0,764.1392382751876,0.013104084657134212,0.01192287239346997,0.0011812122636642266,0.0,0.0,-3.749547442884349e-5,5.039057483464766e-5,0.0,0.0
760.0,1.0,0.0,0.0,30.553233482613045,14.132320807226137,16.42091267538688,0.0,0.0,-8.673617379884035e-18,-7.340705158260987e-18,0.0,0.0
760.0,1.0,8.0,309.6005461847451,0.015092818748268868,0.015077434742681157,1.5384005587688732e-5,0.0,0.0,2.1121704391333845e-5,2.7244016493077e-7,0.0,0.0
760.0,1.0,9.0,369.2537048460309,0.014946989081124087,0.014919229533021843,2.7759548102241202e-5,0.0,0.0,2.0730141457603328e-5,6.051379671482973e-7,0.0,0.0
760.0,1.0,10.0,434.5913423678227,0.014783061244106338,0.014730114844191705,5.2946399914615886e-5,0.0,0.0,2.0752232841739905e-5,1.4177844718109823e-6,0.0,0.0
760.0,1.0,11.0,506.144369817243,0.014575056602252463,0.014468111468909473,0.00010694513334297162,0.0,0.0,1.2721307890907188e-5,3.375859916468746e-6,0.0,0.0
760.0,1.0,12.0,584.4911196296998,0.014137332717187817,0.013910795842196748,0.00022653687499105005,0.0,0.0,9.766428803289886e-6,8.514724189839978e-6,0.0,0.0
760.0,1.0,13.0,670.2611456323448,0.013657500944000952,0.013149446756201501,0.0005080541877994339,0.0,0.0,-6.370048441481832e-6,2.1577575631426324e-5,0.0,0.0
760.0,1.0,14.0,764.1392382751876,0.01310365489456075,0.011922609246945505,0.0011810456476152283,0.0,0.0,-3.755742938828645e-5,5.024388970060949e-5,0.0,0.0
770.0,1.0,0.0,0.0,30.55326740184835,14.132700646511708,16.42056675533662,0.0,0.0,-9.107298248878237e-18,-8.730897982942108e-18,0.0,0.0
770.0,1.0,8.0,309.6005461847451,0.015092612264121863,0.01507722923075062,1.5383033371223758e-5,0.0,0.0,2.1047230126328546e-5,2.7210143849805986e-7,0.0,0.0
770.0,1.0,9.0,369.2537048460309,0.014946775551951263,0.014919016914625787,2.775863732547175e-5,0.0,0.0,2.0657802200791416e-5,6.044978973364996e-7,0.0,0.0
770.0,1.0,10.0,434.5913423678227,0.014782839424966785,0.014729894839680301,5.294458528646243e-5,0.0,0.0,2.068161045083189e-5,1.4165068500399816e-6,0.0,0.0
770.0,1.0,11.0,506.144369817243,0.014574788326574136,0.014467847340021898,0.00010694098655221907,0.0,0.0,1.2655911990065533e-5,3.3731820904955547e-6,0.0,0.0
770.0,1.0,12.0,584.4911196296998,0.014137072173967556,0.013910544377601489,0.00022652779636605063,0.0,0.0,9.717757164746325e-6,8.508947974710116e-6,0.0,0.0
770.0,1.0,13.0,670.2611456323448,0.013657229735805682,0.013149197127322158,0.0005080326084835109,0.0,0.0,-6.409233758476315e-6,2.1564127024213687e-5,0.0,0.0
770.0,1.0,14.0,764.1392382751876,0.013103387478398381,0.011922394447706989,0.0011809930306913745,0.0,0.0,-3.757104676590153e-5,5.0211201207731145e-5,0.0,0.0
780.0,1.0,0.0,0.0,30.55330095754963,14.133080117721535,16.42022083982807,0.0,0.0,-8.673617379884035e-18,-1.132535990038203e-17,0.0,0.0
780.0,1.0,8.0,309.6005461847451,0.015092667065542098,0.015077284100924635,1.5382964617446096e-5,0.0,0.0,2.1227145923232626e-5,2.7298310023166644e-7,0.0,0.0
780.0,1.0,9.0,369.2537048460309,0.014946812795738862,0.014919052488855016,2.7760306883844436e-5,0.0,0.0,2.083363890820151e-5,6.064447584243105e-7,0.0,0.0
780.0,1.0,10.0,434.5913423678227,0.01478286577240789,0.014729917215485774,5.29485569220945e-5,0.0,0.0,2.085338064816943e-5,1.4210156103327039e-6,0.0,0.0
780.0,1.0,11.0,506.144369817243,0.014574744380766141,0.014467794170348047,0.00010695021041807227,0.0,0.0,1.2801477469518616e-5,3.383874979362707e-6,0.0,0.0
780.0,1.0,12.0,584.4911196296998,0.014137010042271116,0.013910458937302167,0.00022655110496893168,0.0,0.0,9.83511425743483e-6,8.53555917742696e-6,0.0,0.0
780.0,1.0,13.0,670.2611456323448,0.013657142261864307,0.013149050469413105,0.0005080917924511909,0.0,0.0,-6.345446022038923e-6,2.1631442131546594e-5,0.0,0.0
780.0,1.0,14.0,764.1392382751876,0.013103279766503785,0.011922146952327826,0.0011811328141759427,0.0,0.0,-3.761736524609629e-5,5.037091357354239e-5,0.0,0.0
790.0,1.0,0.0,0.0,30.553334098743477,14.133459156755425,16.419874941988024,0.0,0.0,-1.2576745200831851e-17,-1.4725561908897605e-17,0.0,0.0
790.0,1.0,8.0,309.6005461847451,0.015092944151185677,0.015077560453689444,1.5383697496218126e-5,0.0,0.0,2.1617305005404942e-5,2.7516226884356393e-7,0.0,0.0
790.0,1.0,9.0,369.2537048460309,0.014947058517045878,0.014919293773039959,2.77647440059152e-5,0.0,0.0,2.1215153381067395e-5,6.11170632138141e-7,0.0,0.0
790.0,1.0,10.0,434.5913423678227,0.014783099871137203,0.014730141060959013,5.2958810178167945e-5,0.0,0.0,2.122663992310886e-5,1.431806280202879e-6,0.0,0.0
790.0,1.0,11.0,506.144369817243,0.014574882439364714,0.014467908392232604,0.00010697404713208413,0.0,0.0,1.3114442451906723e-5,3.4091810070137704e-6,0.0,0.0
790.0,1.0,12.0,584.4911196296998,0.014137114970043363,0.013910504776764887,0.00022661019327845845,0.0,0.0,1.0083760246947111e-5,8.597950855964208e-6,0.0,0.0
790.0,1.0,13.0,670.2611456323448,0.013657207117637045,0.013148966819833685,0.0005082402978033487,0.0,0.0,-6.218642530758765e-6,2.1788080686202876e-5,0.0,0.0
790.0,1.0,14.0,764.1392382751876,0.013103303733895559,0.011921821531807977,0.0011814822020875645,0.0,0.0,-3.774161018432569e-5,5.074023495461487e-5,0.0,0.0
800.0,1.0,0.0,0.0,30.55336678141399,14.133837709606272,16.419529071807688,0.0,0.0,-1.3877787807814457e-17,-1.1544106159010453e-17,0.0,0.0
800.0,1.0,8.0,309.6005461847451,0.015093379472813633,0.0150779949386717,1.5384534141919623e-5,0.0,0.0,2.2145468738834357e-5,2.781931591837126e-7,0.0,0.0
800.0,1.0,9.0,369.2537048460309,0.01494744094072985,0.014919669955197463,2.777098553238537e-5,0.0,0.0,2.1731502219015828e-5,6.177200211340522e-7,0.0,0.0
800.0,1.0,10.0,434.5913423678227,0.014783470134227485,0.014730496949134341,5.2973185093122005e-5,0.0,0.0,2.1731966695824818e-5,1.4467192332939882e-6,0.0,0.0
800.0,1.0,11.0,506.144369817243,0.014575139779428429,0.014468132305737336,0.00010700747369106847,0.0,0.0,1.3537110947187406e-5,3.444077355187692e-6,0.0,0.0
800.0,1.0,12.0,584.4911196296998,0.014137329386711537,0.013910636622542057,0.00022669276416946286,0.0,0.0,1.0418425324393117e-5,8.683826356284307e-6,0.0,0.0
800.0,1.0,13.0,670.2611456323448,0.013657371795204296,0.013148924374320501,0.0005084474208837836,0.0,0.0,-6.050623593875769e-6,2.2003340352485296e-5,0.0,0.0
800.0,1.0,14.0,764.1392382751876,0.013103413971863381,0.011921444877915282,0.0011819690939480815,0.0,0.0,-3.7917087200438584e-5,5.124706821016216e-5,0.0,0.0
810.0,1.0,0.0,0.0,30.553398975676178,14.134215740907269,16.41918323476888,0.0,0.0,-1.5612511283791264e-17,-9.277975387749979e-18,0.0,0.0
810.0,1.0,8.0,309.6005461847451,0.015093896540487338,0.015078511959952006,1.538458053531742e-5,0.0,0.0,2.2721858749847696e-5,2.815212479601572e-7,0.0,0.0
810.0,1.0,9.0,369.2537048460309,0.014947870906674895,0.014920093075409676,2.7777831265219817e-5,0.0,0.0,2.2294665280436308e-5,6.249044814969172e-7,0.0,0.0
810.0,1.0,10.0,434.5913423678227,0.014783887652251498,0.014730898656976164,5.298899527531302e-5,0.0,0.0,2.2283140515932125e-5,1.4630684019917545e-6,0.0,0.0
810.0,1.0,11.0,506.144369817243,0.0145754385300592,0.014468394287245109,0.00010704424281406574,0.0,0.0,1.3997861432587382e-5,3.4823168427041254e-6,0.0,0.0
810.0,1.0,12.0,584.4911196296998,0.014137581846727146,0.013910798322551893,0.0002267835241752359,0.0,0.0,1.0782959342313523e-5,8.777892462596564e-6,0.0,0.0
810.0,1.0,13.0,670.2611456323448,0.013657571175101026,0.013148896189545439,0.0005086749855555756,0.0,0.0,-5.868330438187866e-6,2.223904569668616e-5,0.0,0.0
810.0,1.0,14.0,764.1392382751876,0.013103554221470134,0.011921050331772872,0.0011825038896972468,0.0,0.0,-3.8110453801645546e-5,5.180181505432327e-5,0.0,0.0
820.0,1.0,0.0,0.0,30.553430670925408,14.134593239619562,16.418837431305818,0.0,0.0,-1.0408340855860843e-17,-3.4018960744100837e-18,0.0,0.0
820.0,1.0,8.0,309.6005461847451,0.0150944253263442,0.015079042487504668,1.538283883951253e-5,0.0,0.0,2.325607908332382e-5,2.845876886746717e-7,0.0,0.0
820.0,1.0,9.0,369.2537048460309,0.014948258707713033,0.014920474641701566,2.7784066011464887e-5,0.0,0.0,2.281603883868347e-5,6.315264241333546e-7,0.0,0.0
820.0,1.0,10.0,434.5913423678227,0.014784262935248465,0.014731259402018639,5.300353322980712e-5,0.0,0.0,2.279337833531537e-5,1.4781466371327038e-6,0.0,0.0
820.0,1.0,11.0,506.144369817243,0.01457570030506691,0.014468622248140925,0.00010707805692595841,0.0,0.0,1.442460532206139e-5,3.5176018987772314e-6,0.0,0.0
820.0,1.0,12.0,584.4911196296998,0.014137800418860404,0.013910933364810661,0.00022686705404972467,0.0,0.0,1.1120850351318696e-5,8.864729933803317e-6,0.0,0.0
820.0,1.0,13.0,670.2611456323448,0.013657739689347543,0.0131488551864731,0.0005088845028744322,0.0,0.0,-5.6988420622953704e-6,2.2456707788379843e-5,0.0,0.0
820.0,1.0,14.0,764.1392382751876,0.013103667832219463,0.01192067153953355,0.0011829962926858948,0.0,0.0,-3.828806383697835e-5,5.2314178869086705e-5,0.0,0.0
830.0,1.0,0.0,0.0,30.55346187707753,14.134970220003035,16.418491657074465,0.0,0.0,-1.1709383462843448e-17,-5.901596180875931e-18,0.0,0.0
830.0,1.0,8.0,309.6005461847451,0.015094919111728843,0.015079540821899754,1.5378289829072486e-5,0.0,0.0,2.3671930290475683e-5,2.869211592230027e-7,0.0,0.0
830.0,1.0,9.0,369.2537048460309,0.014948528898993358,0.014920740244840306,2.77886541530496e-5,0.0,0.0,2.3221010207922456e-5,6.365763394492566e-7,0.0,0.0
830.0,1.0,10.0,434.5913423678227,0.014784520616505663,0.014731506100485296,5.301451602034661e-5,0.0,0.0,2.3189592859549405e-5,1.4896713623725628e-6,0.0,0.0
830.0,1.0,11.0,506.144369817243,0.01457585906040865,0.01446875545606655,0.0001071036043420749,0.0,0.0,1.4756608396018004e-5,3.544620755106012e-6,0.0,0.0
830.0,1.0,12.0,584.4911196296998,0.014137924463920065,0.013910994119580569,0.00022693034433947552,0.0,0.0,1.1384466906508853e-5,8.931329095775055e-6,0.0,0.0
830.0,1.0,13.0,670.2611456323448,0.013657822029160134,0.013148778533673048,0.000509043495487076,0.0,0.0,-5.564991753351737e-6,2.262384865575528e-5,0.0,0.0
830.0,1.0,14.0,764.1392382751876,0.013103706977471626,0.011920336845318838,0.0011833701321527683,0.0,0.0,-3.842157443546763e-5,5.270798732642749e-5,0.0,0.0
840.0,1.0,0.0,0.0,30.553492622237286,14.135346718314622,16.418145903922635,0.0,0.0,-1.2576745200831851e-17,-3.548432774285078e-18,0.0,0.0
840.0,1.0,8.0,309.6005461847451,0.015095363914795941,0.015079993979756965,1.536993503895846e-5,0.0,0.0,2.3915013722399418e-5,2.881853391052596e-7,0.0,0.0
840.0,1.0,9.0,369.2537048460309,0.014948628052233124,0.014920837215049568,2.7790837183552558e-5,0.0,0.0,2.3456539405629985e-5,6.393353724504051e-7,0.0,0.0
840.0,1.0,10.0,434.5913423678227,0.014784607129830197,0.01473158681209006,5.302031774011389e-5,0.0,0.0,2.3419837909926113e-5,1.4960170425840145e-6,0.0,0.0
840.0,1.0,11.0,506.144369817243,0.014575867865243715,0.014468750763371063,0.00010711710187262774,0.0,0.0,1.4950719666806836e-5,3.5595900692349014e-6,0.0,0.0
840.0,1.0,12.0,584.4911196296998,0.014137910901045683,0.013910946772491172,0.00022696412855448806,0.0,0.0,1.1539991570204618e-5,8.968423061371803e-6,0.0,0.0
840.0,1.0,13.0,670.2611456323448,0.013657778917080914,0.01314865008245269,0.000509128834628212,0.0,0.0,-5.482931539349558e-6,2.2717338420074004e-5,0.0,0.0
840.0,1.0,14.0,764.1392382751876,0.013103637716389597,0.01192006651612995,0.0011835712002596281,0.0,0.0,-3.849072081228039e-5,5.292902977272768e-5,0.0,0.0
850.0,1.0,0.0,0.0,30.553522948580433,14.135722787220127,16.417800161360272,0.0,0.0,-1.691355389077387e-17,-1.366475902158e-18,0.0,0.0
850.0,1.0,8.0,309.6005461847451,0.015095785506251104,0.015080428590028507,1.5356916222575995e-5,0.0,0.0,2.3958259418911273e-5,2.8829711174418913e-7,0.0,0.0
850.0,1.0,9.0,369.2537048460309,0.014948530774649058,0.014920740390595636,2.7790384053413637e-5,0.0,0.0,2.349678060243662e-5,6.396360491198348e-7,0.0,0.0
850.0,1.0,10.0,434.5913423678227,0.014784497002337471,0.014731476435151642,5.302056718580514e-5,0.0,0.0,2.3459004128933557e-5,1.4968130032137283e-6,0.0,0.0
850.0,1.0,11.0,506.144369817243,0.014575702822340279,0.014468585129718228,0.00010711769262202675,0.0,0.0,1.4983894548404308e-5,3.5616527504085956e-6,0.0,0.0
850.0,1.0,12.0,584.4911196296998,0.014137739480801182,0.013910773128828066,0.0002269663519730895,0.0,0.0,1.1569225719031264e-5,8.973956602222987e-6,0.0,0.0
850.0,1.0,13.0,670.2611456323448,0.013657591264253078,0.013148455925943898,0.0005091353383091661,0.0,0.0,-5.466572539051726e-6,2.273199367244277e-5,0.0,0.0
850.0,1.0,14.0,764.1392382751876,0.013103443361858487,0.011919856786042545,0.001183586575815922,0.0,0.0,-3.849927169801427e-5,5.296438142897594e-5,0.0,0.0
860.0,1.0,0.0,0.0,30.55355290664104,14.136098488318158,16.417454418322848,0.0,0.0,-1.6046192152785466e-17,-1.0070480589024784e-17,0.0,0.0
860.0,1.0,8.0,309.6005461847451,0.015096253828707744,0.01508091505553092,1.533877317680046e-5,0.0,0.0,2.3805408488189044e-5,2.8766918115117995e-7,0.0,0.0
860.0,1.0,9.0,369.2537048460309,0.014948244077227385,0.014920455945246368,2.7788131981011066e-5,0.0,0.0,2.3346604119361916e-5,6.384259789026217e-7,0.0,0.0
860.0,1.0,10.0,434.5913423678227,0.014784198286741967,0.014731180779625009,5.3017507116936535e-5,0.0,0.0,2.331289384055369e-5,1.4943029086885488e-6,0.0,0.0
860.0,1.0,11.0,506.144369817243,0.014575363133410476,0.014468252381373132,0.0001071107520373236,0.0,0.0,1.4849953278269991e-5,3.5561840817060173e-6,0.0,0.0
860.0,1.0,12.0,584.4911196296998,0.014137417989539734,0.013910467297355586,0.00022695069218412516,0.0,0.0,1.1466274447121247e-5,8.961606918344115e-6,0.0,0.0
860.0,1.0,13.0,670.2611456323448,0.013657262934955623,0.013148165456584164,0.0005090974783714446,0.0,0.0,-5.546527005109175e-6,2.2702285136725866e-5,0.0,0.0
860.0,1.0,14.0,764.1392382751876,0.01310312618001065,0.011919632078779637,0.0011834941012309923,0.0,0.0,-3.8522806752802625e-5,5.289188184487823e-5,0.0,0.0
870.0,1.0,0.0,0.0,30.55358254819115,14.136473883243573,16.41710866494754,0.0,0.0,-1.474514954580286e-17,-5.3899882807343334e-18,0.0,0.0
870.0,1.0,8.0,309.6005461847451,0.015096884099414105,0.015081569286677992,1.5314812736090548e-5,0.0,0.0,2.3493206468222395e-5,2.8651758938394303e-7,0.0,0.0
870.0,1.0,9.0,369.2537048460309,0.014947807940761679,0.014920023596660665,2.7784344101005004e-5,0.0,0.0,2.3043071251332016e-5,6.361898495300013e-7,0.0,0.0
870.0,1.0,10.0,434.5913423678227,0.014783748409436888,0.014730736132006551,5.301227743031545e-5,0.0,0.0,2.3017785621602356e-5,1.4896283001026948e-6,0.0,0.0
870.0,1.0,11.0,506.144369817243,0.014574881606881728,0.014467782584571608,0.0001070990223100997,0.0,0.0,1.4578955494297187e-5,3.5459261488378467e-6,0.0,0.0
870.0,1.0,12.0,584.4911196296998,0.014136976583314555,0.013910052520213772,0.00022692406310075654,0.0,0.0,1.125437699704454e-5,8.9382877042676e-6,0.0,0.0
870.0,1.0,13.0,670.2611456323448,0.01365682135104189,0.013147788424221145,0.0005090329268207282,0.0,0.0,-5.713049436774469e-6,2.264588416938528e-5,0.0,0.0
870.0,1.0,14.0,764.1392382751876,0.013102709773106482,0.0119193739116959,0.0011833358614105614,0.0,0.0,-3.857981201286418e-5,5.275361424494764e-5,0.0,0.0
880.0,1.0,0.0,0.0,30.553611918231834,14.136849024159002,16.416762894072793,0.0,0.0,-1.5178830414797062e-17,-2.317376264569359e-18,0.0,0.0
880.0,1.0,8.0,309.6005461847451,0.015097823604283528,0.01508253895367825,1.528465060525342e-5,0.0,0.0,2.3081340464169517e-5,2.850435659902169e-7,0.0,0.0
880.0,1.0,9.0,369.2537048460309,0.014947289294579539,0.014919510535415344,2.7778759164185692e-5,0.0,0.0,2.2646506323978888e-5,6.333281807174748e-7,0.0,0.0
880.0,1.0,10.0,434.5913423678227,0.014783206768631752,0.01473020104232137,5.300572631035893e-5,0.0,0.0,2.2632219024811515e-5,1.4836403307047308e-6,0.0,0.0
880.0,1.0,11.0,506.144369817243,0.014574313996123581,0.0144672296086248,0.00010708438749876214,0.0,0.0,1.4224765656748572e-5,3.5327629538384903e-6,0.0,0.0
880.0,1.0,12.0,584.4911196296998,0.014136462367698999,0.013909571587922494,0.00022689077977647835,0.0,0.0,1.0976321856510624e-5,8.90831387132669e-6,0.0,0.0
880.0,1.0,13.0,670.2611456323448,0.013656310980648421,0.01314735879819622,0.0005089521824521863,0.0,0.0,-5.93217361165257e-6,2.257328914095606e-5,0.0,0.0
880.0,1.0,14.0,764.1392382751876,0.01310223306281474,0.011919095343238496,0.0011831377195762251,0.0,0.0,-3.8657231492704935e-5,5.2575440749546795e-5,0.0,0.0
890.0,1.0,0.0,0.0,30.553641048960174,14.137223946693384,16.41641710226675,0.0,0.0,-1.2576745200831851e-17,-2.5960501042160238e-18,0.0,0.0
890.0,1.0,8.0,309.6005461847451,0.015099223160382933,0.01508397281979048,1.5250340592432826e-5,0.0,0.0,2.2639329615595063e-5,2.8348587076752054e-7,0.0,0.0
890.0,1.0,9.0,369.2537048460309,0.014946782133625618,0.014919013273522944,2.7768860102671505e-5,0.0,0.0,2.2227774706789258e-5,6.303133695641926e-7,0.0,0.0
890.0,1.0,10.0,434.5913423678227,0.014782643183457324,0.014729644336135569,5.299884732173916e-5,0.0,0.0,2.2225002956867032e-5,1.4773379777490554e-6,0.0,0.0
890.0,1.0,11.0,506.144369817243,0.01457372585056635,0.01446665679096125,0.00010706905960508043,0.0,0.0,1.385071885776198e-5,3.5189065219949195e-6,0.0,0.0
890.0,1.0,12.0,584.4911196296998,0.01413593078750459,0.01390907487778793,0.00022685590971663385,0.0,0.0,1.0682485380081407e-5,8.876752858558206e-6,0.0,0.0
890.0,1.0,13.0,670.2611456323448,0.013655784215762355,0.013146916637276537,0.0005088675784858033,0.0,0.0,-6.163842217491179e-6,2.2496833073417453e-5,0.0,0.0
890.0,1.0,14.0,764.1392382751876,0.013101741987261339,0.011918811916821707,0.0011829300704396144,0.0,0.0,-3.873952292693204e-5,5.2387755556916936e-5,0.0,0.0
900.0,1.0,0.0,0.0,30.553669956697426,14.137598666499859,16.416071290197532,0.0,0.0,-1.474514954580286e-17,-5.049163398582884e-18,0.0,0.0
900.0,1.0,8.0,309.6005461847451,0.015101282685979635,0.015086075983004233,1.5206702975380338e-5,0.0,0.0,2.223696337501745e-5,2.8209015208117734e-7,0.0,0.0
900.0,1.0,9.0,369.2537048460309,0.01494634593434182,0.014918587289778233,2.775864456358312e-5,0.0,0.0,2.1859647316025304e-5,6.27630318747665e-7,0.0,0.0
900.0,1.0,10.0,434.5913423678227,0.014782129005050238,0.014729136353393997,5.2992651656229226e-5,0.0,0.0,2.186644665455631e-5,1.471742351995476e-6,0.0,0.0
900.0,1.0,11.0,506.144369817243,0.014573184090103948,0.014466128792098297,0.0001070552980056322,0.0,0.0,1.3521475899552699e-5,3.506616449295033e-6,0.0,0.0
900.0,1.0,12.0,584.4911196296998,0.014135438412109983,0.013908613783997329,0.0002268246281126278,0.0,0.0,1.0424261985855955e-5,8.848779874026425e-6,0.0,0.0
900.0,1.0,13.0,670.2611456323448,0.013655294464975608,0.013146502758396269,0.0005087917065793268,0.0,0.0,-6.3672379578918394e-6,2.2429107673968298e-5,0.0,0.0
900.0,1.0,14.0,764.1392382751876,0.013101283328359591,0.011918539392579298,0.0011827439357802775,0.0,0.0,-3.881092589701387e-5,5.222158057501739e-5,0.0,0.0
910.0,1.0,0.0,0.0,30.55369864058463,14.13797317827596,16.415725462308636,0.0,0.0,-9.540979117872439e-18,-1.8047095732436937e-18,0.0,0.0
910.0,1.0,8.0,309.6005461847451,0.015104156636636197,0.015089002860712119,1.5153775924063295e-5,0.0,0.0,2.1932019273934993e-5,2.8106431967387485e-7,0.0,0.0
910.0,1.0,9.0,369.2537048460309,0.014946062981997129,0.014918315788845107,2.7747193152016493e-5,0.0,0.0,2.160319073728003e-5,6.256891425290738e-7,0.0,0.0
910.0,1.0,10.0,434.5913423678227,0.014781724403438355,0.014728736420930612,5.298798250773097e-5,0.0,0.0,2.161581629598579e-5,1.467714281447586e-6,0.0,0.0
910.0,1.0,11.0,506.144369817243,0.014572745084476124,0.014465700079159571,0.00010704500531653346,0.0,0.0,1.3291506714417825e-5,3.4977956632947893e-6,0.0,0.0
910.0,1.0,12.0,584.4911196296998,0.01413503289189563,0.013908231599022618,0.0002268012928729888,0.0,0.0,1.0244945485986946e-5,8.828752920816904e-6,0.0,0.0
910.0,1.0,13.0,670.2611456323448,0.01365488670876422,0.013146151539731482,0.0005087351690327273,0.0,0.0,-6.507980593718564e-6,2.2380715523933322e-5,0.0,0.0
910.0,1.0,14.0,764.1392382751876,0.013100896486155552,0.01191829105135025,0.0011826054348052905,0.0,0.0,-3.8858157938859277e-5,5.2103035740523075e-5,0.0,0.0
920.0,1.0,0.0,0.0,30.55372708448871,14.138347458591944,16.415379625896733,0.0,0.0,-1.1275702593849246e-17,-1.1169188200732018e-18,0.0,0.0
920.0,1.0,8.0,309.6005461847451,0.015107967944187556,0.015092876529373212,1.5091414814330875e-5,0.0,0.0,2.1759190710103393e-5,2.805378977288945e-7,0.0,0.0
920.0,1.0,9.0,369.2537048460309,0.014945999216878211,0.01491826564686921,2.773357000899394e-5,0.0,0.0,2.1496673648724184e-5,6.247511037169537e-7,0.0,0.0
920.0,1.0,10.0,434.5913423678227,0.014781467398222463,0.014728482046127771,5.298535209467778e-5,0.0,0.0,2.1510497887641003e-5,1.465796211938903e-6,0.0,0.0
920.0,1.0,11.0,506.144369817243,0.014572444354134573,0.014465404975658066,0.00010703937847648826,0.0,0.0,1.3195139192511505e-5,3.4936417106598914e-6,0.0,0.0
920.0,1.0,12.0,584.4911196296998,0.014134744280412824,0.013907955633548207,0.00022678864686459334,0.0,0.0,1.0171848725567463e-5,8.81941501822239e-6,0.0,0.0
920.0,1.0,13.0,670.2611456323448,0.013654589339528544,0.013145884699128743,0.0005087046403997926,0.0,0.0,-6.5643489596148445e-6,2.235833162946576e-5,0.0,0.0
920.0,1.0,14.0,764.1392382751876,0.013100606368843396,0.011918075352867829,0.001182531015975555,0.0,0.0,-3.887275670333081e-5,5.2048570687335185e-5,0.0,0.0
930.0,1.0,0.0,0.0,30.55375526181729,14.13872147206632,16.41503378975093,0.0,0.0,-1.1709383462843448e-17,-2.7059526291222692e-18,0.0,0.0
930.0,1.0,8.0,309.6005461847451,0.015112795147111578,0.015097775477121614,1.5019669989951883e-5,0.0,0.0,2.1726633001364218e-5,2.806169775242482e-7,0.0,0.0
930.0,1.0,9.0,369.2537048460309,0.01494620304016608,0.014918486250482508,2.7716789683563095e-5,0.0,0.0,2.1551019151825702e-5,6.25094358722418e-7,0.0,0.0
930.0,1.0,10.0,434.5913423678227,0.01478137015982725,0.014728384793677243,5.2985366149988227e-5,0.0,0.0,2.1561817323460396e-5,1.4666433305779733e-6,0.0,0.0
930.0,1.0,11.0,506.144369817243,0.014572291255682657,0.014465251251636366,0.00010704000404626922,0.0,0.0,1.324014818702854e-5,3.495742122031921e-6,0.0,0.0
930.0,1.0,12.0,584.4911196296998,0.014134582351491122,0.013907791603004795,0.0002267907484863073,0.0,0.0,1.0210689706918199e-5,8.824824747246807e-6,0.0,0.0
930.0,1.0,13.0,670.2611456323448,0.013654410803413303,0.013145700299746953,0.0005087105036663414,0.0,0.0,-6.538275949022378e-6,2.2372339514409054e-5,0.0,0.0
930.0,1.0,14.0,764.1392382751876,0.013100420091482917,0.011917875014008275,0.001182545077474628,0.0,0.0,-3.8872002197040825e-5,5.208258499672341e-5,0.0,0.0
940.0,1.0,0.0,0.0,30.553783141600697,14.139095178956456,16.4146879626442,0.0,0.0,-9.974659986866641e-18,-2.2119206626361985e-18,0.0,0.0
940.0,1.0,8.0,309.6005461847451,0.015118664338609662,0.015103725146736932,1.4939191872717744e-5,0.0,0.0,2.1816471698305885e-5,2.8154155683846494e-7,0.0,0.0
940.0,1.0,9.0,369.2537048460309,0.014946707255572112,0.014919011235784325,2.7696019787780966e-5,0.0,0.0,2.1749212632922918e-5,6.273413093112406e-7,0.0,0.0
940.0,1.0,10.0,434.5913423678227,0.014781419552904846,0.014728430042914955,5.298950998986853e-5,0.0,0.0,2.1754698303742317e-5,1.4718184643095851e-6,0.0,0.0
940.0,1.0,11.0,506.144369817243,0.014572266400965369,0.014465215629040292,0.00010705077192505216,0.0,0.0,1.3403258015952588e-5,3.507988213585489e-6,0.0,0.0
940.0,1.0,12.0,584.4911196296998,0.014134537693022382,0.013907719832363106,0.00022681786065925345,0.0,0.0,1.0341796406205538e-5,8.85524537752303e-6,0.0,0.0
940.0,1.0,13.0,670.2611456323448,0.013654339319202225,0.01314556014163792,0.0005087791775642968,0.0,0.0,-6.4679578567890605e-6,2.244915889624353e-5,0.0,0.0
940.0,1.0,14.0,764.1392382751876,0.013100326342556798,0.011917619309937863,0.0011827070326189187,0.0,0.0,-3.8926616712664484e-5,5.226449449670882e-5,0.0,0.0
950.0,1.0,0.0,0.0,30.55381069484667,14.139468542947455,16.41434215189918,0.0,0.0,-9.107298248878237e-18,1.8854953405880726e-18,0.0,0.0
950.0,1.0,8.0,309.6005461847451,0.015125546649469912,0.015110695851318003,1.4850798151895472e-5,0.0,0.0,2.1989529415129956e-5,2.8313813907333246e-7,0.0,0.0
950.0,1.0,9.0,369.2537048460309,0.014947534685415993,0.014919865529562294,2.7669155853694434e-5,0.0,0.0,2.2052924669398306e-5,6.310425480872342e-7,0.0,0.0
950.0,1.0,10.0,434.5913423678227,0.01478157882445412,0.014728582202907748,5.299662154634927e-5,0.0,0.0,2.2052705267455122e-5,1.4802767334252824e-6,0.0,0.0
950.0,1.0,11.0,506.144369817243,0.014572336506416683,0.014465267333255179,0.0001070691731614817,0.0,0.0,1.3653693692855975e-5,3.5278731600678513e-6,0.0,0.0
950.0,1.0,12.0,584.4911196296998,0.014134580180399921,0.013907716501905856,0.00022686367849404274,0.0,0.0,1.0541351779976064e-5,8.904372374377586e-6,0.0,0.0
950.0,1.0,13.0,670.2611456323448,0.013654347283916023,0.013145452743929344,0.0005088945399866746,0.0,0.0,-6.36487262907207e-6,2.2572668646213498e-5,0.0,0.0
950.0,1.0,14.0,764.1392382751876,0.013100301265131606,0.011917322800669128,0.0011829784644624625,0.0,0.0,-3.902203833681481e-5,5.2555884712360766e-5,0.0,0.0
960.0,1.0,0.0,0.0,30.553837899698223,14.139841537415123,16.413996362283065,0.0,0.0,-1.0408340855860843e-17,-2.2777774742852204e-18,0.0,0.0
960.0,1.0,8.0,309.6005461847451,0.015133361269588724,0.015118605500940935,1.475576864777397e-5,0.0,0.0,2.2192327470297742e-5,2.8507290927412084e-7,0.0,0.0
960.0,1.0,9.0,369.2537048460309,0.014948703446999825,0.01492106977581982,2.7633671179999485e-5,0.0,0.0,2.240823711253529e-5,6.35486341551751e-7,0.0,0.0
960.0,1.0,10.0,434.5913423678227,0.014781796300370345,0.014728791375928097,5.3004924442226236e-5,0.0,0.0,2.2404428370524542e-5,1.490413804247904e-6,0.0,0.0
960.0,1.0,11.0,506.144369817243,0.014572455080940905,0.014465363609478274,0.00010709147146260685,0.0,0.0,1.3948696914352942e-5,3.5516638683185255e-6,0.0,0.0
960.0,1.0,12.0,584.4911196296998,0.01413466714755954,0.013907748086728403,0.00022691906083111474,0.0,0.0,1.077583263903615e-5,8.963064813551663e-6,0.0,0.0
960.0,1.0,13.0,670.2611456323448,0.013654395792824408,0.013145362020288988,0.000509033772535416,0.0,0.0,-6.245104716295885e-6,2.272005099715862e-5,0.0,0.0
960.0,1.0,14.0,764.1392382751876,0.01310031122405977,0.011917005380659715,0.0011833058434000381,0.0,0.0,-3.913837139716794e-5,5.2903227627946946e-5,0.0,0.0
970.0,1.0,0.0,0.0,30.553864745565082,14.140214150163866,16.413650595401176,0.0,0.0,-1.3877787807814457e-17,5.823245633254908e-18,0.0,0.0
970.0,1.0,8.0,309.6005461847451,0.015141983034231988,0.015127327089141317,1.465594509065494e-5,0.0,0.0,2.236594587638394e-5,2.869671833847306e-7,0.0,0.0
970.0,1.0,9.0,369.2537048460309,0.0149502332403632,0.01492264639283978,2.7586847523413398e-5,0.0,0.0,2.2754401108991497e-5,6.398694977659056e-7,0.0,0.0
970.0,1.0,10.0,434.5913423678227,0.01478201479055822,0.014729002424065264,5.301236649293441e-5,0.0,0.0,2.2752119682407453e-5,1.5004242560290962e-6,0.0,0.0
970.0,1.0,11.0,506.144369817243,0.014572569911949126,0.014465456450535963,0.00010711346141314016,0.0,0.0,1.4240252735363981e-5,3.5751594959413583e-6,0.0,0.0
970.0,1.0,12.0,584.4911196296998,0.014134750703209848,0.013907776980692984,0.00022697372251683938,0.0,0.0,1.1007633348816363e-5,9.021037626714324e-6,0.0,0.0
970.0,1.0,13.0,670.2611456323448,0.013654441214802355,0.013145270006169628,0.0005091712086327237,0.0,0.0,-6.126618090639297e-6,2.2865639565471857e-5,0.0,0.0
970.0,1.0,14.0,764.1392382751876,0.013100318547116744,0.01191668955357191,0.0011836289935448173,0.0,0.0,-3.925311187104018e-5,5.324634784327584e-5,0.0,0.0
980.0,1.0,0.0,0.0,30.553891235406752,14.140586385768753,16.413304849637957,0.0,0.0,-1.1709383462843448e-17,3.8659642503870335e-18,0.0,0.0
980.0,1.0,8.0,309.6005461847451,0.01515125638161515,0.015136702648599747,1.4553733015384849e-5,0.0,0.0,2.2458155130041236e-5,2.8847643378396756e-7,0.0,0.0
980.0,1.0,9.0,369.2537048460309,0.014952154181782456,0.01492462816475079,2.7526017031657907e-5,0.0,0.0,2.303604632870045e-5,6.4346163453686e-7,0.0,0.0
980.0,1.0,10.0,434.5913423678227,0.01478218443071511,0.014729167465858695,5.3016964856390634e-5,0.0,0.0,2.3043548085537594e-5,1.5086735012750426e-6,0.0,0.0
980.0,1.0,11.0,506.144369817243,0.014572633720447304,0.014465502388413043,0.00010713133203423695,0.0,0.0,1.4484879713191755e-5,3.5945554123703566e-6,0.0,0.0
980.0,1.0,12.0,584.4911196296998,0.014134787446320391,0.013907769100642708,0.00022701834567765604,0.0,0.0,1.1202670003654847e-5,9.068972888694955e-6,0.0,0.0
980.0,1.0,13.0,670.2611456323448,0.013654443975330463,0.013145160384742463,0.000509283590587995,0.0,0.0,-6.0257303135253865e-6,2.298617641460298e-5,0.0,0.0
980.0,1.0,14.0,764.1392382751876,0.013100289022147936,0.011916395636134365,0.0011838933860135517,0.0,0.0,-3.934594352151441e-5,5.353071585511422e-5,0.0,0.0
990.0,1.0,0.0,0.0,30.553917384966773,14.140958264354701,16.41295912061203,0.0,0.0,-1.431146867680866e-17,6.824438576909491e-18,0.0,0.0
990.0,1.0,8.0,309.6005461847451,0.01516100504720906,0.01514655300560433,1.4452041604713362e-5,0.0,0.0,2.243058195697319e-5,2.893390999878581e-7,0.0,0.0
990.0,1.0,9.0,369.2537048460309,0.014954510377441691,0.014927061624957117,2.7448752484563404e-5,0.0,0.0,2.321055533595553e-5,6.457037103521182e-7,0.0,0.0
990.0,1.0,10.0,434.5913423678227,0.014782270948701123,0.01472925395485244,5.301699384866091e-5,0.0,0.0,2.3239163480969917e-5,1.5139209549654564e-6,0.0,0.0
990.0,1.0,11.0,506.144369817243,0.014572610667517654,0.01446546848109442,0.00010714218642321076,0.0,0.0,1.4649614364796563e-5,3.6069635992069765e-6,0.0,0.0
990.0,1.0,12.0,584.4911196296998,0.014134744468417476,0.013907698611823425,0.00022704585659401902,0.0,0.0,1.1335106113849182e-5,9.099796713481633e-6,0.0,0.0
990.0,1.0,13.0,670.2611456323448,0.013654374066242064,0.013145020803358347,0.0005093532628837154,0.0,0.0,-5.954795856944661e-6,2.3064005418331363e-5,0.0,0.0
990.0,1.0,14.0,764.1392382751876,0.013100196706060545,0.011916139066104541,0.0011840576399559828,0.0,0.0,-3.9401429785651795e-5,5.371494927578799e-5,0.0,0.0
1000.0,1.0,0.0,0.0,30.5539432202794,14.141329818238265,16.41261340204109,0.0,0.0,-1.6479873021779667e-17,5.218675867152151e-18,0.0,0.0
1000.0,1.0,8.0,309.6005461847451,0.015171026744826897,0.01515667240507737,1.4354339749516659e-5,0.0,0.0,2.2263094521026233e-5,2.894422351876667e-7,0.0,0.0
1000.0,1.0,9.0,369.2537048460309,0.014957360203335313,0.014930007119187667,2.7353084147635183e-5,0.0,0.0,2.3252400458263135e-5,6.463130539459166e-7,0.0,0.0
1000.0,1.0,10.0,434.5913423678227,0.014782261174407408,0.014729250037260144,5.3011137147244615e-5,0.0,0.0,2.3316219643560608e-5,1.51551710557246e-6,0.0,0.0
1000.0,1.0,11.0,506.144369817243,0.014572479902058906,0.014465335426366377,0.00010714447569250464,0.0,0.0,1.471512030073633e-5,3.610848156289855e-6,0.0,0.0
1000.0,1.0,12.0,584.4911196296998,0.014134602900621808,0.013907550467617347,0.00022705243300443368,0.0,0.0,1.1389892540516536e-5,9.109686683008244e-6,0.0,0.0
1000.0,1.0,13.0,670.2611456323448,0.013654214193585716,0.013144843658309861,0.0005093705352758552,0.0,0.0,-5.921420991131502e-6,2.3089435474942804e-5,0.0,0.0
1000.0,1.0,14.0,764.1392382751876,0.013100026644999527,0.011915927947488757,0.0011840986975107477,0.0,0.0,-3.941146832590478e-5,5.377598808090359e-5,0.0,0.0
1010.0,1.0,0.0,0.0,30.553968774108437,14.14170108726039,16.412267686848,0.0,0.0,-1.1709383462843448e-17,2.6214610926336528e-18,0.0,0.0
1010.0,1.0,8.0,309.6005461847451,0.015181116176214862,0.015166851747758075,1.4264428456780748e-5,0.0,0.0,2.1955887297709145e-5,2.890705265850791e-7,0.0,0.0
1010.0,1.0,9.0,369.2537048460309,0.014960774174875754,0.014933535613530816,2.7238561344924322e-5,0.0,0.0,2.3156665012763894e-5,6.457244953958472e-7,0.0,0.0
1010.0,1.0,10.0,434.5913423678227,0.014782170125488868,0.01472917109027373,5.2999035215117625e-5,0.0,0.0,2.3271678239921255e-5,1.5144450884634326e-6,0.0,0.0
1010.0,1.0,11.0,506.144369817243,0.014572235579121661,0.014465095015933469,0.00010714056318816203,0.0,0.0,1.4673132043151422e-5,3.608592465057477e-6,0.0,0.0
1010.0,1.0,12.0,584.4911196296998,0.014134361859676679,0.013907317728950907,0.0002270441307257437,0.0,0.0,1.1360087615851453e-5,9.104698395280426e-6,0.0,0.0
1010.0,1.0,13.0,670.2611456323448,0.0136539618793936,0.01314461129866682,0.0005093505807267821,0.0,0.0,-5.943259570976106e-6,2.3077638685071233e-5,0.0,0.0
1010.0,1.0,14.0,764.1392382751876,0.013099776137618315,0.011915725786864588,0.001184050350753705,0.0,0.0,-3.941255454215402e-5,5.374762215246663e-5,0.0,0.0
1020.0,1.0,0.0,0.0,30.553994081442433,14.142072113103083,16.4119219683393,0.0,0.0,-9.107298248878237e-18,2.4794771948501507e-18,0.0,0.0
1020.0,1.0,8.0,309.6005461847451,0.015191081764229786,0.015176895926184212,1.4185838045565483e-5,0.0,0.0,2.1530612690009444e-5,2.883796940685122e-7,0.0,0.0
1020.0,1.0,9.0,369.2537048460309,0.014964825659115735,0.014937718829412056,2.7106829703670956e-5,0.0,0.0,2.293888285182284e-5,6.443861029716262e-7,0.0,0.0
1020.0,1.0,10.0,434.5913423678227,0.014782045844178606,0.014729067173934154,5.297867024443116e-5,0.0,0.0,2.3122518223920478e-5,1.5118191541395039e-6,0.0,0.0
1020.0,1.0,11.0,506.144369817243,0.014571891402225428,0.014464758221560783,0.00010713318066461815,0.0,0.0,1.4534520747856883e-5,3.602960694942838e-6,0.0,0.0
1020.0,1.0,12.0,584.4911196296998,0.014134036405591327,0.01390700830465244,0.00022702810093886113,0.0,0.0,1.125359810364119e-5,9.091982882659017e-6,0.0,0.0
1020.0,1.0,13.0,670.2611456323448,0.013653629876703318,0.0131443180534394,0.0005093118232639191,0.0,0.0,-6.025985511177122e-6,2.304703859826259e-5,0.0,0.0
1020.0,1.0,14.0,764.1392382751876,0.013099455803042044,0.011915500123161058,0.0011839556798809614,0.0,0.0,-3.943715175103123e-5,5.3672930453659464e-5,0.0,0.0
1030.0,1.0,0.0,0.0,30.554019174528946,14.142442933297932,16.411576241230968,0.0,0.0,-9.540979117872439e-18,1.8301205616613227e-18,0.0,0.0
1030.0,1.0,8.0,309.6005461847451,0.015200749961455979,0.015186628248150726,1.4121713305242623e-5,0.0,0.0,2.1025429099590583e-5,2.8748315584986515e-7,0.0,0.0
1030.0,1.0,9.0,369.2537048460309,0.014969517816781207,0.014942540243671028,2.6977573110171865e-5,0.0,0.0,2.2631210309405366e-5,6.425359825803389e-7,0.0,0.0
1030.0,1.0,10.0,434.5913423678227,0.01478202538305175,0.014729094515019574,5.293086803215862e-5,0.0,0.0,2.290084934827693e-5,1.508118936842142e-6,0.0,0.0
1030.0,1.0,11.0,506.144369817243,0.0145714788769359,0.014464355543853767,0.00010712333308210572,0.0,0.0,1.4329604959423069e-5,3.5950119355022517e-6,0.0,0.0
1030.0,1.0,12.0,584.4911196296998,0.014133653063282552,0.013906646287990378,0.00022700677529214887,0.0,0.0,1.1094515648481307e-5,9.073971760929796e-6,0.0,0.0
1030.0,1.0,13.0,670.2611456323448,0.01365324321758388,0.013143983038058055,0.0005092601795258249,0.0,0.0,-6.1504856835383645e-6,2.3003551538897462e-5,0.0,0.0
1030.0,1.0,14.0,764.1392382751876,0.013099087552977954,0.011915258294645901,0.001183829258332031,0.0,0.0,-3.9477923496392166e-5,5.3566485609997237e-5,0.0,0.0
1040.0,1.0,0.0,0.0,30.554044078599855,14.142813576190825,16.411230502408984,0.0,0.0,-8.673617379884035e-18,-2.908817019989674e-18,0.0,0.0
1040.0,1.0,8.0,309.6005461847451,0.015209965595803227,0.015195890910646893,1.4074685156325705e-5,0.0,0.0,2.0487981021879507e-5,2.865142525428992e-7,0.0,0.0
1040.0,1.0,9.0,369.2537048460309,0.014974973146475714,0.014948135767468722,2.6837379006985068e-5,0.0,0.0,2.2272567116313413e-5,6.404677395643223e-7,0.0,0.0
1040.0,1.0,10.0,434.5913423678227,0.01478214651777551,0.014729279454880218,5.286706289527624e-5,0.0,0.0,2.2648745175084887e-5,1.5039605617733442e-6,0.0,0.0
1040.0,1.0,11.0,506.144369817243,0.01457103795205526,0.014463925685559993,0.00010711226649523976,0.0,0.0,1.4096748662480604e-5,3.586082925627231e-6,0.0,0.0
1040.0,1.0,12.0,584.4911196296998,0.014133245365830377,0.013906262143852391,0.00022698322197795996,0.0,0.0,1.0913303969804202e-5,9.053733348081305e-6,0.0,0.0
1040.0,1.0,13.0,670.2611456323448,0.013652833575612268,0.013143630458350973,0.0005092031172612932,0.0,0.0,-6.2925555854721995e-6,2.2954645074981222e-5,0.0,0.0
1040.0,1.0,14.0,764.1392382751876,0.013098699155697188,0.011915009668664494,0.0011836894870326717,0.0,0.0,-3.952550347652277e-5,5.344668807885678e-5,0.0,0.0
1050.0,1.0,0.0,0.0,30.554068809466113,14.143184058158134,16.41088475130793,0.0,0.0,-3.903127820947816e-18,-4.238870505415739e-18,0.0,0.0
1050.0,1.0,8.0,309.6005461847451,0.015218592761263914,0.015204546228868215,1.4046532395693645e-5,0.0,0.0,1.9969605439891914e-5,2.856089506015865e-7,0.0,0.0
1050.0,1.0,9.0,369.2537048460309,0.014981293790378583,0.014954618108685876,2.6675681692702346e-5,0.0,0.0,2.190533191199688e-5,6.384932253919844e-7,0.0,0.0
1050.0,1.0,10.0,434.5913423678227,0.014782461182557903,0.014729664647582625,5.279653497526401e-5,0.0,0.0,2.2410074199007623e-5,1.5000024522350635e-6,0.0,0.0
1050.0,1.0,11.0,506.144369817243,0.014570611535353818,0.0144635102733034,0.000107101262050392,0.0,0.0,1.3876946830756679e-5,3.577604342432265e-6,0.0,0.0
1050.0,1.0,12.0,584.4911196296998,0.01413284910143742,0.013905888386005278,0.00022696071543211522,0.0,0.0,1.0742475903321237e-5,9.034542614436261e-6,0.0,0.0
1050.0,1.0,13.0,670.2611456323448,0.013652434740633162,0.013143286134523976,0.0005091486061091885,0.0,0.0,-6.426375216331185e-6,2.290828881746897e-5,0.0,0.0
1050.0,1.0,14.0,764.1392382751876,0.01309832022959357,0.011914764227745959,0.001183556001847586,0.0,0.0,-3.95699093244965e-5,5.333317365272299e-5,0.0,0.0
1060.0,1.0,0.0,0.0,30.554093372323532,14.143554382462943,16.410538989860537,0.0,0.0,-2.168404344971009e-18,-4.215682978484653e-18,0.0,0.0
1060.0,1.0,8.0,309.6005461847451,0.01522651440256973,0.015212476464966372,1.403793760335298e-5,0.0,0.0,1.9518346652328995e-5,2.848877136892164e-7,0.0,0.0
1060.0,1.0,9.0,369.2537048460309,0.014988483161664559,0.014961983594795088,2.6499566869466066e-5,0.0,0.0,2.1568943271185046e-5,6.36891783268596e-7,0.0,0.0
1060.0,1.0,10.0,434.5913423678227,0.014783090366384541,0.014730377497740754,5.271286864377232e-5,0.0,0.0,2.222367943328482e-5,1.4968472901792953e-6,0.0,0.0
1060.0,1.0,11.0,506.144369817243,0.014570239308567488,0.014463147920419962,0.00010709138814750246,0.0,0.0,1.3707646767111956e-5,3.5708853387538864e-6,0.0,0.0
1060.0,1.0,12.0,584.4911196296998,0.014132496908639986,0.013905554666723698,0.00022694224191626566,0.0,0.0,1.0611682575896338e-5,9.01938708970044e-6,0.0,0.0
1060.0,1.0,13.0,670.2611456323448,0.013652077505053603,0.013142973590419361,0.0005091039146342422,0.0,0.0,-6.528419826521982e-6,2.2871751455167817e-5,0.0,0.0
1060.0,1.0,14.0,764.1392382751876,0.013097977750117827,0.011914531042076093,0.0011834467080417104,0.0,0.0,-3.960207014279772e-5,5.324384791796417e-5,0.0,0.0
1070.0,1.0,0.0,0.0,30.554117762146745,14.14392454009195,16.410193222054748,0.0,0.0,3.903127820947816e-18,-3.0307897643942934e-18,0.0,0.0
1070.0,1.0,8.0,309.6005461847451,0.015233630056218438,0.015219581704692285,1.4048351526147736e-5,0.0,0.0,1.9170994306535176e-5,2.844358838828753e-7,0.0,0.0
1070.0,1.0,9.0,369.2537048460309,0.014996517560113607,0.01497020376347821,2.6313796635395424e-5,0.0,0.0,2.1292302154072398e-5,6.358560641050526e-7,0.0,0.0
1070.0,1.0,10.0,434.5913423678227,0.014784140751084553,0.014731528683209778,5.261206787476155e-5,0.0,0.0,2.2116620703811323e-5,1.4949337726020723e-6,0.0,0.0
1070.0,1.0,11.0,506.144369817243,0.014569951063946424,0.014462867841259492,0.00010708322268690977,0.0,0.0,1.3615977017495007e-5,3.5668755357941107e-6,0.0,0.0
1070.0,1.0,12.0,584.4911196296998,0.014132212404421644,0.013905282447531789,0.00022692995688983309,0.0,0.0,1.0542383193061537e-5,9.010424751179751e-6,0.0,0.0
1070.0,1.0,13.0,670.2611456323448,0.01365178414908104,0.013142709855764552,0.0005090742933164908,0.0,0.0,-6.581657871149206e-6,2.2850283716676468e-5,0.0,0.0
1070.0,1.0,14.0,764.1392382751876,0.01309769125497035,0.011914316712669494,0.0011833745423008334,0.0,0.0,-3.96153834896472e-5,5.319164820390294e-5,0.0,0.0
1080.0,1.0,0.0,0.0,30.554141966024233,14.14429451285007,16.40984745317411,0.0,0.0,4.336808689942018e-19,-3.151174322022811e-18,0.0,0.0
1080.0,1.0,8.0,309.6005461847451,0.01523985602215622,0.01522578023594756,1.4075786208654795e-5,0.0,0.0,1.8947832852840225e-5,2.8429969390561155e-7,0.0,0.0
1080.0,1.0,9.0,369.2537048460309,0.015005331224714001,0.014979208018230822,2.6123206483180364e-5,0.0,0.0,2.109020542615226e-5,6.354579243248211e-7,0.0,0.0
1080.0,1.0,10.0,434.5913423678227,0.014785706783467963,0.014733216334457594,5.249044901035714e-5,0.0,0.0,2.210012819161057e-5,1.4945593083803144e-6,0.0,0.0
1080.0,1.0,11.0,506.144369817243,0.014569762904032457,0.014462685958816964,0.00010707694521547303,0.0,0.0,1.3614273998534784e-5,3.566305314303402e-6,0.0,0.0
1080.0,1.0,12.0,584.4911196296998,0.014132006922669036,0.013905081259835791,0.00022692566283322426,0.0,0.0,1.0544104086410538e-5,9.00946267430194e-6,0.0,0.0
1080.0,1.0,13.0,670.2611456323448,0.013651565182589554,0.01314250079823432,0.0005090643843552374,0.0,0.0,-6.580219298771871e-6,2.2848528126839372e-5,0.0,0.0
1080.0,1.0,14.0,764.1392382751876,0.013097469880126106,0.011914119056128122,0.0011833508239979598,0.0,0.0,-3.961203089585246e-5,5.318789472524768e-5,0.0,0.0
1090.0,1.0,0.0,0.0,30.554165966663415,14.144664277786982,16.409501688876386,0.0,0.0,-3.469446951953614e-18,2.260519177984914e-19,0.0,0.0
1090.0,1.0,8.0,309.6005461847451,0.015245126728333308,0.015231009928560258,1.4116799773039157e-5,0.0,0.0,1.8849577338080326e-5,2.8469444912520633e-7,0.0,0.0
1090.0,1.0,9.0,369.2537048460309,0.015014812377904899,0.014988878993180946,2.593338472395362e-5,0.0,0.0,2.0962004413930003e-5,6.359987149783391e-7,0.0,0.0
1090.0,1.0,10.0,434.5913423678227,0.014787868378881566,0.014735523308716336,5.2345070165221365e-5,0.0,0.0,2.2168940585225814e-5,1.4965418321787393e-6,0.0,0.0
1090.0,1.0,11.0,506.144369817243,0.01456967444680752,0.014462600549920646,0.0001070738968868519,0.0,0.0,1.3694920819519963e-5,3.5712992342878218e-6,0.0,0.0
1090.0,1.0,12.0,584.4911196296998,0.01413187937156571,0.013904944404463614,0.00022693496710207876,0.0,0.0,1.061013602241424e-5,9.022116062349441e-6,0.0,0.0
1090.0,1.0,13.0,670.2611456323448,0.013651418154272356,0.013142329449996937,0.0005090887042754242,0.0,0.0,-6.5410695073739764e-6,2.2881001710226392e-5,0.0,0.0
1090.0,1.0,14.0,764.1392382751876,0.013097310962663821,0.011913902210749883,0.0011834087519139137,0.0,0.0,-3.9627872270605245e-5,5.326578754829785e-5,0.0,0.0
1100.0,1.0,0.0,0.0,30.55418974646212,14.145033812202772,16.409155934259303,0.0,0.0,-5.637851296924623e-18,-1.838379132897052e-18,0.0,0.0
1100.0,1.0,8.0,309.6005461847451,0.01524940063794108,0.01523523485253422,1.416578540685041e-5,0.0,0.0,1.886198022931065e-5,2.8560374458923486e-7,0.0,0.0
1100.0,1.0,9.0,369.2537048460309,0.015024792112923485,0.014999041691461235,2.5750421462250542e-5,0.0,0.0,2.0892754473313278e-5,6.376332556342157e-7,0.0,0.0
1100.0,1.0,10.0,434.5913423678227,0.014790687497632462,0.014738514971559332,5.217252607311847e-5,0.0,0.0,2.2303339687979625e-5,1.5009263599492685e-6,0.0,0.0
1100.0,1.0,11.0,506.144369817243,0.014569676001337548,0.01446260293621641,0.00010707306512111657,0.0,0.0,1.3840011817654304e-5,3.5819168515243047e-6,0.0,0.0
1100.0,1.0,12.0,584.4911196296998,0.014131815921083936,0.013904857913705555,0.00022695800737836434,0.0,0.0,1.0726492886443052e-5,9.04853516592271e-6,0.0,0.0
1100.0,1.0,13.0,670.2611456323448,0.013651329549490086,0.013142182170041306,0.0005091473794487821,0.0,0.0,-6.477847453710506e-6,2.2947831488765196e-5,0.0,0.0
1100.0,1.0,14.0,764.1392382751876,0.013097202552214382,0.01191365533933958,0.0011835472128747795,0.0,0.0,-3.9673743454914864e-5,5.342421513313471e-5,0.0,0.0
1110.0,1.0,0.0,0.0,30.554213290972754,14.145403097912737,16.40881019305997,0.0,0.0,-1.3010426069826053e-18,-2.8937821851759103e-18,0.0,0.0
1110.0,1.0,8.0,309.6005461847451,0.015252665172076267,0.015238450547813826,1.421462426243094e-5,0.0,0.0,1.895795865333459e-5,2.8684007974705195e-7,0.0,0.0
1110.0,1.0,9.0,369.2537048460309,0.01503506735143169,0.015009487686000677,2.557966543101256e-5,0.0,0.0,2.0857554865297907e-5,6.399580516017655e-7,0.0,0.0
1110.0,1.0,10.0,434.5913423678227,0.014794206378433396,0.014742237387894692,5.196899053869561e-5,0.0,0.0,2.247239246987039e-5,1.5068042198043964e-6,0.0,0.0
1110.0,1.0,11.0,506.144369817243,0.014569753777551446,0.014462682844509222,0.00010707093304220294,0.0,0.0,1.4025526496889474e-5,3.5960572006409875e-6,0.0,0.0
1110.0,1.0,12.0,584.4911196296998,0.014131792575927034,0.013904802958589079,0.00022698961733794387,0.0,0.0,1.0874313796444337e-5,9.083572653645423e-6,0.0,0.0
1110.0,1.0,13.0,670.2611456323448,0.013651277469458083,0.01314204990890853,0.0005092275605495525,0.0,0.0,-6.399601121829337e-6,2.303616864442521e-5,0.0,0.0
1110.0,1.0,14.0,764.1392382751876,0.013097125706137728,0.01191338963228021,0.001183736073857494,0.0,0.0,-3.9738453116443514e-5,5.363304571437498e-5,0.0,0.0
1120.0,1.0,0.0,0.0,30.554236591800517,14.145772124669312,16.40846446713116,0.0,0.0,-3.0357660829594124e-18,-3.842882602574354e-18,0.0,0.0
1120.0,1.0,8.0,309.6005461847451,0.015254941211560033,0.01524068858865439,1.4252622905635122e-5,0.0,0.0,1.9101202712048667e-5,2.8818219737968374e-7,0.0,0.0
1120.0,1.0,9.0,369.2537048460309,0.015045417740600213,0.01501999174905227,2.5425991547940252e-5,0.0,0.0,2.0825104504984278e-5,6.424673650419848e-7,0.0,0.0
1120.0,1.0,10.0,434.5913423678227,0.014798448735671025,0.014746717572940897,5.1731162730116766e-5,0.0,0.0,2.26385653292855e-5,1.5130388828869906e-6,0.0,0.0
1120.0,1.0,11.0,506.144369817243,0.014569892967051645,0.014462829891693164,0.00010706307535846227,0.0,0.0,1.4221586500158593e-5,3.611104821620657e-6,0.0,0.0
1120.0,1.0,12.0,584.4911196296998,0.014131779563924543,0.013904756199387334,0.00022702336453719467,0.0,0.0,1.103020588384834e-5,9.120823940389089e-6,0.0,0.0
1120.0,1.0,13.0,670.2611456323448,0.013651234767527073,0.013141921501587448,0.0005093132659396268,0.0,0.0,-6.3174948287482735e-6,2.3130031795953396e-5,0.0,0.0
1120.0,1.0,14.0,764.1392382751876,0.013097056982994619,0.011913119105003683,0.0011839378779909151,0.0,0.0,-3.980798537340819e-5,5.3854823025397545e-5,0.0,0.0
1130.0,1.0,0.0,0.0,30.554259648756524,14.146140892504722,16.408118756251756,0.0,0.0,-4.336808689942018e-19,-7.673059710939893e-18,0.0,0.0
1130.0,1.0,8.0,309.6005461847451,0.015256274811802922,0.01524200632901735,1.4268482785563083e-5,0.0,0.0,1.925411453532357e-5,2.894210564385135e-7,0.0,0.0
1130.0,1.0,9.0,369.2537048460309,0.015055623637982537,0.015030330389493434,2.5293248489103595e-5,0.0,0.0,2.0764910981894866e-5,6.446644479763578e-7,0.0,0.0
1130.0,1.0,10.0,434.5913423678227,0.014803424253909472,0.01475196754768657,5.1456706222894804e-5,0.0,0.0,2.2765246067362453e-5,1.5185011457005858e-6,0.0,0.0
1130.0,1.0,11.0,506.144369817243,0.014570085531999238,0.0144630408712954,0.00010704466070382165,0.0,0.0,1.4398616843618915e-5,3.6244762199764664e-6,0.0,0.0
1130.0,1.0,12.0,584.4911196296998,0.01413174750207583,0.013904694618950969,0.00022705288312484327,0.0,0.0,1.1171063623437214e-5,9.153964516706306e-6,0.0,0.0
1130.0,1.0,13.0,670.2611456323448,0.013651174617429014,0.013141785905536286,0.0005093887118927327,0.0,0.0,-6.242571289434063e-6,2.3213637212771026e-5,0.0,0.0
1130.0,1.0,14.0,764.1392382751876,0.013096973200132022,0.011912857568463466,0.0011841156316685338,0.0,0.0,-3.986852936936098e-5,5.4052553344035126e-5,0.0,0.0
1140.0,1.0,0.0,0.0,30.554282470124097,14.146509411845479,16.407773058278572,0.0,0.0,-1.734723475976807e-18,-5.412964049428606e-18,0.0,0.0
1140.0,1.0,8.0,309.6005461847451,0.01525670161953349,0.015242442513140888,1.4259106392590259e-5,0.0,0.0,1.93840817010799e-5,2.903903649549718e-7,0.0,0.0
1140.0,1.0,9.0,369.2537048460309,0.01506548269672087,0.015040299118984204,2.5183577736666646e-5,0.0,0.0,2.065281018623853e-5,6.46148367210741e-7,0.0,0.0
1140.0,1.0,10.0,434.5913423678227,0.014809131916850864,0.014757987286133268,5.114463071758696e-5,0.0,0.0,2.2822489089387912e-5,1.5222529280447176e-6,0.0,0.0
1140.0,1.0,11.0,506.144369817243,0.014570336245502514,0.014463325406239564,0.00010701083926293495,0.0,0.0,1.4532137246577605e-5,3.634042959041437e-6,0.0,0.0
1140.0,1.0,12.0,584.4911196296998,0.014131672256666464,0.013904599352908284,0.00022707290375815825,0.0,0.0,1.1277872325105688e-5,9.177788552210796e-6,0.0,0.0
1140.0,1.0,13.0,670.2611456323448,0.013651074929937368,0.013141634024521055,0.0005094409054163157,0.0,0.0,-6.183927564265758e-6,2.3273991554740624e-5,0.0,0.0
1140.0,1.0,14.0,764.1392382751876,0.013096855256010887,0.011912616372847991,0.001184238883162874,0.0,0.0,-3.990873550158597e-5,5.4195784181604884e-5,0.0,0.0
1150.0,1.0,0.0,0.0,30.55430507149745,14.146877701895132,16.407427369602267,0.0,0.0,-2.6020852139652106e-18,-8.96118506547687e-18,0.0,0.0
1150.0,1.0,8.0,309.6005461847451,0.015256169559112596,0.015241917777230793,1.4251781881795423e-5,0.0,0.0,1.9466953393999056e-5,2.9097994403232297e-7,0.0,0.0
1150.0,1.0,9.0,369.2537048460309,0.015074823426450388,0.015049726795794286,2.509663065610106e-5,0.0,0.0,2.0474179219168644e-5,6.466642988129167e-7,0.0,0.0
1150.0,1.0,10.0,434.5913423678227,0.014815561731923792,0.014764766208205398,5.0795523718384155e-5,0.0,0.0,2.2790310847263173e-5,1.5236573363529882e-6,0.0,0.0
1150.0,1.0,11.0,506.144369817243,0.01457066618134279,0.014463709221274594,0.00010695696006818352,0.0,0.0,1.4605560617378194e-5,3.6383790583810782e-6,0.0,0.0
1150.0,1.0,12.0,584.4911196296998,0.014131537847451964,0.01390445799903196,0.00022707984841997895,0.0,0.0,1.1337968094699838e-5,9.188818323866896e-6,0.0,0.0
1150.0,1.0,13.0,670.2611456323448,0.013650920989861056,0.01314145982099154,0.0005094611688695226,0.0,0.0,-6.147602593446857e-6,2.3302416605805634e-5,0.0,0.0
1150.0,1.0,14.0,764.1392382751876,0.013096690439045317,0.011912403134753254,0.0011842873042920397,0.0,0.0,-3.9920988126018255e-5,5.4264186108048434e-5,0.0,0.0
1160.0,1.0,0.0,0.0,30.554327473788653,14.147245787981465,16.407081685807142,0.0,0.0,7.703579970774976e-63,-1.2271178065109863e-17,0.0,0.0
1160.0,1.0,8.0,309.6005461847451,0.015254594305309314,0.015240295617127956,1.429868818135214e-5,0.0,0.0,1.9489883512302475e-5,2.91155688881933e-7,0.0,0.0
1160.0,1.0,9.0,369.2537048460309,0.015083515922224447,0.015058487007997178,2.502891422727629e-5,0.0,0.0,2.022625315481896e-5,6.462958381783227e-7,0.0,0.0
1160.0,1.0,10.0,434.5913423678227,0.014822696935805443,0.014772284612606995,5.04123231984412e-5,0.0,0.0,2.266136157930738e-5,1.5230651339365011e-6,0.0,0.0
1160.0,1.0,11.0,506.144369817243,0.014571114140283418,0.014464234616019917,0.00010687952426348945,0.0,0.0,1.4610653264828492e-5,3.637736506930355e-6,0.0,0.0
1160.0,1.0,12.0,584.4911196296998,0.014131339204651393,0.013904265120463485,0.00022707408418788265,0.0,0.0,1.1345447862880232e-5,9.18758362179447e-6,0.0,0.0
1160.0,1.0,13.0,670.2611456323448,0.013650707419412357,0.013141257067780155,0.0005094503516322077,0.0,0.0,-6.139825297301748e-6,2.329976110179324e-5,0.0,0.0
1160.0,1.0,14.0,764.1392382751876,0.013096473967473803,0.011912211324650118,0.0011842626428236614,0.0,0.0,-3.991181791961405e-5,5.425950537705376e-5,0.0,0.0
1170.0,1.0,0.0,0.0,30.55434970045095,14.147613698019217,16.406736002431682,0.0,0.0,4.336808689942018e-19,-1.478771295140239e-17,0.0,0.0
1170.0,1.0,8.0,309.6005461847451,0.015252053591353563,0.015237630173902507,1.4423417451049398e-5,0.0,0.0,1.9453307061446502e-5,2.910686482113691e-7,0.0,0.0
1170.0,1.0,9.0,369.2537048460309,0.01509148083502807,0.015066508050170624,2.4972784857459942e-5,0.0,0.0,1.9918273903722177e-5,6.456166688866945e-7,0.0,0.0
1170.0,1.0,10.0,434.5913423678227,0.01483051436385011,0.01478051442101113,4.9999942838980324e-5,0.0,0.0,2.244210568691663e-5,1.5214597791775676e-6,0.0,0.0
1170.0,1.0,11.0,506.144369817243,0.01457173654574413,0.014464959707923695,0.00010677683782042375,0.0,0.0,1.454743003261561e-5,3.6346648491577467e-6,0.0,0.0
1170.0,1.0,12.0,584.4911196296998,0.014131083068120888,0.013904020823940835,0.00022706224418002886,0.0,0.0,1.1299580619298398e-5,9.180982938337784e-6,0.0,0.0
1170.0,1.0,13.0,670.2611456323448,0.013650438683728167,0.01314101217227599,0.000509426511452182,0.0,0.0,-6.174190013823053e-6,2.3284082249572126e-5,0.0,0.0
1170.0,1.0,14.0,764.1392382751876,0.013096209186646342,0.011912004449943343,0.001184204736702973,0.0,0.0,-3.991771890394246e-5,5.422157896232862e-5,0.0,0.0
1180.0,1.0,0.0,0.0,30.554371774368967,14.147981458683326,16.40639031568559,0.0,0.0,2.6020852139652106e-18,-1.429399862227154e-17,0.0,0.0
1180.0,1.0,8.0,309.6005461847451,0.015248674896811643,0.015234040111497763,1.4634785313876544e-5,0.0,0.0,1.9371737553021805e-5,2.908684702778977e-7,0.0,0.0
1180.0,1.0,9.0,369.2537048460309,0.015098710959678872,0.015073798978379443,2.4911981299443707e-5,0.0,0.0,1.9571801123561616e-5,6.446578777288836e-7,0.0,0.0
1180.0,1.0,10.0,434.5913423678227,0.014838980175271717,0.01478941632568862,4.95638495830974e-5,0.0,0.0,2.2149671140735225e-5,1.519074200223682e-6,0.0,0.0
1180.0,1.0,11.0,506.144369817243,0.014572609251907283,0.014465964490052503,0.00010664476185477496,0.0,0.0,1.4431227374503816e-5,3.6297380779032125e-6,0.0,0.0
1180.0,1.0,12.0,584.4911196296998,0.014130784916781271,0.013903739704133207,0.00022704521264804164,0.0,0.0,1.1213467276470128e-5,9.170328279444835e-6,0.0,0.0
1180.0,1.0,13.0,670.2611456323448,0.013650128309723905,0.013140735459611764,0.0005093928501121457,0.0,0.0,-6.240373029610126e-6,2.3258581406239213e-5,0.0,0.0
1180.0,1.0,14.0,764.1392382751876,0.013095907937234945,0.011911785301633648,0.001184122635601272,0.0,0.0,-3.993590138004287e-5,5.4159455941443374e-5,0.0,0.0
1190.0,1.0,0.0,0.0,30.554393714807883,14.148349091796225,16.40604462301161,0.0,0.0,3.903127820947816e-18,-2.0071822113729935e-17,0.0,0.0
1190.0,1.0,8.0,309.6005461847451,0.015244491305835625,0.015229534727029913,1.4956578805712139e-5,0.0,0.0,1.926928100426544e-5,2.906060856664258e-7,0.0,0.0
1190.0,1.0,9.0,369.2537048460309,0.015105321363498143,0.015080509628174968,2.4811735323188668e-5,0.0,0.0,1.9215121213547732e-5,6.435840525813719e-7,0.0,0.0
1190.0,1.0,10.0,434.5913423678227,0.014848048560988281,0.014798937725983497,4.9110835004781494e-5,0.0,0.0,2.180839954354008e-5,1.5162827776750288e-6,0.0,0.0
1190.0,1.0,11.0,506.144369817243,0.01457381933307311,0.01446734033791147,0.00010647899516162885,0.0,0.0,1.4283646755107642e-5,3.6237841179505906e-6,0.0,0.0
1190.0,1.0,12.0,584.4911196296998,0.01413046709745267,0.013903442919993028,0.00022702417745961817,0.0,0.0,1.1105670621732613e-5,9.1574765970365e-6,0.0,0.0
1190.0,1.0,13.0,670.2611456323448,0.01364979542142579,0.013140441533405286,0.0005093538880205108,0.0,0.0,-6.323771545821744e-6,2.3227778613300766e-5,0.0,0.0
1190.0,1.0,14.0,764.1392382751876,0.013095586980196895,0.011911559505086452,0.0011840274751104241,0.0,0.0,-3.996074084120749e-5,5.4084271519571664e-5,0.0,0.0
1200.0,1.0,0.0,0.0,30.5544155354334,14.148716612007544,16.405698923425806,0.0,0.0,4.336808689942018e-18,-1.978848959287337e-17,0.0,0.0
1200.0,1.0,8.0,309.6005461847451,0.015239210549003604,0.015223734876594161,1.5475672409440566e-5,0.0,0.0,1.917476598548673e-5,2.9033722673411195e-7,0.0,0.0
1200.0,1.0,9.0,369.2537048460309,0.015111765178173253,0.01508719116632598,2.457401184728885e-5,0.0,0.0,1.8877961416677565e-5,6.425733070760868e-7,0.0,0.0
1200.0,1.0,10.0,434.5913423678227,0.014857654822143856,0.014809005990511184,4.864883163267248e-5,0.0,0.0,2.14458410716501e-5,1.5134794633132984e-6,0.0,0.0
1200.0,1.0,11.0,506.144369817243,0.014575459220147193,0.014469184275541768,0.00010627494460541409,0.0,0.0,1.4128354061729767e-5,3.6177330593984005e-6,0.0,0.0
1200.0,1.0,12.0,584.4911196296998,0.014130155669210245,0.013903155471044423,0.00022700019816579775,0.0,0.0,1.0996845981154732e-5,9.14449134813671e-6,0.0,0.0
1200.0,1.0,13.0,670.2611456323448,0.013649461274573536,0.013140146637724658,0.0005093146368488834,0.0,0.0,-6.408142117609143e-6,2.3196685506138612e-5,0.0,0.0
1200.0,1.0,14.0,764.1392382751876,0.013095264959116636,0.011911333354298748,0.0011839316048178686,0.0,0.0,-3.998594360795418e-5,5.4008375141651754e-5,0.0,0.0
3000.0,0.0,0.0,0.0,30.55899290986165,14.215479831957081,16.343513077904543,0.0,0.0,2.1250362580715887e-17,-1.6352394563217895e-17,0.0,0.0
3000.0,0.0,8.0,309.6005461847451,0.015080561704893941,0.015025914866013157,5.464683888064875e-5,0.0,0.0,2.1792154944705386e-5,4.366209069083145e-7,0.0,0.0
3000.0,0.0,9.0,369.2537048460309,0.014692135318314268,0.014523011026480459,0.00016912429183381223,0.0,0.0,2.195304114155381e-5,6.453401848516583e-7,0.0,0.0
3000.0,0.0,10.0,434.5913423678227,0.014630751424464773,0.014462990656123909,0.0001677607683408327,0.0,0.0,2.203256477884581e-5,1.705404049628848e-6,0.0,0.0
3000.0,0.0,11.0,506.144369817243,0.014821068829319196,0.014612076377068791,0.00020899245225065445,0.0,0.0,4.233896775734467e-6,3.600548979875854e-6,0.0,0.0
3000.0,0.0,12.0,584.4911196296998,0.01480284563518339,0.014616857962224155,0.00018598767295933095,0.0,0.0,4.816921223415569e-7,9.234157377212246e-6,0.0,0.0
3000.0,0.0,13.0,670.2611456323448,0.014770243186711513,0.014585674996188338,0.00018456819052365496,0.0,0.0,-1.972379404788685e-5,2.3483375995154078e-5,0.0,0.0
3000.0,0.0,14.0,764.1392382751876,0.013149672725903441,0.012010578626499731,0.00113909409940365,0.0,0.0,-3.8835356896488325e-5,5.463936705954527e-5,0.0,0.0
3010.0,1.0,0.0,0.0,30.559035421876928,14.215867405199067,16.343168016677836,0.0,0.0,1.951563910473908e-17,-1.737529272614587e-17,0.0,0.0
3010.0,1.0,8.0,309.6005461847451,0.015079585915741925,0.015024593609237536,5.499230650425458e-5,0.0,0.0,2.1800103587389525e-5,4.375229446974234e-7,0.0,0.0
3010.0,1.0,9.0,369.2537048460309,0.014691607176693856,0.014521781412130319,0.00016982576456354325,0.0,0.0,2.193454203167879e-5,6.451202736223108e-7,0.0,0.0
3010.0,1.0,10.0,434.5913423678227,0.014630756167417358,0.014462399386616162,0.00016835678080116324,0.0,0.0,2.2025692170381314e-5,1.7055016416212804e-6,0.0,0.0
3010.0,1.0,11.0,506.144369817243,0.014826994223268672,0.01461888513908425,0.00020810908418467995,0.0,0.0,4.146649183626806e-6,3.599304018650744e-6,0.0,0.0
3010.0,1.0,12.0,584.4911196296998,0.014804489744246642,0.01461885395589725,0.0001856357883494882,0.0,0.0,4.6036327381565704e-7,9.233923380173445e-6,0.0,0.0
3010.0,1.0,13.0,670.2611456323448,0.014773144942633392,0.01458964476123262,0.00018350018140125148,0.0,0.0,-1.9755908415409532e-5,2.3482974829701306e-5,0.0,0.0
3010.0,1.0,14.0,764.1392382751876,0.013149453472869532,0.012010387968802983,0.0011390655040664894,0.0,0.0,-3.881526279418428e-5,5.463576000699227e-5,0.0,0.0
3020.0,1.0,0.0,0.0,30.55907821889582,14.216255258390785,16.342822960505007,0.0,0.0,1.691355389077387e-17,-1.7560581183357748e-17,0.0,0.0
3020.0,1.0,8.0,309.6005461847451,0.015078612790093166,0.01502327463829967,5.5338151793356806e-5,0.0,0.0,2.1807551131660088e-5,4.383929332618182e-7,0.0,0.0
3020.0,1.0,9.0,369.2537048460309,0.014691133753243338,0.014520615743057488,0.00017051801018585223,0.0,0.0,2.191478423041301e-5,6.448843798632656e-7,0.0,0.0
3020.0,1.0,10.0,434.5913423678227,0.014630812748735568,0.014461869045852326,0.00016894370288320865,0.0,0.0,2.2017085110420772e-5,1.7055553911968444e-6,0.0,0.0
3020.0,1.0,11.0,506.144369817243,0.014832794153589427,0.014625560809772141,0.00020723334381754244,0.0,0.0,4.061321586333943e-6,3.59809214590736e-6,0.0,0.0
3020.0,1.0,12.0,584.4911196296998,0.014806212544941496,0.014620942104232324,0.0001852704407092682,0.0,0.0,4.3718732914824645e-7,9.233670901264586e-6,0.0,0.0
3020.0,1.0,13.0,670.2611456323448,0.01477599857716699,0.014593550733650465,0.00018244784351700844,0.0,0.0,-1.978821285450994e-5,2.3482576469028295e-5,0.0,0.0
3020.0,1.0,14.0,764.1392382751876,0.013149234382606696,0.012010197822038564,0.0011390365605680706,0.0,0.0,-3.8794684225478096e-5,5.4631810918247474e-5,0.0,0.0
3030.0,1.0,0.0,0.0,30.55912130226034,14.216643392878698,16.342477909381618,0.0,0.0,1.9081958235744878e-17,-1.5709920072725508e-17,0.0,0.0
3030.0,1.0,8.0,309.6005461847451,0.01507764308962794,0.015021958705337013,5.568438429078503e-5,0.0,0.0,2.1815071884241286e-5,4.392652521473557e-7,0.0,0.0
3030.0,1.0,9.0,369.2537048460309,0.014690714840955932,0.014519513685895566,0.00017120115506036917,0.0,0.0,2.189445784043785e-5,6.446403078215526e-7,0.0,0.0
3030.0,1.0,10.0,434.5913423678227,0.014630920722508147,0.014461399004901383,0.0001695217176067301,0.0,0.0,2.2007494653898755e-5,1.7055868855298036e-6,0.0,0.0
3030.0,1.0,11.0,506.144369817243,0.014838478605074217,0.01463211452397137,0.000206364081103105,0.0,0.0,3.9784879547411126e-6,3.5969211586716943e-6,0.0,0.0
3030.0,1.0,12.0,584.4911196296998,0.014808007408053962,0.014623114713101666,0.00018489269495239116,0.0,0.0,4.1299675361918736e-7,9.23340375519768e-6,0.0,0.0
3030.0,1.0,13.0,670.2611456323448,0.014778805037166005,0.014597393992137001,0.0001814110450294905,0.0,0.0,-1.9819994991205917e-5,2.3482189199136663e-5,0.0,0.0
3030.0,1.0,14.0,764.1392382751876,0.013149015352119398,0.012010007712383114,0.0011390076397362202,0.0,0.0,-3.8774102839902364e-5,5.4627892437590926e-5,0.0,0.0
3040.0,1.0,0.0,0.0,30.559164673160463,14.217031809795053,16.342132863365386,0.0,0.0,1.9949319973733282e-17,-1.5251887006497745e-17,0.0,0.0
3040.0,1.0,8.0,309.6005461847451,0.01507667836644844,0.015020647311794448,5.6031054653849e-5,0.0,0.0,2.1823980202475794e-5,4.4021949180251164e-7,0.0,0.0
3040.0,1.0,9.0,369.2537048460309,0.014690351087041958,0.014518475742629076,0.00017187534441288755,0.0,0.0,2.1875121896190627e-5,6.44405721784127e-7,0.0,0.0
3040.0,1.0,10.0,434.5913423678227,0.014631080673124151,0.01446098966436949,0.00017009100875462876,0.0,0.0,2.1998633447308318e-5,1.705641724896597e-6,0.0,0.0
3040.0,1.0,11.0,506.144369817243,0.014844057458013604,0.014638557126863619,0.00020550033115024712,0.0,0.0,3.899655846555747e-6,3.5958118861937127e-6,0.0,0.0
3040.0,1.0,12.0,584.4911196296998,0.014809869496446817,0.014625366006220856,0.00018450349022605946,0.0,0.0,3.895102976756837e-7,9.233128851713409e-6,0.0,0.0
3040.0,1.0,13.0,670.2611456323448,0.014781566228868595,0.014601176581913554,0.00018038964695552998,0.0,0.0,-1.984964221167829e-5,2.3481830115789158e-5,0.0,0.0
3040.0,1.0,14.0,764.1392382751876,0.01314879611523518,0.012009816528086146,0.0011389795871489688,0.0,0.0,-3.8754648374871e-5,5.462485399395673e-5,0.0,0.0
3050.0,1.0,0.0,0.0,30.55920833235121,14.217420509787587,16.341787822563603,0.0,0.0,2.0383000842727483e-17,-2.0952736378874407e-17,0.0,0.0
3050.0,1.0,8.0,309.6005461847451,0.01507572064241253,0.015019342417165446,5.6378225246936704e-5,0.0,0.0,2.1836001707171638e-5,4.413610786236796e-7,0.0,0.0
3050.0,1.0,9.0,369.2537048460309,0.014690043644009455,0.01451750291205915,0.00017254073195031627,0.0,0.0,2.1858815061105705e-5,6.442037182910815e-7,0.0,0.0
3050.0,1.0,10.0,434.5913423678227,0.014631293775231393,0.014460642029387426,0.00017065174584393215,0.0,0.0,2.1992754123893085e-5,1.7057763517769923e-6,0.0,0.0
3050.0,1.0,11.0,506.144369817243,0.01484954019570119,0.014644898938034426,0.0002046412576670351,0.0,0.0,3.826832550549985e-6,3.594776536855553e-6,0.0,0.0
3050.0,1.0,12.0,584.4911196296998,0.014811795177627672,0.01462769149921864,0.0001841036784091292,0.0,0.0,3.6889356697693e-7,9.232868483716818e-6,0.0,0.0
3050.0,1.0,13.0,670.2611456323448,0.014784284527709352,0.014604901016696148,0.000179383511013703,0.0,0.0,-1.9875086757957276e-5,2.3481519752849708e-5,0.0,0.0
3050.0,1.0,14.0,764.1392382751876,0.013148576268283828,0.012009622766200987,0.0011389535020827728,0.0,0.0,-3.8737853380367015e-5,5.462380100702032e-5,0.0,0.0
3060.0,1.0,0.0,0.0,30.55925227993005,14.217809492868078,16.34144278706195,0.0,0.0,2.0816681711721685e-17,-2.3952715319812325e-17,0.0,0.0
3060.0,1.0,8.0,309.6005461847451,0.015074770030599642,0.015018044203360732,5.6725827238760806e-5,0.0,0.0,2.1851008559696332e-5,4.426831562886667e-7,0.0,0.0
3060.0,1.0,9.0,369.2537048460309,0.014689791545083814,0.014516594112993777,0.0001731974320900495,0.0,0.0,2.1845398037451156e-5,6.440326785554645e-7,0.0,0.0
3060.0,1.0,10.0,434.5913423678227,0.014631558832275491,0.01446035483799344,0.00017120399428201372,0.0,0.0,2.1989723298696675e-5,1.705982807871675e-6,0.0,0.0
3060.0,1.0,11.0,506.144369817243,0.014854933174698626,0.014651147092519582,0.00020378608217932296,0.0,0.0,3.7596719828222886e-6,3.593789274136187e-6,0.0,0.0
3060.0,1.0,12.0,584.4911196296998,0.014813779138533132,0.014630085106890256,0.00018369403164297086,0.0,0.0,3.510639403760392e-7,9.232639065015093e-6,0.0,0.0
3060.0,1.0,13.0,670.2611456323448,0.014786959866654289,0.014608567357245866,0.0001783925094089222,0.0,0.0,-1.9896580462500627e-5,2.3481256507452378e-5,0.0,0.0
3060.0,1.0,14.0,764.1392382751876,0.013148355910392909,0.012009425458515962,0.0011389304518768793,0.0,0.0,-3.872470030160016e-5,5.4625803837325966e-5,0.0,0.0
3070.0,1.0,0.0,0.0,30.559296515906833,14.218198759081734,16.341097756825075,0.0,0.0,2.211772431870429e-17,-2.1434274609388477e-17,0.0,0.0
3070.0,1.0,8.0,309.6005461847451,0.015073822484815116,0.015016748924856113,5.707355995885064e-5,0.0,0.0,2.1864954173910337e-5,4.439386096678493e-7,0.0,0.0
3070.0,1.0,9.0,369.2537048460309,0.01468958925091911,0.014515743781041564,0.00017384546987756112,0.0,0.0,2.1830137768609085e-5,6.438389059807499e-7,0.0,0.0
3070.0,1.0,10.0,434.5913423678227,0.014631869628359126,0.014460121984581771,0.00017174764377731619,0.0,0.0,2.1984332624560702e-5,1.7061281352627572e-6,0.0,0.0
3070.0,1.0,11.0,506.144369817243,0.01486023733460823,0.014657303244365061,0.00020293409024345403,0.0,0.0,3.6930271213473835e-6,3.5928271091015196e-6,0.0,0.0
3070.0,1.0,12.0,584.4911196296998,0.01481581161929849,0.014632536418969083,0.0001832752003295039,0.0,0.0,3.3112708413047355e-7,9.232385472822752e-6,0.0,0.0
3070.0,1.0,13.0,670.2611456323448,0.014789587326430103,0.014612170798863329,0.0001774165275672781,0.0,0.0,-1.9918968862236307e-5,2.348098554348005e-5,0.0,0.0
3070.0,1.0,14.0,764.1392382751876,0.01314813572939407,0.01200922953591183,0.0011389061934821729,0.0,0.0,-3.871021308610207e-5,5.462661041086943e-5,0.0,0.0
3080.0,1.0,0.0,0.0,30.55934104158819,14.218588309907883,16.340752731680283,0.0,0.0,2.1250362580715887e-17,-2.303368457204141e-17,0.0,0.0
3080.0,1.0,8.0,309.6005461847451,0.015072872953988008,0.015015451820649166,5.742113333869008e-5,0.0,0.0,2.1872991979979855e-5,4.448295261056006e-7,0.0,0.0
3080.0,1.0,9.0,369.2537048460309,0.014689430180373523,0.014514945347750621,0.00017448483262291927,0.0,0.0,2.1807369882969203e-5,6.435581976166175e-7,0.0,0.0
3080.0,1.0,10.0,434.5913423678227,0.01463221909463524,0.014459936547011908,0.00017228254762329312,0.0,0.0,2.1970312654030596e-5,1.7060631840043528e-6,0.0,0.0
3080.0,1.0,11.0,506.144369817243,0.014865452092705435,0.014663367487772031,0.00020208460493368894,0.0,0.0,3.6208550252088797e-6,3.5918302116357144e-6,0.0,0.0
3080.0,1.0,12.0,584.4911196296998,0.014817882501879183,0.014635034710218042,0.00018284779166123841,0.0,0.0,3.0337389594993585e-7,9.232066663242957e-6,0.0,0.0
3080.0,1.0,13.0,670.2611456323448,0.014792161035937603,0.01461570555659074,0.00017645547934736424,0.0,0.0,-1.994797834961507e-5,2.3480652840259288e-5,0.0,0.0
3080.0,1.0,14.0,764.1392382751876,0.013147916885654835,0.01200903944296785,0.0011388774426869172,0.0,0.0,-3.868986241454833e-5,5.462291974614493e-5,0.0,0.0
3090.0,1.0,0.0,0.0,30.559385859954578,14.218978148527803,16.340407711426746,0.0,0.0,2.47198095326695e-17,-2.243938508042411e-17,0.0,0.0
3090.0,1.0,8.0,309.6005461847451,0.015071922257054407,0.015014153586377239,5.7768670677018276e-5,0.0,0.0,2.18759969741512e-5,4.454089446554948e-7,0.0,0.0
3090.0,1.0,9.0,369.2537048460309,0.01468931428957332,0.014514198679035601,0.00017511561053774007,0.0,0.0,2.1778139590245898e-5,6.432024255282803e-7,0.0,0.0
3090.0,1.0,10.0,434.5913423678227,0.014632608024341626,0.014459799232059211,0.00017280879228237308,0.0,0.0,2.1949025008582105e-5,1.705826937429155e-6,0.0,0.0
3090.0,1.0,11.0,506.144369817243,0.014870583194706312,0.01466934607290091,0.00020123712180568189,0.0,0.0,3.5440166553987643e-6,3.590773695827851e-6,0.0,0.0
3090.0,1.0,12.0,584.4911196296998,0.014819989217202467,0.014637576827736322,0.00018241238946624296,0.0,0.0,2.690009729697838e-7,9.231716703376319e-6,0.0,0.0
3090.0,1.0,13.0,670.2611456323448,0.014794682333403607,0.014619173070840083,0.00017550926256402333,0.0,0.0,-1.998249930699226e-5,2.3480275959093385e-5,0.0,0.0
3090.0,1.0,14.0,764.1392382751876,0.013147699308754781,0.01200885383548046,0.0011388454732742552,0.0,0.0,-3.866497236903636e-5,5.4616002047690156e-5,0.0,0.0
3100.0,1.0,0.0,0.0,30.559430973741204,14.219368277774773,16.340062695966406,0.0,0.0,2.47198095326695e-17,-2.5946524998530542e-17,0.0,0.0
3100.0,1.0,8.0,309.6005461847451,0.015070977097697537,0.015012860490791768,5.8116606905616004e-5,0.0,0.0,2.1880362334508836e-5,4.4607072289501953e-7,0.0,0.0
3100.0,1.0,9.0,369.2537048460309,0.014689248051325708,0.014513510031002161,0.00017573802032357287,0.0,0.0,2.1749957957877785e-5,6.428566758944312e-7,0.0,0.0
3100.0,1.0,10.0,434.5913423678227,0.014633043783456753,0.01445971709704389,0.00017332668641282885,0.0,0.0,2.192851436747714e-5,1.7056138584323134e-6,0.0,0.0
3100.0,1.0,11.0,506.144369817243,0.014875643109827376,0.014675251689251507,0.00020039142057616286,0.0,0.0,3.4705408747550014e-6,3.589768009332417e-6,0.0,0.0
3100.0,1.0,12.0,584.4911196296998,0.01482213627623938,0.014640166808571584,0.00018196946766789533,0.0,0.0,2.357134161356667e-7,9.231366042700022e-6,0.0,0.0
3100.0,1.0,13.0,670.2611456323448,0.014797159562785012,0.014622581869660969,0.00017457769312454239,0.0,0.0,-2.0014918341793447e-5,2.3479924194731063e-5,0.0,0.0
3100.0,1.0,14.0,764.1392382751876,0.013147481438499592,0.012008667075707758,0.001138814362791761,0.0,0.0,-3.864126869445313e-5,5.460995294537785e-5,0.0,0.0
3110.0,1.0,0.0,0.0,30.559476383531738,14.219758698196195,16.339717685335522,0.0,0.0,2.0383000842727483e-17,-2.084781017253328e-17,0.0,0.0
3110.0,1.0,8.0,309.6005461847451,0.015070041494033957,0.015011576387708848,5.846510632495887e-5,0.0,0.0,2.188970186545782e-5,4.470377546983805e-7,0.0,0.0
3110.0,1.0,9.0,369.2537048460309,0.014689234847416075,0.014512882599382097,0.0001763522480340048,0.0,0.0,2.1727083109799347e-5,6.425691372578373e-7,0.0,0.0
3110.0,1.0,10.0,434.5913423678227,0.014633530176203441,0.01445969373199896,0.00017383644420445194,0.0,0.0,2.1913489145235928e-5,1.7055273327019356e-6,0.0,0.0
3110.0,1.0,11.0,506.144369817243,0.014880640099802557,0.014681092804641926,0.00019954729516093357,0.0,0.0,3.404771790644025e-6,3.5888700174903944e-6,0.0,0.0
3110.0,1.0,12.0,584.4911196296998,0.014824325162141508,0.014642805722985743,0.00018151943915586916,0.0,0.0,2.0784554919678478e-7,9.231035975369668e-6,0.0,0.0
3110.0,1.0,13.0,670.2611456323448,0.014799597775619514,0.014625937243666991,0.00017366053195302605,0.0,0.0,-2.0040964494872696e-5,2.3479632191291775e-5,0.0,0.0
3110.0,1.0,14.0,764.1392382751876,0.013147262393658217,0.01200847599482721,0.0011387863988309333,0.0,0.0,-3.862200446091027e-5,5.460707708537501e-5,0.0,0.0
3120.0,1.0,0.0,0.0,30.559522088706952,14.220149409080493,16.339372679626436,0.0,0.0,2.0383000842727483e-17,-2.45076277793823e-17,0.0,0.0
3120.0,1.0,8.0,309.6005461847451,0.015069112737560748,0.015010298840404898,5.8813897155698345e-5,0.0,0.0,2.190116235178838e-5,4.481328994927749e-7,0.0,0.0
3120.0,1.0,9.0,369.2537048460309,0.014689270699403944,0.014512312358955275,0.00017695834044869263,0.0,0.0,2.1706191965736413e-5,6.423021769468578e-7,0.0,0.0
3120.0,1.0,10.0,434.5913423678227,0.01463406262000641,0.014459724594603762,0.00017433802540262056,0.0,0.0,2.1900385519878123e-5,1.7054818196248257e-6,0.0,0.0
3120.0,1.0,11.0,506.144369817243,0.014885573988415536,0.014686869571688098,0.0001987044167277375,0.0,0.0,3.3430364313031863e-6,3.588026196532096e-6,0.0,0.0
3120.0,1.0,12.0,584.4911196296998,0.014826549743523426,0.014645487050857036,0.0001810626926664905,0.0,0.0,1.8205182158436867e-7,9.230716658531138e-6,0.0,0.0
3120.0,1.0,13.0,670.2611456323448,0.014801994021696864,0.014629236446634936,0.00017275757506243387,0.0,0.0,-2.006399737747903e-5,2.3479369645413203e-5,0.0,0.0
3120.0,1.0,14.0,764.1392382751876,0.013147042936882394,0.012008283174886931,0.0011387597619953833,0.0,0.0,-3.860457719222856e-5,5.460555104601493e-5,0.0,0.0
3130.0,1.0,0.0,0.0,30.55956808963713,14.220540410747546,16.339027678889558,0.0,0.0,1.8214596497756474e-17,-2.5809199781956938e-17,0.0,0.0
3130.0,1.0,8.0,309.6005461847451,0.015068187322096594,0.015009024587434834,5.916273466160949e-5,0.0,0.0,2.1911283333096345e-5,4.491419180799243e-7,0.0,0.0
3130.0,1.0,9.0,369.2537048460309,0.014689350878525565,0.014511794576982763,0.00017755630154282933,0.0,0.0,2.1683239645556887e-5,6.420100273652815e-7,0.0,0.0
3130.0,1.0,10.0,434.5913423678227,0.014634635801585414,0.01445980446540199,0.00017483133618340148,0.0,0.0,2.188468517829454e-5,1.7053791023942005e-6,0.0,0.0
3130.0,1.0,11.0,506.144369817243,0.014890443741861754,0.014692581274868033,0.00019786246699402777,0.0,0.0,3.2810606002692587e-6,3.587189645973568e-6,0.0,0.0
3130.0,1.0,12.0,584.4911196296998,0.0148288032769552,0.01464820367916681,0.00018059959778849412,0.0,0.0,1.542783674665302e-7,9.230380455125886e-6,0.0,0.0
3130.0,1.0,13.0,670.2611456323448,0.014804344416964127,0.01463247573519688,0.00017186868176775414,0.0,0.0,-2.0088105967717783e-5,2.347910323264339e-5,0.0,0.0
3130.0,1.0,14.0,764.1392382751876,0.013146823929759502,0.012008091674344091,0.0011387322554153325,0.0,0.0,-3.8585866019132204e-5,5.460316567357658e-5,0.0,0.0
3140.0,1.0,0.0,0.0,30.559614387823373,14.220931704715829,16.338682683107518,0.0,0.0,1.6479873021779667e-17,-2.123670417444141e-17,0.0,0.0
3140.0,1.0,8.0,309.6005461847451,0.015067265553480475,0.015007753893891978,5.951165958834628e-5,0.0,0.0,2.192034890115523e-5,4.500833714275628e-7,0.0,0.0
3140.0,1.0,9.0,369.2537048460309,0.01468947489451394,0.014511328695779858,0.00017814619873411067,0.0,0.0,2.1658565208910777e-5,6.416965112454392e-7,0.0,0.0
3140.0,1.0,10.0,434.5913423678227,0.014635249551387466,0.014459933147490027,0.0001753164038974102,0.0,0.0,2.186677385689837e-5,1.7052292989849733e-6,0.0,0.0
3140.0,1.0,11.0,506.144369817243,0.014895252624122748,0.014698231395895779,0.00019702122822727483,0.0,0.0,3.2191174531730043e-6,3.586357393797715e-6,0.0,0.0
3140.0,1.0,12.0,584.4911196296998,0.014831083701309988,0.014650953182250757,0.00018013051905933373,0.0,0.0,1.2486739609661944e-7,9.230034605468517e-6,0.0,0.0
3140.0,1.0,13.0,670.2611456323448,0.014806649601476358,0.014635655882809044,0.00017099371866782006,0.0,0.0,-2.011299548664751e-5,2.3478835614670633e-5,0.0,0.0
3140.0,1.0,14.0,764.1392382751876,0.013146605227418878,0.012007901170265149,0.0011387040571536476,0.0,0.0,-3.856618495498626e-5,5.460009754819511e-5,0.0,0.0
3150.0,1.0,0.0,0.0,30.559660984592437,14.22132329235898,16.338337692233434,0.0,0.0,1.5612511283791264e-17,-1.8566326929103823e-17,0.0,0.0
3150.0,1.0,8.0,309.6005461847451,0.015066348839394417,0.015006488082869059,5.986075652520855e-5,0.0,0.0,2.1929652042483385e-5,4.510377312333467e-7,0.0,0.0
3150.0,1.0,9.0,369.2537048460309,0.014689643466577236,0.014510915342637045,0.0001787281239402214,0.0,0.0,2.163369840235186e-5,6.41378914706639e-7,0.0,0.0
3150.0,1.0,10.0,434.5913423678227,0.01463590502039199,0.014460111721027086,0.00017579329936487267,0.0,0.0,2.1848373998310252e-5,1.7050685206843236e-6,0.0,0.0
3150.0,1.0,11.0,506.144369817243,0.01490000484862634,0.014703824286267986,0.00019618056235866458,0.0,0.0,3.1587015234812753e-6,3.585549424357101e-6,0.0,0.0
3150.0,1.0,12.0,584.4911196296998,0.014833390416858001,0.0146537346378659,0.000179655778992211,0.0,0.0,9.537579322533245e-8,9.229686560773507e-6,0.0,0.0
3150.0,1.0,13.0,670.2611456323448,0.014808911572616436,0.014638779046786114,0.00017013252583082336,0.0,0.0,-2.0137151859800197e-5,2.3478578255761648e-5,0.0,0.0
3150.0,1.0,14.0,764.1392382751876,0.013146386484909596,0.01200771049853947,0.001138675986370044,0.0,0.0,-3.85467221092822e-5,5.459717088915835e-5,0.0,0.0
3160.0,1.0,0.0,0.0,30.559707880800453,14.22171517457326,16.337992706227165,0.0,0.0,1.5612511283791264e-17,-2.108974395809279e-17,0.0,0.0
3160.0,1.0,8.0,309.6005461847451,0.015065437105832875,0.015005227113192682,6.020999264004048e-5,0.0,0.0,2.1939021283654467e-5,4.519937566741846e-7,0.0,0.0
3160.0,1.0,9.0,369.2537048460309,0.014689855698669287,0.014510553560686947,0.0001793021379823707,0.0,0.0,2.1608457306547963e-5,6.410551970108558e-7,0.0,0.0
3160.0,1.0,10.0,434.5913423678227,0.01463660136806147,0.014460339319832578,0.00017626204822886234,0.0,0.0,2.1829280427681138e-5,1.7048926902091768e-6,0.0,0.0
3160.0,1.0,11.0,506.144369817243,0.01490470260286463,0.014709362266016988,0.00019534033684795232,0.0,0.0,3.0995616028145897e-6,3.5847622041769855e-6,0.0,0.0
3160.0,1.0,12.0,584.4911196296998,0.014835721265834751,0.014656545595501452,0.00017917567033340682,0.0,0.0,6.564987134486137e-8,9.229336048583977e-6,0.0,0.0
3160.0,1.0,13.0,670.2611456323448,0.01481113062081927,0.014641845684737826,0.00016928493608194694,0.0,0.0,-2.0160754292099748e-5,2.347832980053833e-5,0.0,0.0
3160.0,1.0,14.0,764.1392382751876,0.01314616778302637,0.012007519846200965,0.0011386479368253163,0.0,0.0,-3.852729458915233e-5,5.459428053044713e-5,0.0,0.0
3170.0,1.0,0.0,0.0,30.559755077366805,14.222107352308296,16.337647725058492,0.0,0.0,1.6479873021779667e-17,-2.275850474330217e-17,0.0,0.0
3170.0,1.0,8.0,309.6005461847451,0.015064529976302228,0.015003970651436003,6.0559324866074214e-5,0.0,0.0,2.1948013331661578e-5,4.5292368704995085e-7,0.0,0.0
3170.0,1.0,9.0,369.2537048460309,0.014690110401979817,0.01451024211294366,0.00017986828903619018,0.0,0.0,2.1582336744910203e-5,6.407196667816698e-7,0.0,0.0
3170.0,1.0,10.0,434.5913423678227,0.014637337426568696,0.014460614763398981,0.0001767226631696838,0.0,0.0,2.1808925001574813e-5,1.7046912527339958e-6,0.0,0.0
3170.0,1.0,11.0,506.144369817243,0.014909347522904754,0.014714847083951942,0.00019450043895312424,0.0,0.0,3.041119995038825e-6,3.5839879080148227e-6,0.0,0.0
3170.0,1.0,12.0,584.4911196296998,0.014838073893644749,0.01465938342733004,0.00017869046631481856,0.0,0.0,3.520620834455202e-8,9.228980920218296e-6,0.0,0.0
3170.0,1.0,13.0,670.2611456323448,0.014813306685259089,0.01464485589781659,0.00016845078744300482,0.0,0.0,-2.018432164014394e-5,2.3478086584597386e-5,0.0,0.0
3170.0,1.0,14.0,764.1392382751876,0.013145949243539675,0.012007329614402075,0.0011386196291375138,0.0,0.0,-3.850749373019853e-5,5.459114586136964e-5,0.0,0.0
3180.0,1.0,0.0,0.0,30.559802575357274,14.222499826654586,16.337302748702665,0.0,0.0,1.5612511283791264e-17,-2.310250599900582e-17,0.0,0.0
3180.0,1.0,8.0,309.6005461847451,0.015063627785255326,0.015002719022401004,6.090876285416989e-5,0.0,0.0,2.1956882745690138e-5,4.538435928612343e-7,0.0,0.0
3180.0,1.0,9.0,369.2537048460309,0.014690407204748745,0.01450998056921941,0.00018042663552936405,0.0,0.0,2.1555646700536617e-5,6.403758220790811e-7,0.0,0.0
3180.0,1.0,10.0,434.5913423678227,0.01463811300362989,0.014460937826316229,0.00017717517731362872,0.0,0.0,2.1787667119391487e-5,1.7044714675818874e-6,0.0,0.0
3180.0,1.0,11.0,506.144369817243,0.014913941890636146,0.01472028109392186,0.0001936607967145965,0.0,0.0,2.9836355525753885e-6,3.58322985222726e-6,0.0,0.0
3180.0,1.0,12.0,584.4911196296998,0.014840446907131394,0.014662246484880213,0.00017820042225129138,0.0,0.0,4.3764165231784554e-9,9.228623046373088e-6,0.0,0.0
3180.0,1.0,13.0,670.2611456323448,0.01481544056862865,0.01464781065360315,0.00016762991502600744,0.0,0.0,-2.0207555881112576e-5,2.3477850594485887e-5,0.0,0.0
3180.0,1.0,14.0,764.1392382751876,0.013145730791105415,0.012007139564223371,0.001138591226881956,0.0,0.0,-3.848756068826427e-5,5.458793116918907e-5,0.0,0.0
3190.0,1.0,0.0,0.0,30.55985037573911,14.222892598593202,16.336957777145884,0.0,0.0,1.5178830414797062e-17,-2.4268764488256586e-17,0.0,0.0
3190.0,1.0,8.0,309.6005461847451,0.015062731072886547,0.015001472750054366,6.125832283203431e-5,0.0,0.0,2.196607027111991e-5,4.5478107459397754e-7,0.0,0.0
3190.0,1.0,9.0,369.2537048460309,0.014690745987281931,0.01450976874966241,0.0001809772376195544,0.0,0.0,2.152891610532435e-5,6.400296225776097e-7,0.0,0.0
3190.0,1.0,10.0,434.5913423678227,0.01463892816587522,0.014461308535932497,0.00017761962994269684,0.0,0.0,2.1766119015840926e-5,1.704244472979783e-6,0.0,0.0
3190.0,1.0,11.0,506.144369817243,0.014918488034413641,0.014725666667663975,0.0001928213667499811,0.0,0.0,2.927595736662884e-6,3.582494311624031e-6,0.0,0.0
3190.0,1.0,12.0,584.4911196296998,0.014842839262237433,0.014665133486569365,0.00017770577566818006,0.0,0.0,-2.628564367445695e-8,9.228265652688507e-6,0.0,0.0
3190.0,1.0,13.0,670.2611456323448,0.014817533343994587,0.014650711195401114,0.00016682214859398234,0.0,0.0,-2.022992463576117e-5,2.347762518995797e-5,0.0,0.0
3190.0,1.0,14.0,764.1392382751876,0.013145512315618817,0.012006949302038102,0.0011385630135806268,0.0,0.0,-3.846789671373675e-5,5.458492174092315e-5,0.0,0.0
3200.0,1.0,0.0,0.0,30.559898479321024,14.22328566893317,16.33661281038783,0.0,0.0,1.5178830414797062e-17,-2.1388852467591965e-17,0.0,0.0
3200.0,1.0,8.0,309.6005461847451,0.015061840147217169,0.01500023214728939,6.160799992763332e-5,0.0,0.0,2.1975783005558583e-5,4.5574908854992493e-7,0.0,0.0
3200.0,1.0,9.0,369.2537048460309,0.014691126401354547,0.014509606254074454,0.00018152014728012916,0.0,0.0,2.150239970717715e-5,6.396839322582286e-7,0.0,0.0
3200.0,1.0,10.0,434.5913423678227,0.014639782670346279,0.01446172661885987,0.0001780560514863829,0.0,0.0,2.1744581813889984e-5,1.7040151406155852e-6,0.0,0.0
3200.0,1.0,11.0,506.144369817243,0.014922987837487883,0.014731005717720501,0.00019198211976769735,0.0,0.0,2.873210156898674e-6,3.581783842087768e-6,0.0,0.0
3200.0,1.0,12.0,584.4911196296998,0.014845249733179954,0.01466804298347009,0.00017720674970997857,0.0,0.0,-5.650448740816698e-8,9.227910606887783e-6,0.0,0.0
3200.0,1.0,13.0,670.2611456323448,0.014819585810636419,0.014653558492376893,0.0001660273182600361,0.0,0.0,-2.0251171593959947e-5,2.3477411725702945e-5,0.0,0.0
3200.0,1.0,14.0,764.1392382751876,0.013145293769671558,0.012006758646031776,0.0011385351236396933,0.0,0.0,-3.844868847229892e-5,5.4582253188826994e-5,0.0,0.0
3210.0,1.0,0.0,0.0,30.559946886826967,14.223679038394298,16.336267848432644,0.0,0.0,1.7780915628762273e-17,-2.1015205058734412e-17,0.0,0.0
3210.0,1.0,8.0,309.6005461847451,0.0150609550907361,0.01499899731624105,6.19577744948992e-5,0.0,0.0,2.1986012654047253e-5,4.5674714539301374e-7,0.0,0.0
3210.0,1.0,9.0,369.2537048460309,0.014691547879295263,0.014509492471487745,0.0001820554078075515,0.0,0.0,2.1476098747325108e-5,6.39338758821137e-7,0.0,0.0
3210.0,1.0,10.0,434.5913423678227,0.014640676000677737,0.014462191538418594,0.00017848446225912033,0.0,0.0,2.1723064705297007e-5,1.7037830946771128e-6,0.0,0.0
3210.0,1.0,11.0,506.144369817243,0.014927442777379805,0.014736299741075334,0.00019114303630479227,0.0,0.0,2.8204294689156044e-6,3.581097594031403e-6,0.0,0.0
3210.0,1.0,12.0,584.4911196296998,0.014847676910158281,0.014670973353500646,0.00017670355665775237,0.0,0.0,-8.626728384982279e-8,9.227558311613844e-6,0.0,0.0
3210.0,1.0,13.0,670.2611456323448,0.014821598490005564,0.014656353231407196,0.00016524525859887645,0.0,0.0,-2.0271306651314323e-5,2.3477209787996534e-5,0.0,0.0
3210.0,1.0,14.0,764.1392382751876,0.013145075153164236,0.01200656760111768,0.0011385075520464667,0.0,0.0,-3.8429932726503795e-5,5.457992108138712e-5,0.0,0.0
3220.0,1.0,0.0,0.0,30.559995598022095,14.224072706749112,16.33592289127296,0.0,0.0,1.691355389077387e-17,-2.4792548487014964e-17,0.0,0.0
3220.0,1.0,8.0,309.6005461847451,0.01506007572040644,0.014997768108225801,6.23076121804833e-5,0.0,0.0,2.1996503318301453e-5,4.577591876082688e-7,0.0,0.0
3220.0,1.0,9.0,369.2537048460309,0.01469200958385863,0.014509426529467873,0.00018258305439078994,0.0,0.0,2.144972411645181e-5,6.389908537944953e-7,0.0,0.0
3220.0,1.0,10.0,434.5913423678227,0.014641607325681335,0.014462702453571091,0.0001789048721102207,0.0,0.0,2.170123622916078e-5,1.7035425840913074e-6,0.0,0.0
3220.0,1.0,11.0,506.144369817243,0.014931853901956718,0.014741549797859337,0.00019030410409770057,0.0,0.0,2.7689065769402362e-6,3.5804308758065405e-6,0.0,0.0
3220.0,1.0,12.0,584.4911196296998,0.014850119149298565,0.014673922750371762,0.00017619639892692485,0.0,0.0,-1.1586359671329428e-7,9.227207325146934e-6,0.0,0.0
3220.0,1.0,13.0,670.2611456323448,0.014823571578557435,0.014659095769582974,0.00016447580897497102,0.0,0.0,-2.0290649932422667e-5,2.3477017121593737e-5,0.0,0.0
3220.0,1.0,14.0,764.1392382751876,0.01314485652204961,0.012006376389591907,0.0011384801324576107,0.0,0.0,-3.841140615341906e-5,5.457775913243331e-5,0.0,0.0
3230.0,1.0,0.0,0.0,30.56004461122535,14.22446667234923,16.3355779388761,0.0,0.0,1.734723475976807e-17,-2.385435361881242e-17,0.0,0.0
3230.0,1.0,8.0,309.6005461847451,0.015059201490095714,0.014996544029336282,6.265746075928025e-5,0.0,0.0,2.2006665000433642e-5,4.5874797403480666e-7,0.0,0.0
3230.0,1.0,9.0,369.2537048460309,0.014692510297381686,0.014509407183867229,0.00018310311351449544,0.0,0.0,2.1422596897257355e-5,6.386326179886179e-7,0.0,0.0
3230.0,1.0,10.0,434.5913423678227,0.014642575384445173,0.014463258104414593,0.00017931728003056183,0.0,0.0,2.167830627366301e-5,1.7032813447917405e-6,0.0,0.0
3230.0,1.0,11.0,506.144369817243,0.014936221741840852,0.014746756425576478,0.0001894653162646956,0.0,0.0,2.7179004924580317e-6,3.5797739868808565e-6,0.0,0.0
3230.0,1.0,12.0,584.4911196296998,0.014852574473641916,0.014676889004921707,0.0001756854687203291,0.0,0.0,-1.4597859174532834e-7,9.226853711059193e-6,0.0,0.0
3230.0,1.0,13.0,670.2611456323448,0.01482550485568011,0.014661786043152722,0.00016371881252789895,0.0,0.0,-2.0309925632092067e-5,2.34768293484453e-5,0.0,0.0
3230.0,1.0,14.0,764.1392382751876,0.013144638023391008,0.012006185539397442,0.001138452483993476,0.0,0.0,-3.83925754243559e-5,5.457538568421475e-5,0.0,0.0
3240.0,1.0,0.0,0.0,30.56009392511552,14.224860933933897,16.3352329911816,0.0,0.0,1.5178830414797062e-17,-2.3139669569566604e-17,0.0,0.0
3240.0,1.0,8.0,309.6005461847451,0.015058331774925804,0.014995324501514305,6.300727341134948e-5,0.0,0.0,2.2015855448323545e-5,4.596728725657462e-7,0.0,0.0
3240.0,1.0,9.0,369.2537048460309,0.01469304873995557,0.014509433131727879,0.00018361560822772725,0.0,0.0,2.1393978115552284e-5,6.382558104290374e-7,0.0,0.0
3240.0,1.0,10.0,434.5913423678227,0.014643578877936624,0.014463857193514585,0.00017972168442202265,0.0,0.0,2.1653410471247057e-5,1.702987212518085e-6,0.0,0.0
3240.0,1.0,11.0,506.144369817243,0.014940546660297873,0.014751919981868788,0.00018862667842941012,0.0,0.0,2.6666173515325423e-6,3.5791166818846188e-6,0.0,0.0
3240.0,1.0,12.0,584.4911196296998,0.014855040919467686,0.014679869971685121,0.00017517094778268344,0.0,0.0,-1.7735315053560908e-7,9.22649295731408e-6,0.0,0.0
3240.0,1.0,13.0,670.2611456323448,0.01482739805163742,0.014664423938876507,0.00016297411276142585,0.0,0.0,-2.032991555159269e-5,2.3476642136894422e-5,0.0,0.0
3240.0,1.0,14.0,764.1392382751876,0.013144419825001525,0.01200599563077623,0.0011384241942252033,0.0,0.0,-3.837285253294594e-5,5.4572387103538845e-5,0.0,0.0
3250.0,1.0,0.0,0.0,30.560143538742125,14.225255490626811,16.33488804811529,0.0,0.0,1.9081958235744878e-17,-2.1686690427670258e-17,0.0,0.0
3250.0,1.0,8.0,309.6005461847451,0.015057466414903119,0.014994109374186071,6.335704071689939e-5,0.0,0.0,2.202389406091511e-5,4.605224112158485e-7,0.0,0.0
3250.0,1.0,9.0,369.2537048460309,0.014693624164122102,0.014509503593950913,0.0001841205701712295,0.0,0.0,2.1363668634111205e-5,6.378582519114346e-7,0.0,0.0
3250.0,1.0,10.0,434.5913423678227,0.014644617165364252,0.014464499065680822,0.00018011809968342062,0.0,0.0,2.1626313983673133e-5,1.7026583553904617e-6,0.0,0.0
3250.0,1.0,11.0,506.144369817243,0.014944829475816162,0.014757041254651259,0.0001877882211652323,0.0,0.0,2.6148211218733357e-6,3.5784559739414453e-6,0.0,0.0
3250.0,1.0,12.0,584.4911196296998,0.01485751715948335,0.014682864152927485,0.00017465300655598612,0.0,0.0,-2.1017593219782116e-7,9.226123745415254e-6,0.0,0.0
3250.0,1.0,13.0,670.2611456323448,0.014829251507081248,0.01466700996080199,0.00016224154627977321,0.0,0.0,-2.035083705350846e-5,2.3476454547998335e-5,0.0,0.0
3250.0,1.0,14.0,764.1392382751876,0.013144201978962869,0.01200580682936886,0.0011383951495939186,0.0,0.0,-3.835206823867318e-5,5.456864946677406e-5,0.0,0.0
3260.0,1.0,0.0,0.0,30.56019345136898,14.225650341753996,16.334543109614966,0.0,0.0,1.734723475976807e-17,-1.8167797927420674e-17,0.0,0.0
3260.0,1.0,8.0,309.6005461847451,0.015056606008418728,0.014992899208802916,6.370679961566133e-5,0.0,0.0,2.2031322735238243e-5,4.6133086628773427e-7,0.0,0.0
3260.0,1.0,9.0,369.2537048460309,0.014694236675517263,0.014509618629566776,0.00018461804595052756,0.0,0.0,2.1332312519704534e-5,6.374471772232533e-7,0.0,0.0
3260.0,1.0,10.0,434.5913423678227,0.014645690607090265,0.014465184042584072,0.00018050656450618204,0.0,0.0,2.1597780485177904e-5,1.7023071065207607e-6,0.0,0.0
3260.0,1.0,11.0,506.144369817243,0.014949071770868079,0.014762121765291049,0.0001869500055773576,0.0,0.0,2.5631324039946606e-6,3.577799794568942e-6,0.0,0.0
3260.0,1.0,12.0,584.4911196296998,0.014860002813671966,0.01468587100958634,0.0001741318040857453,0.0,0.0,-2.437785491373704e-7,9.22575014423242e-6,0.0,0.0
3260.0,1.0,13.0,670.2611456323448,0.014831066510901263,0.014669545573616601,0.00016152093728517353,0.0,0.0,-2.0372028023993673e-5,2.347627033524137e-5,0.0,0.0
3260.0,1.0,14.0,764.1392382751876,0.013143984350120097,0.012005618647825634,0.0011383657022943732,0.0,0.0,-3.8330715124515026e-5,5.456452632731977e-5,0.0,0.0
3270.0,1.0,0.0,0.0,30.560243662223478,14.226045486572861,16.334198175650595,0.0,0.0,1.951563910473908e-17,-2.2101736571824866e-17,0.0,0.0
3270.0,1.0,8.0,309.6005461847451,0.015055751610374705,0.014991695006173965,6.405660420058937e-5,0.0,0.0,2.2039097981465776e-5,4.621588614353404e-7,0.0,0.0
3270.0,1.0,9.0,369.2537048460309,0.014694886902334078,0.014509778811519611,0.00018510809081450738,0.0,0.0,2.1301035620719233e-5,6.370351567046343e-7,0.0,0.0
3270.0,1.0,10.0,434.5913423678227,0.014646800086320615,0.014465912953818475,0.0001808871325021331,0.0,0.0,2.1569124463824385e-5,1.701952070502778e-6,0.0,0.0
3270.0,1.0,11.0,506.144369817243,0.014953275546596789,0.014767163432148667,0.0001861121144484535,0.0,0.0,2.512676137113781e-6,3.577162337594246e-6,0.0,0.0
3270.0,1.0,12.0,584.4911196296998,0.01486249805664553,0.014688890567225846,0.0001736074894198068,0.0,0.0,-2.770114464266514e-7,9.225379525170835e-6,0.0,0.0
3270.0,1.0,13.0,670.2611456323448,0.014832844901385034,0.014672032802703018,0.0001608120986825262,0.0,0.0,-2.039233071191012e-5,2.347609546779205e-5,0.0,0.0
3270.0,1.0,14.0,764.1392382751876,0.013143766686589366,0.012005430217786653,0.0011383364688026202,0.0,0.0,-3.8309674041017434e-5,5.4560636926122886e-5,0.0,0.0
3280.0,1.0,0.0,0.0,30.560294170337844,14.226440924113579,16.333853246224244,0.0,0.0,1.8214596497756474e-17,-2.134025395224325e-17,0.0,0.0
3280.0,1.0,8.0,309.6005461847451,0.015054903926783821,0.014990497453936935,6.440647284673375e-5,0.0,0.0,2.204781917695485e-5,4.6304435388169836e-7,0.0,0.0
3280.0,1.0,9.0,369.2537048460309,0.014695575108904556,0.014509984356937605,0.00018559075196699005,0.0,0.0,2.127054548844295e-5,6.36630060139684e-7,0.0,0.0
3280.0,1.0,10.0,434.5913423678227,0.014647945987421722,0.014466686137582709,0.00018125984983900857,0.0,0.0,2.1541192011719363e-5,1.7016039138323965e-6,0.0,0.0
3280.0,1.0,11.0,506.144369817243,0.014957442272276128,0.014772167641328725,0.00018527463094773674,0.0,0.0,2.464129066959513e-6,3.5765519619229537e-6,0.0,0.0
3280.0,1.0,12.0,584.4911196296998,0.014865002672941453,0.014691922468636504,0.00017308020430507106,0.0,0.0,-3.0915373656757755e-7,9.225016804247298e-6,0.0,0.0
3280.0,1.0,13.0,670.2611456323448,0.014834588082211074,0.014674473240963895,0.00016011484124769324,0.0,0.0,-2.0411023938086358e-5,2.34759332905171e-5,0.0,0.0
3280.0,1.0,14.0,764.1392382751876,0.013143548829110487,0.012005240995619816,0.0011383078334905757,0.0,0.0,-3.828949957868347e-5,5.45573681383055e-5,0.0,0.0
3290.0,1.0,0.0,0.0,30.56034497464414,14.226836653292915,16.3335083213512,0.0,0.0,1.6479873021779667e-17,-2.3931963012604595e-17,0.0,0.0
3290.0,1.0,8.0,309.6005461847451,0.015054062825395084,0.014989306458322043,6.475636707289183e-5,0.0,0.0,2.2057280488190338e-5,4.639740114927327e-7,0.0,0.0
3290.0,1.0,9.0,369.2537048460309,0.014696300666731136,0.014510234609505845,0.00018606605722533374,0.0,0.0,2.1240611454973405e-5,6.362293171531209e-7,0.0,0.0
3290.0,1.0,10.0,434.5913423678227,0.014649127578784395,0.014467502838887739,0.00018162473989665037,0.0,0.0,2.1513718905697764e-5,1.7012583414347692e-6,0.0,0.0
3290.0,1.0,11.0,506.144369817243,0.01496157240523561,0.014777134780631924,0.00018443762460402234,0.0,0.0,2.4172321563983787e-6,3.575965191213647e-6,0.0,0.0
3290.0,1.0,12.0,584.4911196296998,0.01486751552161942,0.01469496543416264,0.0001725500874569045,0.0,0.0,-3.4041869236683366e-7,9.224660968193913e-6,0.0,0.0
3290.0,1.0,13.0,670.2611456323448,0.014836297787215263,0.014676868787518704,0.0001594289996970703,0.0,0.0,-2.042702383626339e-5,2.3475796735022952e-5,0.0,0.0
3290.0,1.0,14.0,764.1392382751876,0.013143330658926594,0.01200505091726153,0.001138279741664964,0.0,0.0,-3.8270258911586436e-5,5.455466636896652e-5,0.0,0.0
3300.0,1.0,0.0,0.0,30.560396074227295,14.227232673191988,16.33316340103529,0.0,0.0,1.6479873021779667e-17,-2.0978888521120884e-17,0.0,0.0
3300.0,1.0,8.0,309.6005461847451,0.015053227754126267,0.014988121523019381,6.510623110673692e-5,0.0,0.0,2.2066893836093203e-5,4.6491066419576813e-7,0.0,0.0
3300.0,1.0,9.0,369.2537048460309,0.014697062503039334,0.014510528479450037,0.00018653402358934272,0.0,0.0,2.121055302546111e-5,6.358253669205642e-7,0.0,0.0
3300.0,1.0,10.0,434.5913423678227,0.014650343622177127,0.014468361810423134,0.00018198181175398958,0.0,0.0,2.1485899565575823e-5,1.7009050352314181e-6,0.0,0.0
3300.0,1.0,11.0,506.144369817243,0.014965665977243662,0.014782064837246202,0.00018360113999779516,0.0,0.0,2.3712552638981667e-6,3.5753927304257723e-6,0.0,0.0
3300.0,1.0,12.0,584.4911196296998,0.014870043056930111,0.014698027099786458,0.00017201595714377808,0.0,0.0,-3.716389228182621e-7,9.224305861858415e-6,0.0,0.0
3300.0,1.0,13.0,670.2611456323448,0.014837965425427275,0.01467920981535905,0.00015875561006873943,0.0,0.0,-2.04419301633625e-5,2.347567248290738e-5,0.0,0.0
3300.0,1.0,14.0,764.1392382751876,0.013143112455041635,0.012004860698747625,0.0011382517562939106,0.0,0.0,-3.825122348029452e-5,5.455209151129182e-5,0.0,0.0
3310.0,1.0,0.0,0.0,30.560447468436056,14.227628983176768,16.332818485259274,0.0,0.0,1.3877787807814457e-17,-2.2413550575532855e-17,0.0,0.0
3310.0,1.0,8.0,309.6005461847451,0.015052398244661912,0.014986942220058025,6.54560246037404e-5,0.0,0.0,2.2076171669284555e-5,4.6582326690530586e-7,0.0,0.0
3310.0,1.0,9.0,369.2537048460309,0.014697859656200156,0.014510864988943346,0.00018699466725686245,0.0,0.0,2.1179810305185345e-5,6.354120293665841e-7,0.0,0.0
3310.0,1.0,10.0,434.5913423678227,0.014651593068408242,0.014469261995404636,0.0001823310730036075,0.0,0.0,2.1457074113176298e-5,1.7005364633459525e-6,0.0,0.0
3310.0,1.0,11.0,506.144369817243,0.014969723211523303,0.01478695797755517,0.0001827652339684713,0.0,0.0,2.325605722757974e-6,3.5748271163928367e-6,0.0,0.0
3310.0,1.0,12.0,584.4911196296998,0.014872583866956158,0.01470110600400572,0.0001714778629505622,0.0,0.0,-4.033688322008452e-7,9.223947802699331e-6,0.0,0.0
3310.0,1.0,13.0,670.2611456323448,0.014839590513741096,0.014681495915495796,0.00015809459824581327,0.0,0.0,-2.045659252814087e-5,2.3475554772988424e-5,0.0,0.0
3310.0,1.0,14.0,764.1392382751876,0.013142894395919378,0.012004670850211703,0.0011382235457075706,0.0,0.0,-3.8231887008285825e-5,5.4549315809562375e-5,0.0,0.0
3320.0,1.0,0.0,0.0,30.560499156843026,14.228025582850321,16.332473573992687,0.0,0.0,1.3877787807814457e-17,-2.540378863757735e-17,0.0,0.0
3320.0,1.0,8.0,309.6005461847451,0.015051574402995536,0.01498576865425722,6.580574873817157e-5,0.0,0.0,2.2085184940285287e-5,4.667164431109461e-7,0.0,0.0
3320.0,1.0,9.0,369.2537048460309,0.01469869180462263,0.014511243789970754,0.0001874480146519323,0.0,0.0,2.1148472781266435e-5,6.349903185318178e-7,0.0,0.0
3320.0,1.0,10.0,434.5913423678227,0.014652875665183814,0.01447020312195393,0.00018267254322988394,0.0,0.0,2.1427351788763854e-5,1.7001544522908408e-6,0.0,0.0
3320.0,1.0,11.0,506.144369817243,0.014973744959463126,0.014791814985355133,0.0001819299741083373,0.0,0.0,2.2803418444483165e-6,3.5742690207590322e-6,0.0,0.0
3320.0,1.0,12.0,584.4911196296998,0.014875137510396203,0.014704201709243928,0.0001709358011524038,0.0,0.0,-4.355212097663335e-7,9.223587344707881e-6,0.0,0.0
3320.0,1.0,13.0,670.2611456323448,0.01484117326107209,0.014683727318934775,0.0001574459421378315,0.0,0.0,-2.047091537072638e-5,2.3475444046054478e-5,0.0,0.0
3320.0,1.0,14.0,764.1392382751876,0.013142676458574165,0.012004481311966924,0.00113819514660714,0.0,0.0,-3.821232677289997e-5,5.45463854533704e-5,0.0,0.0
3330.0,1.0,0.0,0.0,30.560551139051015,14.228422471848617,16.332128667202376,0.0,0.0,1.1709383462843448e-17,-2.7436455952750856e-17,0.0,0.0
3330.0,1.0,8.0,309.6005461847451,0.015050756490463096,0.014984601080392916,6.615541007003746e-5,0.0,0.0,2.2094146760041357e-5,4.6760367505743007e-7,0.0,0.0
3330.0,1.0,9.0,369.2537048460309,0.014699558807090589,0.014511664711764656,0.00018789409532599,0.0,0.0,2.1116796670301772e-5,6.345630906636774e-7,0.0,0.0
3330.0,1.0,10.0,434.5913423678227,0.01465419135473708,0.014471185106927483,0.00018300624780960353,0.0,0.0,2.1397039926617715e-5,1.6997627893440286e-6,0.0,0.0
3330.0,1.0,11.0,506.144369817243,0.01497773222100015,0.014796636788125763,0.00018109543287473593,0.0,0.0,2.2356941395396935e-6,3.5737212204611896e-6,0.0,0.0
3330.0,1.0,12.0,584.4911196296998,0.014877703851242607,0.014707314111985646,0.00017038973925709338,0.0,0.0,-4.6783661098789736e-7,9.223226320470663e-6,0.0,0.0
3330.0,1.0,13.0,670.2611456323448,0.014842713974402694,0.014685904333765378,0.00015680964063783436,0.0,0.0,-2.048461951496159e-5,2.3475341611141293e-5,0.0,0.0
3330.0,1.0,14.0,764.1392382751876,0.0131424585880986,0.012004291882674423,0.0011381667054240752,0.0,0.0,-3.8192741858582e-5,5.454343994231809e-5,0.0,0.0
3340.0,1.0,0.0,0.0,30.560603414648693,14.228819649788417,16.331783764860266,0.0,0.0,1.214306433183765e-17,-2.5920478735402472e-17,0.0,0.0
3340.0,1.0,8.0,309.6005461847451,0.01504994465175229,0.014983439648134424,6.650500361772677e-5,0.0,0.0,2.210315199659948e-5,4.684909523834239e-7,0.0,0.0
3340.0,1.0,9.0,369.2537048460309,0.014700460406111606,0.014512127470418848,0.00018833293569281323,0.0,0.0,2.1084899500011236e-5,6.341316608774229e-7,0.0,0.0
3340.0,1.0,10.0,434.5913423678227,0.014655539907347493,0.014472207696026794,0.00018333221132070643,0.0,0.0,2.1366281161184397e-5,1.699363191942914e-6,0.0,0.0
3340.0,1.0,11.0,506.144369817243,0.01498168583617345,0.014801424155615252,0.00018026168055854358,0.0,0.0,2.191752868319929e-6,3.5731847384368185e-6,0.0,0.0
3340.0,1.0,12.0,584.4911196296998,0.014880282779030455,0.014710443173598275,0.00016983960543231406,0.0,0.0,-5.002005781079102e-7,9.222865569255221e-6,0.0,0.0
3340.0,1.0,13.0,670.2611456323448,0.014844212667171305,0.014688026939807591,0.00015618572736423165,0.0,0.0,-2.0497567125734385e-5,2.3475248104065746e-5,0.0,0.0
3340.0,1.0,14.0,764.1392382751876,0.013142240766657301,0.01200410248689237,0.0011381382797648262,0.0,0.0,-3.817322201629635e-5,5.4540542124826404e-5,0.0,0.0
3350.0,1.0,0.0,0.0,30.56065598324752,14.22921711630351,16.331438866943998,0.0,0.0,1.0842021724855044e-17,-2.4898427605421752e-17,0.0,0.0
3350.0,1.0,8.0,309.6005461847451,0.015049138947657583,0.0149822844290697,6.685451858774379e-5,0.0,0.0,2.2112215219858565e-5,4.6937914831618386e-7,0.0,0.0
3350.0,1.0,9.0,369.2537048460309,0.014701396266416752,0.014512631706879286,0.000188764559537518,0.0,0.0,2.105280493477302e-5,6.336963076252733e-7,0.0,0.0
3350.0,1.0,10.0,434.5913423678227,0.014656920983309807,0.014473270526213295,0.00018365045709651935,0.0,0.0,2.1335106959710696e-5,1.698956124751039e-6,0.0,0.0
3350.0,1.0,11.0,506.144369817243,0.014985606462739273,0.014806177662322702,0.000179428800416922,0.0,0.0,2.1485161036041817e-6,3.5726594608518657e-6,0.0,0.0
3350.0,1.0,12.0,584.4911196296998,0.014882868637785429,0.014713582325786357,0.00016928631199920484,0.0,0.0,-5.32510878338794e-7,9.222506219025275e-6,0.0,0.0
3350.0,1.0,13.0,670.2611456323448,0.014845674297703717,0.0146901009716199,0.00015557332608433344,0.0,0.0,-2.0509787398267396e-5,2.3475162905264285e-5,0.0,0.0
3350.0,1.0,14.0,764.1392382751876,0.013142022997335757,0.012003913122198864,0.0011381098751367896,0.0,0.0,-3.8153784828090895e-5,5.453770329134633e-5,0.0,0.0
3360.0,1.0,0.0,0.0,30.56070884450425,14.229614871063934,16.3310939734403,0.0,0.0,9.107298248878237e-18,-2.855919812433643e-17,0.0,0.0
3360.0,1.0,8.0,309.6005461847451,0.015048339421577924,0.014981135477789098,6.720394378868989e-5,0.0,0.0,2.212133587175069e-5,4.702681839655068e-7,0.0,0.0
3360.0,1.0,9.0,369.2537048460309,0.014702366045958861,0.014513177056563456,0.00018918898939545857,0.0,0.0,2.1020518670020086e-5,6.332571111353198e-7,0.0,0.0
3360.0,1.0,10.0,434.5913423678227,0.014658334227007273,0.014474373218678158,0.00018396100832912773,0.0,0.0,2.1303527501672367e-5,1.6985418228308063e-6,0.0,0.0
3360.0,1.0,11.0,506.144369817243,0.01498949426642301,0.014810897298548389,0.00017859696787497466,0.0,0.0,2.105971891645168e-6,3.572145152536406e-6,0.0,0.0
3360.0,1.0,12.0,584.4911196296998,0.014885434160277142,0.014716699307772585,0.0001687348525046876,0.0,0.0,-5.64357865616064e-7,9.222152980540507e-6,0.0,0.0
3360.0,1.0,13.0,670.2611456323448,0.01484712390258347,0.014692156146820816,0.0001549677557631763,0.0,0.0,-2.052164288048683e-5,2.3475081734252048e-5,0.0,0.0
3360.0,1.0,14.0,764.1392382751876,0.013141805288583514,0.012003723801948423,0.0011380814866349877,0.0,0.0,-3.813443187317177e-5,5.453492428277509e-5,0.0,0.0
3370.0,1.0,0.0,0.0,30.560761998117748,14.230012913776907,16.330749084340823,0.0,0.0,1.0842021724855044e-17,-2.8053095938351987e-17,0.0,0.0
3370.0,1.0,8.0,309.6005461847451,0.015047546122753452,0.014979992853837281,6.755326891603446e-5,0.0,0.0,2.2130519607195636e-5,4.7115843750422536e-7,0.0,0.0
3370.0,1.0,9.0,369.2537048460309,0.014703369418379358,0.014513763171133157,0.00018960624724625828,0.0,0.0,2.0988052741208366e-5,6.328142181611173e-7,0.0,0.0
3370.0,1.0,10.0,434.5913423678227,0.01465977929419356,0.01447551540471975,0.00018426388947382475,0.0,0.0,2.1271559098642038e-5,1.6981205670213934e-6,0.0,0.0
3370.0,1.0,11.0,506.144369817243,0.014993349014338464,0.01481558258479995,0.00017776642953887384,0.0,0.0,2.0641154592956138e-6,3.571641667611216e-6,0.0,0.0
3370.0,1.0,12.0,584.4911196296998,0.014887978961553215,0.01471979354334163,0.0001681854182117179,0.0,0.0,-5.957424313705609e-7,9.221805775442641e-6,0.0,0.0
3370.0,1.0,13.0,670.2611456323448,0.014848562206477973,0.014694193548604228,0.00015436865787426531,0.0,0.0,-2.0533208316754554e-5,2.347500370373074e-5,0.0,0.0
3370.0,1.0,14.0,764.1392382751876,0.013141587650158973,0.01200353453950075,0.0011380531106581209,0.0,0.0,-3.811515558065199e-5,5.4532203696211034e-5,0.0,0.0
3380.0,1.0,0.0,0.0,30.560815443816622,14.230411244183543,16.330404199633062,0.0,0.0,7.37257477290143e-18,-2.4898745242776972e-17,0.0,0.0
3380.0,1.0,8.0,309.6005461847451,0.015046758997813665,0.014978856520411588,6.790247740194278e-5,0.0,0.0,2.2139674497881792e-5,4.7204396407706895e-7,0.0,0.0
3380.0,1.0,9.0,369.2537048460309,0.014704405954454403,0.014514389601661739,0.0001900163527927199,0.0,0.0,2.0955306814657832e-5,6.323665565618374e-7,0.0,0.0
3380.0,1.0,10.0,434.5913423678227,0.014661255708905814,0.014476696583775296,0.00018455912513053367,0.0,0.0,2.1239082829532412e-5,1.6976915247681818e-6,0.0,0.0
3380.0,1.0,11.0,506.144369817243,0.01499717038715231,0.014820232951871265,0.00017693743528140882,0.0,0.0,2.0228303142001175e-6,3.5711475235763578e-6,0.0,0.0
3380.0,1.0,12.0,584.4911196296998,0.014890503507356571,0.014722865504433124,0.00016763800292358136,0.0,0.0,-6.267930218332975e-7,9.221463512000436e-6,0.0,0.0
3380.0,1.0,13.0,670.2611456323448,0.014849989030863864,0.014696213177755286,0.00015377585310910152,0.0,0.0,-2.054452814071823e-5,2.3474929024834993e-5,0.0,0.0
3380.0,1.0,14.0,764.1392382751876,0.013141370106762657,0.012003345420323708,0.0011380246864388498,0.0,0.0,-3.8095881426246654e-5,5.452948502882678e-5,0.0,0.0
3390.0,1.0,0.0,0.0,30.56086918138679,14.23080986209495,16.330059319291827,0.0,0.0,5.637851296924623e-18,-2.821159697860695e-17,0.0,0.0
3390.0,1.0,8.0,309.6005461847451,0.015045977896626306,0.014977726348123888,6.825154850228247e-5,0.0,0.0,2.214861917456716e-5,4.72913118670665e-7,0.0,0.0
3390.0,1.0,9.0,369.2537048460309,0.014705475127910966,0.014515055803923668,0.00019041932398735002,0.0,0.0,2.092207702924505e-5,6.319119377427285e-7,0.0,0.0
3390.0,1.0,10.0,434.5913423678227,0.014662762911548315,0.014477916170825068,0.00018484674072326502,0.0,0.0,2.1205891410205973e-5,1.6972534887266377e-6,0.0,0.0
3390.0,1.0,11.0,506.144369817243,0.015000958336745626,0.01482484817702827,0.00017611015971772008,0.0,0.0,1.981848756525502e-6,3.57065945615127e-6,0.0,0.0
3390.0,1.0,12.0,584.4911196296998,0.014893032802472407,0.014725945162224455,0.0001670876402480885,0.0,0.0,-6.583318624838959e-7,9.221117585778598e-6,0.0,0.0
3390.0,1.0,13.0,670.2611456323448,0.014851381243607114,0.01469818748675418,0.0001531937568534498,0.0,0.0,-2.055517850651628e-5,2.347486398382409e-5,0.0,0.0
3390.0,1.0,14.0,764.1392382751876,0.013141152714993042,0.012003156620071327,0.0011379960949216153,0.0,0.0,-3.807645106896255e-5,5.452665621334287e-5,0.0,0.0
3400.0,1.0,0.0,0.0,30.560923210695382,14.231208767428049,16.329714443267317,0.0,0.0,5.637851296924623e-18,-2.2853901828986684e-17,0.0,0.0
3400.0,1.0,8.0,309.6005461847451,0.015045202716848139,0.014976602249456262,6.860046739174206e-5,0.0,0.0,2.2157221879107685e-5,4.737574962674306e-7,0.0,0.0
3400.0,1.0,9.0,369.2537048460309,0.014706576475892845,0.014515761295951527,0.00019081517994136825,0.0,0.0,2.0888216617467772e-5,6.31448805172948e-7,0.0,0.0
3400.0,1.0,10.0,434.5913423678227,0.014664300435641668,0.014479173671526123,0.00018512676411557006,0.0,0.0,2.1171869054652532e-5,1.6968063283699038e-6,0.0,0.0
3400.0,1.0,11.0,506.144369817243,0.015004713927963547,0.014829429410698773,0.00017528451726513835,0.0,0.0,1.940912165792605e-6,3.5701743564101506e-6,0.0,0.0
3400.0,1.0,12.0,584.4911196296998,0.014895614765188544,0.014729090370241803,0.0001665243949468823,0.0,0.0,-6.917014896944906e-7,9.220753348542035e-6,0.0,0.0
3400.0,1.0,13.0,670.2611456323448,0.014852694035880699,0.014700062489457523,0.0001526315464236919,0.0,0.0,-2.0564075070640285e-5,2.3474821756947983e-5,0.0,0.0
3400.0,1.0,14.0,764.1392382751876,0.013140935512986604,0.012002968266932193,0.00113796724605431,0.0,0.0,-3.805676831285521e-5,5.452363981781706e-5,0.0,0.0
3410.0,1.0,0.0,0.0,30.560977531644525,14.23160796024607,16.32936957139845,0.0,0.0,6.071532165918825e-18,-2.2645849361317347e-17,0.0,0.0
3410.0,1.0,8.0,309.6005461847451,0.015044433465617728,0.014975484238006036,6.894922761155673e-5,0.0,0.0,2.216545686700147e-5,4.7457542602060205e-7,0.0,0.0
3410.0,1.0,9.0,369.2537048460309,0.014707709667322282,0.014516505725075337,0.00019120394224700016,0.0,0.0,2.0853701990784995e-5,6.309769492206134e-7,0.0,0.0
3410.0,1.0,10.0,434.5913423678227,0.0146658679084589,0.014480468686185823,0.00018539922227310557,0.0,0.0,2.1136996924586613e-5,1.696350549391046e-6,0.0,0.0
3410.0,1.0,11.0,506.144369817243,0.015008444751288924,0.014833985789998385,0.0001744589612909078,0.0,0.0,1.8997379276574613e-6,3.5696888809629585e-6,0.0,0.0
3410.0,1.0,12.0,584.4911196296998,0.01489863985530362,0.014732773477206286,0.00016586637809747702,0.0,0.0,-7.363602823437002e-7,9.220264576143053e-6,0.0,0.0
3410.0,1.0,13.0,670.2611456323448,0.014853564787674719,0.014701399418192939,0.00015216536948229806,0.0,0.0,-2.0562129227581853e-5,2.3474904181041507e-5,0.0,0.0
3410.0,1.0,14.0,764.1392382751876,0.01314071852676394,0.012002780410982067,0.0011379381157817711,0.0,0.0,-3.8036854399660755e-5,5.4520439472414046e-5,0.0,0.0
3420.0,1.0,0.0,0.0,30.561032143900167,14.23200744123054,16.329024702669614,0.0,0.0,6.071532165918825e-18,-2.6290738012471008e-17,0.0,0.0
3420.0,1.0,8.0,309.6005461847451,0.015043670326621135,0.014974372493278074,6.929783334292355e-5,0.0,0.0,2.2173464275225337e-5,4.7537579895113453e-7,0.0,0.0
3420.0,1.0,9.0,369.2537048460309,0.014708874566998327,0.01451728893228191,0.00019158563471647675,0.0,0.0,2.0818701755711066e-5,6.304982375130769e-7,0.0,0.0
3420.0,1.0,10.0,434.5913423678227,0.014667465177135573,0.014481801065129113,0.00018566411200648646,0.0,0.0,2.110145817752884e-5,1.6958878288314533e-6,0.0,0.0
3420.0,1.0,11.0,506.144369817243,0.015012206947120249,0.014838586630175055,0.0001736203169455655,0.0,0.0,1.8568274080128269e-6,3.569185497775986e-6,0.0,0.0
3420.0,1.0,12.0,584.4911196296998,0.014905054723309207,0.014740570209874597,0.00016448451343475525,0.0,0.0,-8.600747762023217e-7,9.218895293550805e-6,0.0,0.0
3420.0,1.0,13.0,670.2611456323448,0.014851256916498348,0.01469887584574806,0.00015238107075080752,0.0,0.0,-2.048412606970988e-5,2.3475834389530235e-5,0.0,0.0
3420.0,1.0,14.0,764.1392382751876,0.013140501787582809,0.012002592999825234,0.00113790878775747,0.0,0.0,-3.8017049736617526e-5,5.4517250804945815e-5,0.0,0.0
3430.0,1.0,0.0,0.0,30.561087047350902,14.232407210543673,16.32867983680722,0.0,0.0,3.903127820947816e-18,-2.1855991138002712e-17,0.0,0.0
3430.0,1.0,8.0,309.6005461847451,0.015042913540464008,0.014973267250749675,6.964628971420246e-5,0.0,0.0,2.218143293233482e-5,4.761704689525465e-7,0.0,0.0
3430.0,1.0,9.0,369.2537048460309,0.01471007110906008,0.014518110837083568,0.0001919602719765777,0.0,0.0,2.0783441997160383e-5,6.300151516837053e-7,0.0,0.0
3430.0,1.0,10.0,434.5913423678227,0.014669092161436326,0.014483170873934182,0.0001859212875021746,0.0,0.0,2.106550839510074e-5,1.6954200552695158e-6,0.0,0.0
3430.0,1.0,11.0,506.144369817243,0.015016007197199666,0.014843249199345812,0.00017275799785422828,0.0,0.0,1.813568589293948e-6,3.5686806474445386e-6,0.0,0.0
3430.0,1.0,12.0,584.4911196296998,0.01490915120520743,0.014745557551053917,0.00016359365415366157,0.0,0.0,-9.310624590347476e-7,9.218124332203196e-6,0.0,0.0
3430.0,1.0,13.0,670.2611456323448,0.014850976550586904,0.01469879889028796,0.00015217766029946943,0.0,0.0,-2.0454933544105834e-5,2.3476211145465902e-5,0.0,0.0
3430.0,1.0,14.0,764.1392382751876,0.013140285035023267,0.012002405811878471,0.0011378792231446914,0.0,0.0,-3.799726060354494e-5,5.451391701659355e-5,0.0,0.0
3440.0,1.0,0.0,0.0,30.56114224213241,14.232807267705741,16.328334974426653,0.0,0.0,4.336808689942018e-19,-2.6356700703238437e-17,0.0,0.0
3440.0,1.0,8.0,309.6005461847451,0.015042163386167467,0.014972168782436828,6.999460373050658e-5,0.0,0.0,2.2189584549488672e-5,4.769753473940974e-7,0.0,0.0
3440.0,1.0,9.0,369.2537048460309,0.014711299238680716,0.014518971385288851,0.00019232785339193145,0.0,0.0,2.0748165114451295e-5,6.295302157435467e-7,0.0,0.0
3440.0,1.0,10.0,434.5913423678227,0.014670748801525989,0.014484578212398364,0.00018617058912765545,0.0,0.0,2.1029365204077643e-5,1.6949480968979376e-6,0.0,0.0
3440.0,1.0,11.0,506.144369817243,0.015019808053334928,0.01484792189275339,0.0001718861605819101,0.0,0.0,1.7704336770046298e-6,3.5681799411954253e-6,0.0,0.0
3440.0,1.0,12.0,584.4911196296998,0.014912768593766364,0.014749966748213321,0.00016280184555319367,0.0,0.0,-9.908760314512933e-7,9.217480939560832e-6,0.0,0.0
3440.0,1.0,13.0,670.2611456323448,0.014851075055968464,0.014699173599687365,0.00015190145628162858,0.0,0.0,-2.043700610759809e-5,2.347645866244977e-5,0.0,0.0
3440.0,1.0,14.0,764.1392382751876,0.013140068864035995,0.012002219175878577,0.001137849688157316,0.0,0.0,-3.797690243117894e-5,5.4510602181296274e-5,0.0,0.0
3450.0,1.0,0.0,0.0,30.56119772814764,14.233207612481186,16.327990115666445,0.0,0.0,2.6020852139652106e-18,-2.6111272906771503e-17,0.0,0.0
3450.0,1.0,8.0,309.6005461847451,0.015041420065317187,0.014971077297008362,7.034276830869305e-5,0.0,0.0,2.2198050109174917e-5,4.77796706493213e-7,0.0,0.0
3450.0,1.0,9.0,369.2537048460309,0.014712558882257736,0.014519870523612661,0.00019268835864514776,0.0,0.0,2.0713047608844692e-5,6.290454446467789e-7,0.0,0.0
3450.0,1.0,10.0,434.5913423678227,0.014672435145413198,0.014486023181507523,0.0001864119639057096,0.0,0.0,2.0993268275996453e-5,1.6944735017893938e-6,0.0,0.0
3450.0,1.0,11.0,506.144369817243,0.01502359963309105,0.014852591043256518,0.00017100858983491152,0.0,0.0,1.7278453159522238e-6,3.567688247652557e-6,0.0,0.0
3450.0,1.0,12.0,584.4911196296998,0.014916150520794879,0.014754093697023865,0.00016205682377117036,0.0,0.0,-1.044816053190951e-6,9.21690430115258e-6,0.0,0.0
3450.0,1.0,13.0,670.2611456323448,0.014851340965675119,0.014699743781958666,0.00015159718371698588,0.0,0.0,-2.0423111038008958e-5,2.3476656312067922e-5,0.0,0.0
3450.0,1.0,14.0,764.1392382751876,0.01313985253836392,0.012002032172050049,0.0011378203663137694,0.0,0.0,-3.795688916015482e-5,5.450748724581138e-5,0.0,0.0
3460.0,1.0,0.0,0.0,30.561253505273594,14.233608244669924,16.327645260603656,0.0,0.0,4.336808689942018e-19,-2.777706907666549e-17,0.0,0.0
3460.0,1.0,8.0,309.6005461847451,0.015040683502329606,0.014969992738094243,7.069076423522902e-5,0.0,0.0,2.22067109274813e-5,4.786265307302049e-7,0.0,0.0
3460.0,1.0,9.0,369.2537048460309,0.01471384965605496,0.014520807888505504,0.0001930417675495308,0.0,0.0,2.067796202809112e-5,6.285595176021066e-7,0.0,0.0
3460.0,1.0,10.0,434.5913423678227,0.014674150879325982,0.014487505487838986,0.00018664539148703296,0.0,0.0,2.0957076831482196e-5,1.6939956497074468e-6,0.0,0.0
3460.0,1.0,11.0,506.144369817243,0.015027375773141984,0.014857248322901797,0.0001701274502405684,0.0,0.0,1.6857260053023283e-6,3.5672046183320407e-6,0.0,0.0
3460.0,1.0,12.0,584.4911196296998,0.014919360018468397,0.014758014749346977,0.00016134526912157748,0.0,0.0,-1.0944368137291472e-6,9.216376976172495e-6,0.0,0.0
3460.0,1.0,13.0,670.2611456323448,0.014851721870908953,0.014700446587985708,0.0001512752829237772,0.0,0.0,-2.0411831312347084e-5,2.3476821120133717e-5,0.0,0.0
3460.0,1.0,14.0,764.1392382751876,0.013139636211610848,0.012001844996521814,0.0011377912150889317,0.0,0.0,-3.793702202649994e-5,5.4504528242661403e-5,0.0,0.0
3470.0,1.0,0.0,0.0,30.561309573428115,14.234009164140431,16.327300409287677,0.0,0.0,4.336808689942018e-19,-3.269038956633247e-17,0.0,0.0
3470.0,1.0,8.0,309.6005461847451,0.015039953601754238,0.01496891503041655,7.10385713375527e-5,0.0,0.0,2.2215418859900824e-5,4.794566834066604e-7,0.0,0.0
3470.0,1.0,9.0,369.2537048460309,0.014715171164792488,0.014521783111234846,0.00019338805355771782,0.0,0.0,2.064272842491424e-5,6.280704452254887e-7,0.0,0.0
3470.0,1.0,10.0,434.5913423678227,0.014675895627594951,0.014489024761660073,0.00018687086593491666,0.0,0.0,2.092059195072174e-5,1.693513484705441e-6,0.0,0.0
3470.0,1.0,11.0,506.144369817243,0.015031131635649774,0.014861887252966412,0.00016924438268374709,0.0,0.0,1.643889699995971e-6,3.5667268734323456e-6,0.0,0.0
3470.0,1.0,12.0,584.4911196296998,0.014922432994921539,0.014761773404421514,0.00016065959050018237,0.0,0.0,-1.140814982158268e-6,9.215887164706241e-6,0.0,0.0
3470.0,1.0,13.0,670.2611456323448,0.014852188342654102,0.014701246954137277,0.00015094138851736078,0.0,0.0,-2.0402724584600086e-5,2.3476959499802745e-5,0.0,0.0
3470.0,1.0,14.0,764.1392382751876,0.013139419844833746,0.012001657719455923,0.0011377621253777228,0.0,0.0,-3.791722661849349e-5,5.450161476019601e-5,0.0,0.0
3480.0,1.0,0.0,0.0,30.561365932568634,14.234410370817486,16.32695556175114,0.0,0.0,2.549194598197817e-62,-3.2514524350658793e-17,0.0,0.0
3480.0,1.0,8.0,309.6005461847451,0.015039230265207842,0.014967844094136436,7.138617107127047e-5,0.0,0.0,2.222403195346338e-5,4.802775136103625e-7,0.0,0.0
3480.0,1.0,9.0,369.2537048460309,0.014716523053013542,0.014522795860380428,0.00019372719263319193,0.0,0.0,2.0607192461919287e-5,6.275766504658221e-7,0.0,0.0
3480.0,1.0,10.0,434.5913423678227,0.014677669057649638,0.014490580662916884,0.00018708839473279576,0.0,0.0,2.088365975795549e-5,1.6930268988328315e-6,0.0,0.0
3480.0,1.0,11.0,506.144369817243,0.015034863373119647,0.01486650267296156,0.0001683607001584735,0.0,0.0,1.6022184323138804e-6,3.5662536388683284e-6,0.0,0.0
3480.0,1.0,12.0,584.4911196296998,0.014925393575898165,0.014765398865926082,0.00015999470997223823,0.0,0.0,-1.18463760535015e-6,9.215427484445753e-6,0.0,0.0
3480.0,1.0,13.0,670.2611456323448,0.014852721192748216,0.01470212208672504,0.00015059910602371475,0.0,0.0,-2.0395452256164793e-5,2.3477076320474655e-5,0.0,0.0
3480.0,1.0,14.0,764.1392382751876,0.01313920350396315,0.01200147049028099,0.0011377330136820585,0.0,0.0,-3.7897351680532995e-5,5.44986627161259e-5,0.0,0.0
3490.0,1.0,0.0,0.0,30.561422582704875,14.234811864691856,16.32661071801301,0.0,0.0,-2.6020852139652106e-18,-2.970915122935255e-17,0.0,0.0
3490.0,1.0,8.0,309.6005461847451,0.015038513509867173,0.014966779955662639,7.17335542043919e-5,0.0,0.0,2.2232519524658065e-5,4.81087211971151e-7,0.0,0.0
3490.0,1.0,9.0,369.2537048460309,0.01471790510014325,0.014523845935053839,0.00019405916508948948,0.0,0.0,2.057132133161321e-5,6.270778086385083e-7,0.0,0.0
3490.0,1.0,10.0,434.5913423678227,0.014679470944455273,0.014492172948470787,0.00018729799598452948,0.0,0.0,2.0846243908789643e-5,1.6925360377721873e-6,0.0,0.0
3490.0,1.0,11.0,506.144369817243,0.015038567923692958,0.014871090441739641,0.0001674774819537005,0.0,0.0,1.5607146029326946e-6,3.5657849175185045e-6,0.0,0.0
3490.0,1.0,12.0,584.4911196296998,0.014928259157269943,0.014768912164605193,0.00015934699266490014,0.0,0.0,-1.2263430711105173e-6,9.214992898379499e-6,0.0,0.0
3490.0,1.0,13.0,670.2611456323448,0.01485330700591206,0.014703056096136235,0.00015025090977636066,0.0,0.0,-2.0389727561386942e-5,2.3477175127473672e-5,0.0,0.0
3490.0,1.0,14.0,764.1392382751876,0.013138987186406383,0.01200128332632658,0.0011377038600797016,0.0,0.0,-3.7877379245159335e-5,5.44956519839163e-5,0.0,0.0
3500.0,1.0,0.0,0.0,30.56147952385685,14.235213645771449,16.326265878085387,0.0,0.0,2.168404344971009e-18,-3.2341729629418916e-17,0.0,0.0
3500.0,1.0,8.0,309.6005461847451,0.015037803427751533,0.014965722711790174,7.208071596121413e-5,0.0,0.0,2.2240922484139373e-5,4.818883828888752e-7,0.0,0.0
3500.0,1.0,9.0,369.2537048460309,0.014719317178184973,0.014524933222167264,0.00019438395601779158,0.0,0.0,2.053516574329423e-5,6.26574487621911e-7,0.0,0.0
3500.0,1.0,10.0,434.5913423678227,0.014681301137977124,0.014493801441365502,0.00018749969661166783,0.0,0.0,2.0808395665933927e-5,1.69204127875581e-6,0.0,0.0
3500.0,1.0,11.0,506.144369817243,0.015042242830106986,0.014875647199626557,0.00016659563048081037,0.0,0.0,1.5194772374749582e-6,3.5653217950392925e-6,0.0,0.0
3500.0,1.0,12.0,584.4911196296998,0.01493104290517866,0.014772329185068246,0.000158713720110567,0.0,0.0,-1.2661813883915267e-6,9.21458021685109e-6,0.0,0.0
3500.0,1.0,13.0,670.2611456323448,0.014853935998504432,0.014704037421161888,0.0001498985773430846,0.0,0.0,-2.0385255681158356e-5,2.347725907923432e-5,0.0,0.0
3500.0,1.0,14.0,764.1392382751876,0.013138770881051634,0.012001096189055281,0.0011376746919962476,0.0,0.0,-3.7857348551780964e-5,5.4492610126782856e-5,0.0,0.0
3510.0,1.0,0.0,0.0,30.56153675603234,14.235615714055573,16.325921041976756,0.0,0.0,1.734723475976807e-18,-2.8212655769791015e-17,0.0,0.0
3510.0,1.0,8.0,309.6005461847451,0.015037100115293453,0.01496467246408989,7.242765120341734e-5,0.0,0.0,2.2249285585616936e-5,4.826838540688904e-7,0.0,0.0
3510.0,1.0,9.0,369.2537048460309,0.014720759170574343,0.014526057616270993,0.00019470155430343925,0.0,0.0,2.0498780512565545e-5,6.260672948239665e-7,0.0,0.0
3510.0,1.0,10.0,434.5913423678227,0.014683159477882629,0.014495465947672918,0.00018769353020976415,0.0,0.0,2.0770170113835076e-5,1.691542927930789e-6,0.0,0.0
3510.0,1.0,11.0,506.144369817243,0.015045886036824472,0.014880170128910469,0.0001657159079143915,0.0,0.0,1.4786045749091397e-6,3.564865327959648e-6,0.0,0.0
3510.0,1.0,12.0,584.4911196296998,0.014933755067588567,0.014775662272891104,0.0001580927946976187,0.0,0.0,-1.3043332296508085e-6,9.214187054840847e-6,0.0,0.0
3510.0,1.0,13.0,670.2611456323448,0.014854600735110588,0.014705057306845638,0.0001495434282654877,0.0,0.0,-2.0381796666488465e-5,2.347733069339391e-5,0.0,0.0
3510.0,1.0,14.0,764.1392382751876,0.013138554574852626,0.012000909036282932,0.0011376455385695913,0.0,0.0,-3.7837302934120006e-5,5.448956655985704e-5,0.0,0.0
3520.0,1.0,0.0,0.0,30.5615942792253,14.23601806953198,16.32557620969331,0.0,0.0,2.6020852139652106e-18,-2.3763297576982582e-17,0.0,0.0
3520.0,1.0,8.0,309.6005461847451,0.015036403628237466,0.014963629276116525,7.277435212080065e-5,0.0,0.0,2.225761545146054e-5,4.834740252101936e-7,0.0,0.0
3520.0,1.0,9.0,369.2537048460309,0.014722230922637629,0.014527218970855906,0.0001950119517818143,0.0,0.0,2.0462176349798173e-5,6.255563714559071e-7,0.0,0.0
3520.0,1.0,10.0,434.5913423678227,0.01468504574376458,0.014497166208380104,0.00018787953538453516,0.0,0.0,2.0731576863984097e-5,1.6910411837302402e-6,0.0,0.0
3520.0,1.0,11.0,506.144369817243,0.015049495759563334,0.014884656797209768,0.0001648389623539537,0.0,0.0,1.438138246519863e-6,3.5644159240039754e-6,0.0,0.0
3520.0,1.0,12.0,584.4911196296998,0.014936403773200846,0.014778921212578068,0.00015748256062293704,0.0,0.0,-1.3409764865643404e-6,9.213811248079989e-6,0.0,0.0
3520.0,1.0,13.0,670.2611456323448,0.014855295367498035,0.014706108901149354,0.0001491864663492171,0.0,0.0,-2.0379195258495048e-5,2.347739174789444e-5,0.0,0.0
3520.0,1.0,14.0,764.1392382751876,0.01313833826613441,0.01200072186169122,0.001137616404443089,0.0,0.0,-3.7817249689961904e-5,5.448652620987993e-5,0.0,0.0
3530.0,1.0,0.0,0.0,30.561652093426776,14.236420712188348,16.32523138123842,0.0,0.0,-8.673617379884035e-19,-2.6747712287514703e-17,0.0,0.0
3530.0,1.0,8.0,309.6005461847451,0.015035713982674672,0.014962593173455664,7.312080921886584e-5,0.0,0.0,2.2265883315825145e-5,4.8425704824379e-7,0.0,0.0
3530.0,1.0,9.0,369.2537048460309,0.01472373224271475,0.01452841709945092,0.0001953151432639188,0.0,0.0,2.042532316895001e-5,6.250414333339323e-7,0.0,0.0
3530.0,1.0,10.0,434.5913423678227,0.014686959658939054,0.014498901904786966,0.00018805775415214467,0.0,0.0,2.0692584117369387e-5,1.6905356380183627e-6,0.0,0.0
3530.0,1.0,11.0,506.144369817243,0.01505307043526302,0.014889105086778421,0.00016396534848498698,0.0,0.0,1.3980671698293522e-6,3.563973941349201e-6,0.0,0.0
3530.0,1.0,12.0,584.4911196296998,0.014938995580348337,0.014782113892048707,0.00015688168829978784,0.0,0.0,-1.3762954162900486e-6,9.213450720838283e-6,0.0,0.0
3530.0,1.0,13.0,670.2611456323448,0.014856015185246941,0.014707186715804772,0.00014882846944270573,0.0,0.0,-2.037736653744788e-5,2.3477443410821738e-5,0.0,0.0
3530.0,1.0,14.0,764.1392382751876,0.013138121963226574,0.012000534691657906,0.001137587271568566,0.0,0.0,-3.7797163146687624e-5,5.448347128821912e-5,0.0,0.0
3540.0,1.0,0.0,0.0,30.56171019863457,14.23682364202276,16.3248865566118,0.0,0.0,1.734723475976807e-18,-2.6747924045751516e-17,0.0,0.0
3540.0,1.0,8.0,309.6005461847451,0.01503503117675035,0.014961564163469727,7.346701328048375e-5,0.0,0.0,2.2274046897156972e-5,4.850302301520801e-7,0.0,0.0
3540.0,1.0,9.0,369.2537048460309,0.014725262924845047,0.014529651797978741,0.000195611126866391,0.0,0.0,2.0388175259291216e-5,6.245220376628478e-7,0.0,0.0
3540.0,1.0,10.0,434.5913423678227,0.014688900916932035,0.014500672686901825,0.00018822823003026662,0.0,0.0,2.0653146125314004e-5,1.69002390720479e-6,0.0,0.0
3540.0,1.0,11.0,506.144369817243,0.015056608710706906,0.014893513165851089,0.00016309554485620218,0.0,0.0,1.3583564928665796e-6,3.563541346050773e-6,0.0,0.0
3540.0,1.0,12.0,584.4911196296998,0.014941535871876351,0.014785246776037842,0.00015628909583866702,0.0,0.0,-1.4104639639168457e-6,9.213103571751364e-6,0.0,0.0
3540.0,1.0,13.0,670.2611456323448,0.014856756340750685,0.014708286292043786,0.0001484700487074369,0.0,0.0,-2.0376263103892645e-5,2.3477486479284616e-5,0.0,0.0
3540.0,1.0,14.0,764.1392382751876,0.013137905677994772,0.012000347564787038,0.0011375581132076352,0.0,0.0,-3.777700526951805e-5,5.448037531022491e-5,0.0,0.0
3550.0,1.0,0.0,0.0,30.561768594856098,14.23722685904664,16.32454173580945,0.0,0.0,3.469446951953614e-18,-2.923851854803438e-17,0.0,0.0
3550.0,1.0,8.0,309.6005461847451,0.015034355207293734,0.01496054225069935,7.381295659424505e-5,0.0,0.0,2.2282066816994884e-5,4.857910726005212e-7,0.0,0.0
3550.0,1.0,9.0,369.2537048460309,0.014726822765345543,0.014530922861066806,0.00019589990427882313,0.0,0.0,2.035069021561724e-5,6.239977816441044e-7,0.0,0.0
3550.0,1.0,10.0,434.5913423678227,0.01469086920148596,0.014502478189897586,0.00018839101158843013,0.0,0.0,2.061321896940347e-5,1.689505434271862e-6,0.0,0.0
3550.0,1.0,11.0,506.144369817243,0.015060109432228477,0.01489787946909667,0.0001622299631321945,0.0,0.0,1.318973913241029e-6,3.563118508603229e-6,0.0,0.0
3550.0,1.0,12.0,584.4911196296998,0.014944029134708455,0.014788325241248972,0.00015570389345964035,0.0,0.0,-1.4436325678661135e-6,9.21276815221374e-6,0.0,0.0
3550.0,1.0,13.0,670.2611456323448,0.014857515661342765,0.014709403972138602,0.00014811168920469777,0.0,0.0,-2.037585059849288e-5,2.347752156597991e-5,0.0,0.0
3550.0,1.0,14.0,764.1392382751876,0.01313768942150825,0.012000160517050698,0.0011375289044574534,0.0,0.0,-3.775674068079336e-5,5.447721364436676e-5,0.0,0.0
3560.0,1.0,0.0,0.0,30.561827282106794,14.237630363282165,16.32419691882462,0.0,0.0,6.071532165918825e-18,-2.7953993083523233e-17,0.0,0.0
3560.0,1.0,8.0,309.6005461847451,0.015033686082511856,0.014959527448794589,7.415863371713236e-5,0.0,0.0,2.228991883484905e-5,4.865380418349772e-7,0.0,0.0
3560.0,1.0,9.0,369.2537048460309,0.014728411575093704,0.014532230093993313,0.0001961814811004766,0.0,0.0,2.031284299568246e-5,6.234684471663109e-7,0.0,0.0
3560.0,1.0,10.0,434.5913423678227,0.014692864201737281,0.014504318051240713,0.00018854615049662354,0.0,0.0,2.0572776915968827e-5,1.6889798978952487e-6,0.0,0.0
3560.0,1.0,11.0,506.144369817243,0.015063571636058062,0.014902202676219854,0.00016136895983859454,0.0,0.0,1.2799056413266905e-6,3.5627058241010364e-6,0.0,0.0
3560.0,1.0,12.0,584.4911196296998,0.014946479163356192,0.01479135382042152,0.00015512534293482888,0.0,0.0,-1.475917891548811e-6,9.212443136243689e-6,0.0,0.0
3560.0,1.0,13.0,670.2611456323448,0.014858290516439686,0.01471053673778259,0.0001477537786576299,0.0,0.0,-2.037608920097286e-5,2.3477549248049788e-5,0.0,0.0
3560.0,1.0,14.0,764.1392382751876,0.013137473201143139,0.011999973570942913,0.001137499630200126,0.0,0.0,-3.773634757827728e-5,5.44739714697312e-5,0.0,0.0
3570.0,1.0,0.0,0.0,30.561886260405146,14.23803415475557,16.323852105649568,0.0,0.0,9.540979117872439e-18,-2.8049813685681376e-17,0.0,0.0
3570.0,1.0,8.0,309.6005461847451,0.015033023842006969,0.014958519799430865,7.450404257596698e-5,0.0,0.0,2.2297612798903337e-5,4.872717658685671e-7,0.0,0.0
3570.0,1.0,9.0,369.2537048460309,0.014730029199710408,0.014533573332631416,0.0001964558670790783,0.0,0.0,2.027464750921349e-5,6.229342192792727e-7,0.0,0.0
3570.0,1.0,10.0,434.5913423678227,0.01469488563521871,0.014506191933582869,0.0001886937016359001,0.0,0.0,2.053183459044396e-5,1.6884475015536098e-6,0.0,0.0
3570.0,1.0,11.0,506.144369817243,0.01506699455232926,0.014906481707782988,0.00016051284454666296,0.0,0.0,1.24118284862677e-6,3.5623036600546035e-6,0.0,0.0
3570.0,1.0,12.0,584.4911196296998,0.014948889222106148,0.014794336394706892,0.0001545528273994146,0.0,0.0,-1.5073844453040371e-6,9.212127665873948e-6,0.0,0.0
3570.0,1.0,13.0,670.2611456323448,0.014859078731270922,0.01471168210284143,0.000147396628430023,0.0,0.0,-2.037690927925124e-5,2.3477570255120366e-5,0.0,0.0
3570.0,1.0,14.0,764.1392382751876,0.013137257014924455,0.011999786717799664,0.0011374702971246927,0.0,0.0,-3.7715835562513846e-5,5.4470655819695606e-5,0.0,0.0
3580.0,1.0,0.0,0.0,30.561945529761722,14.238438233483825,16.32350729627789,0.0,0.0,7.37257477290143e-18,-2.6572694104788283e-17,0.0,0.0
3580.0,1.0,8.0,309.6005461847451,0.015032368566997417,0.014957519382275746,7.484918472153463e-5,0.0,0.0,2.2305201854083318e-5,4.87995603935747e-7,0.0,0.0
3580.0,1.0,9.0,369.2537048460309,0.01473167552911796,0.014534952453022653,0.00019672307609539425,0.0,0.0,2.0236167025762833e-5,6.223957863808095e-7,0.0,0.0
3580.0,1.0,10.0,434.5913423678227,0.01469693325925122,0.014508099536271522,0.00018883372297976195,0.0,0.0,2.0490457578614304e-5,1.6879091128407033e-6,0.0,0.0
3580.0,1.0,11.0,506.144369817243,0.015070377599054916,0.014910715712535862,0.00015966188651944926,0.0,0.0,1.202894518905268e-6,3.56191226794673e-6,0.0,0.0
3580.0,1.0,12.0,584.4911196296998,0.014951262161887685,0.014797276333509846,0.0001539858283780008,0.0,0.0,-1.538036699183759e-6,9.211821422611891e-6,0.0,0.0
3580.0,1.0,13.0,670.2611456323448,0.01485987851574925,0.014712838026476006,0.00014704048927377845,0.0,0.0,-2.0378199168833766e-5,2.3477585577446283e-5,0.0,0.0
3580.0,1.0,14.0,764.1392382751876,0.01313704084873136,0.011999599909261483,0.0011374409394697758,0.0,0.0,-3.769525429339024e-5,5.44673013407879e-5,0.0,0.0
3590.0,1.0,0.0,0.0,30.562005090164313,14.238842599458135,16.323162490706167,0.0,0.0,6.5052130349130266e-18,-2.8162892584139825e-17,0.0,0.0
3590.0,1.0,8.0,309.6005461847451,0.015031720364833122,0.014956526300908888,7.519406392409896e-5,0.0,0.0,2.231276700473009e-5,4.887146562751433e-7,0.0,0.0
3590.0,1.0,9.0,369.2537048460309,0.014733350479719432,0.014536367354143058,0.00019698312557646266,0.0,0.0,2.0197496412834856e-5,6.218541516021537e-7,0.0,0.0
3590.0,1.0,10.0,434.5913423678227,0.014699006853020734,0.014510040578103834,0.00018896627491696744,0.0,0.0,2.0448744035136834e-5,1.6873660254931257e-6,0.0,0.0
3590.0,1.0,11.0,506.144369817243,0.01507372034454071,0.014914904024410753,0.00015881632013035364,0.0,0.0,1.1651660440772381e-6,3.561531722730877e-6,0.0,0.0
3590.0,1.0,12.0,584.4911196296998,0.014953600483763995,0.014800176575757247,0.00015342390800690857,0.0,0.0,-1.5678389939834929e-6,9.21152447245479e-6,0.0,0.0
3590.0,1.0,13.0,670.2611456323448,0.014860688382470795,0.014714002818988497,0.00014668556348283184,0.0,0.0,-2.0379822202717452e-5,2.3477596366801454e-5,0.0,0.0
3590.0,1.0,14.0,764.1392382751876,0.013136824680360117,0.011999413071346861,0.0011374116090131518,0.0,0.0,-3.767467934563209e-5,5.446396026507755e-5,0.0,0.0
3600.0,1.0,0.0,0.0,30.56206494156727,14.239247252632765,16.322817688934496,0.0,0.0,3.0357660829594124e-18,-2.8577515211820805e-17,0.0,0.0
3600.0,1.0,8.0,309.6005461847451,0.015031079330848575,0.014955540647196014,7.553868365242369e-5,0.0,0.0,2.232038046215637e-5,4.894334410474745e-7,0.0,0.0
3600.0,1.0,9.0,369.2537048460309,0.014735053953151677,0.01453781791775598,0.0001972360353957835,0.0,0.0,2.0158720286310244e-5,6.213102038312495e-7,0.0,0.0
3600.0,1.0,10.0,434.5913423678227,0.014701106174725956,0.014512014755626135,0.0001890914190998904,0.0,0.0,2.0406781669558647e-5,1.6868193997667464e-6,0.0,0.0
3600.0,1.0,11.0,506.144369817243,0.015077022442911904,0.01491904609353458,0.00015797634937771965,0.0,0.0,1.1281086977491326e-6,3.5611619654040634e-6,0.0,0.0
3600.0,1.0,12.0,584.4911196296998,0.014955906359987598,0.014803039664853529,0.00015286669513423239,0.0,0.0,-1.5967588556694002e-6,9.211236906007095e-6,0.0,0.0
3600.0,1.0,13.0,670.2611456323448,0.014861507053612388,0.014715175039148235,0.00014633201446468842,0.0,0.0,-2.0381657979965055e-5,2.3477603654856295e-5,0.0,0.0
3600.0,1.0,14.0,764.1392382751876,0.013136608490007771,0.011999226138290962,0.0011373823517167026,0.0,0.0,-3.765417808009102e-5,5.446067900144733e-5,0.0,0.0
