time,untagged,untagged_relative,overclaimed,overclaimed_relative,orphaned,orphaned_relative,orphaned_volume_fraction,nonpositive_mass,nonpositive_mass_fraction,exchange_volume_fraction,bound_partition,bound_evap,bound_fcg,fix_gross,fix_gross_relative,fix_events,increment_left,increment_left_relative,increment_left_net_abs,increment_left_net_abs_relative,increment_moved_net_abs,increment_moved_net_abs_relative,led_rescale_retained,led_rescale_retained_relative,led_rescale_attempted,led_rescale_attempted_relative,led_rescale_events,led_empty_retained,led_empty_retained_relative,led_empty_attempted,led_empty_attempted_relative,led_empty_events,led_repair_retained,led_repair_retained_relative,led_repair_attempted,led_repair_attempted_relative,led_repair_events,led_repairnet_retained,led_repairnet_retained_relative,led_repairnet_attempted,led_repairnet_attempted_relative,led_repairnet_events,inc_left_retained,inc_left_retained_relative,inc_left_attempted,inc_left_attempted_relative,inc_left_events,inc_moved_retained,inc_moved_retained_relative,inc_moved_attempted,inc_moved_attempted_relative,inc_moved_events,inc_negative_retained,inc_negative_retained_relative,inc_negative_attempted,inc_negative_attempted_relative,inc_negative_events,exp_negative_retained,exp_negative_retained_relative,exp_negative_attempted,exp_negative_attempted_relative,exp_negative_events,led_fix_pbl_retained,led_fix_pbl_retained_relative,led_fix_pbl_attempted,led_fix_pbl_attempted_relative,led_fix_pbl_events,led_fix_pbl_inventory_fraction,led_fix_pbl_burden_fraction,led_fix_pbl_parent_fraction,led_fix_pbl_applicable,led_fix_free_retained,led_fix_free_retained_relative,led_fix_free_attempted,led_fix_free_attempted_relative,led_fix_free_events,led_fix_free_inventory_fraction,led_fix_free_burden_fraction,led_fix_free_parent_fraction,led_fix_free_applicable,led_fix_evap_retained,led_fix_evap_retained_relative,led_fix_evap_attempted,led_fix_evap_attempted_relative,led_fix_evap_events,led_fix_evap_inventory_fraction,led_fix_evap_burden_fraction,led_fix_evap_parent_fraction,led_fix_evap_applicable,led_fix_fcg_retained,led_fix_fcg_retained_relative,led_fix_fcg_attempted,led_fix_fcg_attempted_relative,led_fix_fcg_events,led_fix_fcg_inventory_fraction,led_fix_fcg_burden_fraction,led_fix_fcg_parent_fraction,led_fix_fcg_applicable,led_inc_pbl_retained,led_inc_pbl_retained_relative,led_inc_pbl_attempted,led_inc_pbl_attempted_relative,led_inc_pbl_events,led_inc_pbl_inventory_fraction,led_inc_pbl_burden_fraction,led_inc_pbl_parent_fraction,led_inc_pbl_applicable,led_inc_free_retained,led_inc_free_retained_relative,led_inc_free_attempted,led_inc_free_attempted_relative,led_inc_free_events,led_inc_free_inventory_fraction,led_inc_free_burden_fraction,led_inc_free_parent_fraction,led_inc_free_applicable,led_inc_evap_retained,led_inc_evap_retained_relative,led_inc_evap_attempted,led_inc_evap_attempted_relative,led_inc_evap_events,led_inc_evap_inventory_fraction,led_inc_evap_burden_fraction,led_inc_evap_parent_fraction,led_inc_evap_applicable,led_inc_fcg_retained,led_inc_fcg_retained_relative,led_inc_fcg_attempted,led_inc_fcg_attempted_relative,led_inc_fcg_events,led_inc_fcg_inventory_fraction,led_inc_fcg_burden_fraction,led_inc_fcg_parent_fraction,led_inc_fcg_applicable,ledger_parent_scale,ledger_cadence_step,closure_void,negative_water_integral,negative_water_interval,negative_water_interval_mean_relative,negative_water_interval_events,negative_water_void
0.0,1.6927559738976023e-16,5.541235145747802e-18,3.675875500810642e-16,1.2032975119021722e-17,0.0,0.0,0.0,0.0,0.0,0.0,0.0,0.0,0.0,0.0,0.0,0.0,0.0,0.0,0.0,0.0,0.0,0.0,0.0,0.0,0.0,0.0,0.0,0.0,0.0,0.0,0.0,0.0,0.0,0.0,0.0,0.0,0.0,0.0,0.0,0.0,0.0,0.0,0.0,0.0,0.0,0.0,0.0,0.0,0.0,0.0,0.0,0.0,0.0,0.0,0.0,0.0,0.0,0.0,0.0,NaN,NaN,0.0,0.0,0.0,0.0,0.0,0.0,0.0,0.0,0.0,1.0,0.0,0.0,0.0,0.0,0.0,0.0,0.0,0.0,1.0,0.0,0.0,0.0,0.0,0.0,NaN,NaN,0.0,0.0,0.0,0.0,0.0,0.0,0.0,NaN,NaN,0.0,0.0,0.0,0.0,0.0,0.0,0.0,0.0,0.0,0.0,1.0,0.0,0.0,0.0,0.0,0.0,0.0,0.0,0.0,1.0,0.0,0.0,0.0,0.0,0.0,NaN,NaN,0.0,0.0,0.0,0.0,0.0,0.0,0.0,NaN,NaN,0.0,0.0,30.548351213656375,1.0,0,0.0,0.0,0.0,0.0,0
21600.0,8.071826585248167e-13,2.6471812940650903e-14,1.0627090197546856e-12,3.485188152171336e-14,0.0,0.0,0.0,0.0,0.0,0.03650648750847629,0.0,0.1050866849855533,0.0,0.0,0.0,0.0,-3.8561293075503975e-14,-1.2646299152535302e-15,1.9882527690060777e-12,6.520538421384073e-14,0.0350670791224149,0.001150036053301846,0.0,0.0,0.0,0.0,0.0,0.0,0.0,0.0,0.0,0.0,0.0,0.0,0.0,0.0,0.0,0.0,0.0,0.0,0.0,0.0,3.2678651780526837e-12,1.0717068162338113e-13,1.9507243522746874e-12,6.397462780798862e-14,0.0,0.3804151015826504,0.012475834685669259,0.28534739926446795,0.009358059042342505,129600.0,0.0,0.0,0.0,0.0,0.0,0.0,0.0,NaN,NaN,0.0,0.0,0.0,0.0,0.0,0.0,0.0,0.0,0.0,1.0,0.0,0.0,0.0,0.0,0.0,0.0,0.0,0.0,1.0,0.0,0.0,0.0,0.0,0.0,0.0,0.0,0.0,1.0,0.0,0.0,0.0,0.0,0.0,0.0,0.0,0.0,1.0,0.25022084411025447,0.008206072453592955,0.1990997610539218,0.006529540216807901,54491.0,0.016921754648330407,0.016921754648330407,0.008206072453592955,1.0,0.3375442620994049,0.011069871820357955,0.2049162251389204,0.006720293013102476,129600.0,0.021492483404875192,0.021492483404875192,0.011069871820357955,1.0,0.0038718992259163237,0.00012698017103195326,0.00445422422484444,0.00014607770525111276,34513.0,0.003433110695648339,0.003433110695648339,0.00012698017103195326,1.0,0.00016767598486765588,5.498987446246692e-6,0.00010137509614386849,3.324628637172934e-6,73747.0,0.006116303589552396,0.006116303589552396,5.498987446246692e-6,1.0,30.492156329998956,1.0,0,0.0,0.0,0.0,0.0,0
43200.0,1.0513456864123263e-12,3.481388519441261e-14,1.5110620637886573e-12,5.003676896215374e-14,0.0,0.0,0.0,0.0,0.0,0.05027262711049585,0.0,0.0,0.0,0.0,0.0,0.0,-7.170802148358887e-15,-2.374513787151319e-16,2.884533047810788e-12,9.551739609895497e-14,0.03694372367710261,0.0012233412581333762,0.0,0.0,0.0,0.0,0.0,0.0,0.0,0.0,0.0,0.0,0.0,0.0,0.0,0.0,0.0,0.0,0.0,0.0,0.0,0.0,6.9547741795088854e-12,2.3029790578655554e-13,4.207732426671248e-12,1.3933334727497917e-13,0.0,0.6163730100225631,0.020410355495047248,0.6344496876672865,0.021008940136001387,259199.0,0.0,0.0,0.0,0.0,0.0,0.0,0.0,NaN,NaN,0.0,0.0,0.0,0.0,0.0,0.0,0.0,0.0,0.0,1.0,0.0,0.0,0.0,0.0,0.0,0.0,0.0,0.0,1.0,0.0,0.0,0.0,0.0,0.0,0.0,0.0,0.0,1.0,0.0,0.0,0.0,0.0,0.0,0.0,0.0,0.0,1.0,0.43942459210009616,0.014550948844597818,0.48406591011185,0.016029185489570313,108981.0,0.028992582606849872,0.028992582606849872,0.014550948844597818,1.0,0.4710214190730654,0.015597234876833708,0.3070849654574323,0.01016870176054766,259199.0,0.03131253208947942,0.03131253208947942,0.015597234876833708,1.0,0.023594054672915556,0.0007812850913542743,0.03397112135287637,0.0011249075675007505,82891.0,0.0114145794139265,0.0114145794139265,0.0007812850913542743,1.0,0.001010944210167898,3.3476045153942145e-5,0.0006319587040563942,2.0926454595259124e-5,170817.0,0.017586123879267668,0.017586123879267668,3.3476045153942145e-5,1.0,30.199033533351802,1.0,0,0.0,0.0,0.0,0.0,0
64800.0,2.245093321745371e-12,7.492917889097659e-14,2.963963324762262e-12,9.892120565159896e-14,0.0,0.0,0.0,0.0,0.0,0.05027262711049585,0.0,0.0,0.0,0.0,0.0,0.0,-3.4670589020835666e-14,-1.157118388726097e-15,5.827301384740245e-12,1.9448407942766076e-13,0.04809400419996868,0.0016051200230203808,0.0,0.0,0.0,0.0,0.0,0.0,0.0,0.0,0.0,0.0,0.0,0.0,0.0,0.0,0.0,0.0,0.0,0.0,0.0,0.0,1.0793071226460751e-11,3.602148547133984e-13,6.4963699913408214e-12,2.16814002566596e-13,0.0,0.6964300385912474,0.02324310105117834,0.7296599374996745,0.024352136927648243,388799.0,0.0,0.0,0.0,0.0,0.0,0.0,0.0,NaN,NaN,0.0,0.0,0.0,0.0,0.0,0.0,0.0,0.0,0.0,1.0,0.0,0.0,0.0,0.0,0.0,0.0,0.0,0.0,1.0,0.0,0.0,0.0,0.0,0.0,0.0,0.0,0.0,1.0,0.0,0.0,0.0,0.0,0.0,0.0,0.0,0.0,1.0,0.506371365607194,0.016899961472137313,0.559101399199198,0.018659807302007267,163142.0,0.03267373863713573,0.03267373863713573,0.016899961472137313,1.0,0.5121511012244506,0.01709285806125161,0.3403159992870269,0.011357923585205496,388799.0,0.03540607750528101,0.03540607750528101,0.01709285806125161,1.0,0.035945264807301015,0.0011996602328031205,0.04641758215752452,0.001549170042724051,132673.0,0.012096650863690096,0.012096650863690096,0.0011996602328031205,1.0,0.0014696502639734612,4.9049046856916246e-5,0.0009078851487730265,3.030033899525819e-5,295231.0,0.02052996974850352,0.02052996974850352,4.9049046856916246e-5,1.0,29.962871006661175,1.0,0,0.0,0.0,0.0,0.0,0
86400.0,2.496470880684142e-12,8.484317238834462e-14,3.2923699641908355e-12,1.11891997058464e-13,0.0,0.0,0.0,0.0,0.0,0.05027262711049585,0.0,0.0,0.0,0.0,0.0,0.0,-4.000993840754342e-14,-1.359747525125547e-15,6.680930144008398e-12,2.2705304207964806e-13,0.06623134734585466,0.002250888509797779,0.0,0.0,0.0,0.0,0.0,0.0,0.0,0.0,0.0,0.0,0.0,0.0,0.0,0.0,0.0,0.0,0.0,0.0,0.0,0.0,1.4482852978436767e-11,4.92203294431307e-13,8.725804413937211e-12,2.965485933950777e-13,0.0,0.8331483398413396,0.028314749740982595,0.8675628449684099,0.02948433509995759,518399.0,0.0,0.0,0.0,0.0,0.0,0.0,0.0,NaN,NaN,0.0,0.0,0.0,0.0,0.0,0.0,0.0,0.0,0.0,1.0,0.0,0.0,0.0,0.0,0.0,0.0,0.0,0.0,1.0,0.0,0.0,0.0,0.0,0.0,0.0,0.0,0.0,1.0,0.0,0.0,0.0,0.0,0.0,0.0,0.0,0.0,1.0,0.6175508690686439,0.02098761705908802,0.6690422021224895,0.022737562584427325,217527.0,0.03977754467954918,0.03977754467954918,0.02098761705908802,1.0,0.5666775292626277,0.019258674185157993,0.38300898972994785,0.013016654026839054,518399.0,0.04076986289371118,0.04076986289371118,0.019258674185157993,1.0,0.06282733183954839,0.0021352022117324897,0.07271196654334577,0.0024711339354545267,184352.0,0.017387852326652384,0.017387852326652384,0.0021352022117324897,1.0,0.002076895118893274,7.058378768531208e-5,0.0012925840689594005,4.3928785165359836e-5,421313.0,0.024635657988577007,0.024635657988577007,7.058378768531208e-5,1.0,29.424534825940764,1.0,0,0.0,0.0,0.0,0.0,0
108000.0,3.1678856224207746e-12,1.0851610078435683e-13,4.060561445017169e-12,1.3909476146801023e-13,0.0,0.0,0.0,0.0,0.0,0.05027262711049585,0.0,0.0,0.0,0.0,0.0,0.0,-1.775625843091523e-13,-6.082416346742553e-15,8.625548571338454e-12,2.9546865311774287e-13,0.0908137475432847,0.0031108300474186946,0.0,0.0,0.0,0.0,0.0,0.0,0.0,0.0,0.0,0.0,0.0,0.0,0.0,0.0,0.0,0.0,0.0,0.0,0.0,0.0,1.8039785561678178e-11,6.179538725401731e-13,1.0836761874030613e-11,3.712138895973638e-13,0.0,0.9200159269189893,0.03151519750023781,0.9466716157801762,0.03242828962656485,647999.0,0.0,0.0,0.0,0.0,0.0,0.0,0.0,NaN,NaN,0.0,0.0,0.0,0.0,0.0,0.0,0.0,0.0,0.0,1.0,0.0,0.0,0.0,0.0,0.0,0.0,0.0,0.0,1.0,0.0,0.0,0.0,0.0,0.0,0.0,0.0,0.0,1.0,0.0,0.0,0.0,0.0,0.0,0.0,0.0,0.0,1.0,0.68797449677792,0.023566605214859527,0.7308917026895071,0.02503673652551143,271920.0,0.04362808806254795,0.04362808806254795,0.023566605214859527,1.0,0.5989471735276086,0.020516969232418397,0.40751858290357895,0.013959572056793537,647999.0,0.04461864296096225,0.04461864296096225,0.020516969232418397,1.0,0.0820273770485361,0.00280985243023811,0.08922344576909867,0.0030563541703909004,236155.0,0.018496597041469536,0.018496597041469536,0.00280985243023811,1.0,0.0026507000184026676,9.079987872992534e-5,0.0016402514045978365,5.618690443659574e-5,550208.0,0.0251848443588082,0.0251848443588082,9.079987872992534e-5,1.0,29.192770469296498,1.0,0,0.0,0.0,0.0,0.0,0
129600.0,3.6278815937728347e-12,1.2604971101777975e-13,4.506998128457751e-12,1.565943642220608e-13,0.0,0.0,0.0,0.0,0.0,0.05027262711049585,0.0,0.0,0.05839727332894789,0.0,0.0,0.0,-2.3339349809273944e-13,-8.109190509005532e-15,1.0117868636290231e-11,3.5154245935406324e-13,0.11057165376758818,0.0038417805664015853,0.0,0.0,0.0,0.0,0.0,0.0,0.0,0.0,0.0,0.0,0.0,0.0,0.0,0.0,0.0,0.0,0.0,0.0,0.0,0.0,2.1488182114909267e-11,7.466007574588274e-13,1.2916102001107234e-11,4.48766279337858e-13,0.0,1.0127763795102969,0.035188626382413234,1.0510252463929306,0.03651757235065792,777599.0,0.0,0.0,0.0,0.0,0.0,0.0,0.0,NaN,NaN,0.0,0.0,0.0,0.0,0.0,0.0,0.0,0.0,0.0,1.0,0.0,0.0,0.0,0.0,0.0,0.0,0.0,0.0,1.0,0.0,0.0,0.0,0.0,0.0,0.0,0.0,0.0,1.0,0.0,0.0,0.0,0.0,0.0,0.0,0.0,0.0,1.0,0.7632676752630502,0.026519517632896686,0.8123520164573662,0.02822493906496922,326353.0,0.04828505549996544,0.04828505549996544,0.026519517632896686,1.0,0.6377010087174194,0.022156739625281884,0.43969510110784665,0.015277080852283168,777599.0,0.04915290442344701,0.04915290442344701,0.022156739625281884,1.0,0.106719027644593,0.003707922170830834,0.11567112924255388,0.004018960387006814,287966.0,0.021090823134180488,0.021090823134180488,0.003707922170830834,1.0,0.0035829586165148693,0.00012448887498852664,0.0021969591017715747,7.633271724510646e-5,679407.0,0.03121990858546676,0.03072134884026342,0.00012448887498852664,1.0,28.781355899031848,1.0,0,0.0,0.0,0.0,0.0,0
151200.0,3.916047116297506e-12,1.3764927971488318e-13,4.736467422514066e-12,1.664871003182638e-13,0.0,0.0,0.0,0.0,0.0,0.05027262711049585,0.0,0.0,0.0,0.0,0.0,0.0,-2.3180300012882843e-13,-8.14788868874737e-15,1.1279607355480702e-11,3.964788425264345e-13,0.11236774206526176,0.003949732548952302,0.0,0.0,0.0,0.0,0.0,0.0,0.0,0.0,0.0,0.0,0.0,0.0,0.0,0.0,0.0,0.0,0.0,0.0,0.0,0.0,2.5067891859200882e-11,8.811378300402046e-13,1.5066304770393473e-11,5.295814728527429e-13,0.0,1.0983067251514866,0.03860554409418115,1.134062905880729,0.039862375888224735,907199.0,0.0,0.0,0.0,0.0,0.0,0.0,0.0,NaN,NaN,0.0,0.0,0.0,0.0,0.0,0.0,0.0,0.0,0.0,1.0,0.0,0.0,0.0,0.0,0.0,0.0,0.0,0.0,1.0,0.0,0.0,0.0,0.0,0.0,0.0,0.0,0.0,1.0,0.0,0.0,0.0,0.0,0.0,0.0,0.0,0.0,1.0,0.8300223541317624,0.02917533313580514,0.8763740066308547,0.03080459636748121,380914.0,0.05224760377910304,0.05224760377910304,0.02917533313580514,1.0,0.6708353346650224,0.023579900313160016,0.4654532456058858,0.016360708156948893,907199.0,0.05339714099923337,0.05339714099923337,0.023579900313160016,1.0,0.13053619127705815,0.0045883545760296235,0.1383916751499373,0.004864475282650751,339803.0,0.022888308020171645,0.022888308020171645,0.0045883545760296235,1.0,0.004421108819103666,0.00015540222740376863,0.0027024760671548504,9.49921880516809e-5,808831.0,0.03272706926799473,0.03122395046619584,0.00015540222740376863,1.0,28.44945592457094,1.0,0,0.0,0.0,0.0,0.0,0
172800.0,4.371860756936506e-12,1.5624395547664289e-13,5.095408973490412e-12,1.8210251813856774e-13,0.0,0.0,0.0,0.0,0.0,0.05027262711049585,0.0,0.0,0.05839727332894789,0.0,0.0,0.0,-1.9991983810650843e-13,-7.14484472874638e-15,1.282730193628677e-11,4.584291458594029e-13,0.12560014679411233,0.004488766874018743,0.0,0.0,0.0,0.0,0.0,0.0,0.0,0.0,0.0,0.0,0.0,0.0,0.0,0.0,0.0,0.0,0.0,0.0,0.0,0.0,2.8553979157763535e-11,1.020477754495736e-12,1.7164676709600326e-11,6.134406223552816e-13,0.0,1.1799724717966202,0.04217050281268438,1.2303938650975994,0.043972490197000995,1.036799e6,0.0,0.0,0.0,0.0,0.0,0.0,0.0,NaN,NaN,0.0,0.0,0.0,0.0,0.0,0.0,0.0,0.0,0.0,1.0,0.0,0.0,0.0,0.0,0.0,0.0,0.0,0.0,1.0,0.0,0.0,0.0,0.0,0.0,0.0,0.0,0.0,1.0,0.0,0.0,0.0,0.0,0.0,0.0,0.0,0.0,1.0,0.892651040921621,0.03190205206619353,0.9495435791528845,0.03393530877416508,435714.0,0.05643424145212528,0.05643424145212528,0.03190205206619353,1.0,0.7048176855019841,0.025189160679007838,0.4960003785396278,0.017726333332548343,1.036799e6,0.05794554873894039,0.05794554873894039,0.025189160679007838,1.0,0.1571459307245674,0.0056161673869663704,0.1689582799094348,0.006038323595209437,391772.0,0.0252654039063434,0.0252654039063434,0.0056161673869663704,1.0,0.005590616749404646,0.00019980052500414975,0.00345794209728166,0.00012358182959767386,938123.0,0.04081756151970869,0.0390004540874279,0.00019980052500414975,1.0,27.980991287628157,1.0,0,0.0,0.0,0.0,0.0,0
194400.0,4.177444591674393e-12,1.5174158700203078e-13,4.771813672248633e-12,1.7333146224083634e-13,0.0,0.0,0.0,0.0,0.0,0.05027262711049585,0.0,0.0,0.0,0.0,0.0,0.0,-3.2240132018426143e-13,-1.1710912473575389e-14,1.3000823643294536e-11,4.722421970356566e-13,0.13138552022500039,0.004772450456377691,0.0,0.0,0.0,0.0,0.0,0.0,0.0,0.0,0.0,0.0,0.0,0.0,0.0,0.0,0.0,0.0,0.0,0.0,0.0,0.0,3.1895736842296545e-11,1.1585814295885848e-12,1.9151982835982467e-11,6.956770355636955e-13,0.0,1.2820620901059012,0.046569650875927994,1.3155469619907767,0.04778595608090837,1.166399e6,0.0,0.0,0.0,0.0,0.0,0.0,0.0,NaN,NaN,0.0,0.0,0.0,0.0,0.0,0.0,0.0,0.0,0.0,1.0,0.0,0.0,0.0,0.0,0.0,0.0,0.0,0.0,1.0,0.0,0.0,0.0,0.0,0.0,0.0,0.0,0.0,1.0,0.0,0.0,0.0,0.0,0.0,0.0,0.0,0.0,1.0,0.9696387804029123,0.035221179869216995,1.0140600293723045,0.036834738270125955,490238.0,0.061667029181136555,0.061667029181136555,0.035221179869216995,1.0,0.7372516516615794,0.026779944817450302,0.5206076587721133,0.018910563770237462,1.166399e6,0.06244608063249158,0.06244608063249158,0.026779944817450302,1.0,0.19011661332833835,0.006905799942718205,0.19678283053762644,0.007147943759695125,443872.0,0.028456074312928695,0.028456074312928695,0.006905799942718205,1.0,0.0064248676949135415,0.00023337703203706535,0.003993142989369703,0.00014504701164453422,1.067589e6,0.042278905525391416,0.042278905525391416,0.00023337703203706535,1.0,27.5299914427446,1.0,0,0.0,0.0,0.0,0.0,0
216000.0,4.8352609948253074e-12,1.7761730277381153e-13,5.15866917296088e-12,1.8949730022522277e-13,0.0,0.0,0.0,0.0,0.0,0.05027262711049585,0.0,0.0,0.0,0.0,0.0,0.0,-3.448070192646778e-13,-1.266605728311516e-14,1.4630010264236008e-11,5.374152430381185e-13,0.15366156311320145,0.005644566531027705,0.0,0.0,0.0,0.0,0.0,0.0,0.0,0.0,0.0,0.0,0.0,0.0,0.0,0.0,0.0,0.0,0.0,0.0,0.0,0.0,3.538055422034137e-11,1.2996606838772453e-12,2.1223339001638933e-11,7.796129791875977e-13,0.0,1.3820973038753412,0.050769626613333244,1.447673635508665,0.05317849164936275,1.295999e6,0.0,0.0,0.0,0.0,0.0,0.0,0.0,NaN,NaN,0.0,0.0,0.0,0.0,0.0,0.0,0.0,0.0,0.0,1.0,0.0,0.0,0.0,0.0,0.0,0.0,0.0,0.0,1.0,0.0,0.0,0.0,0.0,0.0,0.0,0.0,0.0,1.0,0.0,0.0,0.0,0.0,0.0,0.0,0.0,0.0,1.0,1.0419280248051561,0.03827393095189539,1.11184399920989,0.04084220737127828,545313.0,0.06616690897333068,0.06616690897333068,0.03827393095189539,1.0,0.7748837475828164,0.028464391344379822,0.5604177454442031,0.020586249321165366,1.295998e6,0.0675223989929447,0.0675223989929447,0.028464391344379822,1.0,0.22433533282777765,0.008240679619234236,0.24160965544033447,0.008875230389703628,495987.0,0.03103603464843922,0.03103603464843922,0.008240679619234236,1.0,0.007742616501913029,0.0002844153936992353,0.004943307821195451,0.00018158626864632046,1.196733e6,0.051357822348337974,0.051357822348337974,0.0002844153936992353,1.0,27.222916457541398,1.0,0,0.0,0.0,0.0,0.0,0
237600.0,5.124799098968648e-12,1.9150798077607668e-13,5.1931882950874824e-12,1.9406360814852387e-13,0.0,0.0,0.0,0.0,0.0,0.05027262711049585,0.0,0.0,0.0,0.0,0.0,0.0,-3.7555348311680764e-13,-1.4034011448291941e-14,1.5359228095169397e-11,5.739570863133014e-13,0.16635262532445405,0.00621641058653338,0.0,0.0,0.0,0.0,0.0,0.0,0.0,0.0,0.0,0.0,0.0,0.0,0.0,0.0,0.0,0.0,0.0,0.0,0.0,0.0,3.862232755082404e-11,1.4432729594451944e-12,2.3155101315900408e-11,8.652801040661226e-13,0.0,1.4952072752482213,0.05587421489012366,1.5478586337241214,0.05784173696310915,1.425598e6,0.0,0.0,0.0,0.0,0.0,0.0,0.0,NaN,NaN,0.0,0.0,0.0,0.0,0.0,0.0,0.0,0.0,0.0,1.0,0.0,0.0,0.0,0.0,0.0,0.0,0.0,0.0,1.0,0.0,0.0,0.0,0.0,0.0,0.0,0.0,0.0,1.0,0.0,0.0,0.0,0.0,0.0,0.0,0.0,0.0,1.0,1.126849369999817,0.04210909409714975,1.1876883296818592,0.044382577622302924,600680.0,0.07223860621773978,0.07223860621773978,0.04210909409714975,1.0,0.8092595769835594,0.030241120582270763,0.5882248921561054,0.021981302908383602,1.425597e6,0.0725061989912849,0.0725061989912849,0.030241120582270763,1.0,0.2671690460923235,0.009983806887826735,0.2793334893602807,0.010438378456882084,549110.0,0.03507308749448003,0.03507308749448003,0.009983806887826735,1.0,0.008726894653980263,0.00032611424201304536,0.005643654432951727,0.00021089702128421938,1.325815e6,0.05372729606753608,0.05372729606753608,0.00032611424201304536,1.0,26.76023776241936,1.0,0,0.0,0.0,0.0,0.0,0
259200.0,6.0081166210889315e-12,2.2709998940949447e-13,5.899483444440365e-12,2.2299377862460167e-13,0.0,0.0,0.0,0.0,0.0,0.05027262711049585,0.0,0.0,0.0,0.0,0.0,0.0,-4.203956334269664e-13,-1.589047781861434e-14,1.7333225187154593e-11,6.551762398582984e-13,0.18245924346260486,0.00689675232211319,0.0,0.0,0.0,0.0,0.0,0.0,0.0,0.0,0.0,0.0,0.0,0.0,0.0,0.0,0.0,0.0,0.0,0.0,0.0,0.0,4.201833324805304e-11,1.5882453083788454e-12,2.5214869334509635e-11,9.530934434143976e-13,0.0,1.611298690084003,0.060905261753605534,1.721650345138371,0.06507642907186326,1.555198e6,0.0,0.0,0.0,0.0,0.0,0.0,0.0,NaN,NaN,0.0,0.0,0.0,0.0,0.0,0.0,0.0,0.0,0.0,1.0,0.0,0.0,0.0,0.0,0.0,0.0,0.0,0.0,1.0,0.0,0.0,0.0,0.0,0.0,0.0,0.0,0.0,1.0,0.0,0.0,0.0,0.0,0.0,0.0,0.0,0.0,1.0,1.2091973285755622,0.045706286650562415,1.319034766287321,0.04985801713687669,656815.0,0.07759841609925089,0.07759841609925089,0.045706286650562415,1.0,0.8508142320458244,0.032159812345991724,0.6358639781256333,0.024034936704014572,1.555197e6,0.0782497294234688,0.0782497294234688,0.032159812345991724,1.0,0.3123669571536453,0.011807116461832547,0.3469343396319423,0.013113724287516263,603033.0,0.03858933757153188,0.03858933757153188,0.011807116461832547,1.0,0.01031063842935091,0.00038973043064638923,0.0067828109538157445,0.00025638255595294615,1.45487e6,0.06315732635325544,0.06315732635325544,0.00038973043064638923,1.0,26.455820789385502,1.0,0,0.0,0.0,0.0,0.0,0
280800.0,6.310226875150492e-12,2.4406927165821716e-13,6.04164743034035e-12,2.3368105729221367e-13,0.0,0.0,0.0,0.0,0.0,0.05027262711049585,0.0,0.0,0.0,0.0,0.0,0.0,-3.8258081205433755e-13,-1.4797601099926302e-14,1.830023569603956e-11,7.078232345488466e-13,0.19046728200967886,0.007366963457033214,0.0,0.0,0.0,0.0,0.0,0.0,0.0,0.0,0.0,0.0,0.0,0.0,0.0,0.0,0.0,0.0,0.0,0.0,0.0,0.0,4.5117517581653396e-11,1.7450719083564379e-12,2.709810908521576e-11,1.0481106113297703e-12,0.0,1.8081999691895871,0.069938222226279,1.9729955778733388,0.07631224727794667,1.684798e6,0.0,0.0,0.0,0.0,0.0,0.0,0.0,NaN,NaN,0.0,0.0,0.0,0.0,0.0,0.0,0.0,0.0,0.0,1.0,0.0,0.0,0.0,0.0,0.0,0.0,0.0,0.0,1.0,0.0,0.0,0.0,0.0,0.0,0.0,0.0,0.0,1.0,0.0,0.0,0.0,0.0,0.0,0.0,0.0,0.0,1.0,1.3546155314066257,0.05239431682390009,1.5114285982359679,0.05845959019120926,712929.0,0.08869177055858478,0.08869177055858478,0.05239431682390009,1.0,0.910521972313011,0.03521750311171498,0.7018330029968406,0.02714575454358018,1.684796e6,0.08605294267916738,0.08605294267916738,0.03521750311171498,1.0,0.3954144019183905,0.015293983400095974,0.45467923991276715,0.017586250561074202,657001.0,0.04758489833195538,0.04758489833195538,0.015293983400095974,1.0,0.012296336184956128,0.0004756022051354926,0.008227777529111283,0.00031823699981439166,1.583763e6,0.0735037545484526,0.0735037545484526,0.0004756022051354926,1.0,25.854245527421533,1.0,0,0.0,0.0,0.0,0.0,0
302400.0,6.379672275457384e-12,2.491535111724086e-13,6.026532374759202e-12,2.3536188640000296e-13,0.0,0.0,0.0,0.0,0.0,0.05027262711049585,0.0,0.0,0.0,0.0,0.0,0.0,-2.812328714944088e-13,-1.098334747687445e-14,1.8993748945406254e-11,7.41787200932029e-13,0.2004522198200348,0.00782851723945091,0.0,0.0,0.0,0.0,0.0,0.0,0.0,0.0,0.0,0.0,0.0,0.0,0.0,0.0,0.0,0.0,0.0,0.0,0.0,0.0,4.8387849108920745e-11,1.8897526366593753e-12,2.9018591074986858e-11,1.1333001984166878e-12,0.0,1.8680429796163753,0.0729550746960618,2.0175699995013523,0.07879474488771246,1.814398e6,0.0,0.0,0.0,0.0,0.0,0.0,0.0,NaN,NaN,0.0,0.0,0.0,0.0,0.0,0.0,0.0,0.0,0.0,1.0,0.0,0.0,0.0,0.0,0.0,0.0,0.0,0.0,1.0,0.0,0.0,0.0,0.0,0.0,0.0,0.0,0.0,1.0,0.0,0.0,0.0,0.0,0.0,0.0,0.0,0.0,1.0,1.399489955606705,0.054656073421095915,1.545206745434571,0.06034693781895118,769050.0,0.09165773404605664,0.09165773404605664,0.054656073421095915,1.0,0.9278063713368372,0.03623481036729764,0.7140019054872924,0.027884830764789568,1.814396e6,0.08975815019541984,0.08975815019541984,0.03623481036729764,1.0,0.42121496617161314,0.016450247481168717,0.4737752680653598,0.018502952259670823,710983.0,0.04824219473944985,0.04824219473944985,0.016450247481168717,1.0,0.012833635233793633,0.0005012083915198252,0.008585377895411096,0.00033529575737184704,1.713185e6,0.0683726042630147,0.0683726042630147,0.0005012083915198252,1.0,25.60538780062704,1.0,0,0.0,0.0,0.0,0.0,0
324000.0,6.46698417251551e-12,2.5671689606588995e-13,6.166478133597128e-12,2.447878460632556e-13,0.0,0.0,0.0,0.0,0.0,0.05027262711049585,0.0,0.0,0.0,0.0,0.0,0.0,-2.997029497041455e-13,-1.1897170139495227e-14,1.9413779666468387e-11,7.706598816282939e-13,0.2074068544766416,0.008233334500851596,0.0,0.0,0.0,0.0,0.0,0.0,0.0,0.0,0.0,0.0,0.0,0.0,0.0,0.0,0.0,0.0,0.0,0.0,0.0,0.0,5.145893564541179e-11,2.042741698655799e-12,3.0903667680628424e-11,1.2267686811017415e-12,0.0,1.977670141870088,0.07850666194928894,2.1390325237682792,0.0849121902013535,1.943998e6,0.0,0.0,0.0,0.0,0.0,0.0,0.0,NaN,NaN,0.0,0.0,0.0,0.0,0.0,0.0,0.0,0.0,0.0,1.0,0.0,0.0,0.0,0.0,0.0,0.0,0.0,0.0,1.0,0.0,0.0,0.0,0.0,0.0,0.0,0.0,0.0,1.0,0.0,0.0,0.0,0.0,0.0,0.0,0.0,0.0,1.0,1.4818301718897484,0.05882353073339117,1.6402817141178874,0.06511350872197787,825172.0,0.09813387054150471,0.09813387054150471,0.05882353073339117,1.0,0.959615971421295,0.03809343382120946,0.7431052337445786,0.02949870665649419,1.943996e6,0.09509600073007995,0.09509600073007995,0.03809343382120946,1.0,0.4708827097419401,0.018692414335850355,0.5303255682525511,0.02105209014810646,764990.0,0.052175249622787634,0.052175249622787634,0.018692414335850355,1.0,0.014196923235401874,0.0005635687314911764,0.009608091485122596,0.00038140798823361647,1.842559e6,0.07235211807713703,0.07235211807713703,0.0005635687314911764,1.0,25.19111235614063,1.0,0,0.0,0.0,0.0,0.0,0
345600.0,6.580276949298289e-12,2.6478294506685007e-13,6.4072665590612766e-12,2.5782120150999164e-13,0.0,0.0,0.0,0.0,0.0,0.05027262711049585,0.0,0.0,0.0,0.0,0.0,0.0,-4.0062897679477407e-13,-1.612085952797947e-14,2.0356164941435096e-11,8.191091871953089e-13,0.22618179788451806,0.009101301210546192,0.0,0.0,0.0,0.0,0.0,0.0,0.0,0.0,0.0,0.0,0.0,0.0,0.0,0.0,0.0,0.0,0.0,0.0,0.0,0.0,5.4619487528386906e-11,2.1978267597613216e-12,3.275839815927438e-11,1.3181611058498257e-12,0.0,2.067360817899615,0.08318827461170097,2.2336453332233854,0.08987937652514504,2.073598e6,0.0,0.0,0.0,0.0,0.0,0.0,0.0,NaN,NaN,0.0,0.0,0.0,0.0,0.0,0.0,0.0,0.0,0.0,1.0,0.0,0.0,0.0,0.0,0.0,0.0,0.0,0.0,1.0,0.0,0.0,0.0,0.0,0.0,0.0,0.0,0.0,1.0,0.0,0.0,0.0,0.0,0.0,0.0,0.0,0.0,1.0,1.550007188556256,0.062370546319403766,1.7154465670433432,0.069027640876877,881312.0,0.10344549398682394,0.10344549398682394,0.062370546319403766,1.0,0.9838271473912411,0.03958809811960121,0.7640973915476993,0.03074641982560825,2.073596e6,0.09970092717194899,0.09970092717194899,0.03958809811960121,1.0,0.5138385488707958,0.02067628540670992,0.5772980198662926,0.02322982316082585,819010.0,0.05504488043601407,0.05504488043601407,0.02067628540670992,1.0,0.01507841819134494,0.000606738592678783,0.010306354154023496,0.00041471610189527296,1.972076e6,0.0785971974300873,0.0785971974300873,0.000606738592678783,1.0,24.851589091725522,1.0,0,0.0,0.0,0.0,0.0,0
367200.0,7.091355987433519e-12,2.9026732410843385e-13,6.994204615418686e-12,2.862906701598546e-13,0.0,0.0,0.0,0.0,0.0,0.05027262711049585,0.0,0.0,0.0,0.0,0.0,0.0,-3.370573678179802e-13,-1.3796619490113345e-14,2.205600855235483e-11,9.028087990999039e-13,0.24083115265438013,0.009857834575899865,0.0,0.0,0.0,0.0,0.0,0.0,0.0,0.0,0.0,0.0,0.0,0.0,0.0,0.0,0.0,0.0,0.0,0.0,0.0,0.0,5.7669615593577896e-11,2.3605647538177266e-12,3.458897178106238e-11,1.415815014835374e-12,0.0,2.1309244024875755,0.08722418184667825,2.2898922998717195,0.09373114416454936,2.203197e6,0.0,0.0,0.0,0.0,0.0,0.0,0.0,NaN,NaN,0.0,0.0,0.0,0.0,0.0,0.0,0.0,0.0,0.0,1.0,0.0,0.0,0.0,0.0,0.0,0.0,0.0,0.0,1.0,0.0,0.0,0.0,0.0,0.0,0.0,0.0,0.0,1.0,0.0,0.0,0.0,0.0,0.0,0.0,0.0,0.0,1.0,1.598102337221665,0.06541441296964863,1.7595478552473982,0.07202279063249246,937457.0,0.10820642006078347,0.10820642006078347,0.06541441296964863,1.0,1.0008937213664728,0.04096913802280076,0.7772182703443974,0.03181353015993524,2.203196e6,0.1035970046691696,0.1035970046691696,0.04096913802280076,1.0,0.5451370959241187,0.022313854555679226,0.6061073394771747,0.02480952244736973,873044.0,0.057258828780907815,0.057258828780907815,0.022313854555679226,1.0,0.015660677093994314,0.0006410315378124415,0.010727678095339378,0.0004391112814176732,2.1015950000000005e6,0.08375999381475795,0.08375999381475795,0.0006410315378124415,1.0,24.43043153139908,1.0,0,0.0,0.0,0.0,0.0,0
388800.0,7.056302661134966e-12,2.9458161036357016e-13,7.123130464642232e-12,2.973714909738024e-13,0.0,0.0,0.0,0.0,0.0,0.05027262711049585,0.0,0.0,0.0,0.0,0.0,0.0,-3.14566749272751e-13,-1.3132313623392066e-14,2.2801751329782125e-11,9.51911638205795e-13,0.26728636951491386,0.011158485249450891,0.0,0.0,0.0,0.0,0.0,0.0,0.0,0.0,0.0,0.0,0.0,0.0,0.0,0.0,0.0,0.0,0.0,0.0,0.0,0.0,6.061289047956558e-11,2.5304247484459792e-12,3.636562266164292e-11,1.5181666943715882e-12,0.0,2.369156784169791,0.09890590783874617,2.6361845705155527,0.11005359793809652,2.332796e6,0.0,0.0,0.0,0.0,0.0,0.0,0.0,NaN,NaN,0.0,0.0,0.0,0.0,0.0,0.0,0.0,0.0,0.0,1.0,0.0,0.0,0.0,0.0,0.0,0.0,0.0,0.0,1.0,0.0,0.0,0.0,0.0,0.0,0.0,0.0,0.0,1.0,0.0,0.0,0.0,0.0,0.0,0.0,0.0,0.0,1.0,1.774603070661207,0.0740848933806123,2.034062307154487,0.08491661693052013,993704.0,0.12241014104737927,0.12241014104737927,0.0740848933806123,1.0,1.0688746170074779,0.04462263327919128,0.8529606756439436,0.03560880839082049,2.332796e6,0.11303124344601376,0.11303124344601376,0.04462263327919128,1.0,0.6618806877919182,0.027631734102364823,0.7855090250664339,0.03279288384746939,927222.0,0.06856161415226196,0.06856161415226196,0.027631734102364823,1.0,0.018097735578136515,0.0007555316638988993,0.01311373435429723,0.0005474630510459991,2.230253e6,0.0988890849956676,0.0988890849956676,0.0007555316638988993,1.0,23.95364276957457,1.0,0,0.0,0.0,0.0,0.0,0
410400.0,6.883161363400872e-12,2.922559556086454e-13,6.992109395818375e-12,2.9688184037943726e-13,0.0,0.0,0.0,0.0,0.0,0.05027262711049585,0.0,0.0,0.0,0.0,0.0,0.0,-2.1245747957801082e-13,-9.020849641914694e-15,2.2843961031325748e-11,9.699443770991454e-13,0.2763657173938077,0.011734364860870998,0.0,0.0,0.0,0.0,0.0,0.0,0.0,0.0,0.0,0.0,0.0,0.0,0.0,0.0,0.0,0.0,0.0,0.0,0.0,0.0,6.357481327227632e-11,2.6993581618359934e-12,3.815284571610952e-11,1.6199527797270102e-12,0.0,2.4747785463849317,0.10507799117412318,2.7350544919406103,0.11612919151279066,2.462395e6,0.0,0.0,0.0,0.0,0.0,0.0,0.0,NaN,NaN,0.0,0.0,0.0,0.0,0.0,0.0,0.0,0.0,0.0,1.0,0.0,0.0,0.0,0.0,0.0,0.0,0.0,0.0,1.0,0.0,0.0,0.0,0.0,0.0,0.0,0.0,0.0,1.0,0.0,0.0,0.0,0.0,0.0,0.0,0.0,0.0,1.0,1.855690016065106,0.0787917688291081,2.112583438846392,0.08969934876232431,1.049948e6,0.12995651258786875,0.12995651258786875,0.0787917688291081,1.0,1.0953383245966828,0.04650757578805473,0.8744287318957853,0.03712785319994178,2.462395e6,0.11812748221370031,0.11812748221370031,0.04650757578805473,1.0,0.7178421381410613,0.030479256403036448,0.8393518679092571,0.035638505229887485,981438.0,0.07327886707498457,0.07327886707498457,0.030479256403036448,1.0,0.01903641692001028,0.0008082777556116077,0.013855484572784444,0.0005882976833539228,2.358915e6,0.09862130101126376,0.09862130101126376,0.0008082777556116077,1.0,23.551825827008937,1.0,0,0.0,0.0,0.0,0.0,0
432000.0,6.959999079625063e-12,2.9902212225614435e-13,7.2047401002528445e-12,3.095369195361458e-13,0.0,0.0,0.0,0.0,0.0,0.05027262711049585,0.0,0.0,0.0,0.0,0.0,0.0,-1.63512068193366e-13,-7.0249615102399725e-15,2.3137536748717465e-11,9.9405693351812e-13,0.2818597697245339,0.012109528400425965,0.0,0.0,0.0,0.0,0.0,0.0,0.0,0.0,0.0,0.0,0.0,0.0,0.0,0.0,0.0,0.0,0.0,0.0,0.0,0.0,6.662701890232134e-11,2.862493567002832e-12,4.001878586296712e-11,1.7193252674256467e-12,0.0,2.570316655691399,0.11042839696705266,2.8471308265091686,0.1223211515323253,2.591995e6,0.0,0.0,0.0,0.0,0.0,0.0,0.0,NaN,NaN,0.0,0.0,0.0,0.0,0.0,0.0,0.0,0.0,0.0,1.0,0.0,0.0,0.0,0.0,0.0,0.0,0.0,0.0,1.0,0.0,0.0,0.0,0.0,0.0,0.0,0.0,0.0,1.0,0.0,0.0,0.0,0.0,0.0,0.0,0.0,0.0,1.0,1.9267766419822896,0.08278001677985118,2.201831908090104,0.09459720360248476,1.1061e6,0.13598691357240345,0.13598691357240345,0.08278001677985118,1.0,1.1216010988801164,0.048187296733094284,0.8983423801362923,0.0385954426067914,2.591995e6,0.12315775117800376,0.12315775117800376,0.048187296733094284,1.0,0.7683052672913471,0.033008664072755746,0.9024594373329137,0.038772323546903534,1.035636e6,0.07672935589336062,0.07672935589336062,0.033008664072755746,1.0,0.020212742182276255,0.000868399118277776,0.014825168976664914,0.0006369330569576891,2.487697e6,0.10291009008704467,0.10291009008704467,0.000868399118277776,1.0,23.27586677236904,1.0,0,0.0,0.0,0.0,0.0,0
453600.0,7.28114283523679e-12,3.161656519520726e-13,7.657224916136796e-12,3.324960878446101e-13,0.0,0.0,0.0,0.0,0.0,0.05027262711049585,0.0,0.0,0.0,0.0,0.0,0.0,-5.457077462951841e-14,-2.369601164088442e-15,2.3596266078803488e-11,1.0246096000665622e-12,0.2877464878278622,0.012494680846081298,0.0,0.0,0.0,0.0,0.0,0.0,0.0,0.0,0.0,0.0,0.0,0.0,0.0,0.0,0.0,0.0,0.0,0.0,0.0,0.0,6.962094576330998e-11,3.023117689746701e-12,4.183457742553787e-11,1.816563243598901e-12,0.0,2.6755631665773856,0.11617972508465162,2.9753377068752616,0.12919669441441597,2.721595e6,0.0,0.0,0.0,0.0,0.0,0.0,0.0,NaN,NaN,0.0,0.0,0.0,0.0,0.0,0.0,0.0,0.0,0.0,1.0,0.0,0.0,0.0,0.0,0.0,0.0,0.0,0.0,1.0,0.0,0.0,0.0,0.0,0.0,0.0,0.0,0.0,1.0,0.0,0.0,0.0,0.0,0.0,0.0,0.0,0.0,1.0,2.0053392228989804,0.08707690497769227,2.304071523754843,0.10004861763276546,1.162313e6,0.14246735719827802,0.14246735719827802,0.08707690497769227,1.0,1.1501053771006577,0.0499404866231811,0.9254671076983606,0.04018612436081067,2.721595e6,0.12844973928116893,0.12844973928116893,0.0499404866231811,1.0,0.8255692332339047,0.03584830578982615,0.9767446062235609,0.04241272314050129,1.089882e6,0.08068071539345406,0.08068071539345406,0.03584830578982615,1.0,0.02134113449906544,0.0009266860786799087,0.01583780551736919,0.0006877176042552279,2.617123e6,0.11101233049640917,0.11101233049640917,0.0009266860786799087,1.0,23.02951883065569,1.0,0,0.0,0.0,0.0,0.0,0
475200.0,7.261886864536543e-12,3.206386817130243e-13,7.993297607520435e-12,3.5293312264770365e-13,0.0,0.0,0.0,0.0,0.0,0.05027262711049585,0.0,0.0,0.0,0.0,0.0,0.0,-2.628466941400177e-14,-1.1605636258705404e-15,2.4199588199751325e-11,1.0684997168241519e-12,0.30587427583489896,0.013505460275424874,0.0,0.0,0.0,0.0,0.0,0.0,0.0,0.0,0.0,0.0,0.0,0.0,0.0,0.0,0.0,0.0,0.0,0.0,0.0,0.0,7.236598467333876e-11,3.1952210712394665e-12,4.3538779033155356e-11,1.922395235976531e-12,0.0,2.870915592673484,0.12676135116337156,3.2390310783635616,0.14301498692658154,2.851195e6,0.0,0.0,0.0,0.0,0.0,0.0,0.0,NaN,NaN,0.0,0.0,0.0,0.0,0.0,0.0,0.0,0.0,0.0,1.0,0.0,0.0,0.0,0.0,0.0,0.0,0.0,0.0,1.0,0.0,0.0,0.0,0.0,0.0,0.0,0.0,0.0,1.0,0.0,0.0,0.0,0.0,0.0,0.0,0.0,0.0,1.0,2.152030007142449,0.0950199414241443,2.5160453738664925,0.11109254204254147,1.218668e6,0.15543374749005143,0.15543374749005143,0.0950199414241443,1.0,1.201713210849616,0.05306000312475779,0.9790702270378282,0.04322950670506152,2.851195e6,0.13651374850505243,0.13651374850505243,0.05306000312475779,1.0,0.934934285326135,0.04128074456781176,1.134239645298998,0.05008080012804349,1.144828e6,0.0906779546021494,0.0906779546021494,0.04128074456781176,1.0,0.023322117745981814,0.0010297562091398386,0.017760717958488097,0.0007842002083916936,2.746541e6,0.12222825305633006,0.12222825305633006,0.0010297562091398386,1.0,22.648193367499008,1.0,0,0.0,0.0,0.0,0.0,0
496800.0,7.042355122157976e-12,3.161944394319724e-13,8.091968311394612e-12,3.63320982787739e-13,0.0,0.0,0.0,0.0,0.0,0.05027262711049585,0.0,0.0,0.0,0.0,0.0,0.0,-2.0417293089495633e-14,-9.16715279358577e-16,2.468758106788077e-11,1.1084467797042779e-12,0.3203584911248608,0.014383763920081616,0.0,0.0,0.0,0.0,0.0,0.0,0.0,0.0,0.0,0.0,0.0,0.0,0.0,0.0,0.0,0.0,0.0,0.0,0.0,0.0,7.518973626025297e-11,3.3759411582418658e-12,4.5257322172931625e-11,2.0320068168157455e-12,0.0,2.9814831676754396,0.1338655013168547,3.352143787314904,0.15050777862514447,2.980794e6,0.0,0.0,0.0,0.0,0.0,0.0,0.0,NaN,NaN,0.0,0.0,0.0,0.0,0.0,0.0,0.0,0.0,0.0,1.0,0.0,0.0,0.0,0.0,0.0,0.0,0.0,0.0,1.0,0.0,0.0,0.0,0.0,0.0,0.0,0.0,0.0,1.0,0.0,0.0,0.0,0.0,0.0,0.0,0.0,0.0,1.0,2.2371134045156644,0.10044407114048316,2.607804337173965,0.11708770947187276,1.275228e6,0.1643419772268686,0.1643419772268686,0.10044407114048316,1.0,1.228684179962326,0.055166645075841056,1.0013157657775846,0.04495803914492474,2.980794e6,0.14188564358397998,0.14188564358397998,0.055166645075841056,1.0,0.9996115470198051,0.0448815214906119,1.203982600954424,0.05405756980315092,1.200488e6,0.09637961831543364,0.09637961831543364,0.0448815214906119,1.0,0.02438677999930497,0.001094941123768296,0.018618666588107305,0.0008359588152937967,2.875789e6,0.1277602038200352,0.1277602038200352,0.001094941123768296,1.0,22.27222950159787,1.0,0,0.0,0.0,0.0,0.0,0
518400.0,7.216326268617244e-12,3.2825284747741126e-13,8.726880898284186e-12,3.969642443851028e-13,0.0,0.0,0.0,0.0,0.0,0.05027262711049585,0.0,0.0,0.0,0.0,0.0,0.0,-5.961084948299481e-14,-2.7115502202881725e-15,2.5799764679351185e-11,1.1735675335348887e-12,0.3298156480653231,0.015002498721665316,0.0,0.0,0.0,0.0,0.0,0.0,0.0,0.0,0.0,0.0,0.0,0.0,0.0,0.0,0.0,0.0,0.0,0.0,0.0,0.0,7.806773572002691e-11,3.551108360725929e-12,4.695881456439674e-11,2.136040420173599e-12,0.0,3.0380092191599846,0.138191531221187,3.400662123277989,0.15468771556645186,3.110394e6,0.0,0.0,0.0,0.0,0.0,0.0,0.0,NaN,NaN,0.0,0.0,0.0,0.0,0.0,0.0,0.0,0.0,0.0,1.0,0.0,0.0,0.0,0.0,0.0,0.0,0.0,0.0,1.0,0.0,0.0,0.0,0.0,0.0,0.0,0.0,0.0,1.0,0.0,0.0,0.0,0.0,0.0,0.0,0.0,0.0,1.0,2.279711741044312,0.10369845300368769,2.6459308012042433,0.12035685297387547,1.331423e6,0.16955482756501633,0.16955482756501633,0.10369845300368769,1.0,1.2434067516128553,0.05655950016624815,1.012171905716667,0.0460411985019349,3.110394e6,0.14561895278519182,0.14561895278519182,0.05655950016624815,1.0,1.0326835169633541,0.04697422100499932,1.2334992366403676,0.056108831795655296,1.256485e6,0.0988269578439276,0.0988269578439276,0.04697422100499932,1.0,0.024988217578676156,0.0011366522615886745,0.019080803026184274,0.0008679385732237327,3.00448e6,0.12693095746201166,0.12693095746201166,0.0011366522615886745,1.0,21.98404773659682,1.0,0,0.0,0.0,0.0,0.0,0
540000.0,7.172840573239892e-12,3.318058460527447e-13,9.048772126168149e-12,4.18583887429907e-13,0.0,0.0,0.0,0.0,0.0,0.05027262711049585,0.0,0.0,0.0,0.0,0.0,0.0,-1.5523394444674368e-13,-7.180911069656075e-15,2.6034193197805102e-11,1.2043063570276052e-12,0.36999088823925974,0.017115275106216736,0.0,0.0,0.0,0.0,0.0,0.0,0.0,0.0,0.0,0.0,0.0,0.0,0.0,0.0,0.0,0.0,0.0,0.0,0.0,0.0,8.084049968343813e-11,3.739571529424642e-12,4.869426273613796e-11,2.2525303441647445e-12,0.0,3.243263138143146,0.15002894021345703,3.6799296446516867,0.1702285387066267,3.239994e6,0.0,0.0,0.0,0.0,0.0,0.0,0.0,NaN,NaN,0.0,0.0,0.0,0.0,0.0,0.0,0.0,0.0,0.0,1.0,0.0,0.0,0.0,0.0,0.0,0.0,0.0,0.0,1.0,0.0,0.0,0.0,0.0,0.0,0.0,0.0,0.0,1.0,0.0,0.0,0.0,0.0,0.0,0.0,0.0,0.0,1.0,2.4355356418310676,0.11266456517161248,2.8753066185452405,0.1330077722327696,1.388136e6,0.18458620095302714,0.18458620095302714,0.11266456517161248,1.0,1.295199747149454,0.059914178144922885,1.0635885048975111,0.049200157192409104,3.239991e6,0.15376917400215204,0.15376917400215204,0.059914178144922885,1.0,1.1550030989359095,0.05342887194032081,1.4140968022087472,0.06541419414894639,1.312494e6,0.11064534677027031,0.11064534677027031,0.05342887194032081,1.0,0.027289380858644387,0.0012623696304974665,0.02115232230613621,0.0009784776515111792,3.13395e6,0.13858478714604422,0.13858478714604422,0.0012623696304974665,1.0,21.61758347108712,1.0,0,0.0,0.0,0.0,0.0,0
561600.0,7.74961392661784e-12,3.6319192543088925e-13,9.855951787631843e-12,4.619071531304357e-13,0.0,0.0,0.0,0.0,0.0,0.05027262711049585,0.0,0.0,0.0,0.0,0.0,0.0,-1.6512567930739292e-13,-7.738748532974889e-15,2.7470492647332893e-11,1.2874268591434468e-12,0.3991421772653628,0.018706121008656686,0.0,0.0,0.0,0.0,0.0,0.0,0.0,0.0,0.0,0.0,0.0,0.0,0.0,0.0,0.0,0.0,0.0,0.0,0.0,0.0,8.378400276639071e-11,3.9266050635780255e-12,5.0459608264704626e-11,2.364830358735654e-12,0.0,3.32472163279014,0.15581576872975592,3.7660811362600337,0.17650043888111283,3.369594e6,0.0,0.0,0.0,0.0,0.0,0.0,0.0,NaN,NaN,0.0,0.0,0.0,0.0,0.0,0.0,0.0,0.0,0.0,1.0,0.0,0.0,0.0,0.0,0.0,0.0,0.0,0.0,1.0,0.0,0.0,0.0,0.0,0.0,0.0,0.0,0.0,1.0,0.0,0.0,0.0,0.0,0.0,0.0,0.0,0.0,1.0,2.4990986739440824,0.11712228090666443,2.946765056785744,0.13810252806149312,1.444756e6,0.19190195653207512,0.19190195653207512,0.11712228090666443,1.0,1.3141496578791005,0.061588686748651714,1.0789076503355484,0.050563879774911516,3.369591e6,0.15805082582209243,0.15805082582209243,0.061588686748651714,1.0,1.2059399677985947,0.05651735209085273,1.4715120231116425,0.06896360128766654,1.36859e6,0.11490456689226726,0.11490456689226726,0.05651735209085273,1.0,0.028067428203172894,0.0013154027268365497,0.021791294046947848,0.0010212666227613935,3.263507e6,0.14488650969990002,0.14488650969990002,0.0013154027268365497,1.0,21.337517119698443,1.0,0,0.0,0.0,0.0,0.0,0
583200.0,7.926192090261016e-12,3.7673933924131524e-13,1.0309898503613791e-11,4.900391393073817e-13,0.0,0.0,0.0,0.0,0.0,0.05027262711049585,0.0,0.0,0.0,0.0,0.0,0.0,-1.302043763847424e-13,-6.1887360496583676e-15,2.83416326666039e-11,1.3471043651535846e-12,0.4180885505660493,0.01987214068129223,0.0,0.0,0.0,0.0,0.0,0.0,0.0,0.0,0.0,0.0,0.0,0.0,0.0,0.0,0.0,0.0,0.0,0.0,0.0,0.0,8.661819618418866e-11,4.117044051556822e-12,5.216884241368484e-11,2.479633977589951e-12,0.0,3.397245652954973,0.16147427011102627,3.8302932698065177,0.18205742923394688,3.499194e6,0.0,0.0,0.0,0.0,0.0,0.0,0.0,NaN,NaN,0.0,0.0,0.0,0.0,0.0,0.0,0.0,0.0,0.0,1.0,0.0,0.0,0.0,0.0,0.0,0.0,0.0,0.0,1.0,0.0,0.0,0.0,0.0,0.0,0.0,0.0,0.0,1.0,0.0,0.0,0.0,0.0,0.0,0.0,0.0,0.0,1.0,2.5568259958334085,0.12152833608573009,2.9999036599952196,0.14258823275843477,1.501671e6,0.1994134039851887,0.1994134039851887,0.12152833608573009,1.0,1.3298164604478717,0.06320742279725114,1.090501965734562,0.051832580554916276,3.499191e6,0.1618334255469634,0.1618334255469634,0.06320742279725114,1.0,1.2528219154837406,0.059547799908397175,1.514796829948023,0.07199971314102534,1.424731e6,0.11932366453166904,0.11932366453166904,0.059547799908397175,1.0,0.02871205110129841,0.001364710700546475,0.02227199215816146,0.0010586086627351963,3.393057e6,0.14916493043077017,0.14916493043077017,0.001364710700546475,1.0,21.038928682687956,1.0,0,0.0,0.0,0.0,0.0,0
604800.0,7.72350183246132e-12,3.7246666169744515e-13,1.0498683778714777e-11,5.063000934161551e-13,0.0,0.0,0.0,0.0,0.0,0.05027262711049585,0.0,0.0,0.0,0.0,0.0,0.0,-1.0678558311793045e-13,-5.149745610751727e-15,2.9164880914846544e-11,1.4064793494966553e-12,0.4287391973077668,0.020675991412198048,0.0,0.0,0.0,0.0,0.0,0.0,0.0,0.0,0.0,0.0,0.0,0.0,0.0,0.0,0.0,0.0,0.0,0.0,0.0,0.0,8.9380674452083e-11,4.31039211948037e-12,5.384876848964001e-11,2.596862339250987e-12,0.0,3.5378765142004935,0.17061445485824595,3.9980723014158963,0.19280744351928764,3.628793e6,0.0,0.0,0.0,0.0,0.0,0.0,0.0,NaN,NaN,0.0,0.0,0.0,0.0,0.0,0.0,0.0,0.0,0.0,1.0,0.0,0.0,0.0,0.0,0.0,0.0,0.0,0.0,1.0,0.0,0.0,0.0,0.0,0.0,0.0,0.0,0.0,1.0,0.0,0.0,0.0,0.0,0.0,0.0,0.0,0.0,1.0,2.6678385296165117,0.12865678452974708,3.140261448006132,0.15143942783571376,1.558341e6,0.2115786279629466,0.2115786279629466,0.12865678452974708,1.0,1.3608131942293682,0.0656253547475271,1.1188107727460752,0.053954763348980736,3.628791e6,0.16744589775363775,0.16744589775363775,0.0656253547475271,1.0,1.3446291314709327,0.06484487667435554,1.6310965266104642,0.07865979595155875,1.480789e6,0.12836196507264894,0.12836196507264894,0.06484487667435554,1.0,0.03005305936839385,0.0014493118457866107,0.023472125138528727,0.0011319456229748049,3.522572e6,0.15477325597600125,0.15477325597600125,0.0014493118457866107,1.0,20.736088962332754,1.0,0,0.0,0.0,0.0,0.0,0
626400.0,7.368103133934576e-12,3.585225744414588e-13,1.0590520238980722e-11,5.153213129260545e-13,0.0,0.0,0.0,0.0,0.0,0.05027262711049585,0.0,0.0,0.0,0.0,0.0,0.0,-9.976859623118627e-14,-4.854613639225009e-15,2.9698588401848546e-11,1.4450957291937568e-12,0.43853398578588965,0.02133850880017111,0.0,0.0,0.0,0.0,0.0,0.0,0.0,0.0,0.0,0.0,0.0,0.0,0.0,0.0,0.0,0.0,0.0,0.0,0.0,0.0,9.218197975769766e-11,4.485458482201216e-12,5.554085294204783e-11,2.7025476193116315e-12,0.0,3.5941135508648707,0.17488501717034302,4.04494553516973,0.19682193101579526,3.758393e6,0.0,0.0,0.0,0.0,0.0,0.0,0.0,NaN,NaN,0.0,0.0,0.0,0.0,0.0,0.0,0.0,0.0,0.0,1.0,0.0,0.0,0.0,0.0,0.0,0.0,0.0,0.0,1.0,0.0,0.0,0.0,0.0,0.0,0.0,0.0,0.0,1.0,0.0,0.0,0.0,0.0,0.0,0.0,0.0,0.0,1.0,2.7128016077516235,0.1320014932853784,3.179501177823889,0.1547105037744431,1.615446e6,0.21689872765338705,0.21689872765338705,0.1320014932853784,1.0,1.372847642748767,0.06680102900939476,1.1268912297747196,0.05483310120261427,3.758391e6,0.1706658444874944,0.1706658444874944,0.06680102900939476,1.0,1.3821717680165257,0.06725472914559609,1.6639464169652682,0.08096552698828254,1.536876e6,0.13108706703523965,0.13108706703523965,0.06725472914559609,1.0,0.030613492302591538,0.0014896137952276332,0.02386165346461111,0.0011610778615681484,3.65209e6,0.153745360628387,0.153745360628387,0.0014896137952276332,1.0,20.5512948394207,1.0,0,0.0,0.0,0.0,0.0,0
648000.0,7.271797741344299e-12,3.5811827149701744e-13,1.0838641765470453e-11,5.337766247756094e-13,0.0,0.0,0.0,0.0,0.0,0.05027262711049585,0.0,0.0,0.0,0.0,0.0,0.0,-9.069436940995376e-14,-4.466476098880101e-15,3.0336746198421925e-11,1.494010628163343e-12,0.4464994873535359,0.021989008815004922,0.0,0.0,0.0,0.0,0.0,0.0,0.0,0.0,0.0,0.0,0.0,0.0,0.0,0.0,0.0,0.0,0.0,0.0,0.0,0.0,9.494368726405501e-11,4.6757446207890774e-12,5.7190734466024047e-11,2.816503937694946e-12,0.0,3.6583759376154856,0.18016607637700072,4.101662872856276,0.20199687484971718,3.887992e6,0.0,0.0,0.0,0.0,0.0,0.0,0.0,NaN,NaN,0.0,0.0,0.0,0.0,0.0,0.0,0.0,0.0,0.0,1.0,0.0,0.0,0.0,0.0,0.0,0.0,0.0,0.0,1.0,0.0,0.0,0.0,0.0,0.0,0.0,0.0,0.0,1.0,0.0,0.0,0.0,0.0,0.0,0.0,0.0,0.0,1.0,2.764937306123655,0.1361664067245598,3.2274267691810543,0.15894288277449475,1.673041e6,0.22411018235439278,0.22411018235439278,0.1361664067245598,1.0,1.385753753578519,0.06824498653620437,1.1361453884938404,0.055952384426674766,3.88799e6,0.17391107293108668,0.17391107293108668,0.06824498653620437,1.0,1.4263282946298177,0.07024318354675402,1.7046259718433419,0.0839486641817143,1.593023e6,0.13544741398151064,0.13544741398151064,0.07024318354675402,1.0,0.031236163999948763,0.0015383047573310354,0.024322395185079147,0.0011978185356868434,3.781596e6,0.1528819276739877,0.1528819276739877,0.0015383047573310354,1.0,20.305575895210534,1.0,0,0.0,0.0,0.0,0.0,0
669600.0,7.596756574239559e-12,3.7848575999753935e-13,1.1533380745856301e-11,5.746163292554062e-13,0.0,0.0,0.0,0.0,0.0,0.05027262711049585,0.0,0.0,0.0,0.0,0.0,0.0,-1.1398069692564493e-13,-5.6787485921608956e-15,3.1216813750286e-11,1.5552847273063158e-12,0.455460260385992,0.022691950323302977,0.0,0.0,0.0,0.0,0.0,0.0,0.0,0.0,0.0,0.0,0.0,0.0,0.0,0.0,0.0,0.0,0.0,0.0,0.0,0.0,9.783683301509627e-11,4.8744286772381915e-12,5.89003325970743e-11,2.934533564324858e-12,0.0,3.7320218189308094,0.18593686669587944,4.167106944263531,0.20761368662763616,4.017592e6,0.0,0.0,0.0,0.0,0.0,0.0,0.0,NaN,NaN,0.0,0.0,0.0,0.0,0.0,0.0,0.0,0.0,0.0,1.0,0.0,0.0,0.0,0.0,0.0,0.0,0.0,0.0,1.0,0.0,0.0,0.0,0.0,0.0,0.0,0.0,0.0,1.0,0.0,0.0,0.0,0.0,0.0,0.0,0.0,0.0,1.0,2.8244689740061255,0.14072075046358695,3.2825314805710475,0.1635423499487537,1.731132e6,0.23199312155043475,0.23199312155043475,0.14072075046358695,1.0,1.4007728974295781,0.0697893356837829,1.1470303682240168,0.05714737025136042,4.01759e6,0.1773882462284025,0.1773882462284025,0.0697893356837829,1.0,1.477277901141509,0.07360096952916818,1.7519117716762527,0.08728378379267686,1.649141e6,0.1404816209241955,0.1404816209241955,0.07360096952916818,1.0,0.032050160898027376,0.0015968037657896898,0.024915852416492038,0.0012413581040388274,3.910491e6,0.15323083428763742,0.15323083428763742,0.0015968037657896898,1.0,20.071446213165185,1.0,0,0.0,0.0,0.0,0.0,0
691200.0,7.400121687196894e-12,3.756058356826831e-13,1.1727654756548763e-11,5.952571797640344e-13,0.0,0.0,0.0,0.0,0.0,0.05027262711049585,0.0,0.0,0.0,0.0,0.0,0.0,-8.58415158926252e-14,-4.35703298891711e-15,3.168395252928557e-11,1.6081732126219464e-12,0.46553738229822833,0.023629146237173534,0.0,0.0,0.0,0.0,0.0,0.0,0.0,0.0,0.0,0.0,0.0,0.0,0.0,0.0,0.0,0.0,0.0,0.0,0.0,0.0,1.0051750052515688e-10,5.101937695268814e-12,6.053262930654538e-11,3.072437154120288e-12,0.0,3.8852196439900135,0.19720096950789748,4.341937059734731,0.22038244325425826,4.147192e6,0.0,0.0,0.0,0.0,0.0,0.0,0.0,NaN,NaN,0.0,0.0,0.0,0.0,0.0,0.0,0.0,0.0,0.0,1.0,0.0,0.0,0.0,0.0,0.0,0.0,0.0,0.0,1.0,0.0,0.0,0.0,0.0,0.0,0.0,0.0,0.0,1.0,0.0,0.0,0.0,0.0,0.0,0.0,0.0,0.0,1.0,2.9496126115146604,0.1497126340239691,3.431882240156465,0.1741910540483022,1.789078e6,0.24839339209027375,0.24839339209027375,0.1497126340239691,1.0,1.4303245972266396,0.0725985718002849,1.1735296599405776,0.05956450545712055,4.147188e6,0.1827408490139032,0.1827408490139032,0.0725985718002849,1.0,1.585962548709958,0.08049824227894377,1.8819785696572477,0.09552304181916398,1.705325e6,0.15299506567790744,0.15299506567790744,0.08049824227894377,1.0,0.03354155897521678,0.0017024592056078028,0.026260558669351657,0.0013328995794165402,4.039354e6,0.16205869716036536,0.16205869716036536,0.0017024592056078028,1.0,19.701828310912127,1.0,0,0.0,0.0,0.0,0.0,0
712800.0,7.316627985164626e-12,3.770890701128614e-13,1.206125788508188e-11,6.216208517774747e-13,0.0,0.0,0.0,0.0,0.0,0.05027262711049585,0.0,0.0,0.0,0.0,0.0,0.0,-1.0665552663400128e-13,-5.4968810006961336e-15,3.2341844560945824e-11,1.6668547472893496e-12,0.47079686622657935,0.024264231126332917,0.0,0.0,0.0,0.0,0.0,0.0,0.0,0.0,0.0,0.0,0.0,0.0,0.0,0.0,0.0,0.0,0.0,0.0,0.0,0.0,1.0314277523612241e-10,5.315838564091508e-12,6.212810641808196e-11,3.201998232597074e-12,0.0,3.9551669436002297,0.20384393301496806,4.4029164721882585,0.22692033565851902,4.276792e6,0.0,0.0,0.0,0.0,0.0,0.0,0.0,NaN,NaN,0.0,0.0,0.0,0.0,0.0,0.0,0.0,0.0,0.0,1.0,0.0,0.0,0.0,0.0,0.0,0.0,0.0,0.0,1.0,0.0,0.0,0.0,0.0,0.0,0.0,0.0,0.0,1.0,0.0,0.0,0.0,0.0,0.0,0.0,0.0,0.0,1.0,3.0079852405702994,0.15502747434743935,3.4845301946790093,0.17958795411710832,1.847145e6,0.25854564836686644,0.25854564836686644,0.15502747434743935,1.0,1.4426131026277527,0.07435032018923798,1.1822920157277224,0.060933724895758254,4.276787e6,0.18569639506963664,0.18569639506963664,0.07435032018923798,1.0,1.6371683075200392,0.08437743123645886,1.9282919157608112,0.0993815466489146,1.761492e6,0.15972189669488096,0.15972189669488096,0.08437743123645886,1.0,0.03417965005032628,0.0017615727464064242,0.026733617905044114,0.0013778143616165832,4.167421e6,0.1643862461083694,0.1643862461083694,0.0017615727464064242,1.0,19.402917148923954,1.0,0,0.0,0.0,0.0,0.0,0
734400.0,7.102590838857533e-12,3.689258201391638e-13,1.2397322753240656e-11,6.439470565088772e-13,0.0,0.0,0.0,0.0,0.0,0.05027262711049585,0.0,0.0,0.0,0.0,0.0,0.0,-1.3553748238095396e-13,-7.040146051132242e-15,3.3411797009481016e-11,1.7354898928724977e-12,0.47776559076367,0.024816305261800897,0.0,0.0,0.0,0.0,0.0,0.0,0.0,0.0,0.0,0.0,0.0,0.0,0.0,0.0,0.0,0.0,0.0,0.0,0.0,0.0,1.0601345872424726e-10,5.5065965494815714e-12,6.385645248498378e-11,3.316859247377058e-12,0.0,4.004647256092414,0.20801110564318973,4.4507462105287505,0.23118256889688904,4.406392e6,0.0,0.0,0.0,0.0,0.0,0.0,0.0,NaN,NaN,0.0,0.0,0.0,0.0,0.0,0.0,0.0,0.0,0.0,1.0,0.0,0.0,0.0,0.0,0.0,0.0,0.0,0.0,1.0,0.0,0.0,0.0,0.0,0.0,0.0,0.0,0.0,1.0,0.0,0.0,0.0,0.0,0.0,0.0,0.0,0.0,1.0,3.0478335045342684,0.15831187531686575,3.525453491916877,0.18312061758538833,1.9051e6,0.2641762330296826,0.2641762330296826,0.15831187531686575,1.0,1.4529221471745857,0.07546830542627159,1.1895995685438627,0.061790691089962005,4.406386e6,0.1883252595242312,0.1883252595242312,0.07546830542627159,1.0,1.6722393321846476,0.08686017273021228,1.9645055032523882,0.10204118756077278,1.817498e6,0.162870375984809,0.162870375984809,0.08686017273021228,1.0,0.03473644596712632,0.001804295377263091,0.027154683078459474,0.0014104801969630509,4.296463e6,0.165447313461744,0.165447313461744,0.001804295377263091,1.0,19.252083890952225,1.0,0,0.0,0.0,0.0,0.0,0
756000.0,6.7294687178049925e-12,3.5272682475994727e-13,1.2361049786100382e-11,6.479075874466618e-13,0.0,0.0,0.0,0.0,0.0,0.05027262711049585,0.0,0.0,0.0,0.0,0.0,0.0,-1.1391783622798673e-13,-5.9710325348429455e-15,3.3703264626138644e-11,1.7665652392689567e-12,0.4845413246556288,0.025397357514800382,0.0,0.0,0.0,0.0,0.0,0.0,0.0,0.0,0.0,0.0,0.0,0.0,0.0,0.0,0.0,0.0,0.0,0.0,0.0,0.0,1.088316901985816e-10,5.70444088928394e-12,6.558135754090808e-11,3.4374636362670532e-12,0.0,4.091438571921655,0.21445379965225936,4.531920805428791,0.23754178863080386,4.535992e6,0.0,0.0,0.0,0.0,0.0,0.0,0.0,NaN,NaN,0.0,0.0,0.0,0.0,0.0,0.0,0.0,0.0,0.0,1.0,0.0,0.0,0.0,0.0,0.0,0.0,0.0,0.0,1.0,0.0,0.0,0.0,0.0,0.0,0.0,0.0,0.0,1.0,0.0,0.0,0.0,0.0,0.0,0.0,0.0,0.0,1.0,3.120459221520791,0.16355966854972473,3.595986253780774,0.18848453962205733,1.962888e6,0.2734031869887571,0.2734031869887571,0.16355966854972473,1.0,1.4679813779237765,0.07694461954653084,1.2007796033754348,0.06293917016279377,4.535985e6,0.19151702808318025,0.19151702808318025,0.07694461954653084,1.0,1.7369967078201247,0.09104512689788076,2.027523040823385,0.10627313898125021,1.873489e6,0.16959949739634997,0.16959949739634997,0.09104512689788076,1.0,0.03565143814804646,0.0018686792529125312,0.02785590471774882,0.0014600743734658522,4.425527e6,0.16128024670163268,0.16128024670163268,0.0018686792529125312,1.0,19.07841492459446,1.0,0,0.0,0.0,0.0,0.0,0
777600.0,6.852635711547172e-12,3.633888171169714e-13,1.2885004052054017e-11,6.832796281777164e-13,0.0,0.0,0.0,0.0,0.0,0.05027262711049585,0.0,0.0,0.0,0.0,0.0,0.0,-3.944350142976176e-14,-2.0916517280146722e-15,3.460247858936634e-11,1.8349368466671638e-12,0.49206434138666555,0.026093708536210885,0.0,0.0,0.0,0.0,0.0,0.0,0.0,0.0,0.0,0.0,0.0,0.0,0.0,0.0,0.0,0.0,0.0,0.0,0.0,0.0,1.1166404420565699e-10,5.921439085112174e-12,6.729679620052916e-11,3.568685714004023e-12,0.0,4.182427603869941,0.2217901963016387,4.624110784613681,0.24521223934421146,4.665592e6,0.0,0.0,0.0,0.0,0.0,0.0,0.0,NaN,NaN,0.0,0.0,0.0,0.0,0.0,0.0,0.0,0.0,0.0,1.0,0.0,0.0,0.0,0.0,0.0,0.0,0.0,0.0,1.0,0.0,0.0,0.0,0.0,0.0,0.0,0.0,0.0,1.0,0.0,0.0,0.0,0.0,0.0,0.0,0.0,0.0,1.0,3.1955416107001824,0.16945656165607295,3.6756603142433772,0.19491680426933514,2.020976e6,0.28431908404904166,0.28431908404904166,0.16945656165607295,1.0,1.4849153321810615,0.07874366138723295,1.2139292162513435,0.0643735229079777,4.665584e6,0.1949141043905784,0.1949141043905784,0.07874366138723295,1.0,1.8043754993254895,0.09568433314350137,2.099288603465268,0.11132329727011656,1.929698e6,0.17743226851587393,0.17743226851587393,0.09568433314350137,1.0,0.03668323441443509,0.0019452773681553936,0.028692238722420358,0.0015215223935235336,4.554994e6,0.16562986573048155,0.16562986573048155,0.0019452773681553936,1.0,18.85758556334818,1.0,0,0.0,0.0,0.0,0.0,0
799200.0,7.534453682664077e-12,4.0427124031606275e-13,1.3517085271973608e-11,7.252773802209585e-13,0.0,0.0,0.0,0.005893218883561863,0.00031620858098754584,0.0475888687871614,0.0,0.0,0.0,2.712793012944857e-6,1.4555855570356188e-7,2620.0,-7.810976050294834e-14,-4.1910841965853275e-15,3.521550790948982e-11,1.8895354143176177e-12,0.5165660979727513,0.027717048365852134,0.0,0.0,0.0,0.0,0.0,0.0,0.0,0.0,0.0,0.0,8.00326026487681e-7,4.294256876644552e-8,8.00326026487681e-7,4.294256876644552e-8,1305.0,1.1121409599694901e-6,5.967341817067058e-8,1.1121409599694901e-6,5.967341817067058e-8,1.0,1.1430634638878924e-10,6.1332606685099216e-12,6.890414487383125e-11,3.697144515620933e-12,0.0,4.267286017300761,0.22896696743480205,4.711692537471188,0.25281219665523286,4.795191e6,7.804158715563495e-6,4.1874262639951654e-7,4.431747067071878e-6,2.377913461323087e-7,31915.0,0.0,0.0,NaN,NaN,0.0,1.8331887336881808e-6,9.836220571728417e-8,1.8331887336881802e-6,9.836220571728413e-8,1306.0,1.6575351094792496e-7,1.6575351094792496e-7,9.839331852891486e-8,1.0,8.796042792566777e-7,4.719634998627781e-8,8.79604279256677e-7,4.719634998627777e-8,1306.0,1.1608264133441294e-7,1.1608264133441294e-7,4.7211278597689795e-8,1.0,0.0,0.0,0.0,0.0,0.0,0.0,0.0,0.0,1.0,0.0,0.0,0.0,0.0,0.0,0.0,0.0,0.0,1.0,3.2671465210461186,0.1753031383544988,3.7529867702062574,0.2013715499999714,2.079165e6,0.29540930330461385,0.29540930330461385,0.1753585882448517,1.0,1.4990114088874658,0.08043147214684168,1.2246994137801226,0.06571289331334516,4.795183e6,0.1978266907490783,0.1978266907490783,0.0804569133132311,1.0,1.8691889074384251,0.10029384343205196,2.169502045915644,0.11640754856434853,1.985922e6,0.18545007048149692,0.18545007048149692,0.10032556723730485,1.0,0.03759471892968456,0.0020171951797921697,0.029433969931231492,0.0015793192224279786,4.684472e6,0.1691076759748025,0.16910765685444865,0.0020178332359763874,1.0,18.63123188745241,1.0,0,40.126286444046315,40.126286444046315,9.970883609337346e-5,1310.0,1
820800.0,6.899188240516062e-12,3.7457499653949016e-13,1.3625777080833788e-11,7.397791196547217e-13,0.0,0.0,0.0,0.013040918134072363,0.0007080255958600349,0.0475888687871614,0.0,0.0,0.0,5.581554572632882e-6,3.030372142118203e-7,6940.000000000001,-1.5892190873605304e-13,-8.628286595410175e-15,3.619682905740488e-11,1.9652206384651093e-12,0.5308485104061242,0.02882115576737677,0.0,0.0,0.0,0.0,0.0,0.0,0.0,0.0,0.0,0.0,2.2347068063316963e-6,1.2132808456112764e-7,2.2347068063316963e-6,1.2132808456112764e-7,3464.0,1.1121409599694901e-6,6.038104508956502e-8,1.1121409599694901e-6,6.038104508956502e-8,1.0,1.17298342375616e-10,6.368434177721145e-12,7.069192257523638e-11,3.838049598137709e-12,0.0,4.317112066146692,0.23438731932853166,4.746425646100932,0.25769587783130515,4.924788e6,1.4992872916803354e-5,8.140023326147942e-7,8.938844968262642e-6,4.853133015549619e-7,107240.0,0.0,0.0,NaN,NaN,0.0,3.26756951353219e-6,1.7740490570124113e-7,3.267569513532193e-6,1.7740490570124128e-7,3464.9999999999995,3.003234711477709e-7,3.003234711477709e-7,1.7753060191144285e-7,1.0,2.3139850591006935e-6,1.2563230851057923e-7,2.3139850591006892e-6,1.25632308510579e-7,3464.9999999999995,3.069538831917466e-7,3.069538831917466e-7,1.2572132242480136e-7,1.0,0.0,0.0,0.0,0.0,0.0,0.0,0.0,0.0,1.0,0.0,0.0,0.0,0.0,0.0,0.0,0.0,0.0,1.0,3.30851286436235,0.17962782743650532,3.782376823645565,0.20535514269749933,2.137168e6,0.3040865890220231,0.3040865890220231,0.17975509864733397,1.0,1.5081351238211202,0.08188060523829456,1.2304374702356744,0.0668036724159757,4.924781e6,0.20005657807257865,0.20005657807257865,0.08193861987845795,1.0,1.9067427749646788,0.10352205845606391,2.1962357722725256,0.11923939137763705,2.042158e6,0.19098952858348436,0.19098952858348436,0.10359540665558958,1.0,0.038189477321141876,0.0020734067308680435,0.029814081671120967,0.0016186845683098614,4.813858e6,0.1701354686038364,0.17013545152817744,0.0020748757960398698,1.0,18.405669097895267,1.0,0,249.53395747875518,209.40767103470887,0.0005267289949295486,2160.0000000000005,1
842400.0,1.3443496791780774e-9,7.417423560607696e-11,1.3911617614048967e-11,7.675708326103087e-13,0.0,0.0,0.0,0.018217684752811627,0.0010051572607793881,0.0446530844408255,0.0,0.0,0.0,3.589489792881123e-5,1.9804941060093393e-6,12090.0,-4.027371057436914e-14,-2.2220942535580473e-15,3.7125815522318745e-11,2.048409748052943e-12,0.5398658584083664,0.029786995152735682,0.0,0.0,0.0,0.0,0.0,0.0,0.0,0.0,0.0,0.0,1.72398852465579e-5,9.512073606338306e-7,1.72398852465579e-5,9.512073606338306e-7,6038.0,1.415127435695398e-6,7.807938474167614e-8,1.415127435695398e-6,7.807938474167614e-8,2.0,1.2010734743334032e-10,6.626899849441201e-12,7.241079979802435e-11,3.9952519852773095e-12,10.0,4.409379603863182,0.24328667360826894,4.845866398254468,0.2673697487393724,5.054088e6,0.00018752103728474754,1.0346437252217576e-5,0.0001010875053352141,5.577483711045323e-6,171964.0,0.0,0.0,NaN,NaN,0.0,1.8545664651826865e-5,1.0232534887775138e-6,1.8545664651826916e-5,1.0232534887775166e-6,6040.0,1.745943551541576e-6,1.745943551541576e-6,1.0242830543266636e-6,1.0,1.734923327698432e-5,9.572406172318227e-7,1.7349233276984317e-5,9.572406172318225e-7,6040.0,2.312593142396091e-6,2.312593142396091e-6,9.58203762701208e-7,1.0,0.0,0.0,0.0,0.0,0.0,0.0,0.0,0.0,1.0,0.0,0.0,0.0,0.0,0.0,0.0,0.0,0.0,1.0,3.3855706735583264,0.1867982123185938,3.8694536570278673,0.21349636308810566,2.195438e6,0.3187276054409383,0.3187276054409383,0.18698616281781544,1.0,1.524441389716793,0.08411076118055931,1.2435500931229009,0.06861263778606418,5.054381e6,0.20320279562559532,0.20320279562559532,0.08419539078893497,1.0,1.9775621885486896,0.10911161431507983,2.2764080739191965,0.12560037870034838,2.098489e6,0.2018376289970268,0.2018376289970268,0.10922139899731448,1.0,0.03937067839339151,0.002172269626238869,0.03079938962747206,0.0016993504131664688,4.943018e6,0.16875835561031635,0.16875592278988927,0.0021744552957676504,1.0,18.105995772836728,1.0,0,587.9222860497165,338.38832857096133,0.0008652452214880435,2574.9999999999995,1
864000.0,1.2645617591690063e-9,7.064788477051518e-11,2.709776861943978e-9,1.513884174563599e-10,0.0,0.0,0.0,0.04462113458148206,0.0024928705548661807,0.04220032229699344,0.0,0.0,0.0,0.00021209376897837474,1.1849145399727294e-5,22212.0,3.2057681626441164e-13,1.7909820387443723e-14,3.745472348569593e-11,2.0925011924034537e-12,0.5455594054723538,0.03047903175453408,0.0,0.0,0.0,0.0,0.0,0.0,0.0,0.0,0.0,0.0,0.00010340562859055461,5.777012376278762e-6,0.00010340562859055461,5.777012376278762e-6,11022.0,5.282511797265651e-6,2.951206471697785e-7,5.282511797265651e-6,2.951206471697785e-7,5.0,1.2277538937969108e-10,6.859152191389578e-12,7.40933473815782e-11,4.139408953434834e-12,11.0,4.548119162548627,0.2540919778639014,5.005966520275072,0.27967075813035397,5.180127e6,0.0007645299031000781,4.271236268707126e-5,0.00040894120874426445,2.2846516734987543e-5,261578.0,0.0,0.0,NaN,NaN,0.0,0.00010837942774518557,6.0548860246001884e-6,0.00010837942774518571,6.054886024600196e-6,11027.0,1.0392432727517933e-5,1.0392432727517933e-5,6.070017793224432e-6,1.0,0.000103714341233189,5.794259375127096e-6,0.00010371434123318905,5.794259375127098e-6,11027.0,1.3882605738779408e-5,1.3882605738779408e-5,5.8087398115642235e-6,1.0,0.0,0.0,0.0,0.0,0.0,0.0,0.0,0.0,1.0,0.0,0.0,0.0,0.0,0.0,0.0,0.0,0.0,1.0,3.504388684033799,0.1957813812932397,4.010471555973506,0.22405495841344533,2.252417e6,0.336033548133531,0.336033548133531,0.1962706586389449,1.0,1.545918302317004,0.08636656714852126,1.263887304909494,0.0706102047074708,5.183097e6,0.20692774056363994,0.20692774056363994,0.08658240587870576,1.0,2.087207888606225,0.1166070548450418,2.4068028581949332,0.13446202192832346,2.153372e6,0.21577999373267553,0.21577999373267553,0.1168984675928129,1.0,0.0409081459866957,0.002285435221244293,0.032239019479864205,0.0018011129285014549,5.068268e6,0.17410647302421978,0.17410398334515667,0.0022911467535230282,1.0,17.854878097089355,1.0,0,1271.7583586689614,683.8360726192449,0.0017731332168118869,6364.0,1
885600.0,1.2107193274537657e-9,6.833255410176821e-11,2.7103527983694243e-9,1.529713163322158e-10,0.0,0.0,0.0,0.06296696484794789,0.0035538323660409604,0.04220032229699344,0.0,0.0,0.0,0.0002276919427642146,1.2850849610366492e-5,32100.0,5.802838808880633e-13,3.2751009078676683e-14,3.89070886426261e-11,2.19590179104997e-12,0.5507777020663709,0.031085691184635927,0.0,0.0,0.0,0.0,0.0,0.0,0.0,0.0,0.0,0.0,0.00011120471548347481,6.276353292490465e-6,0.00011120471548347481,6.276353292490465e-6,15931.0,5.282511797265651e-6,2.981430253855994e-7,5.282511797265651e-6,2.981430253855994e-7,5.0,1.2557583754230973e-10,7.087454142473347e-12,7.578950597475427e-11,4.277531877068304e-12,11.0,4.586709931687952,0.2588722236848518,5.035132361662571,0.2841810209113148,5.305753e6,0.00109200180165729,6.163218055493101e-5,0.0006009822768200115,3.391921894182821e-5,354901.0,0.0,0.0,NaN,NaN,0.0,0.00011617851463810574,6.557072689726755e-6,0.00011617851463810561,6.557072689726747e-6,15936.0,1.1306431982811645e-5,1.1306431982811645e-5,6.580458536256293e-6,1.0,0.00011151342812610915,6.293776920639753e-6,0.00011151342812610899,6.293776920639744e-6,15936.0,1.4983107459878786e-5,1.4983107459878786e-5,6.316223720930352e-6,1.0,0.0,0.0,0.0,0.0,0.0,0.0,0.0,0.0,1.0,0.0,0.0,0.0,0.0,0.0,0.0,0.0,0.0,1.0,3.5365822360827925,0.19960340229367352,4.035704007568248,0.22777365173135974,2.310198e6,0.34417832443844,0.34417832443844,0.20031528925203024,1.0,1.553085694599617,0.0876555861002915,1.2683061219889575,0.0715827316316827,5.312216e6,0.20867486766051832,0.20867486766051832,0.08796821037349956,1.0,2.116992921356694,0.11948230283553543,2.4302154396428666,0.13716046670997753,2.209143e6,0.22087416587329586,0.22087416587329586,0.11990843732104838,1.0,0.04143841140395711,0.0023387687178557572,0.0325828106670929,0.0018389618652402482,5.193968e6,0.17725303474148396,0.17725057751189277,0.002347109953174004,1.0,17.65507889731362,1.0,0,2447.5167068609476,1175.7583481919862,0.0030831500203050703,6480.0,1
907200.0,1.1767167157168657e-9,6.79622485732216e-11,2.7108824776821067e-9,1.565692628822588e-10,0.0,0.0,0.0,0.07530914702363954,0.004349542163799248,0.04220032229699344,0.0,0.0,0.0,0.00033664442150232576,1.9443177401445598e-5,42194.0,1.754678392559888e-13,1.0134290393637074e-14,3.967899858052626e-11,2.2916934285440108e-12,0.5718721259327579,0.03302894830644218,0.0,0.0,0.0,0.0,0.0,0.0,0.0,0.0,0.0,0.0,0.00016568095485253024,9.569040778584203e-6,0.00016568095485253024,9.569040778584203e-6,20936.0,5.282511797265652e-6,3.0509584427721076e-7,5.282511797265652e-6,3.0509584427721076e-7,5.0,1.28264928697098e-10,7.408047196837977e-12,7.746519089661226e-11,4.4740662635019334e-12,11.0,4.703332509534924,0.27164486478871314,5.172381162472642,0.29873515824516994,5.431565e6,0.0023427479478365077,0.000135307348190658,0.0012567729315878082,7.25859616302235e-5,445379.0,0.0,0.0,NaN,NaN,0.0,0.00017065475400716138,9.856306668483957e-6,0.00017065475400716122,9.856306668483947e-6,20941.0,1.723640213196632e-5,1.723640213196632e-5,9.899364371211353e-6,1.0,0.00016598966749516479,9.586870732961663e-6,0.00016598966749516454,9.586870732961649e-6,20941.0,2.239038233637405e-5,2.239038233637405e-5,9.628751393130826e-6,1.0,0.0,0.0,0.0,0.0,0.0,0.0,0.0,0.0,1.0,0.0,0.0,0.0,0.0,0.0,0.0,0.0,0.0,1.0,3.635028467875873,0.2099440800023098,4.158628717747257,0.24018504612394875,2.367675e6,0.36714366850175595,0.36714366850175595,0.21086122981208802,1.0,1.573250512780685,0.09086438646570232,1.2840634553068229,0.07416214843195101,5.440988e6,0.21221610371068536,0.21221610371068536,0.09126133147487674,1.0,2.2087978079317305,0.12757094691154447,2.5453175019318515,0.14700692057279027,2.264819e6,0.23813465688984736,0.23813465688984736,0.12812824612041887,1.0,0.042901406534998146,0.0024778062690272253,0.03383432213812968,0.00195412929955463,5.319475e6,0.18330877871695272,0.18330677131668552,0.0024886306730698667,1.0,17.23896076635463,1.0,0,3950.381033697735,1502.8643268367873,0.004036035182826315,6480.0,1
928800.0,1.1577078541272217e-9,6.784789296167992e-11,5.166648846911465e-9,3.027933486726732e-10,0.0,0.0,0.0,0.09421373020515819,0.005521430177476984,0.039959179808683354,0.0,0.0,0.0,0.0004022417483711179,2.3573525039939425e-5,53464.0,2.3065580185096414e-13,1.351766777705123e-14,3.987557740415407e-11,2.336922823713452e-12,0.5781564770131298,0.03388307216509402,0.0,0.0,0.0,0.0,0.0,0.0,0.0,0.0,0.0,0.0,0.00019266805783148375,1.1291382120526548e-5,0.00019266805783148375,1.1291382120526548e-5,26140.0,1.690563270815085e-5,9.907607988863552e-7,1.690563270815085e-5,9.907607988863552e-7,8.0,1.309068809342523e-10,7.671845719894809e-12,7.908171723450922e-11,4.634613013140358e-12,13.0,4.76245604243436,0.2791054812747984,5.225563547683844,0.30624606629709256,5.556329e6,0.0028649157550500685,0.0001678994374961777,0.0015379314020430562,9.013103329672755e-5,531652.0,0.0,0.0,NaN,NaN,0.0,0.00020884996084056897,1.2239728475233104e-5,0.00020884996084056886,1.2239728475233097e-5,26147.0,2.159067975424946e-5,2.159067975424946e-5,1.2307684495823208e-5,1.0,0.0001933917875305493,1.1333796564706341e-5,0.00019339178753054908,1.133379656470633e-5,26147.0,2.616892812229287e-5,2.616892812229287e-5,1.1396722773753685e-5,1.0,0.0,0.0,0.0,0.0,0.0,0.0,0.0,0.0,1.0,0.0,0.0,0.0,0.0,0.0,0.0,0.0,0.0,1.0,3.6872843117752594,0.21609464806923345,4.2066808964601625,0.24653407521549767,2.424069e6,0.381187405628392,0.381187405628392,0.2172944240596338,1.0,1.5809709681487196,0.09265338283754124,1.2897786847684574,0.07558795238060999,5.569474e6,0.21393005441030014,0.21393005441030014,0.09316780235302242,1.0,2.257839601872502,0.13232151711363738,2.5904697755139305,0.15181543031168032,2.318687e6,0.24809542129544876,0.2480952219102931,0.1330561775074266,1.0,0.04352380230736058,0.002550728380832606,0.03430718769371777,0.002010585304540774,5.443476e6,0.1855919004492913,0.1855900200572748,0.002564890243223456,1.0,16.969070088808763,1.0,0,5699.225109248409,1748.8440755506745,0.004771328250397968,7033.0,1
950400.0,1.1499762095131751e-9,6.823779028119358e-11,5.166775172074206e-9,3.0658836044211073e-10,0.0,0.0,0.0,0.1322537702480699,0.00784773194734648,0.039959179808683354,0.0,0.0,0.0,0.00043236706104359023,2.5655985395105266e-5,67288.0,3.350075839285802e-14,1.98788262449406e-15,4.047289749602e-11,2.401598457914895e-12,0.582254187840568,0.03455005315025709,0.0,0.0,0.0,0.0,0.0,0.0,0.0,0.0,0.0,0.0,0.00020773071416771937,1.2326415791105983e-5,0.00020773071416771937,1.2326415791105983e-5,32909.0,1.690563270815085e-5,1.003153812893264e-6,1.690563270815085e-5,1.003153812893264e-6,8.0,1.3365400941054848e-10,7.93081994996975e-12,8.074770849453228e-11,4.791442772776527e-12,13.0,4.795675837954673,0.28456790617040073,5.247886178097711,0.3114013607222397,5.67999e6,0.003089219243319156,0.00018330943989483024,0.0016708086725724933,9.914317431598573e-5,622324.0,0.0,0.0,NaN,NaN,0.0,0.0002239126171768049,1.3286624615210307e-5,0.000223912617176805,1.3286624615210312e-5,32916.0,2.36112191290897e-5,2.36112191290897e-5,1.339171923810508e-5,1.0,0.00020845444386678513,1.2369360779894949e-5,0.00020845444386678524,1.2369360779894955e-5,32916.0,2.8287376061990798e-5,2.8287376061990798e-5,1.2467200023815807e-5,1.0,0.0,0.0,0.0,0.0,0.0,0.0,0.0,0.0,1.0,0.0,0.0,0.0,0.0,0.0,0.0,0.0,0.0,1.0,3.7161478365536182,0.22051040241259165,4.226399103571798,0.250787914818035,2.481538e6,0.39186170922952956,0.39186170922952956,0.22225459691323224,1.0,1.585879074462148,0.09410358475180405,1.2927317098666773,0.0767086784735093,5.69893e6,0.21520461226924548,0.21520461226924548,0.09484792584963377,1.0,2.284987271677401,0.13558757211675415,2.6090250996136968,0.1548154701923596,2.374463e6,0.25529671422634415,0.2552967138662123,0.13666004350610275,1.0,0.04393017252424604,0.0026067477526297554,0.03456006622287766,0.0020507402948963956,5.566485e6,0.17994699585477536,0.17994535178664667,0.002627366621603505,1.0,16.72022935932522,1.0,0,8175.4102034375055,2476.185094189096,0.006856257551342418,8640.0,1
972000.0,1.1502810762403755e-9,6.894304427784853e-11,5.1674975273355e-9,3.097182229557217e-10,0.0,0.0,0.0,0.15669831716162205,0.009391842777808588,0.039959179808683354,0.0,0.0,0.0,0.0004910183652537431,2.942959038113521e-5,82362.0,6.528151988482215e-14,3.912701694315298e-15,4.1127940634742036e-11,2.4650370164354605e-12,0.5864937527344528,0.035151986413278394,0.0,0.0,0.0,0.0,0.0,0.0,0.0,0.0,0.0,0.0,0.00023705636627279565,1.4208168676223561e-5,0.00023705636627279565,1.4208168676223561e-5,40375.0,1.690563270815085e-5,1.013253028688031e-6,1.690563270815085e-5,1.013253028688031e-6,8.0,1.365538061909032e-10,8.184464911218656e-12,8.247447059467928e-11,4.9431753642210414e-12,13.0,4.8249060443002305,0.28918472008239565,5.266435485459371,0.31564815101294774,5.803651e6,0.003520615717794228,0.00021101100446727254,0.0019224785451154207,0.00011522533596076383,720345.0,0.0,0.0,NaN,NaN,0.0,0.00025323826928188155,1.517804436895566e-5,0.00025323826928188144,1.5178044368955654e-5,40382.0,2.7129886937906522e-5,2.7129886937906522e-5,1.532194567377387e-5,1.0,0.00023778009597186171,1.4251546012179558e-5,0.0002377800959718617,1.4251546012179556e-5,40382.0,3.235006063365733e-5,3.235006063365733e-5,1.438666329191449e-5,1.0,0.0,0.0,0.0,0.0,0.0,0.0,0.0,0.0,1.0,0.0,0.0,0.0,0.0,0.0,0.0,0.0,0.0,1.0,3.741223121531329,0.22423329101794673,4.242505745284314,0.2542780781912481,2.539499e6,0.4008041935543611,0.4008041935543611,0.22635922123509394,1.0,1.5908066099516949,0.09534630518817203,1.2956617449117018,0.07765655446625395,5.828418e6,0.2164297649810443,0.2164297649810443,0.0962502726159018,1.0,2.3086376374553503,0.13837009940284462,2.6242336439960408,0.15728560614486822,2.430555e6,0.26094105611283563,0.2609410560596969,0.13968197050875736,1.0,0.04435066921223536,0.0026581939096530795,0.03481357370353025,0.0020865802305966704,5.689437e6,0.1824385209834876,0.18243710294515705,0.0026833959424552288,1.0,16.5278140696806,1.0,0,11315.573969254217,3140.163765816712,0.008795957620786178,8640.0,1
993600.0,1.1505079834392758e-9,6.959564433811879e-11,5.1679915082925106e-9,3.1261816878346513e-10,0.0,0.0,0.0,0.1724341149648721,0.01043075190228519,0.039959179808683354,0.0,0.0,0.0,0.0005822154655019008,3.521893028859734e-5,98330.0,2.449579584179189e-13,1.481780847872315e-14,4.204032940680795e-11,2.5430712827452434e-12,0.5906004231973784,0.035726146702533185,0.0,0.0,0.0,0.0,0.0,0.0,0.0,0.0,0.0,0.0,0.0002826549163968749,1.70981438765617e-5,0.0002826549163968749,1.70981438765617e-5,48289.0,1.690563270815085e-5,1.0226425354739257e-6,1.690563270815085e-5,1.0226425354739257e-6,8.0,1.3937524665928636e-10,8.430980258859921e-12,8.414834114380357e-11,5.090236752968991e-12,13.0,4.855017257277893,0.29368597102896593,5.284952122395153,0.31969326032374484,5.927222e6,0.0040809092176297326,0.0002468592226863933,0.002251310373610605,0.00013618453614562916,818388.0,2.7277173945191726e-5,1.6500298335728676e-6,NaN,NaN,1938.0,0.00029883681940596037,1.8077007111536972e-5,0.0002988368194059603,1.807700711153697e-5,48296.0,3.24873074238851e-5,3.24873074238851e-5,1.8267551408137496e-5,1.0,0.00028337864609594095,1.7141923177060395e-5,0.0002833786460959405,1.7141923177060368e-5,48296.0,3.864561568557091e-5,3.864561568557091e-5,1.7322611035066967e-5,1.0,0.0,0.0,0.0,0.0,0.0,0.0,0.0,0.0,1.0,0.0,0.0,0.0,0.0,0.0,0.0,0.0,0.0,1.0,3.767305355280228,0.22788893896711612,4.258673768894675,0.2576124192429065,2.597551e6,0.40955330564663456,0.40955330564663456,0.23029104775152964,1.0,1.5957740551908022,0.09653033719684599,1.2986092958736337,0.07855447505859608,5.957943e6,0.21762285799414058,0.21762285799414058,0.09754783445666869,1.0,2.3333475399558163,0.1411470653359099,2.639569664242273,0.1596708186319063,2.486748e6,0.26653134734453376,0.2665313466518522,0.1426348541117684,1.0,0.044780104868578495,0.0027088036734355613,0.035069384140101516,0.002121390221452721,5.812553e6,0.1848247071267336,0.18482407255171987,0.0027373563584789985,1.0,16.358887555824257,1.0,0,14882.813769467077,3567.2398002128593,0.010095429177994256,8640.0,1
1.0152e6,0.0005611019721347394,3.452095659655283e-5,1.728485732112971e-8,1.0634249013422502e-9,0.0,0.0,0.0,0.0,0.0,0.18931891175582793,0.0,0.0,0.0,0.06186794222283881,0.003806332278724898,107696.0,-4.2565611808885626e-7,-2.618785373663602e-8,4.2565611814875324e-7,2.618785374032109e-8,4.655034701418656,0.28639402259048224,0.0,0.0,0.0,0.0,0.0,0.0,0.0,0.0,0.0,0.0,0.030661467570999343,0.0018864007680780492,0.030661467570999343,0.0018864007680780492,52608.0,0.0005450070808401459,3.353074256880125e-5,0.0005450070808401459,3.353074256880125e-5,27.0,4.2579758227054924e-7,2.6196557108070645e-8,2.4939835363146037e-7,1.5343859349145104e-8,6869.0,9.432313778937967,0.5803089469263072,8.27127293268648,0.5088776516346771,6.053792e6,0.2785595815816704,0.017137960126480542,0.17929132120144045,0.011030629412664545,869116.0,0.004694856636338748,0.00028884400736194397,NaN,NaN,3603.0,0.03076995496141067,0.0018930752919287038,0.030769954961410665,0.0018930752919287036,52622.0,0.0034128568837574432,0.0034128568837574432,0.0018930752919287038,1.0,0.031097987261428157,0.0019132569867961954,0.03109798726142815,0.001913256986796195,52622.0,0.004296787461881016,0.004296787461881016,0.0019132569867961954,1.0,0.0,0.0,0.0,0.0,0.0,0.0,0.0,0.0,1.0,0.0,0.0,0.0,0.0,0.0,0.0,0.0,0.0,1.0,7.831679397789176,0.4818323192495844,6.988946708451332,0.42998445551735354,2.661987e6,0.8686525858632832,0.8686525858632832,0.4818323192495844,1.0,2.6723402843450494,0.1644117246926061,1.9042260590510125,0.11715464995503438,6.087448e6,0.3692354148557854,0.3692354148557854,0.1644117246926061,1.0,6.2089992446924605,0.3819993585454506,5.247950796662392,0.32287229535690115,2.549722e6,0.7215141826978322,0.7215141826978322,0.3819993585454506,1.0,0.14828181293258125,0.009122815963075247,0.09086460319890649,0.005590308319998583,5.938763e6,0.5034315086014682,0.5034315086014682,0.009122815963075247,1.0,16.2539520179684,1.0,0,17155.721272752387,2272.9075032853107,0.006473945481680109,5169.0,1
1.0368e6,0.0005053234497298236,2.962985448556871e-5,1.608378242698632e-8,9.430793942848876e-10,0.0,0.0,0.0,0.0,0.0,0.18931891175582793,0.0,0.0,0.0,0.06186794222283881,0.0036276529940662615,107696.0,-4.255546242504826e-7,-2.495257562051448e-8,4.2555462439977344e-7,2.495257562926821e-8,4.595145812962224,0.26943832084348535,0.0,0.0,0.0,0.0,0.0,0.0,0.0,0.0,0.0,0.0,0.030661467570999343,0.0017978481365320184,0.030661467570999343,0.0017978481365320184,52608.0,0.0005450070808401459,3.1956721002225524e-5,0.0005450070808401459,3.1956721002225524e-5,27.0,4.2589979962281415e-7,2.497281512465713e-8,2.4945822786228096e-7,1.4627088839314941e-8,6869.0,9.6236442018097,0.5642864535041177,8.383481699896455,0.49156899998044923,6.183392e6,0.2785595815816704,0.016333459039430516,0.17929132120144045,0.010512822550713523,869116.0,0.004694856636338748,0.0002752849072009209,NaN,NaN,3603.0,0.03076995496141067,0.0018042093406145231,0.030769954961410665,0.001804209340614523,52622.0,0.0030874173522794693,0.0030874173522794693,0.0018042093406145231,1.0,0.031097987261428157,0.001823443653451739,0.03109798726142815,0.0018234436534517386,52622.0,0.004387545030919609,0.004387545030919609,0.001823443653451739,1.0,0.0,0.0,0.0,0.0,0.0,0.0,0.0,0.0,1.0,0.0,0.0,0.0,0.0,0.0,0.0,0.0,0.0,1.0,8.006925486806633,0.4694894669497664,7.091729952099505,0.41582658917571313,2.735427e6,0.8034045131810683,0.8034045131810683,0.4694894669497664,1.0,2.702671624540049,0.15847229531938944,1.9219988820123006,0.11269721843682169,6.217048e6,0.3813138566419731,0.3813138566419731,0.15847229531938944,1.0,6.384336106229445,0.37434825143317785,5.350783130972519,0.31374543500666374,2.623162e6,0.6679257777347386,0.6679257777347386,0.37434825143317785,1.0,0.15699604324546418,0.009205529485441994,0.09597142863328514,0.005627325362986325,6.068361e6,0.4071635665193654,0.4071635665193654,0.009205529485441994,1.0,17.05453700341129,1.0,0,17155.721272752387,0.0,0.0,0.0,1
1.0584e6,0.0004573483268165251,2.6408655274310807e-5,1.4553469393378377e-8,8.403606916641193e-10,0.0,0.0,0.0,0.0,0.0,0.18931891175582793,0.0,0.0,0.0,0.06186794222283881,0.0035724393485086067,107696.0,-4.252072296551817e-7,-2.455273254473545e-8,4.252256034520372e-7,2.4553793502519236e-8,4.610535007002519,0.2662260305566122,0.0,0.0,0.0,0.0,0.0,0.0,0.0,0.0,0.0,0.0,0.030661467570999343,0.0017704845077782933,0.030661467570999343,0.0017704845077782933,52608.0,0.0005450070808401459,3.147033295202121e-5,0.0005450070808401459,3.147033295202121e-5,27.0,4.2624719421811515e-7,2.4612783197661584e-8,2.496617147744204e-7,1.4416211395293876e-8,6869.0,9.739888424818442,0.5624101822164717,8.451586316792573,0.488019779398464,6.312992e6,0.2785595815816704,0.016084860339497336,0.17929132120144045,0.010352815168785027,869116.0,0.004694856636338748,0.00027109501271034385,NaN,NaN,3603.0,0.03076995496141067,0.0017767488929897246,0.030769954961410665,0.0017767488929897244,52622.0,0.0029693293683843514,0.0029693293683843514,0.0017767488929897246,1.0,0.031097987261428157,0.001795690455518883,0.03109798726142815,0.0017956904555188826,52622.0,0.004471268081188894,0.004471268081188894,0.001795690455518883,1.0,0.0,0.0,0.0,0.0,0.0,0.0,0.0,0.0,1.0,0.0,0.0,0.0,0.0,0.0,0.0,0.0,0.0,1.0,8.116903208054158,0.46869417935455426,7.156163951200274,0.4132182316904226,2.808867e6,0.7832887342940527,0.7832887342940527,0.46869417935455426,1.0,2.7201956677958266,0.15707220395782154,1.9322641464901609,0.11157468990597227,6.346648e6,0.3911096869953898,0.3911096869953898,0.15707220395782154,1.0,6.4919622891646975,0.37486524842399715,5.413839680193818,0.312611236209857,2.6966e6,0.6502337890145148,0.6502337890145148,0.37486524842399715,1.0,0.16322015728260403,0.009424818272538028,0.09961740487772615,0.0057522058144375875,6.197951e6,0.3764269159064456,0.3764269159064456,0.009424818272538028,1.0,17.318122489236085,1.0,0,17155.721272752387,0.0,0.0,0.0,1
1.08e6,0.0004163013780064792,2.398914489528448e-5,1.318951119846783e-8,7.600385488829624e-10,0.0,0.0,0.0,0.0,0.0,0.18931891175582793,0.0,0.0,0.0,0.06186794222283881,0.0035651071765937558,107696.0,-4.2497710425803145e-7,-2.4489078993790084e-8,4.2500743653561613e-7,2.4490826875109785e-8,4.621236032213825,0.2662962618643112,0.0,0.0,0.0,0.0,0.0,0.0,0.0,0.0,0.0,0.0,0.030661467570999343,0.0017668507171055335,0.030661467570999343,0.0017668507171055335,52608.0,0.0005450070808401459,3.140574238268988e-5,0.0005450070808401459,3.140574238268988e-5,27.0,4.2647731961526515e-7,2.4575528103690104e-8,2.4979653411385685e-7,1.4394392062531007e-8,6869.0,9.812988456413587,0.5654682265620455,8.494369437903332,0.48948350883615804,6.442591e6,0.2785595815816704,0.016051847333612493,0.17929132120144045,0.010331566768682195,869116.0,0.004694856636338748,0.0002705386099153515,NaN,NaN,3603.0,0.03076995496141067,0.00177310224512197,0.030769954961410665,0.0017731022451219697,52622.0,0.002925564785818457,0.002925564785818457,0.00177310224512197,1.0,0.031097987261428157,0.0017920049314717867,0.03109798726142815,0.0017920049314717862,52622.0,0.004549341613493799,0.004549341613493799,0.0017920049314717867,1.0,0.0,0.0,0.0,0.0,0.0,0.0,0.0,0.0,1.0,0.0,0.0,0.0,0.0,0.0,0.0,0.0,0.0,1.0,8.186485601082516,0.4717418669329316,7.196886572618328,0.4147167506680253,2.882305e6,0.7783597351433643,0.7783597351433643,0.4717418669329316,1.0,2.7301029380591872,0.15732072584954163,1.938066517805333,0.11168004952317975,6.476247e6,0.39938825625025215,0.39938825625025215,0.15732072584954163,1.0,6.559969864834301,0.3780147650478365,5.4536406392487535,0.31426313342569345,2.770036e6,0.6451496391215717,0.6451496391215717,0.3780147650478365,1.0,0.16676138171567564,0.009609535687996029,0.10169092150084397,0.005859885120007406,6.327254e6,0.3534752570230591,0.3534752570230591,0.009609535687996029,1.0,17.353739777873912,1.0,0,17155.721272752387,0.0,0.0,0.0,1
1.1016e6,0.00038285544522721076,2.2163336270739313e-5,1.2074717523488445e-8,6.990001792672496e-10,0.0,0.0,0.0,0.0,0.0,0.18931891175582793,0.0,0.0,0.0,0.06186794222283881,0.0035815084386476214,107696.0,-4.2484211977595846e-7,-2.4593926715552577e-8,4.2487618600784793e-7,2.4595898794994715e-8,4.627472467097388,0.2678823813280266,0.0,0.0,0.0,0.0,0.0,0.0,0.0,0.0,0.0,0.0,0.030661467570999343,0.0017749791071330658,0.030661467570999343,0.0017749791071330658,52608.0,0.0005450070808401459,3.1550224381491056e-5,0.0005450070808401459,3.1550224381491056e-5,27.0,4.2661230409733846e-7,2.4696401920920628e-8,2.4987561003665966e-7,1.4465191079656615e-8,6869.0,9.864806884823627,0.5710694074221597,8.524658020015469,0.4934887687924398,6.57219e6,0.2785595815816704,0.016125693796432933,0.17929132120144045,0.010379097102444017,869116.0,0.004694856636338748,0.0002717832217649031,NaN,NaN,3603.0,0.03076995496141067,0.001781259395280448,0.030769954961410665,0.0017812593952804478,52622.0,0.0029174105945663454,0.0029174105945663454,0.001781259395280448,1.0,0.031097987261428157,0.0018002490433671743,0.03109798726142815,0.0018002490433671739,52622.0,0.0046229450300329005,0.0046229450300329005,0.0018002490433671743,1.0,0.0,0.0,0.0,0.0,0.0,0.0,0.0,0.0,1.0,0.0,0.0,0.0,0.0,0.0,0.0,0.0,0.0,1.0,8.235635193919528,0.4767573622928347,7.225611845868603,0.4182875471623077,2.955092e6,0.7808503261657932,0.7808503261657932,0.4767573622928347,1.0,2.7359152891320075,0.1583809537443141,1.9414704510939915,0.11239088539478302,6.605845e6,0.4067139741925211,0.4067139741925211,0.1583809537443141,1.0,6.608126419319824,0.3825415826697311,5.481785483207443,0.31733819263372653,2.8428e6,0.6463054275594055,0.6463054275594055,0.3825415826697311,1.0,0.16880361911275868,0.009771968560858713,0.10288636508256671,0.005956047211619778,6.45575e6,0.33439221877276304,0.33439221877276304,0.009771968560858713,1.0,17.274269566205508,1.0,0,17155.721272752387,0.0,0.0,0.0,1
1.1232e6,0.0003555339287057449,2.0763266931475087e-5,1.1192180327031634e-8,6.536260224764504e-10,0.0,0.0,0.0,0.0,0.0,0.18931891175582793,0.0,0.0,0.0,0.06186794222283881,0.0036131027031657908,107696.0,-4.247317168620234e-7,-2.480443439975801e-8,4.2476653497324984e-7,2.4806467785826327e-8,4.630642843542469,0.27043065559116497,0.0,0.0,0.0,0.0,0.0,0.0,0.0,0.0,0.0,0.0,0.030661467570999343,0.0017906370792935785,0.030661467570999343,0.0017906370792935785,52608.0,0.0005450070808401459,3.1828544578634805e-5,0.0005450070808401459,3.1828544578634805e-5,27.0,4.267229815120441e-7,2.4920724734157595e-8,2.4994043956658275e-7,1.4596581773736407e-8,6869.0,9.902932353247314,0.5783336307826541,8.547357183049758,0.49916771486865813,6.701789e6,0.2785595815816704,0.016267946549447774,0.17929132120144045,0.010470656272255217,869116.0,0.004694856636338748,0.00027418075653192517,NaN,NaN,3603.0,0.03076995496141067,0.0017969727689815065,0.030769954961410665,0.0017969727689815063,52622.0,0.0029314836840253046,0.0029314836840253046,0.0017969727689815065,1.0,0.031097987261428157,0.001816129934184285,0.03109798726142815,0.0018161299341842847,52622.0,0.004692983416198779,0.004692983416198779,0.001816129934184285,1.0,0.0,0.0,0.0,0.0,0.0,0.0,0.0,0.0,1.0,0.0,0.0,0.0,0.0,0.0,0.0,0.0,0.0,1.0,8.271642514635968,0.48306591193232934,7.247064998294002,0.42323033859833414,3.026794e6,0.788047467152799,0.788047467152799,0.48306591193232934,1.0,2.7396940553949247,0.15999879164787328,1.943689164122696,0.11351191458269146,6.735443e6,0.4134460104874419,0.4134460104874419,0.15999879164787328,1.0,6.643465821216284,0.38798000150981415,5.5028406344113945,0.32136721631486104,2.914451e6,0.651405245615565,0.651405245615565,0.38798000150981415,1.0,0.1699461143879432,0.009924893947109936,0.10355629847337737,0.0060477127329746656,6.583963e6,0.3169699772935016,0.3169699772935016,0.009924893947109936,1.0,17.123217164192507,1.0,0,17155.721272752387,0.0,0.0,0.0,1
1.1448e6,0.0003320715321813543,1.9556678225377532e-5,1.0511312927495387e-8,6.190424192610778e-10,0.0,0.0,0.0,0.0,0.0,0.18931891175582793,0.0,0.0,0.0,0.06186794222283881,0.003643586761473811,107696.0,-4.2469344226812184e-7,-2.5011457442035934e-8,4.2472843197677467e-7,2.501351808983922e-8,4.632418820075683,0.2728168948247171,0.0,0.0,0.0,0.0,0.0,0.0,0.0,0.0,0.0,0.0,0.030661467570999343,0.0018057448383633277,0.030661467570999343,0.0018057448383633277,52608.0,0.0005450070808401459,3.209708474715656e-5,0.0005450070808401459,3.209708474715656e-5,27.0,4.267616960491835e-7,2.513326304644575e-8,2.499631386729242e-7,1.4721071207519445e-8,6869.0,9.935919211012822,0.5851557753436216,8.567332685613085,0.5045556524574089,6.831388e6,0.2785595815816704,0.016405200613864655,0.17929132120144045,0.010558998099916797,869116.0,0.004694856636338748,0.0002764940431599895,NaN,NaN,3603.0,0.03076995496141067,0.001812133982810153,0.030769954961410665,0.0018121339828101528,52622.0,0.0029453713043187764,0.0029453713043187764,0.001812133982810153,1.0,0.031097987261428157,0.0018314527786636588,0.03109798726142815,0.0018314527786636586,52622.0,0.0047603291485146075,0.0047603291485146075,0.0018314527786636588,1.0,0.0,0.0,0.0,0.0,0.0,0.0,0.0,0.0,1.0,0.0,0.0,0.0,0.0,0.0,0.0,0.0,0.0,1.0,8.302874444788806,0.4889809216580662,7.2659996565833875,0.42791628760245703,3.098377e6,0.7947703584133385,0.7947703584133385,0.4889809216580662,1.0,2.7426478712029367,0.16152267419701513,1.9454307493775922,0.11457219149563985,6.86504e6,0.4198312416698601,0.4198312416698601,0.16152267419701513,1.0,6.674158396725754,0.39306099903403907,5.521448510182527,0.3251744922014515,2.986016e6,0.6562038609238235,0.6562038609238235,0.39306099903403907,1.0,0.17071548513760842,0.010053941658275311,0.10400888362094482,0.006125391888289573,6.712577e6,0.3016002459826024,0.3016002459826024,0.010053941658275311,1.0,16.979955816343335,1.0,0,17155.721272752387,0.0,0.0,0.0,1
1.1664e6,0.00031007759488153495,1.8451447213037344e-5,9.956737832142498e-9,5.924846733735081e-10,0.0,0.0,0.0,0.0,0.0,0.18931891175582793,0.0,0.0,0.0,0.06186794222283881,0.0036815077546640696,107696.0,-4.2465971266718907e-7,-2.526975957348943e-8,4.2469487178272887e-7,2.527185174840032e-8,4.633371424760846,0.27571294951198505,0.0,0.0,0.0,0.0,0.0,0.0,0.0,0.0,0.0,0.0,0.030661467570999343,0.0018245383081505607,0.030661467570999343,0.0018245383081505607,52608.0,0.0005450070808401459,3.243113836294907e-5,0.0005450070808401459,3.243113836294907e-5,27.0,4.267959516479267e-7,2.5396878402576625e-8,2.499832157029467e-7,1.487547692844584e-8,6869.0,9.965574792869917,0.5930105246993608,8.585025882563157,0.5108597154695825,6.960988e6,0.2785595815816704,0.01657593937802449,0.17929132120144045,0.010668891927415759,869116.0,0.004694856636338748,0.0002793716825341033,NaN,NaN,3603.0,0.03076995496141067,0.0018309939482564494,0.030769954961410665,0.0018309939482564492,52622.0,0.002971395311252528,0.002971395311252528,0.0018309939482564494,1.0,0.031097987261428157,0.0018505138064076208,0.03109798726142815,0.0018505138064076204,52622.0,0.004821874635043038,0.004821874635043038,0.0018505138064076208,1.0,0.0,0.0,0.0,0.0,0.0,0.0,0.0,0.0,1.0,0.0,0.0,0.0,0.0,0.0,0.0,0.0,0.0,1.0,8.330841046849585,0.4957342173492963,7.2826975367920355,0.4333634915478939,3.169557e6,0.8044932810738208,0.8044932810738208,0.4957342173492963,1.0,2.7451860878047234,0.16335477643408963,1.946923088849813,0.11585341603117286,6.994638e6,0.42565272967607254,0.42565272967607254,0.16335477643408963,1.0,6.701676131216774,0.3987892882788298,5.537878843650641,0.3295364800376972,3.057183e6,0.663574465332989,0.663574465332989,0.3987892882788298,1.0,0.17129947439990936,0.010193329868668916,0.10435224613495014,0.006209574612627302,6.841097e6,0.2801010461441958,0.2801010461441958,0.010193329868668916,1.0,16.80505552228129,1.0,0,17155.721272752387,0.0,0.0,0.0,1
1.188e6,0.00028748565258860634,1.72855620667633e-5,9.467470602848146e-9,5.692477146154264e-10,0.0,0.0,0.0,0.0,0.0,0.18931891175582793,0.0,0.0,0.0,0.06186794222283881,0.003719914874382116,107696.0,-4.246048810267102e-7,-2.5530088053961993e-8,4.2464220922847553e-7,2.553233247535362e-8,4.635160599529227,0.2786968863007309,0.0,0.0,0.0,0.0,0.0,0.0,0.0,0.0,0.0,0.0,0.030661467570999343,0.001843572700008767,0.030661467570999343,0.001843572700008767,52608.0,0.0005450070808401459,3.276947436458327e-5,0.0005450070808401459,3.276947436458327e-5,27.0,4.2685212631423585e-7,2.5665207485304028e-8,2.500161275632113e-7,1.5032643374624453e-8,7021.0,9.996948888988072,0.6010834938818519,8.604750999581984,0.5173752364093204,7.090585e6,0.2785595815816704,0.016748866920367523,0.17929132120144045,0.010780194534070881,869116.0,0.004694856636338748,0.000282286211681387,NaN,NaN,3603.0,0.03076995496141067,0.0018500956882119373,0.030769954961410665,0.001850095688211937,52622.0,0.0029980982734244023,0.0029980982734244023,0.0018500956882119373,1.0,0.031097987261428157,0.0018698191861701797,0.03109798726142815,0.0018698191861701793,52622.0,0.004883399056687784,0.004883399056687784,0.0018698191861701797,1.0,0.0,0.0,0.0,0.0,0.0,0.0,0.0,0.0,1.0,0.0,0.0,0.0,0.0,0.0,0.0,0.0,0.0,1.0,8.360459628027332,0.5026868036915131,7.3013749729370065,0.43900754396261915,3.240576e6,0.8146089133785986,0.8146089133785986,0.5026868036915131,1.0,2.7478426354786247,0.1652186952551477,1.9484973389935656,0.11715670464534082,7.124232e6,0.43150098497424555,0.43150098497424555,0.1652186952551477,1.0,6.7309029885950755,0.40470694911935884,5.5563069178091595,0.33408236976339095,3.12819e6,0.6714186823273316,0.6714186823273316,0.40470694911935884,1.0,0.17196087714047154,0.010339439161926662,0.10474200658914276,0.006297790653521166,6.968676e6,0.26728315165281574,0.26728315165281574,0.010339439161926662,1.0,16.63154784774885,1.0,0,17155.721272752387,0.0,0.0,0.0,1
1.2096e6,0.00026284281819051556,1.6153608877210714e-5,8.786337945971888e-9,5.399845718415232e-10,0.0,0.0,0.0,0.0,0.0,0.18931891175582793,0.0,0.0,0.0,0.06186794222283881,0.0038022364376766936,107696.0,-4.243877677511483e-7,-2.6081724658558537e-8,4.244365387055724e-7,2.608472198954045e-8,4.637810743604555,0.28502730762996015,0.0,0.0,0.0,0.0,0.0,0.0,0.0,0.0,0.0,0.0,0.030661467570999343,0.001884370888095567,0.030661467570999343,0.001884370888095567,52608.0,0.0005450070808401459,3.349466148556064e-5,0.0005450070808401459,3.349466148556064e-5,27.0,4.270693200650214e-7,2.624652561283338e-8,2.501433716428997e-7,1.537313523178458e-8,7154.0,10.02725924149503,0.6162482392047037,8.625608735964228,0.5301065892073357,7.220183e6,0.2785595815816704,0.01711951865699537,0.17929132120144045,0.011018759796081554,869116.0,0.004694856636338748,0.0002885331939449195,NaN,NaN,3603.0,0.03076995496141067,0.0018910382297596014,0.030769954961410665,0.0018910382297596012,52622.0,0.0030823955344311065,0.0030823955344311065,0.0018910382297596014,1.0,0.031097987261428157,0.001911198207917093,0.03109798726142815,0.0019111982079170926,52622.0,0.004945044625064599,0.004945044625064599,0.001911198207917093,1.0,0.0,0.0,0.0,0.0,0.0,0.0,0.0,0.0,1.0,0.0,0.0,0.0,0.0,0.0,0.0,0.0,0.0,1.0,8.38833741015297,0.5155245351062637,7.320785417381913,0.4499156762984457,3.312955e6,0.8403058700210562,0.8403058700210562,0.5155245351062637,1.0,2.7513553222012304,0.16909085841887567,1.9505760221494015,0.11987712795039536,7.253828e6,0.43750660559854004,0.43750660559854004,0.16909085841887567,1.0,6.7585386822544224,0.415361512276528,5.575530331655879,0.34265701791141395,3.200549e6,0.6923417414591078,0.6923417414591078,0.415361512276528,1.0,0.17288792492250893,0.010625224375605764,0.1052896218636226,0.006470815455880489,7.09729e6,0.261165201137795,0.261165201137795,0.010625224375605764,1.0,16.271461082689115,1.0,0,17155.721272752387,0.0,0.0,0.0,1
1.2312e6,0.00023539180246739497,1.4780128347129404e-5,8.129331216188327e-9,5.104364616445462e-10,0.0,0.0,0.0,0.0,0.0,0.18931891175582793,0.0,0.0,0.0,0.06186794222283881,0.0038846557825776597,107696.0,-4.242580950827544e-7,-2.6638944227891303e-8,4.2431353498768e-7,2.664242527056893e-8,4.6399058467802305,0.2913372649988821,0.0,0.0,0.0,0.0,0.0,0.0,0.0,0.0,0.0,0.0,0.030661467570999343,0.0019252175362966947,0.030661467570999343,0.0019252175362966947,52608.0,0.0005450070808401459,3.4220709984271665e-5,0.0005450070808401459,3.4220709984271665e-5,27.0,4.2719899273341535e-7,2.6823601655537113e-8,2.502193102740973e-7,1.5711139818871198e-8,7154.0,10.04733740279294,0.6308670684518118,8.637577223988318,0.5423489630505394,7.349779e6,0.2785595815816704,0.0174906106539969,0.17929132120144045,0.011257608426065508,869116.0,0.004694856636338748,0.00029478759637804506,NaN,NaN,3603.0,0.03076995496141067,0.0019320294028847278,0.030769954961410665,0.0019320294028847276,52622.0,0.0031684833734609208,0.0031684833734609208,0.0019320294028847278,1.0,0.031097987261428157,0.0019526263796929328,0.03109798726142815,0.0019526263796929323,52622.0,0.0050039052755867335,0.0050039052755867335,0.0019526263796929328,1.0,0.0,0.0,0.0,0.0,0.0,0.0,0.0,0.0,1.0,0.0,0.0,0.0,0.0,0.0,0.0,0.0,0.0,1.0,8.4066629059259,0.5278499736109001,7.331725743322319,0.46035523054064936,3.385714e6,0.8656617039941134,0.8656617039941134,0.5278499736109001,1.0,2.753719786138723,0.17290462728326156,1.9519617071831012,0.12256265621163345,7.383416e6,0.4430946880744949,0.4430946880744949,0.17290462728326156,1.0,6.776716899784431,0.4255065150998554,5.586381619419859,0.35076598448030855,3.273273e6,0.7128470460516432,0.7128470460516432,0.4255065150998554,1.0,0.1735477873011837,0.010896974931941845,0.10567622850115298,0.006635355199779998,7.22566e6,0.2564535662632787,0.2564535662632787,0.010896974931941845,1.0,15.926235343762272,1.0,0,17155.721272752387,0.0,0.0,0.0,1
1.2528e6,0.00020508454378268166,1.3156358146537804e-5,7.552965091607386e-9,4.845295114915224e-10,0.0,0.0,0.0,0.0,0.0,0.18931891175582793,0.0,0.0,0.0,0.06186794222283881,0.003968884200924897,107696.0,-4.241479799389766e-7,-2.7209474825761738e-8,4.242096487258936e-7,2.721343093397047e-8,4.641743574914516,0.297772029864315,0.0,0.0,0.0,0.0,0.0,0.0,0.0,0.0,0.0,0.0,0.030661467570999343,0.0019669607529759947,0.030661467570999343,0.0019669607529759947,52608.0,0.0005450070808401459,3.496269497290871e-5,0.0005450070808401459,3.496269497290871e-5,27.0,4.273091251428261e-7,2.7412265136957127e-8,2.502838332877408e-7,1.6055933266775714e-8,7154.0,10.073589942037286,0.6462298652756647,8.65642525601195,0.5553174746191946,7.479377e6,0.2785595815816704,0.017869847979970724,0.17929132120144045,0.011501699693135468,869116.0,0.004694856636338748,0.0003011792805789116,NaN,NaN,3603.0,0.03076995496141067,0.001973920316755443,0.030769954961410665,0.001973920316755443,52622.0,0.003259026872729973,0.003259026872729973,0.001973920316755443,1.0,0.031097987261428157,0.0019949638841694544,0.03109798726142815,0.001994963884169454,52622.0,0.00505939200262222,0.00505939200262222,0.0019949638841694544,1.0,0.0,0.0,0.0,0.0,0.0,0.0,0.0,0.0,1.0,0.0,0.0,0.0,0.0,0.0,0.0,0.0,0.0,1.0,8.43083783306804,0.5408458383131961,7.349336018521059,0.4714665231006953,3.457869e6,0.8929596124549415,0.8929596124549415,0.5408458383131961,1.0,2.7566386760984023,0.17684085321309811,1.9536882607304962,0.12533086107207392,7.513005e6,0.44848290517084927,0.44848290517084927,0.17684085321309811,1.0,6.800634747110736,0.43626684247637487,5.6037993697664295,0.35948877536141133,3.345412e6,0.735059205238532,0.735059205238532,0.43626684247637487,1.0,0.174337104228896,0.0111838822134549,0.10614179625940065,0.006809091802575147,7.354306e6,0.25276005194066203,0.25276005194066203,0.0111838822134549,1.0,15.588245736275523,1.0,0,17155.721272752387,0.0,0.0,0.0,1
1.2744e6,0.0001724800716753516,1.1290427510964963e-5,7.118891896294445e-9,4.659977940222206e-10,0.0,0.0,0.0,0.0,0.0,0.18931891175582793,0.0,0.0,0.0,0.06186794222283881,0.00404983317860803,107696.0,-4.2406185702913816e-7,-2.7758799091668525e-8,4.241280495307534e-7,2.7763132007546846e-8,4.643475447843084,0.3039587265565243,0.0,0.0,0.0,0.0,0.0,0.0,0.0,0.0,0.0,0.0,0.030661467570999343,0.002007078693947704,0.030661467570999343,0.002007078693947704,52608.0,0.0005450070808401459,3.567579071262434e-5,0.0005450070808401459,3.567579071262434e-5,27.0,4.27395248052665e-7,2.7977000587941497e-8,2.503342916641984e-7,1.63867114971016e-8,7154.0,10.09230879086013,0.6606356300451628,8.668726112617682,0.5674488816953903,7.608975e6,0.2785595815816704,0.018234319668258968,0.17929132120144045,0.011736287245868993,869116.0,0.004694856636338748,0.00030732210400936667,NaN,NaN,3603.0,0.03076995496141067,0.002014180204315802,0.030769954961410665,0.0020141802043158017,52622.0,0.003347401889090896,0.003347401889090896,0.002014180204315802,1.0,0.031097987261428157,0.0020356529742922296,0.03109798726142815,0.002035652974292229,52622.0,0.0051111843225858725,0.0051111843225858725,0.0020356529742922296,1.0,0.0,0.0,0.0,0.0,0.0,0.0,0.0,0.0,1.0,0.0,0.0,0.0,0.0,0.0,0.0,0.0,0.0,1.0,8.448158528986731,0.5530106785449342,7.360809087014518,0.48183352784903805,3.529876e6,0.9190582779446831,0.9190582779446831,0.5530106785449342,1.0,2.758471810672141,0.1805676778593592,1.9547695726665906,0.12795787911297613,7.642591e6,0.45337525398275635,0.45337525398275635,0.1805676778593592,1.0,6.817723093833342,0.4462834902204954,5.615122020221379,0.3675620465526072,3.417392e6,0.7561061750956588,0.7561061750956588,0.4462834902204954,1.0,0.17486175117198183,0.011446330621682987,0.1064508450566618,0.006968199502232454,7.48246e6,0.24954039891354848,0.24954039891354848,0.011446330621682987,1.0,15.27666436969225,1.0,0,17155.721272752387,0.0,0.0,0.0,1
1.296e6,0.00013849926576501418,9.225337533162245e-6,6.765593233883658e-9,4.5065135074832906e-10,0.0,0.0,0.0,0.001268848858544245,8.451711952393034e-5,0.18744893307702726,0.0,0.0,0.0,0.06187059647234622,0.00412115640240205,108146.0,-4.2400148654701343e-7,-2.8242437289128466e-8,4.2407042285524563e-7,2.824702908756306e-8,4.64509266978516,0.3094063171734928,0.0,0.0,0.0,0.0,0.0,0.0,0.0,0.0,0.0,0.0,0.030661699366635906,0.00204235397520076,0.030661699366635906,0.00204235397520076,52803.0,0.000547197739074418,3.6448452000529874e-5,0.000547197739074418,3.6448452000529874e-5,28.0,4.2745564422239715e-7,2.847251627382318e-8,2.503696976822269e-7,1.6676947393448125e-8,7154.0,10.116505199727758,0.6738532122027668,8.685703330518274,0.5785485178881256,7.738574e6,0.27856069459782395,0.01855472963659713,0.1792921698271047,0.01194252384351562,875884.0,0.004694856636338748,0.0003127210595723787,NaN,NaN,3603.0,0.030772353745733012,0.002049724584648072,0.03077235374573301,0.0020497245846480714,52818.0,0.0034249089972936742,0.0034249089972936742,0.0020498978361084977,1.0,0.031098242726613212,0.0020714318177539786,0.031098242726613205,0.002071431817753978,52818.0,0.005159037872566843,0.005159037872566843,0.0020716069040022907,1.0,0.0,0.0,0.0,0.0,0.0,0.0,0.0,0.0,1.0,0.0,0.0,0.0,0.0,0.0,0.0,0.0,0.0,1.0,8.470578361669462,0.5642191968012651,7.376684560280084,0.49135570913214743,3.602282e6,0.9427605142874584,0.9427605142874584,0.5642668870131982,1.0,2.7608927887499783,0.18390110394019207,1.9562454330372383,0.13030411618279106,7.772178e6,0.4580178560079377,0.4580178560079377,0.18391664804551738,1.0,6.8398682891265015,0.4555987593221194,5.630808377586142,0.37506413901084934,3.489768e6,0.775224417394738,0.7752241702171697,0.4556372684715984,1.0,0.17553881476516572,0.011692515533818596,0.10685835611560077,0.007117759057855524,7.610413e6,0.24747190319541423,0.24747188287843172,0.01169350383507988,1.0,15.011652387589661,1.0,0,17157.154687878232,1.4334151258444763,4.420686655158025e-6,225.0,1
1.3176e6,0.0001041897955976376,7.008262475817635e-6,6.500215394647289e-9,4.372329878730622e-10,0.0,0.0,0.0,0.012893257032328503,0.0008672569989453793,0.18744893307702726,0.0,0.0,0.0,0.06187408598661646,0.004161922312623771,112456.0,-4.239803772176366e-7,-2.851877912892979e-8,4.240504296468122e-7,2.8523491162463547e-8,4.6467882033354035,0.3125633485669872,0.0,0.0,0.0,0.0,0.0,0.0,0.0,0.0,0.0,0.0,0.03066344412377103,0.0020625576967426918,0.03066344412377103,0.0020625576967426918,54958.0,0.000547197739074418,3.6806919138388684e-5,0.000547197739074418,3.6806919138388684e-5,28.0,4.274770791102138e-7,2.8753982629640232e-8,2.5038227135775376e-7,1.684180938163124e-8,7154.0,10.144302460289554,0.6823502615394685,8.706894073091224,0.5856638710475381,7.868173e6,0.27858199401290445,0.018738646370118794,0.1793060789190061,0.012060913042069146,960563.0,0.004694856636338748,0.0003157966421285722,NaN,NaN,3603.0,0.030774098502868136,0.002070000795448883,0.03077409850286813,0.0020700007954488828,54973.0,0.003462100238234014,0.003462100238234014,0.0020717975763974122,1.0,0.031099987483748332,0.002091921517174888,0.03109998748374833,0.0020919215171748876,54973.0,0.005202622733219527,0.005202622733219527,0.0020937373255244026,1.0,0.0,0.0,0.0,0.0,0.0,0.0,0.0,0.0,1.0,0.0,0.0,0.0,0.0,0.0,0.0,0.0,0.0,1.0,8.496112375791602,0.5714857699072036,7.3962523012289845,0.497504358915915,3.674354e6,0.9558165506472805,0.9558165506472805,0.5719818251483331,1.0,2.763920093761567,0.18591338401384433,1.9583071295907182,0.1317243238045853,7.901773e6,0.46236782314206476,0.46236782314206476,0.18607475865061118,1.0,6.865110782825255,0.46177745157891603,5.650162128659958,0.3800546781135188,3.561794e6,0.7855715810083971,0.7855715810083971,0.46217827892607527,1.0,0.1763666362600225,0.011863193240733443,0.10739617380073026,0.007223937532238643,7.73845e6,0.246378576680738,0.2463785711232911,0.011873490608565634,1.0,14.853815282659182,1.0,0,17311.83590716149,154.68121928325854,0.0004821096414044069,2160.0,1
1.3392e6,7.267312112214344e-5,4.934086997484854e-6,4.523703535457507e-6,3.071334552600653e-7,0.0,0.0,0.0,0.029169984056412,0.001980474167439169,0.1854015742652051,0.0,0.0,0.0,0.061878522666105024,0.004201195839617953,114798.0,-4.2396391346332496e-7,-2.8784711603432052e-8,4.2403472057455837e-7,2.8789518999089093e-8,4.648070353020199,0.3155772469670885,0.0,0.0,0.0,0.0,0.0,0.0,0.0,0.0,0.0,0.0,0.030665658681557822,0.002082021873199551,0.030665658681557822,0.002082021873199551,56128.0,0.0005472053029893885,3.715209321885071e-5,0.0005472053029893885,3.715209321885071e-5,29.0,4.2749391757012733e-7,2.902437858202745e-8,2.503921468326847e-7,1.700018682124587e-8,7172.0,10.16943339493622,0.6904460454011545,8.7240434834279,0.5923123825207258,7.996936e6,0.2786826416933759,0.01892094873003936,0.17936710380284707,0.012177994848503636,1.05201e6,0.004694856636338748,0.00031875376654706775,NaN,NaN,3603.0,0.03077631986146487,0.0020895351309277834,0.030776319861464865,0.002089535130927783,56144.0,0.0034993664796229298,0.0034993664796229298,0.0020936816132777225,1.0,0.031102202804640162,0.0021116607086901695,0.031102202804640156,0.002111660708690169,56144.0,0.00524144932200662,0.00524144932200662,0.002115851097130184,1.0,0.0,0.0,0.0,0.0,0.0,0.0,0.0,0.0,1.0,0.0,0.0,0.0,0.0,0.0,0.0,0.0,0.0,1.0,8.519621973206634,0.5784333375586451,7.412404031542607,0.5032596066800107,3.746088e6,0.9687083993894787,0.9687083993894787,0.5795811831197477,1.0,2.766211709092604,0.18780986718850876,1.9597007238489568,0.13305240935301668,8.030599e6,0.46617143416565626,0.46617143416565626,0.188182557883159,1.0,6.888379899226614,0.4676813816402057,5.66615608639721,0.3846994134822368,3.633537e6,0.795881660273427,0.795881660273427,0.46860945055164105,1.0,0.17703726470002987,0.01201981217180091,0.10780232141314866,0.007319157677146034,7.866194e6,0.24482063034477547,0.24482063034477547,0.012043664337903437,1.0,14.699617967835904,1.0,0,17737.274014062004,425.43810690051396,0.0013399129620850461,3200.0,1
1.3608e6,4.5072700991301015e-5,3.081584835925397e-6,4.523515714293072e-6,3.09269183422713e-7,0.0,0.0,0.0,0.051105237815177625,0.003494024596351725,0.1854015742652051,0.0,0.0,0.0,0.06187894720445063,0.00423061456656581,115008.0,-4.239546211575684e-7,-2.89854413635385e-8,4.240258985503795e-7,2.8990314542380688e-8,4.649423918957026,0.3178774275633495,0.0,0.0,0.0,0.0,0.0,0.0,0.0,0.0,0.0,0.0,0.030665870950730627,0.0020966012868954744,0.030665870950730627,0.0020966012868954744,56233.0,0.0005472053029893885,3.741199277486184e-5,0.0005472053029893885,3.741199277486184e-5,29.0,4.2750370462397743e-7,2.9228089386643006e-8,2.5039789104749784e-7,1.7119505310955104e-8,7172.0,10.195401326356773,0.6970515063993691,8.740724449004697,0.5975964014726725,8.124804e6,0.2788738778309712,0.019066385953339933,0.17948243314714316,0.012271071671697154,1.141985e6,0.004694856636338748,0.0003209836264344893,NaN,NaN,3603.0,0.030776532130637673,0.0021041671040403797,0.03077653213063767,0.0021041671040403793,56249.0,0.0035273126845532603,0.0035273126845532603,0.0021115448938357423,1.0,0.031102415073812964,0.0021264474625254308,0.031102415073812957,0.0021264474625254303,56249.0,0.005270505526388742,0.005270505526388742,0.002133903373398322,1.0,0.0,0.0,0.0,0.0,0.0,0.0,0.0,0.0,1.0,0.0,0.0,0.0,0.0,0.0,0.0,0.0,0.0,1.0,8.544122111730022,0.5841548555273772,7.428171057581137,0.5078581666121984,3.818599e6,0.9792458154528555,0.9792458154528555,0.5862030634495266,1.0,2.768346439611313,0.18926965150237476,1.9610103901055351,0.1340727258037556,8.159991e6,0.46911422069004316,0.46911422069004316,0.18993328306506993,1.0,6.912664527562628,0.4726133938165287,5.6817858808746715,0.38845919650694133,3.706045e6,0.8044113556208934,0.8044113556208934,0.4742705066320252,1.0,0.17763155315871812,0.012144528474151723,0.10816127288418899,0.007394900483524023,7.99377e6,0.23624099300686194,0.23624099300686194,0.012187110538130408,1.0,14.575362437466502,1.0,0,18604.348122902295,867.0741088402901,0.0027541215545028117,4320.0,1
1.3824e6,4.1462106800676054e-5,2.8112503157972075e-6,3.7994253391118157e-6,2.5761198618715256e-7,0.0,0.0,0.0,0.0,0.0,0.18931891175582793,0.0,0.0,0.0,0.17597355645449697,0.011931514202423403,116872.0,-7.391493676238519e-7,-5.011645701322583e-8,7.391651375311899e-7,5.0117526258384966e-8,7.696882042086056,0.5218707813254552,0.0,0.0,0.0,0.0,0.0,0.0,0.0,0.0,0.0,0.0,0.08770047052412579,0.0059463446139329384,0.08770047052412579,0.0059463446139329384,57162.0,0.0005726154062453797,3.882497455752591e-5,0.0005726154062453797,3.882497455752591e-5,33.0,7.427049218429049e-7,5.0357533834748653e-8,4.35020031719311e-7,2.9495611678109028e-8,11531.0,15.180560325287551,1.0292857334434182,12.00814279924748,0.8141866837305046,8.254338e6,0.6104842060004447,0.04139258830137339,0.39094965608575677,0.0265075132196122,1.182712e6,0.0102670661975869,0.0006961366731563766,NaN,NaN,3920.0,0.08783579753958068,0.005955520175530963,0.08783579753958067,0.005955520175530962,57181.0,0.009944749854225074,0.009944749854225074,0.005955520175530963,1.0,0.08813775891491632,0.005975994026892443,0.0881377589149163,0.005975994026892442,57181.0,0.014897649131455592,0.014897649131455592,0.005975994026892443,1.0,0.0,0.0,0.0,0.0,0.0,0.0,0.0,0.0,1.0,0.0,0.0,0.0,0.0,0.0,0.0,0.0,0.0,1.0,12.51023998147455,0.8482303194985193,10.371166169469731,0.7031949512182458,3.892644e6,1.4164066441820304,1.4164066441820304,0.8482303194985193,1.0,4.1310546351803445,0.28009740806361777,2.6252629744914944,0.1780003944702972,8.289587e6,0.6982592166565129,0.6982592166565129,0.28009740806361777,1.0,11.102382169187752,0.7527735030271409,8.501506193159136,0.5764266173247338,3.780083e6,1.2728176819836323,1.2728176819836323,0.7527735030271409,1.0,0.3511013488266393,0.02380568316296029,0.19866451668254295,0.013470026690790156,8.122364e6,0.4161350100769059,0.4161350100769059,0.02380568316296029,1.0,14.748635711195405,1.0,0,19362.661670670062,758.3135477677679,0.0023803631319134883,2944.0,1
1.404e6,3.612589581261208e-5,2.344335952940594e-6,2.741814294869122e-6,1.7792593604015567e-7,0.0,0.0,0.0,0.0,0.0,0.18931891175582793,0.0,0.0,0.0,0.17597355645449697,0.01141954063375985,116872.0,-7.391478743515881e-7,-4.79658953059676e-8,7.39163747849065e-7,4.796692539283457e-8,7.686556276433096,0.4988075680285908,0.0,0.0,0.0,0.0,0.0,0.0,0.0,0.0,0.0,0.0,0.08770047052412579,0.005691190806893074,0.08770047052412579,0.005691190806893074,57162.0,0.0005726154062453797,3.7159019973701933e-5,0.0005726154062453797,3.7159019973701933e-5,33.0,7.427074575909822e-7,4.819688913402053e-8,4.350215211276619e-7,2.8230070683159195e-8,11531.0,15.352764264740363,0.9962946643467605,12.109013160993303,0.7857962901514237,8.383938e6,0.6104842060004447,0.03961645907004992,0.39094965608575677,0.025370092946778368,1.182712e6,0.0102670661975869,0.0006662658980990873,NaN,NaN,3920.0,0.08783579753958068,0.005699972651068805,0.08783579753958067,0.005699972651068804,57181.0,0.009187731840659583,0.009187731840659583,0.005699972651068805,1.0,0.08813775891491632,0.0057195679826910475,0.0881377589149163,0.005719567982691047,57181.0,0.015067025534974063,0.015067025534974063,0.0057195679826910475,1.0,0.0,0.0,0.0,0.0,0.0,0.0,0.0,0.0,1.0,0.0,0.0,0.0,0.0,0.0,0.0,0.0,0.0,1.0,12.674160299585541,0.8224706680706764,10.467184319105437,0.6792522641547368,3.968244e6,1.3257326670900011,1.3257326670900011,0.8224706680706764,1.0,4.149345403526661,0.2692655612227157,2.6359768518633664,0.17105777354274096,8.419187e6,0.7093247425171705,0.7093247425171705,0.2692655612227157,1.0,11.269759019723283,0.7313341484445678,8.599549021505831,0.5580548660928427,3.855683e6,1.1963184324727936,1.1963184324727936,0.7313341484445678,1.0,0.3598366891248613,0.02335106351073554,0.203781468532636,0.01322409347859846,8.251964e6,0.3796974196287496,0.3796974196287496,0.02335106351073554,1.0,15.409862979449654,1.0,0,19362.661670670062,0.0,0.0,0.0,1
1.4256e6,3.3176847801856824e-5,2.1278526192869406e-6,1.9723693784913537e-6,1.26501208713062e-7,0.0,0.0,0.0,0.0,0.0,0.18931891175582793,0.0,0.0,0.0,0.17597355645449697,0.01128635834432658,116872.0,-7.391423302810988e-7,-4.7406129506567054e-8,7.391583959738054e-7,4.740715990663733e-8,7.690222767905883,0.49322529847675184,0.0,0.0,0.0,0.0,0.0,0.0,0.0,0.0,0.0,0.0,0.08770047052412579,0.005624816348797727,0.08770047052412579,0.005624816348797727,57162.0,0.0005726154062453797,3.672564673112477e-5,0.0005726154062453797,3.672564673112477e-5,33.0,7.427132185104051e-7,4.763515439516678e-8,4.350249242389283e-7,2.7901051059018912e-8,11531.0,15.446316707086453,0.9906753546872537,12.163810531713365,0.7801463314115021,8.513538e6,0.6104842060004447,0.03915442553582959,0.39094965608575677,0.025074210023800024,1.182712e6,0.0102670661975869,0.0006584954613953706,NaN,NaN,3920.0,0.08783579753958068,0.005633495773257089,0.08783579753958067,0.005633495773257088,57181.0,0.008952961131034212,0.008952961131034212,0.005633495773257089,1.0,0.08813775891491632,0.005652862571069493,0.0881377589149163,0.005652862571069492,57181.0,0.015246470925169248,0.015246470925169248,0.005652862571069493,1.0,0.0,0.0,0.0,0.0,0.0,0.0,0.0,0.0,1.0,0.0,0.0,0.0,0.0,0.0,0.0,0.0,0.0,1.0,12.764214613802816,0.8186542513421323,10.519932644379573,0.6747134738584912,4.042586e6,1.3010358021063062,1.3010358021063062,0.8186542513421323,1.0,4.157195156924696,0.26662866395203816,2.6405748291936777,0.16935768281182115,8.548787e6,0.7191305505225413,0.7191305505225413,0.26662866395203816,1.0,11.360548853950224,0.7286278003199057,8.652728168909741,0.5549571920802563,3.929895e6,1.1764802625636104,1.1764802625636104,0.7286278003199057,1.0,0.36536555052180975,0.02343333062617047,0.2070200228732704,0.013277575390724031,8.381563e6,0.36001819695495085,0.36001819695495085,0.02343333062617047,1.0,15.591703814982559,1.0,0,19362.661670670062,0.0,0.0,0.0,1
1.4472e6,3.200055479120897e-5,2.058864006234758e-6,1.4031502453820637e-6,9.027642034350674e-8,0.0,0.0,0.0,0.0,0.0,0.18931891175582793,0.0,0.0,0.0,0.17597355645449697,0.011321854380250143,116872.0,-7.391209358026241e-7,-4.755384714131961e-8,7.391370658184832e-7,4.7554884920485905e-8,7.691232933127331,0.4948415036208501,0.0,0.0,0.0,0.0,0.0,0.0,0.0,0.0,0.0,0.0,0.08770047052412579,0.0056425066149658875,0.08770047052412579,0.0056425066149658875,57162.0,0.0005726154062453797,3.6841150318368154e-5,0.0005726154062453797,3.6841150318368154e-5,33.0,7.427355028597483e-7,4.7786402547330235e-8,4.350379838288706e-7,2.7989641182604063e-8,11531.0,15.4978072755715,0.9971038872114457,12.196007786415217,0.7846714413247362,8.643137e6,0.6104842060004447,0.03927756772686988,0.39094965608575677,0.025153069389470192,1.182712e6,0.0102670661975869,0.0006605664552305914,NaN,NaN,3920.0,0.08783579753958068,0.00565121333655272,0.08783579753958067,0.005651213336552719,57181.0,0.008936015701216627,0.008936015701216627,0.00565121333655272,1.0,0.08813775891491632,0.005670641043697425,0.0881377589149163,0.005670641043697424,57181.0,0.01542656243836834,0.01542656243836834,0.005670641043697425,1.0,0.0,0.0,0.0,0.0,0.0,0.0,0.0,0.0,1.0,0.0,0.0,0.0,0.0,0.0,0.0,0.0,0.0,1.0,12.814211919728098,0.824445696705243,10.551216292437829,0.6788482133586563,4.115436e6,1.303659807515356,1.303659807515356,0.824445696705243,1.0,4.160328568419482,0.2676688201037732,2.6424578863815116,0.17001147216849646,8.678385e6,0.7281733642309465,0.7281733642309465,0.2676688201037732,1.0,11.410245067412871,0.7341167371906844,8.683832905671558,0.558703782553037,4.002742e6,1.1806110918338142,1.1806110918338142,0.7341167371906844,1.0,0.36782059660119065,0.023664983061544475,0.20846675333448347,0.013412414182734629,8.509806e6,0.34513646234275697,0.34513646234275697,0.023664983061544475,1.0,15.542821038350878,1.0,0,19362.661670670062,0.0,0.0,0.0,1
1.4688e6,3.1412040621152726e-5,2.0472381464965537e-6,9.921064897745036e-7,6.465922656057683e-8,0.0,0.0,0.0,0.0,0.0,0.18931891175582793,0.0,0.0,0.0,0.17597355645449697,0.011468843488815359,116872.0,-7.390270464961288e-7,-4.81651090143037e-8,7.390433553665177e-7,4.8166171923332405e-8,7.690548627636679,0.5012213217177088,0.0,0.0,0.0,0.0,0.0,0.0,0.0,0.0,0.0,0.0,0.08770047052412579,0.005715762019032376,0.08770047052412579,0.005715762019032376,57162.0,0.0005726154062453797,3.731945075060657e-5,0.0005726154062453797,3.731945075060657e-5,33.0,7.428293931981099e-7,4.841292192491286e-8,4.350929816324263e-7,2.83566088562552e-8,11531.0,15.53531916722495,1.0124938523008589,12.218618699574558,0.796332291841637,8.772737e6,0.6104842060004447,0.03978749962255418,0.39094965608575677,0.025479626075598102,1.182712e6,0.0102670661975869,0.0006691424420911718,NaN,NaN,3920.0,0.08783579753958068,0.005724581778042372,0.08783579753958067,0.005724581778042371,57181.0,0.009062998244306297,0.009062998244306297,0.005724581778042372,1.0,0.08813775891491632,0.005744261710772989,0.0881377589149163,0.005744261710772988,57181.0,0.015594373717921498,0.015594373717921498,0.005744261710772989,1.0,0.0,0.0,0.0,0.0,0.0,0.0,0.0,0.0,1.0,0.0,0.0,0.0,0.0,0.0,0.0,0.0,0.0,1.0,12.850517997033654,0.8375154916886248,10.573119875276824,0.6890890852080296,4.187024e6,1.3259311728007162,1.3259311728007162,0.8375154916886248,1.0,4.16307304618513,0.27132277235954516,2.644066716112925,0.17232354651493545,8.807975e6,0.7365800730182819,0.7365800730182819,0.27132277235954516,1.0,11.446366007288399,0.7460017453658292,8.70562510220296,0.5673775866164605,4.074299e6,1.202388781273879,1.202388781273879,0.7460017453658292,1.0,0.3691110509273583,0.024056323906669827,0.209221187353821,0.013635713800701384,8.638652e6,0.3317457559233677,0.3317457559233677,0.024056323906669827,1.0,15.34361826683831,1.0,0,19362.661670670062,0.0,0.0,0.0,1
1.4904e6,3.1232361499312284e-5,2.0621079006033754e-6,7.079429768939188e-7,4.674173631929075e-8,0.0,0.0,0.0,0.0,0.0,0.18931891175582793,0.0,0.0,0.0,0.17597355645449697,0.011618604666511772,116872.0,-7.389770195652663e-7,-4.879075027494879e-8,7.389933609623442e-7,4.8791829211103586e-8,7.6892651009921655,0.5076815698018511,0.0,0.0,0.0,0.0,0.0,0.0,0.0,0.0,0.0,0.0,0.08770047052412579,0.005790398947528044,0.08770047052412579,0.005790398947528044,57162.0,0.0005726154062453797,3.7806771455684175e-5,0.0005726154062453797,3.7806771455684175e-5,33.0,7.428794538580037e-7,4.9048407403655395e-8,4.3512231237339337e-7,2.8728828529144096e-8,11531.0,15.567592255262438,1.027845908598857,12.24051334508541,0.8081764575149871,8.902336e6,0.6104842060004447,0.04030704832917663,0.39094965608575677,0.02581234129767495,1.182712e6,0.0102670661975869,0.0006778801635773841,NaN,NaN,3920.0,0.08783579753958068,0.005799333875735146,0.08783579753958067,0.005799333875735145,57181.0,0.009195248417111859,0.009195248417111859,0.005799333875735146,1.0,0.08813775891491632,0.00581927079077663,0.0881377589149163,0.005819270790776628,57181.0,0.015757149328664604,0.015757149328664604,0.00581927079077663,1.0,0.0,0.0,0.0,0.0,0.0,0.0,0.0,0.0,1.0,0.0,0.0,0.0,0.0,0.0,0.0,0.0,0.0,1.0,12.881322618051922,0.8504857098779007,10.59409856902415,0.6994723840986744,4.258681e6,1.3485044222496458,1.3485044222496458,0.8504857098779007,1.0,4.1659660973879395,0.27505674213135123,2.6458182735301,0.1746894087892566,8.937565e6,0.7447857842410649,0.7447857842410649,0.27505674213135123,1.0,11.476980839833187,0.7577644381906474,8.726493805031323,0.5761643038205018,4.145927e6,1.2238671452220302,1.2238671452220302,0.7577644381906474,1.0,0.37025514018477823,0.02444599169457146,0.20989848841227002,0.013858488775790418,8.767079e6,0.3232411428277283,0.3232411428277283,0.02444599169457146,1.0,15.14584250910132,1.0,0,19362.661670670062,0.0,0.0,0.0,1
1.512e6,3.119383959653284e-5,2.0889520159659538e-6,5.228467010097023e-7,3.501337713606641e-8,0.0,0.0,0.0,0.0,0.0,0.18931891175582793,0.0,0.0,0.0,0.17597355645449697,0.01178438820827874,116872.0,-7.389395810941101e-7,-4.948442857849243e-8,7.38955933954963e-7,4.9485523677463497e-8,7.687737748510825,0.5148232944608148,0.0,0.0,0.0,0.0,0.0,0.0,0.0,0.0,0.0,0.0,0.08770047052412579,0.005873020989788573,0.08770047052412579,0.005873020989788573,57162.0,0.0005726154062453797,3.83462287015928e-5,0.0005726154062453797,3.83462287015928e-5,33.0,7.429169833542483e-7,4.975078253097435e-8,4.3514430537947025e-7,2.9140227228057647e-8,11531.0,15.595173805270528,1.0443590843969162,12.257262662626736,0.8208298138509466,9.031935e6,0.6104842060004447,0.040882181524769676,0.39094965608575677,0.026180652423189045,1.182712e6,0.0102670661975869,0.0006875526997929716,NaN,NaN,3920.0,0.08783579753958068,0.0058820834086958165,0.08783579753958067,0.005882083408695816,57181.0,0.00935248965602749,0.00935248965602749,0.0058820834086958165,1.0,0.08813775891491632,0.005902304799582925,0.0881377589149163,0.005902304799582924,57181.0,0.01590636548088149,0.01590636548088149,0.005902304799582925,1.0,0.0,0.0,0.0,0.0,0.0,0.0,0.0,0.0,1.0,0.0,0.0,0.0,0.0,0.0,0.0,0.0,0.0,1.0,12.907680834757379,0.8643862458088839,10.610127250636989,0.7105264051026584,4.330124e6,1.3743707562508798,1.3743707562508798,0.8643862458088839,1.0,4.168662750416879,0.2791620579254827,2.6474004168061147,0.17728796805029814,9.067145e6,0.7523253834792663,0.7523253834792663,0.2791620579254827,1.0,11.503196121418261,0.7703323809666343,8.742439748781132,0.5854533258453728,4.217338e6,1.2478922084266333,1.2478922084266333,0.7703323809666343,1.0,0.3712441159502525,0.02486103520632245,0.21047551605638498,0.014094874477277529,8.895817e6,0.31661215589038844,0.31661215589038844,0.02486103520632245,1.0,14.932769809031958,1.0,0,19362.661670670062,0.0,0.0,0.0,1
1.5336e6,3.11646781703271e-5,2.116354566121526e-6,4.109669770558457e-7,2.7908256702147442e-8,0.0,0.0,0.0,0.0,0.0,0.18931891175582793,0.0,0.0,0.0,0.17597355645449697,0.011950145536035545,116872.0,-7.389142832186732e-7,-5.017875072270768e-8,7.389306347970748e-7,5.017986113807679e-8,7.6864226949518555,0.5219754132770095,0.0,0.0,0.0,0.0,0.0,0.0,0.0,0.0,0.0,0.0,0.08770047052412579,0.005955629967694025,0.08770047052412579,0.005955629967694025,57162.0,0.0005726154062453797,3.8885600647491696e-5,0.0005726154062453797,3.8885600647491696e-5,33.0,7.429423581709701e-7,5.045229228701911e-8,4.351591709050593e-7,2.9551118522746276e-8,11531.0,15.621841642010988,1.0608598526063437,12.273136933013681,0.8334534772622559,9.161535e6,0.6104842060004447,0.04145722377920371,0.39094965608575677,0.026548905310644744,1.182712e6,0.0102670661975869,0.0006972237065686645,NaN,NaN,3920.0,0.08783579753958068,0.0059648198571423386,0.08783579753958067,0.005964819857142338,57181.0,0.009515552054527495,0.009515552054527495,0.0059648198571423386,1.0,0.08813775891491632,0.005985325678893207,0.0881377589149163,0.005985325678893206,57181.0,0.016040071076772595,0.016040071076772595,0.005985325678893207,1.0,0.0,0.0,0.0,0.0,0.0,0.0,0.0,0.0,1.0,0.0,0.0,0.0,0.0,0.0,0.0,0.0,0.0,1.0,12.933240584970033,0.8782802959541127,10.625351727681128,0.7215544316750176,4.401576e6,1.4011021413513483,1.4011021413513483,0.8782802959541127,1.0,4.171312190722655,0.28326862717163165,2.6489518984555995,0.1798870315648105,9.196726e6,0.7591314420325695,0.7591314420325695,0.28326862717163165,1.0,11.528584543239186,0.7828918497298318,8.7575653787922,0.5947153818248505,4.288768e6,1.2722510500987219,1.2722510500987219,0.7828918497298318,1.0,0.3722420897545298,0.02527849772903172,0.21105715862819455,0.014332629361169061,9.024456e6,0.3106715916188943,0.3106715916188943,0.02527849772903172,1.0,14.725641283936708,1.0,0,19362.661670670062,0.0,0.0,0.0,1
1.5552e6,3.107136659212249e-5,2.141064454513938e-6,4.151226628731127e-6,2.860525542401256e-7,0.0,0.0,0.0,0.0077529988613380075,0.0005342433274919536,0.18574126038335692,0.0,0.0,0.0,0.17597655481992924,0.012126185220584987,118352.0,-7.388833496578322e-7,-5.091494354759603e-8,7.388997626949773e-7,5.0916074536486324e-8,7.684928496772864,0.5295527376028953,0.0,0.0,0.0,0.0,0.0,0.0,0.0,0.0,0.0,0.0,0.08770098828914547,0.006043296103340322,0.08770098828914547,0.006043296103340322,57898.0,0.0005745782416385817,3.95930139043637e-5,0.0005745782416385817,3.95930139043637e-5,34.0,7.429740779427934e-7,5.119682728444543e-8,4.351777634573164e-7,2.9987211472364374e-8,11555.0,15.648612403143845,1.0783139415352154,12.292364264436985,0.8470417324739098,9.291135e6,0.6104995544580621,0.04206827825455692,0.3909596676611687,0.026940232741167313,1.203401e6,0.0102670661975869,0.000707482576365601,NaN,NaN,3920.0,0.08783824766310032,0.00605275436665012,0.08783824766310029,0.006052754366650118,57918.0,0.009695740263695234,0.009695740263695234,0.0060559897387594125,1.0,0.08813830715682898,0.006073430853934872,0.08813830715682897,0.006073430853934871,57918.0,0.016164404821161802,0.016164404821161802,0.006076677278224085,1.0,0.0,0.0,0.0,0.0,0.0,0.0,0.0,0.0,1.0,0.0,0.0,0.0,0.0,0.0,0.0,0.0,0.0,1.0,12.959021103053452,0.8929796945615583,10.643935018306996,0.7334518376037906,4.473211e6,1.430439541199253,1.430439541199253,0.893457018011832,1.0,4.173321306035385,0.28757505335743494,2.6502009704288056,0.18261993975321478,9.326322e6,0.7653795178922821,0.7653795178922821,0.28772877053321977,1.0,11.5541749738546,0.7961746151206128,8.776032299235453,0.6047384736635011,4.360387e6,1.2986911785835074,1.2986911785835074,0.796600193458647,1.0,0.37303564518030213,0.025705124935338726,0.21153565081959202,0.014576489949017146,9.152915e6,0.30599052560799345,0.30599040913371267,0.025718865067391645,1.0,14.504358734447633,1.0,0,19388.94997586307,26.288305193007545,8.390933984916297e-5,1195.0,1
1.5768e6,3.0412573985421594e-5,2.1330910515086253e-6,4.136730061309746e-6,2.9014386879967415e-7,0.0,0.0,0.0,0.029617128599908994,0.0020772997385268928,0.18574126038335692,0.0,0.0,0.0,0.17598232421761387,0.012343128904256014,122518.0,-7.388399547105641e-7,-5.182109533529162e-8,7.388565504711018e-7,5.1822259336349635e-8,7.683427070867266,0.5389037290182163,0.0,0.0,0.0,0.0,0.0,0.0,0.0,0.0,0.0,0.0,0.08770387298798757,0.006151414436114586,0.08770387298798757,0.006151414436114586,59826.0,0.0005745782416385817,4.030003202682974e-5,0.0005745782416385817,4.030003202682974e-5,34.0,7.430174891639794e-7,5.211410116124442e-8,4.3520318855188194e-7,3.0524480681347086e-8,11644.0,15.68470601312238,1.1001010982553663,12.333583618442459,0.8650585400020451,9.420658e6,0.6107200652525684,0.04283496381435793,0.39111675691486,0.027432326335484845,1.260017e6,0.0102670661975869,0.0007201161941050254,NaN,NaN,3920.0,0.08784113236194262,0.00616104159698757,0.0878411323619426,0.0061610415969875695,59846.0,0.009932231798102471,0.009932231798102471,0.006173866568395799,1.0,0.08814119185567129,0.006182087307268445,0.08814119185567126,0.0061820873072684435,59846.0,0.016281921327503834,0.016281921327503834,0.006194956087930088,1.0,0.0,0.0,0.0,0.0,0.0,0.0,0.0,0.0,1.0,0.0,0.0,0.0,0.0,0.0,0.0,0.0,0.0,1.0,12.992937934306452,0.9113046351736431,10.683114600812274,0.7492971876749847,4.544844e6,1.469116663593935,1.469116663593935,0.9132016286781185,1.0,4.177583568594105,0.29300927081572126,2.6535150916246866,0.18611345753572014,9.455899e6,0.771706004546674,0.771706004546674,0.2936192059153958,1.0,11.587679484737533,0.812741974043111,8.814953270695291,0.6182672321718038,4.432011e6,1.3336998000525226,1.3336998000525226,0.8144337971569927,1.0,0.3749085968207384,0.026295510975010494,0.21283712349980682,0.014928067705939704,9.281532e6,0.3032220387002452,0.30322203864335096,0.026350248338995207,1.0,14.227896147222213,1.0,0,19804.349536121637,415.39956025856736,0.0013516728632318898,4320.0,1
1.5984e6,2.9048939531922744e-5,2.072866082110603e-6,4.1257624078542014e-6,2.94404997080521e-7,0.0,0.0,0.0,0.045701743711961965,0.00326117221352373,0.18574126038335692,0.0,0.0,0.0,0.1759944765673681,0.012558564511947253,126794.0,-7.388067385481542e-7,-5.271956409590346e-8,7.388235590733833e-7,5.2720764370226465e-8,7.682245079881293,0.5481874903917695,0.0,0.0,0.0,0.0,0.0,0.0,0.0,0.0,0.0,0.0,0.08770994916286456,0.006258781959442951,0.08770994916286456,0.006258781959442951,61847.0,0.0005745782416385817,4.10005930613238e-5,0.0005745782416385817,4.10005930613238e-5,34.0,7.43050713620535e-7,5.302240447915372e-8,4.3522265339314875e-7,3.105649606910533e-8,11946.0,15.747141905604154,1.1236801367718923,12.414552328708362,0.8858741441658217,9.549969e6,0.6113870160580641,0.04362718326556714,0.3916295933143395,0.027945794711024038,1.328535e6,0.0102670661975869,0.0007326344309531321,NaN,NaN,3920.0,0.08784720853681974,0.006268576475363601,0.08784720853681972,0.0062685764753636,61867.0,0.010170707226710355,0.010170707226710355,0.006289086268751708,1.0,0.0881472680305484,0.006289988036583655,0.08814726803054838,0.006289988036583654,61867.0,0.016394612944908713,0.016394612944908713,0.006310567885222498,1.0,0.0,0.0,0.0,0.0,0.0,0.0,0.0,0.0,1.0,0.0,0.0,0.0,0.0,0.0,0.0,0.0,0.0,1.0,13.051560436070174,0.9313295900807649,10.760266818432651,0.7678281025673255,4.616697e6,1.511073627243927,1.511073627243927,0.9343767535865237,1.0,4.185072608936183,0.2986372377793904,2.6596888128105083,0.18978932855656652,9.58548e6,0.7783865240845532,0.7783865240845532,0.2996143317127455,1.0,11.645518941601788,0.8309976753573116,8.891594651655177,0.6344839180458753,4.50385e6,1.371718620649992,1.371718620649992,0.8337165686649963,1.0,0.37848761762745436,0.027008013294827077,0.2153849114236773,0.015369376117772029,9.409763e6,0.30224626431895757,0.3022462412148618,0.027096379253937118,1.0,13.968199001069854,1.0,0,20626.70398635201,822.3544502303739,0.0027256173315920846,4320.0,1
1.62e6,2.7057527043946512e-5,1.9607438695696956e-6,4.165134576035613e-6,3.0182958230551686e-7,0.0,0.0,0.0,0.0759212120999909,0.005501687236737408,0.18418205120093767,0.0,0.0,0.0,0.1765618113693285,0.01279468329386681,131446.0,-7.387791160067404e-7,-5.3536179427026245e-8,7.387961081258233e-7,5.35374107736038e-8,7.6822705551546004,0.5567014631799159,0.0,0.0,0.0,0.0,0.0,0.0,0.0,0.0,0.0,0.0,0.08799169499839593,0.0063763837789363184,0.08799169499839593,0.0063763837789363184,64146.0,0.0005784213725364129,4.191573599415831e-5,0.0005784213725364129,4.191573599415831e-5,37.0,7.430783617443994e-7,5.3847727474643345e-8,4.352388406832162e-7,3.153990707584506e-8,11989.0,15.790476862427623,1.144268678187052,12.474550700730871,0.9039776167410919,9.675235e6,0.6175689761003171,0.04475259627232046,0.39531898435075424,0.028647084925068,1.416747e6,0.0102670661975869,0.0007440106064640753,NaN,NaN,3920.0,0.08813268072247224,0.0063866004145412825,0.08813268072247223,0.006386600414541282,64169.0,0.010420889210036923,0.010420889210036923,0.006421931875174125,1.0,0.0884291306468563,0.0064080828793255315,0.08842913064685627,0.00640808287932553,64169.0,0.016552659284223278,0.016552659284223278,0.006443533183601244,1.0,0.0,0.0,0.0,0.0,0.0,0.0,0.0,0.0,1.0,0.0,0.0,0.0,0.0,0.0,0.0,0.0,0.0,1.0,13.095263320650986,0.94895801950651,10.82042909828979,0.7841104616148525,4.687325e6,1.5483959766353528,1.5483959766353528,0.9542077722281734,1.0,4.192406032525946,0.3038058287319108,2.6656620804358986,0.19316919000284014,9.713806e6,0.7847580105096432,0.7847580105096432,0.3054865200201007,1.0,11.688092363673945,0.8469863270141417,8.950937344115781,0.6486363478773269,4.573726e6,1.4051299396705654,1.4051299396705654,0.8516719597650683,1.0,0.38188430563122666,0.02767353091563588,0.21772855289280907,0.01577786190960743,9.535529e6,0.30085185528443803,0.30085068557887573,0.027826624299385296,1.0,13.723702218513896,1.0,0,21945.02038336148,1318.3163970094683,0.0044472814665039604,6323.0,1
1.6416e6,2.4622179611629212e-5,1.809276115770011e-6,4.127679054631655e-6,3.0330828728021937e-7,0.0,0.0,0.0,0.10235848616848581,0.007521461023846473,0.18418205120093767,0.0,0.0,0.0,0.17680598230201072,0.012991979018510482,136036.0,-7.387625615704855e-7,-5.4285423912806444e-8,7.387797243883733e-7,5.428668506340211e-8,7.682620090494149,0.5645308926956595,0.0,0.0,0.0,0.0,0.0,0.0,0.0,0.0,0.0,0.0,0.08811378046473711,0.006474737857478504,0.08811378046473711,0.006474737857478504,66441.0,0.0005784213725364129,4.250330355346607e-5,0.0005784213725364129,4.250330355346607e-5,37.0,7.430949805255394e-7,5.460377680692578e-8,4.352485867181039e-7,3.198274420838778e-8,11989.0,15.829686494689565,1.163190024064399,12.530452970504145,0.9207572049634817,9.800065e6,0.621965700962745,0.04570300864219825,0.3978233596593698,0.029232680220849648,1.505277e6,0.0102670661975869,0.0007544400188499178,NaN,NaN,3920.0,0.08825476618881335,0.00648509770811964,0.08825476618881334,0.006485097708119639,66464.0,0.01063486553130166,0.01063486553130166,0.006534244775518978,1.0,0.08855121611319741,0.006506881310390845,0.0885512161131974,0.006506881310390844,66464.0,0.016675649767889433,0.016675649767889433,0.006556193463995081,1.0,0.0,0.0,0.0,0.0,0.0,0.0,0.0,0.0,1.0,0.0,0.0,0.0,0.0,0.0,0.0,0.0,0.0,1.0,13.133928851307267,0.9651015528158005,10.875592958397176,0.799155513233726,4.757776e6,1.582663161018501,1.582663161018501,0.9724155383867592,1.0,4.198548153877667,0.3085158590969477,2.6707357406675483,0.19624982285649864,9.841792e6,0.7906556411171423,0.7906556411171423,0.31085393485204665,1.0,11.725999244716432,0.8616446919663595,9.005561602067068,0.6617426959236345,4.642777e6,1.4356939526970294,1.4356939526970294,0.8681746336351384,1.0,0.3849344389187446,0.02828558224569509,0.21985256704497644,0.016155109125973954,9.659989e6,0.2990516795067397,0.29905057599198553,0.02849994345960836,1.0,13.506498336191235,1.0,0,23886.509919002427,1941.489535640947,0.0066548540236624175,6480.0,1
1.6632e6,2.1948492613909978e-5,1.6349520020382247e-6,4.070232377417972e-6,3.03193239339038e-7,0.0,0.0,0.0,0.12452055895455971,0.00927558628917655,0.18418205120093767,0.0,0.0,0.0,0.17694798887653618,0.013180926533742181,140652.0,-7.387486115559495e-7,-5.502967983782616e-8,7.387658895804304e-7,5.503096688478712e-8,7.6830533511382075,0.5723137200888698,0.0,0.0,0.0,0.0,0.0,0.0,0.0,0.0,0.0,0.0,0.08818478375199981,0.006568919847063505,0.08818478375199981,0.006568919847063505,68749.0,0.0005784213725364129,4.3086839615161956e-5,0.0005784213725364129,4.3086839615161956e-5,37.0,7.431089471751119e-7,5.5354482983787544e-8,4.352567655796604e-7,3.242245072603083e-8,11989.0,15.867851605150232,1.1820026188697896,12.582433295389398,0.9372704936361734,9.925407e6,0.6247837989753112,0.04654039532210776,0.39942631534573886,0.029753426143141942,1.593151e6,0.0102670661975869,0.0007647978715479241,NaN,NaN,3920.0,0.08832576947607608,0.006579421930094538,0.08832576947607605,0.0065794219300945355,68772.0,0.010844940488228488,0.010844940488228488,0.0066410212961754735,1.0,0.08862221940046014,0.006601504603647647,0.08862221940046011,0.006601504603647645,68772.0,0.016784164925009674,0.016784164925009674,0.006663310717176412,1.0,0.0,0.0,0.0,0.0,0.0,0.0,0.0,0.0,1.0,0.0,0.0,0.0,0.0,0.0,0.0,0.0,0.0,1.0,13.170830742896513,0.9811004550698924,10.926270921730342,0.8139022953664571,4.82822e6,1.6171597081408013,1.6171597081408013,0.9902859377363239,1.0,4.204022692284388,0.31315933345729846,2.6752090200875656,0.19927739094442132,9.969742e6,0.7961999901733222,0.7961999901733222,0.3160912652635052,1.0,11.762358763358531,0.8761828134227861,9.055862809571552,0.6745748462611592,4.712687e6,1.4664968755283898,1.4664968755283898,0.8843860121918121,1.0,0.3877201193204465,0.028881426914562837,0.22181090243468132,0.01652278292586052,9.783728e6,0.29702225486905937,0.29702119709813735,0.029151827203273972,1.0,13.300028043418923,1.0,0,26352.434131903312,2465.9242129008853,0.008583677991653594,6480.0,1
1.6848e6,1.9213804914068564e-5,1.4485859327896642e-6,3.993689305556333e-6,3.0109612197245934e-7,0.0,0.0,0.0,0.1441888785281459,0.010870828658599155,0.18418205120093767,0.0,0.0,0.0,0.17701418508099998,0.013345626207790255,145160.0,-7.38739843453464e-7,-5.56957952890615e-8,7.387572077281323e-7,5.569710443340486e-8,7.6835331492449255,0.5792844303300679,0.0,0.0,0.0,0.0,0.0,0.0,0.0,0.0,0.0,0.0,0.08821788185423204,0.006651008649565864,0.08821788185423204,0.006651008649565864,71003.0,0.0005784213725364129,4.3608908658566785e-5,0.0005784213725364129,4.3608908658566785e-5,37.0,7.431177359483227e-7,5.6025857632864854e-8,4.352619335532647e-7,3.2815692510878944e-8,11989.0,15.898762220874568,1.1986549985767423,12.620011105518026,0.9514601944207872,1.0050748e7,0.6262297125353563,0.04721332168879308,0.40025025834654454,0.030176058122235828,1.682507e6,0.0102670661975869,0.0007740646754435751,NaN,NaN,3920.0,0.08835886757830798,0.006661637982877717,0.08835886757830796,0.0066616379828777165,71026.0,0.011029097980686714,0.011029097980686714,0.00673485139847163,1.0,0.08865531750269204,0.006683988224912541,0.08865531750269202,0.00668398822491254,71026.0,0.016879049765492486,0.016879049765492486,0.006757447276424064,1.0,0.0,0.0,0.0,0.0,0.0,0.0,0.0,0.0,1.0,0.0,0.0,0.0,0.0,0.0,0.0,0.0,0.0,1.0,13.20034876751616,0.9952135778447541,10.96250739832989,0.8264960572018553,4.898653e6,1.6476890653577654,1.6476890653577654,1.0061512759704598,1.0,4.2079864308411095,0.3172526199963095,2.678444021916346,0.20193586586650739,1.00979e7,0.8011568214904587,0.8011568214904587,0.32073932221215307,1.0,11.791548607315503,0.888999941175412,9.091880238857328,0.6854639086594225,4.782813e6,1.4936369368068096,1.4936369368068096,0.898770319320176,1.0,0.38969644955186167,0.0293803750690507,0.22320124177276668,0.01682780586454646,9.908194e6,0.2943257534236922,0.2943247324281888,0.02970327427428584,1.0,13.119646203086182,1.0,0,29256.270331120082,2903.83619921677,0.010246988294793072,6480.0,1
1.7064e6,1.6546002719540654e-5,1.263708653833008e-6,3.9009560753569655e-6,2.9793733472732686e-7,0.0,0.0,0.0,0.14389642533294786,0.010990156416094785,0.18418205120093767,0.0,0.0,0.0,0.17707411471936407,0.013524117875093123,149576.0,-7.387322165266319e-7,-5.6421016647570146e-8,7.387500891802149e-7,5.6422381679800744e-8,7.685065649850397,0.5869504636017822,0.0,0.0,0.0,0.0,0.0,0.0,0.0,0.0,0.0,0.0,0.08824784667341405,0.006739970336860777,0.08824784667341405,0.006739970336860777,73211.0,0.0005784213725364129,4.417720137160257e-5,0.0005784213725364129,4.417720137160257e-5,37.0,7.431254658368948e-7,5.6756553107096314e-8,4.3526645876756847e-7,3.32436782461193e-8,11989.0,15.925928538911712,1.2163501998691517,12.652761081785926,0.9663605128658083,1.0178585e7,0.647976849463906,0.04948953327463971,0.4129715042131977,0.03154089072186135,1.739174e6,0.0102670661975869,0.0007841519564144685,NaN,NaN,3920.0,0.08838883239749001,0.0067507381871145,0.08838883239749,0.006750738187114499,73234.0,0.011236214290071198,0.011236214290071198,0.00682575429446854,1.0,0.08868528232187407,0.006773379687978624,0.08868528232187406,0.006773379687978623,73234.0,0.016967503118958,0.016967503118958,0.006848647394078223,1.0,0.0,0.0,0.0,0.0,0.0,0.0,0.0,0.0,1.0,0.0,0.0,0.0,0.0,0.0,0.0,0.0,0.0,1.0,13.24623686312726,1.011687501712222,11.00604363384686,0.8405917018332318,4.971528e6,1.6838954864999998,1.6838954864999998,1.0229296586635974,1.0,4.211969219187121,0.3216911082505122,2.6814959236571405,0.20480049842742545,1.0227318e7,0.8058451074681358,0.8058451074681358,0.3252658306056796,1.0,11.837150164135629,0.9040678496609291,9.135239637993797,0.6977081764731854,4.855405e6,1.526236965897727,1.526236965897727,0.914114106675451,1.0,0.39185361240653366,0.0299280019124528,0.2246705432300961,0.01715931724137402,1.0032319e7,0.29178989987731513,0.2917896021402957,0.030260570313437714,1.0,12.949313524091927,1.0,0,32411.549607721336,3155.2792766012535,0.01128073268249475,6480.0,1
1.728e6,1.3993460673897422e-5,1.0861728217275493e-6,3.862182933527931e-6,2.997827508647035e-7,0.0,0.0,0.0,0.08108000756869528,0.006293432529585453,0.1821346923891155,0.0,0.0,0.0,0.17747738731483564,0.01377579993004676,156662.0,-7.387284264226116e-7,-5.73401217980714e-8,7.387471051165887e-7,5.7341571638837454e-8,7.689613956706274,0.596868057444217,0.0,0.0,0.0,0.0,0.0,0.0,0.0,0.0,0.0,0.0,0.08844941562961169,0.0068654461961488895,0.08844941562961169,0.0068654461961488895,76348.0,0.0005785560556130356,4.490753774904119e-5,0.0005785560556130356,4.490753774904119e-5,38.0,7.43129531182506e-7,5.7681735676666125e-8,4.3526884559106663e-7,3.378558036809526e-8,11991.0,15.954760741379426,1.2384089896202506,12.682109237661946,0.9843856853668299,1.0307828e7,0.7568125047197136,0.058743808477874984,0.4767758661194263,0.03700735650049176,1.7915600000000002e6,0.0102670661975869,0.0007969299748344904,NaN,NaN,3920.0,0.08859052875137807,0.006876399400736636,0.08859052875137809,0.006876399400736637,76372.0,0.011535084013423525,0.011535084013423525,0.006919949636884496,1.0,0.08888685856345757,0.006899400529310125,0.08888685856345757,0.006899400529310125,76372.0,0.017083216900811243,0.017083216900811243,0.006943096438290913,1.0,0.0,0.0,0.0,0.0,0.0,0.0,0.0,0.0,1.0,0.0,0.0,0.0,0.0,0.0,0.0,0.0,0.0,1.0,13.379157024399952,1.0384905547085816,11.09723537092804,0.861367730049765,5.045146e6,1.7420564306411623,1.7420564306411623,1.0450676172465776,1.0,4.218626148140204,0.3274498834792421,2.686149055106394,0.2084989672503288,1.0356785e7,0.8107802061725786,0.8107802061725786,0.3295237187702206,1.0,11.969598378790534,0.9290805719194118,9.226037357473302,0.7161252861933771,4.929023e6,1.5800100547884088,1.5800100547884088,0.9349647092345227,1.0,0.39620438229152033,0.030753395598355753,0.22743588158711092,0.017653579698577993,1.0159521e7,0.2909932077266498,0.290993136471724,0.030948165791680114,1.0,12.802192703712125,1.0,0,34674.179285564955,2262.629677843619,0.008182299423118971,7831.0,1
1.7496e6,1.1549826285845968e-5,9.043812314493755e-7,3.862066950299832e-6,3.0240981794959243e-7,0.0,0.0,0.0,0.10555120737173838,0.00826493217658202,0.1821346923891155,0.0,0.0,0.0,0.17748314835872414,0.013897388956479738,165302.0,-7.387258569885837e-7,-5.7844142735337794e-8,7.387445458814107e-7,5.7845606123919664e-8,7.690061387053963,0.6021516700790582,0.0,0.0,0.0,0.0,0.0,0.0,0.0,0.0,0.0,0.0,0.08845229615155555,0.006926043261455811,0.08845229615155555,0.006926043261455811,80320.0,0.0005785560556130356,4.5302433568115445e-5,0.0005785560556130356,4.5302433568115445e-5,38.0,7.431325111046285e-7,5.8189195135036995e-8,4.352705885760367e-7,3.408281139193407e-8,11991.0,15.962887084680405,1.249935290959503,12.686912989169587,0.9934180574211007,1.0437399e7,0.7871518889553656,0.061636026123055535,0.4945710607879862,0.038726191539590046,1.872268e6,0.0102670661975869,0.0008039378031620146,NaN,NaN,3920.0,0.08859340927332225,0.006937092783386147,0.08859340927332232,0.006937092783386153,80344.0,0.011675797775318639,0.011675797775318639,0.006994905200449484,1.0,0.08888973908540174,0.006960296173093578,0.0888897390854018,0.006960296173093583,80344.0,0.017149649798409744,0.017149649798409744,0.007018301962810984,1.0,0.0,0.0,0.0,0.0,0.0,0.0,0.0,0.0,1.0,0.0,0.0,0.0,0.0,0.0,0.0,0.0,0.0,1.0,13.417231130784737,1.0506038543255216,11.119626493681116,0.8706954765143334,5.115617e6,1.7682678505400493,1.7682678505400493,1.05935938781645,1.0,4.2191835818180214,0.33037297263177706,2.686465824655171,0.21035721322715548,1.048614e7,0.8140143239014449,0.8140143239014449,0.33312623839837957,1.0,12.007584840524023,0.9402249086736432,9.248358949766795,0.7241703943310279,4.999396e6,1.6033741240396293,1.6033741240396293,0.9480605649421825,1.0,0.39660279872537124,0.03105502356750368,0.22767207868304284,0.017827311839169194,1.0280245e7,0.28719266462793314,0.28719263273298873,0.031313830250714846,1.0,12.665419578185183,1.0,0,36660.412723895846,1986.2334383308917,0.007260339952176658,8640.0,1
1.7712e6,9.325698260268794e-6,7.364588230786919e-7,3.861962106648112e-6,3.049826392039621e-7,0.0,0.0,0.0,0.12081371215523026,0.009540768077890206,0.1821346923891155,0.0,0.0,0.0,0.17759961075833391,0.014025201831326085,173942.0,-7.387240247030599e-7,-5.8337704119229053e-8,7.387428214387538e-7,5.833918851444113e-8,7.690959771179609,0.6073620466104642,0.0,0.0,0.0,0.0,0.0,0.0,0.0,0.0,0.0,0.0,0.08851052735136067,0.006989756368267768,0.08851052735136067,0.006989756368267768,84637.0,0.0005785560556130356,4.568909479058627e-5,0.0005785560556130356,4.568909479058627e-5,38.0,7.431350385354234e-7,5.868604586961639e-8,4.352720641325533e-7,3.437382843875689e-8,11991.0,15.968776730394804,1.2610687359440678,12.690387932157538,1.002171408520288,1.0566991e7,0.8299905894562601,0.0655451072528835,0.5196925879697685,0.04104059353169591,1.906825e6,0.0102670661975869,0.0008107995001896975,NaN,NaN,3920.0,0.08865164047312712,0.007000900199075574,0.08865164047312722,0.0070009001990755815,84661.0,0.011824479526575974,0.011824479526575974,0.007068337568512995,1.0,0.08894797028520661,0.007024301632250498,0.0889479702852067,0.007024301632250506,84661.0,0.017219328853616152,0.017219328853616152,0.007091964419998352,1.0,0.0,0.0,0.0,0.0,0.0,0.0,0.0,0.0,1.0,0.0,0.0,0.0,0.0,0.0,0.0,0.0,0.0,1.0,13.465629109891957,1.0633929052299587,11.14804795808961,0.8803714263217916,5.189011e6,1.7960644030117898,1.7960644030117898,1.0736362193992701,1.0,4.220034242989517,0.33325991954775724,2.6869649857546287,0.21219205423932214,1.0615736e7,0.8169512712944172,0.8169512712944172,0.3364701027633664,1.0,12.055899602016682,0.9520652914412616,9.276710280311717,0.7325901980109158,5.072778e6,1.6283383380075231,1.6283383380075231,0.9612362233159866,1.0,0.3972545773385873,0.031371553134613935,0.2280548573164093,0.01800969826915469,1.0405983e7,0.28372645003658964,0.28372643627059485,0.03167374498971908,1.0,12.542077909244119,1.0,0,39137.445246183444,2477.032522287598,0.009143415661839094,8640.0,1
1.7928e6,1.357990789108215e-5,1.0806496402865438e-6,3.8021313871103176e-6,3.0256257617926484e-7,0.0,0.0,0.0,0.12798431519360073,0.010184620196659007,0.17989354990080542,0.0,0.0,0.0,0.17785417531402048,0.014153118866348978,181552.0,-7.387227013589873e-7,-5.878540766976284e-8,7.387416367089834e-7,5.878691448993615e-8,7.692510819649651,0.6121476755828206,0.0,0.0,0.0,0.0,0.0,0.0,0.0,0.0,0.0,0.0,0.08862562975270394,0.007052570288442213,0.08862562975270394,0.007052570288442213,88311.0,0.0006029158086121927,4.797828946451838e-5,0.0006029158086121927,4.797828946451838e-5,48.0,7.4313732391571e-7,5.9136710514832656e-8,4.352734007166354e-7,3.463779339914576e-8,12287.0,15.97965262350316,1.2716143583589903,12.696787958786107,1.0103735202406703,1.069659e7,0.8761701912983249,0.0697230798360648,0.5467673221423682,0.04351015594013006,1.942563e6,0.0102670661975869,0.0008170233172572921,NaN,NaN,3920.0,0.0887906676830368,0.007065703527745328,0.08879066768303685,0.007065703527745332,88345.0,0.011972251147658732,0.011972251147658732,0.007138405476331516,1.0,0.08906350763098354,0.007087415338603638,0.08906350763098361,0.007087415338603644,88345.0,0.0172937234270458,0.0172937234270458,0.0071603406889997855,1.0,0.0,0.0,0.0,0.0,0.0,0.0,0.0,0.0,1.0,0.0,0.0,0.0,0.0,0.0,0.0,0.0,0.0,1.0,13.522363683898204,1.0760704393602443,11.18133873317316,0.8897784710204467,5.262358e6,1.8233124984658524,1.8233124984658524,1.0871425735716906,1.0,4.221391331946385,0.3359260652550032,2.687778623486279,0.21388561880804133,1.0744988e7,0.8196799802056377,0.8196799802056377,0.33938254760372166,1.0,12.112495580922564,0.9638772293214178,9.30991627067585,0.7408561051883527,5.146123e6,1.652915535140009,1.652915535140009,0.9737949611501525,1.0,0.39830065541121207,0.031695609679258406,0.22866803220830734,0.018196738058379243,1.0531016e7,0.2806660944422775,0.28066609371352874,0.0320217389282795,1.0,12.438445529248225,1.0,0,41887.993829630934,2750.5485834474894,0.01023763073104356,8056.0,1
1.8144e6,9.208208301113023e-6,7.371566408557688e-7,3.8020445176135993e-6,3.043700004754847e-7,0.0,0.0,0.0,0.13490560049518285,0.01079977298967476,0.17989354990080542,0.0,0.0,0.0,0.17812283128340595,0.014259498012520333,192830.0,-7.387220429808264e-7,-5.913787372338602e-8,7.387412728693768e-7,5.913941315859256e-8,7.694437059266238,0.6159727484878083,0.0,0.0,0.0,0.0,0.0,0.0,0.0,0.0,0.0,0.0,0.08875937430750797,0.007105569299629521,0.08875937430750797,0.007105569299629521,93949.0,0.0006040826683905653,4.835941326133481e-5,0.0006040826683905653,4.835941326133481e-5,49.0,7.431393645213434e-7,5.949149929330213e-8,4.3527460004112336e-7,3.484560204587996e-8,12329.0,15.982704519229795,1.2794841721555816,12.698568981692265,1.016575010915865,1.0826188e7,0.9375471791180747,0.07505468019429407,0.582761842644973,0.04665258954786688,1.976426e6,0.0102670661975869,0.0008219227652291653,NaN,NaN,3920.0,0.0889254897187879,0.007118867552076601,0.08892548971878791,0.0071188675520766015,93984.0,0.012092057345500135,0.012092057345500135,0.007196589080445384,1.0,0.089197341564618,0.007140630460443729,0.08919734156461802,0.00714063046044373,93984.0,0.017362097056022725,0.017362097056022725,0.00721858958931395,1.0,0.0,0.0,0.0,0.0,0.0,0.0,0.0,0.0,1.0,0.0,0.0,0.0,0.0,0.0,0.0,0.0,0.0,1.0,13.586426634456584,1.087651831016766,11.218918058218705,0.8981225966438003,5.335798e6,1.8474775961741956,1.8474775961741956,1.0995264672593057,1.0,4.222997293820528,0.33806907898461247,2.688734047461831,0.21524471360426614,1.0873068e7,0.8219985887081335,0.8219985887081335,0.34176000950420704,1.0,12.176506355638216,0.9747816544719381,9.347448980766002,0.7483034555592392,5.219563e6,1.6748561122349237,1.6748561122349237,0.9854240100793703,1.0,0.3995826163403873,0.031988305387296204,0.2294189475879871,0.01836597253476385,1.0656806e7,0.2777087418417795,0.2777087225363321,0.03233754351631615,1.0,12.356616269840499,1.0,0,44634.06831786962,2746.074488238686,0.010288664419360454,9959.0,1
1.836e6,6.329037876910523e-6,5.08955818085879e-7,3.801963108072797e-6,3.057386101386542e-7,0.0,0.0,0.0,0.15583102446912075,0.012531305402861197,0.17989354990080542,0.0,0.0,0.0,0.1783232215781387,0.014340037599255812,205790.0,-7.38721514587558e-7,-5.9405018599459015e-8,7.387408869225608e-7,5.940657644486954e-8,7.695706032049135,0.6188577846214358,0.0,0.0,0.0,0.0,0.0,0.0,0.0,0.0,0.0,0.0,0.0888595694548748,0.007145729848079431,0.0888595694548748,0.007145729848079431,100429.0,0.0006040826683905653,4.85779030970662e-5,0.0006040826683905653,4.85779030970662e-5,49.0,7.431413774670619e-7,5.976044622865238e-8,4.3527577504054433e-7,3.5003130410536694e-8,12383.0,15.988987947179425,1.2857702227868988,12.702272697700097,1.0214657769695121,1.0955785e7,0.9908252531167535,0.07967818917941907,0.6140282973873024,0.049377690654173356,2.013024e6,0.0102670661975869,0.000825636246387184,NaN,NaN,3920.0,0.08902568486615425,0.007159088182582823,0.08902568486615431,0.007159088182582827,100464.0,0.012182073175840372,0.012182073175840372,0.007249939387196007,1.0,0.08929753671198434,0.00718094941667298,0.0892975367119844,0.007180949416672984,100464.0,0.017415718840055605,0.017415718840055605,0.007272078047600908,1.0,0.0,0.0,0.0,0.0,0.0,0.0,0.0,0.0,1.0,0.0,0.0,0.0,0.0,0.0,0.0,0.0,0.0,1.0,13.645608240572129,1.097325034298888,11.2537033877717,0.9049776483586289,5.409238e6,1.8672341399610841,1.8672341399610841,1.111250453105825,1.0,4.224332240209369,0.33970384014067884,2.689515436867926,0.21628003435079898,1.1001681e7,0.8238724750018221,0.8238724750018221,0.34401479459484946,1.0,12.235679513831673,0.983944226265036,9.38219204654998,0.7544782194954435,5.293003e6,1.6927310754675868,1.6927310754675868,0.9964308049952502,1.0,0.40064985174863516,0.03221865266545878,0.23004476174835833,0.018499276223191124,1.0783046e7,0.2747620215207105,0.2747620159577828,0.03262751805879085,1.0,12.279507470556371,1.0,0,47807.55638765913,3173.4880697895132,0.01196470984882913,10800.0,1
1.8576e6,4.150028210198846e-6,3.3542325098297364e-7,3.801889361206286e-6,3.0728516164768217e-7,0.0,0.0,0.0,0.15878286005723735,0.012833518333655187,0.17989354990080542,0.0,0.0,0.0,0.17868202170797826,0.014441854748411129,218750.0,-7.387213303310326e-7,-5.970665683215434e-8,7.387410633890156e-7,5.970825174335137e-8,7.697741928998248,0.6221648365442856,0.0,0.0,0.0,0.0,0.0,0.0,0.0,0.0,0.0,0.0,0.08903896951979391,0.007196515085634124,0.08903896951979391,0.007196515085634124,106909.0,0.0006040826683905653,4.882457714289235e-5,0.0006040826683905653,4.882457714289235e-5,49.0,7.431433896198205e-7,6.006406681289604e-8,4.352769554250184e-7,3.5180968434823e-8,12383.0,15.992071634039627,1.292548480576509,12.704076232613156,1.0267984540939925,1.1085378e7,1.063172176624817,0.08593017921221638,0.6564665616740675,0.05305847023815292,2.054132e6,0.0102670661975869,0.0008298287499802291,NaN,NaN,3920.0,0.089205084931074,0.007209941252510052,0.08920508493107408,0.007209941252510059,106944.0,0.012297694404478457,0.012297694404478457,0.0073036730748187615,1.0,0.0894769367769041,0.0072319134959010645,0.08947693677690419,0.007231913495901071,106944.0,0.017480381914088378,0.017480381914088378,0.0073259309652547525,1.0,0.0,0.0,0.0,0.0,0.0,0.0,0.0,0.0,1.0,0.0,0.0,0.0,0.0,0.0,0.0,0.0,0.0,1.0,13.720658180753647,1.1089630092885583,11.297747565095916,0.913132881303444,5.482678e6,1.8915116942670929,1.8915116942670929,1.1233799261666784,1.0,4.226562927322002,0.34160911824224255,2.6908362909653074,0.21748504127284096,1.1129675e7,0.8257092477107068,0.8257092477107068,0.34605015930606114,1.0,12.31070287917165,0.9950043162283363,9.42619783665449,0.761866127803461,5.366443e6,1.7149613422773287,1.7149613422773287,1.007939729222533,1.0,0.4024804447233663,0.03253021241986113,0.2311174047325414,0.018679909467512346,1.0910739e7,0.2725418148988137,0.2725417321729634,0.03295311684909507,1.0,12.213729176711212,1.0,0,51199.94630172762,3392.389914068488,0.012858897257501828,10800.0,1
1.8792e6,2.397107554769642e-6,1.9458136040945162e-7,3.801822218455571e-6,3.086068198441994e-7,0.0,0.0,0.0,0.16582642126123237,0.01346069373342832,0.17989354990080542,0.0,0.0,0.0,0.17903992291346724,0.014533278533450562,231710.0,-7.387212140990054e-7,-5.996450952594805e-8,7.387411524539793e-7,5.996612798992871e-8,7.699902465127454,0.6250272307153819,0.0,0.0,0.0,0.0,0.0,0.0,0.0,0.0,0.0,0.0,0.08921792012253862,0.007242121545945248,0.08921792012253862,0.007242121545945248,113389.0,0.0006040826683905653,4.9035441560111196e-5,0.0006040826683905653,4.9035441560111196e-5,49.0,7.431453623310276e-7,6.032363266163175e-8,4.352781154274812e-7,3.533300276319092e-8,12383.0,15.997681246985998,1.298586112350911,12.707376780122322,1.0315009254348175,1.1214978e7,1.136167527431056,0.09222657644238369,0.6992876425058729,0.05676355260971465,2.090997e6,0.0102670661975869,0.0008334126285511364,NaN,NaN,3920.0,0.08938403553381853,0.007255605697979855,0.08938403553381857,0.007255605697979859,113424.0,0.012401194978148306,0.012401194978148306,0.007354603766815679,1.0,0.08965588737964862,0.0072776728354706985,0.08965588737964866,0.007277672835470702,113424.0,0.0175396461131698,0.0175396461131698,0.007376971996191509,1.0,0.0,0.0,0.0,0.0,0.0,0.0,0.0,0.0,1.0,0.0,0.0,0.0,0.0,0.0,0.0,0.0,0.0,1.0,13.798880370907646,1.1201019784681763,11.343648522769442,0.9208024717853173,5.556118e6,1.914464981781056,1.914464981781056,1.1353850488806725,1.0,4.228942190770672,0.3432775984272265,2.692243444778381,0.21853854283511606,1.1257114e7,0.8273204540944369,0.8273204540944369,0.3479614002672792,1.0,12.388901287115283,1.0056491881762715,9.472083532313325,0.7688811859785777,5.439883e6,1.7360660317217835,1.7360660317217835,1.0193706239460631,1.0,0.40445426399314255,0.03283092606946125,0.2322736288479249,0.01885443921718921,1.1040336e7,0.27035722580698013,0.27035716797839504,0.03327888292024123,1.0,12.15348078126568,1.0,0,54704.781288686085,3504.8349869584636,0.013350980015204888,10800.0,1
1.9008e6,8.940911149322865e-5,7.285230035318102e-6,3.8017521606332692e-6,3.097742340228778e-7,4.098397816111579e-6,3.339455047473484e-7,0.0015592091824192522,0.17409464428292834,0.01418557359910758,0.17989354990080542,0.0,0.0,0.0,0.1795895271010977,0.014633307445008873,244845.0,-7.387210107853967e-7,-6.019243906592119e-8,7.387410499023761e-7,6.019407189253653e-8,7.702340247083767,0.6276018134297624,0.0,0.0,0.0,0.0,0.0,0.0,0.0,0.0,0.0,0.0,0.08943769644154649,0.007287559193057902,0.08943769644154649,0.007287559193057902,119921.0,0.0007141342180058533,5.818905889316064e-5,0.0007141342180058533,5.818905889316064e-5,84.0,7.431473639841551e-7,6.055310701946599e-8,4.352792847023226e-7,3.546741115870838e-8,12971.0,16.01028863463106,1.3045497677712612,12.71485739388468,1.0360315568926155,1.1344578e7,1.2099518545783383,0.09858925388080311,0.7425715456143697,0.06050618820758665,2.126508e6,0.0102670661975869,0.0008365807218979475,NaN,NaN,3920.0,0.08970068468420031,0.007308987991670472,0.08970068468420042,0.00730898799167048,119991.0,0.012517110674640121,0.012517110674640121,0.007414162134302333,1.0,0.08988884241689717,0.0073243194533383835,0.08988884241689728,0.007324319453338392,119991.0,0.01760343597791441,0.01760343597791441,0.007429714211100282,1.0,0.0,0.0,0.0,0.0,0.0,0.0,0.0,0.0,1.0,0.0,0.0,0.0,0.0,0.0,0.0,0.0,0.0,1.0,13.884594129787757,1.1313440039071623,11.39400284231704,0.9284057334093346,5.629558e6,1.937499161872326,1.937499161872326,1.1476237044304407,1.0,4.231614773833064,0.3448002841473178,2.6938760099091783,0.219502309004598,1.1385111e7,0.828700845972452,0.828700845972452,0.34976185670780685,1.0,12.474619645712592,1.0164565132603673,9.522386447677265,0.7759027530631301,5.513323e6,1.7574007642053888,1.7574007642053888,1.031083017288909,1.0,0.4066147328193084,0.03313176716404812,0.23354296819572976,0.019029539808878723,1.1168936e7,0.2683525335379219,0.2683524980232537,0.03360852334552337,1.0,12.098559899195012,1.0,0,58359.359195615994,3654.5779069299097,0.013984591804879428,10583.0,1
1.9224e6,0.0004625616936743606,3.773304078665533e-5,4.096418808003189e-6,3.341615617449346e-7,0.0,0.0,0.0,0.2141515793223815,0.01746921629612231,0.17899999693939259,0.0,0.0,0.0,0.18063991050506994,0.014735533019697138,257856.99999999997,-7.387209131517154e-7,-6.026047276956776e-8,7.387410095766058e-7,6.02621121167736e-8,7.703570589682008,0.6284116199816262,0.0,0.0,0.0,0.0,0.0,0.0,0.0,0.0,0.0,0.0,0.08963523787967471,0.007311911325749264,0.08963523787967471,0.007311911325749264,126185.0,0.0013694347457211356,0.00011171036819865997,0.0013694347457211356,0.00011171036819865997,311.0,7.431493455224278e-7,6.062171802949772e-8,4.3528044902057687e-7,3.55075985779526e-8,13527.0,16.02426532918444,1.3071645696367753,12.723695810066882,1.0379236748822485,1.1471793e7,1.2337535942191113,0.10064230421147982,0.7565341081554873,0.06171356761682754,2.168658e6,0.0102670661975869,0.0008375263946209268,NaN,NaN,3920.0,0.09045026082556207,0.0073783960660115605,0.09045026082556229,0.007378396066011579,126482.0,0.012643329382421053,0.012643329382421053,0.007509582588544437,1.0,0.09018964967950746,0.007357136953685544,0.09018964967950764,0.007357136953685559,126482.0,0.01766918117175109,0.01766918117175109,0.007487945493118404,1.0,0.0,0.0,0.0,0.0,0.0,0.0,0.0,0.0,1.0,0.0,0.0,0.0,0.0,0.0,0.0,0.0,0.0,1.0,13.920456774650217,1.1355483396697532,11.415405889472293,0.9312011390353463,5.702986e6,1.9458309854416453,1.9458309854416453,1.1557381799163997,1.0,4.233326461012404,0.34532967645405865,2.6951168723730374,0.2198516571102992,1.1513246e7,0.8293569435583658,0.8293569435583658,0.3514695744720164,1.0,12.510801396164899,1.020557010688326,9.543712654998243,0.7785195008402144,5.584444e6,1.7647499502274842,1.7647499502274842,1.038702326293635,1.0,0.4077939459681698,0.033265412605914146,0.2342692792586997,0.01911029899408819,1.1286276e7,0.2654428530661684,0.2654415188055146,0.03385686551266359,1.0,12.044645592358258,1.0,0,62429.96168673003,4070.602491114034,0.01564627349040655,9823.0,1
1.944e6,0.0002838793172594045,2.3056092193325654e-5,3.7987425866781725e-6,3.0852603191634166e-7,0.0,0.0,0.0,0.2953470649443702,0.023987478989753515,0.17744078775697336,0.0,0.0,0.0,0.1806917721854427,0.014675412771533808,276721.0,-7.387206528127107e-7,-5.99973666302712e-8,7.387407367306769e-7,5.999899780463327e-8,7.7038390407282105,0.6256899054159141,0.0,0.0,0.0,0.0,0.0,0.0,0.0,0.0,0.0,0.0,0.08965678173637126,0.007281738752322472,0.08965678173637126,0.007281738752322472,135378.0,0.0013782087127010268,0.00011193526688893305,0.0013782087127010268,0.00011193526688893305,313.0,7.431513415699611e-7,6.035721802576315e-8,4.352816205618884e-7,3.5352674758494116e-8,13534.0,16.034559339313265,1.3022938126511578,12.729738710015495,1.0338831026103592,1.1593043e7,1.2343008763241907,0.10024736945815804,0.7568545340069454,0.06147016303077487,2.238252e6,0.0102670661975869,0.0008338699243461664,NaN,NaN,3920.0,0.09048057631788606,0.007348645647841075,0.0904805763178863,0.007348645647841094,135677.0,0.012550589090087943,0.012550589090087943,0.007529253456948147,1.0,0.09021119586755617,0.0073267671236926955,0.0902111958675564,0.007326767123692714,135677.0,0.01767806427625457,0.01767806427625457,0.007506837223880017,1.0,0.0,0.0,0.0,0.0,0.0,0.0,0.0,0.0,1.0,0.0,0.0,0.0,0.0,0.0,0.0,0.0,0.0,1.0,13.9311589708734,1.1314599763491293,11.42169977077328,0.927646879884523,5.774507e6,1.9323954257081974,1.9323954257081974,1.159267890516387,1.0,4.233748580025447,0.3438563208013861,2.695376613642513,0.2189129250409204,1.1641362e7,0.8296584343818533,0.8296584343818533,0.35230728438347175,1.0,12.521475288647776,1.0169683774028029,9.549978651607992,0.775629554000103,5.651627e6,1.751991335895674,1.751991335895674,1.0419624292833496,1.0,0.4080406884547509,0.03314022248068211,0.2344138599940674,0.0190386098557432,1.1400451e7,0.2623940129627347,0.26239292822523064,0.03395471038258759,1.0,12.017204206930868,1.0,0,67916.53272327132,5486.571036541289,0.0211370227204673,12696.0,1
1.9656e6,0.0001742878043120349,1.4072064290227476e-5,3.7986996863909536e-6,3.0670847232923254e-7,0.0,0.0,0.0,0.3673279791431314,0.02965820218176074,0.17744078775697336,0.0,0.0,0.0,0.18072934362848048,0.014592156649798219,298319.0,-7.387205116184988e-7,-5.964457796137049e-8,7.387405977596549e-7,5.964619972412553e-8,7.704434886950965,0.6220590332008619,0.0,0.0,0.0,0.0,0.0,0.0,0.0,0.0,0.0,0.0,0.08967556745788997,0.0072404397743790995,0.08967556745788997,0.0072404397743790995,146117.0,0.0013782087127010268,0.00011127710104005992,0.0013782087127010268,0.00011127710104005992,313.0,7.431533641911887e-7,6.000248818141268e-8,4.352828026071754e-7,3.514490073988271e-8,13534.0,16.042421541594315,1.295271279567419,12.734304583459332,1.0281726452239446,1.1710408e7,1.2347460330437487,0.09969386915900899,0.7571145503152383,0.06112971971365302,2.311147e6,0.0102670661975869,0.0008289668699124674,NaN,NaN,3920.0,0.0904993620394049,0.0073069532654336114,0.0904993620394052,0.007306953265433636,146416.0,0.01242675089154519,0.01242675089154519,0.007530288071546436,1.0,0.09022998158907497,0.007285203384364558,0.09022998158907529,0.007285203384364584,146416.0,0.017683205299988666,0.017683205299988666,0.007507873411971885,1.0,0.0,0.0,0.0,0.0,0.0,0.0,0.0,0.0,1.0,0.0,0.0,0.0,0.0,0.0,0.0,0.0,0.0,1.0,13.939333455606771,1.125467139393369,11.426467133796486,0.9225773470017391,5.845813e6,1.9140535418535225,1.9140535418535225,1.1598667005007108,1.0,4.233992487876407,0.3418541803823894,2.695539490559601,0.217638894228599,1.1770344e7,0.8297747276809108,0.8297747276809108,0.35230284952274543,1.0,12.529622050657018,1.0116464988762401,9.55471119600001,0.7714510533619939,5.720573e6,1.7347669951983458,1.7347669951983458,1.0425671666941196,1.0,0.40820245914231784,0.03295842340291047,0.2345086579715599,0.01893431915455535,1.1511762e7,0.2592979789572989,0.2592969201524334,0.03396578759877776,1.0,12.018047806346372,1.0,0,75097.0016444941,7180.468921222782,0.027660824959252622,12960.0,1
1.9872e6,0.00010614075208241628,8.533878771974718e-6,3.7986549491185182e-6,3.054176666014938e-7,0.0,0.0,0.0,0.42769703759570904,0.034387495833272455,0.17744078775697336,0.0,0.0,0.0,0.18105332306126104,0.01455696403082056,319919.0,-7.387204038614384e-7,-5.939425008071043e-8,7.387405298269929e-7,5.939586823911652e-8,7.705833691451039,0.6195608121259562,0.0,0.0,0.0,0.0,0.0,0.0,0.0,0.0,0.0,0.0,0.08983755717428027,0.007223076971419576,0.08983755717428027,0.007223076971419576,156903.0,0.0013782087127010268,0.0001108100879814507,0.0013782087127010268,0.0001108100879814507,313.0,7.431553996497541e-7,5.975083052384048e-8,4.352839890730166e-7,3.4997498333593185e-8,13534.0,16.05128603919416,1.290547942287153,12.739469167019138,1.0242728015176894,1.1829208e7,1.2357201293815632,0.09935378799693076,0.7576839291053289,0.060918946508289766,2.337106e6,0.0102670661975869,0.0008254878221139077,NaN,NaN,3920.0,0.09066135175579514,0.007289311315474334,0.09066135175579546,0.007289311315474359,157202.0,0.012362387750851666,0.012362387750851666,0.0075488990501056345,1.0,0.0903919713054653,0.007267652715346178,0.09039197130546557,0.007267652715346199,157202.0,0.017710622663658797,0.017710622663658797,0.007526469141591922,1.0,0.0,0.0,0.0,0.0,0.0,0.0,0.0,0.0,1.0,0.0,0.0,0.0,0.0,0.0,0.0,0.0,0.0,1.0,13.948442192736902,1.121476081479864,11.431943293058255,0.9191457218552213,5.919235e6,1.90197970323039,1.90197970323039,1.1614142077081309,1.0,4.235501914489175,0.3405408306194339,2.696596360844479,0.21681047089741992,1.189993e7,0.8298676875319648,0.8298676875319648,0.35266820712238245,1.0,12.538515404349702,1.0081158117117237,9.559891651010094,0.7686299071970563,5.788906e6,1.7233102811438106,1.7233102811438106,1.044016939881774,1.0,0.40930482882929276,0.032908734124107504,0.2351545806815887,0.01890678787213604,1.1629947e7,0.25670603137987347,0.2567049980576193,0.03408068348545879,1.0,12.009877354834474,1.0,0,83702.18003925127,8605.178394757168,0.033171686677199705,12960.0,1
2.0088e6,6.357382198311925e-5,5.105000774485196e-6,3.798604731823149e-6,3.050293264273057e-7,0.0,0.0,0.0,0.4789600261120847,0.03846066239180786,0.17744078775697336,0.0,0.0,0.0,0.18134899098996246,0.01456238921268083,341519.0,-7.387202119279698e-7,-5.9319498755659384e-8,7.3874039699307e-7,5.932111962364806e-8,7.706454114565926,0.6188310376217433,0.0,0.0,0.0,0.0,0.0,0.0,0.0,0.0,0.0,0.0,0.08998539113863108,0.007225859278635833,0.08998539113863108,0.007225859278635833,167683.99999999997,0.0013782087127010268,0.00011067065540922159,0.0013782087127010268,0.00011067065540922159,313.0,7.431574068510027e-7,5.967580710415918e-8,4.352851520166817e-7,3.495355429090151e-8,13534.0,16.061274570527313,1.2897261256926296,12.745301640639953,1.0234523065766132,1.1948008e7,1.2368284118423738,0.09931776639191477,0.7583322403639,0.06089435169404705,2.36559e6,0.0102670661975869,0.0008244491090104543,NaN,NaN,3920.0,0.09080918572014582,0.007292010279872885,0.09080918572014618,0.007292010279872915,167983.00000000003,0.012363629845007775,0.012363629845007775,0.0075836837814785615,1.0,0.09053980526981599,0.007270378932807893,0.09053980526981628,0.007270378932807916,167983.00000000003,0.01772398829112865,0.01772398829112865,0.007561187201027885,1.0,0.0,0.0,0.0,0.0,0.0,0.0,0.0,0.0,1.0,0.0,0.0,0.0,0.0,0.0,0.0,0.0,0.0,1.0,13.958987102551653,1.1209116857639436,11.438250263767172,0.9184956108316377,5.992656e6,1.9005098237424112,1.9005098237424112,1.1657470910677317,1.0,4.236884031868131,0.3402233118819566,2.6975641202800533,0.21661536924600472,1.2029118e7,0.82940848776859,0.82940848776859,0.35383192197654084,1.0,12.54881990900999,1.0076747528468801,9.565908424330171,0.768145887592331,5.853705e6,1.7216102359702996,1.7216102359702996,1.0479807881323389,1.0,0.4102878657952423,0.0329462632151131,0.2357305138995666,0.018929245064841636,1.1746587e7,0.25370235979608324,0.25370135428088175,0.034264082525283054,1.0,11.974284310472806,1.0,0,93508.60723158611,9806.427192334842,0.03791468843839942,12960.0,1
2.0304e6,3.712871511351055e-5,2.9860531708049103e-6,3.7985626450192326e-6,3.054969717099996e-7,0.0,0.0,0.0,0.5231999581070594,0.04207802206713272,0.17744078775697336,0.0,0.0,0.0,0.1815019253794415,0.014597176286050943,363119.0,-7.38720034169417e-7,-5.9411086368728744e-8,7.387402878334041e-7,5.941271525670357e-8,7.707019675176876,0.6198321290720742,0.0,0.0,0.0,0.0,0.0,0.0,0.0,0.0,0.0,0.0,0.09006185833337028,0.007243167365818264,0.09006185833337028,0.007243167365818264,178451.0,0.0013782087127010268,0.00011084155441442476,0.0013782087127010268,0.00011084155441442476,313.0,7.431594147159362e-7,5.976812071039168e-8,4.3528632064244587e-7,3.500762399099036e-8,13534.0,16.072215786023783,1.2925976771076935,12.751701304923772,1.0255474232898794,1.2066808e7,1.23765617503095,0.09953770644954628,0.7588167718639413,0.061027353646820784,2.39738e6,0.0102670661975869,0.000825722233598445,NaN,NaN,3920.0,0.09088565291488532,0.0073094205182557895,0.09088565291488569,0.00730942051825582,178750.0,0.012413107730052346,0.012413107730052346,0.0076304967279579895,1.0,0.09061627246455552,0.007287755767795102,0.0906162724645558,0.007287755767795124,178750.0,0.017725280467505662,0.017725280467505662,0.007607880323950391,1.0,0.0,0.0,0.0,0.0,0.0,0.0,0.0,0.0,1.0,0.0,0.0,0.0,0.0,0.0,0.0,0.0,0.0,1.0,13.97034691580654,1.1235562172742373,11.444970746306979,0.9204544537105069,6.066063e6,1.9080615667086107,1.9080615667086107,1.1729099479466978,1.0,4.238151480569512,0.3408506227111813,2.6983852596165123,0.2170159090045945,1.2158685e7,0.8290169261404243,0.8290169261404243,0.35582294859411673,1.0,12.5600078410855,1.0101305990403227,9.572452242949945,0.7698583504721942,5.918505e6,1.7282089250824266,1.7282089250824266,1.0545019555978015,1.0,0.4112103806696548,0.033071331914195576,0.23627094418151853,0.019001939600801505,1.1863227e7,0.25114324272263827,0.25114226023848796,0.034524035021684475,1.0,11.910843573509714,1.0,0,104343.33234800138,10834.72511641527,0.04211352799511901,12960.0,1
2.052e6,2.095521189311986e-5,1.6909671150998546e-6,3.7985285968366306e-6,3.065197801758347e-7,0.0,0.0,0.0,0.5618506345458322,0.04533816939960991,0.17744078775697336,0.0,0.0,0.0,0.18154348092247985,0.014649532429756154,384711.0,-7.387197618503345e-7,-5.961050792206212e-8,7.387400921152712e-7,5.96121484594914e-8,7.70789172318049,0.621983280203809,0.0,0.0,0.0,0.0,0.0,0.0,0.0,0.0,0.0,0.0,0.09008263610488919,0.00726915938964508,0.09008263610488919,0.00726915938964508,189190.0,0.0013782087127010268,0.00011121365046595903,0.0013782087127010268,0.00011121365046595903,313.0,7.431614461941887e-7,5.996892673449977e-8,4.352875109073596e-7,3.512524093348256e-8,13534.0,16.084232027807982,1.2979065813974864,12.758735071446107,1.0295577799988778,1.2185607e7,1.2380669815852117,0.0999050051523884,0.7590573104007962,0.061251633097793155,2.428144e6,0.0102670661975869,0.0008284941902387973,NaN,NaN,3920.0,0.09090643068640446,0.00733563495448521,0.09090643068640487,0.007335634954485244,189489.0,0.012491124302952784,0.012491124302952784,0.007684014086822559,1.0,0.09063705023607464,0.007313897475270883,0.09063705023607498,0.00731389747527091,189489.0,0.017720744390643032,0.017720744390643032,0.007661244265596277,1.0,0.0,0.0,0.0,0.0,0.0,0.0,0.0,0.0,1.0,0.0,0.0,0.0,0.0,0.0,0.0,0.0,0.0,1.0,13.982177036944611,1.1282826290456363,11.451915839988281,0.9241048570198082,6.13945e6,1.9212404455396517,1.9212404455396517,1.1818662827820983,1.0,4.2396231553419845,0.34211361701634563,2.699267167280557,0.21781559823972774,1.2287407e7,0.8289025078903596,0.8289025078903596,0.35836105105531363,1.0,12.571759109177897,1.0144698770407834,9.579331590312247,0.7729978960114231,5.984084e6,1.7399967413513788,1.739996740763343,1.0626484106971992,1.0,0.4123297503294915,0.03327267946230714,0.23692738974912844,0.019118700721120454,1.1981123e7,0.24932209882709536,0.24932117092631423,0.034852843589003486,1.0,11.830591362696923,1.0,0,116071.11692507518,11727.784577073806,0.045893985603401855,12960.0,1
2.0736e6,1.1325428902132249e-5,9.17552688958836e-7,3.798482347639095e-6,3.077417837467278e-7,0.0,0.0,0.0,0.5985831289302854,0.04849543132198487,0.1747570294336389,0.0,0.0,0.0,0.18161898413340768,0.014714231902175995,409989.0,-7.387195326322505e-7,-5.984886748311345e-8,7.387399355807784e-7,5.985052046954304e-8,7.7170382534402275,0.6252115713612553,0.0,0.0,0.0,0.0,0.0,0.0,0.0,0.0,0.0,0.0,0.09012002685358042,0.007301257522615953,0.09012002685358042,0.007301257522615953,201774.0,0.0013789304262462254,0.00011171685694403766,0.0013789304262462254,0.00011171685694403766,314.0,7.431634505108274e-7,6.020890054095489e-8,4.352886945264681e-7,3.526580013768367e-8,13539.0,16.09701980246391,1.3041328440279782,12.766223458422948,1.0342815943968355,1.2302569e7,1.2381827790198077,0.10031389964385848,0.7591251340512201,0.06150206884207238,2.497172e6,0.0102670661975869,0.0008318072788873021,NaN,NaN,3920.0,0.09094431890543593,0.007368039222029123,0.09094431890543629,0.007368039222029153,202074.0,0.012588818685617788,0.012588818685617788,0.007743566835696859,1.0,0.09067466522797109,0.007346192680146818,0.0906746652279714,0.007346192680146842,202074.0,0.017713834554880424,0.017713834554880424,0.007720606838865044,1.0,0.0,0.0,0.0,0.0,0.0,0.0,0.0,0.0,1.0,0.0,0.0,0.0,0.0,0.0,0.0,0.0,0.0,1.0,13.994417083393811,1.1337862023805516,11.459120053851152,0.9283839499035396,6.212836e6,1.9371543092971206,1.9371543092971206,1.1915720004957955,1.0,4.241218333974095,0.34361094139814713,2.7002392623402254,0.21876538340424664,1.2416953e7,0.8285471988262422,0.8285471988262422,0.361123795627747,1.0,12.583927166257695,1.0195124890049894,9.586460674312491,0.7766666362328685,6.054394e6,1.7544003223995581,1.7544003223995581,1.0714740870046078,1.0,0.41352411356872243,0.03350249828356299,0.23762805278665095,0.019251920672549,1.2101609e7,0.247284836750943,0.24728404477524837,0.035210023563113424,1.0,11.74449976801313,1.0,0,128607.6076899578,12536.49076488262,0.04941828961907125,14799.0,1
2.0952e6,5.796094512847697e-6,4.715536474556886e-7,3.798448406648497e-6,3.0903088223579034e-7,0.0,0.0,0.0,0.6315927852524347,0.051384579898120966,0.1747570294336389,0.0,0.0,0.0,0.18171239601512457,0.014783600049811007,435909.0,-7.387193471328513e-7,-6.010009012351908e-8,7.387398270102034e-7,6.010175630767868e-8,7.729348721660124,0.6288376723458666,0.0,0.0,0.0,0.0,0.0,0.0,0.0,0.0,0.0,0.0,0.09016673279443894,0.007335707110043357,0.09016673279443894,0.007335707110043357,214728.0,0.0013789304262462254,0.00011218582972425749,0.0013789304262462254,0.00011218582972425749,314.0,7.431655070289717e-7,6.046181695725849e-8,4.352898934013804e-7,3.5413938899552314e-8,13539.0,16.110236266384977,1.3106826770936009,12.773965792538194,1.0392532676259107,1.2419209e7,1.238575773838082,0.10076697723078464,0.7593553633338209,0.061778977292620975,2.587661e6,0.0102670661975869,0.0008352990972471965,NaN,NaN,3920.0,0.09099102484629432,0.007402769150311944,0.09099102484629473,0.007402769150311978,215028.0,0.012696435284814829,0.012696435284814829,0.007803762192182059,1.0,0.09072137116882947,0.007380830899498999,0.09072137116882985,0.0073808308994990305,215028.0,0.017702340119437353,0.017702340119437353,0.0077806355906657266,1.0,0.0,0.0,0.0,0.0,0.0,0.0,0.0,0.0,1.0,0.0,0.0,0.0,0.0,0.0,0.0,0.0,0.0,1.0,14.007146066107184,1.139581282409465,11.466596581884263,0.9328894534250561,6.286269e6,1.954487531640558,1.954487531640558,1.2013100970750368,1.0,4.243081595872453,0.3452049649208912,2.701350552470688,0.2197741433046685,1.2546548e7,0.8279468508569756,0.8279468508569756,0.36390402011788614,1.0,12.596646222409124,1.0248270553075483,9.593932056557643,0.7805348316325307,6.125068e6,1.7701409751531794,1.7701409695796408,1.0803398654403955,1.0,0.41493961726751805,0.03375829872384744,0.23847105266414284,0.019401321777467888,1.2228788e7,0.24499054105949286,0.24499052856414225,0.03558691753104949,1.0,11.659892063016818,1.0,0,141900.72341833002,13293.115728372213,0.052781108189988296,15120.0,1
2.1168e6,2.7809597636086397e-6,2.2712381307305995e-7,3.7984084295265503e-6,3.1021988070890016e-7,0.0,0.0,0.0,0.6609945898589864,0.05398410060943391,0.1747570294336389,0.0,0.0,0.0,0.18202157189495946,0.014865886954326044,461829.0,-7.387191957721173e-7,-6.033194824664104e-8,7.387397506133337e-7,6.033362698143443e-8,7.7423247140411755,0.6323235359655087,0.0,0.0,0.0,0.0,0.0,0.0,0.0,0.0,0.0,0.0,0.09032132073435653,0.007376634151787321,0.09032132073435653,0.007376634151787321,227688.0,0.0013789304262462254,0.00011261865075138752,0.0013789304262462254,0.00011261865075138752,314.0,7.431675579340057e-7,6.069525050989529e-8,4.352910945180083e-7,3.555066652794223e-8,13539.0,16.12429303085174,1.3168874157036494,12.782199564301896,1.0439352422481172,1.2535849e7,1.2392428601479357,0.10121022511851545,0.7597461314563663,0.06204923947549777,2.678195e6,0.0102670661975869,0.0008385217414449524,NaN,NaN,3920.0,0.09114561278621179,0.007443954922246886,0.09114561278621218,0.007443954922246918,227988.0,0.012817540140898278,0.012817540140898278,0.007868741875313475,1.0,0.0908759591087469,0.0074219320320790955,0.09087595910874728,0.007421932032079126,227988.0,0.017703430580816304,0.017703430580816304,0.007845462255825072,1.0,0.0,0.0,0.0,0.0,0.0,0.0,0.0,0.0,1.0,0.0,0.0,0.0,0.0,0.0,0.0,0.0,0.0,1.0,14.02064258872408,1.1450801439692064,11.474567382743938,0.9371395916749137,6.359708e6,1.9716818362248676,1.9716818362248676,1.210423783265038,1.0,4.2455309487684145,0.3467368317306109,2.7028505856648923,0.2207445570468722,1.2676148e7,0.8270665109601527,0.8270665109601527,0.36652326028979276,1.0,12.610164444708508,1.0298849590128691,9.601917571030128,0.7841983764323462,6.196435e6,1.785776114460557,1.7857761067655609,1.0886550212066546,1.0,0.4168791076679295,0.0340469408306619,0.23965410539566143,0.019572794597158952,1.2357596e7,0.24274318999139413,0.24274318227111602,0.03598981883136987,1.0,11.58325107501137,1.0,0,155866.75693199,13966.03351365999,0.05581987487323564,15120.0,1
2.1384e6,1.2482497770750518e-6,1.0225542752627367e-7,3.798357313177848e-6,3.111577971731503e-7,0.0,0.0,0.0,0.6915932260783902,0.056654655426923106,0.17092068368090663,0.0,0.0,0.0,0.18246208917801768,0.014947119782352232,490339.0,-7.38719191441476e-7,-6.051516942363497e-8,7.387398128401792e-7,6.051685870888805e-8,7.754959738586968,0.6352788825457736,0.0,0.0,0.0,0.0,0.0,0.0,0.0,0.0,0.0,0.0,0.09054047523843617,0.0074169891106510705,0.09054047523843617,0.0074169891106510705,241940.0,0.0013811387011458264,0.00011314156105013053,0.0013811387011458264,0.00011314156105013053,315.0,7.431695710490345e-7,6.087974026336823e-8,4.3529227705126823e-7,3.56587268880292e-8,13540.0,16.138196734339882,1.322025636920116,12.790344499723803,1.047772784780512,1.2652488e7,1.2401101115222701,0.10158863391148056,0.7602541751135355,0.062279294683338794,2.767346e6,0.0102670661975869,0.0008410682403123536,NaN,NaN,3920.0,0.09136548779475313,0.0074845733499676725,0.09136548779475348,0.007484573349967701,242241.0,0.012937325806241576,0.012937325806241576,0.0079340756733738,1.0,0.09109660138326384,0.007462546432384502,0.0910966013832642,0.007462546432384531,242241.0,0.017705800412140538,0.017705800412140538,0.007910725881370385,1.0,0.0,0.0,0.0,0.0,0.0,0.0,0.0,0.0,1.0,0.0,0.0,0.0,0.0,0.0,0.0,0.0,0.0,1.0,14.034618368091161,1.1497025096692388,11.482849419518704,0.9406640387023358,6.433147e6,1.9872977726791594,1.9872977726791594,1.2187503932502597,1.0,4.247604487496713,0.3479596958945661,2.7041599892577413,0.22152219922597136,1.2805743e7,0.8255767629454757,0.8255767629454757,0.36885717186852696,1.0,12.624214315367333,1.0341635590162617,9.610263447279014,0.7872635873761912,6.269611e6,1.7999967229916676,1.799996710743127,1.096272499743226,1.0,0.41854631616446014,0.03428691379319228,0.2407055234747323,0.01971836619792511,1.2483259e7,0.24045467521991679,0.2404546515810884,0.03634608893809644,1.0,11.515580586327061,1.0,0,170462.73458984753,14595.977657857526,0.05868047219300669,16415.0,1
2.16e6,5.11682551810219e-7,4.2021512065606514e-8,3.798324316646878e-6,3.119342853032491e-7,0.0,0.0,0.0,0.7201258338102384,0.059139746522831375,0.17092068368090663,0.0,0.0,0.0,0.1830304371025688,0.015031225305355868,520579.0,-7.38718892614415e-7,-6.066668630632046e-8,7.387395942631889e-7,6.066838641233473e-8,7.767775953496184,0.6379222621486487,0.0,0.0,0.0,0.0,0.0,0.0,0.0,0.0,0.0,0.0,0.09082464920071127,0.00745890020822466,0.09082464920071127,0.00745890020822466,257060.0,0.0013811387011458264,0.00011342488890651354,0.0013811387011458264,0.00011342488890651354,315.0,7.431716501076289e-7,6.103236538227165e-8,4.352934897752464e-7,3.5748122674807944e-8,13540.0,16.152358268234202,1.3264992434378473,12.798640516910737,1.0510779095398968,1.2769128e7,1.241140709134196,0.10192766804239589,0.760857908660024,0.062484834934976974,2.850945e6,0.0102670661975869,0.0008431744341759325,NaN,NaN,3920.0,0.09164966175702866,0.007526653691252211,0.09164966175702903,0.0075266536912522415,257361.0,0.013057269844416628,0.013057269844416628,0.007999757310860679,1.0,0.09138077534553936,0.0075045716141035924,0.09138077534553977,0.007504571614103627,257361.0,0.017717583624661828,0.017717583624661828,0.007976287218392632,1.0,0.0,0.0,0.0,0.0,0.0,0.0,0.0,0.0,1.0,0.0,0.0,0.0,0.0,0.0,0.0,0.0,0.0,1.0,14.049162527185649,1.1537760092839033,11.491489947131255,0.9437292355520339,6.506585e6,2.0015753761520116,2.0015753761520116,1.226299022644282,1.0,4.249811956190052,0.34901233931430786,2.705573031054162,0.22219297759246256,1.2935342e7,0.8239851154486884,0.8239851154486884,0.37095024263640786,1.0,12.638834553472801,1.0379539751844924,9.618995259656932,0.7899521371848606,6.342786e6,1.812993020229216,1.8129929864931078,1.1031967514288028,1.0,0.42038375205941514,0.03452367263033348,0.2418975249492543,0.01986563686280544,1.2605902e7,0.23841624641470135,0.23841621823400394,0.03669373055429134,1.0,11.45655526732076,1.0,0,185718.55740892433,15255.822819076799,0.061649254683947496,17280.0,1
2.1816e6,1.9040185395342837e-7,1.567106691559338e-8,3.798293222661805e-6,3.1261936804426895e-7,0.0,0.0,0.0,0.7445672122145732,0.06128176991714264,0.17092068368090663,0.0,0.0,0.0,0.18367203542057037,0.01511716770522112,550819.0,-7.387186582792133e-7,-6.080040338537084e-8,7.38739443339487e-7,6.080211410437715e-8,7.780931389750409,0.6404112877191029,0.0,0.0,0.0,0.0,0.0,0.0,0.0,0.0,0.0,0.0,0.09114544835971237,0.007501746388699461,0.09114544835971237,0.007501746388699461,272180.0,0.0013811387011458264,0.00011367492782221542,0.0013811387011458264,0.00011367492782221542,315.0,7.431737135272465e-7,6.116707769791021e-8,4.352946950524436e-7,3.582702664144321e-8,13540.0,16.166998831317667,1.330628432703542,12.80721787408136,1.0541009141455302,1.2885768e7,1.2422261631890625,0.10224170050570086,0.7614938110910184,0.06267491740041799,2.934757e6,0.0102670661975869,0.0008450331657409478,NaN,NaN,3920.0,0.09197046091602944,0.0075696492305458,0.09197046091602983,0.007569649230545832,272481.0,0.01317486608899652,0.01317486608899652,0.008063814026364071,1.0,0.09170157450454017,0.007547518474675257,0.09170157450454056,0.007547518474675289,272481.0,0.01774016569120258,0.01774016569120258,0.008040238521850231,1.0,0.0,0.0,0.0,0.0,0.0,0.0,0.0,0.0,1.0,0.0,0.0,0.0,0.0,0.0,0.0,0.0,0.0,1.0,14.064137144105263,1.1575519340755211,11.500388220786366,0.9465420090254322,6.580024e6,2.0147025652078066,2.0147025652078066,1.233119691276634,1.0,4.2523758145266175,0.3499927367093666,2.7071999775790583,0.2228166959598579,1.3064942e7,0.8226451065704414,0.8226451065704414,0.3728410991639887,1.0,12.653836877673411,1.0414768571398811,9.627992155607416,0.7924340346509278,6.415961e6,1.8249139500757885,1.824913937108601,1.109466955859538,1.0,0.4225488685805427,0.034777978560301334,0.24330815570142933,0.020025531841929088,1.2728052e7,0.2368241352550017,0.23682411617101215,0.03704836813197034,1.0,11.405330109962668,1.0,0,201542.7425994213,15824.185190496966,0.06423322772453356,17280.0,1
2.2032e6,6.314975785330618e-8,5.206919384299693e-9,3.798264403831704e-6,3.1318024365110675e-7,0.0,0.0,0.0,0.767068440283351,0.06324748766375206,0.17092068368090663,0.0,0.0,0.0,0.1843827154921484,0.015203002641056352,581059.0,-7.387184450102108e-7,-6.090993095806486e-8,7.387393141997151e-7,6.091165169605434e-8,7.794420870092838,0.642677383057482,0.0,0.0,0.0,0.0,0.0,0.0,0.0,0.0,0.0,0.0,0.09150078839550084,0.0075445614515573965,0.09150078839550084,0.0075445614515573965,287300.0,0.0013811387011458264,0.0001138797379414844,0.0013811387011458264,0.0001138797379414844,315.0,7.431757252586444e-7,6.127744937326984e-8,4.3529586999725994e-7,3.589167370458362e-8,13540.0,16.18205930459837,1.3342676383135037,12.816042940499932,1.056727764054484,1.3002408e7,1.2433238981587447,0.10251642328264111,0.7621370003612248,0.06284087311769669,3.018997e6,0.0102670661975869,0.0008465556768766693,NaN,NaN,3920.0,0.09232580095181847,0.007612586635149705,0.09232580095181883,0.007612586635149734,287601.0,0.013289004459367737,0.013289004459367737,0.00812657189054558,1.0,0.09205691454032919,0.007590416005906586,0.09205691454032958,0.007590416005906618,287601.0,0.017769833466932554,0.017769833466932554,0.008102904348744359,1.0,0.0,0.0,0.0,0.0,0.0,0.0,0.0,0.0,1.0,0.0,0.0,0.0,0.0,0.0,0.0,0.0,0.0,1.0,14.079429879697761,1.1608984555535937,11.509488459799421,0.9489977571080374,6.653464e6,2.0265365101387047,2.0265365101387047,1.2392797887014244,1.0,4.255221691344114,0.35085797732781326,2.709005295217628,0.2233670035062643,1.3194542e7,0.8213894762564307,0.8213894762564307,0.37454714314326015,1.0,12.669154115152857,1.0446162643744161,9.63720411709061,0.7946213355924174,6.489136e6,1.835655079617389,1.8356550538903602,1.1151464774502258,1.0,0.42497032705726673,0.035040296414862865,0.24488326393106113,0.020191485402290637,1.2849947e7,0.235563760511045,0.23556373586661322,0.03740614084660723,1.0,11.360977567826591,1.0,0,217870.32156559563,16327.578966174333,0.06653533369873474,17280.0,1
2.2248e6,3.325987733407191e-8,2.7453696441198327e-9,3.822538605570006e-6,3.15523756921904e-7,0.0,0.0,0.0,0.7918730953287192,0.06536357113030043,0.16447477265560662,0.0,0.0,0.0,0.18507225723876986,0.015276417044135007,613563.0,-7.387182078169448e-7,-6.097600790673023e-8,7.38739160824311e-7,6.097773743055855e-8,7.808129913636422,0.6445063710527242,0.0,0.0,0.0,0.0,0.0,0.0,0.0,0.0,0.0,0.0,0.09184494150406322,0.007581155872541732,0.09184494150406322,0.007581155872541732,303084.0,0.0013823742306419686,0.00011410529905142444,0.0013823742306419686,0.00011410529905142444,319.0,7.431777366012681e-7,6.134411073611192e-8,4.3529704432322604e-7,3.593071855487098e-8,13544.0,16.19726038030477,1.3369702635806309,12.824953652526133,1.0586099909881554,1.3117099e7,1.2444208216927017,0.10271821251986389,0.7627798970032049,0.06296213162013714,3.102266e6,0.0102670661975869,0.0008474743183778626,NaN,NaN,3920.0,0.0926704486966985,0.007649295702550721,0.09267044869669891,0.007649295702550754,303388.0,0.013390225498540622,0.013390225498540622,0.008184247335406538,1.0,0.09240180854207053,0.007627121341584219,0.09240180854207093,0.007627121341584252,303388.0,0.017789592242355955,0.017789592242355955,0.008160522215903847,1.0,0.0,0.0,0.0,0.0,0.0,0.0,0.0,0.0,1.0,0.0,0.0,0.0,0.0,0.0,0.0,0.0,0.0,1.0,14.094859589290177,1.1634318210466832,11.51872549091628,0.9507900159726579,6.726874e6,2.0366076880513364,2.0366076880513364,1.2447961422322014,1.0,4.258089290202842,0.35147541170571933,2.7108768203940508,0.2237638719140391,1.3324128e7,0.8197856015963437,0.8197856015963437,0.37605575906213645,1.0,12.684689909468633,1.047032202576825,9.64656597641149,0.796256376282823,6.561951e6,1.8448928352119465,1.8448927791874516,1.1202561447803303,1.0,0.427394441874846,0.03527841413854938,0.24646195358249515,0.020343705991444066,1.297069e7,0.23420867334840492,0.2342086365913805,0.0377456014433476,1.0,11.323026406568792,1.0,0,234690.8991397077,16820.577574112074,0.06877405521143772,19231.0,1
2.2464e6,5.2616933428377815e-9,4.343899817274488e-10,3.822516325716089e-6,3.155757450481049e-7,0.0,0.0,0.0,0.8207404530224026,0.06775792642432812,0.1612641622772928,0.0,0.0,0.0,0.18582956036782067,0.015341543885767677,650397.0,-7.38717976586856e-7,-6.098639115639458e-8,7.387390123556838e-7,6.098812780781863e-8,7.821953984081759,0.6457575968092625,0.0,0.0,0.0,0.0,0.0,0.0,0.0,0.0,0.0,0.0,0.09222340673606003,0.0076136941772654105,0.09222340673606003,0.0076136941772654105,320743.0,0.0013827468956997748,0.00011415553123678683,0.0013827468956997748,0.00011415553123678683,321.0,7.431798105501437e-7,6.135474709192657e-8,4.352982667302512e-7,3.5936949155034326e-8,13544.0,16.212467563566864,1.3384538075144505,12.833871556763679,1.0595268229805832,1.3228283e7,1.2455177573554825,0.1028262957580615,0.7634230080024018,0.06302596614602846,3.186325e6,0.0102670661975869,0.0008476188951671066,NaN,NaN,3920.0,0.09304903961937734,0.007681856008396443,0.09304903961937776,0.007681856008396478,321049.0,0.013482035316879982,0.013482035316879982,0.008240194501125885,1.0,0.09278052074844256,0.007659687877371171,0.09278052074844292,0.007659687877371201,321049.0,0.01780429558134642,0.01780429558134642,0.00821641512916486,1.0,0.0,0.0,0.0,0.0,0.0,0.0,0.0,0.0,1.0,0.0,0.0,0.0,0.0,0.0,0.0,0.0,0.0,1.0,14.110376305952752,1.164911313969597,11.528082618112943,0.9517247151339714,6.800286e6,2.0444766810006385,2.0444766810006385,1.2495802828352383,1.0,4.2609428868519785,0.35177095702104993,2.712805459474533,0.22396126820566714,1.34537e7,0.8176617893581029,0.8176617893581029,0.37733864088735103,1.0,12.700284973545012,1.048498306177646,9.65592098557667,0.7971645375715035,6.632511e6,1.852223055781355,1.8522229284248461,1.1247060563959168,1.0,0.42981738007019976,0.035484463215436426,0.24809820237825683,0.020482260476924658,1.309158e7,0.23267378259024843,0.23267377553796026,0.03806357192111442,1.0,11.292092632845469,1.0,0,252100.99666597485,17410.09752626714,0.07137942096569314,22169.0,1
2.268e6,1.516916707963959e-9,1.251444319298637e-10,3.822494752054736e-6,3.1535280202882493e-7,0.0,0.0,0.0,0.8518944154565788,0.07028061733833171,0.1612641622772928,0.0,0.0,0.0,0.18706365112821788,0.01543260367049978,693597.0,-7.387177723335098e-7,-6.094363354943544e-8,7.387388878734211e-7,6.094537556482311e-8,7.835792061794913,0.6464466645700355,0.0,0.0,0.0,0.0,0.0,0.0,0.0,0.0,0.0,0.0,0.09284045211625856,0.007659264071127193,0.09284045211625856,0.007659264071127193,342244.0,0.0013827468956997748,0.00011407552824531367,0.0013827468956997748,0.00011407552824531367,321.0,7.431818741746446e-7,6.131191843024192e-8,4.3529946774087474e-7,3.59118627435529e-8,13544.0,16.227658913781415,1.338769060723547,12.842780874396484,1.0595192923171708,1.3336283e7,1.2466312098046277,0.1028460915210287,0.764075843975302,0.063035654458552,3.270565e6,0.0102670661975869,0.0008470248630907994,NaN,NaN,3920.0,0.09366608499957595,0.007727378132777982,0.09366608499957638,0.007727378132778018,342550.0,0.013593804218479945,0.013593804218479945,0.008311516654256989,1.0,0.09339756612864121,0.007705225537721738,0.09339756612864152,0.007705225537721763,342550.0,0.01785469541061535,0.01785469541061535,0.008287689469980347,1.0,0.0,0.0,0.0,0.0,0.0,0.0,0.0,0.0,1.0,0.0,0.0,0.0,0.0,0.0,0.0,0.0,0.0,1.0,14.12608431288838,1.1653908137794586,11.537573439149623,0.9518407083995076,6.873627e6,2.0501254485443137,2.0501254485443137,1.253486627807084,1.0,4.264098934902661,0.3517847987958276,2.714931996013667,0.22397974825221179,1.3583201e7,0.8151624377294036,0.8151624377294036,0.3783773957564619,1.0,12.715643028012131,1.0490305202712016,9.665004699634867,0.7973552643893788,6.697774e6,1.8575021872777182,1.8575020132338091,1.1283302680728895,1.0,0.43244468180640233,0.035676345155688474,0.24995778349324665,0.020621319982490057,1.3214423e7,0.23107849249877085,0.2310784751725598,0.03837324016366275,1.0,11.269433593879898,1.0,0,270165.18297892873,18064.186312953883,0.07421002261818962,23760.0,1
2.2896e6,4.73473751605835e-10,3.8982934284707655e-11,3.825223307364308e-6,3.149455029123883e-7,0.0,0.0,0.0,0.8895472535798523,0.0732398829118497,0.1570727592014105,0.0,0.0,0.0,0.18772108154664213,0.015455806284862726,736795.0,-7.387177824187593e-7,-6.082150630168232e-8,7.387389623926437e-7,6.082325013125532e-8,7.849423484061189,0.6462735448674604,0.0,0.0,0.0,0.0,0.0,0.0,0.0,0.0,0.0,0.0,0.09316916075349106,0.00767097913811775,0.09316916075349106,0.00767097913811775,362835.0,0.0013827600396587873,0.00011384800862712484,0.0013827600396587873,0.00011384800862712484,322.0,7.431839318257013e-7,6.118922174154782e-8,4.3530067549983107e-7,3.583999655639969e-8,13546.0,16.24234691900983,1.3372955531868622,12.851393831555297,1.0581052054169322,1.3442281e7,1.2478888388722364,0.10274353844407925,0.7648130704354791,0.06297003279221348,3.354805e6,0.0102670661975869,0.0008453274664536672,NaN,NaN,3920.0,0.09399479363701313,0.0077389567025180446,0.09399479363701349,0.007738956702518074,363142.0,0.01364648649951776,0.01364648649951776,0.008350550007302419,1.0,0.09372628790962838,0.0077168495823446304,0.09372628790962866,0.007716849582344653,363142.0,0.01782603061820397,0.01782603061820397,0.008326695808393996,1.0,0.0,0.0,0.0,0.0,0.0,0.0,0.0,0.0,1.0,0.0,0.0,0.0,0.0,0.0,0.0,0.0,0.0,1.0,14.141217299141015,1.1643013848360324,11.546686999340299,0.9506836207387,6.94606e6,2.0530704254185874,2.0530704254185874,1.2563136494201208,1.0,4.266587146344023,0.3512847032846111,2.716628768610943,0.2236706056112479,1.3711794e7,0.8114725847170876,0.8114725847170876,0.3790459869899625,1.0,12.73056682707018,1.0481570485028766,9.673779462158521,0.7964798635173861,6.761388e6,1.86033609286555,1.8603359664654024,1.1309906729652452,1.0,0.43440803911847,0.035766502333590675,0.25127933472428526,0.020688804309508323,1.3337504e7,0.22854547841525802,0.22854547343374226,0.038593053017827145,1.0,11.256120082487527,1.0,0,288966.68137964874,18801.49840072001,0.07733035312303752,25763.0,1
2.3112e6,1.6472470665742564e-10,1.35240466021194e-11,3.825203636569076e-6,3.140526596969037e-7,0.0,0.0,0.0,0.9283706867212899,0.07622006853757134,0.1570727592014105,0.0,0.0,0.0,0.18851662332492736,0.015477384363613783,779993.0,-7.387174972234062e-7,-6.064937106870844e-8,7.387387479217082e-7,6.065111577015605e-8,7.862989104545033,0.6455584789898937,0.0,0.0,0.0,0.0,0.0,0.0,0.0,0.0,0.0,0.0,0.09356693164263345,0.007681929260216727,0.09356693164263345,0.007681929260216727,384291.0,0.0013827600396587873,0.00011352584318019126,0.0013827600396587873,0.00011352584318019126,322.0,7.431860036354472e-7,6.101623946498362e-8,4.3530188094802673e-7,3.5738676021287436e-8,13546.0,16.256914775772543,1.3347073277323713,12.85993113137144,1.05581191461708,1.3548121e7,1.2491845456441497,0.10255917495772492,0.7655722898241079,0.06285417369966682,3.439045e6,0.0102670661975869,0.0008429353710246886,NaN,NaN,3920.0,0.09439256452615573,0.007749714462689232,0.09439256452615609,0.0077497144626892615,384598.0,0.013693892779512313,0.013693892779512313,0.00838913489971656,1.0,0.09412405879877098,0.007727669900924498,0.09412405879877125,0.00772766990092452,384598.0,0.017802596231109052,0.017802596231109052,0.00836527146534877,1.0,0.0,0.0,0.0,0.0,0.0,0.0,0.0,0.0,1.0,0.0,0.0,0.0,0.0,0.0,0.0,0.0,0.0,1.0,14.156300626949253,1.16224501641171,11.555818602675126,0.948743102837826,7.019356e6,2.0537090385574786,2.0537090385574786,1.2581405774552485,1.0,4.269158765883117,0.3505017751934611,2.718427151626802,0.22318531463240143,1.384125e7,0.8074674076476328,0.8074674076476328,0.37942129208044656,1.0,12.745385411922852,1.0464076080055789,9.682490794397154,0.7949412045416215,6.824532e6,1.8610681404826284,1.861068003642425,1.1327455515828528,1.0,0.43643041465520116,0.03583132965386989,0.2526598700752353,0.0207436026247668,1.346175e7,0.2259353566520531,0.2259353566520531,0.038787733348077384,1.0,11.2517638176667,1.0,0,308599.5943402564,19632.912960607675,0.08078121531102095,25920.0,1
2.3328e6,6.428790616996543e-11,5.260667290770357e-12,3.825184386400352e-6,3.1301412009749136e-7,0.0,0.0,0.0,0.967252812648349,0.07915011604129733,0.1570727592014105,0.0,0.0,0.0,0.1894231612487178,0.015500461717650382,823369.0,-7.387174445055408e-7,-6.044910977746743e-8,7.387387569812051e-7,6.045085377334926e-8,7.876581828335146,0.6445392120541226,0.0,0.0,0.0,0.0,0.0,0.0,0.0,0.0,0.0,0.0,0.09402020060452866,0.007693655361620519,0.09402020060452866,0.007693655361620519,405979.0,0.0013827600396587873,0.0001131509944092058,0.0013827600396587873,0.0001131509944092058,322.0,7.431880530453033e-7,6.081493883484549e-8,4.353030908357598e-7,3.56207701877336e-8,13546.0,16.271467498640064,1.3314911301765109,12.868456928069362,1.0530234141582417,1.3653961e7,1.2504058949614498,0.10232047960030291,0.7662877921126557,0.06270518614536877,3.523285e6,0.0102670661975869,0.0008401520991370069,NaN,NaN,3920.0,0.09484583348805092,0.007761216745452913,0.09484583348805133,0.0077612167454529455,406286.0,0.013740668966894382,0.013740668966894382,0.008428319187148836,1.0,0.09457732776066613,0.007739244972197408,0.09457732776066648,0.007739244972197436,406286.0,0.01778462688346714,0.01778462688346714,0.008404458866766268,1.0,0.0,0.0,0.0,0.0,0.0,0.0,0.0,0.0,1.0,0.0,0.0,0.0,0.0,0.0,0.0,0.0,0.0,1.0,14.171295031967908,1.1596344115708526,11.564968809172212,0.9463592261403463,7.092796e6,2.053048264803303,2.053048264803303,1.2593088534535328,1.0,4.271767321166437,0.34955791779606615,2.7203207570240955,0.2226033367620567,1.397085e7,0.8032769558914206,0.8032769558914206,0.37960358564995245,1.0,12.760117339073187,1.044158005933235,9.691138933621627,0.7930240792666001,6.887743e6,1.8606192310989207,1.8606190680582955,1.1339068659534763,1.0,0.43848234950221804,0.03588092832745147,0.2540661978772825,0.0207901892671663,1.3591323e7,0.22331009391762494,0.22331009213469946,0.0389650136819267,1.0,11.25323227348438,1.0,0,329073.1003413859,20473.506001129514,0.08422891103791344,25920.0,1
2.3544e6,2.8848720847132813e-11,2.3525306732946043e-12,3.8251655987728745e-6,3.1193131401661e-7,0.0,0.0,0.0,1.0053950897035797,0.08198709398037396,0.1570727592014105,0.0,0.0,0.0,0.190359286245315,0.015523255336400098,866929.0,-7.387174964367053e-7,-6.024029898848935e-8,7.387388668728682e-7,6.02420416864357e-8,7.890233637562422,0.6434259858586168,0.0,0.0,0.0,0.0,0.0,0.0,0.0,0.0,0.0,0.0,0.0944882631028271,0.007705247605036322,0.0944882631028271,0.007705247605036322,427759.0,0.0013827600396587873,0.00011276012632728793,0.0013827600396587873,0.00011276012632728793,322.0,7.431900975825906e-7,6.060502681960752e-8,4.353042887250386e-7,3.5497819708152595e-8,13546.0,16.286034233919008,1.3280795112074548,12.876989442587833,1.050081658868055,1.3759801e7,1.251545900988052,0.10205998861135465,0.7669555670285854,0.06254303288002197,3.607525e6,0.0102670661975869,0.0008372498830210676,NaN,NaN,3920.0,0.09531389598634955,0.007772575605250249,0.09531389598634993,0.007772575605250279,428066.0,0.013787290444515592,0.013787290444515592,0.008466738925219514,1.0,0.09504539025896477,0.007750679731149794,0.09504539025896509,0.00775067973114982,428066.0,0.01776656068386164,0.01776656068386164,0.00844288754583598,1.0,0.0,0.0,0.0,0.0,0.0,0.0,0.0,0.0,1.0,0.0,0.0,0.0,0.0,0.0,0.0,0.0,0.0,1.0,14.186241057341839,1.1568473833897857,11.574096576969474,0.9438344721513335,7.166236e6,2.0520599200088876,2.0520599200088876,1.2601646183883324,1.0,4.274392228274583,0.34856446079505904,2.7222313896568875,0.22199018382507282,1.410045e7,0.798999811599007,0.798999811599007,0.37969451029439805,1.0,12.774783938480171,1.0417470923315735,9.699750239237515,0.7909868892287762,6.950761e6,1.8598712586840185,1.8598711502897156,1.134784800410314,1.0,0.440551806346348,0.035925739761461004,0.2554891109903499,0.020834406263018204,1.3720891e7,0.22071488309311035,0.22071487707823,0.03913424258622891,1.0,11.25745069361264,1.0,0,350379.9914351462,21306.891093760263,0.08762464700727778,25920.0,1
2.376e6,1.5746177320616104e-11,1.2797250982710272e-12,3.825146883428079e-6,3.108777687195878e-7,0.0,0.0,0.0,1.0419413325327473,0.08468077343586924,0.1570727592014105,0.0,0.0,0.0,0.19130338195205043,0.015547630023677938,910479.0,-7.387171720775368e-7,-6.003710528482934e-8,7.387386129937292e-7,6.003884783338717e-8,7.903942978287455,0.6423701447445495,0.0,0.0,0.0,0.0,0.0,0.0,0.0,0.0,0.0,0.0,0.09496031095619473,0.007717625096927889,0.09496031095619473,0.007717625096927889,449534.0,0.0013827600396587873,0.00011237982982198203,0.0013827600396587873,0.00011237982982198203,322.0,7.431921977835089e-7,6.04008000784757e-8,4.353055097971354e-7,3.53781984643154e-8,13546.0,16.30062137460779,1.3247859379296354,12.885532865851859,1.04723447966237,1.3865641e7,1.2526255932440593,0.10180352842288047,0.7675879652742125,0.06238349564412021,3.691765e6,0.0102670661975869,0.0008344261614188365,NaN,NaN,3920.0,0.09578594383971727,0.007784726025711303,0.09578594383971763,0.007784726025711332,449841.0,0.013836307192330232,0.013836307192330232,0.008504930083172327,1.0,0.09551743811233245,0.007762903997966576,0.0955174381123328,0.007762903997966605,449841.0,0.017749055183699652,0.017749055183699652,0.008481089190168647,1.0,0.0,0.0,0.0,0.0,0.0,0.0,0.0,0.0,1.0,0.0,0.0,0.0,0.0,0.0,0.0,0.0,0.0,1.0,14.201153019261978,1.1541577090804567,11.583205163238437,0.9413915558038934,7.239676e6,2.0513606462822396,2.0513606462822396,1.2609346286899963,1.0,4.277025437254215,0.34760289348651086,2.724148759651203,0.22139732508824106,1.423005e7,0.7947570831897229,0.7947570831897229,0.37976138094610046,1.0,12.789412035103735,1.0394225366700869,9.70834030058009,0.78901732733201,7.013734e6,1.859387980708051,1.8593878357573053,1.13558472989998,1.0,0.44263267763668357,0.035973692874964346,0.2569186415244042,0.020880320796464426,1.385046e7,0.21822375961953902,0.21822375051612003,0.03930179966829735,1.0,11.262402265861924,1.0,0,372495.0362177393,22115.04478259309,0.09090819540021422,25920.0,1
2.3976e6,1.0616960104782197e-11,8.601601277812972e-13,3.825128493330408e-6,3.099025503657068e-7,0.0,0.0,0.0,1.0760897393172815,0.0871821574669357,0.1570727592014105,0.0,0.0,0.0,0.19223931705637604,0.015574759054554622,953955.0,-7.387169058970998e-7,-5.984903606112676e-8,7.38738413920376e-7,5.985077858854204e-8,7.917707042940167,0.6414732498356699,0.0,0.0,0.0,0.0,0.0,0.0,0.0,0.0,0.0,0.0,0.09542827850835732,0.007731365609891002,0.09542827850835732,0.007731365609891002,471272.0,0.0013827600396587873,0.00011202783477240673,0.0013827600396587873,0.00011202783477240673,322.0,7.431942203870586e-7,6.021177712502746e-8,4.353067057407454e-7,3.526748409512804e-8,13546.0,16.315236836981587,1.3218205648299461,12.894092159978342,1.0446477947067996,1.3971481e7,1.253672915826073,0.1015695118781864,0.7682013739473263,0.06223779551348854,3.776005e6,0.0102670661975869,0.0008318125796175398,NaN,NaN,3920.0,0.09625391139188014,0.0077982563657742745,0.09625391139188041,0.007798256365774297,471579.0,0.01388930071221755,0.01388930071221755,0.008543058650271513,1.0,0.09598540566449532,0.0077765026887803,0.09598540566449561,0.007776502688780324,471579.0,0.017732609034462825,0.017732609034462825,0.008519227305198758,1.0,0.0,0.0,0.0,0.0,0.0,0.0,0.0,0.0,1.0,0.0,0.0,0.0,0.0,0.0,0.0,0.0,0.0,1.0,14.216053194288738,1.15174984284223,11.592303625723961,0.939180073163407,7.313116e6,2.051355990640957,2.051355990640957,1.26175211436066,1.0,4.279667713466639,0.3467282057148198,2.7260691047124044,0.22085944811960578,1.435965e7,0.7906376374089622,0.7906376374089622,0.37984380843460624,1.0,12.804024028224507,1.0373506950705764,9.716922136906609,0.7872412540344539,7.076525e6,1.859538188029751,1.8595380567635675,1.1364268386690757,1.0,0.44470703077437096,0.036029075426573944,0.2583408281530746,0.020930141731924066,1.3980009e7,0.21586071762061368,0.21586071214368152,0.03947017000302434,1.0,11.266914501262498,1.0,0,395374.9135798,22879.87736206071,0.09401452202891852,25920.0,1
2.4192e6,8.594731093836867e-12,6.943794892174803e-13,3.825110431869202e-6,3.090356404270076e-7,0.0,0.0,0.0,1.107169629026827,0.08944967248970075,0.1570727592014105,0.0,0.0,0.0,0.19315873830531805,0.01560554537168926,997507.0,-7.387166612979203e-7,-5.968187862402346e-8,7.387382383236774e-7,5.968362185996191e-8,7.9315337288777075,0.6407989126406349,0.0,0.0,0.0,0.0,0.0,0.0,0.0,0.0,0.0,0.0,0.0958879891328284,0.007746915195972792,0.0958879891328284,0.007746915195972792,493048.0,0.0013827600396587873,0.00011171497974347631,0.0013827600396587873,0.00011171497974347631,322.0,7.431962914247093e-7,6.004379376079296e-8,4.353079239392542e-7,3.5169092619315675e-8,13546.0,16.329898638102755,1.3193137227330036,12.902677954425853,1.042424111902287,1.4077321e7,1.2547196810632448,0.10137043285421404,0.7688144304545131,0.06211351648975344,3.860245e6,0.010395402156342489,0.0008398580433432697,NaN,NaN,4784.0,0.09671362201635121,0.007813619149090399,0.09671362201635145,0.007813619149090418,493355.0,0.01394686496832455,0.01394686496832455,0.008581205138276137,1.0,0.09644511628896632,0.00779192622259882,0.09644511628896661,0.007791926222598843,493355.0,0.017718654967376336,0.017718654967376336,0.008557381165195051,1.0,0.0,0.0,0.0,0.0,0.0,0.0,0.0,0.0,1.0,0.0,0.0,0.0,0.0,0.0,0.0,0.0,0.0,1.0,14.230981502590774,1.1497394809615846,11.601411583565973,0.9372931115174693,7.386556e6,2.052219462422798,2.052219462422798,1.2626863625487852,1.0,4.282326610180502,0.34597472937482,2.727992816969167,0.22039808321569807,1.448925e7,0.7867383086154589,0.7867383086154589,0.3799622260537891,1.0,12.818667852722305,1.0356368266605358,9.725512367061281,0.7857367771123055,7.139348e6,1.8604818784077177,1.8604817381524315,1.1373746133201208,1.0,0.4467863095885558,0.0360964463057991,0.2597559494962114,0.020986020570407434,1.410957e7,0.21369219584296392,0.21369219108586957,0.039642450521649844,1.0,11.27040088867749,1.0,0,418960.3053492229,23585.391769422917,0.09688353559085872,25920.0,1
2.4408e6,7.805224459878987e-12,6.290836382957037e-13,3.8250926702834315e-6,3.082939159801481e-7,0.0,0.0,0.0,1.134676186381006,0.09145236338624452,0.1570727592014105,0.0,0.0,0.0,0.1940577985763829,0.015640624634897238,1.040935e6,-7.387164151249233e-7,-5.9538891223988085e-8,7.387380635022712e-7,5.954063603479464e-8,7.9454432166520945,0.6403849565501045,0.0,0.0,0.0,0.0,0.0,0.0,0.0,0.0,0.0,0.0,0.09633751926836075,0.007764588633836989,0.09633751926836075,0.007764588633836989,514761.0,0.0013827600396587873,0.00011144736722304947,0.0013827600396587873,0.00011144736722304947,322.0,7.431983879576376e-7,5.990012821221815e-8,4.3530914736225643e-7,3.508494388773729e-8,13546.0,16.344635217572197,1.317341050489895,12.911307062104552,1.040622478383879,1.4183161e7,1.2557981724170542,0.1012145246213027,0.7694460490322215,0.06201563100274364,3.944485e6,0.011776753830323089,0.0009491800248634202,NaN,NaN,6944.0,0.09716315215188352,0.007831132798060952,0.09716315215188386,0.00783113279806098,515068.0,0.014009228061187927,0.014009228061187927,0.008619397027159012,1.0,0.09689464642449874,0.007809491836836235,0.09689464642449905,0.00780949183683626,515068.0,0.01770851225862356,0.01770851225862356,0.008595577735409627,1.0,0.0,0.0,0.0,0.0,0.0,0.0,0.0,0.0,1.0,0.0,0.0,0.0,0.0,0.0,0.0,0.0,0.0,1.0,14.245987792744616,1.1481947608095964,11.610539601873644,0.9357835297200747,7.459988e6,2.0540224099922817,2.0540224099922817,1.2637694651752422,1.0,4.285009341615493,0.345362171275257,2.729905360790232,0.220024267770448,1.4618842e7,0.7831303715364889,0.7831303715364889,0.3801255513276717,1.0,12.833373587057878,1.0343412145612432,9.734140845069001,0.7845499857147944,7.201541e6,1.8622819274021851,1.8622817872341682,1.1384556768166085,1.0,0.4488774159147168,0.036178515993219994,0.2611708809928933,0.021049789006894346,1.4239114e7,0.21176253881241214,0.21176253098036255,0.039820164111659354,1.0,11.272615920316747,1.0,0,443179.1648745525,24218.859525329608,0.09946613141695079,25920.0,1
2.4624e6,7.472160222080794e-12,6.010518034484618e-13,3.8250752199361374e-6,3.0768456389287765e-7,0.0,0.0,0.0,1.1582765930687362,0.09317041049238042,0.1570727592014105,0.0,0.0,0.0,0.19494594196699178,0.015681222900971226,1.084283e6,-7.387162093326008e-7,-5.942146536739108e-8,7.387379304549963e-7,5.942321258899778e-8,7.959458469453203,0.6402495028680948,0.0,0.0,0.0,0.0,0.0,0.0,0.0,0.0,0.0,0.0,0.0967815909636652,0.007784997652676584,0.0967815909636652,0.007784997652676584,536435.0,0.0013827600396587873,0.00011122759561784917,0.0013827600396587873,0.00011122759561784917,322.0,7.432005129199791e-7,5.978217748788861e-8,4.353103852256878e-7,3.501585677011668e-8,13546.0,16.359476998965498,1.3159371401920565,12.919997535691078,1.0392694466626813,1.4289001e7,1.2569379800745104,0.10110661673369059,0.7701135686244069,0.06194703211984011,4.028725e6,0.014502407293986469,0.001166556631459293,NaN,NaN,9462.0,0.09760722384718798,0.007851410593362902,0.09760722384718828,0.007851410593362926,536742.0,0.014077141312382246,0.014077141312382246,0.008658088227608425,1.0,0.0973387181198032,0.007829812307608274,0.09733871811980348,0.007829812307608297,536742.0,0.017704154354880472,0.017704154354880472,0.00863427086875233,1.0,0.0,0.0,0.0,0.0,0.0,0.0,0.0,0.0,1.0,0.0,0.0,0.0,0.0,0.0,0.0,0.0,0.0,1.0,14.261129753288476,1.1471485491031903,11.619695711723216,0.9346746931918346,7.533421e6,2.0567733708476386,2.0567733708476386,1.2650100552255428,1.0,4.287732255166014,0.3449001531118141,2.7317903733906785,0.21974201325575649,1.4748435e7,0.7798610372537371,0.7798610372537371,0.3803362363805135,1.0,12.848193570759747,1.0334936199493847,9.742838931094669,0.7837025353039888,7.263183999999999e6,1.8649461583693951,1.864946066494448,1.139677875432516,1.0,0.4509690113088846,0.03627541828473978,0.2625972695013659,0.02112301633308461,1.4368654e7,0.2100881158953751,0.21008811033869612,0.04000246430471705,1.0,11.273530747347152,1.0,0,467950.4085109293,24771.243636376807,0.10172650083801915,25920.0,1
2.484e6,7.326162835090664e-12,5.883938913140373e-13,3.825057996141682e-6,3.0720594252582234e-7,0.0,0.0,0.0,1.1777986665833315,0.09459379435249402,0.1570727592014105,0.0,0.0,0.0,0.19581663212526632,0.015726829003626548,1.127483e6,-7.387160270261975e-7,-5.9329284306388314e-8,7.387378209446418e-7,5.933103466449106e-8,7.9736042616588145,0.6403925417605819,0.0,0.0,0.0,0.0,0.0,0.0,0.0,0.0,0.0,0.0,0.09721693604280213,0.007807886964492284,0.09721693604280213,0.007807886964492284,558035.0,0.0013827600396587873,0.00011105507464171968,0.0013827600396587873,0.00011105507464171968,322.0,7.432026027380633e-7,5.968961942331137e-8,4.353116030251395e-7,3.496164278676499e-8,13546.0,16.374454193096668,1.3150989184504482,12.928767299971735,1.0383618099624052,1.4394841e7,1.2581642280372662,0.10104827898461628,0.7708317125293315,0.06190862544181818,4.112965e6,0.01905330268194033,0.001530248120300252,NaN,NaN,13782.0,0.09804256892632529,0.007874196894542728,0.09804256892632555,0.007874196894542749,558342.0,0.01414977840378387,0.01414977840378387,0.0086968664953113,1.0,0.09777406319894053,0.007852632109083782,0.09777406319894076,0.007852632109083801,558342.0,0.0177055986129899,0.0177055986129899,0.008673048693616951,1.0,0.0,0.0,0.0,0.0,0.0,0.0,0.0,0.0,1.0,0.0,0.0,0.0,0.0,0.0,0.0,0.0,0.0,1.0,14.276453202754976,1.1465999382237038,11.62892429761281,0.9339661393404016,7.606844e6,2.0604177493836793,2.0604177493836793,1.2663928423195496,1.0,4.290499789883509,0.34458746329795104,2.7336677336676862,0.21955195804113595,1.4878035e7,0.7769531575488221,0.7769531575488221,0.38058880218466973,1.0,12.863187841338439,1.0330948572991785,9.75163766477052,0.7831936255601736,7.324495e6,1.8684275321849066,1.8684274015796813,1.14102913239959,1.0,0.4530988182573213,0.03639020628196531,0.26402860168746795,0.021205209311071872,1.4498169e7,0.2086927995418203,0.2086927954322221,0.040192132608524216,1.0,11.273321141491882,1.0,0,493187.531566758,25237.123055828677,0.10364162539098162,25920.0,1
2.5056e6,7.239644202921752e-12,5.807718498489531e-13,3.825041059913228e-6,3.0684880497545307e-7,0.0,0.0,0.0,1.1932092050851535,0.09572049369697366,0.1570727592014105,0.0,0.0,0.0,0.19666298059765946,0.015776510535202327,1.170683e6,-7.387159276855997e-7,-5.9260566377240825e-8,7.387377923303183e-7,5.926232038196862e-8,7.98789629899866,0.6407974176546973,0.0,0.0,0.0,0.0,0.0,0.0,0.0,0.0,0.0,0.0,0.09764011027899872,0.007832792037391062,0.09764011027899872,0.007832792037391062,579164.0,0.0013827600396587873,0.00011092646041993971,0.0013827600396587873,0.00011092646041993971,322.0,7.432046567187245e-7,5.962065692740716e-8,4.3531280857432806e-7,3.492124999687478e-8,13546.0,16.389587252290024,1.314789876404673,12.937628390237352,1.0378701165761823,1.4500681e7,1.2594963103574042,0.10103811479423153,0.7716118408334202,0.0618995110264295,4.197205e6,0.025451335567751043,0.0020417328289204866,NaN,NaN,18442.0,0.09846574316252187,0.00789902517311151,0.09846574316252214,0.007899025173111533,579471.0,0.014225886765701003,0.014225886765701003,0.00873515889506903,1.0,0.09819723743513707,0.007877485362090774,0.09819723743513734,0.007877485362090795,579471.0,0.017712437011852714,0.017712437011852714,0.008711339035312618,1.0,0.0,0.0,0.0,0.0,0.0,0.0,0.0,0.0,1.0,0.0,0.0,0.0,0.0,0.0,0.0,0.0,0.0,1.0,14.291991772840541,1.1465185673888196,11.638273025386338,0.9336344666320684,7.679813e6,2.064842554239171,2.064842554239171,1.2678807375345058,1.0,4.293312268621946,0.34441401239310643,2.7355655406621353,0.21944993633695722,1.5007164e7,0.7744110233285459,0.7744110233285459,0.38087119081264736,1.0,12.878392195015198,1.0331181268771168,9.76055758332931,0.7830021647941833,7.385402e6,1.8726238047331778,1.8726236814685118,1.1424765458865949,1.0,0.4552506929728511,0.03652068799129053,0.2654572614291396,0.02129525988498428,1.4627574e7,0.20756383210975998,0.20756383210975998,0.04038650410269539,1.0,11.272347114155584,1.0,0,518801.8552018818,25614.323635123787,0.10519976934987674,25920.0,1
2.5272e6,7.1591288044870765e-12,5.738486903445769e-13,3.8250243906698e-6,3.0659948955607454e-7,0.0,0.0,0.0,1.2045883633666357,0.09655524765653194,0.1570727592014105,0.0,0.0,0.0,0.19748955711163854,0.015830016025722822,1.213883e6,-7.38715813621727e-7,-5.9212665920742315e-8,7.3873774922618e-7,5.9214424195838484e-8,8.002344846689187,0.641437699386004,0.0,0.0,0.0,0.0,0.0,0.0,0.0,0.0,0.0,0.0,0.09805339853598828,0.007859589605154909,0.09805339853598828,0.007859589605154909,599684.0,0.0013827600396587873,0.00011083681541274645,0.0013827600396587873,0.00011083681541274645,322.0,7.432066580187675e-7,5.9572635023989594e-8,4.3531398153825126e-7,3.489312247571809e-8,13546.0,16.404890338135928,1.3149539689641294,12.946589100832245,1.0377496204964904,1.4606521e7,1.2609480455581883,0.10107282663815165,0.7724620460197898,0.061917636287186155,4.281445e6,0.033846914535723416,0.002713040665835776,NaN,NaN,24922.0,0.09887903141951139,0.007925769214693183,0.09887903141951168,0.007925769214693205,599991.0,0.014304834154132529,0.014304834154132529,0.008772832200457558,1.0,0.0986105256921266,0.007904246811029594,0.09861052569212686,0.007904246811029617,599991.0,0.01772498996004251,0.01772498996004251,0.008749009599675651,1.0,0.0,0.0,0.0,0.0,0.0,0.0,0.0,0.0,1.0,0.0,0.0,0.0,0.0,0.0,0.0,0.0,0.0,1.0,14.307774045272804,1.1468570578699313,11.647759622991007,0.933640361507746,7.752173e6,2.0699063481323967,2.0699063481323967,1.2694268851471766,1.0,4.296172833232325,0.3443649669075835,2.7374866091932635,0.21942657387820524,1.5135684e7,0.7722260864260904,0.7722260864260904,0.3811688163712573,1.0,12.893838811467702,1.0335213567937662,9.769616377802418,0.7830955017958381,7.446081e6,1.8774069189621054,1.877406815505747,1.1439784824837256,1.0,0.4574199191207181,0.03666505083138432,0.2668904663360945,0.021392930446569067,1.4756956e7,0.20668621837134588,0.20668621711462595,0.04058361148955475,1.0,11.27105011929377,1.0,0,544705.2566666772,25903.401464795403,0.10639927394548981,25920.0,1
2.5488e6,7.10474834518797e-12,5.692027604272054e-13,3.825008046849907e-6,3.064436674098185e-7,0.0,0.0,0.0,1.2120972077627339,0.09710816527821756,0.1570727592014105,0.0,0.0,0.0,0.1983037186949986,0.01588726561449896,1.257083e6,-7.387158166240773e-7,-5.918282556460309e-8,7.387378224327043e-7,5.9184588578070616e-8,8.01696247641001,0.6422855462438158,0.0,0.0,0.0,0.0,0.0,0.0,0.0,0.0,0.0,0.0,0.09846047932766798,0.007888242327999255,0.09846047932766798,0.007888242327999255,620204.0,0.0013827600396587873,0.00011078095850014097,0.0013827600396587873,0.00011078095850014097,322.0,7.432087146204e-7,5.954277778494553e-8,4.3531519542165856e-7,3.4875635117708145e-8,13546.0,16.420378289612366,1.315532119591075,12.955658097821887,1.0379532101831528,1.4712361e7,1.2625288585769456,0.10114853848521406,0.7733878459207283,0.061960603724561907,4.365685e6,0.044081674373000035,0.0035316396187852557,NaN,NaN,31901.0,0.09928611221119135,0.00795438858590567,0.0992861122111917,0.007954388585905697,620511.0,0.014386229062674937,0.014386229062674937,0.008809902005988057,1.0,0.09901760648380654,0.007932877028593233,0.0990176064838069,0.007932877028593263,620511.0,0.01774361603770567,0.01774361603770567,0.008786076829499376,1.0,0.0,0.0,0.0,0.0,0.0,0.0,0.0,0.0,1.0,0.0,0.0,0.0,0.0,0.0,0.0,0.0,0.0,1.0,14.32382644461743,1.1475651432015268,11.657401118215509,0.9339422838797122,7.824533e6,2.0754750457742235,2.0754750457742235,1.2709885050130485,1.0,4.29908522678102,0.34442475081513013,2.739434737570912,0.2194720683796839,1.5264204e7,0.7703813522280034,0.7703813522280034,0.38146845233267757,1.0,12.909549470859488,1.0342591795896157,9.77882929910059,0.7834389566471305,7.506409e6,1.8826542822372165,1.8826541809076665,1.1454962154002784,1.0,0.4596220797596197,0.03682300115945164,0.2683281741993616,0.02149733249286929,1.4886255e7,0.20604982960864016,0.20604982796389268,0.04078340255541051,1.0,11.269831621703279,1.0,0,570812.2949760347,26107.03830935748,0.10724731491650272,25920.0,1
2.5704e6,7.025909748222694e-12,5.627515805243394e-13,3.824991941678488e-6,3.063689027911214e-7,0.0,0.0,0.0,1.2158796323912404,0.09738784148609528,0.1570727592014105,0.0,0.0,0.0,0.19909649253786676,0.01594695489518343,1.300283e6,-7.387159309845931e-7,-5.916864471896317e-8,7.387380030731782e-7,5.917041261852093e-8,8.031762583963525,0.6433169867667453,0.0,0.0,0.0,0.0,0.0,0.0,0.0,0.0,0.0,0.0,0.09885686624910149,0.007918100249072794,0.09885686624910149,0.007918100249072794,640724.0,0.0013827600396587873,0.00011075439703744063,0.0013827600396587873,0.00011075439703744063,322.0,7.432107316392644e-7,5.9528663031637625e-8,4.35316383823055e-7,3.48673683271457e-8,13546.0,16.436069215416033,1.3164734902725712,12.964845793291566,1.0384402480084216,1.4818201e7,1.2642118211591207,0.10125908614963593,0.7743734540191676,0.06202469157472671,4.449925e6,0.056209288650647456,0.0045021736916421974,NaN,NaN,40541.0,0.09968249913262542,0.007984230647382207,0.09968249913262578,0.007984230647382237,641031.0,0.014468630488185384,0.014468630488185384,0.008845693659309609,1.0,0.09941399340524065,0.007962724247801166,0.09941399340524099,0.007962724247801192,641031.0,0.01776720111221089,0.01776720111221089,0.008821866814769368,1.0,0.0,0.0,0.0,0.0,0.0,0.0,0.0,0.0,1.0,0.0,0.0,0.0,0.0,0.0,0.0,0.0,0.0,1.0,14.340135456700148,1.1485962932035292,11.667187432956439,0.9345022073235202,7.896893e6,2.081429768303356,2.081429768303356,1.2725247298846738,1.0,4.3020478163850004,0.3445794630046828,2.741407002256666,0.21957741825116475,1.5392724e7,0.7688590522310784,0.7688590522310784,0.38175805605367824,1.0,12.925515897312339,1.0352900565147483,9.788191547455488,0.7840009993295124,7.566478e6,1.8882578711437743,1.8882577384130055,1.1469932536908094,1.0,0.46185875698697443,0.036993322542916963,0.2697719838668481,0.021607822437608035,1.5015494e7,0.2056394413403529,0.20563943977102525,0.04098473767938622,1.0,11.269042651925329,1.0,0,597041.1622169769,26228.8672409422,0.1077553299610074,25920.0,1
2.592e6,6.9885429503830086e-12,5.59657832329473e-13,5.910310380563148e-6,4.733106055818219e-7,0.0,0.0,0.0,1.2180844119172007,0.09754686869750728,0.1612641622772928,0.0,0.0,0.0,0.20045116523589418,0.01605256852827803,1.343475e6,-7.38715995754965e-7,-5.91579955688294e-8,7.387381364076751e-7,5.9159768640811646e-8,8.046688325046302,0.6443964324751674,0.0,0.0,0.0,0.0,0.0,0.0,0.0,0.0,0.0,0.0,0.09953420259811503,0.007970917037241752,0.09953420259811503,0.007970917037241752,661776.0,0.0013827600396587873,0.0001107344537940975,0.0013827600396587873,0.0001107344537940975,322.0,7.432127905409073e-7,5.9518108748386086e-8,4.353175898703466e-7,3.486118643777908e-8,13551.0,16.452130268393685,1.317522640782611,12.974249185229821,1.0390063031250605,1.4924661e7,1.2658310454024846,0.10137052372647713,0.7753216487167496,0.0620894564660504,4.534727e6,0.06794263839602835,0.005440995354458329,NaN,NaN,49197.0,0.10035983548163903,0.008037035527630031,0.10035983548163949,0.008037035527630068,662083.0,0.014594078075388196,0.014594078075388196,0.00890576501854488,1.0,0.10009132975425436,0.008015533000647933,0.1000913297542547,0.008015533000647961,662083.0,0.017840236713950002,0.017840236713950002,0.00888193826651061,1.0,0.0,0.0,0.0,0.0,0.0,0.0,0.0,0.0,1.0,0.0,0.0,0.0,0.0,0.0,0.0,0.0,0.0,1.0,14.356928852194834,1.1497343204977328,11.677250571268246,0.9351398122159241,7.969781e6,2.087748944447582,2.087748944447582,1.274010007409852,1.0,4.305461673611626,0.3447908046839792,2.7436378668791566,0.21971653206917685,1.5521774e7,0.767403686299871,0.767403686299871,0.3820595139232876,1.0,12.941539099028777,1.0363868077497644,9.797579577685074,0.7846116404310328,7.623701e6,1.89415007219159,1.8941498654479965,1.1484106728667092,1.0,0.4642013940968662,0.037174264768643016,0.27121948814359265,0.021719850889895923,1.5139901e7,0.20524449844676243,0.20524449844676243,0.0411924602832173,1.0,11.269086403319104,1.0,0,623320.7973877832,26279.635170806316,0.10796347928150381,25025.0,1
2.6136e6,6.9797008505632946e-12,5.588100071630751e-13,5.910289960657108e-6,4.7319064899237103e-7,0.0,0.0,0.0,1.219336689273726,0.09762274324583134,0.1612641622772928,0.0,0.0,0.0,0.2026313113146952,0.016223102816518238,1.386675e6,-7.387158225494253e-7,-5.914319294314831e-8,7.387380367622204e-7,5.9144971461264906e-8,8.061750225800521,0.645441229915024,0.0,0.0,0.0,0.0,0.0,0.0,0.0,0.0,0.0,0.0,0.1006242756375155,0.0080561980224756,0.1006242756375155,0.0080561980224756,683290.0,0.0013827600396587873,0.00011070677156660381,0.0013827600396587873,0.00011070677156660381,322.0,7.432148932950783e-7,5.950339831719419e-8,4.353188186352946e-7,3.485256995508312e-8,13551.0,16.468741307283807,1.3185231924585104,12.98397049807392,1.0395248739705347,1.5032661e7,1.267375266297238,0.10146881604255388,0.7762256224554847,0.06214630897963272,4.621127e6,0.07891348330152059,0.006317984841059061,NaN,NaN,57837.0,0.1014499085210395,0.008122299984068822,0.10144990852104,0.008122299984068862,683597.0,0.01478419891088979,0.01478419891088979,0.009001002544417575,1.0,0.10118140279365477,0.008100802832449341,0.10118140279365521,0.008100802832449376,683597.0,0.017977419946341014,0.017977419946341014,0.008977179745850147,1.0,0.0,0.0,0.0,0.0,0.0,0.0,0.0,0.0,1.0,0.0,0.0,0.0,0.0,0.0,0.0,0.0,0.0,1.0,14.374462413247711,1.1508506762813537,11.687745068603238,0.9357462512135131,8.043135e6,2.0947767686797865,2.0947767686797865,1.2753542575097012,1.0,4.309500406805395,0.34502796104819383,2.746237058630029,0.21986970262209699,1.5651288e7,0.7656910897950754,0.7656910897950754,0.3823544514954332,1.0,12.957693965529861,1.0374211177131327,9.80703355047317,0.785172402932734,7.676695e6,1.90060217859812,1.9006018417329962,1.1496534403412537,1.0,0.4666902960004039,0.03736423855900304,0.27267872447096925,0.02183125082825621,1.5250851e7,0.20447007160424518,0.20447007160424518,0.041406449774012914,1.0,11.27095654294185,1.0,0,649653.5426198794,26332.745232096175,0.10816371892795949,23760.0,1
2.6352e6,6.898332560138827e-12,5.524034946068006e-13,5.910268731167114e-6,4.7328148834510686e-7,0.0,0.0,0.0,1.2148389463827844,0.09728166531779799,0.1612641622772928,0.0,0.0,0.0,0.20461003854805598,0.01638472766284026,1.429875e6,-7.387156688795166e-7,-5.915474695549223e-8,7.387379580215156e-7,5.9156531821592065e-8,8.0769363682097,0.6467835287178455,0.0,0.0,0.0,0.0,0.0,0.0,0.0,0.0,0.0,0.0,0.1016136392541964,0.008136999620471071,0.1016136392541964,0.008136999620471071,704889.0,0.0013827600396587873,0.0001107284218977666,0.0013827600396587873,0.0001107284218977666,322.0,7.432170061061928e-7,5.951520426785608e-8,4.353200449675547e-7,3.485948408779344e-8,13551.0,16.48554047143194,1.3201262895794021,12.993802097116527,1.0405154613960643,1.5140661e7,1.2689800028570941,0.10161716357587426,0.7771650460167793,0.062233689600097244,4.706344e6,0.0940882444977596,0.0075343823465848555,NaN,NaN,67972.0,0.10243927213771992,0.008203114509271315,0.1024392721377204,0.008203114509271353,705196.0,0.01496570278434669,0.01496570278434669,0.009087125179704237,1.0,0.10217076641033514,0.008181613153568872,0.10217076641033558,0.008181613153568907,705196.0,0.018106005796565898,0.018106005796565898,0.009063306725069643,1.0,0.0,0.0,0.0,0.0,0.0,0.0,0.0,0.0,1.0,0.0,0.0,0.0,0.0,0.0,0.0,0.0,0.0,1.0,14.392333429593291,1.152506814182008,11.698419381269355,0.9367840258862596,8.116573e6,2.1026250966615314,2.1026250966615314,1.276706996970149,1.0,4.313273196944216,0.3453975531643377,2.7486625167644774,0.2201069267853425,1.5780887e7,0.7643688331787285,0.7643688331787285,0.3826194061804819,1.0,12.974300133511878,1.038953786490863,9.8167516834597,0.7861041618905654,7.728553e6,1.9078104865578405,1.9078102099676075,1.1509168990753045,1.0,0.469003788986859,0.03755680517886739,0.2740351109076323,0.02194413673023787,1.5360437e7,0.2038076740536636,0.2038076740536636,0.041604123607491696,1.0,11.273012103598429,1.0,0,675954.386486592,26300.843866712647,0.10801298262664677,23760.0,1
2.6568e6,6.717166796179526e-12,5.383489915360605e-13,5.9102497183742004e-6,4.7367842308496983e-7,0.0,0.0,0.0,1.203829440716324,0.09648120778535033,0.1612641622772928,0.0,0.0,0.0,0.20638095885104865,0.01654045290834517,1.473075e6,-7.387155387671371e-7,-5.920453926400865e-8,7.38737904236027e-7,5.920633175003548e-8,8.09240183027145,0.6485675429273309,0.0,0.0,0.0,0.0,0.0,0.0,0.0,0.0,0.0,0.0,0.10249909940569238,0.008214815631762101,0.10249909940569238,0.008214815631762101,726486.0,0.0013827600396587873,0.00011082164482056073,0.0013827600396587873,0.00011082164482056073,322.0,7.432190769206956e-7,5.956547644137505e-8,4.353212570278261e-7,3.488892963748238e-8,13551.0,16.502620484432136,1.3226065936831224,13.003800033574352,1.0421927646925506,1.5248661e7,1.2706281773078723,0.10183480902395531,0.7781300317812931,0.062363423539168295,4.788607e6,0.1144279092366308,0.009170853041219264,NaN,NaN,78772.0,0.10332473228921622,0.008280986183083958,0.10332473228921671,0.008280986183083996,726793.0,0.015137204225614063,0.015137204225614063,0.00916526170173629,1.0,0.10305622656183146,0.008259466725261136,0.10305622656183194,0.008259466725261174,726793.0,0.018235287018220223,0.018235287018220223,0.009141444313533358,1.0,0.0,0.0,0.0,0.0,0.0,0.0,0.0,0.0,1.0,0.0,0.0,0.0,0.0,0.0,0.0,0.0,0.0,1.0,14.41046533244419,1.1549303024154578,11.709229046726131,0.9384390532858351,8.19031e6,2.1111514338383177,2.1111514338383177,1.2782581971367344,1.0,4.316958064071893,0.3459836700226634,2.7510169272328993,0.22048093093606147,1.5910484e7,0.7638642707021731,0.7638642707021731,0.38292913551317453,1.0,12.991288644059681,1.0411900362904856,9.826695512908255,0.787562938367848,7.780392e6,1.9156581892062905,1.91565794185138,1.1523723084257989,1.0,0.47129880862646684,0.037772359394218635,0.27538021707971155,0.02207041549692701,1.5469844e7,0.20374136546135,0.20374136546135,0.04180583704477619,1.0,11.273516856550001,1.0,0,702087.1050040098,26132.718517417787,0.10731771592705355,23760.0,1
2.6784e6,0.0032088352229884564,0.000281830174985904,1.258876996382815e-5,1.1056645153809893e-6,0.0,0.0,0.0,0.0,0.0,0.18931891175582793,0.0,0.0,0.0,0.27577167802953584,0.024220869840376986,1.511615e6,-3.098327705435745e-5,-2.7212436248857882e-6,3.098327705576996e-5,2.7212436250098485e-6,7.764936683371361,0.6819899783420224,0.0,0.0,0.0,0.0,0.0,0.0,0.0,0.0,0.0,0.0,0.13699532984124704,0.012032222005295903,0.13699532984124704,0.012032222005295903,745741.0,0.001781018347036825,0.00015642582978474728,0.001781018347036825,0.00015642582978474728,330.0,3.098778243680791e-5,2.721639330067312e-6,1.8148201259217238e-5,1.5939462082447347e-6,17281.0,17.73262610078874,1.557446478130634,13.803342359429722,1.2123397189979097,1.5360093e7,2.5220523397265247,0.22151042444827093,1.558641847916792,0.1368946281790184,4.865512e6,0.13732959497221775,0.012061580321883262,NaN,NaN,90050.0,0.13805593133892988,0.012125374032405567,0.13805593133893038,0.01212537403240561,746054.0,0.02406100365483129,0.02406100365483129,0.012125374032405567,1.0,0.13771574669060496,0.012095495807971332,0.13771574669060546,0.012095495807971377,746054.0,0.024397084065718846,0.024397084065718846,0.012095495807971332,1.0,0.0,0.0,0.0,0.0,0.0,0.0,0.0,0.0,1.0,0.0,0.0,0.0,0.0,0.0,0.0,0.0,0.0,1.0,16.849546131153353,1.4798860659954476,13.276922406385891,1.1661045535336505,8.266113e6,2.9366140745421725,2.9366140745421725,1.4798860659954476,1.0,4.4441529760833145,0.39032743156789773,2.8290200288338854,0.2484712222219799,1.6040067e7,0.7873055650056319,0.7873055650056319,0.39032743156789773,1.0,15.422888603740232,1.3545835457179072,11.384952253821593,0.9999338896911145,7.836931e6,2.702397565419908,2.702397565419908,1.3545835457179072,1.0,0.5523005753671772,0.04850824582247706,0.3247087486051059,0.028518984952304025,1.5580874e7,0.23951438720110735,0.23951438720110735,0.04850824582247706,1.0,11.385704966293794,1.0,0,724519.3067820059,22432.201777996146,0.09121331205813508,21210.0,1
2.7e6,0.0026276013239538115,0.00020591973336644577,1.2023333544614744e-5,9.422440212343385e-7,0.0,0.0,0.0,0.0,0.0,0.18931891175582793,0.0,0.0,0.0,0.27577167802953584,0.021611661515077527,1.511615e6,-3.0983276931195143e-5,-2.4280959467969136e-6,3.098327693260988e-5,2.4280959469077834e-6,7.7610947666516585,0.6082210989967974,0.0,0.0,0.0,0.0,0.0,0.0,0.0,0.0,0.0,0.0,0.13699532984124704,0.010736043377733418,0.13699532984124704,0.010736043377733418,745741.0,0.001781018347036825,0.00013957475961030446,0.001781018347036825,0.00013957475961030446,330.0,3.0987784035146864e-5,2.4284491593012354e-6,1.814820219630762e-5,1.4222374312556486e-6,17281.0,17.93424458180423,1.4054700112788754,13.921439404913768,1.0909946894163485,1.5489693e7,2.5220523397265247,0.19764807567962533,1.558641847916792,0.1221475688914107,4.865512e6,0.13732959497221775,0.010762239051337212,NaN,NaN,90050.0,0.13805593133892988,0.010819160544565361,0.13805593133893038,0.010819160544565401,746054.0,0.019653217240326114,0.019653217240326114,0.010819160544565361,1.0,0.13771574669060496,0.010792500970512087,0.13771574669060546,0.010792500970512127,746054.0,0.024021142475184932,0.024021142475184932,0.010792500970512087,1.0,0.0,0.0,0.0,0.0,0.0,0.0,0.0,0.0,1.0,0.0,0.0,0.0,0.0,0.0,0.0,0.0,0.0,1.0,17.038683074735648,1.335286690442622,13.387708174375181,1.049167266176786,8.341786e6,2.42557445166733,2.42557445166733,1.335286690442622,1.0,4.464550315749007,0.34987766303784873,2.8409681887556695,0.22264085749920456,1.6169665e7,0.7787315670093592,0.7787315670093592,0.34987766303784873,1.0,15.613295101570356,1.2235819547575768,11.49648174138273,0.9009557246209386,7.912567e6,2.2400800025015886,2.2400800025015886,1.2235819547575768,1.0,0.5704182292847286,0.04470250818146421,0.33532128288304186,0.026278442065735645,1.5710471e7,0.23401747483693242,0.23401747483693242,0.04470250818146421,1.0,12.760318212329107,1.0,0,724519.3067820059,0.0,0.0,0.0,1
2.7216e6,0.0021495615688345345,0.0001603217028996559,1.0159512650084925e-5,7.577314333803061e-7,0.0,0.0,0.0,0.0,0.0,0.18931891175582793,0.0,0.0,0.0,0.27577167802953584,0.020568001249278992,1.511615e6,-3.098327694813455e-5,-2.3108394724556732e-6,3.0983276949549826e-5,2.3108394725612296e-6,7.7617421563907305,0.5788974542633335,0.0,0.0,0.0,0.0,0.0,0.0,0.0,0.0,0.0,0.0,0.13699532984124704,0.010217583384390806,0.13699532984124704,0.010217583384390806,745741.0,0.001781018347036825,0.00013283448049701042,0.001781018347036825,0.00013283448049701042,330.0,3.098778568773658e-5,2.311175749779109e-6,1.8148203166146036e-5,1.3535554777074758e-6,17281.0,18.037961765474446,1.3453332944762715,13.982193919774826,1.0428401642419152,1.5619293e7,2.5220523397265247,0.18810334710544993,1.558641847916792,0.11624887553426566,4.865512e6,0.13732959497221775,0.010242514028757628,NaN,NaN,90050.0,0.13805593133892988,0.01029668669581567,0.13805593133893038,0.010296686695815708,746054.0,0.018109829393877352,0.018109829393877352,0.01029668669581567,1.0,0.13771574669060496,0.010271314553463246,0.13771574669060546,0.010271314553463284,746054.0,0.02381635443766047,0.02381635443766047,0.010271314553463246,1.0,0.0,0.0,0.0,0.0,0.0,0.0,0.0,0.0,1.0,0.0,0.0,0.0,0.0,0.0,0.0,0.0,0.0,1.0,17.138113732137246,1.2782195299081112,13.445951873888596,1.0028453861395656,8.417386e6,2.248134598867123,2.248134598867123,1.2782195299081112,1.0,4.472226818820153,0.33355407434805584,2.8454646874945113,0.21222455353409472,1.6299265e7,0.7734201905169484,0.7734201905169484,0.33355407434805584,1.0,15.71272546061928,1.1719091649033728,11.55472524509778,0.8617911925342562,7.988167e6,2.080466705115691,2.080466705115691,1.1719091649033728,1.0,0.5774286058380975,0.0430666135518652,0.3394276070369032,0.02531567960661676,1.5839878e7,0.22915487498843687,0.22915487498843687,0.0430666135518652,1.0,13.407801501334651,1.0,0,724519.3067820059,0.0,0.0,0.0,1
2.7432e6,0.0017241513321054089,0.00012593973099952758,8.06437658575133e-6,5.890581638493431e-7,0.0,0.0,0.0,0.0,0.0,0.18931891175582793,0.0,0.0,0.0,0.27577167802953584,0.02014359778147639,1.511615e6,-3.098327686067112e-5,-2.263157230260024e-6,3.098327686208466e-5,2.2631572303632758e-6,7.763615432422586,0.5670892229333064,0.0,0.0,0.0,0.0,0.0,0.0,0.0,0.0,0.0,0.0,0.13699532984124704,0.01000675211457796,0.13699532984124704,0.01000675211457796,745741.0,0.001781018347036825,0.0001300935523201092,0.001781018347036825,0.0001300935523201092,330.0,3.098778793849952e-5,2.2634867395772448e-6,1.81482044833365e-5,1.325626091049e-6,17281.0,18.089244888591114,1.321319418331932,14.012233674374396,1.0235162695946842,1.5748893e7,2.5220523397265247,0.18422199218674445,1.558641847916792,0.11385017741542804,4.865512e6,0.13732959497221775,0.010031168335992565,NaN,NaN,90050.0,0.13805593133892988,0.010084223195467805,0.13805593133893038,0.010084223195467841,746054.0,0.017505328549480538,0.017505328549480538,0.010084223195467805,1.0,0.13771574669060496,0.01005937458600851,0.13771574669060546,0.010059374586008547,746054.0,0.023735647450169758,0.023735647450169758,0.01005937458600851,1.0,0.0,0.0,0.0,0.0,0.0,0.0,0.0,0.0,1.0,0.0,0.0,0.0,0.0,0.0,0.0,0.0,0.0,1.0,17.187456841757523,1.2554487827780751,13.474855230541923,0.9842637426262052,8.490454e6,2.1793491668701725,2.1793491668701725,1.2554487827780751,1.0,4.475518336332371,0.32691189274718063,2.847392720720247,0.20798630991377345,1.6428859e7,0.7713665861799553,0.7713665861799553,0.32691189274718063,1.0,15.76193634515726,1.1513223847449503,11.583551144047009,0.8461144262314454,8.061228e6,2.020662601047961,2.020662601047961,1.1513223847449503,1.0,0.5803798338275588,0.04239354097794741,0.34115630169241046,0.024919583370602356,1.596836e7,0.22582681434605603,0.22582681434605603,0.04239354097794741,1.0,13.690289144034113,1.0,0,724519.3067820059,0.0,0.0,0.0,1
2.7648e6,0.001340806500112517,9.765948209056779e-5,6.14480683742355e-6,4.4756544157490647e-7,0.0,0.0,0.0,0.0,0.0,0.18931891175582793,0.0,0.0,0.0,0.27577167802953584,0.020086208747758336,1.511615e6,-3.09832766662094e-5,-2.2567094897264184e-6,3.0983276667617694e-5,2.2567094898289936e-6,7.764104354125778,0.5655091991703622,0.0,0.0,0.0,0.0,0.0,0.0,0.0,0.0,0.0,0.0,0.13699532984124704,0.009978242915737632,0.13699532984124704,0.009978242915737632,745741.0,0.001781018347036825,0.00012972291628271447,0.001781018347036825,0.00012972291628271447,330.0,3.098779011938972e-5,2.2570382332848612e-6,1.814820577003238e-5,1.321849481059113e-6,17281.0,18.111117561032447,1.3191481104420282,14.02507885607954,1.0215358720659249,1.5878493e7,2.5220523397265247,0.1836971444293625,1.558641847916792,0.11352581869156052,4.865512e6,0.13732959497221775,0.010002589575429986,NaN,NaN,90050.0,0.13805593133892988,0.010055493281811703,0.13805593133893038,0.01005549328181174,746054.0,0.017413886360665102,0.017413886360665102,0.010055493281811703,1.0,0.13771574669060496,0.010030715465946562,0.13771574669060546,0.010030715465946598,746054.0,0.02374349008442814,0.02374349008442814,0.010030715465946562,1.0,0.0,0.0,0.0,0.0,0.0,0.0,0.0,0.0,1.0,0.0,0.0,0.0,0.0,0.0,0.0,0.0,0.0,1.0,17.20784498489808,1.2533570123495796,13.48683079226086,0.9823318354324718,8.563893e6,2.170536638105728,2.170536638105728,1.2533570123495796,1.0,4.477364053492087,0.32611495734714063,2.8484741396402065,0.20747252433687785,1.6558438e7,0.7719396769296009,0.7719396769296009,0.32611495734714063,1.0,15.782258754303832,1.1495224822040322,11.595488221912035,0.8445733028920871,8.134667e6,2.0168502074669123,2.0168502074669123,1.1495224822040322,1.0,0.5818142675561575,0.042377240890217355,0.3419967186363283,0.024909800493877882,1.60979e7,0.22393970231101085,0.22393970231101085,0.042377240890217355,1.0,13.729404164452514,1.0,0,724519.3067820059,0.0,0.0,0.0,1
2.7864e6,0.0010025710487518405,7.362106450540088e-5,4.443712239999814e-6,3.26311861759578e-7,0.0,0.0,0.0,0.0,0.0,0.18931891175582793,0.0,0.0,0.0,0.27577167802953584,0.02025053937299606,1.511615e6,-3.098905772367346e-5,-2.2755967474589085e-6,3.098905772367346e-5,2.2755967474589085e-6,7.764329414895283,0.5701523073171004,0.0,0.0,0.0,0.0,0.0,0.0,0.0,0.0,0.0,0.0,0.13699532984124704,0.01005987757948671,0.13699532984124704,0.01005987757948671,745741.0,0.001781018347036825,0.00013078421402227812,0.001781018347036825,0.00013078421402227812,330.0,3.0993571346673063e-5,2.275928193026203e-6,1.8151592297478258e-5,1.3329125642238242e-6,19937.0,18.12872465860214,1.3312333416700903,14.035443717375841,1.0306544444558532,1.6008093e7,2.5220523397265247,0.18520001970948874,1.558641847916792,0.11445460366041585,4.865512e6,0.13732959497221775,0.010084423425688572,NaN,NaN,90050.0,0.13805593133892988,0.010137759951387078,0.13805593133893038,0.010137759951387115,746054.0,0.017622619734491127,0.017622619734491127,0.010137759951387078,1.0,0.13771574669060496,0.010112779421608908,0.13771574669060546,0.010112779421608946,746054.0,0.023813996602983157,0.023813996602983157,0.010112779421608908,1.0,0.0,0.0,0.0,0.0,0.0,0.0,0.0,0.0,1.0,0.0,0.0,0.0,0.0,0.0,0.0,0.0,0.0,1.0,17.224235034468443,1.2648146184826274,13.49648268835815,0.9910773145032106,8.637332e6,2.198646166710144,2.198646166710144,1.2648146184826274,1.0,4.47879739468957,0.32888824419133905,2.849313882134539,0.20923157652908037,1.6688038e7,0.7744798144413176,0.7744798144413176,0.32888824419133905,1.0,15.79856105617302,1.1601241468692398,11.605088688167909,0.8521879660959432,8.208107e6,2.0475343615110493,2.0475343615110493,1.1601241468692398,1.0,0.5829561517817433,0.04280779153514849,0.3426658302218312,0.02516272858862749,1.62275e7,0.22349151847537388,0.22349151847537388,0.04280779153514849,1.0,13.617991745803831,1.0,0,724519.3067820059,0.0,0.0,0.0,1
2.808e6,0.0007401467538174016,5.505481936623601e-5,9.66412633094192e-6,7.188530203481159e-7,0.0,0.0,0.0,0.014664240920335653,0.0010907798093392983,0.18503041045569568,0.0,0.0,0.0,0.2757813071794448,0.0205136210799278,1.512731e6,-3.1001330390395296e-5,-2.3059922048611544e-6,3.1001330390395296e-5,2.3059922048611544e-6,7.76389054664735,0.5775065409938269,0.0,0.0,0.0,0.0,0.0,0.0,0.0,0.0,0.0,0.0,0.13700000789185518,0.010190561059354149,0.13700000789185518,0.010190561059354149,746298.0,0.0017812913957296896,0.00013249896121914572,0.0017812913957296896,0.00013249896121914572,331.0,3.100584401339488e-5,2.3063279446285014e-6,1.8158781840946268e-5,1.3507165288612778e-6,26260.0,18.196460227319903,1.3535191848820098,14.129437152032729,1.050999151370536,1.6136626e7,2.5221256848638878,0.1876049219738684,1.5586822222377192,0.11594047768509366,4.917717e6,0.13732959497221775,0.010215076950400376,NaN,NaN,90050.0,0.13806088127698438,0.010269472697198263,0.13806088127698488,0.010269472697198299,746612.0,0.017962817408147157,0.017962817408147157,0.01028068666263601,1.0,0.13772042590245942,0.010244148382729459,0.13772042590245995,0.010244148382729499,746612.0,0.023921600024958776,0.023921600024958776,0.010255334694752512,1.0,0.0,0.0,0.0,0.0,0.0,0.0,0.0,0.0,1.0,0.0,0.0,0.0,0.0,0.0,0.0,0.0,0.0,1.0,17.28498970423531,1.2857206776977836,13.583849028642952,1.0104163136742725,8.711263e6,2.2489144722752292,2.2489144722752292,1.2871246472751343,1.0,4.488591382519524,0.33387782422730383,2.8577695522434796,0.21257133896436586,1.6817497e7,0.7796540493140552,0.7796540493140552,0.3342424090985735,1.0,15.85862372977883,1.1796223658848535,11.691976451828099,0.8696919202438134,8.28179e6,2.09877070119219,2.09877070119219,1.1809104791921936,1.0,0.59055360823799,0.04392753472190806,0.34871974736013445,0.02593904871072107,1.6356784e7,0.22660327637969924,0.2266032713133392,0.04397550231193547,1.0,13.429149803655722,1.0,0,724602.6625868118,83.35580480587669,0.0002873648066878054,1985.0,1
2.8296e6,0.000652714462678458,4.905738514542358e-5,8.445915751826496e-6,6.347868258394372e-7,0.0,0.0,0.0,0.059274641818925534,0.004455024515828046,0.18145275908322467,0.0,0.0,0.0,0.2759188791123153,0.02073779500144842,1.520145e6,-3.100912125553885e-5,-2.3306154397309572e-6,3.100912125553885e-5,2.3306154397309572e-6,7.762548450749192,0.5834256031277953,0.0,0.0,0.0,0.0,0.0,0.0,0.0,0.0,0.0,0.0,0.13706529097543932,0.010301694161730417,0.13706529097543932,0.010301694161730417,749958.0,0.0017882971614327306,0.00013440667798729407,0.0017882971614327306,0.00013440667798729407,334.0,3.101363487853846e-5,2.330954679252301e-6,1.8163345591816766e-5,1.3651394157419433e-6,29887.0,18.245547879913765,1.371317659886345,14.197744409858094,1.0670886820134808,1.6261873e7,2.5222010278784928,0.18956617987454022,1.5587310911470862,0.1171527150827336,4.984665e6,0.13732959497221775,0.010321558993455191,NaN,NaN,90050.0,0.13813312302148076,0.010381951381308967,0.1381331230214812,0.010381951381309,750274.0,0.018234052069218302,0.018234052069218302,0.010428410204430819,1.0,0.1377857560908336,0.010355843620139386,0.13778575609083404,0.010355843620139419,750274.0,0.024050917686608962,0.024050917686608962,0.010402185612059304,1.0,0.0,0.0,0.0,0.0,0.0,0.0,0.0,0.0,1.0,0.0,0.0,0.0,0.0,0.0,0.0,0.0,0.0,1.0,17.328760006723698,1.3024127736560323,13.647456928779238,1.0257296093353425,8.78502e6,2.2874565154691484,2.2874565154691484,1.3082410194703848,1.0,4.496439880025009,0.3379480547626436,2.8640993109763406,0.21526292280507456,1.6946692e7,0.784867090078419,0.784867090078419,0.33946035898406945,1.0,15.901634839514768,1.1951514320102528,11.755115136672181,0.8835030379472517,8.352932e6,2.138148149744445,2.1381468304063924,1.20049968754953,1.0,0.5965194552458247,0.04483382295934914,0.3532388346658256,0.026549087773252933,1.6485053e7,0.22948322516349373,0.22948309411195267,0.04503445254951412,1.0,13.245846712358018,1.0,0,725355.439621605,752.7770347931655,0.0026310729245656215,5868.0,1
2.8512e6,0.0006051263795216212,4.5892952191185776e-5,7.507603666456914e-6,5.693787410283731e-7,0.0,0.0,0.0,0.12115919599197375,0.009188746974768909,0.18145275908322467,0.0,0.0,0.0,0.2760913060549741,0.020938841104893934,1.533103e6,-3.1015906144792854e-5,-2.352254910775089e-6,3.1015906144792854e-5,2.352254910775089e-6,7.7611754044351144,0.5886096918543298,0.0,0.0,0.0,0.0,0.0,0.0,0.0,0.0,0.0,0.0,0.13715150444676893,0.010401608076482601,0.13715150444676893,0.010401608076482601,756372.0,0.0017882971614327306,0.00013562495192846435,0.0017882971614327306,0.00013562495192846435,334.0,3.102041976779246e-5,2.3525972251932664e-6,1.816732007676042e-5,1.3778145854157816e-6,32954.0,18.288206124509557,1.3869826167521753,14.25398390844323,1.0810260867510957,1.6385659e7,2.5223980934077237,0.19129936989263696,1.5588651091412815,0.11822476154961986,5.031428e6,0.13732959497221775,0.010415114511248488,NaN,NaN,90050.0,0.13821933649281012,0.010482592754552537,0.13821933649281062,0.010482592754552576,756688.0,0.018465314430372373,0.018465314430372373,0.010579807932687656,1.0,0.13787196956216297,0.010456248350341318,0.13787196956216347,0.010456248350341356,756688.0,0.024189514045043325,0.024189514045043325,0.010553219211444552,1.0,0.0,0.0,0.0,0.0,0.0,0.0,0.0,0.0,1.0,0.0,0.0,0.0,0.0,0.0,0.0,0.0,0.0,1.0,17.36684690970627,1.3171064787637718,13.699587381357665,1.038980500616492,8.858678e6,2.3201116210577983,2.3201116210577983,1.3293212756135617,1.0,4.503795987491122,0.3415691348577199,2.869938286699845,0.21765691439082868,1.7075678e7,0.7901869875464853,0.7901869875464853,0.34473683440192193,1.0,15.938812480405403,1.2088039522021607,11.806703633729441,0.8954236730294197,8.422258e6,2.1707482693953386,2.1707482693953386,1.220014355419698,1.0,0.6021072570578568,0.045663981107495116,0.3574260872696345,0.02710729343499367,1.6612121e7,0.23275342315995332,0.23275342254558218,0.04608746718213976,1.0,13.064446667860953,1.0,0,727331.1175639327,1975.6779423276894,0.007001182195421336,8640.0,1
2.8728e6,0.0005513818697772339,4.216385212159724e-5,7.488304964780134e-6,5.726263420739128e-7,0.0,0.0,0.0,0.18734657716231712,0.014326284210525012,0.17989354990080542,0.0,0.0,0.0,0.27672416502371033,0.021160936570595135,1.543901e6,-3.102145523507352e-5,-2.3721927085793237e-6,3.102145523507352e-5,2.3721927085793237e-6,7.7604353670767345,0.5934359962703054,0.0,0.0,0.0,0.0,0.0,0.0,0.0,0.0,0.0,0.0,0.13746770128761762,0.010512075471267753,0.13746770128761762,0.010512075471267753,761578.0,0.0017887624484713757,0.00013678562805934203,0.0017887624484713757,0.00013678562805934203,338.0,3.102596885807315e-5,2.372537862714997e-6,1.817057065814387e-5,1.3894930105419387e-6,35530.0,18.31433846879381,1.4004868517259785,14.287720125845894,1.0925736799875616,1.650596e7,2.52469666418225,0.1930620911483323,1.5602881345615254,0.11931432964836902,5.108658e6,0.13737074392844925,0.010504661198187416,NaN,NaN,90550.0,0.13853586815658356,0.010593757572861818,0.13853586815658397,0.01059375757286185,761897.0,0.018707997478283684,0.018707997478283684,0.010747732645357954,1.0,0.13818829686712586,0.010567178997733245,0.13818829686712633,0.010567178997733281,761897.0,0.024365771664937978,0.024365771664937978,0.010720767763670626,1.0,0.0,0.0,0.0,0.0,0.0,0.0,0.0,0.0,1.0,0.0,0.0,0.0,0.0,0.0,0.0,0.0,0.0,1.0,17.39157424623888,1.3299236062594095,13.7322262540235,1.0500953854519874,8.930917e6,2.348572477809664,2.348572477809664,1.349253393851745,1.0,4.5095333100582895,0.3448413994815129,2.8742995723835714,0.21979602298514853,1.7202583e7,0.7951343307600428,0.7951343307600428,0.3498535001568062,1.0,15.962577467013377,1.2206490504858483,11.838663241461617,0.9052957189761169,8.487438e6,2.1977639266756297,2.1977639266756297,1.238390585984298,1.0,0.6060185071836093,0.04634188412862435,0.3602231188335966,0.02754605319071634,1.6734973e7,0.235816023981576,0.23581550979787824,0.04701544069429389,1.0,12.889776172132313,1.0,0,730641.3581267794,3310.2405628467677,0.011889413428365268,10263.0,1
2.8944e6,0.000493600690551364,3.8042899591007134e-5,7.483898998886496e-6,5.768006885198046e-7,0.0,0.0,0.0,0.24625629094727178,0.01897951832218119,0.17989354990080542,0.0,0.0,0.0,0.2773758839931726,0.021377974353990595,1.553129e6,-3.102536422982846e-5,-2.391193608038454e-6,3.102536422982846e-5,2.391193608038454e-6,7.760162940762666,0.5980929630295327,0.0,0.0,0.0,0.0,0.0,0.0,0.0,0.0,0.0,0.0,0.13779356077234883,0.010620055233095987,0.13779356077234883,0.010620055233095987,766139.0,0.0017887624484713757,0.00013786388779834857,0.0017887624484713757,0.00013786388779834857,338.0,3.1029877852828065e-5,2.3915414829702612e-6,1.8172860484077348e-5,1.4006226488558656e-6,37406.0,18.350311143470023,1.414299164604036,14.336598033738355,1.1049533963676328,1.6625405e7,2.52723574272525,0.19477966186778736,1.5617371421631812,0.12036654409963357,5.201268e6,0.13813331445460378,0.010646240802660856,NaN,NaN,92710.0,0.13886172764131463,0.010702381221937524,0.13886172764131513,0.010702381221937562,766458.0,0.018950277423135216,0.018950277423135216,0.010909437082937824,1.0,0.1385141563518569,0.01067559313205299,0.13851415635185746,0.010675593132053034,766458.0,0.02453023933266463,0.02453023933266463,0.010882130731658881,1.0,0.0,0.0,0.0,0.0,0.0,0.0,0.0,0.0,1.0,0.0,0.0,0.0,0.0,0.0,0.0,0.0,0.0,1.0,17.42512543601618,1.3429930508861119,13.778871360959116,1.061968165151553,9.002888e6,2.3779839611270335,2.3779839611270335,1.3689755473700396,1.0,4.516293843139039,0.3480807796401236,2.8798138580652233,0.2219536389237805,1.7329829e7,0.7998154974674195,0.7998154974674195,0.35481499738395705,1.0,15.995003511461992,1.2327703834138681,11.884557245743299,0.9159691763768729,8.551228e6,2.224244723521072,2.224244723521072,1.2566204339643212,1.0,0.6107350426801041,0.047070703810068754,0.36383628446662525,0.02804166911125624,1.6856736e7,0.2393691863303785,0.23936866444683166,0.047981367045023066,1.0,12.728587789235435,1.0,0,735353.2067355759,4711.848608796485,0.01713789014996742,10800.0,1
2.916e6,0.0004353171534625813,3.383428267683226e-5,7.483613098598116e-6,5.816510537386344e-7,0.0,0.0,0.0,0.2944352937529367,0.022884480612890234,0.17989354990080542,0.0,0.0,0.0,0.27768304632456786,0.02158244077720894,1.562195e6,-3.102882274128101e-5,-2.4116622821022474e-6,3.102882274128101e-5,2.4116622821022474e-6,7.7601720328221875,0.603146124821665,0.0,0.0,0.0,0.0,0.0,0.0,0.0,0.0,0.0,0.0,0.1379471419380467,0.010721706134638149,0.1379471419380467,0.010721706134638149,770661.0,0.0017887624484713757,0.00013902850793240197,0.0017887624484713757,0.00013902850793240197,338.0,3.103333636428063e-5,2.4120130957452455e-6,1.8174886392497683e-5,1.4126120207572682e-6,38912.0,18.38656014664346,1.4290640019761753,14.382019783351923,1.1178179378946762,1.6745005e7,2.5289404256165637,0.19655757773977597,1.5627076902234611,0.12145878771768878,5.293813e6,0.1389529578909308,0.010799881462672111,NaN,NaN,94870.0,0.1390153088070122,0.010804727581193007,0.13901530880701277,0.01080472758119305,770980.0,0.01920566319284614,0.01920566319284614,0.011057779112924345,1.0,0.1386677375175545,0.010777713196015847,0.13866773751755512,0.010777713196015894,770980.0,0.02464116808033924,0.02464116808033924,0.011030132038815744,1.0,0.0,0.0,0.0,0.0,0.0,0.0,0.0,0.0,1.0,0.0,0.0,0.0,0.0,0.0,0.0,0.0,0.0,1.0,17.45863346147631,1.356942484320382,13.821913507890583,1.0742846337225591,9.074867e6,2.411997908330756,2.411997908330756,1.3887226816042348,1.0,4.522001467564499,0.35146484511729437,2.884484949059957,0.22419166891835254,1.7457096e7,0.8035567624927281,0.8035567624927281,0.3596963083113741,1.0,16.02772133803622,1.2457272820590268,11.927067588652385,0.9270109691067722,8.614938e6,2.2539150503358623,2.2539150503358623,1.2749027697773156,1.0,0.6148020568121388,0.04778444041320744,0.3668986694207681,0.02851657279341039,1.6978324e7,0.24249319267404534,0.24249266230887542,0.04890357328801814,1.0,12.571720540567767,1.0,0,741209.1243357266,5855.917600150686,0.02156485227526611,10800.0,1
2.9376e6,0.00037996697334493777,2.9763249357431333e-5,7.482830518846725e-6,5.861387074545844e-7,0.0,0.0,0.0,0.3344020040284412,0.02619409298630784,0.17989354990080542,0.0,0.0,0.0,0.2777622672765627,0.021757437364254454,1.571019e6,-3.103100122960548e-5,-2.4306939607855553e-6,3.103100122960548e-5,2.4306939607855553e-6,7.760289182153939,0.607872363171276,0.0,0.0,0.0,0.0,0.0,0.0,0.0,0.0,0.0,0.0,0.13798675241404387,0.01080866077376944,0.13798675241404387,0.01080866077376944,775073.0,0.0017887624484713757,0.00014011581671529049,0.0017887624484713757,0.00014011581671529049,338.0,3.103551485260509e-5,2.4310475180583363e-6,1.8176162490538183e-5,1.4237596804919399e-6,39059.0,18.409362163878956,1.4420264786997201,14.406657106864802,1.1284899950748313,1.6863996e7,2.52939889780218,0.1981307203017234,1.563010855063818,0.12243243516168656,5.375994e6,0.1391009275323767,0.010895935390252178,NaN,NaN,96026.0,0.13905491928300964,0.010892331511245652,0.13905491928301017,0.010892331511245693,775392.0,0.01944328662325609,0.01944328662325609,0.011185320845555829,1.0,0.13870734799355194,0.010865105853008712,0.13870734799355253,0.010865105853008759,775392.0,0.02470687551373639,0.02470687551373639,0.011157362853063844,1.0,0.0,0.0,0.0,0.0,0.0,0.0,0.0,0.0,1.0,0.0,0.0,0.0,0.0,0.0,0.0,0.0,0.0,1.0,17.479538770476474,1.3691923445312018,13.844912024878356,1.0844878577225006,9.14693e6,2.444068028006953,2.444068028006953,1.4060218105782656,1.0,4.5250573016244955,0.35445293478875867,2.887008699129631,0.22614270670115186,1.7584939e7,0.8060137336700975,0.8060137336700975,0.3639872506788715,1.0,16.048328603374774,1.257084008610994,11.949878112081516,0.9360476751696909,8.678461e6,2.2809159164885657,2.2809159164885657,1.290897908461053,1.0,0.6169030519974662,0.04832272448398477,0.3684645127054049,0.028862248406678524,1.709892e7,0.2444489885382861,0.24444848376301465,0.04962254196236389,1.0,12.431911538617973,1.0,0,748017.5152309554,6808.390895228833,0.02535436977711639,10800.0,1
2.9592e6,0.0003288472944829201,2.5964483376351974e-5,7.482070735991135e-6,5.907547500148931e-7,0.0,0.0,0.0,0.3680611329088342,0.02906065315793271,0.17989354990080542,0.0,0.0,0.0,0.27777382934752326,0.021931924317090568,1.579659e6,-3.103266169993477e-5,-2.450216384169645e-6,3.103266169993477e-5,2.450216384169645e-6,7.76047004187833,0.6127360594888303,0.0,0.0,0.0,0.0,0.0,0.0,0.0,0.0,0.0,0.0,0.13799253344952414,0.010895345350019155,0.13799253344952414,0.010895345350019155,779393.0,0.0017887624484713757,0.00014123361705197166,0.0017887624484713757,0.00014123361705197166,338.0,3.103717532293437e-5,2.450572762012207e-6,1.8177135164883486e-5,1.4351947902154115e-6,39059.0,18.42133430794057,1.4544757899280436,14.413670661049748,1.1380464992406256,1.6982908e7,2.5296899234930716,0.19973432370529173,1.5631813794804286,0.1234226269234232,5.395708e6,0.1391009275323767,0.010982859768478716,NaN,NaN,96026.0,0.1390607003184899,0.010979683586573728,0.13906070031849047,0.010979683586573771,779712.0,0.019698204738957763,0.019698204738957763,0.01130831047509261,1.0,0.13871312902903218,0.010952240730516746,0.1387131290290328,0.010952240730516795,779712.0,0.024746381312696065,0.024746381312696065,0.01128004624195978,1.0,0.0,0.0,0.0,0.0,0.0,0.0,0.0,0.0,1.0,0.0,0.0,0.0,0.0,0.0,0.0,0.0,0.0,1.0,17.491300190918437,1.3810439698219015,13.851815899054769,1.0936846666438838,9.220369e6,2.4776749399518914,2.4776749399518914,1.4223792395618524,1.0,4.525691033193756,0.35733068682420815,2.887393629359519,0.2279771953373442,1.7714445e7,0.8073819457091337,0.8073819457091337,0.3680257556627082,1.0,16.06007808240316,1.2680403256750208,11.956761279313467,0.9440586396184198,8.74326e6,2.3088945455331715,2.3088945455331715,1.3059933453096322,1.0,0.6173096762051555,0.04874033356756858,0.36870774900717856,0.02911170741082764,1.7222262e7,0.24535295949376817,0.24535295949376817,0.0501991537639237,1.0,12.29721279980607,1.0,0,755614.3722118287,7596.856980873272,0.028600492439444684,10800.0,1
2.9808e6,0.0002837471080538634,2.25734308401855e-5,7.481434156590867e-6,5.951836396765915e-7,0.0,0.0,0.0,0.3970945261498688,0.03159075658793573,0.17989354990080542,0.0,0.0,0.0,0.2778004217764478,0.02210034368757199,1.588299e6,-3.103383809540885e-5,-2.468889296377403e-6,3.103383809540885e-5,2.468889296377403e-6,7.760753473101466,0.6174048186582041,0.0,0.0,0.0,0.0,0.0,0.0,0.0,0.0,0.0,0.0,0.13800582966398597,0.010979019567209267,0.13800582966398597,0.010979019567209267,783713.0,0.0017887624484713757,0.00014230455315310025,0.0017887624484713757,0.00014230455315310025,338.0,3.10383517184084e-5,2.4692483765362034e-6,1.8177824263440812e-5,1.4461323029869737e-6,39059.0,18.43351875082089,1.4664740145437138,14.420809604508733,1.1472439331613073,1.7103867e7,2.5303017555847527,0.20129752890256702,1.5635398300711425,0.12438702357906119,5.417232e6,0.1391009275323767,0.011066139806653823,NaN,NaN,96026.0,0.13907399653295213,0.011063997317670807,0.13907399653295272,0.011063997317670854,784032.0,0.019953776818983623,0.019953776818983623,0.011424919157822419,1.0,0.13872642524349443,0.011036346369901083,0.13872642524349507,0.011036346369901135,784032.0,0.024773129250452434,0.024773129250452434,0.011396366200528973,1.0,0.0,0.0,0.0,0.0,0.0,0.0,0.0,0.0,1.0,0.0,0.0,0.0,0.0,0.0,0.0,0.0,0.0,1.0,17.503603865245243,1.3924948663480743,13.859050417138887,1.1025533202704623,9.292007e6,2.511346576369138,2.511346576369138,1.437919842071932,1.0,4.5262538018053045,0.36008499914220565,2.8877489534041465,0.22973415211376289,1.7844045e7,0.80827766055143,0.80827766055143,0.3718314355132474,1.0,16.072375106204472,1.2786338172248586,11.963966216356644,0.9517903664694826,8.806029e6,2.3367987083409125,2.3367987083409125,1.3203444989018882,1.0,0.6177510768083444,0.04914503377470958,0.36898838383716664,0.029354779403774418,1.7347373e7,0.24596871936546758,0.24596871936546758,0.05074820806289852,1.0,12.172864823969531,1.0,0,763884.9387095373,8270.566497708554,0.03145492886458222,10800.0,1
3.0024e6,0.0002464119815838822,1.9737906068858675e-5,7.479802841606698e-6,5.991415066436527e-7,0.0,0.0,0.0,0.42308587031732914,0.033889704200694565,0.17989354990080542,0.0,0.0,0.0,0.2778359705068689,0.022255006648481374,1.596939e6,-3.103464069381203e-5,-2.4859133024207958e-6,3.103464069381203e-5,2.4859133024207958e-6,7.761134595737984,0.6216765299064736,0.0,0.0,0.0,0.0,0.0,0.0,0.0,0.0,0.0,0.0,0.13802360402919656,0.011055862276267744,0.13802360402919656,0.011055862276267744,788033.0,0.0017887624484713757,0.00014328209594552873,0.0017887624484713757,0.00014328209594552873,338.0,3.103915431681162e-5,2.4862748492344832e-6,1.81782943920276e-5,1.4561039803973977e-6,39059.0,18.44606246125434,1.4775525356367374,14.428157746683791,1.1557133728652578,1.7224803e7,2.5310233303698024,0.20273811537822034,1.5639625268795416,0.1252753427505508,5.457404e6,0.1391009275323767,0.011142157228221228,NaN,NaN,96026.0,0.1390917708981627,0.011141423770436984,0.13909177089816327,0.011141423770437031,788352.0,0.02019462485386829,0.02019462485386829,0.011532248252482596,1.0,0.138744199608705,0.011113582878044287,0.13874419960870563,0.011113582878044339,788352.0,0.02479169709489812,0.02479169709489812,0.01150343074322537,1.0,0.0,0.0,0.0,0.0,0.0,0.0,0.0,0.0,1.0,0.0,0.0,0.0,0.0,0.0,0.0,0.0,0.0,1.0,17.516382171947495,1.4030839886673148,13.86657000107195,1.110729496265348,9.363014e6,2.543189755046385,2.543189755046385,1.4523020764481986,1.0,4.526820139654201,0.3626039210138664,2.88811468825037,0.23134157708711667,1.797351e7,0.8088810488791781,0.8088810488791781,0.37532352422956866,1.0,16.085136747082597,1.2884394507845234,11.971442027466647,0.9589273895209791,8.868465e6,2.363096161775776,2.363096161775776,1.3336359796461343,1.0,0.6182563830661343,0.04952310491150999,0.36931418737203425,0.029582525546813305,1.7463803e7,0.24637592248763174,0.24637592175892087,0.05126030136190335,1.0,12.061114871353885,1.0,0,772747.2219671351,8862.283257597825,0.034017658892373924,10800.0,1
3.024e6,0.00021754686450394347,1.7530586249219614e-5,7.466067155695484e-6,6.016383390026424e-7,0.0,0.0,0.0,0.44809626410826014,0.036108956218767065,0.17744078775697336,0.0,0.0,0.0,0.27788218006525844,0.02239258899852764,1.606081e6,-3.1035181438116474e-5,-2.500909062521644e-6,3.1035181438116474e-5,2.500909062521644e-6,7.761571429886493,0.6254509698007507,0.0,0.0,0.0,0.0,0.0,0.0,0.0,0.0,0.0,0.0,0.13804585446306178,0.01112415370145707,0.13804585446306178,0.01112415370145707,792590.0,0.0017904711391294236,0.00014428159561305872,0.0017904711391294236,0.00014428159561305872,339.0,3.103969506111606e-5,2.5012727839545923e-6,1.8178611157337643e-5,1.464887630126964e-6,39617.0,18.45908607873928,1.4874891500872085,14.43578633892643,1.1632794527602517,1.7345505e7,2.5318059771683314,0.20402060563017044,1.5644209769772097,0.1260657878454058,5.54169e6,0.1391009275323767,0.011209174689845157,NaN,NaN,96026.0,0.13911561946645604,0.011210358610459837,0.13911561946645662,0.011210358610459886,792909.0,0.020413063005359715,0.020413063005359715,0.011630317225983237,1.0,0.13876656059880121,0.011182230388067706,0.1387665605988018,0.011182230388067753,792909.0,0.024804898161123103,0.024804898161123103,0.011601135273755746,1.0,0.0,0.0,0.0,0.0,0.0,0.0,0.0,0.0,1.0,0.0,0.0,0.0,0.0,0.0,0.0,0.0,0.0,1.0,17.52970471546201,1.4125967806453399,13.874416976864245,1.1180426067053084,9.435917e6,2.5722127263240884,2.5722127263240884,1.4655149975290631,1.0,4.527444366868399,0.36483520064933517,2.8885235724008704,0.2327659915225278,1.8103063e7,0.8092929302687586,0.8092929302687586,0.37850253200624095,1.0,16.098436952039936,1.2972608826556749,11.979232629527168,0.9653229031374302,8.932764e6,2.3871908861717452,2.3871907876814245,1.34585842562316,1.0,0.6188374998432102,0.04986780292140765,0.3696923877374538,0.029790934030188666,1.758109e7,0.24655245343843346,0.24655244677770047,0.05173593347831309,1.0,11.961463884721775,1.0,0,782150.8204592407,9403.598492105608,0.03639619583669818,11051.0,1
3.0456e6,0.00019833003295800832,1.605822963343818e-5,7.447838133390672e-6,6.030306819138546e-7,0.0,0.0,0.0,0.4780147792381999,0.038703523509268506,0.17744078775697336,0.0,0.0,0.0,0.27790725233523894,0.022501375148472783,1.619041e6,-3.103554314675264e-5,-2.5128613716035223e-6,3.103554314675264e-5,2.5128613716035223e-6,7.762036918800847,0.6284704812796532,0.0,0.0,0.0,0.0,0.0,0.0,0.0,0.0,0.0,0.0,0.13805839059805214,0.011178202846947621,0.13805839059805214,0.011178202846947621,799070.0,0.0017904711391294236,0.0001449694545771161,0.0017904711391294236,0.0001449694545771161,339.0,3.104005676975227e-5,2.5132268270694736e-6,1.817882302836064e-5,1.4718886005371478e-6,39617.0,18.472428378745363,1.495661006903269,14.443601878244454,1.1694581614067296,1.7464287e7,2.5326742992680575,0.2050635744762094,1.5649296204558931,0.12670798683712553,5.623693e6,0.1391009275323767,0.011262614154922693,NaN,NaN,96026.0,0.1391281556014464,0.011264818735737182,0.13912815560144687,0.01126481873573722,799389.0,0.02058993951629646,0.02058993951629646,0.011718360579932691,1.0,0.13877909673379152,0.011236556412735518,0.13877909673379207,0.011236556412735563,799389.0,0.024811251010100482,0.024811251010100482,0.011688960365022054,1.0,0.0,0.0,0.0,0.0,0.0,0.0,0.0,0.0,1.0,0.0,0.0,0.0,0.0,0.0,0.0,0.0,0.0,1.0,17.54346317025281,1.4204452848214468,13.88249856969488,1.124027191409973,9.508262e6,2.596302984254645,2.596302984254645,1.477634964404389,1.0,4.5279922186521935,0.36661890154040916,2.8888667834865225,0.23390348651563286,1.8232647e7,0.8095250232408112,0.8095250232408112,0.3813796372985498,1.0,16.112175229591227,1.3045578920755339,11.987283034018859,0.9705768751727508,8.996447e6,2.4080812993109,2.4080812986484297,1.3570817369870092,1.0,0.6193271422405113,0.050145191426579576,0.3700000305344712,0.029957870555891348,1.7696106e7,0.246204015368153,0.246204015368153,0.05216412693994,1.0,11.872663812692265,1.0,0,792155.0162082155,10004.195748974802,0.03901038704604396,12960.0,1
3.0672e6,0.00018405708835529742,1.496386681777211e-5,7.426665344670731e-6,6.037889228329624e-7,0.0,0.0,0.0,0.5067772799126525,0.04120106316278957,0.17744078775697336,0.0,0.0,0.0,0.2779527461810255,0.022597596825274197,1.632001e6,-3.103578444278532e-5,-2.523213580834398e-6,3.103578444278532e-5,2.523213580834398e-6,7.762536524234903,0.6310952963273884,0.0,0.0,0.0,0.0,0.0,0.0,0.0,0.0,0.0,0.0,0.13808113752094564,0.011226015636634062,0.13808113752094564,0.011226015636634062,805550.0,0.0017904711391294236,0.00014556555200568178,0.0017904711391294236,0.00014556555200568178,339.0,3.104029806578495e-5,2.523580539010449e-6,1.8178964385286412e-5,1.4779523265158671e-6,39617.0,18.486270526888777,1.502936358461132,14.451711300944126,1.1749261336720258,1.7583087e7,2.5335742357923188,0.20597993685606322,1.5654568276502683,0.1272718572658896,5.716573e6,0.1391009275323767,0.011308924706040243,NaN,NaN,96026.0,0.13915090252433976,0.011312987679819936,0.13915090252434015,0.011312987679819968,805869.0,0.020747047324318063,0.020747047324318063,0.011799124138725149,1.0,0.13880184365668485,0.011284609145454188,0.13880184365668533,0.011284609145454226,805869.0,0.024817493492325367,0.024817493492325367,0.011769526135144375,1.0,0.0,0.0,0.0,0.0,0.0,0.0,0.0,0.0,1.0,0.0,0.0,0.0,0.0,0.0,0.0,0.0,0.0,1.0,17.55772853885996,1.4274457660165152,13.890894116098659,1.12933161874117,9.581699e6,2.617812880082042,2.617812880082042,1.4887853033350558,1.0,4.528636008183918,0.36817873572909254,2.889282080817112,0.23489903400440473,1.8362244e7,0.8097111083063191,0.8097111083063191,0.3839999415764932,1.0,16.126411311985013,1.3110794769030258,11.995628285982676,0.975246243819973,9.061247e6,2.42693900233685,2.426939001820762,1.3674185760237525,1.0,0.6199117881371874,0.05039891437674614,0.37038097325566144,0.030112024509133858,1.7817013e7,0.24577812546153613,0.24577812520218842,0.05256463314717163,1.0,11.793324732269026,1.0,0,802793.0652832979,10638.04907508241,0.04176110496194223,12960.0,1
3.0888e6,0.00017313928803182598,1.4125998955487116e-5,7.40503683892409e-6,6.041583273275179e-7,0.0,0.0,0.0,0.53427056143542,0.0435897910784811,0.17744078775697336,0.0,0.0,0.0,0.27801738496293177,0.022682739049219917,1.644961e6,-3.103594500575085e-5,-2.5321446779497213e-6,3.103594500575085e-5,2.5321446779497213e-6,7.763070173192602,0.6333693663897607,0.0,0.0,0.0,0.0,0.0,0.0,0.0,0.0,0.0,0.0,0.13811345691189866,0.011268329506573747,0.13811345691189866,0.011268329506573747,812030.0,0.0017904711391294236,0.0001460800360720146,0.0017904711391294236,0.0001460800360720146,339.0,3.104045862875047e-5,2.5325129330956386e-6,1.817905842678931e-5,1.4831836451895381e-6,39617.0,18.500514582206538,1.509410444244089,14.460056554219268,1.1797596380530282,1.7701887e7,2.5344989548003576,0.20678339385115155,1.565998570493933,0.12776588388780563,5.809453e6,0.1391009275323767,0.01134889475038417,NaN,NaN,96026.0,0.1391832219152931,0.011355608942063793,0.13918322191529328,0.011355608942063809,812349.0,0.02088580347507427,0.02088580347507427,0.01187315739223316,1.0,0.13883416304763813,0.011327130107156079,0.1388341630476385,0.011327130107156108,812349.0,0.024824595485544096,0.024824595485544096,0.011843380592861866,1.0,0.0,0.0,0.0,0.0,0.0,0.0,0.0,0.0,1.0,0.0,0.0,0.0,0.0,0.0,0.0,0.0,0.0,1.0,17.57239706316404,1.4336876706691297,13.899543619931663,1.1340287977897352,9.655078e6,2.6369100139856,2.6369100139856,1.4990300786163766,1.0,4.529371832293226,0.3695400535563361,2.889768668283132,0.2357689560457436,1.8491783e7,0.8098858456165112,0.8098858456165112,0.3863823808123527,1.0,16.141045300109923,1.3169072810782907,12.004209146115913,0.9793932260384028,9.126047e6,2.4438484944584533,2.4438484942767924,1.3769272523379699,1.0,0.6205920131919518,0.050632541174142565,0.3708344256181711,0.030255447902604524,1.7937973e7,0.24532684332527757,0.2453268427025171,0.05294019313244007,1.0,11.722511318374332,1.0,0,814038.9485853049,11245.883302006987,0.04441392559350404,12960.0,1
3.1104e6,0.00016415427764306795,1.3433563359466134e-5,7.384167314178355e-6,6.04283244373332e-7,0.0,0.0,0.0,0.5603290835057335,0.04585452388753957,0.17744078775697336,0.0,0.0,0.0,0.278101414798831,0.022758425974012574,1.657921e6,-3.103605170435966e-5,-2.539834922271906e-6,3.103605170435966e-5,2.539834922271906e-6,7.763639748310416,0.6353373665093879,0.0,0.0,0.0,0.0,0.0,0.0,0.0,0.0,0.0,0.0,0.13815547182984808,0.011305951394813234,0.13815547182984808,0.011305951394813234,818510.0,0.0017904711391294236,0.00014652318438566333,0.0017904711391294236,0.00014652318438566333,339.0,3.104056532735927e-5,2.5402042945564214e-6,1.8179120916618156e-5,1.4876881440993554e-6,39617.0,18.515094630285194,1.515182548963266,14.468599203086212,1.1840376437828861,1.7820687e7,2.5354438962061825,0.20748802110485695,1.5665521865217347,0.12819877956094564,5.902333e6,0.1391009275323767,0.011383322750990155,NaN,NaN,96026.0,0.1392252368332427,0.011393495601148742,0.1392252368332429,0.01139349560114876,818829.0,0.021008263221103378,0.021008263221103378,0.011941046608081228,1.0,0.13887617796558768,0.011364930372863782,0.13887617796558807,0.011364930372863813,818829.0,0.02483306422266097,0.02483306422266097,0.011911108586049884,1.0,0.0,0.0,0.0,0.0,0.0,0.0,0.0,0.0,1.0,0.0,0.0,0.0,0.0,0.0,0.0,0.0,0.0,1.0,17.58739619324275,1.4392643583963103,13.908405288664024,1.1381941814556915,9.728472e6,2.6538338666575325,2.6538338666575325,1.5084328275185068,1.0,4.530201938765876,0.37072902180418826,2.8903283833077,0.2365299888879682,1.8621335e7,0.8100654650423377,0.8100654650423377,0.38854559507495096,1.0,16.15600656529192,1.322126605209212,12.012984453677957,0.9830824399572342,9.190847e6,2.45894188531465,2.4589418835745276,1.385665643562072,1.0,0.6213700482665053,0.0508498105130867,0.37136255561652964,0.03039045032414716,1.8058933e7,0.24489207702815557,0.24489207641077318,0.053293561397227955,1.0,11.659383084479426,1.0,0,825863.4860040753,11824.537418770371,0.046952080049137326,12960.0,1
3.132e6,0.00015597121121367085,1.2797192906028778e-5,7.36469312679545e-6,6.04261503798881e-7,0.0,0.0,0.0,0.5848027325000176,0.04798214568920084,0.17744078775697336,0.0,0.0,0.0,0.2782047332834431,0.0228262614074414,1.670881e6,-3.103612261155737e-5,-2.5464651138161383e-6,3.103612261155737e-5,2.5464651138161383e-6,7.764250110376682,0.6370445267430013,0.0,0.0,0.0,0.0,0.0,0.0,0.0,0.0,0.0,0.0,0.13820713107215443,0.01133967803132724,0.13820713107215443,0.01133967803132724,824990.0,0.0017904711391294236,0.0001469053447865256,0.0017904711391294236,0.0001469053447865256,339.0,3.104063623455698e-5,2.5468354494939965e-6,1.817916244616015e-5,1.4915717258542032e-6,39617.0,18.529940598921712,1.5203525223433738,14.477298108341945,1.187839571218888,1.7939487e7,2.5364065238696853,0.2081081715112387,1.5671161871042392,0.12857942178226445,5.995213e6,0.1391009275323767,0.011413012627059274,NaN,NaN,96026.0,0.13927689607554875,0.01142745056964395,0.13927689607554894,0.011427450569643966,825309.0,0.02111689244424375,0.02111689244424375,0.01200339942985282,1.0,0.13892783720789376,0.011398810837797401,0.13892783720789414,0.011398810837797434,825309.0,0.024842902412841768,0.024842902412841768,0.011973316242109159,1.0,0.0,0.0,0.0,0.0,0.0,0.0,0.0,0.0,1.0,0.0,0.0,0.0,0.0,0.0,0.0,0.0,0.0,1.0,17.602650547082742,1.444269830025443,13.917435179195566,1.1419036972234917,9.803158e6,2.66887968363916,2.66887968363916,1.5170617058132836,1.0,4.531131276532777,0.37177220448005305,2.890964435912281,0.23719909131279104,1.8750921e7,0.8102512382326427,0.8102512382326427,0.3905096976875425,1.0,16.171233355414806,1.3268242976849531,12.021964759761406,0.9863833264036481,9.264067e6,2.4724090761371507,2.4724090670338295,1.3936968636428466,1.0,0.62224811434703,0.051054480456670576,0.37196691157608236,0.030519300870067555,1.8179888e7,0.24449976182669808,0.24449976087475866,0.053627650180605904,1.0,11.60312100663441,1.0,0,838233.9939582834,12370.50795420818,0.049358159865457725,12960.0,1
3.1536e6,0.0001478115710998948,1.2155051231086315e-5,7.346924577521924e-6,6.041627456239772e-7,0.0,0.0,0.0,0.6075956393914398,0.04996466832489309,0.17744078775697336,0.0,0.0,0.0,0.27832664986331485,0.022887752717132323,1.683841e6,-3.103617002758016e-5,-2.552210452096405e-6,3.103617002758016e-5,2.552210452096405e-6,7.764909900368551,0.6385351088648041,0.0,0.0,0.0,0.0,0.0,0.0,0.0,0.0,0.0,0.0,0.13826808936209029,0.011370258074618519,0.13826808936209029,0.011370258074618519,831470.0,0.0017904711391294236,0.00014723656789488725,0.0017904711391294236,0.00014723656789488725,339.0,3.1040683650579765e-5,2.5525816227590923e-6,1.8179190211549643e-5,1.494937011471939e-6,39617.0,18.544999552187406,1.5250187651748133,14.48612193874913,1.1912433715102053,1.8058287e7,2.5373866389514714,0.20865798502801383,1.5676904417095834,0.1289165488985042,6.087422e6,0.1391009275323767,0.011438745206929656,NaN,NaN,96026.0,0.13933785436548451,0.011458228511064879,0.13933785436548482,0.011458228511064905,831789.0,0.021214316304716797,0.021214316304716797,0.012060844611812149,1.0,0.13898879549782955,0.01142952420606738,0.13898879549783003,0.011429524206067418,831789.0,0.024853777161752657,0.024853777161752657,0.012030630677613629,1.0,0.0,0.0,0.0,0.0,0.0,0.0,0.0,0.0,1.0,0.0,0.0,0.0,0.0,0.0,0.0,0.0,0.0,1.0,17.618100615290576,1.448796694194956,13.926600518125577,1.1452320106812672,9.878742e6,2.68237200036635,2.68237200036635,1.5249924354291442,1.0,4.532169870391001,0.372695835330497,2.8916851210233694,0.23779316144643903,1.8880505e7,0.8104361190731116,0.8104361190731116,0.3922968156072237,1.0,16.186659498046712,1.331084393426407,12.03107649253543,0.9893565844926634,9.339667e6,2.4844803606697674,2.4844803500654367,1.4010893585183117,1.0,0.6232402134498246,0.05125117517786251,0.3726557857787175,0.030644760312031227,1.8298688e7,0.24416794525051178,0.244167944125261,0.05394659910963121,1.0,11.552910169244683,1.0,0,851115.0818362029,12881.087877919432,0.05161873954515281,12960.0,1
3.1752e6,0.00013922500975565913,1.1471325039143405e-5,7.33085240410625e-6,6.040192842440827e-7,0.0,0.0,0.0,0.6286813774519322,0.05179966185288326,0.17744078775697336,0.0,0.0,0.0,0.2784689927162966,0.022944213359206832,1.696801e6,-3.103620176862076e-5,-2.5572011745096297e-6,3.103620176862076e-5,2.5572011745096297e-6,7.765617089420059,0.6398413468859054,0.0,0.0,0.0,0.0,0.0,0.0,0.0,0.0,0.0,0.0,0.13833926078858083,0.011398344514148128,0.13833926078858083,0.011398344514148128,837950.0,0.0017904711391294236,0.0001475243309101231,0.0017904711391294236,0.0001475243309101231,339.0,3.104071539162038e-5,2.5575730705980097e-6,1.81792088072128e-5,1.4978602878030678e-6,39617.0,18.560264208093297,1.5292570201077937,14.495066088575012,1.194308514380623,1.8177087e7,2.538386920444295,0.209148209008067,1.568276503807603,0.1292167948704143,6.178142e6,0.1391009275323767,0.011461101390983134,NaN,NaN,96026.0,0.13940902579197528,0.011486486882325906,0.1394090257919757,0.01148648688232594,838269.0,0.02130281987557715,0.02130281987557715,0.012113987329694176,1.0,0.1390599669243203,0.011457726476880842,0.1390599669243209,0.011457726476880892,838269.0,0.024865460447234363,0.024865460447234363,0.012083655759151537,1.0,0.0,0.0,0.0,0.0,0.0,0.0,0.0,0.0,1.0,0.0,0.0,0.0,0.0,0.0,0.0,0.0,0.0,1.0,17.63371626734575,1.452914898736658,13.93588258055538,1.1482350697582862,9.954342e6,2.6945736063089565,2.6945736063089565,1.5322868388507502,1.0,4.5333430314101175,0.3735209034533923,2.892504543712172,0.23832542627473435,1.9010105e7,0.8106118844585996,0.8106118844585996,0.3939261445353325,1.0,16.20225617424296,1.3349709744563645,12.040303809949203,0.9920504858743592,9.415267e6,2.495350887403525,2.4953508657686996,1.4078997029942408,1.0,0.6243649665434121,0.05144401488527998,0.37344361239095675,0.030769565533138112,1.8417488e7,0.24390734785791796,0.24390734785791796,0.054254373064037284,1.0,11.508103979129285,1.0,0,864470.0372716247,13354.955435421783,0.05372605035403057,12960.0,1
3.1968e6,0.0001300532189060374,1.073375511299236e-5,7.316204444247961e-6,6.038323966274271e-7,0.0,0.0,0.0,0.6482718150678781,0.05350418058180525,0.1747570294336389,0.0,0.0,0.0,0.2786169664336152,0.022995250045936437,1.710267e6,-3.103622305950782e-5,-2.5615299702320434e-6,3.103622305950782e-5,2.5615299702320434e-6,7.7663883696578075,0.6409876785327994,0.0,0.0,0.0,0.0,0.0,0.0,0.0,0.0,0.0,0.0,0.13841317654556423,0.01142373217632443,0.13841317654556423,0.01142373217632443,844681.0,0.0017906133424826984,0.0001477856932872406,0.0017906133424826984,0.0001477856932872406,341.0,3.104073668250744e-5,2.561902495605562e-6,1.8179221281060126e-5,1.5003958457712586e-6,39775.0,18.575688834898635,1.5331177243141059,14.504103562565197,1.1970752979711727,1.8295635e7,2.5394209193758126,0.20958744817445285,1.5688823071745714,0.1294854416366664,6.268862e6,0.1391009275323767,0.011480494713486217,NaN,NaN,96026.0,0.13948305356469912,0.011512032935206138,0.13948305356469953,0.011512032935206173,845002.0,0.02138294483712395,0.02138294483712395,0.012162793220029767,1.0,0.13913391286891505,0.01148321711073021,0.13913391286891566,0.01148321711073026,845002.0,0.02487616026120085,0.02487616026120085,0.012132348474385098,1.0,0.0,0.0,0.0,0.0,0.0,0.0,0.0,0.0,1.0,0.0,0.0,0.0,0.0,0.0,0.0,0.0,0.0,1.0,17.649453673653714,1.4566722392928624,13.94524717726813,1.1509508911047437,1.0029942e7,2.7056856346642606,2.7056856346642606,1.539016030930036,1.0,4.534634874231806,0.3742595583274683,2.8934050804905107,0.2388030210856345,1.9139705e7,0.8107606659758019,0.8107606659758019,0.3954159655533644,1.0,16.21798431095852,1.338527977119524,12.049613735427355,0.9944975151723996,9.490743e6,2.5051982806745907,2.5051982737537415,1.4141932269096646,1.0,0.6255938101275842,0.0516324841061016,0.37430308723494304,0.030892566214140695,1.8536202e7,0.24369566452415656,0.24369566452415656,0.05455120143883971,1.0,11.468011585940433,1.0,0,878262.5097028529,13792.472431228263,0.055680131254617876,13213.0,1
3.2184e6,0.00012065290056882192,9.97167418474746e-6,7.302688326509966e-6,6.035497557158073e-7,0.0,0.0,0.0,0.6676102340859089,0.05517639199159013,0.1747570294336389,0.0,0.0,0.0,0.2786897442399294,0.023033042016308576,1.727547e6,-3.103623738114118e-5,-2.56507092350164e-6,3.103623738114118e-5,2.56507092350164e-6,7.767340809103273,0.6419521740887627,0.0,0.0,0.0,0.0,0.0,0.0,0.0,0.0,0.0,0.0,0.13844956544872103,0.011442526049235083,0.13844956544872103,0.011442526049235083,853321.0,0.0017906133424826984,0.00014798991783802274,0.0017906133424826984,0.00014798991783802274,341.0,3.10407510041408e-5,2.5654439636667153e-6,1.8179229669643783e-5,1.5024699310231595e-6,39775.0,18.591080334952856,1.536508405256864,14.51312123466077,1.1994748213552215,1.8412275e7,2.540563940164172,0.20997154430103998,1.5695519522438737,0.1297197216977196,6.359582e6,0.1391009275323767,0.011496359570384522,NaN,NaN,96026.0,0.13951944246785628,0.01153094883063751,0.13951944246785664,0.011530948830637539,853642.0,0.02144725115692074,0.02144725115692074,0.012204340294738774,1.0,0.13917030177207224,0.011502093185670992,0.1391703017720728,0.011502093185671037,853642.0,0.024877547262672734,0.024877547262672734,0.012173799520014334,1.0,0.0,0.0,0.0,0.0,0.0,0.0,0.0,0.0,1.0,0.0,0.0,0.0,0.0,0.0,0.0,0.0,0.0,1.0,17.665204355345672,1.4599869659827176,13.954531403299809,1.153308705373059,1.0105537e7,2.715536041757881,2.715536041757881,1.5452481855954243,1.0,4.535913360280422,0.3748824101676632,2.894210079156611,0.23919955339241686,1.9269305e7,0.8108224065258826,0.8108224065258826,0.39677502444914187,1.0,16.233708924094245,1.341677286148278,12.05883282059609,0.9966337433117338,9.565341e6,2.5140391253647505,2.514039117147526,1.4200293840840774,1.0,0.6267296531967262,0.05179770957957787,0.37501219416212234,0.030993862541737072,1.8654285e7,0.2433867287405213,0.2433867287405213,0.0548226241814195,1.0,11.431952821571384,1.0,0,892476.804657291,14214.294954438112,0.05756402437314827,15120.0,1
3.24e6,0.00011078598638588789,9.167345235060463e-6,7.290227081099059e-6,6.032534499592214e-7,0.0,0.0,0.0,0.6855548960778953,0.05672846011445201,0.1747570294336389,0.0,0.0,0.0,0.27878056817025776,0.023068600972158765,1.744827e6,-3.1036246911359847e-5,-2.568194764687832e-6,3.1036246911359847e-5,2.568194764687832e-6,7.768338617329012,0.6428163374368692,0.0,0.0,0.0,0.0,0.0,0.0,0.0,0.0,0.0,0.0,0.13849497741388472,0.011460215436026577,0.13849497741388472,0.011460215436026577,861961.0,0.0017906133424826984,0.00014817010010514692,0.0017906133424826984,0.00014817010010514692,341.0,3.104076053435946e-5,2.568568259040757e-6,1.8179235260870037e-5,1.5042996969426173e-6,39775.0,18.606635984481525,1.5396663539980828,14.522234758450837,1.201689346805979,1.8528915e7,2.541733011367731,0.210323929683637,1.5702368432687956,0.12993433296623358,6.450302e6,0.1391009275323767,0.011510356741011604,NaN,NaN,96026.0,0.13956485443302039,0.011548745874879295,0.1395648544330208,0.01154874587487933,862282.0,0.021508220351179753,0.021508220351179753,0.012243288794953533,1.0,0.13921571373723635,0.011519855097279385,0.13921571373723696,0.011519855097279435,862282.0,0.024878437612676274,0.024878437612676274,0.012212660522628666,1.0,0.0,0.0,0.0,0.0,0.0,0.0,0.0,0.0,1.0,0.0,0.0,0.0,0.0,0.0,0.0,0.0,0.0,1.0,17.681091459660685,1.4630791748227443,13.963905310114852,1.1554885683973408,1.0181137e7,2.724817882758956,2.724817882758956,1.5510689265577409,1.0,4.537321045844318,0.3754553245089754,2.8951008460874363,0.23956449558479478,1.9398905e7,0.8108384860977678,0.8108384860977678,0.398035251391695,1.0,16.24955963354277,1.3446224377108098,12.068128147172821,0.9986163473846761,9.639951e6,2.5223182937243847,2.522318275645537,1.4254881874989673,1.0,0.6279943119797167,0.05196542316750696,0.3757991578957303,0.031096718383454302,1.8772382e7,0.24312973159153478,0.24312973159153478,0.05509062976055886,1.0,11.399294484546223,1.0,0,907093.4264771007,14616.621819809661,0.059362924217652165,15120.0,1
3.2616e6,0.00010063671163003003,8.336497273982445e-6,7.2787908686042335e-6,6.029571043326966e-7,0.0,0.0,0.0,0.7022771003069131,0.05817490493739348,0.1747570294336389,0.0,0.0,0.0,0.2788835513096894,0.023102026363886224,1.762107e6,-3.1036253325758014e-5,-2.570966768031837e-6,3.1036253325758014e-5,2.570966768031837e-6,7.7693772963602585,0.6435960754536537,0.0,0.0,0.0,0.0,0.0,0.0,0.0,0.0,0.0,0.0,0.1385464689836006,0.01147684818287554,0.1385464689836006,0.01147684818287554,870601.0,0.0017906133424826984,0.0001483299981346892,0.0017906133424826984,0.0001483299981346892,341.0,3.1040766956358456e-5,2.571340666071498e-6,1.8179239024608855e-5,1.505923376440135e-6,39775.0,18.622343705971865,1.5426290766606627,14.531436948803123,1.2037484388012976,1.8645555e7,2.5429278379565035,0.2106498776211269,1.5709368007911795,0.13013253459174523,6.541022e6,0.1391009275323767,0.011522778163153523,NaN,NaN,96026.0,0.13961634600273612,0.011565474159510276,0.13961634600273662,0.011565474159510317,870922.0,0.021566578118158278,0.021566578118158278,0.012279853467635068,1.0,0.139267205306952,0.011536552204375843,0.13926720530695277,0.011536552204375907,870922.0,0.024878063928878844,0.024878063928878844,0.012249145053423074,1.0,0.0,0.0,0.0,0.0,0.0,0.0,0.0,0.0,1.0,0.0,0.0,0.0,0.0,0.0,0.0,0.0,0.0,1.0,17.697103634726226,1.4659844684775696,13.973357137703758,1.157518482073397,1.0256737e7,2.7336768145757535,2.7336768145757535,1.556535790098182,1.0,4.5388448483992985,0.3759867258462679,2.8960647240216444,0.23990286731386873,1.9528505e7,0.8107987235965844,0.8107987235965844,0.3992107747153145,1.0,16.265530631143935,1.3473964875254036,12.077498105167882,1.0004701902463202,9.714564e6,2.5301841922862978,2.5301841515722643,1.430622834949877,1.0,0.6293847035849811,0.05213667836257856,0.37666231733573613,0.03120177846455274,1.8890485e7,0.24291308755327407,0.2429130867390437,0.05535707068743252,1.0,11.369544951876719,1.0,0,922084.151513071,14990.725035970332,0.061041585296431014,15120.0,1
3.2832e6,9.039665077405042e-5,7.495437712634638e-6,7.268319190782777e-6,6.026687195107709e-7,0.0,0.0,0.0,0.7179304939681082,0.05952879065165233,0.1747570294336389,0.0,0.0,0.0,0.27900021643608697,0.023133918416240573,1.779387e6,-3.103625761454094e-5,-2.573439765645098e-6,3.103625761454094e-5,2.573439765645098e-6,7.770450747170722,0.6443040652036287,0.0,0.0,0.0,0.0,0.0,0.0,0.0,0.0,0.0,0.0,0.13860480154679933,0.011492722880440509,0.13860480154679933,0.011492722880440509,879241.0,0.0017906133424826984,0.00014847265535908975,0.0017906133424826984,0.00014847265535908975,341.0,3.104077134853189e-5,2.57381403185619e-6,1.817924161162033e-5,1.5073719213715777e-6,39775.0,18.638198060814606,1.5454273078078107,14.5407247681,1.205676270775555,1.8762195e7,2.5441464455682796,0.21095351488455816,1.5716506754395643,0.13031688279273151,6.631742e6,0.1391009275323767,0.011533860260981407,NaN,NaN,96026.0,0.13967467856593477,0.011581434093615355,0.1396746785659354,0.011581434093615409,879562.0,0.021623353826986765,0.021623353826986765,0.012314501473830472,1.0,0.13932553787015073,0.011552484322625097,0.13932553787015153,0.011552484322625163,879562.0,0.024876435026814005,0.024876435026814005,0.01228371927581899,1.0,0.0,0.0,0.0,0.0,0.0,0.0,0.0,0.0,1.0,0.0,0.0,0.0,0.0,0.0,0.0,0.0,0.0,1.0,17.71324025825212,1.468732391164807,13.982890464045884,1.1594222088805008,1.0332336e7,2.742226905113685,2.742226905113685,1.561698408803488,1.0,4.540475556437638,0.37648354698543773,2.8971000979311152,0.24021944558087518,1.9658105e7,0.8106973559709242,0.8106973559709242,0.4003137397967802,1.0,16.281619755349492,1.3500264190325109,12.086940737444822,1.002215354861697,9.78918e6,2.537754176512392,2.537754167834053,1.4354787319517666,1.0,0.6308857063924497,0.052311280070274094,0.3775980512810169,0.031309375397805636,1.9008601e7,0.24272366975473972,0.24272366882284824,0.05562241517900432,1.0,11.342292569679513,1.0,0,937424.2674524608,15340.115939389798,0.06261437433275403,15120.0,1
3.3048e6,8.023817185768263e-5,6.658844508876699e-6,7.258719052065884e-6,6.023901141100045e-7,0.0,0.0,0.0,0.732650475334558,0.06080155469220488,0.1747570294336389,0.0,0.0,0.0,0.2791300707655604,0.02316458234213435,1.796667e6,-3.103626044460371e-5,-2.575652306787056e-6,3.103626044460371e-5,2.575652306787056e-6,7.784711986240232,0.6460414720652574,0.0,0.0,0.0,0.0,0.0,0.0,0.0,0.0,0.0,0.0,0.13866972871153657,0.01150799102472105,0.13866972871153657,0.01150799102472105,887881.0,0.0017906133424826984,0.0001486002926918708,0.0017906133424826984,0.0001486002926918708,341.0,3.1040774507864616e-5,2.5760269220688066e-6,1.81792434674096e-5,1.5086679162282346e-6,39775.0,18.654193054930595,1.5480832640562847,14.550094903660455,1.207490366614049,1.8878835e7,2.5453856867525615,0.2112377078240072,1.5723766336488414,0.13048915834510152,6.722462e6,0.1391009275323767,0.011543775562602575,NaN,NaN,96026.0,0.13973960573067157,0.011596778500171967,0.13973960573067212,0.011596778500172013,888202.0,0.021679135754697678,0.021679135754697678,0.012347527360281628,1.0,0.1393904650348875,0.011567803841962272,0.13939046503488828,0.011567803841962336,888202.0,0.0248734744660859,0.0248734744660859,0.012316676949109791,1.0,0.0,0.0,0.0,0.0,0.0,0.0,0.0,0.0,1.0,0.0,0.0,0.0,0.0,0.0,0.0,0.0,0.0,1.0,17.729498968101666,1.4713443005440943,13.992503768836887,1.161216721784456,1.0407936e7,2.7505460100771195,2.7505460100771195,1.56659575821796,1.0,4.542204108961277,0.37695064816282964,2.898201339682608,0.24051734516826262,1.9787705e7,0.8105317526254134,0.8105317526254134,0.4013535691483124,1.0,16.297824007249087,1.3525317611896517,12.096454415776995,1.003866454064302,9.863803e6,2.5451105187172396,2.5451104799259197,1.4400915673858452,1.0,0.6324891197893046,0.05248931530622867,0.3785978699099374,0.031419264531521336,1.9126724e7,0.24255367356844484,0.24255367356844484,0.05588735327285047,1.0,11.317213694150043,1.0,0,953092.1838988947,15667.916446433868,0.06409408903577245,15120.0,1
3.3264e6,7.030163840691951e-5,5.838687473405957e-6,7.24986883850755e-6,6.021156736947952e-7,0.0,0.0,0.0,0.7465543580074455,0.06200278794477811,0.1747570294336389,0.0,0.0,0.0,0.27927185455956577,0.02319406938219089,1.813947e6,-3.103626237952068e-5,-2.577621809149928e-6,3.103626237952068e-5,2.577621809149928e-6,7.799217081482687,0.6477401111542898,0.0,0.0,0.0,0.0,0.0,0.0,0.0,0.0,0.0,0.0,0.13874062060853903,0.011522677734917683,0.13874062060853903,0.011522677734917683,896521.0,0.0017906133424826984,0.00014871391235511054,0.0017906133424826984,0.00014871391235511054,341.0,3.104077711727026e-5,2.5779967668798123e-6,1.817924498539286e-5,1.509821568564526e-6,39775.0,18.670316952053867,1.5506060482047934,14.55954068673887,1.2091981033807535,1.8995475e7,2.546641785399277,0.21150354143381442,1.5731124746942327,0.13065004327625782,6.813182e6,0.1391009275323767,0.011552601924032816,NaN,NaN,96026.0,0.1398104976276742,0.011611533097200312,0.1398104976276748,0.011611533097200364,896842.0,0.021734074630597622,0.021734074630597622,0.012379069946016766,1.0,0.13946135693189016,0.01158253628499046,0.13946135693189096,0.011582536284990525,896842.0,0.02486910402911622,0.02486910402911622,0.01234815640828213,1.0,0.0,0.0,0.0,0.0,0.0,0.0,0.0,0.0,1.0,0.0,0.0,0.0,0.0,0.0,0.0,0.0,0.0,1.0,17.745868980608925,1.4738288505035253,14.002192164610555,1.1629092272149368,1.0483536e7,2.7586629570297583,2.7586629570297583,1.571250779385854,1.0,4.544020295221888,0.37738970211543643,2.8993636630388253,0.2407977777452054,1.9917305e7,0.8103012613557032,0.8103012613557032,0.40233563305433223,1.0,16.314133668263164,1.3549204548692726,12.106033472319394,1.005429568772431,9.938434e6,2.5522884137530144,2.552288384449751,1.4444823901987307,1.0,0.6341851241631884,0.05267030504807633,0.3796568307057261,0.031531236424446524,1.9244854e7,0.24239649700053834,0.24239649700053834,0.056151878034553813,1.0,11.29410353422078,1.0,0,969069.0387768573,15976.854877962614,0.06549162623415923,15120.0,1
3.348e6,6.069116131628762e-5,5.0438874449602955e-6,7.241628315362305e-6,6.018332381312083e-7,0.0,0.0,0.0,0.7597421004463849,0.06314022600224789,0.1747570294336389,0.0,0.0,0.0,0.27942478478319444,0.023222280365237487,1.831227e6,-3.103626352132799e-5,-2.5793446116130597e-6,3.103626352132799e-5,2.5793446116130597e-6,7.814715548720772,0.6494610547442355,0.0,0.0,0.0,0.0,0.0,0.0,0.0,0.0,0.0,0.0,0.1388170857203538,0.011536733531295335,0.1388170857203538,0.011536733531295335,905161.0,0.0017906133424826984,0.00014881330264647708,0.0017906133424826984,0.00014881330264647708,341.0,3.104077933342975e-5,2.5797199092259225e-6,1.81792462830134e-5,1.5108307387277588e-6,39775.0,18.686550073132544,1.5529914613481057,14.569050766822649,1.2107966078422185,1.9112115e7,2.54791106500677,0.21175038264120596,1.5738560550515863,0.13079915796765335,6.903902e6,0.1391009275323767,0.011560322899515793,NaN,NaN,96026.0,0.1398869627394887,0.011625648278474803,0.13988696273948917,0.011625648278474841,905482.0,0.021787989344612985,0.021787989344612985,0.012409165812367026,1.0,0.13953782204370457,0.01159663208676259,0.1395378220437053,0.01159663208676265,905482.0,0.02486333621892027,0.02486333621892027,0.012378194057022686,1.0,0.0,0.0,0.0,0.0,0.0,0.0,0.0,0.0,1.0,0.0,0.0,0.0,0.0,0.0,0.0,0.0,0.0,1.0,17.762331825581683,1.4761820427421388,14.011943329724799,1.1644968312927502,1.0559136e7,2.766558719785586,2.766558719785586,1.575670216304624,1.0,4.545917076049606,0.37779956040425555,2.900581228588112,0.24105989940971512,2.0046905e7,0.8100073731246233,0.8100073731246233,0.4032615882226598,1.0,16.330529901218654,1.3571886408474456,12.115667402282886,1.006902181014772,1.0013075e7,2.5592762881400914,2.5592762420696338,1.4486571827671428,1.0,0.6359634664409549,0.05285329979299813,0.38076911576906547,0.031644748935473165,1.9362792e7,0.24224691340134788,0.24224691340134788,0.05641537961168237,1.0,11.272874007379027,1.0,0,985338.3147353632,16269.275958505925,0.06681589981473791,15120.0,1
3.3696e6,5.147513673852522e-5,4.280388466201019e-6,7.233852646301669e-6,6.015272886153096e-7,0.0,0.0,0.0,0.7722975922243315,0.06422000825415498,0.1747570294336389,0.0,0.0,0.0,0.2795874101179057,0.023248946994404524,1.8485070000000002e6,-3.1036264284809795e-5,-2.5808045611123245e-6,3.1036264284809795e-5,2.5808045611123245e-6,7.8303670946867365,0.651130140138747,0.0,0.0,0.0,0.0,0.0,0.0,0.0,0.0,0.0,0.0,0.1388983983877096,0.01155002473237879,0.1388983983877096,0.01155002473237879,913801.0,0.0017906133424826984,0.00014889752964662427,0.0017906133424826984,0.00014889752964662427,341.0,3.1040781439473745e-5,2.581180182780351e-6,1.8179247517791016e-5,1.5116859581089396e-6,39775.0,18.70286443553252,1.5552270530416903,14.578608693667926,1.2122766923886745,1.9228755e7,2.5491908707022706,0.21197665304951943,1.5746058164531804,0.13093553514574566,6.994622e6,0.1391009275323767,0.011566865939023976,NaN,NaN,96026.0,0.13996827540684434,0.011638989804510993,0.13996827540684478,0.01163898980451103,914122.0,0.02184041833440015,0.02184041833440015,0.012437741677717029,1.0,0.13961913471106024,0.011609957189893437,0.13961913471106094,0.011609957189893494,914122.0,0.024856157965337595,0.024856157965337595,0.012406716634572655,1.0,0.0,0.0,0.0,0.0,0.0,0.0,0.0,0.0,1.0,0.0,0.0,0.0,0.0,0.0,0.0,0.0,0.0,1.0,17.778860102580193,1.4783919489490225,14.021740356037071,1.165970592772164,1.0634736e7,2.774183942900395,2.774183942900395,1.5798499241160835,1.0,4.547887479812988,0.3781772394905009,2.9018492272452883,0.24130177693455,2.0176505e7,0.8096527015494943,0.8096527015494943,0.4041305037789403,1.0,16.346985209038,1.3593251301371796,12.125339090522026,1.0082763229068368,1.008773e7,2.5660325660801875,2.566032554542627,1.4526118768591583,1.0,0.637819548156089,0.05303755580704626,0.3819305196156317,0.03175923551902642,1.948084e7,0.24210305879000651,0.24210305752025632,0.0566773774550323,1.0,11.253512014774035,1.0,0,1.0018854769825467e6,16547.1622471835,0.06807406658941376,15120.0,1
3.3912e6,4.268942550555311e-5,3.551444253203102e-6,7.2264170296344605e-6,6.011844134048112e-7,0.0,0.0,0.0,0.7842903195938934,0.06524714997633857,0.1747570294336389,0.0,0.0,0.0,0.279763577839258,0.02327425911701545,1.865787e6,-3.103626474982833e-5,-2.581987524576309e-6,3.103626474982833e-5,2.581987524576309e-6,7.846044393854051,0.6527328241815924,0.0,0.0,0.0,0.0,0.0,0.0,0.0,0.0,0.0,0.0,0.138986482248385,0.011562646669717614,0.138986482248385,0.011562646669717614,922441.0,0.0017906133424826984,0.00014896577757978385,0.0017906133424826984,0.00014896577757978385,341.0,3.104078347799644e-5,2.582363449316321e-6,1.8179248717255148e-5,1.5123789467732998e-6,39775.0,18.71922921254403,1.557301327529771,14.588196214322418,1.2136299562807462,1.9345395e7,2.5504804238246512,0.21218109489247644,1.5753612919304585,0.1310584000765543,7.085342e6,0.1391009275323767,0.011572167670324325,NaN,NaN,96026.0,0.1400563592675204,0.01165165251943907,0.1400563592675209,0.011651652519439112,922762.0,0.021891323806871348,0.021891323806871348,0.012464955329255354,1.0,0.1397072185717363,0.011622606597576276,0.13970721857173707,0.01162260659757634,922762.0,0.024848048553398686,0.024848048553398686,0.012433881958511356,1.0,0.0,0.0,0.0,0.0,0.0,0.0,0.0,0.0,1.0,0.0,0.0,0.0,0.0,0.0,0.0,0.0,0.0,1.0,17.795423216189818,1.4804475058169453,14.031569941924525,1.1673227700659257,1.0710336e7,2.7814900654515933,2.7814900654515933,1.5837849606764725,1.0,4.5499308718044045,0.3785205740245711,2.903172016603837,0.2415224251047032,2.0306105e7,0.8092416724992021,0.8092416724992021,0.40494187743315213,1.0,16.363467996033968,1.3613194295488507,12.135030069178683,1.009544689141468,1.0162404e7,2.57251464488506,2.572514591871266,1.456341566130974,1.0,0.6397513903769514,0.05322258081307202,0.38314213864553626,0.0318745902606638,1.95989e7,0.2419649343386503,0.24196493300300606,0.05693759672594183,1.0,11.236009722297759,1.0,0,1.0186976441977684e6,16812.167215221678,0.06927201862723299,15120.0,1
3.4128e6,3.434208423744269e-5,2.858011770669016e-6,7.2192485079675794e-6,6.007992138304913e-7,0.0,0.0,0.0,0.7957762347443962,0.06622597015350849,0.1747570294336389,0.0,0.0,0.0,0.2799491872422035,0.023297889166991978,1.883067e6,-3.103626494407313e-5,-2.5828953745053308e-6,3.103626494407313e-5,2.5828953745053308e-6,7.861735475536033,0.6542681676399418,0.0,0.0,0.0,0.0,0.0,0.0,0.0,0.0,0.0,0.0,0.13907928694985777,0.011574435506321692,0.13907928694985777,0.011574435506321692,931081.0,0.0017906133424826984,0.00014901815434815402,0.0017906133424826984,0.00014901815434815402,341.0,3.104078551291735e-5,2.5832715846059633e-6,1.8179249907235466e-5,1.5129108023142384e-6,39777.0,18.735633496305077,1.5592140737049218,14.597806492795096,1.2148564569901519,1.9462035e7,2.551780361005262,0.21236388151315508,1.5761228286088742,0.13116785705373785,7.176062e6,0.1391009275323767,0.011576236475626165,NaN,NaN,96026.0,0.1401491639689932,0.01166347265073949,0.14014916396899368,0.01166347265073953,931402.0,0.0219402907535815,0.0219402907535815,0.012490680055277308,1.0,0.1398000232732091,0.011634416516252386,0.13980002327320984,0.011634416516252449,931402.0,0.024838788492123665,0.024838788492123665,0.012459563175220276,1.0,0.0,0.0,0.0,0.0,0.0,0.0,0.0,0.0,1.0,0.0,0.0,0.0,0.0,0.0,0.0,0.0,0.0,1.0,17.81200857736695,1.4823482995790078,14.041420178281024,1.1685529587829393,1.0785936e7,2.7884622071607916,2.7884622071607916,1.587480752514288,1.0,4.552049506480471,0.37882997957371667,2.9045469320976625,0.24172176804997134,2.0435705e7,0.808779514121957,0.808779514121957,0.4056977035825195,1.0,16.379963535867056,1.3631708624602503,12.144733751893645,1.0107072061954154,1.0237098e7,2.5787098296443705,2.578709779558511,1.4598509049179165,1.0,0.6417651974857917,0.05340888676815794,0.3844063851598779,0.031991010385718784,1.9716897e7,0.24183616599733038,0.24183616599733038,0.05719680036179431,1.0,11.220298922778047,1.0,0,1.0357632899762362e6,17065.645778467762,0.07041489704375592,15120.0,1
3.4344e6,2.641824586670178e-5,2.1991371289368267e-6,7.212340737481724e-6,6.003777231224569e-7,0.0,0.0,0.0,0.8067972842716299,0.0671603206480662,0.1747570294336389,0.0,0.0,0.0,0.2801488064405702,0.023320459843525196,1.900347e6,-3.10362650208277e-5,-2.5835554372235317e-6,3.10362650208277e-5,2.5835554372235317e-6,7.877463223745031,0.655744591998336,0.0,0.0,0.0,0.0,0.0,0.0,0.0,0.0,0.0,0.0,0.13917909654904106,0.011585701803868167,0.13917909654904106,0.011585701803868167,939721.0,0.0017906133424826984,0.00014905623578841332,0.0017906133424826984,0.00014905623578841332,341.0,3.104078751813422e-5,2.583931903995492e-6,1.8179251087770814e-5,1.5132975234276286e-6,39783.0,18.752100955593964,1.5609833319401571,14.607453387162183,1.215969949897847,1.9578675e7,2.553090361995377,0.21252719945617488,1.5768902380829783,0.13126525842494371,7.265256e6,0.1391009275323767,0.01157919477127613,NaN,NaN,96026.0,0.14024897356817648,0.011674761701639141,0.14024897356817703,0.011674761701639188,940042.0,0.021987985776300737,0.021987985776300737,0.012515292777586262,1.0,0.13989983287239238,0.011645698141885942,0.1398998328723932,0.011645698141886008,940042.0,0.02482892993198614,0.02482892993198614,0.01248413677040034,1.0,0.0,0.0,0.0,0.0,0.0,0.0,0.0,0.0,1.0,0.0,0.0,0.0,0.0,0.0,0.0,0.0,0.0,1.0,17.8286386188735,1.484111448693116,14.051308668960415,1.169674730108059,1.0861536e7,2.7951423984720543,2.7951423984720543,1.5909608923627305,1.0,4.554245227523596,0.3791095678594679,2.905979462873326,0.24190278813278668,2.0565305e7,0.8082714133790799,0.8082714133790799,0.40640377575152514,1.0,16.396493999514558,1.3648952667281717,12.154463305255641,1.0117754097586857,1.0311688e7,2.5846580876161718,2.5846580732621893,1.4631616739077795,1.0,0.6438606433831037,0.05359696680352347,0.38572371164321834,0.03210884401886391,1.9834804e7,0.24171809653483917,0.24171809653483917,0.057455710761316,1.0,11.206207961778528,1.0,0,1.0530719455885387e6,17308.65561230248,0.07150738692792646,15120.0,1
3.456e6,1.888189945106743e-5,1.5720658192730527e-6,7.2057202426367645e-6,5.999325717229576e-7,0.0,0.0,0.0,0.817382689910809,0.06805350231867721,0.1747570294336389,0.0,0.0,0.0,0.2803574681497417,0.02334195211654019,1.9176270000000002e6,-3.103626494663355e-5,-2.584011815492786e-6,3.103626494663355e-5,2.584011815492786e-6,7.893254628599015,0.6571751870936817,0.0,0.0,0.0,0.0,0.0,0.0,0.0,0.0,0.0,0.0,0.1392834274036269,0.011596434775001573,0.1392834274036269,0.011596434775001573,948361.0,0.0017906133424826984,0.00014908256653660906,0.0017906133424826984,0.00014908256653660906,341.0,3.104078947640789e-5,2.5843885179863546e-6,1.8179252230787268e-5,1.5135649422361707e-6,39802.0,18.768657723428994,1.5626375596958229,14.617152627232212,1.216992288298093,1.9695315e7,2.5544080357446997,0.21267444898101315,1.577662144044751,0.13135271361026035,7.353816e6,0.1391009275323767,0.01158124023324704,NaN,NaN,96026.0,0.1403533044227623,0.011685510405182066,0.14035330442276278,0.011685510405182105,948682.0,0.022034603402941715,0.022034603402941715,0.012538821095691162,1.0,0.14000416372697824,0.011656441711358028,0.14000416372697894,0.011656441711358085,948682.0,0.02481817506851598,0.02481817506851598,0.012507629719473364,1.0,0.0,0.0,0.0,0.0,0.0,0.0,0.0,0.0,1.0,0.0,0.0,0.0,0.0,0.0,0.0,0.0,0.0,1.0,17.845333589550027,1.485763603516644,14.061243859012054,1.1707085351503825,1.0937136e7,2.801607342670858,2.801607342670858,1.5942584764395968,1.0,4.556512563941885,0.3793653109648516,2.907462617072815,0.2420690043901254,2.0694905e7,0.8077211670242019,0.8077211670242019,0.4070676931655521,1.0,16.41308290317056,1.366517531132743,12.164233478433422,1.0127675829785796,1.0384782e7,2.590431843151637,2.590431799507522,1.466304701538801,1.0,0.6460317873751928,0.053787199414357806,0.3870916721531789,0.03222840945076961,1.9952174e7,0.24160997377355492,0.24160997377355492,0.057714900531500496,1.0,11.1935008364537,1.0,0,1.07061390550772e6,17541.95991918142,0.07255350992527138,15120.0,1
3.4776e6,1.1664027984777954e-5,9.712283903355455e-7,7.199392530542278e-6,5.994716771905479e-7,0.0,0.0,0.0,0.8275532200856562,0.06890785780947267,0.1747570294336389,0.0,0.0,0.0,0.28057447319250217,0.02336258917790869,1.934907e6,-3.103626495748812e-5,-2.5842960678786914e-6,3.103626495748812e-5,2.5842960678786914e-6,7.909099597646568,0.6585668416820092,0.0,0.0,0.0,0.0,0.0,0.0,0.0,0.0,0.0,0.0,0.13939192992500718,0.011606745105850936,0.13939192992500718,0.011606745105850936,957001.0,0.0017906133424826984,0.00014909896620639228,0.0017906133424826984,0.00014909896620639228,341.0,3.104079144424895e-5,2.5846729747633745e-6,1.817925337214171e-5,1.5137315353812014e-6,39890.0,18.78529209327777,1.5641945497342309,14.626897664836536,1.2179376021012158,1.9811955e7,2.5557307194435785,0.21280797988616498,1.578437004961115,0.13143168325514157,7.442376e6,0.1391009275323767,0.01158251421530891,NaN,NaN,96026.0,0.14046180694414265,0.011695830534701758,0.14046180694414304,0.01169583053470179,957322.0,0.02208047136922929,0.02208047136922929,0.012561410417647436,1.0,0.14011266624835858,0.011666758643206853,0.14011266624835916,0.011666758643206902,957322.0,0.024806609869756635,0.024806609869756635,0.012530186986391204,1.0,0.0,0.0,0.0,0.0,0.0,0.0,0.0,0.0,1.0,0.0,0.0,0.0,0.0,0.0,0.0,0.0,0.0,1.0,17.86208803524036,1.4873221354697013,14.0712198264631,1.171667986389312,1.1012736e7,2.8079043836707864,2.8079043836707864,1.597395218018448,1.0,4.558850777962365,0.37960173866512087,2.9089928646184764,0.24222305202697736,2.0824505e7,0.8071335428225338,0.8071335428225338,0.40769513720957146,1.0,16.429720291572853,1.368053198541029,12.174037185275955,1.0136953164696756,1.0457918e7,2.596075474557188,2.5960754533788255,1.469299478054329,1.0,0.6482738869525091,0.053979809079945276,0.3885051214869277,0.03234964836086574,2.0069577e7,0.24151146418972172,0.241511462516871,0.0579747230525972,1.0,11.182009207087832,1.0,0,1.0883799946009566e6,17766.089093236485,0.07355602284476045,15120.0,1
3.4992e6,5.041234249251474e-6,4.19783542291618e-7,7.729747509940679e-6,6.43656023566948e-7,0.0,0.0,0.0,0.8374513666903949,0.06973456971543206,0.171821245087303,0.0,0.0,0.0,0.2807948041617049,0.023381781468612275,1.952187e6,-3.103626493015589e-5,-2.5843895736081772e-6,3.103626493015589e-5,2.5843895736081772e-6,7.924958936629587,0.659911277764556,0.0,0.0,0.0,0.0,0.0,0.0,0.0,0.0,0.0,0.0,0.13950207424385894,0.011616336791294814,0.13950207424385894,0.011616336791294814,965635.0,0.0017906556739818917,0.0001491078860222205,0.0017906556739818917,0.0001491078860222205,342.0,3.10407934198933e-5,2.5847666609183895e-6,1.8179254532926762e-5,1.5137864036343992e-6,40053.0,18.80194886193883,1.5656381562555755,14.63665581198658,1.218794231783858,1.9928387e7,2.5570639246659015,0.21292669594191946,1.5792180290183762,0.1315014747371744,7.530936e6,0.1391009275323767,0.011582933307306812,NaN,NaN,96026.0,0.1405719875780064,0.011705428467489022,0.14057198757800682,0.011705428467489057,965957.0,0.022124912087783905,0.022124912087783905,0.012582890953938096,1.0,0.14022281658369742,0.011676353001123166,0.14022281658369806,0.01167635300112322,965957.0,0.02479375852611046,0.02479375852611046,0.012551635932070884,1.0,0.0,0.0,0.0,0.0,0.0,0.0,0.0,0.0,1.0,0.0,0.0,0.0,0.0,0.0,0.0,0.0,0.0,1.0,17.87884013311103,1.488770898566611,14.081197121602504,1.172541190342526,1.1088331e7,2.813987146316155,2.813987146316155,1.6003721627183287,1.0,4.5612360354184,0.37981409422908935,2.910553385790424,0.24236176101068516,2.09541e7,0.8065034464291692,0.8065034464291692,0.4082857234766902,1.0,16.446348341950525,1.3694873166766584,12.183828842505722,1.0145473464045538,1.0530987e7,2.6015730158147625,2.601572985773884,1.472146843356022,1.0,0.6505568126951434,0.054171861451520725,0.38994560522060157,0.03247076794434978,2.0185109e7,0.24140355125953564,0.24140355125953564,0.0582326932593309,1.0,11.17167653225281,1.0,0,1.106361569963198e6,17981.57536224136,0.0745170466081007,15328.0,1
3.5208e6,3.964062967867509e-6,3.3003093743077423e-7,7.723386231005358e-6,6.430161222514228e-7,0.0,0.0,0.0,0.848624061773269,0.07065281174986221,0.16798489933457073,0.0,0.0,0.0,0.28101492950749596,0.023396101769617903,1.971425e6,-3.103626490890016e-5,-2.583946744858194e-6,3.103626490890016e-5,2.583946744858194e-6,7.940825156492577,0.661119157696163,0.0,0.0,0.0,0.0,0.0,0.0,0.0,0.0,0.0,0.0,0.1396119983010514,0.011623498175829092,0.1396119983010514,0.011623498175829092,975216.0,0.0017909329053879073,0.00014910541795928056,0.0017909329053879073,0.00014910541795928056,343.0,3.10407954361073e-5,2.584323937186709e-6,1.8179255721042896e-5,1.5135271200389471e-6,40234.0,18.818493850483897,1.5667473541298298,14.646347918217973,1.2193923185804207,2.0042867e7,2.5584487635986743,0.21300550739568802,1.5800292645444816,0.13154648237744662,7.618518e6,0.1391009275323767,0.01158094860831556,NaN,NaN,96026.0,0.14068193829005907,0.011712576805616054,0.1406819382900596,0.011712576805616097,975539.0,0.022165404325923597,0.022165404325923597,0.012603015271041596,1.0,0.14033299121743564,0.011683524964001745,0.14033299121743636,0.011683524964001804,975539.0,0.02477510342537722,0.02477510342537722,0.012571754788434433,1.0,0.0,0.0,0.0,0.0,0.0,0.0,0.0,0.0,1.0,0.0,0.0,0.0,0.0,0.0,0.0,0.0,0.0,1.0,17.8955407288306,1.4899062225905495,14.091115498595771,1.1731660407878535,1.1163893e7,2.8195651887289412,2.8195651887289412,1.6031750474178386,1.0,4.56356014133973,0.37994250940930224,2.9120500056920275,0.24244483526477448,2.1083663e7,0.8056742289091422,0.8056742289091422,0.4088273082578468,1.0,16.46288939327604,1.3706297965808794,12.193539120821546,1.0151819431890658,1.0604188e7,2.6067920084354683,2.6067919391482204,1.474830734853387,1.0,0.6526956026874025,0.054340645786398425,0.3912710719580458,0.03257555687550666,2.0301367e7,0.24110478135025643,0.24110478135025643,0.05847184612320838,1.0,11.162561915901907,1.0,0,1.1245690006561885e6,18207.430692990543,0.07551461864288907,18259.0,1
3.5424e6,3.3271836203048768e-6,2.769282800543944e-7,7.718408768148907e-6,6.424189070527989e-7,0.0,0.0,0.0,0.8599335887634789,0.07157402682676463,0.16798489933457073,0.0,0.0,0.0,0.2812540210852228,0.023409345923137287,1.993025e6,-3.103626468352007e-5,-2.5832116224870674e-6,3.103626468352007e-5,2.5832116224870674e-6,7.956767422673553,0.6622579841120751,0.0,0.0,0.0,0.0,0.0,0.0,0.0,0.0,0.0,0.0,0.13973154408991492,0.011630141461990954,0.13973154408991492,0.011630141461990954,985989.0,0.0017909329053879073,0.000149062999154957,0.0017909329053879073,0.000149062999154957,343.0,3.1040797454556505e-5,2.583588894267122e-6,1.817925690563734e-5,1.5130966372946416e-6,40607.0,18.83511631180987,1.5676851536002767,14.656085521618728,1.2198558958582755,2.0157347e7,2.559826182030572,0.21305955508490287,1.580836162015183,0.1315762186141503,7.704918e6,0.1391009275323767,0.011577653959471669,NaN,NaN,96026.0,0.14080148407892257,0.011719194749915639,0.14080148407892304,0.011719194749915679,986312.0,0.02220559274303515,0.02220559274303515,0.01262264853476794,1.0,0.14045253700629914,0.011690151173221556,0.14045253700629978,0.01169015117322161,986312.0,0.024754594983013925,0.024754594983013925,0.01259136593654978,1.0,0.0,0.0,0.0,0.0,0.0,0.0,0.0,0.0,1.0,0.0,0.0,0.0,0.0,0.0,0.0,0.0,0.0,1.0,17.912336702941385,1.4908803243165234,14.101104217934527,1.1736636698104903,1.1239466e7,2.8249279935052876,2.8249279935052876,1.6058149679084208,1.0,4.565922691969193,0.3800310599727274,2.9135835687315996,0.24250350403253446,2.1213236e7,0.8047385214435882,0.8047385214435882,0.4093283373728034,1.0,16.479523881324333,1.371624390286067,12.20331607423146,1.0157068911896714,1.0676182e7,2.611817936500519,2.611817846164249,1.477365379598374,1.0,0.6549148886296047,0.0545099021837553,0.3926513523938384,0.032681173054552926,2.0417034e7,0.24078680572034186,0.24078680572034186,0.05871216850757392,1.0,11.15467040780686,1.0,0,1.1430223961568882e6,18453.395500699757,0.07658889366871997,19440.0,1
3.564e6,2.721007971268793e-6,2.2640025300239724e-7,7.714500954087504e-6,6.418816064615316e-7,0.0,0.0,0.0,0.8707218151933047,0.07244801975444021,0.16798489933457073,0.0,0.0,0.0,0.28150051341209104,0.023422124495682498,2.014625e6,-3.103626453161679e-5,-2.582358529045724e-6,3.103626453161679e-5,2.582358529045724e-6,7.9727569553178315,0.6633696817025129,0.0,0.0,0.0,0.0,0.0,0.0,0.0,0.0,0.0,0.0,0.13985479025334924,0.011636555361574735,0.13985479025334924,0.011636555361574735,996751.0,0.0017909329053879073,0.00014901377253263723,0.0017909329053879073,0.00014901377253263723,343.0,3.104079940807221e-5,2.5827358514158466e-6,1.8179258054686377e-5,1.5125970472838017e-6,41130.0,18.851790770911034,1.5685548315730748,14.665853955029235,1.2202658283160275,2.0271823e7,2.5612103090375253,0.21310435988471524,1.5816470120262136,0.13160023324600809,7.791057e6,0.1391009275323767,0.011573830550563737,NaN,NaN,96026.0,0.14092473024235672,0.011725579240507263,0.14092473024235716,0.0117255792405073,997074.0,0.02224519117756888,0.02224519117756888,0.012641425483672662,1.0,0.1405757831697333,0.011696545255175148,0.1405757831697339,0.011696545255175198,997074.0,0.024733959605400584,0.024733959605400584,0.012610123749699295,1.0,0.0,0.0,0.0,0.0,0.0,0.0,0.0,0.0,1.0,0.0,0.0,0.0,0.0,0.0,0.0,0.0,0.0,1.0,17.92918511161522,1.4917898397422655,14.111118789131403,1.1741093365913697,1.1315028e7,2.830150178609505,2.830150178609505,1.6083086139790561,1.0,4.568324579483838,0.3801054063468752,2.915134956842255,0.24255250213672472,2.1342798e7,0.8037853538178957,0.8037853538178957,0.40979418344430263,1.0,16.49620069822985,1.3725590116210011,12.21312157963728,1.016187326452258,1.0747392e7,2.6167201472397923,2.6167200992501995,1.4797650599135481,1.0,0.6571796184487725,0.05468033664577725,0.3940565786605639,0.032787301635287175,2.0531761e7,0.2404861433402385,0.2404861433402385,0.05895123703072811,1.0,11.147851199563803,1.0,0,1.161714486743681e6,18692.090586792678,0.07762702862747445,19440.0,1
3.5856e6,2.1472715712080936e-6,1.7859617009769493e-7,7.71170482481058e-6,6.414097616261002e-7,0.0,0.0,0.0,0.880969895686158,0.07327338164887663,0.16798489933457073,0.0,0.0,0.0,0.28176638944241544,0.023435507036661734,2.036225e6,-3.103626454232842e-5,-2.5813958773180123e-6,3.103626454232842e-5,2.5813958773180123e-6,7.988750227477937,0.6644526074975825,0.0,0.0,0.0,0.0,0.0,0.0,0.0,0.0,0.0,0.0,0.13998772826851072,0.011643274406770389,0.13998772826851072,0.011643274406770389,1.007515e6,0.0017909329053879073,0.00014895822312045148,0.0017909329053879073,0.00014895822312045148,343.0,3.104080135224276e-5,2.581773219842371e-6,1.817925919147718e-5,1.5120332753180653e-6,41653.0,18.86847521858957,1.5693578096073952,14.675627796680097,1.2206238621189915,2.0386303e7,2.562602562369588,0.21314071739153786,1.58246259541962,0.13161901021480676,7.877457e6,0.1391009275323767,0.011569516053501526,NaN,NaN,96026.0,0.1410576682575189,0.011732265099346698,0.14105766825751936,0.011732265099346738,1.007838e6,0.022285122642865612,0.022285122642865612,0.012659898687512947,1.0,0.14070872118489544,0.011703241937314944,0.14070872118489608,0.011703241937314998,1.007838e6,0.024714436437284115,0.024714436437284115,0.012628580754632813,1.0,0.0,0.0,0.0,0.0,0.0,0.0,0.0,0.0,1.0,0.0,0.0,0.0,0.0,0.0,0.0,0.0,0.0,1.0,17.946043521463245,1.49263590330898,14.121150947424647,1.17450606173795,1.1390592e7,2.835221833526194,2.835221833526194,1.610653966069033,1.0,4.570766870100772,0.3801668444528183,2.9167222358587463,0.24259410292945913,2.1472362e7,0.8028210783915208,0.8028210783915208,0.41022545044538533,1.0,16.512879534185323,1.3734345863065982,12.222928215378621,1.01662416431914,1.0818585e7,2.6214896903888176,2.6214896351077708,1.4820277729264746,1.0,0.6594800128945442,0.05485128482964945,0.3954896659532966,0.032894274110254314,2.0646756e7,0.24020144245921216,0.24020144221020118,0.059188204745044985,1.0,11.142085078188714,1.0,0,1.180633792667419e6,18919.30592373805,0.0786113000052624,19440.0,1
3.6072e6,1.610690056458469e-6,1.3391151000457965e-7,7.709926647625194e-6,6.409972640410708e-7,0.0,0.0,0.0,0.8906657443560169,0.07404925252864282,0.16798489933457073,0.0,0.0,0.0,0.28203240948691705,0.023447953672517636,2.057825e6,-3.103626452861505e-5,-2.5803307292197086e-6,3.103626452861505e-5,2.5803307292197086e-6,8.004794213697933,0.6655123225812573,0.0,0.0,0.0,0.0,0.0,0.0,0.0,0.0,0.0,0.0,0.14012073829076174,0.011649528456598035,0.14012073829076174,0.011649528456598035,1.018279e6,0.0017909329053879073,0.00014889675932109876,0.0017909329053879073,0.00014889675932109876,343.0,3.104080335930219e-5,2.580708084048798e-6,1.817926036825513e-5,1.5114094713120406e-6,42411.0,18.885216363860298,1.5701020999709248,14.685434811325322,1.2209355504325732,2.0500783e7,2.5640016636427876,0.21316909051242605,1.5832821880910115,0.13163284129089617,7.963857e6,0.1391009275323767,0.011564742188733112,NaN,NaN,96026.0,0.1411906782797697,0.011738482429442053,0.14119067827977017,0.011738482429442093,1.018602e6,0.02232385020040619,0.02232385020040619,0.012677221182118182,1.0,0.1408417312071462,0.011709471243075488,0.14084173120714688,0.011709471243075545,1.018602e6,0.02469448469511019,0.02469448469511019,0.012645889940747309,1.0,0.0,0.0,0.0,0.0,0.0,0.0,0.0,0.0,1.0,0.0,0.0,0.0,0.0,0.0,0.0,0.0,0.0,1.0,17.962952729753276,1.493425823631867,14.131222583070521,1.1748587797646115,1.1466156e7,2.8401468905858116,2.8401468905858116,1.6128566532401483,1.0,4.57323905641193,0.3802155139658499,2.918336797253208,0.24262823605019412,2.1601926e7,0.8018488619650993,0.8018488619650993,0.41062174743545016,1.0,16.529606728773903,1.3742585595263144,12.232763378677628,1.0170223681452788,1.0889781e7,2.6261324924067315,2.62613236599958,1.4841594580264919,1.0,0.6618169684357492,0.05502294450413996,0.39694771760481085,0.03300192240225846,2.0761806e7,0.23993449924558313,0.23993449924558313,0.05942318709110607,1.0,11.137352283395181,1.0,0,1.1997685082963773e6,19134.715628958307,0.07954013142103576,19440.0,1
3.6288e6,1.117379218445833e-6,9.285734748871032e-8,7.709020150423646e-6,6.406411995929384e-7,0.0,0.0,0.0,0.8998042792264859,0.07477625970543567,0.16798489933457073,0.0,0.0,0.0,0.28230636365478345,0.023460450736347064,2.079425e6,-3.103626457079632e-5,-2.579200647753671e-6,3.103626457079632e-5,2.579200647753671e-6,8.020869690849956,0.6665567711925585,0.0,0.0,0.0,0.0,0.0,0.0,0.0,0.0,0.0,0.0,0.14025771537469547,0.011655809594021089,0.14025771537469547,0.011655809594021089,1.029065e6,0.0017909329053879073,0.0001488315483045045,0.0017909329053879073,0.0001488315483045045,343.0,3.104080535773192e-5,2.579577999885687e-6,1.817926154036592e-5,1.5107476298779385e-6,43471.0,18.901993752738107,1.5708087041109762,14.695263648212807,1.22121763184238,2.0615263e7,2.5654059759556254,0.2131924329953641,1.584104870095072,0.13164355838438851,8.050257e6,0.1391009275323767,0.011559677279340748,NaN,NaN,96026.0,0.14132765536370304,0.011744724608468496,0.14132765536370337,0.011744724608468524,1.029388e6,0.02236249155678176,0.02236249155678176,0.012693929151374038,1.0,0.1409787082910795,0.011715726127878493,0.14097870829108008,0.011715726127878542,1.029388e6,0.024674917581872,0.024674917581872,0.012662587023705795,1.0,0.0,0.0,0.0,0.0,0.0,0.0,0.0,0.0,1.0,0.0,0.0,0.0,0.0,0.0,0.0,0.0,0.0,1.0,17.979895835768925,1.4941797805717345,14.141312132401053,1.175182706951638,1.1541742e7,2.8449864804200415,2.8449864804200415,1.614938868836235,1.0,4.575735650321661,0.3802564682466356,2.919963014230665,0.2426571174678983,2.1731512e7,0.8008719998696756,0.8008719998696756,0.41098866326708494,1.0,16.546363258755974,1.375049202122972,12.242617006139346,1.0173958158014418,1.0960944e7,2.6307066327618696,2.6307065704192456,1.4861801986243848,1.0,0.6641872925253469,0.05519582716545898,0.3984265244910085,0.0331103618383379,2.087681e7,0.2396850990048898,0.2396850990048898,0.05965673464873072,1.0,11.13348386290664,1.0,0,1.2191066297289212e6,19338.121432543965,0.08041358937408832,19440.0,1
3.6504e6,6.730051223607641e-7,5.590264249617724e-8,7.708752972111899e-6,6.403215178803798e-7,0.0,0.0,0.0,0.9083905836330504,0.07545475116979992,0.16798489933457073,0.0,0.0,0.0,0.28259001791283966,0.02347311813757866,2.101025e6,-3.10362643263816e-5,-2.5780029473899294e-6,3.10362643263816e-5,2.5780029473899294e-6,8.036921453264066,0.6675805753092607,0.0,0.0,0.0,0.0,0.0,0.0,0.0,0.0,0.0,0.0,0.14039954250372383,0.011662177850416448,0.14039954250372383,0.011662177850416448,1.039857e6,0.0017909329053879073,0.00014876243674542502,0.0017909329053879073,0.00014876243674542502,343.0,3.104080733116125e-5,2.578380308517827e-6,1.817926269538452e-5,1.510046193614856e-6,44632.0,18.91875466949943,1.5714715142910607,14.705081976103383,1.2214660977668248,2.0729743e7,2.5668185210433276,0.21321076670428782,1.584932321315267,0.13165115984307274,8.136657e6,0.1391009275323767,0.011554309416623925,NaN,NaN,96026.0,0.14146948249273109,0.011751051576203299,0.14146948249273145,0.011751051576203328,1.04018e6,0.022401050485569146,0.022401050485569146,0.012710088112043796,1.0,0.1411205354201076,0.011722066561375283,0.1411205354201082,0.011722066561375331,1.04018e6,0.02465599144985341,0.02465599144985341,0.0126787375482237,1.0,0.0,0.0,0.0,0.0,0.0,0.0,0.0,0.0,1.0,0.0,0.0,0.0,0.0,0.0,0.0,0.0,0.0,1.0,17.996822096613677,1.4948919084080818,14.151392821187159,1.1754743424994705,1.1617334e7,2.849715099415619,2.849715099415619,1.6168942626653748,1.0,4.578267194869324,0.38029017275378324,2.921611740067273,0.24268138709658194,2.1861104e7,0.7998957520661335,0.7998957520661335,0.4113267287187439,1.0,16.563096291647575,1.375800599219502,12.252457474384594,1.017740767689094,1.1032103e7,2.635188332129175,2.6351882803840843,1.4880835750984194,1.0,0.6665974844217051,0.055370397077753604,0.39992906875341516,0.033219794339643595,2.0991709e7,0.2394562701518067,0.2394562697207316,0.05988933169881316,1.0,11.130487943563331,1.0,0,1.238636168811751e6,19529.53908282984,0.08123141882846642,19440.0,1
3.672e6,0.0019027537477222878,0.00016251638141587415,7.191981583616545e-6,6.142754014165582e-7,0.0,0.0,0.0,0.1341753948974294,0.011460074473577532,0.17508812696339263,0.0,0.0,0.0,0.3304353464249039,0.028222862184431246,2.122333e6,-3.777678272388469e-5,-3.226558369504525e-6,3.777678272388469e-5,3.226558369504525e-6,8.074224327443238,0.6896287667318333,0.0,0.0,0.0,0.0,0.0,0.0,0.0,0.0,0.0,0.0,0.16036175441041708,0.013696681494113034,0.16036175441041708,0.013696681494113034,1.050291e6,0.00971183760406631,0.0008294991962048847,0.00971183760406631,0.0008294991962048847,640.0,3.778133607400314e-5,3.2269472763640996e-6,2.2134539838231834e-5,1.890536451772093e-6,47080.0,19.107371503399893,1.631982529961393,14.816167140162735,1.2654658402089052,2.0847645e7,3.3834757880253874,0.28898655032809023,2.094781433927815,0.17891768648813727,8.216489e6,0.13911571806029774,0.011882033145011229,NaN,NaN,96034.0,0.16929115932664282,0.01445935221643812,0.16929115932664315,0.01445935221643815,1.050778e6,0.028394585026438823,0.028394585026438823,0.014626978479132394,1.0,0.16114418709826017,0.013763509967993047,0.16114418709826075,0.013763509967993097,1.050778e6,0.028053935469535572,0.028053935469535572,0.013923069379988502,1.0,0.0,0.0,0.0,0.0,0.0,0.0,0.0,0.0,1.0,0.0,0.0,0.0,0.0,0.0,0.0,0.0,0.0,1.0,18.992557697634172,1.6221761510371808,14.773239214649413,1.2617993168217005,1.1693137e7,3.1855520191369293,3.1855520191369293,1.6409819261203142,1.0,4.651721891404273,0.3973089056053542,2.969111238435084,0.25359519857432494,2.1990131e7,0.809828192462863,0.809828192462863,0.40191488006291415,1.0,17.54415577188668,1.4984664802035055,12.860469510655852,1.0984274610852132,1.1103272e7,2.9611985962226384,2.9611985962226384,1.5158380976929529,1.0,0.7205290824325319,0.06154121589407371,0.4325134535220649,0.03694147046838346,2.11101e7,0.25527284070893475,0.2552728169122978,0.062254658921642905,1.0,11.573898161411966,1.0,0,1.2515169850425683e6,12880.816230817232,0.05152404802975273,16477.0,1
3.6936e6,0.0013625508169041514,0.00010761642865964807,7.161661170348491e-6,5.656393793623888e-7,0.0,0.0,0.0,0.21028084208879907,0.016608315051732745,0.1780239113097285,0.0,0.0,0.0,0.3305310548814452,0.02610586793985936,2.139347e6,-3.777678276732727e-5,-2.983670331583e-6,3.777678276732727e-5,2.983670331583e-6,8.060969778894336,0.6366682022979442,0.0,0.0,0.0,0.0,0.0,0.0,0.0,0.0,0.0,0.0,0.16040958968609295,0.012669404289815332,0.16040958968609295,0.012669404289815332,1.058699e6,0.009711875509255933,0.0007670593602284309,0.009711875509255933,0.0007670593602284309,641.0,3.778133765487602e-5,2.9840300838394754e-6,2.2134540763413962e-5,1.7482212020482575e-6,47082.0,19.16948562120647,1.5140364353411369,14.852551606912552,1.173078127134163,2.0965178e7,3.3843518967310176,0.2673014906564902,2.095294664248422,0.16548970207831412,8.297061e6,0.14022982732775283,0.011075574592410565,NaN,NaN,97321.0,0.16933902761314898,0.013374665486481129,0.16933902761314934,0.013374665486481157,1.059187e6,0.024671763687699626,0.024671763687699626,0.013600547667010954,1.0,0.16119202726829523,0.012731202453378153,0.16119202726829587,0.012731202453378204,1.059187e6,0.02781020959739711,0.02781020959739711,0.012946217309177162,1.0,0.0,0.0,0.0,0.0,0.0,0.0,0.0,0.0,1.0,0.0,0.0,0.0,0.0,0.0,0.0,0.0,0.0,1.0,19.05043701730584,1.5046337874326998,14.807190009438738,1.1694953960845278,1.176684e7,2.7755437530449085,2.7755437530449085,1.530045261173683,1.0,4.6581344387990224,0.36790685991370853,2.9729142682789904,0.2348054929726717,2.2117763e7,0.8036606851543361,0.8036606851543361,0.3741203688671242,1.0,17.601791872048253,1.3902174919128205,12.894230983913594,1.0184068524902392,1.1166839e7,2.580868174868606,2.580868174868606,1.4136966106093878,1.0,0.7263150979377296,0.05736552057503143,0.4359061388613224,0.03442855951725731,2.1234148e7,0.2516024735638751,0.2516024735638751,0.0583343559367692,1.0,12.450897696119416,1.0,0,1.25527257325705e6,3755.588214481715,0.01396444087711957,12527.0,1
3.7152e6,0.0009616761647244659,7.290137627044443e-5,7.127932910619331e-6,5.403441805136424e-7,0.0,0.0,0.0,0.2699200352121279,0.02046171338307927,0.1780239113097285,0.0,0.0,0.0,0.3307610165647475,0.025073859796754,2.156569e6,-3.777678280182986e-5,-2.863728517293665e-6,3.777678280182986e-5,2.863728517293665e-6,8.052501833539681,0.6104325838766266,0.0,0.0,0.0,0.0,0.0,0.0,0.0,0.0,0.0,0.0,0.16052457052774405,0.0121688178889694,0.16052457052774405,0.0121688178889694,1.06731e6,0.009711875509255933,0.0007362240188149363,0.009711875509255933,0.0007362240188149363,641.0,3.778133962712239e-5,2.864073954611792e-6,2.2134541916817463e-5,1.6779438110688384e-6,47082.0,19.208644324088482,1.456141535874218,14.875489876735006,1.127659938438585,2.1086136e7,3.385389031938172,0.25663474742547243,2.0959022154670914,0.1588831684100253,8.346817e6,0.1402684594107794,0.010633271483140711,NaN,NaN,97617.0,0.16945400845480013,0.012845727994556144,0.16945400845480046,0.01284572799455617,1.067798e6,0.023022461631064854,0.023022461631064854,0.013114064217869485,1.0,0.1613070081099464,0.012228131802197782,0.16130700810994703,0.01222813180219783,1.067798e6,0.02766779576614525,0.02766779576614525,0.01248356697156849,1.0,0.0,0.0,0.0,0.0,0.0,0.0,0.0,0.0,1.0,0.0,0.0,0.0,0.0,0.0,0.0,0.0,0.0,1.0,19.088096942589907,1.4470032517621623,14.829357049619194,1.124162766821617,1.1841617e7,2.593358419066504,2.593358419066504,1.4772299067142622,1.0,4.661668824258977,0.35338514717464553,2.975091414826368,0.22553149035711784,2.2247362e7,0.7995815090135001,0.7995815090135001,0.3607670593409361,1.0,17.63922731380654,1.3371694076374943,12.916162020175273,0.9791300044049704,1.1235431e7,2.4136271797194513,2.413627048732594,1.3651017279332098,1.0,0.7295937361176157,0.05530800224887438,0.4378266665837427,0.0331901400207843,2.1356068e7,0.24856837288676972,0.24856837288676972,0.05646333890622523,1.0,12.921547861867165,1.0,0,1.2604897306208087e6,5217.157363758655,0.018692424910623128,10800.0,1
3.7368e6,0.000693522329658663,5.1518139026665435e-5,7.083018761200839e-6,5.261603407169635e-7,0.0,0.0,0.0,0.3199327725370476,0.023766128861146266,0.17631623861605816,0.0,0.0,0.0,0.3309193111530814,0.024582261233006927,2.173859e6,-3.7776782804755207e-5,-2.8062392013727895e-6,3.7776782804755207e-5,2.8062392013727895e-6,8.046913812370494,0.5977630521649334,0.0,0.0,0.0,0.0,0.0,0.0,0.0,0.0,0.0,0.0,0.1606034842794826,0.01193039110269102,0.1606034842794826,0.01193039110269102,1.07591e6,0.009712342594112815,0.0007214790276246417,0.009712342594112815,0.0007214790276246417,643.0,3.778134189098422e-5,2.8065778719939595e-6,2.2134543247570326e-5,1.644259207747951e-6,47095.0,19.23599652776904,1.4289413636065755,14.891508913092371,1.106212148755342,2.1207404e7,3.3872476195699703,0.2516208726381381,2.096990674854285,0.15577444662515133,8.386209e6,0.14266230452491976,0.010597634890857317,NaN,NaN,99777.0,0.16953336799857788,0.012593745361462664,0.16953336799857813,0.012593745361462683,1.076399e6,0.022276551541399743,0.022276551541399743,0.012900336419152376,1.0,0.16138594315450275,0.01198851587154421,0.16138594315450328,0.011988515871544248,1.076399e6,0.027584371776484824,0.027584371776484824,0.012280372793825173,1.0,0.0,0.0,0.0,0.0,0.0,0.0,0.0,0.0,1.0,0.0,0.0,0.0,0.0,0.0,0.0,0.0,0.0,1.0,19.11584421702477,1.420015878175782,14.845708520990625,1.1028098776721096,1.191487e7,2.511806932081315,2.511806932081315,1.4545857505632553,1.0,4.66366548473413,0.34643926596371666,2.9763628935396436,0.22109839984338014,2.2376941e7,0.797121980127532,0.797121980127532,0.3548732288499353,1.0,17.666638783791,1.3123620020211635,12.932218011222927,0.9606666965622298,1.1302841e7,2.3400019992373857,2.3400019992373857,1.3443110721923526,1.0,0.7314045076267733,0.054332207482333666,0.43888905557969504,0.032602767662528113,2.1474617e7,0.2462367102815197,0.2462367014537214,0.05565490922677254,1.0,13.141778825773999,1.0,0,1.266826543646606e6,6336.813025797252,0.02232353605291033,11131.0,1
3.7584e6,0.0005600461736117806,4.133500186387665e-5,9.871680027239977e-6,7.285933402491425e-7,0.0,0.0,0.0,0.38838037229648864,0.02866496401401496,0.17631623861605816,0.0,0.0,0.0,0.3312158229458194,0.02444585340261826,2.193755e6,-4.434594904303545e-5,-3.2730156417779537e-6,4.434594904303545e-5,3.2730156417779537e-6,8.04702808510017,0.5939223167103637,0.0,0.0,0.0,0.0,0.0,0.0,0.0,0.0,0.0,0.0,0.16075174017585178,0.01186451009376288,0.16075174017585178,0.01186451009376288,1.085823e6,0.009712342594112815,0.0007168332150922799,0.009712342594112815,0.0007168332150922799,643.0,4.435050872180278e-5,3.2733521753339835e-6,2.5982589868788884e-5,1.917681882778495e-6,114067.0,19.260026923346143,1.4215135934964649,14.90699989962636,1.100232262390201,2.1328012e7,3.390776599019697,0.25026107425496796,2.099074398370047,0.15492516199063724,8.480777e6,0.14788731635157065,0.010915033054530458,NaN,NaN,102498.0,0.1696816238949468,0.012523592822232447,0.16968162389494712,0.012523592822232471,1.086312e6,0.022071118998959055,0.022071118998959055,0.012893175226115435,1.0,0.16153419905087166,0.011922260580385743,0.16153419905087227,0.011922260580385789,1.086312e6,0.027563405457598125,0.027563405457598125,0.01227409713300794,1.0,0.0,0.0,0.0,0.0,0.0,0.0,0.0,0.0,1.0,0.0,0.0,0.0,0.0,0.0,0.0,0.0,0.0,1.0,19.142467896079495,1.4128369828165912,14.862864614084025,1.096974795066766,1.1988321e7,2.4899318922696025,2.4899318922696025,1.4545310634064026,1.0,4.665109768585453,0.34431504055474305,2.9774232612237763,0.21975294511617688,2.2506502e7,0.7960315079485253,0.7960315079485253,0.3544760847684598,1.0,17.693071760940175,1.305862246142452,12.949106203034685,0.9557271422570369,1.1370084e7,2.3215910359925527,2.3215910359925527,1.3443994067576224,1.0,0.7326019954682568,0.0540707289416309,0.43962819127443503,0.03244738195164993,2.1598963e7,0.2447801051533298,0.24477975824580578,0.05566640442115285,1.0,13.160576888092903,1.0,0,1.2745143155246659e6,7687.771878059953,0.027044054964415278,12960.0,1
3.78e6,0.00043948436391542765,3.264831895103956e-5,1.4895833725061527e-5,1.1065784597311555e-6,0.0,0.0,0.0,0.43738733460595336,0.03249253529326518,0.17631623861605816,0.0,0.0,0.0,0.3317019435063588,0.024641401918816138,2.215161e6,-6.327892056786742e-5,-4.700850704155643e-6,6.327892056786742e-5,4.700850704155643e-6,8.041113761373873,0.59735651221814,0.0,0.0,0.0,0.0,0.0,0.0,0.0,0.0,0.0,0.0,0.16099480045612127,0.011959946761068154,0.16099480045612127,0.011959946761068154,1.096471e6,0.009712342594112815,0.0007215083966795729,0.009712342594112815,0.0007215083966795729,643.0,6.328348024663476e-5,4.701189432581347e-6,3.707304008040933e-5,2.754073947583709e-6,195508.0,19.300335218479763,1.4337791098209975,14.941426028050659,1.1099654108309402,2.1446912e7,3.392031069749098,0.2519864672098222,2.0997884856833657,0.15598863085719067,8.561884e6,0.15603573674712284,0.011591548913582817,NaN,NaN,106818.0,0.16992468417521647,0.012623328022825215,0.1699246841752168,0.01262332802282524,1.09696e6,0.02236490652528541,0.02236490652528541,0.01304726679979831,1.0,0.16177725933114134,0.01201807389599085,0.16177725933114198,0.012018073895990897,1.09696e6,0.027593327337842165,0.027593327337842165,0.012421685965630971,1.0,0.0,0.0,0.0,0.0,0.0,0.0,0.0,0.0,1.0,0.0,0.0,0.0,0.0,0.0,0.0,0.0,0.0,1.0,19.181540740824733,1.4249541314723937,14.896151307257343,1.1066020522083253,1.2062201e7,2.5246088745832003,2.5246088745832003,1.47280944432229,1.0,4.668586822566238,0.3468189636505343,2.9801432803254317,0.2213882365894258,2.2635871e7,0.7962914252152191,0.7962914252152191,0.35846644734225386,1.0,17.731727468158716,1.3172507180363713,12.982056705959378,0.9644082082934038,1.1439757e7,2.3556610946922,2.3556610946922,1.3614889456544388,1.0,0.7354270163081145,0.05463324242010839,0.441675982892553,0.03281112946549534,2.1719412e7,0.2447263240837072,0.24472593910910242,0.05646803194088896,1.0,13.023776303696284,1.0,0,1.28346288461064e6,8948.569085974013,0.03180994484023437,12960.0,1
3.8016e6,0.00035105142814847377,2.6308063568309802e-5,2.0149736878995346e-5,1.5100367529999767e-6,0.0,0.0,0.0,0.4572918821616034,0.03426980476516202,0.17631623861605816,0.0,0.0,0.0,0.33282698311745573,0.02494230966466691,2.233245e6,-7.455745687876411e-5,-5.58739306489436e-6,7.455745687876411e-5,5.58739306489436e-6,8.04010495630872,0.6025316387460825,0.0,0.0,0.0,0.0,0.0,0.0,0.0,0.0,0.0,0.0,0.16155732026166975,0.012107229626686455,0.16155732026166975,0.012107229626686455,1.105481e6,0.009712342594112815,0.000727850411293744,0.009712342594112815,0.000727850411293744,643.0,7.456201655753141e-5,5.587734770722176e-6,4.3679692893195924e-5,3.273389723378182e-6,266003.0,19.33106153526756,1.4486845941490822,14.969158536352813,1.1218002342719975,2.1568289e7,3.40745864845611,0.25535756741618054,2.108855368066722,0.15803924049557208,8.636415e6,0.16559567487678173,0.012409867022255772,NaN,NaN,111448.0,0.17048720398076492,0.012776441969102022,0.1704872039807653,0.012776441969102052,1.10597e6,0.02278412417536355,0.02278412417536355,0.013229825506279378,1.0,0.1623397791366898,0.012165867695564811,0.16233977913669045,0.012165867695564861,1.10597e6,0.027699149974977737,0.027699149974977737,0.012597584455362732,1.0,0.0,0.0,0.0,0.0,0.0,0.0,0.0,0.0,1.0,0.0,0.0,0.0,0.0,0.0,0.0,0.0,0.0,1.0,19.225679879764265,1.4407872119719562,14.932193270007664,1.1190300288295731,1.2135776e7,2.5693440182511242,2.5693440182511242,1.4919148423453799,1.0,4.672302305062163,0.35014592220929047,2.983407093836032,0.22357881831943197,2.2765034e7,0.7972094268243438,0.7972094268243438,0.3625711652560941,1.0,17.775270550554332,1.3320924231936404,13.017164302848187,0.9755162876409796,1.1509197e7,2.398384283218036,2.398384283218036,1.379362921203591,1.0,0.7383251366458429,0.055330652638008085,0.4437386663310534,0.03325411636444619,2.1839787e7,0.24531556326736761,0.2453152140211084,0.05729411062326083,1.0,12.886579940139438,1.0,0,1.2932185104341975e6,9755.62582355761,0.03504803801949143,12960.0,1
3.8232e6,0.00028531782379910623,2.1612065110388376e-5,2.391674148984597e-5,1.811629457368998e-6,0.0,0.0,0.0,0.4475460289326979,0.03390041949850147,0.17899999693939259,0.0,0.0,0.0,0.33418312699197456,0.0253134816576656,2.246481e6,-8.227563235522005e-5,-6.232159981394623e-6,8.227563235522005e-5,6.232159981394623e-6,8.047073843273036,0.6095444074723273,0.0,0.0,0.0,0.0,0.0,0.0,0.0,0.0,0.0,0.0,0.16223537126197554,0.012288897203248716,0.16223537126197554,0.012288897203248716,1.112099e6,0.009712384468020313,0.0007356872511679283,0.009712384468020313,0.0007356872511679283,644.0,8.228019203398742e-5,6.232505364914975e-6,4.82007768432311e-5,3.651080446487248e-6,334530.0,19.350372048700926,1.4657391363016339,14.981621435808295,1.1348179150485072,2.1691274e7,3.4643606528461977,0.26241609093407836,2.142185057049113,0.16226481162300066,8.710645e6,0.17113929924938462,0.012963346029612915,NaN,NaN,115906.0,0.17116529685497803,0.01296531527898303,0.17116529685497844,0.01296531527898306,1.112588e6,0.02330631716155919,0.02330631716155919,0.013420267993753588,1.0,0.16301783013699545,0.012348166378682489,0.1630178301369961,0.01234816637868254,1.112588e6,0.027831261292776726,0.027831261292776726,0.012781463347983862,1.0,0.0,0.0,0.0,0.0,0.0,0.0,0.0,0.0,1.0,0.0,0.0,0.0,0.0,0.0,0.0,0.0,0.0,1.0,19.300779189942045,1.4619826093583261,14.978580304052237,1.1345875574190887,1.2209908e7,2.6280448755166477,2.6280448755166477,1.5132835567524174,1.0,4.676445406415993,0.3542282822113536,2.986980423554007,0.226255810232024,2.2894202e7,0.7983873538127303,0.7983873538127303,0.3666581472144673,1.0,17.849647639695625,1.352063260016357,13.06210771903454,0.9894198642894786,1.1577551e7,2.4548533454100196,2.4548533454100196,1.3995071391238012,1.0,0.7419285804173507,0.05619911358404252,0.4458924143803413,0.03377516260113294,2.1962081e7,0.24619057553311283,0.24619038101877572,0.05817113961986173,1.0,12.754238360563757,1.0,0,1.302674673957683e6,9456.163523485418,0.034324695519502534,10937.0,1
3.8448e6,0.0027826730533709325,0.0002203474015961729,1.1771426828296196e-5,9.321265074789904e-7,0.0,0.0,0.0,0.0,0.0,0.18931891175582793,0.0,0.0,0.0,0.35518538082310397,0.028125537656861557,2.257809e6,-9.793193403661556e-5,-7.754790729767971e-6,9.793193403661556e-5,7.754790729767971e-6,8.113871394504827,0.6425010931481248,0.0,0.0,0.0,0.0,0.0,0.0,0.0,0.0,0.0,0.0,0.1706643337328329,0.013514143329780171,0.1706643337328329,0.013514143329780171,1.117762e6,0.013856713357435331,0.0010972509973009934,0.013856713357435331,0.0010972509973009934,645.0,9.793649376589375e-5,7.755151794283693e-6,5.7372183138344203e-5,4.543045925973807e-6,400077.0,20.553951263728248,1.6275752366992764,15.754228643619598,1.247506724359269,2.1815535e7,3.9951575295777917,0.3163586104890864,2.4798886247175953,0.19637126037587296,8.782355e6,0.1763749490506098,0.013966341350407535,NaN,NaN,119506.0,0.18373392005580988,0.014549065266698417,0.18373392005581032,0.014549065266698451,1.118252e6,0.027108472469871425,0.027108472469871425,0.014549065266698417,1.0,0.17145146076729295,0.013576472390163052,0.17145146076729365,0.013576472390163106,1.118252e6,0.02931761058443338,0.02931761058443338,0.013576472390163052,1.0,0.0,0.0,0.0,0.0,0.0,0.0,0.0,0.0,1.0,0.0,0.0,0.0,0.0,0.0,0.0,0.0,0.0,1.0,20.979847100615235,1.6613000183062967,16.066913096432433,1.2722668041010716,1.228407e7,3.095408879190002,3.095408879190002,1.6613000183062967,1.0,4.761944307791084,0.3770770171854542,3.038190041711733,0.24058064616522856,2.3023512e7,0.8142761118265768,0.8142761118265768,0.3770770171854542,1.0,19.509128735049977,1.5448404256353225,14.14094031176291,1.1197576553411133,1.1646732e7,2.9104911395287307,2.9104911395287307,1.5448404256353225,1.0,0.8334877502497345,0.06600015758491168,0.5015428157322152,0.03971492666087574,2.2085591e7,0.2767998637535965,0.2767998637535965,0.06600015758491168,1.0,12.628572123898662,1.0,0,1.310999763824068e6,8325.089866385097,0.030519747075607784,9277.0,1
3.8664e6,0.0024245764620344852,0.00017771184049596958,1.1460865040992376e-5,8.400359617455126e-7,0.0,0.0,0.0,0.0,0.0,0.18931891175582793,0.0,0.0,0.0,0.35518538082310397,0.026033679998019338,2.257809e6,-9.793193401740848e-5,-7.17802243405429e-6,9.793193401740848e-5,7.17802243405429e-6,8.159525231773767,0.598060844529965,0.0,0.0,0.0,0.0,0.0,0.0,0.0,0.0,0.0,0.0,0.1706643337328329,0.012509018927466906,0.1706643337328329,0.012509018927466906,1.117762e6,0.013856713357435331,0.0010156421430853164,0.013856713357435331,0.0010156421430853164,645.0,9.793649540322679e-5,7.178356765547512e-6,5.7372184098666195e-5,4.2051535965552705e-6,400077.0,20.81999902328144,1.526023370880604,15.910070733820364,1.1661450965979325,2.1945135e7,3.9951575295777917,0.292829204923009,2.4798886247175953,0.18176600269136592,8.782355e6,0.1763749490506098,0.012927584385961477,NaN,NaN,119506.0,0.18373392005580988,0.013466967780120642,0.18373392005581032,0.013466967780120674,1.118252e6,0.02358680246926756,0.02358680246926756,0.013466967780120642,1.0,0.17145146076729295,0.012566712217898611,0.17145146076729365,0.012566712217898662,1.118252e6,0.029301941276736,0.029301941276736,0.012566712217898611,1.0,0.0,0.0,0.0,0.0,0.0,0.0,0.0,0.0,1.0,0.0,0.0,0.0,0.0,0.0,0.0,0.0,0.0,1.0,21.236735541410546,1.5565685051744764,16.21738996818353,1.1886703778640317,1.236183e7,2.726261357484628,2.726261357484628,1.5565685051744764,1.0,4.780297516505875,0.35037685264985835,3.048940411373148,0.2234752421926111,2.3153111e7,0.8169775660535115,0.8169775660535115,0.35037685264985835,1.0,19.770137733583656,1.4490727013599114,14.293831189503202,1.047681146872892,1.1724492e7,2.5765587941730317,2.5765587941730317,1.4490727013599114,1.0,0.8541186549614102,0.0626035105726335,0.5136277788082743,0.03764687949881488,2.2215191e7,0.2784126692806325,0.2784126692806325,0.0626035105726335,1.0,13.643302861912982,1.0,0,1.310999763824068e6,0.0,0.0,0.0,1
3.888e6,0.0020483185990966134,0.00014562813149518748,1.1144640727979708e-5,7.923441236713097e-7,0.0,0.0,0.0,0.0,0.0,0.18931891175582793,0.0,0.0,0.0,0.35518538082310397,0.025252411107572776,2.257809e6,-9.79319341441918e-5,-6.962610498883491e-6,9.79319341441918e-5,6.962610498883491e-6,8.165250437334944,0.580520122652689,0.0,0.0,0.0,0.0,0.0,0.0,0.0,0.0,0.0,0.0,0.1706643337328329,0.012133624156586238,0.1706643337328329,0.012133624156586238,1.117762e6,0.013856713357435331,0.0009851627944000977,0.013856713357435331,0.0009851627944000977,645.0,9.793649739830855e-5,6.962934929941654e-6,5.7372185265131116e-5,4.078957318281271e-6,400077.0,20.91335096021432,1.486864506811738,15.964752719352191,1.1350368586836783,2.2074735e7,3.9951575295777917,0.28404142125055265,2.4798886247175953,0.17631121784134107,8.782355e6,0.1763749490506098,0.012539628495355814,NaN,NaN,119506.0,0.18373392005580988,0.01306282503210903,0.18373392005581032,0.013062825032109062,1.118252e6,0.022360888167059185,0.022360888167059185,0.01306282503210903,1.0,0.17145146076729295,0.012189586075463662,0.17145146076729365,0.012189586075463712,1.118252e6,0.0293249185800356,0.0293249185800356,0.012189586075463662,1.0,0.0,0.0,0.0,0.0,0.0,0.0,0.0,0.0,1.0,0.0,0.0,0.0,0.0,0.0,0.0,0.0,0.0,1.0,21.326509384286688,1.5162385940927359,16.269976085948926,1.1567371491491152,1.2438672e7,2.595490757454687,2.595490757454687,1.5162385940927359,1.0,4.786643053606589,0.340313213158627,3.052657289459969,0.2170330227706196,2.3282711e7,0.8187035397104274,0.8187035397104274,0.340313213158627,1.0,19.86250922809893,1.4121534154743731,14.347938780323778,1.0200871662774649,1.1801238e7,2.4522841311418886,2.4522841311418886,1.4121534154743731,1.0,0.8629875581429722,0.06135533097799487,0.5188227602576406,0.03688644392860492,2.2344594e7,0.2807854084385305,0.2807854084385305,0.06135533097799487,1.0,14.06540465819479,1.0,0,1.310999763824068e6,0.0,0.0,0.0,1
3.9096e6,0.001667121140324136,0.00011783709160111393,1.0789245835104238e-5,7.626160565217977e-7,0.0,0.0,0.0,0.0,0.0,0.18931891175582793,0.0,0.0,0.0,0.35518538082310397,0.025105561463452514,2.257809e6,-9.79319341544204e-5,-6.922121024381579e-6,9.79319341544204e-5,6.922121024381579e-6,8.16985478702721,0.577469689286974,0.0,0.0,0.0,0.0,0.0,0.0,0.0,0.0,0.0,0.0,0.1706643337328329,0.012063063829428039,0.1706643337328329,0.012063063829428039,1.117762e6,0.013856713357435331,0.0009794338045962373,0.013856713357435331,0.0009794338045962373,645.0,9.793649952889234e-5,6.922443718657856e-6,5.737218652212693e-5,4.055237160060016e-6,400077.0,20.953837143256376,1.481079669090306,15.988470465894371,1.130112751425484,2.2204335e7,3.9951575295777917,0.28238964307189196,2.4798886247175953,0.17528592011891306,8.782355e6,0.1763749490506098,0.012466707142456127,NaN,NaN,119506.0,0.18373392005580988,0.012986861148937686,0.18373392005581032,0.012986861148937717,1.118252e6,0.02211889738005177,0.02211889738005177,0.012986861148937686,1.0,0.17145146076729295,0.012118700314514747,0.17145146076729365,0.012118700314514797,1.118252e6,0.029361285326839293,0.029361285326839293,0.012118700314514747,1.0,0.0,0.0,0.0,0.0,0.0,0.0,0.0,0.0,1.0,0.0,0.0,0.0,0.0,0.0,0.0,0.0,0.0,1.0,21.36557083159868,1.5101822334900494,16.292859291854136,1.151627860975353,1.2512639e7,2.5721046421194833,2.5721046421194833,1.5101822334900494,1.0,4.788831578966079,0.3384888906892612,3.0539392044617695,0.2158615262418339,2.3412295e7,0.8200936273330616,0.8200936273330616,0.3384888906892612,1.0,19.901515194392253,1.4066984169528312,14.370789475211621,1.015770236973654,1.187519e7,2.4288116806685607,2.4288116806685607,1.4066984169528312,1.0,0.866147958774123,0.06122191956508929,0.5206739803377151,0.036802788970358095,2.2472981e7,0.2821704871555396,0.2821704871555396,0.06122191956508929,1.0,14.147677252315827,1.0,0,1.310999763824068e6,0.0,0.0,0.0,1
3.9312e6,0.0013037953151431667,9.283004503685705e-5,1.0846349725148107e-5,7.72258591342184e-7,0.0,0.0,0.0,0.0,0.0,0.18931891175582793,0.0,0.0,0.0,0.35518538082310397,0.025289149696493117,2.257809e6,-9.869975247392999e-5,-7.027408643722173e-6,9.869975247392999e-5,7.027408643722173e-6,8.172356008706473,0.5818706107730925,0.0,0.0,0.0,0.0,0.0,0.0,0.0,0.0,0.0,0.0,0.1706643337328329,0.012151276816686844,0.1706643337328329,0.012151276816686844,1.117762e6,0.013856713357435331,0.0009865960631192273,0.013856713357435331,0.0009865960631192273,645.0,9.870431891378063e-5,7.027733773604195e-6,5.782195944347872e-5,4.116915467416023e-6,444028.0,20.977874450088827,1.4936217421255586,16.002617162355303,1.139384115462865,2.2333935e7,3.9951575295777917,0.28445466024651306,2.4798886247175953,0.17656772504482057,8.782355e6,0.1763749490506098,0.012557871832775841,NaN,NaN,119506.0,0.18373392005580988,0.013081829544468213,0.18373392005581032,0.013081829544468244,1.118252e6,0.022375376142685005,0.022375376142685005,0.013081829544468213,1.0,0.17145146076729295,0.012207320152024822,0.17145146076729365,0.012207320152024873,1.118252e6,0.029397166119794264,0.029397166119794264,0.012207320152024822,1.0,0.0,0.0,0.0,0.0,0.0,0.0,0.0,0.0,1.0,0.0,0.0,0.0,0.0,0.0,0.0,0.0,0.0,1.0,21.388421509624283,1.5228526356437186,16.306310517156675,1.1610070400708659,1.2586079e7,2.604712163278122,2.604712163278122,1.5228526356437186,1.0,4.790182402252392,0.3410603205665156,3.054731243719598,0.21749643953801628,2.3541872e7,0.8213274310579214,0.8213274310579214,0.3410603205665156,1.0,19.924349264080295,1.4186108954621803,14.38423093921263,1.0241552415465123,1.194863e7,2.4580170262115493,2.4580170262115493,1.4186108954621803,1.0,0.8677435666011029,0.06178322120997807,0.52160935659705,0.03713851361648218,2.2602569e7,0.2832411013889436,0.2832411013889436,0.06178322120997807,1.0,14.044971265774034,1.0,0,1.310999763824068e6,0.0,0.0,0.0,1
3.9528e6,0.0009726219712562839,7.040594614148015e-5,1.3373434876999388e-5,9.680732735868965e-7,0.0,0.0,0.0,0.0,0.0,0.18931891175582793,0.0,0.0,0.0,0.35518538082310397,0.02571108152139742,2.257809e6,-0.00010557016573363024,-7.641990025362674e-6,0.00010557016573363024,7.641990025362674e-6,8.174095557493807,0.5917046381677684,0.0,0.0,0.0,0.0,0.0,0.0,0.0,0.0,0.0,0.0,0.1706643337328329,0.012354012395530486,0.1706643337328329,0.012354012395530486,1.117762e6,0.013856713357435331,0.001003056730336244,0.013856713357435331,0.001003056730336244,645.0,0.00010557473217348092,7.64232057981002e-6,6.18465788295787e-5,4.476936596945081e-6,532665.0,21.053553446659507,1.524020013795988,16.107203889322207,1.1659647458474294,2.2463535e7,3.9951575295777917,0.2892005878613505,2.4798886247175953,0.17951363439098153,8.782355e6,0.1763749490506098,0.012767391165885416,NaN,NaN,119506.0,0.18373392005580988,0.013300090746565883,0.18373392005581032,0.013300090746565916,1.118252e6,0.0229985648067495,0.0229985648067495,0.013300090746565883,1.0,0.17145146076729295,0.012410990774831454,0.17145146076729365,0.012410990774831505,1.118252e6,0.029435762982049033,0.029435762982049033,0.012410990774831454,1.0,0.0,0.0,0.0,0.0,0.0,0.0,0.0,0.0,1.0,0.0,0.0,0.0,0.0,0.0,0.0,0.0,0.0,1.0,21.45628499740904,1.5531728570480505,16.403626529568513,1.1874221229796158,1.26605e7,2.6857520967010737,2.6857520967010737,1.5531728570480505,1.0,4.799343531345649,0.34741382794996134,3.0630409083275967,0.22172673412087482,2.3671399e7,0.8239786236051169,0.8239786236051169,0.34741382794996134,1.0,19.993219807226104,1.4472648146372427,14.481374853709358,1.0482745898572654,1.2022976e7,2.533143741696581,2.533143741696581,1.4472648146372427,1.0,0.8766878257739548,0.06346148623869431,0.5289082920249092,0.03828649755257873,2.2731734e7,0.28688902294263496,0.28688902294263496,0.06346148623869431,1.0,13.814486198393078,1.0,0,1.310999763824068e6,0.0,0.0,0.0,1
3.9744e6,0.0006870676588488869,5.056174004519241e-5,1.455744902434112e-5,1.0712918062873948e-6,0.0,0.0,0.0,0.0,0.0,0.18931891175582793,0.0,0.0,0.0,0.35518538082310397,0.026138314999600783,2.257809e6,-0.00011002016736118049,-8.096453137038212e-6,0.00011002016736118049,8.096453137038212e-6,8.175877049627447,0.6016679212019752,0.0,0.0,0.0,0.0,0.0,0.0,0.0,0.0,0.0,0.0,0.1706643337328329,0.012559295385322938,0.1706643337328329,0.012559295385322938,1.117762e6,0.013856713357435331,0.001019724228954698,0.013856713357435331,0.001019724228954698,645.0,0.00011002473380103117,8.096789184211572e-6,6.445338723222713e-5,4.743165201121403e-6,620967.0,21.11395030990153,1.5537888490995744,16.191587887420063,1.191549110395077,2.2593135e7,3.9951575295777917,0.2940061489556061,2.4798886247175953,0.18249655964606887,8.782355e6,0.1763749490506098,0.012979543149101082,NaN,NaN,119506.0,0.18373392005580988,0.013521094442009296,0.18373392005581032,0.01352109444200933,1.118252e6,0.023640370632021523,0.023640370632021523,0.013521094442009296,1.0,0.17145146076729295,0.012617220557591402,0.17145146076729365,0.012617220557591454,1.118252e6,0.029479406908411866,0.029479406908411866,0.012617220557591402,1.0,0.0,0.0,0.0,0.0,0.0,0.0,0.0,0.0,1.0,0.0,0.0,0.0,0.0,0.0,0.0,0.0,0.0,1.0,21.510245952102906,1.5829524940244413,16.481878580146383,1.2129117845860844,1.2734753e7,2.7676445728648877,2.7676445728648877,1.5829524940244413,1.0,4.806901207293484,0.35374287544445443,3.069868360158261,0.22591353849973836,2.3800816e7,0.8264997919771193,0.8264997919771193,0.35374287544445443,1.0,20.047573221416773,1.4753134901684766,14.559414551269272,1.071436450647107,1.2097207e7,2.608333010280362,2.608333010280362,1.4753134901684766,1.0,0.8835618821360754,0.06502187320714922,0.5346241744795714,0.03934332839534363,2.2861111e7,0.29005957489225775,0.29005957489225775,0.06502187320714922,1.0,13.58868698416592,1.0,0,1.310999763824068e6,0.0,0.0,0.0,1
3.996e6,0.0004465108200552807,3.339782092247682e-5,1.5305098749853086e-5,1.144780650970861e-6,0.0,0.0,0.0,0.0,0.0,0.18931891175582793,0.0,0.0,0.0,0.35518538082310397,0.02656692113652055,2.257809e6,-0.0001137961448440049,-8.511648758473042e-6,0.0001137961448440049,8.511648758473042e-6,8.177781908004416,0.6116763210190257,0.0,0.0,0.0,0.0,0.0,0.0,0.0,0.0,0.0,0.0,0.1706643337328329,0.012765237928965086,0.1706643337328329,0.012765237928965086,1.117762e6,0.013856713357435331,0.0010364452785901635,0.013856713357435331,0.0010364452785901635,645.0,0.00011380071132023354,8.51199031874097e-6,6.666535969557337e-5,4.986391471027762e-6,707255.0,21.146291600644258,1.5816863294944474,16.23175830274584,1.2140923191624247,2.2722735e7,3.9951575295777917,0.29882714984018666,2.4798886247175953,0.1854890687436233,8.782355e6,0.1763749490506098,0.013192376755559822,NaN,NaN,119506.0,0.18373392005580988,0.013742808200367685,0.18373392005581032,0.013742808200367718,1.118252e6,0.024297841534155373,0.024297841534155373,0.013742808200367685,1.0,0.17145146076729295,0.012824112936152777,0.17145146076729365,0.01282411293615283,1.118252e6,0.029523488086632833,0.029523488086632833,0.012824112936152777,1.0,0.0,0.0,0.0,0.0,0.0,0.0,0.0,0.0,1.0,0.0,0.0,0.0,0.0,0.0,0.0,0.0,0.0,1.0,21.539333710745197,1.6110848332227972,16.519341078307825,1.235602745354155,1.2808854e7,2.8484632401899725,2.8484632401899725,1.6110848332227972,1.0,4.810665193234486,0.359824952554893,3.0728984229432923,0.22984462331666575,2.3930228e7,0.8283838229527152,0.8283838229527152,0.359824952554893,1.0,20.07669956847253,1.5016836922769288,14.596795548297031,1.0918014566896175,1.2171293e7,2.681965624212185,2.681965624212185,1.5016836922769288,1.0,0.8867523015024098,0.06632671200331734,0.5370287645504234,0.04016832225130284,2.2990386e7,0.2919486917615012,0.2919486917615012,0.06632671200331734,1.0,13.369459674980703,1.0,0,1.310999763824068e6,0.0,0.0,0.0,1
4.0176e6,0.00024641448152920136,1.8723847609686245e-5,1.566542980992458e-5,1.1903404324331663e-6,0.0,0.0,0.0,0.0,0.0,0.18931891175582793,0.0,0.0,0.0,0.35518538082310397,0.026988823475182257,2.257809e6,-0.00011653705869809741,-8.855088850310351e-6,0.00011653705869809741,8.855088850310351e-6,8.179259737330131,0.6215024861015038,0.0,0.0,0.0,0.0,0.0,0.0,0.0,0.0,0.0,0.0,0.1706643337328329,0.012967959339855263,0.1706643337328329,0.012967959339855263,1.117762e6,0.013856713357435331,0.0010529047954715143,0.013856713357435331,0.0010529047954715143,645.0,0.00011654162517432601,8.85543583480772e-6,6.827094032376333e-5,5.18757937788102e-6,797912.0,21.17667336125248,1.6091132405674191,16.27077207687963,1.2363374707883379,2.2852334e7,3.9951575295777917,0.3035727457910805,2.4798886247175953,0.18843477221814217,8.782355e6,0.1763749490506098,0.01340188144664071,NaN,NaN,119506.0,0.18373392005580988,0.013961054149520745,0.18373392005581032,0.013961054149520778,1.118252e6,0.024959201545496336,0.024959201545496336,0.013961054149520745,1.0,0.17145146076729295,0.013027769325661425,0.17145146076729365,0.013027769325661478,1.118252e6,0.029566403094842715,0.029566403094842715,0.013027769325661425,1.0,0.0,0.0,0.0,0.0,0.0,0.0,0.0,0.0,1.0,0.0,0.0,0.0,0.0,0.0,0.0,0.0,0.0,1.0,21.56647191558561,1.6387321521042584,16.555544367695692,1.2579759432661386,1.2882829e7,2.929681786590535,2.929681786590535,1.6387321521042584,1.0,4.814397869926041,0.36582286677908066,3.0760284467934023,0.23373256118469737,2.405915e7,0.8302316436626122,0.8302316436626122,0.36582286677908066,1.0,20.10383170380927,1.5275931790084178,14.632925805568398,1.111885434520777,1.2245258e7,2.755776224588323,2.755776224588323,1.5275931790084178,1.0,0.8898124414352522,0.06761255447018909,0.5394208451480053,0.040987987553980296,2.3119054e7,0.2937432006786344,0.2937432006786344,0.06761255447018909,1.0,13.160461816711534,1.0,0,1.310999763824068e6,0.0,0.0,0.0,1
4.0392e6,0.00010620682055430225,8.18363463429128e-6,1.5790560118275264e-5,1.2167219958600052e-6,0.0,0.0,0.0,0.011294229267361618,0.0008702628072059604,0.18369390157153478,0.0,0.0,0.0,0.35519803849316145,0.027369343651133464,2.260735e6,-0.00011883749179487197,-9.156875317697522e-6,0.00011883749179487197,9.156875317697522e-6,8.180821774761712,0.6303630601452199,0.0,0.0,0.0,0.0,0.0,0.0,0.0,0.0,0.0,0.0,0.1706655789674882,0.01315042419715043,0.1706655789674882,0.01315042419715043,1.119221e6,0.013866880558182162,0.0010684952568323824,0.013866880558182162,0.0010684952568323824,649.0,0.00011884205827110059,9.157227181851125e-6,6.961847170689045e-5,5.364364861629948e-6,885652.0,21.196084153843195,1.6332379360142437,16.291041455275753,1.2552859636157248,2.2981455e7,3.9951621337858536,0.30784225567643686,2.4798913242159353,0.1910849456203771,8.797026e6,0.1763749490506098,0.013590352617080215,NaN,NaN,119506.0,0.18374512297589396,0.014158252214120386,0.1837451229758944,0.014158252214120419,1.119715e6,0.025575008102979527,0.025575008102979527,0.014170584346633637,1.0,0.1714529155172664,0.013211091437012995,0.17145291551726707,0.013211091437013047,1.119715e6,0.02959501342109788,0.02959501342109788,0.013222598572765488,1.0,0.0,0.0,0.0,0.0,0.0,0.0,0.0,0.0,1.0,0.0,0.0,0.0,0.0,0.0,0.0,0.0,0.0,1.0,21.5842618738667,1.6631484880603844,16.57452975750021,1.2771298026120568,1.2956729e7,3.0042575464350896,3.0042575464350896,1.6645971250272777,1.0,4.816292945160487,0.371113470389181,3.0774853806209133,0.2371318133424171,2.4187832e7,0.831355091990892,0.831355091990892,0.3714367179500436,1.0,20.1215975706166,1.5504447070042613,14.651874113856342,1.1289819601945843,1.2318728e7,2.8232348743453266,2.823230115114052,1.5517951766308846,1.0,0.8913717838215867,0.06868354559566789,0.5405593391680515,0.04165212843033437,2.3247128e7,0.2948413056369127,0.29484124581673743,0.06874337039416392,1.0,12.966658147696249,1.0,0,1.3110440015140641e6,44.237689996138215,0.00015794672614923434,1464.0,1
4.0608e6,7.40511648711092e-5,5.7662492682477355e-6,2.5572719482424917e-5,1.991307972795547e-6,0.0,0.0,0.0,0.05916347402869824,0.004606967890630362,0.1821346923891155,0.0,0.0,0.0,0.35522809976755215,0.027661060753209454,2.273677e6,-0.00012065100765776858,-9.394906694997669e-6,0.00012065100765776858,9.394906694997669e-6,8.18125640695714,0.6370617376792803,0.0,0.0,0.0,0.0,0.0,0.0,0.0,0.0,0.0,0.0,0.1706805922628934,0.01329063279359669,0.1706805922628934,0.01329063279359669,1.12537e6,0.013866915241762931,0.0010797951660158828,0.013866915241762931,0.0010797951660158828,650.0,0.00012065557413399721,9.395262279413629e-6,7.068078558368589e-5,5.503803064549943e-6,975024.0,21.20613142856154,1.6512885387440455,16.296932950510254,1.2690168731866238,2.3107892e7,3.995464090771508,0.31112058709436774,2.4800734793149846,0.19311947232959764,8.838535e6,0.1763749490506098,0.013734043518025709,NaN,NaN,119506.0,0.18376013633485924,0.014309116588757243,0.18376013633485963,0.014309116588757274,1.125865e6,0.026069063600321712,0.026069063600321712,0.01437534333391337,1.0,0.17146796343269188,0.01335194416445213,0.17146796343269252,0.01335194416445218,1.125865e6,0.02959839819201498,0.02959839819201498,0.013413740837785045,1.0,0.0,0.0,0.0,0.0,0.0,0.0,0.0,0.0,1.0,0.0,0.0,0.0,0.0,0.0,0.0,0.0,0.0,1.0,21.59383845748222,1.6814786832974715,16.580166325363702,1.2910718164590858,1.302985e7,3.0634018854740535,3.0634018854740535,1.6892610547355305,1.0,4.817259852726119,0.3751125475080606,3.0780652031694347,0.2396841596791577,2.4315799e7,0.8315441115702338,0.8315441115702338,0.3768486772638417,1.0,20.131133828557164,1.5675801442146338,14.657472470198952,1.1413546303121112,1.2389129e7,2.876573696187251,2.876573696187251,1.574835360151883,1.0,0.8921000177208231,0.06946644368579581,0.5409861933107213,0.042125755168601293,2.3372304e7,0.295076656519064,0.29507664191701993,0.06978795455156767,1.0,12.783008521357841,1.0,0,1.3117941202344098e6,750.1187203456648,0.0027167093314925408,6729.0,1
4.0824e6,4.4350042606890096e-5,3.4846510072173598e-6,2.597413958764399e-5,2.040828065892916e-6,0.0,0.0,0.0,0.11593215998581764,0.00910896798102967,0.1821346923891155,0.0,0.0,0.0,0.3554551637990797,0.027928658502813786,2.286407e6,-0.0001220992249038826,-9.593523749527878e-6,0.0001220992249038826,9.593523749527878e-6,8.182395124805115,0.6429033601125085,0.0,0.0,0.0,0.0,0.0,0.0,0.0,0.0,0.0,0.0,0.1707941242786573,0.013419556830413688,0.1707941242786573,0.013419556830413688,1.131735e6,0.013866915241762931,0.0010895448419862373,0.013866915241762931,0.0010895448419862373,650.0,0.00012210379138011116,9.59388254458317e-6,7.15291159548466e-5,5.6201525704667555e-6,1.069225e6,21.214182978153087,1.666830959721105,16.301667073183612,1.2808470352419952,2.3235332e7,4.000294985051619,0.3143093248496915,2.482986318965519,0.1950920510715793,8.935356e6,0.1763749490506098,0.013858050809665618,NaN,NaN,119506.0,0.18387366835062302,0.014447236709513474,0.18387366835062344,0.014447236709513507,1.13223e6,0.026536258732558413,0.026536258732558413,0.01458004588060182,1.0,0.1715814954484557,0.013481421793300231,0.1715814954484563,0.01348142179330028,1.13223e6,0.029592768539510473,0.029592768539510473,0.013605352513718312,1.0,0.0,0.0,0.0,0.0,0.0,0.0,0.0,0.0,1.0,0.0,0.0,0.0,0.0,0.0,0.0,0.0,0.0,1.0,21.606039515000067,1.6976197300479323,16.58759957273454,1.303313191168563,1.3103289e7,3.1181379035884125,3.1181379035884125,1.7132254457778076,1.0,4.818368681257561,0.3785866324214138,3.078868822018584,0.24191145512158743,2.4443461e7,0.8310270798713025,0.8310270798713025,0.38206686728209877,1.0,20.143300229860273,1.5826900563960087,14.664701013970816,1.1522280961898306,1.2460698e7,2.9267001459972652,2.9267001459972652,1.5972392576520045,1.0,0.8926865644734466,0.07013975530067543,0.5413306066611469,0.04253317771212901,2.3497815e7,0.2946119560936101,0.29461193280686093,0.07078452931172821,1.0,12.61132302712845,1.0,0,1.313715711199712e6,1921.5909653021954,0.007054180160047243,8640.0,1
4.104e6,2.1781697864759765e-5,1.7279025146011332e-6,2.665446878820189e-5,2.114450578207918e-6,0.0,0.0,0.0,0.15351181165598154,0.012177813090066549,0.17989354990080542,0.0,0.0,0.0,0.3560508293879523,0.028244865356461375,2.299951e6,-0.00012329349028938715,-9.780648562280115e-6,0.00012329349028938715,9.780648562280115e-6,8.184709839976318,0.6492781601133322,0.0,0.0,0.0,0.0,0.0,0.0,0.0,0.0,0.0,0.0,0.17109147532953306,0.013572375867310676,0.17109147532953306,0.013572375867310676,1.138506e6,0.013867878728884673,0.001100113621839905,0.013867878728884673,0.001100113621839905,652.0,0.00012329805676561585,9.78101081254212e-6,7.222868789095907e-5,5.7297705719739615e-6,1.122658e6,21.220322877781285,1.6833696568938539,16.30531114133687,1.293470706342505,2.336248e7,4.020753008749761,0.31895903053769625,2.4951342294977548,0.1979344648055094,9.035469e6,0.1763749490506098,0.013991504237613143,NaN,NaN,119506.0,0.18417151120048714,0.014609991346729311,0.18417151120048758,0.014609991346729346,1.139002e6,0.027091282816395154,0.027091282816395154,0.014790102449947709,1.0,0.17187931818746408,0.013634874009731979,0.17187931818746474,0.013634874009732031,1.139002e6,0.029595168011119354,0.029595168011119354,0.01380296392449339,1.0,0.0,0.0,0.0,0.0,0.0,0.0,0.0,0.0,1.0,0.0,0.0,0.0,0.0,0.0,0.0,0.0,0.0,1.0,21.63236669048292,1.7160563438781997,16.60351477637455,1.3171266588786223,1.3175903e7,3.182080443276988,3.182080443276988,1.7372117842850845,1.0,4.819709709478584,0.38233881391446767,3.0798728829244935,0.24432071972070613,2.4572221e7,0.8298852946418385,0.8298852946418385,0.38705226404205895,1.0,20.169535543466093,1.6000126069270668,14.680280782479949,1.1645600006295727,1.2531686e7,2.98564654943043,2.98564654943043,1.6197374670558506,1.0,0.8934310665302183,0.07087426315732541,0.5417672817897198,0.04297741408155384,2.3620749e7,0.2938497687085859,0.29384971135100973,0.07174799685258285,1.0,12.452348577283741,1.0,0,1.3166541370978977e6,2938.4258981856983,0.010924705101436373,8932.0,1
4.1256e6,1.6119355741468146e-5,1.288597078315225e-6,2.7260142297334153e-5,2.1792024620707756e-6,0.0,0.0,0.0,0.19739324818221815,0.01577980950146779,0.17186580107219085,0.0,0.0,0.0,0.35654408140705407,0.028502482913121054,2.321741e6,-0.00012426773130920613,-9.934084095058238e-6,0.00012426773130920613,9.934084095058238e-6,8.186519102406253,0.6544383513910628,0.0,0.0,0.0,0.0,0.0,0.0,0.0,0.0,0.0,0.0,0.17133473672216443,0.013696666584888004,0.17133473672216443,0.013696666584888004,1.149399e6,0.01387460796272449,0.0011091497433449867,0.01387460796272449,0.0011091497433449867,654.0,0.0001242722977854348,9.934449143638395e-6,7.279937474969153e-5,5.819653285788429e-6,1.146245e6,21.22342149744652,1.6966210915679707,16.307206146439217,1.3036140235882503,2.3486187e7,4.058906803856329,0.32447298344236924,2.517729800103715,0.20126978499857395,9.119794e6,0.1763749490506098,0.014099586092633265,NaN,NaN,119506.0,0.18441882179541919,0.014742621154551737,0.18441882179541969,0.014742621154551777,1.149897e6,0.02760464128360875,0.02760464128360875,0.014978986711382368,1.0,0.17212525961163366,0.01375986175856922,0.17212525961163438,0.013759861758569277,1.149897e6,0.029531544665436102,0.029531544665436102,0.013980470926530682,1.0,0.0,0.0,0.0,0.0,0.0,0.0,0.0,0.0,1.0,0.0,0.0,0.0,0.0,0.0,0.0,0.0,0.0,1.0,21.673350966235216,1.7325888937697371,16.627987722007642,1.329257616774263,1.3249229e7,3.2441649556809993,3.2441649556809993,1.7603671520822362,1.0,4.820995990287004,0.3853951390669806,3.0808089737196465,0.2462828853742317,2.4698101e7,0.8271386706418443,0.8271386706418443,0.391574103831144,1.0,20.21041162573016,1.6156400907181632,14.704613195103832,1.1755011741704073,1.2602837e7,3.0429471559326897,3.0429471559326897,1.641543331782089,1.0,0.894483562899832,0.07150589168948604,0.5424746832009697,0.04336595724073766,2.3741017e7,0.29225660429765254,0.29225658570340435,0.07265233164264442,1.0,12.311835596681673,1.0,0,1.3203806147425415e6,3726.4776446437463,0.014012704427636278,13055.0,1
4.1472e6,1.2272199689886218e-5,9.874538484671005e-7,2.7743415623115285e-5,2.232309057784038e-6,0.0,0.0,0.0,0.22974789360696493,0.018486126974153798,0.17186580107219085,0.0,0.0,0.0,0.3577525134216245,0.02878571935788281,2.347661e6,-0.00012504377721945725,-1.0061355108487533e-5,0.00012504377721945725,1.0061355108487533e-5,8.189208813898679,0.6589255360511432,0.0,0.0,0.0,0.0,0.0,0.0,0.0,0.0,0.0,0.0,0.17193895272945006,0.013834665737554706,0.17193895272945006,0.013834665737554706,1.162359e6,0.01387460796272449,0.00111638788277341,0.01387460796272449,0.00111638788277341,654.0,0.00012504834369568584,1.0061722539318176e-5,7.325396399224178e-5,5.894208902029381e-6,1.169561e6,21.226544276410717,1.7079442451276965,16.309052873480002,1.3122697993615002,2.3609301e7,4.11224620198926,0.33088227380662516,2.549428318916385,0.20513378762730478,9.164274e6,0.17681999324665593,0.014227407248044539,NaN,NaN,120283.0,0.18502303780270438,0.014887446044731707,0.1850230378027049,0.01488744604473175,1.162857e6,0.028120545840822648,0.028120545840822648,0.015167840673342857,1.0,0.17272947561891885,0.013898273313151003,0.17272947561891958,0.01389827331315106,1.162857e6,0.02953397193148485,0.02953397193148485,0.014160037565546481,1.0,0.0,0.0,0.0,0.0,0.0,0.0,0.0,0.0,1.0,0.0,0.0,0.0,0.0,0.0,0.0,0.0,0.0,1.0,21.729358815649373,1.748402041153099,16.662041824842305,1.3406722298382736,1.332411e7,3.3025153944273886,3.3025153944273886,1.7813319701361554,1.0,4.8233812729154355,0.38810209423903597,3.082982893959501,0.24806500874553267,2.4825328e7,0.8247208915484681,0.8247208915484681,0.39541172560565124,1.0,20.266373285307598,1.6306863317698643,14.738194284577531,1.1858743365914737,1.2675518e7,3.09669257600921,3.09669257600921,1.661399167739449,1.0,0.8966572741149416,0.07214743065259134,0.5439127723467261,0.043764669240740184,2.3864224e7,0.2910306085779459,0.2910305644960179,0.07350627702303651,1.0,12.198376933631579,1.0,0,1.3250463168089602e6,4665.702066418715,0.017707661148068488,15120.0,1
4.1688e6,0.0006664913540817164,5.473004615931926e-5,1.7157059445170336e-5,1.4088804748054217e-6,0.0,0.0,0.0,0.06581025553301749,0.00540411859961958,0.183160431776895,0.0,0.0,0.0,0.3742486351353711,0.0307320491865072,2.371327e6,-0.00012583701808346496,-1.0333316052911211e-5,0.00012583701808346496,1.0333316052911211e-5,8.200821288514247,0.6734240810716998,0.0,0.0,0.0,0.0,0.0,0.0,0.0,0.0,0.0,0.0,0.18016404791555207,0.014794470473294423,0.18016404791555207,0.014794470473294423,1.174191e6,0.013920539304266224,0.0011431082399182898,0.013920539304266224,0.0011431082399182898,658.0,0.00012586594483923229,1.0335691421576821e-5,7.373298543709564e-5,6.054706744090623e-6,1.194748e6,21.334468367124657,1.7519153569906758,16.43983661126577,1.3499845287954424,2.3734963e7,4.351331226056833,0.35731680148303785,2.695001346717592,0.22130451835868403,9.205816e6,0.18709423711553996,0.01536355448689087,NaN,NaN,120691.0,0.19328872541629696,0.015872225197407285,0.19328872541629738,0.01587222519740732,1.17469e6,0.030498181112801812,0.030498181112801812,0.01595846664381855,1.0,0.18095990971907308,0.014859823989099828,0.18095990971907372,0.01485982398909988,1.17469e6,0.03098929059309212,0.03098929059309212,0.014940564571992148,1.0,0.0,0.0,0.0,0.0,0.0,0.0,0.0,0.0,1.0,0.0,0.0,0.0,0.0,0.0,0.0,0.0,0.0,1.0,22.024837003259105,1.8086061258824087,16.915196151901892,1.3890194681715622,1.3400118e7,3.475202531645956,3.475202531645956,1.8184331543138008,1.0,4.8976365536723,0.40217757216575956,3.1318585656677262,0.25717777554611526,2.4954203e7,0.8387177171823279,0.8387177171823279,0.404362796676272,1.0,20.557085369929016,1.6880792591036942,14.985772024406446,1.2305815966042395,1.2749482e7,3.2580674812071386,3.2580674812071386,1.6972514070004963,1.0,0.9520182926915405,0.07817656565899882,0.5788935824347452,0.04753680943339403,2.3988646e7,0.3095683193911554,0.3095663031177075,0.07860133660409596,1.0,12.111986052943662,1.0,0,1.3294919033926895e6,4445.586583729368,0.016992604911492112,14356.0,1
4.1904e6,0.0015767172358346748,0.00011880519637952967,1.7607948177799665e-5,1.3267538995326976e-6,0.0,0.0,0.0,0.0,0.0,0.18931891175582793,0.0,0.0,0.0,0.4232604532722929,0.031892555068115044,2.373089e6,-0.00012935464525117073,-9.746835819635279e-6,0.00012935464525117073,9.746835819635279e-6,9.271466877496591,0.6986023987517214,0.0,0.0,0.0,0.0,0.0,0.0,0.0,0.0,0.0,0.0,0.20454559125539054,0.015412452268145149,0.20454559125539054,0.015412452268145149,1.175062e6,0.01416927076151112,0.001067650531824697,0.01416927076151112,0.001067650531824697,667.0,0.00012938357336769203,9.749015545007777e-6,7.579306691846046e-5,5.7109860885662944e-6,1.197755e6,23.023948704333694,1.734848002598607,17.514689816591577,1.3197269084745993,2.3864323e7,4.487648454006412,0.33814303778970556,2.783467078925278,0.20973345468162796,9.220521e6,0.1894071733829445,0.01427177677647448,NaN,NaN,120814.0,0.21773886200152887,0.016406561475718763,0.21773886200152928,0.016406561475718794,1.175563e6,0.029338285031213482,0.029338285031213482,0.016406561475718763,1.0,0.20552159127076297,0.015485993592396203,0.20552159127076358,0.01548599359239625,1.175563e6,0.03514254035032252,0.03514254035032252,0.015485993592396203,1.0,0.0,0.0,0.0,0.0,0.0,0.0,0.0,0.0,1.0,0.0,0.0,0.0,0.0,0.0,0.0,0.0,0.0,1.0,23.696881910403672,1.785553328753761,18.018181349681445,1.3576648526440915,1.3477501e7,3.1929342766269624,3.1929342766269624,1.785553328753761,1.0,5.0838747089035765,0.3830685169370119,3.2242291960333422,0.2429447551542585,2.5083744e7,0.869301716617469,0.869301716617469,0.3830685169370119,1.0,22.30966642827996,1.6810270357515882,16.092017858955224,1.212528980102134,1.2826685e7,3.023087214873436,3.023087214873436,1.6810270357515882,1.0,1.0440545589762882,0.07866921480341271,0.6332406083556403,0.0477145001788216,2.4117624e7,0.33408834576059043,0.33408834576059043,0.07866921480341271,1.0,13.271450103897523,1.0,0,1.3296750641347894e6,183.16074209986255,0.0006389402755328495,1040.0,1
4.212e6,0.0013424486212624239,9.679360914131822e-5,1.733027630737031e-5,1.2495524704917084e-6,0.0,0.0,0.0,0.0,0.0,0.18931891175582793,0.0,0.0,0.0,0.4232604532722929,0.03051804458668131,2.373089e6,-0.00012935464519698642,-9.326765113764032e-6,0.00012935464519698642,9.326765113764032e-6,9.258701347539514,0.6675734960695742,0.0,0.0,0.0,0.0,0.0,0.0,0.0,0.0,0.0,0.0,0.20454559125539054,0.014748203914825155,0.20454559125539054,0.014748203914825155,1.175062e6,0.01416927076151112,0.001021636757030952,0.01416927076151112,0.001021636757030952,667.0,0.0001293835749254076,9.328851013202576e-6,7.579306783689974e-5,5.464853155368679e-6,1.197755e6,23.123328327401158,1.6672447412282116,17.572903899862812,1.2670464736011409,2.3993923e7,4.487648454006412,0.3235696946168826,2.783467078925278,0.20069432842938806,9.220521e6,0.1894071733829445,0.01365668943944394,NaN,NaN,120814.0,0.21773886200152887,0.015699468843457135,0.21773886200152928,0.015699468843457166,1.175563e6,0.02703546295087777,0.02703546295087777,0.015699468843457135,1.0,0.20552159127076297,0.014818575743224099,0.20552159127076358,0.014818575743224142,1.175563e6,0.03534920373432121,0.03534920373432121,0.014818575743224099,1.0,0.0,0.0,0.0,0.0,0.0,0.0,0.0,0.0,1.0,0.0,0.0,0.0,0.0,0.0,0.0,0.0,0.0,1.0,23.793399007909986,1.7155583664343936,18.07471874099956,1.3032284688186757,1.3555261e7,2.954298334439194,2.954298334439194,1.7155583664343936,1.0,5.09075979181404,0.36705539840907075,3.228262118230716,0.2327650658122765,2.5213344e7,0.8755980524024146,0.8755980524024146,0.36705539840907075,1.0,22.408413535763145,1.615697753272663,16.149861504891682,1.1644418694555978,1.2904445e7,2.7995709108986793,2.7995709108986793,1.615697753272663,1.0,1.051895544800549,0.07584406926886406,0.6378335044864676,0.04598925124780005,2.4247224e7,0.336585741592311,0.336585741592311,0.07584406926886406,1.0,13.869186542083115,1.0,0,1.3296750641347894e6,0.0,0.0,0.0,1
4.2336e6,0.0011262142810968235,7.999012583960023e-5,1.6945344644115985e-5,1.2035544862369766e-6,0.0,0.0,0.0,0.0,0.0,0.18931891175582793,0.0,0.0,0.0,0.4232604532722929,0.030062358015211666,2.373089e6,-0.00012935464531924597,-9.187500576663147e-6,0.00012935464531924597,9.187500576663147e-6,9.251384751369267,0.6570858165036578,0.0,0.0,0.0,0.0,0.0,0.0,0.0,0.0,0.0,0.0,0.20454559125539054,0.01452798802064513,0.20454559125539054,0.01452798802064513,1.175062e6,0.01416927076151112,0.0010063819739213563,0.01416927076151112,0.0010063819739213563,667.0,0.00012938357718561818,9.189555481906965e-6,7.579306916229194e-5,5.383253650590167e-6,1.197755e6,23.180486082686123,1.64640959531373,17.606385502855264,1.2505053572774107,2.412352e7,4.487648454006412,0.3187382459848233,2.783467078925278,0.19769761905059313,9.220521e6,0.1894071733829445,0.013452771722153435,NaN,NaN,120814.0,0.21773886200152887,0.01546504893785507,0.21773886200152928,0.0154650489378551,1.175563e6,0.02623021209993336,0.02623021209993336,0.01546504893785507,1.0,0.20552159127076297,0.014597309077356523,0.20552159127076358,0.014597309077356567,1.175563e6,0.03557438238791519,0.03557438238791519,0.014597309077356523,1.0,0.0,0.0,0.0,0.0,0.0,0.0,0.0,0.0,1.0,0.0,0.0,0.0,0.0,0.0,0.0,0.0,0.0,1.0,23.849709302353034,1.6939416240354794,18.10770396238555,1.2861118376218867,1.3631947e7,2.873088100910903,2.873088100910903,1.6939416240354794,1.0,5.093025871736122,0.3617355837361181,3.229589433056223,0.22938375893157467,2.5342942e7,0.8815679596115522,0.8815679596115522,0.3617355837361181,1.0,22.465727717621448,1.5956434023022645,16.18343475921153,1.149439324855265,1.2981126e7,2.722808025854635,2.722808025854635,1.5956434023022645,1.0,1.0548636205790347,0.07492239724713545,0.6395720392959785,0.04542603371798013,2.4376382e7,0.33877442455968276,0.33877442455968276,0.07492239724713545,1.0,14.079416293895559,1.0,0,1.3296750641347894e6,0.0,0.0,0.0,1
4.2552e6,0.0009293110489215644,6.599395039615151e-5,1.645249496227046e-5,1.1683549202315037e-6,0.0,0.0,0.0,0.0,0.0,0.18931891175582793,0.0,0.0,0.0,0.4232604532722929,0.030057352046248906,2.373089e6,-0.00012935464514244569,-9.18597066606366e-6,0.00012935464514244569,9.18597066606366e-6,9.247313759034226,0.6566873020820628,0.0,0.0,0.0,0.0,0.0,0.0,0.0,0.0,0.0,0.0,0.20454559125539054,0.0145255688272776,0.20454559125539054,0.0145255688272776,1.175062e6,0.01416927076151112,0.0010062143916936554,0.01416927076151112,0.0010062143916936554,667.0,0.00012938357944527608,9.188025402147937e-6,7.579307049394168e-5,5.382357328424888e-6,1.197755e6,23.21319147089977,1.6484579713591938,17.62554265637135,1.2516575468672793,2.4253119e7,4.487648454006412,0.3186851698500159,2.783467078925278,0.19766469854101504,9.220521e6,0.1894071733829445,0.01345053157327123,NaN,NaN,120814.0,0.21773886200152887,0.015462473705567857,0.21773886200152928,0.015462473705567886,1.175563e6,0.026111778421167832,0.026111778421167832,0.015462473705567857,1.0,0.20552159127076297,0.014594878340680973,0.20552159127076358,0.014594878340681017,1.175563e6,0.035791896734409814,0.035791896734409814,0.014594878340680973,1.0,0.0,0.0,0.0,0.0,0.0,0.0,0.0,0.0,1.0,0.0,0.0,0.0,0.0,0.0,0.0,0.0,0.0,1.0,23.882061887209016,1.6959570311482606,18.126654436167172,1.2872434209157473,1.3705486e7,2.8639954416361397,2.8639954416361397,1.6959570311482606,1.0,5.093727847358064,0.36172519769364736,3.2300006393615135,0.22937476340233692,2.547254e7,0.8870804277962158,0.8870804277962158,0.36172519769364736,1.0,22.49835923969843,1.5976949863906884,16.202548606199617,1.1506052685477322,1.3054661e7,2.713520773266423,2.713520773266423,1.5976949863906884,1.0,1.0559437410275425,0.07498662471232484,0.6402047357615994,0.04546339960582802,2.4504528e7,0.3407512114495129,0.3407512114495129,0.07498662471232484,1.0,14.08176118179096,1.0,0,1.3296750641347894e6,0.0,0.0,0.0,1
4.2768e6,0.0007520797576507342,5.4141042224700884e-5,1.607084869110913e-5,1.1569151924657827e-6,0.0,0.0,0.0,0.0,0.0,0.18931891175582793,0.0,0.0,0.0,0.4232604532722929,0.030469856208127494,2.373089e6,-0.00012964696340572322,-9.333081563023849e-6,0.00012964696340572322,9.333081563023849e-6,9.244909759238666,0.6655265542606661,0.0,0.0,0.0,0.0,0.0,0.0,0.0,0.0,0.0,0.0,0.20454559125539054,0.014724916314231418,0.20454559125539054,0.014724916314231418,1.175062e6,0.01416927076151112,0.0010200235796646085,0.01416927076151112,0.0010200235796646085,667.0,0.00012967589831239013,9.335164541574572e-6,7.596431255924524e-5,5.468551722077395e-6,1.23046e6,23.244761337863977,1.6733539126588666,17.658365944095674,1.27119806971655,2.4382718e7,4.487648454006412,0.32305877397488497,2.783467078925278,0.20037742954536913,9.220521e6,0.1894071733829445,0.013635125354018,NaN,NaN,120814.0,0.21773886200152887,0.015674679183504528,0.21773886200152928,0.01567467918350456,1.175563e6,0.026625471457033936,0.026625471457033936,0.015674679183504528,1.0,0.20552159127076297,0.014795177024622892,0.20552159127076358,0.014795177024622935,1.175563e6,0.035977243272588874,0.035977243272588874,0.014795177024622892,1.0,0.0,0.0,0.0,0.0,0.0,0.0,0.0,0.0,1.0,0.0,0.0,0.0,0.0,0.0,0.0,0.0,0.0,1.0,23.91157440300297,1.7213567394181504,18.157783074125792,1.3071503256437151,1.3780306e7,2.923947227001804,2.923947227001804,1.7213567394181504,1.0,5.096637412604494,0.36689893399305584,3.2321627180498127,0.2326783248915808,2.560211e7,0.8921834583495394,0.8921834583495394,0.36689893399305584,1.0,22.527998582549927,1.6217552860427615,16.23371119083405,1.1686394083946499,1.3129076e7,2.7695552702744073,2.7695552702744073,1.6217552860427615,1.0,1.05869070986415,0.07621348379950982,0.6420660685368089,0.04622132928598591,2.4633834e7,0.34306540141444664,0.34306540141444664,0.07621348379950982,1.0,13.891120797589878,1.0,0,1.3296750641347894e6,0.0,0.0,0.0,1
4.2984e6,0.0005952409182028903,4.365075024269477e-5,1.5684352132600122e-5,1.150179224448486e-6,0.0,0.0,0.0,0.0,0.0,0.18931891175582793,0.0,0.0,0.0,0.4232604532722929,0.031038921835513236,2.373089e6,-0.00013006083616562568,-9.537739933877757e-6,0.00013006083616562568,9.537739933877757e-6,9.243196587651711,0.6778305276959945,0.0,0.0,0.0,0.0,0.0,0.0,0.0,0.0,0.0,0.0,0.20454559125539054,0.014999923970431827,0.20454559125539054,0.014999923970431827,1.175062e6,0.01416927076151112,0.0010390738946495298,0.01416927076151112,0.0010390738946495298,667.0,0.00013008977107229275,9.539861814860054e-6,7.620676260251129e-5,5.588463863018079e-6,1.290349e6,23.315533905705056,1.7097960106064352,17.756982764667725,1.3021712654843878,2.4512318e7,4.487648454006412,0.3290923319489934,2.783467078925278,0.2041197480807537,9.220521e6,0.1894071733829445,0.013889779695379734,NaN,NaN,120814.0,0.21773886200152887,0.015967424941236458,0.21773886200152928,0.015967424941236485,1.175563e6,0.027400287691047527,0.027400287691047527,0.015967424941236458,1.0,0.20552159127076297,0.015071496894276702,0.20552159127076358,0.015071496894276745,1.175563e6,0.036124409761395616,0.036124409761395616,0.015071496894276702,1.0,0.0,0.0,0.0,0.0,0.0,0.0,0.0,0.0,1.0,0.0,0.0,0.0,0.0,0.0,0.0,0.0,0.0,1.0,23.97613930341876,1.758240128513578,18.25030662344029,1.3383481409133444,1.385563e7,3.0171605959329986,3.0171605959329986,1.758240128513578,1.0,5.105141159257852,0.37437487054696855,3.2393945257360746,0.23755423569899914,2.5731586e7,0.8973276724187765,0.8973276724187765,0.37437487054696855,1.0,22.59273038588518,1.6567907232457233,16.326270292953307,1.1972529528111524,1.3204294e7,2.857220966415735,2.857220966415735,1.6567907232457233,1.0,1.0662792452755918,0.07819336272280472,0.6478198402730038,0.047506515740540364,2.4762875e7,0.3466371965321994,0.3466371965321994,0.07819336272280472,1.0,13.636441868545148,1.0,0,1.3296750641347894e6,0.0,0.0,0.0,1
4.32e6,0.00045954984052266716,3.4364882715963676e-5,1.5254689786538006e-5,1.1407372588500122e-6,0.0,0.0,0.0,0.0,0.0,0.18931891175582793,0.0,0.0,0.0,0.4232604532722929,0.0316511824233579,2.373089e6,-0.0001304611825098304,-9.75581501853468e-6,0.0001304611825098304,9.75581501853468e-6,9.242928790553211,0.6911810990470749,0.0,0.0,0.0,0.0,0.0,0.0,0.0,0.0,0.0,0.0,0.20454559125539054,0.01529580609921293,0.20454559125539054,0.01529580609921293,1.175062e6,0.01416927076151112,0.0010595702249319907,0.01416927076151112,0.0010595702249319907,667.0,0.00013049011742946554,9.757978755809676e-6,7.644128607564808e-5,5.716237062903524e-6,1.347817e6,23.37354978438392,1.7478611157443593,17.83916420915488,1.3340028256808552,2.4641917e7,4.487648454006412,0.33558386750174346,2.783467078925278,0.20814612752823944,9.220521e6,0.1894071733829445,0.014163763589742846,NaN,NaN,120814.0,0.21773886200152887,0.016282391583206008,0.21773886200152928,0.01628239158320604,1.175563e6,0.028282077575565917,0.028282077575565917,0.016282391583206008,1.0,0.20552159127076297,0.015368790840151813,0.20552159127076358,0.015368790840151858,1.175563e6,0.036225562429947976,0.036225562429947976,0.015368790840151813,1.0,0.0,0.0,0.0,0.0,0.0,0.0,0.0,0.0,1.0,0.0,0.0,0.0,0.0,0.0,0.0,0.0,0.0,1.0,24.028348272345756,1.7968265842467666,18.32701843143162,1.370484294398068,1.3930943e7,3.121039595799974,3.121039595799974,1.7968265842467666,1.0,5.112697060430427,0.3823246563291488,3.2457302007602395,0.24271390791895017,2.5860982e7,0.901172112393923,0.901172112393923,0.3823246563291488,1.0,22.644972360965394,1.693378499284738,16.402989037583826,1.2266064412658682,1.3279508e7,2.9547363100157193,2.9547363100157193,1.693378499284738,1.0,1.0727956581705331,0.08022306553146764,0.6527697478436759,0.0488137604392676,2.4892023e7,0.3493212813901776,0.3493212813901776,0.08022306553146764,1.0,13.37265848747362,1.0,0,1.3296750641347894e6,0.0,0.0,0.0,1
4.3416e6,0.0003413948602619715,2.6026395224216524e-5,1.4797149551911215e-5,1.128067546577468e-6,0.0,0.0,0.0,0.0,0.0,0.18931891175582793,0.0,0.0,0.0,0.4232604532722929,0.03226745660784867,2.373089e6,-0.00013081413889911962,-9.972676440680703e-6,0.00013081413889911962,9.972676440680703e-6,9.243655317460481,0.7046943425687409,0.0,0.0,0.0,0.0,0.0,0.0,0.0,0.0,0.0,0.0,0.20454559125539054,0.015593627845770014,0.20454559125539054,0.015593627845770014,1.175062e6,0.01416927076151112,0.0010802009163085875,0.01416927076151112,0.0010802009163085875,667.0,0.00013084307381875485,9.974882307674803e-6,7.664804617814027e-5,5.8432992853656305e-6,1.407256e6,23.43200229195176,1.7863495428053935,17.9182570452791,1.3660066212821165,2.4771516e7,4.487648454006412,0.34211795749265234,2.783467078925278,0.2121989013956294,9.220521e6,0.1894071733829445,0.01443954355078301,NaN,NaN,120814.0,0.21773886200152887,0.016599422949057745,0.21773886200152928,0.016599422949057776,1.175563e6,0.02921776923926882,0.02921776923926882,0.016599422949057745,1.0,0.20552159127076297,0.015668033658790843,0.20552159127076358,0.015668033658790888,1.175563e6,0.036281409236479975,0.036281409236479975,0.015668033658790843,1.0,0.0,0.0,0.0,0.0,0.0,0.0,0.0,0.0,1.0,0.0,0.0,0.0,0.0,0.0,0.0,0.0,0.0,1.0,24.080760264064406,1.8358079071583548,18.400729506310174,1.4027881327142437,1.4006133e7,3.2313299060810174,3.2313299060810174,1.8358079071583548,1.0,5.120261604399696,0.3903455138874325,3.251910378280991,0.24791089319249549,2.5990258e7,0.9038967902030259,0.9038967902030259,0.3903455138874325,1.0,22.69737488749758,1.7303448825237675,16.47670230216474,1.2561090280586913,1.3354549e7,3.058208304880553,3.058208304880553,1.7303448825237675,1.0,1.0791512486929296,0.08226959504790632,0.6575806425066403,0.05013096471499065,2.5020755e7,0.3513851933717499,0.3513851933717499,0.08226959504790632,1.0,13.117254899146278,1.0,0,1.3296750641347894e6,0.0,0.0,0.0,1
4.3632e6,0.0002523130721022274,1.9520450815746322e-5,1.434918783846381e-5,1.1101391343416065e-6,0.0,0.0,0.0,0.023831266283325592,0.0018437295281004355,0.18154985730747464,0.0,0.0,0.0,0.42337874790923247,0.03275511631694597,2.379035e6,-0.00013100642858202135,-1.0135442148815069e-5,0.00013100642858202135,1.0135442148815069e-5,9.24310619679059,0.7151020690123726,0.0,0.0,0.0,0.0,0.0,0.0,0.0,0.0,0.0,0.0,0.20460003910879884,0.015829084743991844,0.20460003910879884,0.015829084743991844,1.178031e6,0.014178669691634407,0.0010969468289622525,0.014178669691634407,0.0010969468289622525,671.0,0.00013103536350165642,1.0137680727541442e-5,7.676068719100679e-5,5.938666619254044e-6,1.461658e6,23.48117073450308,1.8166440390900498,17.984776266854983,1.391410035256137,2.4901075e7,4.487807894804011,0.34720370431519304,2.783569774545262,0.21535363357707374,9.279183e6,0.1894071733829445,0.014653673633973657,NaN,NaN,120814.0,0.2177987398535492,0.016850215304422204,0.2177987398535496,0.016850215304422236,1.178536e6,0.030028351761150724,0.030028351761150724,0.016881339929323797,1.0,0.20558000805568225,0.015904901012523683,0.20558000805568288,0.015904901012523735,1.178536e6,0.036243212405746635,0.036243212405746635,0.015934279514172967,1.0,0.0,0.0,0.0,0.0,0.0,0.0,0.0,0.0,1.0,0.0,0.0,0.0,0.0,0.0,0.0,0.0,0.0,1.0,24.124503178155404,1.8664160910089491,18.462349006215874,1.4283579234173116,1.4081017e7,3.3260939341694913,3.3260939341694913,1.869863613767172,1.0,5.127043819086103,0.3966588249541707,3.257652859881218,0.25203154119704957,2.6119304e7,0.9038842828451382,0.9038842828451382,0.3973915074105999,1.0,22.74106803288165,1.759385260283105,16.53828491824194,1.279500798882671,1.3429192e7,3.147467260008395,3.1474672493840945,1.7626350826322195,1.0,1.084641811124494,0.08391438838404436,0.66191500676277,0.051209710325599025,2.5149013e7,0.35147014781387664,0.35146993440877367,0.08406938960005936,1.0,12.901744812046646,1.0,0,1.3298378718940706e6,162.80775928124785,0.0005842152648983491,2973.0,1
4.3848e6,0.0002053673373319404,1.608585660734288e-5,1.39892090277674e-5,1.095736125297733e-6,0.0,0.0,0.0,0.08129931194948034,0.006367950674557356,0.1761543023723231,0.0,0.0,0.0,0.42429110310996354,0.03323355083173059,2.395209e6,-0.00013123187114450925,-1.0279030195205032e-5,0.00013123187114450925,1.0279030195205032e-5,9.242828863176587,0.7239652696034873,0.0,0.0,0.0,0.0,0.0,0.0,0.0,0.0,0.0,0.0,0.2050531112040203,0.016061244142178403,0.2050531112040203,0.016061244142178403,1.186101e6,0.014184880701921847,0.0011110625473737016,0.014184880701921847,0.0011110625473737016,674.0,0.0001312608060641443,1.0281296587583884e-5,7.689274926276753e-5,6.022796783823703e-6,1.517582e6,23.521471620617884,1.842371939951612,18.035863481995932,1.412699397723925,2.5028272e7,4.4901517744962165,0.3517011932282516,2.7850126096157943,0.21814234955732612,9.341587e6,0.1894071733829445,0.014835741023975947,NaN,NaN,120814.0,0.21825526110883742,0.017095332099087916,0.21825526110883783,0.01709533209908795,1.186609e6,0.030874863219272245,0.030874863219272245,0.01720489200272234,1.0,0.2060358420011251,0.016138218732642592,0.20603584200112568,0.01613821873264264,1.186609e6,0.03616102954443876,0.03616102954443876,0.01624164472512588,1.0,0.0,0.0,0.0,0.0,0.0,0.0,0.0,0.0,1.0,0.0,0.0,0.0,0.0,0.0,0.0,0.0,0.0,1.0,24.161637457602726,1.8925143627557481,18.51108839384107,1.4499224531887882,1.4156362e7,3.417957706344257,3.417957706344257,1.9046430356594666,1.0,5.133694912707446,0.40210815071425715,3.2631916506615783,0.2555967938074678,2.6248497e7,0.9010067938059786,0.9010067938059786,0.40468516588936565,1.0,22.778010495980435,1.7841386824169831,16.586625050725836,1.2991845520910914,1.3503716e7,3.2342022549605596,3.2342022544340683,1.7955728014491883,1.0,1.0899102100086124,0.08536965800330683,0.6659261741597376,0.0521601589024642,2.5275745e7,0.3497508021206036,0.3497506016832782,0.08591677176804292,1.0,12.685651329534808,1.0,0,1.3308929032783865e6,1055.0313843158074,0.003850338015869731,8088.0,1
4.4064e6,0.0001649913914794989,1.3040643096946137e-5,1.3593010180675217e-5,1.0743687460891955e-6,0.0,0.0,0.0,0.1503543301325408,0.011883754296250715,0.1761543023723231,0.0,0.0,0.0,0.4253059131995245,0.03361546666963473,2.416443e6,-0.0001313452886132942,-1.0381311509117015e-5,0.0001313452886132942,1.0381311509117015e-5,9.242651894923755,0.7305237173297622,0.0,0.0,0.0,0.0,0.0,0.0,0.0,0.0,0.0,0.0,0.20556051624880048,0.016247158734688825,0.20556051624880048,0.016247158734688825,1.196673e6,0.014184880701921847,0.0011211492002569504,0.014184880701921847,0.0011211492002569504,674.0,0.00013137422353292933,1.0383598476677062e-5,7.695918625577843e-5,6.082725116708355e-6,1.565477e6,23.55235176799395,1.8615384157075918,18.077196664442592,1.4287913313561744,2.515175e7,4.49288558170152,0.3551101473901134,2.7866087783318516,0.22024888815825347,9.432841e6,0.19008676092545543,0.015024139044196147,NaN,NaN,121488.0,0.21876266615361784,0.01729063453956133,0.21876266615361828,0.017290634539561364,1.197181e6,0.0315926122846764,0.0315926122846764,0.017498583405282153,1.0,0.2065432470459056,0.01632483213007332,0.20654324704590618,0.016324832130073366,1.197181e6,0.03606198627730554,0.03606198627730554,0.016521165602784483,1.0,0.0,0.0,0.0,0.0,0.0,0.0,0.0,0.0,1.0,0.0,0.0,0.0,0.0,0.0,0.0,0.0,0.0,1.0,24.190220791500145,1.9119545144115986,18.550729305273958,1.46621855776152,1.4231394e7,3.4934309404052,3.4934309404052,1.9349489725774924,1.0,5.139728882799384,0.40623555795625094,3.2682673426707933,0.2583183739405591,2.6377366e7,0.8973851001741407,0.8973851001741407,0.41112122153899483,1.0,22.80630147753971,1.8025718509496016,16.625788754928205,1.3140744823961266,1.3574886e7,3.305305399406057,3.3053053945599498,1.8242507992222985,1.0,1.0944751161774575,0.08650547910757113,0.6694981968249802,0.05291601556029304,2.5400505e7,0.34745333549333995,0.3474531759285805,0.08754585250843722,1.0,12.501735774084532,1.0,0,1.333461901415077e6,2568.998136690585,0.009513486852554258,10800.0,1
4.428e6,0.00011986921936102071,9.565225591986283e-6,1.631087583845219e-5,1.3015618841045658e-6,0.0,0.0,0.0,0.20700896777188127,0.016518731721599504,0.1741069435605009,0.0,0.0,0.0,0.42537753585847304,0.03394392750648578,2.437947e6,-0.0001314429813123161,-1.0488779149790524e-5,0.0001314429813123161,1.0488779149790524e-5,9.242834843850945,0.7375521494357445,0.0,0.0,0.0,0.0,0.0,0.0,0.0,0.0,0.0,0.0,0.20559632757827495,0.016406007018759355,0.20559632757827495,0.016406007018759355,1.207425e6,0.014184880701921847,0.0011319134689669664,0.014184880701921847,0.0011319134689669664,674.0,0.00013147191623195131,1.0491088074761189e-5,7.701641219468264e-5,6.1456924542806985e-6,1.596509e6,23.561080845228627,1.880107793118105,18.082323348525993,1.4429183987172594,2.5274068e7,4.493582838614561,0.35857523555044835,2.7870176870531598,0.22239615013450353,9.526147e6,0.1901459141485017,0.015173107607776013,NaN,NaN,121723.0,0.2187984774830921,0.017459501342089043,0.21879847748309256,0.017459501342089078,1.207933e6,0.0322872235858148,0.0322872235858148,0.017752754328155304,1.0,0.2065790583753799,0.016484426164396656,0.20657905837538051,0.016484426164396705,1.207933e6,0.035895326454351284,0.035895326454351284,0.016761301608980213,1.0,0.0,0.0,0.0,0.0,0.0,0.0,0.0,0.0,1.0,0.0,0.0,0.0,0.0,0.0,0.0,0.0,0.0,1.0,24.19912078658193,1.9310215807299278,18.55599052838409,1.480715703605156,1.4304833e7,3.5709682827975207,3.5709682827975207,1.9634553732886153,1.0,5.140444833256079,0.4101929981304586,3.2687220476322234,0.26083479937359716,2.6505739e7,0.893207408637802,0.893207408637802,0.4170826749435787,1.0,22.815177994033956,1.8205868495479753,16.63101742071026,1.3271082793509643,1.3644005e7,3.3783018230130017,3.3783018230130017,1.8511657601114673,1.0,1.0950372190058544,0.08738088132422034,0.669836070569321,0.05345102903647241,2.5523227e7,0.3441356020793783,0.34413544710775906,0.0888485466298529,1.0,12.324762312295658,1.0,0,1.3373042101968743e6,3842.308781797299,0.014433111269536164,11723.0,1
4.4496e6,6.965821500363512e-5,5.5991614305767496e-6,1.612961495834838e-5,1.296506348319794e-6,0.0,0.0,0.0,0.28145923290107544,0.022623830958877995,0.17059681688153683,0.0,0.0,0.0,0.4255069923951189,0.03420246040090367,2.463011e6,-0.00013152258829367673,-1.0571850047911073e-5,0.00013152258829367673,1.0571850047911073e-5,9.243043833759808,0.7429603892723553,0.0,0.0,0.0,0.0,0.0,0.0,0.0,0.0,0.0,0.0,0.20565947782087887,0.016531009529703385,0.20565947782087887,0.016531009529703385,1.219955e6,0.014188036753360096,0.001140441341496815,0.014188036753360096,0.001140441341496815,676.0,0.00013155152321331186,1.0574175850919512e-5,7.706304391183663e-5,6.19436520403919e-6,1.620452e6,23.57063558623602,1.8946192299321096,18.087936431898683,1.4539171872682348,2.5393173e7,4.493939194821568,0.3612250329654436,2.7872267151201617,0.2240386481445086,9.615431e6,0.1901459141485017,0.015284021685403356,NaN,NaN,121723.0,0.21886348606306433,0.017592354177636212,0.21886348606306483,0.01759235417763625,1.220465e6,0.032939238474928204,0.032939238474928204,0.01799957348550416,1.0,0.20664350633205353,0.016610106223267373,0.2066435063320541,0.016610106223267418,1.220465e6,0.035650839091550285,0.035650839091550285,0.016994588930445385,1.0,0.0,0.0,0.0,0.0,0.0,0.0,0.0,0.0,1.0,0.0,0.0,0.0,0.0,0.0,0.0,0.0,0.0,1.0,24.208379959348992,1.9458814349184872,18.561486430315664,1.491981368017737,1.4378286e7,3.6433925773388305,3.6433925773388305,1.9909237574592595,1.0,5.141325808684843,0.4132622859847145,3.2692895103304025,0.2627870916685975,2.6633624e7,0.8869989789474769,0.8869989789474769,0.42282828155116076,1.0,22.824412654185657,1.834637465261134,16.636451873617972,1.3372461477450577,1.3711789e7,3.446493003635016,3.446493003508841,1.8771047661833704,1.0,1.0957292440311188,0.08807525316596032,0.6702540903020946,0.053875351972627356,2.5645192e7,0.3397369439781608,0.33973679498905085,0.09011397653819268,1.0,12.159370678384388,1.0,0,1.3425646730346868e6,5260.462837812491,0.02002899267048102,14831.0,1
4.4712e6,1.3829793591829984e-5,1.1182110588160223e-6,1.597833469324414e-5,1.291931830855698e-6,0.0,0.0,0.0,0.35406039299698905,0.02862763238721569,0.17059681688153683,0.0,0.0,0.0,0.4255457375989202,0.03440759593810889,2.488257e6,-0.00013158322570552342,-1.0639191189774759e-5,0.00013158322570552342,1.0639191189774759e-5,9.24390347698626,0.7474178863161292,0.0,0.0,0.0,0.0,0.0,0.0,0.0,0.0,0.0,0.0,0.2056788504227796,0.016630209524109436,0.2056788504227796,0.016630209524109436,1.232515e6,0.014188036753360096,0.0011471768898899462,0.014188036753360096,0.0011471768898899462,676.0,0.00013161216062515855,1.0641530729183434e-5,7.709856372756174e-5,6.233821640687522e-6,1.63141e6,23.580127411840373,1.9065764839605048,18.09351616807583,1.4629553028153115,2.5509961e7,4.494147313273301,0.36337528772803246,2.7873488152190586,0.22537171283575622,9.704712e6,0.1901459141485017,0.01537429048219091,NaN,NaN,121723.0,0.21888285866496493,0.017697822568300634,0.21888285866496546,0.017697822568300676,1.233025e6,0.033543662258401,0.033543662258401,0.01821940087897937,1.0,0.2066628789339541,0.01670977336980816,0.20666287893395477,0.016709773369808216,1.233025e6,0.035372488878439336,0.035372488878439336,0.017202232559768608,1.0,0.0,0.0,0.0,0.0,0.0,0.0,0.0,0.0,1.0,0.0,0.0,0.0,0.0,0.0,0.0,0.0,0.0,1.0,24.21757033788905,1.9581170745368357,18.566904886355985,1.5012312536734884,1.4451655e7,3.7113276255983356,3.7113276255983356,2.015825382545157,1.0,5.141931987345135,0.41575206265738324,3.2696595653390883,0.2643690565769294,2.6759869e7,0.8800948335486216,0.8800948335486216,0.42800482751956703,1.0,22.833596475953417,1.8462155579123953,16.641855216017838,1.3455809313567533,1.3778592e7,3.510512701698984,3.5105126930571777,1.9006259797667493,1.0,1.0961882856273555,0.08863254938650818,0.6705287921129361,0.054215755688369664,2.5764149e7,0.3349931614686735,0.33499301873213383,0.09124466820517951,1.0,12.013724277701195,1.0,0,1.3494367394553393e6,6872.066420652438,0.02648231437847109,15120.0,1
4.4928e6,6.50195231974034e-7,5.2712991897445063e-8,1.5831496617312575e-5,1.2834999579728601e-6,0.0,0.0,0.0,0.4439729438724364,0.03599402309054028,0.16514506401491288,0.0,0.0,0.0,0.425609206722786,0.0345052279103028,2.520521e6,-0.00013162845021271464,-1.0671455415737612e-5,0.00013162845021271464,1.0671455415737612e-5,9.244576505059214,0.7494814825494728,0.0,0.0,0.0,0.0,0.0,0.0,0.0,0.0,0.0,0.0,0.205708863595942,0.016677344167910734,0.205708863595942,0.016677344167910734,1.248622e6,0.014191479530900828,0.0011505395744812348,0.014191479530900828,0.0011505395744812348,678.0,0.0001316573851323498,1.0673801243743225e-5,7.712505506377795e-5,6.252725647224202e-6,1.639253e6,23.58984014537934,1.9124887284548178,18.099231613058205,1.4673510392755693,2.5624018e7,4.494315670680632,0.36436567646594137,2.787447619309016,0.22598551411256215,9.790862e6,0.1901459141485017,0.01541561601645602,NaN,NaN,121723.0,0.2189154462630292,0.017748035632395215,0.21891544626302964,0.017748035632395253,1.249134e6,0.03399028494150784,0.03399028494150784,0.01841071119630841,1.0,0.20669376045975582,0.016757192277907503,0.20669376045975638,0.01675719227790755,1.249134e6,0.035067819884462115,0.035067819884462115,0.017382871765619097,1.0,0.0,0.0,0.0,0.0,0.0,0.0,0.0,0.0,1.0,0.0,0.0,0.0,0.0,0.0,0.0,0.0,0.0,1.0,24.22679009488072,1.964127891395473,18.57235041508686,1.5057079916976095,1.452506e7,3.7616144159772125,3.7616144159772125,2.037464433252104,1.0,5.1427420411853655,0.41693526223594396,3.2701531495784746,0.26511968713424633,2.6887271e7,0.8725215082032113,0.8725215082032113,0.4325027771846511,1.0,22.842800635222112,1.8519243230124198,16.647275405064747,1.3496372326162478,1.3845202e7,3.5581325227717886,3.558132510010936,1.9210714117661059,1.0,1.0968581382068106,0.0889250971225998,0.6709261428470635,0.054393699911188705,2.5882973e7,0.3299598016323918,0.3299596961445645,0.09224537944016475,1.0,11.890656690488123,1.0,0,1.3580179792237931e6,8581.239768453874,0.033411074699322835,18548.0,1
4.5144e6,4.718424350310761e-7,3.8265932989776896e-8,2.107533599892066e-5,1.709187930540024e-6,0.0,0.0,0.0,0.5373526432991651,0.04357874305860405,0.1570727592014105,0.0,0.0,0.0,0.4260404588000403,0.0345514401355241,2.558951e6,-0.0001316616376412723,-1.0677622505431064e-5,0.0001316616376412723,1.0677622505431064e-5,9.245230617518068,0.7497786316351133,0.0,0.0,0.0,0.0,0.0,0.0,0.0,0.0,0.0,0.0,0.20592142856006168,0.01670001466892116,0.20592142856006168,0.01670001466892116,1.267833e6,0.014197601679916383,0.0011514107976817363,0.014197601679916383,0.0011514107976817363,683.0,0.00013169057256090747,1.0679969097457598e-5,7.71444953992462e-5,6.256338710364794e-6,1.646932e6,23.59924885517174,1.9138746502136783,18.104777864799964,1.4682787412361566,2.5734459e7,4.4946599375578185,0.3645122676833733,2.7876496647026854,0.22607550179640254,9.87998e6,0.19520525027706878,0.015830943704465618,NaN,NaN,123009.0,0.21913374935204386,0.01777152020663764,0.21913374935204416,0.017771520206637664,1.268348e6,0.03427710791314665,0.03427710791314665,0.018581268533773898,1.0,0.2069067094479957,0.016779919928886403,0.20690670944799616,0.01677991992888644,1.268348e6,0.03484669195554465,0.03484669195554465,0.01754448660263788,1.0,0.0,0.0,0.0,0.0,0.0,0.0,0.0,0.0,1.0,0.0,0.0,0.0,0.0,0.0,0.0,0.0,0.0,1.0,24.235940674690795,1.9655096976193882,18.577874507814652,1.5066463891949422,1.4598495e7,3.7910087165459636,3.7910087165459636,2.0550669313906975,1.0,5.1438901900734555,0.4171641690242586,3.270953724728353,0.2652709607071961,2.7013608e7,0.866320659126282,0.866320659126282,0.4361719963840369,1.0,22.851903656277663,1.853265728298402,16.652676076555647,1.3505147895482748,1.3913823e7,3.585956930202251,3.5859568948268823,1.9377086350266677,1.0,1.0977325396298898,0.08902497249830534,0.6714821309120051,0.054456505641801996,2.6003387e7,0.3259675226469909,0.32596751658495343,0.09308134031128115,1.0,11.793260990429124,1.0,0,1.3685900223481643e6,10572.043124371208,0.04150221396273042,21465.0,1
4.536e6,3.504123291430484e-7,2.833502650642855e-8,2.09331408527686e-5,1.6926947244594904e-6,0.0,0.0,0.0,0.6395000208173879,0.05171122284719921,0.1570727592014105,0.0,0.0,0.0,0.4262244113062108,0.034465339794360304,2.600535e6,-0.0001316850650854967,-1.0648312000960143e-5,0.0001316850650854967,1.0648312000960143e-5,9.245736653836481,0.7476283548543968,0.0,0.0,0.0,0.0,0.0,0.0,0.0,0.0,0.0,0.0,0.20601340481314695,0.016658646972655806,0.20601340481314695,0.016658646972655806,1.288583e6,0.014197601679916383,0.0011480458490486477,0.014197601679916383,0.0011480458490486477,683.0,0.00013171400000513178,1.0650651735172194e-5,7.715821860375779e-5,6.239164514196596e-6,1.651497e6,23.607717750065675,1.908966245109829,18.10977438747642,1.4643917882384392,2.5840299e7,4.4952204933666176,0.36349232386679786,2.787978794893232,0.2254414199576049,9.964593e6,0.2102371713287743,0.017000188996790493,NaN,NaN,126039.0,0.21922572560512907,0.01772702108143159,0.21922572560512943,0.017727021081431617,1.289098e6,0.034265493551237605,0.034265493551237605,0.018693694904474412,1.0,0.20699868570108096,0.016738318712928652,0.2069986857010814,0.016738318712928687,1.289098e6,0.034679428538036,0.034679428538036,0.017651077515843626,1.0,0.0,0.0,0.0,0.0,0.0,0.0,0.0,0.0,1.0,0.0,0.0,0.0,0.0,0.0,0.0,0.0,0.0,1.0,24.244135551630762,1.9604282336780114,18.582769476175226,1.5026390965122869,1.4671871e7,3.7894150793965857,3.7894150793965857,2.0673325266635745,1.0,5.1450445211577795,0.41603836611652734,3.2716860409542363,0.26455493423379633,2.7140312e7,0.8619726409962087,0.8619726409962087,0.43872539266537125,1.0,22.860059099680008,1.848509103866405,16.657508508652953,1.3469587279591986,1.3983818e7,3.5844942008155076,3.5844941959675833,1.9493103244525147,1.0,1.0987273020910597,0.08884523927632049,0.6720876234736906,0.05434632015472103,2.6125395e7,0.3231801506039722,0.32318013887572083,0.09369006722095219,1.0,11.72725492340503,1.0,0,1.3813236275121355e6,12733.605163971195,0.05026911766151761,25920.0,1
4.5576e6,2.6902446228829444e-7,2.1648453893165325e-8,2.0790170447485454e-5,1.6729892982041301e-6,0.0,0.0,0.0,0.7255444114222096,0.05838470823253795,0.1570727592014105,0.0,0.0,0.0,0.4269761997130142,0.034358862738142634,2.643735e6,-0.0001316995795827138,-1.0597892296092852e-5,0.0001316995795827138,1.0597892296092852e-5,9.246854111596008,0.7440962549985272,0.0,0.0,0.0,0.0,0.0,0.0,0.0,0.0,0.0,0.0,0.20638929901654865,0.01660818940329083,0.20638929901654865,0.01660818940329083,1.310102e6,0.014197601679916383,0.0011424839315609323,0.014197601679916383,0.0011424839315609323,683.0,0.0001317285145023489,1.0600220695035813e-5,7.716672084397911e-5,6.209621920877373e-6,1.655951e6,23.613942509086936,1.9002188176330328,18.11342305929485,1.457590884528288,2.5946139e7,4.496205633168145,0.3618105934155639,2.7885559359638594,0.22439567054513454,1.0047319e7,0.2307181065639455,0.01856593355780235,NaN,NaN,130359.0,0.21960161980853088,0.017671387578854593,0.2196016198085311,0.01767138757885461,1.310617e6,0.0341360785105622,0.0341360785105622,0.018767099189398735,1.0,0.20737457990448271,0.016687475159287993,0.2073745799044831,0.016687475159288024,1.310617e6,0.034597856361331954,0.034597856361331954,0.017722179434835547,1.0,0.0,0.0,0.0,0.0,0.0,0.0,0.0,0.0,1.0,0.0,0.0,0.0,0.0,0.0,0.0,0.0,0.0,1.0,24.250984205500266,1.9514816941592907,18.587029901716537,1.495702124690033,1.4745225e7,3.769705804170038,3.769705804170038,2.0724830100159646,1.0,5.146302902522141,0.41412405458550383,3.272651196395809,0.2633509158645373,2.7269337e7,0.8585963076833116,0.8585963076833116,0.4398017515286639,1.0,22.86653864940932,1.8400750750968409,16.661312062189968,1.3407392134899285,1.4055065e7,3.5657373884621832,3.5657373884621832,1.9541686410412065,1.0,1.0995012464455145,0.088477091773335,0.6725410658270579,0.054119518095030975,2.6234552e7,0.32090758235696315,0.3209075536571769,0.09396309994845004,1.0,11.701415204997728,1.0,0,1.3960938465526886e6,14770.219040553086,0.05843792610406526,25920.0,1
4.5792e6,2.1476519523267563e-7,1.717586557754879e-8,2.064440324633971e-5,1.6510379845471999e-6,0.0,0.0,0.0,0.7968748800179479,0.0637301393574743,0.1570727592014105,0.0,0.0,0.0,0.42802841008796927,0.034231610140917045,2.686935e6,-0.00013170815293245613,-1.0533371237291248e-5,0.00013170815293245613,1.0533371237291248e-5,9.248082290770995,0.7396162031948492,0.0,0.0,0.0,0.0,0.0,0.0,0.0,0.0,0.0,0.0,0.20691540420402585,0.01654807784232537,0.20691540420402585,0.01654807784232537,1.33163e6,0.014197601679916383,0.0011354544562662125,0.014197601679916383,0.0011354544562662125,683.0,0.0001317370878520912,1.0535685310060864e-5,7.717174291081484e-5,6.171816998491204e-6,1.661192e6,23.617990676956197,1.8888509036099197,18.115780829287935,1.4488111819938134,2.6051978e7,4.497833132185806,0.35971460452412607,2.7895083659381585,0.22309117950370733,1.0132925e7,0.25514058255628297,0.02040489076740989,NaN,NaN,135706.0,0.22012772499600816,0.017604734372005063,0.2201277249960087,0.017604734372005108,1.332145e6,0.03391684718402129,0.03391684718402129,0.01880305573429825,1.0,0.20790068509196002,0.016626875768911895,0.20790068509196058,0.01662687576891194,1.332145e6,0.0345711984291756,0.0345711984291756,0.017758636123885816,1.0,0.0,0.0,0.0,0.0,0.0,0.0,0.0,0.0,1.0,0.0,0.0,0.0,0.0,0.0,0.0,0.0,0.0,1.0,24.256524305509668,1.9399176873077943,18.590655177814856,1.4867893002251584,1.4818593e7,3.7373975863348816,3.7373975863348816,2.071964258228396,1.0,5.147661334588248,0.41168467276945947,3.273824126959818,0.26182437553849314,2.7396448e7,0.8559895864004894,0.8559895864004894,0.4397072789323116,1.0,22.871570209113045,1.8291558603506268,16.66426472951914,1.3327260529007752,1.411735e7,3.5349646106253014,3.5349646106253014,1.9536630807439943,1.0,1.1002211587694581,0.08799028496272863,0.6729650077433451,0.05382043630892367,2.6339295e7,0.31907227389991677,0.3190722193355578,0.09397961919050168,1.0,11.707018694545372,1.0,0,1.4125547941869867e6,16460.94763429812,0.06509607004816334,25920.0,1
4.6008e6,1.7730769692975847e-7,1.4091067968842166e-8,2.050259970848269e-5,1.6293907767841804e-6,0.0,0.0,0.0,0.8599309485952902,0.06834077513266394,0.1570727592014105,0.0,0.0,0.0,0.4284899449350431,0.03405312370865137,2.730135e6,-0.000131714461469721,-1.0467664185974657e-5,0.000131714461469721,1.0467664185974657e-5,9.248960703943503,0.7350370918869266,0.0,0.0,0.0,0.0,0.0,0.0,0.0,0.0,0.0,0.0,0.20714617162756283,0.01646240312424664,0.20714617162756283,0.01646240312424664,1.353138e6,0.014197601679916383,0.001128317460158,0.014197601679916383,0.001128317460158,683.0,0.0001317433963893561,1.0469963713441943e-5,7.717543831007253e-5,6.133317197071435e-6,1.667672e6,23.620236963959364,1.8771568875047986,18.117097947514022,1.439809229927144,2.6157789e7,4.500685932728038,0.35768030651036314,2.791179732110759,0.22182174829109916,1.0213103e7,0.2781518454786368,0.022105394340839427,NaN,NaN,142186.0,0.22035849241954494,0.017512417948925805,0.22035849241954558,0.017512417948925857,1.353653e6,0.033640838385663833,0.033640838385663833,0.01879702092942781,1.0,0.20813145251549675,0.016540705759725452,0.20813145251549753,0.016540705759725514,1.353653e6,0.03450067144904734,0.03450067144904734,0.01775402992664058,1.0,0.0,0.0,0.0,0.0,0.0,0.0,0.0,0.0,1.0,0.0,0.0,0.0,0.0,0.0,0.0,0.0,0.0,1.0,24.260767903510384,1.9280614176614075,18.593327157163866,1.4776563075110483,1.4891451e7,3.7037491189593186,3.7037491189593186,2.0694921127797072,1.0,5.14902288567757,0.40920519927541366,3.274809898105715,0.2602569976278332,2.7524573e7,0.853521871468036,0.853521871468036,0.43922196909892947,1.0,22.875553985008402,1.8179751449558845,16.66660406529972,1.3245350019235593,1.4168617e7,3.5029921659256655,3.5029921659256655,1.9513305900177778,1.0,1.1012109007995656,0.08751587167331962,0.6735453938126958,0.05352826802592314,2.6440355e7,0.31742419852913395,0.3174241462624944,0.09393549630314825,1.0,11.72305405451569,1.0,0,1.4304607623810011e6,17905.968194014393,0.07071365576983132,25920.0,1
4.6224e6,1.520605051649608e-7,1.2000726437600062e-8,2.0364117382509732e-5,1.6071510586233984e-6,0.0,0.0,0.0,0.9179123334545413,0.0724423136404613,0.1570727592014105,0.0,0.0,0.0,0.42923062948388757,0.033875195649829826,2.773335e6,-0.00013171888702506285,-1.0395351035682159e-5,0.00013171888702506285,1.0395351035682159e-5,9.250033220921491,0.7300193965722185,0.0,0.0,0.0,0.0,0.0,0.0,0.0,0.0,0.0,0.0,0.20751651390198578,0.0163773552634232,0.20751651390198578,0.0163773552634232,1.374634e6,0.014197601679916383,0.0011204851229834562,0.014197601679916383,0.0011204851229834562,683.0,0.00013174782194469792,1.0397634600731858e-5,7.717803072727652e-5,6.090946710626601e-6,1.671636e6,23.62165715915416,1.8642384836368906,18.117928565332214,1.4298801920502464,2.62636e7,4.504362862918613,0.3554876161625912,2.793333223860207,0.2204519038802342,1.0295297e7,0.2967882557952071,0.02342274651676921,NaN,NaN,149590.0,0.22072883469396715,0.017420081297105483,0.22072883469396784,0.01742008129710554,1.375149e6,0.03335365032341124,0.03335365032341124,0.018780590741989855,1.0,0.20850179478991898,0.01645511435272423,0.20850179478991973,0.01645511435272429,1.375149e6,0.03444528320155874,0.03444528320155874,0.017740259818563912,1.0,0.0,0.0,0.0,0.0,0.0,0.0,0.0,0.0,1.0,0.0,0.0,0.0,0.0,0.0,0.0,0.0,0.0,1.0,24.265033633046958,1.9150142261691097,18.596128437166254,1.4676200761717029,1.49639e7,3.666614051601213,3.666614051601213,2.064576957671627,1.0,5.150661678389551,0.40649399203249664,3.2760867295945766,0.258551164124212,2.7651738e7,0.8509087433338584,0.8509087433338584,0.4382411983753774,1.0,22.879405580258663,1.8056594454011676,16.668858172197034,1.3155184953165966,1.4219543e7,3.467697577309401,3.467697577309401,1.9466815616481887,1.0,1.102314067166479,0.08699543352188906,0.6741918376800143,0.05320771361165432,2.6540286e7,0.31571608466132073,0.3157160354347387,0.09378978235124884,1.0,11.753029376251682,1.0,0,1.4496686690531746e6,19207.906672173413,0.07566176430422156,25920.0,1
4.644e6,1.367175351121693e-7,1.0714550595438391e-8,2.0783053516640888e-5,1.6287675041029292e-6,0.0,0.0,0.0,0.9432641219557596,0.07392359108335882,0.1570727592014105,0.0,0.0,0.0,0.43140391839770786,0.03380911678191295,2.813359e6,-0.000131719907460115,-1.0322886612532576e-5,0.000131719907460115,1.0322886612532576e-5,9.2519672640786,0.7250764964199986,0.0,0.0,0.0,0.0,0.0,0.0,0.0,0.0,0.0,0.0,0.20860288043981834,0.016348203725241626,0.20860288043981834,0.016348203725241626,1.394583e6,0.014198157518071625,0.001112709331429729,0.014198157518071625,0.001112709331429729,684.0,0.00013174884313767602,1.0325154301026131e-5,7.717862893303925e-5,6.0484876640817115e-6,1.673033e6,23.62440106413454,1.8514438567146703,18.11952531448609,1.420026850163035,2.6370517e7,4.540959098712319,0.3558748771695688,2.8147497947037934,0.22059188723750747,1.035748e7,0.31153736842894897,0.024415177567845055,NaN,NaN,157072.0,0.22181563492785836,0.01738368704017311,0.22181563492785925,0.01738368704017318,1.395099e6,0.03318654098202405,0.03318654098202405,0.018771331256034474,1.0,0.20958828346984773,0.0164254297417397,0.2095882834698486,0.01642542974173977,1.395099e6,0.0344938545303811,0.0344938545303811,0.017736581542936378,1.0,0.0,0.0,0.0,0.0,0.0,0.0,0.0,0.0,1.0,0.0,0.0,0.0,0.0,0.0,0.0,0.0,0.0,1.0,24.303824395497745,1.9046902501172414,18.619859887455252,1.4592380610170552,1.5038315e7,3.6361722859771417,3.6361722859771417,2.056731206818473,1.0,5.153590415745241,0.4038867816945724,3.278806127153478,0.2569599730802367,2.7780079e7,0.8481733576269159,0.8481733576269159,0.43612684418454656,1.0,22.917373916894075,1.796034152793069,16.69119498582803,1.3080886297961314,1.4274405e7,3.4388508040075085,3.4388508040075085,1.9394016902926368,1.0,1.1041512470729382,0.08653231198231538,0.6752780555418938,0.05292152821623581,2.664702e7,0.31406770995277006,0.3140673437290848,0.09343971096677013,1.0,11.816723699687024,1.0,0,1.469922954598235e6,20254.28554506041,0.0793535017568993,25920.0,1
4.6656e6,1.1831908081690653e-7,9.272977859367245e-9,2.0656982223315584e-5,1.6189420799724255e-6,0.0,0.0,0.0,0.9694903651668022,0.0759815122716626,0.1570727592014105,0.0,0.0,0.0,0.4344839840287297,0.03405165368367523,2.847919e6,-0.00013172489402378602,-1.0323626733546496e-5,0.00013172489402378602,1.0323626733546496e-5,9.253675938571917,0.7252349452318901,0.0,0.0,0.0,0.0,0.0,0.0,0.0,0.0,0.0,0.0,0.21014291325532916,0.016469453349921205,0.21014291325532916,0.016469453349921205,1.411852e6,0.014198157518071625,0.00111274698383284,0.014198157518071625,0.00111274698383284,684.0,0.00013175382981420303,1.0325894507620022e-5,7.718155002851185e-5,6.0489212697109586e-6,1.676808e6,23.626156622229008,1.8516440944879917,18.1205552709306,1.420155622124897,2.6478516e7,4.588749430540674,0.35963237355971406,2.8427615684757295,0.22279470819020136,1.0389282e7,0.3239099955864682,0.025385679104023923,NaN,NaN,164080.0,0.22335566774336926,0.01750497170404405,0.22335566774337018,0.017504971704044123,1.412368e6,0.03354577092640951,0.03354577092640951,0.01894439552511479,1.0,0.21112831628535864,0.016546681979631037,0.21112831628535952,0.016546681979631106,1.412368e6,0.03460359593530145,0.03460359593530145,0.017907306184219752,1.0,0.0,0.0,0.0,0.0,0.0,0.0,0.0,0.0,1.0,0.0,0.0,0.0,0.0,0.0,0.0,0.0,0.0,1.0,24.353198370732006,1.9086242703831768,18.650243428144524,1.4616686775027912,1.5113472e7,3.6576050302365237,3.6576050302365237,2.065569353569379,1.0,5.157104976884613,0.4041758940224156,3.2822658792267942,0.2572398180959972,2.7909206e7,0.8452413203298147,0.8452413203298147,0.4374110468461145,1.0,22.965603329167283,1.7998747938882675,16.71967975060372,1.3103653195462066,1.4330565e7,3.459185258627272,3.459185258627272,1.947877469760576,1.0,1.1063372150615585,0.08670656017126481,0.6765828063394294,0.053025575755804945,2.6756968e7,0.31240081388604457,0.31240045244234166,0.0938363910709508,1.0,11.790065692371352,1.0,0,1.49056795987165e6,20645.00527341501,0.08106717181355942,25920.0,1
4.6872e6,9.961530287846309e-8,7.834659897486519e-9,2.0534786046415265e-5,1.6150436739383591e-6,0.0,0.0,0.0,0.9906651621897283,0.07791498287682154,0.1570727592014105,0.0,0.0,0.0,0.43794641989939564,0.03444411806306325,2.882479e6,-0.00013173181410472564,-1.0360596528513674e-5,0.00013173181410472564,1.0360596528513674e-5,9.255699794945679,0.7279530143587303,0.0,0.0,0.0,0.0,0.0,0.0,0.0,0.0,0.0,0.0,0.21187413119066198,0.016663722450149396,0.21187413119066198,0.016663722450149396,1.429124e6,0.014198157518071625,0.001116673162764455,0.014198157518071625,0.001116673162764455,684.0,0.00013176074989514273,1.0362872304124771e-5,7.718560366096895e-5,6.070582894313758e-6,1.68055e6,23.628244267252402,1.858341564593898,18.12178574637186,1.4252632271887433,2.6587083e7,4.6470758900075495,0.3654886153429557,2.8769310714951404,0.22626821223618462,1.0424961e7,0.33431934814762554,0.026293935913458192,NaN,NaN,172720.0,0.22508688567870222,0.017702894492311248,0.2250868856787031,0.017702894492311317,1.42964e6,0.034157229528524236,0.034157229528524236,0.019198766017847976,1.0,0.2128595342206916,0.01674122357075186,0.2128595342206925,0.01674122357075193,1.42964e6,0.034752659830445544,0.034752659830445544,0.01815583515604988,1.0,0.0,0.0,0.0,0.0,0.0,0.0,0.0,0.0,1.0,0.0,0.0,0.0,0.0,0.0,0.0,0.0,0.0,1.0,24.411310290910027,1.9199290496022987,18.686066067562674,1.4696434004716405,1.5189076e7,3.70444828975452,3.70444828975452,2.0821605534729355,1.0,5.163368357836614,0.4060945842673271,3.2876832073822184,0.25857352270407236,2.8038241e7,0.8430009244177846,0.8430009244177846,0.44040904767578304,1.0,23.022388404198228,1.8106915098656715,16.753088420475983,1.3176163321722565,1.4387055e7,3.5036670881776892,3.5036670881776892,1.9636925839168982,1.0,1.1108202908850169,0.08736508282195592,0.6792184841352331,0.05341996325382247,2.6865827e7,0.31155694779017323,0.311556599743299,0.0947473185222411,1.0,11.724028797968163,1.0,0,1.5117838956706198e6,21215.93579896982,0.08377830410332412,25920.0,1
4.7088e6,8.384774251003122e-8,6.597254408698354e-9,2.0411001027235627e-5,1.6059653185864495e-6,0.0,0.0,0.0,1.0256971224977318,0.08070324448601374,0.1570727592014105,0.0,0.0,0.0,0.44020597945235884,0.03463600511760958,2.916821e6,-0.00013173737597927575,-1.0365275897149566e-5,0.00013173737597927575,1.0365275897149566e-5,9.257456249458377,0.7283892473045983,0.0,0.0,0.0,0.0,0.0,0.0,0.0,0.0,0.0,0.0,0.21300391096714305,0.016759437387713315,0.21300391096714305,0.016759437387713315,1.446127e6,0.014198157518071625,0.0011171303421828624,0.014198157518071625,0.0011171303421828624,684.0,0.00013176631176969276,1.0367552604490552e-5,7.718886168137763e-5,6.073324609412748e-6,1.685067e6,23.630244713921645,1.8592597898373937,18.12305050960311,1.4259462603806905,2.6696422e7,4.693690759768743,0.36930597212258254,2.904255575248358,0.22851077827768304,1.0488888e7,0.34559953979346214,0.027192241786041755,NaN,NaN,181360.0,0.2262166654551838,0.017799034879403056,0.22621666545518468,0.017799034879403125,1.446643e6,0.03444966685395467,0.03444966685395467,0.01936157695830382,1.0,0.21398931399717322,0.016836970238206378,0.21398931399717414,0.01683697023820645,1.446643e6,0.03483507995912568,0.03483507995912568,0.0183150545644999,1.0,0.0,0.0,0.0,0.0,0.0,0.0,0.0,0.0,1.0,0.0,0.0,0.0,0.0,0.0,0.0,0.0,0.0,1.0,24.44877147538375,1.9236625885775915,18.709127080469358,1.4720595620061887,1.5264684e7,3.7232094753969402,3.7232094753969402,2.0925371236647696,1.0,5.176746518354679,0.4073134561356069,3.2964397939045402,0.259368365949073,2.8166203e7,0.8427167484512468,0.8427167484512468,0.44307069908875585,1.0,23.05897857237998,1.8143117929324686,16.775010456666678,1.3198806357602915,1.4445255e7,3.5216209864536907,3.5216209864536907,1.973586637883947,1.0,1.1218246526009739,0.0882666892823364,0.6856917666629462,0.05395116070160254,2.697401e7,0.3129177204920794,0.312917435069544,0.0960154474090206,1.0,11.683793419428248,1.0,0,1.5334850302519202e6,21701.13458130043,0.08598938037290728,25920.0,1
4.7304e6,0.002734259129639451,0.00021939045947778974,2.0214821005000885e-5,1.621989233015097e-6,0.0,0.0,0.0,0.2916262478287648,0.023399397596735143,0.17374749526387942,0.0,0.0,0.0,0.5177169934293836,0.04154038212278354,2.943435e6,-0.0001317400090974042,-1.05705054850814e-5,0.0001317400090974042,1.05705054850814e-5,9.304057551042781,0.7465354834163935,0.0,0.0,0.0,0.0,0.0,0.0,0.0,0.0,0.0,0.0,0.2517594179556559,0.020200577840051154,0.2517594179556559,0.020200577840051154,1.459259e6,0.014198157518071627,0.0011392264426812084,0.014198157518071627,0.0011392264426812084,684.0,0.00013176899421508156,1.0572831182092454e-5,7.719043310450704e-5,6.193577047073984e-6,1.687203e6,23.796772266013928,1.9093964960876078,18.22104807432001,1.462013627698517,2.6811924e7,5.493056911994298,0.44074984217717134,3.397626195219525,0.27261745751262356,1.054375e7,0.36539810340942147,0.029318676101440587,NaN,NaN,189159.0,0.26497217244369614,0.021260737883653395,0.2649721724436971,0.02126073788365347,1.459775e6,0.04192112027314144,0.04192112027314144,0.021770146190094465,1.0,0.2527448209856854,0.020279644239129976,0.2527448209856865,0.020279644239130066,1.459775e6,0.04116677052259498,0.04116677052259498,0.02076554549446813,1.0,0.0,0.0,0.0,0.0,0.0,0.0,0.0,0.0,1.0,0.0,0.0,0.0,0.0,0.0,0.0,0.0,0.0,1.0,25.371217264075653,2.0357262238749,19.287351766114018,1.5475713037613554,1.5341758e7,4.01396811066762,4.01396811066762,2.084502322510644,1.0,5.307844729296109,0.42588885646350266,3.3830747520750077,0.2714498842702288,2.8295233e7,0.8645353249508272,0.8645353249508272,0.43609317403189723,1.0,23.967662755723893,1.9231083431658316,17.33898899353497,1.3912393016947102,1.4510178e7,3.8046656717793614,3.80453240380363,1.9691861119411107,1.0,1.225031042880564,0.09829358178190029,0.7506888552094896,0.060233491070388424,2.7089548e7,0.34059032557118396,0.34059032485688606,0.10064870074830469,1.0,12.171354759402577,1.0,0,1.548516588768769e6,15031.558516848832,0.05717568016440823,20340.0,1
4.752e6,0.0018236009932147902,0.00013699643938551141,1.991330700104351e-5,1.4959698781060148e-6,0.0,0.0,0.0,0.33017313787022107,0.024803969967806542,0.17508812696339263,0.0,0.0,0.0,0.5180040496986331,0.03891460394024349,2.956053e6,-0.0001317400090801212,-9.896853662475386e-6,0.0001317400090801212,9.896853662475386e-6,9.321125521825302,0.7002414521086402,0.0,0.0,0.0,0.0,0.0,0.0,0.0,0.0,0.0,0.0,0.2519019720062789,0.01892391667226094,0.2519019720062789,0.01892391667226094,1.465565e6,0.014200105686075108,0.0010667705957216006,0.014200105686075108,0.0010667705957216006,686.0,0.00013176899594399816,9.899031275426283e-6,7.719043410754634e-5,5.798864261810722e-6,1.68721e6,23.857986433390476,1.7923104914087755,18.256905211838006,1.3715341335778712,2.6930217e7,5.496316615264565,0.41290600785386994,3.399535958146274,0.25538718368870605,1.0615204e7,0.39631731327735303,0.029772993647100236,NaN,NaN,193534.0,0.2651166243311983,0.019916655940865956,0.26511662433119937,0.019916655940866033,1.466081e6,0.03718452330987236,0.03718452330987236,0.020423233203901024,1.0,0.2528874253674325,0.018997947999377367,0.2528874253674337,0.018997947999377457,1.466081e6,0.04092200915716463,0.04092200915716463,0.019481158058806083,1.0,0.0,0.0,0.0,0.0,0.0,0.0,0.0,0.0,1.0,0.0,0.0,0.0,0.0,0.0,0.0,0.0,0.0,1.0,25.43050368037543,1.9104444826222096,19.322285799545217,1.451569924109567,1.5417595e7,3.5668119993237126,3.5668119993237126,1.9590363617037503,1.0,5.313765118075332,0.39919198531688316,3.3867448705618224,0.25442626435303006,2.8423106e7,0.8598685541796199,0.8598685541796199,0.4093453757227712,1.0,24.026804931556157,1.8049928343320136,17.37364144261111,1.3051797107230145,1.4581996e7,3.3803816984128137,3.3803816984128137,1.8509025659922207,1.0,1.2304719451847925,0.09243813525068964,0.7538817769512516,0.05663471315502798,2.7210816e7,0.3375518182651027,0.33755179987788275,0.09478928585018752,1.0,12.981128976217077,1.0,0,1.5551672060100315e6,6650.617241262458,0.0237189651931546,13467.0,1
4.7736e6,0.001353964839498289,9.809188428466687e-5,1.9765026562492706e-5,1.4319343027916579e-6,0.0,0.0,0.0,0.39131119478140275,0.02834966707999259,0.17508812696339263,0.0,0.0,0.0,0.5180461622296209,0.03753134698710021,2.964693e6,-0.00013174000915978663,-9.54428457606862e-6,0.00013174000915978663,9.54428457606862e-6,9.31811663960274,0.675077810367391,0.0,0.0,0.0,0.0,0.0,0.0,0.0,0.0,0.0,0.0,0.25192302827177254,0.018251289706337163,0.25192302827177254,0.018251289706337163,1.469885e6,0.014200105686075108,0.0010287675744258347,0.014200105686075108,0.0010287675744258347,686.0,0.00013176899804072216,9.546384759080258e-6,7.719043534015502e-5,5.592283514596477e-6,1.68721e6,23.906815758327518,1.731998155764278,18.285508902584883,1.3247463826484904,2.7048374e7,5.498549983972619,0.39835829781308035,3.4008440302281344,0.24638394539621267,1.0706875e7,0.4129917866800319,0.029920380033315264,NaN,NaN,197854.0,0.2651376805966923,0.019208663272402924,0.26513768059669324,0.019208663272402993,1.470401e6,0.03495026783439032,0.03495026783439032,0.019769110987362063,1.0,0.2529084816329264,0.01832268371469713,0.25290848163292756,0.018322683714697214,1.470401e6,0.04068963631941957,0.04068963631941957,0.018857281363382782,1.0,0.0,0.0,0.0,0.0,0.0,0.0,0.0,0.0,1.0,0.0,0.0,0.0,0.0,0.0,0.0,0.0,0.0,1.0,25.479449926447767,1.8459321696626942,19.350973351127863,1.4019370247885268,1.5485096e7,3.3586836740752415,3.3586836740752415,1.8997906007146539,1.0,5.316123863602326,0.3851419118569323,3.388148103712679,0.24546415241613634,2.8546225e7,0.8552941571683712,0.8552941571683712,0.3963791281782432,1.0,24.075638929246466,1.7442290368501476,17.402247911674923,1.2607559950209914,1.4651653e7,3.185466899012122,3.185466899012122,1.795120093880258,1.0,1.2327086964463863,0.08930713359833467,0.7551919696466343,0.054712058347642874,2.7331955e7,0.33368777718218146,0.33368777707010183,0.09191283177966762,1.0,13.41171491050805,1.0,0,1.5630027730836347e6,7835.567073603161,0.027047826270510368,12960.0,1
4.7952e6,0.0009733474308083553,6.926166261817729e-5,1.9631983881609315e-5,1.3969768667332538e-6,0.0,0.0,0.0,0.4288039360416901,0.030512921293479683,0.17508812696339263,0.0,0.0,0.0,0.5180675217190114,0.036864758427458504,2.973285e6,-0.00013174000907717666,-9.374383465974928e-6,0.00013174000907717666,9.374383465974928e-6,9.316215810468725,0.6629252576409789,0.0,0.0,0.0,0.0,0.0,0.0,0.0,0.0,0.0,0.0,0.25193370801646775,0.01792715214986643,0.25193370801646775,0.01792715214986643,1.474154e6,0.014200105686075108,0.001010454127725584,0.014200105686075108,0.001010454127725584,686.0,0.00013176900047199812,9.376446441787469e-6,7.719043676544182e-5,5.4927334468409685e-6,1.68721e6,23.947220453043034,1.7040413845694442,18.309175430757474,1.3028481828415375,2.7165914e7,5.499411967541717,0.3913283214585655,3.4013489743675036,0.24203391065991303,1.0726566e7,0.4354765988080426,0.030987736043752528,NaN,NaN,203028.0,0.2651483603413874,0.01886748317861839,0.26514836034138856,0.01886748317861847,1.47467e6,0.0339147106381199,0.0339147106381199,0.019461304428926678,1.0,0.2529191613776215,0.017997275248839935,0.2529191613776228,0.01799727524884003,1.47467e6,0.04056998276313155,0.04056998276313155,0.018563708216567172,1.0,0.0,0.0,0.0,0.0,0.0,0.0,0.0,0.0,1.0,0.0,0.0,0.0,0.0,0.0,0.0,0.0,0.0,1.0,25.51934803268072,1.8159111718284158,19.374355766492307,1.3786445107569587,1.5552087e7,3.264139755899319,3.264139755899319,1.873063820769211,1.0,5.31763557183372,0.3783934381959472,3.389046318702973,0.24115847568266482,2.8669373e7,0.8529855243660385,0.8529855243660385,0.3903027141948047,1.0,24.11546815244165,1.7160135899949558,17.425577818985847,1.2399729568537028,1.4720745e7,3.0975197150364413,3.0975197150364413,1.7700221361221684,1.0,1.2341053183312642,0.08781672760215864,0.7560100636108379,0.05379632421516134,2.7453411e7,0.33144544082415944,0.3314454400774366,0.09058060651960707,1.0,13.62438788775531,1.0,0,1.5719015376466122e6,8898.764562977478,0.03023841102240248,12960.0,1
4.8168e6,0.0006730992255993783,4.7500937219353946e-5,2.5477723569667693e-5,1.7979752490387612e-6,0.0,0.0,0.0,0.45442333368239024,0.03206887398367657,0.1780239113097285,0.0,0.0,0.0,0.5181462308349273,0.03656582959134739,2.977613e6,-0.0001317400092878835,-9.296956039265185e-6,0.0001317400092878835,9.296956039265185e-6,9.31396013521386,0.6572906620898177,0.0,0.0,0.0,0.0,0.0,0.0,0.0,0.0,0.0,0.0,0.2519730625744256,0.01778186063972674,0.2519730625744256,0.01778186063972674,1.476318e6,0.014200105686075108,0.001002108311893841,0.014200105686075108,0.001002108311893841,686.0,0.00013176900291645736,9.29900213362731e-6,7.719043823127723e-5,5.447366481655488e-6,1.687213e6,23.977152296791157,1.6920792100667914,18.328860026608837,1.2934764984330367,2.7287441e7,5.501972879048345,0.38827688158092705,3.402848818138653,0.24014068346820905,1.0766466e7,0.45160896828302155,0.031870262859100267,NaN,NaN,207814.0,0.2651877148993453,0.01871442503229849,0.2651877148993465,0.018714425032298577,1.476834e6,0.033463367216877205,0.033463367216877205,0.019334459373489436,1.0,0.25295851593557944,0.01785140455904872,0.2529585159355808,0.017851404559048812,1.476834e6,0.04050663759194794,0.04050663759194794,0.018442845858794778,1.0,0.0,0.0,0.0,0.0,0.0,0.0,0.0,0.0,1.0,0.0,0.0,0.0,0.0,0.0,0.0,0.0,0.0,1.0,25.55012958863291,1.8030849767436288,19.394816879475364,1.3687015880198874,1.5627133e7,3.2241062493703536,3.2241062493703536,1.8628236330869072,1.0,5.319231121395593,0.3753807075437514,3.3900704963439092,0.2392389111317451,2.8798689e7,0.8517766895701351,0.8517766895701351,0.3878175806668096,1.0,24.146050150120242,1.7039984130941377,17.44586138105502,1.2311628578403337,1.4793238e7,3.062891863487427,3.062891863487427,1.760454196888179,1.0,1.2356434351351187,0.0871999535961349,0.7569401852281183,0.05341763420587749,2.7580023e7,0.3296688014856845,0.3296687916409197,0.09008900659597585,1.0,13.715807087058202,1.0,0,1.5814657020980862e6,9564.164451474091,0.03228285353253086,11265.0,1
4.8384e6,0.004841783133893288,0.00035356317472292855,0.0007125696952747009,5.203421894488877e-5,0.0,0.0,0.0,0.08518976342847819,0.0062208410370186195,0.1876112390621576,0.0,0.0,0.0,0.537447845517137,0.039246236614534226,2.982369e6,-0.00015184723737626926,-1.1088392403170192e-5,0.00015184723737626926,1.1088392403170192e-5,10.64132419743209,0.7770650321289114,0.0,0.0,0.0,0.0,0.0,0.0,0.0,0.0,0.0,0.0,0.25850250345601167,0.018876716132934235,0.25850250345601167,0.018876716132934235,1.478677e6,0.02044283860511215,0.0014928043486656494,0.02044283860511215,0.0014928043486656494,692.0,0.00015187624307064942,1.1090510495845244e-5,8.897083402039829e-5,6.496947439424919e-6,1.729512e6,25.53667003366115,1.8647729316395494,19.33842384423058,1.4121562943703787,2.7411014e7,5.915180583135072,0.4319462413325747,3.653701162631706,0.26680546129916616,1.0852148e7,0.4686585292147234,0.03422301099985367,NaN,NaN,212640.0,0.27776137530753997,0.020283063275114695,0.277761375307541,0.020283063275114775,1.479198e6,0.037293319372138097,0.037293319372138097,0.02041003083248423,1.0,0.2596864702095947,0.018963173339419357,0.2596864702095959,0.018963173339419447,1.479198e6,0.04160240123797552,0.04160240123797552,0.019081878673333844,1.0,0.0,0.0,0.0,0.0,0.0,0.0,0.0,0.0,1.0,0.0,0.0,0.0,0.0,0.0,0.0,0.0,0.0,1.0,27.4332686029913,2.003268893313927,20.61427792836223,1.5053234206117547,1.5700836e7,3.6832970253702197,3.6832970253702197,2.015808920167292,1.0,5.429356824196634,0.3964697679309292,3.4520879326931446,0.252082989913732,2.8926336e7,0.8697961079068318,0.8697961079068318,0.39895158230592137,1.0,26.009108818494948,1.8992719895297703,18.64687818800349,1.361657320971524,1.4867643e7,3.5113172264875576,3.5113172264875576,1.911161018421517,1.0,1.3526696348475056,0.09877645429844427,0.8246705491356155,0.06022019768126924,2.7706458e7,0.3606543067177708,0.3606474944453047,0.09939477338357397,1.0,13.60906201402989,1.0,0,1.5910626635170972e6,9596.961419011,0.03264764088374457,10675.0,1
4.86e6,0.0037176498688288205,0.00025683188916480305,0.0006079308822406211,4.199858579384508e-5,0.0,0.0,0.0,0.0,0.0,0.18931891175582793,0.0,0.0,0.0,0.6260915849527908,0.04325320840509069,2.982785e6,-0.0001786590381004413,-1.2342565838820702e-5,0.0001786590381004413,1.2342565838820702e-5,13.545882039039201,0.93581014814233,0.0,0.0,0.0,0.0,0.0,0.0,0.0,0.0,0.0,0.0,0.30224190789665945,0.02088022350914072,0.30224190789665945,0.02088022350914072,1.478885e6,0.021607769159469974,0.0014927613868091169,0.021607769159469974,0.0014927613868091169,696.0,0.00017868817383340718,1.2344578665634376e-5,0.00010467303750366207,7.231281835358244e-6,1.734281e6,28.907015202698393,1.997025967096677,21.48320755904656,1.4841561140473183,2.7540614e7,6.141097027798649,0.42425446366490727,3.7815091048792975,0.2612435709568358,1.0860135e7,0.47295624377940276,0.032673933766769754,NaN,NaN,212845.0,0.3215007797481879,0.0222107125587642,0.321500779748189,0.022210712558764275,1.479406e6,0.0390860107711328,0.0390860107711328,0.0222107125587642,1.0,0.3045908052046005,0.02104249584632633,0.30459080520460174,0.021042495846326413,1.479406e6,0.04876220046673955,0.04876220046673955,0.02104249584632633,1.0,0.0,0.0,0.0,0.0,0.0,0.0,0.0,0.0,1.0,0.0,0.0,0.0,0.0,0.0,0.0,0.0,0.0,1.0,30.213549766675772,2.0872872214280687,22.569668669145216,1.5592137093712783,1.5779811e7,3.673170349818109,3.673170349818109,2.0872872214280687,1.0,6.265168946829717,0.4328259070448322,3.84189235018645,0.2654151157535015,2.9055936e7,1.0029962130277985,1.0029962130277985,0.4328259070448322,1.0,28.936378174102604,1.9990544925585467,20.511759278629714,1.417044119672238,1.4946548e7,3.5361681544086863,3.5361681544086863,1.9990544925585467,1.0,2.0221847544543916,0.13970157197466268,1.1635696464772078,0.0803845980723591,2.7836058e7,0.5368643142360261,0.5368643142360261,0.13970157197466268,1.0,14.475032212387346,1.0,0,1.5911464239453448e6,83.76042824750766,0.00026789561136401235,204.0,1
4.8816e6,0.0028854274615879565,0.00019392051461652248,0.0004999722241257712,3.3601562432998767e-5,0.0,0.0,0.0,0.0,0.0,0.18931891175582793,0.0,0.0,0.0,0.6260915849527908,0.042077648448074975,2.982785e6,-0.000178658923554158,-1.2007104963709435e-5,0.000178658923554158,1.2007104963709435e-5,13.535735089213007,0.9096942304585097,0.0,0.0,0.0,0.0,0.0,0.0,0.0,0.0,0.0,0.0,0.30224190789665945,0.020312729083733078,0.30224190789665945,0.020312729083733078,1.478885e6,0.021607769159469974,0.0014521902806086922,0.021607769159469974,0.0014521902806086922,696.0,0.00017868828919348164,1.2009078536071067e-5,0.00010467310508042261,7.034750543523977e-6,1.734281e6,29.025845367474204,1.9507358773602712,21.55280157094365,1.4484960816741648,2.7670213e7,6.141097027798649,0.4127238379041846,3.7815091048792975,0.25414334666437605,1.0860135e7,0.47295624377940276,0.031785903269363286,NaN,NaN,212845.0,0.3215007797481879,0.021607057355748176,0.321500779748189,0.021607057355748253,1.479406e6,0.03707721422775947,0.03707721422775947,0.021607057355748176,1.0,0.3045908052046005,0.02047059109232664,0.30459080520460174,0.020470591092326722,1.479406e6,0.04908057761632893,0.04908057761632893,0.02047059109232664,1.0,0.0,0.0,0.0,0.0,0.0,0.0,0.0,0.0,1.0,0.0,0.0,0.0,0.0,0.0,0.0,0.0,0.0,1.0,30.325396298049753,2.038074612636916,22.635171947853646,1.5212387942497752,1.5857571e7,3.4972892319737277,3.4972892319737277,2.038074612636916,1.0,6.2759962494610795,0.421789990782535,3.8482343441418756,0.25862774036616354,2.9185535e7,1.0112896245655,1.0112896245655,0.421789990782535,1.0,29.05234368328671,1.95251674591692,20.5796750084958,1.3830953026599384,1.5024308e7,3.3712722021625217,3.3712722021625217,1.95251674591692,1.0,2.033246633293252,0.13664811842247732,1.1700489946636314,0.07863531701706572,2.7965645e7,0.5423493217702414,0.5423493217702414,0.13664811842247732,1.0,14.879433809743569,1.0,0,1.5911464239453448e6,0.0,0.0,0.0,1
4.9032e6,0.0022422631668474356,0.00014976063479480887,0.0003875898569155475,2.588710543433325e-5,0.0,0.0,0.0,0.0,0.0,0.18931891175582793,0.0,0.0,0.0,0.6260915849527908,0.04181662286057508,2.982785e6,-0.00017865883014032304,-1.1932613534891644e-5,0.00017865883014032304,1.1932613534891644e-5,13.529318098789641,0.9036224189796425,0.0,0.0,0.0,0.0,0.0,0.0,0.0,0.0,0.0,0.0,0.30224190789665945,0.020186720567611966,0.30224190789665945,0.020186720567611966,1.478885e6,0.021607769159469974,0.0014431817253510169,0.021607769159469974,0.0014431817253510169,696.0,0.00017868838334747592,1.1934587391987848e-5,0.00010467316022428849,6.991114670633475e-6,1.734281e6,29.09176191076742,1.9430371936143074,21.592049761052216,1.4421318275868102,2.7799813e7,6.141097027798649,0.41016353602806876,3.7815091048792975,0.2525667871649991,1.0860135e7,0.47295624377940276,0.03158872176371572,NaN,NaN,212845.0,0.3215007797481879,0.02147301956969205,0.321500779748189,0.021473019569692123,1.479406e6,0.0364976843372989,0.0364976843372989,0.02147301956969205,1.0,0.3045908052046005,0.020343603290882875,0.30459080520460174,0.020343603290882955,1.479406e6,0.04943324294863505,0.04943324294863505,0.020343603290882875,1.0,0.0,0.0,0.0,0.0,0.0,0.0,0.0,0.0,1.0,0.0,0.0,0.0,0.0,0.0,0.0,0.0,0.0,1.0,30.388807090789243,2.0296667705478306,22.67293945543932,1.5143243914071272,1.5933451e7,3.449823945856068,3.449823945856068,2.0296667705478306,1.0,6.280335667612159,0.41946327719794896,3.850789632135017,0.25719402980722794,2.9315134e7,1.019260442374512,1.019260442374512,0.41946327719794896,1.0,29.11683432344082,1.944711778691261,20.618074264601592,1.3770800572238717,1.5100185e7,3.3271120630741517,3.3271120630741517,1.944711778691261,1.0,2.037971844490338,0.1361160285007647,1.1728257825779245,0.0783329701435261,2.8094473e7,0.5478893801603172,0.5478893801603172,0.1361160285007647,1.0,14.972313451526308,1.0,0,1.5911464239453448e6,0.0,0.0,0.0,1
4.9248e6,0.0017525116258910124,0.00011796849936951328,0.00028185194827225565,1.8972571075040305e-5,0.0,0.0,0.0,0.0,0.0,0.18931891175582793,0.0,0.0,0.0,0.6260915849527908,0.04214470457918327,2.982785e6,-0.00017865143823919807,-1.202573595970777e-5,0.00017865143823919807,1.202573595970777e-5,13.526064818876879,0.910493000721985,0.0,0.0,0.0,0.0,0.0,0.0,0.0,0.0,0.0,0.0,0.30224190789665945,0.02034510002352756,0.30224190789665945,0.02034510002352756,1.478885e6,0.021607769159469974,0.0014545045321280197,0.021607769159469974,0.0014545045321280197,696.0,0.00017869577533945676,1.2028720465548781e-5,0.00010467749027440274,7.0462565058076636e-6,1.738727e6,29.128116543618106,1.960728903218481,21.617188042798578,1.4551385544737756,2.7929413e7,6.141097027798649,0.41338156628984224,3.7815091048792975,0.25454835669233083,1.0860135e7,0.47295624377940276,0.031836558184161014,NaN,NaN,212845.0,0.3215007797481879,0.02164149097369856,0.321500779748189,0.021641490973698635,1.479406e6,0.036802313335995124,0.036802313335995124,0.02164149097369856,1.0,0.3045908052046005,0.02050321360548455,0.30459080520460174,0.020503213605484634,1.479406e6,0.04978272588624298,0.04978272588624298,0.02050321360548455,1.0,0.0,0.0,0.0,0.0,0.0,0.0,0.0,0.0,1.0,0.0,0.0,0.0,0.0,0.0,0.0,0.0,0.0,1.0,30.42353257681635,2.0479284876537105,22.697027183085716,1.5278268043308187,1.6009167e7,3.4825930424081997,3.4825930424081997,2.0479284876537105,1.0,6.282830233217541,0.4229221897625093,3.8523451184544477,0.25931660935286904,2.9444685e7,1.0268741207731793,1.0268741207731793,0.4229221897625093,1.0,29.151600750761258,1.9623097182240032,20.642180531715407,1.389506936824445,1.5175895e7,3.359103154262583,3.359103154262583,1.9623097182240032,1.0,2.04042705229136,0.13734922717524983,1.1743263109299993,0.07904855558382685,2.8224043e7,0.5532324073117577,0.5532324073117577,0.13734922717524983,1.0,14.85575925147282,1.0,0,1.5911464239453448e6,0.0,0.0,0.0,1
4.9464e6,0.001390993924496136,9.471755678794559e-5,0.0001884011396015271,1.2828881079107027e-5,0.0,0.0,0.0,0.0,0.0,0.18931891175582793,0.0,0.0,0.0,0.6260915849527908,0.042632727726472225,2.982785e6,-0.0001786455960662193,-1.2164592592629632e-5,0.0001786455960662193,1.2164592592629632e-5,13.523875167247025,0.9208871380303183,0.0,0.0,0.0,0.0,0.0,0.0,0.0,0.0,0.0,0.0,0.30224190789665945,0.02058069023217965,0.30224190789665945,0.02058069023217965,1.478885e6,0.021607769159469974,0.0014713472621127916,0.021607769159469974,0.0014713472621127916,696.0,0.00017870161751243555,1.2168407285433018e-5,0.00010468091247234662,7.128083090158023e-6,1.741652e6,29.155089432239695,1.985270237579292,21.633197730421013,1.4730787808999521,2.8059013e7,6.141097027798649,0.41816840190837096,3.7815091048792975,0.25749595097281325,1.0860135e7,0.47295624377940276,0.032205216061325405,NaN,NaN,212845.0,0.3215007797481879,0.02189209300407147,0.321500779748189,0.021892093004071547,1.479406e6,0.03735092967917325,0.03735092967917325,0.02189209300407147,1.0,0.3045908052046005,0.02074063472240059,0.30459080520460174,0.020740634722400675,1.479406e6,0.05012248404215804,0.05012248404215804,0.02074063472240059,1.0,0.0,0.0,0.0,0.0,0.0,0.0,0.0,0.0,1.0,0.0,0.0,0.0,0.0,0.0,0.0,0.0,0.0,1.0,30.449186904695566,2.07338978194098,22.71226383104603,1.54655610014915,1.6084766e7,3.5374888974019583,3.5374888974019583,2.07338978194098,1.0,6.284756777466629,0.42795068798287544,3.853474245452903,0.26239630471914765,2.9573986e7,1.0341993780009806,1.0341993780009806,0.42795068798287544,1.0,29.177229522418084,1.9867778324090262,20.657402380568666,1.406633521984438,1.5251493e7,3.4115211516988126,3.4115211516988126,1.9867778324090262,1.0,2.0421937309880898,0.1390599896091697,1.1753621604339246,0.08003444890503685,2.8353504e7,0.5586252984985144,0.5586252984985144,0.1390599896091697,1.0,14.685703175497908,1.0,0,1.5911464239453448e6,0.0,0.0,0.0,1
4.968e6,0.0011328607063858054,7.815319787630879e-5,0.00010936782448466443,7.545009885213976e-6,0.0,0.0,0.0,0.0,0.0,0.18931891175582793,0.0,0.0,0.0,0.6260915849527908,0.043192476578707784,2.982785e6,-0.00017864075516218643,-1.2323974349419205e-5,0.00017864075516218643,1.2323974349419205e-5,13.52238424132172,0.9328751234942982,0.0,0.0,0.0,0.0,0.0,0.0,0.0,0.0,0.0,0.0,0.30224190789665945,0.02085090558901981,0.30224190789665945,0.02085090558901981,1.478885e6,0.021607769159469974,0.0014906654006680258,0.021607769159469974,0.0014906654006680258,696.0,0.00017870645841646854,1.2328507050927946e-5,0.00010468374814055543,7.22186729290288e-6,1.74437e6,29.18232189659986,2.0132146563289823,21.64968551042533,1.493557103815642,2.8188613e7,6.141097027798649,0.42365876800718494,3.7815091048792975,0.2608767588802285,1.0860135e7,0.47295624377940276,0.03262805629904099,NaN,NaN,212845.0,0.3215007797481879,0.022179526499077565,0.321500779748189,0.022179526499077642,1.479406e6,0.03801861800749214,0.03801861800749214,0.022179526499077565,1.0,0.3045908052046005,0.021012950079630055,0.30459080520460174,0.02101295007963014,1.479406e6,0.05044599561735958,0.05044599561735958,0.021012950079630055,1.0,0.0,0.0,0.0,0.0,0.0,0.0,0.0,0.0,1.0,0.0,0.0,0.0,0.0,0.0,0.0,0.0,0.0,1.0,30.474677224438313,2.102370985164227,22.727729765667718,1.5679286532254275,1.6160365e7,3.6037396649706617,3.6037396649706617,2.102370985164227,1.0,6.287159821978088,0.4337352711390578,3.854881976257755,0.26593856789458464,2.97034e7,1.04127252499333,1.04127252499333,0.4337352711390578,1.0,29.202666067975183,2.0146181493110964,20.672837007534103,1.4261667936819313,1.5327091e7,3.473941489495668,3.473941489495668,2.0146181493110964,1.0,2.044285406756881,0.14103008517228133,1.1765868626013296,0.0811697549162159,2.8482828e7,0.5642403370624413,0.5642403370624413,0.14103008517228133,1.0,14.495385181534825,1.0,0,1.5911464239453448e6,0.0,0.0,0.0,1
4.9896e6,0.0009512744325205739,6.645308424353307e-5,4.4712279713474864e-5,3.1234613156237625e-6,0.0,0.0,0.0,0.0,0.0,0.18931891175582793,0.0,0.0,0.0,0.6260915849527908,0.043736818121762264,2.982785e6,-0.00017863775116229926,-1.2479079770502322e-5,0.00017863775116229926,1.2479079770502322e-5,13.52112619764271,0.944543979699528,0.0,0.0,0.0,0.0,0.0,0.0,0.0,0.0,0.0,0.0,0.30224190789665945,0.02111368316098255,0.30224190789665945,0.02111368316098255,1.478885e6,0.021607769159469974,0.001509451799797025,0.021607769159469974,0.001509451799797025,696.0,0.0001787094624163555,1.2484089296506697e-5,0.00010468550781051681,7.313005197854779e-6,1.746355e6,29.21134347349504,2.0406139409922197,21.66750541660704,1.5136247896222685,2.8318212e7,6.141097027798649,0.42899800960138595,3.7815091048792975,0.26416450870900116,1.0860135e7,0.47295624377940276,0.03303925769149468,NaN,NaN,212845.0,0.3215007797481879,0.02245904827312368,0.321500779748189,0.022459048273123755,1.479406e6,0.038677429118374254,0.038677429118374254,0.02245904827312368,1.0,0.3045908052046005,0.02127776984863842,0.30459080520460174,0.0212777698486385,1.479406e6,0.05075067314305857,0.05075067314305857,0.02127776984863842,1.0,0.0,0.0,0.0,0.0,0.0,0.0,0.0,0.0,1.0,0.0,0.0,0.0,0.0,0.0,0.0,0.0,0.0,1.0,30.501998201016455,2.130775081043085,22.74452855247527,1.5888622886376096,1.6236007e7,3.669474376742137,3.669474376742137,2.130775081043085,1.0,6.289470697729583,0.4393629344331372,3.856260301648283,0.269386395691743,2.9832707e7,1.047946511086926,1.047946511086926,0.4393629344331372,1.0,29.229932019526483,2.041912479219637,20.68960535373505,1.4453117213443791,1.5402731e7,3.535323182145264,3.535323182145264,2.041912479219637,1.0,2.0461802277886925,0.14293981043346587,1.1777120468093192,0.08227131433972479,2.8612119e7,0.5696653251004558,0.5696653251004558,0.14293981043346587,1.0,14.31497790282244,1.0,0,1.5911464239453448e6,0.0,0.0,0.0,1
5.0112e6,0.0008191272697694283,5.791664172182037e-5,2.343094304952353e-5,1.6566919255241224e-6,0.0,0.0,0.0,0.009926493189059487,0.0007018557076566092,0.18574126038335692,0.0,0.0,0.0,0.6260938564930776,0.044268155766501796,2.983099e6,-0.00017863545899829124,-1.2630474236963441e-5,0.00017863545899829124,1.2630474236963441e-5,13.520023875883435,0.9559373833450939,0.0,0.0,0.0,0.0,0.0,0.0,0.0,0.0,0.0,0.0,0.3022425860272918,0.021370153594015354,0.3022425860272918,0.021370153594015354,1.479041e6,0.02160868443849208,0.0015278485784709615,0.02160868443849208,0.0015278485784709615,697.0,0.0001787117545803637,1.2635868739203725e-5,0.00010468685048277495,7.401915472919522e-6,1.748692e6,29.23807496529951,2.0672869466031027,21.684516371906927,1.5332102982924698,2.8447177e7,6.141101773651006,0.4342084610391461,3.7815122180272858,0.2673729667916211,1.0884879e7,0.47295624377940276,0.0334405144743625,NaN,NaN,212845.0,0.32150235998300736,0.022731921745319128,0.32150235998300847,0.022731921745319208,1.479563e6,0.03933449866787867,0.03933449866787867,0.022747887479984085,1.0,0.3045914965100679,0.021536234021182505,0.30459149651006906,0.021536234021182588,1.479563e6,0.05103002380976452,0.05103002380976452,0.021551359966182532,1.0,0.0,0.0,0.0,0.0,0.0,0.0,0.0,0.0,1.0,0.0,0.0,0.0,0.0,0.0,0.0,0.0,0.0,1.0,30.526950099146802,2.1584172533406734,22.76042789667954,1.6092829485439664,1.631167e7,3.7348474769291067,3.7348474769291067,2.1599332147956347,1.0,6.291849265444919,0.4448671081076886,3.8577257168417147,0.27276166531028245,2.9962047e7,1.054110904282881,1.054110904282881,0.44517955992275243,1.0,29.25483429531467,2.0684719201082076,20.70547606900961,1.4639869571258557,1.5478393e7,3.5964299609187904,3.5964299609187904,2.0699247085793435,1.0,2.0480919072484918,0.14481095866685034,1.1788801088534113,0.08335307517800315,2.8741512e7,0.5746298903967061,0.5746298903967061,0.14491266644890924,1.0,14.13328425621491,1.0,0,1.591188870176076e6,42.446230731206015,0.0001390408088430504,1275.0,1
5.0328e6,0.0007482985287763101,5.3303329364648634e-5,2.2947618564487896e-5,1.6346209747030948e-6,0.0,0.0,0.0,0.0457325382319182,0.0032576524666481418,0.18369390157153478,0.0,0.0,0.0,0.6261280407588282,0.04460079486670582,2.986749e6,-0.0001786344623977274,-1.2724616204489924e-5,0.0001786344623977274,1.2724616204489924e-5,13.518522963454593,0.9629609765810335,0.0,0.0,0.0,0.0,0.0,0.0,0.0,0.0,0.0,0.0,0.3022589885217994,0.021530725771905443,0.3022589885217994,0.021530725771905443,1.480793e6,0.021610063715227494,0.001539343322894798,0.021610063715227494,0.001539343322894798,698.0,0.00017871275118092734,1.2730192926394334e-5,0.00010468743426084711,7.457169263544055e-6,1.750344e6,29.279465849710096,2.0856555930428926,21.720210167991596,1.5471893528203595,2.8573097e7,6.141306712635285,0.437461897684396,3.781644555347248,0.26937677614218786,1.0946352e7,0.47295624377940276,0.033689953230920576,NaN,NaN,212845.0,0.3215199330069432,0.02290273497449568,0.32151993300694426,0.022902734974495756,1.481315e6,0.03970761242720335,0.03970761242720335,0.022977587970625813,1.0,0.3046081077518828,0.02169805989220998,0.30460810775188396,0.021698059892210065,1.481315e6,0.05127578910115392,0.05127578910115392,0.021768975649430755,1.0,0.0,0.0,0.0,0.0,0.0,0.0,0.0,0.0,1.0,0.0,0.0,0.0,0.0,0.0,0.0,0.0,0.0,1.0,30.565609088673398,2.1772710567117652,22.794173136984732,1.623690641624563,1.6387222e7,3.7748432824792792,3.7748432824792792,2.18438703050982,1.0,6.295544103638112,0.4484486444663416,3.86027084702076,0.27497753968858657,3.0091075e7,1.0597518041053051,1.0597518041053051,0.4499143089245901,1.0,29.29340562148174,2.086648560712129,20.739168082301802,1.4773070700105575,1.5553978e7,3.634548344532071,3.634548344532071,2.0934683530563127,1.0,2.050810135946249,0.1460847561994612,1.180755361313645,0.08410839992709665,2.8870752e7,0.578599295116633,0.578599295116633,0.14656220492786184,1.0,13.992762574469053,1.0,0,1.5917864697495403e6,597.5995734643657,0.001977211202748958,5626.0,1
5.0544e6,0.0007013299809175749,5.040250449182516e-5,2.244659345852097e-5,1.6131700603175015e-6,0.0,0.0,0.0,0.07689478164744945,0.005526199767351716,0.18369390157153478,0.0,0.0,0.0,0.6261434461235972,0.04499907135651248,2.987515e6,-0.00017863260231977193,-1.2837795026285749e-5,0.00017863260231977193,1.2837795026285749e-5,13.515490085739431,0.9713181644743647,0.0,0.0,0.0,0.0,0.0,0.0,0.0,0.0,0.0,0.0,0.30226669120418387,0.02172301010319781,0.30226669120418387,0.02172301010319781,1.481175e6,0.021610063715227494,0.0015530511501167267,0.021610063715227494,0.0015530511501167267,698.0,0.0001787146117786852,1.28436888027301e-5,0.00010468852419860778,7.52365356498714e-6,1.751692e6,29.311980900044507,2.106565082310976,21.748407513423814,1.5629935083499842,2.869858e7,6.14169737216566,0.4413855643002829,3.7818968472034973,0.2717937034139088,1.0993008e7,0.47295624377940276,0.033989961715795707,NaN,NaN,212845.0,0.3215276356893277,0.023107237025393725,0.32152763568932874,0.0231072370253938,1.481697e6,0.04019944168861929,0.04019944168861929,0.02323564182383487,1.0,0.3046158104342672,0.021891834331118593,0.30461581043426844,0.021891834331118683,1.481697e6,0.05149367970678373,0.05149367970678373,0.022013485248175663,1.0,0.0,0.0,0.0,0.0,0.0,0.0,0.0,0.0,1.0,0.0,0.0,0.0,0.0,0.0,0.0,0.0,0.0,1.0,30.596363286994055,2.198869832983048,22.821038334636782,1.6400803023774173,1.6461896e7,3.825353049987158,3.825353049987158,2.21108875112511,1.0,6.29816161726602,0.452630185279074,3.862161219610054,0.2775620656696648,3.0219307e7,1.0646706636753485,1.0646706636753485,0.45514540973647094,1.0,29.32410869891576,2.1074366712259183,20.766001811943482,1.4923909259295465,1.562898e7,3.682775339208322,3.682775339208322,2.1191475036676706,1.0,2.0527284542619597,0.14752350241903517,1.1821397805923537,0.08495687796394646,2.8999082e7,0.5817558727521416,0.5817558487477155,0.1483432770018912,1.0,13.837691169757493,1.0,0,1.5931227746921426e6,1336.3049426022917,0.004470830343441255,6480.0,1
5.076e6,0.0006461381205470886,4.707336308762238e-5,2.19535523386746e-5,1.5993910704827974e-6,0.0,0.0,0.0,0.11111010385445433,0.008094749551404913,0.1821346923891155,0.0,0.0,0.0,0.6261965000684817,0.04562054810659292,2.992023e6,-0.00017862966625884356,-1.3013779671293284e-5,0.00017862966625884356,1.3013779671293284e-5,13.514463988379608,0.984574737241847,0.0,0.0,0.0,0.0,0.0,0.0,0.0,0.0,0.0,0.0,0.3022920142857853,0.022023002968645417,0.3022920142857853,0.022023002968645417,1.483402e6,0.021612471496909487,0.0015745421693019687,0.021612471496909487,0.0015745421693019687,700.0,0.00017871754816767033,1.3020182167712368e-5,0.000104690244468659,7.627040926532037e-6,1.753601e6,29.33376181289736,2.1370644706354516,21.771998426995207,1.5861642495714636,2.8826105e7,6.144459672128814,0.44764481761031444,3.7834390354329206,0.27563642164313124,1.1079569e7,0.47295624377940276,0.03445647343811742,NaN,NaN,212845.0,0.3215553662433561,0.023426403777462593,0.3215553662433572,0.02342640377746267,1.483926e6,0.04104411421007166,0.04104411421007166,0.023617582190302813,1.0,0.3046411338251233,0.022194144329130167,0.30464113382512453,0.022194144329130253,1.483926e6,0.0517113454776848,0.0517113454776848,0.022375266507655575,1.0,0.0,0.0,0.0,0.0,0.0,0.0,0.0,0.0,1.0,0.0,0.0,0.0,0.0,0.0,0.0,0.0,0.0,1.0,30.618416192949326,2.2306559182706533,22.844778094406426,1.6643199026604796,1.6537611e7,3.9082096058189646,3.9082096058189646,2.24885987574098,1.0,6.300813732359077,0.45903574350277115,3.863930861501126,0.2815005253596651,3.0348393e7,1.0695323760566002,1.0695323760566002,0.462781846648326,1.0,29.34610460203096,2.137963684868328,20.7897038951198,1.5146007468349194,1.5704238e7,3.76227731476561,3.76227731476561,2.1554111987021147,1.0,2.054683937640859,0.1496907239352783,1.1834361546008245,0.0862173551211863,2.9126879e7,0.5848377182952803,0.5848375949188109,0.15091232138107927,1.0,13.615084035798725,1.0,0,1.5950925210646444e6,1969.7463725018315,0.0066978625655284,7243.0,1
5.0976e6,0.000578953753112841,4.281119283781536e-5,2.149892232637161e-5,1.5897548026433113e-6,0.0,0.0,0.0,0.1551949201164397,0.01147601102304157,0.1821346923891155,0.0,0.0,0.0,0.6268417059128588,0.046352305354846024,3.003253e6,-0.00017862627461842192,-1.3208661050167415e-5,0.00017862627461842192,1.3208661050167415e-5,13.51450874544051,0.9993410300885107,0.0,0.0,0.0,0.0,0.0,0.0,0.0,0.0,0.0,0.0,0.3026146172079742,0.02237707703452302,0.3026146172079742,0.02237707703452302,1.488903e6,0.021612471496909487,0.0015981512857999266,0.021612471496909487,0.0015981512857999266,700.0,0.00017872093983206807,1.3215661144207133e-5,0.0001046922313032094,7.741549785012454e-6,1.754865e6,29.355896026013646,2.1707449324567705,21.800696809063982,1.6120697552670957,2.8950235e7,6.150055642166578,0.4547707250267552,3.786677039979718,0.28000882644162267,1.1171591e7,0.47295624377940276,0.03497312323725868,NaN,NaN,212845.0,0.3218779691655447,0.023801520819409443,0.32187796916554573,0.023801520819409522,1.489427e6,0.04205113641323648,0.04205113641323648,0.024077838357814737,1.0,0.304963736747312,0.02255078453543642,0.30496373674731303,0.0225507845354365,1.489427e6,0.05196691358945649,0.05196691358945649,0.022812581977676275,1.0,0.0,0.0,0.0,0.0,0.0,0.0,0.0,0.0,1.0,0.0,0.0,0.0,0.0,0.0,0.0,0.0,0.0,1.0,30.642075324856453,2.26585247721438,22.874959665370646,1.69150697119768,1.6613188e7,4.0031757774869705,4.0031757774869705,2.2921572996517283,1.0,6.304732186735878,0.4662084043602764,3.866964483818269,0.285945744929752,3.0477744e7,1.0743489578377101,1.0743489578377101,0.4716207290454974,1.0,29.36920946163381,2.1717294049756966,20.819407692466843,1.5395075559991662,1.5778563e7,3.8534080711282233,3.8534080711282233,2.1969415301931714,1.0,2.0572535254015416,0.15212523784274512,1.1853773506591185,0.08765366503247328,2.9251787e7,0.5878861505138437,0.5878860809191099,0.15389129605259486,1.0,13.368225352384073,1.0,0,1.5979922622056915e6,2899.741141047096,0.010042266008370002,8640.0,1
5.1192e6,0.0005004237553908775,3.756288817453166e-5,2.1093277167518774e-5,1.5833069532421187e-6,0.0,0.0,0.0,0.18905260640139485,0.014190697057961443,0.1821346923891155,0.0,0.0,0.0,0.6280532337646745,0.04714303254674292,3.013911e6,-0.0001786232379838639,-1.3407846133363133e-5,0.0001786232379838639,1.3407846133363133e-5,13.51673578913869,1.0145953893326347,0.0,0.0,0.0,0.0,0.0,0.0,0.0,0.0,0.0,0.0,0.3032203811338828,0.022760376872745354,0.3032203811338828,0.022760376872745354,1.4941e6,0.021612471496909487,0.0016222788012522538,0.021612471496909487,0.0016222788012522538,700.0,0.00017872397646662586,1.341540778151052e-5,0.00010469401010731362,7.858558575287008e-6,1.75704e6,29.412984989345706,2.2078021959029317,21.882787055908807,1.642569271089355,2.9072947e7,6.158563406952737,0.46227507403287726,3.791503445597022,0.2845984396345639,1.1263431e7,0.47295624377940276,0.035501117413292364,NaN,NaN,212845.0,0.3224837330914525,0.024206325686433564,0.3224837330914535,0.02420632568643364,1.494624e6,0.04314431135636513,0.04314431135636513,0.024554775060645573,1.0,0.3055695006732198,0.022936706860309197,0.3055695006732209,0.02293670686030928,1.494624e6,0.052258437673227,0.052258437673227,0.023266880107397178,1.0,0.0,0.0,0.0,0.0,0.0,0.0,0.0,0.0,1.0,0.0,0.0,0.0,0.0,0.0,0.0,0.0,0.0,1.0,30.698015621366725,2.3042593712697372,22.956181029467302,1.7231405416608339,1.6689204e7,4.107012565546088,4.107012565546088,2.337429119803324,1.0,6.314348557956494,0.4739686440190501,3.875126174410057,0.2908753423143731,3.0606812e7,1.079878684999663,1.079878684999663,0.4807914092558705,1.0,29.42408304680306,2.2086352400714673,20.89975302853697,1.568780613288557,1.5851455e7,3.95319614669606,3.95319614669606,2.2404284819386877,1.0,2.063806817136737,0.15491379825762075,1.1908570212594567,0.08938830069424854,2.9375751e7,0.5918695082466843,0.591867395200449,0.15714377800584525,1.0,13.133239147782039,1.0,0,1.60173477286255e6,3742.5106568585616,0.013192814073688103,8640.0,1
5.1408e6,0.0004145042964902271,3.15143022224708e-5,2.0737301162058435e-5,1.576634021970657e-6,0.0,0.0,0.0,0.22251298652925164,0.016917415730750434,0.1821346923891155,0.0,0.0,0.0,0.6284259535720192,0.04777852869802509,3.023101e6,-0.00017862104451421893,-1.3580360029506291e-5,0.00017862104451421893,1.3580360029506291e-5,13.517869374759952,1.0277486252548689,0.0,0.0,0.0,0.0,0.0,0.0,0.0,0.0,0.0,0.0,0.3034067410375559,0.023067678222770623,0.3034067410375559,0.023067678222770623,1.498616e6,0.021612471496909487,0.001643172252483998,0.021612471496909487,0.001643172252483998,700.0,0.00017872616993627107,1.3588352598823106e-5,0.00010469529498710134,7.959867232816571e-6,1.758224e6,29.44795036535649,2.238895025948288,21.924078720277215,1.6668634042888553,2.919574e7,6.162187823534444,0.46850431000797277,3.793569166097506,0.28842085887778496,1.1352829e7,0.47295624377940276,0.03595833898628863,NaN,NaN,212845.0,0.32267009299512495,0.02453224952046034,0.32267009299512595,0.024532249520460417,1.49914e6,0.04405312622392876,0.04405312622392876,0.024954413711535527,1.0,0.30575586057689225,0.023246279177564593,0.3057558605768933,0.023246279177564673,1.49914e6,0.05246385591426419,0.05246385591426419,0.023646313696874355,1.0,0.0,0.0,0.0,0.0,0.0,0.0,0.0,0.0,1.0,0.0,0.0,0.0,0.0,0.0,0.0,0.0,0.0,1.0,30.7322276488702,2.3365372043112305,22.996838639795094,1.7484241519146329,1.6764936e7,4.195773742745495,4.195773742745495,2.3767455976733007,1.0,6.3189110696190305,0.48041980469455864,3.878862822695203,0.2949056410487771,3.0736009e7,1.0842455783710865,1.0842455783710865,0.48868712800122177,1.0,29.457986668154003,2.239658074925669,20.94007738291421,1.5920508732836325,1.5922069e7,4.03861678598308,4.03861678598308,2.278199319938583,1.0,2.0670543077783075,0.15715584788183642,1.1934092726942385,0.09073358421912528,2.9497968e7,0.5946416712839007,0.5946395704671804,0.15986027053734694,1.0,12.93038164410836,1.0,0,1.6061900093343835e6,4455.236471833428,0.01595165196566704,8640.0,1
5.1624e6,0.00032566209931415504,2.5062634293809074e-5,2.0424082983460387e-5,1.5718173029004591e-6,0.0,0.0,0.0,0.24314247078956122,0.018712004987763275,0.1821346923891155,0.0,0.0,0.0,0.6287643086030712,0.0483890816791573,3.032003e6,-0.00017861956577292136,-1.3746385791019568e-5,0.00017861956577292136,1.3746385791019568e-5,13.520129228591308,1.040495824275658,0.0,0.0,0.0,0.0,0.0,0.0,0.0,0.0,0.0,0.0,0.3035759185530824,0.02336290358358066,0.3035759185530824,0.02336290358358066,1.503026e6,0.021612471496909487,0.001663274511996217,0.021612471496909487,0.001663274511996217,700.0,0.00017872764867756855,1.3754703744868941e-5,0.00010469616120673984,8.057313411097789e-6,1.758997e6,29.49001219150086,2.269522282243152,21.981265729035854,1.6916565527338865,2.9319835999999996e7,6.174749499697032,0.47520263761949144,3.800879291371427,0.2925119253212827,1.1432767e7,0.47295624377940276,0.036398246525402675,NaN,NaN,212845.0,0.322839270510651,0.02484539217037731,0.3228392705106519,0.024845392170377383,1.50355e6,0.044940850188635036,0.044940850188635036,0.02531916450284046,1.0,0.3059250380924182,0.023543689508779834,0.3059250380924193,0.023543689508779914,1.50355e6,0.0526551328176408,0.0526551328176408,0.023992639906377577,1.0,0.0,0.0,0.0,0.0,0.0,0.0,0.0,0.0,1.0,0.0,0.0,0.0,0.0,0.0,0.0,0.0,0.0,1.0,30.78078484166603,2.368858873623205,23.057399631993675,1.774474757608822,1.684016e7,4.284840063198828,4.284840063198828,2.4140302191240655,1.0,6.324804120586492,0.4867506933968413,3.8839684913464136,0.29890638828496147,3.0864596e7,1.088611128698907,1.088611128698907,0.49603245517211436,1.0,29.506241220185707,2.270771252300548,21.000314393647674,1.616163504477322,1.5995446e7,4.124497125202073,4.124497125202073,2.3140721825219424,1.0,2.0713908441411735,0.15941219845842286,1.1970457016236,0.09212345776788515,2.9618233e7,0.5975295457476419,0.5975281758029356,0.1624520011135314,1.0,12.750786878233399,1.0,0,1.611277052459857e6,5087.0431254734285,0.01847033112999413,8640.0,1
5.184e6,0.0002625098726610293,2.0456002280762268e-5,2.276628150926743e-5,1.7740555879184143e-6,0.0,0.0,0.0,0.24281804567141524,0.01892152262965953,0.17989354990080542,0.0,0.0,0.0,0.6287699696263427,0.04899670935180308,3.040643e6,-0.00017861854300877557,-1.3918795838555034e-5,0.00017861854300877557,1.3918795838555034e-5,13.524206075114941,1.053869660267144,0.0,0.0,0.0,0.0,0.0,0.0,0.0,0.0,0.0,0.0,0.3035787490647186,0.023656282029733893,0.3035787490647186,0.023656282029733893,1.507346e6,0.021612471496909487,0.0016841452923355988,0.021612471496909487,0.0016841452923355988,700.0,0.00017872867144171425,1.3927377563320409e-5,0.00010469676031565266,8.158463322142902e-6,1.759341e6,29.525985270388187,2.30080345516269,22.027847079941626,1.7165133087753088,2.9444486e7,6.219111430433969,0.48462237368704514,3.826850823065661,0.29820619076620897,1.1501107e7,0.47295624377940276,0.03685497198021567,NaN,NaN,212845.0,0.32284210102228666,0.025157372893801946,0.32284210102228766,0.025157372893802023,1.50787e6,0.04586680439918351,0.04586680439918351,0.025642569350041368,1.0,0.305927868604054,0.023839336458000973,0.30592786860405496,0.023839336458001046,1.50787e6,0.05280103542463832,0.05280103542463832,0.0242991126682336,1.0,0.0,0.0,0.0,0.0,0.0,0.0,0.0,0.0,1.0,0.0,0.0,0.0,0.0,0.0,0.0,0.0,0.0,1.0,30.85566965378394,2.4044187078147683,23.126306343361374,1.8021104140196276,1.6914806e7,4.3837249235292015,4.3837249235292015,2.450791412996354,1.0,6.330128428275759,0.49327333960323927,3.8884891754099407,0.303009340694841,3.0992846e7,1.0925364103277686,1.0925364103277686,0.5027868320232622,1.0,29.58104557786581,2.305094012938382,21.06916340849165,1.6418081741801118,1.6067486e7,4.220008559200337,4.220008559200337,2.3495510971934697,1.0,2.075556191537573,0.1617370872857303,1.2005683840573824,0.09355392752866452,2.9739613e7,0.6001064670106425,0.6001061618510269,0.16485642180149193,1.0,12.590083958250691,1.0,0,1.6164143443675668e6,5137.29190770979,0.01889086594724692,9750.0,1
5.2056e6,0.00022520352801934268,1.7863060381698737e-5,2.2510775191066086e-5,1.7855463456252877e-6,0.0,0.0,0.0,0.1544923188308934,0.012254273474560625,0.17989354990080542,0.0,0.0,0.0,0.6290925391708516,0.04989938706430883,3.049363e6,-0.00017861797657140127,-1.4167911705529524e-5,0.00017861797657140127,1.4167911705529524e-5,13.53229858717973,1.0733769088431244,0.0,0.0,0.0,0.0,0.0,0.0,0.0,0.0,0.0,0.0,0.30374003383697246,0.024092546917395725,0.30374003383697246,0.024092546917395725,1.51015e6,0.021612471496909487,0.0017142932295176035,0.021612471496909487,0.0017142932295176035,700.0,0.00017872923787908864,1.4176736911221662e-5,0.00010469709211714362,8.304534545818392e-6,1.759468e6,29.573219741413034,2.3457368300053156,22.082301139018274,1.7515599426100392,2.9573145e7,6.369303893413231,0.5052108243511055,3.9149279380953237,0.3105306331710292,1.1561073e7,0.47295624377940276,0.03751471397822535,NaN,NaN,212845.0,0.3230033857945412,0.02562050885564036,0.32300338579454213,0.025620508855640437,1.510674e6,0.04730439246571802,0.04730439246571802,0.02593836466978681,1.0,0.30608915337630843,0.024278878208668316,0.3060891533763095,0.0242788782086684,1.510674e6,0.052967350669056217,0.052967350669056217,0.024580089345537667,1.0,0.0,0.0,0.0,0.0,0.0,0.0,0.0,0.0,1.0,0.0,0.0,0.0,0.0,0.0,0.0,0.0,0.0,1.0,31.043718192497188,2.4623762221761814,23.264344577799985,1.8453191901069743,1.6991557e7,4.546405064333092,4.546405064333092,2.492925209444339,1.0,6.339581475199626,0.5028532531535791,3.89583829331972,0.30901644962208186,3.1120164e7,1.0970360477920216,1.0970360477920216,0.5090918033353072,1.0,29.768753405772998,2.3612464877972523,21.206834802119417,1.682118277216477,1.6143772e7,4.377614188058081,4.377614188058081,2.3905408288662824,1.0,2.0834491011251237,0.16525841057160304,1.2063781152272257,0.09568946501412251,2.9862852e7,0.6037094058335242,0.6037090636988397,0.16730865660429342,1.0,12.45272745242794,1.0,0,1.6208576432810135e6,4443.298913446721,0.01651913476913311,10800.0,1
5.2272e6,0.000189514157791804,1.5110968327508002e-5,2.2276567998546788e-5,1.7762288442925862e-6,0.0,0.0,0.0,0.20296660264336258,0.01618360306070175,0.17989354990080542,0.0,0.0,0.0,0.6290926441507527,0.050160891046850356,3.058003e6,-0.00017861772136952087,-1.4242137694597124e-5,0.00017861772136952087,1.4242137694597124e-5,13.533247104680042,1.0790775251304396,0.0,0.0,0.0,0.0,0.0,0.0,0.0,0.0,0.0,0.0,0.303740086326923,0.024218807068350737,0.303740086326923,0.024218807068350737,1.513257e6,0.021612471496909487,0.0017232769101490986,0.021612471496909487,0.0017232769101490986,700.0,0.00017872949308096893,1.4251049845600949e-5,0.00010469724158238767,8.34806602294562e-6,1.761559e6,29.58266720514765,2.358782860282581,22.087879382512657,1.761183700785232,2.9702742e7,6.391816854339125,0.5096534378569127,3.9281317216971887,0.3132107633776624,1.1663103e7,0.47295624377940276,0.03771130823850666,NaN,NaN,212845.0,0.3230034382844917,0.02575477622603363,0.3230034382844927,0.02575477622603371,1.513781e6,0.04767956518184286,0.04767956518184286,0.02617843767003479,1.0,0.30608920586625893,0.024406114820816557,0.30608920586626,0.02440611482081664,1.513781e6,0.05307721278341219,0.05307721278341219,0.024807591026887933,1.0,0.0,0.0,0.0,0.0,0.0,0.0,0.0,0.0,1.0,0.0,0.0,0.0,0.0,0.0,0.0,0.0,0.0,1.0,31.075166046474223,2.4777877039465808,23.282826421377667,1.8564631620546925,1.7065633e7,4.5871041278033235,4.5871041278033235,2.5185468667274717,1.0,6.340473548631723,0.5055595639457803,3.896360665312685,0.3106774886484724,3.1246993e7,1.0994659636425281,1.0994659636425281,0.5138759279867678,1.0,29.800198467799596,2.3761277808862835,21.22531491363829,1.692406863627169,1.6217661e7,4.416600256308256,4.416600256308256,2.4152146561884256,1.0,2.084124867970602,0.16617832270385427,1.206773886871417,0.09622247854965454,2.9987087e7,0.6047625318592144,0.6047622169877125,0.16891192627084006,1.0,12.338529990054308,1.0,0,1.6246757973469784e6,3818.1540659649763,0.014326373732147077,10800.0,1
5.2488e6,0.0001576121360727657,1.2631147578084964e-5,2.2038274210195547e-5,1.7661628149419137e-6,0.0,0.0,0.0,0.2491698062177798,0.019968643740013628,0.17989354990080542,0.0,0.0,0.0,0.6290927230900694,0.05041593384649932,3.066643e6,-0.00017861749468691922,-1.4314531809762903e-5,0.00017861749468691922,1.4314531809762903e-5,13.534428566221363,1.0846586364774917,0.0,0.0,0.0,0.0,0.0,0.0,0.0,0.0,0.0,0.0,0.303740125796581,0.024341947580429006,0.303740125796581,0.024341947580429006,1.517567e6,0.021612471496909487,0.001732038685641476,0.021612471496909487,0.001732038685641476,700.0,0.0001787297197635706,1.43235256064366e-5,0.00010469737436872676,8.390521311625748e-6,1.762302e6,29.586774506489018,2.371104944472357,22.090314188859857,1.7703333354795316,2.9832341e7,6.410860433860645,0.5137708698092558,3.939304051956561,0.31569860085037726,1.1764821e7,0.47295624377940276,0.03790304644051219,NaN,NaN,212845.0,0.3230034777541499,0.025885726171896804,0.32300347775415106,0.025885726171896897,1.518091e6,0.04805655207855828,0.04805655207855828,0.026413161177497816,1.0,0.3060892453359171,0.024530207674602327,0.30608924533591836,0.02453020767460243,1.518091e6,0.05317190123711298,0.05317190123711298,0.02503002329253521,1.0,0.0,0.0,0.0,0.0,0.0,0.0,0.0,0.0,1.0,0.0,0.0,0.0,0.0,0.0,0.0,0.0,0.0,1.0,31.09796045488573,2.4922124505803556,23.29622498292753,1.866975875739516,1.7139038e7,4.6267636699399635,4.6267636699399635,2.542992563106534,1.0,6.341179728517202,0.5081866090126649,3.8967741621614413,0.3122902255319066,3.1376259e7,1.101549915226424,1.101549915226424,0.5185411729600327,1.0,29.822991451381768,2.3900355367841524,21.238712561234568,1.7020853813289307,1.6291101e7,4.454517448448195,4.454517448448195,2.4387337420560193,1.0,2.084672120571521,0.16706709180504642,1.2070943120961064,0.09673738822823712,3.011003e7,0.6055668660079734,0.6055665687990737,0.17047116986400407,1.0,12.228883759257354,1.0,0,1.6295802356235473e6,4904.438276568893,0.018567297889886817,10800.0,1
5.2704e6,0.00012847150165626694,1.034723739147492e-5,2.179557590562255e-5,1.7554398841136786e-6,0.0,0.0,0.0,0.2789196185579075,0.022464495776503744,0.17989354990080542,0.0,0.0,0.0,0.6290928097294649,0.050667833407575066,3.075283e6,-0.00017861733292556944,-1.4386038321229666e-5,0.00017861733292556944,1.4386038321229666e-5,13.536071161217556,1.0902102010744525,0.0,0.0,0.0,0.0,0.0,0.0,0.0,0.0,0.0,0.0,0.30374016911627827,0.024463570477924423,0.30374016911627827,0.024463570477924423,1.521887e6,0.021612471496909487,0.0017406924517263085,0.021612471496909487,0.0017406924517263085,700.0,0.00017872988152492047,1.4395103110389513e-5,0.00010469746913165902,8.432450414492745e-6,1.762302e6,29.58855965241183,2.383095448004263,22.09136112227203,1.7792627538871613,2.9961905e7,6.443852175825244,0.5189950091595545,3.9586592969256187,0.31883481526395363,1.1831466e7,0.47295624377940276,0.038092421020028154,NaN,NaN,212845.0,0.32300352107384767,0.02601506223361202,0.3230035210738488,0.02601506223361211,1.522411e6,0.04844057420190751,0.04844057420190751,0.02661290778822099,1.0,0.3060892886556148,0.024652771173962848,0.30608928865561613,0.024652771173962956,1.522411e6,0.05325258822645785,0.05325258822645785,0.025219310262848953,1.0,0.0,0.0,0.0,0.0,0.0,0.0,0.0,0.0,1.0,0.0,0.0,0.0,0.0,0.0,0.0,0.0,0.0,1.0,31.132367788326547,2.5074354694351615,23.316410928778726,1.8779296255348539,1.7213826e7,4.668895765958911,4.668895765958911,2.565058208731701,1.0,6.341903452364198,0.5107839457734373,3.8971981512728693,0.313884666349819,3.1502732e7,1.103347244211079,1.103347244211079,0.5225221422307087,1.0,29.857386734040745,2.404747079650277,21.25889136180573,1.7122147150480445,1.6365837e7,4.4948693039834575,4.4948693039834575,2.4600099630759535,1.0,2.085335349704243,0.16795522451318376,1.2074829134085538,0.09725201457220291,3.0231526e7,0.6062259656221908,0.6062256838726351,0.1718149609784237,1.0,12.137099923248924,1.0,0,1.635332450996461e6,5752.21537291375,0.02194150735748735,10800.0,1
5.292e6,0.0001019301470138257,8.247002940482331e-6,2.1549073329446356e-5,1.7435005866175035e-6,0.0,0.0,0.0,0.2955125283975808,0.023909439572510894,0.17989354990080542,0.0,0.0,0.0,0.6290929974016923,0.05089889450178942,3.083923e6,-0.00017861722824862608,-1.4451630354142618e-5,0.00017861722824862608,1.4451630354142618e-5,13.538190988264963,1.0953530840477306,0.0,0.0,0.0,0.0,0.0,0.0,0.0,0.0,0.0,0.0,0.30374026295239204,0.024575132236113476,0.30374026295239204,0.024575132236113476,1.526207e6,0.021612471496909487,0.0017486300295625698,0.021612471496909487,0.0017486300295625698,700.0,0.0001787299862018639,1.4460753417330087e-5,0.00010469753042838384,8.470907445929648e-6,1.762302e6,29.59078462190363,2.3941424096535235,22.092663501074817,1.7874815861075675,3.0091498e7,6.492419711840956,0.5252911530396919,3.98715534721673,0.3225942749616179,1.1868103e7,0.47295624377940276,0.038266122903159915,NaN,NaN,212845.0,0.3230036149099614,0.026133698812261668,0.3230036149099625,0.026133698812261758,1.526731e6,0.048797213898305124,0.048797213898305124,0.0267738464767205,1.0,0.30608938249172873,0.02476519568952757,0.30608938249172984,0.02476519568952766,1.526731e6,0.05332312613247755,0.05332312613247755,0.02537182172797716,1.0,0.0,0.0,0.0,0.0,0.0,0.0,0.0,0.0,1.0,0.0,0.0,0.0,0.0,0.0,0.0,0.0,0.0,1.0,31.1826994050054,2.522941653860018,23.345939590470824,1.888882122624827,1.7291585e7,4.710872518305285,4.710872518305285,2.5847413714922816,1.0,6.3429603371411805,0.5131986373439723,3.897817305190432,0.315366078820707,3.1628247e7,1.1049925069512045,1.1049925069512045,0.5257694912234491,1.0,29.907695017933182,2.4197831160048118,21.28840625417406,1.7224104361641153,1.6443597e7,4.535149890512499,4.535149890512499,2.479055954546925,1.0,2.086331550309088,0.16880170326730037,1.2080665033882942,0.09774270220948578,3.0355533e7,0.6068522556833136,0.6068519965887619,0.1729365185064098,1.0,12.064146822938149,1.0,0,1.6415385628613103e6,6206.111864849227,0.02381602262969183,10800.0,1
5.3136e6,7.638091230069148e-5,6.203466029171702e-6,2.1300217075775886e-5,1.7299501807909474e-6,0.0,0.0,0.0,0.3103434805809586,0.025205318726488367,0.17989354990080542,0.0,0.0,0.0,0.6290932569248288,0.05109337570034275,3.092563e6,-0.00017861715465479754,-1.4506837084719052e-5,0.00017861715465479754,1.4506837084719052e-5,13.540466552395673,1.0997227153591067,0.0,0.0,0.0,0.0,0.0,0.0,0.0,0.0,0.0,0.0,0.3037403927139603,0.0246690324995145,0.3037403927139603,0.0246690324995145,1.530527e6,0.021612471496909487,0.0017553107013138665,0.021612471496909487,0.0017553107013138665,700.0,0.00017873005979569242,1.4516006956941878e-5,0.00010469757353450151,8.503274197631004e-6,1.762302e6,29.593112027554405,2.4034782988412187,22.094025948009293,1.7944213454344007,3.0221097e7,6.545305732691399,0.5315933070221565,4.018193306112864,0.3263475771929294,1.190894e7,0.47295624377940276,0.03841231929804554,NaN,NaN,212845.0,0.32300374467152954,0.026233553606650806,0.3230037446715307,0.0262335536066509,1.531051e6,0.04910023889611162,0.04910023889611162,0.02691187601924358,1.0,0.3060895122532969,0.02485982209369176,0.30608951225329806,0.024859822093691857,1.531051e6,0.05338049277042009,0.05338049277042009,0.025502623856352883,1.0,0.0,0.0,0.0,0.0,0.0,0.0,0.0,0.0,1.0,0.0,0.0,0.0,0.0,0.0,0.0,0.0,0.0,1.0,31.237422485866556,2.537025068083707,23.37805302304767,1.8987068023713318,1.7369342e7,4.748443112059088,4.748443112059088,2.6026250623046425,1.0,6.344230366739941,0.515262470371861,3.8985614330593217,0.3166313766640296,3.1755701e7,1.1064023093525424,1.1064023093525424,0.5285856398997798,1.0,29.96240079448559,2.4334710058096003,21.320509356692508,1.7315982689261755,1.6521357e7,4.571188685406709,4.571188685406709,2.49639339704892,1.0,2.0875367653220223,0.169544497679493,1.20877259897295,0.09817347723214351,3.0481102e7,0.6073510091085242,0.6073507734115865,0.17392841891380978,1.0,12.00227529439281,1.0,0,1.648086386962426e6,6547.824101115577,0.025256878154002755,10800.0,1
5.3352e6,6.741458309199217e-5,5.492034115466264e-6,2.239878579200058e-5,1.8247520057615029e-6,0.0,0.0,0.0,0.3267154757083153,0.0266163856000171,0.17744078775697336,0.0,0.0,0.0,0.6290939988952962,0.051250123419935005,3.101207e6,-0.0001786171019519892,-1.4551320686615133e-5,0.0001786171019519892,1.4551320686615133e-5,13.54287289460289,1.103291254610123,0.0,0.0,0.0,0.0,0.0,0.0,0.0,0.0,0.0,0.0,0.3037407636991949,0.02474471486707016,0.3037407636991949,0.02474471486707016,1.534352e6,0.021612471496909487,0.0017606936857949428,0.021612471496909487,0.0017606936857949428,700.0,0.00017873011249850063,1.4560527266977742e-5,0.00010469760441496052,8.529353574284079e-6,1.762302e6,29.595574357413756,2.411049606521147,22.095466867716553,1.8000416567000654,3.0350692e7,6.601864458239398,0.5378311808419659,4.051392505477306,0.33005300685258876,1.1946693e7,0.47295624377940276,0.03853011777013869,NaN,NaN,212845.0,0.32300411565676324,0.02631403386715704,0.3230041156567644,0.026314033867157135,1.534876e6,0.04934934576693752,0.04934934576693752,0.02703356978469136,1.0,0.3060898832385304,0.024936089552777763,0.3060898832385317,0.024936089552777867,1.534876e6,0.05342186721631971,0.05342186721631971,0.02561794670043729,1.0,0.0,0.0,0.0,0.0,0.0,0.0,0.0,0.0,1.0,0.0,0.0,0.0,0.0,0.0,0.0,0.0,0.0,1.0,31.29594879343442,2.549573260949879,23.412403644121103,1.9073279643830257,1.7447096e7,4.781470338144988,4.781470338144988,2.6192892742718894,1.0,6.345721319639183,0.5169640807114885,3.899435106678014,0.3176735604475815,3.1884135e7,1.1075187397335724,1.1075187397335724,0.5311000442822923,1.0,30.020926150376003,2.44570155348692,21.354859109299355,1.7397068910032143,1.6599116e7,4.602843449330857,4.602843449330857,2.512577279199948,1.0,2.088952130993071,0.17017974216846662,1.2096017262586134,0.09854209048024651,3.0602959e7,0.6076763638653769,0.6076761525269923,0.17483316921599254,1.0,11.948259820265204,1.0,0,1.6549650807127845e6,6878.693750358652,0.026653089971976962,12776.0,1
5.3568e6,6.159897454060677e-5,5.031222684004496e-6,2.2150179291757218e-5,1.809161359236449e-6,0.0,0.0,0.0,0.3438456242387704,0.02808429713915733,0.17744078775697336,0.0,0.0,0.0,0.6290943007825421,0.05138256829890234,3.109847e6,-0.00017861706440240295,-1.45889153654539e-5,0.00017861706440240295,1.45889153654539e-5,13.545224817299061,1.1063340399572892,0.0,0.0,0.0,0.0,0.0,0.0,0.0,0.0,0.0,0.0,0.30374091464281855,0.024808662663756236,0.30374091464281855,0.024808662663756236,1.537753e6,0.021612471496909487,0.0017652429713902267,0.021612471496909487,0.0017652429713902267,700.0,0.00017873015004808685,1.4598151867685363e-5,0.00010469762639549075,8.551393538786535e-6,1.762302e6,29.597980928419428,2.417475845310223,22.096874223988163,1.8048075584121304,3.0480288e7,6.653362499830646,0.5434270389028308,4.081621427505235,0.3333748080505119,1.1986658e7,0.47295624377940276,0.03862967200331988,NaN,NaN,212845.0,0.3230042666003861,0.026382036474954774,0.3230042666003874,0.026382036474954882,1.538277e6,0.04956115127122476,0.04956115127122476,0.027144366941802677,1.0,0.3060900341821534,0.025000531823947344,0.30609003418215475,0.025000531823947455,1.538277e6,0.05345603949173586,0.05345603949173586,0.025722942586849918,1.0,0.0,0.0,0.0,0.0,0.0,0.0,0.0,0.0,1.0,0.0,0.0,0.0,0.0,0.0,0.0,0.0,0.0,1.0,31.349370179208332,2.5605241572798008,23.443757212569718,1.9148169911241013,1.7524851e7,4.810186856236125,4.810186856236125,2.634512591722589,1.0,6.347217707651568,0.5184220346070882,3.9003119915339837,0.3185659877107953,3.2012209e7,1.1084879693958036,1.1084879693958036,0.5334022622343771,1.0,30.074347061259193,2.4563840270017057,21.386212136553098,1.7467627737118872,1.6676876e7,4.630323725634596,4.630323725634596,2.5273632474208583,1.0,2.0903837763971773,0.17073638567069663,1.2104403929037368,0.09886520364714836,3.0726254e7,0.6079129577106939,0.6079127686179228,0.17566995282423417,1.0,11.899495290971599,1.0,0,1.6622132058143152e6,7248.125101530692,0.028199628563043772,12960.0,1
5.3784e6,5.5018309426773166e-5,4.505049800311203e-6,2.1905380053099473e-5,1.7936724894337538e-6,0.0,0.0,0.0,0.3603531689490875,0.02950670401780117,0.17744078775697336,0.0,0.0,0.0,0.6290946748010626,0.051511994254593164,3.118487e6,-0.00017861703641157365,-1.4625651943906581e-5,0.00017861703641157365,1.4625651943906581e-5,13.547736092986574,1.1093257211330794,0.0,0.0,0.0,0.0,0.0,0.0,0.0,0.0,0.0,0.0,0.30374110165207835,0.02487115295982033,0.30374110165207835,0.02487115295982033,1.540844e6,0.021612471496909487,0.001769688334952791,0.021612471496909487,0.001769688334952791,700.0,0.00017873017803891607,1.46349162901029e-5,0.00010469764279563324,8.572929624406029e-6,1.762302e6,29.600547164799522,2.423773839713627,22.098376367447333,1.8094755560214473,3.0609873e7,6.707416429253199,0.5492216202213368,4.113353248513805,0.33681262517690186,1.2026372e7,0.47295624377940276,0.03872695206002626,NaN,NaN,212845.0,0.32300445360964647,0.026448488955672225,0.32300445360964763,0.026448488955672318,1.541368e6,0.049779941988751075,0.049779941988751075,0.027252624067747658,1.0,0.30609022119141377,0.025063505298920746,0.306090221191415,0.025063505298920846,1.541368e6,0.05347575462988285,0.05347575462988285,0.025825531616429087,1.0,0.0,0.0,0.0,0.0,0.0,0.0,0.0,0.0,1.0,0.0,0.0,0.0,0.0,0.0,0.0,0.0,0.0,1.0,31.405440437970213,2.5715634422041,23.476669473061186,1.9223339688827197,1.76026e7,4.8400602086517015,4.8400602086517015,2.6497487956385313,1.0,6.348995033471332,0.5198730950791118,3.9013535135425568,0.31945350648261694,3.2138979e7,1.1092066229189999,1.1092066229189999,0.535679223371624,1.0,30.130416622805125,2.4671610015666507,21.419123627542653,1.7538564820776865,1.6754635e7,4.658940291723859,4.658940291723859,2.542172121930767,1.0,2.0920855116559234,0.17130568922812237,1.211437311165682,0.09919580360825683,3.0851319e7,0.6080016388550916,0.6080014715126859,0.1765140366629225,1.0,11.852233120989943,1.0,0,1.6698159216119114e6,7602.715797596145,0.02969715323930831,12960.0,1
5.4e6,4.833589211411599e-5,3.9668467673495745e-6,2.166623087064128e-5,1.7781117536207243e-6,0.0,0.0,0.0,0.37662808774744244,0.03090924460123245,0.17744078775697336,0.0,0.0,0.0,0.6290951628331903,0.05162880012948604,3.127127e6,-0.00017861701598467075,-1.4658803250793729e-5,0.00017861701598467075,1.4658803250793729e-5,13.550484520167773,1.1120658658361675,0.0,0.0,0.0,0.0,0.0,0.0,0.0,0.0,0.0,0.0,0.3037413456681407,0.024927550159402075,0.3037413456681407,0.024927550159402075,1.54322e6,0.021612471496909487,0.00177369981068194,0.021612471496909487,0.00177369981068194,700.0,0.00017873019846581924,1.4668091949932754e-5,0.00010469765476012378,8.592363462615994e-6,1.762302e6,29.603369154362518,2.429499572603197,22.100027655978447,1.8137127387342034,3.0739472e7,6.760034770803442,0.554784879410574,4.144242291546844,0.3401111145010807,1.2064275e7,0.47295624377940276,0.03881473713787549,NaN,NaN,212845.0,0.3230046976257102,0.026508461612547378,0.3230046976257115,0.026508461612547482,1.543746e6,0.04998477132357711,0.04998477132357711,0.027353951593150332,1.0,0.3060904652074777,0.025120338516938467,0.30609046520747885,0.02512033851693856,1.543746e6,0.05348541756703959,0.05348541756703959,0.02592155417538968,1.0,0.0,0.0,0.0,0.0,0.0,0.0,0.0,0.0,1.0,0.0,0.0,0.0,0.0,0.0,0.0,0.0,0.0,1.0,31.460209529083205,2.581887392829108,23.508817152009527,1.9293297639669884,1.7680359e7,4.868447396159097,4.868447396159097,2.6642369442134415,1.0,6.351053362369727,0.5212204512601404,3.902559743060753,0.3202766272442112,3.2264032e7,1.1097658362100369,1.1097658362100369,0.5378448286256381,1.0,30.185185226225393,2.47724825588833,21.451270566120897,1.7604703167546787,1.6832395e7,4.686131663549225,4.686131663549225,2.5562603317467167,1.0,2.0940562561187246,0.17185573549819308,1.2125918141131726,0.09951540578940998,3.0977173e7,0.6080359578918216,0.6080358155467297,0.17733709102144596,1.0,11.808337692115877,1.0,0,1.6777775669240009e6,7961.645312089473,0.03121478229917271,12960.0,1
5.4216e6,4.4377008042923104e-5,3.6493584020796747e-6,2.143363662433393e-5,1.762602423004257e-6,0.0,0.0,0.0,0.39285456452264317,0.03230652919298577,0.17744078775697336,0.0,0.0,0.0,0.6290955791343837,0.05173388965756013,3.135767e6,-0.00017861700122957032,-1.4688630057279355e-5,0.00017861700122957032,1.4688630057279355e-5,13.553118364294292,1.1145453143050557,0.0,0.0,0.0,0.0,0.0,0.0,0.0,0.0,0.0,0.0,0.3037415538187371,0.024978290343887044,0.3037415538187371,0.024978290343887044,1.54538e6,0.021612471496909487,0.001777308969786032,0.021612471496909487,0.001777308969786032,700.0,0.0001787302132209195,1.4697940084026691e-5,0.00010469766339572062,8.609848082180783e-6,1.762302e6,29.606074793653583,2.4346656650740304,22.101610959712236,1.8175335204506777,3.086907e7,6.812559032404965,0.5602331171250639,4.175076914524251,0.3433388750005586,1.2105895e7,0.47295624377940276,0.03889371812500219,NaN,NaN,212845.0,0.323004905776307,0.026562418666611732,0.3230049057763082,0.02656241866661183,1.545906e6,0.050174241021564925,0.050174241021564925,0.027449207283025103,1.0,0.30609067335807466,0.025171470990948224,0.3060906733580755,0.025171470990948294,1.545906e6,0.05348865059914369,0.05348865059914369,0.02601182270038085,1.0,0.0,0.0,0.0,0.0,0.0,0.0,0.0,0.0,1.0,0.0,0.0,0.0,0.0,0.0,0.0,0.0,0.0,1.0,31.514819503373474,2.5916319377236854,23.54087240498612,1.9358916766161247,1.7758117e7,4.895381219406116,4.895381219406116,2.6781537913678157,1.0,6.352975922504627,0.5224391432287959,3.9036863799369006,0.32102098176441957,3.2387977e7,1.1101681265083811,1.1101681265083811,0.5398808186574872,1.0,30.23979517625862,2.486779877023424,21.483325427871165,1.766688598721703,1.6910152e7,4.711968999356273,4.711968999356273,2.56980123566356,1.0,2.095910168519257,0.17235788803273627,1.2136778710259049,0.09980721394652209,3.1103084e7,0.6079199733903898,0.6079198513582152,0.17811207084925076,1.0,11.767367357674365,1.0,0,1.6860885084158918e6,8310.941491890932,0.03269769678422007,12960.0,1
5.4432e6,4.023745118861404e-5,3.315350076546804e-6,2.1209934980074865e-5,1.7475848365773693e-6,0.0,0.0,0.0,0.4086630295664792,0.03367164088013755,0.17744078775697336,0.0,0.0,0.0,0.6290960674555954,0.05183414042846688,3.144407e6,-0.00017861699033427475,-1.471708160145257e-5,0.00017861699033427475,1.471708160145257e-5,13.555939554364292,1.1169366824095186,0.0,0.0,0.0,0.0,0.0,0.0,0.0,0.0,0.0,0.0,0.3037417979793434,0.025026694371392814,0.3037417979793434,0.025026694371392814,1.54754e6,0.021612471496909487,0.001780751685681325,0.021612471496909487,0.001780751685681325,700.0,0.0001787302241162152,1.472641145750792e-5,0.00010469766978162207,8.626526215532111e-6,1.762302e6,29.608960385747892,2.4396194634996653,22.10329964970962,1.8211932918439369,3.0998666e7,6.864626608348628,0.5656083991198191,4.205643688849312,0.3465224738116772,1.2147948e7,0.47295624377940276,0.038969056754296405,NaN,NaN,212845.0,0.3230051499369128,0.026613891211662546,0.32300514993691404,0.026613891211662646,1.548066e6,0.050360510917437276,0.050360510917437276,0.02754125030119434,1.0,0.30609091751868056,0.025220249216804165,0.3060909175186814,0.025220249216804234,1.548066e6,0.05348588029182603,0.05348588029182603,0.02609904695312359,1.0,0.0,0.0,0.0,0.0,0.0,0.0,0.0,0.0,1.0,0.0,0.0,0.0,0.0,0.0,0.0,0.0,0.0,1.0,31.569100165282997,2.6011244638452897,23.5727344579687,1.9422668355235828,1.7835874e7,4.922014444159548,4.922014444159548,2.69176045522912,1.0,6.355167495540769,0.5236317018203901,3.9049706767591683,0.3217486309314232,3.2512111e7,1.1104926949694702,1.1104926949694702,0.5418776101089665,1.0,30.29407547090059,2.4960692704061005,21.51518683929992,1.7727359518928991,1.6987912e7,4.737533755127947,4.737533755127947,2.5830446212709055,1.0,2.0980238621305114,0.1728659089092516,1.2149161177024206,0.10010256924430715,3.1229731e7,0.6078198363327835,0.6078197339515844,0.17888940884100607,1.0,11.728049613016498,1.0,0,1.6947454187044287e6,8656.910288536921,0.03417302083065441,12960.0,1
5.4648e6,3.3009189852522506e-5,2.724693820802807e-6,2.0997791729939874e-5,1.7332310678536505e-6,0.0,0.0,0.0,0.4244254314067837,0.03503355748845369,0.17744078775697336,0.0,0.0,0.0,0.6290968337102378,0.05192784988529211,3.153047e6,-0.000178616982357268,-1.4743669574856324e-5,0.000178616982357268,1.4743669574856324e-5,13.559187640093809,1.1192227056504434,0.0,0.0,0.0,0.0,0.0,0.0,0.0,0.0,0.0,0.0,0.3037421811066641,0.02507194050129803,0.3037421811066641,0.02507194050129803,1.550562e6,0.021612471496909487,0.0017839688826960414,0.021612471496909487,0.0017839688826960414,700.0,0.00017873023209416885,1.4753017603684656e-5,0.00010469767446050653,8.64211172493124e-6,1.762302e6,29.612274271411486,2.4443005444154235,22.105239220701037,1.8246436516953568,3.1128262e7,6.915992857807596,0.5708702057995125,4.235799012620378,0.3496376447714427,1.2188353e7,0.47295624377940276,0.03903946024404981,NaN,NaN,212845.0,0.323005533064234,0.02666200485250565,0.32300553306423524,0.02666200485250575,1.551088e6,0.05055084885178285,0.05055084885178285,0.027629981394080058,1.0,0.3060913006460018,0.025265845032786293,0.3060913006460026,0.02526584503278636,1.551088e6,0.0534648136603747,0.0534648136603747,0.026183133339876714,1.0,0.0,0.0,0.0,0.0,0.0,0.0,0.0,0.0,1.0,0.0,0.0,0.0,0.0,0.0,0.0,0.0,0.0,1.0,31.622926203165246,2.6102667774163235,23.60432981005812,1.9483838247772702,1.7913634e7,4.949035230394624,4.949035230394624,2.705033732180889,1.0,6.357898094394269,0.5248031147836908,3.9065709740602874,0.3224620125821191,3.2636909e7,1.110530865042672,1.110530865042672,0.5438563370325815,1.0,30.347900879688495,2.5050217339673484,21.546781175545313,1.7785465741356923,1.7065672e7,4.76346448484994,4.76346448484994,2.5959677182632954,1.0,2.1006570315443436,0.17339556829618616,1.2164586896057865,0.1004107489350418,3.13556e7,0.6075812106974502,0.6075811302906088,0.17969077540653583,1.0,11.690399948421264,1.0,0,1.7037418939191832e6,8996.475214754464,0.035627821460531416,12960.0,1
5.4864e6,2.7950130227913812e-5,2.3104613968492516e-6,2.079528668197282e-5,1.7190155009412902e-6,0.0,0.0,0.0,0.4407442558871759,0.03643355436295495,0.17744078775697336,0.0,0.0,0.0,0.6290975823843776,0.05200353869903186,3.161687e6,-0.00017861697652990022,-1.4765141547788276e-5,0.00017861697652990022,1.4765141547788276e-5,13.562186066184236,1.1211005854817553,0.0,0.0,0.0,0.0,0.0,0.0,0.0,0.0,0.0,0.0,0.3037425554437326,0.025108485835683658,0.3037425554437326,0.025108485835683658,1.554882e6,0.021612471496909487,0.0017865670276643016,0.021612471496909487,0.0017865670276643016,700.0,0.00017873023793856638,1.4774504155774073e-5,0.00010469767787746716,8.65469824659565e-6,1.762302e6,29.615517436470267,2.4481284783547754,22.107137434310744,1.8274579481495459,3.1257862e7,6.96704603983577,0.5759218577463308,4.2657706343173025,0.3526244170612193,1.2226744e7,0.47295624377940276,0.03909631671625654,NaN,NaN,212845.0,0.3230059074013039,0.02670086593226867,0.3230059074013052,0.026700865932268773,1.555408e6,0.05071785965394198,0.05071785965394198,0.027710456350123168,1.0,0.3060916749830716,0.02530267276676302,0.3060916749830725,0.025302672766763092,1.555408e6,0.05343295767770134,0.05343295767770134,0.026259395894628314,1.0,0.0,0.0,0.0,0.0,0.0,0.0,0.0,0.0,1.0,0.0,0.0,0.0,0.0,0.0,0.0,0.0,0.0,1.0,31.67633939013943,2.6184836620661125,23.635683099425155,1.9538132002993571,1.7991394e7,4.9737670387053745,4.9737670387053745,2.717491537737128,1.0,6.36045089097798,0.5257784536360968,3.9080670297669684,0.323055310832083,3.2761953e7,1.1103134486997075,1.1103134486997075,0.5456587410414521,1.0,30.40131371362301,2.513085312163588,21.578133607783965,1.7837285304327366,1.7143431e7,4.787246942932602,4.787246942932602,2.60810795513132,1.0,2.103131366625281,0.17385263665918924,1.2179081444165085,0.1006768029213822,3.1481143e7,0.6070989594728416,0.6070988987708459,0.1804262045927197,1.0,11.656462936593543,1.0,0,1.713086535391816e6,9344.641472632764,0.03711437103630456,12960.0,1
5.508e6,2.6750619534894946e-5,2.214086387189445e-6,2.2003411522112508e-5,1.8211710521054296e-6,0.0,0.0,0.0,0.45735326483661704,0.03785406302424089,0.1747570294336389,0.0,0.0,0.0,0.6290981035082855,0.05206898275262175,3.170327e6,-0.00017861697220988284,-1.4783710193142265e-5,0.00017861697220988284,1.4783710193142265e-5,13.565068428113502,1.122749075355102,0.0,0.0,0.0,0.0,0.0,0.0,0.0,0.0,0.0,0.0,0.30374281600568653,0.025140084447297265,0.30374281600568653,0.025140084447297265,1.559202e6,0.021612471496909487,0.0017888138580269745,0.021612471496909487,0.0017888138580269745,700.0,0.00017873024234473317,1.4793085298018623e-5,0.0001046976804565511,8.665582820120301e-6,1.762302e6,29.618486382906813,2.4514530373401855,22.10887477830806,1.8298999998438792,3.1386438e7,7.017712458822582,0.580839692479663,4.295514965583111,0.3555297550720241,1.2269105e7,0.47295624377940276,0.039145485199781956,NaN,NaN,212845.0,0.32300616796325793,0.02673446716001396,0.3230061679632591,0.026734467160014055,1.559728e6,0.050866499780994494,0.050866499780994494,0.027786291177455257,1.0,0.30609193554502545,0.025334515592607614,0.30609193554502645,0.025334515592607697,1.559728e6,0.053401187515837,0.053401187515837,0.026331260798377103,1.0,0.0,0.0,0.0,0.0,0.0,0.0,0.0,0.0,1.0,0.0,0.0,0.0,0.0,0.0,0.0,0.0,0.0,1.0,31.72931563068933,2.6261614509939393,23.66677919120195,1.9588441145262037,1.8069147e7,4.996682375313504,4.996682375313504,2.729483491089257,1.0,6.362689761949122,0.5266249915993404,3.909379056886736,0.3235701865119598,3.2886429e7,1.1100429303305221,1.1100429303305221,0.5473441931840829,1.0,30.454286248337432,2.520630242826988,21.609227075474852,1.7885453248319447,1.722119e7,4.809350513290796,4.809350513290796,2.6198003296151677,1.0,2.1053081718308664,0.1742514470742976,1.219183351606949,0.1009089624544858,3.1607328e7,0.6065321611581754,0.6065321156890096,0.18110708612667328,1.0,11.624659293332854,1.0,0,1.7227807712912632e6,9694.23589944723,0.038608204012001275,13506.0,1
5.5296e6,2.545886714240755e-5,2.109348119543484e-6,2.1860040213186873e-5,1.811173861700359e-6,0.0,0.0,0.0,0.4759119589804638,0.039430819530517615,0.1747570294336389,0.0,0.0,0.0,0.6290986377428363,0.0521228231055033,3.178967e6,-0.00017861696905042133,-1.4798984011251396e-5,0.00017861696905042133,1.4798984011251396e-5,13.56805637466368,1.1241566264385772,0.0,0.0,0.0,0.0,0.0,0.0,0.0,0.0,0.0,0.0,0.3037430831229629,0.025166080549693038,0.3037430831229629,0.025166080549693038,1.563522e6,0.021612471496909487,0.0017906620061171371,0.021612471496909487,0.0017906620061171371,700.0,0.00017873024573333347,1.4808369344728817e-5,0.00010469768245074326,8.674536002042694e-6,1.762302e6,29.6215382246793,2.454238658881033,22.110660930172646,1.8319385852497427,3.1511718e7,7.06774703132505,0.5855853218661602,4.324888067693734,0.3583307325419009,1.2310865e7,0.47295624377940276,0.03918592912489234,NaN,NaN,212845.0,0.3230064350805332,0.02676211053015205,0.32300643508053445,0.02676211053015215,1.564048e6,0.050993497147695736,0.050993497147695736,0.02786067997421274,1.0,0.30609220266230086,0.02536071257535107,0.3060922026623018,0.025360712575351146,1.564048e6,0.05337012925741676,0.05337012925741676,0.026401755428959225,1.0,0.0,0.0,0.0,0.0,0.0,0.0,0.0,0.0,1.0,0.0,0.0,0.0,0.0,0.0,0.0,0.0,0.0,1.0,31.78184905481268,2.633227282439259,23.697615051010686,1.9634227817722023,1.8146804e7,5.01744687755529,5.01744687755529,2.7413197674656375,1.0,6.365103112347271,0.5273690382855121,3.9107933203850855,0.3240216656198552,3.301091e7,1.1098171494997011,1.1098171494997011,0.5490172379127948,1.0,30.506818654031708,2.527586958256563,21.64006184589039,1.7929479542865854,1.729895e7,4.829401432126795,4.829401432126795,2.6313429679486426,1.0,2.1076514803872146,0.1746256289386249,1.2205560987377138,0.10112695499247808,3.173195e7,0.6061018550626412,0.6061018233217903,0.18179391186928973,1.0,11.593630714666734,1.0,0,1.732860513348016e6,10079.742056752788,0.04025095643759948,15120.0,1
5.5512e6,2.008926704828414e-5,1.6662048690018794e-6,2.172650855218169e-5,1.801997765724762e-6,0.0,0.0,0.0,0.49378903636453414,0.040954888731025436,0.1747570294336389,0.0,0.0,0.0,0.6290993027969147,0.05217752936862055,3.187607e6,-0.0001786169667024916,-1.4814500643091288e-5,0.0001786169667024916,1.4814500643091288e-5,13.571317977856705,1.1256058291787683,0.0,0.0,0.0,0.0,0.0,0.0,0.0,0.0,0.0,0.0,0.303743415650002,0.025192494921138585,0.303743415650002,0.025192494921138585,1.567842e6,0.021612471496909487,0.0017925395263432803,0.021612471496909487,0.0017925395263432803,700.0,0.00017873024856527065,1.482389624676754e-5,0.00010469768411688648,8.683631445064435e-6,1.762302e6,29.624866177336333,2.4570879639146868,22.112609114091256,1.8340209667022722,3.1636998e7,7.117861776244587,0.5903558312981888,4.354308106353259,0.36114654409752744,1.2350964e7,0.47295624377940276,0.039227015814765065,NaN,NaN,212845.0,0.32300676760757246,0.026790198348936974,0.3230067676075737,0.026790198348937075,1.568368e6,0.0511377871682738,0.0511377871682738,0.027934242127035224,1.0,0.30609253518934004,0.025387331019683393,0.306092535189341,0.025387331019683473,1.568368e6,0.05332156583616844,0.05332156583616844,0.026471467005438124,1.0,0.0,0.0,0.0,0.0,0.0,0.0,0.0,0.0,1.0,0.0,0.0,0.0,0.0,0.0,0.0,0.0,0.0,1.0,31.834648279007308,2.6403674080272017,23.728606995530185,1.9680519162575096,1.8224394e7,5.039998017151651,5.039998017151651,2.753121179600781,1.0,6.367863650132246,0.5281509471445182,3.9124110798536083,0.32449558140279544,3.3135677e7,1.109286969857785,1.109286969857785,0.5507050095335844,1.0,30.559616506421985,2.5346162055314783,21.67105238828269,1.7973982285648147,1.7376708e7,4.851143813222444,4.851143813222444,2.642853996907157,1.0,2.1103344512778963,0.17503125074152315,1.222127831328719,0.10136334681640584,3.185642e7,0.6054806725358951,0.6054806545371225,0.18250575357182935,1.0,11.563111901824648,1.0,0,1.743335499141279e6,10474.985793262953,0.04193966555904997,15120.0,1
5.5728e6,1.2510347694545895e-5,1.0384239238269192e-6,2.1600400276695476e-5,1.792945564681396e-6,0.0,0.0,0.0,0.5115037659557978,0.04245747285885853,0.1747570294336389,0.0,0.0,0.0,0.6291004083732151,0.052218605788937195,3.196247e6,-0.00017861696502280669,-1.4826137067469501e-5,0.00017861696502280669,1.4826137067469501e-5,13.575063974443124,1.1268009125508456,0.0,0.0,0.0,0.0,0.0,0.0,0.0,0.0,0.0,0.0,0.30374396843815193,0.025212329125098284,0.30374396843815193,0.025212329125098284,1.572162e6,0.021612471496909487,0.0017939475387404764,0.021612471496909487,0.0017939475387404764,700.0,0.00017873025099695807,1.4835540392514105e-5,0.00010469768553706457,8.690452422708773e-6,1.762302e6,29.628834893495576,2.459347393033461,22.114932341485105,1.835654402093369,3.1762278e7,7.167360981103874,0.5949282382236781,4.383366424741713,0.36384221074334305,1.2387765e7,0.47295624377940276,0.039257828036063674,NaN,NaN,212845.0,0.32300732039572266,0.02681128752451675,0.3230073203957239,0.02681128752451685,1.572688e6,0.051273276003083165,0.051273276003083165,0.02800010105510935,1.0,0.3060930879774903,0.025407318264420265,0.30609308797749124,0.025407318264420345,1.572688e6,0.05325463965285715,0.05325463965285715,0.026533879743468807,1.0,0.0,0.0,0.0,0.0,0.0,0.0,0.0,0.0,1.0,0.0,0.0,0.0,0.0,0.0,0.0,0.0,0.0,1.0,31.887123244553976,2.6467970713234625,23.759407972350665,1.972154432223279,1.8302009e7,5.061672500361063,5.061672500361063,2.7641561563075365,1.0,6.371431276933288,0.5288619332195773,3.9145019369834855,0.3249240197378876,3.3262946e7,1.1085133577109,1.1085133577109,0.5523116918875219,1.0,30.612089963678695,2.5409626776787797,21.70185151513061,1.8013665451101686,1.7454466e7,4.872009412056866,4.872009412056866,2.6536290615364413,1.0,2.113802593661008,0.17545660896874526,1.2241594600705863,0.10161160192778186,3.1979604e7,0.6047834127684327,0.6047834112325315,0.18323636182780528,1.0,11.535934093951477,1.0,0,1.7541915044852723e6,10856.005343993427,0.04356758940424385,15120.0,1
5.5944e6,1.018644877246666e-5,8.459188188326596e-7,2.147609167458222e-5,1.7834507892101576e-6,0.0,0.0,0.0,0.5287909657818922,0.04391267645626042,0.1747570294336389,0.0,0.0,0.0,0.6291010596903931,0.052242782271490935,3.204887e6,-0.0001786169640794988,-1.48329859259693e-5,0.0001786169640794988,1.48329859259693e-5,13.57813097036502,1.1275761326609004,0.0,0.0,0.0,0.0,0.0,0.0,0.0,0.0,0.0,0.0,0.30374429409674014,0.025224003009171898,0.30374429409674014,0.025224003009171898,1.576482e6,0.021612471496909487,0.0017947762531468651,0.021612471496909487,0.0017947762531468651,700.0,0.00017873025305705713,1.4842393844295255e-5,0.00010469768675090913,8.69446707965867e-6,1.762302e6,29.63219832659539,2.460762800437548,22.11690114322466,1.8366658792694122,3.1887558e7,7.217740286351993,0.5993867415477413,4.412941122980091,0.36646627551099353,1.2424684e7,0.47295624377940276,0.03927596319718431,NaN,NaN,212845.0,0.32300764605431165,0.026823700047726853,0.32300764605431287,0.026823700047726953,1.577008e6,0.05138785810713986,0.05138785810713986,0.028055700967046352,1.0,0.30609341363607934,0.025419082223763906,0.3060934136360802,0.02541908222376398,1.577008e6,0.05317624261563916,0.05317624261563916,0.02658656965511061,1.0,0.0,0.0,0.0,0.0,0.0,0.0,0.0,0.0,1.0,0.0,0.0,0.0,0.0,0.0,0.0,0.0,0.0,1.0,31.940129214969353,2.652421563432334,23.790520555604218,1.9756491685509723,1.8379408e7,5.081411688151115,5.081411688151115,2.77424613643148,1.0,6.3741224838771355,0.5293297284555399,3.916079001326983,0.325205083464601,3.3389598e7,1.1073478505729557,1.1073478505729557,0.553641613501974,1.0,30.66509480205492,2.5465381855608533,21.73296286435639,1.8047822834629177,1.7532225e7,4.891110924707549,4.891110924707549,2.6634995808982223,1.0,2.1164386457916544,0.17575656829679792,1.2257036670180235,0.10178677784600222,3.2105259e7,0.6035637355393176,0.6035637350851062,0.1838289913157261,1.0,11.513084147628668,1.0,0,1.7654282859180223e6,11236.781432749936,0.04518523064338595,15120.0,1
5.616e6,1.0075931925128029e-5,8.370722458239718e-7,2.1351718815577373e-5,1.7738241339825453e-6,0.0,0.0,0.0,0.5449420668920891,0.04527183025519717,0.1747570294336389,0.0,0.0,0.0,0.6291015190494582,0.05226349535855076,3.213527e6,-0.00017861696361011863,-1.4838855996883967e-5,0.00017861696361011863,1.4838855996883967e-5,13.581191259519239,1.1282766053846889,0.0,0.0,0.0,0.0,0.0,0.0,0.0,0.0,0.0,0.0,0.3037445237762722,0.02523400441402906,0.3037445237762722,0.02523400441402906,1.580802e6,0.021612471496909487,0.0017954865304922877,0.021612471496909487,0.0017954865304922877,700.0,0.00017873025507998723,1.4848267845417709e-5,0.00010469768792961967,8.697907986978634e-6,1.762302e6,29.635344754602706,2.461998033912654,22.11874241756976,1.8375457007706815,3.2012837e7,7.267699419508092,0.6037743724617228,4.442268261333787,0.36904769679852467,1.2467496e7,0.47295624377940276,0.039291506542395,NaN,NaN,212845.0,0.32300787573384426,0.02683433452791255,0.32300787573384543,0.026834334527912646,1.581328e6,0.051486928477968756,0.051486928477968756,0.02810677989640268,1.0,0.30609364331561195,0.025429160830638047,0.3060936433156128,0.025429160830638117,1.581328e6,0.053108684065339556,0.053108684065339556,0.02663497489283805,1.0,0.0,0.0,0.0,0.0,0.0,0.0,0.0,0.0,1.0,0.0,0.0,0.0,0.0,0.0,0.0,0.0,0.0,1.0,31.992649039685848,2.6578344098099578,23.821346330248897,1.9789919204876631,1.8457136e7,5.0995760681833735,5.0995760681833735,2.7838650770306614,1.0,6.376616020164186,0.5297463631571856,3.9175401571818824,0.3254551699877792,3.3513038e7,1.106372814386407,1.106372814386407,0.5548661702301985,1.0,30.717613544191256,2.5519090389708357,21.763787598598586,1.8080573289069082,1.7609983e7,4.908780547396284,4.908780547396284,2.6729168781653905,1.0,2.1188812446105145,0.17602904577363737,1.2271345943819425,0.10194593596706235,3.2233329e7,0.6025138543009694,0.6025138541439172,0.1843760887674338,1.0,11.492169395583636,1.0,0,1.7770261444694253e6,11597.858551403042,0.046722065905557456,15120.0,1
5.6376e6,9.665172159735605e-6,8.032872930960486e-7,2.123192879464313e-5,1.764618190631742e-6,0.0,0.0,0.0,0.5607542306584168,0.04660514480169167,0.1747570294336389,0.0,0.0,0.0,0.6291020094543595,0.052285633603209536,3.222167e6,-0.0001786169631726232,-1.484512996526883e-5,0.0001786169631726232,1.484512996526883e-5,13.584397017353265,1.1290200865610083,0.0,0.0,0.0,0.0,0.0,0.0,0.0,0.0,0.0,0.0,0.3037447689787225,0.025244693962251905,0.3037447689787225,0.025244693962251905,1.585122e6,0.021612471496909487,0.0017962456787053078,0.021612471496909487,0.0017962456787053078,700.0,0.00017873025713162412,1.4854546000094275e-5,0.00010469768913562306,8.701585642677975e-6,1.762302e6,29.6386184037389,2.463311067321685,22.120658573785214,1.8384818866717332,3.2138117e7,7.317349974574684,0.608156187656913,4.4714136891680685,0.37162605479990646,1.2509815e7,0.47295624377940276,0.03930811935261215,NaN,NaN,212845.0,0.32300812093629494,0.026845700710421215,0.32300812093629605,0.02684570071042131,1.585648e6,0.051575506615548744,0.051575506615548744,0.028158008787279695,1.0,0.3060938885180625,0.02543993289278815,0.3060938885180634,0.025439932892788227,1.585648e6,0.053056413044562295,0.053056413044562295,0.026683522314053805,1.0,0.0,0.0,0.0,0.0,0.0,0.0,0.0,0.0,1.0,0.0,0.0,0.0,0.0,0.0,0.0,0.0,0.0,1.0,32.04495026683334,2.663305001899337,23.85204348427993,1.9823799440547782,1.853489e7,5.116696570015813,5.116696570015813,2.793496301535384,1.0,6.37936965548335,0.5301992036479642,3.919153704495085,0.32572687981973086,3.3635549e7,1.1057603046043791,1.1057603046043791,0.5561171226770273,1.0,30.769913440083414,2.557334734196859,21.79448354505025,1.8113729793933344,1.7687734e7,4.925465891625502,4.925465891625502,2.6823458509904876,1.0,2.121573337786989,0.1763272164685662,1.2287116672204175,0.10212011259031956,3.2360473e7,0.601903394375308,0.6019033943750721,0.18494668343043422,1.0,11.47126998135653,1.0,0,1.7889679943128382e6,11941.84984341287,0.048195484856955934,15120.0,1
5.6592e6,7.667715474118493e-6,6.375810512848056e-7,2.1122094330006905e-5,1.7563310941465068e-6,0.0,0.0,0.0,0.5759631493044688,0.04789212529786362,0.1747570294336389,0.0,0.0,0.0,0.6291026081357134,0.05231074413429425,3.230807e6,-0.00017861696242081488,-1.4852245243314029e-5,0.00017861696242081488,1.4852245243314029e-5,13.587861605133739,1.129849316417102,0.0,0.0,0.0,0.0,0.0,0.0,0.0,0.0,0.0,0.0,0.3037450683193996,0.025256818753296523,0.3037450683193996,0.025256818753296523,1.589442e6,0.021612471496909487,0.0017971066277008157,0.021612471496909487,0.0017971066277008157,700.0,0.00017873025922326188,1.4861666027725656e-5,0.0001046976903604524,8.705756455417053e-6,1.762302e6,29.64214828686146,2.4647852585127326,22.122725099765443,1.8395349141479156,3.2263397e7,7.3672287114194654,0.6125951651097791,4.500693006981865,0.37423879232185053,1.2550855e7,0.47295624377940276,0.03932695991895179,NaN,NaN,212845.0,0.3230084202769719,0.02685859287152437,0.323008420276973,0.02685859287152446,1.589968e6,0.05167163941498475,0.05167163941498475,0.028209611100976334,1.0,0.30609418785873954,0.025452151262769722,0.3060941878587403,0.025452151262769784,1.589968e6,0.05300241210353418,0.05300241210353418,0.026732423855576594,1.0,0.0,0.0,0.0,0.0,0.0,0.0,0.0,0.0,1.0,0.0,0.0,0.0,0.0,0.0,0.0,0.0,0.0,1.0,32.097651438050974,2.668963711123945,23.882975515431653,1.9859021488651118,1.8612649e7,5.134659553929524,5.134659553929524,2.803215667089111,1.0,6.382436666348025,0.5307083567751563,3.9209509207601942,0.3260324432397918,3.3758503e7,1.1051648539324797,1.1051648539324797,0.5574035998191765,1.0,30.82261286129942,2.5629425058591004,21.8254140311024,1.8148130912846874,1.7765493e7,4.942910465060213,4.942910465060213,2.6918614727988763,1.0,2.12457357097529,0.17666120443391478,1.2304692618802995,0.10231520564519533,3.248542e7,0.6014029979761907,0.6014029975879476,0.18554746697078062,1.0,11.450296819788225,1.0,0,1.8012466224949912e6,12278.628182152985,0.049645438662394625,15120.0,1
5.6808e6,3.2077717736814948e-6,2.66861363477436e-7,2.1022256585715568e-5,1.7488862835768548e-6,0.0,0.0,0.0,0.5899555978602347,0.049079662252729916,0.1747570294336389,0.0,0.0,0.0,0.6291035168267474,0.052336460980875674,3.239447e6,-0.00017861696180448535,-1.485952534354924e-5,0.00017861696180448535,1.485952534354924e-5,13.591832852799131,1.13073351321768,0.0,0.0,0.0,0.0,0.0,0.0,0.0,0.0,0.0,0.0,0.30374552266491617,0.02526923673110865,0.30374552266491617,0.02526923673110865,1.593762e6,0.021612471496909487,0.0017979875186579146,0.021612471496909487,0.0017979875186579146,700.0,0.0001787302612982803,1.486895096966251e-5,0.00010469769157317326,8.710023872456229e-6,1.762302e6,29.64622262641689,2.46633237967595,22.125110498138472,1.8406350486231375,3.2388676e7,7.417217657190771,0.6170541288026739,4.5300368748532,0.37686341246121985,1.2590276e7,0.47295624377940276,0.03934623688495303,NaN,NaN,212845.0,0.3230088746224889,0.026871795993809493,0.32300887462249,0.026871795993809587,1.594288e6,0.05178528898098339,0.05178528898098339,0.028258724655599192,1.0,0.30609464220425664,0.025464664987066028,0.3060946422042573,0.025464664987066083,1.594288e6,0.052930794311085605,0.052930794311085605,0.026778967676085053,1.0,0.0,0.0,0.0,0.0,0.0,0.0,0.0,0.0,1.0,0.0,0.0,0.0,0.0,0.0,0.0,0.0,0.0,1.0,32.150784655283815,2.674692227287604,23.91416084877217,1.9894699563360259,1.8690353e7,5.154464180852945,5.154464180852945,2.8127405852144767,1.0,6.386172281597481,0.531279268821862,3.9231400765606392,0.3263743756752368,3.3883843e7,1.1043158711900245,1.1043158711900245,0.5587000800513557,1.0,30.87574357428088,2.568618845085703,21.85659711236251,1.8182968483721023,1.7843252e7,4.962010881282196,4.962010881282196,2.701192458635137,1.0,2.1282249891215512,0.1770515680209737,1.2326083324975807,0.10254331151073148,3.2608052e7,0.6008090718992873,0.6008090714678423,0.1861896953854292,1.0,11.430412326073881,1.0,0,1.813839715702194e6,12593.093207202852,0.05100547187415355,15120.0,1
5.7024e6,1.482815473495692e-6,1.233291289220533e-7,2.0924848507929895e-5,1.7403671498147593e-6,0.0,0.0,0.0,0.6092157638817772,0.050669858001951285,0.17092068368090663,0.0,0.0,0.0,0.6293187940847608,0.052341872657815945,3.251357e6,-0.00017861696140648915,-1.4855978140715238e-5,0.00017861696140648915,1.4855978140715238e-5,13.59533631064498,1.130754982372443,0.0,0.0,0.0,0.0,0.0,0.0,0.0,0.0,0.0,0.0,0.3038531602192445,0.025272157082168047,0.3038531602192445,0.025272157082168047,1.599717e6,0.02161247364626697,0.0017975584934794534,0.02161247364626697,0.0017975584934794534,701.0,0.0001787302632726243,1.4865401714116957e-5,0.0001046976927311335,8.707944768231472e-6,1.762309e6,29.649765436316198,2.466038296311792,22.127184814506208,1.8403681897363637,3.2512401e7,7.467739939780611,0.6211088825626859,4.559693361150409,0.37924004735170647,1.2631768e7,0.47295624377940276,0.03933684440589936,NaN,NaN,212845.0,0.323116512176817,0.026874333792292083,0.32311651217681797,0.026874333792292166,1.600243e6,0.05190376433092862,0.05190376433092862,0.02830873328822137,1.0,0.3062022819079422,0.025467538865523727,0.3062022819079428,0.02546753886552378,1.600243e6,0.052812096575115264,0.052812096575115264,0.026826851628162115,1.0,0.0,0.0,0.0,0.0,0.0,0.0,0.0,0.0,1.0,0.0,0.0,0.0,0.0,0.0,0.0,0.0,0.0,1.0,32.204073342751,2.678485883169425,23.945643176508323,1.9916134996049193,1.8767972e7,5.173095679998544,5.173095679998544,2.8214482661764366,1.0,6.389261623038167,0.5314093928132257,3.9251498043861237,0.32646361932162216,3.400926e7,1.1019849355042224,1.1019849355042224,0.5597730118362954,1.0,30.929194118397795,2.5724512841038787,21.88816253320773,1.8204881640201438,1.7921012e7,4.979989431018128,4.979989431018128,2.709754141683164,1.0,2.1314607057145474,0.17727842531050025,1.2346179911797648,0.10268598090950393,3.2731046e7,0.5989203406528171,0.5989203094590436,0.18674054205988186,1.0,11.41402226963149,1.0,0,1.8267796649053965e6,12939.949203202501,0.05248559256489234,16755.0,1
5.724e6,1.0591283502672259e-6,8.805394720510385e-8,2.0819809938737367e-5,1.730920001058729e-6,0.0,0.0,0.0,0.6274749155743934,0.0521670891677805,0.17092068368090663,0.0,0.0,0.0,0.629616869248341,0.05234516718417386,3.264317e6,-0.00017861696124096772,-1.4849879593044583e-5,0.00017861696124096772,1.4849879593044583e-5,13.598859565157403,1.1305837124441718,0.0,0.0,0.0,0.0,0.0,0.0,0.0,0.0,0.0,0.0,0.30400219780103366,0.02527417330359804,0.30400219780103366,0.02527417330359804,1.606197e6,0.02161247364626697,0.001796820576977222,0.02161247364626697,0.001796820576977222,701.0,0.00017873026528526114,1.4859299479059173e-5,0.0001046976939098792,8.704370164117118e-6,1.762309e6,29.653352562332365,2.46532418881918,22.129284866269035,1.8397872937774902,3.263552e7,7.51891434879373,0.6251084554023464,4.589732713684879,0.38158178086194916,1.2671046e7,0.47295624377940276,0.03932069622115983,NaN,NaN,212845.0,0.3232655497586071,0.02687569230347897,0.3232655497586081,0.026875692303479054,1.606723e6,0.05202267052669711,0.05202267052669711,0.028354884069051248,1.0,0.3063513194897321,0.02546947488069474,0.30635131948973293,0.02546947488069481,1.606723e6,0.05268965460805429,0.05268965460805429,0.026871270863903583,1.0,0.0,0.0,0.0,0.0,0.0,0.0,0.0,0.0,1.0,0.0,0.0,0.0,0.0,0.0,0.0,0.0,0.0,1.0,32.258068554885746,2.681875397588841,23.977619534581287,1.9934543760153194,1.8845725e7,5.191245629209668,5.191245629209668,2.8294811954082624,1.0,6.392323873472022,0.5314458334824238,3.927216531999618,0.3265014264649377,3.4132146e7,1.0994218585285034,1.0994218585285034,0.5606956958434814,1.0,30.983394991100845,2.575901425066117,21.92029462250438,1.8224122363671282,1.7998772e7,4.997510371594988,4.997510371594988,2.717674598157196,1.0,2.1347788815579185,0.17748151759306977,1.23671368703245,0.10281805947155416,3.2850899e7,0.5969050704165081,0.5969050396789468,0.18724979430945993,1.0,11.400700809475168,1.0,0,1.8401435105332164e6,13363.845627819886,0.05426829167636011,17280.0,1
5.7456e6,8.82337020093031e-7,7.332448840886773e-8,2.074879710869399e-5,1.7242787035434253e-6,0.0,0.0,0.0,0.643435249317773,0.05347113337201184,0.16798489933457073,0.0,0.0,0.0,0.6302905735765687,0.05237877682108459,3.281015e6,-0.00017861696109861547,-1.4843531434645798e-5,0.00017861696109861547,1.4843531434645798e-5,13.602347539443468,1.1303902610639092,0.0,0.0,0.0,0.0,0.0,0.0,0.0,0.0,0.0,0.0,0.30433902325162576,0.02529135996178317,0.30433902325162576,0.02529135996178317,1.614545e6,0.02161252707331048,0.0017960568975176911,0.02161252707331048,0.0017960568975176911,702.0,0.00017873026731663263,1.4852947474413433e-5,0.00010469769510620456,8.700649249014434e-6,1.76231e6,29.6568705224752,2.464562643692818,22.131344591016745,1.8391719750867583,3.2756949e7,7.570704389990897,0.6291451153577592,4.620132896543288,0.38394499301899176,1.2712411e7,0.47295624377940276,0.03930388709208637,NaN,NaN,212845.0,0.32360242861107974,0.02689219876921038,0.3236024286110808,0.026892198769210465,1.615072e6,0.05216835237561214,0.05216835237561214,0.028411387879815977,1.0,0.3066881449654871,0.025486578051874053,0.3066881449654879,0.025486578051874122,1.615072e6,0.052602475631380034,0.052602475631380034,0.026926361097332468,1.0,0.0,0.0,0.0,0.0,0.0,0.0,0.0,0.0,1.0,0.0,0.0,0.0,0.0,0.0,0.0,0.0,0.0,1.0,32.312739484804176,2.6852722234894695,24.009963136026073,1.9952900349565534,1.8921987e7,5.209177158835772,5.209177158835772,2.8369681244437475,1.0,6.395320875489824,0.5314677053405289,3.929209573629018,0.32652747790996667,3.4253685e7,1.0969113610363619,1.0969113610363619,0.5614912804866524,1.0,31.038240095306513,2.579358027910917,21.952798493615624,1.8243343326086534,1.8074662e7,5.014696730045333,5.014696730045333,2.7250706437510854,1.0,2.138053802110183,0.17767780072724834,1.2387671906102065,0.10294475743475737,3.2970393e7,0.5949703022942976,0.5949701923875946,0.1877151421279163,1.0,11.38988457656352,1.0,0,1.853872731089601e6,13729.220556384651,0.05580496084248803,19149.0,1
5.7672e6,8.804733653981468e-7,7.312251858578191e-8,2.10220332371616e-5,1.7458608931346437e-6,0.0,0.0,0.0,0.6601475189400372,0.05482465582729175,0.16447477265560662,0.0,0.0,0.0,0.6313295319635688,0.0524313480100374,3.298479e6,-0.00017861696095877126,-1.4833977449775023e-5,0.00017861696095877126,1.4833977449775023e-5,13.60583890221531,1.1299526449076702,0.0,0.0,0.0,0.0,0.0,0.0,0.0,0.0,0.0,0.0,0.30485794721281667,0.025318177456750388,0.30485794721281667,0.025318177456750388,1.623276e6,0.021613637537927173,0.0017949930965359328,0.021613637537927173,0.0017949930965359328,705.0,0.0001787302692973376,1.4843387605060066e-5,0.00010469769626863477,8.695049211204577e-6,1.762312e6,29.660378079881752,2.463267638342166,22.133398626309507,1.8381587859696127,3.2876089e7,7.623650193333526,0.6331372700881747,4.651211183538469,0.3862788922194059,1.2754627e7,0.47295624377940276,0.03927858931926048,NaN,NaN,212845.0,0.32412193866246014,0.026918034565631722,0.32412193866246125,0.026918034565631816,1.623804e6,0.052328112217438244,0.052328112217438244,0.02847940832522721,1.0,0.3072075933011066,0.0255133134444055,0.30720759330110753,0.02551331344440558,1.623804e6,0.05254052932517732,0.05254052932517732,0.02699320671206966,1.0,0.0,0.0,0.0,0.0,0.0,0.0,0.0,0.0,1.0,0.0,0.0,0.0,0.0,0.0,0.0,0.0,0.0,1.0,32.36852629493783,2.6881769041652643,24.04288447922764,1.9967398632133921,1.8998095e7,5.225761277574333,5.225761277574333,2.8441039228738747,1.0,6.398446094436412,0.5313851751199549,3.9311970974220642,0.32648237200296104,3.437548e7,1.0943015471977648,1.0943015471977648,0.5622080372664238,1.0,31.09404659954402,2.5823325153670935,21.985706716267984,1.825893106096267,1.8150261e7,5.030650310901498,5.030650310901498,2.7321200571808752,1.0,2.1414045026962394,0.17784171185834308,1.2407935618083483,0.10304678579734407,3.30874e7,0.5929655964059966,0.5929654042567203,0.18815737519476253,1.0,11.38092248831417,1.0,0,1.8679514954485972e6,14078.76435899618,0.05727080971855139,21259.0,1
5.7888e6,7.330338376021299e-7,6.082543093132476e-8,2.0807749768253874e-5,1.7265783398285204e-6,0.0,0.0,0.0,0.6767379511751614,0.0561541301319204,0.1612641622772928,0.0,0.0,0.0,0.6332698353589057,0.05254724769257036,3.320355e6,-0.00017861696085460856,-1.4821217054814937e-5,0.00017861696085460856,1.4821217054814937e-5,13.609442203542477,1.1292796379950139,0.0,0.0,0.0,0.0,0.0,0.0,0.0,0.0,0.0,0.0,0.3058278253786482,0.025376876639551415,0.3058278253786482,0.025376876639551415,1.634158e6,0.021614184601601066,0.0017934944134668535,0.021614184601601066,0.0017934944134668535,706.0,0.00017873027127219825,1.4830619287870707e-5,0.00010469769743126266,8.687569709749918e-6,1.762312e6,29.66399689747818,2.4614489834968953,22.135517860688918,1.8367534262384604,3.2993303e7,7.678417088828918,0.6371370656315661,4.683357447716125,0.3886140316449899,1.2792495e7,0.47295624377940276,0.039244801350026066,NaN,NaN,212845.0,0.3250922985254596,0.026975397499997344,0.3250922985254608,0.02697539749999744,1.634687e6,0.05254517552430027,0.05254517552430027,0.028580299348841428,1.0,0.30817753683344395,0.025571850192572843,0.30817753683344495,0.025571850192572926,1.634687e6,0.052549253891822835,0.052549253891822835,0.02709324796446585,1.0,0.0,0.0,0.0,0.0,0.0,0.0,0.0,0.0,1.0,0.0,0.0,0.0,0.0,0.0,0.0,0.0,0.0,1.0,32.42669495521145,2.6906911975322707,24.077579136816272,1.9979011222328174,1.9074234e7,5.241177308176341,5.241177308176341,2.850773927641752,1.0,6.402211556182944,0.5312405196630221,3.9339385657810895,0.32642900811199493,3.4497707e7,1.0916806071976806,1.0916806071976806,0.5628466856959103,1.0,31.151685711542633,2.5848939168211014,22.019554799973452,1.8271310830691374,1.8222242e7,5.045393907414101,5.045393907414101,2.738682235461167,1.0,2.1446823657311147,0.17796071943027184,1.2427204771475697,0.10311803449203122,3.3201623e7,0.59086825595245,0.5908681419304777,0.1885484962233773,1.0,11.374698863629574,1.0,0,1.8823914452773617e6,14439.949828764424,0.05877221048143095,23187.0,1
5.8104e6,4.198681169996022e-7,3.482745406109927e-8,2.074685472230479e-5,1.7209216430073806e-6,0.0,0.0,0.0,0.6815689966872344,0.056535164163504854,0.1612641622772928,0.0,0.0,0.0,0.6361598164851454,0.05276853823167224,3.345883e6,-0.00017861696053808086,-1.4816018973117423e-5,0.00017861696053808086,1.4816018973117423e-5,13.61357651771899,1.1292265156169672,0.0,0.0,0.0,0.0,0.0,0.0,0.0,0.0,0.0,0.0,0.30727281594176775,0.025487836413753386,0.30727281594176775,0.025487836413753386,1.64691e6,0.021614184601601066,0.0017928654041647403,0.021614184601601066,0.0017928654041647403,706.0,0.00017873027328461452,1.4825418101831075e-5,0.00010469769861247138,8.684522927784294e-6,1.762312e6,29.668134524187558,2.460928921213216,22.13793923256847,1.8363100945586113,3.3109943e7,7.745906539300113,0.6425117631861023,4.722951998148319,0.39176204881601767,1.2829215e7,0.47295624377940276,0.03923103752398714,NaN,NaN,212845.0,0.3265372890885794,0.027085796645471807,0.3265372890885806,0.027085796645471907,1.647439e6,0.05290132273974312,0.05290132273974312,0.028708856564279888,1.0,0.30962252739656404,0.02568274158620027,0.3096225273965648,0.025682741586200333,1.647439e6,0.0526290381299864,0.0526290381299864,0.027221726354463897,1.0,0.0,0.0,0.0,0.0,0.0,0.0,0.0,0.0,1.0,0.0,0.0,0.0,0.0,0.0,0.0,0.0,0.0,1.0,32.49850473800127,2.695704043701486,24.12080750728674,2.0007861548997856,1.9151278e7,5.264984873558215,5.264984873558215,2.857238490835136,1.0,6.407052675390097,0.5314557683345201,3.9378734716344157,0.326640918609924,3.4622428e7,1.0890584169996629,1.0890584169996629,0.563302147730096,1.0,31.222406611969962,2.589853546694464,22.06104023954458,1.8299314341210844,1.8292701e7,5.06837530140222,5.06837530140222,2.74504512338104,1.0,2.1485043448867205,0.1782153332011283,1.2449594212967743,0.10326758641020417,3.3315991e7,0.5887596427576494,0.5887595343005139,0.1888945156531658,1.0,11.374095946923338,1.0,0,1.8970808501710538e6,14689.404893692117,0.059790689699482515,23760.0,1
5.832e6,1.676467060002103e-7,1.3894809598636085e-8,2.0686771453531493e-5,1.7145505415236719e-6,0.0,0.0,0.0,0.689820448828223,0.05717334997146811,0.1570727592014105,0.0,0.0,0.0,0.6390317054865409,0.05296390300216241,3.371993e6,-0.00017861696035281137,-1.480404067817671e-5,0.00017861696035281137,1.480404067817671e-5,13.61761193390373,1.1286480332603106,0.0,0.0,0.0,0.0,0.0,0.0,0.0,0.0,0.0,0.0,0.30870855826280025,0.02558622677934205,0.30870855826280025,0.02558622677934205,1.659964e6,0.02161458896093201,0.0017914494434776128,0.02161458896093201,0.0017914494434776128,707.0,0.0001787302753438563,1.4813432394022523e-5,0.00010469769981254915,8.677501866983911e-6,1.762312e6,29.672170800867836,2.459273871183312,22.140303144701036,1.8350214208880358,3.3226481e7,7.816360930570162,0.6478316781503248,4.76427818670447,0.39487049795723844,1.2865208e7,0.47295624377940276,0.03919932047929812,NaN,NaN,212845.0,0.32797325918115483,0.027182913989139485,0.32797325918115605,0.027182913989139586,1.660494e6,0.05322623181607637,0.05322623181607637,0.028831295751257,1.0,0.31105844630538415,0.025780989013022764,0.3110584463053849,0.025780989013022827,1.660494e6,0.052689912142118156,0.052689912142118156,0.027344357536183958,1.0,0.0,0.0,0.0,0.0,0.0,0.0,0.0,0.0,1.0,0.0,0.0,0.0,0.0,0.0,0.0,0.0,0.0,1.0,32.57325608943849,2.6997201565642066,24.165767303578384,2.002894918124701,1.9228111e7,5.286259263787243,5.286259263787243,2.863432165905055,1.0,6.41183127061804,0.5314221603835556,3.9417940155955935,0.3267017803718448,3.4745196e7,1.0860943669321694,1.0860943669321694,0.5636477929081382,1.0,31.29600674336464,2.5938598214756285,22.104208785689675,1.83202986645781,1.8361631e7,5.089633433020689,5.089633433020689,2.7511524217067187,1.0,2.152213649156923,0.17837868446149904,1.2471322937283562,0.10336418876994855,3.3429647e7,0.5862315348022408,0.5862314223669394,0.18919563257583027,1.0,11.375599002235468,1.0,0,1.9118664075482078e6,14785.557377154008,0.06017410996151448,23951.0,1
5.8536e6,1.5469120637895627e-7,1.2799261031245465e-8,2.0627860386927022e-5,1.7067639188330987e-6,0.0,0.0,0.0,0.7076311153515301,0.05854990449184132,0.1570727592014105,0.0,0.0,0.0,0.6426325824018757,0.05317187939691382,3.400379e6,-0.00017861696030502483,-1.4778895019740602e-5,0.00017861696030502483,1.4778895019740602e-5,13.621384689622895,1.1270431094990228,0.0,0.0,0.0,0.0,0.0,0.0,0.0,0.0,0.0,0.0,0.3105089967204681,0.025691736425142157,0.3105089967204681,0.025691736425142157,1.674157e6,0.02161458896093201,0.0017884065466288862,0.02161458896093201,0.0017884065466288862,707.0,0.00017873027734866827,1.478827095296158e-5,0.00010469770099319871,8.662762646639587e-6,1.762312e6,29.675943589049766,2.4554087930135524,22.14251265035354,1.8320873301954144,3.3340961e7,7.88630294942612,0.6525183453150529,4.80530454570539,0.39759433425351165,1.2897608e7,0.47295624377940276,0.039132737808381585,NaN,NaN,212845.0,0.3297736976388221,0.02728571155478747,0.3297736976388234,0.02728571155478758,1.674687e6,0.053570778857002836,0.053570778857002836,0.028982642505399805,1.0,0.3128588847630515,0.025886167842126172,0.3128588847630523,0.02588616784212624,1.674687e6,0.05275761212198133,0.05275761212198133,0.027496059499737803,1.0,0.0,0.0,0.0,0.0,0.0,0.0,0.0,0.0,1.0,0.0,0.0,0.0,0.0,0.0,0.0,0.0,0.0,1.0,32.64764132268614,2.701289188474395,24.210116026287896,2.0031623120068445,1.9304144e7,5.30351445862089,5.30351445862089,2.869285585463074,1.0,6.4164820919340215,0.5309043165374636,3.9452174746156214,0.32643011496680446,3.4866819e7,1.0820158540495868,1.0820158540495868,0.5639218892966406,1.0,31.369094734022475,2.5955013294746676,22.147077492314104,1.8324650284834247,1.8428591e7,5.105797177106523,5.105797177106523,2.756918653318225,1.0,2.15557089487646,0.17835347723186684,1.2490989670282107,0.10335134172842057,3.3541781e7,0.582929849641591,0.5829297418657956,0.18944549273809191,1.0,11.378317128170124,1.0,0,1.9269678694149675e6,15101.461866759695,0.06144509290919751,25920.0,1
5.8752e6,1.4214283886354943e-7,1.1741715868014754e-8,2.0569779460086067e-5,1.699167596616731e-6,0.0,0.0,0.0,0.7198974253180572,0.05946716056736651,0.1570727592014105,0.0,0.0,0.0,0.6467146559802974,0.05342189447539464,3.430619e6,-0.00017861696031675888,-1.4754662380572907e-5,0.00017861696031675888,1.4754662380572907e-5,13.625465396013876,1.125532207802896,0.0,0.0,0.0,0.0,0.0,0.0,0.0,0.0,0.0,0.0,0.3125500335096792,0.02581821017048951,0.3125500335096792,0.02581821017048951,1.689277e6,0.02161458896093201,0.0017854741344150366,0.02161458896093201,0.0017854741344150366,707.0,0.00017873027934267051,1.4764023104020761e-5,0.00010469770217164996,8.648558596143178e-6,1.762312e6,29.680024330440787,2.4517198012229033,22.14490121252926,1.829280602819396,3.3455441e7,7.968109975686841,0.6582060980885673,4.853282878803208,0.4009056597266343,1.2930008e7,0.47295624377940276,0.039068572689702624,NaN,NaN,212845.0,0.3318147344280331,0.027409571692984053,0.3318147344280343,0.02740957169298415,1.689807e6,0.0539847206318713,0.0539847206318713,0.02914259932648241,1.0,0.3148999215522625,0.026012322782410432,0.3148999215522631,0.02601232278241048,1.689807e6,0.052841215228629945,0.052841215228629945,0.027657006424254248,1.0,0.0,0.0,0.0,0.0,0.0,0.0,0.0,0.0,1.0,0.0,0.0,0.0,0.0,0.0,0.0,0.0,0.0,1.0,32.73423903474983,2.704013350054688,24.261685771844384,2.0041376905770028,1.9379921e7,5.325709096173788,5.325709096173788,2.8749802629814134,1.0,6.421668083868453,0.5304621931173331,3.9490190394827906,0.32620890288745996,3.4988142e7,1.0775764683390046,1.0775764683390046,0.5640017773726315,1.0,31.45422323666191,2.5982775850461803,22.196999652733563,1.8335841969148603,1.8495551e7,5.12675628309929,5.12675628309929,2.7625591325589056,1.0,2.1592924391947124,0.17836845316783995,1.2512790418276372,0.10336196391044127,3.3653733e7,0.5793748203229676,0.5793747172072229,0.18964617256260702,1.0,11.385900437731614,1.0,0,1.9423854389949075e6,15417.569579940056,0.06268949683384666,25920.0,1
5.8968e6,1.3196748749282563e-7,1.0877025904373139e-8,2.05125635331369e-5,1.6906867680356455e-6,0.0,0.0,0.0,0.7375496333679572,0.06079032510443388,0.1570727592014105,0.0,0.0,0.0,0.6505773630831713,0.053621895555442216,3.460001e6,-0.00017861696020707071,-1.4721969327773366e-5,0.00017861696020707071,1.4721969327773366e-5,13.62938316521815,1.1233611896776043,0.0,0.0,0.0,0.0,0.0,0.0,0.0,0.0,0.0,0.0,0.3144813870611165,0.025920188816907806,0.3144813870611165,0.025920188816907806,1.703968e6,0.02161458896093201,0.0017815179216260856,0.02161458896093201,0.0017815179216260856,707.0,0.00017873028137488793,1.4731309486484266e-5,0.00010469770336487232,8.629395415973207e-6,1.762312e6,29.683942130826512,2.446610249501538,22.147194937913838,1.825416378121063,3.3569921e7,8.050843631580868,0.6635667344771059,4.901800835189072,0.4040162897344544,1.2962408e7,0.47295624377940276,0.03898200543905371,NaN,NaN,212845.0,0.3337460879794699,0.027508024236903378,0.3337460879794712,0.027508024236903485,1.704498e6,0.05434061042378019,0.05434061042378019,0.029288480487556834,1.0,0.3168312751036996,0.02611387131853869,0.31683127510370007,0.02611387131853873,1.704498e6,0.05288490906766095,0.05288490906766095,0.02780409105287633,1.0,0.0,0.0,0.0,0.0,0.0,0.0,0.0,0.0,1.0,0.0,0.0,0.0,0.0,0.0,0.0,0.0,0.0,1.0,32.82150379457783,2.705214396186125,24.313610174736915,2.003976681861288,1.9455613e7,5.344004365778483,5.344004365778483,2.8803093371955817,1.0,6.426648947721513,0.5296973399336675,3.952667484366642,0.32578680882415595,3.5109292e7,1.0727247336892167,1.0727247336892167,0.5639819883590599,1.0,31.540081001723657,2.5995969507294423,22.2473464296076,1.8336710656218302,1.8562511e7,5.144039617660836,5.144039617660836,2.7678558049548423,1.0,2.1628721495294188,0.1782682753550011,1.2533760068859745,0.10330577291289011,3.3765671e7,0.575485470166232,0.5754853712715221,0.1898066854718286,1.0,11.395131547410301,1.0,0,1.9581132139702768e6,15727.774975369219,0.06389901927079085,25920.0,1
5.9184e6,1.2547737767769912e-7,1.0315564437998564e-8,2.0456205737091346e-5,1.6817159582338438e-6,0.0,0.0,0.0,0.7591107692814607,0.06240691510317798,0.1570727592014105,0.0,0.0,0.0,0.6542125128084446,0.05378317157180982,3.488081e6,-0.00017861696010461288,-1.4684198823562308e-5,0.00017861696010461288,1.4684198823562308e-5,13.633146285519539,1.1207884768055059,0.0,0.0,0.0,0.0,0.0,0.0,0.0,0.0,0.0,0.0,0.3162989619237525,0.02600311214486287,0.3162989619237525,0.02600311214486287,1.718008e6,0.02161458896093201,0.0017769472820834545,0.02161458896093201,0.0017769472820834545,707.0,0.0001787302834227324,1.469351519605929e-5,0.00010469770456602181,8.607256048460469e-6,1.762312e6,29.6877052794794,2.4406426281349387,22.149398070306525,1.8209142339905307,3.3684401e7,8.133703673016845,0.6686762658852005,4.950391355185699,0.40697440417425146,1.2994808e7,0.47295624377940276,0.03888199370560554,NaN,NaN,212845.0,0.3355636628421068,0.02758687383465927,0.335563662842108,0.027586873834659367,1.718538e6,0.05465572674807905,0.05465572674807905,0.029423077323245277,1.0,0.3186488499663364,0.02619629773715043,0.3186488499663367,0.026196297737150456,1.718538e6,0.05289373966398384,0.05289373966398384,0.027939943413760583,1.0,0.0,0.0,0.0,0.0,0.0,0.0,0.0,0.0,1.0,0.0,0.0,0.0,0.0,0.0,0.0,0.0,0.0,1.0,32.90865186482785,2.7054384237392854,24.365434586511803,2.003095818455825,1.9531297e7,5.360074653905577,5.360074653905577,2.8855144809829807,1.0,6.431409775290047,0.5287297454891702,3.9561571585603486,0.3252378624041939,3.5230403e7,1.0675742729419264,1.0675742729419264,0.5639224030191674,1.0,31.62589816658884,2.5999825345808905,22.29766795021248,1.8331035826101107,1.8629471e7,5.159202037769592,5.159202037769592,2.773039366930705,1.0,2.1663101622072336,0.17809355347176245,1.2553899715877028,0.10320630209529574,3.3876285e7,0.5713694257423685,0.5713693306918464,0.18994759703391031,1.0,11.404777928411981,1.0,0,1.9742750126178071e6,16161.798647530377,0.06560683807819938,25920.0,1
5.94e6,1.2311169689099828e-7,1.0093613825560308e-8,2.0400699593743736e-5,1.672601293545899e-6,0.0,0.0,0.0,0.7817339748611468,0.06409237347735419,0.1570727592014105,0.0,0.0,0.0,0.6577014249685689,0.053923261264371906,3.516161e6,-0.00017861696005327487,-1.4644348693118476e-5,0.00017861696005327487,1.4644348693118476e-5,13.636824896151536,1.118048469678794,0.0,0.0,0.0,0.0,0.0,0.0,0.0,0.0,0.0,0.0,0.31804341800381325,0.026075568139833437,0.31804341800381325,0.026075568139833437,1.732048e6,0.02161458896093201,0.0017721249847041849,0.02161458896093201,0.0017721249847041849,707.0,0.00017873028543460216,1.4653639951907352e-5,0.00010469770574797199,8.583897687462099e-6,1.762312e6,29.691383917154134,2.434320789774761,22.15155153373013,1.8161491756257206,3.3798881e7,8.218172863932933,0.6737870189026958,4.999923547178689,0.4099309709558348,1.3027208e7,0.47295624377940276,0.03877647536061138,NaN,NaN,212845.0,0.337308118922169,0.027655031801251118,0.33730811892217,0.0276550318012512,1.732578e6,0.05495035002581802,0.05495035002581802,0.02954889031517253,1.0,0.32039330604639854,0.026268229463120678,0.3203933060463989,0.026268229463120706,1.732578e6,0.052882459936322096,0.052882459936322096,0.028067117649975767,1.0,0.0,0.0,0.0,0.0,0.0,0.0,0.0,0.0,1.0,0.0,0.0,0.0,0.0,0.0,0.0,0.0,0.0,1.0,32.99726907718474,2.7053618768498873,24.418100967075173,2.0019777790360287,1.9606919e7,5.375534663918914,5.375534663918914,2.890629160595292,1.0,6.4360296496002505,0.5276736451000142,3.9595464756946517,0.3246331100886839,3.5351413e7,1.0622977249239949,1.0622977249239949,0.563809536482334,1.0,31.71323319131351,2.6000870516509416,22.348877503295384,1.8323274282600692,1.8696431e7,5.173737403733272,5.173737403733272,2.778144955727667,1.0,2.169659138189317,0.17788481539143033,1.2573517767412448,0.10308706319388088,3.3986147e7,0.5671865588454506,0.5671864672948431,0.19006663729449386,1.0,11.415255034094146,1.0,0,1.9909138513280852e6,16638.83871027804,0.06748133131117949,25920.0,1
5.9616e6,1.2309876686653565e-7,1.0063972845705547e-8,2.0346044140568802e-5,1.663396319560333e-6,0.0,0.0,0.0,0.8055860114501677,0.06586090137608615,0.1570727592014105,0.0,0.0,0.0,0.6610037288188899,0.05404053791177215,3.544241e6,-0.00017861696017789996,-1.4602877695450985e-5,0.00017861696017789996,1.4602877695450985e-5,13.640390599686125,1.115173807946381,0.0,0.0,0.0,0.0,0.0,0.0,0.0,0.0,0.0,0.0,0.31969456992897377,0.026136715684349825,0.31969456992897377,0.026136715684349825,1.746088e6,0.02161458896093201,0.0017671065430716487,0.02161458896093201,0.0017671065430716487,707.0,0.00017873028745613883,1.4612142797611677e-5,0.00010469770693212798,8.559589233862703e-6,1.762312e6,29.694949646335743,2.4277186076066086,22.15363892152845,1.811176717810304,3.3913361e7,8.302559982042599,0.6787780278880527,5.049406417984611,0.41281558191906664,1.3059608e7,0.47303099504193086,0.03867277642545765,NaN,NaN,214576.0,0.3389592708473296,0.027711706497484265,0.3389592708473306,0.027711706497484345,1.746618e6,0.055216510281901526,0.055216510281901526,0.02966550328351158,1.0,0.32204445797155895,0.02632883141428777,0.3220444579715594,0.026328831414287806,1.746618e6,0.05285554394948376,0.05285554394948376,0.02818512944493271,1.0,0.0,0.0,0.0,0.0,0.0,0.0,0.0,0.0,1.0,0.0,0.0,0.0,0.0,0.0,0.0,0.0,0.0,1.0,33.08563513254541,2.7049250129196625,24.470598314125024,2.000600357098061,1.9682519e7,5.389654361459484,5.389654361459484,2.8956340837293983,1.0,6.440460102367345,0.5265415506099216,3.962804098704141,0.3239801165957163,3.5472397e7,1.0570404600026906,1.0570404600026906,0.5636650380929064,1.0,31.800382780803165,2.5998488606797534,22.399977250114677,1.8313161742228623,1.8763391e7,5.186955456515085,5.186955456515085,2.7831496021412736,1.0,2.172887503032855,0.1776450031461717,1.2592429265682419,0.10294974467834996,3.4095974e7,0.5630504896731592,0.5630504012645275,0.1901697545984979,1.0,11.426041473421654,1.0,0,2.0080555548754313e6,17141.703547346173,0.0694551466750068,25920.0,1
5.9832e6,1.2309876143701785e-7,1.0035372942942342e-8,2.0292231383213304e-5,1.654282361559052e-6,0.0,0.0,0.0,0.8295505216528912,0.06762739740528136,0.1570727592014105,0.0,0.0,0.0,0.6641838931150004,0.05414622366866484,3.572321e6,-0.0001786169601207444,-1.4561379723251208e-5,0.0001786169601207444,1.4561379723251208e-5,13.643875950808349,1.1122888805315736,0.0,0.0,0.0,0.0,0.0,0.0,0.0,0.0,0.0,0.0,0.32128465207702933,0.026192069414817765,0.32128465207702933,0.026192069414817765,1.760128e6,0.02161458896093201,0.0017620848390285163,0.02161458896093201,0.0017620848390285163,707.0,0.0001787302895462263,1.4570618671205223e-5,0.00010469770815566198,8.535264980313984e-6,1.762312e6,29.698435022375634,2.4211037364804517,22.15567924347182,1.8061961096676382,3.4027841e7,8.38635318916078,0.6836801678749785,5.09854036854959,0.4156480005627045,1.3092008e7,0.4733009979471371,0.03858488885849975,NaN,NaN,216736.0,0.3405493529953848,0.027762584471940056,0.34054935299538586,0.02776258447194014,1.760658e6,0.0554638692233739,0.0554638692233739,0.029776276560120916,1.0,0.32363454011961423,0.02638363919672468,0.32363454011961457,0.026383639196724703,1.760658e6,0.0528254884091248,0.0528254884091248,0.028297312816036327,1.0,0.0,0.0,0.0,0.0,0.0,0.0,0.0,0.0,1.0,0.0,0.0,0.0,0.0,0.0,0.0,0.0,0.0,1.0,33.173294273917584,2.70438447875907,24.52266646734314,1.9991598671046433,1.9758119e7,5.402797683018938,5.402797683018938,2.9005404826707513,1.0,6.444760990517543,0.5253958635567637,3.965972063568881,0.3233177025876706,3.5593374e7,1.051950903875513,1.051950903875513,0.5635041850164074,1.0,31.88686931773858,2.599511334239499,22.450687577384045,1.830246056373235,1.8830351e7,5.199255026796419,5.199255026796419,2.788060617617105,1.0,2.176032163877846,0.17739653953809134,1.2610850452944615,0.10280736048487608,3.4205785e7,0.5590712737350303,0.5590711881686449,0.1902635695690874,1.0,11.436935451206795,1.0,0,2.0257161379188788e6,17660.583043447463,0.07148939406303259,25920.0,1
6.0048e6,1.2309875688098735e-7,1.0007906981682077e-8,2.038710326169863e-5,1.6574678594543957e-6,0.0,0.0,0.0,0.8522067906085309,0.06928426009869211,0.1570727592014105,0.0,0.0,0.0,0.6668389344854888,0.05421388645335305,3.600353e6,-0.00017861696000428823,-1.4521526994801336e-5,0.00017861696000428823,1.4521526994801336e-5,13.647325000023557,1.1095250887144834,0.0,0.0,0.0,0.0,0.0,0.0,0.0,0.0,0.0,0.0,0.322612098836212,0.026228306102550936,0.322612098836212,0.026228306102550936,1.774143e6,0.02161473681305694,0.001757274248250541,0.02161473681305694,0.001757274248250541,708.0,0.00017873029155492378,1.4530740829657092e-5,0.00010469770932277793,8.511905096739314e-6,1.762312e6,29.70188409663534,2.4147578801889558,22.15769829077629,1.801416919560418,3.4142321e7,8.46898303509509,0.6885268104422745,5.146991911459471,0.4184495245159722,1.3124408e7,0.47466674498035305,0.03859032171749645,NaN,NaN,220686.0,0.3418768312556393,0.027794525412685993,0.34187683125564033,0.02779452541268608,1.774674e6,0.055660044410699334,0.055660044410699334,0.02986360305417559,1.0,0.32496210322984803,0.026419361040666934,0.32496210322984853,0.026419361040666976,1.774674e6,0.05277123924839533,0.05277123924839533,0.028386068815671277,1.0,0.0,0.0,0.0,0.0,0.0,0.0,0.0,0.0,1.0,0.0,0.0,0.0,0.0,0.0,0.0,0.0,0.0,1.0,33.25981177476205,2.7040167659197816,24.574638135567024,1.9979136979184027,1.9833719e7,5.414940210120542,5.414940210120542,2.9053089466462794,1.0,6.449083537995673,0.5243093415456445,3.9697266040251975,0.3227380649684608,3.5714344e7,1.047279442537773,1.047279442537773,0.563339931912231,1.0,31.972165695104707,2.5993313692752227,22.500699911345738,1.829302890143728,1.8897307e7,5.210578901491769,5.210578901491769,2.792830568816697,1.0,2.179149563463219,0.17716447089224316,1.26291119596999,0.10267445501185754,3.4315329e7,0.5554514762691427,0.5554513932307055,0.19035293301371423,1.0,11.447943191430726,1.0,0,2.0438830841812575e6,18166.94626237871,0.07346842248409727,25920.0,1
6.0264e6,1.2309875111398579e-7,9.982700027424299e-9,2.0334942748222477e-5,1.6490633064374657e-6,0.0,0.0,0.0,0.872228054038109,0.07073338226562408,0.1570727592014105,0.0,0.0,0.0,0.6695385853405971,0.054296268595383244,3.628433e6,-0.00017861695985929403,-1.4484952235094089e-5,0.00017861695985929403,1.4484952235094089e-5,13.650779204914725,1.107010694341503,0.0,0.0,0.0,0.0,0.0,0.0,0.0,0.0,0.0,0.0,0.32396192426376585,0.026271710159250297,0.32396192426376585,0.026271710159250297,1.788183e6,0.02161473681305694,0.0017528482768819705,0.02161473681305694,0.0017528482768819705,708.0,0.00017873029358237173,1.4494143039633026e-5,0.00010469771051475419,8.490466622680074e-6,1.762312e6,29.705338327498012,2.4089560540055825,22.159720377600557,1.7970437491794733,3.4256801e7,8.549761241261528,0.6933433605559604,5.194357975653556,0.42123674721925797,1.3156808e7,0.47872663967901863,0.038822363312421296,NaN,NaN,225041.0,0.3432266566831934,0.02783398469990477,0.34322665668319446,0.027833984699904855,1.788714e6,0.05585184273714752,0.05585184273714752,0.02995263594829887,1.0,0.3263119286574023,0.026462283895478365,0.32631192865740266,0.0264622838954784,1.788714e6,0.05275073089207264,0.05275073089207264,0.02847652481049569,1.0,0.0,0.0,0.0,0.0,0.0,0.0,0.0,0.0,1.0,0.0,0.0,0.0,0.0,0.0,0.0,0.0,0.0,1.0,33.34451628884861,2.7040753919827574,24.62557947873428,1.9970127293173665,1.9909319e7,5.426014103648201,5.426014103648201,2.909902648365335,1.0,6.453448796811768,0.5233427869732042,3.9735395724174793,0.32223441131269775,3.5835304e7,1.043247613432489,1.043247613432489,0.5631782924142423,1.0,32.055629108269315,2.599553014814189,22.549637602959443,1.8286641081275432,1.8964267e7,5.220845390621405,5.220845390621405,2.7974242969709824,1.0,2.1822880182256985,0.17697276749149973,1.264749681916821,0.10256494538003051,3.4422759e7,0.5523815612037836,0.5523814803656473,0.19044347888335114,1.0,11.458980013499835,1.0,0,2.062512180427652e6,18629.09624639456,0.07526482798113279,25920.0,1
6.048e6,1.23098744344459e-7,9.959792620896847e-9,2.0283586259057216e-5,1.6411240733941425e-6,0.0,0.0,0.0,0.8897328463816739,0.07198736823151539,0.1570727592014105,0.0,0.0,0.0,0.6722930947579847,0.054394541876997465,3.656513e6,-0.00017861695986491527,-1.4451714258364716e-5,0.00017861695986491527,1.4451714258364716e-5,13.654251596478375,1.104751433645275,0.0,0.0,0.0,0.0,0.0,0.0,0.0,0.0,0.0,0.0,0.3253391789724584,0.026322857891640097,0.3253391789724584,0.026322857891640097,1.802223e6,0.02161473681305694,0.001748826093716383,0.02161473681305694,0.001748826093716383,708.0,0.00017873029557495047,1.4460884133934966e-5,0.00010469771168579724,8.470984020398146e-6,1.762312e6,29.70881074587976,2.4037092792307844,22.161753158783743,1.7930846228564894,3.4371281e7,8.628460448465217,0.6981198481103146,5.240505597177448,0.4240039104743798,1.3189208e7,0.4849966240395763,0.03924057733483035,NaN,NaN,231521.0,0.34460391139188706,0.027881547550225674,0.34460391139188823,0.027881547550225767,1.8027540000000002e6,0.05604465150139514,0.05604465150139514,0.030044362108619882,1.0,0.3276891833660957,0.026512994326771636,0.3276891833660965,0.026512994326771698,1.8027540000000002e6,0.0527607577131411,0.0527607577131411,0.02856964810516281,1.0,0.0,0.0,0.0,0.0,0.0,0.0,0.0,0.0,1.0,0.0,0.0,0.0,0.0,0.0,0.0,0.0,0.0,1.0,33.42719766348287,2.7045601350279163,24.67534418542091,1.996456683980038,1.9984919e7,5.436431746091472,5.436431746091472,2.914357027526577,1.0,6.4578454783762185,0.5224976264781752,3.9773810118131867,0.32180580121193847,3.5956264e7,1.0397682863180038,1.0397682863180038,0.5630285715857852,1.0,32.137053899934436,2.600175931886658,22.597380544759154,1.828330785986778,1.9031227e7,5.230452140972601,5.230452140972601,2.801875581080814,1.0,2.185440333714485,0.17682172653387945,1.2665962866275724,0.10247900103602053,3.4530024e7,0.549781971902733,0.5497818929758802,0.19053806002286394,1.0,11.469836175786819,1.0,0,2.0815453110093412e6,19033.130581689067,0.07682441486968565,25920.0,1
6.0696e6,1.230987403343581e-7,9.938751928863926e-9,2.023301738880361e-5,1.6335743164674994e-6,0.0,0.0,0.0,0.905287928035311,0.07309117962133119,0.1570727592014105,0.0,0.0,0.0,0.6750731924956668,0.054504091397009846,3.684593e6,-0.00017861695978125413,-1.4421184560718574e-5,0.00017861695978125413,1.4421184560718574e-5,13.657730777992382,1.1026985145825199,0.0,0.0,0.0,0.0,0.0,0.0,0.0,0.0,0.0,0.0,0.3267292278413005,0.02637947987610396,0.3267292278413005,0.02637947987610396,1.816263e6,0.02161473681305694,0.001745131644801213,0.02161473681305694,0.001745131644801213,708.0,0.00017873029760059986,1.4430335234946239e-5,0.00010469771286965327,8.453088901678029e-6,1.762312e6,29.71228995472409,2.3989122739711433,22.163789964363094,1.78946112414252,3.4485761e7,8.70466249845241,0.7027974531795967,5.2851899119854675,0.4267159134974233,1.3221608e7,0.4929585760881885,0.03980051286990325,NaN,NaN,238197.0,0.3459939602607279,0.027934876754841888,0.34599396026072926,0.027934876754842002,1.816794e6,0.056237093668637265,0.056237093668637265,0.030137674969399574,1.0,0.3290792322349366,0.026569214642167778,0.3290792322349375,0.026569214642167847,1.816794e6,0.052793411788027794,0.052793411788027794,0.028664323888204554,1.0,0.0,0.0,0.0,0.0,0.0,0.0,0.0,0.0,1.0,0.0,0.0,0.0,0.0,0.0,0.0,0.0,0.0,1.0,33.50741832632793,2.7053235282302266,24.723670149718167,1.9961408518209125,2.0060519e7,5.446221724772117,5.446221724772117,2.918651186343253,1.0,6.462244558450612,0.5217490073061708,3.981227897671079,0.321436566611083,3.6077224e7,1.036722784759814,1.036722784759814,0.5628914040250707,1.0,32.21601263010854,2.6010579539490903,22.64367844162594,1.8282063827542727,1.9098187e7,5.239431288189779,5.239431288189779,2.806163774433049,1.0,2.1885878783791965,0.17670231180796486,1.2684400966658735,0.10241137661639935,3.4637021e7,0.5475480782367192,0.5475480009978589,0.19063613154072365,1.0,11.480446338744924,1.0,0,2.100934922772915e6,19389.61176357395,0.07819096791098344,25920.0,1
6.0912e6,1.230987316193368e-7,9.91962854460301e-9,2.0183220748964812e-5,1.626418485631296e-6,0.0,0.0,0.0,0.9186918294011238,0.0740306709479485,0.1570727592014105,0.0,0.0,0.0,0.6779042054767419,0.05462735333413618,3.712673e6,-0.00017861695987518662,-1.4393437449925671e-5,0.00017861695987518662,1.4393437449925671e-5,13.66122644197995,1.100858554637314,0.0,0.0,0.0,0.0,0.0,0.0,0.0,0.0,0.0,0.0,0.3281447343318379,0.02644278970724952,0.3281447343318379,0.02644278970724952,1.830303e6,0.02161473681305694,0.0017417739196363968,0.02161473681305694,0.0017417739196363968,708.0,0.00017873029968526268,1.4402570678192775e-5,0.00010469771407579229,8.436824810774673e-6,1.762312e6,29.715785646735334,2.394578332766158,22.165836440291162,1.7861830172876836,3.4600241e7,8.777857933294646,0.7073435198734558,5.328112589132702,0.4293537149631936,1.3254008e7,0.5029397619994812,0.04052824552874768,NaN,NaN,246837.0,0.3474094667512658,0.027995193920502016,0.3474094667512668,0.027995193920502096,1.830834e6,0.05643011125394448,0.05643011125394448,0.030233392232507,1.0,0.33049473872547425,0.02663215941363402,0.3304947387254751,0.026632159413634084,1.830834e6,0.05285230408358522,0.05285230408358522,0.028761383966030847,1.0,0.0,0.0,0.0,0.0,0.0,0.0,0.0,0.0,1.0,0.0,0.0,0.0,0.0,0.0,0.0,0.0,0.0,1.0,33.58468326469632,2.706344560918291,24.7702737776122,1.9960556180372218,2.0136112e7,5.45519795639937,5.45519795639937,2.9227151224208194,1.0,6.466674174429814,0.5211020851757066,3.9851027301033164,0.32113035020499436,3.6198184e7,1.0341424229458933,1.0341424229458933,0.5627638722215321,1.0,32.29199937419668,2.602176598741381,22.688235000768074,1.8282793053972215,1.9165147e7,5.247595765373141,5.247595765373141,2.8102189965679787,1.0,2.1917482772152237,0.17661700073791334,1.270291440110644,0.1023635179950711,3.4743795e7,0.5457032896118627,0.545703213835272,0.19073741990862977,1.0,11.49091918232485,1.0,0,2.1206387760904734e6,19703.8533175583,0.07938576687334074,25920.0,1
6.1128e6,1.2309872524684972e-7,9.904233480775685e-9,2.01341739686492e-5,1.6199482125275782e-6,0.0,0.0,0.0,0.9273886941872231,0.07461550991891362,0.1570727592014105,0.0,0.0,0.0,0.6810197675719118,0.054793246392520374,3.740987e6,-0.00017861695975669546,-1.4371099859150649e-5,0.00017861695975669546,1.4371099859150649e-5,13.664828011439687,1.0994398750153256,0.0,0.0,0.0,0.0,0.0,0.0,0.0,0.0,0.0,0.0,0.3297025153794225,0.026527087790459508,0.3297025153794225,0.026527087790459508,1.84446e6,0.02161473681305694,0.0017390708116005599,0.02161473681305694,0.0017390708116005599,708.0,0.00017873030174141643,1.4380219088270202e-5,0.00010469771527993168,8.423731561450565e-6,1.762312e6,29.71938724676168,2.3911518954177615,22.167944926481805,1.7835806333540514,3.4714721e7,8.84661129113592,0.7117775067562602,5.368432724931964,0.43193145198653227,1.3286408e7,0.5183278638857286,0.04170343903416947,NaN,NaN,254811.0,0.3489672477988507,0.028077082783860695,0.3489672477988518,0.028077082783860785,1.844991e6,0.05663657438159001,0.05663657438159001,0.03034099132286133,1.0,0.3320525197730591,0.026716163608659513,0.33205251977306,0.026716163608659582,1.844991e6,0.052980885568178857,0.052980885568178857,0.028870338648444953,1.0,0.0,0.0,0.0,0.0,0.0,0.0,0.0,0.0,1.0,0.0,0.0,0.0,0.0,0.0,0.0,0.0,0.0,1.0,33.657716420715694,2.708020584226456,24.81445967819696,1.9965129765504712,2.0211918e7,5.462569257144498,5.462569257144498,2.9263734299125406,1.0,6.471364373582603,0.5206707345393574,3.989191513079066,0.320960952811126,3.6319655e7,1.032543332545995,1.032543332545995,0.5626534052820941,1.0,32.36364471624963,2.60390262300309,22.730247964657462,1.8288222113303738,1.9232107e7,5.254154229894229,5.254154229894229,2.8138602396231263,1.0,2.195060552584902,0.17660940171106876,1.2722317673490298,0.10236077132575463,3.4849639e7,0.5446566731974413,0.5446565985605192,0.19084975337720805,1.0,11.50151107738892,1.0,0,2.1405909052855247e6,19952.129195051268,0.08031202845789705,25920.0,1
6.1344e6,1.2250654606165036e-7,9.839934891092115e-9,2.6554616530490272e-5,2.1329121268870634e-6,0.0,0.0,0.0,0.9378047028338281,0.0753260745087122,0.1612641622772928,0.0,0.0,0.0,0.6829663969481798,0.05485702678607808,3.763839e6,-0.00017861695966502693,-1.4346819088868974e-5,0.00017861695966502693,1.4346819088868974e-5,13.668170420913913,1.0978507789654042,0.0,0.0,0.0,0.0,0.0,0.0,0.0,0.0,0.0,0.0,0.3306758300675564,0.026560447115088318,0.3306758300675564,0.026560447115088318,1.855856e6,0.02161473681305694,0.0017361325559006372,0.02161473681305694,0.0017361325559006372,708.0,0.00017873030380330932,1.4355923083527547e-5,0.00010469771648851413,8.409499301160215e-6,1.762312e6,29.722729684340532,2.387380383185882,22.169901325581925,1.7807243171795948,3.48319e7,8.90569428024043,0.7153205660817302,5.4030882897144545,0.4339852741816518,1.3320021e7,0.5367859903756814,0.04311556700887652,NaN,NaN,262268.0,0.34994056248698474,0.028107823306774353,0.3499405624869858,0.028107823306774436,1.856387e6,0.056705386807159065,0.056705386807159065,0.030397551538874,1.0,0.3330258344611933,0.02674920347930359,0.33302583446119405,0.026749203479303648,1.856387e6,0.05304009709006342,0.05304009709006342,0.028928255401050155,1.0,0.0,0.0,0.0,0.0,0.0,0.0,0.0,0.0,1.0,0.0,0.0,0.0,0.0,0.0,0.0,0.0,0.0,1.0,33.720252498498596,2.708468239153803,24.852450896203393,1.996191277645191,2.0287918e7,5.464127815230198,5.464127815230198,2.929106320062793,1.0,6.475326341321637,0.5201092647336062,3.992814397501173,0.3207096679050511,3.6441841e7,1.0313071908947244,1.0313071908947244,0.5624785671957467,1.0,32.425424491108515,2.6044654434054917,22.76648357481584,1.828642821768638,1.9300251e7,5.255577558984351,5.255577558984351,2.816631216265469,1.0,2.1981896147587703,0.1765623420369392,1.2740646867344174,0.10233505039148967,3.4956212e7,0.5438597277379206,0.5438596722728603,0.1909455183816609,1.0,11.512129917419902,1.0,0,2.160689272863288e6,20098.367577763274,0.08082604931725289,24736.0,1
6.156e6,1.1924805054154062e-7,9.558517501106946e-9,2.6507101631469474e-5,2.124718967709743e-6,0.0,0.0,0.0,0.954645814850913,0.07652115642286511,0.1612641622772928,0.0,0.0,0.0,0.6835087043845116,0.05478772930331781,3.779911e6,-0.00017861695963373577,-1.4317327007864382e-5,0.00017861695963373577,1.4317327007864382e-5,13.671049666082451,1.095824769447532,0.0,0.0,0.0,0.0,0.0,0.0,0.0,0.0,0.0,0.0,0.3309469837857222,0.026527582816562777,0.3309469837857222,0.026527582816562777,1.863498e6,0.02161473681305694,0.001732563670191435,0.02161473681305694,0.001732563670191435,708.0,0.00017873030583410396,1.4326412453160831e-5,0.00010469771766922052,8.392212385212794e-6,1.762312e6,29.725608951201416,2.3827035502952816,22.171586384577154,1.77719883488124,3.49507e7,8.953759939522506,0.717702894881475,5.4312975222010635,0.43535430712632717,1.3354581e7,0.5534871039172068,0.044365640741327206,NaN,NaN,269900.0,0.3502117162051506,0.02807177814008383,0.3502117162051517,0.028071778140083912,1.864029e6,0.05662619376045885,0.05662619376045885,0.030397857336229368,1.0,0.3332969881793591,0.02671595116323383,0.3332969881793599,0.026715951163233893,1.864029e6,0.05298011703561124,0.05298011703561124,0.02892968404099919,1.0,0.0,0.0,0.0,0.0,0.0,0.0,0.0,0.0,1.0,0.0,0.0,0.0,0.0,0.0,0.0,0.0,0.0,1.0,33.770677268083226,2.706942446650396,24.883217125969228,1.994553917672356,2.0364946e7,5.460425296805873,5.460425296805873,2.9312446792662166,1.0,6.478073914300537,0.5192603367694943,3.9955992928267894,0.320273627907997,3.6568839e7,1.029739620570137,1.029739620570137,0.5622872038498652,1.0,32.47583566683736,2.603152354900775,22.79606530013011,1.8272549374026466,1.9369371e7,5.25242175713841,5.25242175713841,2.8188543495131437,1.0,2.200799394380436,0.1764085822122756,1.2755935229186937,0.10224723136140146,3.5061597e7,0.5427588948521836,0.5427588399043903,0.19102612197259372,1.0,11.520934266237063,1.0,0,2.181158730346033e6,20469.45748274494,0.0822554878576806,23760.0,1
6.1776e6,1.1449122042020426e-7,9.167362852874004e-9,2.646032347865259e-5,2.118689849256101e-6,0.0,0.0,0.0,0.9601841804472543,0.07688237364789306,0.1612641622772928,0.0,0.0,0.0,0.6850718458332743,0.05485400686613259,3.801651e6,-0.00017861695941472465,-1.4301939245840113e-5,0.00017861695941472465,1.4301939245840113e-5,13.674345623529167,1.0949109254527574,0.0,0.0,0.0,0.0,0.0,0.0,0.0,0.0,0.0,0.0,0.3317285545101033,0.026561652646309386,0.3317285545101033,0.026561652646309386,1.874353e6,0.02161473681305694,0.001730701573512958,0.02161473681305694,0.001730701573512958,708.0,0.00017873030788693087,1.4311015108336115e-5,0.0001046977188677004,8.383192835273734e-6,1.762312e6,29.728904936826822,2.3804066178544674,22.17351522181147,1.7754432087982113,3.5067853e7,9.008458780858108,0.7213112943174784,5.46340231190927,0.437457048852145,1.3389141e7,0.5732126017664195,0.045897387528462494,NaN,NaN,278540.0,0.3509932869295322,0.028104188324628212,0.3509932869295331,0.028104188324628285,1.874884e6,0.05670664011339062,0.05670664011339062,0.030444861545638347,1.0,0.3340785589037407,0.02674981854150427,0.3340785589037413,0.026749818541504315,1.874884e6,0.05303342525554658,0.05303342525554658,0.028977692309063354,1.0,0.0,0.0,0.0,0.0,0.0,0.0,0.0,0.0,1.0,0.0,0.0,0.0,0.0,0.0,0.0,0.0,0.0,1.0,33.828824216765526,2.7086889749535215,24.918360235400606,1.9952241677409195,2.0442189e7,5.465400712078037,5.465400712078037,2.93428366833106,1.0,6.482103136950655,0.5190248762139403,3.9989497549933017,0.3201976824064479,3.6696038e7,1.029003876633902,1.029003876633902,0.5622521566021614,1.0,32.533185446829236,2.6049466033842053,22.8297211384791,1.8279859078996472,1.9438476e7,5.257385741419258,5.257385741419258,2.821901054666455,1.0,2.203914013017446,0.1764683735548616,1.277418076589614,0.10228343256310353,3.516302e7,0.5423320486328415,0.5423319945415639,0.19116564186106316,1.0,11.528818628502414,1.0,0,2.2018359960343163e6,20677.26568828337,0.0830337304930226,23760.0,1
6.1992e6,1.0981650297138575e-7,8.787246693064845e-9,2.641309357427452e-5,2.1135108374797967e-6,0.0,0.0,0.0,0.9609986185821875,0.0768967477991587,0.1612641622772928,0.0,0.0,0.0,0.6872007988517048,0.05498811912408654,3.825411e6,-0.00017861695923726946,-1.4292490125932742e-5,0.00017861695923726946,1.4292490125932742e-5,13.677814864853266,1.0944651321746455,0.0,0.0,0.0,0.0,0.0,0.0,0.0,0.0,0.0,0.0,0.3327930310193193,0.026629280501324258,0.3327930310193193,0.026629280501324258,1.885143e6,0.02161473681305694,0.0017295581214372816,0.02161473681305694,0.0017295581214372816,708.0,0.0001787303099362337,1.4301560170303847e-5,0.00010469772006463872,8.377654264306211e-6,1.762312e6,29.73237420848441,2.379111516677485,22.175545635899734,1.7744326652501634,3.5184493e7,9.064264067111667,0.72530013516773,5.496155247974824,0.4397888361089225,1.3423701e7,0.593504330195413,0.04749075796183586,NaN,NaN,289326.0,0.3520577634387477,0.028170797046333077,0.35205776343874834,0.02817079704633313,1.885674e6,0.056866606908437346,0.056866606908437346,0.030517493009767777,1.0,0.33514303541295615,0.026817322077753388,0.33514303541295654,0.02681732207775342,1.885674e6,0.05314377811821136,0.05314377811821136,0.029051270281863,1.0,0.0,0.0,0.0,0.0,0.0,0.0,0.0,0.0,1.0,0.0,0.0,0.0,0.0,0.0,0.0,0.0,0.0,1.0,33.88853438727699,2.7116772403962512,24.95437567813401,1.996787816238489,2.0518512e7,5.473891400323092,5.473891400323092,2.9375665549126095,1.0,6.486638622389693,0.5190448816108506,4.002530363127721,0.32027264341544426,3.6819802e7,1.0285891313735218,1.0285891313735218,0.5622825836366147,1.0,32.59173263390472,2.6079103509893797,22.864078460773595,1.8295273698230812,1.9507595e7,5.265570663778435,5.265570663778435,2.8251556310430717,1.0,2.2071982843153375,0.17661458250807754,1.2793420053703604,0.10236980327919278,3.526238e7,0.5421717614617579,0.5421717079795618,0.19132700712189796,1.0,11.53626096763794,1.0,0,2.222582568883485e6,20746.572849168908,0.08325830062723355,23760.0,1
6.2208e6,1.0614325553828365e-7,8.489153033455148e-9,2.6118425476500433e-5,2.0889062591728675e-6,0.0,0.0,0.0,0.960209266949294,0.07679586771610106,0.1612641622772928,0.0,0.0,0.0,0.6894151929004431,0.05513822848602914,3.849171e6,-0.00017861695923112873,-1.4285473849410721e-5,0.00017861695923112873,1.4285473849410721e-5,13.681341666119632,1.0942099195816113,0.0,0.0,0.0,0.0,0.0,0.0,0.0,0.0,0.0,0.0,0.33390022804368796,0.026704759707940968,0.33390022804368796,0.026704759707940968,1.897023e6,0.02161473681305694,0.0017287090701463897,0.02161473681305694,0.0017287090701463897,708.0,0.0001787303119906997,1.4294539606042008e-5,0.00010469772127292393,8.373541716169748e-6,1.762312e6,29.735901040637593,2.378225665318919,22.177610165179523,1.7737267022172192,3.5301133e7,9.12094958637339,0.7294776899058468,5.529423737378718,0.4422336968597794,1.3458261e7,0.613008004775283,0.04902731442407508,NaN,NaN,300360.0,0.3531649604631166,0.028245519512487455,0.35316496046311735,0.028245519512487518,1.897554e6,0.05705185022013432,0.05705185022013432,0.030595096495735295,1.0,0.33625023243732505,0.026892708973541565,0.33625023243732566,0.026892708973541613,1.897554e6,0.05326164231853805,0.05326164231853805,0.029129753684065684,1.0,0.0,0.0,0.0,0.0,0.0,0.0,0.0,0.0,1.0,0.0,0.0,0.0,0.0,0.0,0.0,0.0,0.0,1.0,33.949198963447685,2.715197907793365,24.990980928115313,1.998735204408828,2.0595592e7,5.484305724487174,5.484305724487174,2.941059092831705,1.0,6.491263622020632,0.5191599785438855,4.006180078048309,0.3204073173529619,3.6948722e7,1.0282085419698368,1.0282085419698368,0.5623458132271837,1.0,32.65114337700652,2.611381678836114,22.898941960816757,1.831417565098779,1.9576715e7,5.275563296500923,5.275563296500923,2.828607008480196,1.0,2.2105304087339848,0.176794378782556,1.2812939617354913,0.10247566335565679,3.5362602e7,0.5420538888392614,0.5420538358572831,0.19150085295349298,1.0,11.543188318178531,1.0,0,2.2433314105047705e6,20748.841621285304,0.08321743464855187,23760.0,1
6.2424e6,1.0377646320918062e-7,8.295205565841838e-9,2.5588990712850353e-5,2.0454150355620635e-6,0.0,0.0,0.0,0.9597626682958649,0.07671709346932881,0.1612641622772928,0.0,0.0,0.0,0.6915713406735479,0.05527964874625266,3.872919e6,-0.0001786169592232297,-1.4277460885477583e-5,0.0001786169592232297,1.4277460885477583e-5,13.684854511465101,1.0938769524494514,0.0,0.0,0.0,0.0,0.0,0.0,0.0,0.0,0.0,0.0,0.3349783019302409,0.026775954669094586,0.3349783019302409,0.026775954669094586,1.908635e6,0.02161473681305694,0.001727739408062759,0.02161473681305694,0.001727739408062759,708.0,0.00017873031407321063,1.4286521724066595e-5,0.00010469772249170931,8.368844952767288e-6,1.762312e6,29.739413916207116,2.377172474507414,22.179666369493603,1.7728961483865842,3.5417773e7,9.176519943862548,0.7335104411869489,5.562037554719376,0.44459257383178835,1.3492821e7,0.6310367728732925,0.050440914911873094,NaN,NaN,313320.0,0.3542430343496691,0.0283158502354715,0.3542430343496698,0.02831585023547156,1.909166e6,0.05723061151220728,0.05723061151220728,0.030668660748709376,1.0,0.3373283063238776,0.026963798510781064,0.33732830632387806,0.0269637985107811,1.909166e6,0.05336888105874782,0.05336888105874782,0.02920426482506891,1.0,0.0,0.0,0.0,0.0,0.0,0.0,0.0,0.0,1.0,0.0,0.0,0.0,0.0,0.0,0.0,0.0,0.0,1.0,34.008713797851,2.718432130553654,25.026913141522957,2.000486264105364,2.0672884e7,5.494362058432024,5.494362058432024,2.944311122111464,1.0,6.495815041593072,0.5192325833950285,4.009776133726041,0.3205150404405139,3.7077588e7,1.0277061658785156,1.0277061658785156,0.5623764717426617,1.0,32.7094223356401,2.6145753461182677,22.933140905747575,1.833123930039304,1.9645835e7,5.285214499263545,5.285214499263545,2.8318247068418057,1.0,2.2138129224368766,0.17695759431418343,1.2832168584576216,0.10257188670039458,3.5463481e7,0.5418377327707072,0.5418376802593743,0.19166129153102104,1.0,11.550652219614012,1.0,0,2.2640664216407556e6,20735.011135985143,0.08310822635872334,23760.0,1
6.264e6,1.0269791818043962e-7,8.203240305136035e-9,2.504391798990605e-5,2.0004424733552987e-6,0.0,0.0,0.0,0.9603742305712193,0.07671217426621947,0.1612641622772928,0.0,0.0,0.0,0.6936050075233708,0.05540334852321874,3.896665e6,-0.00017861695922253724,-1.4267454151317294e-5,0.00017861695922253724,1.4267454151317294e-5,13.688311710699155,1.0933864320129905,0.0,0.0,0.0,0.0,0.0,0.0,0.0,0.0,0.0,0.0,0.3359951353551525,0.026838410023388323,0.3359951353551525,0.026838410023388323,1.92004e6,0.02161473681305694,0.0017265284764413837,0.02161473681305694,0.0017265284764413837,708.0,0.00017873031617744804,1.4276508807515465e-5,0.00010469772372448219,8.362979526066504e-6,1.762312e6,29.742871144525473,2.3757825249636864,22.18168969331267,1.7718151852747142,3.5534413e7,9.229039535801954,0.7371914683291437,5.592860123521058,0.44674299537061607,1.3527381e7,0.6472983763122385,0.05170449629450256,NaN,NaN,326129.0,0.35525986777458046,0.028377226313442507,0.3552598677745813,0.028377226313442572,1.920571e6,0.05739140190558957,0.05739140190558957,0.03073497291149678,1.0,0.33834513974878905,0.027026122209776127,0.33834513974878955,0.027026122209776165,1.920571e6,0.05345872828378812,0.05345872828378812,0.02927161114498308,1.0,0.0,0.0,0.0,0.0,0.0,0.0,0.0,0.0,1.0,0.0,0.0,0.0,0.0,0.0,0.0,0.0,0.0,1.0,34.065078009813796,2.721029071268283,25.060983013651935,2.0018055826868277,2.075051e7,5.503133791197037,5.503133791197037,2.947108144858027,1.0,6.500220089723947,0.5192205292671123,4.013262984560574,0.32056891953948374,3.7206557e7,1.0270385435989318,1.0270385435989318,0.5623604197905059,1.0,32.764603387710686,2.617150569884263,22.965520707329638,1.834425550514078,1.9714955e7,5.293597805289616,5.293597805289616,2.8345988075866693,1.0,2.217002345157144,0.17708833164875304,1.2850852239996797,0.10264923663327774,3.5563492e7,0.5414893857996669,0.5414893337359787,0.19180187013514724,1.0,11.558815060536178,1.0,0,2.2848006072549787e6,20734.185614223126,0.08304622884189918,23760.0,1
6.2856e6,1.0260111910888946e-7,8.189107620639337e-9,2.4630840609570795e-5,1.9659103749591863e-6,0.0,0.0,0.0,0.9623956749326267,0.07681360421904286,0.1612641622772928,0.0,0.0,0.0,0.6954959322322339,0.055511003079041304,3.920419e6,-0.00017861695941396728,-1.425631139520013e-5,0.00017861695941396728,1.425631139520013e-5,13.691683770163435,1.0928016465652262,0.0,0.0,0.0,0.0,0.0,0.0,0.0,0.0,0.0,0.0,0.33694059770958484,0.026892911503996166,0.33694059770958484,0.026892911503996166,1.931611e6,0.02161473681305694,0.0017251800710483894,0.02161473681305694,0.0017251800710483894,708.0,0.00017873031822383665,1.4265359127835312e-5,0.00010469772492878179,8.356448199828686e-6,1.762312e6,29.746243231821452,2.3741962003024097,22.18366300824026,1.7705889114296773,3.5651053e7,9.27700137798884,0.7404438015977536,5.621006151230789,0.44864056755416487,1.3561941e7,0.6619556756344029,0.05283398772785398,NaN,NaN,336929.0,0.3562053301290119,0.028430525990423724,0.35620533012901284,0.028430525990423797,1.932142e6,0.05753815913073059,0.05753815913073059,0.030796084214795322,1.0,0.33929060210322065,0.02708047708861747,0.3392906021032211,0.027080477088617504,1.932142e6,0.05353079594773321,0.05353079594773321,0.02933370466936864,1.0,0.0,0.0,0.0,0.0,0.0,0.0,0.0,0.0,1.0,0.0,0.0,0.0,0.0,0.0,0.0,0.0,0.0,1.0,34.11675344968538,2.7230284434790897,25.09228110395618,2.002740244865698,2.0828121e7,5.5109090824130185,5.5109090824130185,2.9495976716333434,1.0,6.50445043297357,0.5191526668652068,4.01662605755338,0.3205869813394567,3.7335699e7,1.0262247369107074,1.0262247369107074,0.5623486971187834,1.0,32.81515774022271,2.619141590821663,22.99518344525741,1.8353604095653728,1.9784075e7,5.300944429549061,5.300944429549061,2.8370669268864552,1.0,2.220080070156873,0.17719567563055935,1.2868881626831479,0.10271296991170983,3.5662852e7,0.5410292480876117,0.5410291964487268,0.1919392188190371,1.0,11.56657864826466,1.0,0,2.3055684657785455e6,20767.85852356674,0.08312526641496178,23760.0,1
6.3072e6,1.0260110973875268e-7,8.184365253519068e-9,2.4492669846143107e-5,1.953750369417055e-6,0.0,0.0,0.0,0.9624737922428416,0.07677535927937232,0.1612641622772928,0.0,0.0,0.0,0.6974457675642353,0.055634397335477176,3.944177e6,-0.00017861695965938387,-1.4248056790494226e-5,0.00017861695965938387,1.4248056790494226e-5,13.69509740706707,1.0924411991971252,0.0,0.0,0.0,0.0,0.0,0.0,0.0,0.0,0.0,0.0,0.3379155153755859,0.026955108085155055,0.3379155153755859,0.026955108085155055,1.943255e6,0.02161473681305694,0.0017241811651665406,0.02161473681305694,0.0017241811651665406,708.0,0.000178730320261226,1.425709942729608e-5,0.00010469772613315624,8.351609783446737e-6,1.762312e6,29.749656897280556,2.3730938079927326,22.185660455581605,1.7697230470642034,3.5767693e7,9.323694423665422,0.7437397204550398,5.648399387305454,0.4505659227387529,1.3596501e7,0.6749910042446299,0.053843208281509666,NaN,NaN,347729.0,0.3571802477950128,0.028491832269068512,0.3571802477950135,0.02849183226906857,1.943786e6,0.05771680200523046,0.05771680200523046,0.03086121298368842,1.0,0.34026551976922126,0.027142565066408563,0.34026551976922176,0.027142565066408605,1.943786e6,0.05360402589633621,0.05360402589633621,0.029399740723148698,1.0,0.0,0.0,0.0,0.0,0.0,0.0,0.0,0.0,1.0,0.0,0.0,0.0,0.0,0.0,0.0,0.0,0.0,1.0,34.16720849451914,2.7254765053156578,25.12288121646057,2.0040215609736776,2.0905829e7,5.521083598333077,5.521083598333077,2.95212712605707,1.0,6.508756480676977,0.5191955576280622,4.020059866124077,0.3206752672475762,3.746502e7,1.0253626379181373,1.0253626379181373,0.5623718591639858,1.0,32.8644624806683,2.621558046372381,23.024104402787607,1.8366046970386416,1.9853195e7,5.3104760056668106,5.3104760056668106,2.8395668082755137,1.0,2.223202901425219,0.17734218103758828,1.2887175233055215,0.1027994233804969,3.5762212e7,0.540547518322655,0.5405474670866022,0.19208995645866095,1.0,11.573759203301538,1.0,0,2.3263585512619372e6,20790.08548339177,0.08316260435847579,23760.0,1
6.3288e6,1.0260109965394445e-7,8.180681314559939e-9,2.445064918896489e-5,1.949520712971573e-6,0.0,0.0,0.0,0.9619347346720429,0.0766978281548586,0.1612641622772928,0.0,0.0,0.0,0.6993419519337313,0.05576054894117507,3.967937e6,-0.00017861695970988712,-1.4241644872136645e-5,0.00017861695970988712,1.4241644872136645e-5,13.698454759200633,1.0922172692583718,0.0,0.0,0.0,0.0,0.0,0.0,0.0,0.0,0.0,0.0,0.33886360756033435,0.027018571846726066,0.33886360756033435,0.027018571846726066,1.954945e6,0.02161473681305694,0.0017234052477224872,0.02161473681305694,0.0017234052477224872,708.0,0.00017873032232237318,1.4250683599877989e-5,0.00010469772733781878,8.347851481106982e-6,1.762312e6,29.753014277656312,2.3722935599521193,22.187624985226652,1.7690832724338041,3.5884333e7,9.367309105118677,0.7468825463120219,5.673977841348596,0.45240260253061637,1.3631061e7,0.6867509487002516,0.05475663197312012,NaN,NaN,359755.0,0.35812833997976107,0.028554604472742294,0.3581283399797615,0.028554604472742332,1.955476e6,0.057906520969830885,0.057906520969830885,0.030926608150047268,1.0,0.3412136119539695,0.027205944468432715,0.34121361195396976,0.027205944468432736,1.955476e6,0.05367266428214727,0.05367266428214727,0.029465916249350882,1.0,0.0,0.0,0.0,0.0,0.0,0.0,0.0,0.0,1.0,0.0,0.0,0.0,0.0,0.0,0.0,0.0,0.0,1.0,34.21450295487313,2.7280209077089155,25.151609589478458,2.0054103054814845,2.098356e7,5.532214604799687,5.532214604799687,2.9546349948004518,1.0,6.5129987440160075,0.5193001566906281,4.023440967878892,0.32080054168207367,3.7594411e7,1.0244901809625808,1.0244901809625808,0.5624379239278193,1.0,32.91062979023569,2.624059343257051,23.051176025887862,1.8379366851782393,1.9922313e7,5.320958600199014,5.320958600199014,2.842037442642521,1.0,2.2262837916826483,0.1775080216191983,1.2905223124169067,0.10289706253460998,3.5862245e7,0.5400244503544347,0.5400243995001972,0.19225344316526788,1.0,11.579942366851947,1.0,0,2.3471444848117665e6,20785.933549829293,0.08310159998487376,23760.0,1
6.3504e6,1.0259129521528931e-7,8.179288954191245e-9,2.440909006505682e-5,1.9460618011695067e-6,0.0,0.0,0.0,0.9577685389433124,0.07635994471861811,0.1612641622772928,0.0,0.0,0.0,0.7004187695270501,0.0558422378124634,3.987343e6,-0.00017861695971204533,-1.424058174271131e-5,0.00017861695971204533,1.424058174271131e-5,13.701705701646018,1.0923949236031336,0.0,0.0,0.0,0.0,0.0,0.0,0.0,0.0,0.0,0.0,0.33940201635699385,0.027059480607914924,0.33940201635699385,0.027059480607914924,1.964492e6,0.02161473681305694,0.0017232765966331207,0.02161473681305694,0.0017232765966331207,708.0,0.00017873032442008226,1.4249619962789297e-5,0.00010469772856800392,8.347228417460942e-6,1.762312e6,29.75626524921754,2.3723756597493257,22.189527268585394,1.769102874720482,3.6000973e7,9.407548998053125,0.7500349951164407,5.697568884803514,0.45424967242515085,1.366524e7,0.701232944981879,0.0559071495214976,NaN,NaN,373857.0,0.3586667487764204,0.028595398570087045,0.3586667487764209,0.028595398570087086,1.965023e6,0.058044888096822414,0.058044888096822414,0.030959461325413842,1.0,0.3417520207506289,0.027246839242376295,0.34175202075062916,0.027246839242376315,1.965023e6,0.05370326343391658,0.05370326343391658,0.029499412770785147,1.0,0.0,0.0,0.0,0.0,0.0,0.0,0.0,0.0,1.0,0.0,0.0,0.0,0.0,0.0,0.0,0.0,0.0,1.0,34.257830258363214,2.7312716155768895,25.17817140565687,2.007378294940677,2.1061293e7,5.544121194870455,5.544121194870455,2.9570735915570734,1.0,6.516603550325663,0.5195487914073884,4.026663372470395,0.3210335065521737,3.7723829e7,1.024025772807054,1.024025772807054,0.5625013645051489,1.0,32.95337205978653,2.6272711688291195,23.076230883399127,1.8397970312477752,1.9991114e7,5.332446117725371,5.332446117725371,2.844475132716863,1.0,2.2292721313566184,0.17773302190626938,1.292272876518614,0.10302894843591374,3.5961605e7,0.5398290276708583,0.5398289771041132,0.19242671524474325,1.0,11.585044875506277,1.0,0,2.3678872829630855e6,20742.798151318915,0.08289262057655697,23760.0,1
6.372e6,1.0190818226712785e-7,8.129060589054108e-9,2.4368030977566738e-5,1.9438007414688653e-6,0.0,0.0,0.0,0.9482721569309696,0.07564222663101508,0.1612641622772928,0.0,0.0,0.0,0.7011011847079145,0.0559257743858969,4.004627e6,-0.00017861695974026113,-1.424800301270395e-5,0.00017861695974026113,1.424800301270395e-5,13.704979699440482,1.0932253708193644,0.0,0.0,0.0,0.0,0.0,0.0,0.0,0.0,0.0,0.0,0.3397432239474249,0.027100799864625363,0.3397432239474249,0.027100799864625363,1.973011e6,0.02161473681305694,0.0017241746566455584,0.02161473681305694,0.0017241746566455584,708.0,0.00017873032645458425,1.4257046102954536e-5,0.0001046977297560054,8.351578546382485e-6,1.762312e6,29.759539287271046,2.3738731531334234,22.191443503138554,1.7701776715310327,3.6117608e7,9.445032648691898,0.7534158784772774,5.719537604384315,0.45623880922082766,1.3697363e7,0.7204967087152503,0.05747292581480572,NaN,NaN,388977.0,0.35900795636685257,0.02863751824763942,0.3590079563668531,0.028637518247639465,1.973542e6,0.058171776217386395,0.058171776217386395,0.030980989258374416,1.0,0.3420932283410611,0.02728825613825742,0.3420932283410614,0.02728825613825744,1.973542e6,0.05374776231002533,0.05374776231002533,0.02952131406738816,1.0,0.0,0.0,0.0,0.0,0.0,0.0,0.0,0.0,1.0,0.0,0.0,0.0,0.0,0.0,0.0,0.0,0.0,1.0,34.298236092972765,2.7359180891541968,25.203142406667535,2.0104163090783147,2.1139e7,5.5575072342204885,5.5575072342204885,2.9598042748995987,1.0,6.519957731753094,0.5200871044933658,4.029900975028171,0.32145906702586013,3.7853284e7,1.0243790563673518,1.0243790563673518,0.5626469744478012,1.0,32.9934340241281,2.6318360141098376,23.099708325733587,1.8426285739956438,2.0057858e7,5.345460506909482,5.345460506909482,2.8472049350736204,1.0,2.2322561885475953,0.17806367853200075,1.2940209298380243,0.10322207999534268,3.6060737e7,0.540304484071088,0.5403044336451295,0.1926350204023451,1.0,11.588008161159985,1.0,0,2.388480934449827e6,20593.65148674138,0.0822755539859236,23760.0,1
6.3936e6,2.0043960773634532e-6,1.5991715157519327e-7,2.5911552469002437e-5,2.0673068115282817e-6,0.0,0.0,0.0,0.944646566899647,0.07536693467420133,0.16861063470898918,0.0,0.0,0.0,0.7016090573235962,0.055976622202399726,4.018641e6,-0.00017861695970979434,-1.4250634264553058e-5,0.00017861695970979434,1.4250634264553058e-5,13.707891019751786,1.0936595370239206,0.0,0.0,0.0,0.0,0.0,0.0,0.0,0.0,0.0,0.0,0.33999716025526644,0.027126064566637874,0.33999716025526644,0.027126064566637874,1.979885e6,0.02161473681305694,0.0017244930691234653,0.02161473681305694,0.0017244930691234653,708.0,0.00017873032854955526,1.4259679194413327e-5,0.00010469773097434249,8.35312097388762e-6,1.762312e6,29.76246770995103,2.374545187837642,22.19315684852545,1.7706412758231205,3.6237594e7,9.480452055872952,0.7563808897563904,5.740292010357281,0.45797891837508437,1.373302e7,0.7321917723415844,0.05841660935281647,NaN,NaN,402525.0,0.3592618926746934,0.028663066743585566,0.359261892674694,0.028663066743585614,1.980416e6,0.05829763302456868,0.05829763302456868,0.03099939621290312,1.0,0.3423471646489019,0.027313555458814087,0.34234716464890225,0.02731355545881411,1.980416e6,0.05373149864561983,0.05373149864561983,0.029539886126817273,1.0,0.0,0.0,0.0,0.0,0.0,0.0,0.0,0.0,1.0,0.0,0.0,0.0,0.0,0.0,0.0,0.0,0.0,1.0,34.3361490316298,2.7394481615740593,25.225989454849945,2.0126103941451565,2.1216724e7,5.571746562988186,5.571746562988186,2.9627408582979915,1.0,6.522504561049918,0.5203863459518101,4.0320243777550795,0.321687844460601,3.7982723e7,1.02370920859685,1.02370920859685,0.5628030896434032,1.0,33.03140422034008,2.635351433332393,23.12195491730056,1.8447437664558253,2.0127629e7,5.35977680400235,5.35977680400235,2.8501591952087666,1.0,2.2347201271637154,0.17829314342595065,1.2954642871059152,0.10335629823915343,3.6160874e7,0.5398574612449183,0.5398574117273645,0.19282583557957475,1.0,11.589319037289991,1.0,0,2.4089125179133015e6,20431.583463474642,0.08161882840432336,20413.0,1
6.4152e6,2.001116574997968e-6,1.597014063991221e-7,2.587195716716717e-5,2.064741253716636e-6,0.0,0.0,0.0,0.9408074641884807,0.07508222012595377,0.16861063470898918,0.0,0.0,0.0,0.7020699892433131,0.056029501765976576,4.031599e6,-0.00017861695973898285,-1.4254731600071775e-5,0.00017861695973898285,1.4254731600071775e-5,13.710675759816672,1.0941962246888581,0.0,0.0,0.0,0.0,0.0,0.0,0.0,0.0,0.0,0.0,0.34022762621512503,0.0271522564358578,0.34022762621512503,0.0271522564358578,1.986226e6,0.02161473681305694,0.0017249888942604842,0.02161473681305694,0.0017249888942604842,708.0,0.00017873033059950685,1.4263779291793773e-5,0.00010469773217838257,8.355522753942158e-6,1.762312e6,29.76525564510712,2.3754504099082,22.194787837240614,1.771280532390301,3.6357187e7,9.51449619485634,0.7593152955115553,5.76023747033442,0.45970236651818375,1.37719e7,0.7427298016359828,0.059274404788700476,NaN,NaN,414618.0,0.35949235863455176,0.02868970053068188,0.3594923586345524,0.028689700530681934,1.986757e6,0.058425858832856975,0.058425858832856975,0.031018649608604988,1.0,0.3425776306087603,0.02733980123529461,0.34257763060876073,0.027339801235294645,1.986757e6,0.053717274852190924,0.053717274852190924,0.029559169290720846,1.0,0.0,0.0,0.0,0.0,0.0,0.0,0.0,0.0,1.0,0.0,0.0,0.0,0.0,0.0,0.0,0.0,0.0,1.0,34.3725903127798,2.743144044238077,25.24779898089159,2.0149295928623268,2.1294386e7,5.586344357810452,5.586344357810452,2.96582475105153,1.0,6.524827480713349,0.5207213503704154,4.033847097476632,0.3219258001831747,3.811215e7,1.0231139450692572,1.0231139450692572,0.5629920428617196,1.0,33.06795299692469,2.6390259649687327,23.143365445012975,1.8469828577483898,2.0198909e7,5.374688341728488,5.374688341728488,2.8532546593796813,1.0,2.2369998006559606,0.17852633811684634,1.296799709708499,0.10349259010991445,3.6260844e7,0.5394271623445723,0.5394271130677817,0.19301860338457086,1.0,11.589555418132186,1.0,0,2.4292779392910944e6,20365.421377792954,0.0813528688796918,19440.0,1
6.4368e6,0.0004156875192542606,3.3476797328609654e-5,2.5802633417421068e-5,2.0779780230328923e-6,0.0,0.0,0.0,0.26771697407474104,0.021560201996458885,0.1780239113097285,0.0,0.0,0.0,0.7489503636634554,0.060315641851672,4.040965e6,-0.00017885850260565314,-1.4404112620387945e-5,0.00017885850260565314,1.4404112620387945e-5,13.744154559295735,1.106865747280705,0.0,0.0,0.0,0.0,0.0,0.0,0.0,0.0,0.0,0.0,0.3636467739329398,0.02928577064809478,0.3636467739329398,0.02928577064809478,1.990424e6,0.021656815797567813,0.0017441005554818052,0.021656815797567813,0.0017441005554818052,712.0,0.0001789723549896952,1.4413281558615372e-5,0.00010483970581195436,8.44311513069774e-6,1.763261e6,29.94726170296455,2.411759709253533,22.301572506525094,1.7960251110006873,3.6477722e7,10.23775775201307,0.824483116496722,6.215025838738665,0.5005181795421297,1.3834956e7,0.747394805633933,0.060190367219947104,NaN,NaN,418971.0,0.38295119049607507,0.030840424109883816,0.38295119049607595,0.03084042410988389,1.990959e6,0.06366421337923546,0.06366421337923546,0.031520001713761236,1.0,0.3659991731673789,0.02947521774178807,0.36599917316737934,0.029475217741788105,1.990959e6,0.057172888353568777,0.057172888353568777,0.03012471263120206,1.0,0.0,0.0,0.0,0.0,0.0,0.0,0.0,0.0,1.0,0.0,0.0,0.0,0.0,0.0,0.0,0.0,0.0,1.0,35.26518403381139,2.8400309462596995,25.810830453776124,2.0786381595826873,2.1373393e7,5.862705892827316,5.862705892827316,2.9026118439321915,1.0,6.600266794930655,0.5315430066436397,4.083968251399514,0.32889651749431636,3.8241154e7,1.0310305165573825,1.0310305165573825,0.5432557094756646,1.0,33.94989452160109,2.7341059944889503,23.694626611848435,1.9082127225877752,2.0274908e7,5.649201334970728,5.649201320124139,2.7943528054232467,1.0,2.293103274183383,0.18467177869839668,1.3305602580826914,0.10715475935685137,3.637725e7,0.5484287786434465,0.5484287786434465,0.1887410743872137,1.0,12.14946604298195,1.0,0,2.4408239600429437e6,11546.020751849283,0.043996830468082344,14498.0,1
6.4584e6,0.00027360441685773495,2.0810211752058442e-5,2.540151336152955e-5,1.932026090613265e-6,0.0,0.0,0.0,0.32921646999719895,0.025040036018384993,0.17631623861605816,0.0,0.0,0.0,0.7490327304367407,0.056971045674734384,4.045323e6,-0.00017885850253674063,-1.360388605634613e-5,0.00017885850253674063,1.360388605634613e-5,13.737574012476598,1.044872840294322,0.0,0.0,0.0,0.0,0.0,0.0,0.0,0.0,0.0,0.0,0.3636822861992209,0.027661488338522586,0.3636822861992209,0.027661488338522586,1.992602e6,0.021668158038290905,0.0016480689976885994,0.021668158038290905,0.0016480689976885994,713.0,0.0001789723567130118,1.3612545746654754e-5,0.00010483970681998454,7.974054381154355e-6,1.76327e6,29.997927050392985,2.2816269605986506,22.331250059532348,1.6985034370577194,3.659602e7,10.241663996272768,0.7789757157564106,6.217314434026588,0.47288575011746903,1.3917767e7,0.7474724484183204,0.0568523714238975,NaN,NaN,419371.0,0.38299788964379416,0.029130623239255443,0.38299788964379505,0.029130623239255513,1.993138e6,0.05707489437906379,0.05707489437906379,0.02987878919693236,1.0,0.36603484079294535,0.02784042243547885,0.3660348407929456,0.027840422435478872,1.993138e6,0.05686498074542084,0.05686498074542084,0.02855545198161987,1.0,0.0,0.0,0.0,0.0,0.0,0.0,0.0,0.0,1.0,0.0,0.0,0.0,0.0,0.0,0.0,0.0,0.0,1.0,35.31570695525621,2.6860945753469405,25.84052038028251,1.965416739513642,2.1449638e7,5.2627972604962805,5.2627972604962805,2.7550819260077763,1.0,6.605392937228392,0.5024028022206545,4.087066143622574,0.31086015668262845,3.8369936e7,1.0261742881571907,1.0261742881571907,0.5153060851533883,1.0,34.00005678752686,2.5860268977249263,23.724015694758645,1.8044364776238007,2.035195e7,5.080428378525088,5.080428378525088,2.6524441959277123,1.0,2.298185846997476,0.17479883793860324,1.333552888154364,0.10142934936423659,3.650535e7,0.542988017678297,0.5429879693936934,0.17928822146167578,1.0,12.81838722176588,1.0,0,2.447211880079778e6,6387.920036834199,0.02307131416970745,11441.0,1
6.48e6,0.00017438634232912835,1.2882169814246869e-5,2.488594412115657e-5,1.8383604694887225e-6,0.0,0.0,0.0,0.4004941657652529,0.029585079795216036,0.17631623861605816,0.0,0.0,0.0,0.7490327470654489,0.05533212587209131,4.048465e6,-0.00017885850257423,-1.3212534720950347e-5,0.00017885850257423,1.3212534720950347e-5,13.73444108938317,1.014582908581658,0.0,0.0,0.0,0.0,0.0,0.0,0.0,0.0,0.0,0.0,0.363682294513575,0.026865733943295517,0.363682294513575,0.026865733943295517,1.994124e6,0.021668158038290905,0.0016006579854996891,0.021668158038290905,0.0016006579854996891,713.0,0.00017897235902848395,1.3220945460911732e-5,0.00010483970817519763,7.744659965629617e-6,1.76327e6,30.024094129516527,2.2179229974637753,22.346578482344093,1.6507738790325401,3.6714302e7,10.245672370213196,0.7568625476708416,6.219662304548002,0.4594553961298047,1.4018206e7,0.7505963671870968,0.055447632738414736,NaN,NaN,421531.0,0.38299789795814837,0.028292605338808945,0.38299789795814915,0.028292605338809004,1.99466e6,0.054059736013278424,0.054059736013278424,0.029155163167563867,1.0,0.3660348491072994,0.027039520533282284,0.3660348491072997,0.027039520533282308,1.99466e6,0.056730538995440664,0.056730538995440664,0.027863875513760863,1.0,0.0,0.0,0.0,0.0,0.0,0.0,0.0,0.0,1.0,0.0,0.0,0.0,0.0,0.0,0.0,0.0,0.0,1.0,35.34453643600042,2.6109517195736287,25.85740828501146,1.9101239238974093,2.1518901e7,4.988842809394934,4.988842809394934,2.6905519126011037,1.0,6.607204122644556,0.488083667381801,4.088127086376662,0.3019958251634813,3.8493212e7,1.0240288651331275,1.0240288651331275,0.5029638943296565,1.0,34.028905410358746,2.513764164293522,23.740915013992115,1.7537755231922478,2.0422429e7,4.825295352942444,4.825295352942444,2.5904013963048396,1.0,2.2999303009527208,0.16989915782444834,1.3345747077656893,0.09858695231297837,3.6625878e7,0.5392291651767958,0.5392291647972391,0.17507888047372044,1.0,13.136537626523966,1.0,0,2.4551291384322294e6,7917.258352451492,0.027902309494348118,12960.0,1
6.5016e6,0.00010533347458736129,7.683906207559085e-6,2.4246637154703887e-5,1.7687528724872873e-6,0.0,0.0,0.0,0.4511512160652863,0.03291074981863204,0.17631623861605816,0.0,0.0,0.0,0.7490327470654489,0.054640724588153146,4.048465e6,-0.0001788585912200471,-1.3047444269116474e-5,0.0001788585912200471,1.3047444269116474e-5,13.731881458204057,1.0017184906460883,0.0,0.0,0.0,0.0,0.0,0.0,0.0,0.0,0.0,0.0,0.363682294513575,0.02653003379352584,0.363682294513575,0.02653003379352584,1.994124e6,0.021668158038290905,0.001580657001100885,0.021668158038290905,0.001580657001100885,713.0,0.00017897244982267575,1.3055750069593954e-5,0.00010483976136485733,7.647890628371047e-6,1.763293e6,30.047920110718156,2.1919470592560337,22.360870835527297,1.6311892766532856,3.6833176e7,10.246352587376197,0.7474548101580039,6.220060814219615,0.4537433526142491,1.4091926e7,0.7585667791268085,0.05533621677073172,NaN,NaN,425157.0,0.38299789795814837,0.02793907575090864,0.38299789795814915,0.027939075750908697,1.99466e6,0.05277726568913914,0.05277726568913914,0.028889862797739654,1.0,0.3660348491072994,0.026701648837244425,0.3660348491072997,0.02670164883724445,1.99466e6,0.05673753728307894,0.05673753728307894,0.0276103253471557,1.0,0.0,0.0,0.0,0.0,0.0,0.0,0.0,0.0,1.0,0.0,0.0,0.0,0.0,0.0,0.0,0.0,0.0,1.0,35.36800411819491,2.5800385628348153,25.871485955596352,1.8872829583544122,2.1584482e7,4.87372531335541,4.87372531335541,2.6678391496451384,1.0,6.608349715361254,0.48206839846977173,4.088807650051033,0.29827188941426963,3.8612682e7,1.0243327630397918,1.0243327630397918,0.4984735363146313,1.0,34.05230287590581,2.484060290186706,23.754951359523968,1.7328851908357326,2.0487134e7,4.722616729526479,4.722616729526479,2.5685946666461708,1.0,2.3010123438723142,0.16785512015068407,1.3352166703135906,0.09740189148464685,3.6749231e7,0.5375084267504965,0.5375084267504965,0.17356735184390118,1.0,13.257172615860057,1.0,0,2.4643641208331636e6,9234.982400934212,0.03225012556698879,12960.0,1
6.5232e6,5.7061631113426684e-5,4.165666447394149e-6,2.3837542890540996e-5,1.7402105525174918e-6,0.0,0.0,0.0,0.47103473978397964,0.03438691766757883,0.17631623861605816,0.0,0.0,0.0,0.7490329544872215,0.05468160277959062,4.050229e6,-0.00017925683876102443,-1.3086275034942649e-5,0.00017925683876102443,1.3086275034942649e-5,13.731476493521425,1.002438061900832,0.0,0.0,0.0,0.0,0.0,0.0,0.0,0.0,0.0,0.0,0.36368239822446136,0.02654988184231907,0.36368239822446136,0.02654988184231907,1.995006e6,0.021668158038290905,0.0015818390949519034,0.021668158038290905,0.0015818390949519034,713.0,0.00017937069736365327,1.309458704691047e-5,0.00010507304364224707,7.670640391544966e-6,1.794299e6,30.063732755074085,2.1947406756090517,22.37049292117675,1.6331116015274059,3.695299e7,10.258436020292406,0.7488959200540001,6.227140907475121,0.45459955201597624,1.4141637e7,0.7721936789278737,0.056372403599987506,NaN,NaN,429516.0,0.38299800166903464,0.02795997755129534,0.38299800166903547,0.0279599775512954,1.995542e6,0.05276000838071911,0.05276000838071911,0.028955673926619255,1.0,0.3660349528181856,0.026721625228295187,0.36603495281818604,0.02672162522829522,1.995542e6,0.05684833439939015,0.05684833439939015,0.027673222036045303,1.0,0.0,0.0,0.0,0.0,0.0,0.0,0.0,0.0,1.0,0.0,0.0,0.0,0.0,0.0,0.0,0.0,0.0,1.0,35.3948985274195,2.583931414640167,25.887673237121124,1.8898760813657176,2.1654685e7,4.8758352127254385,4.8758352127254385,2.6759490544584654,1.0,6.60983553276216,0.4825373822015067,4.08969124948107,0.2985594573050345,3.8736275e7,1.0265635502795234,1.0265635502795234,0.4997212558843406,1.0,34.0791977401749,2.4878813978900274,23.771138670426208,1.7353628496688354,2.055757e7,4.73223469123825,4.73223469123825,2.5764785537915396,1.0,2.3025303848296046,0.16809147199322366,1.336116385152976,0.09754041528153347,3.6872409e7,0.5376945614520332,0.5376945614378694,0.1740774592523143,1.0,13.227044987439943,1.0,0,2.4744305613284814e6,10066.440495317802,0.035233788972730266,12960.0,1
6.5448e6,1.823735404982766e-5,1.3416680520973926e-6,2.1855784847929997e-5,1.6078652749661922e-6,0.0,0.0,0.0,0.45090001145409764,0.0331713766375023,0.17899999693939259,0.0,0.0,0.0,0.749040767201298,0.05510470786095195,4.054569e6,-0.0001798165274000855,-1.3228568650509364e-5,0.0001798165274000855,1.3228568650509364e-5,13.734909485342781,1.0104365580986234,0.0,0.0,0.0,0.0,0.0,0.0,0.0,0.0,0.0,0.0,0.3636863045814994,0.026755322866968766,0.3636863045814994,0.026755322866968766,1.997173e6,0.021668158038290905,0.0015940621270138112,0.021668158038290905,0.0015940621270138112,713.0,0.00017993038600271435,1.323694489024163e-5,0.000105400891923192,7.75403103814027e-6,1.847143e6,30.080147407299503,2.212907237995708,22.380985884612986,1.6465027576800104,3.7075963e7,10.324919975799705,0.7595737426682,6.266075436182489,0.4609765869428699,1.4225503e7,0.7802367649956498,0.057399704902717334,NaN,NaN,433953.0,0.3830019080260729,0.028176314529342703,0.3830019080260737,0.028176314529342758,1.997709e6,0.05339035765828867,0.05339035765828867,0.02914302891793722,1.0,0.36603885917522383,0.02692839333160916,0.3660388591752243,0.02692839333160919,1.997709e6,0.05702043632549863,0.05702043632549863,0.02785229220661247,1.0,0.0,0.0,0.0,0.0,0.0,0.0,0.0,0.0,1.0,0.0,0.0,0.0,0.0,0.0,0.0,0.0,0.0,1.0,35.47532088224003,2.6098141504279626,25.935840599454988,1.9080228766468499,2.1730826e7,4.945249697858985,4.945249697858985,2.699355487998883,1.0,6.61399982349713,0.48657235230062057,4.092209493869934,0.3010517164614027,3.8863264e7,1.0303090678469264,1.0303090678469264,0.503266391315959,1.0,34.159812605027625,2.5130361077917702,23.81941095387794,1.7523234241810814,2.0631097e7,4.811224524665502,4.811224524665502,2.599257042113394,1.0,2.30699794528768,0.16971899711932492,1.3387888958744851,0.09849072870932796,3.6997839e7,0.5388366111318043,0.5388363680000563,0.17554196578196607,1.0,13.142144871233318,1.0,0,2.4840233558791876e6,9592.794550706167,0.03379287499722348,10916.0,1
6.5664e6,0.00329465013694502,0.00023917196124063293,1.664044228875915e-5,1.207996920062808e-6,0.0,0.0,0.0,0.0,0.0,0.18931891175582793,0.0,0.0,0.0,0.801762772317207,0.05820319813461075,4.056277e6,-0.00018184723085939216,-1.320102500812054e-5,0.00018184723085939216,1.320102500812054e-5,14.34165588861667,1.0411187299842763,0.0,0.0,0.0,0.0,0.0,0.0,0.0,0.0,0.0,0.0,0.3897147805326423,0.028290970060597463,0.3897147805326423,0.028290970060597463,1.998024e6,0.022333211251914675,0.001621258013415262,0.022333211251914675,0.001621258013415262,717.0,0.0001819610904991958,1.3209290539277434e-5,0.00010659045571057703,7.7378317217835e-6,1.862749e6,32.11194258212937,2.3311356190724544,23.658237990797215,1.71744705645844,3.7204164e7,10.846208319477672,0.7873700720767104,6.595317303106485,0.4787807229361615,1.4249129e7,0.7837485718478341,0.05689547455931273,NaN,NaN,435029.0,0.4096484864592177,0.02973803829032878,0.40964848645921853,0.02973803829032884,1.998563e6,0.05556244154416632,0.05556244154416632,0.02973803829032878,1.0,0.3921142858579881,0.02846515984428188,0.3921142858579885,0.028465159844281912,1.998563e6,0.061275528449885076,0.061275528449885076,0.02846515984428188,1.0,0.0,0.0,0.0,0.0,0.0,0.0,0.0,0.0,1.0,0.0,0.0,0.0,0.0,0.0,0.0,0.0,0.0,1.0,37.84321221017408,2.747191631201672,27.454427745813234,1.9930278044011254,2.1809944e7,5.1328427561042815,5.1328427561042815,2.747191631201672,1.0,6.870198945091666,0.4987354916338789,4.234664248241874,0.30741138249863914,3.8992384e7,1.073602993053916,1.073602993053916,0.4987354916338789,1.0,36.53634122733897,2.6523205878249767,25.316407117658592,1.837820251078686,2.0709637e7,5.012038396836521,5.012038396836521,2.6523205878249767,1.0,2.536700931681648,0.1841493669108712,1.4730258127432765,0.10693289361478746,3.7126528e7,0.5931768111218638,0.5931768111218638,0.1841493669108712,1.0,13.775235691738317,1.0,0,2.4863209376359046e6,2297.5817567170598,0.007721793525299387,2746.0,1
6.588e6,0.0029058269899562,0.0002023908112397466,1.594492960481566e-5,1.110564135109756e-6,0.0,0.0,0.0,0.0,0.0,0.18931891175582793,0.0,0.0,0.0,0.801762772317207,0.05584276643860125,4.056277e6,-0.0001818472309155442,-1.2665657217002198e-5,0.0001818472309155442,1.2665657217002198e-5,14.343958285231679,0.9990565039733774,0.0,0.0,0.0,0.0,0.0,0.0,0.0,0.0,0.0,0.0,0.3897147805326423,0.02714362928582688,0.3897147805326423,0.02714362928582688,1.998024e6,0.022333211251914675,0.0015555078669469509,0.022333211251914675,0.0015555078669469509,717.0,0.0001819610922513328,1.267358765752696e-5,0.00010659045673776547,7.424023895482036e-6,1.862749e6,32.235763988932156,2.245220533501662,23.730767348086236,1.652847630475501,3.7333764e7,10.846208319477672,0.7554382653343937,6.595317303106485,0.4593637625271625,1.4249129e7,0.7837485718478341,0.054588077615270174,NaN,NaN,435029.0,0.4096484864592177,0.028532011638746985,0.40964848645921853,0.02853201163874704,1.998563e6,0.05127102288395327,0.05127102288395327,0.028532011638746985,1.0,0.3921142858579881,0.027310754799854176,0.3921142858579885,0.027310754799854207,1.998563e6,0.06160716908922516,0.06160716908922516,0.027310754799854176,1.0,0.0,0.0,0.0,0.0,0.0,0.0,0.0,0.0,1.0,0.0,0.0,0.0,0.0,0.0,0.0,0.0,0.0,1.0,37.96159383791157,2.644024506402047,27.523770781087972,1.9170302691851568,2.1889864e7,4.751219181103137,4.751219181103137,2.644024506402047,1.0,6.88108175433323,0.4792672527580566,4.241038813262638,0.29538829699163044,3.9121984e7,1.0811234949739164,1.0811234949739164,0.4792672527580566,1.0,36.657948533168586,2.553225628248673,25.3876395406497,1.7682487566721272,2.0789557e7,4.637792845890294,4.637792845890294,2.553225628248673,1.0,2.5495592389208155,0.17757676711398176,1.4805576040966306,0.10312081745266236,3.7256128e7,0.5999349194015311,0.5999349194015311,0.17757676711398176,1.0,14.35750453371145,1.0,0,2.4863209376359046e6,0.0,0.0,0.0,1
6.6096e6,0.002507997317957805,0.00017290454275327308,1.4629710551085652e-5,1.008590956352353e-6,0.0,0.0,0.0,0.0,0.0,0.18931891175582793,0.0,0.0,0.0,0.801762772317207,0.055274550954059504,4.056277e6,-0.00018184723092632557,-1.253678067720891e-5,0.00018184723092632557,1.253678067720891e-5,14.34057200946442,0.9886573754934725,0.0,0.0,0.0,0.0,0.0,0.0,0.0,0.0,0.0,0.0,0.3897147805326423,0.02686743540342269,0.3897147805326423,0.02686743540342269,1.998024e6,0.022333211251914675,0.001539680147213589,0.022333211251914675,0.001539680147213589,717.0,0.00018196109442029758,1.2544630572111329e-5,0.00010659045800880583,7.348482501122273e-6,1.862749e6,32.2878663365963,2.225966800456485,23.76128775558487,1.6381335678435798,3.7463364e7,10.846208319477672,0.747751473519552,6.595317303106485,0.45468961008895403,1.4249129e7,0.7837485718478341,0.05403262893407944,NaN,NaN,435029.0,0.4096484864592177,0.028241690584612126,0.40964848645921853,0.028241690584612185,1.998563e6,0.05010927249239448,0.05010927249239448,0.028241690584612126,1.0,0.3921142858579881,0.027032860369447288,0.3921142858579885,0.02703286036944732,1.998563e6,0.06196984900002345,0.06196984900002345,0.027032860369447288,1.0,0.0,0.0,0.0,0.0,0.0,0.0,0.0,0.0,1.0,0.0,0.0,0.0,0.0,0.0,0.0,0.0,0.0,1.0,38.01160279889378,2.620568512654342,27.55306498337237,1.8995435394964684,2.1966471e7,4.649678506042907,4.649678506042907,2.620568512654342,1.0,6.884878196230375,0.47465230840060263,4.243262549473336,0.29253594716608,3.9251581e7,1.0880880334935605,1.0880880334935605,0.47465230840060263,1.0,36.707970912122626,2.5306944630742993,25.4169415739975,1.752276459616466,2.0866158e7,4.535024608605817,4.535024608605817,2.5306944630742993,1.0,2.5541903276085627,0.1760891479180686,1.4832702353075735,0.1022585470801969,3.7385034e7,0.6062856527546112,0.6062856527546112,0.1760891479180686,1.0,14.505097888241163,1.0,0,2.4863209376359046e6,0.0,0.0,0.0,1
6.6312e6,0.0021106259172829047,0.00014618533221726348,1.3202598529161737e-5,9.14433124464455e-7,0.0,0.0,0.0,0.0,0.0,0.18931891175582793,0.0,0.0,0.0,0.801762772317207,0.05553137402079718,4.056277e6,-0.0001818483507040657,-1.2595108087679219e-5,0.0001818483507040657,1.2595108087679219e-5,14.338092579183103,0.9930792614107825,0.0,0.0,0.0,0.0,0.0,0.0,0.0,0.0,0.0,0.0,0.3897147805326423,0.026992270016035252,0.3897147805326423,0.026992270016035252,1.998024e6,0.022333211251914675,0.0015468339887261355,0.022333211251914675,0.0015468339887261355,717.0,0.00018196221609197814,1.260299458685642e-5,0.00010659111507074988,7.382671386924668e-6,1.862969e6,32.31617843046501,2.2382702880534535,23.77870964377978,1.6469515230101592,3.7592964e7,10.846208319477672,0.7512257636453373,6.595317303106485,0.4568022419975128,1.4249129e7,0.7837485718478341,0.05428368163785052,NaN,NaN,435029.0,0.4096484864592177,0.028372910421962317,0.40964848645921853,0.028372910421962376,1.998563e6,0.050287567728034194,0.050287567728034194,0.028372910421962317,1.0,0.3921142858579881,0.027158463598834767,0.3921142858579885,0.0271584635988348,1.998563e6,0.06234131256461712,0.06234131256461712,0.027158463598834767,1.0,0.0,0.0,0.0,0.0,0.0,0.0,0.0,0.0,1.0,0.0,0.0,0.0,0.0,0.0,0.0,0.0,0.0,1.0,38.03885213893863,2.6346318367267343,27.569857569734307,1.9095325017152391,2.2043091e7,4.669567730537655,4.669567730537655,2.6346318367267343,1.0,6.886366688908959,0.47696078871427905,4.244143303897418,0.29395616427217247,3.9381177e7,1.0948469710775144,1.0948469710775144,0.47696078871427905,1.0,36.73520873554859,2.5443394061937337,25.433727337646133,1.761580699797091,2.09426e7,4.550927200337324,4.550927200337324,2.5443394061937337,1.0,2.55595727478524,0.177029695451015,1.4843123163798397,0.10280584887515078,3.7514623e7,0.6123173621824675,0.6123173621824675,0.177029695451015,1.0,14.438014301914034,1.0,0,2.4863209376359046e6,0.0,0.0,0.0,1
6.6528e6,0.0017289509023890547,0.00012152660116271706,1.1906232928780831e-5,8.368797624542173e-7,0.0,0.0,0.0,0.0,0.0,0.18931891175582793,0.0,0.0,0.0,0.801762772317207,0.05635527563210252,4.056277e6,-0.00018200308080350026,-1.279285362044111e-5,0.00018200308080350026,1.279285362044111e-5,14.336503112538109,1.00770154514973,0.0,0.0,0.0,0.0,0.0,0.0,0.0,0.0,0.0,0.0,0.3897147805326423,0.027392745875873897,0.3897147805326423,0.027392745875873897,1.998024e6,0.022333211251914675,0.0015697838803541734,0.022333211251914675,0.0015697838803541734,717.0,0.0001821169461914126,1.2800857129137592e-5,0.00010668175290217602,7.498576633013563e-6,1.900058e6,32.35842637599448,2.2744483785021563,23.825268678428497,1.6746594251329532,3.7722564e7,10.846208319477672,0.7623714651165395,6.595317303106485,0.46357967385231785,1.4249129e7,0.7837485718478341,0.05508907162788141,NaN,NaN,435029.0,0.4096484864592177,0.028793870411270742,0.40964848645921853,0.0287938704112708,1.998563e6,0.05138153261243297,0.05138153261243297,0.028793870411270742,1.0,0.3921142858579881,0.027561405220831683,0.3921142858579885,0.027561405220831715,1.998563e6,0.06271282635605946,0.06271282635605946,0.027561405220831683,1.0,0.0,0.0,0.0,0.0,0.0,0.0,0.0,0.0,1.0,0.0,0.0,0.0,0.0,0.0,0.0,0.0,0.0,1.0,38.07750435643552,2.676437878485736,27.61308133298749,1.9409018020064757,2.2120608e7,4.7759984390544705,4.7759984390544705,2.676437878485736,1.0,6.891101272178848,0.4843700967556594,4.248160387663451,0.29859985751675094,3.9510742e7,1.1021287748763327,1.1021287748763327,0.4843700967556594,1.0,36.774206643807695,2.5848301057607,25.476902925494457,1.7907514993107214,2.1020102e7,4.651437056767391,4.651437056767391,2.5848301057607,1.0,2.560590015556498,0.1799818613309282,1.4880404244553953,0.10459319285869377,3.7644208e7,0.6192074598531571,0.6192074598531571,0.1799818613309282,1.0,14.226933739997301,1.0,0,2.4863209376359046e6,0.0,0.0,0.0,1
6.6744e6,0.0013772506294040898,9.848599072704598e-5,1.071034315258438e-5,7.658872930523224e-7,0.0,0.0,0.0,0.0,0.0,0.18931891175582793,0.0,0.0,0.0,0.801762772317207,0.057333356234434,4.056277e6,-0.0001821629285523936,-1.3026312066370292e-5,0.0001821629285523936,1.3026312066370292e-5,14.335778702768,1.0251390257099997,0.0,0.0,0.0,0.0,0.0,0.0,0.0,0.0,0.0,0.0,0.3897147805326423,0.02786816389282573,0.3897147805326423,0.02786816389282573,1.998024e6,0.022333211251914675,0.001597028448781986,0.022333211251914675,0.001597028448781986,717.0,0.00018227679394030587,1.3034454480901561e-5,0.00010677538827871027,7.635414844169513e-6,1.951663e6,32.41668461640983,2.3180888302913214,23.90442962160799,1.7093849033618866,3.7852164e7,10.846208319477672,0.7756028925816332,6.595317303106485,0.4716253853060264,1.4249129e7,0.7837485718478341,0.05604517647796553,NaN,NaN,435029.0,0.4096484864592177,0.029293605809588404,0.40964848645921853,0.029293605809588466,1.998563e6,0.05274807997414051,0.05274807997414051,0.029293605809588404,1.0,0.3921142858579881,0.028039750424845505,0.3921142858579885,0.02803975042484554,1.998563e6,0.06307402611417448,0.06307402611417448,0.028039750424845505,1.0,0.0,0.0,0.0,0.0,0.0,0.0,0.0,0.0,1.0,0.0,0.0,0.0,0.0,0.0,0.0,0.0,0.0,1.0,38.12923852230699,2.7265885753575967,27.685904523900753,1.9797948739297724,2.219804e7,4.909682787581729,4.909682787581729,2.7265885753575967,1.0,6.8993613451218785,0.4933673094433185,4.255516919286729,0.3043083015565587,3.9640141e7,1.109805261752052,1.109805261752052,0.4933673094433185,1.0,36.826465313149185,2.633428399963758,25.54962277940205,1.8270312304888612,2.1097468e7,4.778325164573252,4.778325164573252,2.633428399963758,1.0,2.5682957946868985,0.18365659119668573,1.4945960276949561,0.10687725776384974,3.7773652e7,0.6267839057093032,0.6267839057093032,0.18365659119668573,1.0,13.984228815051893,1.0,0,2.4863209376359046e6,0.0,0.0,0.0,1
6.696e6,0.0010640905174108108,7.732952136619864e-5,9.626348797492693e-6,6.995654343631397e-7,0.0,0.0,0.0,0.0,0.0,0.18931891175582793,0.0,0.0,0.0,0.801762772317207,0.05826565542881345,4.056277e6,-0.0001822570472306795,-1.3244973051971977e-5,0.0001822570472306795,1.3244973051971977e-5,14.33584067444697,1.0418133416267241,0.0,0.0,0.0,0.0,0.0,0.0,0.0,0.0,0.0,0.0,0.3897147805326423,0.028321328829479336,0.3897147805326423,0.028321328829479336,1.998024e6,0.022333211251914675,0.0016229977698542153,0.022333211251914675,0.0016229977698542153,717.0,0.00018237091261859195,1.3253247870517367e-5,0.00010683052135847052,7.763581151022159e-6,1.98249e6,32.45428279758265,2.3585156656850623,23.95023637520487,1.7405101212709075,3.7981763e7,10.846208319477672,0.7882149913563067,6.595317303106485,0.47929449794216444,1.4249129e7,0.7837485718478341,0.056956528547877666,NaN,NaN,435029.0,0.4096484864592177,0.029769949894261856,0.40964848645921853,0.02976994989426192,1.998563e6,0.05406563384935655,0.05406563384935655,0.029769949894261856,1.0,0.3921142858579881,0.0284957055345515,0.3921142858579885,0.028495705534551535,1.998563e6,0.0634228346216435,0.0634228346216435,0.0284957055345515,1.0,0.0,0.0,0.0,0.0,0.0,0.0,0.0,0.0,1.0,0.0,0.0,0.0,0.0,0.0,0.0,0.0,0.0,1.0,38.16278373778449,2.7733634988359697,27.72812644143824,2.0150567184032604,2.2274763e7,5.036745308333136,5.036745308333136,2.7733634988359697,1.0,6.90430372713254,0.5017491405572753,4.259635999845512,0.3095560083213424,3.9769467e7,1.1167420552030451,1.1167420552030451,0.5017491405572753,1.0,36.86018464721239,2.6787010969464347,25.591789508898422,1.8598049707679059,2.1174089e7,4.89827550577264,4.89827550577264,2.6787010969464347,1.0,2.5727379803346118,0.18696585803997773,1.498174679766817,0.10887525921312083,3.7903176e7,0.6333935753560873,0.6333935753560873,0.18696585803997773,1.0,13.760469463812475,1.0,0,2.4863209376359046e6,0.0,0.0,0.0,1
6.7176e6,0.0007912096137620844,5.845276084078904e-5,8.682984788989633e-6,6.414791029165098e-7,0.0,0.0,0.0,0.0,0.0,0.18931891175582793,0.0,0.0,0.0,0.801762772317207,0.05923240411408602,4.056277e6,-0.00018234972835229468,-1.3471581835410596e-5,0.00018234972835229468,1.3471581835410596e-5,14.336765674958007,1.0591675336755277,0.0,0.0,0.0,0.0,0.0,0.0,0.0,0.0,0.0,0.0,0.3897147805326423,0.028791238713948456,0.3897147805326423,0.028791238713948456,1.998024e6,0.022333211251914675,0.0016499266861885358,0.022333211251914675,0.0016499266861885358,717.0,0.00018246359374020715,1.3479993950445503e-5,0.00010688481159747056,7.896405985403534e-6,2.013947e6,32.48198910121043,2.3996952356763126,23.980915588967974,1.7716553227911094,3.8111363e7,10.846208319477672,0.801293121191074,6.595317303106485,0.48724699280957523,1.4249129e7,0.7837485718478341,0.05790155608916438,NaN,NaN,435029.0,0.4096484864592177,0.030263895422019117,0.40964848645921853,0.03026389542201918,1.998563e6,0.05546928783270871,0.05546928783270871,0.030263895422019117,1.0,0.3921142858579881,0.02896850869206681,0.3921142858579885,0.028968508692066842,1.998563e6,0.06375885680704758,0.06375885680704758,0.02896850869206681,1.0,0.0,0.0,0.0,0.0,0.0,0.0,0.0,0.0,1.0,0.0,0.0,0.0,0.0,0.0,0.0,0.0,0.0,1.0,38.18760282678607,2.8212129583506,27.756526554545996,2.0505888455391728,2.2351154e7,5.170870155408317,5.170870155408317,2.8212129583506,1.0,6.9077565422197065,0.5103292908548753,4.26225565001689,0.3148857215828211,3.9898683e7,1.1232201327978217,1.1232201327978217,0.5103292908548753,1.0,36.88505188927681,2.7249834673170534,25.620155208087535,1.8927586053479797,2.1250471e7,5.024901052534448,5.024901052534448,2.7249834673170534,1.0,2.575761276672966,0.19029136561225304,1.5004036135172403,0.11084639526631308,3.8032458e7,0.6394062501134344,0.6394062501134344,0.19029136561225304,1.0,13.535880981176321,1.0,0,2.4863209376359046e6,0.0,0.0,0.0,1
6.7392e6,0.0005548870470033921,4.160566863466383e-5,7.839925525805884e-6,5.878409764809814e-7,0.0,0.0,0.0,0.0,0.0,0.18931891175582793,0.0,0.0,0.0,0.801762772317207,0.06011651634109098,4.056277e6,-0.0001824002970763164,-1.3676452460017633e-5,0.0001824002970763164,1.3676452460017633e-5,14.337528187285633,1.075034009212891,0.0,0.0,0.0,0.0,0.0,0.0,0.0,0.0,0.0,0.0,0.3897147805326423,0.029220981294185325,0.3897147805326423,0.029220981294185325,1.998024e6,0.022333211251914675,0.0016745537527197449,0.022333211251914675,0.0016745537527197449,717.0,0.00018251416246422872,1.368499013561129e-5,0.00010691443375162044,8.016490071186409e-6,2.028477e6,32.505623613122765,2.437285591931329,24.00726859300276,1.8000752897332255,3.8240963e7,10.846208319477672,0.8132533489828668,6.595317303106485,0.4945197184461141,1.4249129e7,0.7837485718478341,0.058765803868174746,NaN,NaN,435029.0,0.4096484864592177,0.030715619109071748,0.40964848645921853,0.03071561910907181,1.998563e6,0.05676800686343834,0.05676800686343834,0.030715619109071748,1.0,0.3921142858579881,0.029400897232019132,0.3921142858579885,0.029400897232019167,1.998563e6,0.06407011667734966,0.06407011667734966,0.029400897232019132,1.0,0.0,0.0,0.0,0.0,0.0,0.0,0.0,0.0,1.0,0.0,0.0,0.0,0.0,0.0,0.0,0.0,0.0,1.0,38.208739949428974,2.8649076994480027,27.780870435057714,2.0830215733914486,2.2427169e7,5.294866412031652,5.294866412031652,2.8649076994480027,1.0,6.910683079725635,0.5181659795574309,4.264518187707076,0.319755401684756,4.002788e7,1.1291816881126457,1.1291816881126457,0.5181659795574309,1.0,36.90621683755113,2.7672439581975254,25.644472578594844,1.922833546354557,2.132648e7,5.141562397864942,5.141562397864942,2.7672439581975254,1.0,2.578253012478024,0.19331851603454117,1.5022770386722897,0.11264137630533165,3.816182e7,0.6448103411320237,0.6448103411320237,0.19331851603454117,1.0,13.33681359325847,1.0,0,2.4863209376359046e6,0.0,0.0,0.0,1
6.7608e6,0.00034801862918983073,2.6468652841823036e-5,1.3452825157402807e-5,1.0231583282250427e-6,0.0,0.0,0.0,0.003008391606607013,0.00022880405348674952,0.1876112390621576,0.0,0.0,0.0,0.801762772317207,0.06097828880989645,4.056277e6,-0.00018243861235220761,-1.387541898701213e-5,0.00018243861235220761,1.387541898701213e-5,14.3382784176932,1.090501720183244,0.0,0.0,0.0,0.0,0.0,0.0,0.0,0.0,0.0,0.0,0.3897147805326423,0.029639865133826517,0.3897147805326423,0.029639865133826517,1.998024e6,0.022333211251914675,0.0016985585422428261,0.022333211251914675,0.0016985585422428261,717.0,0.00018255247774012006,1.3884079050498875e-5,0.0001069368779152147,8.133113747719278e-6,2.042918e6,32.53386719345569,2.4743722436646984,24.04025469109304,1.8283882018869313,3.8370563e7,10.846208896813643,0.8249114095069295,6.595317725497106,0.5016087088903625,1.426094e7,0.7837485718478341,0.059608213824092295,NaN,NaN,435029.0,0.4096484864592177,0.03115592863666193,0.40964848645921853,0.031155928636661997,1.998563e6,0.05806052353006274,0.05806052353006274,0.031163058870850628,1.0,0.3921142858579881,0.02982236017323442,0.3921142858579885,0.029822360173234454,1.998563e6,0.06436063938002907,0.06436063938002907,0.029829185211723067,1.0,0.0,0.0,0.0,0.0,0.0,0.0,0.0,0.0,1.0,0.0,0.0,0.0,0.0,0.0,0.0,0.0,0.0,1.0,38.23386318912301,2.907887011423884,27.81118625129154,2.1151874418860204,2.2503343e7,5.418982827264211,5.418982827264211,2.9085525000256687,1.0,6.9143083443199505,0.525869628396527,4.267474866898367,0.3245639781585532,4.015735e7,1.1348969470402595,1.1348969470402595,0.525989977035366,1.0,36.93133976483982,2.8088232330969807,25.674757667691082,1.9527007766396514,2.1402647e7,5.258526832828482,5.258526832828482,2.8094660503174262,1.0,2.5812502468662655,0.19631769954735973,1.504664795488603,0.11443769607338088,3.8290927e7,0.6499336936909972,0.6499336936909972,0.1963626281126252,1.0,13.145323382949279,1.0,0,2.4863269394443505e6,6.001808445900679,2.1137669574979335e-5,397.0,1
6.7824e6,0.00019825900922733515,1.5230235153438671e-5,1.7949223468252817e-5,1.3788573609265227e-6,0.0,0.0,0.0,0.042102517548137035,0.003234310739819307,0.18418205120093767,0.0,0.0,0.0,0.8017690248672955,0.06159180778246574,4.056679e6,-0.00018246308247175973,-1.4016793807738969e-5,0.00018246308247175973,1.4016793807738969e-5,14.338934910294785,1.1015153933470305,0.0,0.0,0.0,0.0,0.0,0.0,0.0,0.0,0.0,0.0,0.3897161053805803,0.029937948097090387,0.3897161053805803,0.029937948097090387,1.998224e6,0.02233681410612719,0.0017159115882843744,0.02233681410612719,0.0017159115882843744,718.0,0.00018257694785967215,1.4025540934240318e-5,0.00010695121188664778,8.21598026403486e-6,2.050044e6,32.544839580865535,2.5000909758363714,24.046690203343577,1.8472640808916008,3.8499696e7,10.847994865372016,0.8333417653341705,6.59638242592411,0.5067333681347925,1.4345343e7,0.7837485718478341,0.06020747857529622,NaN,NaN,435029.0,0.4096533896820252,0.03146952807126339,0.409653389682026,0.03146952807126345,1.998764e6,0.05895929054503552,0.05895929054503552,0.03157164056742433,1.0,0.39211563518526915,0.030122279711202262,0.39211563518526954,0.030122279711202293,1.998764e6,0.06460736085995757,0.06460736085995757,0.03022002064854341,1.0,0.0,0.0,0.0,0.0,0.0,0.0,0.0,0.0,1.0,0.0,0.0,0.0,0.0,0.0,0.0,0.0,0.0,1.0,38.24558055852338,2.9380212670092476,27.818078552151704,2.136981716580093,2.2578944e7,5.5044883138006755,5.5044883138006755,2.947554574425516,1.0,6.91549602308134,0.5312476393616367,4.268172377847298,0.3278805298350254,4.0286603e7,1.1394392546415921,1.1394392546415921,0.5329714345965693,1.0,36.943056566526536,2.837961518055492,25.68164830061564,1.9728613810320423,2.1478247e7,5.339545551885314,5.339545551885314,2.847170151053136,1.0,2.5821827963106316,0.1983629967195078,1.5052113302262433,0.11563016785118256,3.8419998e7,0.653499001149588,0.653499001149588,0.19900664605212964,1.0,12.975359604996463,1.0,0,2.4867731109294905e6,446.17148513998836,0.0015919471909699794,5655.0,1
6.804e6,0.00010197014133422552,7.90879315159774e-6,1.7872444062508062e-5,1.3861848317006753e-6,0.0,0.0,0.0,0.08394041506052267,0.006510409528579436,0.1821346923891155,0.0,0.0,0.0,0.8017791763645035,0.06218590634626215,4.058319e6,-0.00018248391997526323,-1.4153433129474967e-5,0.00018248391997526323,1.4153433129474967e-5,14.33977801519124,1.1121916345124354,0.0,0.0,0.0,0.0,0.0,0.0,0.0,0.0,0.0,0.0,0.3897208232604373,0.030226704971748976,0.3897208232604373,0.030226704971748976,1.999043e6,0.02233752984362153,0.0017324964027636248,0.02233752984362153,0.0017324964027636248,719.0,0.00018259778536317553,1.4162264516666764e-5,0.0001069634179535864,8.29607114704345e-6,2.055208e6,32.55545239395647,2.5249973724815256,24.05291704138961,1.8655416486025955,3.8629295e7,10.853418396079222,0.8417899588957969,6.599586615588605,0.5118632253108831,1.444532e7,0.7837485718478341,0.06078745460681419,NaN,NaN,435029.0,0.40965877552823954,0.03177309039682783,0.40965877552824037,0.031773090396827894,1.999584e6,0.05985437062754573,0.05985437062754573,0.03198130176859848,1.0,0.39212040083626265,0.030412815949434218,0.3921204008362631,0.030412815949434253,1.999584e6,0.06482486734100416,0.06482486734100416,0.030612113343837892,1.0,0.0,0.0,0.0,0.0,0.0,0.0,0.0,0.0,1.0,0.0,0.0,0.0,0.0,0.0,0.0,0.0,0.0,1.0,38.26081427313605,2.9675046237909557,27.827043106480154,2.158262458697581,2.2654541e7,5.590206031990914,5.590206031990914,2.9869508973746224,1.0,6.916543087530322,0.536446335051125,4.268786365816265,0.331086609608041,4.0414965e7,1.1434344837740678,1.1434344837740678,0.5399617068927475,1.0,36.958303880100225,2.8664820583464077,25.690613060199876,1.9925611749903482,2.1553844e7,5.421386503925372,5.421386503925372,2.8852663237127967,1.0,2.582986625734388,0.20033616379248928,1.505687210712304,0.11678093748540179,3.8549565e7,0.6563365187480633,0.6563365178162313,0.20164898124139155,1.0,12.80932147453959,1.0,0,2.4881259289743453e6,1352.8180448547937,0.004889444391263115,7300.0,1
6.8256e6,6.322916426237512e-5,4.949840613823908e-6,1.78147229824937e-5,1.3946102304445854e-6,0.0,0.0,0.0,0.11964549636331864,0.009366344535296712,0.1821346923891155,0.0,0.0,0.0,0.801807303473089,0.06276879350678681,4.062639e6,-0.00018249997769355378,-1.4286853418795715e-5,0.00018249997769355378,1.4286853418795715e-5,14.340702342392047,1.1226495196200366,0.0,0.0,0.0,0.0,0.0,0.0,0.0,0.0,0.0,0.0,0.38973488681473023,0.03051005962018627,0.38973488681473023,0.03051005962018627,2.001203e6,0.02233752984362153,0.001748674266413721,0.02233752984362153,0.001748674266413721,719.0,0.00018261384308146617,1.4295767272524017e-5,0.00010697282416020291,8.37427531710548e-6,2.061625e6,32.563813673041956,2.5492300798246017,24.05782731440423,1.8833462708293442,3.8758895e7,10.86880450310428,0.8508549904271164,6.608631192718408,0.5173509955589652,1.4542365e7,0.7837485718478341,0.061355081270105805,NaN,NaN,435029.0,0.4096728390825324,0.03207088502477533,0.4096728390825332,0.03207088502477539,2.001744e6,0.060752542948960056,0.060752542948960056,0.03237411211284859,1.0,0.39213446439055555,0.0306979084820114,0.3921344643905559,0.030697908482011423,2.001744e6,0.0650237881250813,0.0650237881250813,0.030988154210863247,1.0,0.0,0.0,0.0,0.0,0.0,0.0,0.0,0.0,1.0,0.0,0.0,0.0,0.0,0.0,0.0,0.0,0.0,1.0,38.284098007714746,2.9970376074536325,27.84073206100136,2.1794877076390033,2.273014e7,5.677350526055551,5.677350526055551,3.025374305547625,1.0,6.9173541006848005,0.5415191022561969,4.269260759551992,0.3342153979917456,4.0540616e7,1.147036560859668,1.147036560859668,0.5466391125205331,1.0,36.981591010278066,2.895071970062813,25.704299863735105,2.0122389549142694,2.1629442e7,5.504916333667127,5.504916333667127,2.922444593006224,1.0,2.5836237949286556,0.20225676141966026,1.5060642048135393,0.11790093788173751,3.8677936e7,0.6587324548523014,0.6587324538854226,0.20416907936040413,1.0,12.654334353773429,1.0,0,2.4903532684842316e6,2227.339509886224,0.00814879447779022,8640.0,1
6.8472e6,2.5124674959431542e-5,1.9848286406379735e-6,1.7742325643982083e-5,1.401629121433935e-6,0.0,0.0,0.0,0.14499148606939166,0.011454208051004435,0.1821346923891155,0.0,0.0,0.0,0.8018445094262121,0.0633450562133545,4.066959e6,-0.0001825119421556799,-1.4418293197184938e-5,0.0001825119421556799,1.4418293197184938e-5,14.34187452664764,1.132996282216201,0.0,0.0,0.0,0.0,0.0,0.0,0.0,0.0,0.0,0.0,0.3897534897912919,0.030790204871325392,0.3897534897912919,0.030790204871325392,2.003363e6,0.02233752984362153,0.001764646470703182,0.02233752984362153,0.001764646470703182,719.0,0.00018262580754359241,1.4427288469102727e-5,0.00010697983263627622,8.451318718749397e-6,2.064543e6,32.56908974677373,2.5729312810328855,24.06093347076272,1.9007939386426675,3.8888493e7,10.896762944026987,0.8608353030027289,6.625043713789174,0.5233730000423789,1.4640998e7,0.7837485718478341,0.06191549204017587,NaN,NaN,435029.0,0.40969144205909397,0.0323652866887302,0.4096914420590947,0.03236528668873025,2.003904e6,0.06166056525167648,0.06166056525167648,0.03274030090697113,1.0,0.3921530673671171,0.030979769524624223,0.3921530673671174,0.03097976952462425,2.003904e6,0.06520615398794269,0.06520615398794269,0.03133872985645428,1.0,0.0,0.0,0.0,0.0,0.0,0.0,0.0,0.0,1.0,0.0,0.0,0.0,0.0,0.0,0.0,0.0,0.0,1.0,38.31707474947827,3.027017364842809,27.860104455041864,2.200925319146251,2.2805061e7,5.766907104451503,5.766907104451503,3.0620911944552485,1.0,6.917951416219745,0.5465124674299727,4.269612902258606,0.3372959047837983,4.0665896e7,1.1502982964170896,1.1502982964170896,0.5528448675629689,1.0,37.014567033669586,2.9241203274417917,25.723666858677856,2.0321485076234733,2.1704349e7,5.591033628490147,5.591033628490147,2.9580018965804906,1.0,2.5841567639340837,0.20414625722468493,1.5063765094336539,0.11900250428456977,3.8804234e7,0.6608711114163698,0.6608711103565826,0.20651168502998185,1.0,12.513368255936268,1.0,0,2.4932177030413556e6,2864.434557124041,0.010597683075062878,8640.0,1
6.8688e6,4.9729160664237756e-6,3.959249374926392e-7,2.1176811725056273e-5,1.6860183736352248e-6,0.0,0.0,0.0,0.17189321401199906,0.013685493401470574,0.17989354990080542,0.0,0.0,0.0,0.8018710685968782,0.06384196887113118,4.071279e6,-0.00018252067003280404,-1.4531611615520564e-5,0.00018252067003280404,1.4531611615520564e-5,14.343491705396753,1.141975046638854,0.0,0.0,0.0,0.0,0.0,0.0,0.0,0.0,0.0,0.0,0.3897666992060506,0.03103176364905842,0.3897666992060506,0.03103176364905842,2.005522e6,0.02233767018477017,0.0017784415730138043,0.02233767018477017,0.0017784415730138043,720.0,0.00018263453542071648,1.4540677150910592e-5,0.00010698494521389503,8.517740331967068e-6,2.067636e6,32.57334521143984,2.5933676528025424,24.06344251508826,1.9158410973333626,3.9017997e7,10.93100281534044,0.870285472062645,6.64514123122445,0.5290612372016851,1.4737376e7,0.7837485718478341,0.06239912360756015,NaN,NaN,435029.0,0.40970475876504214,0.03261915721838023,0.409704758765043,0.0326191572183803,2.006064e6,0.062456674435757115,0.062456674435757115,0.03307176057956691,1.0,0.39216630983183476,0.031222811652750846,0.39216630983183515,0.031222811652750877,2.006064e6,0.06535623262763422,0.06535623262763422,0.031656040181775216,1.0,0.0,0.0,0.0,0.0,0.0,0.0,0.0,0.0,1.0,0.0,0.0,0.0,0.0,0.0,0.0,0.0,0.0,1.0,38.35521806202803,3.05369869728079,27.882505147991154,2.2199005493763444,2.2878619e7,5.846989365301348,5.846989365301348,3.0960699420431124,1.0,6.918759135401159,0.55084566914484,4.27008755219773,0.3399683655645904,4.0791231e7,1.1530415035951178,1.1530415035951178,0.5584888648191169,1.0,37.05269543361425,2.9499967277825725,25.746058506045692,2.0498046756736303,2.1777853e7,5.668145074736906,5.668145074736906,2.990929067804274,1.0,2.5849154016039706,0.2058012753751953,1.5068209615951276,0.11996743702557197,3.8928692e7,0.6626257197672165,0.6626257073295523,0.20865684728184258,1.0,12.388356458354822,1.0,0,2.4966211549669756e6,3403.451925619971,0.01271897683186518,9573.0,1
6.8904e6,3.1441258758698516e-6,2.5187349665899547e-7,2.1098616711538672e-5,1.6901938966845418e-6,0.0,0.0,0.0,0.20306181341909876,0.01626712510981608,0.17989354990080542,0.0,0.0,0.0,0.8018772612591092,0.06423776835232252,4.075599e6,-0.00018252688226528925,-1.4622087627997447e-5,0.00018252688226528925,1.4622087627997447e-5,14.34488978318904,1.149158046313946,0.0,0.0,0.0,0.0,0.0,0.0,0.0,0.0,0.0,0.0,0.3897697955371657,0.031224157419221413,0.3897697955371657,0.031224157419221413,2.007682e6,0.02233767018477017,0.001789453513879082,0.02233767018477017,0.001789453513879082,720.0,0.00018264074765320156,1.4631209296319321e-5,0.00010698858415972698,8.570772882129076e-6,2.071367e6,32.57645003577545,2.6096742634318963,24.065278497189933,1.9278508820779385,3.9147461e7,10.97012047408014,0.8788078822742966,6.668102102707223,0.5341765116905233,1.4836684e7,0.7837485718478341,0.062785493038886,NaN,NaN,435029.0,0.40970785509615765,0.03282137997836252,0.4097078550961585,0.03282137997836259,2.008224e6,0.0630878431086288,0.0630878431086288,0.033364118264347355,1.0,0.3921694061629502,0.031416388373959894,0.3921694061629507,0.031416388373959936,2.008224e6,0.06548456719707395,0.06548456719707395,0.031935893549828724,1.0,0.0,0.0,0.0,0.0,0.0,0.0,0.0,0.0,1.0,0.0,0.0,0.0,0.0,0.0,0.0,0.0,0.0,1.0,38.39710566557642,3.0759624924043565,27.907104745133495,2.2356166169208995,2.2952057e7,5.91248263347745,5.91248263347745,3.126826978053094,1.0,6.919477703801428,0.5543140170328746,4.270508459528312,0.34210713587147135,4.0916488e7,1.1554164999677823,1.1554164999677823,0.5634802202729615,1.0,37.09456319331128,2.971616820510572,25.770647578045047,2.0644666826047793,2.1851288e7,5.731227750805921,5.731227750805921,3.020755833581651,1.0,2.5855964370317235,0.20713013449693643,1.5072198689515448,0.12074222013191845,3.9052499e7,0.6640466294006515,0.6640466290210242,0.21055526330769292,1.0,12.279894581658056,1.0,0,2.500672566215285e6,4051.4112483095378,0.01527418124989804,10800.0,1
6.912e6,1.5840925055138684e-6,1.282445839108394e-7,2.1014238625286136e-5,1.7012657274258638e-6,0.0,0.0,0.0,0.16378675687104702,0.013259809267400988,0.17989354990080542,0.0,0.0,0.0,0.8018789728691156,0.0649183269692268,4.079919e6,-0.00018253101831553942,-1.4777302722674376e-5,0.00018253101831553942,1.4777302722674376e-5,14.348571564975552,1.1616282405605267,0.0,0.0,0.0,0.0,0.0,0.0,0.0,0.0,0.0,0.0,0.3897706513421691,0.03155495959234921,0.3897706513421691,0.03155495959234921,2.009842e6,0.02233767018477017,0.0018084077845277918,0.02233767018477017,0.0018084077845277918,720.0,0.0001826448837034518,1.478652100963921e-5,0.00010699100694724183,8.661752467353386e-6,2.074603e6,32.58063140592781,2.6376550003626407,24.0677289197594,1.9484694676919538,3.9276747e7,11.081073097760326,0.8970988775979838,6.733121450608811,0.545098443335142,1.4881974e7,0.7837485718478341,0.06345053027994403,NaN,NaN,435029.0,0.4097087109011609,0.033169100271149395,0.4097087109011617,0.03316910027114946,2.010384e6,0.06427433230774052,0.06427433230774052,0.03361482645854651,1.0,0.39217026196795346,0.0317492266980773,0.39217026196795385,0.03174922669807734,2.010384e6,0.06560483818078965,0.06560483818078965,0.03217587263219236,1.0,0.0,0.0,0.0,0.0,0.0,0.0,0.0,0.0,1.0,0.0,0.0,0.0,0.0,0.0,0.0,0.0,0.0,1.0,38.511022954990715,3.1177662274473343,27.973861981669845,2.264701258121754,2.3028929e7,6.0415368798864435,6.0415368798864435,3.159662752900101,1.0,6.922743878269186,0.5604498506871889,4.272422180918493,0.3458857377180719,4.1041441e7,1.1580824349654912,1.1580824349654912,0.5679811727047284,1.0,37.20843814263529,3.0123118763361214,25.83738037043624,2.0917364885062746,2.1928149e7,5.856533415733509,5.856533415733509,3.0527913067974355,1.0,2.5887827101320515,0.20958205429345336,1.50908719901763,0.12217232216524473,3.9177167e7,0.666012635191412,0.6660125950011566,0.21239841678877042,1.0,12.188333365528747,1.0,0,2.5051783087788415e6,4505.742563556414,0.017114660922157347,10800.0,1
6.9336e6,6.277876229444184e-7,5.094905841698526e-8,2.3477065840075378e-5,1.9053169499190815e-6,0.0,0.0,0.0,0.21282355437555114,0.01727201892502172,0.17744078775697336,0.0,0.0,0.0,0.801879190145594,0.06507772407247638,4.084237e6,-0.0001825334150650334,-1.4813776645646895e-5,0.0001825334150650334,1.4813776645646895e-5,14.350383347201943,1.1646271648898947,0.0,0.0,0.0,0.0,0.0,0.0,0.0,0.0,0.0,0.0,0.38977075998040817,0.03163243825409527,0.38977075998040817,0.03163243825409527,2.011934e6,0.02233767018477017,0.0018128475642852331,0.02233767018477017,0.0018128475642852331,720.0,0.00018264728045294573,1.4823017564212968e-5,0.00010699241090698241,8.683131674223149e-6,2.076904e6,32.58771164599406,2.6447052532518938,24.071889738550595,1.9535907871908238,3.9406078e7,11.114211324046945,0.9019907072263529,6.7525465265145055,0.5480131733550566,1.4974003e7,0.7837485718478341,0.06360630619638612,NaN,NaN,435029.0,0.4097088195394001,0.033250541772014336,0.4097088195394009,0.0332505417720144,2.012476e6,0.0644979132655039,0.0644979132655039,0.03383493948716359,1.0,0.3921703706061927,0.03182718230046195,0.3921703706061931,0.03182718230046198,2.012476e6,0.06569445326573514,0.06569445326573514,0.03238656364057844,1.0,0.0,0.0,0.0,0.0,0.0,0.0,0.0,0.0,1.0,0.0,0.0,0.0,0.0,0.0,0.0,0.0,0.0,1.0,38.55061556118429,3.1286337806812954,27.99708135086548,2.2721456765270176,2.3104592e7,6.068783829433622,6.068783829433622,3.1836213488690652,1.0,6.9239858937136765,0.5619265956895629,4.273149298779566,0.34679392407724335,4.1168563e7,1.1598720908060354,1.1598720908060354,0.5718027841996393,1.0,37.248022472209,3.0229198593515036,25.860594904478717,2.098755872737124,2.2003812e7,5.88253204471964,5.88253204471964,3.0760494435548864,1.0,2.5898583586093182,0.21018389019145425,1.5097168469023263,0.12252336461361467,3.9302797e7,0.6669966174792432,0.6669965922388673,0.21387799496819054,1.0,12.109045434966324,1.0,0,2.509199121360394e6,4020.8125815526582,0.015372700649872124,11323.0,1
6.9552e6,5.572152083289216e-7,4.5474827768424825e-8,2.339987260511402e-5,1.909684374394365e-6,0.0,0.0,0.0,0.2165101484261283,0.017669585400085442,0.17744078775697336,0.0,0.0,0.0,0.8018801684501735,0.06544215234280143,4.088555e6,-0.00018253511332500037,-1.4896852627260673e-5,0.00018253511332500037,1.4896852627260673e-5,14.3532807437286,1.1713839823043974,0.0,0.0,0.0,0.0,0.0,0.0,0.0,0.0,0.0,0.0,0.3897712491326985,0.031809577625401805,0.3897712491326985,0.031809577625401805,2.014071e6,0.02233767018477017,0.0018229970919973143,0.02233767018477017,0.0018229970919973143,720.0,0.00018264897871291276,1.490614528264176e-5,0.00010699340570033552,8.731826812788416e-6,2.079307e6,32.594466612961185,2.6600633530324083,24.075853557738437,1.9648517799781433,3.9532384e7,11.20073991672461,0.9141023270335877,6.803235669205213,0.5552181019124091,1.5037365e7,0.7837485718478341,0.0639624166494224,NaN,NaN,435029.0,0.40970930869169,0.03343674036419504,0.40970930869169064,0.0334367403641951,2.014613e6,0.0651224489844145,0.0651224489844145,0.034038180908623525,1.0,0.3921708597584826,0.03200541197860632,0.39217085975848287,0.03200541197860634,2.014613e6,0.06577927128143848,0.06577927128143848,0.032581106624537885,1.0,0.0,0.0,0.0,0.0,0.0,0.0,0.0,0.0,1.0,0.0,0.0,0.0,0.0,0.0,0.0,0.0,0.0,1.0,38.64279173031294,3.153672534705444,28.05108554788892,2.289273991341973,2.3181708e7,6.142191987554664,6.142191987554664,3.2103989531769495,1.0,6.926523085428366,0.5652796973874783,4.274635486601442,0.3488567964771896,4.1295968e7,1.1617937175498767,1.1617937175498767,0.5754476182209084,1.0,37.34019141565242,3.047366166762025,25.91459496131096,2.1149130980977553,2.2080108e7,5.953701428860543,5.953701428860543,3.1021804084149855,1.0,2.592257013282956,0.21155639589246153,1.5111224218162982,0.12332404220477992,3.9427772e7,0.6682642003448401,0.6682640633755423,0.21536174870308242,1.0,12.036756893429951,1.0,0,2.513604506784681e6,4405.385424287058,0.01694418444336138,12960.0,1
6.9768e6,4.990281536105899e-7,4.094642781170063e-8,2.3313708080150295e-5,1.91294430588751e-6,0.0,0.0,0.0,0.2163073209544925,0.017748521879021963,0.17744078775697336,0.0,0.0,0.0,0.801881038614505,0.06579621575183124,4.092867e6,-0.00018253632380001996,-1.4977532532810027e-5,0.00018253632380001996,1.4977532532810027e-5,14.356063913194035,1.1779486396281864,0.0,0.0,0.0,0.0,0.0,0.0,0.0,0.0,0.0,0.0,0.3897716842148648,0.031981678819674224,0.3897716842148648,0.031981678819674224,2.016172e6,0.02233767018477017,0.0018328581124823725,0.02233767018477017,0.0018328581124823725,720.0,0.00018265018918793235,1.4986875454351972e-5,0.00010699411475873891,8.779117499779768e-6,2.081467e6,32.59819712068449,2.674758358894662,24.078042422983163,1.9756597273850152,3.9657442e7,11.291817873226437,0.9265200812091526,6.856590153666131,0.5625992676569295,1.5096364e7,0.7837485718478341,0.06430840442067151,NaN,NaN,435029.0,0.4097097437738558,0.0336176432648279,0.4097097437738564,0.03361764326482795,2.016714e6,0.06574475575227472,0.06574475575227472,0.03422508798779065,1.0,0.3921712948406484,0.03217857248700328,0.39217129484064855,0.032178572487003294,2.016714e6,0.06584981096695325,0.06584981096695325,0.03276001431788127,1.0,0.0,0.0,0.0,0.0,0.0,0.0,0.0,0.0,1.0,0.0,0.0,0.0,0.0,0.0,0.0,0.0,0.0,1.0,38.736729584634126,3.1784393127372645,28.106118917741064,2.306172830141373,2.3258973e7,6.21595376699019,6.21595376699019,3.2358712443146818,1.0,6.928747116516047,0.5685199153179253,4.275938222684126,0.35085073756991253,4.1423031e7,1.1634117383471312,1.1634117383471312,0.5787926289563742,1.0,37.43410876318699,3.0715562259905704,25.96961648626442,2.1308678058716466,2.2157301e7,6.025209730406659,6.025209730406659,3.1270568631430096,1.0,2.594402455570031,0.2128767928079535,1.5123791774857034,0.12409425072870955,3.9552242e7,0.6692905605936927,0.6692905114402931,0.2167233112391761,1.0,11.971035514065424,1.0,0,2.518553438264454e6,4948.931479772553,0.01913929650182859,12960.0,1
6.9984e6,4.440603795941378e-7,3.652945879102101e-8,2.320928555105417e-5,1.9092508115251478e-6,0.0,0.0,0.0,0.24170174156163254,0.019882957844974614,0.17744078775697336,0.0,0.0,0.0,0.8018817178294599,0.06596468974218545,4.097181e6,-0.00018253711373679088,-1.5015935400889444e-5,0.00018253711373679088,1.5015935400889444e-5,14.358589544503412,1.1811715909951603,0.0,0.0,0.0,0.0,0.0,0.0,0.0,0.0,0.0,0.0,0.3897720238223426,0.03206357003776044,0.3897720238223426,0.03206357003776044,2.018275e6,0.02233767018477017,0.0018375496666641878,0.02233767018477017,0.0018375496666641878,720.0,0.00018265097912470332,1.5025302237442782e-5,0.00010699457747596513,8.80162741009054e-6,2.083627e6,32.60409244804557,2.6820898828850233,24.081505609664152,1.9810016998093407,3.9782618e7,11.35921212764642,0.9344356992501295,6.896072941162048,0.567287296728194,1.5167913e7,0.7837485718478341,0.06447301419686256,NaN,NaN,435029.0,0.40971008338133336,0.03370372204974303,0.4097100833813339,0.03370372204974307,2.018817e6,0.06602920029678311,0.06602920029678311,0.03438744619279061,1.0,0.39217163444812597,0.03226096769244237,0.3921716344481261,0.032260967692442376,2.018817e6,0.06589717661048287,0.06589717661048287,0.032915423673797975,1.0,0.0,0.0,0.0,0.0,0.0,0.0,0.0,0.0,1.0,0.0,0.0,0.0,0.0,0.0,0.0,0.0,0.0,1.0,38.80919972599598,3.1925367072806723,28.148584781236558,2.3155692672504222,2.3335666e7,6.254521248090912,6.254521248090912,3.2573014956061828,1.0,6.930660862435106,0.570132581069855,4.277059419929097,0.3518410401077601,4.155027e7,1.1645691395348956,1.1645691395348956,0.5816984671711044,1.0,37.50656253437582,3.0853786859898933,26.012072840672424,2.139814733687455,2.2233054e7,6.062365167453385,6.062365167453385,3.1479696335102374,1.0,2.596196651511062,0.21356928686463714,1.513430597260864,0.12449838620198506,3.9674891e7,0.669926834552612,0.6699267585450094,0.21790181955723695,1.0,11.914524884585054,1.0,0,2.5237909434411875e6,5237.505176733714,0.02035138571317814,12960.0,1
7.02e6,3.9482511626387365e-7,3.2583200338147417e-8,2.3142970754764333e-5,1.9098887620371236e-6,0.0,0.0,0.0,0.250090249754002,0.02063886104172238,0.17744078775697336,0.0,0.0,0.0,0.8018839281375139,0.06617599438882485,4.101495e6,-0.00018253762480790014,-1.506403659079884e-5,0.00018253762480790014,1.506403659079884e-5,14.361612620215123,1.1852014522566294,0.0,0.0,0.0,0.0,0.0,0.0,0.0,0.0,0.0,0.0,0.3897731289763696,0.03216628179088736,0.3897731289763696,0.03216628179088736,2.020379e6,0.02233767018477017,0.0018434308070497624,0.02233767018477017,0.0018434308070497624,720.0,0.0001826514901958124,1.5073433406232045e-5,0.000106994876834131,8.829822023561292e-6,2.085787e6,32.609832539010284,2.6911477077914356,24.08487442375495,1.987619976900988,3.9908107e7,11.44476655808511,0.9444868277736208,6.94618973510913,0.573238840192176,1.5236134e7,0.7837485718478341,0.06467936227792491,NaN,NaN,435029.0,0.4097111885353604,0.033811683165328635,0.4097111885353608,0.03381168316532866,2.020921e6,0.06639634301853425,0.06639634301853425,0.03452422382339297,1.0,0.39217273960215304,0.03236431122349619,0.39217273960215304,0.03236431122349619,2.020921e6,0.06594709593956237,0.06594709593956237,0.033046350254331426,1.0,0.0,0.0,0.0,0.0,0.0,0.0,0.0,0.0,1.0,0.0,0.0,0.0,0.0,0.0,0.0,0.0,0.0,1.0,38.89949929404616,3.210206560679998,28.20148848374157,2.32734623824079,2.3412789e7,6.303914978767563,6.303914978767563,3.2778578125885374,1.0,6.933129044014639,0.5721609981376647,4.278505824844081,0.3530864848670244,4.1677094e7,1.1658631007622684,1.1658631007622684,0.5842186047388591,1.0,37.59683591499568,3.1027034153522255,26.064960553458985,2.1510278767363533,2.2309557e7,6.110126971836856,6.110126971836856,3.16808916744695,1.0,2.598554253464361,0.21444738529143464,1.514811365129249,0.1250107963028417,3.9797522e7,0.6707516164929885,0.6707513593578929,0.21896660665904824,1.0,11.86735408249056,1.0,0,2.5293203071357096e6,5529.363694522064,0.021570862228613433,12960.0,1
7.0416e6,3.531779739335294e-7,2.919628296222233e-8,2.306839771056921e-5,1.9070030317621677e-6,0.0,0.0,0.0,0.26656819621811206,0.022036483189571673,0.17744078775697336,0.0,0.0,0.0,0.801885345427984,0.06628972692612232,4.105805e6,-0.00018253792251312248,-1.508992414694687e-5,0.00018253792251312248,1.508992414694687e-5,14.363965618735387,1.187430801511876,0.0,0.0,0.0,0.0,0.0,0.0,0.0,0.0,0.0,0.0,0.3897738376216051,0.032221565596877985,0.3897738376216051,0.032221565596877985,2.022431e6,0.02233767018477017,0.00184659573236606,0.02233767018477017,0.00184659573236606,720.0,0.00018265178790103495,1.5099337095461381e-5,0.00010699505121168825,8.844996067965019e-6,2.088049e6,32.61234485948748,2.69597573703273,24.086362060444614,1.9911554347939906,4.0033295e7,11.523835651493869,0.9526448174100561,6.9925108689212,0.5780522598044633,1.5287567e7,0.7837485718478341,0.06479040813347453,NaN,NaN,435029.0,0.4097118971805955,0.033869791906459466,0.40971189718059586,0.0338697919064595,2.022973e6,0.06658475102754464,0.06658475102754464,0.03463298101029764,1.0,0.39217344824738803,0.03241993501966283,0.39217344824738803,0.03241993501966283,2.022973e6,0.06598403633708562,0.06598403633708562,0.0331504544519192,1.0,0.0,0.0,0.0,0.0,0.0,0.0,0.0,0.0,1.0,0.0,0.0,0.0,0.0,0.0,0.0,0.0,0.0,1.0,38.98051292998937,3.2224152396625154,28.248981087939857,2.3352680691044054,2.349003e7,6.334958213881844,6.334958213881844,3.295026025277749,1.0,6.934556215091576,0.5732613028448829,4.279344631206399,0.3537620292512459,4.1804099e7,1.166754178088886,1.166754178088886,0.5861786181089265,1.0,37.677832823742854,3.114726142951209,26.112442698523868,2.158646127814318,2.2386806e7,6.140018131690811,6.140018131690811,3.1849103667074496,1.0,2.59995192988624,0.21493110509609892,1.5156314075514634,0.12529321392401485,3.9921634e7,0.6711626290505013,0.6711624118521323,0.21977415455853025,1.0,11.830107753611314,1.0,0,2.53489424744961e6,5573.940313900355,0.021813224163695993,12960.0,1
7.0632e6,3.0882131057562286e-7,2.55770489798139e-8,2.2958189103960124e-5,1.9014320161562367e-6,0.0,0.0,0.0,0.27824659955578174,0.0230448050752708,0.17744078775697336,0.0,0.0,0.0,0.8018859636007505,0.06641341081356265,4.110117e6,-0.0001825381352568671,-1.5118085009892837e-5,0.0001825381352568671,1.5118085009892837e-5,14.366797644559115,1.1898799546995036,0.0,0.0,0.0,0.0,0.0,0.0,0.0,0.0,0.0,0.0,0.38977414670798805,0.032281685557364236,0.38977414670798805,0.032281685557364236,2.024539e6,0.02233767018477017,0.0018500396988338338,0.02233767018477017,0.0018500396988338338,720.0,0.00018265200064477942,1.5127515513889827e-5,0.00010699517583103132,8.861502620182542e-6,2.090604e6,32.615404845053284,2.7012572599458307,24.088163934394515,1.9950182441600843,4.0157827e7,11.608302845074752,0.9614172347354405,7.041994519853855,0.583228658715823,1.5336503e7,0.7837485718478341,0.06491124454023865,NaN,NaN,435029.0,0.4097122062669788,0.03393298586741158,0.40971220626697913,0.03393298586741161,2.025081e6,0.06682067350321938,0.06682067350321938,0.03473341054297376,1.0,0.3921737573337714,0.032480424946151054,0.3921737573337713,0.03248042494615104,2.025081e6,0.06599295221546798,0.06599295221546798,0.033246586040881376,1.0,0.0,0.0,0.0,0.0,0.0,0.0,0.0,0.0,1.0,0.0,0.0,0.0,0.0,0.0,0.0,0.0,0.0,1.0,39.0672268651825,3.235606937791258,28.299817518636445,2.343833777030463,2.356772e7,6.371541709288237,6.371541709288237,3.311929712437375,1.0,6.936643849749763,0.5745033565522965,4.280569110068328,0.35452322116509494,4.1930733e7,1.1672622085282907,1.1672622085282907,0.5880549686790496,1.0,37.7645303160414,3.127715635273593,26.16326960393951,2.1668816406637563,2.2464509e7,6.175302560246701,6.175302560246701,3.2014934272544315,1.0,2.6019890180406984,0.2155006739506341,1.5168257146877384,0.12562580453433225,4.0045142e7,0.6713774874609341,0.6713773210082026,0.2205839889793898,1.0,11.795910619259924,1.0,0,2.540703839848536e6,5809.59239892615,0.022801343596334452,12960.0,1
7.0848e6,2.6464114573465904e-7,2.1945246117130176e-8,2.2890482401019178e-5,1.8981827963134212e-6,0.0,0.0,0.0,0.29892496607617847,0.02478821625747439,0.17744078775697336,0.0,0.0,0.0,0.8018864235469716,0.06649606535624551,4.114435e6,-0.00018253830486088363,-1.513690554375196e-5,0.00018253830486088363,1.513690554375196e-5,14.369304498959556,1.1915680114150697,0.0,0.0,0.0,0.0,0.0,0.0,0.0,0.0,0.0,0.0,0.3897743766810984,0.032321862130214714,0.3897743766810984,0.032321862130214714,2.026673e6,0.02233767018477017,0.001852341095815705,0.02233767018477017,0.001852341095815705,720.0,0.00018265217024879596,1.5146347779028798e-5,0.00010699527516909983,8.872534315998653e-6,2.092764e6,32.6180922816377,2.7048404019135726,24.089739966352685,1.9976306820759087,4.0282948e7,11.683651587297815,0.9688614705708983,7.086138334116279,0.5876147842789754,1.5374762e7,0.7837485718478341,0.06499199228979699,NaN,NaN,435029.0,0.4097124362400894,0.03397521661107371,0.4097124362400897,0.033975216611073736,2.027215e6,0.06697994170328758,0.06697994170328758,0.03483880853109524,1.0,0.392173987306882,0.03252084874517179,0.39217398730688185,0.032520848745171776,2.027215e6,0.0659977095114832,0.0659977095114832,0.03334747312052364,1.0,0.0,0.0,0.0,0.0,0.0,0.0,0.0,0.0,1.0,0.0,0.0,0.0,0.0,0.0,0.0,0.0,0.0,1.0,39.14450976650225,3.2460405904590712,28.3450960659946,2.3505041427142053,2.3645474e7,6.399359038805632,6.399359038805632,3.3285493926271994,1.0,6.93856771227845,0.575377557876033,4.281696053840463,0.35505768930763837,4.2057884e7,1.1676694302071926,1.1676694302071926,0.5900026716944835,1.0,37.84179985042008,3.1380139657696775,26.208540398667736,2.173331240018838,2.2542253e7,6.202038699704987,6.202038699704987,3.217776915827519,1.0,2.603868599181354,0.21592461409230537,1.517926750220592,0.1258733823453358,4.017042e7,0.6714898186281595,0.671489696088424,0.2214130486238193,1.0,11.760231004295171,1.0,0,2.5469709249610743e6,6267.085112538189,0.024671524664626653,12960.0,1
7.1064e6,2.3217337773254172e-7,1.9282041960467967e-8,2.2835663698951985e-5,1.8965060935865076e-6,0.0,0.0,0.0,0.3152041988224945,0.026177767008293638,0.17744078775697336,0.0,0.0,0.0,0.8018868426324866,0.0665968505872308,4.118755e6,-0.00018253843553389594,-1.5159850831034497e-5,0.00018253843553389594,1.5159850831034497e-5,14.371895230213054,1.1935885569087628,0.0,0.0,0.0,0.0,0.0,0.0,0.0,0.0,0.0,0.0,0.3897745862238559,0.032370851473549574,0.3897745862238559,0.032370851473549574,2.028797e6,0.02233767018477017,0.0018551476401312784,0.02233767018477017,0.0018551476401312784,720.0,0.00018265230092180825,1.5169307372559681e-5,0.00010699535171959502,8.885983748786607e-6,2.094924e6,32.62078454696773,2.709162189743411,24.09131863208519,2.000788468012891,4.0408228e7,11.76409336698249,0.9770101298622133,7.133267017302656,0.592419145063649,1.5416943e7,0.7837485718478341,0.06509046384394582,NaN,NaN,435029.0,0.409712645782847,0.034026711007409,0.4097126457828472,0.03402671100740902,2.029339e6,0.06717149241321525,0.06717149241321525,0.03494139880425054,1.0,0.3921741968496396,0.03257013957982181,0.3921741968496394,0.032570139579821786,2.029339e6,0.06600666734604768,0.06600666734604768,0.0334456726047034,1.0,0.0,0.0,0.0,0.0,0.0,0.0,0.0,0.0,1.0,0.0,0.0,0.0,0.0,0.0,0.0,0.0,0.0,1.0,39.2269617750992,3.2578064303326935,28.39340385692398,2.3580774415937067,2.37232e7,6.43117461076881,6.43117461076881,3.345381035637578,1.0,6.940441676904753,0.576404964881126,4.2827937768194815,0.3556868152549157,4.2185289e7,1.168142699550781,1.168142699550781,0.5918995740221871,1.0,37.92423809045227,3.149614987387869,26.256840186201305,2.1806354335890488,2.2620002e7,6.232751597918857,6.232751597918857,3.234281248346373,1.0,2.605708245997669,0.2164045517481493,1.519004397131515,0.12615359611714846,4.0295147e7,0.6716371583174323,0.671637074214542,0.22222182285089842,1.0,11.725708180091702,1.0,0,2.553604120599278e6,6633.195638203528,0.026189666836410136,12960.0,1
7.128e6,1.9902789387717997e-7,1.6552697627954303e-8,2.2749505035227626e-5,1.8920246338240675e-6,0.0,0.0,0.0,0.3296388902466621,0.02741531737272245,0.17744078775697336,0.0,0.0,0.0,0.8018872843079425,0.06669114308691729,4.123069e6,-0.00018253853334531623,-1.5181314985827278e-5,0.00018253853334531623,1.5181314985827278e-5,14.374850053111398,1.1955236109927891,0.0,0.0,0.0,0.0,0.0,0.0,0.0,0.0,0.0,0.0,0.3897748070615844,0.032416684910839946,0.3897748070615844,0.032416684910839946,2.030931e6,0.02233767018477017,0.0018577732652370954,0.02233767018477017,0.0018577732652370954,720.0,0.0001826523987332286,1.5190784911372318e-5,0.00010699540900864964,8.898565012160544e-6,2.097084e6,32.62383040963867,2.713249835069103,24.093103791393993,2.003768688945516,4.0533508e7,11.846853974980755,0.9852759222352852,7.181756519886793,0.5972903686788481,1.5458703e7,0.7837485718478341,0.06518258759319406,NaN,NaN,435029.0,0.40971286662057493,0.03407488801362601,0.4097128666205752,0.03407488801362603,2.031473e6,0.06736750885098373,0.06736750885098373,0.03503539447236441,1.0,0.3921744176873675,0.03261625507329127,0.3921744176873674,0.032616255073291266,2.031473e6,0.06599863448465103,0.06599863448465103,0.03353564543622446,1.0,0.0,0.0,0.0,0.0,0.0,0.0,0.0,0.0,1.0,0.0,0.0,0.0,0.0,0.0,0.0,0.0,0.0,1.0,39.312000725351204,3.2694897608584332,28.44322888977381,2.3655587073923328,2.3800949e7,6.463920888448812,6.463920888448812,3.361650475541569,1.0,6.942750136620109,0.5774127509424832,4.2841460386986565,0.35630268999549475,4.2312703e7,1.1683883698664093,1.1683883698664093,0.5936889211360986,1.0,38.00926567763935,3.161144247503305,26.306658621424468,2.1878650136898403,2.2697751e7,6.264403023625803,6.264403023625803,3.250250907678285,1.0,2.6079686085130005,0.21689882236583355,1.5203285067077315,0.12644226684236543,4.0418267e7,0.6716952027620309,0.671695158940314,0.2230127887475228,1.0,11.69425584586332,1.0,0,2.560574394097645e6,6970.2734983670525,0.027594560218277817,12960.0,1
7.1496e6,1.64903377338072e-7,1.3734418839110638e-8,2.263537792798631e-5,1.8852479922662512e-6,0.0,0.0,0.0,0.33808500196698166,0.0281583136451871,0.1747570294336389,0.0,0.0,0.0,0.8023101812586133,0.06682254933868174,4.131281e6,-0.00018253860116354285,-1.5203215623326408e-5,0.00018253860116354285,1.5203215623326408e-5,14.378649158913037,1.1975642529399178,0.0,0.0,0.0,0.0,0.0,0.0,0.0,0.0,0.0,0.0,0.3899858651854022,0.03248101585456511,0.3899858651854022,0.03248101585456511,2.035016e6,0.02233845088780577,0.0018605176295512639,0.02233845088780577,0.0018605176295512639,721.0,0.00018265246655145524,1.5212699206707847e-5,0.00010699544872986257,8.911402121994296e-6,2.099267e6,32.62777788543512,2.7174917488156094,24.095417858269744,2.006851322944118,4.0657761e7,11.937588362182845,0.9942539755203591,7.234917306849193,0.6025794387150842,1.5497932e7,0.7837485718478341,0.06527659605324372,NaN,NaN,435029.0,0.4099245749515695,0.03414166462635217,0.40992457495156964,0.03414166462635218,2.035558e6,0.0676379694241888,0.0676379694241888,0.03513089128169716,1.0,0.392385606307044,0.03268088471232959,0.3923856063070437,0.03268088471232957,2.035558e6,0.06599116949621338,0.06599116949621338,0.033627786470972615,1.0,0.0,0.0,0.0,0.0,0.0,0.0,0.0,0.0,1.0,0.0,0.0,0.0,0.0,0.0,0.0,0.0,0.0,1.0,39.40559860175988,3.282000675419098,28.498093108369204,2.373539906729064,2.387895e7,6.501963620216196,6.501963620216196,3.377093945958664,1.0,6.946155196114441,0.5785291139872529,4.286141046338592,0.35698272093743894,4.244008e7,1.168200100936176,1.168200100936176,0.5952915192979649,1.0,38.10286352645717,3.173498900322483,26.361506276610946,2.1955885578410665,2.2774945e7,6.301006831678331,6.301006831678331,3.26544842115762,1.0,2.611296503550713,0.21748881358168773,1.522278120816305,0.12678700484127906,4.0540014e7,0.6715995445475629,0.6715995119154636,0.22379037309815913,1.0,11.668493453940236,1.0,0,2.567774564036917e6,7200.169939272106,0.028567629763691895,14908.0,1
7.1712e6,1.375616791901341e-7,1.1456930822234397e-8,2.2581606386642653e-5,1.8807265493546433e-6,0.0,0.0,0.0,0.36109558937951725,0.030074125382091116,0.1747570294336389,0.0,0.0,0.0,0.8026339290247497,0.06684798742318833,4.139919e6,-0.0001825386459478126,-1.5202872277517358e-5,0.0001825386459478126,1.5202872277517358e-5,14.381348047374907,1.1977616926405406,0.0,0.0,0.0,0.0,0.0,0.0,0.0,0.0,0.0,0.0,0.3901477390684703,0.032493756133788174,0.3901477390684703,0.032493756133788174,2.039285e6,0.02233845088780577,0.0018604751556116985,0.02233845088780577,0.0018604751556116985,721.0,0.00018265251133572485,1.521235564439713e-5,0.00010699547497875721,8.911200868880131e-6,2.101427e6,32.6308000809949,2.7176814168239054,24.097188731068897,2.006952996848726,4.0778911e7,12.014033401640605,1.0005980618218684,7.279707463236572,0.6062960651790773,1.5538095e7,0.7837485718478341,0.06527510584742585,NaN,NaN,435029.0,0.41008644883463785,0.03415436699446146,0.41008644883463785,0.03415436699446146,2.039827e6,0.06770625100464593,0.06770625100464593,0.03521337855629037,1.0,0.3925474801901123,0.0326936204287269,0.39254748019011193,0.03269362042872687,2.039827e6,0.06597406335116573,0.06597406335116573,0.03370733917332206,1.0,0.0,0.0,0.0,0.0,0.0,0.0,0.0,0.0,1.0,0.0,0.0,0.0,0.0,0.0,0.0,0.0,0.0,1.0,39.484283236610565,3.288479060960753,28.544211551293472,2.377326731134057,2.3956701e7,6.518949356052669,6.518949356052669,3.390443689582167,1.0,6.948427459337109,0.5787051538888792,4.2874722082837255,0.35708543819580074,4.2566972e7,1.1677975697902157,1.1677975697902157,0.5966488460954332,1.0,38.18154822588628,3.179979768240275,26.407608954341224,2.1993781316984964,2.2852652e7,6.3172320915206654,6.3172320915206654,3.2785802002580775,1.0,2.613514714492331,0.21766859392174254,1.5235775470860207,0.1268923341299691,4.0661593e7,0.6711058698395024,0.6711057725239655,0.2244177618289548,1.0,11.64575697214324,1.0,0,2.5753405055969725e6,7565.941560055595,0.030077484277119756,15120.0,1
7.1928e6,1.243350058411188e-7,1.036305687211999e-8,2.2536135607707324e-5,1.8783387140296761e-6,0.0,0.0,0.0,0.3775963222095684,0.03147184604439868,0.1747570294336389,0.0,0.0,0.0,0.8029446665565003,0.06692372102610712,4.148555e6,-0.0001825386807875147,-1.5214208722361127e-5,0.0001825386807875147,1.5214208722361127e-5,14.384222035441427,1.1988941489652785,0.0,0.0,0.0,0.0,0.0,0.0,0.0,0.0,0.0,0.0,0.39030310783434513,0.032530929455386465,0.39030310783434513,0.032530929455386465,2.043567e6,0.02233845088780577,0.001861862115333837,0.02233845088780577,0.001861862115333837,721.0,0.00018265254617542707,1.5223699158966e-5,0.00010699549541255579,8.917845754862047e-6,2.103587e6,32.63377288385938,2.719955189284598,24.098931302230767,2.008594393452299,4.0901111e7,12.0978103886461,1.0083266272240956,7.328793789156657,0.6108392912139406,1.5582665e7,0.7837485718478341,0.06532376757902471,NaN,NaN,435029.0,0.41024181760051315,0.03419277827958268,0.41024181760051315,0.03419277827958268,2.044109e6,0.06786277453038123,0.06786277453038123,0.035303855793902016,1.0,0.3927028489559876,0.03273094274652447,0.3927028489559872,0.03273094274652444,2.044109e6,0.06596983879937988,0.06596983879937988,0.033794518634122125,1.0,0.0,0.0,0.0,0.0,0.0,0.0,0.0,0.0,1.0,0.0,0.0,0.0,0.0,0.0,0.0,0.0,0.0,1.0,39.57031463715856,3.2981011120598045,28.594639015758887,2.3833020182321976,2.4034455e7,6.545776722676007,6.545776722676007,3.4052712857028564,1.0,6.950703298289058,0.5793262572685729,4.288805502279602,0.357462767889992,4.2694374e7,1.167643110686569,1.167643110686569,0.5981511790881093,1.0,38.267579807708636,3.189520949654597,26.45801716584337,2.205219155766395,2.2930373e7,6.343199209389613,6.343199209389613,3.2931628643195943,1.0,2.615753026085567,0.21801742147648714,1.5248888241156369,0.12709622283014746,4.0782896e7,0.6708110483289683,0.6708109812319214,0.22510179036724354,1.0,11.62031195672892,1.0,0,2.5833221507697403e6,7981.645172767807,0.031799543009375486,15120.0,1
7.2144e6,1.1101368354974378e-7,9.259326088864592e-9,2.247509767009751e-5,1.8745820474758405e-6,0.0,0.0,0.0,0.39247372943205705,0.03273508387365475,0.1747570294336389,0.0,0.0,0.0,0.8032797641676994,0.06699921162135102,4.157193e6,-0.00018253870615764323,-1.522501866534051e-5,0.00018253870615764323,1.522501866534051e-5,14.387415355561666,1.2000121615043073,0.0,0.0,0.0,0.0,0.0,0.0,0.0,0.0,0.0,0.0,0.390470656639945,0.03256801344081404,0.390470656639945,0.03256801344081404,2.047857e6,0.02233845088780577,0.0018631847397226355,0.02233845088780577,0.0018631847397226355,721.0,0.0001826525715455555,1.5234515843735123e-5,0.00010699551026858329,8.924182028221324e-6,2.105554e6,32.63704237461261,2.722160082069696,24.10084705271621,2.0101810402404725,4.1024228e7,12.18350355058105,1.0161903350330714,7.379005193196673,0.615461203614759,1.5626734e7,0.7837485718478341,0.06537017209386856,NaN,NaN,435029.0,0.4104093664061128,0.03423104280451812,0.41040936640611264,0.03423104280451811,2.048399e6,0.0680188287557302,0.0680188287557302,0.03538952176783679,1.0,0.3928703977615873,0.03276816881683295,0.3928703977615867,0.0327681688168329,2.048399e6,0.0659659705741154,0.0659659705741154,0.03387713983058673,1.0,0.0,0.0,0.0,0.0,0.0,0.0,0.0,0.0,1.0,0.0,0.0,0.0,0.0,0.0,0.0,0.0,0.0,1.0,39.65847966442497,3.3077975944917974,28.646319863728056,2.389305609747866,2.4112194e7,6.572762606830585,6.572762606830585,3.4197431741230746,1.0,6.953369353654901,0.5799601652976315,4.2903673999262715,0.3578469745952607,4.2821784e7,1.1675243560918727,1.1675243560918727,0.5995877195879566,1.0,38.355744646809846,3.199140283520973,26.509677028625052,2.211094490964568,2.3008118e7,6.369374765497079,6.369374765497079,3.307408580818512,1.0,2.6183680431867558,0.2183904069957727,1.5264207860798324,0.1273142855475208,4.0904155e7,0.6706560579382941,0.6706560206095293,0.22578137938711954,1.0,11.596917559341165,1.0,0,2.5916417679846557e6,8319.617214915343,0.03321291728449348,15120.0,1
7.236e6,8.758079135162007e-8,7.309575127589474e-9,2.238038497701755e-5,1.8678879563567507e-6,0.0,0.0,0.0,0.4056620896689679,0.033856939119737785,0.1747570294336389,0.0,0.0,0.0,0.8036553430781477,0.06707382996042943,4.165831e6,-0.00018253872456943266,-1.5234853446091281e-5,0.00018253872456943266,1.5234853446091281e-5,14.39098181995372,1.2010848628941986,0.0,0.0,0.0,0.0,0.0,0.0,0.0,0.0,0.0,0.0,0.39065844609516964,0.03260472093127739,0.39065844609516964,0.03260472093127739,2.052152e6,0.02233845088780577,0.0018643880978744273,0.02233845088780577,0.0018643880978744273,721.0,0.000182652589957345,1.5244356758341974e-5,0.0001069955210463996,8.929946707883582e-6,2.10577e6,32.64068112278048,2.724221912140121,24.102978663343073,2.0116572437790983,4.1148727e7,12.271051465727675,1.0241534838745685,7.430305845814704,0.620140306598693,1.5668948e7,0.7837485718478341,0.06541239213131096,NaN,NaN,435029.0,0.41059715586133705,0.034268824380604204,0.41059715586133677,0.03426882438060418,2.052694e6,0.06820066536936786,0.06820066536936786,0.03546972054985475,1.0,0.3930581872168115,0.032805005579825304,0.39305818721681085,0.03280500557982525,2.052694e6,0.06593555716564255,0.06593555716564255,0.03395460455922165,1.0,0.0,0.0,0.0,0.0,0.0,0.0,0.0,0.0,1.0,0.0,0.0,0.0,0.0,0.0,0.0,0.0,0.0,1.0,39.74873824277983,3.317467037332421,28.699231328978986,2.39526480939203,2.4189913e7,6.602311674720704,6.602311674720704,3.4337223664473098,1.0,6.956486435153937,0.580594893435776,4.2921935383018415,0.3582305051847541,4.2949197e7,1.166951418223737,1.166951418223737,0.6009409133537537,1.0,38.44600210826615,3.2087394556367674,26.56256501610852,2.21693663154065,2.3085865e7,6.397965565403868,6.397965565403868,3.3211846004599512,1.0,2.621423546447722,0.21878647199089515,1.5282106850885526,0.1275458995179897,4.1025115e7,0.6702259798455493,0.670225973247857,0.22645349415598628,1.0,11.575990718173799,1.0,0,2.6002649228233015e6,8623.15483864583,0.03448690838979599,15120.0,1
7.2576e6,5.411116628669758e-8,4.5178765810983e-9,2.229756372450085e-5,1.8616793515913224e-6,0.0,0.0,0.0,0.41828550446550666,0.03492370271276468,0.1747570294336389,0.0,0.0,0.0,0.8041180724402204,0.06713782860763572,4.174471e6,-0.00018253873783382826,-1.5240615669476561e-5,0.00018253873783382826,1.5240615669476561e-5,14.394970342184688,1.2018720692506788,0.0,0.0,0.0,0.0,0.0,0.0,0.0,0.0,0.0,0.0,0.3908898107762062,0.03263636774226969,0.3908898107762062,0.03263636774226969,2.056463e6,0.02233845088780577,0.001865093123096156,0.02233845088780577,0.001865093123096156,721.0,0.0001826526032217405,1.5250122575439754e-5,0.00010699552882330503,8.93332424941417e-6,2.10577e6,32.64489458327158,2.725603879036009,24.105446274790584,2.01262398642057,4.1274007e7,12.359280296633878,1.031907216997441,7.4820066923085005,0.6246914478927289,1.5707877e7,0.7837485718478341,0.06543712806816808,NaN,NaN,435029.0,0.4108285205423734,0.03430110047844115,0.4108285205423731,0.03430110047844112,2.057005e6,0.06838162902674523,0.06838162902674523,0.03554237170144913,1.0,0.39328955189784787,0.03283672812919465,0.3932895518978472,0.032836728129194595,2.057005e6,0.06588573269905731,0.06588573269905731,0.03402500737143424,1.0,0.0,0.0,0.0,0.0,0.0,0.0,0.0,0.0,1.0,0.0,0.0,0.0,0.0,0.0,0.0,0.0,0.0,1.0,39.8399220494512,3.326334713732564,28.752687595265527,2.4006337849387656,2.4267663e7,6.631279557814996,6.631279557814996,3.4467064656780684,1.0,6.960377779075541,0.5811393455663317,4.294473217234038,0.3585563074633858,4.307663e7,1.166035526811407,1.166035526811407,0.6021693281659444,1.0,38.53718388358532,3.217565846699009,26.615995170728514,2.2222359915022,2.3163618e7,6.425858225981515,6.425858225981515,3.334001524794848,1.0,2.6252398220539597,0.21918783729375987,1.530446246276041,0.12778078406305063,4.1146368e7,0.6696095877167676,0.6696094560217483,0.22711969811079408,1.0,11.558838109996557,1.0,0,2.6091621841171095e6,8897.261293807998,0.0356359558948634,15120.0,1
7.2792e6,3.6187864102842084e-8,3.0215858482360345e-9,2.224615644909718e-5,1.8574920949522877e-6,0.0,0.0,0.0,0.4313009980826204,0.036012431914548185,0.1747570294336389,0.0,0.0,0.0,0.8044847688758978,0.06717223724088045,4.183109e6,-0.00018253874665305722,-1.524147686843731e-5,0.00018253874665305722,1.524147686843731e-5,14.3982913824541,1.202217222778433,0.0,0.0,0.0,0.0,0.0,0.0,0.0,0.0,0.0,0.0,0.3910731589940448,0.032653519408694875,0.3910731589940448,0.032653519408694875,2.060762e6,0.02233845088780577,0.0018651984234905022,0.02233845088780577,0.0018651984234905022,721.0,0.00018265261204149328,1.5250984311190065e-5,0.00010699553399422654,8.933829043422924e-6,2.10577e6,32.64850626867885,2.7260593282635264,24.107561363577247,2.012914220210801,4.1398152e7,12.447121525543574,1.0392999748748035,7.533480536947678,0.6290246396889438,1.5747083e7,0.7837485718478341,0.06544082255146498,NaN,NaN,435029.0,0.41101186876021206,0.034318346133210095,0.41101186876021184,0.034318346133210074,2.061304e6,0.0685097656664948,0.0685097656664948,0.03560040323068562,1.0,0.3934729001156866,0.032853891107670424,0.3934729001156859,0.03285389110767037,2.061304e6,0.06582949898390512,0.06582949898390512,0.03408123942191557,1.0,0.0,0.0,0.0,0.0,0.0,0.0,0.0,0.0,1.0,0.0,0.0,0.0,0.0,0.0,0.0,0.0,0.0,1.0,39.93035641591627,3.334073531349363,28.80570617736836,2.4051962250832535,2.4345416e7,6.6558159726283375,6.6558159726283375,3.4586271044667836,1.0,6.963389745231987,0.5814236466167242,4.296237731391775,0.3587238830382241,4.320405e7,1.1650013457686905,1.1650013457686905,0.6031443411365492,1.0,38.62761571517766,3.2252983117319185,26.66898601252665,2.2267860433334214,2.3241373e7,6.449701760276986,6.449701760276986,3.345788284529012,1.0,2.6281961601502393,0.21944705831020744,1.532177996155824,0.12793259466782092,4.1267327e7,0.6686750394191529,0.6686749344909235,0.2276451124219838,1.0,11.54514644390157,1.0,0,2.6183379569071266e6,9175.772790017072,0.0367950547789297,15120.0,1
7.3008e6,2.6191676185115613e-8,2.187096432478755e-9,2.2206983176152576e-5,1.854360650208407e-6,0.0,0.0,0.0,0.4437733795474517,0.037056627013006424,0.1747570294336389,0.0,0.0,0.0,0.8047922727880996,0.06720296541011746,4.191749e6,-0.0001825387528126972,-1.5242623352706555e-5,0.0001825387528126972,1.5242623352706555e-5,14.401568404035823,1.2025812573410324,0.0,0.0,0.0,0.0,0.0,0.0,0.0,0.0,0.0,0.0,0.3912269109501464,0.032668813373426024,0.3912269109501464,0.032668813373426024,2.065082e6,0.02233845088780577,0.0018653386632653279,0.02233845088780577,0.0018653386632653279,721.0,0.00018265261821730013,1.5252131511651011e-5,0.00010699553761104187,8.934501058517237e-6,2.10577e6,32.65188333186752,2.726546290665542,24.109539114680253,2.013230715504565,4.1521272e7,12.535550778673368,1.0467622687994753,7.585299257607502,0.6333989786810541,1.5792083e7,0.7837485718478341,0.06544574288921749,NaN,NaN,435029.0,0.41116562071631313,0.03433376527225083,0.41116562071631274,0.034333765272250794,2.065624e6,0.06861953688787195,0.06861953688787195,0.03565502005143824,1.0,0.39362665207178765,0.03286920013786673,0.3936266520717868,0.032869200137866664,2.065624e6,0.06578416713974938,0.06578416713974938,0.03413409454795708,1.0,0.0,0.0,0.0,0.0,0.0,0.0,0.0,0.0,1.0,0.0,0.0,0.0,0.0,0.0,0.0,0.0,0.0,1.0,40.02128757908889,3.341917281994118,28.859016657036072,2.409828677223697,2.4423165e7,6.679163045171553,6.679163045171553,3.4705231644387227,1.0,6.966187057973114,0.5817009478427706,4.297876525478456,0.35888769965207273,4.3331484e7,1.1642118523643221,1.1642118523643221,0.6040863504136994,1.0,38.71854419833512,3.233133660039404,26.722268299643446,2.2314027270657606,2.3319124e7,6.472663312765975,6.472663312765975,3.357553258828102,1.0,2.630952262150686,0.21969370214807718,1.5337925308113955,0.1280770328936226,4.1388964e7,0.6679103624332962,0.6679102785829015,0.22814810123943247,1.0,11.531773649913504,1.0,0,2.627790075273568e6,9452.118366441224,0.03794716110506638,15120.0,1
7.3224e6,1.6429030184216786e-8,1.3720929519128546e-9,2.2170549198715865e-5,1.8516037742032688e-6,0.0,0.0,0.0,0.45552127404991216,0.03804348294220659,0.1747570294336389,0.0,0.0,0.0,0.8050900626591129,0.06723819898333878,4.200389e6,-0.0001825387572511233,-1.524497426000303e-5,0.0001825387572511233,1.524497426000303e-5,14.405036833449245,1.2030563757931902,0.0,0.0,0.0,0.0,0.0,0.0,0.0,0.0,0.0,0.0,0.39137580588565307,0.03268628633483264,0.39137580588565307,0.03268628633483264,2.069376e6,0.02233845088780577,0.001865626313673422,0.02233845088780577,0.001865626313673422,721.0,0.0001826526227309203,1.5254483891462942e-5,0.00010699554024312728,8.93587905114083e-6,2.10577e6,32.65541948687743,2.72726207312877,24.111610033462377,2.0137141276889174,4.1644525e7,12.624839296305497,1.0543807408750598,7.637621744627108,0.6378664381082456,1.5837122e7,0.7837485718478341,0.06545583515558223,NaN,NaN,435029.0,0.41131451565181987,0.034351494982795064,0.41131451565181937,0.03435149498279502,2.069918e6,0.06872598912014233,0.06872598912014233,0.035710028856461566,1.0,0.39377554700729434,0.03288670400054383,0.39377554700729345,0.032886704000543755,2.069918e6,0.06575116106308143,0.06575116106308143,0.03418730827993136,1.0,0.0,0.0,0.0,0.0,0.0,0.0,0.0,0.0,1.0,0.0,0.0,0.0,0.0,0.0,0.0,0.0,0.0,1.0,40.11319011804291,3.350107999228251,28.912897761167372,2.41470024661507,2.4500914e7,6.702458976576651,6.702458976576651,3.4825981630383613,1.0,6.969286455970657,0.5820495013324443,4.299692286954133,0.3590946888631014,4.3458894e7,1.163705262411305,1.163705262411305,0.605068411109351,1.0,38.81044296223317,3.2413072866744277,26.77611936093931,2.2362442726544676,2.3396862e7,6.495667017562117,6.495667017562117,3.36949459689527,1.0,2.634000045900192,0.21998212053866784,1.535577779429238,0.1282458808976431,4.1511182e7,0.6674826616727079,0.6674824474283906,0.22868197952595348,1.0,11.51817931329939,1.0,0,2.6375040310871894e6,9713.955813621636,0.03904438056779432,15120.0,1
7.344e6,6.828038855415263e-9,5.703916172809671e-10,2.2117348161469586e-5,1.84760957793636e-6,0.0,0.0,0.0,0.4662443869635278,0.03894850271939845,0.1747570294336389,0.0,0.0,0.0,0.8053695653758919,0.06727789027434972,4.209027e6,-0.00018253876048785267,-1.5248679894162255e-5,0.00018253876048785267,1.5248679894162255e-5,14.408802216027787,1.2036633319043752,0.0,0.0,0.0,0.0,0.0,0.0,0.0,0.0,0.0,0.0,0.3915155572440432,0.03270590525564712,0.3915155572440432,0.03270590525564712,2.073682e6,0.02233845088780577,0.0018660797630554891,0.02233845088780577,0.0018660797630554891,721.0,0.00018265262620556564,1.5258191856858197e-5,0.00010699554228427536,8.938051129714943e-6,2.10577e6,32.65924871923763,2.728244828509308,24.11385268100987,2.0143909138255336,4.1769696e7,12.715275424509947,1.0621917459955748,7.69061683524006,0.6424485078994217,1.5880436e7,0.7837485718478341,0.06547174450880396,NaN,NaN,435029.0,0.4114542670102093,0.03437151864052111,0.41145426701020893,0.03437151864052108,2.074224e6,0.0688507146521267,0.0688507146521267,0.03576449205664735,1.0,0.3939152983656838,0.03290637163382871,0.39391529836568295,0.03290637163382864,2.074224e6,0.06570973541639508,0.06570973541639508,0.03423996708494896,1.0,0.0,0.0,0.0,0.0,0.0,0.0,0.0,0.0,1.0,0.0,0.0,0.0,0.0,0.0,0.0,0.0,0.0,1.0,40.20642394397159,3.358710702165652,28.96756163926852,2.419853589292968,2.4579472e7,6.727943404898836,6.727943404898836,3.494829061366103,1.0,6.972739552765389,0.5824794314441456,4.301715261176401,0.35935096106822023,4.358632e7,1.1631355091832631,1.1631355091832631,0.6060855563852029,1.0,38.90367282442483,3.249883213961841,26.830750569191014,2.241351511625565,2.3474873e7,6.520692585044565,6.520692585044565,3.381591125093437,1.0,2.63739224130532,0.22031896094576714,1.5375648993725086,0.1284430490508969,4.1634302e7,0.6671065903622817,0.6671063957692275,0.22924782029806243,1.0,11.504546642477328,1.0,0,2.6474614357538265e6,9957.40466663707,0.040070327942056644,15120.0,1
7.3656e6,5.907458910509362e-7,4.935257645306944e-8,2.543876361638098e-5,2.1252259986362777e-6,0.0,0.0,0.0,0.4783213282021451,0.039960311661642454,0.16798489933457073,0.0,0.0,0.0,0.8060539790102058,0.06734002085673749,4.219739e6,-0.00018253876291236186,-1.5249802645693373e-5,0.00018253876291236186,1.5249802645693373e-5,14.413006662146872,1.2041031922317176,0.0,0.0,0.0,0.0,0.0,0.0,0.0,0.0,0.0,0.0,0.3918577198467593,0.03273689816624584,0.3918577198467593,0.03273689816624584,2.079015e6,0.02233853931668771,0.0018662245242458562,0.02233853931668771,0.0018662245242458562,722.0,0.00018265262910121215,1.525931534798345e-5,0.00010699554400581833,8.938709258376544e-6,2.105772e6,32.663565346298384,2.7288062945562253,24.11638081861843,2.0147504132526923,4.1893482e7,12.80702310386305,1.0699348001307207,7.744380605749654,0.6469873793738719,1.5921455e7,0.7837485718478341,0.0654765642860292,NaN,NaN,435029.0,0.4117965169111506,0.03440264146029062,0.41179651691115043,0.03440264146029061,2.079557e6,0.06903475710833296,0.06903475710833296,0.03583460337961124,1.0,0.394257462099056,0.032937379396446934,0.3942574620990554,0.03293737939644688,2.079557e6,0.06565624233010804,0.06565624233010804,0.034308351828094885,1.0,0.0,0.0,0.0,0.0,0.0,0.0,0.0,0.0,1.0,0.0,0.0,0.0,0.0,0.0,0.0,0.0,0.0,1.0,40.30144250729192,3.36689607602977,29.02359512357356,2.424712924758358,2.4658769e7,6.756250187532866,6.756250187532866,3.5070384244814026,1.0,6.976986428578268,0.5828771073055968,4.304548705322895,0.35961412900812184,4.3713734e7,1.1618872329004084,1.1618872329004084,0.6071385531096574,1.0,38.998563290844075,3.2580498747900677,26.886355198980084,2.246161878741929,2.3553137e7,6.548113636214752,6.548113636214752,3.3936616520814056,1.0,2.641418356678928,0.22067153300148418,1.5399232021945943,0.12864952379602979,4.1756387e7,0.6662732894616288,0.6662729612098621,0.22985667747072397,1.0,11.491588522658239,1.0,0,2.657644713673718e6,10183.27791989129,0.04102549015893265,16778.0,1
7.3872e6,4.867543081972894e-7,4.0636485047582334e-8,2.5390913678761226e-5,2.119750080636636e-6,0.0,0.0,0.0,0.49523820019173914,0.04134475931320635,0.16798489933457073,0.0,0.0,0.0,0.8070348429824507,0.06737497496671759,4.232699e6,-0.00018253876425201404,-1.5239174341574801e-5,0.00018253876425201404,1.5239174341574801e-5,14.41666027303632,1.2035690075163408,0.0,0.0,0.0,0.0,0.0,0.0,0.0,0.0,0.0,0.0,0.3923481518328819,0.03275502555786573,0.3923481518328819,0.03275502555786573,2.085461e6,0.02233853931668771,0.001864923850986195,0.02233853931668771,0.001864923850986195,722.0,0.00018265263139651515,1.5248680493727962e-5,0.00010699554535950044,8.932479499281542e-6,2.105772e6,32.66733029891569,2.7272187567331594,24.118585453799863,2.013530277301473,4.201272e7,12.898799802961886,1.076851044762335,7.7981599188154345,0.6510262027535229,1.596147e7,0.7837485718478341,0.06543093011115104,NaN,NaN,435029.0,0.4122869488972731,0.03441960790491197,0.41228694889727285,0.03441960790491195,2.086003e6,0.06919831630134697,0.06919831630134697,0.0359040523058668,1.0,0.39474789408517846,0.0329553670618057,0.3947478940851778,0.03295536706180564,2.086003e6,0.06557018892468199,0.06557018892468199,0.03437666187293362,1.0,0.0,0.0,0.0,0.0,0.0,0.0,0.0,0.0,1.0,0.0,0.0,0.0,0.0,0.0,0.0,0.0,0.0,1.0,40.39623202367408,3.3724629673813737,29.079702650634648,2.4277071246212665,2.4736523e7,6.780110911668224,6.780110911668224,3.517910114344439,1.0,6.980690853788245,0.582780131011772,4.307282511734738,0.35959172509856435,4.3841141e7,1.1595380873873062,1.1595380873873062,0.607914197177142,1.0,39.093091106537486,3.2636707789973927,26.941745311436186,2.2492206274632514,2.3628865e7,6.571367415179922,6.571367415179922,3.404425950521331,1.0,2.644812604756169,0.22080110243887072,1.5419114680129453,0.12872585051513818,4.1876161e7,0.6643348087611716,0.6643344983130396,0.23032378384609448,1.0,11.483019949531002,1.0,0,2.6681663532888303e6,10521.63961511245,0.04242028205863998,19440.0,1
7.4088e6,4.4100408493401294e-7,3.680273156206862e-8,2.534471284506411e-5,2.1150703479179207e-6,0.0,0.0,0.0,0.5057398157017587,0.04220506637780208,0.16798489933457073,0.0,0.0,0.0,0.8079830457981214,0.06742790862279706,4.245653e6,-0.000182538765436584,-1.5233249336089955e-5,0.000182538765436584,1.5233249336089955e-5,14.42003212678545,1.2033824393211643,0.0,0.0,0.0,0.0,0.0,0.0,0.0,0.0,0.0,0.0,0.39282225324071757,0.032781854934038186,0.39282225324071757,0.032781854934038186,2.091927e6,0.02233853931668771,0.0018641987547208015,0.02233853931668771,0.0018641987547208015,722.0,0.00018265263364710416,1.5242751881142012e-5,0.00010699554667292481,8.929006594416547e-6,2.105772e6,32.67090435306547,2.7264566562366386,24.120678436619023,2.0129220656327793,4.2131315e7,12.990807196568623,1.08411057031692,7.8520730228931,0.6552722424567449,1.600217e7,0.7847391168269455,0.06548815317018719,NaN,NaN,436199.0,0.41276105030510857,0.03444579007908598,0.41276105030510823,0.03444579007908595,2.092469e6,0.06935274781030483,0.06935274781030483,0.03596363779960556,1.0,0.39522199549301396,0.03298211854371118,0.39522199549301323,0.032982118543711116,2.092469e6,0.06552822856711896,0.06552822856711896,0.034435469833797396,1.0,0.0,0.0,0.0,0.0,0.0,0.0,0.0,0.0,1.0,0.0,0.0,0.0,0.0,0.0,0.0,0.0,0.0,1.0,40.49115829830087,3.379073528791846,29.135844818940456,2.4314483977308226,2.4815381e7,6.8033868213423245,6.8033868213423245,3.527971813353443,1.0,6.984101567944958,0.5828381731333863,4.309800114121558,0.3596620124503414,4.3968568e7,1.1579714922226811,1.1579714922226811,0.6085208353830015,1.0,39.18774841243949,3.270301193606152,26.997210066559948,2.2529747658755808,2.3705252e7,6.594282237817433,6.594282237817433,3.4144064442254836,1.0,2.6479247209113135,0.2209749660592056,1.543734492900027,0.12882793626232916,4.1994961e7,0.6629648361731101,0.6629645404265037,0.23071218932378396,1.0,11.477177381361448,1.0,0,2.678990681719025e6,10824.328430194873,0.04366285364087323,19440.0,1
7.4304e6,3.9792265547449314e-7,3.3208177514695986e-8,2.531564997734651e-5,2.1126884503350934e-6,0.0,0.0,0.0,0.5115517940970871,0.04269096658012775,0.16798489933457073,0.0,0.0,0.0,0.8089471542541885,0.06750975429244743,4.258613e6,-0.0001825387662664285,-1.5233562779331917e-5,0.0001825387662664285,1.5233562779331917e-5,14.423628474724659,1.2037073240364493,0.0,0.0,0.0,0.0,0.0,0.0,0.0,0.0,0.0,0.0,0.39330430746875095,0.03282275859398525,0.39330430746875095,0.03282275859398525,2.098407e6,0.02233853931668771,0.0018642371044770326,0.02233853931668771,0.0018642371044770326,722.0,0.00018265263576588178,1.5243065627434005e-5,0.00010699554792263595,8.929190383644319e-6,2.105772e6,32.67453308701812,2.726815575930578,24.122803667126455,2.0131408335493566,4.2248249e7,13.083894421821512,1.0919013596380673,7.906618169702127,0.6598377250154315,1.604753e7,0.7890133386550722,0.06584620063986305,NaN,NaN,438359.0,0.413243104533142,0.03448672796902436,0.4132431045331418,0.03448672796902434,2.098949e6,0.06950335094723402,0.06950335094723402,0.03602465532558974,1.0,0.39570404972104734,0.033023026323423146,0.3957040497210467,0.03302302632342309,2.098949e6,0.06554605553762166,0.06554605553762166,0.03449568025640824,1.0,0.0,0.0,0.0,0.0,0.0,0.0,0.0,0.0,1.0,0.0,0.0,0.0,0.0,0.0,0.0,0.0,0.0,1.0,40.58729011340995,3.387165612170023,29.192668744208767,2.4362405921055745,2.4895298e7,6.826375655890209,6.826375655890209,3.538215449685854,1.0,6.987665436519328,0.5831475816639289,4.312383111667972,0.35988497240219736,4.4096008e7,1.1574658058296179,1.1574658058296179,0.6091529081060729,1.0,39.283586358306,3.278366514831765,27.05336625908878,2.2577075638747943,2.3783148e7,6.61701887461511,6.61701887461511,3.4245644827148367,1.0,2.6511576731646156,0.22124931420383095,1.5456283306088698,0.1289886345209431,4.2113761e7,0.6625363082984174,0.6625360247846515,0.23111587426835847,1.0,11.471118898939169,1.0,0,2.6899804870009567e6,10989.805281931534,0.044353762353379164,19440.0,1
7.452e6,3.448736998000988e-7,2.8781499459696167e-8,2.5293835583462133e-5,2.1109018043446943e-6,0.0,0.0,0.0,0.5176888372828391,0.04320381925088305,0.16798489933457073,0.0,0.0,0.0,0.8099934931713608,0.0675981592669487,4.271567e6,-0.0001825387669189588,-1.5233807114015577e-5,0.0001825387669189588,1.5233807114015577e-5,14.427395433082383,1.2040409984953122,0.0,0.0,0.0,0.0,0.0,0.0,0.0,0.0,0.0,0.0,0.39382747692733683,0.03286694613410008,0.39382747692733683,0.03286694613410008,2.10485e6,0.02233853931668771,0.0018642669987485798,0.02233853931668771,0.0018642669987485798,722.0,0.00018265263785813298,1.524331023465428e-5,0.00010699554914292814,8.929333670941175e-6,2.105772e6,32.678314289520614,2.727174863182622,24.125018159866563,2.0133579264984034,4.2364886e7,13.178153004539377,1.0997852367396872,7.961849027990006,0.6644576076114319,1.6092137e7,0.7922219078909949,0.06611502827597641,NaN,NaN,442168.0,0.4137662739917282,0.034530942191985645,0.4137662739917279,0.03453094219198562,2.105392e6,0.06965626549645579,0.06965626549645579,0.03609017561603338,1.0,0.39622721917963355,0.033067217074963136,0.3962272191796329,0.03306721707496308,2.105392e6,0.06557460899001093,0.06557460899001093,0.03456035646910023,1.0,0.0,0.0,0.0,0.0,0.0,0.0,0.0,0.0,1.0,0.0,0.0,0.0,0.0,0.0,0.0,0.0,0.0,1.0,40.684770125964214,3.3953551403804854,29.250271637443593,2.4410869191156794,2.4975214e7,6.849154529238144,6.849154529238144,3.5486712935268154,1.0,6.991508540090526,0.5834776597511335,4.315117846078786,0.3601189711695327,4.4223411e7,1.1570770925732603,1.1570770925732603,0.6098244030346188,1.0,39.380712212838134,3.286524742052616,27.110276265487766,2.262493202988877,2.3861216e7,6.639560306261771,6.639560306261771,3.434926694083848,1.0,2.654601493831646,0.2215402667837829,1.5476456863403283,0.12915906174064393,4.2232561e7,0.6622746574521455,0.6622743851505586,0.23154384522138197,1.0,11.464789708806762,1.0,0,2.701092764188696e6,11112.277187739499,0.04487280536990381,19440.0,1
7.4736e6,2.4663586249752774e-7,2.0578417795947412e-8,2.527236180738363e-5,2.108635843531871e-6,0.0,0.0,0.0,0.5265558896314463,0.04393394772368634,0.16798489933457073,0.0,0.0,0.0,0.81113833295775,0.06767849304997241,4.284521e6,-0.00018253876726534907,-1.5230384497636534e-5,0.00018253876726534907,1.5230384497636534e-5,14.431273296063207,1.2040940364739723,0.0,0.0,0.0,0.0,0.0,0.0,0.0,0.0,0.0,0.0,0.39439989682053145,0.032907322452073666,0.39439989682053145,0.032907322452073666,2.11128e6,0.02233853931668771,0.0018638481458251239,0.02233853931668771,0.0018638481458251239,722.0,0.00018265263993018287,1.5239885627150946e-5,0.00010699555035885464,8.927327580407788e-6,2.105772e6,32.68220322552487,2.72688661598697,24.127295732621626,2.0130956092293504,4.2481526e7,13.273375506585591,1.1074831696049532,8.017644201954733,0.6689636716101404,1.6135337e7,0.792926492352482,0.06615896194442542,NaN,NaN,445126.0,0.4143386938849228,0.034570944652773564,0.41433869388492245,0.034570944652773536,2.111822e6,0.06982070368236112,0.06982070368236112,0.036159577646819506,1.0,0.39679963907282817,0.03310754839719892,0.39679963907282745,0.03310754839719886,2.111822e6,0.06557726434000022,0.06557726434000022,0.0346289341812447,1.0,0.0,0.0,0.0,0.0,0.0,0.0,0.0,0.0,1.0,0.0,0.0,0.0,0.0,0.0,0.0,0.0,0.0,1.0,40.783366671649105,3.4028188358168117,29.308499266677142,2.4453967755315644,2.5055129e7,6.872453385541534,6.872453385541534,3.559188016052848,1.0,6.995515164701754,0.5836808657887763,4.3179159615484926,0.36027152647123883,4.4350803e7,1.1561168458268916,1.1561168458268916,0.6105026576344602,1.0,39.47887085293149,3.2939763516022276,27.167790889420314,2.2667836942043618,2.3939028e7,6.662514939539109,6.662514939539109,3.4453439108726265,1.0,2.658124165478654,0.2217844115483088,1.5497092258993743,0.12930221740608078,4.2351361e7,0.6615665387232261,0.6615662770620458,0.23197603452215315,1.0,11.458615416692147,1.0,0,2.712364949681897e6,11272.185493201017,0.0455430626234157,19440.0,1
7.4952e6,1.1800021400493426e-7,9.840663928821044e-9,2.524915106881528e-5,2.10566067402093e-6,0.0,0.0,0.0,0.5383507327570486,0.04489592397413057,0.16798489933457073,0.0,0.0,0.0,0.8123825221618963,0.06774888884446384,4.297481e6,-0.00018253876727106544,-1.5222876312925327e-5,0.00018253876727106544,1.5222876312925327e-5,14.435252142298488,1.2038322663907493,0.0,0.0,0.0,0.0,0.0,0.0,0.0,0.0,0.0,0.0,0.3950219914226048,0.03294297976375648,0.3950219914226048,0.03294297976375648,2.117711e6,0.02233853931668771,0.0018629293169509613,0.02233853931668771,0.0018629293169509613,722.0,0.0001826526419803834,1.523237292912929e-5,0.00010699555155127654,8.922926738513639e-6,2.105772e6,32.68618929656615,2.725874751107526,24.12963029712197,2.0122978969406478,4.2598166e7,13.369626091680503,1.1149640560543685,8.07404122114771,0.6733371365024818,1.6176924e7,0.7937477367948453,0.06619483522066963,NaN,NaN,447286.0,0.4149607884869961,0.034605781841788585,0.4149607884869957,0.03460578184178856,2.118253e6,0.07000634289036471,0.07000634289036471,0.03623247215715083,1.0,0.3974217336749014,0.033143107002675344,0.3974217336749007,0.03314310700267529,2.118253e6,0.0655418453326917,0.0655418453326917,0.03470104236240077,1.0,0.0,0.0,0.0,0.0,0.0,0.0,0.0,0.0,1.0,0.0,0.0,0.0,0.0,0.0,0.0,0.0,0.0,1.0,40.88313036801626,3.409461158206058,29.367377132504505,2.449101395865575,2.5135048e7,6.897226249762921,6.897226249762921,3.569727366668374,1.0,6.999689484564726,0.5837412449169265,4.320777355193366,0.36033254873537923,4.4478194e7,1.1543721107852003,1.1543721107852003,0.6111807703154599,1.0,39.57811260402971,3.300628802732566,27.225939686167756,2.270515565223679,2.4016942e7,6.686834779652711,6.686834779652711,3.4557792031066223,1.0,2.6617268829531864,0.22197552730163195,1.5518196655921968,0.12941447552450797,4.2470161e7,0.6602229397521058,0.660222688309705,0.2324097790737725,1.0,11.452731866795888,1.0,0,2.723861546471097e6,11496.596789199859,0.04647361498918528,19440.0,1
7.5168e6,1.1846997645515947e-8,9.871695053831128e-10,2.5217362301325957e-5,2.101275936311926e-6,0.0,0.0,0.0,0.5518982073510029,0.04598777653836437,0.16798489933457073,0.0,0.0,0.0,0.8137844934155045,0.0678098586570998,4.310441e6,-0.00018253876727335544,-1.521032670000448e-5,0.00018253876727335544,1.521032670000448e-5,14.439331440153554,1.2031797508826496,0.0,0.0,0.0,0.0,0.0,0.0,0.0,0.0,0.0,0.0,0.3957229770494085,0.03297423256182175,0.3957229770494085,0.03297423256182175,2.124167e6,0.02233853931668771,0.0018613935334563362,0.02233853931668771,0.0018613935334563362,722.0,0.0001826526440002884,1.5219815655397632e-5,0.00010699555273627388,8.915570850378124e-6,2.105772e6,32.6903040284023,2.7239704289766538,24.132040269874516,2.0108397899542165,4.2715346e7,13.466742716515302,1.1221372827414862,8.130944639115306,0.6775236087542383,1.6217903e7,0.7950762537841448,0.06625096549141507,NaN,NaN,449446.0,0.4156617741138,0.03463566383959697,0.41566177411379973,0.034635663839596945,2.124709e6,0.07022600874110624,0.07022600874110624,0.036305262121193144,1.0,0.3981227193017054,0.03317419481750292,0.39812271930170473,0.03317419481750286,2.124709e6,0.06545824849190171,0.06545824849190171,0.03477334357114448,1.0,0.0,0.0,0.0,0.0,0.0,0.0,0.0,0.0,1.0,0.0,0.0,0.0,0.0,0.0,0.0,0.0,0.0,1.0,40.98387026613242,3.4150447353736793,29.42681426543636,2.452035068514308,2.521495e7,6.924220149158587,6.924220149158587,3.579665596927239,1.0,7.004234647881691,0.5836387462737191,4.323846045313729,0.3602911969447928,4.4605609e7,1.1516171015831385,1.1516171015831385,0.6117728179162993,1.0,39.67823344437744,3.3062505164409455,27.28460258453561,2.2735319482523453,2.409405e7,6.713588633932447,6.713588633932447,3.465626996312696,1.0,2.66559157374342,0.2221145638871346,1.5540835736850478,0.1294964309661493,4.2590369e7,0.6579822487960905,0.6579820078401385,0.23282150734001222,1.0,11.449077897475311,1.0,0,2.7356373701696773e6,11775.823698580265,0.0476175485890125,19440.0,1
7.5384e6,3.401844308580743e-7,2.8315115208240813e-8,2.7170037725327998e-5,2.261487236392293e-6,0.0,0.0,0.0,0.5664777403105505,0.04715054842262618,0.1570727592014105,0.0,0.0,0.0,0.816275893107568,0.0679423978832624,4.326509e6,-0.00018253876737420462,-1.5193541383224641e-5,0.00018253876737420462,1.5193541383224641e-5,14.443235869483674,1.2021769679249261,0.0,0.0,0.0,0.0,0.0,0.0,0.0,0.0,0.0,0.0,0.3969679098838194,0.03304146540152608,0.3969679098838194,0.03304146540152608,2.132177e6,0.022340073339929455,0.0018594670802102576,0.022340073339929455,0.0018594670802102576,723.0,0.0001826526460384846,1.520302002835462e-5,0.00010699555392868398,8.905732189502178e-6,2.105772e6,32.69422313568593,2.7212906022648062,24.13433607801351,2.0088118224565585,4.2828666e7,13.568338001209348,1.1293551933565094,8.190470324158952,0.6817305255659784,1.6254532e7,0.7966817533691051,0.06631148748944601,NaN,NaN,451633.0,0.41690824097145235,0.034701190893996814,0.4169082409714524,0.03470119089399682,2.132719e6,0.07054648414246117,0.07054648414246117,0.03641833537979319,1.0,0.39936765213611597,0.033241206989265616,0.3993676521361156,0.03324120698926558,2.132719e6,0.06542114075852096,0.06542114075852096,0.034886106020460196,1.0,0.0,0.0,0.0,0.0,0.0,0.0,0.0,0.0,1.0,0.0,0.0,0.0,0.0,0.0,0.0,0.0,0.0,1.0,41.08948991395274,3.420067278877957,29.489420995609866,2.4545401763650117,2.5294807e7,6.952894579109493,6.952894579109493,3.5893049769995478,1.0,7.008776194397558,0.5833726867292702,4.327228417564075,0.36017512872838814,4.4733025e7,1.1481203635450574,1.1481203635450574,0.6122401453488153,1.0,39.78283708618736,3.311308552730416,27.345893509996678,2.276124522379689,2.416348e7,6.741409870364445,6.741409870364445,3.4751644630206617,1.0,2.6690741977086123,0.22215932462527185,1.5561255455588903,0.12952348815566248,4.2706995e7,0.6551047063011223,0.6551044746568181,0.23315259746175335,1.0,11.44775664850335,1.0,0,2.747720263954709e6,12082.893785031512,0.04886487789392601,24295.0,1
7.56e6,3.401835520821229e-7,2.828185154020404e-8,2.8883469416074616e-5,2.401285979265234e-6,0.0,0.0,0.0,0.5775485896472663,0.04801567674181679,0.1612641622772928,0.0,0.0,0.0,0.8190964045744155,0.06809724564724452,4.343789e6,-0.00018253876738529365,-1.517573171285024e-5,0.00018253876738529365,1.517573171285024e-5,14.446981622385378,1.2010792025292372,0.0,0.0,0.0,0.0,0.0,0.0,0.0,0.0,0.0,0.0,0.39837816561724404,0.03311997910506209,0.39837816561724404,0.03311997910506209,2.140797e6,0.022340073339929455,0.0018572874371205026,0.022340073339929455,0.0018572874371205026,723.0,0.00018265264804128703,1.5185199412821015e-5,0.00010699555509507558,8.895293103207241e-6,2.105772e6,32.69807763295824,2.7184211923395596,24.136593608062494,2.006644803757795,4.2941095e7,13.67083025818015,1.1365522801638666,8.250520806968325,0.6859238289560589,1.628692e7,0.7997609106379105,0.06648975003018208,NaN,NaN,455845.0,0.41831849670487614,0.03477775908893029,0.4183184967048761,0.034777759088930285,2.141339e6,0.0708406892937712,0.0708406892937712,0.036531861123408824,1.0,0.4007779078695398,0.03331948655831427,0.4007779078695394,0.03331948655831424,2.141339e6,0.06545126473631879,0.06545126473631879,0.035000037021909916,1.0,0.0,0.0,0.0,0.0,0.0,0.0,0.0,0.0,1.0,0.0,0.0,0.0,0.0,0.0,0.0,0.0,0.0,1.0,41.19609439013746,3.4249211005264466,29.552717392210713,2.456925271020568,2.5374696e7,6.976406125468323,6.976406125468323,3.5976654413852036,1.0,7.013229251929858,0.5830590788605029,4.330674315607509,0.3600394178770255,4.4860445e7,1.1453343994549139,1.1453343994549139,0.6124671012070585,1.0,39.888333308910184,3.3161977230352333,27.407703366017763,2.2785951669660385,2.4228761e7,6.763915151668621,6.763915151668621,3.483458332260648,1.0,2.672387077443222,0.22217433535400138,1.5580661767926152,0.12953300073492213,4.2818688e7,0.6528418484670709,0.6528416247057949,0.23338024579397038,1.0,11.450785255417133,1.0,0,2.760082049512111e6,12361.785557402298,0.04997953189682142,25811.0,1
7.5816e6,3.4017919728002313e-7,2.823872912389917e-8,2.8863355289958977e-5,2.3959856397952586e-6,0.0,0.0,0.0,0.5904329989683837,0.049012631157321934,0.1612641622772928,0.0,0.0,0.0,0.8215600681524693,0.06819879760158433,4.361067e6,-0.0001825387673897526,-1.5152786672862102e-5,0.0001825387673897526,1.5152786672862102e-5,14.450492779907346,1.1995546893561548,0.0,0.0,0.0,0.0,0.0,0.0,0.0,0.0,0.0,0.0,0.39960999740626973,0.03317215915078055,0.39960999740626973,0.03317215915078055,2.149419e6,0.022340073339929455,0.001854479300023194,0.022340073339929455,0.001854479300023194,723.0,0.0001826526500977883,1.5162240228428785e-5,0.0001069955562888624,8.881843909505642e-6,2.105772e6,32.701618717718624,2.7146050089668914,24.1386673897786,2.00378299226437,4.305557e7,13.772290751884608,1.143256233972217,8.309967240735253,0.6898214700249076,1.6324471e7,0.7997931841513612,0.06639189951347857,NaN,NaN,456510.0,0.419550328493903,0.034827432644065404,0.419550328493903,0.034827432644065404,2.149961e6,0.07106168802894901,0.07106168802894901,0.036622392457693,1.0,0.4020097396585666,0.03337136495751895,0.40200973965856623,0.03337136495751891,2.149961e6,0.06544675718340037,0.06544675718340037,0.035091280968464235,1.0,0.0,0.0,0.0,0.0,0.0,0.0,0.0,0.0,1.0,0.0,0.0,0.0,0.0,0.0,0.0,0.0,0.0,1.0,41.30117680503623,3.428465801615834,29.61501130277454,2.4583816084787182,2.5454615e7,6.995421388141281,6.995421388141281,3.6051643943369824,1.0,7.017353768974887,0.5825199007849258,4.3338167363327145,0.35975591061548745,4.4987866e7,1.1424177149990904,1.1424177149990904,0.6125422059956845,1.0,39.99243056844894,3.319825030038938,27.46869385657051,2.2802129330809593,2.4298286e7,6.7821868863035455,6.7821868863035455,3.4909244210878017,1.0,2.675493844581878,0.2220963143951896,1.5598860808123678,0.1294882251836859,4.2931539e7,0.6504593853087214,0.6504591681049952,0.23354286468123533,1.0,11.456114697546777,1.0,0,2.7726965414794073e6,12614.491967296228,0.05097751490479184,23760.0,1
7.6032e6,3.315867897057882e-7,2.7485681548358833e-8,2.8843588880463772e-5,2.390884448031351e-6,0.0,0.0,0.0,0.6022717035960627,0.04992312349149046,0.1612641622772928,0.0,0.0,0.0,0.8240891497160057,0.06830987433681995,4.378347e6,-0.00018253876738132512,-1.5130887557145261e-5,0.00018253876738132512,1.5130887557145261e-5,14.454062542818471,1.1981169710785835,0.0,0.0,0.0,0.0,0.0,0.0,0.0,0.0,0.0,0.0,0.40087453818803803,0.0332290375839707,0.40087453818803803,0.0332290375839707,2.158016e6,0.022340073339929455,0.0018517991688785408,0.022340073339929455,0.0018517991688785408,723.0,0.00018265265206474657,1.514032761398388e-5,0.00010699555744171338,8.869007783878953e-6,2.105772e6,32.70519821450583,2.7109785160544635,24.140763730399346,2.0010608529268104,4.317005e7,13.872853445346296,1.1499397557549467,8.368887988708249,0.6937085472422391,1.6361191e7,0.8002456605000988,0.06633345497411969,NaN,NaN,458416.0,0.420814869275671,0.0348819188423882,0.4208148692756712,0.034881918842388206,2.158558e6,0.07127190859805572,0.07127190859805572,0.036714838246119305,1.0,0.4032742804403346,0.033427955494431755,0.4032742804403344,0.03342795549443174,2.158558e6,0.06547028939941937,0.06547028939941937,0.035184474352515566,1.0,0.0,0.0,0.0,0.0,0.0,0.0,0.0,0.0,1.0,0.0,0.0,0.0,0.0,0.0,0.0,0.0,0.0,1.0,41.40539299881409,3.4321495357514973,29.676818259588078,2.45995196845841,2.553453e7,7.0126832503745495,7.0126832503745495,3.612496652233548,1.0,7.021635579279613,0.5820329562946295,4.337071484672832,0.35950577459963395,4.5115258e7,1.1399400748561026,1.1399400748561026,0.6126166952232064,1.0,40.09563344504363,3.3235817787796433,27.52916071793813,2.2819297037080624,2.4367919e7,6.7987542786546085,6.7987542786546085,3.4982240500302026,1.0,2.6787272555806987,0.22204335814200585,1.5617801793195492,0.1294580905813648,4.3042424e7,0.6484805577905943,0.648480346423441,0.23371093816955668,1.0,11.461711105867407,1.0,0,2.785580213514038e6,12883.672034630552,0.05203989983609196,23760.0,1
7.6248e6,3.121560751561643e-7,2.5841065384432458e-8,2.873710974173667e-5,2.3789302560404258e-6,0.0,0.0,0.0,0.6131160770318694,0.0507552916498617,0.1612641622772928,0.0,0.0,0.0,0.8267400542855412,0.06843962203213276,4.395625e6,-0.00018253876735712255,-1.5111018486855679e-5,0.00018253876735712255,1.5111018486855679e-5,14.457745168706431,1.196848525306132,0.0,0.0,0.0,0.0,0.0,0.0,0.0,0.0,0.0,0.0,0.4021999904728054,0.03329512727319616,0.4021999904728054,0.03329512727319616,2.16662e6,0.022340073339929455,0.001849367485740357,0.022340073339929455,0.001849367485740357,723.0,0.00018265265402302034,1.5120446311633419e-5,0.00010699555859435357,8.857361574966501e-6,2.105772e6,32.70888990027505,2.7077242118141065,24.142925816594612,1.998612150303376,4.328453e7,13.973402053324262,1.156753383454964,8.427800391106711,0.6976745233761096,1.6397911e7,0.8009692190197484,0.06630624744129184,NaN,NaN,460576.0,0.4221403215604386,0.03494583805678408,0.42214032156043896,0.034945838056784105,2.167162e6,0.07149864244902382,0.07149864244902382,0.03681436172293516,1.0,0.4045997327251022,0.03349378397534865,0.4045997327251022,0.03349378397534865,2.167162e6,0.06551478339768081,0.06551478339768081,0.03528466756855929,1.0,0.0,0.0,0.0,0.0,0.0,0.0,0.0,0.0,1.0,0.0,0.0,0.0,0.0,0.0,0.0,0.0,0.0,1.0,41.50970558865974,3.4362778801228644,29.738719330576266,2.461846018169771,2.561445e7,7.030571225883028,7.030571225883028,3.6200126794442546,1.0,7.026106185496103,0.5816387499315493,4.340474535445763,0.3593154040452547,4.5242667e7,1.137701752226896,1.137701752226896,0.6127384696644588,1.0,40.19887962341962,3.327764408269287,27.58965287779759,2.283940889480663,2.4437405e7,6.815986570038938,6.815986570038938,3.5056970863216104,1.0,2.6820958296270003,0.22203064177441262,1.563753450064127,0.12945144549252566,4.3148977e7,0.6467234344776749,0.6467232284841965,0.2339024277104681,1.0,11.46672933616142,1.0,0,2.798707523324183e6,13127.309810145292,0.05300079968114181,23760.0,1
7.6464e6,2.9023705628463965e-7,2.3996364928122242e-8,2.8011265556639344e-5,2.315929464694038e-6,0.0,0.0,0.0,0.6237748353981524,0.051572768738785,0.1612641622772928,0.0,0.0,0.0,0.8294332374680564,0.06857629726742344,4.412905e6,-0.000182538767207455,-1.5092031760216907e-5,0.000182538767207455,1.5092031760216907e-5,14.461488562242184,1.1956542055163992,0.0,0.0,0.0,0.0,0.0,0.0,0.0,0.0,0.0,0.0,0.403546582064063,0.033364626738802056,0.403546582064063,0.033364626738802056,2.17526e6,0.022340073339929455,0.0018470437898192435,0.022340073339929455,0.0018470437898192435,723.0,0.0001826526560901196,1.5101447922386756e-5,0.0001069955598088704,8.846232564956816e-6,2.105772e6,32.71264042163264,2.7046320940841335,24.145122406553423,1.9962825419977244,4.3399008e7,14.074396409020908,1.1636500062993265,8.486973632144302,0.7016902631914682,1.6433334e7,0.8010662825636476,0.06623095994041374,NaN,NaN,461493.0,0.42348691315169645,0.03501326343492802,0.42348691315169656,0.03501326343492803,2.175802e6,0.07174448086930661,0.07174448086930661,0.03691718487286316,1.0,0.40594632431636,0.03356303383249542,0.4059463243163598,0.033563033832495405,2.175802e6,0.06555599915541982,0.06555599915541982,0.035388095919455444,1.0,0.0,0.0,0.0,0.0,0.0,0.0,0.0,0.0,1.0,0.0,0.0,0.0,0.0,0.0,0.0,0.0,0.0,1.0,41.61452064300601,3.440626212385195,29.80092767050574,2.46389604667403,2.569437e7,7.050069523843915,7.050069523843915,3.6277176561135467,1.0,7.030632408761186,0.5812821529951728,4.343923336801273,0.3591490726375124,4.5370107e7,1.1353721037553457,1.1353721037553457,0.6128906191592434,1.0,40.302604114205494,3.33215891953387,27.650424991481835,2.2860957074432147,2.4506896e7,6.835311867416935,6.835311867416935,3.513352221132219,1.0,2.685494924801746,0.22203269648987753,1.5657446017122794,0.12945341758868203,4.3254817e7,0.6448396649145292,0.6448394639588154,0.23410620147907318,1.0,11.47126777434729,1.0,0,2.8120656785815093e6,13358.155257326085,0.053911487895703415,23760.0,1
7.668e6,4.256007417898757e-7,3.514345293722112e-8,2.6712328803033982e-5,2.205737391774754e-6,0.0,0.0,0.0,0.6347538377360095,0.05241401020444978,0.1570727592014105,0.0,0.0,0.0,0.8322290405818275,0.0687202799451791,4.430189e6,-0.00018253876725021304,-1.5072912112647132e-5,0.00018253876725021304,1.5072912112647132e-5,14.465350462823423,1.194458358020507,0.0,0.0,0.0,0.0,0.0,0.0,0.0,0.0,0.0,0.0,0.4049436979085853,0.033437723181179824,0.4049436979085853,0.033437723181179824,2.183901e6,0.022341644764656474,0.001844833582819416,0.022341644764656474,0.001844833582819416,724.0,0.0001826526580721145,1.5082316505888183e-5,0.0001069955609851787,8.835025630267002e-6,2.105772e6,32.7165086349196,2.701525088152082,24.147387995113284,1.9939405885294659,4.3513488e7,14.176345738682494,1.1705941516782734,8.546705783655138,0.705733620700435,1.6467893e7,0.8010662825636476,0.06614705388546839,NaN,NaN,461493.0,0.4248854944345382,0.03508439227472072,0.42488549443453827,0.03508439227472072,2.184444e6,0.07202122130737393,0.07202122130737393,0.03702502216425812,1.0,0.4073435461472895,0.0336358876704584,0.4073435461472892,0.03363588767045837,2.184444e6,0.06558460811234472,0.06558460811234472,0.035496396139959425,1.0,0.0,0.0,0.0,0.0,0.0,0.0,0.0,0.0,1.0,0.0,0.0,0.0,0.0,0.0,0.0,0.0,0.0,1.0,41.72039154660216,3.4450095426862086,29.863785763149394,2.465965038220385,2.577429e7,7.071913708438137,7.071913708438137,3.635564033011399,1.0,7.035310799032407,0.5809320560032926,4.347493015375099,0.3589888390189052,4.5497547e7,1.1327247137389254,1.1327247137389254,0.6130652650622596,1.0,40.4073354326124,3.3365855640252127,27.71178653459033,2.2882663732891557,2.4576235e7,6.8577881074002836,6.8577864709190886,3.521142777496225,1.0,2.688995545713191,0.22204046922414636,1.5677952073832557,0.1294587430796272,4.3360654e7,0.6425937864450106,0.6425935117427081,0.2343222373644987,1.0,11.475631062408892,1.0,0,2.8256572399940398e6,13591.561412530486,0.05483262322235488,23762.0,1
7.6896e6,3.919472497551372e-7,3.230478519216366e-8,2.6693797717854446e-5,2.200136374925677e-6,0.0,0.0,0.0,0.652242346664712,0.05375863439633716,0.1570727592014105,0.0,0.0,0.0,0.8352556161136029,0.06884281820054944,4.451787e6,-0.00018253876727301522,-1.5045074738197782e-5,0.00018253876727301522,1.5045074738197782e-5,14.469094863952831,1.1925609933404266,0.0,0.0,0.0,0.0,0.0,0.0,0.0,0.0,0.0,0.0,0.40645698567447275,0.03350069587239421,0.40645698567447275,0.03350069587239421,2.194626e6,0.022341644764656474,0.001841426455760953,0.022341644764656474,0.001841426455760953,724.0,0.00018265266012380902,1.505446193017863e-5,0.00010699556218672172,8.818708780623434e-6,2.105772e6,32.72025305582169,2.6968444020513305,24.149580995821527,1.990438833384229,4.3625856e7,14.27958867452964,1.1769416549071905,8.607195110779127,0.7094158444394509,1.6500293e7,0.8010662825636476,0.0660248903368266,NaN,NaN,461493.0,0.42639878220042593,0.03514432381855078,0.426398782200426,0.03514432381855078,2.195169e6,0.07231386790318566,0.07231386790318566,0.03714097173941466,1.0,0.4088568339131772,0.03369849438199868,0.4088568339131769,0.03369849438199866,2.195169e6,0.06556061565254066,0.06556061565254066,0.0356130006644768,1.0,0.0,0.0,0.0,0.0,0.0,0.0,0.0,0.0,1.0,0.0,0.0,0.0,0.0,0.0,0.0,0.0,0.0,1.0,41.82758591650541,3.4474822287530724,29.92770726255102,2.466679266188665,2.5854207e7,7.093628427047369,7.093628427047369,3.643343394265713,1.0,7.039632342028505,0.5802153498541246,4.351133421512433,0.35862588808115736,4.5624911e7,1.1288123177340168,1.1288123177340168,0.6131790164172026,1.0,40.51349430708619,3.3391731458557348,27.77398357947131,2.289166651956439,2.4643304e7,6.878531609121324,6.878531609121324,3.5288809676223365,1.0,2.6922449231993895,0.22189821202466417,1.5696986500020869,0.12937653660390833,4.3462203e7,0.6395083002057851,0.6395080312307349,0.2345048737994056,1.0,11.480549975700391,1.0,0,2.839551035901717e6,13893.795907677151,0.056027916204671964,25920.0,1
7.7112e6,3.641030323862134e-7,2.9944411435878194e-8,2.6675551954491557e-5,2.1938397430240286e-6,0.0,0.0,0.0,0.6726650470373734,0.05532104139593032,0.1570727592014105,0.0,0.0,0.0,0.8382082280945105,0.06893557542354278,4.473383e6,-0.00018253876725913372,-1.5012278019172245e-5,0.00018253876725913372,1.5012278019172245e-5,14.472784071917557,1.1902647391643464,0.0,0.0,0.0,0.0,0.0,0.0,0.0,0.0,0.0,0.0,0.4079332916649269,0.033549081544175574,0.4079332916649269,0.033549081544175574,2.205388e6,0.022341644764656474,0.001837412335191634,0.022341644764656474,0.001837412335191634,724.0,0.0001826526620898177,1.50216449108679e-5,0.00010699556334717117,8.79948499655115e-6,2.105772e6,32.72394228217822,2.6912689660383586,24.151741604749365,1.9862775730428552,4.3738176e7,14.382882500784207,1.1828710912259977,8.667713957428548,0.7128465567802071,1.6532693e7,0.8010662825636476,0.06588096285628078,NaN,NaN,461493.0,0.42787508819087955,0.035189126550200914,0.42787508819087977,0.03518912655020093,2.205931e6,0.07258439369225843,0.07258439369225843,0.03724982569972669,1.0,0.4103331399036309,0.033746448873341876,0.41033313990363063,0.033746448873341856,2.205931e6,0.0655017447368342,0.0655017447368342,0.03572266383831416,1.0,0.0,0.0,0.0,0.0,0.0,0.0,0.0,0.0,1.0,0.0,0.0,0.0,0.0,0.0,0.0,0.0,0.0,1.0,41.93473015758805,3.44877878402117,29.991573391095947,2.466554610508427,2.593274e7,7.113774667290561,7.113774667290561,3.6507416118565312,1.0,7.043881190268846,0.5792999720011129,4.354705186605208,0.3581378681058098,4.5752309e7,1.1244193139991985,1.1244193139991985,0.613224171793909,1.0,40.619623742254646,3.3406223445523144,27.836163005491425,2.2892902384522094,2.4708561e7,6.897805875556984,6.897805875556984,3.5362514578377775,1.0,2.6954431328085215,0.221677522545915,1.5715721174340418,0.12924858597629502,4.3563723e7,0.6360361176657124,0.6360358543321442,0.2346591088188127,1.0,11.486633297025575,1.0,0,2.8538555376268094e6,14304.50172509253,0.057653572906105705,25920.0,1
7.7328e6,3.4545064038511206e-7,2.8341680261803922e-8,2.6657587455717466e-5,2.1870586761071186e-6,0.0,0.0,0.0,0.6951910626882192,0.0570353055290568,0.1570727592014105,0.0,0.0,0.0,0.8410727395115811,0.06900382246674236,4.494983e6,-0.00018253876730133032,-1.4975961174860494e-5,0.00018253876730133032,1.4975961174860494e-5,14.476400241874885,1.1876819986199136,0.0,0.0,0.0,0.0,0.0,0.0,0.0,0.0,0.0,0.0,0.4093655473734612,0.03358542754739963,0.4093655473734612,0.03358542754739963,2.216188e6,0.022341644764656478,0.0018329673719429253,0.022341644764656478,0.0018329673719429253,724.0,0.00018265266415489135,1.4985305572667524e-5,0.00010699556455442063,8.77819788277712e-6,2.105772e6,32.727558469495094,2.6850550830007895,24.153859423024752,1.9816462348796675,4.3850496e7,14.486188140257742,1.188485023579117,8.728239407826313,0.7160877463400159,1.6565093e7,0.8010662825636476,0.06572158738400542,NaN,NaN,461493.0,0.42930734389941455,0.03522150504997553,0.4293073438994151,0.03522150504997558,2.216731e6,0.07283685296750955,0.07283685296750955,0.03735188099458676,1.0,0.41176539561216585,0.033782317416766766,0.411765395612166,0.03378231741676678,2.216731e6,0.06541445280780603,0.06541445280780603,0.03582564396615142,1.0,0.0,0.0,0.0,0.0,0.0,0.0,0.0,0.0,1.0,0.0,0.0,0.0,0.0,0.0,0.0,0.0,0.0,1.0,42.04177891194307,3.449218256568886,30.055352671838836,2.465820282259119,2.6010459e7,7.132863932137167,7.132863932137167,3.6578445373334927,1.0,7.0480323897876165,0.5782391378505235,4.3581884788064675,0.3575572598427113,4.5879747e7,1.1196744239865615,1.1196744239865615,0.6132139848299925,1.0,40.72568273842386,3.3412422606289676,27.898300845658444,2.288850069966007,2.4773491e7,6.916058620421248,6.916058620421248,3.5433376034333866,1.0,2.698569793375125,0.22139777237852887,1.573403673188644,0.12908618081746132,4.3665243e7,0.6322893889916563,0.6322891311486276,0.23478903682894045,1.0,11.493593695097502,1.0,0,2.868625521124574e6,14769.98349776445,0.05949362318206681,25920.0,1
7.7544e6,3.371433437530012e-7,2.7589182368319034e-8,2.6639902205559014e-5,2.1800018711382595e-6,0.0,0.0,0.0,0.7188618513000239,0.05882604856548425,0.1570727592014105,0.0,0.0,0.0,0.8438502956371685,0.0690541282492294,4.516581e6,-0.00018253876722622913,-1.4937549358774023e-5,0.00018253876722622913,1.4937549358774023e-5,14.479940888337552,1.1849254545671808,0.0,0.0,0.0,0.0,0.0,0.0,0.0,0.0,0.0,0.0,0.41075432543625473,0.033612931125637326,0.41075432543625473,0.033612931125637326,2.226949e6,0.022341644764656478,0.0018282659979545297,0.022341644764656478,0.0018282659979545297,724.0,0.0001826526662035521,1.494686996294775e-5,0.00010699556574514487,8.755682799737888e-6,2.105772e6,32.73109913259794,2.678457931372803,24.155932968097048,1.9767331975623113,4.3962816e7,14.589403704715775,1.1938830379202756,8.788711613074375,0.719199628195281,1.6597493e7,0.8010662825636476,0.06555301822880234,NaN,NaN,461493.0,0.4306961219622083,0.03524481225661856,0.4306961219622088,0.0352448122566186,2.227492e6,0.07307407879635955,0.07307407879635955,0.03744771325523749,1.0,0.41315417367495955,0.03380931599261077,0.41315417367495966,0.03380931599261078,2.227492e6,0.06530854480637757,0.06530854480637757,0.03592249439232714,1.0,0.0,0.0,0.0,0.0,0.0,0.0,0.0,0.0,1.0,0.0,0.0,0.0,0.0,0.0,0.0,0.0,0.0,1.0,42.14863801114396,3.4491158796765147,30.118990420151253,2.4647033223351595,2.6088139e7,7.15115074905602,7.15115074905602,3.664695431083119,1.0,7.052081444342163,0.5770873566073857,4.361581106446696,0.3569177882038534,4.600715e7,1.114744098769243,1.114744098769243,0.6131569575717671,1.0,40.83157644977193,3.341337831317307,27.960341356044953,2.2880563150537063,2.4838689e7,6.933483577958219,6.933483577958219,3.550180948191901,1.0,2.701619845540108,0.2210795022045054,1.575190350910824,0.12890129572877954,4.3766763e7,0.6284113658515738,0.6284111132703833,0.23489759981939692,1.0,11.501266286319112,1.0,0,2.8838962497518496e6,15270.728627275676,0.06146959470277176,25920.0,1
7.776e6,3.3663571797235846e-7,2.7475414272575784e-8,2.6622492858113872e-5,2.1728651512417054e-6,0.0,0.0,0.0,0.7426875082105439,0.06061640483683687,0.1570727592014105,0.0,0.0,0.0,0.846570317230205,0.06909507498748448,4.538179e6,-0.00018253876719091284,-1.4898384163107164e-5,0.00018253876719091284,1.4898384163107164e-5,14.483427558243417,1.1821032380237613,0.0,0.0,0.0,0.0,0.0,0.0,0.0,0.0,0.0,0.0,0.4121143362327724,0.03363580128651932,0.4121143362327724,0.03363580128651932,2.23767e6,0.022341644764656478,0.001823472414445529,0.022341644764656478,0.001823472414445529,724.0,0.00018265266826878205,1.4907680500760813e-5,0.00010699556695502705,8.73272612046436e-6,2.105772e6,32.73458581875605,2.671719780149287,24.157974919460898,1.9717170028677262,4.4075136e7,14.692431447071884,1.1991616430698147,8.84907341119285,0.7222405256501115,1.6629893e7,0.8010662825636476,0.06538114287395881,NaN,NaN,461493.0,0.4320561327587267,0.03526340374115545,0.4320561327587271,0.03526340374115549,2.238213e6,0.07330019709505958,0.07330019709505958,0.03753887541013583,1.0,0.4145141844714779,0.03383167124632899,0.414514184471478,0.033831671246329,2.238213e6,0.06519629282974873,0.06519629282974873,0.036014756293942636,1.0,0.0,0.0,0.0,0.0,0.0,0.0,0.0,0.0,1.0,0.0,0.0,0.0,0.0,0.0,0.0,0.0,0.0,1.0,42.25524030332556,3.4487731709338103,30.18245860582627,2.4634211691940533,2.6165875e7,7.168784812186672,7.168784812186672,3.671315092887892,1.0,7.056063572746301,0.5758992865122962,4.3649147167599605,0.35625405655049985,4.6134512e7,1.1098032447324966,1.1098032447324966,0.613060829971453,1.0,40.93722766786863,3.341200084531131,28.02223945258018,2.2871091708342632,2.4903482e7,6.950206694170678,6.950206694170678,3.5568005463740215,1.0,2.7046183809616102,0.220744580859495,1.5769468550504313,0.12870668742258587,4.3866295e7,0.6245498159634791,0.6245495683523309,0.23498875432368338,1.0,11.509565165131924,1.0,0,2.899681727866524e6,15785.478114674333,0.06349581078785152,25920.0,1
