┌ Info: Making AtmosConfig with config files: 
│    config/default_configs/default_config.yml
└    experiments/tag_closure/configs/a2_first_order_dt2p5.yml
┌ Info: numerics 
│        `energy_q_tot_upwinding`::`Val{:first_order}`
│              `tracer_upwinding`::`Val{:first_order}`
│     `edmfx_mse_q_tot_upwinding`::`Val{:first_order}`
│       `edmfx_sgsflux_upwinding`::`Val{:none}`
│        `edmfx_tracer_upwinding`::`Val{:first_order}`
│       `test_dycore_consistency`::`Nothing`
│          `reproducible_restart`::`Nothing`
│                       `limiter`::`Nothing`
│                     `diff_mode`::`ClimaAtmos.Explicit`
└                     `hyperdiff`::`ClimaAtmos.Hyperdiffusion{Float64}`
┌ Info: AtmosModel: 
│ 
│                             `water`::`ClimaAtmos.AtmosWater{ClimaAtmos.EquilibriumMicrophysics0M, ClimaAtmos.QuadratureCloud, ClimaAtmos.Implicit, Nothing, ClimaAtmos.SGSQuadrature{3, StaticArraysCore.SVector{3, Float64}, StaticArraysCore.SVector{3, Float64}, ClimaAtmos.GaussianSGS, Float64}, ClimaAtmos.FixedTerminalVelocity, ClimaAtmos.FixedTerminalVelocity, ClimaAtmos.DiagnosticTerminalVelocity, ClimaAtmos.FixedTerminalVelocity}`
│                         `scm_setup`::`ClimaAtmos.SCMSetup{ClimaAtmos.LargeScaleSubsidence{ClimaAtmos.Setups.var"#27#28"{Float64}}, Nothing, Nothing, Bool, @NamedTuple{prof_ug::Returns{Float64}, prof_vg::Returns{Float64}, coriolis_param::Float64}}`
│                         `radiation`::`ClimaAtmos.AtmosRadiation{ClimaAtmos.RadiationDYCOMS{Float64}, ClimaAtmos.IdealizedInsolation}`
│                          `turbconv`::`ClimaAtmos.AtmosTurbconv{ClimaAtmos.EDMFXModel{ClimaAtmos.InvZEntrainment, ClimaAtmos.BuoyancyVelocityDetrainment, Val{false}, Val{false}, Val{false}, Val{false}, Val{false}, Val{false}, Val{false}, ClimaAtmos.SmoothMinimumBlending}, Nothing, Nothing, Nothing, Nothing}`
│                   `prescribed_flow`::`Nothing`
│                      `gravity_wave`::`ClimaAtmos.AtmosGravityWave{Nothing, Nothing}`
│                `vertical_diffusion`::`Nothing`
│                            `sponge`::`ClimaAtmos.AtmosSponge{Nothing, Nothing}`
│                           `surface`::`ClimaAtmos.AtmosSurface{ClimaAtmos.SurfaceConditions.MoninObukhov{Float64, ClimaAtmos.SurfaceConditions.HeatFluxes{Float64, Float64}, Float64}, ClimaAtmos.SurfaceConditions.AnalyticTemperature{Returns{Float64}}, ClimaAtmos.SurfaceConditions.SurfaceBoundaryOverrides{Float64, Float64, Nothing, Nothing, Nothing, Nothing}, ClimaAtmos.ConstantAlbedo{Float64}}`
│                          `numerics`::`ClimaAtmos.AtmosNumerics{Val{:first_order}, Val{:first_order}, Val{:first_order}, Val{:none}, Val{:first_order}, Nothing, Nothing, Nothing, ClimaAtmos.Explicit, ClimaAtmos.Hyperdiffusion{Float64}}`
│                         `chemistry`::`ClimaAtmos.AtmosChem{Nothing}`
│                           `tagging`::`ClimaAtmos.AtmosTagging{Nothing, ClimaAtmos.WaterTaggingModel{Tuple{ClimaAtmos.WaterTag{:upper, ClimaAtmos.TanhAltitudeRegion{Float64}, Tuple{}}, ClimaAtmos.WaterTag{:lower, ClimaAtmos.TanhAltitudeRegion{Float64}, Tuple{}}, ClimaAtmos.WaterTag{:evap, Nothing, Tuple{Symbol}}}}, Nothing, Nothing, Nothing}`
└                              `cosp`::`Nothing`
[ Info: Single-process ClimaAtmos run on CPUSingleThreaded
[ Info: Using ODE config: `ClimaTimeSteppers.ARS343`
[ Info: Initialized state (35.26 μs, 2.38 KiB)
[ Info: Built cache (26.526 s, 6.59 GiB)
[ Info: Assembled callbacks (355.341 ms, 31.96 MiB)
┌ Info: Jacobian algorithm: ManualSparseJacobian(
│   approximate_solve_iters = 1,
└ )
[ Info: Jacobian derivative flags: topography_flag = IgnoreDerivative, diffusion_flag = IgnoreDerivative
[ Info: Built tendency function (867.716 ms, 34.12 MiB)
[ Info: Initialized integrator (13.122 s, 1.76 GiB)
[ Info: Added 6 user-provided YAML-style diagnostics
[ Info: Set up diagnostics (7.033 s, 370.93 MiB)
[ Info: Initialized 6 total diagnostics
┌ Info: Simulation info
│   job_id = "a2_first_order_dt2p5"
└   output_dir = "output/a2_first_order_dt2p5/output_0000"
┌ Info: Running
│   job_id = "a2_first_order_dt2p5"
│   output_dir = "output/a2_first_order_dt2p5/output_0000"
└   tspan = (0.0 milliseconds (2010-01-01T00:00:00) [counter = 0, period = 1 millisecond, epoch = 2010-01-01T00:00:00], 3.6e6 milliseconds (2010-01-01T01:00:00) [counter = 3600000, period = 1 millisecond, epoch = 2010-01-01T00:00:00])
┌ Warning: water tag closure residual 6.070045664722144e-6 exceeds the configured tolerance 1.0e-10 at t = 2.5 s. The tags no longer account for the field they partition; see output/a2_first_order_dt2p5/output_0000/water_tag_closure.csv.
└ @ ClimaAtmos ~/git/ClimaAtmosResiDyn.jl/src/parameterized_tendencies/tagged_tracers/tagged_tracers.jl:590
┌ Info: Progress
│   simulation_time = "2 seconds, 500 milliseconds"
│   n_steps_completed = 1
│   wall_time_per_step = "0 seconds"
│   wall_time_total = "0 seconds"
│   wall_time_remaining = "0 seconds"
│   wall_time_spent = "0 seconds"
│   percent_complete = "0.1%"
│   estimated_sypd = "Inf"
│   instantaneous_sypd = "0.0 (sdpd_estimate = 0.0)"
│   date_now = 2026-09-10T00:49:32.981
└   estimated_finish_date = 2026-09-10T00:49:32.981
┌ Warning: water tag closure residual 6.318501266267168e-6 exceeds the configured tolerance 1.0e-10 at t = 5.0 s. The tags no longer account for the field they partition; see output/a2_first_order_dt2p5/output_0000/water_tag_closure.csv.
└ @ ClimaAtmos ~/git/ClimaAtmosResiDyn.jl/src/parameterized_tendencies/tagged_tracers/tagged_tracers.jl:590
┌ Info: Progress
│   simulation_time = "5 seconds"
│   n_steps_completed = 2
│   wall_time_per_step = "0 seconds"
│   wall_time_total = "0 seconds"
│   wall_time_remaining = "0 seconds"
│   wall_time_spent = "0 seconds"
│   percent_complete = "0.1%"
│   estimated_sypd = "Inf"
│   instantaneous_sypd = "0.007 (sdpd_estimate = 2.416)"
│   date_now = 2026-09-10T00:49:33.919
└   estimated_finish_date = 2026-09-10T00:49:33.919
┌ Warning: water tag closure residual 6.392963826102801e-6 exceeds the configured tolerance 1.0e-10 at t = 7.5 s. The tags no longer account for the field they partition; see output/a2_first_order_dt2p5/output_0000/water_tag_closure.csv.
└ @ ClimaAtmos ~/git/ClimaAtmosResiDyn.jl/src/parameterized_tendencies/tagged_tracers/tagged_tracers.jl:590
┌ Warning: water tag closure residual 6.387083658424882e-6 exceeds the configured tolerance 1.0e-10 at t = 10.0 s. The tags no longer account for the field they partition; see output/a2_first_order_dt2p5/output_0000/water_tag_closure.csv.
└ @ ClimaAtmos ~/git/ClimaAtmosResiDyn.jl/src/parameterized_tendencies/tagged_tracers/tagged_tracers.jl:590
┌ Info: Progress
│   simulation_time = "10 seconds"
│   n_steps_completed = 4
│   wall_time_per_step = "3 milliseconds, 232 microseconds"
│   wall_time_total = "4 seconds, 654 milliseconds"
│   wall_time_remaining = "4 seconds, 641 milliseconds"
│   wall_time_spent = "12 milliseconds, 929 microseconds"
│   percent_complete = "0.3%"
│   estimated_sypd = "2.117"
│   instantaneous_sypd = "2.117"
│   date_now = 2026-09-10T00:49:34.011
└   estimated_finish_date = 2026-09-10T00:49:39.011
┌ Warning: water tag closure residual 6.340175574365356e-6 exceeds the configured tolerance 1.0e-10 at t = 12.5 s. The tags no longer account for the field they partition; see output/a2_first_order_dt2p5/output_0000/water_tag_closure.csv.
└ @ ClimaAtmos ~/git/ClimaAtmosResiDyn.jl/src/parameterized_tendencies/tagged_tracers/tagged_tracers.jl:590
┌ Warning: water tag closure residual 6.282915038857448e-6 exceeds the configured tolerance 1.0e-10 at t = 15.0 s. The tags no longer account for the field they partition; see output/a2_first_order_dt2p5/output_0000/water_tag_closure.csv.
└ @ ClimaAtmos ~/git/ClimaAtmosResiDyn.jl/src/parameterized_tendencies/tagged_tracers/tagged_tracers.jl:590
┌ Warning: water tag closure residual 6.2519496797431974e-6 exceeds the configured tolerance 1.0e-10 at t = 17.5 s. The tags no longer account for the field they partition; see output/a2_first_order_dt2p5/output_0000/water_tag_closure.csv.
└ @ ClimaAtmos ~/git/ClimaAtmosResiDyn.jl/src/parameterized_tendencies/tagged_tracers/tagged_tracers.jl:590
┌ Warning: water tag closure residual 6.261297143159553e-6 exceeds the configured tolerance 1.0e-10 at t = 20.0 s. The tags no longer account for the field they partition; see output/a2_first_order_dt2p5/output_0000/water_tag_closure.csv.
└ @ ClimaAtmos ~/git/ClimaAtmosResiDyn.jl/src/parameterized_tendencies/tagged_tracers/tagged_tracers.jl:590
┌ Info: Progress
│   simulation_time = "20 seconds"
│   n_steps_completed = 8
│   wall_time_per_step = "13 milliseconds, 331 microseconds"
│   wall_time_total = "19 seconds, 197 milliseconds"
│   wall_time_remaining = "19 seconds, 90 milliseconds"
│   wall_time_spent = "106 milliseconds, 652 microseconds"
│   percent_complete = "0.6%"
│   estimated_sypd = "0.513"
│   instantaneous_sypd = "0.292"
│   date_now = 2026-09-10T00:49:34.020
└   estimated_finish_date = 2026-09-10T00:49:54.020
┌ Warning: water tag closure residual 6.225198184335074e-6 exceeds the configured tolerance 1.0e-10 at t = 22.5 s. The tags no longer account for the field they partition; see output/a2_first_order_dt2p5/output_0000/water_tag_closure.csv.
└ @ ClimaAtmos ~/git/ClimaAtmosResiDyn.jl/src/parameterized_tendencies/tagged_tracers/tagged_tracers.jl:590
┌ Warning: water tag closure residual 6.226124452019438e-6 exceeds the configured tolerance 1.0e-10 at t = 25.0 s. The tags no longer account for the field they partition; see output/a2_first_order_dt2p5/output_0000/water_tag_closure.csv.
└ @ ClimaAtmos ~/git/ClimaAtmosResiDyn.jl/src/parameterized_tendencies/tagged_tracers/tagged_tracers.jl:590
┌ Warning: water tag closure residual 6.213391888090793e-6 exceeds the configured tolerance 1.0e-10 at t = 27.5 s. The tags no longer account for the field they partition; see output/a2_first_order_dt2p5/output_0000/water_tag_closure.csv.
└ @ ClimaAtmos ~/git/ClimaAtmosResiDyn.jl/src/parameterized_tendencies/tagged_tracers/tagged_tracers.jl:590
┌ Warning: water tag closure residual 6.204584661477294e-6 exceeds the configured tolerance 1.0e-10 at t = 30.0 s. The tags no longer account for the field they partition; see output/a2_first_order_dt2p5/output_0000/water_tag_closure.csv.
└ @ ClimaAtmos ~/git/ClimaAtmosResiDyn.jl/src/parameterized_tendencies/tagged_tracers/tagged_tracers.jl:590
┌ Warning: water tag closure residual 6.183786059627271e-6 exceeds the configured tolerance 1.0e-10 at t = 32.5 s. The tags no longer account for the field they partition; see output/a2_first_order_dt2p5/output_0000/water_tag_closure.csv.
└ @ ClimaAtmos ~/git/ClimaAtmosResiDyn.jl/src/parameterized_tendencies/tagged_tracers/tagged_tracers.jl:590
┌ Warning: water tag closure residual 6.179549886190001e-6 exceeds the configured tolerance 1.0e-10 at t = 35.0 s. The tags no longer account for the field they partition; see output/a2_first_order_dt2p5/output_0000/water_tag_closure.csv.
└ @ ClimaAtmos ~/git/ClimaAtmosResiDyn.jl/src/parameterized_tendencies/tagged_tracers/tagged_tracers.jl:590
┌ Warning: water tag closure residual 6.174180996169006e-6 exceeds the configured tolerance 1.0e-10 at t = 37.5 s. The tags no longer account for the field they partition; see output/a2_first_order_dt2p5/output_0000/water_tag_closure.csv.
└ @ ClimaAtmos ~/git/ClimaAtmosResiDyn.jl/src/parameterized_tendencies/tagged_tracers/tagged_tracers.jl:590
┌ Warning: water tag closure residual 6.165342600071035e-6 exceeds the configured tolerance 1.0e-10 at t = 40.0 s. The tags no longer account for the field they partition; see output/a2_first_order_dt2p5/output_0000/water_tag_closure.csv.
└ @ ClimaAtmos ~/git/ClimaAtmosResiDyn.jl/src/parameterized_tendencies/tagged_tracers/tagged_tracers.jl:590
┌ Info: Progress
│   simulation_time = "40 seconds"
│   n_steps_completed = 16
│   wall_time_per_step = "7 milliseconds, 680 microseconds"
│   wall_time_total = "11 seconds, 60 milliseconds"
│   wall_time_remaining = "10 seconds, 937 milliseconds"
│   wall_time_spent = "122 milliseconds, 893 microseconds"
│   percent_complete = "1.1%"
│   estimated_sypd = "0.891"
│   instantaneous_sypd = "3.372"
│   date_now = 2026-09-10T00:49:34.036
└   estimated_finish_date = 2026-09-10T00:49:45.036
┌ Warning: water tag closure residual 6.154255830919387e-6 exceeds the configured tolerance 1.0e-10 at t = 42.5 s. The tags no longer account for the field they partition; see output/a2_first_order_dt2p5/output_0000/water_tag_closure.csv.
└ @ ClimaAtmos ~/git/ClimaAtmosResiDyn.jl/src/parameterized_tendencies/tagged_tracers/tagged_tracers.jl:590
┌ Warning: water tag closure residual 6.150433782516239e-6 exceeds the configured tolerance 1.0e-10 at t = 45.0 s. The tags no longer account for the field they partition; see output/a2_first_order_dt2p5/output_0000/water_tag_closure.csv.
└ @ ClimaAtmos ~/git/ClimaAtmosResiDyn.jl/src/parameterized_tendencies/tagged_tracers/tagged_tracers.jl:590
┌ Warning: water tag closure residual 6.147364090086011e-6 exceeds the configured tolerance 1.0e-10 at t = 47.5 s. The tags no longer account for the field they partition; see output/a2_first_order_dt2p5/output_0000/water_tag_closure.csv.
└ @ ClimaAtmos ~/git/ClimaAtmosResiDyn.jl/src/parameterized_tendencies/tagged_tracers/tagged_tracers.jl:590
┌ Warning: water tag closure residual 6.1413071498226905e-6 exceeds the configured tolerance 1.0e-10 at t = 50.0 s. The tags no longer account for the field they partition; see output/a2_first_order_dt2p5/output_0000/water_tag_closure.csv.
└ @ ClimaAtmos ~/git/ClimaAtmosResiDyn.jl/src/parameterized_tendencies/tagged_tracers/tagged_tracers.jl:590
┌ Warning: water tag closure residual 6.136547812586756e-6 exceeds the configured tolerance 1.0e-10 at t = 52.5 s. The tags no longer account for the field they partition; see output/a2_first_order_dt2p5/output_0000/water_tag_closure.csv.
└ @ ClimaAtmos ~/git/ClimaAtmosResiDyn.jl/src/parameterized_tendencies/tagged_tracers/tagged_tracers.jl:590
┌ Warning: water tag closure residual 6.13359253805343e-6 exceeds the configured tolerance 1.0e-10 at t = 55.0 s. The tags no longer account for the field they partition; see output/a2_first_order_dt2p5/output_0000/water_tag_closure.csv.
└ @ ClimaAtmos ~/git/ClimaAtmosResiDyn.jl/src/parameterized_tendencies/tagged_tracers/tagged_tracers.jl:590
┌ Warning: water tag closure residual 6.132078032782715e-6 exceeds the configured tolerance 1.0e-10 at t = 57.5 s. The tags no longer account for the field they partition; see output/a2_first_order_dt2p5/output_0000/water_tag_closure.csv.
└ @ ClimaAtmos ~/git/ClimaAtmosResiDyn.jl/src/parameterized_tendencies/tagged_tracers/tagged_tracers.jl:590
┌ Warning: water tag closure residual 6.127872169708104e-6 exceeds the configured tolerance 1.0e-10 at t = 60.0 s. The tags no longer account for the field they partition; see output/a2_first_order_dt2p5/output_0000/water_tag_closure.csv.
└ @ ClimaAtmos ~/git/ClimaAtmosResiDyn.jl/src/parameterized_tendencies/tagged_tracers/tagged_tracers.jl:590
┌ Warning: water tag closure residual 6.126765874326293e-6 exceeds the configured tolerance 1.0e-10 at t = 62.5 s. The tags no longer account for the field they partition; see output/a2_first_order_dt2p5/output_0000/water_tag_closure.csv.
└ @ ClimaAtmos ~/git/ClimaAtmosResiDyn.jl/src/parameterized_tendencies/tagged_tracers/tagged_tracers.jl:590
┌ Warning: water tag closure residual 6.1247954225745474e-6 exceeds the configured tolerance 1.0e-10 at t = 65.0 s. The tags no longer account for the field they partition; see output/a2_first_order_dt2p5/output_0000/water_tag_closure.csv.
└ @ ClimaAtmos ~/git/ClimaAtmosResiDyn.jl/src/parameterized_tendencies/tagged_tracers/tagged_tracers.jl:590
┌ Warning: water tag closure residual 6.123559064894113e-6 exceeds the configured tolerance 1.0e-10 at t = 67.5 s. The tags no longer account for the field they partition; see output/a2_first_order_dt2p5/output_0000/water_tag_closure.csv.
└ @ ClimaAtmos ~/git/ClimaAtmosResiDyn.jl/src/parameterized_tendencies/tagged_tracers/tagged_tracers.jl:590
┌ Warning: water tag closure residual 6.120858083884251e-6 exceeds the configured tolerance 1.0e-10 at t = 70.0 s. The tags no longer account for the field they partition; see output/a2_first_order_dt2p5/output_0000/water_tag_closure.csv.
└ @ ClimaAtmos ~/git/ClimaAtmosResiDyn.jl/src/parameterized_tendencies/tagged_tracers/tagged_tracers.jl:590
┌ Warning: water tag closure residual 6.120045478304529e-6 exceeds the configured tolerance 1.0e-10 at t = 72.5 s. The tags no longer account for the field they partition; see output/a2_first_order_dt2p5/output_0000/water_tag_closure.csv.
└ @ ClimaAtmos ~/git/ClimaAtmosResiDyn.jl/src/parameterized_tendencies/tagged_tracers/tagged_tracers.jl:590
┌ Warning: water tag closure residual 6.1189032873536775e-6 exceeds the configured tolerance 1.0e-10 at t = 75.0 s. The tags no longer account for the field they partition; see output/a2_first_order_dt2p5/output_0000/water_tag_closure.csv.
└ @ ClimaAtmos ~/git/ClimaAtmosResiDyn.jl/src/parameterized_tendencies/tagged_tracers/tagged_tracers.jl:590
┌ Warning: water tag closure residual 6.117499190685969e-6 exceeds the configured tolerance 1.0e-10 at t = 77.5 s. The tags no longer account for the field they partition; see output/a2_first_order_dt2p5/output_0000/water_tag_closure.csv.
└ @ ClimaAtmos ~/git/ClimaAtmosResiDyn.jl/src/parameterized_tendencies/tagged_tracers/tagged_tracers.jl:590
┌ Warning: water tag closure residual 6.115849779704274e-6 exceeds the configured tolerance 1.0e-10 at t = 80.0 s. The tags no longer account for the field they partition; see output/a2_first_order_dt2p5/output_0000/water_tag_closure.csv.
└ @ ClimaAtmos ~/git/ClimaAtmosResiDyn.jl/src/parameterized_tendencies/tagged_tracers/tagged_tracers.jl:590
┌ Info: Progress
│   simulation_time = "1 minute, 20 seconds"
│   n_steps_completed = 32
│   wall_time_per_step = "34 milliseconds, 999 microseconds"
│   wall_time_total = "50 seconds, 398 milliseconds"
│   wall_time_remaining = "49 seconds, 278 milliseconds"
│   wall_time_spent = "1 second, 119 milliseconds"
│   percent_complete = "2.2%"
│   estimated_sypd = "0.196"
│   instantaneous_sypd = "0.11"
│   date_now = 2026-09-10T00:49:35.050
└   estimated_finish_date = 2026-09-10T00:50:25.050
┌ Warning: water tag closure residual 6.115004829922615e-6 exceeds the configured tolerance 1.0e-10 at t = 82.5 s. The tags no longer account for the field they partition; see output/a2_first_order_dt2p5/output_0000/water_tag_closure.csv.
└ @ ClimaAtmos ~/git/ClimaAtmosResiDyn.jl/src/parameterized_tendencies/tagged_tracers/tagged_tracers.jl:590
┌ Warning: water tag closure residual 6.11416831768321e-6 exceeds the configured tolerance 1.0e-10 at t = 85.0 s. The tags no longer account for the field they partition; see output/a2_first_order_dt2p5/output_0000/water_tag_closure.csv.
└ @ ClimaAtmos ~/git/ClimaAtmosResiDyn.jl/src/parameterized_tendencies/tagged_tracers/tagged_tracers.jl:590
┌ Warning: water tag closure residual 6.112952514796056e-6 exceeds the configured tolerance 1.0e-10 at t = 87.5 s. The tags no longer account for the field they partition; see output/a2_first_order_dt2p5/output_0000/water_tag_closure.csv.
└ @ ClimaAtmos ~/git/ClimaAtmosResiDyn.jl/src/parameterized_tendencies/tagged_tracers/tagged_tracers.jl:590
┌ Warning: water tag closure residual 6.112012040606025e-6 exceeds the configured tolerance 1.0e-10 at t = 90.0 s. The tags no longer account for the field they partition; see output/a2_first_order_dt2p5/output_0000/water_tag_closure.csv.
└ @ ClimaAtmos ~/git/ClimaAtmosResiDyn.jl/src/parameterized_tendencies/tagged_tracers/tagged_tracers.jl:590
┌ Warning: water tag closure residual 6.111248484088118e-6 exceeds the configured tolerance 1.0e-10 at t = 92.5 s. The tags no longer account for the field they partition; see output/a2_first_order_dt2p5/output_0000/water_tag_closure.csv.
└ @ ClimaAtmos ~/git/ClimaAtmosResiDyn.jl/src/parameterized_tendencies/tagged_tracers/tagged_tracers.jl:590
┌ Warning: water tag closure residual 6.110629844634088e-6 exceeds the configured tolerance 1.0e-10 at t = 95.0 s. The tags no longer account for the field they partition; see output/a2_first_order_dt2p5/output_0000/water_tag_closure.csv.
└ @ ClimaAtmos ~/git/ClimaAtmosResiDyn.jl/src/parameterized_tendencies/tagged_tracers/tagged_tracers.jl:590
┌ Warning: water tag closure residual 6.109692800419858e-6 exceeds the configured tolerance 1.0e-10 at t = 97.5 s. The tags no longer account for the field they partition; see output/a2_first_order_dt2p5/output_0000/water_tag_closure.csv.
└ @ ClimaAtmos ~/git/ClimaAtmosResiDyn.jl/src/parameterized_tendencies/tagged_tracers/tagged_tracers.jl:590
┌ Warning: water tag closure residual 6.109117358660736e-6 exceeds the configured tolerance 1.0e-10 at t = 100.0 s. The tags no longer account for the field they partition; see output/a2_first_order_dt2p5/output_0000/water_tag_closure.csv.
└ @ ClimaAtmos ~/git/ClimaAtmosResiDyn.jl/src/parameterized_tendencies/tagged_tracers/tagged_tracers.jl:590
┌ Warning: water tag closure residual 6.108527876695865e-6 exceeds the configured tolerance 1.0e-10 at t = 102.5 s. The tags no longer account for the field they partition; see output/a2_first_order_dt2p5/output_0000/water_tag_closure.csv.
└ @ ClimaAtmos ~/git/ClimaAtmosResiDyn.jl/src/parameterized_tendencies/tagged_tracers/tagged_tracers.jl:590
┌ Warning: water tag closure residual 6.10809540176762e-6 exceeds the configured tolerance 1.0e-10 at t = 105.0 s. The tags no longer account for the field they partition; see output/a2_first_order_dt2p5/output_0000/water_tag_closure.csv.
└ @ ClimaAtmos ~/git/ClimaAtmosResiDyn.jl/src/parameterized_tendencies/tagged_tracers/tagged_tracers.jl:590
┌ Warning: water tag closure residual 6.107382513867506e-6 exceeds the configured tolerance 1.0e-10 at t = 107.5 s. The tags no longer account for the field they partition; see output/a2_first_order_dt2p5/output_0000/water_tag_closure.csv.
└ @ ClimaAtmos ~/git/ClimaAtmosResiDyn.jl/src/parameterized_tendencies/tagged_tracers/tagged_tracers.jl:590
┌ Warning: water tag closure residual 6.107015030382873e-6 exceeds the configured tolerance 1.0e-10 at t = 110.0 s. The tags no longer account for the field they partition; see output/a2_first_order_dt2p5/output_0000/water_tag_closure.csv.
└ @ ClimaAtmos ~/git/ClimaAtmosResiDyn.jl/src/parameterized_tendencies/tagged_tracers/tagged_tracers.jl:590
┌ Warning: water tag closure residual 6.10655690433091e-6 exceeds the configured tolerance 1.0e-10 at t = 112.5 s. The tags no longer account for the field they partition; see output/a2_first_order_dt2p5/output_0000/water_tag_closure.csv.
└ @ ClimaAtmos ~/git/ClimaAtmosResiDyn.jl/src/parameterized_tendencies/tagged_tracers/tagged_tracers.jl:590
┌ Warning: water tag closure residual 6.106071659128578e-6 exceeds the configured tolerance 1.0e-10 at t = 115.0 s. The tags no longer account for the field they partition; see output/a2_first_order_dt2p5/output_0000/water_tag_closure.csv.
└ @ ClimaAtmos ~/git/ClimaAtmosResiDyn.jl/src/parameterized_tendencies/tagged_tracers/tagged_tracers.jl:590
┌ Warning: water tag closure residual 6.10556207348016e-6 exceeds the configured tolerance 1.0e-10 at t = 117.5 s. The tags no longer account for the field they partition; see output/a2_first_order_dt2p5/output_0000/water_tag_closure.csv.
└ @ ClimaAtmos ~/git/ClimaAtmosResiDyn.jl/src/parameterized_tendencies/tagged_tracers/tagged_tracers.jl:590
┌ Warning: water tag closure residual 6.105190143494799e-6 exceeds the configured tolerance 1.0e-10 at t = 120.0 s. The tags no longer account for the field they partition; see output/a2_first_order_dt2p5/output_0000/water_tag_closure.csv.
└ @ ClimaAtmos ~/git/ClimaAtmosResiDyn.jl/src/parameterized_tendencies/tagged_tracers/tagged_tracers.jl:590
┌ Warning: water tag closure residual 6.104807389408454e-6 exceeds the configured tolerance 1.0e-10 at t = 122.5 s. The tags no longer account for the field they partition; see output/a2_first_order_dt2p5/output_0000/water_tag_closure.csv.
└ @ ClimaAtmos ~/git/ClimaAtmosResiDyn.jl/src/parameterized_tendencies/tagged_tracers/tagged_tracers.jl:590
┌ Warning: water tag closure residual 6.104335210269854e-6 exceeds the configured tolerance 1.0e-10 at t = 125.0 s. The tags no longer account for the field they partition; see output/a2_first_order_dt2p5/output_0000/water_tag_closure.csv.
└ @ ClimaAtmos ~/git/ClimaAtmosResiDyn.jl/src/parameterized_tendencies/tagged_tracers/tagged_tracers.jl:590
┌ Warning: water tag closure residual 6.103964456415884e-6 exceeds the configured tolerance 1.0e-10 at t = 127.5 s. The tags no longer account for the field they partition; see output/a2_first_order_dt2p5/output_0000/water_tag_closure.csv.
└ @ ClimaAtmos ~/git/ClimaAtmosResiDyn.jl/src/parameterized_tendencies/tagged_tracers/tagged_tracers.jl:590
┌ Warning: water tag closure residual 6.103607224195761e-6 exceeds the configured tolerance 1.0e-10 at t = 130.0 s. The tags no longer account for the field they partition; see output/a2_first_order_dt2p5/output_0000/water_tag_closure.csv.
└ @ ClimaAtmos ~/git/ClimaAtmosResiDyn.jl/src/parameterized_tendencies/tagged_tracers/tagged_tracers.jl:590
┌ Warning: water tag closure residual 6.103255742946902e-6 exceeds the configured tolerance 1.0e-10 at t = 132.5 s. The tags no longer account for the field they partition; see output/a2_first_order_dt2p5/output_0000/water_tag_closure.csv.
└ @ ClimaAtmos ~/git/ClimaAtmosResiDyn.jl/src/parameterized_tendencies/tagged_tracers/tagged_tracers.jl:590
┌ Warning: water tag closure residual 6.102826862876307e-6 exceeds the configured tolerance 1.0e-10 at t = 135.0 s. The tags no longer account for the field they partition; see output/a2_first_order_dt2p5/output_0000/water_tag_closure.csv.
└ @ ClimaAtmos ~/git/ClimaAtmosResiDyn.jl/src/parameterized_tendencies/tagged_tracers/tagged_tracers.jl:590
┌ Warning: water tag closure residual 6.102538509311189e-6 exceeds the configured tolerance 1.0e-10 at t = 137.5 s. The tags no longer account for the field they partition; see output/a2_first_order_dt2p5/output_0000/water_tag_closure.csv.
└ @ ClimaAtmos ~/git/ClimaAtmosResiDyn.jl/src/parameterized_tendencies/tagged_tracers/tagged_tracers.jl:590
┌ Warning: water tag closure residual 6.102205560659065e-6 exceeds the configured tolerance 1.0e-10 at t = 140.0 s. The tags no longer account for the field they partition; see output/a2_first_order_dt2p5/output_0000/water_tag_closure.csv.
└ @ ClimaAtmos ~/git/ClimaAtmosResiDyn.jl/src/parameterized_tendencies/tagged_tracers/tagged_tracers.jl:590
┌ Warning: water tag closure residual 6.101891975734153e-6 exceeds the configured tolerance 1.0e-10 at t = 142.5 s. The tags no longer account for the field they partition; see output/a2_first_order_dt2p5/output_0000/water_tag_closure.csv.
└ @ ClimaAtmos ~/git/ClimaAtmosResiDyn.jl/src/parameterized_tendencies/tagged_tracers/tagged_tracers.jl:590
┌ Warning: water tag closure residual 6.101547792922828e-6 exceeds the configured tolerance 1.0e-10 at t = 145.0 s. The tags no longer account for the field they partition; see output/a2_first_order_dt2p5/output_0000/water_tag_closure.csv.
└ @ ClimaAtmos ~/git/ClimaAtmosResiDyn.jl/src/parameterized_tendencies/tagged_tracers/tagged_tracers.jl:590
┌ Warning: water tag closure residual 6.1012614005659104e-6 exceeds the configured tolerance 1.0e-10 at t = 147.5 s. The tags no longer account for the field they partition; see output/a2_first_order_dt2p5/output_0000/water_tag_closure.csv.
└ @ ClimaAtmos ~/git/ClimaAtmosResiDyn.jl/src/parameterized_tendencies/tagged_tracers/tagged_tracers.jl:590
┌ Warning: water tag closure residual 6.100953662793872e-6 exceeds the configured tolerance 1.0e-10 at t = 150.0 s. The tags no longer account for the field they partition; see output/a2_first_order_dt2p5/output_0000/water_tag_closure.csv.
└ @ ClimaAtmos ~/git/ClimaAtmosResiDyn.jl/src/parameterized_tendencies/tagged_tracers/tagged_tracers.jl:590
┌ Warning: water tag closure residual 6.100642049835333e-6 exceeds the configured tolerance 1.0e-10 at t = 152.5 s. The tags no longer account for the field they partition; see output/a2_first_order_dt2p5/output_0000/water_tag_closure.csv.
└ @ ClimaAtmos ~/git/ClimaAtmosResiDyn.jl/src/parameterized_tendencies/tagged_tracers/tagged_tracers.jl:590
┌ Warning: water tag closure residual 6.10031677547064e-6 exceeds the configured tolerance 1.0e-10 at t = 155.0 s. The tags no longer account for the field they partition; see output/a2_first_order_dt2p5/output_0000/water_tag_closure.csv.
└ @ ClimaAtmos ~/git/ClimaAtmosResiDyn.jl/src/parameterized_tendencies/tagged_tracers/tagged_tracers.jl:590
┌ Warning: water tag closure residual 6.100028943740925e-6 exceeds the configured tolerance 1.0e-10 at t = 157.5 s. The tags no longer account for the field they partition; see output/a2_first_order_dt2p5/output_0000/water_tag_closure.csv.
└ @ ClimaAtmos ~/git/ClimaAtmosResiDyn.jl/src/parameterized_tendencies/tagged_tracers/tagged_tracers.jl:590
┌ Warning: water tag closure residual 6.0997367598670384e-6 exceeds the configured tolerance 1.0e-10 at t = 160.0 s. The tags no longer account for the field they partition; see output/a2_first_order_dt2p5/output_0000/water_tag_closure.csv.
└ @ ClimaAtmos ~/git/ClimaAtmosResiDyn.jl/src/parameterized_tendencies/tagged_tracers/tagged_tracers.jl:590
┌ Info: Progress
│   simulation_time = "2 minutes, 40 seconds"
│   n_steps_completed = 64
│   wall_time_per_step = "19 milliseconds, 184 microseconds"
│   wall_time_total = "27 seconds, 625 milliseconds"
│   wall_time_remaining = "26 seconds, 397 milliseconds"
│   wall_time_spent = "1 second, 227 milliseconds"
│   percent_complete = "4.4%"
│   estimated_sypd = "0.357"
│   instantaneous_sypd = "2.032"
│   date_now = 2026-09-10T00:49:35.141
└   estimated_finish_date = 2026-09-10T00:50:02.141
┌ Warning: water tag closure residual 6.0994273510963045e-6 exceeds the configured tolerance 1.0e-10 at t = 162.5 s. The tags no longer account for the field they partition; see output/a2_first_order_dt2p5/output_0000/water_tag_closure.csv.
└ @ ClimaAtmos ~/git/ClimaAtmosResiDyn.jl/src/parameterized_tendencies/tagged_tracers/tagged_tracers.jl:590
┌ Warning: water tag closure residual 6.099127416063426e-6 exceeds the configured tolerance 1.0e-10 at t = 165.0 s. The tags no longer account for the field they partition; see output/a2_first_order_dt2p5/output_0000/water_tag_closure.csv.
└ @ ClimaAtmos ~/git/ClimaAtmosResiDyn.jl/src/parameterized_tendencies/tagged_tracers/tagged_tracers.jl:590
┌ Warning: water tag closure residual 6.098843002621204e-6 exceeds the configured tolerance 1.0e-10 at t = 167.5 s. The tags no longer account for the field they partition; see output/a2_first_order_dt2p5/output_0000/water_tag_closure.csv.
└ @ ClimaAtmos ~/git/ClimaAtmosResiDyn.jl/src/parameterized_tendencies/tagged_tracers/tagged_tracers.jl:590
┌ Warning: water tag closure residual 6.098555751569711e-6 exceeds the configured tolerance 1.0e-10 at t = 170.0 s. The tags no longer account for the field they partition; see output/a2_first_order_dt2p5/output_0000/water_tag_closure.csv.
└ @ ClimaAtmos ~/git/ClimaAtmosResiDyn.jl/src/parameterized_tendencies/tagged_tracers/tagged_tracers.jl:590
┌ Warning: water tag closure residual 6.098253414433141e-6 exceeds the configured tolerance 1.0e-10 at t = 172.5 s. The tags no longer account for the field they partition; see output/a2_first_order_dt2p5/output_0000/water_tag_closure.csv.
└ @ ClimaAtmos ~/git/ClimaAtmosResiDyn.jl/src/parameterized_tendencies/tagged_tracers/tagged_tracers.jl:590
┌ Warning: water tag closure residual 6.097966375322348e-6 exceeds the configured tolerance 1.0e-10 at t = 175.0 s. The tags no longer account for the field they partition; see output/a2_first_order_dt2p5/output_0000/water_tag_closure.csv.
└ @ ClimaAtmos ~/git/ClimaAtmosResiDyn.jl/src/parameterized_tendencies/tagged_tracers/tagged_tracers.jl:590
┌ Warning: water tag closure residual 6.097686678060483e-6 exceeds the configured tolerance 1.0e-10 at t = 177.5 s. The tags no longer account for the field they partition; see output/a2_first_order_dt2p5/output_0000/water_tag_closure.csv.
└ @ ClimaAtmos ~/git/ClimaAtmosResiDyn.jl/src/parameterized_tendencies/tagged_tracers/tagged_tracers.jl:590
┌ Warning: water tag closure residual 6.0974090415701204e-6 exceeds the configured tolerance 1.0e-10 at t = 180.0 s. The tags no longer account for the field they partition; see output/a2_first_order_dt2p5/output_0000/water_tag_closure.csv.
└ @ ClimaAtmos ~/git/ClimaAtmosResiDyn.jl/src/parameterized_tendencies/tagged_tracers/tagged_tracers.jl:590
┌ Warning: water tag closure residual 6.097116268301625e-6 exceeds the configured tolerance 1.0e-10 at t = 182.5 s. The tags no longer account for the field they partition; see output/a2_first_order_dt2p5/output_0000/water_tag_closure.csv.
└ @ ClimaAtmos ~/git/ClimaAtmosResiDyn.jl/src/parameterized_tendencies/tagged_tracers/tagged_tracers.jl:590
┌ Warning: water tag closure residual 6.096838518693826e-6 exceeds the configured tolerance 1.0e-10 at t = 185.0 s. The tags no longer account for the field they partition; see output/a2_first_order_dt2p5/output_0000/water_tag_closure.csv.
└ @ ClimaAtmos ~/git/ClimaAtmosResiDyn.jl/src/parameterized_tendencies/tagged_tracers/tagged_tracers.jl:590
┌ Warning: water tag closure residual 6.0965640044970835e-6 exceeds the configured tolerance 1.0e-10 at t = 187.5 s. The tags no longer account for the field they partition; see output/a2_first_order_dt2p5/output_0000/water_tag_closure.csv.
└ @ ClimaAtmos ~/git/ClimaAtmosResiDyn.jl/src/parameterized_tendencies/tagged_tracers/tagged_tracers.jl:590
┌ Warning: water tag closure residual 6.096283861961587e-6 exceeds the configured tolerance 1.0e-10 at t = 190.0 s. The tags no longer account for the field they partition; see output/a2_first_order_dt2p5/output_0000/water_tag_closure.csv.
└ @ ClimaAtmos ~/git/ClimaAtmosResiDyn.jl/src/parameterized_tendencies/tagged_tracers/tagged_tracers.jl:590
┌ Warning: water tag closure residual 6.0959995912959165e-6 exceeds the configured tolerance 1.0e-10 at t = 192.5 s. The tags no longer account for the field they partition; see output/a2_first_order_dt2p5/output_0000/water_tag_closure.csv.
└ @ ClimaAtmos ~/git/ClimaAtmosResiDyn.jl/src/parameterized_tendencies/tagged_tracers/tagged_tracers.jl:590
┌ Warning: water tag closure residual 6.095728331239075e-6 exceeds the configured tolerance 1.0e-10 at t = 195.0 s. The tags no longer account for the field they partition; see output/a2_first_order_dt2p5/output_0000/water_tag_closure.csv.
└ @ ClimaAtmos ~/git/ClimaAtmosResiDyn.jl/src/parameterized_tendencies/tagged_tracers/tagged_tracers.jl:590
┌ Warning: water tag closure residual 6.0954556368582815e-6 exceeds the configured tolerance 1.0e-10 at t = 197.5 s. The tags no longer account for the field they partition; see output/a2_first_order_dt2p5/output_0000/water_tag_closure.csv.
└ @ ClimaAtmos ~/git/ClimaAtmosResiDyn.jl/src/parameterized_tendencies/tagged_tracers/tagged_tracers.jl:590
┌ Warning: water tag closure residual 6.095175852669709e-6 exceeds the configured tolerance 1.0e-10 at t = 200.0 s. The tags no longer account for the field they partition; see output/a2_first_order_dt2p5/output_0000/water_tag_closure.csv.
└ @ ClimaAtmos ~/git/ClimaAtmosResiDyn.jl/src/parameterized_tendencies/tagged_tracers/tagged_tracers.jl:590
┌ Warning: water tag closure residual 6.094897978553106e-6 exceeds the configured tolerance 1.0e-10 at t = 202.5 s. The tags no longer account for the field they partition; see output/a2_first_order_dt2p5/output_0000/water_tag_closure.csv.
└ @ ClimaAtmos ~/git/ClimaAtmosResiDyn.jl/src/parameterized_tendencies/tagged_tracers/tagged_tracers.jl:590
┌ Warning: water tag closure residual 6.094629179646009e-6 exceeds the configured tolerance 1.0e-10 at t = 205.0 s. The tags no longer account for the field they partition; see output/a2_first_order_dt2p5/output_0000/water_tag_closure.csv.
└ @ ClimaAtmos ~/git/ClimaAtmosResiDyn.jl/src/parameterized_tendencies/tagged_tracers/tagged_tracers.jl:590
┌ Warning: water tag closure residual 6.094358658400852e-6 exceeds the configured tolerance 1.0e-10 at t = 207.5 s. The tags no longer account for the field they partition; see output/a2_first_order_dt2p5/output_0000/water_tag_closure.csv.
└ @ ClimaAtmos ~/git/ClimaAtmosResiDyn.jl/src/parameterized_tendencies/tagged_tracers/tagged_tracers.jl:590
┌ Warning: water tag closure residual 6.094080838366918e-6 exceeds the configured tolerance 1.0e-10 at t = 210.0 s. The tags no longer account for the field they partition; see output/a2_first_order_dt2p5/output_0000/water_tag_closure.csv.
└ @ ClimaAtmos ~/git/ClimaAtmosResiDyn.jl/src/parameterized_tendencies/tagged_tracers/tagged_tracers.jl:590
┌ Warning: water tag closure residual 6.093807241226729e-6 exceeds the configured tolerance 1.0e-10 at t = 212.5 s. The tags no longer account for the field they partition; see output/a2_first_order_dt2p5/output_0000/water_tag_closure.csv.
└ @ ClimaAtmos ~/git/ClimaAtmosResiDyn.jl/src/parameterized_tendencies/tagged_tracers/tagged_tracers.jl:590
┌ Warning: water tag closure residual 6.093539520028285e-6 exceeds the configured tolerance 1.0e-10 at t = 215.0 s. The tags no longer account for the field they partition; see output/a2_first_order_dt2p5/output_0000/water_tag_closure.csv.
└ @ ClimaAtmos ~/git/ClimaAtmosResiDyn.jl/src/parameterized_tendencies/tagged_tracers/tagged_tracers.jl:590
┌ Warning: water tag closure residual 6.093267783714097e-6 exceeds the configured tolerance 1.0e-10 at t = 217.5 s. The tags no longer account for the field they partition; see output/a2_first_order_dt2p5/output_0000/water_tag_closure.csv.
└ @ ClimaAtmos ~/git/ClimaAtmosResiDyn.jl/src/parameterized_tendencies/tagged_tracers/tagged_tracers.jl:590
┌ Warning: water tag closure residual 6.092992465210987e-6 exceeds the configured tolerance 1.0e-10 at t = 220.0 s. The tags no longer account for the field they partition; see output/a2_first_order_dt2p5/output_0000/water_tag_closure.csv.
└ @ ClimaAtmos ~/git/ClimaAtmosResiDyn.jl/src/parameterized_tendencies/tagged_tracers/tagged_tracers.jl:590
┌ Warning: water tag closure residual 6.0927214771318195e-6 exceeds the configured tolerance 1.0e-10 at t = 222.5 s. The tags no longer account for the field they partition; see output/a2_first_order_dt2p5/output_0000/water_tag_closure.csv.
└ @ ClimaAtmos ~/git/ClimaAtmosResiDyn.jl/src/parameterized_tendencies/tagged_tracers/tagged_tracers.jl:590
┌ Warning: water tag closure residual 6.092453068609903e-6 exceeds the configured tolerance 1.0e-10 at t = 225.0 s. The tags no longer account for the field they partition; see output/a2_first_order_dt2p5/output_0000/water_tag_closure.csv.
└ @ ClimaAtmos ~/git/ClimaAtmosResiDyn.jl/src/parameterized_tendencies/tagged_tracers/tagged_tracers.jl:590
┌ Warning: water tag closure residual 6.092181149391882e-6 exceeds the configured tolerance 1.0e-10 at t = 227.5 s. The tags no longer account for the field they partition; see output/a2_first_order_dt2p5/output_0000/water_tag_closure.csv.
└ @ ClimaAtmos ~/git/ClimaAtmosResiDyn.jl/src/parameterized_tendencies/tagged_tracers/tagged_tracers.jl:590
┌ Warning: water tag closure residual 6.091908215232544e-6 exceeds the configured tolerance 1.0e-10 at t = 230.0 s. The tags no longer account for the field they partition; see output/a2_first_order_dt2p5/output_0000/water_tag_closure.csv.
└ @ ClimaAtmos ~/git/ClimaAtmosResiDyn.jl/src/parameterized_tendencies/tagged_tracers/tagged_tracers.jl:590
┌ Warning: water tag closure residual 6.091638746884643e-6 exceeds the configured tolerance 1.0e-10 at t = 232.5 s. The tags no longer account for the field they partition; see output/a2_first_order_dt2p5/output_0000/water_tag_closure.csv.
└ @ ClimaAtmos ~/git/ClimaAtmosResiDyn.jl/src/parameterized_tendencies/tagged_tracers/tagged_tracers.jl:590
┌ Warning: water tag closure residual 6.09136992997474e-6 exceeds the configured tolerance 1.0e-10 at t = 235.0 s. The tags no longer account for the field they partition; see output/a2_first_order_dt2p5/output_0000/water_tag_closure.csv.
└ @ ClimaAtmos ~/git/ClimaAtmosResiDyn.jl/src/parameterized_tendencies/tagged_tracers/tagged_tracers.jl:590
┌ Warning: water tag closure residual 6.091098640483103e-6 exceeds the configured tolerance 1.0e-10 at t = 237.5 s. The tags no longer account for the field they partition; see output/a2_first_order_dt2p5/output_0000/water_tag_closure.csv.
└ @ ClimaAtmos ~/git/ClimaAtmosResiDyn.jl/src/parameterized_tendencies/tagged_tracers/tagged_tracers.jl:590
┌ Warning: water tag closure residual 6.090827706637172e-6 exceeds the configured tolerance 1.0e-10 at t = 240.0 s. The tags no longer account for the field they partition; see output/a2_first_order_dt2p5/output_0000/water_tag_closure.csv.
└ @ ClimaAtmos ~/git/ClimaAtmosResiDyn.jl/src/parameterized_tendencies/tagged_tracers/tagged_tracers.jl:590
┌ Warning: water tag closure residual 6.090559152500064e-6 exceeds the configured tolerance 1.0e-10 at t = 242.5 s. The tags no longer account for the field they partition; see output/a2_first_order_dt2p5/output_0000/water_tag_closure.csv.
└ @ ClimaAtmos ~/git/ClimaAtmosResiDyn.jl/src/parameterized_tendencies/tagged_tracers/tagged_tracers.jl:590
┌ Warning: water tag closure residual 6.09029033048716e-6 exceeds the configured tolerance 1.0e-10 at t = 245.0 s. The tags no longer account for the field they partition; see output/a2_first_order_dt2p5/output_0000/water_tag_closure.csv.
└ @ ClimaAtmos ~/git/ClimaAtmosResiDyn.jl/src/parameterized_tendencies/tagged_tracers/tagged_tracers.jl:590
┌ Warning: water tag closure residual 6.090020073197684e-6 exceeds the configured tolerance 1.0e-10 at t = 247.5 s. The tags no longer account for the field they partition; see output/a2_first_order_dt2p5/output_0000/water_tag_closure.csv.
└ @ ClimaAtmos ~/git/ClimaAtmosResiDyn.jl/src/parameterized_tendencies/tagged_tracers/tagged_tracers.jl:590
┌ Warning: water tag closure residual 6.089750727528086e-6 exceeds the configured tolerance 1.0e-10 at t = 250.0 s. The tags no longer account for the field they partition; see output/a2_first_order_dt2p5/output_0000/water_tag_closure.csv.
└ @ ClimaAtmos ~/git/ClimaAtmosResiDyn.jl/src/parameterized_tendencies/tagged_tracers/tagged_tracers.jl:590
┌ Warning: water tag closure residual 6.089482819985086e-6 exceeds the configured tolerance 1.0e-10 at t = 252.5 s. The tags no longer account for the field they partition; see output/a2_first_order_dt2p5/output_0000/water_tag_closure.csv.
└ @ ClimaAtmos ~/git/ClimaAtmosResiDyn.jl/src/parameterized_tendencies/tagged_tracers/tagged_tracers.jl:590
┌ Warning: water tag closure residual 6.089214358742306e-6 exceeds the configured tolerance 1.0e-10 at t = 255.0 s. The tags no longer account for the field they partition; see output/a2_first_order_dt2p5/output_0000/water_tag_closure.csv.
└ @ ClimaAtmos ~/git/ClimaAtmosResiDyn.jl/src/parameterized_tendencies/tagged_tracers/tagged_tracers.jl:590
┌ Warning: water tag closure residual 6.088945270583426e-6 exceeds the configured tolerance 1.0e-10 at t = 257.5 s. The tags no longer account for the field they partition; see output/a2_first_order_dt2p5/output_0000/water_tag_closure.csv.
└ @ ClimaAtmos ~/git/ClimaAtmosResiDyn.jl/src/parameterized_tendencies/tagged_tracers/tagged_tracers.jl:590
┌ Warning: water tag closure residual 6.088677178084849e-6 exceeds the configured tolerance 1.0e-10 at t = 260.0 s. The tags no longer account for the field they partition; see output/a2_first_order_dt2p5/output_0000/water_tag_closure.csv.
└ @ ClimaAtmos ~/git/ClimaAtmosResiDyn.jl/src/parameterized_tendencies/tagged_tracers/tagged_tracers.jl:590
┌ Warning: water tag closure residual 6.088409851665298e-6 exceeds the configured tolerance 1.0e-10 at t = 262.5 s. The tags no longer account for the field they partition; see output/a2_first_order_dt2p5/output_0000/water_tag_closure.csv.
└ @ ClimaAtmos ~/git/ClimaAtmosResiDyn.jl/src/parameterized_tendencies/tagged_tracers/tagged_tracers.jl:590
┌ Warning: water tag closure residual 6.088142019208534e-6 exceeds the configured tolerance 1.0e-10 at t = 265.0 s. The tags no longer account for the field they partition; see output/a2_first_order_dt2p5/output_0000/water_tag_closure.csv.
└ @ ClimaAtmos ~/git/ClimaAtmosResiDyn.jl/src/parameterized_tendencies/tagged_tracers/tagged_tracers.jl:590
┌ Warning: water tag closure residual 6.0878740911031575e-6 exceeds the configured tolerance 1.0e-10 at t = 267.5 s. The tags no longer account for the field they partition; see output/a2_first_order_dt2p5/output_0000/water_tag_closure.csv.
└ @ ClimaAtmos ~/git/ClimaAtmosResiDyn.jl/src/parameterized_tendencies/tagged_tracers/tagged_tracers.jl:590
┌ Warning: water tag closure residual 6.087607022210092e-6 exceeds the configured tolerance 1.0e-10 at t = 270.0 s. The tags no longer account for the field they partition; see output/a2_first_order_dt2p5/output_0000/water_tag_closure.csv.
└ @ ClimaAtmos ~/git/ClimaAtmosResiDyn.jl/src/parameterized_tendencies/tagged_tracers/tagged_tracers.jl:590
┌ Warning: water tag closure residual 6.087340310445096e-6 exceeds the configured tolerance 1.0e-10 at t = 272.5 s. The tags no longer account for the field they partition; see output/a2_first_order_dt2p5/output_0000/water_tag_closure.csv.
└ @ ClimaAtmos ~/git/ClimaAtmosResiDyn.jl/src/parameterized_tendencies/tagged_tracers/tagged_tracers.jl:590
┌ Warning: water tag closure residual 6.087073271895184e-6 exceeds the configured tolerance 1.0e-10 at t = 275.0 s. The tags no longer account for the field they partition; see output/a2_first_order_dt2p5/output_0000/water_tag_closure.csv.
└ @ ClimaAtmos ~/git/ClimaAtmosResiDyn.jl/src/parameterized_tendencies/tagged_tracers/tagged_tracers.jl:590
┌ Warning: water tag closure residual 6.086806433120482e-6 exceeds the configured tolerance 1.0e-10 at t = 277.5 s. The tags no longer account for the field they partition; see output/a2_first_order_dt2p5/output_0000/water_tag_closure.csv.
└ @ ClimaAtmos ~/git/ClimaAtmosResiDyn.jl/src/parameterized_tendencies/tagged_tracers/tagged_tracers.jl:590
┌ Warning: water tag closure residual 6.086540252822328e-6 exceeds the configured tolerance 1.0e-10 at t = 280.0 s. The tags no longer account for the field they partition; see output/a2_first_order_dt2p5/output_0000/water_tag_closure.csv.
└ @ ClimaAtmos ~/git/ClimaAtmosResiDyn.jl/src/parameterized_tendencies/tagged_tracers/tagged_tracers.jl:590
┌ Warning: water tag closure residual 6.086274222835496e-6 exceeds the configured tolerance 1.0e-10 at t = 282.5 s. The tags no longer account for the field they partition; see output/a2_first_order_dt2p5/output_0000/water_tag_closure.csv.
└ @ ClimaAtmos ~/git/ClimaAtmosResiDyn.jl/src/parameterized_tendencies/tagged_tracers/tagged_tracers.jl:590
┌ Warning: water tag closure residual 6.086008061624798e-6 exceeds the configured tolerance 1.0e-10 at t = 285.0 s. The tags no longer account for the field they partition; see output/a2_first_order_dt2p5/output_0000/water_tag_closure.csv.
└ @ ClimaAtmos ~/git/ClimaAtmosResiDyn.jl/src/parameterized_tendencies/tagged_tracers/tagged_tracers.jl:590
┌ Warning: water tag closure residual 6.085742229096751e-6 exceeds the configured tolerance 1.0e-10 at t = 287.5 s. The tags no longer account for the field they partition; see output/a2_first_order_dt2p5/output_0000/water_tag_closure.csv.
└ @ ClimaAtmos ~/git/ClimaAtmosResiDyn.jl/src/parameterized_tendencies/tagged_tracers/tagged_tracers.jl:590
┌ Warning: water tag closure residual 6.0854768705238625e-6 exceeds the configured tolerance 1.0e-10 at t = 290.0 s. The tags no longer account for the field they partition; see output/a2_first_order_dt2p5/output_0000/water_tag_closure.csv.
└ @ ClimaAtmos ~/git/ClimaAtmosResiDyn.jl/src/parameterized_tendencies/tagged_tracers/tagged_tracers.jl:590
┌ Warning: water tag closure residual 6.0852115874208614e-6 exceeds the configured tolerance 1.0e-10 at t = 292.5 s. The tags no longer account for the field they partition; see output/a2_first_order_dt2p5/output_0000/water_tag_closure.csv.
└ @ ClimaAtmos ~/git/ClimaAtmosResiDyn.jl/src/parameterized_tendencies/tagged_tracers/tagged_tracers.jl:590
┌ Warning: water tag closure residual 6.084946332133333e-6 exceeds the configured tolerance 1.0e-10 at t = 295.0 s. The tags no longer account for the field they partition; see output/a2_first_order_dt2p5/output_0000/water_tag_closure.csv.
└ @ ClimaAtmos ~/git/ClimaAtmosResiDyn.jl/src/parameterized_tendencies/tagged_tracers/tagged_tracers.jl:590
┌ Warning: water tag closure residual 6.08468143456986e-6 exceeds the configured tolerance 1.0e-10 at t = 297.5 s. The tags no longer account for the field they partition; see output/a2_first_order_dt2p5/output_0000/water_tag_closure.csv.
└ @ ClimaAtmos ~/git/ClimaAtmosResiDyn.jl/src/parameterized_tendencies/tagged_tracers/tagged_tracers.jl:590
┌ Warning: water tag closure residual 6.084416873730964e-6 exceeds the configured tolerance 1.0e-10 at t = 300.0 s. The tags no longer account for the field they partition; see output/a2_first_order_dt2p5/output_0000/water_tag_closure.csv.
└ @ ClimaAtmos ~/git/ClimaAtmosResiDyn.jl/src/parameterized_tendencies/tagged_tracers/tagged_tracers.jl:590
┌ Warning: water tag closure residual 6.084152385967556e-6 exceeds the configured tolerance 1.0e-10 at t = 302.5 s. The tags no longer account for the field they partition; see output/a2_first_order_dt2p5/output_0000/water_tag_closure.csv.
└ @ ClimaAtmos ~/git/ClimaAtmosResiDyn.jl/src/parameterized_tendencies/tagged_tracers/tagged_tracers.jl:590
┌ Warning: water tag closure residual 6.083888034041623e-6 exceeds the configured tolerance 1.0e-10 at t = 305.0 s. The tags no longer account for the field they partition; see output/a2_first_order_dt2p5/output_0000/water_tag_closure.csv.
└ @ ClimaAtmos ~/git/ClimaAtmosResiDyn.jl/src/parameterized_tendencies/tagged_tracers/tagged_tracers.jl:590
┌ Warning: water tag closure residual 6.083624019196125e-6 exceeds the configured tolerance 1.0e-10 at t = 307.5 s. The tags no longer account for the field they partition; see output/a2_first_order_dt2p5/output_0000/water_tag_closure.csv.
└ @ ClimaAtmos ~/git/ClimaAtmosResiDyn.jl/src/parameterized_tendencies/tagged_tracers/tagged_tracers.jl:590
┌ Warning: water tag closure residual 6.083360254125785e-6 exceeds the configured tolerance 1.0e-10 at t = 310.0 s. The tags no longer account for the field they partition; see output/a2_first_order_dt2p5/output_0000/water_tag_closure.csv.
└ @ ClimaAtmos ~/git/ClimaAtmosResiDyn.jl/src/parameterized_tendencies/tagged_tracers/tagged_tracers.jl:590
┌ Warning: water tag closure residual 6.083096590814656e-6 exceeds the configured tolerance 1.0e-10 at t = 312.5 s. The tags no longer account for the field they partition; see output/a2_first_order_dt2p5/output_0000/water_tag_closure.csv.
└ @ ClimaAtmos ~/git/ClimaAtmosResiDyn.jl/src/parameterized_tendencies/tagged_tracers/tagged_tracers.jl:590
┌ Warning: water tag closure residual 6.082833125212745e-6 exceeds the configured tolerance 1.0e-10 at t = 315.0 s. The tags no longer account for the field they partition; see output/a2_first_order_dt2p5/output_0000/water_tag_closure.csv.
└ @ ClimaAtmos ~/git/ClimaAtmosResiDyn.jl/src/parameterized_tendencies/tagged_tracers/tagged_tracers.jl:590
┌ Warning: water tag closure residual 6.0825699225383885e-6 exceeds the configured tolerance 1.0e-10 at t = 317.5 s. The tags no longer account for the field they partition; see output/a2_first_order_dt2p5/output_0000/water_tag_closure.csv.
└ @ ClimaAtmos ~/git/ClimaAtmosResiDyn.jl/src/parameterized_tendencies/tagged_tracers/tagged_tracers.jl:590
┌ Warning: water tag closure residual 6.082306851242339e-6 exceeds the configured tolerance 1.0e-10 at t = 320.0 s. The tags no longer account for the field they partition; see output/a2_first_order_dt2p5/output_0000/water_tag_closure.csv.
└ @ ClimaAtmos ~/git/ClimaAtmosResiDyn.jl/src/parameterized_tendencies/tagged_tracers/tagged_tracers.jl:590
┌ Info: Progress
│   simulation_time = "5 minutes, 20 seconds"
│   n_steps_completed = 128
│   wall_time_per_step = "11 milliseconds, 160 microseconds"
│   wall_time_total = "16 seconds, 71 milliseconds"
│   wall_time_remaining = "14 seconds, 642 milliseconds"
│   wall_time_spent = "1 second, 428 milliseconds"
│   percent_complete = "8.9%"
│   estimated_sypd = "0.613"
│   instantaneous_sypd = "2.182"
│   date_now = 2026-09-10T00:49:35.342
└   estimated_finish_date = 2026-09-10T00:49:50.342
┌ Warning: water tag closure residual 6.0820438241866e-6 exceeds the configured tolerance 1.0e-10 at t = 322.5 s. The tags no longer account for the field they partition; see output/a2_first_order_dt2p5/output_0000/water_tag_closure.csv.
└ @ ClimaAtmos ~/git/ClimaAtmosResiDyn.jl/src/parameterized_tendencies/tagged_tracers/tagged_tracers.jl:590
┌ Warning: water tag closure residual 6.081781142908147e-6 exceeds the configured tolerance 1.0e-10 at t = 325.0 s. The tags no longer account for the field they partition; see output/a2_first_order_dt2p5/output_0000/water_tag_closure.csv.
└ @ ClimaAtmos ~/git/ClimaAtmosResiDyn.jl/src/parameterized_tendencies/tagged_tracers/tagged_tracers.jl:590
┌ Warning: water tag closure residual 6.081518487838289e-6 exceeds the configured tolerance 1.0e-10 at t = 327.5 s. The tags no longer account for the field they partition; see output/a2_first_order_dt2p5/output_0000/water_tag_closure.csv.
└ @ ClimaAtmos ~/git/ClimaAtmosResiDyn.jl/src/parameterized_tendencies/tagged_tracers/tagged_tracers.jl:590
┌ Warning: water tag closure residual 6.08125659448025e-6 exceeds the configured tolerance 1.0e-10 at t = 330.0 s. The tags no longer account for the field they partition; see output/a2_first_order_dt2p5/output_0000/water_tag_closure.csv.
└ @ ClimaAtmos ~/git/ClimaAtmosResiDyn.jl/src/parameterized_tendencies/tagged_tracers/tagged_tracers.jl:590
┌ Warning: water tag closure residual 6.080993740032829e-6 exceeds the configured tolerance 1.0e-10 at t = 332.5 s. The tags no longer account for the field they partition; see output/a2_first_order_dt2p5/output_0000/water_tag_closure.csv.
└ @ ClimaAtmos ~/git/ClimaAtmosResiDyn.jl/src/parameterized_tendencies/tagged_tracers/tagged_tracers.jl:590
┌ Warning: water tag closure residual 6.080733477325123e-6 exceeds the configured tolerance 1.0e-10 at t = 335.0 s. The tags no longer account for the field they partition; see output/a2_first_order_dt2p5/output_0000/water_tag_closure.csv.
└ @ ClimaAtmos ~/git/ClimaAtmosResiDyn.jl/src/parameterized_tendencies/tagged_tracers/tagged_tracers.jl:590
┌ Warning: water tag closure residual 6.080470134523785e-6 exceeds the configured tolerance 1.0e-10 at t = 337.5 s. The tags no longer account for the field they partition; see output/a2_first_order_dt2p5/output_0000/water_tag_closure.csv.
└ @ ClimaAtmos ~/git/ClimaAtmosResiDyn.jl/src/parameterized_tendencies/tagged_tracers/tagged_tracers.jl:590
┌ Warning: water tag closure residual 6.080209856043968e-6 exceeds the configured tolerance 1.0e-10 at t = 340.0 s. The tags no longer account for the field they partition; see output/a2_first_order_dt2p5/output_0000/water_tag_closure.csv.
└ @ ClimaAtmos ~/git/ClimaAtmosResiDyn.jl/src/parameterized_tendencies/tagged_tracers/tagged_tracers.jl:590
┌ Warning: water tag closure residual 6.079943856790229e-6 exceeds the configured tolerance 1.0e-10 at t = 342.5 s. The tags no longer account for the field they partition; see output/a2_first_order_dt2p5/output_0000/water_tag_closure.csv.
└ @ ClimaAtmos ~/git/ClimaAtmosResiDyn.jl/src/parameterized_tendencies/tagged_tracers/tagged_tracers.jl:590
┌ Warning: water tag closure residual 6.079658779370766e-6 exceeds the configured tolerance 1.0e-10 at t = 345.0 s. The tags no longer account for the field they partition; see output/a2_first_order_dt2p5/output_0000/water_tag_closure.csv.
└ @ ClimaAtmos ~/git/ClimaAtmosResiDyn.jl/src/parameterized_tendencies/tagged_tracers/tagged_tracers.jl:590
┌ Warning: water tag closure residual 6.079387187950375e-6 exceeds the configured tolerance 1.0e-10 at t = 347.5 s. The tags no longer account for the field they partition; see output/a2_first_order_dt2p5/output_0000/water_tag_closure.csv.
└ @ ClimaAtmos ~/git/ClimaAtmosResiDyn.jl/src/parameterized_tendencies/tagged_tracers/tagged_tracers.jl:590
┌ Warning: water tag closure residual 6.079129853330684e-6 exceeds the configured tolerance 1.0e-10 at t = 350.0 s. The tags no longer account for the field they partition; see output/a2_first_order_dt2p5/output_0000/water_tag_closure.csv.
└ @ ClimaAtmos ~/git/ClimaAtmosResiDyn.jl/src/parameterized_tendencies/tagged_tracers/tagged_tracers.jl:590
┌ Warning: water tag closure residual 6.078873080003692e-6 exceeds the configured tolerance 1.0e-10 at t = 352.5 s. The tags no longer account for the field they partition; see output/a2_first_order_dt2p5/output_0000/water_tag_closure.csv.
└ @ ClimaAtmos ~/git/ClimaAtmosResiDyn.jl/src/parameterized_tendencies/tagged_tracers/tagged_tracers.jl:590
┌ Warning: water tag closure residual 6.0786125589354705e-6 exceeds the configured tolerance 1.0e-10 at t = 355.0 s. The tags no longer account for the field they partition; see output/a2_first_order_dt2p5/output_0000/water_tag_closure.csv.
└ @ ClimaAtmos ~/git/ClimaAtmosResiDyn.jl/src/parameterized_tendencies/tagged_tracers/tagged_tracers.jl:590
┌ Warning: water tag closure residual 6.078341895947936e-6 exceeds the configured tolerance 1.0e-10 at t = 357.5 s. The tags no longer account for the field they partition; see output/a2_first_order_dt2p5/output_0000/water_tag_closure.csv.
└ @ ClimaAtmos ~/git/ClimaAtmosResiDyn.jl/src/parameterized_tendencies/tagged_tracers/tagged_tracers.jl:590
┌ Warning: water tag closure residual 6.07807766075512e-6 exceeds the configured tolerance 1.0e-10 at t = 360.0 s. The tags no longer account for the field they partition; see output/a2_first_order_dt2p5/output_0000/water_tag_closure.csv.
└ @ ClimaAtmos ~/git/ClimaAtmosResiDyn.jl/src/parameterized_tendencies/tagged_tracers/tagged_tracers.jl:590
┌ Warning: water tag closure residual 6.077784665540295e-6 exceeds the configured tolerance 1.0e-10 at t = 362.5 s. The tags no longer account for the field they partition; see output/a2_first_order_dt2p5/output_0000/water_tag_closure.csv.
└ @ ClimaAtmos ~/git/ClimaAtmosResiDyn.jl/src/parameterized_tendencies/tagged_tracers/tagged_tracers.jl:590
┌ Warning: water tag closure residual 6.077507302662361e-6 exceeds the configured tolerance 1.0e-10 at t = 365.0 s. The tags no longer account for the field they partition; see output/a2_first_order_dt2p5/output_0000/water_tag_closure.csv.
└ @ ClimaAtmos ~/git/ClimaAtmosResiDyn.jl/src/parameterized_tendencies/tagged_tracers/tagged_tracers.jl:590
┌ Warning: water tag closure residual 6.077251563068685e-6 exceeds the configured tolerance 1.0e-10 at t = 367.5 s. The tags no longer account for the field they partition; see output/a2_first_order_dt2p5/output_0000/water_tag_closure.csv.
└ @ ClimaAtmos ~/git/ClimaAtmosResiDyn.jl/src/parameterized_tendencies/tagged_tracers/tagged_tracers.jl:590
┌ Warning: water tag closure residual 6.076998022215854e-6 exceeds the configured tolerance 1.0e-10 at t = 370.0 s. The tags no longer account for the field they partition; see output/a2_first_order_dt2p5/output_0000/water_tag_closure.csv.
└ @ ClimaAtmos ~/git/ClimaAtmosResiDyn.jl/src/parameterized_tendencies/tagged_tracers/tagged_tracers.jl:590
┌ Warning: water tag closure residual 6.076709307962127e-6 exceeds the configured tolerance 1.0e-10 at t = 372.5 s. The tags no longer account for the field they partition; see output/a2_first_order_dt2p5/output_0000/water_tag_closure.csv.
└ @ ClimaAtmos ~/git/ClimaAtmosResiDyn.jl/src/parameterized_tendencies/tagged_tracers/tagged_tracers.jl:590
┌ Warning: water tag closure residual 6.076419439672065e-6 exceeds the configured tolerance 1.0e-10 at t = 375.0 s. The tags no longer account for the field they partition; see output/a2_first_order_dt2p5/output_0000/water_tag_closure.csv.
└ @ ClimaAtmos ~/git/ClimaAtmosResiDyn.jl/src/parameterized_tendencies/tagged_tracers/tagged_tracers.jl:590
┌ Warning: water tag closure residual 6.076143971029913e-6 exceeds the configured tolerance 1.0e-10 at t = 377.5 s. The tags no longer account for the field they partition; see output/a2_first_order_dt2p5/output_0000/water_tag_closure.csv.
└ @ ClimaAtmos ~/git/ClimaAtmosResiDyn.jl/src/parameterized_tendencies/tagged_tracers/tagged_tracers.jl:590
┌ Warning: water tag closure residual 6.075887856412405e-6 exceeds the configured tolerance 1.0e-10 at t = 380.0 s. The tags no longer account for the field they partition; see output/a2_first_order_dt2p5/output_0000/water_tag_closure.csv.
└ @ ClimaAtmos ~/git/ClimaAtmosResiDyn.jl/src/parameterized_tendencies/tagged_tracers/tagged_tracers.jl:590
┌ Warning: water tag closure residual 6.075635147418729e-6 exceeds the configured tolerance 1.0e-10 at t = 382.5 s. The tags no longer account for the field they partition; see output/a2_first_order_dt2p5/output_0000/water_tag_closure.csv.
└ @ ClimaAtmos ~/git/ClimaAtmosResiDyn.jl/src/parameterized_tendencies/tagged_tracers/tagged_tracers.jl:590
┌ Warning: water tag closure residual 6.075374880840019e-6 exceeds the configured tolerance 1.0e-10 at t = 385.0 s. The tags no longer account for the field they partition; see output/a2_first_order_dt2p5/output_0000/water_tag_closure.csv.
└ @ ClimaAtmos ~/git/ClimaAtmosResiDyn.jl/src/parameterized_tendencies/tagged_tracers/tagged_tracers.jl:590
┌ Warning: water tag closure residual 6.0751201703273805e-6 exceeds the configured tolerance 1.0e-10 at t = 387.5 s. The tags no longer account for the field they partition; see output/a2_first_order_dt2p5/output_0000/water_tag_closure.csv.
└ @ ClimaAtmos ~/git/ClimaAtmosResiDyn.jl/src/parameterized_tendencies/tagged_tracers/tagged_tracers.jl:590
┌ Warning: water tag closure residual 6.074864140150407e-6 exceeds the configured tolerance 1.0e-10 at t = 390.0 s. The tags no longer account for the field they partition; see output/a2_first_order_dt2p5/output_0000/water_tag_closure.csv.
└ @ ClimaAtmos ~/git/ClimaAtmosResiDyn.jl/src/parameterized_tendencies/tagged_tracers/tagged_tracers.jl:590
┌ Warning: water tag closure residual 6.074608950507107e-6 exceeds the configured tolerance 1.0e-10 at t = 392.5 s. The tags no longer account for the field they partition; see output/a2_first_order_dt2p5/output_0000/water_tag_closure.csv.
└ @ ClimaAtmos ~/git/ClimaAtmosResiDyn.jl/src/parameterized_tendencies/tagged_tracers/tagged_tracers.jl:590
┌ Warning: water tag closure residual 6.074352487698513e-6 exceeds the configured tolerance 1.0e-10 at t = 395.0 s. The tags no longer account for the field they partition; see output/a2_first_order_dt2p5/output_0000/water_tag_closure.csv.
└ @ ClimaAtmos ~/git/ClimaAtmosResiDyn.jl/src/parameterized_tendencies/tagged_tracers/tagged_tracers.jl:590
┌ Warning: water tag closure residual 6.074081690886157e-6 exceeds the configured tolerance 1.0e-10 at t = 397.5 s. The tags no longer account for the field they partition; see output/a2_first_order_dt2p5/output_0000/water_tag_closure.csv.
└ @ ClimaAtmos ~/git/ClimaAtmosResiDyn.jl/src/parameterized_tendencies/tagged_tracers/tagged_tracers.jl:590
┌ Warning: water tag closure residual 6.07380874009799e-6 exceeds the configured tolerance 1.0e-10 at t = 400.0 s. The tags no longer account for the field they partition; see output/a2_first_order_dt2p5/output_0000/water_tag_closure.csv.
└ @ ClimaAtmos ~/git/ClimaAtmosResiDyn.jl/src/parameterized_tendencies/tagged_tracers/tagged_tracers.jl:590
┌ Warning: water tag closure residual 6.073536644459052e-6 exceeds the configured tolerance 1.0e-10 at t = 402.5 s. The tags no longer account for the field they partition; see output/a2_first_order_dt2p5/output_0000/water_tag_closure.csv.
└ @ ClimaAtmos ~/git/ClimaAtmosResiDyn.jl/src/parameterized_tendencies/tagged_tracers/tagged_tracers.jl:590
┌ Warning: water tag closure residual 6.073266586720905e-6 exceeds the configured tolerance 1.0e-10 at t = 405.0 s. The tags no longer account for the field they partition; see output/a2_first_order_dt2p5/output_0000/water_tag_closure.csv.
└ @ ClimaAtmos ~/git/ClimaAtmosResiDyn.jl/src/parameterized_tendencies/tagged_tracers/tagged_tracers.jl:590
┌ Warning: water tag closure residual 6.07298172728749e-6 exceeds the configured tolerance 1.0e-10 at t = 407.5 s. The tags no longer account for the field they partition; see output/a2_first_order_dt2p5/output_0000/water_tag_closure.csv.
└ @ ClimaAtmos ~/git/ClimaAtmosResiDyn.jl/src/parameterized_tendencies/tagged_tracers/tagged_tracers.jl:590
┌ Warning: water tag closure residual 6.0727094524859296e-6 exceeds the configured tolerance 1.0e-10 at t = 410.0 s. The tags no longer account for the field they partition; see output/a2_first_order_dt2p5/output_0000/water_tag_closure.csv.
└ @ ClimaAtmos ~/git/ClimaAtmosResiDyn.jl/src/parameterized_tendencies/tagged_tracers/tagged_tracers.jl:590
┌ Warning: water tag closure residual 6.0724565101515e-6 exceeds the configured tolerance 1.0e-10 at t = 412.5 s. The tags no longer account for the field they partition; see output/a2_first_order_dt2p5/output_0000/water_tag_closure.csv.
└ @ ClimaAtmos ~/git/ClimaAtmosResiDyn.jl/src/parameterized_tendencies/tagged_tracers/tagged_tracers.jl:590
┌ Warning: water tag closure residual 6.072205234995761e-6 exceeds the configured tolerance 1.0e-10 at t = 415.0 s. The tags no longer account for the field they partition; see output/a2_first_order_dt2p5/output_0000/water_tag_closure.csv.
└ @ ClimaAtmos ~/git/ClimaAtmosResiDyn.jl/src/parameterized_tendencies/tagged_tracers/tagged_tracers.jl:590
┌ Warning: water tag closure residual 6.071949669498004e-6 exceeds the configured tolerance 1.0e-10 at t = 417.5 s. The tags no longer account for the field they partition; see output/a2_first_order_dt2p5/output_0000/water_tag_closure.csv.
└ @ ClimaAtmos ~/git/ClimaAtmosResiDyn.jl/src/parameterized_tendencies/tagged_tracers/tagged_tracers.jl:590
┌ Warning: water tag closure residual 6.0716957438304855e-6 exceeds the configured tolerance 1.0e-10 at t = 420.0 s. The tags no longer account for the field they partition; see output/a2_first_order_dt2p5/output_0000/water_tag_closure.csv.
└ @ ClimaAtmos ~/git/ClimaAtmosResiDyn.jl/src/parameterized_tendencies/tagged_tracers/tagged_tracers.jl:590
┌ Warning: water tag closure residual 6.071441479141828e-6 exceeds the configured tolerance 1.0e-10 at t = 422.5 s. The tags no longer account for the field they partition; see output/a2_first_order_dt2p5/output_0000/water_tag_closure.csv.
└ @ ClimaAtmos ~/git/ClimaAtmosResiDyn.jl/src/parameterized_tendencies/tagged_tracers/tagged_tracers.jl:590
┌ Warning: water tag closure residual 6.071189421315703e-6 exceeds the configured tolerance 1.0e-10 at t = 425.0 s. The tags no longer account for the field they partition; see output/a2_first_order_dt2p5/output_0000/water_tag_closure.csv.
└ @ ClimaAtmos ~/git/ClimaAtmosResiDyn.jl/src/parameterized_tendencies/tagged_tracers/tagged_tracers.jl:590
┌ Warning: water tag closure residual 6.0709356725896726e-6 exceeds the configured tolerance 1.0e-10 at t = 427.5 s. The tags no longer account for the field they partition; see output/a2_first_order_dt2p5/output_0000/water_tag_closure.csv.
└ @ ClimaAtmos ~/git/ClimaAtmosResiDyn.jl/src/parameterized_tendencies/tagged_tracers/tagged_tracers.jl:590
┌ Warning: water tag closure residual 6.070681695780331e-6 exceeds the configured tolerance 1.0e-10 at t = 430.0 s. The tags no longer account for the field they partition; see output/a2_first_order_dt2p5/output_0000/water_tag_closure.csv.
└ @ ClimaAtmos ~/git/ClimaAtmosResiDyn.jl/src/parameterized_tendencies/tagged_tracers/tagged_tracers.jl:590
┌ Warning: water tag closure residual 6.07042919918799e-6 exceeds the configured tolerance 1.0e-10 at t = 432.5 s. The tags no longer account for the field they partition; see output/a2_first_order_dt2p5/output_0000/water_tag_closure.csv.
└ @ ClimaAtmos ~/git/ClimaAtmosResiDyn.jl/src/parameterized_tendencies/tagged_tracers/tagged_tracers.jl:590
┌ Warning: water tag closure residual 6.0701769117188656e-6 exceeds the configured tolerance 1.0e-10 at t = 435.0 s. The tags no longer account for the field they partition; see output/a2_first_order_dt2p5/output_0000/water_tag_closure.csv.
└ @ ClimaAtmos ~/git/ClimaAtmosResiDyn.jl/src/parameterized_tendencies/tagged_tracers/tagged_tracers.jl:590
┌ Warning: water tag closure residual 6.069905937664091e-6 exceeds the configured tolerance 1.0e-10 at t = 437.5 s. The tags no longer account for the field they partition; see output/a2_first_order_dt2p5/output_0000/water_tag_closure.csv.
└ @ ClimaAtmos ~/git/ClimaAtmosResiDyn.jl/src/parameterized_tendencies/tagged_tracers/tagged_tracers.jl:590
┌ Warning: water tag closure residual 6.069631426884532e-6 exceeds the configured tolerance 1.0e-10 at t = 440.0 s. The tags no longer account for the field they partition; see output/a2_first_order_dt2p5/output_0000/water_tag_closure.csv.
└ @ ClimaAtmos ~/git/ClimaAtmosResiDyn.jl/src/parameterized_tendencies/tagged_tracers/tagged_tracers.jl:590
┌ Warning: water tag closure residual 6.069366543403192e-6 exceeds the configured tolerance 1.0e-10 at t = 442.5 s. The tags no longer account for the field they partition; see output/a2_first_order_dt2p5/output_0000/water_tag_closure.csv.
└ @ ClimaAtmos ~/git/ClimaAtmosResiDyn.jl/src/parameterized_tendencies/tagged_tracers/tagged_tracers.jl:590
┌ Warning: water tag closure residual 6.069114651725559e-6 exceeds the configured tolerance 1.0e-10 at t = 445.0 s. The tags no longer account for the field they partition; see output/a2_first_order_dt2p5/output_0000/water_tag_closure.csv.
└ @ ClimaAtmos ~/git/ClimaAtmosResiDyn.jl/src/parameterized_tendencies/tagged_tracers/tagged_tracers.jl:590
┌ Warning: water tag closure residual 6.068865822416862e-6 exceeds the configured tolerance 1.0e-10 at t = 447.5 s. The tags no longer account for the field they partition; see output/a2_first_order_dt2p5/output_0000/water_tag_closure.csv.
└ @ ClimaAtmos ~/git/ClimaAtmosResiDyn.jl/src/parameterized_tendencies/tagged_tracers/tagged_tracers.jl:590
┌ Warning: water tag closure residual 6.068611723720505e-6 exceeds the configured tolerance 1.0e-10 at t = 450.0 s. The tags no longer account for the field they partition; see output/a2_first_order_dt2p5/output_0000/water_tag_closure.csv.
└ @ ClimaAtmos ~/git/ClimaAtmosResiDyn.jl/src/parameterized_tendencies/tagged_tracers/tagged_tracers.jl:590
┌ Warning: water tag closure residual 6.06836065579325e-6 exceeds the configured tolerance 1.0e-10 at t = 452.5 s. The tags no longer account for the field they partition; see output/a2_first_order_dt2p5/output_0000/water_tag_closure.csv.
└ @ ClimaAtmos ~/git/ClimaAtmosResiDyn.jl/src/parameterized_tendencies/tagged_tracers/tagged_tracers.jl:590
┌ Warning: water tag closure residual 6.06810905849575e-6 exceeds the configured tolerance 1.0e-10 at t = 455.0 s. The tags no longer account for the field they partition; see output/a2_first_order_dt2p5/output_0000/water_tag_closure.csv.
└ @ ClimaAtmos ~/git/ClimaAtmosResiDyn.jl/src/parameterized_tendencies/tagged_tracers/tagged_tracers.jl:590
┌ Warning: water tag closure residual 6.067858550969006e-6 exceeds the configured tolerance 1.0e-10 at t = 457.5 s. The tags no longer account for the field they partition; see output/a2_first_order_dt2p5/output_0000/water_tag_closure.csv.
└ @ ClimaAtmos ~/git/ClimaAtmosResiDyn.jl/src/parameterized_tendencies/tagged_tracers/tagged_tracers.jl:590
┌ Warning: water tag closure residual 6.067606995831932e-6 exceeds the configured tolerance 1.0e-10 at t = 460.0 s. The tags no longer account for the field they partition; see output/a2_first_order_dt2p5/output_0000/water_tag_closure.csv.
└ @ ClimaAtmos ~/git/ClimaAtmosResiDyn.jl/src/parameterized_tendencies/tagged_tracers/tagged_tracers.jl:590
┌ Warning: water tag closure residual 6.067355674265682e-6 exceeds the configured tolerance 1.0e-10 at t = 462.5 s. The tags no longer account for the field they partition; see output/a2_first_order_dt2p5/output_0000/water_tag_closure.csv.
└ @ ClimaAtmos ~/git/ClimaAtmosResiDyn.jl/src/parameterized_tendencies/tagged_tracers/tagged_tracers.jl:590
┌ Warning: water tag closure residual 6.067105469204098e-6 exceeds the configured tolerance 1.0e-10 at t = 465.0 s. The tags no longer account for the field they partition; see output/a2_first_order_dt2p5/output_0000/water_tag_closure.csv.
└ @ ClimaAtmos ~/git/ClimaAtmosResiDyn.jl/src/parameterized_tendencies/tagged_tracers/tagged_tracers.jl:590
┌ Warning: water tag closure residual 6.066855012636383e-6 exceeds the configured tolerance 1.0e-10 at t = 467.5 s. The tags no longer account for the field they partition; see output/a2_first_order_dt2p5/output_0000/water_tag_closure.csv.
└ @ ClimaAtmos ~/git/ClimaAtmosResiDyn.jl/src/parameterized_tendencies/tagged_tracers/tagged_tracers.jl:590
┌ Warning: water tag closure residual 6.0666042693115495e-6 exceeds the configured tolerance 1.0e-10 at t = 470.0 s. The tags no longer account for the field they partition; see output/a2_first_order_dt2p5/output_0000/water_tag_closure.csv.
└ @ ClimaAtmos ~/git/ClimaAtmosResiDyn.jl/src/parameterized_tendencies/tagged_tracers/tagged_tracers.jl:590
┌ Warning: water tag closure residual 6.066348571734543e-6 exceeds the configured tolerance 1.0e-10 at t = 472.5 s. The tags no longer account for the field they partition; see output/a2_first_order_dt2p5/output_0000/water_tag_closure.csv.
└ @ ClimaAtmos ~/git/ClimaAtmosResiDyn.jl/src/parameterized_tendencies/tagged_tracers/tagged_tracers.jl:590
┌ Warning: water tag closure residual 6.066088518492489e-6 exceeds the configured tolerance 1.0e-10 at t = 475.0 s. The tags no longer account for the field they partition; see output/a2_first_order_dt2p5/output_0000/water_tag_closure.csv.
└ @ ClimaAtmos ~/git/ClimaAtmosResiDyn.jl/src/parameterized_tendencies/tagged_tracers/tagged_tracers.jl:590
┌ Warning: water tag closure residual 6.065811620903429e-6 exceeds the configured tolerance 1.0e-10 at t = 477.5 s. The tags no longer account for the field they partition; see output/a2_first_order_dt2p5/output_0000/water_tag_closure.csv.
└ @ ClimaAtmos ~/git/ClimaAtmosResiDyn.jl/src/parameterized_tendencies/tagged_tracers/tagged_tracers.jl:590
┌ Warning: water tag closure residual 6.0655470219013786e-6 exceeds the configured tolerance 1.0e-10 at t = 480.0 s. The tags no longer account for the field they partition; see output/a2_first_order_dt2p5/output_0000/water_tag_closure.csv.
└ @ ClimaAtmos ~/git/ClimaAtmosResiDyn.jl/src/parameterized_tendencies/tagged_tracers/tagged_tracers.jl:590
┌ Warning: water tag closure residual 6.065298656197477e-6 exceeds the configured tolerance 1.0e-10 at t = 482.5 s. The tags no longer account for the field they partition; see output/a2_first_order_dt2p5/output_0000/water_tag_closure.csv.
└ @ ClimaAtmos ~/git/ClimaAtmosResiDyn.jl/src/parameterized_tendencies/tagged_tracers/tagged_tracers.jl:590
┌ Warning: water tag closure residual 6.065052530589666e-6 exceeds the configured tolerance 1.0e-10 at t = 485.0 s. The tags no longer account for the field they partition; see output/a2_first_order_dt2p5/output_0000/water_tag_closure.csv.
└ @ ClimaAtmos ~/git/ClimaAtmosResiDyn.jl/src/parameterized_tendencies/tagged_tracers/tagged_tracers.jl:590
┌ Warning: water tag closure residual 6.064800887712076e-6 exceeds the configured tolerance 1.0e-10 at t = 487.5 s. The tags no longer account for the field they partition; see output/a2_first_order_dt2p5/output_0000/water_tag_closure.csv.
└ @ ClimaAtmos ~/git/ClimaAtmosResiDyn.jl/src/parameterized_tendencies/tagged_tracers/tagged_tracers.jl:590
┌ Warning: water tag closure residual 6.064551791449889e-6 exceeds the configured tolerance 1.0e-10 at t = 490.0 s. The tags no longer account for the field they partition; see output/a2_first_order_dt2p5/output_0000/water_tag_closure.csv.
└ @ ClimaAtmos ~/git/ClimaAtmosResiDyn.jl/src/parameterized_tendencies/tagged_tracers/tagged_tracers.jl:590
┌ Warning: water tag closure residual 6.0643031040071125e-6 exceeds the configured tolerance 1.0e-10 at t = 492.5 s. The tags no longer account for the field they partition; see output/a2_first_order_dt2p5/output_0000/water_tag_closure.csv.
└ @ ClimaAtmos ~/git/ClimaAtmosResiDyn.jl/src/parameterized_tendencies/tagged_tracers/tagged_tracers.jl:590
┌ Warning: water tag closure residual 6.0640554593841044e-6 exceeds the configured tolerance 1.0e-10 at t = 495.0 s. The tags no longer account for the field they partition; see output/a2_first_order_dt2p5/output_0000/water_tag_closure.csv.
└ @ ClimaAtmos ~/git/ClimaAtmosResiDyn.jl/src/parameterized_tendencies/tagged_tracers/tagged_tracers.jl:590
┌ Warning: water tag closure residual 6.063806045885725e-6 exceeds the configured tolerance 1.0e-10 at t = 497.5 s. The tags no longer account for the field they partition; see output/a2_first_order_dt2p5/output_0000/water_tag_closure.csv.
└ @ ClimaAtmos ~/git/ClimaAtmosResiDyn.jl/src/parameterized_tendencies/tagged_tracers/tagged_tracers.jl:590
┌ Warning: water tag closure residual 6.063557084033334e-6 exceeds the configured tolerance 1.0e-10 at t = 500.0 s. The tags no longer account for the field they partition; see output/a2_first_order_dt2p5/output_0000/water_tag_closure.csv.
└ @ ClimaAtmos ~/git/ClimaAtmosResiDyn.jl/src/parameterized_tendencies/tagged_tracers/tagged_tracers.jl:590
┌ Warning: water tag closure residual 6.063309694738106e-6 exceeds the configured tolerance 1.0e-10 at t = 502.5 s. The tags no longer account for the field they partition; see output/a2_first_order_dt2p5/output_0000/water_tag_closure.csv.
└ @ ClimaAtmos ~/git/ClimaAtmosResiDyn.jl/src/parameterized_tendencies/tagged_tracers/tagged_tracers.jl:590
┌ Info: Progress
│   simulation_time = "8 minutes, 22 seconds"
│   n_steps_completed = 201
│   wall_time_per_step = "8 milliseconds, 265 microseconds"
│   wall_time_total = "11 seconds, 902 milliseconds"
│   wall_time_remaining = "10 seconds, 241 milliseconds"
│   wall_time_spent = "1 second, 661 milliseconds"
│   percent_complete = "14.0%"
│   estimated_sypd = "0.828"
│   instantaneous_sypd = "2.146"
│   date_now = 2026-09-10T00:49:35.574
└   estimated_finish_date = 2026-09-10T00:49:46.574
┌ Warning: water tag closure residual 6.06306185777409e-6 exceeds the configured tolerance 1.0e-10 at t = 505.0 s. The tags no longer account for the field they partition; see output/a2_first_order_dt2p5/output_0000/water_tag_closure.csv.
└ @ ClimaAtmos ~/git/ClimaAtmosResiDyn.jl/src/parameterized_tendencies/tagged_tracers/tagged_tracers.jl:590
┌ Warning: water tag closure residual 6.06281334905709e-6 exceeds the configured tolerance 1.0e-10 at t = 507.5 s. The tags no longer account for the field they partition; see output/a2_first_order_dt2p5/output_0000/water_tag_closure.csv.
└ @ ClimaAtmos ~/git/ClimaAtmosResiDyn.jl/src/parameterized_tendencies/tagged_tracers/tagged_tracers.jl:590
┌ Warning: water tag closure residual 6.062565488322458e-6 exceeds the configured tolerance 1.0e-10 at t = 510.0 s. The tags no longer account for the field they partition; see output/a2_first_order_dt2p5/output_0000/water_tag_closure.csv.
└ @ ClimaAtmos ~/git/ClimaAtmosResiDyn.jl/src/parameterized_tendencies/tagged_tracers/tagged_tracers.jl:590
┌ Warning: water tag closure residual 6.0623184893982546e-6 exceeds the configured tolerance 1.0e-10 at t = 512.5 s. The tags no longer account for the field they partition; see output/a2_first_order_dt2p5/output_0000/water_tag_closure.csv.
└ @ ClimaAtmos ~/git/ClimaAtmosResiDyn.jl/src/parameterized_tendencies/tagged_tracers/tagged_tracers.jl:590
┌ Warning: water tag closure residual 6.062071085780793e-6 exceeds the configured tolerance 1.0e-10 at t = 515.0 s. The tags no longer account for the field they partition; see output/a2_first_order_dt2p5/output_0000/water_tag_closure.csv.
└ @ ClimaAtmos ~/git/ClimaAtmosResiDyn.jl/src/parameterized_tendencies/tagged_tracers/tagged_tracers.jl:590
┌ Warning: water tag closure residual 6.061823403389837e-6 exceeds the configured tolerance 1.0e-10 at t = 517.5 s. The tags no longer account for the field they partition; see output/a2_first_order_dt2p5/output_0000/water_tag_closure.csv.
└ @ ClimaAtmos ~/git/ClimaAtmosResiDyn.jl/src/parameterized_tendencies/tagged_tracers/tagged_tracers.jl:590
┌ Warning: water tag closure residual 6.061576422924619e-6 exceeds the configured tolerance 1.0e-10 at t = 520.0 s. The tags no longer account for the field they partition; see output/a2_first_order_dt2p5/output_0000/water_tag_closure.csv.
└ @ ClimaAtmos ~/git/ClimaAtmosResiDyn.jl/src/parameterized_tendencies/tagged_tracers/tagged_tracers.jl:590
┌ Warning: water tag closure residual 6.06132987042363e-6 exceeds the configured tolerance 1.0e-10 at t = 522.5 s. The tags no longer account for the field they partition; see output/a2_first_order_dt2p5/output_0000/water_tag_closure.csv.
└ @ ClimaAtmos ~/git/ClimaAtmosResiDyn.jl/src/parameterized_tendencies/tagged_tracers/tagged_tracers.jl:590
┌ Warning: water tag closure residual 6.06108302475296e-6 exceeds the configured tolerance 1.0e-10 at t = 525.0 s. The tags no longer account for the field they partition; see output/a2_first_order_dt2p5/output_0000/water_tag_closure.csv.
└ @ ClimaAtmos ~/git/ClimaAtmosResiDyn.jl/src/parameterized_tendencies/tagged_tracers/tagged_tracers.jl:590
┌ Warning: water tag closure residual 6.0608362104812175e-6 exceeds the configured tolerance 1.0e-10 at t = 527.5 s. The tags no longer account for the field they partition; see output/a2_first_order_dt2p5/output_0000/water_tag_closure.csv.
└ @ ClimaAtmos ~/git/ClimaAtmosResiDyn.jl/src/parameterized_tendencies/tagged_tracers/tagged_tracers.jl:590
┌ Warning: water tag closure residual 6.060589955275572e-6 exceeds the configured tolerance 1.0e-10 at t = 530.0 s. The tags no longer account for the field they partition; see output/a2_first_order_dt2p5/output_0000/water_tag_closure.csv.
└ @ ClimaAtmos ~/git/ClimaAtmosResiDyn.jl/src/parameterized_tendencies/tagged_tracers/tagged_tracers.jl:590
┌ Warning: water tag closure residual 6.060343895407438e-6 exceeds the configured tolerance 1.0e-10 at t = 532.5 s. The tags no longer account for the field they partition; see output/a2_first_order_dt2p5/output_0000/water_tag_closure.csv.
└ @ ClimaAtmos ~/git/ClimaAtmosResiDyn.jl/src/parameterized_tendencies/tagged_tracers/tagged_tracers.jl:590
┌ Warning: water tag closure residual 6.060097671402954e-6 exceeds the configured tolerance 1.0e-10 at t = 535.0 s. The tags no longer account for the field they partition; see output/a2_first_order_dt2p5/output_0000/water_tag_closure.csv.
└ @ ClimaAtmos ~/git/ClimaAtmosResiDyn.jl/src/parameterized_tendencies/tagged_tracers/tagged_tracers.jl:590
┌ Warning: water tag closure residual 6.059851639539766e-6 exceeds the configured tolerance 1.0e-10 at t = 537.5 s. The tags no longer account for the field they partition; see output/a2_first_order_dt2p5/output_0000/water_tag_closure.csv.
└ @ ClimaAtmos ~/git/ClimaAtmosResiDyn.jl/src/parameterized_tendencies/tagged_tracers/tagged_tracers.jl:590
┌ Warning: water tag closure residual 6.059606026374643e-6 exceeds the configured tolerance 1.0e-10 at t = 540.0 s. The tags no longer account for the field they partition; see output/a2_first_order_dt2p5/output_0000/water_tag_closure.csv.
└ @ ClimaAtmos ~/git/ClimaAtmosResiDyn.jl/src/parameterized_tendencies/tagged_tracers/tagged_tracers.jl:590
┌ Warning: water tag closure residual 6.059360503674204e-6 exceeds the configured tolerance 1.0e-10 at t = 542.5 s. The tags no longer account for the field they partition; see output/a2_first_order_dt2p5/output_0000/water_tag_closure.csv.
└ @ ClimaAtmos ~/git/ClimaAtmosResiDyn.jl/src/parameterized_tendencies/tagged_tracers/tagged_tracers.jl:590
┌ Warning: water tag closure residual 6.059114945222067e-6 exceeds the configured tolerance 1.0e-10 at t = 545.0 s. The tags no longer account for the field they partition; see output/a2_first_order_dt2p5/output_0000/water_tag_closure.csv.
└ @ ClimaAtmos ~/git/ClimaAtmosResiDyn.jl/src/parameterized_tendencies/tagged_tracers/tagged_tracers.jl:590
┌ Warning: water tag closure residual 6.058869638524805e-6 exceeds the configured tolerance 1.0e-10 at t = 547.5 s. The tags no longer account for the field they partition; see output/a2_first_order_dt2p5/output_0000/water_tag_closure.csv.
└ @ ClimaAtmos ~/git/ClimaAtmosResiDyn.jl/src/parameterized_tendencies/tagged_tracers/tagged_tracers.jl:590
┌ Warning: water tag closure residual 6.0586246339016714e-6 exceeds the configured tolerance 1.0e-10 at t = 550.0 s. The tags no longer account for the field they partition; see output/a2_first_order_dt2p5/output_0000/water_tag_closure.csv.
└ @ ClimaAtmos ~/git/ClimaAtmosResiDyn.jl/src/parameterized_tendencies/tagged_tracers/tagged_tracers.jl:590
┌ Warning: water tag closure residual 6.058379689242155e-6 exceeds the configured tolerance 1.0e-10 at t = 552.5 s. The tags no longer account for the field they partition; see output/a2_first_order_dt2p5/output_0000/water_tag_closure.csv.
└ @ ClimaAtmos ~/git/ClimaAtmosResiDyn.jl/src/parameterized_tendencies/tagged_tracers/tagged_tracers.jl:590
┌ Warning: water tag closure residual 6.058134806389489e-6 exceeds the configured tolerance 1.0e-10 at t = 555.0 s. The tags no longer account for the field they partition; see output/a2_first_order_dt2p5/output_0000/water_tag_closure.csv.
└ @ ClimaAtmos ~/git/ClimaAtmosResiDyn.jl/src/parameterized_tendencies/tagged_tracers/tagged_tracers.jl:590
┌ Warning: water tag closure residual 6.057890179884723e-6 exceeds the configured tolerance 1.0e-10 at t = 557.5 s. The tags no longer account for the field they partition; see output/a2_first_order_dt2p5/output_0000/water_tag_closure.csv.
└ @ ClimaAtmos ~/git/ClimaAtmosResiDyn.jl/src/parameterized_tendencies/tagged_tracers/tagged_tracers.jl:590
┌ Warning: water tag closure residual 6.057645773246072e-6 exceeds the configured tolerance 1.0e-10 at t = 560.0 s. The tags no longer account for the field they partition; see output/a2_first_order_dt2p5/output_0000/water_tag_closure.csv.
└ @ ClimaAtmos ~/git/ClimaAtmosResiDyn.jl/src/parameterized_tendencies/tagged_tracers/tagged_tracers.jl:590
┌ Warning: water tag closure residual 6.057401434836741e-6 exceeds the configured tolerance 1.0e-10 at t = 562.5 s. The tags no longer account for the field they partition; see output/a2_first_order_dt2p5/output_0000/water_tag_closure.csv.
└ @ ClimaAtmos ~/git/ClimaAtmosResiDyn.jl/src/parameterized_tendencies/tagged_tracers/tagged_tracers.jl:590
┌ Warning: water tag closure residual 6.0571572203981195e-6 exceeds the configured tolerance 1.0e-10 at t = 565.0 s. The tags no longer account for the field they partition; see output/a2_first_order_dt2p5/output_0000/water_tag_closure.csv.
└ @ ClimaAtmos ~/git/ClimaAtmosResiDyn.jl/src/parameterized_tendencies/tagged_tracers/tagged_tracers.jl:590
┌ Warning: water tag closure residual 6.056913242222785e-6 exceeds the configured tolerance 1.0e-10 at t = 567.5 s. The tags no longer account for the field they partition; see output/a2_first_order_dt2p5/output_0000/water_tag_closure.csv.
└ @ ClimaAtmos ~/git/ClimaAtmosResiDyn.jl/src/parameterized_tendencies/tagged_tracers/tagged_tracers.jl:590
┌ Warning: water tag closure residual 6.0566694344296285e-6 exceeds the configured tolerance 1.0e-10 at t = 570.0 s. The tags no longer account for the field they partition; see output/a2_first_order_dt2p5/output_0000/water_tag_closure.csv.
└ @ ClimaAtmos ~/git/ClimaAtmosResiDyn.jl/src/parameterized_tendencies/tagged_tracers/tagged_tracers.jl:590
┌ Warning: water tag closure residual 6.05642571762337e-6 exceeds the configured tolerance 1.0e-10 at t = 572.5 s. The tags no longer account for the field they partition; see output/a2_first_order_dt2p5/output_0000/water_tag_closure.csv.
└ @ ClimaAtmos ~/git/ClimaAtmosResiDyn.jl/src/parameterized_tendencies/tagged_tracers/tagged_tracers.jl:590
┌ Warning: water tag closure residual 6.056182158211641e-6 exceeds the configured tolerance 1.0e-10 at t = 575.0 s. The tags no longer account for the field they partition; see output/a2_first_order_dt2p5/output_0000/water_tag_closure.csv.
└ @ ClimaAtmos ~/git/ClimaAtmosResiDyn.jl/src/parameterized_tendencies/tagged_tracers/tagged_tracers.jl:590
┌ Warning: water tag closure residual 6.055938808181677e-6 exceeds the configured tolerance 1.0e-10 at t = 577.5 s. The tags no longer account for the field they partition; see output/a2_first_order_dt2p5/output_0000/water_tag_closure.csv.
└ @ ClimaAtmos ~/git/ClimaAtmosResiDyn.jl/src/parameterized_tendencies/tagged_tracers/tagged_tracers.jl:590
┌ Warning: water tag closure residual 6.055695603849692e-6 exceeds the configured tolerance 1.0e-10 at t = 580.0 s. The tags no longer account for the field they partition; see output/a2_first_order_dt2p5/output_0000/water_tag_closure.csv.
└ @ ClimaAtmos ~/git/ClimaAtmosResiDyn.jl/src/parameterized_tendencies/tagged_tracers/tagged_tracers.jl:590
┌ Warning: water tag closure residual 6.0554525140223e-6 exceeds the configured tolerance 1.0e-10 at t = 582.5 s. The tags no longer account for the field they partition; see output/a2_first_order_dt2p5/output_0000/water_tag_closure.csv.
└ @ ClimaAtmos ~/git/ClimaAtmosResiDyn.jl/src/parameterized_tendencies/tagged_tracers/tagged_tracers.jl:590
┌ Warning: water tag closure residual 6.05520959498671e-6 exceeds the configured tolerance 1.0e-10 at t = 585.0 s. The tags no longer account for the field they partition; see output/a2_first_order_dt2p5/output_0000/water_tag_closure.csv.
└ @ ClimaAtmos ~/git/ClimaAtmosResiDyn.jl/src/parameterized_tendencies/tagged_tracers/tagged_tracers.jl:590
┌ Warning: water tag closure residual 6.054966861340835e-6 exceeds the configured tolerance 1.0e-10 at t = 587.5 s. The tags no longer account for the field they partition; see output/a2_first_order_dt2p5/output_0000/water_tag_closure.csv.
└ @ ClimaAtmos ~/git/ClimaAtmosResiDyn.jl/src/parameterized_tendencies/tagged_tracers/tagged_tracers.jl:590
┌ Warning: water tag closure residual 6.054724264439135e-6 exceeds the configured tolerance 1.0e-10 at t = 590.0 s. The tags no longer account for the field they partition; see output/a2_first_order_dt2p5/output_0000/water_tag_closure.csv.
└ @ ClimaAtmos ~/git/ClimaAtmosResiDyn.jl/src/parameterized_tendencies/tagged_tracers/tagged_tracers.jl:590
┌ Warning: water tag closure residual 6.054481800308023e-6 exceeds the configured tolerance 1.0e-10 at t = 592.5 s. The tags no longer account for the field they partition; see output/a2_first_order_dt2p5/output_0000/water_tag_closure.csv.
└ @ ClimaAtmos ~/git/ClimaAtmosResiDyn.jl/src/parameterized_tendencies/tagged_tracers/tagged_tracers.jl:590
┌ Warning: water tag closure residual 6.054239508493674e-6 exceeds the configured tolerance 1.0e-10 at t = 595.0 s. The tags no longer account for the field they partition; see output/a2_first_order_dt2p5/output_0000/water_tag_closure.csv.
└ @ ClimaAtmos ~/git/ClimaAtmosResiDyn.jl/src/parameterized_tendencies/tagged_tracers/tagged_tracers.jl:590
┌ Warning: water tag closure residual 6.053997384655276e-6 exceeds the configured tolerance 1.0e-10 at t = 597.5 s. The tags no longer account for the field they partition; see output/a2_first_order_dt2p5/output_0000/water_tag_closure.csv.
└ @ ClimaAtmos ~/git/ClimaAtmosResiDyn.jl/src/parameterized_tendencies/tagged_tracers/tagged_tracers.jl:590
┌ Warning: water tag closure residual 6.053755396840651e-6 exceeds the configured tolerance 1.0e-10 at t = 600.0 s. The tags no longer account for the field they partition; see output/a2_first_order_dt2p5/output_0000/water_tag_closure.csv.
└ @ ClimaAtmos ~/git/ClimaAtmosResiDyn.jl/src/parameterized_tendencies/tagged_tracers/tagged_tracers.jl:590
┌ Warning: water tag closure residual 6.0535135537266375e-6 exceeds the configured tolerance 1.0e-10 at t = 602.5 s. The tags no longer account for the field they partition; see output/a2_first_order_dt2p5/output_0000/water_tag_closure.csv.
└ @ ClimaAtmos ~/git/ClimaAtmosResiDyn.jl/src/parameterized_tendencies/tagged_tracers/tagged_tracers.jl:590
┌ Warning: water tag closure residual 6.053271878894286e-6 exceeds the configured tolerance 1.0e-10 at t = 605.0 s. The tags no longer account for the field they partition; see output/a2_first_order_dt2p5/output_0000/water_tag_closure.csv.
└ @ ClimaAtmos ~/git/ClimaAtmosResiDyn.jl/src/parameterized_tendencies/tagged_tracers/tagged_tracers.jl:590
┌ Warning: water tag closure residual 6.053030360674535e-6 exceeds the configured tolerance 1.0e-10 at t = 607.5 s. The tags no longer account for the field they partition; see output/a2_first_order_dt2p5/output_0000/water_tag_closure.csv.
└ @ ClimaAtmos ~/git/ClimaAtmosResiDyn.jl/src/parameterized_tendencies/tagged_tracers/tagged_tracers.jl:590
┌ Warning: water tag closure residual 6.052788981242223e-6 exceeds the configured tolerance 1.0e-10 at t = 610.0 s. The tags no longer account for the field they partition; see output/a2_first_order_dt2p5/output_0000/water_tag_closure.csv.
└ @ ClimaAtmos ~/git/ClimaAtmosResiDyn.jl/src/parameterized_tendencies/tagged_tracers/tagged_tracers.jl:590
┌ Warning: water tag closure residual 6.052547752913978e-6 exceeds the configured tolerance 1.0e-10 at t = 612.5 s. The tags no longer account for the field they partition; see output/a2_first_order_dt2p5/output_0000/water_tag_closure.csv.
└ @ ClimaAtmos ~/git/ClimaAtmosResiDyn.jl/src/parameterized_tendencies/tagged_tracers/tagged_tracers.jl:590
┌ Warning: water tag closure residual 6.0523066872202276e-6 exceeds the configured tolerance 1.0e-10 at t = 615.0 s. The tags no longer account for the field they partition; see output/a2_first_order_dt2p5/output_0000/water_tag_closure.csv.
└ @ ClimaAtmos ~/git/ClimaAtmosResiDyn.jl/src/parameterized_tendencies/tagged_tracers/tagged_tracers.jl:590
┌ Warning: water tag closure residual 6.052065771695093e-6 exceeds the configured tolerance 1.0e-10 at t = 617.5 s. The tags no longer account for the field they partition; see output/a2_first_order_dt2p5/output_0000/water_tag_closure.csv.
└ @ ClimaAtmos ~/git/ClimaAtmosResiDyn.jl/src/parameterized_tendencies/tagged_tracers/tagged_tracers.jl:590
┌ Warning: water tag closure residual 6.051824999090191e-6 exceeds the configured tolerance 1.0e-10 at t = 620.0 s. The tags no longer account for the field they partition; see output/a2_first_order_dt2p5/output_0000/water_tag_closure.csv.
└ @ ClimaAtmos ~/git/ClimaAtmosResiDyn.jl/src/parameterized_tendencies/tagged_tracers/tagged_tracers.jl:590
┌ Warning: water tag closure residual 6.051584379901867e-6 exceeds the configured tolerance 1.0e-10 at t = 622.5 s. The tags no longer account for the field they partition; see output/a2_first_order_dt2p5/output_0000/water_tag_closure.csv.
└ @ ClimaAtmos ~/git/ClimaAtmosResiDyn.jl/src/parameterized_tendencies/tagged_tracers/tagged_tracers.jl:590
┌ Warning: water tag closure residual 6.051343917890343e-6 exceeds the configured tolerance 1.0e-10 at t = 625.0 s. The tags no longer account for the field they partition; see output/a2_first_order_dt2p5/output_0000/water_tag_closure.csv.
└ @ ClimaAtmos ~/git/ClimaAtmosResiDyn.jl/src/parameterized_tendencies/tagged_tracers/tagged_tracers.jl:590
┌ Warning: water tag closure residual 6.051103603175256e-6 exceeds the configured tolerance 1.0e-10 at t = 627.5 s. The tags no longer account for the field they partition; see output/a2_first_order_dt2p5/output_0000/water_tag_closure.csv.
└ @ ClimaAtmos ~/git/ClimaAtmosResiDyn.jl/src/parameterized_tendencies/tagged_tracers/tagged_tracers.jl:590
┌ Warning: water tag closure residual 6.050863433902443e-6 exceeds the configured tolerance 1.0e-10 at t = 630.0 s. The tags no longer account for the field they partition; see output/a2_first_order_dt2p5/output_0000/water_tag_closure.csv.
└ @ ClimaAtmos ~/git/ClimaAtmosResiDyn.jl/src/parameterized_tendencies/tagged_tracers/tagged_tracers.jl:590
┌ Warning: water tag closure residual 6.050623417790437e-6 exceeds the configured tolerance 1.0e-10 at t = 632.5 s. The tags no longer account for the field they partition; see output/a2_first_order_dt2p5/output_0000/water_tag_closure.csv.
└ @ ClimaAtmos ~/git/ClimaAtmosResiDyn.jl/src/parameterized_tendencies/tagged_tracers/tagged_tracers.jl:590
┌ Warning: water tag closure residual 6.050383554374726e-6 exceeds the configured tolerance 1.0e-10 at t = 635.0 s. The tags no longer account for the field they partition; see output/a2_first_order_dt2p5/output_0000/water_tag_closure.csv.
└ @ ClimaAtmos ~/git/ClimaAtmosResiDyn.jl/src/parameterized_tendencies/tagged_tracers/tagged_tracers.jl:590
┌ Warning: water tag closure residual 6.050143836863052e-6 exceeds the configured tolerance 1.0e-10 at t = 637.5 s. The tags no longer account for the field they partition; see output/a2_first_order_dt2p5/output_0000/water_tag_closure.csv.
└ @ ClimaAtmos ~/git/ClimaAtmosResiDyn.jl/src/parameterized_tendencies/tagged_tracers/tagged_tracers.jl:590
┌ Warning: water tag closure residual 6.049904266208211e-6 exceeds the configured tolerance 1.0e-10 at t = 640.0 s. The tags no longer account for the field they partition; see output/a2_first_order_dt2p5/output_0000/water_tag_closure.csv.
└ @ ClimaAtmos ~/git/ClimaAtmosResiDyn.jl/src/parameterized_tendencies/tagged_tracers/tagged_tracers.jl:590
┌ Info: Progress
│   simulation_time = "10 minutes, 40 seconds"
│   n_steps_completed = 256
│   wall_time_per_step = "7 milliseconds, 154 microseconds"
│   wall_time_total = "10 seconds, 302 milliseconds"
│   wall_time_remaining = "8 seconds, 470 milliseconds"
│   wall_time_spent = "1 second, 831 milliseconds"
│   percent_complete = "17.8%"
│   estimated_sypd = "0.957"
│   instantaneous_sypd = "2.213"
│   date_now = 2026-09-10T00:49:35.744
└   estimated_finish_date = 2026-09-10T00:49:44.744
┌ Warning: water tag closure residual 6.049664847244655e-6 exceeds the configured tolerance 1.0e-10 at t = 642.5 s. The tags no longer account for the field they partition; see output/a2_first_order_dt2p5/output_0000/water_tag_closure.csv.
└ @ ClimaAtmos ~/git/ClimaAtmosResiDyn.jl/src/parameterized_tendencies/tagged_tracers/tagged_tracers.jl:590
┌ Warning: water tag closure residual 6.049425577557515e-6 exceeds the configured tolerance 1.0e-10 at t = 645.0 s. The tags no longer account for the field they partition; see output/a2_first_order_dt2p5/output_0000/water_tag_closure.csv.
└ @ ClimaAtmos ~/git/ClimaAtmosResiDyn.jl/src/parameterized_tendencies/tagged_tracers/tagged_tracers.jl:590
┌ Warning: water tag closure residual 6.049186453336575e-6 exceeds the configured tolerance 1.0e-10 at t = 647.5 s. The tags no longer account for the field they partition; see output/a2_first_order_dt2p5/output_0000/water_tag_closure.csv.
└ @ ClimaAtmos ~/git/ClimaAtmosResiDyn.jl/src/parameterized_tendencies/tagged_tracers/tagged_tracers.jl:590
┌ Warning: water tag closure residual 6.0489474764802885e-6 exceeds the configured tolerance 1.0e-10 at t = 650.0 s. The tags no longer account for the field they partition; see output/a2_first_order_dt2p5/output_0000/water_tag_closure.csv.
└ @ ClimaAtmos ~/git/ClimaAtmosResiDyn.jl/src/parameterized_tendencies/tagged_tracers/tagged_tracers.jl:590
┌ Warning: water tag closure residual 6.048708649281956e-6 exceeds the configured tolerance 1.0e-10 at t = 652.5 s. The tags no longer account for the field they partition; see output/a2_first_order_dt2p5/output_0000/water_tag_closure.csv.
└ @ ClimaAtmos ~/git/ClimaAtmosResiDyn.jl/src/parameterized_tendencies/tagged_tracers/tagged_tracers.jl:590
┌ Warning: water tag closure residual 6.048469969086425e-6 exceeds the configured tolerance 1.0e-10 at t = 655.0 s. The tags no longer account for the field they partition; see output/a2_first_order_dt2p5/output_0000/water_tag_closure.csv.
└ @ ClimaAtmos ~/git/ClimaAtmosResiDyn.jl/src/parameterized_tendencies/tagged_tracers/tagged_tracers.jl:590
┌ Warning: water tag closure residual 6.048231433946457e-6 exceeds the configured tolerance 1.0e-10 at t = 657.5 s. The tags no longer account for the field they partition; see output/a2_first_order_dt2p5/output_0000/water_tag_closure.csv.
└ @ ClimaAtmos ~/git/ClimaAtmosResiDyn.jl/src/parameterized_tendencies/tagged_tracers/tagged_tracers.jl:590
┌ Warning: water tag closure residual 6.047993045837734e-6 exceeds the configured tolerance 1.0e-10 at t = 660.0 s. The tags no longer account for the field they partition; see output/a2_first_order_dt2p5/output_0000/water_tag_closure.csv.
└ @ ClimaAtmos ~/git/ClimaAtmosResiDyn.jl/src/parameterized_tendencies/tagged_tracers/tagged_tracers.jl:590
┌ Warning: water tag closure residual 6.047754805347792e-6 exceeds the configured tolerance 1.0e-10 at t = 662.5 s. The tags no longer account for the field they partition; see output/a2_first_order_dt2p5/output_0000/water_tag_closure.csv.
└ @ ClimaAtmos ~/git/ClimaAtmosResiDyn.jl/src/parameterized_tendencies/tagged_tracers/tagged_tracers.jl:590
┌ Warning: water tag closure residual 6.047516710279135e-6 exceeds the configured tolerance 1.0e-10 at t = 665.0 s. The tags no longer account for the field they partition; see output/a2_first_order_dt2p5/output_0000/water_tag_closure.csv.
└ @ ClimaAtmos ~/git/ClimaAtmosResiDyn.jl/src/parameterized_tendencies/tagged_tracers/tagged_tracers.jl:590
┌ Warning: water tag closure residual 6.0472787599280765e-6 exceeds the configured tolerance 1.0e-10 at t = 667.5 s. The tags no longer account for the field they partition; see output/a2_first_order_dt2p5/output_0000/water_tag_closure.csv.
└ @ ClimaAtmos ~/git/ClimaAtmosResiDyn.jl/src/parameterized_tendencies/tagged_tracers/tagged_tracers.jl:590
┌ Warning: water tag closure residual 6.04704095560679e-6 exceeds the configured tolerance 1.0e-10 at t = 670.0 s. The tags no longer account for the field they partition; see output/a2_first_order_dt2p5/output_0000/water_tag_closure.csv.
└ @ ClimaAtmos ~/git/ClimaAtmosResiDyn.jl/src/parameterized_tendencies/tagged_tracers/tagged_tracers.jl:590
┌ Warning: water tag closure residual 6.046803297106856e-6 exceeds the configured tolerance 1.0e-10 at t = 672.5 s. The tags no longer account for the field they partition; see output/a2_first_order_dt2p5/output_0000/water_tag_closure.csv.
└ @ ClimaAtmos ~/git/ClimaAtmosResiDyn.jl/src/parameterized_tendencies/tagged_tracers/tagged_tracers.jl:590
┌ Warning: water tag closure residual 6.046565782874424e-6 exceeds the configured tolerance 1.0e-10 at t = 675.0 s. The tags no longer account for the field they partition; see output/a2_first_order_dt2p5/output_0000/water_tag_closure.csv.
└ @ ClimaAtmos ~/git/ClimaAtmosResiDyn.jl/src/parameterized_tendencies/tagged_tracers/tagged_tracers.jl:590
┌ Warning: water tag closure residual 6.046328412776815e-6 exceeds the configured tolerance 1.0e-10 at t = 677.5 s. The tags no longer account for the field they partition; see output/a2_first_order_dt2p5/output_0000/water_tag_closure.csv.
└ @ ClimaAtmos ~/git/ClimaAtmosResiDyn.jl/src/parameterized_tendencies/tagged_tracers/tagged_tracers.jl:590
┌ Warning: water tag closure residual 6.046091187477478e-6 exceeds the configured tolerance 1.0e-10 at t = 680.0 s. The tags no longer account for the field they partition; see output/a2_first_order_dt2p5/output_0000/water_tag_closure.csv.
└ @ ClimaAtmos ~/git/ClimaAtmosResiDyn.jl/src/parameterized_tendencies/tagged_tracers/tagged_tracers.jl:590
┌ Warning: water tag closure residual 6.04585410639986e-6 exceeds the configured tolerance 1.0e-10 at t = 682.5 s. The tags no longer account for the field they partition; see output/a2_first_order_dt2p5/output_0000/water_tag_closure.csv.
└ @ ClimaAtmos ~/git/ClimaAtmosResiDyn.jl/src/parameterized_tendencies/tagged_tracers/tagged_tracers.jl:590
┌ Warning: water tag closure residual 6.045617168500011e-6 exceeds the configured tolerance 1.0e-10 at t = 685.0 s. The tags no longer account for the field they partition; see output/a2_first_order_dt2p5/output_0000/water_tag_closure.csv.
└ @ ClimaAtmos ~/git/ClimaAtmosResiDyn.jl/src/parameterized_tendencies/tagged_tracers/tagged_tracers.jl:590
┌ Warning: water tag closure residual 6.045380373982193e-6 exceeds the configured tolerance 1.0e-10 at t = 687.5 s. The tags no longer account for the field they partition; see output/a2_first_order_dt2p5/output_0000/water_tag_closure.csv.
└ @ ClimaAtmos ~/git/ClimaAtmosResiDyn.jl/src/parameterized_tendencies/tagged_tracers/tagged_tracers.jl:590
┌ Warning: water tag closure residual 6.045143723102673e-6 exceeds the configured tolerance 1.0e-10 at t = 690.0 s. The tags no longer account for the field they partition; see output/a2_first_order_dt2p5/output_0000/water_tag_closure.csv.
└ @ ClimaAtmos ~/git/ClimaAtmosResiDyn.jl/src/parameterized_tendencies/tagged_tracers/tagged_tracers.jl:590
┌ Warning: water tag closure residual 6.044907215060685e-6 exceeds the configured tolerance 1.0e-10 at t = 692.5 s. The tags no longer account for the field they partition; see output/a2_first_order_dt2p5/output_0000/water_tag_closure.csv.
└ @ ClimaAtmos ~/git/ClimaAtmosResiDyn.jl/src/parameterized_tendencies/tagged_tracers/tagged_tracers.jl:590
┌ Warning: water tag closure residual 6.044670849304549e-6 exceeds the configured tolerance 1.0e-10 at t = 695.0 s. The tags no longer account for the field they partition; see output/a2_first_order_dt2p5/output_0000/water_tag_closure.csv.
└ @ ClimaAtmos ~/git/ClimaAtmosResiDyn.jl/src/parameterized_tendencies/tagged_tracers/tagged_tracers.jl:590
┌ Warning: water tag closure residual 6.04443462586381e-6 exceeds the configured tolerance 1.0e-10 at t = 697.5 s. The tags no longer account for the field they partition; see output/a2_first_order_dt2p5/output_0000/water_tag_closure.csv.
└ @ ClimaAtmos ~/git/ClimaAtmosResiDyn.jl/src/parameterized_tendencies/tagged_tracers/tagged_tracers.jl:590
┌ Warning: water tag closure residual 6.044198544660529e-6 exceeds the configured tolerance 1.0e-10 at t = 700.0 s. The tags no longer account for the field they partition; see output/a2_first_order_dt2p5/output_0000/water_tag_closure.csv.
└ @ ClimaAtmos ~/git/ClimaAtmosResiDyn.jl/src/parameterized_tendencies/tagged_tracers/tagged_tracers.jl:590
┌ Warning: water tag closure residual 6.043962605290875e-6 exceeds the configured tolerance 1.0e-10 at t = 702.5 s. The tags no longer account for the field they partition; see output/a2_first_order_dt2p5/output_0000/water_tag_closure.csv.
└ @ ClimaAtmos ~/git/ClimaAtmosResiDyn.jl/src/parameterized_tendencies/tagged_tracers/tagged_tracers.jl:590
┌ Warning: water tag closure residual 6.043726807154652e-6 exceeds the configured tolerance 1.0e-10 at t = 705.0 s. The tags no longer account for the field they partition; see output/a2_first_order_dt2p5/output_0000/water_tag_closure.csv.
└ @ ClimaAtmos ~/git/ClimaAtmosResiDyn.jl/src/parameterized_tendencies/tagged_tracers/tagged_tracers.jl:590
┌ Warning: water tag closure residual 6.04349115036556e-6 exceeds the configured tolerance 1.0e-10 at t = 707.5 s. The tags no longer account for the field they partition; see output/a2_first_order_dt2p5/output_0000/water_tag_closure.csv.
└ @ ClimaAtmos ~/git/ClimaAtmosResiDyn.jl/src/parameterized_tendencies/tagged_tracers/tagged_tracers.jl:590
┌ Warning: water tag closure residual 6.043255634803255e-6 exceeds the configured tolerance 1.0e-10 at t = 710.0 s. The tags no longer account for the field they partition; see output/a2_first_order_dt2p5/output_0000/water_tag_closure.csv.
└ @ ClimaAtmos ~/git/ClimaAtmosResiDyn.jl/src/parameterized_tendencies/tagged_tracers/tagged_tracers.jl:590
┌ Warning: water tag closure residual 6.043020259753626e-6 exceeds the configured tolerance 1.0e-10 at t = 712.5 s. The tags no longer account for the field they partition; see output/a2_first_order_dt2p5/output_0000/water_tag_closure.csv.
└ @ ClimaAtmos ~/git/ClimaAtmosResiDyn.jl/src/parameterized_tendencies/tagged_tracers/tagged_tracers.jl:590
┌ Warning: water tag closure residual 6.042785026862004e-6 exceeds the configured tolerance 1.0e-10 at t = 715.0 s. The tags no longer account for the field they partition; see output/a2_first_order_dt2p5/output_0000/water_tag_closure.csv.
└ @ ClimaAtmos ~/git/ClimaAtmosResiDyn.jl/src/parameterized_tendencies/tagged_tracers/tagged_tracers.jl:590
┌ Warning: water tag closure residual 6.0425499378990445e-6 exceeds the configured tolerance 1.0e-10 at t = 717.5 s. The tags no longer account for the field they partition; see output/a2_first_order_dt2p5/output_0000/water_tag_closure.csv.
└ @ ClimaAtmos ~/git/ClimaAtmosResiDyn.jl/src/parameterized_tendencies/tagged_tracers/tagged_tracers.jl:590
┌ Warning: water tag closure residual 6.0423149937919676e-6 exceeds the configured tolerance 1.0e-10 at t = 720.0 s. The tags no longer account for the field they partition; see output/a2_first_order_dt2p5/output_0000/water_tag_closure.csv.
└ @ ClimaAtmos ~/git/ClimaAtmosResiDyn.jl/src/parameterized_tendencies/tagged_tracers/tagged_tracers.jl:590
┌ Warning: water tag closure residual 6.042080194376178e-6 exceeds the configured tolerance 1.0e-10 at t = 722.5 s. The tags no longer account for the field they partition; see output/a2_first_order_dt2p5/output_0000/water_tag_closure.csv.
└ @ ClimaAtmos ~/git/ClimaAtmosResiDyn.jl/src/parameterized_tendencies/tagged_tracers/tagged_tracers.jl:590
┌ Warning: water tag closure residual 6.041845538112356e-6 exceeds the configured tolerance 1.0e-10 at t = 725.0 s. The tags no longer account for the field they partition; see output/a2_first_order_dt2p5/output_0000/water_tag_closure.csv.
└ @ ClimaAtmos ~/git/ClimaAtmosResiDyn.jl/src/parameterized_tendencies/tagged_tracers/tagged_tracers.jl:590
┌ Warning: water tag closure residual 6.0416110251005195e-6 exceeds the configured tolerance 1.0e-10 at t = 727.5 s. The tags no longer account for the field they partition; see output/a2_first_order_dt2p5/output_0000/water_tag_closure.csv.
└ @ ClimaAtmos ~/git/ClimaAtmosResiDyn.jl/src/parameterized_tendencies/tagged_tracers/tagged_tracers.jl:590
┌ Warning: water tag closure residual 6.041376655921636e-6 exceeds the configured tolerance 1.0e-10 at t = 730.0 s. The tags no longer account for the field they partition; see output/a2_first_order_dt2p5/output_0000/water_tag_closure.csv.
└ @ ClimaAtmos ~/git/ClimaAtmosResiDyn.jl/src/parameterized_tendencies/tagged_tracers/tagged_tracers.jl:590
┌ Warning: water tag closure residual 6.041142429805149e-6 exceeds the configured tolerance 1.0e-10 at t = 732.5 s. The tags no longer account for the field they partition; see output/a2_first_order_dt2p5/output_0000/water_tag_closure.csv.
└ @ ClimaAtmos ~/git/ClimaAtmosResiDyn.jl/src/parameterized_tendencies/tagged_tracers/tagged_tracers.jl:590
┌ Warning: water tag closure residual 6.040908346111183e-6 exceeds the configured tolerance 1.0e-10 at t = 735.0 s. The tags no longer account for the field they partition; see output/a2_first_order_dt2p5/output_0000/water_tag_closure.csv.
└ @ ClimaAtmos ~/git/ClimaAtmosResiDyn.jl/src/parameterized_tendencies/tagged_tracers/tagged_tracers.jl:590
┌ Warning: water tag closure residual 6.0406744047304096e-6 exceeds the configured tolerance 1.0e-10 at t = 737.5 s. The tags no longer account for the field they partition; see output/a2_first_order_dt2p5/output_0000/water_tag_closure.csv.
└ @ ClimaAtmos ~/git/ClimaAtmosResiDyn.jl/src/parameterized_tendencies/tagged_tracers/tagged_tracers.jl:590
┌ Warning: water tag closure residual 6.0404406058812815e-6 exceeds the configured tolerance 1.0e-10 at t = 740.0 s. The tags no longer account for the field they partition; see output/a2_first_order_dt2p5/output_0000/water_tag_closure.csv.
└ @ ClimaAtmos ~/git/ClimaAtmosResiDyn.jl/src/parameterized_tendencies/tagged_tracers/tagged_tracers.jl:590
┌ Warning: water tag closure residual 6.0402069489040395e-6 exceeds the configured tolerance 1.0e-10 at t = 742.5 s. The tags no longer account for the field they partition; see output/a2_first_order_dt2p5/output_0000/water_tag_closure.csv.
└ @ ClimaAtmos ~/git/ClimaAtmosResiDyn.jl/src/parameterized_tendencies/tagged_tracers/tagged_tracers.jl:590
┌ Warning: water tag closure residual 6.0399734331645246e-6 exceeds the configured tolerance 1.0e-10 at t = 745.0 s. The tags no longer account for the field they partition; see output/a2_first_order_dt2p5/output_0000/water_tag_closure.csv.
└ @ ClimaAtmos ~/git/ClimaAtmosResiDyn.jl/src/parameterized_tendencies/tagged_tracers/tagged_tracers.jl:590
┌ Warning: water tag closure residual 6.03974005898614e-6 exceeds the configured tolerance 1.0e-10 at t = 747.5 s. The tags no longer account for the field they partition; see output/a2_first_order_dt2p5/output_0000/water_tag_closure.csv.
└ @ ClimaAtmos ~/git/ClimaAtmosResiDyn.jl/src/parameterized_tendencies/tagged_tracers/tagged_tracers.jl:590
┌ Warning: water tag closure residual 6.0395068260896774e-6 exceeds the configured tolerance 1.0e-10 at t = 750.0 s. The tags no longer account for the field they partition; see output/a2_first_order_dt2p5/output_0000/water_tag_closure.csv.
└ @ ClimaAtmos ~/git/ClimaAtmosResiDyn.jl/src/parameterized_tendencies/tagged_tracers/tagged_tracers.jl:590
┌ Warning: water tag closure residual 6.03927373399479e-6 exceeds the configured tolerance 1.0e-10 at t = 752.5 s. The tags no longer account for the field they partition; see output/a2_first_order_dt2p5/output_0000/water_tag_closure.csv.
└ @ ClimaAtmos ~/git/ClimaAtmosResiDyn.jl/src/parameterized_tendencies/tagged_tracers/tagged_tracers.jl:590
┌ Warning: water tag closure residual 6.039040782167737e-6 exceeds the configured tolerance 1.0e-10 at t = 755.0 s. The tags no longer account for the field they partition; see output/a2_first_order_dt2p5/output_0000/water_tag_closure.csv.
└ @ ClimaAtmos ~/git/ClimaAtmosResiDyn.jl/src/parameterized_tendencies/tagged_tracers/tagged_tracers.jl:590
┌ Warning: water tag closure residual 6.0388079707388825e-6 exceeds the configured tolerance 1.0e-10 at t = 757.5 s. The tags no longer account for the field they partition; see output/a2_first_order_dt2p5/output_0000/water_tag_closure.csv.
└ @ ClimaAtmos ~/git/ClimaAtmosResiDyn.jl/src/parameterized_tendencies/tagged_tracers/tagged_tracers.jl:590
┌ Warning: water tag closure residual 6.038575299326617e-6 exceeds the configured tolerance 1.0e-10 at t = 760.0 s. The tags no longer account for the field they partition; see output/a2_first_order_dt2p5/output_0000/water_tag_closure.csv.
└ @ ClimaAtmos ~/git/ClimaAtmosResiDyn.jl/src/parameterized_tendencies/tagged_tracers/tagged_tracers.jl:590
┌ Warning: water tag closure residual 6.03834276761442e-6 exceeds the configured tolerance 1.0e-10 at t = 762.5 s. The tags no longer account for the field they partition; see output/a2_first_order_dt2p5/output_0000/water_tag_closure.csv.
└ @ ClimaAtmos ~/git/ClimaAtmosResiDyn.jl/src/parameterized_tendencies/tagged_tracers/tagged_tracers.jl:590
┌ Warning: water tag closure residual 6.038110375318115e-6 exceeds the configured tolerance 1.0e-10 at t = 765.0 s. The tags no longer account for the field they partition; see output/a2_first_order_dt2p5/output_0000/water_tag_closure.csv.
└ @ ClimaAtmos ~/git/ClimaAtmosResiDyn.jl/src/parameterized_tendencies/tagged_tracers/tagged_tracers.jl:590
┌ Warning: water tag closure residual 6.037878122366137e-6 exceeds the configured tolerance 1.0e-10 at t = 767.5 s. The tags no longer account for the field they partition; see output/a2_first_order_dt2p5/output_0000/water_tag_closure.csv.
└ @ ClimaAtmos ~/git/ClimaAtmosResiDyn.jl/src/parameterized_tendencies/tagged_tracers/tagged_tracers.jl:590
┌ Warning: water tag closure residual 6.037646008269557e-6 exceeds the configured tolerance 1.0e-10 at t = 770.0 s. The tags no longer account for the field they partition; see output/a2_first_order_dt2p5/output_0000/water_tag_closure.csv.
└ @ ClimaAtmos ~/git/ClimaAtmosResiDyn.jl/src/parameterized_tendencies/tagged_tracers/tagged_tracers.jl:590
┌ Warning: water tag closure residual 6.03741403278027e-6 exceeds the configured tolerance 1.0e-10 at t = 772.5 s. The tags no longer account for the field they partition; see output/a2_first_order_dt2p5/output_0000/water_tag_closure.csv.
└ @ ClimaAtmos ~/git/ClimaAtmosResiDyn.jl/src/parameterized_tendencies/tagged_tracers/tagged_tracers.jl:590
┌ Warning: water tag closure residual 6.037182195696871e-6 exceeds the configured tolerance 1.0e-10 at t = 775.0 s. The tags no longer account for the field they partition; see output/a2_first_order_dt2p5/output_0000/water_tag_closure.csv.
└ @ ClimaAtmos ~/git/ClimaAtmosResiDyn.jl/src/parameterized_tendencies/tagged_tracers/tagged_tracers.jl:590
┌ Warning: water tag closure residual 6.036950496869452e-6 exceeds the configured tolerance 1.0e-10 at t = 777.5 s. The tags no longer account for the field they partition; see output/a2_first_order_dt2p5/output_0000/water_tag_closure.csv.
└ @ ClimaAtmos ~/git/ClimaAtmosResiDyn.jl/src/parameterized_tendencies/tagged_tracers/tagged_tracers.jl:590
┌ Warning: water tag closure residual 6.036718935879819e-6 exceeds the configured tolerance 1.0e-10 at t = 780.0 s. The tags no longer account for the field they partition; see output/a2_first_order_dt2p5/output_0000/water_tag_closure.csv.
└ @ ClimaAtmos ~/git/ClimaAtmosResiDyn.jl/src/parameterized_tendencies/tagged_tracers/tagged_tracers.jl:590
┌ Warning: water tag closure residual 6.0364875124907e-6 exceeds the configured tolerance 1.0e-10 at t = 782.5 s. The tags no longer account for the field they partition; see output/a2_first_order_dt2p5/output_0000/water_tag_closure.csv.
└ @ ClimaAtmos ~/git/ClimaAtmosResiDyn.jl/src/parameterized_tendencies/tagged_tracers/tagged_tracers.jl:590
┌ Warning: water tag closure residual 6.036256226299525e-6 exceeds the configured tolerance 1.0e-10 at t = 785.0 s. The tags no longer account for the field they partition; see output/a2_first_order_dt2p5/output_0000/water_tag_closure.csv.
└ @ ClimaAtmos ~/git/ClimaAtmosResiDyn.jl/src/parameterized_tendencies/tagged_tracers/tagged_tracers.jl:590
┌ Warning: water tag closure residual 6.036025077286468e-6 exceeds the configured tolerance 1.0e-10 at t = 787.5 s. The tags no longer account for the field they partition; see output/a2_first_order_dt2p5/output_0000/water_tag_closure.csv.
└ @ ClimaAtmos ~/git/ClimaAtmosResiDyn.jl/src/parameterized_tendencies/tagged_tracers/tagged_tracers.jl:590
┌ Warning: water tag closure residual 6.035794065064906e-6 exceeds the configured tolerance 1.0e-10 at t = 790.0 s. The tags no longer account for the field they partition; see output/a2_first_order_dt2p5/output_0000/water_tag_closure.csv.
└ @ ClimaAtmos ~/git/ClimaAtmosResiDyn.jl/src/parameterized_tendencies/tagged_tracers/tagged_tracers.jl:590
┌ Warning: water tag closure residual 6.035563189596063e-6 exceeds the configured tolerance 1.0e-10 at t = 792.5 s. The tags no longer account for the field they partition; see output/a2_first_order_dt2p5/output_0000/water_tag_closure.csv.
└ @ ClimaAtmos ~/git/ClimaAtmosResiDyn.jl/src/parameterized_tendencies/tagged_tracers/tagged_tracers.jl:590
┌ Warning: water tag closure residual 6.03533245040298e-6 exceeds the configured tolerance 1.0e-10 at t = 795.0 s. The tags no longer account for the field they partition; see output/a2_first_order_dt2p5/output_0000/water_tag_closure.csv.
└ @ ClimaAtmos ~/git/ClimaAtmosResiDyn.jl/src/parameterized_tendencies/tagged_tracers/tagged_tracers.jl:590
┌ Warning: water tag closure residual 6.035101847310608e-6 exceeds the configured tolerance 1.0e-10 at t = 797.5 s. The tags no longer account for the field they partition; see output/a2_first_order_dt2p5/output_0000/water_tag_closure.csv.
└ @ ClimaAtmos ~/git/ClimaAtmosResiDyn.jl/src/parameterized_tendencies/tagged_tracers/tagged_tracers.jl:590
┌ Warning: water tag closure residual 6.034871379946054e-6 exceeds the configured tolerance 1.0e-10 at t = 800.0 s. The tags no longer account for the field they partition; see output/a2_first_order_dt2p5/output_0000/water_tag_closure.csv.
└ @ ClimaAtmos ~/git/ClimaAtmosResiDyn.jl/src/parameterized_tendencies/tagged_tracers/tagged_tracers.jl:590
┌ Warning: water tag closure residual 6.034641048054272e-6 exceeds the configured tolerance 1.0e-10 at t = 802.5 s. The tags no longer account for the field they partition; see output/a2_first_order_dt2p5/output_0000/water_tag_closure.csv.
└ @ ClimaAtmos ~/git/ClimaAtmosResiDyn.jl/src/parameterized_tendencies/tagged_tracers/tagged_tracers.jl:590
┌ Warning: water tag closure residual 6.034410851502553e-6 exceeds the configured tolerance 1.0e-10 at t = 805.0 s. The tags no longer account for the field they partition; see output/a2_first_order_dt2p5/output_0000/water_tag_closure.csv.
└ @ ClimaAtmos ~/git/ClimaAtmosResiDyn.jl/src/parameterized_tendencies/tagged_tracers/tagged_tracers.jl:590
┌ Warning: water tag closure residual 6.034180819652841e-6 exceeds the configured tolerance 1.0e-10 at t = 807.5 s. The tags no longer account for the field they partition; see output/a2_first_order_dt2p5/output_0000/water_tag_closure.csv.
└ @ ClimaAtmos ~/git/ClimaAtmosResiDyn.jl/src/parameterized_tendencies/tagged_tracers/tagged_tracers.jl:590
┌ Warning: water tag closure residual 6.033950957955564e-6 exceeds the configured tolerance 1.0e-10 at t = 810.0 s. The tags no longer account for the field they partition; see output/a2_first_order_dt2p5/output_0000/water_tag_closure.csv.
└ @ ClimaAtmos ~/git/ClimaAtmosResiDyn.jl/src/parameterized_tendencies/tagged_tracers/tagged_tracers.jl:590
┌ Warning: water tag closure residual 6.033721215836249e-6 exceeds the configured tolerance 1.0e-10 at t = 812.5 s. The tags no longer account for the field they partition; see output/a2_first_order_dt2p5/output_0000/water_tag_closure.csv.
└ @ ClimaAtmos ~/git/ClimaAtmosResiDyn.jl/src/parameterized_tendencies/tagged_tracers/tagged_tracers.jl:590
┌ Warning: water tag closure residual 6.033491580432762e-6 exceeds the configured tolerance 1.0e-10 at t = 815.0 s. The tags no longer account for the field they partition; see output/a2_first_order_dt2p5/output_0000/water_tag_closure.csv.
└ @ ClimaAtmos ~/git/ClimaAtmosResiDyn.jl/src/parameterized_tendencies/tagged_tracers/tagged_tracers.jl:590
┌ Warning: water tag closure residual 6.0332620962202125e-6 exceeds the configured tolerance 1.0e-10 at t = 817.5 s. The tags no longer account for the field they partition; see output/a2_first_order_dt2p5/output_0000/water_tag_closure.csv.
└ @ ClimaAtmos ~/git/ClimaAtmosResiDyn.jl/src/parameterized_tendencies/tagged_tracers/tagged_tracers.jl:590
┌ Warning: water tag closure residual 6.033032764978629e-6 exceeds the configured tolerance 1.0e-10 at t = 820.0 s. The tags no longer account for the field they partition; see output/a2_first_order_dt2p5/output_0000/water_tag_closure.csv.
└ @ ClimaAtmos ~/git/ClimaAtmosResiDyn.jl/src/parameterized_tendencies/tagged_tracers/tagged_tracers.jl:590
┌ Warning: water tag closure residual 6.032803549757357e-6 exceeds the configured tolerance 1.0e-10 at t = 822.5 s. The tags no longer account for the field they partition; see output/a2_first_order_dt2p5/output_0000/water_tag_closure.csv.
└ @ ClimaAtmos ~/git/ClimaAtmosResiDyn.jl/src/parameterized_tendencies/tagged_tracers/tagged_tracers.jl:590
┌ Info: Progress
│   simulation_time = "13 minutes, 42 seconds"
│   n_steps_completed = 329
│   wall_time_per_step = "6 milliseconds, 276 microseconds"
│   wall_time_total = "9 seconds, 37 milliseconds"
│   wall_time_remaining = "6 seconds, 972 milliseconds"
│   wall_time_spent = "2 seconds, 64 milliseconds"
│   percent_complete = "22.8%"
│   estimated_sypd = "1.091"
│   instantaneous_sypd = "2.142"
│   date_now = 2026-09-10T00:49:35.978
└   estimated_finish_date = 2026-09-10T00:49:42.978
┌ Warning: water tag closure residual 6.0325744557357166e-6 exceeds the configured tolerance 1.0e-10 at t = 825.0 s. The tags no longer account for the field they partition; see output/a2_first_order_dt2p5/output_0000/water_tag_closure.csv.
└ @ ClimaAtmos ~/git/ClimaAtmosResiDyn.jl/src/parameterized_tendencies/tagged_tracers/tagged_tracers.jl:590
┌ Warning: water tag closure residual 6.032345511150836e-6 exceeds the configured tolerance 1.0e-10 at t = 827.5 s. The tags no longer account for the field they partition; see output/a2_first_order_dt2p5/output_0000/water_tag_closure.csv.
└ @ ClimaAtmos ~/git/ClimaAtmosResiDyn.jl/src/parameterized_tendencies/tagged_tracers/tagged_tracers.jl:590
┌ Warning: water tag closure residual 6.032116706876321e-6 exceeds the configured tolerance 1.0e-10 at t = 830.0 s. The tags no longer account for the field they partition; see output/a2_first_order_dt2p5/output_0000/water_tag_closure.csv.
└ @ ClimaAtmos ~/git/ClimaAtmosResiDyn.jl/src/parameterized_tendencies/tagged_tracers/tagged_tracers.jl:590
┌ Warning: water tag closure residual 6.031888021055926e-6 exceeds the configured tolerance 1.0e-10 at t = 832.5 s. The tags no longer account for the field they partition; see output/a2_first_order_dt2p5/output_0000/water_tag_closure.csv.
└ @ ClimaAtmos ~/git/ClimaAtmosResiDyn.jl/src/parameterized_tendencies/tagged_tracers/tagged_tracers.jl:590
┌ Warning: water tag closure residual 6.031659464448216e-6 exceeds the configured tolerance 1.0e-10 at t = 835.0 s. The tags no longer account for the field they partition; see output/a2_first_order_dt2p5/output_0000/water_tag_closure.csv.
└ @ ClimaAtmos ~/git/ClimaAtmosResiDyn.jl/src/parameterized_tendencies/tagged_tracers/tagged_tracers.jl:590
┌ Warning: water tag closure residual 6.031431052741717e-6 exceeds the configured tolerance 1.0e-10 at t = 837.5 s. The tags no longer account for the field they partition; see output/a2_first_order_dt2p5/output_0000/water_tag_closure.csv.
└ @ ClimaAtmos ~/git/ClimaAtmosResiDyn.jl/src/parameterized_tendencies/tagged_tracers/tagged_tracers.jl:590
┌ Warning: water tag closure residual 6.031202774022621e-6 exceeds the configured tolerance 1.0e-10 at t = 840.0 s. The tags no longer account for the field they partition; see output/a2_first_order_dt2p5/output_0000/water_tag_closure.csv.
└ @ ClimaAtmos ~/git/ClimaAtmosResiDyn.jl/src/parameterized_tendencies/tagged_tracers/tagged_tracers.jl:590
┌ Warning: water tag closure residual 6.030974618017401e-6 exceeds the configured tolerance 1.0e-10 at t = 842.5 s. The tags no longer account for the field they partition; see output/a2_first_order_dt2p5/output_0000/water_tag_closure.csv.
└ @ ClimaAtmos ~/git/ClimaAtmosResiDyn.jl/src/parameterized_tendencies/tagged_tracers/tagged_tracers.jl:590
┌ Warning: water tag closure residual 6.030746595647893e-6 exceeds the configured tolerance 1.0e-10 at t = 845.0 s. The tags no longer account for the field they partition; see output/a2_first_order_dt2p5/output_0000/water_tag_closure.csv.
└ @ ClimaAtmos ~/git/ClimaAtmosResiDyn.jl/src/parameterized_tendencies/tagged_tracers/tagged_tracers.jl:590
┌ Warning: water tag closure residual 6.030518713038629e-6 exceeds the configured tolerance 1.0e-10 at t = 847.5 s. The tags no longer account for the field they partition; see output/a2_first_order_dt2p5/output_0000/water_tag_closure.csv.
└ @ ClimaAtmos ~/git/ClimaAtmosResiDyn.jl/src/parameterized_tendencies/tagged_tracers/tagged_tracers.jl:590
┌ Warning: water tag closure residual 6.030290959728855e-6 exceeds the configured tolerance 1.0e-10 at t = 850.0 s. The tags no longer account for the field they partition; see output/a2_first_order_dt2p5/output_0000/water_tag_closure.csv.
└ @ ClimaAtmos ~/git/ClimaAtmosResiDyn.jl/src/parameterized_tendencies/tagged_tracers/tagged_tracers.jl:590
┌ Warning: water tag closure residual 6.030063332170492e-6 exceeds the configured tolerance 1.0e-10 at t = 852.5 s. The tags no longer account for the field they partition; see output/a2_first_order_dt2p5/output_0000/water_tag_closure.csv.
└ @ ClimaAtmos ~/git/ClimaAtmosResiDyn.jl/src/parameterized_tendencies/tagged_tracers/tagged_tracers.jl:590
┌ Warning: water tag closure residual 6.029835839019342e-6 exceeds the configured tolerance 1.0e-10 at t = 855.0 s. The tags no longer account for the field they partition; see output/a2_first_order_dt2p5/output_0000/water_tag_closure.csv.
└ @ ClimaAtmos ~/git/ClimaAtmosResiDyn.jl/src/parameterized_tendencies/tagged_tracers/tagged_tracers.jl:590
┌ Warning: water tag closure residual 6.029608480987681e-6 exceeds the configured tolerance 1.0e-10 at t = 857.5 s. The tags no longer account for the field they partition; see output/a2_first_order_dt2p5/output_0000/water_tag_closure.csv.
└ @ ClimaAtmos ~/git/ClimaAtmosResiDyn.jl/src/parameterized_tendencies/tagged_tracers/tagged_tracers.jl:590
┌ Warning: water tag closure residual 6.029381250561651e-6 exceeds the configured tolerance 1.0e-10 at t = 860.0 s. The tags no longer account for the field they partition; see output/a2_first_order_dt2p5/output_0000/water_tag_closure.csv.
└ @ ClimaAtmos ~/git/ClimaAtmosResiDyn.jl/src/parameterized_tendencies/tagged_tracers/tagged_tracers.jl:590
┌ Warning: water tag closure residual 6.02915414795841e-6 exceeds the configured tolerance 1.0e-10 at t = 862.5 s. The tags no longer account for the field they partition; see output/a2_first_order_dt2p5/output_0000/water_tag_closure.csv.
└ @ ClimaAtmos ~/git/ClimaAtmosResiDyn.jl/src/parameterized_tendencies/tagged_tracers/tagged_tracers.jl:590
┌ Warning: water tag closure residual 6.0289271786010445e-6 exceeds the configured tolerance 1.0e-10 at t = 865.0 s. The tags no longer account for the field they partition; see output/a2_first_order_dt2p5/output_0000/water_tag_closure.csv.
└ @ ClimaAtmos ~/git/ClimaAtmosResiDyn.jl/src/parameterized_tendencies/tagged_tracers/tagged_tracers.jl:590
┌ Warning: water tag closure residual 6.028700341178512e-6 exceeds the configured tolerance 1.0e-10 at t = 867.5 s. The tags no longer account for the field they partition; see output/a2_first_order_dt2p5/output_0000/water_tag_closure.csv.
└ @ ClimaAtmos ~/git/ClimaAtmosResiDyn.jl/src/parameterized_tendencies/tagged_tracers/tagged_tracers.jl:590
┌ Warning: water tag closure residual 6.0284736308349045e-6 exceeds the configured tolerance 1.0e-10 at t = 870.0 s. The tags no longer account for the field they partition; see output/a2_first_order_dt2p5/output_0000/water_tag_closure.csv.
└ @ ClimaAtmos ~/git/ClimaAtmosResiDyn.jl/src/parameterized_tendencies/tagged_tracers/tagged_tracers.jl:590
┌ Warning: water tag closure residual 6.028247049112249e-6 exceeds the configured tolerance 1.0e-10 at t = 872.5 s. The tags no longer account for the field they partition; see output/a2_first_order_dt2p5/output_0000/water_tag_closure.csv.
└ @ ClimaAtmos ~/git/ClimaAtmosResiDyn.jl/src/parameterized_tendencies/tagged_tracers/tagged_tracers.jl:590
┌ Warning: water tag closure residual 6.028020599096851e-6 exceeds the configured tolerance 1.0e-10 at t = 875.0 s. The tags no longer account for the field they partition; see output/a2_first_order_dt2p5/output_0000/water_tag_closure.csv.
└ @ ClimaAtmos ~/git/ClimaAtmosResiDyn.jl/src/parameterized_tendencies/tagged_tracers/tagged_tracers.jl:590
┌ Warning: water tag closure residual 6.027794278511902e-6 exceeds the configured tolerance 1.0e-10 at t = 877.5 s. The tags no longer account for the field they partition; see output/a2_first_order_dt2p5/output_0000/water_tag_closure.csv.
└ @ ClimaAtmos ~/git/ClimaAtmosResiDyn.jl/src/parameterized_tendencies/tagged_tracers/tagged_tracers.jl:590
┌ Warning: water tag closure residual 6.027568084796838e-6 exceeds the configured tolerance 1.0e-10 at t = 880.0 s. The tags no longer account for the field they partition; see output/a2_first_order_dt2p5/output_0000/water_tag_closure.csv.
└ @ ClimaAtmos ~/git/ClimaAtmosResiDyn.jl/src/parameterized_tendencies/tagged_tracers/tagged_tracers.jl:590
┌ Warning: water tag closure residual 6.027342019736041e-6 exceeds the configured tolerance 1.0e-10 at t = 882.5 s. The tags no longer account for the field they partition; see output/a2_first_order_dt2p5/output_0000/water_tag_closure.csv.
└ @ ClimaAtmos ~/git/ClimaAtmosResiDyn.jl/src/parameterized_tendencies/tagged_tracers/tagged_tracers.jl:590
┌ Warning: water tag closure residual 6.027116084758892e-6 exceeds the configured tolerance 1.0e-10 at t = 885.0 s. The tags no longer account for the field they partition; see output/a2_first_order_dt2p5/output_0000/water_tag_closure.csv.
└ @ ClimaAtmos ~/git/ClimaAtmosResiDyn.jl/src/parameterized_tendencies/tagged_tracers/tagged_tracers.jl:590
┌ Warning: water tag closure residual 6.026890277551286e-6 exceeds the configured tolerance 1.0e-10 at t = 887.5 s. The tags no longer account for the field they partition; see output/a2_first_order_dt2p5/output_0000/water_tag_closure.csv.
└ @ ClimaAtmos ~/git/ClimaAtmosResiDyn.jl/src/parameterized_tendencies/tagged_tracers/tagged_tracers.jl:590
┌ Warning: water tag closure residual 6.026664597046885e-6 exceeds the configured tolerance 1.0e-10 at t = 890.0 s. The tags no longer account for the field they partition; see output/a2_first_order_dt2p5/output_0000/water_tag_closure.csv.
└ @ ClimaAtmos ~/git/ClimaAtmosResiDyn.jl/src/parameterized_tendencies/tagged_tracers/tagged_tracers.jl:590
┌ Warning: water tag closure residual 6.026439044731759e-6 exceeds the configured tolerance 1.0e-10 at t = 892.5 s. The tags no longer account for the field they partition; see output/a2_first_order_dt2p5/output_0000/water_tag_closure.csv.
└ @ ClimaAtmos ~/git/ClimaAtmosResiDyn.jl/src/parameterized_tendencies/tagged_tracers/tagged_tracers.jl:590
┌ Warning: water tag closure residual 6.026213620810019e-6 exceeds the configured tolerance 1.0e-10 at t = 895.0 s. The tags no longer account for the field they partition; see output/a2_first_order_dt2p5/output_0000/water_tag_closure.csv.
└ @ ClimaAtmos ~/git/ClimaAtmosResiDyn.jl/src/parameterized_tendencies/tagged_tracers/tagged_tracers.jl:590
┌ Warning: water tag closure residual 6.02598832342153e-6 exceeds the configured tolerance 1.0e-10 at t = 897.5 s. The tags no longer account for the field they partition; see output/a2_first_order_dt2p5/output_0000/water_tag_closure.csv.
└ @ ClimaAtmos ~/git/ClimaAtmosResiDyn.jl/src/parameterized_tendencies/tagged_tracers/tagged_tracers.jl:590
┌ Warning: water tag closure residual 6.025763152410927e-6 exceeds the configured tolerance 1.0e-10 at t = 900.0 s. The tags no longer account for the field they partition; see output/a2_first_order_dt2p5/output_0000/water_tag_closure.csv.
└ @ ClimaAtmos ~/git/ClimaAtmosResiDyn.jl/src/parameterized_tendencies/tagged_tracers/tagged_tracers.jl:590
┌ Warning: water tag closure residual 6.02553810880444e-6 exceeds the configured tolerance 1.0e-10 at t = 902.5 s. The tags no longer account for the field they partition; see output/a2_first_order_dt2p5/output_0000/water_tag_closure.csv.
└ @ ClimaAtmos ~/git/ClimaAtmosResiDyn.jl/src/parameterized_tendencies/tagged_tracers/tagged_tracers.jl:590
┌ Warning: water tag closure residual 6.025313191986831e-6 exceeds the configured tolerance 1.0e-10 at t = 905.0 s. The tags no longer account for the field they partition; see output/a2_first_order_dt2p5/output_0000/water_tag_closure.csv.
└ @ ClimaAtmos ~/git/ClimaAtmosResiDyn.jl/src/parameterized_tendencies/tagged_tracers/tagged_tracers.jl:590
┌ Warning: water tag closure residual 6.0250884010987936e-6 exceeds the configured tolerance 1.0e-10 at t = 907.5 s. The tags no longer account for the field they partition; see output/a2_first_order_dt2p5/output_0000/water_tag_closure.csv.
└ @ ClimaAtmos ~/git/ClimaAtmosResiDyn.jl/src/parameterized_tendencies/tagged_tracers/tagged_tracers.jl:590
┌ Warning: water tag closure residual 6.0248637360541875e-6 exceeds the configured tolerance 1.0e-10 at t = 910.0 s. The tags no longer account for the field they partition; see output/a2_first_order_dt2p5/output_0000/water_tag_closure.csv.
└ @ ClimaAtmos ~/git/ClimaAtmosResiDyn.jl/src/parameterized_tendencies/tagged_tracers/tagged_tracers.jl:590
┌ Warning: water tag closure residual 6.024639197193783e-6 exceeds the configured tolerance 1.0e-10 at t = 912.5 s. The tags no longer account for the field they partition; see output/a2_first_order_dt2p5/output_0000/water_tag_closure.csv.
└ @ ClimaAtmos ~/git/ClimaAtmosResiDyn.jl/src/parameterized_tendencies/tagged_tracers/tagged_tracers.jl:590
┌ Warning: water tag closure residual 6.024414784086033e-6 exceeds the configured tolerance 1.0e-10 at t = 915.0 s. The tags no longer account for the field they partition; see output/a2_first_order_dt2p5/output_0000/water_tag_closure.csv.
└ @ ClimaAtmos ~/git/ClimaAtmosResiDyn.jl/src/parameterized_tendencies/tagged_tracers/tagged_tracers.jl:590
┌ Warning: water tag closure residual 6.024190495908957e-6 exceeds the configured tolerance 1.0e-10 at t = 917.5 s. The tags no longer account for the field they partition; see output/a2_first_order_dt2p5/output_0000/water_tag_closure.csv.
└ @ ClimaAtmos ~/git/ClimaAtmosResiDyn.jl/src/parameterized_tendencies/tagged_tracers/tagged_tracers.jl:590
┌ Warning: water tag closure residual 6.023966332879762e-6 exceeds the configured tolerance 1.0e-10 at t = 920.0 s. The tags no longer account for the field they partition; see output/a2_first_order_dt2p5/output_0000/water_tag_closure.csv.
└ @ ClimaAtmos ~/git/ClimaAtmosResiDyn.jl/src/parameterized_tendencies/tagged_tracers/tagged_tracers.jl:590
┌ Warning: water tag closure residual 6.023742295075732e-6 exceeds the configured tolerance 1.0e-10 at t = 922.5 s. The tags no longer account for the field they partition; see output/a2_first_order_dt2p5/output_0000/water_tag_closure.csv.
└ @ ClimaAtmos ~/git/ClimaAtmosResiDyn.jl/src/parameterized_tendencies/tagged_tracers/tagged_tracers.jl:590
┌ Warning: water tag closure residual 6.023518381858932e-6 exceeds the configured tolerance 1.0e-10 at t = 925.0 s. The tags no longer account for the field they partition; see output/a2_first_order_dt2p5/output_0000/water_tag_closure.csv.
└ @ ClimaAtmos ~/git/ClimaAtmosResiDyn.jl/src/parameterized_tendencies/tagged_tracers/tagged_tracers.jl:590
┌ Warning: water tag closure residual 6.0232945928065535e-6 exceeds the configured tolerance 1.0e-10 at t = 927.5 s. The tags no longer account for the field they partition; see output/a2_first_order_dt2p5/output_0000/water_tag_closure.csv.
└ @ ClimaAtmos ~/git/ClimaAtmosResiDyn.jl/src/parameterized_tendencies/tagged_tracers/tagged_tracers.jl:590
┌ Warning: water tag closure residual 6.02307092813929e-6 exceeds the configured tolerance 1.0e-10 at t = 930.0 s. The tags no longer account for the field they partition; see output/a2_first_order_dt2p5/output_0000/water_tag_closure.csv.
└ @ ClimaAtmos ~/git/ClimaAtmosResiDyn.jl/src/parameterized_tendencies/tagged_tracers/tagged_tracers.jl:590
┌ Warning: water tag closure residual 6.022847387619857e-6 exceeds the configured tolerance 1.0e-10 at t = 932.5 s. The tags no longer account for the field they partition; see output/a2_first_order_dt2p5/output_0000/water_tag_closure.csv.
└ @ ClimaAtmos ~/git/ClimaAtmosResiDyn.jl/src/parameterized_tendencies/tagged_tracers/tagged_tracers.jl:590
┌ Warning: water tag closure residual 6.022623970726661e-6 exceeds the configured tolerance 1.0e-10 at t = 935.0 s. The tags no longer account for the field they partition; see output/a2_first_order_dt2p5/output_0000/water_tag_closure.csv.
└ @ ClimaAtmos ~/git/ClimaAtmosResiDyn.jl/src/parameterized_tendencies/tagged_tracers/tagged_tracers.jl:590
┌ Warning: water tag closure residual 6.0224006774067655e-6 exceeds the configured tolerance 1.0e-10 at t = 937.5 s. The tags no longer account for the field they partition; see output/a2_first_order_dt2p5/output_0000/water_tag_closure.csv.
└ @ ClimaAtmos ~/git/ClimaAtmosResiDyn.jl/src/parameterized_tendencies/tagged_tracers/tagged_tracers.jl:590
┌ Warning: water tag closure residual 6.022177507485912e-6 exceeds the configured tolerance 1.0e-10 at t = 940.0 s. The tags no longer account for the field they partition; see output/a2_first_order_dt2p5/output_0000/water_tag_closure.csv.
└ @ ClimaAtmos ~/git/ClimaAtmosResiDyn.jl/src/parameterized_tendencies/tagged_tracers/tagged_tracers.jl:590
┌ Warning: water tag closure residual 6.02195446077208e-6 exceeds the configured tolerance 1.0e-10 at t = 942.5 s. The tags no longer account for the field they partition; see output/a2_first_order_dt2p5/output_0000/water_tag_closure.csv.
└ @ ClimaAtmos ~/git/ClimaAtmosResiDyn.jl/src/parameterized_tendencies/tagged_tracers/tagged_tracers.jl:590
┌ Warning: water tag closure residual 6.021731536769806e-6 exceeds the configured tolerance 1.0e-10 at t = 945.0 s. The tags no longer account for the field they partition; see output/a2_first_order_dt2p5/output_0000/water_tag_closure.csv.
└ @ ClimaAtmos ~/git/ClimaAtmosResiDyn.jl/src/parameterized_tendencies/tagged_tracers/tagged_tracers.jl:590
┌ Warning: water tag closure residual 6.021508735319418e-6 exceeds the configured tolerance 1.0e-10 at t = 947.5 s. The tags no longer account for the field they partition; see output/a2_first_order_dt2p5/output_0000/water_tag_closure.csv.
└ @ ClimaAtmos ~/git/ClimaAtmosResiDyn.jl/src/parameterized_tendencies/tagged_tracers/tagged_tracers.jl:590
┌ Warning: water tag closure residual 6.021286056561315e-6 exceeds the configured tolerance 1.0e-10 at t = 950.0 s. The tags no longer account for the field they partition; see output/a2_first_order_dt2p5/output_0000/water_tag_closure.csv.
└ @ ClimaAtmos ~/git/ClimaAtmosResiDyn.jl/src/parameterized_tendencies/tagged_tracers/tagged_tracers.jl:590
┌ Warning: water tag closure residual 6.02106349997319e-6 exceeds the configured tolerance 1.0e-10 at t = 952.5 s. The tags no longer account for the field they partition; see output/a2_first_order_dt2p5/output_0000/water_tag_closure.csv.
└ @ ClimaAtmos ~/git/ClimaAtmosResiDyn.jl/src/parameterized_tendencies/tagged_tracers/tagged_tracers.jl:590
┌ Warning: water tag closure residual 6.020841065320414e-6 exceeds the configured tolerance 1.0e-10 at t = 955.0 s. The tags no longer account for the field they partition; see output/a2_first_order_dt2p5/output_0000/water_tag_closure.csv.
└ @ ClimaAtmos ~/git/ClimaAtmosResiDyn.jl/src/parameterized_tendencies/tagged_tracers/tagged_tracers.jl:590
┌ Warning: water tag closure residual 6.020618752469809e-6 exceeds the configured tolerance 1.0e-10 at t = 957.5 s. The tags no longer account for the field they partition; see output/a2_first_order_dt2p5/output_0000/water_tag_closure.csv.
└ @ ClimaAtmos ~/git/ClimaAtmosResiDyn.jl/src/parameterized_tendencies/tagged_tracers/tagged_tracers.jl:590
┌ Warning: water tag closure residual 6.020396560990944e-6 exceeds the configured tolerance 1.0e-10 at t = 960.0 s. The tags no longer account for the field they partition; see output/a2_first_order_dt2p5/output_0000/water_tag_closure.csv.
└ @ ClimaAtmos ~/git/ClimaAtmosResiDyn.jl/src/parameterized_tendencies/tagged_tracers/tagged_tracers.jl:590
┌ Warning: water tag closure residual 6.0201744909391156e-6 exceeds the configured tolerance 1.0e-10 at t = 962.5 s. The tags no longer account for the field they partition; see output/a2_first_order_dt2p5/output_0000/water_tag_closure.csv.
└ @ ClimaAtmos ~/git/ClimaAtmosResiDyn.jl/src/parameterized_tendencies/tagged_tracers/tagged_tracers.jl:590
┌ Warning: water tag closure residual 6.019952541992394e-6 exceeds the configured tolerance 1.0e-10 at t = 965.0 s. The tags no longer account for the field they partition; see output/a2_first_order_dt2p5/output_0000/water_tag_closure.csv.
└ @ ClimaAtmos ~/git/ClimaAtmosResiDyn.jl/src/parameterized_tendencies/tagged_tracers/tagged_tracers.jl:590
┌ Warning: water tag closure residual 6.019730713946988e-6 exceeds the configured tolerance 1.0e-10 at t = 967.5 s. The tags no longer account for the field they partition; see output/a2_first_order_dt2p5/output_0000/water_tag_closure.csv.
└ @ ClimaAtmos ~/git/ClimaAtmosResiDyn.jl/src/parameterized_tendencies/tagged_tracers/tagged_tracers.jl:590
┌ Warning: water tag closure residual 6.019509006628189e-6 exceeds the configured tolerance 1.0e-10 at t = 970.0 s. The tags no longer account for the field they partition; see output/a2_first_order_dt2p5/output_0000/water_tag_closure.csv.
└ @ ClimaAtmos ~/git/ClimaAtmosResiDyn.jl/src/parameterized_tendencies/tagged_tracers/tagged_tracers.jl:590
┌ Warning: water tag closure residual 6.019287419657902e-6 exceeds the configured tolerance 1.0e-10 at t = 972.5 s. The tags no longer account for the field they partition; see output/a2_first_order_dt2p5/output_0000/water_tag_closure.csv.
└ @ ClimaAtmos ~/git/ClimaAtmosResiDyn.jl/src/parameterized_tendencies/tagged_tracers/tagged_tracers.jl:590
┌ Warning: water tag closure residual 6.019065953016858e-6 exceeds the configured tolerance 1.0e-10 at t = 975.0 s. The tags no longer account for the field they partition; see output/a2_first_order_dt2p5/output_0000/water_tag_closure.csv.
└ @ ClimaAtmos ~/git/ClimaAtmosResiDyn.jl/src/parameterized_tendencies/tagged_tracers/tagged_tracers.jl:590
┌ Warning: water tag closure residual 6.018844606504406e-6 exceeds the configured tolerance 1.0e-10 at t = 977.5 s. The tags no longer account for the field they partition; see output/a2_first_order_dt2p5/output_0000/water_tag_closure.csv.
└ @ ClimaAtmos ~/git/ClimaAtmosResiDyn.jl/src/parameterized_tendencies/tagged_tracers/tagged_tracers.jl:590
┌ Warning: water tag closure residual 6.018623379727705e-6 exceeds the configured tolerance 1.0e-10 at t = 980.0 s. The tags no longer account for the field they partition; see output/a2_first_order_dt2p5/output_0000/water_tag_closure.csv.
└ @ ClimaAtmos ~/git/ClimaAtmosResiDyn.jl/src/parameterized_tendencies/tagged_tracers/tagged_tracers.jl:590
┌ Warning: water tag closure residual 6.0184022726139435e-6 exceeds the configured tolerance 1.0e-10 at t = 982.5 s. The tags no longer account for the field they partition; see output/a2_first_order_dt2p5/output_0000/water_tag_closure.csv.
└ @ ClimaAtmos ~/git/ClimaAtmosResiDyn.jl/src/parameterized_tendencies/tagged_tracers/tagged_tracers.jl:590
┌ Warning: water tag closure residual 6.0181812849147224e-6 exceeds the configured tolerance 1.0e-10 at t = 985.0 s. The tags no longer account for the field they partition; see output/a2_first_order_dt2p5/output_0000/water_tag_closure.csv.
└ @ ClimaAtmos ~/git/ClimaAtmosResiDyn.jl/src/parameterized_tendencies/tagged_tracers/tagged_tracers.jl:590
┌ Warning: water tag closure residual 6.017960416469424e-6 exceeds the configured tolerance 1.0e-10 at t = 987.5 s. The tags no longer account for the field they partition; see output/a2_first_order_dt2p5/output_0000/water_tag_closure.csv.
└ @ ClimaAtmos ~/git/ClimaAtmosResiDyn.jl/src/parameterized_tendencies/tagged_tracers/tagged_tracers.jl:590
┌ Warning: water tag closure residual 6.017739666829833e-6 exceeds the configured tolerance 1.0e-10 at t = 990.0 s. The tags no longer account for the field they partition; see output/a2_first_order_dt2p5/output_0000/water_tag_closure.csv.
└ @ ClimaAtmos ~/git/ClimaAtmosResiDyn.jl/src/parameterized_tendencies/tagged_tracers/tagged_tracers.jl:590
┌ Warning: water tag closure residual 6.017519035936523e-6 exceeds the configured tolerance 1.0e-10 at t = 992.5 s. The tags no longer account for the field they partition; see output/a2_first_order_dt2p5/output_0000/water_tag_closure.csv.
└ @ ClimaAtmos ~/git/ClimaAtmosResiDyn.jl/src/parameterized_tendencies/tagged_tracers/tagged_tracers.jl:590
┌ Warning: water tag closure residual 6.0172985237100785e-6 exceeds the configured tolerance 1.0e-10 at t = 995.0 s. The tags no longer account for the field they partition; see output/a2_first_order_dt2p5/output_0000/water_tag_closure.csv.
└ @ ClimaAtmos ~/git/ClimaAtmosResiDyn.jl/src/parameterized_tendencies/tagged_tracers/tagged_tracers.jl:590
┌ Warning: water tag closure residual 6.017078134452453e-6 exceeds the configured tolerance 1.0e-10 at t = 997.5 s. The tags no longer account for the field they partition; see output/a2_first_order_dt2p5/output_0000/water_tag_closure.csv.
└ @ ClimaAtmos ~/git/ClimaAtmosResiDyn.jl/src/parameterized_tendencies/tagged_tracers/tagged_tracers.jl:590
┌ Warning: water tag closure residual 6.016857898969623e-6 exceeds the configured tolerance 1.0e-10 at t = 1000.0 s. The tags no longer account for the field they partition; see output/a2_first_order_dt2p5/output_0000/water_tag_closure.csv.
└ @ ClimaAtmos ~/git/ClimaAtmosResiDyn.jl/src/parameterized_tendencies/tagged_tracers/tagged_tracers.jl:590
┌ Warning: water tag closure residual 6.016637793650845e-6 exceeds the configured tolerance 1.0e-10 at t = 1002.5 s. The tags no longer account for the field they partition; see output/a2_first_order_dt2p5/output_0000/water_tag_closure.csv.
└ @ ClimaAtmos ~/git/ClimaAtmosResiDyn.jl/src/parameterized_tendencies/tagged_tracers/tagged_tracers.jl:590
┌ Warning: water tag closure residual 6.0164177789880085e-6 exceeds the configured tolerance 1.0e-10 at t = 1005.0 s. The tags no longer account for the field they partition; see output/a2_first_order_dt2p5/output_0000/water_tag_closure.csv.
└ @ ClimaAtmos ~/git/ClimaAtmosResiDyn.jl/src/parameterized_tendencies/tagged_tracers/tagged_tracers.jl:590
┌ Info: Progress
│   simulation_time = "16 minutes, 45 seconds"
│   n_steps_completed = 402
│   wall_time_per_step = "5 milliseconds, 676 microseconds"
│   wall_time_total = "8 seconds, 173 milliseconds"
│   wall_time_remaining = "5 seconds, 891 milliseconds"
│   wall_time_spent = "2 seconds, 281 milliseconds"
│   percent_complete = "27.9%"
│   estimated_sypd = "1.206"
│   instantaneous_sypd = "2.303"
│   date_now = 2026-09-10T00:49:36.195
└   estimated_finish_date = 2026-09-10T00:49:42.195
┌ Warning: water tag closure residual 6.01619787380985e-6 exceeds the configured tolerance 1.0e-10 at t = 1007.5 s. The tags no longer account for the field they partition; see output/a2_first_order_dt2p5/output_0000/water_tag_closure.csv.
└ @ ClimaAtmos ~/git/ClimaAtmosResiDyn.jl/src/parameterized_tendencies/tagged_tracers/tagged_tracers.jl:590
┌ Warning: water tag closure residual 6.015978110448965e-6 exceeds the configured tolerance 1.0e-10 at t = 1010.0 s. The tags no longer account for the field they partition; see output/a2_first_order_dt2p5/output_0000/water_tag_closure.csv.
└ @ ClimaAtmos ~/git/ClimaAtmosResiDyn.jl/src/parameterized_tendencies/tagged_tracers/tagged_tracers.jl:590
┌ Warning: water tag closure residual 6.015758465911023e-6 exceeds the configured tolerance 1.0e-10 at t = 1012.5 s. The tags no longer account for the field they partition; see output/a2_first_order_dt2p5/output_0000/water_tag_closure.csv.
└ @ ClimaAtmos ~/git/ClimaAtmosResiDyn.jl/src/parameterized_tendencies/tagged_tracers/tagged_tracers.jl:590
┌ Warning: water tag closure residual 6.015538918231433e-6 exceeds the configured tolerance 1.0e-10 at t = 1015.0 s. The tags no longer account for the field they partition; see output/a2_first_order_dt2p5/output_0000/water_tag_closure.csv.
└ @ ClimaAtmos ~/git/ClimaAtmosResiDyn.jl/src/parameterized_tendencies/tagged_tracers/tagged_tracers.jl:590
┌ Warning: water tag closure residual 6.015319489553656e-6 exceeds the configured tolerance 1.0e-10 at t = 1017.5 s. The tags no longer account for the field they partition; see output/a2_first_order_dt2p5/output_0000/water_tag_closure.csv.
└ @ ClimaAtmos ~/git/ClimaAtmosResiDyn.jl/src/parameterized_tendencies/tagged_tracers/tagged_tracers.jl:590
┌ Warning: water tag closure residual 6.015100192966155e-6 exceeds the configured tolerance 1.0e-10 at t = 1020.0 s. The tags no longer account for the field they partition; see output/a2_first_order_dt2p5/output_0000/water_tag_closure.csv.
└ @ ClimaAtmos ~/git/ClimaAtmosResiDyn.jl/src/parameterized_tendencies/tagged_tracers/tagged_tracers.jl:590
┌ Warning: water tag closure residual 6.014881007876497e-6 exceeds the configured tolerance 1.0e-10 at t = 1022.5 s. The tags no longer account for the field they partition; see output/a2_first_order_dt2p5/output_0000/water_tag_closure.csv.
└ @ ClimaAtmos ~/git/ClimaAtmosResiDyn.jl/src/parameterized_tendencies/tagged_tracers/tagged_tracers.jl:590
┌ Warning: water tag closure residual 6.014661927026552e-6 exceeds the configured tolerance 1.0e-10 at t = 1025.0 s. The tags no longer account for the field they partition; see output/a2_first_order_dt2p5/output_0000/water_tag_closure.csv.
└ @ ClimaAtmos ~/git/ClimaAtmosResiDyn.jl/src/parameterized_tendencies/tagged_tracers/tagged_tracers.jl:590
┌ Warning: water tag closure residual 6.014442967834263e-6 exceeds the configured tolerance 1.0e-10 at t = 1027.5 s. The tags no longer account for the field they partition; see output/a2_first_order_dt2p5/output_0000/water_tag_closure.csv.
└ @ ClimaAtmos ~/git/ClimaAtmosResiDyn.jl/src/parameterized_tendencies/tagged_tracers/tagged_tracers.jl:590
┌ Warning: water tag closure residual 6.014224132922025e-6 exceeds the configured tolerance 1.0e-10 at t = 1030.0 s. The tags no longer account for the field they partition; see output/a2_first_order_dt2p5/output_0000/water_tag_closure.csv.
└ @ ClimaAtmos ~/git/ClimaAtmosResiDyn.jl/src/parameterized_tendencies/tagged_tracers/tagged_tracers.jl:590
┌ Warning: water tag closure residual 6.0140054071994095e-6 exceeds the configured tolerance 1.0e-10 at t = 1032.5 s. The tags no longer account for the field they partition; see output/a2_first_order_dt2p5/output_0000/water_tag_closure.csv.
└ @ ClimaAtmos ~/git/ClimaAtmosResiDyn.jl/src/parameterized_tendencies/tagged_tracers/tagged_tracers.jl:590
┌ Warning: water tag closure residual 6.013786790897459e-6 exceeds the configured tolerance 1.0e-10 at t = 1035.0 s. The tags no longer account for the field they partition; see output/a2_first_order_dt2p5/output_0000/water_tag_closure.csv.
└ @ ClimaAtmos ~/git/ClimaAtmosResiDyn.jl/src/parameterized_tendencies/tagged_tracers/tagged_tracers.jl:590
┌ Warning: water tag closure residual 6.013568295697559e-6 exceeds the configured tolerance 1.0e-10 at t = 1037.5 s. The tags no longer account for the field they partition; see output/a2_first_order_dt2p5/output_0000/water_tag_closure.csv.
└ @ ClimaAtmos ~/git/ClimaAtmosResiDyn.jl/src/parameterized_tendencies/tagged_tracers/tagged_tracers.jl:590
┌ Warning: water tag closure residual 6.013349918543404e-6 exceeds the configured tolerance 1.0e-10 at t = 1040.0 s. The tags no longer account for the field they partition; see output/a2_first_order_dt2p5/output_0000/water_tag_closure.csv.
└ @ ClimaAtmos ~/git/ClimaAtmosResiDyn.jl/src/parameterized_tendencies/tagged_tracers/tagged_tracers.jl:590
┌ Warning: water tag closure residual 6.013131649106955e-6 exceeds the configured tolerance 1.0e-10 at t = 1042.5 s. The tags no longer account for the field they partition; see output/a2_first_order_dt2p5/output_0000/water_tag_closure.csv.
└ @ ClimaAtmos ~/git/ClimaAtmosResiDyn.jl/src/parameterized_tendencies/tagged_tracers/tagged_tracers.jl:590
┌ Warning: water tag closure residual 6.012913491507474e-6 exceeds the configured tolerance 1.0e-10 at t = 1045.0 s. The tags no longer account for the field they partition; see output/a2_first_order_dt2p5/output_0000/water_tag_closure.csv.
└ @ ClimaAtmos ~/git/ClimaAtmosResiDyn.jl/src/parameterized_tendencies/tagged_tracers/tagged_tracers.jl:590
┌ Warning: water tag closure residual 6.012695452098295e-6 exceeds the configured tolerance 1.0e-10 at t = 1047.5 s. The tags no longer account for the field they partition; see output/a2_first_order_dt2p5/output_0000/water_tag_closure.csv.
└ @ ClimaAtmos ~/git/ClimaAtmosResiDyn.jl/src/parameterized_tendencies/tagged_tracers/tagged_tracers.jl:590
┌ Warning: water tag closure residual 6.012477526781366e-6 exceeds the configured tolerance 1.0e-10 at t = 1050.0 s. The tags no longer account for the field they partition; see output/a2_first_order_dt2p5/output_0000/water_tag_closure.csv.
└ @ ClimaAtmos ~/git/ClimaAtmosResiDyn.jl/src/parameterized_tendencies/tagged_tracers/tagged_tracers.jl:590
┌ Warning: water tag closure residual 6.012259710401101e-6 exceeds the configured tolerance 1.0e-10 at t = 1052.5 s. The tags no longer account for the field they partition; see output/a2_first_order_dt2p5/output_0000/water_tag_closure.csv.
└ @ ClimaAtmos ~/git/ClimaAtmosResiDyn.jl/src/parameterized_tendencies/tagged_tracers/tagged_tracers.jl:590
┌ Warning: water tag closure residual 6.012042006962706e-6 exceeds the configured tolerance 1.0e-10 at t = 1055.0 s. The tags no longer account for the field they partition; see output/a2_first_order_dt2p5/output_0000/water_tag_closure.csv.
└ @ ClimaAtmos ~/git/ClimaAtmosResiDyn.jl/src/parameterized_tendencies/tagged_tracers/tagged_tracers.jl:590
┌ Warning: water tag closure residual 6.011824419549168e-6 exceeds the configured tolerance 1.0e-10 at t = 1057.5 s. The tags no longer account for the field they partition; see output/a2_first_order_dt2p5/output_0000/water_tag_closure.csv.
└ @ ClimaAtmos ~/git/ClimaAtmosResiDyn.jl/src/parameterized_tendencies/tagged_tracers/tagged_tracers.jl:590
┌ Warning: water tag closure residual 6.01160694377359e-6 exceeds the configured tolerance 1.0e-10 at t = 1060.0 s. The tags no longer account for the field they partition; see output/a2_first_order_dt2p5/output_0000/water_tag_closure.csv.
└ @ ClimaAtmos ~/git/ClimaAtmosResiDyn.jl/src/parameterized_tendencies/tagged_tracers/tagged_tracers.jl:590
┌ Warning: water tag closure residual 6.011389578664111e-6 exceeds the configured tolerance 1.0e-10 at t = 1062.5 s. The tags no longer account for the field they partition; see output/a2_first_order_dt2p5/output_0000/water_tag_closure.csv.
└ @ ClimaAtmos ~/git/ClimaAtmosResiDyn.jl/src/parameterized_tendencies/tagged_tracers/tagged_tracers.jl:590
┌ Warning: water tag closure residual 6.011172328187899e-6 exceeds the configured tolerance 1.0e-10 at t = 1065.0 s. The tags no longer account for the field they partition; see output/a2_first_order_dt2p5/output_0000/water_tag_closure.csv.
└ @ ClimaAtmos ~/git/ClimaAtmosResiDyn.jl/src/parameterized_tendencies/tagged_tracers/tagged_tracers.jl:590
┌ Warning: water tag closure residual 6.010955193573014e-6 exceeds the configured tolerance 1.0e-10 at t = 1067.5 s. The tags no longer account for the field they partition; see output/a2_first_order_dt2p5/output_0000/water_tag_closure.csv.
└ @ ClimaAtmos ~/git/ClimaAtmosResiDyn.jl/src/parameterized_tendencies/tagged_tracers/tagged_tracers.jl:590
┌ Warning: water tag closure residual 6.010738171541503e-6 exceeds the configured tolerance 1.0e-10 at t = 1070.0 s. The tags no longer account for the field they partition; see output/a2_first_order_dt2p5/output_0000/water_tag_closure.csv.
└ @ ClimaAtmos ~/git/ClimaAtmosResiDyn.jl/src/parameterized_tendencies/tagged_tracers/tagged_tracers.jl:590
┌ Warning: water tag closure residual 6.010521261236965e-6 exceeds the configured tolerance 1.0e-10 at t = 1072.5 s. The tags no longer account for the field they partition; see output/a2_first_order_dt2p5/output_0000/water_tag_closure.csv.
└ @ ClimaAtmos ~/git/ClimaAtmosResiDyn.jl/src/parameterized_tendencies/tagged_tracers/tagged_tracers.jl:590
┌ Warning: water tag closure residual 6.010304465192557e-6 exceeds the configured tolerance 1.0e-10 at t = 1075.0 s. The tags no longer account for the field they partition; see output/a2_first_order_dt2p5/output_0000/water_tag_closure.csv.
└ @ ClimaAtmos ~/git/ClimaAtmosResiDyn.jl/src/parameterized_tendencies/tagged_tracers/tagged_tracers.jl:590
┌ Warning: water tag closure residual 6.010087783122732e-6 exceeds the configured tolerance 1.0e-10 at t = 1077.5 s. The tags no longer account for the field they partition; see output/a2_first_order_dt2p5/output_0000/water_tag_closure.csv.
└ @ ClimaAtmos ~/git/ClimaAtmosResiDyn.jl/src/parameterized_tendencies/tagged_tracers/tagged_tracers.jl:590
┌ Warning: water tag closure residual 6.0098712128106715e-6 exceeds the configured tolerance 1.0e-10 at t = 1080.0 s. The tags no longer account for the field they partition; see output/a2_first_order_dt2p5/output_0000/water_tag_closure.csv.
└ @ ClimaAtmos ~/git/ClimaAtmosResiDyn.jl/src/parameterized_tendencies/tagged_tracers/tagged_tracers.jl:590
┌ Warning: water tag closure residual 6.009654754283238e-6 exceeds the configured tolerance 1.0e-10 at t = 1082.5 s. The tags no longer account for the field they partition; see output/a2_first_order_dt2p5/output_0000/water_tag_closure.csv.
└ @ ClimaAtmos ~/git/ClimaAtmosResiDyn.jl/src/parameterized_tendencies/tagged_tracers/tagged_tracers.jl:590
┌ Warning: water tag closure residual 6.009438409098867e-6 exceeds the configured tolerance 1.0e-10 at t = 1085.0 s. The tags no longer account for the field they partition; see output/a2_first_order_dt2p5/output_0000/water_tag_closure.csv.
└ @ ClimaAtmos ~/git/ClimaAtmosResiDyn.jl/src/parameterized_tendencies/tagged_tracers/tagged_tracers.jl:590
┌ Warning: water tag closure residual 6.009222176505925e-6 exceeds the configured tolerance 1.0e-10 at t = 1087.5 s. The tags no longer account for the field they partition; see output/a2_first_order_dt2p5/output_0000/water_tag_closure.csv.
└ @ ClimaAtmos ~/git/ClimaAtmosResiDyn.jl/src/parameterized_tendencies/tagged_tracers/tagged_tracers.jl:590
┌ Warning: water tag closure residual 6.009006055011134e-6 exceeds the configured tolerance 1.0e-10 at t = 1090.0 s. The tags no longer account for the field they partition; see output/a2_first_order_dt2p5/output_0000/water_tag_closure.csv.
└ @ ClimaAtmos ~/git/ClimaAtmosResiDyn.jl/src/parameterized_tendencies/tagged_tracers/tagged_tracers.jl:590
┌ Warning: water tag closure residual 6.0087900451568715e-6 exceeds the configured tolerance 1.0e-10 at t = 1092.5 s. The tags no longer account for the field they partition; see output/a2_first_order_dt2p5/output_0000/water_tag_closure.csv.
└ @ ClimaAtmos ~/git/ClimaAtmosResiDyn.jl/src/parameterized_tendencies/tagged_tracers/tagged_tracers.jl:590
┌ Warning: water tag closure residual 6.008574147353941e-6 exceeds the configured tolerance 1.0e-10 at t = 1095.0 s. The tags no longer account for the field they partition; see output/a2_first_order_dt2p5/output_0000/water_tag_closure.csv.
└ @ ClimaAtmos ~/git/ClimaAtmosResiDyn.jl/src/parameterized_tendencies/tagged_tracers/tagged_tracers.jl:590
┌ Warning: water tag closure residual 6.008358361149073e-6 exceeds the configured tolerance 1.0e-10 at t = 1097.5 s. The tags no longer account for the field they partition; see output/a2_first_order_dt2p5/output_0000/water_tag_closure.csv.
└ @ ClimaAtmos ~/git/ClimaAtmosResiDyn.jl/src/parameterized_tendencies/tagged_tracers/tagged_tracers.jl:590
┌ Warning: water tag closure residual 6.008142685485213e-6 exceeds the configured tolerance 1.0e-10 at t = 1100.0 s. The tags no longer account for the field they partition; see output/a2_first_order_dt2p5/output_0000/water_tag_closure.csv.
└ @ ClimaAtmos ~/git/ClimaAtmosResiDyn.jl/src/parameterized_tendencies/tagged_tracers/tagged_tracers.jl:590
┌ Warning: water tag closure residual 6.0079271208593274e-6 exceeds the configured tolerance 1.0e-10 at t = 1102.5 s. The tags no longer account for the field they partition; see output/a2_first_order_dt2p5/output_0000/water_tag_closure.csv.
└ @ ClimaAtmos ~/git/ClimaAtmosResiDyn.jl/src/parameterized_tendencies/tagged_tracers/tagged_tracers.jl:590
┌ Warning: water tag closure residual 6.007711667408938e-6 exceeds the configured tolerance 1.0e-10 at t = 1105.0 s. The tags no longer account for the field they partition; see output/a2_first_order_dt2p5/output_0000/water_tag_closure.csv.
└ @ ClimaAtmos ~/git/ClimaAtmosResiDyn.jl/src/parameterized_tendencies/tagged_tracers/tagged_tracers.jl:590
┌ Warning: water tag closure residual 6.0074963242700505e-6 exceeds the configured tolerance 1.0e-10 at t = 1107.5 s. The tags no longer account for the field they partition; see output/a2_first_order_dt2p5/output_0000/water_tag_closure.csv.
└ @ ClimaAtmos ~/git/ClimaAtmosResiDyn.jl/src/parameterized_tendencies/tagged_tracers/tagged_tracers.jl:590
┌ Warning: water tag closure residual 6.0072810914272385e-6 exceeds the configured tolerance 1.0e-10 at t = 1110.0 s. The tags no longer account for the field they partition; see output/a2_first_order_dt2p5/output_0000/water_tag_closure.csv.
└ @ ClimaAtmos ~/git/ClimaAtmosResiDyn.jl/src/parameterized_tendencies/tagged_tracers/tagged_tracers.jl:590
┌ Warning: water tag closure residual 6.007065969127376e-6 exceeds the configured tolerance 1.0e-10 at t = 1112.5 s. The tags no longer account for the field they partition; see output/a2_first_order_dt2p5/output_0000/water_tag_closure.csv.
└ @ ClimaAtmos ~/git/ClimaAtmosResiDyn.jl/src/parameterized_tendencies/tagged_tracers/tagged_tracers.jl:590
┌ Warning: water tag closure residual 6.006850956847928e-6 exceeds the configured tolerance 1.0e-10 at t = 1115.0 s. The tags no longer account for the field they partition; see output/a2_first_order_dt2p5/output_0000/water_tag_closure.csv.
└ @ ClimaAtmos ~/git/ClimaAtmosResiDyn.jl/src/parameterized_tendencies/tagged_tracers/tagged_tracers.jl:590
┌ Warning: water tag closure residual 6.006636054206e-6 exceeds the configured tolerance 1.0e-10 at t = 1117.5 s. The tags no longer account for the field they partition; see output/a2_first_order_dt2p5/output_0000/water_tag_closure.csv.
└ @ ClimaAtmos ~/git/ClimaAtmosResiDyn.jl/src/parameterized_tendencies/tagged_tracers/tagged_tracers.jl:590
┌ Warning: water tag closure residual 6.006421261118159e-6 exceeds the configured tolerance 1.0e-10 at t = 1120.0 s. The tags no longer account for the field they partition; see output/a2_first_order_dt2p5/output_0000/water_tag_closure.csv.
└ @ ClimaAtmos ~/git/ClimaAtmosResiDyn.jl/src/parameterized_tendencies/tagged_tracers/tagged_tracers.jl:590
┌ Warning: water tag closure residual 6.0062065776357844e-6 exceeds the configured tolerance 1.0e-10 at t = 1122.5 s. The tags no longer account for the field they partition; see output/a2_first_order_dt2p5/output_0000/water_tag_closure.csv.
└ @ ClimaAtmos ~/git/ClimaAtmosResiDyn.jl/src/parameterized_tendencies/tagged_tracers/tagged_tracers.jl:590
┌ Warning: water tag closure residual 6.005992003503565e-6 exceeds the configured tolerance 1.0e-10 at t = 1125.0 s. The tags no longer account for the field they partition; see output/a2_first_order_dt2p5/output_0000/water_tag_closure.csv.
└ @ ClimaAtmos ~/git/ClimaAtmosResiDyn.jl/src/parameterized_tendencies/tagged_tracers/tagged_tracers.jl:590
┌ Warning: water tag closure residual 6.00577753827083e-6 exceeds the configured tolerance 1.0e-10 at t = 1127.5 s. The tags no longer account for the field they partition; see output/a2_first_order_dt2p5/output_0000/water_tag_closure.csv.
└ @ ClimaAtmos ~/git/ClimaAtmosResiDyn.jl/src/parameterized_tendencies/tagged_tracers/tagged_tracers.jl:590
┌ Warning: water tag closure residual 6.005563181869122e-6 exceeds the configured tolerance 1.0e-10 at t = 1130.0 s. The tags no longer account for the field they partition; see output/a2_first_order_dt2p5/output_0000/water_tag_closure.csv.
└ @ ClimaAtmos ~/git/ClimaAtmosResiDyn.jl/src/parameterized_tendencies/tagged_tracers/tagged_tracers.jl:590
┌ Warning: water tag closure residual 6.005348934283672e-6 exceeds the configured tolerance 1.0e-10 at t = 1132.5 s. The tags no longer account for the field they partition; see output/a2_first_order_dt2p5/output_0000/water_tag_closure.csv.
└ @ ClimaAtmos ~/git/ClimaAtmosResiDyn.jl/src/parameterized_tendencies/tagged_tracers/tagged_tracers.jl:590
┌ Warning: water tag closure residual 6.005134795179193e-6 exceeds the configured tolerance 1.0e-10 at t = 1135.0 s. The tags no longer account for the field they partition; see output/a2_first_order_dt2p5/output_0000/water_tag_closure.csv.
└ @ ClimaAtmos ~/git/ClimaAtmosResiDyn.jl/src/parameterized_tendencies/tagged_tracers/tagged_tracers.jl:590
┌ Warning: water tag closure residual 6.004920764368429e-6 exceeds the configured tolerance 1.0e-10 at t = 1137.5 s. The tags no longer account for the field they partition; see output/a2_first_order_dt2p5/output_0000/water_tag_closure.csv.
└ @ ClimaAtmos ~/git/ClimaAtmosResiDyn.jl/src/parameterized_tendencies/tagged_tracers/tagged_tracers.jl:590
┌ Warning: water tag closure residual 6.004706841671259e-6 exceeds the configured tolerance 1.0e-10 at t = 1140.0 s. The tags no longer account for the field they partition; see output/a2_first_order_dt2p5/output_0000/water_tag_closure.csv.
└ @ ClimaAtmos ~/git/ClimaAtmosResiDyn.jl/src/parameterized_tendencies/tagged_tracers/tagged_tracers.jl:590
┌ Warning: water tag closure residual 6.004493026974199e-6 exceeds the configured tolerance 1.0e-10 at t = 1142.5 s. The tags no longer account for the field they partition; see output/a2_first_order_dt2p5/output_0000/water_tag_closure.csv.
└ @ ClimaAtmos ~/git/ClimaAtmosResiDyn.jl/src/parameterized_tendencies/tagged_tracers/tagged_tracers.jl:590
┌ Warning: water tag closure residual 6.004279320405564e-6 exceeds the configured tolerance 1.0e-10 at t = 1145.0 s. The tags no longer account for the field they partition; see output/a2_first_order_dt2p5/output_0000/water_tag_closure.csv.
└ @ ClimaAtmos ~/git/ClimaAtmosResiDyn.jl/src/parameterized_tendencies/tagged_tracers/tagged_tracers.jl:590
┌ Warning: water tag closure residual 6.004065722049413e-6 exceeds the configured tolerance 1.0e-10 at t = 1147.5 s. The tags no longer account for the field they partition; see output/a2_first_order_dt2p5/output_0000/water_tag_closure.csv.
└ @ ClimaAtmos ~/git/ClimaAtmosResiDyn.jl/src/parameterized_tendencies/tagged_tracers/tagged_tracers.jl:590
┌ Warning: water tag closure residual 6.003852231960213e-6 exceeds the configured tolerance 1.0e-10 at t = 1150.0 s. The tags no longer account for the field they partition; see output/a2_first_order_dt2p5/output_0000/water_tag_closure.csv.
└ @ ClimaAtmos ~/git/ClimaAtmosResiDyn.jl/src/parameterized_tendencies/tagged_tracers/tagged_tracers.jl:590
┌ Warning: water tag closure residual 6.003638850097599e-6 exceeds the configured tolerance 1.0e-10 at t = 1152.5 s. The tags no longer account for the field they partition; see output/a2_first_order_dt2p5/output_0000/water_tag_closure.csv.
└ @ ClimaAtmos ~/git/ClimaAtmosResiDyn.jl/src/parameterized_tendencies/tagged_tracers/tagged_tracers.jl:590
┌ Warning: water tag closure residual 6.003425575885169e-6 exceeds the configured tolerance 1.0e-10 at t = 1155.0 s. The tags no longer account for the field they partition; see output/a2_first_order_dt2p5/output_0000/water_tag_closure.csv.
└ @ ClimaAtmos ~/git/ClimaAtmosResiDyn.jl/src/parameterized_tendencies/tagged_tracers/tagged_tracers.jl:590
┌ Warning: water tag closure residual 6.003212409181768e-6 exceeds the configured tolerance 1.0e-10 at t = 1157.5 s. The tags no longer account for the field they partition; see output/a2_first_order_dt2p5/output_0000/water_tag_closure.csv.
└ @ ClimaAtmos ~/git/ClimaAtmosResiDyn.jl/src/parameterized_tendencies/tagged_tracers/tagged_tracers.jl:590
┌ Warning: water tag closure residual 6.00299935010942e-6 exceeds the configured tolerance 1.0e-10 at t = 1160.0 s. The tags no longer account for the field they partition; see output/a2_first_order_dt2p5/output_0000/water_tag_closure.csv.
└ @ ClimaAtmos ~/git/ClimaAtmosResiDyn.jl/src/parameterized_tendencies/tagged_tracers/tagged_tracers.jl:590
┌ Warning: water tag closure residual 6.0027863984963346e-6 exceeds the configured tolerance 1.0e-10 at t = 1162.5 s. The tags no longer account for the field they partition; see output/a2_first_order_dt2p5/output_0000/water_tag_closure.csv.
└ @ ClimaAtmos ~/git/ClimaAtmosResiDyn.jl/src/parameterized_tendencies/tagged_tracers/tagged_tracers.jl:590
┌ Warning: water tag closure residual 6.002573553927065e-6 exceeds the configured tolerance 1.0e-10 at t = 1165.0 s. The tags no longer account for the field they partition; see output/a2_first_order_dt2p5/output_0000/water_tag_closure.csv.
└ @ ClimaAtmos ~/git/ClimaAtmosResiDyn.jl/src/parameterized_tendencies/tagged_tracers/tagged_tracers.jl:590
┌ Warning: water tag closure residual 6.002360816197515e-6 exceeds the configured tolerance 1.0e-10 at t = 1167.5 s. The tags no longer account for the field they partition; see output/a2_first_order_dt2p5/output_0000/water_tag_closure.csv.
└ @ ClimaAtmos ~/git/ClimaAtmosResiDyn.jl/src/parameterized_tendencies/tagged_tracers/tagged_tracers.jl:590
┌ Warning: water tag closure residual 6.0021481853710134e-6 exceeds the configured tolerance 1.0e-10 at t = 1170.0 s. The tags no longer account for the field they partition; see output/a2_first_order_dt2p5/output_0000/water_tag_closure.csv.
└ @ ClimaAtmos ~/git/ClimaAtmosResiDyn.jl/src/parameterized_tendencies/tagged_tracers/tagged_tracers.jl:590
┌ Warning: water tag closure residual 6.001935660975071e-6 exceeds the configured tolerance 1.0e-10 at t = 1172.5 s. The tags no longer account for the field they partition; see output/a2_first_order_dt2p5/output_0000/water_tag_closure.csv.
└ @ ClimaAtmos ~/git/ClimaAtmosResiDyn.jl/src/parameterized_tendencies/tagged_tracers/tagged_tracers.jl:590
┌ Warning: water tag closure residual 6.001723243010551e-6 exceeds the configured tolerance 1.0e-10 at t = 1175.0 s. The tags no longer account for the field they partition; see output/a2_first_order_dt2p5/output_0000/water_tag_closure.csv.
└ @ ClimaAtmos ~/git/ClimaAtmosResiDyn.jl/src/parameterized_tendencies/tagged_tracers/tagged_tracers.jl:590
┌ Warning: water tag closure residual 6.001510931304067e-6 exceeds the configured tolerance 1.0e-10 at t = 1177.5 s. The tags no longer account for the field they partition; see output/a2_first_order_dt2p5/output_0000/water_tag_closure.csv.
└ @ ClimaAtmos ~/git/ClimaAtmosResiDyn.jl/src/parameterized_tendencies/tagged_tracers/tagged_tracers.jl:590
┌ Warning: water tag closure residual 6.001298725554955e-6 exceeds the configured tolerance 1.0e-10 at t = 1180.0 s. The tags no longer account for the field they partition; see output/a2_first_order_dt2p5/output_0000/water_tag_closure.csv.
└ @ ClimaAtmos ~/git/ClimaAtmosResiDyn.jl/src/parameterized_tendencies/tagged_tracers/tagged_tracers.jl:590
┌ Warning: water tag closure residual 6.001086625760551e-6 exceeds the configured tolerance 1.0e-10 at t = 1182.5 s. The tags no longer account for the field they partition; see output/a2_first_order_dt2p5/output_0000/water_tag_closure.csv.
└ @ ClimaAtmos ~/git/ClimaAtmosResiDyn.jl/src/parameterized_tendencies/tagged_tracers/tagged_tracers.jl:590
┌ Warning: water tag closure residual 6.000874631476563e-6 exceeds the configured tolerance 1.0e-10 at t = 1185.0 s. The tags no longer account for the field they partition; see output/a2_first_order_dt2p5/output_0000/water_tag_closure.csv.
└ @ ClimaAtmos ~/git/ClimaAtmosResiDyn.jl/src/parameterized_tendencies/tagged_tracers/tagged_tracers.jl:590
┌ Warning: water tag closure residual 6.000662742768155e-6 exceeds the configured tolerance 1.0e-10 at t = 1187.5 s. The tags no longer account for the field they partition; see output/a2_first_order_dt2p5/output_0000/water_tag_closure.csv.
└ @ ClimaAtmos ~/git/ClimaAtmosResiDyn.jl/src/parameterized_tendencies/tagged_tracers/tagged_tracers.jl:590
┌ Info: Progress
│   simulation_time = "19 minutes, 47 seconds"
│   n_steps_completed = 475
│   wall_time_per_step = "5 milliseconds, 257 microseconds"
│   wall_time_total = "7 seconds, 570 milliseconds"
│   wall_time_remaining = "5 seconds, 73 milliseconds"
│   wall_time_spent = "2 seconds, 497 milliseconds"
│   percent_complete = "33.0%"
│   estimated_sypd = "1.302"
│   instantaneous_sypd = "2.319"
│   date_now = 2026-09-10T00:49:36.410
└   estimated_finish_date = 2026-09-10T00:49:42.410
┌ Warning: water tag closure residual 6.000450959352107e-6 exceeds the configured tolerance 1.0e-10 at t = 1190.0 s. The tags no longer account for the field they partition; see output/a2_first_order_dt2p5/output_0000/water_tag_closure.csv.
└ @ ClimaAtmos ~/git/ClimaAtmosResiDyn.jl/src/parameterized_tendencies/tagged_tracers/tagged_tracers.jl:590
┌ Warning: water tag closure residual 6.000239281047744e-6 exceeds the configured tolerance 1.0e-10 at t = 1192.5 s. The tags no longer account for the field they partition; see output/a2_first_order_dt2p5/output_0000/water_tag_closure.csv.
└ @ ClimaAtmos ~/git/ClimaAtmosResiDyn.jl/src/parameterized_tendencies/tagged_tracers/tagged_tracers.jl:590
┌ Warning: water tag closure residual 6.000027707751389e-6 exceeds the configured tolerance 1.0e-10 at t = 1195.0 s. The tags no longer account for the field they partition; see output/a2_first_order_dt2p5/output_0000/water_tag_closure.csv.
└ @ ClimaAtmos ~/git/ClimaAtmosResiDyn.jl/src/parameterized_tendencies/tagged_tracers/tagged_tracers.jl:590
┌ Warning: water tag closure residual 5.999816239319441e-6 exceeds the configured tolerance 1.0e-10 at t = 1197.5 s. The tags no longer account for the field they partition; see output/a2_first_order_dt2p5/output_0000/water_tag_closure.csv.
└ @ ClimaAtmos ~/git/ClimaAtmosResiDyn.jl/src/parameterized_tendencies/tagged_tracers/tagged_tracers.jl:590
┌ Warning: water tag closure residual 5.999604875510358e-6 exceeds the configured tolerance 1.0e-10 at t = 1200.0 s. The tags no longer account for the field they partition; see output/a2_first_order_dt2p5/output_0000/water_tag_closure.csv.
└ @ ClimaAtmos ~/git/ClimaAtmosResiDyn.jl/src/parameterized_tendencies/tagged_tracers/tagged_tracers.jl:590
┌ Warning: water tag closure residual 5.999393616071284e-6 exceeds the configured tolerance 1.0e-10 at t = 1202.5 s. The tags no longer account for the field they partition; see output/a2_first_order_dt2p5/output_0000/water_tag_closure.csv.
└ @ ClimaAtmos ~/git/ClimaAtmosResiDyn.jl/src/parameterized_tendencies/tagged_tracers/tagged_tracers.jl:590
┌ Warning: water tag closure residual 5.999182460854498e-6 exceeds the configured tolerance 1.0e-10 at t = 1205.0 s. The tags no longer account for the field they partition; see output/a2_first_order_dt2p5/output_0000/water_tag_closure.csv.
└ @ ClimaAtmos ~/git/ClimaAtmosResiDyn.jl/src/parameterized_tendencies/tagged_tracers/tagged_tracers.jl:590
┌ Warning: water tag closure residual 5.998971409637134e-6 exceeds the configured tolerance 1.0e-10 at t = 1207.5 s. The tags no longer account for the field they partition; see output/a2_first_order_dt2p5/output_0000/water_tag_closure.csv.
└ @ ClimaAtmos ~/git/ClimaAtmosResiDyn.jl/src/parameterized_tendencies/tagged_tracers/tagged_tracers.jl:590
┌ Warning: water tag closure residual 5.998760462447444e-6 exceeds the configured tolerance 1.0e-10 at t = 1210.0 s. The tags no longer account for the field they partition; see output/a2_first_order_dt2p5/output_0000/water_tag_closure.csv.
└ @ ClimaAtmos ~/git/ClimaAtmosResiDyn.jl/src/parameterized_tendencies/tagged_tracers/tagged_tracers.jl:590
┌ Warning: water tag closure residual 5.9985496190648335e-6 exceeds the configured tolerance 1.0e-10 at t = 1212.5 s. The tags no longer account for the field they partition; see output/a2_first_order_dt2p5/output_0000/water_tag_closure.csv.
└ @ ClimaAtmos ~/git/ClimaAtmosResiDyn.jl/src/parameterized_tendencies/tagged_tracers/tagged_tracers.jl:590
┌ Warning: water tag closure residual 5.998338879207743e-6 exceeds the configured tolerance 1.0e-10 at t = 1215.0 s. The tags no longer account for the field they partition; see output/a2_first_order_dt2p5/output_0000/water_tag_closure.csv.
└ @ ClimaAtmos ~/git/ClimaAtmosResiDyn.jl/src/parameterized_tendencies/tagged_tracers/tagged_tracers.jl:590
┌ Warning: water tag closure residual 5.998128242751849e-6 exceeds the configured tolerance 1.0e-10 at t = 1217.5 s. The tags no longer account for the field they partition; see output/a2_first_order_dt2p5/output_0000/water_tag_closure.csv.
└ @ ClimaAtmos ~/git/ClimaAtmosResiDyn.jl/src/parameterized_tendencies/tagged_tracers/tagged_tracers.jl:590
┌ Warning: water tag closure residual 5.997917709610444e-6 exceeds the configured tolerance 1.0e-10 at t = 1220.0 s. The tags no longer account for the field they partition; see output/a2_first_order_dt2p5/output_0000/water_tag_closure.csv.
└ @ ClimaAtmos ~/git/ClimaAtmosResiDyn.jl/src/parameterized_tendencies/tagged_tracers/tagged_tracers.jl:590
┌ Warning: water tag closure residual 5.99770727955996e-6 exceeds the configured tolerance 1.0e-10 at t = 1222.5 s. The tags no longer account for the field they partition; see output/a2_first_order_dt2p5/output_0000/water_tag_closure.csv.
└ @ ClimaAtmos ~/git/ClimaAtmosResiDyn.jl/src/parameterized_tendencies/tagged_tracers/tagged_tracers.jl:590
┌ Warning: water tag closure residual 5.997496952279726e-6 exceeds the configured tolerance 1.0e-10 at t = 1225.0 s. The tags no longer account for the field they partition; see output/a2_first_order_dt2p5/output_0000/water_tag_closure.csv.
└ @ ClimaAtmos ~/git/ClimaAtmosResiDyn.jl/src/parameterized_tendencies/tagged_tracers/tagged_tracers.jl:590
┌ Warning: water tag closure residual 5.997286727775191e-6 exceeds the configured tolerance 1.0e-10 at t = 1227.5 s. The tags no longer account for the field they partition; see output/a2_first_order_dt2p5/output_0000/water_tag_closure.csv.
└ @ ClimaAtmos ~/git/ClimaAtmosResiDyn.jl/src/parameterized_tendencies/tagged_tracers/tagged_tracers.jl:590
┌ Warning: water tag closure residual 5.997076605852341e-6 exceeds the configured tolerance 1.0e-10 at t = 1230.0 s. The tags no longer account for the field they partition; see output/a2_first_order_dt2p5/output_0000/water_tag_closure.csv.
└ @ ClimaAtmos ~/git/ClimaAtmosResiDyn.jl/src/parameterized_tendencies/tagged_tracers/tagged_tracers.jl:590
┌ Warning: water tag closure residual 5.996866586268877e-6 exceeds the configured tolerance 1.0e-10 at t = 1232.5 s. The tags no longer account for the field they partition; see output/a2_first_order_dt2p5/output_0000/water_tag_closure.csv.
└ @ ClimaAtmos ~/git/ClimaAtmosResiDyn.jl/src/parameterized_tendencies/tagged_tracers/tagged_tracers.jl:590
┌ Warning: water tag closure residual 5.9966566688099774e-6 exceeds the configured tolerance 1.0e-10 at t = 1235.0 s. The tags no longer account for the field they partition; see output/a2_first_order_dt2p5/output_0000/water_tag_closure.csv.
└ @ ClimaAtmos ~/git/ClimaAtmosResiDyn.jl/src/parameterized_tendencies/tagged_tracers/tagged_tracers.jl:590
┌ Warning: water tag closure residual 5.996446853468143e-6 exceeds the configured tolerance 1.0e-10 at t = 1237.5 s. The tags no longer account for the field they partition; see output/a2_first_order_dt2p5/output_0000/water_tag_closure.csv.
└ @ ClimaAtmos ~/git/ClimaAtmosResiDyn.jl/src/parameterized_tendencies/tagged_tracers/tagged_tracers.jl:590
┌ Warning: water tag closure residual 5.996237140016367e-6 exceeds the configured tolerance 1.0e-10 at t = 1240.0 s. The tags no longer account for the field they partition; see output/a2_first_order_dt2p5/output_0000/water_tag_closure.csv.
└ @ ClimaAtmos ~/git/ClimaAtmosResiDyn.jl/src/parameterized_tendencies/tagged_tracers/tagged_tracers.jl:590
┌ Warning: water tag closure residual 5.9960275282413025e-6 exceeds the configured tolerance 1.0e-10 at t = 1242.5 s. The tags no longer account for the field they partition; see output/a2_first_order_dt2p5/output_0000/water_tag_closure.csv.
└ @ ClimaAtmos ~/git/ClimaAtmosResiDyn.jl/src/parameterized_tendencies/tagged_tracers/tagged_tracers.jl:590
┌ Warning: water tag closure residual 5.995818018044838e-6 exceeds the configured tolerance 1.0e-10 at t = 1245.0 s. The tags no longer account for the field they partition; see output/a2_first_order_dt2p5/output_0000/water_tag_closure.csv.
└ @ ClimaAtmos ~/git/ClimaAtmosResiDyn.jl/src/parameterized_tendencies/tagged_tracers/tagged_tracers.jl:590
┌ Warning: water tag closure residual 5.995608609628358e-6 exceeds the configured tolerance 1.0e-10 at t = 1247.5 s. The tags no longer account for the field they partition; see output/a2_first_order_dt2p5/output_0000/water_tag_closure.csv.
└ @ ClimaAtmos ~/git/ClimaAtmosResiDyn.jl/src/parameterized_tendencies/tagged_tracers/tagged_tracers.jl:590
┌ Warning: water tag closure residual 5.995399302781641e-6 exceeds the configured tolerance 1.0e-10 at t = 1250.0 s. The tags no longer account for the field they partition; see output/a2_first_order_dt2p5/output_0000/water_tag_closure.csv.
└ @ ClimaAtmos ~/git/ClimaAtmosResiDyn.jl/src/parameterized_tendencies/tagged_tracers/tagged_tracers.jl:590
┌ Warning: water tag closure residual 5.995190097394259e-6 exceeds the configured tolerance 1.0e-10 at t = 1252.5 s. The tags no longer account for the field they partition; see output/a2_first_order_dt2p5/output_0000/water_tag_closure.csv.
└ @ ClimaAtmos ~/git/ClimaAtmosResiDyn.jl/src/parameterized_tendencies/tagged_tracers/tagged_tracers.jl:590
┌ Warning: water tag closure residual 5.994980993227159e-6 exceeds the configured tolerance 1.0e-10 at t = 1255.0 s. The tags no longer account for the field they partition; see output/a2_first_order_dt2p5/output_0000/water_tag_closure.csv.
└ @ ClimaAtmos ~/git/ClimaAtmosResiDyn.jl/src/parameterized_tendencies/tagged_tracers/tagged_tracers.jl:590
┌ Warning: water tag closure residual 5.9947719901197976e-6 exceeds the configured tolerance 1.0e-10 at t = 1257.5 s. The tags no longer account for the field they partition; see output/a2_first_order_dt2p5/output_0000/water_tag_closure.csv.
└ @ ClimaAtmos ~/git/ClimaAtmosResiDyn.jl/src/parameterized_tendencies/tagged_tracers/tagged_tracers.jl:590
┌ Warning: water tag closure residual 5.99456308848578e-6 exceeds the configured tolerance 1.0e-10 at t = 1260.0 s. The tags no longer account for the field they partition; see output/a2_first_order_dt2p5/output_0000/water_tag_closure.csv.
└ @ ClimaAtmos ~/git/ClimaAtmosResiDyn.jl/src/parameterized_tendencies/tagged_tracers/tagged_tracers.jl:590
┌ Warning: water tag closure residual 5.9943542883682196e-6 exceeds the configured tolerance 1.0e-10 at t = 1262.5 s. The tags no longer account for the field they partition; see output/a2_first_order_dt2p5/output_0000/water_tag_closure.csv.
└ @ ClimaAtmos ~/git/ClimaAtmosResiDyn.jl/src/parameterized_tendencies/tagged_tracers/tagged_tracers.jl:590
┌ Warning: water tag closure residual 5.994145589908921e-6 exceeds the configured tolerance 1.0e-10 at t = 1265.0 s. The tags no longer account for the field they partition; see output/a2_first_order_dt2p5/output_0000/water_tag_closure.csv.
└ @ ClimaAtmos ~/git/ClimaAtmosResiDyn.jl/src/parameterized_tendencies/tagged_tracers/tagged_tracers.jl:590
┌ Warning: water tag closure residual 5.993936992847718e-6 exceeds the configured tolerance 1.0e-10 at t = 1267.5 s. The tags no longer account for the field they partition; see output/a2_first_order_dt2p5/output_0000/water_tag_closure.csv.
└ @ ClimaAtmos ~/git/ClimaAtmosResiDyn.jl/src/parameterized_tendencies/tagged_tracers/tagged_tracers.jl:590
┌ Warning: water tag closure residual 5.9937284967509615e-6 exceeds the configured tolerance 1.0e-10 at t = 1270.0 s. The tags no longer account for the field they partition; see output/a2_first_order_dt2p5/output_0000/water_tag_closure.csv.
└ @ ClimaAtmos ~/git/ClimaAtmosResiDyn.jl/src/parameterized_tendencies/tagged_tracers/tagged_tracers.jl:590
┌ Warning: water tag closure residual 5.993520101494358e-6 exceeds the configured tolerance 1.0e-10 at t = 1272.5 s. The tags no longer account for the field they partition; see output/a2_first_order_dt2p5/output_0000/water_tag_closure.csv.
└ @ ClimaAtmos ~/git/ClimaAtmosResiDyn.jl/src/parameterized_tendencies/tagged_tracers/tagged_tracers.jl:590
┌ Warning: water tag closure residual 5.993311807277112e-6 exceeds the configured tolerance 1.0e-10 at t = 1275.0 s. The tags no longer account for the field they partition; see output/a2_first_order_dt2p5/output_0000/water_tag_closure.csv.
└ @ ClimaAtmos ~/git/ClimaAtmosResiDyn.jl/src/parameterized_tendencies/tagged_tracers/tagged_tracers.jl:590
┌ Warning: water tag closure residual 5.993103613568625e-6 exceeds the configured tolerance 1.0e-10 at t = 1277.5 s. The tags no longer account for the field they partition; see output/a2_first_order_dt2p5/output_0000/water_tag_closure.csv.
└ @ ClimaAtmos ~/git/ClimaAtmosResiDyn.jl/src/parameterized_tendencies/tagged_tracers/tagged_tracers.jl:590
┌ Warning: water tag closure residual 5.992895521302251e-6 exceeds the configured tolerance 1.0e-10 at t = 1280.0 s. The tags no longer account for the field they partition; see output/a2_first_order_dt2p5/output_0000/water_tag_closure.csv.
└ @ ClimaAtmos ~/git/ClimaAtmosResiDyn.jl/src/parameterized_tendencies/tagged_tracers/tagged_tracers.jl:590
┌ Info: Progress
│   simulation_time = "21 minutes, 20 seconds"
│   n_steps_completed = 512
│   wall_time_per_step = "5 milliseconds, 105 microseconds"
│   wall_time_total = "7 seconds, 352 milliseconds"
│   wall_time_remaining = "4 seconds, 738 milliseconds"
│   wall_time_spent = "2 seconds, 614 milliseconds"
│   percent_complete = "35.6%"
│   estimated_sypd = "1.341"
│   instantaneous_sypd = "2.165"
│   date_now = 2026-09-10T00:49:36.527
└   estimated_finish_date = 2026-09-10T00:49:41.527
┌ Warning: water tag closure residual 5.992687530947083e-6 exceeds the configured tolerance 1.0e-10 at t = 1282.5 s. The tags no longer account for the field they partition; see output/a2_first_order_dt2p5/output_0000/water_tag_closure.csv.
└ @ ClimaAtmos ~/git/ClimaAtmosResiDyn.jl/src/parameterized_tendencies/tagged_tracers/tagged_tracers.jl:590
┌ Warning: water tag closure residual 5.992479642755429e-6 exceeds the configured tolerance 1.0e-10 at t = 1285.0 s. The tags no longer account for the field they partition; see output/a2_first_order_dt2p5/output_0000/water_tag_closure.csv.
└ @ ClimaAtmos ~/git/ClimaAtmosResiDyn.jl/src/parameterized_tendencies/tagged_tracers/tagged_tracers.jl:590
┌ Warning: water tag closure residual 5.99227185653826e-6 exceeds the configured tolerance 1.0e-10 at t = 1287.5 s. The tags no longer account for the field they partition; see output/a2_first_order_dt2p5/output_0000/water_tag_closure.csv.
└ @ ClimaAtmos ~/git/ClimaAtmosResiDyn.jl/src/parameterized_tendencies/tagged_tracers/tagged_tracers.jl:590
┌ Warning: water tag closure residual 5.992064171528828e-6 exceeds the configured tolerance 1.0e-10 at t = 1290.0 s. The tags no longer account for the field they partition; see output/a2_first_order_dt2p5/output_0000/water_tag_closure.csv.
└ @ ClimaAtmos ~/git/ClimaAtmosResiDyn.jl/src/parameterized_tendencies/tagged_tracers/tagged_tracers.jl:590
┌ Warning: water tag closure residual 5.991856587762358e-6 exceeds the configured tolerance 1.0e-10 at t = 1292.5 s. The tags no longer account for the field they partition; see output/a2_first_order_dt2p5/output_0000/water_tag_closure.csv.
└ @ ClimaAtmos ~/git/ClimaAtmosResiDyn.jl/src/parameterized_tendencies/tagged_tracers/tagged_tracers.jl:590
┌ Warning: water tag closure residual 5.991649105453264e-6 exceeds the configured tolerance 1.0e-10 at t = 1295.0 s. The tags no longer account for the field they partition; see output/a2_first_order_dt2p5/output_0000/water_tag_closure.csv.
└ @ ClimaAtmos ~/git/ClimaAtmosResiDyn.jl/src/parameterized_tendencies/tagged_tracers/tagged_tracers.jl:590
┌ Warning: water tag closure residual 5.991441724231857e-6 exceeds the configured tolerance 1.0e-10 at t = 1297.5 s. The tags no longer account for the field they partition; see output/a2_first_order_dt2p5/output_0000/water_tag_closure.csv.
└ @ ClimaAtmos ~/git/ClimaAtmosResiDyn.jl/src/parameterized_tendencies/tagged_tracers/tagged_tracers.jl:590
┌ Warning: water tag closure residual 5.991234443721703e-6 exceeds the configured tolerance 1.0e-10 at t = 1300.0 s. The tags no longer account for the field they partition; see output/a2_first_order_dt2p5/output_0000/water_tag_closure.csv.
└ @ ClimaAtmos ~/git/ClimaAtmosResiDyn.jl/src/parameterized_tendencies/tagged_tracers/tagged_tracers.jl:590
┌ Warning: water tag closure residual 5.991027263927853e-6 exceeds the configured tolerance 1.0e-10 at t = 1302.5 s. The tags no longer account for the field they partition; see output/a2_first_order_dt2p5/output_0000/water_tag_closure.csv.
└ @ ClimaAtmos ~/git/ClimaAtmosResiDyn.jl/src/parameterized_tendencies/tagged_tracers/tagged_tracers.jl:590
┌ Warning: water tag closure residual 5.990820184911301e-6 exceeds the configured tolerance 1.0e-10 at t = 1305.0 s. The tags no longer account for the field they partition; see output/a2_first_order_dt2p5/output_0000/water_tag_closure.csv.
└ @ ClimaAtmos ~/git/ClimaAtmosResiDyn.jl/src/parameterized_tendencies/tagged_tracers/tagged_tracers.jl:590
┌ Warning: water tag closure residual 5.990613206104726e-6 exceeds the configured tolerance 1.0e-10 at t = 1307.5 s. The tags no longer account for the field they partition; see output/a2_first_order_dt2p5/output_0000/water_tag_closure.csv.
└ @ ClimaAtmos ~/git/ClimaAtmosResiDyn.jl/src/parameterized_tendencies/tagged_tracers/tagged_tracers.jl:590
┌ Warning: water tag closure residual 5.990406327464685e-6 exceeds the configured tolerance 1.0e-10 at t = 1310.0 s. The tags no longer account for the field they partition; see output/a2_first_order_dt2p5/output_0000/water_tag_closure.csv.
└ @ ClimaAtmos ~/git/ClimaAtmosResiDyn.jl/src/parameterized_tendencies/tagged_tracers/tagged_tracers.jl:590
┌ Warning: water tag closure residual 5.9901995490659955e-6 exceeds the configured tolerance 1.0e-10 at t = 1312.5 s. The tags no longer account for the field they partition; see output/a2_first_order_dt2p5/output_0000/water_tag_closure.csv.
└ @ ClimaAtmos ~/git/ClimaAtmosResiDyn.jl/src/parameterized_tendencies/tagged_tracers/tagged_tracers.jl:590
┌ Warning: water tag closure residual 5.9899928705620555e-6 exceeds the configured tolerance 1.0e-10 at t = 1315.0 s. The tags no longer account for the field they partition; see output/a2_first_order_dt2p5/output_0000/water_tag_closure.csv.
└ @ ClimaAtmos ~/git/ClimaAtmosResiDyn.jl/src/parameterized_tendencies/tagged_tracers/tagged_tracers.jl:590
┌ Warning: water tag closure residual 5.989786291780257e-6 exceeds the configured tolerance 1.0e-10 at t = 1317.5 s. The tags no longer account for the field they partition; see output/a2_first_order_dt2p5/output_0000/water_tag_closure.csv.
└ @ ClimaAtmos ~/git/ClimaAtmosResiDyn.jl/src/parameterized_tendencies/tagged_tracers/tagged_tracers.jl:590
┌ Warning: water tag closure residual 5.989579812405559e-6 exceeds the configured tolerance 1.0e-10 at t = 1320.0 s. The tags no longer account for the field they partition; see output/a2_first_order_dt2p5/output_0000/water_tag_closure.csv.
└ @ ClimaAtmos ~/git/ClimaAtmosResiDyn.jl/src/parameterized_tendencies/tagged_tracers/tagged_tracers.jl:590
┌ Warning: water tag closure residual 5.989373432553108e-6 exceeds the configured tolerance 1.0e-10 at t = 1322.5 s. The tags no longer account for the field they partition; see output/a2_first_order_dt2p5/output_0000/water_tag_closure.csv.
└ @ ClimaAtmos ~/git/ClimaAtmosResiDyn.jl/src/parameterized_tendencies/tagged_tracers/tagged_tracers.jl:590
┌ Warning: water tag closure residual 5.989167152044463e-6 exceeds the configured tolerance 1.0e-10 at t = 1325.0 s. The tags no longer account for the field they partition; see output/a2_first_order_dt2p5/output_0000/water_tag_closure.csv.
└ @ ClimaAtmos ~/git/ClimaAtmosResiDyn.jl/src/parameterized_tendencies/tagged_tracers/tagged_tracers.jl:590
┌ Warning: water tag closure residual 5.988960966638358e-6 exceeds the configured tolerance 1.0e-10 at t = 1327.5 s. The tags no longer account for the field they partition; see output/a2_first_order_dt2p5/output_0000/water_tag_closure.csv.
└ @ ClimaAtmos ~/git/ClimaAtmosResiDyn.jl/src/parameterized_tendencies/tagged_tracers/tagged_tracers.jl:590
┌ Warning: water tag closure residual 5.988754878649179e-6 exceeds the configured tolerance 1.0e-10 at t = 1330.0 s. The tags no longer account for the field they partition; see output/a2_first_order_dt2p5/output_0000/water_tag_closure.csv.
└ @ ClimaAtmos ~/git/ClimaAtmosResiDyn.jl/src/parameterized_tendencies/tagged_tracers/tagged_tracers.jl:590
┌ Warning: water tag closure residual 5.988548887603873e-6 exceeds the configured tolerance 1.0e-10 at t = 1332.5 s. The tags no longer account for the field they partition; see output/a2_first_order_dt2p5/output_0000/water_tag_closure.csv.
└ @ ClimaAtmos ~/git/ClimaAtmosResiDyn.jl/src/parameterized_tendencies/tagged_tracers/tagged_tracers.jl:590
┌ Warning: water tag closure residual 5.98834299327506e-6 exceeds the configured tolerance 1.0e-10 at t = 1335.0 s. The tags no longer account for the field they partition; see output/a2_first_order_dt2p5/output_0000/water_tag_closure.csv.
└ @ ClimaAtmos ~/git/ClimaAtmosResiDyn.jl/src/parameterized_tendencies/tagged_tracers/tagged_tracers.jl:590
┌ Warning: water tag closure residual 5.988137195508953e-6 exceeds the configured tolerance 1.0e-10 at t = 1337.5 s. The tags no longer account for the field they partition; see output/a2_first_order_dt2p5/output_0000/water_tag_closure.csv.
└ @ ClimaAtmos ~/git/ClimaAtmosResiDyn.jl/src/parameterized_tendencies/tagged_tracers/tagged_tracers.jl:590
┌ Warning: water tag closure residual 5.987931493966128e-6 exceeds the configured tolerance 1.0e-10 at t = 1340.0 s. The tags no longer account for the field they partition; see output/a2_first_order_dt2p5/output_0000/water_tag_closure.csv.
└ @ ClimaAtmos ~/git/ClimaAtmosResiDyn.jl/src/parameterized_tendencies/tagged_tracers/tagged_tracers.jl:590
┌ Warning: water tag closure residual 5.9877258887348275e-6 exceeds the configured tolerance 1.0e-10 at t = 1342.5 s. The tags no longer account for the field they partition; see output/a2_first_order_dt2p5/output_0000/water_tag_closure.csv.
└ @ ClimaAtmos ~/git/ClimaAtmosResiDyn.jl/src/parameterized_tendencies/tagged_tracers/tagged_tracers.jl:590
┌ Warning: water tag closure residual 5.987520379662139e-6 exceeds the configured tolerance 1.0e-10 at t = 1345.0 s. The tags no longer account for the field they partition; see output/a2_first_order_dt2p5/output_0000/water_tag_closure.csv.
└ @ ClimaAtmos ~/git/ClimaAtmosResiDyn.jl/src/parameterized_tendencies/tagged_tracers/tagged_tracers.jl:590
┌ Warning: water tag closure residual 5.987314966487884e-6 exceeds the configured tolerance 1.0e-10 at t = 1347.5 s. The tags no longer account for the field they partition; see output/a2_first_order_dt2p5/output_0000/water_tag_closure.csv.
└ @ ClimaAtmos ~/git/ClimaAtmosResiDyn.jl/src/parameterized_tendencies/tagged_tracers/tagged_tracers.jl:590
┌ Warning: water tag closure residual 5.987109649027639e-6 exceeds the configured tolerance 1.0e-10 at t = 1350.0 s. The tags no longer account for the field they partition; see output/a2_first_order_dt2p5/output_0000/water_tag_closure.csv.
└ @ ClimaAtmos ~/git/ClimaAtmosResiDyn.jl/src/parameterized_tendencies/tagged_tracers/tagged_tracers.jl:590
┌ Warning: water tag closure residual 5.986904427346206e-6 exceeds the configured tolerance 1.0e-10 at t = 1352.5 s. The tags no longer account for the field they partition; see output/a2_first_order_dt2p5/output_0000/water_tag_closure.csv.
└ @ ClimaAtmos ~/git/ClimaAtmosResiDyn.jl/src/parameterized_tendencies/tagged_tracers/tagged_tracers.jl:590
┌ Warning: water tag closure residual 5.986699301204612e-6 exceeds the configured tolerance 1.0e-10 at t = 1355.0 s. The tags no longer account for the field they partition; see output/a2_first_order_dt2p5/output_0000/water_tag_closure.csv.
└ @ ClimaAtmos ~/git/ClimaAtmosResiDyn.jl/src/parameterized_tendencies/tagged_tracers/tagged_tracers.jl:590
┌ Warning: water tag closure residual 5.986494270353046e-6 exceeds the configured tolerance 1.0e-10 at t = 1357.5 s. The tags no longer account for the field they partition; see output/a2_first_order_dt2p5/output_0000/water_tag_closure.csv.
└ @ ClimaAtmos ~/git/ClimaAtmosResiDyn.jl/src/parameterized_tendencies/tagged_tracers/tagged_tracers.jl:590
┌ Warning: water tag closure residual 5.986289334903662e-6 exceeds the configured tolerance 1.0e-10 at t = 1360.0 s. The tags no longer account for the field they partition; see output/a2_first_order_dt2p5/output_0000/water_tag_closure.csv.
└ @ ClimaAtmos ~/git/ClimaAtmosResiDyn.jl/src/parameterized_tendencies/tagged_tracers/tagged_tracers.jl:590
┌ Warning: water tag closure residual 5.986084494384482e-6 exceeds the configured tolerance 1.0e-10 at t = 1362.5 s. The tags no longer account for the field they partition; see output/a2_first_order_dt2p5/output_0000/water_tag_closure.csv.
└ @ ClimaAtmos ~/git/ClimaAtmosResiDyn.jl/src/parameterized_tendencies/tagged_tracers/tagged_tracers.jl:590
┌ Warning: water tag closure residual 5.985879748698829e-6 exceeds the configured tolerance 1.0e-10 at t = 1365.0 s. The tags no longer account for the field they partition; see output/a2_first_order_dt2p5/output_0000/water_tag_closure.csv.
└ @ ClimaAtmos ~/git/ClimaAtmosResiDyn.jl/src/parameterized_tendencies/tagged_tracers/tagged_tracers.jl:590
┌ Warning: water tag closure residual 5.985675097879521e-6 exceeds the configured tolerance 1.0e-10 at t = 1367.5 s. The tags no longer account for the field they partition; see output/a2_first_order_dt2p5/output_0000/water_tag_closure.csv.
└ @ ClimaAtmos ~/git/ClimaAtmosResiDyn.jl/src/parameterized_tendencies/tagged_tracers/tagged_tracers.jl:590
┌ Warning: water tag closure residual 5.985470541709484e-6 exceeds the configured tolerance 1.0e-10 at t = 1370.0 s. The tags no longer account for the field they partition; see output/a2_first_order_dt2p5/output_0000/water_tag_closure.csv.
└ @ ClimaAtmos ~/git/ClimaAtmosResiDyn.jl/src/parameterized_tendencies/tagged_tracers/tagged_tracers.jl:590
┌ Warning: water tag closure residual 5.9852660800219135e-6 exceeds the configured tolerance 1.0e-10 at t = 1372.5 s. The tags no longer account for the field they partition; see output/a2_first_order_dt2p5/output_0000/water_tag_closure.csv.
└ @ ClimaAtmos ~/git/ClimaAtmosResiDyn.jl/src/parameterized_tendencies/tagged_tracers/tagged_tracers.jl:590
┌ Warning: water tag closure residual 5.985061712576965e-6 exceeds the configured tolerance 1.0e-10 at t = 1375.0 s. The tags no longer account for the field they partition; see output/a2_first_order_dt2p5/output_0000/water_tag_closure.csv.
└ @ ClimaAtmos ~/git/ClimaAtmosResiDyn.jl/src/parameterized_tendencies/tagged_tracers/tagged_tracers.jl:590
┌ Warning: water tag closure residual 5.984857439440047e-6 exceeds the configured tolerance 1.0e-10 at t = 1377.5 s. The tags no longer account for the field they partition; see output/a2_first_order_dt2p5/output_0000/water_tag_closure.csv.
└ @ ClimaAtmos ~/git/ClimaAtmosResiDyn.jl/src/parameterized_tendencies/tagged_tracers/tagged_tracers.jl:590
┌ Warning: water tag closure residual 5.9846532604073194e-6 exceeds the configured tolerance 1.0e-10 at t = 1380.0 s. The tags no longer account for the field they partition; see output/a2_first_order_dt2p5/output_0000/water_tag_closure.csv.
└ @ ClimaAtmos ~/git/ClimaAtmosResiDyn.jl/src/parameterized_tendencies/tagged_tracers/tagged_tracers.jl:590
┌ Warning: water tag closure residual 5.984449175412263e-6 exceeds the configured tolerance 1.0e-10 at t = 1382.5 s. The tags no longer account for the field they partition; see output/a2_first_order_dt2p5/output_0000/water_tag_closure.csv.
└ @ ClimaAtmos ~/git/ClimaAtmosResiDyn.jl/src/parameterized_tendencies/tagged_tracers/tagged_tracers.jl:590
┌ Warning: water tag closure residual 5.984245184076429e-6 exceeds the configured tolerance 1.0e-10 at t = 1385.0 s. The tags no longer account for the field they partition; see output/a2_first_order_dt2p5/output_0000/water_tag_closure.csv.
└ @ ClimaAtmos ~/git/ClimaAtmosResiDyn.jl/src/parameterized_tendencies/tagged_tracers/tagged_tracers.jl:590
┌ Warning: water tag closure residual 5.984041286322312e-6 exceeds the configured tolerance 1.0e-10 at t = 1387.5 s. The tags no longer account for the field they partition; see output/a2_first_order_dt2p5/output_0000/water_tag_closure.csv.
└ @ ClimaAtmos ~/git/ClimaAtmosResiDyn.jl/src/parameterized_tendencies/tagged_tracers/tagged_tracers.jl:590
┌ Warning: water tag closure residual 5.983837482024512e-6 exceeds the configured tolerance 1.0e-10 at t = 1390.0 s. The tags no longer account for the field they partition; see output/a2_first_order_dt2p5/output_0000/water_tag_closure.csv.
└ @ ClimaAtmos ~/git/ClimaAtmosResiDyn.jl/src/parameterized_tendencies/tagged_tracers/tagged_tracers.jl:590
┌ Warning: water tag closure residual 5.98363377106135e-6 exceeds the configured tolerance 1.0e-10 at t = 1392.5 s. The tags no longer account for the field they partition; see output/a2_first_order_dt2p5/output_0000/water_tag_closure.csv.
└ @ ClimaAtmos ~/git/ClimaAtmosResiDyn.jl/src/parameterized_tendencies/tagged_tracers/tagged_tracers.jl:590
┌ Warning: water tag closure residual 5.983430153233988e-6 exceeds the configured tolerance 1.0e-10 at t = 1395.0 s. The tags no longer account for the field they partition; see output/a2_first_order_dt2p5/output_0000/water_tag_closure.csv.
└ @ ClimaAtmos ~/git/ClimaAtmosResiDyn.jl/src/parameterized_tendencies/tagged_tracers/tagged_tracers.jl:590
┌ Warning: water tag closure residual 5.983226628515009e-6 exceeds the configured tolerance 1.0e-10 at t = 1397.5 s. The tags no longer account for the field they partition; see output/a2_first_order_dt2p5/output_0000/water_tag_closure.csv.
└ @ ClimaAtmos ~/git/ClimaAtmosResiDyn.jl/src/parameterized_tendencies/tagged_tracers/tagged_tracers.jl:590
┌ Warning: water tag closure residual 5.98302319674357e-6 exceeds the configured tolerance 1.0e-10 at t = 1400.0 s. The tags no longer account for the field they partition; see output/a2_first_order_dt2p5/output_0000/water_tag_closure.csv.
└ @ ClimaAtmos ~/git/ClimaAtmosResiDyn.jl/src/parameterized_tendencies/tagged_tracers/tagged_tracers.jl:590
┌ Warning: water tag closure residual 5.9828198577911805e-6 exceeds the configured tolerance 1.0e-10 at t = 1402.5 s. The tags no longer account for the field they partition; see output/a2_first_order_dt2p5/output_0000/water_tag_closure.csv.
└ @ ClimaAtmos ~/git/ClimaAtmosResiDyn.jl/src/parameterized_tendencies/tagged_tracers/tagged_tracers.jl:590
┌ Warning: water tag closure residual 5.982616611447871e-6 exceeds the configured tolerance 1.0e-10 at t = 1405.0 s. The tags no longer account for the field they partition; see output/a2_first_order_dt2p5/output_0000/water_tag_closure.csv.
└ @ ClimaAtmos ~/git/ClimaAtmosResiDyn.jl/src/parameterized_tendencies/tagged_tracers/tagged_tracers.jl:590
┌ Warning: water tag closure residual 5.9824134575512335e-6 exceeds the configured tolerance 1.0e-10 at t = 1407.5 s. The tags no longer account for the field they partition; see output/a2_first_order_dt2p5/output_0000/water_tag_closure.csv.
└ @ ClimaAtmos ~/git/ClimaAtmosResiDyn.jl/src/parameterized_tendencies/tagged_tracers/tagged_tracers.jl:590
┌ Warning: water tag closure residual 5.98221039609237e-6 exceeds the configured tolerance 1.0e-10 at t = 1410.0 s. The tags no longer account for the field they partition; see output/a2_first_order_dt2p5/output_0000/water_tag_closure.csv.
└ @ ClimaAtmos ~/git/ClimaAtmosResiDyn.jl/src/parameterized_tendencies/tagged_tracers/tagged_tracers.jl:590
┌ Warning: water tag closure residual 5.982007426722943e-6 exceeds the configured tolerance 1.0e-10 at t = 1412.5 s. The tags no longer account for the field they partition; see output/a2_first_order_dt2p5/output_0000/water_tag_closure.csv.
└ @ ClimaAtmos ~/git/ClimaAtmosResiDyn.jl/src/parameterized_tendencies/tagged_tracers/tagged_tracers.jl:590
┌ Warning: water tag closure residual 5.981804549469149e-6 exceeds the configured tolerance 1.0e-10 at t = 1415.0 s. The tags no longer account for the field they partition; see output/a2_first_order_dt2p5/output_0000/water_tag_closure.csv.
└ @ ClimaAtmos ~/git/ClimaAtmosResiDyn.jl/src/parameterized_tendencies/tagged_tracers/tagged_tracers.jl:590
┌ Warning: water tag closure residual 5.981601764227363e-6 exceeds the configured tolerance 1.0e-10 at t = 1417.5 s. The tags no longer account for the field they partition; see output/a2_first_order_dt2p5/output_0000/water_tag_closure.csv.
└ @ ClimaAtmos ~/git/ClimaAtmosResiDyn.jl/src/parameterized_tendencies/tagged_tracers/tagged_tracers.jl:590
┌ Warning: water tag closure residual 5.9813990707153255e-6 exceeds the configured tolerance 1.0e-10 at t = 1420.0 s. The tags no longer account for the field they partition; see output/a2_first_order_dt2p5/output_0000/water_tag_closure.csv.
└ @ ClimaAtmos ~/git/ClimaAtmosResiDyn.jl/src/parameterized_tendencies/tagged_tracers/tagged_tracers.jl:590
┌ Warning: water tag closure residual 5.9811964688633586e-6 exceeds the configured tolerance 1.0e-10 at t = 1422.5 s. The tags no longer account for the field they partition; see output/a2_first_order_dt2p5/output_0000/water_tag_closure.csv.
└ @ ClimaAtmos ~/git/ClimaAtmosResiDyn.jl/src/parameterized_tendencies/tagged_tracers/tagged_tracers.jl:590
┌ Warning: water tag closure residual 5.980993958624133e-6 exceeds the configured tolerance 1.0e-10 at t = 1425.0 s. The tags no longer account for the field they partition; see output/a2_first_order_dt2p5/output_0000/water_tag_closure.csv.
└ @ ClimaAtmos ~/git/ClimaAtmosResiDyn.jl/src/parameterized_tendencies/tagged_tracers/tagged_tracers.jl:590
┌ Warning: water tag closure residual 5.9807915397430235e-6 exceeds the configured tolerance 1.0e-10 at t = 1427.5 s. The tags no longer account for the field they partition; see output/a2_first_order_dt2p5/output_0000/water_tag_closure.csv.
└ @ ClimaAtmos ~/git/ClimaAtmosResiDyn.jl/src/parameterized_tendencies/tagged_tracers/tagged_tracers.jl:590
┌ Warning: water tag closure residual 5.980589212016259e-6 exceeds the configured tolerance 1.0e-10 at t = 1430.0 s. The tags no longer account for the field they partition; see output/a2_first_order_dt2p5/output_0000/water_tag_closure.csv.
└ @ ClimaAtmos ~/git/ClimaAtmosResiDyn.jl/src/parameterized_tendencies/tagged_tracers/tagged_tracers.jl:590
┌ Warning: water tag closure residual 5.980386975448114e-6 exceeds the configured tolerance 1.0e-10 at t = 1432.5 s. The tags no longer account for the field they partition; see output/a2_first_order_dt2p5/output_0000/water_tag_closure.csv.
└ @ ClimaAtmos ~/git/ClimaAtmosResiDyn.jl/src/parameterized_tendencies/tagged_tracers/tagged_tracers.jl:590
┌ Warning: water tag closure residual 5.980184829849242e-6 exceeds the configured tolerance 1.0e-10 at t = 1435.0 s. The tags no longer account for the field they partition; see output/a2_first_order_dt2p5/output_0000/water_tag_closure.csv.
└ @ ClimaAtmos ~/git/ClimaAtmosResiDyn.jl/src/parameterized_tendencies/tagged_tracers/tagged_tracers.jl:590
┌ Warning: water tag closure residual 5.979982775203823e-6 exceeds the configured tolerance 1.0e-10 at t = 1437.5 s. The tags no longer account for the field they partition; see output/a2_first_order_dt2p5/output_0000/water_tag_closure.csv.
└ @ ClimaAtmos ~/git/ClimaAtmosResiDyn.jl/src/parameterized_tendencies/tagged_tracers/tagged_tracers.jl:590
┌ Warning: water tag closure residual 5.979780811179946e-6 exceeds the configured tolerance 1.0e-10 at t = 1440.0 s. The tags no longer account for the field they partition; see output/a2_first_order_dt2p5/output_0000/water_tag_closure.csv.
└ @ ClimaAtmos ~/git/ClimaAtmosResiDyn.jl/src/parameterized_tendencies/tagged_tracers/tagged_tracers.jl:590
┌ Warning: water tag closure residual 5.979578937908564e-6 exceeds the configured tolerance 1.0e-10 at t = 1442.5 s. The tags no longer account for the field they partition; see output/a2_first_order_dt2p5/output_0000/water_tag_closure.csv.
└ @ ClimaAtmos ~/git/ClimaAtmosResiDyn.jl/src/parameterized_tendencies/tagged_tracers/tagged_tracers.jl:590
┌ Warning: water tag closure residual 5.979377154904009e-6 exceeds the configured tolerance 1.0e-10 at t = 1445.0 s. The tags no longer account for the field they partition; see output/a2_first_order_dt2p5/output_0000/water_tag_closure.csv.
└ @ ClimaAtmos ~/git/ClimaAtmosResiDyn.jl/src/parameterized_tendencies/tagged_tracers/tagged_tracers.jl:590
┌ Warning: water tag closure residual 5.979175462162452e-6 exceeds the configured tolerance 1.0e-10 at t = 1447.5 s. The tags no longer account for the field they partition; see output/a2_first_order_dt2p5/output_0000/water_tag_closure.csv.
└ @ ClimaAtmos ~/git/ClimaAtmosResiDyn.jl/src/parameterized_tendencies/tagged_tracers/tagged_tracers.jl:590
┌ Warning: water tag closure residual 5.978973859696037e-6 exceeds the configured tolerance 1.0e-10 at t = 1450.0 s. The tags no longer account for the field they partition; see output/a2_first_order_dt2p5/output_0000/water_tag_closure.csv.
└ @ ClimaAtmos ~/git/ClimaAtmosResiDyn.jl/src/parameterized_tendencies/tagged_tracers/tagged_tracers.jl:590
┌ Warning: water tag closure residual 5.978772347202247e-6 exceeds the configured tolerance 1.0e-10 at t = 1452.5 s. The tags no longer account for the field they partition; see output/a2_first_order_dt2p5/output_0000/water_tag_closure.csv.
└ @ ClimaAtmos ~/git/ClimaAtmosResiDyn.jl/src/parameterized_tendencies/tagged_tracers/tagged_tracers.jl:590
┌ Warning: water tag closure residual 5.978570924573171e-6 exceeds the configured tolerance 1.0e-10 at t = 1455.0 s. The tags no longer account for the field they partition; see output/a2_first_order_dt2p5/output_0000/water_tag_closure.csv.
└ @ ClimaAtmos ~/git/ClimaAtmosResiDyn.jl/src/parameterized_tendencies/tagged_tracers/tagged_tracers.jl:590
┌ Warning: water tag closure residual 5.978369591565401e-6 exceeds the configured tolerance 1.0e-10 at t = 1457.5 s. The tags no longer account for the field they partition; see output/a2_first_order_dt2p5/output_0000/water_tag_closure.csv.
└ @ ClimaAtmos ~/git/ClimaAtmosResiDyn.jl/src/parameterized_tendencies/tagged_tracers/tagged_tracers.jl:590
┌ Warning: water tag closure residual 5.978168348061836e-6 exceeds the configured tolerance 1.0e-10 at t = 1460.0 s. The tags no longer account for the field they partition; see output/a2_first_order_dt2p5/output_0000/water_tag_closure.csv.
└ @ ClimaAtmos ~/git/ClimaAtmosResiDyn.jl/src/parameterized_tendencies/tagged_tracers/tagged_tracers.jl:590
┌ Warning: water tag closure residual 5.977967194101923e-6 exceeds the configured tolerance 1.0e-10 at t = 1462.5 s. The tags no longer account for the field they partition; see output/a2_first_order_dt2p5/output_0000/water_tag_closure.csv.
└ @ ClimaAtmos ~/git/ClimaAtmosResiDyn.jl/src/parameterized_tendencies/tagged_tracers/tagged_tracers.jl:590
┌ Info: Progress
│   simulation_time = "24 minutes, 22 seconds"
│   n_steps_completed = 585
│   wall_time_per_step = "4 milliseconds, 824 microseconds"
│   wall_time_total = "6 seconds, 947 milliseconds"
│   wall_time_remaining = "4 seconds, 125 milliseconds"
│   wall_time_spent = "2 seconds, 822 milliseconds"
│   percent_complete = "40.6%"
│   estimated_sypd = "1.419"
│   instantaneous_sypd = "2.4"
│   date_now = 2026-09-10T00:49:36.735
└   estimated_finish_date = 2026-09-10T00:49:41.735
┌ Warning: water tag closure residual 5.97776612959915e-6 exceeds the configured tolerance 1.0e-10 at t = 1465.0 s. The tags no longer account for the field they partition; see output/a2_first_order_dt2p5/output_0000/water_tag_closure.csv.
└ @ ClimaAtmos ~/git/ClimaAtmosResiDyn.jl/src/parameterized_tendencies/tagged_tracers/tagged_tracers.jl:590
┌ Warning: water tag closure residual 5.977565154170314e-6 exceeds the configured tolerance 1.0e-10 at t = 1467.5 s. The tags no longer account for the field they partition; see output/a2_first_order_dt2p5/output_0000/water_tag_closure.csv.
└ @ ClimaAtmos ~/git/ClimaAtmosResiDyn.jl/src/parameterized_tendencies/tagged_tracers/tagged_tracers.jl:590
┌ Warning: water tag closure residual 5.977364267684269e-6 exceeds the configured tolerance 1.0e-10 at t = 1470.0 s. The tags no longer account for the field they partition; see output/a2_first_order_dt2p5/output_0000/water_tag_closure.csv.
└ @ ClimaAtmos ~/git/ClimaAtmosResiDyn.jl/src/parameterized_tendencies/tagged_tracers/tagged_tracers.jl:590
┌ Warning: water tag closure residual 5.9771634701636976e-6 exceeds the configured tolerance 1.0e-10 at t = 1472.5 s. The tags no longer account for the field they partition; see output/a2_first_order_dt2p5/output_0000/water_tag_closure.csv.
└ @ ClimaAtmos ~/git/ClimaAtmosResiDyn.jl/src/parameterized_tendencies/tagged_tracers/tagged_tracers.jl:590
┌ Warning: water tag closure residual 5.976962761418328e-6 exceeds the configured tolerance 1.0e-10 at t = 1475.0 s. The tags no longer account for the field they partition; see output/a2_first_order_dt2p5/output_0000/water_tag_closure.csv.
└ @ ClimaAtmos ~/git/ClimaAtmosResiDyn.jl/src/parameterized_tendencies/tagged_tracers/tagged_tracers.jl:590
┌ Warning: water tag closure residual 5.976762141416116e-6 exceeds the configured tolerance 1.0e-10 at t = 1477.5 s. The tags no longer account for the field they partition; see output/a2_first_order_dt2p5/output_0000/water_tag_closure.csv.
└ @ ClimaAtmos ~/git/ClimaAtmosResiDyn.jl/src/parameterized_tendencies/tagged_tracers/tagged_tracers.jl:590
┌ Warning: water tag closure residual 5.976561609944575e-6 exceeds the configured tolerance 1.0e-10 at t = 1480.0 s. The tags no longer account for the field they partition; see output/a2_first_order_dt2p5/output_0000/water_tag_closure.csv.
└ @ ClimaAtmos ~/git/ClimaAtmosResiDyn.jl/src/parameterized_tendencies/tagged_tracers/tagged_tracers.jl:590
┌ Warning: water tag closure residual 5.976361166656817e-6 exceeds the configured tolerance 1.0e-10 at t = 1482.5 s. The tags no longer account for the field they partition; see output/a2_first_order_dt2p5/output_0000/water_tag_closure.csv.
└ @ ClimaAtmos ~/git/ClimaAtmosResiDyn.jl/src/parameterized_tendencies/tagged_tracers/tagged_tracers.jl:590
┌ Warning: water tag closure residual 5.976160811757659e-6 exceeds the configured tolerance 1.0e-10 at t = 1485.0 s. The tags no longer account for the field they partition; see output/a2_first_order_dt2p5/output_0000/water_tag_closure.csv.
└ @ ClimaAtmos ~/git/ClimaAtmosResiDyn.jl/src/parameterized_tendencies/tagged_tracers/tagged_tracers.jl:590
┌ Warning: water tag closure residual 5.975960545038152e-6 exceeds the configured tolerance 1.0e-10 at t = 1487.5 s. The tags no longer account for the field they partition; see output/a2_first_order_dt2p5/output_0000/water_tag_closure.csv.
└ @ ClimaAtmos ~/git/ClimaAtmosResiDyn.jl/src/parameterized_tendencies/tagged_tracers/tagged_tracers.jl:590
┌ Warning: water tag closure residual 5.9757603662993694e-6 exceeds the configured tolerance 1.0e-10 at t = 1490.0 s. The tags no longer account for the field they partition; see output/a2_first_order_dt2p5/output_0000/water_tag_closure.csv.
└ @ ClimaAtmos ~/git/ClimaAtmosResiDyn.jl/src/parameterized_tendencies/tagged_tracers/tagged_tracers.jl:590
┌ Warning: water tag closure residual 5.975560275394549e-6 exceeds the configured tolerance 1.0e-10 at t = 1492.5 s. The tags no longer account for the field they partition; see output/a2_first_order_dt2p5/output_0000/water_tag_closure.csv.
└ @ ClimaAtmos ~/git/ClimaAtmosResiDyn.jl/src/parameterized_tendencies/tagged_tracers/tagged_tracers.jl:590
┌ Warning: water tag closure residual 5.975360272257979e-6 exceeds the configured tolerance 1.0e-10 at t = 1495.0 s. The tags no longer account for the field they partition; see output/a2_first_order_dt2p5/output_0000/water_tag_closure.csv.
└ @ ClimaAtmos ~/git/ClimaAtmosResiDyn.jl/src/parameterized_tendencies/tagged_tracers/tagged_tracers.jl:590
┌ Warning: water tag closure residual 5.975160356852825e-6 exceeds the configured tolerance 1.0e-10 at t = 1497.5 s. The tags no longer account for the field they partition; see output/a2_first_order_dt2p5/output_0000/water_tag_closure.csv.
└ @ ClimaAtmos ~/git/ClimaAtmosResiDyn.jl/src/parameterized_tendencies/tagged_tracers/tagged_tracers.jl:590
┌ Warning: water tag closure residual 5.974960529738843e-6 exceeds the configured tolerance 1.0e-10 at t = 1500.0 s. The tags no longer account for the field they partition; see output/a2_first_order_dt2p5/output_0000/water_tag_closure.csv.
└ @ ClimaAtmos ~/git/ClimaAtmosResiDyn.jl/src/parameterized_tendencies/tagged_tracers/tagged_tracers.jl:590
┌ Warning: water tag closure residual 5.974760790973596e-6 exceeds the configured tolerance 1.0e-10 at t = 1502.5 s. The tags no longer account for the field they partition; see output/a2_first_order_dt2p5/output_0000/water_tag_closure.csv.
└ @ ClimaAtmos ~/git/ClimaAtmosResiDyn.jl/src/parameterized_tendencies/tagged_tracers/tagged_tracers.jl:590
┌ Warning: water tag closure residual 5.97456114062994e-6 exceeds the configured tolerance 1.0e-10 at t = 1505.0 s. The tags no longer account for the field they partition; see output/a2_first_order_dt2p5/output_0000/water_tag_closure.csv.
└ @ ClimaAtmos ~/git/ClimaAtmosResiDyn.jl/src/parameterized_tendencies/tagged_tracers/tagged_tracers.jl:590
┌ Warning: water tag closure residual 5.97436157840745e-6 exceeds the configured tolerance 1.0e-10 at t = 1507.5 s. The tags no longer account for the field they partition; see output/a2_first_order_dt2p5/output_0000/water_tag_closure.csv.
└ @ ClimaAtmos ~/git/ClimaAtmosResiDyn.jl/src/parameterized_tendencies/tagged_tracers/tagged_tracers.jl:590
┌ Warning: water tag closure residual 5.974162104282919e-6 exceeds the configured tolerance 1.0e-10 at t = 1510.0 s. The tags no longer account for the field they partition; see output/a2_first_order_dt2p5/output_0000/water_tag_closure.csv.
└ @ ClimaAtmos ~/git/ClimaAtmosResiDyn.jl/src/parameterized_tendencies/tagged_tracers/tagged_tracers.jl:590
┌ Warning: water tag closure residual 5.97396271835833e-6 exceeds the configured tolerance 1.0e-10 at t = 1512.5 s. The tags no longer account for the field they partition; see output/a2_first_order_dt2p5/output_0000/water_tag_closure.csv.
└ @ ClimaAtmos ~/git/ClimaAtmosResiDyn.jl/src/parameterized_tendencies/tagged_tracers/tagged_tracers.jl:590
┌ Warning: water tag closure residual 5.9737634202140556e-6 exceeds the configured tolerance 1.0e-10 at t = 1515.0 s. The tags no longer account for the field they partition; see output/a2_first_order_dt2p5/output_0000/water_tag_closure.csv.
└ @ ClimaAtmos ~/git/ClimaAtmosResiDyn.jl/src/parameterized_tendencies/tagged_tracers/tagged_tracers.jl:590
┌ Warning: water tag closure residual 5.97356420975074e-6 exceeds the configured tolerance 1.0e-10 at t = 1517.5 s. The tags no longer account for the field they partition; see output/a2_first_order_dt2p5/output_0000/water_tag_closure.csv.
└ @ ClimaAtmos ~/git/ClimaAtmosResiDyn.jl/src/parameterized_tendencies/tagged_tracers/tagged_tracers.jl:590
┌ Warning: water tag closure residual 5.973365086998559e-6 exceeds the configured tolerance 1.0e-10 at t = 1520.0 s. The tags no longer account for the field they partition; see output/a2_first_order_dt2p5/output_0000/water_tag_closure.csv.
└ @ ClimaAtmos ~/git/ClimaAtmosResiDyn.jl/src/parameterized_tendencies/tagged_tracers/tagged_tracers.jl:590
┌ Warning: water tag closure residual 5.973166051915311e-6 exceeds the configured tolerance 1.0e-10 at t = 1522.5 s. The tags no longer account for the field they partition; see output/a2_first_order_dt2p5/output_0000/water_tag_closure.csv.
└ @ ClimaAtmos ~/git/ClimaAtmosResiDyn.jl/src/parameterized_tendencies/tagged_tracers/tagged_tracers.jl:590
┌ Warning: water tag closure residual 5.9729671041476975e-6 exceeds the configured tolerance 1.0e-10 at t = 1525.0 s. The tags no longer account for the field they partition; see output/a2_first_order_dt2p5/output_0000/water_tag_closure.csv.
└ @ ClimaAtmos ~/git/ClimaAtmosResiDyn.jl/src/parameterized_tendencies/tagged_tracers/tagged_tracers.jl:590
┌ Warning: water tag closure residual 5.972768243400594e-6 exceeds the configured tolerance 1.0e-10 at t = 1527.5 s. The tags no longer account for the field they partition; see output/a2_first_order_dt2p5/output_0000/water_tag_closure.csv.
└ @ ClimaAtmos ~/git/ClimaAtmosResiDyn.jl/src/parameterized_tendencies/tagged_tracers/tagged_tracers.jl:590
┌ Warning: water tag closure residual 5.972569469660781e-6 exceeds the configured tolerance 1.0e-10 at t = 1530.0 s. The tags no longer account for the field they partition; see output/a2_first_order_dt2p5/output_0000/water_tag_closure.csv.
└ @ ClimaAtmos ~/git/ClimaAtmosResiDyn.jl/src/parameterized_tendencies/tagged_tracers/tagged_tracers.jl:590
┌ Warning: water tag closure residual 5.972370783083222e-6 exceeds the configured tolerance 1.0e-10 at t = 1532.5 s. The tags no longer account for the field they partition; see output/a2_first_order_dt2p5/output_0000/water_tag_closure.csv.
└ @ ClimaAtmos ~/git/ClimaAtmosResiDyn.jl/src/parameterized_tendencies/tagged_tracers/tagged_tracers.jl:590
┌ Warning: water tag closure residual 5.972172183209547e-6 exceeds the configured tolerance 1.0e-10 at t = 1535.0 s. The tags no longer account for the field they partition; see output/a2_first_order_dt2p5/output_0000/water_tag_closure.csv.
└ @ ClimaAtmos ~/git/ClimaAtmosResiDyn.jl/src/parameterized_tendencies/tagged_tracers/tagged_tracers.jl:590
┌ Warning: water tag closure residual 5.971973669923872e-6 exceeds the configured tolerance 1.0e-10 at t = 1537.5 s. The tags no longer account for the field they partition; see output/a2_first_order_dt2p5/output_0000/water_tag_closure.csv.
└ @ ClimaAtmos ~/git/ClimaAtmosResiDyn.jl/src/parameterized_tendencies/tagged_tracers/tagged_tracers.jl:590
┌ Warning: water tag closure residual 5.9717752431565675e-6 exceeds the configured tolerance 1.0e-10 at t = 1540.0 s. The tags no longer account for the field they partition; see output/a2_first_order_dt2p5/output_0000/water_tag_closure.csv.
└ @ ClimaAtmos ~/git/ClimaAtmosResiDyn.jl/src/parameterized_tendencies/tagged_tracers/tagged_tracers.jl:590
┌ Warning: water tag closure residual 5.971576902900999e-6 exceeds the configured tolerance 1.0e-10 at t = 1542.5 s. The tags no longer account for the field they partition; see output/a2_first_order_dt2p5/output_0000/water_tag_closure.csv.
└ @ ClimaAtmos ~/git/ClimaAtmosResiDyn.jl/src/parameterized_tendencies/tagged_tracers/tagged_tracers.jl:590
┌ Warning: water tag closure residual 5.971378648838626e-6 exceeds the configured tolerance 1.0e-10 at t = 1545.0 s. The tags no longer account for the field they partition; see output/a2_first_order_dt2p5/output_0000/water_tag_closure.csv.
└ @ ClimaAtmos ~/git/ClimaAtmosResiDyn.jl/src/parameterized_tendencies/tagged_tracers/tagged_tracers.jl:590
┌ Warning: water tag closure residual 5.971180480750346e-6 exceeds the configured tolerance 1.0e-10 at t = 1547.5 s. The tags no longer account for the field they partition; see output/a2_first_order_dt2p5/output_0000/water_tag_closure.csv.
└ @ ClimaAtmos ~/git/ClimaAtmosResiDyn.jl/src/parameterized_tendencies/tagged_tracers/tagged_tracers.jl:590
┌ Warning: water tag closure residual 5.970982398833776e-6 exceeds the configured tolerance 1.0e-10 at t = 1550.0 s. The tags no longer account for the field they partition; see output/a2_first_order_dt2p5/output_0000/water_tag_closure.csv.
└ @ ClimaAtmos ~/git/ClimaAtmosResiDyn.jl/src/parameterized_tendencies/tagged_tracers/tagged_tracers.jl:590
┌ Warning: water tag closure residual 5.970784402835234e-6 exceeds the configured tolerance 1.0e-10 at t = 1552.5 s. The tags no longer account for the field they partition; see output/a2_first_order_dt2p5/output_0000/water_tag_closure.csv.
└ @ ClimaAtmos ~/git/ClimaAtmosResiDyn.jl/src/parameterized_tendencies/tagged_tracers/tagged_tracers.jl:590
┌ Warning: water tag closure residual 5.9705864926703755e-6 exceeds the configured tolerance 1.0e-10 at t = 1555.0 s. The tags no longer account for the field they partition; see output/a2_first_order_dt2p5/output_0000/water_tag_closure.csv.
└ @ ClimaAtmos ~/git/ClimaAtmosResiDyn.jl/src/parameterized_tendencies/tagged_tracers/tagged_tracers.jl:590
┌ Warning: water tag closure residual 5.970388668002647e-6 exceeds the configured tolerance 1.0e-10 at t = 1557.5 s. The tags no longer account for the field they partition; see output/a2_first_order_dt2p5/output_0000/water_tag_closure.csv.
└ @ ClimaAtmos ~/git/ClimaAtmosResiDyn.jl/src/parameterized_tendencies/tagged_tracers/tagged_tracers.jl:590
┌ Warning: water tag closure residual 5.970190928921806e-6 exceeds the configured tolerance 1.0e-10 at t = 1560.0 s. The tags no longer account for the field they partition; see output/a2_first_order_dt2p5/output_0000/water_tag_closure.csv.
└ @ ClimaAtmos ~/git/ClimaAtmosResiDyn.jl/src/parameterized_tendencies/tagged_tracers/tagged_tracers.jl:590
┌ Warning: water tag closure residual 5.969993275232272e-6 exceeds the configured tolerance 1.0e-10 at t = 1562.5 s. The tags no longer account for the field they partition; see output/a2_first_order_dt2p5/output_0000/water_tag_closure.csv.
└ @ ClimaAtmos ~/git/ClimaAtmosResiDyn.jl/src/parameterized_tendencies/tagged_tracers/tagged_tracers.jl:590
┌ Warning: water tag closure residual 5.969795706702502e-6 exceeds the configured tolerance 1.0e-10 at t = 1565.0 s. The tags no longer account for the field they partition; see output/a2_first_order_dt2p5/output_0000/water_tag_closure.csv.
└ @ ClimaAtmos ~/git/ClimaAtmosResiDyn.jl/src/parameterized_tendencies/tagged_tracers/tagged_tracers.jl:590
┌ Warning: water tag closure residual 5.969598223464515e-6 exceeds the configured tolerance 1.0e-10 at t = 1567.5 s. The tags no longer account for the field they partition; see output/a2_first_order_dt2p5/output_0000/water_tag_closure.csv.
└ @ ClimaAtmos ~/git/ClimaAtmosResiDyn.jl/src/parameterized_tendencies/tagged_tracers/tagged_tracers.jl:590
┌ Warning: water tag closure residual 5.969400825142023e-6 exceeds the configured tolerance 1.0e-10 at t = 1570.0 s. The tags no longer account for the field they partition; see output/a2_first_order_dt2p5/output_0000/water_tag_closure.csv.
└ @ ClimaAtmos ~/git/ClimaAtmosResiDyn.jl/src/parameterized_tendencies/tagged_tracers/tagged_tracers.jl:590
┌ Warning: water tag closure residual 5.9692035116958385e-6 exceeds the configured tolerance 1.0e-10 at t = 1572.5 s. The tags no longer account for the field they partition; see output/a2_first_order_dt2p5/output_0000/water_tag_closure.csv.
└ @ ClimaAtmos ~/git/ClimaAtmosResiDyn.jl/src/parameterized_tendencies/tagged_tracers/tagged_tracers.jl:590
┌ Warning: water tag closure residual 5.969006283012321e-6 exceeds the configured tolerance 1.0e-10 at t = 1575.0 s. The tags no longer account for the field they partition; see output/a2_first_order_dt2p5/output_0000/water_tag_closure.csv.
└ @ ClimaAtmos ~/git/ClimaAtmosResiDyn.jl/src/parameterized_tendencies/tagged_tracers/tagged_tracers.jl:590
┌ Warning: water tag closure residual 5.968809138978973e-6 exceeds the configured tolerance 1.0e-10 at t = 1577.5 s. The tags no longer account for the field they partition; see output/a2_first_order_dt2p5/output_0000/water_tag_closure.csv.
└ @ ClimaAtmos ~/git/ClimaAtmosResiDyn.jl/src/parameterized_tendencies/tagged_tracers/tagged_tracers.jl:590
┌ Warning: water tag closure residual 5.968612079398397e-6 exceeds the configured tolerance 1.0e-10 at t = 1580.0 s. The tags no longer account for the field they partition; see output/a2_first_order_dt2p5/output_0000/water_tag_closure.csv.
└ @ ClimaAtmos ~/git/ClimaAtmosResiDyn.jl/src/parameterized_tendencies/tagged_tracers/tagged_tracers.jl:590
┌ Warning: water tag closure residual 5.968415104168575e-6 exceeds the configured tolerance 1.0e-10 at t = 1582.5 s. The tags no longer account for the field they partition; see output/a2_first_order_dt2p5/output_0000/water_tag_closure.csv.
└ @ ClimaAtmos ~/git/ClimaAtmosResiDyn.jl/src/parameterized_tendencies/tagged_tracers/tagged_tracers.jl:590
┌ Warning: water tag closure residual 5.968218213316037e-6 exceeds the configured tolerance 1.0e-10 at t = 1585.0 s. The tags no longer account for the field they partition; see output/a2_first_order_dt2p5/output_0000/water_tag_closure.csv.
└ @ ClimaAtmos ~/git/ClimaAtmosResiDyn.jl/src/parameterized_tendencies/tagged_tracers/tagged_tracers.jl:590
┌ Warning: water tag closure residual 5.96802140649086e-6 exceeds the configured tolerance 1.0e-10 at t = 1587.5 s. The tags no longer account for the field they partition; see output/a2_first_order_dt2p5/output_0000/water_tag_closure.csv.
└ @ ClimaAtmos ~/git/ClimaAtmosResiDyn.jl/src/parameterized_tendencies/tagged_tracers/tagged_tracers.jl:590
┌ Warning: water tag closure residual 5.967824683697386e-6 exceeds the configured tolerance 1.0e-10 at t = 1590.0 s. The tags no longer account for the field they partition; see output/a2_first_order_dt2p5/output_0000/water_tag_closure.csv.
└ @ ClimaAtmos ~/git/ClimaAtmosResiDyn.jl/src/parameterized_tendencies/tagged_tracers/tagged_tracers.jl:590
┌ Warning: water tag closure residual 5.967628044944428e-6 exceeds the configured tolerance 1.0e-10 at t = 1592.5 s. The tags no longer account for the field they partition; see output/a2_first_order_dt2p5/output_0000/water_tag_closure.csv.
└ @ ClimaAtmos ~/git/ClimaAtmosResiDyn.jl/src/parameterized_tendencies/tagged_tracers/tagged_tracers.jl:590
┌ Warning: water tag closure residual 5.967431489987895e-6 exceeds the configured tolerance 1.0e-10 at t = 1595.0 s. The tags no longer account for the field they partition; see output/a2_first_order_dt2p5/output_0000/water_tag_closure.csv.
└ @ ClimaAtmos ~/git/ClimaAtmosResiDyn.jl/src/parameterized_tendencies/tagged_tracers/tagged_tracers.jl:590
┌ Warning: water tag closure residual 5.967235018754988e-6 exceeds the configured tolerance 1.0e-10 at t = 1597.5 s. The tags no longer account for the field they partition; see output/a2_first_order_dt2p5/output_0000/water_tag_closure.csv.
└ @ ClimaAtmos ~/git/ClimaAtmosResiDyn.jl/src/parameterized_tendencies/tagged_tracers/tagged_tracers.jl:590
┌ Warning: water tag closure residual 5.967038630922264e-6 exceeds the configured tolerance 1.0e-10 at t = 1600.0 s. The tags no longer account for the field they partition; see output/a2_first_order_dt2p5/output_0000/water_tag_closure.csv.
└ @ ClimaAtmos ~/git/ClimaAtmosResiDyn.jl/src/parameterized_tendencies/tagged_tracers/tagged_tracers.jl:590
┌ Warning: water tag closure residual 5.966842326507655e-6 exceeds the configured tolerance 1.0e-10 at t = 1602.5 s. The tags no longer account for the field they partition; see output/a2_first_order_dt2p5/output_0000/water_tag_closure.csv.
└ @ ClimaAtmos ~/git/ClimaAtmosResiDyn.jl/src/parameterized_tendencies/tagged_tracers/tagged_tracers.jl:590
┌ Warning: water tag closure residual 5.9666461053814965e-6 exceeds the configured tolerance 1.0e-10 at t = 1605.0 s. The tags no longer account for the field they partition; see output/a2_first_order_dt2p5/output_0000/water_tag_closure.csv.
└ @ ClimaAtmos ~/git/ClimaAtmosResiDyn.jl/src/parameterized_tendencies/tagged_tracers/tagged_tracers.jl:590
┌ Warning: water tag closure residual 5.966449967471574e-6 exceeds the configured tolerance 1.0e-10 at t = 1607.5 s. The tags no longer account for the field they partition; see output/a2_first_order_dt2p5/output_0000/water_tag_closure.csv.
└ @ ClimaAtmos ~/git/ClimaAtmosResiDyn.jl/src/parameterized_tendencies/tagged_tracers/tagged_tracers.jl:590
┌ Warning: water tag closure residual 5.9662539125214805e-6 exceeds the configured tolerance 1.0e-10 at t = 1610.0 s. The tags no longer account for the field they partition; see output/a2_first_order_dt2p5/output_0000/water_tag_closure.csv.
└ @ ClimaAtmos ~/git/ClimaAtmosResiDyn.jl/src/parameterized_tendencies/tagged_tracers/tagged_tracers.jl:590
┌ Warning: water tag closure residual 5.9660579405001685e-6 exceeds the configured tolerance 1.0e-10 at t = 1612.5 s. The tags no longer account for the field they partition; see output/a2_first_order_dt2p5/output_0000/water_tag_closure.csv.
└ @ ClimaAtmos ~/git/ClimaAtmosResiDyn.jl/src/parameterized_tendencies/tagged_tracers/tagged_tracers.jl:590
┌ Warning: water tag closure residual 5.965862051377211e-6 exceeds the configured tolerance 1.0e-10 at t = 1615.0 s. The tags no longer account for the field they partition; see output/a2_first_order_dt2p5/output_0000/water_tag_closure.csv.
└ @ ClimaAtmos ~/git/ClimaAtmosResiDyn.jl/src/parameterized_tendencies/tagged_tracers/tagged_tracers.jl:590
┌ Warning: water tag closure residual 5.965666244841017e-6 exceeds the configured tolerance 1.0e-10 at t = 1617.5 s. The tags no longer account for the field they partition; see output/a2_first_order_dt2p5/output_0000/water_tag_closure.csv.
└ @ ClimaAtmos ~/git/ClimaAtmosResiDyn.jl/src/parameterized_tendencies/tagged_tracers/tagged_tracers.jl:590
┌ Warning: water tag closure residual 5.9654705210259785e-6 exceeds the configured tolerance 1.0e-10 at t = 1620.0 s. The tags no longer account for the field they partition; see output/a2_first_order_dt2p5/output_0000/water_tag_closure.csv.
└ @ ClimaAtmos ~/git/ClimaAtmosResiDyn.jl/src/parameterized_tendencies/tagged_tracers/tagged_tracers.jl:590
┌ Warning: water tag closure residual 5.965274879590616e-6 exceeds the configured tolerance 1.0e-10 at t = 1622.5 s. The tags no longer account for the field they partition; see output/a2_first_order_dt2p5/output_0000/water_tag_closure.csv.
└ @ ClimaAtmos ~/git/ClimaAtmosResiDyn.jl/src/parameterized_tendencies/tagged_tracers/tagged_tracers.jl:590
┌ Warning: water tag closure residual 5.965079320439485e-6 exceeds the configured tolerance 1.0e-10 at t = 1625.0 s. The tags no longer account for the field they partition; see output/a2_first_order_dt2p5/output_0000/water_tag_closure.csv.
└ @ ClimaAtmos ~/git/ClimaAtmosResiDyn.jl/src/parameterized_tendencies/tagged_tracers/tagged_tracers.jl:590
┌ Warning: water tag closure residual 5.964883843556245e-6 exceeds the configured tolerance 1.0e-10 at t = 1627.5 s. The tags no longer account for the field they partition; see output/a2_first_order_dt2p5/output_0000/water_tag_closure.csv.
└ @ ClimaAtmos ~/git/ClimaAtmosResiDyn.jl/src/parameterized_tendencies/tagged_tracers/tagged_tracers.jl:590
┌ Warning: water tag closure residual 5.964688448684867e-6 exceeds the configured tolerance 1.0e-10 at t = 1630.0 s. The tags no longer account for the field they partition; see output/a2_first_order_dt2p5/output_0000/water_tag_closure.csv.
└ @ ClimaAtmos ~/git/ClimaAtmosResiDyn.jl/src/parameterized_tendencies/tagged_tracers/tagged_tracers.jl:590
┌ Warning: water tag closure residual 5.964493135850568e-6 exceeds the configured tolerance 1.0e-10 at t = 1632.5 s. The tags no longer account for the field they partition; see output/a2_first_order_dt2p5/output_0000/water_tag_closure.csv.
└ @ ClimaAtmos ~/git/ClimaAtmosResiDyn.jl/src/parameterized_tendencies/tagged_tracers/tagged_tracers.jl:590
┌ Warning: water tag closure residual 5.964297904879549e-6 exceeds the configured tolerance 1.0e-10 at t = 1635.0 s. The tags no longer account for the field they partition; see output/a2_first_order_dt2p5/output_0000/water_tag_closure.csv.
└ @ ClimaAtmos ~/git/ClimaAtmosResiDyn.jl/src/parameterized_tendencies/tagged_tracers/tagged_tracers.jl:590
┌ Warning: water tag closure residual 5.9641027556233715e-6 exceeds the configured tolerance 1.0e-10 at t = 1637.5 s. The tags no longer account for the field they partition; see output/a2_first_order_dt2p5/output_0000/water_tag_closure.csv.
└ @ ClimaAtmos ~/git/ClimaAtmosResiDyn.jl/src/parameterized_tendencies/tagged_tracers/tagged_tracers.jl:590
┌ Warning: water tag closure residual 5.963907688076476e-6 exceeds the configured tolerance 1.0e-10 at t = 1640.0 s. The tags no longer account for the field they partition; see output/a2_first_order_dt2p5/output_0000/water_tag_closure.csv.
└ @ ClimaAtmos ~/git/ClimaAtmosResiDyn.jl/src/parameterized_tendencies/tagged_tracers/tagged_tracers.jl:590
┌ Warning: water tag closure residual 5.9637127020619595e-6 exceeds the configured tolerance 1.0e-10 at t = 1642.5 s. The tags no longer account for the field they partition; see output/a2_first_order_dt2p5/output_0000/water_tag_closure.csv.
└ @ ClimaAtmos ~/git/ClimaAtmosResiDyn.jl/src/parameterized_tendencies/tagged_tracers/tagged_tracers.jl:590
┌ Warning: water tag closure residual 5.963517797475637e-6 exceeds the configured tolerance 1.0e-10 at t = 1645.0 s. The tags no longer account for the field they partition; see output/a2_first_order_dt2p5/output_0000/water_tag_closure.csv.
└ @ ClimaAtmos ~/git/ClimaAtmosResiDyn.jl/src/parameterized_tendencies/tagged_tracers/tagged_tracers.jl:590
┌ Info: Progress
│   simulation_time = "27 minutes, 25 seconds"
│   n_steps_completed = 658
│   wall_time_per_step = "4 milliseconds, 616 microseconds"
│   wall_time_total = "6 seconds, 648 milliseconds"
│   wall_time_remaining = "3 seconds, 610 milliseconds"
│   wall_time_spent = "3 seconds, 37 milliseconds"
│   percent_complete = "45.7%"
│   estimated_sypd = "1.483"
│   instantaneous_sypd = "2.32"
│   date_now = 2026-09-10T00:49:36.951
└   estimated_finish_date = 2026-09-10T00:49:40.951
┌ Warning: water tag closure residual 5.963322974224484e-6 exceeds the configured tolerance 1.0e-10 at t = 1647.5 s. The tags no longer account for the field they partition; see output/a2_first_order_dt2p5/output_0000/water_tag_closure.csv.
└ @ ClimaAtmos ~/git/ClimaAtmosResiDyn.jl/src/parameterized_tendencies/tagged_tracers/tagged_tracers.jl:590
┌ Warning: water tag closure residual 5.963128232010648e-6 exceeds the configured tolerance 1.0e-10 at t = 1650.0 s. The tags no longer account for the field they partition; see output/a2_first_order_dt2p5/output_0000/water_tag_closure.csv.
└ @ ClimaAtmos ~/git/ClimaAtmosResiDyn.jl/src/parameterized_tendencies/tagged_tracers/tagged_tracers.jl:590
┌ Warning: water tag closure residual 5.962933570890402e-6 exceeds the configured tolerance 1.0e-10 at t = 1652.5 s. The tags no longer account for the field they partition; see output/a2_first_order_dt2p5/output_0000/water_tag_closure.csv.
└ @ ClimaAtmos ~/git/ClimaAtmosResiDyn.jl/src/parameterized_tendencies/tagged_tracers/tagged_tracers.jl:590
┌ Warning: water tag closure residual 5.962738990696358e-6 exceeds the configured tolerance 1.0e-10 at t = 1655.0 s. The tags no longer account for the field they partition; see output/a2_first_order_dt2p5/output_0000/water_tag_closure.csv.
└ @ ClimaAtmos ~/git/ClimaAtmosResiDyn.jl/src/parameterized_tendencies/tagged_tracers/tagged_tracers.jl:590
┌ Warning: water tag closure residual 5.9625444913154594e-6 exceeds the configured tolerance 1.0e-10 at t = 1657.5 s. The tags no longer account for the field they partition; see output/a2_first_order_dt2p5/output_0000/water_tag_closure.csv.
└ @ ClimaAtmos ~/git/ClimaAtmosResiDyn.jl/src/parameterized_tendencies/tagged_tracers/tagged_tracers.jl:590
┌ Warning: water tag closure residual 5.9623500727313935e-6 exceeds the configured tolerance 1.0e-10 at t = 1660.0 s. The tags no longer account for the field they partition; see output/a2_first_order_dt2p5/output_0000/water_tag_closure.csv.
└ @ ClimaAtmos ~/git/ClimaAtmosResiDyn.jl/src/parameterized_tendencies/tagged_tracers/tagged_tracers.jl:590
┌ Warning: water tag closure residual 5.962155734614133e-6 exceeds the configured tolerance 1.0e-10 at t = 1662.5 s. The tags no longer account for the field they partition; see output/a2_first_order_dt2p5/output_0000/water_tag_closure.csv.
└ @ ClimaAtmos ~/git/ClimaAtmosResiDyn.jl/src/parameterized_tendencies/tagged_tracers/tagged_tracers.jl:590
┌ Warning: water tag closure residual 5.9619614770008154e-6 exceeds the configured tolerance 1.0e-10 at t = 1665.0 s. The tags no longer account for the field they partition; see output/a2_first_order_dt2p5/output_0000/water_tag_closure.csv.
└ @ ClimaAtmos ~/git/ClimaAtmosResiDyn.jl/src/parameterized_tendencies/tagged_tracers/tagged_tracers.jl:590
┌ Warning: water tag closure residual 5.961767299839488e-6 exceeds the configured tolerance 1.0e-10 at t = 1667.5 s. The tags no longer account for the field they partition; see output/a2_first_order_dt2p5/output_0000/water_tag_closure.csv.
└ @ ClimaAtmos ~/git/ClimaAtmosResiDyn.jl/src/parameterized_tendencies/tagged_tracers/tagged_tracers.jl:590
┌ Warning: water tag closure residual 5.961573202941646e-6 exceeds the configured tolerance 1.0e-10 at t = 1670.0 s. The tags no longer account for the field they partition; see output/a2_first_order_dt2p5/output_0000/water_tag_closure.csv.
└ @ ClimaAtmos ~/git/ClimaAtmosResiDyn.jl/src/parameterized_tendencies/tagged_tracers/tagged_tracers.jl:590
┌ Warning: water tag closure residual 5.961379186094183e-6 exceeds the configured tolerance 1.0e-10 at t = 1672.5 s. The tags no longer account for the field they partition; see output/a2_first_order_dt2p5/output_0000/water_tag_closure.csv.
└ @ ClimaAtmos ~/git/ClimaAtmosResiDyn.jl/src/parameterized_tendencies/tagged_tracers/tagged_tracers.jl:590
┌ Warning: water tag closure residual 5.961185249250313e-6 exceeds the configured tolerance 1.0e-10 at t = 1675.0 s. The tags no longer account for the field they partition; see output/a2_first_order_dt2p5/output_0000/water_tag_closure.csv.
└ @ ClimaAtmos ~/git/ClimaAtmosResiDyn.jl/src/parameterized_tendencies/tagged_tracers/tagged_tracers.jl:590
┌ Warning: water tag closure residual 5.9609913924200854e-6 exceeds the configured tolerance 1.0e-10 at t = 1677.5 s. The tags no longer account for the field they partition; see output/a2_first_order_dt2p5/output_0000/water_tag_closure.csv.
└ @ ClimaAtmos ~/git/ClimaAtmosResiDyn.jl/src/parameterized_tendencies/tagged_tracers/tagged_tracers.jl:590
┌ Warning: water tag closure residual 5.960797615285233e-6 exceeds the configured tolerance 1.0e-10 at t = 1680.0 s. The tags no longer account for the field they partition; see output/a2_first_order_dt2p5/output_0000/water_tag_closure.csv.
└ @ ClimaAtmos ~/git/ClimaAtmosResiDyn.jl/src/parameterized_tendencies/tagged_tracers/tagged_tracers.jl:590
┌ Warning: water tag closure residual 5.960603917976082e-6 exceeds the configured tolerance 1.0e-10 at t = 1682.5 s. The tags no longer account for the field they partition; see output/a2_first_order_dt2p5/output_0000/water_tag_closure.csv.
└ @ ClimaAtmos ~/git/ClimaAtmosResiDyn.jl/src/parameterized_tendencies/tagged_tracers/tagged_tracers.jl:590
┌ Warning: water tag closure residual 5.960410300171861e-6 exceeds the configured tolerance 1.0e-10 at t = 1685.0 s. The tags no longer account for the field they partition; see output/a2_first_order_dt2p5/output_0000/water_tag_closure.csv.
└ @ ClimaAtmos ~/git/ClimaAtmosResiDyn.jl/src/parameterized_tendencies/tagged_tracers/tagged_tracers.jl:590
┌ Warning: water tag closure residual 5.9602167618526575e-6 exceeds the configured tolerance 1.0e-10 at t = 1687.5 s. The tags no longer account for the field they partition; see output/a2_first_order_dt2p5/output_0000/water_tag_closure.csv.
└ @ ClimaAtmos ~/git/ClimaAtmosResiDyn.jl/src/parameterized_tendencies/tagged_tracers/tagged_tracers.jl:590
┌ Warning: water tag closure residual 5.960023302957655e-6 exceeds the configured tolerance 1.0e-10 at t = 1690.0 s. The tags no longer account for the field they partition; see output/a2_first_order_dt2p5/output_0000/water_tag_closure.csv.
└ @ ClimaAtmos ~/git/ClimaAtmosResiDyn.jl/src/parameterized_tendencies/tagged_tracers/tagged_tracers.jl:590
┌ Warning: water tag closure residual 5.959829923271257e-6 exceeds the configured tolerance 1.0e-10 at t = 1692.5 s. The tags no longer account for the field they partition; see output/a2_first_order_dt2p5/output_0000/water_tag_closure.csv.
└ @ ClimaAtmos ~/git/ClimaAtmosResiDyn.jl/src/parameterized_tendencies/tagged_tracers/tagged_tracers.jl:590
┌ Warning: water tag closure residual 5.95963662279522e-6 exceeds the configured tolerance 1.0e-10 at t = 1695.0 s. The tags no longer account for the field they partition; see output/a2_first_order_dt2p5/output_0000/water_tag_closure.csv.
└ @ ClimaAtmos ~/git/ClimaAtmosResiDyn.jl/src/parameterized_tendencies/tagged_tracers/tagged_tracers.jl:590
┌ Warning: water tag closure residual 5.9594434012883515e-6 exceeds the configured tolerance 1.0e-10 at t = 1697.5 s. The tags no longer account for the field they partition; see output/a2_first_order_dt2p5/output_0000/water_tag_closure.csv.
└ @ ClimaAtmos ~/git/ClimaAtmosResiDyn.jl/src/parameterized_tendencies/tagged_tracers/tagged_tracers.jl:590
┌ Warning: water tag closure residual 5.959250258625486e-6 exceeds the configured tolerance 1.0e-10 at t = 1700.0 s. The tags no longer account for the field they partition; see output/a2_first_order_dt2p5/output_0000/water_tag_closure.csv.
└ @ ClimaAtmos ~/git/ClimaAtmosResiDyn.jl/src/parameterized_tendencies/tagged_tracers/tagged_tracers.jl:590
┌ Warning: water tag closure residual 5.959057194900942e-6 exceeds the configured tolerance 1.0e-10 at t = 1702.5 s. The tags no longer account for the field they partition; see output/a2_first_order_dt2p5/output_0000/water_tag_closure.csv.
└ @ ClimaAtmos ~/git/ClimaAtmosResiDyn.jl/src/parameterized_tendencies/tagged_tracers/tagged_tracers.jl:590
┌ Warning: water tag closure residual 5.958864209732833e-6 exceeds the configured tolerance 1.0e-10 at t = 1705.0 s. The tags no longer account for the field they partition; see output/a2_first_order_dt2p5/output_0000/water_tag_closure.csv.
└ @ ClimaAtmos ~/git/ClimaAtmosResiDyn.jl/src/parameterized_tendencies/tagged_tracers/tagged_tracers.jl:590
┌ Warning: water tag closure residual 5.958671303372841e-6 exceeds the configured tolerance 1.0e-10 at t = 1707.5 s. The tags no longer account for the field they partition; see output/a2_first_order_dt2p5/output_0000/water_tag_closure.csv.
└ @ ClimaAtmos ~/git/ClimaAtmosResiDyn.jl/src/parameterized_tendencies/tagged_tracers/tagged_tracers.jl:590
┌ Warning: water tag closure residual 5.958478475402474e-6 exceeds the configured tolerance 1.0e-10 at t = 1710.0 s. The tags no longer account for the field they partition; see output/a2_first_order_dt2p5/output_0000/water_tag_closure.csv.
└ @ ClimaAtmos ~/git/ClimaAtmosResiDyn.jl/src/parameterized_tendencies/tagged_tracers/tagged_tracers.jl:590
┌ Warning: water tag closure residual 5.958285725826895e-6 exceeds the configured tolerance 1.0e-10 at t = 1712.5 s. The tags no longer account for the field they partition; see output/a2_first_order_dt2p5/output_0000/water_tag_closure.csv.
└ @ ClimaAtmos ~/git/ClimaAtmosResiDyn.jl/src/parameterized_tendencies/tagged_tracers/tagged_tracers.jl:590
┌ Warning: water tag closure residual 5.958093054519979e-6 exceeds the configured tolerance 1.0e-10 at t = 1715.0 s. The tags no longer account for the field they partition; see output/a2_first_order_dt2p5/output_0000/water_tag_closure.csv.
└ @ ClimaAtmos ~/git/ClimaAtmosResiDyn.jl/src/parameterized_tendencies/tagged_tracers/tagged_tracers.jl:590
┌ Warning: water tag closure residual 5.957900461204707e-6 exceeds the configured tolerance 1.0e-10 at t = 1717.5 s. The tags no longer account for the field they partition; see output/a2_first_order_dt2p5/output_0000/water_tag_closure.csv.
└ @ ClimaAtmos ~/git/ClimaAtmosResiDyn.jl/src/parameterized_tendencies/tagged_tracers/tagged_tracers.jl:590
┌ Warning: water tag closure residual 5.957707946042145e-6 exceeds the configured tolerance 1.0e-10 at t = 1720.0 s. The tags no longer account for the field they partition; see output/a2_first_order_dt2p5/output_0000/water_tag_closure.csv.
└ @ ClimaAtmos ~/git/ClimaAtmosResiDyn.jl/src/parameterized_tendencies/tagged_tracers/tagged_tracers.jl:590
┌ Warning: water tag closure residual 5.95751550880884e-6 exceeds the configured tolerance 1.0e-10 at t = 1722.5 s. The tags no longer account for the field they partition; see output/a2_first_order_dt2p5/output_0000/water_tag_closure.csv.
└ @ ClimaAtmos ~/git/ClimaAtmosResiDyn.jl/src/parameterized_tendencies/tagged_tracers/tagged_tracers.jl:590
┌ Warning: water tag closure residual 5.957323149322023e-6 exceeds the configured tolerance 1.0e-10 at t = 1725.0 s. The tags no longer account for the field they partition; see output/a2_first_order_dt2p5/output_0000/water_tag_closure.csv.
└ @ ClimaAtmos ~/git/ClimaAtmosResiDyn.jl/src/parameterized_tendencies/tagged_tracers/tagged_tracers.jl:590
┌ Warning: water tag closure residual 5.957130867654822e-6 exceeds the configured tolerance 1.0e-10 at t = 1727.5 s. The tags no longer account for the field they partition; see output/a2_first_order_dt2p5/output_0000/water_tag_closure.csv.
└ @ ClimaAtmos ~/git/ClimaAtmosResiDyn.jl/src/parameterized_tendencies/tagged_tracers/tagged_tracers.jl:590
┌ Warning: water tag closure residual 5.9569386636090775e-6 exceeds the configured tolerance 1.0e-10 at t = 1730.0 s. The tags no longer account for the field they partition; see output/a2_first_order_dt2p5/output_0000/water_tag_closure.csv.
└ @ ClimaAtmos ~/git/ClimaAtmosResiDyn.jl/src/parameterized_tendencies/tagged_tracers/tagged_tracers.jl:590
┌ Warning: water tag closure residual 5.956746537181728e-6 exceeds the configured tolerance 1.0e-10 at t = 1732.5 s. The tags no longer account for the field they partition; see output/a2_first_order_dt2p5/output_0000/water_tag_closure.csv.
└ @ ClimaAtmos ~/git/ClimaAtmosResiDyn.jl/src/parameterized_tendencies/tagged_tracers/tagged_tracers.jl:590
┌ Warning: water tag closure residual 5.956554488149402e-6 exceeds the configured tolerance 1.0e-10 at t = 1735.0 s. The tags no longer account for the field they partition; see output/a2_first_order_dt2p5/output_0000/water_tag_closure.csv.
└ @ ClimaAtmos ~/git/ClimaAtmosResiDyn.jl/src/parameterized_tendencies/tagged_tracers/tagged_tracers.jl:590
┌ Warning: water tag closure residual 5.95636251655724e-6 exceeds the configured tolerance 1.0e-10 at t = 1737.5 s. The tags no longer account for the field they partition; see output/a2_first_order_dt2p5/output_0000/water_tag_closure.csv.
└ @ ClimaAtmos ~/git/ClimaAtmosResiDyn.jl/src/parameterized_tendencies/tagged_tracers/tagged_tracers.jl:590
┌ Warning: water tag closure residual 5.956170622266476e-6 exceeds the configured tolerance 1.0e-10 at t = 1740.0 s. The tags no longer account for the field they partition; see output/a2_first_order_dt2p5/output_0000/water_tag_closure.csv.
└ @ ClimaAtmos ~/git/ClimaAtmosResiDyn.jl/src/parameterized_tendencies/tagged_tracers/tagged_tracers.jl:590
┌ Warning: water tag closure residual 5.955978805177138e-6 exceeds the configured tolerance 1.0e-10 at t = 1742.5 s. The tags no longer account for the field they partition; see output/a2_first_order_dt2p5/output_0000/water_tag_closure.csv.
└ @ ClimaAtmos ~/git/ClimaAtmosResiDyn.jl/src/parameterized_tendencies/tagged_tracers/tagged_tracers.jl:590
┌ Warning: water tag closure residual 5.955787065148302e-6 exceeds the configured tolerance 1.0e-10 at t = 1745.0 s. The tags no longer account for the field they partition; see output/a2_first_order_dt2p5/output_0000/water_tag_closure.csv.
└ @ ClimaAtmos ~/git/ClimaAtmosResiDyn.jl/src/parameterized_tendencies/tagged_tracers/tagged_tracers.jl:590
┌ Warning: water tag closure residual 5.955595402193158e-6 exceeds the configured tolerance 1.0e-10 at t = 1747.5 s. The tags no longer account for the field they partition; see output/a2_first_order_dt2p5/output_0000/water_tag_closure.csv.
└ @ ClimaAtmos ~/git/ClimaAtmosResiDyn.jl/src/parameterized_tendencies/tagged_tracers/tagged_tracers.jl:590
┌ Warning: water tag closure residual 5.955403816194184e-6 exceeds the configured tolerance 1.0e-10 at t = 1750.0 s. The tags no longer account for the field they partition; see output/a2_first_order_dt2p5/output_0000/water_tag_closure.csv.
└ @ ClimaAtmos ~/git/ClimaAtmosResiDyn.jl/src/parameterized_tendencies/tagged_tracers/tagged_tracers.jl:590
┌ Warning: water tag closure residual 5.955212306832653e-6 exceeds the configured tolerance 1.0e-10 at t = 1752.5 s. The tags no longer account for the field they partition; see output/a2_first_order_dt2p5/output_0000/water_tag_closure.csv.
└ @ ClimaAtmos ~/git/ClimaAtmosResiDyn.jl/src/parameterized_tendencies/tagged_tracers/tagged_tracers.jl:590
┌ Warning: water tag closure residual 5.955020874157847e-6 exceeds the configured tolerance 1.0e-10 at t = 1755.0 s. The tags no longer account for the field they partition; see output/a2_first_order_dt2p5/output_0000/water_tag_closure.csv.
└ @ ClimaAtmos ~/git/ClimaAtmosResiDyn.jl/src/parameterized_tendencies/tagged_tracers/tagged_tracers.jl:590
┌ Warning: water tag closure residual 5.954829518075854e-6 exceeds the configured tolerance 1.0e-10 at t = 1757.5 s. The tags no longer account for the field they partition; see output/a2_first_order_dt2p5/output_0000/water_tag_closure.csv.
└ @ ClimaAtmos ~/git/ClimaAtmosResiDyn.jl/src/parameterized_tendencies/tagged_tracers/tagged_tracers.jl:590
┌ Warning: water tag closure residual 5.954638238537774e-6 exceeds the configured tolerance 1.0e-10 at t = 1760.0 s. The tags no longer account for the field they partition; see output/a2_first_order_dt2p5/output_0000/water_tag_closure.csv.
└ @ ClimaAtmos ~/git/ClimaAtmosResiDyn.jl/src/parameterized_tendencies/tagged_tracers/tagged_tracers.jl:590
┌ Warning: water tag closure residual 5.954447035196237e-6 exceeds the configured tolerance 1.0e-10 at t = 1762.5 s. The tags no longer account for the field they partition; see output/a2_first_order_dt2p5/output_0000/water_tag_closure.csv.
└ @ ClimaAtmos ~/git/ClimaAtmosResiDyn.jl/src/parameterized_tendencies/tagged_tracers/tagged_tracers.jl:590
┌ Warning: water tag closure residual 5.9542559081585625e-6 exceeds the configured tolerance 1.0e-10 at t = 1765.0 s. The tags no longer account for the field they partition; see output/a2_first_order_dt2p5/output_0000/water_tag_closure.csv.
└ @ ClimaAtmos ~/git/ClimaAtmosResiDyn.jl/src/parameterized_tendencies/tagged_tracers/tagged_tracers.jl:590
┌ Warning: water tag closure residual 5.954064857307218e-6 exceeds the configured tolerance 1.0e-10 at t = 1767.5 s. The tags no longer account for the field they partition; see output/a2_first_order_dt2p5/output_0000/water_tag_closure.csv.
└ @ ClimaAtmos ~/git/ClimaAtmosResiDyn.jl/src/parameterized_tendencies/tagged_tracers/tagged_tracers.jl:590
┌ Warning: water tag closure residual 5.953873882376064e-6 exceeds the configured tolerance 1.0e-10 at t = 1770.0 s. The tags no longer account for the field they partition; see output/a2_first_order_dt2p5/output_0000/water_tag_closure.csv.
└ @ ClimaAtmos ~/git/ClimaAtmosResiDyn.jl/src/parameterized_tendencies/tagged_tracers/tagged_tracers.jl:590
┌ Warning: water tag closure residual 5.953682983570736e-6 exceeds the configured tolerance 1.0e-10 at t = 1772.5 s. The tags no longer account for the field they partition; see output/a2_first_order_dt2p5/output_0000/water_tag_closure.csv.
└ @ ClimaAtmos ~/git/ClimaAtmosResiDyn.jl/src/parameterized_tendencies/tagged_tracers/tagged_tracers.jl:590
┌ Warning: water tag closure residual 5.953492160477577e-6 exceeds the configured tolerance 1.0e-10 at t = 1775.0 s. The tags no longer account for the field they partition; see output/a2_first_order_dt2p5/output_0000/water_tag_closure.csv.
└ @ ClimaAtmos ~/git/ClimaAtmosResiDyn.jl/src/parameterized_tendencies/tagged_tracers/tagged_tracers.jl:590
┌ Warning: water tag closure residual 5.953301413150487e-6 exceeds the configured tolerance 1.0e-10 at t = 1777.5 s. The tags no longer account for the field they partition; see output/a2_first_order_dt2p5/output_0000/water_tag_closure.csv.
└ @ ClimaAtmos ~/git/ClimaAtmosResiDyn.jl/src/parameterized_tendencies/tagged_tracers/tagged_tracers.jl:590
┌ Warning: water tag closure residual 5.953110741397046e-6 exceeds the configured tolerance 1.0e-10 at t = 1780.0 s. The tags no longer account for the field they partition; see output/a2_first_order_dt2p5/output_0000/water_tag_closure.csv.
└ @ ClimaAtmos ~/git/ClimaAtmosResiDyn.jl/src/parameterized_tendencies/tagged_tracers/tagged_tracers.jl:590
┌ Warning: water tag closure residual 5.9529201452731435e-6 exceeds the configured tolerance 1.0e-10 at t = 1782.5 s. The tags no longer account for the field they partition; see output/a2_first_order_dt2p5/output_0000/water_tag_closure.csv.
└ @ ClimaAtmos ~/git/ClimaAtmosResiDyn.jl/src/parameterized_tendencies/tagged_tracers/tagged_tracers.jl:590
┌ Warning: water tag closure residual 5.9527296244712405e-6 exceeds the configured tolerance 1.0e-10 at t = 1785.0 s. The tags no longer account for the field they partition; see output/a2_first_order_dt2p5/output_0000/water_tag_closure.csv.
└ @ ClimaAtmos ~/git/ClimaAtmosResiDyn.jl/src/parameterized_tendencies/tagged_tracers/tagged_tracers.jl:590
┌ Warning: water tag closure residual 5.952539179022688e-6 exceeds the configured tolerance 1.0e-10 at t = 1787.5 s. The tags no longer account for the field they partition; see output/a2_first_order_dt2p5/output_0000/water_tag_closure.csv.
└ @ ClimaAtmos ~/git/ClimaAtmosResiDyn.jl/src/parameterized_tendencies/tagged_tracers/tagged_tracers.jl:590
┌ Warning: water tag closure residual 5.952348810084917e-6 exceeds the configured tolerance 1.0e-10 at t = 1790.0 s. The tags no longer account for the field they partition; see output/a2_first_order_dt2p5/output_0000/water_tag_closure.csv.
└ @ ClimaAtmos ~/git/ClimaAtmosResiDyn.jl/src/parameterized_tendencies/tagged_tracers/tagged_tracers.jl:590
┌ Warning: water tag closure residual 5.952158517674321e-6 exceeds the configured tolerance 1.0e-10 at t = 1792.5 s. The tags no longer account for the field they partition; see output/a2_first_order_dt2p5/output_0000/water_tag_closure.csv.
└ @ ClimaAtmos ~/git/ClimaAtmosResiDyn.jl/src/parameterized_tendencies/tagged_tracers/tagged_tracers.jl:590
┌ Warning: water tag closure residual 5.951968301472275e-6 exceeds the configured tolerance 1.0e-10 at t = 1795.0 s. The tags no longer account for the field they partition; see output/a2_first_order_dt2p5/output_0000/water_tag_closure.csv.
└ @ ClimaAtmos ~/git/ClimaAtmosResiDyn.jl/src/parameterized_tendencies/tagged_tracers/tagged_tracers.jl:590
┌ Warning: water tag closure residual 5.95177816113934e-6 exceeds the configured tolerance 1.0e-10 at t = 1797.5 s. The tags no longer account for the field they partition; see output/a2_first_order_dt2p5/output_0000/water_tag_closure.csv.
└ @ ClimaAtmos ~/git/ClimaAtmosResiDyn.jl/src/parameterized_tendencies/tagged_tracers/tagged_tracers.jl:590
┌ Warning: water tag closure residual 5.951588096812189e-6 exceeds the configured tolerance 1.0e-10 at t = 1800.0 s. The tags no longer account for the field they partition; see output/a2_first_order_dt2p5/output_0000/water_tag_closure.csv.
└ @ ClimaAtmos ~/git/ClimaAtmosResiDyn.jl/src/parameterized_tendencies/tagged_tracers/tagged_tracers.jl:590
┌ Warning: water tag closure residual 5.95139810869453e-6 exceeds the configured tolerance 1.0e-10 at t = 1802.5 s. The tags no longer account for the field they partition; see output/a2_first_order_dt2p5/output_0000/water_tag_closure.csv.
└ @ ClimaAtmos ~/git/ClimaAtmosResiDyn.jl/src/parameterized_tendencies/tagged_tracers/tagged_tracers.jl:590
┌ Warning: water tag closure residual 5.951208200177978e-6 exceeds the configured tolerance 1.0e-10 at t = 1805.0 s. The tags no longer account for the field they partition; see output/a2_first_order_dt2p5/output_0000/water_tag_closure.csv.
└ @ ClimaAtmos ~/git/ClimaAtmosResiDyn.jl/src/parameterized_tendencies/tagged_tracers/tagged_tracers.jl:590
┌ Warning: water tag closure residual 5.951018370074443e-6 exceeds the configured tolerance 1.0e-10 at t = 1807.5 s. The tags no longer account for the field they partition; see output/a2_first_order_dt2p5/output_0000/water_tag_closure.csv.
└ @ ClimaAtmos ~/git/ClimaAtmosResiDyn.jl/src/parameterized_tendencies/tagged_tracers/tagged_tracers.jl:590
┌ Warning: water tag closure residual 5.9508286126661455e-6 exceeds the configured tolerance 1.0e-10 at t = 1810.0 s. The tags no longer account for the field they partition; see output/a2_first_order_dt2p5/output_0000/water_tag_closure.csv.
└ @ ClimaAtmos ~/git/ClimaAtmosResiDyn.jl/src/parameterized_tendencies/tagged_tracers/tagged_tracers.jl:590
┌ Warning: water tag closure residual 5.950638928785202e-6 exceeds the configured tolerance 1.0e-10 at t = 1812.5 s. The tags no longer account for the field they partition; see output/a2_first_order_dt2p5/output_0000/water_tag_closure.csv.
└ @ ClimaAtmos ~/git/ClimaAtmosResiDyn.jl/src/parameterized_tendencies/tagged_tracers/tagged_tracers.jl:590
┌ Warning: water tag closure residual 5.950449322973145e-6 exceeds the configured tolerance 1.0e-10 at t = 1815.0 s. The tags no longer account for the field they partition; see output/a2_first_order_dt2p5/output_0000/water_tag_closure.csv.
└ @ ClimaAtmos ~/git/ClimaAtmosResiDyn.jl/src/parameterized_tendencies/tagged_tracers/tagged_tracers.jl:590
┌ Warning: water tag closure residual 5.9502597934703495e-6 exceeds the configured tolerance 1.0e-10 at t = 1817.5 s. The tags no longer account for the field they partition; see output/a2_first_order_dt2p5/output_0000/water_tag_closure.csv.
└ @ ClimaAtmos ~/git/ClimaAtmosResiDyn.jl/src/parameterized_tendencies/tagged_tracers/tagged_tracers.jl:590
┌ Warning: water tag closure residual 5.9500703366816785e-6 exceeds the configured tolerance 1.0e-10 at t = 1820.0 s. The tags no longer account for the field they partition; see output/a2_first_order_dt2p5/output_0000/water_tag_closure.csv.
└ @ ClimaAtmos ~/git/ClimaAtmosResiDyn.jl/src/parameterized_tendencies/tagged_tracers/tagged_tracers.jl:590
┌ Warning: water tag closure residual 5.949880954431485e-6 exceeds the configured tolerance 1.0e-10 at t = 1822.5 s. The tags no longer account for the field they partition; see output/a2_first_order_dt2p5/output_0000/water_tag_closure.csv.
└ @ ClimaAtmos ~/git/ClimaAtmosResiDyn.jl/src/parameterized_tendencies/tagged_tracers/tagged_tracers.jl:590
┌ Warning: water tag closure residual 5.949691649353487e-6 exceeds the configured tolerance 1.0e-10 at t = 1825.0 s. The tags no longer account for the field they partition; see output/a2_first_order_dt2p5/output_0000/water_tag_closure.csv.
└ @ ClimaAtmos ~/git/ClimaAtmosResiDyn.jl/src/parameterized_tendencies/tagged_tracers/tagged_tracers.jl:590
┌ Warning: water tag closure residual 5.949502419081849e-6 exceeds the configured tolerance 1.0e-10 at t = 1827.5 s. The tags no longer account for the field they partition; see output/a2_first_order_dt2p5/output_0000/water_tag_closure.csv.
└ @ ClimaAtmos ~/git/ClimaAtmosResiDyn.jl/src/parameterized_tendencies/tagged_tracers/tagged_tracers.jl:590
┌ Info: Progress
│   simulation_time = "30 minutes, 27 seconds"
│   n_steps_completed = 731
│   wall_time_per_step = "4 milliseconds, 459 microseconds"
│   wall_time_total = "6 seconds, 421 milliseconds"
│   wall_time_remaining = "3 seconds, 161 milliseconds"
│   wall_time_spent = "3 seconds, 259 milliseconds"
│   percent_complete = "50.8%"
│   estimated_sypd = "1.535"
│   instantaneous_sypd = "2.251"
│   date_now = 2026-09-10T00:49:37.173
└   estimated_finish_date = 2026-09-10T00:49:41.173
┌ Warning: water tag closure residual 5.949313261930183e-6 exceeds the configured tolerance 1.0e-10 at t = 1830.0 s. The tags no longer account for the field they partition; see output/a2_first_order_dt2p5/output_0000/water_tag_closure.csv.
└ @ ClimaAtmos ~/git/ClimaAtmosResiDyn.jl/src/parameterized_tendencies/tagged_tracers/tagged_tracers.jl:590
┌ Warning: water tag closure residual 5.949124179728697e-6 exceeds the configured tolerance 1.0e-10 at t = 1832.5 s. The tags no longer account for the field they partition; see output/a2_first_order_dt2p5/output_0000/water_tag_closure.csv.
└ @ ClimaAtmos ~/git/ClimaAtmosResiDyn.jl/src/parameterized_tendencies/tagged_tracers/tagged_tracers.jl:590
┌ Warning: water tag closure residual 5.9489351732397005e-6 exceeds the configured tolerance 1.0e-10 at t = 1835.0 s. The tags no longer account for the field they partition; see output/a2_first_order_dt2p5/output_0000/water_tag_closure.csv.
└ @ ClimaAtmos ~/git/ClimaAtmosResiDyn.jl/src/parameterized_tendencies/tagged_tracers/tagged_tracers.jl:590
┌ Warning: water tag closure residual 5.948746240733817e-6 exceeds the configured tolerance 1.0e-10 at t = 1837.5 s. The tags no longer account for the field they partition; see output/a2_first_order_dt2p5/output_0000/water_tag_closure.csv.
└ @ ClimaAtmos ~/git/ClimaAtmosResiDyn.jl/src/parameterized_tendencies/tagged_tracers/tagged_tracers.jl:590
┌ Warning: water tag closure residual 5.948557379856371e-6 exceeds the configured tolerance 1.0e-10 at t = 1840.0 s. The tags no longer account for the field they partition; see output/a2_first_order_dt2p5/output_0000/water_tag_closure.csv.
└ @ ClimaAtmos ~/git/ClimaAtmosResiDyn.jl/src/parameterized_tendencies/tagged_tracers/tagged_tracers.jl:590
┌ Warning: water tag closure residual 5.948368592228053e-6 exceeds the configured tolerance 1.0e-10 at t = 1842.5 s. The tags no longer account for the field they partition; see output/a2_first_order_dt2p5/output_0000/water_tag_closure.csv.
└ @ ClimaAtmos ~/git/ClimaAtmosResiDyn.jl/src/parameterized_tendencies/tagged_tracers/tagged_tracers.jl:590
┌ Warning: water tag closure residual 5.9481798782849395e-6 exceeds the configured tolerance 1.0e-10 at t = 1845.0 s. The tags no longer account for the field they partition; see output/a2_first_order_dt2p5/output_0000/water_tag_closure.csv.
└ @ ClimaAtmos ~/git/ClimaAtmosResiDyn.jl/src/parameterized_tendencies/tagged_tracers/tagged_tracers.jl:590
┌ Warning: water tag closure residual 5.947991236696078e-6 exceeds the configured tolerance 1.0e-10 at t = 1847.5 s. The tags no longer account for the field they partition; see output/a2_first_order_dt2p5/output_0000/water_tag_closure.csv.
└ @ ClimaAtmos ~/git/ClimaAtmosResiDyn.jl/src/parameterized_tendencies/tagged_tracers/tagged_tracers.jl:590
┌ Warning: water tag closure residual 5.947802667485803e-6 exceeds the configured tolerance 1.0e-10 at t = 1850.0 s. The tags no longer account for the field they partition; see output/a2_first_order_dt2p5/output_0000/water_tag_closure.csv.
└ @ ClimaAtmos ~/git/ClimaAtmosResiDyn.jl/src/parameterized_tendencies/tagged_tracers/tagged_tracers.jl:590
┌ Warning: water tag closure residual 5.947614171605528e-6 exceeds the configured tolerance 1.0e-10 at t = 1852.5 s. The tags no longer account for the field they partition; see output/a2_first_order_dt2p5/output_0000/water_tag_closure.csv.
└ @ ClimaAtmos ~/git/ClimaAtmosResiDyn.jl/src/parameterized_tendencies/tagged_tracers/tagged_tracers.jl:590
┌ Warning: water tag closure residual 5.947425748640895e-6 exceeds the configured tolerance 1.0e-10 at t = 1855.0 s. The tags no longer account for the field they partition; see output/a2_first_order_dt2p5/output_0000/water_tag_closure.csv.
└ @ ClimaAtmos ~/git/ClimaAtmosResiDyn.jl/src/parameterized_tendencies/tagged_tracers/tagged_tracers.jl:590
┌ Warning: water tag closure residual 5.947237397858044e-6 exceeds the configured tolerance 1.0e-10 at t = 1857.5 s. The tags no longer account for the field they partition; see output/a2_first_order_dt2p5/output_0000/water_tag_closure.csv.
└ @ ClimaAtmos ~/git/ClimaAtmosResiDyn.jl/src/parameterized_tendencies/tagged_tracers/tagged_tracers.jl:590
┌ Warning: water tag closure residual 5.947049119479743e-6 exceeds the configured tolerance 1.0e-10 at t = 1860.0 s. The tags no longer account for the field they partition; see output/a2_first_order_dt2p5/output_0000/water_tag_closure.csv.
└ @ ClimaAtmos ~/git/ClimaAtmosResiDyn.jl/src/parameterized_tendencies/tagged_tracers/tagged_tracers.jl:590
┌ Warning: water tag closure residual 5.946860914133647e-6 exceeds the configured tolerance 1.0e-10 at t = 1862.5 s. The tags no longer account for the field they partition; see output/a2_first_order_dt2p5/output_0000/water_tag_closure.csv.
└ @ ClimaAtmos ~/git/ClimaAtmosResiDyn.jl/src/parameterized_tendencies/tagged_tracers/tagged_tracers.jl:590
┌ Warning: water tag closure residual 5.946672781059295e-6 exceeds the configured tolerance 1.0e-10 at t = 1865.0 s. The tags no longer account for the field they partition; see output/a2_first_order_dt2p5/output_0000/water_tag_closure.csv.
└ @ ClimaAtmos ~/git/ClimaAtmosResiDyn.jl/src/parameterized_tendencies/tagged_tracers/tagged_tracers.jl:590
┌ Warning: water tag closure residual 5.946484719883087e-6 exceeds the configured tolerance 1.0e-10 at t = 1867.5 s. The tags no longer account for the field they partition; see output/a2_first_order_dt2p5/output_0000/water_tag_closure.csv.
└ @ ClimaAtmos ~/git/ClimaAtmosResiDyn.jl/src/parameterized_tendencies/tagged_tracers/tagged_tracers.jl:590
┌ Warning: water tag closure residual 5.94629673093659e-6 exceeds the configured tolerance 1.0e-10 at t = 1870.0 s. The tags no longer account for the field they partition; see output/a2_first_order_dt2p5/output_0000/water_tag_closure.csv.
└ @ ClimaAtmos ~/git/ClimaAtmosResiDyn.jl/src/parameterized_tendencies/tagged_tracers/tagged_tracers.jl:590
┌ Warning: water tag closure residual 5.9461088141482025e-6 exceeds the configured tolerance 1.0e-10 at t = 1872.5 s. The tags no longer account for the field they partition; see output/a2_first_order_dt2p5/output_0000/water_tag_closure.csv.
└ @ ClimaAtmos ~/git/ClimaAtmosResiDyn.jl/src/parameterized_tendencies/tagged_tracers/tagged_tracers.jl:590
┌ Warning: water tag closure residual 5.945920969553864e-6 exceeds the configured tolerance 1.0e-10 at t = 1875.0 s. The tags no longer account for the field they partition; see output/a2_first_order_dt2p5/output_0000/water_tag_closure.csv.
└ @ ClimaAtmos ~/git/ClimaAtmosResiDyn.jl/src/parameterized_tendencies/tagged_tracers/tagged_tracers.jl:590
┌ Warning: water tag closure residual 5.94573319710619e-6 exceeds the configured tolerance 1.0e-10 at t = 1877.5 s. The tags no longer account for the field they partition; see output/a2_first_order_dt2p5/output_0000/water_tag_closure.csv.
└ @ ClimaAtmos ~/git/ClimaAtmosResiDyn.jl/src/parameterized_tendencies/tagged_tracers/tagged_tracers.jl:590
┌ Warning: water tag closure residual 5.945545497436899e-6 exceeds the configured tolerance 1.0e-10 at t = 1880.0 s. The tags no longer account for the field they partition; see output/a2_first_order_dt2p5/output_0000/water_tag_closure.csv.
└ @ ClimaAtmos ~/git/ClimaAtmosResiDyn.jl/src/parameterized_tendencies/tagged_tracers/tagged_tracers.jl:590
┌ Warning: water tag closure residual 5.945357870602661e-6 exceeds the configured tolerance 1.0e-10 at t = 1882.5 s. The tags no longer account for the field they partition; see output/a2_first_order_dt2p5/output_0000/water_tag_closure.csv.
└ @ ClimaAtmos ~/git/ClimaAtmosResiDyn.jl/src/parameterized_tendencies/tagged_tracers/tagged_tracers.jl:590
┌ Warning: water tag closure residual 5.9451703158860586e-6 exceeds the configured tolerance 1.0e-10 at t = 1885.0 s. The tags no longer account for the field they partition; see output/a2_first_order_dt2p5/output_0000/water_tag_closure.csv.
└ @ ClimaAtmos ~/git/ClimaAtmosResiDyn.jl/src/parameterized_tendencies/tagged_tracers/tagged_tracers.jl:590
┌ Warning: water tag closure residual 5.944982833352407e-6 exceeds the configured tolerance 1.0e-10 at t = 1887.5 s. The tags no longer account for the field they partition; see output/a2_first_order_dt2p5/output_0000/water_tag_closure.csv.
└ @ ClimaAtmos ~/git/ClimaAtmosResiDyn.jl/src/parameterized_tendencies/tagged_tracers/tagged_tracers.jl:590
┌ Warning: water tag closure residual 5.944795423263117e-6 exceeds the configured tolerance 1.0e-10 at t = 1890.0 s. The tags no longer account for the field they partition; see output/a2_first_order_dt2p5/output_0000/water_tag_closure.csv.
└ @ ClimaAtmos ~/git/ClimaAtmosResiDyn.jl/src/parameterized_tendencies/tagged_tracers/tagged_tracers.jl:590
┌ Warning: water tag closure residual 5.944608085414228e-6 exceeds the configured tolerance 1.0e-10 at t = 1892.5 s. The tags no longer account for the field they partition; see output/a2_first_order_dt2p5/output_0000/water_tag_closure.csv.
└ @ ClimaAtmos ~/git/ClimaAtmosResiDyn.jl/src/parameterized_tendencies/tagged_tracers/tagged_tracers.jl:590
┌ Warning: water tag closure residual 5.944420835921449e-6 exceeds the configured tolerance 1.0e-10 at t = 1895.0 s. The tags no longer account for the field they partition; see output/a2_first_order_dt2p5/output_0000/water_tag_closure.csv.
└ @ ClimaAtmos ~/git/ClimaAtmosResiDyn.jl/src/parameterized_tendencies/tagged_tracers/tagged_tracers.jl:590
┌ Warning: water tag closure residual 5.944233715081428e-6 exceeds the configured tolerance 1.0e-10 at t = 1897.5 s. The tags no longer account for the field they partition; see output/a2_first_order_dt2p5/output_0000/water_tag_closure.csv.
└ @ ClimaAtmos ~/git/ClimaAtmosResiDyn.jl/src/parameterized_tendencies/tagged_tracers/tagged_tracers.jl:590
┌ Warning: water tag closure residual 5.944046651772032e-6 exceeds the configured tolerance 1.0e-10 at t = 1900.0 s. The tags no longer account for the field they partition; see output/a2_first_order_dt2p5/output_0000/water_tag_closure.csv.
└ @ ClimaAtmos ~/git/ClimaAtmosResiDyn.jl/src/parameterized_tendencies/tagged_tracers/tagged_tracers.jl:590
┌ Warning: water tag closure residual 5.943859658686073e-6 exceeds the configured tolerance 1.0e-10 at t = 1902.5 s. The tags no longer account for the field they partition; see output/a2_first_order_dt2p5/output_0000/water_tag_closure.csv.
└ @ ClimaAtmos ~/git/ClimaAtmosResiDyn.jl/src/parameterized_tendencies/tagged_tracers/tagged_tracers.jl:590
┌ Warning: water tag closure residual 5.943672733530314e-6 exceeds the configured tolerance 1.0e-10 at t = 1905.0 s. The tags no longer account for the field they partition; see output/a2_first_order_dt2p5/output_0000/water_tag_closure.csv.
└ @ ClimaAtmos ~/git/ClimaAtmosResiDyn.jl/src/parameterized_tendencies/tagged_tracers/tagged_tracers.jl:590
┌ Warning: water tag closure residual 5.943485880057036e-6 exceeds the configured tolerance 1.0e-10 at t = 1907.5 s. The tags no longer account for the field they partition; see output/a2_first_order_dt2p5/output_0000/water_tag_closure.csv.
└ @ ClimaAtmos ~/git/ClimaAtmosResiDyn.jl/src/parameterized_tendencies/tagged_tracers/tagged_tracers.jl:590
┌ Warning: water tag closure residual 5.9432991019745075e-6 exceeds the configured tolerance 1.0e-10 at t = 1910.0 s. The tags no longer account for the field they partition; see output/a2_first_order_dt2p5/output_0000/water_tag_closure.csv.
└ @ ClimaAtmos ~/git/ClimaAtmosResiDyn.jl/src/parameterized_tendencies/tagged_tracers/tagged_tracers.jl:590
┌ Warning: water tag closure residual 5.943112392341415e-6 exceeds the configured tolerance 1.0e-10 at t = 1912.5 s. The tags no longer account for the field they partition; see output/a2_first_order_dt2p5/output_0000/water_tag_closure.csv.
└ @ ClimaAtmos ~/git/ClimaAtmosResiDyn.jl/src/parameterized_tendencies/tagged_tracers/tagged_tracers.jl:590
┌ Warning: water tag closure residual 5.942925752888742e-6 exceeds the configured tolerance 1.0e-10 at t = 1915.0 s. The tags no longer account for the field they partition; see output/a2_first_order_dt2p5/output_0000/water_tag_closure.csv.
└ @ ClimaAtmos ~/git/ClimaAtmosResiDyn.jl/src/parameterized_tendencies/tagged_tracers/tagged_tracers.jl:590
┌ Warning: water tag closure residual 5.942739186160038e-6 exceeds the configured tolerance 1.0e-10 at t = 1917.5 s. The tags no longer account for the field they partition; see output/a2_first_order_dt2p5/output_0000/water_tag_closure.csv.
└ @ ClimaAtmos ~/git/ClimaAtmosResiDyn.jl/src/parameterized_tendencies/tagged_tracers/tagged_tracers.jl:590
┌ Warning: water tag closure residual 5.9425526914196575e-6 exceeds the configured tolerance 1.0e-10 at t = 1920.0 s. The tags no longer account for the field they partition; see output/a2_first_order_dt2p5/output_0000/water_tag_closure.csv.
└ @ ClimaAtmos ~/git/ClimaAtmosResiDyn.jl/src/parameterized_tendencies/tagged_tracers/tagged_tracers.jl:590
┌ Warning: water tag closure residual 5.942366266145651e-6 exceeds the configured tolerance 1.0e-10 at t = 1922.5 s. The tags no longer account for the field they partition; see output/a2_first_order_dt2p5/output_0000/water_tag_closure.csv.
└ @ ClimaAtmos ~/git/ClimaAtmosResiDyn.jl/src/parameterized_tendencies/tagged_tracers/tagged_tracers.jl:590
┌ Warning: water tag closure residual 5.94217991101397e-6 exceeds the configured tolerance 1.0e-10 at t = 1925.0 s. The tags no longer account for the field they partition; see output/a2_first_order_dt2p5/output_0000/water_tag_closure.csv.
└ @ ClimaAtmos ~/git/ClimaAtmosResiDyn.jl/src/parameterized_tendencies/tagged_tracers/tagged_tracers.jl:590
┌ Warning: water tag closure residual 5.941993628184339e-6 exceeds the configured tolerance 1.0e-10 at t = 1927.5 s. The tags no longer account for the field they partition; see output/a2_first_order_dt2p5/output_0000/water_tag_closure.csv.
└ @ ClimaAtmos ~/git/ClimaAtmosResiDyn.jl/src/parameterized_tendencies/tagged_tracers/tagged_tracers.jl:590
┌ Warning: water tag closure residual 5.941807416286063e-6 exceeds the configured tolerance 1.0e-10 at t = 1930.0 s. The tags no longer account for the field they partition; see output/a2_first_order_dt2p5/output_0000/water_tag_closure.csv.
└ @ ClimaAtmos ~/git/ClimaAtmosResiDyn.jl/src/parameterized_tendencies/tagged_tracers/tagged_tracers.jl:590
┌ Warning: water tag closure residual 5.94162127376016e-6 exceeds the configured tolerance 1.0e-10 at t = 1932.5 s. The tags no longer account for the field they partition; see output/a2_first_order_dt2p5/output_0000/water_tag_closure.csv.
└ @ ClimaAtmos ~/git/ClimaAtmosResiDyn.jl/src/parameterized_tendencies/tagged_tracers/tagged_tracers.jl:590
┌ Warning: water tag closure residual 5.941435201720444e-6 exceeds the configured tolerance 1.0e-10 at t = 1935.0 s. The tags no longer account for the field they partition; see output/a2_first_order_dt2p5/output_0000/water_tag_closure.csv.
└ @ ClimaAtmos ~/git/ClimaAtmosResiDyn.jl/src/parameterized_tendencies/tagged_tracers/tagged_tracers.jl:590
┌ Warning: water tag closure residual 5.941249202789611e-6 exceeds the configured tolerance 1.0e-10 at t = 1937.5 s. The tags no longer account for the field they partition; see output/a2_first_order_dt2p5/output_0000/water_tag_closure.csv.
└ @ ClimaAtmos ~/git/ClimaAtmosResiDyn.jl/src/parameterized_tendencies/tagged_tracers/tagged_tracers.jl:590
┌ Warning: water tag closure residual 5.941063277231513e-6 exceeds the configured tolerance 1.0e-10 at t = 1940.0 s. The tags no longer account for the field they partition; see output/a2_first_order_dt2p5/output_0000/water_tag_closure.csv.
└ @ ClimaAtmos ~/git/ClimaAtmosResiDyn.jl/src/parameterized_tendencies/tagged_tracers/tagged_tracers.jl:590
┌ Warning: water tag closure residual 5.9408774248123575e-6 exceeds the configured tolerance 1.0e-10 at t = 1942.5 s. The tags no longer account for the field they partition; see output/a2_first_order_dt2p5/output_0000/water_tag_closure.csv.
└ @ ClimaAtmos ~/git/ClimaAtmosResiDyn.jl/src/parameterized_tendencies/tagged_tracers/tagged_tracers.jl:590
┌ Warning: water tag closure residual 5.940691646511417e-6 exceeds the configured tolerance 1.0e-10 at t = 1945.0 s. The tags no longer account for the field they partition; see output/a2_first_order_dt2p5/output_0000/water_tag_closure.csv.
└ @ ClimaAtmos ~/git/ClimaAtmosResiDyn.jl/src/parameterized_tendencies/tagged_tracers/tagged_tracers.jl:590
┌ Warning: water tag closure residual 5.94050594158558e-6 exceeds the configured tolerance 1.0e-10 at t = 1947.5 s. The tags no longer account for the field they partition; see output/a2_first_order_dt2p5/output_0000/water_tag_closure.csv.
└ @ ClimaAtmos ~/git/ClimaAtmosResiDyn.jl/src/parameterized_tendencies/tagged_tracers/tagged_tracers.jl:590
┌ Warning: water tag closure residual 5.9403203094854985e-6 exceeds the configured tolerance 1.0e-10 at t = 1950.0 s. The tags no longer account for the field they partition; see output/a2_first_order_dt2p5/output_0000/water_tag_closure.csv.
└ @ ClimaAtmos ~/git/ClimaAtmosResiDyn.jl/src/parameterized_tendencies/tagged_tracers/tagged_tracers.jl:590
┌ Warning: water tag closure residual 5.940134750466227e-6 exceeds the configured tolerance 1.0e-10 at t = 1952.5 s. The tags no longer account for the field they partition; see output/a2_first_order_dt2p5/output_0000/water_tag_closure.csv.
└ @ ClimaAtmos ~/git/ClimaAtmosResiDyn.jl/src/parameterized_tendencies/tagged_tracers/tagged_tracers.jl:590
┌ Warning: water tag closure residual 5.939949265185331e-6 exceeds the configured tolerance 1.0e-10 at t = 1955.0 s. The tags no longer account for the field they partition; see output/a2_first_order_dt2p5/output_0000/water_tag_closure.csv.
└ @ ClimaAtmos ~/git/ClimaAtmosResiDyn.jl/src/parameterized_tendencies/tagged_tracers/tagged_tracers.jl:590
┌ Warning: water tag closure residual 5.939763852550527e-6 exceeds the configured tolerance 1.0e-10 at t = 1957.5 s. The tags no longer account for the field they partition; see output/a2_first_order_dt2p5/output_0000/water_tag_closure.csv.
└ @ ClimaAtmos ~/git/ClimaAtmosResiDyn.jl/src/parameterized_tendencies/tagged_tracers/tagged_tracers.jl:590
┌ Warning: water tag closure residual 5.939578512687034e-6 exceeds the configured tolerance 1.0e-10 at t = 1960.0 s. The tags no longer account for the field they partition; see output/a2_first_order_dt2p5/output_0000/water_tag_closure.csv.
└ @ ClimaAtmos ~/git/ClimaAtmosResiDyn.jl/src/parameterized_tendencies/tagged_tracers/tagged_tracers.jl:590
┌ Warning: water tag closure residual 5.939393245689984e-6 exceeds the configured tolerance 1.0e-10 at t = 1962.5 s. The tags no longer account for the field they partition; see output/a2_first_order_dt2p5/output_0000/water_tag_closure.csv.
└ @ ClimaAtmos ~/git/ClimaAtmosResiDyn.jl/src/parameterized_tendencies/tagged_tracers/tagged_tracers.jl:590
┌ Warning: water tag closure residual 5.939208051566612e-6 exceeds the configured tolerance 1.0e-10 at t = 1965.0 s. The tags no longer account for the field they partition; see output/a2_first_order_dt2p5/output_0000/water_tag_closure.csv.
└ @ ClimaAtmos ~/git/ClimaAtmosResiDyn.jl/src/parameterized_tendencies/tagged_tracers/tagged_tracers.jl:590
┌ Warning: water tag closure residual 5.9390229299569735e-6 exceeds the configured tolerance 1.0e-10 at t = 1967.5 s. The tags no longer account for the field they partition; see output/a2_first_order_dt2p5/output_0000/water_tag_closure.csv.
└ @ ClimaAtmos ~/git/ClimaAtmosResiDyn.jl/src/parameterized_tendencies/tagged_tracers/tagged_tracers.jl:590
┌ Warning: water tag closure residual 5.938837880638253e-6 exceeds the configured tolerance 1.0e-10 at t = 1970.0 s. The tags no longer account for the field they partition; see output/a2_first_order_dt2p5/output_0000/water_tag_closure.csv.
└ @ ClimaAtmos ~/git/ClimaAtmosResiDyn.jl/src/parameterized_tendencies/tagged_tracers/tagged_tracers.jl:590
┌ Warning: water tag closure residual 5.938652903833011e-6 exceeds the configured tolerance 1.0e-10 at t = 1972.5 s. The tags no longer account for the field they partition; see output/a2_first_order_dt2p5/output_0000/water_tag_closure.csv.
└ @ ClimaAtmos ~/git/ClimaAtmosResiDyn.jl/src/parameterized_tendencies/tagged_tracers/tagged_tracers.jl:590
┌ Warning: water tag closure residual 5.938467999507456e-6 exceeds the configured tolerance 1.0e-10 at t = 1975.0 s. The tags no longer account for the field they partition; see output/a2_first_order_dt2p5/output_0000/water_tag_closure.csv.
└ @ ClimaAtmos ~/git/ClimaAtmosResiDyn.jl/src/parameterized_tendencies/tagged_tracers/tagged_tracers.jl:590
┌ Warning: water tag closure residual 5.938283167319252e-6 exceeds the configured tolerance 1.0e-10 at t = 1977.5 s. The tags no longer account for the field they partition; see output/a2_first_order_dt2p5/output_0000/water_tag_closure.csv.
└ @ ClimaAtmos ~/git/ClimaAtmosResiDyn.jl/src/parameterized_tendencies/tagged_tracers/tagged_tracers.jl:590
┌ Warning: water tag closure residual 5.938098407230014e-6 exceeds the configured tolerance 1.0e-10 at t = 1980.0 s. The tags no longer account for the field they partition; see output/a2_first_order_dt2p5/output_0000/water_tag_closure.csv.
└ @ ClimaAtmos ~/git/ClimaAtmosResiDyn.jl/src/parameterized_tendencies/tagged_tracers/tagged_tracers.jl:590
┌ Warning: water tag closure residual 5.937913719409308e-6 exceeds the configured tolerance 1.0e-10 at t = 1982.5 s. The tags no longer account for the field they partition; see output/a2_first_order_dt2p5/output_0000/water_tag_closure.csv.
└ @ ClimaAtmos ~/git/ClimaAtmosResiDyn.jl/src/parameterized_tendencies/tagged_tracers/tagged_tracers.jl:590
┌ Warning: water tag closure residual 5.937729104012373e-6 exceeds the configured tolerance 1.0e-10 at t = 1985.0 s. The tags no longer account for the field they partition; see output/a2_first_order_dt2p5/output_0000/water_tag_closure.csv.
└ @ ClimaAtmos ~/git/ClimaAtmosResiDyn.jl/src/parameterized_tendencies/tagged_tracers/tagged_tracers.jl:590
┌ Warning: water tag closure residual 5.93754456069988e-6 exceeds the configured tolerance 1.0e-10 at t = 1987.5 s. The tags no longer account for the field they partition; see output/a2_first_order_dt2p5/output_0000/water_tag_closure.csv.
└ @ ClimaAtmos ~/git/ClimaAtmosResiDyn.jl/src/parameterized_tendencies/tagged_tracers/tagged_tracers.jl:590
┌ Warning: water tag closure residual 5.937360089408754e-6 exceeds the configured tolerance 1.0e-10 at t = 1990.0 s. The tags no longer account for the field they partition; see output/a2_first_order_dt2p5/output_0000/water_tag_closure.csv.
└ @ ClimaAtmos ~/git/ClimaAtmosResiDyn.jl/src/parameterized_tendencies/tagged_tracers/tagged_tracers.jl:590
┌ Warning: water tag closure residual 5.93717569020413e-6 exceeds the configured tolerance 1.0e-10 at t = 1992.5 s. The tags no longer account for the field they partition; see output/a2_first_order_dt2p5/output_0000/water_tag_closure.csv.
└ @ ClimaAtmos ~/git/ClimaAtmosResiDyn.jl/src/parameterized_tendencies/tagged_tracers/tagged_tracers.jl:590
┌ Warning: water tag closure residual 5.936991362904344e-6 exceeds the configured tolerance 1.0e-10 at t = 1995.0 s. The tags no longer account for the field they partition; see output/a2_first_order_dt2p5/output_0000/water_tag_closure.csv.
└ @ ClimaAtmos ~/git/ClimaAtmosResiDyn.jl/src/parameterized_tendencies/tagged_tracers/tagged_tracers.jl:590
┌ Warning: water tag closure residual 5.936807107440546e-6 exceeds the configured tolerance 1.0e-10 at t = 1997.5 s. The tags no longer account for the field they partition; see output/a2_first_order_dt2p5/output_0000/water_tag_closure.csv.
└ @ ClimaAtmos ~/git/ClimaAtmosResiDyn.jl/src/parameterized_tendencies/tagged_tracers/tagged_tracers.jl:590
┌ Warning: water tag closure residual 5.93662292369106e-6 exceeds the configured tolerance 1.0e-10 at t = 2000.0 s. The tags no longer account for the field they partition; see output/a2_first_order_dt2p5/output_0000/water_tag_closure.csv.
└ @ ClimaAtmos ~/git/ClimaAtmosResiDyn.jl/src/parameterized_tendencies/tagged_tracers/tagged_tracers.jl:590
┌ Warning: water tag closure residual 5.93643881159697e-6 exceeds the configured tolerance 1.0e-10 at t = 2002.5 s. The tags no longer account for the field they partition; see output/a2_first_order_dt2p5/output_0000/water_tag_closure.csv.
└ @ ClimaAtmos ~/git/ClimaAtmosResiDyn.jl/src/parameterized_tendencies/tagged_tracers/tagged_tracers.jl:590
┌ Warning: water tag closure residual 5.936254770952954e-6 exceeds the configured tolerance 1.0e-10 at t = 2005.0 s. The tags no longer account for the field they partition; see output/a2_first_order_dt2p5/output_0000/water_tag_closure.csv.
└ @ ClimaAtmos ~/git/ClimaAtmosResiDyn.jl/src/parameterized_tendencies/tagged_tracers/tagged_tracers.jl:590
┌ Warning: water tag closure residual 5.9360708017676135e-6 exceeds the configured tolerance 1.0e-10 at t = 2007.5 s. The tags no longer account for the field they partition; see output/a2_first_order_dt2p5/output_0000/water_tag_closure.csv.
└ @ ClimaAtmos ~/git/ClimaAtmosResiDyn.jl/src/parameterized_tendencies/tagged_tracers/tagged_tracers.jl:590
┌ Warning: water tag closure residual 5.9358869040431726e-6 exceeds the configured tolerance 1.0e-10 at t = 2010.0 s. The tags no longer account for the field they partition; see output/a2_first_order_dt2p5/output_0000/water_tag_closure.csv.
└ @ ClimaAtmos ~/git/ClimaAtmosResiDyn.jl/src/parameterized_tendencies/tagged_tracers/tagged_tracers.jl:590
┌ Info: Progress
│   simulation_time = "33 minutes, 30 seconds"
│   n_steps_completed = 804
│   wall_time_per_step = "4 milliseconds, 318 microseconds"
│   wall_time_total = "6 seconds, 219 milliseconds"
│   wall_time_remaining = "2 seconds, 746 milliseconds"
│   wall_time_spent = "3 seconds, 472 milliseconds"
│   percent_complete = "55.8%"
│   estimated_sypd = "1.585"
│   instantaneous_sypd = "2.35"
│   date_now = 2026-09-10T00:49:37.385
└   estimated_finish_date = 2026-09-10T00:49:40.385
┌ Warning: water tag closure residual 5.935703077636407e-6 exceeds the configured tolerance 1.0e-10 at t = 2012.5 s. The tags no longer account for the field they partition; see output/a2_first_order_dt2p5/output_0000/water_tag_closure.csv.
└ @ ClimaAtmos ~/git/ClimaAtmosResiDyn.jl/src/parameterized_tendencies/tagged_tracers/tagged_tracers.jl:590
┌ Warning: water tag closure residual 5.9355193221910675e-6 exceeds the configured tolerance 1.0e-10 at t = 2015.0 s. The tags no longer account for the field they partition; see output/a2_first_order_dt2p5/output_0000/water_tag_closure.csv.
└ @ ClimaAtmos ~/git/ClimaAtmosResiDyn.jl/src/parameterized_tendencies/tagged_tracers/tagged_tracers.jl:590
┌ Warning: water tag closure residual 5.935335637990415e-6 exceeds the configured tolerance 1.0e-10 at t = 2017.5 s. The tags no longer account for the field they partition; see output/a2_first_order_dt2p5/output_0000/water_tag_closure.csv.
└ @ ClimaAtmos ~/git/ClimaAtmosResiDyn.jl/src/parameterized_tendencies/tagged_tracers/tagged_tracers.jl:590
┌ Warning: water tag closure residual 5.93515202483565e-6 exceeds the configured tolerance 1.0e-10 at t = 2020.0 s. The tags no longer account for the field they partition; see output/a2_first_order_dt2p5/output_0000/water_tag_closure.csv.
└ @ ClimaAtmos ~/git/ClimaAtmosResiDyn.jl/src/parameterized_tendencies/tagged_tracers/tagged_tracers.jl:590
┌ Warning: water tag closure residual 5.934968482605616e-6 exceeds the configured tolerance 1.0e-10 at t = 2022.5 s. The tags no longer account for the field they partition; see output/a2_first_order_dt2p5/output_0000/water_tag_closure.csv.
└ @ ClimaAtmos ~/git/ClimaAtmosResiDyn.jl/src/parameterized_tendencies/tagged_tracers/tagged_tracers.jl:590
┌ Warning: water tag closure residual 5.934785011178327e-6 exceeds the configured tolerance 1.0e-10 at t = 2025.0 s. The tags no longer account for the field they partition; see output/a2_first_order_dt2p5/output_0000/water_tag_closure.csv.
└ @ ClimaAtmos ~/git/ClimaAtmosResiDyn.jl/src/parameterized_tendencies/tagged_tracers/tagged_tracers.jl:590
┌ Warning: water tag closure residual 5.934601610912194e-6 exceeds the configured tolerance 1.0e-10 at t = 2027.5 s. The tags no longer account for the field they partition; see output/a2_first_order_dt2p5/output_0000/water_tag_closure.csv.
└ @ ClimaAtmos ~/git/ClimaAtmosResiDyn.jl/src/parameterized_tendencies/tagged_tracers/tagged_tracers.jl:590
┌ Warning: water tag closure residual 5.934418281588794e-6 exceeds the configured tolerance 1.0e-10 at t = 2030.0 s. The tags no longer account for the field they partition; see output/a2_first_order_dt2p5/output_0000/water_tag_closure.csv.
└ @ ClimaAtmos ~/git/ClimaAtmosResiDyn.jl/src/parameterized_tendencies/tagged_tracers/tagged_tracers.jl:590
┌ Warning: water tag closure residual 5.934235023227028e-6 exceeds the configured tolerance 1.0e-10 at t = 2032.5 s. The tags no longer account for the field they partition; see output/a2_first_order_dt2p5/output_0000/water_tag_closure.csv.
└ @ ClimaAtmos ~/git/ClimaAtmosResiDyn.jl/src/parameterized_tendencies/tagged_tracers/tagged_tracers.jl:590
┌ Warning: water tag closure residual 5.934051835559426e-6 exceeds the configured tolerance 1.0e-10 at t = 2035.0 s. The tags no longer account for the field they partition; see output/a2_first_order_dt2p5/output_0000/water_tag_closure.csv.
└ @ ClimaAtmos ~/git/ClimaAtmosResiDyn.jl/src/parameterized_tendencies/tagged_tracers/tagged_tracers.jl:590
┌ Warning: water tag closure residual 5.933868718673386e-6 exceeds the configured tolerance 1.0e-10 at t = 2037.5 s. The tags no longer account for the field they partition; see output/a2_first_order_dt2p5/output_0000/water_tag_closure.csv.
└ @ ClimaAtmos ~/git/ClimaAtmosResiDyn.jl/src/parameterized_tendencies/tagged_tracers/tagged_tracers.jl:590
┌ Warning: water tag closure residual 5.933685672423893e-6 exceeds the configured tolerance 1.0e-10 at t = 2040.0 s. The tags no longer account for the field they partition; see output/a2_first_order_dt2p5/output_0000/water_tag_closure.csv.
└ @ ClimaAtmos ~/git/ClimaAtmosResiDyn.jl/src/parameterized_tendencies/tagged_tracers/tagged_tracers.jl:590
┌ Warning: water tag closure residual 5.933502696735256e-6 exceeds the configured tolerance 1.0e-10 at t = 2042.5 s. The tags no longer account for the field they partition; see output/a2_first_order_dt2p5/output_0000/water_tag_closure.csv.
└ @ ClimaAtmos ~/git/ClimaAtmosResiDyn.jl/src/parameterized_tendencies/tagged_tracers/tagged_tracers.jl:590
┌ Warning: water tag closure residual 5.9333197913703236e-6 exceeds the configured tolerance 1.0e-10 at t = 2045.0 s. The tags no longer account for the field they partition; see output/a2_first_order_dt2p5/output_0000/water_tag_closure.csv.
└ @ ClimaAtmos ~/git/ClimaAtmosResiDyn.jl/src/parameterized_tendencies/tagged_tracers/tagged_tracers.jl:590
┌ Warning: water tag closure residual 5.9331369564004406e-6 exceeds the configured tolerance 1.0e-10 at t = 2047.5 s. The tags no longer account for the field they partition; see output/a2_first_order_dt2p5/output_0000/water_tag_closure.csv.
└ @ ClimaAtmos ~/git/ClimaAtmosResiDyn.jl/src/parameterized_tendencies/tagged_tracers/tagged_tracers.jl:590
┌ Warning: water tag closure residual 5.932954191650386e-6 exceeds the configured tolerance 1.0e-10 at t = 2050.0 s. The tags no longer account for the field they partition; see output/a2_first_order_dt2p5/output_0000/water_tag_closure.csv.
└ @ ClimaAtmos ~/git/ClimaAtmosResiDyn.jl/src/parameterized_tendencies/tagged_tracers/tagged_tracers.jl:590
┌ Warning: water tag closure residual 5.932771497130352e-6 exceeds the configured tolerance 1.0e-10 at t = 2052.5 s. The tags no longer account for the field they partition; see output/a2_first_order_dt2p5/output_0000/water_tag_closure.csv.
└ @ ClimaAtmos ~/git/ClimaAtmosResiDyn.jl/src/parameterized_tendencies/tagged_tracers/tagged_tracers.jl:590
┌ Warning: water tag closure residual 5.9325888726798134e-6 exceeds the configured tolerance 1.0e-10 at t = 2055.0 s. The tags no longer account for the field they partition; see output/a2_first_order_dt2p5/output_0000/water_tag_closure.csv.
└ @ ClimaAtmos ~/git/ClimaAtmosResiDyn.jl/src/parameterized_tendencies/tagged_tracers/tagged_tracers.jl:590
┌ Warning: water tag closure residual 5.9324063181398015e-6 exceeds the configured tolerance 1.0e-10 at t = 2057.5 s. The tags no longer account for the field they partition; see output/a2_first_order_dt2p5/output_0000/water_tag_closure.csv.
└ @ ClimaAtmos ~/git/ClimaAtmosResiDyn.jl/src/parameterized_tendencies/tagged_tracers/tagged_tracers.jl:590
┌ Warning: water tag closure residual 5.93222383345069e-6 exceeds the configured tolerance 1.0e-10 at t = 2060.0 s. The tags no longer account for the field they partition; see output/a2_first_order_dt2p5/output_0000/water_tag_closure.csv.
└ @ ClimaAtmos ~/git/ClimaAtmosResiDyn.jl/src/parameterized_tendencies/tagged_tracers/tagged_tracers.jl:590
┌ Warning: water tag closure residual 5.932041418550543e-6 exceeds the configured tolerance 1.0e-10 at t = 2062.5 s. The tags no longer account for the field they partition; see output/a2_first_order_dt2p5/output_0000/water_tag_closure.csv.
└ @ ClimaAtmos ~/git/ClimaAtmosResiDyn.jl/src/parameterized_tendencies/tagged_tracers/tagged_tracers.jl:590
┌ Warning: water tag closure residual 5.931859073402785e-6 exceeds the configured tolerance 1.0e-10 at t = 2065.0 s. The tags no longer account for the field they partition; see output/a2_first_order_dt2p5/output_0000/water_tag_closure.csv.
└ @ ClimaAtmos ~/git/ClimaAtmosResiDyn.jl/src/parameterized_tendencies/tagged_tracers/tagged_tracers.jl:590
┌ Warning: water tag closure residual 5.931676797863251e-6 exceeds the configured tolerance 1.0e-10 at t = 2067.5 s. The tags no longer account for the field they partition; see output/a2_first_order_dt2p5/output_0000/water_tag_closure.csv.
└ @ ClimaAtmos ~/git/ClimaAtmosResiDyn.jl/src/parameterized_tendencies/tagged_tracers/tagged_tracers.jl:590
┌ Warning: water tag closure residual 5.93149459200298e-6 exceeds the configured tolerance 1.0e-10 at t = 2070.0 s. The tags no longer account for the field they partition; see output/a2_first_order_dt2p5/output_0000/water_tag_closure.csv.
└ @ ClimaAtmos ~/git/ClimaAtmosResiDyn.jl/src/parameterized_tendencies/tagged_tracers/tagged_tracers.jl:590
┌ Warning: water tag closure residual 5.931312455575898e-6 exceeds the configured tolerance 1.0e-10 at t = 2072.5 s. The tags no longer account for the field they partition; see output/a2_first_order_dt2p5/output_0000/water_tag_closure.csv.
└ @ ClimaAtmos ~/git/ClimaAtmosResiDyn.jl/src/parameterized_tendencies/tagged_tracers/tagged_tracers.jl:590
┌ Warning: water tag closure residual 5.9311303884460505e-6 exceeds the configured tolerance 1.0e-10 at t = 2075.0 s. The tags no longer account for the field they partition; see output/a2_first_order_dt2p5/output_0000/water_tag_closure.csv.
└ @ ClimaAtmos ~/git/ClimaAtmosResiDyn.jl/src/parameterized_tendencies/tagged_tracers/tagged_tracers.jl:590
┌ Warning: water tag closure residual 5.9309484045303545e-6 exceeds the configured tolerance 1.0e-10 at t = 2077.5 s. The tags no longer account for the field they partition; see output/a2_first_order_dt2p5/output_0000/water_tag_closure.csv.
└ @ ClimaAtmos ~/git/ClimaAtmosResiDyn.jl/src/parameterized_tendencies/tagged_tracers/tagged_tracers.jl:590
┌ Warning: water tag closure residual 5.930766501291592e-6 exceeds the configured tolerance 1.0e-10 at t = 2080.0 s. The tags no longer account for the field they partition; see output/a2_first_order_dt2p5/output_0000/water_tag_closure.csv.
└ @ ClimaAtmos ~/git/ClimaAtmosResiDyn.jl/src/parameterized_tendencies/tagged_tracers/tagged_tracers.jl:590
┌ Warning: water tag closure residual 5.930584659803792e-6 exceeds the configured tolerance 1.0e-10 at t = 2082.5 s. The tags no longer account for the field they partition; see output/a2_first_order_dt2p5/output_0000/water_tag_closure.csv.
└ @ ClimaAtmos ~/git/ClimaAtmosResiDyn.jl/src/parameterized_tendencies/tagged_tracers/tagged_tracers.jl:590
┌ Warning: water tag closure residual 5.930402878215867e-6 exceeds the configured tolerance 1.0e-10 at t = 2085.0 s. The tags no longer account for the field they partition; see output/a2_first_order_dt2p5/output_0000/water_tag_closure.csv.
└ @ ClimaAtmos ~/git/ClimaAtmosResiDyn.jl/src/parameterized_tendencies/tagged_tracers/tagged_tracers.jl:590
┌ Warning: water tag closure residual 5.930221173102366e-6 exceeds the configured tolerance 1.0e-10 at t = 2087.5 s. The tags no longer account for the field they partition; see output/a2_first_order_dt2p5/output_0000/water_tag_closure.csv.
└ @ ClimaAtmos ~/git/ClimaAtmosResiDyn.jl/src/parameterized_tendencies/tagged_tracers/tagged_tracers.jl:590
┌ Warning: water tag closure residual 5.930039542999188e-6 exceeds the configured tolerance 1.0e-10 at t = 2090.0 s. The tags no longer account for the field they partition; see output/a2_first_order_dt2p5/output_0000/water_tag_closure.csv.
└ @ ClimaAtmos ~/git/ClimaAtmosResiDyn.jl/src/parameterized_tendencies/tagged_tracers/tagged_tracers.jl:590
┌ Warning: water tag closure residual 5.929857974499133e-6 exceeds the configured tolerance 1.0e-10 at t = 2092.5 s. The tags no longer account for the field they partition; see output/a2_first_order_dt2p5/output_0000/water_tag_closure.csv.
└ @ ClimaAtmos ~/git/ClimaAtmosResiDyn.jl/src/parameterized_tendencies/tagged_tracers/tagged_tracers.jl:590
┌ Warning: water tag closure residual 5.929676470826634e-6 exceeds the configured tolerance 1.0e-10 at t = 2095.0 s. The tags no longer account for the field they partition; see output/a2_first_order_dt2p5/output_0000/water_tag_closure.csv.
└ @ ClimaAtmos ~/git/ClimaAtmosResiDyn.jl/src/parameterized_tendencies/tagged_tracers/tagged_tracers.jl:590
┌ Warning: water tag closure residual 5.92949504247202e-6 exceeds the configured tolerance 1.0e-10 at t = 2097.5 s. The tags no longer account for the field they partition; see output/a2_first_order_dt2p5/output_0000/water_tag_closure.csv.
└ @ ClimaAtmos ~/git/ClimaAtmosResiDyn.jl/src/parameterized_tendencies/tagged_tracers/tagged_tracers.jl:590
┌ Warning: water tag closure residual 5.929313684312289e-6 exceeds the configured tolerance 1.0e-10 at t = 2100.0 s. The tags no longer account for the field they partition; see output/a2_first_order_dt2p5/output_0000/water_tag_closure.csv.
└ @ ClimaAtmos ~/git/ClimaAtmosResiDyn.jl/src/parameterized_tendencies/tagged_tracers/tagged_tracers.jl:590
┌ Warning: water tag closure residual 5.929132389004809e-6 exceeds the configured tolerance 1.0e-10 at t = 2102.5 s. The tags no longer account for the field they partition; see output/a2_first_order_dt2p5/output_0000/water_tag_closure.csv.
└ @ ClimaAtmos ~/git/ClimaAtmosResiDyn.jl/src/parameterized_tendencies/tagged_tracers/tagged_tracers.jl:590
┌ Warning: water tag closure residual 5.9289511615268745e-6 exceeds the configured tolerance 1.0e-10 at t = 2105.0 s. The tags no longer account for the field they partition; see output/a2_first_order_dt2p5/output_0000/water_tag_closure.csv.
└ @ ClimaAtmos ~/git/ClimaAtmosResiDyn.jl/src/parameterized_tendencies/tagged_tracers/tagged_tracers.jl:590
┌ Warning: water tag closure residual 5.928770006952673e-6 exceeds the configured tolerance 1.0e-10 at t = 2107.5 s. The tags no longer account for the field they partition; see output/a2_first_order_dt2p5/output_0000/water_tag_closure.csv.
└ @ ClimaAtmos ~/git/ClimaAtmosResiDyn.jl/src/parameterized_tendencies/tagged_tracers/tagged_tracers.jl:590
┌ Warning: water tag closure residual 5.928588920097635e-6 exceeds the configured tolerance 1.0e-10 at t = 2110.0 s. The tags no longer account for the field they partition; see output/a2_first_order_dt2p5/output_0000/water_tag_closure.csv.
└ @ ClimaAtmos ~/git/ClimaAtmosResiDyn.jl/src/parameterized_tendencies/tagged_tracers/tagged_tracers.jl:590
┌ Warning: water tag closure residual 5.9284078976185255e-6 exceeds the configured tolerance 1.0e-10 at t = 2112.5 s. The tags no longer account for the field they partition; see output/a2_first_order_dt2p5/output_0000/water_tag_closure.csv.
└ @ ClimaAtmos ~/git/ClimaAtmosResiDyn.jl/src/parameterized_tendencies/tagged_tracers/tagged_tracers.jl:590
┌ Warning: water tag closure residual 5.928226944124455e-6 exceeds the configured tolerance 1.0e-10 at t = 2115.0 s. The tags no longer account for the field they partition; see output/a2_first_order_dt2p5/output_0000/water_tag_closure.csv.
└ @ ClimaAtmos ~/git/ClimaAtmosResiDyn.jl/src/parameterized_tendencies/tagged_tracers/tagged_tracers.jl:590
┌ Warning: water tag closure residual 5.928046061231177e-6 exceeds the configured tolerance 1.0e-10 at t = 2117.5 s. The tags no longer account for the field they partition; see output/a2_first_order_dt2p5/output_0000/water_tag_closure.csv.
└ @ ClimaAtmos ~/git/ClimaAtmosResiDyn.jl/src/parameterized_tendencies/tagged_tracers/tagged_tracers.jl:590
┌ Warning: water tag closure residual 5.927865244947246e-6 exceeds the configured tolerance 1.0e-10 at t = 2120.0 s. The tags no longer account for the field they partition; see output/a2_first_order_dt2p5/output_0000/water_tag_closure.csv.
└ @ ClimaAtmos ~/git/ClimaAtmosResiDyn.jl/src/parameterized_tendencies/tagged_tracers/tagged_tracers.jl:590
┌ Warning: water tag closure residual 5.92768449432486e-6 exceeds the configured tolerance 1.0e-10 at t = 2122.5 s. The tags no longer account for the field they partition; see output/a2_first_order_dt2p5/output_0000/water_tag_closure.csv.
└ @ ClimaAtmos ~/git/ClimaAtmosResiDyn.jl/src/parameterized_tendencies/tagged_tracers/tagged_tracers.jl:590
┌ Warning: water tag closure residual 5.927503812787676e-6 exceeds the configured tolerance 1.0e-10 at t = 2125.0 s. The tags no longer account for the field they partition; see output/a2_first_order_dt2p5/output_0000/water_tag_closure.csv.
└ @ ClimaAtmos ~/git/ClimaAtmosResiDyn.jl/src/parameterized_tendencies/tagged_tracers/tagged_tracers.jl:590
┌ Warning: water tag closure residual 5.927323200289491e-6 exceeds the configured tolerance 1.0e-10 at t = 2127.5 s. The tags no longer account for the field they partition; see output/a2_first_order_dt2p5/output_0000/water_tag_closure.csv.
└ @ ClimaAtmos ~/git/ClimaAtmosResiDyn.jl/src/parameterized_tendencies/tagged_tracers/tagged_tracers.jl:590
┌ Warning: water tag closure residual 5.927142653712107e-6 exceeds the configured tolerance 1.0e-10 at t = 2130.0 s. The tags no longer account for the field they partition; see output/a2_first_order_dt2p5/output_0000/water_tag_closure.csv.
└ @ ClimaAtmos ~/git/ClimaAtmosResiDyn.jl/src/parameterized_tendencies/tagged_tracers/tagged_tracers.jl:590
┌ Warning: water tag closure residual 5.92696217365626e-6 exceeds the configured tolerance 1.0e-10 at t = 2132.5 s. The tags no longer account for the field they partition; see output/a2_first_order_dt2p5/output_0000/water_tag_closure.csv.
└ @ ClimaAtmos ~/git/ClimaAtmosResiDyn.jl/src/parameterized_tendencies/tagged_tracers/tagged_tracers.jl:590
┌ Warning: water tag closure residual 5.926781762300275e-6 exceeds the configured tolerance 1.0e-10 at t = 2135.0 s. The tags no longer account for the field they partition; see output/a2_first_order_dt2p5/output_0000/water_tag_closure.csv.
└ @ ClimaAtmos ~/git/ClimaAtmosResiDyn.jl/src/parameterized_tendencies/tagged_tracers/tagged_tracers.jl:590
┌ Warning: water tag closure residual 5.926601418594021e-6 exceeds the configured tolerance 1.0e-10 at t = 2137.5 s. The tags no longer account for the field they partition; see output/a2_first_order_dt2p5/output_0000/water_tag_closure.csv.
└ @ ClimaAtmos ~/git/ClimaAtmosResiDyn.jl/src/parameterized_tendencies/tagged_tracers/tagged_tracers.jl:590
┌ Warning: water tag closure residual 5.926421140994103e-6 exceeds the configured tolerance 1.0e-10 at t = 2140.0 s. The tags no longer account for the field they partition; see output/a2_first_order_dt2p5/output_0000/water_tag_closure.csv.
└ @ ClimaAtmos ~/git/ClimaAtmosResiDyn.jl/src/parameterized_tendencies/tagged_tracers/tagged_tracers.jl:590
┌ Warning: water tag closure residual 5.926240930307121e-6 exceeds the configured tolerance 1.0e-10 at t = 2142.5 s. The tags no longer account for the field they partition; see output/a2_first_order_dt2p5/output_0000/water_tag_closure.csv.
└ @ ClimaAtmos ~/git/ClimaAtmosResiDyn.jl/src/parameterized_tendencies/tagged_tracers/tagged_tracers.jl:590
┌ Warning: water tag closure residual 5.926060787430134e-6 exceeds the configured tolerance 1.0e-10 at t = 2145.0 s. The tags no longer account for the field they partition; see output/a2_first_order_dt2p5/output_0000/water_tag_closure.csv.
└ @ ClimaAtmos ~/git/ClimaAtmosResiDyn.jl/src/parameterized_tendencies/tagged_tracers/tagged_tracers.jl:590
┌ Warning: water tag closure residual 5.92588071155264e-6 exceeds the configured tolerance 1.0e-10 at t = 2147.5 s. The tags no longer account for the field they partition; see output/a2_first_order_dt2p5/output_0000/water_tag_closure.csv.
└ @ ClimaAtmos ~/git/ClimaAtmosResiDyn.jl/src/parameterized_tendencies/tagged_tracers/tagged_tracers.jl:590
┌ Warning: water tag closure residual 5.925700701706108e-6 exceeds the configured tolerance 1.0e-10 at t = 2150.0 s. The tags no longer account for the field they partition; see output/a2_first_order_dt2p5/output_0000/water_tag_closure.csv.
└ @ ClimaAtmos ~/git/ClimaAtmosResiDyn.jl/src/parameterized_tendencies/tagged_tracers/tagged_tracers.jl:590
┌ Warning: water tag closure residual 5.925520758710093e-6 exceeds the configured tolerance 1.0e-10 at t = 2152.5 s. The tags no longer account for the field they partition; see output/a2_first_order_dt2p5/output_0000/water_tag_closure.csv.
└ @ ClimaAtmos ~/git/ClimaAtmosResiDyn.jl/src/parameterized_tendencies/tagged_tracers/tagged_tracers.jl:590
┌ Warning: water tag closure residual 5.925340882906479e-6 exceeds the configured tolerance 1.0e-10 at t = 2155.0 s. The tags no longer account for the field they partition; see output/a2_first_order_dt2p5/output_0000/water_tag_closure.csv.
└ @ ClimaAtmos ~/git/ClimaAtmosResiDyn.jl/src/parameterized_tendencies/tagged_tracers/tagged_tracers.jl:590
┌ Warning: water tag closure residual 5.925161073508605e-6 exceeds the configured tolerance 1.0e-10 at t = 2157.5 s. The tags no longer account for the field they partition; see output/a2_first_order_dt2p5/output_0000/water_tag_closure.csv.
└ @ ClimaAtmos ~/git/ClimaAtmosResiDyn.jl/src/parameterized_tendencies/tagged_tracers/tagged_tracers.jl:590
┌ Warning: water tag closure residual 5.924981330357677e-6 exceeds the configured tolerance 1.0e-10 at t = 2160.0 s. The tags no longer account for the field they partition; see output/a2_first_order_dt2p5/output_0000/water_tag_closure.csv.
└ @ ClimaAtmos ~/git/ClimaAtmosResiDyn.jl/src/parameterized_tendencies/tagged_tracers/tagged_tracers.jl:590
┌ Warning: water tag closure residual 5.924801653692687e-6 exceeds the configured tolerance 1.0e-10 at t = 2162.5 s. The tags no longer account for the field they partition; see output/a2_first_order_dt2p5/output_0000/water_tag_closure.csv.
└ @ ClimaAtmos ~/git/ClimaAtmosResiDyn.jl/src/parameterized_tendencies/tagged_tracers/tagged_tracers.jl:590
┌ Warning: water tag closure residual 5.924622043768476e-6 exceeds the configured tolerance 1.0e-10 at t = 2165.0 s. The tags no longer account for the field they partition; see output/a2_first_order_dt2p5/output_0000/water_tag_closure.csv.
└ @ ClimaAtmos ~/git/ClimaAtmosResiDyn.jl/src/parameterized_tendencies/tagged_tracers/tagged_tracers.jl:590
┌ Warning: water tag closure residual 5.924442499773261e-6 exceeds the configured tolerance 1.0e-10 at t = 2167.5 s. The tags no longer account for the field they partition; see output/a2_first_order_dt2p5/output_0000/water_tag_closure.csv.
└ @ ClimaAtmos ~/git/ClimaAtmosResiDyn.jl/src/parameterized_tendencies/tagged_tracers/tagged_tracers.jl:590
┌ Warning: water tag closure residual 5.924263021794817e-6 exceeds the configured tolerance 1.0e-10 at t = 2170.0 s. The tags no longer account for the field they partition; see output/a2_first_order_dt2p5/output_0000/water_tag_closure.csv.
└ @ ClimaAtmos ~/git/ClimaAtmosResiDyn.jl/src/parameterized_tendencies/tagged_tracers/tagged_tracers.jl:590
┌ Warning: water tag closure residual 5.924083610100557e-6 exceeds the configured tolerance 1.0e-10 at t = 2172.5 s. The tags no longer account for the field they partition; see output/a2_first_order_dt2p5/output_0000/water_tag_closure.csv.
└ @ ClimaAtmos ~/git/ClimaAtmosResiDyn.jl/src/parameterized_tendencies/tagged_tracers/tagged_tracers.jl:590
┌ Warning: water tag closure residual 5.923904264537388e-6 exceeds the configured tolerance 1.0e-10 at t = 2175.0 s. The tags no longer account for the field they partition; see output/a2_first_order_dt2p5/output_0000/water_tag_closure.csv.
└ @ ClimaAtmos ~/git/ClimaAtmosResiDyn.jl/src/parameterized_tendencies/tagged_tracers/tagged_tracers.jl:590
┌ Warning: water tag closure residual 5.92372498461137e-6 exceeds the configured tolerance 1.0e-10 at t = 2177.5 s. The tags no longer account for the field they partition; see output/a2_first_order_dt2p5/output_0000/water_tag_closure.csv.
└ @ ClimaAtmos ~/git/ClimaAtmosResiDyn.jl/src/parameterized_tendencies/tagged_tracers/tagged_tracers.jl:590
┌ Warning: water tag closure residual 5.9235457706145376e-6 exceeds the configured tolerance 1.0e-10 at t = 2180.0 s. The tags no longer account for the field they partition; see output/a2_first_order_dt2p5/output_0000/water_tag_closure.csv.
└ @ ClimaAtmos ~/git/ClimaAtmosResiDyn.jl/src/parameterized_tendencies/tagged_tracers/tagged_tracers.jl:590
┌ Warning: water tag closure residual 5.923366622622288e-6 exceeds the configured tolerance 1.0e-10 at t = 2182.5 s. The tags no longer account for the field they partition; see output/a2_first_order_dt2p5/output_0000/water_tag_closure.csv.
└ @ ClimaAtmos ~/git/ClimaAtmosResiDyn.jl/src/parameterized_tendencies/tagged_tracers/tagged_tracers.jl:590
┌ Warning: water tag closure residual 5.923187540296391e-6 exceeds the configured tolerance 1.0e-10 at t = 2185.0 s. The tags no longer account for the field they partition; see output/a2_first_order_dt2p5/output_0000/water_tag_closure.csv.
└ @ ClimaAtmos ~/git/ClimaAtmosResiDyn.jl/src/parameterized_tendencies/tagged_tracers/tagged_tracers.jl:590
┌ Warning: water tag closure residual 5.9230085233768725e-6 exceeds the configured tolerance 1.0e-10 at t = 2187.5 s. The tags no longer account for the field they partition; see output/a2_first_order_dt2p5/output_0000/water_tag_closure.csv.
└ @ ClimaAtmos ~/git/ClimaAtmosResiDyn.jl/src/parameterized_tendencies/tagged_tracers/tagged_tracers.jl:590
┌ Warning: water tag closure residual 5.922829572035117e-6 exceeds the configured tolerance 1.0e-10 at t = 2190.0 s. The tags no longer account for the field they partition; see output/a2_first_order_dt2p5/output_0000/water_tag_closure.csv.
└ @ ClimaAtmos ~/git/ClimaAtmosResiDyn.jl/src/parameterized_tendencies/tagged_tracers/tagged_tracers.jl:590
┌ Warning: water tag closure residual 5.922650686317602e-6 exceeds the configured tolerance 1.0e-10 at t = 2192.5 s. The tags no longer account for the field they partition; see output/a2_first_order_dt2p5/output_0000/water_tag_closure.csv.
└ @ ClimaAtmos ~/git/ClimaAtmosResiDyn.jl/src/parameterized_tendencies/tagged_tracers/tagged_tracers.jl:590
┌ Info: Progress
│   simulation_time = "36 minutes, 32 seconds"
│   n_steps_completed = 877
│   wall_time_per_step = "4 milliseconds, 223 microseconds"
│   wall_time_total = "6 seconds, 82 milliseconds"
│   wall_time_remaining = "2 seconds, 378 milliseconds"
│   wall_time_spent = "3 seconds, 704 milliseconds"
│   percent_complete = "60.9%"
│   estimated_sypd = "1.62"
│   instantaneous_sypd = "2.154"
│   date_now = 2026-09-10T00:49:37.617
└   estimated_finish_date = 2026-09-10T00:49:40.617
┌ Warning: water tag closure residual 5.9224718659564175e-6 exceeds the configured tolerance 1.0e-10 at t = 2195.0 s. The tags no longer account for the field they partition; see output/a2_first_order_dt2p5/output_0000/water_tag_closure.csv.
└ @ ClimaAtmos ~/git/ClimaAtmosResiDyn.jl/src/parameterized_tendencies/tagged_tracers/tagged_tracers.jl:590
┌ Warning: water tag closure residual 5.922293110721524e-6 exceeds the configured tolerance 1.0e-10 at t = 2197.5 s. The tags no longer account for the field they partition; see output/a2_first_order_dt2p5/output_0000/water_tag_closure.csv.
└ @ ClimaAtmos ~/git/ClimaAtmosResiDyn.jl/src/parameterized_tendencies/tagged_tracers/tagged_tracers.jl:590
┌ Warning: water tag closure residual 5.922114420804324e-6 exceeds the configured tolerance 1.0e-10 at t = 2200.0 s. The tags no longer account for the field they partition; see output/a2_first_order_dt2p5/output_0000/water_tag_closure.csv.
└ @ ClimaAtmos ~/git/ClimaAtmosResiDyn.jl/src/parameterized_tendencies/tagged_tracers/tagged_tracers.jl:590
┌ Warning: water tag closure residual 5.9219357960779624e-6 exceeds the configured tolerance 1.0e-10 at t = 2202.5 s. The tags no longer account for the field they partition; see output/a2_first_order_dt2p5/output_0000/water_tag_closure.csv.
└ @ ClimaAtmos ~/git/ClimaAtmosResiDyn.jl/src/parameterized_tendencies/tagged_tracers/tagged_tracers.jl:590
┌ Warning: water tag closure residual 5.921757236364338e-6 exceeds the configured tolerance 1.0e-10 at t = 2205.0 s. The tags no longer account for the field they partition; see output/a2_first_order_dt2p5/output_0000/water_tag_closure.csv.
└ @ ClimaAtmos ~/git/ClimaAtmosResiDyn.jl/src/parameterized_tendencies/tagged_tracers/tagged_tracers.jl:590
┌ Warning: water tag closure residual 5.921578741607701e-6 exceeds the configured tolerance 1.0e-10 at t = 2207.5 s. The tags no longer account for the field they partition; see output/a2_first_order_dt2p5/output_0000/water_tag_closure.csv.
└ @ ClimaAtmos ~/git/ClimaAtmosResiDyn.jl/src/parameterized_tendencies/tagged_tracers/tagged_tracers.jl:590
┌ Warning: water tag closure residual 5.921400311824927e-6 exceeds the configured tolerance 1.0e-10 at t = 2210.0 s. The tags no longer account for the field they partition; see output/a2_first_order_dt2p5/output_0000/water_tag_closure.csv.
└ @ ClimaAtmos ~/git/ClimaAtmosResiDyn.jl/src/parameterized_tendencies/tagged_tracers/tagged_tracers.jl:590
┌ Warning: water tag closure residual 5.921221946891944e-6 exceeds the configured tolerance 1.0e-10 at t = 2212.5 s. The tags no longer account for the field they partition; see output/a2_first_order_dt2p5/output_0000/water_tag_closure.csv.
└ @ ClimaAtmos ~/git/ClimaAtmosResiDyn.jl/src/parameterized_tendencies/tagged_tracers/tagged_tracers.jl:590
┌ Warning: water tag closure residual 5.921043646688782e-6 exceeds the configured tolerance 1.0e-10 at t = 2215.0 s. The tags no longer account for the field they partition; see output/a2_first_order_dt2p5/output_0000/water_tag_closure.csv.
└ @ ClimaAtmos ~/git/ClimaAtmosResiDyn.jl/src/parameterized_tendencies/tagged_tracers/tagged_tracers.jl:590
┌ Warning: water tag closure residual 5.920865411160605e-6 exceeds the configured tolerance 1.0e-10 at t = 2217.5 s. The tags no longer account for the field they partition; see output/a2_first_order_dt2p5/output_0000/water_tag_closure.csv.
└ @ ClimaAtmos ~/git/ClimaAtmosResiDyn.jl/src/parameterized_tendencies/tagged_tracers/tagged_tracers.jl:590
┌ Warning: water tag closure residual 5.920687240163285e-6 exceeds the configured tolerance 1.0e-10 at t = 2220.0 s. The tags no longer account for the field they partition; see output/a2_first_order_dt2p5/output_0000/water_tag_closure.csv.
└ @ ClimaAtmos ~/git/ClimaAtmosResiDyn.jl/src/parameterized_tendencies/tagged_tracers/tagged_tracers.jl:590
┌ Warning: water tag closure residual 5.9205091337128285e-6 exceeds the configured tolerance 1.0e-10 at t = 2222.5 s. The tags no longer account for the field they partition; see output/a2_first_order_dt2p5/output_0000/water_tag_closure.csv.
└ @ ClimaAtmos ~/git/ClimaAtmosResiDyn.jl/src/parameterized_tendencies/tagged_tracers/tagged_tracers.jl:590
┌ Warning: water tag closure residual 5.92033109165404e-6 exceeds the configured tolerance 1.0e-10 at t = 2225.0 s. The tags no longer account for the field they partition; see output/a2_first_order_dt2p5/output_0000/water_tag_closure.csv.
└ @ ClimaAtmos ~/git/ClimaAtmosResiDyn.jl/src/parameterized_tendencies/tagged_tracers/tagged_tracers.jl:590
┌ Warning: water tag closure residual 5.920153114062596e-6 exceeds the configured tolerance 1.0e-10 at t = 2227.5 s. The tags no longer account for the field they partition; see output/a2_first_order_dt2p5/output_0000/water_tag_closure.csv.
└ @ ClimaAtmos ~/git/ClimaAtmosResiDyn.jl/src/parameterized_tendencies/tagged_tracers/tagged_tracers.jl:590
┌ Warning: water tag closure residual 5.919975200793018e-6 exceeds the configured tolerance 1.0e-10 at t = 2230.0 s. The tags no longer account for the field they partition; see output/a2_first_order_dt2p5/output_0000/water_tag_closure.csv.
└ @ ClimaAtmos ~/git/ClimaAtmosResiDyn.jl/src/parameterized_tendencies/tagged_tracers/tagged_tracers.jl:590
┌ Warning: water tag closure residual 5.919797351734293e-6 exceeds the configured tolerance 1.0e-10 at t = 2232.5 s. The tags no longer account for the field they partition; see output/a2_first_order_dt2p5/output_0000/water_tag_closure.csv.
└ @ ClimaAtmos ~/git/ClimaAtmosResiDyn.jl/src/parameterized_tendencies/tagged_tracers/tagged_tracers.jl:590
┌ Warning: water tag closure residual 5.919619566801729e-6 exceeds the configured tolerance 1.0e-10 at t = 2235.0 s. The tags no longer account for the field they partition; see output/a2_first_order_dt2p5/output_0000/water_tag_closure.csv.
└ @ ClimaAtmos ~/git/ClimaAtmosResiDyn.jl/src/parameterized_tendencies/tagged_tracers/tagged_tracers.jl:590
┌ Warning: water tag closure residual 5.919441845932817e-6 exceeds the configured tolerance 1.0e-10 at t = 2237.5 s. The tags no longer account for the field they partition; see output/a2_first_order_dt2p5/output_0000/water_tag_closure.csv.
└ @ ClimaAtmos ~/git/ClimaAtmosResiDyn.jl/src/parameterized_tendencies/tagged_tracers/tagged_tracers.jl:590
┌ Warning: water tag closure residual 5.919264189033329e-6 exceeds the configured tolerance 1.0e-10 at t = 2240.0 s. The tags no longer account for the field they partition; see output/a2_first_order_dt2p5/output_0000/water_tag_closure.csv.
└ @ ClimaAtmos ~/git/ClimaAtmosResiDyn.jl/src/parameterized_tendencies/tagged_tracers/tagged_tracers.jl:590
┌ Warning: water tag closure residual 5.91908659615197e-6 exceeds the configured tolerance 1.0e-10 at t = 2242.5 s. The tags no longer account for the field they partition; see output/a2_first_order_dt2p5/output_0000/water_tag_closure.csv.
└ @ ClimaAtmos ~/git/ClimaAtmosResiDyn.jl/src/parameterized_tendencies/tagged_tracers/tagged_tracers.jl:590
┌ Warning: water tag closure residual 5.918909066982378e-6 exceeds the configured tolerance 1.0e-10 at t = 2245.0 s. The tags no longer account for the field they partition; see output/a2_first_order_dt2p5/output_0000/water_tag_closure.csv.
└ @ ClimaAtmos ~/git/ClimaAtmosResiDyn.jl/src/parameterized_tendencies/tagged_tracers/tagged_tracers.jl:590
┌ Warning: water tag closure residual 5.918731601307893e-6 exceeds the configured tolerance 1.0e-10 at t = 2247.5 s. The tags no longer account for the field they partition; see output/a2_first_order_dt2p5/output_0000/water_tag_closure.csv.
└ @ ClimaAtmos ~/git/ClimaAtmosResiDyn.jl/src/parameterized_tendencies/tagged_tracers/tagged_tracers.jl:590
┌ Warning: water tag closure residual 5.918554199249212e-6 exceeds the configured tolerance 1.0e-10 at t = 2250.0 s. The tags no longer account for the field they partition; see output/a2_first_order_dt2p5/output_0000/water_tag_closure.csv.
└ @ ClimaAtmos ~/git/ClimaAtmosResiDyn.jl/src/parameterized_tendencies/tagged_tracers/tagged_tracers.jl:590
┌ Warning: water tag closure residual 5.918376860656723e-6 exceeds the configured tolerance 1.0e-10 at t = 2252.5 s. The tags no longer account for the field they partition; see output/a2_first_order_dt2p5/output_0000/water_tag_closure.csv.
└ @ ClimaAtmos ~/git/ClimaAtmosResiDyn.jl/src/parameterized_tendencies/tagged_tracers/tagged_tracers.jl:590
┌ Warning: water tag closure residual 5.918199585485042e-6 exceeds the configured tolerance 1.0e-10 at t = 2255.0 s. The tags no longer account for the field they partition; see output/a2_first_order_dt2p5/output_0000/water_tag_closure.csv.
└ @ ClimaAtmos ~/git/ClimaAtmosResiDyn.jl/src/parameterized_tendencies/tagged_tracers/tagged_tracers.jl:590
┌ Warning: water tag closure residual 5.918022373569636e-6 exceeds the configured tolerance 1.0e-10 at t = 2257.5 s. The tags no longer account for the field they partition; see output/a2_first_order_dt2p5/output_0000/water_tag_closure.csv.
└ @ ClimaAtmos ~/git/ClimaAtmosResiDyn.jl/src/parameterized_tendencies/tagged_tracers/tagged_tracers.jl:590
┌ Warning: water tag closure residual 5.917845224943611e-6 exceeds the configured tolerance 1.0e-10 at t = 2260.0 s. The tags no longer account for the field they partition; see output/a2_first_order_dt2p5/output_0000/water_tag_closure.csv.
└ @ ClimaAtmos ~/git/ClimaAtmosResiDyn.jl/src/parameterized_tendencies/tagged_tracers/tagged_tracers.jl:590
┌ Warning: water tag closure residual 5.917668139419738e-6 exceeds the configured tolerance 1.0e-10 at t = 2262.5 s. The tags no longer account for the field they partition; see output/a2_first_order_dt2p5/output_0000/water_tag_closure.csv.
└ @ ClimaAtmos ~/git/ClimaAtmosResiDyn.jl/src/parameterized_tendencies/tagged_tracers/tagged_tracers.jl:590
┌ Warning: water tag closure residual 5.9174911170420005e-6 exceeds the configured tolerance 1.0e-10 at t = 2265.0 s. The tags no longer account for the field they partition; see output/a2_first_order_dt2p5/output_0000/water_tag_closure.csv.
└ @ ClimaAtmos ~/git/ClimaAtmosResiDyn.jl/src/parameterized_tendencies/tagged_tracers/tagged_tracers.jl:590
┌ Warning: water tag closure residual 5.917314157628464e-6 exceeds the configured tolerance 1.0e-10 at t = 2267.5 s. The tags no longer account for the field they partition; see output/a2_first_order_dt2p5/output_0000/water_tag_closure.csv.
└ @ ClimaAtmos ~/git/ClimaAtmosResiDyn.jl/src/parameterized_tendencies/tagged_tracers/tagged_tracers.jl:590
┌ Warning: water tag closure residual 5.917137261181751e-6 exceeds the configured tolerance 1.0e-10 at t = 2270.0 s. The tags no longer account for the field they partition; see output/a2_first_order_dt2p5/output_0000/water_tag_closure.csv.
└ @ ClimaAtmos ~/git/ClimaAtmosResiDyn.jl/src/parameterized_tendencies/tagged_tracers/tagged_tracers.jl:590
┌ Warning: water tag closure residual 5.91696042778041e-6 exceeds the configured tolerance 1.0e-10 at t = 2272.5 s. The tags no longer account for the field they partition; see output/a2_first_order_dt2p5/output_0000/water_tag_closure.csv.
└ @ ClimaAtmos ~/git/ClimaAtmosResiDyn.jl/src/parameterized_tendencies/tagged_tracers/tagged_tracers.jl:590
┌ Warning: water tag closure residual 5.916783656987496e-6 exceeds the configured tolerance 1.0e-10 at t = 2275.0 s. The tags no longer account for the field they partition; see output/a2_first_order_dt2p5/output_0000/water_tag_closure.csv.
└ @ ClimaAtmos ~/git/ClimaAtmosResiDyn.jl/src/parameterized_tendencies/tagged_tracers/tagged_tracers.jl:590
┌ Warning: water tag closure residual 5.9166069489110115e-6 exceeds the configured tolerance 1.0e-10 at t = 2277.5 s. The tags no longer account for the field they partition; see output/a2_first_order_dt2p5/output_0000/water_tag_closure.csv.
└ @ ClimaAtmos ~/git/ClimaAtmosResiDyn.jl/src/parameterized_tendencies/tagged_tracers/tagged_tracers.jl:590
┌ Warning: water tag closure residual 5.916430303454629e-6 exceeds the configured tolerance 1.0e-10 at t = 2280.0 s. The tags no longer account for the field they partition; see output/a2_first_order_dt2p5/output_0000/water_tag_closure.csv.
└ @ ClimaAtmos ~/git/ClimaAtmosResiDyn.jl/src/parameterized_tendencies/tagged_tracers/tagged_tracers.jl:590
┌ Warning: water tag closure residual 5.916253720690526e-6 exceeds the configured tolerance 1.0e-10 at t = 2282.5 s. The tags no longer account for the field they partition; see output/a2_first_order_dt2p5/output_0000/water_tag_closure.csv.
└ @ ClimaAtmos ~/git/ClimaAtmosResiDyn.jl/src/parameterized_tendencies/tagged_tracers/tagged_tracers.jl:590
┌ Warning: water tag closure residual 5.9160772004542725e-6 exceeds the configured tolerance 1.0e-10 at t = 2285.0 s. The tags no longer account for the field they partition; see output/a2_first_order_dt2p5/output_0000/water_tag_closure.csv.
└ @ ClimaAtmos ~/git/ClimaAtmosResiDyn.jl/src/parameterized_tendencies/tagged_tracers/tagged_tracers.jl:590
┌ Warning: water tag closure residual 5.915900742706601e-6 exceeds the configured tolerance 1.0e-10 at t = 2287.5 s. The tags no longer account for the field they partition; see output/a2_first_order_dt2p5/output_0000/water_tag_closure.csv.
└ @ ClimaAtmos ~/git/ClimaAtmosResiDyn.jl/src/parameterized_tendencies/tagged_tracers/tagged_tracers.jl:590
┌ Warning: water tag closure residual 5.915724347294594e-6 exceeds the configured tolerance 1.0e-10 at t = 2290.0 s. The tags no longer account for the field they partition; see output/a2_first_order_dt2p5/output_0000/water_tag_closure.csv.
└ @ ClimaAtmos ~/git/ClimaAtmosResiDyn.jl/src/parameterized_tendencies/tagged_tracers/tagged_tracers.jl:590
┌ Warning: water tag closure residual 5.915548014199881e-6 exceeds the configured tolerance 1.0e-10 at t = 2292.5 s. The tags no longer account for the field they partition; see output/a2_first_order_dt2p5/output_0000/water_tag_closure.csv.
└ @ ClimaAtmos ~/git/ClimaAtmosResiDyn.jl/src/parameterized_tendencies/tagged_tracers/tagged_tracers.jl:590
┌ Warning: water tag closure residual 5.9153717432616364e-6 exceeds the configured tolerance 1.0e-10 at t = 2295.0 s. The tags no longer account for the field they partition; see output/a2_first_order_dt2p5/output_0000/water_tag_closure.csv.
└ @ ClimaAtmos ~/git/ClimaAtmosResiDyn.jl/src/parameterized_tendencies/tagged_tracers/tagged_tracers.jl:590
┌ Warning: water tag closure residual 5.915195534478441e-6 exceeds the configured tolerance 1.0e-10 at t = 2297.5 s. The tags no longer account for the field they partition; see output/a2_first_order_dt2p5/output_0000/water_tag_closure.csv.
└ @ ClimaAtmos ~/git/ClimaAtmosResiDyn.jl/src/parameterized_tendencies/tagged_tracers/tagged_tracers.jl:590
┌ Warning: water tag closure residual 5.915019387798522e-6 exceeds the configured tolerance 1.0e-10 at t = 2300.0 s. The tags no longer account for the field they partition; see output/a2_first_order_dt2p5/output_0000/water_tag_closure.csv.
└ @ ClimaAtmos ~/git/ClimaAtmosResiDyn.jl/src/parameterized_tendencies/tagged_tracers/tagged_tracers.jl:590
┌ Warning: water tag closure residual 5.914843303090261e-6 exceeds the configured tolerance 1.0e-10 at t = 2302.5 s. The tags no longer account for the field they partition; see output/a2_first_order_dt2p5/output_0000/water_tag_closure.csv.
└ @ ClimaAtmos ~/git/ClimaAtmosResiDyn.jl/src/parameterized_tendencies/tagged_tracers/tagged_tracers.jl:590
┌ Warning: water tag closure residual 5.91466728021423e-6 exceeds the configured tolerance 1.0e-10 at t = 2305.0 s. The tags no longer account for the field they partition; see output/a2_first_order_dt2p5/output_0000/water_tag_closure.csv.
└ @ ClimaAtmos ~/git/ClimaAtmosResiDyn.jl/src/parameterized_tendencies/tagged_tracers/tagged_tracers.jl:590
┌ Warning: water tag closure residual 5.914491319404191e-6 exceeds the configured tolerance 1.0e-10 at t = 2307.5 s. The tags no longer account for the field they partition; see output/a2_first_order_dt2p5/output_0000/water_tag_closure.csv.
└ @ ClimaAtmos ~/git/ClimaAtmosResiDyn.jl/src/parameterized_tendencies/tagged_tracers/tagged_tracers.jl:590
┌ Warning: water tag closure residual 5.914315420570468e-6 exceeds the configured tolerance 1.0e-10 at t = 2310.0 s. The tags no longer account for the field they partition; see output/a2_first_order_dt2p5/output_0000/water_tag_closure.csv.
└ @ ClimaAtmos ~/git/ClimaAtmosResiDyn.jl/src/parameterized_tendencies/tagged_tracers/tagged_tracers.jl:590
┌ Warning: water tag closure residual 5.914139583736225e-6 exceeds the configured tolerance 1.0e-10 at t = 2312.5 s. The tags no longer account for the field they partition; see output/a2_first_order_dt2p5/output_0000/water_tag_closure.csv.
└ @ ClimaAtmos ~/git/ClimaAtmosResiDyn.jl/src/parameterized_tendencies/tagged_tracers/tagged_tracers.jl:590
┌ Warning: water tag closure residual 5.913963808478163e-6 exceeds the configured tolerance 1.0e-10 at t = 2315.0 s. The tags no longer account for the field they partition; see output/a2_first_order_dt2p5/output_0000/water_tag_closure.csv.
└ @ ClimaAtmos ~/git/ClimaAtmosResiDyn.jl/src/parameterized_tendencies/tagged_tracers/tagged_tracers.jl:590
┌ Warning: water tag closure residual 5.913788095056138e-6 exceeds the configured tolerance 1.0e-10 at t = 2317.5 s. The tags no longer account for the field they partition; see output/a2_first_order_dt2p5/output_0000/water_tag_closure.csv.
└ @ ClimaAtmos ~/git/ClimaAtmosResiDyn.jl/src/parameterized_tendencies/tagged_tracers/tagged_tracers.jl:590
┌ Warning: water tag closure residual 5.913612443279762e-6 exceeds the configured tolerance 1.0e-10 at t = 2320.0 s. The tags no longer account for the field they partition; see output/a2_first_order_dt2p5/output_0000/water_tag_closure.csv.
└ @ ClimaAtmos ~/git/ClimaAtmosResiDyn.jl/src/parameterized_tendencies/tagged_tracers/tagged_tracers.jl:590
┌ Warning: water tag closure residual 5.913436852955853e-6 exceeds the configured tolerance 1.0e-10 at t = 2322.5 s. The tags no longer account for the field they partition; see output/a2_first_order_dt2p5/output_0000/water_tag_closure.csv.
└ @ ClimaAtmos ~/git/ClimaAtmosResiDyn.jl/src/parameterized_tendencies/tagged_tracers/tagged_tracers.jl:590
┌ Warning: water tag closure residual 5.913261324070956e-6 exceeds the configured tolerance 1.0e-10 at t = 2325.0 s. The tags no longer account for the field they partition; see output/a2_first_order_dt2p5/output_0000/water_tag_closure.csv.
└ @ ClimaAtmos ~/git/ClimaAtmosResiDyn.jl/src/parameterized_tendencies/tagged_tracers/tagged_tracers.jl:590
┌ Warning: water tag closure residual 5.913085856639094e-6 exceeds the configured tolerance 1.0e-10 at t = 2327.5 s. The tags no longer account for the field they partition; see output/a2_first_order_dt2p5/output_0000/water_tag_closure.csv.
└ @ ClimaAtmos ~/git/ClimaAtmosResiDyn.jl/src/parameterized_tendencies/tagged_tracers/tagged_tracers.jl:590
┌ Warning: water tag closure residual 5.912910450583997e-6 exceeds the configured tolerance 1.0e-10 at t = 2330.0 s. The tags no longer account for the field they partition; see output/a2_first_order_dt2p5/output_0000/water_tag_closure.csv.
└ @ ClimaAtmos ~/git/ClimaAtmosResiDyn.jl/src/parameterized_tendencies/tagged_tracers/tagged_tracers.jl:590
┌ Warning: water tag closure residual 5.9127351054224525e-6 exceeds the configured tolerance 1.0e-10 at t = 2332.5 s. The tags no longer account for the field they partition; see output/a2_first_order_dt2p5/output_0000/water_tag_closure.csv.
└ @ ClimaAtmos ~/git/ClimaAtmosResiDyn.jl/src/parameterized_tendencies/tagged_tracers/tagged_tracers.jl:590
┌ Warning: water tag closure residual 5.912559821078427e-6 exceeds the configured tolerance 1.0e-10 at t = 2335.0 s. The tags no longer account for the field they partition; see output/a2_first_order_dt2p5/output_0000/water_tag_closure.csv.
└ @ ClimaAtmos ~/git/ClimaAtmosResiDyn.jl/src/parameterized_tendencies/tagged_tracers/tagged_tracers.jl:590
┌ Warning: water tag closure residual 5.912384598033169e-6 exceeds the configured tolerance 1.0e-10 at t = 2337.5 s. The tags no longer account for the field they partition; see output/a2_first_order_dt2p5/output_0000/water_tag_closure.csv.
└ @ ClimaAtmos ~/git/ClimaAtmosResiDyn.jl/src/parameterized_tendencies/tagged_tracers/tagged_tracers.jl:590
┌ Warning: water tag closure residual 5.912209436252645e-6 exceeds the configured tolerance 1.0e-10 at t = 2340.0 s. The tags no longer account for the field they partition; see output/a2_first_order_dt2p5/output_0000/water_tag_closure.csv.
└ @ ClimaAtmos ~/git/ClimaAtmosResiDyn.jl/src/parameterized_tendencies/tagged_tracers/tagged_tracers.jl:590
┌ Warning: water tag closure residual 5.912034335299915e-6 exceeds the configured tolerance 1.0e-10 at t = 2342.5 s. The tags no longer account for the field they partition; see output/a2_first_order_dt2p5/output_0000/water_tag_closure.csv.
└ @ ClimaAtmos ~/git/ClimaAtmosResiDyn.jl/src/parameterized_tendencies/tagged_tracers/tagged_tracers.jl:590
┌ Warning: water tag closure residual 5.911859295051494e-6 exceeds the configured tolerance 1.0e-10 at t = 2345.0 s. The tags no longer account for the field they partition; see output/a2_first_order_dt2p5/output_0000/water_tag_closure.csv.
└ @ ClimaAtmos ~/git/ClimaAtmosResiDyn.jl/src/parameterized_tendencies/tagged_tracers/tagged_tracers.jl:590
┌ Warning: water tag closure residual 5.911684315786443e-6 exceeds the configured tolerance 1.0e-10 at t = 2347.5 s. The tags no longer account for the field they partition; see output/a2_first_order_dt2p5/output_0000/water_tag_closure.csv.
└ @ ClimaAtmos ~/git/ClimaAtmosResiDyn.jl/src/parameterized_tendencies/tagged_tracers/tagged_tracers.jl:590
┌ Warning: water tag closure residual 5.911509397581385e-6 exceeds the configured tolerance 1.0e-10 at t = 2350.0 s. The tags no longer account for the field they partition; see output/a2_first_order_dt2p5/output_0000/water_tag_closure.csv.
└ @ ClimaAtmos ~/git/ClimaAtmosResiDyn.jl/src/parameterized_tendencies/tagged_tracers/tagged_tracers.jl:590
┌ Warning: water tag closure residual 5.911334539786805e-6 exceeds the configured tolerance 1.0e-10 at t = 2352.5 s. The tags no longer account for the field they partition; see output/a2_first_order_dt2p5/output_0000/water_tag_closure.csv.
└ @ ClimaAtmos ~/git/ClimaAtmosResiDyn.jl/src/parameterized_tendencies/tagged_tracers/tagged_tracers.jl:590
┌ Warning: water tag closure residual 5.911159742612531e-6 exceeds the configured tolerance 1.0e-10 at t = 2355.0 s. The tags no longer account for the field they partition; see output/a2_first_order_dt2p5/output_0000/water_tag_closure.csv.
└ @ ClimaAtmos ~/git/ClimaAtmosResiDyn.jl/src/parameterized_tendencies/tagged_tracers/tagged_tracers.jl:590
┌ Warning: water tag closure residual 5.9109850062195466e-6 exceeds the configured tolerance 1.0e-10 at t = 2357.5 s. The tags no longer account for the field they partition; see output/a2_first_order_dt2p5/output_0000/water_tag_closure.csv.
└ @ ClimaAtmos ~/git/ClimaAtmosResiDyn.jl/src/parameterized_tendencies/tagged_tracers/tagged_tracers.jl:590
┌ Warning: water tag closure residual 5.910810330340328e-6 exceeds the configured tolerance 1.0e-10 at t = 2360.0 s. The tags no longer account for the field they partition; see output/a2_first_order_dt2p5/output_0000/water_tag_closure.csv.
└ @ ClimaAtmos ~/git/ClimaAtmosResiDyn.jl/src/parameterized_tendencies/tagged_tracers/tagged_tracers.jl:590
┌ Warning: water tag closure residual 5.910635714702015e-6 exceeds the configured tolerance 1.0e-10 at t = 2362.5 s. The tags no longer account for the field they partition; see output/a2_first_order_dt2p5/output_0000/water_tag_closure.csv.
└ @ ClimaAtmos ~/git/ClimaAtmosResiDyn.jl/src/parameterized_tendencies/tagged_tracers/tagged_tracers.jl:590
┌ Warning: water tag closure residual 5.910461159357723e-6 exceeds the configured tolerance 1.0e-10 at t = 2365.0 s. The tags no longer account for the field they partition; see output/a2_first_order_dt2p5/output_0000/water_tag_closure.csv.
└ @ ClimaAtmos ~/git/ClimaAtmosResiDyn.jl/src/parameterized_tendencies/tagged_tracers/tagged_tracers.jl:590
┌ Warning: water tag closure residual 5.910286664497208e-6 exceeds the configured tolerance 1.0e-10 at t = 2367.5 s. The tags no longer account for the field they partition; see output/a2_first_order_dt2p5/output_0000/water_tag_closure.csv.
└ @ ClimaAtmos ~/git/ClimaAtmosResiDyn.jl/src/parameterized_tendencies/tagged_tracers/tagged_tracers.jl:590
┌ Warning: water tag closure residual 5.91011222989061e-6 exceeds the configured tolerance 1.0e-10 at t = 2370.0 s. The tags no longer account for the field they partition; see output/a2_first_order_dt2p5/output_0000/water_tag_closure.csv.
└ @ ClimaAtmos ~/git/ClimaAtmosResiDyn.jl/src/parameterized_tendencies/tagged_tracers/tagged_tracers.jl:590
┌ Warning: water tag closure residual 5.909937855325303e-6 exceeds the configured tolerance 1.0e-10 at t = 2372.5 s. The tags no longer account for the field they partition; see output/a2_first_order_dt2p5/output_0000/water_tag_closure.csv.
└ @ ClimaAtmos ~/git/ClimaAtmosResiDyn.jl/src/parameterized_tendencies/tagged_tracers/tagged_tracers.jl:590
┌ Warning: water tag closure residual 5.90976354082177e-6 exceeds the configured tolerance 1.0e-10 at t = 2375.0 s. The tags no longer account for the field they partition; see output/a2_first_order_dt2p5/output_0000/water_tag_closure.csv.
└ @ ClimaAtmos ~/git/ClimaAtmosResiDyn.jl/src/parameterized_tendencies/tagged_tracers/tagged_tracers.jl:590
┌ Info: Progress
│   simulation_time = "39 minutes, 35 seconds"
│   n_steps_completed = 950
│   wall_time_per_step = "4 milliseconds, 161 microseconds"
│   wall_time_total = "5 seconds, 992 milliseconds"
│   wall_time_remaining = "2 seconds, 38 milliseconds"
│   wall_time_spent = "3 seconds, 953 milliseconds"
│   percent_complete = "66.0%"
│   estimated_sypd = "1.645"
│   instantaneous_sypd = "2.009"
│   date_now = 2026-09-10T00:49:37.866
└   estimated_finish_date = 2026-09-10T00:49:40.866
┌ Warning: water tag closure residual 5.909589286454992e-6 exceeds the configured tolerance 1.0e-10 at t = 2377.5 s. The tags no longer account for the field they partition; see output/a2_first_order_dt2p5/output_0000/water_tag_closure.csv.
└ @ ClimaAtmos ~/git/ClimaAtmosResiDyn.jl/src/parameterized_tendencies/tagged_tracers/tagged_tracers.jl:590
┌ Warning: water tag closure residual 5.909415091989256e-6 exceeds the configured tolerance 1.0e-10 at t = 2380.0 s. The tags no longer account for the field they partition; see output/a2_first_order_dt2p5/output_0000/water_tag_closure.csv.
└ @ ClimaAtmos ~/git/ClimaAtmosResiDyn.jl/src/parameterized_tendencies/tagged_tracers/tagged_tracers.jl:590
┌ Warning: water tag closure residual 5.909240957387134e-6 exceeds the configured tolerance 1.0e-10 at t = 2382.5 s. The tags no longer account for the field they partition; see output/a2_first_order_dt2p5/output_0000/water_tag_closure.csv.
└ @ ClimaAtmos ~/git/ClimaAtmosResiDyn.jl/src/parameterized_tendencies/tagged_tracers/tagged_tracers.jl:590
┌ Warning: water tag closure residual 5.909066882636782e-6 exceeds the configured tolerance 1.0e-10 at t = 2385.0 s. The tags no longer account for the field they partition; see output/a2_first_order_dt2p5/output_0000/water_tag_closure.csv.
└ @ ClimaAtmos ~/git/ClimaAtmosResiDyn.jl/src/parameterized_tendencies/tagged_tracers/tagged_tracers.jl:590
┌ Warning: water tag closure residual 5.908892867673568e-6 exceeds the configured tolerance 1.0e-10 at t = 2387.5 s. The tags no longer account for the field they partition; see output/a2_first_order_dt2p5/output_0000/water_tag_closure.csv.
└ @ ClimaAtmos ~/git/ClimaAtmosResiDyn.jl/src/parameterized_tendencies/tagged_tracers/tagged_tracers.jl:590
┌ Warning: water tag closure residual 5.908718912253555e-6 exceeds the configured tolerance 1.0e-10 at t = 2390.0 s. The tags no longer account for the field they partition; see output/a2_first_order_dt2p5/output_0000/water_tag_closure.csv.
└ @ ClimaAtmos ~/git/ClimaAtmosResiDyn.jl/src/parameterized_tendencies/tagged_tracers/tagged_tracers.jl:590
┌ Warning: water tag closure residual 5.908545016597699e-6 exceeds the configured tolerance 1.0e-10 at t = 2392.5 s. The tags no longer account for the field they partition; see output/a2_first_order_dt2p5/output_0000/water_tag_closure.csv.
└ @ ClimaAtmos ~/git/ClimaAtmosResiDyn.jl/src/parameterized_tendencies/tagged_tracers/tagged_tracers.jl:590
┌ Warning: water tag closure residual 5.908371180385494e-6 exceeds the configured tolerance 1.0e-10 at t = 2395.0 s. The tags no longer account for the field they partition; see output/a2_first_order_dt2p5/output_0000/water_tag_closure.csv.
└ @ ClimaAtmos ~/git/ClimaAtmosResiDyn.jl/src/parameterized_tendencies/tagged_tracers/tagged_tracers.jl:590
┌ Warning: water tag closure residual 5.908197403720984e-6 exceeds the configured tolerance 1.0e-10 at t = 2397.5 s. The tags no longer account for the field they partition; see output/a2_first_order_dt2p5/output_0000/water_tag_closure.csv.
└ @ ClimaAtmos ~/git/ClimaAtmosResiDyn.jl/src/parameterized_tendencies/tagged_tracers/tagged_tracers.jl:590
┌ Warning: water tag closure residual 5.9080236864635385e-6 exceeds the configured tolerance 1.0e-10 at t = 2400.0 s. The tags no longer account for the field they partition; see output/a2_first_order_dt2p5/output_0000/water_tag_closure.csv.
└ @ ClimaAtmos ~/git/ClimaAtmosResiDyn.jl/src/parameterized_tendencies/tagged_tracers/tagged_tracers.jl:590
┌ Warning: water tag closure residual 5.907850028504529e-6 exceeds the configured tolerance 1.0e-10 at t = 2402.5 s. The tags no longer account for the field they partition; see output/a2_first_order_dt2p5/output_0000/water_tag_closure.csv.
└ @ ClimaAtmos ~/git/ClimaAtmosResiDyn.jl/src/parameterized_tendencies/tagged_tracers/tagged_tracers.jl:590
┌ Warning: water tag closure residual 5.9076764298892086e-6 exceeds the configured tolerance 1.0e-10 at t = 2405.0 s. The tags no longer account for the field they partition; see output/a2_first_order_dt2p5/output_0000/water_tag_closure.csv.
└ @ ClimaAtmos ~/git/ClimaAtmosResiDyn.jl/src/parameterized_tendencies/tagged_tracers/tagged_tracers.jl:590
┌ Warning: water tag closure residual 5.907502890459489e-6 exceeds the configured tolerance 1.0e-10 at t = 2407.5 s. The tags no longer account for the field they partition; see output/a2_first_order_dt2p5/output_0000/water_tag_closure.csv.
└ @ ClimaAtmos ~/git/ClimaAtmosResiDyn.jl/src/parameterized_tendencies/tagged_tracers/tagged_tracers.jl:590
┌ Warning: water tag closure residual 5.907329410181142e-6 exceeds the configured tolerance 1.0e-10 at t = 2410.0 s. The tags no longer account for the field they partition; see output/a2_first_order_dt2p5/output_0000/water_tag_closure.csv.
└ @ ClimaAtmos ~/git/ClimaAtmosResiDyn.jl/src/parameterized_tendencies/tagged_tracers/tagged_tracers.jl:590
┌ Warning: water tag closure residual 5.907155988950187e-6 exceeds the configured tolerance 1.0e-10 at t = 2412.5 s. The tags no longer account for the field they partition; see output/a2_first_order_dt2p5/output_0000/water_tag_closure.csv.
└ @ ClimaAtmos ~/git/ClimaAtmosResiDyn.jl/src/parameterized_tendencies/tagged_tracers/tagged_tracers.jl:590
┌ Warning: water tag closure residual 5.906982626703592e-6 exceeds the configured tolerance 1.0e-10 at t = 2415.0 s. The tags no longer account for the field they partition; see output/a2_first_order_dt2p5/output_0000/water_tag_closure.csv.
└ @ ClimaAtmos ~/git/ClimaAtmosResiDyn.jl/src/parameterized_tendencies/tagged_tracers/tagged_tracers.jl:590
┌ Warning: water tag closure residual 5.906809323457116e-6 exceeds the configured tolerance 1.0e-10 at t = 2417.5 s. The tags no longer account for the field they partition; see output/a2_first_order_dt2p5/output_0000/water_tag_closure.csv.
└ @ ClimaAtmos ~/git/ClimaAtmosResiDyn.jl/src/parameterized_tendencies/tagged_tracers/tagged_tracers.jl:590
┌ Warning: water tag closure residual 5.906636079103655e-6 exceeds the configured tolerance 1.0e-10 at t = 2420.0 s. The tags no longer account for the field they partition; see output/a2_first_order_dt2p5/output_0000/water_tag_closure.csv.
└ @ ClimaAtmos ~/git/ClimaAtmosResiDyn.jl/src/parameterized_tendencies/tagged_tracers/tagged_tracers.jl:590
┌ Warning: water tag closure residual 5.906462893496761e-6 exceeds the configured tolerance 1.0e-10 at t = 2422.5 s. The tags no longer account for the field they partition; see output/a2_first_order_dt2p5/output_0000/water_tag_closure.csv.
└ @ ClimaAtmos ~/git/ClimaAtmosResiDyn.jl/src/parameterized_tendencies/tagged_tracers/tagged_tracers.jl:590
┌ Warning: water tag closure residual 5.906289766725641e-6 exceeds the configured tolerance 1.0e-10 at t = 2425.0 s. The tags no longer account for the field they partition; see output/a2_first_order_dt2p5/output_0000/water_tag_closure.csv.
└ @ ClimaAtmos ~/git/ClimaAtmosResiDyn.jl/src/parameterized_tendencies/tagged_tracers/tagged_tracers.jl:590
┌ Warning: water tag closure residual 5.906116698607338e-6 exceeds the configured tolerance 1.0e-10 at t = 2427.5 s. The tags no longer account for the field they partition; see output/a2_first_order_dt2p5/output_0000/water_tag_closure.csv.
└ @ ClimaAtmos ~/git/ClimaAtmosResiDyn.jl/src/parameterized_tendencies/tagged_tracers/tagged_tracers.jl:590
┌ Warning: water tag closure residual 5.9059436891417205e-6 exceeds the configured tolerance 1.0e-10 at t = 2430.0 s. The tags no longer account for the field they partition; see output/a2_first_order_dt2p5/output_0000/water_tag_closure.csv.
└ @ ClimaAtmos ~/git/ClimaAtmosResiDyn.jl/src/parameterized_tendencies/tagged_tracers/tagged_tracers.jl:590
┌ Warning: water tag closure residual 5.9057707381186115e-6 exceeds the configured tolerance 1.0e-10 at t = 2432.5 s. The tags no longer account for the field they partition; see output/a2_first_order_dt2p5/output_0000/water_tag_closure.csv.
└ @ ClimaAtmos ~/git/ClimaAtmosResiDyn.jl/src/parameterized_tendencies/tagged_tracers/tagged_tracers.jl:590
┌ Warning: water tag closure residual 5.905597845587456e-6 exceeds the configured tolerance 1.0e-10 at t = 2435.0 s. The tags no longer account for the field they partition; see output/a2_first_order_dt2p5/output_0000/water_tag_closure.csv.
└ @ ClimaAtmos ~/git/ClimaAtmosResiDyn.jl/src/parameterized_tendencies/tagged_tracers/tagged_tracers.jl:590
┌ Warning: water tag closure residual 5.905425011402989e-6 exceeds the configured tolerance 1.0e-10 at t = 2437.5 s. The tags no longer account for the field they partition; see output/a2_first_order_dt2p5/output_0000/water_tag_closure.csv.
└ @ ClimaAtmos ~/git/ClimaAtmosResiDyn.jl/src/parameterized_tendencies/tagged_tracers/tagged_tracers.jl:590
┌ Warning: water tag closure residual 5.905252235749264e-6 exceeds the configured tolerance 1.0e-10 at t = 2440.0 s. The tags no longer account for the field they partition; see output/a2_first_order_dt2p5/output_0000/water_tag_closure.csv.
└ @ ClimaAtmos ~/git/ClimaAtmosResiDyn.jl/src/parameterized_tendencies/tagged_tracers/tagged_tracers.jl:590
┌ Warning: water tag closure residual 5.90507951823303e-6 exceeds the configured tolerance 1.0e-10 at t = 2442.5 s. The tags no longer account for the field they partition; see output/a2_first_order_dt2p5/output_0000/water_tag_closure.csv.
└ @ ClimaAtmos ~/git/ClimaAtmosResiDyn.jl/src/parameterized_tendencies/tagged_tracers/tagged_tracers.jl:590
┌ Warning: water tag closure residual 5.904906858973654e-6 exceeds the configured tolerance 1.0e-10 at t = 2445.0 s. The tags no longer account for the field they partition; see output/a2_first_order_dt2p5/output_0000/water_tag_closure.csv.
└ @ ClimaAtmos ~/git/ClimaAtmosResiDyn.jl/src/parameterized_tendencies/tagged_tracers/tagged_tracers.jl:590
┌ Warning: water tag closure residual 5.904734257909171e-6 exceeds the configured tolerance 1.0e-10 at t = 2447.5 s. The tags no longer account for the field they partition; see output/a2_first_order_dt2p5/output_0000/water_tag_closure.csv.
└ @ ClimaAtmos ~/git/ClimaAtmosResiDyn.jl/src/parameterized_tendencies/tagged_tracers/tagged_tracers.jl:590
┌ Warning: water tag closure residual 5.904561714999646e-6 exceeds the configured tolerance 1.0e-10 at t = 2450.0 s. The tags no longer account for the field they partition; see output/a2_first_order_dt2p5/output_0000/water_tag_closure.csv.
└ @ ClimaAtmos ~/git/ClimaAtmosResiDyn.jl/src/parameterized_tendencies/tagged_tracers/tagged_tracers.jl:590
┌ Warning: water tag closure residual 5.904389230015425e-6 exceeds the configured tolerance 1.0e-10 at t = 2452.5 s. The tags no longer account for the field they partition; see output/a2_first_order_dt2p5/output_0000/water_tag_closure.csv.
└ @ ClimaAtmos ~/git/ClimaAtmosResiDyn.jl/src/parameterized_tendencies/tagged_tracers/tagged_tracers.jl:590
┌ Warning: water tag closure residual 5.904216803103677e-6 exceeds the configured tolerance 1.0e-10 at t = 2455.0 s. The tags no longer account for the field they partition; see output/a2_first_order_dt2p5/output_0000/water_tag_closure.csv.
└ @ ClimaAtmos ~/git/ClimaAtmosResiDyn.jl/src/parameterized_tendencies/tagged_tracers/tagged_tracers.jl:590
┌ Warning: water tag closure residual 5.90404443404943e-6 exceeds the configured tolerance 1.0e-10 at t = 2457.5 s. The tags no longer account for the field they partition; see output/a2_first_order_dt2p5/output_0000/water_tag_closure.csv.
└ @ ClimaAtmos ~/git/ClimaAtmosResiDyn.jl/src/parameterized_tendencies/tagged_tracers/tagged_tracers.jl:590
┌ Warning: water tag closure residual 5.903872122920284e-6 exceeds the configured tolerance 1.0e-10 at t = 2460.0 s. The tags no longer account for the field they partition; see output/a2_first_order_dt2p5/output_0000/water_tag_closure.csv.
└ @ ClimaAtmos ~/git/ClimaAtmosResiDyn.jl/src/parameterized_tendencies/tagged_tracers/tagged_tracers.jl:590
┌ Warning: water tag closure residual 5.903699869481584e-6 exceeds the configured tolerance 1.0e-10 at t = 2462.5 s. The tags no longer account for the field they partition; see output/a2_first_order_dt2p5/output_0000/water_tag_closure.csv.
└ @ ClimaAtmos ~/git/ClimaAtmosResiDyn.jl/src/parameterized_tendencies/tagged_tracers/tagged_tracers.jl:590
┌ Warning: water tag closure residual 5.903527673770389e-6 exceeds the configured tolerance 1.0e-10 at t = 2465.0 s. The tags no longer account for the field they partition; see output/a2_first_order_dt2p5/output_0000/water_tag_closure.csv.
└ @ ClimaAtmos ~/git/ClimaAtmosResiDyn.jl/src/parameterized_tendencies/tagged_tracers/tagged_tracers.jl:590
┌ Warning: water tag closure residual 5.90335553574353e-6 exceeds the configured tolerance 1.0e-10 at t = 2467.5 s. The tags no longer account for the field they partition; see output/a2_first_order_dt2p5/output_0000/water_tag_closure.csv.
└ @ ClimaAtmos ~/git/ClimaAtmosResiDyn.jl/src/parameterized_tendencies/tagged_tracers/tagged_tracers.jl:590
┌ Warning: water tag closure residual 5.903183455184074e-6 exceeds the configured tolerance 1.0e-10 at t = 2470.0 s. The tags no longer account for the field they partition; see output/a2_first_order_dt2p5/output_0000/water_tag_closure.csv.
└ @ ClimaAtmos ~/git/ClimaAtmosResiDyn.jl/src/parameterized_tendencies/tagged_tracers/tagged_tracers.jl:590
┌ Warning: water tag closure residual 5.903011432277565e-6 exceeds the configured tolerance 1.0e-10 at t = 2472.5 s. The tags no longer account for the field they partition; see output/a2_first_order_dt2p5/output_0000/water_tag_closure.csv.
└ @ ClimaAtmos ~/git/ClimaAtmosResiDyn.jl/src/parameterized_tendencies/tagged_tracers/tagged_tracers.jl:590
┌ Warning: water tag closure residual 5.902839466725773e-6 exceeds the configured tolerance 1.0e-10 at t = 2475.0 s. The tags no longer account for the field they partition; see output/a2_first_order_dt2p5/output_0000/water_tag_closure.csv.
└ @ ClimaAtmos ~/git/ClimaAtmosResiDyn.jl/src/parameterized_tendencies/tagged_tracers/tagged_tracers.jl:590
┌ Warning: water tag closure residual 5.902667558533257e-6 exceeds the configured tolerance 1.0e-10 at t = 2477.5 s. The tags no longer account for the field they partition; see output/a2_first_order_dt2p5/output_0000/water_tag_closure.csv.
└ @ ClimaAtmos ~/git/ClimaAtmosResiDyn.jl/src/parameterized_tendencies/tagged_tracers/tagged_tracers.jl:590
┌ Warning: water tag closure residual 5.902495707772171e-6 exceeds the configured tolerance 1.0e-10 at t = 2480.0 s. The tags no longer account for the field they partition; see output/a2_first_order_dt2p5/output_0000/water_tag_closure.csv.
└ @ ClimaAtmos ~/git/ClimaAtmosResiDyn.jl/src/parameterized_tendencies/tagged_tracers/tagged_tracers.jl:590
┌ Warning: water tag closure residual 5.902323914272898e-6 exceeds the configured tolerance 1.0e-10 at t = 2482.5 s. The tags no longer account for the field they partition; see output/a2_first_order_dt2p5/output_0000/water_tag_closure.csv.
└ @ ClimaAtmos ~/git/ClimaAtmosResiDyn.jl/src/parameterized_tendencies/tagged_tracers/tagged_tracers.jl:590
┌ Warning: water tag closure residual 5.902152178026128e-6 exceeds the configured tolerance 1.0e-10 at t = 2485.0 s. The tags no longer account for the field they partition; see output/a2_first_order_dt2p5/output_0000/water_tag_closure.csv.
└ @ ClimaAtmos ~/git/ClimaAtmosResiDyn.jl/src/parameterized_tendencies/tagged_tracers/tagged_tracers.jl:590
┌ Warning: water tag closure residual 5.90198049902415e-6 exceeds the configured tolerance 1.0e-10 at t = 2487.5 s. The tags no longer account for the field they partition; see output/a2_first_order_dt2p5/output_0000/water_tag_closure.csv.
└ @ ClimaAtmos ~/git/ClimaAtmosResiDyn.jl/src/parameterized_tendencies/tagged_tracers/tagged_tracers.jl:590
┌ Warning: water tag closure residual 5.901808876876299e-6 exceeds the configured tolerance 1.0e-10 at t = 2490.0 s. The tags no longer account for the field they partition; see output/a2_first_order_dt2p5/output_0000/water_tag_closure.csv.
└ @ ClimaAtmos ~/git/ClimaAtmosResiDyn.jl/src/parameterized_tendencies/tagged_tracers/tagged_tracers.jl:590
┌ Warning: water tag closure residual 5.90163731179663e-6 exceeds the configured tolerance 1.0e-10 at t = 2492.5 s. The tags no longer account for the field they partition; see output/a2_first_order_dt2p5/output_0000/water_tag_closure.csv.
└ @ ClimaAtmos ~/git/ClimaAtmosResiDyn.jl/src/parameterized_tendencies/tagged_tracers/tagged_tracers.jl:590
┌ Warning: water tag closure residual 5.901465803748364e-6 exceeds the configured tolerance 1.0e-10 at t = 2495.0 s. The tags no longer account for the field they partition; see output/a2_first_order_dt2p5/output_0000/water_tag_closure.csv.
└ @ ClimaAtmos ~/git/ClimaAtmosResiDyn.jl/src/parameterized_tendencies/tagged_tracers/tagged_tracers.jl:590
┌ Warning: water tag closure residual 5.901294352561677e-6 exceeds the configured tolerance 1.0e-10 at t = 2497.5 s. The tags no longer account for the field they partition; see output/a2_first_order_dt2p5/output_0000/water_tag_closure.csv.
└ @ ClimaAtmos ~/git/ClimaAtmosResiDyn.jl/src/parameterized_tendencies/tagged_tracers/tagged_tracers.jl:590
┌ Warning: water tag closure residual 5.9011229582802525e-6 exceeds the configured tolerance 1.0e-10 at t = 2500.0 s. The tags no longer account for the field they partition; see output/a2_first_order_dt2p5/output_0000/water_tag_closure.csv.
└ @ ClimaAtmos ~/git/ClimaAtmosResiDyn.jl/src/parameterized_tendencies/tagged_tracers/tagged_tracers.jl:590
┌ Warning: water tag closure residual 5.900951620760238e-6 exceeds the configured tolerance 1.0e-10 at t = 2502.5 s. The tags no longer account for the field they partition; see output/a2_first_order_dt2p5/output_0000/water_tag_closure.csv.
└ @ ClimaAtmos ~/git/ClimaAtmosResiDyn.jl/src/parameterized_tendencies/tagged_tracers/tagged_tracers.jl:590
┌ Warning: water tag closure residual 5.900780339924599e-6 exceeds the configured tolerance 1.0e-10 at t = 2505.0 s. The tags no longer account for the field they partition; see output/a2_first_order_dt2p5/output_0000/water_tag_closure.csv.
└ @ ClimaAtmos ~/git/ClimaAtmosResiDyn.jl/src/parameterized_tendencies/tagged_tracers/tagged_tracers.jl:590
┌ Warning: water tag closure residual 5.900609115734741e-6 exceeds the configured tolerance 1.0e-10 at t = 2507.5 s. The tags no longer account for the field they partition; see output/a2_first_order_dt2p5/output_0000/water_tag_closure.csv.
└ @ ClimaAtmos ~/git/ClimaAtmosResiDyn.jl/src/parameterized_tendencies/tagged_tracers/tagged_tracers.jl:590
┌ Warning: water tag closure residual 5.900437948165523e-6 exceeds the configured tolerance 1.0e-10 at t = 2510.0 s. The tags no longer account for the field they partition; see output/a2_first_order_dt2p5/output_0000/water_tag_closure.csv.
└ @ ClimaAtmos ~/git/ClimaAtmosResiDyn.jl/src/parameterized_tendencies/tagged_tracers/tagged_tracers.jl:590
┌ Warning: water tag closure residual 5.9002668371096424e-6 exceeds the configured tolerance 1.0e-10 at t = 2512.5 s. The tags no longer account for the field they partition; see output/a2_first_order_dt2p5/output_0000/water_tag_closure.csv.
└ @ ClimaAtmos ~/git/ClimaAtmosResiDyn.jl/src/parameterized_tendencies/tagged_tracers/tagged_tracers.jl:590
┌ Warning: water tag closure residual 5.9000957824624095e-6 exceeds the configured tolerance 1.0e-10 at t = 2515.0 s. The tags no longer account for the field they partition; see output/a2_first_order_dt2p5/output_0000/water_tag_closure.csv.
└ @ ClimaAtmos ~/git/ClimaAtmosResiDyn.jl/src/parameterized_tendencies/tagged_tracers/tagged_tracers.jl:590
┌ Warning: water tag closure residual 5.899924784298121e-6 exceeds the configured tolerance 1.0e-10 at t = 2517.5 s. The tags no longer account for the field they partition; see output/a2_first_order_dt2p5/output_0000/water_tag_closure.csv.
└ @ ClimaAtmos ~/git/ClimaAtmosResiDyn.jl/src/parameterized_tendencies/tagged_tracers/tagged_tracers.jl:590
┌ Warning: water tag closure residual 5.8997538426230765e-6 exceeds the configured tolerance 1.0e-10 at t = 2520.0 s. The tags no longer account for the field they partition; see output/a2_first_order_dt2p5/output_0000/water_tag_closure.csv.
└ @ ClimaAtmos ~/git/ClimaAtmosResiDyn.jl/src/parameterized_tendencies/tagged_tracers/tagged_tracers.jl:590
┌ Warning: water tag closure residual 5.8995829571084475e-6 exceeds the configured tolerance 1.0e-10 at t = 2522.5 s. The tags no longer account for the field they partition; see output/a2_first_order_dt2p5/output_0000/water_tag_closure.csv.
└ @ ClimaAtmos ~/git/ClimaAtmosResiDyn.jl/src/parameterized_tendencies/tagged_tracers/tagged_tracers.jl:590
┌ Warning: water tag closure residual 5.899412127811769e-6 exceeds the configured tolerance 1.0e-10 at t = 2525.0 s. The tags no longer account for the field they partition; see output/a2_first_order_dt2p5/output_0000/water_tag_closure.csv.
└ @ ClimaAtmos ~/git/ClimaAtmosResiDyn.jl/src/parameterized_tendencies/tagged_tracers/tagged_tracers.jl:590
┌ Warning: water tag closure residual 5.899241354683077e-6 exceeds the configured tolerance 1.0e-10 at t = 2527.5 s. The tags no longer account for the field they partition; see output/a2_first_order_dt2p5/output_0000/water_tag_closure.csv.
└ @ ClimaAtmos ~/git/ClimaAtmosResiDyn.jl/src/parameterized_tendencies/tagged_tracers/tagged_tracers.jl:590
┌ Warning: water tag closure residual 5.899070637661862e-6 exceeds the configured tolerance 1.0e-10 at t = 2530.0 s. The tags no longer account for the field they partition; see output/a2_first_order_dt2p5/output_0000/water_tag_closure.csv.
└ @ ClimaAtmos ~/git/ClimaAtmosResiDyn.jl/src/parameterized_tendencies/tagged_tracers/tagged_tracers.jl:590
┌ Warning: water tag closure residual 5.898899976711683e-6 exceeds the configured tolerance 1.0e-10 at t = 2532.5 s. The tags no longer account for the field they partition; see output/a2_first_order_dt2p5/output_0000/water_tag_closure.csv.
└ @ ClimaAtmos ~/git/ClimaAtmosResiDyn.jl/src/parameterized_tendencies/tagged_tracers/tagged_tracers.jl:590
┌ Warning: water tag closure residual 5.898729371734517e-6 exceeds the configured tolerance 1.0e-10 at t = 2535.0 s. The tags no longer account for the field they partition; see output/a2_first_order_dt2p5/output_0000/water_tag_closure.csv.
└ @ ClimaAtmos ~/git/ClimaAtmosResiDyn.jl/src/parameterized_tendencies/tagged_tracers/tagged_tracers.jl:590
┌ Warning: water tag closure residual 5.898558822585672e-6 exceeds the configured tolerance 1.0e-10 at t = 2537.5 s. The tags no longer account for the field they partition; see output/a2_first_order_dt2p5/output_0000/water_tag_closure.csv.
└ @ ClimaAtmos ~/git/ClimaAtmosResiDyn.jl/src/parameterized_tendencies/tagged_tracers/tagged_tracers.jl:590
┌ Warning: water tag closure residual 5.898388329399925e-6 exceeds the configured tolerance 1.0e-10 at t = 2540.0 s. The tags no longer account for the field they partition; see output/a2_first_order_dt2p5/output_0000/water_tag_closure.csv.
└ @ ClimaAtmos ~/git/ClimaAtmosResiDyn.jl/src/parameterized_tendencies/tagged_tracers/tagged_tracers.jl:590
┌ Warning: water tag closure residual 5.898217892009392e-6 exceeds the configured tolerance 1.0e-10 at t = 2542.5 s. The tags no longer account for the field they partition; see output/a2_first_order_dt2p5/output_0000/water_tag_closure.csv.
└ @ ClimaAtmos ~/git/ClimaAtmosResiDyn.jl/src/parameterized_tendencies/tagged_tracers/tagged_tracers.jl:590
┌ Warning: water tag closure residual 5.898047510307853e-6 exceeds the configured tolerance 1.0e-10 at t = 2545.0 s. The tags no longer account for the field they partition; see output/a2_first_order_dt2p5/output_0000/water_tag_closure.csv.
└ @ ClimaAtmos ~/git/ClimaAtmosResiDyn.jl/src/parameterized_tendencies/tagged_tracers/tagged_tracers.jl:590
┌ Warning: water tag closure residual 5.897877184435963e-6 exceeds the configured tolerance 1.0e-10 at t = 2547.5 s. The tags no longer account for the field they partition; see output/a2_first_order_dt2p5/output_0000/water_tag_closure.csv.
└ @ ClimaAtmos ~/git/ClimaAtmosResiDyn.jl/src/parameterized_tendencies/tagged_tracers/tagged_tracers.jl:590
┌ Warning: water tag closure residual 5.89770691414716e-6 exceeds the configured tolerance 1.0e-10 at t = 2550.0 s. The tags no longer account for the field they partition; see output/a2_first_order_dt2p5/output_0000/water_tag_closure.csv.
└ @ ClimaAtmos ~/git/ClimaAtmosResiDyn.jl/src/parameterized_tendencies/tagged_tracers/tagged_tracers.jl:590
┌ Warning: water tag closure residual 5.897536699489377e-6 exceeds the configured tolerance 1.0e-10 at t = 2552.5 s. The tags no longer account for the field they partition; see output/a2_first_order_dt2p5/output_0000/water_tag_closure.csv.
└ @ ClimaAtmos ~/git/ClimaAtmosResiDyn.jl/src/parameterized_tendencies/tagged_tracers/tagged_tracers.jl:590
┌ Warning: water tag closure residual 5.897366540331104e-6 exceeds the configured tolerance 1.0e-10 at t = 2555.0 s. The tags no longer account for the field they partition; see output/a2_first_order_dt2p5/output_0000/water_tag_closure.csv.
└ @ ClimaAtmos ~/git/ClimaAtmosResiDyn.jl/src/parameterized_tendencies/tagged_tracers/tagged_tracers.jl:590
┌ Warning: water tag closure residual 5.89719643659699e-6 exceeds the configured tolerance 1.0e-10 at t = 2557.5 s. The tags no longer account for the field they partition; see output/a2_first_order_dt2p5/output_0000/water_tag_closure.csv.
└ @ ClimaAtmos ~/git/ClimaAtmosResiDyn.jl/src/parameterized_tendencies/tagged_tracers/tagged_tracers.jl:590
┌ Info: Progress
│   simulation_time = "42 minutes, 37 seconds"
│   n_steps_completed = 1023
│   wall_time_per_step = "4 milliseconds, 73 microseconds"
│   wall_time_total = "5 seconds, 865 milliseconds"
│   wall_time_remaining = "1 second, 698 milliseconds"
│   wall_time_spent = "4 seconds, 167 milliseconds"
│   percent_complete = "71.0%"
│   estimated_sypd = "1.68"
│   instantaneous_sypd = "2.335"
│   date_now = 2026-09-10T00:49:38.080
└   estimated_finish_date = 2026-09-10T00:49:40.080
┌ Warning: water tag closure residual 5.897026388100659e-6 exceeds the configured tolerance 1.0e-10 at t = 2560.0 s. The tags no longer account for the field they partition; see output/a2_first_order_dt2p5/output_0000/water_tag_closure.csv.
└ @ ClimaAtmos ~/git/ClimaAtmosResiDyn.jl/src/parameterized_tendencies/tagged_tracers/tagged_tracers.jl:590
┌ Info: Progress
│   simulation_time = "42 minutes, 40 seconds"
│   n_steps_completed = 1024
│   wall_time_per_step = "4 milliseconds, 71 microseconds"
│   wall_time_total = "5 seconds, 862 milliseconds"
│   wall_time_remaining = "1 second, 693 milliseconds"
│   wall_time_spent = "4 seconds, 169 milliseconds"
│   percent_complete = "71.1%"
│   estimated_sypd = "1.681"
│   instantaneous_sypd = "3.291"
│   date_now = 2026-09-10T00:49:38.082
└   estimated_finish_date = 2026-09-10T00:49:40.082
┌ Warning: water tag closure residual 5.896856394991972e-6 exceeds the configured tolerance 1.0e-10 at t = 2562.5 s. The tags no longer account for the field they partition; see output/a2_first_order_dt2p5/output_0000/water_tag_closure.csv.
└ @ ClimaAtmos ~/git/ClimaAtmosResiDyn.jl/src/parameterized_tendencies/tagged_tracers/tagged_tracers.jl:590
┌ Warning: water tag closure residual 5.8966864572980575e-6 exceeds the configured tolerance 1.0e-10 at t = 2565.0 s. The tags no longer account for the field they partition; see output/a2_first_order_dt2p5/output_0000/water_tag_closure.csv.
└ @ ClimaAtmos ~/git/ClimaAtmosResiDyn.jl/src/parameterized_tendencies/tagged_tracers/tagged_tracers.jl:590
┌ Warning: water tag closure residual 5.896516574796222e-6 exceeds the configured tolerance 1.0e-10 at t = 2567.5 s. The tags no longer account for the field they partition; see output/a2_first_order_dt2p5/output_0000/water_tag_closure.csv.
└ @ ClimaAtmos ~/git/ClimaAtmosResiDyn.jl/src/parameterized_tendencies/tagged_tracers/tagged_tracers.jl:590
┌ Warning: water tag closure residual 5.8963467474428534e-6 exceeds the configured tolerance 1.0e-10 at t = 2570.0 s. The tags no longer account for the field they partition; see output/a2_first_order_dt2p5/output_0000/water_tag_closure.csv.
└ @ ClimaAtmos ~/git/ClimaAtmosResiDyn.jl/src/parameterized_tendencies/tagged_tracers/tagged_tracers.jl:590
┌ Warning: water tag closure residual 5.89617697514555e-6 exceeds the configured tolerance 1.0e-10 at t = 2572.5 s. The tags no longer account for the field they partition; see output/a2_first_order_dt2p5/output_0000/water_tag_closure.csv.
└ @ ClimaAtmos ~/git/ClimaAtmosResiDyn.jl/src/parameterized_tendencies/tagged_tracers/tagged_tracers.jl:590
┌ Warning: water tag closure residual 5.896007257958158e-6 exceeds the configured tolerance 1.0e-10 at t = 2575.0 s. The tags no longer account for the field they partition; see output/a2_first_order_dt2p5/output_0000/water_tag_closure.csv.
└ @ ClimaAtmos ~/git/ClimaAtmosResiDyn.jl/src/parameterized_tendencies/tagged_tracers/tagged_tracers.jl:590
┌ Warning: water tag closure residual 5.895837595710277e-6 exceeds the configured tolerance 1.0e-10 at t = 2577.5 s. The tags no longer account for the field they partition; see output/a2_first_order_dt2p5/output_0000/water_tag_closure.csv.
└ @ ClimaAtmos ~/git/ClimaAtmosResiDyn.jl/src/parameterized_tendencies/tagged_tracers/tagged_tracers.jl:590
┌ Warning: water tag closure residual 5.895667988390199e-6 exceeds the configured tolerance 1.0e-10 at t = 2580.0 s. The tags no longer account for the field they partition; see output/a2_first_order_dt2p5/output_0000/water_tag_closure.csv.
└ @ ClimaAtmos ~/git/ClimaAtmosResiDyn.jl/src/parameterized_tendencies/tagged_tracers/tagged_tracers.jl:590
┌ Warning: water tag closure residual 5.895498436017658e-6 exceeds the configured tolerance 1.0e-10 at t = 2582.5 s. The tags no longer account for the field they partition; see output/a2_first_order_dt2p5/output_0000/water_tag_closure.csv.
└ @ ClimaAtmos ~/git/ClimaAtmosResiDyn.jl/src/parameterized_tendencies/tagged_tracers/tagged_tracers.jl:590
┌ Warning: water tag closure residual 5.895328938331468e-6 exceeds the configured tolerance 1.0e-10 at t = 2585.0 s. The tags no longer account for the field they partition; see output/a2_first_order_dt2p5/output_0000/water_tag_closure.csv.
└ @ ClimaAtmos ~/git/ClimaAtmosResiDyn.jl/src/parameterized_tendencies/tagged_tracers/tagged_tracers.jl:590
┌ Warning: water tag closure residual 5.895159495388477e-6 exceeds the configured tolerance 1.0e-10 at t = 2587.5 s. The tags no longer account for the field they partition; see output/a2_first_order_dt2p5/output_0000/water_tag_closure.csv.
└ @ ClimaAtmos ~/git/ClimaAtmosResiDyn.jl/src/parameterized_tendencies/tagged_tracers/tagged_tracers.jl:590
┌ Warning: water tag closure residual 5.894990107224168e-6 exceeds the configured tolerance 1.0e-10 at t = 2590.0 s. The tags no longer account for the field they partition; see output/a2_first_order_dt2p5/output_0000/water_tag_closure.csv.
└ @ ClimaAtmos ~/git/ClimaAtmosResiDyn.jl/src/parameterized_tendencies/tagged_tracers/tagged_tracers.jl:590
┌ Warning: water tag closure residual 5.894820773711377e-6 exceeds the configured tolerance 1.0e-10 at t = 2592.5 s. The tags no longer account for the field they partition; see output/a2_first_order_dt2p5/output_0000/water_tag_closure.csv.
└ @ ClimaAtmos ~/git/ClimaAtmosResiDyn.jl/src/parameterized_tendencies/tagged_tracers/tagged_tracers.jl:590
┌ Warning: water tag closure residual 5.8946514948184525e-6 exceeds the configured tolerance 1.0e-10 at t = 2595.0 s. The tags no longer account for the field they partition; see output/a2_first_order_dt2p5/output_0000/water_tag_closure.csv.
└ @ ClimaAtmos ~/git/ClimaAtmosResiDyn.jl/src/parameterized_tendencies/tagged_tracers/tagged_tracers.jl:590
┌ Warning: water tag closure residual 5.894482270403916e-6 exceeds the configured tolerance 1.0e-10 at t = 2597.5 s. The tags no longer account for the field they partition; see output/a2_first_order_dt2p5/output_0000/water_tag_closure.csv.
└ @ ClimaAtmos ~/git/ClimaAtmosResiDyn.jl/src/parameterized_tendencies/tagged_tracers/tagged_tracers.jl:590
┌ Warning: water tag closure residual 5.894313100517085e-6 exceeds the configured tolerance 1.0e-10 at t = 2600.0 s. The tags no longer account for the field they partition; see output/a2_first_order_dt2p5/output_0000/water_tag_closure.csv.
└ @ ClimaAtmos ~/git/ClimaAtmosResiDyn.jl/src/parameterized_tendencies/tagged_tracers/tagged_tracers.jl:590
┌ Warning: water tag closure residual 5.8941439850275834e-6 exceeds the configured tolerance 1.0e-10 at t = 2602.5 s. The tags no longer account for the field they partition; see output/a2_first_order_dt2p5/output_0000/water_tag_closure.csv.
└ @ ClimaAtmos ~/git/ClimaAtmosResiDyn.jl/src/parameterized_tendencies/tagged_tracers/tagged_tracers.jl:590
┌ Warning: water tag closure residual 5.89397492383187e-6 exceeds the configured tolerance 1.0e-10 at t = 2605.0 s. The tags no longer account for the field they partition; see output/a2_first_order_dt2p5/output_0000/water_tag_closure.csv.
└ @ ClimaAtmos ~/git/ClimaAtmosResiDyn.jl/src/parameterized_tendencies/tagged_tracers/tagged_tracers.jl:590
┌ Warning: water tag closure residual 5.893805917033658e-6 exceeds the configured tolerance 1.0e-10 at t = 2607.5 s. The tags no longer account for the field they partition; see output/a2_first_order_dt2p5/output_0000/water_tag_closure.csv.
└ @ ClimaAtmos ~/git/ClimaAtmosResiDyn.jl/src/parameterized_tendencies/tagged_tracers/tagged_tracers.jl:590
┌ Warning: water tag closure residual 5.893636964540285e-6 exceeds the configured tolerance 1.0e-10 at t = 2610.0 s. The tags no longer account for the field they partition; see output/a2_first_order_dt2p5/output_0000/water_tag_closure.csv.
└ @ ClimaAtmos ~/git/ClimaAtmosResiDyn.jl/src/parameterized_tendencies/tagged_tracers/tagged_tracers.jl:590
┌ Warning: water tag closure residual 5.893468066084313e-6 exceeds the configured tolerance 1.0e-10 at t = 2612.5 s. The tags no longer account for the field they partition; see output/a2_first_order_dt2p5/output_0000/water_tag_closure.csv.
└ @ ClimaAtmos ~/git/ClimaAtmosResiDyn.jl/src/parameterized_tendencies/tagged_tracers/tagged_tracers.jl:590
┌ Warning: water tag closure residual 5.893299221806064e-6 exceeds the configured tolerance 1.0e-10 at t = 2615.0 s. The tags no longer account for the field they partition; see output/a2_first_order_dt2p5/output_0000/water_tag_closure.csv.
└ @ ClimaAtmos ~/git/ClimaAtmosResiDyn.jl/src/parameterized_tendencies/tagged_tracers/tagged_tracers.jl:590
┌ Warning: water tag closure residual 5.893130431684482e-6 exceeds the configured tolerance 1.0e-10 at t = 2617.5 s. The tags no longer account for the field they partition; see output/a2_first_order_dt2p5/output_0000/water_tag_closure.csv.
└ @ ClimaAtmos ~/git/ClimaAtmosResiDyn.jl/src/parameterized_tendencies/tagged_tracers/tagged_tracers.jl:590
┌ Warning: water tag closure residual 5.8929616953991344e-6 exceeds the configured tolerance 1.0e-10 at t = 2620.0 s. The tags no longer account for the field they partition; see output/a2_first_order_dt2p5/output_0000/water_tag_closure.csv.
└ @ ClimaAtmos ~/git/ClimaAtmosResiDyn.jl/src/parameterized_tendencies/tagged_tracers/tagged_tracers.jl:590
┌ Warning: water tag closure residual 5.892793013139569e-6 exceeds the configured tolerance 1.0e-10 at t = 2622.5 s. The tags no longer account for the field they partition; see output/a2_first_order_dt2p5/output_0000/water_tag_closure.csv.
└ @ ClimaAtmos ~/git/ClimaAtmosResiDyn.jl/src/parameterized_tendencies/tagged_tracers/tagged_tracers.jl:590
┌ Warning: water tag closure residual 5.8926243848838e-6 exceeds the configured tolerance 1.0e-10 at t = 2625.0 s. The tags no longer account for the field they partition; see output/a2_first_order_dt2p5/output_0000/water_tag_closure.csv.
└ @ ClimaAtmos ~/git/ClimaAtmosResiDyn.jl/src/parameterized_tendencies/tagged_tracers/tagged_tracers.jl:590
┌ Warning: water tag closure residual 5.892455810476416e-6 exceeds the configured tolerance 1.0e-10 at t = 2627.5 s. The tags no longer account for the field they partition; see output/a2_first_order_dt2p5/output_0000/water_tag_closure.csv.
└ @ ClimaAtmos ~/git/ClimaAtmosResiDyn.jl/src/parameterized_tendencies/tagged_tracers/tagged_tracers.jl:590
┌ Warning: water tag closure residual 5.892287289857846e-6 exceeds the configured tolerance 1.0e-10 at t = 2630.0 s. The tags no longer account for the field they partition; see output/a2_first_order_dt2p5/output_0000/water_tag_closure.csv.
└ @ ClimaAtmos ~/git/ClimaAtmosResiDyn.jl/src/parameterized_tendencies/tagged_tracers/tagged_tracers.jl:590
┌ Warning: water tag closure residual 5.892118822896627e-6 exceeds the configured tolerance 1.0e-10 at t = 2632.5 s. The tags no longer account for the field they partition; see output/a2_first_order_dt2p5/output_0000/water_tag_closure.csv.
└ @ ClimaAtmos ~/git/ClimaAtmosResiDyn.jl/src/parameterized_tendencies/tagged_tracers/tagged_tracers.jl:590
┌ Warning: water tag closure residual 5.891950409656911e-6 exceeds the configured tolerance 1.0e-10 at t = 2635.0 s. The tags no longer account for the field they partition; see output/a2_first_order_dt2p5/output_0000/water_tag_closure.csv.
└ @ ClimaAtmos ~/git/ClimaAtmosResiDyn.jl/src/parameterized_tendencies/tagged_tracers/tagged_tracers.jl:590
┌ Warning: water tag closure residual 5.891782050088925e-6 exceeds the configured tolerance 1.0e-10 at t = 2637.5 s. The tags no longer account for the field they partition; see output/a2_first_order_dt2p5/output_0000/water_tag_closure.csv.
└ @ ClimaAtmos ~/git/ClimaAtmosResiDyn.jl/src/parameterized_tendencies/tagged_tracers/tagged_tracers.jl:590
┌ Warning: water tag closure residual 5.891613744062202e-6 exceeds the configured tolerance 1.0e-10 at t = 2640.0 s. The tags no longer account for the field they partition; see output/a2_first_order_dt2p5/output_0000/water_tag_closure.csv.
└ @ ClimaAtmos ~/git/ClimaAtmosResiDyn.jl/src/parameterized_tendencies/tagged_tracers/tagged_tracers.jl:590
┌ Warning: water tag closure residual 5.8914454915222974e-6 exceeds the configured tolerance 1.0e-10 at t = 2642.5 s. The tags no longer account for the field they partition; see output/a2_first_order_dt2p5/output_0000/water_tag_closure.csv.
└ @ ClimaAtmos ~/git/ClimaAtmosResiDyn.jl/src/parameterized_tendencies/tagged_tracers/tagged_tracers.jl:590
┌ Warning: water tag closure residual 5.89127729246369e-6 exceeds the configured tolerance 1.0e-10 at t = 2645.0 s. The tags no longer account for the field they partition; see output/a2_first_order_dt2p5/output_0000/water_tag_closure.csv.
└ @ ClimaAtmos ~/git/ClimaAtmosResiDyn.jl/src/parameterized_tendencies/tagged_tracers/tagged_tracers.jl:590
┌ Warning: water tag closure residual 5.8911091468383646e-6 exceeds the configured tolerance 1.0e-10 at t = 2647.5 s. The tags no longer account for the field they partition; see output/a2_first_order_dt2p5/output_0000/water_tag_closure.csv.
└ @ ClimaAtmos ~/git/ClimaAtmosResiDyn.jl/src/parameterized_tendencies/tagged_tracers/tagged_tracers.jl:590
┌ Warning: water tag closure residual 5.890941054602662e-6 exceeds the configured tolerance 1.0e-10 at t = 2650.0 s. The tags no longer account for the field they partition; see output/a2_first_order_dt2p5/output_0000/water_tag_closure.csv.
└ @ ClimaAtmos ~/git/ClimaAtmosResiDyn.jl/src/parameterized_tendencies/tagged_tracers/tagged_tracers.jl:590
┌ Warning: water tag closure residual 5.890773015706419e-6 exceeds the configured tolerance 1.0e-10 at t = 2652.5 s. The tags no longer account for the field they partition; see output/a2_first_order_dt2p5/output_0000/water_tag_closure.csv.
└ @ ClimaAtmos ~/git/ClimaAtmosResiDyn.jl/src/parameterized_tendencies/tagged_tracers/tagged_tracers.jl:590
┌ Warning: water tag closure residual 5.89060503005447e-6 exceeds the configured tolerance 1.0e-10 at t = 2655.0 s. The tags no longer account for the field they partition; see output/a2_first_order_dt2p5/output_0000/water_tag_closure.csv.
└ @ ClimaAtmos ~/git/ClimaAtmosResiDyn.jl/src/parameterized_tendencies/tagged_tracers/tagged_tracers.jl:590
┌ Warning: water tag closure residual 5.890437097585493e-6 exceeds the configured tolerance 1.0e-10 at t = 2657.5 s. The tags no longer account for the field they partition; see output/a2_first_order_dt2p5/output_0000/water_tag_closure.csv.
└ @ ClimaAtmos ~/git/ClimaAtmosResiDyn.jl/src/parameterized_tendencies/tagged_tracers/tagged_tracers.jl:590
┌ Warning: water tag closure residual 5.890269218186837e-6 exceeds the configured tolerance 1.0e-10 at t = 2660.0 s. The tags no longer account for the field they partition; see output/a2_first_order_dt2p5/output_0000/water_tag_closure.csv.
└ @ ClimaAtmos ~/git/ClimaAtmosResiDyn.jl/src/parameterized_tendencies/tagged_tracers/tagged_tracers.jl:590
┌ Warning: water tag closure residual 5.8901013919770705e-6 exceeds the configured tolerance 1.0e-10 at t = 2662.5 s. The tags no longer account for the field they partition; see output/a2_first_order_dt2p5/output_0000/water_tag_closure.csv.
└ @ ClimaAtmos ~/git/ClimaAtmosResiDyn.jl/src/parameterized_tendencies/tagged_tracers/tagged_tracers.jl:590
┌ Warning: water tag closure residual 5.8899336188619745e-6 exceeds the configured tolerance 1.0e-10 at t = 2665.0 s. The tags no longer account for the field they partition; see output/a2_first_order_dt2p5/output_0000/water_tag_closure.csv.
└ @ ClimaAtmos ~/git/ClimaAtmosResiDyn.jl/src/parameterized_tendencies/tagged_tracers/tagged_tracers.jl:590
┌ Warning: water tag closure residual 5.8897658986327875e-6 exceeds the configured tolerance 1.0e-10 at t = 2667.5 s. The tags no longer account for the field they partition; see output/a2_first_order_dt2p5/output_0000/water_tag_closure.csv.
└ @ ClimaAtmos ~/git/ClimaAtmosResiDyn.jl/src/parameterized_tendencies/tagged_tracers/tagged_tracers.jl:590
┌ Warning: water tag closure residual 5.889598231396581e-6 exceeds the configured tolerance 1.0e-10 at t = 2670.0 s. The tags no longer account for the field they partition; see output/a2_first_order_dt2p5/output_0000/water_tag_closure.csv.
└ @ ClimaAtmos ~/git/ClimaAtmosResiDyn.jl/src/parameterized_tendencies/tagged_tracers/tagged_tracers.jl:590
┌ Warning: water tag closure residual 5.889430616966425e-6 exceeds the configured tolerance 1.0e-10 at t = 2672.5 s. The tags no longer account for the field they partition; see output/a2_first_order_dt2p5/output_0000/water_tag_closure.csv.
└ @ ClimaAtmos ~/git/ClimaAtmosResiDyn.jl/src/parameterized_tendencies/tagged_tracers/tagged_tracers.jl:590
┌ Warning: water tag closure residual 5.889263055358098e-6 exceeds the configured tolerance 1.0e-10 at t = 2675.0 s. The tags no longer account for the field they partition; see output/a2_first_order_dt2p5/output_0000/water_tag_closure.csv.
└ @ ClimaAtmos ~/git/ClimaAtmosResiDyn.jl/src/parameterized_tendencies/tagged_tracers/tagged_tracers.jl:590
┌ Warning: water tag closure residual 5.88909554633543e-6 exceeds the configured tolerance 1.0e-10 at t = 2677.5 s. The tags no longer account for the field they partition; see output/a2_first_order_dt2p5/output_0000/water_tag_closure.csv.
└ @ ClimaAtmos ~/git/ClimaAtmosResiDyn.jl/src/parameterized_tendencies/tagged_tracers/tagged_tracers.jl:590
┌ Warning: water tag closure residual 5.888928090209122e-6 exceeds the configured tolerance 1.0e-10 at t = 2680.0 s. The tags no longer account for the field they partition; see output/a2_first_order_dt2p5/output_0000/water_tag_closure.csv.
└ @ ClimaAtmos ~/git/ClimaAtmosResiDyn.jl/src/parameterized_tendencies/tagged_tracers/tagged_tracers.jl:590
┌ Warning: water tag closure residual 5.888760686746076e-6 exceeds the configured tolerance 1.0e-10 at t = 2682.5 s. The tags no longer account for the field they partition; see output/a2_first_order_dt2p5/output_0000/water_tag_closure.csv.
└ @ ClimaAtmos ~/git/ClimaAtmosResiDyn.jl/src/parameterized_tendencies/tagged_tracers/tagged_tracers.jl:590
┌ Warning: water tag closure residual 5.888593364754151e-6 exceeds the configured tolerance 1.0e-10 at t = 2685.0 s. The tags no longer account for the field they partition; see output/a2_first_order_dt2p5/output_0000/water_tag_closure.csv.
└ @ ClimaAtmos ~/git/ClimaAtmosResiDyn.jl/src/parameterized_tendencies/tagged_tracers/tagged_tracers.jl:590
┌ Warning: water tag closure residual 5.888426129964483e-6 exceeds the configured tolerance 1.0e-10 at t = 2687.5 s. The tags no longer account for the field they partition; see output/a2_first_order_dt2p5/output_0000/water_tag_closure.csv.
└ @ ClimaAtmos ~/git/ClimaAtmosResiDyn.jl/src/parameterized_tendencies/tagged_tracers/tagged_tracers.jl:590
┌ Warning: water tag closure residual 5.888258934841981e-6 exceeds the configured tolerance 1.0e-10 at t = 2690.0 s. The tags no longer account for the field they partition; see output/a2_first_order_dt2p5/output_0000/water_tag_closure.csv.
└ @ ClimaAtmos ~/git/ClimaAtmosResiDyn.jl/src/parameterized_tendencies/tagged_tracers/tagged_tracers.jl:590
┌ Warning: water tag closure residual 5.888091765984287e-6 exceeds the configured tolerance 1.0e-10 at t = 2692.5 s. The tags no longer account for the field they partition; see output/a2_first_order_dt2p5/output_0000/water_tag_closure.csv.
└ @ ClimaAtmos ~/git/ClimaAtmosResiDyn.jl/src/parameterized_tendencies/tagged_tracers/tagged_tracers.jl:590
┌ Warning: water tag closure residual 5.887924663490628e-6 exceeds the configured tolerance 1.0e-10 at t = 2695.0 s. The tags no longer account for the field they partition; see output/a2_first_order_dt2p5/output_0000/water_tag_closure.csv.
└ @ ClimaAtmos ~/git/ClimaAtmosResiDyn.jl/src/parameterized_tendencies/tagged_tracers/tagged_tracers.jl:590
┌ Warning: water tag closure residual 5.8877576327468106e-6 exceeds the configured tolerance 1.0e-10 at t = 2697.5 s. The tags no longer account for the field they partition; see output/a2_first_order_dt2p5/output_0000/water_tag_closure.csv.
└ @ ClimaAtmos ~/git/ClimaAtmosResiDyn.jl/src/parameterized_tendencies/tagged_tracers/tagged_tracers.jl:590
┌ Warning: water tag closure residual 5.887590639199264e-6 exceeds the configured tolerance 1.0e-10 at t = 2700.0 s. The tags no longer account for the field they partition; see output/a2_first_order_dt2p5/output_0000/water_tag_closure.csv.
└ @ ClimaAtmos ~/git/ClimaAtmosResiDyn.jl/src/parameterized_tendencies/tagged_tracers/tagged_tracers.jl:590
┌ Warning: water tag closure residual 5.887423684800983e-6 exceeds the configured tolerance 1.0e-10 at t = 2702.5 s. The tags no longer account for the field they partition; see output/a2_first_order_dt2p5/output_0000/water_tag_closure.csv.
└ @ ClimaAtmos ~/git/ClimaAtmosResiDyn.jl/src/parameterized_tendencies/tagged_tracers/tagged_tracers.jl:590
┌ Warning: water tag closure residual 5.887256797130697e-6 exceeds the configured tolerance 1.0e-10 at t = 2705.0 s. The tags no longer account for the field they partition; see output/a2_first_order_dt2p5/output_0000/water_tag_closure.csv.
└ @ ClimaAtmos ~/git/ClimaAtmosResiDyn.jl/src/parameterized_tendencies/tagged_tracers/tagged_tracers.jl:590
┌ Warning: water tag closure residual 5.887089969559604e-6 exceeds the configured tolerance 1.0e-10 at t = 2707.5 s. The tags no longer account for the field they partition; see output/a2_first_order_dt2p5/output_0000/water_tag_closure.csv.
└ @ ClimaAtmos ~/git/ClimaAtmosResiDyn.jl/src/parameterized_tendencies/tagged_tracers/tagged_tracers.jl:590
┌ Warning: water tag closure residual 5.886923181253656e-6 exceeds the configured tolerance 1.0e-10 at t = 2710.0 s. The tags no longer account for the field they partition; see output/a2_first_order_dt2p5/output_0000/water_tag_closure.csv.
└ @ ClimaAtmos ~/git/ClimaAtmosResiDyn.jl/src/parameterized_tendencies/tagged_tracers/tagged_tracers.jl:590
┌ Warning: water tag closure residual 5.886756441077789e-6 exceeds the configured tolerance 1.0e-10 at t = 2712.5 s. The tags no longer account for the field they partition; see output/a2_first_order_dt2p5/output_0000/water_tag_closure.csv.
└ @ ClimaAtmos ~/git/ClimaAtmosResiDyn.jl/src/parameterized_tendencies/tagged_tracers/tagged_tracers.jl:590
┌ Warning: water tag closure residual 5.886589764362701e-6 exceeds the configured tolerance 1.0e-10 at t = 2715.0 s. The tags no longer account for the field they partition; see output/a2_first_order_dt2p5/output_0000/water_tag_closure.csv.
└ @ ClimaAtmos ~/git/ClimaAtmosResiDyn.jl/src/parameterized_tendencies/tagged_tracers/tagged_tracers.jl:590
┌ Warning: water tag closure residual 5.886423140982002e-6 exceeds the configured tolerance 1.0e-10 at t = 2717.5 s. The tags no longer account for the field they partition; see output/a2_first_order_dt2p5/output_0000/water_tag_closure.csv.
└ @ ClimaAtmos ~/git/ClimaAtmosResiDyn.jl/src/parameterized_tendencies/tagged_tracers/tagged_tracers.jl:590
┌ Warning: water tag closure residual 5.886256560353824e-6 exceeds the configured tolerance 1.0e-10 at t = 2720.0 s. The tags no longer account for the field they partition; see output/a2_first_order_dt2p5/output_0000/water_tag_closure.csv.
└ @ ClimaAtmos ~/git/ClimaAtmosResiDyn.jl/src/parameterized_tendencies/tagged_tracers/tagged_tracers.jl:590
┌ Warning: water tag closure residual 5.886090032310334e-6 exceeds the configured tolerance 1.0e-10 at t = 2722.5 s. The tags no longer account for the field they partition; see output/a2_first_order_dt2p5/output_0000/water_tag_closure.csv.
└ @ ClimaAtmos ~/git/ClimaAtmosResiDyn.jl/src/parameterized_tendencies/tagged_tracers/tagged_tracers.jl:590
┌ Warning: water tag closure residual 5.885923563567339e-6 exceeds the configured tolerance 1.0e-10 at t = 2725.0 s. The tags no longer account for the field they partition; see output/a2_first_order_dt2p5/output_0000/water_tag_closure.csv.
└ @ ClimaAtmos ~/git/ClimaAtmosResiDyn.jl/src/parameterized_tendencies/tagged_tracers/tagged_tracers.jl:590
┌ Warning: water tag closure residual 5.88575714487966e-6 exceeds the configured tolerance 1.0e-10 at t = 2727.5 s. The tags no longer account for the field they partition; see output/a2_first_order_dt2p5/output_0000/water_tag_closure.csv.
└ @ ClimaAtmos ~/git/ClimaAtmosResiDyn.jl/src/parameterized_tendencies/tagged_tracers/tagged_tracers.jl:590
┌ Warning: water tag closure residual 5.885590772407339e-6 exceeds the configured tolerance 1.0e-10 at t = 2730.0 s. The tags no longer account for the field they partition; see output/a2_first_order_dt2p5/output_0000/water_tag_closure.csv.
└ @ ClimaAtmos ~/git/ClimaAtmosResiDyn.jl/src/parameterized_tendencies/tagged_tracers/tagged_tracers.jl:590
┌ Warning: water tag closure residual 5.885424454119243e-6 exceeds the configured tolerance 1.0e-10 at t = 2732.5 s. The tags no longer account for the field they partition; see output/a2_first_order_dt2p5/output_0000/water_tag_closure.csv.
└ @ ClimaAtmos ~/git/ClimaAtmosResiDyn.jl/src/parameterized_tendencies/tagged_tracers/tagged_tracers.jl:590
┌ Warning: water tag closure residual 5.8852581919030005e-6 exceeds the configured tolerance 1.0e-10 at t = 2735.0 s. The tags no longer account for the field they partition; see output/a2_first_order_dt2p5/output_0000/water_tag_closure.csv.
└ @ ClimaAtmos ~/git/ClimaAtmosResiDyn.jl/src/parameterized_tendencies/tagged_tracers/tagged_tracers.jl:590
┌ Warning: water tag closure residual 5.885091978591692e-6 exceeds the configured tolerance 1.0e-10 at t = 2737.5 s. The tags no longer account for the field they partition; see output/a2_first_order_dt2p5/output_0000/water_tag_closure.csv.
└ @ ClimaAtmos ~/git/ClimaAtmosResiDyn.jl/src/parameterized_tendencies/tagged_tracers/tagged_tracers.jl:590
┌ Warning: water tag closure residual 5.884925814001096e-6 exceeds the configured tolerance 1.0e-10 at t = 2740.0 s. The tags no longer account for the field they partition; see output/a2_first_order_dt2p5/output_0000/water_tag_closure.csv.
└ @ ClimaAtmos ~/git/ClimaAtmosResiDyn.jl/src/parameterized_tendencies/tagged_tracers/tagged_tracers.jl:590
┌ Warning: water tag closure residual 5.884759703669792e-6 exceeds the configured tolerance 1.0e-10 at t = 2742.5 s. The tags no longer account for the field they partition; see output/a2_first_order_dt2p5/output_0000/water_tag_closure.csv.
└ @ ClimaAtmos ~/git/ClimaAtmosResiDyn.jl/src/parameterized_tendencies/tagged_tracers/tagged_tracers.jl:590
┌ Info: Progress
│   simulation_time = "45 minutes, 42 seconds"
│   n_steps_completed = 1097
│   wall_time_per_step = "4 milliseconds, 441 nanoseconds"
│   wall_time_total = "5 seconds, 760 milliseconds"
│   wall_time_remaining = "1 second, 372 milliseconds"
│   wall_time_spent = "4 seconds, 388 milliseconds"
│   percent_complete = "76.2%"
│   estimated_sypd = "1.711"
│   instantaneous_sypd = "2.278"
│   date_now = 2026-09-10T00:49:38.302
└   estimated_finish_date = 2026-09-10T00:49:40.302
┌ Warning: water tag closure residual 5.884593646800279e-6 exceeds the configured tolerance 1.0e-10 at t = 2745.0 s. The tags no longer account for the field they partition; see output/a2_first_order_dt2p5/output_0000/water_tag_closure.csv.
└ @ ClimaAtmos ~/git/ClimaAtmosResiDyn.jl/src/parameterized_tendencies/tagged_tracers/tagged_tracers.jl:590
┌ Warning: water tag closure residual 5.884427638907578e-6 exceeds the configured tolerance 1.0e-10 at t = 2747.5 s. The tags no longer account for the field they partition; see output/a2_first_order_dt2p5/output_0000/water_tag_closure.csv.
└ @ ClimaAtmos ~/git/ClimaAtmosResiDyn.jl/src/parameterized_tendencies/tagged_tracers/tagged_tracers.jl:590
┌ Warning: water tag closure residual 5.884261681383406e-6 exceeds the configured tolerance 1.0e-10 at t = 2750.0 s. The tags no longer account for the field they partition; see output/a2_first_order_dt2p5/output_0000/water_tag_closure.csv.
└ @ ClimaAtmos ~/git/ClimaAtmosResiDyn.jl/src/parameterized_tendencies/tagged_tracers/tagged_tracers.jl:590
┌ Warning: water tag closure residual 5.8840957774806975e-6 exceeds the configured tolerance 1.0e-10 at t = 2752.5 s. The tags no longer account for the field they partition; see output/a2_first_order_dt2p5/output_0000/water_tag_closure.csv.
└ @ ClimaAtmos ~/git/ClimaAtmosResiDyn.jl/src/parameterized_tendencies/tagged_tracers/tagged_tracers.jl:590
┌ Warning: water tag closure residual 5.883929925331802e-6 exceeds the configured tolerance 1.0e-10 at t = 2755.0 s. The tags no longer account for the field they partition; see output/a2_first_order_dt2p5/output_0000/water_tag_closure.csv.
└ @ ClimaAtmos ~/git/ClimaAtmosResiDyn.jl/src/parameterized_tendencies/tagged_tracers/tagged_tracers.jl:590
┌ Warning: water tag closure residual 5.88376412251436e-6 exceeds the configured tolerance 1.0e-10 at t = 2757.5 s. The tags no longer account for the field they partition; see output/a2_first_order_dt2p5/output_0000/water_tag_closure.csv.
└ @ ClimaAtmos ~/git/ClimaAtmosResiDyn.jl/src/parameterized_tendencies/tagged_tracers/tagged_tracers.jl:590
┌ Warning: water tag closure residual 5.883598370810537e-6 exceeds the configured tolerance 1.0e-10 at t = 2760.0 s. The tags no longer account for the field they partition; see output/a2_first_order_dt2p5/output_0000/water_tag_closure.csv.
└ @ ClimaAtmos ~/git/ClimaAtmosResiDyn.jl/src/parameterized_tendencies/tagged_tracers/tagged_tracers.jl:590
┌ Warning: water tag closure residual 5.883432671925703e-6 exceeds the configured tolerance 1.0e-10 at t = 2762.5 s. The tags no longer account for the field they partition; see output/a2_first_order_dt2p5/output_0000/water_tag_closure.csv.
└ @ ClimaAtmos ~/git/ClimaAtmosResiDyn.jl/src/parameterized_tendencies/tagged_tracers/tagged_tracers.jl:590
┌ Warning: water tag closure residual 5.883267024049354e-6 exceeds the configured tolerance 1.0e-10 at t = 2765.0 s. The tags no longer account for the field they partition; see output/a2_first_order_dt2p5/output_0000/water_tag_closure.csv.
└ @ ClimaAtmos ~/git/ClimaAtmosResiDyn.jl/src/parameterized_tendencies/tagged_tracers/tagged_tracers.jl:590
┌ Warning: water tag closure residual 5.88310142597821e-6 exceeds the configured tolerance 1.0e-10 at t = 2767.5 s. The tags no longer account for the field they partition; see output/a2_first_order_dt2p5/output_0000/water_tag_closure.csv.
└ @ ClimaAtmos ~/git/ClimaAtmosResiDyn.jl/src/parameterized_tendencies/tagged_tracers/tagged_tracers.jl:590
┌ Warning: water tag closure residual 5.882935879369141e-6 exceeds the configured tolerance 1.0e-10 at t = 2770.0 s. The tags no longer account for the field they partition; see output/a2_first_order_dt2p5/output_0000/water_tag_closure.csv.
└ @ ClimaAtmos ~/git/ClimaAtmosResiDyn.jl/src/parameterized_tendencies/tagged_tracers/tagged_tracers.jl:590
┌ Warning: water tag closure residual 5.882770384620826e-6 exceeds the configured tolerance 1.0e-10 at t = 2772.5 s. The tags no longer account for the field they partition; see output/a2_first_order_dt2p5/output_0000/water_tag_closure.csv.
└ @ ClimaAtmos ~/git/ClimaAtmosResiDyn.jl/src/parameterized_tendencies/tagged_tracers/tagged_tracers.jl:590
┌ Warning: water tag closure residual 5.882604940348847e-6 exceeds the configured tolerance 1.0e-10 at t = 2775.0 s. The tags no longer account for the field they partition; see output/a2_first_order_dt2p5/output_0000/water_tag_closure.csv.
└ @ ClimaAtmos ~/git/ClimaAtmosResiDyn.jl/src/parameterized_tendencies/tagged_tracers/tagged_tracers.jl:590
┌ Warning: water tag closure residual 5.882439546251995e-6 exceeds the configured tolerance 1.0e-10 at t = 2777.5 s. The tags no longer account for the field they partition; see output/a2_first_order_dt2p5/output_0000/water_tag_closure.csv.
└ @ ClimaAtmos ~/git/ClimaAtmosResiDyn.jl/src/parameterized_tendencies/tagged_tracers/tagged_tracers.jl:590
┌ Warning: water tag closure residual 5.882274203458293e-6 exceeds the configured tolerance 1.0e-10 at t = 2780.0 s. The tags no longer account for the field they partition; see output/a2_first_order_dt2p5/output_0000/water_tag_closure.csv.
└ @ ClimaAtmos ~/git/ClimaAtmosResiDyn.jl/src/parameterized_tendencies/tagged_tracers/tagged_tracers.jl:590
┌ Warning: water tag closure residual 5.882108911901846e-6 exceeds the configured tolerance 1.0e-10 at t = 2782.5 s. The tags no longer account for the field they partition; see output/a2_first_order_dt2p5/output_0000/water_tag_closure.csv.
└ @ ClimaAtmos ~/git/ClimaAtmosResiDyn.jl/src/parameterized_tendencies/tagged_tracers/tagged_tracers.jl:590
┌ Warning: water tag closure residual 5.881943670614247e-6 exceeds the configured tolerance 1.0e-10 at t = 2785.0 s. The tags no longer account for the field they partition; see output/a2_first_order_dt2p5/output_0000/water_tag_closure.csv.
└ @ ClimaAtmos ~/git/ClimaAtmosResiDyn.jl/src/parameterized_tendencies/tagged_tracers/tagged_tracers.jl:590
┌ Warning: water tag closure residual 5.8817784798985865e-6 exceeds the configured tolerance 1.0e-10 at t = 2787.5 s. The tags no longer account for the field they partition; see output/a2_first_order_dt2p5/output_0000/water_tag_closure.csv.
└ @ ClimaAtmos ~/git/ClimaAtmosResiDyn.jl/src/parameterized_tendencies/tagged_tracers/tagged_tracers.jl:590
┌ Warning: water tag closure residual 5.881613340084672e-6 exceeds the configured tolerance 1.0e-10 at t = 2790.0 s. The tags no longer account for the field they partition; see output/a2_first_order_dt2p5/output_0000/water_tag_closure.csv.
└ @ ClimaAtmos ~/git/ClimaAtmosResiDyn.jl/src/parameterized_tendencies/tagged_tracers/tagged_tracers.jl:590
┌ Warning: water tag closure residual 5.881448251040176e-6 exceeds the configured tolerance 1.0e-10 at t = 2792.5 s. The tags no longer account for the field they partition; see output/a2_first_order_dt2p5/output_0000/water_tag_closure.csv.
└ @ ClimaAtmos ~/git/ClimaAtmosResiDyn.jl/src/parameterized_tendencies/tagged_tracers/tagged_tracers.jl:590
┌ Warning: water tag closure residual 5.881283212122552e-6 exceeds the configured tolerance 1.0e-10 at t = 2795.0 s. The tags no longer account for the field they partition; see output/a2_first_order_dt2p5/output_0000/water_tag_closure.csv.
└ @ ClimaAtmos ~/git/ClimaAtmosResiDyn.jl/src/parameterized_tendencies/tagged_tracers/tagged_tracers.jl:590
┌ Warning: water tag closure residual 5.8811182237171795e-6 exceeds the configured tolerance 1.0e-10 at t = 2797.5 s. The tags no longer account for the field they partition; see output/a2_first_order_dt2p5/output_0000/water_tag_closure.csv.
└ @ ClimaAtmos ~/git/ClimaAtmosResiDyn.jl/src/parameterized_tendencies/tagged_tracers/tagged_tracers.jl:590
┌ Warning: water tag closure residual 5.880953286007849e-6 exceeds the configured tolerance 1.0e-10 at t = 2800.0 s. The tags no longer account for the field they partition; see output/a2_first_order_dt2p5/output_0000/water_tag_closure.csv.
└ @ ClimaAtmos ~/git/ClimaAtmosResiDyn.jl/src/parameterized_tendencies/tagged_tracers/tagged_tracers.jl:590
┌ Warning: water tag closure residual 5.880788398817983e-6 exceeds the configured tolerance 1.0e-10 at t = 2802.5 s. The tags no longer account for the field they partition; see output/a2_first_order_dt2p5/output_0000/water_tag_closure.csv.
└ @ ClimaAtmos ~/git/ClimaAtmosResiDyn.jl/src/parameterized_tendencies/tagged_tracers/tagged_tracers.jl:590
┌ Warning: water tag closure residual 5.880623561579618e-6 exceeds the configured tolerance 1.0e-10 at t = 2805.0 s. The tags no longer account for the field they partition; see output/a2_first_order_dt2p5/output_0000/water_tag_closure.csv.
└ @ ClimaAtmos ~/git/ClimaAtmosResiDyn.jl/src/parameterized_tendencies/tagged_tracers/tagged_tracers.jl:590
┌ Warning: water tag closure residual 5.880458774694948e-6 exceeds the configured tolerance 1.0e-10 at t = 2807.5 s. The tags no longer account for the field they partition; see output/a2_first_order_dt2p5/output_0000/water_tag_closure.csv.
└ @ ClimaAtmos ~/git/ClimaAtmosResiDyn.jl/src/parameterized_tendencies/tagged_tracers/tagged_tracers.jl:590
┌ Warning: water tag closure residual 5.880294038259403e-6 exceeds the configured tolerance 1.0e-10 at t = 2810.0 s. The tags no longer account for the field they partition; see output/a2_first_order_dt2p5/output_0000/water_tag_closure.csv.
└ @ ClimaAtmos ~/git/ClimaAtmosResiDyn.jl/src/parameterized_tendencies/tagged_tracers/tagged_tracers.jl:590
┌ Warning: water tag closure residual 5.880129351948381e-6 exceeds the configured tolerance 1.0e-10 at t = 2812.5 s. The tags no longer account for the field they partition; see output/a2_first_order_dt2p5/output_0000/water_tag_closure.csv.
└ @ ClimaAtmos ~/git/ClimaAtmosResiDyn.jl/src/parameterized_tendencies/tagged_tracers/tagged_tracers.jl:590
┌ Warning: water tag closure residual 5.8799647157368675e-6 exceeds the configured tolerance 1.0e-10 at t = 2815.0 s. The tags no longer account for the field they partition; see output/a2_first_order_dt2p5/output_0000/water_tag_closure.csv.
└ @ ClimaAtmos ~/git/ClimaAtmosResiDyn.jl/src/parameterized_tendencies/tagged_tracers/tagged_tracers.jl:590
┌ Warning: water tag closure residual 5.879800129676478e-6 exceeds the configured tolerance 1.0e-10 at t = 2817.5 s. The tags no longer account for the field they partition; see output/a2_first_order_dt2p5/output_0000/water_tag_closure.csv.
└ @ ClimaAtmos ~/git/ClimaAtmosResiDyn.jl/src/parameterized_tendencies/tagged_tracers/tagged_tracers.jl:590
┌ Warning: water tag closure residual 5.879635593712781e-6 exceeds the configured tolerance 1.0e-10 at t = 2820.0 s. The tags no longer account for the field they partition; see output/a2_first_order_dt2p5/output_0000/water_tag_closure.csv.
└ @ ClimaAtmos ~/git/ClimaAtmosResiDyn.jl/src/parameterized_tendencies/tagged_tracers/tagged_tracers.jl:590
┌ Warning: water tag closure residual 5.87947110775012e-6 exceeds the configured tolerance 1.0e-10 at t = 2822.5 s. The tags no longer account for the field they partition; see output/a2_first_order_dt2p5/output_0000/water_tag_closure.csv.
└ @ ClimaAtmos ~/git/ClimaAtmosResiDyn.jl/src/parameterized_tendencies/tagged_tracers/tagged_tracers.jl:590
┌ Warning: water tag closure residual 5.879306671591324e-6 exceeds the configured tolerance 1.0e-10 at t = 2825.0 s. The tags no longer account for the field they partition; see output/a2_first_order_dt2p5/output_0000/water_tag_closure.csv.
└ @ ClimaAtmos ~/git/ClimaAtmosResiDyn.jl/src/parameterized_tendencies/tagged_tracers/tagged_tracers.jl:590
┌ Warning: water tag closure residual 5.879142285476656e-6 exceeds the configured tolerance 1.0e-10 at t = 2827.5 s. The tags no longer account for the field they partition; see output/a2_first_order_dt2p5/output_0000/water_tag_closure.csv.
└ @ ClimaAtmos ~/git/ClimaAtmosResiDyn.jl/src/parameterized_tendencies/tagged_tracers/tagged_tracers.jl:590
┌ Warning: water tag closure residual 5.878977949306213e-6 exceeds the configured tolerance 1.0e-10 at t = 2830.0 s. The tags no longer account for the field they partition; see output/a2_first_order_dt2p5/output_0000/water_tag_closure.csv.
└ @ ClimaAtmos ~/git/ClimaAtmosResiDyn.jl/src/parameterized_tendencies/tagged_tracers/tagged_tracers.jl:590
┌ Warning: water tag closure residual 5.878813662863301e-6 exceeds the configured tolerance 1.0e-10 at t = 2832.5 s. The tags no longer account for the field they partition; see output/a2_first_order_dt2p5/output_0000/water_tag_closure.csv.
└ @ ClimaAtmos ~/git/ClimaAtmosResiDyn.jl/src/parameterized_tendencies/tagged_tracers/tagged_tracers.jl:590
┌ Warning: water tag closure residual 5.878649426146911e-6 exceeds the configured tolerance 1.0e-10 at t = 2835.0 s. The tags no longer account for the field they partition; see output/a2_first_order_dt2p5/output_0000/water_tag_closure.csv.
└ @ ClimaAtmos ~/git/ClimaAtmosResiDyn.jl/src/parameterized_tendencies/tagged_tracers/tagged_tracers.jl:590
┌ Warning: water tag closure residual 5.878485239260304e-6 exceeds the configured tolerance 1.0e-10 at t = 2837.5 s. The tags no longer account for the field they partition; see output/a2_first_order_dt2p5/output_0000/water_tag_closure.csv.
└ @ ClimaAtmos ~/git/ClimaAtmosResiDyn.jl/src/parameterized_tendencies/tagged_tracers/tagged_tracers.jl:590
┌ Warning: water tag closure residual 5.878321101962309e-6 exceeds the configured tolerance 1.0e-10 at t = 2840.0 s. The tags no longer account for the field they partition; see output/a2_first_order_dt2p5/output_0000/water_tag_closure.csv.
└ @ ClimaAtmos ~/git/ClimaAtmosResiDyn.jl/src/parameterized_tendencies/tagged_tracers/tagged_tracers.jl:590
┌ Warning: water tag closure residual 5.878157014372577e-6 exceeds the configured tolerance 1.0e-10 at t = 2842.5 s. The tags no longer account for the field they partition; see output/a2_first_order_dt2p5/output_0000/water_tag_closure.csv.
└ @ ClimaAtmos ~/git/ClimaAtmosResiDyn.jl/src/parameterized_tendencies/tagged_tracers/tagged_tracers.jl:590
┌ Warning: water tag closure residual 5.877992976239649e-6 exceeds the configured tolerance 1.0e-10 at t = 2845.0 s. The tags no longer account for the field they partition; see output/a2_first_order_dt2p5/output_0000/water_tag_closure.csv.
└ @ ClimaAtmos ~/git/ClimaAtmosResiDyn.jl/src/parameterized_tendencies/tagged_tracers/tagged_tracers.jl:590
┌ Warning: water tag closure residual 5.87782898758942e-6 exceeds the configured tolerance 1.0e-10 at t = 2847.5 s. The tags no longer account for the field they partition; see output/a2_first_order_dt2p5/output_0000/water_tag_closure.csv.
└ @ ClimaAtmos ~/git/ClimaAtmosResiDyn.jl/src/parameterized_tendencies/tagged_tracers/tagged_tracers.jl:590
┌ Warning: water tag closure residual 5.877665048581555e-6 exceeds the configured tolerance 1.0e-10 at t = 2850.0 s. The tags no longer account for the field they partition; see output/a2_first_order_dt2p5/output_0000/water_tag_closure.csv.
└ @ ClimaAtmos ~/git/ClimaAtmosResiDyn.jl/src/parameterized_tendencies/tagged_tracers/tagged_tracers.jl:590
┌ Warning: water tag closure residual 5.8775011589388854e-6 exceeds the configured tolerance 1.0e-10 at t = 2852.5 s. The tags no longer account for the field they partition; see output/a2_first_order_dt2p5/output_0000/water_tag_closure.csv.
└ @ ClimaAtmos ~/git/ClimaAtmosResiDyn.jl/src/parameterized_tendencies/tagged_tracers/tagged_tracers.jl:590
┌ Warning: water tag closure residual 5.877337318661723e-6 exceeds the configured tolerance 1.0e-10 at t = 2855.0 s. The tags no longer account for the field they partition; see output/a2_first_order_dt2p5/output_0000/water_tag_closure.csv.
└ @ ClimaAtmos ~/git/ClimaAtmosResiDyn.jl/src/parameterized_tendencies/tagged_tracers/tagged_tracers.jl:590
┌ Warning: water tag closure residual 5.877173527779804e-6 exceeds the configured tolerance 1.0e-10 at t = 2857.5 s. The tags no longer account for the field they partition; see output/a2_first_order_dt2p5/output_0000/water_tag_closure.csv.
└ @ ClimaAtmos ~/git/ClimaAtmosResiDyn.jl/src/parameterized_tendencies/tagged_tracers/tagged_tracers.jl:590
┌ Warning: water tag closure residual 5.877009786111084e-6 exceeds the configured tolerance 1.0e-10 at t = 2860.0 s. The tags no longer account for the field they partition; see output/a2_first_order_dt2p5/output_0000/water_tag_closure.csv.
└ @ ClimaAtmos ~/git/ClimaAtmosResiDyn.jl/src/parameterized_tendencies/tagged_tracers/tagged_tracers.jl:590
┌ Warning: water tag closure residual 5.87684609375288e-6 exceeds the configured tolerance 1.0e-10 at t = 2862.5 s. The tags no longer account for the field they partition; see output/a2_first_order_dt2p5/output_0000/water_tag_closure.csv.
└ @ ClimaAtmos ~/git/ClimaAtmosResiDyn.jl/src/parameterized_tendencies/tagged_tracers/tagged_tracers.jl:590
┌ Warning: water tag closure residual 5.876682450574405e-6 exceeds the configured tolerance 1.0e-10 at t = 2865.0 s. The tags no longer account for the field they partition; see output/a2_first_order_dt2p5/output_0000/water_tag_closure.csv.
└ @ ClimaAtmos ~/git/ClimaAtmosResiDyn.jl/src/parameterized_tendencies/tagged_tracers/tagged_tracers.jl:590
┌ Warning: water tag closure residual 5.876518856581814e-6 exceeds the configured tolerance 1.0e-10 at t = 2867.5 s. The tags no longer account for the field they partition; see output/a2_first_order_dt2p5/output_0000/water_tag_closure.csv.
└ @ ClimaAtmos ~/git/ClimaAtmosResiDyn.jl/src/parameterized_tendencies/tagged_tracers/tagged_tracers.jl:590
┌ Warning: water tag closure residual 5.876355311717101e-6 exceeds the configured tolerance 1.0e-10 at t = 2870.0 s. The tags no longer account for the field they partition; see output/a2_first_order_dt2p5/output_0000/water_tag_closure.csv.
└ @ ClimaAtmos ~/git/ClimaAtmosResiDyn.jl/src/parameterized_tendencies/tagged_tracers/tagged_tracers.jl:590
┌ Warning: water tag closure residual 5.876191815956742e-6 exceeds the configured tolerance 1.0e-10 at t = 2872.5 s. The tags no longer account for the field they partition; see output/a2_first_order_dt2p5/output_0000/water_tag_closure.csv.
└ @ ClimaAtmos ~/git/ClimaAtmosResiDyn.jl/src/parameterized_tendencies/tagged_tracers/tagged_tracers.jl:590
┌ Warning: water tag closure residual 5.87602836921292e-6 exceeds the configured tolerance 1.0e-10 at t = 2875.0 s. The tags no longer account for the field they partition; see output/a2_first_order_dt2p5/output_0000/water_tag_closure.csv.
└ @ ClimaAtmos ~/git/ClimaAtmosResiDyn.jl/src/parameterized_tendencies/tagged_tracers/tagged_tracers.jl:590
┌ Warning: water tag closure residual 5.8758649713889025e-6 exceeds the configured tolerance 1.0e-10 at t = 2877.5 s. The tags no longer account for the field they partition; see output/a2_first_order_dt2p5/output_0000/water_tag_closure.csv.
└ @ ClimaAtmos ~/git/ClimaAtmosResiDyn.jl/src/parameterized_tendencies/tagged_tracers/tagged_tracers.jl:590
┌ Warning: water tag closure residual 5.875701622547748e-6 exceeds the configured tolerance 1.0e-10 at t = 2880.0 s. The tags no longer account for the field they partition; see output/a2_first_order_dt2p5/output_0000/water_tag_closure.csv.
└ @ ClimaAtmos ~/git/ClimaAtmosResiDyn.jl/src/parameterized_tendencies/tagged_tracers/tagged_tracers.jl:590
┌ Warning: water tag closure residual 5.875538322573236e-6 exceeds the configured tolerance 1.0e-10 at t = 2882.5 s. The tags no longer account for the field they partition; see output/a2_first_order_dt2p5/output_0000/water_tag_closure.csv.
└ @ ClimaAtmos ~/git/ClimaAtmosResiDyn.jl/src/parameterized_tendencies/tagged_tracers/tagged_tracers.jl:590
┌ Warning: water tag closure residual 5.8753750713998576e-6 exceeds the configured tolerance 1.0e-10 at t = 2885.0 s. The tags no longer account for the field they partition; see output/a2_first_order_dt2p5/output_0000/water_tag_closure.csv.
└ @ ClimaAtmos ~/git/ClimaAtmosResiDyn.jl/src/parameterized_tendencies/tagged_tracers/tagged_tracers.jl:590
┌ Warning: water tag closure residual 5.875211869058219e-6 exceeds the configured tolerance 1.0e-10 at t = 2887.5 s. The tags no longer account for the field they partition; see output/a2_first_order_dt2p5/output_0000/water_tag_closure.csv.
└ @ ClimaAtmos ~/git/ClimaAtmosResiDyn.jl/src/parameterized_tendencies/tagged_tracers/tagged_tracers.jl:590
┌ Warning: water tag closure residual 5.8750487154328155e-6 exceeds the configured tolerance 1.0e-10 at t = 2890.0 s. The tags no longer account for the field they partition; see output/a2_first_order_dt2p5/output_0000/water_tag_closure.csv.
└ @ ClimaAtmos ~/git/ClimaAtmosResiDyn.jl/src/parameterized_tendencies/tagged_tracers/tagged_tracers.jl:590
┌ Warning: water tag closure residual 5.874885610531663e-6 exceeds the configured tolerance 1.0e-10 at t = 2892.5 s. The tags no longer account for the field they partition; see output/a2_first_order_dt2p5/output_0000/water_tag_closure.csv.
└ @ ClimaAtmos ~/git/ClimaAtmosResiDyn.jl/src/parameterized_tendencies/tagged_tracers/tagged_tracers.jl:590
┌ Warning: water tag closure residual 5.874722554187935e-6 exceeds the configured tolerance 1.0e-10 at t = 2895.0 s. The tags no longer account for the field they partition; see output/a2_first_order_dt2p5/output_0000/water_tag_closure.csv.
└ @ ClimaAtmos ~/git/ClimaAtmosResiDyn.jl/src/parameterized_tendencies/tagged_tracers/tagged_tracers.jl:590
┌ Warning: water tag closure residual 5.874559546468054e-6 exceeds the configured tolerance 1.0e-10 at t = 2897.5 s. The tags no longer account for the field they partition; see output/a2_first_order_dt2p5/output_0000/water_tag_closure.csv.
└ @ ClimaAtmos ~/git/ClimaAtmosResiDyn.jl/src/parameterized_tendencies/tagged_tracers/tagged_tracers.jl:590
┌ Warning: water tag closure residual 5.874396587416236e-6 exceeds the configured tolerance 1.0e-10 at t = 2900.0 s. The tags no longer account for the field they partition; see output/a2_first_order_dt2p5/output_0000/water_tag_closure.csv.
└ @ ClimaAtmos ~/git/ClimaAtmosResiDyn.jl/src/parameterized_tendencies/tagged_tracers/tagged_tracers.jl:590
┌ Warning: water tag closure residual 5.8742336769449815e-6 exceeds the configured tolerance 1.0e-10 at t = 2902.5 s. The tags no longer account for the field they partition; see output/a2_first_order_dt2p5/output_0000/water_tag_closure.csv.
└ @ ClimaAtmos ~/git/ClimaAtmosResiDyn.jl/src/parameterized_tendencies/tagged_tracers/tagged_tracers.jl:590
┌ Warning: water tag closure residual 5.874070814891107e-6 exceeds the configured tolerance 1.0e-10 at t = 2905.0 s. The tags no longer account for the field they partition; see output/a2_first_order_dt2p5/output_0000/water_tag_closure.csv.
└ @ ClimaAtmos ~/git/ClimaAtmosResiDyn.jl/src/parameterized_tendencies/tagged_tracers/tagged_tracers.jl:590
┌ Warning: water tag closure residual 5.8739080015134395e-6 exceeds the configured tolerance 1.0e-10 at t = 2907.5 s. The tags no longer account for the field they partition; see output/a2_first_order_dt2p5/output_0000/water_tag_closure.csv.
└ @ ClimaAtmos ~/git/ClimaAtmosResiDyn.jl/src/parameterized_tendencies/tagged_tracers/tagged_tracers.jl:590
┌ Warning: water tag closure residual 5.873745237365664e-6 exceeds the configured tolerance 1.0e-10 at t = 2910.0 s. The tags no longer account for the field they partition; see output/a2_first_order_dt2p5/output_0000/water_tag_closure.csv.
└ @ ClimaAtmos ~/git/ClimaAtmosResiDyn.jl/src/parameterized_tendencies/tagged_tracers/tagged_tracers.jl:590
┌ Warning: water tag closure residual 5.873582522839171e-6 exceeds the configured tolerance 1.0e-10 at t = 2912.5 s. The tags no longer account for the field they partition; see output/a2_first_order_dt2p5/output_0000/water_tag_closure.csv.
└ @ ClimaAtmos ~/git/ClimaAtmosResiDyn.jl/src/parameterized_tendencies/tagged_tracers/tagged_tracers.jl:590
┌ Warning: water tag closure residual 5.873419857782787e-6 exceeds the configured tolerance 1.0e-10 at t = 2915.0 s. The tags no longer account for the field they partition; see output/a2_first_order_dt2p5/output_0000/water_tag_closure.csv.
└ @ ClimaAtmos ~/git/ClimaAtmosResiDyn.jl/src/parameterized_tendencies/tagged_tracers/tagged_tracers.jl:590
┌ Warning: water tag closure residual 5.87325724201405e-6 exceeds the configured tolerance 1.0e-10 at t = 2917.5 s. The tags no longer account for the field they partition; see output/a2_first_order_dt2p5/output_0000/water_tag_closure.csv.
└ @ ClimaAtmos ~/git/ClimaAtmosResiDyn.jl/src/parameterized_tendencies/tagged_tracers/tagged_tracers.jl:590
┌ Warning: water tag closure residual 5.873094675206088e-6 exceeds the configured tolerance 1.0e-10 at t = 2920.0 s. The tags no longer account for the field they partition; see output/a2_first_order_dt2p5/output_0000/water_tag_closure.csv.
└ @ ClimaAtmos ~/git/ClimaAtmosResiDyn.jl/src/parameterized_tendencies/tagged_tracers/tagged_tracers.jl:590
┌ Warning: water tag closure residual 5.8729321578266514e-6 exceeds the configured tolerance 1.0e-10 at t = 2922.5 s. The tags no longer account for the field they partition; see output/a2_first_order_dt2p5/output_0000/water_tag_closure.csv.
└ @ ClimaAtmos ~/git/ClimaAtmosResiDyn.jl/src/parameterized_tendencies/tagged_tracers/tagged_tracers.jl:590
┌ Warning: water tag closure residual 5.87276968979478e-6 exceeds the configured tolerance 1.0e-10 at t = 2925.0 s. The tags no longer account for the field they partition; see output/a2_first_order_dt2p5/output_0000/water_tag_closure.csv.
└ @ ClimaAtmos ~/git/ClimaAtmosResiDyn.jl/src/parameterized_tendencies/tagged_tracers/tagged_tracers.jl:590
┌ Info: Progress
│   simulation_time = "48 minutes, 45 seconds"
│   n_steps_completed = 1170
│   wall_time_per_step = "3 milliseconds, 938 microseconds"
│   wall_time_total = "5 seconds, 671 milliseconds"
│   wall_time_remaining = "1 second, 63 milliseconds"
│   wall_time_spent = "4 seconds, 608 milliseconds"
│   percent_complete = "81.2%"
│   estimated_sypd = "1.738"
│   instantaneous_sypd = "2.275"
│   date_now = 2026-09-10T00:49:38.521
└   estimated_finish_date = 2026-09-10T00:49:40.521
┌ Warning: water tag closure residual 5.872607270708375e-6 exceeds the configured tolerance 1.0e-10 at t = 2927.5 s. The tags no longer account for the field they partition; see output/a2_first_order_dt2p5/output_0000/water_tag_closure.csv.
└ @ ClimaAtmos ~/git/ClimaAtmosResiDyn.jl/src/parameterized_tendencies/tagged_tracers/tagged_tracers.jl:590
┌ Warning: water tag closure residual 5.872444900743555e-6 exceeds the configured tolerance 1.0e-10 at t = 2930.0 s. The tags no longer account for the field they partition; see output/a2_first_order_dt2p5/output_0000/water_tag_closure.csv.
└ @ ClimaAtmos ~/git/ClimaAtmosResiDyn.jl/src/parameterized_tendencies/tagged_tracers/tagged_tracers.jl:590
┌ Warning: water tag closure residual 5.872282579906276e-6 exceeds the configured tolerance 1.0e-10 at t = 2932.5 s. The tags no longer account for the field they partition; see output/a2_first_order_dt2p5/output_0000/water_tag_closure.csv.
└ @ ClimaAtmos ~/git/ClimaAtmosResiDyn.jl/src/parameterized_tendencies/tagged_tracers/tagged_tracers.jl:590
┌ Warning: water tag closure residual 5.872120308074566e-6 exceeds the configured tolerance 1.0e-10 at t = 2935.0 s. The tags no longer account for the field they partition; see output/a2_first_order_dt2p5/output_0000/water_tag_closure.csv.
└ @ ClimaAtmos ~/git/ClimaAtmosResiDyn.jl/src/parameterized_tendencies/tagged_tracers/tagged_tracers.jl:590
┌ Warning: water tag closure residual 5.871958085070289e-6 exceeds the configured tolerance 1.0e-10 at t = 2937.5 s. The tags no longer account for the field they partition; see output/a2_first_order_dt2p5/output_0000/water_tag_closure.csv.
└ @ ClimaAtmos ~/git/ClimaAtmosResiDyn.jl/src/parameterized_tendencies/tagged_tracers/tagged_tracers.jl:590
┌ Warning: water tag closure residual 5.871795910894072e-6 exceeds the configured tolerance 1.0e-10 at t = 2940.0 s. The tags no longer account for the field they partition; see output/a2_first_order_dt2p5/output_0000/water_tag_closure.csv.
└ @ ClimaAtmos ~/git/ClimaAtmosResiDyn.jl/src/parameterized_tendencies/tagged_tracers/tagged_tracers.jl:590
┌ Warning: water tag closure residual 5.8716337857931065e-6 exceeds the configured tolerance 1.0e-10 at t = 2942.5 s. The tags no longer account for the field they partition; see output/a2_first_order_dt2p5/output_0000/water_tag_closure.csv.
└ @ ClimaAtmos ~/git/ClimaAtmosResiDyn.jl/src/parameterized_tendencies/tagged_tracers/tagged_tracers.jl:590
┌ Warning: water tag closure residual 5.871471709645063e-6 exceeds the configured tolerance 1.0e-10 at t = 2945.0 s. The tags no longer account for the field they partition; see output/a2_first_order_dt2p5/output_0000/water_tag_closure.csv.
└ @ ClimaAtmos ~/git/ClimaAtmosResiDyn.jl/src/parameterized_tendencies/tagged_tracers/tagged_tracers.jl:590
┌ Warning: water tag closure residual 5.871309682878569e-6 exceeds the configured tolerance 1.0e-10 at t = 2947.5 s. The tags no longer account for the field they partition; see output/a2_first_order_dt2p5/output_0000/water_tag_closure.csv.
└ @ ClimaAtmos ~/git/ClimaAtmosResiDyn.jl/src/parameterized_tendencies/tagged_tracers/tagged_tracers.jl:590
┌ Warning: water tag closure residual 5.8711477058859195e-6 exceeds the configured tolerance 1.0e-10 at t = 2950.0 s. The tags no longer account for the field they partition; see output/a2_first_order_dt2p5/output_0000/water_tag_closure.csv.
└ @ ClimaAtmos ~/git/ClimaAtmosResiDyn.jl/src/parameterized_tendencies/tagged_tracers/tagged_tracers.jl:590
┌ Warning: water tag closure residual 5.870985778727378e-6 exceeds the configured tolerance 1.0e-10 at t = 2952.5 s. The tags no longer account for the field they partition; see output/a2_first_order_dt2p5/output_0000/water_tag_closure.csv.
└ @ ClimaAtmos ~/git/ClimaAtmosResiDyn.jl/src/parameterized_tendencies/tagged_tracers/tagged_tracers.jl:590
┌ Warning: water tag closure residual 5.870823901195047e-6 exceeds the configured tolerance 1.0e-10 at t = 2955.0 s. The tags no longer account for the field they partition; see output/a2_first_order_dt2p5/output_0000/water_tag_closure.csv.
└ @ ClimaAtmos ~/git/ClimaAtmosResiDyn.jl/src/parameterized_tendencies/tagged_tracers/tagged_tracers.jl:590
┌ Warning: water tag closure residual 5.870662073081792e-6 exceeds the configured tolerance 1.0e-10 at t = 2957.5 s. The tags no longer account for the field they partition; see output/a2_first_order_dt2p5/output_0000/water_tag_closure.csv.
└ @ ClimaAtmos ~/git/ClimaAtmosResiDyn.jl/src/parameterized_tendencies/tagged_tracers/tagged_tracers.jl:590
┌ Warning: water tag closure residual 5.870500357231959e-6 exceeds the configured tolerance 1.0e-10 at t = 2960.0 s. The tags no longer account for the field they partition; see output/a2_first_order_dt2p5/output_0000/water_tag_closure.csv.
└ @ ClimaAtmos ~/git/ClimaAtmosResiDyn.jl/src/parameterized_tendencies/tagged_tracers/tagged_tracers.jl:590
┌ Warning: water tag closure residual 5.870338737018124e-6 exceeds the configured tolerance 1.0e-10 at t = 2962.5 s. The tags no longer account for the field they partition; see output/a2_first_order_dt2p5/output_0000/water_tag_closure.csv.
└ @ ClimaAtmos ~/git/ClimaAtmosResiDyn.jl/src/parameterized_tendencies/tagged_tracers/tagged_tracers.jl:590
┌ Warning: water tag closure residual 5.870177149716661e-6 exceeds the configured tolerance 1.0e-10 at t = 2965.0 s. The tags no longer account for the field they partition; see output/a2_first_order_dt2p5/output_0000/water_tag_closure.csv.
└ @ ClimaAtmos ~/git/ClimaAtmosResiDyn.jl/src/parameterized_tendencies/tagged_tracers/tagged_tracers.jl:590
┌ Warning: water tag closure residual 5.8700156099357096e-6 exceeds the configured tolerance 1.0e-10 at t = 2967.5 s. The tags no longer account for the field they partition; see output/a2_first_order_dt2p5/output_0000/water_tag_closure.csv.
└ @ ClimaAtmos ~/git/ClimaAtmosResiDyn.jl/src/parameterized_tendencies/tagged_tracers/tagged_tracers.jl:590
┌ Warning: water tag closure residual 5.86985412030479e-6 exceeds the configured tolerance 1.0e-10 at t = 2970.0 s. The tags no longer account for the field they partition; see output/a2_first_order_dt2p5/output_0000/water_tag_closure.csv.
└ @ ClimaAtmos ~/git/ClimaAtmosResiDyn.jl/src/parameterized_tendencies/tagged_tracers/tagged_tracers.jl:590
┌ Warning: water tag closure residual 5.869692674930171e-6 exceeds the configured tolerance 1.0e-10 at t = 2972.5 s. The tags no longer account for the field they partition; see output/a2_first_order_dt2p5/output_0000/water_tag_closure.csv.
└ @ ClimaAtmos ~/git/ClimaAtmosResiDyn.jl/src/parameterized_tendencies/tagged_tracers/tagged_tracers.jl:590
┌ Warning: water tag closure residual 5.86953098104498e-6 exceeds the configured tolerance 1.0e-10 at t = 2975.0 s. The tags no longer account for the field they partition; see output/a2_first_order_dt2p5/output_0000/water_tag_closure.csv.
└ @ ClimaAtmos ~/git/ClimaAtmosResiDyn.jl/src/parameterized_tendencies/tagged_tracers/tagged_tracers.jl:590
┌ Warning: water tag closure residual 5.869368849298146e-6 exceeds the configured tolerance 1.0e-10 at t = 2977.5 s. The tags no longer account for the field they partition; see output/a2_first_order_dt2p5/output_0000/water_tag_closure.csv.
└ @ ClimaAtmos ~/git/ClimaAtmosResiDyn.jl/src/parameterized_tendencies/tagged_tracers/tagged_tracers.jl:590
┌ Warning: water tag closure residual 5.869206929523603e-6 exceeds the configured tolerance 1.0e-10 at t = 2980.0 s. The tags no longer account for the field they partition; see output/a2_first_order_dt2p5/output_0000/water_tag_closure.csv.
└ @ ClimaAtmos ~/git/ClimaAtmosResiDyn.jl/src/parameterized_tendencies/tagged_tracers/tagged_tracers.jl:590
┌ Warning: water tag closure residual 5.869045434861494e-6 exceeds the configured tolerance 1.0e-10 at t = 2982.5 s. The tags no longer account for the field they partition; see output/a2_first_order_dt2p5/output_0000/water_tag_closure.csv.
└ @ ClimaAtmos ~/git/ClimaAtmosResiDyn.jl/src/parameterized_tendencies/tagged_tracers/tagged_tracers.jl:590
┌ Warning: water tag closure residual 5.868883786944121e-6 exceeds the configured tolerance 1.0e-10 at t = 2985.0 s. The tags no longer account for the field they partition; see output/a2_first_order_dt2p5/output_0000/water_tag_closure.csv.
└ @ ClimaAtmos ~/git/ClimaAtmosResiDyn.jl/src/parameterized_tendencies/tagged_tracers/tagged_tracers.jl:590
┌ Warning: water tag closure residual 5.868721919401154e-6 exceeds the configured tolerance 1.0e-10 at t = 2987.5 s. The tags no longer account for the field they partition; see output/a2_first_order_dt2p5/output_0000/water_tag_closure.csv.
└ @ ClimaAtmos ~/git/ClimaAtmosResiDyn.jl/src/parameterized_tendencies/tagged_tracers/tagged_tracers.jl:590
┌ Warning: water tag closure residual 5.868560315472777e-6 exceeds the configured tolerance 1.0e-10 at t = 2990.0 s. The tags no longer account for the field they partition; see output/a2_first_order_dt2p5/output_0000/water_tag_closure.csv.
└ @ ClimaAtmos ~/git/ClimaAtmosResiDyn.jl/src/parameterized_tendencies/tagged_tracers/tagged_tracers.jl:590
┌ Warning: water tag closure residual 5.8683989394189426e-6 exceeds the configured tolerance 1.0e-10 at t = 2992.5 s. The tags no longer account for the field they partition; see output/a2_first_order_dt2p5/output_0000/water_tag_closure.csv.
└ @ ClimaAtmos ~/git/ClimaAtmosResiDyn.jl/src/parameterized_tendencies/tagged_tracers/tagged_tracers.jl:590
┌ Warning: water tag closure residual 5.868237403724251e-6 exceeds the configured tolerance 1.0e-10 at t = 2995.0 s. The tags no longer account for the field they partition; see output/a2_first_order_dt2p5/output_0000/water_tag_closure.csv.
└ @ ClimaAtmos ~/git/ClimaAtmosResiDyn.jl/src/parameterized_tendencies/tagged_tracers/tagged_tracers.jl:590
┌ Warning: water tag closure residual 5.8680758098526196e-6 exceeds the configured tolerance 1.0e-10 at t = 2997.5 s. The tags no longer account for the field they partition; see output/a2_first_order_dt2p5/output_0000/water_tag_closure.csv.
└ @ ClimaAtmos ~/git/ClimaAtmosResiDyn.jl/src/parameterized_tendencies/tagged_tracers/tagged_tracers.jl:590
┌ Warning: water tag closure residual 5.867914451648172e-6 exceeds the configured tolerance 1.0e-10 at t = 3000.0 s. The tags no longer account for the field they partition; see output/a2_first_order_dt2p5/output_0000/water_tag_closure.csv.
└ @ ClimaAtmos ~/git/ClimaAtmosResiDyn.jl/src/parameterized_tendencies/tagged_tracers/tagged_tracers.jl:590
┌ Warning: water tag closure residual 5.8677531941337366e-6 exceeds the configured tolerance 1.0e-10 at t = 3002.5 s. The tags no longer account for the field they partition; see output/a2_first_order_dt2p5/output_0000/water_tag_closure.csv.
└ @ ClimaAtmos ~/git/ClimaAtmosResiDyn.jl/src/parameterized_tendencies/tagged_tracers/tagged_tracers.jl:590
┌ Warning: water tag closure residual 5.867591822417841e-6 exceeds the configured tolerance 1.0e-10 at t = 3005.0 s. The tags no longer account for the field they partition; see output/a2_first_order_dt2p5/output_0000/water_tag_closure.csv.
└ @ ClimaAtmos ~/git/ClimaAtmosResiDyn.jl/src/parameterized_tendencies/tagged_tracers/tagged_tracers.jl:590
┌ Warning: water tag closure residual 5.867430486195114e-6 exceeds the configured tolerance 1.0e-10 at t = 3007.5 s. The tags no longer account for the field they partition; see output/a2_first_order_dt2p5/output_0000/water_tag_closure.csv.
└ @ ClimaAtmos ~/git/ClimaAtmosResiDyn.jl/src/parameterized_tendencies/tagged_tracers/tagged_tracers.jl:590
┌ Warning: water tag closure residual 5.8672693319040725e-6 exceeds the configured tolerance 1.0e-10 at t = 3010.0 s. The tags no longer account for the field they partition; see output/a2_first_order_dt2p5/output_0000/water_tag_closure.csv.
└ @ ClimaAtmos ~/git/ClimaAtmosResiDyn.jl/src/parameterized_tendencies/tagged_tracers/tagged_tracers.jl:590
┌ Warning: water tag closure residual 5.867108211223083e-6 exceeds the configured tolerance 1.0e-10 at t = 3012.5 s. The tags no longer account for the field they partition; see output/a2_first_order_dt2p5/output_0000/water_tag_closure.csv.
└ @ ClimaAtmos ~/git/ClimaAtmosResiDyn.jl/src/parameterized_tendencies/tagged_tracers/tagged_tracers.jl:590
┌ Warning: water tag closure residual 5.866947032325504e-6 exceeds the configured tolerance 1.0e-10 at t = 3015.0 s. The tags no longer account for the field they partition; see output/a2_first_order_dt2p5/output_0000/water_tag_closure.csv.
└ @ ClimaAtmos ~/git/ClimaAtmosResiDyn.jl/src/parameterized_tendencies/tagged_tracers/tagged_tracers.jl:590
┌ Warning: water tag closure residual 5.866785932494768e-6 exceeds the configured tolerance 1.0e-10 at t = 3017.5 s. The tags no longer account for the field they partition; see output/a2_first_order_dt2p5/output_0000/water_tag_closure.csv.
└ @ ClimaAtmos ~/git/ClimaAtmosResiDyn.jl/src/parameterized_tendencies/tagged_tracers/tagged_tracers.jl:590
┌ Warning: water tag closure residual 5.866624961004779e-6 exceeds the configured tolerance 1.0e-10 at t = 3020.0 s. The tags no longer account for the field they partition; see output/a2_first_order_dt2p5/output_0000/water_tag_closure.csv.
└ @ ClimaAtmos ~/git/ClimaAtmosResiDyn.jl/src/parameterized_tendencies/tagged_tracers/tagged_tracers.jl:590
┌ Warning: water tag closure residual 5.866463997105286e-6 exceeds the configured tolerance 1.0e-10 at t = 3022.5 s. The tags no longer account for the field they partition; see output/a2_first_order_dt2p5/output_0000/water_tag_closure.csv.
└ @ ClimaAtmos ~/git/ClimaAtmosResiDyn.jl/src/parameterized_tendencies/tagged_tracers/tagged_tracers.jl:590
┌ Warning: water tag closure residual 5.866303023017906e-6 exceeds the configured tolerance 1.0e-10 at t = 3025.0 s. The tags no longer account for the field they partition; see output/a2_first_order_dt2p5/output_0000/water_tag_closure.csv.
└ @ ClimaAtmos ~/git/ClimaAtmosResiDyn.jl/src/parameterized_tendencies/tagged_tracers/tagged_tracers.jl:590
┌ Warning: water tag closure residual 5.866142139908333e-6 exceeds the configured tolerance 1.0e-10 at t = 3027.5 s. The tags no longer account for the field they partition; see output/a2_first_order_dt2p5/output_0000/water_tag_closure.csv.
└ @ ClimaAtmos ~/git/ClimaAtmosResiDyn.jl/src/parameterized_tendencies/tagged_tracers/tagged_tracers.jl:590
┌ Warning: water tag closure residual 5.865981343489941e-6 exceeds the configured tolerance 1.0e-10 at t = 3030.0 s. The tags no longer account for the field they partition; see output/a2_first_order_dt2p5/output_0000/water_tag_closure.csv.
└ @ ClimaAtmos ~/git/ClimaAtmosResiDyn.jl/src/parameterized_tendencies/tagged_tracers/tagged_tracers.jl:590
┌ Warning: water tag closure residual 5.8658205523430465e-6 exceeds the configured tolerance 1.0e-10 at t = 3032.5 s. The tags no longer account for the field they partition; see output/a2_first_order_dt2p5/output_0000/water_tag_closure.csv.
└ @ ClimaAtmos ~/git/ClimaAtmosResiDyn.jl/src/parameterized_tendencies/tagged_tracers/tagged_tracers.jl:590
┌ Warning: water tag closure residual 5.8656597847637605e-6 exceeds the configured tolerance 1.0e-10 at t = 3035.0 s. The tags no longer account for the field they partition; see output/a2_first_order_dt2p5/output_0000/water_tag_closure.csv.
└ @ ClimaAtmos ~/git/ClimaAtmosResiDyn.jl/src/parameterized_tendencies/tagged_tracers/tagged_tracers.jl:590
┌ Warning: water tag closure residual 5.865499103551395e-6 exceeds the configured tolerance 1.0e-10 at t = 3037.5 s. The tags no longer account for the field they partition; see output/a2_first_order_dt2p5/output_0000/water_tag_closure.csv.
└ @ ClimaAtmos ~/git/ClimaAtmosResiDyn.jl/src/parameterized_tendencies/tagged_tracers/tagged_tracers.jl:590
┌ Warning: water tag closure residual 5.865338482141487e-6 exceeds the configured tolerance 1.0e-10 at t = 3040.0 s. The tags no longer account for the field they partition; see output/a2_first_order_dt2p5/output_0000/water_tag_closure.csv.
└ @ ClimaAtmos ~/git/ClimaAtmosResiDyn.jl/src/parameterized_tendencies/tagged_tracers/tagged_tracers.jl:590
┌ Warning: water tag closure residual 5.865177874282594e-6 exceeds the configured tolerance 1.0e-10 at t = 3042.5 s. The tags no longer account for the field they partition; see output/a2_first_order_dt2p5/output_0000/water_tag_closure.csv.
└ @ ClimaAtmos ~/git/ClimaAtmosResiDyn.jl/src/parameterized_tendencies/tagged_tracers/tagged_tracers.jl:590
┌ Warning: water tag closure residual 5.865017310136848e-6 exceeds the configured tolerance 1.0e-10 at t = 3045.0 s. The tags no longer account for the field they partition; see output/a2_first_order_dt2p5/output_0000/water_tag_closure.csv.
└ @ ClimaAtmos ~/git/ClimaAtmosResiDyn.jl/src/parameterized_tendencies/tagged_tracers/tagged_tracers.jl:590
┌ Warning: water tag closure residual 5.864856821490487e-6 exceeds the configured tolerance 1.0e-10 at t = 3047.5 s. The tags no longer account for the field they partition; see output/a2_first_order_dt2p5/output_0000/water_tag_closure.csv.
└ @ ClimaAtmos ~/git/ClimaAtmosResiDyn.jl/src/parameterized_tendencies/tagged_tracers/tagged_tracers.jl:590
┌ Warning: water tag closure residual 5.8646963780460194e-6 exceeds the configured tolerance 1.0e-10 at t = 3050.0 s. The tags no longer account for the field they partition; see output/a2_first_order_dt2p5/output_0000/water_tag_closure.csv.
└ @ ClimaAtmos ~/git/ClimaAtmosResiDyn.jl/src/parameterized_tendencies/tagged_tracers/tagged_tracers.jl:590
┌ Warning: water tag closure residual 5.864535959391258e-6 exceeds the configured tolerance 1.0e-10 at t = 3052.5 s. The tags no longer account for the field they partition; see output/a2_first_order_dt2p5/output_0000/water_tag_closure.csv.
└ @ ClimaAtmos ~/git/ClimaAtmosResiDyn.jl/src/parameterized_tendencies/tagged_tracers/tagged_tracers.jl:590
┌ Warning: water tag closure residual 5.864375593789549e-6 exceeds the configured tolerance 1.0e-10 at t = 3055.0 s. The tags no longer account for the field they partition; see output/a2_first_order_dt2p5/output_0000/water_tag_closure.csv.
└ @ ClimaAtmos ~/git/ClimaAtmosResiDyn.jl/src/parameterized_tendencies/tagged_tracers/tagged_tracers.jl:590
┌ Warning: water tag closure residual 5.864215292539307e-6 exceeds the configured tolerance 1.0e-10 at t = 3057.5 s. The tags no longer account for the field they partition; see output/a2_first_order_dt2p5/output_0000/water_tag_closure.csv.
└ @ ClimaAtmos ~/git/ClimaAtmosResiDyn.jl/src/parameterized_tendencies/tagged_tracers/tagged_tracers.jl:590
┌ Warning: water tag closure residual 5.864055030564928e-6 exceeds the configured tolerance 1.0e-10 at t = 3060.0 s. The tags no longer account for the field they partition; see output/a2_first_order_dt2p5/output_0000/water_tag_closure.csv.
└ @ ClimaAtmos ~/git/ClimaAtmosResiDyn.jl/src/parameterized_tendencies/tagged_tracers/tagged_tracers.jl:590
┌ Warning: water tag closure residual 5.86389480309345e-6 exceeds the configured tolerance 1.0e-10 at t = 3062.5 s. The tags no longer account for the field they partition; see output/a2_first_order_dt2p5/output_0000/water_tag_closure.csv.
└ @ ClimaAtmos ~/git/ClimaAtmosResiDyn.jl/src/parameterized_tendencies/tagged_tracers/tagged_tracers.jl:590
┌ Warning: water tag closure residual 5.863734631444276e-6 exceeds the configured tolerance 1.0e-10 at t = 3065.0 s. The tags no longer account for the field they partition; see output/a2_first_order_dt2p5/output_0000/water_tag_closure.csv.
└ @ ClimaAtmos ~/git/ClimaAtmosResiDyn.jl/src/parameterized_tendencies/tagged_tracers/tagged_tracers.jl:590
┌ Warning: water tag closure residual 5.863574515416595e-6 exceeds the configured tolerance 1.0e-10 at t = 3067.5 s. The tags no longer account for the field they partition; see output/a2_first_order_dt2p5/output_0000/water_tag_closure.csv.
└ @ ClimaAtmos ~/git/ClimaAtmosResiDyn.jl/src/parameterized_tendencies/tagged_tracers/tagged_tracers.jl:590
┌ Warning: water tag closure residual 5.863414437596769e-6 exceeds the configured tolerance 1.0e-10 at t = 3070.0 s. The tags no longer account for the field they partition; see output/a2_first_order_dt2p5/output_0000/water_tag_closure.csv.
└ @ ClimaAtmos ~/git/ClimaAtmosResiDyn.jl/src/parameterized_tendencies/tagged_tracers/tagged_tracers.jl:590
┌ Warning: water tag closure residual 5.863254401399038e-6 exceeds the configured tolerance 1.0e-10 at t = 3072.5 s. The tags no longer account for the field they partition; see output/a2_first_order_dt2p5/output_0000/water_tag_closure.csv.
└ @ ClimaAtmos ~/git/ClimaAtmosResiDyn.jl/src/parameterized_tendencies/tagged_tracers/tagged_tracers.jl:590
┌ Warning: water tag closure residual 5.863094420110361e-6 exceeds the configured tolerance 1.0e-10 at t = 3075.0 s. The tags no longer account for the field they partition; see output/a2_first_order_dt2p5/output_0000/water_tag_closure.csv.
└ @ ClimaAtmos ~/git/ClimaAtmosResiDyn.jl/src/parameterized_tendencies/tagged_tracers/tagged_tracers.jl:590
┌ Warning: water tag closure residual 5.862934488425251e-6 exceeds the configured tolerance 1.0e-10 at t = 3077.5 s. The tags no longer account for the field they partition; see output/a2_first_order_dt2p5/output_0000/water_tag_closure.csv.
└ @ ClimaAtmos ~/git/ClimaAtmosResiDyn.jl/src/parameterized_tendencies/tagged_tracers/tagged_tracers.jl:590
┌ Warning: water tag closure residual 5.862774596578477e-6 exceeds the configured tolerance 1.0e-10 at t = 3080.0 s. The tags no longer account for the field they partition; see output/a2_first_order_dt2p5/output_0000/water_tag_closure.csv.
└ @ ClimaAtmos ~/git/ClimaAtmosResiDyn.jl/src/parameterized_tendencies/tagged_tracers/tagged_tracers.jl:590
┌ Warning: water tag closure residual 5.862614750474595e-6 exceeds the configured tolerance 1.0e-10 at t = 3082.5 s. The tags no longer account for the field they partition; see output/a2_first_order_dt2p5/output_0000/water_tag_closure.csv.
└ @ ClimaAtmos ~/git/ClimaAtmosResiDyn.jl/src/parameterized_tendencies/tagged_tracers/tagged_tracers.jl:590
┌ Warning: water tag closure residual 5.86245495702661e-6 exceeds the configured tolerance 1.0e-10 at t = 3085.0 s. The tags no longer account for the field they partition; see output/a2_first_order_dt2p5/output_0000/water_tag_closure.csv.
└ @ ClimaAtmos ~/git/ClimaAtmosResiDyn.jl/src/parameterized_tendencies/tagged_tracers/tagged_tracers.jl:590
┌ Warning: water tag closure residual 5.862295210008664e-6 exceeds the configured tolerance 1.0e-10 at t = 3087.5 s. The tags no longer account for the field they partition; see output/a2_first_order_dt2p5/output_0000/water_tag_closure.csv.
└ @ ClimaAtmos ~/git/ClimaAtmosResiDyn.jl/src/parameterized_tendencies/tagged_tracers/tagged_tracers.jl:590
┌ Warning: water tag closure residual 5.862135504780745e-6 exceeds the configured tolerance 1.0e-10 at t = 3090.0 s. The tags no longer account for the field they partition; see output/a2_first_order_dt2p5/output_0000/water_tag_closure.csv.
└ @ ClimaAtmos ~/git/ClimaAtmosResiDyn.jl/src/parameterized_tendencies/tagged_tracers/tagged_tracers.jl:590
┌ Warning: water tag closure residual 5.861975847282295e-6 exceeds the configured tolerance 1.0e-10 at t = 3092.5 s. The tags no longer account for the field they partition; see output/a2_first_order_dt2p5/output_0000/water_tag_closure.csv.
└ @ ClimaAtmos ~/git/ClimaAtmosResiDyn.jl/src/parameterized_tendencies/tagged_tracers/tagged_tracers.jl:590
┌ Warning: water tag closure residual 5.8618162400398054e-6 exceeds the configured tolerance 1.0e-10 at t = 3095.0 s. The tags no longer account for the field they partition; see output/a2_first_order_dt2p5/output_0000/water_tag_closure.csv.
└ @ ClimaAtmos ~/git/ClimaAtmosResiDyn.jl/src/parameterized_tendencies/tagged_tracers/tagged_tracers.jl:590
┌ Warning: water tag closure residual 5.861656677705801e-6 exceeds the configured tolerance 1.0e-10 at t = 3097.5 s. The tags no longer account for the field they partition; see output/a2_first_order_dt2p5/output_0000/water_tag_closure.csv.
└ @ ClimaAtmos ~/git/ClimaAtmosResiDyn.jl/src/parameterized_tendencies/tagged_tracers/tagged_tracers.jl:590
┌ Warning: water tag closure residual 5.861497159248098e-6 exceeds the configured tolerance 1.0e-10 at t = 3100.0 s. The tags no longer account for the field they partition; see output/a2_first_order_dt2p5/output_0000/water_tag_closure.csv.
└ @ ClimaAtmos ~/git/ClimaAtmosResiDyn.jl/src/parameterized_tendencies/tagged_tracers/tagged_tracers.jl:590
┌ Warning: water tag closure residual 5.861337688975656e-6 exceeds the configured tolerance 1.0e-10 at t = 3102.5 s. The tags no longer account for the field they partition; see output/a2_first_order_dt2p5/output_0000/water_tag_closure.csv.
└ @ ClimaAtmos ~/git/ClimaAtmosResiDyn.jl/src/parameterized_tendencies/tagged_tracers/tagged_tracers.jl:590
┌ Warning: water tag closure residual 5.861178266916969e-6 exceeds the configured tolerance 1.0e-10 at t = 3105.0 s. The tags no longer account for the field they partition; see output/a2_first_order_dt2p5/output_0000/water_tag_closure.csv.
└ @ ClimaAtmos ~/git/ClimaAtmosResiDyn.jl/src/parameterized_tendencies/tagged_tracers/tagged_tracers.jl:590
┌ Warning: water tag closure residual 5.861018889367029e-6 exceeds the configured tolerance 1.0e-10 at t = 3107.5 s. The tags no longer account for the field they partition; see output/a2_first_order_dt2p5/output_0000/water_tag_closure.csv.
└ @ ClimaAtmos ~/git/ClimaAtmosResiDyn.jl/src/parameterized_tendencies/tagged_tracers/tagged_tracers.jl:590
┌ Info: Progress
│   simulation_time = "51 minutes, 47 seconds"
│   n_steps_completed = 1243
│   wall_time_per_step = "3 milliseconds, 876 microseconds"
│   wall_time_total = "5 seconds, 581 milliseconds"
│   wall_time_remaining = "763 milliseconds, 583 microseconds"
│   wall_time_spent = "4 seconds, 817 milliseconds"
│   percent_complete = "86.3%"
│   estimated_sypd = "1.766"
│   instantaneous_sypd = "2.381"
│   date_now = 2026-09-10T00:49:38.731
└   estimated_finish_date = 2026-09-10T00:49:39.731
┌ Warning: water tag closure residual 5.860859557011477e-6 exceeds the configured tolerance 1.0e-10 at t = 3110.0 s. The tags no longer account for the field they partition; see output/a2_first_order_dt2p5/output_0000/water_tag_closure.csv.
└ @ ClimaAtmos ~/git/ClimaAtmosResiDyn.jl/src/parameterized_tendencies/tagged_tracers/tagged_tracers.jl:590
┌ Warning: water tag closure residual 5.8607002725963305e-6 exceeds the configured tolerance 1.0e-10 at t = 3112.5 s. The tags no longer account for the field they partition; see output/a2_first_order_dt2p5/output_0000/water_tag_closure.csv.
└ @ ClimaAtmos ~/git/ClimaAtmosResiDyn.jl/src/parameterized_tendencies/tagged_tracers/tagged_tracers.jl:590
┌ Warning: water tag closure residual 5.860541035033365e-6 exceeds the configured tolerance 1.0e-10 at t = 3115.0 s. The tags no longer account for the field they partition; see output/a2_first_order_dt2p5/output_0000/water_tag_closure.csv.
└ @ ClimaAtmos ~/git/ClimaAtmosResiDyn.jl/src/parameterized_tendencies/tagged_tracers/tagged_tracers.jl:590
┌ Warning: water tag closure residual 5.860381842136951e-6 exceeds the configured tolerance 1.0e-10 at t = 3117.5 s. The tags no longer account for the field they partition; see output/a2_first_order_dt2p5/output_0000/water_tag_closure.csv.
└ @ ClimaAtmos ~/git/ClimaAtmosResiDyn.jl/src/parameterized_tendencies/tagged_tracers/tagged_tracers.jl:590
┌ Warning: water tag closure residual 5.860222695139248e-6 exceeds the configured tolerance 1.0e-10 at t = 3120.0 s. The tags no longer account for the field they partition; see output/a2_first_order_dt2p5/output_0000/water_tag_closure.csv.
└ @ ClimaAtmos ~/git/ClimaAtmosResiDyn.jl/src/parameterized_tendencies/tagged_tracers/tagged_tracers.jl:590
┌ Warning: water tag closure residual 5.860063595318331e-6 exceeds the configured tolerance 1.0e-10 at t = 3122.5 s. The tags no longer account for the field they partition; see output/a2_first_order_dt2p5/output_0000/water_tag_closure.csv.
└ @ ClimaAtmos ~/git/ClimaAtmosResiDyn.jl/src/parameterized_tendencies/tagged_tracers/tagged_tracers.jl:590
┌ Warning: water tag closure residual 5.859904541589487e-6 exceeds the configured tolerance 1.0e-10 at t = 3125.0 s. The tags no longer account for the field they partition; see output/a2_first_order_dt2p5/output_0000/water_tag_closure.csv.
└ @ ClimaAtmos ~/git/ClimaAtmosResiDyn.jl/src/parameterized_tendencies/tagged_tracers/tagged_tracers.jl:590
┌ Warning: water tag closure residual 5.859745532991182e-6 exceeds the configured tolerance 1.0e-10 at t = 3127.5 s. The tags no longer account for the field they partition; see output/a2_first_order_dt2p5/output_0000/water_tag_closure.csv.
└ @ ClimaAtmos ~/git/ClimaAtmosResiDyn.jl/src/parameterized_tendencies/tagged_tracers/tagged_tracers.jl:590
┌ Warning: water tag closure residual 5.85958657041707e-6 exceeds the configured tolerance 1.0e-10 at t = 3130.0 s. The tags no longer account for the field they partition; see output/a2_first_order_dt2p5/output_0000/water_tag_closure.csv.
└ @ ClimaAtmos ~/git/ClimaAtmosResiDyn.jl/src/parameterized_tendencies/tagged_tracers/tagged_tracers.jl:590
┌ Warning: water tag closure residual 5.85942765465159e-6 exceeds the configured tolerance 1.0e-10 at t = 3132.5 s. The tags no longer account for the field they partition; see output/a2_first_order_dt2p5/output_0000/water_tag_closure.csv.
└ @ ClimaAtmos ~/git/ClimaAtmosResiDyn.jl/src/parameterized_tendencies/tagged_tracers/tagged_tracers.jl:590
┌ Warning: water tag closure residual 5.8592687845335785e-6 exceeds the configured tolerance 1.0e-10 at t = 3135.0 s. The tags no longer account for the field they partition; see output/a2_first_order_dt2p5/output_0000/water_tag_closure.csv.
└ @ ClimaAtmos ~/git/ClimaAtmosResiDyn.jl/src/parameterized_tendencies/tagged_tracers/tagged_tracers.jl:590
┌ Warning: water tag closure residual 5.859109959629249e-6 exceeds the configured tolerance 1.0e-10 at t = 3137.5 s. The tags no longer account for the field they partition; see output/a2_first_order_dt2p5/output_0000/water_tag_closure.csv.
└ @ ClimaAtmos ~/git/ClimaAtmosResiDyn.jl/src/parameterized_tendencies/tagged_tracers/tagged_tracers.jl:590
┌ Warning: water tag closure residual 5.858951180918167e-6 exceeds the configured tolerance 1.0e-10 at t = 3140.0 s. The tags no longer account for the field they partition; see output/a2_first_order_dt2p5/output_0000/water_tag_closure.csv.
└ @ ClimaAtmos ~/git/ClimaAtmosResiDyn.jl/src/parameterized_tendencies/tagged_tracers/tagged_tracers.jl:590
┌ Warning: water tag closure residual 5.858792448502816e-6 exceeds the configured tolerance 1.0e-10 at t = 3142.5 s. The tags no longer account for the field they partition; see output/a2_first_order_dt2p5/output_0000/water_tag_closure.csv.
└ @ ClimaAtmos ~/git/ClimaAtmosResiDyn.jl/src/parameterized_tendencies/tagged_tracers/tagged_tracers.jl:590
┌ Warning: water tag closure residual 5.8586337613739245e-6 exceeds the configured tolerance 1.0e-10 at t = 3145.0 s. The tags no longer account for the field they partition; see output/a2_first_order_dt2p5/output_0000/water_tag_closure.csv.
└ @ ClimaAtmos ~/git/ClimaAtmosResiDyn.jl/src/parameterized_tendencies/tagged_tracers/tagged_tracers.jl:590
┌ Warning: water tag closure residual 5.858475119615164e-6 exceeds the configured tolerance 1.0e-10 at t = 3147.5 s. The tags no longer account for the field they partition; see output/a2_first_order_dt2p5/output_0000/water_tag_closure.csv.
└ @ ClimaAtmos ~/git/ClimaAtmosResiDyn.jl/src/parameterized_tendencies/tagged_tracers/tagged_tracers.jl:590
┌ Warning: water tag closure residual 5.8583165239207005e-6 exceeds the configured tolerance 1.0e-10 at t = 3150.0 s. The tags no longer account for the field they partition; see output/a2_first_order_dt2p5/output_0000/water_tag_closure.csv.
└ @ ClimaAtmos ~/git/ClimaAtmosResiDyn.jl/src/parameterized_tendencies/tagged_tracers/tagged_tracers.jl:590
┌ Warning: water tag closure residual 5.858157973990463e-6 exceeds the configured tolerance 1.0e-10 at t = 3152.5 s. The tags no longer account for the field they partition; see output/a2_first_order_dt2p5/output_0000/water_tag_closure.csv.
└ @ ClimaAtmos ~/git/ClimaAtmosResiDyn.jl/src/parameterized_tendencies/tagged_tracers/tagged_tracers.jl:590
┌ Warning: water tag closure residual 5.857999469424123e-6 exceeds the configured tolerance 1.0e-10 at t = 3155.0 s. The tags no longer account for the field they partition; see output/a2_first_order_dt2p5/output_0000/water_tag_closure.csv.
└ @ ClimaAtmos ~/git/ClimaAtmosResiDyn.jl/src/parameterized_tendencies/tagged_tracers/tagged_tracers.jl:590
┌ Warning: water tag closure residual 5.857841010121302e-6 exceeds the configured tolerance 1.0e-10 at t = 3157.5 s. The tags no longer account for the field they partition; see output/a2_first_order_dt2p5/output_0000/water_tag_closure.csv.
└ @ ClimaAtmos ~/git/ClimaAtmosResiDyn.jl/src/parameterized_tendencies/tagged_tracers/tagged_tracers.jl:590
┌ Warning: water tag closure residual 5.8576825967531595e-6 exceeds the configured tolerance 1.0e-10 at t = 3160.0 s. The tags no longer account for the field they partition; see output/a2_first_order_dt2p5/output_0000/water_tag_closure.csv.
└ @ ClimaAtmos ~/git/ClimaAtmosResiDyn.jl/src/parameterized_tendencies/tagged_tracers/tagged_tracers.jl:590
┌ Warning: water tag closure residual 5.8575242288437656e-6 exceeds the configured tolerance 1.0e-10 at t = 3162.5 s. The tags no longer account for the field they partition; see output/a2_first_order_dt2p5/output_0000/water_tag_closure.csv.
└ @ ClimaAtmos ~/git/ClimaAtmosResiDyn.jl/src/parameterized_tendencies/tagged_tracers/tagged_tracers.jl:590
┌ Warning: water tag closure residual 5.857365906157594e-6 exceeds the configured tolerance 1.0e-10 at t = 3165.0 s. The tags no longer account for the field they partition; see output/a2_first_order_dt2p5/output_0000/water_tag_closure.csv.
└ @ ClimaAtmos ~/git/ClimaAtmosResiDyn.jl/src/parameterized_tendencies/tagged_tracers/tagged_tracers.jl:590
┌ Warning: water tag closure residual 5.857207628827099e-6 exceeds the configured tolerance 1.0e-10 at t = 3167.5 s. The tags no longer account for the field they partition; see output/a2_first_order_dt2p5/output_0000/water_tag_closure.csv.
└ @ ClimaAtmos ~/git/ClimaAtmosResiDyn.jl/src/parameterized_tendencies/tagged_tracers/tagged_tracers.jl:590
┌ Warning: water tag closure residual 5.8570493969479375e-6 exceeds the configured tolerance 1.0e-10 at t = 3170.0 s. The tags no longer account for the field they partition; see output/a2_first_order_dt2p5/output_0000/water_tag_closure.csv.
└ @ ClimaAtmos ~/git/ClimaAtmosResiDyn.jl/src/parameterized_tendencies/tagged_tracers/tagged_tracers.jl:590
┌ Warning: water tag closure residual 5.856891210345303e-6 exceeds the configured tolerance 1.0e-10 at t = 3172.5 s. The tags no longer account for the field they partition; see output/a2_first_order_dt2p5/output_0000/water_tag_closure.csv.
└ @ ClimaAtmos ~/git/ClimaAtmosResiDyn.jl/src/parameterized_tendencies/tagged_tracers/tagged_tracers.jl:590
┌ Warning: water tag closure residual 5.856733068844395e-6 exceeds the configured tolerance 1.0e-10 at t = 3175.0 s. The tags no longer account for the field they partition; see output/a2_first_order_dt2p5/output_0000/water_tag_closure.csv.
└ @ ClimaAtmos ~/git/ClimaAtmosResiDyn.jl/src/parameterized_tendencies/tagged_tracers/tagged_tracers.jl:590
┌ Warning: water tag closure residual 5.856574972721109e-6 exceeds the configured tolerance 1.0e-10 at t = 3177.5 s. The tags no longer account for the field they partition; see output/a2_first_order_dt2p5/output_0000/water_tag_closure.csv.
└ @ ClimaAtmos ~/git/ClimaAtmosResiDyn.jl/src/parameterized_tendencies/tagged_tracers/tagged_tracers.jl:590
┌ Warning: water tag closure residual 5.856416921876759e-6 exceeds the configured tolerance 1.0e-10 at t = 3180.0 s. The tags no longer account for the field they partition; see output/a2_first_order_dt2p5/output_0000/water_tag_closure.csv.
└ @ ClimaAtmos ~/git/ClimaAtmosResiDyn.jl/src/parameterized_tendencies/tagged_tracers/tagged_tracers.jl:590
┌ Warning: water tag closure residual 5.856258916058919e-6 exceeds the configured tolerance 1.0e-10 at t = 3182.5 s. The tags no longer account for the field they partition; see output/a2_first_order_dt2p5/output_0000/water_tag_closure.csv.
└ @ ClimaAtmos ~/git/ClimaAtmosResiDyn.jl/src/parameterized_tendencies/tagged_tracers/tagged_tracers.jl:590
┌ Warning: water tag closure residual 5.856100955312046e-6 exceeds the configured tolerance 1.0e-10 at t = 3185.0 s. The tags no longer account for the field they partition; see output/a2_first_order_dt2p5/output_0000/water_tag_closure.csv.
└ @ ClimaAtmos ~/git/ClimaAtmosResiDyn.jl/src/parameterized_tendencies/tagged_tracers/tagged_tracers.jl:590
┌ Warning: water tag closure residual 5.855943039732371e-6 exceeds the configured tolerance 1.0e-10 at t = 3187.5 s. The tags no longer account for the field they partition; see output/a2_first_order_dt2p5/output_0000/water_tag_closure.csv.
└ @ ClimaAtmos ~/git/ClimaAtmosResiDyn.jl/src/parameterized_tendencies/tagged_tracers/tagged_tracers.jl:590
┌ Warning: water tag closure residual 5.855785172905084e-6 exceeds the configured tolerance 1.0e-10 at t = 3190.0 s. The tags no longer account for the field they partition; see output/a2_first_order_dt2p5/output_0000/water_tag_closure.csv.
└ @ ClimaAtmos ~/git/ClimaAtmosResiDyn.jl/src/parameterized_tendencies/tagged_tracers/tagged_tracers.jl:590
┌ Warning: water tag closure residual 5.855627512637619e-6 exceeds the configured tolerance 1.0e-10 at t = 3192.5 s. The tags no longer account for the field they partition; see output/a2_first_order_dt2p5/output_0000/water_tag_closure.csv.
└ @ ClimaAtmos ~/git/ClimaAtmosResiDyn.jl/src/parameterized_tendencies/tagged_tracers/tagged_tracers.jl:590
┌ Warning: water tag closure residual 5.855470106529653e-6 exceeds the configured tolerance 1.0e-10 at t = 3195.0 s. The tags no longer account for the field they partition; see output/a2_first_order_dt2p5/output_0000/water_tag_closure.csv.
└ @ ClimaAtmos ~/git/ClimaAtmosResiDyn.jl/src/parameterized_tendencies/tagged_tracers/tagged_tracers.jl:590
┌ Warning: water tag closure residual 5.855312515579855e-6 exceeds the configured tolerance 1.0e-10 at t = 3197.5 s. The tags no longer account for the field they partition; see output/a2_first_order_dt2p5/output_0000/water_tag_closure.csv.
└ @ ClimaAtmos ~/git/ClimaAtmosResiDyn.jl/src/parameterized_tendencies/tagged_tracers/tagged_tracers.jl:590
┌ Warning: water tag closure residual 5.855154862106922e-6 exceeds the configured tolerance 1.0e-10 at t = 3200.0 s. The tags no longer account for the field they partition; see output/a2_first_order_dt2p5/output_0000/water_tag_closure.csv.
└ @ ClimaAtmos ~/git/ClimaAtmosResiDyn.jl/src/parameterized_tendencies/tagged_tracers/tagged_tracers.jl:590
┌ Warning: water tag closure residual 5.85499745448994e-6 exceeds the configured tolerance 1.0e-10 at t = 3202.5 s. The tags no longer account for the field they partition; see output/a2_first_order_dt2p5/output_0000/water_tag_closure.csv.
└ @ ClimaAtmos ~/git/ClimaAtmosResiDyn.jl/src/parameterized_tendencies/tagged_tracers/tagged_tracers.jl:590
┌ Warning: water tag closure residual 5.854840134959673e-6 exceeds the configured tolerance 1.0e-10 at t = 3205.0 s. The tags no longer account for the field they partition; see output/a2_first_order_dt2p5/output_0000/water_tag_closure.csv.
└ @ ClimaAtmos ~/git/ClimaAtmosResiDyn.jl/src/parameterized_tendencies/tagged_tracers/tagged_tracers.jl:590
┌ Warning: water tag closure residual 5.85468269215159e-6 exceeds the configured tolerance 1.0e-10 at t = 3207.5 s. The tags no longer account for the field they partition; see output/a2_first_order_dt2p5/output_0000/water_tag_closure.csv.
└ @ ClimaAtmos ~/git/ClimaAtmosResiDyn.jl/src/parameterized_tendencies/tagged_tracers/tagged_tracers.jl:590
┌ Warning: water tag closure residual 5.85452528352475e-6 exceeds the configured tolerance 1.0e-10 at t = 3210.0 s. The tags no longer account for the field they partition; see output/a2_first_order_dt2p5/output_0000/water_tag_closure.csv.
└ @ ClimaAtmos ~/git/ClimaAtmosResiDyn.jl/src/parameterized_tendencies/tagged_tracers/tagged_tracers.jl:590
┌ Warning: water tag closure residual 5.854368057889768e-6 exceeds the configured tolerance 1.0e-10 at t = 3212.5 s. The tags no longer account for the field they partition; see output/a2_first_order_dt2p5/output_0000/water_tag_closure.csv.
└ @ ClimaAtmos ~/git/ClimaAtmosResiDyn.jl/src/parameterized_tendencies/tagged_tracers/tagged_tracers.jl:590
┌ Warning: water tag closure residual 5.854210856977178e-6 exceeds the configured tolerance 1.0e-10 at t = 3215.0 s. The tags no longer account for the field they partition; see output/a2_first_order_dt2p5/output_0000/water_tag_closure.csv.
└ @ ClimaAtmos ~/git/ClimaAtmosResiDyn.jl/src/parameterized_tendencies/tagged_tracers/tagged_tracers.jl:590
┌ Warning: water tag closure residual 5.854053589778796e-6 exceeds the configured tolerance 1.0e-10 at t = 3217.5 s. The tags no longer account for the field they partition; see output/a2_first_order_dt2p5/output_0000/water_tag_closure.csv.
└ @ ClimaAtmos ~/git/ClimaAtmosResiDyn.jl/src/parameterized_tendencies/tagged_tracers/tagged_tracers.jl:590
┌ Warning: water tag closure residual 5.853896401673197e-6 exceeds the configured tolerance 1.0e-10 at t = 3220.0 s. The tags no longer account for the field they partition; see output/a2_first_order_dt2p5/output_0000/water_tag_closure.csv.
└ @ ClimaAtmos ~/git/ClimaAtmosResiDyn.jl/src/parameterized_tendencies/tagged_tracers/tagged_tracers.jl:590
┌ Warning: water tag closure residual 5.853739339156973e-6 exceeds the configured tolerance 1.0e-10 at t = 3222.5 s. The tags no longer account for the field they partition; see output/a2_first_order_dt2p5/output_0000/water_tag_closure.csv.
└ @ ClimaAtmos ~/git/ClimaAtmosResiDyn.jl/src/parameterized_tendencies/tagged_tracers/tagged_tracers.jl:590
┌ Warning: water tag closure residual 5.853582276012622e-6 exceeds the configured tolerance 1.0e-10 at t = 3225.0 s. The tags no longer account for the field they partition; see output/a2_first_order_dt2p5/output_0000/water_tag_closure.csv.
└ @ ClimaAtmos ~/git/ClimaAtmosResiDyn.jl/src/parameterized_tendencies/tagged_tracers/tagged_tracers.jl:590
┌ Warning: water tag closure residual 5.853425197223979e-6 exceeds the configured tolerance 1.0e-10 at t = 3227.5 s. The tags no longer account for the field they partition; see output/a2_first_order_dt2p5/output_0000/water_tag_closure.csv.
└ @ ClimaAtmos ~/git/ClimaAtmosResiDyn.jl/src/parameterized_tendencies/tagged_tracers/tagged_tracers.jl:590
┌ Warning: water tag closure residual 5.853268208338635e-6 exceeds the configured tolerance 1.0e-10 at t = 3230.0 s. The tags no longer account for the field they partition; see output/a2_first_order_dt2p5/output_0000/water_tag_closure.csv.
└ @ ClimaAtmos ~/git/ClimaAtmosResiDyn.jl/src/parameterized_tendencies/tagged_tracers/tagged_tracers.jl:590
┌ Warning: water tag closure residual 5.853111302028516e-6 exceeds the configured tolerance 1.0e-10 at t = 3232.5 s. The tags no longer account for the field they partition; see output/a2_first_order_dt2p5/output_0000/water_tag_closure.csv.
└ @ ClimaAtmos ~/git/ClimaAtmosResiDyn.jl/src/parameterized_tendencies/tagged_tracers/tagged_tracers.jl:590
┌ Warning: water tag closure residual 5.852954393695306e-6 exceeds the configured tolerance 1.0e-10 at t = 3235.0 s. The tags no longer account for the field they partition; see output/a2_first_order_dt2p5/output_0000/water_tag_closure.csv.
└ @ ClimaAtmos ~/git/ClimaAtmosResiDyn.jl/src/parameterized_tendencies/tagged_tracers/tagged_tracers.jl:590
┌ Warning: water tag closure residual 5.8527975049385535e-6 exceeds the configured tolerance 1.0e-10 at t = 3237.5 s. The tags no longer account for the field they partition; see output/a2_first_order_dt2p5/output_0000/water_tag_closure.csv.
└ @ ClimaAtmos ~/git/ClimaAtmosResiDyn.jl/src/parameterized_tendencies/tagged_tracers/tagged_tracers.jl:590
┌ Warning: water tag closure residual 5.852640700265051e-6 exceeds the configured tolerance 1.0e-10 at t = 3240.0 s. The tags no longer account for the field they partition; see output/a2_first_order_dt2p5/output_0000/water_tag_closure.csv.
└ @ ClimaAtmos ~/git/ClimaAtmosResiDyn.jl/src/parameterized_tendencies/tagged_tracers/tagged_tracers.jl:590
┌ Warning: water tag closure residual 5.852483950293306e-6 exceeds the configured tolerance 1.0e-10 at t = 3242.5 s. The tags no longer account for the field they partition; see output/a2_first_order_dt2p5/output_0000/water_tag_closure.csv.
└ @ ClimaAtmos ~/git/ClimaAtmosResiDyn.jl/src/parameterized_tendencies/tagged_tracers/tagged_tracers.jl:590
┌ Warning: water tag closure residual 5.85232720797148e-6 exceeds the configured tolerance 1.0e-10 at t = 3245.0 s. The tags no longer account for the field they partition; see output/a2_first_order_dt2p5/output_0000/water_tag_closure.csv.
└ @ ClimaAtmos ~/git/ClimaAtmosResiDyn.jl/src/parameterized_tendencies/tagged_tracers/tagged_tracers.jl:590
┌ Warning: water tag closure residual 5.852170505769813e-6 exceeds the configured tolerance 1.0e-10 at t = 3247.5 s. The tags no longer account for the field they partition; see output/a2_first_order_dt2p5/output_0000/water_tag_closure.csv.
└ @ ClimaAtmos ~/git/ClimaAtmosResiDyn.jl/src/parameterized_tendencies/tagged_tracers/tagged_tracers.jl:590
┌ Warning: water tag closure residual 5.852013875783873e-6 exceeds the configured tolerance 1.0e-10 at t = 3250.0 s. The tags no longer account for the field they partition; see output/a2_first_order_dt2p5/output_0000/water_tag_closure.csv.
└ @ ClimaAtmos ~/git/ClimaAtmosResiDyn.jl/src/parameterized_tendencies/tagged_tracers/tagged_tracers.jl:590
┌ Warning: water tag closure residual 5.851857285823058e-6 exceeds the configured tolerance 1.0e-10 at t = 3252.5 s. The tags no longer account for the field they partition; see output/a2_first_order_dt2p5/output_0000/water_tag_closure.csv.
└ @ ClimaAtmos ~/git/ClimaAtmosResiDyn.jl/src/parameterized_tendencies/tagged_tracers/tagged_tracers.jl:590
┌ Warning: water tag closure residual 5.851700715392818e-6 exceeds the configured tolerance 1.0e-10 at t = 3255.0 s. The tags no longer account for the field they partition; see output/a2_first_order_dt2p5/output_0000/water_tag_closure.csv.
└ @ ClimaAtmos ~/git/ClimaAtmosResiDyn.jl/src/parameterized_tendencies/tagged_tracers/tagged_tracers.jl:590
┌ Warning: water tag closure residual 5.85154419457044e-6 exceeds the configured tolerance 1.0e-10 at t = 3257.5 s. The tags no longer account for the field they partition; see output/a2_first_order_dt2p5/output_0000/water_tag_closure.csv.
└ @ ClimaAtmos ~/git/ClimaAtmosResiDyn.jl/src/parameterized_tendencies/tagged_tracers/tagged_tracers.jl:590
┌ Warning: water tag closure residual 5.851387734190548e-6 exceeds the configured tolerance 1.0e-10 at t = 3260.0 s. The tags no longer account for the field they partition; see output/a2_first_order_dt2p5/output_0000/water_tag_closure.csv.
└ @ ClimaAtmos ~/git/ClimaAtmosResiDyn.jl/src/parameterized_tendencies/tagged_tracers/tagged_tracers.jl:590
┌ Warning: water tag closure residual 5.851231307943804e-6 exceeds the configured tolerance 1.0e-10 at t = 3262.5 s. The tags no longer account for the field they partition; see output/a2_first_order_dt2p5/output_0000/water_tag_closure.csv.
└ @ ClimaAtmos ~/git/ClimaAtmosResiDyn.jl/src/parameterized_tendencies/tagged_tracers/tagged_tracers.jl:590
┌ Warning: water tag closure residual 5.851074911716133e-6 exceeds the configured tolerance 1.0e-10 at t = 3265.0 s. The tags no longer account for the field they partition; see output/a2_first_order_dt2p5/output_0000/water_tag_closure.csv.
└ @ ClimaAtmos ~/git/ClimaAtmosResiDyn.jl/src/parameterized_tendencies/tagged_tracers/tagged_tracers.jl:590
┌ Warning: water tag closure residual 5.8509185675906635e-6 exceeds the configured tolerance 1.0e-10 at t = 3267.5 s. The tags no longer account for the field they partition; see output/a2_first_order_dt2p5/output_0000/water_tag_closure.csv.
└ @ ClimaAtmos ~/git/ClimaAtmosResiDyn.jl/src/parameterized_tendencies/tagged_tracers/tagged_tracers.jl:590
┌ Warning: water tag closure residual 5.850762274844553e-6 exceeds the configured tolerance 1.0e-10 at t = 3270.0 s. The tags no longer account for the field they partition; see output/a2_first_order_dt2p5/output_0000/water_tag_closure.csv.
└ @ ClimaAtmos ~/git/ClimaAtmosResiDyn.jl/src/parameterized_tendencies/tagged_tracers/tagged_tracers.jl:590
┌ Warning: water tag closure residual 5.850606015377761e-6 exceeds the configured tolerance 1.0e-10 at t = 3272.5 s. The tags no longer account for the field they partition; see output/a2_first_order_dt2p5/output_0000/water_tag_closure.csv.
└ @ ClimaAtmos ~/git/ClimaAtmosResiDyn.jl/src/parameterized_tendencies/tagged_tracers/tagged_tracers.jl:590
┌ Warning: water tag closure residual 5.850449793294533e-6 exceeds the configured tolerance 1.0e-10 at t = 3275.0 s. The tags no longer account for the field they partition; see output/a2_first_order_dt2p5/output_0000/water_tag_closure.csv.
└ @ ClimaAtmos ~/git/ClimaAtmosResiDyn.jl/src/parameterized_tendencies/tagged_tracers/tagged_tracers.jl:590
┌ Warning: water tag closure residual 5.850293622342765e-6 exceeds the configured tolerance 1.0e-10 at t = 3277.5 s. The tags no longer account for the field they partition; see output/a2_first_order_dt2p5/output_0000/water_tag_closure.csv.
└ @ ClimaAtmos ~/git/ClimaAtmosResiDyn.jl/src/parameterized_tendencies/tagged_tracers/tagged_tracers.jl:590
┌ Warning: water tag closure residual 5.850137496589854e-6 exceeds the configured tolerance 1.0e-10 at t = 3280.0 s. The tags no longer account for the field they partition; see output/a2_first_order_dt2p5/output_0000/water_tag_closure.csv.
└ @ ClimaAtmos ~/git/ClimaAtmosResiDyn.jl/src/parameterized_tendencies/tagged_tracers/tagged_tracers.jl:590
┌ Warning: water tag closure residual 5.849981405994395e-6 exceeds the configured tolerance 1.0e-10 at t = 3282.5 s. The tags no longer account for the field they partition; see output/a2_first_order_dt2p5/output_0000/water_tag_closure.csv.
└ @ ClimaAtmos ~/git/ClimaAtmosResiDyn.jl/src/parameterized_tendencies/tagged_tracers/tagged_tracers.jl:590
┌ Warning: water tag closure residual 5.849825356937226e-6 exceeds the configured tolerance 1.0e-10 at t = 3285.0 s. The tags no longer account for the field they partition; see output/a2_first_order_dt2p5/output_0000/water_tag_closure.csv.
└ @ ClimaAtmos ~/git/ClimaAtmosResiDyn.jl/src/parameterized_tendencies/tagged_tracers/tagged_tracers.jl:590
┌ Warning: water tag closure residual 5.849669356445603e-6 exceeds the configured tolerance 1.0e-10 at t = 3287.5 s. The tags no longer account for the field they partition; see output/a2_first_order_dt2p5/output_0000/water_tag_closure.csv.
└ @ ClimaAtmos ~/git/ClimaAtmosResiDyn.jl/src/parameterized_tendencies/tagged_tracers/tagged_tracers.jl:590
┌ Warning: water tag closure residual 5.84951339788638e-6 exceeds the configured tolerance 1.0e-10 at t = 3290.0 s. The tags no longer account for the field they partition; see output/a2_first_order_dt2p5/output_0000/water_tag_closure.csv.
└ @ ClimaAtmos ~/git/ClimaAtmosResiDyn.jl/src/parameterized_tendencies/tagged_tracers/tagged_tracers.jl:590
┌ Info: Progress
│   simulation_time = "54 minutes, 50 seconds"
│   n_steps_completed = 1316
│   wall_time_per_step = "3 milliseconds, 821 microseconds"
│   wall_time_total = "5 seconds, 502 milliseconds"
│   wall_time_remaining = "473 milliseconds, 843 microseconds"
│   wall_time_spent = "5 seconds, 28 milliseconds"
│   percent_complete = "91.4%"
│   estimated_sypd = "1.791"
│   instantaneous_sypd = "2.369"
│   date_now = 2026-09-10T00:49:38.942
└   estimated_finish_date = 2026-09-10T00:49:39.942
┌ Warning: water tag closure residual 5.849357476864577e-6 exceeds the configured tolerance 1.0e-10 at t = 3292.5 s. The tags no longer account for the field they partition; see output/a2_first_order_dt2p5/output_0000/water_tag_closure.csv.
└ @ ClimaAtmos ~/git/ClimaAtmosResiDyn.jl/src/parameterized_tendencies/tagged_tracers/tagged_tracers.jl:590
┌ Warning: water tag closure residual 5.849201599380669e-6 exceeds the configured tolerance 1.0e-10 at t = 3295.0 s. The tags no longer account for the field they partition; see output/a2_first_order_dt2p5/output_0000/water_tag_closure.csv.
└ @ ClimaAtmos ~/git/ClimaAtmosResiDyn.jl/src/parameterized_tendencies/tagged_tracers/tagged_tracers.jl:590
┌ Warning: water tag closure residual 5.849045767981849e-6 exceeds the configured tolerance 1.0e-10 at t = 3297.5 s. The tags no longer account for the field they partition; see output/a2_first_order_dt2p5/output_0000/water_tag_closure.csv.
└ @ ClimaAtmos ~/git/ClimaAtmosResiDyn.jl/src/parameterized_tendencies/tagged_tracers/tagged_tracers.jl:590
┌ Warning: water tag closure residual 5.848889977126508e-6 exceeds the configured tolerance 1.0e-10 at t = 3300.0 s. The tags no longer account for the field they partition; see output/a2_first_order_dt2p5/output_0000/water_tag_closure.csv.
└ @ ClimaAtmos ~/git/ClimaAtmosResiDyn.jl/src/parameterized_tendencies/tagged_tracers/tagged_tracers.jl:590
┌ Warning: water tag closure residual 5.8487342258655825e-6 exceeds the configured tolerance 1.0e-10 at t = 3302.5 s. The tags no longer account for the field they partition; see output/a2_first_order_dt2p5/output_0000/water_tag_closure.csv.
└ @ ClimaAtmos ~/git/ClimaAtmosResiDyn.jl/src/parameterized_tendencies/tagged_tracers/tagged_tracers.jl:590
┌ Warning: water tag closure residual 5.848578518589525e-6 exceeds the configured tolerance 1.0e-10 at t = 3305.0 s. The tags no longer account for the field they partition; see output/a2_first_order_dt2p5/output_0000/water_tag_closure.csv.
└ @ ClimaAtmos ~/git/ClimaAtmosResiDyn.jl/src/parameterized_tendencies/tagged_tracers/tagged_tracers.jl:590
┌ Warning: water tag closure residual 5.848422855473084e-6 exceeds the configured tolerance 1.0e-10 at t = 3307.5 s. The tags no longer account for the field they partition; see output/a2_first_order_dt2p5/output_0000/water_tag_closure.csv.
└ @ ClimaAtmos ~/git/ClimaAtmosResiDyn.jl/src/parameterized_tendencies/tagged_tracers/tagged_tracers.jl:590
┌ Warning: water tag closure residual 5.848267232564711e-6 exceeds the configured tolerance 1.0e-10 at t = 3310.0 s. The tags no longer account for the field they partition; see output/a2_first_order_dt2p5/output_0000/water_tag_closure.csv.
└ @ ClimaAtmos ~/git/ClimaAtmosResiDyn.jl/src/parameterized_tendencies/tagged_tracers/tagged_tracers.jl:590
┌ Warning: water tag closure residual 5.848111650589093e-6 exceeds the configured tolerance 1.0e-10 at t = 3312.5 s. The tags no longer account for the field they partition; see output/a2_first_order_dt2p5/output_0000/water_tag_closure.csv.
└ @ ClimaAtmos ~/git/ClimaAtmosResiDyn.jl/src/parameterized_tendencies/tagged_tracers/tagged_tracers.jl:590
┌ Warning: water tag closure residual 5.847956112342228e-6 exceeds the configured tolerance 1.0e-10 at t = 3315.0 s. The tags no longer account for the field they partition; see output/a2_first_order_dt2p5/output_0000/water_tag_closure.csv.
└ @ ClimaAtmos ~/git/ClimaAtmosResiDyn.jl/src/parameterized_tendencies/tagged_tracers/tagged_tracers.jl:590
┌ Warning: water tag closure residual 5.847800616678108e-6 exceeds the configured tolerance 1.0e-10 at t = 3317.5 s. The tags no longer account for the field they partition; see output/a2_first_order_dt2p5/output_0000/water_tag_closure.csv.
└ @ ClimaAtmos ~/git/ClimaAtmosResiDyn.jl/src/parameterized_tendencies/tagged_tracers/tagged_tracers.jl:590
┌ Warning: water tag closure residual 5.84764516150976e-6 exceeds the configured tolerance 1.0e-10 at t = 3320.0 s. The tags no longer account for the field they partition; see output/a2_first_order_dt2p5/output_0000/water_tag_closure.csv.
└ @ ClimaAtmos ~/git/ClimaAtmosResiDyn.jl/src/parameterized_tendencies/tagged_tracers/tagged_tracers.jl:590
┌ Warning: water tag closure residual 5.847489748022783e-6 exceeds the configured tolerance 1.0e-10 at t = 3322.5 s. The tags no longer account for the field they partition; see output/a2_first_order_dt2p5/output_0000/water_tag_closure.csv.
└ @ ClimaAtmos ~/git/ClimaAtmosResiDyn.jl/src/parameterized_tendencies/tagged_tracers/tagged_tracers.jl:590
┌ Warning: water tag closure residual 5.847334377714895e-6 exceeds the configured tolerance 1.0e-10 at t = 3325.0 s. The tags no longer account for the field they partition; see output/a2_first_order_dt2p5/output_0000/water_tag_closure.csv.
└ @ ClimaAtmos ~/git/ClimaAtmosResiDyn.jl/src/parameterized_tendencies/tagged_tracers/tagged_tracers.jl:590
┌ Warning: water tag closure residual 5.847179049359872e-6 exceeds the configured tolerance 1.0e-10 at t = 3327.5 s. The tags no longer account for the field they partition; see output/a2_first_order_dt2p5/output_0000/water_tag_closure.csv.
└ @ ClimaAtmos ~/git/ClimaAtmosResiDyn.jl/src/parameterized_tendencies/tagged_tracers/tagged_tracers.jl:590
┌ Warning: water tag closure residual 5.847023761764247e-6 exceeds the configured tolerance 1.0e-10 at t = 3330.0 s. The tags no longer account for the field they partition; see output/a2_first_order_dt2p5/output_0000/water_tag_closure.csv.
└ @ ClimaAtmos ~/git/ClimaAtmosResiDyn.jl/src/parameterized_tendencies/tagged_tracers/tagged_tracers.jl:590
┌ Warning: water tag closure residual 5.846868516098163e-6 exceeds the configured tolerance 1.0e-10 at t = 3332.5 s. The tags no longer account for the field they partition; see output/a2_first_order_dt2p5/output_0000/water_tag_closure.csv.
└ @ ClimaAtmos ~/git/ClimaAtmosResiDyn.jl/src/parameterized_tendencies/tagged_tracers/tagged_tracers.jl:590
┌ Warning: water tag closure residual 5.846713313036487e-6 exceeds the configured tolerance 1.0e-10 at t = 3335.0 s. The tags no longer account for the field they partition; see output/a2_first_order_dt2p5/output_0000/water_tag_closure.csv.
└ @ ClimaAtmos ~/git/ClimaAtmosResiDyn.jl/src/parameterized_tendencies/tagged_tracers/tagged_tracers.jl:590
┌ Warning: water tag closure residual 5.846558151386743e-6 exceeds the configured tolerance 1.0e-10 at t = 3337.5 s. The tags no longer account for the field they partition; see output/a2_first_order_dt2p5/output_0000/water_tag_closure.csv.
└ @ ClimaAtmos ~/git/ClimaAtmosResiDyn.jl/src/parameterized_tendencies/tagged_tracers/tagged_tracers.jl:590
┌ Warning: water tag closure residual 5.846403030976832e-6 exceeds the configured tolerance 1.0e-10 at t = 3340.0 s. The tags no longer account for the field they partition; see output/a2_first_order_dt2p5/output_0000/water_tag_closure.csv.
└ @ ClimaAtmos ~/git/ClimaAtmosResiDyn.jl/src/parameterized_tendencies/tagged_tracers/tagged_tracers.jl:590
┌ Warning: water tag closure residual 5.8462479525677386e-6 exceeds the configured tolerance 1.0e-10 at t = 3342.5 s. The tags no longer account for the field they partition; see output/a2_first_order_dt2p5/output_0000/water_tag_closure.csv.
└ @ ClimaAtmos ~/git/ClimaAtmosResiDyn.jl/src/parameterized_tendencies/tagged_tracers/tagged_tracers.jl:590
┌ Warning: water tag closure residual 5.8460929162594665e-6 exceeds the configured tolerance 1.0e-10 at t = 3345.0 s. The tags no longer account for the field they partition; see output/a2_first_order_dt2p5/output_0000/water_tag_closure.csv.
└ @ ClimaAtmos ~/git/ClimaAtmosResiDyn.jl/src/parameterized_tendencies/tagged_tracers/tagged_tracers.jl:590
┌ Warning: water tag closure residual 5.845937921234762e-6 exceeds the configured tolerance 1.0e-10 at t = 3347.5 s. The tags no longer account for the field they partition; see output/a2_first_order_dt2p5/output_0000/water_tag_closure.csv.
└ @ ClimaAtmos ~/git/ClimaAtmosResiDyn.jl/src/parameterized_tendencies/tagged_tracers/tagged_tracers.jl:590
┌ Warning: water tag closure residual 5.845782967479859e-6 exceeds the configured tolerance 1.0e-10 at t = 3350.0 s. The tags no longer account for the field they partition; see output/a2_first_order_dt2p5/output_0000/water_tag_closure.csv.
└ @ ClimaAtmos ~/git/ClimaAtmosResiDyn.jl/src/parameterized_tendencies/tagged_tracers/tagged_tracers.jl:590
┌ Warning: water tag closure residual 5.845628055663911e-6 exceeds the configured tolerance 1.0e-10 at t = 3352.5 s. The tags no longer account for the field they partition; see output/a2_first_order_dt2p5/output_0000/water_tag_closure.csv.
└ @ ClimaAtmos ~/git/ClimaAtmosResiDyn.jl/src/parameterized_tendencies/tagged_tracers/tagged_tracers.jl:590
┌ Warning: water tag closure residual 5.845473186075756e-6 exceeds the configured tolerance 1.0e-10 at t = 3355.0 s. The tags no longer account for the field they partition; see output/a2_first_order_dt2p5/output_0000/water_tag_closure.csv.
└ @ ClimaAtmos ~/git/ClimaAtmosResiDyn.jl/src/parameterized_tendencies/tagged_tracers/tagged_tracers.jl:590
┌ Warning: water tag closure residual 5.845318358245226e-6 exceeds the configured tolerance 1.0e-10 at t = 3357.5 s. The tags no longer account for the field they partition; see output/a2_first_order_dt2p5/output_0000/water_tag_closure.csv.
└ @ ClimaAtmos ~/git/ClimaAtmosResiDyn.jl/src/parameterized_tendencies/tagged_tracers/tagged_tracers.jl:590
┌ Warning: water tag closure residual 5.845163572451976e-6 exceeds the configured tolerance 1.0e-10 at t = 3360.0 s. The tags no longer account for the field they partition; see output/a2_first_order_dt2p5/output_0000/water_tag_closure.csv.
└ @ ClimaAtmos ~/git/ClimaAtmosResiDyn.jl/src/parameterized_tendencies/tagged_tracers/tagged_tracers.jl:590
┌ Warning: water tag closure residual 5.845008828835286e-6 exceeds the configured tolerance 1.0e-10 at t = 3362.5 s. The tags no longer account for the field they partition; see output/a2_first_order_dt2p5/output_0000/water_tag_closure.csv.
└ @ ClimaAtmos ~/git/ClimaAtmosResiDyn.jl/src/parameterized_tendencies/tagged_tracers/tagged_tracers.jl:590
┌ Warning: water tag closure residual 5.84485412720426e-6 exceeds the configured tolerance 1.0e-10 at t = 3365.0 s. The tags no longer account for the field they partition; see output/a2_first_order_dt2p5/output_0000/water_tag_closure.csv.
└ @ ClimaAtmos ~/git/ClimaAtmosResiDyn.jl/src/parameterized_tendencies/tagged_tracers/tagged_tracers.jl:590
┌ Warning: water tag closure residual 5.844699467442114e-6 exceeds the configured tolerance 1.0e-10 at t = 3367.5 s. The tags no longer account for the field they partition; see output/a2_first_order_dt2p5/output_0000/water_tag_closure.csv.
└ @ ClimaAtmos ~/git/ClimaAtmosResiDyn.jl/src/parameterized_tendencies/tagged_tracers/tagged_tracers.jl:590
┌ Warning: water tag closure residual 5.844544849604751e-6 exceeds the configured tolerance 1.0e-10 at t = 3370.0 s. The tags no longer account for the field they partition; see output/a2_first_order_dt2p5/output_0000/water_tag_closure.csv.
└ @ ClimaAtmos ~/git/ClimaAtmosResiDyn.jl/src/parameterized_tendencies/tagged_tracers/tagged_tracers.jl:590
┌ Warning: water tag closure residual 5.844390273720205e-6 exceeds the configured tolerance 1.0e-10 at t = 3372.5 s. The tags no longer account for the field they partition; see output/a2_first_order_dt2p5/output_0000/water_tag_closure.csv.
└ @ ClimaAtmos ~/git/ClimaAtmosResiDyn.jl/src/parameterized_tendencies/tagged_tracers/tagged_tracers.jl:590
┌ Warning: water tag closure residual 5.844235739508973e-6 exceeds the configured tolerance 1.0e-10 at t = 3375.0 s. The tags no longer account for the field they partition; see output/a2_first_order_dt2p5/output_0000/water_tag_closure.csv.
└ @ ClimaAtmos ~/git/ClimaAtmosResiDyn.jl/src/parameterized_tendencies/tagged_tracers/tagged_tracers.jl:590
┌ Warning: water tag closure residual 5.844081246924782e-6 exceeds the configured tolerance 1.0e-10 at t = 3377.5 s. The tags no longer account for the field they partition; see output/a2_first_order_dt2p5/output_0000/water_tag_closure.csv.
└ @ ClimaAtmos ~/git/ClimaAtmosResiDyn.jl/src/parameterized_tendencies/tagged_tracers/tagged_tracers.jl:590
┌ Warning: water tag closure residual 5.843926796206466e-6 exceeds the configured tolerance 1.0e-10 at t = 3380.0 s. The tags no longer account for the field they partition; see output/a2_first_order_dt2p5/output_0000/water_tag_closure.csv.
└ @ ClimaAtmos ~/git/ClimaAtmosResiDyn.jl/src/parameterized_tendencies/tagged_tracers/tagged_tracers.jl:590
┌ Warning: water tag closure residual 5.8437723874133815e-6 exceeds the configured tolerance 1.0e-10 at t = 3382.5 s. The tags no longer account for the field they partition; see output/a2_first_order_dt2p5/output_0000/water_tag_closure.csv.
└ @ ClimaAtmos ~/git/ClimaAtmosResiDyn.jl/src/parameterized_tendencies/tagged_tracers/tagged_tracers.jl:590
┌ Warning: water tag closure residual 5.843618020134738e-6 exceeds the configured tolerance 1.0e-10 at t = 3385.0 s. The tags no longer account for the field they partition; see output/a2_first_order_dt2p5/output_0000/water_tag_closure.csv.
└ @ ClimaAtmos ~/git/ClimaAtmosResiDyn.jl/src/parameterized_tendencies/tagged_tracers/tagged_tracers.jl:590
┌ Warning: water tag closure residual 5.8434636943670235e-6 exceeds the configured tolerance 1.0e-10 at t = 3387.5 s. The tags no longer account for the field they partition; see output/a2_first_order_dt2p5/output_0000/water_tag_closure.csv.
└ @ ClimaAtmos ~/git/ClimaAtmosResiDyn.jl/src/parameterized_tendencies/tagged_tracers/tagged_tracers.jl:590
┌ Warning: water tag closure residual 5.843309412310852e-6 exceeds the configured tolerance 1.0e-10 at t = 3390.0 s. The tags no longer account for the field they partition; see output/a2_first_order_dt2p5/output_0000/water_tag_closure.csv.
└ @ ClimaAtmos ~/git/ClimaAtmosResiDyn.jl/src/parameterized_tendencies/tagged_tracers/tagged_tracers.jl:590
┌ Warning: water tag closure residual 5.843155199501088e-6 exceeds the configured tolerance 1.0e-10 at t = 3392.5 s. The tags no longer account for the field they partition; see output/a2_first_order_dt2p5/output_0000/water_tag_closure.csv.
└ @ ClimaAtmos ~/git/ClimaAtmosResiDyn.jl/src/parameterized_tendencies/tagged_tracers/tagged_tracers.jl:590
┌ Warning: water tag closure residual 5.843001042702814e-6 exceeds the configured tolerance 1.0e-10 at t = 3395.0 s. The tags no longer account for the field they partition; see output/a2_first_order_dt2p5/output_0000/water_tag_closure.csv.
└ @ ClimaAtmos ~/git/ClimaAtmosResiDyn.jl/src/parameterized_tendencies/tagged_tracers/tagged_tracers.jl:590
┌ Warning: water tag closure residual 5.842846910774383e-6 exceeds the configured tolerance 1.0e-10 at t = 3397.5 s. The tags no longer account for the field they partition; see output/a2_first_order_dt2p5/output_0000/water_tag_closure.csv.
└ @ ClimaAtmos ~/git/ClimaAtmosResiDyn.jl/src/parameterized_tendencies/tagged_tracers/tagged_tracers.jl:590
┌ Warning: water tag closure residual 5.842692808713074e-6 exceeds the configured tolerance 1.0e-10 at t = 3400.0 s. The tags no longer account for the field they partition; see output/a2_first_order_dt2p5/output_0000/water_tag_closure.csv.
└ @ ClimaAtmos ~/git/ClimaAtmosResiDyn.jl/src/parameterized_tendencies/tagged_tracers/tagged_tracers.jl:590
┌ Warning: water tag closure residual 5.8425387645848915e-6 exceeds the configured tolerance 1.0e-10 at t = 3402.5 s. The tags no longer account for the field they partition; see output/a2_first_order_dt2p5/output_0000/water_tag_closure.csv.
└ @ ClimaAtmos ~/git/ClimaAtmosResiDyn.jl/src/parameterized_tendencies/tagged_tracers/tagged_tracers.jl:590
┌ Warning: water tag closure residual 5.842384768092209e-6 exceeds the configured tolerance 1.0e-10 at t = 3405.0 s. The tags no longer account for the field they partition; see output/a2_first_order_dt2p5/output_0000/water_tag_closure.csv.
└ @ ClimaAtmos ~/git/ClimaAtmosResiDyn.jl/src/parameterized_tendencies/tagged_tracers/tagged_tracers.jl:590
┌ Warning: water tag closure residual 5.8422307983497796e-6 exceeds the configured tolerance 1.0e-10 at t = 3407.5 s. The tags no longer account for the field they partition; see output/a2_first_order_dt2p5/output_0000/water_tag_closure.csv.
└ @ ClimaAtmos ~/git/ClimaAtmosResiDyn.jl/src/parameterized_tendencies/tagged_tracers/tagged_tracers.jl:590
┌ Warning: water tag closure residual 5.84207686780318e-6 exceeds the configured tolerance 1.0e-10 at t = 3410.0 s. The tags no longer account for the field they partition; see output/a2_first_order_dt2p5/output_0000/water_tag_closure.csv.
└ @ ClimaAtmos ~/git/ClimaAtmosResiDyn.jl/src/parameterized_tendencies/tagged_tracers/tagged_tracers.jl:590
┌ Warning: water tag closure residual 5.8419229906764775e-6 exceeds the configured tolerance 1.0e-10 at t = 3412.5 s. The tags no longer account for the field they partition; see output/a2_first_order_dt2p5/output_0000/water_tag_closure.csv.
└ @ ClimaAtmos ~/git/ClimaAtmosResiDyn.jl/src/parameterized_tendencies/tagged_tracers/tagged_tracers.jl:590
┌ Warning: water tag closure residual 5.841769154396778e-6 exceeds the configured tolerance 1.0e-10 at t = 3415.0 s. The tags no longer account for the field they partition; see output/a2_first_order_dt2p5/output_0000/water_tag_closure.csv.
└ @ ClimaAtmos ~/git/ClimaAtmosResiDyn.jl/src/parameterized_tendencies/tagged_tracers/tagged_tracers.jl:590
┌ Warning: water tag closure residual 5.841615349599196e-6 exceeds the configured tolerance 1.0e-10 at t = 3417.5 s. The tags no longer account for the field they partition; see output/a2_first_order_dt2p5/output_0000/water_tag_closure.csv.
└ @ ClimaAtmos ~/git/ClimaAtmosResiDyn.jl/src/parameterized_tendencies/tagged_tracers/tagged_tracers.jl:590
┌ Warning: water tag closure residual 5.8414615881560056e-6 exceeds the configured tolerance 1.0e-10 at t = 3420.0 s. The tags no longer account for the field they partition; see output/a2_first_order_dt2p5/output_0000/water_tag_closure.csv.
└ @ ClimaAtmos ~/git/ClimaAtmosResiDyn.jl/src/parameterized_tendencies/tagged_tracers/tagged_tracers.jl:590
┌ Warning: water tag closure residual 5.841307875519707e-6 exceeds the configured tolerance 1.0e-10 at t = 3422.5 s. The tags no longer account for the field they partition; see output/a2_first_order_dt2p5/output_0000/water_tag_closure.csv.
└ @ ClimaAtmos ~/git/ClimaAtmosResiDyn.jl/src/parameterized_tendencies/tagged_tracers/tagged_tracers.jl:590
┌ Warning: water tag closure residual 5.841154200770705e-6 exceeds the configured tolerance 1.0e-10 at t = 3425.0 s. The tags no longer account for the field they partition; see output/a2_first_order_dt2p5/output_0000/water_tag_closure.csv.
└ @ ClimaAtmos ~/git/ClimaAtmosResiDyn.jl/src/parameterized_tendencies/tagged_tracers/tagged_tracers.jl:590
┌ Warning: water tag closure residual 5.841000561566441e-6 exceeds the configured tolerance 1.0e-10 at t = 3427.5 s. The tags no longer account for the field they partition; see output/a2_first_order_dt2p5/output_0000/water_tag_closure.csv.
└ @ ClimaAtmos ~/git/ClimaAtmosResiDyn.jl/src/parameterized_tendencies/tagged_tracers/tagged_tracers.jl:590
┌ Warning: water tag closure residual 5.840846966939743e-6 exceeds the configured tolerance 1.0e-10 at t = 3430.0 s. The tags no longer account for the field they partition; see output/a2_first_order_dt2p5/output_0000/water_tag_closure.csv.
└ @ ClimaAtmos ~/git/ClimaAtmosResiDyn.jl/src/parameterized_tendencies/tagged_tracers/tagged_tracers.jl:590
┌ Warning: water tag closure residual 5.840693417414092e-6 exceeds the configured tolerance 1.0e-10 at t = 3432.5 s. The tags no longer account for the field they partition; see output/a2_first_order_dt2p5/output_0000/water_tag_closure.csv.
└ @ ClimaAtmos ~/git/ClimaAtmosResiDyn.jl/src/parameterized_tendencies/tagged_tracers/tagged_tracers.jl:590
┌ Warning: water tag closure residual 5.840539905359615e-6 exceeds the configured tolerance 1.0e-10 at t = 3435.0 s. The tags no longer account for the field they partition; see output/a2_first_order_dt2p5/output_0000/water_tag_closure.csv.
└ @ ClimaAtmos ~/git/ClimaAtmosResiDyn.jl/src/parameterized_tendencies/tagged_tracers/tagged_tracers.jl:590
┌ Warning: water tag closure residual 5.840386431722947e-6 exceeds the configured tolerance 1.0e-10 at t = 3437.5 s. The tags no longer account for the field they partition; see output/a2_first_order_dt2p5/output_0000/water_tag_closure.csv.
└ @ ClimaAtmos ~/git/ClimaAtmosResiDyn.jl/src/parameterized_tendencies/tagged_tracers/tagged_tracers.jl:590
┌ Warning: water tag closure residual 5.8402330023219365e-6 exceeds the configured tolerance 1.0e-10 at t = 3440.0 s. The tags no longer account for the field they partition; see output/a2_first_order_dt2p5/output_0000/water_tag_closure.csv.
└ @ ClimaAtmos ~/git/ClimaAtmosResiDyn.jl/src/parameterized_tendencies/tagged_tracers/tagged_tracers.jl:590
┌ Warning: water tag closure residual 5.840079615290022e-6 exceeds the configured tolerance 1.0e-10 at t = 3442.5 s. The tags no longer account for the field they partition; see output/a2_first_order_dt2p5/output_0000/water_tag_closure.csv.
└ @ ClimaAtmos ~/git/ClimaAtmosResiDyn.jl/src/parameterized_tendencies/tagged_tracers/tagged_tracers.jl:590
┌ Warning: water tag closure residual 5.839926266135517e-6 exceeds the configured tolerance 1.0e-10 at t = 3445.0 s. The tags no longer account for the field they partition; see output/a2_first_order_dt2p5/output_0000/water_tag_closure.csv.
└ @ ClimaAtmos ~/git/ClimaAtmosResiDyn.jl/src/parameterized_tendencies/tagged_tracers/tagged_tracers.jl:590
┌ Warning: water tag closure residual 5.8397729572371595e-6 exceeds the configured tolerance 1.0e-10 at t = 3447.5 s. The tags no longer account for the field they partition; see output/a2_first_order_dt2p5/output_0000/water_tag_closure.csv.
└ @ ClimaAtmos ~/git/ClimaAtmosResiDyn.jl/src/parameterized_tendencies/tagged_tracers/tagged_tracers.jl:590
┌ Warning: water tag closure residual 5.839619691710699e-6 exceeds the configured tolerance 1.0e-10 at t = 3450.0 s. The tags no longer account for the field they partition; see output/a2_first_order_dt2p5/output_0000/water_tag_closure.csv.
└ @ ClimaAtmos ~/git/ClimaAtmosResiDyn.jl/src/parameterized_tendencies/tagged_tracers/tagged_tracers.jl:590
┌ Warning: water tag closure residual 5.839466467121582e-6 exceeds the configured tolerance 1.0e-10 at t = 3452.5 s. The tags no longer account for the field they partition; see output/a2_first_order_dt2p5/output_0000/water_tag_closure.csv.
└ @ ClimaAtmos ~/git/ClimaAtmosResiDyn.jl/src/parameterized_tendencies/tagged_tracers/tagged_tracers.jl:590
┌ Warning: water tag closure residual 5.839313281170903e-6 exceeds the configured tolerance 1.0e-10 at t = 3455.0 s. The tags no longer account for the field they partition; see output/a2_first_order_dt2p5/output_0000/water_tag_closure.csv.
└ @ ClimaAtmos ~/git/ClimaAtmosResiDyn.jl/src/parameterized_tendencies/tagged_tracers/tagged_tracers.jl:590
┌ Warning: water tag closure residual 5.839160136339083e-6 exceeds the configured tolerance 1.0e-10 at t = 3457.5 s. The tags no longer account for the field they partition; see output/a2_first_order_dt2p5/output_0000/water_tag_closure.csv.
└ @ ClimaAtmos ~/git/ClimaAtmosResiDyn.jl/src/parameterized_tendencies/tagged_tracers/tagged_tracers.jl:590
┌ Warning: water tag closure residual 5.839007064207069e-6 exceeds the configured tolerance 1.0e-10 at t = 3460.0 s. The tags no longer account for the field they partition; see output/a2_first_order_dt2p5/output_0000/water_tag_closure.csv.
└ @ ClimaAtmos ~/git/ClimaAtmosResiDyn.jl/src/parameterized_tendencies/tagged_tracers/tagged_tracers.jl:590
┌ Warning: water tag closure residual 5.838854553194382e-6 exceeds the configured tolerance 1.0e-10 at t = 3462.5 s. The tags no longer account for the field they partition; see output/a2_first_order_dt2p5/output_0000/water_tag_closure.csv.
└ @ ClimaAtmos ~/git/ClimaAtmosResiDyn.jl/src/parameterized_tendencies/tagged_tracers/tagged_tracers.jl:590
┌ Warning: water tag closure residual 5.838702866931487e-6 exceeds the configured tolerance 1.0e-10 at t = 3465.0 s. The tags no longer account for the field they partition; see output/a2_first_order_dt2p5/output_0000/water_tag_closure.csv.
└ @ ClimaAtmos ~/git/ClimaAtmosResiDyn.jl/src/parameterized_tendencies/tagged_tracers/tagged_tracers.jl:590
┌ Warning: water tag closure residual 5.838550518989128e-6 exceeds the configured tolerance 1.0e-10 at t = 3467.5 s. The tags no longer account for the field they partition; see output/a2_first_order_dt2p5/output_0000/water_tag_closure.csv.
└ @ ClimaAtmos ~/git/ClimaAtmosResiDyn.jl/src/parameterized_tendencies/tagged_tracers/tagged_tracers.jl:590
┌ Warning: water tag closure residual 5.8383977380598724e-6 exceeds the configured tolerance 1.0e-10 at t = 3470.0 s. The tags no longer account for the field they partition; see output/a2_first_order_dt2p5/output_0000/water_tag_closure.csv.
└ @ ClimaAtmos ~/git/ClimaAtmosResiDyn.jl/src/parameterized_tendencies/tagged_tracers/tagged_tracers.jl:590
┌ Warning: water tag closure residual 5.83824565304514e-6 exceeds the configured tolerance 1.0e-10 at t = 3472.5 s. The tags no longer account for the field they partition; see output/a2_first_order_dt2p5/output_0000/water_tag_closure.csv.
└ @ ClimaAtmos ~/git/ClimaAtmosResiDyn.jl/src/parameterized_tendencies/tagged_tracers/tagged_tracers.jl:590
┌ Info: Progress
│   simulation_time = "57 minutes, 52 seconds"
│   n_steps_completed = 1389
│   wall_time_per_step = "3 milliseconds, 774 microseconds"
│   wall_time_total = "5 seconds, 435 milliseconds"
│   wall_time_remaining = "192 milliseconds, 501 microseconds"
│   wall_time_spent = "5 seconds, 242 milliseconds"
│   percent_complete = "96.5%"
│   estimated_sypd = "1.813"
│   instantaneous_sypd = "2.335"
│   date_now = 2026-09-10T00:49:39.156
└   estimated_finish_date = 2026-09-10T00:49:40.156
┌ Warning: water tag closure residual 5.838093841853108e-6 exceeds the configured tolerance 1.0e-10 at t = 3475.0 s. The tags no longer account for the field they partition; see output/a2_first_order_dt2p5/output_0000/water_tag_closure.csv.
└ @ ClimaAtmos ~/git/ClimaAtmosResiDyn.jl/src/parameterized_tendencies/tagged_tracers/tagged_tracers.jl:590
┌ Warning: water tag closure residual 5.837941505298976e-6 exceeds the configured tolerance 1.0e-10 at t = 3477.5 s. The tags no longer account for the field they partition; see output/a2_first_order_dt2p5/output_0000/water_tag_closure.csv.
└ @ ClimaAtmos ~/git/ClimaAtmosResiDyn.jl/src/parameterized_tendencies/tagged_tracers/tagged_tracers.jl:590
┌ Warning: water tag closure residual 5.837789102832562e-6 exceeds the configured tolerance 1.0e-10 at t = 3480.0 s. The tags no longer account for the field they partition; see output/a2_first_order_dt2p5/output_0000/water_tag_closure.csv.
└ @ ClimaAtmos ~/git/ClimaAtmosResiDyn.jl/src/parameterized_tendencies/tagged_tracers/tagged_tracers.jl:590
┌ Warning: water tag closure residual 5.8376372165304376e-6 exceeds the configured tolerance 1.0e-10 at t = 3482.5 s. The tags no longer account for the field they partition; see output/a2_first_order_dt2p5/output_0000/water_tag_closure.csv.
└ @ ClimaAtmos ~/git/ClimaAtmosResiDyn.jl/src/parameterized_tendencies/tagged_tracers/tagged_tracers.jl:590
┌ Warning: water tag closure residual 5.837485358772449e-6 exceeds the configured tolerance 1.0e-10 at t = 3485.0 s. The tags no longer account for the field they partition; see output/a2_first_order_dt2p5/output_0000/water_tag_closure.csv.
└ @ ClimaAtmos ~/git/ClimaAtmosResiDyn.jl/src/parameterized_tendencies/tagged_tracers/tagged_tracers.jl:590
┌ Warning: water tag closure residual 5.837333146572762e-6 exceeds the configured tolerance 1.0e-10 at t = 3487.5 s. The tags no longer account for the field they partition; see output/a2_first_order_dt2p5/output_0000/water_tag_closure.csv.
└ @ ClimaAtmos ~/git/ClimaAtmosResiDyn.jl/src/parameterized_tendencies/tagged_tracers/tagged_tracers.jl:590
┌ Warning: water tag closure residual 5.837181049958582e-6 exceeds the configured tolerance 1.0e-10 at t = 3490.0 s. The tags no longer account for the field they partition; see output/a2_first_order_dt2p5/output_0000/water_tag_closure.csv.
└ @ ClimaAtmos ~/git/ClimaAtmosResiDyn.jl/src/parameterized_tendencies/tagged_tracers/tagged_tracers.jl:590
┌ Warning: water tag closure residual 5.837029289720376e-6 exceeds the configured tolerance 1.0e-10 at t = 3492.5 s. The tags no longer account for the field they partition; see output/a2_first_order_dt2p5/output_0000/water_tag_closure.csv.
└ @ ClimaAtmos ~/git/ClimaAtmosResiDyn.jl/src/parameterized_tendencies/tagged_tracers/tagged_tracers.jl:590
┌ Warning: water tag closure residual 5.8368774458648e-6 exceeds the configured tolerance 1.0e-10 at t = 3495.0 s. The tags no longer account for the field they partition; see output/a2_first_order_dt2p5/output_0000/water_tag_closure.csv.
└ @ ClimaAtmos ~/git/ClimaAtmosResiDyn.jl/src/parameterized_tendencies/tagged_tracers/tagged_tracers.jl:590
┌ Warning: water tag closure residual 5.836725414938666e-6 exceeds the configured tolerance 1.0e-10 at t = 3497.5 s. The tags no longer account for the field they partition; see output/a2_first_order_dt2p5/output_0000/water_tag_closure.csv.
└ @ ClimaAtmos ~/git/ClimaAtmosResiDyn.jl/src/parameterized_tendencies/tagged_tracers/tagged_tracers.jl:590
┌ Warning: water tag closure residual 5.836573558092775e-6 exceeds the configured tolerance 1.0e-10 at t = 3500.0 s. The tags no longer account for the field they partition; see output/a2_first_order_dt2p5/output_0000/water_tag_closure.csv.
└ @ ClimaAtmos ~/git/ClimaAtmosResiDyn.jl/src/parameterized_tendencies/tagged_tracers/tagged_tracers.jl:590
┌ Warning: water tag closure residual 5.836421892164426e-6 exceeds the configured tolerance 1.0e-10 at t = 3502.5 s. The tags no longer account for the field they partition; see output/a2_first_order_dt2p5/output_0000/water_tag_closure.csv.
└ @ ClimaAtmos ~/git/ClimaAtmosResiDyn.jl/src/parameterized_tendencies/tagged_tracers/tagged_tracers.jl:590
┌ Warning: water tag closure residual 5.836270120510559e-6 exceeds the configured tolerance 1.0e-10 at t = 3505.0 s. The tags no longer account for the field they partition; see output/a2_first_order_dt2p5/output_0000/water_tag_closure.csv.
└ @ ClimaAtmos ~/git/ClimaAtmosResiDyn.jl/src/parameterized_tendencies/tagged_tracers/tagged_tracers.jl:590
┌ Warning: water tag closure residual 5.836118284445298e-6 exceeds the configured tolerance 1.0e-10 at t = 3507.5 s. The tags no longer account for the field they partition; see output/a2_first_order_dt2p5/output_0000/water_tag_closure.csv.
└ @ ClimaAtmos ~/git/ClimaAtmosResiDyn.jl/src/parameterized_tendencies/tagged_tracers/tagged_tracers.jl:590
┌ Warning: water tag closure residual 5.8359666171358565e-6 exceeds the configured tolerance 1.0e-10 at t = 3510.0 s. The tags no longer account for the field they partition; see output/a2_first_order_dt2p5/output_0000/water_tag_closure.csv.
└ @ ClimaAtmos ~/git/ClimaAtmosResiDyn.jl/src/parameterized_tendencies/tagged_tracers/tagged_tracers.jl:590
┌ Warning: water tag closure residual 5.8358150419934425e-6 exceeds the configured tolerance 1.0e-10 at t = 3512.5 s. The tags no longer account for the field they partition; see output/a2_first_order_dt2p5/output_0000/water_tag_closure.csv.
└ @ ClimaAtmos ~/git/ClimaAtmosResiDyn.jl/src/parameterized_tendencies/tagged_tracers/tagged_tracers.jl:590
┌ Warning: water tag closure residual 5.835663383610577e-6 exceeds the configured tolerance 1.0e-10 at t = 3515.0 s. The tags no longer account for the field they partition; see output/a2_first_order_dt2p5/output_0000/water_tag_closure.csv.
└ @ ClimaAtmos ~/git/ClimaAtmosResiDyn.jl/src/parameterized_tendencies/tagged_tracers/tagged_tracers.jl:590
┌ Warning: water tag closure residual 5.835511736703669e-6 exceeds the configured tolerance 1.0e-10 at t = 3517.5 s. The tags no longer account for the field they partition; see output/a2_first_order_dt2p5/output_0000/water_tag_closure.csv.
└ @ ClimaAtmos ~/git/ClimaAtmosResiDyn.jl/src/parameterized_tendencies/tagged_tracers/tagged_tracers.jl:590
┌ Warning: water tag closure residual 5.835360226225433e-6 exceeds the configured tolerance 1.0e-10 at t = 3520.0 s. The tags no longer account for the field they partition; see output/a2_first_order_dt2p5/output_0000/water_tag_closure.csv.
└ @ ClimaAtmos ~/git/ClimaAtmosResiDyn.jl/src/parameterized_tendencies/tagged_tracers/tagged_tracers.jl:590
┌ Warning: water tag closure residual 5.835208752131536e-6 exceeds the configured tolerance 1.0e-10 at t = 3522.5 s. The tags no longer account for the field they partition; see output/a2_first_order_dt2p5/output_0000/water_tag_closure.csv.
└ @ ClimaAtmos ~/git/ClimaAtmosResiDyn.jl/src/parameterized_tendencies/tagged_tracers/tagged_tracers.jl:590
┌ Warning: water tag closure residual 5.835057231316259e-6 exceeds the configured tolerance 1.0e-10 at t = 3525.0 s. The tags no longer account for the field they partition; see output/a2_first_order_dt2p5/output_0000/water_tag_closure.csv.
└ @ ClimaAtmos ~/git/ClimaAtmosResiDyn.jl/src/parameterized_tendencies/tagged_tracers/tagged_tracers.jl:590
┌ Warning: water tag closure residual 5.834905760323463e-6 exceeds the configured tolerance 1.0e-10 at t = 3527.5 s. The tags no longer account for the field they partition; see output/a2_first_order_dt2p5/output_0000/water_tag_closure.csv.
└ @ ClimaAtmos ~/git/ClimaAtmosResiDyn.jl/src/parameterized_tendencies/tagged_tracers/tagged_tracers.jl:590
┌ Warning: water tag closure residual 5.834754388782154e-6 exceeds the configured tolerance 1.0e-10 at t = 3530.0 s. The tags no longer account for the field they partition; see output/a2_first_order_dt2p5/output_0000/water_tag_closure.csv.
└ @ ClimaAtmos ~/git/ClimaAtmosResiDyn.jl/src/parameterized_tendencies/tagged_tracers/tagged_tracers.jl:590
┌ Warning: water tag closure residual 5.8346030291363756e-6 exceeds the configured tolerance 1.0e-10 at t = 3532.5 s. The tags no longer account for the field they partition; see output/a2_first_order_dt2p5/output_0000/water_tag_closure.csv.
└ @ ClimaAtmos ~/git/ClimaAtmosResiDyn.jl/src/parameterized_tendencies/tagged_tracers/tagged_tracers.jl:590
┌ Warning: water tag closure residual 5.8344516569344965e-6 exceeds the configured tolerance 1.0e-10 at t = 3535.0 s. The tags no longer account for the field they partition; see output/a2_first_order_dt2p5/output_0000/water_tag_closure.csv.
└ @ ClimaAtmos ~/git/ClimaAtmosResiDyn.jl/src/parameterized_tendencies/tagged_tracers/tagged_tracers.jl:590
┌ Warning: water tag closure residual 5.83430034824243e-6 exceeds the configured tolerance 1.0e-10 at t = 3537.5 s. The tags no longer account for the field they partition; see output/a2_first_order_dt2p5/output_0000/water_tag_closure.csv.
└ @ ClimaAtmos ~/git/ClimaAtmosResiDyn.jl/src/parameterized_tendencies/tagged_tracers/tagged_tracers.jl:590
┌ Warning: water tag closure residual 5.834149108531364e-6 exceeds the configured tolerance 1.0e-10 at t = 3540.0 s. The tags no longer account for the field they partition; see output/a2_first_order_dt2p5/output_0000/water_tag_closure.csv.
└ @ ClimaAtmos ~/git/ClimaAtmosResiDyn.jl/src/parameterized_tendencies/tagged_tracers/tagged_tracers.jl:590
┌ Warning: water tag closure residual 5.833997875004117e-6 exceeds the configured tolerance 1.0e-10 at t = 3542.5 s. The tags no longer account for the field they partition; see output/a2_first_order_dt2p5/output_0000/water_tag_closure.csv.
└ @ ClimaAtmos ~/git/ClimaAtmosResiDyn.jl/src/parameterized_tendencies/tagged_tracers/tagged_tracers.jl:590
┌ Warning: water tag closure residual 5.833846654839065e-6 exceeds the configured tolerance 1.0e-10 at t = 3545.0 s. The tags no longer account for the field they partition; see output/a2_first_order_dt2p5/output_0000/water_tag_closure.csv.
└ @ ClimaAtmos ~/git/ClimaAtmosResiDyn.jl/src/parameterized_tendencies/tagged_tracers/tagged_tracers.jl:590
┌ Warning: water tag closure residual 5.833695497640729e-6 exceeds the configured tolerance 1.0e-10 at t = 3547.5 s. The tags no longer account for the field they partition; see output/a2_first_order_dt2p5/output_0000/water_tag_closure.csv.
└ @ ClimaAtmos ~/git/ClimaAtmosResiDyn.jl/src/parameterized_tendencies/tagged_tracers/tagged_tracers.jl:590
┌ Warning: water tag closure residual 5.833544388297186e-6 exceeds the configured tolerance 1.0e-10 at t = 3550.0 s. The tags no longer account for the field they partition; see output/a2_first_order_dt2p5/output_0000/water_tag_closure.csv.
└ @ ClimaAtmos ~/git/ClimaAtmosResiDyn.jl/src/parameterized_tendencies/tagged_tracers/tagged_tracers.jl:590
┌ Warning: water tag closure residual 5.833393289385116e-6 exceeds the configured tolerance 1.0e-10 at t = 3552.5 s. The tags no longer account for the field they partition; see output/a2_first_order_dt2p5/output_0000/water_tag_closure.csv.
└ @ ClimaAtmos ~/git/ClimaAtmosResiDyn.jl/src/parameterized_tendencies/tagged_tracers/tagged_tracers.jl:590
┌ Warning: water tag closure residual 5.833242220020341e-6 exceeds the configured tolerance 1.0e-10 at t = 3555.0 s. The tags no longer account for the field they partition; see output/a2_first_order_dt2p5/output_0000/water_tag_closure.csv.
└ @ ClimaAtmos ~/git/ClimaAtmosResiDyn.jl/src/parameterized_tendencies/tagged_tracers/tagged_tracers.jl:590
┌ Warning: water tag closure residual 5.833091206907662e-6 exceeds the configured tolerance 1.0e-10 at t = 3557.5 s. The tags no longer account for the field they partition; see output/a2_first_order_dt2p5/output_0000/water_tag_closure.csv.
└ @ ClimaAtmos ~/git/ClimaAtmosResiDyn.jl/src/parameterized_tendencies/tagged_tracers/tagged_tracers.jl:590
┌ Warning: water tag closure residual 5.832940229831013e-6 exceeds the configured tolerance 1.0e-10 at t = 3560.0 s. The tags no longer account for the field they partition; see output/a2_first_order_dt2p5/output_0000/water_tag_closure.csv.
└ @ ClimaAtmos ~/git/ClimaAtmosResiDyn.jl/src/parameterized_tendencies/tagged_tracers/tagged_tracers.jl:590
┌ Warning: water tag closure residual 5.8327892704857545e-6 exceeds the configured tolerance 1.0e-10 at t = 3562.5 s. The tags no longer account for the field they partition; see output/a2_first_order_dt2p5/output_0000/water_tag_closure.csv.
└ @ ClimaAtmos ~/git/ClimaAtmosResiDyn.jl/src/parameterized_tendencies/tagged_tracers/tagged_tracers.jl:590
┌ Warning: water tag closure residual 5.83263834882024e-6 exceeds the configured tolerance 1.0e-10 at t = 3565.0 s. The tags no longer account for the field they partition; see output/a2_first_order_dt2p5/output_0000/water_tag_closure.csv.
└ @ ClimaAtmos ~/git/ClimaAtmosResiDyn.jl/src/parameterized_tendencies/tagged_tracers/tagged_tracers.jl:590
┌ Warning: water tag closure residual 5.8324874759558725e-6 exceeds the configured tolerance 1.0e-10 at t = 3567.5 s. The tags no longer account for the field they partition; see output/a2_first_order_dt2p5/output_0000/water_tag_closure.csv.
└ @ ClimaAtmos ~/git/ClimaAtmosResiDyn.jl/src/parameterized_tendencies/tagged_tracers/tagged_tracers.jl:590
┌ Warning: water tag closure residual 5.832336633488165e-6 exceeds the configured tolerance 1.0e-10 at t = 3570.0 s. The tags no longer account for the field they partition; see output/a2_first_order_dt2p5/output_0000/water_tag_closure.csv.
└ @ ClimaAtmos ~/git/ClimaAtmosResiDyn.jl/src/parameterized_tendencies/tagged_tracers/tagged_tracers.jl:590
┌ Warning: water tag closure residual 5.832185815917926e-6 exceeds the configured tolerance 1.0e-10 at t = 3572.5 s. The tags no longer account for the field they partition; see output/a2_first_order_dt2p5/output_0000/water_tag_closure.csv.
└ @ ClimaAtmos ~/git/ClimaAtmosResiDyn.jl/src/parameterized_tendencies/tagged_tracers/tagged_tracers.jl:590
┌ Warning: water tag closure residual 5.8320350390366985e-6 exceeds the configured tolerance 1.0e-10 at t = 3575.0 s. The tags no longer account for the field they partition; see output/a2_first_order_dt2p5/output_0000/water_tag_closure.csv.
└ @ ClimaAtmos ~/git/ClimaAtmosResiDyn.jl/src/parameterized_tendencies/tagged_tracers/tagged_tracers.jl:590
┌ Warning: water tag closure residual 5.831884304510813e-6 exceeds the configured tolerance 1.0e-10 at t = 3577.5 s. The tags no longer account for the field they partition; see output/a2_first_order_dt2p5/output_0000/water_tag_closure.csv.
└ @ ClimaAtmos ~/git/ClimaAtmosResiDyn.jl/src/parameterized_tendencies/tagged_tracers/tagged_tracers.jl:590
┌ Warning: water tag closure residual 5.831733599742208e-6 exceeds the configured tolerance 1.0e-10 at t = 3580.0 s. The tags no longer account for the field they partition; see output/a2_first_order_dt2p5/output_0000/water_tag_closure.csv.
└ @ ClimaAtmos ~/git/ClimaAtmosResiDyn.jl/src/parameterized_tendencies/tagged_tracers/tagged_tracers.jl:590
┌ Warning: water tag closure residual 5.831582926995149e-6 exceeds the configured tolerance 1.0e-10 at t = 3582.5 s. The tags no longer account for the field they partition; see output/a2_first_order_dt2p5/output_0000/water_tag_closure.csv.
└ @ ClimaAtmos ~/git/ClimaAtmosResiDyn.jl/src/parameterized_tendencies/tagged_tracers/tagged_tracers.jl:590
┌ Warning: water tag closure residual 5.831432293932366e-6 exceeds the configured tolerance 1.0e-10 at t = 3585.0 s. The tags no longer account for the field they partition; see output/a2_first_order_dt2p5/output_0000/water_tag_closure.csv.
└ @ ClimaAtmos ~/git/ClimaAtmosResiDyn.jl/src/parameterized_tendencies/tagged_tracers/tagged_tracers.jl:590
┌ Warning: water tag closure residual 5.831281699192416e-6 exceeds the configured tolerance 1.0e-10 at t = 3587.5 s. The tags no longer account for the field they partition; see output/a2_first_order_dt2p5/output_0000/water_tag_closure.csv.
└ @ ClimaAtmos ~/git/ClimaAtmosResiDyn.jl/src/parameterized_tendencies/tagged_tracers/tagged_tracers.jl:590
┌ Warning: water tag closure residual 5.831131136891487e-6 exceeds the configured tolerance 1.0e-10 at t = 3590.0 s. The tags no longer account for the field they partition; see output/a2_first_order_dt2p5/output_0000/water_tag_closure.csv.
└ @ ClimaAtmos ~/git/ClimaAtmosResiDyn.jl/src/parameterized_tendencies/tagged_tracers/tagged_tracers.jl:590
┌ Warning: water tag closure residual 5.830980608944445e-6 exceeds the configured tolerance 1.0e-10 at t = 3592.5 s. The tags no longer account for the field they partition; see output/a2_first_order_dt2p5/output_0000/water_tag_closure.csv.
└ @ ClimaAtmos ~/git/ClimaAtmosResiDyn.jl/src/parameterized_tendencies/tagged_tracers/tagged_tracers.jl:590
┌ Warning: water tag closure residual 5.830830120087523e-6 exceeds the configured tolerance 1.0e-10 at t = 3595.0 s. The tags no longer account for the field they partition; see output/a2_first_order_dt2p5/output_0000/water_tag_closure.csv.
└ @ ClimaAtmos ~/git/ClimaAtmosResiDyn.jl/src/parameterized_tendencies/tagged_tracers/tagged_tracers.jl:590
┌ Warning: water tag closure residual 5.830679667656316e-6 exceeds the configured tolerance 1.0e-10 at t = 3597.5 s. The tags no longer account for the field they partition; see output/a2_first_order_dt2p5/output_0000/water_tag_closure.csv.
└ @ ClimaAtmos ~/git/ClimaAtmosResiDyn.jl/src/parameterized_tendencies/tagged_tracers/tagged_tracers.jl:590
┌ Warning: water tag closure residual 5.830529248365779e-6 exceeds the configured tolerance 1.0e-10 at t = 3600.0 s. The tags no longer account for the field they partition; see output/a2_first_order_dt2p5/output_0000/water_tag_closure.csv.
└ @ ClimaAtmos ~/git/ClimaAtmosResiDyn.jl/src/parameterized_tendencies/tagged_tracers/tagged_tracers.jl:590
[ Info: solve! walltime = 5.409
[ Info: sypd: 1.823
[ Info: wall_time_per_timestep: 3 milliseconds, 756 microseconds
[ Info: Memory currently used (after solve!) by the process (RSS): 4.16 GiB
┌ Info: Tag-closure run finished
│   simulation.job_id = "a2_first_order_dt2p5"
└   result.ret_code = :success
┌ Info: Where it went
│   config = "/home/b/b309159/git/ClimaAtmosResiDyn.jl/experiments/tag_closure/configs/a2_first_order_dt2p5.yml"
└   simulation.output_dir = "output/a2_first_order_dt2p5/output_0000"
┌ Info: water tag closure (1441 rows)
│   columns: time,total,tagged,residual,relative,gross_residual,gross_relative,scale,nonpositive_fraction
│   first:   0.0,11.572872709327106,11.572872709327104,1.7763568394002505e-15,1.5349316319435567e-16,3.1251792600821884e-16,2.700435180249986e-17,11.572872709327106,0.0
│   last:    3600.0,11.514136848019666,11.514139333929688,-2.485910021832183e-6,-2.1590068405863513e-7,6.713351166206482e-5,5.830529248365779e-6,11.514136848019666,0.0
└   path = "output/a2_first_order_dt2p5/output_0000/water_tag_closure.csv"
