time,total,tagged,residual,relative,gross_residual,gross_relative,scale,nonpositive_fraction
0.0,11.572872709327106,11.572872709327104,1.7763568394002505e-15,1.5349316319435567e-16,3.1251792600821884e-16,2.700435180249986e-17,11.572872709327106,0.0
2.5,11.572708017604777,11.572707873546452,1.4405832438058042e-7,1.2448108442849698e-8,7.024686613135707e-5,6.070045664722144e-6,11.572708017604777,0.0
5.0,11.57248549937668,11.572485302490955,1.9688572550080607e-7,1.701326180200535e-8,7.312076428166999e-5,6.318501266267168e-6,11.57248549937668,0.0
7.5,11.572283132463088,11.572282917422683,2.1504040503828037e-7,1.8582366381534458e-8,7.398118745125613e-5,6.392963826102801e-6,11.572283132463088,0.0
10.0,11.57207859139186,11.572078434256017,1.57135842115963e-7,1.3578877889133235e-8,7.391183406508737e-5,6.387083658424882e-6,11.57207859139186,0.0
12.5,11.571874690226664,11.571874518494983,1.717316813198977e-7,1.4840437346330604e-8,7.336771726059177e-5,6.340175574365356e-6,11.571874690226664,0.0
15.0,11.57167054881844,11.571670386427499,1.6239094158265743e-7,1.4033491611912407e-8,7.27038229158752e-5,6.282915038857448e-6,11.57167054881844,0.0
17.5,11.571467175608934,11.571467026430188,1.4917874580078205e-7,1.2891947368198079e-8,7.23442305027072e-5,6.2519496797431974e-6,11.571467175608934,0.0
20.0,11.571268154049319,11.571268020036426,1.3401289322700904e-7,1.158152170037748e-8,7.245114823568211e-5,6.261297143159553e-6,11.571268154049319,0.0
22.5,11.571066299709015,11.571066175366866,1.2434214902157237e-7,1.0745954244916848e-8,7.203218091976932e-5,6.225198184335074e-6,11.571066299709015,0.0
25.0,11.570867615450894,11.570867497826981,1.176239123878986e-7,1.0165522266526685e-8,7.204166179163866e-5,6.226124452019438e-6,11.570867615450894,0.0
27.5,11.570669668236485,11.570669565596596,1.0263988947656344e-7,8.870695683096711e-9,7.189310505639877e-5,6.213391888090793e-6,11.570669668236485,0.0
30.0,11.570470461240742,11.570470372637171,8.860357070261671e-8,7.657732760255924e-9,7.178996354989042e-5,6.204584661477294e-6,11.570470461240742,0.0
32.5,11.570274746901633,11.570274663446124,8.3455509169994e-8,7.212923720099411e-9,7.154810368594777e-5,6.183786059627271e-6,11.570274746901633,0.0
35.0,11.570079094506664,11.570079018722975,7.578368865779339e-8,6.549971529042925e-9,7.149788095166796e-5,6.179549886190001e-6,11.570079094506664,0.0
37.5,11.569881534054302,11.569881469231833,6.48224691701671e-8,5.602690829579488e-9,7.143454269548478e-5,6.174180996169006e-6,11.569881534054302,0.0
40.0,11.569688076602088,11.569688018442777,5.815931025665577e-8,5.026869339223935e-9,7.133109076820877e-5,6.165342600071035e-6,11.569688076602088,0.0
42.5,11.56949504934169,11.569494995353306,5.398838354153668e-8,4.666442512079094e-9,7.120163236820408e-5,6.154255830919387e-6,11.56949504934169,0.0
45.0,11.56930016556665,11.569300116202296,4.9364354381964404e-8,4.266840143787262e-9,7.115621457837184e-5,6.150433782516239e-6,11.56930016556665,0.0
47.5,11.569108447065625,11.569108405453875,4.161175048977839e-8,3.596798377348839e-9,7.111952182180196e-5,6.147364090086011e-6,11.569108447065625,0.0
50.0,11.568917636492317,11.56891759940925,3.708306728356092e-8,3.2054050732099833e-9,7.10482765967001e-5,6.1413071498226905e-6,11.568917636492317,0.0
52.5,11.568722877626545,11.568722844027514,3.3599031112885314e-8,2.9042990715824405e-9,7.099202106912153e-5,6.136547812586756e-6,11.568722877626545,0.0
55.0,11.568532966958406,11.568532938705768,2.825263756278673e-8,2.4421970913235772e-9,7.095666748236119e-5,6.13359253805343e-6,11.568532966958406,0.0
57.5,11.56834394953599,11.568343926879779,2.2656211129401527e-8,1.95846624445414e-9,7.093798780862448e-5,6.132078032782715e-6,11.56834394953599,0.0
60.0,11.568153252871298,11.568153234152641,1.871865684677232e-8,1.6181197151867102e-9,7.08881643731883e-5,6.127872169708104e-6,11.568153252871298,0.0
62.5,11.567965294533417,11.567965280390379,1.414303874014422e-8,1.2226038356829862e-9,7.087421500193825e-5,6.126765874326293e-6,11.567965294533417,0.0
65.0,11.567777922064415,11.567777913375178,8.689237773751302e-9,7.511587646558656e-10,7.085027326641904e-5,6.1247954225745474e-6,11.567777922064415,0.0
67.5,11.567587750891809,11.56758774829368,2.5981279350162367e-9,2.246041258529405e-10,7.083480683093163e-5,6.123559064894113e-6,11.567587750891809,0.0
70.0,11.567401674163463,11.56740167544651,-1.2830465578872463e-9,-1.1091916698570375e-10,7.080242404683965e-5,6.120858083884251e-6,11.567401674163463,0.0
72.5,11.567216052359317,11.5672160581556,-5.796282565029287e-9,-5.010957294125274e-10,7.07918882978132e-5,6.120045478304529e-6,11.567216052359317,0.0
75.0,11.567030013333527,11.56703002400973,-1.0676203032744525e-8,-9.229856774330031e-10,7.077753797350517e-5,6.1189032873536775e-6,11.567030013333527,0.0
77.5,11.56684563662015,11.56684565178811,-1.5167961109341377e-8,-1.3113308144547418e-9,7.076016882081329e-5,6.117499190685969e-6,11.56684563662015,0.0
80.0,11.5666587784654,11.566658797411138,-1.894573919969389e-8,-1.637961278408829e-9,7.073994754219212e-5,6.115849779704274e-6,11.5666587784654,0.0
82.5,11.566475381268237,11.56647540402237,-2.2754132800173466e-8,-1.967248625888531e-9,7.072905282163629e-5,6.115004829922615e-6,11.566475381268237,0.0
85.0,11.566292617044294,11.566292644294037,-2.7249743794754977e-8,-2.3559618191398054e-9,7.071825987218544e-5,6.11416831768321e-6,11.566292617044294,0.0
87.5,11.566110705294093,11.56611073614311,-3.084901578631616e-8,-2.6671900842342624e-9,7.070308552233711e-5,6.112952514796056e-6,11.566110705294093,0.0
90.0,11.565926881756061,11.565926916069932,-3.431387085583992e-8,-2.966806828942189e-9,7.069108436206194e-5,6.112012040606025e-6,11.565926881756061,0.0
92.5,11.565745691399036,11.565745729752882,-3.835384632111527e-8,-3.3161585378483146e-9,7.068114582391103e-5,6.111248484088118e-6,11.565745691399036,0.0
95.0,11.565561931139719,11.565561973552088,-4.2412368728150796e-8,-3.6671256425472534e-9,7.067286790638622e-5,6.110629844634088e-6,11.565561931139719,0.0
97.5,11.565381875267402,11.565381921423624,-4.615622195558444e-8,-3.99089476278251e-9,7.066093037742757e-5,6.109692800419858e-6,11.565381875267402,0.0
100.0,11.565202327064949,11.565202376942882,-4.9877932895014965e-8,-4.312759213757148e-9,7.065317829269601e-5,6.109117358660736e-6,11.565202327064949,0.0
102.5,11.56502329147172,11.5650233452598,-5.3788079767969066e-8,-4.650927059319758e-9,7.064526717059196e-5,6.108527876695865e-6,11.56502329147172,0.0
105.0,11.564841109626437,11.564841167560848,-5.7934411046289824e-8,-5.009529356876845e-9,7.063915280388238e-5,6.10809540176762e-6,11.564841109626437,0.0
107.5,11.564663150452834,11.564663212025106,-6.157227261383014e-8,-5.324173459511371e-9,7.062982150384354e-5,6.107382513867506e-6,11.564663150452834,0.0
110.0,11.564485684200971,11.564485749540555,-6.53395844096849e-8,-5.650020778610997e-9,7.06244878920629e-5,6.107015030382873e-6,11.564485684200971,0.0
112.5,11.564308736833606,11.564308805993026,-6.915941952456706e-8,-5.9804196773376205e-9,7.061810936072552e-5,6.10655690433091e-6,11.564308736833606,0.0
115.0,11.564128498416512,11.56412857139767,-7.298115889398105e-8,-6.310995152291367e-9,7.061139728670219e-5,6.106071659128578e-6,11.564128498416512,0.0
117.5,11.563952592749859,11.563952669303589,-7.65537304658892e-8,-6.6200315032323265e-9,7.06044303698161e-5,6.10556207348016e-6,11.563952592749859,0.0
120.0,11.563777180769105,11.56377726091805,-8.01489452584292e-8,-6.9310350766459945e-9,7.059905846560162e-5,6.105190143494799e-6,11.563777180769105,0.0
122.5,11.563602286275225,11.56360237012768,-8.385245564568322e-8,-7.251412974070133e-9,7.059356468543348e-5,6.104807389408454e-6,11.563602286275225,0.0
125.0,11.563424480471378,11.563424567868832,-8.739745460673021e-8,-7.558094468842632e-9,7.058701920743783e-5,6.104335210269854e-6,11.563424480471378,0.0
127.5,11.563250592585819,11.563250683558323,-9.097250419642933e-8,-7.867381534977674e-9,7.058167061777375e-5,6.103964456415884e-6,11.563250592585819,0.0
130.0,11.563077211198216,11.563077305773016,-9.457479954733117e-8,-8.179033817722896e-9,7.05764816002028e-5,6.103607224195761e-6,11.563077211198216,0.0
132.5,11.562904336732236,11.562904434899425,-9.816718815613967e-8,-8.489838305095107e-9,7.057136229830666e-5,6.103255742946902e-6,11.562904336732236,0.0
135.0,11.562729797888931,11.562729899458498,-1.0156956697926489e-7,-8.784220400774996e-9,7.05653380187369e-5,6.102826862876307e-6,11.562729797888931,0.0
137.5,11.562557904408886,11.5625580096055,-1.0519661408636694e-7,-9.098039980085611e-9,7.05609548777957e-5,6.102538509311189e-6,11.562557904408886,0.0
140.0,11.562386522599207,11.562386631404923,-1.0880571643667736e-7,-9.410316479561695e-9,7.055605933269431e-5,6.102205560659065e-6,11.562386522599207,0.0
142.5,11.562215790608134,11.56221590283792,-1.1222978635316849e-7,-9.70659849164306e-9,7.055139175441849e-5,6.101891975734153e-6,11.562215790608134,0.0
145.0,11.562044085611204,11.562044201245431,-1.1563422752658425e-7,-1.0001192407706641e-8,7.054636457223747e-5,6.101547792922828e-6,11.562044085611204,0.0
147.5,11.561872908697941,11.56187302788545,-1.1918750963957336e-7,-1.030866803162221e-8,7.054200889608746e-5,6.1012614005659104e-6,11.561872908697941,0.0
150.0,11.561702084977764,11.561702207735244,-1.2275748062506864e-7,-1.0617595897456022e-8,7.053740868347663e-5,6.100953662793872e-6,11.561702084977764,0.0
152.5,11.561531852199037,11.561531978495857,-1.262968201132253e-7,-1.0923882901313227e-8,7.053276737803603e-5,6.100642049835333e-6,11.561531852199037,0.0
155.0,11.561362086620417,11.561362216428748,-1.298083311951359e-7,-1.1227771453102297e-8,7.052797108430076e-5,6.10031677547064e-6,11.561362086620417,0.0
157.5,11.561192812611896,11.561192945927504,-1.333156074423414e-7,-1.1531302141843859e-8,7.052361078110212e-5,6.100028943740925e-6,11.561192812611896,0.0
160.0,11.561024038344973,11.561024175181458,-1.3683648525386616e-7,-1.1836017709159187e-8,7.051920330839931e-5,6.0997367598670384e-6,11.561024038344973,0.0
162.5,11.560855755318414,11.56085589564682,-1.4032840667255186e-7,-1.2138236964681069e-8,7.051459979606826e-5,6.0994273510963045e-6,11.560855755318414,0.0
165.0,11.560687962404325,11.560688106213798,-1.43809472774592e-7,-1.2439525505944314e-8,7.051010890005464e-5,6.099127416063426e-6,11.560687962404325,0.0
167.5,11.560520656943464,11.560520804230007,-1.4728654385010032e-7,-1.2740476681008072e-8,7.050580051525752e-5,6.098843002621204e-6,11.560520656943464,0.0
170.0,11.56035384131798,11.560353992084199,-1.507662190647352e-7,-1.3041661279076087e-8,7.050146240915076e-5,6.098555751569711e-6,11.56035384131798,0.0
172.5,11.56018751363352,11.560187667866426,-1.5423290555816038e-7,-1.3341730432682483e-8,7.049695297650298e-5,6.098253414433141e-6,11.56018751363352,0.0
175.0,11.560021670239985,11.560021827927141,-1.5768715577735293e-7,-1.3640731849430811e-8,7.049262344312112e-5,6.097966375322348e-6,11.560021670239985,0.0
177.5,11.559856310355535,11.559856471499245,-1.6114370993136617e-7,-1.3939940567168697e-8,7.048838182394835e-5,6.097686678060483e-6,11.559856310355535,0.0
180.0,11.559691435128597,11.559691599735498,-1.6460690055453142e-7,-1.4239731352543688e-8,7.048416707431379e-5,6.0974090415701204e-6,11.559691435128597,0.0
182.5,11.55952704151232,11.559527209560905,-1.6804858482544205e-7,-1.4537669596857177e-8,7.047978037867732e-5,6.097116268301625e-6,11.55952704151232,0.0
185.0,11.55936312789792,11.559363299377848,-1.7147992892319053e-7,-1.4834721171561146e-8,7.047557036973718e-5,6.096838518693826e-6,11.55936312789792,0.0
187.5,11.559199693302297,11.55919986821456,-1.7491226245169855e-7,-1.5131866140615886e-8,7.047140077098051e-5,6.0965640044970835e-6,11.559199693302297,0.0
190.0,11.559036737939463,11.559036916278233,-1.7833876952977334e-7,-1.5428514812520993e-8,7.046716912532146e-5,6.096283861961587e-6,11.559036737939463,0.0
192.5,11.558874259400513,11.5588744411571,-1.817565866701898e-7,-1.5724419402034084e-8,7.046289276114641e-5,6.0959995912959165e-6,11.558874259400513,0.0
195.0,11.558712256058941,11.558712441227573,-1.8516863242723502e-7,-1.601983234163233e-8,7.045876977189882e-5,6.095728331239075e-6,11.558712256058941,0.0
197.5,11.558550727242581,11.558550915816921,-1.8857434014307728e-7,-1.6314704550166712e-8,7.045463318428318e-5,6.0954556368582815e-6,11.558550727242581,0.0
200.0,11.558389672541505,11.558389864516553,-1.9197504741441662e-7,-1.6609151694416303e-8,7.045041762782192e-5,6.095175852669709e-6,11.558389672541505,0.0
202.5,11.558229089858948,11.558229285228341,-1.9536939355191407e-7,-1.6903055998719462e-8,7.0446227115435e-5,6.094897978553106e-6,11.558229089858948,0.0
205.0,11.558068977791725,11.558069176548909,-1.987571831563173e-7,-1.7196400500656266e-8,7.044214445241077e-5,6.094629179646009e-6,11.558068977791725,0.0
207.5,11.557909335723313,11.557909537866529,-2.0214321594380635e-7,-1.748960041752706e-8,7.04380448331774e-5,6.094358658400852e-6,11.557909335723313,0.0
210.0,11.557750162635747,11.55775036815653,-2.0552078261459883e-7,-1.7782075206904262e-8,7.043386380075064e-5,6.094080838366918e-6,11.557750162635747,0.0
212.5,11.557591457000335,11.557591665892424,-2.0889208940388926e-7,-1.807401569618254e-8,7.042973451180882e-5,6.093807241226729e-6,11.557591457000335,0.0
215.0,11.55743321742836,11.55743342968578,-2.1225742052877195e-7,-1.8365446421848437e-8,7.042567606048737e-5,6.093539520028285e-6,11.55743321742836,0.0
217.5,11.557275443231548,11.557275658849239,-2.1561769081301918e-7,-1.865644648447783e-8,7.042157412575286e-5,6.093267783714097e-6,11.557275443231548,0.0
220.0,11.557118133352457,11.557118352324938,-2.1897248103641687e-7,-1.8946979559245702e-8,7.041743370606978e-5,6.092992465210987e-6,11.557118133352457,0.0
222.5,11.556961286239192,11.556961508560349,-2.2232115703957334e-7,-1.923699072214509e-8,7.04133462390505e-5,6.0927214771318195e-6,11.556961286239192,0.0
225.0,11.556804900764288,11.556805126428493,-2.2566420554426259e-7,-1.9526522034592683e-8,7.040929148098735e-5,6.092453068609903e-6,11.556804900764288,0.0
227.5,11.556648976123565,11.55664920512563,-2.2900206531062395e-7,-1.9815611409825644e-8,7.040519904247898e-5,6.092181149391882e-6,11.556648976123565,0.0
230.0,11.556493511115544,11.556493743449842,-2.323342975785181e-7,-2.0104220830916292e-8,7.040109775964637e-5,6.091908215232544e-6,11.556493511115544,0.0
232.5,11.556338504345259,11.55633874000591,-2.3566065010527382e-7,-2.0392328419305463e-8,7.03970394051845e-5,6.091638746884643e-6,11.556338504345259,0.0
235.0,11.556183954785125,11.55618419376668,-2.389815545456031e-7,-2.067997147506871e-8,7.039299144743468e-5,6.09136992997474e-6,11.556183954785125,0.0
237.5,11.55602986151438,11.556030103811537,-2.422971565607668e-7,-2.0967162551881336e-8,7.038891777885238e-5,6.091098640483103e-6,11.55602986151438,0.0
240.0,11.555876223291522,11.555876468898632,-2.4560710976118116e-7,-2.125387162473635e-8,7.038485107529372e-5,6.090827706637172e-6,11.555876223291522,0.0
242.5,11.55572303884648,11.555723287757868,-2.4891138750149366e-7,-2.154009633709087e-8,7.038081471800229e-5,6.090559152500064e-6,11.55572303884648,0.0
245.0,11.555570307189571,11.555570559399865,-2.522102935387238e-7,-2.1825862924463818e-8,7.037677810514118e-5,6.09029033048716e-6,11.555570307189571,0.0
247.5,11.555418027312022,11.555418282815847,-2.5550382432015795e-7,-2.2111171029577395e-8,7.03727277405206e-5,6.090020073197684e-6,11.555418027312022,0.0
250.0,11.55526619797866,11.555266456770422,-2.587917613539048e-7,-2.239600169480948e-8,7.036869073592125e-5,6.089750727528086e-6,11.55526619797866,0.0
252.5,11.555114818016067,11.555115080090234,-2.6207416681245377e-7,-2.2680360250842584e-8,7.036467316726394e-5,6.089482819985086e-6,11.555114818016067,0.0
255.0,11.554963886436182,11.554964151787418,-2.653512360950572e-7,-2.2964263558325808e-8,7.0360652012036e-5,6.089214358742306e-6,11.554963886436182,0.0
257.5,11.554813402172243,11.554813670795152,-2.686229088055825e-7,-2.3247706341591185e-8,7.035662641763066e-5,6.088945270583426e-6,11.554813402172243,0.0
260.0,11.554663364021282,11.55466363591034,-2.7188905704633726e-7,-2.353067748325242e-8,7.035261512496948e-5,6.088677178084849e-6,11.554663364021282,0.0
262.5,11.554513770876628,11.55451404602642,-2.7514979095144554e-7,-2.3813186466138092e-8,7.034861547380762e-5,6.088409851665298e-6,11.554513770876628,0.0
265.0,11.554364621735244,11.554364900140456,-2.784052117732472e-7,-2.4095242004872444e-8,7.034461275884286e-5,6.088142019208534e-6,11.554364621735244,0.0
267.5,11.554215915500341,11.554216197155576,-2.8165523424661387e-7,-2.4376836672124552e-8,7.034061171498628e-5,6.0878740911031575e-6,11.554215915500341,0.0
270.0,11.55406765101037,11.554067935910194,-2.8489982284440885e-7,-2.4657967345335317e-8,7.03366233673812e-5,6.087607022210092e-6,11.55406765101037,0.0
272.5,11.553919827200456,11.553920115339526,-2.8813906993718774e-7,-2.4938641971432528e-8,7.033264190776818e-5,6.087340310445096e-6,11.553919827200456,0.0
275.0,11.553772443049036,11.553772734422056,-2.9137301993387155e-7,-2.5218864346698032e-8,7.032865942764291e-5,6.087073271895184e-6,11.553772443049036,0.0
277.5,11.55362549745095,11.553625792052559,-2.9460160888561404e-7,-2.5498628889313688e-8,7.032468200374926e-5,6.086806433120482e-6,11.55362549745095,0.0
280.0,11.55347898928549,11.553479287110331,-2.9782484212148574e-7,-2.5777936013704937e-8,7.032071492842316e-5,6.086540252822328e-6,11.55347898928549,0.0
282.5,11.553332917511497,11.55333321855429,-3.0104279247211707e-7,-2.605679197695616e-8,7.031675232368704e-5,6.086274222835496e-6,11.553332917511497,0.0
285.0,11.553187281092498,11.553187585347963,-3.0425546526657854e-7,-2.633519719398225e-8,7.031279093019002e-5,6.086008061624798e-6,11.553187281092498,0.0
287.5,11.553042078929728,11.55304238639256,-3.074628320831607e-7,-2.661314915868843e-8,7.030883605427437e-5,6.085742229096751e-6,11.553042078929728,0.0
290.0,11.55289730993788,11.552897620602787,-3.106649071327183e-7,-2.6890649055235892e-8,7.030488936716432e-5,6.0854768705238625e-6,11.55289730993788,0.0
292.5,11.55275297308807,11.552753286949814,-3.1386174370595654e-7,-2.716770145064919e-8,7.030094625844633e-5,6.0852115874208614e-6,11.55275297308807,0.0
295.0,11.552609067335615,11.552609384388958,-3.170533435792322e-7,-2.744430645330877e-8,7.029700617085413e-5,6.084946332133333e-6,11.552609067335615,0.0
297.5,11.552465591596846,11.552465911836524,-3.202396783308359e-7,-2.772046155790113e-8,7.029307290869644e-5,6.08468143456986e-6,11.552465591596846,0.0
300.0,11.552322544814864,11.552322868235656,-3.2342079236968857e-7,-2.7996170563542007e-8,7.028914622245419e-5,6.084416873730964e-6,11.552322544814864,0.0
302.5,11.552179925967074,11.55218025256378,-3.265967052357155e-7,-2.8271435116898503e-8,7.028522305969908e-5,6.084152385967556e-6,11.552179925967074,0.0
305.0,11.552037734007731,11.55203806377515,-3.297674187052735e-7,-2.8546255327272704e-8,7.028130413872694e-5,6.083888034041623e-6,11.552037734007731,0.0
307.5,11.551895967872351,11.551896300805279,-3.3293292744929204e-7,-2.8820630689129398e-8,7.02773917774031e-5,6.083624019196125e-6,11.551895967872351,0.0
310.0,11.551754626525911,11.551754962619171,-3.360932598894806e-7,-2.909456361873553e-8,7.027348496042139e-5,6.083360254125785e-6,11.551754626525911,0.0
312.5,11.551613708949994,11.551614048198433,-3.39248439118478e-7,-2.936805607130319e-8,7.026958197132154e-5,6.083096590814656e-6,11.551613708949994,0.0
315.0,11.55147321410402,11.551473556502478,-3.42398458030857e-7,-2.964110738817264e-8,7.026568391175967e-5,6.082833125212745e-6,11.55147321410402,0.0
317.5,11.551333140942779,11.551333486487039,-3.4554425987209925e-7,-2.9913799182827235e-8,7.026179152831943e-5,6.0825699225383885e-6,11.551333140942779,0.0
320.0,11.551193488467565,11.551193837154312,-3.4868674703147917e-7,-3.018620953580248e-8,7.025790329493217e-5,6.082306851242339e-6,11.551193488467565,0.0
322.5,11.551054248803249,11.551054600627504,-3.5182425506263826e-7,-3.045819433313536e-8,7.025401815677819e-5,6.0820438241866e-6,11.551054248803249,0.0
325.0,11.550915434077488,11.550915789034331,-3.549568425853522e-7,-3.0729758572914424e-8,7.025013967029914e-5,6.081781142908147e-6,11.550915434077488,0.0
327.5,11.550777016644366,11.550777374728428,-3.580840619576975e-7,-3.1000863529934636e-8,7.024626397562031e-5,6.081518487838289e-6,11.550777016644366,0.0
330.0,11.55063906684372,11.550639428050939,-3.6120721880195106e-7,-3.12716220039116e-8,7.024239999570458e-5,6.08125659448025e-6,11.55063906684372,0.0
332.5,11.550501392735013,11.550501757060466,-3.6432545336140265e-7,-3.15419600391161e-8,7.023852666346208e-5,6.080993740032829e-6,11.550501392735013,0.0
335.0,11.550364396786343,11.550364764224877,-3.6743853470966314e-7,-3.181185649968719e-8,7.023468746284291e-5,6.080733477325123e-6,11.550364396786343,0.0
337.5,11.550227215232326,11.550227585796403,-3.7056407720115203e-7,-3.208283874385222e-8,7.023081162918398e-5,6.080470134523785e-6,11.550227215232326,0.0
340.0,11.55009161146867,11.550091985129386,-3.7366071659050704e-7,-3.235132059207915e-8,7.022698085426256e-5,6.080209856043968e-6,11.55009161146867,0.0
342.5,11.549954188612588,11.549954565434987,-3.768223990618935e-7,-3.262544534015667e-8,7.022307301526368e-5,6.079943856790229e-6,11.549954188612588,0.0
345.0,11.549819495244884,11.549819875217613,-3.799727288367194e-7,-3.289858590371529e-8,7.021896149441319e-5,6.079658779370766e-6,11.549819495244884,0.0
347.5,11.549685213859785,11.549685596953026,-3.830932406856391e-7,-3.3169149945828986e-8,7.021500831399907e-5,6.079387187950375e-6,11.549685213859785,0.0
350.0,11.549551327543538,11.549551713688174,-3.861446362662946e-7,-3.3433734810581885e-8,7.021122226784495e-5,6.079129853330684e-6,11.549551327543538,0.0
352.5,11.54941783893434,11.549418228125393,-3.891910527187292e-7,-3.3697893534228534e-8,7.020744519081238e-5,6.078873080003692e-6,11.54941783893434,0.0
355.0,11.549284747191257,11.549285139431657,-3.922404001599489e-7,-3.3962310978204975e-8,7.020362731099864e-5,6.0786125589354705e-6,11.549284747191257,0.0
357.5,11.549152249789035,11.549152644980879,-3.95191843693965e-7,-3.421825560410149e-8,7.019969598257405e-5,6.078341895947936e-6,11.549152249789035,0.0
360.0,11.549019137900425,11.549019536050258,-3.981498331029343e-7,-3.447477472751999e-8,7.019583522570593e-5,6.07807766075512e-6,11.549019137900425,0.0
362.5,11.548887218668563,11.5488876199285,-4.0125993727713194e-7,-3.474446755601723e-8,7.019164964167809e-5,6.077784665540295e-6,11.548887218668563,0.0
365.0,11.548755710386217,11.548756114756255,-4.043700378986159e-7,-3.5014164992246844e-8,7.018764716653588e-5,6.077507302662361e-6,11.548755710386217,0.0
367.5,11.548624588437209,11.54862499582536,-4.073881516575284e-7,-3.527590221136951e-8,7.018389683137348e-5,6.077251563068685e-6,11.548624588437209,0.0
370.0,11.548493857839153,11.548494268238384,-4.1039923104335685e-7,-3.553703505369028e-8,7.018017433366047e-5,6.076998022215854e-6,11.548493857839153,0.0
372.5,11.54836245301843,11.548362866308185,-4.132897544195657e-7,-3.5787736668374393e-8,7.017604160997744e-5,6.076709307962127e-6,11.54836245301843,0.0
375.0,11.54823248906231,11.54823290540838,-4.1634607050866634e-7,-3.60527960363632e-8,7.017190439039073e-5,6.076419439672065e-6,11.54823248906231,0.0
377.5,11.54810293468649,11.548103354119405,-4.194329150664089e-7,-3.6320503673947874e-8,7.016793602342815e-5,6.076143971029913e-6,11.54810293468649,0.0
380.0,11.547973761202572,11.547974183635944,-4.2243337183833773e-7,-3.658073533710097e-8,7.016419354185979e-5,6.075887856412405e-6,11.547973761202572,0.0
382.5,11.547844973840562,11.547845399258431,-4.254178698204214e-7,-3.6839589619026265e-8,7.016049280000842e-5,6.075635147418729e-6,11.547844973840562,0.0
385.0,11.547716572548048,11.547717000962788,-4.284147401278915e-7,-3.7099519843286226e-8,7.015670719591841e-5,6.075374880840019e-6,11.547716572548048,0.0
387.5,11.547588553223816,11.547588984622775,-4.3139895922195137e-7,-3.7358359040382926e-8,7.015298813833158e-5,6.0751201703273805e-6,11.547588553223816,0.0
390.0,11.547460917976155,11.547461352355807,-4.3437965224768504e-7,-3.761689737104699e-8,7.014925624040164e-5,6.074864140150407e-6,11.547460917976155,0.0
392.5,11.547333663718154,11.54733410107637,-4.373582154215683e-7,-3.7875255722085217e-8,7.014553642811432e-5,6.074608950507107e-6,11.547333663718154,0.0
395.0,11.547206790761008,11.54720723109027,-4.40329262829664e-7,-3.813296763525307e-8,7.014180429542829e-5,6.074352487698513e-6,11.547206790761008,0.0
397.5,11.547080403122417,11.547080846324992,-4.4320257508445593e-7,-3.838221954050053e-8,7.013790965979622e-5,6.074081690886157e-6,11.547080403122417,0.0
400.0,11.546954280652336,11.54695472684564,-4.4619330274997537e-7,-3.864164453284455e-8,7.013399183133806e-5,6.07380874009799e-6,11.546954280652336,0.0
402.5,11.546828718937068,11.546829168084988,-4.491479206336635e-7,-3.889794605656967e-8,7.013008735175645e-5,6.073536644459052e-6,11.546828718937068,0.0
405.0,11.54670178979517,11.546702241835975,-4.5204080478811193e-7,-3.914891135299085e-8,7.012619816679348e-5,6.073266586720905e-6,11.54670178979517,0.0
407.5,11.546576801120311,11.546577256164156,-4.5504384438288525e-7,-3.9409415640723444e-8,7.012214992592529e-5,6.07298172728749e-6,11.546576801120311,0.0
410.0,11.546452205397825,11.546452663461066,-4.580632406714358e-7,-3.9671340817337535e-8,7.011824945039638e-5,6.0727094524859296e-6,11.546452205397825,0.0
412.5,11.546327978670558,11.54632843967092,-4.610003614402558e-7,-3.992614468356158e-8,7.011457450242244e-5,6.0724565101515e-6,11.546327978670558,0.0
415.0,11.546204126616816,11.546204590546584,-4.639297674913223e-7,-4.018028456831549e-8,7.011092114197229e-5,6.072205234995761e-6,11.546204126616816,0.0
417.5,11.546080647400677,11.546081114267702,-4.6686702503961897e-7,-4.043510861365089e-8,7.010722057098183e-5,6.071949669498004e-6,11.546080647400677,0.0
420.0,11.54595753887979,11.54595800867245,-4.6979265988511543e-7,-4.068893015612939e-8,7.010354124726393e-5,6.0716957438304855e-6,11.54595753887979,0.0
422.5,11.545834801734484,11.545835274450656,-4.727161719841888e-7,-4.0942571940590605e-8,7.009986032657002e-5,6.071441479141828e-6,11.545834801734484,0.0
425.0,11.545712433697666,11.545712909333334,-4.756356677404483e-7,-4.119586993629286e-8,7.009620718901845e-5,6.071189421315703e-6,11.545712433697666,0.0
427.5,11.545590434825193,11.545590913374717,-4.785495235637427e-7,-4.1448683483547476e-8,7.009253683189038e-5,6.0709356725896726e-6,11.545590434825193,0.0
430.0,11.545468803667877,11.545469285128352,-4.814604750436047e-7,-4.1701249488513594e-8,7.008886613562942e-5,6.070681695780331e-6,11.545468803667877,0.0
432.5,11.54534753947046,11.545348023836311,-4.843658505393478e-7,-4.195333651788569e-8,7.00852148183747e-5,6.07042919918799e-6,11.54534753947046,0.0
435.0,11.545226641360847,11.545227128628468,-4.872676218070637e-7,-4.220511532111673e-8,7.008156819895015e-5,6.0701769117188656e-6,11.545226641360847,0.0
437.5,11.54510606744399,11.545106557499988,-4.900559975595797e-7,-4.244707625003872e-8,7.007770786974e-5,6.069905937664091e-6,11.54510606744399,0.0
440.0,11.544985888285472,11.544986381268275,-4.929828030242334e-7,-4.270103123507979e-8,7.007380917047594e-5,6.069631426884532e-6,11.544985888285472,0.0
442.5,11.544866084777803,11.544866580705756,-4.959279529259675e-7,-4.2956579078891266e-8,7.00700239630206e-5,6.069366543403192e-6,11.544866084777803,0.0
445.0,11.5447466376079,11.54474713641974,-4.988118398330244e-7,-4.320682432372369e-8,7.006639096876549e-5,6.069114651725559e-6,11.5447466376079,0.0
447.5,11.54462754956318,11.544628051248537,-5.016853581452096e-7,-4.345617526346202e-8,7.00627955680761e-5,6.068865822416862e-6,11.54462754956318,0.0
450.0,11.54450882072701,11.544509325291678,-5.045646673806914e-7,-4.3706031604809034e-8,7.005914157405871e-5,6.068611723720505e-6,11.54450882072701,0.0
452.5,11.544390447950565,11.544390955385825,-5.074352600331622e-7,-4.395513668053781e-8,7.005552478945863e-5,6.06836065579325e-6,11.544390447950565,0.0
455.0,11.544272432424204,11.54427294272589,-5.103016853524878e-7,-4.420388450979483e-8,7.005190412093607e-5,6.06810905849575e-6,11.544272432424204,0.0
457.5,11.544154771853705,11.544155285019372,-5.131656664048023e-7,-4.4452424326116396e-8,7.004829824610216e-5,6.067858550969006e-6,11.544154771853705,0.0
460.0,11.544037466200507,11.544037982223895,-5.160233875756148e-7,-4.470042557350204e-8,7.004468249006413e-5,6.067606995831932e-6,11.544037466200507,0.0
462.5,11.543920514204782,11.543921033083297,-5.188785152654418e-7,-4.494820582201362e-8,7.004107163513239e-5,6.067355674265682e-6,11.543920514204782,0.0
465.0,11.54380391506855,11.543804436796853,-5.217283032266096e-7,-4.519552714730181e-8,7.003747586853207e-5,6.067105469204098e-6,11.54380391506855,0.0
467.5,11.543687668017439,11.543688192591937,-5.245744976178912e-7,-4.54425407810764e-8,7.00338793930204e-5,6.066855012636383e-6,11.543687668017439,0.0
470.0,11.543571772087295,11.543572299503623,-5.274163275004184e-7,-4.5689179910132065e-8,7.003028179564908e-5,6.0666042693115495e-6,11.543571772087295,0.0
472.5,11.543456379108655,11.543456909316138,-5.302074832513881e-7,-4.5931432132490017e-8,7.002663011828578e-5,6.066348571734543e-6,11.543456379108655,0.0
475.0,11.543340590109027,11.543341123071482,-5.329624546135392e-7,-4.617055612741869e-8,7.002292581870869e-5,6.066088518492489e-6,11.543340590109027,0.0
477.5,11.543225733779172,11.543226269623805,-5.358446326653166e-7,-4.6420701199428484e-8,7.001903279866921e-5,6.065811620903429e-6,11.543225733779172,0.0
480.0,11.543111240595202,11.543111779327951,-5.387327490780081e-7,-4.66713642318004e-8,7.001528400886856e-5,6.0655470219013786e-6,11.543111240595202,0.0
482.5,11.542997090280656,11.542997631831264,-5.415506088013444e-7,-4.69159443224097e-8,7.001172474017065e-5,6.065298656197477e-6,11.542997090280656,0.0
485.0,11.54288328651473,11.542883830876388,-5.443616579725585e-7,-4.7159937812809994e-8,7.000819348717733e-5,6.065052530589666e-6,11.54288328651473,0.0
487.5,11.542769828702301,11.542770375880268,-5.471779669363741e-7,-4.740439037221023e-8,7.000460070376989e-5,6.064800887712076e-6,11.542769828702301,0.0
490.0,11.542656714207064,11.54265726419241,-5.49985346154358e-7,-4.764807269000895e-8,7.000103945423554e-5,6.064551791449889e-6,11.542656714207064,0.0
492.5,11.542543943943677,11.542544496732951,-5.52789273911003e-7,-4.789145933475515e-8,6.999748506739614e-5,6.0643031040071125e-6,11.542543943943677,0.0
495.0,11.542431513912579,11.542432069502947,-5.555903683784891e-7,-4.8134603849181396e-8,6.99939448365087e-5,6.0640554593841044e-6,11.542431513912579,0.0
497.5,11.542319423757597,11.542319982143402,-5.583858051494417e-7,-4.8377261506046544e-8,6.999038630532555e-5,6.063806045885725e-6,11.542319423757597,0.0
500.0,11.542207672222418,11.54220823340092,-5.61178502778148e-7,-4.8619685134299334e-8,6.998683509628813e-5,6.063557084033334e-6,11.542207672222418,0.0
502.5,11.542096258581314,11.542096822547405,-5.639660916045841e-7,-4.8861669403015664e-8,6.99833041422565e-5,6.063309694738106e-6,11.542096258581314,0.0
505.0,11.541985182089633,11.541985748839881,-5.667502485096065e-7,-4.910335956669445e-8,6.997977012052139e-5,6.06306185777409e-6,11.541985182089633,0.0
507.5,11.541874441837923,11.541875011368106,-5.695301830144217e-7,-4.934468711164822e-8,6.997623043911581e-5,6.06281334905709e-6,11.541874441837923,0.0
510.0,11.541764037036387,11.541764609342396,-5.723060088058674e-7,-4.958566185978102e-8,6.997270032529809e-5,6.062565488322458e-6,11.541764037036387,0.0
512.5,11.541653966830465,11.541654541908317,-5.750778520052791e-7,-4.982629471113881e-8,6.996918224135304e-5,6.0623184893982546e-6,11.541653966830465,0.0
515.0,11.541544230459591,11.541544808305265,-5.778456735328064e-7,-5.006658225229504e-8,6.996566156472923e-5,6.062071085780793e-6,11.541544230459591,0.0
517.5,11.541434827077424,11.541435407686958,-5.806095337845818e-7,-5.030652968922119e-8,6.996213974347647e-5,6.061823403389837e-6,11.541434827077424,0.0
520.0,11.541325755852686,11.541326339221985,-5.833692995338424e-7,-5.0546125451663284e-8,6.99586280909693e-5,6.061576422924619e-6,11.541325755852686,0.0
522.5,11.541217015993718,11.541217602118817,-5.861250986782807e-7,-5.07853805942678e-8,6.99551234400842e-5,6.06132987042363e-6,11.541217015993718,0.0
525.0,11.541108606698321,11.541109195575267,-5.888769454287512e-7,-5.102429632167001e-8,6.995161746288949e-5,6.06108302475296e-6,11.541108606698321,0.0
527.5,11.541000527143606,11.541001118768406,-5.916248007054037e-7,-5.126286922125552e-8,6.994811390009479e-5,6.0608362104812175e-6,11.541000527143606,0.0
530.0,11.540892776514227,11.540893370882888,-5.943686609555243e-7,-5.150109895874498e-8,6.994461883625453e-5,6.060589955275572e-6,11.540892776514227,0.0
532.5,11.540785354021851,11.540785951130431,-5.971085794698183e-7,-5.173899012528916e-8,6.99411280684539e-5,6.060343895407438e-6,11.540785354021851,0.0
535.0,11.540678258867304,11.54067885871188,-5.998445757882109e-7,-5.197654438787591e-8,6.993763744297245e-5,6.060097671402954e-6,11.540678258867304,0.0
537.5,11.540571490238204,11.540572092814813,-6.025766090544948e-7,-5.2213758180363506e-8,6.993415106634586e-5,6.059851639539766e-6,11.540571490238204,0.0
540.0,11.540465047335992,11.540465652640695,-6.05304702361309e-7,-5.2450633477811004e-8,6.993067154800311e-5,6.059606026374643e-6,11.540465047335992,0.0
542.5,11.54035892937453,11.540359537403418,-6.080288876830764e-7,-5.268717302504478e-8,6.992719509487595e-5,6.059360503674204e-6,11.54035892937453,0.0
545.0,11.540253135558464,11.540253746307638,-6.107491739015813e-7,-5.292337756610445e-8,6.992372024530811e-5,6.059114945222067e-6,11.540253135558464,0.0
547.5,11.540147665087582,11.540148278553122,-6.134655397005417e-7,-5.3159245228417616e-8,6.992025031209208e-5,6.058869638524805e-6,11.540147665087582,0.0
550.0,11.540042517174234,11.540043133352238,-6.161780046198828e-7,-5.3394777679793506e-8,6.991678587082447e-5,6.0586246339016714e-6,11.540042517174234,0.0
552.5,11.53993769103615,11.539938309922753,-6.188866041867414e-7,-5.3629977973578876e-8,6.991332412249342e-5,6.058379689242155e-6,11.53993769103615,0.0
555.0,11.53983318588397,11.539833807475294,-6.215913241902626e-7,-5.3864844853270534e-8,6.990986508333218e-5,6.058134806389489e-6,11.53983318588397,0.0
557.5,11.539729000929063,11.539729625221227,-6.242921646304467e-7,-5.409937829390837e-8,6.990641099325911e-5,6.057890179884723e-6,11.539729000929063,0.0
560.0,11.539625135392301,11.539625762381451,-6.269891503762892e-7,-5.433358042570194e-8,6.99029614262533e-5,6.057645773246072e-6,11.539625135392301,0.0
562.5,11.539521588496154,11.539522218178448,-6.296822938622881e-7,-5.456745230149088e-8,6.989951462748615e-5,6.057401434836741e-6,11.539521588496154,0.0
565.0,11.53941835945896,11.539418991830557,-6.323715968648003e-7,-5.480099405066113e-8,6.989607123519146e-5,6.0571572203981195e-6,11.53941835945896,0.0
567.5,11.539315447502362,11.539316082559422,-6.350570593838256e-7,-5.503420564876586e-8,6.9892632540163e-5,6.056913242222785e-6,11.539315447502362,0.0
570.0,11.53921285185459,11.539213489593289,-6.377386991829326e-7,-5.526708861085224e-8,6.988919777720524e-5,6.0566694344296285e-6,11.53921285185459,0.0
572.5,11.539110571743862,11.539111212160392,-6.404165304729759e-7,-5.5499644144253324e-8,6.988576602520923e-5,6.05642571762337e-6,11.539110571743862,0.0
575.0,11.539008606396884,11.539009249487439,-6.430905550303123e-7,-5.5731872378862946e-8,6.988233804551138e-5,6.056182158211641e-6,11.539008606396884,0.0
577.5,11.538906955044455,11.538907600805235,-6.457607799603693e-7,-5.596377390651049e-8,6.987891443305118e-5,6.055938808181677e-6,11.538906955044455,0.0
580.0,11.538805616921671,11.538806265348889,-6.484272176976447e-7,-5.6195349780979535e-8,6.98754944480687e-5,6.055695603849692e-6,11.538805616921671,0.0
582.5,11.538704591263343,11.538705242353222,-6.510898789002795e-7,-5.642660090225894e-8,6.987207772572627e-5,6.0554525140223e-6,11.538704591263343,0.0
585.0,11.538603877304643,11.538604531053409,-6.537487653446306e-7,-5.665752740073635e-8,6.986866491060593e-5,6.05520959498671e-6,11.538603877304643,0.0
587.5,11.53850347428467,11.53850413068856,-6.564038894651958e-7,-5.688813033060074e-8,6.986525616625976e-5,6.054966861340835e-6,11.53850347428467,0.0
590.0,11.538403381445313,11.538404040500573,-6.590552601437594e-7,-5.7118410438273773e-8,6.98618509265235e-5,6.054724264439135e-6,11.538403381445313,0.0
592.5,11.538303598028524,11.538304259731412,-6.617028880384623e-7,-5.7348368624268414e-8,6.985844914069227e-5,6.054481800308023e-6,11.538303598028524,0.0
595.0,11.538204123277746,11.538204787624522,-6.643467767020184e-7,-5.757800517341622e-8,6.985505126021274e-5,6.054239508493674e-6,11.538204123277746,0.0
597.5,11.538104956439831,11.53810562342677,-6.669869385689253e-7,-5.780732114043181e-8,6.985165723016481e-5,6.053997384655276e-6,11.538104956439831,0.0
600.0,11.538006096763551,11.538006766386932,-6.696233807446106e-7,-5.803631711829674e-8,6.984826667706269e-5,6.053755396840651e-6,11.538006096763551,0.0
602.5,11.537907543498294,11.537908215754404,-6.722561103345015e-7,-5.826499370012055e-8,6.984487969621174e-5,6.0535135537266375e-6,11.537907543498294,0.0
605.0,11.537809295895489,11.537809970780627,-6.748851379967391e-7,-5.849335178705248e-8,6.984149655488925e-5,6.053271878894286e-6,11.537809295895489,0.0
607.5,11.537711353209405,11.537712030719877,-6.775104726131076e-7,-5.872139212640702e-8,6.98381171136758e-5,6.053030360674535e-6,11.537711353209405,0.0
610.0,11.537613714695844,11.537614394827967,-6.801321230653912e-7,-5.894911546562563e-8,6.983474116214016e-5,6.052788981242223e-6,11.537613714695844,0.0
612.5,11.537516379604623,11.537517062354715,-6.827500911299467e-7,-5.917652193646062e-8,6.983136883758418e-5,6.052547752913978e-6,11.537516379604623,0.0
615.0,11.537419346776117,11.53742003214051,-6.853643927939856e-7,-5.94036129046047e-8,6.982800026575713e-5,6.0523066872202276e-6,11.537419346776117,0.0
617.5,11.53732261547356,11.537323303448591,-6.879750316102218e-7,-5.963038865598917e-8,6.982463529811124e-5,6.052065771695093e-6,11.53732261547356,0.0
620.0,11.537226184961668,11.537226875543691,-6.905820235658666e-7,-5.985685055442649e-8,6.982127384630897e-5,6.051824999090191e-6,11.537226184961668,0.0
622.5,11.53713005450662,11.53713074769199,-6.931853686609202e-7,-6.008299857815583e-8,6.981791602674865e-5,6.051584379901867e-6,11.53713005450662,0.0
625.0,11.53703422337681,11.537034919161886,-6.957850757771666e-7,-6.030883347536045e-8,6.9814561878124e-5,6.051343917890343e-6,11.53703422337681,0.0
627.5,11.53693869084265,11.536939389223813,-6.983811626781744e-7,-6.053435676420026e-8,6.981121128176998e-5,6.051103603175256e-6,11.53693869084265,0.0
630.0,11.536843456176015,11.53684415714964,-7.00973624034873e-7,-6.07595679613405e-8,6.980786421163214e-5,6.050863433902443e-6,11.536843456176015,0.0
632.5,11.53674851865048,11.536749222212954,-7.03562474058117e-7,-6.098446827723837e-8,6.980452075210573e-5,6.050623417790437e-6,11.53674851865048,0.0
635.0,11.536653877541717,11.536654583689444,-7.061477269587613e-7,-6.120905892248459e-8,6.980118089319181e-5,6.050383554374726e-6,11.536653877541717,0.0
637.5,11.536559532127244,11.536560240856623,-7.087293791840921e-7,-6.14333395680409e-8,6.979784455190334e-5,6.050143836863052e-6,11.536559532127244,0.0
640.0,11.536465481686102,11.53646619299355,-7.113074484976778e-7,-6.165731173268481e-8,6.979451173461652e-5,6.049904266208211e-6,11.536465481686102,0.0
642.5,11.536371725499151,11.536372439381088,-7.138819366758753e-7,-6.188097554952767e-8,6.979118249249938e-5,6.049664847244655e-6,11.536371725499151,0.0
645.0,11.536278262849228,11.536278979302086,-7.164528579295393e-7,-6.210433222963798e-8,6.97878567931009e-5,6.049425577557515e-6,11.536278262849228,0.0
647.5,11.536185093020904,11.536185812041118,-7.190202140350266e-7,-6.232738190634748e-8,6.978453458788539e-5,6.049186453336575e-6,11.536185093020904,0.0
650.0,11.536092215300368,11.536092936884387,-7.215840192031919e-7,-6.255012579096342e-8,6.978121589418506e-5,6.0489474764802885e-6,11.536092215300368,0.0
652.5,11.535999628975647,11.536000353119928,-7.241442805394627e-7,-6.277256447898863e-8,6.977790073389843e-5,6.048708649281956e-6,11.535999628975647,0.0
655.0,11.535907333336654,11.535908060037652,-7.267009980438388e-7,-6.299469795009591e-8,6.977458907185061e-5,6.048469969086425e-6,11.535907333336654,0.0
657.5,11.535815327674976,11.535816056929164,-7.292541877035319e-7,-6.321652756992529e-8,6.977128088104514e-5,6.048231433946457e-6,11.535815327674976,0.0
660.0,11.535723611283887,11.535724343087745,-7.318038584003261e-7,-6.343805408830169e-8,6.97679761797511e-5,6.047993045837734e-6,11.535723611283887,0.0
662.5,11.53563218345849,11.5356329178085,-7.343500101342215e-7,-6.365927748522028e-8,6.976467497023573e-5,6.047754805347792e-6,11.53563218345849,0.0
665.0,11.535541043495684,11.535541780388343,-7.368926588924296e-7,-6.38801991266744e-8,6.976137722265095e-5,6.047516710279135e-6,11.535541043495684,0.0
667.5,11.53545019069404,11.535450930125847,-7.394318082276641e-7,-6.410081930085258e-8,6.975808292439235e-5,6.0472787599280765e-6,11.53545019069404,0.0
670.0,11.535359624353841,11.535360366321314,-7.419674723507796e-7,-6.43211392199956e-8,6.975479208612063e-5,6.04704095560679e-6,11.535359624353841,0.0
672.5,11.535269343777177,11.535270088276826,-7.444996494854195e-7,-6.454115871052874e-8,6.975150470096746e-5,6.046803297106856e-6,11.535269343777177,0.0
675.0,11.535179348267869,11.53518009529622,-7.470283502897246e-7,-6.476087867692312e-8,6.974822074655619e-5,6.046565782874424e-6,11.535179348267869,0.0
677.5,11.535089637131412,11.535090386685003,-7.495535907509066e-7,-6.498030048575403e-8,6.974494021691505e-5,6.046328412776815e-6,11.535089637131412,0.0
680.0,11.535000209675038,11.535000961750404,-7.520753655398948e-7,-6.519942365576101e-8,6.974166311526712e-5,6.046091187477478e-6,11.535000209675038,0.0
682.5,11.53491106520772,11.534911819801415,-7.545936959729715e-7,-6.541825001573021e-8,6.973838943054328e-5,6.04585410639986e-6,11.53491106520772,0.0
685.0,11.534822203040152,11.53482296014873,-7.57108578497423e-7,-6.563677923859781e-8,6.973511914629466e-5,6.045617168500011e-6,11.534822203040152,0.0
687.5,11.534733622484701,11.53473438210473,-7.596200291004607e-7,-6.585501269138373e-8,6.973185226048153e-5,6.045380373982193e-6,11.534733622484701,0.0
690.0,11.534645322855452,11.534646084983498,-7.621280460057278e-7,-6.607295020121691e-8,6.972858877167525e-5,6.045143723102673e-6,11.534645322855452,0.0
692.5,11.534557303468207,11.534558068100853,-7.646326469767928e-7,-6.629059328933961e-8,6.972532866626588e-5,6.044907215060685e-6,11.534557303468207,0.0
695.0,11.534469563640462,11.5344703307743,-7.671338373427261e-7,-6.650794239909603e-8,6.972207193352807e-5,6.044670849304549e-6,11.534469563640462,0.0
697.5,11.534382102691385,11.534382872323004,-7.696316188798846e-7,-6.672499766591762e-8,6.971881856945163e-5,6.04443462586381e-6,11.534382102691385,0.0
700.0,11.534294919941848,11.534295692067854,-7.72126005799123e-7,-6.69417603033698e-8,6.971556856879786e-5,6.044198544660529e-6,11.534294919941848,0.0
702.5,11.534208014714412,11.534208789331416,-7.746170034295119e-7,-6.715823075509979e-8,6.971232192258021e-5,6.043962605290875e-6,11.534208014714412,0.0
705.0,11.534121386333313,11.534122163437933,-7.771046206528354e-7,-6.737440977286925e-8,6.970907861955842e-5,6.043726807154652e-6,11.534121386333313,0.0
707.5,11.534035034124456,11.534035813713313,-7.795888574690935e-7,-6.759029733849528e-8,6.970583865673748e-5,6.04349115036556e-6,11.534035034124456,0.0
710.0,11.533948957415415,11.533949739485152,-7.820697369709251e-7,-6.780589543602204e-8,6.970260202843384e-5,6.043255634803255e-6,11.533948957415415,0.0
712.5,11.533863155535462,11.533863940082714,-7.845472520529029e-7,-6.802120343142568e-8,6.969936872212668e-5,6.043020259753626e-6,11.533863155535462,0.0
715.0,11.533777623252345,11.533778410273761,-7.870214169258816e-7,-6.823622256590324e-8,6.96961387249453e-5,6.042785026862004e-6,11.533777623252345,0.0
717.5,11.533692358461753,11.533693147953993,-7.894922404716453e-7,-6.845095360051201e-8,6.969291204436975e-5,6.0425499378990445e-6,11.533692358461753,0.0
720.0,11.533607360510127,11.533608152469855,-7.919597280192647e-7,-6.866539697986013e-8,6.968968868691974e-5,6.0423149937919676e-6,11.533607360510127,0.0
722.5,11.53352262874551,11.533523423169395,-7.944238848978102e-7,-6.887955314864795e-8,6.968646864653272e-5,6.042080194376178e-6,11.53352262874551,0.0
725.0,11.53343816251757,11.53343895940229,-7.968847199890661e-7,-6.909342285970332e-8,6.968325190130154e-5,6.041845538112356e-6,11.53343816251757,0.0
727.5,11.533353961177598,11.533354760519845,-7.993422475038869e-7,-6.930700732801156e-8,6.968003844823732e-5,6.0416110251005195e-6,11.533353961177598,0.0
730.0,11.533270024078497,11.533270825874958,-8.017964603368455e-7,-6.952030592042855e-8,6.96768282899086e-5,6.041376655921636e-6,11.533270024078497,0.0
732.5,11.533186350574828,11.533187154822201,-8.042473726987964e-7,-6.973331985212496e-8,6.96736214133072e-5,6.041142429805149e-6,11.533186350574828,0.0
735.0,11.533102940022752,11.533103746717751,-8.066949988005945e-7,-6.994605033838387e-8,6.967041780694287e-5,6.040908346111183e-6,11.533102940022752,0.0
737.5,11.533019791780033,11.533020600919372,-8.091393386422396e-7,-7.015849736241154e-8,6.966721746545489e-5,6.0406744047304096e-6,11.533019791780033,0.0
740.0,11.532936905206054,11.532937716786453,-8.115803993291593e-7,-7.037066152358865e-8,6.966402038727344e-5,6.0404406058812815e-6,11.532936905206054,0.0
742.5,11.532854279661803,11.532855093679999,-8.140181950722081e-7,-7.058254403749206e-8,6.966082656071092e-5,6.0402069489040395e-6,11.532854279661803,0.0
745.0,11.532771914509883,11.532772730962607,-8.164527240950292e-7,-7.079414473356699e-8,6.965763597438566e-5,6.0399734331645246e-6,11.532771914509883,0.0
747.5,11.532689809114466,11.532690627998466,-8.188840006084774e-7,-7.100546482758086e-8,6.965444862796985e-5,6.03974005898614e-6,11.532689809114466,0.0
750.0,11.532607962841336,11.532608784153364,-8.213120281652664e-7,-7.121650461123595e-8,6.965126451419642e-5,6.0395068260896774e-6,11.532607962841336,0.0
752.5,11.53252637505787,11.532527198794684,-8.237368138708234e-7,-7.142726468437753e-8,6.964808362348914e-5,6.03927373399479e-6,11.53252637505787,0.0
755.0,11.53244504513302,11.532445871291388,-8.261583683832896e-7,-7.163774595500449e-8,6.964490594566656e-5,6.039040782167737e-6,11.53244504513302,0.0
757.5,11.532363972437322,11.532364801014019,-8.285766970317354e-7,-7.184794886911801e-8,6.964173147821642e-5,6.0388079707388825e-6,11.532363972437322,0.0
760.0,11.532283156342888,11.532283987334694,-8.309918051452314e-7,-7.205787387280518e-8,6.963856021273257e-5,6.038575299326617e-6,11.532283156342888,0.0
762.5,11.53220259622342,11.532203429627117,-8.334036962764912e-7,-7.226752125820398e-8,6.963539214156993e-5,6.03834276761442e-6,11.53220259622342,0.0
765.0,11.532122291454163,11.532123127266551,-8.358123881890833e-7,-7.247689254981791e-8,6.96322272574667e-5,6.038110375318115e-6,11.532122291454163,0.0
767.5,11.53204224141194,11.532043079629823,-8.382178826593645e-7,-7.268598788593548e-8,6.96290655556233e-5,6.037878122366137e-6,11.53204224141194,0.0
770.0,11.531962445475143,11.531963286095326,-8.406201832400484e-7,-7.289480755895862e-8,6.962590702643744e-5,6.037646008269557e-6,11.531962445475143,0.0
772.5,11.531882903023718,11.531883746043016,-8.430192988129193e-7,-7.310335232348529e-8,6.962275166309427e-5,6.03741403278027e-6,11.531882903023718,0.0
775.0,11.531803613439148,11.531804458854396,-8.454152471415455e-7,-7.331162370440472e-8,6.961959945932768e-5,6.037182195696871e-6,11.531803613439148,0.0
777.5,11.531724576104494,11.531725423912512,-8.47808017567786e-7,-7.35196207620649e-8,6.96164504094757e-5,6.036950496869452e-6,11.531724576104494,0.0
780.0,11.531645790404342,11.53164664060197,-8.501976278552092e-7,-7.37273450215295e-8,6.961330450479269e-5,6.036718935879819e-6,11.531645790404342,0.0
782.5,11.531567255724832,11.531568108308914,-8.525840815565289e-7,-7.393479677563035e-8,6.96101617386296e-5,6.0364875124907e-6,11.531567255724832,0.0
785.0,11.531488971453633,11.531489826421023,-8.549673893298859e-7,-7.414197693345325e-8,6.96070221024413e-5,6.036256226299525e-6,11.531488971453633,0.0
787.5,11.531410936979956,11.53141179432751,-8.573475547279941e-7,-7.434888578799803e-8,6.960388559210646e-5,6.036025077286468e-6,11.531410936979956,0.0
790.0,11.53133315169454,11.531334011419126,-8.597245866326375e-7,-7.455552409447994e-8,6.96007521992841e-5,6.035794065064906e-6,11.53133315169454,0.0
792.5,11.531255614989648,11.531256477088139,-8.620984903728868e-7,-7.47618923001093e-8,6.959762191965442e-5,6.035563189596063e-6,11.531255614989648,0.0
795.0,11.531178326259072,11.531179190728345,-8.644692730541692e-7,-7.496799100622521e-8,6.95944947438549e-5,6.03533245040298e-6,11.531178326259072,0.0
797.5,11.531101284898117,11.53110215173506,-8.66836943558269e-7,-7.517382096830033e-8,6.959137066601435e-5,6.035101847310608e-6,11.531101284898117,0.0
800.0,11.531024490303604,11.531025359505113,-8.692015089906135e-7,-7.537938278784525e-8,6.958824967799025e-5,6.034871379946054e-6,11.531024490303604,0.0
802.5,11.530947941873876,11.530948813436844,-8.71562967574846e-7,-7.558467629619787e-8,6.958513177300903e-5,6.034641048054272e-6,11.530947941873876,0.0
805.0,11.530871639008767,11.530872512930108,-8.739213406272484e-7,-7.578970332743844e-8,6.958201694571753e-5,6.034410851502553e-6,11.530871639008767,0.0
807.5,11.53079558110965,11.530796457386263,-8.762766121606091e-7,-7.599446248064366e-8,6.957890553086958e-5,6.034180819652841e-6,11.53079558110965,0.0
810.0,11.530719767573629,11.530720646202436,-8.786288070439241e-7,-7.619895589820678e-8,6.957579758746806e-5,6.033950957955564e-6,11.530719767573629,0.0
812.5,11.530644197804675,11.530645078782607,-8.809779323826206e-7,-7.640318418205554e-8,6.957269252855321e-5,6.033721215836249e-6,11.530644197804675,0.0
815.0,11.530568871208047,11.530569754532044,-8.833239970584827e-7,-7.660714808825714e-8,6.956959020203385e-5,6.033491580432762e-6,11.530568871208047,0.0
817.5,11.530493787189823,11.530494672856818,-8.856669957424401e-7,-7.68108471405102e-8,6.956649111695501e-5,6.0332620962202125e-6,11.530493787189823,0.0
820.0,11.53041894515865,11.530419833165594,-8.880069444217042e-7,-7.701428271125893e-8,6.956339529007246e-5,6.033032764978629e-6,11.53041894515865,0.0
822.5,11.530344344461424,11.530345234805274,-8.903438502017025e-7,-7.721745540317512e-8,6.956030229119154e-5,6.032803549757357e-6,11.530344344461424,0.0
825.0,11.530269984197282,11.530270876874999,-8.926777166351485e-7,-7.742036551256828e-8,6.95572121744048e-5,6.0325744557357166e-6,11.530269984197282,0.0
827.5,11.530195863778609,11.530196758787156,-8.95008547274756e-7,-7.762301333374305e-8,6.955412526155482e-5,6.032345511150836e-6,11.530195863778609,0.0
830.0,11.530121982620196,11.53012287995655,-8.973363545550228e-7,-7.782539993138086e-8,6.955104144368522e-5,6.032116706876321e-6,11.530121982620196,0.0
832.5,11.530048340138146,11.530049239799292,-8.996611455813763e-7,-7.802752590806546e-8,6.954796046507504e-5,6.031888021055926e-6,11.530048340138146,0.0
835.0,11.529974935749308,11.529975837732227,-9.019829185774597e-7,-7.822939109614306e-8,6.954488244606302e-5,6.031659464448216e-6,11.529974935749308,0.0
837.5,11.52990176811088,11.52990267241257,-9.043016895304845e-7,-7.843099687384848e-8,6.95418075592456e-5,6.031431052741717e-6,11.52990176811088,0.0
840.0,11.52982883636213,11.529829742979594,-9.066174637695212e-7,-7.863234369189262e-8,6.953873566187328e-5,6.031202774022621e-6,11.52982883636213,0.0
842.5,11.529756139929766,11.529757048860013,-9.089302466236404e-7,-7.883343199912441e-8,6.95356666318467e-5,6.030974618017401e-6,11.529756139929766,0.0
845.0,11.529683678241572,11.529684589481615,-9.112400434219126e-7,-7.90342622444685e-8,6.953260059145244e-5,6.030746595647893e-6,11.529683678241572,0.0
847.5,11.529611450727042,11.529612364273902,-9.135468594934082e-7,-7.923483487692043e-8,6.952953760767388e-5,6.030518713038629e-6,11.529611450727042,0.0
850.0,11.529539456817375,11.529540372668084,-9.15850709048982e-7,-7.943515111589673e-8,6.952647755628296e-5,6.030290959728855e-6,11.529539456817375,0.0
852.5,11.52946769594488,11.529468614096468,-9.181515867595635e-7,-7.963521048612624e-8,6.952342039276143e-5,6.030063332170492e-6,11.52946769594488,0.0
855.0,11.529396167543139,11.529397087992646,-9.204495068360075e-7,-7.98350142071795e-8,6.952036621330388e-5,6.029835839019342e-6,11.529396167543139,0.0
857.5,11.529324871047402,11.529325793791878,-9.227444763837411e-7,-8.003456288242425e-8,6.951731502252962e-5,6.029608480987681e-6,11.529324871047402,0.0
860.0,11.529253805894422,11.529254730930921,-9.250364989554782e-7,-8.023385680715486e-8,6.951426673022639e-5,6.029381250561651e-6,11.529253805894422,0.0
862.5,11.52918297152212,11.529183898847702,-9.273255816566461e-7,-8.043289658488416e-8,6.951122133532406e-5,6.02915414795841e-6,11.52918297152212,0.0
865.0,11.529112367369805,11.529113296981539,-9.29611733369029e-7,-8.063168297327526e-8,6.950817889678124e-5,6.0289271786010445e-6,11.529112367369805,0.0
867.5,11.52904199287837,11.529042924773325,-9.318949558689837e-7,-8.083021611376094e-8,6.950513939592722e-5,6.028700341178512e-6,11.52904199287837,0.0
870.0,11.52897184749009,11.528972781665347,-9.341752562619376e-7,-8.102849661006951e-8,6.950210277323198e-5,6.0284736308349045e-6,11.52897184749009,0.0
872.5,11.528901930648487,11.52890286710113,-9.364526434296749e-7,-8.122652522008231e-8,6.949906904293625e-5,6.028247049112249e-6,11.528901930648487,0.0
875.0,11.528832241798504,11.52883318052563,-9.387271262539798e-7,-8.142430270175723e-8,6.949603823709331e-5,6.028020599096851e-6,11.528832241798504,0.0
877.5,11.528762780386591,11.528763721385298,-9.409987065112091e-7,-8.162182919680604e-8,6.949301032593526e-5,6.027794278511902e-6,11.528762780386591,0.0
880.0,11.528693545860529,11.528694489127922,-9.43267393083147e-7,-8.181910546332761e-8,6.948998527643222e-5,6.027568084796838e-6,11.528693545860529,0.0
882.5,11.528624537669389,11.528625483202575,-9.455331859697935e-7,-8.20161314890858e-8,6.94869631056547e-5,6.027342019736041e-6,11.528624537669389,0.0
885.0,11.528555755263682,11.528556703059781,-9.477960993820034e-7,-8.22129084945667e-8,6.948394382658943e-5,6.027116084758892e-6,11.528555755263682,0.0
887.5,11.528487198095341,11.528488148151478,-9.500561368724902e-7,-8.240943677583751e-8,6.948092740907528e-5,6.026890277551286e-6,11.528487198095341,0.0
890.0,11.528418865617619,11.52841981793092,-9.523133019939678e-7,-8.26057166290296e-8,6.947791383734511e-5,6.026664597046885e-6,11.528418865617619,0.0
892.5,11.52835075728509,11.528351711852697,-9.54567607180934e-7,-8.280174912076785e-8,6.94749031250658e-5,6.026439044731759e-6,11.52835075728509,0.0
895.0,11.528282872553747,11.5282838293728,-9.568190524333886e-7,-8.299753423915021e-8,6.947189527113424e-5,6.026213620810019e-6,11.528282872553747,0.0
897.5,11.528215210880964,11.528216169948612,-9.59067648409473e-7,-8.319307289685675e-8,6.946889025065915e-5,6.02598832342153e-6,11.528215210880964,0.0
900.0,11.528147771725418,11.528148733038819,-9.613134004382573e-7,-8.338836554437899e-8,6.946588805841116e-5,6.025763152410927e-6,11.528147771725418,0.0
902.5,11.528080554547136,11.528081518103448,-9.635563120724555e-7,-8.358341247818487e-8,6.946288870279119e-5,6.02553810880444e-6,11.528080554547136,0.0
905.0,11.528013558807528,11.528014524603915,-9.657963868647812e-7,-8.377821399480419e-8,6.945989217328605e-5,6.025313191986831e-6,11.528013558807528,0.0
907.5,11.527946783969346,11.527947752002989,-9.680336425788028e-7,-8.397277162355929e-8,6.945689845657785e-5,6.0250884010987936e-6,11.527946783969346,0.0
910.0,11.527880229496661,11.527881199764737,-9.702680756618065e-7,-8.416708504475597e-8,6.945390754827046e-5,6.0248637360541875e-6,11.527880229496661,0.0
912.5,11.527813894854885,11.527814867354577,-9.72499691442863e-7,-8.436115470921253e-8,6.945091944889787e-5,6.024639197193783e-6,11.527813894854885,0.0
915.0,11.527747779510781,11.527748754239282,-9.747285005801132e-7,-8.455498153009373e-8,6.944793415009968e-5,6.024414784086033e-6,11.527747779510781,0.0
917.5,11.527681882932445,11.527682859886953,-9.769545084026277e-7,-8.474856595835442e-8,6.94449516390235e-5,6.024190495908957e-6,11.527681882932445,0.0
920.0,11.527616204589277,11.527617183766997,-9.79177720239477e-7,-8.494190844501354e-8,6.944197191480499e-5,6.023966332879762e-6,11.527616204589277,0.0
922.5,11.527550743952018,11.527551725350158,-9.813981396433746e-7,-8.513500928705689e-8,6.943899497497549e-5,6.023742295075732e-6,11.527550743952018,0.0
925.0,11.527485500492732,11.52748648410851,-9.836157772724619e-7,-8.532786939792014e-8,6.943602080883028e-5,6.023518381858932e-6,11.527485500492732,0.0
927.5,11.527420473684806,11.527421459515445,-9.85830638455809e-7,-8.552048922881727e-8,6.943304940815325e-5,6.0232945928065535e-6,11.527420473684806,0.0
930.0,11.527355663002927,11.52735665104565,-9.880427231934164e-7,-8.571286876872739e-8,6.943008077215474e-5,6.02307092813929e-6,11.527355663002927,0.0
932.5,11.527291067923098,11.527292058175142,-9.902520439197815e-7,-8.590500908538244e-8,6.942711489477434e-5,6.022847387619857e-6,11.527291067923098,0.0
935.0,11.52722668792264,11.527227680381245,-9.924586041876182e-7,-8.609691047608541e-8,6.942415176668299e-5,6.022623970726661e-6,11.52722668792264,0.0
937.5,11.527162522480172,11.527163517142583,-9.946624111023539e-7,-8.628857354640155e-8,6.942119138396247e-5,6.0224006774067655e-6,11.527162522480172,0.0
940.0,11.527098571075609,11.527099567939084,-9.968634753221295e-7,-8.647999921016645e-8,6.941823374130453e-5,6.022177507485912e-6,11.527098571075609,0.0
942.5,11.52703483319018,11.527035832251968,-9.990617879651609e-7,-8.667118668614834e-8,6.941527883320476e-5,6.02195446077208e-6,11.52703483319018,0.0
945.0,11.526971308306397,11.526972309563769,-1.001257372124087e-6,-8.68621379670283e-8,6.941232665066934e-5,6.021731536769806e-6,11.526971308306397,0.0
947.5,11.526907995908067,11.526908999358291,-1.003450224246194e-6,-8.705285273400364e-8,6.940937718858367e-5,6.021508735319418e-6,11.526907995908067,0.0
950.0,11.526844895480286,11.526845901120634,-1.0056403478841958e-6,-8.724333128473957e-8,6.940643044530041e-5,6.021286056561315e-6,11.526844895480286,0.0
952.5,11.526782006509439,11.526783014337195,-1.00782775547259e-6,-8.743357468749271e-8,6.940348641154171e-5,6.02106349997319e-6,11.526782006509439,0.0
955.0,11.526719328483187,11.52672033849564,-1.0100124523404475e-6,-8.762358339416216e-8,6.940054508135412e-5,6.020841065320414e-6,11.526719328483187,0.0
957.5,11.526656860890478,11.526657873084918,-1.0121944402641248e-6,-8.781335754848947e-8,6.9397606449962e-5,6.020618752469809e-6,11.526656860890478,0.0
960.0,11.526594603221529,11.526595617595255,-1.0143737263490493e-6,-8.80028977565972e-8,6.939467050917167e-5,6.020396560990944e-6,11.526594603221529,0.0
962.5,11.52653255496783,11.52653357151815,-1.0165503212533622e-6,-8.819220493289097e-8,6.93917372563966e-5,6.0201744909391156e-6,11.52653255496783,0.0
965.0,11.526470715622152,11.526471734346373,-1.0187242214243497e-6,-8.838127875895645e-8,6.938880668471045e-5,6.019952541992394e-6,11.526470715622152,0.0
967.5,11.52640908467851,11.526410105573955,-1.0208954446255802e-6,-8.857012076576445e-8,6.938587878855682e-5,6.019730713946988e-6,11.52640908467851,0.0
970.0,11.526347661632208,11.526348684696192,-1.0230639837516264e-6,-8.875873032678885e-8,6.938295356272284e-5,6.019509006628189e-6,11.526347661632208,0.0
972.5,11.526286445979792,11.526287471209645,-1.025229853013343e-6,-8.894710866490125e-8,6.938003099965955e-5,6.019287419657902e-6,11.526286445979792,0.0
975.0,11.526225437219077,11.526226464612131,-1.0273930541870868e-6,-8.913525592424688e-8,6.937711109596219e-5,6.019065953016858e-6,11.526225437219077,0.0
977.5,11.526164634849117,11.526165664402713,-1.029553596154642e-6,-8.93231728654828e-8,6.937419384614343e-5,6.018844606504406e-6,11.526164634849117,0.0
980.0,11.526104038370232,11.526105070081712,-1.0317114806923655e-6,-8.95108596328658e-8,6.9371279242509e-5,6.018623379727705e-6,11.526104038370232,0.0
982.5,11.526043647283977,11.526044681150696,-1.0338667184583983e-6,-8.969831714128733e-8,6.936836728106139e-5,6.0184022726139435e-6,11.526043647283977,0.0
985.0,11.525983461093164,11.525984497112475,-1.0360193112290972e-6,-8.988554553511719e-8,6.936545795578749e-5,6.0181812849147224e-6,11.525983461093164,0.0
987.5,11.525923479301834,11.5259245174711,-1.0381692661098896e-6,-9.007254542113056e-8,6.936255126169398e-5,6.017960416469424e-6,11.525923479301834,0.0
990.0,11.525863701415274,11.525864741731862,-1.040316588429846e-6,-9.025931725204285e-8,6.935964719048081e-5,6.017739666829833e-6,11.525863701415274,0.0
992.5,11.525804126940002,11.525805169401288,-1.0424612852943937e-6,-9.044586163474547e-8,6.93567457383372e-5,6.017519035936523e-6,11.525804126940002,0.0
995.0,11.525744755383771,11.525745799987135,-1.0446033638089602e-6,-9.06321791761888e-8,6.935384690122994e-5,6.0172985237100785e-6,11.525744755383771,0.0
997.5,11.525685586255566,11.52568663299839,-1.0467428239735455e-6,-9.081826986689548e-8,6.935095072563216e-5,6.017078134452453e-6,11.525685586255566,0.0
1000.0,11.525626619063967,11.525627667943631,-1.0488796640117926e-6,-9.100413354332447e-8,6.934805756348958e-5,6.016857898969623e-6,11.525626619063967,0.0
1002.5,11.525567853316668,11.525568904330576,-1.0510139087926973e-6,-9.118977235384122e-8,6.93451671395523e-5,6.016637793650845e-6,11.525567853316668,0.0
1005.0,11.525509288526901,11.525510341672456,-1.053145554763546e-6,-9.137518598088351e-8,6.934227899538468e-5,6.0164177789880085e-6,11.525509288526901,0.0
1007.5,11.5254509242077,11.525451979482304,-1.0552746037006955e-6,-9.156037456931333e-8,6.933939334491814e-5,6.01619787380985e-6,11.5254509242077,0.0
1010.0,11.52539275987323,11.525393817274296,-1.0574010662622868e-6,-9.174533903466882e-8,6.933651055772433e-5,6.015978110448965e-6,11.52539275987323,0.0
1012.5,11.525334795040228,11.525335854565174,-1.0595249460010336e-6,-9.19300796760356e-8,6.933363036572214e-5,6.015758465911023e-6,11.525334795040228,0.0
1015.0,11.5252770292261,11.525278090872352,-1.0616462517987202e-6,-9.211459725493537e-8,6.933075251270836e-5,6.015538918231433e-6,11.5252770292261,0.0
1017.5,11.525219461948506,11.525220525713486,-1.0637649801026328e-6,-9.229889145406241e-8,6.932787725084195e-5,6.015319489553656e-6,11.525219461948506,0.0
1020.0,11.525162092727037,11.525163158608184,-1.065881146899983e-6,-9.24829636515575e-8,6.932500472792861e-5,6.015100192966155e-6,11.525162092727037,0.0
1022.5,11.525104921082967,11.525105989077723,-1.0679947557434843e-6,-9.266681414672356e-8,6.932213470360589e-5,6.014881007876497e-6,11.525104921082967,0.0
1025.0,11.525047946538209,11.525049016644012,-1.0701058030804234e-6,-9.285044262239727e-8,6.931926709119891e-5,6.014661927026552e-6,11.525047946538209,0.0
1027.5,11.52499116861551,11.524992240829814,-1.0722143031216547e-6,-9.303385030276418e-8,6.931640208843155e-5,6.014442967834263e-6,11.52499116861551,0.0
1030.0,11.524934586839343,11.524935661159606,-1.0743202629726056e-6,-9.321703779554663e-8,6.93135397225169e-5,6.014224132922025e-6,11.524934586839343,0.0
1032.5,11.524878200735568,11.52487927715925,-1.0764236826332763e-6,-9.340000509199084e-8,6.931067981653831e-5,6.0140054071994095e-6,11.524878200735568,0.0
1035.0,11.524822009830746,11.524823088355312,-1.0785245656563802e-6,-9.3582752491656e-8,6.930782237016444e-5,6.013786790897459e-6,11.524822009830746,0.0
1037.5,11.52476601365256,11.524767094275477,-1.080622917370988e-6,-9.376528044828433e-8,6.930496751503377e-5,6.013568295697559e-6,11.52476601365256,0.0
1040.0,11.524710211048337,11.524711293767098,-1.0827187608697386e-6,-9.394759096257136e-8,6.930211520884386e-5,6.013349918543404e-6,11.524710211048337,0.0
1042.5,11.52465459964189,11.524655684454,-1.0848121103634867e-6,-9.412968527466285e-8,6.929926531813269e-5,6.013131649106955e-6,11.52465459964189,0.0
1045.0,11.52459917897497,11.524600265877943,-1.0869029729576596e-6,-9.431156399266042e-8,6.929641788747455e-5,6.012913491507474e-6,11.52459917897497,0.0
1047.5,11.524543948590946,11.524545037582296,-1.0889913504286142e-6,-9.449322726230396e-8,6.929357298719971e-5,6.012695452098295e-6,11.524543948590946,0.0
1050.0,11.524488908034423,11.524489999111674,-1.0910772516581346e-6,-9.467467584592652e-8,6.92907305671981e-5,6.012477526781366e-6,11.524488908034423,0.0
1052.5,11.524434056851055,11.524435150011735,-1.0931606801989346e-6,-9.485591004350201e-8,6.928789056517991e-5,6.012259710401101e-6,11.524434056851055,0.0
1055.0,11.524379394587461,11.524380489829106,-1.0952416449327984e-6,-9.503693061746904e-8,6.928505302443525e-5,6.012042006962706e-6,11.524379394587461,0.0
1057.5,11.524324920791468,11.524326018111616,-1.0973201476360828e-6,-9.521773771376111e-8,6.928221797763318e-5,6.011824419549168e-6,11.524324920791468,0.0
1060.0,11.52427063501217,11.524271734408359,-1.0993961883087877e-6,-9.539833132421283e-8,6.927938537136524e-5,6.01160694377359e-6,11.52427063501217,0.0
1062.5,11.524216534604419,11.524217636074205,-1.1014697864908385e-6,-9.55787131544598e-8,6.927655517838964e-5,6.011389578664111e-6,11.524216534604419,0.0
1065.0,11.524162618637407,11.524163722178347,-1.1035409404058782e-6,-9.57588830464073e-8,6.927372743869057e-5,6.011172328187899e-6,11.524162618637407,0.0
1067.5,11.524108886676705,11.524109992286359,-1.1056096536066207e-6,-9.593884130033188e-8,6.927090216367026e-5,6.010955193573014e-6,11.524108886676705,0.0
1070.0,11.524055338288957,11.524056445964888,-1.1076759314221363e-6,-9.611858837069758e-8,6.926807931281005e-5,6.010738171541503e-6,11.524055338288957,0.0
1072.5,11.524001973041766,11.524003082781551,-1.109739784510566e-6,-9.629812517444838e-8,6.926525887350428e-5,6.010521261236965e-6,11.524001973041766,0.0
1075.0,11.523948790503795,11.523949902304999,-1.111801203990126e-6,-9.647745093299058e-8,6.926244087221532e-5,6.010304465192557e-6,11.523948790503795,0.0
1077.5,11.523895790244792,11.523896904105001,-1.113860209400741e-6,-9.665656733408211e-8,6.925962530292971e-5,6.010087783122732e-6,11.523895790244792,0.0
1080.0,11.5238429718356,11.523844087752407,-1.115916806071482e-6,-9.683547483237969e-8,6.925681213738535e-5,6.0098712128106715e-6,11.5238429718356,0.0
1082.5,11.523790334848037,11.523791452819022,-1.1179709851205644e-6,-9.701417264941127e-8,6.925400137318273e-5,6.009654754283238e-6,11.523790334848037,0.0
1085.0,11.523737878854954,11.523738998877722,-1.1200227678642705e-6,-9.71926626272378e-8,6.925119302557846e-5,6.009438409098867e-6,11.523737878854954,0.0
1087.5,11.52368560343031,11.523686725502458,-1.1220721471971729e-6,-9.737094414161736e-8,6.924838708321548e-5,6.009222176505925e-6,11.52368560343031,0.0
1090.0,11.52363350814909,11.523634632268223,-1.1241191337774126e-6,-9.754901810982421e-8,6.924558352619708e-5,6.009006055011134e-6,11.52363350814909,0.0
1092.5,11.523581592587272,11.523582718751001,-1.1261637293813465e-6,-9.772688467843794e-8,6.924278235809137e-5,6.0087900451568715e-6,11.523581592587272,0.0
1095.0,11.523529856321886,11.523530984527827,-1.1282059411144019e-6,-9.79045444565287e-8,6.923998358095696e-5,6.008574147353941e-6,11.523529856321886,0.0
1097.5,11.523478298931026,11.523479429176797,-1.1302457707529356e-6,-9.808199759076066e-8,6.923718718690213e-5,6.008358361149073e-6,11.523478298931026,0.0
1100.0,11.52342691999379,11.523428052277023,-1.1322832325078025e-6,-9.825924530689979e-8,6.923439316108409e-5,6.008142685485213e-6,11.52342691999379,0.0
1102.5,11.523375719090295,11.523376853408612,-1.1343183174972182e-6,-9.843628682678813e-8,6.923160150657444e-5,6.0079271208593274e-6,11.523375719090295,0.0
1105.0,11.523324695801682,11.523325832152725,-1.1363510434847512e-6,-9.861312368458736e-8,6.922881222230932e-5,6.007711667408938e-6,11.523324695801682,0.0
1107.5,11.523273849710144,11.52327498809155,-1.1383814069176879e-6,-9.878975556467598e-8,6.922602529569088e-5,6.0074963242700505e-6,11.523273849710144,0.0
1110.0,11.523223180398865,11.523224320808286,-1.140409420230526e-6,-9.896618353885355e-8,6.922324072390615e-5,6.0072810914272385e-6,11.523223180398865,0.0
1112.5,11.523172687452046,11.523173829887126,-1.1424350798705518e-6,-9.914240729157744e-8,6.922045850717124e-5,6.007065969127376e-6,11.523172687452046,0.0
1115.0,11.523122370454912,11.523123514913308,-1.1444583964959065e-6,-9.931842774058169e-8,6.921767863684285e-5,6.006850956847928e-6,11.523122370454912,0.0
1117.5,11.523072228993705,11.523073375473079,-1.1464793736593037e-6,-9.949424518702546e-8,6.921490110589348e-5,6.006636054206e-6,11.523072228993705,0.0
1120.0,11.523022262655662,11.523023411153673,-1.1484980113607435e-6,-9.966985962379405e-8,6.921212591075284e-5,6.006421261118159e-6,11.523022262655662,0.0
1122.5,11.522972471029028,11.522973621543347,-1.15051431848201e-6,-9.984527181459684e-8,6.920935304941062e-5,6.0062065776357844e-6,11.522972471029028,0.0
1125.0,11.522922853703063,11.522924006231364,-1.1525283003521736e-6,-1.0002048221487411e-7,6.920658251632908e-5,6.005992003503565e-6,11.522922853703063,0.0
1127.5,11.522873410268017,11.522874564807985,-1.1545399676293755e-6,-1.0019549174258623e-7,6.920381430372586e-5,6.00577753827083e-6,11.522873410268017,0.0
1130.0,11.522824140315153,11.522825296864463,-1.1565493096554746e-6,-1.0037029946582546e-7,6.92010484082294e-5,6.005563181869122e-6,11.522824140315153,0.0
1132.5,11.522775043436711,11.522776201993054,-1.1585563424176826e-6,-1.0054490676511018e-7,6.919828482709314e-5,6.005348934283672e-6,11.522775043436711,0.0
1135.0,11.522726119225943,11.522727279787013,-1.160561069468713e-6,-1.0071931394188821e-7,6.919552355388382e-5,6.005134795179193e-6,11.522726119225943,0.0
1137.5,11.522677367277087,11.522678529840581,-1.1625634943612795e-6,-1.0089352129764645e-7,6.919276458388032e-5,6.004920764368429e-6,11.522677367277087,0.0
1140.0,11.522628787185365,11.52262995174899,-1.1645636242008095e-6,-1.010675294422357e-7,6.919000791245016e-5,6.004706841671259e-6,11.522628787185365,0.0
1142.5,11.522580378546994,11.52258154510845,-1.1665614554345893e-6,-1.0124133806057194e-7,6.918725353573514e-5,6.004493026974199e-6,11.522580378546994,0.0
1145.0,11.522532140086737,11.522533308643744,-1.1685570076025442e-6,-1.0141494884940696e-7,6.918450144743126e-5,6.004279320405564e-6,11.522532140086737,0.0
1147.5,11.522484071187547,11.522485241737815,-1.1705502682701763e-6,-1.0158836072485325e-7,6.918175164467752e-5,6.004065722049413e-6,11.522484071187547,0.0
1150.0,11.522436171449074,11.522437343990328,-1.172541253424697e-6,-1.0176157506778682e-7,6.917900412557362e-5,6.003852231960213e-6,11.522436171449074,0.0
1152.5,11.522388440471948,11.522389615001913,-1.1745299648424634e-6,-1.0193459202581401e-7,6.917625888713287e-5,6.003638850097599e-6,11.522388440471948,0.0
1155.0,11.522340877857769,11.522342054374176,-1.1765164078525459e-6,-1.0210741205490907e-7,6.91735159201985e-5,6.003425575885169e-6,11.522340877857769,0.0
1157.5,11.522293483209113,11.522294661709697,-1.1785005842313012e-6,-1.0228003530275233e-7,6.917077522063517e-5,6.003212409181768e-6,11.522293483209113,0.0
1160.0,11.52224625612952,11.522247436612025,-1.1804825046368705e-6,-1.02452462687897e-7,6.916803678734621e-5,6.00299935010942e-6,11.52224625612952,0.0
1162.5,11.522199196223513,11.522200378685682,-1.1824621690692538e-6,-1.0262469420393415e-7,6.91653006158559e-5,6.0027863984963346e-6,11.522199196223513,0.0
1165.0,11.522152303096581,11.522153487536157,-1.1844395757520942e-6,-1.02796729690318e-7,6.916256669888736e-5,6.002573553927065e-6,11.522152303096581,0.0
1167.5,11.522105576355157,11.522106762769901,-1.186414744225317e-6,-1.029685708365659e-7,6.915983503160508e-5,6.002360816197515e-6,11.522105576355157,0.0
1170.0,11.52205901560666,11.522060203994325,-1.188387665607138e-6,-1.0314021686553277e-7,6.915710561226123e-5,6.0021481853710134e-6,11.52205901560666,0.0
1172.5,11.522012620459456,11.52201381081781,-1.1903583541084117e-6,-1.033116690043119e-7,6.915437843294043e-5,6.001935660975071e-6,11.522012620459456,0.0
1175.0,11.521966390522872,11.521967582849681,-1.1923268097291384e-6,-1.0348292724667721e-7,6.91516534911875e-5,6.001723243010551e-6,11.521966390522872,0.0
1177.5,11.521920325407192,11.521921519700225,-1.194293032469318e-6,-1.0365399158643381e-7,6.914893078254577e-5,6.001510931304067e-6,11.521920325407192,0.0
1180.0,11.521874424723647,11.521875620980683,-1.196257036539805e-6,-1.0382486325079849e-7,6.914621030109825e-5,6.001298725554955e-6,11.521874424723647,0.0
1182.5,11.521828688084424,11.521829886303244,-1.198218820164243e-6,-1.0399554207947994e-7,6.914349204436768e-5,6.001086625760551e-6,11.521828688084424,0.0
1185.0,11.521783115102656,11.521784315281046,-1.200178390448059e-6,-1.0416602868308424e-7,6.914077600479454e-5,6.000874631476563e-6,11.521783115102656,0.0
1187.5,11.521737705392418,11.52173890752817,-1.2021357527203236e-6,-1.0433632351808344e-7,6.913806218069534e-5,6.000662742768155e-6,11.521737705392418,0.0
1190.0,11.521692458568735,11.52169366265964,-1.20409090520468e-6,-1.0450642642428736e-7,6.91353505663787e-5,6.000450959352107e-6,11.521692458568735,0.0
1192.5,11.521647374247566,11.521648580291428,-1.2060438621119829e-6,-1.0467633862911421e-7,6.913264115734084e-5,6.000239281047744e-6,11.521647374247566,0.0
1195.0,11.521602452045821,11.521603660040437,-1.207994616336805e-6,-1.0484605950991728e-7,6.912993394997127e-5,6.000027707751389e-6,11.521602452045821,0.0
1197.5,11.521557691581329,11.52155890152451,-1.2099431820900008e-6,-1.0501559029419196e-7,6.912722894020547e-5,5.999816239319441e-6,11.521557691581329,0.0
1200.0,11.521513092472864,11.521514304362421,-1.2118895575952138e-6,-1.0518493082188615e-7,6.912452612285661e-5,5.999604875510358e-6,11.521513092472864,0.0
1202.5,11.52146865434013,11.521469868173883,-1.2138337535105848e-6,-1.0535408201222111e-7,6.912182549261357e-5,5.999393616071284e-6,11.52146865434013,0.0
1205.0,11.521424376803758,11.521425592579526,-1.215775768059757e-6,-1.0552304370521193e-7,6.911912704538257e-5,5.999182460854498e-6,11.521424376803758,0.0
1207.5,11.521380259485309,11.521381477200919,-1.2177156101245146e-6,-1.0569181666597586e-7,6.911643077621004e-5,5.998971409637134e-6,11.521380259485309,0.0
1210.0,11.521336302007267,11.52133752166055,-1.2196532832575713e-6,-1.0586040119713208e-7,6.911373668304164e-5,5.998760462447444e-6,11.521336302007267,0.0
1212.5,11.521292503993042,11.521293725581831,-1.221588789235284e-6,-1.060287974471533e-7,6.911104476096198e-5,5.9985496190648335e-6,11.521292503993042,0.0
1215.0,11.52124886506696,11.521250088589097,-1.2235221369394367e-6,-1.0619700618126746e-7,6.910835500435923e-5,5.998338879207743e-6,11.52124886506696,0.0
1217.5,11.521205384854266,11.52120661030759,-1.2254533245936727e-6,-1.0636502723965403e-7,6.910566740943906e-5,5.998128242751849e-6,11.521205384854266,0.0
1220.0,11.521162062981125,11.521163290363486,-1.2273823610797763e-6,-1.0653286138761149e-7,6.910298197284649e-5,5.997917709610444e-6,11.521162062981125,0.0
1222.5,11.52111889907461,11.521120128383858,-1.2293092481741041e-6,-1.0670050877374799e-7,6.910029868965562e-5,5.99770727955996e-6,11.52111889907461,0.0
1225.0,11.521075892762704,11.5210771239967,-1.2312339947584405e-6,-1.0686797016343548e-7,6.909761755382774e-5,5.997496952279726e-6,11.521075892762704,0.0
1227.5,11.521033043674308,11.521034276830907,-1.2331565990564286e-6,-1.0703524539698292e-7,6.909493856308734e-5,5.997286727775191e-6,11.521033043674308,0.0
1230.0,11.520990351439222,11.520991586516288,-1.2350770663971389e-6,-1.0720233493146281e-7,6.909226171286669e-5,5.997076605852341e-6,11.520990351439222,0.0
1232.5,11.52094781568815,11.520949052683557,-1.2369954074387124e-6,-1.0736923968653757e-7,6.908958699804766e-5,5.996866586268877e-6,11.52094781568815,0.0
1235.0,11.5209054360527,11.520906674964325,-1.238911623957506e-6,-1.0753595981098362e-7,6.908691441383455e-5,5.9966566688099774e-6,11.5209054360527,0.0
1237.5,11.520863212165388,11.520864452991102,-1.2408257141771628e-6,-1.0770249514523532e-7,6.908424395782602e-5,5.996446853468143e-6,11.520863212165388,0.0
1240.0,11.520821143659617,11.520822386397302,-1.2427376852031102e-6,-1.0786884630068579e-7,6.908157562509763e-5,5.996237140016367e-6,11.520821143659617,0.0
1242.5,11.520779230061972,11.520780474709518,-1.2446475459171324e-6,-1.0803501404396213e-7,6.907890941024223e-5,5.9960275282413025e-6,11.520779230061972,0.0
1245.0,11.520737470130465,11.520738716685761,-1.2465552963192295e-6,-1.0820099837802424e-7,6.907624530457254e-5,5.995818018044838e-6,11.520737470130465,0.0
1247.5,11.520695863505466,11.520697111966411,-1.2484609452911855e-6,-1.083668000685602e-7,6.907358330814318e-5,5.995608609628358e-6,11.520695863505466,0.0
1250.0,11.520654409828438,11.520655660192931,-1.2503644928330004e-6,-1.0853241911034987e-7,6.907092341627365e-5,5.995399302781641e-6,11.520654409828438,0.0
1252.5,11.52061310874164,11.520614361007588,-1.2522659478264586e-6,-1.0869785626914778e-7,6.906826562543838e-5,5.995190097394259e-6,11.52061310874164,0.0
1255.0,11.520571959893973,11.520573214059283,-1.25416531027156e-6,-1.0886311153974185e-7,6.906560993067013e-5,5.994980993227159e-6,11.520571959893973,0.0
1257.5,11.5205309627533,11.520532218815887,-1.2560625872737319e-6,-1.0902818553542992e-7,6.906295632682135e-5,5.9947719901197976e-6,11.5205309627533,0.0
1260.0,11.520490115915084,11.520491373872868,-1.2579577841620448e-6,-1.0919307872364109e-7,6.906030481012983e-5,5.99456308848578e-6,11.520490115915084,0.0
1262.5,11.520449419024839,11.520450678875742,-1.2598509027128557e-6,-1.0935779125355485e-7,6.90576553788607e-5,5.9943542883682196e-6,11.520449419024839,0.0
1265.0,11.520408871728925,11.52041013347087,-1.2617419447025213e-6,-1.0952232327437918e-7,6.905500803242154e-5,5.994145589908921e-6,11.520408871728925,0.0
1267.5,11.52036847367455,11.520369737305463,-1.2636309136837554e-6,-1.0968667508954305e-7,6.905236276559449e-5,5.993936992847718e-6,11.52036847367455,0.0
1270.0,11.520328224509775,11.520329490027597,-1.2655178220910557e-6,-1.0985084777347194e-7,6.904971957116865e-5,5.9937284967509615e-6,11.520328224509775,0.0
1272.5,11.52028812388353,11.520289391286198,-1.2674026681480655e-6,-1.1001484116708182e-7,6.904707844550266e-5,5.993520101494358e-6,11.52028812388353,0.0
1275.0,11.520248171445587,11.520249440731043,-1.2692854554074984e-6,-1.1017865557389512e-7,6.904443938868739e-5,5.993311807277112e-6,11.520248171445587,0.0
1277.5,11.520208366846575,11.520209638012766,-1.2711661909747818e-6,-1.1034229160585382e-7,6.904180239241172e-5,5.993103613568625e-6,11.520208366846575,0.0
1280.0,11.520168707298627,11.520169980343503,-1.2730448766262725e-6,-1.1050574943574674e-7,6.903916745061628e-5,5.992895521302251e-6,11.520168707298627,0.0
1282.5,11.520129192395641,11.520130467317163,-1.2749215212437548e-6,-1.106690298304399e-7,6.903653456616886e-5,5.992687530947083e-6,11.520129192395641,0.0
1285.0,11.520089821799095,11.52009109859522,-1.2767961248272286e-6,-1.1083213278521391e-7,6.90339037398451e-5,5.992479642755429e-6,11.520089821799095,0.0
1287.5,11.520050595171178,11.520051873839869,-1.2786686909294076e-6,-1.1099505860376889e-7,6.903127496734109e-5,5.99227185653826e-6,11.520050595171178,0.0
1290.0,11.520011512174904,11.520012792714134,-1.2805392302084329e-6,-1.1115780820662351e-7,6.902864823770287e-5,5.992064171528828e-6,11.520011512174904,0.0
1292.5,11.519972572474117,11.519973854881854,-1.2824077373352338e-6,-1.1132038112655109e-7,6.902602354922072e-5,5.991856587762358e-6,11.519972572474117,0.0
1295.0,11.51993377573345,11.519935060007674,-1.2842742229679516e-6,-1.1148277828412989e-7,6.902340090225418e-5,5.991649105453264e-6,11.51993377573345,0.0
1297.5,11.519895121618378,11.519896407757066,-1.286138688882943e-6,-1.1164499982897927e-7,6.902078029043937e-5,5.991441724231857e-6,11.519895121618378,0.0
1300.0,11.519856609795163,11.519857897796303,-1.2880011404092784e-6,-1.1180704621914393e-7,6.90181617073399e-5,5.991234443721703e-6,11.519856609795163,0.0
1302.5,11.51981823993088,11.519819529792459,-1.2898615793233148e-6,-1.1196891760429843e-7,6.901554515091927e-5,5.991027263927853e-6,11.51981823993088,0.0
1305.0,11.519780011693406,11.519781303413417,-1.2917200109541227e-6,-1.1213061444254438e-7,6.90129306197906e-5,5.990820184911301e-6,11.519780011693406,0.0
1307.5,11.519741924751434,11.519743218327871,-1.293576437078059e-6,-1.1229213688361086e-7,6.901031810533422e-5,5.990613206104726e-6,11.519741924751434,0.0
1310.0,11.519703978774448,11.519705274205311,-1.295430863024194e-6,-1.1245348538565585e-7,6.900770760497056e-5,5.990406327464685e-6,11.519703978774448,0.0
1312.5,11.519666173432721,11.51966747071602,-1.297283297674312e-6,-1.1261466071527117e-7,6.900509911748749e-5,5.9901995490659955e-6,11.519666173432721,0.0
1315.0,11.519628508397346,11.519629807531086,-1.2991337392520563e-6,-1.1277566271386617e-7,6.900249263682351e-5,5.9899928705620555e-6,11.519628508397346,0.0
1317.5,11.519590983340203,11.519592284322389,-1.30098218598107e-6,-1.1293649122287145e-7,6.899988815892661e-5,5.989786291780257e-6,11.519590983340203,0.0
1320.0,11.51955359793395,11.519554900762609,-1.302828659177635e-6,-1.1309714808838595e-7,6.899728567810901e-5,5.989579812405559e-6,11.51955359793395,0.0
1322.5,11.519516351852058,11.519517656525203,-1.3046731446308968e-6,-1.13257632072473e-7,6.899468519364382e-5,5.989373432553108e-6,11.519516351852058,0.0
1325.0,11.519479244768773,11.519480551284431,-1.3065156583280668e-6,-1.1341794455868149e-7,6.899208670142709e-5,5.989167152044463e-6,11.519479244768773,0.0
1327.5,11.519442270058526,11.519443578414789,-1.3083562624416345e-6,-1.1357809100205571e-7,6.898949011282447e-5,5.988960966638358e-6,11.519442270058526,0.0
1330.0,11.519405427370344,11.519406737565298,-1.3101949534188861e-6,-1.1373807109053008e-7,6.898689545230198e-5,5.988754878649179e-6,11.519405427370344,0.0
1332.5,11.519368716406595,11.519370028438335,-1.312031740141606e-6,-1.1389788559098117e-7,6.898430271253557e-5,5.988548887603873e-6,11.519368716406595,0.0
1335.0,11.519332136869924,11.51933345073655,-1.3138666261625076e-6,-1.1405753480770079e-7,6.898171188903323e-5,5.98834299327506e-6,11.519332136869924,0.0
1337.5,11.519295688463727,11.519297004163338,-1.315699611481591e-6,-1.142170187365908e-7,6.897912297815555e-5,5.988137195508953e-6,11.519295688463727,0.0
1340.0,11.51925937089216,11.519260688422868,-1.3175307085333543e-6,-1.1437633845302611e-7,6.89765359741296e-5,5.987931493966128e-6,11.51925937089216,0.0
1342.5,11.519223183859982,11.519224503219894,-1.3193599119887267e-6,-1.1453549349033636e-7,6.897395087611284e-5,5.9877258887348275e-6,11.519223183859982,0.0
1345.0,11.519187127072723,11.519188448259953,-1.3211872307294925e-6,-1.1469448461553338e-7,6.897136768048969e-5,5.987520379662139e-6,11.519187127072723,0.0
1347.5,11.519151200236555,11.519152523249222,-1.3230126665320086e-6,-1.1485331197882352e-7,6.89687863824132e-5,5.987314966487884e-6,11.519151200236555,0.0
1350.0,11.519115403058358,11.519116727894575,-1.324836217619918e-6,-1.1501197542201636e-7,6.89662069779136e-5,5.987109649027639e-6,11.519115403058358,0.0
1352.5,11.51907973524569,11.519081061903588,-1.3266578982040755e-6,-1.1517047617482954e-7,6.896362946589638e-5,5.986904427346206e-6,11.51907973524569,0.0
1355.0,11.519044196506801,11.519045524984502,-1.3284777011790538e-6,-1.1532881361649088e-7,6.896105384177231e-5,5.986699301204612e-6,11.519044196506801,0.0
1357.5,11.51900878655023,11.519010116845871,-1.3302956407557076e-6,-1.1548698897677558e-7,6.895848010082934e-5,5.986494270353046e-6,11.51900878655023,0.0
1360.0,11.518973505084794,11.518974837196502,-1.3321117080522527e-6,-1.1564500148075014e-7,6.895590824252696e-5,5.986289334903662e-6,11.518973505084794,0.0
1362.5,11.518938351820767,11.518939685746686,-1.3339259190559005e-6,-1.1580285251244969e-7,6.895333825960503e-5,5.986084494384482e-6,11.518938351820767,0.0
1365.0,11.518903326469118,11.518904662207387,-1.3357382684375807e-6,-1.1596054160539809e-7,6.895077014913107e-5,5.985879748698829e-6,11.518903326469118,0.0
1367.5,11.518868428741484,11.51886976629025,-1.3375487650790774e-6,-1.1611806952683579e-7,6.89482039096685e-5,5.985675097879521e-6,11.518868428741484,0.0
1370.0,11.518833658350193,11.5188349977076,-1.3393574072040337e-6,-1.1627543611875248e-7,6.894563953690677e-5,5.985470541709484e-6,11.518833658350193,0.0
1372.5,11.518799015008232,11.518800356172438,-1.3411642054705908e-6,-1.1643264230265175e-7,6.89430770271186e-5,5.9852660800219135e-6,11.518799015008232,0.0
1375.0,11.518764498429276,11.51876584139843,-1.342969154549678e-6,-1.1658968761214002e-7,6.894051637573986e-5,5.985061712576965e-6,11.518764498429276,0.0
1377.5,11.51873010832765,11.518731453099914,-1.3447722633230796e-6,-1.1674657281455487e-7,6.89379575817268e-5,5.984857439440047e-6,11.51873010832765,0.0
1380.0,11.518695844418367,11.518697190991901,-1.3465735335671525e-6,-1.1690329806040185e-7,6.893540064093863e-5,5.9846532604073194e-6,11.518695844418367,0.0
1382.5,11.51866170641709,11.518663054790064,-1.3483729741636807e-6,-1.1705986411706987e-7,6.893284555082056e-5,5.984449175412263e-6,11.51866170641709,0.0
1385.0,11.518627694040166,11.518629044210744,-1.350170578007237e-6,-1.1721627036403187e-7,6.893029230522925e-5,5.984245184076429e-6,11.518627694040166,0.0
1387.5,11.518593807004587,11.518595158970946,-1.3519663593086761e-6,-1.173725180313703e-7,6.892774090149194e-5,5.984041286322312e-6,11.518593807004587,0.0
1390.0,11.518560045028023,11.518561398788336,-1.3537603127389275e-6,-1.1752860665281482e-7,6.892519133638864e-5,5.983837482024512e-6,11.518560045028023,0.0
1392.5,11.518526407828793,11.51852776338124,-1.3555524471797753e-6,-1.1768453699584762e-7,6.892264360674635e-5,5.98363377106135e-6,11.518526407828793,0.0
1395.0,11.518492895125885,11.518494252468649,-1.3573427644075764e-6,-1.1784030921110726e-7,6.892009770850768e-5,5.983430153233988e-6,11.518492895125885,0.0
1397.5,11.518459506638933,11.518460865770201,-1.3591312679750445e-6,-1.1799592360347122e-7,6.891755363959392e-5,5.983226628515009e-6,11.518459506638933,0.0
1400.0,11.518426242088236,11.518427603006199,-1.36091796321125e-6,-1.1815138063205778e-7,6.891501139639378e-5,5.98302319674357e-6,11.518426242088236,0.0
1402.5,11.518393101194746,11.518394463897593,-1.3627028465634794e-6,-1.1830667998491325e-7,6.891247097567287e-5,5.9828198577911805e-6,11.518393101194746,0.0
1405.0,11.518360083680063,11.518361448165994,-1.3644859304662305e-6,-1.1846182273807535e-7,6.890993237326243e-5,5.982616611447871e-6,11.518360083680063,0.0
1407.5,11.518327189266445,11.518328555533657,-1.3662672113667895e-6,-1.1861680857963207e-7,6.890739558554586e-5,5.9824134575512335e-6,11.518327189266445,0.0
1410.0,11.518294417676795,11.518295785723492,-1.368046696370584e-6,-1.1877163812300909e-7,6.890486061067883e-5,5.98221039609237e-6,11.518294417676795,0.0
1412.5,11.518261768634662,11.518263138459051,-1.3698243890303274e-6,-1.1892631167321543e-7,6.890232744291149e-5,5.982007426722943e-6,11.518261768634662,0.0
1415.0,11.518229241864246,11.518230613464539,-1.3716002928987336e-6,-1.1908082953528174e-7,6.889979608081213e-5,5.981804549469149e-6,11.518229241864246,0.0
1417.5,11.518196837090391,11.518198210464798,-1.3733744061994457e-6,-1.1923519155159476e-7,6.889726652145791e-5,5.981601764227363e-6,11.518196837090391,0.0
1420.0,11.518164554038583,11.51816592918532,-1.375146737814248e-6,-1.1938939848989082e-7,6.889473875987258e-5,5.9813990707153255e-6,11.518164554038583,0.0
1422.5,11.518132392434948,11.518133769352238,-1.376917289519497e-6,-1.195434505010421e-7,6.889221279353258e-5,5.9811964688633586e-6,11.518132392434948,0.0
1425.0,11.518100352006254,11.518101730692319,-1.3786860648679067e-6,-1.1969734789016345e-7,6.888968862017591e-5,5.980993958624133e-6,11.518100352006254,0.0
1427.5,11.518068432479913,11.518069812932975,-1.3804530620831201e-6,-1.1985109049972018e-7,6.888716623515705e-5,5.9807915397430235e-6,11.518068432479913,0.0
1430.0,11.51803663358396,11.518038015802254,-1.3822182935996352e-6,-1.200046794059851e-7,6.88846456344203e-5,5.980589212016259e-6,11.51803663358396,0.0
1432.5,11.518004955047084,11.518006339028837,-1.3839817523120246e-6,-1.201581139887925e-7,6.888212681631042e-5,5.980386975448114e-6,11.518004955047084,0.0
1435.0,11.517973396598592,11.517974782342042,-1.385743450654786e-6,-1.2031139532445997e-7,6.887960977694605e-5,5.980184829849242e-6,11.517973396598592,0.0
1437.5,11.51794195796843,11.517943345471817,-1.387503386851563e-6,-1.204645232555326e-7,6.88770945144486e-5,5.979982775203823e-6,11.51794195796843,0.0
1440.0,11.517910638887175,11.517912028148743,-1.3892615680077824e-6,-1.2061749839569936e-7,6.887458102330288e-5,5.979780811179946e-6,11.517910638887175,0.0
1442.5,11.517879439086032,11.517880830104026,-1.3910179941234446e-6,-1.2077032074176884e-7,6.887206930332895e-5,5.979578937908564e-6,11.517879439086032,0.0
1445.0,11.517848358296833,11.517849751069509,-1.3927726758566905e-6,-1.2092299121592556e-7,6.886955934724873e-5,5.979377154904009e-6,11.517848358296833,0.0
1447.5,11.517817396252045,11.517818790777646,-1.3945256007730222e-6,-1.2107550873543176e-7,6.886705115333805e-5,5.979175462162452e-6,11.517817396252045,0.0
1450.0,11.517786552684747,11.517787948961534,-1.3962767866360082e-6,-1.2122787483941886e-7,6.886454472006063e-5,5.978973859696037e-6,11.517786552684747,0.0
1452.5,11.517755827397114,11.51775722542334,-1.398026226340221e-6,-1.2138008890714255e-7,6.88620400426694e-5,5.978772347202247e-6,11.517755827397114,0.0
1455.0,11.517725220141457,11.517726619915388,-1.3997739305438017e-6,-1.215321518606788e-7,6.885953711836084e-5,5.978570924573171e-6,11.517725220141457,0.0
1457.5,11.51769473065332,11.51769613217322,-1.4015199010231072e-6,-1.2168406385117037e-7,6.885703594267086e-5,5.978369591565401e-6,11.51769473065332,0.0
1460.0,11.517664358668858,11.517665761932998,-1.4032641395544942e-6,-1.2183582502977843e-7,6.885453651259409e-5,5.978168348061836e-6,11.517664358668858,0.0
1462.5,11.517634103924859,11.517635508931507,-1.4050066479143197e-6,-1.2198743554768217e-7,6.885203882693231e-5,5.977967194101923e-6,11.517634103924859,0.0
1465.0,11.517603966158719,11.517605372906148,-1.4067474296552973e-6,-1.2213889571030867e-7,6.884954288304042e-5,5.97776612959915e-6,11.517603966158719,0.0
1467.5,11.517573945108449,11.517575353594943,-1.4084864936592112e-6,-1.222902062857951e-7,6.884704867486018e-5,5.977565154170314e-6,11.517573945108449,0.0
1470.0,11.517544040512684,11.51754545073652,-1.4102238363733477e-6,-1.2244136696268922e-7,6.884455619924041e-5,5.977364267684269e-6,11.517544040512684,0.0
1472.5,11.517514252110665,11.517515664070128,-1.4119594631267773e-6,-1.2259237820070645e-7,6.884206545480563e-5,5.9771634701636976e-6,11.517514252110665,0.0
1475.0,11.51748457964225,11.51748599333563,-1.4136933792485706e-6,-1.2274324045958324e-7,6.883957643773156e-5,5.976962761418328e-6,11.51748457964225,0.0
1477.5,11.517455022847905,11.517456438273488,-1.4154255829623708e-6,-1.2289395358215e-7,6.883708914602024e-5,5.976762141416116e-6,11.517455022847905,0.0
1480.0,11.517425581468707,11.517426998624785,-1.4171560778208914e-6,-1.2304451787394792e-7,6.883460357559945e-5,5.976561609944575e-6,11.517425581468707,0.0
1482.5,11.517396255246336,11.51739767413121,-1.4188848744822735e-6,-1.231949342574674e-7,6.883211972085285e-5,5.976361166656817e-6,11.517396255246336,0.0
1485.0,11.517367043923086,11.517368464535053,-1.4206119676174467e-6,-1.2334520226712798e-7,6.88296375825223e-5,5.976160811757659e-6,11.517367043923086,0.0
1487.5,11.517337947241845,11.517339369579213,-1.422337367884552e-6,-1.2349532282545996e-7,6.882715715658797e-5,5.975960545038152e-6,11.517337947241845,0.0
1490.0,11.517308964946116,11.517310389007186,-1.4240610699545186e-6,-1.2364529546691561e-7,6.882467843914941e-5,5.9757603662993694e-6,11.517308964946116,0.0
1492.5,11.517280096779997,11.517281522563081,-1.425783084485488e-6,-1.2379512111406484e-7,6.882220142691084e-5,5.975560275394549e-6,11.517280096779997,0.0
1495.0,11.517251342488187,11.517252769991597,-1.427503409701103e-6,-1.2394479960986118e-7,6.881972611751378e-5,5.975360272257979e-6,11.517251342488187,0.0
1497.5,11.517222699502177,11.517224128724232,-1.429222054483148e-6,-1.2409433174761178e-7,6.881725249511088e-5,5.975160356852825e-6,11.517222699502177,0.0
1500.0,11.517194167376992,11.517195598316015,-1.4309390223843366e-6,-1.2424371783515992e-7,6.881478056341594e-5,5.974960529738843e-6,11.517194167376992,0.0
1502.5,11.5171657452567,11.51716717791102,-1.4326543205100961e-6,-1.243929584932933e-7,6.881231031790392e-5,5.974760790973596e-6,11.5171657452567,0.0
1505.0,11.517137432495039,11.517138866862988,-1.4343679488604266e-6,-1.245420537236473e-7,6.880984175547934e-5,5.97456114062994e-6,11.517137432495039,0.0
1507.5,11.517109228855881,11.517110664935796,-1.4360799145407555e-6,-1.2469100414040413e-7,6.880737487119843e-5,5.97436157840745e-6,11.517109228855881,0.0
1510.0,11.517081134103703,11.51708257189392,-1.4377902157747258e-6,-1.248398095865823e-7,6.880490966331409e-5,5.974162104282919e-6,11.517081134103703,0.0
1512.5,11.51705314800345,11.517054587502308,-1.439498857891408e-6,-1.249884705221625e-7,6.880244613152405e-5,5.97396271835833e-6,11.51705314800345,0.0
1515.0,11.517025270320634,11.517026711526478,-1.441205844443516e-6,-1.2513698725290656e-7,6.87999842695223e-5,5.9737634202140556e-6,11.517025270320634,0.0
1517.5,11.516997500821269,11.516998943732446,-1.4429111772074066e-6,-1.252853599303563e-7,6.879752407469465e-5,5.97356420975074e-6,11.516997500821269,0.0
1520.0,11.516969839271894,11.51697128388675,-1.4446148561830796e-6,-1.2543358855183114e-7,6.879506554592213e-5,5.973365086998559e-6,11.516969839271894,0.0
1522.5,11.516942285591346,11.516943731908238,-1.4463168920286762e-6,-1.2558167403844153e-7,6.879260868216216e-5,5.973166051915311e-6,11.516942285591346,0.0
1525.0,11.516914839570433,11.51691628758771,-1.448017277638769e-6,-1.257296157703271e-7,6.879015347802465e-5,5.9729671041476975e-6,11.516914839570433,0.0
1527.5,11.516887500978257,11.516888950694286,-1.4497160290005695e-6,-1.2587741513298876e-7,6.878769992866016e-5,5.972768243400594e-6,11.516887500978257,0.0
1530.0,11.516860269584468,11.516861720997607,-1.4514131390086504e-6,-1.2602507150683853e-7,6.878524803246943e-5,5.972569469660781e-6,11.516860269584468,0.0
1532.5,11.516833145159236,11.516834598267847,-1.4531086112157254e-6,-1.2617258519773704e-7,6.878279778979348e-5,5.972370783083222e-6,11.516833145159236,0.0
1535.0,11.516806127473249,11.5168075822757,-1.454802450950865e-6,-1.263199566658021e-7,6.8780349193913e-5,5.972172183209547e-6,11.516806127473249,0.0
1537.5,11.516779216297717,11.51678067279238,-1.4564946635431397e-6,-1.2646718637116992e-7,6.877790224205645e-5,5.971973669923872e-6,11.516779216297717,0.0
1540.0,11.516752411404374,11.516753869589618,-1.458185243663479e-6,-1.26614273848548e-7,6.877545693198834e-5,5.9717752431565675e-6,11.516752411404374,0.0
1542.5,11.516725712565458,11.51672717243966,-1.459874201970024e-6,-1.2676122002082686e-7,6.877301326220194e-5,5.971576902900999e-6,11.516725712565458,0.0
1545.0,11.516699119553738,11.516700581115277,-1.4615615384627745e-6,-1.269080248854681e-7,6.87705712276018e-5,5.971378648838626e-6,11.516699119553738,0.0
1547.5,11.516672632142495,11.516674095389755,-1.463247260247158e-6,-1.270546890569159e-7,6.876813082424097e-5,5.971180480750346e-6,11.516672632142495,0.0
1550.0,11.516646250105522,11.516647715036882,-1.4649313602177472e-6,-1.272012119156933e-7,6.876569205297508e-5,5.970982398833776e-6,11.516646250105522,0.0
1552.5,11.516619973217123,11.516621439830974,-1.4666138508090398e-6,-1.273475945390032e-7,6.876325490946553e-5,5.970784402835234e-6,11.516619973217123,0.0
1555.0,11.516593801252121,11.516595269546853,-1.468294732021036e-6,-1.2749383692436894e-7,6.876081939132729e-5,5.9705864926703755e-6,11.516593801252121,0.0
1557.5,11.516567733985847,11.516569203959852,-1.4699740056300925e-6,-1.2763993922357102e-7,6.875838549327403e-5,5.970388668002647e-6,11.516567733985847,0.0
1560.0,11.516541771194136,11.516543242845813,-1.4716516769652799e-6,-1.2778590189689263e-7,6.87559532149323e-5,5.970190928921806e-6,11.516541771194136,0.0
1562.5,11.516515912653341,11.51651738598109,-1.473327747802955e-6,-1.2793172509614572e-7,6.87535225526459e-5,5.969993275232272e-6,11.516515912653341,0.0
1565.0,11.516490158140321,11.51649163314254,-1.4750022181431177e-6,-1.280774088189123e-7,6.875109350234772e-5,5.969795706702502e-6,11.516490158140321,0.0
1567.5,11.516464507432433,11.51646598410753,-1.4766750968675524e-6,-1.282229538340125e-7,6.874866606416079e-5,5.969598223464515e-6,11.516464507432433,0.0
1570.0,11.51643896030755,11.516440438653927,-1.4783463768708316e-6,-1.283683595220785e-7,6.874624023235763e-5,5.969400825142023e-6,11.51643896030755,0.0
1572.5,11.51641351654404,11.516414996560112,-1.48001607236381e-6,-1.285136271146981e-7,6.87438160050961e-5,5.9692035116958385e-6,11.51641351654404,0.0
1575.0,11.516388175920781,11.516389657604957,-1.4816841762410604e-6,-1.2865875599253095e-7,6.874139337967994e-5,5.969006283012321e-6,11.516388175920781,0.0
1577.5,11.516362938217146,11.516364421567847,-1.4833507009370805e-6,-1.28803747232954e-7,6.873897235342924e-5,5.968809138978973e-6,11.516362938217146,0.0
1580.0,11.516337803213014,11.516339288228654,-1.485015639346443e-6,-1.2894860021665303e-7,6.87365529226896e-5,5.968612079398397e-6,11.516337803213014,0.0
1582.5,11.516312770688758,11.516314257367762,-1.486679003903646e-6,-1.2909331602103856e-7,6.873413508490823e-5,5.968415104168575e-6,11.516312770688758,0.0
1585.0,11.516287840425257,11.516289328766048,-1.4883407910559754e-6,-1.29237894335317e-7,6.873171883901602e-5,5.968218213316037e-6,11.516287840425257,0.0
1587.5,11.516263012203883,11.516264502204887,-1.4900010043561451e-6,-1.2938233546569563e-7,6.872930417961169e-5,5.96802140649086e-6,11.516263012203883,0.0
1590.0,11.516238285806498,11.516239777466145,-1.4916596473568688e-6,-1.2952663971839705e-7,6.872689110537689e-5,5.967824683697386e-6,11.516238285806498,0.0
1592.5,11.51621366101547,11.516215154332194,-1.4933167236108602e-6,-1.2967080739965911e-7,6.872447961504806e-5,5.967628044944428e-6,11.51621366101547,0.0
1595.0,11.516189137613654,11.51619063258589,-1.494972234894476e-6,-1.2981483866148617e-7,6.872206970445226e-5,5.967431489987895e-6,11.516189137613654,0.0
1597.5,11.516164715384399,11.516166212010583,-1.49662618476043e-6,-1.2995873381014542e-7,6.871966137139236e-5,5.967235018754988e-6,11.516164715384399,0.0
1600.0,11.516140394111545,11.51614189239012,-1.498278574985079e-6,-1.3010249299766976e-7,6.871725461078794e-5,5.967038630922264e-6,11.516140394111545,0.0
1602.5,11.516116173579425,11.516117673508832,-1.49992940734478e-6,-1.302461163761058e-7,6.871484942149308e-5,5.966842326507655e-6,11.516116173579425,0.0
1605.0,11.516092053572851,11.516093555151542,-1.5015786907213169e-6,-1.3038960471451373e-7,6.871244580066525e-5,5.9666461053814965e-6,11.516092053572851,0.0
1607.5,11.516068033877142,11.516069537103562,-1.5032264197856193e-6,-1.3053295754797002e-7,6.871004374612671e-5,5.966449967471574e-6,11.516068033877142,0.0
1610.0,11.516044114278088,11.516045619150686,-1.504872598090401e-6,-1.3067617518281255e-7,6.870764325358162e-5,5.9662539125214805e-6,11.516044114278088,0.0
1612.5,11.516020294561969,11.516021801079205,-1.5065172362938029e-6,-1.3081925854239785e-7,6.870524432133252e-5,5.9660579405001685e-6,11.516020294561969,0.0
1615.0,11.515996574515553,11.51599808267588,-1.5081603272903976e-6,-1.309622070075895e-7,6.87028469476923e-5,5.965862051377211e-6,11.515996574515553,0.0
1617.5,11.51597295392609,11.515974463727968,-1.5098018781856126e-6,-1.3110502119327074e-7,6.870045112773897e-5,5.965666244841017e-6,11.51597295392609,0.0
1620.0,11.515949432581309,11.515950944023203,-1.5114418943085184e-6,-1.312477015600899e-7,6.869805686168964e-5,5.9654705210259785e-6,11.515949432581309,0.0
1622.5,11.515926010269423,11.515927523349802,-1.5130803792118286e-6,-1.3139024841445895e-7,6.869566414428437e-5,5.965274879590616e-6,11.515926010269423,0.0
1625.0,11.51590268677913,11.515904201496458,-1.5147173275664727e-6,-1.3153266129154155e-7,6.869327297309969e-5,5.965079320439485e-6,11.51590268677913,0.0
1627.5,11.515879461899601,11.515880978252351,-1.5163527500305918e-6,-1.3167494111478497e-7,6.869088334662612e-5,5.964883843556245e-6,11.515879461899601,0.0
1630.0,11.515856335420489,11.51585785340713,-1.5179866412751153e-6,-1.3181708741937755e-7,6.868849526059704e-5,5.964688448684867e-6,11.515856335420489,0.0
1632.5,11.515833307131922,11.515834826750936,-1.5196190137345411e-6,-1.3195910128304992e-7,6.86861087139877e-5,5.964493135850568e-6,11.515833307131922,0.0
1635.0,11.515810376824504,11.515811898074364,-1.5212498603034419e-6,-1.3210098208676202e-7,6.868372370348456e-5,5.964297904879549e-6,11.515810376824504,0.0
1637.5,11.515787544289314,11.515789067168505,-1.5228791916399587e-6,-1.3224273075402084e-7,6.868134022606919e-5,5.9641027556233715e-6,11.515787544289314,0.0
1640.0,11.515764809317906,11.51576633382491,-1.5245070041913777e-6,-1.3238434697431758e-7,6.86789582803716e-5,5.963907688076476e-6,11.515764809317906,0.0
1642.5,11.515742171702303,11.515743697835612,-1.5261333086158402e-6,-1.3252583167118973e-7,6.86765778630516e-5,5.9637127020619595e-6,11.515742171702303,0.0
1645.0,11.515719631235008,11.515721158993106,-1.5277580978079186e-6,-1.3266718422564387e-7,6.867419897160955e-5,5.963517797475637e-6,11.515719631235008,0.0
1647.5,11.515697187708987,11.515698717090368,-1.5293813806493972e-6,-1.3280840540699064e-7,6.867182160367728e-5,5.963322974224484e-6,11.515697187708987,0.0
1650.0,11.515674840917676,11.515676371920835,-1.5310031589166329e-6,-1.3294949536753578e-7,6.866944575453092e-5,5.963128232010648e-6,11.515674840917676,0.0
1652.5,11.515652590654982,11.515654123278416,-1.5326234343859824e-6,-1.330904542595975e-7,6.866707142352761e-5,5.962933570890402e-6,11.515652590654982,0.0
1655.0,11.515630436715279,11.515631970957491,-1.5342422123865163e-6,-1.3323128254401882e-7,6.866469860745192e-5,5.962738990696358e-6,11.515630436715279,0.0
1657.5,11.51560837889341,11.515609914752899,-1.5358594893655209e-6,-1.3337197991037528e-7,6.866232730371705e-5,5.9625444913154594e-6,11.51560837889341,0.0
1660.0,11.515586416984677,11.515587954459948,-1.5374752706520667e-6,-1.3351254681953488e-7,6.865995751085323e-5,5.9623500727313935e-6,11.515586416984677,0.0
1662.5,11.51556455078485,11.515566089874408,-1.5390895580225106e-6,-1.3365298342386635e-7,6.865758922378111e-5,5.962155734614133e-6,11.51556455078485,0.0
1665.0,11.515542780090158,11.515544320792522,-1.5407023639113504e-6,-1.3379329080129455e-7,6.865522244165239e-5,5.9619614770008154e-6,11.515542780090158,0.0
1667.5,11.515521104697305,11.515522647010979,-1.5423136741077315e-6,-1.3393346771589913e-7,6.865285716259589e-5,5.961767299839488e-6,11.515521104697305,0.0
1670.0,11.515499524403435,11.515501068326937,-1.5439235028225085e-6,-1.3407351539988815e-7,6.865049338317079e-5,5.961573202941646e-6,11.515499524403435,0.0
1672.5,11.515478039006172,11.51547958453802,-1.5455318482793245e-6,-1.3421343369716587e-7,6.864813109965606e-5,5.961379186094183e-6,11.515478039006172,0.0
1675.0,11.515456648303584,11.515458195442303,-1.547138719359964e-6,-1.3435322337719738e-7,6.864577031024877e-5,5.961185249250313e-6,11.515456648303584,0.0
1677.5,11.515435352094208,11.515436900838319,-1.5487441107353561e-6,-1.3449288397539395e-7,6.864341101380353e-5,5.9609913924200854e-6,11.515435352094208,0.0
1680.0,11.515414150177033,11.515415700525061,-1.5503480277345716e-6,-1.3463241595272864e-7,6.864105320539709e-5,5.960797615285233e-6,11.515414150177033,0.0
1682.5,11.515393042351501,11.515394594301974,-1.5519504721339672e-6,-1.3477181946166998e-7,6.863869688527487e-5,5.960603917976082e-6,11.515393042351501,0.0
1685.0,11.515372028417515,11.515373581968966,-1.5535514510389703e-6,-1.3491109511747707e-7,6.863634204849069e-5,5.960410300171861e-6,11.515372028417515,0.0
1687.5,11.515351108175427,11.515352663326386,-1.5551509591205104e-6,-1.3505024245560493e-7,6.863398869356576e-5,5.9602167618526575e-6,11.515351108175427,0.0
1690.0,11.51533028142604,11.515331838175044,-1.5567490034840148e-6,-1.3518926209133702e-7,6.863163681855313e-5,5.960023302957655e-6,11.51533028142604,0.0
1692.5,11.515309547970617,11.515311106316204,-1.5583455876821972e-6,-1.3532815433145086e-7,6.862928641972649e-5,5.959829923271257e-6,11.515309547970617,0.0
1695.0,11.515288907610863,11.515290467551573,-1.5599407099387008e-6,-1.3546691901995448e-7,6.862693749586526e-5,5.95963662279522e-6,11.515288907610863,0.0
1697.5,11.515268360148935,11.515269921683315,-1.5615343791353098e-6,-1.356055569264313e-7,6.862459004295411e-5,5.9594434012883515e-6,11.515268360148935,0.0
1700.0,11.515247905387442,11.515249468514035,-1.5631265934956673e-6,-1.3574406789491297e-7,6.86222440583167e-5,5.959250258625486e-6,11.515247905387442,0.0
1702.5,11.515227543129434,11.515229107846787,-1.5647173530197733e-6,-1.3588245192370192e-7,6.861989954180696e-5,5.959057194900942e-6,11.515227543129434,0.0
1705.0,11.515207273178412,11.51520883948508,-1.566306668365769e-6,-1.3602070993668178e-7,6.861755648779805e-5,5.958864209732833e-6,11.515207273178412,0.0
1707.5,11.515187095338323,11.515188663232859,-1.5678945359809404e-6,-1.361588416236562e-7,6.861521489796172e-5,5.958671303372841e-6,11.515187095338323,0.0
1710.0,11.51516700941356,11.515168578894519,-1.5694809594180015e-6,-1.3629684729148634e-7,6.861287476625538e-5,5.958478475402474e-6,11.51516700941356,0.0
1712.5,11.515147015208953,11.515148586274893,-1.571065940453309e-6,-1.3643472709278307e-7,6.861053609151768e-5,5.958285725826895e-6,11.515147015208953,0.0
1715.0,11.515127112529779,11.51512868517926,-1.5726494808632197e-6,-1.3657248118016837e-7,6.860819887107838e-5,5.958093054519979e-6,11.515127112529779,0.0
1717.5,11.515107301181756,11.515108875413343,-1.574231587753161e-6,-1.3671011016906485e-7,6.860586310053246e-5,5.957900461204707e-6,11.515107301181756,0.0
1720.0,11.515087580971038,11.515089156783299,-1.5758122611231329e-6,-1.368476140578558e-7,6.860352878052237e-5,5.957707946042145e-6,11.515087580971038,0.0
1722.5,11.515067951704227,11.51506952909573,-1.5773915027494922e-6,-1.3698499299919795e-7,6.860119590726558e-5,5.95751550880884e-6,11.515067951704227,0.0
1725.0,11.51504841318836,11.515049992157671,-1.5789693108558822e-6,-1.3712224683723124e-7,6.859886447745084e-5,5.957323149322023e-6,11.51504841318836,0.0
1727.5,11.515028965230904,11.5150305457766,-1.5805456961004438e-6,-1.3725937649595395e-7,6.859653449071638e-5,5.957130867654822e-6,11.515028965230904,0.0
1730.0,11.515009607606677,11.515011189727336,-1.582120658483177e-6,-1.3739638197418848e-7,6.859420594338221e-5,5.9569386636090775e-6,11.515009607606677,0.0
1732.5,11.51499033999233,11.514991923686523,-1.5836941926750114e-6,-1.3753326280915198e-7,6.859187883343037e-5,5.956746537181728e-6,11.51499033999233,0.0
1735.0,11.514971162197824,11.514972747464135,-1.5852663111104448e-6,-1.3767002007913586e-7,6.858955315710038e-5,5.956554488149402e-6,11.514971162197824,0.0
1737.5,11.514952074033582,11.514953660870592,-1.5868370102367635e-6,-1.378066534740608e-7,6.858722891372668e-5,5.95636251655724e-6,11.514952074033582,0.0
1740.0,11.514933075310436,11.514934663716735,-1.5884062989357517e-6,-1.3794316376371377e-7,6.858490610052859e-5,5.956170622266476e-6,11.514933075310436,0.0
1742.5,11.51491416583966,11.514915755813835,-1.5899741754310526e-6,-1.380795507923018e-7,6.858258471517499e-5,5.955978805177138e-6,11.51491416583966,0.0
1745.0,11.514895345432947,11.514896936973585,-1.5915406379463093e-6,-1.3821581440404045e-7,6.858026475486594e-5,5.955787065148302e-6,11.514895345432947,0.0
1747.5,11.514876613902416,11.514878207008113,-1.5931056971396629e-6,-1.3835195552301764e-7,6.857794621857874e-5,5.955595402193158e-6,11.514876613902416,0.0
1750.0,11.51485797106061,11.51485956572996,-1.5946693494583997e-6,-1.3848797383920472e-7,6.857562910378838e-5,5.955403816194184e-6,11.51485797106061,0.0
1752.5,11.5148394167205,11.514841012952099,-1.5962315984552333e-6,-1.3862386965964743e-7,6.857331340565564e-5,5.955212306832653e-6,11.5148394167205,0.0
1755.0,11.514820950695475,11.51482254848792,-1.5977924459065207e-6,-1.3875964313713597e-7,6.857099912358165e-5,5.955020874157847e-6,11.514820950695475,0.0
1757.5,11.514802572799342,11.51480417215124,-1.5993518989176891e-6,-1.3889529488727255e-7,6.856868625532131e-5,5.954829518075854e-6,11.514802572799342,0.0
1760.0,11.514784282846337,11.514785883756296,-1.6009099592650955e-6,-1.3903082506287012e-7,6.856637479915056e-5,5.954638238537774e-6,11.514784282846337,0.0
1762.5,11.514766080651116,11.514767683117736,-1.6024666198433124e-6,-1.391662330454132e-7,6.856406474991123e-5,5.954447035196237e-6,11.514766080651116,0.0
1765.0,11.514747966028743,11.514749570050633,-1.604021889534124e-6,-1.3930151960480348e-7,6.856175610768343e-5,5.9542559081585625e-6,11.514747966028743,0.0
1767.5,11.514729938794707,11.514731544370484,-1.6055757772193147e-6,-1.3943668551095664e-7,6.855944886996086e-5,5.954064857307218e-6,11.514729938794707,0.0
1770.0,11.514711998764914,11.51471360589319,-1.6071282757934569e-6,-1.3957173014538617e-7,6.855714303252871e-5,5.953873882376064e-6,11.514711998764914,0.0
1772.5,11.514694145755687,11.514695754435078,-1.6086793905856211e-6,-1.3970665396949166e-7,6.85548385966072e-5,5.953682983570736e-6,11.514694145755687,0.0
1775.0,11.51467637958376,11.514677989812885,-1.6102291251485212e-6,-1.3984145729041573e-7,6.855253555628824e-5,5.953492160477577e-6,11.51467637958376,0.0
1777.5,11.514658700066285,11.514660311843762,-1.6117774777058003e-6,-1.3997613995250436e-7,6.855023391105016e-5,5.953301413150487e-6,11.514658700066285,0.0
1780.0,11.514641107020822,11.514642720345277,-1.6133244553628856e-6,-1.4011070257145865e-7,6.854793365753763e-5,5.953110741397046e-6,11.514641107020822,0.0
1782.5,11.514623600265347,11.514625215135407,-1.614870059896134e-6,-1.4024514530018336e-7,6.854563479525716e-5,5.9529201452731435e-6,11.514623600265347,0.0
1785.0,11.514606179558166,11.514607795972458,-1.6164142913055457e-6,-1.4037946813805578e-7,6.85433373191755e-5,5.9527296244712405e-6,11.514606179558166,0.0
1787.5,11.514588840910745,11.514590458867907,-1.6179571620256183e-6,-1.4051367221008356e-7,6.854104120585865e-5,5.952539179022688e-6,11.514588840910745,0.0
1790.0,11.514571584154444,11.51457320365312,-1.6194986756090657e-6,-1.406477578234615e-7,6.85387464675793e-5,5.952348810084917e-6,11.514571584154444,0.0
1792.5,11.514554409121834,11.514556030160666,-1.6210388320558877e-6,-1.4078172497684324e-7,6.853645310347893e-5,5.952158517674321e-6,11.514554409121834,0.0
1795.0,11.514537315645592,11.514538938223229,-1.622577636695155e-6,-1.409155741317063e-7,6.853416110884223e-5,5.951968301472275e-6,11.514537315645592,0.0
1797.5,11.514520303558806,11.514521927673893,-1.6241150877505106e-6,-1.4104930513245467e-7,6.853187047871682e-5,5.95177816113934e-6,11.514520303558806,0.0
1800.0,11.514503372694953,11.514504998346146,-1.625651192327382e-6,-1.4118291859485562e-7,6.852958121363509e-5,5.951588096812189e-6,11.514503372694953,0.0
1802.5,11.51448652288783,11.514488150073777,-1.6271859468730554e-6,-1.4131641420905997e-7,6.85272933149033e-5,5.95139810869453e-6,11.51448652288783,0.0
1805.0,11.514469753971524,11.514471382690886,-1.628719362045672e-6,-1.4144979289939954e-7,6.852500682053663e-5,5.951208200177978e-6,11.514469753971524,0.0
1807.5,11.51445306578011,11.514454696031539,-1.6302514289634473e-6,-1.4158305389323302e-7,6.852272171581742e-5,5.951018370074443e-6,11.51445306578011,0.0
1810.0,11.514436458148557,11.514438089930717,-1.6317821600608795e-6,-1.4171619826918207e-7,6.852043793387666e-5,5.9508286126661455e-6,11.514436458148557,0.0
1812.5,11.51441993091205,11.514421564223605,-1.6333115553379685e-6,-1.4184922602597793e-7,6.851815548326546e-5,5.950638928785202e-6,11.51441993091205,0.0
1815.0,11.514403483906126,11.514405118745735,-1.6348396094656437e-6,-1.4198213669954214e-7,6.851587441524883e-5,5.950449322973145e-6,11.514403483906126,0.0
1817.5,11.514387116966775,11.514388753333108,-1.6363663331020462e-6,-1.4211493121425578e-7,6.851359470854037e-5,5.9502597934703495e-6,11.514387116966775,0.0
1820.0,11.514370829930364,11.514372467822085,-1.6378917209181054e-6,-1.4224760910605578e-7,6.851131632072146e-5,5.9500703366816785e-6,11.514370829930364,0.0
1822.5,11.514354622633494,11.51435626204928,-1.6394157853483193e-6,-1.423801714536183e-7,6.850903927177716e-5,5.949880954431485e-6,11.514354622633494,0.0
1825.0,11.514338494913174,11.514340135851693,-1.6409385192872605e-6,-1.4251261763862487e-7,6.850676359101431e-5,5.949691649353487e-6,11.514338494913174,0.0
1827.5,11.51432244660683,11.514324089066761,-1.6424599316167132e-6,-1.4264494843122375e-7,6.850448925017577e-5,5.949502419081849e-6,11.51432244660683,0.0
1830.0,11.514306477552207,11.514308121532226,-1.6439800187839637e-6,-1.4277716352165855e-7,6.850221622882996e-5,5.949313261930183e-6,11.514306477552207,0.0
1832.5,11.514290587587363,11.514292233086145,-1.6454987825653689e-6,-1.429092630630019e-7,6.849994454703852e-5,5.949124179728697e-6,11.514290587587363,0.0
1835.0,11.514274776550732,11.514276423566967,-1.6470162353954265e-6,-1.4304124813398054e-7,6.849767421256934e-5,5.9489351732397005e-6,11.514274776550732,0.0
1837.5,11.514259044281154,11.514260692813519,-1.6485323648396388e-6,-1.4317311765349104e-7,6.849540520450287e-5,5.948746240733817e-6,11.514259044281154,0.0
1840.0,11.5142433875979,11.514245037645114,-1.6500472153069268e-6,-1.4330487551480875e-7,6.84931374767579e-5,5.948557379856371e-6,11.5142433875979,0.0
1842.5,11.514227805077097,11.514229456637885,-1.6515607885736472e-6,-1.4343652188689598e-7,6.849087103947955e-5,5.948368592228053e-6,11.514227805077097,0.0
1845.0,11.514212296573067,11.514213949646162,-1.6530730952979411e-6,-1.4356805769422362e-7,6.848860589677694e-5,5.9481798782849395e-6,11.514212296573067,0.0
1847.5,11.514196861729369,11.514198516313503,-1.6545841337034517e-6,-1.4369948278398137e-7,6.848634203115976e-5,5.947991236696078e-6,11.514196861729369,0.0
1850.0,11.514181500306945,11.51418315640085,-1.6560939055665358e-6,-1.4383079731046343e-7,6.848407944144133e-5,5.947802667485803e-6,11.514181500306945,0.0
1852.5,11.51416621216103,11.514167869763442,-1.6576024126635502e-6,-1.43962001426801e-7,6.848181813767048e-5,5.947614171605528e-6,11.51416621216103,0.0
1855.0,11.514150997147155,11.514152656256814,-1.6591096585472087e-6,-1.440930954404093e-7,6.847955811417222e-5,5.947425748640895e-6,11.514150997147155,0.0
1857.5,11.51413585512118,11.514137515736827,-1.6606156467702249e-6,-1.4422407965871164e-7,6.84772993615949e-5,5.947237397858044e-6,11.51413585512118,0.0
1860.0,11.514120785939255,11.51412244805963,-1.662120375556242e-6,-1.443549539263111e-7,6.847504188160346e-5,5.947049119479743e-6,11.514120785939255,0.0
1862.5,11.51410578945783,11.514107453081678,-1.6636238484579735e-6,-1.444857185506465e-7,6.84727856805267e-5,5.946860914133647e-6,11.51410578945783,0.0
1865.0,11.514090865533687,11.514092530659752,-1.6651260654754196e-6,-1.4461637353061133e-7,6.847053074871264e-5,5.946672781059295e-6,11.514090865533687,0.0
1867.5,11.514076014023905,11.514077680650939,-1.6666270337140077e-6,-1.4474691948221383e-7,6.846827708096551e-5,5.946484719883087e-6,11.514076014023905,0.0
1870.0,11.514061234785862,11.514062902912615,-1.6681267531737376e-6,-1.4487735640436355e-7,6.846602468021088e-5,5.94629673093659e-6,11.514061234785862,0.0
1872.5,11.514046527677245,11.514048197302468,-1.6696252238546094e-6,-1.4500768429597678e-7,6.846377354473417e-5,5.9461088141482025e-6,11.514046527677245,0.0
1875.0,11.514031890816721,11.514033561939174,-1.6711224528620505e-6,-1.4513790379501142e-7,6.846152366371907e-5,5.945920969553864e-6,11.514031890816721,0.0
1877.5,11.514017323513256,11.514018996131696,-1.6726184401960609e-6,-1.4526801490738918e-7,6.845927503246852e-5,5.94573319710619e-6,11.514017323513256,0.0
1880.0,11.514002825632314,11.514004499745505,-1.674113191185711e-6,-1.4539801809487344e-7,6.845702765741394e-5,5.945545497436899e-6,11.514002825632314,0.0
1882.5,11.513988397039654,11.513990072646362,-1.6756067076073577e-6,-1.4552791351067982e-7,6.845478153836742e-5,5.945357870602661e-6,11.513988397039654,0.0
1885.0,11.513974037601304,11.513975714700294,-1.6770989894610011e-6,-1.4565770115375296e-7,6.845253666623002e-5,5.9451703158860586e-6,11.513974037601304,0.0
1887.5,11.513959747183588,11.513961425773626,-1.678590038522998e-6,-1.4578738117732218e-7,6.845029304091705e-5,5.944982833352407e-6,11.513959747183588,0.0
1890.0,11.513945525653089,11.513947205732947,-1.6800798583460619e-6,-1.4591695388890293e-7,6.844805066460332e-5,5.944795423263117e-6,11.513945525653089,0.0
1892.5,11.51393137287669,11.513933054445143,-1.6815684524829067e-6,-1.4604641959601817e-7,6.844580953410732e-5,5.944608085414228e-6,11.51393137287669,0.0
1895.0,11.513917288721565,11.513918971777365,-1.6830557996172502e-6,-1.4617577644629116e-7,6.844356983415266e-5,5.944420835921449e-6,11.513917288721565,0.0
1897.5,11.513903273031008,11.513904957572926,-1.6845419175126608e-6,-1.4630502598179366e-7,6.844133202773733e-5,5.944233715081428e-6,11.513903273031008,0.0
1900.0,11.51388932568075,11.513891011707557,-1.6860268061691386e-6,-1.4643416820140863e-7,6.84390952951864e-5,5.944046651772032e-6,11.51388932568075,0.0
1902.5,11.513875446528994,11.51387713403947,-1.6875104762448245e-6,-1.465632040299295e-7,6.843685978175978e-5,5.943859658686073e-6,11.513875446528994,0.0
1905.0,11.51386163544675,11.51386332443968,-1.6889929295160755e-6,-1.466921336206018e-7,6.84346254602456e-5,5.943672733530314e-6,11.51386163544675,0.0
1907.5,11.513847892303199,11.513849582777365,-1.6904741659828915e-6,-1.4682095697242475e-7,6.843239237302853e-5,5.943485880057036e-6,11.513847892303199,0.0
1910.0,11.513834216966176,11.51383590892036,-1.6919541838689156e-6,-1.469496739301441e-7,6.843016056197843e-5,5.9432991019745075e-6,11.513834216966176,0.0
1912.5,11.513820609306066,11.513822302739058,-1.6934329920559321e-6,-1.4707828526416434e-7,6.842792994636286e-5,5.943112392341415e-6,11.513820609306066,0.0
1915.0,11.513807069191476,11.513808764102063,-1.6949105869912273e-6,-1.4720679066496185e-7,6.842570054529047e-5,5.942925752888742e-6,11.513807069191476,0.0
1917.5,11.513793596492606,11.513795292879582,-1.6963869757802286e-6,-1.473351907486852e-7,6.842347238723513e-5,5.942739186160038e-6,11.513793596492606,0.0
1920.0,11.513780191079281,11.513781888941438,-1.697862156646579e-6,-1.4746348536009566e-7,6.842124546291252e-5,5.9425526914196575e-6,11.513780191079281,0.0
1922.5,11.513766852821895,11.513768552158027,-1.6993361313666355e-6,-1.4759167465251802e-7,6.841901974247481e-5,5.942366266145651e-6,11.513766852821895,0.0
1925.0,11.51375358159101,11.513755282399913,-1.7008089034931118e-6,-1.477197589335665e-7,6.841679523289524e-5,5.94217991101397e-6,11.51375358159101,0.0
1927.5,11.513740377257399,11.513742079537867,-1.7022804676969372e-6,-1.4784773773945602e-7,6.841457195823221e-5,5.941993628184339e-6,11.513740377257399,0.0
1930.0,11.513727239692251,11.513728943443088,-1.7037508364126097e-6,-1.4797561214922e-7,6.841234990189828e-5,5.941807416286063e-6,11.513727239692251,0.0
1932.5,11.513714168766935,11.513715873986943,-1.7052200078637725e-6,-1.481033820076492e-7,6.841012904513939e-5,5.94162127376016e-6,11.513714168766935,0.0
1935.0,11.5137011643531,11.513702871041083,-1.7066879838267823e-6,-1.4823104746810345e-7,6.840790939997717e-5,5.941435201720444e-6,11.5137011643531,0.0
1937.5,11.513688221838457,11.513689929993223,-1.708154766077996e-6,-1.4835860874172996e-7,6.840569096916587e-5,5.941249202789611e-6,11.513688221838457,0.0
1940.0,11.513675340695567,11.51367705031593,-1.709620363499198e-6,-1.4848606660433384e-7,6.840347375257247e-5,5.941063277231513e-6,11.513675340695567,0.0
1942.5,11.5136625208087,11.513664231893468,-1.7110847689849606e-6,-1.4861342043789356e-7,6.840125774678054e-5,5.9408774248123575e-6,11.5136625208087,0.0
1945.0,11.513649762062242,11.513651474610231,-1.7125479896407114e-6,-1.4874067085865328e-7,6.839904296234132e-5,5.940691646511417e-6,11.513649762062242,0.0
1947.5,11.51363706434087,11.513638778350895,-1.7140100254664503e-6,-1.4886781786573308e-7,6.839682938997689e-5,5.94050594158558e-6,11.51363706434087,0.0
1950.0,11.513624427529516,11.513626143000398,-1.7154708817912478e-6,-1.4899486192110727e-7,6.839461702264193e-5,5.9403203094854985e-6,11.513624427529516,0.0
1952.5,11.513611851513325,11.51361356844388,-1.7169305550623903e-6,-1.4912180271534172e-7,6.83924058625541e-5,5.940134750466227e-6,11.513611851513325,0.0
1955.0,11.513599336177705,11.513601054566756,-1.7183890506089483e-6,-1.4924864071042277e-7,6.839019591656707e-5,5.939949265185331e-6,11.513599336177705,0.0
1957.5,11.513586881408314,11.513588601254682,-1.7198463684309218e-6,-1.4937537590549319e-7,6.838798717138906e-5,5.939763852550527e-6,11.513586881408314,0.0
1960.0,11.51357448709104,11.513576208393555,-1.721302515633738e-6,-1.4950200891683583e-7,6.838577962774758e-5,5.939578512687034e-6,11.51357448709104,0.0
1962.5,11.513562153112021,11.513563875869504,-1.722757483335613e-6,-1.4962853897218645e-7,6.838357328602537e-5,5.939393245689984e-6,11.513562153112021,0.0
1965.0,11.513549879357631,11.513551603568917,-1.7242112857474012e-6,-1.4975496730497503e-7,6.838136814559464e-5,5.939208051566612e-6,11.513549879357631,0.0
1967.5,11.513537665714498,11.51353939137841,-1.7256639122109618e-6,-1.4988129298866301e-7,6.837916420160169e-5,5.9390229299569735e-6,11.513537665714498,0.0
1970.0,11.513525512069481,11.513527239184858,-1.7271153769371494e-6,-1.5000751725669402e-7,6.837696145077317e-5,5.938837880638253e-6,11.513525512069481,0.0
1972.5,11.51351341830968,11.513515146875353,-1.7285656728205367e-6,-1.5013363949110772e-7,6.837475989496511e-5,5.938652903833011e-6,11.51351341830968,0.0
1975.0,11.51350138432244,11.513503114337245,-1.7300148051901942e-6,-1.5025966015393885e-7,6.83725595330836e-5,5.938467999507456e-6,11.51350138432244,0.0
1977.5,11.513489409995348,11.513491141458122,-1.731462774046122e-6,-1.503855792443745e-7,6.837036036048384e-5,5.938283167319252e-6,11.513489409995348,0.0
1980.0,11.513477495216222,11.513479228125803,-1.7329095811646766e-6,-1.505113969158918e-7,6.836816237602206e-5,5.938098407230014e-6,11.513477495216222,0.0
1982.5,11.513465639389423,11.513467373744653,-1.734355230098572e-6,-1.5063711348258714e-7,6.836596557807812e-5,5.937913719409308e-6,11.513465639389423,0.0
1985.0,11.513453842374759,11.513455578174483,-1.7357997244005219e-6,-1.5076272925262338e-7,6.836376996757168e-5,5.937729104012373e-6,11.513453842374759,0.0
1987.5,11.51344210406111,11.513443841304172,-1.7372430622941692e-6,-1.508882440709365e-7,6.836157553990102e-5,5.93754456069988e-6,11.51344210406111,0.0
1990.0,11.513430424337571,11.513432163022818,-1.7386852473322278e-6,-1.5101365824532386e-7,6.835938229364639e-5,5.937360089408754e-6,11.513430424337571,0.0
1992.5,11.513418803093487,11.513420543219766,-1.7401262795146977e-6,-1.511389717750171e-7,6.835719022886578e-5,5.93717569020413e-6,11.513418803093487,0.0
1995.0,11.513407240218434,11.513408981784597,-1.7415661623942924e-6,-1.512641849678246e-7,6.835499934277718e-5,5.936991362904344e-6,11.513407240218434,0.0
1997.5,11.51339573560223,11.513397478607127,-1.743004895971012e-6,-1.513892978229885e-7,6.8352809633899e-5,5.936807107440546e-6,11.51339573560223,0.0
2000.0,11.513384289134917,11.513386033577405,-1.744442487350284e-6,-1.515143109569008e-7,6.835062110014284e-5,5.93662292369106e-6,11.513384289134917,0.0
2002.5,11.513372900706784,11.513374646585715,-1.7458789312030376e-6,-1.5163922390595562e-7,6.834843374014454e-5,5.93643881159697e-6,11.513372900706784,0.0
2005.0,11.513361570208348,11.513363317522579,-1.7473142310819867e-6,-1.5176403697798287e-7,6.83462475508557e-5,5.936254770952954e-6,11.513361570208348,0.0
2007.5,11.513350297530362,11.51335204627875,-1.748748388763488e-6,-1.5188875032653164e-7,6.834406253169245e-5,5.9360708017676135e-6,11.513350297530362,0.0
2010.0,11.513339082563807,11.513340832745214,-1.7501814078002553e-6,-1.5201336425944317e-7,6.834187868199894e-5,5.9358869040431726e-6,11.513339082563807,0.0
2012.5,11.513327925199908,11.513329676813196,-1.7516132881922886e-6,-1.5213787877599038e-7,6.833969599944628e-5,5.935703077636407e-6,11.513327925199908,0.0
2015.0,11.51331682533011,11.513318578374143,-1.7530440334923014e-6,-1.522622941840253e-7,6.833751447925438e-5,5.9355193221910675e-6,11.51331682533011,0.0
2017.5,11.513305782846098,11.513307537319744,-1.7544736454766507e-6,-1.523866106371183e-7,6.833533412400757e-5,5.935335637990415e-6,11.513305782846098,0.0
2020.0,11.513294797639785,11.51329655354191,-1.7559021241453365e-6,-1.5251082813455753e-7,6.833315493074152e-5,5.93515202483565e-6,11.513294797639785,0.0
2022.5,11.513283869185962,11.513285626515433,-1.7573294712747156e-6,-1.526349468354563e-7,6.833097689491032e-5,5.934968482605616e-6,11.513283869185962,0.0
2025.0,11.513272996694907,11.513274755450599,-1.7587556921938585e-6,-1.5275896721103904e-7,6.832880001038911e-5,5.934785011178327e-6,11.513272996694907,0.0
2027.5,11.513262180061668,11.513263940242457,-1.760180788679122e-6,-1.5288288941490032e-7,6.832662428064841e-5,5.934601610912194e-6,11.513262180061668,0.0
2030.0,11.513251419181636,11.513253180786396,-1.7616047607305063e-6,-1.5300671344634995e-7,6.832444970251963e-5,5.934418281588794e-6,11.513251419181636,0.0
2032.5,11.513240713950376,11.513242476977991,-1.7630276154534386e-6,-1.5313043992185547e-7,6.832227627556768e-5,5.934235023227028e-6,11.513240713950376,0.0
2035.0,11.513230064263702,11.513231828713046,-1.7644493439661346e-6,-1.5325406806929602e-7,6.832010399606199e-5,5.934051835559426e-6,11.513230064263702,0.0
2037.5,11.513219470017631,11.513221235887588,-1.7658699569267355e-6,-1.5337759881372532e-7,6.8317932864359e-5,5.933868718673386e-6,11.513219470017631,0.0
2040.0,11.513208931108412,11.513210698397867,-1.7672894543352413e-6,-1.5350103215447327e-7,6.831576287814078e-5,5.933685672423893e-6,11.513208931108412,0.0
2042.5,11.51319844743251,11.513200216140348,-1.7687078379680088e-6,-1.5362436824516282e-7,6.831359403588895e-5,5.933502696735256e-6,11.51319844743251,0.0
2045.0,11.51318801888661,11.513189789011712,-1.7701251024959674e-6,-1.5374760662226625e-7,6.831142633422761e-5,5.9333197913703236e-6,11.51318801888661,0.0
2047.5,11.513177645367612,11.513179416908876,-1.7715412639063288e-6,-1.5387074867372672e-7,6.830925977333399e-5,5.9331369564004406e-6,11.513177645367612,0.0
2050.0,11.513167326772653,11.513169099728959,-1.7729563062118814e-6,-1.539937930102917e-7,6.830709435054808e-5,5.932954191650386e-6,11.513167326772653,0.0
2052.5,11.513157062999065,11.513158837369307,-1.774370241847123e-6,-1.5411674071133683e-7,6.830493006534585e-5,5.932771497130352e-6,11.513157062999065,0.0
2055.0,11.513146853944411,11.513148629727487,-1.7757830761411242e-6,-1.5423959223908795e-7,6.830276691523921e-5,5.9325888726798134e-6,11.513146853944411,0.0
2057.5,11.513136699506472,11.513138476701272,-1.7771948002121007e-6,-1.543623468214603e-7,6.830060489775941e-5,5.9324063181398015e-6,11.513136699506472,0.0
2060.0,11.51312659958324,11.513128378188663,-1.7786054229418369e-6,-1.5448500522926761e-7,6.829844401158279e-5,5.93222383345069e-6,11.51312659958324,0.0
2062.5,11.513116554072926,11.513118334087872,-1.7800149461066894e-6,-1.5460756761617115e-7,6.82962842553605e-5,5.932041418550543e-6,11.513116554072926,0.0
2065.0,11.513106562873965,11.513108344297326,-1.7814233608248742e-6,-1.54730033210097e-7,6.829412562803709e-5,5.931859073402785e-6,11.513106562873965,0.0
2067.5,11.513096625884991,11.513098408715678,-1.7828306866363164e-6,-1.5485240370761444e-7,6.829196812731969e-5,5.931676797863251e-6,11.513096625884991,0.0
2070.0,11.513086743004871,11.51308852724178,-1.7842369093301613e-6,-1.549746778737882e-7,6.828981175339459e-5,5.93149459200298e-6,11.513086743004871,0.0
2072.5,11.513076914132675,11.513078699774717,-1.7856420413409069e-6,-1.5509685678803844e-7,6.828765650279846e-5,5.931312455575898e-6,11.513076914132675,0.0
2075.0,11.513067139167692,11.513068926213766,-1.7870460737867688e-6,-1.5521893967830703e-7,6.828550237333713e-5,5.9311303884460505e-6,11.513067139167692,0.0
2077.5,11.513057418009435,11.513059206458447,-1.7884490119968177e-6,-1.5534092700686225e-7,6.828334952460942e-5,5.9309484045303545e-6,11.513057418009435,0.0
2080.0,11.51304775055582,11.51304954040668,-1.7898508595237672e-6,-1.5546281908171168e-7,6.828119792676698e-5,5.930766501291592e-6,11.51304775055582,0.0
2082.5,11.51303813670697,11.513039927958589,-1.791251619920331e-6,-1.555846162108411e-7,6.827904736129039e-5,5.930584659803792e-6,11.51303813670697,0.0
2085.0,11.513028576362716,11.513030369014011,-1.792651294962866e-6,-1.557063185479571e-7,6.827689780624297e-5,5.930402878215867e-6,11.513028576362716,0.0
2087.5,11.513019069423342,11.513020863473225,-1.794049882875015e-6,-1.5582792593818526e-7,6.82747494518256e-5,5.930221173102366e-6,11.513019069423342,0.0
2090.0,11.51300961578925,11.513011411236636,-1.7954473872094923e-6,-1.5594943868952978e-7,6.827260228056013e-5,5.930039542999188e-6,11.51300961578925,0.0
2092.5,11.513000215361362,11.51300201220517,-1.7968438079662974e-6,-1.5607085680141276e-7,6.827045613747081e-5,5.929857974499133e-6,11.513000215361362,0.0
2095.0,11.512990868040443,11.51299266627959,-1.7982391469217873e-6,-1.5619218042755686e-7,6.826831105906131e-5,5.929676470826634e-6,11.512990868040443,0.0
2097.5,11.512981573727519,11.512983373360925,-1.799633405852319e-6,-1.5631340972168844e-7,6.826616716548904e-5,5.92949504247202e-6,11.512981573727519,0.0
2100.0,11.512972332324003,11.512974133350596,-1.8010265936396763e-6,-1.5643454545470293e-7,6.826402439715748e-5,5.929313684312289e-6,11.512972332324003,0.0
2102.5,11.51296314373148,11.512964946150177,-1.8024186978493617e-6,-1.56555586546e-7,6.826188266891694e-5,5.929132389004809e-6,11.51296314373148,0.0
2105.0,11.512954007851606,11.512955811661335,-1.803809729139516e-6,-1.5667653392077772e-7,6.825974203745726e-5,5.9289511615268745e-6,11.512954007851606,0.0
2107.5,11.512944924586291,11.51294672978598,-1.8051996892864963e-6,-1.5679738773277982e-7,6.82576025605852e-5,5.928770006952673e-6,11.512944924586291,0.0
2110.0,11.512935893837767,11.512937700426344,-1.8065885765139456e-6,-1.569181478271682e-7,6.825546417800094e-5,5.928588920097635e-6,11.512935893837767,0.0
2112.5,11.512926915508405,11.512928723484798,-1.8079763925982206e-6,-1.5703881435769378e-7,6.825332685060492e-5,5.9284078976185255e-6,11.512926915508405,0.0
2115.0,11.51291798950071,11.512919798863857,-1.8093631464211057e-6,-1.5715938809528286e-7,6.825119063085326e-5,5.928226944124455e-6,11.51291798950071,0.0
2117.5,11.512909115717466,11.51291092646629,-1.8107488237717462e-6,-1.5727986780506285e-7,6.824905553674144e-5,5.928046061231177e-6,11.512909115717466,0.0
2120.0,11.51290029406169,11.512902106195135,-1.8121334441900672e-6,-1.574002551837228e-7,6.824692152171123e-5,5.927865244947246e-6,11.51290029406169,0.0
2122.5,11.512891524436567,11.512893337953567,-1.8135170005706414e-6,-1.575205496135684e-7,6.824478857424673e-5,5.92768449432486e-6,11.512891524436567,0.0
2125.0,11.512882806745454,11.512884621644943,-1.814899489360755e-6,-1.5764075078549367e-7,6.824265673316136e-5,5.927503812787676e-6,11.512882806745454,0.0
2127.5,11.51287414089195,11.51287595717287,-1.8162809194421925e-6,-1.577608594704465e-7,6.82405259973218e-5,5.927323200289491e-6,11.51287414089195,0.0
2130.0,11.512865526779892,11.512867344441187,-1.8176612943676673e-6,-1.5788087597650077e-7,6.823839633022881e-5,5.927142653712107e-6,11.512865526779892,0.0
2132.5,11.512856964313269,11.512858783353876,-1.8190406070317522e-6,-1.580007996859758e-7,6.823626773819978e-5,5.92696217365626e-6,11.512856964313269,0.0
2135.0,11.512848453396261,11.512850273815127,-1.8204188663162313e-6,-1.581206313698338e-7,6.823414024571589e-5,5.926781762300275e-6,11.512848453396261,0.0
2137.5,11.5128399939333,11.512841815729372,-1.8217960722211046e-6,-1.5824037102757456e-7,6.823201384009107e-5,5.926601418594021e-6,11.5128399939333,0.0
2140.0,11.512831585829014,11.512833409001235,-1.8231722211936585e-6,-1.5836001835011433e-7,6.822988850296173e-5,5.926421140994103e-6,11.512831585829014,0.0
2142.5,11.512823228988198,11.512825053535519,-1.8245473203393203e-6,-1.5847957395413517e-7,6.822776424302045e-5,5.926240930307121e-6,11.512823228988198,0.0
2145.0,11.512814923315865,11.512816749237235,-1.82592136965809e-6,-1.5859903783914882e-7,6.822564107000262e-5,5.926060787430134e-6,11.512814923315865,0.0
2147.5,11.512806668717245,11.512808496011612,-1.8272943673736108e-6,-1.5871840985037646e-7,6.822351897398613e-5,5.92588071155264e-6,11.512806668717245,0.0
2150.0,11.512798465097754,11.512800293764078,-1.8286663241440237e-6,-1.5883769091310128e-7,6.822139794323076e-5,5.925700701706108e-6,11.512798465097754,0.0
2152.5,11.512790312363006,11.512792142400238,-1.8300372328639014e-6,-1.589568804096707e-7,6.821927798658344e-5,5.925520758710093e-6,11.512790312363006,0.0
2155.0,11.512782210418816,11.512784041825913,-1.8314070970859575e-6,-1.5907597864819976e-7,6.821715910739303e-5,5.925340882906479e-6,11.512782210418816,0.0
2157.5,11.512774159171212,11.512775991947132,-1.8327759203629057e-6,-1.5919498593680784e-7,6.821504129601703e-5,5.925161073508605e-6,11.512774159171212,0.0
2160.0,11.512766158526416,11.512767992670113,-1.8341436973656755e-6,-1.5931390181214607e-7,6.821292455004269e-5,5.924981330357677e-6,11.512766158526416,0.0
2162.5,11.512758208390823,11.512760043901263,-1.8355104405287648e-6,-1.5943272735381457e-7,6.8210808871638e-5,5.924801653692687e-6,11.512758208390823,0.0
2165.0,11.512750308671059,11.512752145547203,-1.836876144523103e-6,-1.5955146209847206e-7,6.820869426315488e-5,5.924622043768476e-6,11.512750308671059,0.0
2167.5,11.512742459273934,11.512744297514747,-1.8382408129014038e-6,-1.5967010635425391e-7,6.820658071466662e-5,5.924442499773261e-6,11.512742459273934,0.0
2170.0,11.512734660106457,11.512736499710904,-1.8396044474400242e-6,-1.5978866027500485e-7,6.82044682266042e-5,5.924263021794817e-6,11.512734660106457,0.0
2172.5,11.512726911075832,11.512728752042877,-1.8409670445862503e-6,-1.5990712355168833e-7,6.820235680146795e-5,5.924083610100557e-6,11.512726911075832,0.0
2175.0,11.51271921208946,11.512721054418073,-1.8423286132218664e-6,-1.6002549695533654e-7,6.820024643691827e-5,5.923904264537388e-6,11.51271921208946,0.0
2177.5,11.51271156305494,11.51271340674409,-1.8436891497941588e-6,-1.6014378017692028e-7,6.819813712669277e-5,5.92372498461137e-6,11.51271156305494,0.0
2180.0,11.512703963880064,11.512705808928722,-1.8450486578558412e-6,-1.6026197352459452e-7,6.819602887357898e-5,5.9235457706145376e-6,11.512703963880064,0.0
2182.5,11.51269641447282,11.512698260879958,-1.8464071374069135e-6,-1.603800769979274e-7,6.81939216778716e-5,5.923366622622288e-6,11.51269641447282,0.0
2185.0,11.512688914741391,11.512690762505986,-1.8477645955528033e-6,-1.604980912136728e-7,6.819181553510459e-5,5.923187540296391e-6,11.512688914741391,0.0
2187.5,11.512681464594156,11.51268331371518,-1.8491210234117261e-6,-1.6061601539992847e-7,6.818971044171412e-5,5.9230085233768725e-6,11.512681464594156,0.0
2190.0,11.512674063939684,11.512675914416114,-1.8504764298654663e-6,-1.6073385032775138e-7,6.818760639910366e-5,5.922829572035117e-6,11.512674063939684,0.0
2192.5,11.512666712686741,11.512668564517554,-1.851830813137667e-6,-1.6085159584242845e-7,6.818550340723994e-5,5.922650686317602e-6,11.512666712686741,0.0
2195.0,11.51265941074428,11.51266126392846,-1.8531841785573988e-6,-1.6096925240643357e-7,6.818340146247139e-5,5.9224718659564175e-6,11.51265941074428,0.0
2197.5,11.512652158021458,11.512654012557983,-1.8545365243483047e-6,-1.610868198650607e-7,6.818130056158376e-5,5.922293110721524e-6,11.512652158021458,0.0
2200.0,11.51264495442761,11.512646810315463,-1.8558878522867417e-6,-1.6120429837219916e-7,6.817920070621589e-5,5.922114420804324e-6,11.51264495442761,0.0
2202.5,11.512637799872273,11.512639657110435,-1.8572381623727097e-6,-1.6132168792744567e-7,6.817710189434385e-5,5.9219357960779624e-6,11.512637799872273,0.0
2205.0,11.512630694265173,11.512632552852633,-1.8585874599352792e-6,-1.6143898899328926e-7,6.817500412335498e-5,5.921757236364338e-6,11.512630694265173,0.0
2207.5,11.512623637516224,11.512625497451971,-1.859935746750807e-6,-1.6155620172363042e-7,6.81729073920464e-5,5.921578741607701e-6,11.512623637516224,0.0
2210.0,11.51261662953553,11.512618490818554,-1.8612830228192934e-6,-1.616733261180769e-7,6.817081170005253e-5,5.921400311824927e-6,11.51261662953553,0.0
2212.5,11.512609670233397,11.512611532862678,-1.8626292810353107e-6,-1.6179036155905295e-7,6.816871704538642e-5,5.921221946891944e-6,11.512609670233397,0.0
2215.0,11.5126027595203,11.512604623494838,-1.8639745373860706e-6,-1.6190730943484213e-7,6.816662342610941e-5,5.921043646688782e-6,11.5126027595203,0.0
2217.5,11.512595897306918,11.512597762625706,-1.8653187883188593e-6,-1.6202416943646946e-7,6.816453084103402e-5,5.920865411160605e-6,11.512595897306918,0.0
2220.0,11.512589083504116,11.512590950166148,-1.8666620320573202e-6,-1.621409414092594e-7,6.816243928794595e-5,5.920687240163285e-6,11.512589083504116,0.0
2222.5,11.512582318022949,11.512584186027215,-1.8680042668250962e-6,-1.622576251985391e-7,6.816034876647567e-5,5.9205091337128285e-6,11.512582318022949,0.0
2225.0,11.512575600774655,11.512577470120158,-1.8693455032803286e-6,-1.6237422172971828e-7,6.815825927428388e-5,5.92033109165404e-6,11.512575600774655,0.0
2227.5,11.51256893167066,11.512570802356398,-1.8706857378703035e-6,-1.6249073069383451e-7,6.815617081169036e-5,5.920153114062596e-6,11.51256893167066,0.0
2230.0,11.512562310622585,11.512564182647555,-1.872024970595021e-6,-1.6260715209052227e-7,6.815408337647007e-5,5.919975200793018e-6,11.512562310622585,0.0
2232.5,11.512555737542229,11.512557610905432,-1.8733632032308378e-6,-1.627234860737165e-7,6.815199696679592e-5,5.919797351734293e-6,11.512555737542229,0.0
2235.0,11.512549212341577,11.51255108704202,-1.8747004428831815e-6,-1.6283973326024807e-7,6.814991158114503e-5,5.919619566801729e-6,11.512549212341577,0.0
2237.5,11.512542734932808,11.512544610969496,-1.876036687775695e-6,-1.6295589349546457e-7,6.81478272182511e-5,5.919441845932817e-6,11.512542734932808,0.0
2240.0,11.512536305228286,11.512538182600217,-1.8773719308029513e-6,-1.6307196616182348e-7,6.814574387648387e-5,5.919264189033329e-6,11.512536305228286,0.0
2242.5,11.512529923140546,11.512531801846734,-1.8787061879521616e-6,-1.631879526476542e-7,6.814366155585968e-5,5.91908659615197e-6,11.512529923140546,0.0
2245.0,11.512523588543788,11.512525468583238,-1.8800394503415419e-6,-1.6330385218166984e-7,6.814158025208032e-5,5.918909066982378e-6,11.512523588543788,0.0
2247.5,11.512517300889472,11.512519182261197,-1.8813717250765194e-6,-1.6341966538727044e-7,6.813949995937836e-5,5.918731601307893e-6,11.512517300889472,0.0
2250.0,11.51251106009248,11.5125129427955,-1.8827030192625216e-6,-1.635353928812988e-7,6.813742067861335e-5,5.918554199249212e-6,11.51251106009248,0.0
2252.5,11.512504866067966,11.512506750101295,-1.8840333293468348e-6,-1.636510343548125e-7,6.813534240753457e-5,5.918376860656723e-6,11.512504866067966,0.0
2255.0,11.512498718731221,11.51250060409388,-1.8853626588821726e-6,-1.637665901160644e-7,6.813326514509218e-5,5.918199585485042e-6,11.512498718731221,0.0
2257.5,11.512492617997728,11.512494504688735,-1.886691007868535e-6,-1.638820601647145e-7,6.813118888886583e-5,5.918022373569636e-6,11.512492617997728,0.0
2260.0,11.512486563783149,11.512488451801524,-1.8880183745295653e-6,-1.6399744434612731e-7,6.812911363871158e-5,5.917845224943611e-6,11.512486563783149,0.0
2262.5,11.512480556003313,11.51248244534808,-1.8893447677470476e-6,-1.6411274343146035e-7,6.812703939195004e-5,5.917668139419738e-6,11.512480556003313,0.0
2265.0,11.512474594574238,11.512476485244417,-1.8906701786391977e-6,-1.6422795664889106e-7,6.812496614856476e-5,5.9174911170420005e-6,11.512474594574238,0.0
2267.5,11.512468679412102,11.512470571406723,-1.8919946214168704e-6,-1.643430852324792e-7,6.81228939059395e-5,5.917314157628464e-6,11.512468679412102,0.0
2270.0,11.512462810433275,11.512464703751363,-1.8933180871982813e-6,-1.6445812841040791e-7,6.812082266358392e-5,5.917137261181751e-6,11.512462810433275,0.0
2272.5,11.51245698755429,11.51245888219487,-1.8946405813125011e-6,-1.6457308664525132e-7,6.81187524218828e-5,5.91696042778041e-6,11.51245698755429,0.0
2275.0,11.512451210691856,11.512453106653965,-1.8959621090886003e-6,-1.6468796039958722e-7,6.811668317528748e-5,5.916783656987496e-6,11.512451210691856,0.0
2277.5,11.512445479762873,11.512447377045532,-1.8972826598684378e-6,-1.648027487473076e-7,6.811461492452417e-5,5.9166069489110115e-6,11.512445479762873,0.0
2280.0,11.512439794684388,11.512441693286634,-1.8986022460865115e-6,-1.6491745276819156e-7,6.81125476679677e-5,5.916430303454629e-6,11.512439794684388,0.0
2282.5,11.51243415537364,11.512436055294506,-1.8999208659664646e-6,-1.650320723076311e-7,6.8110481405934e-5,5.916253720690526e-6,11.51243415537364,0.0
2285.0,11.512428561748038,11.512430462986558,-1.901238519508297e-6,-1.6514660736531985e-7,6.810841613601614e-5,5.9160772004542725e-6,11.512428561748038,0.0
2287.5,11.512423013725165,11.512424916280374,-1.9025552084883657e-6,-1.6526105809525331e-7,6.810635185724927e-5,5.915900742706601e-6,11.512423013725165,0.0
2290.0,11.512417511222766,11.512419415093701,-1.9038709346830274e-6,-1.653754246514303e-7,6.810428856736115e-5,5.915724347294594e-6,11.512417511222766,0.0
2292.5,11.512412054158775,11.512413959344475,-1.905185699868639e-6,-1.6548970718785248e-7,6.810222626562972e-5,5.915548014199881e-6,11.512412054158775,0.0
2295.0,11.512406642451282,11.512408548950791,-1.906499509374271e-6,-1.6560390616712347e-7,6.810016494969388e-5,5.9153717432616364e-6,11.512406642451282,0.0
2297.5,11.51240127601856,11.512403183830912,-1.9078123525417823e-6,-1.6571802066315556e-7,6.809810461902889e-5,5.915195534478441e-6,11.51240127601856,0.0
2300.0,11.512395954779048,11.512397863903288,-1.909124240029314e-6,-1.6583205160145612e-7,6.809604527253135e-5,5.915019387798522e-6,11.512395954779048,0.0
2302.5,11.512390678651357,11.51239258908653,-1.910435173613223e-6,-1.6594599913603912e-7,6.809398690817973e-5,5.914843303090261e-6,11.512390678651357,0.0
2305.0,11.512385447554264,11.512387359299417,-1.9117451532935092e-6,-1.6605986326662194e-7,6.809192952386366e-5,5.91466728021423e-6,11.512385447554264,0.0
2307.5,11.512380261406724,11.512382174460901,-1.913054177293816e-6,-1.6617364383862487e-7,6.808987312177021e-5,5.914491319404191e-6,11.512380261406724,0.0
2310.0,11.51237512012784,11.512377034490093,-1.9143622527195703e-6,-1.6628734146896978e-7,6.808781770036388e-5,5.914315420570468e-6,11.51237512012784,0.0
2312.5,11.512370023636894,11.512371939306263,-1.9156693689126314e-6,-1.6640095523158392e-7,6.80857632594093e-5,5.914139583736225e-6,11.512370023636894,0.0
2315.0,11.512364971853332,11.512366888828875,-1.9169755436365676e-6,-1.66514486669194e-7,6.808370979353233e-5,5.913963808478163e-6,11.512364971853332,0.0
2317.5,11.512359964696767,11.512361882977533,-1.918280766233238e-6,-1.666279348557327e-7,6.808165730522464e-5,5.913788095056138e-6,11.512359964696767,0.0
2320.0,11.512355002086984,11.512356921672023,-1.919585038478999e-6,-1.6674129994523387e-7,6.80796057917956e-5,5.913612443279762e-6,11.512355002086984,0.0
2322.5,11.512350083943932,11.512352004832305,-1.9208883728083492e-6,-1.6685458301753503e-7,6.807755525052346e-5,5.913436852955853e-6,11.512350083943932,0.0
2325.0,11.512345210187734,11.512347132378492,-1.922190758563147e-6,-1.6696778314657587e-7,6.807550568075664e-5,5.913261324070956e-6,11.512345210187734,0.0
2327.5,11.512340380738673,11.512342304230874,-1.923492201072463e-6,-1.6708090079499934e-7,6.807345708216096e-5,5.913085856639094e-6,11.512340380738673,0.0
2330.0,11.512335595517207,11.51233752030991,-1.9247927021126543e-6,-1.6719393611685104e-7,6.807140945336384e-5,5.912910450583997e-6,11.512335595517207,0.0
2332.5,11.512330854443949,11.512332780536209,-1.9260922599073638e-6,-1.6730688895757895e-7,6.80693627883088e-5,5.9127351054224525e-6,11.512330854443949,0.0
2335.0,11.512326157439727,11.51232808483061,-1.9273908833383757e-6,-1.6741976008843517e-7,6.806731708562833e-5,5.912559821078427e-6,11.512326157439727,0.0
2337.5,11.512321504425513,11.512323433114076,-1.928688563523906e-6,-1.6753254873767106e-7,6.806527235037144e-5,5.912384598033169e-6,11.512321504425513,0.0
2340.0,11.512316895322419,11.51231882530773,-1.9299853111220955e-6,-1.6764525583084582e-7,6.806322858165597e-5,5.912209436252645e-6,11.512316895322419,0.0
2342.5,11.512312330051738,11.512314261332861,-1.9312811225802307e-6,-1.6775788105911742e-7,6.806118577396244e-5,5.912034335299915e-6,11.512312330051738,0.0
2345.0,11.512307808534924,11.512309741110922,-1.9325759978983115e-6,-1.6787042442224747e-7,6.805914392538109e-5,5.911859295051494e-6,11.512307808534924,0.0
2347.5,11.512303330693578,11.512305264563519,-1.9338699406290516e-6,-1.6798288622860169e-7,6.805710303863725e-5,5.911684315786443e-6,11.512303330693578,0.0
2350.0,11.512298896449487,11.512300831612439,-1.935162952548808e-6,-1.6809526663224774e-7,6.805506311412695e-5,5.911509397581385e-6,11.512298896449487,0.0
2352.5,11.512294505724592,11.512296442179625,-1.9364550336575803e-6,-1.6820756563295533e-7,6.805302414388765e-5,5.911334539786805e-6,11.512294505724592,0.0
2355.0,11.512290158440996,11.512292096187181,-1.9377461857317257e-6,-1.683197833847976e-7,6.805098612985085e-5,5.911159742612531e-6,11.512290158440996,0.0
2357.5,11.512285854520968,11.512287793557377,-1.939036408771244e-6,-1.6843191988754942e-7,6.804894907338683e-5,5.9109850062195466e-6,11.512285854520968,0.0
2360.0,11.51228159388694,11.512283534212646,-1.9403257063288493e-6,-1.6854397544959018e-7,6.804691297093374e-5,5.910810330340328e-6,11.51228159388694,0.0
2362.5,11.512277376461503,11.512279318075581,-1.941614078404541e-6,-1.6865595007070004e-7,6.804487781886938e-5,5.910635714702015e-6,11.512277376461503,0.0
2365.0,11.512273202167416,11.512275145068939,-1.9429015232219626e-6,-1.687678435963605e-7,6.804284361732527e-5,5.910461159357723e-6,11.512273202167416,0.0
2367.5,11.512269070927585,11.512271015115637,-1.944188051439255e-6,-1.6887965695216372e-7,6.804081036800697e-5,5.910286664497208e-6,11.512269070927585,0.0
2370.0,11.512264982665101,11.512266928138754,-1.9454736523982774e-6,-1.6899138921209042e-7,6.803877806779043e-5,5.91011222989061e-6,11.512264982665101,0.0
2372.5,11.512260937303195,11.512262884061528,-1.946758333204457e-6,-1.691030409931357e-7,6.80367467137509e-5,5.909937855325303e-6,11.512260937303195,0.0
2375.0,11.512256934765265,11.512258882807362,-1.9480420974105073e-6,-1.6921461260369514e-7,6.803471630564835e-5,5.90976354082177e-6,11.512256934765265,0.0
2377.5,11.512252974974874,11.512254924299814,-1.949324939687358e-6,-1.693261035806601e-7,6.803268684387113e-5,5.909589286454992e-6,11.512252974974874,0.0
2380.0,11.51224905785574,11.51225100846261,-1.9506068689167932e-6,-1.694375146953354e-7,6.803065832523181e-5,5.909415091989256e-6,11.51224905785574,0.0
2382.5,11.51224518333174,11.51224713521962,-1.9518878815460994e-6,-1.6954884563891878e-7,6.802863074882667e-5,5.909240957387134e-6,11.51224518333174,0.0
2385.0,11.51224135132691,11.512243304494888,-1.9531679775752764e-6,-1.6966009641121298e-7,6.802660411404757e-5,5.909066882636782e-6,11.51224135132691,0.0
2387.5,11.512237561765449,11.512239516212613,-1.9544471641097516e-6,-1.697712676292296e-7,6.802457841967961e-5,5.908892867673568e-6,11.512237561765449,0.0
2390.0,11.512233814571715,11.51223577029715,-1.9557254340440977e-6,-1.6988235867557001e-7,6.802255366244478e-5,5.908718912253555e-6,11.512233814571715,0.0
2392.5,11.512230109670211,11.512232066673011,-1.9570027998128126e-6,-1.6999337063015625e-7,6.802052984441791e-5,5.908545016597699e-6,11.512230109670211,0.0
2395.0,11.51222644698562,11.512228405264867,-1.9582792472050414e-6,-1.7010430225838725e-7,6.801850696144153e-5,5.908371180385494e-6,11.51222644698562,0.0
2397.5,11.512222826442759,11.512224785997553,-1.9595547939843527e-6,-1.702151551030957e-7,6.801648501424656e-5,5.908197403720984e-6,11.512222826442759,0.0
2400.0,11.51221924796662,11.51222120879605,-1.9608294294926054e-6,-1.7032592823828844e-7,6.801446400074825e-5,5.9080236864635385e-6,11.51221924796662,0.0
2402.5,11.51221571148234,11.512217673585502,-1.9621031626115837e-6,-1.7043662243529477e-7,6.801244391923122e-5,5.907850028504529e-6,11.51221571148234,0.0
2405.0,11.512212216915222,11.512214180291206,-1.9633759844595033e-6,-1.7054723692242738e-7,6.801042476975265e-5,5.9076764298892086e-6,11.512212216915222,0.0
2407.5,11.512208764190715,11.512210728838625,-1.964647909247219e-6,-1.7065777293392663e-7,6.800840655002972e-5,5.907502890459489e-6,11.512208764190715,0.0
2410.0,11.512205353234435,11.512207319153363,-1.9659189280929468e-6,-1.7076822969810975e-7,6.800638925920656e-5,5.907329410181142e-6,11.512205353234435,0.0
2412.5,11.512201983972142,11.512203951161194,-1.9671890516548274e-6,-1.7087860814061857e-7,6.800437289562526e-5,5.907155988950187e-6,11.512201983972142,0.0
2415.0,11.51219865632976,11.51220062478803,-1.96845826927472e-6,-1.7098890733547246e-7,6.800235745810033e-5,5.906982626703592e-6,11.51219865632976,0.0
2417.5,11.512195370233362,11.512197339959954,-1.9697265916107654e-6,-1.710991282083182e-7,6.800034294635427e-5,5.906809323457116e-6,11.512195370233362,0.0
2420.0,11.51219212560918,11.512194096603192,-1.9709940115575364e-6,-1.712092701417836e-7,6.799832935869618e-5,5.906636079103655e-6,11.51219212560918,0.0
2422.5,11.512188922383599,11.512190894644135,-1.9722605362204604e-6,-1.713193337529162e-7,6.799631669298319e-5,5.906462893496761e-6,11.512188922383599,0.0
2425.0,11.51218576048315,11.512187734009318,-1.973526167375894e-6,-1.7142931919585947e-7,6.799430494978628e-5,5.906289766725641e-6,11.51218576048315,0.0
2427.5,11.512182639834528,11.512184614625433,-1.9747909050238377e-6,-1.7153922647045693e-7,6.799229412654421e-5,5.906116698607338e-6,11.512182639834528,0.0
2430.0,11.512179560364578,11.512181536419329,-1.976054750940648e-6,-1.7164905573085663e-7,6.799028422280148e-5,5.9059436891417205e-6,11.512179560364578,0.0
2432.5,11.512176522000292,11.512178499317995,-1.977317703349968e-6,-1.717588068226042e-7,6.798827523568541e-5,5.9057707381186115e-6,11.512176522000292,0.0
2435.0,11.512173524668825,11.512175503248589,-1.9785797640281544e-6,-1.7186847989985218e-7,6.798626716531316e-5,5.905597845587456e-6,11.512173524668825,0.0
2437.5,11.51217056829747,11.512172548138409,-1.979840938304278e-6,-1.7197807542536053e-7,6.798426000956125e-5,5.905425011402989e-6,11.51217056829747,0.0
2440.0,11.512167652813691,11.512169633914912,-1.9811012208492684e-6,-1.720875929360764e-7,6.79822537700984e-5,5.905252235749264e-6,11.512167652813691,0.0
2442.5,11.512164778145083,11.512166760505703,-1.9823606205449096e-6,-1.721970332033695e-7,6.798024844194822e-5,5.90507951823303e-6,11.512164778145083,0.0
2445.0,11.512161944219406,11.512163927838536,-1.983619130285774e-6,-1.723063956098887e-7,6.797824402603665e-5,5.904906858973654e-6,11.512161944219406,0.0
2447.5,11.512159150964564,11.512161135841323,-1.9848767589536465e-6,-1.7241568092700843e-7,6.797624052120301e-5,5.904734257909171e-6,11.512159150964564,0.0
2450.0,11.512156398308612,11.512158384442117,-1.9861335047721695e-6,-1.7252488900028983e-7,6.797423792654124e-5,5.904561714999646e-6,11.512156398308612,0.0
2452.5,11.512153686179758,11.512155673569126,-1.9873893677413434e-6,-1.7263401982959865e-7,6.797223623896214e-5,5.904389230015425e-6,11.512153686179758,0.0
2455.0,11.512151014506363,11.512153003150711,-1.988644347861168e-6,-1.727430734148027e-7,6.797023545971552e-5,5.904216803103677e-6,11.512151014506363,0.0
2457.5,11.512148383216928,11.512150373115379,-1.9898984504607142e-6,-1.7285205021868052e-7,6.796823558588305e-5,5.90404443404943e-6,11.512148383216928,0.0
2460.0,11.512145792240112,11.51214778339178,-1.9911516684345543e-6,-1.7296094962389303e-7,6.796623661780045e-5,5.903872122920284e-6,11.512145792240112,0.0
2462.5,11.512143241504713,11.51214523390873,-1.992404015993543e-6,-1.7306977286473744e-7,6.796423855232468e-5,5.903699869481584e-6,11.512143241504713,0.0
2465.0,11.512140730939691,11.512142724595172,-1.9936554807031825e-6,-1.731785188609702e-7,6.796224138944174e-5,5.903527673770389e-6,11.512140730939691,0.0
2467.5,11.51213826047414,11.512140255380213,-1.994906073221614e-6,-1.7328718853828738e-7,6.79602451282149e-5,5.90335553574353e-6,11.51213826047414,0.0
2470.0,11.512135830037312,11.512137826193106,-1.996155793548837e-6,-1.7339578189656987e-7,6.795824976570804e-5,5.903183455184074e-6,11.512135830037312,0.0
2472.5,11.512133439558603,11.512135436963241,-1.9974046381321386e-6,-1.735042986270947e-7,6.795625530361928e-5,5.903011432277565e-6,11.512133439558603,0.0
2475.0,11.512131088967557,11.512133087620171,-1.9986526140769456e-6,-1.7361273934695882e-7,6.795426173807844e-5,5.902839466725773e-6,11.512131088967557,0.0
2477.5,11.512128778193865,11.51213077809358,-1.9998997142778308e-6,-1.7372110343883718e-7,6.795226906870203e-5,5.902667558533257e-6,11.512128778193865,0.0
2480.0,11.512126507167363,11.512128508313307,-2.0011459440638646e-6,-1.7382939136552802e-7,6.795027729588559e-5,5.902495707772171e-6,11.512126507167363,0.0
2482.5,11.512124275818032,11.512126278209342,-2.0023913105404745e-6,-1.7393760374413506e-7,6.794828641724233e-5,5.902323914272898e-6,11.512124275818032,0.0
2485.0,11.512122084076003,11.51212408771181,-2.003635806602233e-6,-1.7404573995733914e-7,6.794629643223187e-5,5.902152178026128e-6,11.512122084076003,0.0
2487.5,11.512119931871553,11.51212193675099,-2.004879437578211e-6,-1.74153800467945e-7,6.794430734033313e-5,5.90198049902415e-6,11.512119931871553,0.0
2490.0,11.512117819135097,11.512119825257301,-2.006122203468408e-6,-1.7426178527585009e-7,6.794231913661734e-5,5.901808876876299e-6,11.512117819135097,0.0
2492.5,11.512115745797207,11.512117753161313,-2.007364106049181e-6,-1.7436969453525697e-7,6.794033182311829e-5,5.90163731179663e-6,11.512115745797207,0.0
2495.0,11.51211371178859,11.512115720393734,-2.008605143544173e-6,-1.744775280917638e-7,6.793834539898301e-5,5.901465803748364e-6,11.51211371178859,0.0
2497.5,11.512111717040103,11.51211372688542,-2.0098453177297415e-6,-1.7458528609957722e-7,6.793635986182787e-5,5.901294352561677e-6,11.512111717040103,0.0
2500.0,11.51210976148274,11.512111772567373,-2.0110846321585996e-6,-1.746929688672092e-7,6.7934375211728e-5,5.9011229582802525e-6,11.51210976148274,0.0
2502.5,11.512107845047648,11.512109857370735,-2.0123230868307473e-6,-1.7480057639456717e-7,6.793239144660057e-5,5.900951620760238e-6,11.512107845047648,0.0
2505.0,11.512105967666113,11.512107981226794,-2.013560681746185e-6,-1.7490810868156044e-7,6.793040856513285e-5,5.900780339924599e-6,11.512105967666113,0.0
2507.5,11.512104129269558,11.51210614406698,-2.0147974222339826e-6,-1.7501556619101059e-7,6.79284265664555e-5,5.900609115734741e-6,11.512104129269558,0.0
2510.0,11.512102329789558,11.512104345822863,-2.016033304741427e-6,-1.7512294861422416e-7,6.792644544985503e-5,5.900437948165523e-6,11.512102329789558,0.0
2512.5,11.51210056915783,11.512102586426163,-2.0172683328212315e-6,-1.7523025625972316e-7,6.792446521367299e-5,5.9002668371096424e-6,11.51210056915783,0.0
2515.0,11.51209884730623,11.512100865808737,-2.0185025064733964e-6,-1.7533748912742486e-7,6.792248585628186e-5,5.9000957824624095e-6,11.51209884730623,0.0
2517.5,11.512097164166757,11.512099183902585,-2.0197358274742783e-6,-1.754446473715518e-7,6.792050737811557e-5,5.899924784298121e-6,11.512097164166757,0.0
2520.0,11.512095519671549,11.512097540639846,-2.020968297600234e-6,-1.7555173114632863e-7,6.791852977882612e-5,5.8997538426230765e-6,11.512095519671549,0.0
2522.5,11.512093913752892,11.512095935952807,-2.022199915074907e-6,-1.756587402973747e-7,6.791655305420845e-5,5.8995829571084475e-6,11.512093913752892,0.0
2525.0,11.512092346343206,11.51209436977389,-2.0234306834510107e-6,-1.7576567513322195e-7,6.791457720450614e-5,5.899412127811769e-6,11.512092346343206,0.0
2527.5,11.512090817375055,11.512092842035656,-2.0246606009521884e-6,-1.7587253549949357e-7,6.791260222872623e-5,5.899241354683077e-6,11.512090817375055,0.0
2530.0,11.512089326781144,11.512091352670817,-2.0258896729075104e-6,-1.759793218590289e-7,6.791062812575516e-5,5.899070637661862e-6,11.512089326781144,0.0
2532.5,11.512087874494318,11.512089901612214,-2.0271178957642633e-6,-1.7608603390315128e-7,6.790865489475739e-5,5.898899976711683e-6,11.512087874494318,0.0
2535.0,11.512086460447557,11.512088488792834,-2.0283452766278742e-6,-1.7619267224900757e-7,6.790668253418927e-5,5.898729371734517e-6,11.512086460447557,0.0
2537.5,11.512085084573988,11.512087114145801,-2.0295718137219865e-6,-1.7629923674222844e-7,6.790471104197082e-5,5.898558822585672e-6,11.512085084573988,0.0
2540.0,11.512083746806876,11.51208577760438,-2.0307975034938863e-6,-1.7640572707414255e-7,6.790274041924024e-5,5.898388329399925e-6,11.512083746806876,0.0
2542.5,11.512082447079615,11.512084479101972,-2.032022356601715e-6,-1.7651214417051001e-7,6.790077066365225e-5,5.898217892009392e-6,11.512082447079615,0.0
2545.0,11.512081185325753,11.512083218572117,-2.0332463641636878e-6,-1.7661848725975204e-7,6.789880177357244e-5,5.898047510307853e-6,11.512081185325753,0.0
2547.5,11.512079961478968,11.5120819959485,-2.0344695332852325e-6,-1.76724756959025e-7,6.789683375020924e-5,5.897877184435963e-6,11.512079961478968,0.0
2550.0,11.512078775473073,11.512080811164935,-2.035691862189992e-6,-1.7683095311396862e-7,6.789486659031432e-5,5.89770691414716e-6,11.512078775473073,0.0
2552.5,11.512077627242027,11.51207966415538,-2.0369133526543237e-6,-1.7693707587883173e-7,6.789290029403044e-5,5.897536699489377e-6,11.512077627242027,0.0
2555.0,11.512076516719917,11.512078554853927,-2.0381340100072975e-6,-1.770431257164727e-7,6.789093485943549e-5,5.897366540331104e-6,11.512076516719917,0.0
2557.5,11.512075443840978,11.512077483194805,-2.0393538271434863e-6,-1.7714910200962517e-7,6.788897028525473e-5,5.89719643659699e-6,11.512075443840978,0.0
2560.0,11.51207440853957,11.512076449112381,-2.0405728111683175e-6,-1.7725500537545482e-7,6.788700656893613e-5,5.897026388100659e-6,11.51207440853957,0.0
2562.5,11.512073410750203,11.512075452541165,-2.041790962081791e-6,-1.7736083581391394e-7,6.788504371179938e-5,5.896856394991972e-6,11.512073410750203,0.0
2565.0,11.512072450407507,11.512074493415788,-2.0430082816602635e-6,-1.7746659347926052e-7,6.7883081713752e-5,5.8966864572980575e-6,11.512072450407507,0.0
2567.5,11.512071527446265,11.512073571671031,-2.0442247663510216e-6,-1.7757227806284262e-7,6.788112057182657e-5,5.896516574796222e-6,11.512071527446265,0.0
2570.0,11.512070641801383,11.512072687241805,-2.0454404214831357e-6,-1.7767789002752937e-7,6.787916028511795e-5,5.8963467474428534e-6,11.512070641801383,0.0
2572.5,11.512069793407909,11.512071840063157,-2.0466552488329626e-6,-1.7778342952758394e-7,6.78772008521603e-5,5.89617697514555e-6,11.512069793407909,0.0
2575.0,11.512068982201024,11.51207103007027,-2.0478692466241455e-6,-1.7788889640866344e-7,6.787524227317222e-5,5.896007257958158e-6,11.512068982201024,0.0
2577.5,11.512068208116041,11.51207025719846,-2.049082418409398e-6,-1.7799429097933845e-7,6.78732845457916e-5,5.895837595710277e-6,11.512068208116041,0.0
2580.0,11.512067471088416,11.512069521383179,-2.0502947624123635e-6,-1.7809961308526947e-7,6.787132766948409e-5,5.895667988390199e-6,11.512067471088416,0.0
2582.5,11.512066771053728,11.51206882256001,-2.0515062821857555e-6,-1.782048630350305e-7,6.78693716440781e-5,5.895498436017658e-6,11.512066771053728,0.0
2585.0,11.512066107947701,11.512068160664679,-2.052716977729574e-6,-1.783100408285893e-7,6.7867416466169e-5,5.895328938331468e-6,11.512066107947701,0.0
2587.5,11.512065481706186,11.512067535633037,-2.0539268508201758e-6,-1.784151466202194e-7,6.786546213601415e-5,5.895159495388477e-6,11.512065481706186,0.0
2590.0,11.512064892265164,11.512066947401067,-2.055135903233918e-6,-1.7852018056419594e-7,6.78635086536258e-5,5.894990107224168e-6,11.512064892265164,0.0
2592.5,11.512064339560762,11.512066395904892,-2.0563441296417295e-6,-1.7862514219757987e-7,6.786155601714473e-5,5.894820773711377e-6,11.512064339560762,0.0
2595.0,11.512063823529228,11.512065881080762,-2.0575515335963246e-6,-1.7873003182895363e-7,6.785960422581199e-5,5.8946514948184525e-6,11.512063823529228,0.0
2597.5,11.512063344106943,11.512065402865069,-2.058758125755844e-6,-1.7883485038411712e-7,6.785765327760519e-5,5.894482270403916e-6,11.512063344106943,0.0
2600.0,11.512062901230427,11.512064961194323,-2.059963895462147e-6,-1.789395969372244e-7,6.785570317269923e-5,5.894313100517085e-6,11.512062901230427,0.0
2602.5,11.51206249483633,11.512064556005178,-2.0611688480443036e-6,-1.7904427195116678e-7,6.78537539092012e-5,5.8941439850275834e-6,11.51206249483633,0.0
2605.0,11.51206212486143,11.512064187234415,-2.062372985278671e-6,-1.7914887558022936e-7,6.78518054855279e-5,5.89397492383187e-6,11.51206212486143,0.0
2607.5,11.512061791242637,11.512063854818944,-2.063576307165249e-6,-1.792534078243948e-7,6.784985790248295e-5,5.893805917033658e-6,11.512061791242637,0.0
2610.0,11.512061493916994,11.51206355869581,-2.0647788172567516e-6,-1.7935786899225535e-7,6.784791115861004e-5,5.893636964540285e-6,11.512061493916994,0.0
2612.5,11.512061232821678,11.51206329880219,-2.065980512000465e-6,-1.7946225877518897e-7,6.784596525044176e-5,5.893468066084313e-6,11.512061232821678,0.0
2615.0,11.512061007893989,11.512063075075385,-2.0671813967254593e-6,-1.7956657763609512e-7,6.784402017920558e-5,5.893299221806064e-6,11.512061007893989,0.0
2617.5,11.512060819071364,11.512062887452833,-2.068381469655378e-6,-1.7967082542065887e-7,6.784207594427204e-5,5.893130431684482e-6,11.512060819071364,0.0
2620.0,11.512060666291365,11.512062735872098,-2.0695807325665783e-6,-1.797750022831749e-7,6.784013254156605e-5,5.8929616953991344e-6,11.512060666291365,0.0
2622.5,11.512060549491688,11.512062620270875,-2.0707791872354164e-6,-1.7987910837793944e-7,6.783818997288428e-5,5.892793013139569e-6,11.512060549491688,0.0
2625.0,11.512060468610155,11.51206254058699,-2.0719768354382495e-6,-1.7998314385925025e-7,6.783624823758902e-5,5.8926243848838e-6,11.512060468610155,0.0
2627.5,11.512060423584723,11.512062496758395,-2.073173671846007e-6,-1.800871082641907e-7,6.783430733350739e-5,5.892455810476416e-6,11.512060423584723,0.0
2630.0,11.512060414353469,11.512062488723174,-2.074369705340473e-6,-1.8019100236427765e-7,6.783236725957058e-5,5.892287289857846e-6,11.512060414353469,0.0
2632.5,11.512060440854604,11.512062516419538,-2.075564934145291e-6,-1.8029482600520556e-7,6.783042801388306e-5,5.892118822896627e-6,11.512060440854604,0.0
2635.0,11.512060503026467,11.512062579785823,-2.0767593564841036e-6,-1.803985790326704e-7,6.782848959680193e-5,5.891950409656911e-6,11.512060503026467,0.0
2637.5,11.512060600807525,11.512062678760502,-2.0779529776859818e-6,-1.8050226190958565e-7,6.78265520073737e-5,5.891782050088925e-6,11.512060600807525,0.0
2640.0,11.51206073413637,11.512062813282169,-2.079145799527282e-6,-1.806058747902583e-7,6.782461524371664e-5,5.891613744062202e-6,11.51206073413637,0.0
2642.5,11.512060902951726,11.512062983289542,-2.0803378166789344e-6,-1.8070941721178088e-7,6.782267930482505e-5,5.8914454915222974e-6,11.512060902951726,0.0
2645.0,11.512061107192439,11.512063188721477,-2.0815290380227225e-6,-1.808128899456794e-7,6.782074419025721e-5,5.89127729246369e-6,11.512061107192439,0.0
2647.5,11.512061346797493,11.512063429516946,-2.0827194529005055e-6,-1.8091629206613734e-7,6.78188098990831e-5,5.8911091468383646e-6,11.512061346797493,0.0
2650.0,11.512061621705978,11.51206370561506,-2.0839090808522087e-6,-1.8101962527050765e-7,6.781687643042345e-5,5.890941054602662e-6,11.512061621705978,0.0
2652.5,11.512061931857136,11.51206401695504,-2.0850979041142637e-6,-1.8112288801576084e-7,6.781494378332513e-5,5.890773015706419e-6,11.512061931857136,0.0
2655.0,11.512062277190315,11.512064363476249,-2.0862859333448114e-6,-1.8122608122773287e-7,6.781301195631759e-5,5.89060503005447e-6,11.512062277190315,0.0
2657.5,11.512062657645,11.512064745118167,-2.087473166767495e-6,-1.8132920475213304e-7,6.781108094832075e-5,5.890437097585493e-6,11.512062657645,0.0
2660.0,11.512063073160794,11.512065161820402,-2.0886596079350284e-6,-1.8143225889758423e-7,6.780915075766438e-5,5.890269218186837e-6,11.512063073160794,0.0
2662.5,11.512063523677433,11.512065613522685,-2.0898452515183408e-6,-1.8153524320119084e-7,6.780722138534091e-5,5.8901013919770705e-6,11.512063523677433,0.0
2665.0,11.512064009134773,11.512066100164876,-2.091030102846503e-6,-1.816381581258825e-7,6.780529282989387e-5,5.8899336188619745e-6,11.512064009134773,0.0
2667.5,11.512064529472791,11.512066621686959,-2.092214167248585e-6,-1.817410041345903e-7,6.780336508854895e-5,5.8897658986327875e-6,11.512064529472791,0.0
2670.0,11.512065084631601,11.51206717802904,-2.093397439395517e-6,-1.8184378076442293e-7,6.780143816216861e-5,5.889598231396581e-6,11.512065084631601,0.0
2672.5,11.512065674551428,11.512067769131352,-2.0945799246163688e-6,-1.819464884783143e-7,6.779951204823142e-5,5.889430616966425e-6,11.512065674551428,0.0
2675.0,11.51206629917263,11.51206839493425,-2.095761619358427e-6,-1.820491269676799e-7,6.77975867465504e-5,5.889263055358098e-6,11.51206629917263,0.0
2677.5,11.512066958435685,11.512069055378216,-2.0969425307271194e-6,-1.8215169684976033e-7,6.779566225403885e-5,5.88909554633543e-6,11.512066958435685,0.0
2680.0,11.512067652281198,11.51206975040385,-2.098122651617018e-6,-1.8225419750736613e-7,6.779373857390652e-5,5.888928090209122e-6,11.512067652281198,0.0
2682.5,11.51206838064989,11.512070479951873,-2.09930198380448e-6,-1.8235662909482897e-7,6.779181570310363e-5,5.888760686746076e-6,11.51206838064989,0.0
2685.0,11.512069143482627,11.512071243963154,-2.1004805272895055e-6,-1.8245899161217763e-7,6.77898939729028e-5,5.888593364754151e-6,11.512069143482627,0.0
2687.5,11.512069940716037,11.51207204237433,-2.101658292730235e-6,-1.8256128598533468e-7,6.778797344889099e-5,5.888426129964483e-6,11.512069940716037,0.0
2690.0,11.512070772291306,11.51207287512658,-2.1028352747975987e-6,-1.8266351175141886e-7,6.77860535834775e-5,5.888258934841981e-6,11.512070772291306,0.0
2692.5,11.512071638148788,11.51207374216027,-2.10401148237338e-6,-1.8276566968199636e-7,6.778413422200512e-5,5.888091765984287e-6,11.512071638148788,0.0
2695.0,11.512072538229642,11.51207464341654,-2.1051868976940113e-6,-1.8286775823406624e-7,6.778221582573547e-5,5.887924663490628e-6,11.512072538229642,0.0
2697.5,11.512073472474766,11.512075578836305,-2.1063615385230605e-6,-1.8296977895071176e-7,6.778029845630538e-5,5.8877576327468106e-6,11.512073472474766,0.0
2700.0,11.512074440826053,11.512076548361456,-2.107535403084171e-6,-1.8307173167766137e-7,6.777838171557258e-5,5.887590639199264e-6,11.512074440826053,0.0
2702.5,11.512075443224704,11.512077551933192,-2.1087084878246287e-6,-1.8317361610635415e-7,6.77764656256569e-5,5.887423684800983e-6,11.512075443224704,0.0
2705.0,11.512076479356494,11.512078589237287,-2.109880792744434e-6,-1.8327543224090645e-7,6.777455050217994e-5,5.887256797130697e-6,11.512076479356494,0.0
2707.5,11.512077548869136,11.512079659921465,-2.111052328501728e-6,-1.8337718101187586e-7,6.77726362667398e-5,5.887089969559604e-6,11.512077548869136,0.0
2710.0,11.512078651705552,11.512080763928639,-2.112223086214726e-6,-1.8347886164778708e-7,6.777072267914076e-5,5.886923181253656e-6,11.512078651705552,0.0
2712.5,11.512079787808497,11.512081901201569,-2.1133930712124993e-6,-1.8358047461160067e-7,6.77688098410831e-5,5.886756441077789e-6,11.512079787808497,0.0
2715.0,11.512080957120842,11.51208307168313,-2.114562287047761e-6,-1.8368202021197482e-7,6.776689792870231e-5,5.886589764362701e-6,11.512080957120842,0.0
2717.5,11.512082159585907,11.512084275316635,-2.1157307283914406e-6,-1.8378349798604495e-7,6.776498682507254e-5,5.886423140982002e-6,11.512082159585907,0.0
2720.0,11.512083395147014,11.51208551204542,-2.1168984059016793e-6,-1.8388490885968306e-7,6.776307640802443e-5,5.886256560353824e-6,11.512083395147014,0.0
2722.5,11.512084663747396,11.512086781812702,-2.1180653053676224e-6,-1.8398625159851396e-7,6.776116679039621e-5,5.886090032310334e-6,11.512084663747396,0.0
2725.0,11.5120859653305,11.512088084561942,-2.1192314410001245e-6,-1.8408752743702115e-7,6.775925804915165e-5,5.885923563567339e-6,11.5120859653305,0.0
2727.5,11.51208729984007,11.51208942023688,-2.120396809246472e-6,-1.8418873606664964e-7,6.775735007751209e-5,5.88575714487966e-6,11.51208729984007,0.0
2730.0,11.512088667219826,11.512090788781238,-2.1215614118830217e-6,-1.8428987764175895e-7,6.775544283092412e-5,5.885590772407339e-6,11.512088667219826,0.0
2732.5,11.512090067413508,11.512092190138757,-2.1227252489097737e-6,-1.8439095216240775e-7,6.775353640077871e-5,5.885424454119243e-6,11.512090067413508,0.0
2735.0,11.512091500365083,11.512093624253406,-2.1238883238794415e-6,-1.8449195993726132e-7,6.77516308084605e-5,5.8852581919030005e-6,11.512091500365083,0.0
2737.5,11.512092966018713,11.51209509106934,-2.125050626133884e-6,-1.8459290004055636e-7,6.774972597111857e-5,5.885091978591692e-6,11.512092966018713,0.0
2740.0,11.512094464318547,11.512096590530723,-2.126212175213027e-6,-1.8469377416969336e-7,6.774782188628734e-5,5.884925814001096e-6,11.512094464318547,0.0
2742.5,11.512095995208835,11.512098122581794,-2.127372958682372e-6,-1.847945812446103e-7,6.774591861738334e-5,5.884759703669792e-6,11.512095995208835,0.0
2745.0,11.512097558634023,11.512099687167005,-2.1285329818709897e-6,-1.8489532172828045e-7,6.774401615488278e-5,5.884593646800279e-6,11.512097558634023,0.0
2747.5,11.512099154538694,11.512101284230933,-2.1296922394498097e-6,-1.8499599515785698e-7,6.774211444681204e-5,5.884427638907578e-6,11.512099154538694,0.0
2750.0,11.512100782867448,11.512102913718195,-2.1308507474060434e-6,-1.8509660292213744e-7,6.774021350885083e-5,5.884261681383406e-6,11.512100782867448,0.0
2752.5,11.512102443565029,11.512104575573517,-2.1320084879761225e-6,-1.8519714347815423e-7,6.77383133781062e-5,5.8840957774806975e-6,11.512102443565029,0.0
2755.0,11.512104136576339,11.512106269741814,-2.1331654753709017e-6,-1.8529761806040246e-7,6.773641403273754e-5,5.883929925331802e-6,11.512104136576339,0.0
2757.5,11.512105861846385,11.512107996168094,-2.134321709590381e-6,-1.8539802666895083e-7,6.773451544451902e-5,5.88376412251436e-6,11.512105861846385,0.0
2760.0,11.512107619320245,11.512109754797427,-2.1354771817527762e-6,-1.8549836853235303e-7,6.773261763362817e-5,5.883598370810537e-6,11.512107619320245,0.0
2762.5,11.512109408943118,11.512111545575024,-2.136631906068942e-6,-1.855986448851078e-7,6.773072061935923e-5,5.883432671925703e-6,11.512109408943118,0.0
2765.0,11.512111230660366,11.51211336844624,-2.1377858736570943e-6,-1.8569885495577035e-7,6.772882438053236e-5,5.883267024049354e-6,11.512111230660366,0.0
2767.5,11.512113084417429,11.512115223356517,-2.1389390880699466e-6,-1.8579899905302117e-7,6.772692890295858e-5,5.88310142597821e-6,11.512113084417429,0.0
2770.0,11.512114970159844,11.512117110251396,-2.140091551083856e-6,-1.8589907733123872e-7,6.772503420537595e-5,5.882935879369141e-6,11.512114970159844,0.0
2772.5,11.51211688783328,11.512119029076544,-2.141243264475179e-6,-1.8599908994480223e-7,6.772314029203889e-5,5.882770384620826e-6,11.51211688783328,0.0
2775.0,11.512118837383529,11.512120979777755,-2.142394226467559e-6,-1.8609903673948536e-7,6.772124714667537e-5,5.882604940348847e-6,11.512118837383529,0.0
2777.5,11.512120818756479,11.51212296230092,-2.1435444406137094e-6,-1.861989180239729e-7,6.7719354765484e-5,5.882439546251995e-6,11.512120818756479,0.0
2780.0,11.512122831898125,11.512124976592029,-2.144693903360917e-6,-1.8629873348973802e-7,6.771746316111757e-5,5.882274203458293e-6,11.512122831898125,0.0
2782.5,11.51212487675458,11.5121270225972,-2.145842620038252e-6,-1.863984835997708e-7,6.771557233248506e-5,5.882108911901846e-6,11.51212487675458,0.0
2785.0,11.512126953272082,11.51212910026267,-2.1469905870930006e-6,-1.8649816804554637e-7,6.77136822681064e-5,5.881943670614247e-6,11.512126953272082,0.0
2787.5,11.51212906139696,11.512131209534775,-2.148137815183304e-6,-1.8659778775296622e-7,6.771179297113975e-5,5.8817784798985865e-6,11.51212906139696,0.0
2790.0,11.512131201075656,11.51213335035995,-2.1492842936510215e-6,-1.8669734179629566e-7,6.770990444505155e-5,5.881613340084672e-6,11.512131201075656,0.0
2792.5,11.51213337225473,11.512135522684762,-2.1504300313779368e-6,-1.867968309471349e-7,6.770801668798884e-5,5.881448251040176e-6,11.51213337225473,0.0
2795.0,11.512135574880858,11.512137726455881,-2.1515750230349795e-6,-1.868962547426607e-7,6.770612969222559e-5,5.881283212122552e-6,11.512135574880858,0.0
2797.5,11.51213780890081,11.51213996162008,-2.1527192703985065e-6,-1.869956133372634e-7,6.770424346187012e-5,5.8811182237171795e-6,11.51213780890081,0.0
2800.0,11.512140074261472,11.512142228124251,-2.1538627787975884e-6,-1.8709490719394005e-7,6.770235799871064e-5,5.880953286007849e-6,11.512140074261472,0.0
2802.5,11.512142370909844,11.512144525915392,-2.155005548232225e-6,-1.8719413631277977e-7,6.770047330038756e-5,5.880788398817983e-6,11.512142370909844,0.0
2805.0,11.512144698793039,11.512146854940614,-2.156147575149703e-6,-1.872933003852669e-7,6.769858936003624e-5,5.880623561579618e-6,11.512144698793039,0.0
2807.5,11.512147057858257,11.512149215147124,-2.157288866655449e-6,-1.8739240002870458e-7,6.769670618196121e-5,5.880458774694948e-6,11.512147057858257,0.0
2810.0,11.51214944805283,11.512151606482252,-2.158429422749464e-6,-1.874914352431849e-7,6.769482376693633e-5,5.880294038259403e-6,11.51214944805283,0.0
2812.5,11.512151869324196,11.512154028893429,-2.159569232773606e-6,-1.8759040510298448e-7,6.769294211090063e-5,5.880129351948381e-6,11.512151869324196,0.0
2815.0,11.512154321619892,11.512156482328205,-2.1607083127150872e-6,-1.8768931099692302e-7,6.769106121324266e-5,5.8799647157368675e-6,11.512154321619892,0.0
2817.5,11.512156804887562,11.512158966734221,-2.1618466590211938e-6,-1.877881526164904e-7,6.768918107423384e-5,5.879800129676478e-6,11.512156804887562,0.0
2820.0,11.51215931907497,11.512161482059234,-2.1629842645864983e-6,-1.878869293445723e-7,6.768730169292549e-5,5.879635593712781e-6,11.51215931907497,0.0
2822.5,11.512161864129979,11.51216402825112,-2.1641211418454986e-6,-1.8798564226138513e-7,6.768542306789498e-5,5.87947110775012e-6,11.512161864129979,0.0
2825.0,11.512164440000559,11.512166605257846,-2.165257287245481e-6,-1.8808429105842203e-7,6.768354519655168e-5,5.879306671591324e-6,11.512164440000559,0.0
2827.5,11.512167046634794,11.512169213027489,-2.1663926954573753e-6,-1.8818287527287485e-7,6.768166808134153e-5,5.879142285476656e-6,11.512167046634794,0.0
2830.0,11.512169683980867,11.512171851508242,-2.1675273753629654e-6,-1.8828139567635718e-7,6.767979172079499e-5,5.878977949306213e-6,11.512169683980867,0.0
2832.5,11.51217235198707,11.512174520648395,-2.1686613251858944e-6,-1.8837985211466803e-7,6.767791611209873e-5,5.878813662863301e-6,11.51217235198707,0.0
2835.0,11.51217505060181,11.512177220396353,-2.1697945431498056e-6,-1.8847824443360748e-7,6.767604125492312e-5,5.878649426146911e-6,11.51217505060181,0.0
2837.5,11.512177779773582,11.512179950700618,-2.1709270363601263e-6,-1.8857657325048913e-7,6.767416715013946e-5,5.878485239260304e-6,11.512177779773582,0.0
2840.0,11.512180539451006,11.512182711509809,-2.1720588030404997e-6,-1.8867483841111486e-7,6.767229379465469e-5,5.878321101962309e-6,11.512180539451006,0.0
2842.5,11.512183329582799,11.512185502772638,-2.173189839638212e-6,-1.8877303960698553e-7,6.767042118953017e-5,5.878157014372577e-6,11.512183329582799,0.0
2845.0,11.512186150117785,11.512188324437934,-2.174320149705977e-6,-1.8887117714681247e-7,6.76685493315557e-5,5.877992976239649e-6,11.512186150117785,0.0
2847.5,11.512189001004888,11.512191176454625,-2.1754497367965087e-6,-1.889692513393079e-7,6.766667822071461e-5,5.87782898758942e-6,11.512189001004888,0.0
2850.0,11.51219188219315,11.512194058771748,-2.176578597357093e-6,-1.8906726187597562e-7,6.766480785853099e-5,5.877665048581555e-6,11.51219188219315,0.0
2852.5,11.512194793631705,11.512196971338444,-2.177706738493157e-6,-1.89165209374134e-7,6.766293824150055e-5,5.8775011589388854e-6,11.512194793631705,0.0
2855.0,11.512197735269801,11.512199914103952,-2.178834151322917e-6,-1.8926309306238245e-7,6.766106936931417e-5,5.877337318661723e-6,11.512197735269801,0.0
2857.5,11.512200707056778,11.512202887017626,-2.1799608482808708e-6,-1.893609140209476e-7,6.765920124200204e-5,5.877173527779804e-6,11.512200707056778,0.0
2860.0,11.5122037089421,11.51220589002892,-2.181086820485234e-6,-1.8945867147843084e-7,6.765733385715703e-5,5.877009786111084e-6,11.5122037089421,0.0
2862.5,11.512206740875314,11.512208923087389,-2.1822120750414342e-6,-1.8955636605215387e-7,6.765546721558866e-5,5.87684609375288e-6,11.512206740875314,0.0
2865.0,11.512209802806087,11.512211986142695,-2.1833366083967576e-6,-1.8965399743362669e-7,6.765360131548116e-5,5.876682450574405e-6,11.512209802806087,0.0
2867.5,11.51221289468418,11.512215079144605,-2.184460424103918e-6,-1.8975156593156845e-7,6.765173615659591e-5,5.876518856581814e-6,11.51221289468418,0.0
2870.0,11.51221601645946,11.512218202042986,-2.1855835257156286e-6,-1.89849071854699e-7,6.764987173795624e-5,5.876355311717101e-6,11.51221601645946,0.0
2872.5,11.512219168081904,11.512221354787812,-2.1867059079028195e-6,-1.8994651474022928e-7,6.764800805898321e-5,5.876191815956742e-6,11.512219168081904,0.0
2875.0,11.512222349501577,11.512224537329152,-2.187827574218204e-6,-1.9004389489688117e-7,6.764614511835828e-5,5.87602836921292e-6,11.512222349501577,0.0
2877.5,11.512225560668664,11.512227749617187,-2.1889485228854255e-6,-1.9014121217047148e-7,6.764428291466097e-5,5.8758649713889025e-6,11.512225560668664,0.0
2880.0,11.512228801533439,11.512230991602198,-2.1900687592335544e-6,-1.902384670240254e-7,6.764242144831094e-5,5.875701622547748e-6,11.512228801533439,0.0
2882.5,11.512232072046285,11.512234263234566,-2.191188281486234e-6,-1.9033565930336157e-7,6.764056071766464e-5,5.875538322573236e-6,11.512232072046285,0.0
2885.0,11.512235372157683,11.512237564464776,-2.1923070931961774e-6,-1.9043278931720486e-7,6.763870072166291e-5,5.8753750713998576e-6,11.512235372157683,0.0
2887.5,11.512238701818225,11.512240895243412,-2.193425187257958e-6,-1.9052985644847094e-7,6.763684146035382e-5,5.875211869058219e-6,11.512238701818225,0.0
2890.0,11.512242060978588,11.512244255521164,-2.1945425761060733e-6,-1.9062686177739456e-7,6.763498293210388e-5,5.8750487154328155e-6,11.512242060978588,0.0
2892.5,11.512245449589567,11.51224764524882,-2.195659252635096e-6,-1.9072380468689323e-7,6.763312513670236e-5,5.874885610531663e-6,11.512245449589567,0.0
2895.0,11.512248867602052,11.51225106437727,-2.196775218621383e-6,-1.9082068533139355e-7,6.763126807192629e-5,5.874722554187935e-6,11.512248867602052,0.0
2897.5,11.512252314967032,11.51225451285751,-2.1978904776176478e-6,-1.9091750401962431e-7,6.762941173823854e-5,5.874559546468054e-6,11.512252314967032,0.0
2900.0,11.512255791635598,11.512257990640627,-2.1990050296238906e-6,-1.9101426075171216e-7,6.762755613584695e-5,5.874396587416236e-6,11.512255791635598,0.0
2902.5,11.512259297558941,11.512261497677816,-2.2001188746401112e-6,-1.9111095552778458e-7,6.762570126344371e-5,5.8742336769449815e-6,11.512259297558941,0.0
2905.0,11.512262832688357,11.512265033920366,-2.201232009113596e-6,-1.912075880393674e-7,6.76238471188503e-5,5.874070814891107e-6,11.512262832688357,0.0
2907.5,11.512266394295699,11.512268596640144,-2.2023444454788432e-6,-1.9130415941122592e-7,6.762199368900778e-5,5.8739080015134395e-6,11.512266394295699,0.0
2910.0,11.51226998188078,11.512272185336968,-2.203456189064923e-6,-1.9140067011397003e-7,6.762014097733993e-5,5.873745237365664e-6,11.51226998188078,0.0
2912.5,11.512273595401625,11.512275799968855,-2.204567229213694e-6,-1.914971192218946e-7,6.761828898809385e-5,5.873582522839171e-6,11.512273595401625,0.0
2915.0,11.512277234816297,11.512279440493874,-2.205677576583298e-6,-1.915935076609102e-7,6.761643771927075e-5,5.873419857782787e-6,11.512277234816297,0.0
2917.5,11.512280900082944,11.512283106870166,-2.2067872222919505e-6,-1.9168983465961563e-7,6.761458716851217e-5,5.87325724201405e-6,11.512280900082944,0.0
2920.0,11.51228459115981,11.512286799055989,-2.207896178774149e-6,-1.9178610129822316e-7,6.761273733179778e-5,5.873094675206088e-6,11.51228459115981,0.0
2922.5,11.512288308005218,11.512290517009653,-2.209004435371753e-6,-1.9188230665103248e-7,6.761088821425562e-5,5.8729321578266514e-6,11.512288308005218,0.0
2925.0,11.512292050577585,11.512294260689583,-2.210111997413833e-6,-1.9197845118105294e-7,6.760903981469743e-5,5.87276968979478e-6,11.512292050577585,0.0
2927.5,11.512295818835405,11.512298030054275,-2.211218870229459e-6,-1.9207453535129433e-7,6.760719212823843e-5,5.872607270708375e-6,11.512295818835405,0.0
2930.0,11.512299612737268,11.512301825062313,-2.212325044936847e-6,-1.921705583903601e-7,6.760534515665097e-5,5.872444900743555e-6,11.512299612737268,0.0
2932.5,11.512303432241834,11.51230564567237,-2.213430535746852e-6,-1.9226652153276524e-7,6.760349889974896e-5,5.872282579906276e-6,11.512303432241834,0.0
2935.0,11.512307277307873,11.5123094918432,-2.2145353266722623e-6,-1.9236242338991201e-7,6.760165335587417e-5,5.872120308074566e-6,11.512307277307873,0.0
2937.5,11.512311147894218,11.51231336353365,-2.2156394319239325e-6,-1.924582651963162e-7,6.759980852272227e-5,5.871958085070289e-6,11.512311147894218,0.0
2940.0,11.512315043959797,11.512317260702645,-2.216742847949149e-6,-1.9255404664348677e-7,6.759796440004745e-5,5.871795910894072e-6,11.512315043959797,0.0
2942.5,11.512318965463622,11.512321183309197,-2.217845574747912e-6,-1.92649767731535e-7,6.759612099044295e-5,5.8716337857931065e-6,11.512318965463622,0.0
2945.0,11.512322911907956,11.512325130855569,-2.218947612320221e-6,-1.9274542846822138e-7,6.759427828956624e-5,5.871471709645063e-6,11.512322911907956,0.0
2947.5,11.512326882229413,11.51232910227838,-2.220048967771504e-6,-1.928410294880006e-7,6.75924362960968e-5,5.871309682878569e-6,11.512326882229413,0.0
2950.0,11.512330876388628,11.512333097538267,-2.2211496393254038e-6,-1.9293657063669887e-7,6.759059501430873e-5,5.8711477058859195e-6,11.512330876388628,0.0
2952.5,11.51233489434635,11.512337116595972,-2.2222496216528498e-6,-1.9303205145154223e-7,6.758875444465438e-5,5.870985778727378e-6,11.51233489434635,0.0
2955.0,11.512338936063399,11.51234115941232,-2.2233489218592695e-6,-1.931274725498601e-7,6.758691458449936e-5,5.870823901195047e-6,11.512338936063399,0.0
2957.5,11.512343001500668,11.512345225948208,-2.224447539944663e-6,-1.9322283393178083e-7,6.758507543121857e-5,5.870662073081792e-6,11.512343001500668,0.0
2960.0,11.512347090579153,11.512349316124617,-2.225545463474532e-6,-1.9331813451800395e-7,6.758323770782323e-5,5.870500357231959e-6,11.512347090579153,0.0
2962.5,11.512351203195282,11.512353429837967,-2.2266426853434496e-6,-1.9341337369254678e-7,6.758140122227447e-5,5.870338737018124e-6,11.512351203195282,0.0
2965.0,11.512355339329709,11.51235756706895,-2.2277392410785524e-6,-1.9350855454121688e-7,6.757956525235185e-5,5.870177149716661e-6,11.512355339329709,0.0
2967.5,11.512359498935888,11.512361727771001,-2.228835112916272e-6,-1.9360367552127676e-7,6.757772996594531e-5,5.8700156099357096e-6,11.512359498935888,0.0
2970.0,11.512363681978293,11.512365911908597,-2.229930304409322e-6,-1.936987369414071e-7,6.757589539310751e-5,5.86985412030479e-6,11.512363681978293,0.0
2972.5,11.512367888417383,11.51237011944221,-2.231024826215844e-6,-1.9379373972755705e-7,6.757406146574483e-5,5.869692674930171e-6,11.512367888417383,0.0
2975.0,11.512372118216634,11.512374350335309,-2.2321186747831234e-6,-1.938886835712272e-7,6.757222481319095e-5,5.86953098104498e-6,11.512372118216634,0.0
2977.5,11.512376371382686,11.512378604594417,-2.2332117310952526e-6,-1.9398355813370914e-7,6.757038325558957e-5,5.869368849298146e-6,11.512376371382686,0.0
2980.0,11.512380647868484,11.512382882172595,-2.234304110615426e-6,-1.9407837344477547e-7,6.756854427378313e-5,5.869206929523603e-6,11.512380647868484,0.0
2982.5,11.512384947641177,11.512387183036953,-2.23539577604015e-6,-1.9417312626417778e-7,6.756671032132163e-5,5.869045434861494e-6,11.512384947641177,0.0
2985.0,11.512389270662775,11.512391507149605,-2.236486830398121e-6,-1.942678255414278e-7,6.75648747395822e-5,5.868883786944121e-6,11.512389270662775,0.0
2987.5,11.512393616897613,11.512395854474818,-2.237577204411423e-6,-1.9436246525893286e-7,6.756303676426095e-5,5.868721919401154e-6,11.512393616897613,0.0
2990.0,11.512397987146397,11.512400225813256,-2.2386668590002046e-6,-1.9445704200807498e-7,6.756120196329602e-5,5.868560315472777e-6,11.512397987146397,0.0
2992.5,11.512402383224968,11.51240462298081,-2.239755842126101e-6,-1.9455155992373143e-7,6.755936993588151e-5,5.8683989394189426e-6,11.512402383224968,0.0
2995.0,11.512406805095063,11.512409045939243,-2.2408441804344648e-6,-1.9464602132047063e-7,6.755753622054845e-5,5.868237403724251e-6,11.512406805095063,0.0
2997.5,11.512411252713752,11.512413494645584,-2.2419318312927317e-6,-1.947404224952661e-7,6.755570198512466e-5,5.8680758098526196e-6,11.512411252713752,0.0
3000.0,11.512415726037867,11.512417969056642,-2.2430187751609765e-6,-1.948347617509933e-7,6.755387061219928e-5,5.867914451648172e-6,11.512415726037867,0.0
3002.5,11.512420225027657,11.512422469132721,-2.2441050635535476e-6,-1.949290435624414e-7,6.755204054761586e-5,5.8677531941337366e-6,11.512420225027657,0.0
3005.0,11.512424749643655,11.51242699483434,-2.245190685812304e-6,-1.9502326700392108e-7,6.755020931720988e-5,5.867591822417841e-6,11.512424749643655,0.0
3007.5,11.5124292998433,11.512431546118925,-2.246275625950034e-6,-1.9511743068690194e-7,6.754837864406644e-5,5.867430486195114e-6,11.5124292998433,0.0
3010.0,11.512433875584826,11.512436122944699,-2.2473598733085964e-6,-1.952115336857413e-7,6.75465502137924e-5,5.8672693319040725e-6,11.512433875584826,0.0
3012.5,11.512438476828837,11.512440725272299,-2.2484434616387716e-6,-1.9530557893223307e-7,6.754472231860303e-5,5.867108211223083e-6,11.512438476828837,0.0
3015.0,11.512443103535093,11.51244535306148,-2.2495263873878457e-6,-1.9539956611790683e-7,6.754289390110143e-5,5.866947032325504e-6,11.512443103535093,0.0
3017.5,11.512447755661736,11.51245000627036,-2.250608623910466e-6,-1.954934929284377e-7,6.754106654149723e-5,5.866785932494768e-6,11.512447755661736,0.0
3020.0,11.512452433168043,11.512454684858234,-2.251690190746558e-6,-1.9558736106125467e-7,6.753924080680385e-5,5.866624961004779e-6,11.512452433168043,0.0
3022.5,11.512457136014588,11.512459388785683,-2.252771095001549e-6,-1.9568117113367332e-7,6.75374153066474e-5,5.866463997105286e-6,11.512457136014588,0.0
3025.0,11.512461864160922,11.51246411801225,-2.2538513277936545e-6,-1.9577492237434002e-7,6.753558983610557e-5,5.866303023017906e-6,11.512461864160922,0.0
3027.5,11.51246661756592,11.512468872496806,-2.254930885570161e-6,-1.958686144748119e-7,6.753376555959139e-5,5.866142139908333e-6,11.51246661756592,0.0
3030.0,11.512471396189556,11.51247365219933,-2.2560097736601392e-6,-1.9596224789812226e-7,6.753194242750953e-5,5.865981343489941e-6,11.512471396189556,0.0
3032.5,11.51247619999233,11.512478457080336,-2.2570880062744436e-6,-1.9605582387878878e-7,6.753011950227518e-5,5.8658205523430465e-6,11.51247619999233,0.0
3035.0,11.512481028933907,11.512483287099474,-2.2581655674258627e-6,-1.9614934102827148e-7,6.752829699427334e-5,5.8656597847637605e-6,11.512481028933907,0.0
3037.5,11.512485882973852,11.512488142216306,-2.259242453561683e-6,-1.9624279903812448e-7,6.752647562623122e-5,5.865499103551395e-6,11.512485882973852,0.0
3040.0,11.512490762072575,11.512493022391256,-2.2603186806691156e-6,-1.963361992971705e-7,6.752465509208264e-5,5.865338482141487e-6,11.512490762072575,0.0
3042.5,11.512495666190588,11.512497927584837,-2.261394248748161e-6,-1.9642954180554683e-7,6.752283485911529e-5,5.865177874282594e-6,11.512495666190588,0.0
3045.0,11.512500595287854,11.512502857757,-2.262469145364321e-6,-1.965228254833155e-7,6.752101527432403e-5,5.865017310136848e-6,11.512500595287854,0.0
3047.5,11.512505549324516,11.512507812867891,-2.263543375846666e-6,-1.9661605079351967e-7,6.751919670340297e-5,5.864856821490487e-6,11.512505549324516,0.0
3050.0,11.512510528261295,11.512512792878244,-2.2646169490769807e-6,-1.9670921850778973e-7,6.751737879731068e-5,5.8646963780460194e-6,11.512510528261295,0.0
3052.5,11.512515532058819,11.512517797748679,-2.2656898597261943e-6,-1.9680232816337525e-7,6.751556132080933e-5,5.864535959391258e-6,11.512515532058819,0.0
3055.0,11.512520560677418,11.512522827439527,-2.2667621095706636e-6,-1.9689537991472506e-7,6.751374459903703e-5,5.864375593789549e-6,11.512520560677418,0.0
3057.5,11.512525614077724,11.512527881911424,-2.2678337003867455e-6,-1.969883739162845e-7,6.751192876182507e-5,5.864215292539307e-6,11.512525614077724,0.0
3060.0,11.512530692220713,11.512532961125341,-2.2689046286217263e-6,-1.970813098596018e-7,6.751011352025e-5,5.864055030564928e-6,11.512530692220713,0.0
3062.5,11.512535795067203,11.512538065042104,-2.2699749013810333e-6,-1.971741883620161e-7,6.750829881912189e-5,5.86389480309345e-6,11.512535795067203,0.0
3065.0,11.51254092257794,11.512543193622454,-2.271044513335596e-6,-1.972670089607858e-7,6.75064849036397e-5,5.863734631444276e-6,11.51254092257794,0.0
3067.5,11.512546074713955,11.512548346827419,-2.2721134644854146e-6,-1.973597716560599e-7,6.75046717712521e-5,5.863574515416595e-6,11.512546074713955,0.0
3070.0,11.512551251436445,11.512553524618209,-2.273181763712273e-6,-1.9745247721947327e-7,6.75028592212452e-5,5.863414437596769e-6,11.512551251436445,0.0
3072.5,11.512556452706514,11.512558726955923,-2.2742494092398147e-6,-1.975451254968792e-7,6.750104729268637e-5,5.863254401399038e-6,11.512556452706514,0.0
3075.0,11.512561678485296,11.512563953801688,-2.275316392186255e-6,-1.9763771571694352e-7,6.749923613830352e-5,5.863094420110361e-6,11.512561678485296,0.0
3077.5,11.512566928734156,11.512569205116879,-2.2763827232097356e-6,-1.9773024880560076e-7,6.749742569677946e-5,5.862934488425251e-6,11.512566928734156,0.0
3080.0,11.512572203414562,11.51257448086296,-2.2774483987575422e-6,-1.9782272445440683e-7,6.749561585545439e-5,5.862774596578477e-6,11.512572203414562,0.0
3082.5,11.512577502487906,11.512579781001332,-2.2785134259351025e-6,-1.9791514328070394e-7,6.749380668206757e-5,5.862614750474595e-6,11.512577502487906,0.0
3085.0,11.512582825915699,11.512585105493493,-2.2795777940842754e-6,-1.9800750435886312e-7,6.74919982559689e-5,5.86245495702661e-6,11.512582825915699,0.0
3087.5,11.512588173659621,11.512590454301133,-2.280641512086845e-6,-1.9809980846052228e-7,6.749019050524719e-5,5.862295210008664e-6,11.512588173659621,0.0
3090.0,11.5125935456814,11.51259582738598,-2.2817045799428115e-6,-1.9819205558583485e-7,6.748838337624858e-5,5.862135504780745e-6,11.5125935456814,0.0
3092.5,11.512598941942759,11.512601224709758,-2.2827669994285316e-6,-1.9828424588925295e-7,6.748657693711616e-5,5.861975847282295e-6,11.512598941942759,0.0
3095.0,11.512604362405556,11.512606646234321,-2.2838287652149347e-6,-1.983763789080414e-7,6.7484771216702e-5,5.8618162400398054e-6,11.512604362405556,0.0
3097.5,11.51260980703176,11.512612091921648,-2.284889887960162e-6,-1.9846845556813534e-7,6.7482966153209e-5,5.861656677705801e-6,11.51260980703176,0.0
3100.0,11.512615275783396,11.512617561733752,-2.2859503552297156e-6,-1.9856047478961412e-7,6.748116173452063e-5,5.861497159248098e-6,11.512615275783396,0.0
3102.5,11.512620768622513,11.512623055632691,-2.2870101776817364e-6,-1.9865243749841483e-7,6.747935801001102e-5,5.861337688975656e-6,11.512620768622513,0.0
3105.0,11.512626285511281,11.512628573580637,-2.2880693553162246e-6,-1.9874434369469417e-7,6.747755497977575e-5,5.861178266916969e-6,11.512626285511281,0.0
3107.5,11.512631826411981,11.512634115539868,-2.289127886356823e-6,-1.9883619322431257e-7,6.747575260092867e-5,5.861018889367029e-6,11.512631826411981,0.0
3110.0,11.512637391286924,11.512639681472693,-2.2901857690271754e-6,-1.9892798593313206e-7,6.747395088113166e-5,5.860859557011477e-6,11.512637391286924,0.0
3112.5,11.512642980098486,11.512645271341492,-2.291243006879995e-6,-1.9901972212990438e-7,6.747214985176742e-5,5.8607002725963305e-6,11.512642980098486,0.0
3115.0,11.512648592809155,11.512650885108755,-2.2922995999152818e-6,-1.9911140181478838e-7,6.747034950007718e-5,5.860541035033365e-6,11.512648592809155,0.0
3117.5,11.512654229381496,11.51265652273705,-2.2933555534621064e-6,-1.9920302545083162e-7,6.746854980066849e-5,5.860381842136951e-6,11.512654229381496,0.0
3120.0,11.512659889778131,11.51266218418899,-2.2944108586386847e-6,-1.9929459226671396e-7,6.746675076749712e-5,5.860222695139248e-6,11.512659889778131,0.0
3122.5,11.512665573961746,11.51266786942727,-2.2954655243268007e-6,-1.9938610303407639e-7,6.746495241504785e-5,5.860063595318331e-6,11.512665573961746,0.0
3125.0,11.512671281895134,11.512673578414686,-2.2965195523028115e-6,-1.9947755790737514e-7,6.746315473060416e-5,5.859904541589487e-6,11.512671281895134,0.0
3127.5,11.512677013541165,11.512679311114102,-2.2975729372376463e-6,-1.9956895642388388e-7,6.746135770286811e-5,5.859745532991182e-6,11.512677013541165,0.0
3130.0,11.512682768862755,11.512685067488434,-2.2986256791313053e-6,-1.9966029858376513e-7,6.74595613419002e-5,5.85958657041707e-6,11.512682768862755,0.0
3132.5,11.5126885478229,11.512690847500686,-2.299677785089216e-6,-1.9975158500436416e-7,6.745776565650416e-5,5.85942765465159e-6,11.5126885478229,0.0
3135.0,11.512694350384706,11.512696651113956,-2.3007292497823073e-6,-1.998428152229566e-7,6.745597063308519e-5,5.8592687845335785e-6,11.512694350384706,0.0
3137.5,11.512700176511323,11.512702478291402,-2.3017800785396503e-6,-1.9993398970259253e-7,6.745417626642291e-5,5.859109959629249e-6,11.512700176511323,0.0
3140.0,11.51270602616598,11.512708328996244,-2.3028302642558174e-6,-2.0002510782625429e-7,6.745238256756887e-5,5.858951180918167e-6,11.51270602616598,0.0
3142.5,11.512711899311975,11.512714203191798,-2.30387982291802e-6,-2.0011617098276428e-7,6.745058953747751e-5,5.858792448502816e-6,11.512711899311975,0.0
3145.0,11.51271779591271,11.512720100841449,-2.304928738539047e-6,-2.0020717778362914e-7,6.74487971643046e-5,5.8586337613739245e-6,11.51271779591271,0.0
3147.5,11.512723715931633,11.512726021908652,-2.3059770182243255e-6,-2.0029812884619555e-7,6.744700544878891e-5,5.858475119615164e-6,11.512723715931633,0.0
3150.0,11.512729659332273,11.512731966356938,-2.307024665526569e-6,-2.0038902447921934e-7,6.744521439869819e-5,5.8583165239207005e-6,11.512729659332273,0.0
3152.5,11.512735626078227,11.512737934149909,-2.3080716822221348e-6,-2.0047986483716132e-7,6.744342401035425e-5,5.858157973990463e-6,11.512735626078227,0.0
3155.0,11.512741616133193,11.512743925251252,-2.309118059429238e-6,-2.0057064914871305e-7,6.744163427892526e-5,5.857999469424123e-6,11.512741616133193,0.0
3157.5,11.512747629460913,11.512749939624719,-2.3101638060296636e-6,-2.006613781855164e-7,6.743984520303294e-5,5.857841010121302e-6,11.512747629460913,0.0
3160.0,11.51275366602521,11.512755977234132,-2.311208922023411e-6,-2.0075205194773862e-7,6.743805679018201e-5,5.8576825967531595e-6,11.51275366602521,0.0
3162.5,11.512759725789993,11.512762038043398,-2.3122534056341237e-6,-2.0084267028125262e-7,6.743626903467158e-5,5.8575242288437656e-6,11.512759725789993,0.0
3165.0,11.512765808719232,11.512768122016489,-2.3132972568618015e-6,-2.009332331862269e-7,6.743448193356889e-5,5.857365906157594e-6,11.512765808719232,0.0
3167.5,11.512771914776975,11.512774229117454,-2.314340479259158e-6,-2.0102374097141936e-7,6.743269548817806e-5,5.857207628827099e-6,11.512771914776975,0.0
3170.0,11.51277804392734,11.512780359310415,-2.3153830746025506e-6,-2.0111419379129336e-7,6.743090969938008e-5,5.8570493969479375e-6,11.51277804392734,0.0
3172.5,11.512784196134522,11.512786512559561,-2.316425039339265e-6,-2.0120459133742964e-7,6.74291245649426e-5,5.856891210345303e-6,11.512784196134522,0.0
3175.0,11.51279037136279,11.512792688829165,-2.317466375245658e-6,-2.0129493376429257e-7,6.74273400826338e-5,5.856733068844395e-6,11.51279037136279,0.0
3177.5,11.51279656957648,11.512798888083564,-2.318507084098087e-6,-2.013852212263469e-7,6.742555625541105e-5,5.856574972721109e-6,11.51279656957648,0.0
3180.0,11.512802790740002,11.512805110287168,-2.3195471658965516e-6,-2.0147545372376342e-7,6.742377308191972e-5,5.856416921876759e-6,11.512802790740002,0.0
3182.5,11.512809034817844,11.512811355404462,-2.320586618864695e-6,-2.0156563110241944e-7,6.742199055903568e-5,5.856258916058919e-6,11.512809034817844,0.0
3185.0,11.512815301774557,11.51281762340001,-2.3216254536606584e-6,-2.016557542882503e-7,6.742020868705313e-5,5.856100955312046e-6,11.512815301774557,0.0
3187.5,11.512821591574772,11.51282391423843,-2.3226636578499438e-6,-2.0174582220137054e-7,6.741842746686285e-5,5.855943039732371e-6,11.512821591574772,0.0
3190.0,11.512827904183187,11.512830227884432,-2.323701245643406e-6,-2.018358360763031e-7,6.741664693952382e-5,5.855785172905084e-6,11.512827904183187,0.0
3192.5,11.512834239563198,11.512836564301404,-2.3247382063829036e-6,-2.0192579498748218e-7,6.741486892162266e-5,5.855627512637619e-6,11.512834239563198,0.0
3195.0,11.512840597656572,11.51284292343116,-2.3257745880300718e-6,-2.0201570310141193e-7,6.741309396081904e-5,5.855470106529653e-6,11.512840597656572,0.0
3197.5,11.512846978439304,11.512849305249656,-2.3268103515050598e-6,-2.021055570236099e-7,6.741131700281138e-5,5.855312515579855e-6,11.512846978439304,0.0
3200.0,11.512853381872556,11.512855709718053,-2.3278454968078677e-6,-2.021953567543171e-7,6.740953945559522e-5,5.855154862106922e-6,11.512853381872556,0.0
3202.5,11.512859807915776,11.51286213679577,-2.328879993740429e-6,-2.0228509967082077e-7,6.74077648692464e-5,5.85499745448994e-6,11.512859807915776,0.0
3205.0,11.512866256538201,11.512868586452083,-2.329913881382595e-6,-2.0237478916767818e-7,6.740599142720278e-5,5.854840134959673e-6,11.512866256538201,0.0
3207.5,11.51287272770266,11.51287505864983,-2.3309471686161487e-6,-2.024644260165706e-7,6.740421669582482e-5,5.85468269215159e-6,11.51287272770266,0.0
3210.0,11.512879221373744,11.51288155335357,-2.3319798252430246e-6,-2.0255400759470204e-7,6.740244248769933e-5,5.85452528352475e-6,11.512879221373744,0.0
3212.5,11.512885737513882,11.512888070525728,-2.333011845934152e-6,-2.0264353343942314e-7,6.740067051583595e-5,5.854368057889768e-6,11.512885737513882,0.0
3215.0,11.512892276089413,11.512894610132683,-2.3340432697693814e-6,-2.0273300694533958e-7,6.739889895789134e-5,5.854210856977178e-6,11.512892276089413,0.0
3217.5,11.512898837065283,11.512901172139365,-2.335074082537858e-6,-2.0282242687829301e-7,6.739712676588214e-5,5.854053589778796e-6,11.512898837065283,0.0
3220.0,11.512905420404646,11.512907756508907,-2.336104261146943e-6,-2.0291179123269784e-7,6.739535561331061e-5,5.853896401673197e-6,11.512905420404646,0.0
3222.5,11.512912026072154,11.51291436320598,-2.3371338251365614e-6,-2.0300110170597025e-7,6.739358603527198e-5,5.853739339156973e-6,11.512912026072154,0.0
3225.0,11.512918654033506,11.512920992196284,-2.338162778059427e-6,-2.0309035860687343e-7,6.739181657842562e-5,5.853582276012622e-6,11.512918654033506,0.0
3227.5,11.51292530425346,11.512927643444588,-2.3391911270209675e-6,-2.0317956255277285e-7,6.739004706967475e-5,5.853425197223979e-6,11.51292530425346,0.0
3230.0,11.512931976695976,11.512934316914823,-2.3402188471521868e-6,-2.03268711383787e-7,6.738827872395983e-5,5.853268208338635e-6,11.512931976695976,0.0
3232.5,11.51293867132622,11.512941012572174,-2.3412459544402964e-6,-2.0335780648874066e-7,6.738651145670066e-5,5.853111302028516e-6,11.51293867132622,0.0
3235.0,11.512945388109845,11.512947730382301,-2.3422724559907238e-6,-2.034468484849879e-7,6.738474429371163e-5,5.852954393695306e-6,11.512945388109845,0.0
3237.5,11.51295212701159,11.512954470309941,-2.343298350027112e-6,-2.03535837218439e-7,6.738297748345045e-5,5.8527975049385535e-6,11.51295212701159,0.0
3240.0,11.512958887996115,11.512961232319736,-2.3443236205622497e-6,-2.0362477130067215e-7,6.738121176836433e-5,5.852640700265051e-6,11.512958887996115,0.0
3242.5,11.512965671028944,11.512968016377231,-2.345348287136062e-6,-2.0371365242909233e-7,6.73794468099747e-5,5.852483950293306e-6,11.512965671028944,0.0
3245.0,11.512972476075678,11.51297482244802,-2.3463723426431216e-6,-2.0380247998672435e-7,6.737768206636446e-5,5.85232720797148e-6,11.512972476075678,0.0
3247.5,11.5129793031013,11.512981650497093,-2.347395792412499e-6,-2.038912544366488e-7,6.737591791114772e-5,5.852170505769813e-6,11.5129793031013,0.0
3250.0,11.512986152071012,11.512988500489634,-2.348418622233339e-6,-2.0397997454473567e-7,6.737415471362713e-5,5.852013875783873e-6,11.512986152071012,0.0
3252.5,11.512993022950582,11.512995372391437,-2.3494408551982815e-6,-2.040686423169707e-7,6.73723921029834e-5,5.851857285823058e-6,11.512993022950582,0.0
3255.0,11.512999915705654,11.513002266168131,-2.350462477096471e-6,-2.0415725651921944e-7,6.737062984305223e-5,5.851700715392818e-6,11.512999915705654,0.0
3257.5,11.513006830301554,11.513009181785044,-2.3514834897042647e-6,-2.0424581730597944e-7,6.736886827990088e-5,5.85154419457044e-6,11.513006830301554,0.0
3260.0,11.513013766703908,11.513016119207803,-2.3525038947980192e-6,-2.043343248317442e-7,6.736710753805816e-5,5.851387734190548e-6,11.513013766703908,0.0
3262.5,11.513020724878677,11.513023078402375,-2.3535236977068053e-6,-2.0442277955958482e-7,6.736534731441599e-5,5.851231307943804e-6,11.513020724878677,0.0
3265.0,11.513027704791646,11.513030059334541,-2.354542894877909e-6,-2.0451118118112091e-7,6.736358756139918e-5,5.851074911716133e-6,11.513027704791646,0.0
3267.5,11.513034706408499,11.513037061969984,-2.3555614845349737e-6,-2.0459952954226724e-7,6.736182853304121e-5,5.8509185675906635e-6,11.513034706408499,0.0
3270.0,11.513041729695205,11.513044086274679,-2.3565794737834267e-6,-2.046878252603897e-7,6.736007022081178e-5,5.850762274844553e-6,11.513041729695205,0.0
3272.5,11.513048774617907,11.513051132214766,-2.3575968590705543e-6,-2.0477606802710674e-7,6.73583124161171e-5,5.850606015377761e-6,11.513048774617907,0.0
3275.0,11.513055841142602,11.513058199756246,-2.35861364394907e-6,-2.0486425815120442e-7,6.735655516600115e-5,5.850449793294533e-6,11.513055841142602,0.0
3277.5,11.51306292923532,11.51306528886514,-2.359629821313547e-6,-2.0495239501572585e-7,6.73547986285363e-5,5.850293622342765e-6,11.51306292923532,0.0
3280.0,11.513070038862319,11.51307239950772,-2.3606454018221257e-6,-2.0504047954661766e-7,6.735304273521366e-5,5.850137496589854e-6,11.513070038862319,0.0
3282.5,11.513077169989932,11.51307953165031,-2.361660378369379e-6,-2.051285111269209e-7,6.735128737021967e-5,5.849981405994395e-6,11.513077169989932,0.0
3285.0,11.513084322584417,11.513086685259172,-2.3626747545080207e-6,-2.0521649006542285e-7,6.734953260681077e-5,5.849825356937226e-6,11.513084322584417,0.0
3287.5,11.513091496612114,11.51309386030065,-2.363688535567121e-6,-2.0530441682520017e-7,6.734777852568633e-5,5.849669356445603e-6,11.513091496612114,0.0
3290.0,11.513098692039547,11.51310105674126,-2.364701712664896e-6,-2.0539229063500618e-7,6.734602505027349e-5,5.84951339788638e-6,11.513098692039547,0.0
3292.5,11.513105908833257,11.513108274547552,-2.36571429468313e-6,-2.054801122664972e-7,6.734427212976756e-5,5.849357476864577e-6,11.513105908833257,0.0
3295.0,11.513113146959775,11.513115513686053,-2.366726278069109e-6,-2.0556788141130027e-7,6.734251983304772e-5,5.849201599380669e-6,11.513113146959775,0.0
3297.5,11.51312040638574,11.513122774123403,-2.367737662822833e-6,-2.0565559806962237e-7,6.734076818923598e-5,5.849045767981849e-6,11.51312040638574,0.0
3300.0,11.513127687077914,11.513130055826366,-2.368748452497016e-6,-2.0574326255024932e-7,6.73390171343277e-5,5.848889977126508e-6,11.513127687077914,0.0
3302.5,11.513134989003072,11.513137358761718,-2.3697586453153008e-6,-2.0583087469909873e-7,6.733726665719284e-5,5.8487342258655825e-6,11.513134989003072,0.0
3305.0,11.513142312128025,11.513144682896266,-2.3707682412776876e-6,-2.0591843451637904e-7,6.73355168081761e-5,5.848578518589525e-6,11.513142312128025,0.0
3307.5,11.513149656419682,11.513152028196926,-2.37177724393689e-6,-2.0600594231087732e-7,6.733376758908695e-5,5.848422855473084e-6,11.513149656419682,0.0
3310.0,11.513157021845043,11.513159394630696,-2.372785653292908e-6,-2.0609339808280118e-7,6.733201895422867e-5,5.848267232564711e-6,11.513157021845043,0.0
3312.5,11.513164408371132,11.513166782164602,-2.373793469345742e-6,-2.061808018323594e-7,6.73302709117429e-5,5.848111650589093e-6,11.513164408371132,0.0
3315.0,11.513171815965027,11.513174190765717,-2.3748006903190344e-6,-2.0626815340547232e-7,6.732852349361895e-5,5.847956112342228e-6,11.513171815965027,0.0
3317.5,11.513179244593903,11.513181620401223,-2.3758073197654994e-6,-2.0635545311092738e-7,6.732677668646182e-5,5.847800616678108e-6,11.513179244593903,0.0
3320.0,11.513186694225,11.513189071038358,-2.376813357685137e-6,-2.0644270094893394e-7,6.732503046604337e-5,5.84764516150976e-6,11.513186694225,0.0
3322.5,11.513194164825594,11.5131965426444,-2.3778188058543037e-6,-2.06529897073991e-7,6.732328484581338e-5,5.847489748022783e-6,11.513194164825594,0.0
3325.0,11.513201656363028,11.513204035186687,-2.3788236589439293e-6,-2.066170410234428e-7,6.73215398428156e-5,5.847334377714895e-6,11.513201656363028,0.0
3327.5,11.513209168804725,11.51321154863265,-2.379827925835798e-6,-2.067041335689436e-7,6.731979544273297e-5,5.847179049359872e-6,11.513209168804725,0.0
3330.0,11.513216702118173,11.513219082949776,-2.380831602977196e-6,-2.0679117440212657e-7,6.731805163162596e-5,5.847023761764247e-6,11.513216702118173,0.0
3332.5,11.513224256270902,11.513226638105593,-2.381834690368123e-6,-2.0687816352320335e-7,6.731630842276803e-5,5.846868516098163e-6,11.513224256270902,0.0
3335.0,11.51323183123051,11.513234214067698,-2.3828371880085797e-6,-2.0696510093238583e-7,6.731456582373087e-5,5.846713313036487e-6,11.51323183123051,0.0
3337.5,11.513239426964672,11.513241810803773,-2.383839101227636e-6,-2.0705198709275056e-7,6.731282382058754e-5,5.846558151386743e-6,11.513239426964672,0.0
3340.0,11.513247043441117,11.513249428281545,-2.3848404282489355e-6,-2.071388218502212e-7,6.73110824111592e-5,5.846403030976832e-6,11.513247043441117,0.0
3342.5,11.513254680627632,11.513257066468798,-2.3858411655197642e-6,-2.0722560489643426e-7,6.730934160401023e-5,5.8462479525677386e-6,11.513254680627632,0.0
3345.0,11.513262338492067,11.513264725333382,-2.386841314816479e-6,-2.0731233638589114e-7,6.730760140009537e-5,5.8460929162594665e-6,11.513262338492067,0.0
3347.5,11.513270017002343,11.513272404843224,-2.3878408814681507e-6,-2.0739901678166857e-7,6.730586178980919e-5,5.845937921234762e-6,11.513270017002343,0.0
3350.0,11.513277716126433,11.513280104966299,-2.388839865474779e-6,-2.0748564608397966e-7,6.730412277279732e-5,5.845782967479859e-6,11.513277716126433,0.0
3352.5,11.513285433903263,11.513287823741532,-2.3898382686127206e-6,-2.0757222448210523e-7,6.730238434529157e-5,5.845628055663911e-6,11.513285433903263,0.0
3355.0,11.513293170281523,11.513295561117616,-2.3908360926583327e-6,-2.076587521309398e-7,6.730064651030977e-5,5.845473186075756e-6,11.513293170281523,0.0
3357.5,11.51330092523365,11.51330331706699,-2.391833339387972e-6,-2.077452291849509e-7,6.729890926227e-5,5.845318358245226e-6,11.51330092523365,0.0
3360.0,11.513308698732056,11.513311091562063,-2.3928300070252817e-6,-2.078316554900331e-7,6.729717260422307e-5,5.845163572451976e-6,11.513308698732056,0.0
3362.5,11.5133164907492,11.513318884575298,-2.3938260991229754e-6,-2.079180313549431e-7,6.729543653760396e-5,5.845008828835286e-6,11.5133164907492,0.0
3365.0,11.51332430125762,11.513326696079233,-2.3948216121283394e-6,-2.0800435647128856e-7,6.72937010600467e-5,5.84485412720426e-6,11.51332430125762,0.0
3367.5,11.513332130229884,11.513334526046432,-2.3958165478177307e-6,-2.0809063099353967e-7,6.729196617003878e-5,5.844699467442114e-6,11.513332130229884,0.0
3370.0,11.513339977638623,11.513342374449529,-2.396810906191149e-6,-2.0817685492187934e-7,6.729023186805629e-5,5.844544849604751e-6,11.513339977638623,0.0
3372.5,11.513347843456504,11.513350241261199,-2.397804694354022e-6,-2.082630288736382e-7,6.728849815425469e-5,5.844390273720205e-6,11.513347843456504,0.0
3375.0,11.513355727656267,11.513358126454168,-2.3987979016482086e-6,-2.0834915192327888e-7,6.728676502524909e-5,5.844235739508973e-6,11.513355727656267,0.0
3377.5,11.513363630210682,11.513366030001222,-2.3997905405082065e-6,-2.0843522515099204e-7,6.728503248034008e-5,5.844081246924782e-6,11.513363630210682,0.0
3380.0,11.513371551092584,11.513373951875188,-2.4007826038285884e-6,-2.0852124793981494e-7,6.728330052211116e-5,5.843926796206466e-6,11.513371551092584,0.0
3382.5,11.513379490274852,11.513381892048947,-2.401774095162068e-6,-2.0860722059850492e-7,6.728156915107974e-5,5.8437723874133815e-6,11.513379490274852,0.0
3385.0,11.51338744773042,11.513389850495429,-2.402765009179575e-6,-2.086931426643877e-7,6.727983836235059e-5,5.843618020134738e-6,11.51338744773042,0.0
3387.5,11.513395423432264,11.513397827187621,-2.40375535653925e-6,-2.0877901506336566e-7,6.727810815571788e-5,5.8434636943670235e-6,11.513395423432264,0.0
3390.0,11.513403417353425,11.513405822098555,-2.404745130135666e-6,-2.0886483717847892e-7,6.72763785563532e-5,5.843309412310852e-6,11.513403417353425,0.0
3392.5,11.51341142946641,11.513413835200739,-2.405734328192466e-6,-2.0895060885563783e-7,6.72746498580819e-5,5.843155199501088e-6,11.51341142946641,0.0
3395.0,11.513419459742224,11.513421866465187,-2.406722963144148e-6,-2.0903633117506798e-7,6.727292190834868e-5,5.843001042702814e-6,11.513419459742224,0.0
3397.5,11.513427508154303,11.513429915865332,-2.407711029661641e-6,-2.0912200367409245e-7,6.727119434844417e-5,5.842846910774383e-6,11.513427508154303,0.0
3400.0,11.51343557467556,11.513437983374082,-2.4086985224158752e-6,-2.0920762589004633e-7,6.726946723573817e-5,5.842692808713074e-6,11.51343557467556,0.0
3402.5,11.51344365927912,11.51344606896457,-2.4096854485122776e-6,-2.0929319844026168e-7,6.726774089320238e-5,5.8425387645848915e-6,11.51344365927912,0.0
3405.0,11.513451761938121,11.513454172609926,-2.4106718043981346e-6,-2.0937872101635775e-7,6.726601520211168e-5,5.842384768092209e-6,11.513451761938121,0.0
3407.5,11.513459882626112,11.51346229428371,-2.4116575989552302e-6,-2.0946419438994508e-7,6.72642899218429e-5,5.8422307983497796e-6,11.513459882626112,0.0
3410.0,11.513468021316182,11.513470433959004,-2.4126428215254236e-6,-2.095496176355053e-7,6.726256519552292e-5,5.84207686780318e-6,11.513468021316182,0.0
3412.5,11.51347617798164,11.513478591609118,-2.4136274774377853e-6,-2.0963499121608502e-7,6.726084118675689e-5,5.8419229906764775e-6,11.51347617798164,0.0
3415.0,11.513484352595993,11.513486767207564,-2.414611570245029e-6,-2.0972031544044234e-7,6.725911775062522e-5,5.841769154396778e-6,11.513484352595993,0.0
3417.5,11.513492545132747,11.513494960727844,-2.4155950963944406e-6,-2.0980559000019655e-7,6.725739477914337e-5,5.841615349599196e-6,11.513492545132747,0.0
3420.0,11.51350075556531,11.51350317214337,-2.4165780594387343e-6,-2.0989081520410956e-7,6.72556724088399e-5,5.8414615881560056e-6,11.51350075556531,0.0
3422.5,11.513508983867203,11.513511401427657,-2.4175604540488393e-6,-2.0997599058951875e-7,6.725395070233039e-5,5.841307875519707e-6,11.513508983867203,0.0
3425.0,11.51351723001212,11.513519648554407,-2.418542287330183e-6,-2.1006111677375214e-7,6.725222953373119e-5,5.841154200770705e-6,11.51351723001212,0.0
3427.5,11.513525493973715,11.513527913497272,-2.419523557506409e-6,-2.1014619360271619e-7,6.725050887591e-5,5.841000561566441e-6,11.513525493973715,0.0
3430.0,11.513533775725618,11.513536196229882,-2.4205042645775166e-6,-2.1023122107660373e-7,6.724878883270526e-5,5.840846966939743e-6,11.513533775725618,0.0
3432.5,11.513542075241581,11.513544496725991,-2.421484410319863e-6,-2.1031619934989072e-7,6.724706940998369e-5,5.840693417414092e-6,11.513542075241581,0.0
3435.0,11.513550392495468,11.513552814959462,-2.422463994733448e-6,-2.1040112842276785e-7,6.724535051973864e-5,5.840539905359615e-6,11.513550392495468,0.0
3437.5,11.513558727461097,11.513561150904117,-2.423443019594629e-6,-2.1048600844971173e-7,6.724363217270911e-5,5.840386431722947e-6,11.513558727461097,0.0
3440.0,11.513567080112328,11.513569504533809,-2.4244214813506915e-6,-2.105708391223477e-7,6.724191443571944e-5,5.8402330023219365e-6,11.513567080112328,0.0
3442.5,11.513575450423122,11.513577875822506,-2.4253993835543497e-6,-2.1065562074943596e-7,6.72401972871197e-5,5.840079615290022e-6,11.513575450423122,0.0
3445.0,11.513583838367502,11.51358626474423,-2.4263767279819604e-6,-2.107403534854525e-7,6.723848067503575e-5,5.839926266135517e-6,11.513583838367502,0.0
3447.5,11.513592243919488,11.513594671272998,-2.427353509304453e-6,-2.1082503686774013e-7,6.723676462669653e-5,5.8397729572371595e-6,11.513592243919488,0.0
3450.0,11.513600667053138,11.513603095382877,-2.4283297381799684e-6,-2.1090967182219376e-7,6.723504917781695e-5,5.839619691710699e-6,11.513600667053138,0.0
3452.5,11.513609107742617,11.513611537048025,-2.4293054075030796e-6,-2.1099425773187243e-7,6.723333430020865e-5,5.839466467121582e-6,11.513609107742617,0.0
3455.0,11.513617565962123,11.513619996242639,-2.4302805154974294e-6,-2.11078794442687e-7,6.723161996724523e-5,5.839313281170903e-6,11.513617565962123,0.0
3457.5,11.513626041685862,11.513628472940933,-2.431255071044802e-6,-2.111632827262479e-7,6.722990620732763e-5,5.839160136339083e-6,11.513626041685862,0.0
3460.0,11.513634534888125,11.513636967117192,-2.4322290670397706e-6,-2.1124772196561683e-7,6.722819338391023e-5,5.839007064207069e-6,11.513634534888125,0.0
3462.5,11.513643045537377,11.513645478739914,-2.4332025372331145e-6,-2.1133211509246937e-7,6.722648712029074e-5,5.838854553194382e-6,11.513643045537377,0.0
3465.0,11.513651573534572,11.513654007710139,-2.4341755668899623e-6,-2.1141646951391074e-7,6.722479045124654e-5,5.838702866931487e-6,11.513651573534572,0.0
3467.5,11.513660118877699,11.513662554025796,-2.435148097390538e-6,-2.1150078013835844e-7,6.722308626253782e-5,5.838550518989128e-6,11.513660118877699,0.0
3470.0,11.513668681538896,11.513671117658976,-2.4361200807732075e-6,-2.115850428004152e-7,6.722137718706748e-5,5.8383977380598724e-6,11.513668681538896,0.0
3472.5,11.51367726146859,11.51367969855999,-2.437091399798419e-6,-2.1166924731808605e-7,6.721967622233367e-5,5.83824565304514e-6,11.51367726146859,0.0
3475.0,11.513685858654858,11.513688296717064,-2.4380622054565038e-6,-2.1175340680532882e-7,6.721797850844414e-5,5.838093841853108e-6,11.513685858654858,0.0
3477.5,11.513694473065371,11.513696912097917,-2.4390325457090967e-6,-2.1183752542807713e-7,6.721627484363975e-5,5.837941505298976e-6,11.513694473065371,0.0
3480.0,11.513703104672155,11.51370554467442,-2.4400022642367958e-6,-2.1192158960974644e-7,6.721457051770454e-5,5.837789102832562e-6,11.513703104672155,0.0
3482.5,11.513711753440063,11.51371419441146,-2.440971396566738e-6,-2.1200560243636682e-7,6.721287223228563e-5,5.8376372165304376e-6,11.513711753440063,0.0
3485.0,11.5137204193456,11.513722861285622,-2.4419400226349808e-6,-2.1208957085078956e-7,6.721117437292932e-5,5.837485358772449e-6,11.5137204193456,0.0
3487.5,11.513729102362658,11.513731545270787,-2.4429081282306697e-6,-2.12173493618968e-7,6.7209472529881e-5,5.837333146572762e-6,11.513729102362658,0.0
3490.0,11.513737802457962,11.513740246333601,-2.4438756387468175e-6,-2.122573642614214e-7,6.720777211469939e-5,5.837181049958582e-6,11.513737802457962,0.0
3492.5,11.513746519602389,11.513748964444975,-2.444842586157847e-6,-2.1234118555549688e-7,6.720607566933518e-5,5.837029289720376e-6,11.513746519602389,0.0
3495.0,11.513755253770602,11.513757699579617,-2.4458090148726797e-6,-2.124249613584334e-7,6.720437835794097e-5,5.8368774458648e-6,11.513755253770602,0.0
3497.5,11.513764004934586,11.513766451709495,-2.4467749089041035e-6,-2.1250869028194958e-7,6.72026789892077e-5,5.836725414938666e-6,11.513764004934586,0.0
3500.0,11.513772773062916,11.513775220803137,-2.447740220290484e-6,-2.1259236816077372e-7,6.720098172114754e-5,5.836573558092775e-6,11.513772773062916,0.0
3502.5,11.5137815581276,11.513784006832584,-2.4487049827826013e-6,-2.126759979265071e-7,6.719928674745497e-5,5.836421892164426e-6,11.5137815581276,0.0
3505.0,11.513790360102648,11.513792809771875,-2.4496692265785214e-6,-2.1275958220214476e-7,6.719759065248959e-5,5.836270120510559e-6,11.513790360102648,0.0
3507.5,11.513799178959061,11.51380162959198,-2.4506329179274644e-6,-2.1284311805662577e-7,6.719589391175424e-5,5.836118284445298e-6,11.513799178959061,0.0
3510.0,11.51380801466689,11.513810466262937,-2.4515960461712893e-6,-2.129266045645644e-7,6.719419920970725e-5,5.8359666171358565e-6,11.51380801466689,0.0
3512.5,11.513816867198855,11.513819319757491,-2.452558636178992e-6,-2.1301004388613868e-7,6.71925056643569e-5,5.8358150419934425e-6,11.513816867198855,0.0
3515.0,11.513825736528092,11.513828190048791,-2.4535206986087132e-6,-2.1309343694727083e-7,6.719081125593007e-5,5.835663383610577e-6,11.513825736528092,0.0
3517.5,11.513834622625566,11.513837077107768,-2.45448220148603e-6,-2.1317678097119657e-7,6.718911707479655e-5,5.835511736703669e-6,11.513834622625566,0.0
3520.0,11.513843525462406,11.513845980905556,-2.455443150140013e-6,-2.1326007642104033e-7,6.718742455946654e-5,5.835360226225433e-6,11.513843525462406,0.0
3522.5,11.513852445011567,11.513854901415137,-2.456403569439658e-6,-2.133433254569722e-7,6.718573255788257e-5,5.835208752131536e-6,11.513852445011567,0.0
3525.0,11.513861381245633,11.513863838609087,-2.457363454055894e-6,-2.1342652761640623e-7,6.718404011301034e-5,5.835057231316259e-6,11.513861381245633,0.0
3527.5,11.51387033413586,11.513872792458642,-2.4583227826724396e-6,-2.1350968104826605e-7,6.718234833626675e-5,5.834905760323463e-6,11.51387033413586,0.0
3530.0,11.513879303654154,11.513881762935718,-2.4592815641710786e-6,-2.1359278652422365e-7,6.718065779890408e-5,5.834754388782154e-6,11.513879303654154,0.0
3532.5,11.51388828977347,11.513890750013289,-2.460239818091736e-6,-2.1367584574160742e-7,6.717896749265014e-5,5.8346030291363756e-6,11.51388828977347,0.0
3535.0,11.513897292466137,11.513899753663669,-2.4611975319999146e-6,-2.1375885762072452e-7,6.717727713580267e-5,5.8344516569344965e-6,11.513897292466137,0.0
3537.5,11.51390631170384,11.513908773858535,-2.462154695237473e-6,-2.1384182123617788e-7,6.717558760400443e-5,5.83430034824243e-6,11.51390631170384,0.0
3540.0,11.513915347458989,11.513917810570309,-2.4631113202389088e-6,-2.1392473766818983e-7,6.717389896008344e-5,5.834149108531364e-6,11.513915347458989,0.0
3542.5,11.51392439970447,11.513926863771882,-2.464067412333293e-6,-2.1400760737985552e-7,6.717221048083393e-5,5.833997875004117e-6,11.51392439970447,0.0
3545.0,11.513933468412596,11.513935933435562,-2.4650229661915546e-6,-2.140904299086073e-7,6.717052224873838e-5,5.833846654839065e-6,11.513933468412596,0.0
3547.5,11.51394255355548,11.513945019533454,-2.46597797293191e-6,-2.1417320448332626e-7,6.716883483477061e-5,5.833695497640729e-6,11.51394255355548,0.0
3550.0,11.513951655105846,11.513954122038294,-2.46693244854157e-6,-2.142559324927869e-7,6.71671480647678e-5,5.833544388297186e-6,11.513951655105846,0.0
3552.5,11.513960773036548,11.513963240922934,-2.467886385915108e-6,-2.1433861332013713e-7,6.716546150767486e-5,5.833393289385116e-6,11.513960773036548,0.0
3555.0,11.513969907320018,11.513972376159806,-2.468839788605237e-6,-2.144212472742064e-7,6.716377538342283e-5,5.833242220020341e-6,11.513969907320018,0.0
3557.5,11.51397905792875,11.513981527721402,-2.469792651282887e-6,-2.145038338924318e-7,6.716208999932316e-5,5.833091206907662e-6,11.51397905792875,0.0
3560.0,11.51398822483567,11.51399069558065,-2.4707449810534854e-6,-2.145863737921921e-7,6.716040512244454e-5,5.832940229831013e-6,11.51398822483567,0.0
3562.5,11.513997408013653,11.51399987971043,-2.471696777917032e-6,-2.1466886697375404e-7,6.715872054186283e-5,5.8327892704857545e-6,11.513997408013653,0.0
3565.0,11.514006607435341,11.514009080083378,-2.472648036544456e-6,-2.1475131297455628e-7,6.7157036487097e-5,5.83263834882024e-6,11.514006607435341,0.0
3567.5,11.51401582307354,11.514018296672301,-2.4735987604884713e-6,-2.148337121034259e-7,6.715535308603417e-5,5.8324874759558725e-6,11.51401582307354,0.0
3570.0,11.514025054901314,11.514027529450264,-2.474548949749078e-6,-2.1491606436063008e-7,6.715367012660151e-5,5.832336633488165e-6,11.514025054901314,0.0
3572.5,11.514034302891636,11.514036778390246,-2.4754986096553466e-6,-2.1499837020927145e-7,6.715198754531704e-5,5.832185815917926e-6,11.514034302891636,0.0
3575.0,11.51404356701737,11.514046043465108,-2.4764477366545634e-6,-2.150806293410673e-7,6.71503055238404e-5,5.8320350390366985e-6,11.51404356701737,0.0
3577.5,11.514052847251588,11.514055324647911,-2.477396323641301e-6,-2.1516284113917867e-7,6.714862408119457e-5,5.831884304510813e-6,11.514052847251588,0.0
3580.0,11.514062141778076,11.514064620122465,-2.478344388379128e-6,-2.1524500718009897e-7,6.714694306172695e-5,5.831733599742208e-6,11.514062141778076,0.0
3582.5,11.514071446080004,11.514073925371932,-2.4792919273153302e-6,-2.1532712723954927e-7,6.71452624651625e-5,5.831582926995149e-6,11.514071446080004,0.0
3585.0,11.514080760134776,11.514083240373715,-2.4802389386735513e-6,-2.1540920116357766e-7,6.714358237959526e-5,5.831432293932366e-6,11.514080760134776,0.0
3587.5,11.514090083920015,11.514092565105443,-2.4811854277828616e-6,-2.1549122941533672e-7,6.714190278921566e-5,5.831281699192416e-6,11.514090083920015,0.0
3590.0,11.514099417413302,11.514101899544691,-2.4821313893141905e-6,-2.1557321153231914e-7,6.714022362614284e-5,5.831131136891487e-6,11.514099417413302,0.0
3592.5,11.514108760592247,11.514111243669081,-2.4830768339256792e-6,-2.156551484405084e-7,6.713854491229075e-5,5.830980608944445e-6,11.514108760592247,0.0
3595.0,11.514118113434462,11.51412059745621,-2.48402174918283e-6,-2.157370390602923e-7,6.713686670205899e-5,5.830830120087523e-6,11.514118113434462,0.0
3597.5,11.514127475917679,11.514129960883825,-2.4849661457437833e-6,-2.1581888431765264e-7,6.713518896463615e-5,5.830679667656316e-6,11.514127475917679,0.0
3600.0,11.514136848019666,11.514139333929688,-2.485910021832183e-6,-2.1590068405863513e-7,6.713351166206482e-5,5.830529248365779e-6,11.514136848019666,0.0
