t_seconds,error_n1_ρq_tot,increment_ρq_tot,error_n1_ρq_tag_pbl,increment_ρq_tag_pbl,error_n1_ρq_tag_free,increment_ρq_tag_free,error_n1_ρq_tag_evap,increment_ρq_tag_evap,error_n2_ρq_tot,increment_ρq_tot,error_n2_ρq_tag_pbl,increment_ρq_tag_pbl,error_n2_ρq_tag_free,increment_ρq_tag_free,error_n2_ρq_tag_evap,increment_ρq_tag_evap
60.0,6.237619850990524e-11,3.429195566944095e-6,2.8453229009768582e-11,1.7138482951871138e-6,6.256098976242991e-11,3.4291881975253866e-6,4.6566564192310233e-35,5.567076274914843e-26,3.5579146463850995e-15,3.429195566944095e-6,5.549050485241276e-16,1.7138482951871138e-6,3.8662517386632876e-15,3.4291881975253866e-6,1.601809385773515e-39,5.567076274914843e-26
120.0,1.689561294926026e-11,1.1341057098897754e-6,6.980658709718589e-12,4.7448467920357185e-7,1.6894280915094164e-11,1.202759848809488e-6,4.8137089758479544e-18,6.75618976104626e-8,7.797870545113406e-16,1.1341057098897754e-6,5.561671860671984e-17,4.7448467920357185e-7,7.409522350060663e-16,1.202759848809488e-6,5.395354505039886e-23,6.75618976104626e-8
180.0,2.083592385423744e-11,1.2624715328888851e-6,4.429712529936888e-12,6.454080590207058e-7,1.971118392376144e-11,1.0964076066366207e-6,1.0919624974108889e-17,1.6635421671802475e-7,1.462109680611714e-15,1.2624715328888851e-6,1.6156883314815178e-16,6.454080590207058e-7,1.407922150709439e-15,1.0964076066366207e-6,2.3943242355499874e-22,1.6635421671802475e-7
240.0,1.9086904582737373e-11,9.460504389334194e-7,6.361434270415432e-12,6.057996832036626e-7,1.5771104787406827e-11,6.659118904532696e-7,1.2420345415669835e-16,2.8179984569868065e-7,4.690934106947727e-16,9.460504389334194e-7,2.458644620900093e-16,6.057996832036626e-7,2.9313647723477876e-16,6.659118904532696e-7,8.619433671164447e-22,2.8179984569868065e-7
300.0,1.5637591544806506e-11,6.295949956181319e-7,1.0406628582984793e-11,5.246783852131101e-7,1.1226479224412924e-11,3.85754845870126e-7,2.6810796825055077e-16,4.0958564665961e-7,4.170356921988095e-16,6.295949956181319e-7,3.1724740928943813e-16,5.246783852131101e-7,2.0892054409137517e-16,3.85754845870126e-7,2.627253237242936e-20,4.0958564665961e-7
360.0,2.8347047619206384e-11,1.853791447662454e-6,1.4080179617913347e-11,1.081047023956356e-6,2.0254321469005786e-11,1.3093139052603672e-6,2.590048345117273e-15,5.474023861822219e-7,8.983680672369169e-16,1.853791447662454e-6,3.3638416412075925e-16,1.081047023956356e-6,6.417846086266278e-16,1.3093139052603672e-6,6.31126970957982e-20,5.474023861822219e-7
420.0,1.9304874025385226e-11,9.566448424298151e-7,1.59268940103947e-11,7.019643652364277e-7,8.199905857495876e-12,3.8880225764656494e-7,7.666159949391262e-16,6.937716771051572e-7,4.623028534357534e-16,9.566448424298151e-7,3.587096713605568e-16,7.019643652364277e-7,1.6186286108305407e-16,3.8880225764656494e-7,1.817432877085308e-20,6.937716771051572e-7
480.0,2.8712602674020975e-11,1.8805816530630827e-6,1.973397067310658e-11,1.2599147995214614e-6,1.3003965176175449e-11,1.0377544312973569e-6,1.645024485435128e-14,8.476507914190298e-7,5.94744845659097e-16,1.8805816530630827e-6,4.106868234036028e-16,1.2599147995214614e-6,2.729065775972675e-16,1.0377544312973569e-6,1.5415483615689123e-18,8.476507914190298e-7
540.0,2.1902456598179504e-11,1.1765803942518143e-6,2.1123567402178983e-11,1.0639117954458045e-6,2.1009274327796524e-12,1.7523557309622478e-7,2.9566726885320027e-15,1.0082573608843063e-6,4.780047531652596e-16,1.1765803942518143e-6,3.8838366578032286e-16,1.0639117954458045e-6,7.514852485238511e-17,1.7523557309622478e-7,4.739668968838791e-20,1.0082573608843063e-6
600.0,2.911624007643128e-11,1.6753586851526292e-6,2.5100731253896828e-11,1.3653629304764476e-6,4.805913356884096e-12,5.072687415190366e-7,6.2657950656035925e-15,1.1749784397665314e-6,4.480232543735852e-16,1.6753586851526292e-6,3.2772648927305663e-16,1.3653629304764476e-6,1.4915456107760178e-16,5.072687415190366e-7,2.6323220773058538e-20,1.1749784397665314e-6
660.0,3.352012371145624e-11,1.8981449030086184e-6,2.9590237461625375e-11,1.5419852666130195e-6,5.333999981259039e-12,5.57970270922871e-7,5.912265252015866e-15,1.3473181825775665e-6,3.0328374665442807e-16,1.8981449030086184e-6,2.576004484396241e-16,1.5419852666130195e-6,1.3644271412168287e-16,5.57970270922871e-7,5.513945499472522e-20,1.3473181825775665e-6
720.0,3.390491970131465e-11,1.720231341174547e-6,3.409706862755013e-11,1.5681850271659855e-6,2.3378176220116853e-12,2.0340734188531908e-7,6.9022083408539404e-15,1.5248654164497587e-6,2.320635488531716e-16,1.720231341174547e-6,1.7681963678769094e-16,1.5681850271659855e-6,9.124172733374319e-17,2.0340734188531908e-7,2.4019007266599016e-20,1.5248654164497587e-6
780.0,4.377886787955203e-11,2.360027475690398e-6,3.8499401559164426e-11,1.924194551180416e-6,7.1550513145672975e-12,6.60800453924339e-7,1.0476638763694711e-14,1.7072723812733992e-6,1.6903977124513975e-16,2.360027475690398e-6,8.354248217561659e-17,1.924194551180416e-6,1.6424260014836502e-16,6.60800453924339e-7,4.2723257402512294e-20,1.7072723812733992e-6
840.0,4.2641164551493044e-11,2.0711471235539434e-6,4.24878120420994e-11,1.9157281317641315e-6,1.1692519483144099e-12,1.8582653132312296e-7,1.3657111797796208e-14,1.8942401626736976e-6,1.426173196093707e-16,2.0711471235539434e-6,1.0165578544028594e-16,1.9157281317641315e-6,5.994314524864755e-17,1.8582653132312296e-7,2.215829293016793e-20,1.8942401626736976e-6
900.0,5.3177978137223706e-11,2.601012811233035e-6,4.902535298615749e-11,2.2269085959835558e-6,5.300464604435899e-12,5.245033415806817e-7,1.9132934445655033e-14,2.0855083489284044e-6,2.574872162952298e-16,2.601012811233035e-6,1.6264472770267575e-16,2.2269085959835558e-6,1.472064382384761e-16,5.245033415806817e-7,1.2722610810544768e-19,2.0855083489284044e-6
960.0,5.850120579804033e-11,2.5765395632297364e-6,5.7005105251348106e-11,2.32278283454696e-6,2.2081637453280317e-12,3.0502026111868214e-7,2.6555971348831268e-14,2.2808474680304865e-6,8.162572756652362e-16,2.5765395632297364e-6,7.232182024577342e-16,2.32278283454696e-6,1.1054243182811649e-16,3.0502026111868214e-7,8.577956966393533e-19,2.2808474680304865e-6
1020.0,7.017811810551999e-11,2.8159435239998174e-6,6.755742948244664e-11,2.5281044346963566e-6,2.9541597060458573e-12,3.454861809509445e-7,3.822012864592511e-14,2.480053319476799e-6,2.968561906589105e-15,2.8159435239998174e-6,2.932738306108218e-15,2.5281044346963566e-6,1.0918154104945445e-16,3.454861809509445e-7,2.706026813220596e-18,2.480053319476799e-6
1080.0,8.161075901603492e-11,3.0685712491831835e-6,7.87467071198339e-11,2.734411902525608e-6,3.765694611670374e-12,3.9548556734878785e-7,5.104680546165844e-14,2.6829426358609924e-6,5.5668205698057555e-15,3.0685712491831835e-6,5.507536926888605e-15,2.734411902525608e-6,8.792837267210078e-17,3.9548556734878785e-7,5.298109719841256e-18,2.6829426358609924e-6
1140.0,8.756511787408845e-11,3.1283525350781535e-6,8.593735026743986e-11,2.902271358547714e-6,2.1609000085321594e-12,2.496606194840028e-7,5.5706959546532764e-14,2.8893497015427577e-6,5.053041088945635e-15,3.1283525350781535e-6,5.027945163301974e-15,2.902271358547714e-6,9.198849275586626e-17,2.496606194840028e-7,6.023761740446621e-18,2.8893497015427577e-6
1200.0,8.879977391008229e-11,3.479003781447007e-6,8.578224503139597e-11,3.130491215066761e-6,4.107092998389888e-12,3.904832943689031e-7,6.024688085523292e-14,3.099123675290177e-6,9.134479800853424e-16,3.479003781447007e-6,8.787544615645454e-16,3.130491215066761e-6,1.336399615085572e-16,3.904832943689031e-7,3.87530715859156e-18,3.099123675290177e-6
1260.0,8.438833210512189e-11,3.5432897861012992e-6,8.307043470346454e-11,3.315056803355818e-6,2.5277799946651257e-12,2.4450505301085225e-7,6.854023111528894e-14,3.3121264406727367e-6,1.6496493131693777e-15,3.5432897861012992e-6,1.5864214354606356e-15,3.315056803355818e-6,1.2395067221557645e-16,2.4450505301085225e-7,1.3079510251435852e-18,3.3121264406727367e-6
1320.0,8.748512198622262e-11,3.8391039239677675e-6,8.46300794502102e-11,3.5386159060192173e-6,3.334602422667305e-12,3.2343778093642244e-7,8.587615474709886e-14,3.5282308587916885e-6,1.943930211325236e-15,3.8391039239677675e-6,1.9194852370759837e-15,3.5386159060192173e-6,1.4708743010938686e-16,3.2343778093642244e-7,4.347511427149284e-18,3.5282308587916885e-6
1380.0,9.309758414701499e-11,3.999564961266949e-6,9.122386993090396e-11,3.7493445871810998e-6,2.87314455040031e-12,2.6744174477691725e-7,1.0555740486303829e-13,3.747319332346901e-6,2.2356122800500197e-15,3.999564961266949e-6,2.2155068149463328e-15,3.7493445871810998e-6,1.523091764709728e-16,2.6744174477691725e-7,5.454501796027121e-18,3.747319332346901e-6
1440.0,9.988813216773712e-11,4.207896080308138e-6,9.754917111941755e-11,3.970118098417359e-6,2.6323123628995006e-12,2.605121876133149e-7,1.1784147087199486e-13,3.96928261385917e-6,2.6319054588595515e-15,4.207896080308138e-6,2.599886717967192e-15,3.970118098417359e-6,1.7126540325360963e-16,2.605121876133149e-7,8.535615598060219e-19,3.96928261385917e-6
1500.0,1.088274073420873e-10,4.448396831687765e-6,1.0629757750536791e-10,4.1940396965013495e-6,3.0085795560156195e-12,2.7907240394099416e-7,1.4276070081552798e-13,4.194018807677892e-6,2.986495896953304e-15,4.448396831687765e-6,2.9652511121710304e-15,4.1940396965013495e-6,1.9523492688346903e-16,2.7907240394099416e-7,1.453427728838231e-18,4.194018807677892e-6
1560.0,1.2190904925498588e-10,4.616745707185702e-6,1.1974210007934535e-10,4.421025016030762e-6,2.353911829285877e-12,2.3528845145552347e-7,1.7568217665075837e-13,4.421432527477073e-6,2.428157427339703e-15,4.616745707185702e-6,2.3988330065540448e-15,4.421025016030762e-6,1.5486287492782612e-16,2.3528845145552347e-7,1.812582037794327e-18,4.421432527477073e-6
1620.0,1.40981513039715e-10,4.8791328690962705e-6,1.3845796127830451e-10,4.651061002021088e-6,3.0264407873084405e-12,2.68086883313758e-7,2.1885852693412096e-13,4.651434179751088e-6,2.639813464334236e-15,4.8791328690962705e-6,2.6059671688570748e-15,4.651061002021088e-6,1.8007811932530058e-16,2.68086883313758e-7,1.6729268464877808e-17,4.651434179751088e-6
1680.0,1.6240266522357282e-10,5.0616250066036205e-6,1.602147811146589e-10,4.883358356657113e-6,2.477403518778943e-12,2.5134536388818684e-7,2.710454398386241e-13,4.8839393503404545e-6,1.2853448418326729e-14,5.0616250066036205e-6,1.2817225550165368e-14,4.883358356657113e-6,1.8038363352146337e-16,2.5134536388818684e-7,4.838932905928766e-17,4.8839393503404545e-6
1740.0,1.8332428363655913e-10,5.3066766181270135e-6,1.809481163770804e-10,5.118252548672957e-6,2.8364957900271356e-12,2.7077582334663233e-7,3.1913235197613975e-13,5.118868275905907e-6,2.3362833184424297e-14,5.3066766181270135e-6,2.3326142164587416e-14,5.118252548672957e-6,1.2493193341519095e-16,2.7077582334663233e-7,8.447279359696028e-17,5.118868275905907e-6
1800.0,1.9238896575791317e-10,5.524039783598512e-6,1.9009415155528788e-10,5.355487857566617e-6,2.6961071547094602e-12,2.759466720137573e-7,3.5016528845421914e-13,5.356145385978622e-6,2.1195678292459827e-14,5.524039783598512e-6,2.1150899705028003e-14,5.355487857566617e-6,1.1943423960125731e-16,2.759466720137573e-7,9.265049552658528e-17,5.356145385978622e-6
1860.0,1.8506828632684172e-10,5.747981600131922e-6,1.827779903794726e-10,5.595009010784183e-6,2.6141768477270404e-12,2.8347118335676793e-7,3.4483430927011817e-13,5.595698904059803e-6,5.104897266539711e-15,5.747981600131922e-6,5.104745366596842e-15,5.595009010784183e-6,1.5633935923400877e-16,2.8347118335676793e-7,6.506907683089499e-17,5.595698904059803e-6
1920.0,1.7228491209180856e-10,5.990418372879101e-6,1.6989574597315232e-10,5.83674059053643e-6,2.735420863111478e-12,2.9891180965865575e-7,3.806691864514741e-13,5.837460498449436e-6,5.448849711969778e-15,5.990418372879101e-6,5.4209533494862615e-15,5.83674059053643e-6,2.0851478883986076e-16,2.9891180965865575e-7,4.512721272985604e-17,5.837460498449436e-6
1980.0,1.68854193891327e-10,6.2096180275052036e-6,1.666006098112572e-10,6.080614612763199e-6,2.4890012481586244e-12,3.02873480740066e-7,4.600347650863057e-13,6.081364975208433e-6,6.6552153700917115e-15,6.2096180275052036e-6,6.641953358563161e-15,6.080614612763199e-6,2.7766947032945802e-16,3.02873480740066e-7,5.657237335223517e-17,6.081364975208433e-6
2040.0,1.7819923873861573e-10,6.457870252648476e-6,1.7583961028936898e-10,6.326569272595834e-6,2.689611654283716e-12,3.1981566060446616e-7,5.182003481803895e-13,6.327350007021999e-6,7.383275737170788e-15,6.457870252648476e-6,7.351647627201986e-15,6.326569272595834e-6,2.962213712286789e-16,3.1981566060446616e-7,6.213568862712949e-17,6.327350007021999e-6
2100.0,1.8759132035659576e-10,6.6864520290658685e-6,1.8532220800308318e-10,6.574544531425812e-6,2.548730578389174e-12,3.2708482439412117e-7,5.837497662076377e-13,6.5753558928141014e-6,8.093710248590008e-15,6.6864520290658685e-6,8.111777009410077e-15,6.574544531425812e-6,2.661535280159438e-16,3.2708482439412117e-7,6.945919233028673e-17,6.5753558928141014e-6
2160.0,1.9934987075543777e-10,6.9309990780088325e-6,1.9703986766225055e-10,6.824483136439186e-6,2.645067479448269e-12,3.411227044203472e-7,6.28107789279865e-13,6.825325343832874e-6,8.844833205240451e-15,6.9309990780088325e-6,8.823335211274267e-15,6.824483136439186e-6,2.7608824510539146e-16,3.411227044203472e-7,1.1209032635854566e-17,6.825325343832874e-6
2220.0,2.1667174700212042e-10,7.172015346325681e-6,2.1439312729174805e-10,7.076330004248033e-6,2.6550797574918123e-12,3.534697651125057e-7,7.226574486065291e-13,7.077203292627298e-6,8.575232941343452e-15,7.172015346325681e-6,8.526039996212796e-15,7.076330004248033e-6,2.711849301924139e-16,3.534697651125057e-7,3.3828570383407143e-18,7.077203292627298e-6
2280.0,2.40994749389067e-10,7.413369605822879e-6,2.3876417846733754e-10,7.330032124097273e-6,2.6699809476853863e-12,3.704438235462994e-7,8.328450164485206e-13,7.330936721907473e-6,1.939423254892014e-15,7.413369605822879e-6,1.9031676400659422e-15,7.330032124097273e-6,2.2854995030884234e-16,3.704438235462994e-7,5.714815061180702e-17,7.330936721907473e-6
2340.0,2.7076072881797767e-10,7.663311210696534e-6,2.6853566107818716e-10,7.585538380954755e-6,2.7942991203652523e-12,3.8963564225109366e-7,9.563006264506278e-13,7.586474510743394e-6,1.8312272710874035e-14,7.663311210696534e-6,1.8265302435837844e-14,7.585538380954755e-6,2.7965065392330623e-16,3.8963564225109366e-7,2.036931875122417e-16,7.586474510743394e-6
2400.0,3.0161036846810653e-10,7.907667663971425e-6,2.9945344956163925e-10,7.842799417588293e-6,2.807854724394972e-12,4.081425228072119e-7,1.0824247481121837e-12,7.843767295945972e-6,4.530834419059766e-14,7.907667663971425e-6,4.526353706689259e-14,7.842799417588293e-6,1.5423760579407484e-16,4.081425228072119e-7,4.098174587460839e-16,7.843767295945972e-6
2460.0,3.2443419381779725e-10,8.161453038372062e-6,3.222584501312531e-10,8.101767509253784e-6,2.9322674252370673e-12,4.2861498771964105e-7,1.1585835825906826e-12,8.102767346786872e-6,5.895932574483454e-14,8.161453038372062e-6,5.893187706265664e-14,8.101767509253784e-6,1.5579259946655612e-16,4.2861498771964105e-7,5.559878822208655e-16,8.102767346786872e-6
2520.0,3.266380947288931e-10,8.412852729443833e-6,3.244566169611306e-10,8.362396449784897e-6,2.9109678458863606e-12,4.4966120413473106e-7,1.1557095389986876e-12,8.363428451479317e-6,3.6421566099097634e-14,8.412852729443833e-6,3.643082699757996e-14,8.362396449784897e-6,2.307739147211973e-16,4.4966120413473106e-7,5.130911553886687e-16,8.363428451479317e-6
2580.0,3.1213952812693294e-10,8.669772806342536e-6,3.0992599857800596e-10,8.624641448742957e-6,2.873018253155663e-12,4.722761163245019e-7,1.22943093484357e-12,8.625705814063831e-6,1.418020265748368e-15,8.669772806342536e-6,1.4130393787619478e-15,8.624641448742957e-6,3.1122063065865807e-16,4.722761163245019e-7,3.5901598576857904e-16,8.625705814063831e-6
2640.0,2.987822031567743e-10,8.929242452695984e-6,2.965599615002625e-10,8.88845903754186e-6,2.8345794230620074e-12,4.96672445225812e-7,1.3642462910675006e-12,8.889555960526049e-6,1.5493776746343998e-14,8.929242452695984e-6,1.5470673998685118e-14,8.88845903754186e-6,3.999891276655371e-16,4.96672445225812e-7,9.385915592322494e-17,8.889555960526049e-6
2700.0,3.0332599003380124e-10,9.189548540774841e-6,3.0116018275293674e-10,9.153806983610002e-6,2.803635105174972e-12,5.216830237361604e-7,1.7252761837999615e-12,9.154936653130932e-6,1.7055341303383388e-14,9.189548540774841e-6,1.7069185817787875e-14,9.153806983610002e-6,3.9390634584328757e-16,5.216830237361604e-7,3.558121904791645e-16,9.154936653130932e-6
2760.0,3.1765100030534994e-10,9.452615851628036e-6,3.154893070471061e-10,9.420644212228518e-6,2.8702059821421414e-12,5.46498507309384e-7,1.8932974139954922e-12,9.421806812090012e-6,1.866994788414301e-14,9.452615851628036e-6,1.8669851909151275e-14,9.420644212228518e-6,3.854222520853517e-16,5.46498507309384e-7,3.756359933652389e-16,9.421806812090012e-6
2820.0,3.3248671016914725e-10,9.71592785532793e-6,3.303562023962001e-10,9.688930734734812e-6,2.9034409387987937e-12,5.723155504190927e-7,2.075686386649439e-12,9.690126443790892e-6,2.0256502851271938e-14,9.71592785532793e-6,2.025856615699713e-14,9.688930734734812e-6,3.6273595690080294e-16,5.723155504190927e-7,4.03732525495161e-16,9.690126443790892e-6
2880.0,3.497658913568523e-10,9.981991796095134e-6,3.476702812292857e-10,9.958627582637297e-6,2.990491903763333e-12,5.980331936911836e-7,2.180242368281326e-12,9.959856574913539e-6,2.170320397025169e-14,9.981991796095134e-6,2.1667959659473728e-14,9.958627582637297e-6,3.928925797543222e-16,5.980331936911836e-7,6.068138969439769e-17,9.959856574913539e-6
2940.0,3.7285907952444676e-10,1.02492052093788e-5,3.7084531252050443e-10,1.0229696746966916e-5,3.0721231337088215e-12,6.249267909933794e-7,2.40030507515567e-12,1.0230959191841148e-5,2.1018338339485424e-14,1.02492052093788e-5,2.0960181313106932e-14,1.0229696746966916e-5,3.7091752754767103e-16,6.249267909933794e-7,2.3316647350625566e-17,1.0230959191841148e-5
3000.0,4.032273064018436e-10,1.0518554857472012e-5,4.013221309352538e-10,1.0502101122604079e-5,3.2044094385236026e-12,6.523893314662487e-7,2.6111980021550968e-12,1.050339718484348e-5,9.555405491862499e-15,1.0518554857472012e-5,9.51093792954789e-15,1.0502101122604079e-5,3.8785556598457647e-16,6.523893314662487e-7,2.0468433308983866e-16,1.050339718484348e-5
3060.0,4.399935720136813e-10,1.0789898544969646e-5,4.382230459516298e-10,1.0775804456654697e-5,3.376091401172197e-12,6.80936071008566e-7,2.7876009594012866e-12,1.077713429657234e-5,2.7437867983143708e-14,1.0789898544969646e-5,2.745199650688174e-14,1.0775804456654697e-5,3.449411711075294e-16,6.80936071008566e-7,7.65218784951546e-16,1.077713429657234e-5
3120.0,4.807054517468953e-10,1.1062215161586107e-5,4.79065059516113e-10,1.1050771300946029e-5,3.5767835680524948e-12,7.103821033588557e-7,2.9422912159579703e-12,1.1052135074459312e-5,8.321816298047952e-14,1.1062215161586107e-5,8.322594269969098e-14,1.1050771300946029e-5,2.301434310408645e-16,7.103821033588557e-7,1.6232730356330558e-15,1.1052135074459312e-5
3180.0,5.190949086691027e-10,1.133652031989775e-5,5.175479645392623e-10,1.1326966967892889e-5,3.7966737981451396e-12,7.399269812564676e-7,3.036694156691921e-12,1.1328364826656107e-5,1.3429256299261805e-13,1.133652031989775e-5,1.342688360463928e-13,1.1326966967892889e-5,1.6157394343870154e-16,7.399269812564676e-7,2.480242201486401e-15,1.1328364826656107e-5
3240.0,5.412085273247204e-10,1.1611956720264163e-5,5.396876142378983e-10,1.1604357489703561e-5,3.93320776916134e-12,7.702310135793398e-7,2.9933918776878615e-12,1.160578958119412e-5,1.3019247041822002e-13,1.1611956720264163e-5,1.3020685473969127e-13,1.1604357489703561e-5,1.9078032767429946e-16,7.702310135793398e-7,2.8150580508869743e-15,1.160578958119412e-5
3300.0,5.410827429046834e-10,1.1889458733423354e-5,5.395108677056963e-10,1.1882909580536677e-5,3.92861085422923e-12,8.009357633937844e-7,3.1219479532539578e-12,1.188437604807296e-5,5.838931534649623e-14,1.1889458733423354e-5,5.846485920127696e-14,1.1882909580536677e-5,3.416748267744596e-16,8.009357633937844e-7,2.416810582486467e-15,1.188437604807296e-5
3360.0,5.311808264346787e-10,1.2168386781439517e-5,5.29564011430728e-10,1.2162590601101571e-5,3.830676198839256e-12,8.322377584829932e-7,3.80121081219165e-12,1.2164091584027962e-5,1.454185089173131e-14,1.2168386781439517e-5,1.442688069685247e-14,1.2162590601101571e-5,4.875774166093153e-16,8.322377584829932e-7,1.7198163152604265e-15,1.2164091584027962e-5
3420.0,5.267638538749643e-10,1.2448530863674133e-5,5.25147418137852e-10,1.2443368526071478e-5,3.799709453240313e-12,8.639732037254913e-7,4.4712500163035186e-12,1.2444904159737635e-5,3.8078063594236224e-14,1.2448530863674133e-5,3.799366853122996e-14,1.2443368526071478e-5,5.162299471765273e-16,8.639732037254913e-7,3.906462152463338e-16,1.2444904159737635e-5
3480.0,5.415224182664234e-10,1.2729858107125582e-5,5.399934867466651e-10,1.272521191337747e-5,3.856089276198952e-12,8.959984260200406e-7,5.5467067415253965e-12,1.2726782329271165e-5,4.2383949334735474e-14,1.2729858107125582e-5,4.2412340347327846e-14,1.272521191337747e-5,5.098938760332691e-16,8.959984260200406e-7,1.750835559151078e-15,1.2726782329271165e-5
3540.0,5.664877254874512e-10,1.301236831615178e-5,5.650020388819927e-10,1.3008089875774305e-5,4.0159166794432574e-12,9.286892132853781e-7,6.006606311154442e-12,1.3009695201588032e-5,4.667255120912732e-14,1.301236831615178e-5,4.668916983767395e-14,1.3008089875774305e-5,5.896271520011253e-16,9.286892132853781e-7,1.802966193637457e-15,1.3009695201588032e-5
3600.0,5.927854565671153e-10,1.32960669955759e-5,5.913383412557458e-10,1.3291972054237665e-5,4.192627044289381e-12,9.614993851622435e-7,6.455645847227051e-12,1.3293612413919945e-5,4.9581656829123994e-14,1.32960669955759e-5,4.958672883696623e-14,1.3291972054237665e-5,5.374136853219857e-16,9.614993851622435e-7,1.7346310655200395e-15,1.3293612413919945e-5
3660.0,6.223802738349713e-10,1.3580752873239436e-5,6.209821443362927e-10,1.3576828593137652e-5,4.404364667788561e-12,9.943881646429664e-7,6.769434387017978e-12,1.3578504106887748e-5,5.0970077237362985e-14,1.3580752873239436e-5,5.0894892082186465e-14,1.3576828593137652e-5,5.02129257354687e-16,9.943881646429664e-7,1.5790829294771988e-16,1.3578504106887748e-5
3720.0,6.59783005389473e-10,1.3866416576887327e-5,6.584648764471341e-10,1.3862630116739763e-5,4.691022465666076e-12,1.0265505958423735e-6,7.2522925194437125e-12,1.3864340901213782e-5,4.619219294844834e-14,1.3866416576887327e-5,4.6129275156971865e-14,1.3862630116739763e-5,4.978871840059394e-16,1.0265505958423735e-6,9.25372921262188e-17,1.3864340901213782e-5
3780.0,7.049030531782348e-10,1.4152977482506755e-5,7.036925957973339e-10,1.4149347707670654e-5,5.067286228669336e-12,1.059386623012522e-6,7.565840607382656e-12,1.4151093875906344e-5,1.4914529930171915e-14,1.4152977482506755e-5,1.479508266864018e-14,1.4149347707670654e-5,4.3224731867053307e-16,1.059386623012522e-6,1.133249220857091e-15,1.4151093875906344e-5
3840.0,7.580524508376166e-10,1.4440432971104239e-5,7.569535116813851e-10,1.4436952886290733e-5,5.55721809159605e-12,1.092318522669171e-6,7.595729104190865e-12,1.443873454780384e-5,7.512036238331744e-14,1.4440432971104239e-5,7.519742614113962e-14,1.4436952886290733e-5,3.46092685929542e-16,1.092318522669171e-6,3.482020798188572e-15,1.443873454780384e-5
3900.0,8.195890078671839e-10,1.4728760420209714e-5,8.186385956317849e-10,1.4725417591484574e-5,6.136060814739368e-12,1.1254990556702226e-6,7.381594570730417e-12,1.4727234852377454e-5,2.1773416442367688e-13,1.4728760420209714e-5,2.1770913157900303e-13,1.4725417591484574e-5,2.0504978881088023e-16,1.1254990556702226e-6,7.121056900696002e-15,1.4727234852377454e-5
3960.0,8.863618299723386e-10,1.5017933146505708e-5,8.855160468964895e-10,1.5014714162757092e-5,6.735815470011044e-12,1.1590810007956002e-6,6.978090734118701e-12,1.5016567125696043e-5,3.8378690780870267e-13,1.5017933146505708e-5,3.838005306399918e-13,1.5014714162757092e-5,1.8870369405520754e-16,1.1590810007956002e-6,1.1260128248996581e-14,1.5016567125696043e-5
4020.0,9.484482561880267e-10,1.5307918538975923e-5,9.47623416564808e-10,1.5304815323212313e-5,7.301546055262351e-12,1.1925555822884611e-6,6.3072274486510244e-12,1.530670408747332e-5,5.055880024953383e-13,1.5307918538975923e-5,5.05596009612426e-13,1.5304815323212313e-5,2.9368816038123733e-16,1.1925555822884611e-6,1.4697885371277144e-14,1.530670408747332e-5
4080.0,9.8741832588673e-10,1.5598673318027854e-5,9.865299115443296e-10,1.5595694163557272e-5,7.66315742753609e-12,1.2262223594379682e-6,5.5421935290957855e-12,1.5597618825114537e-5,4.865486813570593e-13,1.5598673318027854e-5,4.866040854903497e-13,1.5595694163557272e-5,3.501856814795728e-16,1.2262223594379682e-6,1.605337277230666e-14,1.5597618825114537e-5
4140.0,1.0015177443254308e-9,1.5890185487877267e-5,1.0005788010626304e-9,1.5887324127137398e-5,7.692207785523476e-12,1.2595981214088836e-6,5.935495348782691e-12,1.5889284778695285e-5,3.0670723021053187e-13,1.5890185487877267e-5,3.068474510382727e-13,1.5887324127137398e-5,3.3146940324902535e-16,1.2595981214088836e-6,1.4957219280404196e-14,1.5889284778695285e-5
4200.0,1.0077959979626535e-9,1.6182467198941113e-5,1.0067865355750923e-9,1.6179678995798e-5,7.48877749435276e-12,1.2931001301508144e-6,8.444423146199263e-12,1.618167572680627e-5,8.662016271054653e-14,1.6182467198941113e-5,8.687992010415282e-14,1.6179678995798e-5,4.8816480748845655e-16,1.2931001301508144e-6,1.2175347705957526e-14,1.618167572680627e-5
4260.0,1.0216422960294314e-9,1.6475469965176527e-5,1.0206048151897668e-9,1.64727328764597e-5,7.309615202164275e-12,1.3270414769787039e-6,1.2370329635542319e-11,1.647476577320467e-5,6.370028437356746e-14,1.6475469965176527e-5,6.334526957540441e-14,1.64727328764597e-5,5.682790365243404e-16,1.3270414769787039e-6,8.50137526287282e-15,1.647476577320467e-5
4320.0,1.0469020386017643e-9,1.6769159533319685e-5,1.0458850127577415e-9,1.6766460188637822e-5,7.330645437293263e-12,1.3616384643296025e-6,1.579875437101025e-11,1.6768529334216148e-5,1.1376246646120995e-13,1.6769159533319685e-5,1.1348329228753302e-13,1.6766460188637822e-5,5.921625598402739e-16,1.3616384643296025e-6,5.13926138292923e-15,1.6768529334216148e-5
4380.0,1.0880834781103142e-9,1.706349598387357e-5,1.0871332816317284e-9,1.706083565246701e-5,7.541509997490398e-12,1.396608199128481e-6,1.8700849019987003e-11,1.706294112684208e-5,1.3069826777822257e-13,1.706349598387357e-5,1.308077729103163e-13,1.706083565246701e-5,4.986523459248857e-16,1.396608199128481e-6,8.716242535395597e-15,1.706294112684208e-5
4440.0,1.145834556832507e-9,1.735846681736076e-5,1.1449118147125382e-9,1.735583427741026e-5,7.90121253167783e-12,1.431788134447828e-6,2.021674542216164e-11,1.7357976157517208e-5,1.4629643625311798e-13,1.735846681736076e-5,1.4638539644612991e-13,1.735583427741026e-5,4.253361386258688e-16,1.431788134447828e-6,8.888679419562114e-15,1.7357976157517208e-5
4500.0,1.2096723942343298e-9,1.7654049486367035e-5,1.2087507575315347e-9,1.7651431351819044e-5,8.314285342169367e-12,1.4672412792254667e-6,2.1139156637530492e-11,1.7653609711483584e-5,1.5809179326894016e-13,1.7654049486367035e-5,1.5793219633826388e-13,1.7651431351819044e-5,3.818038596835793e-16,1.4672412792254667e-6,8.833319575913721e-16,1.7653609711483584e-5
4560.0,1.2824300987438676e-9,1.7950209115182496e-5,1.2815441907653902e-9,1.7947602432631198e-5,8.821689842236658e-12,1.5028837623128184e-6,2.243689369993744e-11,1.794981734273609e-5,1.564827039431616e-13,1.7950209115182496e-5,1.5632968250871622e-13,1.7947602432631198e-5,3.184230312185002e-16,1.5028837623128184e-6,5.174027516142748e-16,1.794981734273609e-5
4620.0,1.3646724897828925e-9,1.824691812232267e-5,1.3638050457050571e-9,1.8244323336134864e-5,9.491683982934386e-12,1.5388277941575327e-6,2.2927751640900598e-11,1.824657486450701e-5,1.0365323369133181e-13,1.824691812232267e-5,1.0345334594605119e-13,1.8244323336134864e-5,3.333016678628344e-16,1.5388277941575327e-6,2.70935267927147e-15,1.824657486450701e-5
4680.0,1.45785140955581e-9,1.854416185721793e-5,1.4569096391968078e-9,1.85415701287264e-5,1.0378622460246253e-11,1.5750845009312599e-6,2.1848783734450324e-11,1.8543858340252853e-5,9.699645557192219e-14,1.854416185721793e-5,9.713417276430988e-14,1.85415701287264e-5,2.960352092687402e-16,1.5750845009312599e-6,1.1187414682669184e-14,1.8543858340252853e-5
4740.0,1.5697306507756583e-9,1.8841909220349185e-5,1.5686641016518794e-9,1.8839319118423876e-5,1.1481709225832165e-11,1.611700403002693e-6,1.8759087157846202e-11,1.8841644075112533e-5,5.068396864543113e-13,1.8841909220349185e-5,5.070141387150245e-13,1.8839319118423876e-5,5.20995883933372e-16,1.611700403002693e-6,2.7341631742147115e-14,1.8841644075112533e-5
4800.0,1.7130543615882744e-9,1.9140140264107075e-5,1.711789522683761e-9,1.9137546846893322e-5,1.2791893710760204e-11,1.6487189579077475e-6,1.3716309398359207e-11,1.9139908607811566e-5,1.1882732129866544e-12,1.9140140264107075e-5,1.1883390693617906e-12,1.9137546846893322e-5,7.401110254103243e-16,1.6487189579077475e-6,5.1443113651849196e-14,1.9139908607811566e-5
4860.0,1.8975543311594735e-9,1.9438828821754053e-5,1.89597721504336e-9,1.9436230081626994e-5,1.4251019495363187e-11,1.6860543092891995e-6,6.723682977665665e-12,1.9438628702981988e-5,2.107033734589265e-12,1.9438828821754053e-5,2.106923527962474e-12,1.9436230081626994e-5,1.1685599836475731e-15,1.6860543092891995e-6,8.108204229100903e-14,1.9438628702981988e-5
4920.0,2.120799552188913e-9,1.973794716238818e-5,2.1187955863323554e-9,1.9735345808735407e-5,1.579476063165467e-11,1.7238993864273783e-6,4.037728866785364e-12,1.9737781343874154e-5,3.1492140312377605e-12,1.973794716238818e-5,3.1487613837518584e-12,1.9735345808735407e-5,1.8572960255872008e-15,1.7238993864273783e-6,1.120794558311174e-13,1.9737781343874154e-5
4980.0,2.3662168312833214e-9,2.0037482686465784e-5,2.363700888316991e-9,2.0034871225913642e-5,1.7377326882200857e-11,1.7617165067469742e-6,1.7716364340664392e-11,2.003734372543808e-5,4.164370486510766e-12,2.0037482686465784e-5,4.1635197113098e-12,2.0034871225913642e-5,2.7084373473334805e-15,1.7617165067469742e-6,1.4037390253313151e-13,2.003734372543808e-5
5040.0,2.6094671092633e-9,2.033740519246632e-5,2.606370544547496e-9,2.0334783736060448e-5,1.8934674537037244e-11,1.7997255057191413e-6,3.559767005665541e-11,2.033729324775337e-5,5.021494353470867e-12,2.033740519246632e-5,5.0202247302206895e-12,2.0334783736060448e-5,3.4689740428712503e-15,1.7997255057191413e-6,1.6369369970037906e-13,2.033729324775337e-5
5100.0,2.829673170092909e-9,2.063769255329849e-5,2.8259669823493858e-9,2.0635060940949567e-5,2.040695708726301e-11,1.837720437716299e-6,5.695160901305874e-11,2.063760750978468e-5,5.647067159703988e-12,2.063769255329849e-5,5.645519050202591e-12,2.0635060940949567e-5,4.072463577268462e-15,1.837720437716299e-6,1.821615636483876e-13,2.063760750978468e-5
5160.0,3.015439895667258e-9,2.093832808673264e-5,3.0111476273592915e-9,2.093568063519237e-5,2.1725866652910528e-11,1.8756649247035514e-6,7.985549819505201e-11,2.093826430344926e-5,6.019673636352482e-12,2.093832808673264e-5,6.017996767115762e-12,2.093568063519237e-5,4.554757917036854e-15,1.8756649247035514e-6,1.9756279795946376e-13,2.093826430344926e-5
5220.0,3.1645855259195994e-9,2.1239284097041154e-5,3.1597881441903335e-9,2.123662080075239e-5,2.28036738698193e-11,1.9136974799507723e-6,1.0147199727693376e-10,2.1239241607972034e-5,6.138446612022546e-12,2.1239284097041154e-5,6.136820657614798e-12,2.123662080075239e-5,4.6970593198266786e-15,1.9136974799507723e-6,2.1211957235055569e-13,2.1239241607972034e-5
5280.0,3.29492840970635e-9,2.1540542025867685e-5,3.289733139450399e-9,2.153785960147964e-5,2.363749534585439e-11,1.9517361621642617e-6,1.197319302996381e-10,2.1540517584523218e-5,6.092879156959372e-12,2.1540542025867685e-5,6.091457968624597e-12,2.153785960147964e-5,4.599318388097992e-15,1.9517361621642617e-6,2.2862590996239327e-13,2.1540517584523218e-5
5340.0,3.438479029860027e-9,2.184207869599824e-5,3.432952287950834e-9,2.1839375378063837e-5,2.4358371851569028e-11,1.9901525413717705e-6,1.3564702911609814e-10,2.1842070571108102e-5,6.059039630563087e-12,2.184207869599824e-5,6.057960045561306e-12,2.1839375378063837e-5,4.382807184719577e-15,1.9901525413717705e-6,2.4996534389008456e-13,2.1842070571108102e-5
5400.0,3.6205104192455473e-9,2.2143879105589076e-5,3.6146329320442656e-9,2.214114664311643e-5,2.5167615676722716e-11,2.0289391947664444e-6,1.5198867071881903e-10,2.2143879077711013e-5,6.207962781260117e-12,2.2143879105589076e-5,6.2071439270922164e-12,2.214114664311643e-5,4.308631953663146e-15,2.0289391947664444e-6,2.782438141056607e-13,2.2143879077711013e-5
5460.0,3.858347271784572e-9,2.2445921781669064e-5,3.852017792786992e-9,2.244315207667361e-5,2.620849557101526e-11,2.068110167009345e-6,1.727232270023263e-10,2.2445921781665838e-5,6.670980580954753e-12,2.2445921781669064e-5,6.6703243367285974e-12,2.244315207667361e-5,4.540573344483456e-15,2.068110167009345e-6,3.160025903840252e-13,2.2445921781665838e-5
5520.0,4.165229305328823e-9,2.2748177523238713e-5,4.15827874598114e-9,2.2745370521545466e-5,2.7567594944079982e-11,2.1073038396301783e-6,2.017441598038201e-10,2.2748177523252744e-5,7.557684400944064e-12,2.2748177523238713e-5,7.556946813097404e-12,2.2745370521545466e-5,5.133119424960379e-15,2.1073038396301783e-6,3.6640297179933764e-13,2.2748177523252744e-5
5580.0,4.563146643484908e-9,2.3050625301497e-5,4.555306614152368e-9,2.3047780979355708e-5,2.937400399088828e-11,2.147552035151333e-6,2.4503241834667105e-10,2.3050625301501246e-5,9.07285668187682e-12,2.3050625301497e-5,9.071749618445995e-12,2.3047780979355708e-5,6.2154871887799265e-15,2.147552035151333e-6,4.3509896181985033e-13,2.3050625301501246e-5
5640.0,5.086410379412396e-9,2.3353244270183343e-5,5.077257667547668e-9,2.3350362606513993e-5,3.186310513451281e-11,2.1885575995010947e-6,3.1244298500667645e-10,2.335324427019155e-5,1.1566304241080165e-11,2.3353244270183343e-5,1.1564324617561237e-11,2.3350362606513993e-5,8.147760850322404e-15,2.1885575995010947e-6,5.310301731646632e-13,2.335324427019155e-5
5700.0,5.7881885187148695e-9,2.3656013734036354e-5,5.777068071996328e-9,2.365309471027373e-5,3.534887951867752e-11,2.2306633375446405e-6,4.1945880724008737e-10,2.3656013734045173e-5,1.558351828279872e-11,2.3656013734036354e-5,1.5579914100355977e-11,2.365309471027373e-5,1.1404668839313091e-14,2.2306633375446405e-6,6.663291207320016e-13,2.3656013734045173e-5
5760.0,6.75366661004659e-9,2.3958913145095257e-5,6.739559217889821e-9,2.395595674515055e-5,4.0297137472955405e-11,2.2742048596429015e-6,5.91285922023442e-10,2.3958913145093855e-5,2.197219611634686e-11,2.3958913145095257e-5,2.196557537662937e-11,2.395595674515055e-5,1.686752207054379e-14,2.2742048596429015e-6,8.547138395674169e-13,2.3958913145093855e-5
5820.0,8.118754162827528e-9,2.4261922099195858e-5,8.10003973184922e-9,2.425892830961025e-5,4.7434104638783974e-11,2.3192706982390757e-6,8.709521022963779e-10,2.4261922099217864e-5,3.20238642643641e-11,2.4261922099195858e-5,3.201179849737024e-11,2.425892830961025e-5,2.5826857454291875e-14,2.3192706982390757e-6,1.104615192943583e-12,2.4261922099217864e-5
5880.0,1.0097668236910935e-8,2.4565020332847117e-5,1.0071711443945882e-8,2.456198914257755e-5,5.800540406664289e-11,2.3665805013820993e-6,1.3338246715236416e-9,2.4565020332845125e-5,4.764353000654451e-11,2.4565020332847117e-5,4.7621692773561195e-11,2.456198914257755e-5,4.0762468393394614e-14,2.3665805013820993e-6,1.398246028997132e-12,2.4565020332845125e-5
5940.0,1.301945340179264e-8,2.4868187719801166e-5,1.2981866983007115e-8,2.486511912032442e-5,7.390847103138402e-11,2.4164263755915584e-6,2.115085890882815e-9,2.4868187719804097e-5,7.151053384280441e-11,2.4868187719801166e-5,7.14710562584235e-11,2.486511912032442e-5,6.578878926529428e-14,2.4164263755915584e-6,1.6357479410317397e-12,2.4868187719804097e-5
6000.0,1.7369092911748373e-8,2.517140426833101e-5,1.73124295724e-8,2.5168298253562927e-5,9.840717505788672e-11,2.4697109845402358e-6,3.460732557801497e-9,2.517140426832189e-5,1.0715640073610385e-10,2.517140426833101e-5,1.0708420839002739e-10,2.5168298253562927e-5,1.0842455471898488e-13,2.4697109845402358e-6,1.4941302899227046e-12,2.517140426832189e-5
6060.0,2.3818145350914797e-8,2.5474650118165553e-5,2.3729604904719333e-8,2.5471506684526076e-5,1.371054696466624e-10,2.527171560844601e-6,5.819948362613677e-9,2.547465011815759e-5,1.5877719518045871e-10,2.5474650118165553e-5,1.5864338234386824e-10,2.5471506684526076e-5,1.8339596373801947e-13,2.527171560844601e-6,9.760778258233521e-14,2.547465011815759e-5
6120.0,3.320294023442423e-8,2.5777905537863776e-5,3.306046876642836e-8,2.577472468414609e-5,1.995134523486765e-10,2.5897962421184363e-6,1.0005225361337433e-8,2.5777905537880056e-5,2.30576923833869e-10,2.5777905537863776e-5,2.3032331965037267e-10,2.577472468414609e-5,3.198473853584001e-13,2.5897962421184363e-6,4.980263710981951e-12,2.5777905537880056e-5
6180.0,4.6380853791040754e-8,2.608115092225144e-5,4.614690468246851e-8,2.607793264968041e-5,3.0137676727527733e-10,2.6588566056787755e-6,1.744559244793375e-8,2.6081150922250215e-5,3.2548188152060415e-10,2.608115092225144e-5,3.249884718783743e-10,2.607793264968041e-5,5.795237434827321e-13,2.6588566056787755e-6,1.8917146379375736e-11,2.6081150922250215e-5
6240.0,6.387371403578833e-8,2.878761288785109e-5,6.348621990482041e-8,2.903238970250372e-5,4.674538135510871e-10,2.7352048205446013e-6,3.05177141286938e-8,2.63843667897429e-5,4.433470399964863e-10,2.878761288785109e-5,4.423630184899012e-10,2.903238970250372e-5,1.0922463916313078e-12,2.7352048205446013e-6,5.4185469161058196e-11,2.63843667897429e-5
6300.0,8.525730411662635e-8,3.81715469993855e-5,8.46186981365684e-8,3.8462442272010924e-5,7.334739710509909e-10,2.819599812304621e-6,5.288154556191412e-8,2.668753378017341e-5,5.793842420936214e-10,3.81715469993855e-5,5.77394148129253e-10,3.8462442272010924e-5,2.1221621028574105e-12,2.819599812304621e-6,1.3697337278356493e-10,2.668753378017341e-5
6360.0,1.0843741382985554e-7,4.9376251088007024e-5,1.0740527029458848e-7,4.9721198830219366e-5,1.1445805900143914e-9,2.911941326556654e-6,8.954929527322488e-8,2.6990632652432355e-5,7.238989700171029e-10,4.9376251088007024e-5,7.198986153707852e-10,4.9721198830219366e-5,4.158603539954672e-12,2.911941326556654e-6,3.1752595780547364e-10,2.6990632652432355e-5
6420.0,1.292584752781865e-7,6.238763752513526e-5,1.2764492905914938e-7,6.279365219300419e-5,1.746659080293644e-9,3.011263348667607e-6,1.4629816059238417e-7,2.729364428232805e-5,8.640239942385693e-10,6.238763752513526e-5,8.562283370603835e-10,6.279365219300419e-5,7.986338727454512e-12,3.011263348667607e-6,6.798398815798046e-10,2.729364428232805e-5
6480.0,1.4208213542025002e-7,7.694486833520414e-5,1.3967082840354327e-7,7.741699182513831e-5,2.5689491247733017e-9,3.1155545411983595e-6,2.2811621246854324e-7,2.759654966052243e-5,9.869442241148225e-10,7.694486833520414e-5,9.72567075813916e-10,7.741699182513831e-5,1.4615542473459954e-11,3.1155545411983595e-6,1.3397405960761963e-9,2.759654966052243e-5
6540.0,1.416392784978017e-7,9.248055991342936e-5,1.382345068253126e-7,9.302093408500173e-5,3.5913578106094123e-9,3.2218452675568448e-6,3.3590686590924456e-7,2.8279986145949945e-5,1.085019526956404e-9,9.248055991342936e-5,1.060796024744982e-9,9.302093408500173e-5,2.4725877018135514e-11,3.2218452675568448e-6,2.3958055027492353e-9,2.8279986145949945e-5
6600.0,1.3061556731812194e-7,0.00010873797098080554,1.2605064131939224e-7,0.0001093487064294132,7.559095328797725e-9,3.4363082995901585e-6,4.703547074706265e-7,3.661228840292247e-5,1.1996681216264908e-9,0.00010873797098080554,1.1630391489507972e-9,0.0001093487064294132,8.007316874533283e-11,3.4363082995901585e-6,3.899132912164846e-9,3.661228840292247e-5
6660.0,1.5345859364054646e-7,0.00017522515020714302,1.4367631237762673e-7,0.00017618740681078546,1.8455403546514467e-8,3.929756193665869e-6,1.0130791179097617e-6,7.457399961303826e-5,1.9957207381040373e-9,0.00017522515020714302,1.8917002909331766e-9,0.00017618740681078546,2.782989977914115e-10,3.929756193665869e-6,1.0838277240757922e-8,7.457399961303826e-5
6720.0,1.0006413665665425e-7,0.00019588826953575913,8.974047187460465e-8,0.00019692835240750595,2.998801134387116e-8,4.178271793723681e-6,1.5022999524578605e-6,8.42561980960681e-5,2.489346211218625e-9,0.00019588826953575913,2.313524935210381e-9,0.00019692835240750595,6.303453604388636e-10,4.178271793723681e-6,2.1073842253110703e-8,8.42561980960681e-5
6780.0,6.049927682703359e-8,0.0002019910028459907,7.352146446592289e-8,0.00020303711811218376,3.734068384436379e-8,4.214292347875989e-6,1.8765280748872318e-6,8.484116636753446e-5,3.5810949457850586e-9,0.0002019910028459907,3.3719286512393713e-9,0.00020303711811218376,9.993518219869744e-10,4.214292347875989e-6,3.1775213234879665e-8,8.484116636753446e-5
6840.0,2.0725811125510657e-7,0.0001986192197127422,2.167560112419896e-7,0.00019965255464872656,3.544041818708442e-8,4.502772002236212e-6,2.075650308768107e-6,8.046307934563178e-5,4.979980546140126e-9,0.0001986192197127422,4.81191969515683e-9,0.00019965255464872656,1.1535412823607764e-9,4.502772002236212e-6,3.8530421769979723e-8,8.046307934563178e-5
6900.0,3.256162938981066e-7,0.000189545225749527,3.2922556659527046e-7,0.00019058891682286377,2.2317407124802253e-8,4.871776353563318e-6,2.1219120413492655e-6,7.457151458368308e-5,5.981140181892448e-9,0.000189545225749527,5.9300435576414e-9,0.00019058891682286377,9.217074406247218e-10,4.871776353563318e-6,3.9560246866529896e-8,7.457151458368308e-5
6960.0,3.839312702609679e-7,0.000178615778445101,3.8158171268559685e-7,0.00017973553955465599,6.275573164800539e-9,5.156475192618118e-6,2.095411588808978e-6,7.095671561583187e-5,6.455849524072728e-9,0.000178615778445101,6.5178667967301134e-9,0.00017973553955465599,5.153417621997334e-10,5.156475192618118e-6,3.940233017189496e-8,7.095671561583187e-5
7020.0,3.9026021896155815e-7,0.00016116025408338338,3.870291052274089e-7,0.000162369899015815,6.423598349114161e-9,5.704972589788471e-6,1.946558982668218e-6,6.5735885879012e-5,6.2258296252456094e-9,0.00016116025408338338,6.36523434682134e-9,0.000162369899015815,1.4119533450516307e-10,5.704972589788471e-6,3.5924606475723984e-8,6.5735885879012e-5
7080.0,3.796449178231357e-7,0.00013147668846760533,3.723121716369193e-7,0.000132627730121536,1.0354507260471526e-8,6.406893318124654e-6,1.521913439832505e-6,5.011217415475778e-5,4.744173848624282e-9,0.00013147668846760533,4.9760533838084936e-9,0.000132627730121536,2.3286728492062173e-10,6.406893318124654e-6,2.6739848454440433e-8,5.011217415475778e-5
7140.0,3.349498019503355e-7,0.00011875448109509758,3.29916947658106e-7,0.00012007137641381405,1.1196260977032818e-8,6.774356870889654e-6,1.4752138607914061e-6,5.003199532663196e-5,4.5005623177015124e-9,0.00011875448109509758,4.703246956259345e-9,0.00012007137641381405,2.0388777340522382e-10,6.774356870889654e-6,2.471015072062452e-8,5.003199532663196e-5
7200.0,3.6000257239579087e-7,0.0001065570940497386,3.5241457143881974e-7,0.00010798661038352058,4.997076468062759e-8,7.36754756570927e-6,1.3790838010408588e-6,4.6576038551926804e-5,5.8143171257034085e-9,0.0001065570940497386,6.104035637329547e-9,0.00010798661038352058,7.625894294456344e-10,7.36754756570927e-6,2.2138831782316417e-8,4.6576038551926804e-5
7260.0,3.442232035452635e-7,9.866865544096262e-5,3.3816050722124383e-7,0.00010028590984595513,8.87221975722627e-8,7.750657549550927e-6,1.365972950487671e-6,4.663265068669558e-5,8.468619518962464e-9,9.866865544096262e-5,8.790198815938116e-9,0.00010028590984595513,1.1311736691147132e-9,7.750657549550927e-6,2.054057300597219e-8,4.663265068669558e-5
7320.0,3.199330210360595e-7,8.948111855470397e-5,3.088573245722199e-7,9.395615857495413e-5,1.2295547245731128e-7,8.346874059596156e-6,1.1919664728617335e-6,4.1699203930127466e-5,9.713979480823368e-9,8.948111855470397e-5,1.0206579480551032e-8,9.395615857495413e-5,1.789305558783544e-9,8.346874059596156e-6,1.8398655856924407e-8,4.1699203930127466e-5
7380.0,2.818174937680674e-7,9.852669325936559e-5,2.6628261396994847e-7,0.00010350552419466742,1.506488459477278e-7,8.883176875319576e-6,1.2354115607431078e-6,3.744438433748202e-5,1.0674313491127389e-8,9.852669325936559e-5,1.1297582815954894e-8,0.00010350552419466742,2.4182885963080993e-9,8.883176875319576e-6,1.6509454670109174e-8,3.744438433748202e-5
7440.0,2.402366078531726e-7,0.00010393088466131065,2.2106086921852515e-7,0.0001092891415406315,1.661643637103675e-7,9.181865351685625e-6,1.2457105407975574e-6,3.393603749839546e-5,1.1383347166792015e-8,0.00010393088466131065,1.1825005200715778e-8,0.0001092891415406315,2.873207076503445e-9,9.181865351685625e-6,1.4248054306547277e-8,3.393603749839546e-5
7500.0,2.0277485938842933e-7,0.00010664728727796837,1.810090382479358e-7,0.00011228606862497116,1.7332406008892626e-7,9.349370410324063e-6,1.2386844872230427e-6,3.271179171983731e-5,1.207069857867927e-8,0.00010664728727796837,1.2267376694184575e-8,0.00011228606862497116,3.1814490630078375e-9,9.349370410324063e-6,1.2601631679299199e-8,3.271179171983731e-5
7560.0,1.6537798573913925e-7,0.00010654597796954591,1.4553455711129107e-7,0.00011234344152425056,1.714045985741928e-7,9.40010851128136e-6,1.2203601771084546e-6,3.300965452817013e-5,1.2224479914311406e-8,0.00010654597796954591,1.2428960362110733e-8,0.00011234344152425056,3.2486105208622045e-9,9.40010851128136e-6,1.1240029336163067e-8,3.300965452817013e-5
7620.0,1.381668740623253e-7,0.00010215781785990485,1.3771270483221648e-7,0.00010791119971021067,1.5709990119369672e-7,9.162342552193101e-6,1.1777713482817107e-6,3.330706914170752e-5,1.153501232045842e-8,0.00010215781785990485,1.1742066397627224e-8,0.00010791119971021067,3.0200817885990684e-9,9.162342552193101e-6,1.0379354756237636e-8,3.330706914170752e-5
7680.0,1.2466196298055951e-7,9.573726733101606e-5,1.3286641900921943e-7,0.00010134096516582616,1.4204377627833752e-7,8.8387804021709e-6,1.127738537085119e-6,3.360401887345379e-5,1.0495152579489026e-8,9.573726733101606e-5,1.0700552538576525e-8,0.00010134096516582616,2.736510112972228e-9,8.8387804021709e-6,9.77947761374766e-9,3.360401887345379e-5
7740.0,1.1471653202457306e-7,8.988060462926916e-5,1.3028314193957006e-7,9.534530395958705e-5,1.313600455363395e-7,8.636900119468314e-6,1.0919771625608377e-6,3.39004871848935e-5,9.622573294794298e-9,8.988060462926916e-5,9.833007904282718e-9,9.534530395958705e-5,2.5176794951865485e-9,8.636900119468314e-6,9.408620291356938e-9,3.39004871848935e-5
7800.0,1.074194351307712e-7,8.491444096425385e-5,1.312328784527565e-7,9.026308487079937e-5,1.2409254911130275e-7,8.546317180717933e-6,1.0712541912249586e-6,3.419645711785759e-5,8.901701110646468e-9,8.491444096425385e-5,9.125562969261929e-9,9.026308487079937e-5,2.3665127100921916e-9,8.546317180717933e-6,9.236671005552519e-9,3.419645711785759e-5
7860.0,1.0125126198684969e-7,8.081652474022136e-5,1.3518524554414616e-7,8.607234321981718e-5,1.1978685108191666e-7,8.548246892891046e-6,1.0638142391002e-6,3.449191178222466e-5,8.249528661151348e-9,8.081652474022136e-5,8.495413884030078e-9,8.607234321981718e-5,2.269862422220125e-9,8.548246892891046e-6,9.241465752597998e-9,3.449191178222466e-5
7920.0,9.880023023456216e-8,7.739144241206437e-5,1.394056379992496e-7,8.257255722457732e-5,1.1623406068330446e-7,8.558608010618812e-6,1.0658396289264194e-6,3.4786834443743685e-5,7.613178555668133e-9,7.739144241206437e-5,7.864221518931537e-9,8.257255722457732e-5,2.2058918060901953e-9,8.558608010618812e-6,9.898865166994665e-9,3.4786834443743685e-5
7980.0,9.820442249793734e-8,7.417398913657672e-5,1.391715266538536e-7,7.927965055696084e-5,1.0955523409927653e-7,8.551208760104411e-6,1.0685332154713439e-6,3.508120847104546e-5,6.9722243682910204e-9,7.417398913657672e-5,7.1926924824416736e-9,7.927965055696084e-5,2.1344668973974543e-9,8.551208760104411e-6,1.028226837794957e-8,3.508120847104546e-5
8040.0,9.588359643591767e-8,7.086311342350998e-5,1.358874509190496e-7,7.588458266354432e-5,1.0106632961531286e-7,8.520534474662614e-6,1.069830354762989e-6,3.5375017326163276e-5,6.291294052612228e-9,7.086311342350998e-5,6.521218486247651e-9,7.588458266354432e-5,2.0481514668195885e-9,8.520534474662614e-6,1.0495771396071562e-8,3.5375017326163276e-5
8100.0,9.308570981927541e-8,6.744348402614077e-5,1.3178407192225072e-7,7.237408565988356e-5,9.202206155994501e-8,8.473299651567677e-6,1.0747489352404038e-6,3.566824457755375e-5,5.607366631471701e-9,6.744348402614077e-5,5.844841686810549e-9,7.237408565988356e-5,1.951836874472848e-9,8.473299651567677e-6,1.0733319369259795e-8,3.566824457755375e-5
8160.0,9.067138905523043e-8,6.395564287893027e-5,1.2784983735949353e-7,6.879161944534194e-5,8.290964905435844e-8,8.419727231221484e-6,1.0883342656133708e-6,3.5960873862045335e-5,4.96150917298359e-9,6.395564287893027e-5,5.207855757594943e-9,6.879161944534194e-5,1.8478966443132114e-9,8.419727231221484e-6,1.1066352710781245e-8,3.5960873862045335e-5
8220.0,8.795006838756644e-8,6.04157970725815e-5,1.2330913130560412e-7,6.51553359472905e-5,7.406331440530896e-8,8.364296524662876e-6,1.098224404271163e-6,3.625288887577292e-5,4.2875485522022916e-9,6.04157970725815e-5,4.5426851067303975e-9,6.51553359472905e-5,1.7417708642955874e-9,8.364296524662876e-6,1.1356880155658168e-8,3.625288887577292e-5
8280.0,8.318312638571415e-8,5.678185120593197e-5,1.1590210895038812e-7,6.142238744824011e-5,6.359431048457947e-8,8.305090023634766e-6,1.0822696985058654e-6,3.654427336920678e-5,3.5097712198170136e-9,5.678185120593197e-5,3.756022372310119e-9,6.142238744824011e-5,1.6357989551184118e-9,8.305090023634766e-6,1.1229711340978843e-8,3.654427336920678e-5
8340.0,7.676684475385668e-8,5.298292995910377e-5,1.0575040311226361e-7,5.751927830766309e-5,5.208433134864616e-8,8.239811425700181e-6,1.0442136411063498e-6,3.6835011140519424e-5,2.6963156314235868e-9,5.298292995910377e-5,2.9011811533164802e-9,5.751927830766309e-5,1.5220569423998805e-9,8.239811425700181e-6,1.073960260931648e-8,3.6835011140519424e-5
8400.0,7.941593590222485e-8,4.9074228542540115e-5,1.052217446684459e-7,5.349462087259028e-5,4.568813121058174e-8,8.159004312121633e-6,1.131773268325845e-6,3.712508616165455e-5,2.2646851901826364e-9,4.9074228542540115e-5,2.4906396568622237e-9,5.349462087259028e-5,1.4074743634743905e-9,8.159004312121633e-6,1.183026789503314e-8,3.712508616165455e-5
8460.0,9.355102294535451e-8,5.2534138505653e-5,1.1803475924783042e-7,5.525321290763444e-5,4.60302851192179e-8,8.065689707289695e-6,1.3575196886408808e-6,3.741448220828664e-5,2.0326886174398582e-9,5.2534138505653e-5,2.3411102454986217e-9,5.525321290763444e-5,1.3728579851619245e-9,8.065689707289695e-6,1.5054684957209742e-8,3.741448220828664e-5
8520.0,1.0417390771252507e-7,5.645968144449871e-5,1.2658399595170928e-7,5.944127011578651e-5,4.1815877653656555e-8,8.000741220567705e-6,1.4943564191019955e-6,3.770318308128409e-5,1.4153555242141927e-9,5.645968144449871e-5,1.7480334633196447e-9,5.944127011578651e-5,1.2800265819751198e-9,8.000741220567705e-6,1.7353203141686052e-8,3.770318308128409e-5
8580.0,1.0504554656607982e-7,5.589838061128038e-5,1.225725777105892e-7,5.886906992711027e-5,3.478389471520184e-8,8.62482170617134e-6,1.4968374629359781e-6,3.7991172536974985e-5,7.320166485680071e-10,5.589838061128038e-5,8.538095102202244e-10,5.886906992711027e-5,4.25445763970281e-10,8.62482170617134e-6,1.7490954466194926e-8,3.7991172536974985e-5
8640.0,9.924514701258555e-8,5.2513422780792306e-5,1.1007911886191544e-7,5.5314307186402e-5,2.577263230428591e-8,9.463015376676492e-6,1.4122270719058099e-6,3.827843453819643e-5,7.147970720645523e-10,5.2513422780792306e-5,7.398526267162532e-10,5.5314307186402e-5,3.658938594822938e-10,9.463015376676492e-6,1.614695191402291e-8,3.827843453819643e-5
8700.0,1.0001356881365633e-7,4.9372263254990406e-5,1.0241504444620894e-7,5.204197736377975e-5,1.5109529141534222e-8,1.0680201237443272e-5,1.3499515668927084e-6,3.8564951762568035e-5,6.569269496067844e-10,4.9372263254990406e-5,6.326480187515477e-10,5.204197736377975e-5,3.038589023689893e-10,1.0680201237443272e-5,1.5173753630735816e-8,3.8564951762568035e-5
8760.0,1.0451167783283286e-7,4.653101504456187e-5,9.935616894945364e-8,4.91068296606174e-5,1.0238997565657978e-8,1.2397471414490364e-5,1.3249312191808033e-6,3.8850705253496616e-5,5.662122715953256e-10,4.653101504456187e-5,4.5916899535195113e-10,4.91068296606174e-5,2.214954612348588e-10,1.2397471414490364e-5,1.483583537110767e-8,3.8850705253496616e-5
8820.0,1.1205552997373141e-7,4.4178753434510856e-5,9.44875951587463e-8,4.671135082080048e-5,2.4654885257060826e-8,1.4927648120421695e-5,1.323562330794506e-6,3.913567537333728e-5,6.083037008355521e-10,4.4178753434510856e-5,5.004458398586581e-10,4.671135082080048e-5,2.464040113388834e-10,1.4927648120421695e-5,1.4862450898654282e-8,3.913567537333728e-5
8880.0,1.1764016140514739e-7,4.1970415591462854e-5,7.777488796943371e-8,4.449083328785308e-5,5.551167136200118e-8,1.853264687366564e-5,1.3066421449944892e-6,3.9419835483066746e-5,6.430628850599102e-10,4.1970415591462854e-5,7.693523866728869e-10,4.449083328785308e-5,5.915827068672607e-10,1.853264687366564e-5,1.4581677820945203e-8,3.9419835483066746e-5
8940.0,1.2057824512195265e-7,4.2370239834688245e-5,7.266655993001842e-8,5.715994182602459e-5,1.0390051598282359e-7,2.333128210350299e-5,1.2983767106000078e-6,3.9703157538636246e-5,6.369316554691891e-10,4.2370239834688245e-5,1.3981743855412953e-9,5.715994182602459e-5,1.2170793603705634e-9,2.333128210350299e-5,1.4279984442395759e-8,3.9703157538636246e-5
9000.0,1.1509128830648891e-7,5.903526609377877e-5,1.5465924190271195e-7,8.07857371483401e-5,1.6752483969917581e-7,2.9192860124199462e-5,1.2705755822382163e-6,3.998561994712445e-5,5.863888538101181e-10,5.903526609377877e-5,2.216075652952564e-9,8.07857371483401e-5,2.1902821200664296e-9,2.9192860124199462e-5,1.3400987856321015e-8,3.998561994712445e-5
9060.0,9.833418167204571e-8,7.861319713226226e-5,2.5419970342994823e-7,0.00010905051765308443,2.407965580044397e-7,3.543547928139093e-5,1.2265967544392113e-6,4.310790464640917e-5,5.26943199091197e-10,7.861319713226226e-5,3.1081457656557536e-9,0.00010905051765308443,3.404306746813379e-9,3.543547928139093e-5,1.2862375652596587e-8,4.310790464640917e-5
9120.0,7.373003985349122e-8,9.988153381558165e-5,3.5629049902892166e-7,0.00013632788344215916,3.2153506344891755e-7,4.1315723199780125e-5,1.1801839571240915e-6,4.967141918851525e-5,8.409998376341079e-10,9.988153381558165e-5,3.846844135518764e-9,0.00013632788344215916,4.628917234062677e-9,4.1315723199780125e-5,1.3786103295299655e-8,4.967141918851525e-5
9180.0,7.216515838431232e-8,0.00011916869337211676,4.45358143111951e-7,0.00016103600382033766,3.953909703907886e-7,4.656613178686782e-5,1.1401076644731303e-6,5.5135324594785275e-5,1.275836049333692e-9,0.00011916869337211676,4.400982530971747e-9,0.00016103600382033766,5.663889513477287e-9,4.656613178686782e-5,1.4355434501474522e-8,5.5135324594785275e-5
9240.0,8.98451346855035e-8,0.0001341566451017386,4.98256984796893e-7,0.00018017563602173867,4.4508519500326336e-7,5.059307886988983e-5,1.1462801448264872e-6,5.86828265305974e-5,1.7355771589344934e-9,0.0001341566451017386,4.599433221003376e-9,0.00018017563602173867,6.2569341678092175e-9,5.059307886988983e-5,1.4823328710898886e-8,5.86828265305974e-5
9300.0,1.0013582332621683e-7,0.000143691391731772,5.328825417786906e-7,0.0001923235815921753,4.6859371889568893e-7,5.30386716367593e-5,1.231228290797038e-6,6.0074778983785335e-5,2.3373714897964035e-9,0.000143691391731772,4.3982226382437706e-9,0.0001923235815921753,6.359248621972148e-9,5.30386716367593e-5,1.5339032064023468e-8,6.0074778983785335e-5
9360.0,1.8615709466057433e-7,0.00014936410421715043,4.846666800186152e-7,0.00019953478160273836,5.500539822213456e-7,5.453376153189163e-5,1.3003639106690637e-6,6.0155078412092936e-5,5.6137232824425416e-9,0.00014936410421715043,9.620298981940338e-9,0.00019953478160273836,1.008719148890041e-8,5.453376153189163e-5,1.5265009435818186e-8,6.0155078412092936e-5
9420.0,2.601880645293004e-7,0.00014378187772341212,4.898322754246592e-7,0.0001919168759379038,6.042162250157154e-7,5.2905586132953746e-5,1.3660971732786884e-6,5.774617324560639e-5,1.33476506307403e-8,0.00014378187772341212,1.4943481140352143e-8,0.0001919168759379038,1.2576656147757794e-8,5.2905586132953746e-5,1.4417131202910258e-8,5.774617324560639e-5
9480.0,2.539104423207499e-7,0.00014541966922652975,5.332282230067639e-7,0.0001940656752020996,6.269500529125738e-7,5.347437957762837e-5,1.4337598177433461e-6,5.7625414930411886e-5,1.2217777475923112e-8,0.00014541966922652975,1.3462107766799564e-8,0.0001940656752020996,1.1918085832263874e-8,5.347437957762837e-5,1.567383354534345e-8,5.7625414930411886e-5
9540.0,2.4135648635876287e-7,0.00014567671096280425,5.685897177898662e-7,0.00019443935222568452,6.45506816750587e-7,5.3628891031770023e-5,1.481985714381046e-6,5.6662118542974055e-5,1.1532377225442522e-8,0.00014567671096280425,1.2955521317286379e-8,0.00019443935222568452,1.1276537740679825e-8,5.3628891031770023e-5,1.6489208930441022e-8,5.6662118542974055e-5
9600.0,2.1958259793326049e-7,0.00014431320776166066,5.628855780720262e-7,0.00019275374217407853,6.274491631582759e-7,5.3304821536015164e-5,1.510959375785647e-6,5.51548768593082e-5,1.1125109041540548e-8,0.00014431320776166066,1.2699247928620669e-8,0.00019275374217407853,1.0873654520340741e-8,5.3304821536015164e-5,1.7126675064793412e-8,5.51548768593082e-5
9660.0,2.0191617107588526e-7,0.00014108326627483927,5.16957342203563e-7,0.00018874441053033978,5.818440707498865e-7,5.247045183490151e-5,1.514777069902063e-6,5.3045053085183254e-5,1.0615625898080271e-8,0.00014108326627483927,1.2078442422651606e-8,0.00018874441053033978,1.0324949192013642e-8,5.247045183490151e-5,1.74166635517256e-8,5.3045053085183254e-5
9720.0,1.8197013208659425e-7,0.00013620385635057262,4.533170813608777e-7,0.00018274573502647594,5.134813483039998e-7,5.1342694456250735e-5,1.4951772241509507e-6,5.044165248143672e-5,9.954509285000545e-9,0.00013620385635057262,1.1140496916894885e-8,0.00018274573502647594,9.436851704119506e-9,5.1342694456250735e-5,1.742424262300521e-8,5.044165248143672e-5
9780.0,1.8104780256816846e-7,0.0001340830576540787,3.8960319333647705e-7,0.00018050973454804959,4.5496767987418057e-7,5.131441295027734e-5,1.5000322370584448e-6,4.9131300258378315e-5,9.844103633774848e-9,0.0001340830576540787,1.0760512187950845e-8,0.00018050973454804959,9.349344809033504e-9,5.131441295027734e-5,1.7530861085980837e-8,4.9131300258378315e-5
9840.0,1.8958188958097149e-7,0.0001371282191609922,3.3137853404052303e-7,0.00018526275388546594,3.9628630733336253e-7,5.3451340804643e-5,1.5675030984945845e-6,4.9967901034691064e-5,1.0708933475934355e-8,0.0001371282191609922,1.1347214326903476e-8,0.00018526275388546594,1.0243354683417927e-8,5.3451340804643e-5,1.8291306261857575e-8,4.9967901034691064e-5
9900.0,1.9133528922768553e-7,0.00014201027841737805,2.513826420616318e-7,0.000193109036340855,3.2816793984925783e-7,6.173897042033801e-5,1.6271105864666623e-6,5.152858642836947e-5,1.1604367379283338e-8,0.00014201027841737805,1.2680000870890371e-8,0.000193109036340855,1.1830749647270561e-8,6.173897042033801e-5,1.8681937226480025e-8,5.152858642836947e-5
9960.0,1.8085967312719991e-7,0.00014654689225010678,3.98092326405609e-7,0.0002017768633835749,4.0021454272325244e-7,8.754960556353057e-5,1.6616128465607256e-6,5.290732921586807e-5,1.1802029438951493e-8,0.00014654689225010678,1.637323088740421e-8,0.0002017768633835749,1.5008204712737035e-8,8.754960556353057e-5,1.874959152120997e-8,5.290732921586807e-5
10020.0,1.594407104412322e-7,0.00014979737142063184,7.52295851687342e-7,0.00021058048988045018,7.569656874183143e-7,0.0001203625944079546,1.6572017826248392e-6,5.375547812603357e-5,1.2033390724112821e-8,0.00014979737142063184,2.3229100575771395e-8,0.00021058048988045018,2.2926611227870864e-8,0.0001203625944079546,1.8135226304947037e-8,5.375547812603357e-5
10080.0,1.2808585803477302e-7,0.00015120212781621358,1.2265299318898393e-6,0.00025722913116815955,1.2268053936679658e-6,0.00015649337177648523,1.6165679251045748e-6,5.38709053298192e-5,1.290760096027845e-8,0.00015120212781621358,3.3215604895777686e-8,0.00025722913116815955,3.236341613305176e-8,0.00015649337177648523,1.6575377784878023e-8,5.38709053298192e-5
10140.0,1.1475314423004733e-7,0.00015114687522195834,1.777762144026294e-6,0.0003186853814375248,1.7596480568331587e-6,0.00019147788213402607,1.5584949978240095e-6,5.340120358925855e-5,1.3416405862386246e-8,0.00015114687522195834,4.294038409563627e-8,0.0003186853814375248,4.149423087175903e-8,0.00019147788213402607,1.4591812529058508e-8,5.340120358925855e-5
10200.0,1.3593216148875117e-7,0.0001585007499409638,2.380207740101086e-6,0.00037662362065887507,2.32669904619738e-6,0.00022512236523716437,1.4969198434286346e-6,5.2787340300268556e-5,1.392900056301554e-8,0.0001585007499409638,5.259513639779122e-8,0.00037662362065887507,5.01722024511136e-8,0.00022512236523716437,1.5782123874077e-8,5.2787340300268556e-5
10260.0,1.7017308046394623e-7,0.0001764382077674961,2.8804125041208225e-6,0.00042169035111852137,2.790712783155533e-6,0.0002518015985372662,1.473246547091471e-6,5.2280792572559646e-5,1.4868329335494901e-8,0.0001764382077674961,5.956552861914523e-8,0.00042169035111852137,5.657614666964486e-8,0.0002518015985372662,1.6587435930056382e-8,5.2280792572559646e-5
10320.0,2.0318984321962426e-7,0.00018584840579492144,3.182369135435238e-6,0.00044746711065051095,3.066534629756017e-6,0.0002673941253024951,1.5497851716705507e-6,5.4008945395956956e-5,1.4966293185370044e-8,0.00018584840579492144,6.216305717311443e-8,0.00044746711065051095,6.001462738720411e-8,0.0002673941253024951,1.717983117441869e-8,5.4008945395956956e-5
10380.0,2.397495091952586e-7,0.00019012922872547805,3.4037876087803955e-6,0.0004613154109722598,3.2674737852751914e-6,0.00027620561933865243,1.6114395427001153e-6,5.4027519091115134e-5,1.4836063707231461e-8,0.00019012922872547805,6.201274175601869e-8,0.0004613154109722598,6.210701318376749e-8,0.00027620561933865243,1.7818619736259662e-8,5.4027519091115134e-5
10440.0,2.836820382453846e-7,0.00019281446756456213,3.6545043348387885e-6,0.00047080617035392524,3.498095649511142e-6,0.0002827953197107783,1.6869350900984954e-6,5.367344115005081e-5,1.4659605530982531e-8,0.00019281446756456213,6.263008558015242e-8,0.00047080617035392524,6.44328343994567e-8,0.0002827953197107783,1.8754521147000868e-8,5.367344115005081e-5
10500.0,3.245744725093624e-7,0.00019495507200427862,3.916508146649832e-6,0.0004782534228918247,3.744744113622813e-6,0.00028818162939395317,1.7738385640348077e-6,5.3223166414478045e-5,1.444539748903101e-8,0.00019495507200427862,6.354670643722233e-8,0.0004782534228918247,6.679553689998656e-8,0.00028818162939395317,1.9960645016769808e-8,5.3223166414478045e-5
10560.0,3.5916289053787354e-7,0.00019569423864009575,4.104571567918172e-6,0.0004822152600273615,3.920936933828919e-6,0.00029142704108057045,1.8529679286029316e-6,5.2409543904347673e-5,1.4128677723886797e-8,0.00019569423864009575,6.330980977121792e-8,0.0004822152600273615,6.799047489481478e-8,0.00029142704108057045,2.1181395628228657e-8,5.2409543904347673e-5
10620.0,3.8388288785767174e-7,0.00019371844507006108,4.1346222003301745e-6,0.00047985036123155,3.944990415566388e-6,0.0002909699512384853,1.9046493075465963e-6,5.0805553081533045e-5,1.362303314299449e-8,0.00019371844507006108,6.09136519926169e-8,0.00047985036123155,6.702944620562925e-8,0.0002909699512384853,2.2034923704326084e-8,5.0805553081533045e-5
10680.0,3.8963108210834603e-7,0.00018885453146840161,3.974865765274292e-6,0.0004702241200041967,3.789726325367085e-6,0.00028713561228845463,1.9215618433155263e-6,4.8254039238346244e-5,1.4203151634069942e-8,0.00018885453146840161,5.640079847767487e-8,0.0004702241200041967,6.363311759655207e-8,0.00028713561228845463,2.23988994284976e-8,4.8254039238346244e-5
10740.0,3.7863384354099255e-7,0.00018160352601068555,3.6631605218213274e-6,0.00045592620786635645,3.4916801297412053e-6,0.00028088124175804845,1.9030895080528196e-6,4.775696582607033e-5,1.3998966295270498e-8,0.00018160352601068555,5.047446377950724e-8,0.00045592620786635645,5.840170271767778e-8,0.00028088124175804845,2.2439972592538807e-8,4.775696582607033e-5
10800.0,3.777821264233516e-7,0.0001778218104590581,3.4639111730211633e-6,0.00045071618579447636,3.2923980173407625e-6,0.00028014243148948763,1.9170724666903883e-6,4.8008290939341336e-5,1.3540443042840458e-8,0.0001778218104590581,4.6319504850316756e-8,0.00045071618579447636,5.465038093425847e-8,0.00028014243148948763,2.296653963507865e-8,4.8008290939341336e-5
10860.0,3.8805493025505636e-7,0.0001783791328959245,3.3487994795738847e-6,0.0004562272667265749,3.164181286455825e-6,0.00028588327857188346,1.973754456208479e-6,4.825829965838605e-5,1.2804458338688593e-8,0.0001783791328959245,4.361726163664791e-8,0.0004562272667265749,5.23061651431431e-8,0.00028588327857188346,2.4086105592830484e-8,4.825829965838605e-5
10920.0,3.90734515491686e-7,0.0001793204698323922,3.0659087735445377e-6,0.00046379558265644444,2.873810547676535e-6,0.0002932738041549085,2.0253027250465508e-6,4.850688132009408e-5,1.155771208912096e-8,0.0001793204698323922,3.967693706184024e-8,0.00046379558265644444,4.8536146611075064e-8,0.0002932738041549085,2.517104844779919e-8,4.850688132009408e-5
10980.0,3.81483768327227e-7,0.0001791499425136001,2.4949964238047763e-6,0.00047107481815776954,2.3056521110552658e-6,0.0003014259768690492,2.046857566855983e-6,4.8753863385380685e-5,1.1116364117994153e-8,0.0001791499425136001,3.62871171537014e-8,0.00047107481815776954,4.1790320945903055e-8,0.0003014259768690492,2.5794136393565e-8,4.8753863385380685e-5
11040.0,3.5140969874835277e-7,0.00017725023253762997,2.4025661311109653e-6,0.00047771728946350764,2.346862901602675e-6,0.00031044232303312636,2.027261288503597e-6,4.8999016999274916e-5,9.825595078462156e-9,0.00017725023253762997,4.158883750804064e-8,0.00047771728946350764,4.46814523390274e-8,0.00031044232303312636,2.5608374210661756e-8,4.8999016999274916e-5
11100.0,2.990066179108843e-7,0.00017320448317031665,2.655040142287462e-6,0.0005031649579899625,2.623390994673533e-6,0.00039795906132127014,1.9666250464850216e-6,4.924195726909353e-5,1.0558531618860616e-8,0.00017320448317031665,5.2790134686220574e-8,0.0005031649579899625,5.258967193613694e-8,0.00039795906132127014,2.4399858196930407e-8,4.924195726909353e-5
11160.0,2.2410717049223495e-7,0.00016818175722311824,4.194755389773207e-6,0.0006575753227422011,4.243904589400301e-6,0.0005157057665441906,1.8479184625896819e-6,4.948200752164338e-5,1.5187512694465922e-8,0.00016818175722311824,7.539191761163244e-8,0.0006575753227422011,7.472010461820732e-8,0.0005157057665441906,2.1828730463110403e-8,4.948200752164338e-5
11220.0,1.3857102183443344e-7,0.00018960971858006327,6.672895897517129e-6,0.0008191060244870641,6.66242110668881e-6,0.0006396239369029441,1.7289917145422922e-6,5.3049680603176654e-5,2.303171668246267e-8,0.00018960971858006327,1.277560442342199e-7,0.0008191060244870641,1.1777000837700939e-7,0.0006396239369029441,1.94097462953021e-8,5.3049680603176654e-5
11280.0,2.0574892429432334e-7,0.00021514279838275903,8.456435687890296e-6,0.0009279918339434674,8.390788246189972e-6,0.0007221590558191106,1.8352656915952348e-6,6.05889769936083e-5,2.5236569747461473e-8,0.00021514279838275903,1.667982477474572e-7,0.0009279918339434674,1.494835141652411e-7,0.0007221590558191106,1.9678734179402946e-8,6.05889769936083e-5
11340.0,2.461574678506926e-7,0.00022151120980703836,8.899037988553227e-6,0.0009569120380287428,8.809028908610421e-6,0.0007427544399261571,1.902333563906588e-6,6.091370039561362e-5,2.6996522860415856e-8,0.00022151120980703836,1.698786351436844e-7,0.0009569120380287428,1.5214900198249675e-7,0.0007427544399261571,2.0456550297666368e-8,6.091370039561362e-5
11400.0,2.611828880727147e-7,0.00022042837286909205,8.881090868545275e-6,0.0009547357219031128,8.78459259272616e-6,0.0007397369521643049,1.9006417466948369e-6,5.8692235578530655e-5,2.598512390526805e-8,0.00022042837286909205,1.5544479634884396e-7,0.0009547357219031128,1.440254326618609e-7,0.0007397369521643049,2.0643328452449154e-8,5.8692235578530655e-5
11460.0,2.887223871439832e-7,0.00021947620296450658,9.078203771999398e-6,0.0009522065156058144,8.956415506407569e-6,0.0007374022860928682,1.9537971489029444e-6,5.7253830846004594e-5,2.8112974284284844e-8,0.00021947620296450658,1.5420178109259734e-7,0.0009522065156058144,1.4402383713908264e-7,0.0007374022860928682,2.1533924677166662e-8,5.7253830846004594e-5
11520.0,3.1480573241366905e-7,0.0002199429682052081,9.252423562899156e-6,0.0009545921002048644,9.104608993044157e-6,0.0007388946177933136,2.033024281524554e-6,5.6719017220732724e-5,3.001924686598768e-8,0.0002199429682052081,1.5355928440617266e-7,0.0009545921002048644,1.4326208329842245e-7,0.0007388946177933136,2.3016492600994404e-8,5.6719017220732724e-5
11580.0,3.386296285887848e-7,0.0002199400255024908,9.204607114445824e-6,0.0009547265481510914,9.035179844329876e-6,0.0007390271924091062,2.1071872403300043e-6,5.637512527851408e-5,3.149854252706963e-8,0.0002199400255024908,1.491178464433221e-7,0.0009547265481510914,1.3900925394593772e-7,0.0007390271924091062,2.4266216077633683e-8,5.637512527851408e-5
11640.0,4.137701307080863e-7,0.0002326979205302084,1.0195242066427812e-5,0.0010055010121293,9.95541271790595e-6,0.0007781914072325019,2.3302198122962993e-6,6.018341210001415e-5,3.6737273971333766e-8,0.0002326979205302084,1.5948873912932135e-7,0.0010055010121293,1.4956639300417828e-7,0.0007781914072325019,2.814466240948335e-8,6.018341210001415e-5
11700.0,5.13245791431928e-7,0.0002546681727250326,1.1819484442889647e-5,0.0010929676916768389,1.1488800560985317e-5,0.0008449303266121161,2.6567433454015803e-6,6.665487807795646e-5,4.319258463883747e-8,0.0002546681727250326,1.82014972260835e-7,0.0010929676916768389,1.702560084256641e-7,0.0008449303266121161,3.416718081588956e-8,6.665487807795646e-5
11760.0,5.660494563690093e-7,0.00026931823628040334,1.220071449797162e-5,0.0011516679771658017,1.1828683190415837e-5,0.0008900238673037386,2.849960089707548e-6,7.03066438698581e-5,4.295218647355464e-8,0.00026931823628040334,1.846746332731819e-7,0.0011516679771658017,1.7224839759024192e-7,0.0008900238673037386,3.793053045172023e-8,7.03066438698581e-5
11820.0,5.517066050591567e-7,0.0002727519837112603,1.0892302935913235e-5,0.0011670554358486338,1.0547775108259912e-5,0.0009029331363059722,2.850779353261827e-6,7.028672654786569e-5,3.6862854200747686e-8,0.0002727519837112603,1.710775618734489e-7,0.0011670554358486338,1.567312959002185e-7,0.0009029331363059722,3.7578933553988986e-8,7.028672654786569e-5
11880.0,4.807842447955967e-7,0.0002687067910082776,1.0548174475354365e-5,0.0011547507830916366,1.0393596225597241e-5,0.0008955122935801764,2.7214216505415525e-6,6.815142145320964e-5,3.4602102123565385e-8,0.0002687067910082776,1.7996913029578106e-7,0.0011547507830916366,1.626652313976862e-7,0.0008955122935801764,3.3283946749713796e-8,6.815142145320964e-5
11940.0,3.438205027929417e-7,0.00026115299990820404,1.1403034862705681e-5,0.0011323118348683476,1.1296309641763534e-5,0.0008815158816313118,2.469324197704997e-6,6.551396910309505e-5,4.355027793065436e-8,0.00026115299990820404,2.2092022826001823e-7,0.0011323118348683476,2.0021437401267823e-7,0.0008815158816313118,2.8032494585017765e-8,6.551396910309505e-5
12000.0,2.882755181652485e-7,0.00026667670291968647,1.3257177565274301e-5,0.0012915373542089804,1.3175817837225492e-5,0.0010365471700244174,2.451172708654554e-6,6.509409264286595e-5,5.9303810456815203e-8,0.00026667670291968647,2.8413681908109695e-7,0.0012915373542089804,2.52699258333807e-7,0.0010365471700244174,3.386359431534314e-8,6.509409264286595e-5
12060.0,4.348679178633032e-7,0.00031086264400732725,1.6645986166314592e-5,0.0014732198141431314,1.6429788795883443e-5,0.001173774623231121,2.8262507416099513e-6,7.984139620745032e-5,7.650099009121398e-8,0.00031086264400732725,3.244893679913603e-7,0.0014732198141431314,2.811711210808406e-7,0.001173774623231121,3.916950612872571e-8,7.984139620745032e-5
12120.0,5.337156170766645e-7,0.0003157994861770215,1.6927569540859247e-5,0.0014756529385067125,1.6638719581228353e-5,0.0011691629266065377,2.985434213514812e-6,8.12007235512408e-5,8.267472906865222e-8,0.0003157994861770215,3.080934441905314e-7,0.0014756529385067125,2.647514584216043e-7,0.0011691629266065377,3.8229681415646015e-8,8.12007235512408e-5
12180.0,5.473920370598112e-7,0.0002918324910543171,1.4689928635901633e-5,0.0013555056237170085,1.4415224181661177e-5,0.0010700220763527315,2.855741701935148e-6,7.313585378641513e-5,6.85043462473261e-8,0.0002918324910543171,2.7293106628030533e-7,0.0013555056237170085,2.2232219642286092e-7,0.0010700220763527315,3.779044359013468e-8,7.313585378641513e-5
12240.0,5.41514220621043e-7,0.0002673805167683485,1.2497455980782425e-5,0.0012373417170759233,1.224837250589799e-5,0.0009741120300443785,2.72764901350434e-6,6.516631479053833e-5,6.604552734125058e-8,0.0002673805167683485,2.4327525313205967e-7,0.0012373417170759233,1.920992970961627e-7,0.0009741120300443785,3.541710110852007e-8,6.516631479053833e-5
12300.0,6.005695562671289e-7,0.0002703334930891382,1.2640280754434211e-5,0.0012360433892739872,1.232909685568013e-5,0.0009704957254657491,2.871607219084627e-6,6.589028422034011e-5,8.375320992197269e-8,0.0002703334930891382,2.441602498033967e-7,0.0012360433892739872,1.7305324158936974e-7,0.0009704957254657491,3.4630415215482346e-8,6.589028422034011e-5
12360.0,6.629536529841429e-7,0.0002951393099213562,1.4194709735555372e-5,0.0013257406319830784,1.3804638670187707e-5,0.001036680710053868,3.2085358464385984e-6,7.353819958634661e-5,9.736573542972569e-8,0.0002951393099213562,2.7367439480124753e-7,0.0013257406319830784,1.9237478217275552e-7,0.001036680710053868,3.7475871778139826e-8,7.353819958634661e-5
12420.0,6.611280098172765e-7,0.00031257937950650554,1.3822123827284077e-5,0.0013859889884494012,1.3440724172978582e-5,0.0010805290285339146,3.381910228591655e-6,7.973738907599893e-5,1.02721342503496e-7,0.00031257937950650554,2.922375288105176e-7,0.0013859889884494012,2.1122227842934116e-7,0.0010805290285339146,3.7970863182748175e-8,7.973738907599893e-5
12480.0,5.584652481937115e-7,0.00031583037706660506,1.0973735916274454e-5,0.0013898964175547228,1.0888562911106384e-5,0.0010825975710683573,3.2762424588854905e-6,8.16714102163224e-5,9.286547882356682e-8,0.00031583037706660506,3.0209907083068653e-7,0.0013898964175547228,2.3076755931929276e-7,0.0010825975710683573,3.592598410734778e-8,8.16714102163224e-5
12540.0,4.1575633113990866e-7,0.00030811507904373307,1.269062793473172e-5,0.0013573106780242475,1.2722409740751439e-5,0.0010594531935374171,2.953617660677312e-6,8.146339819589118e-5,7.746103744450863e-8,0.00030811507904373307,3.271077157033485e-7,0.0013573106780242475,2.665291769640627e-7,0.0010594531935374171,3.806390127082825e-8,8.146339819589118e-5
12600.0,4.346385412414699e-7,0.00034135838879688883,1.5367277738480496e-5,0.0014959173509445918,1.5374719222315773e-5,0.0011657351336325675,3.3794223163263544e-6,8.952338386864788e-5,9.152766993399286e-8,0.00034135838879688883,3.6359068431618065e-7,0.0014959173509445918,3.0734805988190133e-7,0.0011657351336325675,4.861336215064832e-8,8.952338386864788e-5
12660.0,5.125291361348757e-7,0.0003875161623701081,1.9815433041996622e-5,0.0016481353354665903,1.9596942932715334e-5,0.0012709931262971678,3.7369836107216374e-6,0.00010335927499482174,1.1615167072458704e-7,0.0003875161623701081,3.7274251310884225e-7,0.0016481353354665903,3.2245034788093594e-7,0.0012709931262971678,5.217830781119434e-8,0.00010335927499482174
12720.0,6.337662198322062e-7,0.0003879897881965997,2.0008277069087585e-5,0.0016055647231215347,1.9654792495164055e-5,0.001229501394694848,3.830527178251769e-6,0.00010303822098222277,1.2219961432178422e-7,0.0003879897881965997,3.483355101107749e-7,0.0016055647231215347,2.923916337300452e-7,0.001229501394694848,5.0613963370481237e-8,0.00010303822098222277
12780.0,6.957681702519173e-7,0.00036541046955384485,1.8121160577076502e-5,0.0014806856199652127,1.76449870925195e-5,0.0011280160042655598,3.7297880981347685e-6,9.667854927105892e-5,1.1644317150029135e-7,0.00036541046955384485,3.200790748319429e-7,0.0014806856199652127,2.445593570890659e-7,0.0011280160042655598,4.845243107549511e-8,9.667854927105892e-5
12840.0,7.513958483895847e-7,0.0003628227967010343,1.7416101149909673e-5,0.0014380117485760639,1.6818508526973962e-5,0.0010898657749338057,3.7731148504011584e-6,9.767183123859946e-5,1.271496762059001e-7,0.0003628227967010343,3.193893017582242e-7,0.0014380117485760639,2.1982366129991138e-7,0.0010898657749338057,4.723575633508912e-8,9.767183123859946e-5
12900.0,7.444331872414463e-7,0.00037478506927115607,1.646361160138382e-5,0.001452543036305082,1.5853929359350645e-5,0.001095450211124604,3.8454008675553406e-6,0.00010363641799535915,1.3696482661845037e-7,0.00037478506927115607,3.3669790761029324e-7,0.001452543036305082,2.3229105722551828e-7,0.001095450211124604,4.6943913892358907e-8,0.00010363641799535915
12960.0,5.941360904442661e-7,0.00037363444512641947,1.3010185580939665e-5,0.0014275338972543176,1.2783952461399264e-5,0.0010735873523828566,3.6193525600954427e-6,0.0001069646208480571,1.2186436143153994e-7,0.00037363444512641947,3.5065104171887045e-7,0.0014275338972543176,2.607265170273748e-7,0.0010735873523828566,4.3731555419960826e-8,0.0001069646208480571
13020.0,4.718621574790788e-7,0.00035274766027402436,1.592701653951063e-5,0.0013430623456962263,1.5863576708752616e-5,0.0010125317527200466,3.586922308900329e-6,0.00010558443806469487,9.78400696973907e-8,0.00035274766027402436,3.7290449762507836e-7,0.0013430623456962263,3.0203738151505935e-7,0.0010125317527200466,4.8937860193334773e-8,0.00010558443806469487
13080.0,5.05139450053472e-7,0.00043283776435642054,2.1641236767010303e-5,0.001554482001180872,2.1494616530373196e-5,0.0011498103377777106,4.087976815309544e-6,0.00012450264474879956,1.3185684252082354e-7,0.00043283776435642054,3.8360271971530814e-7,0.001554482001180872,3.2906397405015745e-7,0.0011498103377777106,6.007186950281157e-8,0.00012450264474879956
13140.0,5.414360585107836e-7,0.0004692551328673387,2.215431186323035e-5,0.0016177977423238567,2.1865565927110165e-5,0.001181010927283065,4.299251396644262e-6,0.00013328200055958453,1.5863506849678408e-7,0.0004692551328673387,3.481292350867081e-7,0.0016177977423238567,2.9292221621929026e-7,0.001181010927283065,5.927917381448138e-8,0.00013328200055958453
13200.0,6.209867168344856e-7,0.0004410461649454883,1.9575676295712433e-5,0.0014889270310860965,1.924942523199539e-5,0.0010704973361957415,4.135843975753269e-6,0.00012507567059133012,1.4738313191676588e-7,0.0004410461649454883,3.433915293596474e-7,0.0014889270310860965,2.3238830036352847e-7,0.0010704973361957415,5.181161512698065e-8,0.00012507567059133012
13260.0,6.926027845198941e-7,0.000396600940391595,1.582951969838068e-5,0.001315455541240895,1.548493899528968e-5,0.0009410081742112233,3.87715592706994e-6,0.0001128937205531006,1.2983535935776655e-7,0.000396600940391595,2.918551880127082e-7,0.001315455541240895,1.9367574715164246e-7,0.0009410081742112233,4.55525834978106e-8,0.0001128937205531006
13320.0,7.028984192390454e-7,0.00037379145662210254,1.278768187567869e-5,0.0012255998935003184,1.2462871617593538e-5,0.0008800560298460799,3.6916912468244912e-6,0.00010894685421949089,1.24422559675208e-7,0.00037379145662210254,2.8000356009420903e-7,0.0012255998935003184,1.8006857182517643e-7,0.0008800560298460799,4.184433714714919e-8,0.00010894685421949089
13380.0,5.54919092107974e-7,0.00035380409350427126,1.003386529911272e-5,0.001154650798740523,1.0086240753355994e-5,0.0008345417718803412,3.3346021457153293e-6,0.000105270231650415,9.934486758959363e-8,0.00035380409350427126,2.6846824937756385e-7,0.001154650798740523,1.8876847985334194e-7,0.0008345417718803412,3.8862192405812316e-8,0.000105270231650415
13440.0,5.817950627843097e-7,0.00036865926467723046,1.3286606798359797e-5,0.0011995258344354933,1.3426051097492448e-5,0.0008619014039732482,3.5620591254213112e-6,0.00010814305499857072,9.780212870148874e-8,0.00036865926467723046,2.52899997149088e-7,0.0011995258344354933,1.9966213165268577e-7,0.0008619014039732482,4.554589228457114e-8,0.00010814305499857072
13500.0,4.911388750927949e-7,0.00041856213453005824,2.0445496162130327e-5,0.001339503462065154,2.0453796165756243e-5,0.000948814823388804,3.927801448050976e-6,0.00011953533677847028,1.3613018064914856e-7,0.00041856213453005824,2.484096012421578e-7,0.001339503462065154,1.9088195413135612e-7,0.000948814823388804,5.2938611259560396e-8,0.00011953533677847028
13560.0,5.314663407869022e-7,0.00040256404045664325,1.545795931373532e-5,0.0013155788172752529,1.5277994252408397e-5,0.0009426520806969706,3.88555636399315e-6,0.00011874387157000661,1.43630366789773e-7,0.00040256404045664325,3.085493564269076e-7,0.0013155788172752529,1.8852990277262586e-7,0.0009426520806969706,4.468114212433244e-8,0.00011874387157000661
13620.0,6.327409552933737e-7,0.00036689951563847675,1.2787955436781483e-5,0.0012101115552593197,1.2544619947671246e-5,0.0008612570733927891,3.6431059463124684e-6,0.00011000253932971652,1.2023010310615765e-7,0.00036689951563847675,2.8587182739457385e-7,0.0012101115552593197,1.8432282858851678e-7,0.0008612570733927891,3.965148995752952e-8,0.00011000253932971652
13680.0,6.566904375643291e-7,0.00034748845718832736,1.0746340732934216e-5,0.001128041818857864,1.0423385071347477e-5,0.000792840588127837,3.4398904151012157e-6,0.00010402422425546146,1.0444656508492021e-7,0.00034748845718832736,2.5779975483124854e-7,0.001128041818857864,1.677504532892936e-7,0.000792840588127837,3.716331420460749e-8,0.00010402422425546146
13740.0,6.003711599417798e-7,0.00034882689195728163,8.140999002602613e-6,0.0010683132239621813,7.885827119497903e-6,0.0007508386773652346,3.1916976547420017e-6,9.99618113569069e-5,9.13592326621434e-8,0.00034882689195728163,2.4357582508718723e-7,0.0010683132239621813,1.6527708262891387e-7,0.0007508386773652346,3.565784407143265e-8,9.99618113569069e-5
13800.0,5.888721654427952e-7,0.00033954553551133397,1.0086001622290184e-5,0.001034817713571457,1.017489911890499e-5,0.0007258313656000826,3.1245320325040537e-6,9.648558044772441e-5,8.228633655934893e-8,0.00033954553551133397,2.2491122380686501e-7,0.001034817713571457,1.6024908884589204e-7,0.0007258313656000826,3.8069283983965176e-8,9.648558044772441e-5
13860.0,5.145051842240772e-7,0.00039241642217114383,1.635128754798016e-5,0.0012307883658811997,1.6354523071495764e-5,0.0008499321002457071,3.5967692762917825e-6,0.00011468385546601964,1.1084139956458126e-7,0.00039241642217114383,2.4250957818350796e-7,0.0012307883658811997,1.4694361056536295e-7,0.0008499321002457071,4.070692706604327e-8,0.00011468385546601964
13920.0,5.831507070497802e-7,0.00039543780519568866,1.3035610297606835e-5,0.0012231033284725691,1.2910531351465274e-5,0.0008439433518738792,3.6442103805869466e-6,0.00011548516562402657,1.224033471262912e-7,0.00039543780519568866,2.7881623201379446e-7,0.0012231033284725691,1.741113377282439e-7,0.0008439433518738792,3.774201270736454e-8,0.00011548516562402657
13980.0,6.575970740782087e-7,0.0003815967048782752,1.2156419661485653e-5,0.0011550756548016473,1.1864278421597897e-5,0.0008105658865582752,3.5865714568731744e-6,0.00011201596062282969,1.111591338256591e-7,0.0003815967048782752,2.7140673831449597e-7,0.0011550756548016473,1.7944775077044224e-7,0.0008105658865582752,3.6730793063953545e-8,0.00011201596062282969
14040.0,6.578019988833895e-7,0.00040166756625101263,1.0764075158179665e-5,0.0011136408901435062,1.0491081085832573e-5,0.000744212117802038,3.5101193540653128e-6,0.0001073415425695433,9.795171999145812e-8,0.00040166756625101263,2.4048113611314363e-7,0.0011136408901435062,1.5962841530147263e-7,0.000744212117802038,3.613892276301363e-8,0.0001073415425695433
14100.0,6.730616986818301e-7,0.00038722128264796974,8.502700180284303e-6,0.0010589195330717885,8.671029326055002e-6,0.0007009668088457675,3.1515963648940327e-6,0.00010797196192310936,7.176968845301209e-8,0.00038722128264796974,2.1082088338156812e-7,0.0010589195330717885,1.4498763793543397e-7,0.0007009668088457675,3.613644659570029e-8,0.00010797196192310936
14160.0,6.760725594897508e-7,0.00042963699381788417,1.3721265129103877e-5,0.0011698721336255375,1.3825184930722303e-5,0.0007810641994260765,3.54200442337316e-6,0.00012091496910462154,9.879216178243748e-8,0.00042963699381788417,1.9947520944938165e-7,0.0011698721336255375,1.2738419457773612e-7,0.0007810641994260765,4.0053054819426356e-8,0.00012091496910462154
14220.0,6.329557913841062e-7,0.0004604114647503583,1.5463997619449165e-5,0.0012326736634093274,1.5399812981079266e-5,0.0008106611427095537,3.7848345750050334e-6,0.00012811961343917595,1.3624606056052114e-7,0.0004604114647503583,2.3899861213028193e-7,0.0012326736634093274,1.3380291695773048e-7,0.0008106611427095537,4.0905593981427154e-8,0.00012811961343917595
14280.0,7.372046474265904e-7,0.0004680062036097972,1.2798167419752908e-5,0.0012204873025143418,1.2507538253624222e-5,0.0007750827238787495,3.7941662649361887e-6,0.00012714093654701936,1.3654555122659073e-7,0.0004680062036097972,2.736153822105707e-7,0.0012204873025143418,1.708619821588059e-7,0.0007750827238787495,3.987759743746296e-8,0.00012714093654701936
14340.0,8.183875511100901e-7,0.00047700570491602975,1.1102187994887564e-5,0.0012226913412522308,1.0780574223265151e-5,0.0007598914611495462,3.703388552137179e-6,0.00012845830613648367,1.1755872099700793e-7,0.00047700570491602975,2.4889869310593066e-7,0.0012226913412522308,1.6862671911287059e-7,0.0007598914611495462,3.853974769160499e-8,0.00012845830613648367
14400.0,8.107396559293592e-7,0.000442725796067934,8.525507906726433e-6,0.0011296062639779667,8.720654592471845e-6,0.0006996914177970212,3.2565495078459134e-6,0.00012076076081260346,8.14960176351441e-8,0.000442725796067934,2.1332107790353303e-7,0.0011296062639779667,1.6034385077752204e-7,0.0006996914177970212,3.8811004765483974e-8,0.00012076076081260346
14460.0,7.34455643569394e-7,0.00048825740337990643,1.465126651951844e-5,0.00120205173669726,1.4804993969919961e-5,0.0007260714516110643,3.770758519263858e-6,0.00012716949921205402,1.157241080729737e-7,0.00048825740337990643,1.8746112590578947e-7,0.00120205173669726,1.4676375403196145e-7,0.0007260714516110643,4.642211480113964e-8,0.00012716949921205402
14520.0,6.658413023540363e-7,0.0004998651619610275,1.615216225322352e-5,0.0011976180881979642,1.608717738070581e-5,0.0007190952155879689,3.896586686601762e-6,0.0001274349296918624,1.5133324802113024e-7,0.0004998651619610275,2.1705623964288247e-7,0.0011976180881979642,1.3710852206453314e-7,0.0007190952155879689,4.803132631278523e-8,0.0001274349296918624
14580.0,8.359166783577326e-7,0.00047712316321703633,1.1345709039793442e-5,0.0011225165749828103,1.104952494466908e-5,0.0006579466535744794,3.7756771135107706e-6,0.00012094994707902932,1.3851171853303823e-7,0.00047712316321703633,2.576387077064299e-7,0.0011225165749828103,1.7017853012186e-7,0.0006579466535744794,4.2827781108917404e-8,0.00012094994707902932
14640.0,8.863320925009648e-7,0.0004500585640579891,8.482672661601226e-6,0.0010613958701969823,8.184898655210029e-6,0.000626771121308505,3.479491704909023e-6,0.00011680235312968406,1.0168999049910908e-7,0.0004500585640579891,2.2447534149455892e-7,0.0010613958701969823,1.6681493121014566e-7,0.000626771121308505,3.977118128750605e-8,0.00011680235312968406
14700.0,8.337771020694748e-7,0.00042456078260672393,8.900517253071622e-6,0.001023415486450944,9.07296873891996e-6,0.0006053328489552504,3.379560656325145e-6,0.00011345987519894256,8.943278009498283e-8,0.00042456078260672393,2.0194327137735583e-7,0.001023415486450944,1.5229773355944196e-7,0.0006053328489552504,4.277503676109508e-8,0.00011345987519894256
14760.0,6.502530030225246e-7,0.0004753167150069932,1.6481772645065468e-5,0.0011090527601722092,1.655763620525005e-5,0.0006763343615415703,3.983754988398367e-6,0.00012304943946944572,1.307595637166505e-7,0.0004753167150069932,1.8928802015232166e-7,0.0011090527601722092,1.4605615371564953e-7,0.0006763343615415703,5.101134544997123e-8,0.00012304943946944572
14820.0,7.333075742213176e-7,0.0004582136849774268,1.142462742735137e-5,0.0010574158352521135,1.1239981924662457e-5,0.0006430652743243207,3.710776992249089e-6,0.00011987883836558514,1.289464206571929e-7,0.0004582136849774268,2.392748699589135e-7,0.0010574158352521135,1.533230079089709e-7,0.0006430652743243207,4.568054468274695e-8,0.00011987883836558514
14880.0,8.324126252805471e-7,0.00042731533616480205,7.814754899947459e-6,0.0009702318551919116,7.555352676765233e-6,0.0005849655828403349,3.40432503644741e-6,0.00011069141644653195,9.224437200399303e-8,0.00042731533616480205,2.0553143706744435e-7,0.0009702318551919116,1.5125111430445059e-7,0.0005849655828403349,4.166925831347768e-8,0.00011069141644653195
14940.0,8.26636526579133e-7,0.0003975819137974109,7.160866145680386e-6,0.000940625269490878,7.319923935259303e-6,0.0005709043613117881,3.2390494514493507e-6,0.00010876436728749201,7.354317246789547e-8,0.0003975819137974109,1.7688773017579408e-7,0.000940625269490878,1.3097371011154796e-7,0.0005709043613117881,4.127480453331918e-8,0.00010876436728749201
15000.0,6.773414757850859e-7,0.0004658648026407224,1.4781430133093971e-5,0.0010652968436558382,1.485336929515844e-5,0.0006546814336306239,3.9143719879096e-6,0.00012349102945252512,1.1406483753694636e-7,0.0004658648026407224,1.7240972550593524e-7,0.0010652968436558382,1.2145724818755948e-7,0.0006546814336306239,4.893349081678991e-8,0.00012349102945252512
15060.0,7.193122981485041e-7,0.0004564139111955937,1.169675304544655e-5,0.00103153905893834,1.1527411324739927e-5,0.0006248456869633473,3.760014361072627e-6,0.00012094876689674992,1.1753585514721865e-7,0.0004564139111955937,2.2129563579692385e-7,0.00103153905893834,1.4125757650223898e-7,0.0006248456869633473,4.620808630070958e-8,0.00012094876689674992
15120.0,7.859426655393585e-7,0.00041728450679673584,7.387137595862825e-6,0.000910863686419668,7.158008634552659e-6,0.0005601884171402341,3.4490968640197416e-6,0.00010931139005223237,8.535938675762027e-8,0.00041728450679673584,1.9694944857170085e-7,0.000910863686419668,1.423943584553886e-7,0.0005601884171402341,4.46445639616749e-8,0.00010931139005223237
15180.0,7.567859091371122e-7,0.00038018438024493183,6.363363188477332e-6,0.0008445395933407081,6.482825835251768e-6,0.0005307644566292005,3.2243030560393945e-6,0.0001035101501860337,7.431838251936389e-8,0.00038018438024493183,1.7077913930972427e-7,0.0008445395933407081,1.223350462916108e-7,0.0005307644566292005,4.237730693440921e-8,0.0001035101501860337
15240.0,6.599263107203845e-7,0.0004374383436308842,1.2554999206639672e-5,0.0009486712176549905,1.2590722028363269e-5,0.0005815092661168569,3.7804844401806306e-6,0.00011482511827254256,1.1628832274037648e-7,0.0004374383436308842,1.8561800027339432e-7,0.0009486712176549905,1.1205526022848168e-7,0.0005815092661168569,4.602656515695742e-8,0.00011482511827254256
15300.0,7.480666316947464e-7,0.00043086821951994475,9.212601763605779e-6,0.0009099198656567688,9.042556096039806e-6,0.0005569970924111057,3.6465770925684085e-6,0.00011165055806860984,1.1866975666381126e-7,0.00043086821951994475,2.421947040637548e-7,0.0009099198656567688,1.6649881849816757e-7,0.0005569970924111057,4.801190865519234e-8,0.00011165055806860984
15360.0,7.9701233076383e-7,0.00040103740764541377,6.60063213692462e-6,0.0008169385150619689,6.359864380764016e-6,0.000499667024702278,3.394850968311661e-6,0.00010326416164615498,8.754456291159317e-8,0.00040103740764541377,1.9622169844311047e-7,0.0008169385150619689,1.4565945510960803e-7,0.000499667024702278,4.6674778337583805e-8,0.00010326416164615498
15420.0,7.292303686417423e-7,0.00038690723557936084,6.79668454827766e-6,0.0007892236218251823,6.86299073226593e-6,0.00048359095698375385,3.2818675257257723e-6,0.0001009586162634488,8.58944416040517e-8,0.00038690723557936084,1.809937562569287e-7,0.0007892236218251823,1.2688700139251392e-7,0.00048359095698375385,4.415286816964337e-8,0.0001009586162634488
15480.0,6.942678463371608e-7,0.00043429510700133684,1.1163840311310672e-5,0.0008642846403386652,1.1127848806793536e-5,0.000521940961008257,3.6721295427783413e-6,0.00010908235464491394,1.2263235326261628e-7,0.00043429510700133684,2.1288707917966028e-7,0.0008642846403386652,1.4017558053303753e-7,0.000521940961008257,4.682282964390345e-8,0.00010908235464491394
15540.0,7.760543556154643e-7,0.00041705444197732007,8.060428356922559e-6,0.0008119451219818671,7.84280672429835e-6,0.0004883001350290607,3.5096494453386674e-6,0.00010457122800301133,1.0876550453296548e-7,0.00041705444197732007,2.2029619316514235e-7,0.0008119451219818671,1.5961585845403124e-7,0.0004883001350290607,4.836606367393615e-8,0.00010457122800301133
15600.0,7.902975900185748e-7,0.0003799458668788722,5.629769557666817e-6,0.0007282431399159917,5.4365966631105675e-6,0.00043559369875215495,3.2532827117948937e-6,9.668620408082367e-5,7.231976445314528e-8,0.0003799458668788722,1.6319671187830878e-7,0.0007282431399159917,1.3053302327590158e-7,0.00043559369875215495,4.403763444724046e-8,9.668620408082367e-5
15660.0,6.774425829740651e-7,0.0004313901819795741,1.0060289748778307e-5,0.0008086036473203918,1.010620848912569e-5,0.00047059150845145284,3.5940027577812096e-6,0.0001065419688618641,1.0650610874306006e-7,0.0004313901819795741,1.7539581042282947e-7,0.0008086036473203918,1.1662170639127659e-7,0.00047059150845145284,4.570186278338912e-8,0.0001065419688618641
15720.0,7.950899992290571e-7,0.00044393245226815394,8.833266212884932e-6,0.0008059091695896068,8.666690430243727e-6,0.0004653512037357613,3.586451108537454e-6,0.00010796135084489146,1.1299724444024336e-7,0.00044393245226815394,2.1268704060128856e-7,0.0008059091695896068,1.5354496943297083e-7,0.0004653512037357613,4.702127101339418e-8,0.00010796135084489146
15780.0,8.739546854442695e-7,0.00039842950039971586,6.090933543228153e-6,0.0007060082402126509,5.927780732324773e-6,0.00042394915330710623,3.3527927929053626e-6,9.852544218152619e-5,7.41117442165288e-8,0.00039842950039971586,1.531376273702851e-7,0.0007060082402126509,1.2918724551499152e-7,0.00042394915330710623,4.298532157307156e-8,9.852544218152619e-5
15840.0,7.366340184799529e-7,0.000433626885475329,9.969900519467228e-6,0.000754273688579368,1.0033718581733274e-5,0.0004361672414433589,3.6448112600355136e-6,0.00010482718801847955,1.002815749187132e-7,0.000433626885475329,1.5682027463354167e-7,0.000754273688579368,1.0378095723040664e-7,0.0004361672414433589,4.604602530743733e-8,0.00010482718801847955
15900.0,8.238329479171442e-7,0.0004512584981326737,9.44100000064863e-6,0.000757809762855598,9.2783578211348e-6,0.0004294003844594357,3.5837566662339717e-6,0.00010706777053769694,1.0873470757121194e-7,0.0004512584981326737,1.9197877240212936e-7,0.000757809762855598,1.376828012563766e-7,0.0004294003844594357,4.756634128044266e-8,0.00010706777053769694
15960.0,9.267452423907069e-7,0.0003999471977209853,6.353115339524081e-6,0.0006515011029206527,6.211920182389367e-6,0.00039210668051846366,3.3864760528583735e-6,9.650670617529063e-5,7.061202510207359e-8,0.0003999471977209853,1.5013734864681544e-7,0.0006515011029206527,1.30949078077469e-7,0.00039210668051846366,4.2405543968015814e-8,9.650670617529063e-5
16020.0,7.567796266538302e-7,0.00043361289594557705,1.0343327459940371e-5,0.0006992317776986049,1.037380127233184e-5,0.00040749486141665556,3.6689485637206165e-6,0.0001024200756451307,9.586540414505945e-8,0.00043361289594557705,1.423182481650369e-7,0.0006992317776986049,1.0133706407514439e-7,0.00040749486141665556,4.6067597782429844e-8,0.0001024200756451307
16080.0,9.284750239002903e-7,0.000436074477941611,1.0292560150633555e-5,0.0006775117855189272,1.0035868248930795e-5,0.0003866713461883262,3.624904152299324e-6,0.00010200295528806606,8.677849510538369e-8,0.000436074477941611,1.3478172655964812e-7,0.0006775117855189272,1.3281794440485483e-7,0.0003866713461883262,4.856546584536808e-8,0.00010200295528806606
16140.0,9.637829214105062e-7,0.0003993361877309791,7.2866540885372115e-6,0.0006066418786327273,7.082441023616405e-6,0.0003768459327151025,3.4034959307176075e-6,9.493758143977014e-5,6.531597264925261e-8,0.0003993361877309791,1.1205291288361559e-7,0.0006066418786327273,9.158985762502333e-8,0.0003768459327151025,3.974010828719196e-8,9.493758143977014e-5
16200.0,8.253584078913188e-7,0.0004423832973115732,1.0852882549437083e-5,0.0006512195902031081,1.0743539282173502e-5,0.0003769088314596551,3.707295016439544e-6,0.00010212551469507091,9.084963653951284e-8,0.0004423832973115732,1.1539651623997648e-7,0.0006512195902031081,1.2332317842367353e-7,0.0003769088314596551,4.782294863782808e-8,0.00010212551469507091
16260.0,1.0146780682708973e-6,0.00040942451777581455,7.089915005296608e-6,0.0005759590998646811,6.969160024132246e-6,0.00033792684111826835,3.4153392092846983e-6,9.500745666351297e-5,6.029913779234746e-8,0.00040942451777581455,1.0933608269853207e-7,0.0005759590998646811,9.95470286541199e-8,0.00033792684111826835,4.1482238809483127e-8,9.500745666351297e-5
16320.0,8.236665545877147e-7,0.0004376325779036655,1.294296987604242e-5,0.0006071811987352366,1.2918290661179118e-5,0.0003563180239613994,3.931386771509631e-6,0.00010013981811528573,8.108088672110392e-8,0.0004376325779036655,1.2124562166411176e-7,0.0006071811987352366,1.346016544398614e-7,0.0003563180239613994,5.0885120687367376e-8,0.00010013981811528573
16380.0,1.0644110558694657e-6,0.0004195143802672354,1.2130931248728141e-5,0.0005608825850821528,1.1699602079517204e-5,0.0003242704722004656,3.7880790099434674e-6,9.615631404423738e-5,5.872096279184397e-8,0.0004195143802672354,1.68379116972804e-7,0.0005608825850821528,1.7122087086035884e-7,0.0003242704722004656,5.4819812225815156e-8,9.615631404423738e-5
16440.0,9.171582093738018e-7,0.0004306518245642628,1.2786732779757872e-5,0.0005657318778149757,1.27810477602728e-5,0.00033305873799179203,3.918840998381841e-6,9.805790049314083e-5,6.793075463469543e-8,0.0004306518245642628,1.258979721173066e-7,0.0005657318778149757,1.3771836701747355e-7,0.00033305873799179203,5.210596149860537e-8,9.805790049314083e-5
16500.0,1.038917451776959e-6,0.0004222550640522277,1.4337480262984416e-5,0.0005325956513512965,1.3965517383195388e-5,0.0003121763681825858,4.023834339293468e-6,9.541012659799303e-5,8.33730279858801e-8,0.0004222550640522277,3.11434968959347e-7,0.0005325956513512965,2.9110409939492445e-7,0.0003121763681825858,7.204498306152025e-8,9.541012659799303e-5
16560.0,9.130616412318283e-7,0.00043161978331638913,1.8242736253665794e-5,0.000544290968771437,1.8074687242796356e-5,0.00032962831804833593,4.503740614105185e-6,9.794011934538622e-5,1.2155227529171e-7,0.00043161978331638913,1.7385323880609998e-7,0.000544290968771437,1.8496706228735217e-7,0.00032962831804833593,5.7986926144460455e-8,9.794011934538622e-5
16620.0,1.0998185012803325e-6,0.0004099225968576728,1.6205856142906296e-5,0.0004916344567699641,1.5784948627622598e-5,0.0003017254673496939,4.244401950888095e-6,9.294275125442295e-5,8.697732967718775e-8,0.0004099225968576728,3.824124203918328e-7,0.0004916344567699641,3.542330118092586e-7,0.0003017254673496939,8.138519436734579e-8,9.294275125442295e-5
16680.0,1.091839255745462e-6,0.0004275209212236818,1.985309125739712e-5,0.0005153673039654586,1.9844207961049282e-5,0.00031611383177105505,4.733385890099004e-6,9.639825203881525e-5,1.4895836855033233e-7,0.0004275209212236818,2.5007883494813044e-7,0.0005153673039654586,2.2920549768775734e-7,0.00031611383177105505,6.305909698274892e-8,9.639825203881525e-5
16740.0,1.2705872408601717e-6,0.0004084891515359825,1.1204371063607387e-5,0.0004544973920226599,1.0861486109728866e-5,0.00028067003850918543,3.809494053258268e-6,8.990349430517283e-5,6.166172095562027e-8,0.0004084891515359825,1.3713156417191208e-7,0.0004544973920226599,1.1936194632931995e-7,0.00028067003850918543,6.040070708686569e-8,8.990349430517283e-5
16800.0,1.119814343084923e-6,0.00043627440750388985,2.1875757565026562e-5,0.00048510528795524504,2.1481932067005892e-5,0.000293828014759293,5.015098502596918e-6,9.482909397526372e-5,4.9202679310821064e-8,0.00043627440750388985,2.958523170156968e-7,0.00048510528795524504,3.077576921932043e-7,0.000293828014759293,7.698142730499958e-8,9.482909397526372e-5
16860.0,1.4148791385760566e-6,0.00044566192561269893,1.3731501385028718e-5,0.00047216422557712877,1.3214611943189387e-5,0.00027647801923842707,4.004136832803252e-6,9.447436734217129e-5,9.75814174728714e-8,0.00044566192561269893,3.4671738170025315e-7,0.00047216422557712877,2.8293201895704074e-7,0.00027647801923842707,8.713153972196014e-8,9.447436734217129e-5
16920.0,1.4192207028139214e-6,0.00045080521218427805,1.702240832140543e-5,0.00045813119904808094,1.628110334968995e-5,0.00027253978599330324,4.385284288509316e-6,9.380013192669891e-5,7.720857934723895e-8,0.00045080521218427805,4.5064917252326153e-7,0.00045813119904808094,4.0323078672136866e-7,0.00027253978599330324,1.0064352233790153e-7,9.380013192669891e-5
16980.0,1.1549303062761719e-6,0.00047395627941510676,2.0223073587362735e-5,0.00047067950656918227,1.9563297740228315e-5,0.0002770166423771643,4.772707234392559e-6,9.660269331877137e-5,5.1588888438061396e-8,0.00047395627941510676,3.9474825039594705e-7,0.00047067950656918227,3.651696510527593e-7,0.0002770166423771643,9.51043422811939e-8,9.660269331877137e-5
17040.0,1.4382138158814094e-6,0.00044577623107850187,1.1271501406713171e-5,0.0004243816619742021,1.0850821475071892e-5,0.00027297321822520963,3.8091674128510257e-6,9.204643819139593e-5,4.0458452052516336e-8,0.00044577623107850187,2.0129296071434152e-7,0.0004243816619742021,1.889553599832888e-7,0.00027297321822520963,7.060984295774103e-8,9.204643819139593e-5
17100.0,1.444658888617919e-6,0.0004893670993944706,1.914228667034748e-5,0.00045120540236786346,1.8456427650388084e-5,0.0002724040077464151,4.789166096447145e-6,9.652240184717218e-5,4.485275184936243e-8,0.0004893670993944706,3.9485777120984483e-7,0.00045120540236786346,3.843614724307196e-7,0.0002724040077464151,9.784002815513685e-8,9.652240184717218e-5
17160.0,1.4504587905529043e-6,0.0005025510534258536,1.57554119708743e-5,0.0004524703514248979,1.5084258806639753e-5,0.0002722435565257306,4.299908030501195e-6,9.80522105195508e-5,3.8810403856600893e-8,0.0005025510534258536,3.0944079359997293e-7,0.0004524703514248979,2.9197389414663133e-7,0.0002722435565257306,8.506854200595442e-8,9.80522105195508e-5
17220.0,1.731002316761488e-6,0.0004767632199707246,1.4428665342420855e-5,0.00040153519447921947,1.3179497569168339e-5,0.0002635243266418491,4.09312594467887e-6,9.308829753051313e-5,4.657813954713864e-8,0.0004767632199707246,3.2213985852365643e-7,0.00040153519447921947,3.1270073691804714e-7,0.0002635243266418491,8.806316034018538e-8,9.308829753051313e-5
17280.0,1.6100753884120651e-6,0.0005161733498903117,1.967113447909688e-5,0.00043468464708017434,1.8566565131455323e-5,0.0002620037324281979,4.871563266590848e-6,9.862703912660964e-5,4.9067324646132385e-8,0.0005161733498903117,4.4808575875810587e-7,0.00043468464708017434,4.3560133718215236e-7,0.0002620037324281979,1.0399387750726855e-7,9.862703912660964e-5
17340.0,1.7440809917344501e-6,0.0005054208937917571,1.5666487569840366e-5,0.000420153681502566,1.4782000829220305e-5,0.0002627996443808953,4.409136719121557e-6,9.798313472423178e-5,4.600841473679549e-8,0.0005054208937917571,3.265262848626403e-7,0.000420153681502566,2.995810059898014e-7,0.0002627996443808953,8.606803969143917e-8,9.798313472423178e-5
17400.0,2.009601712846692e-6,0.0004907338595250077,1.682153133374555e-5,0.0003895824549157718,1.5256073670812417e-5,0.0002558623566776645,4.50640225785319e-6,9.511054318794161e-5,6.101963601425853e-8,0.0004907338595250077,3.746271630383964e-7,0.0003895824549157718,3.6332339512412234e-7,0.0002558623566776645,9.472827425672215e-8,9.511054318794161e-5
17460.0,1.9688738756409122e-6,0.0005239213161341779,1.9425273986078953e-5,0.0004179037898164738,1.7867033146127733e-5,0.00024850446600685916,4.930680647703061e-6,9.978547092249126e-5,6.887733088106874e-8,0.0005239213161341779,4.6857062632726146e-7,0.0004179037898164738,4.5098516890189547e-7,0.00024850446600685916,1.071283784751718e-7,9.978547092249126e-5
17520.0,1.9805482549058474e-6,0.0005236952808418663,1.7400988912751637e-5,0.00040604316821735316,1.6077213652309063e-5,0.00023878030846429842,4.708510761927276e-6,9.90321120690243e-5,6.698671193714767e-8,0.0005236952808418663,4.255967620162819e-7,0.00040604316821735316,3.8923000317192324e-7,0.00023878030846429842,9.882894914189146e-8,9.90321120690243e-5
17580.0,2.3649096617295586e-6,0.0004852528039584038,1.2878491654815113e-5,0.00036402058701799373,1.0890898434396678e-5,0.0002368073000091094,4.05688957087879e-6,9.341631793894988e-5,8.202931274593175e-8,0.0004852528039584038,2.9793770644149567e-7,0.00036402058701799373,2.573401968815022e-7,0.0002368073000091094,8.230689146821228e-8,9.341631793894988e-5
17640.0,2.3690266111387463e-6,0.0005192586122721882,1.638399637156237e-5,0.0003907603703595312,1.4363179135703014e-5,0.0002481760374862496,4.518952257430796e-6,9.627978904501265e-5,9.503706497584606e-8,0.0005192586122721882,5.50051514503535e-7,0.0003907603703595312,5.289362495602421e-7,0.0002481760374862496,1.1442457098199749e-7,9.627978904501265e-5
17700.0,2.184445577052748e-6,0.0005175830660754319,1.8923044871303797e-5,0.0003995797196949327,1.713427899097974e-5,0.0002475091899182934,4.925383805794951e-6,9.668393973961647e-5,9.652548184100834e-8,0.0005175830660754319,6.113229936811805e-7,0.0003995797196949327,5.765991131428366e-7,0.0002475091899182934,1.1659084504021652e-7,9.668393973961647e-5
17760.0,2.4561289551885328e-6,0.0004885241604206776,1.5935930796970013e-5,0.00038416606269024326,1.4443434210945808e-5,0.0002496077479909923,4.563910430717624e-6,9.419665062566569e-5,9.053361697856125e-8,0.0004885241604206776,4.592613134883451e-7,0.00038416606269024326,4.0084035993317494e-7,0.0002496077479909923,9.419602569708362e-8,9.419665062566569e-5
17820.0,2.756540320271118e-6,0.00045952936553949963,1.3453106320907625e-5,0.00035506648580197077,1.1118033631029555e-5,0.00025209790162409056,4.167436407799143e-6,8.99937069523714e-5,1.0770637977547978e-7,0.00045952936553949963,4.17073711234337e-7,0.00035506648580197077,3.4280970112993444e-7,0.00025209790162409056,8.792056329463794e-8,8.99937069523714e-5
17880.0,2.9275121446792124e-6,0.0004808465639196594,1.723729552641065e-5,0.00036805990490741154,1.4714760444275148e-5,0.0002598390381564206,4.67807066724374e-6,9.168573030043997e-5,1.2216367553682753e-7,0.0004808465639196594,5.871228485567955e-7,0.00036805990490741154,5.596454792459862e-7,0.0002598390381564206,1.144272894237237e-7,9.168573030043997e-5
17940.0,3.0170231302823287e-6,0.0004971056586703488,1.8136658000558917e-5,0.0003753118532327888,1.551239469686886e-5,0.0002656824883944651,4.866891805762713e-6,9.248217094594231e-5,1.302021853292517e-7,0.0004971056586703488,6.581317003701925e-7,0.0003753118532327888,6.192923733841986e-7,0.0002656824883944651,1.1792263504401013e-7,9.248217094594231e-5
18000.0,2.942234090108952e-6,0.0005076133076863075,1.777193267133326e-5,0.00036856729218103684,1.5245448578068812e-5,0.0002731667485869045,4.84432166037277e-6,9.214297195130622e-5,1.2867287138954223e-7,0.0005076133076863075,7.496764071010547e-7,0.00036856729218103684,7.00919185788278e-7,0.0002731667485869045,1.2378267332580833e-7,9.214297195130622e-5
18060.0,2.7858691878722025e-6,0.0005074876729460418,1.5848886948420147e-5,0.0003525202430954285,1.3626783726467094e-5,0.0002807419164581965,4.5960208858240385e-6,9.052832608452559e-5,1.1978694666006774e-7,0.0005074876729460418,7.752008094787696e-7,0.0003525202430954285,7.309486341061312e-7,0.0002807419164581965,1.134333751335432e-7,9.052832608452559e-5
18120.0,2.9786568399956387e-6,0.0004926377150423156,1.3516671617746615e-5,0.00033659209704453954,1.1645737296932388e-5,0.00027592953552825483,4.287962596198894e-6,8.883933931429653e-5,1.0672833596397437e-7,0.0004926377150423156,6.774763320292307e-7,0.00033659209704453954,6.119863938057154e-7,0.00027592953552825483,8.944579965368241e-8,8.883933931429653e-5
18180.0,3.179357968440067e-6,0.00046749405208316194,1.1199610539884595e-5,0.00031529884371523596,9.571668225856915e-6,0.0002810774176998333,3.970540000618256e-6,8.661363625303755e-5,1.1740704950547372e-7,0.00046749405208316194,6.500884955720268e-7,0.00031529884371523596,5.575508970696939e-7,0.0002810774176998333,8.57292166593898e-8,8.661363625303755e-5
18240.0,3.313185077296042e-6,0.000475636120818859,9.933770171847726e-6,0.0003092563532618975,7.8456007709712e-6,0.0002854096387211606,3.6721185931388875e-6,8.63202174031371e-5,1.3023410486169282e-7,0.000475636120818859,6.67599871820001e-7,0.0003092563532618975,6.343332124429665e-7,0.0002854096387211606,1.1439976707942046e-7,8.63202174031371e-5
18300.0,3.3434114356146297e-6,0.0004893377087080537,1.0143844820457244e-5,0.0003101507289861251,8.312960294731333e-6,0.0002902060938390078,3.7071922236268316e-6,8.691768930674314e-5,1.4046267658308678e-7,0.0004893377087080537,8.647111269144888e-7,0.0003101507289861251,8.278666894945059e-7,0.0002902060938390078,1.244105514942571e-7,8.691768930674314e-5
18360.0,3.3521898652869826e-6,0.0004989368544514081,1.0522510506601417e-5,0.0003125616728786505,8.963434190862147e-6,0.0002987448599900003,3.7172265583682473e-6,8.705399435519444e-5,1.5099736590223105e-7,0.0004989368544514081,1.0470735620233287e-6,0.0003125616728786505,9.988457451151142e-7,0.0002987448599900003,1.2527875290839974e-7,8.705399435519444e-5
18420.0,3.19552104666062e-6,0.0004951257414499268,1.1450440183836666e-5,0.00031092321985227403,1.0237325130611602e-5,0.00030134034522408243,3.847847101777966e-6,8.60430304456369e-5,1.5322122688982475e-7,0.0004951257414499268,1.2205336341604804e-6,0.00031092321985227403,1.1569048734459286e-6,0.00030134034522408243,1.237965735920478e-7,8.60430304456369e-5
18480.0,2.9433319518356444e-6,0.00047544001676012117,1.1520464517521743e-5,0.0003027658113006429,1.0717198551717506e-5,0.00030097972487746496,3.822575870142184e-6,8.418429589019211e-5,1.4963388875415374e-7,0.00047544001676012117,1.390398417726839e-6,0.0003027658113006429,1.343528562959339e-6,0.00030097972487746496,1.2548140665189252e-7,8.418429589019211e-5
18540.0,3.049860402455871e-6,0.00045100610732913646,1.041730336161279e-5,0.0002916896500657425,1.0019310890522568e-5,0.0002986684595284088,3.6420757770007466e-6,8.18561494334044e-5,1.424162383494161e-7,0.00045100610732913646,1.3492277019394903e-6,0.0002916896500657425,1.3098272144270318e-6,0.0002986684595284088,1.4464264485099474e-7,8.18561494334044e-5
18600.0,3.2191744270657095e-6,0.00042129311801967074,9.015015950730475e-6,0.00027996999543178423,8.925823334874877e-6,0.00030103217748833427,3.4376907104126487e-6,7.881619636515645e-5,1.4468438895350333e-7,0.00042129311801967074,1.1951263970927706e-6,0.00027996999543178423,1.1330382547816552e-6,0.00030103217748833427,1.706678204732962e-7,7.881619636515645e-5
18660.0,3.3811439831631852e-6,0.00042217521691117576,7.311436594421126e-6,0.0002720124891571395,7.667034257547797e-6,0.0003060664293166815,3.266813865711288e-6,7.683368284166203e-5,1.5869291242313335e-7,0.00042217521691117576,9.901737092069321e-7,0.0002720124891571395,8.707421062332943e-7,0.0003060664293166815,1.93070699904197e-7,7.683368284166203e-5
18720.0,3.4743327149144557e-6,0.0004298861586420905,5.910126967074668e-6,0.0002775969075347355,7.003562000744483e-6,0.0003097950338135796,3.146392222148185e-6,7.75207389789336e-5,1.6839639473517996e-7,0.0004298861586420905,1.0004504165636891e-6,0.0002775969075347355,8.701887994668738e-7,0.0003097950338135796,2.1551616507243413e-7,7.75207389789336e-5
18780.0,3.54841761921538e-6,0.0004329006249426542,4.912468974727903e-6,0.00028004246285699686,6.399931525355072e-6,0.00030972070844723326,3.051712861403093e-6,7.837186500852816e-5,1.7623318095356405e-7,0.0004329006249426542,1.0440077720772031e-6,0.00028004246285699686,9.109389410397976e-7,0.00030972070844723326,2.404691334596941e-7,7.837186500852816e-5
18840.0,3.5268440177698896e-6,0.00042944542568754834,4.989590275147653e-6,0.0002774334607404463,5.669532338662144e-6,0.0003096910290206156,3.041959983504487e-6,7.86867331479359e-5,1.7940841931486727e-7,0.00042944542568754834,1.0487476357254078e-6,0.0002774334607404463,9.821830384756376e-7,0.0003096910290206156,2.645810542607254e-7,7.86867331479359e-5
18900.0,3.4051747358771674e-6,0.0004217015647991155,5.409003554407712e-6,0.00027550461948422177,5.140657188539719e-6,0.0003082412064251582,3.101450892640163e-6,7.903025456022355e-5,1.7702867065899313e-7,0.0004217015647991155,1.2511528233173206e-6,0.00027550461948422177,1.1830906891356423e-6,0.0003082412064251582,2.815194654627357e-7,7.903025456022355e-5
18960.0,3.2337183447361357e-6,0.00040815932236980463,6.2786940229138285e-6,0.00027176876868671956,5.383735006025968e-6,0.0003046628489795461,3.2168982384259807e-6,7.882726773745914e-5,1.7127437457516667e-7,0.00040815932236980463,1.4792727981111438e-6,0.00027176876868671956,1.4059047387899124e-6,0.0003046628489795461,2.772850189856477e-7,7.882726773745914e-5
19020.0,3.1575388147631075e-6,0.0003901666153358799,6.4261983223088215e-6,0.00026538539353879496,5.534813542457326e-6,0.00030268872023757684,3.231233064895333e-6,7.770253550520354e-5,1.6320278550454796e-7,0.0003901666153358799,1.5716359578479992e-6,0.00026538539353879496,1.4912712058896631e-6,0.00030268872023757684,2.800508985273472e-7,7.770253550520354e-5
19080.0,3.224175719154725e-6,0.00037432499173892643,5.56188548159687e-6,0.0002539180094578575,4.916959610675077e-6,0.0003025543802981581,3.1562989960987487e-6,7.618529225779092e-5,1.5317412944525895e-7,0.00037432499173892643,1.401315993361055e-6,0.0002539180094578575,1.3501632797220552e-6,0.0003025543802981581,3.1305425639206243e-7,7.618529225779092e-5
19140.0,3.3198098174244515e-6,0.00036145273764939226,4.70079500067323e-6,0.00024300497822323902,4.529772382111765e-6,0.00030365450310394814,3.053799789762485e-6,7.434851520278109e-5,1.4582663733511268e-7,0.00036145273764939226,1.2875525013365577e-6,0.00024300497822323902,1.2497322852327098e-6,0.00030365450310394814,3.623266465084185e-7,7.434851520278109e-5
19200.0,3.4439737297691282e-6,0.00035683855906045304,4.247813890846539e-6,0.00023377412244261336,4.723803188884163e-6,0.00030364913484455774,2.9551401316375103e-6,7.311409904808388e-5,1.5621203857063855e-7,0.00035683855906045304,1.2491925222451394e-6,0.00023377412244261336,1.2156704423147653e-6,0.00030364913484455774,3.915807742157097e-7,7.311409904808388e-5
19260.0,3.4981431804237345e-6,0.0003561578289240809,3.7369790947633043e-6,0.00024139379007041172,4.7974083105440136e-6,0.00030428541139958015,2.8859978500557462e-6,7.33130990263183e-5,1.6350931341731078e-7,0.0003561578289240809,1.0848135545212408e-6,0.00024139379007041172,1.0432851558767336e-6,0.00030428541139958015,4.341544941259731e-7,7.33130990263183e-5
19320.0,3.46419896062505e-6,0.00035460731077762374,3.3790781295911593e-6,0.00024919956527359114,4.684992882442158e-6,0.0003037753695687244,2.8764604123387262e-6,7.329816573806631e-5,1.6741843318276055e-7,0.00035460731077762374,8.908843856974492e-7,0.00024919956527359114,8.525413246650727e-7,0.0003037753695687244,4.751197959885543e-7,7.329816573806631e-5
19380.0,3.395733144413475e-6,0.00035516302079736386,3.1257267425226293e-6,0.0002596740384431367,4.508519259703403e-6,0.0003059453673598939,2.8659346537002347e-6,7.437021254091764e-5,1.6890287312434259e-7,0.00035516302079736386,7.200138427970325e-7,0.0002596740384431367,6.467561179436768e-7,0.0003059453673598939,5.194215000498951e-7,7.437021254091764e-5
19440.0,3.256574501024538e-6,0.0003505557117145391,2.7867725117700623e-6,0.0002633468001904097,4.16217132483727e-6,0.0003049876751217819,2.898998617261431e-6,7.548778118023362e-5,1.6492508814021133e-7,0.0003505557117145391,5.985008802444751e-7,0.0002633468001904097,5.123196411135451e-7,0.0003049876751217819,5.445805625866458e-7,7.548778118023362e-5
19500.0,3.208327719185777e-6,0.0003447777365341695,2.616020011835816e-6,0.00026083029756720133,4.054006476452721e-6,0.0003026011224178594,2.8867595530828087e-6,7.569718919009995e-5,2.1024506684010807e-7,0.0003447777365341695,5.276154339765108e-7,0.00026083029756720133,4.068776025709873e-7,0.0003026011224178594,4.1731633616683275e-7,7.569718919009995e-5
19560.0,6.719989467373383e-6,0.0003331202922597096,3.859813591569524e-6,0.0002513472649498423,5.099586085115892e-6,0.00029693088668773055,3.204892687171953e-6,7.493529069757284e-5,1.977047442319859e-7,0.0003331202922597096,5.423220358339849e-7,0.0002513472649498423,5.579426259623687e-7,0.00029693088668773055,6.576358525354202e-7,7.493529069757284e-5
19620.0,4.379376567070756e-6,0.0003171490524540104,2.64979242919809e-6,0.000236336230033006,3.6531320512576824e-6,0.00028778360638698794,3.1062788643862917e-6,7.278519521640856e-5,1.5831117187654932e-7,0.0003171490524540104,5.154710126963837e-7,0.000236336230033006,5.083310800148327e-7,0.00028778360638698794,5.888822264440616e-7,7.278519521640856e-5
19680.0,3.4163434625900814e-6,0.00031621414167844566,2.157609059161642e-6,0.0002280082519148227,3.401935857968418e-6,0.0002886996966442755,3.1293980707360937e-6,7.159453630970966e-5,1.490993220922202e-7,0.00031621414167844566,4.985280079770487e-7,0.0002280082519148227,4.5307025158798754e-7,0.0002886996966442755,5.322467046216298e-7,7.159453630970966e-5
19740.0,3.3781406813286835e-6,0.00032345242298425115,2.1175773891095585e-6,0.00022651862572242395,3.4460876997988608e-6,0.0002914331048287717,3.146704371928962e-6,7.139633046887365e-5,1.570531122603185e-7,0.00032345242298425115,4.328676814528396e-7,0.00022651862572242395,3.91302462480887e-7,0.0002914331048287717,5.255790769847637e-7,7.139633046887365e-5
19800.0,3.30351478369558e-6,0.00032747747176112963,2.153402331426535e-6,0.0002263934247240414,3.2985392190598123e-6,0.0002940880583328628,3.2050630210602368e-6,7.133685193309789e-5,1.6269630719163932e-7,0.00032747747176112963,2.749150722252329e-7,0.0002263934247240414,2.0812773237132252e-7,0.0002940880583328628,5.69363566062691e-7,7.133685193309789e-5
19860.0,2.919048434787394e-6,0.00032550452515064303,2.2194483834953094e-6,0.0002250613869511208,2.7947748311510342e-6,0.0002952478750037375,3.2687722676597415e-6,7.113460593459941e-5,1.552129758778769e-7,0.00032550452515064303,3.6547805714159363e-7,0.0002250613869511208,4.210636225061698e-7,0.0002952478750037375,5.644572055862611e-7,7.113460593459941e-5
19920.0,2.7224532582742077e-6,0.0003142414669177972,2.146432093374276e-6,0.00021863998494862992,2.6658603546612796e-6,0.00029213930650790496,3.229549012846147e-6,7.002675717207284e-5,1.385897396159046e-7,0.0003142414669177972,3.485656947446994e-7,0.00021863998494862992,3.755982655089225e-7,0.00029213930650790496,5.204708340288934e-7,7.002675717207284e-5
19980.0,2.9441525343613e-6,0.0002944490423263655,2.1419630052347378e-6,0.00020664584508279447,2.803744582055409e-6,0.0002859716883481347,3.2987957286778053e-6,6.792591370733485e-5,1.381703143412576e-7,0.0002944490423263655,2.5487656699760343e-7,0.00020664584508279447,2.3011223788432606e-7,0.0002859716883481347,4.94752435611773e-7,6.792591370733485e-5
20040.0,2.8833466444432703e-6,0.00030253201405463896,2.1306722244776663e-6,0.00021592542851137667,2.6981880906546197e-6,0.000289723242393163,3.330936430546571e-6,6.867950893696398e-5,1.485034834462815e-7,0.00030253201405463896,2.2155839434919667e-7,0.00021592542851137667,1.6542583808554552e-7,0.000289723242393163,4.399747439479529e-7,6.867950893696398e-5
20100.0,2.3825867732285245e-6,0.00030011710859048483,1.930426378816177e-6,0.00021681807649127417,2.3961272878002613e-6,0.00028983550266050453,3.2888119781260773e-6,6.826993286719784e-5,1.3166068555970767e-7,0.00030011710859048483,2.3551615555866816e-7,0.00021681807649127417,2.6263607363725245e-7,0.00028983550266050453,4.5218955156319415e-7,6.826993286719784e-5
20160.0,2.4745725675111803e-6,0.00027332519700829774,1.957111271494847e-6,0.00020316241770972331,2.399322086551271e-6,0.00028031056837945784,3.30997856430826e-6,6.55845027814672e-5,1.2253680570539423e-7,0.00027332519700829774,2.1472071743443599e-7,0.00020316241770972331,1.8973107403734827e-7,0.00028031056837945784,4.1237959535605946e-7,6.55845027814672e-5
20220.0,1.986814085438771e-6,0.0002769629624647987,1.7309790582339375e-6,0.0002064312863863009,2.1316107594934355e-6,0.0002815184154737673,3.246411214144711e-6,6.596897125381968e-5,1.1146603869498903e-7,0.0002769629624647987,1.7636726180687713e-7,0.0002064312863863009,1.7089282873149903e-7,0.0002815184154737673,3.522850626361411e-7,6.596897125381968e-5
20280.0,1.7947853900934916e-6,0.0002509226972579597,1.611628810181138e-6,0.0001922502856497219,2.0671619054415067e-6,0.0002711244962713064,3.2424839363737067e-6,6.354570877991069e-5,9.24559305226378e-8,0.0002509226972579597,1.6386648498012504e-7,0.0001922502856497219,1.4464318720592766e-7,0.0002711244962713064,2.665188239835884e-7,6.354570877991069e-5
20340.0,1.3497750028207782e-6,0.00025045203738353677,1.429532884100761e-6,0.00019180349909796214,1.8265742787001042e-6,0.000269085882297229,3.1280180093473766e-6,6.372338232068848e-5,7.007303198462882e-8,0.00025045203738353677,1.7025108657967782e-7,0.00019180349909796214,1.5910867309281316e-7,0.000269085882297229,2.3481288381012343e-7,6.372338232068848e-5
20400.0,1.1147387639069891e-6,0.0002467438475031473,1.4018398449038803e-6,0.00018924140365777044,1.6581755926283441e-6,0.0002653663089948031,3.106592865498832e-6,6.411280534513623e-5,6.586499813292309e-8,0.0002467438475031473,1.3451747006109847e-7,0.00018924140365777044,1.2717059131208312e-7,0.0002653663089948031,1.9174121081494976e-7,6.411280534513623e-5
20460.0,9.77062667590451e-7,0.00024379676312091456,1.3670375415681091e-6,0.0001855286746084047,1.6142160851697708e-6,0.00026364267588743784,3.08752218339593e-6,6.432482256816109e-5,5.840547456933751e-8,0.00024379676312091456,1.1935538325792483e-7,0.0001855286746084047,1.0517924320333505e-7,0.00026364267588743784,1.37686245431927e-7,6.432482256816109e-5
20520.0,8.426063739113485e-7,0.0002450529791196102,1.3899895795250116e-6,0.00018543846697993227,1.5633183144919738e-6,0.00026354295322459406,3.052411387293982e-6,6.483128636356419e-5,5.11043514751694e-8,0.0002450529791196102,1.2299356567601846e-7,0.00018543846697993227,1.1648725042756038e-7,0.00026354295322459406,1.358938319220968e-7,6.483128636356419e-5
20580.0,7.049093456942639e-7,0.00024768528912674445,1.430136323605982e-6,0.00018383435037462064,1.5209974141902543e-6,0.00026413520890876835,3.0193994483486874e-6,6.508579396868053e-5,4.407382030140324e-8,0.00024768528912674445,1.226464194953138e-7,0.00018383435037462064,1.1907272259738451e-7,0.00026413520890876835,1.342758770171112e-7,6.508579396868053e-5
20640.0,5.957012961678343e-7,0.00024908477076588737,1.4528675172327696e-6,0.00018365101872883137,1.4779688399585667e-6,0.0002640439239477045,2.9868907839395906e-6,6.53173787862949e-5,3.74622304595427e-8,0.00024908477076588737,1.215005036880376e-7,0.00018365101872883137,1.2012547545167751e-7,0.0002640439239477045,1.2849166751455192e-7,6.53173787862949e-5
20700.0,5.042843072263972e-7,0.00025179246265504625,1.510915559362174e-6,0.0001832351864999388,1.4878302707072472e-6,0.00026570633096854586,2.959954379105052e-6,6.538125872012752e-5,3.570059287503828e-8,0.00025179246265504625,1.1985601917933308e-7,0.0001832351864999388,1.2628373576038922e-7,0.00026570633096854586,1.1759386242534003e-7,6.538125872012752e-5
20760.0,4.750473284020237e-7,0.00025976202277292056,1.7699957397604038e-6,0.00018694771289293872,1.719664987727952e-6,0.00027079318237157007,2.992625925165434e-6,6.59039552007882e-5,3.479735099331124e-8,0.00025976202277292056,1.3599399437807498e-7,0.00018694771289293872,1.4246583065220565e-7,0.00027079318237157007,1.1485377236790942e-7,6.59039552007882e-5
20820.0,5.531910124288096e-7,0.0002646064814083259,1.7711686614283168e-6,0.00018996169047558181,1.7056104560481454e-6,0.000272539024853389,2.9847177627186006e-6,6.622281280324787e-5,4.009694845394776e-8,0.0002646064814083259,1.222372401054416e-7,0.00018996169047558181,1.3124677055747097e-7,0.000272539024853389,1.0828935004810813e-7,6.622281280324787e-5
20880.0,6.099449060088817e-7,0.00026315611043321884,1.6958335903226956e-6,0.00018891553162655975,1.6106759057032233e-6,0.0002669248549763902,2.9805330916571302e-6,6.587365089548105e-5,3.9416751742003944e-8,0.00026315611043321884,1.1578426396682262e-7,0.00018891553162655975,1.2378366870063532e-7,0.0002669248549763902,1.0201640667890024e-7,6.587365089548105e-5
20940.0,6.443224102634265e-7,0.0002656579833639443,1.6507032855083613e-6,0.00018875577330109414,1.5777826452367415e-6,0.00026684596394377586,3.0172423588898816e-6,6.588034848251781e-5,3.868775837645522e-8,0.0002656579833639443,1.0942783902762335e-7,0.00018875577330109414,1.1551298420362876e-7,0.00026684596394377586,1.1036392235664383e-7,6.588034848251781e-5
21000.0,6.651320694415764e-7,0.0002674257477306689,1.6765206769499515e-6,0.0001897872754335245,1.565964830054913e-6,0.0002657712035620022,3.060101692792323e-6,6.594183943991265e-5,3.792370813374583e-8,0.0002674257477306689,1.0979874797378411e-7,0.0001897872754335245,1.1361119764335072e-7,0.0002657712035620022,1.1724631793923095e-7,6.594183943991265e-5
21060.0,6.962587638759907e-7,0.0002722861576405933,1.6917205626978316e-6,0.0001912755735434118,1.5749735793554541e-6,0.0002661818206496756,3.103726391329352e-6,6.60871143064086e-5,3.417395232126619e-8,0.0002722861576405933,1.0963440441379207e-7,0.0001912755735434118,1.1217941772535179e-7,0.0002661818206496756,1.2796355561882082e-7,6.60871143064086e-5
21120.0,8.197670112008117e-7,0.00027949358757717237,1.7866097981771584e-6,0.0001958616518360922,1.6634006379306e-6,0.00026729806483764406,3.306321876739508e-6,6.666747265162443e-5,3.38548975446289e-8,0.00027949358757717237,1.3021082232803962e-7,0.0001958616518360922,1.3239517269815108e-7,0.00026729806483764406,1.7659996418011436e-7,6.666747265162443e-5
21180.0,2.245774156049413e-6,0.0002890338444112026,2.7268168091812186e-6,0.00020045178297677205,2.245860115095433e-6,0.00026910571961153226,3.7886788273968546e-6,6.756050436524068e-5,1.1352552644502077e-7,0.0002890338444112026,1.7229289797769613e-7,0.00020045178297677205,1.6703752890584837e-7,0.00026910571961153226,2.295898684806012e-7,6.756050436524068e-5
21240.0,2.2972561897673206e-6,0.00029541999889571733,2.750747242500777e-6,0.0002040303782540956,2.2681107207649278e-6,0.0002691909685859249,3.7926088376637372e-6,6.831331574997689e-5,3.406432613965024e-8,0.00029541999889571733,1.3659129380133606e-7,0.0002040303782540956,1.3698720259458068e-7,0.0002691909685859249,2.412544470290478e-7,6.831331574997689e-5
21300.0,2.2933195564103925e-6,0.00030458075962068313,2.7880795662972148e-6,0.00020702106047459148,2.301539803173631e-6,0.0002709609542595172,3.8499128659241025e-6,6.911353800662486e-5,3.507563070299544e-8,0.00030458075962068313,1.451083764442548e-7,0.00020702106047459148,1.464804217883791e-7,0.0002709609542595172,2.615672760601692e-7,6.911353800662486e-5
21360.0,2.4475796577256238e-6,0.0003111196958498081,2.8972462955383507e-6,0.00020952942190749664,2.3652364860875813e-6,0.0002711716368114935,3.897385381056391e-6,6.982148994345841e-5,3.624067906041694e-8,0.0003111196958498081,1.4788571359928991e-7,0.00020952942190749664,1.4962643378493527e-7,0.0002711716368114935,2.695800071154901e-7,6.982148994345841e-5
21420.0,2.645754404663099e-6,0.00032106570695509477,3.0568403854673373e-6,0.00021138619756760132,2.4779405660897927e-6,0.00027273038130899984,3.946577317536358e-6,7.058571970350067e-5,3.83816108583848e-8,0.00032106570695509477,1.4969468917936693e-7,0.00021138619756760132,1.5211018987937224e-7,0.00027273038130899984,2.7020027517849866e-7,7.058571970350067e-5
21480.0,2.758349933017976e-6,0.00032619042193197056,3.150673473434074e-6,0.00021183449347810388,2.524634922631042e-6,0.00027260050480714196,3.980102193391643e-6,7.115442322027805e-5,4.14213523618202e-8,0.00032619042193197056,1.5297818827186266e-7,0.00021183449347810388,1.543706177464462e-7,0.00027260050480714196,2.6866369455851805e-7,7.115442322027805e-5
21540.0,2.702774404483749e-6,0.00033449216309335223,3.138404898106791e-6,0.0002116372419490065,2.525675714953811e-6,0.00027348799443615765,3.997084352076264e-6,7.16758279882048e-5,4.703612366849886e-8,0.00033449216309335223,1.545158993714659e-7,0.0002116372419490065,1.5537080231506525e-7,0.00027348799443615765,2.657245164117564e-7,7.16758279882048e-5
21600.0,2.3661497235721387e-6,0.00033977321838164906,2.9086869137699378e-6,0.00021243014387174007,2.3752651909734108e-6,0.00027313649832288523,4.013268778209895e-6,7.22772286463279e-5,3.751899698282831e-8,0.00033977321838164906,1.4306119982327515e-7,0.00021243014387174007,1.4727523217034052e-7,0.00027313649832288523,2.42057958063948e-7,7.22772286463279e-5
